district,date,hazard,any_flag,max_confidence,n_observations,n_triggered,message_en,message_ur,lat,lon
Abbottabad,20260828,cloud_burst,False,0.2,1,0,STUBBED: nearest available frame pair is 15 min apart (need <=20 min); this archive's cadence is too coarse to evaluate a genuine rate-of-change here. Detector logic is real and will fire once 15-min cadence MSG data is supplied.,ناکافی وقتی ریزولوشن -- 15 منٹ کے تسلسل والا ڈیٹا درکار ہے,34.1605847255359,73.19202830806569
Abbottabad,20260828,cold_wave,False,0.33,1,0,Mean clear-sky night skin temp 9.5 C -- above cold-wave threshold.,سردی کی لہر کی علامت نہیں,34.1605847255359,73.19202830806569
Abbottabad,20260828,dust_storm,False,0.5,8,0,No dust-storm signature detected.,دھول کے طوفان کی علامت نہیں,34.1605847255359,73.19202830806569
Abbottabad,20260828,fog,False,0.6,8,0,IR3.9-IR10.8 = -3.5 K -- outside the fog signature range.,دھند کی علامت نہیں,34.1605847255359,73.19202830806569
Abbottabad,20260828,frost,False,0.3,8,0,Not all three frost conditions met (no WRF wind data available).,پالے کی تمام شرائط پوری نہیں ہوئیں,34.1605847255359,73.19202830806569
Abbottabad,20260828,hail,False,0.0,8,0,Insufficient data (overshooting tops / glaciation ratio missing).,ناکافی ڈیٹا,34.1605847255359,73.19202830806569
Abbottabad,20260828,heat_wave,False,0.0,1,0,Not enough clear-sky multi-day skin-temperature data (0 of 0 available frames excluded as cloud-contaminated).,ناکافی صاف آسمان ڈیٹا,34.1605847255359,73.19202830806569
Abbottabad,20260828,heavy_rain,False,0.45,1,0,0/8 frames cold enough -- below persistence bar.,شدید بارش کی علامت نہیں,34.1605847255359,73.19202830806569
Abbottabad,20260828,residue_burning,False,0.5,8,0,Nighttime frame -- daytime fire hot-spot check not applicable.,رات کا وقت -- لاگو نہیں,34.1605847255359,73.19202830806569
Abbottabad,20260828,thunderstorm,False,0.6,8,0,No overshooting-top signature detected.,کوئی شدید کنویکشن کی علامت نہیں,34.1605847255359,73.19202830806569
Abbottabad,20260828,uv_index,False,0.5,8,0,Clear-sky/high-sun UV proxy conditions not met.,UV کی سطح زیادہ ہونے کی علامت نہیں,34.1605847255359,73.19202830806569
Astore,20260828,cloud_burst,False,0.0,1,0,STUBBED: no consecutive-frame pairs available at all for this location/period.,ڈیٹا دستیاب نہیں,35.28586115524103,74.83800669489396
Astore,20260828,cold_wave,False,0.0,1,0,Not enough clear-sky multi-day night skin-temperature data (0 of 0 available frames excluded as cloud-contaminated).,ناکافی صاف آسمان ڈیٹا,35.28586115524103,74.83800669489396
Astore,20260828,dust_storm,False,0.0,8,0,Dust-difference channels unavailable.,ڈیٹا دستیاب نہیں,35.28586115524103,74.83800669489396
Astore,20260828,fog,False,0.0,8,0,No IR3.9-IR10.8 data at this time/location.,ڈیٹا دستیاب نہیں,35.28586115524103,74.83800669489396
Astore,20260828,frost,False,0.0,8,0,MSG skin-temperature/cloud data unavailable.,ڈیٹا دستیاب نہیں,35.28586115524103,74.83800669489396
Astore,20260828,hail,False,0.0,8,0,Insufficient data (overshooting tops / glaciation ratio missing).,ناکافی ڈیٹا,35.28586115524103,74.83800669489396
Astore,20260828,heat_wave,False,0.0,1,0,Not enough clear-sky multi-day skin-temperature data (0 of 0 available frames excluded as cloud-contaminated).,ناکافی صاف آسمان ڈیٹا,35.28586115524103,74.83800669489396
Astore,20260828,heavy_rain,False,0.45,1,0,0/8 frames cold enough -- below persistence bar.,شدید بارش کی علامت نہیں,35.28586115524103,74.83800669489396
Astore,20260828,residue_burning,False,0.5,8,0,Nighttime frame -- daytime fire hot-spot check not applicable.,رات کا وقت -- لاگو نہیں,35.28586115524103,74.83800669489396
Astore,20260828,thunderstorm,False,0.0,8,0,No convection data at this time/location.,اس وقت/مقام کے لیے کنویکشن ڈیٹا دستیاب نہیں,35.28586115524103,74.83800669489396
Astore,20260828,uv_index,False,0.0,8,0,No MSG cloud data available.,ڈیٹا دستیاب نہیں,35.28586115524103,74.83800669489396
Attock,20260828,cloud_burst,False,0.2,1,0,STUBBED: nearest available frame pair is 15 min apart (need <=20 min); this archive's cadence is too coarse to evaluate a genuine rate-of-change here. Detector logic is real and will fire once 15-min cadence MSG data is supplied.,ناکافی وقتی ریزولوشن -- 15 منٹ کے تسلسل والا ڈیٹا درکار ہے,33.4813328137528,72.33571528950687
Attock,20260828,cold_wave,False,0.33,1,0,Mean clear-sky night skin temp 11.9 C -- above cold-wave threshold.,سردی کی لہر کی علامت نہیں,33.4813328137528,72.33571528950687
Attock,20260828,dust_storm,False,0.5,8,0,No dust-storm signature detected.,دھول کے طوفان کی علامت نہیں,33.4813328137528,72.33571528950687
Attock,20260828,fog,False,0.6,8,0,IR3.9-IR10.8 = -2.9 K -- outside the fog signature range.,دھند کی علامت نہیں,33.4813328137528,72.33571528950687
Attock,20260828,frost,False,0.3,8,0,Not all three frost conditions met (no WRF wind data available).,پالے کی تمام شرائط پوری نہیں ہوئیں,33.4813328137528,72.33571528950687
Attock,20260828,hail,False,0.0,8,0,Insufficient data (overshooting tops / glaciation ratio missing).,ناکافی ڈیٹا,33.4813328137528,72.33571528950687
Attock,20260828,heat_wave,False,0.0,1,0,Not enough clear-sky multi-day skin-temperature data (0 of 0 available frames excluded as cloud-contaminated).,ناکافی صاف آسمان ڈیٹا,33.4813328137528,72.33571528950687
Attock,20260828,heavy_rain,False,0.45,1,0,0/8 frames cold enough -- below persistence bar.,شدید بارش کی علامت نہیں,33.4813328137528,72.33571528950687
Attock,20260828,residue_burning,False,0.5,8,0,Nighttime frame -- daytime fire hot-spot check not applicable.,رات کا وقت -- لاگو نہیں,33.4813328137528,72.33571528950687
Attock,20260828,thunderstorm,False,0.6,8,0,No overshooting-top signature detected.,کوئی شدید کنویکشن کی علامت نہیں,33.4813328137528,72.33571528950687
Attock,20260828,uv_index,False,0.5,8,0,Clear-sky/high-sun UV proxy conditions not met.,UV کی سطح زیادہ ہونے کی علامت نہیں,33.4813328137528,72.33571528950687
Awaran,20260828,cloud_burst,False,0.2,1,0,STUBBED: nearest available frame pair is 15 min apart (need <=20 min); this archive's cadence is too coarse to evaluate a genuine rate-of-change here. Detector logic is real and will fire once 15-min cadence MSG data is supplied.,ناکافی وقتی ریزولوشن -- 15 منٹ کے تسلسل والا ڈیٹا درکار ہے,26.255203421584145,65.47340353192104
Awaran,20260828,cold_wave,False,0.33,1,0,Mean clear-sky night skin temp 21.0 C -- above cold-wave threshold.,سردی کی لہر کی علامت نہیں,26.255203421584145,65.47340353192104
Awaran,20260828,dust_storm,False,0.5,8,0,No dust-storm signature detected.,دھول کے طوفان کی علامت نہیں,26.255203421584145,65.47340353192104
Awaran,20260828,fog,False,0.6,8,0,IR3.9-IR10.8 = -2.9 K -- outside the fog signature range.,دھند کی علامت نہیں,26.255203421584145,65.47340353192104
Awaran,20260828,frost,False,0.3,8,0,Not all three frost conditions met (no WRF wind data available).,پالے کی تمام شرائط پوری نہیں ہوئیں,26.255203421584145,65.47340353192104
Awaran,20260828,hail,False,0.0,8,0,Insufficient data (overshooting tops / glaciation ratio missing).,ناکافی ڈیٹا,26.255203421584145,65.47340353192104
Awaran,20260828,heat_wave,False,0.0,1,0,Not enough clear-sky multi-day skin-temperature data (0 of 0 available frames excluded as cloud-contaminated).,ناکافی صاف آسمان ڈیٹا,26.255203421584145,65.47340353192104
Awaran,20260828,heavy_rain,False,0.45,1,0,0/8 frames cold enough -- below persistence bar.,شدید بارش کی علامت نہیں,26.255203421584145,65.47340353192104
Awaran,20260828,residue_burning,False,0.5,8,0,Nighttime frame -- daytime fire hot-spot check not applicable.,رات کا وقت -- لاگو نہیں,26.255203421584145,65.47340353192104
Awaran,20260828,thunderstorm,False,0.6,8,0,No overshooting-top signature detected.,کوئی شدید کنویکشن کی علامت نہیں,26.255203421584145,65.47340353192104
Awaran,20260828,uv_index,False,0.5,8,0,Clear-sky/high-sun UV proxy conditions not met.,UV کی سطح زیادہ ہونے کی علامت نہیں,26.255203421584145,65.47340353192104
Azad Kashmir,20260828,cloud_burst,False,0.0,1,0,STUBBED: no consecutive-frame pairs available at all for this location/period.,ڈیٹا دستیاب نہیں,34.146982309891136,74.09745165177677
Azad Kashmir,20260828,cold_wave,False,0.0,1,0,Not enough clear-sky multi-day night skin-temperature data (0 of 0 available frames excluded as cloud-contaminated).,ناکافی صاف آسمان ڈیٹا,34.146982309891136,74.09745165177677
Azad Kashmir,20260828,dust_storm,False,0.0,8,0,Dust-difference channels unavailable.,ڈیٹا دستیاب نہیں,34.146982309891136,74.09745165177677
Azad Kashmir,20260828,fog,False,0.0,8,0,No IR3.9-IR10.8 data at this time/location.,ڈیٹا دستیاب نہیں,34.146982309891136,74.09745165177677
Azad Kashmir,20260828,frost,False,0.0,8,0,MSG skin-temperature/cloud data unavailable.,ڈیٹا دستیاب نہیں,34.146982309891136,74.09745165177677
Azad Kashmir,20260828,hail,False,0.0,8,0,Insufficient data (overshooting tops / glaciation ratio missing).,ناکافی ڈیٹا,34.146982309891136,74.09745165177677
Azad Kashmir,20260828,heat_wave,False,0.0,1,0,Not enough clear-sky multi-day skin-temperature data (0 of 0 available frames excluded as cloud-contaminated).,ناکافی صاف آسمان ڈیٹا,34.146982309891136,74.09745165177677
Azad Kashmir,20260828,heavy_rain,False,0.45,1,0,0/8 frames cold enough -- below persistence bar.,شدید بارش کی علامت نہیں,34.146982309891136,74.09745165177677
Azad Kashmir,20260828,residue_burning,False,0.5,8,0,Nighttime frame -- daytime fire hot-spot check not applicable.,رات کا وقت -- لاگو نہیں,34.146982309891136,74.09745165177677
Azad Kashmir,20260828,thunderstorm,False,0.0,8,0,No convection data at this time/location.,اس وقت/مقام کے لیے کنویکشن ڈیٹا دستیاب نہیں,34.146982309891136,74.09745165177677
Azad Kashmir,20260828,uv_index,False,0.0,8,0,No MSG cloud data available.,ڈیٹا دستیاب نہیں,34.146982309891136,74.09745165177677
Badin,20260828,cloud_burst,False,0.2,1,0,STUBBED: nearest available frame pair is 15 min apart (need <=20 min); this archive's cadence is too coarse to evaluate a genuine rate-of-change here. Detector logic is real and will fire once 15-min cadence MSG data is supplied.,ناکافی وقتی ریزولوشن -- 15 منٹ کے تسلسل والا ڈیٹا درکار ہے,24.721969980491448,68.83381906213141
Badin,20260828,cold_wave,False,0.33,1,0,Mean clear-sky night skin temp 13.8 C -- above cold-wave threshold.,سردی کی لہر کی علامت نہیں,24.721969980491448,68.83381906213141
Badin,20260828,dust_storm,False,0.5,8,0,No dust-storm signature detected.,دھول کے طوفان کی علامت نہیں,24.721969980491448,68.83381906213141
Badin,20260828,fog,False,0.6,8,0,IR3.9-IR10.8 = -7.6 K -- outside the fog signature range.,دھند کی علامت نہیں,24.721969980491448,68.83381906213141
Badin,20260828,frost,False,0.3,8,0,Not all three frost conditions met (no WRF wind data available).,پالے کی تمام شرائط پوری نہیں ہوئیں,24.721969980491448,68.83381906213141
Badin,20260828,hail,False,0.0,8,0,Insufficient data (overshooting tops / glaciation ratio missing).,ناکافی ڈیٹا,24.721969980491448,68.83381906213141
Badin,20260828,heat_wave,False,0.0,1,0,Not enough clear-sky multi-day skin-temperature data (0 of 0 available frames excluded as cloud-contaminated).,ناکافی صاف آسمان ڈیٹا,24.721969980491448,68.83381906213141
Badin,20260828,heavy_rain,False,0.45,1,0,0/8 frames cold enough -- below persistence bar.,شدید بارش کی علامت نہیں,24.721969980491448,68.83381906213141
Badin,20260828,residue_burning,False,0.5,8,0,Nighttime frame -- daytime fire hot-spot check not applicable.,رات کا وقت -- لاگو نہیں,24.721969980491448,68.83381906213141
Badin,20260828,thunderstorm,False,0.6,8,0,No overshooting-top signature detected.,کوئی شدید کنویکشن کی علامت نہیں,24.721969980491448,68.83381906213141
Badin,20260828,uv_index,False,0.5,8,0,Clear-sky/high-sun UV proxy conditions not met.,UV کی سطح زیادہ ہونے کی علامت نہیں,24.721969980491448,68.83381906213141
Bahawalnagar,20260828,cloud_burst,False,0.2,1,0,STUBBED: nearest available frame pair is 15 min apart (need <=20 min); this archive's cadence is too coarse to evaluate a genuine rate-of-change here. Detector logic is real and will fire once 15-min cadence MSG data is supplied.,ناکافی وقتی ریزولوشن -- 15 منٹ کے تسلسل والا ڈیٹا درکار ہے,29.71385204590936,72.98734982630414
Bahawalnagar,20260828,cold_wave,False,0.33,1,0,Mean clear-sky night skin temp 10.1 C -- above cold-wave threshold.,سردی کی لہر کی علامت نہیں,29.71385204590936,72.98734982630414
Bahawalnagar,20260828,dust_storm,False,0.5,8,0,No dust-storm signature detected.,دھول کے طوفان کی علامت نہیں,29.71385204590936,72.98734982630414
Bahawalnagar,20260828,fog,False,0.6,8,0,IR3.9-IR10.8 = -3.9 K -- outside the fog signature range.,دھند کی علامت نہیں,29.71385204590936,72.98734982630414
Bahawalnagar,20260828,frost,False,0.3,8,0,Not all three frost conditions met (no WRF wind data available).,پالے کی تمام شرائط پوری نہیں ہوئیں,29.71385204590936,72.98734982630414
Bahawalnagar,20260828,hail,False,0.0,8,0,Insufficient data (overshooting tops / glaciation ratio missing).,ناکافی ڈیٹا,29.71385204590936,72.98734982630414
Bahawalnagar,20260828,heat_wave,False,0.0,1,0,Not enough clear-sky multi-day skin-temperature data (0 of 0 available frames excluded as cloud-contaminated).,ناکافی صاف آسمان ڈیٹا,29.71385204590936,72.98734982630414
Bahawalnagar,20260828,heavy_rain,False,0.45,1,0,0/8 frames cold enough -- below persistence bar.,شدید بارش کی علامت نہیں,29.71385204590936,72.98734982630414
Bahawalnagar,20260828,residue_burning,False,0.5,8,0,Nighttime frame -- daytime fire hot-spot check not applicable.,رات کا وقت -- لاگو نہیں,29.71385204590936,72.98734982630414
Bahawalnagar,20260828,thunderstorm,False,0.6,8,0,No overshooting-top signature detected.,کوئی شدید کنویکشن کی علامت نہیں,29.71385204590936,72.98734982630414
Bahawalnagar,20260828,uv_index,False,0.5,8,0,Clear-sky/high-sun UV proxy conditions not met.,UV کی سطح زیادہ ہونے کی علامت نہیں,29.71385204590936,72.98734982630414
Bahawalpur,20260828,cloud_burst,False,0.2,1,0,STUBBED: nearest available frame pair is 15 min apart (need <=20 min); this archive's cadence is too coarse to evaluate a genuine rate-of-change here. Detector logic is real and will fire once 15-min cadence MSG data is supplied.,ناکافی وقتی ریزولوشن -- 15 منٹ کے تسلسل والا ڈیٹا درکار ہے,29.15722905712583,71.83899955313666
Bahawalpur,20260828,cold_wave,False,0.33,1,0,Mean clear-sky night skin temp 13.0 C -- above cold-wave threshold.,سردی کی لہر کی علامت نہیں,29.15722905712583,71.83899955313666
Bahawalpur,20260828,dust_storm,False,0.5,8,0,No dust-storm signature detected.,دھول کے طوفان کی علامت نہیں,29.15722905712583,71.83899955313666
Bahawalpur,20260828,fog,False,0.6,8,0,IR3.9-IR10.8 = -2.6 K -- outside the fog signature range.,دھند کی علامت نہیں,29.15722905712583,71.83899955313666
Bahawalpur,20260828,frost,False,0.3,8,0,Not all three frost conditions met (no WRF wind data available).,پالے کی تمام شرائط پوری نہیں ہوئیں,29.15722905712583,71.83899955313666
Bahawalpur,20260828,hail,False,0.0,8,0,Insufficient data (overshooting tops / glaciation ratio missing).,ناکافی ڈیٹا,29.15722905712583,71.83899955313666
Bahawalpur,20260828,heat_wave,False,0.0,1,0,Not enough clear-sky multi-day skin-temperature data (0 of 0 available frames excluded as cloud-contaminated).,ناکافی صاف آسمان ڈیٹا,29.15722905712583,71.83899955313666
Bahawalpur,20260828,heavy_rain,False,0.45,1,0,0/8 frames cold enough -- below persistence bar.,شدید بارش کی علامت نہیں,29.15722905712583,71.83899955313666
Bahawalpur,20260828,residue_burning,False,0.5,8,0,Nighttime frame -- daytime fire hot-spot check not applicable.,رات کا وقت -- لاگو نہیں,29.15722905712583,71.83899955313666
Bahawalpur,20260828,thunderstorm,False,0.6,8,0,No overshooting-top signature detected.,کوئی شدید کنویکشن کی علامت نہیں,29.15722905712583,71.83899955313666
Bahawalpur,20260828,uv_index,False,0.5,8,0,Clear-sky/high-sun UV proxy conditions not met.,UV کی سطح زیادہ ہونے کی علامت نہیں,29.15722905712583,71.83899955313666
Bajaur,20260828,cloud_burst,False,0.2,1,0,STUBBED: nearest available frame pair is 15 min apart (need <=20 min); this archive's cadence is too coarse to evaluate a genuine rate-of-change here. Detector logic is real and will fire once 15-min cadence MSG data is supplied.,ناکافی وقتی ریزولوشن -- 15 منٹ کے تسلسل والا ڈیٹا درکار ہے,34.69535097783778,71.50247232158031
Bajaur,20260828,cold_wave,False,0.33,1,0,Mean clear-sky night skin temp 8.8 C -- above cold-wave threshold.,سردی کی لہر کی علامت نہیں,34.69535097783778,71.50247232158031
Bajaur,20260828,dust_storm,False,0.5,8,0,No dust-storm signature detected.,دھول کے طوفان کی علامت نہیں,34.69535097783778,71.50247232158031
Bajaur,20260828,fog,False,0.6,8,0,IR3.9-IR10.8 = -2.6 K -- outside the fog signature range.,دھند کی علامت نہیں,34.69535097783778,71.50247232158031
Bajaur,20260828,frost,False,0.3,8,0,Not all three frost conditions met (no WRF wind data available).,پالے کی تمام شرائط پوری نہیں ہوئیں,34.69535097783778,71.50247232158031
Bajaur,20260828,hail,False,0.0,8,0,Insufficient data (overshooting tops / glaciation ratio missing).,ناکافی ڈیٹا,34.69535097783778,71.50247232158031
Bajaur,20260828,heat_wave,False,0.0,1,0,Not enough clear-sky multi-day skin-temperature data (0 of 0 available frames excluded as cloud-contaminated).,ناکافی صاف آسمان ڈیٹا,34.69535097783778,71.50247232158031
Bajaur,20260828,heavy_rain,False,0.45,1,0,0/8 frames cold enough -- below persistence bar.,شدید بارش کی علامت نہیں,34.69535097783778,71.50247232158031
Bajaur,20260828,residue_burning,False,0.5,8,0,Nighttime frame -- daytime fire hot-spot check not applicable.,رات کا وقت -- لاگو نہیں,34.69535097783778,71.50247232158031
Bajaur,20260828,thunderstorm,False,0.6,8,0,No overshooting-top signature detected.,کوئی شدید کنویکشن کی علامت نہیں,34.69535097783778,71.50247232158031
Bajaur,20260828,uv_index,False,0.5,8,0,Clear-sky/high-sun UV proxy conditions not met.,UV کی سطح زیادہ ہونے کی علامت نہیں,34.69535097783778,71.50247232158031
Bannu,20260828,cloud_burst,False,0.2,1,0,STUBBED: nearest available frame pair is 15 min apart (need <=20 min); this archive's cadence is too coarse to evaluate a genuine rate-of-change here. Detector logic is real and will fire once 15-min cadence MSG data is supplied.,ناکافی وقتی ریزولوشن -- 15 منٹ کے تسلسل والا ڈیٹا درکار ہے,32.80469584713567,70.62129594655778
Bannu,20260828,cold_wave,False,0.33,1,0,Mean clear-sky night skin temp 9.4 C -- above cold-wave threshold.,سردی کی لہر کی علامت نہیں,32.80469584713567,70.62129594655778
Bannu,20260828,dust_storm,False,0.5,8,0,No dust-storm signature detected.,دھول کے طوفان کی علامت نہیں,32.80469584713567,70.62129594655778
Bannu,20260828,fog,True,0.75,8,1,Small positive IR3.9-IR10.8 difference (1.5 K) over a spatially coherent low-lying area -- classic radiative/advective fog signature. Visibility/ceiling below landing minima. Favourable-for-disease dew conditions; delay spraying until fog clears.,دھند کا امکان (IR3.9-IR10.8 = 1.5 K)۔ رن وے کی مرئیت کم ہو سکتی ہے,32.80469584713567,70.62129594655778
Bannu,20260828,frost,False,0.3,8,0,Not all three frost conditions met (no WRF wind data available).,پالے کی تمام شرائط پوری نہیں ہوئیں,32.80469584713567,70.62129594655778
Bannu,20260828,hail,False,0.0,8,0,Insufficient data (overshooting tops / glaciation ratio missing).,ناکافی ڈیٹا,32.80469584713567,70.62129594655778
Bannu,20260828,heat_wave,False,0.0,1,0,Not enough clear-sky multi-day skin-temperature data (0 of 0 available frames excluded as cloud-contaminated).,ناکافی صاف آسمان ڈیٹا,32.80469584713567,70.62129594655778
Bannu,20260828,heavy_rain,False,0.45,1,0,0/8 frames cold enough -- below persistence bar.,شدید بارش کی علامت نہیں,32.80469584713567,70.62129594655778
Bannu,20260828,residue_burning,False,0.5,8,0,Nighttime frame -- daytime fire hot-spot check not applicable.,رات کا وقت -- لاگو نہیں,32.80469584713567,70.62129594655778
Bannu,20260828,thunderstorm,False,0.6,8,0,No overshooting-top signature detected.,کوئی شدید کنویکشن کی علامت نہیں,32.80469584713567,70.62129594655778
Bannu,20260828,uv_index,False,0.5,8,0,Clear-sky/high-sun UV proxy conditions not met.,UV کی سطح زیادہ ہونے کی علامت نہیں,32.80469584713567,70.62129594655778
Barkhan,20260828,cloud_burst,False,0.2,1,0,STUBBED: nearest available frame pair is 15 min apart (need <=20 min); this archive's cadence is too coarse to evaluate a genuine rate-of-change here. Detector logic is real and will fire once 15-min cadence MSG data is supplied.,ناکافی وقتی ریزولوشن -- 15 منٹ کے تسلسل والا ڈیٹا درکار ہے,29.878322635269203,69.54557969336798
Barkhan,20260828,cold_wave,False,0.33,1,0,Mean clear-sky night skin temp 15.4 C -- above cold-wave threshold.,سردی کی لہر کی علامت نہیں,29.878322635269203,69.54557969336798
Barkhan,20260828,dust_storm,False,0.5,8,0,No dust-storm signature detected.,دھول کے طوفان کی علامت نہیں,29.878322635269203,69.54557969336798
Barkhan,20260828,fog,False,0.6,8,0,IR3.9-IR10.8 = -2.0 K -- outside the fog signature range.,دھند کی علامت نہیں,29.878322635269203,69.54557969336798
Barkhan,20260828,frost,False,0.3,8,0,Not all three frost conditions met (no WRF wind data available).,پالے کی تمام شرائط پوری نہیں ہوئیں,29.878322635269203,69.54557969336798
Barkhan,20260828,hail,False,0.0,8,0,Insufficient data (overshooting tops / glaciation ratio missing).,ناکافی ڈیٹا,29.878322635269203,69.54557969336798
Barkhan,20260828,heat_wave,False,0.0,1,0,Not enough clear-sky multi-day skin-temperature data (0 of 0 available frames excluded as cloud-contaminated).,ناکافی صاف آسمان ڈیٹا,29.878322635269203,69.54557969336798
Barkhan,20260828,heavy_rain,False,0.45,1,0,0/8 frames cold enough -- below persistence bar.,شدید بارش کی علامت نہیں,29.878322635269203,69.54557969336798
Barkhan,20260828,residue_burning,False,0.5,8,0,Nighttime frame -- daytime fire hot-spot check not applicable.,رات کا وقت -- لاگو نہیں,29.878322635269203,69.54557969336798
Barkhan,20260828,thunderstorm,False,0.6,8,0,No overshooting-top signature detected.,کوئی شدید کنویکشن کی علامت نہیں,29.878322635269203,69.54557969336798
Barkhan,20260828,uv_index,False,0.5,8,0,Clear-sky/high-sun UV proxy conditions not met.,UV کی سطح زیادہ ہونے کی علامت نہیں,29.878322635269203,69.54557969336798
Battagram,20260828,cloud_burst,False,0.2,1,0,STUBBED: nearest available frame pair is 15 min apart (need <=20 min); this archive's cadence is too coarse to evaluate a genuine rate-of-change here. Detector logic is real and will fire once 15-min cadence MSG data is supplied.,ناکافی وقتی ریزولوشن -- 15 منٹ کے تسلسل والا ڈیٹا درکار ہے,34.78436694594193,73.10999976000136
Battagram,20260828,cold_wave,False,0.33,1,0,Mean clear-sky night skin temp 7.8 C -- above cold-wave threshold.,سردی کی لہر کی علامت نہیں,34.78436694594193,73.10999976000136
Battagram,20260828,dust_storm,False,0.5,8,0,No dust-storm signature detected.,دھول کے طوفان کی علامت نہیں,34.78436694594193,73.10999976000136
Battagram,20260828,fog,False,0.6,8,0,IR3.9-IR10.8 = -4.0 K -- outside the fog signature range.,دھند کی علامت نہیں,34.78436694594193,73.10999976000136
Battagram,20260828,frost,False,0.3,8,0,Not all three frost conditions met (no WRF wind data available).,پالے کی تمام شرائط پوری نہیں ہوئیں,34.78436694594193,73.10999976000136
Battagram,20260828,hail,False,0.0,8,0,Insufficient data (overshooting tops / glaciation ratio missing).,ناکافی ڈیٹا,34.78436694594193,73.10999976000136
Battagram,20260828,heat_wave,False,0.0,1,0,Not enough clear-sky multi-day skin-temperature data (0 of 0 available frames excluded as cloud-contaminated).,ناکافی صاف آسمان ڈیٹا,34.78436694594193,73.10999976000136
Battagram,20260828,heavy_rain,False,0.45,1,0,0/8 frames cold enough -- below persistence bar.,شدید بارش کی علامت نہیں,34.78436694594193,73.10999976000136
Battagram,20260828,residue_burning,False,0.5,8,0,Nighttime frame -- daytime fire hot-spot check not applicable.,رات کا وقت -- لاگو نہیں,34.78436694594193,73.10999976000136
Battagram,20260828,thunderstorm,False,0.6,8,0,No overshooting-top signature detected.,کوئی شدید کنویکشن کی علامت نہیں,34.78436694594193,73.10999976000136
Battagram,20260828,uv_index,False,0.5,8,0,Clear-sky/high-sun UV proxy conditions not met.,UV کی سطح زیادہ ہونے کی علامت نہیں,34.78436694594193,73.10999976000136
Bhakkar,20260828,cloud_burst,False,0.2,1,0,STUBBED: nearest available frame pair is 15 min apart (need <=20 min); this archive's cadence is too coarse to evaluate a genuine rate-of-change here. Detector logic is real and will fire once 15-min cadence MSG data is supplied.,ناکافی وقتی ریزولوشن -- 15 منٹ کے تسلسل والا ڈیٹا درکار ہے,31.580208782076056,71.45658387044473
Bhakkar,20260828,cold_wave,False,0.33,1,0,Mean clear-sky night skin temp 14.5 C -- above cold-wave threshold.,سردی کی لہر کی علامت نہیں,31.580208782076056,71.45658387044473
Bhakkar,20260828,dust_storm,False,0.5,8,0,No dust-storm signature detected.,دھول کے طوفان کی علامت نہیں,31.580208782076056,71.45658387044473
Bhakkar,20260828,fog,False,0.6,8,0,IR3.9-IR10.8 = -4.2 K -- outside the fog signature range.,دھند کی علامت نہیں,31.580208782076056,71.45658387044473
Bhakkar,20260828,frost,False,0.3,8,0,Not all three frost conditions met (no WRF wind data available).,پالے کی تمام شرائط پوری نہیں ہوئیں,31.580208782076056,71.45658387044473
Bhakkar,20260828,hail,False,0.55,8,0,No hail-supporting glaciation signature detected.,اولوں کی کوئی علامت نہیں,31.580208782076056,71.45658387044473
Bhakkar,20260828,heat_wave,False,0.0,1,0,Not enough clear-sky multi-day skin-temperature data (0 of 0 available frames excluded as cloud-contaminated).,ناکافی صاف آسمان ڈیٹا,31.580208782076056,71.45658387044473
Bhakkar,20260828,heavy_rain,False,0.45,1,0,0/8 frames cold enough -- below persistence bar.,شدید بارش کی علامت نہیں,31.580208782076056,71.45658387044473
Bhakkar,20260828,residue_burning,False,0.5,8,0,Nighttime frame -- daytime fire hot-spot check not applicable.,رات کا وقت -- لاگو نہیں,31.580208782076056,71.45658387044473
Bhakkar,20260828,thunderstorm,False,0.6,8,0,No overshooting-top signature detected.,کوئی شدید کنویکشن کی علامت نہیں,31.580208782076056,71.45658387044473
Bhakkar,20260828,uv_index,False,0.5,8,0,Clear-sky/high-sun UV proxy conditions not met.,UV کی سطح زیادہ ہونے کی علامت نہیں,31.580208782076056,71.45658387044473
Buner,20260828,cloud_burst,False,0.2,1,0,STUBBED: nearest available frame pair is 15 min apart (need <=20 min); this archive's cadence is too coarse to evaluate a genuine rate-of-change here. Detector logic is real and will fire once 15-min cadence MSG data is supplied.,ناکافی وقتی ریزولوشن -- 15 منٹ کے تسلسل والا ڈیٹا درکار ہے,34.45091928795438,72.4883443099026
Buner,20260828,cold_wave,False,0.33,1,0,Mean clear-sky night skin temp 9.6 C -- above cold-wave threshold.,سردی کی لہر کی علامت نہیں,34.45091928795438,72.4883443099026
Buner,20260828,dust_storm,False,0.5,8,0,No dust-storm signature detected.,دھول کے طوفان کی علامت نہیں,34.45091928795438,72.4883443099026
Buner,20260828,fog,False,0.6,8,0,IR3.9-IR10.8 = -2.5 K -- outside the fog signature range.,دھند کی علامت نہیں,34.45091928795438,72.4883443099026
Buner,20260828,frost,False,0.3,8,0,Not all three frost conditions met (no WRF wind data available).,پالے کی تمام شرائط پوری نہیں ہوئیں,34.45091928795438,72.4883443099026
Buner,20260828,hail,False,0.0,8,0,Insufficient data (overshooting tops / glaciation ratio missing).,ناکافی ڈیٹا,34.45091928795438,72.4883443099026
Buner,20260828,heat_wave,False,0.0,1,0,Not enough clear-sky multi-day skin-temperature data (0 of 0 available frames excluded as cloud-contaminated).,ناکافی صاف آسمان ڈیٹا,34.45091928795438,72.4883443099026
Buner,20260828,heavy_rain,False,0.45,1,0,0/8 frames cold enough -- below persistence bar.,شدید بارش کی علامت نہیں,34.45091928795438,72.4883443099026
Buner,20260828,residue_burning,False,0.5,8,0,Nighttime frame -- daytime fire hot-spot check not applicable.,رات کا وقت -- لاگو نہیں,34.45091928795438,72.4883443099026
Buner,20260828,thunderstorm,False,0.6,8,0,No overshooting-top signature detected.,کوئی شدید کنویکشن کی علامت نہیں,34.45091928795438,72.4883443099026
Buner,20260828,uv_index,False,0.5,8,0,Clear-sky/high-sun UV proxy conditions not met.,UV کی سطح زیادہ ہونے کی علامت نہیں,34.45091928795438,72.4883443099026
Chagai,20260828,cloud_burst,False,0.2,1,0,STUBBED: nearest available frame pair is 15 min apart (need <=20 min); this archive's cadence is too coarse to evaluate a genuine rate-of-change here. Detector logic is real and will fire once 15-min cadence MSG data is supplied.,ناکافی وقتی ریزولوشن -- 15 منٹ کے تسلسل والا ڈیٹا درکار ہے,28.87739069025333,63.74029386634663
Chagai,20260828,cold_wave,False,0.33,1,0,Mean clear-sky night skin temp 21.8 C -- above cold-wave threshold.,سردی کی لہر کی علامت نہیں,28.87739069025333,63.74029386634663
Chagai,20260828,dust_storm,False,0.5,8,0,No dust-storm signature detected.,دھول کے طوفان کی علامت نہیں,28.87739069025333,63.74029386634663
Chagai,20260828,fog,False,0.6,8,0,IR3.9-IR10.8 = -4.2 K -- outside the fog signature range.,دھند کی علامت نہیں,28.87739069025333,63.74029386634663
Chagai,20260828,frost,False,0.3,8,0,Not all three frost conditions met (no WRF wind data available).,پالے کی تمام شرائط پوری نہیں ہوئیں,28.87739069025333,63.74029386634663
Chagai,20260828,hail,False,0.0,8,0,Insufficient data (overshooting tops / glaciation ratio missing).,ناکافی ڈیٹا,28.87739069025333,63.74029386634663
Chagai,20260828,heat_wave,False,0.0,1,0,Not enough clear-sky multi-day skin-temperature data (0 of 0 available frames excluded as cloud-contaminated).,ناکافی صاف آسمان ڈیٹا,28.87739069025333,63.74029386634663
Chagai,20260828,heavy_rain,False,0.45,1,0,0/8 frames cold enough -- below persistence bar.,شدید بارش کی علامت نہیں,28.87739069025333,63.74029386634663
Chagai,20260828,residue_burning,False,0.5,8,0,Nighttime frame -- daytime fire hot-spot check not applicable.,رات کا وقت -- لاگو نہیں,28.87739069025333,63.74029386634663
Chagai,20260828,thunderstorm,False,0.6,8,0,No overshooting-top signature detected.,کوئی شدید کنویکشن کی علامت نہیں,28.87739069025333,63.74029386634663
Chagai,20260828,uv_index,False,0.5,8,0,Clear-sky/high-sun UV proxy conditions not met.,UV کی سطح زیادہ ہونے کی علامت نہیں,28.87739069025333,63.74029386634663
Chakwal,20260828,cloud_burst,False,0.2,1,0,STUBBED: nearest available frame pair is 15 min apart (need <=20 min); this archive's cadence is too coarse to evaluate a genuine rate-of-change here. Detector logic is real and will fire once 15-min cadence MSG data is supplied.,ناکافی وقتی ریزولوشن -- 15 منٹ کے تسلسل والا ڈیٹا درکار ہے,32.81478333618123,72.47731221100592
Chakwal,20260828,cold_wave,False,0.33,1,0,Mean clear-sky night skin temp 12.5 C -- above cold-wave threshold.,سردی کی لہر کی علامت نہیں,32.81478333618123,72.47731221100592
Chakwal,20260828,dust_storm,False,0.5,8,0,No dust-storm signature detected.,دھول کے طوفان کی علامت نہیں,32.81478333618123,72.47731221100592
Chakwal,20260828,fog,False,0.6,8,0,IR3.9-IR10.8 = -3.9 K -- outside the fog signature range.,دھند کی علامت نہیں,32.81478333618123,72.47731221100592
Chakwal,20260828,frost,False,0.3,8,0,Not all three frost conditions met (no WRF wind data available).,پالے کی تمام شرائط پوری نہیں ہوئیں,32.81478333618123,72.47731221100592
Chakwal,20260828,hail,False,0.0,8,0,Insufficient data (overshooting tops / glaciation ratio missing).,ناکافی ڈیٹا,32.81478333618123,72.47731221100592
Chakwal,20260828,heat_wave,False,0.0,1,0,Not enough clear-sky multi-day skin-temperature data (0 of 0 available frames excluded as cloud-contaminated).,ناکافی صاف آسمان ڈیٹا,32.81478333618123,72.47731221100592
Chakwal,20260828,heavy_rain,False,0.45,1,0,0/8 frames cold enough -- below persistence bar.,شدید بارش کی علامت نہیں,32.81478333618123,72.47731221100592
Chakwal,20260828,residue_burning,False,0.5,8,0,Nighttime frame -- daytime fire hot-spot check not applicable.,رات کا وقت -- لاگو نہیں,32.81478333618123,72.47731221100592
Chakwal,20260828,thunderstorm,False,0.6,8,0,No overshooting-top signature detected.,کوئی شدید کنویکشن کی علامت نہیں,32.81478333618123,72.47731221100592
Chakwal,20260828,uv_index,False,0.5,8,0,Clear-sky/high-sun UV proxy conditions not met.,UV کی سطح زیادہ ہونے کی علامت نہیں,32.81478333618123,72.47731221100592
Charsadda,20260828,cloud_burst,False,0.2,1,0,STUBBED: nearest available frame pair is 15 min apart (need <=20 min); this archive's cadence is too coarse to evaluate a genuine rate-of-change here. Detector logic is real and will fire once 15-min cadence MSG data is supplied.,ناکافی وقتی ریزولوشن -- 15 منٹ کے تسلسل والا ڈیٹا درکار ہے,34.19233482303397,71.70912216994965
Charsadda,20260828,cold_wave,False,0.33,1,0,Mean clear-sky night skin temp 11.6 C -- above cold-wave threshold.,سردی کی لہر کی علامت نہیں,34.19233482303397,71.70912216994965
Charsadda,20260828,dust_storm,False,0.5,8,0,No dust-storm signature detected.,دھول کے طوفان کی علامت نہیں,34.19233482303397,71.70912216994965
Charsadda,20260828,fog,False,0.6,8,0,IR3.9-IR10.8 = -4.0 K -- outside the fog signature range.,دھند کی علامت نہیں,34.19233482303397,71.70912216994965
Charsadda,20260828,frost,False,0.3,8,0,Not all three frost conditions met (no WRF wind data available).,پالے کی تمام شرائط پوری نہیں ہوئیں,34.19233482303397,71.70912216994965
Charsadda,20260828,hail,False,0.0,8,0,Insufficient data (overshooting tops / glaciation ratio missing).,ناکافی ڈیٹا,34.19233482303397,71.70912216994965
Charsadda,20260828,heat_wave,False,0.0,1,0,Not enough clear-sky multi-day skin-temperature data (0 of 0 available frames excluded as cloud-contaminated).,ناکافی صاف آسمان ڈیٹا,34.19233482303397,71.70912216994965
Charsadda,20260828,heavy_rain,False,0.45,1,0,0/8 frames cold enough -- below persistence bar.,شدید بارش کی علامت نہیں,34.19233482303397,71.70912216994965
Charsadda,20260828,residue_burning,False,0.5,8,0,Nighttime frame -- daytime fire hot-spot check not applicable.,رات کا وقت -- لاگو نہیں,34.19233482303397,71.70912216994965
Charsadda,20260828,thunderstorm,False,0.6,8,0,No overshooting-top signature detected.,کوئی شدید کنویکشن کی علامت نہیں,34.19233482303397,71.70912216994965
Charsadda,20260828,uv_index,False,0.5,8,0,Clear-sky/high-sun UV proxy conditions not met.,UV کی سطح زیادہ ہونے کی علامت نہیں,34.19233482303397,71.70912216994965
Chitral,20260828,cloud_burst,False,0.2,1,0,STUBBED: nearest available frame pair is 15 min apart (need <=20 min); this archive's cadence is too coarse to evaluate a genuine rate-of-change here. Detector logic is real and will fire once 15-min cadence MSG data is supplied.,ناکافی وقتی ریزولوشن -- 15 منٹ کے تسلسل والا ڈیٹا درکار ہے,36.118821869290485,72.42661125111606
Chitral,20260828,cold_wave,False,0.33,1,0,Mean clear-sky night skin temp 2.7 C -- above cold-wave threshold.,سردی کی لہر کی علامت نہیں,36.118821869290485,72.42661125111606
Chitral,20260828,dust_storm,False,0.5,8,0,No dust-storm signature detected.,دھول کے طوفان کی علامت نہیں,36.118821869290485,72.42661125111606
Chitral,20260828,fog,False,0.6,8,0,IR3.9-IR10.8 = -3.0 K -- outside the fog signature range.,دھند کی علامت نہیں,36.118821869290485,72.42661125111606
Chitral,20260828,frost,False,0.3,8,0,Not all three frost conditions met (no WRF wind data available).,پالے کی تمام شرائط پوری نہیں ہوئیں,36.118821869290485,72.42661125111606
Chitral,20260828,hail,False,0.0,8,0,Insufficient data (overshooting tops / glaciation ratio missing).,ناکافی ڈیٹا,36.118821869290485,72.42661125111606
Chitral,20260828,heat_wave,False,0.0,1,0,Not enough clear-sky multi-day skin-temperature data (0 of 0 available frames excluded as cloud-contaminated).,ناکافی صاف آسمان ڈیٹا,36.118821869290485,72.42661125111606
Chitral,20260828,heavy_rain,False,0.45,1,0,0/8 frames cold enough -- below persistence bar.,شدید بارش کی علامت نہیں,36.118821869290485,72.42661125111606
Chitral,20260828,residue_burning,False,0.5,8,0,Nighttime frame -- daytime fire hot-spot check not applicable.,رات کا وقت -- لاگو نہیں,36.118821869290485,72.42661125111606
Chitral,20260828,thunderstorm,False,0.6,8,0,No overshooting-top signature detected.,کوئی شدید کنویکشن کی علامت نہیں,36.118821869290485,72.42661125111606
Chitral,20260828,uv_index,False,0.5,8,0,Clear-sky/high-sun UV proxy conditions not met.,UV کی سطح زیادہ ہونے کی علامت نہیں,36.118821869290485,72.42661125111606
Dadu,20260828,cloud_burst,False,0.2,1,0,STUBBED: nearest available frame pair is 15 min apart (need <=20 min); this archive's cadence is too coarse to evaluate a genuine rate-of-change here. Detector logic is real and will fire once 15-min cadence MSG data is supplied.,ناکافی وقتی ریزولوشن -- 15 منٹ کے تسلسل والا ڈیٹا درکار ہے,26.759217238863204,67.64464122249369
Dadu,20260828,cold_wave,False,0.33,1,0,Mean clear-sky night skin temp 18.7 C -- above cold-wave threshold.,سردی کی لہر کی علامت نہیں,26.759217238863204,67.64464122249369
Dadu,20260828,dust_storm,False,0.5,8,0,No dust-storm signature detected.,دھول کے طوفان کی علامت نہیں,26.759217238863204,67.64464122249369
Dadu,20260828,fog,False,0.6,8,0,IR3.9-IR10.8 = -2.1 K -- outside the fog signature range.,دھند کی علامت نہیں,26.759217238863204,67.64464122249369
Dadu,20260828,frost,False,0.3,8,0,Not all three frost conditions met (no WRF wind data available).,پالے کی تمام شرائط پوری نہیں ہوئیں,26.759217238863204,67.64464122249369
Dadu,20260828,hail,False,0.0,8,0,Insufficient data (overshooting tops / glaciation ratio missing).,ناکافی ڈیٹا,26.759217238863204,67.64464122249369
Dadu,20260828,heat_wave,False,0.0,1,0,Not enough clear-sky multi-day skin-temperature data (0 of 0 available frames excluded as cloud-contaminated).,ناکافی صاف آسمان ڈیٹا,26.759217238863204,67.64464122249369
Dadu,20260828,heavy_rain,False,0.45,1,0,0/8 frames cold enough -- below persistence bar.,شدید بارش کی علامت نہیں,26.759217238863204,67.64464122249369
Dadu,20260828,residue_burning,False,0.5,8,0,Nighttime frame -- daytime fire hot-spot check not applicable.,رات کا وقت -- لاگو نہیں,26.759217238863204,67.64464122249369
Dadu,20260828,thunderstorm,False,0.6,8,0,No overshooting-top signature detected.,کوئی شدید کنویکشن کی علامت نہیں,26.759217238863204,67.64464122249369
Dadu,20260828,uv_index,False,0.5,8,0,Clear-sky/high-sun UV proxy conditions not met.,UV کی سطح زیادہ ہونے کی علامت نہیں,26.759217238863204,67.64464122249369
Dera Bugti,20260828,cloud_burst,False,0.2,1,0,STUBBED: nearest available frame pair is 15 min apart (need <=20 min); this archive's cadence is too coarse to evaluate a genuine rate-of-change here. Detector logic is real and will fire once 15-min cadence MSG data is supplied.,ناکافی وقتی ریزولوشن -- 15 منٹ کے تسلسل والا ڈیٹا درکار ہے,28.97707671343281,69.12499679264064
Dera Bugti,20260828,cold_wave,False,0.33,1,0,Mean clear-sky night skin temp 18.7 C -- above cold-wave threshold.,سردی کی لہر کی علامت نہیں,28.97707671343281,69.12499679264064
Dera Bugti,20260828,dust_storm,False,0.5,8,0,No dust-storm signature detected.,دھول کے طوفان کی علامت نہیں,28.97707671343281,69.12499679264064
Dera Bugti,20260828,fog,False,0.6,8,0,IR3.9-IR10.8 = -4.3 K -- outside the fog signature range.,دھند کی علامت نہیں,28.97707671343281,69.12499679264064
Dera Bugti,20260828,frost,False,0.3,8,0,Not all three frost conditions met (no WRF wind data available).,پالے کی تمام شرائط پوری نہیں ہوئیں,28.97707671343281,69.12499679264064
Dera Bugti,20260828,hail,False,0.55,8,0,No hail-supporting glaciation signature detected.,اولوں کی کوئی علامت نہیں,28.97707671343281,69.12499679264064
Dera Bugti,20260828,heat_wave,False,0.0,1,0,Not enough clear-sky multi-day skin-temperature data (0 of 0 available frames excluded as cloud-contaminated).,ناکافی صاف آسمان ڈیٹا,28.97707671343281,69.12499679264064
Dera Bugti,20260828,heavy_rain,False,0.45,1,0,0/8 frames cold enough -- below persistence bar.,شدید بارش کی علامت نہیں,28.97707671343281,69.12499679264064
Dera Bugti,20260828,residue_burning,False,0.5,8,0,Nighttime frame -- daytime fire hot-spot check not applicable.,رات کا وقت -- لاگو نہیں,28.97707671343281,69.12499679264064
Dera Bugti,20260828,thunderstorm,False,0.6,8,0,No overshooting-top signature detected.,کوئی شدید کنویکشن کی علامت نہیں,28.97707671343281,69.12499679264064
Dera Bugti,20260828,uv_index,False,0.5,8,0,Clear-sky/high-sun UV proxy conditions not met.,UV کی سطح زیادہ ہونے کی علامت نہیں,28.97707671343281,69.12499679264064
Dera Ghazi Khan,20260828,cloud_burst,False,0.2,1,0,STUBBED: nearest available frame pair is 15 min apart (need <=20 min); this archive's cadence is too coarse to evaluate a genuine rate-of-change here. Detector logic is real and will fire once 15-min cadence MSG data is supplied.,ناکافی وقتی ریزولوشن -- 15 منٹ کے تسلسل والا ڈیٹا درکار ہے,29.737037213746095,70.15720188888301
Dera Ghazi Khan,20260828,cold_wave,False,0.33,1,0,Mean clear-sky night skin temp 14.5 C -- above cold-wave threshold.,سردی کی لہر کی علامت نہیں,29.737037213746095,70.15720188888301
Dera Ghazi Khan,20260828,dust_storm,False,0.5,8,0,No dust-storm signature detected.,دھول کے طوفان کی علامت نہیں,29.737037213746095,70.15720188888301
Dera Ghazi Khan,20260828,fog,False,0.6,8,0,IR3.9-IR10.8 = -0.8 K -- outside the fog signature range.,دھند کی علامت نہیں,29.737037213746095,70.15720188888301
Dera Ghazi Khan,20260828,frost,False,0.3,8,0,Not all three frost conditions met (no WRF wind data available).,پالے کی تمام شرائط پوری نہیں ہوئیں,29.737037213746095,70.15720188888301
Dera Ghazi Khan,20260828,hail,False,0.0,8,0,Insufficient data (overshooting tops / glaciation ratio missing).,ناکافی ڈیٹا,29.737037213746095,70.15720188888301
Dera Ghazi Khan,20260828,heat_wave,False,0.0,1,0,Not enough clear-sky multi-day skin-temperature data (0 of 0 available frames excluded as cloud-contaminated).,ناکافی صاف آسمان ڈیٹا,29.737037213746095,70.15720188888301
Dera Ghazi Khan,20260828,heavy_rain,False,0.45,1,0,0/8 frames cold enough -- below persistence bar.,شدید بارش کی علامت نہیں,29.737037213746095,70.15720188888301
Dera Ghazi Khan,20260828,residue_burning,False,0.5,8,0,Nighttime frame -- daytime fire hot-spot check not applicable.,رات کا وقت -- لاگو نہیں,29.737037213746095,70.15720188888301
Dera Ghazi Khan,20260828,thunderstorm,False,0.6,8,0,No overshooting-top signature detected.,کوئی شدید کنویکشن کی علامت نہیں,29.737037213746095,70.15720188888301
Dera Ghazi Khan,20260828,uv_index,False,0.5,8,0,Clear-sky/high-sun UV proxy conditions not met.,UV کی سطح زیادہ ہونے کی علامت نہیں,29.737037213746095,70.15720188888301
Dera Ismail Khan,20260828,cloud_burst,False,0.2,1,0,STUBBED: nearest available frame pair is 15 min apart (need <=20 min); this archive's cadence is too coarse to evaluate a genuine rate-of-change here. Detector logic is real and will fire once 15-min cadence MSG data is supplied.,ناکافی وقتی ریزولوشن -- 15 منٹ کے تسلسل والا ڈیٹا درکار ہے,31.85139122217311,70.74179274934062
Dera Ismail Khan,20260828,cold_wave,False,0.33,1,0,Mean clear-sky night skin temp 13.4 C -- above cold-wave threshold.,سردی کی لہر کی علامت نہیں,31.85139122217311,70.74179274934062
Dera Ismail Khan,20260828,dust_storm,False,0.5,8,0,No dust-storm signature detected.,دھول کے طوفان کی علامت نہیں,31.85139122217311,70.74179274934062
Dera Ismail Khan,20260828,fog,False,0.6,8,0,IR3.9-IR10.8 = -2.8 K -- outside the fog signature range.,دھند کی علامت نہیں,31.85139122217311,70.74179274934062
Dera Ismail Khan,20260828,frost,False,0.3,8,0,Not all three frost conditions met (no WRF wind data available).,پالے کی تمام شرائط پوری نہیں ہوئیں,31.85139122217311,70.74179274934062
Dera Ismail Khan,20260828,hail,False,0.0,8,0,Insufficient data (overshooting tops / glaciation ratio missing).,ناکافی ڈیٹا,31.85139122217311,70.74179274934062
Dera Ismail Khan,20260828,heat_wave,False,0.0,1,0,Not enough clear-sky multi-day skin-temperature data (0 of 0 available frames excluded as cloud-contaminated).,ناکافی صاف آسمان ڈیٹا,31.85139122217311,70.74179274934062
Dera Ismail Khan,20260828,heavy_rain,False,0.45,1,0,0/8 frames cold enough -- below persistence bar.,شدید بارش کی علامت نہیں,31.85139122217311,70.74179274934062
Dera Ismail Khan,20260828,residue_burning,False,0.5,8,0,Nighttime frame -- daytime fire hot-spot check not applicable.,رات کا وقت -- لاگو نہیں,31.85139122217311,70.74179274934062
Dera Ismail Khan,20260828,thunderstorm,False,0.6,8,0,No overshooting-top signature detected.,کوئی شدید کنویکشن کی علامت نہیں,31.85139122217311,70.74179274934062
Dera Ismail Khan,20260828,uv_index,False,0.5,8,0,Clear-sky/high-sun UV proxy conditions not met.,UV کی سطح زیادہ ہونے کی علامت نہیں,31.85139122217311,70.74179274934062
Diamer,20260828,cloud_burst,False,0.0,1,0,STUBBED: no consecutive-frame pairs available at all for this location/period.,ڈیٹا دستیاب نہیں,35.53967336512634,73.96122305922232
Diamer,20260828,cold_wave,False,0.0,1,0,Not enough clear-sky multi-day night skin-temperature data (0 of 0 available frames excluded as cloud-contaminated).,ناکافی صاف آسمان ڈیٹا,35.53967336512634,73.96122305922232
Diamer,20260828,dust_storm,False,0.0,8,0,Dust-difference channels unavailable.,ڈیٹا دستیاب نہیں,35.53967336512634,73.96122305922232
Diamer,20260828,fog,False,0.0,8,0,No IR3.9-IR10.8 data at this time/location.,ڈیٹا دستیاب نہیں,35.53967336512634,73.96122305922232
Diamer,20260828,frost,False,0.0,8,0,MSG skin-temperature/cloud data unavailable.,ڈیٹا دستیاب نہیں,35.53967336512634,73.96122305922232
Diamer,20260828,hail,False,0.0,8,0,Insufficient data (overshooting tops / glaciation ratio missing).,ناکافی ڈیٹا,35.53967336512634,73.96122305922232
Diamer,20260828,heat_wave,False,0.0,1,0,Not enough clear-sky multi-day skin-temperature data (0 of 0 available frames excluded as cloud-contaminated).,ناکافی صاف آسمان ڈیٹا,35.53967336512634,73.96122305922232
Diamer,20260828,heavy_rain,False,0.45,1,0,0/8 frames cold enough -- below persistence bar.,شدید بارش کی علامت نہیں,35.53967336512634,73.96122305922232
Diamer,20260828,residue_burning,False,0.5,8,0,Nighttime frame -- daytime fire hot-spot check not applicable.,رات کا وقت -- لاگو نہیں,35.53967336512634,73.96122305922232
Diamer,20260828,thunderstorm,False,0.0,8,0,No convection data at this time/location.,اس وقت/مقام کے لیے کنویکشن ڈیٹا دستیاب نہیں,35.53967336512634,73.96122305922232
Diamer,20260828,uv_index,False,0.0,8,0,No MSG cloud data available.,ڈیٹا دستیاب نہیں,35.53967336512634,73.96122305922232
Faisalabad,20260828,cloud_burst,False,0.2,1,0,STUBBED: nearest available frame pair is 15 min apart (need <=20 min); this archive's cadence is too coarse to evaluate a genuine rate-of-change here. Detector logic is real and will fire once 15-min cadence MSG data is supplied.,ناکافی وقتی ریزولوشن -- 15 منٹ کے تسلسل والا ڈیٹا درکار ہے,31.199605971371717,73.09325166145219
Faisalabad,20260828,cold_wave,False,0.33,1,0,Mean clear-sky night skin temp 11.5 C -- above cold-wave threshold.,سردی کی لہر کی علامت نہیں,31.199605971371717,73.09325166145219
Faisalabad,20260828,dust_storm,False,0.5,8,0,No dust-storm signature detected.,دھول کے طوفان کی علامت نہیں,31.199605971371717,73.09325166145219
Faisalabad,20260828,fog,False,0.6,8,0,IR3.9-IR10.8 = -3.5 K -- outside the fog signature range.,دھند کی علامت نہیں,31.199605971371717,73.09325166145219
Faisalabad,20260828,frost,False,0.3,8,0,Not all three frost conditions met (no WRF wind data available).,پالے کی تمام شرائط پوری نہیں ہوئیں,31.199605971371717,73.09325166145219
Faisalabad,20260828,hail,False,0.55,8,0,No hail-supporting glaciation signature detected.,اولوں کی کوئی علامت نہیں,31.199605971371717,73.09325166145219
Faisalabad,20260828,heat_wave,False,0.0,1,0,Not enough clear-sky multi-day skin-temperature data (0 of 0 available frames excluded as cloud-contaminated).,ناکافی صاف آسمان ڈیٹا,31.199605971371717,73.09325166145219
Faisalabad,20260828,heavy_rain,False,0.45,1,0,0/8 frames cold enough -- below persistence bar.,شدید بارش کی علامت نہیں,31.199605971371717,73.09325166145219
Faisalabad,20260828,residue_burning,False,0.5,8,0,Nighttime frame -- daytime fire hot-spot check not applicable.,رات کا وقت -- لاگو نہیں,31.199605971371717,73.09325166145219
Faisalabad,20260828,thunderstorm,False,0.6,8,0,No overshooting-top signature detected.,کوئی شدید کنویکشن کی علامت نہیں,31.199605971371717,73.09325166145219
Faisalabad,20260828,uv_index,False,0.5,8,0,Clear-sky/high-sun UV proxy conditions not met.,UV کی سطح زیادہ ہونے کی علامت نہیں,31.199605971371717,73.09325166145219
Ghanche,20260828,cloud_burst,False,0.0,1,0,STUBBED: no consecutive-frame pairs available at all for this location/period.,ڈیٹا دستیاب نہیں,35.35765703157181,76.691813488483
Ghanche,20260828,cold_wave,False,0.0,1,0,Not enough clear-sky multi-day night skin-temperature data (0 of 0 available frames excluded as cloud-contaminated).,ناکافی صاف آسمان ڈیٹا,35.35765703157181,76.691813488483
Ghanche,20260828,dust_storm,False,0.0,8,0,Dust-difference channels unavailable.,ڈیٹا دستیاب نہیں,35.35765703157181,76.691813488483
Ghanche,20260828,fog,False,0.0,8,0,No IR3.9-IR10.8 data at this time/location.,ڈیٹا دستیاب نہیں,35.35765703157181,76.691813488483
Ghanche,20260828,frost,False,0.0,8,0,MSG skin-temperature/cloud data unavailable.,ڈیٹا دستیاب نہیں,35.35765703157181,76.691813488483
Ghanche,20260828,hail,False,0.0,8,0,Insufficient data (overshooting tops / glaciation ratio missing).,ناکافی ڈیٹا,35.35765703157181,76.691813488483
Ghanche,20260828,heat_wave,False,0.0,1,0,Not enough clear-sky multi-day skin-temperature data (0 of 0 available frames excluded as cloud-contaminated).,ناکافی صاف آسمان ڈیٹا,35.35765703157181,76.691813488483
Ghanche,20260828,heavy_rain,False,0.45,1,0,0/8 frames cold enough -- below persistence bar.,شدید بارش کی علامت نہیں,35.35765703157181,76.691813488483
Ghanche,20260828,residue_burning,False,0.5,8,0,Nighttime frame -- daytime fire hot-spot check not applicable.,رات کا وقت -- لاگو نہیں,35.35765703157181,76.691813488483
Ghanche,20260828,thunderstorm,False,0.0,8,0,No convection data at this time/location.,اس وقت/مقام کے لیے کنویکشن ڈیٹا دستیاب نہیں,35.35765703157181,76.691813488483
Ghanche,20260828,uv_index,False,0.0,8,0,No MSG cloud data available.,ڈیٹا دستیاب نہیں,35.35765703157181,76.691813488483
Ghizer,20260828,cloud_burst,False,0.0,1,0,STUBBED: no consecutive-frame pairs available at all for this location/period.,ڈیٹا دستیاب نہیں,36.28886977451918,73.4984210341955
Ghizer,20260828,cold_wave,False,0.0,1,0,Not enough clear-sky multi-day night skin-temperature data (0 of 0 available frames excluded as cloud-contaminated).,ناکافی صاف آسمان ڈیٹا,36.28886977451918,73.4984210341955
Ghizer,20260828,dust_storm,False,0.0,8,0,Dust-difference channels unavailable.,ڈیٹا دستیاب نہیں,36.28886977451918,73.4984210341955
Ghizer,20260828,fog,False,0.0,8,0,No IR3.9-IR10.8 data at this time/location.,ڈیٹا دستیاب نہیں,36.28886977451918,73.4984210341955
Ghizer,20260828,frost,False,0.0,8,0,MSG skin-temperature/cloud data unavailable.,ڈیٹا دستیاب نہیں,36.28886977451918,73.4984210341955
Ghizer,20260828,hail,False,0.0,8,0,Insufficient data (overshooting tops / glaciation ratio missing).,ناکافی ڈیٹا,36.28886977451918,73.4984210341955
Ghizer,20260828,heat_wave,False,0.0,1,0,Not enough clear-sky multi-day skin-temperature data (0 of 0 available frames excluded as cloud-contaminated).,ناکافی صاف آسمان ڈیٹا,36.28886977451918,73.4984210341955
Ghizer,20260828,heavy_rain,False,0.45,1,0,0/8 frames cold enough -- below persistence bar.,شدید بارش کی علامت نہیں,36.28886977451918,73.4984210341955
Ghizer,20260828,residue_burning,False,0.5,8,0,Nighttime frame -- daytime fire hot-spot check not applicable.,رات کا وقت -- لاگو نہیں,36.28886977451918,73.4984210341955
Ghizer,20260828,thunderstorm,False,0.0,8,0,No convection data at this time/location.,اس وقت/مقام کے لیے کنویکشن ڈیٹا دستیاب نہیں,36.28886977451918,73.4984210341955
Ghizer,20260828,uv_index,False,0.0,8,0,No MSG cloud data available.,ڈیٹا دستیاب نہیں,36.28886977451918,73.4984210341955
Ghotki,20260828,cloud_burst,False,0.2,1,0,STUBBED: nearest available frame pair is 15 min apart (need <=20 min); this archive's cadence is too coarse to evaluate a genuine rate-of-change here. Detector logic is real and will fire once 15-min cadence MSG data is supplied.,ناکافی وقتی ریزولوشن -- 15 منٹ کے تسلسل والا ڈیٹا درکار ہے,27.843898461033294,69.530602382916
Ghotki,20260828,cold_wave,False,0.33,1,0,Mean clear-sky night skin temp 19.6 C -- above cold-wave threshold.,سردی کی لہر کی علامت نہیں,27.843898461033294,69.530602382916
Ghotki,20260828,dust_storm,False,0.5,8,0,No dust-storm signature detected.,دھول کے طوفان کی علامت نہیں,27.843898461033294,69.530602382916
Ghotki,20260828,fog,False,0.6,8,0,IR3.9-IR10.8 = -4.7 K -- outside the fog signature range.,دھند کی علامت نہیں,27.843898461033294,69.530602382916
Ghotki,20260828,frost,False,0.3,8,0,Not all three frost conditions met (no WRF wind data available).,پالے کی تمام شرائط پوری نہیں ہوئیں,27.843898461033294,69.530602382916
Ghotki,20260828,hail,False,0.0,8,0,Insufficient data (overshooting tops / glaciation ratio missing).,ناکافی ڈیٹا,27.843898461033294,69.530602382916
Ghotki,20260828,heat_wave,False,0.0,1,0,Not enough clear-sky multi-day skin-temperature data (0 of 0 available frames excluded as cloud-contaminated).,ناکافی صاف آسمان ڈیٹا,27.843898461033294,69.530602382916
Ghotki,20260828,heavy_rain,False,0.45,1,0,0/8 frames cold enough -- below persistence bar.,شدید بارش کی علامت نہیں,27.843898461033294,69.530602382916
Ghotki,20260828,residue_burning,False,0.5,8,0,Nighttime frame -- daytime fire hot-spot check not applicable.,رات کا وقت -- لاگو نہیں,27.843898461033294,69.530602382916
Ghotki,20260828,thunderstorm,False,0.6,8,0,No overshooting-top signature detected.,کوئی شدید کنویکشن کی علامت نہیں,27.843898461033294,69.530602382916
Ghotki,20260828,uv_index,False,0.5,8,0,Clear-sky/high-sun UV proxy conditions not met.,UV کی سطح زیادہ ہونے کی علامت نہیں,27.843898461033294,69.530602382916
Gilgit,20260828,cloud_burst,False,0.0,1,0,STUBBED: no consecutive-frame pairs available at all for this location/period.,ڈیٹا دستیاب نہیں,35.960771983544426,74.39969877371695
Gilgit,20260828,cold_wave,False,0.0,1,0,Not enough clear-sky multi-day night skin-temperature data (0 of 0 available frames excluded as cloud-contaminated).,ناکافی صاف آسمان ڈیٹا,35.960771983544426,74.39969877371695
Gilgit,20260828,dust_storm,False,0.0,8,0,Dust-difference channels unavailable.,ڈیٹا دستیاب نہیں,35.960771983544426,74.39969877371695
Gilgit,20260828,fog,False,0.0,8,0,No IR3.9-IR10.8 data at this time/location.,ڈیٹا دستیاب نہیں,35.960771983544426,74.39969877371695
Gilgit,20260828,frost,False,0.0,8,0,MSG skin-temperature/cloud data unavailable.,ڈیٹا دستیاب نہیں,35.960771983544426,74.39969877371695
Gilgit,20260828,hail,False,0.0,8,0,Insufficient data (overshooting tops / glaciation ratio missing).,ناکافی ڈیٹا,35.960771983544426,74.39969877371695
Gilgit,20260828,heat_wave,False,0.0,1,0,Not enough clear-sky multi-day skin-temperature data (0 of 0 available frames excluded as cloud-contaminated).,ناکافی صاف آسمان ڈیٹا,35.960771983544426,74.39969877371695
Gilgit,20260828,heavy_rain,False,0.45,1,0,0/8 frames cold enough -- below persistence bar.,شدید بارش کی علامت نہیں,35.960771983544426,74.39969877371695
Gilgit,20260828,residue_burning,False,0.5,8,0,Nighttime frame -- daytime fire hot-spot check not applicable.,رات کا وقت -- لاگو نہیں,35.960771983544426,74.39969877371695
Gilgit,20260828,thunderstorm,False,0.0,8,0,No convection data at this time/location.,اس وقت/مقام کے لیے کنویکشن ڈیٹا دستیاب نہیں,35.960771983544426,74.39969877371695
Gilgit,20260828,uv_index,False,0.0,8,0,No MSG cloud data available.,ڈیٹا دستیاب نہیں,35.960771983544426,74.39969877371695
Gujranwala,20260828,cloud_burst,False,0.0,1,0,STUBBED: no consecutive-frame pairs available at all for this location/period.,ڈیٹا دستیاب نہیں,32.15422178347083,74.12874209292401
Gujranwala,20260828,cold_wave,False,0.0,1,0,Not enough clear-sky multi-day night skin-temperature data (0 of 0 available frames excluded as cloud-contaminated).,ناکافی صاف آسمان ڈیٹا,32.15422178347083,74.12874209292401
Gujranwala,20260828,dust_storm,False,0.0,8,0,Dust-difference channels unavailable.,ڈیٹا دستیاب نہیں,32.15422178347083,74.12874209292401
Gujranwala,20260828,fog,False,0.0,8,0,No IR3.9-IR10.8 data at this time/location.,ڈیٹا دستیاب نہیں,32.15422178347083,74.12874209292401
Gujranwala,20260828,frost,False,0.0,8,0,MSG skin-temperature/cloud data unavailable.,ڈیٹا دستیاب نہیں,32.15422178347083,74.12874209292401
Gujranwala,20260828,hail,False,0.0,8,0,Insufficient data (overshooting tops / glaciation ratio missing).,ناکافی ڈیٹا,32.15422178347083,74.12874209292401
Gujranwala,20260828,heat_wave,False,0.0,1,0,Not enough clear-sky multi-day skin-temperature data (0 of 0 available frames excluded as cloud-contaminated).,ناکافی صاف آسمان ڈیٹا,32.15422178347083,74.12874209292401
Gujranwala,20260828,heavy_rain,False,0.45,1,0,0/8 frames cold enough -- below persistence bar.,شدید بارش کی علامت نہیں,32.15422178347083,74.12874209292401
Gujranwala,20260828,residue_burning,False,0.5,8,0,Nighttime frame -- daytime fire hot-spot check not applicable.,رات کا وقت -- لاگو نہیں,32.15422178347083,74.12874209292401
Gujranwala,20260828,thunderstorm,False,0.0,8,0,No convection data at this time/location.,اس وقت/مقام کے لیے کنویکشن ڈیٹا دستیاب نہیں,32.15422178347083,74.12874209292401
Gujranwala,20260828,uv_index,False,0.0,8,0,No MSG cloud data available.,ڈیٹا دستیاب نہیں,32.15422178347083,74.12874209292401
Gujrat,20260828,cloud_burst,False,0.0,1,0,STUBBED: no consecutive-frame pairs available at all for this location/period.,ڈیٹا دستیاب نہیں,32.66736271097359,73.92893613842821
Gujrat,20260828,cold_wave,False,0.0,1,0,Not enough clear-sky multi-day night skin-temperature data (0 of 0 available frames excluded as cloud-contaminated).,ناکافی صاف آسمان ڈیٹا,32.66736271097359,73.92893613842821
Gujrat,20260828,dust_storm,False,0.0,8,0,Dust-difference channels unavailable.,ڈیٹا دستیاب نہیں,32.66736271097359,73.92893613842821
Gujrat,20260828,fog,False,0.0,8,0,No IR3.9-IR10.8 data at this time/location.,ڈیٹا دستیاب نہیں,32.66736271097359,73.92893613842821
Gujrat,20260828,frost,False,0.0,8,0,MSG skin-temperature/cloud data unavailable.,ڈیٹا دستیاب نہیں,32.66736271097359,73.92893613842821
Gujrat,20260828,hail,False,0.0,8,0,Insufficient data (overshooting tops / glaciation ratio missing).,ناکافی ڈیٹا,32.66736271097359,73.92893613842821
Gujrat,20260828,heat_wave,False,0.0,1,0,Not enough clear-sky multi-day skin-temperature data (0 of 0 available frames excluded as cloud-contaminated).,ناکافی صاف آسمان ڈیٹا,32.66736271097359,73.92893613842821
Gujrat,20260828,heavy_rain,False,0.45,1,0,0/8 frames cold enough -- below persistence bar.,شدید بارش کی علامت نہیں,32.66736271097359,73.92893613842821
Gujrat,20260828,residue_burning,False,0.5,8,0,Nighttime frame -- daytime fire hot-spot check not applicable.,رات کا وقت -- لاگو نہیں,32.66736271097359,73.92893613842821
Gujrat,20260828,thunderstorm,False,0.0,8,0,No convection data at this time/location.,اس وقت/مقام کے لیے کنویکشن ڈیٹا دستیاب نہیں,32.66736271097359,73.92893613842821
Gujrat,20260828,uv_index,False,0.0,8,0,No MSG cloud data available.,ڈیٹا دستیاب نہیں,32.66736271097359,73.92893613842821
Gwadar,20260828,cloud_burst,False,0.2,1,0,STUBBED: nearest available frame pair is 15 min apart (need <=20 min); this archive's cadence is too coarse to evaluate a genuine rate-of-change here. Detector logic is real and will fire once 15-min cadence MSG data is supplied.,ناکافی وقتی ریزولوشن -- 15 منٹ کے تسلسل والا ڈیٹا درکار ہے,25.403053323845104,63.26325114763529
Gwadar,20260828,cold_wave,False,0.33,1,0,Mean clear-sky night skin temp 20.5 C -- above cold-wave threshold.,سردی کی لہر کی علامت نہیں,25.403053323845104,63.26325114763529
Gwadar,20260828,dust_storm,False,0.5,8,0,No dust-storm signature detected.,دھول کے طوفان کی علامت نہیں,25.403053323845104,63.26325114763529
Gwadar,20260828,fog,False,0.6,8,0,IR3.9-IR10.8 = -6.0 K -- outside the fog signature range.,دھند کی علامت نہیں,25.403053323845104,63.26325114763529
Gwadar,20260828,frost,False,0.3,8,0,Not all three frost conditions met (no WRF wind data available).,پالے کی تمام شرائط پوری نہیں ہوئیں,25.403053323845104,63.26325114763529
Gwadar,20260828,hail,False,0.0,8,0,Insufficient data (overshooting tops / glaciation ratio missing).,ناکافی ڈیٹا,25.403053323845104,63.26325114763529
Gwadar,20260828,heat_wave,False,0.0,1,0,Not enough clear-sky multi-day skin-temperature data (0 of 0 available frames excluded as cloud-contaminated).,ناکافی صاف آسمان ڈیٹا,25.403053323845104,63.26325114763529
Gwadar,20260828,heavy_rain,False,0.45,1,0,0/8 frames cold enough -- below persistence bar.,شدید بارش کی علامت نہیں,25.403053323845104,63.26325114763529
Gwadar,20260828,residue_burning,False,0.5,8,0,Nighttime frame -- daytime fire hot-spot check not applicable.,رات کا وقت -- لاگو نہیں,25.403053323845104,63.26325114763529
Gwadar,20260828,thunderstorm,False,0.6,8,0,No overshooting-top signature detected.,کوئی شدید کنویکشن کی علامت نہیں,25.403053323845104,63.26325114763529
Gwadar,20260828,uv_index,False,0.5,8,0,Clear-sky/high-sun UV proxy conditions not met.,UV کی سطح زیادہ ہونے کی علامت نہیں,25.403053323845104,63.26325114763529
Hafizabad,20260828,cloud_burst,False,0.2,1,0,STUBBED: nearest available frame pair is 15 min apart (need <=20 min); this archive's cadence is too coarse to evaluate a genuine rate-of-change here. Detector logic is real and will fire once 15-min cadence MSG data is supplied.,ناکافی وقتی ریزولوشن -- 15 منٹ کے تسلسل والا ڈیٹا درکار ہے,31.985829168595675,73.4554526384932
Hafizabad,20260828,cold_wave,False,0.33,1,0,Mean clear-sky night skin temp 11.4 C -- above cold-wave threshold.,سردی کی لہر کی علامت نہیں,31.985829168595675,73.4554526384932
Hafizabad,20260828,dust_storm,False,0.5,8,0,No dust-storm signature detected.,دھول کے طوفان کی علامت نہیں,31.985829168595675,73.4554526384932
Hafizabad,20260828,fog,False,0.6,8,0,IR3.9-IR10.8 = -4.1 K -- outside the fog signature range.,دھند کی علامت نہیں,31.985829168595675,73.4554526384932
Hafizabad,20260828,frost,False,0.3,8,0,Not all three frost conditions met (no WRF wind data available).,پالے کی تمام شرائط پوری نہیں ہوئیں,31.985829168595675,73.4554526384932
Hafizabad,20260828,hail,False,0.0,8,0,Insufficient data (overshooting tops / glaciation ratio missing).,ناکافی ڈیٹا,31.985829168595675,73.4554526384932
Hafizabad,20260828,heat_wave,False,0.0,1,0,Not enough clear-sky multi-day skin-temperature data (0 of 0 available frames excluded as cloud-contaminated).,ناکافی صاف آسمان ڈیٹا,31.985829168595675,73.4554526384932
Hafizabad,20260828,heavy_rain,False,0.45,1,0,0/8 frames cold enough -- below persistence bar.,شدید بارش کی علامت نہیں,31.985829168595675,73.4554526384932
Hafizabad,20260828,residue_burning,False,0.5,8,0,Nighttime frame -- daytime fire hot-spot check not applicable.,رات کا وقت -- لاگو نہیں,31.985829168595675,73.4554526384932
Hafizabad,20260828,thunderstorm,False,0.6,8,0,No overshooting-top signature detected.,کوئی شدید کنویکشن کی علامت نہیں,31.985829168595675,73.4554526384932
Hafizabad,20260828,uv_index,False,0.5,8,0,Clear-sky/high-sun UV proxy conditions not met.,UV کی سطح زیادہ ہونے کی علامت نہیں,31.985829168595675,73.4554526384932
Hangu,20260828,cloud_burst,False,0.2,1,0,STUBBED: nearest available frame pair is 15 min apart (need <=20 min); this archive's cadence is too coarse to evaluate a genuine rate-of-change here. Detector logic is real and will fire once 15-min cadence MSG data is supplied.,ناکافی وقتی ریزولوشن -- 15 منٹ کے تسلسل والا ڈیٹا درکار ہے,33.35624555284625,70.85190696653112
Hangu,20260828,cold_wave,False,0.33,1,0,Mean clear-sky night skin temp 9.1 C -- above cold-wave threshold.,سردی کی لہر کی علامت نہیں,33.35624555284625,70.85190696653112
Hangu,20260828,dust_storm,False,0.5,8,0,No dust-storm signature detected.,دھول کے طوفان کی علامت نہیں,33.35624555284625,70.85190696653112
Hangu,20260828,fog,True,0.75,8,3,Small positive IR3.9-IR10.8 difference (1.3 K) over a spatially coherent low-lying area -- classic radiative/advective fog signature. Visibility/ceiling below landing minima. Favourable-for-disease dew conditions; delay spraying until fog clears.,دھند کا امکان (IR3.9-IR10.8 = 1.3 K)۔ رن وے کی مرئیت کم ہو سکتی ہے,33.35624555284625,70.85190696653112
Hangu,20260828,frost,False,0.3,8,0,Not all three frost conditions met (no WRF wind data available).,پالے کی تمام شرائط پوری نہیں ہوئیں,33.35624555284625,70.85190696653112
Hangu,20260828,hail,False,0.0,8,0,Insufficient data (overshooting tops / glaciation ratio missing).,ناکافی ڈیٹا,33.35624555284625,70.85190696653112
Hangu,20260828,heat_wave,False,0.0,1,0,Not enough clear-sky multi-day skin-temperature data (0 of 0 available frames excluded as cloud-contaminated).,ناکافی صاف آسمان ڈیٹا,33.35624555284625,70.85190696653112
Hangu,20260828,heavy_rain,False,0.45,1,0,0/8 frames cold enough -- below persistence bar.,شدید بارش کی علامت نہیں,33.35624555284625,70.85190696653112
Hangu,20260828,residue_burning,False,0.5,8,0,Nighttime frame -- daytime fire hot-spot check not applicable.,رات کا وقت -- لاگو نہیں,33.35624555284625,70.85190696653112
Hangu,20260828,thunderstorm,False,0.6,8,0,No overshooting-top signature detected.,کوئی شدید کنویکشن کی علامت نہیں,33.35624555284625,70.85190696653112
Hangu,20260828,uv_index,False,0.5,8,0,Clear-sky/high-sun UV proxy conditions not met.,UV کی سطح زیادہ ہونے کی علامت نہیں,33.35624555284625,70.85190696653112
Haripur,20260828,cloud_burst,False,0.2,1,0,STUBBED: nearest available frame pair is 15 min apart (need <=20 min); this archive's cadence is too coarse to evaluate a genuine rate-of-change here. Detector logic is real and will fire once 15-min cadence MSG data is supplied.,ناکافی وقتی ریزولوشن -- 15 منٹ کے تسلسل والا ڈیٹا درکار ہے,34.056230397373064,72.86682900047666
Haripur,20260828,cold_wave,False,0.33,1,0,Mean clear-sky night skin temp 10.5 C -- above cold-wave threshold.,سردی کی لہر کی علامت نہیں,34.056230397373064,72.86682900047666
Haripur,20260828,dust_storm,False,0.5,8,0,No dust-storm signature detected.,دھول کے طوفان کی علامت نہیں,34.056230397373064,72.86682900047666
Haripur,20260828,fog,False,0.6,8,0,IR3.9-IR10.8 = -2.8 K -- outside the fog signature range.,دھند کی علامت نہیں,34.056230397373064,72.86682900047666
Haripur,20260828,frost,False,0.3,8,0,Not all three frost conditions met (no WRF wind data available).,پالے کی تمام شرائط پوری نہیں ہوئیں,34.056230397373064,72.86682900047666
Haripur,20260828,hail,False,0.0,8,0,Insufficient data (overshooting tops / glaciation ratio missing).,ناکافی ڈیٹا,34.056230397373064,72.86682900047666
Haripur,20260828,heat_wave,False,0.0,1,0,Not enough clear-sky multi-day skin-temperature data (0 of 0 available frames excluded as cloud-contaminated).,ناکافی صاف آسمان ڈیٹا,34.056230397373064,72.86682900047666
Haripur,20260828,heavy_rain,False,0.45,1,0,0/8 frames cold enough -- below persistence bar.,شدید بارش کی علامت نہیں,34.056230397373064,72.86682900047666
Haripur,20260828,residue_burning,False,0.5,8,0,Nighttime frame -- daytime fire hot-spot check not applicable.,رات کا وقت -- لاگو نہیں,34.056230397373064,72.86682900047666
Haripur,20260828,thunderstorm,False,0.6,8,0,No overshooting-top signature detected.,کوئی شدید کنویکشن کی علامت نہیں,34.056230397373064,72.86682900047666
Haripur,20260828,uv_index,False,0.5,8,0,Clear-sky/high-sun UV proxy conditions not met.,UV کی سطح زیادہ ہونے کی علامت نہیں,34.056230397373064,72.86682900047666
Hunza,20260828,cloud_burst,False,0.0,1,0,STUBBED: no consecutive-frame pairs available at all for this location/period.,ڈیٹا دستیاب نہیں,36.4984009259076,75.06651665391969
Hunza,20260828,cold_wave,False,0.0,1,0,Not enough clear-sky multi-day night skin-temperature data (0 of 0 available frames excluded as cloud-contaminated).,ناکافی صاف آسمان ڈیٹا,36.4984009259076,75.06651665391969
Hunza,20260828,dust_storm,False,0.0,8,0,Dust-difference channels unavailable.,ڈیٹا دستیاب نہیں,36.4984009259076,75.06651665391969
Hunza,20260828,fog,False,0.0,8,0,No IR3.9-IR10.8 data at this time/location.,ڈیٹا دستیاب نہیں,36.4984009259076,75.06651665391969
Hunza,20260828,frost,False,0.0,8,0,MSG skin-temperature/cloud data unavailable.,ڈیٹا دستیاب نہیں,36.4984009259076,75.06651665391969
Hunza,20260828,hail,False,0.0,8,0,Insufficient data (overshooting tops / glaciation ratio missing).,ناکافی ڈیٹا,36.4984009259076,75.06651665391969
Hunza,20260828,heat_wave,False,0.0,1,0,Not enough clear-sky multi-day skin-temperature data (0 of 0 available frames excluded as cloud-contaminated).,ناکافی صاف آسمان ڈیٹا,36.4984009259076,75.06651665391969
Hunza,20260828,heavy_rain,False,0.45,1,0,0/8 frames cold enough -- below persistence bar.,شدید بارش کی علامت نہیں,36.4984009259076,75.06651665391969
Hunza,20260828,residue_burning,False,0.5,8,0,Nighttime frame -- daytime fire hot-spot check not applicable.,رات کا وقت -- لاگو نہیں,36.4984009259076,75.06651665391969
Hunza,20260828,thunderstorm,False,0.0,8,0,No convection data at this time/location.,اس وقت/مقام کے لیے کنویکشن ڈیٹا دستیاب نہیں,36.4984009259076,75.06651665391969
Hunza,20260828,uv_index,False,0.0,8,0,No MSG cloud data available.,ڈیٹا دستیاب نہیں,36.4984009259076,75.06651665391969
Hyderabad,20260828,cloud_burst,False,0.2,1,0,STUBBED: nearest available frame pair is 15 min apart (need <=20 min); this archive's cadence is too coarse to evaluate a genuine rate-of-change here. Detector logic is real and will fire once 15-min cadence MSG data is supplied.,ناکافی وقتی ریزولوشن -- 15 منٹ کے تسلسل والا ڈیٹا درکار ہے,25.386847921402374,68.4882872626284
Hyderabad,20260828,cold_wave,False,0.33,1,0,Mean clear-sky night skin temp 17.6 C -- above cold-wave threshold.,سردی کی لہر کی علامت نہیں,25.386847921402374,68.4882872626284
Hyderabad,20260828,dust_storm,False,0.5,8,0,No dust-storm signature detected.,دھول کے طوفان کی علامت نہیں,25.386847921402374,68.4882872626284
Hyderabad,20260828,fog,False,0.6,8,0,IR3.9-IR10.8 = -2.7 K -- outside the fog signature range.,دھند کی علامت نہیں,25.386847921402374,68.4882872626284
Hyderabad,20260828,frost,False,0.3,8,0,Not all three frost conditions met (no WRF wind data available).,پالے کی تمام شرائط پوری نہیں ہوئیں,25.386847921402374,68.4882872626284
Hyderabad,20260828,hail,False,0.0,8,0,Insufficient data (overshooting tops / glaciation ratio missing).,ناکافی ڈیٹا,25.386847921402374,68.4882872626284
Hyderabad,20260828,heat_wave,False,0.0,1,0,Not enough clear-sky multi-day skin-temperature data (0 of 0 available frames excluded as cloud-contaminated).,ناکافی صاف آسمان ڈیٹا,25.386847921402374,68.4882872626284
Hyderabad,20260828,heavy_rain,False,0.45,1,0,0/8 frames cold enough -- below persistence bar.,شدید بارش کی علامت نہیں,25.386847921402374,68.4882872626284
Hyderabad,20260828,residue_burning,False,0.5,8,0,Nighttime frame -- daytime fire hot-spot check not applicable.,رات کا وقت -- لاگو نہیں,25.386847921402374,68.4882872626284
Hyderabad,20260828,thunderstorm,False,0.6,8,0,No overshooting-top signature detected.,کوئی شدید کنویکشن کی علامت نہیں,25.386847921402374,68.4882872626284
Hyderabad,20260828,uv_index,False,0.5,8,0,Clear-sky/high-sun UV proxy conditions not met.,UV کی سطح زیادہ ہونے کی علامت نہیں,25.386847921402374,68.4882872626284
Islamabad Capital Territory,20260828,cloud_burst,False,0.2,1,0,STUBBED: nearest available frame pair is 15 min apart (need <=20 min); this archive's cadence is too coarse to evaluate a genuine rate-of-change here. Detector logic is real and will fire once 15-min cadence MSG data is supplied.,ناکافی وقتی ریزولوشن -- 15 منٹ کے تسلسل والا ڈیٹا درکار ہے,33.65251601109561,73.0536948268538
Islamabad Capital Territory,20260828,cold_wave,False,0.33,1,0,Mean clear-sky night skin temp 10.3 C -- above cold-wave threshold.,سردی کی لہر کی علامت نہیں,33.65251601109561,73.0536948268538
Islamabad Capital Territory,20260828,dust_storm,False,0.5,8,0,No dust-storm signature detected.,دھول کے طوفان کی علامت نہیں,33.65251601109561,73.0536948268538
Islamabad Capital Territory,20260828,fog,False,0.6,8,0,IR3.9-IR10.8 = -2.9 K -- outside the fog signature range.,دھند کی علامت نہیں,33.65251601109561,73.0536948268538
Islamabad Capital Territory,20260828,frost,False,0.3,8,0,Not all three frost conditions met (no WRF wind data available).,پالے کی تمام شرائط پوری نہیں ہوئیں,33.65251601109561,73.0536948268538
Islamabad Capital Territory,20260828,hail,False,0.0,8,0,Insufficient data (overshooting tops / glaciation ratio missing).,ناکافی ڈیٹا,33.65251601109561,73.0536948268538
Islamabad Capital Territory,20260828,heat_wave,False,0.0,1,0,Not enough clear-sky multi-day skin-temperature data (0 of 0 available frames excluded as cloud-contaminated).,ناکافی صاف آسمان ڈیٹا,33.65251601109561,73.0536948268538
Islamabad Capital Territory,20260828,heavy_rain,False,0.45,1,0,0/8 frames cold enough -- below persistence bar.,شدید بارش کی علامت نہیں,33.65251601109561,73.0536948268538
Islamabad Capital Territory,20260828,residue_burning,False,0.5,8,0,Nighttime frame -- daytime fire hot-spot check not applicable.,رات کا وقت -- لاگو نہیں,33.65251601109561,73.0536948268538
Islamabad Capital Territory,20260828,thunderstorm,False,0.6,8,0,No overshooting-top signature detected.,کوئی شدید کنویکشن کی علامت نہیں,33.65251601109561,73.0536948268538
Islamabad Capital Territory,20260828,uv_index,False,0.5,8,0,Clear-sky/high-sun UV proxy conditions not met.,UV کی سطح زیادہ ہونے کی علامت نہیں,33.65251601109561,73.0536948268538
Jacobabad,20260828,cloud_burst,False,0.2,1,0,STUBBED: nearest available frame pair is 15 min apart (need <=20 min); this archive's cadence is too coarse to evaluate a genuine rate-of-change here. Detector logic is real and will fire once 15-min cadence MSG data is supplied.,ناکافی وقتی ریزولوشن -- 15 منٹ کے تسلسل والا ڈیٹا درکار ہے,28.079200745318197,68.45319087854767
Jacobabad,20260828,cold_wave,False,0.33,1,0,Mean clear-sky night skin temp 18.6 C -- above cold-wave threshold.,سردی کی لہر کی علامت نہیں,28.079200745318197,68.45319087854767
Jacobabad,20260828,dust_storm,False,0.5,8,0,No dust-storm signature detected.,دھول کے طوفان کی علامت نہیں,28.079200745318197,68.45319087854767
Jacobabad,20260828,fog,False,0.6,8,0,IR3.9-IR10.8 = -4.1 K -- outside the fog signature range.,دھند کی علامت نہیں,28.079200745318197,68.45319087854767
Jacobabad,20260828,frost,False,0.3,8,0,Not all three frost conditions met (no WRF wind data available).,پالے کی تمام شرائط پوری نہیں ہوئیں,28.079200745318197,68.45319087854767
Jacobabad,20260828,hail,False,0.0,8,0,Insufficient data (overshooting tops / glaciation ratio missing).,ناکافی ڈیٹا,28.079200745318197,68.45319087854767
Jacobabad,20260828,heat_wave,False,0.0,1,0,Not enough clear-sky multi-day skin-temperature data (0 of 0 available frames excluded as cloud-contaminated).,ناکافی صاف آسمان ڈیٹا,28.079200745318197,68.45319087854767
Jacobabad,20260828,heavy_rain,False,0.45,1,0,0/8 frames cold enough -- below persistence bar.,شدید بارش کی علامت نہیں,28.079200745318197,68.45319087854767
Jacobabad,20260828,residue_burning,False,0.5,8,0,Nighttime frame -- daytime fire hot-spot check not applicable.,رات کا وقت -- لاگو نہیں,28.079200745318197,68.45319087854767
Jacobabad,20260828,thunderstorm,False,0.6,8,0,No overshooting-top signature detected.,کوئی شدید کنویکشن کی علامت نہیں,28.079200745318197,68.45319087854767
Jacobabad,20260828,uv_index,False,0.5,8,0,Clear-sky/high-sun UV proxy conditions not met.,UV کی سطح زیادہ ہونے کی علامت نہیں,28.079200745318197,68.45319087854767
Jafarabad,20260828,cloud_burst,False,0.2,1,0,STUBBED: nearest available frame pair is 15 min apart (need <=20 min); this archive's cadence is too coarse to evaluate a genuine rate-of-change here. Detector logic is real and will fire once 15-min cadence MSG data is supplied.,ناکافی وقتی ریزولوشن -- 15 منٹ کے تسلسل والا ڈیٹا درکار ہے,28.283821923384817,68.3340524148427
Jafarabad,20260828,cold_wave,False,0.33,1,0,Mean clear-sky night skin temp 19.0 C -- above cold-wave threshold.,سردی کی لہر کی علامت نہیں,28.283821923384817,68.3340524148427
Jafarabad,20260828,dust_storm,False,0.5,8,0,No dust-storm signature detected.,دھول کے طوفان کی علامت نہیں,28.283821923384817,68.3340524148427
Jafarabad,20260828,fog,False,0.6,8,0,IR3.9-IR10.8 = -4.3 K -- outside the fog signature range.,دھند کی علامت نہیں,28.283821923384817,68.3340524148427
Jafarabad,20260828,frost,False,0.3,8,0,Not all three frost conditions met (no WRF wind data available).,پالے کی تمام شرائط پوری نہیں ہوئیں,28.283821923384817,68.3340524148427
Jafarabad,20260828,hail,False,0.0,8,0,Insufficient data (overshooting tops / glaciation ratio missing).,ناکافی ڈیٹا,28.283821923384817,68.3340524148427
Jafarabad,20260828,heat_wave,False,0.0,1,0,Not enough clear-sky multi-day skin-temperature data (0 of 0 available frames excluded as cloud-contaminated).,ناکافی صاف آسمان ڈیٹا,28.283821923384817,68.3340524148427
Jafarabad,20260828,heavy_rain,False,0.45,1,0,0/8 frames cold enough -- below persistence bar.,شدید بارش کی علامت نہیں,28.283821923384817,68.3340524148427
Jafarabad,20260828,residue_burning,False,0.5,8,0,Nighttime frame -- daytime fire hot-spot check not applicable.,رات کا وقت -- لاگو نہیں,28.283821923384817,68.3340524148427
Jafarabad,20260828,thunderstorm,False,0.6,8,0,No overshooting-top signature detected.,کوئی شدید کنویکشن کی علامت نہیں,28.283821923384817,68.3340524148427
Jafarabad,20260828,uv_index,False,0.5,8,0,Clear-sky/high-sun UV proxy conditions not met.,UV کی سطح زیادہ ہونے کی علامت نہیں,28.283821923384817,68.3340524148427
Jamshoro,20260828,cloud_burst,True,0.7,1,1,Cloud top cooling 12.7 K in 15 min -- explosive vertical development.,طوفانی بارش کا فوری خطرہ,25.695123882818304,67.91125596801001
Jamshoro,20260828,cold_wave,False,0.33,1,0,Mean clear-sky night skin temp 14.1 C -- above cold-wave threshold.,سردی کی لہر کی علامت نہیں,25.695123882818304,67.91125596801001
Jamshoro,20260828,dust_storm,False,0.5,8,0,No dust-storm signature detected.,دھول کے طوفان کی علامت نہیں,25.695123882818304,67.91125596801001
Jamshoro,20260828,fog,True,0.75,8,2,Small positive IR3.9-IR10.8 difference (1.3 K) over a spatially coherent low-lying area -- classic radiative/advective fog signature. Visibility/ceiling below landing minima. Favourable-for-disease dew conditions; delay spraying until fog clears.,دھند کا امکان (IR3.9-IR10.8 = 1.3 K)۔ رن وے کی مرئیت کم ہو سکتی ہے,25.695123882818304,67.91125596801001
Jamshoro,20260828,frost,False,0.3,8,0,Not all three frost conditions met (no WRF wind data available).,پالے کی تمام شرائط پوری نہیں ہوئیں,25.695123882818304,67.91125596801001
Jamshoro,20260828,hail,False,0.0,8,0,Insufficient data (overshooting tops / glaciation ratio missing).,ناکافی ڈیٹا,25.695123882818304,67.91125596801001
Jamshoro,20260828,heat_wave,False,0.0,1,0,Not enough clear-sky multi-day skin-temperature data (0 of 0 available frames excluded as cloud-contaminated).,ناکافی صاف آسمان ڈیٹا,25.695123882818304,67.91125596801001
Jamshoro,20260828,heavy_rain,False,0.45,1,0,0/8 frames cold enough -- below persistence bar.,شدید بارش کی علامت نہیں,25.695123882818304,67.91125596801001
Jamshoro,20260828,residue_burning,False,0.5,8,0,Nighttime frame -- daytime fire hot-spot check not applicable.,رات کا وقت -- لاگو نہیں,25.695123882818304,67.91125596801001
Jamshoro,20260828,thunderstorm,False,0.6,8,0,No overshooting-top signature detected.,کوئی شدید کنویکشن کی علامت نہیں,25.695123882818304,67.91125596801001
Jamshoro,20260828,uv_index,False,0.5,8,0,Clear-sky/high-sun UV proxy conditions not met.,UV کی سطح زیادہ ہونے کی علامت نہیں,25.695123882818304,67.91125596801001
Jhal Magsi,20260828,cloud_burst,False,0.2,1,0,STUBBED: nearest available frame pair is 15 min apart (need <=20 min); this archive's cadence is too coarse to evaluate a genuine rate-of-change here. Detector logic is real and will fire once 15-min cadence MSG data is supplied.,ناکافی وقتی ریزولوشن -- 15 منٹ کے تسلسل والا ڈیٹا درکار ہے,28.38893189918296,67.58195004112467
Jhal Magsi,20260828,cold_wave,False,0.33,1,0,Mean clear-sky night skin temp 18.9 C -- above cold-wave threshold.,سردی کی لہر کی علامت نہیں,28.38893189918296,67.58195004112467
Jhal Magsi,20260828,dust_storm,False,0.5,8,0,No dust-storm signature detected.,دھول کے طوفان کی علامت نہیں,28.38893189918296,67.58195004112467
Jhal Magsi,20260828,fog,False,0.6,8,0,IR3.9-IR10.8 = -3.7 K -- outside the fog signature range.,دھند کی علامت نہیں,28.38893189918296,67.58195004112467
Jhal Magsi,20260828,frost,False,0.3,8,0,Not all three frost conditions met (no WRF wind data available).,پالے کی تمام شرائط پوری نہیں ہوئیں,28.38893189918296,67.58195004112467
Jhal Magsi,20260828,hail,False,0.0,8,0,Insufficient data (overshooting tops / glaciation ratio missing).,ناکافی ڈیٹا,28.38893189918296,67.58195004112467
Jhal Magsi,20260828,heat_wave,False,0.0,1,0,Not enough clear-sky multi-day skin-temperature data (0 of 0 available frames excluded as cloud-contaminated).,ناکافی صاف آسمان ڈیٹا,28.38893189918296,67.58195004112467
Jhal Magsi,20260828,heavy_rain,False,0.45,1,0,0/8 frames cold enough -- below persistence bar.,شدید بارش کی علامت نہیں,28.38893189918296,67.58195004112467
Jhal Magsi,20260828,residue_burning,False,0.5,8,0,Nighttime frame -- daytime fire hot-spot check not applicable.,رات کا وقت -- لاگو نہیں,28.38893189918296,67.58195004112467
Jhal Magsi,20260828,thunderstorm,False,0.6,8,0,No overshooting-top signature detected.,کوئی شدید کنویکشن کی علامت نہیں,28.38893189918296,67.58195004112467
Jhal Magsi,20260828,uv_index,False,0.5,8,0,Clear-sky/high-sun UV proxy conditions not met.,UV کی سطح زیادہ ہونے کی علامت نہیں,28.38893189918296,67.58195004112467
Jhang,20260828,cloud_burst,False,0.2,1,0,STUBBED: nearest available frame pair is 15 min apart (need <=20 min); this archive's cadence is too coarse to evaluate a genuine rate-of-change here. Detector logic is real and will fire once 15-min cadence MSG data is supplied.,ناکافی وقتی ریزولوشن -- 15 منٹ کے تسلسل والا ڈیٹا درکار ہے,31.315772269135394,72.29915913133668
Jhang,20260828,cold_wave,False,0.33,1,0,Mean clear-sky night skin temp 13.5 C -- above cold-wave threshold.,سردی کی لہر کی علامت نہیں,31.315772269135394,72.29915913133668
Jhang,20260828,dust_storm,False,0.5,8,0,No dust-storm signature detected.,دھول کے طوفان کی علامت نہیں,31.315772269135394,72.29915913133668
Jhang,20260828,fog,False,0.6,8,0,IR3.9-IR10.8 = -3.9 K -- outside the fog signature range.,دھند کی علامت نہیں,31.315772269135394,72.29915913133668
Jhang,20260828,frost,False,0.3,8,0,Not all three frost conditions met (no WRF wind data available).,پالے کی تمام شرائط پوری نہیں ہوئیں,31.315772269135394,72.29915913133668
Jhang,20260828,hail,False,0.0,8,0,Insufficient data (overshooting tops / glaciation ratio missing).,ناکافی ڈیٹا,31.315772269135394,72.29915913133668
Jhang,20260828,heat_wave,False,0.0,1,0,Not enough clear-sky multi-day skin-temperature data (0 of 0 available frames excluded as cloud-contaminated).,ناکافی صاف آسمان ڈیٹا,31.315772269135394,72.29915913133668
Jhang,20260828,heavy_rain,False,0.45,1,0,0/8 frames cold enough -- below persistence bar.,شدید بارش کی علامت نہیں,31.315772269135394,72.29915913133668
Jhang,20260828,residue_burning,False,0.5,8,0,Nighttime frame -- daytime fire hot-spot check not applicable.,رات کا وقت -- لاگو نہیں,31.315772269135394,72.29915913133668
Jhang,20260828,thunderstorm,False,0.6,8,0,No overshooting-top signature detected.,کوئی شدید کنویکشن کی علامت نہیں,31.315772269135394,72.29915913133668
Jhang,20260828,uv_index,False,0.5,8,0,Clear-sky/high-sun UV proxy conditions not met.,UV کی سطح زیادہ ہونے کی علامت نہیں,31.315772269135394,72.29915913133668
Jhelum,20260828,cloud_burst,False,0.2,1,0,STUBBED: nearest available frame pair is 15 min apart (need <=20 min); this archive's cadence is too coarse to evaluate a genuine rate-of-change here. Detector logic is real and will fire once 15-min cadence MSG data is supplied.,ناکافی وقتی ریزولوشن -- 15 منٹ کے تسلسل والا ڈیٹا درکار ہے,32.75677108475934,73.18117515608306
Jhelum,20260828,cold_wave,False,0.33,1,0,Mean clear-sky night skin temp 11.7 C -- above cold-wave threshold.,سردی کی لہر کی علامت نہیں,32.75677108475934,73.18117515608306
Jhelum,20260828,dust_storm,False,0.5,8,0,No dust-storm signature detected.,دھول کے طوفان کی علامت نہیں,32.75677108475934,73.18117515608306
Jhelum,20260828,fog,False,0.6,8,0,IR3.9-IR10.8 = -4.3 K -- outside the fog signature range.,دھند کی علامت نہیں,32.75677108475934,73.18117515608306
Jhelum,20260828,frost,False,0.3,8,0,Not all three frost conditions met (no WRF wind data available).,پالے کی تمام شرائط پوری نہیں ہوئیں,32.75677108475934,73.18117515608306
Jhelum,20260828,hail,False,0.0,8,0,Insufficient data (overshooting tops / glaciation ratio missing).,ناکافی ڈیٹا,32.75677108475934,73.18117515608306
Jhelum,20260828,heat_wave,False,0.0,1,0,Not enough clear-sky multi-day skin-temperature data (0 of 0 available frames excluded as cloud-contaminated).,ناکافی صاف آسمان ڈیٹا,32.75677108475934,73.18117515608306
Jhelum,20260828,heavy_rain,False,0.45,1,0,0/8 frames cold enough -- below persistence bar.,شدید بارش کی علامت نہیں,32.75677108475934,73.18117515608306
Jhelum,20260828,residue_burning,False,0.5,8,0,Nighttime frame -- daytime fire hot-spot check not applicable.,رات کا وقت -- لاگو نہیں,32.75677108475934,73.18117515608306
Jhelum,20260828,thunderstorm,False,0.6,8,0,No overshooting-top signature detected.,کوئی شدید کنویکشن کی علامت نہیں,32.75677108475934,73.18117515608306
Jhelum,20260828,uv_index,False,0.5,8,0,Clear-sky/high-sun UV proxy conditions not met.,UV کی سطح زیادہ ہونے کی علامت نہیں,32.75677108475934,73.18117515608306
Kachhi,20260828,cloud_burst,False,0.2,1,0,STUBBED: nearest available frame pair is 15 min apart (need <=20 min); this archive's cadence is too coarse to evaluate a genuine rate-of-change here. Detector logic is real and will fire once 15-min cadence MSG data is supplied.,ناکافی وقتی ریزولوشن -- 15 منٹ کے تسلسل والا ڈیٹا درکار ہے,29.141862834270082,67.78317012459577
Kachhi,20260828,cold_wave,False,0.33,1,0,Mean clear-sky night skin temp 17.7 C -- above cold-wave threshold.,سردی کی لہر کی علامت نہیں,29.141862834270082,67.78317012459577
Kachhi,20260828,dust_storm,False,0.5,8,0,No dust-storm signature detected.,دھول کے طوفان کی علامت نہیں,29.141862834270082,67.78317012459577
Kachhi,20260828,fog,False,0.6,8,0,IR3.9-IR10.8 = -3.2 K -- outside the fog signature range.,دھند کی علامت نہیں,29.141862834270082,67.78317012459577
Kachhi,20260828,frost,False,0.3,8,0,Not all three frost conditions met (no WRF wind data available).,پالے کی تمام شرائط پوری نہیں ہوئیں,29.141862834270082,67.78317012459577
Kachhi,20260828,hail,False,0.0,8,0,Insufficient data (overshooting tops / glaciation ratio missing).,ناکافی ڈیٹا,29.141862834270082,67.78317012459577
Kachhi,20260828,heat_wave,False,0.0,1,0,Not enough clear-sky multi-day skin-temperature data (0 of 0 available frames excluded as cloud-contaminated).,ناکافی صاف آسمان ڈیٹا,29.141862834270082,67.78317012459577
Kachhi,20260828,heavy_rain,False,0.45,1,0,0/8 frames cold enough -- below persistence bar.,شدید بارش کی علامت نہیں,29.141862834270082,67.78317012459577
Kachhi,20260828,residue_burning,False,0.5,8,0,Nighttime frame -- daytime fire hot-spot check not applicable.,رات کا وقت -- لاگو نہیں,29.141862834270082,67.78317012459577
Kachhi,20260828,thunderstorm,False,0.6,8,0,No overshooting-top signature detected.,کوئی شدید کنویکشن کی علامت نہیں,29.141862834270082,67.78317012459577
Kachhi,20260828,uv_index,False,0.5,8,0,Clear-sky/high-sun UV proxy conditions not met.,UV کی سطح زیادہ ہونے کی علامت نہیں,29.141862834270082,67.78317012459577
Kalat,20260828,cloud_burst,False,0.2,1,0,STUBBED: nearest available frame pair is 15 min apart (need <=20 min); this archive's cadence is too coarse to evaluate a genuine rate-of-change here. Detector logic is real and will fire once 15-min cadence MSG data is supplied.,ناکافی وقتی ریزولوشن -- 15 منٹ کے تسلسل والا ڈیٹا درکار ہے,28.86860302433158,66.68662305433648
Kalat,20260828,cold_wave,False,0.33,1,0,Mean clear-sky night skin temp 14.1 C -- above cold-wave threshold.,سردی کی لہر کی علامت نہیں,28.86860302433158,66.68662305433648
Kalat,20260828,dust_storm,False,0.5,8,0,No dust-storm signature detected.,دھول کے طوفان کی علامت نہیں,28.86860302433158,66.68662305433648
Kalat,20260828,fog,False,0.6,8,0,IR3.9-IR10.8 = -4.1 K -- outside the fog signature range.,دھند کی علامت نہیں,28.86860302433158,66.68662305433648
Kalat,20260828,frost,False,0.3,8,0,Not all three frost conditions met (no WRF wind data available).,پالے کی تمام شرائط پوری نہیں ہوئیں,28.86860302433158,66.68662305433648
Kalat,20260828,hail,False,0.0,8,0,Insufficient data (overshooting tops / glaciation ratio missing).,ناکافی ڈیٹا,28.86860302433158,66.68662305433648
Kalat,20260828,heat_wave,False,0.0,1,0,Not enough clear-sky multi-day skin-temperature data (0 of 0 available frames excluded as cloud-contaminated).,ناکافی صاف آسمان ڈیٹا,28.86860302433158,66.68662305433648
Kalat,20260828,heavy_rain,False,0.45,1,0,0/8 frames cold enough -- below persistence bar.,شدید بارش کی علامت نہیں,28.86860302433158,66.68662305433648
Kalat,20260828,residue_burning,False,0.5,8,0,Nighttime frame -- daytime fire hot-spot check not applicable.,رات کا وقت -- لاگو نہیں,28.86860302433158,66.68662305433648
Kalat,20260828,thunderstorm,False,0.6,8,0,No overshooting-top signature detected.,کوئی شدید کنویکشن کی علامت نہیں,28.86860302433158,66.68662305433648
Kalat,20260828,uv_index,False,0.5,8,0,Clear-sky/high-sun UV proxy conditions not met.,UV کی سطح زیادہ ہونے کی علامت نہیں,28.86860302433158,66.68662305433648
Karachi,20260828,cloud_burst,False,0.2,1,0,STUBBED: nearest available frame pair is 15 min apart (need <=20 min); this archive's cadence is too coarse to evaluate a genuine rate-of-change here. Detector logic is real and will fire once 15-min cadence MSG data is supplied.,ناکافی وقتی ریزولوشن -- 15 منٹ کے تسلسل والا ڈیٹا درکار ہے,25.048921961704227,67.25176617081596
Karachi,20260828,cold_wave,False,0.33,1,0,Mean clear-sky night skin temp 12.0 C -- above cold-wave threshold.,سردی کی لہر کی علامت نہیں,25.048921961704227,67.25176617081596
Karachi,20260828,dust_storm,False,0.5,8,0,No dust-storm signature detected.,دھول کے طوفان کی علامت نہیں,25.048921961704227,67.25176617081596
Karachi,20260828,fog,False,0.6,8,0,IR3.9-IR10.8 = -0.8 K -- outside the fog signature range.,دھند کی علامت نہیں,25.048921961704227,67.25176617081596
Karachi,20260828,frost,False,0.3,8,0,Not all three frost conditions met (no WRF wind data available).,پالے کی تمام شرائط پوری نہیں ہوئیں,25.048921961704227,67.25176617081596
Karachi,20260828,hail,False,0.0,8,0,Insufficient data (overshooting tops / glaciation ratio missing).,ناکافی ڈیٹا,25.048921961704227,67.25176617081596
Karachi,20260828,heat_wave,False,0.0,1,0,Not enough clear-sky multi-day skin-temperature data (0 of 0 available frames excluded as cloud-contaminated).,ناکافی صاف آسمان ڈیٹا,25.048921961704227,67.25176617081596
Karachi,20260828,heavy_rain,False,0.45,1,0,0/8 frames cold enough -- below persistence bar.,شدید بارش کی علامت نہیں,25.048921961704227,67.25176617081596
Karachi,20260828,residue_burning,False,0.5,8,0,Nighttime frame -- daytime fire hot-spot check not applicable.,رات کا وقت -- لاگو نہیں,25.048921961704227,67.25176617081596
Karachi,20260828,thunderstorm,False,0.6,8,0,No overshooting-top signature detected.,کوئی شدید کنویکشن کی علامت نہیں,25.048921961704227,67.25176617081596
Karachi,20260828,uv_index,False,0.5,8,0,Clear-sky/high-sun UV proxy conditions not met.,UV کی سطح زیادہ ہونے کی علامت نہیں,25.048921961704227,67.25176617081596
Karak,20260828,cloud_burst,False,0.2,1,0,STUBBED: nearest available frame pair is 15 min apart (need <=20 min); this archive's cadence is too coarse to evaluate a genuine rate-of-change here. Detector logic is real and will fire once 15-min cadence MSG data is supplied.,ناکافی وقتی ریزولوشن -- 15 منٹ کے تسلسل والا ڈیٹا درکار ہے,33.059435338492555,71.08746748937716
Karak,20260828,cold_wave,False,0.33,1,0,Mean clear-sky night skin temp 9.4 C -- above cold-wave threshold.,سردی کی لہر کی علامت نہیں,33.059435338492555,71.08746748937716
Karak,20260828,dust_storm,False,0.5,8,0,No dust-storm signature detected.,دھول کے طوفان کی علامت نہیں,33.059435338492555,71.08746748937716
Karak,20260828,fog,False,0.6,8,0,IR3.9-IR10.8 = -0.4 K -- outside the fog signature range.,دھند کی علامت نہیں,33.059435338492555,71.08746748937716
Karak,20260828,frost,False,0.3,8,0,Not all three frost conditions met (no WRF wind data available).,پالے کی تمام شرائط پوری نہیں ہوئیں,33.059435338492555,71.08746748937716
Karak,20260828,hail,False,0.0,8,0,Insufficient data (overshooting tops / glaciation ratio missing).,ناکافی ڈیٹا,33.059435338492555,71.08746748937716
Karak,20260828,heat_wave,False,0.0,1,0,Not enough clear-sky multi-day skin-temperature data (0 of 0 available frames excluded as cloud-contaminated).,ناکافی صاف آسمان ڈیٹا,33.059435338492555,71.08746748937716
Karak,20260828,heavy_rain,False,0.45,1,0,0/8 frames cold enough -- below persistence bar.,شدید بارش کی علامت نہیں,33.059435338492555,71.08746748937716
Karak,20260828,residue_burning,False,0.5,8,0,Nighttime frame -- daytime fire hot-spot check not applicable.,رات کا وقت -- لاگو نہیں,33.059435338492555,71.08746748937716
Karak,20260828,thunderstorm,False,0.6,8,0,No overshooting-top signature detected.,کوئی شدید کنویکشن کی علامت نہیں,33.059435338492555,71.08746748937716
Karak,20260828,uv_index,False,0.5,8,0,Clear-sky/high-sun UV proxy conditions not met.,UV کی سطح زیادہ ہونے کی علامت نہیں,33.059435338492555,71.08746748937716
Kashmore,20260828,cloud_burst,False,0.2,1,0,STUBBED: nearest available frame pair is 15 min apart (need <=20 min); this archive's cadence is too coarse to evaluate a genuine rate-of-change here. Detector logic is real and will fire once 15-min cadence MSG data is supplied.,ناکافی وقتی ریزولوشن -- 15 منٹ کے تسلسل والا ڈیٹا درکار ہے,28.178160777797537,69.38141703613834
Kashmore,20260828,cold_wave,False,0.33,1,0,Mean clear-sky night skin temp 18.5 C -- above cold-wave threshold.,سردی کی لہر کی علامت نہیں,28.178160777797537,69.38141703613834
Kashmore,20260828,dust_storm,False,0.5,8,0,No dust-storm signature detected.,دھول کے طوفان کی علامت نہیں,28.178160777797537,69.38141703613834
Kashmore,20260828,fog,False,0.6,8,0,IR3.9-IR10.8 = -5.0 K -- outside the fog signature range.,دھند کی علامت نہیں,28.178160777797537,69.38141703613834
Kashmore,20260828,frost,False,0.3,8,0,Not all three frost conditions met (no WRF wind data available).,پالے کی تمام شرائط پوری نہیں ہوئیں,28.178160777797537,69.38141703613834
Kashmore,20260828,hail,False,0.0,8,0,Insufficient data (overshooting tops / glaciation ratio missing).,ناکافی ڈیٹا,28.178160777797537,69.38141703613834
Kashmore,20260828,heat_wave,False,0.0,1,0,Not enough clear-sky multi-day skin-temperature data (0 of 0 available frames excluded as cloud-contaminated).,ناکافی صاف آسمان ڈیٹا,28.178160777797537,69.38141703613834
Kashmore,20260828,heavy_rain,False,0.45,1,0,0/8 frames cold enough -- below persistence bar.,شدید بارش کی علامت نہیں,28.178160777797537,69.38141703613834
Kashmore,20260828,residue_burning,False,0.5,8,0,Nighttime frame -- daytime fire hot-spot check not applicable.,رات کا وقت -- لاگو نہیں,28.178160777797537,69.38141703613834
Kashmore,20260828,thunderstorm,False,0.6,8,0,No overshooting-top signature detected.,کوئی شدید کنویکشن کی علامت نہیں,28.178160777797537,69.38141703613834
Kashmore,20260828,uv_index,False,0.5,8,0,Clear-sky/high-sun UV proxy conditions not met.,UV کی سطح زیادہ ہونے کی علامت نہیں,28.178160777797537,69.38141703613834
Kasur,20260828,cloud_burst,False,0.0,1,0,STUBBED: no consecutive-frame pairs available at all for this location/period.,ڈیٹا دستیاب نہیں,31.031981126992218,74.0671594418965
Kasur,20260828,cold_wave,False,0.0,1,0,Not enough clear-sky multi-day night skin-temperature data (0 of 0 available frames excluded as cloud-contaminated).,ناکافی صاف آسمان ڈیٹا,31.031981126992218,74.0671594418965
Kasur,20260828,dust_storm,False,0.0,8,0,Dust-difference channels unavailable.,ڈیٹا دستیاب نہیں,31.031981126992218,74.0671594418965
Kasur,20260828,fog,False,0.0,8,0,No IR3.9-IR10.8 data at this time/location.,ڈیٹا دستیاب نہیں,31.031981126992218,74.0671594418965
Kasur,20260828,frost,False,0.0,8,0,MSG skin-temperature/cloud data unavailable.,ڈیٹا دستیاب نہیں,31.031981126992218,74.0671594418965
Kasur,20260828,hail,False,0.0,8,0,Insufficient data (overshooting tops / glaciation ratio missing).,ناکافی ڈیٹا,31.031981126992218,74.0671594418965
Kasur,20260828,heat_wave,False,0.0,1,0,Not enough clear-sky multi-day skin-temperature data (0 of 0 available frames excluded as cloud-contaminated).,ناکافی صاف آسمان ڈیٹا,31.031981126992218,74.0671594418965
Kasur,20260828,heavy_rain,False,0.45,1,0,0/8 frames cold enough -- below persistence bar.,شدید بارش کی علامت نہیں,31.031981126992218,74.0671594418965
Kasur,20260828,residue_burning,False,0.5,8,0,Nighttime frame -- daytime fire hot-spot check not applicable.,رات کا وقت -- لاگو نہیں,31.031981126992218,74.0671594418965
Kasur,20260828,thunderstorm,False,0.0,8,0,No convection data at this time/location.,اس وقت/مقام کے لیے کنویکشن ڈیٹا دستیاب نہیں,31.031981126992218,74.0671594418965
Kasur,20260828,uv_index,False,0.0,8,0,No MSG cloud data available.,ڈیٹا دستیاب نہیں,31.031981126992218,74.0671594418965
Kech,20260828,cloud_burst,False,0.2,1,0,STUBBED: nearest available frame pair is 15 min apart (need <=20 min); this archive's cadence is too coarse to evaluate a genuine rate-of-change here. Detector logic is real and will fire once 15-min cadence MSG data is supplied.,ناکافی وقتی ریزولوشن -- 15 منٹ کے تسلسل والا ڈیٹا درکار ہے,25.979166383372352,63.200672288751605
Kech,20260828,cold_wave,False,0.33,1,0,Mean clear-sky night skin temp 22.7 C -- above cold-wave threshold.,سردی کی لہر کی علامت نہیں,25.979166383372352,63.200672288751605
Kech,20260828,dust_storm,False,0.5,8,0,No dust-storm signature detected.,دھول کے طوفان کی علامت نہیں,25.979166383372352,63.200672288751605
Kech,20260828,fog,False,0.6,8,0,IR3.9-IR10.8 = -4.0 K -- outside the fog signature range.,دھند کی علامت نہیں,25.979166383372352,63.200672288751605
Kech,20260828,frost,False,0.3,8,0,Not all three frost conditions met (no WRF wind data available).,پالے کی تمام شرائط پوری نہیں ہوئیں,25.979166383372352,63.200672288751605
Kech,20260828,hail,False,0.0,8,0,Insufficient data (overshooting tops / glaciation ratio missing).,ناکافی ڈیٹا,25.979166383372352,63.200672288751605
Kech,20260828,heat_wave,False,0.0,1,0,Not enough clear-sky multi-day skin-temperature data (0 of 0 available frames excluded as cloud-contaminated).,ناکافی صاف آسمان ڈیٹا,25.979166383372352,63.200672288751605
Kech,20260828,heavy_rain,False,0.45,1,0,0/8 frames cold enough -- below persistence bar.,شدید بارش کی علامت نہیں,25.979166383372352,63.200672288751605
Kech,20260828,residue_burning,False,0.5,8,0,Nighttime frame -- daytime fire hot-spot check not applicable.,رات کا وقت -- لاگو نہیں,25.979166383372352,63.200672288751605
Kech,20260828,thunderstorm,False,0.6,8,0,No overshooting-top signature detected.,کوئی شدید کنویکشن کی علامت نہیں,25.979166383372352,63.200672288751605
Kech,20260828,uv_index,False,0.5,8,0,Clear-sky/high-sun UV proxy conditions not met.,UV کی سطح زیادہ ہونے کی علامت نہیں,25.979166383372352,63.200672288751605
Khairpur,20260828,cloud_burst,False,0.2,1,0,STUBBED: nearest available frame pair is 15 min apart (need <=20 min); this archive's cadence is too coarse to evaluate a genuine rate-of-change here. Detector logic is real and will fire once 15-min cadence MSG data is supplied.,ناکافی وقتی ریزولوشن -- 15 منٹ کے تسلسل والا ڈیٹا درکار ہے,26.8551437884378,68.98577019557749
Khairpur,20260828,cold_wave,False,0.33,1,0,Mean clear-sky night skin temp 12.0 C -- above cold-wave threshold.,سردی کی لہر کی علامت نہیں,26.8551437884378,68.98577019557749
Khairpur,20260828,dust_storm,False,0.5,8,0,No dust-storm signature detected.,دھول کے طوفان کی علامت نہیں,26.8551437884378,68.98577019557749
Khairpur,20260828,fog,False,0.6,8,0,IR3.9-IR10.8 = -1.6 K -- outside the fog signature range.,دھند کی علامت نہیں,26.8551437884378,68.98577019557749
Khairpur,20260828,frost,False,0.3,8,0,Not all three frost conditions met (no WRF wind data available).,پالے کی تمام شرائط پوری نہیں ہوئیں,26.8551437884378,68.98577019557749
Khairpur,20260828,hail,False,0.0,8,0,Insufficient data (overshooting tops / glaciation ratio missing).,ناکافی ڈیٹا,26.8551437884378,68.98577019557749
Khairpur,20260828,heat_wave,False,0.0,1,0,Not enough clear-sky multi-day skin-temperature data (0 of 0 available frames excluded as cloud-contaminated).,ناکافی صاف آسمان ڈیٹا,26.8551437884378,68.98577019557749
Khairpur,20260828,heavy_rain,False,0.45,1,0,0/8 frames cold enough -- below persistence bar.,شدید بارش کی علامت نہیں,26.8551437884378,68.98577019557749
Khairpur,20260828,residue_burning,False,0.5,8,0,Nighttime frame -- daytime fire hot-spot check not applicable.,رات کا وقت -- لاگو نہیں,26.8551437884378,68.98577019557749
Khairpur,20260828,thunderstorm,False,0.6,8,0,No overshooting-top signature detected.,کوئی شدید کنویکشن کی علامت نہیں,26.8551437884378,68.98577019557749
Khairpur,20260828,uv_index,False,0.5,8,0,Clear-sky/high-sun UV proxy conditions not met.,UV کی سطح زیادہ ہونے کی علامت نہیں,26.8551437884378,68.98577019557749
Khanewal,20260828,cloud_burst,False,0.2,1,0,STUBBED: nearest available frame pair is 15 min apart (need <=20 min); this archive's cadence is too coarse to evaluate a genuine rate-of-change here. Detector logic is real and will fire once 15-min cadence MSG data is supplied.,ناکافی وقتی ریزولوشن -- 15 منٹ کے تسلسل والا ڈیٹا درکار ہے,30.35528727902074,71.91468452184928
Khanewal,20260828,cold_wave,False,0.33,1,0,Mean clear-sky night skin temp 12.6 C -- above cold-wave threshold.,سردی کی لہر کی علامت نہیں,30.35528727902074,71.91468452184928
Khanewal,20260828,dust_storm,False,0.5,8,0,No dust-storm signature detected.,دھول کے طوفان کی علامت نہیں,30.35528727902074,71.91468452184928
Khanewal,20260828,fog,False,0.6,8,0,IR3.9-IR10.8 = -3.5 K -- outside the fog signature range.,دھند کی علامت نہیں,30.35528727902074,71.91468452184928
Khanewal,20260828,frost,False,0.3,8,0,Not all three frost conditions met (no WRF wind data available).,پالے کی تمام شرائط پوری نہیں ہوئیں,30.35528727902074,71.91468452184928
Khanewal,20260828,hail,False,0.0,8,0,Insufficient data (overshooting tops / glaciation ratio missing).,ناکافی ڈیٹا,30.35528727902074,71.91468452184928
Khanewal,20260828,heat_wave,False,0.0,1,0,Not enough clear-sky multi-day skin-temperature data (0 of 0 available frames excluded as cloud-contaminated).,ناکافی صاف آسمان ڈیٹا,30.35528727902074,71.91468452184928
Khanewal,20260828,heavy_rain,False,0.45,1,0,0/8 frames cold enough -- below persistence bar.,شدید بارش کی علامت نہیں,30.35528727902074,71.91468452184928
Khanewal,20260828,residue_burning,False,0.5,8,0,Nighttime frame -- daytime fire hot-spot check not applicable.,رات کا وقت -- لاگو نہیں,30.35528727902074,71.91468452184928
Khanewal,20260828,thunderstorm,False,0.6,8,0,No overshooting-top signature detected.,کوئی شدید کنویکشن کی علامت نہیں,30.35528727902074,71.91468452184928
Khanewal,20260828,uv_index,False,0.5,8,0,Clear-sky/high-sun UV proxy conditions not met.,UV کی سطح زیادہ ہونے کی علامت نہیں,30.35528727902074,71.91468452184928
Kharan,20260828,cloud_burst,False,0.2,1,0,STUBBED: nearest available frame pair is 15 min apart (need <=20 min); this archive's cadence is too coarse to evaluate a genuine rate-of-change here. Detector logic is real and will fire once 15-min cadence MSG data is supplied.,ناکافی وقتی ریزولوشن -- 15 منٹ کے تسلسل والا ڈیٹا درکار ہے,28.026011114981085,64.87944971354493
Kharan,20260828,cold_wave,False,0.33,1,0,Mean clear-sky night skin temp 19.4 C -- above cold-wave threshold.,سردی کی لہر کی علامت نہیں,28.026011114981085,64.87944971354493
Kharan,20260828,dust_storm,False,0.5,8,0,No dust-storm signature detected.,دھول کے طوفان کی علامت نہیں,28.026011114981085,64.87944971354493
Kharan,20260828,fog,False,0.6,8,0,IR3.9-IR10.8 = -5.1 K -- outside the fog signature range.,دھند کی علامت نہیں,28.026011114981085,64.87944971354493
Kharan,20260828,frost,False,0.3,8,0,Not all three frost conditions met (no WRF wind data available).,پالے کی تمام شرائط پوری نہیں ہوئیں,28.026011114981085,64.87944971354493
Kharan,20260828,hail,False,0.0,8,0,Insufficient data (overshooting tops / glaciation ratio missing).,ناکافی ڈیٹا,28.026011114981085,64.87944971354493
Kharan,20260828,heat_wave,False,0.0,1,0,Not enough clear-sky multi-day skin-temperature data (0 of 0 available frames excluded as cloud-contaminated).,ناکافی صاف آسمان ڈیٹا,28.026011114981085,64.87944971354493
Kharan,20260828,heavy_rain,False,0.45,1,0,0/8 frames cold enough -- below persistence bar.,شدید بارش کی علامت نہیں,28.026011114981085,64.87944971354493
Kharan,20260828,residue_burning,False,0.5,8,0,Nighttime frame -- daytime fire hot-spot check not applicable.,رات کا وقت -- لاگو نہیں,28.026011114981085,64.87944971354493
Kharan,20260828,thunderstorm,False,0.6,8,0,No overshooting-top signature detected.,کوئی شدید کنویکشن کی علامت نہیں,28.026011114981085,64.87944971354493
Kharan,20260828,uv_index,False,0.5,8,0,Clear-sky/high-sun UV proxy conditions not met.,UV کی سطح زیادہ ہونے کی علامت نہیں,28.026011114981085,64.87944971354493
Kharmang,20260828,cloud_burst,False,0.0,1,0,STUBBED: no consecutive-frame pairs available at all for this location/period.,ڈیٹا دستیاب نہیں,34.95455225521701,76.13977130988624
Kharmang,20260828,cold_wave,False,0.0,1,0,Not enough clear-sky multi-day night skin-temperature data (0 of 0 available frames excluded as cloud-contaminated).,ناکافی صاف آسمان ڈیٹا,34.95455225521701,76.13977130988624
Kharmang,20260828,dust_storm,False,0.0,8,0,Dust-difference channels unavailable.,ڈیٹا دستیاب نہیں,34.95455225521701,76.13977130988624
Kharmang,20260828,fog,False,0.0,8,0,No IR3.9-IR10.8 data at this time/location.,ڈیٹا دستیاب نہیں,34.95455225521701,76.13977130988624
Kharmang,20260828,frost,False,0.0,8,0,MSG skin-temperature/cloud data unavailable.,ڈیٹا دستیاب نہیں,34.95455225521701,76.13977130988624
Kharmang,20260828,hail,False,0.0,8,0,Insufficient data (overshooting tops / glaciation ratio missing).,ناکافی ڈیٹا,34.95455225521701,76.13977130988624
Kharmang,20260828,heat_wave,False,0.0,1,0,Not enough clear-sky multi-day skin-temperature data (0 of 0 available frames excluded as cloud-contaminated).,ناکافی صاف آسمان ڈیٹا,34.95455225521701,76.13977130988624
Kharmang,20260828,heavy_rain,False,0.45,1,0,0/8 frames cold enough -- below persistence bar.,شدید بارش کی علامت نہیں,34.95455225521701,76.13977130988624
Kharmang,20260828,residue_burning,False,0.5,8,0,Nighttime frame -- daytime fire hot-spot check not applicable.,رات کا وقت -- لاگو نہیں,34.95455225521701,76.13977130988624
Kharmang,20260828,thunderstorm,False,0.0,8,0,No convection data at this time/location.,اس وقت/مقام کے لیے کنویکشن ڈیٹا دستیاب نہیں,34.95455225521701,76.13977130988624
Kharmang,20260828,uv_index,False,0.0,8,0,No MSG cloud data available.,ڈیٹا دستیاب نہیں,34.95455225521701,76.13977130988624
Khushab,20260828,cloud_burst,False,0.2,1,0,STUBBED: nearest available frame pair is 15 min apart (need <=20 min); this archive's cadence is too coarse to evaluate a genuine rate-of-change here. Detector logic is real and will fire once 15-min cadence MSG data is supplied.,ناکافی وقتی ریزولوشن -- 15 منٹ کے تسلسل والا ڈیٹا درکار ہے,32.14174826697029,72.03716631718115
Khushab,20260828,cold_wave,False,0.33,1,0,Mean clear-sky night skin temp 13.1 C -- above cold-wave threshold.,سردی کی لہر کی علامت نہیں,32.14174826697029,72.03716631718115
Khushab,20260828,dust_storm,False,0.5,8,0,No dust-storm signature detected.,دھول کے طوفان کی علامت نہیں,32.14174826697029,72.03716631718115
Khushab,20260828,fog,False,0.6,8,0,IR3.9-IR10.8 = -3.4 K -- outside the fog signature range.,دھند کی علامت نہیں,32.14174826697029,72.03716631718115
Khushab,20260828,frost,False,0.3,8,0,Not all three frost conditions met (no WRF wind data available).,پالے کی تمام شرائط پوری نہیں ہوئیں,32.14174826697029,72.03716631718115
Khushab,20260828,hail,False,0.0,8,0,Insufficient data (overshooting tops / glaciation ratio missing).,ناکافی ڈیٹا,32.14174826697029,72.03716631718115
Khushab,20260828,heat_wave,False,0.0,1,0,Not enough clear-sky multi-day skin-temperature data (0 of 0 available frames excluded as cloud-contaminated).,ناکافی صاف آسمان ڈیٹا,32.14174826697029,72.03716631718115
Khushab,20260828,heavy_rain,False,0.45,1,0,0/8 frames cold enough -- below persistence bar.,شدید بارش کی علامت نہیں,32.14174826697029,72.03716631718115
Khushab,20260828,residue_burning,False,0.5,8,0,Nighttime frame -- daytime fire hot-spot check not applicable.,رات کا وقت -- لاگو نہیں,32.14174826697029,72.03716631718115
Khushab,20260828,thunderstorm,False,0.6,8,0,No overshooting-top signature detected.,کوئی شدید کنویکشن کی علامت نہیں,32.14174826697029,72.03716631718115
Khushab,20260828,uv_index,False,0.5,8,0,Clear-sky/high-sun UV proxy conditions not met.,UV کی سطح زیادہ ہونے کی علامت نہیں,32.14174826697029,72.03716631718115
Khuzdar,20260828,cloud_burst,False,0.2,1,0,STUBBED: nearest available frame pair is 15 min apart (need <=20 min); this archive's cadence is too coarse to evaluate a genuine rate-of-change here. Detector logic is real and will fire once 15-min cadence MSG data is supplied.,ناکافی وقتی ریزولوشن -- 15 منٹ کے تسلسل والا ڈیٹا درکار ہے,27.20113851571389,66.68632009201552
Khuzdar,20260828,cold_wave,False,0.33,1,0,Mean clear-sky night skin temp 18.6 C -- above cold-wave threshold.,سردی کی لہر کی علامت نہیں,27.20113851571389,66.68632009201552
Khuzdar,20260828,dust_storm,False,0.5,8,0,No dust-storm signature detected.,دھول کے طوفان کی علامت نہیں,27.20113851571389,66.68632009201552
Khuzdar,20260828,fog,False,0.6,8,0,IR3.9-IR10.8 = -2.8 K -- outside the fog signature range.,دھند کی علامت نہیں,27.20113851571389,66.68632009201552
Khuzdar,20260828,frost,False,0.3,8,0,Not all three frost conditions met (no WRF wind data available).,پالے کی تمام شرائط پوری نہیں ہوئیں,27.20113851571389,66.68632009201552
Khuzdar,20260828,hail,False,0.0,8,0,Insufficient data (overshooting tops / glaciation ratio missing).,ناکافی ڈیٹا,27.20113851571389,66.68632009201552
Khuzdar,20260828,heat_wave,False,0.0,1,0,Not enough clear-sky multi-day skin-temperature data (0 of 0 available frames excluded as cloud-contaminated).,ناکافی صاف آسمان ڈیٹا,27.20113851571389,66.68632009201552
Khuzdar,20260828,heavy_rain,False,0.45,1,0,0/8 frames cold enough -- below persistence bar.,شدید بارش کی علامت نہیں,27.20113851571389,66.68632009201552
Khuzdar,20260828,residue_burning,False,0.5,8,0,Nighttime frame -- daytime fire hot-spot check not applicable.,رات کا وقت -- لاگو نہیں,27.20113851571389,66.68632009201552
Khuzdar,20260828,thunderstorm,False,0.6,8,0,No overshooting-top signature detected.,کوئی شدید کنویکشن کی علامت نہیں,27.20113851571389,66.68632009201552
Khuzdar,20260828,uv_index,False,0.5,8,0,Clear-sky/high-sun UV proxy conditions not met.,UV کی سطح زیادہ ہونے کی علامت نہیں,27.20113851571389,66.68632009201552
Khyber,20260828,cloud_burst,False,0.2,1,0,STUBBED: nearest available frame pair is 15 min apart (need <=20 min); this archive's cadence is too coarse to evaluate a genuine rate-of-change here. Detector logic is real and will fire once 15-min cadence MSG data is supplied.,ناکافی وقتی ریزولوشن -- 15 منٹ کے تسلسل والا ڈیٹا درکار ہے,33.87816532481627,71.04531456080079
Khyber,20260828,cold_wave,False,0.33,1,0,Mean clear-sky night skin temp 8.9 C -- above cold-wave threshold.,سردی کی لہر کی علامت نہیں,33.87816532481627,71.04531456080079
Khyber,20260828,dust_storm,False,0.5,8,0,No dust-storm signature detected.,دھول کے طوفان کی علامت نہیں,33.87816532481627,71.04531456080079
Khyber,20260828,fog,False,0.6,8,0,IR3.9-IR10.8 = -2.1 K -- outside the fog signature range.,دھند کی علامت نہیں,33.87816532481627,71.04531456080079
Khyber,20260828,frost,False,0.3,8,0,Not all three frost conditions met (no WRF wind data available).,پالے کی تمام شرائط پوری نہیں ہوئیں,33.87816532481627,71.04531456080079
Khyber,20260828,hail,False,0.0,8,0,Insufficient data (overshooting tops / glaciation ratio missing).,ناکافی ڈیٹا,33.87816532481627,71.04531456080079
Khyber,20260828,heat_wave,False,0.0,1,0,Not enough clear-sky multi-day skin-temperature data (0 of 0 available frames excluded as cloud-contaminated).,ناکافی صاف آسمان ڈیٹا,33.87816532481627,71.04531456080079
Khyber,20260828,heavy_rain,False,0.45,1,0,0/8 frames cold enough -- below persistence bar.,شدید بارش کی علامت نہیں,33.87816532481627,71.04531456080079
Khyber,20260828,residue_burning,False,0.5,8,0,Nighttime frame -- daytime fire hot-spot check not applicable.,رات کا وقت -- لاگو نہیں,33.87816532481627,71.04531456080079
Khyber,20260828,thunderstorm,False,0.6,8,0,No overshooting-top signature detected.,کوئی شدید کنویکشن کی علامت نہیں,33.87816532481627,71.04531456080079
Khyber,20260828,uv_index,False,0.5,8,0,Clear-sky/high-sun UV proxy conditions not met.,UV کی سطح زیادہ ہونے کی علامت نہیں,33.87816532481627,71.04531456080079
Kohat,20260828,cloud_burst,False,0.2,1,0,STUBBED: nearest available frame pair is 15 min apart (need <=20 min); this archive's cadence is too coarse to evaluate a genuine rate-of-change here. Detector logic is real and will fire once 15-min cadence MSG data is supplied.,ناکافی وقتی ریزولوشن -- 15 منٹ کے تسلسل والا ڈیٹا درکار ہے,33.418824943554064,71.5366026095573
Kohat,20260828,cold_wave,False,0.33,1,0,Mean clear-sky night skin temp 10.0 C -- above cold-wave threshold.,سردی کی لہر کی علامت نہیں,33.418824943554064,71.5366026095573
Kohat,20260828,dust_storm,False,0.5,8,0,No dust-storm signature detected.,دھول کے طوفان کی علامت نہیں,33.418824943554064,71.5366026095573
Kohat,20260828,fog,False,0.6,8,0,IR3.9-IR10.8 = -2.5 K -- outside the fog signature range.,دھند کی علامت نہیں,33.418824943554064,71.5366026095573
Kohat,20260828,frost,False,0.3,8,0,Not all three frost conditions met (no WRF wind data available).,پالے کی تمام شرائط پوری نہیں ہوئیں,33.418824943554064,71.5366026095573
Kohat,20260828,hail,False,0.0,8,0,Insufficient data (overshooting tops / glaciation ratio missing).,ناکافی ڈیٹا,33.418824943554064,71.5366026095573
Kohat,20260828,heat_wave,False,0.0,1,0,Not enough clear-sky multi-day skin-temperature data (0 of 0 available frames excluded as cloud-contaminated).,ناکافی صاف آسمان ڈیٹا,33.418824943554064,71.5366026095573
Kohat,20260828,heavy_rain,False,0.45,1,0,0/8 frames cold enough -- below persistence bar.,شدید بارش کی علامت نہیں,33.418824943554064,71.5366026095573
Kohat,20260828,residue_burning,False,0.5,8,0,Nighttime frame -- daytime fire hot-spot check not applicable.,رات کا وقت -- لاگو نہیں,33.418824943554064,71.5366026095573
Kohat,20260828,thunderstorm,False,0.6,8,0,No overshooting-top signature detected.,کوئی شدید کنویکشن کی علامت نہیں,33.418824943554064,71.5366026095573
Kohat,20260828,uv_index,False,0.5,8,0,Clear-sky/high-sun UV proxy conditions not met.,UV کی سطح زیادہ ہونے کی علامت نہیں,33.418824943554064,71.5366026095573
Kohistan,20260828,cloud_burst,False,0.0,1,0,STUBBED: no consecutive-frame pairs available at all for this location/period.,ڈیٹا دستیاب نہیں,35.283777078626336,73.23547597902369
Kohistan,20260828,cold_wave,False,0.0,1,0,Not enough clear-sky multi-day night skin-temperature data (0 of 0 available frames excluded as cloud-contaminated).,ناکافی صاف آسمان ڈیٹا,35.283777078626336,73.23547597902369
Kohistan,20260828,dust_storm,False,0.0,8,0,Dust-difference channels unavailable.,ڈیٹا دستیاب نہیں,35.283777078626336,73.23547597902369
Kohistan,20260828,fog,False,0.0,8,0,No IR3.9-IR10.8 data at this time/location.,ڈیٹا دستیاب نہیں,35.283777078626336,73.23547597902369
Kohistan,20260828,frost,False,0.0,8,0,MSG skin-temperature/cloud data unavailable.,ڈیٹا دستیاب نہیں,35.283777078626336,73.23547597902369
Kohistan,20260828,hail,False,0.0,8,0,Insufficient data (overshooting tops / glaciation ratio missing).,ناکافی ڈیٹا,35.283777078626336,73.23547597902369
Kohistan,20260828,heat_wave,False,0.0,1,0,Not enough clear-sky multi-day skin-temperature data (0 of 0 available frames excluded as cloud-contaminated).,ناکافی صاف آسمان ڈیٹا,35.283777078626336,73.23547597902369
Kohistan,20260828,heavy_rain,False,0.45,1,0,0/8 frames cold enough -- below persistence bar.,شدید بارش کی علامت نہیں,35.283777078626336,73.23547597902369
Kohistan,20260828,residue_burning,False,0.5,8,0,Nighttime frame -- daytime fire hot-spot check not applicable.,رات کا وقت -- لاگو نہیں,35.283777078626336,73.23547597902369
Kohistan,20260828,thunderstorm,False,0.0,8,0,No convection data at this time/location.,اس وقت/مقام کے لیے کنویکشن ڈیٹا دستیاب نہیں,35.283777078626336,73.23547597902369
Kohistan,20260828,uv_index,False,0.0,8,0,No MSG cloud data available.,ڈیٹا دستیاب نہیں,35.283777078626336,73.23547597902369
Kohlu,20260828,cloud_burst,False,0.2,1,0,STUBBED: nearest available frame pair is 15 min apart (need <=20 min); this archive's cadence is too coarse to evaluate a genuine rate-of-change here. Detector logic is real and will fire once 15-min cadence MSG data is supplied.,ناکافی وقتی ریزولوشن -- 15 منٹ کے تسلسل والا ڈیٹا درکار ہے,29.568958221108144,68.88747489694028
Kohlu,20260828,cold_wave,False,0.33,1,0,Mean clear-sky night skin temp 17.7 C -- above cold-wave threshold.,سردی کی لہر کی علامت نہیں,29.568958221108144,68.88747489694028
Kohlu,20260828,dust_storm,False,0.5,8,0,No dust-storm signature detected.,دھول کے طوفان کی علامت نہیں,29.568958221108144,68.88747489694028
Kohlu,20260828,fog,False,0.6,8,0,IR3.9-IR10.8 = -3.9 K -- outside the fog signature range.,دھند کی علامت نہیں,29.568958221108144,68.88747489694028
Kohlu,20260828,frost,False,0.3,8,0,Not all three frost conditions met (no WRF wind data available).,پالے کی تمام شرائط پوری نہیں ہوئیں,29.568958221108144,68.88747489694028
Kohlu,20260828,hail,False,0.55,8,0,No hail-supporting glaciation signature detected.,اولوں کی کوئی علامت نہیں,29.568958221108144,68.88747489694028
Kohlu,20260828,heat_wave,False,0.0,1,0,Not enough clear-sky multi-day skin-temperature data (0 of 0 available frames excluded as cloud-contaminated).,ناکافی صاف آسمان ڈیٹا,29.568958221108144,68.88747489694028
Kohlu,20260828,heavy_rain,False,0.45,1,0,0/8 frames cold enough -- below persistence bar.,شدید بارش کی علامت نہیں,29.568958221108144,68.88747489694028
Kohlu,20260828,residue_burning,False,0.5,8,0,Nighttime frame -- daytime fire hot-spot check not applicable.,رات کا وقت -- لاگو نہیں,29.568958221108144,68.88747489694028
Kohlu,20260828,thunderstorm,False,0.6,8,0,No overshooting-top signature detected.,کوئی شدید کنویکشن کی علامت نہیں,29.568958221108144,68.88747489694028
Kohlu,20260828,uv_index,False,0.5,8,0,Clear-sky/high-sun UV proxy conditions not met.,UV کی سطح زیادہ ہونے کی علامت نہیں,29.568958221108144,68.88747489694028
Kurram,20260828,cloud_burst,False,0.2,1,0,STUBBED: nearest available frame pair is 15 min apart (need <=20 min); this archive's cadence is too coarse to evaluate a genuine rate-of-change here. Detector logic is real and will fire once 15-min cadence MSG data is supplied.,ناکافی وقتی ریزولوشن -- 15 منٹ کے تسلسل والا ڈیٹا درکار ہے,33.62449227750573,70.40444482790119
Kurram,20260828,cold_wave,False,0.33,1,0,Mean clear-sky night skin temp 8.2 C -- above cold-wave threshold.,سردی کی لہر کی علامت نہیں,33.62449227750573,70.40444482790119
Kurram,20260828,dust_storm,False,0.5,8,0,No dust-storm signature detected.,دھول کے طوفان کی علامت نہیں,33.62449227750573,70.40444482790119
Kurram,20260828,fog,True,0.75,8,2,Small positive IR3.9-IR10.8 difference (1.5 K) over a spatially coherent low-lying area -- classic radiative/advective fog signature. Visibility/ceiling below landing minima. Favourable-for-disease dew conditions; delay spraying until fog clears.,دھند کا امکان (IR3.9-IR10.8 = 1.5 K)۔ رن وے کی مرئیت کم ہو سکتی ہے,33.62449227750573,70.40444482790119
Kurram,20260828,frost,False,0.3,8,0,Not all three frost conditions met (no WRF wind data available).,پالے کی تمام شرائط پوری نہیں ہوئیں,33.62449227750573,70.40444482790119
Kurram,20260828,hail,False,0.0,8,0,Insufficient data (overshooting tops / glaciation ratio missing).,ناکافی ڈیٹا,33.62449227750573,70.40444482790119
Kurram,20260828,heat_wave,False,0.0,1,0,Not enough clear-sky multi-day skin-temperature data (0 of 0 available frames excluded as cloud-contaminated).,ناکافی صاف آسمان ڈیٹا,33.62449227750573,70.40444482790119
Kurram,20260828,heavy_rain,False,0.45,1,0,0/8 frames cold enough -- below persistence bar.,شدید بارش کی علامت نہیں,33.62449227750573,70.40444482790119
Kurram,20260828,residue_burning,False,0.5,8,0,Nighttime frame -- daytime fire hot-spot check not applicable.,رات کا وقت -- لاگو نہیں,33.62449227750573,70.40444482790119
Kurram,20260828,thunderstorm,False,0.6,8,0,No overshooting-top signature detected.,کوئی شدید کنویکشن کی علامت نہیں,33.62449227750573,70.40444482790119
Kurram,20260828,uv_index,False,0.5,8,0,Clear-sky/high-sun UV proxy conditions not met.,UV کی سطح زیادہ ہونے کی علامت نہیں,33.62449227750573,70.40444482790119
Lahore,20260828,cloud_burst,False,0.0,1,0,STUBBED: no consecutive-frame pairs available at all for this location/period.,ڈیٹا دستیاب نہیں,31.42638165339673,74.29984835056979
Lahore,20260828,cold_wave,False,0.0,1,0,Not enough clear-sky multi-day night skin-temperature data (0 of 0 available frames excluded as cloud-contaminated).,ناکافی صاف آسمان ڈیٹا,31.42638165339673,74.29984835056979
Lahore,20260828,dust_storm,False,0.0,8,0,Dust-difference channels unavailable.,ڈیٹا دستیاب نہیں,31.42638165339673,74.29984835056979
Lahore,20260828,fog,False,0.0,8,0,No IR3.9-IR10.8 data at this time/location.,ڈیٹا دستیاب نہیں,31.42638165339673,74.29984835056979
Lahore,20260828,frost,False,0.0,8,0,MSG skin-temperature/cloud data unavailable.,ڈیٹا دستیاب نہیں,31.42638165339673,74.29984835056979
Lahore,20260828,hail,False,0.0,8,0,Insufficient data (overshooting tops / glaciation ratio missing).,ناکافی ڈیٹا,31.42638165339673,74.29984835056979
Lahore,20260828,heat_wave,False,0.0,1,0,Not enough clear-sky multi-day skin-temperature data (0 of 0 available frames excluded as cloud-contaminated).,ناکافی صاف آسمان ڈیٹا,31.42638165339673,74.29984835056979
Lahore,20260828,heavy_rain,False,0.45,1,0,0/8 frames cold enough -- below persistence bar.,شدید بارش کی علامت نہیں,31.42638165339673,74.29984835056979
Lahore,20260828,residue_burning,False,0.5,8,0,Nighttime frame -- daytime fire hot-spot check not applicable.,رات کا وقت -- لاگو نہیں,31.42638165339673,74.29984835056979
Lahore,20260828,thunderstorm,False,0.0,8,0,No convection data at this time/location.,اس وقت/مقام کے لیے کنویکشن ڈیٹا دستیاب نہیں,31.42638165339673,74.29984835056979
Lahore,20260828,uv_index,False,0.0,8,0,No MSG cloud data available.,ڈیٹا دستیاب نہیں,31.42638165339673,74.29984835056979
Lakki Marwat,20260828,cloud_burst,False,0.2,1,0,STUBBED: nearest available frame pair is 15 min apart (need <=20 min); this archive's cadence is too coarse to evaluate a genuine rate-of-change here. Detector logic is real and will fire once 15-min cadence MSG data is supplied.,ناکافی وقتی ریزولوشن -- 15 منٹ کے تسلسل والا ڈیٹا درکار ہے,32.529343689538536,70.81695770905547
Lakki Marwat,20260828,cold_wave,False,0.33,1,0,Mean clear-sky night skin temp 9.8 C -- above cold-wave threshold.,سردی کی لہر کی علامت نہیں,32.529343689538536,70.81695770905547
Lakki Marwat,20260828,dust_storm,False,0.5,8,0,No dust-storm signature detected.,دھول کے طوفان کی علامت نہیں,32.529343689538536,70.81695770905547
Lakki Marwat,20260828,fog,False,0.6,8,0,IR3.9-IR10.8 = -0.8 K -- outside the fog signature range.,دھند کی علامت نہیں,32.529343689538536,70.81695770905547
Lakki Marwat,20260828,frost,False,0.3,8,0,Not all three frost conditions met (no WRF wind data available).,پالے کی تمام شرائط پوری نہیں ہوئیں,32.529343689538536,70.81695770905547
Lakki Marwat,20260828,hail,False,0.0,8,0,Insufficient data (overshooting tops / glaciation ratio missing).,ناکافی ڈیٹا,32.529343689538536,70.81695770905547
Lakki Marwat,20260828,heat_wave,False,0.0,1,0,Not enough clear-sky multi-day skin-temperature data (0 of 0 available frames excluded as cloud-contaminated).,ناکافی صاف آسمان ڈیٹا,32.529343689538536,70.81695770905547
Lakki Marwat,20260828,heavy_rain,False,0.45,1,0,0/8 frames cold enough -- below persistence bar.,شدید بارش کی علامت نہیں,32.529343689538536,70.81695770905547
Lakki Marwat,20260828,residue_burning,False,0.5,8,0,Nighttime frame -- daytime fire hot-spot check not applicable.,رات کا وقت -- لاگو نہیں,32.529343689538536,70.81695770905547
Lakki Marwat,20260828,thunderstorm,False,0.6,8,0,No overshooting-top signature detected.,کوئی شدید کنویکشن کی علامت نہیں,32.529343689538536,70.81695770905547
Lakki Marwat,20260828,uv_index,False,0.5,8,0,Clear-sky/high-sun UV proxy conditions not met.,UV کی سطح زیادہ ہونے کی علامت نہیں,32.529343689538536,70.81695770905547
Lasbela,20260828,cloud_burst,True,0.7,1,1,Cloud top cooling 17.2 K in 15 min -- explosive vertical development.,طوفانی بارش کا فوری خطرہ,25.78761000262494,66.61044026238578
Lasbela,20260828,cold_wave,False,0.33,1,0,Mean clear-sky night skin temp 5.1 C -- above cold-wave threshold.,سردی کی لہر کی علامت نہیں,25.78761000262494,66.61044026238578
Lasbela,20260828,dust_storm,False,0.5,8,0,No dust-storm signature detected.,دھول کے طوفان کی علامت نہیں,25.78761000262494,66.61044026238578
Lasbela,20260828,fog,True,0.75,8,2,Small positive IR3.9-IR10.8 difference (1.0 K) over a spatially coherent low-lying area -- classic radiative/advective fog signature. Visibility/ceiling below landing minima. Favourable-for-disease dew conditions; delay spraying until fog clears.,دھند کا امکان (IR3.9-IR10.8 = 1.0 K)۔ رن وے کی مرئیت کم ہو سکتی ہے,25.78761000262494,66.61044026238578
Lasbela,20260828,frost,False,0.3,8,0,Not all three frost conditions met (no WRF wind data available).,پالے کی تمام شرائط پوری نہیں ہوئیں,25.78761000262494,66.61044026238578
Lasbela,20260828,hail,False,0.0,8,0,Insufficient data (overshooting tops / glaciation ratio missing).,ناکافی ڈیٹا,25.78761000262494,66.61044026238578
Lasbela,20260828,heat_wave,False,0.0,1,0,Not enough clear-sky multi-day skin-temperature data (0 of 0 available frames excluded as cloud-contaminated).,ناکافی صاف آسمان ڈیٹا,25.78761000262494,66.61044026238578
Lasbela,20260828,heavy_rain,False,0.45,1,0,0/8 frames cold enough -- below persistence bar.,شدید بارش کی علامت نہیں,25.78761000262494,66.61044026238578
Lasbela,20260828,residue_burning,False,0.5,8,0,Nighttime frame -- daytime fire hot-spot check not applicable.,رات کا وقت -- لاگو نہیں,25.78761000262494,66.61044026238578
Lasbela,20260828,thunderstorm,False,0.6,8,0,No overshooting-top signature detected.,کوئی شدید کنویکشن کی علامت نہیں,25.78761000262494,66.61044026238578
Lasbela,20260828,uv_index,False,0.5,8,0,Clear-sky/high-sun UV proxy conditions not met.,UV کی سطح زیادہ ہونے کی علامت نہیں,25.78761000262494,66.61044026238578
Layyah,20260828,cloud_burst,False,0.2,1,0,STUBBED: nearest available frame pair is 15 min apart (need <=20 min); this archive's cadence is too coarse to evaluate a genuine rate-of-change here. Detector logic is real and will fire once 15-min cadence MSG data is supplied.,ناکافی وقتی ریزولوشن -- 15 منٹ کے تسلسل والا ڈیٹا درکار ہے,30.912794164007494,71.24379157898795
Layyah,20260828,cold_wave,False,0.33,1,0,Mean clear-sky night skin temp 14.0 C -- above cold-wave threshold.,سردی کی لہر کی علامت نہیں,30.912794164007494,71.24379157898795
Layyah,20260828,dust_storm,False,0.5,8,0,No dust-storm signature detected.,دھول کے طوفان کی علامت نہیں,30.912794164007494,71.24379157898795
Layyah,20260828,fog,False,0.6,8,0,IR3.9-IR10.8 = -3.5 K -- outside the fog signature range.,دھند کی علامت نہیں,30.912794164007494,71.24379157898795
Layyah,20260828,frost,False,0.3,8,0,Not all three frost conditions met (no WRF wind data available).,پالے کی تمام شرائط پوری نہیں ہوئیں,30.912794164007494,71.24379157898795
Layyah,20260828,hail,False,0.0,8,0,Insufficient data (overshooting tops / glaciation ratio missing).,ناکافی ڈیٹا,30.912794164007494,71.24379157898795
Layyah,20260828,heat_wave,False,0.0,1,0,Not enough clear-sky multi-day skin-temperature data (0 of 0 available frames excluded as cloud-contaminated).,ناکافی صاف آسمان ڈیٹا,30.912794164007494,71.24379157898795
Layyah,20260828,heavy_rain,False,0.45,1,0,0/8 frames cold enough -- below persistence bar.,شدید بارش کی علامت نہیں,30.912794164007494,71.24379157898795
Layyah,20260828,residue_burning,False,0.5,8,0,Nighttime frame -- daytime fire hot-spot check not applicable.,رات کا وقت -- لاگو نہیں,30.912794164007494,71.24379157898795
Layyah,20260828,thunderstorm,False,0.6,8,0,No overshooting-top signature detected.,کوئی شدید کنویکشن کی علامت نہیں,30.912794164007494,71.24379157898795
Layyah,20260828,uv_index,False,0.5,8,0,Clear-sky/high-sun UV proxy conditions not met.,UV کی سطح زیادہ ہونے کی علامت نہیں,30.912794164007494,71.24379157898795
Lodhran,20260828,cloud_burst,False,0.2,1,0,STUBBED: nearest available frame pair is 15 min apart (need <=20 min); this archive's cadence is too coarse to evaluate a genuine rate-of-change here. Detector logic is real and will fire once 15-min cadence MSG data is supplied.,ناکافی وقتی ریزولوشن -- 15 منٹ کے تسلسل والا ڈیٹا درکار ہے,29.6947473198121,71.73476503298319
Lodhran,20260828,cold_wave,False,0.33,1,0,Mean clear-sky night skin temp 13.0 C -- above cold-wave threshold.,سردی کی لہر کی علامت نہیں,29.6947473198121,71.73476503298319
Lodhran,20260828,dust_storm,False,0.5,8,0,No dust-storm signature detected.,دھول کے طوفان کی علامت نہیں,29.6947473198121,71.73476503298319
Lodhran,20260828,fog,False,0.6,8,0,IR3.9-IR10.8 = -1.9 K -- outside the fog signature range.,دھند کی علامت نہیں,29.6947473198121,71.73476503298319
Lodhran,20260828,frost,False,0.3,8,0,Not all three frost conditions met (no WRF wind data available).,پالے کی تمام شرائط پوری نہیں ہوئیں,29.6947473198121,71.73476503298319
Lodhran,20260828,hail,False,0.0,8,0,Insufficient data (overshooting tops / glaciation ratio missing).,ناکافی ڈیٹا,29.6947473198121,71.73476503298319
Lodhran,20260828,heat_wave,False,0.0,1,0,Not enough clear-sky multi-day skin-temperature data (0 of 0 available frames excluded as cloud-contaminated).,ناکافی صاف آسمان ڈیٹا,29.6947473198121,71.73476503298319
Lodhran,20260828,heavy_rain,False,0.45,1,0,0/8 frames cold enough -- below persistence bar.,شدید بارش کی علامت نہیں,29.6947473198121,71.73476503298319
Lodhran,20260828,residue_burning,False,0.5,8,0,Nighttime frame -- daytime fire hot-spot check not applicable.,رات کا وقت -- لاگو نہیں,29.6947473198121,71.73476503298319
Lodhran,20260828,thunderstorm,False,0.6,8,0,No overshooting-top signature detected.,کوئی شدید کنویکشن کی علامت نہیں,29.6947473198121,71.73476503298319
Lodhran,20260828,uv_index,False,0.5,8,0,Clear-sky/high-sun UV proxy conditions not met.,UV کی سطح زیادہ ہونے کی علامت نہیں,29.6947473198121,71.73476503298319
Loralai,20260828,cloud_burst,False,0.2,1,0,STUBBED: nearest available frame pair is 15 min apart (need <=20 min); this archive's cadence is too coarse to evaluate a genuine rate-of-change here. Detector logic is real and will fire once 15-min cadence MSG data is supplied.,ناکافی وقتی ریزولوشن -- 15 منٹ کے تسلسل والا ڈیٹا درکار ہے,30.264281575920926,68.73050867303363
Loralai,20260828,cold_wave,False,0.33,1,0,Mean clear-sky night skin temp 15.4 C -- above cold-wave threshold.,سردی کی لہر کی علامت نہیں,30.264281575920926,68.73050867303363
Loralai,20260828,dust_storm,False,0.5,8,0,No dust-storm signature detected.,دھول کے طوفان کی علامت نہیں,30.264281575920926,68.73050867303363
Loralai,20260828,fog,False,0.6,8,0,IR3.9-IR10.8 = -2.2 K -- outside the fog signature range.,دھند کی علامت نہیں,30.264281575920926,68.73050867303363
Loralai,20260828,frost,False,0.3,8,0,Not all three frost conditions met (no WRF wind data available).,پالے کی تمام شرائط پوری نہیں ہوئیں,30.264281575920926,68.73050867303363
Loralai,20260828,hail,False,0.0,8,0,Insufficient data (overshooting tops / glaciation ratio missing).,ناکافی ڈیٹا,30.264281575920926,68.73050867303363
Loralai,20260828,heat_wave,False,0.0,1,0,Not enough clear-sky multi-day skin-temperature data (0 of 0 available frames excluded as cloud-contaminated).,ناکافی صاف آسمان ڈیٹا,30.264281575920926,68.73050867303363
Loralai,20260828,heavy_rain,False,0.45,1,0,0/8 frames cold enough -- below persistence bar.,شدید بارش کی علامت نہیں,30.264281575920926,68.73050867303363
Loralai,20260828,residue_burning,False,0.5,8,0,Nighttime frame -- daytime fire hot-spot check not applicable.,رات کا وقت -- لاگو نہیں,30.264281575920926,68.73050867303363
Loralai,20260828,thunderstorm,False,0.6,8,0,No overshooting-top signature detected.,کوئی شدید کنویکشن کی علامت نہیں,30.264281575920926,68.73050867303363
Loralai,20260828,uv_index,False,0.5,8,0,Clear-sky/high-sun UV proxy conditions not met.,UV کی سطح زیادہ ہونے کی علامت نہیں,30.264281575920926,68.73050867303363
Lower Dir,20260828,cloud_burst,False,0.2,1,0,STUBBED: nearest available frame pair is 15 min apart (need <=20 min); this archive's cadence is too coarse to evaluate a genuine rate-of-change here. Detector logic is real and will fire once 15-min cadence MSG data is supplied.,ناکافی وقتی ریزولوشن -- 15 منٹ کے تسلسل والا ڈیٹا درکار ہے,34.81995197010533,71.84807095601087
Lower Dir,20260828,cold_wave,False,0.33,1,0,Mean clear-sky night skin temp 9.3 C -- above cold-wave threshold.,سردی کی لہر کی علامت نہیں,34.81995197010533,71.84807095601087
Lower Dir,20260828,dust_storm,False,0.5,8,0,No dust-storm signature detected.,دھول کے طوفان کی علامت نہیں,34.81995197010533,71.84807095601087
Lower Dir,20260828,fog,False,0.6,8,0,IR3.9-IR10.8 = -3.2 K -- outside the fog signature range.,دھند کی علامت نہیں,34.81995197010533,71.84807095601087
Lower Dir,20260828,frost,False,0.3,8,0,Not all three frost conditions met (no WRF wind data available).,پالے کی تمام شرائط پوری نہیں ہوئیں,34.81995197010533,71.84807095601087
Lower Dir,20260828,hail,False,0.0,8,0,Insufficient data (overshooting tops / glaciation ratio missing).,ناکافی ڈیٹا,34.81995197010533,71.84807095601087
Lower Dir,20260828,heat_wave,False,0.0,1,0,Not enough clear-sky multi-day skin-temperature data (0 of 0 available frames excluded as cloud-contaminated).,ناکافی صاف آسمان ڈیٹا,34.81995197010533,71.84807095601087
Lower Dir,20260828,heavy_rain,False,0.45,1,0,0/8 frames cold enough -- below persistence bar.,شدید بارش کی علامت نہیں,34.81995197010533,71.84807095601087
Lower Dir,20260828,residue_burning,False,0.5,8,0,Nighttime frame -- daytime fire hot-spot check not applicable.,رات کا وقت -- لاگو نہیں,34.81995197010533,71.84807095601087
Lower Dir,20260828,thunderstorm,False,0.6,8,0,No overshooting-top signature detected.,کوئی شدید کنویکشن کی علامت نہیں,34.81995197010533,71.84807095601087
Lower Dir,20260828,uv_index,False,0.5,8,0,Clear-sky/high-sun UV proxy conditions not met.,UV کی سطح زیادہ ہونے کی علامت نہیں,34.81995197010533,71.84807095601087
Malakand,20260828,cloud_burst,False,0.2,1,0,STUBBED: nearest available frame pair is 15 min apart (need <=20 min); this archive's cadence is too coarse to evaluate a genuine rate-of-change here. Detector logic is real and will fire once 15-min cadence MSG data is supplied.,ناکافی وقتی ریزولوشن -- 15 منٹ کے تسلسل والا ڈیٹا درکار ہے,34.490702704742134,71.90262504844601
Malakand,20260828,cold_wave,False,0.33,1,0,Mean clear-sky night skin temp 10.8 C -- above cold-wave threshold.,سردی کی لہر کی علامت نہیں,34.490702704742134,71.90262504844601
Malakand,20260828,dust_storm,False,0.5,8,0,No dust-storm signature detected.,دھول کے طوفان کی علامت نہیں,34.490702704742134,71.90262504844601
Malakand,20260828,fog,False,0.6,8,0,IR3.9-IR10.8 = -2.4 K -- outside the fog signature range.,دھند کی علامت نہیں,34.490702704742134,71.90262504844601
Malakand,20260828,frost,False,0.3,8,0,Not all three frost conditions met (no WRF wind data available).,پالے کی تمام شرائط پوری نہیں ہوئیں,34.490702704742134,71.90262504844601
Malakand,20260828,hail,False,0.0,8,0,Insufficient data (overshooting tops / glaciation ratio missing).,ناکافی ڈیٹا,34.490702704742134,71.90262504844601
Malakand,20260828,heat_wave,False,0.0,1,0,Not enough clear-sky multi-day skin-temperature data (0 of 0 available frames excluded as cloud-contaminated).,ناکافی صاف آسمان ڈیٹا,34.490702704742134,71.90262504844601
Malakand,20260828,heavy_rain,False,0.45,1,0,0/8 frames cold enough -- below persistence bar.,شدید بارش کی علامت نہیں,34.490702704742134,71.90262504844601
Malakand,20260828,residue_burning,False,0.5,8,0,Nighttime frame -- daytime fire hot-spot check not applicable.,رات کا وقت -- لاگو نہیں,34.490702704742134,71.90262504844601
Malakand,20260828,thunderstorm,False,0.6,8,0,No overshooting-top signature detected.,کوئی شدید کنویکشن کی علامت نہیں,34.490702704742134,71.90262504844601
Malakand,20260828,uv_index,False,0.5,8,0,Clear-sky/high-sun UV proxy conditions not met.,UV کی سطح زیادہ ہونے کی علامت نہیں,34.490702704742134,71.90262504844601
Mandi Bahauddin,20260828,cloud_burst,False,0.2,1,0,STUBBED: nearest available frame pair is 15 min apart (need <=20 min); this archive's cadence is too coarse to evaluate a genuine rate-of-change here. Detector logic is real and will fire once 15-min cadence MSG data is supplied.,ناکافی وقتی ریزولوشن -- 15 منٹ کے تسلسل والا ڈیٹا درکار ہے,32.380949633723084,73.42640461875796
Mandi Bahauddin,20260828,cold_wave,False,0.33,1,0,Mean clear-sky night skin temp 11.7 C -- above cold-wave threshold.,سردی کی لہر کی علامت نہیں,32.380949633723084,73.42640461875796
Mandi Bahauddin,20260828,dust_storm,False,0.5,8,0,No dust-storm signature detected.,دھول کے طوفان کی علامت نہیں,32.380949633723084,73.42640461875796
Mandi Bahauddin,20260828,fog,False,0.6,8,0,IR3.9-IR10.8 = -4.1 K -- outside the fog signature range.,دھند کی علامت نہیں,32.380949633723084,73.42640461875796
Mandi Bahauddin,20260828,frost,False,0.3,8,0,Not all three frost conditions met (no WRF wind data available).,پالے کی تمام شرائط پوری نہیں ہوئیں,32.380949633723084,73.42640461875796
Mandi Bahauddin,20260828,hail,False,0.0,8,0,Insufficient data (overshooting tops / glaciation ratio missing).,ناکافی ڈیٹا,32.380949633723084,73.42640461875796
Mandi Bahauddin,20260828,heat_wave,False,0.0,1,0,Not enough clear-sky multi-day skin-temperature data (0 of 0 available frames excluded as cloud-contaminated).,ناکافی صاف آسمان ڈیٹا,32.380949633723084,73.42640461875796
Mandi Bahauddin,20260828,heavy_rain,False,0.45,1,0,0/8 frames cold enough -- below persistence bar.,شدید بارش کی علامت نہیں,32.380949633723084,73.42640461875796
Mandi Bahauddin,20260828,residue_burning,False,0.5,8,0,Nighttime frame -- daytime fire hot-spot check not applicable.,رات کا وقت -- لاگو نہیں,32.380949633723084,73.42640461875796
Mandi Bahauddin,20260828,thunderstorm,False,0.6,8,0,No overshooting-top signature detected.,کوئی شدید کنویکشن کی علامت نہیں,32.380949633723084,73.42640461875796
Mandi Bahauddin,20260828,uv_index,False,0.5,8,0,Clear-sky/high-sun UV proxy conditions not met.,UV کی سطح زیادہ ہونے کی علامت نہیں,32.380949633723084,73.42640461875796
Mansehra,20260828,cloud_burst,False,0.2,1,0,STUBBED: nearest available frame pair is 15 min apart (need <=20 min); this archive's cadence is too coarse to evaluate a genuine rate-of-change here. Detector logic is real and will fire once 15-min cadence MSG data is supplied.,ناکافی وقتی ریزولوشن -- 15 منٹ کے تسلسل والا ڈیٹا درکار ہے,34.66967253689031,73.34549478620973
Mansehra,20260828,cold_wave,False,0.33,1,0,Mean clear-sky night skin temp 7.0 C -- above cold-wave threshold.,سردی کی لہر کی علامت نہیں,34.66967253689031,73.34549478620973
Mansehra,20260828,dust_storm,False,0.5,8,0,No dust-storm signature detected.,دھول کے طوفان کی علامت نہیں,34.66967253689031,73.34549478620973
Mansehra,20260828,fog,False,0.6,8,0,IR3.9-IR10.8 = -5.1 K -- outside the fog signature range.,دھند کی علامت نہیں,34.66967253689031,73.34549478620973
Mansehra,20260828,frost,False,0.3,8,0,Not all three frost conditions met (no WRF wind data available).,پالے کی تمام شرائط پوری نہیں ہوئیں,34.66967253689031,73.34549478620973
Mansehra,20260828,hail,False,0.0,8,0,Insufficient data (overshooting tops / glaciation ratio missing).,ناکافی ڈیٹا,34.66967253689031,73.34549478620973
Mansehra,20260828,heat_wave,False,0.0,1,0,Not enough clear-sky multi-day skin-temperature data (0 of 0 available frames excluded as cloud-contaminated).,ناکافی صاف آسمان ڈیٹا,34.66967253689031,73.34549478620973
Mansehra,20260828,heavy_rain,False,0.45,1,0,0/8 frames cold enough -- below persistence bar.,شدید بارش کی علامت نہیں,34.66967253689031,73.34549478620973
Mansehra,20260828,residue_burning,False,0.5,8,0,Nighttime frame -- daytime fire hot-spot check not applicable.,رات کا وقت -- لاگو نہیں,34.66967253689031,73.34549478620973
Mansehra,20260828,thunderstorm,False,0.6,8,0,No overshooting-top signature detected.,کوئی شدید کنویکشن کی علامت نہیں,34.66967253689031,73.34549478620973
Mansehra,20260828,uv_index,False,0.5,8,0,Clear-sky/high-sun UV proxy conditions not met.,UV کی سطح زیادہ ہونے کی علامت نہیں,34.66967253689031,73.34549478620973
Mardan,20260828,cloud_burst,False,0.2,1,0,STUBBED: nearest available frame pair is 15 min apart (need <=20 min); this archive's cadence is too coarse to evaluate a genuine rate-of-change here. Detector logic is real and will fire once 15-min cadence MSG data is supplied.,ناکافی وقتی ریزولوشن -- 15 منٹ کے تسلسل والا ڈیٹا درکار ہے,34.29048771185018,72.12951391041531
Mardan,20260828,cold_wave,False,0.33,1,0,Mean clear-sky night skin temp 11.1 C -- above cold-wave threshold.,سردی کی لہر کی علامت نہیں,34.29048771185018,72.12951391041531
Mardan,20260828,dust_storm,False,0.5,8,0,No dust-storm signature detected.,دھول کے طوفان کی علامت نہیں,34.29048771185018,72.12951391041531
Mardan,20260828,fog,False,0.6,8,0,IR3.9-IR10.8 = -2.7 K -- outside the fog signature range.,دھند کی علامت نہیں,34.29048771185018,72.12951391041531
Mardan,20260828,frost,False,0.3,8,0,Not all three frost conditions met (no WRF wind data available).,پالے کی تمام شرائط پوری نہیں ہوئیں,34.29048771185018,72.12951391041531
Mardan,20260828,hail,False,0.0,8,0,Insufficient data (overshooting tops / glaciation ratio missing).,ناکافی ڈیٹا,34.29048771185018,72.12951391041531
Mardan,20260828,heat_wave,False,0.0,1,0,Not enough clear-sky multi-day skin-temperature data (0 of 0 available frames excluded as cloud-contaminated).,ناکافی صاف آسمان ڈیٹا,34.29048771185018,72.12951391041531
Mardan,20260828,heavy_rain,False,0.45,1,0,0/8 frames cold enough -- below persistence bar.,شدید بارش کی علامت نہیں,34.29048771185018,72.12951391041531
Mardan,20260828,residue_burning,False,0.5,8,0,Nighttime frame -- daytime fire hot-spot check not applicable.,رات کا وقت -- لاگو نہیں,34.29048771185018,72.12951391041531
Mardan,20260828,thunderstorm,False,0.6,8,0,No overshooting-top signature detected.,کوئی شدید کنویکشن کی علامت نہیں,34.29048771185018,72.12951391041531
Mardan,20260828,uv_index,False,0.5,8,0,Clear-sky/high-sun UV proxy conditions not met.,UV کی سطح زیادہ ہونے کی علامت نہیں,34.29048771185018,72.12951391041531
Mastung,20260828,cloud_burst,False,0.2,1,0,STUBBED: nearest available frame pair is 15 min apart (need <=20 min); this archive's cadence is too coarse to evaluate a genuine rate-of-change here. Detector logic is real and will fire once 15-min cadence MSG data is supplied.,ناکافی وقتی ریزولوشن -- 15 منٹ کے تسلسل والا ڈیٹا درکار ہے,29.719127222019086,66.91459776236731
Mastung,20260828,cold_wave,False,0.33,1,0,Mean clear-sky night skin temp 16.1 C -- above cold-wave threshold.,سردی کی لہر کی علامت نہیں,29.719127222019086,66.91459776236731
Mastung,20260828,dust_storm,False,0.5,8,0,No dust-storm signature detected.,دھول کے طوفان کی علامت نہیں,29.719127222019086,66.91459776236731
Mastung,20260828,fog,False,0.6,8,0,IR3.9-IR10.8 = -4.1 K -- outside the fog signature range.,دھند کی علامت نہیں,29.719127222019086,66.91459776236731
Mastung,20260828,frost,False,0.3,8,0,Not all three frost conditions met (no WRF wind data available).,پالے کی تمام شرائط پوری نہیں ہوئیں,29.719127222019086,66.91459776236731
Mastung,20260828,hail,False,0.0,8,0,Insufficient data (overshooting tops / glaciation ratio missing).,ناکافی ڈیٹا,29.719127222019086,66.91459776236731
Mastung,20260828,heat_wave,False,0.0,1,0,Not enough clear-sky multi-day skin-temperature data (0 of 0 available frames excluded as cloud-contaminated).,ناکافی صاف آسمان ڈیٹا,29.719127222019086,66.91459776236731
Mastung,20260828,heavy_rain,False,0.45,1,0,0/8 frames cold enough -- below persistence bar.,شدید بارش کی علامت نہیں,29.719127222019086,66.91459776236731
Mastung,20260828,residue_burning,False,0.5,8,0,Nighttime frame -- daytime fire hot-spot check not applicable.,رات کا وقت -- لاگو نہیں,29.719127222019086,66.91459776236731
Mastung,20260828,thunderstorm,False,0.6,8,0,No overshooting-top signature detected.,کوئی شدید کنویکشن کی علامت نہیں,29.719127222019086,66.91459776236731
Mastung,20260828,uv_index,False,0.5,8,0,Clear-sky/high-sun UV proxy conditions not met.,UV کی سطح زیادہ ہونے کی علامت نہیں,29.719127222019086,66.91459776236731
Matiari,20260828,cloud_burst,False,0.2,1,0,STUBBED: nearest available frame pair is 15 min apart (need <=20 min); this archive's cadence is too coarse to evaluate a genuine rate-of-change here. Detector logic is real and will fire once 15-min cadence MSG data is supplied.,ناکافی وقتی ریزولوشن -- 15 منٹ کے تسلسل والا ڈیٹا درکار ہے,25.8206183400661,68.41778750435569
Matiari,20260828,cold_wave,False,0.33,1,0,Mean clear-sky night skin temp 16.5 C -- above cold-wave threshold.,سردی کی لہر کی علامت نہیں,25.8206183400661,68.41778750435569
Matiari,20260828,dust_storm,False,0.5,8,0,No dust-storm signature detected.,دھول کے طوفان کی علامت نہیں,25.8206183400661,68.41778750435569
Matiari,20260828,fog,True,0.75,8,1,Small positive IR3.9-IR10.8 difference (1.1 K) over a spatially coherent low-lying area -- classic radiative/advective fog signature. Visibility/ceiling below landing minima. Favourable-for-disease dew conditions; delay spraying until fog clears.,دھند کا امکان (IR3.9-IR10.8 = 1.1 K)۔ رن وے کی مرئیت کم ہو سکتی ہے,25.8206183400661,68.41778750435569
Matiari,20260828,frost,False,0.3,8,0,Not all three frost conditions met (no WRF wind data available).,پالے کی تمام شرائط پوری نہیں ہوئیں,25.8206183400661,68.41778750435569
Matiari,20260828,hail,False,0.0,8,0,Insufficient data (overshooting tops / glaciation ratio missing).,ناکافی ڈیٹا,25.8206183400661,68.41778750435569
Matiari,20260828,heat_wave,False,0.0,1,0,Not enough clear-sky multi-day skin-temperature data (0 of 0 available frames excluded as cloud-contaminated).,ناکافی صاف آسمان ڈیٹا,25.8206183400661,68.41778750435569
Matiari,20260828,heavy_rain,False,0.45,1,0,0/8 frames cold enough -- below persistence bar.,شدید بارش کی علامت نہیں,25.8206183400661,68.41778750435569
Matiari,20260828,residue_burning,False,0.5,8,0,Nighttime frame -- daytime fire hot-spot check not applicable.,رات کا وقت -- لاگو نہیں,25.8206183400661,68.41778750435569
Matiari,20260828,thunderstorm,False,0.6,8,0,No overshooting-top signature detected.,کوئی شدید کنویکشن کی علامت نہیں,25.8206183400661,68.41778750435569
Matiari,20260828,uv_index,False,0.5,8,0,Clear-sky/high-sun UV proxy conditions not met.,UV کی سطح زیادہ ہونے کی علامت نہیں,25.8206183400661,68.41778750435569
Mianwali,20260828,cloud_burst,False,0.2,1,0,STUBBED: nearest available frame pair is 15 min apart (need <=20 min); this archive's cadence is too coarse to evaluate a genuine rate-of-change here. Detector logic is real and will fire once 15-min cadence MSG data is supplied.,ناکافی وقتی ریزولوشن -- 15 منٹ کے تسلسل والا ڈیٹا درکار ہے,32.640365000796535,71.51977277971432
Mianwali,20260828,cold_wave,False,0.33,1,0,Mean clear-sky night skin temp 11.7 C -- above cold-wave threshold.,سردی کی لہر کی علامت نہیں,32.640365000796535,71.51977277971432
Mianwali,20260828,dust_storm,False,0.5,8,0,No dust-storm signature detected.,دھول کے طوفان کی علامت نہیں,32.640365000796535,71.51977277971432
Mianwali,20260828,fog,False,0.6,8,0,IR3.9-IR10.8 = -3.5 K -- outside the fog signature range.,دھند کی علامت نہیں,32.640365000796535,71.51977277971432
Mianwali,20260828,frost,False,0.3,8,0,Not all three frost conditions met (no WRF wind data available).,پالے کی تمام شرائط پوری نہیں ہوئیں,32.640365000796535,71.51977277971432
Mianwali,20260828,hail,False,0.0,8,0,Insufficient data (overshooting tops / glaciation ratio missing).,ناکافی ڈیٹا,32.640365000796535,71.51977277971432
Mianwali,20260828,heat_wave,False,0.0,1,0,Not enough clear-sky multi-day skin-temperature data (0 of 0 available frames excluded as cloud-contaminated).,ناکافی صاف آسمان ڈیٹا,32.640365000796535,71.51977277971432
Mianwali,20260828,heavy_rain,False,0.45,1,0,0/8 frames cold enough -- below persistence bar.,شدید بارش کی علامت نہیں,32.640365000796535,71.51977277971432
Mianwali,20260828,residue_burning,False,0.5,8,0,Nighttime frame -- daytime fire hot-spot check not applicable.,رات کا وقت -- لاگو نہیں,32.640365000796535,71.51977277971432
Mianwali,20260828,thunderstorm,False,0.6,8,0,No overshooting-top signature detected.,کوئی شدید کنویکشن کی علامت نہیں,32.640365000796535,71.51977277971432
Mianwali,20260828,uv_index,False,0.5,8,0,Clear-sky/high-sun UV proxy conditions not met.,UV کی سطح زیادہ ہونے کی علامت نہیں,32.640365000796535,71.51977277971432
Mirpurkhas,20260828,cloud_burst,False,0.2,1,0,STUBBED: nearest available frame pair is 15 min apart (need <=20 min); this archive's cadence is too coarse to evaluate a genuine rate-of-change here. Detector logic is real and will fire once 15-min cadence MSG data is supplied.,ناکافی وقتی ریزولوشن -- 15 منٹ کے تسلسل والا ڈیٹا درکار ہے,25.22578109140304,69.1864815369011
Mirpurkhas,20260828,cold_wave,False,0.33,1,0,Mean clear-sky night skin temp 11.8 C -- above cold-wave threshold.,سردی کی لہر کی علامت نہیں,25.22578109140304,69.1864815369011
Mirpurkhas,20260828,dust_storm,False,0.5,8,0,No dust-storm signature detected.,دھول کے طوفان کی علامت نہیں,25.22578109140304,69.1864815369011
Mirpurkhas,20260828,fog,False,0.6,8,0,IR3.9-IR10.8 = 0.0 K -- outside the fog signature range.,دھند کی علامت نہیں,25.22578109140304,69.1864815369011
Mirpurkhas,20260828,frost,False,0.3,8,0,Not all three frost conditions met (no WRF wind data available).,پالے کی تمام شرائط پوری نہیں ہوئیں,25.22578109140304,69.1864815369011
Mirpurkhas,20260828,hail,False,0.0,8,0,Insufficient data (overshooting tops / glaciation ratio missing).,ناکافی ڈیٹا,25.22578109140304,69.1864815369011
Mirpurkhas,20260828,heat_wave,False,0.0,1,0,Not enough clear-sky multi-day skin-temperature data (0 of 0 available frames excluded as cloud-contaminated).,ناکافی صاف آسمان ڈیٹا,25.22578109140304,69.1864815369011
Mirpurkhas,20260828,heavy_rain,False,0.45,1,0,0/8 frames cold enough -- below persistence bar.,شدید بارش کی علامت نہیں,25.22578109140304,69.1864815369011
Mirpurkhas,20260828,residue_burning,False,0.5,8,0,Nighttime frame -- daytime fire hot-spot check not applicable.,رات کا وقت -- لاگو نہیں,25.22578109140304,69.1864815369011
Mirpurkhas,20260828,thunderstorm,False,0.6,8,0,No overshooting-top signature detected.,کوئی شدید کنویکشن کی علامت نہیں,25.22578109140304,69.1864815369011
Mirpurkhas,20260828,uv_index,False,0.5,8,0,Clear-sky/high-sun UV proxy conditions not met.,UV کی سطح زیادہ ہونے کی علامت نہیں,25.22578109140304,69.1864815369011
Mohmand,20260828,cloud_burst,False,0.2,1,0,STUBBED: nearest available frame pair is 15 min apart (need <=20 min); this archive's cadence is too coarse to evaluate a genuine rate-of-change here. Detector logic is real and will fire once 15-min cadence MSG data is supplied.,ناکافی وقتی ریزولوشن -- 15 منٹ کے تسلسل والا ڈیٹا درکار ہے,34.395923647311605,71.38243453761203
Mohmand,20260828,cold_wave,False,0.33,1,0,Mean clear-sky night skin temp 11.0 C -- above cold-wave threshold.,سردی کی لہر کی علامت نہیں,34.395923647311605,71.38243453761203
Mohmand,20260828,dust_storm,False,0.5,8,0,No dust-storm signature detected.,دھول کے طوفان کی علامت نہیں,34.395923647311605,71.38243453761203
Mohmand,20260828,fog,False,0.6,8,0,IR3.9-IR10.8 = -2.2 K -- outside the fog signature range.,دھند کی علامت نہیں,34.395923647311605,71.38243453761203
Mohmand,20260828,frost,False,0.3,8,0,Not all three frost conditions met (no WRF wind data available).,پالے کی تمام شرائط پوری نہیں ہوئیں,34.395923647311605,71.38243453761203
Mohmand,20260828,hail,False,0.0,8,0,Insufficient data (overshooting tops / glaciation ratio missing).,ناکافی ڈیٹا,34.395923647311605,71.38243453761203
Mohmand,20260828,heat_wave,False,0.0,1,0,Not enough clear-sky multi-day skin-temperature data (0 of 0 available frames excluded as cloud-contaminated).,ناکافی صاف آسمان ڈیٹا,34.395923647311605,71.38243453761203
Mohmand,20260828,heavy_rain,False,0.45,1,0,0/8 frames cold enough -- below persistence bar.,شدید بارش کی علامت نہیں,34.395923647311605,71.38243453761203
Mohmand,20260828,residue_burning,False,0.5,8,0,Nighttime frame -- daytime fire hot-spot check not applicable.,رات کا وقت -- لاگو نہیں,34.395923647311605,71.38243453761203
Mohmand,20260828,thunderstorm,False,0.6,8,0,No overshooting-top signature detected.,کوئی شدید کنویکشن کی علامت نہیں,34.395923647311605,71.38243453761203
Mohmand,20260828,uv_index,False,0.5,8,0,Clear-sky/high-sun UV proxy conditions not met.,UV کی سطح زیادہ ہونے کی علامت نہیں,34.395923647311605,71.38243453761203
Multan,20260828,cloud_burst,False,0.2,1,0,STUBBED: nearest available frame pair is 15 min apart (need <=20 min); this archive's cadence is too coarse to evaluate a genuine rate-of-change here. Detector logic is real and will fire once 15-min cadence MSG data is supplied.,ناکافی وقتی ریزولوشن -- 15 منٹ کے تسلسل والا ڈیٹا درکار ہے,29.915989031052323,71.38805588266719
Multan,20260828,cold_wave,False,0.33,1,0,Mean clear-sky night skin temp 14.3 C -- above cold-wave threshold.,سردی کی لہر کی علامت نہیں,29.915989031052323,71.38805588266719
Multan,20260828,dust_storm,False,0.5,8,0,No dust-storm signature detected.,دھول کے طوفان کی علامت نہیں,29.915989031052323,71.38805588266719
Multan,20260828,fog,False,0.6,8,0,IR3.9-IR10.8 = -3.8 K -- outside the fog signature range.,دھند کی علامت نہیں,29.915989031052323,71.38805588266719
Multan,20260828,frost,False,0.3,8,0,Not all three frost conditions met (no WRF wind data available).,پالے کی تمام شرائط پوری نہیں ہوئیں,29.915989031052323,71.38805588266719
Multan,20260828,hail,False,0.0,8,0,Insufficient data (overshooting tops / glaciation ratio missing).,ناکافی ڈیٹا,29.915989031052323,71.38805588266719
Multan,20260828,heat_wave,False,0.0,1,0,Not enough clear-sky multi-day skin-temperature data (0 of 0 available frames excluded as cloud-contaminated).,ناکافی صاف آسمان ڈیٹا,29.915989031052323,71.38805588266719
Multan,20260828,heavy_rain,False,0.45,1,0,0/8 frames cold enough -- below persistence bar.,شدید بارش کی علامت نہیں,29.915989031052323,71.38805588266719
Multan,20260828,residue_burning,False,0.5,8,0,Nighttime frame -- daytime fire hot-spot check not applicable.,رات کا وقت -- لاگو نہیں,29.915989031052323,71.38805588266719
Multan,20260828,thunderstorm,False,0.6,8,0,No overshooting-top signature detected.,کوئی شدید کنویکشن کی علامت نہیں,29.915989031052323,71.38805588266719
Multan,20260828,uv_index,False,0.5,8,0,Clear-sky/high-sun UV proxy conditions not met.,UV کی سطح زیادہ ہونے کی علامت نہیں,29.915989031052323,71.38805588266719
Musakhel,20260828,cloud_burst,False,0.2,1,0,STUBBED: nearest available frame pair is 15 min apart (need <=20 min); this archive's cadence is too coarse to evaluate a genuine rate-of-change here. Detector logic is real and will fire once 15-min cadence MSG data is supplied.,ناکافی وقتی ریزولوشن -- 15 منٹ کے تسلسل والا ڈیٹا درکار ہے,30.770812553546975,69.9196119125459
Musakhel,20260828,cold_wave,False,0.33,1,0,Mean clear-sky night skin temp 14.8 C -- above cold-wave threshold.,سردی کی لہر کی علامت نہیں,30.770812553546975,69.9196119125459
Musakhel,20260828,dust_storm,False,0.5,8,0,No dust-storm signature detected.,دھول کے طوفان کی علامت نہیں,30.770812553546975,69.9196119125459
Musakhel,20260828,fog,False,0.6,8,0,IR3.9-IR10.8 = -2.2 K -- outside the fog signature range.,دھند کی علامت نہیں,30.770812553546975,69.9196119125459
Musakhel,20260828,frost,False,0.3,8,0,Not all three frost conditions met (no WRF wind data available).,پالے کی تمام شرائط پوری نہیں ہوئیں,30.770812553546975,69.9196119125459
Musakhel,20260828,hail,False,0.0,8,0,Insufficient data (overshooting tops / glaciation ratio missing).,ناکافی ڈیٹا,30.770812553546975,69.9196119125459
Musakhel,20260828,heat_wave,False,0.0,1,0,Not enough clear-sky multi-day skin-temperature data (0 of 0 available frames excluded as cloud-contaminated).,ناکافی صاف آسمان ڈیٹا,30.770812553546975,69.9196119125459
Musakhel,20260828,heavy_rain,False,0.45,1,0,0/8 frames cold enough -- below persistence bar.,شدید بارش کی علامت نہیں,30.770812553546975,69.9196119125459
Musakhel,20260828,residue_burning,False,0.5,8,0,Nighttime frame -- daytime fire hot-spot check not applicable.,رات کا وقت -- لاگو نہیں,30.770812553546975,69.9196119125459
Musakhel,20260828,thunderstorm,False,0.6,8,0,No overshooting-top signature detected.,کوئی شدید کنویکشن کی علامت نہیں,30.770812553546975,69.9196119125459
Musakhel,20260828,uv_index,False,0.5,8,0,Clear-sky/high-sun UV proxy conditions not met.,UV کی سطح زیادہ ہونے کی علامت نہیں,30.770812553546975,69.9196119125459
Muzaffargarh,20260828,cloud_burst,False,0.2,1,0,STUBBED: nearest available frame pair is 15 min apart (need <=20 min); this archive's cadence is too coarse to evaluate a genuine rate-of-change here. Detector logic is real and will fire once 15-min cadence MSG data is supplied.,ناکافی وقتی ریزولوشن -- 15 منٹ کے تسلسل والا ڈیٹا درکار ہے,29.87050121809338,70.94840767380421
Muzaffargarh,20260828,cold_wave,False,0.33,1,0,Mean clear-sky night skin temp 14.4 C -- above cold-wave threshold.,سردی کی لہر کی علامت نہیں,29.87050121809338,70.94840767380421
Muzaffargarh,20260828,dust_storm,False,0.5,8,0,No dust-storm signature detected.,دھول کے طوفان کی علامت نہیں,29.87050121809338,70.94840767380421
Muzaffargarh,20260828,fog,False,0.6,8,0,IR3.9-IR10.8 = -3.4 K -- outside the fog signature range.,دھند کی علامت نہیں,29.87050121809338,70.94840767380421
Muzaffargarh,20260828,frost,False,0.3,8,0,Not all three frost conditions met (no WRF wind data available).,پالے کی تمام شرائط پوری نہیں ہوئیں,29.87050121809338,70.94840767380421
Muzaffargarh,20260828,hail,False,0.0,8,0,Insufficient data (overshooting tops / glaciation ratio missing).,ناکافی ڈیٹا,29.87050121809338,70.94840767380421
Muzaffargarh,20260828,heat_wave,False,0.0,1,0,Not enough clear-sky multi-day skin-temperature data (0 of 0 available frames excluded as cloud-contaminated).,ناکافی صاف آسمان ڈیٹا,29.87050121809338,70.94840767380421
Muzaffargarh,20260828,heavy_rain,False,0.45,1,0,0/8 frames cold enough -- below persistence bar.,شدید بارش کی علامت نہیں,29.87050121809338,70.94840767380421
Muzaffargarh,20260828,residue_burning,False,0.5,8,0,Nighttime frame -- daytime fire hot-spot check not applicable.,رات کا وقت -- لاگو نہیں,29.87050121809338,70.94840767380421
Muzaffargarh,20260828,thunderstorm,False,0.6,8,0,No overshooting-top signature detected.,کوئی شدید کنویکشن کی علامت نہیں,29.87050121809338,70.94840767380421
Muzaffargarh,20260828,uv_index,False,0.5,8,0,Clear-sky/high-sun UV proxy conditions not met.,UV کی سطح زیادہ ہونے کی علامت نہیں,29.87050121809338,70.94840767380421
Nagar,20260828,cloud_burst,False,0.0,1,0,STUBBED: no consecutive-frame pairs available at all for this location/period.,ڈیٹا دستیاب نہیں,36.28507990878994,74.59856642148965
Nagar,20260828,cold_wave,False,0.0,1,0,Not enough clear-sky multi-day night skin-temperature data (0 of 0 available frames excluded as cloud-contaminated).,ناکافی صاف آسمان ڈیٹا,36.28507990878994,74.59856642148965
Nagar,20260828,dust_storm,False,0.0,8,0,Dust-difference channels unavailable.,ڈیٹا دستیاب نہیں,36.28507990878994,74.59856642148965
Nagar,20260828,fog,False,0.0,8,0,No IR3.9-IR10.8 data at this time/location.,ڈیٹا دستیاب نہیں,36.28507990878994,74.59856642148965
Nagar,20260828,frost,False,0.0,8,0,MSG skin-temperature/cloud data unavailable.,ڈیٹا دستیاب نہیں,36.28507990878994,74.59856642148965
Nagar,20260828,hail,False,0.0,8,0,Insufficient data (overshooting tops / glaciation ratio missing).,ناکافی ڈیٹا,36.28507990878994,74.59856642148965
Nagar,20260828,heat_wave,False,0.0,1,0,Not enough clear-sky multi-day skin-temperature data (0 of 0 available frames excluded as cloud-contaminated).,ناکافی صاف آسمان ڈیٹا,36.28507990878994,74.59856642148965
Nagar,20260828,heavy_rain,False,0.45,1,0,0/8 frames cold enough -- below persistence bar.,شدید بارش کی علامت نہیں,36.28507990878994,74.59856642148965
Nagar,20260828,residue_burning,False,0.5,8,0,Nighttime frame -- daytime fire hot-spot check not applicable.,رات کا وقت -- لاگو نہیں,36.28507990878994,74.59856642148965
Nagar,20260828,thunderstorm,False,0.0,8,0,No convection data at this time/location.,اس وقت/مقام کے لیے کنویکشن ڈیٹا دستیاب نہیں,36.28507990878994,74.59856642148965
Nagar,20260828,uv_index,False,0.0,8,0,No MSG cloud data available.,ڈیٹا دستیاب نہیں,36.28507990878994,74.59856642148965
Narowal,20260828,cloud_burst,False,0.0,1,0,STUBBED: no consecutive-frame pairs available at all for this location/period.,ڈیٹا دستیاب نہیں,32.2214987460121,74.89358932244859
Narowal,20260828,cold_wave,False,0.0,1,0,Not enough clear-sky multi-day night skin-temperature data (0 of 0 available frames excluded as cloud-contaminated).,ناکافی صاف آسمان ڈیٹا,32.2214987460121,74.89358932244859
Narowal,20260828,dust_storm,False,0.0,8,0,Dust-difference channels unavailable.,ڈیٹا دستیاب نہیں,32.2214987460121,74.89358932244859
Narowal,20260828,fog,False,0.0,8,0,No IR3.9-IR10.8 data at this time/location.,ڈیٹا دستیاب نہیں,32.2214987460121,74.89358932244859
Narowal,20260828,frost,False,0.0,8,0,MSG skin-temperature/cloud data unavailable.,ڈیٹا دستیاب نہیں,32.2214987460121,74.89358932244859
Narowal,20260828,hail,False,0.0,8,0,Insufficient data (overshooting tops / glaciation ratio missing).,ناکافی ڈیٹا,32.2214987460121,74.89358932244859
Narowal,20260828,heat_wave,False,0.0,1,0,Not enough clear-sky multi-day skin-temperature data (0 of 0 available frames excluded as cloud-contaminated).,ناکافی صاف آسمان ڈیٹا,32.2214987460121,74.89358932244859
Narowal,20260828,heavy_rain,False,0.45,1,0,0/8 frames cold enough -- below persistence bar.,شدید بارش کی علامت نہیں,32.2214987460121,74.89358932244859
Narowal,20260828,residue_burning,False,0.5,8,0,Nighttime frame -- daytime fire hot-spot check not applicable.,رات کا وقت -- لاگو نہیں,32.2214987460121,74.89358932244859
Narowal,20260828,thunderstorm,False,0.0,8,0,No convection data at this time/location.,اس وقت/مقام کے لیے کنویکشن ڈیٹا دستیاب نہیں,32.2214987460121,74.89358932244859
Narowal,20260828,uv_index,False,0.0,8,0,No MSG cloud data available.,ڈیٹا دستیاب نہیں,32.2214987460121,74.89358932244859
Nasirabad,20260828,cloud_burst,False,0.2,1,0,STUBBED: nearest available frame pair is 15 min apart (need <=20 min); this archive's cadence is too coarse to evaluate a genuine rate-of-change here. Detector logic is real and will fire once 15-min cadence MSG data is supplied.,ناکافی وقتی ریزولوشن -- 15 منٹ کے تسلسل والا ڈیٹا درکار ہے,28.577938681107945,68.17483870785871
Nasirabad,20260828,cold_wave,False,0.33,1,0,Mean clear-sky night skin temp 18.8 C -- above cold-wave threshold.,سردی کی لہر کی علامت نہیں,28.577938681107945,68.17483870785871
Nasirabad,20260828,dust_storm,False,0.5,8,0,No dust-storm signature detected.,دھول کے طوفان کی علامت نہیں,28.577938681107945,68.17483870785871
Nasirabad,20260828,fog,False,0.6,8,0,IR3.9-IR10.8 = -3.8 K -- outside the fog signature range.,دھند کی علامت نہیں,28.577938681107945,68.17483870785871
Nasirabad,20260828,frost,False,0.3,8,0,Not all three frost conditions met (no WRF wind data available).,پالے کی تمام شرائط پوری نہیں ہوئیں,28.577938681107945,68.17483870785871
Nasirabad,20260828,hail,False,0.0,8,0,Insufficient data (overshooting tops / glaciation ratio missing).,ناکافی ڈیٹا,28.577938681107945,68.17483870785871
Nasirabad,20260828,heat_wave,False,0.0,1,0,Not enough clear-sky multi-day skin-temperature data (0 of 0 available frames excluded as cloud-contaminated).,ناکافی صاف آسمان ڈیٹا,28.577938681107945,68.17483870785871
Nasirabad,20260828,heavy_rain,False,0.45,1,0,0/8 frames cold enough -- below persistence bar.,شدید بارش کی علامت نہیں,28.577938681107945,68.17483870785871
Nasirabad,20260828,residue_burning,False,0.5,8,0,Nighttime frame -- daytime fire hot-spot check not applicable.,رات کا وقت -- لاگو نہیں,28.577938681107945,68.17483870785871
Nasirabad,20260828,thunderstorm,False,0.6,8,0,No overshooting-top signature detected.,کوئی شدید کنویکشن کی علامت نہیں,28.577938681107945,68.17483870785871
Nasirabad,20260828,uv_index,False,0.5,8,0,Clear-sky/high-sun UV proxy conditions not met.,UV کی سطح زیادہ ہونے کی علامت نہیں,28.577938681107945,68.17483870785871
Naushehro Feroze,20260828,cloud_burst,False,0.2,1,0,STUBBED: nearest available frame pair is 15 min apart (need <=20 min); this archive's cadence is too coarse to evaluate a genuine rate-of-change here. Detector logic is real and will fire once 15-min cadence MSG data is supplied.,ناکافی وقتی ریزولوشن -- 15 منٹ کے تسلسل والا ڈیٹا درکار ہے,26.816012979751623,68.14261222490089
Naushehro Feroze,20260828,cold_wave,False,0.33,1,0,Mean clear-sky night skin temp 18.3 C -- above cold-wave threshold.,سردی کی لہر کی علامت نہیں,26.816012979751623,68.14261222490089
Naushehro Feroze,20260828,dust_storm,False,0.5,8,0,No dust-storm signature detected.,دھول کے طوفان کی علامت نہیں,26.816012979751623,68.14261222490089
Naushehro Feroze,20260828,fog,False,0.6,8,0,IR3.9-IR10.8 = -3.0 K -- outside the fog signature range.,دھند کی علامت نہیں,26.816012979751623,68.14261222490089
Naushehro Feroze,20260828,frost,False,0.3,8,0,Not all three frost conditions met (no WRF wind data available).,پالے کی تمام شرائط پوری نہیں ہوئیں,26.816012979751623,68.14261222490089
Naushehro Feroze,20260828,hail,False,0.0,8,0,Insufficient data (overshooting tops / glaciation ratio missing).,ناکافی ڈیٹا,26.816012979751623,68.14261222490089
Naushehro Feroze,20260828,heat_wave,False,0.0,1,0,Not enough clear-sky multi-day skin-temperature data (0 of 0 available frames excluded as cloud-contaminated).,ناکافی صاف آسمان ڈیٹا,26.816012979751623,68.14261222490089
Naushehro Feroze,20260828,heavy_rain,False,0.45,1,0,0/8 frames cold enough -- below persistence bar.,شدید بارش کی علامت نہیں,26.816012979751623,68.14261222490089
Naushehro Feroze,20260828,residue_burning,False,0.5,8,0,Nighttime frame -- daytime fire hot-spot check not applicable.,رات کا وقت -- لاگو نہیں,26.816012979751623,68.14261222490089
Naushehro Feroze,20260828,thunderstorm,False,0.6,8,0,No overshooting-top signature detected.,کوئی شدید کنویکشن کی علامت نہیں,26.816012979751623,68.14261222490089
Naushehro Feroze,20260828,uv_index,False,0.5,8,0,Clear-sky/high-sun UV proxy conditions not met.,UV کی سطح زیادہ ہونے کی علامت نہیں,26.816012979751623,68.14261222490089
Nawabshah,20260828,cloud_burst,False,0.2,1,0,STUBBED: nearest available frame pair is 15 min apart (need <=20 min); this archive's cadence is too coarse to evaluate a genuine rate-of-change here. Detector logic is real and will fire once 15-min cadence MSG data is supplied.,ناکافی وقتی ریزولوشن -- 15 منٹ کے تسلسل والا ڈیٹا درکار ہے,26.272782618303935,68.39749418172028
Nawabshah,20260828,cold_wave,False,0.33,1,0,Mean clear-sky night skin temp 17.7 C -- above cold-wave threshold.,سردی کی لہر کی علامت نہیں,26.272782618303935,68.39749418172028
Nawabshah,20260828,dust_storm,False,0.5,8,0,No dust-storm signature detected.,دھول کے طوفان کی علامت نہیں,26.272782618303935,68.39749418172028
Nawabshah,20260828,fog,False,0.6,8,0,IR3.9-IR10.8 = -4.8 K -- outside the fog signature range.,دھند کی علامت نہیں,26.272782618303935,68.39749418172028
Nawabshah,20260828,frost,False,0.3,8,0,Not all three frost conditions met (no WRF wind data available).,پالے کی تمام شرائط پوری نہیں ہوئیں,26.272782618303935,68.39749418172028
Nawabshah,20260828,hail,False,0.0,8,0,Insufficient data (overshooting tops / glaciation ratio missing).,ناکافی ڈیٹا,26.272782618303935,68.39749418172028
Nawabshah,20260828,heat_wave,False,0.0,1,0,Not enough clear-sky multi-day skin-temperature data (0 of 0 available frames excluded as cloud-contaminated).,ناکافی صاف آسمان ڈیٹا,26.272782618303935,68.39749418172028
Nawabshah,20260828,heavy_rain,False,0.45,1,0,0/8 frames cold enough -- below persistence bar.,شدید بارش کی علامت نہیں,26.272782618303935,68.39749418172028
Nawabshah,20260828,residue_burning,False,0.5,8,0,Nighttime frame -- daytime fire hot-spot check not applicable.,رات کا وقت -- لاگو نہیں,26.272782618303935,68.39749418172028
Nawabshah,20260828,thunderstorm,False,0.6,8,0,No overshooting-top signature detected.,کوئی شدید کنویکشن کی علامت نہیں,26.272782618303935,68.39749418172028
Nawabshah,20260828,uv_index,False,0.5,8,0,Clear-sky/high-sun UV proxy conditions not met.,UV کی سطح زیادہ ہونے کی علامت نہیں,26.272782618303935,68.39749418172028
North Waziristan,20260828,cloud_burst,False,0.2,1,0,STUBBED: nearest available frame pair is 15 min apart (need <=20 min); this archive's cadence is too coarse to evaluate a genuine rate-of-change here. Detector logic is real and will fire once 15-min cadence MSG data is supplied.,ناکافی وقتی ریزولوشن -- 15 منٹ کے تسلسل والا ڈیٹا درکار ہے,32.9054178025012,70.18032140546671
North Waziristan,20260828,cold_wave,False,0.33,1,0,Mean clear-sky night skin temp 9.2 C -- above cold-wave threshold.,سردی کی لہر کی علامت نہیں,32.9054178025012,70.18032140546671
North Waziristan,20260828,dust_storm,False,0.5,8,0,No dust-storm signature detected.,دھول کے طوفان کی علامت نہیں,32.9054178025012,70.18032140546671
North Waziristan,20260828,fog,True,0.75,8,3,Small positive IR3.9-IR10.8 difference (1.5 K) over a spatially coherent low-lying area -- classic radiative/advective fog signature. Visibility/ceiling below landing minima. Favourable-for-disease dew conditions; delay spraying until fog clears.,دھند کا امکان (IR3.9-IR10.8 = 1.5 K)۔ رن وے کی مرئیت کم ہو سکتی ہے,32.9054178025012,70.18032140546671
North Waziristan,20260828,frost,False,0.3,8,0,Not all three frost conditions met (no WRF wind data available).,پالے کی تمام شرائط پوری نہیں ہوئیں,32.9054178025012,70.18032140546671
North Waziristan,20260828,hail,False,0.0,8,0,Insufficient data (overshooting tops / glaciation ratio missing).,ناکافی ڈیٹا,32.9054178025012,70.18032140546671
North Waziristan,20260828,heat_wave,False,0.0,1,0,Not enough clear-sky multi-day skin-temperature data (0 of 0 available frames excluded as cloud-contaminated).,ناکافی صاف آسمان ڈیٹا,32.9054178025012,70.18032140546671
North Waziristan,20260828,heavy_rain,False,0.45,1,0,0/8 frames cold enough -- below persistence bar.,شدید بارش کی علامت نہیں,32.9054178025012,70.18032140546671
North Waziristan,20260828,residue_burning,False,0.5,8,0,Nighttime frame -- daytime fire hot-spot check not applicable.,رات کا وقت -- لاگو نہیں,32.9054178025012,70.18032140546671
North Waziristan,20260828,thunderstorm,False,0.6,8,0,No overshooting-top signature detected.,کوئی شدید کنویکشن کی علامت نہیں,32.9054178025012,70.18032140546671
North Waziristan,20260828,uv_index,False,0.5,8,0,Clear-sky/high-sun UV proxy conditions not met.,UV کی سطح زیادہ ہونے کی علامت نہیں,32.9054178025012,70.18032140546671
Nowshera,20260828,cloud_burst,False,0.2,1,0,STUBBED: nearest available frame pair is 15 min apart (need <=20 min); this archive's cadence is too coarse to evaluate a genuine rate-of-change here. Detector logic is real and will fire once 15-min cadence MSG data is supplied.,ناکافی وقتی ریزولوشن -- 15 منٹ کے تسلسل والا ڈیٹا درکار ہے,33.88460336750447,71.96471589336815
Nowshera,20260828,cold_wave,False,0.33,1,0,Mean clear-sky night skin temp 11.2 C -- above cold-wave threshold.,سردی کی لہر کی علامت نہیں,33.88460336750447,71.96471589336815
Nowshera,20260828,dust_storm,False,0.5,8,0,No dust-storm signature detected.,دھول کے طوفان کی علامت نہیں,33.88460336750447,71.96471589336815
Nowshera,20260828,fog,False,0.6,8,0,IR3.9-IR10.8 = -2.0 K -- outside the fog signature range.,دھند کی علامت نہیں,33.88460336750447,71.96471589336815
Nowshera,20260828,frost,False,0.3,8,0,Not all three frost conditions met (no WRF wind data available).,پالے کی تمام شرائط پوری نہیں ہوئیں,33.88460336750447,71.96471589336815
Nowshera,20260828,hail,False,0.0,8,0,Insufficient data (overshooting tops / glaciation ratio missing).,ناکافی ڈیٹا,33.88460336750447,71.96471589336815
Nowshera,20260828,heat_wave,False,0.0,1,0,Not enough clear-sky multi-day skin-temperature data (0 of 0 available frames excluded as cloud-contaminated).,ناکافی صاف آسمان ڈیٹا,33.88460336750447,71.96471589336815
Nowshera,20260828,heavy_rain,False,0.45,1,0,0/8 frames cold enough -- below persistence bar.,شدید بارش کی علامت نہیں,33.88460336750447,71.96471589336815
Nowshera,20260828,residue_burning,False,0.5,8,0,Nighttime frame -- daytime fire hot-spot check not applicable.,رات کا وقت -- لاگو نہیں,33.88460336750447,71.96471589336815
Nowshera,20260828,thunderstorm,False,0.6,8,0,No overshooting-top signature detected.,کوئی شدید کنویکشن کی علامت نہیں,33.88460336750447,71.96471589336815
Nowshera,20260828,uv_index,False,0.5,8,0,Clear-sky/high-sun UV proxy conditions not met.,UV کی سطح زیادہ ہونے کی علامت نہیں,33.88460336750447,71.96471589336815
Nushki,20260828,cloud_burst,False,0.2,1,0,STUBBED: nearest available frame pair is 15 min apart (need <=20 min); this archive's cadence is too coarse to evaluate a genuine rate-of-change here. Detector logic is real and will fire once 15-min cadence MSG data is supplied.,ناکافی وقتی ریزولوشن -- 15 منٹ کے تسلسل والا ڈیٹا درکار ہے,29.37106828007525,65.81661972402063
Nushki,20260828,cold_wave,False,0.33,1,0,Mean clear-sky night skin temp 19.1 C -- above cold-wave threshold.,سردی کی لہر کی علامت نہیں,29.37106828007525,65.81661972402063
Nushki,20260828,dust_storm,False,0.5,8,0,No dust-storm signature detected.,دھول کے طوفان کی علامت نہیں,29.37106828007525,65.81661972402063
Nushki,20260828,fog,False,0.6,8,0,IR3.9-IR10.8 = -4.9 K -- outside the fog signature range.,دھند کی علامت نہیں,29.37106828007525,65.81661972402063
Nushki,20260828,frost,False,0.3,8,0,Not all three frost conditions met (no WRF wind data available).,پالے کی تمام شرائط پوری نہیں ہوئیں,29.37106828007525,65.81661972402063
Nushki,20260828,hail,False,0.0,8,0,Insufficient data (overshooting tops / glaciation ratio missing).,ناکافی ڈیٹا,29.37106828007525,65.81661972402063
Nushki,20260828,heat_wave,False,0.0,1,0,Not enough clear-sky multi-day skin-temperature data (0 of 0 available frames excluded as cloud-contaminated).,ناکافی صاف آسمان ڈیٹا,29.37106828007525,65.81661972402063
Nushki,20260828,heavy_rain,False,0.45,1,0,0/8 frames cold enough -- below persistence bar.,شدید بارش کی علامت نہیں,29.37106828007525,65.81661972402063
Nushki,20260828,residue_burning,False,0.5,8,0,Nighttime frame -- daytime fire hot-spot check not applicable.,رات کا وقت -- لاگو نہیں,29.37106828007525,65.81661972402063
Nushki,20260828,thunderstorm,False,0.6,8,0,No overshooting-top signature detected.,کوئی شدید کنویکشن کی علامت نہیں,29.37106828007525,65.81661972402063
Nushki,20260828,uv_index,False,0.5,8,0,Clear-sky/high-sun UV proxy conditions not met.,UV کی سطح زیادہ ہونے کی علامت نہیں,29.37106828007525,65.81661972402063
Okara,20260828,cloud_burst,False,0.2,1,0,STUBBED: nearest available frame pair is 15 min apart (need <=20 min); this archive's cadence is too coarse to evaluate a genuine rate-of-change here. Detector logic is real and will fire once 15-min cadence MSG data is supplied.,ناکافی وقتی ریزولوشن -- 15 منٹ کے تسلسل والا ڈیٹا درکار ہے,30.749666998637263,73.61217517041936
Okara,20260828,cold_wave,False,0.33,1,0,Mean clear-sky night skin temp 4.0 C -- above cold-wave threshold.,سردی کی لہر کی علامت نہیں,30.749666998637263,73.61217517041936
Okara,20260828,dust_storm,False,0.5,8,0,No dust-storm signature detected.,دھول کے طوفان کی علامت نہیں,30.749666998637263,73.61217517041936
Okara,20260828,fog,True,0.75,8,1,Small positive IR3.9-IR10.8 difference (1.0 K) over a spatially coherent low-lying area -- classic radiative/advective fog signature. Visibility/ceiling below landing minima. Favourable-for-disease dew conditions; delay spraying until fog clears.,دھند کا امکان (IR3.9-IR10.8 = 1.0 K)۔ رن وے کی مرئیت کم ہو سکتی ہے,30.749666998637263,73.61217517041936
Okara,20260828,frost,False,0.3,8,0,Not all three frost conditions met (no WRF wind data available).,پالے کی تمام شرائط پوری نہیں ہوئیں,30.749666998637263,73.61217517041936
Okara,20260828,hail,False,0.0,8,0,Insufficient data (overshooting tops / glaciation ratio missing).,ناکافی ڈیٹا,30.749666998637263,73.61217517041936
Okara,20260828,heat_wave,False,0.0,1,0,Not enough clear-sky multi-day skin-temperature data (0 of 0 available frames excluded as cloud-contaminated).,ناکافی صاف آسمان ڈیٹا,30.749666998637263,73.61217517041936
Okara,20260828,heavy_rain,False,0.45,1,0,0/8 frames cold enough -- below persistence bar.,شدید بارش کی علامت نہیں,30.749666998637263,73.61217517041936
Okara,20260828,residue_burning,False,0.5,8,0,Nighttime frame -- daytime fire hot-spot check not applicable.,رات کا وقت -- لاگو نہیں,30.749666998637263,73.61217517041936
Okara,20260828,thunderstorm,False,0.6,8,0,No overshooting-top signature detected.,کوئی شدید کنویکشن کی علامت نہیں,30.749666998637263,73.61217517041936
Okara,20260828,uv_index,False,0.5,8,0,Clear-sky/high-sun UV proxy conditions not met.,UV کی سطح زیادہ ہونے کی علامت نہیں,30.749666998637263,73.61217517041936
Orakzai,20260828,cloud_burst,False,0.2,1,0,STUBBED: nearest available frame pair is 15 min apart (need <=20 min); this archive's cadence is too coarse to evaluate a genuine rate-of-change here. Detector logic is real and will fire once 15-min cadence MSG data is supplied.,ناکافی وقتی ریزولوشن -- 15 منٹ کے تسلسل والا ڈیٹا درکار ہے,33.64380943858748,71.23376269603138
Orakzai,20260828,cold_wave,False,0.33,1,0,Mean clear-sky night skin temp 9.1 C -- above cold-wave threshold.,سردی کی لہر کی علامت نہیں,33.64380943858748,71.23376269603138
Orakzai,20260828,dust_storm,False,0.5,8,0,No dust-storm signature detected.,دھول کے طوفان کی علامت نہیں,33.64380943858748,71.23376269603138
Orakzai,20260828,fog,False,0.6,8,0,IR3.9-IR10.8 = -3.3 K -- outside the fog signature range.,دھند کی علامت نہیں,33.64380943858748,71.23376269603138
Orakzai,20260828,frost,False,0.3,8,0,Not all three frost conditions met (no WRF wind data available).,پالے کی تمام شرائط پوری نہیں ہوئیں,33.64380943858748,71.23376269603138
Orakzai,20260828,hail,False,0.0,8,0,Insufficient data (overshooting tops / glaciation ratio missing).,ناکافی ڈیٹا,33.64380943858748,71.23376269603138
Orakzai,20260828,heat_wave,False,0.0,1,0,Not enough clear-sky multi-day skin-temperature data (0 of 0 available frames excluded as cloud-contaminated).,ناکافی صاف آسمان ڈیٹا,33.64380943858748,71.23376269603138
Orakzai,20260828,heavy_rain,False,0.45,1,0,0/8 frames cold enough -- below persistence bar.,شدید بارش کی علامت نہیں,33.64380943858748,71.23376269603138
Orakzai,20260828,residue_burning,False,0.5,8,0,Nighttime frame -- daytime fire hot-spot check not applicable.,رات کا وقت -- لاگو نہیں,33.64380943858748,71.23376269603138
Orakzai,20260828,thunderstorm,False,0.6,8,0,No overshooting-top signature detected.,کوئی شدید کنویکشن کی علامت نہیں,33.64380943858748,71.23376269603138
Orakzai,20260828,uv_index,False,0.5,8,0,Clear-sky/high-sun UV proxy conditions not met.,UV کی سطح زیادہ ہونے کی علامت نہیں,33.64380943858748,71.23376269603138
Pakpattan,20260828,cloud_burst,False,0.2,1,0,STUBBED: nearest available frame pair is 15 min apart (need <=20 min); this archive's cadence is too coarse to evaluate a genuine rate-of-change here. Detector logic is real and will fire once 15-min cadence MSG data is supplied.,ناکافی وقتی ریزولوشن -- 15 منٹ کے تسلسل والا ڈیٹا درکار ہے,30.329316056853845,73.20970895334304
Pakpattan,20260828,cold_wave,False,0.33,1,0,Mean clear-sky night skin temp 7.4 C -- above cold-wave threshold.,سردی کی لہر کی علامت نہیں,30.329316056853845,73.20970895334304
Pakpattan,20260828,dust_storm,False,0.5,8,0,No dust-storm signature detected.,دھول کے طوفان کی علامت نہیں,30.329316056853845,73.20970895334304
Pakpattan,20260828,fog,True,0.75,8,1,Small positive IR3.9-IR10.8 difference (2.3 K) over a spatially coherent low-lying area -- classic radiative/advective fog signature. Visibility/ceiling below landing minima. Favourable-for-disease dew conditions; delay spraying until fog clears.,دھند کا امکان (IR3.9-IR10.8 = 2.3 K)۔ رن وے کی مرئیت کم ہو سکتی ہے,30.329316056853845,73.20970895334304
Pakpattan,20260828,frost,False,0.3,8,0,Not all three frost conditions met (no WRF wind data available).,پالے کی تمام شرائط پوری نہیں ہوئیں,30.329316056853845,73.20970895334304
Pakpattan,20260828,hail,False,0.0,8,0,Insufficient data (overshooting tops / glaciation ratio missing).,ناکافی ڈیٹا,30.329316056853845,73.20970895334304
Pakpattan,20260828,heat_wave,False,0.0,1,0,Not enough clear-sky multi-day skin-temperature data (0 of 0 available frames excluded as cloud-contaminated).,ناکافی صاف آسمان ڈیٹا,30.329316056853845,73.20970895334304
Pakpattan,20260828,heavy_rain,False,0.45,1,0,0/8 frames cold enough -- below persistence bar.,شدید بارش کی علامت نہیں,30.329316056853845,73.20970895334304
Pakpattan,20260828,residue_burning,False,0.5,8,0,Nighttime frame -- daytime fire hot-spot check not applicable.,رات کا وقت -- لاگو نہیں,30.329316056853845,73.20970895334304
Pakpattan,20260828,thunderstorm,False,0.6,8,0,No overshooting-top signature detected.,کوئی شدید کنویکشن کی علامت نہیں,30.329316056853845,73.20970895334304
Pakpattan,20260828,uv_index,False,0.5,8,0,Clear-sky/high-sun UV proxy conditions not met.,UV کی سطح زیادہ ہونے کی علامت نہیں,30.329316056853845,73.20970895334304
Panjgur,20260828,cloud_burst,False,0.2,1,0,STUBBED: nearest available frame pair is 15 min apart (need <=20 min); this archive's cadence is too coarse to evaluate a genuine rate-of-change here. Detector logic is real and will fire once 15-min cadence MSG data is supplied.,ناکافی وقتی ریزولوشن -- 15 منٹ کے تسلسل والا ڈیٹا درکار ہے,26.740202346432632,64.23901530890942
Panjgur,20260828,cold_wave,False,0.33,1,0,Mean clear-sky night skin temp 22.8 C -- above cold-wave threshold.,سردی کی لہر کی علامت نہیں,26.740202346432632,64.23901530890942
Panjgur,20260828,dust_storm,False,0.5,8,0,No dust-storm signature detected.,دھول کے طوفان کی علامت نہیں,26.740202346432632,64.23901530890942
Panjgur,20260828,fog,False,0.6,8,0,IR3.9-IR10.8 = -5.6 K -- outside the fog signature range.,دھند کی علامت نہیں,26.740202346432632,64.23901530890942
Panjgur,20260828,frost,False,0.3,8,0,Not all three frost conditions met (no WRF wind data available).,پالے کی تمام شرائط پوری نہیں ہوئیں,26.740202346432632,64.23901530890942
Panjgur,20260828,hail,False,0.0,8,0,Insufficient data (overshooting tops / glaciation ratio missing).,ناکافی ڈیٹا,26.740202346432632,64.23901530890942
Panjgur,20260828,heat_wave,False,0.0,1,0,Not enough clear-sky multi-day skin-temperature data (0 of 0 available frames excluded as cloud-contaminated).,ناکافی صاف آسمان ڈیٹا,26.740202346432632,64.23901530890942
Panjgur,20260828,heavy_rain,False,0.45,1,0,0/8 frames cold enough -- below persistence bar.,شدید بارش کی علامت نہیں,26.740202346432632,64.23901530890942
Panjgur,20260828,residue_burning,False,0.5,8,0,Nighttime frame -- daytime fire hot-spot check not applicable.,رات کا وقت -- لاگو نہیں,26.740202346432632,64.23901530890942
Panjgur,20260828,thunderstorm,False,0.6,8,0,No overshooting-top signature detected.,کوئی شدید کنویکشن کی علامت نہیں,26.740202346432632,64.23901530890942
Panjgur,20260828,uv_index,False,0.5,8,0,Clear-sky/high-sun UV proxy conditions not met.,UV کی سطح زیادہ ہونے کی علامت نہیں,26.740202346432632,64.23901530890942
Peshawar,20260828,cloud_burst,False,0.2,1,0,STUBBED: nearest available frame pair is 15 min apart (need <=20 min); this archive's cadence is too coarse to evaluate a genuine rate-of-change here. Detector logic is real and will fire once 15-min cadence MSG data is supplied.,ناکافی وقتی ریزولوشن -- 15 منٹ کے تسلسل والا ڈیٹا درکار ہے,33.9043530181635,71.5685717969027
Peshawar,20260828,cold_wave,False,0.33,1,0,Mean clear-sky night skin temp 11.6 C -- above cold-wave threshold.,سردی کی لہر کی علامت نہیں,33.9043530181635,71.5685717969027
Peshawar,20260828,dust_storm,False,0.5,8,0,No dust-storm signature detected.,دھول کے طوفان کی علامت نہیں,33.9043530181635,71.5685717969027
Peshawar,20260828,fog,False,0.6,8,0,IR3.9-IR10.8 = -1.9 K -- outside the fog signature range.,دھند کی علامت نہیں,33.9043530181635,71.5685717969027
Peshawar,20260828,frost,False,0.3,8,0,Not all three frost conditions met (no WRF wind data available).,پالے کی تمام شرائط پوری نہیں ہوئیں,33.9043530181635,71.5685717969027
Peshawar,20260828,hail,False,0.0,8,0,Insufficient data (overshooting tops / glaciation ratio missing).,ناکافی ڈیٹا,33.9043530181635,71.5685717969027
Peshawar,20260828,heat_wave,False,0.0,1,0,Not enough clear-sky multi-day skin-temperature data (0 of 0 available frames excluded as cloud-contaminated).,ناکافی صاف آسمان ڈیٹا,33.9043530181635,71.5685717969027
Peshawar,20260828,heavy_rain,False,0.45,1,0,0/8 frames cold enough -- below persistence bar.,شدید بارش کی علامت نہیں,33.9043530181635,71.5685717969027
Peshawar,20260828,residue_burning,False,0.5,8,0,Nighttime frame -- daytime fire hot-spot check not applicable.,رات کا وقت -- لاگو نہیں,33.9043530181635,71.5685717969027
Peshawar,20260828,thunderstorm,False,0.6,8,0,No overshooting-top signature detected.,کوئی شدید کنویکشن کی علامت نہیں,33.9043530181635,71.5685717969027
Peshawar,20260828,uv_index,False,0.5,8,0,Clear-sky/high-sun UV proxy conditions not met.,UV کی سطح زیادہ ہونے کی علامت نہیں,33.9043530181635,71.5685717969027
Pishin,20260828,cloud_burst,False,0.2,1,0,STUBBED: nearest available frame pair is 15 min apart (need <=20 min); this archive's cadence is too coarse to evaluate a genuine rate-of-change here. Detector logic is real and will fire once 15-min cadence MSG data is supplied.,ناکافی وقتی ریزولوشن -- 15 منٹ کے تسلسل والا ڈیٹا درکار ہے,30.77348400888996,67.40923920210504
Pishin,20260828,cold_wave,False,0.33,1,0,Mean clear-sky night skin temp 13.2 C -- above cold-wave threshold.,سردی کی لہر کی علامت نہیں,30.77348400888996,67.40923920210504
Pishin,20260828,dust_storm,False,0.5,8,0,No dust-storm signature detected.,دھول کے طوفان کی علامت نہیں,30.77348400888996,67.40923920210504
Pishin,20260828,fog,False,0.6,8,0,IR3.9-IR10.8 = -3.6 K -- outside the fog signature range.,دھند کی علامت نہیں,30.77348400888996,67.40923920210504
Pishin,20260828,frost,False,0.3,8,0,Not all three frost conditions met (no WRF wind data available).,پالے کی تمام شرائط پوری نہیں ہوئیں,30.77348400888996,67.40923920210504
Pishin,20260828,hail,False,0.0,8,0,Insufficient data (overshooting tops / glaciation ratio missing).,ناکافی ڈیٹا,30.77348400888996,67.40923920210504
Pishin,20260828,heat_wave,False,0.0,1,0,Not enough clear-sky multi-day skin-temperature data (0 of 0 available frames excluded as cloud-contaminated).,ناکافی صاف آسمان ڈیٹا,30.77348400888996,67.40923920210504
Pishin,20260828,heavy_rain,False,0.45,1,0,0/8 frames cold enough -- below persistence bar.,شدید بارش کی علامت نہیں,30.77348400888996,67.40923920210504
Pishin,20260828,residue_burning,False,0.5,8,0,Nighttime frame -- daytime fire hot-spot check not applicable.,رات کا وقت -- لاگو نہیں,30.77348400888996,67.40923920210504
Pishin,20260828,thunderstorm,False,0.6,8,0,No overshooting-top signature detected.,کوئی شدید کنویکشن کی علامت نہیں,30.77348400888996,67.40923920210504
Pishin,20260828,uv_index,False,0.5,8,0,Clear-sky/high-sun UV proxy conditions not met.,UV کی سطح زیادہ ہونے کی علامت نہیں,30.77348400888996,67.40923920210504
Qambar Shahdadkot,20260828,cloud_burst,False,0.2,1,0,STUBBED: nearest available frame pair is 15 min apart (need <=20 min); this archive's cadence is too coarse to evaluate a genuine rate-of-change here. Detector logic is real and will fire once 15-min cadence MSG data is supplied.,ناکافی وقتی ریزولوشن -- 15 منٹ کے تسلسل والا ڈیٹا درکار ہے,27.4890070498502,67.98464150835339
Qambar Shahdadkot,20260828,cold_wave,False,0.33,1,0,Mean clear-sky night skin temp 20.1 C -- above cold-wave threshold.,سردی کی لہر کی علامت نہیں,27.4890070498502,67.98464150835339
Qambar Shahdadkot,20260828,dust_storm,False,0.5,8,0,No dust-storm signature detected.,دھول کے طوفان کی علامت نہیں,27.4890070498502,67.98464150835339
Qambar Shahdadkot,20260828,fog,False,0.6,8,0,IR3.9-IR10.8 = -4.3 K -- outside the fog signature range.,دھند کی علامت نہیں,27.4890070498502,67.98464150835339
Qambar Shahdadkot,20260828,frost,False,0.3,8,0,Not all three frost conditions met (no WRF wind data available).,پالے کی تمام شرائط پوری نہیں ہوئیں,27.4890070498502,67.98464150835339
Qambar Shahdadkot,20260828,hail,False,0.0,8,0,Insufficient data (overshooting tops / glaciation ratio missing).,ناکافی ڈیٹا,27.4890070498502,67.98464150835339
Qambar Shahdadkot,20260828,heat_wave,False,0.0,1,0,Not enough clear-sky multi-day skin-temperature data (0 of 0 available frames excluded as cloud-contaminated).,ناکافی صاف آسمان ڈیٹا,27.4890070498502,67.98464150835339
Qambar Shahdadkot,20260828,heavy_rain,False,0.45,1,0,0/8 frames cold enough -- below persistence bar.,شدید بارش کی علامت نہیں,27.4890070498502,67.98464150835339
Qambar Shahdadkot,20260828,residue_burning,False,0.5,8,0,Nighttime frame -- daytime fire hot-spot check not applicable.,رات کا وقت -- لاگو نہیں,27.4890070498502,67.98464150835339
Qambar Shahdadkot,20260828,thunderstorm,False,0.6,8,0,No overshooting-top signature detected.,کوئی شدید کنویکشن کی علامت نہیں,27.4890070498502,67.98464150835339
Qambar Shahdadkot,20260828,uv_index,False,0.5,8,0,Clear-sky/high-sun UV proxy conditions not met.,UV کی سطح زیادہ ہونے کی علامت نہیں,27.4890070498502,67.98464150835339
Qilla Abdullah,20260828,cloud_burst,False,0.2,1,0,STUBBED: nearest available frame pair is 15 min apart (need <=20 min); this archive's cadence is too coarse to evaluate a genuine rate-of-change here. Detector logic is real and will fire once 15-min cadence MSG data is supplied.,ناکافی وقتی ریزولوشن -- 15 منٹ کے تسلسل والا ڈیٹا درکار ہے,30.67162307774291,66.7476968546646
Qilla Abdullah,20260828,cold_wave,False,0.33,1,0,Mean clear-sky night skin temp 15.4 C -- above cold-wave threshold.,سردی کی لہر کی علامت نہیں,30.67162307774291,66.7476968546646
Qilla Abdullah,20260828,dust_storm,False,0.5,8,0,No dust-storm signature detected.,دھول کے طوفان کی علامت نہیں,30.67162307774291,66.7476968546646
Qilla Abdullah,20260828,fog,False,0.6,8,0,IR3.9-IR10.8 = -4.4 K -- outside the fog signature range.,دھند کی علامت نہیں,30.67162307774291,66.7476968546646
Qilla Abdullah,20260828,frost,False,0.3,8,0,Not all three frost conditions met (no WRF wind data available).,پالے کی تمام شرائط پوری نہیں ہوئیں,30.67162307774291,66.7476968546646
Qilla Abdullah,20260828,hail,False,0.0,8,0,Insufficient data (overshooting tops / glaciation ratio missing).,ناکافی ڈیٹا,30.67162307774291,66.7476968546646
Qilla Abdullah,20260828,heat_wave,False,0.0,1,0,Not enough clear-sky multi-day skin-temperature data (0 of 0 available frames excluded as cloud-contaminated).,ناکافی صاف آسمان ڈیٹا,30.67162307774291,66.7476968546646
Qilla Abdullah,20260828,heavy_rain,False,0.45,1,0,0/8 frames cold enough -- below persistence bar.,شدید بارش کی علامت نہیں,30.67162307774291,66.7476968546646
Qilla Abdullah,20260828,residue_burning,False,0.5,8,0,Nighttime frame -- daytime fire hot-spot check not applicable.,رات کا وقت -- لاگو نہیں,30.67162307774291,66.7476968546646
Qilla Abdullah,20260828,thunderstorm,False,0.6,8,0,No overshooting-top signature detected.,کوئی شدید کنویکشن کی علامت نہیں,30.67162307774291,66.7476968546646
Qilla Abdullah,20260828,uv_index,False,0.5,8,0,Clear-sky/high-sun UV proxy conditions not met.,UV کی سطح زیادہ ہونے کی علامت نہیں,30.67162307774291,66.7476968546646
Qilla Saifullah,20260828,cloud_burst,False,0.2,1,0,STUBBED: nearest available frame pair is 15 min apart (need <=20 min); this archive's cadence is too coarse to evaluate a genuine rate-of-change here. Detector logic is real and will fire once 15-min cadence MSG data is supplied.,ناکافی وقتی ریزولوشن -- 15 منٹ کے تسلسل والا ڈیٹا درکار ہے,31.005740183814446,68.2450113307759
Qilla Saifullah,20260828,cold_wave,False,0.33,1,0,Mean clear-sky night skin temp 14.1 C -- above cold-wave threshold.,سردی کی لہر کی علامت نہیں,31.005740183814446,68.2450113307759
Qilla Saifullah,20260828,dust_storm,False,0.5,8,0,No dust-storm signature detected.,دھول کے طوفان کی علامت نہیں,31.005740183814446,68.2450113307759
Qilla Saifullah,20260828,fog,False,0.6,8,0,IR3.9-IR10.8 = -2.1 K -- outside the fog signature range.,دھند کی علامت نہیں,31.005740183814446,68.2450113307759
Qilla Saifullah,20260828,frost,False,0.3,8,0,Not all three frost conditions met (no WRF wind data available).,پالے کی تمام شرائط پوری نہیں ہوئیں,31.005740183814446,68.2450113307759
Qilla Saifullah,20260828,hail,False,0.0,8,0,Insufficient data (overshooting tops / glaciation ratio missing).,ناکافی ڈیٹا,31.005740183814446,68.2450113307759
Qilla Saifullah,20260828,heat_wave,False,0.0,1,0,Not enough clear-sky multi-day skin-temperature data (0 of 0 available frames excluded as cloud-contaminated).,ناکافی صاف آسمان ڈیٹا,31.005740183814446,68.2450113307759
Qilla Saifullah,20260828,heavy_rain,False,0.45,1,0,0/8 frames cold enough -- below persistence bar.,شدید بارش کی علامت نہیں,31.005740183814446,68.2450113307759
Qilla Saifullah,20260828,residue_burning,False,0.5,8,0,Nighttime frame -- daytime fire hot-spot check not applicable.,رات کا وقت -- لاگو نہیں,31.005740183814446,68.2450113307759
Qilla Saifullah,20260828,thunderstorm,False,0.6,8,0,No overshooting-top signature detected.,کوئی شدید کنویکشن کی علامت نہیں,31.005740183814446,68.2450113307759
Qilla Saifullah,20260828,uv_index,False,0.5,8,0,Clear-sky/high-sun UV proxy conditions not met.,UV کی سطح زیادہ ہونے کی علامت نہیں,31.005740183814446,68.2450113307759
Quetta,20260828,cloud_burst,False,0.2,1,0,STUBBED: nearest available frame pair is 15 min apart (need <=20 min); this archive's cadence is too coarse to evaluate a genuine rate-of-change here. Detector logic is real and will fire once 15-min cadence MSG data is supplied.,ناکافی وقتی ریزولوشن -- 15 منٹ کے تسلسل والا ڈیٹا درکار ہے,30.123038875580413,66.81282141190523
Quetta,20260828,cold_wave,False,0.33,1,0,Mean clear-sky night skin temp 15.9 C -- above cold-wave threshold.,سردی کی لہر کی علامت نہیں,30.123038875580413,66.81282141190523
Quetta,20260828,dust_storm,False,0.5,8,0,No dust-storm signature detected.,دھول کے طوفان کی علامت نہیں,30.123038875580413,66.81282141190523
Quetta,20260828,fog,False,0.6,8,0,IR3.9-IR10.8 = -4.5 K -- outside the fog signature range.,دھند کی علامت نہیں,30.123038875580413,66.81282141190523
Quetta,20260828,frost,False,0.3,8,0,Not all three frost conditions met (no WRF wind data available).,پالے کی تمام شرائط پوری نہیں ہوئیں,30.123038875580413,66.81282141190523
Quetta,20260828,hail,False,0.0,8,0,Insufficient data (overshooting tops / glaciation ratio missing).,ناکافی ڈیٹا,30.123038875580413,66.81282141190523
Quetta,20260828,heat_wave,False,0.0,1,0,Not enough clear-sky multi-day skin-temperature data (0 of 0 available frames excluded as cloud-contaminated).,ناکافی صاف آسمان ڈیٹا,30.123038875580413,66.81282141190523
Quetta,20260828,heavy_rain,False,0.45,1,0,0/8 frames cold enough -- below persistence bar.,شدید بارش کی علامت نہیں,30.123038875580413,66.81282141190523
Quetta,20260828,residue_burning,False,0.5,8,0,Nighttime frame -- daytime fire hot-spot check not applicable.,رات کا وقت -- لاگو نہیں,30.123038875580413,66.81282141190523
Quetta,20260828,thunderstorm,False,0.6,8,0,No overshooting-top signature detected.,کوئی شدید کنویکشن کی علامت نہیں,30.123038875580413,66.81282141190523
Quetta,20260828,uv_index,False,0.5,8,0,Clear-sky/high-sun UV proxy conditions not met.,UV کی سطح زیادہ ہونے کی علامت نہیں,30.123038875580413,66.81282141190523
Rahim Yar Khan,20260828,cloud_burst,False,0.2,1,0,STUBBED: nearest available frame pair is 15 min apart (need <=20 min); this archive's cadence is too coarse to evaluate a genuine rate-of-change here. Detector logic is real and will fire once 15-min cadence MSG data is supplied.,ناکافی وقتی ریزولوشن -- 15 منٹ کے تسلسل والا ڈیٹا درکار ہے,28.524274232993303,70.5136351971601
Rahim Yar Khan,20260828,cold_wave,False,0.33,1,0,Mean clear-sky night skin temp 14.8 C -- above cold-wave threshold.,سردی کی لہر کی علامت نہیں,28.524274232993303,70.5136351971601
Rahim Yar Khan,20260828,dust_storm,False,0.5,8,0,No dust-storm signature detected.,دھول کے طوفان کی علامت نہیں,28.524274232993303,70.5136351971601
Rahim Yar Khan,20260828,fog,False,0.6,8,0,IR3.9-IR10.8 = -3.6 K -- outside the fog signature range.,دھند کی علامت نہیں,28.524274232993303,70.5136351971601
Rahim Yar Khan,20260828,frost,False,0.3,8,0,Not all three frost conditions met (no WRF wind data available).,پالے کی تمام شرائط پوری نہیں ہوئیں,28.524274232993303,70.5136351971601
Rahim Yar Khan,20260828,hail,False,0.0,8,0,Insufficient data (overshooting tops / glaciation ratio missing).,ناکافی ڈیٹا,28.524274232993303,70.5136351971601
Rahim Yar Khan,20260828,heat_wave,False,0.0,1,0,Not enough clear-sky multi-day skin-temperature data (0 of 0 available frames excluded as cloud-contaminated).,ناکافی صاف آسمان ڈیٹا,28.524274232993303,70.5136351971601
Rahim Yar Khan,20260828,heavy_rain,False,0.45,1,0,0/8 frames cold enough -- below persistence bar.,شدید بارش کی علامت نہیں,28.524274232993303,70.5136351971601
Rahim Yar Khan,20260828,residue_burning,False,0.5,8,0,Nighttime frame -- daytime fire hot-spot check not applicable.,رات کا وقت -- لاگو نہیں,28.524274232993303,70.5136351971601
Rahim Yar Khan,20260828,thunderstorm,False,0.6,8,0,No overshooting-top signature detected.,کوئی شدید کنویکشن کی علامت نہیں,28.524274232993303,70.5136351971601
Rahim Yar Khan,20260828,uv_index,False,0.5,8,0,Clear-sky/high-sun UV proxy conditions not met.,UV کی سطح زیادہ ہونے کی علامت نہیں,28.524274232993303,70.5136351971601
Rajanpur,20260828,cloud_burst,False,0.2,1,0,STUBBED: nearest available frame pair is 15 min apart (need <=20 min); this archive's cadence is too coarse to evaluate a genuine rate-of-change here. Detector logic is real and will fire once 15-min cadence MSG data is supplied.,ناکافی وقتی ریزولوشن -- 15 منٹ کے تسلسل والا ڈیٹا درکار ہے,29.10671443314065,70.15043117103322
Rajanpur,20260828,cold_wave,False,0.33,1,0,Mean clear-sky night skin temp 15.7 C -- above cold-wave threshold.,سردی کی لہر کی علامت نہیں,29.10671443314065,70.15043117103322
Rajanpur,20260828,dust_storm,False,0.5,8,0,No dust-storm signature detected.,دھول کے طوفان کی علامت نہیں,29.10671443314065,70.15043117103322
Rajanpur,20260828,fog,False,0.6,8,0,IR3.9-IR10.8 = -3.3 K -- outside the fog signature range.,دھند کی علامت نہیں,29.10671443314065,70.15043117103322
Rajanpur,20260828,frost,False,0.3,8,0,Not all three frost conditions met (no WRF wind data available).,پالے کی تمام شرائط پوری نہیں ہوئیں,29.10671443314065,70.15043117103322
Rajanpur,20260828,hail,False,0.0,8,0,Insufficient data (overshooting tops / glaciation ratio missing).,ناکافی ڈیٹا,29.10671443314065,70.15043117103322
Rajanpur,20260828,heat_wave,False,0.0,1,0,Not enough clear-sky multi-day skin-temperature data (0 of 0 available frames excluded as cloud-contaminated).,ناکافی صاف آسمان ڈیٹا,29.10671443314065,70.15043117103322
Rajanpur,20260828,heavy_rain,False,0.45,1,0,0/8 frames cold enough -- below persistence bar.,شدید بارش کی علامت نہیں,29.10671443314065,70.15043117103322
Rajanpur,20260828,residue_burning,False,0.5,8,0,Nighttime frame -- daytime fire hot-spot check not applicable.,رات کا وقت -- لاگو نہیں,29.10671443314065,70.15043117103322
Rajanpur,20260828,thunderstorm,False,0.6,8,0,No overshooting-top signature detected.,کوئی شدید کنویکشن کی علامت نہیں,29.10671443314065,70.15043117103322
Rajanpur,20260828,uv_index,False,0.5,8,0,Clear-sky/high-sun UV proxy conditions not met.,UV کی سطح زیادہ ہونے کی علامت نہیں,29.10671443314065,70.15043117103322
Rawalpindi,20260828,cloud_burst,False,0.2,1,0,STUBBED: nearest available frame pair is 15 min apart (need <=20 min); this archive's cadence is too coarse to evaluate a genuine rate-of-change here. Detector logic is real and will fire once 15-min cadence MSG data is supplied.,ناکافی وقتی ریزولوشن -- 15 منٹ کے تسلسل والا ڈیٹا درکار ہے,33.50062131955731,73.05597899440076
Rawalpindi,20260828,cold_wave,False,0.33,1,0,Mean clear-sky night skin temp 11.0 C -- above cold-wave threshold.,سردی کی لہر کی علامت نہیں,33.50062131955731,73.05597899440076
Rawalpindi,20260828,dust_storm,False,0.5,8,0,No dust-storm signature detected.,دھول کے طوفان کی علامت نہیں,33.50062131955731,73.05597899440076
Rawalpindi,20260828,fog,False,0.6,8,0,IR3.9-IR10.8 = -3.6 K -- outside the fog signature range.,دھند کی علامت نہیں,33.50062131955731,73.05597899440076
Rawalpindi,20260828,frost,False,0.3,8,0,Not all three frost conditions met (no WRF wind data available).,پالے کی تمام شرائط پوری نہیں ہوئیں,33.50062131955731,73.05597899440076
Rawalpindi,20260828,hail,False,0.0,8,0,Insufficient data (overshooting tops / glaciation ratio missing).,ناکافی ڈیٹا,33.50062131955731,73.05597899440076
Rawalpindi,20260828,heat_wave,False,0.0,1,0,Not enough clear-sky multi-day skin-temperature data (0 of 0 available frames excluded as cloud-contaminated).,ناکافی صاف آسمان ڈیٹا,33.50062131955731,73.05597899440076
Rawalpindi,20260828,heavy_rain,False,0.45,1,0,0/8 frames cold enough -- below persistence bar.,شدید بارش کی علامت نہیں,33.50062131955731,73.05597899440076
Rawalpindi,20260828,residue_burning,False,0.5,8,0,Nighttime frame -- daytime fire hot-spot check not applicable.,رات کا وقت -- لاگو نہیں,33.50062131955731,73.05597899440076
Rawalpindi,20260828,thunderstorm,False,0.6,8,0,No overshooting-top signature detected.,کوئی شدید کنویکشن کی علامت نہیں,33.50062131955731,73.05597899440076
Rawalpindi,20260828,uv_index,False,0.5,8,0,Clear-sky/high-sun UV proxy conditions not met.,UV کی سطح زیادہ ہونے کی علامت نہیں,33.50062131955731,73.05597899440076
Sahiwal,20260828,cloud_burst,False,0.2,1,0,STUBBED: nearest available frame pair is 15 min apart (need <=20 min); this archive's cadence is too coarse to evaluate a genuine rate-of-change here. Detector logic is real and will fire once 15-min cadence MSG data is supplied.,ناکافی وقتی ریزولوشن -- 15 منٹ کے تسلسل والا ڈیٹا درکار ہے,30.543448630998675,72.84147397277293
Sahiwal,20260828,cold_wave,False,0.33,1,0,Mean clear-sky night skin temp 12.1 C -- above cold-wave threshold.,سردی کی لہر کی علامت نہیں,30.543448630998675,72.84147397277293
Sahiwal,20260828,dust_storm,False,0.5,8,0,No dust-storm signature detected.,دھول کے طوفان کی علامت نہیں,30.543448630998675,72.84147397277293
Sahiwal,20260828,fog,False,0.6,8,0,IR3.9-IR10.8 = -3.3 K -- outside the fog signature range.,دھند کی علامت نہیں,30.543448630998675,72.84147397277293
Sahiwal,20260828,frost,False,0.3,8,0,Not all three frost conditions met (no WRF wind data available).,پالے کی تمام شرائط پوری نہیں ہوئیں,30.543448630998675,72.84147397277293
Sahiwal,20260828,hail,False,0.0,8,0,Insufficient data (overshooting tops / glaciation ratio missing).,ناکافی ڈیٹا,30.543448630998675,72.84147397277293
Sahiwal,20260828,heat_wave,False,0.0,1,0,Not enough clear-sky multi-day skin-temperature data (0 of 0 available frames excluded as cloud-contaminated).,ناکافی صاف آسمان ڈیٹا,30.543448630998675,72.84147397277293
Sahiwal,20260828,heavy_rain,False,0.45,1,0,0/8 frames cold enough -- below persistence bar.,شدید بارش کی علامت نہیں,30.543448630998675,72.84147397277293
Sahiwal,20260828,residue_burning,False,0.5,8,0,Nighttime frame -- daytime fire hot-spot check not applicable.,رات کا وقت -- لاگو نہیں,30.543448630998675,72.84147397277293
Sahiwal,20260828,thunderstorm,False,0.6,8,0,No overshooting-top signature detected.,کوئی شدید کنویکشن کی علامت نہیں,30.543448630998675,72.84147397277293
Sahiwal,20260828,uv_index,False,0.5,8,0,Clear-sky/high-sun UV proxy conditions not met.,UV کی سطح زیادہ ہونے کی علامت نہیں,30.543448630998675,72.84147397277293
Sanghar,20260828,cloud_burst,False,0.2,1,0,STUBBED: nearest available frame pair is 15 min apart (need <=20 min); this archive's cadence is too coarse to evaluate a genuine rate-of-change here. Detector logic is real and will fire once 15-min cadence MSG data is supplied.,ناکافی وقتی ریزولوشن -- 15 منٹ کے تسلسل والا ڈیٹا درکار ہے,25.953402304996988,69.23325575602047
Sanghar,20260828,cold_wave,False,0.33,1,0,Mean clear-sky night skin temp 13.0 C -- above cold-wave threshold.,سردی کی لہر کی علامت نہیں,25.953402304996988,69.23325575602047
Sanghar,20260828,dust_storm,False,0.5,8,0,No dust-storm signature detected.,دھول کے طوفان کی علامت نہیں,25.953402304996988,69.23325575602047
Sanghar,20260828,fog,False,0.6,8,0,IR3.9-IR10.8 = -5.1 K -- outside the fog signature range.,دھند کی علامت نہیں,25.953402304996988,69.23325575602047
Sanghar,20260828,frost,False,0.3,8,0,Not all three frost conditions met (no WRF wind data available).,پالے کی تمام شرائط پوری نہیں ہوئیں,25.953402304996988,69.23325575602047
Sanghar,20260828,hail,False,0.0,8,0,Insufficient data (overshooting tops / glaciation ratio missing).,ناکافی ڈیٹا,25.953402304996988,69.23325575602047
Sanghar,20260828,heat_wave,False,0.0,1,0,Not enough clear-sky multi-day skin-temperature data (0 of 0 available frames excluded as cloud-contaminated).,ناکافی صاف آسمان ڈیٹا,25.953402304996988,69.23325575602047
Sanghar,20260828,heavy_rain,False,0.45,1,0,0/8 frames cold enough -- below persistence bar.,شدید بارش کی علامت نہیں,25.953402304996988,69.23325575602047
Sanghar,20260828,residue_burning,False,0.5,8,0,Nighttime frame -- daytime fire hot-spot check not applicable.,رات کا وقت -- لاگو نہیں,25.953402304996988,69.23325575602047
Sanghar,20260828,thunderstorm,False,0.6,8,0,No overshooting-top signature detected.,کوئی شدید کنویکشن کی علامت نہیں,25.953402304996988,69.23325575602047
Sanghar,20260828,uv_index,False,0.5,8,0,Clear-sky/high-sun UV proxy conditions not met.,UV کی سطح زیادہ ہونے کی علامت نہیں,25.953402304996988,69.23325575602047
Sargodha,20260828,cloud_burst,False,0.2,1,0,STUBBED: nearest available frame pair is 15 min apart (need <=20 min); this archive's cadence is too coarse to evaluate a genuine rate-of-change here. Detector logic is real and will fire once 15-min cadence MSG data is supplied.,ناکافی وقتی ریزولوشن -- 15 منٹ کے تسلسل والا ڈیٹا درکار ہے,32.01362803176926,72.69376047833424
Sargodha,20260828,cold_wave,False,0.33,1,0,Mean clear-sky night skin temp 13.1 C -- above cold-wave threshold.,سردی کی لہر کی علامت نہیں,32.01362803176926,72.69376047833424
Sargodha,20260828,dust_storm,False,0.5,8,0,No dust-storm signature detected.,دھول کے طوفان کی علامت نہیں,32.01362803176926,72.69376047833424
Sargodha,20260828,fog,False,0.6,8,0,IR3.9-IR10.8 = -3.9 K -- outside the fog signature range.,دھند کی علامت نہیں,32.01362803176926,72.69376047833424
Sargodha,20260828,frost,False,0.3,8,0,Not all three frost conditions met (no WRF wind data available).,پالے کی تمام شرائط پوری نہیں ہوئیں,32.01362803176926,72.69376047833424
Sargodha,20260828,hail,False,0.0,8,0,Insufficient data (overshooting tops / glaciation ratio missing).,ناکافی ڈیٹا,32.01362803176926,72.69376047833424
Sargodha,20260828,heat_wave,False,0.0,1,0,Not enough clear-sky multi-day skin-temperature data (0 of 0 available frames excluded as cloud-contaminated).,ناکافی صاف آسمان ڈیٹا,32.01362803176926,72.69376047833424
Sargodha,20260828,heavy_rain,False,0.45,1,0,0/8 frames cold enough -- below persistence bar.,شدید بارش کی علامت نہیں,32.01362803176926,72.69376047833424
Sargodha,20260828,residue_burning,False,0.5,8,0,Nighttime frame -- daytime fire hot-spot check not applicable.,رات کا وقت -- لاگو نہیں,32.01362803176926,72.69376047833424
Sargodha,20260828,thunderstorm,False,0.6,8,0,No overshooting-top signature detected.,کوئی شدید کنویکشن کی علامت نہیں,32.01362803176926,72.69376047833424
Sargodha,20260828,uv_index,False,0.5,8,0,Clear-sky/high-sun UV proxy conditions not met.,UV کی سطح زیادہ ہونے کی علامت نہیں,32.01362803176926,72.69376047833424
Shangla,20260828,cloud_burst,False,0.2,1,0,STUBBED: nearest available frame pair is 15 min apart (need <=20 min); this archive's cadence is too coarse to evaluate a genuine rate-of-change here. Detector logic is real and will fire once 15-min cadence MSG data is supplied.,ناکافی وقتی ریزولوشن -- 15 منٹ کے تسلسل والا ڈیٹا درکار ہے,34.82751209348109,72.71689385428617
Shangla,20260828,cold_wave,False,0.33,1,0,Mean clear-sky night skin temp 8.7 C -- above cold-wave threshold.,سردی کی لہر کی علامت نہیں,34.82751209348109,72.71689385428617
Shangla,20260828,dust_storm,False,0.5,8,0,No dust-storm signature detected.,دھول کے طوفان کی علامت نہیں,34.82751209348109,72.71689385428617
Shangla,20260828,fog,False,0.6,8,0,IR3.9-IR10.8 = -4.1 K -- outside the fog signature range.,دھند کی علامت نہیں,34.82751209348109,72.71689385428617
Shangla,20260828,frost,False,0.3,8,0,Not all three frost conditions met (no WRF wind data available).,پالے کی تمام شرائط پوری نہیں ہوئیں,34.82751209348109,72.71689385428617
Shangla,20260828,hail,False,0.0,8,0,Insufficient data (overshooting tops / glaciation ratio missing).,ناکافی ڈیٹا,34.82751209348109,72.71689385428617
Shangla,20260828,heat_wave,False,0.0,1,0,Not enough clear-sky multi-day skin-temperature data (0 of 0 available frames excluded as cloud-contaminated).,ناکافی صاف آسمان ڈیٹا,34.82751209348109,72.71689385428617
Shangla,20260828,heavy_rain,False,0.45,1,0,0/8 frames cold enough -- below persistence bar.,شدید بارش کی علامت نہیں,34.82751209348109,72.71689385428617
Shangla,20260828,residue_burning,False,0.5,8,0,Nighttime frame -- daytime fire hot-spot check not applicable.,رات کا وقت -- لاگو نہیں,34.82751209348109,72.71689385428617
Shangla,20260828,thunderstorm,False,0.6,8,0,No overshooting-top signature detected.,کوئی شدید کنویکشن کی علامت نہیں,34.82751209348109,72.71689385428617
Shangla,20260828,uv_index,False,0.5,8,0,Clear-sky/high-sun UV proxy conditions not met.,UV کی سطح زیادہ ہونے کی علامت نہیں,34.82751209348109,72.71689385428617
Sheikhpura,20260828,cloud_burst,False,0.0,1,0,STUBBED: no consecutive-frame pairs available at all for this location/period.,ڈیٹا دستیاب نہیں,31.557511187958458,73.8694134849586
Sheikhpura,20260828,cold_wave,False,0.0,1,0,Not enough clear-sky multi-day night skin-temperature data (0 of 0 available frames excluded as cloud-contaminated).,ناکافی صاف آسمان ڈیٹا,31.557511187958458,73.8694134849586
Sheikhpura,20260828,dust_storm,False,0.0,8,0,Dust-difference channels unavailable.,ڈیٹا دستیاب نہیں,31.557511187958458,73.8694134849586
Sheikhpura,20260828,fog,False,0.0,8,0,No IR3.9-IR10.8 data at this time/location.,ڈیٹا دستیاب نہیں,31.557511187958458,73.8694134849586
Sheikhpura,20260828,frost,False,0.0,8,0,MSG skin-temperature/cloud data unavailable.,ڈیٹا دستیاب نہیں,31.557511187958458,73.8694134849586
Sheikhpura,20260828,hail,False,0.0,8,0,Insufficient data (overshooting tops / glaciation ratio missing).,ناکافی ڈیٹا,31.557511187958458,73.8694134849586
Sheikhpura,20260828,heat_wave,False,0.0,1,0,Not enough clear-sky multi-day skin-temperature data (0 of 0 available frames excluded as cloud-contaminated).,ناکافی صاف آسمان ڈیٹا,31.557511187958458,73.8694134849586
Sheikhpura,20260828,heavy_rain,False,0.45,1,0,0/8 frames cold enough -- below persistence bar.,شدید بارش کی علامت نہیں,31.557511187958458,73.8694134849586
Sheikhpura,20260828,residue_burning,False,0.5,8,0,Nighttime frame -- daytime fire hot-spot check not applicable.,رات کا وقت -- لاگو نہیں,31.557511187958458,73.8694134849586
Sheikhpura,20260828,thunderstorm,False,0.0,8,0,No convection data at this time/location.,اس وقت/مقام کے لیے کنویکشن ڈیٹا دستیاب نہیں,31.557511187958458,73.8694134849586
Sheikhpura,20260828,uv_index,False,0.0,8,0,No MSG cloud data available.,ڈیٹا دستیاب نہیں,31.557511187958458,73.8694134849586
Shigar,20260828,cloud_burst,False,0.0,1,0,STUBBED: no consecutive-frame pairs available at all for this location/period.,ڈیٹا دستیاب نہیں,35.74199294506203,75.8753094717029
Shigar,20260828,cold_wave,False,0.0,1,0,Not enough clear-sky multi-day night skin-temperature data (0 of 0 available frames excluded as cloud-contaminated).,ناکافی صاف آسمان ڈیٹا,35.74199294506203,75.8753094717029
Shigar,20260828,dust_storm,False,0.0,8,0,Dust-difference channels unavailable.,ڈیٹا دستیاب نہیں,35.74199294506203,75.8753094717029
Shigar,20260828,fog,False,0.0,8,0,No IR3.9-IR10.8 data at this time/location.,ڈیٹا دستیاب نہیں,35.74199294506203,75.8753094717029
Shigar,20260828,frost,False,0.0,8,0,MSG skin-temperature/cloud data unavailable.,ڈیٹا دستیاب نہیں,35.74199294506203,75.8753094717029
Shigar,20260828,hail,False,0.0,8,0,Insufficient data (overshooting tops / glaciation ratio missing).,ناکافی ڈیٹا,35.74199294506203,75.8753094717029
Shigar,20260828,heat_wave,False,0.0,1,0,Not enough clear-sky multi-day skin-temperature data (0 of 0 available frames excluded as cloud-contaminated).,ناکافی صاف آسمان ڈیٹا,35.74199294506203,75.8753094717029
Shigar,20260828,heavy_rain,False,0.45,1,0,0/8 frames cold enough -- below persistence bar.,شدید بارش کی علامت نہیں,35.74199294506203,75.8753094717029
Shigar,20260828,residue_burning,False,0.5,8,0,Nighttime frame -- daytime fire hot-spot check not applicable.,رات کا وقت -- لاگو نہیں,35.74199294506203,75.8753094717029
Shigar,20260828,thunderstorm,False,0.0,8,0,No convection data at this time/location.,اس وقت/مقام کے لیے کنویکشن ڈیٹا دستیاب نہیں,35.74199294506203,75.8753094717029
Shigar,20260828,uv_index,False,0.0,8,0,No MSG cloud data available.,ڈیٹا دستیاب نہیں,35.74199294506203,75.8753094717029
Shikarpur,20260828,cloud_burst,False,0.2,1,0,STUBBED: nearest available frame pair is 15 min apart (need <=20 min); this archive's cadence is too coarse to evaluate a genuine rate-of-change here. Detector logic is real and will fire once 15-min cadence MSG data is supplied.,ناکافی وقتی ریزولوشن -- 15 منٹ کے تسلسل والا ڈیٹا درکار ہے,27.8577398521839,68.66895370840413
Shikarpur,20260828,cold_wave,False,0.33,1,0,Mean clear-sky night skin temp 19.2 C -- above cold-wave threshold.,سردی کی لہر کی علامت نہیں,27.8577398521839,68.66895370840413
Shikarpur,20260828,dust_storm,False,0.5,8,0,No dust-storm signature detected.,دھول کے طوفان کی علامت نہیں,27.8577398521839,68.66895370840413
Shikarpur,20260828,fog,False,0.6,8,0,IR3.9-IR10.8 = -4.7 K -- outside the fog signature range.,دھند کی علامت نہیں,27.8577398521839,68.66895370840413
Shikarpur,20260828,frost,False,0.3,8,0,Not all three frost conditions met (no WRF wind data available).,پالے کی تمام شرائط پوری نہیں ہوئیں,27.8577398521839,68.66895370840413
Shikarpur,20260828,hail,False,0.0,8,0,Insufficient data (overshooting tops / glaciation ratio missing).,ناکافی ڈیٹا,27.8577398521839,68.66895370840413
Shikarpur,20260828,heat_wave,False,0.0,1,0,Not enough clear-sky multi-day skin-temperature data (0 of 0 available frames excluded as cloud-contaminated).,ناکافی صاف آسمان ڈیٹا,27.8577398521839,68.66895370840413
Shikarpur,20260828,heavy_rain,False,0.45,1,0,0/8 frames cold enough -- below persistence bar.,شدید بارش کی علامت نہیں,27.8577398521839,68.66895370840413
Shikarpur,20260828,residue_burning,False,0.5,8,0,Nighttime frame -- daytime fire hot-spot check not applicable.,رات کا وقت -- لاگو نہیں,27.8577398521839,68.66895370840413
Shikarpur,20260828,thunderstorm,False,0.6,8,0,No overshooting-top signature detected.,کوئی شدید کنویکشن کی علامت نہیں,27.8577398521839,68.66895370840413
Shikarpur,20260828,uv_index,False,0.5,8,0,Clear-sky/high-sun UV proxy conditions not met.,UV کی سطح زیادہ ہونے کی علامت نہیں,27.8577398521839,68.66895370840413
Sialkot,20260828,cloud_burst,False,0.0,1,0,STUBBED: no consecutive-frame pairs available at all for this location/period.,ڈیٹا دستیاب نہیں,32.424270516378186,74.52050975811137
Sialkot,20260828,cold_wave,False,0.0,1,0,Not enough clear-sky multi-day night skin-temperature data (0 of 0 available frames excluded as cloud-contaminated).,ناکافی صاف آسمان ڈیٹا,32.424270516378186,74.52050975811137
Sialkot,20260828,dust_storm,False,0.0,8,0,Dust-difference channels unavailable.,ڈیٹا دستیاب نہیں,32.424270516378186,74.52050975811137
Sialkot,20260828,fog,False,0.0,8,0,No IR3.9-IR10.8 data at this time/location.,ڈیٹا دستیاب نہیں,32.424270516378186,74.52050975811137
Sialkot,20260828,frost,False,0.0,8,0,MSG skin-temperature/cloud data unavailable.,ڈیٹا دستیاب نہیں,32.424270516378186,74.52050975811137
Sialkot,20260828,hail,False,0.0,8,0,Insufficient data (overshooting tops / glaciation ratio missing).,ناکافی ڈیٹا,32.424270516378186,74.52050975811137
Sialkot,20260828,heat_wave,False,0.0,1,0,Not enough clear-sky multi-day skin-temperature data (0 of 0 available frames excluded as cloud-contaminated).,ناکافی صاف آسمان ڈیٹا,32.424270516378186,74.52050975811137
Sialkot,20260828,heavy_rain,False,0.45,1,0,0/8 frames cold enough -- below persistence bar.,شدید بارش کی علامت نہیں,32.424270516378186,74.52050975811137
Sialkot,20260828,residue_burning,False,0.5,8,0,Nighttime frame -- daytime fire hot-spot check not applicable.,رات کا وقت -- لاگو نہیں,32.424270516378186,74.52050975811137
Sialkot,20260828,thunderstorm,False,0.0,8,0,No convection data at this time/location.,اس وقت/مقام کے لیے کنویکشن ڈیٹا دستیاب نہیں,32.424270516378186,74.52050975811137
Sialkot,20260828,uv_index,False,0.0,8,0,No MSG cloud data available.,ڈیٹا دستیاب نہیں,32.424270516378186,74.52050975811137
Sibi,20260828,cloud_burst,False,0.2,1,0,STUBBED: nearest available frame pair is 15 min apart (need <=20 min); this archive's cadence is too coarse to evaluate a genuine rate-of-change here. Detector logic is real and will fire once 15-min cadence MSG data is supplied.,ناکافی وقتی ریزولوشن -- 15 منٹ کے تسلسل والا ڈیٹا درکار ہے,29.80669330044533,67.9238294640467
Sibi,20260828,cold_wave,False,0.33,1,0,Mean clear-sky night skin temp 16.6 C -- above cold-wave threshold.,سردی کی لہر کی علامت نہیں,29.80669330044533,67.9238294640467
Sibi,20260828,dust_storm,False,0.5,8,0,No dust-storm signature detected.,دھول کے طوفان کی علامت نہیں,29.80669330044533,67.9238294640467
Sibi,20260828,fog,False,0.6,8,0,IR3.9-IR10.8 = -0.0 K -- outside the fog signature range.,دھند کی علامت نہیں,29.80669330044533,67.9238294640467
Sibi,20260828,frost,False,0.3,8,0,Not all three frost conditions met (no WRF wind data available).,پالے کی تمام شرائط پوری نہیں ہوئیں,29.80669330044533,67.9238294640467
Sibi,20260828,hail,False,0.0,8,0,Insufficient data (overshooting tops / glaciation ratio missing).,ناکافی ڈیٹا,29.80669330044533,67.9238294640467
Sibi,20260828,heat_wave,False,0.0,1,0,Not enough clear-sky multi-day skin-temperature data (0 of 0 available frames excluded as cloud-contaminated).,ناکافی صاف آسمان ڈیٹا,29.80669330044533,67.9238294640467
Sibi,20260828,heavy_rain,False,0.45,1,0,0/8 frames cold enough -- below persistence bar.,شدید بارش کی علامت نہیں,29.80669330044533,67.9238294640467
Sibi,20260828,residue_burning,False,0.5,8,0,Nighttime frame -- daytime fire hot-spot check not applicable.,رات کا وقت -- لاگو نہیں,29.80669330044533,67.9238294640467
Sibi,20260828,thunderstorm,False,0.6,8,0,No overshooting-top signature detected.,کوئی شدید کنویکشن کی علامت نہیں,29.80669330044533,67.9238294640467
Sibi,20260828,uv_index,False,0.5,8,0,Clear-sky/high-sun UV proxy conditions not met.,UV کی سطح زیادہ ہونے کی علامت نہیں,29.80669330044533,67.9238294640467
Skardu,20260828,cloud_burst,False,0.0,1,0,STUBBED: no consecutive-frame pairs available at all for this location/period.,ڈیٹا دستیاب نہیں,35.280808142510224,75.38882267945617
Skardu,20260828,cold_wave,False,0.0,1,0,Not enough clear-sky multi-day night skin-temperature data (0 of 0 available frames excluded as cloud-contaminated).,ناکافی صاف آسمان ڈیٹا,35.280808142510224,75.38882267945617
Skardu,20260828,dust_storm,False,0.0,8,0,Dust-difference channels unavailable.,ڈیٹا دستیاب نہیں,35.280808142510224,75.38882267945617
Skardu,20260828,fog,False,0.0,8,0,No IR3.9-IR10.8 data at this time/location.,ڈیٹا دستیاب نہیں,35.280808142510224,75.38882267945617
Skardu,20260828,frost,False,0.0,8,0,MSG skin-temperature/cloud data unavailable.,ڈیٹا دستیاب نہیں,35.280808142510224,75.38882267945617
Skardu,20260828,hail,False,0.0,8,0,Insufficient data (overshooting tops / glaciation ratio missing).,ناکافی ڈیٹا,35.280808142510224,75.38882267945617
Skardu,20260828,heat_wave,False,0.0,1,0,Not enough clear-sky multi-day skin-temperature data (0 of 0 available frames excluded as cloud-contaminated).,ناکافی صاف آسمان ڈیٹا,35.280808142510224,75.38882267945617
Skardu,20260828,heavy_rain,False,0.45,1,0,0/8 frames cold enough -- below persistence bar.,شدید بارش کی علامت نہیں,35.280808142510224,75.38882267945617
Skardu,20260828,residue_burning,False,0.5,8,0,Nighttime frame -- daytime fire hot-spot check not applicable.,رات کا وقت -- لاگو نہیں,35.280808142510224,75.38882267945617
Skardu,20260828,thunderstorm,False,0.0,8,0,No convection data at this time/location.,اس وقت/مقام کے لیے کنویکشن ڈیٹا دستیاب نہیں,35.280808142510224,75.38882267945617
Skardu,20260828,uv_index,False,0.0,8,0,No MSG cloud data available.,ڈیٹا دستیاب نہیں,35.280808142510224,75.38882267945617
South Waziristan,20260828,cloud_burst,False,0.2,1,0,STUBBED: nearest available frame pair is 15 min apart (need <=20 min); this archive's cadence is too coarse to evaluate a genuine rate-of-change here. Detector logic is real and will fire once 15-min cadence MSG data is supplied.,ناکافی وقتی ریزولوشن -- 15 منٹ کے تسلسل والا ڈیٹا درکار ہے,32.01149043479542,70.07105273312659
South Waziristan,20260828,cold_wave,False,0.33,1,0,Mean clear-sky night skin temp 13.2 C -- above cold-wave threshold.,سردی کی لہر کی علامت نہیں,32.01149043479542,70.07105273312659
South Waziristan,20260828,dust_storm,False,0.5,8,0,No dust-storm signature detected.,دھول کے طوفان کی علامت نہیں,32.01149043479542,70.07105273312659
South Waziristan,20260828,fog,False,0.6,8,0,IR3.9-IR10.8 = -2.0 K -- outside the fog signature range.,دھند کی علامت نہیں,32.01149043479542,70.07105273312659
South Waziristan,20260828,frost,False,0.3,8,0,Not all three frost conditions met (no WRF wind data available).,پالے کی تمام شرائط پوری نہیں ہوئیں,32.01149043479542,70.07105273312659
South Waziristan,20260828,hail,False,0.0,8,0,Insufficient data (overshooting tops / glaciation ratio missing).,ناکافی ڈیٹا,32.01149043479542,70.07105273312659
South Waziristan,20260828,heat_wave,False,0.0,1,0,Not enough clear-sky multi-day skin-temperature data (0 of 0 available frames excluded as cloud-contaminated).,ناکافی صاف آسمان ڈیٹا,32.01149043479542,70.07105273312659
South Waziristan,20260828,heavy_rain,False,0.45,1,0,0/8 frames cold enough -- below persistence bar.,شدید بارش کی علامت نہیں,32.01149043479542,70.07105273312659
South Waziristan,20260828,residue_burning,False,0.5,8,0,Nighttime frame -- daytime fire hot-spot check not applicable.,رات کا وقت -- لاگو نہیں,32.01149043479542,70.07105273312659
South Waziristan,20260828,thunderstorm,False,0.6,8,0,No overshooting-top signature detected.,کوئی شدید کنویکشن کی علامت نہیں,32.01149043479542,70.07105273312659
South Waziristan,20260828,uv_index,False,0.5,8,0,Clear-sky/high-sun UV proxy conditions not met.,UV کی سطح زیادہ ہونے کی علامت نہیں,32.01149043479542,70.07105273312659
Sukkur,20260828,cloud_burst,False,0.2,1,0,STUBBED: nearest available frame pair is 15 min apart (need <=20 min); this archive's cadence is too coarse to evaluate a genuine rate-of-change here. Detector logic is real and will fire once 15-min cadence MSG data is supplied.,ناکافی وقتی ریزولوشن -- 15 منٹ کے تسلسل والا ڈیٹا درکار ہے,27.521510752345886,69.11615993430854
Sukkur,20260828,cold_wave,False,0.33,1,0,Mean clear-sky night skin temp 19.3 C -- above cold-wave threshold.,سردی کی لہر کی علامت نہیں,27.521510752345886,69.11615993430854
Sukkur,20260828,dust_storm,False,0.5,8,0,No dust-storm signature detected.,دھول کے طوفان کی علامت نہیں,27.521510752345886,69.11615993430854
Sukkur,20260828,fog,False,0.6,8,0,IR3.9-IR10.8 = -3.7 K -- outside the fog signature range.,دھند کی علامت نہیں,27.521510752345886,69.11615993430854
Sukkur,20260828,frost,False,0.3,8,0,Not all three frost conditions met (no WRF wind data available).,پالے کی تمام شرائط پوری نہیں ہوئیں,27.521510752345886,69.11615993430854
Sukkur,20260828,hail,False,0.0,8,0,Insufficient data (overshooting tops / glaciation ratio missing).,ناکافی ڈیٹا,27.521510752345886,69.11615993430854
Sukkur,20260828,heat_wave,False,0.0,1,0,Not enough clear-sky multi-day skin-temperature data (0 of 0 available frames excluded as cloud-contaminated).,ناکافی صاف آسمان ڈیٹا,27.521510752345886,69.11615993430854
Sukkur,20260828,heavy_rain,False,0.45,1,0,0/8 frames cold enough -- below persistence bar.,شدید بارش کی علامت نہیں,27.521510752345886,69.11615993430854
Sukkur,20260828,residue_burning,False,0.5,8,0,Nighttime frame -- daytime fire hot-spot check not applicable.,رات کا وقت -- لاگو نہیں,27.521510752345886,69.11615993430854
Sukkur,20260828,thunderstorm,False,0.6,8,0,No overshooting-top signature detected.,کوئی شدید کنویکشن کی علامت نہیں,27.521510752345886,69.11615993430854
Sukkur,20260828,uv_index,False,0.5,8,0,Clear-sky/high-sun UV proxy conditions not met.,UV کی سطح زیادہ ہونے کی علامت نہیں,27.521510752345886,69.11615993430854
Swabi,20260828,cloud_burst,False,0.2,1,0,STUBBED: nearest available frame pair is 15 min apart (need <=20 min); this archive's cadence is too coarse to evaluate a genuine rate-of-change here. Detector logic is real and will fire once 15-min cadence MSG data is supplied.,ناکافی وقتی ریزولوشن -- 15 منٹ کے تسلسل والا ڈیٹا درکار ہے,34.14909286355751,72.46411036861973
Swabi,20260828,cold_wave,False,0.33,1,0,Mean clear-sky night skin temp 10.6 C -- above cold-wave threshold.,سردی کی لہر کی علامت نہیں,34.14909286355751,72.46411036861973
Swabi,20260828,dust_storm,False,0.5,8,0,No dust-storm signature detected.,دھول کے طوفان کی علامت نہیں,34.14909286355751,72.46411036861973
Swabi,20260828,fog,False,0.6,8,0,IR3.9-IR10.8 = -2.6 K -- outside the fog signature range.,دھند کی علامت نہیں,34.14909286355751,72.46411036861973
Swabi,20260828,frost,False,0.3,8,0,Not all three frost conditions met (no WRF wind data available).,پالے کی تمام شرائط پوری نہیں ہوئیں,34.14909286355751,72.46411036861973
Swabi,20260828,hail,False,0.0,8,0,Insufficient data (overshooting tops / glaciation ratio missing).,ناکافی ڈیٹا,34.14909286355751,72.46411036861973
Swabi,20260828,heat_wave,False,0.0,1,0,Not enough clear-sky multi-day skin-temperature data (0 of 0 available frames excluded as cloud-contaminated).,ناکافی صاف آسمان ڈیٹا,34.14909286355751,72.46411036861973
Swabi,20260828,heavy_rain,False,0.45,1,0,0/8 frames cold enough -- below persistence bar.,شدید بارش کی علامت نہیں,34.14909286355751,72.46411036861973
Swabi,20260828,residue_burning,False,0.5,8,0,Nighttime frame -- daytime fire hot-spot check not applicable.,رات کا وقت -- لاگو نہیں,34.14909286355751,72.46411036861973
Swabi,20260828,thunderstorm,False,0.6,8,0,No overshooting-top signature detected.,کوئی شدید کنویکشن کی علامت نہیں,34.14909286355751,72.46411036861973
Swabi,20260828,uv_index,False,0.5,8,0,Clear-sky/high-sun UV proxy conditions not met.,UV کی سطح زیادہ ہونے کی علامت نہیں,34.14909286355751,72.46411036861973
Swat,20260828,cloud_burst,False,0.2,1,0,STUBBED: nearest available frame pair is 15 min apart (need <=20 min); this archive's cadence is too coarse to evaluate a genuine rate-of-change here. Detector logic is real and will fire once 15-min cadence MSG data is supplied.,ناکافی وقتی ریزولوشن -- 15 منٹ کے تسلسل والا ڈیٹا درکار ہے,35.22104858927527,72.45014066670852
Swat,20260828,cold_wave,False,0.33,1,0,Mean clear-sky night skin temp 3.3 C -- above cold-wave threshold.,سردی کی لہر کی علامت نہیں,35.22104858927527,72.45014066670852
Swat,20260828,dust_storm,False,0.5,8,0,No dust-storm signature detected.,دھول کے طوفان کی علامت نہیں,35.22104858927527,72.45014066670852
Swat,20260828,fog,False,0.6,8,0,IR3.9-IR10.8 = -4.6 K -- outside the fog signature range.,دھند کی علامت نہیں,35.22104858927527,72.45014066670852
Swat,20260828,frost,False,0.3,8,0,Not all three frost conditions met (no WRF wind data available).,پالے کی تمام شرائط پوری نہیں ہوئیں,35.22104858927527,72.45014066670852
Swat,20260828,hail,False,0.0,8,0,Insufficient data (overshooting tops / glaciation ratio missing).,ناکافی ڈیٹا,35.22104858927527,72.45014066670852
Swat,20260828,heat_wave,False,0.0,1,0,Not enough clear-sky multi-day skin-temperature data (0 of 0 available frames excluded as cloud-contaminated).,ناکافی صاف آسمان ڈیٹا,35.22104858927527,72.45014066670852
Swat,20260828,heavy_rain,False,0.45,1,0,0/8 frames cold enough -- below persistence bar.,شدید بارش کی علامت نہیں,35.22104858927527,72.45014066670852
Swat,20260828,residue_burning,False,0.5,8,0,Nighttime frame -- daytime fire hot-spot check not applicable.,رات کا وقت -- لاگو نہیں,35.22104858927527,72.45014066670852
Swat,20260828,thunderstorm,False,0.6,8,0,No overshooting-top signature detected.,کوئی شدید کنویکشن کی علامت نہیں,35.22104858927527,72.45014066670852
Swat,20260828,uv_index,False,0.5,8,0,Clear-sky/high-sun UV proxy conditions not met.,UV کی سطح زیادہ ہونے کی علامت نہیں,35.22104858927527,72.45014066670852
Tando Allahyar,20260828,cloud_burst,True,0.7,1,1,Cloud top cooling 13.7 K in 15 min -- explosive vertical development.,طوفانی بارش کا فوری خطرہ,25.440386667031124,68.78524324414445
Tando Allahyar,20260828,cold_wave,False,0.33,1,0,Mean clear-sky night skin temp 13.2 C -- above cold-wave threshold.,سردی کی لہر کی علامت نہیں,25.440386667031124,68.78524324414445
Tando Allahyar,20260828,dust_storm,False,0.5,8,0,No dust-storm signature detected.,دھول کے طوفان کی علامت نہیں,25.440386667031124,68.78524324414445
Tando Allahyar,20260828,fog,False,0.6,8,0,IR3.9-IR10.8 = -4.9 K -- outside the fog signature range.,دھند کی علامت نہیں,25.440386667031124,68.78524324414445
Tando Allahyar,20260828,frost,False,0.3,8,0,Not all three frost conditions met (no WRF wind data available).,پالے کی تمام شرائط پوری نہیں ہوئیں,25.440386667031124,68.78524324414445
Tando Allahyar,20260828,hail,False,0.0,8,0,Insufficient data (overshooting tops / glaciation ratio missing).,ناکافی ڈیٹا,25.440386667031124,68.78524324414445
Tando Allahyar,20260828,heat_wave,False,0.0,1,0,Not enough clear-sky multi-day skin-temperature data (0 of 0 available frames excluded as cloud-contaminated).,ناکافی صاف آسمان ڈیٹا,25.440386667031124,68.78524324414445
Tando Allahyar,20260828,heavy_rain,False,0.45,1,0,0/8 frames cold enough -- below persistence bar.,شدید بارش کی علامت نہیں,25.440386667031124,68.78524324414445
Tando Allahyar,20260828,residue_burning,False,0.5,8,0,Nighttime frame -- daytime fire hot-spot check not applicable.,رات کا وقت -- لاگو نہیں,25.440386667031124,68.78524324414445
Tando Allahyar,20260828,thunderstorm,False,0.6,8,0,No overshooting-top signature detected.,کوئی شدید کنویکشن کی علامت نہیں,25.440386667031124,68.78524324414445
Tando Allahyar,20260828,uv_index,False,0.5,8,0,Clear-sky/high-sun UV proxy conditions not met.,UV کی سطح زیادہ ہونے کی علامت نہیں,25.440386667031124,68.78524324414445
Tando Muhammad Khan,20260828,cloud_burst,False,0.2,1,0,STUBBED: nearest available frame pair is 15 min apart (need <=20 min); this archive's cadence is too coarse to evaluate a genuine rate-of-change here. Detector logic is real and will fire once 15-min cadence MSG data is supplied.,ناکافی وقتی ریزولوشن -- 15 منٹ کے تسلسل والا ڈیٹا درکار ہے,24.885925465972228,68.47381465968945
Tando Muhammad Khan,20260828,cold_wave,False,0.33,1,0,Mean clear-sky night skin temp 14.2 C -- above cold-wave threshold.,سردی کی لہر کی علامت نہیں,24.885925465972228,68.47381465968945
Tando Muhammad Khan,20260828,dust_storm,False,0.5,8,0,No dust-storm signature detected.,دھول کے طوفان کی علامت نہیں,24.885925465972228,68.47381465968945
Tando Muhammad Khan,20260828,fog,False,0.6,8,0,IR3.9-IR10.8 = -7.1 K -- outside the fog signature range.,دھند کی علامت نہیں,24.885925465972228,68.47381465968945
Tando Muhammad Khan,20260828,frost,False,0.3,8,0,Not all three frost conditions met (no WRF wind data available).,پالے کی تمام شرائط پوری نہیں ہوئیں,24.885925465972228,68.47381465968945
Tando Muhammad Khan,20260828,hail,False,0.0,8,0,Insufficient data (overshooting tops / glaciation ratio missing).,ناکافی ڈیٹا,24.885925465972228,68.47381465968945
Tando Muhammad Khan,20260828,heat_wave,False,0.0,1,0,Not enough clear-sky multi-day skin-temperature data (0 of 0 available frames excluded as cloud-contaminated).,ناکافی صاف آسمان ڈیٹا,24.885925465972228,68.47381465968945
Tando Muhammad Khan,20260828,heavy_rain,False,0.45,1,0,0/8 frames cold enough -- below persistence bar.,شدید بارش کی علامت نہیں,24.885925465972228,68.47381465968945
Tando Muhammad Khan,20260828,residue_burning,False,0.5,8,0,Nighttime frame -- daytime fire hot-spot check not applicable.,رات کا وقت -- لاگو نہیں,24.885925465972228,68.47381465968945
Tando Muhammad Khan,20260828,thunderstorm,False,0.6,8,0,No overshooting-top signature detected.,کوئی شدید کنویکشن کی علامت نہیں,24.885925465972228,68.47381465968945
Tando Muhammad Khan,20260828,uv_index,False,0.5,8,0,Clear-sky/high-sun UV proxy conditions not met.,UV کی سطح زیادہ ہونے کی علامت نہیں,24.885925465972228,68.47381465968945
Tank,20260828,cloud_burst,False,0.2,1,0,STUBBED: nearest available frame pair is 15 min apart (need <=20 min); this archive's cadence is too coarse to evaluate a genuine rate-of-change here. Detector logic is real and will fire once 15-min cadence MSG data is supplied.,ناکافی وقتی ریزولوشن -- 15 منٹ کے تسلسل والا ڈیٹا درکار ہے,32.17412320499081,70.37629849614294
Tank,20260828,cold_wave,False,0.33,1,0,Mean clear-sky night skin temp 11.6 C -- above cold-wave threshold.,سردی کی لہر کی علامت نہیں,32.17412320499081,70.37629849614294
Tank,20260828,dust_storm,False,0.5,8,0,No dust-storm signature detected.,دھول کے طوفان کی علامت نہیں,32.17412320499081,70.37629849614294
Tank,20260828,fog,False,0.6,8,0,IR3.9-IR10.8 = -1.2 K -- outside the fog signature range.,دھند کی علامت نہیں,32.17412320499081,70.37629849614294
Tank,20260828,frost,False,0.3,8,0,Not all three frost conditions met (no WRF wind data available).,پالے کی تمام شرائط پوری نہیں ہوئیں,32.17412320499081,70.37629849614294
Tank,20260828,hail,False,0.0,8,0,Insufficient data (overshooting tops / glaciation ratio missing).,ناکافی ڈیٹا,32.17412320499081,70.37629849614294
Tank,20260828,heat_wave,False,0.0,1,0,Not enough clear-sky multi-day skin-temperature data (0 of 0 available frames excluded as cloud-contaminated).,ناکافی صاف آسمان ڈیٹا,32.17412320499081,70.37629849614294
Tank,20260828,heavy_rain,False,0.45,1,0,0/8 frames cold enough -- below persistence bar.,شدید بارش کی علامت نہیں,32.17412320499081,70.37629849614294
Tank,20260828,residue_burning,False,0.5,8,0,Nighttime frame -- daytime fire hot-spot check not applicable.,رات کا وقت -- لاگو نہیں,32.17412320499081,70.37629849614294
Tank,20260828,thunderstorm,False,0.6,8,0,No overshooting-top signature detected.,کوئی شدید کنویکشن کی علامت نہیں,32.17412320499081,70.37629849614294
Tank,20260828,uv_index,False,0.5,8,0,Clear-sky/high-sun UV proxy conditions not met.,UV کی سطح زیادہ ہونے کی علامت نہیں,32.17412320499081,70.37629849614294
Tharparkar,20260828,cloud_burst,False,0.2,1,0,STUBBED: nearest available frame pair is 15 min apart (need <=20 min); this archive's cadence is too coarse to evaluate a genuine rate-of-change here. Detector logic is real and will fire once 15-min cadence MSG data is supplied.,ناکافی وقتی ریزولوشن -- 15 منٹ کے تسلسل والا ڈیٹا درکار ہے,24.90655343861673,70.08578036861486
Tharparkar,20260828,cold_wave,False,0.33,1,0,Mean clear-sky night skin temp 6.4 C -- above cold-wave threshold.,سردی کی لہر کی علامت نہیں,24.90655343861673,70.08578036861486
Tharparkar,20260828,dust_storm,False,0.5,8,0,No dust-storm signature detected.,دھول کے طوفان کی علامت نہیں,24.90655343861673,70.08578036861486
Tharparkar,20260828,fog,False,0.6,8,0,IR3.9-IR10.8 = -1.6 K -- outside the fog signature range.,دھند کی علامت نہیں,24.90655343861673,70.08578036861486
Tharparkar,20260828,frost,False,0.3,8,0,Not all three frost conditions met (no WRF wind data available).,پالے کی تمام شرائط پوری نہیں ہوئیں,24.90655343861673,70.08578036861486
Tharparkar,20260828,hail,False,0.0,8,0,Insufficient data (overshooting tops / glaciation ratio missing).,ناکافی ڈیٹا,24.90655343861673,70.08578036861486
Tharparkar,20260828,heat_wave,False,0.0,1,0,Not enough clear-sky multi-day skin-temperature data (0 of 0 available frames excluded as cloud-contaminated).,ناکافی صاف آسمان ڈیٹا,24.90655343861673,70.08578036861486
Tharparkar,20260828,heavy_rain,False,0.45,1,0,0/8 frames cold enough -- below persistence bar.,شدید بارش کی علامت نہیں,24.90655343861673,70.08578036861486
Tharparkar,20260828,residue_burning,False,0.5,8,0,Nighttime frame -- daytime fire hot-spot check not applicable.,رات کا وقت -- لاگو نہیں,24.90655343861673,70.08578036861486
Tharparkar,20260828,thunderstorm,False,0.6,8,0,No overshooting-top signature detected.,کوئی شدید کنویکشن کی علامت نہیں,24.90655343861673,70.08578036861486
Tharparkar,20260828,uv_index,False,0.5,8,0,Clear-sky/high-sun UV proxy conditions not met.,UV کی سطح زیادہ ہونے کی علامت نہیں,24.90655343861673,70.08578036861486
Thatta,20260828,cloud_burst,False,0.2,1,0,STUBBED: nearest available frame pair is 15 min apart (need <=20 min); this archive's cadence is too coarse to evaluate a genuine rate-of-change here. Detector logic is real and will fire once 15-min cadence MSG data is supplied.,ناکافی وقتی ریزولوشن -- 15 منٹ کے تسلسل والا ڈیٹا درکار ہے,24.60358755549684,67.99278352700438
Thatta,20260828,cold_wave,False,0.33,1,0,Mean clear-sky night skin temp 12.8 C -- above cold-wave threshold.,سردی کی لہر کی علامت نہیں,24.60358755549684,67.99278352700438
Thatta,20260828,dust_storm,False,0.5,8,0,No dust-storm signature detected.,دھول کے طوفان کی علامت نہیں,24.60358755549684,67.99278352700438
Thatta,20260828,fog,False,0.6,8,0,IR3.9-IR10.8 = -6.1 K -- outside the fog signature range.,دھند کی علامت نہیں,24.60358755549684,67.99278352700438
Thatta,20260828,frost,False,0.3,8,0,Not all three frost conditions met (no WRF wind data available).,پالے کی تمام شرائط پوری نہیں ہوئیں,24.60358755549684,67.99278352700438
Thatta,20260828,hail,False,0.0,8,0,Insufficient data (overshooting tops / glaciation ratio missing).,ناکافی ڈیٹا,24.60358755549684,67.99278352700438
Thatta,20260828,heat_wave,False,0.0,1,0,Not enough clear-sky multi-day skin-temperature data (0 of 0 available frames excluded as cloud-contaminated).,ناکافی صاف آسمان ڈیٹا,24.60358755549684,67.99278352700438
Thatta,20260828,heavy_rain,False,0.45,1,0,0/8 frames cold enough -- below persistence bar.,شدید بارش کی علامت نہیں,24.60358755549684,67.99278352700438
Thatta,20260828,residue_burning,False,0.5,8,0,Nighttime frame -- daytime fire hot-spot check not applicable.,رات کا وقت -- لاگو نہیں,24.60358755549684,67.99278352700438
Thatta,20260828,thunderstorm,False,0.6,8,0,No overshooting-top signature detected.,کوئی شدید کنویکشن کی علامت نہیں,24.60358755549684,67.99278352700438
Thatta,20260828,uv_index,False,0.5,8,0,Clear-sky/high-sun UV proxy conditions not met.,UV کی سطح زیادہ ہونے کی علامت نہیں,24.60358755549684,67.99278352700438
Toba Tek Singh,20260828,cloud_burst,False,0.2,1,0,STUBBED: nearest available frame pair is 15 min apart (need <=20 min); this archive's cadence is too coarse to evaluate a genuine rate-of-change here. Detector logic is real and will fire once 15-min cadence MSG data is supplied.,ناکافی وقتی ریزولوشن -- 15 منٹ کے تسلسل والا ڈیٹا درکار ہے,30.893388889456435,72.49197815106719
Toba Tek Singh,20260828,cold_wave,False,0.33,1,0,Mean clear-sky night skin temp 12.0 C -- above cold-wave threshold.,سردی کی لہر کی علامت نہیں,30.893388889456435,72.49197815106719
Toba Tek Singh,20260828,dust_storm,False,0.5,8,0,No dust-storm signature detected.,دھول کے طوفان کی علامت نہیں,30.893388889456435,72.49197815106719
Toba Tek Singh,20260828,fog,False,0.6,8,0,IR3.9-IR10.8 = -3.3 K -- outside the fog signature range.,دھند کی علامت نہیں,30.893388889456435,72.49197815106719
Toba Tek Singh,20260828,frost,False,0.3,8,0,Not all three frost conditions met (no WRF wind data available).,پالے کی تمام شرائط پوری نہیں ہوئیں,30.893388889456435,72.49197815106719
Toba Tek Singh,20260828,hail,False,0.0,8,0,Insufficient data (overshooting tops / glaciation ratio missing).,ناکافی ڈیٹا,30.893388889456435,72.49197815106719
Toba Tek Singh,20260828,heat_wave,False,0.0,1,0,Not enough clear-sky multi-day skin-temperature data (0 of 0 available frames excluded as cloud-contaminated).,ناکافی صاف آسمان ڈیٹا,30.893388889456435,72.49197815106719
Toba Tek Singh,20260828,heavy_rain,False,0.45,1,0,0/8 frames cold enough -- below persistence bar.,شدید بارش کی علامت نہیں,30.893388889456435,72.49197815106719
Toba Tek Singh,20260828,residue_burning,False,0.5,8,0,Nighttime frame -- daytime fire hot-spot check not applicable.,رات کا وقت -- لاگو نہیں,30.893388889456435,72.49197815106719
Toba Tek Singh,20260828,thunderstorm,False,0.6,8,0,No overshooting-top signature detected.,کوئی شدید کنویکشن کی علامت نہیں,30.893388889456435,72.49197815106719
Toba Tek Singh,20260828,uv_index,False,0.5,8,0,Clear-sky/high-sun UV proxy conditions not met.,UV کی سطح زیادہ ہونے کی علامت نہیں,30.893388889456435,72.49197815106719
Umerkot,20260828,cloud_burst,False,0.2,1,0,STUBBED: nearest available frame pair is 15 min apart (need <=20 min); this archive's cadence is too coarse to evaluate a genuine rate-of-change here. Detector logic is real and will fire once 15-min cadence MSG data is supplied.,ناکافی وقتی ریزولوشن -- 15 منٹ کے تسلسل والا ڈیٹا درکار ہے,25.37012575852144,69.82726207102694
Umerkot,20260828,cold_wave,False,0.33,1,0,Mean clear-sky night skin temp 7.0 C -- above cold-wave threshold.,سردی کی لہر کی علامت نہیں,25.37012575852144,69.82726207102694
Umerkot,20260828,dust_storm,False,0.5,8,0,No dust-storm signature detected.,دھول کے طوفان کی علامت نہیں,25.37012575852144,69.82726207102694
Umerkot,20260828,fog,True,0.75,8,3,Small positive IR3.9-IR10.8 difference (2.3 K) over a spatially coherent low-lying area -- classic radiative/advective fog signature. Visibility/ceiling below landing minima. Favourable-for-disease dew conditions; delay spraying until fog clears.,دھند کا امکان (IR3.9-IR10.8 = 2.3 K)۔ رن وے کی مرئیت کم ہو سکتی ہے,25.37012575852144,69.82726207102694
Umerkot,20260828,frost,False,0.3,8,0,Not all three frost conditions met (no WRF wind data available).,پالے کی تمام شرائط پوری نہیں ہوئیں,25.37012575852144,69.82726207102694
Umerkot,20260828,hail,False,0.0,8,0,Insufficient data (overshooting tops / glaciation ratio missing).,ناکافی ڈیٹا,25.37012575852144,69.82726207102694
Umerkot,20260828,heat_wave,False,0.0,1,0,Not enough clear-sky multi-day skin-temperature data (0 of 0 available frames excluded as cloud-contaminated).,ناکافی صاف آسمان ڈیٹا,25.37012575852144,69.82726207102694
Umerkot,20260828,heavy_rain,False,0.45,1,0,0/8 frames cold enough -- below persistence bar.,شدید بارش کی علامت نہیں,25.37012575852144,69.82726207102694
Umerkot,20260828,residue_burning,False,0.5,8,0,Nighttime frame -- daytime fire hot-spot check not applicable.,رات کا وقت -- لاگو نہیں,25.37012575852144,69.82726207102694
Umerkot,20260828,thunderstorm,False,0.6,8,0,No overshooting-top signature detected.,کوئی شدید کنویکشن کی علامت نہیں,25.37012575852144,69.82726207102694
Umerkot,20260828,uv_index,False,0.5,8,0,Clear-sky/high-sun UV proxy conditions not met.,UV کی سطح زیادہ ہونے کی علامت نہیں,25.37012575852144,69.82726207102694
Upper Dir,20260828,cloud_burst,False,0.2,1,0,STUBBED: nearest available frame pair is 15 min apart (need <=20 min); this archive's cadence is too coarse to evaluate a genuine rate-of-change here. Detector logic is real and will fire once 15-min cadence MSG data is supplied.,ناکافی وقتی ریزولوشن -- 15 منٹ کے تسلسل والا ڈیٹا درکار ہے,35.24038735966931,72.0300364941122
Upper Dir,20260828,cold_wave,False,0.33,1,0,Mean clear-sky night skin temp 5.2 C -- above cold-wave threshold.,سردی کی لہر کی علامت نہیں,35.24038735966931,72.0300364941122
Upper Dir,20260828,dust_storm,False,0.5,8,0,No dust-storm signature detected.,دھول کے طوفان کی علامت نہیں,35.24038735966931,72.0300364941122
Upper Dir,20260828,fog,False,0.6,8,0,IR3.9-IR10.8 = -3.3 K -- outside the fog signature range.,دھند کی علامت نہیں,35.24038735966931,72.0300364941122
Upper Dir,20260828,frost,False,0.3,8,0,Not all three frost conditions met (no WRF wind data available).,پالے کی تمام شرائط پوری نہیں ہوئیں,35.24038735966931,72.0300364941122
Upper Dir,20260828,hail,False,0.0,8,0,Insufficient data (overshooting tops / glaciation ratio missing).,ناکافی ڈیٹا,35.24038735966931,72.0300364941122
Upper Dir,20260828,heat_wave,False,0.0,1,0,Not enough clear-sky multi-day skin-temperature data (0 of 0 available frames excluded as cloud-contaminated).,ناکافی صاف آسمان ڈیٹا,35.24038735966931,72.0300364941122
Upper Dir,20260828,heavy_rain,False,0.45,1,0,0/8 frames cold enough -- below persistence bar.,شدید بارش کی علامت نہیں,35.24038735966931,72.0300364941122
Upper Dir,20260828,residue_burning,False,0.5,8,0,Nighttime frame -- daytime fire hot-spot check not applicable.,رات کا وقت -- لاگو نہیں,35.24038735966931,72.0300364941122
Upper Dir,20260828,thunderstorm,False,0.6,8,0,No overshooting-top signature detected.,کوئی شدید کنویکشن کی علامت نہیں,35.24038735966931,72.0300364941122
Upper Dir,20260828,uv_index,False,0.5,8,0,Clear-sky/high-sun UV proxy conditions not met.,UV کی سطح زیادہ ہونے کی علامت نہیں,35.24038735966931,72.0300364941122
Vihari,20260828,cloud_burst,False,0.2,1,0,STUBBED: nearest available frame pair is 15 min apart (need <=20 min); this archive's cadence is too coarse to evaluate a genuine rate-of-change here. Detector logic is real and will fire once 15-min cadence MSG data is supplied.,ناکافی وقتی ریزولوشن -- 15 منٹ کے تسلسل والا ڈیٹا درکار ہے,30.024742542603743,72.38113460647409
Vihari,20260828,cold_wave,False,0.33,1,0,Mean clear-sky night skin temp 9.8 C -- above cold-wave threshold.,سردی کی لہر کی علامت نہیں,30.024742542603743,72.38113460647409
Vihari,20260828,dust_storm,False,0.5,8,0,No dust-storm signature detected.,دھول کے طوفان کی علامت نہیں,30.024742542603743,72.38113460647409
Vihari,20260828,fog,True,0.75,8,2,Small positive IR3.9-IR10.8 difference (1.9 K) over a spatially coherent low-lying area -- classic radiative/advective fog signature. Visibility/ceiling below landing minima. Favourable-for-disease dew conditions; delay spraying until fog clears.,دھند کا امکان (IR3.9-IR10.8 = 1.9 K)۔ رن وے کی مرئیت کم ہو سکتی ہے,30.024742542603743,72.38113460647409
Vihari,20260828,frost,False,0.3,8,0,Not all three frost conditions met (no WRF wind data available).,پالے کی تمام شرائط پوری نہیں ہوئیں,30.024742542603743,72.38113460647409
Vihari,20260828,hail,False,0.0,8,0,Insufficient data (overshooting tops / glaciation ratio missing).,ناکافی ڈیٹا,30.024742542603743,72.38113460647409
Vihari,20260828,heat_wave,False,0.0,1,0,Not enough clear-sky multi-day skin-temperature data (0 of 0 available frames excluded as cloud-contaminated).,ناکافی صاف آسمان ڈیٹا,30.024742542603743,72.38113460647409
Vihari,20260828,heavy_rain,False,0.45,1,0,0/8 frames cold enough -- below persistence bar.,شدید بارش کی علامت نہیں,30.024742542603743,72.38113460647409
Vihari,20260828,residue_burning,False,0.5,8,0,Nighttime frame -- daytime fire hot-spot check not applicable.,رات کا وقت -- لاگو نہیں,30.024742542603743,72.38113460647409
Vihari,20260828,thunderstorm,False,0.6,8,0,No overshooting-top signature detected.,کوئی شدید کنویکشن کی علامت نہیں,30.024742542603743,72.38113460647409
Vihari,20260828,uv_index,False,0.5,8,0,Clear-sky/high-sun UV proxy conditions not met.,UV کی سطح زیادہ ہونے کی علامت نہیں,30.024742542603743,72.38113460647409
Zhob,20260828,cloud_burst,False,0.2,1,0,STUBBED: nearest available frame pair is 15 min apart (need <=20 min); this archive's cadence is too coarse to evaluate a genuine rate-of-change here. Detector logic is real and will fire once 15-min cadence MSG data is supplied.,ناکافی وقتی ریزولوشن -- 15 منٹ کے تسلسل والا ڈیٹا درکار ہے,31.286806375632537,69.12697618736445
Zhob,20260828,cold_wave,False,0.33,1,0,Mean clear-sky night skin temp 14.9 C -- above cold-wave threshold.,سردی کی لہر کی علامت نہیں,31.286806375632537,69.12697618736445
Zhob,20260828,dust_storm,False,0.5,8,0,No dust-storm signature detected.,دھول کے طوفان کی علامت نہیں,31.286806375632537,69.12697618736445
Zhob,20260828,fog,False,0.6,8,0,IR3.9-IR10.8 = -2.3 K -- outside the fog signature range.,دھند کی علامت نہیں,31.286806375632537,69.12697618736445
Zhob,20260828,frost,False,0.3,8,0,Not all three frost conditions met (no WRF wind data available).,پالے کی تمام شرائط پوری نہیں ہوئیں,31.286806375632537,69.12697618736445
Zhob,20260828,hail,False,0.0,8,0,Insufficient data (overshooting tops / glaciation ratio missing).,ناکافی ڈیٹا,31.286806375632537,69.12697618736445
Zhob,20260828,heat_wave,False,0.0,1,0,Not enough clear-sky multi-day skin-temperature data (0 of 0 available frames excluded as cloud-contaminated).,ناکافی صاف آسمان ڈیٹا,31.286806375632537,69.12697618736445
Zhob,20260828,heavy_rain,False,0.45,1,0,0/8 frames cold enough -- below persistence bar.,شدید بارش کی علامت نہیں,31.286806375632537,69.12697618736445
Zhob,20260828,residue_burning,False,0.5,8,0,Nighttime frame -- daytime fire hot-spot check not applicable.,رات کا وقت -- لاگو نہیں,31.286806375632537,69.12697618736445
Zhob,20260828,thunderstorm,False,0.6,8,0,No overshooting-top signature detected.,کوئی شدید کنویکشن کی علامت نہیں,31.286806375632537,69.12697618736445
Zhob,20260828,uv_index,False,0.5,8,0,Clear-sky/high-sun UV proxy conditions not met.,UV کی سطح زیادہ ہونے کی علامت نہیں,31.286806375632537,69.12697618736445
Ziarat,20260828,cloud_burst,False,0.2,1,0,STUBBED: nearest available frame pair is 15 min apart (need <=20 min); this archive's cadence is too coarse to evaluate a genuine rate-of-change here. Detector logic is real and will fire once 15-min cadence MSG data is supplied.,ناکافی وقتی ریزولوشن -- 15 منٹ کے تسلسل والا ڈیٹا درکار ہے,30.396383780214443,67.55822150809755
Ziarat,20260828,cold_wave,False,0.33,1,0,Mean clear-sky night skin temp 14.1 C -- above cold-wave threshold.,سردی کی لہر کی علامت نہیں,30.396383780214443,67.55822150809755
Ziarat,20260828,dust_storm,False,0.5,8,0,No dust-storm signature detected.,دھول کے طوفان کی علامت نہیں,30.396383780214443,67.55822150809755
Ziarat,20260828,fog,False,0.6,8,0,IR3.9-IR10.8 = -3.6 K -- outside the fog signature range.,دھند کی علامت نہیں,30.396383780214443,67.55822150809755
Ziarat,20260828,frost,False,0.3,8,0,Not all three frost conditions met (no WRF wind data available).,پالے کی تمام شرائط پوری نہیں ہوئیں,30.396383780214443,67.55822150809755
Ziarat,20260828,hail,False,0.0,8,0,Insufficient data (overshooting tops / glaciation ratio missing).,ناکافی ڈیٹا,30.396383780214443,67.55822150809755
Ziarat,20260828,heat_wave,False,0.0,1,0,Not enough clear-sky multi-day skin-temperature data (0 of 0 available frames excluded as cloud-contaminated).,ناکافی صاف آسمان ڈیٹا,30.396383780214443,67.55822150809755
Ziarat,20260828,heavy_rain,False,0.45,1,0,0/8 frames cold enough -- below persistence bar.,شدید بارش کی علامت نہیں,30.396383780214443,67.55822150809755
Ziarat,20260828,residue_burning,False,0.5,8,0,Nighttime frame -- daytime fire hot-spot check not applicable.,رات کا وقت -- لاگو نہیں,30.396383780214443,67.55822150809755
Ziarat,20260828,thunderstorm,False,0.6,8,0,No overshooting-top signature detected.,کوئی شدید کنویکشن کی علامت نہیں,30.396383780214443,67.55822150809755
Ziarat,20260828,uv_index,False,0.5,8,0,Clear-sky/high-sun UV proxy conditions not met.,UV کی سطح زیادہ ہونے کی علامت نہیں,30.396383780214443,67.55822150809755
