latitude,longitude,bright_ti4,scan,track,acq_date,acq_time,satellite,instrument,confidence,version,bright_ti5,frp,daynight
30.4822,73.84236,352.12,0.73,0.76,2026-06-27,709,N20,VIIRS,n,2.0NRT,292.9,10.24,D
30.4843,73.84959,333.07,0.73,0.76,2026-06-27,709,N20,VIIRS,n,2.0NRT,292.52,10.24,D
30.58768,73.59492,330.94,0.75,0.77,2026-06-27,709,N20,VIIRS,n,2.0NRT,293.1,4.76,D
30.58907,73.59671,330.05,0.75,0.77,2026-06-27,709,N20,VIIRS,n,2.0NRT,292.98,2.58,D
30.59778,73.3727,330.63,0.77,0.77,2026-06-27,709,N20,VIIRS,n,2.0NRT,292.53,3.51,D
30.7016,73.96453,337.91,0.71,0.75,2026-06-27,709,N20,VIIRS,n,2.0NRT,293.35,9.31,D
30.70428,73.96875,337.68,0.71,0.75,2026-06-27,709,N20,VIIRS,n,2.0NRT,292.84,12.37,D
30.75266,76.20052,330.24,0.53,0.67,2026-06-27,709,N20,VIIRS,n,2.0NRT,291.83,3.95,D
30.7826,74.06325,334.32,0.7,0.75,2026-06-27,709,N20,VIIRS,n,2.0NRT,292.44,6.75,D
30.8343,73.83162,330.51,0.72,0.75,2026-06-27,709,N20,VIIRS,n,2.0NRT,292.17,5.69,D
30.85711,74.17239,334.85,0.68,0.74,2026-06-27,709,N20,VIIRS,n,2.0NRT,293.8,4.02,D
30.85918,74.17051,333.57,0.68,0.74,2026-06-27,709,N20,VIIRS,n,2.0NRT,293.81,5.89,D
30.87243,74.35345,330.86,0.67,0.73,2026-06-27,709,N20,VIIRS,n,2.0NRT,294.56,4.65,D
30.89616,75.61704,341.64,0.57,0.69,2026-06-27,709,N20,VIIRS,n,2.0NRT,293.72,7.07,D
31.01514,77.4041,334.28,0.45,0.63,2026-06-27,709,N20,VIIRS,n,2.0NRT,298.52,6.53,D
31.01649,77.40936,330.93,0.45,0.63,2026-06-27,709,N20,VIIRS,n,2.0NRT,296.19,6.59,D
31.09923,76.03129,351.32,0.53,0.67,2026-06-27,709,N20,VIIRS,n,2.0NRT,294.42,7.81,D
31.15786,75.28026,339.2,0.58,0.7,2026-06-27,709,N20,VIIRS,n,2.0NRT,291.61,11.95,D
31.39606,75.92117,342.69,0.53,0.67,2026-06-27,709,N20,VIIRS,n,2.0NRT,293.59,4.47,D
34.47726,71.49182,332.98,0.77,0.77,2026-06-27,712,N20,VIIRS,n,2.0NRT,299.14,4.32,D
34.57367,72.0511,336.6,0.71,0.75,2026-06-27,712,N20,VIIRS,n,2.0NRT,299.6,6.35,D
34.57431,72.04813,340.56,0.71,0.75,2026-06-27,712,N20,VIIRS,n,2.0NRT,299.57,8.28,D
34.60545,72.14918,330.15,0.7,0.75,2026-06-27,712,N20,VIIRS,n,2.0NRT,296.1,5.95,D
34.78388,72.10079,334.17,0.7,0.75,2026-06-27,712,N20,VIIRS,n,2.0NRT,297.06,3.59,D
23.64721,70.94413,343.18,0.54,0.42,2026-06-27,848,N20,VIIRS,n,2.0NRT,302.72,10.73,D
23.6511,70.94359,336.83,0.54,0.42,2026-06-27,848,N20,VIIRS,n,2.0NRT,301.55,6.83,D
23.7957,69.51674,348.9,0.46,0.39,2026-06-27,850,N20,VIIRS,n,2.0NRT,305.41,17.9,D
23.86241,70.31382,340.39,0.51,0.41,2026-06-27,850,N20,VIIRS,n,2.0NRT,305.54,8.38,D
23.8662,70.31607,341.92,0.51,0.41,2026-06-27,850,N20,VIIRS,n,2.0NRT,304.78,8.6,D
24.04479,71.76141,337.8,0.41,0.45,2026-06-27,850,N20,VIIRS,n,2.0NRT,302.03,5.66,D
24.07154,69.39993,340.71,0.46,0.39,2026-06-27,850,N20,VIIRS,n,2.0NRT,305.07,12.62,D
24.65603,68.95969,340.28,0.45,0.39,2026-06-27,850,N20,VIIRS,n,2.0NRT,300.62,2.75,D
24.65918,68.9607,345.81,0.45,0.39,2026-06-27,850,N20,VIIRS,n,2.0NRT,300.79,10.16,D
24.65958,68.95914,341.1,0.45,0.39,2026-06-27,850,N20,VIIRS,n,2.0NRT,301.63,8.94,D
24.68094,68.20274,339.12,0.42,0.38,2026-06-27,850,N20,VIIRS,n,2.0NRT,304.2,5.1,D
24.77986,68.08198,335.71,0.42,0.37,2026-06-27,850,N20,VIIRS,n,2.0NRT,302.09,5.1,D
24.84265,68.73969,339.84,0.44,0.38,2026-06-27,850,N20,VIIRS,n,2.0NRT,304.92,9.01,D
24.93517,68.29935,334.3,0.43,0.38,2026-06-27,850,N20,VIIRS,n,2.0NRT,301.42,3.45,D
25.0513,67.49562,339.03,0.4,0.37,2026-06-27,850,N20,VIIRS,n,2.0NRT,306.71,5.38,D
25.13781,67.78999,340.41,0.41,0.37,2026-06-27,850,N20,VIIRS,n,2.0NRT,307.06,9.5,D
25.21951,74.97256,332.68,0.33,0.55,2026-06-27,850,N20,VIIRS,n,2.0NRT,296.28,2.36,D
25.38787,68.58356,331.44,0.44,0.38,2026-06-27,850,N20,VIIRS,l,2.0NRT,303.68,1.82,D
25.41104,68.38127,337.95,0.43,0.38,2026-06-27,850,N20,VIIRS,n,2.0NRT,304.22,3.44,D
25.56668,68.76342,330.76,0.45,0.39,2026-06-27,850,N20,VIIRS,l,2.0NRT,302.34,2.47,D
25.92514,69.28767,338.76,0.48,0.4,2026-06-27,850,N20,VIIRS,n,2.0NRT,304.31,7.42,D
27.11629,67.70158,346.92,0.42,0.38,2026-06-27,850,N20,VIIRS,n,2.0NRT,313.18,14.2,D
27.11902,70.56749,342.42,0.57,0.43,2026-06-27,850,N20,VIIRS,n,2.0NRT,308.85,17.24,D
27.16237,67.83382,343.37,0.43,0.38,2026-06-27,850,N20,VIIRS,n,2.0NRT,310.71,3.15,D
27.19017,68.04218,343.4,0.44,0.38,2026-06-27,850,N20,VIIRS,n,2.0NRT,312.36,29.04,D
27.25016,67.89516,343.25,0.43,0.38,2026-06-27,850,N20,VIIRS,n,2.0NRT,312.35,1.63,D
27.42599,68.02754,343.14,0.44,0.38,2026-06-27,850,N20,VIIRS,n,2.0NRT,312.17,1.2,D
27.43759,67.92702,348.63,0.43,0.38,2026-06-27,850,N20,VIIRS,n,2.0NRT,313.03,6.38,D
27.45083,70.61743,344.2,0.39,0.44,2026-06-27,850,N20,VIIRS,n,2.0NRT,308.4,12.75,D
27.45318,70.61658,342.72,0.39,0.44,2026-06-27,850,N20,VIIRS,n,2.0NRT,308.19,12.12,D
27.5001,68.15246,338.98,0.44,0.39,2026-06-27,850,N20,VIIRS,l,2.0NRT,309.14,6.4,D
27.50325,67.95747,345.86,0.43,0.38,2026-06-27,850,N20,VIIRS,n,2.0NRT,312.29,12.85,D
27.50851,67.91629,343.45,0.43,0.38,2026-06-27,850,N20,VIIRS,n,2.0NRT,311.12,11.27,D
27.51551,67.94199,346,0.43,0.38,2026-06-27,850,N20,VIIRS,n,2.0NRT,313.24,13.16,D
27.51719,67.8213,343.67,0.43,0.38,2026-06-27,850,N20,VIIRS,n,2.0NRT,310.91,4.06,D
27.53248,68.04271,347.18,0.44,0.38,2026-06-27,850,N20,VIIRS,n,2.0NRT,313.16,10.67,D
27.53927,67.82652,347.93,0.43,0.38,2026-06-27,850,N20,VIIRS,n,2.0NRT,311.87,5.16,D
27.54079,67.82767,343.7,0.43,0.38,2026-06-27,850,N20,VIIRS,n,2.0NRT,310.82,5.01,D
27.55531,67.82969,346.63,0.43,0.38,2026-06-27,850,N20,VIIRS,n,2.0NRT,311.95,13.36,D
27.57472,68.03281,342.95,0.44,0.38,2026-06-27,850,N20,VIIRS,l,2.0NRT,313.32,2.74,D
27.58463,68.05382,340.36,0.44,0.38,2026-06-27,850,N20,VIIRS,n,2.0NRT,309.54,2.13,D
27.60441,68.15076,343.08,0.44,0.39,2026-06-27,850,N20,VIIRS,l,2.0NRT,313.41,9.08,D
27.62042,68.02527,349.01,0.44,0.38,2026-06-27,850,N20,VIIRS,n,2.0NRT,314.1,8.18,D
27.66563,68.09507,342.77,0.44,0.38,2026-06-27,850,N20,VIIRS,n,2.0NRT,312.52,11.06,D
27.68462,68.54795,350.63,0.46,0.39,2026-06-27,850,N20,VIIRS,n,2.0NRT,311.21,4,D
27.68881,68.55203,340.98,0.46,0.39,2026-06-27,850,N20,VIIRS,n,2.0NRT,309.18,5.95,D
27.69241,68.55145,340.87,0.46,0.39,2026-06-27,850,N20,VIIRS,n,2.0NRT,309.11,5.95,D
27.70922,68.07088,339.28,0.44,0.38,2026-06-27,850,N20,VIIRS,n,2.0NRT,307.6,8.28,D
27.71507,68.08816,339.63,0.44,0.38,2026-06-27,850,N20,VIIRS,n,2.0NRT,309.03,10.18,D
27.74364,67.76367,341.9,0.43,0.38,2026-06-27,850,N20,VIIRS,n,2.0NRT,308.42,9.67,D
27.74464,67.76053,347.17,0.43,0.38,2026-06-27,850,N20,VIIRS,n,2.0NRT,307.68,9.74,D
27.78942,68.32533,339.91,0.45,0.39,2026-06-27,850,N20,VIIRS,l,2.0NRT,311.15,6.47,D
27.79504,68.7436,338.73,0.47,0.4,2026-06-27,850,N20,VIIRS,l,2.0NRT,309.63,9.42,D
27.81459,68.1331,343.52,0.44,0.39,2026-06-27,850,N20,VIIRS,n,2.0NRT,310.33,12.42,D
27.827,67.56567,341.66,0.42,0.38,2026-06-27,850,N20,VIIRS,n,2.0NRT,309.38,4.84,D
27.85326,68.76362,342.81,0.47,0.4,2026-06-27,850,N20,VIIRS,n,2.0NRT,311.43,10.12,D
27.89741,67.6685,337.1,0.43,0.38,2026-06-27,850,N20,VIIRS,l,2.0NRT,308.07,2.75,D
27.91711,67.89793,340.06,0.44,0.38,2026-06-27,850,N20,VIIRS,n,2.0NRT,307.78,1.45,D
28.01622,67.66766,341.08,0.43,0.38,2026-06-27,850,N20,VIIRS,n,2.0NRT,308.09,2.69,D
28.12575,76.78588,333.69,0.46,0.64,2026-06-27,850,N20,VIIRS,n,2.0NRT,294.41,2.32,D
28.12781,76.78946,330.95,0.46,0.64,2026-06-27,850,N20,VIIRS,n,2.0NRT,294.83,2.52,D
28.1489,68.80643,346.51,0.48,0.4,2026-06-27,850,N20,VIIRS,n,2.0NRT,311.8,11.3,D
28.21187,69.51189,336.9,0.52,0.41,2026-06-27,850,N20,VIIRS,l,2.0NRT,307.89,6.67,D
28.21249,69.51715,341.02,0.52,0.41,2026-06-27,850,N20,VIIRS,n,2.0NRT,309.87,6.67,D
28.21257,68.06213,347.45,0.45,0.39,2026-06-27,850,N20,VIIRS,n,2.0NRT,310.4,3.54,D
28.21593,68.06332,343.13,0.45,0.39,2026-06-27,850,N20,VIIRS,n,2.0NRT,311.12,3.85,D
28.3229,68.59158,340.76,0.47,0.4,2026-06-27,850,N20,VIIRS,n,2.0NRT,308.77,10.32,D
28.48389,67.90601,347,0.44,0.38,2026-06-27,850,N20,VIIRS,n,2.0NRT,314.47,4.17,D
28.52397,67.85468,347.45,0.44,0.38,2026-06-27,850,N20,VIIRS,n,2.0NRT,313.74,3.89,D
28.61389,76.90601,332.25,0.48,0.64,2026-06-27,850,N20,VIIRS,n,2.0NRT,294.32,13.45,D
28.61422,76.91096,367,0.48,0.64,2026-06-27,850,N20,VIIRS,h,2.0NRT,295.88,27.96,D
29.49018,71.69707,340.43,0.47,0.48,2026-06-27,850,N20,VIIRS,n,2.0NRT,300.3,4.74,D
29.49021,71.69948,339.95,0.47,0.48,2026-06-27,850,N20,VIIRS,n,2.0NRT,300.26,4.47,D
29.51004,71.49498,340.77,0.46,0.47,2026-06-27,850,N20,VIIRS,n,2.0NRT,301.33,4.17,D
29.55729,71.48408,345.78,0.46,0.47,2026-06-27,850,N20,VIIRS,n,2.0NRT,301.85,6.76,D
29.56968,72.19798,336.95,0.5,0.49,2026-06-27,850,N20,VIIRS,n,2.0NRT,299.98,4.11,D
29.57282,71.811,343.05,0.48,0.48,2026-06-27,850,N20,VIIRS,n,2.0NRT,298.99,7.29,D
29.57575,71.53471,332.3,0.46,0.47,2026-06-27,850,N20,VIIRS,n,2.0NRT,300.18,2.62,D
29.58645,71.55272,345.97,0.46,0.47,2026-06-27,850,N20,VIIRS,n,2.0NRT,300.92,4.57,D
29.58746,71.5542,344.14,0.46,0.47,2026-06-27,850,N20,VIIRS,n,2.0NRT,300.96,7.08,D
29.60244,72.30067,355.84,0.51,0.49,2026-06-27,850,N20,VIIRS,n,2.0NRT,301.32,11.88,D
29.61917,72.28255,330.26,0.51,0.49,2026-06-27,850,N20,VIIRS,l,2.0NRT,300.81,1.68,D
29.63241,72.324,330.21,0.51,0.5,2026-06-27,850,N20,VIIRS,l,2.0NRT,300.33,3.2,D
29.63497,72.05069,347.97,0.5,0.49,2026-06-27,850,N20,VIIRS,n,2.0NRT,299.38,8.43,D
29.63584,71.64085,338.07,0.47,0.48,2026-06-27,850,N20,VIIRS,n,2.0NRT,298.38,5.01,D
29.6378,72.05325,342.84,0.5,0.49,2026-06-27,850,N20,VIIRS,n,2.0NRT,298.98,7.09,D
29.65461,71.97063,349.28,0.49,0.49,2026-06-27,850,N20,VIIRS,n,2.0NRT,300.46,7.12,D
29.66399,72.02111,339.82,0.49,0.49,2026-06-27,850,N20,VIIRS,n,2.0NRT,299.53,2.39,D
29.67433,72.37588,340.79,0.52,0.5,2026-06-27,850,N20,VIIRS,n,2.0NRT,301.55,3.6,D
29.67482,72.37852,340.01,0.52,0.5,2026-06-27,850,N20,VIIRS,n,2.0NRT,302.07,3.08,D
29.68281,71.75397,343.5,0.48,0.48,2026-06-27,850,N20,VIIRS,n,2.0NRT,298.67,7.06,D
29.68977,72.29275,341.4,0.51,0.5,2026-06-27,850,N20,VIIRS,n,2.0NRT,300.01,4.22,D
29.69345,72.09044,332.97,0.5,0.49,2026-06-27,850,N20,VIIRS,n,2.0NRT,298.77,4.8,D
29.69584,72.3082,342.17,0.51,0.5,2026-06-27,850,N20,VIIRS,n,2.0NRT,299.76,3.48,D
29.69745,72.08471,339.35,0.5,0.49,2026-06-27,850,N20,VIIRS,n,2.0NRT,299.99,4.28,D
29.70394,72.34512,332.46,0.52,0.5,2026-06-27,850,N20,VIIRS,n,2.0NRT,301.22,2.25,D
29.70521,71.8875,340.6,0.49,0.48,2026-06-27,850,N20,VIIRS,n,2.0NRT,299.16,4.76,D
29.70742,72.43207,335.34,0.52,0.5,2026-06-27,850,N20,VIIRS,n,2.0NRT,300.54,3.13,D
29.71441,72.02528,344.04,0.49,0.49,2026-06-27,850,N20,VIIRS,n,2.0NRT,301.71,6.69,D
29.71559,72.46964,345.38,0.53,0.5,2026-06-27,850,N20,VIIRS,n,2.0NRT,301.05,4.69,D
29.7202,72.46907,333.46,0.53,0.5,2026-06-27,850,N20,VIIRS,n,2.0NRT,302.63,4.69,D
29.72656,72.10212,330,0.5,0.49,2026-06-27,850,N20,VIIRS,n,2.0NRT,298.82,4.72,D
29.72707,72.10731,330.99,0.5,0.49,2026-06-27,850,N20,VIIRS,n,2.0NRT,299.17,2.68,D
29.73323,72.16992,332.32,0.5,0.49,2026-06-27,850,N20,VIIRS,n,2.0NRT,300.05,1.98,D
29.74848,71.69832,345.07,0.47,0.48,2026-06-27,850,N20,VIIRS,n,2.0NRT,299.07,5.48,D
29.76082,72.50303,331.54,0.53,0.5,2026-06-27,850,N20,VIIRS,n,2.0NRT,301.41,3.12,D
29.76131,72.12949,333.73,0.5,0.49,2026-06-27,850,N20,VIIRS,n,2.0NRT,296.87,2.73,D
29.76308,72.13241,343.9,0.5,0.49,2026-06-27,850,N20,VIIRS,n,2.0NRT,296.93,18.95,D
29.76733,72.42491,337.12,0.52,0.5,2026-06-27,850,N20,VIIRS,n,2.0NRT,300.14,2.34,D
29.77114,72.51293,333.15,0.53,0.5,2026-06-27,850,N20,VIIRS,n,2.0NRT,300.44,2.95,D
29.77167,72.51843,334.02,0.53,0.5,2026-06-27,850,N20,VIIRS,n,2.0NRT,300.93,2.95,D
29.77918,72.6468,332.18,0.54,0.51,2026-06-27,850,N20,VIIRS,n,2.0NRT,300.56,3.67,D
29.7952,72.47127,331.78,0.53,0.5,2026-06-27,850,N20,VIIRS,l,2.0NRT,301.82,2.13,D
29.80575,71.95993,341.94,0.49,0.49,2026-06-27,850,N20,VIIRS,n,2.0NRT,298.29,10.32,D
29.80626,71.96503,343.01,0.49,0.49,2026-06-27,850,N20,VIIRS,n,2.0NRT,298.75,10.24,D
29.80672,72.35262,339.75,0.52,0.5,2026-06-27,850,N20,VIIRS,n,2.0NRT,300.1,5.42,D
29.83066,72.5097,343.14,0.53,0.5,2026-06-27,850,N20,VIIRS,n,2.0NRT,306.48,10.91,D
29.85471,72.36871,345.68,0.52,0.5,2026-06-27,850,N20,VIIRS,n,2.0NRT,299.91,9.12,D
29.85921,72.31909,333.26,0.52,0.5,2026-06-27,850,N20,VIIRS,n,2.0NRT,299.29,2.44,D
29.86903,72.37249,337.97,0.52,0.5,2026-06-27,850,N20,VIIRS,n,2.0NRT,299.59,2.86,D
29.87317,72.22558,339.93,0.51,0.49,2026-06-27,850,N20,VIIRS,n,2.0NRT,300.48,6.97,D
29.87343,72.22285,340.08,0.51,0.49,2026-06-27,850,N20,VIIRS,n,2.0NRT,300.18,6.37,D
29.87479,72.78321,334.85,0.55,0.51,2026-06-27,850,N20,VIIRS,n,2.0NRT,300.95,3.78,D
29.88324,72.4843,343.78,0.53,0.5,2026-06-27,850,N20,VIIRS,n,2.0NRT,302.13,5.95,D
29.88393,71.21949,336.02,0.45,0.47,2026-06-27,850,N20,VIIRS,n,2.0NRT,301.85,2.38,D
29.88471,72.4866,341.9,0.53,0.5,2026-06-27,850,N20,VIIRS,n,2.0NRT,300.57,5.88,D
29.88976,72.15133,330.32,0.51,0.49,2026-06-27,850,N20,VIIRS,n,2.0NRT,298.74,3.17,D
29.91663,71.55151,334.85,0.47,0.47,2026-06-27,850,N20,VIIRS,n,2.0NRT,299.92,2.35,D
29.91787,73.04417,340.29,0.57,0.52,2026-06-27,850,N20,VIIRS,n,2.0NRT,300.65,4.48,D
29.91859,72.56418,343.98,0.54,0.5,2026-06-27,850,N20,VIIRS,n,2.0NRT,301.07,6.19,D
29.92101,71.55094,330.65,0.47,0.47,2026-06-27,850,N20,VIIRS,n,2.0NRT,298.28,1.56,D
29.92581,71.28953,341.92,0.45,0.47,2026-06-27,850,N20,VIIRS,n,2.0NRT,301.61,4.54,D
29.92782,72.614,330.45,0.54,0.51,2026-06-27,850,N20,VIIRS,n,2.0NRT,299.56,3.76,D
29.93016,72.38454,333.97,0.52,0.5,2026-06-27,850,N20,VIIRS,n,2.0NRT,301.29,7.07,D
29.9315,71.79954,334.49,0.48,0.48,2026-06-27,850,N20,VIIRS,n,2.0NRT,298.89,2.12,D
29.93241,71.7978,334.2,0.48,0.48,2026-06-27,850,N20,VIIRS,n,2.0NRT,299.08,2.32,D
29.93307,72.94679,335.82,0.56,0.52,2026-06-27,850,N20,VIIRS,n,2.0NRT,300.46,2.35,D
29.93318,72.94458,338.03,0.56,0.52,2026-06-27,850,N20,VIIRS,n,2.0NRT,300.9,3.26,D
29.93619,71.48048,338.11,0.46,0.47,2026-06-27,850,N20,VIIRS,n,2.0NRT,303.34,3.28,D
29.9372,71.44633,345.17,0.46,0.47,2026-06-27,850,N20,VIIRS,n,2.0NRT,303.72,9.51,D
29.94426,72.9612,335.98,0.57,0.52,2026-06-27,850,N20,VIIRS,n,2.0NRT,303.07,3.58,D
29.94426,72.96339,337.04,0.57,0.52,2026-06-27,850,N20,VIIRS,n,2.0NRT,302.3,4.6,D
29.94592,71.4017,345.53,0.46,0.47,2026-06-27,850,N20,VIIRS,n,2.0NRT,303.06,12.09,D
29.94598,72.30601,332.15,0.52,0.5,2026-06-27,850,N20,VIIRS,n,2.0NRT,300.31,3.78,D
29.94785,71.37737,333.01,0.46,0.47,2026-06-27,850,N20,VIIRS,n,2.0NRT,302.16,3.28,D
29.94832,71.38213,337.18,0.46,0.47,2026-06-27,850,N20,VIIRS,n,2.0NRT,301.31,2.4,D
29.95171,77.17204,335.02,0.51,0.66,2026-06-27,850,N20,VIIRS,n,2.0NRT,293.62,5.68,D
29.95181,77.17051,341.84,0.51,0.66,2026-06-27,850,N20,VIIRS,n,2.0NRT,293.87,5.04,D
29.96378,71.44775,344.42,0.46,0.47,2026-06-27,850,N20,VIIRS,n,2.0NRT,303.11,9.74,D
29.9766,72.57995,344.56,0.54,0.51,2026-06-27,850,N20,VIIRS,n,2.0NRT,300.78,6.54,D
29.98355,72.80916,332.94,0.55,0.51,2026-06-27,850,N20,VIIRS,n,2.0NRT,300.22,2.86,D
29.98402,72.71045,343.79,0.55,0.51,2026-06-27,850,N20,VIIRS,n,2.0NRT,304.15,8.55,D
29.98455,72.71616,339.58,0.55,0.51,2026-06-27,850,N20,VIIRS,n,2.0NRT,301.63,8.55,D
29.98507,72.72186,335.76,0.55,0.51,2026-06-27,850,N20,VIIRS,n,2.0NRT,301.06,3.07,D
29.98689,72.53925,344,0.53,0.5,2026-06-27,850,N20,VIIRS,n,2.0NRT,301.29,6.44,D
29.98829,72.80862,332.03,0.55,0.51,2026-06-27,850,N20,VIIRS,n,2.0NRT,300.54,3.11,D
29.98978,72.72132,331.9,0.55,0.51,2026-06-27,850,N20,VIIRS,n,2.0NRT,300.35,3.11,D
30.0121,72.65549,337.82,0.54,0.51,2026-06-27,850,N20,VIIRS,n,2.0NRT,300.98,4.99,D
30.01414,72.65231,337.61,0.54,0.51,2026-06-27,850,N20,VIIRS,n,2.0NRT,300.34,5.14,D
30.02239,72.48145,333.71,0.53,0.5,2026-06-27,850,N20,VIIRS,n,2.0NRT,300.4,1.87,D
30.02402,71.8698,340.84,0.49,0.48,2026-06-27,850,N20,VIIRS,n,2.0NRT,300.01,4.03,D
30.02419,72.29887,334.59,0.52,0.5,2026-06-27,850,N20,VIIRS,n,2.0NRT,302.97,3.43,D
30.02444,71.427,332.8,0.46,0.47,2026-06-27,850,N20,VIIRS,n,2.0NRT,302.12,3.43,D
30.02491,71.4318,342.5,0.46,0.47,2026-06-27,850,N20,VIIRS,n,2.0NRT,302.07,4.37,D
30.02958,72.7196,333.08,0.55,0.51,2026-06-27,850,N20,VIIRS,n,2.0NRT,302.76,4.37,D
30.03219,71.99857,335.01,0.5,0.49,2026-06-27,850,N20,VIIRS,n,2.0NRT,300.72,2.88,D
30.0519,71.52608,349.53,0.47,0.47,2026-06-27,850,N20,VIIRS,n,2.0NRT,301.72,7.18,D
30.07025,72.1528,336.22,0.51,0.49,2026-06-27,850,N20,VIIRS,n,2.0NRT,300.44,6.29,D
30.0707,72.15002,336.13,0.51,0.49,2026-06-27,850,N20,VIIRS,n,2.0NRT,299.76,4.15,D
30.07443,71.89671,343.5,0.49,0.49,2026-06-27,850,N20,VIIRS,n,2.0NRT,300.05,6,D
30.08191,72.71931,334.44,0.55,0.51,2026-06-27,850,N20,VIIRS,n,2.0NRT,301.35,4.06,D
30.08543,72.55284,343.47,0.54,0.51,2026-06-27,850,N20,VIIRS,n,2.0NRT,303.6,5.56,D
30.13898,73.13645,331.26,0.58,0.52,2026-06-27,850,N20,VIIRS,n,2.0NRT,300.83,3.6,D
30.15737,72.38493,336.98,0.53,0.5,2026-06-27,850,N20,VIIRS,n,2.0NRT,303.41,3.97,D
30.16006,71.89127,346.57,0.49,0.49,2026-06-27,850,N20,VIIRS,n,2.0NRT,300.99,7.65,D
30.16064,72.78367,342.93,0.56,0.51,2026-06-27,850,N20,VIIRS,n,2.0NRT,299.83,4.79,D
30.16235,71.88885,345.15,0.49,0.49,2026-06-27,850,N20,VIIRS,n,2.0NRT,301.72,6.62,D
30.16942,73.25713,348.02,0.59,0.53,2026-06-27,850,N20,VIIRS,n,2.0NRT,298.44,12.39,D
30.16974,72.46716,347.88,0.53,0.5,2026-06-27,850,N20,VIIRS,n,2.0NRT,304.28,15.9,D
30.17204,73.25497,341.81,0.59,0.53,2026-06-27,850,N20,VIIRS,n,2.0NRT,298.55,4.94,D
30.17255,73.26117,332.08,0.59,0.53,2026-06-27,850,N20,VIIRS,n,2.0NRT,297.33,5.09,D
30.18528,72.89908,346.51,0.56,0.52,2026-06-27,850,N20,VIIRS,n,2.0NRT,302.03,10.78,D
30.19339,72.0743,343.37,0.5,0.49,2026-06-27,850,N20,VIIRS,n,2.0NRT,300.48,11.31,D
30.19813,73.21459,331.94,0.59,0.53,2026-06-27,850,N20,VIIRS,n,2.0NRT,297.07,3.32,D
30.20906,73.11434,331.32,0.58,0.52,2026-06-27,850,N20,VIIRS,n,2.0NRT,299.66,2.95,D
30.2265,72.48698,334.12,0.53,0.5,2026-06-27,850,N20,VIIRS,n,2.0NRT,302.13,1.98,D
30.2272,71.63064,342.88,0.48,0.48,2026-06-27,850,N20,VIIRS,n,2.0NRT,300.67,6.37,D
30.22947,73.23611,340.79,0.59,0.53,2026-06-27,850,N20,VIIRS,n,2.0NRT,296.97,4.27,D
30.24567,72.8744,335.07,0.56,0.52,2026-06-27,850,N20,VIIRS,n,2.0NRT,300.51,1.51,D
30.25939,72.6429,333.01,0.55,0.51,2026-06-27,850,N20,VIIRS,n,2.0NRT,302.01,3.18,D
30.26472,72.54482,334.3,0.54,0.51,2026-06-27,850,N20,VIIRS,n,2.0NRT,301.8,3.87,D
30.2956,72.18011,339.98,0.51,0.5,2026-06-27,850,N20,VIIRS,n,2.0NRT,300.61,4.14,D
30.2961,72.18283,347,0.51,0.5,2026-06-27,850,N20,VIIRS,n,2.0NRT,301.49,7.08,D
30.29612,72.18549,334.58,0.51,0.5,2026-06-27,850,N20,VIIRS,n,2.0NRT,300.78,4.14,D
30.30272,72.96861,332.52,0.57,0.52,2026-06-27,850,N20,VIIRS,n,2.0NRT,300.53,2.52,D
30.31273,72.52544,341.31,0.54,0.51,2026-06-27,850,N20,VIIRS,n,2.0NRT,299.93,5.82,D
30.31505,72.52755,339.44,0.54,0.51,2026-06-27,850,N20,VIIRS,n,2.0NRT,298.97,5.8,D
30.34049,71.74004,330.54,0.48,0.48,2026-06-27,850,N20,VIIRS,n,2.0NRT,299.52,2.58,D
30.36178,73.66016,331.2,0.63,0.54,2026-06-27,850,N20,VIIRS,n,2.0NRT,299.12,1.89,D
30.36364,72.16376,332.93,0.51,0.5,2026-06-27,850,N20,VIIRS,n,2.0NRT,300.96,3.35,D
30.39174,73.53792,333.06,0.62,0.54,2026-06-27,850,N20,VIIRS,n,2.0NRT,297.46,2.81,D
30.40287,73.2394,338.63,0.6,0.53,2026-06-27,850,N20,VIIRS,n,2.0NRT,299.57,12.47,D
30.41967,71.77927,335.87,0.49,0.48,2026-06-27,850,N20,VIIRS,n,2.0NRT,300.05,5.31,D
30.42016,71.78436,341.65,0.49,0.48,2026-06-27,850,N20,VIIRS,n,2.0NRT,299.48,5.31,D
30.42189,73.65385,331.07,0.63,0.54,2026-06-27,850,N20,VIIRS,n,2.0NRT,299.29,4.7,D
30.42218,73.65894,341.86,0.63,0.54,2026-06-27,850,N20,VIIRS,n,2.0NRT,299.2,4.98,D
30.42246,73.66047,332.24,0.63,0.54,2026-06-27,850,N20,VIIRS,n,2.0NRT,298.81,4.7,D
30.42731,73.60007,343.84,0.63,0.54,2026-06-27,850,N20,VIIRS,n,2.0NRT,298.46,7.58,D
30.42742,73.59847,341.76,0.63,0.54,2026-06-27,850,N20,VIIRS,n,2.0NRT,298.42,5.3,D
30.42921,72.60927,345.74,0.55,0.51,2026-06-27,850,N20,VIIRS,n,2.0NRT,300.68,6.39,D
30.43114,72.60748,342.55,0.55,0.51,2026-06-27,850,N20,VIIRS,n,2.0NRT,301.33,9.19,D
30.4451,72.19009,330.49,0.52,0.5,2026-06-27,850,N20,VIIRS,l,2.0NRT,302.02,4.75,D
30.44604,73.45866,333.22,0.61,0.54,2026-06-27,850,N20,VIIRS,n,2.0NRT,298.95,1.66,D
30.45889,73.67512,343.37,0.63,0.54,2026-06-27,850,N20,VIIRS,n,2.0NRT,299.57,15.53,D
30.47195,71.92513,338.86,0.5,0.49,2026-06-27,850,N20,VIIRS,n,2.0NRT,299.85,2.85,D
30.4752,71.92888,331.59,0.5,0.49,2026-06-27,850,N20,VIIRS,n,2.0NRT,298.56,2.18,D
30.47905,73.43567,335.37,0.61,0.54,2026-06-27,850,N20,VIIRS,n,2.0NRT,297.9,4.74,D
30.48505,71.72565,333.71,0.49,0.48,2026-06-27,850,N20,VIIRS,n,2.0NRT,301.35,3.14,D
30.48878,73.79202,332.07,0.32,0.55,2026-06-27,850,N20,VIIRS,n,2.0NRT,300.72,1.82,D
30.49004,72.27264,331.93,0.52,0.5,2026-06-27,850,N20,VIIRS,l,2.0NRT,302.35,2.74,D
30.49833,73.78421,334.76,0.32,0.55,2026-06-27,850,N20,VIIRS,n,2.0NRT,298.55,1.28,D
30.50235,73.5906,335.36,0.63,0.54,2026-06-27,850,N20,VIIRS,n,2.0NRT,298.99,3.57,D
30.51346,73.72163,337.5,0.32,0.54,2026-06-27,850,N20,VIIRS,n,2.0NRT,299.13,2.88,D
30.51774,73.8335,342.32,0.32,0.55,2026-06-27,850,N20,VIIRS,n,2.0NRT,298.62,2.19,D
30.52423,73.85001,341.02,0.32,0.55,2026-06-27,850,N20,VIIRS,n,2.0NRT,299.54,2.39,D
30.55102,72.76556,337.47,0.56,0.51,2026-06-27,850,N20,VIIRS,n,2.0NRT,299.59,6.79,D
30.55533,73.61757,334.25,0.63,0.54,2026-06-27,850,N20,VIIRS,n,2.0NRT,299.83,4.5,D
30.55568,71.9891,343.43,0.5,0.49,2026-06-27,850,N20,VIIRS,n,2.0NRT,302.37,5.87,D
30.55569,73.68457,338.13,0.64,0.54,2026-06-27,850,N20,VIIRS,n,2.0NRT,299,4.56,D
30.55709,73.57747,348.17,0.63,0.54,2026-06-27,850,N20,VIIRS,n,2.0NRT,299.1,11.27,D
30.56034,73.61703,336.08,0.63,0.54,2026-06-27,850,N20,VIIRS,n,2.0NRT,298.17,3.2,D
30.5648,73.6099,330.16,0.63,0.54,2026-06-27,850,N20,VIIRS,n,2.0NRT,299.58,3.2,D
30.57024,75.55162,332.14,0.41,0.61,2026-06-27,850,N20,VIIRS,n,2.0NRT,295.56,3,D
30.57977,73.85767,333.2,0.33,0.55,2026-06-27,850,N20,VIIRS,n,2.0NRT,300.24,2.44,D
30.6082,73.6455,334.22,0.63,0.54,2026-06-27,850,N20,VIIRS,n,2.0NRT,299.79,8.3,D
30.611,76.00877,330.22,0.44,0.62,2026-06-27,850,N20,VIIRS,n,2.0NRT,294.92,4.41,D
30.61104,72.02856,331.14,0.51,0.49,2026-06-27,850,N20,VIIRS,l,2.0NRT,301.17,2.91,D
30.61648,76.00365,339.03,0.44,0.62,2026-06-27,850,N20,VIIRS,n,2.0NRT,295.3,6.95,D
30.61677,76.0083,351.92,0.44,0.62,2026-06-27,850,N20,VIIRS,n,2.0NRT,295.8,6.95,D
30.62326,73.82568,367,0.32,0.55,2026-06-27,850,N20,VIIRS,h,2.0NRT,301.37,3.58,D
30.62354,73.82909,331.14,0.32,0.55,2026-06-27,850,N20,VIIRS,n,2.0NRT,300.21,3.58,D
30.63119,73.98492,334.26,0.33,0.55,2026-06-27,850,N20,VIIRS,n,2.0NRT,299.03,2.23,D
30.63799,72.61455,336.81,0.55,0.51,2026-06-27,850,N20,VIIRS,n,2.0NRT,300.88,5.73,D
30.63961,72.61288,336.81,0.55,0.51,2026-06-27,850,N20,VIIRS,n,2.0NRT,301.64,5.85,D
30.66526,74.06007,330.14,0.34,0.56,2026-06-27,850,N20,VIIRS,n,2.0NRT,298.27,2.38,D
30.66729,73.69179,336.8,0.32,0.54,2026-06-27,850,N20,VIIRS,n,2.0NRT,298.37,1.55,D
30.66834,74.0591,340.8,0.34,0.56,2026-06-27,850,N20,VIIRS,n,2.0NRT,299.05,2.51,D
30.69032,73.9164,334.62,0.33,0.55,2026-06-27,850,N20,VIIRS,n,2.0NRT,298.15,1.86,D
30.69279,73.94765,339.56,0.33,0.55,2026-06-27,850,N20,VIIRS,n,2.0NRT,298.33,2.89,D
30.70449,73.71166,331.27,0.32,0.55,2026-06-27,850,N20,VIIRS,n,2.0NRT,299.1,4.2,D
30.71934,73.70673,333.28,0.32,0.55,2026-06-27,850,N20,VIIRS,n,2.0NRT,298.88,1.12,D
30.71962,73.71011,330.09,0.32,0.55,2026-06-27,850,N20,VIIRS,n,2.0NRT,299.08,1.88,D
30.7303,73.96495,330.92,0.33,0.55,2026-06-27,850,N20,VIIRS,n,2.0NRT,297.62,1,D
30.7445,73.88647,353.74,0.33,0.55,2026-06-27,850,N20,VIIRS,n,2.0NRT,298.41,3.25,D
30.7465,73.91071,337.12,0.33,0.55,2026-06-27,850,N20,VIIRS,n,2.0NRT,298.13,3.41,D
30.74678,73.91418,336.97,0.33,0.55,2026-06-27,850,N20,VIIRS,n,2.0NRT,297.06,2.87,D
30.74881,74.00196,335.02,0.33,0.56,2026-06-27,850,N20,VIIRS,n,2.0NRT,297.64,2.09,D
30.75341,73.69596,367,0.32,0.55,2026-06-27,850,N20,VIIRS,h,2.0NRT,301.12,15.99,D
30.75937,74.00443,367,0.33,0.56,2026-06-27,850,N20,VIIRS,h,2.0NRT,299.51,4.76,D
30.75966,74.00795,334.25,0.33,0.56,2026-06-27,850,N20,VIIRS,n,2.0NRT,297.98,4.76,D
30.76052,74.01852,343.38,0.33,0.56,2026-06-27,850,N20,VIIRS,n,2.0NRT,298.94,3.26,D
30.7618,74.00404,349.89,0.33,0.56,2026-06-27,850,N20,VIIRS,n,2.0NRT,297.97,5.95,D
30.77561,73.91449,335.28,0.33,0.55,2026-06-27,850,N20,VIIRS,n,2.0NRT,298.28,1.43,D
30.77804,73.94589,367,0.33,0.55,2026-06-27,850,N20,VIIRS,h,2.0NRT,298.87,5.73,D
30.77831,73.94939,344.91,0.33,0.55,2026-06-27,850,N20,VIIRS,n,2.0NRT,297.51,5.73,D
30.77984,75.66398,335.02,0.42,0.61,2026-06-27,850,N20,VIIRS,n,2.0NRT,296.98,3.7,D
30.78312,73.87875,330.1,0.33,0.55,2026-06-27,850,N20,VIIRS,n,2.0NRT,298.88,1.34,D
30.78425,74.02665,337.15,0.34,0.56,2026-06-27,850,N20,VIIRS,n,2.0NRT,297.66,5.2,D
30.78452,74.03019,367,0.34,0.56,2026-06-27,850,N20,VIIRS,h,2.0NRT,297.77,7.25,D
30.78773,76.30775,337.86,0.46,0.64,2026-06-27,850,N20,VIIRS,n,2.0NRT,295.81,2.34,D
30.81401,74.28116,333.06,0.35,0.57,2026-06-27,850,N20,VIIRS,n,2.0NRT,298.31,1.34,D
30.82876,74.1989,333.72,0.34,0.56,2026-06-27,850,N20,VIIRS,n,2.0NRT,298.31,1.12,D
30.83281,74.05037,330.15,0.34,0.56,2026-06-27,850,N20,VIIRS,n,2.0NRT,297.51,1.6,D
30.8329,73.98625,330.99,0.33,0.56,2026-06-27,850,N20,VIIRS,n,2.0NRT,298.17,1.81,D
30.84607,74.21915,334.87,0.34,0.56,2026-06-27,850,N20,VIIRS,n,2.0NRT,299.58,1.42,D
30.86547,76.15546,336.04,0.45,0.63,2026-06-27,850,N20,VIIRS,n,2.0NRT,294.14,1.76,D
30.86683,73.85858,336.31,0.33,0.55,2026-06-27,850,N20,VIIRS,n,2.0NRT,298.24,1.61,D
30.86897,73.85961,331.93,0.33,0.55,2026-06-27,850,N20,VIIRS,n,2.0NRT,297.89,1.47,D
30.86993,73.93314,330.84,0.33,0.55,2026-06-27,850,N20,VIIRS,n,2.0NRT,298.45,1.52,D
30.88314,74.28924,333.68,0.35,0.57,2026-06-27,850,N20,VIIRS,n,2.0NRT,298.1,1.71,D
30.89061,75.61941,335.67,0.42,0.61,2026-06-27,850,N20,VIIRS,n,2.0NRT,294.89,2.5,D
30.89322,75.61735,336.56,0.42,0.61,2026-06-27,850,N20,VIIRS,n,2.0NRT,294.94,4.62,D
30.89705,74.33173,333.17,0.35,0.57,2026-06-27,850,N20,VIIRS,n,2.0NRT,300.91,4.05,D
30.89714,74.33255,334.45,0.35,0.57,2026-06-27,850,N20,VIIRS,n,2.0NRT,301.16,3.9,D
30.90297,74.33945,331.12,0.35,0.57,2026-06-27,850,N20,VIIRS,n,2.0NRT,300.61,2.21,D
30.9031,74.34232,340.36,0.35,0.57,2026-06-27,850,N20,VIIRS,n,2.0NRT,300.07,4.88,D
30.90327,74.34314,338.38,0.35,0.57,2026-06-27,850,N20,VIIRS,n,2.0NRT,300.42,2.21,D
30.91006,74.08472,367,0.34,0.56,2026-06-27,850,N20,VIIRS,h,2.0NRT,297.38,8.47,D
30.92997,75.61182,335.71,0.42,0.61,2026-06-27,850,N20,VIIRS,n,2.0NRT,295.38,3.53,D
30.94984,73.31281,330.61,0.61,0.53,2026-06-27,850,N20,VIIRS,n,2.0NRT,298.86,2.81,D
30.95166,74.6431,338.05,0.37,0.58,2026-06-27,850,N20,VIIRS,n,2.0NRT,297.01,2.06,D
30.95649,72.98225,340.73,0.58,0.52,2026-06-27,850,N20,VIIRS,n,2.0NRT,297.62,1.37,D
30.97851,73.18108,330.61,0.6,0.53,2026-06-27,850,N20,VIIRS,l,2.0NRT,300.96,2.55,D
31.06802,72.06055,342.14,0.52,0.5,2026-06-27,850,N20,VIIRS,n,2.0NRT,303.27,5.32,D
31.09029,75.27726,333.81,0.4,0.6,2026-06-27,850,N20,VIIRS,n,2.0NRT,295.53,3.53,D
31.109,73.72113,331.9,0.32,0.55,2026-06-27,850,N20,VIIRS,n,2.0NRT,296.37,2.45,D
31.11312,75.28391,337.11,0.4,0.6,2026-06-27,850,N20,VIIRS,n,2.0NRT,294.44,4.93,D
31.14184,73.56247,330.62,0.63,0.54,2026-06-27,850,N20,VIIRS,n,2.0NRT,298,1.63,D
31.18447,75.34247,367,0.41,0.6,2026-06-27,850,N20,VIIRS,h,2.0NRT,296.29,10.17,D
31.18664,75.31224,331,0.4,0.6,2026-06-27,850,N20,VIIRS,n,2.0NRT,295.19,2.4,D
31.18792,75.31195,333.07,0.4,0.6,2026-06-27,850,N20,VIIRS,n,2.0NRT,295.29,2.04,D
31.18832,75.33804,342.73,0.41,0.6,2026-06-27,850,N20,VIIRS,n,2.0NRT,296.22,10.83,D
31.1886,75.34235,353.21,0.41,0.6,2026-06-27,850,N20,VIIRS,n,2.0NRT,295.45,11.05,D
31.20939,75.23312,337.55,0.4,0.6,2026-06-27,850,N20,VIIRS,n,2.0NRT,296.29,3.84,D
31.25212,75.28519,333.99,0.4,0.6,2026-06-27,850,N20,VIIRS,n,2.0NRT,294.65,3.54,D
31.37505,75.45779,331.13,0.41,0.61,2026-06-27,850,N20,VIIRS,n,2.0NRT,295.21,10.85,D
31.37535,75.46218,367,0.41,0.61,2026-06-27,850,N20,VIIRS,h,2.0NRT,295.59,10.85,D
31.4122,76.02485,333.34,0.45,0.63,2026-06-27,850,N20,VIIRS,n,2.0NRT,295.87,3.53,D
31.4431,72.57678,334.22,0.56,0.51,2026-06-27,850,N20,VIIRS,n,2.0NRT,298.95,6.17,D
31.47114,75.08266,339.16,0.39,0.6,2026-06-27,850,N20,VIIRS,n,2.0NRT,294.51,3.37,D
31.47199,75.50371,340.1,0.42,0.61,2026-06-27,850,N20,VIIRS,n,2.0NRT,294.44,3.78,D
31.48212,75.4851,330.43,0.42,0.61,2026-06-27,850,N20,VIIRS,n,2.0NRT,294.17,2.37,D
31.48688,75.5564,332.96,0.42,0.61,2026-06-27,850,N20,VIIRS,n,2.0NRT,294.59,3.41,D
31.5114,75.58153,332.57,0.42,0.61,2026-06-27,850,N20,VIIRS,n,2.0NRT,293.97,2.17,D
31.70979,73.80355,332.56,0.33,0.55,2026-06-27,850,N20,VIIRS,n,2.0NRT,297.4,0.81,D
31.86085,73.09813,331.36,0.61,0.53,2026-06-27,852,N20,VIIRS,l,2.0NRT,303.66,6.49,D
31.86245,73.09623,331.68,0.61,0.53,2026-06-27,852,N20,VIIRS,l,2.0NRT,303.79,12.6,D
31.86577,73.09761,331.88,0.61,0.53,2026-06-27,852,N20,VIIRS,l,2.0NRT,304.34,6.49,D
31.94172,70.40361,337.61,0.42,0.46,2026-06-27,852,N20,VIIRS,l,2.0NRT,307.96,6.98,D
32.06901,71.8613,340.18,0.51,0.5,2026-06-27,852,N20,VIIRS,n,2.0NRT,302.01,6.14,D
32.06902,71.85957,342.62,0.52,0.5,2026-06-27,852,N20,VIIRS,n,2.0NRT,302.58,8.06,D
32.17708,73.50202,338.62,0.32,0.55,2026-06-27,852,N20,VIIRS,n,2.0NRT,299.03,3.24,D
32.28317,74.35578,350.46,0.36,0.58,2026-06-27,852,N20,VIIRS,n,2.0NRT,297.35,5.94,D
32.28468,74.35496,348.14,0.36,0.58,2026-06-27,852,N20,VIIRS,n,2.0NRT,297.88,6.35,D
32.36297,73.42953,331.72,0.32,0.55,2026-06-27,852,N20,VIIRS,n,2.0NRT,299.32,1.67,D
32.37135,74.38709,351.19,0.37,0.58,2026-06-27,852,N20,VIIRS,n,2.0NRT,298.51,3.56,D
32.3746,74.38653,353.23,0.37,0.58,2026-06-27,852,N20,VIIRS,n,2.0NRT,298.8,4.04,D
32.60073,73.24138,330.71,0.63,0.54,2026-06-27,852,N20,VIIRS,n,2.0NRT,296.85,2.56,D
32.60081,73.24353,330.39,0.63,0.54,2026-06-27,852,N20,VIIRS,n,2.0NRT,297.3,4.79,D
32.64998,73.29102,335.12,0.63,0.54,2026-06-27,852,N20,VIIRS,n,2.0NRT,294.72,5.6,D
33.69181,73.48219,340.82,0.33,0.56,2026-06-27,852,N20,VIIRS,n,2.0NRT,300.18,2.93,D
33.69205,73.48561,331.4,0.33,0.56,2026-06-27,852,N20,VIIRS,n,2.0NRT,298.28,2.93,D
33.69458,73.48291,336.78,0.33,0.56,2026-06-27,852,N20,VIIRS,n,2.0NRT,299.49,2.42,D
33.71739,73.4782,332.14,0.33,0.56,2026-06-27,852,N20,VIIRS,n,2.0NRT,296.89,1.42,D
33.9579,73.59413,330.93,0.34,0.56,2026-06-27,852,N20,VIIRS,n,2.0NRT,297.4,5.18,D
33.95823,73.59883,353.38,0.34,0.56,2026-06-27,852,N20,VIIRS,n,2.0NRT,298.55,5.18,D
34.20521,73.04623,344.32,0.32,0.54,2026-06-27,852,N20,VIIRS,n,2.0NRT,304.42,3.2,D
34.23475,73.17323,341.77,0.32,0.55,2026-06-27,852,N20,VIIRS,n,2.0NRT,300.42,3.56,D
34.36617,72.17673,348.15,0.57,0.52,2026-06-27,852,N20,VIIRS,n,2.0NRT,306.79,8.75,D
34.4678,71.65762,353.42,0.53,0.5,2026-06-27,852,N20,VIIRS,n,2.0NRT,310.62,11.65,D
34.47245,71.65699,345.17,0.53,0.5,2026-06-27,852,N20,VIIRS,n,2.0NRT,310.57,6.58,D
34.48124,71.4987,333.34,0.52,0.5,2026-06-27,852,N20,VIIRS,l,2.0NRT,307.63,1.34,D
34.5065,73.29342,341.61,0.33,0.55,2026-06-27,852,N20,VIIRS,n,2.0NRT,300.57,2.98,D
34.53996,72.00189,351.33,0.56,0.51,2026-06-27,852,N20,VIIRS,n,2.0NRT,309.18,10.48,D
34.54043,71.99966,344.78,0.56,0.51,2026-06-27,852,N20,VIIRS,n,2.0NRT,310.34,4.88,D
34.54505,71.99748,331.45,0.56,0.51,2026-06-27,852,N20,VIIRS,l,2.0NRT,305.23,4.88,D
34.75011,71.97325,333.47,0.56,0.52,2026-06-27,852,N20,VIIRS,l,2.0NRT,305.81,3.32,D
34.75061,71.97914,349.53,0.56,0.52,2026-06-27,852,N20,VIIRS,n,2.0NRT,307.47,6.99,D
34.75099,71.97697,352.77,0.56,0.52,2026-06-27,852,N20,VIIRS,n,2.0NRT,308.98,13.38,D
34.75528,71.97755,343.31,0.56,0.52,2026-06-27,852,N20,VIIRS,n,2.0NRT,304.22,6.99,D
34.75622,71.98239,331.82,0.56,0.52,2026-06-27,852,N20,VIIRS,l,2.0NRT,303.16,3.65,D
36.74805,62.47689,347.08,0.38,0.36,2026-06-27,852,N20,VIIRS,n,2.0NRT,316.91,15.92,D
32.29037,70.73994,317.96,0.4,0.37,2026-06-27,2114,N20,VIIRS,n,2.0NRT,301.82,1.86,N
32.2951,70.73245,316.7,0.4,0.37,2026-06-27,2114,N20,VIIRS,n,2.0NRT,301.45,2.06,N
32.5023,75.90581,305.28,0.43,0.46,2026-06-27,2114,N20,VIIRS,n,2.0NRT,292.11,1,N
32.59377,75.99484,311.3,0.43,0.46,2026-06-27,2114,N20,VIIRS,n,2.0NRT,290.41,2.17,N
32.61278,75.94698,303.41,0.43,0.46,2026-06-27,2114,N20,VIIRS,n,2.0NRT,289.83,0.49,N
32.72343,72.92506,308.73,0.46,0.39,2026-06-27,2114,N20,VIIRS,n,2.0NRT,296.54,0.94,N
32.88987,71.6166,316.16,0.41,0.37,2026-06-27,2114,N20,VIIRS,n,2.0NRT,300.3,4.06,N
33.01401,73.27294,335.02,0.47,0.4,2026-06-27,2114,N20,VIIRS,n,2.0NRT,296.31,6.79,N
33.01485,73.27523,332.58,0.47,0.4,2026-06-27,2114,N20,VIIRS,n,2.0NRT,295.98,4.57,N
33.23661,71.5157,322.41,0.41,0.37,2026-06-27,2114,N20,VIIRS,n,2.0NRT,298.3,0.62,N
33.75186,73.50688,303.9,0.47,0.39,2026-06-27,2114,N20,VIIRS,n,2.0NRT,292.95,2.07,N
33.7845,73.06604,310.11,0.45,0.39,2026-06-27,2114,N20,VIIRS,n,2.0NRT,293.68,2.07,N
34.01748,73.54202,309.25,0.46,0.39,2026-06-27,2114,N20,VIIRS,n,2.0NRT,292.83,1.08,N
34.3742,72.17883,309.33,0.41,0.37,2026-06-27,2114,N20,VIIRS,n,2.0NRT,293.22,1.21,N
34.4842,73.12608,303.47,0.44,0.38,2026-06-27,2114,N20,VIIRS,n,2.0NRT,293.08,2.64,N
34.48704,71.49362,309.56,0.4,0.37,2026-06-27,2114,N20,VIIRS,n,2.0NRT,296.65,0.98,N
34.53293,72.39927,309.63,0.42,0.38,2026-06-27,2114,N20,VIIRS,n,2.0NRT,293.68,1.48,N
34.53372,72.39485,316.46,0.42,0.38,2026-06-27,2114,N20,VIIRS,n,2.0NRT,293.39,1.48,N
34.53447,72.39069,315.02,0.42,0.38,2026-06-27,2114,N20,VIIRS,n,2.0NRT,293.34,2.8,N
34.53635,72.4,317.28,0.42,0.38,2026-06-27,2114,N20,VIIRS,n,2.0NRT,293.24,1.48,N
34.53712,72.39566,307.29,0.42,0.38,2026-06-27,2114,N20,VIIRS,n,2.0NRT,293.72,1.48,N
34.59824,71.85432,309.02,0.4,0.37,2026-06-27,2114,N20,VIIRS,n,2.0NRT,296.09,1.96,N
34.59827,72.0924,311.22,0.41,0.37,2026-06-27,2114,N20,VIIRS,n,2.0NRT,295.1,2.63,N
34.75185,71.98251,309.79,0.41,0.37,2026-06-27,2114,N20,VIIRS,n,2.0NRT,293.64,1.34,N
34.75521,71.98328,319.32,0.41,0.37,2026-06-27,2114,N20,VIIRS,n,2.0NRT,292.47,1.34,N
34.75854,71.98427,316.78,0.41,0.37,2026-06-27,2114,N20,VIIRS,n,2.0NRT,292.73,1.59,N
34.75934,71.97964,311.83,0.41,0.37,2026-06-27,2114,N20,VIIRS,n,2.0NRT,291.98,1.59,N
35.96767,68.68846,314.37,0.4,0.37,2026-06-27,2114,N20,VIIRS,n,2.0NRT,296.81,2.82,N
36.39161,61.9281,304.21,0.52,0.5,2026-06-27,2114,N20,VIIRS,n,2.0NRT,293.81,0.8,N
23.69005,68.83221,307.26,0.41,0.37,2026-06-27,2116,N20,VIIRS,n,2.0NRT,295.01,2.33,N
24.68978,73.00298,309.7,0.41,0.45,2026-06-27,2116,N20,VIIRS,n,2.0NRT,287.93,1.55,N
24.78201,67.35951,307.5,0.38,0.36,2026-06-27,2116,N20,VIIRS,n,2.0NRT,294.73,2.08,N
25.15569,67.70499,312.01,0.39,0.36,2026-06-27,2116,N20,VIIRS,n,2.0NRT,297.16,2.19,N
25.3901,68.58233,315.21,0.39,0.37,2026-06-27,2116,N20,VIIRS,n,2.0NRT,297.51,0.68,N
26.25624,74.09589,306.82,0.44,0.46,2026-06-27,2116,N20,VIIRS,n,2.0NRT,292.01,2.97,N
26.25625,74.09769,307.1,0.44,0.46,2026-06-27,2116,N20,VIIRS,n,2.0NRT,291.88,2.56,N
27.1871,67.86203,307.19,0.38,0.36,2026-06-27,2116,N20,VIIRS,n,2.0NRT,295.81,0.64,N
27.28679,73.84047,308.59,0.41,0.45,2026-06-27,2116,N20,VIIRS,n,2.0NRT,295.13,4.06,N
27.53798,67.94576,319.27,0.38,0.36,2026-06-27,2116,N20,VIIRS,n,2.0NRT,298.07,3.08,N
27.66865,67.76418,318.08,0.38,0.36,2026-06-27,2116,N20,VIIRS,n,2.0NRT,300.05,6.11,N
27.68027,68.07677,317.77,0.38,0.36,2026-06-27,2116,N20,VIIRS,n,2.0NRT,298.81,3.55,N
27.84822,68.5394,323.49,0.39,0.36,2026-06-27,2116,N20,VIIRS,n,2.0NRT,298.73,1.72,N
27.99987,67.73545,331,0.38,0.36,2026-06-27,2116,N20,VIIRS,n,2.0NRT,299.92,8.28,N
28.01813,68.64568,311.72,0.39,0.36,2026-06-27,2116,N20,VIIRS,n,2.0NRT,298.93,0.52,N
28.0373,68.5693,311.18,0.39,0.36,2026-06-27,2116,N20,VIIRS,n,2.0NRT,298.36,0.49,N
28.39454,68.59506,329.78,0.39,0.36,2026-06-27,2116,N20,VIIRS,n,2.0NRT,300.07,1.95,N
28.42549,69.70268,326.26,0.4,0.37,2026-06-27,2116,N20,VIIRS,n,2.0NRT,300.35,1.72,N
28.48139,68.24352,312.37,0.38,0.36,2026-06-27,2116,N20,VIIRS,n,2.0NRT,299.77,0.84,N
28.55896,68.33498,337.21,0.38,0.36,2026-06-27,2116,N20,VIIRS,n,2.0NRT,300.38,3.48,N
28.57481,68.27799,322.54,0.38,0.36,2026-06-27,2116,N20,VIIRS,n,2.0NRT,299.61,1.96,N
28.57542,68.27411,314.29,0.38,0.36,2026-06-27,2116,N20,VIIRS,n,2.0NRT,299.38,0.65,N
36.39323,61.92708,300.38,0.71,0.75,2026-06-27,2254,N20,VIIRS,n,2.0NRT,289.91,1.06,N
37.03038,62.42139,313.45,0.72,0.76,2026-06-27,2254,N20,VIIRS,n,2.0NRT,289.17,8.14,N
37.03231,62.41695,309.33,0.72,0.76,2026-06-27,2254,N20,VIIRS,n,2.0NRT,286.19,6.02,N
23.9323,72.19498,341.46,0.4,0.37,2026-06-28,830,N20,VIIRS,n,2.0NRT,300.77,6.16,D
24.36276,71.77394,340.1,0.39,0.36,2026-06-28,830,N20,VIIRS,n,2.0NRT,305.43,5.08,D
25.06604,75.83773,336.98,0.38,0.43,2026-06-28,830,N20,VIIRS,n,2.0NRT,300.06,2.49,D
25.29016,73.07907,340.75,0.43,0.38,2026-06-28,830,N20,VIIRS,n,2.0NRT,305.08,11.77,D
25.29108,73.07537,341.49,0.43,0.38,2026-06-28,830,N20,VIIRS,n,2.0NRT,305.2,11.77,D
26.02859,74.54839,335.54,0.5,0.41,2026-06-28,830,N20,VIIRS,n,2.0NRT,299.55,2.74,D
27.16511,68.06752,367,0.41,0.37,2026-06-28,833,N20,VIIRS,h,2.0NRT,308.84,31.97,D
27.50834,71.96525,347.22,0.41,0.37,2026-06-28,833,N20,VIIRS,n,2.0NRT,315.41,1.39,D
27.53686,71.94393,348.23,0.41,0.37,2026-06-28,833,N20,VIIRS,n,2.0NRT,315.99,4.3,D
27.55788,71.94456,349.72,0.41,0.37,2026-06-28,833,N20,VIIRS,n,2.0NRT,315.86,4.88,D
27.55845,71.94872,348.55,0.41,0.37,2026-06-28,833,N20,VIIRS,n,2.0NRT,315.78,2.06,D
27.57662,72.21134,353.07,0.42,0.38,2026-06-28,833,N20,VIIRS,n,2.0NRT,315.35,5.76,D
27.58348,72.23615,352.55,0.42,0.38,2026-06-28,833,N20,VIIRS,n,2.0NRT,315.49,3.73,D
27.58405,72.24039,350.94,0.42,0.38,2026-06-28,833,N20,VIIRS,n,2.0NRT,315.2,3.73,D
27.58578,72.22709,348.32,0.42,0.38,2026-06-28,833,N20,VIIRS,n,2.0NRT,315.17,4.72,D
27.59323,72.23015,350.1,0.42,0.38,2026-06-28,833,N20,VIIRS,n,2.0NRT,315.01,5.31,D
28.58032,77.02218,330.26,0.5,0.49,2026-06-28,833,N20,VIIRS,n,2.0NRT,298.9,3.94,D
29.41278,71.3065,346.73,0.41,0.37,2026-06-28,833,N20,VIIRS,n,2.0NRT,307.11,8.71,D
29.44327,71.78326,341.37,0.42,0.38,2026-06-28,833,N20,VIIRS,n,2.0NRT,307.61,5.79,D
29.44566,71.78305,346.88,0.42,0.38,2026-06-28,833,N20,VIIRS,n,2.0NRT,307.64,5.56,D
29.45366,71.68479,347.08,0.42,0.37,2026-06-28,833,N20,VIIRS,n,2.0NRT,310.18,10.1,D
29.45771,71.82075,339.4,0.42,0.38,2026-06-28,833,N20,VIIRS,n,2.0NRT,308.56,4.59,D
29.46287,71.85977,338.23,0.42,0.38,2026-06-28,833,N20,VIIRS,l,2.0NRT,308.61,4.05,D
29.47151,71.45519,346.8,0.41,0.37,2026-06-28,833,N20,VIIRS,n,2.0NRT,310.39,5.56,D
29.47897,71.95508,333.18,0.43,0.38,2026-06-28,833,N20,VIIRS,l,2.0NRT,305.06,1.85,D
29.48762,71.85991,348.37,0.42,0.38,2026-06-28,833,N20,VIIRS,n,2.0NRT,308.92,7.13,D
29.49045,71.80175,346.18,0.42,0.38,2026-06-28,833,N20,VIIRS,n,2.0NRT,308.82,9.62,D
29.49789,71.77834,338.31,0.42,0.38,2026-06-28,833,N20,VIIRS,l,2.0NRT,309.91,3.72,D
29.49877,71.45035,348.42,0.41,0.37,2026-06-28,833,N20,VIIRS,n,2.0NRT,310.36,5.79,D
29.53098,71.50646,337.85,0.41,0.37,2026-06-28,833,N20,VIIRS,l,2.0NRT,309.4,3.37,D
29.5327,71.95921,338.89,0.43,0.38,2026-06-28,833,N20,VIIRS,n,2.0NRT,306.94,3.57,D
29.5754,72.17347,337.98,0.43,0.38,2026-06-28,833,N20,VIIRS,n,2.0NRT,306.83,2.02,D
29.57807,71.88568,336.4,0.42,0.38,2026-06-28,833,N20,VIIRS,l,2.0NRT,307.23,2.69,D
29.5789,72.17287,336.69,0.43,0.38,2026-06-28,833,N20,VIIRS,n,2.0NRT,305.15,2.02,D
29.58723,71.76846,342.19,0.42,0.38,2026-06-28,833,N20,VIIRS,n,2.0NRT,308.8,4.53,D
29.59756,72.17881,336.89,0.43,0.38,2026-06-28,833,N20,VIIRS,l,2.0NRT,306.92,3.4,D
29.60458,71.55876,338.71,0.41,0.37,2026-06-28,833,N20,VIIRS,l,2.0NRT,309.43,6.02,D
29.60517,71.56302,338.14,0.41,0.37,2026-06-28,833,N20,VIIRS,n,2.0NRT,306.93,3.76,D
29.61713,76.94575,330.33,0.5,0.49,2026-06-28,833,N20,VIIRS,l,2.0NRT,301.28,2.11,D
29.61993,71.54294,340.76,0.41,0.37,2026-06-28,833,N20,VIIRS,n,2.0NRT,308.83,6.77,D
29.62084,72.02196,336.96,0.43,0.38,2026-06-28,833,N20,VIIRS,n,2.0NRT,305.72,2.61,D
29.62086,76.94814,333.5,0.5,0.49,2026-06-28,833,N20,VIIRS,n,2.0NRT,301.39,3.95,D
29.622,72.13974,338.64,0.43,0.38,2026-06-28,833,N20,VIIRS,n,2.0NRT,306.12,4.23,D
29.62316,72.14867,341.04,0.43,0.38,2026-06-28,833,N20,VIIRS,n,2.0NRT,308.81,5.33,D
29.62479,71.62962,338.76,0.42,0.37,2026-06-28,833,N20,VIIRS,l,2.0NRT,310.65,6.58,D
29.62537,71.6339,340.43,0.42,0.37,2026-06-28,833,N20,VIIRS,n,2.0NRT,310.26,6.58,D
29.62899,72.11122,338.68,0.43,0.38,2026-06-28,833,N20,VIIRS,n,2.0NRT,306.82,3.68,D
29.63073,72.12457,336.5,0.43,0.38,2026-06-28,833,N20,VIIRS,l,2.0NRT,306.8,3.84,D
29.63596,72.21969,334.62,0.44,0.38,2026-06-28,833,N20,VIIRS,l,2.0NRT,307.62,3.2,D
29.63989,72.39004,338.17,0.44,0.39,2026-06-28,833,N20,VIIRS,l,2.0NRT,309.48,4.56,D
29.64063,72.22807,338.82,0.44,0.38,2026-06-28,833,N20,VIIRS,n,2.0NRT,306.89,4.08,D
29.64462,72.37064,345.98,0.44,0.38,2026-06-28,833,N20,VIIRS,n,2.0NRT,309.08,6.83,D
29.64642,72.32857,339.49,0.44,0.38,2026-06-28,833,N20,VIIRS,n,2.0NRT,307.64,3.48,D
29.65228,72.34612,346.62,0.44,0.38,2026-06-28,833,N20,VIIRS,n,2.0NRT,307.76,6.62,D
29.66197,71.65033,338.43,0.42,0.38,2026-06-28,833,N20,VIIRS,n,2.0NRT,308.05,3.69,D
29.66416,71.56215,333.37,0.42,0.37,2026-06-28,833,N20,VIIRS,l,2.0NRT,306.48,0.88,D
29.66455,70.73014,342.02,0.4,0.37,2026-06-28,833,N20,VIIRS,l,2.0NRT,312.25,23.34,D
29.66872,72.36192,338.9,0.44,0.38,2026-06-28,833,N20,VIIRS,n,2.0NRT,307.8,4.1,D
29.67224,72.30567,337.56,0.44,0.38,2026-06-28,833,N20,VIIRS,n,2.0NRT,306.97,3.2,D
29.68572,72.29877,335.17,0.44,0.38,2026-06-28,833,N20,VIIRS,l,2.0NRT,308.49,2.64,D
29.69192,71.87589,339.23,0.42,0.38,2026-06-28,833,N20,VIIRS,l,2.0NRT,310.06,40.26,D
29.70808,71.89099,342.35,0.43,0.38,2026-06-28,833,N20,VIIRS,n,2.0NRT,309.96,5.64,D
29.71678,72.28889,340.71,0.44,0.38,2026-06-28,833,N20,VIIRS,n,2.0NRT,308.53,2.71,D
29.71941,72.44673,332.1,0.44,0.39,2026-06-28,833,N20,VIIRS,l,2.0NRT,305.92,1.54,D
29.7203,72.2883,344.79,0.44,0.38,2026-06-28,833,N20,VIIRS,n,2.0NRT,306.49,4.39,D
29.7218,72.46509,341.7,0.45,0.39,2026-06-28,833,N20,VIIRS,n,2.0NRT,308.47,4.93,D
29.72419,72.48348,345.56,0.45,0.39,2026-06-28,833,N20,VIIRS,n,2.0NRT,306.58,3.9,D
29.72433,72.04151,338.56,0.43,0.38,2026-06-28,833,N20,VIIRS,n,2.0NRT,307.32,4.53,D
29.73528,71.93568,338.99,0.43,0.38,2026-06-28,833,N20,VIIRS,n,2.0NRT,308.48,4.06,D
29.73713,72.11212,343.3,0.43,0.38,2026-06-28,833,N20,VIIRS,n,2.0NRT,307.23,4.02,D
29.73875,71.93507,332.77,0.43,0.38,2026-06-28,833,N20,VIIRS,l,2.0NRT,305.74,1.33,D
29.73937,71.96651,336.2,0.43,0.38,2026-06-28,833,N20,VIIRS,n,2.0NRT,305.19,2.66,D
29.7412,71.2804,344.84,0.41,0.37,2026-06-28,833,N20,VIIRS,n,2.0NRT,307.67,4.83,D
29.74524,71.30988,346.52,0.41,0.37,2026-06-28,833,N20,VIIRS,n,2.0NRT,313.28,21.91,D
29.75451,72.02724,338.31,0.43,0.38,2026-06-28,833,N20,VIIRS,l,2.0NRT,308.66,6.16,D
29.75521,72.22368,336.16,0.44,0.38,2026-06-28,833,N20,VIIRS,n,2.0NRT,305.76,2.22,D
29.75809,72.10853,340.96,0.43,0.38,2026-06-28,833,N20,VIIRS,n,2.0NRT,309.81,8.44,D
29.75919,72.42276,334.69,0.44,0.39,2026-06-28,833,N20,VIIRS,l,2.0NRT,307.18,3.22,D
29.76105,72.32447,346.59,0.44,0.38,2026-06-28,833,N20,VIIRS,n,2.0NRT,305.41,6.53,D
29.76278,72.36607,339.25,0.44,0.39,2026-06-28,833,N20,VIIRS,n,2.0NRT,305.94,3.36,D
29.76377,72.51608,337.54,0.45,0.39,2026-06-28,833,N20,VIIRS,n,2.0NRT,305.94,6.59,D
29.76631,72.36546,341.48,0.44,0.39,2026-06-28,833,N20,VIIRS,n,2.0NRT,307.52,4.15,D
29.76657,72.59621,345.35,0.45,0.39,2026-06-28,833,N20,VIIRS,n,2.0NRT,305.13,6.38,D
29.76765,72.59445,346.42,0.45,0.39,2026-06-28,833,N20,VIIRS,n,2.0NRT,306.32,5.11,D
29.77926,72.35397,335.74,0.44,0.39,2026-06-28,833,N20,VIIRS,n,2.0NRT,305.55,4.12,D
29.78302,71.25564,339.03,0.41,0.37,2026-06-28,833,N20,VIIRS,n,2.0NRT,307.62,2.83,D
29.78682,72.55481,335.12,0.45,0.39,2026-06-28,833,N20,VIIRS,l,2.0NRT,306.79,2.7,D
29.79427,72.13892,339.31,0.43,0.38,2026-06-28,833,N20,VIIRS,n,2.0NRT,308.63,3.81,D
29.79989,72.45817,333.62,0.45,0.39,2026-06-28,833,N20,VIIRS,l,2.0NRT,306.81,2.75,D
29.80708,72.12758,341.18,0.43,0.38,2026-06-28,833,N20,VIIRS,n,2.0NRT,308.97,5.01,D
29.80934,72.44717,336.26,0.45,0.39,2026-06-28,833,N20,VIIRS,l,2.0NRT,306.42,1.71,D
29.82473,72.17961,344.71,0.44,0.38,2026-06-28,833,N20,VIIRS,n,2.0NRT,308.9,4.72,D
29.82501,72.17664,338.57,0.44,0.38,2026-06-28,833,N20,VIIRS,n,2.0NRT,307.46,4.2,D
29.83905,72.00973,334.5,0.43,0.38,2026-06-28,833,N20,VIIRS,l,2.0NRT,306.73,1.95,D
29.85189,72.16286,337.95,0.44,0.38,2026-06-28,833,N20,VIIRS,l,2.0NRT,308.42,5.22,D
29.85248,72.16736,336.5,0.44,0.38,2026-06-28,833,N20,VIIRS,n,2.0NRT,305.98,4.69,D
29.85598,72.16676,333.86,0.44,0.38,2026-06-28,833,N20,VIIRS,l,2.0NRT,307.23,1.55,D
29.85715,72.14817,338.2,0.44,0.38,2026-06-28,833,N20,VIIRS,n,2.0NRT,307.75,3.16,D
29.85891,72.21696,336.38,0.44,0.38,2026-06-28,833,N20,VIIRS,l,2.0NRT,308.3,2.95,D
29.86284,72.58018,339.22,0.45,0.39,2026-06-28,833,N20,VIIRS,n,2.0NRT,307.34,5.17,D
29.86538,71.39745,339.48,0.41,0.37,2026-06-28,833,N20,VIIRS,n,2.0NRT,308.79,3.79,D
29.87882,71.60107,338.96,0.42,0.38,2026-06-28,833,N20,VIIRS,n,2.0NRT,307.24,3.61,D
29.88294,72.26379,335.23,0.44,0.38,2026-06-28,833,N20,VIIRS,l,2.0NRT,307.12,2.31,D
29.88353,72.26834,339.12,0.44,0.38,2026-06-28,833,N20,VIIRS,l,2.0NRT,310.03,2.31,D
29.88705,72.26774,335.65,0.44,0.38,2026-06-28,833,N20,VIIRS,l,2.0NRT,308.11,2.31,D
29.88994,72.51588,336.5,0.45,0.39,2026-06-28,833,N20,VIIRS,l,2.0NRT,308.36,2.51,D
29.903,72.47582,349.02,0.45,0.39,2026-06-28,833,N20,VIIRS,n,2.0NRT,309.44,9.08,D
29.90405,72.26021,339.24,0.44,0.38,2026-06-28,833,N20,VIIRS,n,2.0NRT,307.65,4.6,D
29.90655,72.44689,341.94,0.45,0.39,2026-06-28,833,N20,VIIRS,n,2.0NRT,306.89,6.29,D
29.90689,71.39439,335.21,0.41,0.37,2026-06-28,833,N20,VIIRS,l,2.0NRT,307.57,1.47,D
29.90745,71.60484,347.9,0.42,0.38,2026-06-28,833,N20,VIIRS,n,2.0NRT,313.51,21.5,D
29.91128,72.45554,348.57,0.45,0.39,2026-06-28,833,N20,VIIRS,n,2.0NRT,308.19,6.94,D
29.92019,71.67345,339.82,0.42,0.38,2026-06-28,833,N20,VIIRS,n,2.0NRT,307.89,4,D
29.92078,71.67778,337.84,0.42,0.38,2026-06-28,833,N20,VIIRS,l,2.0NRT,308.3,3.83,D
29.92131,72.70689,334.52,0.46,0.39,2026-06-28,833,N20,VIIRS,l,2.0NRT,307.19,4.19,D
29.9245,72.02802,339.3,0.43,0.38,2026-06-28,833,N20,VIIRS,l,2.0NRT,309.3,3.19,D
29.92896,72.82706,337.25,0.46,0.39,2026-06-28,833,N20,VIIRS,n,2.0NRT,305.24,3.54,D
29.9413,72.18575,338.91,0.44,0.38,2026-06-28,833,N20,VIIRS,n,2.0NRT,306.98,4.94,D
29.94137,72.40808,340.35,0.45,0.39,2026-06-28,833,N20,VIIRS,n,2.0NRT,308.85,5.2,D
29.94652,72.33686,337.33,0.44,0.39,2026-06-28,833,N20,VIIRS,l,2.0NRT,307.51,6.03,D
29.94678,71.37901,346.57,0.41,0.37,2026-06-28,833,N20,VIIRS,n,2.0NRT,310.22,17.13,D
29.94874,72.32855,335.24,0.44,0.39,2026-06-28,833,N20,VIIRS,l,2.0NRT,306.99,2.12,D
29.94885,72.32713,334.69,0.44,0.39,2026-06-28,833,N20,VIIRS,l,2.0NRT,306.64,2.55,D
29.95831,71.7469,343.26,0.42,0.38,2026-06-28,833,N20,VIIRS,n,2.0NRT,307.97,11.4,D
29.96135,71.2808,335.25,0.41,0.37,2026-06-28,833,N20,VIIRS,l,2.0NRT,307.05,2.43,D
29.97038,72.44241,336.57,0.45,0.39,2026-06-28,833,N20,VIIRS,n,2.0NRT,306.12,1.06,D
29.97096,72.44704,336.17,0.45,0.39,2026-06-28,833,N20,VIIRS,l,2.0NRT,306.73,1.68,D
29.97173,72.25472,335.35,0.44,0.38,2026-06-28,833,N20,VIIRS,l,2.0NRT,307.33,2.75,D
29.97365,71.4485,341.08,0.41,0.37,2026-06-28,833,N20,VIIRS,n,2.0NRT,310.27,6.51,D
29.97522,72.14304,342.36,0.44,0.38,2026-06-28,833,N20,VIIRS,n,2.0NRT,308.33,3.72,D
29.97525,72.25412,335.1,0.44,0.38,2026-06-28,833,N20,VIIRS,l,2.0NRT,307.41,2.27,D
29.97786,72.55991,340.05,0.45,0.39,2026-06-28,833,N20,VIIRS,n,2.0NRT,308.74,19.42,D
29.97964,72.56278,341.5,0.45,0.39,2026-06-28,833,N20,VIIRS,n,2.0NRT,308.95,11.44,D
29.98143,72.55932,347.33,0.45,0.39,2026-06-28,833,N20,VIIRS,n,2.0NRT,312.58,19.42,D
29.9826,72.55752,341.01,0.45,0.39,2026-06-28,833,N20,VIIRS,n,2.0NRT,309.67,11.44,D
29.98284,72.39787,337.91,0.45,0.39,2026-06-28,833,N20,VIIRS,n,2.0NRT,306.89,2.03,D
29.98321,72.56219,337.47,0.45,0.39,2026-06-28,833,N20,VIIRS,n,2.0NRT,307.03,11.44,D
29.98638,72.39726,340.11,0.45,0.39,2026-06-28,833,N20,VIIRS,n,2.0NRT,306.3,4.16,D
29.99036,71.85347,339.91,0.43,0.38,2026-06-28,833,N20,VIIRS,n,2.0NRT,308.71,4.85,D
29.99109,72.4342,346.39,0.45,0.39,2026-06-28,833,N20,VIIRS,n,2.0NRT,307.36,9.12,D
29.99633,72.53297,339.53,0.45,0.39,2026-06-28,833,N20,VIIRS,n,2.0NRT,308.16,4.2,D
30.00277,72.61324,338.46,0.45,0.39,2026-06-28,833,N20,VIIRS,n,2.0NRT,306.29,7.62,D
30.00683,71.30733,339.19,0.41,0.37,2026-06-28,833,N20,VIIRS,n,2.0NRT,310.25,2.74,D
30.00791,72.89759,334.12,0.47,0.39,2026-06-28,833,N20,VIIRS,l,2.0NRT,304.18,1.38,D
30.01031,71.51222,342.65,0.42,0.37,2026-06-28,833,N20,VIIRS,n,2.0NRT,308.56,4,D
30.01475,72.44914,338.39,0.45,0.39,2026-06-28,833,N20,VIIRS,n,2.0NRT,307.88,4.89,D
30.02376,72.96426,333.04,0.47,0.4,2026-06-28,833,N20,VIIRS,l,2.0NRT,303.81,1.61,D
30.02635,71.87053,336.79,0.43,0.38,2026-06-28,833,N20,VIIRS,l,2.0NRT,307.58,3.01,D
30.03103,71.56149,338.47,0.42,0.38,2026-06-28,833,N20,VIIRS,n,2.0NRT,306.35,2.88,D
30.04315,72.87891,338.55,0.47,0.39,2026-06-28,833,N20,VIIRS,n,2.0NRT,306.51,6.46,D
30.04553,71.98975,340.3,0.43,0.38,2026-06-28,833,N20,VIIRS,n,2.0NRT,307.58,3.37,D
30.04989,72.72617,339.22,0.46,0.39,2026-06-28,833,N20,VIIRS,n,2.0NRT,308.26,5.06,D
30.05222,72.86266,332.78,0.47,0.39,2026-06-28,833,N20,VIIRS,l,2.0NRT,305.67,1.52,D
30.0655,72.79181,342.91,0.46,0.39,2026-06-28,833,N20,VIIRS,n,2.0NRT,309.41,7.29,D
30.06635,72.48318,347.85,0.45,0.39,2026-06-28,833,N20,VIIRS,n,2.0NRT,308,8.11,D
30.07852,73.40229,337.77,0.49,0.4,2026-06-28,833,N20,VIIRS,n,2.0NRT,306.38,2.97,D
30.07951,72.52863,348.55,0.45,0.39,2026-06-28,833,N20,VIIRS,n,2.0NRT,307.57,3.92,D
30.07978,73.41249,335.16,0.49,0.4,2026-06-28,833,N20,VIIRS,l,2.0NRT,308.26,4.34,D
30.08039,73.40442,341.43,0.49,0.4,2026-06-28,833,N20,VIIRS,n,2.0NRT,308.79,3.77,D
30.08207,72.52944,348.27,0.45,0.39,2026-06-28,833,N20,VIIRS,n,2.0NRT,307.3,6.38,D
30.09756,73.04909,340.92,0.47,0.4,2026-06-28,833,N20,VIIRS,n,2.0NRT,305.85,3.49,D
30.09766,72.33726,349.97,0.44,0.39,2026-06-28,833,N20,VIIRS,n,2.0NRT,311.36,26.34,D
30.10019,73.41169,337.5,0.49,0.41,2026-06-28,833,N20,VIIRS,l,2.0NRT,308.75,3.22,D
30.1006,73.04357,336.13,0.47,0.4,2026-06-28,833,N20,VIIRS,n,2.0NRT,305.8,2.89,D
30.10121,73.0485,336.1,0.47,0.4,2026-06-28,833,N20,VIIRS,n,2.0NRT,306.03,3.49,D
30.1037,71.99797,338.55,0.43,0.38,2026-06-28,833,N20,VIIRS,n,2.0NRT,307.26,3.62,D
30.10383,73.44244,342.28,0.49,0.41,2026-06-28,833,N20,VIIRS,n,2.0NRT,306.31,5.09,D
30.10756,73.44184,349.51,0.49,0.41,2026-06-28,833,N20,VIIRS,n,2.0NRT,308.81,13.93,D
30.10975,73.08736,336.19,0.48,0.4,2026-06-28,833,N20,VIIRS,l,2.0NRT,307.17,4.55,D
30.11767,72.29633,338.52,0.44,0.39,2026-06-28,833,N20,VIIRS,n,2.0NRT,306.5,2.92,D
30.13368,73.2513,335.4,0.49,0.4,2026-06-28,833,N20,VIIRS,l,2.0NRT,306.83,3.14,D
30.13842,72.77642,338.77,0.46,0.39,2026-06-28,833,N20,VIIRS,n,2.0NRT,306.69,3.38,D
30.13901,72.37739,339.42,0.45,0.39,2026-06-28,833,N20,VIIRS,n,2.0NRT,307.61,4.61,D
30.14152,72.53864,339.27,0.45,0.39,2026-06-28,833,N20,VIIRS,n,2.0NRT,307.17,2.48,D
30.14402,73.15268,345.84,0.48,0.4,2026-06-28,833,N20,VIIRS,n,2.0NRT,306.44,5.27,D
30.14886,73.01244,340.62,0.47,0.4,2026-06-28,833,N20,VIIRS,n,2.0NRT,303.36,2.87,D
30.14924,73.01567,333.6,0.47,0.4,2026-06-28,833,N20,VIIRS,n,2.0NRT,302.7,4.46,D
30.1525,73.01184,334.36,0.47,0.4,2026-06-28,833,N20,VIIRS,l,2.0NRT,305.9,2.87,D
30.15382,72.96165,331.58,0.47,0.4,2026-06-28,833,N20,VIIRS,l,2.0NRT,303.46,2.9,D
30.16718,72.9495,335.89,0.47,0.4,2026-06-28,833,N20,VIIRS,l,2.0NRT,306.25,3.65,D
30.17142,72.95379,339.3,0.47,0.4,2026-06-28,833,N20,VIIRS,n,2.0NRT,306.18,15.2,D
30.18531,73.34829,338.37,0.49,0.4,2026-06-28,833,N20,VIIRS,n,2.0NRT,305.46,4.04,D
30.23047,73.13045,337.29,0.48,0.4,2026-06-28,833,N20,VIIRS,n,2.0NRT,304.61,3.31,D
30.23838,73.47591,335.35,0.5,0.41,2026-06-28,833,N20,VIIRS,n,2.0NRT,305.32,2.7,D
30.24236,72.83505,336.4,0.47,0.39,2026-06-28,833,N20,VIIRS,l,2.0NRT,307.59,3.59,D
30.25207,72.79401,342.41,0.46,0.39,2026-06-28,833,N20,VIIRS,n,2.0NRT,306.78,6.76,D
30.25989,71.70623,342.54,0.42,0.38,2026-06-28,833,N20,VIIRS,n,2.0NRT,308.77,3.04,D
30.28723,73.20538,340.03,0.48,0.4,2026-06-28,833,N20,VIIRS,n,2.0NRT,304.29,3.99,D
30.29527,73.17843,345.18,0.48,0.4,2026-06-28,833,N20,VIIRS,n,2.0NRT,307.62,15.82,D
30.30186,72.30148,344.79,0.44,0.39,2026-06-28,833,N20,VIIRS,n,2.0NRT,309.83,14.96,D
30.30245,72.30609,338.14,0.45,0.39,2026-06-28,833,N20,VIIRS,n,2.0NRT,306.01,14.96,D
30.31511,73.51144,343.14,0.5,0.41,2026-06-28,833,N20,VIIRS,n,2.0NRT,306.79,5.81,D
30.31553,73.50872,339.74,0.5,0.41,2026-06-28,833,N20,VIIRS,n,2.0NRT,307.87,4.97,D
30.32228,73.18436,341.94,0.48,0.4,2026-06-28,833,N20,VIIRS,n,2.0NRT,306.29,25.67,D
30.32535,73.17873,338.63,0.48,0.4,2026-06-28,833,N20,VIIRS,n,2.0NRT,308.02,25.67,D
30.32596,73.18376,340.92,0.48,0.4,2026-06-28,833,N20,VIIRS,n,2.0NRT,304.76,25.67,D
30.3265,73.60302,341.86,0.51,0.41,2026-06-28,833,N20,VIIRS,n,2.0NRT,307.07,7.54,D
30.32661,73.6056,341.55,0.51,0.41,2026-06-28,833,N20,VIIRS,n,2.0NRT,308.97,5.82,D
30.32939,72.15148,336.48,0.44,0.38,2026-06-28,833,N20,VIIRS,l,2.0NRT,306.95,10.07,D
30.32998,72.15604,336.22,0.44,0.38,2026-06-28,833,N20,VIIRS,n,2.0NRT,304.4,7.04,D
30.33112,73.51157,332.54,0.5,0.41,2026-06-28,833,N20,VIIRS,l,2.0NRT,306.9,2.81,D
30.33641,73.23869,340.92,0.49,0.4,2026-06-28,833,N20,VIIRS,n,2.0NRT,307.78,6.57,D
30.33793,72.58685,336.1,0.46,0.39,2026-06-28,833,N20,VIIRS,l,2.0NRT,307.04,1.37,D
30.34331,71.8147,335.48,0.43,0.38,2026-06-28,833,N20,VIIRS,l,2.0NRT,307.79,3.91,D
30.34611,73.50922,334,0.5,0.41,2026-06-28,833,N20,VIIRS,l,2.0NRT,305.01,2.32,D
30.35608,73.52892,348.5,0.5,0.41,2026-06-28,833,N20,VIIRS,n,2.0NRT,306.91,9.44,D
30.37317,71.6919,335.26,0.42,0.38,2026-06-28,833,N20,VIIRS,l,2.0NRT,307.24,3.13,D
30.38238,76.85076,335.72,0.51,0.49,2026-06-28,833,N20,VIIRS,n,2.0NRT,299.2,3.5,D
30.38704,73.28235,340.36,0.49,0.4,2026-06-28,833,N20,VIIRS,n,2.0NRT,305.47,3.95,D
30.38814,71.93927,336.95,0.43,0.38,2026-06-28,833,N20,VIIRS,l,2.0NRT,308.04,3.32,D
30.39163,71.93866,343.42,0.43,0.38,2026-06-28,833,N20,VIIRS,n,2.0NRT,306.58,3.32,D
30.39621,73.27867,338.69,0.49,0.4,2026-06-28,833,N20,VIIRS,n,2.0NRT,306.17,4.29,D
30.39748,71.95602,347.71,0.43,0.38,2026-06-28,833,N20,VIIRS,n,2.0NRT,307.17,9.61,D
30.39754,73.2755,337.5,0.49,0.4,2026-06-28,833,N20,VIIRS,n,2.0NRT,306.69,2.69,D
30.39781,73.10343,339.77,0.48,0.4,2026-06-28,833,N20,VIIRS,n,2.0NRT,307.62,6.95,D
30.40579,73.39207,336.52,0.5,0.41,2026-06-28,833,N20,VIIRS,n,2.0NRT,304.52,2.03,D
30.40946,72.83488,334.29,0.47,0.4,2026-06-28,833,N20,VIIRS,l,2.0NRT,306.35,4.66,D
30.41065,73.63292,337.59,0.51,0.41,2026-06-28,833,N20,VIIRS,n,2.0NRT,305.46,2.86,D
30.41237,73.52011,332.92,0.5,0.41,2026-06-28,833,N20,VIIRS,l,2.0NRT,306.38,2.7,D
30.41309,72.83429,337.79,0.47,0.4,2026-06-28,833,N20,VIIRS,l,2.0NRT,308.11,4.66,D
30.4137,72.83915,338.29,0.47,0.4,2026-06-28,833,N20,VIIRS,n,2.0NRT,306.04,4.66,D
30.41627,76.91688,344.14,0.51,0.5,2026-06-28,833,N20,VIIRS,n,2.0NRT,301.1,7.2,D
30.41677,76.92226,333.53,0.51,0.5,2026-06-28,833,N20,VIIRS,n,2.0NRT,297.95,7.2,D
30.41779,73.30123,338.36,0.49,0.4,2026-06-28,833,N20,VIIRS,n,2.0NRT,306.58,4.68,D
30.41809,73.56728,335.09,0.51,0.41,2026-06-28,833,N20,VIIRS,l,2.0NRT,306.14,2.83,D
30.41924,73.51373,339.01,0.5,0.41,2026-06-28,833,N20,VIIRS,n,2.0NRT,306.95,4.2,D
30.41975,73.51158,338.87,0.5,0.41,2026-06-28,833,N20,VIIRS,n,2.0NRT,306.21,4.27,D
30.41976,73.22312,339.18,0.49,0.4,2026-06-28,833,N20,VIIRS,n,2.0NRT,306.71,2.48,D
30.42469,72.16462,335.41,0.44,0.38,2026-06-28,833,N20,VIIRS,n,2.0NRT,305,2.26,D
30.42706,71.90959,341.7,0.43,0.38,2026-06-28,833,N20,VIIRS,n,2.0NRT,309.21,10.04,D
30.43879,72.16222,336.13,0.44,0.38,2026-06-28,833,N20,VIIRS,n,2.0NRT,305.88,1.03,D
30.44649,72.19371,347.59,0.44,0.39,2026-06-28,833,N20,VIIRS,n,2.0NRT,308.6,5.61,D
30.4504,71.72507,337.93,0.43,0.38,2026-06-28,833,N20,VIIRS,n,2.0NRT,307.54,2.52,D
30.45098,71.72949,335.42,0.43,0.38,2026-06-28,833,N20,VIIRS,n,2.0NRT,304.74,2.52,D
30.45466,73.81503,336.67,0.52,0.42,2026-06-28,833,N20,VIIRS,n,2.0NRT,304.92,1.89,D
30.45585,73.81673,339.43,0.52,0.42,2026-06-28,833,N20,VIIRS,n,2.0NRT,307.12,2.42,D
30.45923,72.40466,340.93,0.45,0.39,2026-06-28,833,N20,VIIRS,n,2.0NRT,305.85,4.32,D
30.46255,73.71509,335.14,0.51,0.41,2026-06-28,833,N20,VIIRS,l,2.0NRT,307.27,2.24,D
30.46855,72.95233,340.22,0.47,0.4,2026-06-28,833,N20,VIIRS,n,2.0NRT,307.05,5.47,D
30.47593,73.63158,339.88,0.51,0.41,2026-06-28,833,N20,VIIRS,n,2.0NRT,306.06,3.75,D
30.47664,73.54005,332.46,0.5,0.41,2026-06-28,833,N20,VIIRS,l,2.0NRT,305.58,1.47,D
30.47924,73.89438,337.79,0.53,0.42,2026-06-28,833,N20,VIIRS,n,2.0NRT,305.74,4.26,D
30.47959,73.72883,332.19,0.52,0.41,2026-06-28,833,N20,VIIRS,l,2.0NRT,303.64,1.37,D
30.48015,72.92528,339.18,0.47,0.4,2026-06-28,833,N20,VIIRS,n,2.0NRT,307.01,3.45,D
30.48075,72.9302,336.25,0.47,0.4,2026-06-28,833,N20,VIIRS,l,2.0NRT,306.54,3.45,D
30.48557,75.75989,355.12,0.44,0.46,2026-06-28,833,N20,VIIRS,n,2.0NRT,296.3,11.34,D
30.48711,73.31108,338.59,0.49,0.4,2026-06-28,833,N20,VIIRS,n,2.0NRT,306.71,4.16,D
30.48899,73.32647,345.54,0.49,0.41,2026-06-28,833,N20,VIIRS,n,2.0NRT,309.2,25.22,D
30.48913,73.45285,333.54,0.5,0.41,2026-06-28,833,N20,VIIRS,l,2.0NRT,306.26,2.38,D
30.48962,73.33161,340.22,0.49,0.41,2026-06-28,833,N20,VIIRS,n,2.0NRT,306.63,9.37,D
30.4928,73.38885,336.57,0.5,0.41,2026-06-28,833,N20,VIIRS,n,2.0NRT,306.57,3.92,D
30.49343,73.39402,333.79,0.5,0.41,2026-06-28,833,N20,VIIRS,l,2.0NRT,306.5,5.14,D
30.4941,73.43088,333.23,0.5,0.41,2026-06-28,833,N20,VIIRS,l,2.0NRT,305.36,2.93,D
30.50252,72.09716,334.51,0.44,0.38,2026-06-28,833,N20,VIIRS,l,2.0NRT,305.61,2.12,D
30.50744,73.70269,341.46,0.51,0.41,2026-06-28,833,N20,VIIRS,n,2.0NRT,306.27,3.13,D
30.50794,73.51377,339.46,0.5,0.41,2026-06-28,833,N20,VIIRS,n,2.0NRT,306.92,3.92,D
30.50807,73.70805,336.71,0.51,0.41,2026-06-28,833,N20,VIIRS,n,2.0NRT,304.67,3.13,D
30.50857,73.51901,334.18,0.5,0.41,2026-06-28,833,N20,VIIRS,l,2.0NRT,304.37,3.38,D
30.51169,73.51318,335.45,0.5,0.41,2026-06-28,833,N20,VIIRS,l,2.0NRT,305.92,3.92,D
30.51184,73.8394,331.14,0.52,0.42,2026-06-28,833,N20,VIIRS,l,2.0NRT,304.6,1.91,D
30.51233,73.51842,335.94,0.5,0.41,2026-06-28,833,N20,VIIRS,l,2.0NRT,306.3,3.38,D
30.51297,72.91992,344.09,0.47,0.4,2026-06-28,833,N20,VIIRS,n,2.0NRT,306.9,3.07,D
30.51439,73.82794,335.19,0.52,0.42,2026-06-28,833,N20,VIIRS,l,2.0NRT,305.68,1.27,D
30.51601,73.00525,343.59,0.48,0.4,2026-06-28,833,N20,VIIRS,n,2.0NRT,309.33,15.5,D
30.51661,72.91933,337.85,0.47,0.4,2026-06-28,833,N20,VIIRS,n,2.0NRT,305.8,3.07,D
30.52488,72.15884,340.34,0.44,0.38,2026-06-28,833,N20,VIIRS,n,2.0NRT,307.03,3.73,D
30.52639,72.00474,340.67,0.44,0.38,2026-06-28,833,N20,VIIRS,n,2.0NRT,308.75,3.79,D
30.52827,73.68313,331.52,0.51,0.41,2026-06-28,833,N20,VIIRS,l,2.0NRT,304.08,4.11,D
30.52998,73.56927,339.69,0.51,0.41,2026-06-28,833,N20,VIIRS,n,2.0NRT,307.52,5.4,D
30.53015,73.66652,340.07,0.51,0.41,2026-06-28,833,N20,VIIRS,n,2.0NRT,305.31,4.89,D
30.53042,73.57202,349.18,0.51,0.41,2026-06-28,833,N20,VIIRS,n,2.0NRT,307.41,9.1,D
30.53062,73.57455,338.13,0.51,0.41,2026-06-28,833,N20,VIIRS,n,2.0NRT,305.56,5.4,D
30.53096,73.9032,341.99,0.53,0.42,2026-06-28,833,N20,VIIRS,n,2.0NRT,309.32,33.37,D
30.5316,73.90869,337.04,0.53,0.42,2026-06-28,833,N20,VIIRS,n,2.0NRT,303.92,9.75,D
30.53393,73.66594,342.08,0.51,0.41,2026-06-28,833,N20,VIIRS,n,2.0NRT,305.19,7.35,D
30.53475,74.07178,339.61,0.54,0.42,2026-06-28,833,N20,VIIRS,n,2.0NRT,307.8,5.12,D
30.53967,76.12613,331.5,0.46,0.47,2026-06-28,833,N20,VIIRS,n,2.0NRT,298.24,3.06,D
30.5467,75.27263,341.49,0.41,0.45,2026-06-28,833,N20,VIIRS,n,2.0NRT,298.61,4.63,D
30.54715,75.27696,335.46,0.41,0.45,2026-06-28,833,N20,VIIRS,n,2.0NRT,297.74,3.45,D
30.54764,72.92935,343.24,0.47,0.4,2026-06-28,833,N20,VIIRS,n,2.0NRT,307.79,4.69,D
30.54995,73.54207,335.13,0.51,0.41,2026-06-28,833,N20,VIIRS,l,2.0NRT,305.59,2.01,D
30.55372,73.54148,332.77,0.51,0.41,2026-06-28,833,N20,VIIRS,l,2.0NRT,305.74,2.01,D
30.55442,73.7477,340.57,0.52,0.41,2026-06-28,833,N20,VIIRS,n,2.0NRT,304.01,3.29,D
30.55561,73.74998,338.26,0.52,0.41,2026-06-28,833,N20,VIIRS,n,2.0NRT,302.75,2.9,D
30.56629,72.86871,338.37,0.47,0.4,2026-06-28,833,N20,VIIRS,n,2.0NRT,307.65,4.03,D
30.57012,73.42153,333.37,0.5,0.41,2026-06-28,833,N20,VIIRS,l,2.0NRT,305.33,1.13,D
30.57662,72.862,340.22,0.47,0.4,2026-06-28,833,N20,VIIRS,n,2.0NRT,307.93,3.12,D
30.58436,75.80919,342.13,0.44,0.46,2026-06-28,833,N20,VIIRS,n,2.0NRT,297.02,5.39,D
30.58508,73.54732,340.73,0.51,0.41,2026-06-28,833,N20,VIIRS,n,2.0NRT,306.91,4.83,D
30.58941,73.64937,338.96,0.51,0.41,2026-06-28,833,N20,VIIRS,n,2.0NRT,305.97,6.11,D
30.58997,72.84979,338.46,0.47,0.4,2026-06-28,833,N20,VIIRS,n,2.0NRT,307.08,8.63,D
30.59162,76.15885,331.77,0.47,0.47,2026-06-28,833,N20,VIIRS,n,2.0NRT,297.26,0.63,D
30.59508,73.66483,342.17,0.51,0.41,2026-06-28,833,N20,VIIRS,n,2.0NRT,305.11,4.87,D
30.60004,73.77369,338.15,0.52,0.41,2026-06-28,833,N20,VIIRS,l,2.0NRT,310,26.82,D
30.60067,73.77911,332.72,0.52,0.42,2026-06-28,833,N20,VIIRS,l,2.0NRT,302.8,12.1,D
30.60661,75.28199,331.98,0.42,0.45,2026-06-28,833,N20,VIIRS,n,2.0NRT,298.53,2.24,D
30.6077,73.70657,341.58,0.52,0.41,2026-06-28,833,N20,VIIRS,n,2.0NRT,306.89,6.71,D
30.6125,73.98397,340.78,0.53,0.42,2026-06-28,833,N20,VIIRS,n,2.0NRT,305.3,9.82,D
30.61398,71.98551,342.99,0.44,0.38,2026-06-28,833,N20,VIIRS,n,2.0NRT,306.84,5.15,D
30.62159,73.8926,355.42,0.53,0.42,2026-06-28,833,N20,VIIRS,n,2.0NRT,307.52,11.72,D
30.62354,73.84209,335.6,0.52,0.42,2026-06-28,833,N20,VIIRS,l,2.0NRT,305.75,3.22,D
30.62543,73.89202,336.17,0.53,0.42,2026-06-28,833,N20,VIIRS,n,2.0NRT,304.24,11.72,D
30.62574,73.47131,341.14,0.5,0.41,2026-06-28,833,N20,VIIRS,n,2.0NRT,307.44,6.66,D
30.62622,73.46919,339.71,0.5,0.41,2026-06-28,833,N20,VIIRS,n,2.0NRT,306.27,4.9,D
30.62772,74.11843,345.71,0.54,0.42,2026-06-28,833,N20,VIIRS,n,2.0NRT,307.03,11.38,D
30.62991,73.89693,335.54,0.53,0.42,2026-06-28,833,N20,VIIRS,n,2.0NRT,304.15,1.99,D
30.63096,75.71387,341.47,0.44,0.46,2026-06-28,833,N20,VIIRS,n,2.0NRT,295.68,10.38,D
30.64109,73.02333,338,0.48,0.4,2026-06-28,833,N20,VIIRS,n,2.0NRT,307.58,2.25,D
30.646,73.06342,335.24,0.48,0.4,2026-06-28,833,N20,VIIRS,l,2.0NRT,306.51,3.71,D
30.6471,73.81072,334.29,0.52,0.42,2026-06-28,833,N20,VIIRS,l,2.0NRT,304.48,1.85,D
30.64971,73.86596,340.83,0.53,0.42,2026-06-28,833,N20,VIIRS,n,2.0NRT,306.56,4.14,D
30.65032,73.83801,334.39,0.52,0.42,2026-06-28,833,N20,VIIRS,n,2.0NRT,304.18,2.13,D
30.65226,73.85442,332.51,0.52,0.42,2026-06-28,833,N20,VIIRS,l,2.0NRT,303.81,1.99,D
30.65256,73.66138,337.55,0.51,0.41,2026-06-28,833,N20,VIIRS,n,2.0NRT,303.71,3.54,D
30.6526,73.66492,336.12,0.51,0.41,2026-06-28,833,N20,VIIRS,n,2.0NRT,304.43,3.2,D
30.66098,72.55264,346.38,0.46,0.39,2026-06-28,833,N20,VIIRS,n,2.0NRT,309.95,24.6,D
30.66398,72.54726,337.32,0.46,0.39,2026-06-28,833,N20,VIIRS,l,2.0NRT,310.41,9.98,D
30.66458,72.55204,348.85,0.46,0.39,2026-06-28,833,N20,VIIRS,n,2.0NRT,316.01,24.6,D
30.66816,72.55144,354.14,0.46,0.39,2026-06-28,833,N20,VIIRS,n,2.0NRT,310.57,37.58,D
30.68091,73.04244,341.5,0.48,0.4,2026-06-28,833,N20,VIIRS,n,2.0NRT,306.73,7.46,D
30.68546,72.81033,348.16,0.47,0.4,2026-06-28,833,N20,VIIRS,n,2.0NRT,308.63,8.73,D
30.68976,72.72495,342.98,0.47,0.39,2026-06-28,833,N20,VIIRS,n,2.0NRT,308.25,9.79,D
30.69336,76.15255,330.18,0.47,0.47,2026-06-28,833,N20,VIIRS,n,2.0NRT,297.89,2.88,D
30.69709,73.88493,339.06,0.53,0.42,2026-06-28,833,N20,VIIRS,n,2.0NRT,306.08,7.45,D
30.69987,73.77309,342.62,0.52,0.42,2026-06-28,833,N20,VIIRS,n,2.0NRT,306.58,6,D
30.71036,73.96741,333.81,0.53,0.42,2026-06-28,833,N20,VIIRS,l,2.0NRT,305.58,4.24,D
30.7112,76.28522,337.39,0.48,0.48,2026-06-28,833,N20,VIIRS,n,2.0NRT,297.14,3.86,D
30.7129,74.20242,341.39,0.55,0.43,2026-06-28,833,N20,VIIRS,n,2.0NRT,304.65,7.79,D
30.71397,74.06938,340.52,0.54,0.42,2026-06-28,833,N20,VIIRS,n,2.0NRT,305.42,2.14,D
30.71422,73.96683,334.51,0.53,0.42,2026-06-28,833,N20,VIIRS,l,2.0NRT,304.69,2.56,D
30.7167,74.2034,339.8,0.55,0.42,2026-06-28,833,N20,VIIRS,n,2.0NRT,305.99,26.85,D
30.7168,74.20183,347.62,0.55,0.43,2026-06-28,833,N20,VIIRS,n,2.0NRT,305.25,24.88,D
30.71807,73.96625,335.65,0.53,0.42,2026-06-28,833,N20,VIIRS,n,2.0NRT,304.31,2.56,D
30.72775,76.13587,331.51,0.47,0.47,2026-06-28,833,N20,VIIRS,n,2.0NRT,297.53,2.68,D
30.73123,73.28467,341.6,0.49,0.41,2026-06-28,833,N20,VIIRS,n,2.0NRT,308.79,5.05,D
30.73222,73.95278,340.49,0.53,0.42,2026-06-28,833,N20,VIIRS,n,2.0NRT,304.26,3.29,D
30.73291,73.89067,335.44,0.53,0.42,2026-06-28,833,N20,VIIRS,l,2.0NRT,307.1,2.56,D
30.734,74.07211,332.39,0.54,0.42,2026-06-28,833,N20,VIIRS,l,2.0NRT,305.21,1.36,D
30.74667,76.68995,331.64,0.5,0.49,2026-06-28,833,N20,VIIRS,n,2.0NRT,300.72,1.82,D
30.74803,75.39421,343.09,0.42,0.45,2026-06-28,833,N20,VIIRS,n,2.0NRT,298.96,7.56,D
30.75463,74.14969,331.29,0.54,0.42,2026-06-28,833,N20,VIIRS,l,2.0NRT,303.1,1.9,D
30.75922,74.01682,338.37,0.54,0.42,2026-06-28,833,N20,VIIRS,n,2.0NRT,303.97,5.71,D
30.7605,73.95981,331.57,0.53,0.42,2026-06-28,833,N20,VIIRS,l,2.0NRT,303.7,0.89,D
30.76083,72.90869,338.11,0.48,0.4,2026-06-28,833,N20,VIIRS,l,2.0NRT,309.22,4.73,D
30.78299,73.95074,341.63,0.53,0.42,2026-06-28,833,N20,VIIRS,n,2.0NRT,307.21,6.99,D
30.78401,73.8269,338.63,0.52,0.42,2026-06-28,833,N20,VIIRS,n,2.0NRT,304.14,3.31,D
30.78643,73.8287,339.02,0.53,0.42,2026-06-28,833,N20,VIIRS,n,2.0NRT,305.76,4.09,D
30.79107,76.28289,339.09,0.48,0.48,2026-06-28,833,N20,VIIRS,n,2.0NRT,298.74,3.44,D
30.79147,73.37555,335.19,0.5,0.41,2026-06-28,833,N20,VIIRS,l,2.0NRT,307.7,2.92,D
30.80813,73.08782,336.11,0.49,0.4,2026-06-28,833,N20,VIIRS,l,2.0NRT,308.17,4.25,D
30.81295,74.17262,333.32,0.55,0.42,2026-06-28,833,N20,VIIRS,l,2.0NRT,303.49,2.54,D
30.81316,74.17578,338.87,0.55,0.42,2026-06-28,833,N20,VIIRS,n,2.0NRT,303.12,3.91,D
30.81358,74.17834,330.51,0.55,0.43,2026-06-28,833,N20,VIIRS,l,2.0NRT,302.53,2.54,D
30.81445,73.86926,333.68,0.53,0.42,2026-06-28,833,N20,VIIRS,l,2.0NRT,305.29,2.42,D
30.81456,73.80204,335.2,0.52,0.42,2026-06-28,833,N20,VIIRS,n,2.0NRT,304.17,1.47,D
30.81491,74.08868,340.25,0.54,0.42,2026-06-28,833,N20,VIIRS,n,2.0NRT,304.76,6.41,D
30.81583,74.09106,336.42,0.54,0.42,2026-06-28,833,N20,VIIRS,n,2.0NRT,303.3,4.34,D
30.81936,73.98165,334.11,0.54,0.42,2026-06-28,833,N20,VIIRS,n,2.0NRT,303.85,2.7,D
30.82545,74.14491,339.34,0.55,0.42,2026-06-28,833,N20,VIIRS,n,2.0NRT,303.52,5.28,D
30.82604,74.14738,344.62,0.55,0.42,2026-06-28,833,N20,VIIRS,n,2.0NRT,303.24,5.76,D
30.83215,74.27525,342.94,0.55,0.43,2026-06-28,833,N20,VIIRS,n,2.0NRT,306.48,5.32,D
30.83231,74.27248,344.89,0.55,0.43,2026-06-28,833,N20,VIIRS,n,2.0NRT,305.48,8.82,D
30.83782,74.11085,336.92,0.54,0.42,2026-06-28,833,N20,VIIRS,n,2.0NRT,303.61,2.43,D
30.84079,76.24831,339.17,0.47,0.48,2026-06-28,833,N20,VIIRS,n,2.0NRT,297.63,2.42,D
30.84594,72.69662,338.85,0.47,0.39,2026-06-28,833,N20,VIIRS,n,2.0NRT,307.72,2.39,D
30.8465,75.52167,333.92,0.43,0.46,2026-06-28,833,N20,VIIRS,n,2.0NRT,297.16,2.74,D
30.84861,73.49845,334.51,0.51,0.41,2026-06-28,833,N20,VIIRS,l,2.0NRT,307.62,2,D
30.84966,73.93729,345.5,0.53,0.42,2026-06-28,833,N20,VIIRS,n,2.0NRT,305.26,6.56,D
30.85235,73.49991,340.29,0.51,0.41,2026-06-28,833,N20,VIIRS,n,2.0NRT,308.18,4.91,D
30.85238,73.49785,341.19,0.51,0.41,2026-06-28,833,N20,VIIRS,n,2.0NRT,308.78,4.51,D
30.85668,72.99252,339.21,0.48,0.4,2026-06-28,833,N20,VIIRS,n,2.0NRT,307.56,3.58,D
30.85887,75.59837,342.81,0.44,0.46,2026-06-28,833,N20,VIIRS,n,2.0NRT,294.72,3.63,D
30.85928,73.88493,333.3,0.53,0.42,2026-06-28,833,N20,VIIRS,l,2.0NRT,305.04,2.21,D
30.86198,73.4157,340.22,0.5,0.41,2026-06-28,833,N20,VIIRS,n,2.0NRT,308.08,3.54,D
30.87921,73.92146,344.25,0.53,0.42,2026-06-28,833,N20,VIIRS,n,2.0NRT,306.42,5.96,D
30.88366,73.8925,335.71,0.53,0.42,2026-06-28,833,N20,VIIRS,l,2.0NRT,306.72,2.78,D
30.88376,73.9605,341.06,0.53,0.42,2026-06-28,833,N20,VIIRS,n,2.0NRT,305.57,7.13,D
30.88684,76.30837,341.05,0.48,0.48,2026-06-28,833,N20,VIIRS,n,2.0NRT,296.96,4.19,D
30.8966,75.46644,330.05,0.43,0.46,2026-06-28,833,N20,VIIRS,n,2.0NRT,296.92,2.09,D
30.90133,73.29769,342.43,0.5,0.41,2026-06-28,833,N20,VIIRS,n,2.0NRT,309.24,9.25,D
30.90947,74.35874,343.45,0.56,0.43,2026-06-28,833,N20,VIIRS,n,2.0NRT,305.14,6.37,D
30.91024,73.98502,332.34,0.54,0.42,2026-06-28,833,N20,VIIRS,l,2.0NRT,303.96,2.78,D
30.91051,72.98097,333.79,0.48,0.4,2026-06-28,833,N20,VIIRS,l,2.0NRT,307.17,3.54,D
30.91133,73.98313,333.63,0.54,0.42,2026-06-28,833,N20,VIIRS,l,2.0NRT,305.04,2.95,D
30.91293,75.54224,340.39,0.43,0.46,2026-06-28,833,N20,VIIRS,n,2.0NRT,295.63,3.69,D
30.93685,72.98183,334.24,0.48,0.4,2026-06-28,833,N20,VIIRS,l,2.0NRT,307.93,2.23,D
30.94033,75.31581,339.34,0.42,0.45,2026-06-28,833,N20,VIIRS,n,2.0NRT,298.83,6.38,D
30.94081,75.32023,341.61,0.42,0.45,2026-06-28,833,N20,VIIRS,n,2.0NRT,297.71,6.38,D
30.94139,75.31539,339.94,0.42,0.45,2026-06-28,833,N20,VIIRS,n,2.0NRT,298.33,5.12,D
30.94184,75.31981,341.13,0.42,0.45,2026-06-28,833,N20,VIIRS,n,2.0NRT,297.65,5.12,D
30.96058,75.25461,342.14,0.42,0.45,2026-06-28,833,N20,VIIRS,n,2.0NRT,298.75,5.14,D
30.9931,73.68681,338.04,0.52,0.42,2026-06-28,833,N20,VIIRS,n,2.0NRT,306.37,4.52,D
31.00791,73.51432,335.96,0.51,0.41,2026-06-28,833,N20,VIIRS,l,2.0NRT,308.07,2.17,D
31.01283,75.47353,332.05,0.43,0.46,2026-06-28,833,N20,VIIRS,n,2.0NRT,298.12,1.31,D
31.01843,75.28241,342.03,0.42,0.45,2026-06-28,833,N20,VIIRS,n,2.0NRT,298.9,3.87,D
31.0268,73.6429,340.21,0.52,0.41,2026-06-28,833,N20,VIIRS,n,2.0NRT,307.88,5.92,D
31.04527,75.25639,342.8,0.42,0.45,2026-06-28,833,N20,VIIRS,n,2.0NRT,299.54,5.82,D
31.04622,75.2652,331.03,0.42,0.45,2026-06-28,833,N20,VIIRS,n,2.0NRT,298.79,1.81,D
31.04646,75.25327,341.3,0.42,0.45,2026-06-28,833,N20,VIIRS,n,2.0NRT,299.32,5.14,D
31.04691,75.25768,333.36,0.42,0.45,2026-06-28,833,N20,VIIRS,n,2.0NRT,299.09,5.2,D
31.06178,75.23776,341.56,0.42,0.45,2026-06-28,833,N20,VIIRS,n,2.0NRT,299.44,8.26,D
31.06589,74.65246,343.63,0.39,0.44,2026-06-28,833,N20,VIIRS,n,2.0NRT,302.61,6.96,D
31.06929,75.18781,345.54,0.42,0.45,2026-06-28,833,N20,VIIRS,n,2.0NRT,299.54,5,D
31.07571,75.20912,344.71,0.42,0.45,2026-06-28,833,N20,VIIRS,n,2.0NRT,299.11,6.56,D
31.07698,74.60538,340.7,0.39,0.44,2026-06-28,833,N20,VIIRS,n,2.0NRT,302.45,3.34,D
31.0882,74.63268,330.65,0.39,0.44,2026-06-28,833,N20,VIIRS,l,2.0NRT,301.96,3.47,D
31.10162,74.67252,346.89,0.39,0.44,2026-06-28,833,N20,VIIRS,n,2.0NRT,301.26,4.85,D
31.10217,74.63918,332.87,0.39,0.44,2026-06-28,833,N20,VIIRS,n,2.0NRT,302.5,1.18,D
31.11547,74.68722,336.75,0.39,0.44,2026-06-28,833,N20,VIIRS,n,2.0NRT,300.38,1.64,D
31.11686,75.27946,332.66,0.42,0.45,2026-06-28,833,N20,VIIRS,n,2.0NRT,299.05,4.65,D
31.11686,75.31999,336.35,0.42,0.45,2026-06-28,833,N20,VIIRS,n,2.0NRT,298.08,3.39,D
31.11807,73.80556,339.78,0.53,0.42,2026-06-28,833,N20,VIIRS,n,2.0NRT,304.01,5.08,D
31.12105,75.31942,338.43,0.42,0.45,2026-06-28,833,N20,VIIRS,n,2.0NRT,299.31,3.39,D
31.12799,75.26448,332.81,0.42,0.45,2026-06-28,833,N20,VIIRS,n,2.0NRT,299.38,2.07,D
31.1414,72.61931,349.84,0.47,0.39,2026-06-28,833,N20,VIIRS,n,2.0NRT,311.71,7.27,D
31.14502,72.61871,348.98,0.47,0.39,2026-06-28,833,N20,VIIRS,n,2.0NRT,311.81,14.18,D
31.16545,75.37333,337.74,0.43,0.46,2026-06-28,833,N20,VIIRS,n,2.0NRT,298.53,3.82,D
31.16796,73.69689,339.96,0.52,0.42,2026-06-28,833,N20,VIIRS,n,2.0NRT,306.9,10.47,D
31.16861,73.70238,342.86,0.52,0.42,2026-06-28,833,N20,VIIRS,n,2.0NRT,305.38,10.47,D
31.16912,75.3718,343.72,0.43,0.46,2026-06-28,833,N20,VIIRS,n,2.0NRT,298.98,8.08,D
31.16965,75.37273,349.44,0.43,0.46,2026-06-28,833,N20,VIIRS,n,2.0NRT,298.32,6.64,D
31.17218,75.31336,335.99,0.42,0.45,2026-06-28,833,N20,VIIRS,n,2.0NRT,299.48,3.06,D
31.17592,75.30834,330.4,0.42,0.45,2026-06-28,833,N20,VIIRS,n,2.0NRT,298.6,2.79,D
31.17637,75.3128,337.37,0.42,0.45,2026-06-28,833,N20,VIIRS,n,2.0NRT,298.6,3.06,D
31.18011,75.30778,341.52,0.42,0.45,2026-06-28,833,N20,VIIRS,n,2.0NRT,299.34,3.86,D
31.23189,70.66386,349.91,0.4,0.37,2026-06-28,833,N20,VIIRS,n,2.0NRT,314.17,12.4,D
31.23416,72.70597,339.1,0.47,0.4,2026-06-28,833,N20,VIIRS,l,2.0NRT,309.62,3.36,D
31.24301,75.54746,331.43,0.44,0.46,2026-06-28,833,N20,VIIRS,n,2.0NRT,298.26,3.48,D
31.32159,72.30683,344.68,0.45,0.39,2026-06-28,833,N20,VIIRS,n,2.0NRT,308.14,5.53,D
31.44774,75.16991,339.35,0.42,0.45,2026-06-28,833,N20,VIIRS,n,2.0NRT,298.39,2.94,D
31.59579,72.68388,340.1,0.47,0.4,2026-06-28,833,N20,VIIRS,n,2.0NRT,309.59,4.59,D
31.60227,72.95129,338.36,0.49,0.4,2026-06-28,833,N20,VIIRS,n,2.0NRT,308.39,2.45,D
31.63596,74.53948,334.4,0.39,0.44,2026-06-28,833,N20,VIIRS,n,2.0NRT,300.51,2.39,D
31.66407,75.97108,344.09,0.47,0.48,2026-06-28,833,N20,VIIRS,n,2.0NRT,297.71,4.26,D
31.67372,72.53181,338.69,0.47,0.4,2026-06-28,833,N20,VIIRS,l,2.0NRT,311.4,2.86,D
31.76697,73.13982,339.74,0.5,0.41,2026-06-28,833,N20,VIIRS,n,2.0NRT,307.94,4.87,D
31.81749,70.8269,340.89,0.41,0.37,2026-06-28,833,N20,VIIRS,l,2.0NRT,313.36,5.08,D
31.96476,72.90009,341.8,0.49,0.4,2026-06-28,833,N20,VIIRS,n,2.0NRT,309.81,7.89,D
32.01301,74.33535,336.73,0.38,0.43,2026-06-28,833,N20,VIIRS,n,2.0NRT,300.53,1.16,D
32.06593,73.9213,340.55,0.55,0.43,2026-06-28,833,N20,VIIRS,n,2.0NRT,301.88,4.55,D
32.14706,72.41793,346.14,0.47,0.4,2026-06-28,833,N20,VIIRS,n,2.0NRT,311.04,6.62,D
32.39389,74.37821,342.04,0.39,0.44,2026-06-28,833,N20,VIIRS,n,2.0NRT,303.34,5.22,D
32.45394,72.99499,339.39,0.5,0.41,2026-06-28,833,N20,VIIRS,n,2.0NRT,305.26,3,D
32.45768,72.99438,338.4,0.5,0.41,2026-06-28,833,N20,VIIRS,n,2.0NRT,305.28,3,D
32.52149,62.13188,345.7,0.41,0.45,2026-06-28,833,N20,VIIRS,l,2.0NRT,320.56,2.12,D
32.58931,75.96937,343.45,0.48,0.48,2026-06-28,833,N20,VIIRS,n,2.0NRT,298.77,7.21,D
32.76807,76.12946,336.34,0.49,0.49,2026-06-28,833,N20,VIIRS,n,2.0NRT,298.56,1.99,D
33.11622,75.66605,332.13,0.47,0.48,2026-06-28,833,N20,VIIRS,n,2.0NRT,299.26,4.55,D
33.2715,71.58904,339.58,0.45,0.39,2026-06-28,833,N20,VIIRS,l,2.0NRT,309.91,12.63,D
33.36178,73.62605,330.74,0.55,0.43,2026-06-28,833,N20,VIIRS,l,2.0NRT,301.02,4.14,D
33.42822,73.61535,335.32,0.55,0.43,2026-06-28,833,N20,VIIRS,n,2.0NRT,302.77,4.82,D
33.85807,72.27633,340.46,0.48,0.4,2026-06-28,833,N20,VIIRS,l,2.0NRT,310.65,11.18,D
34.12656,72.90741,338.98,0.52,0.41,2026-06-28,833,N20,VIIRS,n,2.0NRT,307.65,5.45,D
34.12973,72.90121,335.89,0.52,0.41,2026-06-28,833,N20,VIIRS,n,2.0NRT,304.9,4.75,D
34.13097,72.91228,334.77,0.52,0.41,2026-06-28,833,N20,VIIRS,l,2.0NRT,306.85,5.45,D
34.25624,74.65799,340.54,0.42,0.46,2026-06-28,833,N20,VIIRS,n,2.0NRT,304.88,5.7,D
34.34041,72.828,335.13,0.52,0.41,2026-06-28,833,N20,VIIRS,n,2.0NRT,303.49,4.58,D
34.35158,72.14755,335.81,0.48,0.4,2026-06-28,833,N20,VIIRS,l,2.0NRT,309.58,5.58,D
34.352,72.14412,336.79,0.48,0.4,2026-06-28,833,N20,VIIRS,l,2.0NRT,309.03,7.5,D
34.35525,72.14686,342.59,0.48,0.4,2026-06-28,833,N20,VIIRS,n,2.0NRT,308.84,6.46,D
34.35633,72.1489,336.61,0.48,0.4,2026-06-28,833,N20,VIIRS,l,2.0NRT,309.03,7.99,D
34.48067,71.49912,345.08,0.45,0.39,2026-06-28,833,N20,VIIRS,n,2.0NRT,312.3,3.79,D
34.48418,71.49805,341.81,0.45,0.39,2026-06-28,833,N20,VIIRS,n,2.0NRT,311.79,3.79,D
34.48657,71.50017,339.28,0.45,0.39,2026-06-28,833,N20,VIIRS,l,2.0NRT,310.33,2.61,D
34.48772,71.49722,338.89,0.45,0.39,2026-06-28,833,N20,VIIRS,l,2.0NRT,309.89,1.79,D
34.75934,71.98189,340.06,0.48,0.4,2026-06-28,833,N20,VIIRS,n,2.0NRT,305.16,4.23,D
34.75942,71.97932,345.51,0.48,0.4,2026-06-28,833,N20,VIIRS,n,2.0NRT,307,9.61,D
35.03688,70.57343,331.77,0.43,0.38,2026-06-28,835,N20,VIIRS,n,2.0NRT,305.22,1.11,D
36.36522,69.34628,342,0.4,0.37,2026-06-28,835,N20,VIIRS,l,2.0NRT,316.95,7.45,D
34.12087,72.90987,312.14,0.4,0.37,2026-06-28,2053,N20,VIIRS,n,2.0NRT,297.54,2.39,N
34.12149,72.90561,321.48,0.4,0.37,2026-06-28,2053,N20,VIIRS,n,2.0NRT,298.25,4.31,N
34.12271,72.89718,309.81,0.4,0.37,2026-06-28,2053,N20,VIIRS,n,2.0NRT,297.58,1.89,N
34.12333,72.89289,309.85,0.4,0.37,2026-06-28,2053,N20,VIIRS,n,2.0NRT,296.88,1.89,N
34.1242,72.91064,321.51,0.4,0.37,2026-06-28,2053,N20,VIIRS,n,2.0NRT,297.89,3.58,N
34.12605,72.89789,311.13,0.4,0.37,2026-06-28,2053,N20,VIIRS,n,2.0NRT,297.02,2.13,N
34.12669,72.89354,319.43,0.4,0.37,2026-06-28,2053,N20,VIIRS,n,2.0NRT,297.1,2.13,N
34.34883,72.14408,312.31,0.42,0.37,2026-06-28,2053,N20,VIIRS,n,2.0NRT,300.24,2,N
34.35338,72.13423,313.69,0.42,0.37,2026-06-28,2053,N20,VIIRS,n,2.0NRT,300.4,2.33,N
34.35345,72.13602,319.04,0.42,0.37,2026-06-28,2053,N20,VIIRS,n,2.0NRT,300.48,3.44,N
34.3544,72.15244,311.74,0.42,0.37,2026-06-28,2053,N20,VIIRS,n,2.0NRT,299.75,0.88,N
34.36137,72.25508,326.66,0.41,0.37,2026-06-28,2053,N20,VIIRS,n,2.0NRT,299.97,2.68,N
34.37899,72.72247,309.21,0.4,0.37,2026-06-28,2053,N20,VIIRS,n,2.0NRT,295.61,1.67,N
34.37964,72.71796,311.09,0.4,0.37,2026-06-28,2053,N20,VIIRS,n,2.0NRT,295.74,2.05,N
34.38058,72.72071,314.94,0.4,0.37,2026-06-28,2053,N20,VIIRS,n,2.0NRT,296.48,2.21,N
34.38457,72.71683,318.5,0.4,0.37,2026-06-28,2053,N20,VIIRS,n,2.0NRT,296.45,2.94,N
34.3873,72.72199,309.05,0.4,0.37,2026-06-28,2053,N20,VIIRS,n,2.0NRT,295.64,2.26,N
34.53561,72.41225,335.46,0.41,0.37,2026-06-28,2053,N20,VIIRS,n,2.0NRT,296.67,5.15,N
34.53592,72.38464,307.51,0.41,0.37,2026-06-28,2053,N20,VIIRS,n,2.0NRT,296.16,2.41,N
34.53594,72.38175,307.38,0.41,0.37,2026-06-28,2053,N20,VIIRS,n,2.0NRT,296.65,2.66,N
34.53902,72.41283,324.27,0.41,0.37,2026-06-28,2053,N20,VIIRS,n,2.0NRT,296.95,2.72,N
34.54306,72.40872,314.27,0.41,0.37,2026-06-28,2053,N20,VIIRS,n,2.0NRT,296.49,2.72,N
34.5443,72.39975,333.95,0.41,0.37,2026-06-28,2053,N20,VIIRS,n,2.0NRT,297.63,5.93,N
35.11864,70.99683,310.65,0.46,0.39,2026-06-28,2053,N20,VIIRS,n,2.0NRT,289.09,1.88,N
35.12651,70.99265,301.99,0.46,0.39,2026-06-28,2053,N20,VIIRS,n,2.0NRT,289.4,1.2,N
35.57867,74.92094,297.35,0.38,0.36,2026-06-28,2053,N20,VIIRS,n,2.0NRT,283.89,0.61,N
35.96995,68.68452,311.51,0.4,0.44,2026-06-28,2053,N20,VIIRS,n,2.0NRT,298.23,1.63,N
37.03266,62.41528,314.31,0.46,0.63,2026-06-28,2053,N20,VIIRS,n,2.0NRT,290.26,4.72,N
26.25939,74.09565,313.17,0.4,0.37,2026-06-28,2055,N20,VIIRS,n,2.0NRT,296.52,1.47,N
26.60543,73.68638,310.29,0.39,0.37,2026-06-28,2055,N20,VIIRS,n,2.0NRT,298.33,0.99,N
26.87515,73.51754,311.85,0.39,0.36,2026-06-28,2055,N20,VIIRS,n,2.0NRT,298.12,1.33,N
26.8791,73.51433,312.71,0.39,0.36,2026-06-28,2055,N20,VIIRS,n,2.0NRT,298.18,1.59,N
27.28912,73.83843,311.28,0.39,0.36,2026-06-28,2055,N20,VIIRS,n,2.0NRT,298.66,0.79,N
27.43686,67.94688,310.7,0.52,0.42,2026-06-28,2055,N20,VIIRS,n,2.0NRT,297.31,7.5,N
27.56558,68.08321,318.74,0.52,0.41,2026-06-28,2055,N20,VIIRS,n,2.0NRT,297.33,10.04,N
27.9937,68.7606,316.28,0.48,0.4,2026-06-28,2055,N20,VIIRS,n,2.0NRT,298.69,9.16,N
28.42687,69.70296,314.32,0.45,0.39,2026-06-28,2055,N20,VIIRS,n,2.0NRT,299.5,1.46,N
29.45216,76.86756,304.7,0.47,0.39,2026-06-28,2055,N20,VIIRS,n,2.0NRT,282.91,2.03,N
29.45305,76.86284,305.39,0.47,0.39,2026-06-28,2055,N20,VIIRS,n,2.0NRT,284.96,2.46,N
29.45484,76.87316,306.64,0.47,0.4,2026-06-28,2055,N20,VIIRS,n,2.0NRT,281.35,13.04,N
29.45573,76.86843,324.45,0.47,0.39,2026-06-28,2055,N20,VIIRS,n,2.0NRT,283.93,13.04,N
29.45662,76.8637,319.66,0.47,0.39,2026-06-28,2055,N20,VIIRS,n,2.0NRT,285.35,6.95,N
29.45842,76.87403,311.97,0.47,0.4,2026-06-28,2055,N20,VIIRS,n,2.0NRT,282.41,13.04,N
29.45931,76.86929,345.62,0.47,0.39,2026-06-28,2055,N20,VIIRS,n,2.0NRT,290.26,13.04,N
29.46019,76.86457,338.2,0.47,0.39,2026-06-28,2055,N20,VIIRS,n,2.0NRT,286.15,6.95,N
29.46108,76.85985,307.46,0.47,0.39,2026-06-28,2055,N20,VIIRS,n,2.0NRT,286.42,6.95,N
29.46199,76.87489,305.47,0.47,0.4,2026-06-28,2055,N20,VIIRS,n,2.0NRT,283.53,1.95,N
29.46288,76.87016,319.27,0.47,0.39,2026-06-28,2055,N20,VIIRS,n,2.0NRT,285.22,1.95,N
29.46377,76.86543,315.43,0.47,0.39,2026-06-28,2055,N20,VIIRS,n,2.0NRT,286.18,3.22,N
30.63781,73.1487,314.67,0.38,0.36,2026-06-28,2055,N20,VIIRS,n,2.0NRT,300.35,1.23,N
30.64109,73.14938,325.32,0.38,0.36,2026-06-28,2055,N20,VIIRS,n,2.0NRT,300.94,1.19,N
30.66421,72.55338,311.19,0.39,0.36,2026-06-28,2055,N20,VIIRS,n,2.0NRT,299.13,0.69,N
32.08799,74.16645,310.5,0.38,0.36,2026-06-28,2055,N20,VIIRS,n,2.0NRT,297.26,1.35,N
32.29102,70.73934,316.71,0.44,0.39,2026-06-28,2055,N20,VIIRS,n,2.0NRT,304.55,2.61,N
32.57444,72.56483,313.53,0.4,0.37,2026-06-28,2055,N20,VIIRS,n,2.0NRT,300.96,1.58,N
32.72216,72.92372,312.36,0.39,0.36,2026-06-28,2055,N20,VIIRS,n,2.0NRT,298.4,0.88,N
32.89038,71.6153,316.13,0.42,0.38,2026-06-28,2055,N20,VIIRS,n,2.0NRT,302.87,1.59,N
33.08153,74.9408,317.45,0.39,0.36,2026-06-28,2055,N20,VIIRS,n,2.0NRT,292.27,1.61,N
33.08221,74.93671,311.57,0.39,0.36,2026-06-28,2055,N20,VIIRS,n,2.0NRT,292.21,1.61,N
33.12386,74.25435,306.36,0.38,0.36,2026-06-28,2055,N20,VIIRS,n,2.0NRT,294.15,1.91,N
33.2365,71.51502,315.77,0.42,0.38,2026-06-28,2055,N20,VIIRS,n,2.0NRT,300.37,0.4,N
33.54613,71.54911,313.02,0.43,0.38,2026-06-28,2055,N20,VIIRS,n,2.0NRT,301.95,0.81,N
33.65346,73.4709,312.26,0.39,0.36,2026-06-28,2055,N20,VIIRS,n,2.0NRT,294.45,1.79,N
33.6908,72.71301,312.58,0.4,0.37,2026-06-28,2055,N20,VIIRS,n,2.0NRT,299.44,0.95,N
33.79237,73.54281,313.41,0.39,0.36,2026-06-28,2055,N20,VIIRS,n,2.0NRT,293.22,1.09,N
33.80729,73.62373,310.34,0.39,0.36,2026-06-28,2055,N20,VIIRS,n,2.0NRT,293.16,1.24,N
33.80792,73.61958,318.61,0.39,0.36,2026-06-28,2055,N20,VIIRS,n,2.0NRT,293.38,1.24,N
33.81281,73.10823,323.3,0.39,0.36,2026-06-28,2055,N20,VIIRS,n,2.0NRT,294.92,2.09,N
33.81343,73.10388,318.06,0.39,0.36,2026-06-28,2055,N20,VIIRS,n,2.0NRT,295.13,2.09,N
33.85085,72.8705,311.59,0.4,0.37,2026-06-28,2055,N20,VIIRS,n,2.0NRT,299.74,0.66,N
24.69,73.00153,307.85,0.39,0.36,2026-06-28,2057,N20,VIIRS,n,2.0NRT,288.58,0.89,N
24.82131,73.09412,312.05,0.39,0.36,2026-06-28,2057,N20,VIIRS,n,2.0NRT,291.08,1.7,N
25.38754,68.58128,312.52,0.46,0.39,2026-06-28,2057,N20,VIIRS,n,2.0NRT,297.39,1.1,N
25.86262,68.93148,308.86,0.45,0.39,2026-06-28,2057,N20,VIIRS,n,2.0NRT,297.9,0.57,N
26.09301,68.88129,309.24,0.46,0.39,2026-06-28,2057,N20,VIIRS,n,2.0NRT,298.49,1.12,N
37.03399,62.4221,307.77,0.41,0.6,2026-06-28,2233,N20,VIIRS,n,2.0NRT,289.78,4.05,N
37.03518,62.41773,310.98,0.41,0.6,2026-06-28,2233,N20,VIIRS,n,2.0NRT,289.55,3.9,N
24.90027,69.29391,338.54,0.42,0.45,2026-06-29,811,N20,VIIRS,n,2.0NRT,299.68,1.8,D
25.02911,68.85567,333.48,0.44,0.46,2026-06-29,811,N20,VIIRS,n,2.0NRT,299.29,2.55,D
25.16792,69.69753,336.89,0.39,0.44,2026-06-29,811,N20,VIIRS,n,2.0NRT,304.78,4.04,D
25.1926,68.35072,346.03,0.47,0.48,2026-06-29,811,N20,VIIRS,n,2.0NRT,300.32,5.33,D
25.19413,68.35192,339.71,0.47,0.48,2026-06-29,811,N20,VIIRS,n,2.0NRT,299.96,6.76,D
25.22724,68.31514,339.06,0.47,0.48,2026-06-29,811,N20,VIIRS,n,2.0NRT,302.4,3.96,D
25.23154,68.31409,332.82,0.47,0.48,2026-06-29,811,N20,VIIRS,n,2.0NRT,301.73,3.96,D
25.23247,68.31866,342.34,0.47,0.48,2026-06-29,811,N20,VIIRS,n,2.0NRT,301.18,7.54,D
25.90713,68.92908,334.51,0.42,0.45,2026-06-29,811,N20,VIIRS,n,2.0NRT,303.55,2.9,D
25.92689,69.26562,330.48,0.4,0.44,2026-06-29,811,N20,VIIRS,l,2.0NRT,301.12,3.53,D
25.9309,69.26466,339.78,0.4,0.44,2026-06-29,811,N20,VIIRS,n,2.0NRT,300.34,3.14,D
26.35309,68.50344,333,0.44,0.46,2026-06-29,811,N20,VIIRS,n,2.0NRT,302.43,3.51,D
27.1957,67.85563,339.31,0.46,0.47,2026-06-29,811,N20,VIIRS,n,2.0NRT,305.98,3.66,D
27.37253,77.69183,337.84,0.44,0.39,2026-06-29,811,N20,VIIRS,n,2.0NRT,300.47,2.8,D
27.37313,77.69628,338.32,0.44,0.39,2026-06-29,811,N20,VIIRS,n,2.0NRT,300.5,2.8,D
27.43064,68.25468,335.38,0.43,0.46,2026-06-29,811,N20,VIIRS,l,2.0NRT,306.21,2.63,D
27.43589,67.97658,342.37,0.45,0.47,2026-06-29,811,N20,VIIRS,n,2.0NRT,306.68,5.51,D
27.49063,68.05048,340.98,0.44,0.46,2026-06-29,811,N20,VIIRS,n,2.0NRT,306.55,4.76,D
27.50448,77.79072,341.71,0.45,0.39,2026-06-29,811,N20,VIIRS,n,2.0NRT,302.4,5.2,D
27.51905,67.93343,338.46,0.45,0.47,2026-06-29,811,N20,VIIRS,n,2.0NRT,306.01,4.88,D
27.52051,67.93629,342.07,0.45,0.47,2026-06-29,811,N20,VIIRS,n,2.0NRT,306.04,4.48,D
27.52656,68.14184,335.2,0.43,0.46,2026-06-29,811,N20,VIIRS,l,2.0NRT,306.8,3.91,D
27.61453,67.88088,344.82,0.45,0.47,2026-06-29,811,N20,VIIRS,n,2.0NRT,306.37,5.77,D
27.62969,68.15297,334.61,0.43,0.46,2026-06-29,811,N20,VIIRS,l,2.0NRT,305.81,2.09,D
27.63396,68.06557,334.15,0.44,0.46,2026-06-29,811,N20,VIIRS,l,2.0NRT,305.36,3.21,D
27.63476,67.81078,343.95,0.45,0.47,2026-06-29,811,N20,VIIRS,n,2.0NRT,305.96,6.55,D
27.67237,68.47339,339.21,0.41,0.45,2026-06-29,811,N20,VIIRS,n,2.0NRT,305.28,1.64,D
27.67982,68.57451,352.59,0.41,0.45,2026-06-29,811,N20,VIIRS,n,2.0NRT,309.06,20.43,D
27.68063,68.57858,348.96,0.41,0.45,2026-06-29,811,N20,VIIRS,n,2.0NRT,305.88,9.04,D
27.68439,68.117,341.31,0.43,0.46,2026-06-29,811,N20,VIIRS,n,2.0NRT,304.87,3.84,D
27.69435,68.51955,336.61,0.41,0.45,2026-06-29,811,N20,VIIRS,n,2.0NRT,303.92,4.13,D
27.98832,77.71915,334.33,0.45,0.39,2026-06-29,811,N20,VIIRS,n,2.0NRT,300.16,1.53,D
27.99187,77.71857,337.27,0.45,0.39,2026-06-29,811,N20,VIIRS,n,2.0NRT,299.57,1.53,D
28.08687,68.96672,335.52,0.57,0.43,2026-06-29,811,N20,VIIRS,l,2.0NRT,308.33,4.2,D
28.15204,67.65587,345.22,0.45,0.47,2026-06-29,811,N20,VIIRS,n,2.0NRT,307.88,8.16,D
28.42523,67.83016,342.13,0.44,0.46,2026-06-29,811,N20,VIIRS,n,2.0NRT,310.11,2.8,D
28.54166,68.30146,340.74,0.41,0.45,2026-06-29,811,N20,VIIRS,n,2.0NRT,309.88,3.75,D
28.65374,68.29119,342.14,0.41,0.45,2026-06-29,811,N20,VIIRS,n,2.0NRT,309.15,5.05,D
28.95647,77.07579,340.5,0.43,0.38,2026-06-29,811,N20,VIIRS,n,2.0NRT,305.29,7.81,D
29.43037,77.14738,331.75,0.44,0.38,2026-06-29,811,N20,VIIRS,l,2.0NRT,306.08,3.05,D
29.4339,77.14679,331.92,0.44,0.38,2026-06-29,811,N20,VIIRS,l,2.0NRT,306.41,3.62,D
29.45861,76.86472,340.09,0.43,0.38,2026-06-29,811,N20,VIIRS,n,2.0NRT,303.92,14.26,D
29.45919,76.86914,342.38,0.43,0.38,2026-06-29,811,N20,VIIRS,n,2.0NRT,305.16,22.37,D
29.49922,77.12321,330.36,0.44,0.38,2026-06-29,811,N20,VIIRS,l,2.0NRT,305.12,7.79,D
29.51263,76.86903,333.83,0.43,0.38,2026-06-29,811,N20,VIIRS,n,2.0NRT,301.74,1.31,D
29.56213,76.53423,337.66,0.42,0.38,2026-06-29,811,N20,VIIRS,n,2.0NRT,301.48,9.81,D
29.63977,77.04036,330.23,0.44,0.38,2026-06-29,811,N20,VIIRS,n,2.0NRT,298.97,2.78,D
29.68983,77.14781,330.15,0.44,0.39,2026-06-29,811,N20,VIIRS,l,2.0NRT,304.05,8.41,D
29.69276,77.14266,331.31,0.44,0.39,2026-06-29,811,N20,VIIRS,l,2.0NRT,304.62,6.91,D
29.71385,77.14049,331.4,0.44,0.39,2026-06-29,811,N20,VIIRS,l,2.0NRT,304.43,3.47,D
29.71738,77.13989,330.89,0.44,0.39,2026-06-29,811,N20,VIIRS,l,2.0NRT,303.88,3.47,D
29.76801,77.14068,330.15,0.44,0.39,2026-06-29,811,N20,VIIRS,l,2.0NRT,303.48,7.66,D
29.96728,76.90126,332.9,0.44,0.38,2026-06-29,811,N20,VIIRS,n,2.0NRT,299.19,1.41,D
29.98223,76.49218,337.7,0.42,0.38,2026-06-29,811,N20,VIIRS,n,2.0NRT,301.18,1.95,D
30.64123,77.80496,340.71,0.48,0.4,2026-06-29,811,N20,VIIRS,n,2.0NRT,298.25,7,D
30.77385,77.64606,335.28,0.48,0.4,2026-06-29,811,N20,VIIRS,n,2.0NRT,295.92,5.8,D
30.46711,73.83335,332.43,0.38,0.36,2026-06-29,813,N20,VIIRS,l,2.0NRT,305.45,1.25,D
30.54517,73.63347,347.84,0.38,0.36,2026-06-29,813,N20,VIIRS,n,2.0NRT,308.9,7.6,D
30.56773,73.66982,343.83,0.38,0.36,2026-06-29,813,N20,VIIRS,n,2.0NRT,307.76,4.87,D
30.66174,73.74962,335.03,0.38,0.36,2026-06-29,813,N20,VIIRS,l,2.0NRT,309.49,2.29,D
30.69216,75.7028,331.52,0.41,0.37,2026-06-29,813,N20,VIIRS,n,2.0NRT,294.84,1.99,D
30.729,73.87946,340.51,0.38,0.36,2026-06-29,813,N20,VIIRS,n,2.0NRT,310.45,27.22,D
30.73201,73.74343,335.44,0.38,0.36,2026-06-29,813,N20,VIIRS,l,2.0NRT,305.92,24.32,D
30.73789,75.17032,338.4,0.4,0.37,2026-06-29,813,N20,VIIRS,n,2.0NRT,302.6,4.96,D
30.74284,75.1567,333.53,0.4,0.37,2026-06-29,813,N20,VIIRS,n,2.0NRT,303.14,8.23,D
30.74342,75.16082,331.09,0.4,0.37,2026-06-29,813,N20,VIIRS,n,2.0NRT,300.72,6.52,D
30.76301,75.08118,334.91,0.39,0.37,2026-06-29,813,N20,VIIRS,n,2.0NRT,302.3,5.79,D
30.7636,75.08528,340.34,0.39,0.37,2026-06-29,813,N20,VIIRS,n,2.0NRT,302.95,5.79,D
30.79451,75.57784,330.46,0.4,0.37,2026-06-29,813,N20,VIIRS,n,2.0NRT,295.16,1.96,D
30.81212,74.43473,332.64,0.39,0.36,2026-06-29,813,N20,VIIRS,l,2.0NRT,303.15,1.41,D
30.8371,74.39674,334.57,0.39,0.36,2026-06-29,813,N20,VIIRS,n,2.0NRT,303.99,2.37,D
30.83769,74.40075,334.39,0.39,0.36,2026-06-29,813,N20,VIIRS,n,2.0NRT,302.84,3.01,D
30.85029,75.58045,340.72,0.4,0.37,2026-06-29,813,N20,VIIRS,n,2.0NRT,293.52,3.92,D
30.86588,75.44416,346.79,0.4,0.37,2026-06-29,813,N20,VIIRS,n,2.0NRT,299.31,5.13,D
30.87938,75.54055,333.73,0.4,0.37,2026-06-29,813,N20,VIIRS,n,2.0NRT,295.03,2.38,D
30.94601,75.34031,332.43,0.4,0.37,2026-06-29,813,N20,VIIRS,n,2.0NRT,297.41,2.31,D
30.9707,75.34423,336.39,0.4,0.37,2026-06-29,813,N20,VIIRS,n,2.0NRT,297.17,3,D
30.98192,75.2908,333.84,0.4,0.37,2026-06-29,813,N20,VIIRS,n,2.0NRT,296.85,3.73,D
31.00307,75.51877,330.19,0.4,0.37,2026-06-29,813,N20,VIIRS,n,2.0NRT,297.35,2.69,D
31.00346,75.47124,336.58,0.4,0.37,2026-06-29,813,N20,VIIRS,n,2.0NRT,298.14,2.66,D
31.01811,75.47712,338.16,0.4,0.37,2026-06-29,813,N20,VIIRS,n,2.0NRT,297.05,3.36,D
31.05009,75.45823,336.05,0.4,0.37,2026-06-29,813,N20,VIIRS,n,2.0NRT,298.04,5.28,D
31.09241,75.30525,335.73,0.4,0.37,2026-06-29,813,N20,VIIRS,n,2.0NRT,296.02,2.65,D
31.09334,75.44582,333.27,0.4,0.37,2026-06-29,813,N20,VIIRS,n,2.0NRT,296.12,3.62,D
31.09393,75.45003,335.42,0.4,0.37,2026-06-29,813,N20,VIIRS,n,2.0NRT,294.84,3.62,D
31.10908,75.27641,336.35,0.4,0.37,2026-06-29,813,N20,VIIRS,n,2.0NRT,296.44,4.01,D
31.10934,75.32779,341.43,0.4,0.37,2026-06-29,813,N20,VIIRS,n,2.0NRT,294.7,4.3,D
31.11522,75.27098,336.38,0.4,0.37,2026-06-29,813,N20,VIIRS,n,2.0NRT,295.82,3.69,D
31.1158,75.27515,337.49,0.4,0.37,2026-06-29,813,N20,VIIRS,n,2.0NRT,297.94,3.69,D
31.11916,75.27452,341.21,0.4,0.37,2026-06-29,813,N20,VIIRS,n,2.0NRT,294.77,3.69,D
31.1196,75.25305,335.61,0.4,0.37,2026-06-29,813,N20,VIIRS,n,2.0NRT,294.17,2.39,D
31.12704,75.28159,336.42,0.4,0.37,2026-06-29,813,N20,VIIRS,n,2.0NRT,294.73,2.82,D
31.12763,75.28577,330.79,0.4,0.37,2026-06-29,813,N20,VIIRS,n,2.0NRT,294.08,2.1,D
31.13099,75.28513,347.68,0.4,0.37,2026-06-29,813,N20,VIIRS,n,2.0NRT,298.13,6.74,D
31.13508,75.31436,339.45,0.4,0.37,2026-06-29,813,N20,VIIRS,n,2.0NRT,297.96,5.77,D
31.13844,75.31373,340.2,0.4,0.37,2026-06-29,813,N20,VIIRS,n,2.0NRT,297.45,5.77,D
31.16578,75.48529,334.33,0.4,0.37,2026-06-29,813,N20,VIIRS,n,2.0NRT,282.1,7.25,D
31.21476,75.3818,334.44,0.4,0.37,2026-06-29,813,N20,VIIRS,n,2.0NRT,292.07,3.72,D
31.21498,75.30859,335.02,0.4,0.37,2026-06-29,813,N20,VIIRS,n,2.0NRT,293.41,4,D
31.27248,75.3494,336.02,0.4,0.37,2026-06-29,813,N20,VIIRS,n,2.0NRT,290.31,3.06,D
31.33073,75.36116,344.74,0.4,0.37,2026-06-29,813,N20,VIIRS,n,2.0NRT,295.21,7.04,D
31.36466,75.65977,335.88,0.41,0.37,2026-06-29,813,N20,VIIRS,n,2.0NRT,294.49,1.94,D
31.36937,75.24185,331.89,0.4,0.37,2026-06-29,813,N20,VIIRS,n,2.0NRT,295.23,3.38,D
31.3792,75.28734,345.09,0.4,0.37,2026-06-29,813,N20,VIIRS,n,2.0NRT,295.04,7.06,D
31.40665,75.1282,335.65,0.4,0.37,2026-06-29,813,N20,VIIRS,n,2.0NRT,298.19,2.74,D
31.44979,75.59219,338.94,0.41,0.37,2026-06-29,813,N20,VIIRS,n,2.0NRT,290.83,4.41,D
31.60449,75.22424,339.95,0.4,0.37,2026-06-29,813,N20,VIIRS,n,2.0NRT,286.18,5,D
31.84985,74.10324,334.19,0.39,0.36,2026-06-29,813,N20,VIIRS,l,2.0NRT,305.39,2.49,D
31.86632,74.00806,342.96,0.39,0.36,2026-06-29,813,N20,VIIRS,n,2.0NRT,303,2.73,D
31.91146,73.96941,331.19,0.39,0.36,2026-06-29,813,N20,VIIRS,l,2.0NRT,304.39,2.46,D
32.36359,74.06447,342.57,0.39,0.36,2026-06-29,813,N20,VIIRS,n,2.0NRT,302.08,6.61,D
32.42097,74.41264,334.52,0.39,0.36,2026-06-29,813,N20,VIIRS,n,2.0NRT,300.33,2.35,D
32.51177,62.2138,341.05,0.37,0.58,2026-06-29,813,N20,VIIRS,l,2.0NRT,313.37,3.78,D
33.0019,73.51078,336.94,0.38,0.36,2026-06-29,813,N20,VIIRS,n,2.0NRT,306.43,2.59,D
33.15618,75.57987,334.3,0.42,0.38,2026-06-29,813,N20,VIIRS,l,2.0NRT,305.87,2.24,D
33.67477,73.4654,332.53,0.39,0.36,2026-06-29,813,N20,VIIRS,l,2.0NRT,303.79,2.31,D
33.67538,73.46956,333.44,0.39,0.36,2026-06-29,813,N20,VIIRS,n,2.0NRT,303.09,2.31,D
33.80302,73.62162,337.42,0.39,0.36,2026-06-29,813,N20,VIIRS,n,2.0NRT,300.68,2.92,D
33.81991,73.18478,336.41,0.38,0.36,2026-06-29,813,N20,VIIRS,n,2.0NRT,301.54,3.75,D
33.82319,73.18408,335.8,0.38,0.36,2026-06-29,813,N20,VIIRS,n,2.0NRT,301.72,3.75,D
33.82381,73.18821,334.04,0.38,0.36,2026-06-29,813,N20,VIIRS,n,2.0NRT,300.31,5.67,D
34.14285,72.73701,346.73,0.38,0.36,2026-06-29,813,N20,VIIRS,n,2.0NRT,309.55,3.11,D
34.14348,72.74113,337.15,0.38,0.36,2026-06-29,813,N20,VIIRS,l,2.0NRT,309.25,3.11,D
34.14613,72.73627,335.71,0.38,0.36,2026-06-29,813,N20,VIIRS,l,2.0NRT,308.19,3.16,D
34.26955,72.98764,340.9,0.38,0.36,2026-06-29,813,N20,VIIRS,n,2.0NRT,310.59,4.75,D
34.27018,72.99179,336.11,0.38,0.36,2026-06-29,813,N20,VIIRS,l,2.0NRT,307.27,2.21,D
34.32576,73.00071,336.75,0.38,0.36,2026-06-29,813,N20,VIIRS,n,2.0NRT,305.63,1.87,D
34.35698,72.25026,338.57,0.39,0.36,2026-06-29,813,N20,VIIRS,l,2.0NRT,311.85,3.91,D
34.48927,71.49901,351.27,0.39,0.36,2026-06-29,813,N20,VIIRS,l,2.0NRT,319.3,11.24,D
34.52939,72.41795,337.22,0.38,0.36,2026-06-29,813,N20,VIIRS,l,2.0NRT,308.27,3.14,D
34.53139,72.40899,339.36,0.38,0.36,2026-06-29,813,N20,VIIRS,l,2.0NRT,311.41,4.07,D
34.53267,72.41722,348.66,0.38,0.36,2026-06-29,813,N20,VIIRS,n,2.0NRT,309.66,3.64,D
34.54123,72.40675,334.57,0.38,0.36,2026-06-29,813,N20,VIIRS,l,2.0NRT,306.63,1.88,D
34.54187,72.41087,339.76,0.38,0.36,2026-06-29,813,N20,VIIRS,n,2.0NRT,306.97,2.02,D
34.54251,72.41499,337.33,0.38,0.36,2026-06-29,813,N20,VIIRS,n,2.0NRT,307.28,2.02,D
34.61839,72.11511,347.57,0.39,0.36,2026-06-29,813,N20,VIIRS,l,2.0NRT,315.51,8.81,D
34.62291,72.44933,338.35,0.38,0.36,2026-06-29,813,N20,VIIRS,l,2.0NRT,310.07,4.78,D
34.65451,71.84813,346.64,0.39,0.36,2026-06-29,813,N20,VIIRS,n,2.0NRT,312.53,4.72,D
34.65714,71.84329,344.07,0.39,0.36,2026-06-29,813,N20,VIIRS,n,2.0NRT,312.73,4.72,D
34.66043,71.84253,339.27,0.39,0.36,2026-06-29,813,N20,VIIRS,l,2.0NRT,310.62,4.31,D
34.73501,72.33866,340.22,0.38,0.36,2026-06-29,813,N20,VIIRS,l,2.0NRT,311.81,3.7,D
37.03113,62.41813,338.61,0.57,0.52,2026-06-29,816,N20,VIIRS,n,2.0NRT,305.55,13.56,D
32.57648,72.56424,313.23,0.41,0.45,2026-06-29,2036,N20,VIIRS,n,2.0NRT,300.18,1.93,N
33.8824,73.08205,311.23,0.4,0.44,2026-06-29,2036,N20,VIIRS,n,2.0NRT,293.41,1.6,N
34.15066,72.84273,308.26,0.41,0.45,2026-06-29,2036,N20,VIIRS,n,2.0NRT,297.08,2.24,N
34.15115,72.83798,310.08,0.41,0.45,2026-06-29,2036,N20,VIIRS,n,2.0NRT,296.82,2.24,N
34.16232,73.01072,310.28,0.4,0.44,2026-06-29,2036,N20,VIIRS,n,2.0NRT,296.48,0.82,N
34.36092,72.24421,324.36,0.44,0.46,2026-06-29,2036,N20,VIIRS,n,2.0NRT,298.68,3.16,N
34.39951,72.75102,305.52,0.42,0.45,2026-06-29,2036,N20,VIIRS,n,2.0NRT,294.66,1.92,N
34.44191,71.73376,315.78,0.48,0.48,2026-06-29,2036,N20,VIIRS,n,2.0NRT,298.97,1.83,N
34.44524,71.74036,319.48,0.48,0.48,2026-06-29,2036,N20,VIIRS,n,2.0NRT,299.06,2.66,N
34.44567,71.73568,324.72,0.48,0.48,2026-06-29,2036,N20,VIIRS,n,2.0NRT,299.27,2.66,N
34.44584,71.73933,321.23,0.48,0.48,2026-06-29,2036,N20,VIIRS,n,2.0NRT,299.14,3.43,N
34.44628,71.73473,314.96,0.48,0.48,2026-06-29,2036,N20,VIIRS,n,2.0NRT,298.87,3.77,N
34.4465,71.72675,320.62,0.48,0.48,2026-06-29,2036,N20,VIIRS,n,2.0NRT,298.76,3.75,N
34.44696,71.7217,330.23,0.48,0.48,2026-06-29,2036,N20,VIIRS,n,2.0NRT,298.68,4.9,N
34.44717,71.72562,325.38,0.48,0.48,2026-06-29,2036,N20,VIIRS,n,2.0NRT,298.64,3.59,N
34.44769,71.72034,328.06,0.48,0.48,2026-06-29,2036,N20,VIIRS,n,2.0NRT,298.24,3.59,N
34.45092,71.72716,334.1,0.48,0.48,2026-06-29,2036,N20,VIIRS,n,2.0NRT,299.37,3.75,N
34.4514,71.72187,331.77,0.48,0.48,2026-06-29,2036,N20,VIIRS,n,2.0NRT,298.4,4.9,N
34.45161,71.72595,339.11,0.48,0.48,2026-06-29,2036,N20,VIIRS,n,2.0NRT,298.84,3.59,N
34.45214,71.72047,322.42,0.48,0.48,2026-06-29,2036,N20,VIIRS,n,2.0NRT,298.31,3.59,N
34.45393,71.74306,324.49,0.48,0.48,2026-06-29,2036,N20,VIIRS,n,2.0NRT,298.77,4.37,N
34.45452,71.74184,323.88,0.48,0.48,2026-06-29,2036,N20,VIIRS,n,2.0NRT,298.91,4.08,N
34.45537,71.72734,313.53,0.48,0.48,2026-06-29,2036,N20,VIIRS,n,2.0NRT,298.4,1.82,N
34.52773,72.41396,313.74,0.44,0.46,2026-06-29,2036,N20,VIIRS,n,2.0NRT,296.35,4.54,N
34.65512,69.07144,299.11,0.34,0.56,2026-06-29,2036,N20,VIIRS,n,2.0NRT,288.31,0.27,N
34.66355,71.83246,310.81,0.47,0.48,2026-06-29,2036,N20,VIIRS,n,2.0NRT,296.82,2.06,N
34.6638,71.83157,311.64,0.47,0.48,2026-06-29,2036,N20,VIIRS,n,2.0NRT,296.86,3.87,N
34.66396,71.82797,308.25,0.47,0.48,2026-06-29,2036,N20,VIIRS,n,2.0NRT,296.33,2.06,N
34.69283,72.77628,325.66,0.42,0.45,2026-06-29,2036,N20,VIIRS,n,2.0NRT,293.79,2.82,N
35.1276,70.98561,329.08,0.54,0.5,2026-06-29,2036,N20,VIIRS,n,2.0NRT,291.4,3.77,N
35.96906,68.6861,302.98,0.37,0.58,2026-06-29,2036,N20,VIIRS,n,2.0NRT,291.92,0.66,N
25.05111,67.49397,305.45,0.33,0.55,2026-06-29,2038,N20,VIIRS,n,2.0NRT,294.52,2.12,N
26.27007,74.19006,305.5,0.44,0.38,2026-06-29,2038,N20,VIIRS,n,2.0NRT,285.64,2.36,N
27.28742,73.84115,307.66,0.46,0.39,2026-06-29,2038,N20,VIIRS,n,2.0NRT,295.17,0.79,N
27.37408,77.69536,330.46,0.38,0.36,2026-06-29,2038,N20,VIIRS,n,2.0NRT,291.68,5.35,N
27.37469,77.69151,314.66,0.38,0.36,2026-06-29,2038,N20,VIIRS,n,2.0NRT,292.13,5.27,N
27.53733,68.17243,316.73,0.32,0.55,2026-06-29,2038,N20,VIIRS,n,2.0NRT,297.84,1.41,N
27.53839,68.17104,319.94,0.32,0.55,2026-06-29,2038,N20,VIIRS,n,2.0NRT,297.33,1.54,N
27.66994,76.12849,309.83,0.39,0.37,2026-06-29,2038,N20,VIIRS,n,2.0NRT,297.39,4.97,N
27.93432,77.0992,309.07,0.38,0.36,2026-06-29,2038,N20,VIIRS,n,2.0NRT,295.03,2.66,N
28.00378,67.9247,325.5,0.34,0.56,2026-06-29,2038,N20,VIIRS,n,2.0NRT,295.51,1.48,N
29.77602,71.99148,316.81,0.41,0.45,2026-06-29,2038,N20,VIIRS,n,2.0NRT,300.23,1,N
30.5059,72.91659,318.82,0.55,0.43,2026-06-29,2038,N20,VIIRS,n,2.0NRT,298.2,1.59,N
36.47916,61.62444,303.93,0.43,0.46,2026-06-29,2216,N20,VIIRS,n,2.0NRT,291.13,1.71,N
36.49429,60.88346,305.75,0.39,0.44,2026-06-29,2216,N20,VIIRS,n,2.0NRT,290.43,0.69,N
37.03043,62.41825,302.24,0.46,0.47,2026-06-29,2216,N20,VIIRS,n,2.0NRT,291.05,4.42,N
37.03461,62.41972,323.02,0.46,0.47,2026-06-29,2216,N20,VIIRS,n,2.0NRT,292.4,4.42,N
28.51747,68.34234,316.95,0.79,0.78,2026-06-29,2218,N20,VIIRS,n,2.0NRT,292.62,5.02,N
23.64185,68.56203,340.02,0.48,0.65,2026-06-30,752,N20,VIIRS,n,2.0NRT,296.87,7.53,D
23.7229,70.90539,367,0.34,0.56,2026-06-30,752,N20,VIIRS,h,2.0NRT,293.38,6.05,D
27.43985,68.07401,332.8,0.42,0.61,2026-06-30,754,N20,VIIRS,n,2.0NRT,301.65,1.39,D
27.52801,67.86971,342.97,0.43,0.62,2026-06-30,754,N20,VIIRS,n,2.0NRT,300.87,3.54,D
27.62436,68.26617,332.17,0.41,0.61,2026-06-30,754,N20,VIIRS,l,2.0NRT,303.51,2.43,D
27.6347,67.65894,337.55,0.44,0.63,2026-06-30,754,N20,VIIRS,n,2.0NRT,300.46,4.68,D
27.6381,68.10531,331.87,0.42,0.61,2026-06-30,754,N20,VIIRS,n,2.0NRT,301.69,2.49,D
27.66946,68.09317,343.54,0.42,0.61,2026-06-30,754,N20,VIIRS,n,2.0NRT,302.39,3.74,D
27.6708,68.09539,337.52,0.42,0.61,2026-06-30,754,N20,VIIRS,n,2.0NRT,301.49,4.58,D
27.77045,68.1978,331.88,0.41,0.61,2026-06-30,754,N20,VIIRS,n,2.0NRT,301.71,1.95,D
28.00611,69.55173,338.47,0.34,0.56,2026-06-30,754,N20,VIIRS,n,2.0NRT,301.51,2.63,D
28.00745,69.55144,341.01,0.34,0.56,2026-06-30,754,N20,VIIRS,n,2.0NRT,302.06,3.47,D
28.21363,68.18472,335.08,0.4,0.6,2026-06-30,754,N20,VIIRS,n,2.0NRT,302.11,2.39,D
29.44699,71.56293,335.58,0.48,0.48,2026-06-30,754,N20,VIIRS,l,2.0NRT,305.93,3.72,D
29.44791,71.56486,333.3,0.48,0.48,2026-06-30,754,N20,VIIRS,l,2.0NRT,305.56,2.07,D
29.46995,71.41042,332.24,0.48,0.48,2026-06-30,754,N20,VIIRS,l,2.0NRT,305.12,2.52,D
29.48452,71.87521,332.62,0.46,0.47,2026-06-30,754,N20,VIIRS,l,2.0NRT,304.46,2.52,D
29.48591,71.86026,342.66,0.46,0.47,2026-06-30,754,N20,VIIRS,n,2.0NRT,305.73,7.93,D
29.5121,71.84515,330.18,0.46,0.47,2026-06-30,754,N20,VIIRS,l,2.0NRT,303.23,1.18,D
29.51507,71.73154,349.33,0.46,0.47,2026-06-30,754,N20,VIIRS,n,2.0NRT,306.7,12.7,D
29.52262,71.95821,333.6,0.45,0.47,2026-06-30,754,N20,VIIRS,l,2.0NRT,303.88,2.9,D
29.52346,71.95636,332.73,0.45,0.47,2026-06-30,754,N20,VIIRS,l,2.0NRT,304.25,2.9,D
29.52551,71.80247,332.36,0.46,0.47,2026-06-30,754,N20,VIIRS,l,2.0NRT,304.49,1.41,D
29.53521,71.84862,347.93,0.46,0.47,2026-06-30,754,N20,VIIRS,n,2.0NRT,304.73,6.32,D
29.55271,71.86814,331.22,0.45,0.47,2026-06-30,754,N20,VIIRS,l,2.0NRT,305.73,3.01,D
29.55367,71.87273,335.83,0.45,0.47,2026-06-30,754,N20,VIIRS,n,2.0NRT,304.76,2.72,D
29.55713,71.80362,332.36,0.46,0.47,2026-06-30,754,N20,VIIRS,l,2.0NRT,304.69,2.59,D
29.56138,71.80247,338.35,0.46,0.47,2026-06-30,754,N20,VIIRS,n,2.0NRT,305.16,2.59,D
29.56266,71.89447,333.2,0.45,0.47,2026-06-30,754,N20,VIIRS,l,2.0NRT,303.41,2.64,D
29.5718,72.00224,333.24,0.45,0.47,2026-06-30,754,N20,VIIRS,l,2.0NRT,304.2,2.1,D
29.58162,72.07065,332.36,0.44,0.46,2026-06-30,754,N20,VIIRS,l,2.0NRT,304.08,2.13,D
29.5858,72.06953,330.63,0.44,0.46,2026-06-30,754,N20,VIIRS,l,2.0NRT,304.94,4.54,D
29.58673,72.07399,345.42,0.44,0.46,2026-06-30,754,N20,VIIRS,n,2.0NRT,305.63,7.27,D
29.60097,72.1638,336.27,0.44,0.46,2026-06-30,754,N20,VIIRS,n,2.0NRT,304.33,4.4,D
29.60891,72.28635,339.75,0.43,0.46,2026-06-30,754,N20,VIIRS,n,2.0NRT,303.54,1.85,D
29.61797,72.18246,342.74,0.44,0.46,2026-06-30,754,N20,VIIRS,n,2.0NRT,304.55,5.62,D
29.63553,72.35215,337.19,0.43,0.46,2026-06-30,754,N20,VIIRS,n,2.0NRT,304.74,4.38,D
29.65866,72.42271,343.65,0.42,0.45,2026-06-30,754,N20,VIIRS,n,2.0NRT,303.77,3.8,D
29.65899,72.3186,347.93,0.43,0.46,2026-06-30,754,N20,VIIRS,n,2.0NRT,305.71,11.24,D
29.6631,72.3175,350.71,0.43,0.46,2026-06-30,754,N20,VIIRS,n,2.0NRT,305.72,7.54,D
29.67262,71.91496,340.91,0.45,0.47,2026-06-30,754,N20,VIIRS,n,2.0NRT,303.92,4.53,D
29.67598,72.35946,337.87,0.42,0.46,2026-06-30,754,N20,VIIRS,n,2.0NRT,304.27,2.66,D
29.68479,72.33896,337.15,0.43,0.46,2026-06-30,754,N20,VIIRS,n,2.0NRT,304.49,2.77,D
29.69126,72.32815,349.42,0.43,0.46,2026-06-30,754,N20,VIIRS,n,2.0NRT,303.69,5.64,D
29.69234,72.09447,341.72,0.44,0.46,2026-06-30,754,N20,VIIRS,n,2.0NRT,303.06,3.15,D
29.6992,72.14857,333.32,0.44,0.46,2026-06-30,754,N20,VIIRS,l,2.0NRT,304.7,2.95,D
29.70768,72.32372,333.52,0.43,0.46,2026-06-30,754,N20,VIIRS,l,2.0NRT,304.32,3.02,D
29.71042,72.03314,338.92,0.44,0.46,2026-06-30,754,N20,VIIRS,n,2.0NRT,303.39,3.29,D
29.73546,72.02637,333.47,0.44,0.46,2026-06-30,754,N20,VIIRS,l,2.0NRT,303.83,1.54,D
29.73963,72.02522,332.45,0.44,0.46,2026-06-30,754,N20,VIIRS,l,2.0NRT,303.84,2.07,D
29.74115,71.96795,334.47,0.45,0.47,2026-06-30,754,N20,VIIRS,n,2.0NRT,302.33,1.69,D
29.7447,72.55114,337.54,0.41,0.45,2026-06-30,754,N20,VIIRS,n,2.0NRT,302.26,2.82,D
29.74553,72.55531,332.54,0.41,0.45,2026-06-30,754,N20,VIIRS,l,2.0NRT,302.75,2.82,D
29.7499,72.49812,343.38,0.42,0.45,2026-06-30,754,N20,VIIRS,n,2.0NRT,303.39,7.14,D
29.75781,72.41129,333.62,0.42,0.45,2026-06-30,754,N20,VIIRS,n,2.0NRT,302.97,1.63,D
29.758,72.61779,343.36,0.41,0.45,2026-06-30,754,N20,VIIRS,n,2.0NRT,303.33,6.68,D
29.76129,72.42828,342.83,0.42,0.45,2026-06-30,754,N20,VIIRS,n,2.0NRT,304.45,11.32,D
29.76204,72.61671,336.42,0.41,0.45,2026-06-30,754,N20,VIIRS,n,2.0NRT,302.76,6.68,D
29.76715,72.68501,339.09,0.41,0.45,2026-06-30,754,N20,VIIRS,n,2.0NRT,302.47,3.01,D
29.76797,72.68912,332.34,0.41,0.45,2026-06-30,754,N20,VIIRS,n,2.0NRT,301.52,3.01,D
29.76799,71.34488,339.42,0.48,0.48,2026-06-30,754,N20,VIIRS,n,2.0NRT,304.65,2.05,D
29.7695,72.36317,334.81,0.42,0.45,2026-06-30,754,N20,VIIRS,n,2.0NRT,304.24,2.94,D
29.76954,72.67571,331.12,0.41,0.45,2026-06-30,754,N20,VIIRS,l,2.0NRT,303.08,2.92,D
29.77279,72.50533,342.98,0.41,0.45,2026-06-30,754,N20,VIIRS,n,2.0NRT,304.03,4.35,D
29.77365,72.50953,338.69,0.41,0.45,2026-06-30,754,N20,VIIRS,n,2.0NRT,303.49,4.43,D
29.78131,72.4631,341.49,0.42,0.45,2026-06-30,754,N20,VIIRS,n,2.0NRT,302.88,3.44,D
29.7825,71.99965,330.27,0.44,0.46,2026-06-30,754,N20,VIIRS,l,2.0NRT,303.66,2.24,D
29.78325,72.49369,334.18,0.42,0.45,2026-06-30,754,N20,VIIRS,n,2.0NRT,304.18,4.24,D
29.78411,72.49789,342.7,0.42,0.45,2026-06-30,754,N20,VIIRS,n,2.0NRT,302.78,4.18,D
29.79307,72.20188,333.24,0.43,0.46,2026-06-30,754,N20,VIIRS,l,2.0NRT,304.27,1.98,D
29.79399,72.20165,332.85,0.43,0.46,2026-06-30,754,N20,VIIRS,l,2.0NRT,304.08,1.95,D
29.80324,72.29523,345.32,0.43,0.46,2026-06-30,754,N20,VIIRS,n,2.0NRT,304.5,8.92,D
29.80978,72.45551,352.82,0.42,0.45,2026-06-30,754,N20,VIIRS,n,2.0NRT,306.59,11.93,D
29.82632,72.25255,336.47,0.43,0.46,2026-06-30,754,N20,VIIRS,n,2.0NRT,303.9,1.79,D
29.8328,72.09392,343.43,0.44,0.46,2026-06-30,754,N20,VIIRS,n,2.0NRT,304.92,5.82,D
29.84225,72.01171,342.64,0.44,0.46,2026-06-30,754,N20,VIIRS,n,2.0NRT,303.99,6.33,D
29.84317,72.01617,343.01,0.44,0.46,2026-06-30,754,N20,VIIRS,n,2.0NRT,303.21,7.17,D
29.84642,72.01057,343.31,0.44,0.46,2026-06-30,754,N20,VIIRS,n,2.0NRT,304.7,7.57,D
29.84733,72.01504,342.39,0.44,0.46,2026-06-30,754,N20,VIIRS,n,2.0NRT,303.04,5.22,D
29.85077,72.28694,337.19,0.42,0.46,2026-06-30,754,N20,VIIRS,n,2.0NRT,305.09,2.48,D
29.85102,71.63005,333.29,0.46,0.47,2026-06-30,754,N20,VIIRS,l,2.0NRT,303.32,1.73,D
29.85783,72.3213,332.68,0.42,0.45,2026-06-30,754,N20,VIIRS,l,2.0NRT,305.18,2.74,D
29.86021,72.03504,345.17,0.44,0.46,2026-06-30,754,N20,VIIRS,n,2.0NRT,306.79,12.47,D
29.86336,72.43205,332.67,0.42,0.45,2026-06-30,754,N20,VIIRS,l,2.0NRT,305.45,1.7,D
29.87274,72.33087,334.59,0.42,0.45,2026-06-30,754,N20,VIIRS,n,2.0NRT,304.26,3.04,D
29.87483,72.50879,345.21,0.41,0.45,2026-06-30,754,N20,VIIRS,n,2.0NRT,304.62,5.18,D
29.8751,72.61385,347.86,0.41,0.45,2026-06-30,754,N20,VIIRS,n,2.0NRT,304.16,5.23,D
29.87536,72.21645,330.65,0.43,0.46,2026-06-30,754,N20,VIIRS,l,2.0NRT,303.94,2.2,D
29.87568,72.61405,347.63,0.41,0.45,2026-06-30,754,N20,VIIRS,n,2.0NRT,304.4,8.07,D
29.87858,72.33833,332.07,0.42,0.45,2026-06-30,754,N20,VIIRS,l,2.0NRT,303.59,2.13,D
29.87885,72.16953,351.79,0.43,0.46,2026-06-30,754,N20,VIIRS,n,2.0NRT,303.99,5.42,D
29.88295,72.58999,344.93,0.41,0.45,2026-06-30,754,N20,VIIRS,n,2.0NRT,303.46,3.28,D
29.88418,72.47093,343,0.41,0.45,2026-06-30,754,N20,VIIRS,n,2.0NRT,304.52,13.31,D
29.89951,71.48874,335.16,0.47,0.48,2026-06-30,754,N20,VIIRS,n,2.0NRT,304.17,3.08,D
29.89977,71.55383,332.7,0.47,0.47,2026-06-30,754,N20,VIIRS,l,2.0NRT,305.26,1.83,D
29.90565,72.19448,344.59,0.43,0.46,2026-06-30,754,N20,VIIRS,n,2.0NRT,303.66,5.91,D
29.90644,72.19144,344.26,0.43,0.46,2026-06-30,754,N20,VIIRS,n,2.0NRT,305.91,5.44,D
29.90881,71.42549,332.83,0.47,0.48,2026-06-30,754,N20,VIIRS,l,2.0NRT,305.33,1.65,D
29.92043,71.35086,349.83,0.48,0.48,2026-06-30,754,N20,VIIRS,n,2.0NRT,305.94,6.88,D
29.9229,72.64027,332.21,0.41,0.45,2026-06-30,754,N20,VIIRS,l,2.0NRT,303.85,2.95,D
29.93269,72.12906,333.48,0.43,0.46,2026-06-30,754,N20,VIIRS,l,2.0NRT,304.08,2.27,D
29.93363,71.56439,331.78,0.46,0.47,2026-06-30,754,N20,VIIRS,l,2.0NRT,303.69,1.34,D
29.94769,72.03194,333.74,0.44,0.46,2026-06-30,754,N20,VIIRS,l,2.0NRT,306.33,2.54,D
29.94845,72.28951,334.5,0.42,0.45,2026-06-30,754,N20,VIIRS,l,2.0NRT,304.99,2.4,D
29.9486,72.03638,332.99,0.44,0.46,2026-06-30,754,N20,VIIRS,l,2.0NRT,304.47,2.3,D
29.94887,72.6852,332.77,0.4,0.44,2026-06-30,754,N20,VIIRS,l,2.0NRT,302.99,3.46,D
29.95131,71.51953,338.93,0.47,0.48,2026-06-30,754,N20,VIIRS,n,2.0NRT,305.21,5.04,D
29.96071,72.11684,334.79,0.43,0.46,2026-06-30,754,N20,VIIRS,n,2.0NRT,303.18,0.97,D
29.96274,72.25388,339.23,0.42,0.46,2026-06-30,754,N20,VIIRS,n,2.0NRT,305.06,3.06,D
29.97271,72.94971,339.36,0.39,0.44,2026-06-30,754,N20,VIIRS,n,2.0NRT,300.88,3.98,D
29.97745,72.95262,331.26,0.39,0.44,2026-06-30,754,N20,VIIRS,l,2.0NRT,302.64,3.14,D
29.97971,72.35769,341.9,0.42,0.45,2026-06-30,754,N20,VIIRS,n,2.0NRT,302.66,2.4,D
29.98061,72.59014,347.91,0.41,0.45,2026-06-30,754,N20,VIIRS,n,2.0NRT,305.02,4.45,D
29.98065,72.59138,345.41,0.41,0.45,2026-06-30,754,N20,VIIRS,n,2.0NRT,305.41,5.35,D
29.98464,72.58907,333.62,0.41,0.45,2026-06-30,754,N20,VIIRS,n,2.0NRT,303.3,4.45,D
29.98467,72.59032,345,0.41,0.45,2026-06-30,754,N20,VIIRS,n,2.0NRT,303.61,5.35,D
29.98478,71.47781,332.97,0.47,0.48,2026-06-30,754,N20,VIIRS,l,2.0NRT,305.54,1.42,D
29.98745,71.51948,333.45,0.47,0.47,2026-06-30,754,N20,VIIRS,l,2.0NRT,306.03,4.47,D
29.98998,72.55405,330.5,0.41,0.45,2026-06-30,754,N20,VIIRS,l,2.0NRT,303.29,3.35,D
29.98999,72.80665,330.04,0.4,0.44,2026-06-30,754,N20,VIIRS,l,2.0NRT,301.98,1.39,D
29.99391,72.38518,338.45,0.42,0.45,2026-06-30,754,N20,VIIRS,n,2.0NRT,304.05,2.13,D
29.99401,72.55297,338.44,0.41,0.45,2026-06-30,754,N20,VIIRS,n,2.0NRT,304.49,3.35,D
29.99415,72.40741,330.92,0.42,0.45,2026-06-30,754,N20,VIIRS,l,2.0NRT,304.72,2.79,D
29.99458,71.45999,342.34,0.47,0.48,2026-06-30,754,N20,VIIRS,n,2.0NRT,304.33,6,D
29.99927,72.59946,331.5,0.41,0.45,2026-06-30,754,N20,VIIRS,l,2.0NRT,303.47,1.96,D
30.00011,72.60357,332.86,0.41,0.45,2026-06-30,754,N20,VIIRS,l,2.0NRT,304.18,1.96,D
30.01953,72.61575,334.3,0.4,0.45,2026-06-30,754,N20,VIIRS,n,2.0NRT,303.31,2.68,D
30.02037,72.61986,334.87,0.4,0.45,2026-06-30,754,N20,VIIRS,n,2.0NRT,303,2.49,D
30.02496,72.39023,344.88,0.42,0.45,2026-06-30,754,N20,VIIRS,n,2.0NRT,303.33,4.3,D
30.03516,72.54637,330.52,0.41,0.45,2026-06-30,754,N20,VIIRS,l,2.0NRT,303.81,1.26,D
30.03896,71.56264,336.99,0.46,0.47,2026-06-30,754,N20,VIIRS,n,2.0NRT,306.12,2.33,D
30.04907,71.52502,336.2,0.46,0.47,2026-06-30,754,N20,VIIRS,n,2.0NRT,305.2,3.51,D
30.05302,72.71871,332.79,0.4,0.44,2026-06-30,754,N20,VIIRS,l,2.0NRT,303.25,1.34,D
30.06854,72.60703,337.44,0.4,0.45,2026-06-30,754,N20,VIIRS,n,2.0NRT,302.79,1.86,D
30.06991,71.4461,339.12,0.47,0.48,2026-06-30,754,N20,VIIRS,n,2.0NRT,304.95,3.04,D
30.07266,71.44325,332.78,0.47,0.48,2026-06-30,754,N20,VIIRS,l,2.0NRT,304.85,4.07,D
30.09073,72.57146,340.75,0.41,0.45,2026-06-30,754,N20,VIIRS,n,2.0NRT,304.81,3.59,D
30.09091,72.57069,341.62,0.41,0.45,2026-06-30,754,N20,VIIRS,n,2.0NRT,304.5,2.41,D
30.09871,72.94653,333.27,0.39,0.44,2026-06-30,754,N20,VIIRS,n,2.0NRT,300.73,1.61,D
30.10256,73.02804,355.73,0.38,0.43,2026-06-30,754,N20,VIIRS,n,2.0NRT,303.23,9.92,D
30.10589,71.98746,335.79,0.44,0.46,2026-06-30,754,N20,VIIRS,n,2.0NRT,304.29,2.47,D
30.10596,72.56306,337.48,0.41,0.45,2026-06-30,754,N20,VIIRS,n,2.0NRT,304.59,2.4,D
30.10886,72.68251,343.74,0.4,0.44,2026-06-30,754,N20,VIIRS,n,2.0NRT,304.22,4.45,D
30.10935,72.68296,344.27,0.4,0.44,2026-06-30,754,N20,VIIRS,n,2.0NRT,304.44,2.7,D
30.112,73.01324,335.02,0.38,0.43,2026-06-30,754,N20,VIIRS,n,2.0NRT,301.95,1.82,D
30.12004,72.6113,343.74,0.4,0.44,2026-06-30,754,N20,VIIRS,n,2.0NRT,305.17,7.28,D
30.12118,72.65838,344.14,0.4,0.44,2026-06-30,754,N20,VIIRS,n,2.0NRT,304.82,3.67,D
30.13659,72.90748,334.96,0.39,0.44,2026-06-30,754,N20,VIIRS,n,2.0NRT,303.56,2.46,D
30.13848,72.74344,343.99,0.4,0.44,2026-06-30,754,N20,VIIRS,n,2.0NRT,304.02,4.55,D
30.14552,72.35873,349.79,0.42,0.45,2026-06-30,754,N20,VIIRS,n,2.0NRT,306.33,10.41,D
30.14559,71.58934,332.53,0.46,0.47,2026-06-30,754,N20,VIIRS,l,2.0NRT,304.85,2.09,D
30.15203,71.95612,337.17,0.44,0.46,2026-06-30,754,N20,VIIRS,n,2.0NRT,302.43,2.16,D
30.15363,72.46283,332.95,0.41,0.45,2026-06-30,754,N20,VIIRS,n,2.0NRT,302.59,0.56,D
30.17249,72.985,338.31,0.38,0.44,2026-06-30,754,N20,VIIRS,n,2.0NRT,300.45,3.28,D
30.17326,72.98891,345.48,0.38,0.44,2026-06-30,754,N20,VIIRS,n,2.0NRT,302.49,3.28,D
30.17478,72.98464,333.32,0.38,0.44,2026-06-30,754,N20,VIIRS,l,2.0NRT,304.07,27.5,D
30.17557,72.98854,346.1,0.38,0.43,2026-06-30,754,N20,VIIRS,n,2.0NRT,304.55,27.5,D
30.18576,72.93638,348.15,0.39,0.44,2026-06-30,754,N20,VIIRS,n,2.0NRT,302.36,9.66,D
30.18734,72.98546,342.24,0.38,0.43,2026-06-30,754,N20,VIIRS,n,2.0NRT,300.91,4.76,D
30.1897,72.93534,355.3,0.39,0.44,2026-06-30,754,N20,VIIRS,n,2.0NRT,303.39,9.66,D
30.20558,72.51161,345.03,0.41,0.45,2026-06-30,754,N20,VIIRS,n,2.0NRT,304.33,4.52,D
30.21492,72.81188,330.87,0.39,0.44,2026-06-30,754,N20,VIIRS,l,2.0NRT,302.01,2.92,D
30.22748,72.9171,341.7,0.39,0.44,2026-06-30,754,N20,VIIRS,n,2.0NRT,304.2,3.5,D
30.22826,72.92104,330.56,0.39,0.44,2026-06-30,754,N20,VIIRS,l,2.0NRT,301.98,1.69,D
30.22998,72.78266,343.47,0.39,0.44,2026-06-30,754,N20,VIIRS,n,2.0NRT,302.08,3.93,D
30.23141,72.91606,342.14,0.39,0.44,2026-06-30,754,N20,VIIRS,n,2.0NRT,302.03,3.88,D
30.2322,72.92001,330.81,0.39,0.44,2026-06-30,754,N20,VIIRS,l,2.0NRT,302.45,3.45,D
30.23375,72.92788,334.2,0.39,0.44,2026-06-30,754,N20,VIIRS,n,2.0NRT,300.97,1.33,D
30.27825,72.98621,331.98,0.38,0.43,2026-06-30,754,N20,VIIRS,l,2.0NRT,302.71,0.86,D
30.33065,72.81995,343.3,0.39,0.44,2026-06-30,754,N20,VIIRS,n,2.0NRT,302.35,3.06,D
30.33321,71.66065,337.91,0.45,0.47,2026-06-30,754,N20,VIIRS,n,2.0NRT,305.7,3.5,D
30.34298,72.96591,331.3,0.38,0.43,2026-06-30,754,N20,VIIRS,l,2.0NRT,301.81,1.73,D
30.36368,72.86124,337.44,0.39,0.44,2026-06-30,754,N20,VIIRS,n,2.0NRT,302.13,1.49,D
30.37193,72.29161,330.63,0.42,0.45,2026-06-30,754,N20,VIIRS,l,2.0NRT,301.29,2.15,D
30.38454,72.94671,335.94,0.38,0.43,2026-06-30,754,N20,VIIRS,n,2.0NRT,302.32,2.27,D
30.43653,72.84237,336.11,0.39,0.44,2026-06-30,754,N20,VIIRS,n,2.0NRT,303.11,4.02,D
30.45715,71.72902,342.51,0.44,0.46,2026-06-30,754,N20,VIIRS,n,2.0NRT,303.99,3.73,D
30.45868,72.71503,333.22,0.39,0.44,2026-06-30,754,N20,VIIRS,n,2.0NRT,302.5,3.62,D
30.46089,72.5396,332.6,0.4,0.44,2026-06-30,754,N20,VIIRS,n,2.0NRT,301.29,1.78,D
30.46133,71.72787,340.02,0.44,0.46,2026-06-30,754,N20,VIIRS,n,2.0NRT,304.3,3.73,D
30.46148,71.73003,343.75,0.44,0.46,2026-06-30,754,N20,VIIRS,n,2.0NRT,304.26,6.74,D
30.46634,71.69033,342.79,0.45,0.47,2026-06-30,754,N20,VIIRS,n,2.0NRT,305.08,6.03,D
30.48041,72.82235,337,0.39,0.44,2026-06-30,754,N20,VIIRS,n,2.0NRT,303.62,2.03,D
30.4913,72.23335,331.76,0.42,0.45,2026-06-30,754,N20,VIIRS,l,2.0NRT,303.12,3.62,D
30.4993,72.81319,335.16,0.39,0.44,2026-06-30,754,N20,VIIRS,n,2.0NRT,303.67,2.5,D
30.50229,72.14026,338.33,0.42,0.45,2026-06-30,754,N20,VIIRS,n,2.0NRT,303.3,1.97,D
30.51292,72.33863,342.56,0.41,0.45,2026-06-30,754,N20,VIIRS,n,2.0NRT,303.35,6.19,D
30.51781,72.34172,338.27,0.41,0.45,2026-06-30,754,N20,VIIRS,n,2.0NRT,302.01,2.55,D
30.51903,72.30601,337.98,0.41,0.45,2026-06-30,754,N20,VIIRS,n,2.0NRT,303.08,3.26,D
30.51979,72.85344,332.17,0.39,0.44,2026-06-30,754,N20,VIIRS,l,2.0NRT,303.03,2.07,D
30.52921,72.85922,330.83,0.38,0.44,2026-06-30,754,N20,VIIRS,l,2.0NRT,302.81,1.63,D
30.55751,72.83514,332.35,0.39,0.44,2026-06-30,754,N20,VIIRS,l,2.0NRT,302.58,1.33,D
30.55833,72.90199,333.85,0.57,0.43,2026-06-30,754,N20,VIIRS,n,2.0NRT,302.96,2.69,D
30.56793,72.44211,334.34,0.4,0.45,2026-06-30,754,N20,VIIRS,n,2.0NRT,302.21,1.98,D
30.57863,72.85848,336.41,0.38,0.43,2026-06-30,754,N20,VIIRS,n,2.0NRT,303.69,3.28,D
30.59509,72.32658,345.57,0.41,0.45,2026-06-30,754,N20,VIIRS,n,2.0NRT,304.03,8.75,D
30.60307,72.07353,331.07,0.42,0.45,2026-06-30,754,N20,VIIRS,l,2.0NRT,303.72,2.56,D
30.60887,73.64578,341.12,0.53,0.42,2026-06-30,754,N20,VIIRS,n,2.0NRT,299.99,8.95,D
30.63355,72.81104,336.82,0.39,0.44,2026-06-30,754,N20,VIIRS,n,2.0NRT,302.85,1.51,D
30.64376,72.8,336.78,0.39,0.44,2026-06-30,754,N20,VIIRS,n,2.0NRT,303.39,2.18,D
30.73251,72.60936,336.98,0.39,0.44,2026-06-30,754,N20,VIIRS,n,2.0NRT,304.3,1.53,D
30.76249,72.90622,332.97,0.57,0.43,2026-06-30,754,N20,VIIRS,l,2.0NRT,303.84,2.85,D
30.80856,72.66962,343.19,0.39,0.44,2026-06-30,754,N20,VIIRS,n,2.0NRT,304.23,2.98,D
30.82368,72.7449,335.06,0.39,0.44,2026-06-30,754,N20,VIIRS,n,2.0NRT,302.83,2.06,D
30.84748,73.40064,336.51,0.53,0.42,2026-06-30,754,N20,VIIRS,n,2.0NRT,300.49,4.5,D
30.89188,72.8392,332.53,0.57,0.43,2026-06-30,754,N20,VIIRS,l,2.0NRT,302.93,2.75,D
31.48138,72.52735,341.01,0.38,0.44,2026-06-30,754,N20,VIIRS,n,2.0NRT,303.92,3.02,D
31.69355,73.02637,331.14,0.54,0.42,2026-06-30,754,N20,VIIRS,l,2.0NRT,302.91,2.63,D
31.79185,73.21307,347.53,0.53,0.42,2026-06-30,754,N20,VIIRS,n,2.0NRT,303.89,8.05,D
31.81589,73.47809,332.62,0.51,0.41,2026-06-30,754,N20,VIIRS,l,2.0NRT,303.54,4.69,D
31.87705,73.71485,339.56,0.5,0.41,2026-06-30,754,N20,VIIRS,n,2.0NRT,303.88,5.73,D
32.35588,74.22935,330.37,0.47,0.39,2026-06-30,754,N20,VIIRS,l,2.0NRT,297.93,33.18,D
32.35677,74.23422,348.12,0.47,0.39,2026-06-30,754,N20,VIIRS,l,2.0NRT,301.25,33.18,D
32.36006,74.04552,339.91,0.47,0.4,2026-06-30,754,N20,VIIRS,n,2.0NRT,299.65,3.55,D
32.39652,74.39091,336.96,0.46,0.39,2026-06-30,754,N20,VIIRS,l,2.0NRT,299.52,4.9,D
32.50024,73.18163,336.58,0.52,0.41,2026-06-30,754,N20,VIIRS,n,2.0NRT,303.97,1.72,D
32.53313,73.25166,338.44,0.51,0.41,2026-06-30,754,N20,VIIRS,n,2.0NRT,304.77,4.84,D
32.53445,73.25507,337.93,0.51,0.41,2026-06-30,754,N20,VIIRS,n,2.0NRT,303.93,3.16,D
32.54912,73.29028,334.13,0.51,0.41,2026-06-30,754,N20,VIIRS,l,2.0NRT,305.06,4.78,D
32.55282,73.28929,339.72,0.51,0.41,2026-06-30,754,N20,VIIRS,n,2.0NRT,305.44,4.78,D
33.2394,64.77681,347.77,0.48,0.65,2026-06-30,756,N20,VIIRS,n,2.0NRT,313.51,4.89,D
33.2406,64.77827,345.66,0.48,0.65,2026-06-30,756,N20,VIIRS,n,2.0NRT,311.92,5.07,D
33.31715,73.32169,334.91,0.49,0.4,2026-06-30,756,N20,VIIRS,n,2.0NRT,304.01,3.5,D
33.31815,73.31837,336.17,0.49,0.41,2026-06-30,756,N20,VIIRS,n,2.0NRT,304.32,3.27,D
33.33608,72.97713,342.19,0.51,0.41,2026-06-30,756,N20,VIIRS,n,2.0NRT,306.44,5.66,D
33.65766,73.31638,330.77,0.49,0.4,2026-06-30,756,N20,VIIRS,l,2.0NRT,301.91,4.23,D
34.00294,72.50565,343.46,0.52,0.42,2026-06-30,756,N20,VIIRS,n,2.0NRT,305.79,12.66,D
34.14339,72.84399,340.23,0.5,0.41,2026-06-30,756,N20,VIIRS,n,2.0NRT,303.61,4.25,D
34.14707,72.84296,337.33,0.5,0.41,2026-06-30,756,N20,VIIRS,n,2.0NRT,303.07,4.25,D
34.16364,73.00867,339.71,0.49,0.41,2026-06-30,756,N20,VIIRS,n,2.0NRT,301.97,5.12,D
34.35781,72.67438,337.66,0.51,0.41,2026-06-30,756,N20,VIIRS,n,2.0NRT,302.41,6.68,D
34.38679,72.84483,332.4,0.5,0.41,2026-06-30,756,N20,VIIRS,l,2.0NRT,303.76,6.69,D
34.39148,72.84914,339.23,0.5,0.41,2026-06-30,756,N20,VIIRS,n,2.0NRT,303.27,4.87,D
34.41638,72.73648,346.54,0.5,0.41,2026-06-30,756,N20,VIIRS,n,2.0NRT,302.07,8.02,D
34.41737,72.73405,337.56,0.5,0.41,2026-06-30,756,N20,VIIRS,n,2.0NRT,301.67,10.78,D
34.43884,71.72166,340.29,0.56,0.43,2026-06-30,756,N20,VIIRS,n,2.0NRT,307.23,5.4,D
34.43911,71.72278,345.22,0.56,0.43,2026-06-30,756,N20,VIIRS,n,2.0NRT,307.44,5.46,D
34.44003,71.72749,344.72,0.56,0.43,2026-06-30,756,N20,VIIRS,n,2.0NRT,307.17,5.4,D
34.44025,71.72851,340.99,0.56,0.43,2026-06-30,756,N20,VIIRS,n,2.0NRT,306.88,5.33,D
34.44742,71.74361,333.55,0.56,0.43,2026-06-30,756,N20,VIIRS,l,2.0NRT,306.12,5.05,D
34.44874,71.7501,343.39,0.56,0.43,2026-06-30,756,N20,VIIRS,n,2.0NRT,305.13,5.05,D
34.45005,71.7565,339.01,0.56,0.43,2026-06-30,756,N20,VIIRS,n,2.0NRT,304.86,2.78,D
34.45139,71.74304,333.34,0.56,0.43,2026-06-30,756,N20,VIIRS,l,2.0NRT,305.61,9.21,D
34.4517,71.72457,338.64,0.56,0.43,2026-06-30,756,N20,VIIRS,n,2.0NRT,307.17,4.23,D
34.45401,71.75587,345.59,0.56,0.43,2026-06-30,756,N20,VIIRS,n,2.0NRT,306.48,11.59,D
34.45548,71.72307,333.33,0.56,0.43,2026-06-30,756,N20,VIIRS,l,2.0NRT,305.65,1.52,D
34.45781,71.75452,341.92,0.56,0.43,2026-06-30,756,N20,VIIRS,n,2.0NRT,303.58,11.59,D
34.68904,72.78033,336.55,0.5,0.41,2026-06-30,756,N20,VIIRS,n,2.0NRT,304.89,4.3,D
34.68983,72.7844,334.39,0.5,0.41,2026-06-30,756,N20,VIIRS,n,2.0NRT,302.08,4.3,D
34.69281,72.7799,340.27,0.5,0.41,2026-06-30,756,N20,VIIRS,n,2.0NRT,303.3,4.3,D
27.63408,67.65932,367,0.61,0.71,2026-06-30,934,N20,VIIRS,h,2.0NRT,300.36,10.74,D
27.63525,67.65556,335.17,0.61,0.71,2026-06-30,934,N20,VIIRS,n,2.0NRT,299.87,10.06,D
27.63546,67.76939,332.37,0.62,0.71,2026-06-30,934,N20,VIIRS,n,2.0NRT,298.06,2.59,D
27.63563,67.66182,367,0.61,0.71,2026-06-30,934,N20,VIIRS,h,2.0NRT,300.56,10.06,D
27.64067,67.65891,337.41,0.61,0.71,2026-06-30,934,N20,VIIRS,n,2.0NRT,299.19,10.74,D
28.02551,67.67125,334.4,0.61,0.71,2026-06-30,934,N20,VIIRS,n,2.0NRT,300.21,1.8,D
32.64681,62.12394,344.3,0.63,0.54,2026-06-30,937,N20,VIIRS,l,2.0NRT,317.64,11.24,D
37.03183,62.42071,342.94,0.36,0.58,2026-06-30,937,N20,VIIRS,n,2.0NRT,306.24,11.34,D
30.75483,73.96683,306.65,0.6,0.53,2026-06-30,2017,N20,VIIRS,n,2.0NRT,292.78,3.81,N
30.83326,73.52316,306.41,0.32,0.55,2026-06-30,2017,N20,VIIRS,n,2.0NRT,294,0.46,N
34.41688,72.73606,305.07,0.39,0.59,2026-06-30,2017,N20,VIIRS,n,2.0NRT,289.91,2,N
34.44637,71.75806,311.19,0.45,0.63,2026-06-30,2017,N20,VIIRS,n,2.0NRT,291.62,2.11,N
34.45206,71.76051,313.3,0.45,0.63,2026-06-30,2017,N20,VIIRS,n,2.0NRT,291.49,2.43,N
34.4576,71.7659,318.86,0.44,0.63,2026-06-30,2017,N20,VIIRS,n,2.0NRT,292.04,4.41,N
34.45782,71.76181,323.13,0.45,0.63,2026-06-30,2017,N20,VIIRS,n,2.0NRT,291.51,2.43,N
34.46362,71.76218,325.93,0.45,0.63,2026-06-30,2017,N20,VIIRS,n,2.0NRT,291.69,3.69,N
34.52329,72.1593,309.5,0.42,0.61,2026-06-30,2017,N20,VIIRS,n,2.0NRT,291.64,6.56,N
34.52925,72.15488,311.07,0.42,0.61,2026-06-30,2017,N20,VIIRS,n,2.0NRT,291.4,7.13,N
34.69118,72.78674,323.16,0.39,0.59,2026-06-30,2017,N20,VIIRS,n,2.0NRT,290.33,5.29,N
34.69666,72.78743,312.97,0.39,0.59,2026-06-30,2017,N20,VIIRS,n,2.0NRT,288.79,2.69,N
34.69678,72.78547,323.4,0.39,0.59,2026-06-30,2017,N20,VIIRS,n,2.0NRT,290.08,2.69,N
34.69691,72.78347,316.81,0.39,0.59,2026-06-30,2017,N20,VIIRS,n,2.0NRT,288.75,6.31,N
24.76473,74.60864,306.45,0.47,0.48,2026-06-30,2019,N20,VIIRS,n,2.0NRT,282.43,1.1,N
25.38822,68.57882,304.31,0.57,0.69,2026-06-30,2019,N20,VIIRS,n,2.0NRT,290.41,0.87,N
25.94303,72.1894,311.25,0.34,0.56,2026-06-30,2019,N20,VIIRS,n,2.0NRT,293.25,0.95,N
27.64278,67.98615,308.37,0.65,0.73,2026-06-30,2019,N20,VIIRS,n,2.0NRT,292.48,1.46,N
33.23472,71.51446,308.69,0.45,0.63,2026-06-30,2019,N20,VIIRS,n,2.0NRT,294.59,0.43,N
33.29311,71.18281,319.86,0.47,0.64,2026-06-30,2019,N20,VIIRS,n,2.0NRT,295.18,2.41,N
33.2954,71.18478,316.2,0.47,0.64,2026-06-30,2019,N20,VIIRS,n,2.0NRT,295.34,1.7,N
33.29569,71.17982,310.35,0.47,0.64,2026-06-30,2019,N20,VIIRS,n,2.0NRT,295.04,1.42,N
33.78971,73.41792,305.66,0.35,0.57,2026-06-30,2019,N20,VIIRS,n,2.0NRT,290.98,0.7,N
33.78986,73.41613,302.44,0.35,0.57,2026-06-30,2019,N20,VIIRS,n,2.0NRT,291.04,1.42,N
32.2958,70.73214,307.99,0.46,0.64,2026-06-30,2157,N20,VIIRS,n,2.0NRT,291.47,4.55,N
32.88815,71.61419,308.91,0.5,0.66,2026-06-30,2157,N20,VIIRS,n,2.0NRT,295.62,5.01,N
33.23687,71.51502,311.15,0.49,0.65,2026-06-30,2157,N20,VIIRS,n,2.0NRT,295.86,0.52,N
34.39305,72.73098,302.07,0.53,0.67,2026-06-30,2157,N20,VIIRS,n,2.0NRT,289.61,1.99,N
34.39865,72.73286,302.01,0.53,0.67,2026-06-30,2157,N20,VIIRS,n,2.0NRT,289.23,2.75,N
34.44278,71.75918,307.92,0.47,0.64,2026-06-30,2157,N20,VIIRS,n,2.0NRT,292.13,1.43,N
34.44879,71.75991,310.54,0.47,0.64,2026-06-30,2157,N20,VIIRS,n,2.0NRT,292.1,1.28,N
34.44963,71.75626,311.82,0.47,0.64,2026-06-30,2157,N20,VIIRS,n,2.0NRT,291.6,4.52,N
34.45303,71.76721,308.53,0.47,0.64,2026-06-30,2157,N20,VIIRS,n,2.0NRT,291.62,1.28,N
34.46398,71.77189,309.9,0.47,0.64,2026-06-30,2157,N20,VIIRS,n,2.0NRT,291.43,4.39,N
34.46466,71.7701,317.31,0.47,0.64,2026-06-30,2157,N20,VIIRS,n,2.0NRT,291.7,2.2,N
34.46534,71.76694,318.54,0.47,0.64,2026-06-30,2157,N20,VIIRS,n,2.0NRT,291.84,5.73,N
34.46595,71.76533,317.8,0.47,0.64,2026-06-30,2157,N20,VIIRS,n,2.0NRT,291.65,2.2,N
35.83908,62.98772,320.14,0.46,0.39,2026-06-30,2157,N20,VIIRS,n,2.0NRT,292.46,1.26,N
35.84262,62.98874,332.69,0.46,0.39,2026-06-30,2157,N20,VIIRS,n,2.0NRT,293.5,3,N
36.43961,61.22005,306.02,0.4,0.37,2026-06-30,2157,N20,VIIRS,n,2.0NRT,292.9,0.95,N
36.47825,61.62567,302.56,0.41,0.37,2026-06-30,2157,N20,VIIRS,n,2.0NRT,292.46,2.1,N
36.48993,61.61943,302.38,0.41,0.37,2026-06-30,2157,N20,VIIRS,n,2.0NRT,290.97,0.77,N
37.03264,62.41917,321.26,0.43,0.38,2026-06-30,2157,N20,VIIRS,n,2.0NRT,295.08,5.24,N
37.03351,62.41447,307.21,0.43,0.38,2026-06-30,2157,N20,VIIRS,n,2.0NRT,292.76,1.56,N
25.39077,68.58488,306.07,0.51,0.66,2026-06-30,2159,N20,VIIRS,n,2.0NRT,293.55,1.74,N
27.32753,67.81223,314.6,0.41,0.61,2026-06-30,2159,N20,VIIRS,n,2.0NRT,295.13,3.36,N
27.6203,67.87384,309.63,0.41,0.61,2026-06-30,2159,N20,VIIRS,n,2.0NRT,295.86,0.96,N
27.87441,68.56194,315.07,0.44,0.63,2026-06-30,2159,N20,VIIRS,n,2.0NRT,297.17,1.63,N
28.38348,68.29161,310.49,0.42,0.61,2026-06-30,2159,N20,VIIRS,n,2.0NRT,296.06,0.79,N
28.39056,67.95316,315,0.4,0.6,2026-06-30,2159,N20,VIIRS,n,2.0NRT,296.57,1.2,N
28.39151,67.94924,309.97,0.4,0.6,2026-06-30,2159,N20,VIIRS,n,2.0NRT,296.64,1.2,N
28.42405,69.70016,306.53,0.5,0.66,2026-06-30,2159,N20,VIIRS,n,2.0NRT,295.73,0.9,N
24.83333,72.58987,335.28,0.5,0.66,2026-07-01,733,N20,VIIRS,n,2.0NRT,292.65,5.05,D
25.21288,73.4752,336.09,0.44,0.62,2026-07-01,733,N20,VIIRS,n,2.0NRT,294.72,2.49,D
26.58368,75.08199,332.66,0.32,0.55,2026-07-01,733,N20,VIIRS,n,2.0NRT,290.82,3.47,D
29.43242,71.5554,332.4,0.45,0.63,2026-07-01,735,N20,VIIRS,n,2.0NRT,297.9,2.54,D
29.44626,71.75282,331.02,0.44,0.62,2026-07-01,735,N20,VIIRS,n,2.0NRT,299.39,2.01,D
29.44908,71.70192,338.19,0.44,0.63,2026-07-01,735,N20,VIIRS,n,2.0NRT,298.11,2.15,D
29.49634,71.49527,367,0.46,0.63,2026-07-01,735,N20,VIIRS,h,2.0NRT,298.67,9.54,D
29.49745,71.49645,353.42,0.45,0.63,2026-07-01,735,N20,VIIRS,n,2.0NRT,297.72,9.39,D
29.50149,71.82917,342.67,0.43,0.62,2026-07-01,735,N20,VIIRS,n,2.0NRT,298.75,3.35,D
29.50288,71.73919,336.72,0.44,0.62,2026-07-01,735,N20,VIIRS,n,2.0NRT,299.08,3.24,D
29.5239,72.12738,338.35,0.42,0.61,2026-07-01,735,N20,VIIRS,n,2.0NRT,301.01,7.42,D
29.53513,71.91601,331.94,0.43,0.62,2026-07-01,735,N20,VIIRS,n,2.0NRT,299.94,3.59,D
29.57794,72.11174,336.04,0.42,0.61,2026-07-01,735,N20,VIIRS,n,2.0NRT,300.8,2.89,D
29.60456,71.89455,330.87,0.43,0.62,2026-07-01,735,N20,VIIRS,n,2.0NRT,299.87,1.46,D
29.60654,71.89286,338.96,0.43,0.62,2026-07-01,735,N20,VIIRS,n,2.0NRT,299.82,3.54,D
29.61187,72.29578,332.52,0.41,0.6,2026-07-01,735,N20,VIIRS,n,2.0NRT,301.57,2.54,D
29.61416,74.47932,341.83,0.6,0.53,2026-07-01,735,N20,VIIRS,n,2.0NRT,293.27,6.74,D
29.6437,72.30743,347.6,0.4,0.6,2026-07-01,735,N20,VIIRS,n,2.0NRT,302.4,5.66,D
29.66036,72.32822,334.86,0.4,0.6,2026-07-01,735,N20,VIIRS,n,2.0NRT,301.86,2.07,D
29.70723,72.54413,341.27,0.39,0.59,2026-07-01,735,N20,VIIRS,n,2.0NRT,300.69,3.03,D
29.71565,71.96595,338.95,0.42,0.61,2026-07-01,735,N20,VIIRS,n,2.0NRT,299.88,3.29,D
29.71746,71.96807,337.62,0.42,0.61,2026-07-01,735,N20,VIIRS,n,2.0NRT,299.56,3.44,D
29.74004,72.06026,331.27,0.42,0.61,2026-07-01,735,N20,VIIRS,n,2.0NRT,299.35,1.95,D
29.74692,72.23116,331.5,0.41,0.6,2026-07-01,735,N20,VIIRS,n,2.0NRT,300.04,3.22,D
29.75951,72.3532,336.9,0.4,0.6,2026-07-01,735,N20,VIIRS,n,2.0NRT,300.21,3.69,D
29.76888,72.75247,342.74,0.38,0.59,2026-07-01,735,N20,VIIRS,n,2.0NRT,298.4,3.06,D
29.77387,72.72639,342.66,0.38,0.59,2026-07-01,735,N20,VIIRS,n,2.0NRT,299.45,5.48,D
29.77413,72.50628,333.17,0.39,0.59,2026-07-01,735,N20,VIIRS,n,2.0NRT,301.4,5.12,D
29.77509,72.51019,338.37,0.39,0.59,2026-07-01,735,N20,VIIRS,n,2.0NRT,301.16,6.1,D
29.77909,72.72472,351.02,0.38,0.59,2026-07-01,735,N20,VIIRS,n,2.0NRT,300.78,5.48,D
29.78636,72.66075,331.04,0.38,0.59,2026-07-01,735,N20,VIIRS,n,2.0NRT,300.12,2.91,D
29.79474,72.6829,333.47,0.38,0.59,2026-07-01,735,N20,VIIRS,n,2.0NRT,298.79,1.58,D
29.79708,72.68209,331.97,0.38,0.59,2026-07-01,735,N20,VIIRS,n,2.0NRT,298.66,0.96,D
29.83367,72.51676,346.7,0.39,0.59,2026-07-01,735,N20,VIIRS,n,2.0NRT,301.49,3.98,D
29.84292,72.1003,339.44,0.41,0.61,2026-07-01,735,N20,VIIRS,n,2.0NRT,300.53,3.14,D
29.84624,72.16127,330.94,0.41,0.6,2026-07-01,735,N20,VIIRS,n,2.0NRT,299.8,1.91,D
29.87269,72.3399,343.31,0.4,0.6,2026-07-01,735,N20,VIIRS,n,2.0NRT,300.57,4.03,D
29.87278,72.48025,331.11,0.39,0.59,2026-07-01,735,N20,VIIRS,n,2.0NRT,300.9,1.63,D
29.89511,72.59434,332.71,0.38,0.59,2026-07-01,735,N20,VIIRS,n,2.0NRT,301.2,2.01,D
29.89946,71.62872,332.52,0.44,0.62,2026-07-01,735,N20,VIIRS,n,2.0NRT,297.22,3.17,D
29.90225,72.34329,343.31,0.4,0.6,2026-07-01,735,N20,VIIRS,n,2.0NRT,300.96,3.67,D
29.90821,71.68712,341.56,0.43,0.62,2026-07-01,735,N20,VIIRS,n,2.0NRT,296.47,3.8,D
29.92225,71.76647,330.53,0.43,0.62,2026-07-01,735,N20,VIIRS,n,2.0NRT,297.37,1.48,D
29.92406,72.31478,350.82,0.4,0.6,2026-07-01,735,N20,VIIRS,n,2.0NRT,300.24,6.85,D
29.92472,72.31295,367,0.4,0.6,2026-07-01,735,N20,VIIRS,h,2.0NRT,301.02,6.49,D
29.92846,71.83822,367,0.42,0.61,2026-07-01,735,N20,VIIRS,h,2.0NRT,299.51,12.51,D
29.92944,71.8357,332.81,0.42,0.61,2026-07-01,735,N20,VIIRS,n,2.0NRT,297.32,15.61,D
29.93048,71.83996,367,0.42,0.61,2026-07-01,735,N20,VIIRS,h,2.0NRT,300.24,15.61,D
29.93057,72.00799,367,0.41,0.61,2026-07-01,735,N20,VIIRS,h,2.0NRT,302.12,9.89,D
29.93302,72.42302,331.31,0.39,0.59,2026-07-01,735,N20,VIIRS,n,2.0NRT,300.68,0.8,D
29.93375,72.39555,332.04,0.39,0.6,2026-07-01,735,N20,VIIRS,n,2.0NRT,301.01,1.77,D
29.93394,71.83646,354.11,0.42,0.61,2026-07-01,735,N20,VIIRS,n,2.0NRT,298.55,12.51,D
29.935,71.8407,350.54,0.42,0.61,2026-07-01,735,N20,VIIRS,n,2.0NRT,296.81,12.51,D
29.9526,72.6215,338.95,0.38,0.59,2026-07-01,735,N20,VIIRS,n,2.0NRT,300.89,2.97,D
29.95269,72.43364,335.75,0.39,0.59,2026-07-01,735,N20,VIIRS,n,2.0NRT,300.91,4.02,D
29.95408,72.43143,339.41,0.39,0.59,2026-07-01,735,N20,VIIRS,n,2.0NRT,300.79,3.1,D
29.95488,72.34194,344.75,0.4,0.6,2026-07-01,735,N20,VIIRS,n,2.0NRT,301.68,3.59,D
29.95677,72.93781,330.63,0.37,0.58,2026-07-01,735,N20,VIIRS,n,2.0NRT,299.09,1.7,D
29.95785,72.61983,344.38,0.38,0.59,2026-07-01,735,N20,VIIRS,n,2.0NRT,300.38,3.01,D
29.95876,72.62366,333.13,0.38,0.59,2026-07-01,735,N20,VIIRS,n,2.0NRT,299.09,3.01,D
29.96265,71.44186,338.3,0.45,0.63,2026-07-01,735,N20,VIIRS,n,2.0NRT,295.79,4.21,D
29.96549,72.174,332.79,0.4,0.6,2026-07-01,735,N20,VIIRS,n,2.0NRT,299.57,2.01,D
29.96965,71.71841,335.52,0.43,0.62,2026-07-01,735,N20,VIIRS,n,2.0NRT,297.33,2.98,D
29.97861,72.36847,331.16,0.39,0.6,2026-07-01,735,N20,VIIRS,l,2.0NRT,301.34,0.83,D
29.98037,72.59617,337.61,0.38,0.59,2026-07-01,735,N20,VIIRS,n,2.0NRT,299.95,1.67,D
29.98275,72.59349,347.75,0.38,0.59,2026-07-01,735,N20,VIIRS,n,2.0NRT,302.03,3.75,D
29.99597,72.39264,334.8,0.39,0.59,2026-07-01,735,N20,VIIRS,n,2.0NRT,301.03,3.48,D
29.99774,72.66872,336.55,0.38,0.59,2026-07-01,735,N20,VIIRS,n,2.0NRT,300.57,2.13,D
30.00223,72.39487,345.86,0.39,0.59,2026-07-01,735,N20,VIIRS,n,2.0NRT,302.17,5.23,D
30.00535,72.52412,355.29,0.39,0.59,2026-07-01,735,N20,VIIRS,n,2.0NRT,301,8.26,D
30.00542,72.63975,330.3,0.38,0.59,2026-07-01,735,N20,VIIRS,l,2.0NRT,300.98,1.29,D
30.00629,72.52798,336.46,0.38,0.59,2026-07-01,735,N20,VIIRS,n,2.0NRT,300.12,6.38,D
30.00795,72.64086,332.29,0.38,0.59,2026-07-01,735,N20,VIIRS,n,2.0NRT,299.52,1.18,D
30.01219,72.7292,330.1,0.37,0.58,2026-07-01,735,N20,VIIRS,n,2.0NRT,300.01,1.83,D
30.01412,72.69814,339.37,0.38,0.58,2026-07-01,735,N20,VIIRS,n,2.0NRT,300.25,2.58,D
30.0163,72.69949,335.89,0.38,0.58,2026-07-01,735,N20,VIIRS,n,2.0NRT,300.07,2.11,D
30.02261,72.61787,338.03,0.38,0.59,2026-07-01,735,N20,VIIRS,n,2.0NRT,300.83,1.74,D
30.03007,72.26771,346.68,0.4,0.6,2026-07-01,735,N20,VIIRS,n,2.0NRT,299.12,4.89,D
30.03374,72.26494,351.73,0.4,0.6,2026-07-01,735,N20,VIIRS,n,2.0NRT,299.59,6.23,D
30.04076,72.59975,332.44,0.38,0.59,2026-07-01,735,N20,VIIRS,n,2.0NRT,299.85,1.93,D
30.04136,72.57898,332.06,0.38,0.59,2026-07-01,735,N20,VIIRS,n,2.0NRT,300.48,1.55,D
30.04475,71.51798,332.94,0.44,0.62,2026-07-01,735,N20,VIIRS,n,2.0NRT,296.06,3.58,D
30.04522,71.3782,336.24,0.45,0.63,2026-07-01,735,N20,VIIRS,n,2.0NRT,294.57,2.16,D
30.04836,71.51918,340.9,0.44,0.62,2026-07-01,735,N20,VIIRS,n,2.0NRT,295.36,4.7,D
30.06481,71.91754,347.5,0.42,0.61,2026-07-01,735,N20,VIIRS,n,2.0NRT,298.89,4.83,D
30.06543,72.77077,332.52,0.37,0.58,2026-07-01,735,N20,VIIRS,n,2.0NRT,300.45,1.66,D
30.06567,72.79475,342.09,0.37,0.58,2026-07-01,735,N20,VIIRS,n,2.0NRT,300.26,2.86,D
30.06896,72.69294,342.96,0.38,0.58,2026-07-01,735,N20,VIIRS,n,2.0NRT,300.43,3.69,D
30.08392,72.54472,331.25,0.38,0.59,2026-07-01,735,N20,VIIRS,n,2.0NRT,300.68,2.25,D
30.10592,73.07845,336.09,0.36,0.57,2026-07-01,735,N20,VIIRS,n,2.0NRT,298.68,2.09,D
30.1447,73.3824,330.86,0.34,0.56,2026-07-01,735,N20,VIIRS,n,2.0NRT,298.58,1.7,D
30.1537,73.04578,338.88,0.36,0.57,2026-07-01,735,N20,VIIRS,n,2.0NRT,299.71,1.93,D
30.19352,73.12138,330.9,0.35,0.57,2026-07-01,735,N20,VIIRS,n,2.0NRT,298.88,0.96,D
30.20203,73.08815,333.94,0.35,0.57,2026-07-01,735,N20,VIIRS,n,2.0NRT,298.83,1.53,D
30.21208,72.91934,333.84,0.36,0.57,2026-07-01,735,N20,VIIRS,n,2.0NRT,298.62,0.86,D
30.21241,72.2565,347.64,0.4,0.6,2026-07-01,735,N20,VIIRS,n,2.0NRT,299.44,5.3,D
30.21694,72.87073,340.83,0.36,0.58,2026-07-01,735,N20,VIIRS,n,2.0NRT,299.33,2.36,D
30.22809,73.12953,330.19,0.35,0.57,2026-07-01,735,N20,VIIRS,n,2.0NRT,298.35,1.46,D
30.22833,72.91813,333.46,0.36,0.57,2026-07-01,735,N20,VIIRS,n,2.0NRT,299.8,1.91,D
30.22987,73.12949,349.65,0.35,0.57,2026-07-01,735,N20,VIIRS,n,2.0NRT,298.98,4.87,D
30.23316,73.12793,338.63,0.35,0.57,2026-07-01,735,N20,VIIRS,n,2.0NRT,299.03,2.74,D
30.24513,73.36337,353.56,0.34,0.56,2026-07-01,735,N20,VIIRS,n,2.0NRT,299,4.97,D
30.24668,72.80991,331.33,0.37,0.58,2026-07-01,735,N20,VIIRS,n,2.0NRT,299.11,1.46,D
30.2661,73.21239,341.44,0.35,0.56,2026-07-01,735,N20,VIIRS,n,2.0NRT,299.6,2.64,D
30.26694,73.21588,334.77,0.35,0.56,2026-07-01,735,N20,VIIRS,n,2.0NRT,299.37,2.64,D
30.27012,71.96878,333.07,0.41,0.61,2026-07-01,735,N20,VIIRS,n,2.0NRT,298.2,2.36,D
30.27012,71.9695,340.96,0.41,0.61,2026-07-01,735,N20,VIIRS,n,2.0NRT,298.47,3.31,D
30.27264,73.4352,341.9,0.34,0.56,2026-07-01,735,N20,VIIRS,n,2.0NRT,298.14,3.63,D
30.27458,72.99673,350.38,0.36,0.57,2026-07-01,735,N20,VIIRS,n,2.0NRT,300.78,6.41,D
30.278,73.08015,346.06,0.35,0.57,2026-07-01,735,N20,VIIRS,n,2.0NRT,300.56,4.74,D
30.28561,72.97393,345.73,0.36,0.57,2026-07-01,735,N20,VIIRS,n,2.0NRT,299.84,3.64,D
30.30091,72.96907,333.97,0.36,0.57,2026-07-01,735,N20,VIIRS,n,2.0NRT,299.39,1.61,D
30.30961,73.57127,340.39,0.33,0.55,2026-07-01,735,N20,VIIRS,n,2.0NRT,296.45,2.2,D
30.31111,72.96583,330.6,0.36,0.57,2026-07-01,735,N20,VIIRS,n,2.0NRT,300.12,2.44,D
30.31942,73.07092,335.52,0.35,0.57,2026-07-01,735,N20,VIIRS,n,2.0NRT,298.64,2.59,D
30.32054,73.06998,341.22,0.35,0.57,2026-07-01,735,N20,VIIRS,n,2.0NRT,298.71,2.72,D
30.3227,73.2915,339.65,0.34,0.56,2026-07-01,735,N20,VIIRS,n,2.0NRT,300.36,3.37,D
30.32872,73.06414,334.57,0.35,0.57,2026-07-01,735,N20,VIIRS,n,2.0NRT,298.67,0.98,D
30.32982,73.06325,334.41,0.35,0.57,2026-07-01,735,N20,VIIRS,n,2.0NRT,298.73,1.08,D
30.33768,72.72905,336.76,0.37,0.58,2026-07-01,735,N20,VIIRS,n,2.0NRT,299.44,1.8,D
30.35664,71.98991,339.73,0.41,0.6,2026-07-01,735,N20,VIIRS,n,2.0NRT,299.08,4.11,D
30.37789,73.63863,335.36,0.32,0.55,2026-07-01,735,N20,VIIRS,n,2.0NRT,295.79,1.71,D
30.38984,73.5997,346.53,0.33,0.55,2026-07-01,735,N20,VIIRS,n,2.0NRT,297.81,4.19,D
30.39857,72.82137,332,0.36,0.58,2026-07-01,735,N20,VIIRS,n,2.0NRT,298.4,1.71,D
30.39868,73.23731,333.18,0.34,0.56,2026-07-01,735,N20,VIIRS,n,2.0NRT,299.09,2.03,D
30.40014,73.28865,353.86,0.34,0.56,2026-07-01,735,N20,VIIRS,n,2.0NRT,299.37,6.02,D
30.40515,73.28709,336.52,0.34,0.56,2026-07-01,735,N20,VIIRS,n,2.0NRT,299.05,2.61,D
30.40533,73.24265,337.81,0.34,0.56,2026-07-01,735,N20,VIIRS,n,2.0NRT,298.85,1.69,D
30.40596,73.29052,343.52,0.34,0.56,2026-07-01,735,N20,VIIRS,n,2.0NRT,298.31,2.61,D
30.40644,73.58042,334.05,0.33,0.55,2026-07-01,735,N20,VIIRS,n,2.0NRT,297.11,1.76,D
30.42922,71.85902,332.48,0.41,0.61,2026-07-01,735,N20,VIIRS,n,2.0NRT,298.33,2.15,D
30.43037,72.8388,331.96,0.36,0.57,2026-07-01,735,N20,VIIRS,n,2.0NRT,299.36,4.15,D
30.43463,72.83353,335.22,0.36,0.57,2026-07-01,735,N20,VIIRS,n,2.0NRT,299.15,6.42,D
30.4355,72.83719,367,0.36,0.57,2026-07-01,735,N20,VIIRS,h,2.0NRT,299.21,4.15,D
30.44323,73.67107,330.74,0.32,0.55,2026-07-01,735,N20,VIIRS,n,2.0NRT,295.79,1.43,D
30.44763,73.80304,338.48,0.63,0.54,2026-07-01,735,N20,VIIRS,n,2.0NRT,295.28,6.15,D
30.47336,73.37196,341.5,0.34,0.56,2026-07-01,735,N20,VIIRS,n,2.0NRT,297.72,2.47,D
30.47593,72.9602,335.01,0.35,0.57,2026-07-01,735,N20,VIIRS,n,2.0NRT,298.48,4.21,D
30.48109,73.722,331.65,0.32,0.55,2026-07-01,735,N20,VIIRS,n,2.0NRT,296.11,1.25,D
30.48334,72.30975,330.19,0.39,0.59,2026-07-01,735,N20,VIIRS,n,2.0NRT,298.69,1.63,D
30.50084,73.48954,335.02,0.33,0.55,2026-07-01,735,N20,VIIRS,n,2.0NRT,296.59,2.02,D
30.51007,72.41785,330.09,0.38,0.59,2026-07-01,735,N20,VIIRS,n,2.0NRT,298.38,1.83,D
30.51098,72.85204,332.17,0.36,0.57,2026-07-01,735,N20,VIIRS,n,2.0NRT,299.29,2.58,D
30.51929,73.88191,334.49,0.62,0.54,2026-07-01,735,N20,VIIRS,n,2.0NRT,294.85,5.97,D
30.52278,73.88218,330.74,0.63,0.54,2026-07-01,735,N20,VIIRS,n,2.0NRT,295.5,3.53,D
30.52611,73.55283,332.03,0.33,0.55,2026-07-01,735,N20,VIIRS,n,2.0NRT,297.68,2.28,D
30.52785,72.1894,352.82,0.39,0.59,2026-07-01,735,N20,VIIRS,n,2.0NRT,298.63,6.14,D
30.54889,72.75769,340.9,0.36,0.58,2026-07-01,735,N20,VIIRS,n,2.0NRT,299.19,3.31,D
30.5495,73.8115,336.05,0.63,0.54,2026-07-01,735,N20,VIIRS,n,2.0NRT,295.12,5.5,D
30.5677,71.92527,340.21,0.41,0.6,2026-07-01,735,N20,VIIRS,n,2.0NRT,297.85,3.1,D
30.56837,71.95147,345.02,0.4,0.6,2026-07-01,735,N20,VIIRS,n,2.0NRT,297.66,5.21,D
30.57917,72.86141,336.69,0.36,0.57,2026-07-01,735,N20,VIIRS,n,2.0NRT,299.13,2.46,D
30.58986,72.74324,342.2,0.36,0.58,2026-07-01,735,N20,VIIRS,n,2.0NRT,298.81,3.14,D
30.58991,72.74442,345.16,0.36,0.58,2026-07-01,735,N20,VIIRS,n,2.0NRT,299.12,3.7,D
30.59144,73.40385,335.02,0.33,0.55,2026-07-01,735,N20,VIIRS,n,2.0NRT,297.66,1.62,D
30.6134,73.81903,342,0.63,0.54,2026-07-01,735,N20,VIIRS,n,2.0NRT,295.26,6.48,D
30.61505,73.81803,342.96,0.63,0.54,2026-07-01,735,N20,VIIRS,n,2.0NRT,295.21,10.4,D
30.61746,72.05737,332.03,0.4,0.6,2026-07-01,735,N20,VIIRS,n,2.0NRT,297.07,1.84,D
30.61823,73.81752,331.83,0.63,0.54,2026-07-01,735,N20,VIIRS,n,2.0NRT,294.96,6.48,D
30.62312,73.65234,332.18,0.32,0.55,2026-07-01,735,N20,VIIRS,n,2.0NRT,296.16,2.45,D
30.62411,73.23271,340.37,0.34,0.56,2026-07-01,735,N20,VIIRS,n,2.0NRT,297.21,3.58,D
30.62492,73.23614,344.73,0.34,0.56,2026-07-01,735,N20,VIIRS,n,2.0NRT,296.48,3.58,D
30.64071,73.61547,336.58,0.32,0.55,2026-07-01,735,N20,VIIRS,n,2.0NRT,295.27,2.21,D
30.64075,73.66074,330.25,0.32,0.55,2026-07-01,735,N20,VIIRS,n,2.0NRT,294.98,1.94,D
30.64092,72.98397,333.76,0.35,0.57,2026-07-01,735,N20,VIIRS,n,2.0NRT,298.79,3.05,D
30.64238,72.98209,337.11,0.35,0.57,2026-07-01,735,N20,VIIRS,n,2.0NRT,298.42,2.58,D
30.65014,73.90179,334.56,0.62,0.54,2026-07-01,735,N20,VIIRS,n,2.0NRT,294.79,10.49,D
30.6516,73.90807,343.21,0.62,0.54,2026-07-01,735,N20,VIIRS,n,2.0NRT,295.36,15,D
30.66175,73.6159,335.11,0.32,0.55,2026-07-01,735,N20,VIIRS,n,2.0NRT,295.39,1.76,D
30.70554,73.0189,331,0.35,0.57,2026-07-01,735,N20,VIIRS,n,2.0NRT,298.15,1.48,D
30.7203,73.89366,334.2,0.62,0.54,2026-07-01,735,N20,VIIRS,n,2.0NRT,294.87,4.42,D
30.72269,73.18158,331.81,0.34,0.56,2026-07-01,735,N20,VIIRS,n,2.0NRT,297.09,2.03,D
30.72496,73.95895,344.14,0.61,0.54,2026-07-01,735,N20,VIIRS,n,2.0NRT,294.47,7.27,D
30.725,72.91759,331.99,0.35,0.57,2026-07-01,735,N20,VIIRS,n,2.0NRT,298.92,1.91,D
30.72617,72.91667,334.76,0.35,0.57,2026-07-01,735,N20,VIIRS,n,2.0NRT,298.95,2.26,D
30.7354,73.98227,333.26,0.61,0.53,2026-07-01,735,N20,VIIRS,n,2.0NRT,294.13,3.79,D
30.76093,74.02725,331.03,0.61,0.53,2026-07-01,735,N20,VIIRS,n,2.0NRT,293.67,4.12,D
30.76464,73.10895,337.49,0.34,0.56,2026-07-01,735,N20,VIIRS,n,2.0NRT,297.46,1.69,D
30.78524,74.24631,330.54,0.59,0.53,2026-07-01,735,N20,VIIRS,n,2.0NRT,290.96,4.61,D
30.78583,74.18211,339.51,0.59,0.53,2026-07-01,735,N20,VIIRS,n,2.0NRT,293.35,11.88,D
30.80692,73.38047,332.66,0.33,0.55,2026-07-01,735,N20,VIIRS,n,2.0NRT,297.16,1.3,D
30.8442,73.40443,336.49,0.33,0.55,2026-07-01,735,N20,VIIRS,n,2.0NRT,297.26,4.7,D
30.84428,73.40697,367,0.33,0.55,2026-07-01,735,N20,VIIRS,h,2.0NRT,297.82,6.84,D
30.84497,73.40774,350.61,0.33,0.55,2026-07-01,735,N20,VIIRS,n,2.0NRT,297.33,5.45,D
30.84827,72.66844,334.45,0.36,0.57,2026-07-01,735,N20,VIIRS,n,2.0NRT,298.46,3.61,D
30.85569,73.41051,347.38,0.33,0.55,2026-07-01,735,N20,VIIRS,n,2.0NRT,298,4.47,D
30.85634,73.41128,349.82,0.33,0.55,2026-07-01,735,N20,VIIRS,n,2.0NRT,297.77,4.89,D
30.89615,75.30843,334,0.51,0.49,2026-07-01,735,N20,VIIRS,n,2.0NRT,288.65,5.48,D
31.00531,73.44112,331.37,0.32,0.55,2026-07-01,735,N20,VIIRS,n,2.0NRT,296.68,2.2,D
31.01761,73.49341,348.17,0.32,0.55,2026-07-01,735,N20,VIIRS,n,2.0NRT,296.91,4.06,D
31.0487,73.46964,334.9,0.32,0.55,2026-07-01,735,N20,VIIRS,n,2.0NRT,296.85,1.77,D
31.04946,73.35993,330.12,0.33,0.55,2026-07-01,735,N20,VIIRS,n,2.0NRT,297.2,1.25,D
31.07493,72.75924,333.49,0.35,0.57,2026-07-01,735,N20,VIIRS,n,2.0NRT,298.11,4.23,D
31.07579,72.76283,342.91,0.35,0.57,2026-07-01,735,N20,VIIRS,n,2.0NRT,297.89,4.03,D
31.08286,73.57188,330.4,0.63,0.54,2026-07-01,735,N20,VIIRS,n,2.0NRT,295.79,4.01,D
31.09259,73.3205,331.83,0.33,0.55,2026-07-01,735,N20,VIIRS,n,2.0NRT,296.65,1.84,D
31.16303,73.94321,332.82,0.6,0.53,2026-07-01,735,N20,VIIRS,n,2.0NRT,291.2,2.77,D
31.2486,72.69731,330.46,0.35,0.57,2026-07-01,735,N20,VIIRS,n,2.0NRT,297.56,0.5,D
31.25349,72.67245,335.55,0.35,0.57,2026-07-01,735,N20,VIIRS,n,2.0NRT,298.66,3.14,D
31.26724,75.55724,338.6,0.48,0.48,2026-07-01,735,N20,VIIRS,n,2.0NRT,291.57,4.42,D
31.33757,72.67559,330.69,0.35,0.57,2026-07-01,735,N20,VIIRS,n,2.0NRT,299.09,2.05,D
31.34715,72.71481,330.05,0.35,0.57,2026-07-01,735,N20,VIIRS,n,2.0NRT,298.15,1.23,D
31.34988,72.71049,331.5,0.35,0.57,2026-07-01,735,N20,VIIRS,n,2.0NRT,299.4,1.81,D
31.35073,72.71405,339.15,0.35,0.57,2026-07-01,735,N20,VIIRS,n,2.0NRT,298.38,1.81,D
31.35219,72.71316,330.44,0.35,0.57,2026-07-01,735,N20,VIIRS,n,2.0NRT,297.65,2.01,D
31.39474,75.61634,339.5,0.48,0.48,2026-07-01,735,N20,VIIRS,n,2.0NRT,290.15,4.31,D
31.40934,72.67921,330.94,0.35,0.57,2026-07-01,735,N20,VIIRS,n,2.0NRT,297.88,1.77,D
31.48815,72.72662,367,0.35,0.56,2026-07-01,735,N20,VIIRS,h,2.0NRT,297.78,6.71,D
31.49864,75.45821,341.01,0.48,0.48,2026-07-01,735,N20,VIIRS,n,2.0NRT,292.89,6.98,D
31.49866,74.99388,339.65,0.51,0.5,2026-07-01,735,N20,VIIRS,n,2.0NRT,291.7,5.85,D
31.5809,72.60793,344.93,0.35,0.57,2026-07-01,735,N20,VIIRS,n,2.0NRT,298.48,5.83,D
31.7444,73.13589,343.38,0.32,0.55,2026-07-01,735,N20,VIIRS,n,2.0NRT,296.99,3.72,D
31.77884,72.88033,330.92,0.33,0.56,2026-07-01,735,N20,VIIRS,n,2.0NRT,296.92,2.54,D
31.80043,73.1265,339.03,0.32,0.55,2026-07-01,735,N20,VIIRS,n,2.0NRT,296.3,3.19,D
32.41177,72.97218,347.37,0.32,0.55,2026-07-01,735,N20,VIIRS,n,2.0NRT,297.49,4.68,D
32.41265,72.97173,349.53,0.32,0.54,2026-07-01,735,N20,VIIRS,n,2.0NRT,297.53,5.61,D
33.01288,71.39244,339.94,0.38,0.59,2026-07-01,735,N20,VIIRS,n,2.0NRT,302.76,4.87,D
33.01601,71.39149,338.27,0.38,0.59,2026-07-01,735,N20,VIIRS,n,2.0NRT,302.41,4.43,D
33.84798,72.37122,336,0.32,0.55,2026-07-01,735,N20,VIIRS,n,2.0NRT,298.95,2.68,D
34.43274,71.74948,331.96,0.34,0.56,2026-07-01,735,N20,VIIRS,n,2.0NRT,297.23,5.08,D
34.43616,71.74818,339.56,0.33,0.56,2026-07-01,735,N20,VIIRS,n,2.0NRT,297.73,5.12,D
34.48809,71.95723,348.47,0.32,0.55,2026-07-01,735,N20,VIIRS,n,2.0NRT,297.16,5.74,D
34.48838,71.95776,348.55,0.33,0.55,2026-07-01,735,N20,VIIRS,n,2.0NRT,296.77,5.2,D
34.49369,71.95845,335.95,0.32,0.55,2026-07-01,735,N20,VIIRS,n,2.0NRT,295.87,5.95,D
34.49398,71.95905,337.89,0.33,0.55,2026-07-01,735,N20,VIIRS,n,2.0NRT,295.88,2.53,D
34.70192,72.77586,341.8,0.58,0.52,2026-07-01,735,N20,VIIRS,n,2.0NRT,295.98,7.75,D
34.702,72.77441,338.21,0.58,0.52,2026-07-01,735,N20,VIIRS,n,2.0NRT,293.88,33.88,D
34.703,72.78049,350.18,0.58,0.52,2026-07-01,735,N20,VIIRS,n,2.0NRT,298.22,37.22,D
34.70321,72.77949,337.9,0.58,0.52,2026-07-01,735,N20,VIIRS,n,2.0NRT,300.86,33.88,D
34.70385,72.7841,367,0.58,0.52,2026-07-01,735,N20,VIIRS,h,2.0NRT,295.94,37.22,D
34.7041,72.78326,367,0.58,0.52,2026-07-01,735,N20,VIIRS,h,2.0NRT,297.07,36.15,D
34.70466,72.78754,345.29,0.58,0.52,2026-07-01,735,N20,VIIRS,n,2.0NRT,293.79,11.79,D
34.70493,72.78673,347.07,0.58,0.52,2026-07-01,735,N20,VIIRS,n,2.0NRT,294.94,36.15,D
23.64885,68.5616,340.04,0.63,0.54,2026-07-01,913,N20,VIIRS,n,2.0NRT,291.43,6.25,D
23.65387,68.56112,339.9,0.63,0.54,2026-07-01,913,N20,VIIRS,n,2.0NRT,292.24,6.25,D
23.73019,68.61693,345.3,0.32,0.55,2026-07-01,913,N20,VIIRS,n,2.0NRT,297.27,3.6,D
24.93916,68.49332,341.71,0.32,0.55,2026-07-01,913,N20,VIIRS,n,2.0NRT,291.81,1.83,D
24.9696,68.23235,339.91,0.62,0.54,2026-07-01,913,N20,VIIRS,n,2.0NRT,297.71,7.6,D
24.97024,68.23123,337.52,0.62,0.54,2026-07-01,913,N20,VIIRS,n,2.0NRT,297.6,6.07,D
25.0121,68.04041,332.03,0.61,0.53,2026-07-01,913,N20,VIIRS,n,2.0NRT,297.34,4.41,D
27.23723,67.94817,336.03,0.32,0.54,2026-07-01,915,N20,VIIRS,n,2.0NRT,299.99,0.94,D
27.35525,67.96455,333.47,0.32,0.55,2026-07-01,915,N20,VIIRS,n,2.0NRT,298.95,0.96,D
27.42274,72.41655,338.51,0.61,0.71,2026-07-01,915,N20,VIIRS,n,2.0NRT,294.94,4.96,D
27.42309,72.42276,336.38,0.61,0.71,2026-07-01,915,N20,VIIRS,n,2.0NRT,294.82,4.96,D
27.51513,72.44025,336.99,0.61,0.71,2026-07-01,915,N20,VIIRS,n,2.0NRT,296.9,5.95,D
27.51671,72.44265,340.09,0.61,0.71,2026-07-01,915,N20,VIIRS,n,2.0NRT,296.92,4.74,D
27.52206,72.44605,341.6,0.61,0.71,2026-07-01,915,N20,VIIRS,n,2.0NRT,297.56,6.17,D
27.52759,72.42693,335.72,0.61,0.71,2026-07-01,915,N20,VIIRS,n,2.0NRT,295.9,4.11,D
27.53681,67.79134,339.33,0.63,0.54,2026-07-01,915,N20,VIIRS,n,2.0NRT,301.78,6.86,D
27.66374,68.81676,330.13,0.36,0.58,2026-07-01,915,N20,VIIRS,l,2.0NRT,304.1,3.53,D
27.85612,68.73109,335.76,0.36,0.58,2026-07-01,915,N20,VIIRS,n,2.0NRT,300.23,2.43,D
27.85763,68.73179,334.8,0.36,0.57,2026-07-01,915,N20,VIIRS,n,2.0NRT,300.92,2.76,D
28.17159,67.87625,342.85,0.32,0.55,2026-07-01,915,N20,VIIRS,n,2.0NRT,302.06,3.6,D
28.49715,68.46835,336.83,0.35,0.57,2026-07-01,915,N20,VIIRS,n,2.0NRT,300.03,2.83,D
29.45334,71.5965,337.17,0.56,0.69,2026-07-01,915,N20,VIIRS,n,2.0NRT,295.59,4.42,D
29.61388,72.04879,334.48,0.6,0.71,2026-07-01,915,N20,VIIRS,n,2.0NRT,297.44,6.48,D
29.63835,71.62921,331.55,0.57,0.69,2026-07-01,915,N20,VIIRS,n,2.0NRT,295.45,5.57,D
29.63984,72.2983,347.81,0.62,0.72,2026-07-01,915,N20,VIIRS,n,2.0NRT,298.33,8.42,D
29.67929,72.0575,333.57,0.6,0.71,2026-07-01,915,N20,VIIRS,n,2.0NRT,297.87,3.11,D
29.6801,72.0578,333.33,0.6,0.71,2026-07-01,915,N20,VIIRS,n,2.0NRT,297.62,2.35,D
29.78419,71.93194,331.62,0.59,0.7,2026-07-01,915,N20,VIIRS,n,2.0NRT,297.43,2.86,D
29.90083,72.15814,339.48,0.61,0.71,2026-07-01,915,N20,VIIRS,n,2.0NRT,296.93,4.39,D
29.90584,72.15768,337.51,0.61,0.71,2026-07-01,915,N20,VIIRS,n,2.0NRT,297.36,4.1,D
29.9155,72.50903,346.44,0.64,0.72,2026-07-01,915,N20,VIIRS,n,2.0NRT,297.15,5.93,D
29.91581,72.51581,332.3,0.64,0.72,2026-07-01,915,N20,VIIRS,n,2.0NRT,296.43,5.93,D
29.91921,72.50857,350.5,0.64,0.72,2026-07-01,915,N20,VIIRS,n,2.0NRT,297.36,12.49,D
29.91956,72.51535,337.83,0.64,0.72,2026-07-01,915,N20,VIIRS,n,2.0NRT,296.55,11.3,D
29.9251,72.62479,340.42,0.65,0.73,2026-07-01,915,N20,VIIRS,n,2.0NRT,297.41,6.14,D
29.92746,72.62507,333.27,0.65,0.73,2026-07-01,915,N20,VIIRS,n,2.0NRT,297.99,5.53,D
29.96154,72.34509,331.58,0.63,0.72,2026-07-01,915,N20,VIIRS,n,2.0NRT,296.49,4.92,D
29.96186,72.35172,336.41,0.63,0.72,2026-07-01,915,N20,VIIRS,n,2.0NRT,296.35,4.92,D
30.17644,72.48399,334.83,0.64,0.72,2026-07-01,915,N20,VIIRS,n,2.0NRT,297.02,5.24,D
30.47057,71.71601,349.18,0.58,0.7,2026-07-01,915,N20,VIIRS,n,2.0NRT,294.75,8.67,D
30.47096,71.71264,338.44,0.58,0.7,2026-07-01,915,N20,VIIRS,n,2.0NRT,294.62,9.49,D
34.40586,72.74825,344.11,0.72,0.75,2026-07-01,917,N20,VIIRS,n,2.0NRT,290.18,14.24,D
35.00478,70.54234,338.02,0.54,0.68,2026-07-01,917,N20,VIIRS,n,2.0NRT,299.17,11.45,D
35.00745,70.54492,344.73,0.54,0.68,2026-07-01,917,N20,VIIRS,n,2.0NRT,298.69,8.56,D
37.03208,62.42091,345.79,0.4,0.44,2026-07-01,917,N20,VIIRS,l,2.0NRT,317.54,14.9,D
25.63103,72.95647,295.71,0.61,0.71,2026-07-01,2000,N20,VIIRS,n,2.0NRT,284.71,4.59,N
25.69533,73.59612,295.66,0.56,0.68,2026-07-01,2000,N20,VIIRS,n,2.0NRT,284.84,6.18,N
25.69569,73.59048,295.69,0.56,0.69,2026-07-01,2000,N20,VIIRS,n,2.0NRT,284.62,6.6,N
25.69715,73.56788,295.26,0.56,0.69,2026-07-01,2000,N20,VIIRS,n,2.0NRT,284.62,4.11,N
25.69752,73.56223,295.39,0.56,0.69,2026-07-01,2000,N20,VIIRS,n,2.0NRT,283.8,4.11,N
25.95712,73.85722,295.48,0.54,0.68,2026-07-01,2000,N20,VIIRS,n,2.0NRT,285.02,4.87,N
27.37477,77.69141,311.66,0.32,0.55,2026-07-01,2000,N20,VIIRS,n,2.0NRT,278.43,1.74,N
30.35615,73.51043,303.33,0.62,0.71,2026-07-01,2000,N20,VIIRS,n,2.0NRT,290.51,0.88,N
35.89013,63.01593,305.38,0.39,0.36,2026-07-01,2138,N20,VIIRS,n,2.0NRT,292.34,0.82,N
35.90773,62.96555,306.79,0.39,0.36,2026-07-01,2138,N20,VIIRS,n,2.0NRT,291.96,0.8,N
35.96863,68.68687,305.95,0.5,0.41,2026-07-01,2138,N20,VIIRS,n,2.0NRT,294.91,1.29,N
36.63588,67.06686,320.06,0.43,0.38,2026-07-01,2138,N20,VIIRS,n,2.0NRT,293.41,1.49,N
37.05595,60.90707,301.48,0.44,0.38,2026-07-01,2138,N20,VIIRS,n,2.0NRT,285.77,0.72,N
27.57519,67.81066,308.61,0.42,0.45,2026-07-01,2140,N20,VIIRS,n,2.0NRT,286.69,2.27,N
27.61876,67.9669,312.5,0.43,0.46,2026-07-01,2140,N20,VIIRS,n,2.0NRT,286.56,2.01,N
27.7477,67.76807,306.58,0.42,0.45,2026-07-01,2140,N20,VIIRS,n,2.0NRT,289.88,0.44,N
27.85446,68.59383,309.62,0.46,0.47,2026-07-01,2140,N20,VIIRS,n,2.0NRT,296.38,3.93,N
28.08987,67.77082,318.59,0.41,0.45,2026-07-01,2140,N20,VIIRS,n,2.0NRT,296.17,1.68,N
28.1423,67.84258,320.94,0.42,0.45,2026-07-01,2140,N20,VIIRS,n,2.0NRT,295.94,2.05,N
30.57819,72.83999,304.33,0.36,0.57,2026-07-01,2140,N20,VIIRS,n,2.0NRT,291.8,0.48,N
25.38899,68.58321,311.54,0.52,0.5,2026-07-01,2142,N20,VIIRS,n,2.0NRT,294.82,4.06,N