latitude,longitude,bright_ti4,scan,track,acq_date,acq_time,satellite,instrument,confidence,version,bright_ti5,frp,daynight,type
23.70859,77.76441,335.5,0.48,0.4,2021-11-15,814,N,VIIRS,n,2,305.36,4.31,D,0
23.7092,77.76917,334.53,0.48,0.4,2021-11-15,814,N,VIIRS,n,2,306.61,5.96,D,0
23.71478,77.75378,332.9,0.48,0.4,2021-11-15,814,N,VIIRS,n,2,303.32,0.76,D,0
23.80295,76.17196,338.74,0.42,0.38,2021-11-15,814,N,VIIRS,n,2,304.12,3.89,D,0
23.90138,71.21863,337,0.43,0.38,2021-11-15,814,N,VIIRS,l,2,308.26,3.6,D,0
23.9021,71.22282,356.72,0.43,0.38,2021-11-15,814,N,VIIRS,n,2,309.05,11.4,D,0
23.90281,71.22701,354.37,0.43,0.38,2021-11-15,814,N,VIIRS,n,2,308.76,11.4,D,0
23.90353,71.23119,356.63,0.43,0.38,2021-11-15,814,N,VIIRS,l,2,309.19,13.32,D,0
23.90425,71.23538,338.81,0.43,0.38,2021-11-15,814,N,VIIRS,n,2,307.75,13.32,D,0
23.90485,71.21793,348.87,0.43,0.38,2021-11-15,814,N,VIIRS,n,2,308.25,3.6,D,0
23.90557,71.22212,357.58,0.43,0.38,2021-11-15,814,N,VIIRS,l,2,308.93,11.4,D,0
23.90629,71.2263,357.44,0.43,0.38,2021-11-15,814,N,VIIRS,l,2,310.73,11.4,D,0
23.90701,71.2305,355.64,0.43,0.38,2021-11-15,814,N,VIIRS,n,2,310.68,13.32,D,0
23.90772,71.23469,348.66,0.43,0.38,2021-11-15,814,N,VIIRS,n,2,307.56,13.32,D,0
23.90833,71.21723,356.77,0.43,0.38,2021-11-15,814,N,VIIRS,l,2,308.31,9.07,D,0
23.91804,71.21093,349.2,0.43,0.38,2021-11-15,814,N,VIIRS,n,2,309.32,9.17,D,0
23.91876,71.21513,356.72,0.43,0.38,2021-11-15,814,N,VIIRS,l,2,308.66,9.17,D,0
23.97149,77.2181,339.06,0.46,0.39,2021-11-15,814,N,VIIRS,n,2,306.24,4.75,D,0
24.13739,71.28477,338.08,0.43,0.38,2021-11-15,814,N,VIIRS,n,2,306.9,5.05,D,0
24.14014,71.2799,356.06,0.43,0.38,2021-11-15,814,N,VIIRS,n,2,308.27,5.05,D,0
24.14085,71.28407,351.09,0.43,0.38,2021-11-15,814,N,VIIRS,n,2,307.29,5.05,D,0
24.1429,71.27505,349.06,0.43,0.38,2021-11-15,814,N,VIIRS,n,2,307.66,7.57,D,0
24.14361,71.27921,355.28,0.43,0.38,2021-11-15,814,N,VIIRS,l,2,309.42,7.58,D,0
24.14431,71.28337,356.09,0.43,0.38,2021-11-15,814,N,VIIRS,l,2,309.32,7.58,D,0
24.14706,71.27852,348.91,0.43,0.38,2021-11-15,814,N,VIIRS,n,2,307.53,7.58,D,0
24.14777,71.28268,348.06,0.43,0.38,2021-11-15,814,N,VIIRS,n,2,307.34,7.58,D,0
24.48536,72.77995,332.93,0.39,0.36,2021-11-15,814,N,VIIRS,n,2,302.51,1.31,D,0
24.58964,74.18669,332.75,0.39,0.36,2021-11-15,814,N,VIIRS,n,2,303.2,1.81,D,0
24.48434,67.95344,346.76,0.4,0.44,2021-11-15,815,N,VIIRS,n,2,309.46,4.34,D,0
24.48495,67.95312,348.6,0.4,0.44,2021-11-15,815,N,VIIRS,n,2,309.84,4.06,D,0
24.61564,67.96027,331.66,0.4,0.44,2021-11-15,815,N,VIIRS,n,2,304.33,2.36,D,0
24.64542,67.9616,338.55,0.4,0.44,2021-11-15,815,N,VIIRS,n,2,308.23,2.33,D,0
24.79895,69.18732,337.34,0.51,0.41,2021-11-15,815,N,VIIRS,n,2,306.58,3.77,D,0
24.80354,68.28091,333.02,0.57,0.43,2021-11-15,815,N,VIIRS,n,2,302.64,3.17,D,0
24.88875,68.51511,331.06,0.55,0.43,2021-11-15,815,N,VIIRS,n,2,303.68,2.85,D,0
24.91864,68.14143,345.39,0.39,0.44,2021-11-15,815,N,VIIRS,n,2,313.17,32.58,D,0
24.99965,74.60592,332.95,0.39,0.36,2021-11-15,815,N,VIIRS,n,2,301.79,2.37,D,0
25.00904,68.40916,332,0.56,0.43,2021-11-15,815,N,VIIRS,l,2,305.09,13.96,D,0
25.01044,68.41109,344.35,0.56,0.43,2021-11-15,815,N,VIIRS,n,2,307.32,10.81,D,0
25.05662,75.98592,332.71,0.42,0.38,2021-11-15,815,N,VIIRS,n,2,300.67,2.8,D,0
25.07593,68.54706,333.21,0.55,0.42,2021-11-15,815,N,VIIRS,n,2,303.13,4.2,D,0
25.19063,77.01179,335.93,0.46,0.39,2021-11-15,815,N,VIIRS,n,2,303.01,3.49,D,0
25.23099,69.04745,334.28,0.51,0.41,2021-11-15,815,N,VIIRS,n,2,307.16,2.41,D,0
25.23264,69.0499,341.48,0.51,0.41,2021-11-15,815,N,VIIRS,n,2,306.82,4.88,D,0
25.28273,75.69921,335.37,0.42,0.37,2021-11-15,815,N,VIIRS,n,2,301.67,4.4,D,0
25.36351,75.80952,332.42,0.42,0.38,2021-11-15,815,N,VIIRS,n,2,299.76,1.4,D,0
25.37726,76.84567,331.44,0.46,0.39,2021-11-15,815,N,VIIRS,n,2,300.87,1.68,D,0
25.38012,75.85378,333.16,0.42,0.38,2021-11-15,815,N,VIIRS,n,2,300.84,2.12,D,0
25.38494,76.87704,343.87,0.46,0.39,2021-11-15,815,N,VIIRS,n,2,302.66,5.17,D,0
25.38552,76.88161,333.91,0.46,0.39,2021-11-15,815,N,VIIRS,n,2,303.41,5.17,D,0
25.38937,75.8437,335.98,0.42,0.38,2021-11-15,815,N,VIIRS,n,2,301.95,3.59,D,0
25.42909,76.79127,334.94,0.46,0.39,2021-11-15,815,N,VIIRS,n,2,302.85,3.45,D,0
25.4311,76.6393,331.14,0.45,0.39,2021-11-15,815,N,VIIRS,l,2,301.68,3.74,D,0
25.43885,76.64265,348.06,0.45,0.39,2021-11-15,815,N,VIIRS,n,2,302.75,7.93,D,0
25.44299,76.70158,332.24,0.45,0.39,2021-11-15,815,N,VIIRS,n,2,299.13,0.81,D,0
25.44659,76.67348,349.79,0.45,0.39,2021-11-15,815,N,VIIRS,n,2,301.91,7.51,D,0
25.45973,76.68975,331.66,0.45,0.39,2021-11-15,815,N,VIIRS,l,2,302.57,3.01,D,0
25.46161,76.69085,331.38,0.45,0.39,2021-11-15,815,N,VIIRS,n,2,300.74,3.56,D,0
25.4639,76.56707,335.28,0.45,0.39,2021-11-15,815,N,VIIRS,n,2,299.77,3.93,D,0
25.46448,76.5715,336.08,0.45,0.39,2021-11-15,815,N,VIIRS,n,2,300.28,11.62,D,0
25.46804,76.57095,338.76,0.45,0.39,2021-11-15,815,N,VIIRS,n,2,302.26,11.62,D,0
25.46862,76.57539,336.3,0.45,0.39,2021-11-15,815,N,VIIRS,l,2,306.37,11.62,D,0
25.48406,76.58207,352.02,0.45,0.39,2021-11-15,815,N,VIIRS,n,2,301.75,6.11,D,0
25.49301,76.56699,331.74,0.45,0.39,2021-11-15,815,N,VIIRS,n,2,297.89,7.27,D,0
25.4936,76.57145,346.66,0.45,0.39,2021-11-15,815,N,VIIRS,n,2,301.86,7.27,D,0
25.49541,76.55752,330.22,0.45,0.39,2021-11-15,815,N,VIIRS,n,2,299.21,2.09,D,0
25.49716,76.57088,351.16,0.45,0.39,2021-11-15,815,N,VIIRS,n,2,302.29,7.27,D,0
25.50611,76.55582,331,0.45,0.39,2021-11-15,815,N,VIIRS,l,2,304.03,12.55,D,0
25.50984,76.75242,333.51,0.46,0.39,2021-11-15,815,N,VIIRS,n,2,302.96,5.12,D,0
25.51193,76.62791,333.31,0.45,0.39,2021-11-15,815,N,VIIRS,n,2,300.9,7.92,D,0
25.51252,76.6324,336.7,0.45,0.39,2021-11-15,815,N,VIIRS,n,2,302.71,7.92,D,0
25.51299,76.69196,330.53,0.45,0.39,2021-11-15,815,N,VIIRS,n,2,300.45,2.21,D,0
25.51344,76.75186,350.84,0.46,0.39,2021-11-15,815,N,VIIRS,n,2,304.73,5.12,D,0
25.51645,76.74677,344.46,0.46,0.39,2021-11-15,815,N,VIIRS,n,2,302.88,4.41,D,0
25.52793,76.69423,341.14,0.45,0.39,2021-11-15,815,N,VIIRS,n,2,302.18,6.1,D,0
25.52856,76.67113,332.5,0.45,0.39,2021-11-15,815,N,VIIRS,l,2,302.67,4.67,D,0
25.531,76.63403,338.27,0.45,0.39,2021-11-15,815,N,VIIRS,n,2,301.54,3.68,D,0
25.53207,76.72586,331.36,0.45,0.39,2021-11-15,815,N,VIIRS,l,2,303.64,2.67,D,0
25.54766,76.70493,333.14,0.45,0.39,2021-11-15,815,N,VIIRS,n,2,302.46,3.09,D,0
25.55065,76.69984,348.31,0.45,0.39,2021-11-15,815,N,VIIRS,n,2,303.34,10.97,D,0
25.55424,76.69927,332.38,0.45,0.39,2021-11-15,815,N,VIIRS,n,2,302.37,2.92,D,0
25.55484,76.7038,333.62,0.45,0.39,2021-11-15,815,N,VIIRS,n,2,302.68,5.2,D,0
25.55783,76.72646,336.06,0.45,0.39,2021-11-15,815,N,VIIRS,n,2,304.35,5.01,D,0
25.56681,76.7112,334.84,0.45,0.39,2021-11-15,815,N,VIIRS,n,2,303.63,7.82,D,0
25.57044,76.56032,345.52,0.45,0.39,2021-11-15,815,N,VIIRS,n,2,302.77,6.12,D,0
25.57401,76.55975,341.11,0.45,0.39,2021-11-15,815,N,VIIRS,n,2,299.34,6.12,D,0
25.58038,76.60896,346.83,0.45,0.39,2021-11-15,815,N,VIIRS,n,2,301.57,8.14,D,0
25.58657,76.71386,336.93,0.45,0.39,2021-11-15,815,N,VIIRS,n,2,301.1,3.05,D,0
25.58695,76.60334,352.01,0.45,0.39,2021-11-15,815,N,VIIRS,n,2,304.77,14.18,D,0
25.59053,76.60278,342.94,0.45,0.39,2021-11-15,815,N,VIIRS,n,2,302.94,7.23,D,0
25.59477,76.57927,332.87,0.45,0.39,2021-11-15,815,N,VIIRS,n,2,301.41,6.95,D,0
25.59794,76.71671,347.1,0.45,0.39,2021-11-15,815,N,VIIRS,n,2,306.89,12.6,D,0
25.59899,76.55581,336.41,0.45,0.39,2021-11-15,815,N,VIIRS,n,2,302.97,6.65,D,0
25.59958,76.56027,333.9,0.45,0.39,2021-11-15,815,N,VIIRS,n,2,300.21,4.48,D,0
25.60016,76.56474,332.06,0.45,0.39,2021-11-15,815,N,VIIRS,n,2,300.74,4.48,D,0
25.60521,76.68782,335.26,0.45,0.39,2021-11-15,815,N,VIIRS,n,2,300.08,4.33,D,0
25.60645,76.66914,333.42,0.45,0.39,2021-11-15,815,N,VIIRS,n,2,303.43,3.37,D,0
25.60672,76.55914,343.48,0.45,0.39,2021-11-15,815,N,VIIRS,n,2,303.06,5.27,D,0
25.61029,76.55858,330.58,0.45,0.39,2021-11-15,815,N,VIIRS,n,2,301,5.27,D,0
25.61084,77.0464,334.12,0.47,0.4,2021-11-15,815,N,VIIRS,n,2,302.19,10.49,D,0
25.61146,76.56751,333.24,0.45,0.39,2021-11-15,815,N,VIIRS,n,2,301.45,1.88,D,0
25.61151,76.54016,338.42,0.45,0.39,2021-11-15,815,N,VIIRS,n,2,301.97,7.15,D,0
25.61827,76.73206,341.18,0.46,0.39,2021-11-15,815,N,VIIRS,n,2,302.34,4.79,D,0
25.62096,76.58429,332,0.45,0.39,2021-11-15,815,N,VIIRS,n,2,300.57,2.34,D,0
25.62199,76.67596,337.4,0.45,0.39,2021-11-15,815,N,VIIRS,n,2,303.27,4.42,D,0
25.62214,76.59325,337.18,0.45,0.39,2021-11-15,815,N,VIIRS,n,2,302.38,3.22,D,0
25.62625,67.82719,337.97,0.39,0.44,2021-11-15,815,N,VIIRS,n,2,306.83,2.61,D,0
25.62807,76.61063,334.76,0.45,0.39,2021-11-15,815,N,VIIRS,n,2,300.75,5.78,D,0
25.62866,76.61513,333.33,0.45,0.39,2021-11-15,815,N,VIIRS,n,2,302.32,5.78,D,0
25.63168,76.58261,334.03,0.45,0.39,2021-11-15,815,N,VIIRS,n,2,302.65,4.59,D,0
25.63207,76.72527,340.98,0.46,0.39,2021-11-15,815,N,VIIRS,n,2,302.6,3.64,D,0
25.63291,76.53676,332.68,0.45,0.39,2021-11-15,815,N,VIIRS,n,2,302.03,3.46,D,0
25.63885,76.55405,335.25,0.45,0.39,2021-11-15,815,N,VIIRS,n,2,299.32,3.84,D,0
25.63944,76.55853,344.54,0.45,0.39,2021-11-15,815,N,VIIRS,n,2,301.96,3.84,D,0
25.64301,76.55797,344.12,0.45,0.39,2021-11-15,815,N,VIIRS,n,2,301.83,4.19,D,0
25.64777,76.56635,331.82,0.45,0.39,2021-11-15,815,N,VIIRS,n,2,301.76,3.19,D,0
25.65194,76.54286,331.67,0.45,0.39,2021-11-15,815,N,VIIRS,n,2,299.51,1.96,D,0
25.65253,76.57473,340.84,0.45,0.39,2021-11-15,815,N,VIIRS,n,2,302.42,4,D,0
25.65254,76.54734,331.61,0.45,0.39,2021-11-15,815,N,VIIRS,n,2,300.73,1.96,D,0
25.65263,76.53114,338.18,0.45,0.39,2021-11-15,815,N,VIIRS,n,2,301.75,3.16,D,0
25.65309,76.6896,338.65,0.45,0.39,2021-11-15,815,N,VIIRS,n,2,303.12,6.22,D,0
25.65551,76.5697,338.39,0.45,0.39,2021-11-15,815,N,VIIRS,n,2,300.55,4,D,0
25.65611,76.57417,334.84,0.45,0.39,2021-11-15,815,N,VIIRS,n,2,300.94,4,D,0
25.65723,76.56695,335.4,0.45,0.39,2021-11-15,815,N,VIIRS,n,2,302.5,2.79,D,0
25.6573,76.58311,347.75,0.45,0.39,2021-11-15,815,N,VIIRS,n,2,302.76,9.08,D,0
25.6578,76.57143,331.86,0.45,0.39,2021-11-15,815,N,VIIRS,l,2,302.6,10.88,D,0
25.65952,76.58488,346.21,0.45,0.39,2021-11-15,815,N,VIIRS,n,2,302.95,4.6,D,0
25.65968,76.5736,343.23,0.45,0.39,2021-11-15,815,N,VIIRS,n,2,303.67,8.45,D,0
25.66147,76.58703,333.28,0.45,0.39,2021-11-15,815,N,VIIRS,n,2,302.15,2.61,D,0
25.6691,76.57421,333.12,0.45,0.39,2021-11-15,815,N,VIIRS,n,2,303.09,1.74,D,0
25.68272,76.59496,350.3,0.45,0.39,2021-11-15,815,N,VIIRS,n,2,303.96,6.64,D,0
25.68706,76.54393,350.32,0.45,0.39,2021-11-15,815,N,VIIRS,n,2,302.08,7.27,D,0
25.70069,76.56464,341.51,0.45,0.39,2021-11-15,815,N,VIIRS,n,2,301.78,6.34,D,0
25.71232,76.6825,339.46,0.45,0.39,2021-11-15,815,N,VIIRS,n,2,304.07,5.54,D,0
25.71429,76.61294,333.24,0.45,0.39,2021-11-15,815,N,VIIRS,n,2,303.07,5.4,D,0
25.72092,76.57977,332.78,0.45,0.39,2021-11-15,815,N,VIIRS,n,2,300.29,8.38,D,0
25.72151,76.58427,341.24,0.45,0.39,2021-11-15,815,N,VIIRS,n,2,306.06,8.38,D,0
25.72513,76.55621,335.57,0.45,0.39,2021-11-15,815,N,VIIRS,n,2,303.67,2.72,D,0
25.7268,76.62476,337.73,0.45,0.39,2021-11-15,815,N,VIIRS,n,2,303.06,10.77,D,0
25.72916,76.64286,339.35,0.45,0.39,2021-11-15,815,N,VIIRS,n,2,307.87,14.65,D,0
25.72976,76.64739,335.38,0.45,0.39,2021-11-15,815,N,VIIRS,n,2,300.57,14.65,D,0
25.7326,76.72572,331.6,0.46,0.39,2021-11-15,815,N,VIIRS,l,2,303.39,1.33,D,0
25.73867,76.68764,334.51,0.45,0.39,2021-11-15,815,N,VIIRS,n,2,301.73,2.94,D,0
25.74598,76.54832,333.92,0.45,0.39,2021-11-15,815,N,VIIRS,l,2,306.25,7.56,D,0
25.74657,76.55281,334.66,0.45,0.39,2021-11-15,815,N,VIIRS,n,2,301.71,7.56,D,0
25.75011,76.60728,340.64,0.45,0.39,2021-11-15,815,N,VIIRS,n,2,301.49,6.01,D,0
25.75014,76.55224,333.81,0.45,0.39,2021-11-15,815,N,VIIRS,n,2,301.63,7.09,D,0
25.75428,76.63889,333.43,0.45,0.39,2021-11-15,815,N,VIIRS,n,2,301.71,1.86,D,0
25.76682,76.70643,341.06,0.46,0.39,2021-11-15,815,N,VIIRS,n,2,301.97,6.2,D,0
25.76742,76.71098,331.16,0.46,0.39,2021-11-15,815,N,VIIRS,l,2,302.01,2.45,D,0
25.77162,76.71497,336.72,0.46,0.39,2021-11-15,815,N,VIIRS,n,2,301.55,2.46,D,0
25.77282,76.72409,333.26,0.46,0.39,2021-11-15,815,N,VIIRS,n,2,301.59,18.33,D,0
25.77342,76.64514,332.52,0.45,0.39,2021-11-15,815,N,VIIRS,n,2,300.27,2.62,D,0
25.7741,76.64156,331.44,0.45,0.39,2021-11-15,815,N,VIIRS,n,2,299.65,3.61,D,0
25.77641,76.64005,330.59,0.45,0.39,2021-11-15,815,N,VIIRS,n,2,300.22,1.41,D,0
25.77702,76.72808,334.97,0.46,0.39,2021-11-15,815,N,VIIRS,l,2,307.29,15.11,D,0
25.77734,76.58115,330.12,0.45,0.39,2021-11-15,815,N,VIIRS,n,2,303.07,2.62,D,0
25.77941,76.6627,339.53,0.45,0.39,2021-11-15,815,N,VIIRS,n,2,302.64,4.25,D,0
25.78058,76.66369,337.7,0.45,0.39,2021-11-15,815,N,VIIRS,n,2,302.84,3.76,D,0
25.78092,76.58059,338.5,0.45,0.39,2021-11-15,815,N,VIIRS,n,2,303.23,19.94,D,0
25.7816,76.55751,342.56,0.45,0.39,2021-11-15,815,N,VIIRS,n,2,303.8,16.22,D,0
25.78481,76.67575,339.95,0.45,0.39,2021-11-15,815,N,VIIRS,n,2,306.22,9.57,D,0
25.78576,76.56144,335.91,0.45,0.39,2021-11-15,815,N,VIIRS,n,2,300.31,3.79,D,0
25.78591,76.67677,344.33,0.46,0.39,2021-11-15,815,N,VIIRS,n,2,306.64,13.75,D,0
25.78603,76.64893,343.17,0.45,0.39,2021-11-15,815,N,VIIRS,n,2,303.32,11.03,D,0
25.78682,76.59804,330.53,0.45,0.39,2021-11-15,815,N,VIIRS,n,2,301.3,2.08,D,0
25.79088,76.62967,333.23,0.45,0.39,2021-11-15,815,N,VIIRS,n,2,302.73,28.73,D,0
25.7931,76.67562,338.99,0.46,0.39,2021-11-15,815,N,VIIRS,n,2,301.46,5.7,D,0
25.7935,76.56481,332.4,0.45,0.39,2021-11-15,815,N,VIIRS,n,2,301.47,2.15,D,0
25.79485,76.68929,335.83,0.46,0.39,2021-11-15,815,N,VIIRS,n,2,300.94,7,D,0
25.79728,76.6796,331.34,0.46,0.39,2021-11-15,815,N,VIIRS,n,2,298.63,2.03,D,0
25.81585,76.68134,355.9,0.46,0.39,2021-11-15,815,N,VIIRS,n,2,303.54,13.33,D,0
25.82063,76.68987,346.88,0.46,0.39,2021-11-15,815,N,VIIRS,n,2,303.63,9.43,D,0
25.82253,76.64781,338.93,0.45,0.39,2021-11-15,815,N,VIIRS,n,2,303.83,7.07,D,0
25.82312,76.65235,339.94,0.45,0.39,2021-11-15,815,N,VIIRS,n,2,302.56,7.07,D,0
25.82481,76.69387,332.82,0.46,0.39,2021-11-15,815,N,VIIRS,n,2,302.62,3.1,D,0
25.82723,76.68419,346.56,0.46,0.39,2021-11-15,815,N,VIIRS,n,2,302.43,7.26,D,0
25.82907,76.66996,333.36,0.46,0.39,2021-11-15,815,N,VIIRS,l,2,304.43,18.61,D,0
25.82918,76.6144,336.52,0.45,0.39,2021-11-15,815,N,VIIRS,n,2,306.22,11.48,D,0
25.83084,76.68362,342.75,0.46,0.39,2021-11-15,815,N,VIIRS,n,2,301.15,5.45,D,0
25.84172,76.62633,331.11,0.45,0.39,2021-11-15,815,N,VIIRS,n,2,300.07,2.99,D,0
25.84231,76.63087,332.69,0.45,0.39,2021-11-15,815,N,VIIRS,n,2,300.88,2.99,D,0
25.84886,76.65293,334.28,0.45,0.39,2021-11-15,815,N,VIIRS,n,2,302.78,5.34,D,0
25.84945,76.65748,337.92,0.45,0.39,2021-11-15,815,N,VIIRS,n,2,303.22,5.34,D,0
25.85706,76.80106,347.99,0.46,0.39,2021-11-15,815,N,VIIRS,n,2,304.85,7.27,D,0
25.8788,76.57437,335.15,0.45,0.39,2021-11-15,815,N,VIIRS,n,2,299.16,3.58,D,0
25.88069,76.57543,335.05,0.45,0.39,2021-11-15,815,N,VIIRS,n,2,301.09,2.74,D,0
25.89325,76.7112,332.59,0.46,0.39,2021-11-15,815,N,VIIRS,n,2,301.71,3.12,D,0
25.89449,76.71251,333.17,0.46,0.39,2021-11-15,815,N,VIIRS,n,2,301.89,3.67,D,0
25.90832,76.70564,334.97,0.46,0.39,2021-11-15,815,N,VIIRS,n,2,301.44,2.75,D,0
25.91368,76.71882,338.06,0.46,0.39,2021-11-15,815,N,VIIRS,n,2,303.18,3.58,D,0
25.95826,76.63712,336.12,0.45,0.39,2021-11-15,815,N,VIIRS,n,2,305.28,3.4,D,0
25.99244,76.70165,330.75,0.46,0.39,2021-11-15,815,N,VIIRS,l,2,304.67,1.67,D,0
26.06193,68.76127,346.07,0.52,0.41,2021-11-15,815,N,VIIRS,n,2,303.74,9.06,D,0
26.06272,68.75856,335.83,0.52,0.41,2021-11-15,815,N,VIIRS,n,2,306.5,13.17,D,0
26.13637,68.78161,335.16,0.51,0.41,2021-11-15,815,N,VIIRS,n,2,303.11,4.33,D,0
26.32668,68.15491,336.35,0.55,0.43,2021-11-15,815,N,VIIRS,n,2,301.4,4.57,D,0
26.45888,74.6758,330.33,0.4,0.37,2021-11-15,815,N,VIIRS,n,2,301.08,1.73,D,0
26.62324,68.27219,334.33,0.53,0.42,2021-11-15,815,N,VIIRS,n,2,304.52,3.52,D,0
26.62466,68.27477,340.11,0.53,0.42,2021-11-15,815,N,VIIRS,n,2,303.61,10.43,D,0
26.62707,68.27129,335.2,0.53,0.42,2021-11-15,815,N,VIIRS,n,2,303.88,3.52,D,0
27.35559,68.40742,333.63,0.51,0.41,2021-11-15,815,N,VIIRS,n,2,301.27,2.34,D,0
28.11685,77.37208,334.76,0.52,0.41,2021-11-15,815,N,VIIRS,l,2,304.98,3.4,D,0
28.11869,77.37339,337.66,0.52,0.41,2021-11-15,815,N,VIIRS,n,2,304.15,5.83,D,0
28.1297,77.46394,330.2,0.52,0.42,2021-11-15,815,N,VIIRS,n,2,301.97,7.58,D,0
28.13035,77.46931,331.81,0.52,0.42,2021-11-15,815,N,VIIRS,n,2,299.36,7.81,D,0
28.13178,77.46755,338.85,0.52,0.42,2021-11-15,815,N,VIIRS,n,2,300.57,15.03,D,0
28.20357,77.34827,333.17,0.52,0.41,2021-11-15,815,N,VIIRS,n,2,299.51,2.59,D,0
28.72968,76.35931,331.48,0.47,0.4,2021-11-15,815,N,VIIRS,n,2,302.17,2.53,D,0
28.78459,76.64648,337.62,0.49,0.4,2021-11-15,815,N,VIIRS,n,2,300.61,3.13,D,0
28.8072,77.61573,334.74,0.54,0.42,2021-11-15,815,N,VIIRS,n,2,298.37,3.75,D,0
28.81336,77.49617,332.05,0.54,0.42,2021-11-15,815,N,VIIRS,n,2,300.02,12.01,D,0
28.17519,69.48026,330.3,0.45,0.39,2021-11-15,816,N,VIIRS,l,2,302.95,1.67,D,0
28.3068,67.39247,336.2,0.56,0.43,2021-11-15,816,N,VIIRS,n,2,307.08,2.48,D,0
28.40652,69.61884,333.15,0.44,0.38,2021-11-15,816,N,VIIRS,n,2,300.77,2.53,D,0
28.47891,69.74096,337.52,0.44,0.38,2021-11-15,816,N,VIIRS,n,2,302.82,3.25,D,0
28.52021,70.33189,343.23,0.42,0.37,2021-11-15,816,N,VIIRS,n,2,305.37,17.04,D,0
28.55689,70.21394,332.22,0.42,0.38,2021-11-15,816,N,VIIRS,n,2,301.21,2.81,D,0
28.78602,76.64831,333.14,0.49,0.4,2021-11-15,816,N,VIIRS,n,2,300.79,4.46,D,0
28.93525,71.03149,336.12,0.4,0.37,2021-11-15,816,N,VIIRS,n,2,302.57,3.67,D,0
28.94838,76.85293,336.61,0.5,0.41,2021-11-15,816,N,VIIRS,n,2,301.46,6.33,D,0
28.9531,76.39716,330.69,0.48,0.4,2021-11-15,816,N,VIIRS,n,2,297.63,3.16,D,0
28.95986,76.42109,332.32,0.48,0.4,2021-11-15,816,N,VIIRS,n,2,299.89,3.12,D,0
28.96106,76.40089,333.77,0.48,0.4,2021-11-15,816,N,VIIRS,n,2,299.48,8.3,D,0
28.97117,76.07239,332.98,0.46,0.39,2021-11-15,816,N,VIIRS,n,2,296.32,2.72,D,0
29.05546,76.60115,335.08,0.49,0.4,2021-11-15,816,N,VIIRS,n,2,299.97,5.65,D,0
29.098,76.13647,335.86,0.47,0.39,2021-11-15,816,N,VIIRS,n,2,296.65,3.71,D,0
29.10329,76.71216,334.24,0.49,0.41,2021-11-15,816,N,VIIRS,n,2,303.36,5.35,D,0
29.10699,76.68051,337.63,0.49,0.4,2021-11-15,816,N,VIIRS,n,2,299.68,3.4,D,0
29.1077,76.67776,330.53,0.49,0.4,2021-11-15,816,N,VIIRS,n,2,299.39,2.09,D,0
29.12035,75.99199,333.53,0.46,0.39,2021-11-15,816,N,VIIRS,n,2,298.3,3.22,D,0
29.12035,76.28566,336.71,0.47,0.4,2021-11-15,816,N,VIIRS,n,2,305.82,12.55,D,0
29.12621,73.31638,341.51,0.39,0.36,2021-11-15,816,N,VIIRS,n,2,306.34,5.44,D,0
29.12679,73.32035,334.85,0.39,0.36,2021-11-15,816,N,VIIRS,n,2,306.84,5.29,D,0
29.12709,76.22023,333.43,0.47,0.4,2021-11-15,816,N,VIIRS,n,2,298.56,4.55,D,0
29.13622,76.26328,345.8,0.47,0.4,2021-11-15,816,N,VIIRS,n,2,300.78,9.97,D,0
29.15763,76.49566,330.28,0.48,0.4,2021-11-15,816,N,VIIRS,n,2,299.74,2.57,D,0
29.17726,76.38146,330.76,0.48,0.4,2021-11-15,816,N,VIIRS,n,2,298.74,2.39,D,0
29.18065,76.23811,335.75,0.47,0.4,2021-11-15,816,N,VIIRS,n,2,299.55,3.58,D,0
29.18607,73.46909,332.2,0.39,0.36,2021-11-15,816,N,VIIRS,l,2,304.86,1.46,D,0
29.19138,77.02896,329.76,0.51,0.41,2021-11-15,816,N,VIIRS,n,2,297.97,2.83,D,0
29.19939,73.17191,333.7,0.39,0.36,2021-11-15,816,N,VIIRS,n,2,305.22,2.02,D,0
29.19997,73.17588,332.33,0.39,0.36,2021-11-15,816,N,VIIRS,n,2,302.93,2.43,D,0
29.20042,76.72038,332.17,0.5,0.41,2021-11-15,816,N,VIIRS,n,2,299.78,3.35,D,0
29.20873,76.19404,340.62,0.47,0.4,2021-11-15,816,N,VIIRS,n,2,301.72,4.57,D,0
29.21986,76.46752,332.72,0.48,0.4,2021-11-15,816,N,VIIRS,n,2,300.47,4.14,D,0
29.22365,76.65665,333.7,0.49,0.4,2021-11-15,816,N,VIIRS,n,2,298.35,2.56,D,0
29.22394,76.07867,339.72,0.46,0.39,2021-11-15,816,N,VIIRS,n,2,301.47,5.7,D,0
29.23906,73.57449,343.98,0.39,0.36,2021-11-15,816,N,VIIRS,n,2,306.68,3.95,D,0
29.2458,76.40269,334.99,0.48,0.4,2021-11-15,816,N,VIIRS,n,2,300.25,4.89,D,0
29.24766,76.20754,331.41,0.47,0.4,2021-11-15,816,N,VIIRS,n,2,299.52,3.45,D,0
29.25352,76.65199,334.35,0.49,0.4,2021-11-15,816,N,VIIRS,n,2,298.85,6.56,D,0
29.25951,76.76575,346.94,0.5,0.41,2021-11-15,816,N,VIIRS,n,2,300.01,8.37,D,0
29.26126,73.57478,347.91,0.39,0.36,2021-11-15,816,N,VIIRS,n,2,305.51,7.47,D,0
29.26174,76.53227,331.07,0.49,0.4,2021-11-15,816,N,VIIRS,n,2,298.59,2.13,D,0
29.26472,76.1674,331.49,0.47,0.4,2021-11-15,816,N,VIIRS,n,2,300.87,3.03,D,0
29.26525,76.17014,333.46,0.47,0.4,2021-11-15,816,N,VIIRS,n,2,301.82,2.68,D,0
29.26826,76.77489,340.71,0.5,0.41,2021-11-15,816,N,VIIRS,n,2,296.32,5.97,D,0
29.27659,73.63396,337.05,0.39,0.36,2021-11-15,816,N,VIIRS,n,2,304.47,2,D,0
29.27965,76.64788,343.38,0.49,0.4,2021-11-15,816,N,VIIRS,n,2,300.08,5.72,D,0
29.28771,76.71426,335.34,0.5,0.41,2021-11-15,816,N,VIIRS,n,2,299.1,3.89,D,0
29.29676,76.24648,337.36,0.47,0.4,2021-11-15,816,N,VIIRS,n,2,300.91,4.02,D,0
29.29708,76.69717,340.13,0.5,0.41,2021-11-15,816,N,VIIRS,n,2,297.83,3.41,D,0
29.30083,76.69658,336.52,0.5,0.41,2021-11-15,816,N,VIIRS,n,2,296.97,3.4,D,0
29.30127,76.48518,333.59,0.48,0.4,2021-11-15,816,N,VIIRS,n,2,299.49,3.38,D,0
29.3028,76.48228,332.23,0.48,0.4,2021-11-15,816,N,VIIRS,n,2,298.07,3.86,D,0
29.31277,76.13499,333.84,0.47,0.4,2021-11-15,816,N,VIIRS,n,2,299.39,3.76,D,0
29.31414,70.29095,333.44,0.41,0.37,2021-11-15,816,N,VIIRS,n,2,303.16,2.11,D,0
29.31747,73.77589,331.96,0.39,0.37,2021-11-15,816,N,VIIRS,l,2,305.67,2.55,D,0
29.32175,73.73346,339.63,0.39,0.37,2021-11-15,816,N,VIIRS,n,2,304.26,5.05,D,0
29.32274,76.39785,334.48,0.48,0.4,2021-11-15,816,N,VIIRS,n,2,300.87,4.34,D,0
29.32314,76.59972,330.57,0.49,0.4,2021-11-15,816,N,VIIRS,n,2,298.55,1.87,D,0
29.33277,76.77014,330.04,0.5,0.41,2021-11-15,816,N,VIIRS,n,2,299.46,2.19,D,0
29.33469,73.87293,334.41,0.4,0.37,2021-11-15,816,N,VIIRS,l,2,307.32,1.73,D,0
29.34598,76.74979,334.09,0.5,0.41,2021-11-15,816,N,VIIRS,n,2,300.57,3.4,D,0
29.34978,76.91358,330.66,0.51,0.41,2021-11-15,816,N,VIIRS,n,2,297.14,2.37,D,0
29.34995,76.91063,334.4,0.51,0.41,2021-11-15,816,N,VIIRS,n,2,298.24,3.5,D,0
29.35015,75.72543,341.83,0.45,0.39,2021-11-15,816,N,VIIRS,n,2,302.79,9.8,D,0
29.35702,73.98213,336.42,0.4,0.37,2021-11-15,816,N,VIIRS,n,2,304.86,3.17,D,0
29.35802,76.6903,339.27,0.5,0.41,2021-11-15,816,N,VIIRS,n,2,301.86,8.25,D,0
29.36066,73.69298,332.64,0.39,0.36,2021-11-15,816,N,VIIRS,n,2,306.77,4.29,D,0
29.36124,73.69702,337.33,0.39,0.36,2021-11-15,816,N,VIIRS,n,2,310.5,9.65,D,0
29.36176,76.68971,331.67,0.5,0.41,2021-11-15,816,N,VIIRS,n,2,298.37,3.67,D,0
29.37243,76.65157,340.26,0.49,0.41,2021-11-15,816,N,VIIRS,n,2,301.27,11.65,D,0
29.37744,76.63001,330.06,0.49,0.4,2021-11-15,816,N,VIIRS,n,2,300.89,3.36,D,0
29.37851,76.76579,333.2,0.5,0.41,2021-11-15,816,N,VIIRS,n,2,301.55,6.26,D,0
29.37931,76.61416,334.7,0.49,0.4,2021-11-15,816,N,VIIRS,n,2,301.88,3.86,D,0
29.38729,76.37242,330.2,0.48,0.4,2021-11-15,816,N,VIIRS,n,2,298.21,1.99,D,0
29.39347,76.39169,331.68,0.48,0.4,2021-11-15,816,N,VIIRS,n,2,298.13,5.84,D,0
29.39359,76.70042,332.62,0.5,0.41,2021-11-15,816,N,VIIRS,n,2,300.45,3.95,D,0
29.39508,76.38934,336.31,0.48,0.4,2021-11-15,816,N,VIIRS,n,2,297.78,5.19,D,0
29.40104,76.79394,334.36,0.5,0.41,2021-11-15,816,N,VIIRS,n,2,298.18,3.08,D,0
29.40506,77.40271,331.95,0.54,0.42,2021-11-15,816,N,VIIRS,n,2,297.38,4.21,D,0
29.40527,77.40059,331.64,0.54,0.42,2021-11-15,816,N,VIIRS,n,2,297.84,3.92,D,0
29.4095,74.66727,333.62,0.42,0.37,2021-11-15,816,N,VIIRS,n,2,304.38,2.5,D,0
29.41075,75.16503,334.16,0.43,0.38,2021-11-15,816,N,VIIRS,n,2,300.29,1.94,D,0
29.41329,74.91745,330.98,0.42,0.38,2021-11-15,816,N,VIIRS,n,2,301.74,2.28,D,0
29.41722,76.58235,333.22,0.49,0.4,2021-11-15,816,N,VIIRS,n,2,302.3,3.35,D,0
29.41772,74.01373,333.75,0.4,0.37,2021-11-15,816,N,VIIRS,l,2,304.71,7.36,D,0
29.41843,76.58536,341.8,0.49,0.4,2021-11-15,816,N,VIIRS,n,2,302.02,6.35,D,0
29.42605,73.97425,335.9,0.4,0.37,2021-11-15,816,N,VIIRS,n,2,305.48,3.57,D,0
29.42649,76.58926,339.02,0.49,0.4,2021-11-15,816,N,VIIRS,n,2,302.02,5.29,D,0
29.42966,76.59074,340,0.49,0.4,2021-11-15,816,N,VIIRS,n,2,299.41,5.2,D,0
29.42981,76.68433,334.53,0.5,0.41,2021-11-15,816,N,VIIRS,n,2,300.17,3.1,D,0
29.43049,76.68756,333.15,0.5,0.41,2021-11-15,816,N,VIIRS,n,2,300.21,3.75,D,0
29.43326,76.363,341.89,0.48,0.4,2021-11-15,816,N,VIIRS,n,2,299.38,5.01,D,0
29.43638,76.60845,336.57,0.49,0.4,2021-11-15,816,N,VIIRS,n,2,301.66,3.75,D,0
29.43768,76.58751,335.48,0.49,0.4,2021-11-15,816,N,VIIRS,n,2,302.18,3.54,D,0
29.44257,74.04299,330.12,0.4,0.37,2021-11-15,816,N,VIIRS,l,2,301.41,54.99,D,0
29.444,76.54516,333.22,0.49,0.4,2021-11-15,816,N,VIIRS,n,2,300.28,1.74,D,0
29.44809,74.00817,335.02,0.4,0.37,2021-11-15,816,N,VIIRS,l,2,307.49,3.17,D,0
29.44867,74.01229,334.74,0.4,0.37,2021-11-15,816,N,VIIRS,l,2,307.16,3.17,D,0
29.45267,76.55412,337,0.49,0.4,2021-11-15,816,N,VIIRS,n,2,300.11,3.71,D,0
29.46266,76.79845,341.33,0.5,0.41,2021-11-15,816,N,VIIRS,n,2,300.52,4.1,D,0
29.46425,75.77509,330.7,0.45,0.39,2021-11-15,816,N,VIIRS,n,2,301.57,1.75,D,0
29.46485,75.00332,336.82,0.43,0.38,2021-11-15,816,N,VIIRS,n,2,300.85,3.59,D,0
29.47143,76.8077,334.07,0.5,0.41,2021-11-15,816,N,VIIRS,n,2,300.53,2.96,D,0
29.47432,76.12365,331.32,0.47,0.4,2021-11-15,816,N,VIIRS,n,2,299.04,1.95,D,0
29.47441,76.09399,334.16,0.47,0.4,2021-11-15,816,N,VIIRS,n,2,300.21,3.96,D,0
29.47481,76.1263,330.21,0.47,0.4,2021-11-15,816,N,VIIRS,n,2,299.93,2.5,D,0
29.47983,76.10793,349.81,0.47,0.4,2021-11-15,816,N,VIIRS,n,2,304.27,14.93,D,0
29.4849,76.24141,341.18,0.47,0.4,2021-11-15,816,N,VIIRS,n,2,299.9,5.74,D,0
29.48537,76.239,333.06,0.47,0.4,2021-11-15,816,N,VIIRS,n,2,300.07,3.24,D,0
29.48677,76.40015,330.85,0.48,0.4,2021-11-15,816,N,VIIRS,n,2,300.39,2.29,D,0
29.48837,74.80756,336.48,0.42,0.38,2021-11-15,816,N,VIIRS,n,2,300.01,3.42,D,0
29.48849,74.12364,334.25,0.4,0.37,2021-11-15,816,N,VIIRS,l,2,305.59,3.39,D,0
29.48877,75.795,332.18,0.45,0.39,2021-11-15,816,N,VIIRS,n,2,297.92,2.45,D,0
29.49422,76.46018,331.36,0.49,0.4,2021-11-15,816,N,VIIRS,n,2,300.72,2.1,D,0
29.4974,76.12982,331.68,0.47,0.4,2021-11-15,816,N,VIIRS,n,2,300.58,3.08,D,0
29.49956,74.50826,330.18,0.41,0.37,2021-11-15,816,N,VIIRS,n,2,303.43,1.14,D,0
29.50191,74.68261,334.65,0.42,0.37,2021-11-15,816,N,VIIRS,n,2,301.58,2.94,D,0
29.50358,74.68581,330.41,0.42,0.37,2021-11-15,816,N,VIIRS,l,2,300.66,2.25,D,0
29.50552,74.14607,346.89,0.4,0.37,2021-11-15,816,N,VIIRS,n,2,307.78,20.6,D,0
29.50731,75.24532,333.51,0.43,0.38,2021-11-15,816,N,VIIRS,n,2,302.18,4.87,D,0
29.50762,74.59396,351.57,0.41,0.37,2021-11-15,816,N,VIIRS,n,2,305.07,7.61,D,0
29.50891,74.14546,342.16,0.4,0.37,2021-11-15,816,N,VIIRS,n,2,308.7,20.6,D,0
29.509,76.42719,333.2,0.48,0.4,2021-11-15,816,N,VIIRS,n,2,299.7,1.98,D,0
29.50903,74.7774,333.92,0.42,0.38,2021-11-15,816,N,VIIRS,n,2,299.42,5.67,D,0
29.50945,74.9642,337.19,0.42,0.38,2021-11-15,816,N,VIIRS,n,2,301.61,3.3,D,0
29.51255,75.3133,334.75,0.44,0.38,2021-11-15,816,N,VIIRS,n,2,298.42,3.5,D,0
29.51486,75.11195,334.7,0.43,0.38,2021-11-15,816,N,VIIRS,n,2,299.17,3.34,D,0
29.51602,74.80272,330.57,0.42,0.38,2021-11-15,816,N,VIIRS,n,2,300.13,2.16,D,0
29.51611,76.22137,337.6,0.47,0.4,2021-11-15,816,N,VIIRS,n,2,299.47,10.47,D,0
29.51752,74.18225,336.09,0.4,0.37,2021-11-15,816,N,VIIRS,n,2,301.78,4.62,D,0
29.51763,76.35708,336.52,0.48,0.4,2021-11-15,816,N,VIIRS,n,2,301.44,6.81,D,0
29.51795,74.80338,333.18,0.42,0.38,2021-11-15,816,N,VIIRS,n,2,301.44,2.5,D,0
29.5181,74.18642,332.82,0.4,0.37,2021-11-15,816,N,VIIRS,n,2,300.08,4.62,D,0
29.51839,76.30134,333.39,0.48,0.4,2021-11-15,816,N,VIIRS,n,2,299.86,2.46,D,0
29.51843,74.54404,343.36,0.41,0.37,2021-11-15,816,N,VIIRS,n,2,303.1,3.1,D,0
29.51859,76.81634,337.43,0.5,0.41,2021-11-15,816,N,VIIRS,n,2,300.03,3.52,D,0
29.52018,75.23396,338.82,0.43,0.38,2021-11-15,816,N,VIIRS,n,2,304.29,12.23,D,0
29.52896,74.21435,339.5,0.4,0.37,2021-11-15,816,N,VIIRS,n,2,302.06,3.59,D,0
29.52929,74.54647,332.96,0.41,0.37,2021-11-15,816,N,VIIRS,n,2,301.01,3.25,D,0
29.52958,75.85565,332.51,0.46,0.39,2021-11-15,816,N,VIIRS,n,2,300.27,6.09,D,0
29.5306,74.68634,334.54,0.42,0.37,2021-11-15,816,N,VIIRS,n,2,302.76,5.73,D,0
29.53111,74.61167,332.4,0.41,0.37,2021-11-15,816,N,VIIRS,n,2,300.18,4.7,D,0
29.53368,75.2821,339.04,0.44,0.38,2021-11-15,816,N,VIIRS,n,2,301.28,6.46,D,0
29.53451,76.09908,333.86,0.47,0.4,2021-11-15,816,N,VIIRS,n,2,303.22,6.23,D,0
29.53477,74.43259,332.56,0.41,0.37,2021-11-15,816,N,VIIRS,n,2,302.94,1.97,D,0
29.53512,76.10391,333.13,0.47,0.4,2021-11-15,816,N,VIIRS,n,2,301.29,6.23,D,0
29.53517,74.20895,344.19,0.4,0.37,2021-11-15,816,N,VIIRS,n,2,301.41,4.78,D,0
29.53528,75.13113,336.85,0.43,0.38,2021-11-15,816,N,VIIRS,n,2,300.16,5.67,D,0
29.53719,75.28151,341.57,0.44,0.38,2021-11-15,816,N,VIIRS,n,2,302.89,11.34,D,0
29.53726,74.52763,342.99,0.41,0.37,2021-11-15,816,N,VIIRS,n,2,308.65,11.33,D,0
29.53816,76.09848,337.35,0.47,0.4,2021-11-15,816,N,VIIRS,n,2,300.85,6.23,D,0
29.53872,75.65942,331.09,0.45,0.39,2021-11-15,816,N,VIIRS,n,2,298.84,2.03,D,0
29.54282,75.10715,331.04,0.43,0.38,2021-11-15,816,N,VIIRS,n,2,298.26,1.58,D,0
29.54546,74.23274,334.01,0.4,0.37,2021-11-15,816,N,VIIRS,n,2,302.93,2.34,D,0
29.54726,76.08218,340.78,0.47,0.4,2021-11-15,816,N,VIIRS,n,2,305.4,10.79,D,0
29.54748,74.49972,333.39,0.41,0.37,2021-11-15,816,N,VIIRS,n,2,303.09,2.51,D,0
29.55304,75.29261,343.8,0.44,0.38,2021-11-15,816,N,VIIRS,n,2,300.33,11.82,D,0
29.55526,70.43101,335.77,0.41,0.37,2021-11-15,816,N,VIIRS,n,2,304.44,2.27,D,0
29.55534,75.25546,331.28,0.43,0.38,2021-11-15,816,N,VIIRS,n,2,297.63,6.35,D,0
29.55842,76.92268,333.56,0.51,0.41,2021-11-15,816,N,VIIRS,n,2,300.36,3.52,D,0
29.55885,75.25487,343.63,0.43,0.38,2021-11-15,816,N,VIIRS,n,2,299.9,6.35,D,0
29.56305,75.31394,333.03,0.44,0.38,2021-11-15,816,N,VIIRS,n,2,299.16,3.65,D,0
29.5641,75.24022,332.63,0.43,0.38,2021-11-15,816,N,VIIRS,n,2,300.15,2.74,D,0
29.56587,74.30746,339.64,0.41,0.37,2021-11-15,816,N,VIIRS,n,2,304.91,6.05,D,0
29.56824,74.39634,351.16,0.41,0.37,2021-11-15,816,N,VIIRS,n,2,309.82,29.44,D,0
29.57031,75.62099,345.72,0.45,0.39,2021-11-15,816,N,VIIRS,n,2,304.68,14.52,D,0
29.57378,75.42329,331.42,0.44,0.38,2021-11-15,816,N,VIIRS,n,2,300.51,1.86,D,0
29.57537,74.22422,338.88,0.4,0.37,2021-11-15,816,N,VIIRS,n,2,303.88,4.72,D,0
29.57685,75.58681,332.7,0.45,0.39,2021-11-15,816,N,VIIRS,n,2,299.89,1.15,D,0
29.57714,74.26247,346.1,0.41,0.37,2021-11-15,816,N,VIIRS,n,2,308.35,14.51,D,0
29.57882,74.24931,352.25,0.41,0.37,2021-11-15,816,N,VIIRS,n,2,311.92,27.62,D,0
29.58013,74.76588,345.63,0.42,0.38,2021-11-15,816,N,VIIRS,n,2,303.61,7.7,D,0
29.58193,74.45147,337.77,0.41,0.37,2021-11-15,816,N,VIIRS,n,2,302.47,3.7,D,0
29.58232,74.30021,342.73,0.41,0.37,2021-11-15,816,N,VIIRS,n,2,301.5,4.39,D,0
29.59382,74.38438,344.38,0.41,0.37,2021-11-15,816,N,VIIRS,n,2,308.67,14.02,D,0
29.59393,74.48843,330.74,0.41,0.37,2021-11-15,816,N,VIIRS,n,2,301.31,2.24,D,0
29.59764,71.63271,346.17,0.39,0.36,2021-11-15,816,N,VIIRS,n,2,303.97,9.44,D,0
29.59793,74.49207,337.19,0.41,0.37,2021-11-15,816,N,VIIRS,n,2,303.44,6.58,D,0
29.59966,74.50482,338.84,0.41,0.37,2021-11-15,816,N,VIIRS,n,2,305.53,9.64,D,0
29.6006,75.57342,340.57,0.45,0.39,2021-11-15,816,N,VIIRS,n,2,307.31,73.43,D,0
29.60349,74.6779,332.9,0.42,0.37,2021-11-15,816,N,VIIRS,n,2,301.71,2.33,D,0
29.60384,75.46636,332.47,0.44,0.39,2021-11-15,816,N,VIIRS,n,2,298.6,1.77,D,0
29.60408,74.68221,332.6,0.42,0.37,2021-11-15,816,N,VIIRS,n,2,302.41,2.33,D,0
29.60423,75.62954,332.73,0.45,0.39,2021-11-15,816,N,VIIRS,n,2,300.15,2.96,D,0
29.60428,76.89178,332.95,0.51,0.41,2021-11-15,816,N,VIIRS,n,2,301.53,5.8,D,0
29.60546,75.66734,331.68,0.45,0.39,2021-11-15,816,N,VIIRS,n,2,303.54,5.93,D,0
29.6055,75.89811,344.55,0.46,0.39,2021-11-15,816,N,VIIRS,n,2,302.3,9.74,D,0
29.60606,75.672,333.41,0.45,0.39,2021-11-15,816,N,VIIRS,n,2,300.79,5.86,D,0
29.60808,76.89119,334.04,0.51,0.41,2021-11-15,816,N,VIIRS,n,2,302.46,5.58,D,0
29.6082,75.33076,334.64,0.44,0.38,2021-11-15,816,N,VIIRS,n,2,306,9.92,D,0
29.60885,74.59931,333.36,0.41,0.37,2021-11-15,816,N,VIIRS,n,2,302.06,2.75,D,0
29.60911,75.75269,333.28,0.45,0.39,2021-11-15,816,N,VIIRS,n,2,301.46,7.49,D,0
29.61173,75.33015,333.58,0.44,0.38,2021-11-15,816,N,VIIRS,n,2,297.94,9.92,D,0
29.61816,74.33251,332.2,0.41,0.37,2021-11-15,816,N,VIIRS,l,2,302.88,1.6,D,0
29.61968,75.60803,332.82,0.45,0.39,2021-11-15,816,N,VIIRS,n,2,301.33,1.65,D,0
29.6213,76.29698,330.66,0.48,0.4,2021-11-15,816,N,VIIRS,n,2,299.98,1.82,D,0
29.62187,75.60926,334.4,0.45,0.39,2021-11-15,816,N,VIIRS,n,2,300.84,2.79,D,0
29.62277,75.03122,331.14,0.43,0.38,2021-11-15,816,N,VIIRS,n,2,298.34,2.37,D,0
29.6272,75.95304,333.74,0.46,0.39,2021-11-15,816,N,VIIRS,n,2,300.47,3.87,D,0
29.63071,74.34751,333.44,0.41,0.37,2021-11-15,816,N,VIIRS,n,2,303.83,1.47,D,0
29.63113,75.28529,331.28,0.44,0.38,2021-11-15,816,N,VIIRS,n,2,299.16,6.5,D,0
29.63227,75.1841,339,0.43,0.38,2021-11-15,816,N,VIIRS,n,2,298.78,4.07,D,0
29.63322,75.91303,332.34,0.46,0.39,2021-11-15,816,N,VIIRS,n,2,300,4.55,D,0
29.64201,75.6534,335.52,0.45,0.39,2021-11-15,816,N,VIIRS,n,2,300.65,2.82,D,0
29.64322,71.63971,334.36,0.39,0.36,2021-11-15,816,N,VIIRS,n,2,301.99,2.11,D,0
29.64466,75.33382,337.96,0.44,0.38,2021-11-15,816,N,VIIRS,n,2,300.47,4.88,D,0
29.64509,75.59116,332.64,0.45,0.39,2021-11-15,816,N,VIIRS,n,2,301.63,1.85,D,0
29.64518,75.22771,337.72,0.43,0.38,2021-11-15,816,N,VIIRS,n,2,301.43,5.78,D,0
29.64522,74.45319,331.63,0.41,0.37,2021-11-15,816,N,VIIRS,n,2,302.12,1.99,D,0
29.64566,71.80725,334.34,0.39,0.36,2021-11-15,816,N,VIIRS,n,2,302.81,2.4,D,0
29.64653,71.63902,341.66,0.39,0.36,2021-11-15,816,N,VIIRS,n,2,305.39,19.09,D,0
29.64818,75.33321,347.13,0.44,0.38,2021-11-15,816,N,VIIRS,n,2,299.4,4.88,D,0
29.64864,74.45258,351.45,0.41,0.37,2021-11-15,816,N,VIIRS,n,2,306.85,13.15,D,0
29.64897,71.80657,338.61,0.39,0.36,2021-11-15,816,N,VIIRS,n,2,300.98,2.4,D,0
29.64922,74.45683,330.9,0.41,0.37,2021-11-15,816,N,VIIRS,l,2,302.05,13.15,D,0
29.6496,71.81054,333.46,0.39,0.36,2021-11-15,816,N,VIIRS,n,2,303.53,3.6,D,0
29.6596,71.65685,332.13,0.39,0.36,2021-11-15,816,N,VIIRS,n,2,301.81,1.59,D,0
29.66052,75.31724,334.04,0.44,0.38,2021-11-15,816,N,VIIRS,n,2,300.63,4.75,D,0
29.66171,75.32629,333.07,0.44,0.38,2021-11-15,816,N,VIIRS,n,2,300.54,3.42,D,0
29.66735,75.1781,340.12,0.43,0.38,2021-11-15,816,N,VIIRS,n,2,299.5,6.32,D,0
29.67157,75.83086,334.07,0.46,0.39,2021-11-15,816,N,VIIRS,n,2,305.33,6.29,D,0
29.67174,75.34776,332.39,0.44,0.38,2021-11-15,816,N,VIIRS,n,2,298.47,3.92,D,0
29.67224,76.37524,344.87,0.48,0.4,2021-11-15,816,N,VIIRS,n,2,305.02,7.13,D,0
29.67534,76.01094,333.65,0.47,0.39,2021-11-15,816,N,VIIRS,n,2,303.15,3.69,D,0
29.67567,76.01385,335.17,0.47,0.39,2021-11-15,816,N,VIIRS,n,2,303.19,5.96,D,0
29.67594,76.37466,339.34,0.48,0.4,2021-11-15,816,N,VIIRS,n,2,303.56,8.4,D,0
29.67761,75.33749,344.54,0.44,0.38,2021-11-15,816,N,VIIRS,n,2,302.31,9.71,D,0
29.67866,75.26339,335.59,0.44,0.38,2021-11-15,816,N,VIIRS,l,2,307.4,27.06,D,0
29.67995,75.32783,332.36,0.44,0.38,2021-11-15,816,N,VIIRS,n,2,298.72,2.71,D,0
29.68055,75.33236,332.21,0.44,0.38,2021-11-15,816,N,VIIRS,n,2,299.32,4,D,0
29.68136,75.20497,336.65,0.43,0.38,2021-11-15,816,N,VIIRS,n,2,300.15,3.68,D,0
29.68145,75.20318,343.01,0.43,0.38,2021-11-15,816,N,VIIRS,n,2,299.63,5.09,D,0
29.68245,76.06907,333.13,0.47,0.4,2021-11-15,816,N,VIIRS,n,2,302.77,11.55,D,0
29.68254,75.54239,337.4,0.45,0.39,2021-11-15,816,N,VIIRS,n,2,300.24,2.93,D,0
29.68306,76.07188,346.63,0.47,0.4,2021-11-15,816,N,VIIRS,n,2,304.36,12.8,D,0
29.68488,75.20437,332.37,0.43,0.38,2021-11-15,816,N,VIIRS,n,2,299.06,1.85,D,0
29.68491,75.53255,333.27,0.45,0.39,2021-11-15,816,N,VIIRS,l,2,305.29,5.09,D,0
29.68719,75.83798,334.24,0.46,0.39,2021-11-15,816,N,VIIRS,n,2,303.63,2.62,D,0
29.68729,75.55103,334.71,0.45,0.39,2021-11-15,816,N,VIIRS,n,2,302.19,3.74,D,0
29.68847,75.53196,332.75,0.45,0.39,2021-11-15,816,N,VIIRS,n,2,298.62,5.09,D,0
29.69198,76.38232,330.82,0.48,0.4,2021-11-15,816,N,VIIRS,n,2,301.58,2.31,D,0
29.69657,76.00255,346.73,0.47,0.39,2021-11-15,816,N,VIIRS,n,2,304.8,29.05,D,0
29.69663,75.42736,333.47,0.44,0.38,2021-11-15,816,N,VIIRS,n,2,301.92,28.04,D,0
29.70071,75.16042,342.29,0.43,0.38,2021-11-15,816,N,VIIRS,n,2,299.4,4.28,D,0
29.70111,75.33076,332.42,0.44,0.38,2021-11-15,816,N,VIIRS,n,2,301.8,3.25,D,0
29.70173,76.13555,340.63,0.47,0.4,2021-11-15,816,N,VIIRS,n,2,300.07,4.39,D,0
29.70227,75.33985,332.59,0.44,0.38,2021-11-15,816,N,VIIRS,n,2,302.15,4.47,D,0
29.703,76.75601,331.09,0.5,0.41,2021-11-15,816,N,VIIRS,n,2,300.68,1.8,D,0
29.70464,75.33017,331.17,0.44,0.38,2021-11-15,816,N,VIIRS,n,2,300.54,3.25,D,0
29.70584,75.31141,333.45,0.44,0.38,2021-11-15,816,N,VIIRS,n,2,301.51,5.2,D,0
29.70591,75.25597,335.36,0.44,0.38,2021-11-15,816,N,VIIRS,n,2,300.91,2.35,D,0
29.70781,75.40214,333.24,0.44,0.38,2021-11-15,816,N,VIIRS,n,2,302.88,2.32,D,0
29.70852,75.46278,340.09,0.44,0.39,2021-11-15,816,N,VIIRS,n,2,298.98,4.74,D,0
29.70934,75.95622,339.56,0.46,0.39,2021-11-15,816,N,VIIRS,n,2,302.11,4.87,D,0
29.70982,75.39907,346.95,0.44,0.38,2021-11-15,816,N,VIIRS,n,2,302.47,4.19,D,0
29.71122,76.69638,335.93,0.5,0.41,2021-11-15,816,N,VIIRS,n,2,301.48,4.97,D,0
29.71224,75.54688,331.43,0.45,0.39,2021-11-15,816,N,VIIRS,n,2,301.8,2.81,D,0
29.71382,75.44783,331.36,0.44,0.39,2021-11-15,816,N,VIIRS,n,2,301.38,2.41,D,0
29.71564,75.44483,339.44,0.44,0.39,2021-11-15,816,N,VIIRS,n,2,302.82,5.17,D,0
29.71668,75.51044,333.14,0.45,0.39,2021-11-15,816,N,VIIRS,n,2,301.25,11.22,D,0
29.7181,75.50816,343.89,0.45,0.39,2021-11-15,816,N,VIIRS,n,2,302.25,11.05,D,0
29.71811,75.37901,334.09,0.44,0.38,2021-11-15,816,N,VIIRS,n,2,300.73,5.64,D,0
29.71898,76.00381,345.81,0.47,0.39,2021-11-15,816,N,VIIRS,n,2,306.6,15.43,D,0
29.72001,75.57867,332.07,0.45,0.39,2021-11-15,816,N,VIIRS,n,2,302.69,11.66,D,0
29.72062,75.5833,344.1,0.45,0.39,2021-11-15,816,N,VIIRS,n,2,312.15,11.66,D,0
29.72247,76.12222,331.98,0.47,0.4,2021-11-15,816,N,VIIRS,n,2,299.73,2.96,D,0
29.72252,76.09235,336.42,0.47,0.4,2021-11-15,816,N,VIIRS,n,2,303,8.78,D,0
29.72262,76.00323,343.98,0.47,0.39,2021-11-15,816,N,VIIRS,n,2,299.79,11,D,0
29.72358,75.57807,332.27,0.45,0.39,2021-11-15,816,N,VIIRS,n,2,302.07,11.66,D,0
29.72382,76.01289,332.31,0.47,0.39,2021-11-15,816,N,VIIRS,n,2,299.83,4.39,D,0
29.72419,75.5827,337.17,0.45,0.39,2021-11-15,816,N,VIIRS,n,2,302.51,11.66,D,0
29.72442,76.01772,334.33,0.47,0.39,2021-11-15,816,N,VIIRS,n,2,300.63,4.39,D,0
29.72507,75.46199,330.6,0.44,0.39,2021-11-15,816,N,VIIRS,l,2,301.17,2.94,D,0
29.72906,70.76132,332.63,0.4,0.37,2021-11-15,816,N,VIIRS,n,2,299.28,2.15,D,0
29.73337,76.18047,349.46,0.47,0.4,2021-11-15,816,N,VIIRS,n,2,303.45,8.43,D,0
29.73704,76.17989,337.41,0.47,0.4,2021-11-15,816,N,VIIRS,n,2,301.7,6.84,D,0
29.74053,75.35659,345.56,0.44,0.38,2021-11-15,816,N,VIIRS,n,2,302.8,6.9,D,0
29.74054,75.27312,332.28,0.44,0.38,2021-11-15,816,N,VIIRS,n,2,300.25,2.14,D,0
29.74551,76.24901,343.12,0.48,0.4,2021-11-15,816,N,VIIRS,n,2,300,9.46,D,0
29.74696,75.46301,333.31,0.44,0.39,2021-11-15,816,N,VIIRS,n,2,302.31,3.27,D,0
29.74737,75.60945,350.05,0.45,0.39,2021-11-15,816,N,VIIRS,n,2,305.79,14.06,D,0
29.74873,75.47681,339.65,0.44,0.39,2021-11-15,816,N,VIIRS,n,2,302.33,5.95,D,0
29.74967,71.86474,331.1,0.39,0.36,2021-11-15,816,N,VIIRS,l,2,302.75,3.4,D,0
29.75168,75.49986,331.34,0.45,0.39,2021-11-15,816,N,VIIRS,n,2,299.87,3.81,D,0
29.75226,75.50447,331.94,0.45,0.39,2021-11-15,816,N,VIIRS,n,2,300.12,3.81,D,0
29.75685,75.77814,338.16,0.46,0.39,2021-11-15,816,N,VIIRS,n,2,302.23,4.96,D,0
29.75717,75.77558,332.77,0.46,0.39,2021-11-15,816,N,VIIRS,n,2,302.43,5.38,D,0
29.76877,76.07491,352.8,0.47,0.4,2021-11-15,816,N,VIIRS,n,2,304.01,19.24,D,0
29.77242,76.07432,344.8,0.47,0.4,2021-11-15,816,N,VIIRS,n,2,303.05,19.24,D,0
29.77374,75.87967,337.05,0.46,0.39,2021-11-15,816,N,VIIRS,n,2,303.55,3.82,D,0
29.77736,75.87907,340.58,0.46,0.39,2021-11-15,816,N,VIIRS,n,2,301.8,5.15,D,0
29.77832,75.65197,334.66,0.45,0.39,2021-11-15,816,N,VIIRS,n,2,301.47,2.39,D,0
29.77949,75.40598,332.52,0.44,0.38,2021-11-15,816,N,VIIRS,n,2,299.94,2.9,D,0
29.77955,75.57557,333.57,0.45,0.39,2021-11-15,816,N,VIIRS,l,2,304.04,14.31,D,0
29.78244,75.40081,343.28,0.44,0.38,2021-11-15,816,N,VIIRS,n,2,305.19,15.41,D,0
29.7837,75.63674,333.66,0.45,0.39,2021-11-15,816,N,VIIRS,n,2,300.42,2.46,D,0
29.78371,75.60815,339.5,0.45,0.39,2021-11-15,816,N,VIIRS,n,2,305.29,10.89,D,0
29.78419,75.38649,341.65,0.44,0.38,2021-11-15,816,N,VIIRS,n,2,302.47,4.12,D,0
29.78482,75.41912,331.84,0.44,0.39,2021-11-15,816,N,VIIRS,n,2,298.85,1.5,D,0
29.78609,75.62681,345.37,0.45,0.39,2021-11-15,816,N,VIIRS,n,2,301.02,11.54,D,0
29.78728,75.60755,337.52,0.45,0.39,2021-11-15,816,N,VIIRS,n,2,299.82,7.79,D,0
29.78766,72.46404,337.48,0.38,0.36,2021-11-15,816,N,VIIRS,n,2,302.79,2.46,D,0
29.78769,75.35791,333.36,0.44,0.38,2021-11-15,816,N,VIIRS,n,2,301.63,4.21,D,0
29.78847,75.61687,343.39,0.45,0.39,2021-11-15,816,N,VIIRS,n,2,302.97,8.07,D,0
29.78889,75.36703,337.14,0.44,0.38,2021-11-15,816,N,VIIRS,n,2,299.66,2.95,D,0
29.78907,75.62154,333.37,0.45,0.39,2021-11-15,816,N,VIIRS,n,2,301.81,8.07,D,0
29.78958,75.77023,333.53,0.46,0.39,2021-11-15,816,N,VIIRS,n,2,302.25,2.5,D,0
29.79026,75.63088,334.92,0.45,0.39,2021-11-15,816,N,VIIRS,n,2,300.18,3.18,D,0
29.79144,75.55462,333.46,0.45,0.39,2021-11-15,816,N,VIIRS,n,2,299.79,3.76,D,0
29.79214,75.22744,345.63,0.44,0.38,2021-11-15,816,N,VIIRS,n,2,307.66,13.3,D,0
29.79219,75.22883,355.38,0.44,0.38,2021-11-15,816,N,VIIRS,n,2,308.67,18.8,D,0
29.79243,75.36642,341.41,0.44,0.38,2021-11-15,816,N,VIIRS,n,2,299.68,4.57,D,0
29.79274,75.23195,332.93,0.44,0.38,2021-11-15,816,N,VIIRS,n,2,301.41,6.04,D,0
29.79771,75.35155,331.91,0.44,0.38,2021-11-15,816,N,VIIRS,n,2,300.25,2.23,D,0
29.79841,75.41216,337.67,0.44,0.39,2021-11-15,816,N,VIIRS,n,2,300.54,4.96,D,0
29.79856,67.98452,334.43,0.49,0.41,2021-11-15,816,N,VIIRS,n,2,306.34,1.38,D,0
29.79861,75.63904,333.19,0.45,0.39,2021-11-15,816,N,VIIRS,n,2,302.19,3.59,D,0
29.80086,75.88986,348.13,0.46,0.39,2021-11-15,816,N,VIIRS,n,2,303.69,10.17,D,0
29.80158,75.60516,334.87,0.45,0.39,2021-11-15,816,N,VIIRS,n,2,302.53,6.87,D,0
29.80255,75.41614,334.03,0.44,0.39,2021-11-15,816,N,VIIRS,n,2,299.89,3.14,D,0
29.80816,75.62791,333.06,0.45,0.39,2021-11-15,816,N,VIIRS,n,2,301.59,6.78,D,0
29.81226,75.95174,332.39,0.46,0.39,2021-11-15,816,N,VIIRS,n,2,301.37,4.42,D,0
29.81492,76.85953,336.46,0.51,0.41,2021-11-15,816,N,VIIRS,n,2,302.8,9.66,D,0
29.81505,76.09492,333.92,0.47,0.4,2021-11-15,816,N,VIIRS,n,2,301.22,3.81,D,0
29.81714,75.66945,342.4,0.45,0.39,2021-11-15,816,N,VIIRS,n,2,307.11,18.09,D,0
29.81895,75.91629,333.76,0.46,0.39,2021-11-15,816,N,VIIRS,n,2,299.79,2.78,D,0
29.82058,75.55448,334.31,0.45,0.39,2021-11-15,816,N,VIIRS,n,2,300.59,6.07,D,0
29.82073,75.66885,342.56,0.45,0.39,2021-11-15,816,N,VIIRS,n,2,305.2,18.09,D,0
29.82239,75.56841,336.28,0.45,0.39,2021-11-15,816,N,VIIRS,n,2,303.17,7.26,D,0
29.82343,75.49252,344.11,0.45,0.39,2021-11-15,816,N,VIIRS,n,2,303.83,12.52,D,0
29.82419,75.45161,331.6,0.44,0.39,2021-11-15,816,N,VIIRS,n,2,299.13,4.72,D,0
29.82524,77.534,330.83,0.55,0.43,2021-11-15,816,N,VIIRS,n,2,299.12,2.75,D,0
29.82588,75.49374,337.37,0.45,0.39,2021-11-15,816,N,VIIRS,n,2,305.2,27.65,D,0
29.82663,75.41364,332.5,0.44,0.39,2021-11-15,816,N,VIIRS,n,2,299.06,2.31,D,0
29.82699,75.49193,346.24,0.45,0.39,2021-11-15,816,N,VIIRS,n,2,299.27,12.52,D,0
29.82916,75.73472,350.72,0.46,0.39,2021-11-15,816,N,VIIRS,n,2,304.99,16.65,D,0
29.83102,75.95361,336.99,0.46,0.39,2021-11-15,816,N,VIIRS,n,2,301.59,6.67,D,0
29.83152,75.69583,332.41,0.45,0.39,2021-11-15,816,N,VIIRS,n,2,300.61,2.03,D,0
29.83246,75.45963,334.57,0.44,0.39,2021-11-15,816,N,VIIRS,n,2,300.23,3.77,D,0
29.83326,75.6524,332.93,0.45,0.39,2021-11-15,816,N,VIIRS,n,2,301.48,2.06,D,0
29.83381,75.62841,332.2,0.45,0.39,2021-11-15,816,N,VIIRS,n,2,299.95,3.59,D,0
29.83393,76.82422,337.72,0.51,0.41,2021-11-15,816,N,VIIRS,n,2,300.1,2.88,D,0
29.83437,75.60446,335.79,0.45,0.39,2021-11-15,816,N,VIIRS,n,2,301.15,2.85,D,0
29.83454,76.10176,338.97,0.47,0.4,2021-11-15,816,N,VIIRS,n,2,301.12,4.11,D,0
29.83465,75.95302,339.66,0.46,0.39,2021-11-15,816,N,VIIRS,n,2,299.94,6.67,D,0
29.83511,75.69524,330.66,0.45,0.39,2021-11-15,816,N,VIIRS,n,2,299.15,1.88,D,0
29.83517,76.86723,343.88,0.51,0.41,2021-11-15,816,N,VIIRS,n,2,303.99,16.97,D,0
29.83597,75.48732,333.34,0.45,0.39,2021-11-15,816,N,VIIRS,n,2,299.26,5.62,D,0
29.83623,75.64713,330.49,0.45,0.39,2021-11-15,816,N,VIIRS,n,2,299.54,3.64,D,0
29.83631,76.14652,332.93,0.47,0.4,2021-11-15,816,N,VIIRS,n,2,301.75,2.06,D,0
29.84091,75.59861,336.07,0.45,0.39,2021-11-15,816,N,VIIRS,n,2,300.98,3.47,D,0
29.84288,75.6,345.2,0.45,0.39,2021-11-15,816,N,VIIRS,n,2,300.38,5.43,D,0
29.84332,75.66207,333.21,0.45,0.39,2021-11-15,816,N,VIIRS,n,2,302.94,3.06,D,0
29.84467,75.68406,335.79,0.45,0.39,2021-11-15,816,N,VIIRS,n,2,302.24,5.09,D,0
29.84495,75.97597,338.42,0.47,0.39,2021-11-15,816,N,VIIRS,n,2,302.82,10.52,D,0
29.84566,75.68089,336.72,0.45,0.39,2021-11-15,816,N,VIIRS,n,2,303.98,8.6,D,0
29.84583,75.66468,336.27,0.45,0.39,2021-11-15,816,N,VIIRS,n,2,300.59,3.32,D,0
29.84698,75.63274,333.16,0.45,0.39,2021-11-15,816,N,VIIRS,n,2,300.24,5.45,D,0
29.84742,75.695,338.37,0.45,0.39,2021-11-15,816,N,VIIRS,n,2,300.09,4.42,D,0
29.84826,75.68346,334.48,0.45,0.39,2021-11-15,816,N,VIIRS,n,2,300.96,4.03,D,0
29.84947,75.69286,336.29,0.45,0.39,2021-11-15,816,N,VIIRS,n,2,302.15,8.11,D,0
29.85056,75.63213,340.69,0.45,0.39,2021-11-15,816,N,VIIRS,n,2,301.19,5.45,D,0
29.85101,75.6944,335.71,0.45,0.39,2021-11-15,816,N,VIIRS,n,2,298.33,4.42,D,0
29.85262,75.77434,339.82,0.46,0.39,2021-11-15,816,N,VIIRS,n,2,299.67,8.19,D,0
29.85323,75.77908,337.52,0.46,0.39,2021-11-15,816,N,VIIRS,n,2,300.55,4.95,D,0
29.85373,75.72585,332.54,0.46,0.39,2021-11-15,816,N,VIIRS,n,2,300.45,2.41,D,0
29.85512,75.72743,334.12,0.46,0.39,2021-11-15,816,N,VIIRS,n,2,300.5,4.72,D,0
29.85683,75.77848,335.99,0.46,0.39,2021-11-15,816,N,VIIRS,n,2,298.95,4.95,D,0
29.85695,75.71268,333.2,0.45,0.39,2021-11-15,816,N,VIIRS,n,2,299.1,3.27,D,0
29.85746,75.74635,337.68,0.46,0.39,2021-11-15,816,N,VIIRS,n,2,300.31,3.48,D,0
29.8576,72.74837,332.85,0.39,0.36,2021-11-15,816,N,VIIRS,n,2,302.09,2.58,D,0
29.85826,75.66439,348.45,0.45,0.39,2021-11-15,816,N,VIIRS,n,2,300.29,8.99,D,0
29.85941,75.88516,336.93,0.46,0.39,2021-11-15,816,N,VIIRS,n,2,299.3,4.16,D,0
29.86013,75.62098,344.29,0.45,0.39,2021-11-15,816,N,VIIRS,n,2,299.27,5.31,D,0
29.86527,72.91484,336.97,0.39,0.36,2021-11-15,816,N,VIIRS,n,2,304.69,3.78,D,0
29.86599,75.84988,343.57,0.46,0.39,2021-11-15,816,N,VIIRS,n,2,303.28,17.76,D,0
29.86619,76.83542,337.71,0.51,0.41,2021-11-15,816,N,VIIRS,n,2,302.05,4.28,D,0
29.86665,75.88398,334.45,0.46,0.39,2021-11-15,816,N,VIIRS,n,2,299.46,5.69,D,0
29.86679,75.85168,332.71,0.46,0.39,2021-11-15,816,N,VIIRS,n,2,298.67,20.03,D,0
29.86702,75.76412,336.26,0.46,0.39,2021-11-15,816,N,VIIRS,n,2,299.37,4.12,D,0
29.86797,75.53871,331.9,0.45,0.39,2021-11-15,816,N,VIIRS,n,2,300.45,14.85,D,0
29.86817,76.94918,334.35,0.52,0.41,2021-11-15,816,N,VIIRS,n,2,300.55,8.28,D,0
29.86856,75.54335,343.08,0.45,0.39,2021-11-15,816,N,VIIRS,n,2,304.97,14.85,D,0
29.86979,75.43922,343.67,0.44,0.39,2021-11-15,816,N,VIIRS,n,2,301.36,12.16,D,0
29.87027,75.88338,339.34,0.46,0.39,2021-11-15,816,N,VIIRS,n,2,300.6,5.69,D,0
29.87091,75.88525,332.95,0.46,0.39,2021-11-15,816,N,VIIRS,n,2,299.04,4.35,D,0
29.87333,75.3823,340.91,0.44,0.38,2021-11-15,816,N,VIIRS,n,2,303.73,7.45,D,0
29.87416,75.79204,336.59,0.46,0.39,2021-11-15,816,N,VIIRS,n,2,299.73,3.4,D,0
29.87466,75.97606,340.74,0.47,0.39,2021-11-15,816,N,VIIRS,n,2,307.19,13.02,D,0
29.87469,76.00573,337.7,0.47,0.4,2021-11-15,816,N,VIIRS,n,2,300.94,4.58,D,0
29.87736,72.90428,336.56,0.39,0.36,2021-11-15,816,N,VIIRS,n,2,304.94,6.19,D,0
29.87783,75.76232,333.03,0.46,0.39,2021-11-15,816,N,VIIRS,n,2,299.97,2.48,D,0
29.87829,75.8254,355.26,0.46,0.39,2021-11-15,816,N,VIIRS,n,2,309.2,32.42,D,0
29.87852,75.7091,340.99,0.45,0.39,2021-11-15,816,N,VIIRS,n,2,301.87,7.43,D,0
29.87985,75.57475,332.55,0.45,0.39,2021-11-15,816,N,VIIRS,n,2,300.78,4.06,D,0
29.88342,75.57415,331.76,0.45,0.39,2021-11-15,816,N,VIIRS,n,2,298.79,5.33,D,0
29.88372,75.95978,331.14,0.47,0.39,2021-11-15,816,N,VIIRS,n,2,299.6,1.97,D,0
29.88402,75.55026,337.11,0.45,0.39,2021-11-15,816,N,VIIRS,n,2,300.06,8.73,D,0
29.88461,75.55492,333.83,0.45,0.39,2021-11-15,816,N,VIIRS,n,2,299.65,5.22,D,0
29.8852,75.58815,330.06,0.45,0.39,2021-11-15,816,N,VIIRS,n,2,300.01,7.73,D,0
29.88701,72.58418,330.78,0.38,0.36,2021-11-15,816,N,VIIRS,n,2,302.14,1.33,D,0
29.88843,75.87746,345.04,0.46,0.39,2021-11-15,816,N,VIIRS,n,2,302.22,6.9,D,0
29.88868,75.73152,330.98,0.46,0.39,2021-11-15,816,N,VIIRS,n,2,300.15,4.42,D,0
29.88878,75.58755,344.57,0.45,0.39,2021-11-15,816,N,VIIRS,n,2,300.52,7.73,D,0
29.89042,75.77479,339.36,0.46,0.39,2021-11-15,816,N,VIIRS,n,2,300.42,6.58,D,0
29.89055,75.48759,346.18,0.45,0.39,2021-11-15,816,N,VIIRS,n,2,301.99,15.58,D,0
29.8908,75.89668,333.82,0.46,0.39,2021-11-15,816,N,VIIRS,n,2,302.45,6.5,D,0
29.89227,75.73093,341.91,0.46,0.39,2021-11-15,816,N,VIIRS,n,2,300.62,4.42,D,0
29.89334,75.82778,337.46,0.46,0.39,2021-11-15,816,N,VIIRS,n,2,301.07,4.93,D,0
29.89346,75.74039,337.96,0.46,0.39,2021-11-15,816,N,VIIRS,n,2,300.58,6.12,D,0
29.89394,75.83256,333.49,0.46,0.39,2021-11-15,816,N,VIIRS,n,2,300.82,5,D,0
29.89395,76.07433,338.58,0.47,0.4,2021-11-15,816,N,VIIRS,n,2,305.13,6.84,D,0
29.89487,76.07703,338.74,0.47,0.4,2021-11-15,816,N,VIIRS,n,2,304.25,6.55,D,0
29.8954,75.99451,332.98,0.47,0.4,2021-11-15,816,N,VIIRS,n,2,300.52,2.74,D,0
29.896,75.99938,333.81,0.47,0.4,2021-11-15,816,N,VIIRS,n,2,300.76,5.07,D,0
29.8987,75.87089,336.86,0.46,0.39,2021-11-15,816,N,VIIRS,n,2,300.87,4.9,D,0
29.89897,76.02371,333.2,0.47,0.4,2021-11-15,816,N,VIIRS,n,2,300.52,8.85,D,0
29.89911,75.96423,338.26,0.47,0.39,2021-11-15,816,N,VIIRS,n,2,299.12,4.07,D,0
29.89971,75.96908,335.36,0.47,0.39,2021-11-15,816,N,VIIRS,n,2,302.11,6.82,D,0
29.89993,75.39186,336.41,0.44,0.39,2021-11-15,816,N,VIIRS,n,2,299.78,3.65,D,0
29.9001,75.67664,333.22,0.45,0.39,2021-11-15,816,N,VIIRS,n,2,299.02,2.83,D,0
29.90066,75.7392,341.1,0.46,0.39,2021-11-15,816,N,VIIRS,n,2,302.97,15.29,D,0
29.90117,75.83138,344.15,0.46,0.39,2021-11-15,816,N,VIIRS,n,2,300.87,6.62,D,0
29.90228,75.8997,332.66,0.46,0.39,2021-11-15,816,N,VIIRS,n,2,300.15,4,D,0
29.90335,75.96848,339.13,0.47,0.39,2021-11-15,816,N,VIIRS,n,2,301.55,14.49,D,0
29.9036,72.53596,334.18,0.38,0.36,2021-11-15,816,N,VIIRS,n,2,301.58,2.87,D,0
29.90507,76.01278,332.7,0.47,0.4,2021-11-15,816,N,VIIRS,n,2,299.07,2.14,D,0
29.9052,75.95337,334.05,0.47,0.39,2021-11-15,816,N,VIIRS,n,2,299.27,4.13,D,0
29.90705,75.93828,335.9,0.47,0.39,2021-11-15,816,N,VIIRS,n,2,300.25,4.28,D,0
29.90751,74.64074,344.03,0.42,0.37,2021-11-15,816,N,VIIRS,n,2,308.45,8.31,D,0
29.90751,75.33913,333.08,0.44,0.38,2021-11-15,816,N,VIIRS,n,2,299.6,2.78,D,0
29.90769,75.91355,338.9,0.46,0.39,2021-11-15,816,N,VIIRS,n,2,300.78,5.69,D,0
29.90861,74.62284,343.71,0.42,0.37,2021-11-15,816,N,VIIRS,n,2,306.85,10.82,D,0
29.90883,75.95277,332.77,0.47,0.39,2021-11-15,816,N,VIIRS,n,2,299.33,2.67,D,0
29.90943,75.95762,330.08,0.47,0.39,2021-11-15,816,N,VIIRS,n,2,299.38,3.1,D,0
29.90964,72.98418,340.96,0.39,0.36,2021-11-15,816,N,VIIRS,n,2,303.5,3.98,D,0
29.91009,75.33993,333.14,0.44,0.38,2021-11-15,816,N,VIIRS,n,2,299.69,4.54,D,0
29.91057,75.997,336.32,0.47,0.4,2021-11-15,816,N,VIIRS,n,2,300.94,4.46,D,0
29.91068,75.93768,336.03,0.47,0.39,2021-11-15,816,N,VIIRS,n,2,299.5,4.28,D,0
29.91205,75.77122,346.68,0.46,0.39,2021-11-15,816,N,VIIRS,n,2,304.86,7.11,D,0
29.91265,75.77597,332.64,0.46,0.39,2021-11-15,816,N,VIIRS,n,2,301.43,7.11,D,0
29.91267,75.68898,334.69,0.45,0.39,2021-11-15,816,N,VIIRS,n,2,300.9,4.28,D,0
29.91416,76.02622,334.54,0.47,0.4,2021-11-15,816,N,VIIRS,n,2,301.91,11.02,D,0
29.91555,75.54023,332.6,0.45,0.39,2021-11-15,816,N,VIIRS,n,2,300.98,2.46,D,0
29.91555,75.91718,339.22,0.46,0.39,2021-11-15,816,N,VIIRS,n,2,302.48,7.91,D,0
29.9173,75.96127,331.68,0.47,0.39,2021-11-15,816,N,VIIRS,n,2,300.21,2.18,D,0
29.9179,75.96611,332.45,0.47,0.39,2021-11-15,816,N,VIIRS,n,2,300.3,5.15,D,0
29.91806,75.70253,330.1,0.45,0.39,2021-11-15,816,N,VIIRS,n,2,299.04,4.27,D,0
29.91918,75.9166,342.06,0.46,0.39,2021-11-15,816,N,VIIRS,n,2,311.76,27.09,D,0
29.9197,75.02469,332.72,0.43,0.38,2021-11-15,816,N,VIIRS,n,2,301.21,2.32,D,0
29.9203,75.9855,335.75,0.47,0.4,2021-11-15,816,N,VIIRS,n,2,302.5,10.27,D,0
29.92084,75.4967,339.15,0.45,0.39,2021-11-15,816,N,VIIRS,n,2,299.98,6.19,D,0
29.92088,75.5251,345.18,0.45,0.39,2021-11-15,816,N,VIIRS,n,2,302.14,9.3,D,0
29.92199,75.47758,332.96,0.45,0.39,2021-11-15,816,N,VIIRS,n,2,301.65,16.9,D,0
29.92205,76.02989,332.59,0.47,0.4,2021-11-15,816,N,VIIRS,n,2,300.1,4.57,D,0
29.92341,75.92083,333.18,0.46,0.39,2021-11-15,816,N,VIIRS,n,2,299.73,27.09,D,0
29.92394,75.9849,335.81,0.47,0.4,2021-11-15,816,N,VIIRS,n,2,305.38,10.27,D,0
29.92477,72.65441,331.31,0.38,0.36,2021-11-15,816,N,VIIRS,n,2,300.17,1.72,D,0
29.92588,75.82243,344.35,0.46,0.39,2021-11-15,816,N,VIIRS,n,2,306.3,24.1,D,0
29.92708,75.80275,336.05,0.46,0.39,2021-11-15,816,N,VIIRS,n,2,300.18,2.65,D,0
29.92712,75.38853,342.17,0.44,0.39,2021-11-15,816,N,VIIRS,n,2,299.14,5.38,D,0
29.92761,74.63276,333.6,0.42,0.37,2021-11-15,816,N,VIIRS,l,2,305.51,3.57,D,0
29.92767,75.86611,335.81,0.46,0.39,2021-11-15,816,N,VIIRS,n,2,302.37,3.52,D,0
29.92827,75.87092,330.13,0.46,0.39,2021-11-15,816,N,VIIRS,n,2,298.83,3.52,D,0
29.92879,75.64305,340.96,0.45,0.39,2021-11-15,816,N,VIIRS,n,2,308.99,28.74,D,0
29.92888,75.75875,331.77,0.46,0.39,2021-11-15,816,N,VIIRS,n,2,301.21,4.18,D,0
29.9292,74.62902,334.66,0.42,0.37,2021-11-15,816,N,VIIRS,n,2,305.54,6.32,D,0
29.92948,75.76349,333.61,0.46,0.39,2021-11-15,816,N,VIIRS,n,2,301.33,4.18,D,0
29.9312,75.66186,341.99,0.45,0.39,2021-11-15,816,N,VIIRS,n,2,300.17,4.64,D,0
29.9319,75.8117,336.71,0.46,0.39,2021-11-15,816,N,VIIRS,n,2,298.99,4.59,D,0
29.93421,76.03789,334.14,0.47,0.4,2021-11-15,816,N,VIIRS,n,2,299.7,3.77,D,0
29.93487,75.98313,336.44,0.47,0.4,2021-11-15,816,N,VIIRS,n,2,301.36,3.4,D,0
29.93489,71.59735,335.45,0.39,0.36,2021-11-15,816,N,VIIRS,n,2,302.97,2.15,D,0
29.93489,75.77717,333.84,0.46,0.39,2021-11-15,816,N,VIIRS,n,2,301.21,4.98,D,0
29.93489,75.95346,336.15,0.47,0.39,2021-11-15,816,N,VIIRS,n,2,299.77,7.69,D,0
29.9369,75.5082,331.19,0.45,0.39,2021-11-15,816,N,VIIRS,n,2,299.85,3.93,D,0
29.93751,75.51284,332.73,0.45,0.39,2021-11-15,816,N,VIIRS,n,2,300.5,3.93,D,0
29.93786,76.03731,330.8,0.47,0.4,2021-11-15,816,N,VIIRS,n,2,299.09,3.77,D,0
29.93874,75.50923,344.02,0.45,0.39,2021-11-15,816,N,VIIRS,n,2,301.95,12.02,D,0
29.93904,75.17256,345.78,0.43,0.38,2021-11-15,816,N,VIIRS,n,2,298.75,6,D,0
29.94201,76.13168,332.84,0.47,0.4,2021-11-15,816,N,VIIRS,n,2,300.62,4.73,D,0
29.94216,75.95226,337.87,0.47,0.39,2021-11-15,816,N,VIIRS,n,2,300.95,6.4,D,0
29.94299,75.45645,333.4,0.45,0.39,2021-11-15,816,N,VIIRS,n,2,299.24,1.93,D,0
29.94357,74.63091,338.88,0.42,0.38,2021-11-15,816,N,VIIRS,n,2,301.21,4.15,D,0
29.94409,74.55566,345.5,0.42,0.37,2021-11-15,816,N,VIIRS,n,2,310.34,13.1,D,0
29.94459,75.942,333.48,0.47,0.39,2021-11-15,816,N,VIIRS,n,2,302.32,4.67,D,0
29.94545,75.60197,333.35,0.45,0.39,2021-11-15,816,N,VIIRS,n,2,302.76,5.84,D,0
29.94568,71.3847,344.74,0.39,0.36,2021-11-15,816,N,VIIRS,n,2,300.91,4.41,D,0
29.94577,76.04099,339.17,0.47,0.4,2021-11-15,816,N,VIIRS,n,2,302.26,4.24,D,0
29.94634,75.5698,333.13,0.45,0.39,2021-11-15,816,N,VIIRS,n,2,299.65,3.37,D,0
29.9466,75.09314,337.19,0.43,0.38,2021-11-15,816,N,VIIRS,n,2,300.75,4.32,D,0
29.94686,75.60314,335.38,0.45,0.39,2021-11-15,816,N,VIIRS,n,2,301.2,6.17,D,0
29.94753,74.55506,341.34,0.42,0.37,2021-11-15,816,N,VIIRS,n,2,301.29,13.1,D,0
29.94785,75.21261,331.04,0.44,0.38,2021-11-15,816,N,VIIRS,n,2,300,2.75,D,0
29.94816,75.55519,355.39,0.45,0.39,2021-11-15,816,N,VIIRS,n,2,305.41,16.39,D,0
29.94942,76.0404,342.33,0.47,0.4,2021-11-15,816,N,VIIRS,n,2,300.57,8.91,D,0
29.95138,75.212,333.34,0.44,0.38,2021-11-15,816,N,VIIRS,n,2,299.56,6.81,D,0
29.95139,75.23978,344.92,0.44,0.38,2021-11-15,816,N,VIIRS,n,2,301,3.69,D,0
29.9521,74.53663,339.43,0.42,0.37,2021-11-15,816,N,VIIRS,n,2,305.68,5.34,D,0
29.95247,75.9753,344.04,0.47,0.4,2021-11-15,816,N,VIIRS,n,2,302.19,37.87,D,0
29.95358,72.21982,332.55,0.38,0.36,2021-11-15,816,N,VIIRS,l,2,305.44,3.29,D,0
29.95482,72.67305,352.69,0.39,0.36,2021-11-15,816,N,VIIRS,n,2,305.76,6.76,D,0
29.95496,74.53171,332.82,0.42,0.37,2021-11-15,816,N,VIIRS,l,2,305.91,6.03,D,0
29.95554,74.53601,342.38,0.42,0.37,2021-11-15,816,N,VIIRS,n,2,304.11,6.03,D,0
29.95603,74.48755,334.12,0.41,0.37,2021-11-15,816,N,VIIRS,l,2,304.5,7.18,D,0
29.95724,74.52251,334.91,0.41,0.37,2021-11-15,816,N,VIIRS,l,2,308.09,11.24,D,0
29.95728,75.8956,333.99,0.46,0.39,2021-11-15,816,N,VIIRS,n,2,302.51,3.55,D,0
29.95761,75.69599,332.4,0.45,0.39,2021-11-15,816,N,VIIRS,n,2,301.9,2.73,D,0
29.95791,75.7216,342.65,0.46,0.39,2021-11-15,816,N,VIIRS,n,2,309.44,28.56,D,0
29.95813,72.6724,345.33,0.39,0.36,2021-11-15,816,N,VIIRS,n,2,300.79,6.76,D,0
29.95974,73.02909,333.7,0.39,0.36,2021-11-15,816,N,VIIRS,l,2,305.94,7.01,D,0
29.96067,74.52189,332.7,0.41,0.37,2021-11-15,816,N,VIIRS,n,2,299.35,2.79,D,0
29.96128,72.9465,348.78,0.39,0.36,2021-11-15,816,N,VIIRS,n,2,302.93,11.69,D,0
29.96151,75.721,344.25,0.46,0.39,2021-11-15,816,N,VIIRS,n,2,301.77,28.56,D,0
29.96248,73.02445,333.56,0.39,0.36,2021-11-15,816,N,VIIRS,n,2,301.74,7.01,D,0
29.96307,73.02845,331.27,0.39,0.36,2021-11-15,816,N,VIIRS,l,2,304.43,7.01,D,0
29.96354,75.08565,339.18,0.43,0.38,2021-11-15,816,N,VIIRS,n,2,301.94,4.6,D,0
29.96378,75.33549,333.6,0.44,0.38,2021-11-15,816,N,VIIRS,n,2,300.47,4.43,D,0
29.96401,75.68195,342.91,0.45,0.39,2021-11-15,816,N,VIIRS,n,2,304.76,16.46,D,0
29.9646,72.94586,344.53,0.39,0.36,2021-11-15,816,N,VIIRS,n,2,303.88,11.69,D,0
29.96521,75.04421,337.52,0.43,0.38,2021-11-15,816,N,VIIRS,n,2,303.23,6.2,D,0
29.96606,75.52364,334.9,0.45,0.39,2021-11-15,816,N,VIIRS,n,2,301.33,4.48,D,0
29.96791,72.94522,346.8,0.39,0.36,2021-11-15,816,N,VIIRS,n,2,299.32,7.57,D,0
29.96864,75.81052,333.83,0.46,0.39,2021-11-15,816,N,VIIRS,n,2,301.05,3.38,D,0
29.96907,75.81207,334.19,0.46,0.39,2021-11-15,816,N,VIIRS,n,2,301.06,3.01,D,0
29.96947,75.13053,340.57,0.43,0.38,2021-11-15,816,N,VIIRS,n,2,302.44,7.86,D,0
29.96974,75.78759,339.46,0.46,0.39,2021-11-15,816,N,VIIRS,n,2,303.04,4.33,D,0
29.96981,75.79086,331.97,0.46,0.39,2021-11-15,816,N,VIIRS,n,2,301.18,8.26,D,0
29.9701,76.20794,332.41,0.48,0.4,2021-11-15,816,N,VIIRS,n,2,301.36,2.33,D,0
29.97064,75.94269,346.05,0.47,0.39,2021-11-15,816,N,VIIRS,n,2,301.27,5.4,D,0
29.97151,74.49797,330.5,0.41,0.37,2021-11-15,816,N,VIIRS,n,2,299.91,1.84,D,0
29.97175,75.8638,333.88,0.46,0.39,2021-11-15,816,N,VIIRS,n,2,301.35,2.87,D,0
29.97178,75.68547,333.9,0.45,0.39,2021-11-15,816,N,VIIRS,n,2,301.35,3.29,D,0
29.97196,76.13187,334.76,0.47,0.4,2021-11-15,816,N,VIIRS,n,2,299.77,2.69,D,0
29.97198,75.25949,341.22,0.44,0.38,2021-11-15,816,N,VIIRS,n,2,303.08,10.77,D,0
29.97335,75.78699,336.1,0.46,0.39,2021-11-15,816,N,VIIRS,n,2,304.43,8.88,D,0
29.97342,75.79027,344.86,0.46,0.39,2021-11-15,816,N,VIIRS,n,2,305.49,8.26,D,0
29.97394,75.79177,332.6,0.46,0.39,2021-11-15,816,N,VIIRS,n,2,300.45,7.03,D,0
29.97413,74.94377,346.48,0.43,0.38,2021-11-15,816,N,VIIRS,n,2,302.91,6.9,D,0
29.97505,74.55017,332.46,0.42,0.37,2021-11-15,816,N,VIIRS,n,2,303.43,1.45,D,0
29.97563,76.13128,349.37,0.47,0.4,2021-11-15,816,N,VIIRS,n,2,309.73,40.88,D,0
29.97669,75.93183,333.15,0.47,0.39,2021-11-15,816,N,VIIRS,n,2,299.96,18.73,D,0
29.97721,74.48817,332.78,0.41,0.37,2021-11-15,816,N,VIIRS,l,2,303.76,3.52,D,0
29.97721,75.87762,334.62,0.46,0.39,2021-11-15,816,N,VIIRS,n,2,302.32,3.41,D,0
29.97731,75.87927,333.46,0.46,0.39,2021-11-15,816,N,VIIRS,n,2,302.52,2.77,D,0
29.97791,75.94149,338.82,0.47,0.39,2021-11-15,816,N,VIIRS,n,2,306.65,25.84,D,0
29.97852,75.56441,334.29,0.45,0.39,2021-11-15,816,N,VIIRS,n,2,302.43,1.52,D,0
29.97964,75.26284,336.17,0.44,0.38,2021-11-15,816,N,VIIRS,n,2,302.99,7.1,D,0
29.97971,75.9264,333.52,0.47,0.39,2021-11-15,816,N,VIIRS,n,2,301.79,5.62,D,0
29.97983,76.01553,340.07,0.47,0.4,2021-11-15,816,N,VIIRS,n,2,299.3,6.68,D,0
29.98115,76.17578,340.72,0.48,0.4,2021-11-15,816,N,VIIRS,n,2,302.88,6.86,D,0
29.98169,75.82465,333.13,0.46,0.39,2021-11-15,816,N,VIIRS,n,2,301.55,4.91,D,0
29.98209,74.62852,330.42,0.42,0.38,2021-11-15,816,N,VIIRS,n,2,301.06,4.7,D,0
29.98286,76.01006,333.13,0.47,0.4,2021-11-15,816,N,VIIRS,n,2,299.26,5.05,D,0
29.98345,74.85174,348.04,0.42,0.38,2021-11-15,816,N,VIIRS,n,2,306.4,10.73,D,0
29.98348,76.01494,348.18,0.47,0.4,2021-11-15,816,N,VIIRS,n,2,300.48,15.02,D,0
29.98554,74.62791,336.34,0.42,0.38,2021-11-15,816,N,VIIRS,n,2,302.81,4.7,D,0
29.98583,74.49982,346.36,0.41,0.37,2021-11-15,816,N,VIIRS,n,2,301.45,6.5,D,0
29.9859,75.82883,333.45,0.46,0.39,2021-11-15,816,N,VIIRS,n,2,302.68,2.16,D,0
29.98607,75.74115,331.17,0.46,0.39,2021-11-15,816,N,VIIRS,n,2,299.69,1.32,D,0
29.9863,75.89085,332,0.46,0.39,2021-11-15,816,N,VIIRS,n,2,301.91,2.18,D,0
29.98634,75.89254,339.62,0.46,0.39,2021-11-15,816,N,VIIRS,n,2,303.18,6.57,D,0
29.98642,75.86304,335.87,0.46,0.39,2021-11-15,816,N,VIIRS,n,2,305,6.94,D,0
29.98692,75.89568,333.17,0.46,0.39,2021-11-15,816,N,VIIRS,n,2,301.78,3.94,D,0
29.98783,72.94135,331.86,0.39,0.36,2021-11-15,816,N,VIIRS,n,2,300.31,4,D,0
29.98854,75.97121,333.34,0.47,0.4,2021-11-15,816,N,VIIRS,n,2,300.9,3.56,D,0
29.98858,75.05515,339.1,0.43,0.38,2021-11-15,816,N,VIIRS,n,2,302.17,5.33,D,0
29.98884,72.99464,334.37,0.39,0.36,2021-11-15,816,N,VIIRS,n,2,304.54,1.51,D,0
29.98888,75.96938,333.11,0.47,0.4,2021-11-15,816,N,VIIRS,n,2,301.05,1.86,D,0
29.99005,75.86246,334.18,0.46,0.39,2021-11-15,816,N,VIIRS,l,2,304.65,23.56,D,0
29.99048,75.92635,332.7,0.47,0.39,2021-11-15,816,N,VIIRS,l,2,302.87,5.88,D,0
29.99061,75.92462,336.22,0.47,0.39,2021-11-15,816,N,VIIRS,n,2,302.87,6.67,D,0
29.99063,74.58716,335.28,0.42,0.37,2021-11-15,816,N,VIIRS,n,2,303.71,3.02,D,0
29.99115,75.90159,331.47,0.46,0.39,2021-11-15,816,N,VIIRS,n,2,300.76,4.62,D,0
29.99127,74.61803,334.93,0.42,0.37,2021-11-15,816,N,VIIRS,n,2,300.46,2.97,D,0
29.99265,75.76434,331.09,0.46,0.39,2021-11-15,816,N,VIIRS,n,2,301.5,5.64,D,0
29.99271,75.0042,334.79,0.43,0.38,2021-11-15,816,N,VIIRS,n,2,300.63,1.5,D,0
29.99323,75.7691,338.59,0.46,0.39,2021-11-15,816,N,VIIRS,n,2,307.89,23.43,D,0
29.99463,75.9603,344.47,0.47,0.4,2021-11-15,816,N,VIIRS,n,2,305.22,7.46,D,0
29.99511,74.5422,339.73,0.42,0.37,2021-11-15,816,N,VIIRS,n,2,302.31,3.67,D,0
29.99518,75.63824,333.94,0.45,0.39,2021-11-15,816,N,VIIRS,n,2,301.73,3.7,D,0
29.99538,75.19064,333.53,0.44,0.38,2021-11-15,816,N,VIIRS,n,2,300.39,2.53,D,0
29.99545,75.8763,342.36,0.46,0.39,2021-11-15,816,N,VIIRS,n,2,304.26,13.17,D,0
29.99554,75.96335,333.62,0.47,0.39,2021-11-15,816,N,VIIRS,n,2,302.49,9.02,D,0
29.99616,75.82226,332.09,0.46,0.39,2021-11-15,816,N,VIIRS,n,2,302.02,1.64,D,0
29.99801,75.98277,330.6,0.47,0.4,2021-11-15,816,N,VIIRS,n,2,299.88,1.48,D,0
29.99827,75.9597,335.2,0.47,0.4,2021-11-15,816,N,VIIRS,n,2,300.49,7.46,D,0
29.99873,75.69548,330.03,0.46,0.39,2021-11-15,816,N,VIIRS,l,2,304.24,4.96,D,0
29.99891,75.19003,334.89,0.44,0.38,2021-11-15,816,N,VIIRS,n,2,300.36,5.06,D,0
29.99892,75.19141,333.95,0.44,0.38,2021-11-15,816,N,VIIRS,n,2,300.63,4.84,D,0
29.9993,75.72926,345.31,0.46,0.39,2021-11-15,816,N,VIIRS,n,2,303.26,12.3,D,0
30.00029,74.92562,330.82,0.43,0.38,2021-11-15,816,N,VIIRS,n,2,301.31,6.18,D,0
30.00088,74.93005,335.62,0.43,0.38,2021-11-15,816,N,VIIRS,n,2,304.99,6.18,D,0
30.00113,75.68542,343.22,0.46,0.39,2021-11-15,816,N,VIIRS,n,2,306.72,19.65,D,0
30.00233,75.69489,333.93,0.46,0.39,2021-11-15,816,N,VIIRS,n,2,301.74,4.96,D,0
30.00344,76.06344,330.13,0.47,0.4,2021-11-15,816,N,VIIRS,n,2,298.06,1.64,D,0
30.00436,74.92945,342.12,0.43,0.38,2021-11-15,816,N,VIIRS,n,2,301.64,6.18,D,0
30.00484,74.53606,345.95,0.42,0.37,2021-11-15,816,N,VIIRS,n,2,307.6,15.02,D,0
30.0053,73.10693,333.74,0.39,0.36,2021-11-15,816,N,VIIRS,n,2,300.15,1.13,D,0
30.00609,75.07961,338.26,0.43,0.38,2021-11-15,816,N,VIIRS,n,2,299.5,4.79,D,0
30.00623,74.62426,332.87,0.42,0.38,2021-11-15,816,N,VIIRS,n,2,300.86,3.2,D,0
30.00707,75.76195,346.01,0.46,0.39,2021-11-15,816,N,VIIRS,n,2,303.48,7.59,D,0
30.00717,75.17149,332.45,0.44,0.38,2021-11-15,816,N,VIIRS,n,2,300.37,4.77,D,0
30.00747,75.33745,331.45,0.44,0.38,2021-11-15,816,N,VIIRS,n,2,297.84,1.87,D,0
30.00775,75.17601,344.44,0.44,0.38,2021-11-15,816,N,VIIRS,n,2,300.46,4.77,D,0
30.00883,75.80553,335.66,0.46,0.39,2021-11-15,816,N,VIIRS,n,2,303.26,8.47,D,0
30.00887,75.77625,336.92,0.46,0.39,2021-11-15,816,N,VIIRS,n,2,301.19,2.83,D,0
30.00919,75.95791,346.28,0.47,0.4,2021-11-15,816,N,VIIRS,n,2,305.41,31.28,D,0
30.00978,73.04416,334.13,0.39,0.36,2021-11-15,816,N,VIIRS,n,2,302.78,4.65,D,0
30.01003,75.22193,336.12,0.44,0.38,2021-11-15,816,N,VIIRS,n,2,300.77,3.03,D,0
30.01185,75.80014,333.04,0.46,0.39,2021-11-15,816,N,VIIRS,n,2,301.8,3,D,0
30.01195,74.44319,334.19,0.41,0.37,2021-11-15,816,N,VIIRS,n,2,302.4,3.87,D,0
30.01204,76.04205,332.81,0.47,0.4,2021-11-15,816,N,VIIRS,n,2,300.09,5.12,D,0
30.01281,74.51702,338.91,0.41,0.37,2021-11-15,816,N,VIIRS,n,2,302.07,2.99,D,0
30.01342,75.30517,338.63,0.44,0.38,2021-11-15,816,N,VIIRS,n,2,300.73,6.11,D,0
30.01365,75.13808,332.54,0.43,0.38,2021-11-15,816,N,VIIRS,n,2,299.05,4.09,D,0
30.01389,75.30364,332.81,0.44,0.38,2021-11-15,816,N,VIIRS,n,2,300.27,3.02,D,0
30.01423,75.14259,332.26,0.43,0.38,2021-11-15,816,N,VIIRS,n,2,299.41,5.21,D,0
30.01524,74.79671,330.95,0.42,0.38,2021-11-15,816,N,VIIRS,l,2,301.6,1.68,D,0
30.01573,72.56297,336.74,0.38,0.36,2021-11-15,816,N,VIIRS,n,2,300.9,2.84,D,0
30.01592,75.21165,340.1,0.44,0.38,2021-11-15,816,N,VIIRS,n,2,300.24,3.19,D,0
30.01812,75.31372,337.26,0.44,0.38,2021-11-15,816,N,VIIRS,n,2,303.45,10.55,D,0
30.01863,75.31217,334.67,0.44,0.38,2021-11-15,816,N,VIIRS,n,2,301.78,9.75,D,0
30.0187,75.31829,332.54,0.44,0.38,2021-11-15,816,N,VIIRS,n,2,298.75,2.89,D,0
30.01923,75.31675,335.61,0.44,0.38,2021-11-15,816,N,VIIRS,n,2,300.34,9.87,D,0
30.02022,72.91473,338.3,0.39,0.36,2021-11-15,816,N,VIIRS,n,2,300.72,2.83,D,0
30.02224,75.31769,335.02,0.44,0.38,2021-11-15,816,N,VIIRS,n,2,298.38,6.35,D,0
30.02242,75.42421,342.26,0.44,0.39,2021-11-15,816,N,VIIRS,n,2,313.19,16.24,D,0
30.02304,75.07211,346.94,0.43,0.38,2021-11-15,816,N,VIIRS,n,2,301.7,11.13,D,0
30.02521,74.87151,335.1,0.43,0.38,2021-11-15,816,N,VIIRS,n,2,301.67,5.54,D,0
30.02589,71.57452,345.48,0.39,0.36,2021-11-15,816,N,VIIRS,n,2,302.91,5.61,D,0
30.02598,75.42361,338.43,0.44,0.39,2021-11-15,816,N,VIIRS,n,2,299.67,16.24,D,0
30.02684,74.59402,333.38,0.42,0.37,2021-11-15,816,N,VIIRS,l,2,303.99,1.75,D,0
30.02861,74.59451,346.83,0.42,0.37,2021-11-15,816,N,VIIRS,n,2,303.16,4.83,D,0
30.02994,74.93407,337.48,0.43,0.38,2021-11-15,816,N,VIIRS,n,2,302.1,5.16,D,0
30.03029,74.59341,333.49,0.42,0.37,2021-11-15,816,N,VIIRS,n,2,301.22,1.75,D,0
30.03176,75.25075,338.95,0.44,0.38,2021-11-15,816,N,VIIRS,n,2,300.81,5.18,D,0
30.03376,74.52728,340.92,0.42,0.37,2021-11-15,816,N,VIIRS,n,2,303.58,8.76,D,0
30.0346,74.94234,336.03,0.43,0.38,2021-11-15,816,N,VIIRS,n,2,302.5,4.1,D,0
30.03651,75.93861,335.11,0.47,0.39,2021-11-15,816,N,VIIRS,n,2,300.3,5.44,D,0
30.03956,75.78581,333.19,0.46,0.39,2021-11-15,816,N,VIIRS,n,2,300.97,2.54,D,0
30.04002,75.14739,339.22,0.43,0.38,2021-11-15,816,N,VIIRS,n,2,299.79,2.96,D,0
30.04032,74.66712,333.3,0.42,0.38,2021-11-15,816,N,VIIRS,n,2,302.13,2.07,D,0
30.04054,75.0416,334.07,0.43,0.38,2021-11-15,816,N,VIIRS,n,2,302.17,5.15,D,0
30.04065,74.55254,330.5,0.42,0.37,2021-11-15,816,N,VIIRS,n,2,302.24,3.52,D,0
30.04113,75.04607,333.88,0.43,0.38,2021-11-15,816,N,VIIRS,n,2,300.9,6.9,D,0
30.04123,74.55685,330.13,0.42,0.37,2021-11-15,816,N,VIIRS,n,2,301.87,3.52,D,0
30.04183,74.66769,335.77,0.42,0.38,2021-11-15,816,N,VIIRS,n,2,302.32,2.96,D,0
30.04248,74.81441,342.21,0.42,0.38,2021-11-15,816,N,VIIRS,n,2,300.34,4.63,D,0
30.04337,74.71565,330.67,0.42,0.38,2021-11-15,816,N,VIIRS,l,2,303.37,6.96,D,0
30.04347,74.4947,342.48,0.41,0.37,2021-11-15,816,N,VIIRS,n,2,305.51,18.87,D,0
30.04349,75.064,332.05,0.43,0.38,2021-11-15,816,N,VIIRS,n,2,299.9,5.24,D,0
30.04407,75.06848,333.86,0.43,0.38,2021-11-15,816,N,VIIRS,n,2,300.4,5.24,D,0
30.04463,74.5033,333.13,0.41,0.37,2021-11-15,816,N,VIIRS,n,2,302.3,6.87,D,0
30.0447,74.71626,344.2,0.42,0.38,2021-11-15,816,N,VIIRS,n,2,300.42,5.48,D,0
30.04568,75.44548,331.33,0.45,0.39,2021-11-15,816,N,VIIRS,n,2,299.65,2.62,D,0
30.04637,75.03145,334.06,0.43,0.38,2021-11-15,816,N,VIIRS,n,2,303.42,5.63,D,0
30.0464,75.05891,333.98,0.43,0.38,2021-11-15,816,N,VIIRS,n,2,302.11,3.9,D,0
30.04761,75.53378,336.46,0.45,0.39,2021-11-15,816,N,VIIRS,n,2,302.96,3.72,D,0
30.04916,76.07105,336.44,0.47,0.4,2021-11-15,816,N,VIIRS,l,2,309.99,44.97,D,0
30.04931,75.05383,330.64,0.43,0.38,2021-11-15,816,N,VIIRS,n,2,299.04,3.9,D,0
30.04967,75.53509,343.64,0.45,0.39,2021-11-15,816,N,VIIRS,n,2,304.02,10.49,D,0
30.05138,74.06733,333.34,0.4,0.37,2021-11-15,816,N,VIIRS,n,2,305.14,2.09,D,0
30.05187,74.85784,341.29,0.43,0.38,2021-11-15,816,N,VIIRS,n,2,300.94,4.97,D,0
30.05222,76.06555,332.59,0.47,0.4,2021-11-15,816,N,VIIRS,n,2,299.1,14.6,D,0
30.05228,75.94592,354.87,0.47,0.39,2021-11-15,816,N,VIIRS,n,2,309.3,23,D,0
30.05266,74.51067,341.6,0.42,0.37,2021-11-15,816,N,VIIRS,n,2,303.18,10.09,D,0
30.05276,76.13083,340.23,0.48,0.4,2021-11-15,816,N,VIIRS,n,2,298.79,7.31,D,0
30.05283,76.07046,336.67,0.47,0.4,2021-11-15,816,N,VIIRS,n,2,300,14.6,D,0
30.05377,74.92541,342.14,0.43,0.38,2021-11-15,816,N,VIIRS,n,2,303.97,4.09,D,0
30.05401,76.11046,336.18,0.47,0.4,2021-11-15,816,N,VIIRS,n,2,298.1,3.9,D,0
30.05468,74.82579,342.45,0.42,0.38,2021-11-15,816,N,VIIRS,n,2,300.63,6.83,D,0
30.0547,75.99521,337.31,0.47,0.4,2021-11-15,816,N,VIIRS,n,2,300.95,6.3,D,0
30.05478,74.06671,336.63,0.4,0.37,2021-11-15,816,N,VIIRS,n,2,303.09,2.95,D,0
30.05583,75.13084,330.75,0.43,0.38,2021-11-15,816,N,VIIRS,n,2,300.87,3.02,D,0
30.05592,75.94533,336.2,0.47,0.39,2021-11-15,816,N,VIIRS,n,2,298.7,23,D,0
30.05637,75.44368,336.2,0.45,0.39,2021-11-15,816,N,VIIRS,n,2,300.17,3.6,D,0
30.05694,73.32078,340.05,0.39,0.36,2021-11-15,816,N,VIIRS,n,2,305.03,3.8,D,0
30.05725,74.9248,340.32,0.43,0.38,2021-11-15,816,N,VIIRS,n,2,301.15,4.26,D,0
30.05883,75.29277,335.38,0.44,0.38,2021-11-15,816,N,VIIRS,n,2,300.31,3.86,D,0
30.05886,74.45236,341.15,0.41,0.37,2021-11-15,816,N,VIIRS,n,2,307.86,20.36,D,0
30.0593,75.46687,348.3,0.45,0.39,2021-11-15,816,N,VIIRS,n,2,309.22,25.6,D,0
30.05934,75.13023,334.81,0.43,0.38,2021-11-15,816,N,VIIRS,n,2,299.42,3.02,D,0
30.05993,75.44307,340.79,0.45,0.39,2021-11-15,816,N,VIIRS,n,2,301.54,10.87,D,0
30.06017,76.00925,344.27,0.47,0.4,2021-11-15,816,N,VIIRS,n,2,302.39,8.51,D,0
30.06105,75.08852,331.32,0.43,0.38,2021-11-15,816,N,VIIRS,n,2,299.89,2.43,D,0
30.06245,74.91029,332.41,0.43,0.38,2021-11-15,816,N,VIIRS,n,2,300.64,6.08,D,0
30.0626,75.99889,333.97,0.47,0.4,2021-11-15,816,N,VIIRS,n,2,299.93,3.33,D,0
30.06287,75.46627,337.63,0.45,0.39,2021-11-15,816,N,VIIRS,n,2,299.43,4.93,D,0
30.06289,75.15733,347.09,0.44,0.38,2021-11-15,816,N,VIIRS,n,2,309.86,39.87,D,0
30.06317,74.74885,337.72,0.42,0.38,2021-11-15,816,N,VIIRS,n,2,305.73,6.57,D,0
30.0644,75.92414,340.72,0.47,0.39,2021-11-15,816,N,VIIRS,n,2,301.17,8.87,D,0
30.06501,75.92899,337.11,0.47,0.39,2021-11-15,816,N,VIIRS,n,2,300.39,8.87,D,0
30.06664,74.74824,335.82,0.42,0.38,2021-11-15,816,N,VIIRS,n,2,300.47,6.57,D,0
30.06764,75.44651,335.16,0.45,0.39,2021-11-15,816,N,VIIRS,n,2,300.25,3.68,D,0
30.06803,75.92355,343.45,0.47,0.39,2021-11-15,816,N,VIIRS,n,2,299.53,8.87,D,0
30.06888,74.63176,336.72,0.42,0.38,2021-11-15,816,N,VIIRS,n,2,302.91,4.46,D,0
30.07063,75.3846,333.21,0.44,0.39,2021-11-15,816,N,VIIRS,n,2,299.76,2.94,D,0
30.07112,75.53149,336.22,0.45,0.39,2021-11-15,816,N,VIIRS,n,2,301.41,8.59,D,0
30.07123,75.36097,332.2,0.44,0.39,2021-11-15,816,N,VIIRS,n,2,298.91,2.54,D,0
30.07129,71.51559,330.41,0.39,0.36,2021-11-15,816,N,VIIRS,n,2,299.4,1.73,D,0
30.07295,76.02213,335.5,0.47,0.4,2021-11-15,816,N,VIIRS,n,2,301.05,6.01,D,0
30.07343,74.58656,342.84,0.42,0.37,2021-11-15,816,N,VIIRS,n,2,302.9,7.28,D,0
30.07356,76.14767,338.27,0.48,0.4,2021-11-15,816,N,VIIRS,n,2,299.67,3.84,D,0
30.07415,75.27149,334.18,0.44,0.38,2021-11-15,816,N,VIIRS,n,2,299.56,5.3,D,0
30.0744,72.32257,333.03,0.38,0.36,2021-11-15,816,N,VIIRS,n,2,301.5,2.68,D,0
30.07568,75.09059,343.92,0.43,0.38,2021-11-15,816,N,VIIRS,n,2,302.63,11.63,D,0
30.07637,75.15041,336.41,0.44,0.38,2021-11-15,816,N,VIIRS,n,2,299.74,4.32,D,0
30.07722,76.02644,336,0.47,0.4,2021-11-15,816,N,VIIRS,n,2,299.69,2.7,D,0
30.07748,74.15454,331.74,0.41,0.37,2021-11-15,816,N,VIIRS,n,2,301.11,2.03,D,0
30.07879,75.59244,343.9,0.45,0.39,2021-11-15,816,N,VIIRS,n,2,301.5,5.68,D,0
30.07899,72.68977,334.31,0.39,0.36,2021-11-15,816,N,VIIRS,n,2,304.05,2.89,D,0
30.0801,74.47936,330.86,0.41,0.37,2021-11-15,816,N,VIIRS,n,2,302.54,2.29,D,0
30.08248,70.92793,336.71,0.39,0.36,2021-11-15,816,N,VIIRS,n,2,299.68,3.35,D,0
30.08318,74.5804,348.73,0.42,0.37,2021-11-15,816,N,VIIRS,n,2,306.88,18.86,D,0
30.08327,74.63366,332.7,0.42,0.38,2021-11-15,816,N,VIIRS,n,2,304.95,3.68,D,0
30.08385,74.63802,332.54,0.42,0.38,2021-11-15,816,N,VIIRS,n,2,301.61,3.68,D,0
30.08401,75.15372,331.32,0.44,0.38,2021-11-15,816,N,VIIRS,n,2,298.36,2,D,0
30.0845,74.69585,335.82,0.42,0.38,2021-11-15,816,N,VIIRS,n,2,300.83,3.08,D,0
30.08476,75.26968,339.21,0.44,0.38,2021-11-15,816,N,VIIRS,n,2,300.03,5.3,D,0
30.08574,75.13956,338.57,0.43,0.38,2021-11-15,816,N,VIIRS,n,2,300.99,7.21,D,0
30.08661,75.36778,333.44,0.44,0.39,2021-11-15,816,N,VIIRS,n,2,302.56,2.78,D,0
30.08682,74.42542,332.3,0.41,0.37,2021-11-15,816,N,VIIRS,l,2,302.64,6.16,D,0
30.08753,75.98985,334.67,0.47,0.4,2021-11-15,816,N,VIIRS,n,2,299.55,3.57,D,0
30.08814,74.48673,333.29,0.41,0.37,2021-11-15,816,N,VIIRS,n,2,303.26,4.06,D,0
30.08839,75.52383,330.9,0.45,0.39,2021-11-15,816,N,VIIRS,n,2,300.18,2.25,D,0
30.08982,74.47323,339.35,0.41,0.37,2021-11-15,816,N,VIIRS,n,2,301.58,5.74,D,0
30.09008,76.0996,333.9,0.47,0.4,2021-11-15,816,N,VIIRS,n,2,297.8,4.24,D,0
30.09126,76.04919,336.37,0.47,0.4,2021-11-15,816,N,VIIRS,n,2,303.96,11.14,D,0
30.0919,76.08421,335.26,0.47,0.4,2021-11-15,816,N,VIIRS,n,2,300.38,3.29,D,0
30.09196,75.4093,341.16,0.44,0.39,2021-11-15,816,N,VIIRS,n,2,301.31,7.27,D,0
30.09472,75.92909,332.05,0.47,0.39,2021-11-15,816,N,VIIRS,n,2,299.77,7.19,D,0
30.09492,75.93108,335.03,0.47,0.39,2021-11-15,816,N,VIIRS,n,2,300.17,5.84,D,0
30.09672,76.03327,335.78,0.47,0.4,2021-11-15,816,N,VIIRS,n,2,299.94,3.43,D,0
30.09728,74.4763,333.98,0.41,0.37,2021-11-15,816,N,VIIRS,n,2,301.18,5.32,D,0
30.0979,74.32719,334.82,0.41,0.37,2021-11-15,816,N,VIIRS,n,2,301.84,3.88,D,0
30.09796,76.04309,346.09,0.47,0.4,2021-11-15,816,N,VIIRS,n,2,303.53,12.67,D,0
30.10012,74.4714,332.9,0.41,0.37,2021-11-15,816,N,VIIRS,n,2,301.43,5.32,D,0
30.10162,76.0425,342.58,0.47,0.4,2021-11-15,816,N,VIIRS,n,2,314.95,63.93,D,0
30.10298,74.46648,331.37,0.41,0.37,2021-11-15,816,N,VIIRS,n,2,301.14,2.22,D,0
30.10308,75.2993,330.51,0.44,0.38,2021-11-15,816,N,VIIRS,n,2,299.71,1.67,D,0
30.10338,75.93959,337.91,0.47,0.4,2021-11-15,816,N,VIIRS,n,2,301.68,9.31,D,0
30.10348,74.4444,332.17,0.41,0.37,2021-11-15,816,N,VIIRS,n,2,301.91,2.03,D,0
30.10364,76.2088,337.01,0.48,0.4,2021-11-15,816,N,VIIRS,n,2,301.04,5.52,D,0
30.10485,75.0683,332.49,0.43,0.38,2021-11-15,816,N,VIIRS,n,2,300.24,3.58,D,0
30.10493,75.77201,332.79,0.46,0.39,2021-11-15,816,N,VIIRS,n,2,300.89,3.91,D,0
30.10552,75.77679,332.6,0.46,0.39,2021-11-15,816,N,VIIRS,n,2,300.22,3.91,D,0
30.10578,75.98689,330.05,0.47,0.4,2021-11-15,816,N,VIIRS,n,2,298.72,1.25,D,0
30.10657,76.08185,336.48,0.47,0.4,2021-11-15,816,N,VIIRS,l,2,307.17,13.76,D,0
30.10667,75.32681,343.8,0.44,0.38,2021-11-15,816,N,VIIRS,n,2,300.7,4.74,D,0
30.10794,75.39244,343.71,0.44,0.39,2021-11-15,816,N,VIIRS,n,2,303.76,9.49,D,0
30.10901,75.31703,337.13,0.44,0.38,2021-11-15,816,N,VIIRS,n,2,301.48,5.78,D,0
30.10905,76.07857,342.14,0.47,0.4,2021-11-15,816,N,VIIRS,n,2,302.4,29.97,D,0
30.10915,76.04841,338.17,0.47,0.4,2021-11-15,816,N,VIIRS,n,2,299.19,4.06,D,0
30.10961,76.07632,334.11,0.47,0.4,2021-11-15,816,N,VIIRS,n,2,299.95,13.76,D,0
30.10975,76.53942,334.55,0.5,0.41,2021-11-15,816,N,VIIRS,n,2,297.96,5.29,D,0
30.10983,75.66431,333.65,0.46,0.39,2021-11-15,816,N,VIIRS,n,2,302.76,3.44,D,0
30.11017,76.05113,334.16,0.47,0.4,2021-11-15,816,N,VIIRS,n,2,299.59,6.09,D,0
30.11023,76.08125,332.38,0.47,0.4,2021-11-15,816,N,VIIRS,n,2,299.11,13.76,D,0
30.11171,76.00794,343.87,0.47,0.4,2021-11-15,816,N,VIIRS,n,2,303.34,16.71,D,0
30.11206,75.36818,335.08,0.44,0.39,2021-11-15,816,N,VIIRS,n,2,297.9,3.04,D,0
30.1127,75.40108,339.42,0.44,0.39,2021-11-15,816,N,VIIRS,n,2,302.86,6.83,D,0
30.11281,76.04781,330.98,0.47,0.4,2021-11-15,816,N,VIIRS,n,2,297.52,2.42,D,0
30.114,76.14116,332.32,0.48,0.4,2021-11-15,816,N,VIIRS,n,2,301.54,3.24,D,0
30.11456,74.24746,335.27,0.41,0.37,2021-11-15,816,N,VIIRS,n,2,303.74,4.86,D,0
30.11524,76.15108,347.12,0.48,0.4,2021-11-15,816,N,VIIRS,n,2,302.26,8.05,D,0
30.11536,76.00735,335.66,0.47,0.4,2021-11-15,816,N,VIIRS,n,2,297.63,6.57,D,0
30.11644,75.18639,342.09,0.44,0.38,2021-11-15,816,N,VIIRS,n,2,300.74,4.66,D,0
30.11655,75.04791,338.88,0.43,0.38,2021-11-15,816,N,VIIRS,n,2,300.81,5.27,D,0
30.11756,75.22337,343.4,0.44,0.38,2021-11-15,816,N,VIIRS,n,2,299.75,4.99,D,0
30.11798,76.15289,333.8,0.48,0.4,2021-11-15,816,N,VIIRS,n,2,303.54,7.69,D,0
30.11814,75.22792,339.05,0.44,0.38,2021-11-15,816,N,VIIRS,n,2,300.13,7.08,D,0
30.11889,75.01084,332.25,0.43,0.38,2021-11-15,816,N,VIIRS,n,2,301.08,2.69,D,0
30.11945,74.93318,333.48,0.43,0.38,2021-11-15,816,N,VIIRS,n,2,302.03,3.1,D,0
30.11954,76.15546,346.66,0.48,0.4,2021-11-15,816,N,VIIRS,n,2,303.02,12.73,D,0
30.11984,74.53848,332.72,0.42,0.37,2021-11-15,816,N,VIIRS,n,2,300.61,4.72,D,0
30.12004,74.93763,330.32,0.43,0.38,2021-11-15,816,N,VIIRS,n,2,300.51,3.1,D,0
30.12013,76.04663,340.57,0.47,0.4,2021-11-15,816,N,VIIRS,n,2,302.58,10.27,D,0
30.12073,76.05154,333.34,0.47,0.4,2021-11-15,816,N,VIIRS,n,2,298.43,10.27,D,0
30.12133,76.05647,333.88,0.47,0.4,2021-11-15,816,N,VIIRS,n,2,299.3,3.46,D,0
30.12161,75.41376,336.1,0.45,0.39,2021-11-15,816,N,VIIRS,n,2,304.05,7.16,D,0
30.12168,75.22732,335.95,0.44,0.38,2021-11-15,816,N,VIIRS,n,2,301.83,7.08,D,0
30.12239,75.0929,337.88,0.43,0.38,2021-11-15,816,N,VIIRS,n,2,306.17,28.75,D,0
30.12256,74.68915,337.19,0.42,0.38,2021-11-15,816,N,VIIRS,n,2,302.38,2.8,D,0
30.12304,76.10149,333.71,0.48,0.4,2021-11-15,816,N,VIIRS,n,2,299.01,2.59,D,0
30.12328,74.53786,334.1,0.42,0.37,2021-11-15,816,N,VIIRS,n,2,299.52,4.72,D,0
30.1258,74.60835,334.71,0.42,0.38,2021-11-15,816,N,VIIRS,n,2,301.63,2.89,D,0
30.12589,75.00963,338.07,0.43,0.38,2021-11-15,816,N,VIIRS,n,2,301.73,5.91,D,0
30.12639,74.61269,333.17,0.42,0.38,2021-11-15,816,N,VIIRS,n,2,301.01,2.89,D,0
30.12691,75.26842,340.61,0.44,0.38,2021-11-15,816,N,VIIRS,n,2,305.48,14.7,D,0
30.12698,75.98051,342.68,0.47,0.4,2021-11-15,816,N,VIIRS,n,2,300.67,8.48,D,0
30.12729,74.36728,339.78,0.41,0.37,2021-11-15,816,N,VIIRS,n,2,308.22,19.19,D,0
30.1284,70.60941,334.16,0.4,0.37,2021-11-15,816,N,VIIRS,n,2,301.12,2.95,D,0
30.12933,74.63443,338.46,0.42,0.38,2021-11-15,816,N,VIIRS,n,2,304.17,6.84,D,0
30.12957,75.58876,346.77,0.45,0.39,2021-11-15,816,N,VIIRS,n,2,300.54,7.44,D,0
30.12992,74.93136,333.66,0.43,0.38,2021-11-15,816,N,VIIRS,n,2,299.3,2.88,D,0
30.12998,76.00497,342.82,0.47,0.4,2021-11-15,816,N,VIIRS,n,2,300.18,9.31,D,0
30.13045,75.26781,347.68,0.44,0.38,2021-11-15,816,N,VIIRS,n,2,304.04,28.06,D,0
30.13103,75.27239,339.25,0.44,0.38,2021-11-15,816,N,VIIRS,n,2,300.33,4.6,D,0
30.13229,72.54843,336.93,0.38,0.36,2021-11-15,816,N,VIIRS,n,2,300.22,3.34,D,0
30.13297,76.0295,337.64,0.47,0.4,2021-11-15,816,N,VIIRS,n,2,298.39,3.91,D,0
30.13366,70.55708,335.62,0.4,0.37,2021-11-15,816,N,VIIRS,n,2,300.07,2.06,D,0
30.13426,74.74983,338.1,0.42,0.38,2021-11-15,816,N,VIIRS,n,2,302.45,4.19,D,0
30.13734,75.59227,322.12,0.45,0.39,2021-11-15,816,N,VIIRS,l,2,322.39,36.62,D,0
30.13744,75.70819,332.82,0.46,0.39,2021-11-15,816,N,VIIRS,n,2,300.89,2.32,D,0
30.1375,74.66866,333.15,0.42,0.38,2021-11-15,816,N,VIIRS,n,2,301.76,4.54,D,0
30.13794,75.59698,334.63,0.45,0.39,2021-11-15,816,N,VIIRS,n,2,302.38,36.62,D,0
30.13809,74.67301,338.91,0.42,0.38,2021-11-15,816,N,VIIRS,n,2,300.57,4.54,D,0
30.13879,75.40614,343.45,0.45,0.39,2021-11-15,816,N,VIIRS,n,2,304.79,12.42,D,0
30.13916,75.36491,343.72,0.44,0.39,2021-11-15,816,N,VIIRS,n,2,299.73,4.52,D,0
30.13928,75.28034,333.84,0.44,0.38,2021-11-15,816,N,VIIRS,n,2,302.64,5.91,D,0
30.13968,75.55349,333.76,0.45,0.39,2021-11-15,816,N,VIIRS,n,2,303.49,5.89,D,0
30.13976,75.96346,331.21,0.47,0.4,2021-11-15,816,N,VIIRS,n,2,298.92,3.97,D,0
30.14087,75.40713,332.94,0.45,0.39,2021-11-15,816,N,VIIRS,n,2,300.46,16.31,D,0
30.14103,75.9136,345.56,0.47,0.39,2021-11-15,816,N,VIIRS,n,2,302.12,12.43,D,0
30.14234,74.53186,344.25,0.42,0.37,2021-11-15,816,N,VIIRS,n,2,304.59,7.68,D,0
30.14519,75.65361,335.32,0.46,0.39,2021-11-15,816,N,VIIRS,n,2,302.07,3.06,D,0
30.14599,73.50048,333.25,0.39,0.36,2021-11-15,816,N,VIIRS,n,2,302.09,3.16,D,0
30.14742,74.95567,339.11,0.43,0.38,2021-11-15,816,N,VIIRS,n,2,300.88,4.09,D,0
30.14744,75.37295,333.71,0.44,0.39,2021-11-15,816,N,VIIRS,n,2,301.95,2.82,D,0
30.14749,75.01048,345.24,0.43,0.38,2021-11-15,816,N,VIIRS,n,2,300.05,7.1,D,0
30.14852,74.42051,330.8,0.41,0.37,2021-11-15,816,N,VIIRS,n,2,303.21,2.29,D,0
30.14854,75.50897,333.63,0.45,0.39,2021-11-15,816,N,VIIRS,n,2,303.61,2.47,D,0
30.14864,74.72487,341.8,0.42,0.38,2021-11-15,816,N,VIIRS,n,2,304.54,11.61,D,0
30.14881,76.03694,349.14,0.47,0.4,2021-11-15,816,N,VIIRS,n,2,301.05,8.3,D,0
30.14889,74.31968,332.56,0.41,0.37,2021-11-15,816,N,VIIRS,n,2,303.9,2.71,D,0
30.15005,76.0167,332.73,0.47,0.4,2021-11-15,816,N,VIIRS,n,2,298.6,3.53,D,0
30.1501,75.95679,336.06,0.47,0.4,2021-11-15,816,N,VIIRS,n,2,304.71,14.88,D,0
30.15011,74.84167,338.04,0.43,0.38,2021-11-15,816,N,VIIRS,n,2,301.4,5.21,D,0
30.15016,75.51013,334.52,0.45,0.39,2021-11-15,816,N,VIIRS,n,2,302.78,4.17,D,0
30.15092,74.95506,338.28,0.43,0.38,2021-11-15,816,N,VIIRS,n,2,298.58,4.09,D,0
30.1531,76.01119,339.84,0.47,0.4,2021-11-15,816,N,VIIRS,n,2,302.64,6.89,D,0
30.15347,74.32759,333.02,0.41,0.37,2021-11-15,816,N,VIIRS,n,2,302.57,5.44,D,0
30.15371,76.01611,334.3,0.47,0.4,2021-11-15,816,N,VIIRS,n,2,299.92,6.89,D,0
30.15405,74.33186,333.65,0.41,0.37,2021-11-15,816,N,VIIRS,n,2,302.45,7.73,D,0
30.15405,75.19854,331.27,0.44,0.38,2021-11-15,816,N,VIIRS,n,2,297.92,2.28,D,0
30.15425,76.0813,333.79,0.47,0.4,2021-11-15,816,N,VIIRS,n,2,301.9,15.24,D,0
30.15522,75.17975,332.95,0.44,0.38,2021-11-15,816,N,VIIRS,n,2,298.91,2.6,D,0
30.15552,75.76366,345.43,0.46,0.39,2021-11-15,816,N,VIIRS,n,2,302.78,7.95,D,0
30.15633,75.07784,331.17,0.43,0.38,2021-11-15,816,N,VIIRS,n,2,298.53,2.4,D,0
30.15755,75.14227,334.12,0.44,0.38,2021-11-15,816,N,VIIRS,n,2,298.52,3.49,D,0
30.15757,75.17007,341.65,0.44,0.38,2021-11-15,816,N,VIIRS,n,2,299.5,5.18,D,0
30.15922,75.91064,331.74,0.47,0.39,2021-11-15,816,N,VIIRS,n,2,300.97,2.56,D,0
30.15982,75.94526,333.72,0.47,0.4,2021-11-15,816,N,VIIRS,n,2,299.71,3.8,D,0
30.16041,76.01001,334.22,0.47,0.4,2021-11-15,816,N,VIIRS,n,2,299.7,3.25,D,0
30.16168,75.17401,343.08,0.44,0.38,2021-11-15,816,N,VIIRS,n,2,301.1,10.16,D,0
30.16303,74.55476,334.97,0.42,0.37,2021-11-15,816,N,VIIRS,n,2,302.15,2.04,D,0
30.16346,75.21554,333.86,0.44,0.38,2021-11-15,816,N,VIIRS,l,2,303.91,13.62,D,0
30.16439,75.6601,338.3,0.46,0.39,2021-11-15,816,N,VIIRS,n,2,300.24,3.27,D,0
30.16473,75.65677,333.35,0.46,0.39,2021-11-15,816,N,VIIRS,n,2,301.17,3.66,D,0
30.1674,74.22487,341.52,0.41,0.37,2021-11-15,816,N,VIIRS,n,2,307.43,32.67,D,0
30.16838,73.41669,333.62,0.39,0.36,2021-11-15,816,N,VIIRS,n,2,301.71,1.72,D,0
30.16871,75.72248,332.12,0.46,0.39,2021-11-15,816,N,VIIRS,n,2,300.68,2.53,D,0
30.16921,74.46964,331.55,0.41,0.37,2021-11-15,816,N,VIIRS,n,2,300.21,3.29,D,0
30.16953,76.08386,340.43,0.47,0.4,2021-11-15,816,N,VIIRS,n,2,300.17,4.01,D,0
30.17022,75.61237,339.57,0.45,0.39,2021-11-15,816,N,VIIRS,n,2,304.7,13.82,D,0
30.17023,74.22001,331.01,0.41,0.37,2021-11-15,816,N,VIIRS,n,2,300.11,11.31,D,0
30.17051,75.41159,336.11,0.45,0.39,2021-11-15,816,N,VIIRS,n,2,306.42,15.04,D,0
30.17081,74.22425,367,0.41,0.37,2021-11-15,816,N,VIIRS,l,2,329.48,90.09,D,0
30.17149,71.57002,332.18,0.39,0.36,2021-11-15,816,N,VIIRS,n,2,300.35,2.67,D,0
30.1716,75.50654,345.15,0.45,0.39,2021-11-15,816,N,VIIRS,n,2,308.96,10.85,D,0
30.17171,76.31822,336.35,0.49,0.4,2021-11-15,816,N,VIIRS,n,2,303.15,7.82,D,0
30.1732,76.08327,334.4,0.47,0.4,2021-11-15,816,N,VIIRS,n,2,298.71,4.01,D,0
30.17333,74.52635,336.55,0.42,0.37,2021-11-15,816,N,VIIRS,n,2,302.59,3.42,D,0
30.17346,74.63298,338.07,0.42,0.38,2021-11-15,816,N,VIIRS,n,2,300.41,3.62,D,0
30.17556,74.49059,335.46,0.42,0.37,2021-11-15,816,N,VIIRS,n,2,302.49,3.49,D,0
30.17615,71.64319,337.98,0.39,0.36,2021-11-15,816,N,VIIRS,n,2,304.95,11.18,D,0
30.17647,75.75208,331.33,0.46,0.39,2021-11-15,816,N,VIIRS,l,2,303.18,8.11,D,0
30.17658,75.75529,345.9,0.46,0.39,2021-11-15,816,N,VIIRS,n,2,302.15,7.84,D,0
30.17665,74.26669,335.27,0.41,0.37,2021-11-15,816,N,VIIRS,l,2,306.17,13.2,D,0
30.17676,75.63541,333.42,0.45,0.39,2021-11-15,816,N,VIIRS,n,2,301.81,2.55,D,0
30.17687,76.08267,335.5,0.47,0.4,2021-11-15,816,N,VIIRS,n,2,299.58,6.85,D,0
30.17692,74.63237,347,0.42,0.38,2021-11-15,816,N,VIIRS,n,2,304.04,17.77,D,0
30.1787,76.0371,334.44,0.47,0.4,2021-11-15,816,N,VIIRS,n,2,299.1,3.42,D,0
30.17927,75.56752,334.53,0.45,0.39,2021-11-15,816,N,VIIRS,n,2,302.49,6.04,D,0
30.1793,76.13284,334.56,0.48,0.4,2021-11-15,816,N,VIIRS,n,2,299.78,3.05,D,0
30.17931,76.10246,344.21,0.48,0.4,2021-11-15,816,N,VIIRS,n,2,301.56,5.53,D,0
30.17936,75.2268,335.98,0.44,0.38,2021-11-15,816,N,VIIRS,n,2,299.64,2.33,D,0
30.17958,74.28795,332.23,0.41,0.37,2021-11-15,816,N,VIIRS,l,2,302.64,4.81,D,0
30.17988,75.95692,333.28,0.47,0.4,2021-11-15,816,N,VIIRS,n,2,300.28,2.46,D,0
30.18014,75.72546,343.27,0.46,0.39,2021-11-15,816,N,VIIRS,n,2,306.84,15.93,D,0
30.18016,74.29221,333.46,0.41,0.37,2021-11-15,816,N,VIIRS,n,2,302.46,4.72,D,0
30.18053,76.02176,331.98,0.47,0.4,2021-11-15,816,N,VIIRS,n,2,298.54,2.56,D,0
30.18163,75.88222,331.85,0.47,0.39,2021-11-15,816,N,VIIRS,l,2,302.01,3.09,D,0
30.18235,76.18826,337.1,0.48,0.4,2021-11-15,816,N,VIIRS,n,2,298.21,4.81,D,0
30.18237,76.12727,339.13,0.48,0.4,2021-11-15,816,N,VIIRS,n,2,299.76,7.31,D,0
30.1825,74.30926,330.84,0.41,0.37,2021-11-15,816,N,VIIRS,n,2,302.6,1.87,D,0
30.18285,75.56692,332.73,0.45,0.39,2021-11-15,816,N,VIIRS,n,2,301.61,4.99,D,0
30.18344,75.57162,334.7,0.45,0.39,2021-11-15,816,N,VIIRS,n,2,298.99,4.99,D,0
30.18357,76.01625,334.31,0.47,0.4,2021-11-15,816,N,VIIRS,n,2,299.58,6.14,D,0
30.1842,76.05128,339.32,0.47,0.4,2021-11-15,816,N,VIIRS,n,2,301.86,18.4,D,0
30.18454,75.63895,335.17,0.46,0.39,2021-11-15,816,N,VIIRS,n,2,302.01,8.45,D,0
30.18462,75.58105,345.22,0.45,0.39,2021-11-15,816,N,VIIRS,n,2,301.62,9.88,D,0
30.18502,75.70191,335.74,0.46,0.39,2021-11-15,816,N,VIIRS,n,2,304.85,8.04,D,0
30.1853,75.49946,346.85,0.45,0.39,2021-11-15,816,N,VIIRS,n,2,301.95,4.71,D,0
30.18962,74.23389,341.1,0.41,0.37,2021-11-15,816,N,VIIRS,n,2,304.1,7.69,D,0
30.18996,75.22499,339.18,0.44,0.38,2021-11-15,816,N,VIIRS,n,2,306.12,13.61,D,0
30.18999,75.25301,332.28,0.44,0.38,2021-11-15,816,N,VIIRS,n,2,301.67,3.22,D,0
30.19032,76.22269,336.77,0.48,0.4,2021-11-15,816,N,VIIRS,n,2,301.57,9.38,D,0
30.19093,75.74969,344.63,0.46,0.39,2021-11-15,816,N,VIIRS,n,2,302.73,5.54,D,0
30.19095,76.19706,332.91,0.48,0.4,2021-11-15,816,N,VIIRS,n,2,298.3,4.17,D,0
30.1917,75.21072,332.87,0.44,0.38,2021-11-15,816,N,VIIRS,n,2,300.84,4.95,D,0
30.19236,75.61351,345.29,0.45,0.39,2021-11-15,816,N,VIIRS,n,2,306.76,16.91,D,0
30.19316,75.05769,336.57,0.43,0.38,2021-11-15,816,N,VIIRS,n,2,300.89,6.89,D,0
30.19353,75.2524,332.76,0.44,0.38,2021-11-15,816,N,VIIRS,n,2,299.91,3.97,D,0
30.19432,74.26786,343.65,0.41,0.37,2021-11-15,816,N,VIIRS,n,2,304.14,15,D,0
30.19464,76.19646,332.8,0.48,0.4,2021-11-15,816,N,VIIRS,n,2,297.76,4.17,D,0
30.19529,75.66621,330.59,0.46,0.39,2021-11-15,816,N,VIIRS,n,2,300.22,1.59,D,0
30.19598,74.03013,338.36,0.4,0.37,2021-11-15,816,N,VIIRS,n,2,305.13,10.37,D,0
30.19669,74.86274,340.3,0.43,0.38,2021-11-15,816,N,VIIRS,n,2,301.2,4.12,D,0
30.198,75.12145,334.38,0.44,0.38,2021-11-15,816,N,VIIRS,n,2,299.01,5.11,D,0
30.19892,75.04509,331.8,0.43,0.38,2021-11-15,816,N,VIIRS,n,2,298.61,2.88,D,0
30.19892,76.13981,344.57,0.48,0.4,2021-11-15,816,N,VIIRS,n,2,300.06,10.15,D,0
30.19898,75.04749,334.7,0.43,0.38,2021-11-15,816,N,VIIRS,n,2,298.56,4.12,D,0
30.19939,75.72875,339.18,0.46,0.39,2021-11-15,816,N,VIIRS,n,2,307.25,10.01,D,0
30.19955,76.17529,332.4,0.48,0.4,2021-11-15,816,N,VIIRS,n,2,299.02,3.29,D,0
30.20078,76.15475,330.89,0.48,0.4,2021-11-15,816,N,VIIRS,n,2,299.22,3,D,0
30.20165,75.17646,332.31,0.44,0.38,2021-11-15,816,N,VIIRS,n,2,298.47,2.49,D,0
30.20224,75.18101,339.57,0.44,0.38,2021-11-15,816,N,VIIRS,n,2,299.42,2.49,D,0
30.20353,70.72903,331.45,0.4,0.37,2021-11-15,816,N,VIIRS,n,2,301.02,2.87,D,0
30.20373,75.94492,331.35,0.47,0.4,2021-11-15,816,N,VIIRS,n,2,301.93,3.13,D,0
30.20378,76.42743,337.66,0.49,0.4,2021-11-15,816,N,VIIRS,n,2,301.19,4.49,D,0
30.20414,75.2506,343.39,0.44,0.38,2021-11-15,816,N,VIIRS,n,2,303.94,11.59,D,0
30.20415,74.73052,345.75,0.42,0.38,2021-11-15,816,N,VIIRS,n,2,299.55,6.69,D,0
30.20432,75.9498,339.13,0.47,0.4,2021-11-15,816,N,VIIRS,n,2,301.21,3.13,D,0
30.20463,75.19921,333.73,0.44,0.38,2021-11-15,816,N,VIIRS,n,2,301.83,2.6,D,0
30.20479,75.94788,348.06,0.47,0.4,2021-11-15,816,N,VIIRS,n,2,302.83,5.51,D,0
30.20523,75.20376,333.99,0.44,0.38,2021-11-15,816,N,VIIRS,n,2,301.29,4.96,D,0
30.20593,75.26433,333.13,0.44,0.38,2021-11-15,816,N,VIIRS,n,2,300.15,3.62,D,0
30.20816,75.1986,332.05,0.44,0.38,2021-11-15,816,N,VIIRS,n,2,303.27,8.78,D,0
30.20876,75.20316,334.7,0.44,0.38,2021-11-15,816,N,VIIRS,n,2,302.25,12.04,D,0
30.20927,76.0724,332.67,0.47,0.4,2021-11-15,816,N,VIIRS,n,2,299.36,7.11,D,0
30.20971,74.61319,332.88,0.42,0.38,2021-11-15,816,N,VIIRS,n,2,301.18,1.7,D,0
30.20989,76.07733,334.96,0.47,0.4,2021-11-15,816,N,VIIRS,n,2,304.07,7.11,D,0
30.21,74.20913,339.61,0.41,0.37,2021-11-15,816,N,VIIRS,n,2,303.47,10.87,D,0
30.21026,75.40963,333.86,0.45,0.39,2021-11-15,816,N,VIIRS,n,2,303.04,2.25,D,0
30.21054,76.11259,335.35,0.48,0.4,2021-11-15,816,N,VIIRS,n,2,299.57,3.79,D,0
30.21135,76.03876,336.15,0.47,0.4,2021-11-15,816,N,VIIRS,n,2,298.17,2.25,D,0
30.21176,75.06129,341.41,0.43,0.38,2021-11-15,816,N,VIIRS,n,2,297.5,4.08,D,0
30.21213,75.98346,338.41,0.47,0.4,2021-11-15,816,N,VIIRS,n,2,300.59,4.11,D,0
30.21263,76.01844,333.56,0.47,0.4,2021-11-15,816,N,VIIRS,n,2,298.33,1.88,D,0
30.21277,75.98149,343.51,0.47,0.4,2021-11-15,816,N,VIIRS,n,2,300.71,5.27,D,0
30.21293,76.07181,332.89,0.47,0.4,2021-11-15,816,N,VIIRS,n,2,298.96,7.89,D,0
30.21351,74.82808,333.11,0.43,0.38,2021-11-15,816,N,VIIRS,n,2,300.48,2.38,D,0
30.21355,76.07674,334.7,0.47,0.4,2021-11-15,816,N,VIIRS,n,2,299.67,7.89,D,0
30.21407,76.02133,333.63,0.47,0.4,2021-11-15,816,N,VIIRS,n,2,299.15,2.48,D,0
30.21484,76.11696,333.63,0.48,0.4,2021-11-15,816,N,VIIRS,n,2,298.56,3.79,D,0
30.21518,74.01801,337.52,0.4,0.37,2021-11-15,816,N,VIIRS,n,2,302.9,5.9,D,0
30.21527,75.94802,335.52,0.47,0.4,2021-11-15,816,N,VIIRS,n,2,303.91,11.37,D,0
30.21582,75.20195,332.37,0.44,0.38,2021-11-15,816,N,VIIRS,n,2,301.56,2.99,D,0
30.21679,76.05297,332.26,0.47,0.4,2021-11-15,816,N,VIIRS,n,2,299.03,1.62,D,0
30.21687,75.69176,332.16,0.46,0.39,2021-11-15,816,N,VIIRS,n,2,300.85,4.27,D,0
30.2169,75.60459,333.74,0.45,0.39,2021-11-15,816,N,VIIRS,n,2,302.43,4.61,D,0
30.21715,75.26711,333.94,0.44,0.38,2021-11-15,816,N,VIIRS,n,2,303.28,7.65,D,0
30.21724,76.63683,344.07,0.5,0.41,2021-11-15,816,N,VIIRS,n,2,298.56,7.08,D,0
30.21746,73.29102,331.39,0.39,0.36,2021-11-15,816,N,VIIRS,n,2,300.82,1.69,D,0
30.21891,75.94742,338.08,0.47,0.4,2021-11-15,816,N,VIIRS,n,2,301.11,11.37,D,0
30.21989,74.82244,331.05,0.43,0.38,2021-11-15,816,N,VIIRS,l,2,304.02,3.4,D,0
30.22009,75.26192,334.51,0.44,0.38,2021-11-15,816,N,VIIRS,n,2,300.37,2.01,D,0
30.2201,73.63379,333.38,0.4,0.37,2021-11-15,816,N,VIIRS,n,2,300.22,2.9,D,0
30.2201,75.95719,336.21,0.47,0.4,2021-11-15,816,N,VIIRS,n,2,301.34,3.98,D,0
30.22026,75.34647,334.57,0.44,0.39,2021-11-15,816,N,VIIRS,n,2,303.47,5.85,D,0
30.22086,75.35109,332.69,0.44,0.39,2021-11-15,816,N,VIIRS,n,2,300.72,3.78,D,0
30.22148,73.63416,334.62,0.4,0.37,2021-11-15,816,N,VIIRS,n,2,298.39,2.56,D,0
30.22161,75.46951,343.82,0.45,0.39,2021-11-15,816,N,VIIRS,n,2,308.17,19.03,D,0
30.22265,75.2592,332.52,0.44,0.38,2021-11-15,816,N,VIIRS,n,2,300.83,4.19,D,0
30.22325,76.1379,336.66,0.48,0.4,2021-11-15,816,N,VIIRS,n,2,301.08,5.93,D,0
30.22337,74.82183,332.96,0.43,0.38,2021-11-15,816,N,VIIRS,n,2,300.16,4.37,D,0
30.22347,75.56976,338.43,0.45,0.39,2021-11-15,816,N,VIIRS,n,2,301.94,2.55,D,0
30.22375,75.9566,332.04,0.47,0.4,2021-11-15,816,N,VIIRS,n,2,301.16,3.9,D,0
30.22403,75.10072,334.11,0.43,0.38,2021-11-15,816,N,VIIRS,n,2,301.25,14.14,D,0
30.22404,76.08205,350.68,0.48,0.4,2021-11-15,816,N,VIIRS,n,2,301.73,13.23,D,0
30.22441,75.35049,333.09,0.44,0.39,2021-11-15,816,N,VIIRS,n,2,301.52,3.78,D,0
30.22442,74.74944,339.9,0.42,0.38,2021-11-15,816,N,VIIRS,n,2,301.27,10.41,D,0
30.22468,76.13565,330.74,0.48,0.4,2021-11-15,816,N,VIIRS,n,2,299.63,5.44,D,0
30.2247,74.61945,334.45,0.42,0.38,2021-11-15,816,N,VIIRS,n,2,302.08,2.97,D,0
30.22519,76.07991,346.44,0.47,0.4,2021-11-15,816,N,VIIRS,n,2,301.93,7.08,D,0
30.22531,76.14063,332.83,0.48,0.4,2021-11-15,816,N,VIIRS,n,2,299.9,8.23,D,0
30.22581,76.08485,332.86,0.48,0.4,2021-11-15,816,N,VIIRS,n,2,299.41,7.08,D,0
30.22634,75.14666,340.24,0.44,0.38,2021-11-15,816,N,VIIRS,n,2,299.96,4.42,D,0
30.22648,75.68044,343.1,0.46,0.39,2021-11-15,816,N,VIIRS,n,2,301.6,5.65,D,0
30.22693,76.13731,340,0.48,0.4,2021-11-15,816,N,VIIRS,n,2,298.84,5.93,D,0
30.22696,75.0956,331.43,0.43,0.38,2021-11-15,816,N,VIIRS,n,2,298.44,11.8,D,0
30.22699,74.61014,332.53,0.42,0.38,2021-11-15,816,N,VIIRS,n,2,299.82,3.82,D,0
30.22789,75.30054,330.81,0.44,0.39,2021-11-15,816,N,VIIRS,l,2,301.49,3.93,D,0
30.228,75.96089,345.6,0.47,0.4,2021-11-15,816,N,VIIRS,n,2,302.38,5.88,D,0
30.2283,73.2473,336.46,0.39,0.36,2021-11-15,816,N,VIIRS,n,2,303.7,4.66,D,0
30.22844,75.29803,337.49,0.44,0.38,2021-11-15,816,N,VIIRS,n,2,301.5,3.25,D,0
30.22847,76.02591,332.76,0.47,0.4,2021-11-15,816,N,VIIRS,n,2,300.61,1.8,D,0
30.22867,73.61171,336.88,0.4,0.37,2021-11-15,816,N,VIIRS,n,2,300.14,8.15,D,0
30.22884,75.55443,331.07,0.45,0.39,2021-11-15,816,N,VIIRS,n,2,301.81,2.3,D,0
30.22952,74.07137,347.49,0.41,0.37,2021-11-15,816,N,VIIRS,n,2,303.49,5.21,D,0
30.23071,74.71686,333.62,0.42,0.38,2021-11-15,816,N,VIIRS,n,2,303.47,4.53,D,0
30.23085,76.155,333.71,0.48,0.4,2021-11-15,816,N,VIIRS,n,2,298.82,18.47,D,0
30.23098,74.87946,331.75,0.43,0.38,2021-11-15,816,N,VIIRS,n,2,305.67,9.07,D,0
30.23157,74.8839,332.45,0.43,0.38,2021-11-15,816,N,VIIRS,n,2,298.62,9.07,D,0
30.23159,75.9903,336.31,0.47,0.4,2021-11-15,816,N,VIIRS,n,2,300.22,4.67,D,0
30.23165,75.9603,331.01,0.47,0.4,2021-11-15,816,N,VIIRS,n,2,301.79,3.6,D,0
30.23181,76.14668,332.65,0.48,0.4,2021-11-15,816,N,VIIRS,n,2,299.51,4.76,D,0
30.23186,75.60691,333.12,0.45,0.39,2021-11-15,816,N,VIIRS,n,2,300.93,5.75,D,0
30.23188,75.6359,335.17,0.46,0.39,2021-11-15,816,N,VIIRS,n,2,303.43,23.84,D,0
30.23204,76.13448,330.18,0.48,0.4,2021-11-15,816,N,VIIRS,n,2,298.47,2,D,0
30.2324,76.15168,351.48,0.48,0.4,2021-11-15,816,N,VIIRS,n,2,313.07,29.96,D,0
30.23273,76.03024,334.02,0.47,0.4,2021-11-15,816,N,VIIRS,n,2,300.01,16.27,D,0
30.23346,76.23629,341.13,0.48,0.4,2021-11-15,816,N,VIIRS,n,2,299.95,4,D,0
30.23391,76.14941,342.49,0.48,0.4,2021-11-15,816,N,VIIRS,n,2,309.74,18.47,D,0
30.23454,76.1544,337.87,0.48,0.4,2021-11-15,816,N,VIIRS,n,2,303.32,18.47,D,0
30.23466,76.2156,331.71,0.48,0.4,2021-11-15,816,N,VIIRS,n,2,298.68,1.8,D,0
30.23507,74.61763,331.85,0.42,0.38,2021-11-15,816,N,VIIRS,n,2,299.57,1.77,D,0
30.23594,75.49574,335.79,0.45,0.39,2021-11-15,816,N,VIIRS,n,2,303.23,2.26,D,0
30.23609,76.15108,347.07,0.48,0.4,2021-11-15,816,N,VIIRS,n,2,299.6,29.96,D,0
30.2365,76.21741,342.91,0.48,0.4,2021-11-15,816,N,VIIRS,n,2,300.49,10.37,D,0
30.23654,75.50043,335.53,0.45,0.39,2021-11-15,816,N,VIIRS,n,2,302.95,4.7,D,0
30.23714,75.5051,337.25,0.45,0.39,2021-11-15,816,N,VIIRS,n,2,303.82,4.7,D,0
30.23719,74.54244,332.32,0.42,0.37,2021-11-15,816,N,VIIRS,n,2,300.17,2.03,D,0
30.23751,75.12155,342.54,0.44,0.38,2021-11-15,816,N,VIIRS,n,2,300.21,4.96,D,0
30.23835,76.21501,346.25,0.48,0.4,2021-11-15,816,N,VIIRS,n,2,300.94,8.51,D,0
30.23849,70.63706,347.68,0.4,0.37,2021-11-15,816,N,VIIRS,n,2,302.14,6,D,0
30.23909,76.17609,331.18,0.48,0.4,2021-11-15,816,N,VIIRS,n,2,298.41,1.34,D,0
30.2392,70.66241,331.73,0.4,0.37,2021-11-15,816,N,VIIRS,n,2,300.73,2.88,D,0
30.23939,76.27348,330.18,0.48,0.4,2021-11-15,816,N,VIIRS,n,2,300.41,1.79,D,0
30.23969,75.30795,333.02,0.44,0.39,2021-11-15,816,N,VIIRS,n,2,302.27,2.43,D,0
30.23971,74.06951,340.49,0.41,0.37,2021-11-15,816,N,VIIRS,n,2,305.67,26.95,D,0
30.24121,74.55865,347.5,0.42,0.37,2021-11-15,816,N,VIIRS,n,2,302.74,6.84,D,0
30.24148,74.63882,338.66,0.42,0.38,2021-11-15,816,N,VIIRS,n,2,304.49,12.32,D,0
30.24237,74.55486,335.16,0.42,0.38,2021-11-15,816,N,VIIRS,n,2,302.2,6.13,D,0
30.24267,76.21944,333.83,0.48,0.4,2021-11-15,816,N,VIIRS,n,2,299.45,3.42,D,0
30.24275,75.21834,342.86,0.44,0.38,2021-11-15,816,N,VIIRS,n,2,302.23,11.26,D,0
30.24294,74.5592,336.55,0.42,0.38,2021-11-15,816,N,VIIRS,n,2,301.53,6.13,D,0
30.2431,74.06889,331.56,0.41,0.37,2021-11-15,816,N,VIIRS,l,2,302.31,18.15,D,0
30.24368,74.0731,334.81,0.41,0.37,2021-11-15,816,N,VIIRS,l,2,305.32,10.24,D,0
30.24407,74.02563,337.21,0.4,0.37,2021-11-15,816,N,VIIRS,n,2,301.51,7.26,D,0
30.24422,76.41579,338.88,0.49,0.4,2021-11-15,816,N,VIIRS,n,2,302.61,7.47,D,0
30.24565,75.95303,335.59,0.47,0.4,2021-11-15,816,N,VIIRS,n,2,301.66,8.89,D,0
30.24567,75.24122,346.44,0.44,0.38,2021-11-15,816,N,VIIRS,n,2,302.31,6.08,D,0
30.2462,75.30215,335.42,0.44,0.39,2021-11-15,816,N,VIIRS,n,2,308.27,12.81,D,0
30.24626,71.83013,335.22,0.38,0.36,2021-11-15,816,N,VIIRS,n,2,299.65,2.38,D,0
30.24679,75.30674,332.4,0.44,0.39,2021-11-15,816,N,VIIRS,n,2,300.2,12.81,D,0
30.24686,75.22231,303.09,0.44,0.38,2021-11-15,816,N,VIIRS,l,2,307.2,14.96,D,0
30.24699,76.2106,342.16,0.48,0.4,2021-11-15,816,N,VIIRS,n,2,300.5,6.3,D,0
30.24709,74.07248,334.78,0.41,0.37,2021-11-15,816,N,VIIRS,n,2,303.48,10.24,D,0
30.24733,76.05807,342.45,0.47,0.4,2021-11-15,816,N,VIIRS,n,2,303.25,9.02,D,0
30.24745,75.22688,334.83,0.44,0.38,2021-11-15,816,N,VIIRS,n,2,304.63,32.65,D,0
30.24795,76.4152,334.65,0.49,0.4,2021-11-15,816,N,VIIRS,n,2,300.18,4.61,D,0
30.24806,75.09196,337.27,0.43,0.38,2021-11-15,816,N,VIIRS,n,2,300.07,2.8,D,0
30.24844,76.32669,335.85,0.49,0.4,2021-11-15,816,N,VIIRS,n,2,303.29,7.08,D,0
30.24921,75.24062,338.2,0.44,0.38,2021-11-15,816,N,VIIRS,n,2,300.71,4.09,D,0
30.24956,71.82945,335.39,0.38,0.36,2021-11-15,816,N,VIIRS,n,2,301.59,2.38,D,0
30.25027,74.0202,347.11,0.4,0.37,2021-11-15,816,N,VIIRS,n,2,301.8,7.62,D,0
30.2504,75.2217,335.06,0.44,0.38,2021-11-15,816,N,VIIRS,n,2,303.87,14.96,D,0
30.25042,75.13788,333.26,0.44,0.38,2021-11-15,816,N,VIIRS,n,2,301.53,4.15,D,0
30.25053,75.93229,341.95,0.47,0.4,2021-11-15,816,N,VIIRS,n,2,301.71,3.67,D,0
30.25074,73.9986,333.95,0.4,0.37,2021-11-15,816,N,VIIRS,n,2,302.51,4.1,D,0
30.25099,76.05748,333.82,0.47,0.4,2021-11-15,816,N,VIIRS,n,2,304.71,36.82,D,0
30.25158,75.09135,344.88,0.43,0.38,2021-11-15,816,N,VIIRS,n,2,300.89,6.53,D,0
30.25161,73.60319,342.7,0.4,0.37,2021-11-15,816,N,VIIRS,n,2,301.21,3.56,D,0
30.25202,74.03279,341.19,0.4,0.37,2021-11-15,816,N,VIIRS,n,2,300.55,5.1,D,0
30.25276,76.10269,333.15,0.48,0.4,2021-11-15,816,N,VIIRS,n,2,299.82,20.51,D,0
30.25277,75.1282,345.33,0.44,0.38,2021-11-15,816,N,VIIRS,n,2,302.86,9.26,D,0
30.25331,75.54554,338.72,0.45,0.39,2021-11-15,816,N,VIIRS,n,2,302.36,5.78,D,0
30.25377,73.30495,337.25,0.39,0.36,2021-11-15,816,N,VIIRS,n,2,301.48,2.77,D,0
30.25453,75.55495,337,0.45,0.39,2021-11-15,816,N,VIIRS,n,2,303.71,4.66,D,0
30.25588,75.6513,331.27,0.46,0.39,2021-11-15,816,N,VIIRS,n,2,301.77,2.46,D,0
30.25611,76.25535,331.91,0.48,0.4,2021-11-15,816,N,VIIRS,n,2,299.29,3.36,D,0
30.25613,73.61078,333.35,0.4,0.37,2021-11-15,816,N,VIIRS,n,2,299.92,2.06,D,0
30.25629,75.12759,340.68,0.44,0.38,2021-11-15,816,N,VIIRS,n,2,302.93,20.02,D,0
30.25651,76.04147,341.62,0.47,0.4,2021-11-15,816,N,VIIRS,n,2,300.89,3.33,D,0
30.25686,76.19878,330.27,0.48,0.4,2021-11-15,816,N,VIIRS,n,2,299.59,1.82,D,0
30.25745,73.35435,335.44,0.39,0.36,2021-11-15,816,N,VIIRS,n,2,302.07,2.52,D,0
30.25775,73.59782,335.95,0.4,0.37,2021-11-15,816,N,VIIRS,n,2,302.35,8.48,D,0
30.2587,74.00575,345.04,0.4,0.37,2021-11-15,816,N,VIIRS,n,2,303.52,8.61,D,0
30.26209,74.00513,332.31,0.4,0.37,2021-11-15,816,N,VIIRS,n,2,300.11,67.88,D,0
30.26218,74.36134,333.55,0.41,0.37,2021-11-15,816,N,VIIRS,n,2,303.46,7.82,D,0
30.26317,76.09594,334.21,0.48,0.4,2021-11-15,816,N,VIIRS,l,2,304.95,14.67,D,0
30.26378,76.64026,347.7,0.5,0.41,2021-11-15,816,N,VIIRS,n,2,303.63,12.79,D,0
30.26384,74.01772,346.57,0.4,0.37,2021-11-15,816,N,VIIRS,n,2,300.53,6.23,D,0
30.26472,73.35715,337.67,0.39,0.36,2021-11-15,816,N,VIIRS,n,2,301.57,6.77,D,0
30.26498,75.72278,333.67,0.46,0.39,2021-11-15,816,N,VIIRS,n,2,302.19,3.09,D,0
30.26555,75.45517,346.42,0.45,0.39,2021-11-15,816,N,VIIRS,n,2,302.84,6.63,D,0
30.2656,74.03031,337.23,0.4,0.37,2021-11-15,816,N,VIIRS,n,2,301.11,2.75,D,0
30.26594,73.98293,346.26,0.4,0.37,2021-11-15,816,N,VIIRS,n,2,306.26,12.16,D,0
30.26685,76.09534,334.75,0.48,0.4,2021-11-15,816,N,VIIRS,n,2,299.81,14.67,D,0
30.26734,74.77798,346.24,0.42,0.38,2021-11-15,816,N,VIIRS,n,2,309.92,33.12,D,0
30.26744,75.35512,344.35,0.44,0.39,2021-11-15,816,N,VIIRS,n,2,304.2,7.39,D,0
30.26756,76.63967,338.31,0.5,0.41,2021-11-15,816,N,VIIRS,n,2,298.29,6.48,D,0
30.26828,74.77879,337.97,0.42,0.38,2021-11-15,816,N,VIIRS,l,2,309.05,35.25,D,0
30.2691,74.38647,337.12,0.41,0.37,2021-11-15,816,N,VIIRS,n,2,303.85,3.54,D,0
30.26911,72.83391,333.74,0.39,0.36,2021-11-15,816,N,VIIRS,n,2,301.81,2.29,D,0
30.26926,73.97882,333.93,0.4,0.37,2021-11-15,816,N,VIIRS,n,2,302.87,3.07,D,0
30.26933,73.9823,344.42,0.4,0.37,2021-11-15,816,N,VIIRS,n,2,305.96,12.16,D,0
30.26933,76.0545,334.32,0.47,0.4,2021-11-15,816,N,VIIRS,n,2,302.75,8.4,D,0
30.26958,74.03389,334.11,0.4,0.37,2021-11-15,816,N,VIIRS,n,2,298.1,5.77,D,0
30.26983,73.98301,335.29,0.4,0.37,2021-11-15,816,N,VIIRS,n,2,303.12,5.79,D,0
30.27025,76.27884,335.44,0.49,0.4,2021-11-15,816,N,VIIRS,n,2,307.14,15.9,D,0
30.27046,71.96471,332.44,0.38,0.36,2021-11-15,816,N,VIIRS,n,2,300.78,2.78,D,0
30.271,74.24599,336.44,0.41,0.37,2021-11-15,816,N,VIIRS,n,2,301.13,3.43,D,0
30.271,75.35452,337.24,0.44,0.39,2021-11-15,816,N,VIIRS,n,2,304.16,7.11,D,0
30.27143,75.50198,330.57,0.45,0.39,2021-11-15,816,N,VIIRS,l,2,302.49,2.06,D,0
30.27202,73.65007,336.23,0.4,0.37,2021-11-15,816,N,VIIRS,n,2,299.9,3.12,D,0
30.273,76.05392,330.34,0.47,0.4,2021-11-15,816,N,VIIRS,n,2,299.03,3.66,D,0
30.2738,73.98658,342.8,0.4,0.37,2021-11-15,816,N,VIIRS,n,2,302.85,5.79,D,0
30.27414,76.15514,331.93,0.48,0.4,2021-11-15,816,N,VIIRS,n,2,297.94,2.03,D,0
30.27557,76.58215,336.24,0.5,0.41,2021-11-15,816,N,VIIRS,n,2,300.84,6.41,D,0
30.27571,75.19403,337.05,0.44,0.38,2021-11-15,816,N,VIIRS,n,2,302.6,8.82,D,0
30.27629,76.58488,332.81,0.5,0.41,2021-11-15,816,N,VIIRS,n,2,300.66,6.52,D,0
30.27661,76.14455,330.95,0.48,0.4,2021-11-15,816,N,VIIRS,n,2,299.29,3.33,D,0
30.27665,76.08363,335.15,0.48,0.4,2021-11-15,816,N,VIIRS,n,2,301.91,70.33,D,0
30.27667,76.05332,333.98,0.47,0.4,2021-11-15,816,N,VIIRS,n,2,301.2,3.66,D,0
30.27728,76.02805,352.72,0.47,0.4,2021-11-15,816,N,VIIRS,n,2,303.1,12.33,D,0
30.27728,76.05827,341.02,0.47,0.4,2021-11-15,816,N,VIIRS,n,2,299.87,3.66,D,0
30.27777,74.42457,338.86,0.41,0.37,2021-11-15,816,N,VIIRS,n,2,302.67,56.5,D,0
30.27789,76.03297,333.82,0.47,0.4,2021-11-15,816,N,VIIRS,n,2,302.39,9.48,D,0
30.27804,75.15637,343.36,0.44,0.38,2021-11-15,816,N,VIIRS,n,2,300.78,4.84,D,0
30.27825,75.67465,330.18,0.46,0.39,2021-11-15,816,N,VIIRS,n,2,300.87,1.51,D,0
30.27832,75.64548,332.2,0.46,0.39,2021-11-15,816,N,VIIRS,n,2,301.2,2.37,D,0
30.27848,76.09853,331.31,0.48,0.4,2021-11-15,816,N,VIIRS,n,2,299.14,2.59,D,0
30.2785,75.97766,333.41,0.47,0.4,2021-11-15,816,N,VIIRS,n,2,300.81,1.98,D,0
30.2786,74.14893,336.36,0.41,0.37,2021-11-15,816,N,VIIRS,n,2,301.07,2.21,D,0
30.2787,75.35794,336.94,0.44,0.39,2021-11-15,816,N,VIIRS,n,2,302.07,6,D,0
30.27907,76.13396,331.59,0.48,0.4,2021-11-15,816,N,VIIRS,n,2,299.44,3.14,D,0
30.2797,76.10847,341.73,0.48,0.4,2021-11-15,816,N,VIIRS,n,2,298.74,3.69,D,0
30.27988,75.3672,342.69,0.45,0.39,2021-11-15,816,N,VIIRS,n,2,304.17,18.02,D,0
30.28004,75.72518,335.72,0.46,0.39,2021-11-15,816,N,VIIRS,n,2,301.88,3.5,D,0
30.28021,75.60156,334.22,0.45,0.39,2021-11-15,816,N,VIIRS,n,2,302.41,3.46,D,0
30.2803,75.09103,336.63,0.43,0.38,2021-11-15,816,N,VIIRS,n,2,300.54,4.21,D,0
30.28053,75.72306,336.69,0.46,0.39,2021-11-15,816,N,VIIRS,n,2,306.39,12.56,D,0
30.28065,74.23989,332.44,0.41,0.37,2021-11-15,816,N,VIIRS,n,2,299.73,1.89,D,0
30.28094,75.9973,347.43,0.47,0.4,2021-11-15,816,N,VIIRS,n,2,302.94,13.91,D,0
30.28095,76.05768,337.25,0.47,0.4,2021-11-15,816,N,VIIRS,n,2,300.36,33.44,D,0
30.28121,74.42396,367,0.41,0.37,2021-11-15,816,N,VIIRS,h,2,335.73,56.5,D,0
30.28153,76.12341,341.29,0.48,0.4,2021-11-15,816,N,VIIRS,n,2,307.49,21.07,D,0
30.28216,75.97707,333.47,0.47,0.4,2021-11-15,816,N,VIIRS,n,2,299.18,1.98,D,0
30.28227,76.44353,331.29,0.49,0.41,2021-11-15,816,N,VIIRS,n,2,301.32,3.03,D,0
30.28258,75.05368,343.98,0.43,0.38,2021-11-15,816,N,VIIRS,n,2,299.93,6.15,D,0
30.28277,76.10291,334.9,0.48,0.4,2021-11-15,816,N,VIIRS,n,2,299.26,3.69,D,0
30.28366,75.72458,346.08,0.46,0.39,2021-11-15,816,N,VIIRS,n,2,303.46,13.81,D,0
30.28381,75.60096,334.89,0.45,0.39,2021-11-15,816,N,VIIRS,n,2,301.59,3.46,D,0
30.28498,74.60966,339.95,0.42,0.38,2021-11-15,816,N,VIIRS,n,2,301.27,3.17,D,0
30.28574,74.4055,341.1,0.41,0.37,2021-11-15,816,N,VIIRS,n,2,303.66,13.77,D,0
30.28591,71.80561,330.97,0.38,0.36,2021-11-15,816,N,VIIRS,n,2,299.78,1.65,D,0
30.2863,75.53306,341.64,0.45,0.39,2021-11-15,816,N,VIIRS,n,2,307.71,9.98,D,0
30.2867,75.65379,342.42,0.46,0.39,2021-11-15,816,N,VIIRS,n,2,300.47,4.98,D,0
30.28697,75.28109,330.7,0.44,0.38,2021-11-15,816,N,VIIRS,n,2,303.36,2.62,D,0
30.28704,76.16837,332.8,0.48,0.4,2021-11-15,816,N,VIIRS,n,2,297.89,4.94,D,0
30.28706,76.0769,330.11,0.48,0.4,2021-11-15,816,N,VIIRS,n,2,298.84,1.88,D,0
30.28888,74.99278,336.16,0.43,0.38,2021-11-15,816,N,VIIRS,n,2,302.65,4.14,D,0
30.28925,74.43134,343.34,0.41,0.37,2021-11-15,816,N,VIIRS,n,2,299.56,4.07,D,0
30.28946,76.21917,330.57,0.48,0.4,2021-11-15,816,N,VIIRS,n,2,299.58,4.63,D,0
30.28951,76.06639,334.98,0.48,0.4,2021-11-15,816,N,VIIRS,n,2,300.67,3.24,D,0
30.2896,75.05246,334.83,0.43,0.38,2021-11-15,816,N,VIIRS,n,2,299.99,2.68,D,0
30.28981,75.5903,333.41,0.45,0.39,2021-11-15,816,N,VIIRS,n,2,301.35,5.51,D,0
30.28988,75.53246,336.95,0.45,0.39,2021-11-15,816,N,VIIRS,n,2,300.27,9.98,D,0
30.29008,76.2242,332.37,0.48,0.4,2021-11-15,816,N,VIIRS,n,2,298.21,4.96,D,0
30.2904,75.59502,336.12,0.45,0.39,2021-11-15,816,N,VIIRS,n,2,303.96,5.51,D,0
30.29072,76.04601,339.55,0.47,0.4,2021-11-15,816,N,VIIRS,n,2,302.03,4.72,D,0
30.29073,76.16778,344.6,0.48,0.4,2021-11-15,816,N,VIIRS,n,2,299.28,4.94,D,0
30.29145,75.09374,330.9,0.44,0.38,2021-11-15,816,N,VIIRS,n,2,301.03,4.6,D,0
30.29204,75.09827,332.49,0.44,0.38,2021-11-15,816,N,VIIRS,n,2,300.63,6.29,D,0
30.2937,74.03029,350.9,0.4,0.37,2021-11-15,816,N,VIIRS,n,2,301.25,5.27,D,0
30.29406,75.27988,334.5,0.44,0.38,2021-11-15,816,N,VIIRS,n,2,301.61,3.45,D,0
30.29473,74.57671,334.15,0.42,0.38,2021-11-15,816,N,VIIRS,l,2,304.48,11.03,D,0
30.29491,76.61652,333.59,0.5,0.41,2021-11-15,816,N,VIIRS,n,2,299.62,2.48,D,0
30.29527,75.51716,333.75,0.45,0.39,2021-11-15,816,N,VIIRS,n,2,301.94,2.89,D,0
30.29636,75.61339,335.2,0.46,0.39,2021-11-15,816,N,VIIRS,l,2,307.55,26.5,D,0
30.29686,76.09556,346.79,0.48,0.4,2021-11-15,816,N,VIIRS,n,2,303.43,11.39,D,0
30.29708,75.388,331.23,0.45,0.39,2021-11-15,816,N,VIIRS,n,2,300.83,7.97,D,0
30.29767,75.39265,337.01,0.45,0.39,2021-11-15,816,N,VIIRS,n,2,302.21,7.97,D,0
30.29806,76.04482,346.07,0.47,0.4,2021-11-15,816,N,VIIRS,n,2,302.6,12.17,D,0
30.29818,74.57609,335.08,0.42,0.38,2021-11-15,816,N,VIIRS,n,2,304.59,24.56,D,0
30.29821,75.56957,333.16,0.45,0.39,2021-11-15,816,N,VIIRS,l,2,303.71,6.7,D,0
30.29827,75.45442,338.71,0.45,0.39,2021-11-15,816,N,VIIRS,n,2,301.75,5.96,D,0
30.2984,74.76447,333.64,0.42,0.38,2021-11-15,816,N,VIIRS,n,2,300.62,2.49,D,0
30.29848,75.09254,334.53,0.44,0.38,2021-11-15,816,N,VIIRS,n,2,303.7,14.49,D,0
30.29873,75.63237,341.24,0.46,0.39,2021-11-15,816,N,VIIRS,n,2,302.41,5.06,D,0
30.29893,75.81533,334.49,0.46,0.39,2021-11-15,816,N,VIIRS,n,2,304.46,6.47,D,0
30.29897,75.81332,334.72,0.46,0.39,2021-11-15,816,N,VIIRS,n,2,303.47,5.43,D,0
30.30077,74.28429,341.89,0.41,0.37,2021-11-15,816,N,VIIRS,n,2,302.39,4.44,D,0
30.30126,74.11101,330.68,0.41,0.37,2021-11-15,816,N,VIIRS,n,2,300.38,3.33,D,0
30.30184,74.11523,331.64,0.41,0.37,2021-11-15,816,N,VIIRS,n,2,299.24,4.98,D,0
30.30188,74.76386,332.68,0.42,0.38,2021-11-15,816,N,VIIRS,l,2,302.96,11.15,D,0
30.30237,75.6027,331.68,0.45,0.39,2021-11-15,816,N,VIIRS,n,2,300.41,1.34,D,0
30.30305,73.79713,345.23,0.4,0.37,2021-11-15,816,N,VIIRS,n,2,299.38,4.91,D,0
30.30326,75.12882,333.24,0.44,0.38,2021-11-15,816,N,VIIRS,n,2,301.17,1.2,D,0
30.30363,73.80128,332.57,0.4,0.37,2021-11-15,816,N,VIIRS,n,2,297.75,4.91,D,0
30.30549,76.1961,330.33,0.48,0.4,2021-11-15,816,N,VIIRS,n,2,300.2,5.93,D,0
30.30601,75.4866,346.42,0.45,0.39,2021-11-15,816,N,VIIRS,n,2,303.23,6.04,D,0
30.30611,76.20112,333.6,0.48,0.4,2021-11-15,816,N,VIIRS,n,2,299.73,7.96,D,0
30.30774,75.35778,334.67,0.44,0.39,2021-11-15,816,N,VIIRS,n,2,300.76,5.82,D,0
30.3082,75.05968,335.51,0.43,0.38,2021-11-15,816,N,VIIRS,n,2,301.12,3.09,D,0
30.30836,75.05847,333.32,0.43,0.38,2021-11-15,816,N,VIIRS,n,2,301.06,3.16,D,0
30.30959,75.48599,331.46,0.45,0.39,2021-11-15,816,N,VIIRS,n,2,301.38,1.9,D,0
30.31017,74.53391,334.03,0.42,0.37,2021-11-15,816,N,VIIRS,n,2,303.39,3.02,D,0
30.31107,76.68929,334.68,0.51,0.41,2021-11-15,816,N,VIIRS,n,2,302.49,3.48,D,0
30.3113,75.35718,341.66,0.44,0.39,2021-11-15,816,N,VIIRS,n,2,301.03,5.82,D,0
30.31185,74.52028,342.29,0.42,0.37,2021-11-15,816,N,VIIRS,n,2,303.39,3.66,D,0
30.31253,75.62523,336.81,0.46,0.39,2021-11-15,816,N,VIIRS,n,2,303.8,11.87,D,0
30.3153,74.51967,346.84,0.42,0.37,2021-11-15,816,N,VIIRS,n,2,301.78,3.66,D,0
30.31605,71.82406,332.55,0.38,0.36,2021-11-15,816,N,VIIRS,n,2,301.32,3.07,D,0
30.31629,74.71174,341.14,0.42,0.38,2021-11-15,816,N,VIIRS,n,2,304.1,14.72,D,0
30.31797,74.0043,334.78,0.4,0.37,2021-11-15,816,N,VIIRS,n,2,301.63,2.61,D,0
30.31797,74.23405,338.31,0.41,0.37,2021-11-15,816,N,VIIRS,n,2,300.79,5.81,D,0
30.3181,75.10892,333.01,0.44,0.38,2021-11-15,816,N,VIIRS,n,2,302.11,3.73,D,0
30.31976,74.71112,347.73,0.42,0.38,2021-11-15,816,N,VIIRS,n,2,303.44,14.72,D,0
30.32,74.55441,337.62,0.42,0.38,2021-11-15,816,N,VIIRS,n,2,302.43,3.1,D,0
30.32029,75.68716,332.66,0.46,0.39,2021-11-15,816,N,VIIRS,n,2,299.91,3.73,D,0
30.32104,75.10378,330.16,0.44,0.38,2021-11-15,816,N,VIIRS,l,2,300.54,3.73,D,0
30.32148,76.17307,331.99,0.48,0.4,2021-11-15,816,N,VIIRS,n,2,298.79,4.14,D,0
30.32206,75.73087,331.16,0.46,0.39,2021-11-15,816,N,VIIRS,l,2,302.68,2.16,D,0
30.32219,74.51844,331.68,0.42,0.37,2021-11-15,816,N,VIIRS,n,2,299.73,1.71,D,0
30.32262,74.29443,332.97,0.41,0.37,2021-11-15,816,N,VIIRS,n,2,300.83,4.62,D,0
30.32312,75.33624,333.56,0.44,0.39,2021-11-15,816,N,VIIRS,n,2,302,1.59,D,0
30.32323,74.32501,330.17,0.41,0.37,2021-11-15,816,N,VIIRS,n,2,301.87,1.29,D,0
30.32325,75.2059,330.17,0.44,0.38,2021-11-15,816,N,VIIRS,n,2,304.71,2.61,D,0
30.32368,75.86366,336.77,0.47,0.39,2021-11-15,816,N,VIIRS,n,2,303.85,6.4,D,0
30.32512,75.13559,337.76,0.44,0.38,2021-11-15,816,N,VIIRS,n,2,304.95,11.07,D,0
30.32547,75.32639,345.26,0.44,0.39,2021-11-15,816,N,VIIRS,n,2,302.85,104.28,D,0
30.32637,75.00581,347.8,0.43,0.38,2021-11-15,816,N,VIIRS,n,2,305.73,22.25,D,0
30.32694,75.03797,334.16,0.43,0.38,2021-11-15,816,N,VIIRS,n,2,302.61,2.77,D,0
30.32694,76.12627,331.86,0.48,0.4,2021-11-15,816,N,VIIRS,n,2,298.3,4.44,D,0
30.32757,76.13126,339.5,0.48,0.4,2021-11-15,816,N,VIIRS,n,2,299.8,4.44,D,0
30.32799,74.53519,331.51,0.42,0.37,2021-11-15,816,N,VIIRS,n,2,300.74,4.23,D,0
30.32858,74.53953,333.39,0.42,0.38,2021-11-15,816,N,VIIRS,n,2,301.74,7.39,D,0
30.32908,75.35415,343.87,0.44,0.39,2021-11-15,816,N,VIIRS,n,2,307.36,16.71,D,0
30.3291,76.12411,340.46,0.48,0.4,2021-11-15,816,N,VIIRS,n,2,299.27,6.88,D,0
30.32942,74.26694,340.93,0.41,0.37,2021-11-15,816,N,VIIRS,n,2,300.48,4.24,D,0
30.32957,74.08854,343.45,0.41,0.37,2021-11-15,816,N,VIIRS,n,2,304.56,15.81,D,0
30.3297,76.1291,337.27,0.48,0.4,2021-11-15,816,N,VIIRS,n,2,298.82,6.71,D,0
30.32988,75.0052,340.78,0.43,0.38,2021-11-15,816,N,VIIRS,n,2,305.42,22.25,D,0
30.33046,75.03737,337.88,0.43,0.38,2021-11-15,816,N,VIIRS,n,2,302.71,6.75,D,0
30.33063,76.12568,332.75,0.48,0.4,2021-11-15,816,N,VIIRS,n,2,297.51,4.44,D,0
30.33109,74.61045,342.4,0.42,0.38,2021-11-15,816,N,VIIRS,n,2,306.45,14.4,D,0
30.33125,76.13066,346.39,0.48,0.4,2021-11-15,816,N,VIIRS,n,2,299.84,4.44,D,0
30.33145,76.28456,333.25,0.49,0.4,2021-11-15,816,N,VIIRS,n,2,300.54,4.31,D,0
30.33222,75.02322,350.41,0.43,0.38,2021-11-15,816,N,VIIRS,n,2,308.65,31.91,D,0
30.33306,74.45108,346.38,0.42,0.37,2021-11-15,816,N,VIIRS,n,2,301.31,6.74,D,0
30.33338,76.12851,332.12,0.48,0.4,2021-11-15,816,N,VIIRS,n,2,297.07,6.71,D,0
30.33347,74.29685,343.26,0.41,0.37,2021-11-15,816,N,VIIRS,n,2,303.14,10.26,D,0
30.33379,76.1813,346.3,0.48,0.4,2021-11-15,816,N,VIIRS,n,2,300.5,6.77,D,0
30.33401,74.44985,343.5,0.42,0.37,2021-11-15,816,N,VIIRS,n,2,301.25,7.02,D,0
30.33415,74.38023,330.1,0.41,0.37,2021-11-15,816,N,VIIRS,n,2,297.11,1,D,0
30.33429,75.29324,337.34,0.44,0.39,2021-11-15,816,N,VIIRS,n,2,301.18,5.1,D,0
30.33546,75.29167,339.23,0.44,0.39,2021-11-15,816,N,VIIRS,n,2,302.54,4.51,D,0
30.33567,76.17921,345.17,0.48,0.4,2021-11-15,816,N,VIIRS,n,2,299.53,13.49,D,0
30.3357,74.05713,336.18,0.41,0.37,2021-11-15,816,N,VIIRS,n,2,301.88,3.59,D,0
30.33686,76.1757,330.04,0.48,0.4,2021-11-15,816,N,VIIRS,n,2,298.17,6.77,D,0
30.33736,76.11951,333.08,0.48,0.4,2021-11-15,816,N,VIIRS,n,2,300.39,10.46,D,0
30.33749,76.18073,339.86,0.48,0.4,2021-11-15,816,N,VIIRS,n,2,299.24,6.77,D,0
30.33775,74.73951,332.59,0.42,0.38,2021-11-15,816,N,VIIRS,n,2,300.72,3.39,D,0
30.3386,75.37151,340.78,0.45,0.39,2021-11-15,816,N,VIIRS,n,2,302.37,4.91,D,0
30.33892,74.53769,334.07,0.42,0.38,2021-11-15,816,N,VIIRS,n,2,303.75,7.55,D,0
30.3391,74.05651,339.32,0.41,0.37,2021-11-15,816,N,VIIRS,n,2,302.35,3.59,D,0
30.33936,76.17861,345.91,0.48,0.4,2021-11-15,816,N,VIIRS,n,2,302.25,13.49,D,0
30.33955,76.11733,342.09,0.48,0.4,2021-11-15,816,N,VIIRS,n,2,301.6,13.2,D,0
30.34011,75.61093,346.12,0.46,0.39,2021-11-15,816,N,VIIRS,n,2,316.12,17.29,D,0
30.34054,74.50739,339.29,0.42,0.37,2021-11-15,816,N,VIIRS,n,2,307.18,12.89,D,0
30.34055,76.1751,334.18,0.48,0.4,2021-11-15,816,N,VIIRS,n,2,299.94,3.92,D,0
30.34104,74.40544,334.23,0.41,0.37,2021-11-15,816,N,VIIRS,l,2,304.37,11.36,D,0
30.34118,76.18012,332.07,0.48,0.4,2021-11-15,816,N,VIIRS,n,2,298.57,3.92,D,0
30.34169,74.5061,346.01,0.42,0.37,2021-11-15,816,N,VIIRS,n,2,308.48,17.49,D,0
30.34243,71.88435,333.99,0.38,0.36,2021-11-15,816,N,VIIRS,n,2,302.14,2.48,D,0
30.34323,75.24936,342.23,0.44,0.38,2021-11-15,816,N,VIIRS,n,2,308.43,23.77,D,0
30.3437,75.61033,337.73,0.46,0.39,2021-11-15,816,N,VIIRS,n,2,302.5,17.29,D,0
30.34395,74.45356,331.53,0.42,0.37,2021-11-15,816,N,VIIRS,n,2,298.59,2.78,D,0
30.34398,74.50677,338.09,0.42,0.37,2021-11-15,816,N,VIIRS,n,2,300.02,12.89,D,0
30.34474,75.4753,333.08,0.45,0.39,2021-11-15,816,N,VIIRS,n,2,301.63,2.62,D,0
30.34509,75.12286,330.3,0.44,0.38,2021-11-15,816,N,VIIRS,l,2,300.6,1.54,D,0
30.34648,74.05949,330.09,0.41,0.37,2021-11-15,816,N,VIIRS,n,2,302.22,1.84,D,0
30.34651,74.56753,341.15,0.42,0.38,2021-11-15,816,N,VIIRS,n,2,304.13,13.99,D,0
30.34728,75.30989,348.25,0.44,0.39,2021-11-15,816,N,VIIRS,n,2,304.87,5.31,D,0
30.34828,74.5806,340.04,0.42,0.38,2021-11-15,816,N,VIIRS,n,2,300.9,3.49,D,0
30.3486,74.5683,332.41,0.42,0.38,2021-11-15,816,N,VIIRS,n,2,300.01,12.8,D,0
30.34878,74.5582,345.27,0.42,0.38,2021-11-15,816,N,VIIRS,n,2,300.7,4.34,D,0
30.34932,76.24557,337.3,0.48,0.4,2021-11-15,816,N,VIIRS,n,2,302.87,6.29,D,0
30.34957,74.36424,341.22,0.41,0.37,2021-11-15,816,N,VIIRS,n,2,304.71,5.14,D,0
30.34968,74.44367,333.16,0.42,0.37,2021-11-15,816,N,VIIRS,n,2,302.57,3.07,D,0
30.34969,75.59965,333.34,0.45,0.39,2021-11-15,816,N,VIIRS,l,2,303.74,2.37,D,0
30.3502,76.69398,335.75,0.51,0.41,2021-11-15,816,N,VIIRS,n,2,300.49,2.8,D,0
30.35022,74.42146,331.06,0.41,0.37,2021-11-15,816,N,VIIRS,n,2,299.61,15.6,D,0
30.35032,74.55461,336.46,0.42,0.38,2021-11-15,816,N,VIIRS,n,2,303.06,12.64,D,0
30.35032,74.58138,339.59,0.42,0.38,2021-11-15,816,N,VIIRS,n,2,301.52,3.32,D,0
30.3508,74.42578,343.56,0.41,0.37,2021-11-15,816,N,VIIRS,n,2,308.05,15.6,D,0
30.35086,76.24358,341.23,0.48,0.4,2021-11-15,816,N,VIIRS,n,2,302.9,7.9,D,0
30.35096,75.69671,336.09,0.46,0.39,2021-11-15,816,N,VIIRS,n,2,303.26,2.85,D,0
30.35136,73.64416,333.24,0.4,0.37,2021-11-15,816,N,VIIRS,n,2,301.25,2.96,D,0
30.35267,75.97869,333.34,0.47,0.4,2021-11-15,816,N,VIIRS,n,2,301.75,4.15,D,0
30.35282,74.7459,333.11,0.42,0.38,2021-11-15,816,N,VIIRS,n,2,301.04,2.08,D,0
30.353,74.36363,333.05,0.41,0.37,2021-11-15,816,N,VIIRS,n,2,301.85,5.14,D,0
30.35302,76.24497,336.2,0.48,0.4,2021-11-15,816,N,VIIRS,n,2,299.42,6.29,D,0
30.3533,75.04729,335.27,0.43,0.38,2021-11-15,816,N,VIIRS,n,2,303.18,12.2,D,0
30.35331,75.07506,342.47,0.44,0.38,2021-11-15,816,N,VIIRS,n,2,304.92,7.7,D,0
30.35386,75.02409,336.23,0.43,0.38,2021-11-15,816,N,VIIRS,n,2,304.82,5.51,D,0
30.35388,75.05181,333.94,0.43,0.38,2021-11-15,816,N,VIIRS,n,2,302.93,10.6,D,0
30.35416,74.37222,343.66,0.41,0.37,2021-11-15,816,N,VIIRS,n,2,302.03,9.01,D,0
30.35439,76.05401,333.54,0.48,0.4,2021-11-15,816,N,VIIRS,n,2,302.34,11.17,D,0
30.35483,74.86805,331.05,0.43,0.38,2021-11-15,816,N,VIIRS,n,2,299.77,2.12,D,0
30.3555,74.56707,343.72,0.42,0.38,2021-11-15,816,N,VIIRS,n,2,306.98,24.67,D,0
30.35589,74.38513,340.31,0.41,0.37,2021-11-15,816,N,VIIRS,n,2,308.19,28.64,D,0
30.35608,74.57143,340.76,0.42,0.38,2021-11-15,816,N,VIIRS,n,2,299.25,3.87,D,0
30.35615,76.09938,330.78,0.48,0.4,2021-11-15,816,N,VIIRS,n,2,298.23,5.57,D,0
30.35681,75.04668,340.43,0.43,0.38,2021-11-15,816,N,VIIRS,n,2,302.7,12.2,D,0
30.35709,74.42023,341.24,0.41,0.37,2021-11-15,816,N,VIIRS,n,2,309.56,25.78,D,0
30.35739,75.0512,333.91,0.43,0.38,2021-11-15,816,N,VIIRS,n,2,299.61,10.6,D,0
30.35759,74.3716,347.46,0.41,0.37,2021-11-15,816,N,VIIRS,n,2,301.17,11.03,D,0
30.358,74.73145,333.56,0.42,0.38,2021-11-15,816,N,VIIRS,n,2,301.03,10.08,D,0
30.35802,75.16722,333.18,0.44,0.38,2021-11-15,816,N,VIIRS,n,2,302.33,1.64,D,0
30.35803,70.95791,338.22,0.39,0.36,2021-11-15,816,N,VIIRS,n,2,300.38,2.6,D,0
30.35856,71.8564,332.64,0.38,0.36,2021-11-15,816,N,VIIRS,n,2,302.64,2,D,0
30.35862,74.12224,334.12,0.41,0.37,2021-11-15,816,N,VIIRS,n,2,302.05,1.58,D,0
30.35912,74.10048,330.89,0.41,0.37,2021-11-15,816,N,VIIRS,n,2,301.39,1.77,D,0
30.35933,74.38451,346.85,0.41,0.37,2021-11-15,816,N,VIIRS,n,2,301.54,8.31,D,0
30.35983,76.09878,344.3,0.48,0.4,2021-11-15,816,N,VIIRS,n,2,302.26,5.57,D,0
30.35987,72.89989,332.94,0.39,0.36,2021-11-15,816,N,VIIRS,n,2,300.81,3.02,D,0
30.36046,72.90391,333.19,0.39,0.36,2021-11-15,816,N,VIIRS,n,2,302.03,3.02,D,0
30.36052,76.04289,343.33,0.47,0.4,2021-11-15,816,N,VIIRS,n,2,301.77,8.18,D,0
30.36067,74.55276,345.21,0.42,0.38,2021-11-15,816,N,VIIRS,n,2,299.21,3.82,D,0
30.36077,74.08718,333.54,0.41,0.37,2021-11-15,816,N,VIIRS,n,2,300.01,4.83,D,0
30.36103,75.57357,346.24,0.45,0.39,2021-11-15,816,N,VIIRS,n,2,303.44,5.85,D,0
30.36154,75.16662,332.22,0.44,0.38,2021-11-15,816,N,VIIRS,n,2,302.62,1.67,D,0
30.36207,75.03192,335.39,0.43,0.38,2021-11-15,816,N,VIIRS,n,2,307.54,11.12,D,0
30.36223,74.40605,345.16,0.41,0.37,2021-11-15,816,N,VIIRS,n,2,302.13,6.09,D,0
30.36266,75.03644,332.25,0.43,0.38,2021-11-15,816,N,VIIRS,n,2,303.72,11.12,D,0
30.36271,75.11985,341.55,0.44,0.38,2021-11-15,816,N,VIIRS,n,2,307.45,23.61,D,0
30.36276,74.3839,335.06,0.41,0.37,2021-11-15,816,N,VIIRS,n,2,299.66,8.31,D,0
30.36289,74.05217,332.68,0.41,0.37,2021-11-15,816,N,VIIRS,n,2,301.66,3.46,D,0
30.36307,75.79288,340.6,0.46,0.39,2021-11-15,816,N,VIIRS,n,2,301.87,5.88,D,0
30.36324,75.04095,335.27,0.43,0.38,2021-11-15,816,N,VIIRS,n,2,304.45,12.39,D,0
30.36412,74.55215,335.44,0.42,0.38,2021-11-15,816,N,VIIRS,n,2,299.41,3.82,D,0
30.36462,75.57297,338.21,0.45,0.39,2021-11-15,816,N,VIIRS,n,2,303.76,10.6,D,0
30.36487,75.7778,333.42,0.46,0.39,2021-11-15,816,N,VIIRS,n,2,301.96,7,D,0
30.3651,73.91824,338.75,0.4,0.37,2021-11-15,816,N,VIIRS,n,2,302.22,3.57,D,0
30.36521,74.4808,334.61,0.42,0.37,2021-11-15,816,N,VIIRS,n,2,301.35,3.48,D,0
30.36554,74.73463,330.16,0.42,0.38,2021-11-15,816,N,VIIRS,n,2,300.54,2,D,0
30.36558,75.03132,335.4,0.43,0.38,2021-11-15,816,N,VIIRS,n,2,302.18,4.94,D,0
30.36578,71.85902,330.52,0.38,0.36,2021-11-15,816,N,VIIRS,n,2,302.96,1.03,D,0
30.36579,74.48512,340.74,0.42,0.37,2021-11-15,816,N,VIIRS,n,2,301.5,3.48,D,0
30.36615,75.373,336.41,0.45,0.39,2021-11-15,816,N,VIIRS,n,2,302.45,2.69,D,0
30.36617,75.03582,335.85,0.43,0.38,2021-11-15,816,N,VIIRS,n,2,298.84,4.94,D,0
30.36642,76.18449,332.47,0.48,0.4,2021-11-15,816,N,VIIRS,n,2,299.35,3.16,D,0
30.36676,75.04034,334.04,0.43,0.38,2021-11-15,816,N,VIIRS,n,2,299.09,5.92,D,0
30.36789,76.68042,333.32,0.51,0.41,2021-11-15,816,N,VIIRS,n,2,300.85,2.51,D,0
30.36841,74.34766,331.91,0.41,0.37,2021-11-15,816,N,VIIRS,n,2,300.18,2.32,D,0
30.36862,75.19346,333.65,0.44,0.38,2021-11-15,816,N,VIIRS,n,2,300.71,41.32,D,0
30.36901,74.73402,333.85,0.42,0.38,2021-11-15,816,N,VIIRS,n,2,301.57,3.79,D,0
30.37032,75.79168,339.46,0.46,0.39,2021-11-15,816,N,VIIRS,n,2,302.99,5.71,D,0
30.37183,74.34704,332.34,0.41,0.37,2021-11-15,816,N,VIIRS,n,2,299.34,2.32,D,0
30.3721,75.3625,336.84,0.45,0.39,2021-11-15,816,N,VIIRS,n,2,303.03,3.95,D,0
30.37226,73.99434,342.91,0.4,0.37,2021-11-15,816,N,VIIRS,n,2,300.33,3.91,D,0
30.37245,74.17188,347.07,0.41,0.37,2021-11-15,816,N,VIIRS,n,2,300.76,5.08,D,0
30.37263,74.45728,337.12,0.42,0.37,2021-11-15,816,N,VIIRS,n,2,300.85,3.37,D,0
30.37485,76.70638,337.31,0.51,0.41,2021-11-15,816,N,VIIRS,n,2,300.58,4.51,D,0
30.37519,74.32005,333.27,0.41,0.37,2021-11-15,816,N,VIIRS,n,2,298.85,2.45,D,0
30.37576,76.10638,346.75,0.48,0.4,2021-11-15,816,N,VIIRS,n,2,301.15,5.7,D,0
30.37619,74.53663,333.86,0.42,0.38,2021-11-15,816,N,VIIRS,n,2,302.82,5.99,D,0
30.37685,76.2085,332.4,0.48,0.4,2021-11-15,816,N,VIIRS,n,2,299.24,14.14,D,0
30.37703,76.0554,337.73,0.48,0.4,2021-11-15,816,N,VIIRS,n,2,303.09,13.9,D,0
30.37718,74.43875,333.22,0.42,0.37,2021-11-15,816,N,VIIRS,n,2,301.15,4.13,D,0
30.37735,74.54533,335.7,0.42,0.38,2021-11-15,816,N,VIIRS,n,2,305.07,40.94,D,0
30.37753,70.6964,334.31,0.4,0.37,2021-11-15,816,N,VIIRS,n,2,302.98,3.16,D,0
30.37764,76.06037,333.55,0.48,0.4,2021-11-15,816,N,VIIRS,n,2,300.04,3.96,D,0
30.37771,74.41653,336.63,0.41,0.37,2021-11-15,816,N,VIIRS,n,2,299.89,3.7,D,0
30.37789,75.04305,333.06,0.43,0.38,2021-11-15,816,N,VIIRS,n,2,300.04,3.43,D,0
30.37803,74.31514,331.82,0.41,0.37,2021-11-15,816,N,VIIRS,n,2,299.33,6.15,D,0
30.37822,76.09581,332.63,0.48,0.4,2021-11-15,816,N,VIIRS,n,2,298.25,3.16,D,0
30.37862,74.31944,343.6,0.41,0.37,2021-11-15,816,N,VIIRS,n,2,298.89,8.38,D,0
30.37886,71.70444,331.58,0.39,0.36,2021-11-15,816,N,VIIRS,n,2,298.36,3.92,D,0
30.3805,76.23882,336.28,0.48,0.4,2021-11-15,816,N,VIIRS,n,2,300.31,6.67,D,0
30.38071,75.93403,331.41,0.47,0.4,2021-11-15,816,N,VIIRS,n,2,301.1,15.27,D,0
30.38129,76.09023,332.16,0.48,0.4,2021-11-15,816,N,VIIRS,n,2,299.4,3.16,D,0
30.38156,74.85428,331.86,0.43,0.38,2021-11-15,816,N,VIIRS,n,2,299.62,1.4,D,0
30.38193,74.5267,337.29,0.42,0.38,2021-11-15,816,N,VIIRS,n,2,304.12,20.45,D,0
30.3823,73.96721,347.92,0.4,0.37,2021-11-15,816,N,VIIRS,n,2,304.46,18.95,D,0
30.38264,74.77359,332.91,0.43,0.38,2021-11-15,816,N,VIIRS,n,2,301.14,6.17,D,0
30.38294,73.99727,346.15,0.4,0.37,2021-11-15,816,N,VIIRS,n,2,302.19,8.91,D,0
30.38367,74.53976,345.53,0.42,0.38,2021-11-15,816,N,VIIRS,n,2,304.84,12.7,D,0
30.38421,76.23821,337.05,0.48,0.4,2021-11-15,816,N,VIIRS,n,2,298.71,6.67,D,0
30.38471,76.30544,333.95,0.49,0.4,2021-11-15,816,N,VIIRS,n,2,300.28,3.12,D,0
30.38489,74.31391,348.83,0.41,0.37,2021-11-15,816,N,VIIRS,n,2,305.41,17.82,D,0
30.38569,73.96659,344.12,0.4,0.37,2021-11-15,816,N,VIIRS,n,2,301.79,18.95,D,0
30.38576,74.09129,336.16,0.41,0.37,2021-11-15,816,N,VIIRS,n,2,301.14,4.02,D,0
30.38608,76.22246,336.45,0.48,0.4,2021-11-15,816,N,VIIRS,n,2,300.03,7.71,D,0
30.38678,73.94918,334.32,0.4,0.37,2021-11-15,816,N,VIIRS,n,2,300.86,38.41,D,0
30.38691,74.00085,330.47,0.4,0.37,2021-11-15,816,N,VIIRS,n,2,298.66,2.13,D,0
30.38712,74.53915,338.55,0.42,0.38,2021-11-15,816,N,VIIRS,n,2,300.55,7.76,D,0
30.38735,73.95338,334.44,0.4,0.37,2021-11-15,816,N,VIIRS,n,2,299.49,16.45,D,0
30.38776,71.73965,336.59,0.38,0.36,2021-11-15,816,N,VIIRS,n,2,303.43,6.23,D,0
30.38786,74.73196,309.24,0.42,0.38,2021-11-15,816,N,VIIRS,l,2,310.03,24.94,D,0
30.38844,74.73637,334.53,0.42,0.38,2021-11-15,816,N,VIIRS,n,2,301.03,23.36,D,0
30.38848,76.27372,335.44,0.49,0.4,2021-11-15,816,N,VIIRS,n,2,300.89,4.33,D,0
30.38899,74.84975,347.05,0.43,0.38,2021-11-15,816,N,VIIRS,n,2,304.25,5.75,D,0
30.39075,73.95275,334.38,0.4,0.37,2021-11-15,816,N,VIIRS,n,2,299.65,16.45,D,0
30.39076,75.03159,340.68,0.43,0.38,2021-11-15,816,N,VIIRS,n,2,311.69,32.21,D,0
30.391,74.0563,345.96,0.41,0.37,2021-11-15,816,N,VIIRS,n,2,309.46,20.1,D,0
30.39108,75.34031,337.48,0.45,0.39,2021-11-15,816,N,VIIRS,n,2,308.37,15.46,D,0
30.39191,74.73576,335.67,0.42,0.38,2021-11-15,816,N,VIIRS,n,2,301.34,20.6,D,0
30.39269,74.44927,334.73,0.42,0.37,2021-11-15,816,N,VIIRS,n,2,303.77,3.4,D,0
30.39302,74.1943,334.16,0.41,0.37,2021-11-15,816,N,VIIRS,n,2,301.81,5.88,D,0
30.3945,74.48888,345.88,0.42,0.37,2021-11-15,816,N,VIIRS,n,2,304.53,8.82,D,0
30.3945,74.89765,332.64,0.43,0.38,2021-11-15,816,N,VIIRS,n,2,300.35,2.72,D,0
30.39454,76.35596,338.14,0.49,0.4,2021-11-15,816,N,VIIRS,n,2,303.95,9.02,D,0
30.39456,74.15483,347.84,0.41,0.37,2021-11-15,816,N,VIIRS,n,2,300.42,8.46,D,0
30.39478,76.1084,331.6,0.48,0.4,2021-11-15,816,N,VIIRS,n,2,300.81,2.36,D,0
30.39535,74.89886,334.46,0.43,0.38,2021-11-15,816,N,VIIRS,n,2,301.15,3.53,D,0
30.39538,76.0221,332.8,0.47,0.4,2021-11-15,816,N,VIIRS,n,2,302.98,4.08,D,0
30.39575,74.31635,340.98,0.41,0.37,2021-11-15,816,N,VIIRS,n,2,302.05,7.8,D,0
30.39599,76.02705,333.31,0.47,0.4,2021-11-15,816,N,VIIRS,n,2,302.35,5.76,D,0
30.39643,74.19367,342.83,0.41,0.37,2021-11-15,816,N,VIIRS,n,2,304.77,16.6,D,0
30.39694,74.55971,344.98,0.42,0.38,2021-11-15,816,N,VIIRS,n,2,309.47,17.32,D,0
30.3977,74.8619,341.64,0.43,0.38,2021-11-15,816,N,VIIRS,n,2,304.32,13.24,D,0
30.39778,75.03038,337.29,0.43,0.38,2021-11-15,816,N,VIIRS,n,2,305.11,9.09,D,0
30.39785,76.10281,342.43,0.48,0.4,2021-11-15,816,N,VIIRS,n,2,299.09,3.92,D,0
30.39795,74.48827,340.32,0.42,0.37,2021-11-15,816,N,VIIRS,n,2,301.15,8.82,D,0
30.39818,74.35992,332.4,0.41,0.37,2021-11-15,816,N,VIIRS,n,2,299.6,3.35,D,0
30.39831,75.89619,335.13,0.47,0.4,2021-11-15,816,N,VIIRS,n,2,303.51,3.94,D,0
30.39845,76.16909,333.87,0.48,0.4,2021-11-15,816,N,VIIRS,n,2,299.47,5.91,D,0
30.39873,71.91797,331.27,0.38,0.36,2021-11-15,816,N,VIIRS,n,2,301.35,1.08,D,0
30.39897,76.29797,336.08,0.49,0.4,2021-11-15,816,N,VIIRS,n,2,303.08,7.37,D,0
30.39901,74.0895,334.11,0.41,0.37,2021-11-15,816,N,VIIRS,n,2,301.54,4.57,D,0
30.3991,74.1416,330.78,0.41,0.37,2021-11-15,816,N,VIIRS,l,2,304.99,8.24,D,0
30.39935,74.36852,334.95,0.41,0.37,2021-11-15,816,N,VIIRS,n,2,301.19,4.19,D,0
30.3995,73.86526,336.76,0.4,0.37,2021-11-15,816,N,VIIRS,n,2,302.35,3.66,D,0
30.39968,74.14584,333.38,0.41,0.37,2021-11-15,816,N,VIIRS,n,2,303.09,8.24,D,0
30.4002,74.1451,344.31,0.41,0.37,2021-11-15,816,N,VIIRS,n,2,305.46,16.59,D,0
30.40021,74.12401,343.63,0.41,0.37,2021-11-15,816,N,VIIRS,n,2,305.17,16.19,D,0
30.40025,74.15009,332.94,0.41,0.37,2021-11-15,816,N,VIIRS,n,2,300.83,3.74,D,0
30.40038,75.15997,332.52,0.44,0.38,2021-11-15,816,N,VIIRS,n,2,303.13,4.07,D,0
30.40039,74.55909,340.35,0.42,0.38,2021-11-15,816,N,VIIRS,n,2,300.17,17.32,D,0
30.40082,74.15434,331.78,0.41,0.37,2021-11-15,816,N,VIIRS,n,2,297.68,3.74,D,0
30.40084,76.2821,334.05,0.49,0.4,2021-11-15,816,N,VIIRS,n,2,299.84,3.32,D,0
30.40092,73.95087,333.16,0.4,0.37,2021-11-15,816,N,VIIRS,n,2,300.55,1.71,D,0
30.40098,75.16454,333.95,0.44,0.38,2021-11-15,816,N,VIIRS,n,2,304.22,7.65,D,0
30.40107,74.00258,344.74,0.4,0.37,2021-11-15,816,N,VIIRS,n,2,299.41,4.1,D,0
30.40118,74.88869,334.31,0.43,0.38,2021-11-15,816,N,VIIRS,n,2,301.89,3.96,D,0
30.40131,74.10643,338.64,0.41,0.37,2021-11-15,816,N,VIIRS,n,2,301.09,10.12,D,0
30.40138,74.15359,335.28,0.41,0.37,2021-11-15,816,N,VIIRS,n,2,300.25,7.62,D,0
30.40153,76.10221,330.28,0.48,0.4,2021-11-15,816,N,VIIRS,n,2,298.2,2.69,D,0
30.40153,76.13278,345.95,0.48,0.4,2021-11-15,816,N,VIIRS,n,2,302.63,7.86,D,0
30.40161,74.3593,334.68,0.41,0.37,2021-11-15,816,N,VIIRS,n,2,301.1,3.35,D,0
30.40196,75.89559,336.74,0.47,0.4,2021-11-15,816,N,VIIRS,n,2,303.36,3.94,D,0
30.40256,76.39131,339.39,0.49,0.4,2021-11-15,816,N,VIIRS,n,2,301.47,4.07,D,0
30.40283,75.60693,346.21,0.46,0.39,2021-11-15,816,N,VIIRS,n,2,307.41,10.25,D,0
30.40326,74.19244,334.66,0.41,0.37,2021-11-15,816,N,VIIRS,n,2,300.8,2.68,D,0
30.4049,74.51371,333.25,0.42,0.37,2021-11-15,816,N,VIIRS,n,2,300.6,2.99,D,0
30.40495,74.33228,342.4,0.41,0.37,2021-11-15,816,N,VIIRS,n,2,301.88,12.01,D,0
30.40522,76.13219,343.84,0.48,0.4,2021-11-15,816,N,VIIRS,n,2,300.69,11.57,D,0
30.40585,74.84223,333.62,0.43,0.38,2021-11-15,816,N,VIIRS,n,2,302.03,19.24,D,0
30.40631,71.66168,330.23,0.39,0.36,2021-11-15,816,N,VIIRS,n,2,299.67,1.46,D,0
30.40643,74.84669,345.29,0.43,0.38,2021-11-15,816,N,VIIRS,n,2,315.81,19.24,D,0
30.40653,74.17072,333.72,0.41,0.37,2021-11-15,816,N,VIIRS,n,2,303.46,3.37,D,0
30.40701,74.85115,334.96,0.43,0.38,2021-11-15,816,N,VIIRS,n,2,300.91,20.39,D,0
30.40835,74.5131,334.24,0.42,0.37,2021-11-15,816,N,VIIRS,n,2,301.98,2.99,D,0
30.40874,74.91943,337.56,0.43,0.38,2021-11-15,816,N,VIIRS,n,2,305.19,5.35,D,0
30.40934,74.84163,335.73,0.43,0.38,2021-11-15,816,N,VIIRS,n,2,300.8,19.24,D,0
30.40952,75.0376,338.12,0.43,0.38,2021-11-15,816,N,VIIRS,n,2,301.91,4.13,D,0
30.4098,75.03899,336.04,0.43,0.38,2021-11-15,816,N,VIIRS,n,2,301.44,4.55,D,0
30.40992,74.84608,338.25,0.43,0.38,2021-11-15,816,N,VIIRS,n,2,310.05,19.24,D,0
30.41032,75.12564,332.8,0.44,0.38,2021-11-15,816,N,VIIRS,n,2,303.45,2.08,D,0
30.4105,74.85054,346.57,0.43,0.38,2021-11-15,816,N,VIIRS,n,2,309.09,20.39,D,0
30.4111,74.17861,332.68,0.41,0.37,2021-11-15,816,N,VIIRS,n,2,301.36,4.03,D,0
30.41255,74.23441,333.8,0.41,0.37,2021-11-15,816,N,VIIRS,n,2,302.35,2.5,D,0
30.41309,76.01418,338.59,0.47,0.4,2021-11-15,816,N,VIIRS,n,2,306.08,15.42,D,0
30.41322,76.2905,337.83,0.49,0.4,2021-11-15,816,N,VIIRS,n,2,304.37,6.95,D,0
30.41347,74.31756,335.96,0.41,0.37,2021-11-15,816,N,VIIRS,n,2,303.22,8.5,D,0
30.41371,74.06947,334.2,0.41,0.37,2021-11-15,816,N,VIIRS,n,2,301.85,4.04,D,0
30.41438,76.3947,332.92,0.49,0.4,2021-11-15,816,N,VIIRS,n,2,299.7,3.03,D,0
30.41445,76.30068,333.98,0.49,0.4,2021-11-15,816,N,VIIRS,n,2,302.54,5.82,D,0
30.41459,74.23038,332.2,0.41,0.37,2021-11-15,816,N,VIIRS,n,2,301,2.95,D,0
30.41511,75.16212,339.15,0.44,0.38,2021-11-15,816,N,VIIRS,n,2,306.25,7.45,D,0
30.41517,74.23466,343.84,0.41,0.37,2021-11-15,816,N,VIIRS,n,2,299.22,5.66,D,0
30.41535,75.30306,330.08,0.44,0.39,2021-11-15,816,N,VIIRS,n,2,302.84,2.35,D,0
30.41623,74.73148,333.74,0.42,0.38,2021-11-15,816,N,VIIRS,n,2,300.31,2.93,D,0
30.41631,74.31265,346.82,0.41,0.37,2021-11-15,816,N,VIIRS,n,2,304.67,8.5,D,0
30.4169,74.89967,331.86,0.43,0.38,2021-11-15,816,N,VIIRS,l,2,302.83,10.21,D,0
30.41749,74.90416,335.22,0.43,0.38,2021-11-15,816,N,VIIRS,n,2,304.92,13.73,D,0
30.41811,76.11483,340.15,0.48,0.4,2021-11-15,816,N,VIIRS,n,2,301.64,9.55,D,0
30.41862,76.02843,333.43,0.47,0.4,2021-11-15,816,N,VIIRS,n,2,302.38,1.75,D,0
30.41876,76.36778,337.5,0.49,0.4,2021-11-15,816,N,VIIRS,n,2,302.13,3.76,D,0
30.4192,74.00789,334.22,0.4,0.37,2021-11-15,816,N,VIIRS,n,2,300.08,1.78,D,0
30.41928,76.06378,337.71,0.48,0.4,2021-11-15,816,N,VIIRS,n,2,299.38,4.03,D,0
30.41973,74.31203,340.17,0.41,0.37,2021-11-15,816,N,VIIRS,n,2,300.17,3.56,D,0
30.41979,74.81248,336.68,0.43,0.38,2021-11-15,816,N,VIIRS,n,2,304.34,4.15,D,0
30.41981,76.00804,344.04,0.47,0.4,2021-11-15,816,N,VIIRS,n,2,305.16,15.83,D,0
30.4199,75.19875,334.78,0.44,0.38,2021-11-15,816,N,VIIRS,n,2,303.71,2.49,D,0
30.42032,74.76245,334.97,0.43,0.38,2021-11-15,816,N,VIIRS,n,2,301.9,4.75,D,0
30.42052,74.55106,332.48,0.42,0.38,2021-11-15,816,N,VIIRS,n,2,299.54,2.27,D,0
30.42075,74.65855,338.05,0.42,0.38,2021-11-15,816,N,VIIRS,n,2,299.52,4.5,D,0
30.4209,75.06952,339.16,0.44,0.38,2021-11-15,816,N,VIIRS,n,2,301.65,3.32,D,0
30.42126,76.23228,337.29,0.48,0.4,2021-11-15,816,N,VIIRS,n,2,303.39,6.3,D,0
30.4216,71.84785,333.62,0.38,0.36,2021-11-15,816,N,VIIRS,n,2,301.58,6.11,D,0
30.42183,71.69553,335.32,0.39,0.36,2021-11-15,816,N,VIIRS,n,2,301.56,3.1,D,0
30.42202,74.00305,332.29,0.4,0.37,2021-11-15,816,N,VIIRS,n,2,301.07,3.82,D,0
30.42228,76.02782,332.87,0.47,0.4,2021-11-15,816,N,VIIRS,n,2,299.41,2.89,D,0
30.42238,76.08867,347.29,0.48,0.4,2021-11-15,816,N,VIIRS,n,2,302.31,11.49,D,0
30.4226,74.00726,336.2,0.4,0.37,2021-11-15,816,N,VIIRS,n,2,301.52,8.22,D,0
30.42307,74.43941,344.01,0.42,0.37,2021-11-15,816,N,VIIRS,n,2,302.97,5.62,D,0
30.42435,74.7391,345.97,0.42,0.38,2021-11-15,816,N,VIIRS,n,2,307.12,26.63,D,0
30.42457,75.17922,341.8,0.44,0.38,2021-11-15,816,N,VIIRS,n,2,306.16,13.2,D,0
30.42649,73.98496,335.87,0.4,0.37,2021-11-15,816,N,VIIRS,n,2,299.23,2.53,D,0
30.42688,74.1148,342.13,0.41,0.37,2021-11-15,816,N,VIIRS,n,2,304.02,13.05,D,0
30.42715,74.24563,331.52,0.41,0.37,2021-11-15,816,N,VIIRS,n,2,297.3,2.21,D,0
30.42715,75.28217,337.82,0.44,0.39,2021-11-15,816,N,VIIRS,n,2,302.6,2.75,D,0
30.42782,74.04524,334.51,0.41,0.37,2021-11-15,816,N,VIIRS,n,2,302.66,16.19,D,0
30.42927,76.20522,330.13,0.48,0.4,2021-11-15,816,N,VIIRS,n,2,299.5,3.35,D,0
30.42953,74.31541,341.13,0.41,0.37,2021-11-15,816,N,VIIRS,n,2,302.94,7.18,D,0
30.42971,74.5405,352.12,0.42,0.38,2021-11-15,816,N,VIIRS,n,2,309.08,19.7,D,0
30.4303,74.54485,332.92,0.42,0.38,2021-11-15,816,N,VIIRS,n,2,299.3,19.7,D,0
30.43033,76.04372,345.94,0.48,0.4,2021-11-15,816,N,VIIRS,n,2,304.96,11.33,D,0
30.43072,74.49577,335.2,0.42,0.37,2021-11-15,816,N,VIIRS,n,2,300.21,3.72,D,0
30.43087,75.06316,346.87,0.44,0.38,2021-11-15,816,N,VIIRS,n,2,303.42,8.13,D,0
30.43122,74.04462,349.33,0.41,0.37,2021-11-15,816,N,VIIRS,n,2,308.68,16.19,D,0
30.43145,75.0677,334.06,0.44,0.38,2021-11-15,816,N,VIIRS,n,2,301.78,7.1,D,0
30.43149,76.04151,337.78,0.48,0.4,2021-11-15,816,N,VIIRS,n,2,307.24,17.15,D,0
30.43178,76.25642,335.51,0.49,0.4,2021-11-15,816,N,VIIRS,n,2,298.57,2.05,D,0
30.43311,74.10932,341.07,0.41,0.37,2021-11-15,816,N,VIIRS,n,2,303.69,7.3,D,0
30.43321,74.88769,339.14,0.43,0.38,2021-11-15,816,N,VIIRS,n,2,302.67,3.36,D,0
30.43328,71.92354,334.01,0.38,0.36,2021-11-15,816,N,VIIRS,n,2,302.43,1.62,D,0
30.43359,76.20969,337.7,0.48,0.4,2021-11-15,816,N,VIIRS,n,2,299.3,3.35,D,0
30.43361,74.72842,332.87,0.42,0.38,2021-11-15,816,N,VIIRS,n,2,300.13,2.14,D,0
30.43368,76.39689,347.44,0.49,0.41,2021-11-15,816,N,VIIRS,n,2,304.04,10.68,D,0
30.43382,74.57103,346.81,0.42,0.38,2021-11-15,816,N,VIIRS,n,2,300.08,4.72,D,0
30.43396,75.73859,339.17,0.46,0.39,2021-11-15,816,N,VIIRS,n,2,302.91,3.99,D,0
30.434,76.04313,337.88,0.48,0.4,2021-11-15,816,N,VIIRS,n,2,301.58,4.88,D,0
30.43421,76.21474,346.63,0.48,0.4,2021-11-15,816,N,VIIRS,n,2,299.58,7.78,D,0
30.43424,76.24569,330.39,0.49,0.4,2021-11-15,816,N,VIIRS,l,2,301.19,8.46,D,0
30.43427,74.1178,346.67,0.41,0.37,2021-11-15,816,N,VIIRS,n,2,303.12,7.59,D,0
30.43441,74.17002,333.63,0.41,0.37,2021-11-15,816,N,VIIRS,n,2,302.92,8.04,D,0
30.43446,75.8324,339.44,0.47,0.39,2021-11-15,816,N,VIIRS,n,2,302.63,52.75,D,0
30.43465,74.3013,347.01,0.41,0.37,2021-11-15,816,N,VIIRS,n,2,306.41,12.5,D,0
30.43487,76.25076,333.35,0.49,0.4,2021-11-15,816,N,VIIRS,n,2,300.51,8.46,D,0
30.43492,73.97047,348.59,0.4,0.37,2021-11-15,816,N,VIIRS,n,2,299.97,4.59,D,0
30.43537,74.74168,333.09,0.42,0.38,2021-11-15,816,N,VIIRS,n,2,301.33,4.28,D,0
30.4357,75.81237,335.75,0.47,0.39,2021-11-15,816,N,VIIRS,n,2,305.01,8.87,D,0
30.43729,76.20909,344.78,0.48,0.4,2021-11-15,816,N,VIIRS,n,2,299.4,7.36,D,0
30.4373,74.19131,333.83,0.41,0.37,2021-11-15,816,N,VIIRS,n,2,303.85,3.06,D,0
30.43736,76.27106,341.09,0.49,0.4,2021-11-15,816,N,VIIRS,n,2,301.06,4.32,D,0
30.43788,74.19558,332.9,0.41,0.37,2021-11-15,816,N,VIIRS,n,2,300.48,3.83,D,0
30.4386,74.04759,334.59,0.41,0.37,2021-11-15,816,N,VIIRS,n,2,302.71,6.36,D,0
30.43875,74.38431,332.71,0.41,0.37,2021-11-15,816,N,VIIRS,n,2,302.9,2.52,D,0
30.44084,74.03854,335.21,0.41,0.37,2021-11-15,816,N,VIIRS,n,2,302.19,10.01,D,0
30.44143,75.03353,334.44,0.43,0.38,2021-11-15,816,N,VIIRS,n,2,305.82,3.15,D,0
30.44171,73.96923,345.82,0.4,0.37,2021-11-15,816,N,VIIRS,n,2,302.94,7.65,D,0
30.44232,74.15115,330.82,0.41,0.37,2021-11-15,816,N,VIIRS,n,2,300.57,4.39,D,0
30.4426,75.07043,343.74,0.44,0.38,2021-11-15,816,N,VIIRS,n,2,307.54,14.33,D,0
30.44304,74.20776,341.68,0.41,0.37,2021-11-15,816,N,VIIRS,n,2,300.17,6.48,D,0
30.44316,74.05542,340.28,0.41,0.37,2021-11-15,816,N,VIIRS,n,2,306.08,19.43,D,0
30.44389,76.00106,339.44,0.47,0.4,2021-11-15,816,N,VIIRS,n,2,300.52,3.8,D,0
30.4441,74.5424,332.43,0.42,0.38,2021-11-15,816,N,VIIRS,n,2,298.9,16.27,D,0
30.44423,75.67313,330.38,0.46,0.39,2021-11-15,816,N,VIIRS,n,2,302.3,2.02,D,0
30.44444,75.33129,343.88,0.45,0.39,2021-11-15,816,N,VIIRS,n,2,302.5,3.66,D,0
30.44507,74.40528,333.64,0.42,0.37,2021-11-15,816,N,VIIRS,n,2,299.92,5,D,0
30.4451,73.96861,335.33,0.4,0.37,2021-11-15,816,N,VIIRS,n,2,301.24,9.31,D,0
30.44539,75.56589,334.8,0.45,0.39,2021-11-15,816,N,VIIRS,n,2,304.47,2.83,D,0
30.44612,75.04198,333.65,0.43,0.38,2021-11-15,816,N,VIIRS,n,2,304.01,1.73,D,0
30.44616,74.10259,333.03,0.41,0.37,2021-11-15,816,N,VIIRS,n,2,304.84,16.55,D,0
30.44671,74.64047,338.59,0.42,0.38,2021-11-15,816,N,VIIRS,n,2,300.83,6.64,D,0
30.44674,74.10683,342.46,0.41,0.37,2021-11-15,816,N,VIIRS,n,2,305.1,24.36,D,0
30.44732,76.32147,333.48,0.49,0.4,2021-11-15,816,N,VIIRS,n,2,302.85,2.84,D,0
30.44789,74.64926,344.42,0.42,0.38,2021-11-15,816,N,VIIRS,n,2,303.53,7.77,D,0
30.44815,74.54614,337.94,0.42,0.38,2021-11-15,816,N,VIIRS,n,2,302.02,20.26,D,0
30.4484,75.58962,344.84,0.46,0.39,2021-11-15,816,N,VIIRS,n,2,312.36,23.56,D,0
30.44848,74.11955,345.39,0.41,0.37,2021-11-15,816,N,VIIRS,n,2,312.51,43.06,D,0
30.4486,76.36306,336.27,0.49,0.4,2021-11-15,816,N,VIIRS,n,2,299.74,2.89,D,0
30.44921,74.71213,345.44,0.42,0.38,2021-11-15,816,N,VIIRS,n,2,306.2,10.57,D,0
30.44926,75.36847,339.09,0.45,0.39,2021-11-15,816,N,VIIRS,n,2,303.43,4.18,D,0
30.44947,75.95481,332.48,0.47,0.4,2021-11-15,816,N,VIIRS,n,2,300.99,1.82,D,0
30.44956,74.10197,333.24,0.41,0.37,2021-11-15,816,N,VIIRS,n,2,302.33,7.87,D,0
30.45013,73.95474,334.72,0.4,0.37,2021-11-15,816,N,VIIRS,n,2,302.29,5.95,D,0
30.45014,74.10622,335.99,0.41,0.37,2021-11-15,816,N,VIIRS,n,2,305.7,25.79,D,0
30.45022,76.19158,335.77,0.48,0.4,2021-11-15,816,N,VIIRS,n,2,298.99,4.34,D,0
30.45035,74.00651,337.03,0.41,0.37,2021-11-15,816,N,VIIRS,n,2,301.74,3.66,D,0
30.45045,74.7481,341.65,0.42,0.38,2021-11-15,816,N,VIIRS,n,2,306.51,17.64,D,0
30.45054,71.79252,331.27,0.38,0.36,2021-11-15,816,N,VIIRS,n,2,301.17,2.22,D,0
30.45062,75.99492,334.11,0.47,0.4,2021-11-15,816,N,VIIRS,n,2,301.35,26.22,D,0
30.45078,76.18336,334.85,0.48,0.4,2021-11-15,816,N,VIIRS,n,2,301.79,4.17,D,0
30.45138,76.18841,332.9,0.48,0.4,2021-11-15,816,N,VIIRS,n,2,300.51,4.17,D,0
30.45189,74.11893,336.17,0.41,0.37,2021-11-15,816,N,VIIRS,n,2,302.29,3.8,D,0
30.45329,76.18595,338.4,0.48,0.4,2021-11-15,816,N,VIIRS,n,2,301.81,6.04,D,0
30.45356,74.61233,344.22,0.42,0.38,2021-11-15,816,N,VIIRS,n,2,304.31,11.82,D,0
30.45372,74.1578,335.87,0.41,0.37,2021-11-15,816,N,VIIRS,l,2,307.63,20.39,D,0
30.4558,76.20613,333.25,0.48,0.4,2021-11-15,816,N,VIIRS,n,2,298.76,4.14,D,0
30.45604,76.03954,345.57,0.48,0.4,2021-11-15,816,N,VIIRS,n,2,305.49,14.75,D,0
30.45608,74.02276,332.01,0.41,0.37,2021-11-15,816,N,VIIRS,n,2,299.25,11.88,D,0
30.45626,75.85865,333.75,0.47,0.4,2021-11-15,816,N,VIIRS,n,2,301.14,2.98,D,0
30.45631,74.27982,332.6,0.41,0.37,2021-11-15,816,N,VIIRS,n,2,299.78,1.99,D,0
30.45676,76.43009,332.67,0.5,0.41,2021-11-15,816,N,VIIRS,n,2,300.34,6.9,D,0
30.45739,76.43526,344.03,0.5,0.41,2021-11-15,816,N,VIIRS,n,2,303.28,6.9,D,0
30.45763,74.1353,333.56,0.41,0.37,2021-11-15,816,N,VIIRS,n,2,301.25,3.24,D,0
30.45773,74.00948,335.96,0.41,0.37,2021-11-15,816,N,VIIRS,n,2,306.66,15.17,D,0
30.45832,76.22635,339.96,0.48,0.4,2021-11-15,816,N,VIIRS,n,2,298.2,7.17,D,0
30.45845,76.05944,331.11,0.48,0.4,2021-11-15,816,N,VIIRS,n,2,300.29,2.22,D,0
30.45861,76.41398,330.9,0.49,0.41,2021-11-15,816,N,VIIRS,n,2,298.22,1.09,D,0
30.45919,74.57547,345.86,0.42,0.38,2021-11-15,816,N,VIIRS,n,2,301.66,7.1,D,0
30.45929,76.22322,332.77,0.48,0.4,2021-11-15,816,N,VIIRS,n,2,298.26,6.77,D,0
30.45996,74.00042,335.07,0.4,0.37,2021-11-15,816,N,VIIRS,n,2,300.46,4.06,D,0
30.4601,74.57173,333.28,0.42,0.38,2021-11-15,816,N,VIIRS,n,2,300.77,5.25,D,0
30.46027,74.07832,340.47,0.41,0.37,2021-11-15,816,N,VIIRS,n,2,309.67,33.31,D,0
30.46056,75.38256,333.71,0.45,0.39,2021-11-15,816,N,VIIRS,n,2,302.55,1.94,D,0
30.46068,74.5761,346.2,0.42,0.38,2021-11-15,816,N,VIIRS,n,2,300.87,5.25,D,0
30.46101,74.34056,339.57,0.41,0.37,2021-11-15,816,N,VIIRS,n,2,300.72,3.38,D,0
30.46124,74.6694,332.96,0.42,0.38,2021-11-15,816,N,VIIRS,n,2,301.24,4,D,0
30.46136,73.93546,332.49,0.4,0.37,2021-11-15,816,N,VIIRS,n,2,299.29,1.62,D,0
30.46193,75.02535,333.51,0.43,0.38,2021-11-15,816,N,VIIRS,n,2,304.53,1.63,D,0
30.462,74.27002,336.72,0.41,0.37,2021-11-15,816,N,VIIRS,n,2,303.44,5.94,D,0
30.46243,74.94684,337.78,0.43,0.38,2021-11-15,816,N,VIIRS,l,2,309.49,69.76,D,0
30.46247,76.18661,332.73,0.48,0.4,2021-11-15,816,N,VIIRS,n,2,299.39,3,D,0
30.46256,75.16958,339.4,0.44,0.38,2021-11-15,816,N,VIIRS,n,2,302.75,4.23,D,0
30.46289,75.94257,338.26,0.47,0.4,2021-11-15,816,N,VIIRS,n,2,300.17,3.68,D,0
30.46315,75.14609,346.58,0.44,0.38,2021-11-15,816,N,VIIRS,n,2,306.74,25.68,D,0
30.46394,74.61049,334.81,0.42,0.38,2021-11-15,816,N,VIIRS,n,2,301.91,5.95,D,0
30.46471,74.57986,350.27,0.42,0.38,2021-11-15,816,N,VIIRS,n,2,306.3,17.75,D,0
30.46472,74.60678,333.91,0.42,0.38,2021-11-15,816,N,VIIRS,n,2,303.4,9.79,D,0
30.46477,71.81839,334.75,0.38,0.36,2021-11-15,816,N,VIIRS,n,2,300.07,1.48,D,0
30.4649,75.2161,330.29,0.44,0.38,2021-11-15,816,N,VIIRS,l,2,302.55,2.44,D,0
30.46509,74.80454,333.31,0.43,0.38,2021-11-15,816,N,VIIRS,n,2,302.56,3.38,D,0
30.46594,74.24738,333,0.41,0.37,2021-11-15,816,N,VIIRS,n,2,300.98,2.26,D,0
30.4662,71.98253,345.38,0.38,0.36,2021-11-15,816,N,VIIRS,n,2,302.2,4.42,D,0
30.46631,74.62803,333.18,0.42,0.38,2021-11-15,816,N,VIIRS,n,2,299.85,12.42,D,0
30.46641,76.06325,331.85,0.48,0.4,2021-11-15,816,N,VIIRS,n,2,301.02,4.45,D,0
30.46702,74.62432,344.02,0.42,0.38,2021-11-15,816,N,VIIRS,n,2,300.72,14.01,D,0
30.46702,76.06823,332.12,0.48,0.4,2021-11-15,816,N,VIIRS,n,2,299.47,4.61,D,0
30.46704,75.62054,345.3,0.46,0.39,2021-11-15,816,N,VIIRS,n,2,305.12,11.8,D,0
30.46717,74.28226,338.02,0.41,0.37,2021-11-15,816,N,VIIRS,n,2,301.31,4.3,D,0
30.46761,74.23394,333.25,0.41,0.37,2021-11-15,816,N,VIIRS,n,2,300.83,3.63,D,0
30.46775,74.28654,339.61,0.41,0.37,2021-11-15,816,N,VIIRS,n,2,301.25,6.49,D,0
30.46817,74.57926,345.56,0.42,0.38,2021-11-15,816,N,VIIRS,n,2,304.38,17.75,D,0
30.46846,76.339,332.17,0.49,0.4,2021-11-15,816,N,VIIRS,n,2,299.46,4.98,D,0
30.46859,76.20623,339.15,0.48,0.4,2021-11-15,816,N,VIIRS,n,2,299.32,4.85,D,0
30.46875,74.6375,333.41,0.42,0.38,2021-11-15,816,N,VIIRS,n,2,300.78,11.16,D,0
30.46885,76.33604,333.46,0.49,0.4,2021-11-15,816,N,VIIRS,n,2,298.86,3.2,D,0
30.46903,74.34794,331.04,0.41,0.37,2021-11-15,816,N,VIIRS,l,2,305.74,22.58,D,0
30.47001,74.27736,334.85,0.41,0.37,2021-11-15,816,N,VIIRS,n,2,303.44,4.3,D,0
30.47046,74.65878,346.5,0.42,0.38,2021-11-15,816,N,VIIRS,n,2,302.3,6.85,D,0
30.47073,70.6852,331.75,0.4,0.37,2021-11-15,816,N,VIIRS,n,2,298.94,1.82,D,0
30.47076,76.00678,339.04,0.47,0.4,2021-11-15,816,N,VIIRS,n,2,301.92,6.64,D,0
30.47153,74.4715,340.91,0.42,0.37,2021-11-15,816,N,VIIRS,n,2,299.76,5.44,D,0
30.47164,74.6595,333.34,0.42,0.38,2021-11-15,816,N,VIIRS,n,2,301.8,5.65,D,0
30.47181,71.77577,338.02,0.38,0.36,2021-11-15,816,N,VIIRS,n,2,301.62,3.61,D,0
30.47275,76.27285,344.17,0.49,0.4,2021-11-15,816,N,VIIRS,n,2,305.92,15.39,D,0
30.47323,74.45786,330.1,0.42,0.37,2021-11-15,816,N,VIIRS,n,2,297.29,2.42,D,0
30.47542,74.03653,333.75,0.41,0.37,2021-11-15,816,N,VIIRS,n,2,300.6,4.01,D,0
30.47568,74.63628,337.13,0.42,0.38,2021-11-15,816,N,VIIRS,n,2,305.86,23.03,D,0
30.47586,76.26717,334.04,0.49,0.4,2021-11-15,816,N,VIIRS,n,2,301.1,5.4,D,0
30.47647,76.27225,345.16,0.49,0.4,2021-11-15,816,N,VIIRS,n,2,299.81,9.48,D,0
30.47694,73.99731,346.5,0.4,0.37,2021-11-15,816,N,VIIRS,n,2,300,5.21,D,0
30.47741,74.62249,333.01,0.42,0.38,2021-11-15,816,N,VIIRS,n,2,300.99,11.91,D,0
30.47749,76.00063,333.56,0.47,0.4,2021-11-15,816,N,VIIRS,n,2,302.01,2.43,D,0
30.47776,74.05343,335.52,0.41,0.37,2021-11-15,816,N,VIIRS,n,2,301.09,4.72,D,0
30.47794,71.99245,344.39,0.38,0.36,2021-11-15,816,N,VIIRS,n,2,303.27,10.15,D,0
30.47855,72.15251,332.58,0.38,0.36,2021-11-15,816,N,VIIRS,l,2,303.08,9.17,D,0
30.48014,74.78371,339.43,0.43,0.38,2021-11-15,816,N,VIIRS,n,2,304.66,10.02,D,0
30.48021,75.13849,336.26,0.44,0.38,2021-11-15,816,N,VIIRS,n,2,300.44,3.64,D,0
30.4803,74.61748,333.53,0.42,0.38,2021-11-15,816,N,VIIRS,n,2,301.07,11.94,D,0
30.48127,71.66689,332.7,0.39,0.36,2021-11-15,816,N,VIIRS,n,2,300.04,4.24,D,0
30.482,75.32184,333.12,0.45,0.39,2021-11-15,816,N,VIIRS,n,2,301.84,3.91,D,0
30.48262,74.66207,332.27,0.42,0.38,2021-11-15,816,N,VIIRS,n,2,299.45,2.35,D,0
30.48292,76.10642,334.72,0.48,0.4,2021-11-15,816,N,VIIRS,n,2,300.04,3.36,D,0
30.48307,76.35995,341.56,0.49,0.4,2021-11-15,816,N,VIIRS,n,2,306.28,17.59,D,0
30.48313,74.55868,332.4,0.42,0.38,2021-11-15,816,N,VIIRS,n,2,299.28,1.94,D,0
30.48375,71.83092,343.48,0.38,0.36,2021-11-15,816,N,VIIRS,n,2,303.4,8.09,D,0
30.48479,74.10425,347.55,0.41,0.37,2021-11-15,816,N,VIIRS,n,2,303.44,8.88,D,0
30.48504,71.94991,337.83,0.38,0.36,2021-11-15,816,N,VIIRS,n,2,302.58,2.33,D,0
30.48551,74.65705,333.82,0.42,0.38,2021-11-15,816,N,VIIRS,n,2,299.51,2.35,D,0
30.48562,74.03466,338.8,0.41,0.37,2021-11-15,816,N,VIIRS,n,2,301.42,5.05,D,0
30.48565,71.9539,332.39,0.38,0.36,2021-11-15,816,N,VIIRS,n,2,300.94,2.92,D,0
30.48604,74.58057,345.75,0.42,0.38,2021-11-15,816,N,VIIRS,n,2,301.36,16.65,D,0
30.48627,71.95788,337.76,0.38,0.36,2021-11-15,816,N,VIIRS,n,2,301.51,2.92,D,0
30.48655,74.26997,333.82,0.41,0.37,2021-11-15,816,N,VIIRS,n,2,303.91,2.61,D,0
30.4868,76.35936,331.82,0.49,0.4,2021-11-15,816,N,VIIRS,n,2,299.08,3.15,D,0
30.48706,74.48209,332.23,0.42,0.37,2021-11-15,816,N,VIIRS,n,2,299.59,4.06,D,0
30.48756,74.94707,346.95,0.43,0.38,2021-11-15,816,N,VIIRS,n,2,306.12,6.9,D,0
30.48842,74.15585,333.38,0.41,0.37,2021-11-15,816,N,VIIRS,n,2,300.07,2,D,0
30.48911,74.18629,351.57,0.41,0.37,2021-11-15,816,N,VIIRS,n,2,311.7,36.69,D,0
30.4905,74.48147,335.82,0.42,0.37,2021-11-15,816,N,VIIRS,n,2,299.76,4.06,D,0
30.49065,74.02075,341.56,0.41,0.37,2021-11-15,816,N,VIIRS,n,2,303.68,11.73,D,0
30.49093,74.02228,345.6,0.41,0.37,2021-11-15,816,N,VIIRS,n,2,302.35,10.77,D,0
30.49185,74.62443,331.88,0.42,0.38,2021-11-15,816,N,VIIRS,n,2,300.35,2.16,D,0
30.4921,76.15102,338.73,0.48,0.4,2021-11-15,816,N,VIIRS,n,2,299.79,6.67,D,0
30.49249,76.31137,331.51,0.49,0.4,2021-11-15,816,N,VIIRS,n,2,299.23,2.36,D,0
30.49313,74.06363,343.07,0.41,0.37,2021-11-15,816,N,VIIRS,n,2,304.57,9.37,D,0
30.49326,75.29623,330.27,0.44,0.39,2021-11-15,816,N,VIIRS,n,2,303.15,13.44,D,0
30.49345,70.73955,339.64,0.39,0.37,2021-11-15,816,N,VIIRS,n,2,301.68,4.83,D,0
30.49362,74.69173,330.35,0.42,0.38,2021-11-15,816,N,VIIRS,n,2,300.59,1.87,D,0
30.4938,74.22044,335.02,0.41,0.37,2021-11-15,816,N,VIIRS,n,2,304.96,5.97,D,0
30.49386,75.30086,339.78,0.44,0.39,2021-11-15,816,N,VIIRS,n,2,308.23,9.61,D,0
30.49445,75.3055,336.68,0.44,0.39,2021-11-15,816,N,VIIRS,n,2,301.54,9.61,D,0
30.49477,74.17653,343.17,0.41,0.37,2021-11-15,816,N,VIIRS,n,2,301.98,13.48,D,0
30.49516,76.49536,333.63,0.5,0.41,2021-11-15,816,N,VIIRS,n,2,300.74,2.59,D,0
30.49553,74.05613,331.97,0.41,0.37,2021-11-15,816,N,VIIRS,n,2,303.58,5.68,D,0
30.49579,76.15042,345.93,0.48,0.4,2021-11-15,816,N,VIIRS,n,2,301.26,6.67,D,0
30.49594,74.05878,345.29,0.41,0.37,2021-11-15,816,N,VIIRS,n,2,301.65,11.94,D,0
30.49597,71.7174,343.57,0.38,0.36,2021-11-15,816,N,VIIRS,n,2,303.09,2.99,D,0
30.49611,74.06036,340.26,0.41,0.37,2021-11-15,816,N,VIIRS,n,2,300.35,5.68,D,0
30.49653,74.063,333.71,0.41,0.37,2021-11-15,816,N,VIIRS,n,2,300.98,9.37,D,0
30.49656,76.44206,334.18,0.5,0.41,2021-11-15,816,N,VIIRS,n,2,301.46,3.53,D,0
30.49682,75.29562,345.48,0.44,0.39,2021-11-15,816,N,VIIRS,n,2,304.76,13.44,D,0
30.4969,72.00501,330.7,0.38,0.36,2021-11-15,816,N,VIIRS,n,2,304.51,1.52,D,0
30.49697,72.2515,351.44,0.38,0.36,2021-11-15,816,N,VIIRS,n,2,301.52,4.75,D,0
30.49699,76.19135,333.61,0.48,0.4,2021-11-15,816,N,VIIRS,n,2,303.46,6.19,D,0
30.49721,74.21982,339.19,0.41,0.37,2021-11-15,816,N,VIIRS,n,2,305.4,5.97,D,0
30.49741,75.30025,337.08,0.44,0.39,2021-11-15,816,N,VIIRS,n,2,301.17,9.61,D,0
30.4975,74.53376,337.62,0.42,0.38,2021-11-15,816,N,VIIRS,n,2,299.67,2.65,D,0
30.49764,74.6414,331.19,0.42,0.38,2021-11-15,816,N,VIIRS,n,2,299.15,1.66,D,0
30.49859,75.28111,334.38,0.44,0.39,2021-11-15,816,N,VIIRS,n,2,303.65,6.16,D,0
30.49867,76.33128,330.89,0.49,0.4,2021-11-15,816,N,VIIRS,n,2,297.38,5.66,D,0
30.49928,76.33642,331.83,0.49,0.4,2021-11-15,816,N,VIIRS,n,2,301.32,5.66,D,0
30.49956,74.23692,342.2,0.41,0.37,2021-11-15,816,N,VIIRS,n,2,304.24,19.32,D,0
30.49968,74.47094,346.49,0.42,0.37,2021-11-15,816,N,VIIRS,n,2,300.59,8.55,D,0
30.49981,76.72352,332.14,0.51,0.41,2021-11-15,816,N,VIIRS,n,2,302.99,3.51,D,0
30.50045,76.72887,333.23,0.51,0.41,2021-11-15,816,N,VIIRS,n,2,302.04,3.51,D,0
30.50059,74.77209,338.93,0.43,0.38,2021-11-15,816,N,VIIRS,n,2,304.25,11.55,D,0
30.50069,76.19075,331.44,0.48,0.4,2021-11-15,816,N,VIIRS,n,2,298.01,6.19,D,0
30.50175,74.78098,335.39,0.43,0.38,2021-11-15,816,N,VIIRS,n,2,299.94,3.55,D,0
30.50305,76.30447,337.78,0.49,0.4,2021-11-15,816,N,VIIRS,n,2,302.42,6.28,D,0
30.50334,75.43271,342.42,0.45,0.39,2021-11-15,816,N,VIIRS,n,2,304.07,13.86,D,0
30.50335,74.34179,339.85,0.41,0.37,2021-11-15,816,N,VIIRS,n,2,304.34,21.51,D,0
30.50395,75.40866,333.43,0.45,0.39,2021-11-15,816,N,VIIRS,n,2,300.71,2.05,D,0
30.50405,76.44087,336.96,0.5,0.41,2021-11-15,816,N,VIIRS,n,2,301.77,3.81,D,0
30.50422,71.8145,343.08,0.38,0.36,2021-11-15,816,N,VIIRS,n,2,302.15,2.97,D,0
30.50489,76.31983,338.18,0.49,0.4,2021-11-15,816,N,VIIRS,n,2,301.53,12.55,D,0
30.5064,74.78927,340.17,0.43,0.38,2021-11-15,816,N,VIIRS,n,2,301.62,4.32,D,0
30.5064,74.8166,331.53,0.43,0.38,2021-11-15,816,N,VIIRS,n,2,302.13,13.9,D,0
30.50698,74.82107,335.07,0.43,0.38,2021-11-15,816,N,VIIRS,n,2,305.71,13.9,D,0
30.50702,74.42077,331.54,0.42,0.37,2021-11-15,816,N,VIIRS,n,2,297.78,3.32,D,0
30.50753,74.71642,339.35,0.42,0.38,2021-11-15,816,N,VIIRS,n,2,301.59,5.8,D,0
30.50774,71.7932,333.41,0.38,0.36,2021-11-15,816,N,VIIRS,n,2,299.67,1.79,D,0
30.50796,74.58566,339.63,0.42,0.38,2021-11-15,816,N,VIIRS,n,2,302.29,18.53,D,0
30.50808,76.03618,342.98,0.48,0.4,2021-11-15,816,N,VIIRS,n,2,303.56,11.48,D,0
30.50828,75.0498,336.33,0.44,0.38,2021-11-15,816,N,VIIRS,n,2,306.05,4.85,D,0
30.50836,71.79719,332.26,0.38,0.36,2021-11-15,816,N,VIIRS,n,2,300.62,1.79,D,0
30.50855,75.18985,342.75,0.44,0.38,2021-11-15,816,N,VIIRS,n,2,305.74,15.99,D,0
30.50929,74.75693,332.84,0.43,0.38,2021-11-15,816,N,VIIRS,n,2,300.85,3.27,D,0
30.50971,74.36273,355.74,0.41,0.37,2021-11-15,816,N,VIIRS,n,2,304.51,21.11,D,0
30.51118,76.18392,340.18,0.48,0.4,2021-11-15,816,N,VIIRS,n,2,299.18,4.29,D,0
30.51139,74.04455,346.78,0.41,0.37,2021-11-15,816,N,VIIRS,n,2,303.52,15.72,D,0
30.51161,75.91455,331.09,0.47,0.4,2021-11-15,816,N,VIIRS,n,2,299.86,2.17,D,0
30.51175,76.03558,346.83,0.48,0.4,2021-11-15,816,N,VIIRS,n,2,299.4,11.48,D,0
30.51223,75.91946,335.55,0.47,0.4,2021-11-15,816,N,VIIRS,n,2,300.35,4.56,D,0
30.51242,76.16315,334.59,0.48,0.4,2021-11-15,816,N,VIIRS,n,2,301.08,14.93,D,0
30.51273,75.22206,336.77,0.44,0.38,2021-11-15,816,N,VIIRS,n,2,306.48,12.43,D,0
30.51373,72.18236,332.74,0.38,0.36,2021-11-15,816,N,VIIRS,n,2,300.61,2.09,D,0
30.51373,75.11874,331.11,0.44,0.38,2021-11-15,816,N,VIIRS,n,2,303.57,12.26,D,0
30.51432,75.1233,335.69,0.44,0.38,2021-11-15,816,N,VIIRS,n,2,305.28,12.26,D,0
30.51448,74.7152,333.69,0.42,0.38,2021-11-15,816,N,VIIRS,n,2,302.06,2.19,D,0
30.51452,74.26933,340.5,0.41,0.37,2021-11-15,816,N,VIIRS,n,2,301.88,8.9,D,0
30.51454,74.82431,332.65,0.43,0.38,2021-11-15,816,N,VIIRS,l,2,305.08,8.68,D,0
30.51484,76.3078,345,0.49,0.4,2021-11-15,816,N,VIIRS,n,2,300.48,5.75,D,0
30.51487,76.24536,343.53,0.49,0.4,2021-11-15,816,N,VIIRS,n,2,301.44,10.35,D,0
30.515,74.66537,333.83,0.42,0.38,2021-11-15,816,N,VIIRS,n,2,299.21,2.87,D,0
30.51508,74.4282,332.27,0.42,0.37,2021-11-15,816,N,VIIRS,n,2,298.84,2.92,D,0
30.51539,76.3758,342.09,0.49,0.41,2021-11-15,816,N,VIIRS,n,2,300.43,5.09,D,0
30.51545,76.06548,337.49,0.48,0.4,2021-11-15,816,N,VIIRS,n,2,301.03,3.18,D,0
30.5155,76.15752,334.39,0.48,0.4,2021-11-15,816,N,VIIRS,n,2,299.56,3.45,D,0
30.5158,71.77918,331.94,0.38,0.36,2021-11-15,816,N,VIIRS,n,2,298.55,1.99,D,0
30.51599,75.08105,338.01,0.44,0.38,2021-11-15,816,N,VIIRS,n,2,302.39,4.22,D,0
30.51616,71.86965,332.32,0.38,0.36,2021-11-15,816,N,VIIRS,n,2,300.95,1.45,D,0
30.51621,74.18304,344.78,0.41,0.37,2021-11-15,816,N,VIIRS,n,2,302.95,12.32,D,0
30.51637,72.13252,336.71,0.38,0.36,2021-11-15,816,N,VIIRS,n,2,301.63,2.84,D,0
30.51638,71.84904,333.29,0.38,0.36,2021-11-15,816,N,VIIRS,n,2,300.36,2.41,D,0
30.51672,72.00096,334.37,0.38,0.36,2021-11-15,816,N,VIIRS,n,2,301.93,1.28,D,0
30.51682,72.04615,345.83,0.38,0.36,2021-11-15,816,N,VIIRS,n,2,305.47,11.61,D,0
30.51688,74.28648,335.57,0.41,0.37,2021-11-15,816,N,VIIRS,n,2,300.61,6.54,D,0
30.51775,70.97443,331.84,0.39,0.36,2021-11-15,816,N,VIIRS,n,2,298.79,3.14,D,0
30.51785,76.39645,333.06,0.49,0.41,2021-11-15,816,N,VIIRS,n,2,299.79,3.87,D,0
30.51795,74.26871,334.35,0.41,0.37,2021-11-15,816,N,VIIRS,n,2,302.6,8.9,D,0
30.51803,74.8237,330.61,0.43,0.38,2021-11-15,816,N,VIIRS,l,2,302.77,3.07,D,0
30.51814,75.292,332.02,0.44,0.39,2021-11-15,816,N,VIIRS,l,2,303.29,3.91,D,0
30.51854,74.273,343.3,0.41,0.37,2021-11-15,816,N,VIIRS,n,2,303.54,8.9,D,0
30.51856,76.30721,346.77,0.49,0.4,2021-11-15,816,N,VIIRS,n,2,301.35,10.25,D,0
30.51877,75.61386,333.97,0.46,0.39,2021-11-15,816,N,VIIRS,n,2,305.61,3.92,D,0
30.51884,74.35226,337.54,0.41,0.37,2021-11-15,816,N,VIIRS,n,2,304.46,22.94,D,0
30.51884,75.4397,340.66,0.45,0.39,2021-11-15,816,N,VIIRS,n,2,305.1,6.73,D,0
30.5189,71.73325,331.6,0.38,0.36,2021-11-15,816,N,VIIRS,n,2,299.91,1.77,D,0
30.5191,74.43192,341.32,0.42,0.37,2021-11-15,816,N,VIIRS,n,2,299.9,2.92,D,0
30.51913,76.06487,335.9,0.48,0.4,2021-11-15,816,N,VIIRS,n,2,300.43,8.89,D,0
30.51913,76.37521,346.93,0.49,0.41,2021-11-15,816,N,VIIRS,n,2,299.85,10.19,D,0
30.5192,76.24986,346.18,0.49,0.4,2021-11-15,816,N,VIIRS,n,2,302.85,13.76,D,0
30.51923,74.30367,334.54,0.41,0.37,2021-11-15,816,N,VIIRS,n,2,300.57,4.66,D,0
30.51982,74.30796,336.26,0.41,0.37,2021-11-15,816,N,VIIRS,n,2,302.45,4.66,D,0
30.52041,74.31226,332.92,0.41,0.37,2021-11-15,816,N,VIIRS,n,2,300.7,5.71,D,0
30.52041,76.13618,344.73,0.48,0.4,2021-11-15,816,N,VIIRS,n,2,301.25,10.81,D,0
30.52041,76.32259,332.03,0.49,0.4,2021-11-15,816,N,VIIRS,n,2,297.86,3.31,D,0
30.52094,74.92862,342.82,0.43,0.38,2021-11-15,816,N,VIIRS,n,2,304.79,4.63,D,0
30.52143,74.24784,341.32,0.41,0.37,2021-11-15,816,N,VIIRS,n,2,301.76,6.51,D,0
30.52149,74.76842,335.95,0.43,0.38,2021-11-15,816,N,VIIRS,n,2,303.65,3.4,D,0
30.52156,75.20644,344.57,0.44,0.38,2021-11-15,816,N,VIIRS,n,2,307.39,21.96,D,0
30.52185,74.24606,339.07,0.41,0.37,2021-11-15,816,N,VIIRS,n,2,304.11,6.96,D,0
30.52225,76.12052,330.2,0.48,0.4,2021-11-15,816,N,VIIRS,n,2,298.94,2.12,D,0
30.52242,75.52584,332.34,0.45,0.39,2021-11-15,816,N,VIIRS,l,2,304.26,4.45,D,0
30.52249,71.55928,347.13,0.39,0.36,2021-11-15,816,N,VIIRS,n,2,302.08,7.71,D,0
30.52257,75.91277,333.11,0.47,0.4,2021-11-15,816,N,VIIRS,n,2,300.1,4.38,D,0
30.52304,74.18181,306.75,0.41,0.37,2021-11-15,816,N,VIIRS,l,2,312,22.08,D,0
30.52336,75.22025,337.47,0.44,0.38,2021-11-15,816,N,VIIRS,n,2,302.7,5.49,D,0
30.52362,74.18608,335.47,0.41,0.37,2021-11-15,816,N,VIIRS,n,2,299.64,22.08,D,0
30.52377,74.73169,344.36,0.43,0.38,2021-11-15,816,N,VIIRS,n,2,301.29,4.64,D,0
30.52414,76.19732,336.85,0.48,0.4,2021-11-15,816,N,VIIRS,n,2,298.51,3.6,D,0
30.52431,74.44431,337.88,0.42,0.37,2021-11-15,816,N,VIIRS,n,2,301.13,8.97,D,0
30.52476,76.32712,345.55,0.49,0.4,2021-11-15,816,N,VIIRS,n,2,307.48,29.25,D,0
30.52485,74.24722,347.33,0.41,0.37,2021-11-15,816,N,VIIRS,n,2,301.53,6.51,D,0
30.52492,74.01605,337.2,0.41,0.37,2021-11-15,816,N,VIIRS,n,2,298.5,3.38,D,0
30.52543,74.25151,350.77,0.41,0.37,2021-11-15,816,N,VIIRS,n,2,304.2,13.88,D,0
30.52548,75.9095,342.79,0.47,0.4,2021-11-15,816,N,VIIRS,n,2,300.68,7.66,D,0
30.52561,74.9094,335.92,0.43,0.38,2021-11-15,816,N,VIIRS,n,2,303.81,5.84,D,0
30.52601,76.30603,335.15,0.49,0.4,2021-11-15,816,N,VIIRS,n,2,304.04,12.14,D,0
30.52622,75.91218,333.69,0.47,0.4,2021-11-15,816,N,VIIRS,n,2,299.91,4.38,D,0
30.52646,74.18119,330.41,0.41,0.37,2021-11-15,816,N,VIIRS,n,2,298.54,6.16,D,0
30.52672,74.78114,339.88,0.43,0.38,2021-11-15,816,N,VIIRS,n,2,304.53,10.68,D,0
30.52704,74.18546,333,0.41,0.37,2021-11-15,816,N,VIIRS,n,2,298.55,6.16,D,0
30.52708,74.21172,335.12,0.41,0.37,2021-11-15,816,N,VIIRS,n,2,300.11,1.99,D,0
30.52725,74.73107,333.49,0.43,0.38,2021-11-15,816,N,VIIRS,n,2,302.14,7.67,D,0
30.52757,71.78911,336.1,0.38,0.36,2021-11-15,816,N,VIIRS,n,2,302.94,2.8,D,0
30.52764,76.01273,337.1,0.48,0.4,2021-11-15,816,N,VIIRS,n,2,300.71,5.49,D,0
30.52768,75.33784,333.35,0.45,0.39,2021-11-15,816,N,VIIRS,l,2,303.57,2.85,D,0
30.52785,76.19672,337.7,0.48,0.4,2021-11-15,816,N,VIIRS,n,2,298.57,4.39,D,0
30.52799,74.52387,335.03,0.42,0.38,2021-11-15,816,N,VIIRS,n,2,300.07,6.74,D,0
30.52834,75.66114,334.48,0.46,0.39,2021-11-15,816,N,VIIRS,l,2,306.61,4.97,D,0
30.52956,74.7216,345.1,0.42,0.38,2021-11-15,816,N,VIIRS,n,2,301.46,10.18,D,0
30.53006,76.00961,332.03,0.48,0.4,2021-11-15,816,N,VIIRS,n,2,299.7,2.37,D,0
30.53028,74.94543,339.65,0.43,0.38,2021-11-15,816,N,VIIRS,n,2,304.98,4.66,D,0
30.53086,74.97763,334.72,0.43,0.38,2021-11-15,816,N,VIIRS,n,2,304.76,11.13,D,0
30.53212,75.17643,334.15,0.44,0.38,2021-11-15,816,N,VIIRS,n,2,304.56,5.26,D,0
30.53271,74.17567,342.22,0.41,0.37,2021-11-15,816,N,VIIRS,n,2,299.99,5.05,D,0
30.53303,74.721,340.64,0.42,0.38,2021-11-15,816,N,VIIRS,n,2,298.58,3.73,D,0
30.53312,71.825,336.46,0.38,0.36,2021-11-15,816,N,VIIRS,n,2,300.14,2.16,D,0
30.53344,71.91546,335.02,0.38,0.36,2021-11-15,816,N,VIIRS,n,2,300.92,3.27,D,0
30.53409,74.34245,330.44,0.41,0.37,2021-11-15,816,N,VIIRS,n,2,295.86,9.75,D,0
30.53438,75.50449,332.75,0.45,0.39,2021-11-15,816,N,VIIRS,n,2,302.1,2.59,D,0
30.53439,75.53352,334.9,0.45,0.39,2021-11-15,816,N,VIIRS,l,2,305.71,3.44,D,0
30.5353,76.25768,332.68,0.49,0.4,2021-11-15,816,N,VIIRS,n,2,299.19,3.03,D,0
30.53582,74.45116,347.51,0.42,0.37,2021-11-15,816,N,VIIRS,n,2,300.41,6.39,D,0
30.53634,76.08247,336.9,0.48,0.4,2021-11-15,816,N,VIIRS,n,2,300.26,7.46,D,0
30.5365,74.48219,345.2,0.42,0.37,2021-11-15,816,N,VIIRS,n,2,301.08,8.5,D,0
30.53721,75.35529,339.39,0.45,0.39,2021-11-15,816,N,VIIRS,n,2,301.9,3.69,D,0
30.53729,75.76308,335.98,0.46,0.39,2021-11-15,816,N,VIIRS,n,2,302.65,3.12,D,0
30.53804,74.29321,347.52,0.41,0.37,2021-11-15,816,N,VIIRS,n,2,299.44,5.61,D,0
30.53813,75.22244,337.3,0.44,0.38,2021-11-15,816,N,VIIRS,n,2,302.6,2.88,D,0
30.53832,75.30753,335.14,0.45,0.39,2021-11-15,816,N,VIIRS,l,2,305.94,4.57,D,0
30.53882,73.56409,333.26,0.4,0.37,2021-11-15,816,N,VIIRS,n,2,299.62,2.05,D,0
30.53901,76.25709,332.29,0.49,0.4,2021-11-15,816,N,VIIRS,n,2,298.4,3.03,D,0
30.53909,75.4267,330.22,0.45,0.39,2021-11-15,816,N,VIIRS,l,2,303.88,2.39,D,0
30.53961,74.55762,346.51,0.42,0.38,2021-11-15,816,N,VIIRS,n,2,303.26,8.63,D,0
30.53974,74.27969,354.74,0.41,0.37,2021-11-15,816,N,VIIRS,n,2,301.95,7.62,D,0
30.54032,74.284,332.35,0.41,0.37,2021-11-15,816,N,VIIRS,n,2,298.64,4.62,D,0
30.54053,74.69704,330.02,0.42,0.38,2021-11-15,816,N,VIIRS,n,2,303.61,2,D,0
30.54095,75.73281,343.95,0.46,0.39,2021-11-15,816,N,VIIRS,n,2,308.2,17.09,D,0
30.54156,74.37208,336.72,0.41,0.37,2021-11-15,816,N,VIIRS,n,2,298.47,2.49,D,0
30.54198,75.36402,341.03,0.45,0.39,2021-11-15,816,N,VIIRS,n,2,304.86,4.73,D,0
30.54289,74.14761,340.86,0.41,0.37,2021-11-15,816,N,VIIRS,n,2,298.84,3.21,D,0
30.54292,74.74194,333.59,0.43,0.38,2021-11-15,816,N,VIIRS,n,2,302.63,2.45,D,0
30.54317,74.27908,334.86,0.41,0.37,2021-11-15,816,N,VIIRS,n,2,300.03,7.62,D,0
30.544,74.69643,340.68,0.42,0.38,2021-11-15,816,N,VIIRS,n,2,307.92,28.01,D,0
30.54428,74.88779,334.18,0.43,0.38,2021-11-15,816,N,VIIRS,n,2,302.68,4.73,D,0
30.54534,74.21718,331.93,0.41,0.37,2021-11-15,816,N,VIIRS,n,2,302.11,1.24,D,0
30.54555,75.36342,333.17,0.45,0.39,2021-11-15,816,N,VIIRS,n,2,301.48,2.62,D,0
30.54657,74.85071,330.97,0.43,0.38,2021-11-15,816,N,VIIRS,l,2,303.31,3.01,D,0
30.54718,74.88269,332.47,0.43,0.38,2021-11-15,816,N,VIIRS,l,2,306.11,5.91,D,0
30.54777,74.88718,333.89,0.43,0.38,2021-11-15,816,N,VIIRS,l,2,303.96,5.91,D,0
30.5478,75.10947,333.59,0.44,0.38,2021-11-15,816,N,VIIRS,n,2,301.72,3.84,D,0
30.54927,74.19455,338.2,0.41,0.37,2021-11-15,816,N,VIIRS,n,2,299.04,3.35,D,0
30.54952,74.32643,343.37,0.41,0.37,2021-11-15,816,N,VIIRS,n,2,301.28,8.92,D,0
30.55013,74.35726,333.34,0.41,0.37,2021-11-15,816,N,VIIRS,n,2,300.37,3.05,D,0
30.5507,76.19824,346.63,0.48,0.4,2021-11-15,816,N,VIIRS,n,2,302.51,9.85,D,0
30.55072,74.36159,334.24,0.41,0.37,2021-11-15,816,N,VIIRS,n,2,299.43,4.06,D,0
30.55117,74.28644,332.18,0.41,0.37,2021-11-15,816,N,VIIRS,n,2,299.29,2.91,D,0
30.55175,74.29073,349.48,0.41,0.37,2021-11-15,816,N,VIIRS,n,2,300.35,8.35,D,0
30.55255,74.14148,333.24,0.41,0.37,2021-11-15,816,N,VIIRS,n,2,299.21,1.74,D,0
30.55278,76.20046,333.44,0.48,0.4,2021-11-15,816,N,VIIRS,n,2,300.88,3.96,D,0
30.55291,74.29934,330.97,0.41,0.37,2021-11-15,816,N,VIIRS,n,2,299.01,1.58,D,0
30.5531,74.98303,345.41,0.43,0.38,2021-11-15,816,N,VIIRS,n,2,304.42,6.71,D,0
30.55368,74.98756,332.98,0.43,0.38,2021-11-15,816,N,VIIRS,n,2,302.06,6.71,D,0
30.554,76.38018,349.25,0.49,0.41,2021-11-15,816,N,VIIRS,n,2,300.31,5.15,D,0
30.5551,76.03091,334.06,0.48,0.4,2021-11-15,816,N,VIIRS,n,2,301.02,1.89,D,0
30.55711,74.46256,336.21,0.42,0.37,2021-11-15,816,N,VIIRS,n,2,301.33,8.31,D,0
30.55727,74.20187,345.34,0.41,0.37,2021-11-15,816,N,VIIRS,n,2,301.74,6.08,D,0
30.55774,76.37959,335.51,0.49,0.41,2021-11-15,816,N,VIIRS,n,2,298.84,4.23,D,0
30.55776,75.18747,336.8,0.44,0.38,2021-11-15,816,N,VIIRS,n,2,301.17,7.65,D,0
30.55829,74.52488,338.03,0.42,0.38,2021-11-15,816,N,VIIRS,n,2,298.65,3.5,D,0
30.55836,75.90412,335.48,0.47,0.4,2021-11-15,816,N,VIIRS,n,2,304.02,6.64,D,0
30.55863,71.90205,332.98,0.38,0.36,2021-11-15,816,N,VIIRS,n,2,302.05,3.4,D,0
30.55897,76.35835,344.89,0.49,0.4,2021-11-15,816,N,VIIRS,n,2,303.54,12.68,D,0
30.55916,74.5452,301.29,0.42,0.38,2021-11-15,816,N,VIIRS,l,2,307.16,18.33,D,0
30.55966,74.52272,334.43,0.42,0.38,2021-11-15,816,N,VIIRS,n,2,298.24,2.93,D,0
30.55976,74.54958,335.25,0.42,0.38,2021-11-15,816,N,VIIRS,n,2,304.78,18.33,D,0
30.5614,74.25819,331.19,0.41,0.37,2021-11-15,816,N,VIIRS,n,2,300.36,3,D,0
30.56202,75.90353,335.29,0.47,0.4,2021-11-15,816,N,VIIRS,n,2,301.52,6.4,D,0
30.56214,74.34183,337.18,0.41,0.37,2021-11-15,816,N,VIIRS,n,2,300.79,5.39,D,0
30.56256,74.26678,347.14,0.41,0.37,2021-11-15,816,N,VIIRS,n,2,303.2,10.55,D,0
30.56262,74.54458,334.09,0.42,0.38,2021-11-15,816,N,VIIRS,n,2,299.95,18.33,D,0
30.56278,74.13961,332.73,0.41,0.37,2021-11-15,816,N,VIIRS,n,2,298.74,4.09,D,0
30.5629,74.533,339.75,0.42,0.38,2021-11-15,816,N,VIIRS,n,2,299.45,4.02,D,0
30.56314,74.27106,341.18,0.41,0.37,2021-11-15,816,N,VIIRS,n,2,306.44,19.76,D,0
30.56342,76.45799,333.18,0.5,0.41,2021-11-15,816,N,VIIRS,n,2,300.65,3.62,D,0
30.56436,74.10007,335.68,0.41,0.37,2021-11-15,816,N,VIIRS,n,2,301.82,5.34,D,0
30.56445,76.27903,330.02,0.49,0.4,2021-11-15,816,N,VIIRS,n,2,300.2,1.96,D,0
30.56509,74.589,342.02,0.42,0.38,2021-11-15,816,N,VIIRS,n,2,305.28,13.73,D,0
30.56521,72.16799,333.64,0.38,0.36,2021-11-15,816,N,VIIRS,n,2,301.47,3.42,D,0
30.56551,76.27627,330.09,0.49,0.4,2021-11-15,816,N,VIIRS,n,2,299.6,2.11,D,0
30.56598,74.26616,337.94,0.41,0.37,2021-11-15,816,N,VIIRS,n,2,300.1,4.91,D,0
30.56635,74.53239,340.15,0.42,0.38,2021-11-15,816,N,VIIRS,n,2,301.67,16.64,D,0
30.56656,74.27045,334.56,0.41,0.37,2021-11-15,816,N,VIIRS,n,2,299.52,3.63,D,0
30.56662,75.11558,336.26,0.44,0.38,2021-11-15,816,N,VIIRS,n,2,303.71,4.13,D,0
30.56694,74.59062,342.87,0.42,0.38,2021-11-15,816,N,VIIRS,n,2,302.63,12.33,D,0
30.56834,75.24225,344.49,0.44,0.39,2021-11-15,816,N,VIIRS,n,2,303.09,8.95,D,0
30.56924,74.61975,343.6,0.42,0.38,2021-11-15,816,N,VIIRS,n,2,301.32,4.11,D,0
30.56989,71.64433,330.14,0.39,0.36,2021-11-15,816,N,VIIRS,n,2,300.51,0.99,D,0
30.57015,75.11497,335.96,0.44,0.38,2021-11-15,816,N,VIIRS,n,2,301.83,3.47,D,0
30.57086,74.17311,345.81,0.41,0.37,2021-11-15,816,N,VIIRS,n,2,301.14,8.01,D,0
30.57181,75.32705,336.18,0.45,0.39,2021-11-15,816,N,VIIRS,n,2,304.12,5.37,D,0
30.57296,75.93189,342.61,0.47,0.4,2021-11-15,816,N,VIIRS,n,2,308.78,19.08,D,0
30.57475,74.9839,333.19,0.43,0.38,2021-11-15,816,N,VIIRS,n,2,301.11,2.19,D,0
30.57501,74.57121,341.8,0.42,0.38,2021-11-15,816,N,VIIRS,n,2,306.11,15.15,D,0
30.57728,74.50807,339.48,0.42,0.38,2021-11-15,816,N,VIIRS,n,2,301.01,5.82,D,0
30.57779,76.00183,337.72,0.48,0.4,2021-11-15,816,N,VIIRS,n,2,300.11,7.41,D,0
30.5778,75.25956,344.64,0.44,0.39,2021-11-15,816,N,VIIRS,n,2,306.78,12.31,D,0
30.57839,75.2642,342.62,0.44,0.39,2021-11-15,816,N,VIIRS,n,2,306.22,12.31,D,0
30.57845,74.22874,334.97,0.41,0.37,2021-11-15,816,N,VIIRS,n,2,297.71,3.65,D,0
30.57847,74.57059,332.3,0.42,0.38,2021-11-15,816,N,VIIRS,n,2,299.97,2.75,D,0
30.57903,74.23302,342.31,0.41,0.37,2021-11-15,816,N,VIIRS,n,2,302.76,14.87,D,0
30.57906,75.89069,334.12,0.47,0.4,2021-11-15,816,N,VIIRS,n,2,301.84,3.16,D,0
30.5795,76.10861,343.85,0.48,0.4,2021-11-15,816,N,VIIRS,n,2,299.6,9.99,D,0
30.58011,76.11365,335.31,0.48,0.4,2021-11-15,816,N,VIIRS,n,2,298.86,4.69,D,0
30.58151,74.303,335.88,0.41,0.37,2021-11-15,816,N,VIIRS,n,2,299.47,3,D,0
30.58216,74.33381,347.17,0.41,0.37,2021-11-15,816,N,VIIRS,n,2,310.95,34.32,D,0
30.58253,74.25877,352.83,0.41,0.37,2021-11-15,816,N,VIIRS,n,2,306.18,30.04,D,0
30.5836,74.50248,338.59,0.42,0.38,2021-11-15,816,N,VIIRS,n,2,301.22,2.88,D,0
30.58369,75.306,339.64,0.45,0.39,2021-11-15,816,N,VIIRS,n,2,305.49,5.15,D,0
30.58391,75.9907,333.28,0.47,0.4,2021-11-15,816,N,VIIRS,n,2,300.41,3.92,D,0
30.58409,74.73018,339.12,0.43,0.38,2021-11-15,816,N,VIIRS,n,2,303.65,5.76,D,0
30.5845,72.25043,338.6,0.38,0.36,2021-11-15,816,N,VIIRS,n,2,304.86,11.32,D,0
30.58452,75.99566,332.71,0.48,0.4,2021-11-15,816,N,VIIRS,n,2,298.49,3.92,D,0
30.58455,74.37766,334.37,0.42,0.37,2021-11-15,816,N,VIIRS,n,2,303.47,5.26,D,0
30.58501,74.14867,332.4,0.41,0.37,2021-11-15,816,N,VIIRS,n,2,300.82,1.49,D,0
30.58541,74.73199,334.6,0.43,0.38,2021-11-15,816,N,VIIRS,n,2,302.05,2.87,D,0
30.5856,74.15294,334.78,0.41,0.37,2021-11-15,816,N,VIIRS,n,2,300.42,2.9,D,0
30.58593,75.01442,343.54,0.43,0.38,2021-11-15,816,N,VIIRS,n,2,305.42,6.83,D,0
30.58637,74.20973,338.99,0.41,0.37,2021-11-15,816,N,VIIRS,n,2,302.41,6.37,D,0
30.58682,74.36838,332.37,0.41,0.37,2021-11-15,816,N,VIIRS,n,2,299.42,2.89,D,0
30.58725,75.3054,339.44,0.45,0.39,2021-11-15,816,N,VIIRS,n,2,303.32,4.74,D,0
30.58734,74.34615,340.87,0.41,0.37,2021-11-15,816,N,VIIRS,n,2,308.42,17.68,D,0
30.58792,74.35046,339.74,0.41,0.37,2021-11-15,816,N,VIIRS,n,2,302.81,17.68,D,0
30.58827,72.11808,333.81,0.38,0.36,2021-11-15,816,N,VIIRS,n,2,301.89,2.33,D,0
30.5888,76.3774,332.65,0.49,0.41,2021-11-15,816,N,VIIRS,n,2,301.01,3.95,D,0
30.58921,71.87932,330.33,0.38,0.36,2021-11-15,816,N,VIIRS,l,2,302.13,4.53,D,0
30.59077,74.34552,346.85,0.41,0.37,2021-11-15,816,N,VIIRS,n,2,302.34,12.84,D,0
30.59129,74.32333,332.98,0.41,0.37,2021-11-15,816,N,VIIRS,n,2,299.89,1.83,D,0
30.59158,72.11741,336.18,0.38,0.36,2021-11-15,816,N,VIIRS,n,2,301.08,2.33,D,0
30.59167,74.50999,333.28,0.42,0.38,2021-11-15,816,N,VIIRS,n,2,299.3,2.58,D,0
30.59252,72.14601,332.07,0.38,0.36,2021-11-15,816,N,VIIRS,n,2,300.21,3.09,D,0
30.59292,74.59952,336.34,0.42,0.38,2021-11-15,816,N,VIIRS,n,2,302.1,5.53,D,0
30.59294,74.62654,333.01,0.42,0.38,2021-11-15,816,N,VIIRS,n,2,301.78,1.22,D,0
30.59301,71.66467,336.53,0.38,0.36,2021-11-15,816,N,VIIRS,n,2,301.26,1.94,D,0
30.59312,72.15,344.51,0.38,0.36,2021-11-15,816,N,VIIRS,n,2,301.75,3.09,D,0
30.59365,76.1012,332.2,0.48,0.4,2021-11-15,816,N,VIIRS,n,2,298.65,6.62,D,0
30.59406,74.29192,345.9,0.41,0.37,2021-11-15,816,N,VIIRS,n,2,299.37,5.02,D,0
30.5941,72.22382,336.51,0.38,0.36,2021-11-15,816,N,VIIRS,n,2,301.54,1.61,D,0
30.59421,74.34491,340.07,0.41,0.37,2021-11-15,816,N,VIIRS,n,2,302.23,12.84,D,0
30.59456,74.26979,346.96,0.41,0.37,2021-11-15,816,N,VIIRS,n,2,299.15,6.56,D,0
30.59497,74.22135,342.19,0.41,0.37,2021-11-15,816,N,VIIRS,n,2,298.35,2.8,D,0
30.59515,74.27409,333.47,0.41,0.37,2021-11-15,816,N,VIIRS,n,2,298.45,5.08,D,0
30.59623,74.90173,340.65,0.43,0.38,2021-11-15,816,N,VIIRS,n,2,303.72,7.67,D,0
30.59651,72.23979,330.45,0.38,0.36,2021-11-15,816,N,VIIRS,n,2,299.75,1.5,D,0
30.59697,72.10809,330.25,0.38,0.36,2021-11-15,816,N,VIIRS,n,2,300.28,1.01,D,0
30.59722,74.21216,333.42,0.41,0.37,2021-11-15,816,N,VIIRS,n,2,298.13,2.99,D,0
30.59789,76.16736,332.46,0.48,0.4,2021-11-15,816,N,VIIRS,n,2,300.39,1.37,D,0
30.59888,74.37952,333.16,0.42,0.37,2021-11-15,816,N,VIIRS,n,2,299.55,3.49,D,0
30.59939,74.35725,332.44,0.41,0.37,2021-11-15,816,N,VIIRS,n,2,300.26,1.4,D,0
30.5997,72.52716,334.25,0.39,0.36,2021-11-15,816,N,VIIRS,n,2,299.37,1.25,D,0
30.60026,76.24985,334.06,0.49,0.4,2021-11-15,816,N,VIIRS,n,2,300.35,4.38,D,0
30.60029,75.37953,336.67,0.45,0.39,2021-11-15,816,N,VIIRS,n,2,302.42,3.67,D,0
30.60064,74.21154,339.61,0.41,0.37,2021-11-15,816,N,VIIRS,n,2,308.84,31.78,D,0
30.60081,75.47077,339.35,0.45,0.39,2021-11-15,816,N,VIIRS,n,2,305.13,7.1,D,0
30.60117,76.41772,345.25,0.5,0.41,2021-11-15,816,N,VIIRS,n,2,300.9,6.1,D,0
30.60158,74.32146,331.44,0.41,0.37,2021-11-15,816,N,VIIRS,n,2,300.34,1.33,D,0
30.60166,74.34799,335.59,0.41,0.37,2021-11-15,816,N,VIIRS,n,2,299.67,3.26,D,0
30.60256,74.86845,330.96,0.43,0.38,2021-11-15,816,N,VIIRS,l,2,303.87,1.69,D,0
30.6027,72.12337,330.68,0.38,0.36,2021-11-15,816,N,VIIRS,n,2,300.33,1.92,D,0
30.60357,71.73258,334.92,0.38,0.36,2021-11-15,816,N,VIIRS,n,2,301.11,2.69,D,0
30.6044,75.47017,339.49,0.45,0.39,2021-11-15,816,N,VIIRS,n,2,301.81,7.1,D,0
30.60466,74.39624,337.89,0.42,0.37,2021-11-15,816,N,VIIRS,n,2,301.56,7.28,D,0
30.60509,74.34737,336.02,0.41,0.37,2021-11-15,816,N,VIIRS,n,2,302.7,12.54,D,0
30.60699,74.23235,341.73,0.41,0.37,2021-11-15,816,N,VIIRS,n,2,299.25,4.09,D,0
30.60881,72.20851,334.49,0.38,0.36,2021-11-15,816,N,VIIRS,n,2,302.09,2.2,D,0
30.61159,74.24032,349.69,0.41,0.37,2021-11-15,816,N,VIIRS,n,2,307.49,19.34,D,0
30.61168,74.44836,333.27,0.42,0.37,2021-11-15,816,N,VIIRS,n,2,300.55,1.99,D,0
30.61179,74.29313,332.52,0.41,0.37,2021-11-15,816,N,VIIRS,n,2,300.41,2.41,D,0
30.61218,74.24461,332.61,0.41,0.37,2021-11-15,816,N,VIIRS,n,2,298.3,7.05,D,0
30.61319,74.64554,334.09,0.42,0.38,2021-11-15,816,N,VIIRS,l,2,304.74,4.43,D,0
30.61364,74.33256,340.13,0.41,0.37,2021-11-15,816,N,VIIRS,n,2,300.17,3.14,D,0
30.61513,75.29591,347.61,0.45,0.39,2021-11-15,816,N,VIIRS,n,2,305.73,4.77,D,0
30.61521,74.29251,332.76,0.41,0.37,2021-11-15,816,N,VIIRS,n,2,299.43,2.41,D,0
30.61564,75.21527,338.56,0.44,0.39,2021-11-15,816,N,VIIRS,n,2,303.29,9.63,D,0
30.61623,74.42974,336.35,0.42,0.37,2021-11-15,816,N,VIIRS,n,2,299.47,4.49,D,0
30.61639,76.19538,337.72,0.49,0.4,2021-11-15,816,N,VIIRS,n,2,300.03,4.38,D,0
30.61855,75.18178,330.07,0.44,0.38,2021-11-15,816,N,VIIRS,l,2,302.44,1.72,D,0
30.61857,74.44713,331.54,0.42,0.37,2021-11-15,816,N,VIIRS,n,2,298.51,2.98,D,0
30.61864,71.74182,331.23,0.38,0.36,2021-11-15,816,N,VIIRS,n,2,302.93,1.44,D,0
30.61869,75.2953,331.68,0.45,0.39,2021-11-15,816,N,VIIRS,n,2,300.67,4.77,D,0
30.61903,72.41222,334.64,0.38,0.36,2021-11-15,816,N,VIIRS,n,2,302.39,3.79,D,0
30.61916,74.45148,331.61,0.42,0.37,2021-11-15,816,N,VIIRS,n,2,299.64,2.98,D,0
30.61923,74.2962,333.88,0.41,0.37,2021-11-15,816,N,VIIRS,n,2,300.38,5.25,D,0
30.61969,70.61555,335.72,0.4,0.37,2021-11-15,816,N,VIIRS,n,2,302.17,6.88,D,0
30.62177,74.36653,344.76,0.42,0.37,2021-11-15,816,N,VIIRS,n,2,308.34,19.05,D,0
30.62202,74.44652,331.39,0.42,0.37,2021-11-15,816,N,VIIRS,n,2,297.52,2.98,D,0
30.62312,74.72083,343.92,0.43,0.38,2021-11-15,816,N,VIIRS,n,2,304.98,3.57,D,0
30.62334,75.6815,332.33,0.46,0.39,2021-11-15,816,N,VIIRS,n,2,303.78,2.33,D,0
30.6234,71.72847,339.6,0.38,0.36,2021-11-15,816,N,VIIRS,n,2,302.26,7.06,D,0
30.62357,71.64181,333.75,0.39,0.36,2021-11-15,816,N,VIIRS,n,2,301.78,4.81,D,0
30.62653,74.6658,332.94,0.42,0.38,2021-11-15,816,N,VIIRS,l,2,302.95,4.37,D,0
30.62659,74.72021,344.83,0.43,0.38,2021-11-15,816,N,VIIRS,n,2,303.95,5.01,D,0
30.62693,74.12849,348.84,0.41,0.37,2021-11-15,816,N,VIIRS,n,2,301.45,5.28,D,0
30.62703,74.18102,335.21,0.41,0.37,2021-11-15,816,N,VIIRS,n,2,301.54,5.28,D,0
30.62737,74.33009,334.61,0.41,0.37,2021-11-15,816,N,VIIRS,l,2,304.79,8.1,D,0
30.62756,74.59337,339.48,0.42,0.38,2021-11-15,816,N,VIIRS,n,2,302.31,3.52,D,0
30.62883,74.41858,331.68,0.42,0.37,2021-11-15,816,N,VIIRS,n,2,299.46,3.53,D,0
30.62899,75.87944,332.12,0.47,0.4,2021-11-15,816,N,VIIRS,n,2,300.15,1.39,D,0
30.62972,74.53008,332.63,0.42,0.38,2021-11-15,816,N,VIIRS,n,2,300.21,1.8,D,0
30.62979,71.68178,333.59,0.38,0.36,2021-11-15,816,N,VIIRS,n,2,300.06,2.02,D,0
30.62987,72.25774,331.89,0.38,0.36,2021-11-15,816,N,VIIRS,n,2,301.91,1.53,D,0
30.6302,75.88233,335.38,0.47,0.4,2021-11-15,816,N,VIIRS,n,2,299.89,2.38,D,0
30.63031,74.53445,331.13,0.42,0.38,2021-11-15,816,N,VIIRS,n,2,301.18,3.21,D,0
30.63032,74.35171,338.05,0.41,0.37,2021-11-15,816,N,VIIRS,n,2,300.76,3.76,D,0
30.63062,71.73109,330.75,0.38,0.36,2021-11-15,816,N,VIIRS,n,2,301.62,1.75,D,0
30.63062,75.65079,344.65,0.46,0.39,2021-11-15,816,N,VIIRS,n,2,302.67,5.5,D,0
30.63318,72.25707,333.48,0.38,0.36,2021-11-15,816,N,VIIRS,n,2,301,1.53,D,0
30.63375,74.35108,336.67,0.41,0.37,2021-11-15,816,N,VIIRS,n,2,300.68,5.13,D,0
30.63472,74.30666,342.99,0.41,0.37,2021-11-15,816,N,VIIRS,n,2,300.58,6.12,D,0
30.63501,74.18835,336.46,0.41,0.37,2021-11-15,816,N,VIIRS,n,2,301.65,4.15,D,0
30.63519,74.6507,348.67,0.42,0.38,2021-11-15,816,N,VIIRS,n,2,305.77,13.47,D,0
30.63541,74.98027,337.02,0.43,0.38,2021-11-15,816,N,VIIRS,n,2,306.77,10.51,D,0
30.63548,75.57168,338.91,0.46,0.39,2021-11-15,816,N,VIIRS,n,2,301.89,4.03,D,0
30.63572,74.41735,333.32,0.42,0.37,2021-11-15,816,N,VIIRS,n,2,301.1,2.86,D,0
30.63637,75.23537,336.85,0.44,0.39,2021-11-15,816,N,VIIRS,n,2,301.71,1.87,D,0
30.63659,74.90607,331.14,0.43,0.38,2021-11-15,816,N,VIIRS,n,2,302.17,2.41,D,0
30.63665,75.97401,331.26,0.47,0.4,2021-11-15,816,N,VIIRS,n,2,299.84,1.88,D,0
30.63683,74.25398,346.14,0.41,0.37,2021-11-15,816,N,VIIRS,n,2,300.64,6.62,D,0
30.63844,74.18773,333.4,0.41,0.37,2021-11-15,816,N,VIIRS,n,2,300.84,4.15,D,0
30.63846,75.62496,334.88,0.46,0.39,2021-11-15,816,N,VIIRS,n,2,304.36,2.48,D,0
30.63917,74.29769,333.68,0.41,0.37,2021-11-15,816,N,VIIRS,n,2,301.78,2.19,D,0
30.63955,74.36777,331.07,0.42,0.37,2021-11-15,816,N,VIIRS,l,2,301.44,1.27,D,0
30.6404,72.305,343.14,0.38,0.36,2021-11-15,816,N,VIIRS,n,2,307.05,15.19,D,0
30.64068,74.96545,347.43,0.43,0.38,2021-11-15,816,N,VIIRS,n,2,314.29,37.54,D,0
30.64125,74.85926,334.62,0.43,0.38,2021-11-15,816,N,VIIRS,n,2,302.03,3.79,D,0
30.64127,74.96998,334.37,0.43,0.38,2021-11-15,816,N,VIIRS,n,2,302.18,3.59,D,0
30.64174,75.89241,344.19,0.47,0.4,2021-11-15,816,N,VIIRS,n,2,301.08,7.54,D,0
30.6428,71.6997,337.64,0.38,0.36,2021-11-15,816,N,VIIRS,n,2,303.44,3.42,D,0
30.64368,74.39813,332.53,0.42,0.37,2021-11-15,816,N,VIIRS,n,2,299.85,4.41,D,0
30.64411,74.79919,345.76,0.43,0.38,2021-11-15,816,N,VIIRS,n,2,309.61,20.73,D,0
30.64419,74.96484,348.36,0.43,0.38,2021-11-15,816,N,VIIRS,n,2,303.54,8.51,D,0
30.64478,74.96938,334.33,0.43,0.38,2021-11-15,816,N,VIIRS,n,2,303.35,3.6,D,0
30.64528,75.24806,340.14,0.44,0.39,2021-11-15,816,N,VIIRS,n,2,303.92,5.83,D,0
30.64549,71.69501,331.21,0.38,0.36,2021-11-15,816,N,VIIRS,l,2,301.66,6.35,D,0
30.64604,72.18452,334.7,0.38,0.36,2021-11-15,816,N,VIIRS,n,2,302.52,2.28,D,0
30.64611,71.69901,353.4,0.38,0.36,2021-11-15,816,N,VIIRS,n,2,308.76,21.22,D,0
30.6465,74.87214,344.04,0.43,0.38,2021-11-15,816,N,VIIRS,n,2,302.63,7.92,D,0
30.64665,72.18851,330.78,0.38,0.36,2021-11-15,816,N,VIIRS,l,2,302.09,2.28,D,0
30.64666,74.35387,330.57,0.42,0.37,2021-11-15,816,N,VIIRS,n,2,300.98,1.8,D,0
30.64768,74.25643,334.1,0.41,0.37,2021-11-15,816,N,VIIRS,n,2,298.35,3.07,D,0
30.64795,74.66655,336.76,0.42,0.38,2021-11-15,816,N,VIIRS,n,2,301.99,4.67,D,0
30.64821,74.83051,339.93,0.43,0.38,2021-11-15,816,N,VIIRS,n,2,306.08,4.4,D,0
30.64822,72.31165,336.7,0.38,0.36,2021-11-15,816,N,VIIRS,n,2,304.12,6.1,D,0
30.64928,75.68212,334.48,0.46,0.39,2021-11-15,816,N,VIIRS,n,2,304.1,11.04,D,0
30.64938,74.38822,330.53,0.42,0.37,2021-11-15,816,N,VIIRS,n,2,300.92,2.1,D,0
30.6494,75.11777,346.1,0.44,0.38,2021-11-15,816,N,VIIRS,n,2,306.49,69.6,D,0
30.64995,72.18784,332.72,0.38,0.36,2021-11-15,816,N,VIIRS,n,2,299.58,2.28,D,0
30.65003,75.06616,347.54,0.44,0.38,2021-11-15,816,N,VIIRS,n,2,306.95,12.75,D,0
30.65171,74.82991,336.66,0.43,0.38,2021-11-15,816,N,VIIRS,n,2,303.46,4.4,D,0
30.65235,74.88951,332.53,0.43,0.38,2021-11-15,816,N,VIIRS,l,2,303.46,2.35,D,0
30.65236,71.9161,335.93,0.38,0.36,2021-11-15,816,N,VIIRS,n,2,305.8,8.35,D,0
30.65294,75.11716,367,0.44,0.38,2021-11-15,816,N,VIIRS,h,2,332.32,69.6,D,0
30.65327,74.19381,332.08,0.41,0.37,2021-11-15,816,N,VIIRS,n,2,299.88,2.48,D,0
30.65345,75.77548,338.98,0.47,0.39,2021-11-15,816,N,VIIRS,n,2,302.31,3.37,D,0
30.65348,75.56867,341.36,0.46,0.39,2021-11-15,816,N,VIIRS,n,2,301.18,3.66,D,0
30.65443,72.01858,335.44,0.38,0.36,2021-11-15,816,N,VIIRS,n,2,299.14,2.63,D,0
30.65519,71.71362,332.88,0.38,0.36,2021-11-15,816,N,VIIRS,n,2,302.81,3.4,D,0
30.65534,76.20467,332.77,0.49,0.4,2021-11-15,816,N,VIIRS,n,2,300.39,4.22,D,0
30.65565,74.23736,332.62,0.41,0.37,2021-11-15,816,N,VIIRS,n,2,299.82,2.44,D,0
30.65582,71.71762,333.27,0.38,0.36,2021-11-15,816,N,VIIRS,n,2,301.47,3.4,D,0
30.65628,74.26811,339.98,0.41,0.37,2021-11-15,816,N,VIIRS,n,2,306.34,30.29,D,0
30.65675,71.87814,331.06,0.38,0.36,2021-11-15,816,N,VIIRS,n,2,299.53,1.26,D,0
30.65708,75.56807,353.62,0.46,0.39,2021-11-15,816,N,VIIRS,n,2,313.4,39.46,D,0
30.65712,75.65622,334.86,0.46,0.39,2021-11-15,816,N,VIIRS,n,2,304.56,6.18,D,0
30.65752,75.23896,345.61,0.44,0.39,2021-11-15,816,N,VIIRS,n,2,304.29,10.61,D,0
30.658,75.99592,343.57,0.48,0.4,2021-11-15,816,N,VIIRS,n,2,304.3,16.14,D,0
30.65866,74.80122,339.71,0.43,0.38,2021-11-15,816,N,VIIRS,n,2,304.7,6,D,0
30.6589,75.58241,333.16,0.46,0.39,2021-11-15,816,N,VIIRS,n,2,302.16,5.36,D,0
30.6595,75.5872,333.69,0.46,0.39,2021-11-15,816,N,VIIRS,n,2,304.29,5.36,D,0
30.65987,74.3737,332.48,0.42,0.37,2021-11-15,816,N,VIIRS,n,2,299.81,6.07,D,0
30.66071,75.59677,332.65,0.46,0.39,2021-11-15,816,N,VIIRS,n,2,300.34,1.61,D,0
30.66081,72.44096,345.43,0.38,0.36,2021-11-15,816,N,VIIRS,n,2,301.8,4.93,D,0
30.66095,71.79488,333.15,0.38,0.36,2021-11-15,816,N,VIIRS,n,2,302.67,2.21,D,0
30.66115,74.92952,335.14,0.43,0.38,2021-11-15,816,N,VIIRS,n,2,303.4,3.2,D,0
30.66151,75.3287,334.77,0.45,0.39,2021-11-15,816,N,VIIRS,n,2,301.33,2.13,D,0
30.66166,71.91007,333.98,0.38,0.36,2021-11-15,816,N,VIIRS,n,2,299.63,2.18,D,0
30.66215,74.80061,334.57,0.43,0.38,2021-11-15,816,N,VIIRS,n,2,300.73,6,D,0
30.6622,74.58725,334.41,0.42,0.38,2021-11-15,816,N,VIIRS,n,2,302.6,2.09,D,0
30.66328,75.33064,330.19,0.45,0.39,2021-11-15,816,N,VIIRS,l,2,301.16,1.81,D,0
30.66398,74.51132,339.88,0.42,0.38,2021-11-15,816,N,VIIRS,n,2,304.98,6.62,D,0
30.66453,74.46197,340.8,0.42,0.38,2021-11-15,816,N,VIIRS,n,2,301.05,3.31,D,0
30.66512,75.29946,333.94,0.45,0.39,2021-11-15,816,N,VIIRS,l,2,304.78,29.15,D,0
30.66597,74.51019,346.87,0.42,0.38,2021-11-15,816,N,VIIRS,n,2,304.54,7.08,D,0
30.66608,74.31494,345.5,0.41,0.37,2021-11-15,816,N,VIIRS,n,2,300.31,4.29,D,0
30.66628,74.50194,343,0.42,0.38,2021-11-15,816,N,VIIRS,n,2,304.52,6.27,D,0
30.6664,74.91475,334.24,0.43,0.38,2021-11-15,816,N,VIIRS,l,2,305.03,6.46,D,0
30.66661,74.29274,334.65,0.41,0.37,2021-11-15,816,N,VIIRS,n,2,300.6,3.42,D,0
30.66746,72.34897,331.18,0.38,0.36,2021-11-15,816,N,VIIRS,n,2,301.33,1.35,D,0
30.66947,74.2878,331.63,0.41,0.37,2021-11-15,816,N,VIIRS,n,2,301.1,6.37,D,0
30.66973,74.50132,343.77,0.42,0.38,2021-11-15,816,N,VIIRS,n,2,308.87,29.64,D,0
30.66981,75.78773,334.17,0.47,0.39,2021-11-15,816,N,VIIRS,n,2,304.02,6.56,D,0
30.6699,74.91414,335.28,0.43,0.38,2021-11-15,816,N,VIIRS,n,2,304.07,6.46,D,0
30.67005,74.29211,332.5,0.41,0.37,2021-11-15,816,N,VIIRS,n,2,299.49,6.37,D,0
30.67076,72.3483,331.38,0.38,0.36,2021-11-15,816,N,VIIRS,n,2,301.2,2.85,D,0
30.67213,72.22489,348.11,0.38,0.36,2021-11-15,816,N,VIIRS,n,2,306.5,11.65,D,0
30.67275,72.27419,332.68,0.38,0.36,2021-11-15,816,N,VIIRS,n,2,301.38,2.7,D,0
30.6734,75.90736,333.01,0.47,0.4,2021-11-15,816,N,VIIRS,n,2,301.8,2.56,D,0
30.67401,75.91231,333.26,0.47,0.4,2021-11-15,816,N,VIIRS,n,2,301.25,2.56,D,0
30.67455,75.97799,330.85,0.48,0.4,2021-11-15,816,N,VIIRS,n,2,302.47,2.07,D,0
30.67468,75.00598,333.66,0.44,0.38,2021-11-15,816,N,VIIRS,l,2,304.13,6.16,D,0
30.67548,72.67745,331,0.39,0.36,2021-11-15,816,N,VIIRS,n,2,299.76,2.98,D,0
30.67581,74.95937,336.12,0.43,0.38,2021-11-15,816,N,VIIRS,n,2,305.84,3.99,D,0
30.67595,75.40033,330.18,0.45,0.39,2021-11-15,816,N,VIIRS,n,2,300.31,1.5,D,0
30.67699,74.96844,346.56,0.43,0.38,2021-11-15,816,N,VIIRS,n,2,304.92,5.79,D,0
30.67729,74.21583,346.7,0.41,0.37,2021-11-15,816,N,VIIRS,n,2,301.64,3.97,D,0
30.67744,75.39789,337.76,0.45,0.39,2021-11-15,816,N,VIIRS,n,2,299.75,3.26,D,0
30.6782,75.00537,333.26,0.44,0.38,2021-11-15,816,N,VIIRS,n,2,302.15,3.71,D,0
30.67871,74.33038,352.39,0.41,0.37,2021-11-15,816,N,VIIRS,n,2,302.07,9.68,D,0
30.67929,74.3347,350.51,0.41,0.37,2021-11-15,816,N,VIIRS,n,2,305.43,9.68,D,0
30.67949,75.92654,345.58,0.47,0.4,2021-11-15,816,N,VIIRS,n,2,311.89,21.6,D,0
30.6805,74.96782,340.24,0.43,0.38,2021-11-15,816,N,VIIRS,n,2,301.45,5.1,D,0
30.68085,74.26808,367,0.41,0.37,2021-11-15,816,N,VIIRS,h,2,303.05,8.4,D,0
30.68131,74.78352,332.68,0.43,0.38,2021-11-15,816,N,VIIRS,n,2,300.87,1.91,D,0
30.68189,72.35431,345.88,0.38,0.36,2021-11-15,816,N,VIIRS,n,2,304.52,9.36,D,0
30.68273,74.33409,344.27,0.41,0.37,2021-11-15,816,N,VIIRS,n,2,307.69,42.7,D,0
30.68315,75.92595,344.21,0.47,0.4,2021-11-15,816,N,VIIRS,n,2,300.47,21.6,D,0
30.68442,74.3205,347.64,0.41,0.37,2021-11-15,816,N,VIIRS,n,2,300.75,4.37,D,0
30.68476,72.35415,345.96,0.38,0.36,2021-11-15,816,N,VIIRS,n,2,301.84,14.18,D,0
30.68497,75.79021,346.64,0.47,0.39,2021-11-15,816,N,VIIRS,n,2,302.44,7.32,D,0
30.68506,72.24287,332.43,0.38,0.36,2021-11-15,816,N,VIIRS,n,2,301.29,2.44,D,0
30.68662,74.28471,334.78,0.41,0.37,2021-11-15,816,N,VIIRS,n,2,301.24,3.75,D,0
30.68664,76.10886,342.89,0.48,0.4,2021-11-15,816,N,VIIRS,n,2,304.52,17.44,D,0
30.6868,74.36443,340.33,0.42,0.37,2021-11-15,816,N,VIIRS,n,2,304.52,19.02,D,0
30.68741,75.80977,336.49,0.47,0.4,2021-11-15,816,N,VIIRS,n,2,302.59,12.06,D,0
30.6888,75.37195,332.49,0.45,0.39,2021-11-15,816,N,VIIRS,n,2,302.41,7.48,D,0
30.68939,75.37665,342.62,0.45,0.39,2021-11-15,816,N,VIIRS,n,2,304.43,15.07,D,0
30.68945,71.78075,331.95,0.38,0.36,2021-11-15,816,N,VIIRS,n,2,301.85,1.64,D,0
30.6899,74.98476,337.25,0.43,0.38,2021-11-15,816,N,VIIRS,n,2,303.06,40.32,D,0
30.69005,74.28409,340.46,0.41,0.37,2021-11-15,816,N,VIIRS,n,2,304.91,21.21,D,0
30.69044,75.80428,343.87,0.47,0.4,2021-11-15,816,N,VIIRS,n,2,303.86,12.06,D,0
30.69049,74.98931,336.94,0.43,0.38,2021-11-15,816,N,VIIRS,n,2,303.04,19.55,D,0
30.6913,71.79273,334.28,0.38,0.36,2021-11-15,816,N,VIIRS,n,2,302.32,1.84,D,0
30.69188,71.97387,346.47,0.38,0.36,2021-11-15,816,N,VIIRS,n,2,300.33,6.19,D,0
30.69222,75.75914,330.85,0.47,0.39,2021-11-15,816,N,VIIRS,l,2,300.88,1.69,D,0
30.69273,71.95722,343.02,0.38,0.36,2021-11-15,816,N,VIIRS,n,2,301.15,3.21,D,0
30.69352,75.40961,344,0.45,0.39,2021-11-15,816,N,VIIRS,n,2,302.56,5.28,D,0
30.69395,76.16962,332.14,0.48,0.4,2021-11-15,816,N,VIIRS,n,2,300.09,4.36,D,0
30.69401,74.9887,355.83,0.43,0.38,2021-11-15,816,N,VIIRS,n,2,313.72,19.55,D,0
30.6945,75.65985,340.41,0.46,0.39,2021-11-15,816,N,VIIRS,n,2,303.03,5.94,D,0
30.6946,74.99325,335.99,0.44,0.38,2021-11-15,816,N,VIIRS,n,2,300.27,19.55,D,0
30.69586,76.1228,330.87,0.48,0.4,2021-11-15,816,N,VIIRS,n,2,300.64,4.89,D,0
30.69604,71.95655,341.9,0.38,0.36,2021-11-15,816,N,VIIRS,n,2,300.48,3.21,D,0
30.69676,71.70177,331.61,0.38,0.36,2021-11-15,816,N,VIIRS,n,2,300.79,2.11,D,0
30.69742,74.26067,330.28,0.41,0.37,2021-11-15,816,N,VIIRS,n,2,301.13,1.98,D,0
30.69751,74.65867,339.45,0.42,0.38,2021-11-15,816,N,VIIRS,n,2,304.68,11.16,D,0
30.69783,73.01771,332.34,0.39,0.36,2021-11-15,816,N,VIIRS,n,2,298.61,1.93,D,0
30.69894,76.11715,337.49,0.48,0.4,2021-11-15,816,N,VIIRS,n,2,301.91,4.89,D,0
30.69925,74.72655,346.35,0.43,0.38,2021-11-15,816,N,VIIRS,n,2,304.72,4.11,D,0
30.6999,74.331,351.11,0.41,0.37,2021-11-15,816,N,VIIRS,n,2,304.56,10.41,D,0
30.6999,75.6442,332.73,0.46,0.39,2021-11-15,816,N,VIIRS,n,2,302.03,4.29,D,0
30.70052,75.64901,333.24,0.46,0.39,2021-11-15,816,N,VIIRS,n,2,302.61,4.29,D,0
30.70055,75.03877,342.57,0.44,0.38,2021-11-15,816,N,VIIRS,n,2,302.2,4.13,D,0
30.70068,71.89793,331.14,0.38,0.36,2021-11-15,816,N,VIIRS,n,2,298.12,2.86,D,0
30.70084,74.26005,343.38,0.41,0.37,2021-11-15,816,N,VIIRS,n,2,300.85,4.37,D,0
30.70085,75.6469,344.2,0.46,0.39,2021-11-15,816,N,VIIRS,n,2,304.09,8.66,D,0
30.70126,75.41312,336.41,0.45,0.39,2021-11-15,816,N,VIIRS,n,2,304.7,8.22,D,0
30.70129,71.90192,347.66,0.38,0.36,2021-11-15,816,N,VIIRS,n,2,304.39,19.8,D,0
30.7016,72.33016,331.06,0.38,0.36,2021-11-15,816,N,VIIRS,n,2,300.33,1.63,D,0
30.70264,76.11655,330.91,0.48,0.4,2021-11-15,816,N,VIIRS,n,2,301.49,2.85,D,0
30.70273,74.72593,330.51,0.43,0.38,2021-11-15,816,N,VIIRS,l,2,303.19,4.11,D,0
30.7046,75.58737,341.69,0.46,0.39,2021-11-15,816,N,VIIRS,n,2,304.16,29.24,D,0
30.7051,74.96357,342.84,0.43,0.38,2021-11-15,816,N,VIIRS,n,2,306.2,13.73,D,0
30.70599,74.48141,334.01,0.42,0.38,2021-11-15,816,N,VIIRS,n,2,304.02,2.68,D,0
30.70657,74.48578,334.83,0.42,0.38,2021-11-15,816,N,VIIRS,n,2,303.32,4.67,D,0
30.70698,75.99813,335.68,0.48,0.4,2021-11-15,816,N,VIIRS,n,2,302.98,5.6,D,0
30.70698,76.05937,334.23,0.48,0.4,2021-11-15,816,N,VIIRS,n,2,301.58,7.47,D,0
30.70717,75.14544,341.66,0.44,0.38,2021-11-15,816,N,VIIRS,n,2,302.03,3.9,D,0
30.70741,71.94186,337.68,0.38,0.36,2021-11-15,816,N,VIIRS,n,2,300.5,2.66,D,0
30.70795,76.54768,336.64,0.5,0.41,2021-11-15,816,N,VIIRS,n,2,303.44,9.1,D,0
30.70819,72.37417,330.89,0.38,0.36,2021-11-15,816,N,VIIRS,n,2,300.96,2.05,D,0
30.70822,74.82462,334.96,0.43,0.38,2021-11-15,816,N,VIIRS,n,2,301.44,1.87,D,0
30.70839,71.97049,331.88,0.38,0.36,2021-11-15,816,N,VIIRS,n,2,300.08,2.54,D,0
30.70849,75.71184,334.3,0.46,0.39,2021-11-15,816,N,VIIRS,n,2,299.98,2.93,D,0
30.7085,74.82554,335.49,0.43,0.38,2021-11-15,816,N,VIIRS,n,2,302.16,3.06,D,0
30.70887,74.26743,348.12,0.41,0.37,2021-11-15,816,N,VIIRS,n,2,309.92,26.12,D,0
30.70898,76.55025,345.51,0.5,0.41,2021-11-15,816,N,VIIRS,n,2,303.25,9.16,D,0
30.70904,75.27293,345.41,0.45,0.39,2021-11-15,816,N,VIIRS,n,2,307.72,13.54,D,0
30.70907,74.91194,338.88,0.43,0.38,2021-11-15,816,N,VIIRS,n,2,303.92,5.29,D,0
30.70912,75.71468,333,0.46,0.39,2021-11-15,816,N,VIIRS,n,2,300.87,5.28,D,0
30.70953,74.53465,332.57,0.42,0.38,2021-11-15,816,N,VIIRS,n,2,301.42,1.31,D,0
30.70989,76.27119,347.04,0.49,0.4,2021-11-15,816,N,VIIRS,n,2,305.71,10.62,D,0
30.70993,75.02784,338.58,0.44,0.38,2021-11-15,816,N,VIIRS,n,2,304.13,3.04,D,0
30.7102,75.6671,336.23,0.46,0.39,2021-11-15,816,N,VIIRS,n,2,302.19,4.56,D,0
30.71045,75.66502,332.77,0.46,0.39,2021-11-15,816,N,VIIRS,n,2,301.16,4.4,D,0
30.71071,71.94118,349.53,0.38,0.36,2021-11-15,816,N,VIIRS,n,2,304.23,22.38,D,0
30.71137,75.46454,333.13,0.45,0.39,2021-11-15,816,N,VIIRS,n,2,300.83,2.98,D,0
30.71143,75.67676,340.65,0.46,0.39,2021-11-15,816,N,VIIRS,n,2,301.73,3.71,D,0
30.71172,75.04152,344.01,0.44,0.38,2021-11-15,816,N,VIIRS,n,2,305.14,14.33,D,0
30.71222,75.67953,332.9,0.46,0.39,2021-11-15,816,N,VIIRS,l,2,303.07,9.64,D,0
30.71241,72.35683,338.62,0.38,0.36,2021-11-15,816,N,VIIRS,n,2,301.87,5.86,D,0
30.71247,74.31986,342.6,0.41,0.37,2021-11-15,816,N,VIIRS,n,2,300.85,35.36,D,0
30.7132,75.30558,339.81,0.45,0.39,2021-11-15,816,N,VIIRS,n,2,308.79,29.39,D,0
30.71361,76.27059,334.43,0.49,0.4,2021-11-15,816,N,VIIRS,n,2,301.11,5.01,D,0
30.71434,74.81535,334.07,0.43,0.38,2021-11-15,816,N,VIIRS,n,2,302.41,2.75,D,0
30.7174,75.99135,341.17,0.48,0.4,2021-11-15,816,N,VIIRS,n,2,301.58,4.08,D,0
30.71752,74.48831,337.63,0.42,0.38,2021-11-15,816,N,VIIRS,n,2,304.65,5.75,D,0
30.7178,75.60477,331.63,0.46,0.39,2021-11-15,816,N,VIIRS,n,2,302.05,2.36,D,0
30.71855,74.9566,341.86,0.43,0.38,2021-11-15,816,N,VIIRS,n,2,309.44,25.98,D,0
30.71927,74.50146,334.1,0.42,0.38,2021-11-15,816,N,VIIRS,n,2,303.1,2.37,D,0
30.72028,75.24723,334.67,0.44,0.39,2021-11-15,816,N,VIIRS,n,2,300.94,2.85,D,0
30.72069,74.92022,338.74,0.43,0.38,2021-11-15,816,N,VIIRS,n,2,303.16,3.63,D,0
30.72078,74.91916,334.55,0.43,0.38,2021-11-15,816,N,VIIRS,n,2,303.91,3.33,D,0
30.72085,75.56998,342.74,0.46,0.39,2021-11-15,816,N,VIIRS,n,2,307.63,15.24,D,0
30.72156,74.15507,330.54,0.41,0.37,2021-11-15,816,N,VIIRS,n,2,298.96,1.63,D,0
30.72222,75.01174,337.71,0.44,0.38,2021-11-15,816,N,VIIRS,n,2,304.14,3.18,D,0
30.72277,75.88419,332.66,0.47,0.4,2021-11-15,816,N,VIIRS,n,2,300.61,1.65,D,0
30.72362,74.91508,330.11,0.43,0.38,2021-11-15,816,N,VIIRS,l,2,303.04,2.69,D,0
30.72416,75.74693,332.44,0.47,0.39,2021-11-15,816,N,VIIRS,n,2,299.69,2.42,D,0
30.72419,76.23232,333.65,0.49,0.4,2021-11-15,816,N,VIIRS,n,2,299.38,2.83,D,0
30.7242,74.91961,333.96,0.43,0.38,2021-11-15,816,N,VIIRS,n,2,302.86,3.86,D,0
30.72452,75.4817,338.49,0.45,0.39,2021-11-15,816,N,VIIRS,n,2,309.15,53.88,D,0
30.72475,75.75181,333.4,0.47,0.39,2021-11-15,816,N,VIIRS,n,2,301.54,4.06,D,0
30.72643,75.88359,353.1,0.47,0.4,2021-11-15,816,N,VIIRS,n,2,308.17,29.18,D,0
30.72673,71.97908,334.07,0.38,0.36,2021-11-15,816,N,VIIRS,n,2,300.29,3.59,D,0
30.72769,75.08087,344.26,0.44,0.38,2021-11-15,816,N,VIIRS,n,2,301.27,5.55,D,0
30.72843,72.71253,335.2,0.39,0.36,2021-11-15,816,N,VIIRS,n,2,299.38,3.16,D,0
30.72937,75.01627,334.02,0.44,0.38,2021-11-15,816,N,VIIRS,l,2,304.05,26.94,D,0
30.72986,75.01508,340.07,0.44,0.38,2021-11-15,816,N,VIIRS,n,2,309.99,24.49,D,0
30.73042,75.29789,338.15,0.45,0.39,2021-11-15,816,N,VIIRS,n,2,306.08,29.03,D,0
30.7307,75.80069,341.68,0.47,0.4,2021-11-15,816,N,VIIRS,n,2,304.13,18.06,D,0
30.73114,75.05219,340.93,0.44,0.38,2021-11-15,816,N,VIIRS,n,2,299.7,4.65,D,0
30.7317,75.03454,330.45,0.44,0.38,2021-11-15,816,N,VIIRS,l,2,303.31,2.46,D,0
30.73174,75.05676,340,0.44,0.38,2021-11-15,816,N,VIIRS,n,2,303.82,9.72,D,0
30.73226,75.0333,332.9,0.44,0.38,2021-11-15,816,N,VIIRS,n,2,302.49,2.42,D,0
30.73233,75.87569,340.51,0.47,0.4,2021-11-15,816,N,VIIRS,n,2,300.08,6.18,D,0
30.73312,75.87746,333.49,0.47,0.4,2021-11-15,816,N,VIIRS,n,2,300.34,3.88,D,0
30.73414,74.91325,337.66,0.43,0.38,2021-11-15,816,N,VIIRS,n,2,306.65,12.54,D,0
30.73434,75.80009,344.45,0.47,0.4,2021-11-15,816,N,VIIRS,n,2,299.22,6.29,D,0
30.73577,75.06659,341.31,0.44,0.38,2021-11-15,816,N,VIIRS,n,2,304,5.15,D,0
30.73647,75.0653,345.35,0.44,0.38,2021-11-15,816,N,VIIRS,n,2,303.98,5.32,D,0
30.73675,72.02235,332.48,0.38,0.36,2021-11-15,816,N,VIIRS,n,2,300.81,0.98,D,0
30.73685,75.23492,337.77,0.44,0.39,2021-11-15,816,N,VIIRS,n,2,303.07,3.91,D,0
30.73694,75.29202,342.68,0.45,0.39,2021-11-15,816,N,VIIRS,n,2,308.55,10.78,D,0
30.73767,75.55739,332.87,0.46,0.39,2021-11-15,816,N,VIIRS,n,2,303.64,2.58,D,0
30.73882,75.98277,349.37,0.48,0.4,2021-11-15,816,N,VIIRS,n,2,305.34,13.44,D,0
30.73899,76.10558,336.62,0.48,0.4,2021-11-15,816,N,VIIRS,n,2,306.09,19.8,D,0
30.73935,75.31071,346.11,0.45,0.39,2021-11-15,816,N,VIIRS,n,2,304.76,23.86,D,0
30.74007,72.76826,333.12,0.39,0.36,2021-11-15,816,N,VIIRS,n,2,301.51,1.93,D,0
30.74051,75.29141,347.52,0.45,0.39,2021-11-15,816,N,VIIRS,n,2,306.71,10.78,D,0
30.74111,75.29608,337.28,0.45,0.39,2021-11-15,816,N,VIIRS,n,2,302.78,10.78,D,0
30.74169,75.02814,344.18,0.44,0.38,2021-11-15,816,N,VIIRS,n,2,303.57,11.07,D,0
30.74177,75.98553,333.19,0.48,0.4,2021-11-15,816,N,VIIRS,n,2,301.78,5.61,D,0
30.74279,72.76357,330.56,0.39,0.36,2021-11-15,816,N,VIIRS,n,2,299.8,2.33,D,0
30.74396,76.14606,344.46,0.48,0.4,2021-11-15,816,N,VIIRS,n,2,304.37,14.67,D,0
30.74462,75.26688,345.24,0.45,0.39,2021-11-15,816,N,VIIRS,n,2,302.31,5.73,D,0
30.74468,74.34957,333.65,0.42,0.37,2021-11-15,816,N,VIIRS,n,2,303.67,3.13,D,0
30.74527,74.35392,337.63,0.42,0.37,2021-11-15,816,N,VIIRS,n,2,302.31,4.74,D,0
30.74548,75.53169,333.61,0.46,0.39,2021-11-15,816,N,VIIRS,n,2,303.29,5.18,D,0
30.74642,75.28086,344.42,0.45,0.39,2021-11-15,816,N,VIIRS,n,2,305,8.75,D,0
30.74696,74.81883,330.01,0.43,0.38,2021-11-15,816,N,VIIRS,l,2,304.22,1.33,D,0
30.74752,75.07394,334.3,0.44,0.38,2021-11-15,816,N,VIIRS,n,2,301.54,4.27,D,0
30.74767,76.14546,341.82,0.48,0.4,2021-11-15,816,N,VIIRS,n,2,298.87,14.67,D,0
30.74773,75.34758,336.61,0.45,0.39,2021-11-15,816,N,VIIRS,n,2,306.68,29.09,D,0
30.74797,71.72415,335.39,0.38,0.36,2021-11-15,816,N,VIIRS,n,2,303.65,31.35,D,0
30.74968,75.53587,340.33,0.46,0.39,2021-11-15,816,N,VIIRS,n,2,305.27,5.18,D,0
30.74999,75.28026,340.27,0.45,0.39,2021-11-15,816,N,VIIRS,n,2,301.69,5.88,D,0
30.75046,74.81822,330.38,0.43,0.38,2021-11-15,816,N,VIIRS,l,2,304.05,1.33,D,0
30.75048,74.84581,335.03,0.43,0.38,2021-11-15,816,N,VIIRS,n,2,302.88,1.53,D,0
30.75065,76.07797,333.54,0.48,0.4,2021-11-15,816,N,VIIRS,n,2,303.5,9.62,D,0
30.75073,75.37108,345.29,0.45,0.39,2021-11-15,816,N,VIIRS,n,2,304.87,8.92,D,0
30.75134,75.37578,334.67,0.45,0.39,2021-11-15,816,N,VIIRS,n,2,302.19,4.46,D,0
30.75137,75.40466,330.94,0.45,0.39,2021-11-15,816,N,VIIRS,l,2,301.52,1.85,D,0
30.7517,72.03666,333.05,0.38,0.36,2021-11-15,816,N,VIIRS,n,2,299.37,2.8,D,0
30.75312,76.08092,332.59,0.48,0.4,2021-11-15,816,N,VIIRS,n,2,299.68,2.76,D,0
30.75387,75.18117,338.43,0.44,0.39,2021-11-15,816,N,VIIRS,n,2,300.24,5.06,D,0
30.75395,74.81761,334.83,0.43,0.38,2021-11-15,816,N,VIIRS,n,2,301.57,1.96,D,0
30.75431,75.37048,342.2,0.45,0.39,2021-11-15,816,N,VIIRS,n,2,304.47,15.59,D,0
30.75436,75.81179,332.68,0.47,0.4,2021-11-15,816,N,VIIRS,n,2,298.67,3.56,D,0
30.75491,75.37518,335.29,0.45,0.39,2021-11-15,816,N,VIIRS,n,2,301.79,5.25,D,0
30.75508,75.17971,340.54,0.44,0.39,2021-11-15,816,N,VIIRS,n,2,301.63,4.61,D,0
30.75622,72.04398,337.68,0.38,0.36,2021-11-15,816,N,VIIRS,n,2,302.2,6.46,D,0
30.75674,75.23283,333.04,0.44,0.39,2021-11-15,816,N,VIIRS,n,2,302.63,5.05,D,0
30.75686,74.8125,333.64,0.43,0.38,2021-11-15,816,N,VIIRS,n,2,302.31,1.96,D,0
30.75788,75.36986,347.25,0.45,0.39,2021-11-15,816,N,VIIRS,n,2,303.16,15.59,D,0
30.75821,71.99001,335.48,0.38,0.36,2021-11-15,816,N,VIIRS,n,2,300.74,3.76,D,0
30.75878,75.23593,347.97,0.44,0.39,2021-11-15,816,N,VIIRS,n,2,307.03,15.06,D,0
30.75939,74.61603,336.53,0.42,0.38,2021-11-15,816,N,VIIRS,n,2,302.88,3.89,D,0
30.7603,75.23223,335.35,0.44,0.39,2021-11-15,816,N,VIIRS,n,2,302.12,5.05,D,0
30.76088,75.23689,334.97,0.44,0.39,2021-11-15,816,N,VIIRS,n,2,302.58,5.05,D,0
30.76107,75.01078,343.27,0.44,0.38,2021-11-15,816,N,VIIRS,n,2,304.63,6.53,D,0
30.7616,74.87614,346.13,0.43,0.38,2021-11-15,816,N,VIIRS,n,2,305.14,8.25,D,0
30.7622,75.46084,337.53,0.45,0.39,2021-11-15,816,N,VIIRS,n,2,303.14,4.38,D,0
30.76302,74.4847,344.5,0.42,0.38,2021-11-15,816,N,VIIRS,n,2,303.83,3.32,D,0
30.76343,75.85548,333.89,0.47,0.4,2021-11-15,816,N,VIIRS,n,2,298.8,2.43,D,0
30.76401,75.06171,338.65,0.44,0.38,2021-11-15,816,N,VIIRS,n,2,301.62,4.85,D,0
30.76425,71.8074,345.64,0.38,0.36,2021-11-15,816,N,VIIRS,n,2,302.52,6.31,D,0
30.76677,76.03764,334.27,0.48,0.4,2021-11-15,816,N,VIIRS,n,2,299.88,4.57,D,0
30.7668,74.83376,335.8,0.43,0.38,2021-11-15,816,N,VIIRS,n,2,302.73,2.49,D,0
30.76978,76.06281,332.65,0.48,0.4,2021-11-15,816,N,VIIRS,n,2,299.78,3.5,D,0
30.772,75.7739,336.19,0.47,0.39,2021-11-15,816,N,VIIRS,n,2,300.34,6.13,D,0
30.77221,74.98556,332.64,0.44,0.38,2021-11-15,816,N,VIIRS,n,2,304.09,2.4,D,0
30.77287,76.05717,345.69,0.48,0.4,2021-11-15,816,N,VIIRS,n,2,302.95,8.45,D,0
30.77335,74.93887,334.36,0.43,0.38,2021-11-15,816,N,VIIRS,n,2,302.68,4.29,D,0
30.77346,74.36324,334.6,0.42,0.37,2021-11-15,816,N,VIIRS,n,2,303.86,8.28,D,0
30.77351,74.69525,347.19,0.43,0.38,2021-11-15,816,N,VIIRS,n,2,305.81,8.59,D,0
30.77695,75.10645,334.09,0.44,0.38,2021-11-15,816,N,VIIRS,n,2,302.54,4.49,D,0
30.77737,76.22211,331.31,0.49,0.4,2021-11-15,816,N,VIIRS,n,2,300.55,2.95,D,0
30.77742,74.91499,339.1,0.43,0.38,2021-11-15,816,N,VIIRS,n,2,303.59,5.72,D,0
30.77742,75.28172,342.57,0.45,0.39,2021-11-15,816,N,VIIRS,n,2,310.27,25.79,D,0
30.77806,75.76293,334.03,0.47,0.39,2021-11-15,816,N,VIIRS,n,2,302.01,4.43,D,0
30.77867,75.76781,337.23,0.47,0.39,2021-11-15,816,N,VIIRS,n,2,299.01,4.43,D,0
30.77967,74.30433,336.2,0.41,0.37,2021-11-15,816,N,VIIRS,n,2,303.89,6.7,D,0
30.78038,74.93767,334.13,0.43,0.38,2021-11-15,816,N,VIIRS,n,2,301.1,4.08,D,0
30.78084,71.91531,330.39,0.38,0.36,2021-11-15,816,N,VIIRS,n,2,298.84,1.71,D,0
30.78459,75.05348,331.17,0.44,0.38,2021-11-15,816,N,VIIRS,n,2,303.81,1.92,D,0
30.78461,75.16644,332.73,0.44,0.39,2021-11-15,816,N,VIIRS,n,2,301.91,1.63,D,0
30.78471,76.44973,334.15,0.5,0.41,2021-11-15,816,N,VIIRS,n,2,301.89,7.57,D,0
30.78493,72.16586,331.82,0.38,0.36,2021-11-15,816,N,VIIRS,n,2,299.52,1.4,D,0
30.78671,75.45187,346.92,0.45,0.39,2021-11-15,816,N,VIIRS,n,2,303.82,4.96,D,0
30.78707,74.77052,336.75,0.43,0.38,2021-11-15,816,N,VIIRS,n,2,304.87,3.06,D,0
30.78785,75.45317,346.89,0.45,0.39,2021-11-15,816,N,VIIRS,n,2,302.74,6.43,D,0
30.788,74.94099,340.87,0.43,0.38,2021-11-15,816,N,VIIRS,n,2,304.24,10.38,D,0
30.788,75.36619,331.36,0.45,0.39,2021-11-15,816,N,VIIRS,n,2,300.23,3.07,D,0
30.78898,74.37382,332.85,0.42,0.37,2021-11-15,816,N,VIIRS,n,2,301.78,3.62,D,0
30.78937,76.35697,331.97,0.5,0.41,2021-11-15,816,N,VIIRS,n,2,299.59,2.61,D,0
30.78956,74.37817,333.03,0.42,0.37,2021-11-15,816,N,VIIRS,n,2,301.76,3.62,D,0
30.78969,74.89898,333.36,0.43,0.38,2021-11-15,816,N,VIIRS,n,2,302.56,3.55,D,0
30.7899,75.06663,331.03,0.44,0.38,2021-11-15,816,N,VIIRS,l,2,304.51,4.7,D,0
30.79,75.59274,339.72,0.46,0.39,2021-11-15,816,N,VIIRS,n,2,306.86,15.61,D,0
30.79049,75.07122,334.92,0.44,0.38,2021-11-15,816,N,VIIRS,n,2,304.19,4.7,D,0
30.79077,75.71605,333.78,0.46,0.39,2021-11-15,816,N,VIIRS,n,2,302.08,3.41,D,0
30.79178,75.57773,336.65,0.46,0.39,2021-11-15,816,N,VIIRS,n,2,304.14,5.61,D,0
30.7928,75.34615,335.01,0.45,0.39,2021-11-15,816,N,VIIRS,n,2,303.17,3.26,D,0
30.79402,75.07061,335.74,0.44,0.38,2021-11-15,816,N,VIIRS,l,2,305.85,28.09,D,0
30.79448,74.71892,331.39,0.43,0.38,2021-11-15,816,N,VIIRS,l,2,306.26,1.3,D,0
30.79702,75.50358,340.7,0.46,0.39,2021-11-15,816,N,VIIRS,n,2,300.78,3.47,D,0
30.79703,76.29236,332.07,0.49,0.4,2021-11-15,816,N,VIIRS,n,2,300.91,5.27,D,0
30.7972,74.48869,330.78,0.42,0.38,2021-11-15,816,N,VIIRS,l,2,305.66,6.52,D,0
30.79733,75.50019,332.11,0.46,0.39,2021-11-15,816,N,VIIRS,n,2,301.97,2.07,D,0
30.79741,75.70998,346.02,0.46,0.39,2021-11-15,816,N,VIIRS,n,2,302.3,7.08,D,0
30.79755,75.35496,335.44,0.45,0.39,2021-11-15,816,N,VIIRS,l,2,306.17,18.05,D,0
30.79762,74.7962,334.34,0.43,0.38,2021-11-15,816,N,VIIRS,n,2,305.5,8.25,D,0
30.79764,76.29752,334.88,0.49,0.4,2021-11-15,816,N,VIIRS,n,2,300.3,5.27,D,0
30.79778,74.49308,334.44,0.42,0.38,2021-11-15,816,N,VIIRS,n,2,304.22,6.52,D,0
30.79801,76.10975,331.41,0.48,0.4,2021-11-15,816,N,VIIRS,n,2,299.62,2.34,D,0
30.7982,75.27341,345.38,0.45,0.39,2021-11-15,816,N,VIIRS,n,2,306.62,13.86,D,0
30.79916,75.48528,346.8,0.45,0.39,2021-11-15,816,N,VIIRS,n,2,300.64,7.22,D,0
30.80022,75.58613,333.03,0.46,0.39,2021-11-15,816,N,VIIRS,n,2,300.89,1.92,D,0
30.80033,74.95277,335.7,0.43,0.38,2021-11-15,816,N,VIIRS,n,2,306.11,4.16,D,0
30.80065,74.48808,335,0.42,0.38,2021-11-15,816,N,VIIRS,n,2,304.57,6.52,D,0
30.80073,75.58766,334.4,0.46,0.39,2021-11-15,816,N,VIIRS,n,2,302.66,3.6,D,0
30.80074,74.87394,333.53,0.43,0.38,2021-11-15,816,N,VIIRS,n,2,303.6,2.25,D,0
30.80108,75.0694,345.97,0.44,0.38,2021-11-15,816,N,VIIRS,n,2,303.09,12.08,D,0
30.80113,75.35435,334.56,0.45,0.39,2021-11-15,816,N,VIIRS,n,2,301.02,11.5,D,0
30.80227,75.07858,336,0.44,0.38,2021-11-15,816,N,VIIRS,n,2,303,3.92,D,0
30.80238,76.05239,332.38,0.48,0.4,2021-11-15,816,N,VIIRS,n,2,300.59,3.66,D,0
30.80267,76.27567,331.94,0.49,0.4,2021-11-15,816,N,VIIRS,n,2,299.69,2.3,D,0
30.80273,76.2442,345.59,0.49,0.4,2021-11-15,816,N,VIIRS,n,2,300.51,5.64,D,0
30.8029,75.36848,333.43,0.45,0.39,2021-11-15,816,N,VIIRS,n,2,301.45,12.33,D,0
30.80349,75.37321,341.3,0.45,0.39,2021-11-15,816,N,VIIRS,n,2,306.84,12.33,D,0
30.80372,74.3,333.58,0.41,0.37,2021-11-15,816,N,VIIRS,n,2,301.48,5.17,D,0
30.80383,75.58553,333.9,0.46,0.39,2021-11-15,816,N,VIIRS,n,2,300.75,3.04,D,0
30.80384,74.95216,336.47,0.43,0.38,2021-11-15,816,N,VIIRS,n,2,303.13,4.16,D,0
30.80411,75.73374,334.01,0.47,0.39,2021-11-15,816,N,VIIRS,n,2,304.36,5.17,D,0
30.80434,75.58705,332.16,0.46,0.39,2021-11-15,816,N,VIIRS,n,2,299.72,3.6,D,0
30.80462,75.06879,347.05,0.44,0.38,2021-11-15,816,N,VIIRS,n,2,306.78,12.08,D,0
30.80517,75.04525,335.25,0.44,0.38,2021-11-15,816,N,VIIRS,n,2,302.76,2.55,D,0
30.80581,75.07797,331.48,0.44,0.38,2021-11-15,816,N,VIIRS,n,2,299.81,3.92,D,0
30.80592,75.27687,345.22,0.45,0.39,2021-11-15,816,N,VIIRS,n,2,306.6,16.84,D,0
30.80774,75.73314,338.85,0.47,0.39,2021-11-15,816,N,VIIRS,n,2,301.19,5.08,D,0
30.80801,74.98405,330.78,0.44,0.38,2021-11-15,816,N,VIIRS,l,2,304.11,0.8,D,0
30.80816,76.3222,333.07,0.49,0.41,2021-11-15,816,N,VIIRS,n,2,300.44,2.31,D,0
30.80881,75.65363,332.05,0.46,0.39,2021-11-15,816,N,VIIRS,n,2,302.25,2.29,D,0
30.80998,74.83543,331.3,0.43,0.38,2021-11-15,816,N,VIIRS,l,2,304.05,3.56,D,0
30.81008,75.30965,343.44,0.45,0.39,2021-11-15,816,N,VIIRS,n,2,301.93,4.14,D,0
30.81126,75.31903,331.45,0.45,0.39,2021-11-15,816,N,VIIRS,n,2,300.18,2.24,D,0
30.81235,75.12862,330.17,0.44,0.38,2021-11-15,816,N,VIIRS,n,2,301.24,2.08,D,0
30.81321,74.42306,333.47,0.42,0.38,2021-11-15,816,N,VIIRS,n,2,302.88,2.31,D,0
30.81364,75.30904,331.84,0.45,0.39,2021-11-15,816,N,VIIRS,n,2,301.38,4.14,D,0
30.81404,75.54622,333.46,0.46,0.39,2021-11-15,816,N,VIIRS,n,2,302.88,6.06,D,0
30.81447,76.27905,330.06,0.49,0.4,2021-11-15,816,N,VIIRS,n,2,300.33,2.55,D,0
30.81483,75.2897,338.85,0.45,0.39,2021-11-15,816,N,VIIRS,n,2,302.51,9.87,D,0
30.81638,74.82971,335.74,0.43,0.38,2021-11-15,816,N,VIIRS,n,2,305.74,2.36,D,0
30.81651,76.10675,342.55,0.48,0.4,2021-11-15,816,N,VIIRS,n,2,300.4,4.48,D,0
30.81699,74.83096,333.47,0.43,0.38,2021-11-15,816,N,VIIRS,n,2,305,2.12,D,0
30.81803,74.53901,344.91,0.42,0.38,2021-11-15,816,N,VIIRS,n,2,306.83,13.45,D,0
30.82048,74.34588,341.58,0.42,0.37,2021-11-15,816,N,VIIRS,n,2,305.11,6.37,D,0
30.82051,74.80272,338.73,0.43,0.38,2021-11-15,816,N,VIIRS,n,2,301.01,2.71,D,0
30.8216,74.6198,341.25,0.42,0.38,2021-11-15,816,N,VIIRS,l,2,311.71,36.27,D,0
30.82193,72.00582,346.22,0.38,0.36,2021-11-15,816,N,VIIRS,n,2,308.02,14.58,D,0
30.82229,75.64315,334.35,0.46,0.39,2021-11-15,816,N,VIIRS,n,2,301.9,6.26,D,0
30.82251,75.49596,333.5,0.46,0.39,2021-11-15,816,N,VIIRS,n,2,302.63,4.02,D,0
30.82276,75.7075,330.17,0.46,0.39,2021-11-15,816,N,VIIRS,l,2,302.29,2.39,D,0
30.82293,75.09854,335.1,0.44,0.38,2021-11-15,816,N,VIIRS,n,2,301.54,2.2,D,0
30.82344,75.71066,333.3,0.46,0.39,2021-11-15,816,N,VIIRS,n,2,303.05,2.24,D,0
30.824,74.80211,338.18,0.43,0.38,2021-11-15,816,N,VIIRS,n,2,303.27,3.22,D,0
30.82433,75.45187,331.86,0.45,0.39,2021-11-15,816,N,VIIRS,n,2,301.26,3.15,D,0
30.82453,76.07967,334.77,0.48,0.4,2021-11-15,816,N,VIIRS,n,2,299.52,4.26,D,0
30.82507,74.61919,347.34,0.42,0.38,2021-11-15,816,N,VIIRS,n,2,304.08,36.27,D,0
30.82523,72.00514,347.74,0.38,0.36,2021-11-15,816,N,VIIRS,n,2,302.47,14.58,D,0
30.82566,74.62363,344.05,0.42,0.38,2021-11-15,816,N,VIIRS,n,2,307.21,36.27,D,0
30.82672,75.47092,332.84,0.45,0.39,2021-11-15,816,N,VIIRS,n,2,303.44,6.77,D,0
30.82677,75.85515,351.85,0.47,0.4,2021-11-15,816,N,VIIRS,n,2,311.76,38.31,D,0
30.82698,75.71177,331.27,0.46,0.39,2021-11-15,816,N,VIIRS,n,2,301.18,2.39,D,0
30.82724,75.5636,352.44,0.46,0.39,2021-11-15,816,N,VIIRS,n,2,308.92,19.77,D,0
30.82731,75.47568,332.44,0.45,0.39,2021-11-15,816,N,VIIRS,n,2,300.59,6.77,D,0
30.82792,75.45128,330.6,0.45,0.39,2021-11-15,816,N,VIIRS,n,2,299.21,4.4,D,0
30.82852,75.45604,332.11,0.45,0.39,2021-11-15,816,N,VIIRS,n,2,299.88,4.4,D,0
30.8318,75.72093,333.28,0.47,0.39,2021-11-15,816,N,VIIRS,l,2,303.48,3.24,D,0
30.83249,76.02187,343.69,0.48,0.4,2021-11-15,816,N,VIIRS,n,2,304.03,10.91,D,0
30.83251,76.27091,345.9,0.49,0.4,2021-11-15,816,N,VIIRS,n,2,299.56,5.27,D,0
30.83365,76.37646,332.61,0.5,0.41,2021-11-15,816,N,VIIRS,n,2,301.73,3.18,D,0
30.83389,74.74072,335.25,0.43,0.38,2021-11-15,816,N,VIIRS,n,2,305.36,5.94,D,0
30.83748,76.12405,336.89,0.48,0.4,2021-11-15,816,N,VIIRS,n,2,302.54,5.17,D,0
30.83846,75.19041,339.31,0.44,0.39,2021-11-15,816,N,VIIRS,n,2,303.33,5.68,D,0
30.83984,75.34299,334.07,0.45,0.39,2021-11-15,816,N,VIIRS,n,2,302.1,3.18,D,0
30.84049,75.46374,336.66,0.45,0.39,2021-11-15,816,N,VIIRS,n,2,305.28,6.3,D,0
30.84146,74.96573,336.46,0.44,0.38,2021-11-15,816,N,VIIRS,n,2,304.74,9.16,D,0
30.84155,74.47628,335.15,0.42,0.38,2021-11-15,816,N,VIIRS,l,2,305.42,9.21,D,0
30.84162,75.62019,344.32,0.46,0.39,2021-11-15,816,N,VIIRS,n,2,304.03,4.45,D,0
30.84246,76.25882,340.86,0.49,0.4,2021-11-15,816,N,VIIRS,n,2,303.44,6.61,D,0
30.84321,74.75742,332.05,0.43,0.38,2021-11-15,816,N,VIIRS,n,2,304.5,1.86,D,0
30.84433,76.24279,332.75,0.49,0.4,2021-11-15,816,N,VIIRS,n,2,300.07,2.16,D,0
30.84527,75.4435,331.07,0.45,0.39,2021-11-15,816,N,VIIRS,n,2,300.91,3.29,D,0
30.84634,75.71854,330.44,0.47,0.39,2021-11-15,816,N,VIIRS,n,2,300.27,1.48,D,0
30.84742,76.33183,342.32,0.49,0.41,2021-11-15,816,N,VIIRS,n,2,302.52,5.16,D,0
30.848,74.34093,341.63,0.42,0.37,2021-11-15,816,N,VIIRS,n,2,304.23,7.04,D,0
30.84826,75.61416,345.87,0.46,0.39,2021-11-15,816,N,VIIRS,n,2,304.2,9.53,D,0
30.84828,75.55519,337.37,0.46,0.39,2021-11-15,816,N,VIIRS,n,2,301.35,5.39,D,0
30.84867,75.26962,334.11,0.45,0.39,2021-11-15,816,N,VIIRS,n,2,301.31,36.01,D,0
30.85304,76.31507,335.41,0.49,0.41,2021-11-15,816,N,VIIRS,n,2,302.94,11.43,D,0
30.85318,75.00106,337.33,0.44,0.38,2021-11-15,816,N,VIIRS,n,2,305.74,5.97,D,0
30.85645,75.30178,330.76,0.45,0.39,2021-11-15,816,N,VIIRS,n,2,301.85,1.87,D,0
30.85655,74.48259,345.02,0.42,0.38,2021-11-15,816,N,VIIRS,n,2,302.05,10.42,D,0
30.85668,71.87951,346.68,0.38,0.36,2021-11-15,816,N,VIIRS,n,2,302.96,5.57,D,0
30.85739,76.28801,338.49,0.49,0.4,2021-11-15,816,N,VIIRS,n,2,301.28,6.8,D,0
30.85952,75.3541,339.55,0.45,0.39,2021-11-15,816,N,VIIRS,n,2,304.19,8.94,D,0
30.85953,75.1363,336.53,0.44,0.38,2021-11-15,816,N,VIIRS,n,2,305.31,12.16,D,0
30.85963,75.44109,333.2,0.45,0.39,2021-11-15,816,N,VIIRS,l,2,303.7,6.33,D,0
30.85965,75.73626,333.04,0.47,0.39,2021-11-15,816,N,VIIRS,n,2,301.64,1.98,D,0
30.85974,74.58584,342.36,0.42,0.38,2021-11-15,816,N,VIIRS,n,2,305.49,12.98,D,0
30.85989,76.30871,347.58,0.49,0.41,2021-11-15,816,N,VIIRS,n,2,301.46,10.43,D,0
30.86009,72.21246,336.72,0.38,0.36,2021-11-15,816,N,VIIRS,n,2,302.9,9.41,D,0
30.86068,75.33466,335.03,0.45,0.39,2021-11-15,816,N,VIIRS,l,2,305.34,5.6,D,0
30.86143,76.06032,335.32,0.48,0.4,2021-11-15,816,N,VIIRS,n,2,303.37,6.46,D,0
30.86363,76.30811,345.55,0.49,0.41,2021-11-15,816,N,VIIRS,n,2,299.03,6.26,D,0
30.86392,76.06303,336.33,0.48,0.4,2021-11-15,816,N,VIIRS,n,2,303.6,8.83,D,0
30.86425,75.33405,347.93,0.45,0.39,2021-11-15,816,N,VIIRS,n,2,304.3,12.49,D,0
30.86723,74.88689,344.97,0.43,0.38,2021-11-15,816,N,VIIRS,n,2,307.01,13.33,D,0
30.86783,75.0877,335.35,0.44,0.38,2021-11-15,816,N,VIIRS,n,2,309.07,20.82,D,0
30.869,74.90049,334.01,0.43,0.38,2021-11-15,816,N,VIIRS,n,2,302.86,1.98,D,0
30.8697,75.3765,344.6,0.45,0.39,2021-11-15,816,N,VIIRS,n,2,309.85,16.19,D,0
30.86975,75.40549,337.41,0.45,0.39,2021-11-15,816,N,VIIRS,n,2,302.4,3.95,D,0
30.86996,75.72957,331.96,0.47,0.39,2021-11-15,816,N,VIIRS,n,2,300.41,3.67,D,0
30.87132,74.89081,334.55,0.43,0.38,2021-11-15,816,N,VIIRS,n,2,301.26,1.91,D,0
30.8725,74.89987,334.07,0.43,0.38,2021-11-15,816,N,VIIRS,l,2,304.78,5.77,D,0
30.87296,74.79353,336.27,0.43,0.38,2021-11-15,816,N,VIIRS,l,2,308,13.76,D,0
30.87327,75.37589,347.37,0.45,0.39,2021-11-15,816,N,VIIRS,n,2,301.24,16.19,D,0
30.87429,75.1385,348.22,0.44,0.39,2021-11-15,816,N,VIIRS,n,2,301.38,16.88,D,0
30.87532,74.81154,334.3,0.43,0.38,2021-11-15,816,N,VIIRS,n,2,305.14,2.33,D,0
30.87544,75.17621,345.44,0.44,0.39,2021-11-15,816,N,VIIRS,n,2,305.09,10.03,D,0
30.87783,75.13789,341.69,0.44,0.39,2021-11-15,816,N,VIIRS,n,2,305.25,16.88,D,0
30.87844,75.67842,344.75,0.46,0.39,2021-11-15,816,N,VIIRS,n,2,303.18,6.07,D,0
30.88025,72.05617,330.09,0.38,0.36,2021-11-15,816,N,VIIRS,n,2,297.86,2.33,D,0
30.88208,75.70766,339.4,0.47,0.39,2021-11-15,816,N,VIIRS,n,2,302.04,8.19,D,0
30.88366,76.02585,338.73,0.48,0.4,2021-11-15,816,N,VIIRS,n,2,303.85,5.62,D,0
30.88618,75.56358,333.22,0.46,0.39,2021-11-15,816,N,VIIRS,n,2,302.91,5.93,D,0
30.88734,76.02526,342.01,0.48,0.4,2021-11-15,816,N,VIIRS,n,2,299.38,5.62,D,0
30.88888,75.34129,334.9,0.45,0.39,2021-11-15,816,N,VIIRS,n,2,304.84,17.13,D,0
30.88895,74.37006,336.86,0.42,0.37,2021-11-15,816,N,VIIRS,n,2,301.04,5.16,D,0
30.88917,76.04037,337.38,0.48,0.4,2021-11-15,816,N,VIIRS,n,2,304.07,4.17,D,0
30.89087,76.11757,330.01,0.48,0.4,2021-11-15,816,N,VIIRS,n,2,301.96,2.09,D,0
30.8917,76.31952,331.2,0.49,0.41,2021-11-15,816,N,VIIRS,n,2,298.72,1.59,D,0
30.89284,72.66071,345.45,0.39,0.36,2021-11-15,816,N,VIIRS,n,2,302.71,6.7,D,0
30.89298,74.37381,346.18,0.42,0.37,2021-11-15,816,N,VIIRS,n,2,303.39,6.95,D,0
30.89318,75.20169,337.92,0.44,0.39,2021-11-15,816,N,VIIRS,n,2,301.99,6.77,D,0
30.8948,72.15223,333.56,0.38,0.36,2021-11-15,816,N,VIIRS,n,2,300.73,2.97,D,0
30.89643,74.37319,340.44,0.42,0.37,2021-11-15,816,N,VIIRS,n,2,301.52,8.72,D,0
30.89665,72.20963,335.82,0.38,0.36,2021-11-15,816,N,VIIRS,n,2,299.04,2.13,D,0
30.89832,72.08549,333.97,0.38,0.36,2021-11-15,816,N,VIIRS,n,2,300.48,3.3,D,0
30.90238,74.90862,344.65,0.43,0.38,2021-11-15,816,N,VIIRS,n,2,306.63,5.43,D,0
30.90405,72.10082,331.72,0.38,0.36,2021-11-15,816,N,VIIRS,n,2,300.37,2.51,D,0
30.90477,70.6611,331.71,0.39,0.36,2021-11-15,816,N,VIIRS,n,2,299.85,1.96,D,0
30.90535,74.93136,331.34,0.43,0.38,2021-11-15,816,N,VIIRS,n,2,304.13,11.04,D,0
30.90595,74.93592,336.85,0.43,0.38,2021-11-15,816,N,VIIRS,n,2,309.42,22.87,D,0
30.9062,75.16146,332.93,0.44,0.39,2021-11-15,816,N,VIIRS,n,2,300.81,8.54,D,0
30.90657,72.20762,336.26,0.38,0.36,2021-11-15,816,N,VIIRS,n,2,302.27,4.63,D,0
30.90729,75.40098,333.95,0.45,0.39,2021-11-15,816,N,VIIRS,n,2,303.33,2.69,D,0
30.90774,75.49334,349.99,0.46,0.39,2021-11-15,816,N,VIIRS,n,2,304.76,11.96,D,0
30.9081,70.66037,338.29,0.39,0.36,2021-11-15,816,N,VIIRS,n,2,302.59,6.84,D,0
30.90877,70.66446,332.12,0.39,0.36,2021-11-15,816,N,VIIRS,n,2,298.93,6.84,D,0
30.90887,74.93075,332.2,0.43,0.38,2021-11-15,816,N,VIIRS,n,2,304.13,11.04,D,0
30.90946,74.9353,337.15,0.43,0.38,2021-11-15,816,N,VIIRS,n,2,311.21,22.87,D,0
30.90975,75.16085,346.26,0.44,0.39,2021-11-15,816,N,VIIRS,n,2,306.14,8.54,D,0
30.91021,75.45391,331.93,0.45,0.39,2021-11-15,816,N,VIIRS,l,2,302.3,4.41,D,0
30.91035,75.16549,339.86,0.44,0.39,2021-11-15,816,N,VIIRS,n,2,306.16,8.54,D,0
30.91142,76.35595,337.02,0.5,0.41,2021-11-15,816,N,VIIRS,l,2,307.22,21.43,D,0
30.91327,75.39028,343.43,0.45,0.39,2021-11-15,816,N,VIIRS,n,2,304.93,13.47,D,0
30.91355,75.69249,347.39,0.46,0.39,2021-11-15,816,N,VIIRS,n,2,306.11,8.54,D,0
30.91718,75.69189,345.59,0.46,0.39,2021-11-15,816,N,VIIRS,n,2,301.76,7.69,D,0
30.91759,75.60759,337.87,0.46,0.39,2021-11-15,816,N,VIIRS,n,2,300.01,2.6,D,0
30.91833,75.60948,338.84,0.46,0.39,2021-11-15,816,N,VIIRS,n,2,301.17,4.76,D,0
30.91858,75.46224,344.65,0.46,0.39,2021-11-15,816,N,VIIRS,n,2,305.67,19.72,D,0
30.91985,75.21143,333.06,0.45,0.39,2021-11-15,816,N,VIIRS,n,2,302.84,2.15,D,0
30.9222,72.22095,333.17,0.38,0.36,2021-11-15,816,N,VIIRS,n,2,301.77,3.87,D,0
30.92268,75.09241,338.91,0.44,0.38,2021-11-15,816,N,VIIRS,n,2,303.73,3.86,D,0
30.92274,74.79051,344.07,0.43,0.38,2021-11-15,816,N,VIIRS,n,2,305.68,6.71,D,0
30.92405,74.9095,334.08,0.43,0.38,2021-11-15,816,N,VIIRS,l,2,305.41,2.33,D,0
30.9249,72.21629,333.07,0.38,0.36,2021-11-15,816,N,VIIRS,n,2,301.12,3.59,D,0
30.92498,75.05433,351.85,0.44,0.38,2021-11-15,816,N,VIIRS,n,2,306.28,13.02,D,0
30.9267,76.07044,334.72,0.48,0.4,2021-11-15,816,N,VIIRS,n,2,300.87,3.03,D,0
30.92817,75.45089,351.54,0.45,0.39,2021-11-15,816,N,VIIRS,n,2,309.46,26.86,D,0
30.9294,75.31517,346.71,0.45,0.39,2021-11-15,816,N,VIIRS,n,2,305.52,10.64,D,0
30.92944,74.95048,337.73,0.44,0.38,2021-11-15,816,N,VIIRS,n,2,302.65,4.44,D,0
30.93116,75.27165,335.29,0.45,0.39,2021-11-15,816,N,VIIRS,n,2,304.73,13.95,D,0
30.93169,75.53829,330.59,0.46,0.39,2021-11-15,816,N,VIIRS,l,2,302.25,2.93,D,0
30.93177,75.45028,349.89,0.45,0.39,2021-11-15,816,N,VIIRS,n,2,306.58,26.86,D,0
30.93216,75.63191,332.1,0.46,0.39,2021-11-15,816,N,VIIRS,n,2,302.7,3.23,D,0
30.93225,76.11614,332.06,0.48,0.4,2021-11-15,816,N,VIIRS,n,2,300.38,2.52,D,0
30.9338,74.71044,338.73,0.43,0.38,2021-11-15,816,N,VIIRS,n,2,303.22,6.46,D,0
30.93401,76.28872,334.46,0.49,0.41,2021-11-15,816,N,VIIRS,n,2,305.79,39.03,D,0
30.93484,74.99162,335.26,0.44,0.38,2021-11-15,816,N,VIIRS,n,2,303.03,3.16,D,0
30.93585,74.50993,346.37,0.42,0.38,2021-11-15,816,N,VIIRS,n,2,303.99,8.37,D,0
30.93593,75.51308,333.22,0.46,0.39,2021-11-15,816,N,VIIRS,n,2,303.5,2.43,D,0
30.93819,76.42113,332.67,0.5,0.41,2021-11-15,816,N,VIIRS,n,2,300.98,5.72,D,0
30.94091,75.0657,334.18,0.44,0.38,2021-11-15,816,N,VIIRS,n,2,302.64,3.07,D,0
30.94151,75.07031,339.93,0.44,0.38,2021-11-15,816,N,VIIRS,n,2,312.55,37.09,D,0
30.94489,75.32218,340.34,0.45,0.39,2021-11-15,816,N,VIIRS,n,2,302.12,3.82,D,0
30.94608,75.59499,332.82,0.46,0.39,2021-11-15,816,N,VIIRS,n,2,302.74,9.85,D,0
30.94613,75.53589,330.83,0.46,0.39,2021-11-15,816,N,VIIRS,n,2,299.78,2.72,D,0
30.94727,75.31214,333.88,0.45,0.39,2021-11-15,816,N,VIIRS,n,2,302.07,2.49,D,0
30.94939,75.80389,336.89,0.47,0.4,2021-11-15,816,N,VIIRS,n,2,298.85,4.1,D,0
30.95032,75.05466,336.93,0.44,0.38,2021-11-15,816,N,VIIRS,n,2,305.2,9.08,D,0
30.95298,75.0555,334.42,0.44,0.38,2021-11-15,816,N,VIIRS,n,2,303.68,9.43,D,0
30.95479,75.01286,348.75,0.44,0.38,2021-11-15,816,N,VIIRS,n,2,306.86,14.58,D,0
30.95492,75.25803,345.55,0.45,0.39,2021-11-15,816,N,VIIRS,n,2,302.49,5.44,D,0
30.95562,76.02969,333.27,0.48,0.4,2021-11-15,816,N,VIIRS,n,2,301.55,2.9,D,0
30.95566,75.06789,340.61,0.44,0.38,2021-11-15,816,N,VIIRS,n,2,302.26,4.11,D,0
30.95635,73.49133,334.58,0.4,0.37,2021-11-15,816,N,VIIRS,n,2,301.24,3.29,D,0
30.95654,75.02664,344.13,0.44,0.38,2021-11-15,816,N,VIIRS,n,2,303.29,4.22,D,0
30.95724,73.49236,332.3,0.4,0.37,2021-11-15,816,N,VIIRS,n,2,299.88,2.02,D,0
30.95752,75.6277,334.32,0.46,0.39,2021-11-15,816,N,VIIRS,n,2,300.74,4.91,D,0
30.95827,75.06873,333.77,0.44,0.38,2021-11-15,816,N,VIIRS,l,2,304.32,7.27,D,0
30.95996,75.55817,304.61,0.46,0.39,2021-11-15,816,N,VIIRS,l,2,310.75,21.87,D,0
30.96012,76.4445,339.31,0.5,0.41,2021-11-15,816,N,VIIRS,n,2,299.49,4.82,D,0
30.96024,75.24277,336.03,0.45,0.39,2021-11-15,816,N,VIIRS,n,2,303.13,5.11,D,0
30.96056,75.563,334.26,0.46,0.39,2021-11-15,816,N,VIIRS,n,2,302.18,21.87,D,0
30.96266,75.26151,333.21,0.45,0.39,2021-11-15,816,N,VIIRS,n,2,299.6,3.46,D,0
30.96351,74.74652,331.97,0.43,0.38,2021-11-15,816,N,VIIRS,l,2,302.03,2.86,D,0
30.96353,75.11035,333.46,0.44,0.38,2021-11-15,816,N,VIIRS,n,2,303.15,6.43,D,0
30.9641,74.75102,332.81,0.43,0.38,2021-11-15,816,N,VIIRS,n,2,301.58,3.49,D,0
30.96428,75.95882,333.06,0.48,0.4,2021-11-15,816,N,VIIRS,n,2,299.82,4,D,0
30.96453,75.30441,332.08,0.45,0.39,2021-11-15,816,N,VIIRS,n,2,300.98,2.27,D,0
30.96576,74.46851,331,0.42,0.38,2021-11-15,816,N,VIIRS,n,2,300.99,2.23,D,0
30.96578,74.70939,331.85,0.43,0.38,2021-11-15,816,N,VIIRS,n,2,300.23,3.81,D,0
30.96637,74.71387,334.22,0.43,0.38,2021-11-15,816,N,VIIRS,n,2,304.01,8.59,D,0
30.96641,75.16204,335.34,0.44,0.39,2021-11-15,816,N,VIIRS,n,2,298.82,2.52,D,0
30.96773,74.88911,337.17,0.43,0.38,2021-11-15,816,N,VIIRS,n,2,306.95,8.67,D,0
30.96985,75.28909,334.89,0.45,0.39,2021-11-15,816,N,VIIRS,n,2,301.38,2,D,0
30.972,75.56602,332.73,0.46,0.39,2021-11-15,816,N,VIIRS,n,2,301.02,3.52,D,0
30.97209,76.0243,333.45,0.48,0.4,2021-11-15,816,N,VIIRS,n,2,300.24,2.56,D,0
30.97243,75.39485,333.78,0.45,0.39,2021-11-15,816,N,VIIRS,l,2,304.01,12.81,D,0
30.97248,71.88482,339.68,0.38,0.36,2021-11-15,816,N,VIIRS,n,2,303.26,3.23,D,0
30.9726,75.19769,334.11,0.44,0.39,2021-11-15,816,N,VIIRS,l,2,304.91,6.7,D,0
30.97406,75.19407,339.04,0.45,0.39,2021-11-15,816,N,VIIRS,n,2,305.57,8.82,D,0
30.97409,75.32205,344.3,0.45,0.39,2021-11-15,816,N,VIIRS,n,2,300.8,4.8,D,0
30.97455,75.25615,339.64,0.45,0.39,2021-11-15,816,N,VIIRS,n,2,303.35,5.4,D,0
30.97631,75.2544,340.05,0.45,0.39,2021-11-15,816,N,VIIRS,n,2,304.14,6.5,D,0
30.9777,75.10791,332.66,0.44,0.38,2021-11-15,816,N,VIIRS,l,2,304.24,4.15,D,0
30.97938,75.20748,344.34,0.45,0.39,2021-11-15,816,N,VIIRS,n,2,300.27,4.89,D,0
30.98008,75.06968,334.89,0.44,0.38,2021-11-15,816,N,VIIRS,n,2,300.08,3.31,D,0
30.98072,74.63358,332.82,0.43,0.38,2021-11-15,816,N,VIIRS,n,2,300.5,2.19,D,0
30.98109,75.26318,333.34,0.45,0.39,2021-11-15,816,N,VIIRS,n,2,301.98,2.86,D,0
30.98167,75.61377,333.98,0.46,0.39,2021-11-15,816,N,VIIRS,n,2,302.74,4.38,D,0
30.9817,75.26788,333.19,0.45,0.39,2021-11-15,816,N,VIIRS,n,2,300.96,2.86,D,0
30.98286,75.26434,346.57,0.45,0.39,2021-11-15,816,N,VIIRS,n,2,301.21,5.68,D,0
30.98539,75.08294,335.28,0.44,0.38,2021-11-15,816,N,VIIRS,n,2,302.13,2.73,D,0
30.98713,72.13787,331.34,0.38,0.36,2021-11-15,816,N,VIIRS,n,2,298.5,1.02,D,0
30.98775,75.04478,339.72,0.44,0.38,2021-11-15,816,N,VIIRS,n,2,303.83,10.97,D,0
30.98955,72.1539,333.6,0.38,0.36,2021-11-15,816,N,VIIRS,n,2,301.08,2.81,D,0
30.99133,75.90337,335.06,0.48,0.4,2021-11-15,816,N,VIIRS,n,2,303.41,15.27,D,0
30.99179,74.9362,339.29,0.44,0.38,2021-11-15,816,N,VIIRS,n,2,303.66,3.9,D,0
30.99365,75.09098,336.52,0.44,0.38,2021-11-15,816,N,VIIRS,n,2,301.89,2.77,D,0
30.99638,74.8609,334.22,0.43,0.38,2021-11-15,816,N,VIIRS,n,2,303.96,3.3,D,0
30.99697,74.86544,333.77,0.43,0.38,2021-11-15,816,N,VIIRS,n,2,303.23,3.34,D,0
30.998,72.21003,335.84,0.38,0.36,2021-11-15,816,N,VIIRS,n,2,302.79,2.59,D,0
31.00337,72.15522,334.2,0.38,0.36,2021-11-15,816,N,VIIRS,n,2,299.6,1.84,D,0
31.00356,75.91156,339,0.48,0.4,2021-11-15,816,N,VIIRS,n,2,302.8,8.87,D,0
31.00756,72.13783,334.95,0.38,0.36,2021-11-15,816,N,VIIRS,n,2,299.48,3.04,D,0
31.00849,72.16657,340.11,0.38,0.36,2021-11-15,816,N,VIIRS,n,2,299.2,3.23,D,0
31.00901,75.0978,334.15,0.44,0.38,2021-11-15,816,N,VIIRS,n,2,303.35,2.82,D,0
31.01356,74.96517,338.55,0.44,0.38,2021-11-15,816,N,VIIRS,n,2,300.95,3.02,D,0
31.01422,72.18194,334.77,0.38,0.36,2021-11-15,816,N,VIIRS,n,2,298.66,2.22,D,0
31.01649,74.95998,343.72,0.44,0.38,2021-11-15,816,N,VIIRS,n,2,309.2,19.12,D,0
31.01709,74.96455,339.08,0.44,0.38,2021-11-15,816,N,VIIRS,n,2,305.37,26.94,D,0
31.02063,75.8073,333.25,0.47,0.4,2021-11-15,816,N,VIIRS,n,2,301.21,3.52,D,0
31.02324,75.15232,347.1,0.44,0.39,2021-11-15,816,N,VIIRS,n,2,308.7,17.59,D,0
31.02445,75.36338,330.94,0.45,0.39,2021-11-15,816,N,VIIRS,n,2,303.78,2.07,D,0
31.02484,75.02426,333.58,0.44,0.38,2021-11-15,816,N,VIIRS,n,2,302.8,3.59,D,0
31.02679,75.15171,334.17,0.44,0.39,2021-11-15,816,N,VIIRS,n,2,301.83,3.26,D,0
31.03123,74.85166,335.24,0.43,0.38,2021-11-15,816,N,VIIRS,n,2,298.65,2.52,D,0
31.03148,74.85479,332.94,0.43,0.38,2021-11-15,816,N,VIIRS,n,2,302,2.26,D,0
31.03154,75.16042,333.25,0.44,0.39,2021-11-15,816,N,VIIRS,n,2,301.4,5.28,D,0
31.03321,76.61535,333.43,0.51,0.41,2021-11-15,816,N,VIIRS,n,2,301.82,3.53,D,0
31.03404,76.61211,334.1,0.51,0.41,2021-11-15,816,N,VIIRS,n,2,300.74,4.68,D,0
31.03605,75.66613,333.27,0.47,0.39,2021-11-15,816,N,VIIRS,n,2,301.52,5.23,D,0
31.03665,75.67102,333.67,0.47,0.39,2021-11-15,816,N,VIIRS,n,2,301.91,5.23,D,0
31.03675,75.0883,331.89,0.44,0.38,2021-11-15,816,N,VIIRS,n,2,304.93,6.22,D,0
31.0373,72.13178,341.55,0.38,0.36,2021-11-15,816,N,VIIRS,n,2,300.05,6.32,D,0
31.03736,75.09293,333.95,0.44,0.38,2021-11-15,816,N,VIIRS,n,2,303.96,7.21,D,0
31.03865,75.56646,335.06,0.46,0.39,2021-11-15,816,N,VIIRS,n,2,303.94,3.4,D,0
31.0392,75.13532,346.73,0.44,0.39,2021-11-15,816,N,VIIRS,n,2,305.87,8.87,D,0
31.0403,75.0877,337.15,0.44,0.38,2021-11-15,816,N,VIIRS,n,2,310.73,29.98,D,0
31.04066,75.76556,335.26,0.47,0.4,2021-11-15,816,N,VIIRS,n,2,303.05,4.35,D,0
31.04086,75.87996,336.47,0.47,0.4,2021-11-15,816,N,VIIRS,n,2,302.11,2.23,D,0
31.0409,75.09232,334.66,0.44,0.38,2021-11-15,816,N,VIIRS,n,2,303.46,22.08,D,0
31.04126,75.76355,330.66,0.47,0.4,2021-11-15,816,N,VIIRS,l,2,303.51,3.03,D,0
31.04272,75.66003,332.44,0.46,0.39,2021-11-15,816,N,VIIRS,n,2,300.47,1.74,D,0
31.04344,74.94749,345.84,0.44,0.38,2021-11-15,816,N,VIIRS,n,2,304.07,3.93,D,0
31.04408,74.95052,333.65,0.44,0.38,2021-11-15,816,N,VIIRS,l,2,303.74,2.83,D,0
31.04558,75.07259,346.31,0.44,0.38,2021-11-15,816,N,VIIRS,n,2,304.22,11.35,D,0
31.04721,75.82005,330.84,0.47,0.4,2021-11-15,816,N,VIIRS,l,2,301.51,3.39,D,0
31.04808,75.81794,341.66,0.47,0.4,2021-11-15,816,N,VIIRS,n,2,307.23,13.41,D,0
31.04874,75.67899,333.99,0.47,0.39,2021-11-15,816,N,VIIRS,n,2,302.21,3.86,D,0
31.04887,75.58947,334.21,0.46,0.39,2021-11-15,816,N,VIIRS,n,2,303.79,13.59,D,0
31.05087,75.81944,340.63,0.47,0.4,2021-11-15,816,N,VIIRS,n,2,303.5,23.36,D,0
31.05174,75.81734,342.63,0.47,0.4,2021-11-15,816,N,VIIRS,n,2,301.63,13.41,D,0
31.05196,75.43658,330.09,0.46,0.39,2021-11-15,816,N,VIIRS,n,2,300.78,2.34,D,0
31.05489,75.6083,333.77,0.46,0.39,2021-11-15,816,N,VIIRS,n,2,301.88,4.34,D,0
31.05796,75.4551,334.45,0.46,0.39,2021-11-15,816,N,VIIRS,l,2,306.32,5.72,D,0
31.05996,75.15556,333.26,0.44,0.39,2021-11-15,816,N,VIIRS,n,2,304.78,5.76,D,0
31.06057,75.16022,330.05,0.44,0.39,2021-11-15,816,N,VIIRS,n,2,299.46,5.76,D,0
31.06155,75.45449,330.79,0.46,0.39,2021-11-15,816,N,VIIRS,l,2,302.91,5.72,D,0
31.06223,75.11713,337.78,0.44,0.39,2021-11-15,816,N,VIIRS,n,2,302.99,4.74,D,0
31.0644,75.30342,331.26,0.45,0.39,2021-11-15,816,N,VIIRS,n,2,301.34,2.14,D,0
31.07077,75.92302,332.51,0.48,0.4,2021-11-15,816,N,VIIRS,n,2,300.82,4.14,D,0
31.07446,75.92242,333.05,0.48,0.4,2021-11-15,816,N,VIIRS,n,2,300.69,4.14,D,0
31.07463,72.19862,332.71,0.38,0.36,2021-11-15,816,N,VIIRS,n,2,300.32,3.08,D,0
31.07506,75.92743,332.36,0.48,0.4,2021-11-15,816,N,VIIRS,n,2,300.67,4.14,D,0
31.0769,74.89958,330.67,0.44,0.38,2021-11-15,816,N,VIIRS,n,2,300.89,2.66,D,0
31.07749,74.90415,338.81,0.44,0.38,2021-11-15,816,N,VIIRS,n,2,299.51,2.66,D,0
31.07826,75.38343,334.32,0.45,0.39,2021-11-15,816,N,VIIRS,n,2,303.75,4.28,D,0
31.08163,72.0901,335.45,0.38,0.36,2021-11-15,816,N,VIIRS,n,2,300.53,3.72,D,0
31.08265,75.56405,331.17,0.46,0.39,2021-11-15,816,N,VIIRS,l,2,302.25,2.08,D,0
31.08411,75.31459,337.96,0.45,0.39,2021-11-15,816,N,VIIRS,n,2,304.48,8.87,D,0
31.08459,73.35816,330.39,0.4,0.37,2021-11-15,816,N,VIIRS,l,2,301,1.73,D,0
31.08693,72.16716,332.77,0.38,0.36,2021-11-15,816,N,VIIRS,n,2,299.74,1.2,D,0
31.08749,75.09544,339.79,0.44,0.39,2021-11-15,816,N,VIIRS,n,2,302.45,3.84,D,0
31.0953,75.54712,333.69,0.46,0.39,2021-11-15,816,N,VIIRS,n,2,301.28,15.23,D,0
31.09586,75.52236,333.46,0.46,0.39,2021-11-15,816,N,VIIRS,n,2,302.2,3.49,D,0
31.09595,75.88315,335.73,0.48,0.4,2021-11-15,816,N,VIIRS,n,2,301.74,3.25,D,0
31.09967,75.79116,347.23,0.47,0.4,2021-11-15,816,N,VIIRS,n,2,301.97,7.11,D,0
31.1015,75.80603,332.84,0.47,0.4,2021-11-15,816,N,VIIRS,n,2,302.64,5.36,D,0
31.10302,73.68892,335.96,0.4,0.37,2021-11-15,816,N,VIIRS,n,2,300.76,2.53,D,0
31.10312,76.03619,337.21,0.48,0.4,2021-11-15,816,N,VIIRS,n,2,301.58,4.14,D,0
31.10515,75.80543,335.25,0.47,0.4,2021-11-15,816,N,VIIRS,n,2,302.85,5.36,D,0
31.10976,75.5447,336.7,0.46,0.39,2021-11-15,816,N,VIIRS,n,2,301.47,3.98,D,0
31.11003,75.84521,347.87,0.47,0.4,2021-11-15,816,N,VIIRS,n,2,303.35,6.09,D,0
31.113,72.25335,333.28,0.38,0.36,2021-11-15,816,N,VIIRS,n,2,301.5,2.13,D,0
31.11782,75.66756,333.46,0.47,0.39,2021-11-15,816,N,VIIRS,n,2,299.67,2.26,D,0
31.12201,76.5796,331.51,0.51,0.41,2021-11-15,816,N,VIIRS,n,2,298.82,5.48,D,0
31.12386,76.21063,330.64,0.49,0.4,2021-11-15,816,N,VIIRS,n,2,302.89,1.71,D,0
31.13026,75.64767,336.45,0.47,0.39,2021-11-15,816,N,VIIRS,n,2,303.03,3.78,D,0
31.13047,75.55814,331.92,0.46,0.39,2021-11-15,816,N,VIIRS,n,2,301.54,3.28,D,0
31.13051,75.65047,342.03,0.47,0.39,2021-11-15,816,N,VIIRS,n,2,301.3,3.1,D,0
31.13389,75.64706,337.48,0.47,0.39,2021-11-15,816,N,VIIRS,n,2,300.99,3.78,D,0
31.13415,75.64987,341.7,0.47,0.39,2021-11-15,816,N,VIIRS,n,2,301.63,5.7,D,0
31.1371,74.59068,334.29,0.43,0.38,2021-11-15,816,N,VIIRS,n,2,305.58,5,D,0
31.14364,75.8448,339.04,0.47,0.4,2021-11-15,816,N,VIIRS,n,2,301.79,4.96,D,0
31.14371,75.57576,332.93,0.46,0.39,2021-11-15,816,N,VIIRS,n,2,299.53,4.09,D,0
31.14496,75.17614,332.65,0.45,0.39,2021-11-15,816,N,VIIRS,n,2,301.43,2.05,D,0
31.14709,74.74988,332.32,0.43,0.38,2021-11-15,816,N,VIIRS,n,2,302.19,2.58,D,0
31.14799,75.22839,331.19,0.45,0.39,2021-11-15,816,N,VIIRS,n,2,304.61,1.43,D,0
31.14915,74.92915,333.73,0.44,0.38,2021-11-15,816,N,VIIRS,n,2,300.87,3.78,D,0
31.14939,76.10677,341.97,0.49,0.4,2021-11-15,816,N,VIIRS,n,2,301.92,6.27,D,0
31.15098,75.8436,335.62,0.47,0.4,2021-11-15,816,N,VIIRS,n,2,302.3,3.8,D,0
31.15156,75.22778,338.46,0.45,0.39,2021-11-15,816,N,VIIRS,n,2,305.18,4.5,D,0
31.1576,75.56847,345.98,0.46,0.39,2021-11-15,816,N,VIIRS,n,2,300.82,5.03,D,0
31.15778,75.81435,337.89,0.47,0.4,2021-11-15,816,N,VIIRS,n,2,301.78,2.69,D,0
31.15887,75.81692,335.33,0.47,0.4,2021-11-15,816,N,VIIRS,n,2,303.22,3.84,D,0
31.16044,72.1609,336.32,0.38,0.36,2021-11-15,816,N,VIIRS,n,2,300.5,4.32,D,0
31.16244,75.54784,333.22,0.46,0.39,2021-11-15,816,N,VIIRS,l,2,304.18,12.46,D,0
31.16303,76.25188,333.88,0.49,0.41,2021-11-15,816,N,VIIRS,n,2,302.01,2.69,D,0
31.16607,75.48801,343.85,0.46,0.39,2021-11-15,816,N,VIIRS,n,2,308.26,22.2,D,0
31.16907,75.48258,334.07,0.46,0.39,2021-11-15,816,N,VIIRS,n,2,302.08,5.7,D,0
31.16967,75.54663,332.56,0.46,0.39,2021-11-15,816,N,VIIRS,n,2,300.55,2.57,D,0
31.16968,75.4874,345.7,0.46,0.39,2021-11-15,816,N,VIIRS,n,2,304.82,26.83,D,0
31.17121,73.78017,338.8,0.4,0.37,2021-11-15,816,N,VIIRS,n,2,299.52,2.74,D,0
31.17907,72.04215,335.42,0.38,0.36,2021-11-15,816,N,VIIRS,n,2,299.96,3.18,D,0
31.18583,75.83007,333.05,0.47,0.4,2021-11-15,816,N,VIIRS,n,2,300.93,4.51,D,0
31.18901,75.61297,330.19,0.46,0.39,2021-11-15,816,N,VIIRS,n,2,301.65,2.55,D,0
31.1895,75.82947,342.4,0.47,0.4,2021-11-15,816,N,VIIRS,n,2,306.06,18.35,D,0
31.19112,72.18365,338.72,0.38,0.36,2021-11-15,816,N,VIIRS,n,2,299.16,3.93,D,0
31.19196,70.75243,336.81,0.39,0.36,2021-11-15,816,N,VIIRS,n,2,301.65,3.6,D,0
31.19263,75.7327,332.3,0.47,0.4,2021-11-15,816,N,VIIRS,n,2,300.17,2.44,D,0
31.19686,73.81456,338.6,0.41,0.37,2021-11-15,816,N,VIIRS,n,2,299.1,3.11,D,0
31.19762,70.67117,332.67,0.39,0.36,2021-11-15,816,N,VIIRS,n,2,300.48,4.56,D,0
31.19834,72.18633,339.3,0.38,0.36,2021-11-15,816,N,VIIRS,n,2,301.19,4.47,D,0
31.19932,75.72654,330.63,0.47,0.4,2021-11-15,816,N,VIIRS,n,2,299.63,2.5,D,0
31.20025,73.81393,333.38,0.41,0.37,2021-11-15,816,N,VIIRS,n,2,296.8,2.03,D,0
31.20137,74.75419,334.15,0.43,0.38,2021-11-15,816,N,VIIRS,n,2,301.83,4.05,D,0
31.20342,75.52124,335.55,0.46,0.39,2021-11-15,816,N,VIIRS,n,2,302.07,5.47,D,0
31.20563,72.37144,334.75,0.39,0.36,2021-11-15,816,N,VIIRS,n,2,300.07,2.08,D,0
31.20704,75.52065,344.26,0.46,0.39,2021-11-15,816,N,VIIRS,n,2,304.63,5.47,D,0
31.20719,75.63992,337.61,0.47,0.39,2021-11-15,816,N,VIIRS,n,2,302.28,7.3,D,0
31.20964,75.68963,338.35,0.47,0.4,2021-11-15,816,N,VIIRS,n,2,300.89,3.16,D,0
31.21096,73.66505,343.41,0.4,0.37,2021-11-15,816,N,VIIRS,n,2,302.32,6.82,D,0
31.2153,74.36474,331.03,0.42,0.38,2021-11-15,816,N,VIIRS,n,2,299.09,1.68,D,0
31.21534,74.3918,332.13,0.42,0.38,2021-11-15,816,N,VIIRS,n,2,301.73,2.32,D,0
31.21611,75.53397,332.56,0.46,0.39,2021-11-15,816,N,VIIRS,n,2,299.81,2.47,D,0
31.21657,74.7608,336.65,0.43,0.38,2021-11-15,816,N,VIIRS,n,2,302.84,3.92,D,0
31.21876,74.36411,330.03,0.42,0.38,2021-11-15,816,N,VIIRS,l,2,300.04,2.34,D,0
31.22301,75.08862,333.49,0.44,0.39,2021-11-15,816,N,VIIRS,n,2,302.78,3.19,D,0
31.22848,75.69154,332.76,0.47,0.4,2021-11-15,816,N,VIIRS,n,2,300.02,6.45,D,0
31.22913,75.72667,334.61,0.47,0.4,2021-11-15,816,N,VIIRS,n,2,299.77,4.02,D,0
31.23121,73.53619,334,0.4,0.37,2021-11-15,816,N,VIIRS,n,2,302.18,3.38,D,0
31.23151,72.16396,331.15,0.38,0.36,2021-11-15,816,N,VIIRS,n,2,299.27,2.67,D,0
31.2352,75.71559,333.59,0.47,0.4,2021-11-15,816,N,VIIRS,n,2,301.35,3.58,D,0
31.23775,75.79614,335.04,0.47,0.4,2021-11-15,816,N,VIIRS,n,2,300.19,3.65,D,0
31.24277,75.92828,335.51,0.48,0.4,2021-11-15,816,N,VIIRS,n,2,301.78,7.7,D,0
31.24615,73.59366,334.3,0.4,0.37,2021-11-15,816,N,VIIRS,n,2,301.11,2.54,D,0
31.24754,70.70259,332.47,0.39,0.36,2021-11-15,816,N,VIIRS,n,2,301.83,5.59,D,0
31.25344,73.69608,337.58,0.4,0.37,2021-11-15,816,N,VIIRS,n,2,299.34,2.73,D,0
31.25456,73.83076,334.51,0.41,0.37,2021-11-15,816,N,VIIRS,n,2,300.63,2.32,D,0
31.25515,73.83502,333.63,0.41,0.37,2021-11-15,816,N,VIIRS,n,2,298.84,3.41,D,0
31.25731,75.07319,331.22,0.44,0.39,2021-11-15,816,N,VIIRS,n,2,298.83,5.11,D,0
31.25791,75.07786,333.03,0.44,0.39,2021-11-15,816,N,VIIRS,n,2,298.25,6.59,D,0
31.26693,75.76881,330.47,0.47,0.4,2021-11-15,816,N,VIIRS,n,2,301.49,2.36,D,0
31.27267,72.14314,335.32,0.38,0.36,2021-11-15,816,N,VIIRS,n,2,298.41,2.55,D,0
31.27365,75.76263,333.81,0.47,0.4,2021-11-15,816,N,VIIRS,n,2,301.68,5.62,D,0
31.27964,74.47548,333.17,0.42,0.38,2021-11-15,816,N,VIIRS,n,2,302.07,2.65,D,0
31.2802,75.09007,334.82,0.44,0.39,2021-11-15,816,N,VIIRS,n,2,297.63,1.95,D,0
31.28023,74.47993,331.11,0.42,0.38,2021-11-15,816,N,VIIRS,n,2,300.53,2.96,D,0
31.28667,73.78552,332.78,0.4,0.37,2021-11-15,816,N,VIIRS,n,2,299.24,2.08,D,0
31.29337,74.27521,333.6,0.42,0.37,2021-11-15,816,N,VIIRS,n,2,303.51,8.22,D,0
31.29958,72.12154,330.26,0.38,0.36,2021-11-15,816,N,VIIRS,n,2,298.73,2.7,D,0
31.30043,75.82952,333.31,0.48,0.4,2021-11-15,816,N,VIIRS,n,2,300.78,3.21,D,0
31.30522,74.50736,331.82,0.42,0.38,2021-11-15,816,N,VIIRS,n,2,298.22,2.2,D,0
31.31431,74.84774,333.5,0.44,0.38,2021-11-15,816,N,VIIRS,n,2,301.42,2.64,D,0
31.31522,72.13493,338.62,0.38,0.36,2021-11-15,816,N,VIIRS,n,2,297.95,3.66,D,0
31.32796,74.92523,332.98,0.44,0.38,2021-11-15,816,N,VIIRS,n,2,300.81,3.7,D,0
31.32801,74.95354,340.59,0.44,0.38,2021-11-15,816,N,VIIRS,n,2,301.59,3.44,D,0
31.33149,74.92462,333.45,0.44,0.38,2021-11-15,816,N,VIIRS,n,2,300.78,3.7,D,0
31.33222,75.78349,330.62,0.47,0.4,2021-11-15,816,N,VIIRS,n,2,301.08,2.26,D,0
31.3352,75.71703,333.54,0.47,0.4,2021-11-15,816,N,VIIRS,n,2,301.42,3.02,D,0
31.34366,74.85197,341.92,0.44,0.38,2021-11-15,816,N,VIIRS,n,2,303.04,7.71,D,0
31.34568,75.80167,335.75,0.47,0.4,2021-11-15,816,N,VIIRS,n,2,300.09,3.38,D,0
31.34598,74.84221,334.36,0.44,0.38,2021-11-15,816,N,VIIRS,n,2,303.88,6.1,D,0
31.34861,74.94525,333.52,0.44,0.38,2021-11-15,816,N,VIIRS,n,2,302.75,2.79,D,0
31.34939,75.03517,347,0.44,0.39,2021-11-15,816,N,VIIRS,n,2,306.45,11.67,D,0
31.35723,73.6645,335.41,0.4,0.37,2021-11-15,816,N,VIIRS,n,2,301.34,2.81,D,0
31.36061,72.14226,338.9,0.38,0.36,2021-11-15,816,N,VIIRS,n,2,299.86,4.16,D,0
31.36092,75.77367,333.29,0.47,0.4,2021-11-15,816,N,VIIRS,n,2,301.25,2.18,D,0
31.36414,75.77557,334.11,0.47,0.4,2021-11-15,816,N,VIIRS,n,2,300.31,5.85,D,0
31.36593,75.79057,334.38,0.47,0.4,2021-11-15,816,N,VIIRS,n,2,299.91,2.63,D,0
31.36645,75.78806,337.53,0.47,0.4,2021-11-15,816,N,VIIRS,n,2,300.57,4.29,D,0
31.36671,74.6445,335.94,0.43,0.38,2021-11-15,816,N,VIIRS,n,2,303.44,3.67,D,0
31.37021,74.64388,334.64,0.43,0.38,2021-11-15,816,N,VIIRS,n,2,303.46,3.34,D,0
31.37119,74.54248,333.48,0.43,0.38,2021-11-15,816,N,VIIRS,n,2,300.79,1.37,D,0
31.37166,75.20889,348.72,0.45,0.39,2021-11-15,816,N,VIIRS,n,2,303.23,9.34,D,0
31.37267,74.85768,334.97,0.44,0.38,2021-11-15,816,N,VIIRS,n,2,303.21,3.06,D,0
31.37295,72.15634,333.03,0.38,0.36,2021-11-15,816,N,VIIRS,n,2,299.63,2.13,D,0
31.37545,75.44273,339.68,0.46,0.39,2021-11-15,816,N,VIIRS,n,2,300.86,5.36,D,0
31.3756,74.90894,341.02,0.44,0.38,2021-11-15,816,N,VIIRS,n,2,301.06,3.63,D,0
31.39134,75.22004,336.31,0.45,0.39,2021-11-15,816,N,VIIRS,n,2,302.5,3.97,D,0
31.39432,72.1852,333.47,0.38,0.36,2021-11-15,816,N,VIIRS,n,2,300.82,1.3,D,0
31.39492,73.63572,334.51,0.4,0.37,2021-11-15,816,N,VIIRS,n,2,299.18,3.06,D,0
31.40442,72.52854,339.22,0.39,0.36,2021-11-15,816,N,VIIRS,n,2,301.38,2.32,D,0
31.40782,74.7953,335.04,0.43,0.38,2021-11-15,816,N,VIIRS,n,2,303.06,3.72,D,0
31.40935,72.13261,343.78,0.38,0.36,2021-11-15,816,N,VIIRS,n,2,300.33,4.75,D,0
31.40997,72.19862,332.76,0.38,0.36,2021-11-15,816,N,VIIRS,n,2,299.62,5.61,D,0
31.41058,72.20265,332.8,0.38,0.36,2021-11-15,816,N,VIIRS,n,2,299.87,5.61,D,0
31.41809,74.6817,331.48,0.43,0.38,2021-11-15,816,N,VIIRS,l,2,303.14,3.04,D,0
31.42313,73.71443,342.95,0.4,0.37,2021-11-15,816,N,VIIRS,n,2,299.68,3.59,D,0
31.42438,72.142,332.38,0.38,0.36,2021-11-15,816,N,VIIRS,n,2,300.41,4.56,D,0
31.42597,72.37424,333.79,0.39,0.36,2021-11-15,816,N,VIIRS,n,2,300.65,2.28,D,0
31.42953,72.24483,346.68,0.38,0.36,2021-11-15,816,N,VIIRS,n,2,301.5,8.59,D,0
31.42969,74.88068,347.23,0.44,0.38,2021-11-15,816,N,VIIRS,n,2,305.34,4.99,D,0
31.43183,73.85136,339.56,0.41,0.37,2021-11-15,816,N,VIIRS,n,2,301.31,4.08,D,0
31.43321,74.88006,334.05,0.44,0.38,2021-11-15,816,N,VIIRS,n,2,300.97,4.99,D,0
31.4343,72.13997,330.9,0.38,0.36,2021-11-15,816,N,VIIRS,n,2,299.75,1.81,D,0
31.43523,73.85073,347.67,0.41,0.37,2021-11-15,816,N,VIIRS,n,2,304.64,15.15,D,0
31.44396,72.20448,337,0.38,0.36,2021-11-15,816,N,VIIRS,n,2,300.07,2.92,D,0
31.44589,73.92799,336.55,0.41,0.37,2021-11-15,816,N,VIIRS,n,2,297.69,3.34,D,0
31.45477,72.52265,331.53,0.39,0.36,2021-11-15,816,N,VIIRS,n,2,299.22,2.34,D,0
31.46088,74.01971,334.11,0.41,0.37,2021-11-15,816,N,VIIRS,n,2,301.52,2.97,D,0
31.4635,70.99375,332.97,0.39,0.36,2021-11-15,816,N,VIIRS,n,2,300.01,2.64,D,0
31.47777,74.80801,331.94,0.44,0.38,2021-11-15,816,N,VIIRS,n,2,303.69,2.73,D,0
31.48803,70.7185,331.85,0.39,0.36,2021-11-15,816,N,VIIRS,n,2,299.28,5.43,D,0
31.49408,72.10696,334.26,0.38,0.36,2021-11-15,816,N,VIIRS,n,2,301.02,4.77,D,0
31.50249,75.00243,330.02,0.44,0.39,2021-11-15,816,N,VIIRS,n,2,299.39,2.03,D,0
31.50292,72.23409,346.76,0.39,0.36,2021-11-15,816,N,VIIRS,n,2,306.26,8.45,D,0
31.50295,75.33933,332.9,0.46,0.39,2021-11-15,816,N,VIIRS,n,2,299.69,2.02,D,0
31.50466,72.15469,336.77,0.38,0.36,2021-11-15,816,N,VIIRS,n,2,299.48,2.2,D,0
31.51032,72.49098,333.31,0.39,0.36,2021-11-15,816,N,VIIRS,n,2,301.37,8.23,D,0
31.51106,72.26573,330.22,0.39,0.36,2021-11-15,816,N,VIIRS,n,2,298.58,1.12,D,0
31.51192,74.93419,340.69,0.44,0.38,2021-11-15,816,N,VIIRS,n,2,302.09,6.17,D,0
31.51821,72.45181,333.61,0.39,0.36,2021-11-15,816,N,VIIRS,n,2,298.16,1.96,D,0
31.51837,75.61025,332.93,0.47,0.4,2021-11-15,816,N,VIIRS,n,2,301.38,2.46,D,0
31.53709,74.62968,336.97,0.43,0.38,2021-11-15,816,N,VIIRS,n,2,301.59,5.5,D,0
31.53753,74.76939,333.2,0.43,0.38,2021-11-15,816,N,VIIRS,n,2,301.56,2.49,D,0
31.54128,75.52615,330.03,0.46,0.39,2021-11-15,816,N,VIIRS,l,2,302.29,2.26,D,0
31.54327,72.36757,332.68,0.39,0.36,2021-11-15,816,N,VIIRS,n,2,297.84,1.53,D,0
31.54871,73.99467,332.97,0.41,0.37,2021-11-15,816,N,VIIRS,n,2,300.91,1.85,D,0
31.55085,72.21645,330.77,0.39,0.36,2021-11-15,816,N,VIIRS,n,2,298.32,1.41,D,0
31.55962,74.6091,333.23,0.43,0.38,2021-11-15,816,N,VIIRS,n,2,300.41,2.98,D,0
31.56015,72.1646,331.8,0.38,0.36,2021-11-15,816,N,VIIRS,n,2,298.82,0.9,D,0
31.56188,72.4059,344.01,0.39,0.36,2021-11-15,816,N,VIIRS,n,2,303.3,5.37,D,0
31.56373,72.37213,333.38,0.39,0.36,2021-11-15,816,N,VIIRS,n,2,299.69,2.23,D,0
31.56433,72.37618,330.2,0.39,0.36,2021-11-15,816,N,VIIRS,n,2,298.59,2.2,D,0
31.56665,74.66359,332.53,0.43,0.38,2021-11-15,816,N,VIIRS,n,2,300.96,2.19,D,0
31.56799,73.93452,332.25,0.41,0.37,2021-11-15,816,N,VIIRS,n,2,302.45,1.06,D,0
31.58539,73.85616,334.42,0.41,0.37,2021-11-15,816,N,VIIRS,n,2,303.48,3.55,D,0
31.5913,73.47092,335.16,0.4,0.37,2021-11-15,816,N,VIIRS,n,2,302.56,4.28,D,0
31.592,75.42509,335.44,0.46,0.39,2021-11-15,816,N,VIIRS,n,2,301.39,3.77,D,0
31.59258,72.42896,340.98,0.39,0.36,2021-11-15,816,N,VIIRS,n,2,299.2,3.85,D,0
31.59358,74.70546,331.86,0.43,0.38,2021-11-15,816,N,VIIRS,n,2,299.28,5.06,D,0
31.59417,74.71004,335.99,0.43,0.38,2021-11-15,816,N,VIIRS,n,2,302.82,5.06,D,0
31.6022,72.44793,335.35,0.39,0.36,2021-11-15,816,N,VIIRS,n,2,300.1,3.44,D,0
31.60258,72.19758,342.32,0.38,0.36,2021-11-15,816,N,VIIRS,n,2,300.46,3.31,D,0
31.60318,72.20162,333.33,0.38,0.36,2021-11-15,816,N,VIIRS,n,2,300.56,4,D,0
31.60346,74.67105,344.09,0.43,0.38,2021-11-15,816,N,VIIRS,n,2,300.59,5.62,D,0
31.60528,72.19286,338.82,0.38,0.36,2021-11-15,816,N,VIIRS,n,2,300.87,3.31,D,0
31.60881,75.38255,330.18,0.46,0.39,2021-11-15,816,N,VIIRS,n,2,300.58,1.91,D,0
31.60945,74.06035,333.82,0.41,0.37,2021-11-15,816,N,VIIRS,n,2,302.85,2.09,D,0
31.60976,72.15446,350.52,0.38,0.36,2021-11-15,816,N,VIIRS,n,2,299.01,11.16,D,0
31.61299,72.63847,335.44,0.39,0.36,2021-11-15,816,N,VIIRS,n,2,300.51,5.6,D,0
31.6166,73.37609,333.54,0.4,0.37,2021-11-15,816,N,VIIRS,n,2,302.85,15.7,D,0
31.61908,73.41873,335.5,0.4,0.37,2021-11-15,816,N,VIIRS,n,2,299.69,3.54,D,0
31.62051,72.50282,330.86,0.39,0.36,2021-11-15,816,N,VIIRS,n,2,299.8,0.87,D,0
31.62541,72.16793,334.66,0.38,0.36,2021-11-15,816,N,VIIRS,n,2,299.46,2.4,D,0
31.62575,74.70446,335.93,0.43,0.38,2021-11-15,816,N,VIIRS,n,2,303.6,5.97,D,0
31.6261,72.87174,340.07,0.39,0.36,2021-11-15,816,N,VIIRS,n,2,299.75,3.94,D,0
31.6275,72.15917,336.48,0.38,0.36,2021-11-15,816,N,VIIRS,n,2,299.46,3.02,D,0
31.62783,72.1841,341.72,0.38,0.36,2021-11-15,816,N,VIIRS,n,2,299.79,2.79,D,0
31.62814,73.16377,337.5,0.39,0.37,2021-11-15,816,N,VIIRS,n,2,299.96,4.65,D,0
31.6282,73.55995,336.25,0.4,0.37,2021-11-15,816,N,VIIRS,n,2,302.96,3.67,D,0
31.6377,72.16571,337.32,0.38,0.36,2021-11-15,816,N,VIIRS,n,2,303.96,8.56,D,0
31.63872,73.41068,340.23,0.4,0.37,2021-11-15,816,N,VIIRS,n,2,299.93,2.58,D,0
31.6416,72.67059,331.83,0.39,0.36,2021-11-15,816,N,VIIRS,n,2,299.7,2.93,D,0
31.64198,72.43992,336.23,0.39,0.36,2021-11-15,816,N,VIIRS,n,2,300.63,2.27,D,0
31.64371,72.16032,331.96,0.38,0.36,2021-11-15,816,N,VIIRS,n,2,299.95,4.14,D,0
31.64431,72.16436,340.22,0.38,0.36,2021-11-15,816,N,VIIRS,n,2,300.22,4.14,D,0
31.64523,72.19334,331.74,0.39,0.36,2021-11-15,816,N,VIIRS,n,2,298.69,1.45,D,0
31.64644,72.24731,330.68,0.39,0.36,2021-11-15,816,N,VIIRS,n,2,301.67,1.17,D,0
31.64691,74.12963,337.61,0.42,0.37,2021-11-15,816,N,VIIRS,n,2,300.3,2.56,D,0
31.64831,74.63053,333.54,0.43,0.38,2021-11-15,816,N,VIIRS,n,2,301.55,3.78,D,0
31.64894,74.63193,332.5,0.43,0.38,2021-11-15,816,N,VIIRS,n,2,301.19,2.88,D,0
31.65032,73.8706,331.59,0.41,0.37,2021-11-15,816,N,VIIRS,n,2,302.47,1.93,D,0
31.65241,74.54779,346.11,0.43,0.38,2021-11-15,816,N,VIIRS,n,2,303.38,5.49,D,0
31.653,74.07024,338.68,0.41,0.37,2021-11-15,816,N,VIIRS,n,2,298.89,4.05,D,0
31.66061,74.66715,332.29,0.43,0.38,2021-11-15,816,N,VIIRS,n,2,300.27,1.86,D,0
31.66469,74.6152,332.96,0.43,0.38,2021-11-15,816,N,VIIRS,n,2,301.54,3.82,D,0
31.66527,74.61973,331.45,0.43,0.38,2021-11-15,816,N,VIIRS,l,2,301.81,3.28,D,0
31.66936,74.62365,333.18,0.43,0.38,2021-11-15,816,N,VIIRS,n,2,301.97,5.63,D,0
31.6702,72.29256,332.82,0.39,0.36,2021-11-15,816,N,VIIRS,n,2,302.73,2.29,D,0
31.67471,72.20818,337.44,0.39,0.36,2021-11-15,816,N,VIIRS,n,2,304.07,4.5,D,0
31.67472,72.25408,336.01,0.39,0.36,2021-11-15,816,N,VIIRS,n,2,302.19,3.83,D,0
31.67814,74.66404,339.29,0.43,0.38,2021-11-15,816,N,VIIRS,n,2,300.04,4.61,D,0
31.68285,74.70062,335.24,0.43,0.38,2021-11-15,816,N,VIIRS,n,2,302.92,3.82,D,0
31.68493,72.18525,333.31,0.39,0.36,2021-11-15,816,N,VIIRS,n,2,301.75,4.89,D,0
31.69134,74.51774,331.54,0.43,0.38,2021-11-15,816,N,VIIRS,n,2,300.76,4.7,D,0
31.69193,74.52225,349.53,0.43,0.38,2021-11-15,816,N,VIIRS,n,2,304.6,27.36,D,0
31.69279,73.59999,336.97,0.4,0.37,2021-11-15,816,N,VIIRS,n,2,304.13,5.84,D,0
31.69485,72.18322,335.65,0.39,0.36,2021-11-15,816,N,VIIRS,n,2,299.55,3.14,D,0
31.69753,72.57159,332.73,0.39,0.36,2021-11-15,816,N,VIIRS,n,2,300.33,2.06,D,0
31.69993,74.14339,344.78,0.42,0.37,2021-11-15,816,N,VIIRS,n,2,303.61,3.51,D,0
31.70246,74.54813,334,0.43,0.38,2021-11-15,816,N,VIIRS,n,2,301.1,3.22,D,0
31.7047,74.51074,333.53,0.43,0.38,2021-11-15,816,N,VIIRS,n,2,300.95,2.74,D,0
31.71247,75.12251,333.53,0.45,0.39,2021-11-15,816,N,VIIRS,n,2,300.73,2.64,D,0
31.71457,75.12407,332.02,0.45,0.39,2021-11-15,816,N,VIIRS,n,2,299.56,1.82,D,0
31.71757,74.8311,334.73,0.44,0.38,2021-11-15,816,N,VIIRS,n,2,301.27,2.57,D,0
31.72077,72.26559,341.46,0.39,0.36,2021-11-15,816,N,VIIRS,n,2,300.89,2.82,D,0
31.72087,74.68921,336.21,0.43,0.38,2021-11-15,816,N,VIIRS,n,2,305.03,12.36,D,0
31.72304,74.21141,335.51,0.42,0.38,2021-11-15,816,N,VIIRS,n,2,300.88,4.12,D,0
31.72365,74.62799,336.42,0.43,0.38,2021-11-15,816,N,VIIRS,n,2,300.12,3.64,D,0
31.73062,72.72908,333.05,0.39,0.36,2021-11-15,816,N,VIIRS,n,2,297.43,4.02,D,0
31.7343,72.3338,331.79,0.39,0.36,2021-11-15,816,N,VIIRS,n,2,299.6,3.1,D,0
31.73484,74.38233,331.85,0.42,0.38,2021-11-15,816,N,VIIRS,n,2,299.6,2,D,0
31.7349,72.33786,337.17,0.39,0.36,2021-11-15,816,N,VIIRS,n,2,299.1,3.1,D,0
31.74315,73.63504,333.23,0.4,0.37,2021-11-15,816,N,VIIRS,n,2,300.39,2.03,D,0
31.7441,72.51611,332.24,0.39,0.36,2021-11-15,816,N,VIIRS,n,2,299.66,1.21,D,0
31.7542,73.46304,333.04,0.4,0.37,2021-11-15,816,N,VIIRS,n,2,305.6,6.91,D,0
31.75479,73.46727,335.63,0.4,0.37,2021-11-15,816,N,VIIRS,n,2,310.45,21.28,D,0
31.75551,74.11072,342.95,0.42,0.37,2021-11-15,816,N,VIIRS,n,2,301.51,7.26,D,0
31.75581,72.23046,333.56,0.39,0.36,2021-11-15,816,N,VIIRS,n,2,301.11,2.79,D,0
31.75817,73.46663,334.53,0.4,0.37,2021-11-15,816,N,VIIRS,n,2,302.31,2.92,D,0
31.7626,74.73351,332.87,0.44,0.38,2021-11-15,816,N,VIIRS,n,2,301.48,2.01,D,0
31.76756,73.18884,332.52,0.4,0.37,2021-11-15,816,N,VIIRS,n,2,300.1,4.55,D,0
31.76778,72.35754,335.23,0.39,0.36,2021-11-15,816,N,VIIRS,n,2,300.31,2.03,D,0
31.76815,73.19302,332.22,0.4,0.37,2021-11-15,816,N,VIIRS,n,2,298.85,4.55,D,0
31.7758,73.49368,342.91,0.4,0.37,2021-11-15,816,N,VIIRS,n,2,302.65,4.16,D,0
31.77629,74.59198,330.18,0.43,0.38,2021-11-15,816,N,VIIRS,n,2,298.95,2,D,0
31.7816,74.3327,338.51,0.42,0.38,2021-11-15,816,N,VIIRS,n,2,300.37,3.13,D,0
31.78257,72.75679,332.48,0.39,0.36,2021-11-15,816,N,VIIRS,n,2,299.07,2.23,D,0
31.78452,74.65591,333.31,0.43,0.38,2021-11-15,816,N,VIIRS,n,2,300.12,2.07,D,0
31.7859,72.2494,333.09,0.39,0.36,2021-11-15,816,N,VIIRS,n,2,299.45,3.09,D,0
31.78738,74.59467,343.18,0.43,0.38,2021-11-15,816,N,VIIRS,n,2,302.66,12.01,D,0
31.78966,74.55705,330.48,0.43,0.38,2021-11-15,816,N,VIIRS,n,2,297.99,2.27,D,0
31.80542,74.56819,334.65,0.43,0.38,2021-11-15,816,N,VIIRS,n,2,298.89,4.32,D,0
31.80842,73.47879,333.27,0.4,0.37,2021-11-15,816,N,VIIRS,n,2,301.14,6.81,D,0
31.80904,73.13422,332.21,0.4,0.37,2021-11-15,816,N,VIIRS,n,2,298.94,2.29,D,0
31.81274,73.18496,338.5,0.4,0.37,2021-11-15,816,N,VIIRS,n,2,301.72,2.94,D,0
31.81684,74.73947,332.43,0.44,0.38,2021-11-15,816,N,VIIRS,n,2,300.3,4.24,D,0
31.82045,74.35774,333.63,0.42,0.38,2021-11-15,816,N,VIIRS,n,2,299.56,2.23,D,0
31.82342,74.84724,334.87,0.44,0.38,2021-11-15,816,N,VIIRS,n,2,300.57,2.93,D,0
31.82343,74.54175,350.12,0.43,0.38,2021-11-15,816,N,VIIRS,n,2,299.86,9.27,D,0
31.82818,73.00236,336.63,0.39,0.36,2021-11-15,816,N,VIIRS,n,2,299.11,2.54,D,0
31.83503,74.74097,333.9,0.44,0.38,2021-11-15,816,N,VIIRS,n,2,302.94,2.96,D,0
31.83563,74.7456,333.13,0.44,0.38,2021-11-15,816,N,VIIRS,n,2,301.41,2.96,D,0
31.83588,74.60941,334.94,0.43,0.38,2021-11-15,816,N,VIIRS,n,2,300.72,3.75,D,0
31.84694,75.59854,338.49,0.47,0.4,2021-11-15,816,N,VIIRS,n,2,299.01,5.54,D,0
31.8525,74.99059,330.83,0.45,0.39,2021-11-15,816,N,VIIRS,n,2,300.87,2.46,D,0
31.8583,74.671,332.49,0.43,0.38,2021-11-15,816,N,VIIRS,n,2,299.95,1.78,D,0
31.85954,74.93169,333.13,0.44,0.39,2021-11-15,816,N,VIIRS,n,2,300.21,2.57,D,0
31.86118,74.8597,335.16,0.44,0.38,2021-11-15,816,N,VIIRS,n,2,299.93,2.93,D,0
31.86644,73.4206,347.38,0.4,0.37,2021-11-15,816,N,VIIRS,n,2,305.08,7.67,D,0
31.86684,75.07519,330.15,0.45,0.39,2021-11-15,816,N,VIIRS,n,2,299.81,2.02,D,0
31.86703,73.42484,346.84,0.4,0.37,2021-11-15,816,N,VIIRS,n,2,303.29,7.67,D,0
31.87527,75.20069,332.5,0.45,0.39,2021-11-15,816,N,VIIRS,n,2,300.38,4.01,D,0
31.87672,74.28937,348.72,0.42,0.38,2021-11-15,816,N,VIIRS,n,2,302.57,11.26,D,0
31.87967,73.29255,341.93,0.4,0.37,2021-11-15,816,N,VIIRS,n,2,310.45,19.98,D,0
31.88088,73.22768,346.28,0.4,0.37,2021-11-15,816,N,VIIRS,n,2,306.7,7.82,D,0
31.88264,74.33406,345.2,0.42,0.38,2021-11-15,816,N,VIIRS,n,2,299.48,6.32,D,0
31.88304,73.2919,336.07,0.4,0.37,2021-11-15,816,N,VIIRS,n,2,305.38,3.31,D,0
31.88482,74.87465,342.25,0.44,0.38,2021-11-15,816,N,VIIRS,n,2,300.14,5.59,D,0
31.88492,74.32448,335.13,0.42,0.38,2021-11-15,816,N,VIIRS,n,2,299.27,2.95,D,0
31.88543,74.30151,331.08,0.42,0.38,2021-11-15,816,N,VIIRS,n,2,299.92,2.3,D,0
31.88795,74.37442,330.07,0.42,0.38,2021-11-15,816,N,VIIRS,n,2,299.47,2.24,D,0
31.89328,74.41491,344.9,0.43,0.38,2021-11-15,816,N,VIIRS,n,2,301.21,7.24,D,0
31.89564,74.93022,339.09,0.44,0.39,2021-11-15,816,N,VIIRS,n,2,301.58,4.09,D,0
31.89676,74.41429,342.6,0.43,0.38,2021-11-15,816,N,VIIRS,n,2,298.72,7.24,D,0
31.89795,74.4233,339.48,0.43,0.38,2021-11-15,816,N,VIIRS,n,2,299.23,4.46,D,0
31.89906,74.07298,349.68,0.42,0.37,2021-11-15,816,N,VIIRS,n,2,305.99,10.96,D,0
31.89919,74.9296,336.45,0.44,0.39,2021-11-15,816,N,VIIRS,n,2,299.24,4.09,D,0
31.90143,74.42268,336.62,0.43,0.38,2021-11-15,816,N,VIIRS,n,2,299.46,4.24,D,0
31.90488,74.89677,331.01,0.44,0.39,2021-11-15,816,N,VIIRS,n,2,299.43,1.54,D,0
31.90899,74.92963,332.91,0.44,0.39,2021-11-15,816,N,VIIRS,n,2,300.15,3.24,D,0
31.91485,74.44337,335.86,0.43,0.38,2021-11-15,816,N,VIIRS,n,2,298.67,2.52,D,0
31.92517,73.51831,337.13,0.4,0.37,2021-11-15,816,N,VIIRS,n,2,303.13,1.88,D,0
31.92665,75.61791,329.49,0.47,0.4,2021-11-15,816,N,VIIRS,n,2,301.38,1.18,D,0
31.92673,74.86903,344.17,0.44,0.38,2021-11-15,816,N,VIIRS,n,2,298.36,7.28,D,0
31.9269,74.39964,334.57,0.43,0.38,2021-11-15,816,N,VIIRS,n,2,300.35,5.01,D,0
31.92769,74.45959,340.67,0.43,0.38,2021-11-15,816,N,VIIRS,n,2,298.59,4.67,D,0
31.92856,73.51767,331.74,0.4,0.37,2021-11-15,816,N,VIIRS,n,2,302.28,2.57,D,0
31.93167,74.43574,334.66,0.43,0.38,2021-11-15,816,N,VIIRS,n,2,301.47,6.68,D,0
31.93185,74.71132,336.35,0.44,0.38,2021-11-15,816,N,VIIRS,n,2,299.69,2.84,D,0
31.93227,74.44025,332.49,0.43,0.38,2021-11-15,816,N,VIIRS,n,2,298.32,6.68,D,0
31.93265,74.88714,331.1,0.44,0.39,2021-11-15,816,N,VIIRS,n,2,300.13,1.98,D,0
31.94033,74.42031,340.11,0.43,0.38,2021-11-15,816,N,VIIRS,n,2,298.08,4.35,D,0
31.94264,74.5732,333.63,0.43,0.38,2021-11-15,816,N,VIIRS,n,2,298.76,4.72,D,0
31.94361,74.7187,334.2,0.44,0.38,2021-11-15,816,N,VIIRS,n,2,298.19,2.52,D,0
31.94513,74.45646,337.65,0.43,0.38,2021-11-15,816,N,VIIRS,n,2,299.51,3.09,D,0
31.94563,74.59605,337.05,0.43,0.38,2021-11-15,816,N,VIIRS,n,2,299.24,4.75,D,0
31.94604,74.54459,340.86,0.43,0.38,2021-11-15,816,N,VIIRS,n,2,299.23,3.95,D,0
31.94633,75.05361,329.89,0.45,0.39,2021-11-15,816,N,VIIRS,l,2,301.55,3.6,D,0
31.94693,75.05837,332.82,0.45,0.39,2021-11-15,816,N,VIIRS,n,2,301.5,5.37,D,0
31.94713,74.71808,341.98,0.44,0.38,2021-11-15,816,N,VIIRS,n,2,298.55,3.57,D,0
31.94838,73.30683,341.12,0.4,0.37,2021-11-15,816,N,VIIRS,n,2,301.89,5.01,D,0
31.94905,74.78884,336.18,0.44,0.38,2021-11-15,816,N,VIIRS,n,2,297.42,3.6,D,0
31.94959,74.76501,337.59,0.44,0.38,2021-11-15,816,N,VIIRS,n,2,299.13,2.76,D,0
31.95041,73.27185,334.33,0.4,0.37,2021-11-15,816,N,VIIRS,n,2,302.15,3.62,D,0
31.9509,74.44616,332.53,0.43,0.38,2021-11-15,816,N,VIIRS,n,2,299.93,1.72,D,0
31.95145,74.44724,342.91,0.43,0.38,2021-11-15,816,N,VIIRS,n,2,300.01,3.16,D,0
31.95605,74.75912,330.07,0.44,0.38,2021-11-15,816,N,VIIRS,n,2,298.49,4.2,D,0
31.96261,73.33442,335.18,0.4,0.37,2021-11-15,816,N,VIIRS,n,2,301.61,2.65,D,0
31.9654,75.08929,347.41,0.45,0.39,2021-11-15,816,N,VIIRS,n,2,308.58,17.83,D,0
31.96629,73.21268,335.13,0.4,0.37,2021-11-15,816,N,VIIRS,n,2,301.06,2.66,D,0
31.96658,74.45379,333.35,0.43,0.38,2021-11-15,816,N,VIIRS,n,2,299.3,3.11,D,0
31.96898,75.08868,333.05,0.45,0.39,2021-11-15,816,N,VIIRS,n,2,299.83,17.83,D,0
31.97336,74.34172,338.34,0.42,0.38,2021-11-15,816,N,VIIRS,n,2,301.63,3.64,D,0
31.97645,74.44737,330.21,0.43,0.38,2021-11-15,816,N,VIIRS,n,2,299.07,2.04,D,0
31.97663,75.00473,330.34,0.45,0.39,2021-11-15,816,N,VIIRS,n,2,298.96,1.88,D,0
31.97843,74.76469,335.79,0.44,0.38,2021-11-15,816,N,VIIRS,n,2,297.73,1.84,D,0
31.98594,74.60423,331.03,0.43,0.38,2021-11-15,816,N,VIIRS,n,2,297.98,2.39,D,0
31.98866,74.08363,335.06,0.42,0.37,2021-11-15,816,N,VIIRS,n,2,304.7,3.83,D,0
31.99544,73.54601,331.67,0.4,0.37,2021-11-15,816,N,VIIRS,l,2,301.87,2.05,D,0
32.01265,74.50596,330.57,0.43,0.38,2021-11-15,816,N,VIIRS,n,2,298.57,1.47,D,0
32.01292,73.44651,333.69,0.4,0.37,2021-11-15,816,N,VIIRS,n,2,302.32,3,D,0
32.01311,74.45473,333.01,0.43,0.38,2021-11-15,816,N,VIIRS,n,2,300.87,1.12,D,0
32.01351,73.45075,333.52,0.4,0.37,2021-11-15,816,N,VIIRS,n,2,302.15,3,D,0
32.01496,74.49624,339.91,0.43,0.38,2021-11-15,816,N,VIIRS,n,2,301.25,4.63,D,0
32.01734,74.51444,331.19,0.43,0.38,2021-11-15,816,N,VIIRS,n,2,298.26,1.82,D,0
32.02062,73.50183,347.26,0.4,0.37,2021-11-15,816,N,VIIRS,n,2,305.42,6.59,D,0
32.02483,74.85335,330.98,0.44,0.39,2021-11-15,816,N,VIIRS,n,2,297.19,2.08,D,0
32.02903,74.52169,332.19,0.43,0.38,2021-11-15,816,N,VIIRS,n,2,297.65,1.57,D,0
32.02945,74.47038,332.27,0.43,0.38,2021-11-15,816,N,VIIRS,n,2,299.96,2.58,D,0
32.03634,74.44128,337.3,0.43,0.38,2021-11-15,816,N,VIIRS,n,2,300.28,2.92,D,0
32.03642,74.10856,331.88,0.42,0.38,2021-11-15,816,N,VIIRS,n,2,300.95,2.02,D,0
32.0391,73.55967,337.76,0.4,0.37,2021-11-15,816,N,VIIRS,n,2,300.9,1.67,D,0
32.05064,73.59264,337.88,0.41,0.37,2021-11-15,816,N,VIIRS,n,2,302.48,3.04,D,0
32.0533,74.46145,330.97,0.43,0.38,2021-11-15,816,N,VIIRS,n,2,298.64,1.93,D,0
32.0651,74.29969,332.19,0.42,0.38,2021-11-15,816,N,VIIRS,n,2,302.15,2.32,D,0
32.08578,74.24087,332.38,0.42,0.38,2021-11-15,816,N,VIIRS,n,2,299.41,2.34,D,0
32.0898,75.19732,338.02,0.46,0.39,2021-11-15,816,N,VIIRS,n,2,298.53,5.03,D,0
32.09452,74.52632,334.63,0.43,0.38,2021-11-15,816,N,VIIRS,n,2,297.81,3.96,D,0
32.10738,74.54276,334.8,0.43,0.38,2021-11-15,816,N,VIIRS,n,2,298.47,3.06,D,0
32.1074,74.98849,335.59,0.45,0.39,2021-11-15,816,N,VIIRS,n,2,298.11,5.87,D,0
32.11169,74.38358,336.73,0.43,0.38,2021-11-15,816,N,VIIRS,n,2,300.32,3.5,D,0
32.11229,74.3881,332.54,0.43,0.38,2021-11-15,816,N,VIIRS,n,2,300.47,2.1,D,0
32.11375,74.50885,334.42,0.43,0.38,2021-11-15,816,N,VIIRS,n,2,300.11,3.7,D,0
32.11384,74.95344,334.14,0.45,0.39,2021-11-15,816,N,VIIRS,n,2,299.15,7.23,D,0
32.11407,74.40169,332.01,0.43,0.38,2021-11-15,816,N,VIIRS,l,2,302.52,5.31,D,0
32.11503,74.57423,339.59,0.43,0.38,2021-11-15,816,N,VIIRS,n,2,298.52,5.28,D,0
32.11679,74.94808,330.59,0.45,0.39,2021-11-15,816,N,VIIRS,n,2,297.63,2.13,D,0
32.12523,75.21603,337.15,0.46,0.39,2021-11-15,816,N,VIIRS,n,2,298.13,5.51,D,0
32.14,75.12952,329.03,0.45,0.39,2021-11-15,816,N,VIIRS,n,2,297.95,2.07,D,0
32.14385,74.43815,343.89,0.43,0.38,2021-11-15,816,N,VIIRS,n,2,300.24,4.55,D,0
32.14795,74.44207,330.63,0.43,0.38,2021-11-15,816,N,VIIRS,n,2,299.03,3.1,D,0
32.14848,74.61065,334.89,0.43,0.38,2021-11-15,816,N,VIIRS,n,2,298.62,2.85,D,0
32.14938,75.2616,330.5,0.46,0.39,2021-11-15,816,N,VIIRS,n,2,297.92,1.97,D,0
32.15057,74.76688,331.17,0.44,0.38,2021-11-15,816,N,VIIRS,n,2,298.1,3.44,D,0
32.15483,74.57655,338.67,0.43,0.38,2021-11-15,816,N,VIIRS,n,2,297.76,4.48,D,0
32.1553,74.38964,331.98,0.43,0.38,2021-11-15,816,N,VIIRS,n,2,299.35,1.56,D,0
32.15545,75.28052,331.59,0.46,0.39,2021-11-15,816,N,VIIRS,n,2,296.8,2.68,D,0
32.16143,75.1435,329.67,0.45,0.39,2021-11-15,816,N,VIIRS,n,2,297.22,1.81,D,0
32.17606,74.82465,330.43,0.44,0.39,2021-11-15,816,N,VIIRS,n,2,299.54,1.29,D,0
32.17649,74.57742,333.6,0.43,0.38,2021-11-15,816,N,VIIRS,n,2,298.14,2.63,D,0
32.17933,75.28947,328.7,0.46,0.39,2021-11-15,816,N,VIIRS,n,2,297.6,2.67,D,0
32.17939,75.17008,337.58,0.46,0.39,2021-11-15,816,N,VIIRS,n,2,299.52,8.74,D,0
32.18235,75.28396,345.57,0.46,0.39,2021-11-15,816,N,VIIRS,n,2,300.09,7.05,D,0
32.18956,75.31277,329.78,0.46,0.39,2021-11-15,816,N,VIIRS,n,2,297.07,2.98,D,0
32.19018,75.28762,333.32,0.46,0.39,2021-11-15,816,N,VIIRS,n,2,298.97,5.69,D,0
32.20113,74.90701,332.46,0.45,0.39,2021-11-15,816,N,VIIRS,n,2,300.61,6.85,D,0
32.21007,75.29925,339.48,0.46,0.39,2021-11-15,816,N,VIIRS,n,2,297.71,4.45,D,0
32.23182,75.32568,337.71,0.46,0.39,2021-11-15,816,N,VIIRS,n,2,297.74,2.96,D,0
32.23417,75.02287,335.1,0.45,0.39,2021-11-15,816,N,VIIRS,n,2,301.52,3.92,D,0
32.23483,75.32014,333.35,0.46,0.39,2021-11-15,816,N,VIIRS,n,2,299.21,2.96,D,0
31.98163,70.88065,330.14,0.39,0.36,2021-11-15,817,N,VIIRS,n,2,300.96,2.14,D,0
31.98955,72.88315,331.71,0.39,0.36,2021-11-15,817,N,VIIRS,n,2,298.77,1.48,D,0
32.0043,72.91432,334.67,0.39,0.36,2021-11-15,817,N,VIIRS,n,2,305.59,7.35,D,0
32.00474,70.89669,335.01,0.39,0.36,2021-11-15,817,N,VIIRS,n,2,301.41,1.6,D,0
32.00489,72.91847,332.32,0.39,0.36,2021-11-15,817,N,VIIRS,n,2,300.6,7.35,D,0
32.00944,72.34309,333.55,0.39,0.36,2021-11-15,817,N,VIIRS,n,2,302,3.41,D,0
32.01059,72.3975,343.36,0.39,0.36,2021-11-15,817,N,VIIRS,n,2,302.44,3.46,D,0
32.02763,73.40082,331.9,0.4,0.37,2021-11-15,817,N,VIIRS,n,2,303.93,1.46,D,0
32.03192,73.25677,332.4,0.4,0.37,2021-11-15,817,N,VIIRS,n,2,302.06,16.63,D,0
32.03398,73.32137,330.55,0.4,0.37,2021-11-15,817,N,VIIRS,n,2,301.24,4.36,D,0
32.03456,73.3256,332.18,0.4,0.37,2021-11-15,817,N,VIIRS,n,2,299.94,4.36,D,0
32.05048,73.59342,347.27,0.41,0.37,2021-11-15,817,N,VIIRS,n,2,302.06,5.1,D,0
32.05063,72.46097,347.85,0.39,0.36,2021-11-15,817,N,VIIRS,n,2,302.77,9.42,D,0
32.05123,72.46507,337.46,0.39,0.36,2021-11-15,817,N,VIIRS,n,2,301.03,4.53,D,0
32.05202,73.32659,332.88,0.4,0.37,2021-11-15,817,N,VIIRS,n,2,302.17,2.43,D,0
32.05916,72.333,335.35,0.39,0.36,2021-11-15,817,N,VIIRS,n,2,300.5,2.44,D,0
32.06652,73.30645,340.61,0.4,0.37,2021-11-15,817,N,VIIRS,n,2,310.09,18.54,D,0
32.0699,73.30579,348.02,0.4,0.37,2021-11-15,817,N,VIIRS,n,2,302.63,18.54,D,0
32.08165,73.21691,332.23,0.4,0.37,2021-11-15,817,N,VIIRS,n,2,299.9,1.93,D,0
32.09149,73.3364,335.39,0.4,0.37,2021-11-15,817,N,VIIRS,n,2,301.33,3.65,D,0
32.11135,72.34809,335.73,0.39,0.36,2021-11-15,817,N,VIIRS,n,2,302.25,5.22,D,0
32.13286,73.53387,348.41,0.4,0.37,2021-11-15,817,N,VIIRS,n,2,303.44,4.48,D,0
32.13625,73.53323,333.2,0.4,0.37,2021-11-15,817,N,VIIRS,n,2,303.71,4.48,D,0
32.14942,73.47469,333.83,0.4,0.37,2021-11-15,817,N,VIIRS,n,2,303.28,2.79,D,0
32.15536,74.38622,332.78,0.43,0.38,2021-11-15,817,N,VIIRS,n,2,300.3,1.84,D,0
32.15945,73.57388,332.55,0.41,0.37,2021-11-15,817,N,VIIRS,n,2,302.13,1.79,D,0
32.1664,74.38887,349.89,0.43,0.38,2021-11-15,817,N,VIIRS,n,2,302.78,8.39,D,0
32.17385,73.50076,350.82,0.4,0.37,2021-11-15,817,N,VIIRS,n,2,307.02,8.53,D,0
32.1767,73.14755,330.54,0.4,0.37,2021-11-15,817,N,VIIRS,n,2,302.17,2.68,D,0
32.17727,73.2253,334.41,0.4,0.37,2021-11-15,817,N,VIIRS,n,2,300.9,2.98,D,0
32.17932,73.46462,345.01,0.4,0.37,2021-11-15,817,N,VIIRS,n,2,302.21,6.61,D,0
32.18603,74.32047,337.08,0.43,0.38,2021-11-15,817,N,VIIRS,n,2,302.95,2.44,D,0
32.18718,73.19741,335.52,0.4,0.37,2021-11-15,817,N,VIIRS,n,2,300.77,2.77,D,0
32.18951,74.31984,336.3,0.43,0.38,2021-11-15,817,N,VIIRS,n,2,302.37,3.59,D,0
32.18963,73.48898,344.92,0.4,0.37,2021-11-15,817,N,VIIRS,n,2,304.86,10.37,D,0
32.19621,71.1417,331.56,0.39,0.36,2021-11-15,817,N,VIIRS,n,2,297.18,3.7,D,0
32.20082,73.46928,347.18,0.4,0.37,2021-11-15,817,N,VIIRS,n,2,301.25,4.77,D,0
32.20675,74.50757,333.43,0.43,0.38,2021-11-15,817,N,VIIRS,n,2,299.84,2.72,D,0
32.21025,74.50694,336.96,0.43,0.38,2021-11-15,817,N,VIIRS,n,2,299.24,2.72,D,0
32.21214,73.3011,331.94,0.4,0.37,2021-11-15,817,N,VIIRS,n,2,298.98,2.16,D,0
32.21394,74.34318,330.32,0.43,0.38,2021-11-15,817,N,VIIRS,n,2,297.8,2.15,D,0
32.21436,74.29224,332.83,0.42,0.38,2021-11-15,817,N,VIIRS,n,2,300.35,2.31,D,0
32.21632,74.69476,332.13,0.44,0.38,2021-11-15,817,N,VIIRS,n,2,298.8,1.85,D,0
32.21688,73.15771,337.28,0.4,0.37,2021-11-15,817,N,VIIRS,n,2,299.48,3.77,D,0
32.22195,74.51424,338.7,0.43,0.38,2021-11-15,817,N,VIIRS,n,2,299.02,3.27,D,0
32.22666,73.63186,339.16,0.41,0.37,2021-11-15,817,N,VIIRS,n,2,300.25,3.05,D,0
32.2347,74.47446,333.35,0.43,0.38,2021-11-15,817,N,VIIRS,n,2,301.58,4.89,D,0
32.23529,74.47904,332.82,0.43,0.38,2021-11-15,817,N,VIIRS,n,2,300.24,2.71,D,0
32.23575,75.02428,336.11,0.45,0.39,2021-11-15,817,N,VIIRS,n,2,299.96,3.36,D,0
32.24245,74.53406,335.82,0.43,0.38,2021-11-15,817,N,VIIRS,n,2,299.49,5.94,D,0
32.24425,73.73516,349.49,0.41,0.37,2021-11-15,817,N,VIIRS,n,2,307.25,7.18,D,0
32.24522,73.81985,335.65,0.41,0.37,2021-11-15,817,N,VIIRS,n,2,301.55,3.89,D,0
32.25208,73.31158,340.58,0.4,0.37,2021-11-15,817,N,VIIRS,n,2,299.55,3.04,D,0
32.25719,73.42426,333.91,0.4,0.37,2021-11-15,817,N,VIIRS,n,2,301.71,1.71,D,0
32.25861,73.48546,344.32,0.4,0.37,2021-11-15,817,N,VIIRS,n,2,299.79,4.21,D,0
32.25888,74.54995,332.61,0.43,0.38,2021-11-15,817,N,VIIRS,n,2,300.01,1.97,D,0
32.26068,74.56377,336.83,0.43,0.38,2021-11-15,817,N,VIIRS,n,2,299.52,2.34,D,0
32.26427,74.4271,332.22,0.43,0.38,2021-11-15,817,N,VIIRS,n,2,299.2,2.09,D,0
32.26979,74.409,339.1,0.43,0.38,2021-11-15,817,N,VIIRS,n,2,299.64,3.98,D,0
32.27036,74.38561,339.69,0.43,0.38,2021-11-15,817,N,VIIRS,n,2,299.17,3.98,D,0
32.27462,74.53304,330.28,0.43,0.38,2021-11-15,817,N,VIIRS,n,2,300.22,2.66,D,0
32.27713,74.77481,331.56,0.44,0.38,2021-11-15,817,N,VIIRS,n,2,297.17,3.23,D,0
32.28647,73.63922,333.15,0.41,0.37,2021-11-15,817,N,VIIRS,n,2,300.03,2.33,D,0
32.28664,73.43618,336.74,0.4,0.37,2021-11-15,817,N,VIIRS,n,2,301.01,4.59,D,0
32.28981,73.30869,346,0.4,0.37,2021-11-15,817,N,VIIRS,n,2,309.26,15.39,D,0
32.29134,70.73784,331.63,0.39,0.36,2021-11-15,817,N,VIIRS,n,2,305.06,2,D,2
32.29525,74.71896,329.85,0.44,0.38,2021-11-15,817,N,VIIRS,n,2,297.65,2.41,D,0
32.31102,73.3614,332.78,0.4,0.37,2021-11-15,817,N,VIIRS,n,2,300.81,27.95,D,0
32.31494,74.5936,337.53,0.44,0.38,2021-11-15,817,N,VIIRS,n,2,299.05,3.59,D,0
32.31848,74.62141,347.5,0.44,0.38,2021-11-15,817,N,VIIRS,n,2,300.11,8.05,D,0
32.32375,72.73458,332.43,0.39,0.36,2021-11-15,817,N,VIIRS,n,2,299.75,3.63,D,0
32.3262,74.76802,331.84,0.44,0.38,2021-11-15,817,N,VIIRS,n,2,298,2.23,D,0
32.32983,74.43089,333.03,0.43,0.38,2021-11-15,817,N,VIIRS,n,2,299.3,4.72,D,0
32.33152,74.83934,336.1,0.44,0.39,2021-11-15,817,N,VIIRS,n,2,297.33,4.74,D,0
32.33182,74.52914,335.54,0.43,0.38,2021-11-15,817,N,VIIRS,n,2,299.34,3.9,D,0
32.33221,71.80464,334.93,0.38,0.36,2021-11-15,817,N,VIIRS,n,2,300.39,2.17,D,0
32.3348,74.5522,331.5,0.43,0.38,2021-11-15,817,N,VIIRS,n,2,298.97,4.02,D,0
32.33539,74.55682,339.06,0.43,0.38,2021-11-15,817,N,VIIRS,n,2,301.74,10.82,D,0
32.33625,74.81918,338.26,0.44,0.39,2021-11-15,817,N,VIIRS,n,2,297.78,3.08,D,0
32.33629,73.34343,332.13,0.4,0.37,2021-11-15,817,N,VIIRS,n,2,300.45,1.54,D,0
32.34164,72.34948,331.24,0.39,0.36,2021-11-15,817,N,VIIRS,n,2,299.01,2.44,D,0
32.3422,74.47084,332.63,0.43,0.38,2021-11-15,817,N,VIIRS,n,2,299.56,5.08,D,0
32.34317,72.1973,334.98,0.39,0.36,2021-11-15,817,N,VIIRS,n,2,301.02,2.73,D,0
32.35311,74.41734,353.21,0.43,0.38,2021-11-15,817,N,VIIRS,n,2,306.79,14.69,D,0
32.35331,74.72487,342.98,0.44,0.38,2021-11-15,817,N,VIIRS,n,2,301.34,7.96,D,0
32.35661,74.41672,346.86,0.43,0.38,2021-11-15,817,N,VIIRS,n,2,299.04,14.69,D,0
32.35667,74.14015,330.36,0.42,0.38,2021-11-15,817,N,VIIRS,n,2,298.8,1.74,D,0
32.35685,74.72424,334.87,0.44,0.38,2021-11-15,817,N,VIIRS,n,2,298,3.38,D,0
32.35839,71.84583,331.81,0.38,0.36,2021-11-15,817,N,VIIRS,n,2,300.6,2.09,D,0
32.36013,73.43709,334.32,0.4,0.37,2021-11-15,817,N,VIIRS,n,2,302.02,2.21,D,0
32.36501,74.675,330.06,0.44,0.38,2021-11-15,817,N,VIIRS,n,2,298.7,2.71,D,0
32.36632,74.51826,334.08,0.43,0.38,2021-11-15,817,N,VIIRS,n,2,298.79,3.7,D,0
32.36853,74.34462,331.09,0.43,0.38,2021-11-15,817,N,VIIRS,n,2,299.31,2.19,D,0
32.37131,74.44685,334.14,0.43,0.38,2021-11-15,817,N,VIIRS,n,2,298.42,2.19,D,0
32.37362,72.33453,333.7,0.39,0.36,2021-11-15,817,N,VIIRS,n,2,299.72,2.51,D,0
32.37481,74.44623,331.16,0.43,0.38,2021-11-15,817,N,VIIRS,n,2,298.46,2.19,D,0
32.37635,74.54007,332.8,0.43,0.38,2021-11-15,817,N,VIIRS,n,2,300.24,4.7,D,0
32.37981,71.87493,332.66,0.38,0.36,2021-11-15,817,N,VIIRS,n,2,300.17,5.89,D,0
32.38123,74.05787,334.49,0.42,0.38,2021-11-15,817,N,VIIRS,n,2,300.3,1.85,D,0
32.38144,74.41362,334.3,0.43,0.38,2021-11-15,817,N,VIIRS,n,2,298.65,2.37,D,0
32.38217,74.52959,333.36,0.43,0.38,2021-11-15,817,N,VIIRS,n,2,299.12,2.97,D,0
32.38311,74.87386,335.69,0.45,0.39,2021-11-15,817,N,VIIRS,n,2,298.8,3.57,D,0
32.38398,74.54343,338.27,0.43,0.38,2021-11-15,817,N,VIIRS,n,2,299.47,3.36,D,0
32.38768,73.40982,331.59,0.4,0.37,2021-11-15,817,N,VIIRS,n,2,299.97,2.5,D,0
32.39436,71.81312,332.87,0.38,0.36,2021-11-15,817,N,VIIRS,n,2,299.24,1.97,D,0
32.3954,74.79915,345.74,0.44,0.39,2021-11-15,817,N,VIIRS,n,2,299.72,8.87,D,0
32.39828,71.8165,343.86,0.38,0.36,2021-11-15,817,N,VIIRS,n,2,300.91,3.92,D,0
32.41621,73.82685,334.14,0.41,0.37,2021-11-15,817,N,VIIRS,n,2,301.01,3.4,D,0
32.42203,74.70473,335.51,0.44,0.38,2021-11-15,817,N,VIIRS,n,2,299.73,3.26,D,0
32.42358,74.2709,331.48,0.43,0.38,2021-11-15,817,N,VIIRS,n,2,297.77,4.97,D,0
32.42984,74.23735,338.3,0.42,0.38,2021-11-15,817,N,VIIRS,n,2,300.87,5.66,D,0
32.43462,74.27354,333.44,0.43,0.38,2021-11-15,817,N,VIIRS,n,2,299.47,3.77,D,0
32.43916,74.84148,331.34,0.45,0.39,2021-11-15,817,N,VIIRS,n,2,297.11,3.04,D,0
32.44075,74.21226,332.41,0.42,0.38,2021-11-15,817,N,VIIRS,n,2,299.27,3.06,D,0
32.45009,74.22905,342.19,0.42,0.38,2021-11-15,817,N,VIIRS,n,2,302.97,5.47,D,0
32.4549,74.26523,338.28,0.43,0.38,2021-11-15,817,N,VIIRS,n,2,302.97,10.46,D,0
32.45695,74.95531,328.72,0.45,0.39,2021-11-15,817,N,VIIRS,n,2,298.56,2.06,D,0
32.46582,74.82226,331.27,0.44,0.39,2021-11-15,817,N,VIIRS,n,2,298.06,2.16,D,0
32.46801,74.69659,330.23,0.44,0.38,2021-11-15,817,N,VIIRS,l,2,301.06,3.59,D,0
32.47169,73.26289,331.87,0.4,0.37,2021-11-15,817,N,VIIRS,n,2,300.95,3.93,D,0
32.47393,73.70831,330.36,0.41,0.37,2021-11-15,817,N,VIIRS,n,2,298.25,2.06,D,0
32.47506,73.26225,345.31,0.4,0.37,2021-11-15,817,N,VIIRS,n,2,299.9,3.93,D,0
32.47869,74.7235,340.79,0.44,0.38,2021-11-15,817,N,VIIRS,n,2,300.2,4.94,D,0
32.48129,73.18249,331.3,0.4,0.37,2021-11-15,817,N,VIIRS,n,2,300.31,2.21,D,0
32.48289,74.75645,335.31,0.44,0.39,2021-11-15,817,N,VIIRS,n,2,300.14,3.54,D,0
32.4836,74.81915,329.42,0.44,0.39,2021-11-15,817,N,VIIRS,n,2,296.65,1.81,D,0
32.48466,74.4091,330.39,0.43,0.38,2021-11-15,817,N,VIIRS,n,2,299.72,2.47,D,0
32.48544,74.41135,330.32,0.43,0.38,2021-11-15,817,N,VIIRS,n,2,300.71,2.07,D,0
32.48643,74.75582,337.1,0.44,0.39,2021-11-15,817,N,VIIRS,n,2,298.09,3.54,D,0
32.48704,74.76054,332.1,0.44,0.39,2021-11-15,817,N,VIIRS,n,2,298.76,4.92,D,0
32.49059,74.75992,346.87,0.44,0.39,2021-11-15,817,N,VIIRS,n,2,298.61,7.45,D,0
32.49137,74.85175,337.02,0.45,0.39,2021-11-15,817,N,VIIRS,n,2,297.91,2.9,D,0
32.49192,74.82738,329.47,0.45,0.39,2021-11-15,817,N,VIIRS,n,2,298.4,2.44,D,0
32.49245,74.80306,331.9,0.44,0.39,2021-11-15,817,N,VIIRS,n,2,297.18,1.6,D,0
32.49397,74.70159,331.9,0.44,0.38,2021-11-15,817,N,VIIRS,n,2,298.86,1.91,D,0
32.49786,73.30163,330.74,0.4,0.37,2021-11-15,817,N,VIIRS,n,2,298.17,2.03,D,0
32.49892,73.20959,340.02,0.4,0.37,2021-11-15,817,N,VIIRS,n,2,299.1,3.28,D,0
32.49977,73.54381,331.61,0.41,0.37,2021-11-15,817,N,VIIRS,n,2,298.3,2.08,D,0
32.50191,74.79173,334.42,0.44,0.39,2021-11-15,817,N,VIIRS,n,2,298.79,5.06,D,0
32.50287,74.71443,333.74,0.44,0.38,2021-11-15,817,N,VIIRS,n,2,297.85,2.44,D,0
32.50964,73.21189,339.31,0.4,0.37,2021-11-15,817,N,VIIRS,n,2,300.88,4.01,D,0
32.5187,73.07957,335.41,0.4,0.37,2021-11-15,817,N,VIIRS,n,2,298.52,2.56,D,0
32.52542,74.64111,329.83,0.44,0.38,2021-11-15,817,N,VIIRS,n,2,298,1.94,D,0
32.5408,74.76342,331.41,0.44,0.39,2021-11-15,817,N,VIIRS,n,2,298.16,3.7,D,0
32.54499,73.26627,340.13,0.4,0.37,2021-11-15,817,N,VIIRS,n,2,299.21,2.62,D,0
32.54573,73.26703,333.99,0.4,0.37,2021-11-15,817,N,VIIRS,n,2,299.45,3.88,D,0
32.56504,73.74143,338.43,0.41,0.37,2021-11-15,817,N,VIIRS,n,2,297.47,4.08,D,0
32.56966,73.74957,330.9,0.41,0.37,2021-11-15,817,N,VIIRS,n,2,299.98,3.7,D,0
32.57019,74.65231,337.33,0.44,0.38,2021-11-15,817,N,VIIRS,n,2,298.47,3.52,D,0
32.5741,74.57038,332.19,0.44,0.38,2021-11-15,817,N,VIIRS,n,2,297.98,2.81,D,0
32.60237,73.40132,344.97,0.4,0.37,2021-11-15,817,N,VIIRS,n,2,299.93,7.25,D,0
32.61525,74.50272,331.77,0.43,0.38,2021-11-15,817,N,VIIRS,n,2,297.97,1.64,D,0
32.61938,74.53524,335.34,0.44,0.38,2021-11-15,817,N,VIIRS,n,2,299.37,3.29,D,0
32.62312,73.70922,331.27,0.41,0.37,2021-11-15,817,N,VIIRS,n,2,299.53,2.31,D,0
32.63534,74.66151,332.28,0.44,0.38,2021-11-15,817,N,VIIRS,n,2,298.72,3.26,D,0
32.63888,74.66089,334.88,0.44,0.38,2021-11-15,817,N,VIIRS,n,2,298.99,3.26,D,0
32.67316,74.703,329.02,0.44,0.39,2021-11-15,817,N,VIIRS,n,2,303.5,1.99,D,0
32.6806,74.59112,329.42,0.44,0.38,2021-11-15,817,N,VIIRS,n,2,297.24,1.2,D,0
32.68155,74.5146,332.13,0.44,0.38,2021-11-15,817,N,VIIRS,n,2,297.03,3.2,D,0
32.69497,74.67503,336.22,0.44,0.38,2021-11-15,817,N,VIIRS,n,2,300.66,4.63,D,0
32.75625,74.62259,337.82,0.44,0.38,2021-11-15,817,N,VIIRS,n,2,298.01,3.36,D,0
32.75856,74.58376,336.39,0.44,0.38,2021-11-15,817,N,VIIRS,n,2,298.19,5.32,D,0
32.77841,71.55376,337.28,0.38,0.36,2021-11-15,817,N,VIIRS,n,2,301.59,5.62,D,0
32.79214,74.59216,328.39,0.44,0.38,2021-11-15,817,N,VIIRS,n,2,297.35,4.26,D,0
32.82122,74.43075,328.96,0.43,0.38,2021-11-15,817,N,VIIRS,n,2,297.95,2.4,D,0
32.83102,71.56365,337.5,0.38,0.36,2021-11-15,817,N,VIIRS,n,2,299.23,2.67,D,0
32.8707,71.53871,339.08,0.38,0.36,2021-11-15,817,N,VIIRS,n,2,298.03,4.65,D,0
32.89811,73.07413,330.38,0.4,0.37,2021-11-15,817,N,VIIRS,n,2,299.67,2.26,D,0
32.89909,73.05641,332.04,0.4,0.37,2021-11-15,817,N,VIIRS,n,2,301.19,7.05,D,0
32.89969,73.06067,333.98,0.4,0.37,2021-11-15,817,N,VIIRS,n,2,303.03,7.05,D,0
32.90176,72.64885,334.34,0.39,0.36,2021-11-15,817,N,VIIRS,l,2,304.86,5.38,D,0
33.25607,71.37848,340.64,0.38,0.36,2021-11-15,817,N,VIIRS,n,2,300.59,3.12,D,0
33.25937,71.37777,345.81,0.38,0.36,2021-11-15,817,N,VIIRS,n,2,299.81,7.91,D,0
33.28776,74.09978,329.65,0.43,0.38,2021-11-15,817,N,VIIRS,n,2,297.06,1.59,D,0
33.28835,74.10426,336.12,0.43,0.38,2021-11-15,817,N,VIIRS,n,2,297.57,4.54,D,0
33.39515,72.7403,338.81,0.4,0.37,2021-11-15,817,N,VIIRS,n,2,301.93,4.28,D,0
33.39576,72.74455,333.02,0.4,0.37,2021-11-15,817,N,VIIRS,n,2,301.44,3.56,D,0
33.42435,71.12736,332.38,0.38,0.36,2021-11-15,817,N,VIIRS,n,2,300.7,2.16,D,0
33.53081,71.15509,331.17,0.38,0.36,2021-11-15,817,N,VIIRS,n,2,298.08,2.69,D,0
33.54401,72.86028,337.77,0.4,0.37,2021-11-15,817,N,VIIRS,n,2,303.2,9.38,D,0
34.93383,69.30979,332.82,0.4,0.37,2021-11-15,817,N,VIIRS,n,2,299.23,2.11,D,0
35.04274,71.0514,330.71,0.38,0.36,2021-11-15,817,N,VIIRS,n,2,293.2,2.98,D,0
33.13323,74.97348,309.77,0.41,0.37,2021-11-15,2039,N,VIIRS,n,2,283.85,1.66,N,0
33.29042,74.10863,299.52,0.44,0.38,2021-11-15,2039,N,VIIRS,n,2,284.56,1.07,N,0
33.29332,74.11413,311.19,0.44,0.38,2021-11-15,2039,N,VIIRS,n,2,284.95,1.62,N,0
33.45247,71.58745,313.13,0.57,0.43,2021-11-15,2039,N,VIIRS,n,2,280.4,1.2,N,0
33.59975,70.69995,305.03,0.42,0.46,2021-11-15,2039,N,VIIRS,n,2,280.62,1.39,N,0
33.60016,70.69588,310.66,0.43,0.46,2021-11-15,2039,N,VIIRS,n,2,279.83,1.39,N,0
33.60064,70.69115,298.67,0.43,0.46,2021-11-15,2039,N,VIIRS,n,2,278.86,0.89,N,0
33.60394,70.70072,306.03,0.42,0.46,2021-11-15,2039,N,VIIRS,n,2,279.94,1.42,N,0
33.60434,70.69675,319.82,0.43,0.46,2021-11-15,2039,N,VIIRS,n,2,277.96,1.42,N,0
33.68913,72.71151,306.15,0.51,0.41,2021-11-15,2039,N,VIIRS,n,2,284.66,1.79,N,2
33.73633,70.98582,314.36,0.41,0.45,2021-11-15,2039,N,VIIRS,n,2,276.43,1.58,N,0
33.73688,70.98071,300.96,0.41,0.45,2021-11-15,2039,N,VIIRS,n,2,274.84,1.58,N,0
33.7405,70.98621,300.4,0.41,0.45,2021-11-15,2039,N,VIIRS,n,2,276.33,1.05,N,0
33.82802,72.83178,296.56,0.5,0.41,2021-11-15,2039,N,VIIRS,n,2,283.51,1.08,N,2
28.62348,77.47539,296.92,0.4,0.37,2021-11-15,2040,N,VIIRS,n,2,286.9,0.32,N,0
28.83865,77.22029,296.51,0.39,0.36,2021-11-15,2040,N,VIIRS,n,2,286,0.41,N,0
28.84397,77.14704,296.2,0.39,0.36,2021-11-15,2040,N,VIIRS,n,2,283.16,0.24,N,0
29.12531,75.77758,310.75,0.38,0.36,2021-11-15,2040,N,VIIRS,n,2,287.77,0.99,N,2
29.26637,76.89654,297.54,0.39,0.36,2021-11-15,2040,N,VIIRS,n,2,284.04,0.41,N,0
29.36152,76.95708,295.32,0.39,0.36,2021-11-15,2040,N,VIIRS,n,2,284.97,0.7,N,0
29.5151,75.46931,305.57,0.39,0.36,2021-11-15,2040,N,VIIRS,n,2,282.56,0.73,N,0
29.54291,75.28596,302.45,0.39,0.36,2021-11-15,2040,N,VIIRS,n,2,281.5,0.56,N,0
30.15854,72.69341,301.06,0.47,0.39,2021-11-15,2040,N,VIIRS,n,2,283.86,0.79,N,0
30.32866,70.53938,309.74,0.4,0.44,2021-11-15,2040,N,VIIRS,n,2,290,0.79,N,2
31.07534,71.97665,299.51,0.51,0.41,2021-11-15,2040,N,VIIRS,n,2,282.59,0.85,N,0
31.16636,72.02457,298.4,0.51,0.41,2021-11-15,2040,N,VIIRS,n,2,281.85,0.64,N,0
31.16913,72.02641,310.09,0.51,0.41,2021-11-15,2040,N,VIIRS,n,2,282.53,1.99,N,0
31.17015,72.02518,296.78,0.51,0.41,2021-11-15,2040,N,VIIRS,n,2,281.89,0.64,N,0
31.41432,76.83501,299.37,0.38,0.36,2021-11-15,2040,N,VIIRS,n,2,284.61,0.65,N,0
31.61974,74.43067,297.29,0.42,0.37,2021-11-15,2040,N,VIIRS,n,2,283.9,0.35,N,2
31.62034,74.42629,297.14,0.42,0.37,2021-11-15,2040,N,VIIRS,n,2,283.91,0.35,N,2
31.66222,74.14353,307.76,0.42,0.38,2021-11-15,2040,N,VIIRS,n,2,284.8,1.06,N,0
32.0836,74.16271,298.86,0.43,0.38,2021-11-15,2040,N,VIIRS,n,2,282.3,0.6,N,2
32.08708,74.16337,298.66,0.43,0.38,2021-11-15,2040,N,VIIRS,n,2,284.27,0.82,N,2
32.10328,74.17568,299.36,0.43,0.38,2021-11-15,2040,N,VIIRS,n,2,285.81,0.44,N,0
32.1305,74.18543,297.44,0.43,0.38,2021-11-15,2040,N,VIIRS,n,2,286.63,0.47,N,0
32.20188,74.21967,296.55,0.43,0.38,2021-11-15,2040,N,VIIRS,n,2,285.63,0.84,N,2
32.20475,74.22485,300.5,0.43,0.38,2021-11-15,2040,N,VIIRS,n,2,284.47,0.5,N,2
32.28989,70.7403,301.39,0.41,0.45,2021-11-15,2040,N,VIIRS,n,2,289.61,0.94,N,2
32.29037,70.73572,309.15,0.41,0.45,2021-11-15,2040,N,VIIRS,n,2,291.37,1.86,N,2
32.29692,74.31381,295.6,0.42,0.38,2021-11-15,2040,N,VIIRS,n,2,283.06,0.57,N,0
32.38853,72.14288,297.9,0.52,0.42,2021-11-15,2040,N,VIIRS,n,2,287.33,1.3,N,2
32.57594,72.56526,297.41,0.5,0.41,2021-11-15,2040,N,VIIRS,n,2,286.6,1.25,N,2
32.72704,73.14051,304.32,0.47,0.4,2021-11-15,2040,N,VIIRS,n,2,287.43,0.95,N,2
32.88983,71.61655,297.54,0.56,0.43,2021-11-15,2040,N,VIIRS,n,2,286.94,0.85,N,2
25.15339,77.00035,307.96,0.41,0.37,2021-11-15,2041,N,VIIRS,n,2,283.79,0.63,N,0
25.67167,76.18818,297.1,0.39,0.36,2021-11-15,2041,N,VIIRS,n,2,286.67,0.33,N,0
25.82544,73.38378,299.17,0.41,0.37,2021-11-15,2041,N,VIIRS,n,2,285,0.95,N,0
26.04542,74.59932,302.2,0.39,0.36,2021-11-15,2041,N,VIIRS,n,2,282.92,0.5,N,0
26.26593,74.18757,304.45,0.39,0.36,2021-11-15,2041,N,VIIRS,n,2,290.36,1.6,N,2
26.27261,74.18879,309.12,0.39,0.36,2021-11-15,2041,N,VIIRS,n,2,290.2,1.16,N,2
26.29923,74.12518,301.92,0.39,0.36,2021-11-15,2041,N,VIIRS,n,2,290.85,0.96,N,2
26.60446,73.68445,301.86,0.4,0.37,2021-11-15,2041,N,VIIRS,n,2,286.82,1.02,N,0
26.87276,73.5167,297.45,0.41,0.37,2021-11-15,2041,N,VIIRS,n,2,284.82,0.75,N,2
26.88017,73.51381,299.16,0.41,0.37,2021-11-15,2041,N,VIIRS,n,2,285.08,0.84,N,2
26.92536,73.46561,299.21,0.41,0.37,2021-11-15,2041,N,VIIRS,n,2,282.94,1.33,N,0
27.66619,76.13102,304.43,0.39,0.36,2021-11-15,2041,N,VIIRS,n,2,283.5,0.65,N,2
27.66949,76.13168,304.78,0.39,0.36,2021-11-15,2041,N,VIIRS,n,2,285.35,0.65,N,2
28.20738,76.8756,327.47,0.39,0.36,2021-11-15,2041,N,VIIRS,n,2,286.74,2.4,N,0
28.20888,76.87864,304.26,0.39,0.36,2021-11-15,2041,N,VIIRS,n,2,285.25,0.77,N,0
29.54243,60.89373,300.74,0.72,0.76,2021-11-15,2041,N,VIIRS,n,2,275.44,1.28,N,0
24.57804,74.80363,303.4,0.38,0.36,2021-11-15,2042,N,VIIRS,n,2,287.86,0.66,N,2
24.64104,74.68341,305.84,0.38,0.36,2021-11-15,2042,N,VIIRS,n,2,286.09,0.93,N,2
24.68861,73.00029,298.69,0.41,0.37,2021-11-15,2042,N,VIIRS,n,2,287.97,1.7,N,2
24.68885,73.00176,303.91,0.41,0.37,2021-11-15,2042,N,VIIRS,n,2,289.81,1.14,N,2
24.71406,74.66893,300.59,0.38,0.36,2021-11-15,2042,N,VIIRS,n,2,287.09,0.61,N,0
24.71523,75.95368,300.46,0.39,0.36,2021-11-15,2042,N,VIIRS,n,2,288.91,0.62,N,2
24.76431,74.60825,317.77,0.38,0.36,2021-11-15,2042,N,VIIRS,n,2,294.07,2.13,N,2
24.822,73.09238,303.81,0.41,0.37,2021-11-15,2042,N,VIIRS,n,2,290.49,0.89,N,2
24.93275,74.63471,307.89,0.38,0.36,2021-11-15,2042,N,VIIRS,n,2,288,0.76,N,2
25.0514,67.49483,305.65,0.52,0.5,2021-11-15,2042,N,VIIRS,n,2,291.93,0.85,N,2
25.39878,68.56561,305.63,0.45,0.47,2021-11-15,2042,N,VIIRS,n,2,286.6,0.9,N,2
25.40309,68.56621,303.4,0.45,0.47,2021-11-15,2042,N,VIIRS,n,2,286.83,0.73,N,0
28.20679,61.30568,295.35,0.39,0.59,2021-11-15,2222,N,VIIRS,n,2,277.7,0.5,N,2
23.74691,75.63632,341.87,0.44,0.39,2021-11-16,755,N,VIIRS,n,2,304.02,3.8,D,0
23.74766,75.64066,349.92,0.44,0.39,2021-11-16,755,N,VIIRS,n,2,303.28,7.72,D,0
23.75044,75.63561,345.56,0.44,0.39,2021-11-16,755,N,VIIRS,n,2,305.11,3.23,D,0
23.75119,75.63995,357.1,0.44,0.39,2021-11-16,755,N,VIIRS,l,2,305.47,5.59,D,0
23.75194,75.64428,339.49,0.44,0.39,2021-11-16,755,N,VIIRS,n,2,304.45,5.59,D,0
23.82805,75.8987,349.74,0.43,0.38,2021-11-16,755,N,VIIRS,n,2,302.7,3.73,D,0
23.82876,75.90292,339.38,0.43,0.38,2021-11-16,755,N,VIIRS,n,2,303.3,3.73,D,0
23.88148,75.89287,349.29,0.43,0.38,2021-11-16,755,N,VIIRS,n,2,304.39,3.6,D,0
23.8822,75.89707,356.12,0.43,0.38,2021-11-16,755,N,VIIRS,l,2,306.34,13.91,D,0
23.88292,75.90128,348.79,0.43,0.38,2021-11-16,755,N,VIIRS,n,2,305.22,13.91,D,0
23.88496,75.89217,332.16,0.43,0.38,2021-11-16,755,N,VIIRS,l,2,304.63,3.6,D,0
23.8864,75.90058,356.69,0.43,0.38,2021-11-16,755,N,VIIRS,l,2,307.11,13.91,D,0
23.88917,75.89568,347.13,0.43,0.38,2021-11-16,755,N,VIIRS,n,2,307.92,5.66,D,0
23.88989,75.89988,350.81,0.43,0.38,2021-11-16,755,N,VIIRS,n,2,306.62,5.66,D,0
23.92757,76.12115,349.55,0.42,0.38,2021-11-16,755,N,VIIRS,n,2,304.08,4.86,D,0
23.92828,76.12528,331.77,0.42,0.38,2021-11-16,755,N,VIIRS,n,2,305.98,4.86,D,0
23.93103,76.12045,356.66,0.42,0.38,2021-11-16,755,N,VIIRS,l,2,303.95,4.86,D,0
23.9419,76.03667,348.88,0.43,0.38,2021-11-16,755,N,VIIRS,n,2,304.94,2.07,D,0
23.9426,76.04082,342.58,0.43,0.38,2021-11-16,755,N,VIIRS,n,2,304.53,2.49,D,0
23.94467,76.03184,342.83,0.43,0.38,2021-11-16,755,N,VIIRS,n,2,303.85,2.07,D,0
23.94813,76.03114,342.83,0.43,0.38,2021-11-16,755,N,VIIRS,n,2,304.18,1.73,D,0
24.22679,72.1686,331.02,0.44,0.46,2021-11-16,756,N,VIIRS,n,2,302.98,1.88,D,0
24.3658,69.49921,334.08,0.63,0.54,2021-11-16,756,N,VIIRS,n,2,304.33,1.64,D,0
24.68295,75.13661,356.9,0.45,0.39,2021-11-16,756,N,VIIRS,l,2,302.68,7.9,D,0
24.68372,75.14105,346.66,0.45,0.39,2021-11-16,756,N,VIIRS,n,2,301.87,4.62,D,0
24.68498,75.12699,349.51,0.45,0.39,2021-11-16,756,N,VIIRS,n,2,303.55,6.89,D,0
24.68575,75.13143,356.76,0.45,0.39,2021-11-16,756,N,VIIRS,l,2,303.16,7.62,D,0
24.68652,75.13589,356.78,0.45,0.39,2021-11-16,756,N,VIIRS,l,2,303.69,7.62,D,0
24.68728,75.14032,339.56,0.45,0.39,2021-11-16,756,N,VIIRS,n,2,302.54,4.68,D,0
24.68777,75.12181,346.13,0.45,0.39,2021-11-16,756,N,VIIRS,n,2,303.51,6.89,D,0
24.68854,75.12625,357.06,0.45,0.39,2021-11-16,756,N,VIIRS,l,2,303.82,6.89,D,0
24.68931,75.1307,357.07,0.45,0.39,2021-11-16,756,N,VIIRS,l,2,302.01,7.62,D,0
24.69008,75.13514,354.7,0.45,0.39,2021-11-16,756,N,VIIRS,n,2,302.2,7.62,D,0
24.69073,75.12705,356.71,0.45,0.39,2021-11-16,756,N,VIIRS,l,2,303.24,8.68,D,0
24.69152,75.13149,356.7,0.45,0.39,2021-11-16,756,N,VIIRS,l,2,304,9.79,D,0
24.6921,75.1255,341.58,0.45,0.39,2021-11-16,756,N,VIIRS,n,2,301.74,4.31,D,0
24.6923,75.13592,347.77,0.45,0.39,2021-11-16,756,N,VIIRS,n,2,302.8,9.79,D,0
24.69287,75.12995,355.99,0.45,0.39,2021-11-16,756,N,VIIRS,n,2,301.76,7.26,D,0
24.69429,75.12631,356.47,0.45,0.39,2021-11-16,756,N,VIIRS,n,2,301.56,8.68,D,0
24.75599,74.50564,336.91,0.48,0.4,2021-11-16,756,N,VIIRS,n,2,298.54,3.59,D,0
25.00227,76.15459,336.51,0.41,0.37,2021-11-16,756,N,VIIRS,n,2,301.06,3.25,D,0
25.0205,68.29924,330.64,0.36,0.57,2021-11-16,756,N,VIIRS,n,2,300.43,1.62,D,0
25.05196,68.36563,335.26,0.36,0.57,2021-11-16,756,N,VIIRS,n,2,301.5,3.28,D,0
25.11773,75.96209,335.22,0.42,0.38,2021-11-16,756,N,VIIRS,n,2,303.18,2.24,D,0
25.13837,75.97923,337.07,0.42,0.38,2021-11-16,756,N,VIIRS,n,2,305.34,2.92,D,0
25.15618,69.19218,334.05,0.63,0.54,2021-11-16,756,N,VIIRS,n,2,302.94,2.9,D,0
25.157,69.19218,334.04,0.63,0.54,2021-11-16,756,N,VIIRS,n,2,303.07,3.88,D,0
25.17955,76.9989,334.85,0.39,0.37,2021-11-16,756,N,VIIRS,n,2,303.82,2.66,D,0
25.18613,67.01506,331.45,0.43,0.62,2021-11-16,756,N,VIIRS,l,2,305.01,2.25,D,0
25.19173,67.01353,338.24,0.43,0.62,2021-11-16,756,N,VIIRS,n,2,307.04,2.25,D,0
25.21154,76.94032,331.14,0.4,0.37,2021-11-16,756,N,VIIRS,n,2,303.1,1.41,D,0
25.23499,75.97287,331.38,0.42,0.38,2021-11-16,756,N,VIIRS,l,2,302.55,3.77,D,0
25.24859,75.86312,335.45,0.42,0.38,2021-11-16,756,N,VIIRS,n,2,302.45,5.84,D,0
25.28586,75.88201,330.29,0.42,0.38,2021-11-16,756,N,VIIRS,n,2,303.77,2.33,D,0
25.31675,75.6638,330.92,0.43,0.38,2021-11-16,756,N,VIIRS,n,2,298.83,1.79,D,0
25.32522,75.94669,334.58,0.42,0.38,2021-11-16,756,N,VIIRS,n,2,301.45,3.01,D,0
25.33652,75.78122,331.98,0.42,0.38,2021-11-16,756,N,VIIRS,n,2,299.78,1.8,D,0
25.38243,75.85424,345.88,0.42,0.38,2021-11-16,756,N,VIIRS,n,2,301.99,8.29,D,0
25.38305,76.97958,334.97,0.39,0.36,2021-11-16,756,N,VIIRS,n,2,300.2,3.06,D,0
25.38848,76.01511,338.68,0.42,0.37,2021-11-16,756,N,VIIRS,n,2,302.44,5.68,D,0
25.38967,76.01439,341.42,0.42,0.37,2021-11-16,756,N,VIIRS,n,2,302.51,5.26,D,0
25.40453,76.65562,332.84,0.4,0.37,2021-11-16,756,N,VIIRS,n,2,301.92,5.08,D,0
25.40943,76.62199,335.76,0.4,0.37,2021-11-16,756,N,VIIRS,n,2,302.61,3.56,D,0
25.41539,76.63714,336.42,0.4,0.37,2021-11-16,756,N,VIIRS,n,2,300.91,2.45,D,0
25.41616,76.62066,332.24,0.4,0.37,2021-11-16,756,N,VIIRS,n,2,302.26,2.47,D,0
25.42767,76.60612,334.02,0.4,0.37,2021-11-16,756,N,VIIRS,n,2,302.5,3.02,D,0
25.43981,76.70163,337.79,0.4,0.37,2021-11-16,756,N,VIIRS,n,2,302.07,2.13,D,0
25.43995,76.68124,332.1,0.4,0.37,2021-11-16,756,N,VIIRS,n,2,300.19,1.52,D,0
25.45962,76.14419,335.83,0.41,0.37,2021-11-16,756,N,VIIRS,n,2,301.13,3.28,D,0
25.47286,76.58486,338.91,0.4,0.37,2021-11-16,756,N,VIIRS,n,2,301.78,2.62,D,0
25.48039,76.56696,346.36,0.4,0.37,2021-11-16,756,N,VIIRS,n,2,302.65,4.62,D,0
25.48089,76.56705,344.42,0.4,0.37,2021-11-16,756,N,VIIRS,n,2,303.83,6.05,D,0
25.48523,76.63963,331.67,0.4,0.37,2021-11-16,756,N,VIIRS,n,2,300.57,1.04,D,0
25.49511,76.54781,331.41,0.4,0.37,2021-11-16,756,N,VIIRS,n,2,299.29,0.9,D,0
25.49913,76.55113,333.6,0.4,0.37,2021-11-16,756,N,VIIRS,n,2,302.59,4,D,0
25.50131,76.64886,336.32,0.4,0.37,2021-11-16,756,N,VIIRS,n,2,302.62,4.04,D,0
25.5056,76.71725,339.89,0.4,0.37,2021-11-16,756,N,VIIRS,n,2,304.48,3.81,D,0
25.50718,76.55775,334.66,0.4,0.37,2021-11-16,756,N,VIIRS,n,2,302.51,3.84,D,0
25.50783,76.56171,346.06,0.4,0.37,2021-11-16,756,N,VIIRS,n,2,301.89,3.84,D,0
25.50924,76.54913,337.42,0.4,0.37,2021-11-16,756,N,VIIRS,n,2,300.68,6.23,D,0
25.5096,76.72052,330.57,0.4,0.37,2021-11-16,756,N,VIIRS,l,2,303.34,2.32,D,0
25.50998,76.65937,345.08,0.4,0.37,2021-11-16,756,N,VIIRS,n,2,301.86,5.93,D,0
25.51179,76.6916,333.09,0.4,0.37,2021-11-16,756,N,VIIRS,n,2,302.43,2.67,D,0
25.51334,76.65871,346.29,0.4,0.37,2021-11-16,756,N,VIIRS,n,2,301.12,5.93,D,0
25.51695,76.72313,335.4,0.4,0.37,2021-11-16,756,N,VIIRS,n,2,302.57,3.25,D,0
25.5176,76.72707,335.3,0.4,0.37,2021-11-16,756,N,VIIRS,n,2,303.57,3.69,D,0
25.51923,69.18293,330.67,0.62,0.54,2021-11-16,756,N,VIIRS,l,2,303.7,2.53,D,0
25.52277,76.65276,332.55,0.4,0.37,2021-11-16,756,N,VIIRS,n,2,301.27,4.99,D,0
25.53789,76.59669,338.55,0.4,0.37,2021-11-16,756,N,VIIRS,n,2,305.66,14.65,D,0
25.54592,76.60328,332.86,0.4,0.37,2021-11-16,756,N,VIIRS,n,2,300.39,1.9,D,0
25.54651,76.71323,332.25,0.4,0.37,2021-11-16,756,N,VIIRS,n,2,306.95,5.05,D,0
25.54715,76.71717,333.52,0.4,0.37,2021-11-16,756,N,VIIRS,n,2,304.95,5.05,D,0
25.54805,77.052,331.55,0.39,0.36,2021-11-16,756,N,VIIRS,n,2,301.84,2.41,D,0
25.55407,76.58938,332.28,0.4,0.37,2021-11-16,756,N,VIIRS,n,2,298.26,2.31,D,0
25.55458,76.61383,335.02,0.4,0.37,2021-11-16,756,N,VIIRS,n,2,298.84,3.82,D,0
25.56273,76.59993,334.9,0.4,0.37,2021-11-16,756,N,VIIRS,n,2,299.44,5.5,D,0
25.56895,76.57413,331.95,0.4,0.37,2021-11-16,756,N,VIIRS,n,2,298.48,4.06,D,0
25.57984,76.55558,353.05,0.4,0.37,2021-11-16,756,N,VIIRS,n,2,303.96,8.88,D,0
25.58885,76.61111,339.36,0.4,0.37,2021-11-16,756,N,VIIRS,n,2,299,7.11,D,0
25.593,76.59391,336.96,0.4,0.37,2021-11-16,756,N,VIIRS,n,2,302.16,6.61,D,0
25.5936,76.59076,330.84,0.4,0.37,2021-11-16,756,N,VIIRS,n,2,300.06,5.8,D,0
25.59426,76.59472,345.52,0.4,0.37,2021-11-16,756,N,VIIRS,n,2,302.87,5.8,D,0
25.60445,76.57223,337.6,0.4,0.37,2021-11-16,756,N,VIIRS,n,2,299.69,2.73,D,0
25.6052,76.55569,330.78,0.4,0.37,2021-11-16,756,N,VIIRS,n,2,299.88,1.64,D,0
25.60857,76.55503,340.73,0.4,0.37,2021-11-16,756,N,VIIRS,n,2,299.9,2.99,D,0
25.60867,76.53452,334.35,0.4,0.37,2021-11-16,756,N,VIIRS,n,2,300.19,6.83,D,0
25.60933,76.53848,335.43,0.4,0.37,2021-11-16,756,N,VIIRS,n,2,302.62,3.48,D,0
25.61081,76.78985,330.65,0.4,0.37,2021-11-16,756,N,VIIRS,l,2,301.79,2.14,D,0
25.61107,76.59137,337.23,0.4,0.37,2021-11-16,756,N,VIIRS,n,2,300.13,2.86,D,0
25.61319,76.68882,333.74,0.4,0.37,2021-11-16,756,N,VIIRS,n,2,300.43,2.95,D,0
25.62905,76.72227,334,0.4,0.37,2021-11-16,756,N,VIIRS,n,2,302.51,4.41,D,0
25.63357,68.44629,344.56,0.34,0.56,2021-11-16,756,N,VIIRS,n,2,300.26,3.21,D,0
25.63732,76.58205,341.22,0.4,0.37,2021-11-16,756,N,VIIRS,n,2,300.96,8.49,D,0
25.64103,76.73209,332.93,0.4,0.37,2021-11-16,756,N,VIIRS,n,2,299.88,1.69,D,0
25.6421,76.56882,333.56,0.4,0.37,2021-11-16,756,N,VIIRS,n,2,297.95,4.23,D,0
25.64392,76.60119,332.07,0.4,0.37,2021-11-16,756,N,VIIRS,n,2,298.87,1.68,D,0
25.64467,76.69072,331.59,0.4,0.37,2021-11-16,756,N,VIIRS,n,2,298.66,1.55,D,0
25.6575,76.57804,331.22,0.4,0.37,2021-11-16,756,N,VIIRS,n,2,300.48,1.11,D,0
25.65828,76.56151,336.74,0.4,0.37,2021-11-16,756,N,VIIRS,n,2,301.71,6.33,D,0
25.65957,76.56944,336.49,0.4,0.37,2021-11-16,756,N,VIIRS,n,2,301.29,11.74,D,0
25.66294,76.56877,339.4,0.4,0.37,2021-11-16,756,N,VIIRS,n,2,304.85,11.74,D,0
25.67238,76.5628,330.26,0.4,0.37,2021-11-16,756,N,VIIRS,n,2,299.53,1.33,D,0
25.67289,76.58724,332.95,0.4,0.37,2021-11-16,756,N,VIIRS,n,2,301.25,5.43,D,0
25.67846,76.55749,340.75,0.4,0.37,2021-11-16,756,N,VIIRS,n,2,301.46,8.94,D,0
25.68891,76.60042,344.13,0.4,0.37,2021-11-16,756,N,VIIRS,n,2,299.13,2.89,D,0
25.68999,76.54291,333.6,0.4,0.37,2021-11-16,756,N,VIIRS,n,2,298.26,1.84,D,0
25.6902,76.60834,333.39,0.4,0.37,2021-11-16,756,N,VIIRS,n,2,298.83,2.38,D,0
25.69084,76.61229,343.74,0.4,0.37,2021-11-16,756,N,VIIRS,n,2,300.19,5.53,D,0
25.69435,76.59116,337.79,0.4,0.37,2021-11-16,756,N,VIIRS,n,2,299.58,2.67,D,0
25.69499,76.59512,330.44,0.4,0.37,2021-11-16,756,N,VIIRS,l,2,300.74,2.59,D,0
25.69835,76.59445,339.39,0.4,0.37,2021-11-16,756,N,VIIRS,n,2,302.84,3.74,D,0
25.70981,76.59639,334.57,0.4,0.37,2021-11-16,756,N,VIIRS,n,2,301.3,4.07,D,0
25.72,76.57392,345.4,0.4,0.37,2021-11-16,756,N,VIIRS,n,2,304.43,10.64,D,0
25.72455,76.60163,334.67,0.4,0.37,2021-11-16,756,N,VIIRS,n,2,298.8,4.5,D,0
25.72779,76.62141,339.26,0.4,0.37,2021-11-16,756,N,VIIRS,n,2,300.64,18.88,D,0
25.72844,76.62535,345.8,0.4,0.37,2021-11-16,756,N,VIIRS,n,2,309.99,18.88,D,0
25.73448,76.72585,337.2,0.4,0.37,2021-11-16,756,N,VIIRS,n,2,302.88,2.23,D,0
25.7354,76.68909,334.08,0.4,0.37,2021-11-16,756,N,VIIRS,n,2,299.2,2.68,D,0
25.73758,76.55405,332.9,0.4,0.37,2021-11-16,756,N,VIIRS,n,2,301.15,3.94,D,0
25.74275,76.6917,334.49,0.4,0.37,2021-11-16,756,N,VIIRS,n,2,299.78,3.17,D,0
25.74339,76.69563,332.38,0.4,0.37,2021-11-16,756,N,VIIRS,n,2,300.52,3.17,D,0
25.75103,76.55137,331.5,0.4,0.37,2021-11-16,756,N,VIIRS,l,2,301.75,4.68,D,0
25.75168,76.55534,332.47,0.4,0.37,2021-11-16,756,N,VIIRS,n,2,300.63,4.68,D,0
25.75297,76.56326,345.14,0.4,0.37,2021-11-16,756,N,VIIRS,n,2,301.32,5.1,D,0
25.76208,76.70413,335.16,0.4,0.37,2021-11-16,756,N,VIIRS,n,2,302.58,5.13,D,0
25.76408,76.61011,332.14,0.4,0.37,2021-11-16,756,N,VIIRS,n,2,298.66,2.5,D,0
25.76637,76.66668,345.31,0.4,0.37,2021-11-16,756,N,VIIRS,n,2,301.86,10.74,D,0
25.76809,76.61339,331.12,0.4,0.37,2021-11-16,756,N,VIIRS,n,2,299.31,1.78,D,0
25.76942,76.70673,348.77,0.4,0.37,2021-11-16,756,N,VIIRS,n,2,303.33,10.98,D,0
25.77006,76.71067,335.87,0.4,0.37,2021-11-16,756,N,VIIRS,n,2,300.68,3.04,D,0
25.77198,76.72248,330.43,0.4,0.37,2021-11-16,756,N,VIIRS,n,2,303.24,1.9,D,0
25.77579,76.66074,333.27,0.4,0.37,2021-11-16,756,N,VIIRS,n,2,301.23,3.32,D,0
25.77786,76.65219,333.84,0.4,0.37,2021-11-16,756,N,VIIRS,n,2,299.9,3.45,D,0
25.78087,76.60674,331.48,0.4,0.37,2021-11-16,756,N,VIIRS,n,2,300.96,2.82,D,0
25.78314,76.66336,336.28,0.4,0.37,2021-11-16,756,N,VIIRS,n,2,299.69,3.62,D,0
25.78488,76.61004,340.86,0.4,0.37,2021-11-16,756,N,VIIRS,n,2,303.3,12.87,D,0
25.79033,76.68634,346.29,0.4,0.37,2021-11-16,756,N,VIIRS,n,2,303.13,10.15,D,0
25.79512,76.67319,348.81,0.4,0.37,2021-11-16,756,N,VIIRS,n,2,310.52,20.47,D,0
25.79576,76.67714,337.12,0.4,0.37,2021-11-16,756,N,VIIRS,n,2,300.43,20.47,D,0
25.81108,76.68629,333.88,0.4,0.37,2021-11-16,756,N,VIIRS,n,2,302.25,5.53,D,0
25.81715,76.68102,339.28,0.4,0.37,2021-11-16,756,N,VIIRS,n,2,299.73,5.62,D,0
25.81888,76.64028,335.22,0.4,0.37,2021-11-16,756,N,VIIRS,n,2,301.61,2.29,D,0
25.82146,76.65607,332.37,0.4,0.37,2021-11-16,756,N,VIIRS,l,2,302.5,1.68,D,0
25.8236,68.90913,330.82,0.32,0.54,2021-11-16,756,N,VIIRS,n,2,304.04,1.47,D,0
25.82376,76.6067,333.02,0.4,0.37,2021-11-16,756,N,VIIRS,n,2,299.49,3.21,D,0
25.82441,76.61065,336.04,0.4,0.37,2021-11-16,756,N,VIIRS,n,2,304.46,7.5,D,0
25.82449,76.68363,350.37,0.4,0.37,2021-11-16,756,N,VIIRS,n,2,303.45,9.47,D,0
25.82598,76.68365,343.68,0.4,0.37,2021-11-16,756,N,VIIRS,n,2,299.82,5.18,D,0
25.82662,76.68758,335.34,0.4,0.37,2021-11-16,756,N,VIIRS,n,2,301.76,5.18,D,0
25.83113,76.60932,332.72,0.4,0.37,2021-11-16,756,N,VIIRS,n,2,301.22,2.74,D,0
25.83759,76.6488,337.03,0.4,0.37,2021-11-16,756,N,VIIRS,n,2,301.85,3.74,D,0
25.83823,76.65274,331.86,0.4,0.37,2021-11-16,756,N,VIIRS,n,2,301.75,3.74,D,0
25.8412,76.60732,334.54,0.4,0.37,2021-11-16,756,N,VIIRS,n,2,303.15,3.97,D,0
25.84494,76.65141,333.57,0.4,0.37,2021-11-16,756,N,VIIRS,n,2,302.15,9.25,D,0
25.85204,76.58881,346.02,0.4,0.37,2021-11-16,756,N,VIIRS,n,2,303.43,6.26,D,0
25.85523,76.79949,330.06,0.39,0.37,2021-11-16,756,N,VIIRS,n,2,302.38,1.37,D,0
25.85539,76.77923,334.04,0.4,0.37,2021-11-16,756,N,VIIRS,n,2,300.91,2.73,D,0
25.85938,76.78249,340.64,0.39,0.37,2021-11-16,756,N,VIIRS,n,2,302.94,3.95,D,0
25.8861,77.72092,338.17,0.38,0.36,2021-11-16,756,N,VIIRS,n,2,300.7,2.96,D,0
25.88758,76.67952,338.77,0.4,0.37,2021-11-16,756,N,VIIRS,n,2,302.11,6.96,D,0
25.90243,76.66438,335.27,0.4,0.37,2021-11-16,756,N,VIIRS,n,2,302.21,3.33,D,0
25.90306,76.66831,331.87,0.4,0.37,2021-11-16,756,N,VIIRS,n,2,300.86,4.28,D,0
25.92199,76.58723,334.4,0.4,0.37,2021-11-16,756,N,VIIRS,n,2,303.37,1.8,D,0
25.93195,76.80453,344.7,0.39,0.37,2021-11-16,756,N,VIIRS,n,2,306.24,8.84,D,0
25.93297,73.8976,330.95,0.5,0.41,2021-11-16,756,N,VIIRS,n,2,304.73,2.18,D,0
25.95608,76.60495,333,0.4,0.37,2021-11-16,756,N,VIIRS,n,2,303.7,3.84,D,0
26.47884,68.09095,333.24,0.35,0.56,2021-11-16,756,N,VIIRS,n,2,299.71,1.66,D,0
27.94741,77.42764,346.86,0.38,0.36,2021-11-16,756,N,VIIRS,n,2,303.16,4.53,D,0
27.94801,77.43153,341.14,0.38,0.36,2021-11-16,756,N,VIIRS,n,2,301.52,4.53,D,0
27.95462,77.43024,336.64,0.38,0.36,2021-11-16,756,N,VIIRS,n,2,302.08,3.71,D,0
28.10899,77.40091,332.57,0.38,0.36,2021-11-16,756,N,VIIRS,n,2,302.17,1.5,D,0
28.23446,77.33627,332.76,0.38,0.36,2021-11-16,756,N,VIIRS,n,2,300.08,2.44,D,0
28.3921,70.00617,332.38,0.49,0.48,2021-11-16,757,N,VIIRS,n,2,300.29,2.42,D,0
28.39494,70.00848,331.44,0.49,0.48,2021-11-16,757,N,VIIRS,n,2,299.87,1.93,D,0
28.63091,70.02694,340.77,0.48,0.48,2021-11-16,757,N,VIIRS,n,2,303.45,5.07,D,0
28.65581,76.51803,332.69,0.39,0.36,2021-11-16,757,N,VIIRS,n,2,299.11,1.73,D,0
28.69466,76.67707,332.76,0.39,0.36,2021-11-16,757,N,VIIRS,n,2,301.56,4.73,D,0
28.80295,77.67023,338.66,0.38,0.36,2021-11-16,757,N,VIIRS,n,2,301.62,11.81,D,0
28.82663,76.71954,332.12,0.39,0.36,2021-11-16,757,N,VIIRS,n,2,300.35,1.76,D,0
28.83379,76.44529,331.21,0.39,0.36,2021-11-16,757,N,VIIRS,n,2,299.44,2.94,D,0
28.83785,76.34203,331.39,0.39,0.36,2021-11-16,757,N,VIIRS,n,2,297.99,1.2,D,0
28.86667,76.20037,331.2,0.39,0.36,2021-11-16,757,N,VIIRS,n,2,298.32,2.68,D,0
28.86731,76.20436,331.15,0.39,0.36,2021-11-16,757,N,VIIRS,n,2,298.04,2.68,D,0
28.89716,70.64988,340.35,0.44,0.46,2021-11-16,757,N,VIIRS,n,2,299.74,3.74,D,0
28.90439,76.91496,337.47,0.38,0.36,2021-11-16,757,N,VIIRS,n,2,298.17,4.93,D,0
28.90875,76.50759,333.78,0.39,0.36,2021-11-16,757,N,VIIRS,n,2,298.15,2.2,D,0
28.90915,76.98668,332.99,0.38,0.36,2021-11-16,757,N,VIIRS,n,2,302.35,4.89,D,0
28.91234,76.68209,333.37,0.39,0.36,2021-11-16,757,N,VIIRS,n,2,300.92,3.78,D,0
28.93527,77.02621,332.67,0.38,0.36,2021-11-16,757,N,VIIRS,n,2,299.87,2.86,D,0
28.93585,70.53617,340.61,0.44,0.46,2021-11-16,757,N,VIIRS,n,2,300.12,8.68,D,0
28.93689,76.41264,336.08,0.39,0.36,2021-11-16,757,N,VIIRS,n,2,309.05,14.19,D,0
28.9402,76.41196,335.9,0.39,0.36,2021-11-16,757,N,VIIRS,n,2,300.49,14.19,D,0
28.94147,76.41989,332.37,0.39,0.36,2021-11-16,757,N,VIIRS,n,2,298.43,1.42,D,0
28.95411,76.41321,341.83,0.39,0.36,2021-11-16,757,N,VIIRS,n,2,298.85,3.61,D,0
28.95474,75.55657,336.38,0.4,0.37,2021-11-16,757,N,VIIRS,l,2,307.06,2.25,D,0
28.95542,75.56066,350.41,0.4,0.37,2021-11-16,757,N,VIIRS,n,2,305.93,2.25,D,0
28.95553,76.40063,335.54,0.39,0.36,2021-11-16,757,N,VIIRS,n,2,302.51,3.48,D,0
28.95616,76.40459,341.96,0.39,0.36,2021-11-16,757,N,VIIRS,n,2,301.61,5.67,D,0
28.95686,76.55975,336.34,0.39,0.36,2021-11-16,757,N,VIIRS,n,2,298.58,2.78,D,0
28.95777,76.75418,334.18,0.39,0.36,2021-11-16,757,N,VIIRS,n,2,300.03,4.95,D,0
28.95879,75.55994,340.8,0.4,0.37,2021-11-16,757,N,VIIRS,n,2,304.07,2.25,D,0
28.96026,76.38736,331.83,0.39,0.36,2021-11-16,757,N,VIIRS,n,2,299.92,1.7,D,0
28.96574,77.15771,332.45,0.38,0.36,2021-11-16,757,N,VIIRS,n,2,300.21,5.12,D,0
28.96724,76.5821,332.58,0.39,0.36,2021-11-16,757,N,VIIRS,n,2,299.8,1.73,D,0
28.96769,76.75217,345.06,0.39,0.36,2021-11-16,757,N,VIIRS,n,2,301.78,6.18,D,0
28.96831,76.75611,333.73,0.39,0.36,2021-11-16,757,N,VIIRS,n,2,298.62,6.18,D,0
28.9694,76.48779,332.44,0.39,0.36,2021-11-16,757,N,VIIRS,n,2,297.83,5.01,D,0
28.98399,76.5583,331.49,0.39,0.36,2021-11-16,757,N,VIIRS,n,2,298.21,1.42,D,0
28.98864,76.22126,341.54,0.39,0.36,2021-11-16,757,N,VIIRS,n,2,300.79,4.48,D,0
28.99127,77.16883,334.11,0.38,0.36,2021-11-16,757,N,VIIRS,n,2,300.25,3.11,D,0
29.00894,76.34863,333.55,0.39,0.36,2021-11-16,757,N,VIIRS,n,2,301.55,3.56,D,0
29.01462,76.53571,334.64,0.39,0.36,2021-11-16,757,N,VIIRS,n,2,298.55,2.52,D,0
29.01495,76.34328,331.07,0.39,0.36,2021-11-16,757,N,VIIRS,n,2,301.6,2.69,D,0
29.02073,76.44454,331.89,0.39,0.36,2021-11-16,757,N,VIIRS,n,2,297.65,3.04,D,0
29.02188,76.9529,331.67,0.38,0.36,2021-11-16,757,N,VIIRS,n,2,302.31,2.74,D,0
29.02249,76.95684,332.25,0.38,0.36,2021-11-16,757,N,VIIRS,n,2,301.46,2.74,D,0
29.02342,76.43989,332.94,0.39,0.36,2021-11-16,757,N,VIIRS,n,2,300.7,2.32,D,0
29.02646,76.39422,336.48,0.39,0.36,2021-11-16,757,N,VIIRS,n,2,299.96,4.27,D,0
29.03406,76.50723,330.52,0.39,0.36,2021-11-16,757,N,VIIRS,n,2,297.92,1.49,D,0
29.04193,76.43236,342.55,0.39,0.36,2021-11-16,757,N,VIIRS,n,2,298.63,3.79,D,0
29.0477,76.72455,331.81,0.39,0.36,2021-11-16,757,N,VIIRS,n,2,297.68,1.96,D,0
29.05292,75.8099,331.9,0.4,0.37,2021-11-16,757,N,VIIRS,n,2,298.42,3.68,D,0
29.05355,76.60934,333.12,0.39,0.36,2021-11-16,757,N,VIIRS,n,2,300.75,3.17,D,0
29.0573,77.78757,332,0.39,0.36,2021-11-16,757,N,VIIRS,n,2,298.59,3.99,D,0
29.06182,76.42828,335.2,0.39,0.36,2021-11-16,757,N,VIIRS,n,2,299.39,2.87,D,0
29.07397,77.0033,343.58,0.38,0.36,2021-11-16,757,N,VIIRS,n,2,303.68,3.18,D,0
29.07529,76.5563,331.28,0.39,0.36,2021-11-16,757,N,VIIRS,n,2,298.79,1.78,D,0
29.08296,77.45834,329.27,0.38,0.36,2021-11-16,757,N,VIIRS,n,2,298.97,1.37,D,0
29.09641,76.56015,330.88,0.39,0.36,2021-11-16,757,N,VIIRS,n,2,297.79,1.78,D,0
29.09706,76.69449,332.94,0.39,0.36,2021-11-16,757,N,VIIRS,n,2,301.66,2.74,D,0
29.10222,76.57529,331.61,0.39,0.36,2021-11-16,757,N,VIIRS,n,2,299.23,1.36,D,0
29.11349,76.34383,335.68,0.39,0.36,2021-11-16,757,N,VIIRS,n,2,302.56,5.47,D,0
29.11475,76.35177,332.8,0.39,0.36,2021-11-16,757,N,VIIRS,n,2,301.21,5.43,D,0
29.11538,76.12946,335.18,0.39,0.36,2021-11-16,757,N,VIIRS,n,2,298.76,2.37,D,0
29.11628,76.55609,332.43,0.39,0.36,2021-11-16,757,N,VIIRS,n,2,300.44,2.53,D,0
29.12183,76.16943,346.66,0.39,0.36,2021-11-16,757,N,VIIRS,n,2,301.47,4.29,D,0
29.12247,76.17342,334.65,0.39,0.36,2021-11-16,757,N,VIIRS,n,2,299.01,3.32,D,0
29.12418,76.22666,335.25,0.39,0.36,2021-11-16,757,N,VIIRS,n,2,298.52,3.33,D,0
29.12974,76.8382,337.39,0.38,0.36,2021-11-16,757,N,VIIRS,n,2,304.4,6.97,D,0
29.1333,75.9848,346.95,0.39,0.36,2021-11-16,757,N,VIIRS,n,2,306.64,7.43,D,0
29.13331,76.134,332.84,0.39,0.36,2021-11-16,757,N,VIIRS,n,2,299.22,2.64,D,0
29.14298,76.59551,331.47,0.39,0.36,2021-11-16,757,N,VIIRS,n,2,298.66,3.44,D,0
29.14651,76.15189,339.67,0.39,0.36,2021-11-16,757,N,VIIRS,n,2,300.86,3.65,D,0
29.15103,76.5163,330.84,0.39,0.36,2021-11-16,757,N,VIIRS,l,2,303.28,2.8,D,0
29.15656,76.85716,331.14,0.38,0.36,2021-11-16,757,N,VIIRS,n,2,303.65,2.19,D,0
29.15701,76.04624,332.73,0.39,0.36,2021-11-16,757,N,VIIRS,n,2,299.6,2.51,D,0
29.17127,76.32794,331.98,0.39,0.36,2021-11-16,757,N,VIIRS,n,2,299.37,2.42,D,0
29.17183,76.13835,332.87,0.39,0.36,2021-11-16,757,N,VIIRS,n,2,300.72,2.53,D,0
29.17563,76.91424,335.54,0.38,0.36,2021-11-16,757,N,VIIRS,n,2,302.44,2.03,D,0
29.17798,76.88535,347.43,0.38,0.36,2021-11-16,757,N,VIIRS,n,2,303.4,4.02,D,0
29.1849,70.96315,335.39,0.41,0.45,2021-11-16,757,N,VIIRS,n,2,301.54,2.06,D,0
29.18666,76.10217,338.11,0.39,0.36,2021-11-16,757,N,VIIRS,n,2,304.36,4.06,D,0
29.18903,76.03122,337.58,0.39,0.36,2021-11-16,757,N,VIIRS,n,2,302.29,3.04,D,0
29.19342,76.80918,330.41,0.38,0.36,2021-11-16,757,N,VIIRS,n,2,297.45,2.45,D,0
29.19371,76.14618,337.21,0.39,0.36,2021-11-16,757,N,VIIRS,n,2,302.25,4.06,D,0
29.19996,76.20679,333.03,0.39,0.36,2021-11-16,757,N,VIIRS,n,2,300.18,3.13,D,0
29.20493,76.34563,339.52,0.39,0.36,2021-11-16,757,N,VIIRS,n,2,301.76,9.43,D,0
29.2054,76.37015,335.06,0.39,0.36,2021-11-16,757,N,VIIRS,n,2,300.17,2.98,D,0
29.20625,76.89184,339.42,0.38,0.36,2021-11-16,757,N,VIIRS,n,2,303.74,4.41,D,0
29.20872,76.36946,337.87,0.39,0.36,2021-11-16,757,N,VIIRS,n,2,303.62,6.88,D,0
29.21184,76.21668,333.9,0.39,0.36,2021-11-16,757,N,VIIRS,n,2,301.02,7.27,D,0
29.22265,76.65277,336.78,0.39,0.36,2021-11-16,757,N,VIIRS,n,2,300.01,1.85,D,0
29.22848,76.29967,331.38,0.39,0.36,2021-11-16,757,N,VIIRS,n,2,299.84,2.02,D,0
29.22886,76.62705,333.03,0.39,0.36,2021-11-16,757,N,VIIRS,n,2,302.25,2.92,D,0
29.23051,76.59408,331.26,0.39,0.36,2021-11-16,757,N,VIIRS,n,2,302.27,1.93,D,0
29.23294,76.18379,342.45,0.39,0.36,2021-11-16,757,N,VIIRS,n,2,301.69,4.39,D,0
29.23359,76.18778,343.43,0.39,0.36,2021-11-16,757,N,VIIRS,n,2,303.04,4.39,D,0
29.23705,76.46197,342.92,0.39,0.36,2021-11-16,757,N,VIIRS,n,2,305.95,18.31,D,0
29.24215,76.19836,330.4,0.39,0.36,2021-11-16,757,N,VIIRS,n,2,299.87,1.95,D,0
29.24227,76.17772,347.05,0.39,0.36,2021-11-16,757,N,VIIRS,n,2,306.09,13.88,D,0
29.24499,76.99377,330.8,0.38,0.36,2021-11-16,757,N,VIIRS,n,2,303.66,1.51,D,0
29.24613,76.957,344.5,0.38,0.36,2021-11-16,757,N,VIIRS,n,2,301.08,2.97,D,0
29.24891,76.04813,335.64,0.39,0.36,2021-11-16,757,N,VIIRS,n,2,302.18,2.66,D,0
29.25014,75.90653,335,0.39,0.36,2021-11-16,757,N,VIIRS,n,2,299.89,5.63,D,0
29.25224,76.04743,333.45,0.39,0.36,2021-11-16,757,N,VIIRS,n,2,299.58,2.85,D,0
29.25238,76.71191,334.48,0.39,0.36,2021-11-16,757,N,VIIRS,n,2,302.74,2.12,D,0
29.25449,76.63813,330.09,0.39,0.36,2021-11-16,757,N,VIIRS,n,2,302.71,1.8,D,0
29.25488,76.83743,332.37,0.38,0.36,2021-11-16,757,N,VIIRS,n,2,301.11,1.37,D,0
29.25708,76.14159,341.85,0.39,0.36,2021-11-16,757,N,VIIRS,n,2,305.89,13.19,D,0
29.25885,75.89635,342.64,0.39,0.36,2021-11-16,757,N,VIIRS,n,2,298.45,3.42,D,0
29.2604,76.14091,338.42,0.39,0.36,2021-11-16,757,N,VIIRS,n,2,301.95,2.87,D,0
29.26427,77.03049,330.76,0.38,0.36,2021-11-16,757,N,VIIRS,n,2,303.53,3.96,D,0
29.26487,77.03443,333.81,0.38,0.36,2021-11-16,757,N,VIIRS,n,2,303.83,5.67,D,0
29.26637,76.75791,332.92,0.39,0.36,2021-11-16,757,N,VIIRS,n,2,300.76,2.44,D,0
29.26821,76.27533,347.45,0.39,0.36,2021-11-16,757,N,VIIRS,n,2,303.58,8.03,D,0
29.26896,76.64333,330.01,0.39,0.36,2021-11-16,757,N,VIIRS,n,2,298.05,1.04,D,0
29.27749,76.52759,333.65,0.39,0.36,2021-11-16,757,N,VIIRS,n,2,301.26,1.91,D,0
29.27757,75.88405,335.6,0.39,0.36,2021-11-16,757,N,VIIRS,n,2,302.81,2.65,D,0
29.27765,76.63341,334.16,0.39,0.36,2021-11-16,757,N,VIIRS,n,2,299.62,2.26,D,0
29.27905,75.88474,336.64,0.39,0.36,2021-11-16,757,N,VIIRS,n,2,302.24,4.49,D,0
29.28311,76.5632,346.59,0.39,0.36,2021-11-16,757,N,VIIRS,n,2,300.55,6.76,D,0
29.28506,76.68081,334.7,0.39,0.36,2021-11-16,757,N,VIIRS,n,2,301.07,2.59,D,0
29.28538,75.93243,345.41,0.39,0.36,2021-11-16,757,N,VIIRS,n,2,300.44,4.68,D,0
29.29806,76.69854,338.01,0.39,0.36,2021-11-16,757,N,VIIRS,n,2,299.84,4.24,D,0
29.30444,76.67715,341.53,0.39,0.36,2021-11-16,757,N,VIIRS,n,2,303.26,8.41,D,0
29.30454,74.83904,334.43,0.42,0.37,2021-11-16,757,N,VIIRS,n,2,305.85,2.34,D,0
29.30726,76.8675,336.02,0.38,0.36,2021-11-16,757,N,VIIRS,n,2,303.73,4.79,D,0
29.30974,76.21316,334.22,0.39,0.36,2021-11-16,757,N,VIIRS,n,2,302.15,6.84,D,0
29.31368,70.28402,339.68,0.45,0.47,2021-11-16,757,N,VIIRS,n,2,301.86,3.3,D,0
29.31416,76.63033,345.28,0.39,0.36,2021-11-16,757,N,VIIRS,n,2,301.57,5.78,D,0
29.31777,76.45795,339.92,0.39,0.36,2021-11-16,757,N,VIIRS,n,2,299.73,3.26,D,0
29.31851,73.66795,335.48,0.46,0.39,2021-11-16,757,N,VIIRS,n,2,302.39,2.81,D,0
29.32014,76.69026,345.45,0.39,0.36,2021-11-16,757,N,VIIRS,n,2,301.35,6.29,D,0
29.32056,76.64941,332.02,0.39,0.36,2021-11-16,757,N,VIIRS,n,2,300.78,2.45,D,0
29.32305,76.59996,334.01,0.39,0.36,2021-11-16,757,N,VIIRS,n,2,300.13,2.82,D,0
29.3257,76.9207,333.93,0.38,0.36,2021-11-16,757,N,VIIRS,n,2,301.33,3.14,D,0
29.32744,76.88783,331.54,0.38,0.36,2021-11-16,757,N,VIIRS,n,2,300.4,0.97,D,0
29.32966,76.66386,346.36,0.39,0.36,2021-11-16,757,N,VIIRS,n,2,302.52,7.04,D,0
29.33307,76.8829,341.19,0.38,0.36,2021-11-16,757,N,VIIRS,n,2,301.42,5.86,D,0
29.33869,76.33062,337.94,0.39,0.36,2021-11-16,757,N,VIIRS,n,2,301.16,5.7,D,0
29.3443,76.93348,343.01,0.38,0.36,2021-11-16,757,N,VIIRS,n,2,301.96,10.25,D,0
29.34973,76.35708,334.45,0.39,0.36,2021-11-16,757,N,VIIRS,n,2,302.19,2.61,D,0
29.35059,74.2621,335.9,0.43,0.38,2021-11-16,757,N,VIIRS,n,2,303.78,2.02,D,0
29.36292,73.96012,344.93,0.45,0.39,2021-11-16,757,N,VIIRS,n,2,307.97,16.06,D,0
29.36767,76.68874,338.51,0.39,0.36,2021-11-16,757,N,VIIRS,n,2,301.04,3.33,D,0
29.3709,76.86308,334.29,0.38,0.36,2021-11-16,757,N,VIIRS,n,2,301.68,3.27,D,0
29.37168,76.37389,341.6,0.39,0.36,2021-11-16,757,N,VIIRS,n,2,300.85,4.49,D,0
29.37182,76.43946,336.88,0.39,0.36,2021-11-16,757,N,VIIRS,n,2,301.39,2.41,D,0
29.3751,73.72904,332.41,0.45,0.39,2021-11-16,757,N,VIIRS,l,2,303.3,4.92,D,0
29.37577,76.44275,333.34,0.39,0.36,2021-11-16,757,N,VIIRS,n,2,302.76,2.33,D,0
29.37876,76.31083,333.23,0.39,0.36,2021-11-16,757,N,VIIRS,n,2,299.9,2.33,D,0
29.38356,76.53526,332.45,0.39,0.36,2021-11-16,757,N,VIIRS,n,2,300.23,2.03,D,0
29.38741,76.47311,330.24,0.39,0.36,2021-11-16,757,N,VIIRS,l,2,301.06,2.53,D,0
29.39028,73.93617,338.61,0.45,0.39,2021-11-16,757,N,VIIRS,n,2,301.5,4.03,D,0
29.39091,76.27952,332.89,0.39,0.36,2021-11-16,757,N,VIIRS,n,2,301.07,2.48,D,0
29.39187,76.32865,346.23,0.39,0.36,2021-11-16,757,N,VIIRS,n,2,301.69,5.95,D,0
29.39535,76.69126,331.54,0.39,0.36,2021-11-16,757,N,VIIRS,n,2,301.64,2.08,D,0
29.39551,76.37307,341.96,0.39,0.36,2021-11-16,757,N,VIIRS,n,2,303.59,8.19,D,0
29.39582,76.33195,332.53,0.39,0.36,2021-11-16,757,N,VIIRS,n,2,301.4,2.34,D,0
29.39796,76.75186,332.95,0.38,0.36,2021-11-16,757,N,VIIRS,n,2,301.43,2.03,D,0
29.39799,74.65563,333.96,0.42,0.38,2021-11-16,757,N,VIIRS,n,2,305.67,7.82,D,0
29.39882,76.37238,332.27,0.39,0.36,2021-11-16,757,N,VIIRS,n,2,301.32,2.98,D,0
29.40013,74.65849,333.36,0.42,0.38,2021-11-16,757,N,VIIRS,n,2,303.41,8.06,D,0
29.40196,76.90968,331.63,0.38,0.36,2021-11-16,757,N,VIIRS,n,2,300.39,2.02,D,0
29.40656,76.31329,335.58,0.39,0.36,2021-11-16,757,N,VIIRS,n,2,300.56,2.38,D,0
29.40752,75.14079,337.2,0.41,0.37,2021-11-16,757,N,VIIRS,n,2,301.76,3.29,D,0
29.40849,76.75378,341.4,0.38,0.36,2021-11-16,757,N,VIIRS,n,2,304.15,4.42,D,0
29.41008,76.78596,342.28,0.38,0.36,2021-11-16,757,N,VIIRS,n,2,301.38,4.92,D,0
29.4102,75.91592,330.91,0.39,0.36,2021-11-16,757,N,VIIRS,n,2,300.37,1.2,D,0
29.41128,76.53776,331.9,0.39,0.36,2021-11-16,757,N,VIIRS,n,2,300.51,2.7,D,0
29.41485,76.77287,334.75,0.38,0.36,2021-11-16,757,N,VIIRS,n,2,300.93,2.35,D,0
29.41509,76.32384,334.44,0.39,0.36,2021-11-16,757,N,VIIRS,n,2,298.01,1.25,D,0
29.41669,76.78461,345.33,0.38,0.36,2021-11-16,757,N,VIIRS,n,2,305.31,6.32,D,0
29.41816,76.7722,337.93,0.38,0.36,2021-11-16,757,N,VIIRS,n,2,301.28,2.35,D,0
29.42158,74.91087,332.53,0.41,0.37,2021-11-16,757,N,VIIRS,n,2,301.13,1.84,D,0
29.42688,76.41991,346.13,0.39,0.36,2021-11-16,757,N,VIIRS,n,2,302.39,9.19,D,0
29.42792,74.00312,330.31,0.44,0.39,2021-11-16,757,N,VIIRS,l,2,301.22,3.95,D,0
29.42802,76.51388,332.47,0.39,0.36,2021-11-16,757,N,VIIRS,l,2,303.54,2.38,D,0
29.43317,76.8912,335.6,0.38,0.36,2021-11-16,757,N,VIIRS,n,2,299.43,2.5,D,0
29.4368,74.93821,339.03,0.41,0.37,2021-11-16,757,N,VIIRS,n,2,300.93,3.35,D,0
29.43715,76.65908,332.08,0.39,0.36,2021-11-16,757,N,VIIRS,n,2,301.37,1.91,D,0
29.43792,74.90283,344.81,0.41,0.37,2021-11-16,757,N,VIIRS,n,2,305.1,11.36,D,0
29.43813,74.84657,332.73,0.42,0.37,2021-11-16,757,N,VIIRS,n,2,301.11,1.95,D,0
29.44078,74.90321,331.9,0.41,0.37,2021-11-16,757,N,VIIRS,n,2,298.47,3.43,D,0
29.44328,77.02336,345.21,0.38,0.36,2021-11-16,757,N,VIIRS,n,2,306.87,4.98,D,0
29.44486,77.18964,333.31,0.38,0.36,2021-11-16,757,N,VIIRS,n,2,300.23,2.36,D,0
29.44505,76.38335,334.08,0.39,0.36,2021-11-16,757,N,VIIRS,n,2,302.21,3.78,D,0
29.44811,74.884,333.53,0.41,0.37,2021-11-16,757,N,VIIRS,l,2,303.59,3.7,D,0
29.44839,74.78238,331.16,0.42,0.37,2021-11-16,757,N,VIIRS,n,2,303.33,2.09,D,0
29.45617,76.54082,332.82,0.39,0.36,2021-11-16,757,N,VIIRS,n,2,299.42,3.14,D,0
29.45871,77.43892,331.4,0.38,0.36,2021-11-16,757,N,VIIRS,n,2,297.56,2.39,D,0
29.45938,76.40911,334.17,0.39,0.36,2021-11-16,757,N,VIIRS,n,2,302.08,2.39,D,0
29.45963,76.45415,336.26,0.39,0.36,2021-11-16,757,N,VIIRS,n,2,303.88,2.74,D,0
29.46084,74.02377,336.58,0.44,0.38,2021-11-16,757,N,VIIRS,n,2,301.05,2.59,D,0
29.46124,74.89868,333.11,0.41,0.37,2021-11-16,757,N,VIIRS,n,2,303.3,3.6,D,0
29.46153,74.85899,331.38,0.41,0.37,2021-11-16,757,N,VIIRS,n,2,299.19,1.97,D,0
29.473,75.46971,333.87,0.4,0.37,2021-11-16,757,N,VIIRS,n,2,304.09,1.95,D,0
29.47745,74.80689,340.73,0.42,0.37,2021-11-16,757,N,VIIRS,n,2,303.42,20.6,D,0
29.48261,74.9203,334.94,0.41,0.37,2021-11-16,757,N,VIIRS,n,2,300.81,4.59,D,0
29.48283,74.79685,333,0.42,0.37,2021-11-16,757,N,VIIRS,n,2,298.44,2.25,D,0
29.48499,71.59475,330.4,0.57,0.43,2021-11-16,757,N,VIIRS,n,2,305.32,4.11,D,0
29.48625,74.79608,333.79,0.42,0.37,2021-11-16,757,N,VIIRS,n,2,299.53,2.68,D,0
29.48625,76.26014,339.42,0.39,0.36,2021-11-16,757,N,VIIRS,n,2,301.46,4.96,D,0
29.4864,76.13223,333.03,0.39,0.36,2021-11-16,757,N,VIIRS,n,2,301.12,4.23,D,0
29.4907,75.17535,344.51,0.41,0.37,2021-11-16,757,N,VIIRS,n,2,301.95,6.05,D,0
29.49311,74.16588,346.01,0.44,0.38,2021-11-16,757,N,VIIRS,n,2,308.33,15.11,D,0
29.49353,74.43669,330.49,0.43,0.38,2021-11-16,757,N,VIIRS,n,2,301.62,0.98,D,0
29.4954,76.81428,337.52,0.38,0.36,2021-11-16,757,N,VIIRS,n,2,302.02,2.82,D,0
29.4966,74.16507,341.33,0.44,0.38,2021-11-16,757,N,VIIRS,n,2,305.34,15.11,D,0
29.49663,74.41326,346.4,0.43,0.38,2021-11-16,757,N,VIIRS,n,2,303.58,8.17,D,0
29.50197,76.07931,331.89,0.39,0.36,2021-11-16,757,N,VIIRS,n,2,302.55,6.19,D,0
29.50261,76.08331,336.01,0.39,0.36,2021-11-16,757,N,VIIRS,n,2,302.29,6.19,D,0
29.50412,76.62908,333.67,0.39,0.36,2021-11-16,757,N,VIIRS,n,2,304.61,2.41,D,0
29.50629,74.1582,344.09,0.44,0.38,2021-11-16,757,N,VIIRS,n,2,304.2,11.93,D,0
29.50655,75.4199,332.98,0.4,0.37,2021-11-16,757,N,VIIRS,n,2,303.2,1.84,D,0
29.50723,75.42401,332.67,0.4,0.37,2021-11-16,757,N,VIIRS,n,2,302.01,3.53,D,0
29.50784,75.80792,345.3,0.39,0.36,2021-11-16,757,N,VIIRS,n,2,303.55,10.3,D,0
29.51005,74.93616,346.97,0.41,0.37,2021-11-16,757,N,VIIRS,n,2,304.77,4.73,D,0
29.51074,76.26328,336.48,0.39,0.36,2021-11-16,757,N,VIIRS,n,2,299.43,2.41,D,0
29.51118,75.80721,343.93,0.39,0.36,2021-11-16,757,N,VIIRS,n,2,302.55,6.42,D,0
29.51124,75.40609,333.36,0.4,0.37,2021-11-16,757,N,VIIRS,l,2,303.39,5.47,D,0
29.51328,76.27923,330.86,0.39,0.36,2021-11-16,757,N,VIIRS,n,2,299.67,1.65,D,0
29.51359,74.67524,331.57,0.42,0.38,2021-11-16,757,N,VIIRS,n,2,300.38,1.63,D,0
29.51417,74.93962,334.21,0.41,0.37,2021-11-16,757,N,VIIRS,n,2,302.19,4.47,D,0
29.51582,74.58522,348.98,0.42,0.38,2021-11-16,757,N,VIIRS,n,2,304.18,5.06,D,0
29.51591,76.44706,330.12,0.39,0.36,2021-11-16,757,N,VIIRS,n,2,302.57,1.81,D,0
29.51755,74.20198,345.33,0.43,0.38,2021-11-16,757,N,VIIRS,n,2,302.83,6.94,D,0
29.5183,76.22463,332.12,0.39,0.36,2021-11-16,757,N,VIIRS,n,2,300,1.88,D,0
29.5183,77.29781,333.03,0.38,0.36,2021-11-16,757,N,VIIRS,n,2,297.37,1.91,D,0
29.51863,75.34116,332.28,0.4,0.37,2021-11-16,757,N,VIIRS,n,2,300.27,1.56,D,0
29.51925,76.85832,337.9,0.38,0.36,2021-11-16,757,N,VIIRS,n,2,302.91,2.16,D,0
29.52114,75.826,332.01,0.39,0.36,2021-11-16,757,N,VIIRS,n,2,300.49,4.33,D,0
29.5215,74.5974,341.33,0.42,0.38,2021-11-16,757,N,VIIRS,n,2,302.11,4.76,D,0
29.52331,75.73339,335.26,0.4,0.37,2021-11-16,757,N,VIIRS,n,2,302.95,9.25,D,0
29.5235,74.91124,334.06,0.41,0.37,2021-11-16,757,N,VIIRS,n,2,299.91,2.46,D,0
29.52406,75.20687,344.24,0.41,0.37,2021-11-16,757,N,VIIRS,n,2,308.49,20.46,D,0
29.52691,74.91048,340.98,0.41,0.37,2021-11-16,757,N,VIIRS,n,2,299.66,4.46,D,0
29.52778,74.93661,334.02,0.41,0.37,2021-11-16,757,N,VIIRS,n,2,301.98,3.14,D,0
29.52933,76.94586,342.13,0.38,0.36,2021-11-16,757,N,VIIRS,n,2,301.04,3.97,D,0
29.53135,74.50967,335.18,0.42,0.38,2021-11-16,757,N,VIIRS,n,2,304.57,4.05,D,0
29.53187,74.22182,330.41,0.43,0.38,2021-11-16,757,N,VIIRS,l,2,302.18,2.1,D,0
29.53381,76.27907,331.87,0.39,0.36,2021-11-16,757,N,VIIRS,n,2,299.9,3.89,D,0
29.53472,74.71506,332.06,0.42,0.38,2021-11-16,757,N,VIIRS,n,2,299.57,2.12,D,0
29.53514,74.91743,332.9,0.41,0.37,2021-11-16,757,N,VIIRS,n,2,300.74,2.61,D,0
29.53525,74.59431,345.44,0.42,0.38,2021-11-16,757,N,VIIRS,n,2,306.86,19.43,D,0
29.53613,76.1097,333.37,0.39,0.36,2021-11-16,757,N,VIIRS,n,2,306.77,8.39,D,0
29.53632,76.06827,334.29,0.39,0.36,2021-11-16,757,N,VIIRS,n,2,300.45,1.05,D,0
29.53677,76.11371,341.86,0.39,0.36,2021-11-16,757,N,VIIRS,n,2,301.32,10.43,D,0
29.5393,74.53494,346.46,0.42,0.38,2021-11-16,757,N,VIIRS,n,2,308.08,18,D,0
29.53993,75.13428,331.87,0.41,0.37,2021-11-16,757,N,VIIRS,n,2,302.58,4.22,D,0
29.54063,75.13845,332.91,0.41,0.37,2021-11-16,757,N,VIIRS,n,2,299.87,4.22,D,0
29.54113,75.41315,334.07,0.4,0.37,2021-11-16,757,N,VIIRS,n,2,304.28,2.03,D,0
29.54184,74.57037,335.46,0.42,0.38,2021-11-16,757,N,VIIRS,n,2,299.98,4.06,D,0
29.54573,74.71704,331.89,0.42,0.38,2021-11-16,757,N,VIIRS,n,2,299.82,3,D,0
29.54641,76.17367,337.82,0.39,0.36,2021-11-16,757,N,VIIRS,n,2,299.14,2.58,D,0
29.54691,74.43369,330.67,0.43,0.38,2021-11-16,757,N,VIIRS,n,2,301.03,1.49,D,0
29.54712,75.8372,334.77,0.39,0.36,2021-11-16,757,N,VIIRS,n,2,303.78,1.86,D,0
29.54778,75.84124,334.42,0.39,0.36,2021-11-16,757,N,VIIRS,n,2,303.82,1.86,D,0
29.54865,76.24303,347.17,0.39,0.36,2021-11-16,757,N,VIIRS,n,2,302.18,6.15,D,0
29.54922,76.8567,340,0.38,0.36,2021-11-16,757,N,VIIRS,n,2,299.92,3.9,D,0
29.54971,75.36007,332.02,0.4,0.37,2021-11-16,757,N,VIIRS,n,2,300.23,2.69,D,0
29.55068,74.28406,340.24,0.43,0.38,2021-11-16,757,N,VIIRS,n,2,301.87,4.55,D,0
29.55069,76.32082,339.08,0.39,0.36,2021-11-16,757,N,VIIRS,n,2,299.23,2.72,D,0
29.5509,75.15783,342.31,0.41,0.37,2021-11-16,757,N,VIIRS,n,2,304.7,3.66,D,0
29.55177,76.16429,344.65,0.39,0.36,2021-11-16,757,N,VIIRS,n,2,301.79,9.93,D,0
29.55305,74.2815,334.89,0.43,0.38,2021-11-16,757,N,VIIRS,n,2,301.86,2.49,D,0
29.55328,75.23493,333.13,0.4,0.37,2021-11-16,757,N,VIIRS,n,2,304.3,5.34,D,0
29.55345,76.21757,348.72,0.39,0.36,2021-11-16,757,N,VIIRS,n,2,301.85,7.82,D,0
29.55354,74.67966,343.73,0.42,0.38,2021-11-16,757,N,VIIRS,n,2,299.53,5.43,D,0
29.55428,75.15709,340.32,0.41,0.37,2021-11-16,757,N,VIIRS,n,2,305.35,4.37,D,0
29.55451,75.81891,334.29,0.39,0.36,2021-11-16,757,N,VIIRS,n,2,304.09,2.65,D,0
29.55514,75.3717,332.45,0.4,0.37,2021-11-16,757,N,VIIRS,l,2,302.55,3.33,D,0
29.55739,74.9088,334.08,0.41,0.37,2021-11-16,757,N,VIIRS,n,2,303.13,2.85,D,0
29.55874,76.10083,335.65,0.39,0.36,2021-11-16,757,N,VIIRS,n,2,304.71,3.06,D,0
29.56235,75.31024,333.46,0.4,0.37,2021-11-16,757,N,VIIRS,n,2,301.4,1.88,D,0
29.5626,74.24915,335.97,0.43,0.38,2021-11-16,757,N,VIIRS,n,2,308.92,27.24,D,0
29.56416,74.258,332.82,0.43,0.38,2021-11-16,757,N,VIIRS,n,2,302.94,4.22,D,0
29.56524,75.36951,346.21,0.4,0.37,2021-11-16,757,N,VIIRS,n,2,302.33,5.21,D,0
29.56529,74.24393,332.55,0.43,0.38,2021-11-16,757,N,VIIRS,n,2,305.55,8.35,D,0
29.56608,74.24836,332.26,0.43,0.38,2021-11-16,757,N,VIIRS,n,2,301.97,6.38,D,0
29.56667,74.56927,338.58,0.42,0.38,2021-11-16,757,N,VIIRS,n,2,303.91,9.34,D,0
29.56825,75.26176,336.3,0.4,0.37,2021-11-16,757,N,VIIRS,n,2,302.48,3.43,D,0
29.57049,74.38281,333.53,0.43,0.38,2021-11-16,757,N,VIIRS,n,2,303,2.92,D,0
29.57122,74.38004,343.64,0.43,0.38,2021-11-16,757,N,VIIRS,n,2,303.36,4.45,D,0
29.57142,74.94952,336.72,0.41,0.37,2021-11-16,757,N,VIIRS,n,2,304.92,4.65,D,0
29.57335,76.21342,336.66,0.39,0.36,2021-11-16,757,N,VIIRS,n,2,301.75,5.03,D,0
29.57637,75.10027,340.89,0.41,0.37,2021-11-16,757,N,VIIRS,n,2,305.12,4.49,D,0
29.57667,76.21272,331.47,0.39,0.36,2021-11-16,757,N,VIIRS,n,2,302.61,2.19,D,0
29.57756,74.44488,343.83,0.43,0.38,2021-11-16,757,N,VIIRS,n,2,303.33,6.21,D,0
29.57834,76.03042,330.2,0.39,0.36,2021-11-16,757,N,VIIRS,n,2,300.64,2.04,D,0
29.57851,74.44202,335.02,0.43,0.38,2021-11-16,757,N,VIIRS,n,2,304.22,4.99,D,0
29.58036,76.15005,346.82,0.39,0.36,2021-11-16,757,N,VIIRS,n,2,301.49,7.15,D,0
29.58101,76.15404,332.24,0.39,0.36,2021-11-16,757,N,VIIRS,n,2,299.6,2.17,D,0
29.58551,75.17616,336.13,0.41,0.37,2021-11-16,757,N,VIIRS,n,2,303.71,4.53,D,0
29.58699,74.93732,333.08,0.41,0.37,2021-11-16,757,N,VIIRS,n,2,303.06,5.43,D,0
29.59094,75.00201,332.05,0.41,0.37,2021-11-16,757,N,VIIRS,n,2,300.36,3.09,D,0
29.5916,75.08884,331.86,0.41,0.37,2021-11-16,757,N,VIIRS,n,2,301.5,1.87,D,0
29.5939,76.21326,331.47,0.39,0.36,2021-11-16,757,N,VIIRS,n,2,299.27,1.55,D,0
29.59456,76.47615,332.5,0.39,0.36,2021-11-16,757,N,VIIRS,n,2,301.01,5.27,D,0
29.59493,76.15527,341.61,0.39,0.36,2021-11-16,757,N,VIIRS,n,2,307.52,18.53,D,0
29.59499,75.0881,334.83,0.41,0.37,2021-11-16,757,N,VIIRS,n,2,303.11,5.11,D,0
29.59674,75.30703,342.78,0.4,0.37,2021-11-16,757,N,VIIRS,n,2,303.14,3.69,D,0
29.59894,74.29141,333.59,0.43,0.38,2021-11-16,757,N,VIIRS,n,2,304.99,4.12,D,0
29.59936,77.00539,331.57,0.38,0.36,2021-11-16,757,N,VIIRS,n,2,302.32,1.56,D,0
29.59971,74.29582,332.43,0.43,0.38,2021-11-16,757,N,VIIRS,n,2,302.13,4.54,D,0
29.59978,74.56361,338.56,0.42,0.38,2021-11-16,757,N,VIIRS,n,2,304.27,3.29,D,0
29.60052,75.62497,330.94,0.4,0.37,2021-11-16,757,N,VIIRS,n,2,301.81,1.82,D,0
29.60287,75.05163,331.83,0.41,0.37,2021-11-16,757,N,VIIRS,n,2,300.18,2.79,D,0
29.60376,75.45492,332.62,0.4,0.37,2021-11-16,757,N,VIIRS,n,2,304.08,2.82,D,0
29.60582,75.48845,331.29,0.4,0.37,2021-11-16,757,N,VIIRS,n,2,301.25,3.79,D,0
29.60712,75.45419,337.18,0.4,0.37,2021-11-16,757,N,VIIRS,n,2,304.67,2.82,D,0
29.61098,74.95389,336.65,0.41,0.37,2021-11-16,757,N,VIIRS,n,2,299.99,4.56,D,0
29.61123,74.36182,312.43,0.43,0.38,2021-11-16,757,N,VIIRS,l,2,320.73,54.25,D,0
29.61199,74.3662,333.31,0.43,0.38,2021-11-16,757,N,VIIRS,n,2,302.49,25.78,D,0
29.61322,75.51231,334.38,0.4,0.37,2021-11-16,757,N,VIIRS,n,2,302.88,2.97,D,0
29.61399,70.76942,330.37,0.42,0.45,2021-11-16,757,N,VIIRS,n,2,298.94,1.7,D,0
29.61469,74.36102,344.96,0.43,0.38,2021-11-16,757,N,VIIRS,n,2,301.98,6.98,D,0
29.61646,77.3195,332.13,0.38,0.36,2021-11-16,757,N,VIIRS,n,2,300.31,2.13,D,0
29.61705,75.34541,332.77,0.4,0.37,2021-11-16,757,N,VIIRS,n,2,300.06,2.51,D,0
29.6187,75.08289,332.63,0.41,0.37,2021-11-16,757,N,VIIRS,n,2,301.45,6.33,D,0
29.62153,76.62611,333.73,0.39,0.36,2021-11-16,757,N,VIIRS,n,2,303.96,2.25,D,0
29.62195,75.56545,338.42,0.4,0.37,2021-11-16,757,N,VIIRS,n,2,302.72,5.97,D,0
29.62215,76.63007,330.88,0.39,0.36,2021-11-16,757,N,VIIRS,n,2,302.2,2.13,D,0
29.6241,76.87824,346.05,0.38,0.36,2021-11-16,757,N,VIIRS,n,2,301.55,8.04,D,0
29.6246,74.41796,341.05,0.43,0.38,2021-11-16,757,N,VIIRS,n,2,315.12,29.89,D,0
29.62584,75.73729,334.24,0.39,0.37,2021-11-16,757,N,VIIRS,n,2,302.7,3.81,D,0
29.62675,75.31815,335.11,0.4,0.37,2021-11-16,757,N,VIIRS,n,2,303.72,1.95,D,0
29.62805,74.41718,342.04,0.43,0.38,2021-11-16,757,N,VIIRS,n,2,304.24,29.89,D,0
29.63443,74.47465,341.9,0.42,0.38,2021-11-16,757,N,VIIRS,n,2,305.5,6.45,D,0
29.63533,75.62592,346.93,0.4,0.37,2021-11-16,757,N,VIIRS,n,2,307.25,10.22,D,0
29.64447,76.64185,340.37,0.39,0.36,2021-11-16,757,N,VIIRS,n,2,304.79,4.97,D,0
29.64448,75.76686,332.59,0.39,0.37,2021-11-16,757,N,VIIRS,n,2,304.55,2.25,D,0
29.64582,76.13686,332.12,0.39,0.36,2021-11-16,757,N,VIIRS,n,2,299.51,14.67,D,0
29.64738,75.6149,339.37,0.4,0.37,2021-11-16,757,N,VIIRS,n,2,302.07,2.83,D,0
29.64782,75.76614,335.41,0.39,0.37,2021-11-16,757,N,VIIRS,n,2,302.89,2.45,D,0
29.64825,71.65974,331.93,0.56,0.43,2021-11-16,757,N,VIIRS,l,2,302.23,4.65,D,0
29.65108,76.6405,341,0.39,0.36,2021-11-16,757,N,VIIRS,n,2,303.45,4.06,D,0
29.65157,76.20947,332.82,0.39,0.36,2021-11-16,757,N,VIIRS,n,2,300.82,5.15,D,0
29.65327,71.66447,332.34,0.56,0.43,2021-11-16,757,N,VIIRS,l,2,302.88,6.51,D,0
29.65722,75.18689,335.02,0.41,0.37,2021-11-16,757,N,VIIRS,n,2,303.63,2.14,D,0
29.65964,75.83894,356.56,0.39,0.36,2021-11-16,757,N,VIIRS,n,2,306.46,7.85,D,0
29.65976,76.34778,334.8,0.39,0.36,2021-11-16,757,N,VIIRS,n,2,303.52,2.89,D,0
29.66207,76.1954,344.87,0.39,0.36,2021-11-16,757,N,VIIRS,n,2,302.16,4.65,D,0
29.66427,75.48047,334.51,0.4,0.37,2021-11-16,757,N,VIIRS,n,2,302.75,7.55,D,0
29.66724,75.33072,342.12,0.4,0.37,2021-11-16,757,N,VIIRS,n,2,308.21,25.86,D,0
29.66844,75.5685,336.9,0.4,0.37,2021-11-16,757,N,VIIRS,n,2,302.18,4.71,D,0
29.67181,75.5889,335.09,0.4,0.37,2021-11-16,757,N,VIIRS,n,2,304.16,3.26,D,0
29.67478,75.37607,332.15,0.4,0.37,2021-11-16,757,N,VIIRS,n,2,303.1,2.43,D,0
29.67541,75.35886,341.17,0.4,0.37,2021-11-16,757,N,VIIRS,n,2,306.22,7.56,D,0
29.68145,76.16658,336.18,0.39,0.36,2021-11-16,757,N,VIIRS,n,2,301,2.3,D,0
29.6827,76.51537,333.99,0.39,0.36,2021-11-16,757,N,VIIRS,n,2,300.69,2.42,D,0
29.68384,75.55673,332.59,0.4,0.37,2021-11-16,757,N,VIIRS,n,2,305.24,3.13,D,0
29.68451,75.56081,332.88,0.4,0.37,2021-11-16,757,N,VIIRS,n,2,301.87,3.13,D,0
29.68789,75.60233,342.58,0.4,0.37,2021-11-16,757,N,VIIRS,n,2,305.51,6.93,D,0
29.68924,76.19386,333.79,0.39,0.36,2021-11-16,757,N,VIIRS,n,2,300.51,2.37,D,0
29.68972,75.98257,343.48,0.39,0.36,2021-11-16,757,N,VIIRS,n,2,306.73,6.55,D,0
29.69304,75.98186,346.23,0.39,0.36,2021-11-16,757,N,VIIRS,n,2,304.91,6.55,D,0
29.69405,75.28204,341.69,0.4,0.37,2021-11-16,757,N,VIIRS,n,2,306.31,3.68,D,0
29.69536,76.1678,332.84,0.39,0.36,2021-11-16,757,N,VIIRS,n,2,299.68,2.28,D,0
29.69634,76.60262,334.49,0.39,0.36,2021-11-16,757,N,VIIRS,n,2,304.22,2.47,D,0
29.69717,76.52058,340.28,0.39,0.36,2021-11-16,757,N,VIIRS,n,2,299.52,2.35,D,0
29.69742,75.2813,344.93,0.4,0.37,2021-11-16,757,N,VIIRS,n,2,308.09,24.3,D,0
29.69842,76.20844,337.48,0.39,0.36,2021-11-16,757,N,VIIRS,n,2,302.11,3.4,D,0
29.69915,75.4602,344.58,0.4,0.37,2021-11-16,757,N,VIIRS,n,2,306.61,11.4,D,0
29.69918,75.48141,332.49,0.4,0.37,2021-11-16,757,N,VIIRS,l,2,304,4.38,D,0
29.69964,76.60194,335.32,0.39,0.36,2021-11-16,757,N,VIIRS,n,2,302.7,2.75,D,0
29.70159,75.3275,333.86,0.4,0.37,2021-11-16,757,N,VIIRS,l,2,304.6,29.11,D,0
29.7021,75.26741,331,0.4,0.37,2021-11-16,757,N,VIIRS,n,2,303.81,4.79,D,0
29.70279,75.27155,335.6,0.4,0.37,2021-11-16,757,N,VIIRS,n,2,306.19,10.81,D,0
29.70859,75.49634,330.23,0.4,0.37,2021-11-16,757,N,VIIRS,l,2,304.53,2.08,D,0
29.709,75.33016,335.19,0.4,0.37,2021-11-16,757,N,VIIRS,n,2,303.58,3,D,0
29.70916,75.41548,335.29,0.4,0.37,2021-11-16,757,N,VIIRS,n,2,302.06,3.03,D,0
29.70969,75.3343,333.54,0.4,0.37,2021-11-16,757,N,VIIRS,n,2,302.98,3,D,0
29.71037,75.33842,332.32,0.4,0.37,2021-11-16,757,N,VIIRS,n,2,300.85,3.49,D,0
29.71042,76.759,339.82,0.38,0.36,2021-11-16,757,N,VIIRS,n,2,303.38,3.8,D,0
29.71063,75.67748,333.56,0.4,0.37,2021-11-16,757,N,VIIRS,l,2,305.1,2.17,D,0
29.71153,75.26105,332.27,0.4,0.37,2021-11-16,757,N,VIIRS,n,2,300.35,5.41,D,0
29.71418,76.00648,338.44,0.39,0.36,2021-11-16,757,N,VIIRS,n,2,305.8,8.1,D,0
29.71598,75.66792,337.14,0.4,0.37,2021-11-16,757,N,VIIRS,n,2,307.71,8.36,D,0
29.71932,75.66721,335.38,0.4,0.37,2021-11-16,757,N,VIIRS,n,2,304.16,3.86,D,0
29.72045,75.82212,334.92,0.39,0.36,2021-11-16,757,N,VIIRS,n,2,307.42,6,D,0
29.72127,76.15823,345.84,0.39,0.36,2021-11-16,757,N,VIIRS,n,2,304.23,7.21,D,0
29.72528,75.72476,345.56,0.39,0.37,2021-11-16,757,N,VIIRS,n,2,309.78,9.65,D,0
29.72663,76.14885,332.34,0.39,0.36,2021-11-16,757,N,VIIRS,n,2,301.94,1.53,D,0
29.72726,75.37745,333.57,0.4,0.37,2021-11-16,757,N,VIIRS,n,2,301.98,9.23,D,0
29.72738,75.52618,334.21,0.4,0.37,2021-11-16,757,N,VIIRS,n,2,303.56,2.18,D,0
29.72861,75.72404,335.94,0.39,0.37,2021-11-16,757,N,VIIRS,n,2,306.55,3.24,D,0
29.73062,75.37672,333.92,0.4,0.37,2021-11-16,757,N,VIIRS,n,2,302.54,9.23,D,0
29.73192,75.34228,338.33,0.4,0.37,2021-11-16,757,N,VIIRS,n,2,303.94,2.74,D,0
29.7322,75.9156,332.3,0.39,0.36,2021-11-16,757,N,VIIRS,n,2,302.2,1.46,D,0
29.73232,75.33927,334.47,0.4,0.37,2021-11-16,757,N,VIIRS,n,2,304.05,1.89,D,0
29.73408,75.50355,335.78,0.4,0.37,2021-11-16,757,N,VIIRS,n,2,305.56,6.62,D,0
29.73518,76.15945,333.14,0.39,0.36,2021-11-16,757,N,VIIRS,n,2,299.33,2.02,D,0
29.74118,76.15406,332.58,0.39,0.36,2021-11-16,757,N,VIIRS,n,2,301.89,2.74,D,0
29.74508,75.33222,335.61,0.4,0.37,2021-11-16,757,N,VIIRS,n,2,302.97,2.93,D,0
29.74883,75.48763,332.8,0.4,0.37,2021-11-16,757,N,VIIRS,n,2,302.34,1.96,D,0
29.75011,75.6227,341.05,0.4,0.37,2021-11-16,757,N,VIIRS,n,2,303.89,3.71,D,0
29.75066,75.3865,347.53,0.4,0.37,2021-11-16,757,N,VIIRS,n,2,307,7.67,D,0
29.75412,75.62605,334.2,0.4,0.37,2021-11-16,757,N,VIIRS,n,2,304.16,2.51,D,0
29.75526,75.97313,330.01,0.39,0.36,2021-11-16,757,N,VIIRS,n,2,304.52,1.8,D,0
29.7568,75.62125,341.04,0.4,0.37,2021-11-16,757,N,VIIRS,n,2,303.83,4.18,D,0
29.76152,75.58647,340.98,0.4,0.37,2021-11-16,757,N,VIIRS,n,2,304.22,5.2,D,0
29.7622,75.56943,345.54,0.4,0.37,2021-11-16,757,N,VIIRS,n,2,312.95,17.93,D,0
29.76403,76.95212,335.79,0.38,0.36,2021-11-16,757,N,VIIRS,n,2,304.4,4.41,D,0
29.76488,75.56461,333.89,0.4,0.37,2021-11-16,757,N,VIIRS,n,2,305.93,4.11,D,0
29.76555,75.5687,337.91,0.4,0.37,2021-11-16,757,N,VIIRS,n,2,305.83,4.11,D,0
29.77926,75.75936,333.59,0.39,0.36,2021-11-16,757,N,VIIRS,n,2,302.63,2.78,D,0
29.78168,75.4266,334.33,0.4,0.37,2021-11-16,757,N,VIIRS,n,2,302.77,5.97,D,0
29.78259,75.60007,344.61,0.4,0.37,2021-11-16,757,N,VIIRS,n,2,305.48,8.24,D,0
29.78259,75.75864,346.9,0.39,0.36,2021-11-16,757,N,VIIRS,n,2,310.99,38.17,D,0
29.78368,75.41766,341.78,0.4,0.37,2021-11-16,757,N,VIIRS,n,2,303.49,3.52,D,0
29.78436,75.42176,337.71,0.4,0.37,2021-11-16,757,N,VIIRS,n,2,302.12,3.52,D,0
29.78499,75.4046,344.04,0.4,0.37,2021-11-16,757,N,VIIRS,n,2,304.62,7.48,D,0
29.78499,76.93608,333.69,0.38,0.36,2021-11-16,757,N,VIIRS,n,2,303.78,1.93,D,0
29.78703,75.41692,333.73,0.4,0.37,2021-11-16,757,N,VIIRS,n,2,300.47,3.04,D,0
29.78772,75.42104,334.12,0.4,0.37,2021-11-16,757,N,VIIRS,n,2,302.88,3.04,D,0
29.78814,75.31856,339.18,0.4,0.37,2021-11-16,757,N,VIIRS,n,2,301.5,3.7,D,0
29.78863,75.65776,342.47,0.4,0.37,2021-11-16,757,N,VIIRS,n,2,303.59,3.8,D,0
29.79397,75.60607,341.92,0.4,0.37,2021-11-16,757,N,VIIRS,n,2,303.07,4.23,D,0
29.79565,75.36391,333.84,0.4,0.37,2021-11-16,757,N,VIIRS,n,2,302.63,1.9,D,0
29.79665,75.62235,337.76,0.4,0.37,2021-11-16,757,N,VIIRS,n,2,305.06,7.24,D,0
29.79796,75.7146,334.81,0.39,0.37,2021-11-16,757,N,VIIRS,n,2,305.34,2.94,D,0
29.7985,75.44421,335.7,0.4,0.37,2021-11-16,757,N,VIIRS,n,2,302.95,4.47,D,0
29.79864,75.5713,332.83,0.4,0.37,2021-11-16,757,N,VIIRS,n,2,302.47,2.74,D,0
29.79902,75.36318,339.97,0.4,0.37,2021-11-16,757,N,VIIRS,n,2,303.56,5.15,D,0
29.80387,76.08321,335.63,0.39,0.36,2021-11-16,757,N,VIIRS,n,2,305.44,2.68,D,0
29.804,75.60391,332.1,0.4,0.37,2021-11-16,757,N,VIIRS,n,2,303.93,5.14,D,0
29.80727,75.75037,331.17,0.39,0.36,2021-11-16,757,N,VIIRS,n,2,304.38,1.88,D,0
29.80735,75.60319,342.32,0.4,0.37,2021-11-16,757,N,VIIRS,n,2,303.66,5.14,D,0
29.80783,75.95785,332.53,0.39,0.36,2021-11-16,757,N,VIIRS,n,2,303.07,3.07,D,0
29.80867,75.67448,334,0.39,0.37,2021-11-16,757,N,VIIRS,n,2,301.34,2.02,D,0
29.8106,75.93229,336.88,0.39,0.36,2021-11-16,757,N,VIIRS,n,2,311.08,23,D,0
29.81115,75.95714,334.04,0.39,0.36,2021-11-16,757,N,VIIRS,n,2,303.77,3.07,D,0
29.81512,75.96046,341.41,0.39,0.36,2021-11-16,757,N,VIIRS,n,2,303.62,6.56,D,0
29.81529,75.73607,337.18,0.39,0.36,2021-11-16,757,N,VIIRS,l,2,308.27,9.32,D,0
29.81669,75.66015,332.94,0.4,0.37,2021-11-16,757,N,VIIRS,n,2,301.99,2.12,D,0
29.81863,75.73536,345.34,0.39,0.36,2021-11-16,757,N,VIIRS,n,2,304.52,5.64,D,0
29.82016,74.65344,340.37,0.42,0.37,2021-11-16,757,N,VIIRS,n,2,305.12,3.89,D,0
29.82063,75.43089,334.88,0.4,0.37,2021-11-16,757,N,VIIRS,n,2,303.37,1.94,D,0
29.82135,75.47747,337.52,0.4,0.37,2021-11-16,757,N,VIIRS,n,2,304.42,7.44,D,0
29.82194,75.1224,332.18,0.41,0.37,2021-11-16,757,N,VIIRS,n,2,301.44,1.31,D,0
29.82258,70.95107,330.51,0.4,0.45,2021-11-16,757,N,VIIRS,n,2,298.75,1.48,D,0
29.82329,75.40479,332.52,0.4,0.37,2021-11-16,757,N,VIIRS,n,2,301.92,1.76,D,0
29.824,75.70483,333.75,0.39,0.37,2021-11-16,757,N,VIIRS,n,2,303.39,1.93,D,0
29.8301,75.57296,331.82,0.4,0.37,2021-11-16,757,N,VIIRS,l,2,303.33,5.88,D,0
29.83077,75.57704,335.61,0.4,0.37,2021-11-16,757,N,VIIRS,l,2,309.85,19.14,D,0
29.8312,76.16847,336.5,0.39,0.36,2021-11-16,757,N,VIIRS,n,2,302.53,9.56,D,0
29.83153,72.46596,332.95,0.51,0.41,2021-11-16,757,N,VIIRS,n,2,300.72,3.84,D,0
29.832,75.71151,347.53,0.39,0.37,2021-11-16,757,N,VIIRS,n,2,307.11,6.67,D,0
29.83336,75.40259,332.43,0.4,0.37,2021-11-16,757,N,VIIRS,n,2,300.72,3.01,D,0
29.83487,75.91993,332.26,0.39,0.36,2021-11-16,757,N,VIIRS,n,2,301.31,0.92,D,0
29.83527,72.46503,334.06,0.51,0.41,2021-11-16,757,N,VIIRS,n,2,298.82,3.84,D,0
29.83534,75.71079,344.82,0.39,0.37,2021-11-16,757,N,VIIRS,n,2,309.15,16.2,D,0
29.8357,75.86139,332.2,0.39,0.36,2021-11-16,757,N,VIIRS,n,2,304.9,1.96,D,0
29.83738,75.68095,337.17,0.39,0.37,2021-11-16,757,N,VIIRS,n,2,303.52,3.81,D,0
29.83799,75.72702,335.17,0.39,0.36,2021-11-16,757,N,VIIRS,n,2,304.89,3.57,D,0
29.83807,76.01794,345.43,0.39,0.36,2021-11-16,757,N,VIIRS,n,2,310.34,24.52,D,0
29.83813,75.49504,336.09,0.4,0.37,2021-11-16,757,N,VIIRS,n,2,307.95,8.45,D,0
29.83853,75.79393,340.67,0.39,0.36,2021-11-16,757,N,VIIRS,n,2,305,9.33,D,0
29.8388,75.49915,335.48,0.4,0.37,2021-11-16,757,N,VIIRS,n,2,303.61,7.3,D,0
29.84098,76.83496,332.03,0.38,0.36,2021-11-16,757,N,VIIRS,n,2,300.59,1.98,D,0
29.84146,75.60006,333.17,0.4,0.37,2021-11-16,757,N,VIIRS,n,2,303.74,1.72,D,0
29.84201,75.70937,337.07,0.39,0.37,2021-11-16,757,N,VIIRS,n,2,303.72,3.14,D,0
29.8448,75.4299,335.84,0.4,0.37,2021-11-16,757,N,VIIRS,n,2,306.27,5.7,D,0
29.84661,75.33186,332.85,0.4,0.37,2021-11-16,757,N,VIIRS,n,2,301.4,2.65,D,0
29.84709,70.98804,339.9,0.4,0.44,2021-11-16,757,N,VIIRS,n,2,299.55,3.14,D,0
29.84816,75.42918,334.87,0.4,0.37,2021-11-16,757,N,VIIRS,n,2,303.23,5.7,D,0
29.84869,75.70793,343.65,0.39,0.37,2021-11-16,757,N,VIIRS,n,2,304.65,4.05,D,0
29.8489,75.9003,347.81,0.39,0.36,2021-11-16,757,N,VIIRS,n,2,303.72,6.96,D,0
29.84932,75.73298,353.59,0.39,0.36,2021-11-16,757,N,VIIRS,n,2,306.1,7.77,D,0
29.84998,75.73704,338.35,0.39,0.36,2021-11-16,757,N,VIIRS,n,2,304.98,7.77,D,0
29.85153,75.53452,336.75,0.4,0.37,2021-11-16,757,N,VIIRS,n,2,302.25,3.53,D,0
29.85203,75.70721,343.8,0.39,0.37,2021-11-16,757,N,VIIRS,n,2,300.34,4.05,D,0
29.85287,75.54269,333.42,0.4,0.37,2021-11-16,757,N,VIIRS,n,2,302.21,2.86,D,0
29.85339,76.46029,336.29,0.39,0.36,2021-11-16,757,N,VIIRS,n,2,303.59,2.87,D,0
29.85404,75.95334,340,0.39,0.36,2021-11-16,757,N,VIIRS,n,2,307.14,16.37,D,0
29.85621,75.45718,340.79,0.4,0.37,2021-11-16,757,N,VIIRS,n,2,304.91,6.63,D,0
29.85874,75.68478,332.94,0.39,0.37,2021-11-16,757,N,VIIRS,n,2,300.66,2.07,D,0
29.86015,75.62975,336.65,0.4,0.37,2021-11-16,757,N,VIIRS,n,2,303.79,3.69,D,0
29.8609,75.88941,332.93,0.39,0.36,2021-11-16,757,N,VIIRS,n,2,302.85,3.24,D,0
29.86091,75.46465,335.83,0.4,0.37,2021-11-16,757,N,VIIRS,n,2,305.53,8.45,D,0
29.8613,77.57361,333.47,0.39,0.36,2021-11-16,757,N,VIIRS,n,2,297.43,2.45,D,0
29.86179,75.46484,345.05,0.4,0.37,2021-11-16,757,N,VIIRS,n,2,303.89,7.04,D,0
29.8628,76.76121,331.06,0.38,0.36,2021-11-16,757,N,VIIRS,n,2,299.95,1.98,D,0
29.86349,75.62904,338.96,0.4,0.37,2021-11-16,757,N,VIIRS,n,2,303.54,7.99,D,0
29.86415,76.81406,342.68,0.38,0.36,2021-11-16,757,N,VIIRS,n,2,302.54,3.45,D,0
29.86468,75.72129,337.77,0.39,0.36,2021-11-16,757,N,VIIRS,n,2,302.59,2.61,D,0
29.86769,75.84623,331.04,0.39,0.36,2021-11-16,757,N,VIIRS,n,2,301.32,2.38,D,0
29.86828,75.37836,336.81,0.4,0.37,2021-11-16,757,N,VIIRS,n,2,300.56,3.6,D,0
29.8689,75.57726,348.19,0.4,0.37,2021-11-16,757,N,VIIRS,n,2,304.71,5.73,D,0
29.86958,75.56021,346.38,0.4,0.37,2021-11-16,757,N,VIIRS,n,2,303.86,6.68,D,0
29.87001,75.94579,333.52,0.39,0.36,2021-11-16,757,N,VIIRS,l,2,304.29,1.95,D,0
29.87091,75.56837,333.28,0.4,0.37,2021-11-16,757,N,VIIRS,n,2,303.11,2.32,D,0
29.87199,76.82064,346.12,0.38,0.36,2021-11-16,757,N,VIIRS,n,2,305.51,8.15,D,0
29.87244,76.95108,339.25,0.38,0.36,2021-11-16,757,N,VIIRS,n,2,300.2,2.56,D,0
29.87293,75.55949,330.47,0.4,0.37,2021-11-16,757,N,VIIRS,n,2,301,3.6,D,0
29.87426,75.56765,334.32,0.4,0.37,2021-11-16,757,N,VIIRS,n,2,302.85,5.13,D,0
29.87778,75.99403,344.59,0.39,0.36,2021-11-16,757,N,VIIRS,n,2,302.63,4.12,D,0
29.87906,75.83128,333.96,0.39,0.36,2021-11-16,757,N,VIIRS,n,2,304.71,4.52,D,0
29.87997,72.82787,333.05,0.49,0.4,2021-11-16,757,N,VIIRS,n,2,298.78,3.39,D,0
29.88008,77.74634,329.03,0.39,0.36,2021-11-16,757,N,VIIRS,n,2,297.77,1.85,D,0
29.88055,75.96852,333,0.39,0.36,2021-11-16,757,N,VIIRS,n,2,303.93,1.64,D,0
29.88347,75.90129,334.12,0.39,0.36,2021-11-16,757,N,VIIRS,n,2,303.58,2.42,D,0
29.88407,75.57854,346.6,0.4,0.37,2021-11-16,757,N,VIIRS,n,2,301.48,5.31,D,0
29.88585,75.78802,344.27,0.39,0.36,2021-11-16,757,N,VIIRS,n,2,305.11,8.61,D,0
29.88674,75.57374,335.17,0.4,0.37,2021-11-16,757,N,VIIRS,n,2,303,6.49,D,0
29.8881,75.60299,338.67,0.4,0.37,2021-11-16,757,N,VIIRS,n,2,304.96,3.72,D,0
29.88938,75.52667,333.23,0.4,0.37,2021-11-16,757,N,VIIRS,n,2,302.76,4.26,D,0
29.89009,75.57302,342.15,0.4,0.37,2021-11-16,757,N,VIIRS,n,2,305.56,6.49,D,0
29.89021,75.87901,338.66,0.39,0.36,2021-11-16,757,N,VIIRS,l,2,312.52,17.26,D,0
29.89033,76.008,339.31,0.39,0.36,2021-11-16,757,N,VIIRS,n,2,306.25,9.93,D,0
29.8914,75.53893,353.03,0.4,0.37,2021-11-16,757,N,VIIRS,n,2,314.94,32.57,D,0
29.89268,75.48361,333.36,0.4,0.37,2021-11-16,757,N,VIIRS,n,2,301.21,4.83,D,0
29.89353,75.8783,335.58,0.39,0.36,2021-11-16,757,N,VIIRS,n,2,301.4,17.26,D,0
29.89475,75.90723,333.87,0.39,0.36,2021-11-16,757,N,VIIRS,n,2,303.65,9.41,D,0
29.8954,75.91125,335.16,0.39,0.36,2021-11-16,757,N,VIIRS,n,2,305.43,9.41,D,0
29.89602,75.48288,342.57,0.4,0.37,2021-11-16,757,N,VIIRS,n,2,301.45,4.83,D,0
29.89667,75.46576,333.62,0.4,0.37,2021-11-16,757,N,VIIRS,n,2,303.56,2.98,D,0
29.89668,75.72703,332.93,0.39,0.36,2021-11-16,757,N,VIIRS,l,2,303.96,10.55,D,0
29.8967,75.48698,330.62,0.4,0.37,2021-11-16,757,N,VIIRS,n,2,300.58,1.72,D,0
29.89686,75.87759,346.37,0.39,0.36,2021-11-16,757,N,VIIRS,n,2,304.88,5.57,D,0
29.89734,75.73109,344.83,0.39,0.36,2021-11-16,757,N,VIIRS,n,2,303.08,11.36,D,0
29.89807,75.51633,334.97,0.4,0.37,2021-11-16,757,N,VIIRS,n,2,301.92,3.56,D,0
29.89824,75.86478,342.78,0.39,0.36,2021-11-16,757,N,VIIRS,n,2,306.19,11.68,D,0
29.89873,75.91055,345.71,0.39,0.36,2021-11-16,757,N,VIIRS,n,2,306.45,9.41,D,0
29.89911,75.97707,342.8,0.39,0.36,2021-11-16,757,N,VIIRS,n,2,302.4,5.23,D,0
29.89944,75.54565,339.68,0.4,0.37,2021-11-16,757,N,VIIRS,n,2,303,2.6,D,0
29.90335,75.7256,338.15,0.39,0.36,2021-11-16,757,N,VIIRS,n,2,303.5,3.01,D,0
29.90335,75.9179,331.8,0.39,0.36,2021-11-16,757,N,VIIRS,n,2,302.57,1.4,D,0
29.90475,75.49371,342.55,0.4,0.37,2021-11-16,757,N,VIIRS,n,2,303.26,9.77,D,0
29.90477,75.72559,353.97,0.39,0.36,2021-11-16,757,N,VIIRS,n,2,310.95,10.67,D,0
29.90575,75.97565,333.4,0.39,0.36,2021-11-16,757,N,VIIRS,n,2,302.5,2.83,D,0
29.90749,75.65779,333.95,0.39,0.37,2021-11-16,757,N,VIIRS,n,2,301.39,3.37,D,0
29.90805,75.45056,341.02,0.4,0.37,2021-11-16,757,N,VIIRS,n,2,301.45,2.98,D,0
29.90811,75.72488,331.92,0.39,0.36,2021-11-16,757,N,VIIRS,n,2,301.87,10.67,D,0
29.90815,75.57757,343.87,0.4,0.37,2021-11-16,757,N,VIIRS,n,2,304.87,11.13,D,0
29.90895,75.84579,334.33,0.39,0.36,2021-11-16,757,N,VIIRS,l,2,305.38,6.98,D,0
29.91113,75.79517,344.11,0.39,0.36,2021-11-16,757,N,VIIRS,n,2,309.9,11.34,D,0
29.91129,75.92455,334.76,0.39,0.36,2021-11-16,757,N,VIIRS,n,2,308.68,23.9,D,0
29.91179,75.79921,336.12,0.39,0.36,2021-11-16,757,N,VIIRS,n,2,302.53,11.34,D,0
29.91243,75.80325,340.58,0.39,0.36,2021-11-16,757,N,VIIRS,n,2,303.65,8.2,D,0
29.91413,75.48744,333.32,0.4,0.37,2021-11-16,757,N,VIIRS,l,2,303.35,3.05,D,0
29.91498,77.01204,333.76,0.38,0.36,2021-11-16,757,N,VIIRS,n,2,303.94,2.33,D,0
29.91545,75.47443,341,0.4,0.37,2021-11-16,757,N,VIIRS,n,2,304.13,6.33,D,0
29.91551,75.5802,336.2,0.4,0.37,2021-11-16,757,N,VIIRS,n,2,305.33,4.92,D,0
29.91576,75.80254,342.53,0.39,0.36,2021-11-16,757,N,VIIRS,n,2,304.22,8.2,D,0
29.91582,75.95273,333.43,0.39,0.36,2021-11-16,757,N,VIIRS,n,2,300.93,12.68,D,0
29.91721,75.31645,333.71,0.4,0.37,2021-11-16,757,N,VIIRS,l,2,304.82,3.79,D,0
29.91722,76.89317,348.45,0.38,0.36,2021-11-16,757,N,VIIRS,n,2,301.64,5.61,D,0
29.91743,75.44428,340.83,0.4,0.37,2021-11-16,757,N,VIIRS,n,2,303.05,6.15,D,0
29.91785,75.94397,333.23,0.39,0.36,2021-11-16,757,N,VIIRS,n,2,302.03,11.28,D,0
29.91789,75.32058,348.59,0.4,0.37,2021-11-16,757,N,VIIRS,n,2,302.39,7.2,D,0
29.91829,77.01138,342.48,0.38,0.36,2021-11-16,757,N,VIIRS,n,2,308.03,22.93,D,0
29.9185,75.948,335.47,0.39,0.36,2021-11-16,757,N,VIIRS,n,2,300.87,11.28,D,0
29.91864,75.1321,337.92,0.4,0.37,2021-11-16,757,N,VIIRS,n,2,300.26,2.68,D,0
29.91883,75.51608,340.55,0.4,0.37,2021-11-16,757,N,VIIRS,n,2,304.02,8.77,D,0
29.9195,72.93789,339.76,0.48,0.4,2021-11-16,757,N,VIIRS,n,2,305.41,4.2,D,0
29.91951,75.86859,337.89,0.39,0.36,2021-11-16,757,N,VIIRS,n,2,305.18,33.51,D,0
29.92016,75.87263,335.66,0.39,0.36,2021-11-16,757,N,VIIRS,n,2,303.39,33.51,D,0
29.92019,75.56653,332.66,0.4,0.37,2021-11-16,757,N,VIIRS,l,2,303.47,5.82,D,0
29.9241,75.73823,340.38,0.39,0.36,2021-11-16,757,N,VIIRS,n,2,306.13,3.51,D,0
29.92411,75.14384,345.49,0.4,0.37,2021-11-16,757,N,VIIRS,n,2,302.55,3.95,D,0
29.92462,75.31911,332.38,0.4,0.37,2021-11-16,757,N,VIIRS,n,2,301.94,3.41,D,0
29.92481,75.70031,335.27,0.39,0.36,2021-11-16,757,N,VIIRS,n,2,304.83,3.18,D,0
29.92546,75.42978,339.16,0.4,0.37,2021-11-16,757,N,VIIRS,n,2,306.08,20.54,D,0
29.92662,75.81725,330.42,0.39,0.36,2021-11-16,757,N,VIIRS,n,2,300.33,1.13,D,0
29.9268,72.93612,335.17,0.48,0.4,2021-11-16,757,N,VIIRS,n,2,300.23,2.57,D,0
29.92743,75.73752,345.61,0.39,0.36,2021-11-16,757,N,VIIRS,n,2,305.7,6.17,D,0
29.92934,75.79158,332.63,0.39,0.36,2021-11-16,757,N,VIIRS,n,2,301.13,17.49,D,0
29.92945,73.03322,339.95,0.48,0.4,2021-11-16,757,N,VIIRS,n,2,302.21,3.72,D,0
29.93057,75.27072,346.89,0.4,0.37,2021-11-16,757,N,VIIRS,n,2,307.31,9.66,D,0
29.93202,75.78682,333.08,0.39,0.36,2021-11-16,757,N,VIIRS,n,2,301.74,5.25,D,0
29.93268,75.79086,312.02,0.39,0.36,2021-11-16,757,N,VIIRS,l,2,313.01,17.49,D,0
29.93286,75.45367,336.67,0.4,0.37,2021-11-16,757,N,VIIRS,n,2,305.28,5.05,D,0
29.9329,75.58067,346.05,0.4,0.37,2021-11-16,757,N,VIIRS,n,2,302.85,5.24,D,0
29.93318,75.9324,336.65,0.39,0.36,2021-11-16,757,N,VIIRS,n,2,308.84,10.99,D,0
29.93333,75.79491,334.35,0.39,0.36,2021-11-16,757,N,VIIRS,n,2,303.8,17.49,D,0
29.93393,75.91557,330.92,0.39,0.36,2021-11-16,757,N,VIIRS,l,2,302.74,5.39,D,0
29.93457,75.91959,334.25,0.39,0.36,2021-11-16,757,N,VIIRS,l,2,305.14,5.39,D,0
29.93568,75.91545,332.83,0.39,0.36,2021-11-16,757,N,VIIRS,n,2,300.57,4.57,D,0
29.93608,75.74825,336.54,0.39,0.36,2021-11-16,757,N,VIIRS,n,2,302.68,5.82,D,0
29.93621,75.45294,333.82,0.4,0.37,2021-11-16,757,N,VIIRS,n,2,301.45,3.61,D,0
29.93691,75.56291,339.61,0.4,0.37,2021-11-16,757,N,VIIRS,n,2,309.17,17.84,D,0
29.93736,75.77731,337.75,0.39,0.36,2021-11-16,757,N,VIIRS,n,2,310.48,11.18,D,0
29.93758,75.56699,334.25,0.4,0.37,2021-11-16,757,N,VIIRS,n,2,301.44,17.84,D,0
29.9377,75.96057,340.67,0.39,0.36,2021-11-16,757,N,VIIRS,n,2,303.38,4.96,D,0
29.93802,75.78135,332.97,0.39,0.36,2021-11-16,757,N,VIIRS,n,2,300.1,6.17,D,0
29.93817,75.24831,333.29,0.4,0.37,2021-11-16,757,N,VIIRS,n,2,304.11,2.04,D,0
29.93825,75.57108,339.86,0.4,0.37,2021-11-16,757,N,VIIRS,n,2,300.58,3.5,D,0
29.93892,75.51173,335.87,0.4,0.37,2021-11-16,757,N,VIIRS,n,2,307.53,12.43,D,0
29.93892,75.53289,341.3,0.4,0.37,2021-11-16,757,N,VIIRS,n,2,304.66,5.66,D,0
29.94069,75.77659,341.87,0.39,0.36,2021-11-16,757,N,VIIRS,n,2,302.88,5.3,D,0
29.94291,75.9389,334.04,0.39,0.36,2021-11-16,757,N,VIIRS,n,2,304.22,2.61,D,0
29.9432,75.17413,330.17,0.4,0.37,2021-11-16,757,N,VIIRS,l,2,302.49,1.86,D,0
29.9437,75.90125,346.17,0.39,0.36,2021-11-16,757,N,VIIRS,n,2,304.47,6.12,D,0
29.94426,75.58666,338.62,0.4,0.37,2021-11-16,757,N,VIIRS,n,2,303.33,3.04,D,0
29.94524,75.82581,331.68,0.39,0.36,2021-11-16,757,N,VIIRS,n,2,302.26,1.53,D,0
29.94631,75.91736,331.51,0.39,0.36,2021-11-16,757,N,VIIRS,n,2,300.63,2.17,D,0
29.94696,75.92139,330.05,0.39,0.36,2021-11-16,757,N,VIIRS,n,2,299.99,2.23,D,0
29.94797,75.80014,346.24,0.39,0.36,2021-11-16,757,N,VIIRS,n,2,302.87,7.37,D,0
29.94808,76.0041,335.11,0.39,0.36,2021-11-16,757,N,VIIRS,n,2,305.28,1.81,D,0
29.94884,75.95428,337.55,0.39,0.36,2021-11-16,757,N,VIIRS,n,2,303.07,5.52,D,0
29.94898,75.91263,332.52,0.39,0.36,2021-11-16,757,N,VIIRS,l,2,302.85,5.17,D,0
29.94992,75.04729,339.58,0.41,0.37,2021-11-16,757,N,VIIRS,n,2,300.79,5.01,D,0
29.9503,75.53889,333.91,0.4,0.37,2021-11-16,757,N,VIIRS,n,2,304.31,2.63,D,0
29.95042,75.87897,337.63,0.39,0.36,2021-11-16,757,N,VIIRS,n,2,308.37,9.92,D,0
29.95106,75.01229,339.13,0.41,0.37,2021-11-16,757,N,VIIRS,n,2,301.36,4.75,D,0
29.95142,72.94563,337.22,0.48,0.4,2021-11-16,757,N,VIIRS,n,2,301.18,4.06,D,0
29.95209,75.74062,338.16,0.39,0.36,2021-11-16,757,N,VIIRS,n,2,306.04,3.11,D,0
29.95231,75.48765,335.83,0.4,0.37,2021-11-16,757,N,VIIRS,n,2,303.96,6.11,D,0
29.95355,75.08981,331.61,0.41,0.37,2021-11-16,757,N,VIIRS,l,2,302.13,3.53,D,0
29.95402,75.98645,337.07,0.39,0.36,2021-11-16,757,N,VIIRS,n,2,304.75,7.4,D,0
29.95419,76.19334,336.94,0.39,0.36,2021-11-16,757,N,VIIRS,n,2,301.83,2.69,D,0
29.95425,75.09399,332.16,0.41,0.37,2021-11-16,757,N,VIIRS,n,2,300.53,3.53,D,0
29.95468,75.77779,330.64,0.39,0.36,2021-11-16,757,N,VIIRS,l,2,302.96,1.73,D,0
29.9556,76.18064,330.86,0.39,0.36,2021-11-16,757,N,VIIRS,n,2,303.52,1.54,D,0
29.95732,73.12328,336.77,0.47,0.4,2021-11-16,757,N,VIIRS,n,2,301.29,4.63,D,0
29.95757,75.64703,338.62,0.39,0.37,2021-11-16,757,N,VIIRS,n,2,308.33,10.28,D,0
29.95775,74.57956,332.29,0.42,0.38,2021-11-16,757,N,VIIRS,n,2,302.23,1.69,D,0
29.95785,72.91821,331.74,0.48,0.4,2021-11-16,757,N,VIIRS,l,2,302.02,4.02,D,0
29.95816,75.36796,332.98,0.4,0.37,2021-11-16,757,N,VIIRS,l,2,304.03,1.86,D,0
29.95968,75.89368,343.07,0.39,0.36,2021-11-16,757,N,VIIRS,n,2,305.63,8.36,D,0
29.96043,75.10992,332.63,0.4,0.37,2021-11-16,757,N,VIIRS,l,2,303.81,2.69,D,0
29.96075,74.49368,331.68,0.42,0.38,2021-11-16,757,N,VIIRS,n,2,302.71,2.07,D,0
29.96243,75.24728,335.73,0.4,0.37,2021-11-16,757,N,VIIRS,n,2,302.44,3.84,D,0
29.96244,72.90154,334.54,0.48,0.4,2021-11-16,757,N,VIIRS,n,2,300.54,2.84,D,0
29.96343,75.16968,332.34,0.4,0.37,2021-11-16,757,N,VIIRS,n,2,302.13,3.85,D,0
29.96364,75.59937,340.85,0.4,0.37,2021-11-16,757,N,VIIRS,n,2,305.96,4.72,D,0
29.96434,72.89838,332.28,0.48,0.4,2021-11-16,757,N,VIIRS,n,2,299.26,3.39,D,0
29.96456,73.12154,340.08,0.47,0.4,2021-11-16,757,N,VIIRS,n,2,301.67,4.22,D,0
29.96492,75.19948,333.99,0.4,0.37,2021-11-16,757,N,VIIRS,n,2,301.47,2.18,D,0
29.96501,75.22095,334.3,0.4,0.37,2021-11-16,757,N,VIIRS,n,2,303.11,2.98,D,0
29.9652,75.11752,334.11,0.4,0.37,2021-11-16,757,N,VIIRS,n,2,302.5,5.67,D,0
29.9652,76.01315,333.38,0.39,0.36,2021-11-16,757,N,VIIRS,n,2,302.07,1.88,D,0
29.96593,75.80468,334.68,0.39,0.36,2021-11-16,757,N,VIIRS,n,2,304.57,3.64,D,0
29.96611,75.16478,342.57,0.4,0.37,2021-11-16,757,N,VIIRS,n,2,301.86,3.85,D,0
29.96847,75.24167,344.82,0.4,0.37,2021-11-16,757,N,VIIRS,n,2,303.29,4.79,D,0
29.97075,73.15548,352.94,0.47,0.4,2021-11-16,757,N,VIIRS,n,2,304.74,15.43,D,0
29.9711,75.85789,336.1,0.39,0.36,2021-11-16,757,N,VIIRS,n,2,306.03,5.28,D,0
29.97169,75.56385,334.74,0.4,0.37,2021-11-16,757,N,VIIRS,l,2,305.45,2.62,D,0
29.9724,75.86596,336.33,0.39,0.36,2021-11-16,757,N,VIIRS,n,2,303.67,4.87,D,0
29.97346,75.72346,339.76,0.39,0.36,2021-11-16,757,N,VIIRS,n,2,304.55,2.85,D,0
29.97396,75.98223,331.56,0.39,0.36,2021-11-16,757,N,VIIRS,n,2,302.5,2.13,D,0
29.97399,71.35217,339.94,0.38,0.43,2021-11-16,757,N,VIIRS,n,2,299.99,4.33,D,0
29.97422,76.06934,337.62,0.39,0.36,2021-11-16,757,N,VIIRS,n,2,312.08,12.64,D,0
29.97436,73.1546,346.98,0.47,0.4,2021-11-16,757,N,VIIRS,n,2,301.86,8.54,D,0
29.97486,76.07334,345.59,0.39,0.36,2021-11-16,757,N,VIIRS,n,2,315.07,21.29,D,0
29.97593,74.78851,338.86,0.41,0.37,2021-11-16,757,N,VIIRS,n,2,304.05,4.22,D,0
29.97754,76.06863,332.98,0.39,0.36,2021-11-16,757,N,VIIRS,n,2,303.23,12.64,D,0
29.97771,75.55832,340.83,0.4,0.37,2021-11-16,757,N,VIIRS,n,2,304.11,3.57,D,0
29.97818,76.07265,348.54,0.39,0.36,2021-11-16,757,N,VIIRS,n,2,304.31,21.29,D,0
29.9796,75.16182,334.27,0.4,0.37,2021-11-16,757,N,VIIRS,n,2,303.71,4.52,D,0
29.98038,75.18748,332.58,0.4,0.37,2021-11-16,757,N,VIIRS,n,2,302.96,1.72,D,0
29.98052,76.13012,335.12,0.39,0.36,2021-11-16,757,N,VIIRS,n,2,303.74,2.06,D,0
29.98139,75.75113,333.64,0.39,0.36,2021-11-16,757,N,VIIRS,n,2,302.31,2.93,D,0
29.98149,76.07195,339.91,0.39,0.36,2021-11-16,757,N,VIIRS,n,2,308.74,11.19,D,0
29.98185,75.21725,335.97,0.4,0.37,2021-11-16,757,N,VIIRS,n,2,304.26,3.12,D,0
29.9827,75.26428,330.04,0.4,0.37,2021-11-16,757,N,VIIRS,n,2,302.9,1.96,D,0
29.98275,75.73825,349.72,0.39,0.36,2021-11-16,757,N,VIIRS,n,2,314,18.93,D,0
29.98297,75.16107,334.25,0.4,0.37,2021-11-16,757,N,VIIRS,n,2,303.71,5.84,D,0
29.98341,75.7423,338.83,0.39,0.36,2021-11-16,757,N,VIIRS,n,2,304.09,18.93,D,0
29.9841,75.93849,333.32,0.39,0.36,2021-11-16,757,N,VIIRS,n,2,303.27,1.96,D,0
29.98464,77.81304,331.23,0.39,0.36,2021-11-16,757,N,VIIRS,n,2,298.19,1.76,D,0
29.98481,76.07124,339.96,0.39,0.36,2021-11-16,757,N,VIIRS,n,2,303.56,11.19,D,0
29.98742,75.93779,346.68,0.39,0.36,2021-11-16,757,N,VIIRS,n,2,302.69,9.2,D,0
29.98772,73.18669,334.55,0.47,0.4,2021-11-16,757,N,VIIRS,n,2,301.48,6.68,D,0
29.9917,75.15052,334.19,0.4,0.37,2021-11-16,757,N,VIIRS,n,2,302.8,2.31,D,0
29.99175,73.10482,330.21,0.47,0.4,2021-11-16,757,N,VIIRS,l,2,300.21,2.56,D,0
29.99193,73.10699,331.8,0.47,0.4,2021-11-16,757,N,VIIRS,n,2,298.82,1.03,D,0
29.99416,75.27035,333.59,0.4,0.37,2021-11-16,757,N,VIIRS,n,2,300.93,4.47,D,0
29.99428,73.13968,333.92,0.47,0.4,2021-11-16,757,N,VIIRS,n,2,302.86,2.7,D,0
29.9959,75.42785,330.13,0.4,0.37,2021-11-16,757,N,VIIRS,l,2,303.17,1.35,D,0
29.99941,75.55423,332.43,0.4,0.37,2021-11-16,757,N,VIIRS,n,2,303.41,10.18,D,0
30.00072,75.93496,347.58,0.39,0.36,2021-11-16,757,N,VIIRS,n,2,302.78,4.49,D,0
30.00111,74.85325,333.56,0.41,0.37,2021-11-16,757,N,VIIRS,n,2,301.95,2.51,D,0
30.00112,75.35432,330.79,0.4,0.37,2021-11-16,757,N,VIIRS,n,2,305.26,5.99,D,0
30.0018,75.35844,334.13,0.4,0.37,2021-11-16,757,N,VIIRS,n,2,307.06,5.99,D,0
30.00276,75.55351,347.44,0.4,0.37,2021-11-16,757,N,VIIRS,n,2,309.26,10.18,D,0
30.00301,75.30266,333.79,0.4,0.37,2021-11-16,757,N,VIIRS,n,2,302.87,2.76,D,0
30.00316,75.36667,331.75,0.4,0.37,2021-11-16,757,N,VIIRS,n,2,302.98,1.59,D,0
30.00425,74.62261,340.72,0.42,0.37,2021-11-16,757,N,VIIRS,n,2,301.64,2.94,D,0
30.00615,74.48787,337.14,0.42,0.38,2021-11-16,757,N,VIIRS,n,2,302.82,1.97,D,0
30.00686,74.97001,334.92,0.41,0.37,2021-11-16,757,N,VIIRS,n,2,302.85,2.95,D,0
30.00841,72.59791,332.59,0.5,0.41,2021-11-16,757,N,VIIRS,n,2,299.35,2.32,D,0
30.00915,75.33976,334.88,0.4,0.37,2021-11-16,757,N,VIIRS,n,2,302.66,1.77,D,0
30.01,73.12292,335.98,0.47,0.4,2021-11-16,757,N,VIIRS,n,2,302.36,3.4,D,0
30.01237,75.08546,343.33,0.41,0.37,2021-11-16,757,N,VIIRS,n,2,308,8.43,D,0
30.01271,75.02524,337.33,0.41,0.37,2021-11-16,757,N,VIIRS,n,2,303.83,3.94,D,0
30.01278,75.19326,331.79,0.4,0.37,2021-11-16,757,N,VIIRS,n,2,303.2,2.04,D,0
30.01367,75.07219,332.57,0.41,0.37,2021-11-16,757,N,VIIRS,n,2,301.7,2.62,D,0
30.01373,75.07272,331.46,0.41,0.37,2021-11-16,757,N,VIIRS,n,2,301.35,2.53,D,0
30.01386,75.8028,334.18,0.39,0.36,2021-11-16,757,N,VIIRS,n,2,303.56,4.96,D,0
30.014,75.76091,336.27,0.39,0.36,2021-11-16,757,N,VIIRS,l,2,306.48,5.24,D,0
30.01575,75.08472,337.98,0.41,0.37,2021-11-16,757,N,VIIRS,n,2,303.85,8.43,D,0
30.01585,75.08523,334.31,0.41,0.37,2021-11-16,757,N,VIIRS,n,2,303.29,3.37,D,0
30.01595,75.94422,332.89,0.39,0.36,2021-11-16,757,N,VIIRS,n,2,301.68,1.07,D,0
30.0161,75.02448,334.16,0.41,0.37,2021-11-16,757,N,VIIRS,n,2,302.79,3.94,D,0
30.01645,74.48553,333.71,0.42,0.38,2021-11-16,757,N,VIIRS,n,2,302.81,6.16,D,0
30.01696,74.53033,346.64,0.42,0.38,2021-11-16,757,N,VIIRS,n,2,303.06,6.07,D,0
30.01915,74.48042,331.46,0.42,0.38,2021-11-16,757,N,VIIRS,n,2,299.37,5.14,D,0
30.01989,74.48475,333.64,0.42,0.38,2021-11-16,757,N,VIIRS,n,2,301.86,5.29,D,0
30.02014,74.50716,343.9,0.42,0.38,2021-11-16,757,N,VIIRS,n,2,307.33,14.81,D,0
30.02077,74.43678,330.04,0.42,0.38,2021-11-16,757,N,VIIRS,n,2,302.45,1.65,D,0
30.02129,75.11809,337.99,0.4,0.37,2021-11-16,757,N,VIIRS,n,2,303.32,3.19,D,0
30.02147,75.11856,343.44,0.4,0.37,2021-11-16,757,N,VIIRS,n,2,303.68,3.05,D,0
30.0221,75.69257,334.33,0.39,0.36,2021-11-16,757,N,VIIRS,n,2,304.26,2.56,D,0
30.02256,73.17037,332.21,0.47,0.4,2021-11-16,757,N,VIIRS,n,2,303.3,2.69,D,0
30.02421,74.436,331.79,0.42,0.38,2021-11-16,757,N,VIIRS,n,2,302.84,1.65,D,0
30.02454,73.88377,345.79,0.44,0.38,2021-11-16,757,N,VIIRS,n,2,304.58,10.6,D,0
30.02504,73.88239,346.13,0.44,0.38,2021-11-16,757,N,VIIRS,n,2,303.14,7,D,0
30.02575,75.25056,338.07,0.4,0.37,2021-11-16,757,N,VIIRS,n,2,304.01,3.3,D,0
30.02597,74.8959,334.15,0.41,0.37,2021-11-16,757,N,VIIRS,n,2,302.15,2.65,D,0
30.02643,76.09562,338.4,0.39,0.36,2021-11-16,757,N,VIIRS,n,2,304.43,4.51,D,0
30.02652,74.52368,348.85,0.42,0.38,2021-11-16,757,N,VIIRS,n,2,312.47,33.63,D,0
30.02749,74.55035,350.41,0.42,0.38,2021-11-16,757,N,VIIRS,n,2,303.33,8.47,D,0
30.02822,74.52056,331.53,0.42,0.38,2021-11-16,757,N,VIIRS,n,2,302.28,3.07,D,0
30.02832,74.48011,340.43,0.42,0.38,2021-11-16,757,N,VIIRS,n,2,302.55,3.32,D,0
30.02897,73.1234,335.35,0.47,0.4,2021-11-16,757,N,VIIRS,n,2,304.35,2.54,D,0
30.02897,74.52487,333.06,0.42,0.38,2021-11-16,757,N,VIIRS,n,2,301.14,3.07,D,0
30.03004,75.38212,347.3,0.4,0.37,2021-11-16,757,N,VIIRS,n,2,305.79,6.52,D,0
30.03025,74.92118,333.6,0.41,0.37,2021-11-16,757,N,VIIRS,n,2,306.33,2.15,D,0
30.03083,75.49243,334.94,0.4,0.37,2021-11-16,757,N,VIIRS,n,2,302.68,5.02,D,0
30.03128,75.93264,334.5,0.39,0.36,2021-11-16,757,N,VIIRS,l,2,304.93,18.91,D,0
30.03133,74.88596,335.88,0.41,0.37,2021-11-16,757,N,VIIRS,n,2,302.42,1.9,D,0
30.03175,74.47933,334.42,0.42,0.38,2021-11-16,757,N,VIIRS,n,2,302.34,3.32,D,0
30.03257,75.2919,331.78,0.4,0.37,2021-11-16,757,N,VIIRS,n,2,302.4,3.38,D,0
30.03266,75.33463,341.95,0.4,0.37,2021-11-16,757,N,VIIRS,n,2,305.3,4.68,D,0
30.03283,74.50605,333.03,0.42,0.38,2021-11-16,757,N,VIIRS,n,2,303.37,2.45,D,0
30.03325,74.48799,330.84,0.42,0.38,2021-11-16,757,N,VIIRS,n,2,300.46,3.05,D,0
30.03325,75.29604,333.8,0.4,0.37,2021-11-16,757,N,VIIRS,n,2,303.65,3.31,D,0
30.03333,75.33875,333.55,0.4,0.37,2021-11-16,757,N,VIIRS,n,2,302.28,6.71,D,0
30.03396,75.92791,334.74,0.39,0.36,2021-11-16,757,N,VIIRS,n,2,302.98,8.41,D,0
30.03472,74.88519,333.31,0.41,0.37,2021-11-16,757,N,VIIRS,n,2,304.39,1.9,D,0
30.03601,75.33389,335.31,0.4,0.37,2021-11-16,757,N,VIIRS,n,2,301.61,4.68,D,0
30.03616,75.46158,332.11,0.4,0.37,2021-11-16,757,N,VIIRS,n,2,301.93,2.33,D,0
30.03661,75.2953,333.7,0.4,0.37,2021-11-16,757,N,VIIRS,n,2,302.13,3.31,D,0
30.03732,74.53194,335.98,0.42,0.38,2021-11-16,757,N,VIIRS,l,2,306.13,6.53,D,0
30.03744,74.49153,344.05,0.42,0.38,2021-11-16,757,N,VIIRS,n,2,305.58,10.51,D,0
30.03801,75.32491,333.26,0.4,0.37,2021-11-16,757,N,VIIRS,n,2,303.97,1.3,D,0
30.03812,75.19677,341.18,0.4,0.37,2021-11-16,757,N,VIIRS,n,2,306.89,20.55,D,0
30.03956,74.54487,337.44,0.42,0.38,2021-11-16,757,N,VIIRS,n,2,305.87,6.43,D,0
30.04076,75.06674,340.15,0.41,0.37,2021-11-16,757,N,VIIRS,n,2,303.13,4.72,D,0
30.04146,75.07092,330.53,0.41,0.37,2021-11-16,757,N,VIIRS,l,2,300.82,2.51,D,0
30.04171,75.23892,333.53,0.4,0.37,2021-11-16,757,N,VIIRS,n,2,305.63,2.06,D,0
30.04189,75.24273,332.13,0.4,0.37,2021-11-16,757,N,VIIRS,l,2,304.43,2.01,D,0
30.04288,75.50252,334.13,0.4,0.37,2021-11-16,757,N,VIIRS,n,2,304.17,2.73,D,0
30.04355,75.50661,330.75,0.4,0.37,2021-11-16,757,N,VIIRS,n,2,302.21,2.16,D,0
30.04403,74.85683,338.67,0.41,0.37,2021-11-16,757,N,VIIRS,n,2,307.3,12.05,D,0
30.04416,75.19114,335.05,0.4,0.37,2021-11-16,757,N,VIIRS,n,2,305.42,3.58,D,0
30.04521,75.13491,332.03,0.4,0.37,2021-11-16,757,N,VIIRS,n,2,300.6,2.8,D,0
30.04541,75.32757,344.23,0.4,0.37,2021-11-16,757,N,VIIRS,n,2,307.51,7.18,D,0
30.04575,75.95869,333.68,0.39,0.36,2021-11-16,757,N,VIIRS,l,2,304.44,6.5,D,0
30.04591,75.13907,333.02,0.4,0.37,2021-11-16,757,N,VIIRS,n,2,301.12,5.18,D,0
30.04687,74.87371,337.36,0.41,0.37,2021-11-16,757,N,VIIRS,n,2,300.83,2.14,D,0
30.04742,74.85606,337.16,0.41,0.37,2021-11-16,757,N,VIIRS,n,2,307.1,35.77,D,0
30.04851,75.00862,333.94,0.41,0.37,2021-11-16,757,N,VIIRS,n,2,302.8,10.4,D,0
30.04908,75.95799,335.65,0.39,0.36,2021-11-16,757,N,VIIRS,n,2,303.72,6.5,D,0
30.04947,75.94589,337.97,0.39,0.36,2021-11-16,757,N,VIIRS,n,2,303.09,2.38,D,0
30.05013,75.33508,334.96,0.4,0.37,2021-11-16,757,N,VIIRS,n,2,302.43,2.38,D,0
30.05025,75.98685,332.71,0.39,0.36,2021-11-16,757,N,VIIRS,l,2,304.29,3.47,D,0
30.05074,75.29649,338.08,0.4,0.37,2021-11-16,757,N,VIIRS,n,2,302.12,3.38,D,0
30.05119,75.00368,331.21,0.41,0.37,2021-11-16,757,N,VIIRS,n,2,301.11,2.15,D,0
30.05138,75.29677,345.85,0.4,0.37,2021-11-16,757,N,VIIRS,n,2,302.25,4.43,D,0
30.05141,75.30061,333.55,0.4,0.37,2021-11-16,757,N,VIIRS,n,2,303.33,2.51,D,0
30.05184,75.11186,335.75,0.4,0.37,2021-11-16,757,N,VIIRS,n,2,303.71,4.48,D,0
30.05287,75.39417,340.82,0.4,0.37,2021-11-16,757,N,VIIRS,n,2,303.6,3.53,D,0
30.05312,74.88984,331.6,0.41,0.37,2021-11-16,757,N,VIIRS,l,2,304.15,2.55,D,0
30.05611,74.92852,334.04,0.41,0.37,2021-11-16,757,N,VIIRS,n,2,302.99,2.14,D,0
30.05614,75.15837,332.78,0.4,0.37,2021-11-16,757,N,VIIRS,l,2,303.14,9.85,D,0
30.0587,75.13193,336.34,0.4,0.37,2021-11-16,757,N,VIIRS,n,2,303.11,3.29,D,0
30.05881,75.15347,333.84,0.4,0.37,2021-11-16,757,N,VIIRS,n,2,303.17,9.85,D,0
30.05951,75.15762,331.96,0.4,0.37,2021-11-16,757,N,VIIRS,l,2,302.29,9.85,D,0
30.05962,75.17913,334.28,0.4,0.37,2021-11-16,757,N,VIIRS,n,2,302.01,2.94,D,0
30.05979,74.97132,331.65,0.41,0.37,2021-11-16,757,N,VIIRS,n,2,302.06,3.66,D,0
30.05998,75.11871,331.37,0.4,0.37,2021-11-16,757,N,VIIRS,l,2,302.3,4.52,D,0
30.06031,75.18329,340.71,0.4,0.37,2021-11-16,757,N,VIIRS,n,2,304.54,2.94,D,0
30.0605,74.97552,332.62,0.41,0.37,2021-11-16,757,N,VIIRS,n,2,300.82,3.66,D,0
30.06068,75.12286,334.3,0.4,0.37,2021-11-16,757,N,VIIRS,n,2,302.45,4.52,D,0
30.06077,75.01894,332.98,0.41,0.37,2021-11-16,757,N,VIIRS,n,2,302.12,2.81,D,0
30.06292,74.59767,333.88,0.42,0.37,2021-11-16,757,N,VIIRS,n,2,303.3,2.95,D,0
30.06368,75.18254,332.47,0.4,0.37,2021-11-16,757,N,VIIRS,n,2,301.29,2.94,D,0
30.06374,74.95301,332.76,0.41,0.37,2021-11-16,757,N,VIIRS,l,2,303.31,3.88,D,0
30.06565,74.48962,333.9,0.42,0.38,2021-11-16,757,N,VIIRS,l,2,304.37,3.46,D,0
30.06639,74.49394,338.93,0.42,0.38,2021-11-16,757,N,VIIRS,n,2,303.92,5.67,D,0
30.06823,75.02162,334.37,0.41,0.37,2021-11-16,757,N,VIIRS,n,2,303.75,7.83,D,0
30.06894,75.02581,334.86,0.41,0.37,2021-11-16,757,N,VIIRS,n,2,301.59,7.83,D,0
30.06937,73.17924,333.4,0.47,0.4,2021-11-16,757,N,VIIRS,n,2,301.99,4.32,D,0
30.06997,75.96651,344.62,0.39,0.36,2021-11-16,757,N,VIIRS,n,2,304.92,6.96,D,0
30.07011,74.51554,340.84,0.42,0.38,2021-11-16,757,N,VIIRS,n,2,303.53,4,D,0
30.07077,74.62263,333.5,0.42,0.37,2021-11-16,757,N,VIIRS,n,2,303.37,3.8,D,0
30.07085,75.28823,337.01,0.4,0.37,2021-11-16,757,N,VIIRS,n,2,306.95,10.04,D,0
30.07224,73.31839,330.7,0.46,0.39,2021-11-16,757,N,VIIRS,n,2,302.23,2.55,D,0
30.07302,75.02925,332.62,0.41,0.37,2021-11-16,757,N,VIIRS,n,2,302.74,1.9,D,0
30.07372,75.03342,330.54,0.41,0.37,2021-11-16,757,N,VIIRS,n,2,300.75,1.9,D,0
30.07429,74.51907,332.71,0.42,0.38,2021-11-16,757,N,VIIRS,n,2,300.07,2.97,D,0
30.07445,74.47862,330.13,0.42,0.38,2021-11-16,757,N,VIIRS,n,2,302.42,3.13,D,0
30.07474,75.24883,330.72,0.4,0.37,2021-11-16,757,N,VIIRS,n,2,301.15,1.83,D,0
30.07513,76.14333,343.3,0.39,0.36,2021-11-16,757,N,VIIRS,n,2,307.68,16.87,D,0
30.0752,74.48296,334.57,0.42,0.38,2021-11-16,757,N,VIIRS,n,2,305.15,6.32,D,0
30.07538,76.08574,339.25,0.39,0.36,2021-11-16,757,N,VIIRS,n,2,304.85,3.32,D,0
30.07559,75.29575,345.42,0.4,0.37,2021-11-16,757,N,VIIRS,n,2,302.73,9.19,D,0
30.0761,74.44672,335.17,0.42,0.38,2021-11-16,757,N,VIIRS,l,2,308.29,30.1,D,0
30.07703,75.32536,339.32,0.4,0.37,2021-11-16,757,N,VIIRS,n,2,305.91,7.98,D,0
30.07845,76.14263,340.96,0.39,0.36,2021-11-16,757,N,VIIRS,n,2,309.15,16.87,D,0
30.07891,75.61723,346.67,0.39,0.37,2021-11-16,757,N,VIIRS,n,2,302.07,4.26,D,0
30.07895,75.29501,333.97,0.4,0.37,2021-11-16,757,N,VIIRS,n,2,303.29,3.32,D,0
30.08039,75.32462,347.33,0.4,0.37,2021-11-16,757,N,VIIRS,n,2,304.28,7.98,D,0
30.08086,75.26463,342.55,0.4,0.37,2021-11-16,757,N,VIIRS,n,2,302.07,4.03,D,0
30.08113,75.35006,335.38,0.4,0.37,2021-11-16,757,N,VIIRS,n,2,304.64,2.91,D,0
30.08121,75.18298,343.37,0.4,0.37,2021-11-16,757,N,VIIRS,n,2,303.58,7.47,D,0
30.08141,75.07938,338.84,0.4,0.37,2021-11-16,757,N,VIIRS,n,2,304.34,9.06,D,0
30.08142,74.53986,341.35,0.42,0.38,2021-11-16,757,N,VIIRS,n,2,302.39,5.58,D,0
30.08302,75.51498,334.86,0.4,0.37,2021-11-16,757,N,VIIRS,n,2,306.67,4.24,D,0
30.08397,75.40906,339.59,0.4,0.37,2021-11-16,757,N,VIIRS,n,2,305.43,3.78,D,0
30.08465,75.41316,335.45,0.4,0.37,2021-11-16,757,N,VIIRS,n,2,306.36,6.95,D,0
30.08544,74.70811,335.51,0.41,0.37,2021-11-16,757,N,VIIRS,n,2,302.52,2.72,D,0
30.08715,74.6767,338.09,0.41,0.37,2021-11-16,757,N,VIIRS,n,2,301.7,3.75,D,0
30.08725,75.17735,333.35,0.4,0.37,2021-11-16,757,N,VIIRS,n,2,300.42,2.31,D,0
30.08795,75.1815,347.25,0.4,0.37,2021-11-16,757,N,VIIRS,n,2,303.93,10.23,D,0
30.08805,75.05627,331.91,0.41,0.37,2021-11-16,757,N,VIIRS,n,2,301.56,3.31,D,0
30.09175,74.60007,333.17,0.42,0.37,2021-11-16,757,N,VIIRS,n,2,301.5,2.01,D,0
30.09346,76.04876,332.04,0.39,0.36,2021-11-16,757,N,VIIRS,n,2,302.33,1.85,D,0
30.09717,75.32095,333.58,0.4,0.37,2021-11-16,757,N,VIIRS,n,2,304.86,3.55,D,0
30.09785,77.36902,330.7,0.38,0.36,2021-11-16,757,N,VIIRS,n,2,302.92,1.83,D,0
30.10027,75.23465,347.6,0.4,0.37,2021-11-16,757,N,VIIRS,n,2,304.56,9.91,D,0
30.10054,74.58916,336.11,0.42,0.37,2021-11-16,757,N,VIIRS,n,2,301.22,77.58,D,0
30.10118,73.27169,340.56,0.46,0.39,2021-11-16,757,N,VIIRS,n,2,303.86,7.66,D,0
30.10177,74.63788,340.75,0.42,0.37,2021-11-16,757,N,VIIRS,n,2,307.13,21.77,D,0
30.10383,75.29812,330.5,0.4,0.37,2021-11-16,757,N,VIIRS,n,2,302.62,1.41,D,0
30.1047,74.59268,334.23,0.42,0.37,2021-11-16,757,N,VIIRS,n,2,306.42,24.53,D,0
30.1047,74.655,336.83,0.42,0.37,2021-11-16,757,N,VIIRS,n,2,303.54,2.53,D,0
30.10476,73.27084,333.09,0.46,0.39,2021-11-16,757,N,VIIRS,n,2,302.89,3.14,D,0
30.10495,74.61491,346.88,0.42,0.37,2021-11-16,757,N,VIIRS,n,2,303.72,10.53,D,0
30.10543,74.59698,367,0.42,0.37,2021-11-16,757,N,VIIRS,l,2,329.91,24.53,D,0
30.10562,74.494,346.92,0.42,0.38,2021-11-16,757,N,VIIRS,n,2,306.55,8.07,D,0
30.1062,75.48064,344.47,0.4,0.37,2021-11-16,757,N,VIIRS,n,2,302.94,8.96,D,0
30.1078,76.50327,335.72,0.39,0.36,2021-11-16,757,N,VIIRS,n,2,300.95,2.23,D,0
30.10787,74.56966,333.73,0.42,0.37,2021-11-16,757,N,VIIRS,n,2,304.05,3.07,D,0
30.10812,74.59191,336.43,0.42,0.37,2021-11-16,757,N,VIIRS,n,2,305.85,24.53,D,0
30.10885,74.5962,337.61,0.42,0.37,2021-11-16,757,N,VIIRS,n,2,299.9,24.53,D,0
30.10888,75.47582,342.88,0.4,0.37,2021-11-16,757,N,VIIRS,n,2,307.1,10.25,D,0
30.11029,75.21098,346.14,0.4,0.37,2021-11-16,757,N,VIIRS,n,2,302.76,6.48,D,0
30.11056,74.56457,331.47,0.42,0.37,2021-11-16,757,N,VIIRS,n,2,301.33,3.07,D,0
30.11083,75.17215,347.64,0.4,0.37,2021-11-16,757,N,VIIRS,n,2,305.9,11.57,D,0
30.11103,74.67133,345.06,0.41,0.37,2021-11-16,757,N,VIIRS,n,2,305.48,12.95,D,0
30.11129,74.56888,333.08,0.42,0.37,2021-11-16,757,N,VIIRS,n,2,302.69,3.07,D,0
30.11328,76.17297,334.84,0.39,0.36,2021-11-16,757,N,VIIRS,n,2,301.57,3.23,D,0
30.11398,74.56379,332.21,0.42,0.37,2021-11-16,757,N,VIIRS,n,2,301.41,6.2,D,0
30.11481,75.4066,334.57,0.4,0.37,2021-11-16,757,N,VIIRS,n,2,304.43,2,D,0
30.11632,76.21365,335.96,0.39,0.36,2021-11-16,757,N,VIIRS,n,2,305.85,3.14,D,0
30.1169,74.51836,331.44,0.42,0.38,2021-11-16,757,N,VIIRS,n,2,302.51,1.9,D,0
30.1174,74.56301,333.46,0.42,0.37,2021-11-16,757,N,VIIRS,l,2,303.62,6.2,D,0
30.11816,75.40587,335.6,0.4,0.37,2021-11-16,757,N,VIIRS,n,2,304.29,4.13,D,0
30.11981,74.66046,336.79,0.41,0.37,2021-11-16,757,N,VIIRS,n,2,306.36,11.3,D,0
30.12095,75.65479,334.06,0.39,0.36,2021-11-16,757,N,VIIRS,n,2,306.35,2.31,D,0
30.12129,74.81474,333.59,0.41,0.37,2021-11-16,757,N,VIIRS,n,2,304.33,2.52,D,0
30.12155,75.15256,334.1,0.4,0.37,2021-11-16,757,N,VIIRS,n,2,300.31,1.81,D,0
30.12271,75.32817,333.68,0.4,0.37,2021-11-16,757,N,VIIRS,l,2,304.99,4.06,D,0
30.12322,74.6597,342.51,0.41,0.37,2021-11-16,757,N,VIIRS,n,2,312.21,22.12,D,0
30.12362,75.50229,334.05,0.4,0.37,2021-11-16,757,N,VIIRS,l,2,304.73,6.58,D,0
30.12664,74.65893,346.07,0.41,0.37,2021-11-16,757,N,VIIRS,n,2,303.4,22.12,D,0
30.12681,74.9927,332.65,0.41,0.37,2021-11-16,757,N,VIIRS,n,2,302.04,7.31,D,0
30.12714,74.64103,342.17,0.42,0.37,2021-11-16,757,N,VIIRS,n,2,310.75,26.19,D,0
30.12821,75.40368,330.53,0.4,0.37,2021-11-16,757,N,VIIRS,l,2,302.9,2.64,D,0
30.13007,76.02027,331.95,0.39,0.36,2021-11-16,757,N,VIIRS,n,2,305.14,5.37,D,0
30.13029,75.14201,334.48,0.4,0.37,2021-11-16,757,N,VIIRS,n,2,301.66,39.13,D,0
30.13049,75.93702,336.16,0.39,0.36,2021-11-16,757,N,VIIRS,n,2,303.7,10.07,D,0
30.13071,76.02428,333.11,0.39,0.36,2021-11-16,757,N,VIIRS,n,2,300.66,4.73,D,0
30.1312,75.03947,334.41,0.41,0.37,2021-11-16,757,N,VIIRS,n,2,305.58,1.81,D,0
30.13228,75.44952,345.61,0.4,0.37,2021-11-16,757,N,VIIRS,n,2,311.74,26.73,D,0
30.13319,74.37585,333.42,0.42,0.38,2021-11-16,757,N,VIIRS,n,2,302.68,6.27,D,0
30.13332,75.052,332.68,0.41,0.37,2021-11-16,757,N,VIIRS,n,2,302.89,1.51,D,0
30.13368,74.67952,341.32,0.41,0.37,2021-11-16,757,N,VIIRS,n,2,309.58,22.88,D,0
30.13381,75.93632,355.38,0.39,0.36,2021-11-16,757,N,VIIRS,n,2,309.08,10.07,D,0
30.1347,75.27423,334.92,0.4,0.37,2021-11-16,757,N,VIIRS,n,2,304.73,12.06,D,0
30.13542,75.29975,342.41,0.4,0.37,2021-11-16,757,N,VIIRS,n,2,308.21,9.6,D,0
30.13637,74.67448,337.34,0.41,0.37,2021-11-16,757,N,VIIRS,l,2,308.2,22.88,D,0
30.1366,76.14739,342.16,0.39,0.36,2021-11-16,757,N,VIIRS,n,2,304.86,4.72,D,0
30.13701,75.54169,343.6,0.4,0.37,2021-11-16,757,N,VIIRS,n,2,309.07,9.89,D,0
30.13837,75.10279,338.89,0.4,0.37,2021-11-16,757,N,VIIRS,n,2,308.75,19.24,D,0
30.13886,75.98933,335.72,0.39,0.36,2021-11-16,757,N,VIIRS,n,2,306.09,8.67,D,0
30.13949,75.3245,330.13,0.4,0.37,2021-11-16,757,N,VIIRS,n,2,301.66,1.96,D,0
30.1397,74.90266,334.02,0.41,0.37,2021-11-16,757,N,VIIRS,l,2,305.47,10.54,D,0
30.13992,76.14669,330.64,0.39,0.36,2021-11-16,757,N,VIIRS,l,2,302.59,4.72,D,0
30.14029,75.66745,334.53,0.39,0.36,2021-11-16,757,N,VIIRS,n,2,305.58,2.02,D,0
30.14055,76.04296,330.12,0.39,0.36,2021-11-16,757,N,VIIRS,n,2,303,2.06,D,0
30.14101,74.66012,332.43,0.41,0.37,2021-11-16,757,N,VIIRS,n,2,304.87,1.96,D,0
30.14244,75.10622,334.14,0.4,0.37,2021-11-16,757,N,VIIRS,n,2,303.34,4.65,D,0
30.14285,75.32377,331.68,0.4,0.37,2021-11-16,757,N,VIIRS,n,2,302.99,1.96,D,0
30.14387,76.04226,335.77,0.39,0.36,2021-11-16,757,N,VIIRS,n,2,302.93,2.06,D,0
30.14442,74.65934,347.77,0.41,0.37,2021-11-16,757,N,VIIRS,n,2,306.23,8.33,D,0
30.14506,74.89272,333.74,0.41,0.37,2021-11-16,757,N,VIIRS,n,2,303.54,2.38,D,0
30.14768,76.17401,330.35,0.39,0.36,2021-11-16,757,N,VIIRS,l,2,301.35,1.53,D,0
30.15018,74.26741,333.58,0.43,0.38,2021-11-16,757,N,VIIRS,n,2,301.2,2.89,D,0
30.15082,75.15612,341.44,0.4,0.37,2021-11-16,757,N,VIIRS,n,2,304.28,3.34,D,0
30.15307,76.55588,330.08,0.38,0.36,2021-11-16,757,N,VIIRS,n,2,301.84,2.15,D,0
30.15516,74.56419,334.43,0.42,0.37,2021-11-16,757,N,VIIRS,n,2,305.54,4.7,D,0
30.15523,75.09907,367,0.4,0.37,2021-11-16,757,N,VIIRS,l,2,325.2,37.44,D,0
30.15543,74.33902,334.64,0.42,0.38,2021-11-16,757,N,VIIRS,n,2,304.71,2.31,D,0
30.15544,74.48351,330.74,0.42,0.38,2021-11-16,757,N,VIIRS,n,2,300.32,3.54,D,0
30.15593,75.10323,346.93,0.4,0.37,2021-11-16,757,N,VIIRS,n,2,302.44,37.44,D,0
30.15908,75.48612,330.89,0.4,0.37,2021-11-16,757,N,VIIRS,l,2,304.63,1.72,D,0
30.15948,74.52744,336.48,0.42,0.38,2021-11-16,757,N,VIIRS,n,2,303.63,7.15,D,0
30.16155,75.94728,333.46,0.39,0.36,2021-11-16,757,N,VIIRS,n,2,302.82,5.27,D,0
30.1616,75.03274,340.93,0.41,0.37,2021-11-16,757,N,VIIRS,n,2,304.53,8.61,D,0
30.16285,75.95533,333.13,0.39,0.36,2021-11-16,757,N,VIIRS,n,2,301.47,8.75,D,0
30.16288,76.07558,343.16,0.39,0.36,2021-11-16,757,N,VIIRS,n,2,304.99,10.42,D,0
30.16314,76.03403,334.78,0.39,0.36,2021-11-16,757,N,VIIRS,n,2,303.62,4.42,D,0
30.16434,75.3276,333.93,0.4,0.37,2021-11-16,757,N,VIIRS,n,2,304.87,2.08,D,0
30.16465,75.09267,334.78,0.4,0.37,2021-11-16,757,N,VIIRS,l,2,305.53,34.66,D,0
30.16689,75.93782,332.37,0.39,0.36,2021-11-16,757,N,VIIRS,n,2,303.62,1.91,D,0
30.16733,75.08775,335.5,0.4,0.37,2021-11-16,757,N,VIIRS,n,2,304.03,3.51,D,0
30.16802,75.09192,334.38,0.4,0.37,2021-11-16,757,N,VIIRS,n,2,303.64,3.51,D,0
30.16898,75.30653,333.04,0.4,0.37,2021-11-16,757,N,VIIRS,n,2,303.92,1.13,D,0
30.16957,74.8083,330.6,0.41,0.37,2021-11-16,757,N,VIIRS,n,2,304.24,1.5,D,0
30.16972,74.27661,332.53,0.43,0.38,2021-11-16,757,N,VIIRS,n,2,307,8.39,D,0
30.17048,74.281,332.83,0.43,0.38,2021-11-16,757,N,VIIRS,n,2,299.11,6.45,D,0
30.1706,76.00357,333.51,0.39,0.36,2021-11-16,757,N,VIIRS,l,2,304.06,2.22,D,0
30.17301,75.14262,338.5,0.4,0.37,2021-11-16,757,N,VIIRS,n,2,306.68,10.25,D,0
30.1747,76.6293,337.84,0.38,0.36,2021-11-16,757,N,VIIRS,n,2,301.92,5.3,D,0
30.17535,75.073,344.05,0.4,0.37,2021-11-16,757,N,VIIRS,n,2,303.93,4.76,D,0
30.17565,76.05647,334.12,0.39,0.36,2021-11-16,757,N,VIIRS,l,2,304.26,13.74,D,0
30.17651,75.35184,331.59,0.4,0.37,2021-11-16,757,N,VIIRS,n,2,304,1.82,D,0
30.17897,76.05578,335.06,0.39,0.36,2021-11-16,757,N,VIIRS,n,2,303.29,13.74,D,0
30.17981,75.50703,334.44,0.4,0.37,2021-11-16,757,N,VIIRS,l,2,304.61,2.97,D,0
30.18003,75.2056,333.5,0.4,0.37,2021-11-16,757,N,VIIRS,l,2,304.56,6.43,D,0
30.18056,76.00146,331.55,0.39,0.36,2021-11-16,757,N,VIIRS,n,2,305.83,4.14,D,0
30.18066,76.18776,332.25,0.39,0.36,2021-11-16,757,N,VIIRS,n,2,301.48,3.29,D,0
30.1812,76.00549,334.03,0.39,0.36,2021-11-16,757,N,VIIRS,n,2,304.63,5.14,D,0
30.18129,76.19176,332.88,0.39,0.36,2021-11-16,757,N,VIIRS,n,2,301.92,3.29,D,0
30.18387,76.00076,331.4,0.39,0.36,2021-11-16,757,N,VIIRS,n,2,302.23,4.14,D,0
30.18452,76.00478,333.35,0.39,0.36,2021-11-16,757,N,VIIRS,n,2,302.35,5.14,D,0
30.18496,76.05036,345.97,0.39,0.36,2021-11-16,757,N,VIIRS,n,2,302.11,4.71,D,0
30.18538,75.19582,331.14,0.4,0.37,2021-11-16,757,N,VIIRS,l,2,302.09,1.65,D,0
30.18595,75.03167,344.33,0.41,0.37,2021-11-16,757,N,VIIRS,n,2,307.61,14.58,D,0
30.18708,74.2315,337.9,0.43,0.38,2021-11-16,757,N,VIIRS,n,2,303.41,3.62,D,0
30.18748,74.75213,337.87,0.41,0.37,2021-11-16,757,N,VIIRS,n,2,301.05,1.72,D,0
30.1892,74.15433,342.21,0.43,0.38,2021-11-16,757,N,VIIRS,n,2,306.37,16.55,D,0
30.18958,73.26225,333.57,0.46,0.39,2021-11-16,757,N,VIIRS,n,2,303.05,4.6,D,0
30.19316,74.21765,331.19,0.43,0.38,2021-11-16,757,N,VIIRS,n,2,300.26,4.74,D,0
30.19389,74.27106,333.7,0.43,0.38,2021-11-16,757,N,VIIRS,n,2,306.48,10.81,D,0
30.19394,74.22205,337.23,0.43,0.38,2021-11-16,757,N,VIIRS,n,2,302.68,20.42,D,0
30.19485,73.51661,343.78,0.45,0.39,2021-11-16,757,N,VIIRS,n,2,301.8,10.32,D,0
30.19551,74.23872,344.43,0.43,0.38,2021-11-16,757,N,VIIRS,n,2,301.57,7.11,D,0
30.19558,74.34344,330.35,0.42,0.38,2021-11-16,757,N,VIIRS,l,2,301.73,2.05,D,0
30.19703,74.23963,333.4,0.43,0.38,2021-11-16,757,N,VIIRS,n,2,301.3,2.74,D,0
30.19705,75.61311,334.06,0.39,0.36,2021-11-16,757,N,VIIRS,l,2,305.39,1.88,D,0
30.19964,71.8046,330.64,0.54,0.42,2021-11-16,757,N,VIIRS,n,2,300.06,3.98,D,0
30.20019,76.16728,330.77,0.39,0.36,2021-11-16,757,N,VIIRS,n,2,300.13,4.83,D,0
30.20061,75.3295,334.51,0.4,0.37,2021-11-16,757,N,VIIRS,n,2,303.4,2.37,D,0
30.20111,74.29218,345,0.42,0.38,2021-11-16,757,N,VIIRS,n,2,306.66,23.77,D,0
30.20305,74.55331,331.18,0.42,0.37,2021-11-16,757,N,VIIRS,l,2,304.23,1.78,D,0
30.2035,76.16659,335.55,0.39,0.36,2021-11-16,757,N,VIIRS,n,2,304.56,4.83,D,0
30.20528,76.19929,330.87,0.39,0.36,2021-11-16,757,N,VIIRS,n,2,299.64,2.95,D,0
30.20564,75.21284,344.53,0.4,0.37,2021-11-16,757,N,VIIRS,n,2,306.33,12.34,D,0
30.2058,76.11643,335.82,0.39,0.36,2021-11-16,757,N,VIIRS,n,2,302.7,3.41,D,0
30.20591,76.20329,332.29,0.39,0.36,2021-11-16,757,N,VIIRS,n,2,300.2,2.95,D,0
30.20604,73.63953,331.05,0.45,0.39,2021-11-16,757,N,VIIRS,n,2,302.73,1.24,D,0
30.20681,74.30452,338.27,0.42,0.38,2021-11-16,757,N,VIIRS,n,2,301.98,3.09,D,0
30.20782,76.21527,330.41,0.39,0.36,2021-11-16,757,N,VIIRS,n,2,300.23,5.27,D,0
30.20822,76.15319,340.44,0.39,0.36,2021-11-16,757,N,VIIRS,n,2,299.61,3.37,D,0
30.20878,70.7984,330.96,0.4,0.45,2021-11-16,757,N,VIIRS,n,2,300.55,1.9,D,0
30.20904,73.51324,332.55,0.45,0.39,2021-11-16,757,N,VIIRS,n,2,301.9,1.99,D,0
30.20911,76.11574,336.33,0.39,0.36,2021-11-16,757,N,VIIRS,n,2,302.27,3.41,D,0
30.2095,70.79756,331.71,0.41,0.45,2021-11-16,757,N,VIIRS,n,2,298.08,1.26,D,0
30.20969,75.04807,340.31,0.4,0.37,2021-11-16,757,N,VIIRS,n,2,304.09,4.12,D,0
30.21062,75.30595,331.18,0.4,0.37,2021-11-16,757,N,VIIRS,n,2,302.92,1.59,D,0
30.21076,76.1692,334.3,0.39,0.36,2021-11-16,757,N,VIIRS,n,2,303.76,2.74,D,0
30.21113,76.21458,339.89,0.39,0.36,2021-11-16,757,N,VIIRS,n,2,303.61,5.27,D,0
30.21303,76.22658,332.98,0.39,0.36,2021-11-16,757,N,VIIRS,n,2,300.5,1.79,D,0
30.21394,76.1892,331.03,0.39,0.36,2021-11-16,757,N,VIIRS,n,2,300.51,2.26,D,0
30.21674,74.61265,333.12,0.42,0.37,2021-11-16,757,N,VIIRS,n,2,303.45,4.02,D,0
30.21697,73.5162,334.47,0.45,0.39,2021-11-16,757,N,VIIRS,n,2,303.75,3.88,D,0
30.21927,75.27413,334.08,0.4,0.37,2021-11-16,757,N,VIIRS,n,2,304.74,2.56,D,0
30.2214,74.04984,343.7,0.43,0.38,2021-11-16,757,N,VIIRS,n,2,303.54,4.62,D,0
30.22156,76.02187,336.59,0.39,0.36,2021-11-16,757,N,VIIRS,n,2,302.65,3.68,D,0
30.22252,74.03565,337.58,0.43,0.38,2021-11-16,757,N,VIIRS,n,2,303.48,5.53,D,0
30.22487,74.04904,337.46,0.43,0.38,2021-11-16,757,N,VIIRS,n,2,304.53,4.62,D,0
30.22529,74.07211,333.73,0.43,0.38,2021-11-16,757,N,VIIRS,n,2,301.27,2.99,D,0
30.22601,74.03484,338.97,0.43,0.38,2021-11-16,757,N,VIIRS,n,2,302.91,6.82,D,0
30.22669,76.16173,332.65,0.39,0.36,2021-11-16,757,N,VIIRS,n,2,301.49,4.52,D,0
30.22733,76.16572,339.15,0.39,0.36,2021-11-16,757,N,VIIRS,n,2,302.68,4.52,D,0
30.22754,70.72295,335.02,0.41,0.45,2021-11-16,757,N,VIIRS,n,2,300.09,2.36,D,0
30.22758,71.80328,336.96,0.54,0.42,2021-11-16,757,N,VIIRS,n,2,299.74,6.27,D,0
30.23097,75.99494,338.23,0.39,0.36,2021-11-16,757,N,VIIRS,n,2,303.52,2.23,D,0
30.23608,74.05106,337.77,0.43,0.38,2021-11-16,757,N,VIIRS,n,2,304.83,3.58,D,0
30.23678,74.50089,333.06,0.42,0.38,2021-11-16,757,N,VIIRS,n,2,300.33,5.13,D,0
30.23796,75.21861,330.27,0.4,0.37,2021-11-16,757,N,VIIRS,n,2,303.95,1.11,D,0
30.23837,75.49555,331.83,0.4,0.37,2021-11-16,757,N,VIIRS,n,2,305.91,1.87,D,0
30.23853,76.17164,330.84,0.39,0.36,2021-11-16,757,N,VIIRS,n,2,299.12,2.38,D,0
30.23889,70.63097,344.9,0.41,0.45,2021-11-16,757,N,VIIRS,n,2,302.25,6.98,D,0
30.23905,75.49963,330.07,0.4,0.37,2021-11-16,757,N,VIIRS,n,2,304.92,2.61,D,0
30.23905,75.56304,336.83,0.39,0.37,2021-11-16,757,N,VIIRS,n,2,305.59,2.98,D,0
30.23914,74.02713,335.18,0.43,0.38,2021-11-16,757,N,VIIRS,n,2,302.91,4.61,D,0
30.2402,74.50011,334.06,0.42,0.38,2021-11-16,757,N,VIIRS,n,2,301.99,14.23,D,0
30.24188,75.17907,334.64,0.4,0.37,2021-11-16,757,N,VIIRS,n,2,305.76,4.74,D,0
30.24236,75.82998,332.35,0.39,0.36,2021-11-16,757,N,VIIRS,n,2,300.56,2.57,D,0
30.24257,75.18322,335.02,0.4,0.37,2021-11-16,757,N,VIIRS,n,2,307.8,7.88,D,0
30.24268,75.22614,345.35,0.4,0.37,2021-11-16,757,N,VIIRS,n,2,303.67,6.97,D,0
30.24382,75.14852,332.95,0.4,0.37,2021-11-16,757,N,VIIRS,n,2,304.75,2.35,D,0
30.24421,75.14891,334.49,0.4,0.37,2021-11-16,757,N,VIIRS,n,2,304.38,2.35,D,0
30.24516,76.17025,334.98,0.39,0.36,2021-11-16,757,N,VIIRS,n,2,304.4,5.38,D,0
30.24614,74.06727,334.31,0.43,0.38,2021-11-16,757,N,VIIRS,n,2,303.4,2.23,D,0
30.24629,74.5569,346.39,0.42,0.37,2021-11-16,757,N,VIIRS,n,2,306.03,11.48,D,0
30.24667,75.2081,339.41,0.4,0.37,2021-11-16,757,N,VIIRS,n,2,305.09,3.9,D,0
30.24683,76.11607,333.01,0.39,0.36,2021-11-16,757,N,VIIRS,n,2,301.06,2.66,D,0
30.24702,74.56121,330.45,0.42,0.37,2021-11-16,757,N,VIIRS,l,2,302.4,3.81,D,0
30.24736,75.21225,333.69,0.4,0.37,2021-11-16,757,N,VIIRS,n,2,303.75,3.9,D,0
30.24775,74.5655,334.26,0.42,0.37,2021-11-16,757,N,VIIRS,n,2,303.53,3.81,D,0
30.24816,75.13081,338.27,0.4,0.37,2021-11-16,757,N,VIIRS,n,2,303.35,3.79,D,0
30.24847,76.16956,357.09,0.39,0.36,2021-11-16,757,N,VIIRS,n,2,304.24,10.96,D,0
30.2491,76.17355,333.44,0.39,0.36,2021-11-16,757,N,VIIRS,n,2,301.86,5.81,D,0
30.25004,75.20737,333.68,0.4,0.37,2021-11-16,757,N,VIIRS,n,2,305.69,2.75,D,0
30.25072,75.2115,331.45,0.4,0.37,2021-11-16,757,N,VIIRS,n,2,305.3,2.75,D,0
30.25193,76.04036,338.03,0.39,0.36,2021-11-16,757,N,VIIRS,n,2,301.91,2.06,D,0
30.25241,75.56016,348.99,0.39,0.37,2021-11-16,757,N,VIIRS,n,2,304.65,5.88,D,0
30.25282,76.11067,336.14,0.39,0.36,2021-11-16,757,N,VIIRS,n,2,304.8,2.28,D,0
30.25351,74.9128,330.2,0.41,0.37,2021-11-16,757,N,VIIRS,n,2,303.44,4.28,D,0
30.25382,76.16016,333.68,0.39,0.36,2021-11-16,757,N,VIIRS,n,2,303.43,5.67,D,0
30.25422,74.91702,331.84,0.41,0.37,2021-11-16,757,N,VIIRS,n,2,300.84,4.28,D,0
30.25448,76.05642,345.48,0.39,0.36,2021-11-16,757,N,VIIRS,n,2,303.15,3.55,D,0
30.25461,76.03564,333.05,0.39,0.36,2021-11-16,757,N,VIIRS,n,2,302.35,1.69,D,0
30.25522,70.62661,335.51,0.41,0.45,2021-11-16,757,N,VIIRS,n,2,299.11,2.77,D,0
30.25614,76.10997,334.3,0.39,0.36,2021-11-16,757,N,VIIRS,n,2,299.73,2.28,D,0
30.25814,75.10704,344.27,0.4,0.37,2021-11-16,757,N,VIIRS,n,2,310.53,17.9,D,0
30.26081,75.10213,333.09,0.4,0.37,2021-11-16,757,N,VIIRS,l,2,304.68,17.9,D,0
30.26151,75.1063,339.43,0.4,0.37,2021-11-16,757,N,VIIRS,n,2,303.77,17.9,D,0
30.2639,74.0863,339.9,0.43,0.38,2021-11-16,757,N,VIIRS,n,2,307.74,27.43,D,0
30.2639,74.68188,344.18,0.41,0.37,2021-11-16,757,N,VIIRS,n,2,304,4.71,D,0
30.26581,74.03485,343.26,0.43,0.38,2021-11-16,757,N,VIIRS,n,2,308.82,16.29,D,0
30.26622,74.98835,334.3,0.41,0.37,2021-11-16,757,N,VIIRS,n,2,306.47,3.24,D,0
30.26729,75.18253,334.64,0.4,0.37,2021-11-16,757,N,VIIRS,n,2,305.96,4.47,D,0
30.26747,75.75878,337.44,0.39,0.36,2021-11-16,757,N,VIIRS,n,2,303.32,2.66,D,0
30.26931,76.21478,331.65,0.39,0.36,2021-11-16,757,N,VIIRS,n,2,302.45,2.37,D,0
30.26986,75.15617,335.35,0.4,0.37,2021-11-16,757,N,VIIRS,l,2,305.9,2.61,D,0
30.27034,75.11729,332.41,0.4,0.37,2021-11-16,757,N,VIIRS,n,2,302.28,1.52,D,0
30.27046,75.52244,333.95,0.4,0.37,2021-11-16,757,N,VIIRS,n,2,305.06,2.16,D,0
30.27113,75.52653,333.52,0.4,0.37,2021-11-16,757,N,VIIRS,n,2,304.03,3.85,D,0
30.27194,76.12321,333.66,0.39,0.36,2021-11-16,757,N,VIIRS,n,2,301.56,2.5,D,0
30.27257,76.12722,339.26,0.39,0.36,2021-11-16,757,N,VIIRS,n,2,303.24,5.33,D,0
30.27262,76.21409,332.35,0.39,0.36,2021-11-16,757,N,VIIRS,n,2,301.79,2.37,D,0
30.27322,75.15542,331.82,0.4,0.37,2021-11-16,757,N,VIIRS,l,2,305.04,1.59,D,0
30.27448,76.13925,335.79,0.39,0.36,2021-11-16,757,N,VIIRS,n,2,299.52,2.52,D,0
30.27475,76.09776,331.22,0.39,0.36,2021-11-16,757,N,VIIRS,n,2,300.35,1.36,D,0
30.27671,76.28345,331.32,0.39,0.36,2021-11-16,757,N,VIIRS,n,2,302.92,1.71,D,0
30.27701,76.15528,334.15,0.39,0.36,2021-11-16,757,N,VIIRS,n,2,300.08,1.88,D,0
30.27885,74.71047,335.59,0.41,0.37,2021-11-16,757,N,VIIRS,n,2,306.1,3.94,D,0
30.27897,74.04689,332.32,0.43,0.38,2021-11-16,757,N,VIIRS,n,2,300.1,2.5,D,0
30.27914,74.70941,339.35,0.41,0.37,2021-11-16,757,N,VIIRS,n,2,305.84,2.97,D,0
30.28011,75.05032,334.31,0.4,0.37,2021-11-16,757,N,VIIRS,n,2,302.61,2.56,D,0
30.28011,76.08834,342.96,0.39,0.36,2021-11-16,757,N,VIIRS,n,2,303.11,3.12,D,0
30.28088,76.07159,335.19,0.39,0.36,2021-11-16,757,N,VIIRS,n,2,301.48,2.06,D,0
30.28116,75.37582,343.99,0.4,0.37,2021-11-16,757,N,VIIRS,n,2,309.89,16.78,D,0
30.28209,75.76403,338.48,0.39,0.36,2021-11-16,757,N,VIIRS,n,2,305.26,3.54,D,0
30.2821,75.37604,342.34,0.4,0.37,2021-11-16,757,N,VIIRS,n,2,309.54,18.01,D,0
30.28251,76.12513,332.79,0.39,0.36,2021-11-16,757,N,VIIRS,n,2,300.67,3.07,D,0
30.28299,75.23489,333.55,0.4,0.37,2021-11-16,757,N,VIIRS,n,2,300.58,1.97,D,0
30.28342,76.08765,344.56,0.39,0.36,2021-11-16,757,N,VIIRS,n,2,306.36,11.04,D,0
30.28348,75.04957,340.09,0.4,0.37,2021-11-16,757,N,VIIRS,n,2,304.04,4.49,D,0
30.28365,74.59409,344.7,0.42,0.37,2021-11-16,757,N,VIIRS,n,2,304.83,5.87,D,0
30.28419,76.07088,333,0.39,0.36,2021-11-16,757,N,VIIRS,n,2,301.6,2.06,D,0
30.2846,76.20331,344.14,0.39,0.36,2021-11-16,757,N,VIIRS,n,2,303.78,5.8,D,0
30.28709,76.30603,337.42,0.39,0.36,2021-11-16,757,N,VIIRS,n,2,303.67,2.3,D,0
30.28878,73.97954,334.28,0.43,0.38,2021-11-16,757,N,VIIRS,n,2,305.05,2.47,D,0
30.28944,72.39137,331.07,0.5,0.41,2021-11-16,757,N,VIIRS,n,2,298.14,3.12,D,0
30.29064,74.24091,337.4,0.43,0.38,2021-11-16,757,N,VIIRS,n,2,304,3.47,D,0
30.29343,74.6718,334.64,0.41,0.37,2021-11-16,757,N,VIIRS,n,2,307.14,2.58,D,0
30.29384,75.51736,334.05,0.4,0.37,2021-11-16,757,N,VIIRS,l,2,305.55,4.28,D,0
30.29389,74.42611,333.21,0.42,0.38,2021-11-16,757,N,VIIRS,n,2,302.68,4.39,D,0
30.29389,76.11548,342.7,0.39,0.36,2021-11-16,757,N,VIIRS,n,2,306.31,15.86,D,0
30.2939,76.19721,340.92,0.39,0.36,2021-11-16,757,N,VIIRS,n,2,314.24,17.16,D,0
30.29408,74.24012,332.17,0.43,0.38,2021-11-16,757,N,VIIRS,n,2,299.55,3.47,D,0
30.29487,75.39026,338.64,0.4,0.37,2021-11-16,757,N,VIIRS,l,2,309.06,21.17,D,0
30.29563,76.22993,335.51,0.39,0.36,2021-11-16,757,N,VIIRS,n,2,303.51,5.72,D,0
30.2968,76.06927,337.44,0.39,0.36,2021-11-16,757,N,VIIRS,n,2,301.52,2.85,D,0
30.29708,75.06818,304.84,0.4,0.37,2021-11-16,757,N,VIIRS,l,2,305.83,17.99,D,0
30.29721,76.19652,335.62,0.39,0.36,2021-11-16,757,N,VIIRS,n,2,300.82,17.16,D,0
30.29744,76.07328,335.8,0.39,0.36,2021-11-16,757,N,VIIRS,n,2,302.77,4.19,D,0
30.2977,75.47031,342.46,0.4,0.37,2021-11-16,757,N,VIIRS,n,2,303.52,12.03,D,0
30.29778,75.07235,335.82,0.4,0.37,2021-11-16,757,N,VIIRS,n,2,307.23,17.99,D,0
30.29811,73.99134,335.34,0.43,0.38,2021-11-16,757,N,VIIRS,n,2,302.79,3.36,D,0
30.29814,75.92767,333.44,0.39,0.36,2021-11-16,757,N,VIIRS,l,2,305.24,2.3,D,0
30.29853,75.82328,343.86,0.39,0.36,2021-11-16,757,N,VIIRS,n,2,308.58,6.33,D,0
30.29883,76.06054,334.94,0.39,0.36,2021-11-16,757,N,VIIRS,n,2,303.28,5.25,D,0
30.3,76.08932,340.43,0.39,0.36,2021-11-16,757,N,VIIRS,n,2,300.8,2.69,D,0
30.30037,75.46549,335.15,0.4,0.37,2021-11-16,757,N,VIIRS,n,2,302.45,18.4,D,0
30.30045,75.06744,335.71,0.4,0.37,2021-11-16,757,N,VIIRS,n,2,306.06,4.7,D,0
30.3008,73.98605,334.63,0.43,0.38,2021-11-16,757,N,VIIRS,n,2,305.05,3.36,D,0
30.30083,76.24124,342.25,0.39,0.36,2021-11-16,757,N,VIIRS,n,2,308.34,14.67,D,0
30.30115,75.0716,335.2,0.4,0.37,2021-11-16,757,N,VIIRS,n,2,305,4.7,D,0
30.30159,73.99052,334.29,0.43,0.38,2021-11-16,757,N,VIIRS,n,2,304.28,3.36,D,0
30.30186,75.82257,336.88,0.39,0.36,2021-11-16,757,N,VIIRS,n,2,310.11,29.43,D,0
30.30238,75.20488,336.91,0.4,0.37,2021-11-16,757,N,VIIRS,n,2,304.56,3.65,D,0
30.30243,75.59154,334.62,0.39,0.36,2021-11-16,757,N,VIIRS,l,2,305.06,2.01,D,0
30.30254,75.50701,335.39,0.4,0.37,2021-11-16,757,N,VIIRS,n,2,303.49,1.83,D,0
30.30314,74.56293,346.65,0.42,0.37,2021-11-16,757,N,VIIRS,n,2,304.71,6.55,D,0
30.30351,75.14874,337.17,0.4,0.37,2021-11-16,757,N,VIIRS,n,2,308.49,10.62,D,0
30.30376,75.5071,338.02,0.4,0.37,2021-11-16,757,N,VIIRS,n,2,303.17,3.01,D,0
30.30392,73.79755,332.72,0.44,0.38,2021-11-16,757,N,VIIRS,n,2,300.81,3.09,D,0
30.30414,76.24055,337.84,0.39,0.36,2021-11-16,757,N,VIIRS,n,2,303.24,14.67,D,0
30.30428,73.98524,335.17,0.43,0.38,2021-11-16,757,N,VIIRS,n,2,305.29,8.38,D,0
30.30507,73.98971,333.99,0.43,0.38,2021-11-16,757,N,VIIRS,n,2,304,8.38,D,0
30.30564,74.05458,340.7,0.43,0.38,2021-11-16,757,N,VIIRS,n,2,303.7,3.58,D,0
30.30567,74.43242,344.51,0.42,0.38,2021-11-16,757,N,VIIRS,n,2,304.53,10.51,D,0
30.30581,75.05759,345.05,0.4,0.37,2021-11-16,757,N,VIIRS,n,2,305.06,4.77,D,0
30.30589,74.17896,347.02,0.43,0.38,2021-11-16,757,N,VIIRS,n,2,302.13,5.22,D,0
30.3071,74.02179,332.42,0.43,0.38,2021-11-16,757,N,VIIRS,l,2,302.62,3.01,D,0
30.3083,75.40858,342.19,0.4,0.37,2021-11-16,757,N,VIIRS,n,2,305.03,4.41,D,0
30.30935,74.17815,347.14,0.43,0.38,2021-11-16,757,N,VIIRS,n,2,304.53,5.39,D,0
30.31106,75.02612,334.25,0.4,0.37,2021-11-16,757,N,VIIRS,n,2,303.96,2.73,D,0
30.31113,75.98733,337.42,0.39,0.36,2021-11-16,757,N,VIIRS,n,2,308.34,9.92,D,0
30.31122,74.27721,331.51,0.42,0.38,2021-11-16,757,N,VIIRS,n,2,300.88,5.42,D,0
30.31197,74.28159,341.96,0.42,0.38,2021-11-16,757,N,VIIRS,n,2,303.02,5.42,D,0
30.31208,74.21416,332.79,0.43,0.38,2021-11-16,757,N,VIIRS,n,2,301.54,2.3,D,0
30.31239,75.4544,335.59,0.4,0.37,2021-11-16,757,N,VIIRS,n,2,304.48,5.63,D,0
30.31245,75.03446,339.5,0.4,0.37,2021-11-16,757,N,VIIRS,n,2,303.84,3.14,D,0
30.3125,74.27792,335.06,0.42,0.38,2021-11-16,757,N,VIIRS,n,2,302.37,7.28,D,0
30.31285,74.21856,332.57,0.43,0.38,2021-11-16,757,N,VIIRS,n,2,300.63,2.3,D,0
30.31325,76.19419,345.74,0.39,0.36,2021-11-16,757,N,VIIRS,n,2,304.7,7.81,D,0
30.31475,74.44384,338.61,0.42,0.38,2021-11-16,757,N,VIIRS,n,2,308.32,17.96,D,0
30.31549,74.44816,333.36,0.42,0.38,2021-11-16,757,N,VIIRS,n,2,302.16,10.07,D,0
30.31573,75.45367,336.24,0.4,0.37,2021-11-16,757,N,VIIRS,n,2,303,3.38,D,0
30.31592,75.05535,343.08,0.4,0.37,2021-11-16,757,N,VIIRS,n,2,307.76,8.72,D,0
30.31762,74.06106,338.82,0.43,0.38,2021-11-16,757,N,VIIRS,n,2,303.06,3.76,D,0
30.31876,74.61283,347,0.41,0.37,2021-11-16,757,N,VIIRS,n,2,309.23,18.27,D,0
30.31907,75.60902,304.11,0.39,0.36,2021-11-16,757,N,VIIRS,l,2,308.3,17.84,D,0
30.31973,75.61309,336.26,0.39,0.36,2021-11-16,757,N,VIIRS,n,2,310.18,17.84,D,0
30.3199,75.03715,335.51,0.4,0.37,2021-11-16,757,N,VIIRS,l,2,306.07,2.59,D,0
30.32016,74.28072,346.6,0.42,0.38,2021-11-16,757,N,VIIRS,n,2,304.26,4.23,D,0
30.32033,75.14501,334.71,0.4,0.37,2021-11-16,757,N,VIIRS,l,2,306.25,4.5,D,0
30.32049,75.60902,316.62,0.39,0.36,2021-11-16,757,N,VIIRS,l,2,318.66,22,D,0
30.32116,75.6131,334.33,0.39,0.36,2021-11-16,757,N,VIIRS,n,2,302.93,22,D,0
30.32265,74.53171,335.52,0.42,0.37,2021-11-16,757,N,VIIRS,n,2,302.71,3.08,D,0
30.32322,74.25724,333.11,0.42,0.38,2021-11-16,757,N,VIIRS,n,2,300.23,3.28,D,0
30.32327,75.0364,339.71,0.4,0.37,2021-11-16,757,N,VIIRS,n,2,304.93,5.26,D,0
30.32339,75.74259,346.95,0.39,0.36,2021-11-16,757,N,VIIRS,n,2,309.73,9.22,D,0
30.3236,74.27992,335.85,0.42,0.38,2021-11-16,757,N,VIIRS,n,2,301.65,4.23,D,0
30.3237,75.14426,334.23,0.4,0.37,2021-11-16,757,N,VIIRS,n,2,302.43,4.5,D,0
30.32385,75.18726,346.64,0.4,0.37,2021-11-16,757,N,VIIRS,n,2,305.31,7.68,D,0
30.32398,74.26162,339.7,0.42,0.38,2021-11-16,757,N,VIIRS,n,2,302.76,3.28,D,0
30.32454,75.19141,335.18,0.4,0.37,2021-11-16,757,N,VIIRS,n,2,307.19,7.6,D,0
30.32777,74.62412,341.11,0.41,0.37,2021-11-16,757,N,VIIRS,n,2,309.43,10.36,D,0
30.32795,75.77095,335.33,0.39,0.36,2021-11-16,757,N,VIIRS,n,2,305.37,2.46,D,0
30.32886,74.3594,347.91,0.42,0.38,2021-11-16,757,N,VIIRS,n,2,312.61,53.72,D,0
30.32927,74.37382,333.65,0.42,0.38,2021-11-16,757,N,VIIRS,n,2,301.93,3.33,D,0
30.3293,76.05826,333.84,0.39,0.36,2021-11-16,757,N,VIIRS,n,2,301.35,2.16,D,0
30.32967,74.6769,335.29,0.41,0.37,2021-11-16,757,N,VIIRS,n,2,304.84,12.57,D,0
30.32968,74.35564,367,0.42,0.38,2021-11-16,757,N,VIIRS,h,2,330.67,61.78,D,0
30.33043,74.36,348.27,0.42,0.38,2021-11-16,757,N,VIIRS,n,2,312.62,61.78,D,0
30.33118,74.62334,337.89,0.41,0.37,2021-11-16,757,N,VIIRS,n,2,301.23,10.36,D,0
30.33141,74.64548,334.14,0.41,0.37,2021-11-16,757,N,VIIRS,n,2,302.74,3.96,D,0
30.33183,74.37681,331.82,0.42,0.38,2021-11-16,757,N,VIIRS,n,2,298.62,6.72,D,0
30.33234,74.10384,333.37,0.43,0.38,2021-11-16,757,N,VIIRS,n,2,301,2.74,D,0
30.33271,74.37303,330.51,0.42,0.38,2021-11-16,757,N,VIIRS,n,2,299.29,3.33,D,0
30.33358,75.30934,335.12,0.4,0.37,2021-11-16,757,N,VIIRS,l,2,308.72,10.59,D,0
30.33383,75.60614,332.82,0.39,0.36,2021-11-16,757,N,VIIRS,n,2,304.47,1.83,D,0
30.33389,76.06557,332.19,0.39,0.36,2021-11-16,757,N,VIIRS,n,2,301.44,20.54,D,0
30.33391,74.76421,333.88,0.41,0.37,2021-11-16,757,N,VIIRS,l,2,304.52,6.39,D,0
30.33481,74.64471,335.39,0.41,0.37,2021-11-16,757,N,VIIRS,n,2,301.56,3.96,D,0
30.33517,76.0736,333.77,0.39,0.36,2021-11-16,757,N,VIIRS,n,2,302.52,12.57,D,0
30.33689,74.04732,333.06,0.43,0.38,2021-11-16,757,N,VIIRS,n,2,301.83,3.55,D,0
30.33703,75.97767,336.93,0.39,0.36,2021-11-16,757,N,VIIRS,n,2,306.07,2.86,D,0
30.33717,75.58434,333.74,0.39,0.36,2021-11-16,757,N,VIIRS,n,2,303.82,1.85,D,0
30.33725,74.02869,330.54,0.43,0.38,2021-11-16,757,N,VIIRS,n,2,303.97,1.18,D,0
30.33731,74.35843,333.51,0.42,0.38,2021-11-16,757,N,VIIRS,n,2,303.39,7.34,D,0
30.33784,75.58841,334.61,0.39,0.36,2021-11-16,757,N,VIIRS,n,2,306.82,3.56,D,0
30.33806,74.36278,332.52,0.42,0.38,2021-11-16,757,N,VIIRS,n,2,298.89,4.51,D,0
30.33811,74.32201,342.92,0.42,0.38,2021-11-16,757,N,VIIRS,n,2,303.4,9.39,D,0
30.33866,76.24673,339.69,0.39,0.36,2021-11-16,757,N,VIIRS,n,2,301.79,2.55,D,0
30.33913,76.27141,342.84,0.39,0.36,2021-11-16,757,N,VIIRS,n,2,302.37,3.79,D,0
30.33927,74.7542,335.42,0.41,0.37,2021-11-16,757,N,VIIRS,n,2,304.2,3.26,D,0
30.34005,74.10666,333.46,0.43,0.38,2021-11-16,757,N,VIIRS,n,2,302.49,3.86,D,0
30.34034,74.37581,333.23,0.42,0.38,2021-11-16,757,N,VIIRS,l,2,303.84,23.1,D,0
30.34073,74.02788,335.17,0.43,0.38,2021-11-16,757,N,VIIRS,n,2,304.43,5.23,D,0
30.34143,77.43642,328.17,0.39,0.36,2021-11-16,757,N,VIIRS,n,2,300.59,1.24,D,0
30.34155,74.32122,344.68,0.42,0.38,2021-11-16,757,N,VIIRS,n,2,305.1,9.9,D,0
30.34231,74.32558,337.88,0.42,0.38,2021-11-16,757,N,VIIRS,l,2,311.55,38.77,D,0
30.34377,74.37502,333.57,0.42,0.38,2021-11-16,757,N,VIIRS,n,2,301.05,36.43,D,0
30.34459,76.1545,332.1,0.39,0.36,2021-11-16,757,N,VIIRS,n,2,300.99,1.44,D,0
30.34527,73.78539,335.07,0.44,0.38,2021-11-16,757,N,VIIRS,n,2,301.75,2.79,D,0
30.34626,75.04508,353.25,0.4,0.37,2021-11-16,757,N,VIIRS,n,2,310.92,22.03,D,0
30.3466,74.12356,334.41,0.43,0.38,2021-11-16,757,N,VIIRS,n,2,300.1,2.03,D,0
30.34705,74.57079,341.66,0.42,0.37,2021-11-16,757,N,VIIRS,n,2,305.99,7.86,D,0
30.34812,75.20769,336.88,0.4,0.37,2021-11-16,757,N,VIIRS,n,2,302.38,3.07,D,0
30.34843,76.0708,335.21,0.39,0.36,2021-11-16,757,N,VIIRS,n,2,300.91,2.91,D,0
30.3498,74.40973,346.18,0.42,0.38,2021-11-16,757,N,VIIRS,n,2,305.71,8.26,D,0
30.35047,74.57001,346.07,0.42,0.37,2021-11-16,757,N,VIIRS,n,2,304.73,7.86,D,0
30.35059,73.91838,331.82,0.44,0.38,2021-11-16,757,N,VIIRS,n,2,303.11,3.05,D,0
30.35061,74.65444,346.11,0.41,0.37,2021-11-16,757,N,VIIRS,n,2,304.58,6.05,D,0
30.35134,74.65871,333.81,0.41,0.37,2021-11-16,757,N,VIIRS,n,2,302.87,6.05,D,0
30.35181,75.39909,335.83,0.4,0.37,2021-11-16,757,N,VIIRS,n,2,304.23,2.41,D,0
30.3525,74.87408,334.88,0.41,0.37,2021-11-16,757,N,VIIRS,n,2,305.14,2.61,D,0
30.35328,74.98283,336.95,0.41,0.37,2021-11-16,757,N,VIIRS,n,2,306.22,4.84,D,0
30.35427,75.03032,344.69,0.4,0.37,2021-11-16,757,N,VIIRS,n,2,307.63,9.64,D,0
30.35429,74.12638,334.09,0.43,0.38,2021-11-16,757,N,VIIRS,l,2,305.34,6.91,D,0
30.3554,74.99539,344.7,0.4,0.37,2021-11-16,757,N,VIIRS,n,2,306.31,9.5,D,0
30.3563,76.27195,336.61,0.39,0.36,2021-11-16,757,N,VIIRS,n,2,299.43,2.65,D,0
30.35679,73.91225,333.22,0.44,0.38,2021-11-16,757,N,VIIRS,n,2,304.16,2.67,D,0
30.35697,74.83807,335.71,0.41,0.37,2021-11-16,757,N,VIIRS,n,2,306.91,4.31,D,0
30.35739,73.91428,334.14,0.44,0.38,2021-11-16,757,N,VIIRS,n,2,302.8,15.56,D,0
30.35751,74.37187,346.26,0.42,0.38,2021-11-16,757,N,VIIRS,n,2,305.29,8.91,D,0
30.35769,75.15475,332.4,0.4,0.37,2021-11-16,757,N,VIIRS,l,2,304.01,4.1,D,0
30.35769,76.17244,333.66,0.39,0.36,2021-11-16,757,N,VIIRS,n,2,301.82,4.19,D,0
30.35839,75.15891,333.69,0.4,0.37,2021-11-16,757,N,VIIRS,l,2,303.91,5.87,D,0
30.35876,73.88117,336.95,0.44,0.38,2021-11-16,757,N,VIIRS,l,2,308.59,20.87,D,0
30.35914,76.24657,330.08,0.39,0.36,2021-11-16,757,N,VIIRS,n,2,301.62,1.51,D,0
30.35956,73.88567,334.13,0.44,0.38,2021-11-16,757,N,VIIRS,n,2,303.96,20.87,D,0
30.35966,75.14571,346.51,0.4,0.37,2021-11-16,757,N,VIIRS,n,2,321.05,32.42,D,0
30.36036,74.83732,336.24,0.41,0.37,2021-11-16,757,N,VIIRS,n,2,305.04,4.31,D,0
30.36058,75.06786,349.48,0.4,0.37,2021-11-16,757,N,VIIRS,n,2,308.72,10.73,D,0
30.36065,76.01839,330.31,0.39,0.36,2021-11-16,757,N,VIIRS,l,2,300.37,2.88,D,0
30.36106,73.91594,348.29,0.44,0.38,2021-11-16,757,N,VIIRS,n,2,308.48,15.1,D,0
30.36108,71.82464,334.84,0.53,0.42,2021-11-16,757,N,VIIRS,n,2,300.5,3.8,D,0
30.36135,74.49692,335.61,0.42,0.37,2021-11-16,757,N,VIIRS,n,2,302.66,2.42,D,0
30.36168,73.91797,333.45,0.44,0.38,2021-11-16,757,N,VIIRS,n,2,302.12,9.5,D,0
30.36212,74.35726,335.33,0.42,0.38,2021-11-16,757,N,VIIRS,n,2,302.25,2.21,D,0
30.36245,74.37978,356.71,0.42,0.38,2021-11-16,757,N,VIIRS,n,2,308.95,19.01,D,0
30.36303,75.14497,355.49,0.4,0.37,2021-11-16,757,N,VIIRS,n,2,306.57,32.42,D,0
30.36309,74.4247,342.1,0.42,0.38,2021-11-16,757,N,VIIRS,n,2,315.08,73.36,D,0
30.36321,74.85419,342.14,0.41,0.37,2021-11-16,757,N,VIIRS,n,2,307.13,7.09,D,0
30.36395,75.06712,336.08,0.4,0.37,2021-11-16,757,N,VIIRS,n,2,302.21,10.73,D,0
30.36402,76.21248,347.01,0.39,0.36,2021-11-16,757,N,VIIRS,n,2,302.89,6.12,D,0
30.36412,74.30696,330.81,0.42,0.38,2021-11-16,757,N,VIIRS,n,2,299.34,3.97,D,0
30.36437,73.91266,334.63,0.44,0.38,2021-11-16,757,N,VIIRS,n,2,303.01,7.58,D,0
30.36522,75.52336,336.39,0.39,0.37,2021-11-16,757,N,VIIRS,n,2,302.88,3.32,D,0
30.36659,74.85343,332.07,0.41,0.37,2021-11-16,757,N,VIIRS,n,2,303.77,2.86,D,0
30.36681,74.3018,332.55,0.42,0.38,2021-11-16,757,N,VIIRS,n,2,301.92,6.42,D,0
30.3672,75.04477,339.38,0.4,0.37,2021-11-16,757,N,VIIRS,n,2,305.63,6.14,D,0
30.36798,76.52085,334.07,0.38,0.36,2021-11-16,757,N,VIIRS,n,2,300.26,1.76,D,0
30.36937,76.28986,336.43,0.39,0.36,2021-11-16,757,N,VIIRS,n,2,302.02,4.63,D,0
30.3696,74.99657,340.48,0.4,0.37,2021-11-16,757,N,VIIRS,n,2,304.15,5.08,D,0
30.36986,75.03985,334.54,0.4,0.37,2021-11-16,757,N,VIIRS,n,2,303.71,2.58,D,0
30.3707,74.42747,342.28,0.42,0.38,2021-11-16,757,N,VIIRS,n,2,300.59,3.74,D,0
30.37101,74.44987,344.49,0.42,0.38,2021-11-16,757,N,VIIRS,n,2,301.49,7.4,D,0
30.37198,74.14528,332.08,0.43,0.38,2021-11-16,757,N,VIIRS,n,2,301.65,2.1,D,0
30.37243,73.89673,335.6,0.44,0.38,2021-11-16,757,N,VIIRS,n,2,298.05,4.89,D,0
30.37325,75.48777,347.94,0.4,0.37,2021-11-16,757,N,VIIRS,n,2,304.84,6.73,D,0
30.37368,74.54774,336.64,0.42,0.37,2021-11-16,757,N,VIIRS,l,2,308.09,5.88,D,0
30.37467,74.75504,336.5,0.41,0.37,2021-11-16,757,N,VIIRS,n,2,301.95,3.52,D,0
30.37509,71.68475,331.73,0.54,0.42,2021-11-16,757,N,VIIRS,n,2,298.14,2.73,D,0
30.37659,75.48704,334.61,0.4,0.37,2021-11-16,757,N,VIIRS,n,2,303.77,2,D,0
30.37696,75.1031,334.06,0.4,0.37,2021-11-16,757,N,VIIRS,n,2,304.87,3.67,D,0
30.37745,74.63142,330.92,0.41,0.37,2021-11-16,757,N,VIIRS,l,2,302.26,1.56,D,0
30.37801,75.04671,332.73,0.4,0.37,2021-11-16,757,N,VIIRS,n,2,303.21,2.19,D,0
30.37822,74.32639,333.91,0.42,0.38,2021-11-16,757,N,VIIRS,n,2,300.26,2.2,D,0
30.37889,74.14368,333.35,0.43,0.38,2021-11-16,757,N,VIIRS,n,2,300.68,2.7,D,0
30.37901,75.92736,333.88,0.39,0.36,2021-11-16,757,N,VIIRS,l,2,305.8,4.39,D,0
30.37952,75.07663,330.91,0.4,0.37,2021-11-16,757,N,VIIRS,n,2,304.8,1.76,D,0
30.3802,71.81973,343.62,0.53,0.42,2021-11-16,757,N,VIIRS,n,2,300.46,8.54,D,0
30.38111,74.38453,342.88,0.42,0.38,2021-11-16,757,N,VIIRS,n,2,305.15,7.19,D,0
30.38126,71.82524,340.52,0.53,0.42,2021-11-16,757,N,VIIRS,n,2,303.57,13.96,D,0
30.38138,75.04595,333.06,0.4,0.37,2021-11-16,757,N,VIIRS,n,2,300.84,2.19,D,0
30.38155,74.36636,334.74,0.42,0.38,2021-11-16,757,N,VIIRS,n,2,301.58,3.3,D,0
30.38203,74.45184,338.53,0.42,0.38,2021-11-16,757,N,VIIRS,n,2,302.23,3.39,D,0
30.38289,75.07588,346.48,0.4,0.37,2021-11-16,757,N,VIIRS,n,2,304.97,7.68,D,0
30.38298,74.86725,347.19,0.41,0.37,2021-11-16,757,N,VIIRS,n,2,305.45,4.42,D,0
30.38402,71.81876,347,0.53,0.42,2021-11-16,757,N,VIIRS,n,2,300.83,8.54,D,0
30.38454,74.38374,349.92,0.42,0.38,2021-11-16,757,N,VIIRS,n,2,305.28,7.19,D,0
30.38459,75.51492,346.15,0.39,0.37,2021-11-16,757,N,VIIRS,n,2,308.14,10.05,D,0
30.38508,71.82426,336.2,0.53,0.42,2021-11-16,757,N,VIIRS,n,2,298.38,13.96,D,0
30.38533,75.02774,341.46,0.4,0.37,2021-11-16,757,N,VIIRS,n,2,303.67,3.72,D,0
30.38608,76.26572,331.2,0.39,0.36,2021-11-16,757,N,VIIRS,l,2,301.33,2.28,D,0
30.38648,74.37427,345.96,0.42,0.38,2021-11-16,757,N,VIIRS,n,2,301.72,4.05,D,0
30.38665,76.35638,339.01,0.39,0.36,2021-11-16,757,N,VIIRS,n,2,302.51,3.25,D,0
30.38709,74.41921,334.25,0.42,0.38,2021-11-16,757,N,VIIRS,n,2,303.4,41.06,D,0
30.38784,74.42355,337.23,0.42,0.38,2021-11-16,757,N,VIIRS,n,2,299.98,3.15,D,0
30.38793,75.5142,346.95,0.39,0.37,2021-11-16,757,N,VIIRS,n,2,306.92,7.99,D,0
30.38882,74.55323,343.21,0.42,0.37,2021-11-16,757,N,VIIRS,n,2,304.92,10.93,D,0
30.39048,76.2937,331.53,0.39,0.36,2021-11-16,757,N,VIIRS,n,2,301.91,1.99,D,0
30.3905,76.20692,333.76,0.39,0.36,2021-11-16,757,N,VIIRS,n,2,300.04,2.24,D,0
30.39195,75.0046,335.07,0.4,0.37,2021-11-16,757,N,VIIRS,n,2,306.55,2.42,D,0
30.39223,74.55245,343.33,0.42,0.37,2021-11-16,757,N,VIIRS,n,2,309.43,10.93,D,0
30.39254,76.19822,333.14,0.39,0.36,2021-11-16,757,N,VIIRS,n,2,301.38,1.68,D,0
30.39261,75.13412,340.69,0.4,0.37,2021-11-16,757,N,VIIRS,n,2,307.38,8.77,D,0
30.39597,75.13338,339.83,0.4,0.37,2021-11-16,757,N,VIIRS,n,2,303.19,8.77,D,0
30.39602,74.47109,334.4,0.42,0.38,2021-11-16,757,N,VIIRS,n,2,305.25,31.46,D,0
30.39603,75.00803,331.91,0.4,0.37,2021-11-16,757,N,VIIRS,l,2,305.23,2.42,D,0
30.39633,76.22224,333.66,0.39,0.36,2021-11-16,757,N,VIIRS,n,2,302.44,3.56,D,0
30.39758,74.09995,334.64,0.43,0.38,2021-11-16,757,N,VIIRS,n,2,303.44,4.58,D,0
30.39924,74.15733,330.14,0.43,0.38,2021-11-16,757,N,VIIRS,n,2,300.02,1.77,D,0
30.39934,74.88107,333.12,0.41,0.37,2021-11-16,757,N,VIIRS,l,2,306.2,2.4,D,0
30.39947,74.36678,346.74,0.42,0.38,2021-11-16,757,N,VIIRS,n,2,302.75,4.28,D,0
30.3996,74.71931,335.37,0.41,0.37,2021-11-16,757,N,VIIRS,l,2,308.87,26.02,D,0
30.39973,75.07215,336.68,0.4,0.37,2021-11-16,757,N,VIIRS,n,2,303.37,3.27,D,0
30.39992,74.203,342.45,0.43,0.38,2021-11-16,757,N,VIIRS,n,2,303.33,4.2,D,0
30.40022,74.37112,330.28,0.42,0.38,2021-11-16,757,N,VIIRS,l,2,301.61,4.28,D,0
30.40068,74.20741,332.92,0.43,0.38,2021-11-16,757,N,VIIRS,n,2,301.27,4.2,D,0
30.40096,74.37547,353.04,0.42,0.38,2021-11-16,757,N,VIIRS,n,2,312.07,34.17,D,0
30.40158,74.91548,335.1,0.41,0.37,2021-11-16,757,N,VIIRS,n,2,303.38,2.39,D,0
30.40337,74.2022,334.54,0.43,0.38,2021-11-16,757,N,VIIRS,n,2,299.39,4.2,D,0
30.40468,76.16669,309.34,0.39,0.36,2021-11-16,757,N,VIIRS,l,2,317.92,16.94,D,0
30.40483,76.23286,333.04,0.39,0.36,2021-11-16,757,N,VIIRS,n,2,301.6,2.47,D,0
30.40531,76.1707,334.55,0.39,0.36,2021-11-16,757,N,VIIRS,n,2,303.7,16.94,D,0
30.40625,76.22015,334.99,0.39,0.36,2021-11-16,757,N,VIIRS,n,2,300.75,3.98,D,0
30.4071,76.01708,333.86,0.39,0.36,2021-11-16,757,N,VIIRS,n,2,305.95,3.85,D,0
30.40728,74.1345,346.71,0.43,0.38,2021-11-16,757,N,VIIRS,n,2,302.54,7.8,D,0
30.40786,75.07899,343.95,0.4,0.37,2021-11-16,757,N,VIIRS,n,2,302.63,4.27,D,0
30.40799,76.16599,332.95,0.39,0.36,2021-11-16,757,N,VIIRS,n,2,302.62,16.94,D,0
30.40872,74.97916,346.69,0.4,0.37,2021-11-16,757,N,VIIRS,n,2,302.43,4.72,D,0
30.40882,75.00084,333.68,0.4,0.37,2021-11-16,757,N,VIIRS,l,2,304.47,3.12,D,0
30.41041,76.01638,333.58,0.39,0.36,2021-11-16,757,N,VIIRS,n,2,301.34,3.85,D,0
30.41158,76.29755,347.78,0.39,0.36,2021-11-16,757,N,VIIRS,n,2,302.82,5.89,D,0
30.41395,74.94756,336.41,0.41,0.37,2021-11-16,757,N,VIIRS,n,2,305.75,2.64,D,0
30.41421,74.61866,338.75,0.41,0.37,2021-11-16,757,N,VIIRS,n,2,303.41,7.19,D,0
30.41461,74.47581,344.09,0.42,0.37,2021-11-16,757,N,VIIRS,n,2,310.76,28.3,D,0
30.41469,74.37231,340.71,0.42,0.38,2021-11-16,757,N,VIIRS,n,2,303.53,5.98,D,0
30.41471,76.31753,336.44,0.39,0.36,2021-11-16,757,N,VIIRS,n,2,301.78,2.6,D,0
30.4148,76.17303,333.65,0.39,0.36,2021-11-16,757,N,VIIRS,n,2,301.23,3.4,D,0
30.41566,74.56495,337.38,0.42,0.37,2021-11-16,757,N,VIIRS,n,2,306.1,2.71,D,0
30.4167,76.18505,330.43,0.39,0.36,2021-11-16,757,N,VIIRS,n,2,300.06,1.49,D,0
30.41694,74.16898,330.28,0.43,0.38,2021-11-16,757,N,VIIRS,n,2,300.58,1.69,D,0
30.41733,74.94681,340.09,0.41,0.37,2021-11-16,757,N,VIIRS,n,2,306.28,6.12,D,0
30.4179,75.24449,331.63,0.4,0.37,2021-11-16,757,N,VIIRS,n,2,306.2,4.75,D,0
30.41839,75.49976,330.84,0.39,0.37,2021-11-16,757,N,VIIRS,n,2,303.42,1.28,D,0
30.41859,75.24863,332.15,0.4,0.37,2021-11-16,757,N,VIIRS,n,2,303.28,4.74,D,0
30.41882,74.54194,330.82,0.42,0.37,2021-11-16,757,N,VIIRS,n,2,301.74,1.85,D,0
30.41907,74.56418,367,0.42,0.37,2021-11-16,757,N,VIIRS,l,2,327.85,80.12,D,0
30.41933,76.23808,331.7,0.39,0.36,2021-11-16,757,N,VIIRS,n,2,305.48,6.46,D,0
30.41979,76.26279,335.99,0.39,0.36,2021-11-16,757,N,VIIRS,n,2,309.44,15.37,D,0
30.41981,74.56847,336.12,0.41,0.37,2021-11-16,757,N,VIIRS,n,2,307.54,23.42,D,0
30.41995,76.24208,331.79,0.39,0.36,2021-11-16,757,N,VIIRS,n,2,302.29,6.46,D,0
30.42017,71.92442,332.61,0.53,0.42,2021-11-16,757,N,VIIRS,n,2,300.67,7.15,D,0
30.42018,74.42515,333.25,0.42,0.38,2021-11-16,757,N,VIIRS,l,2,304.59,9.58,D,0
30.42052,74.34385,346.13,0.42,0.38,2021-11-16,757,N,VIIRS,n,2,303.26,7.99,D,0
30.42111,75.99749,335.9,0.39,0.36,2021-11-16,757,N,VIIRS,n,2,303.62,2.62,D,0
30.42142,74.86806,335.1,0.41,0.37,2021-11-16,757,N,VIIRS,l,2,305.16,6.81,D,0
30.42163,76.23777,342.13,0.39,0.36,2021-11-16,757,N,VIIRS,n,2,301.39,8.71,D,0
30.42175,74.62138,337.11,0.41,0.37,2021-11-16,757,N,VIIRS,n,2,305.68,6.61,D,0
30.4221,74.03419,333.75,0.43,0.38,2021-11-16,757,N,VIIRS,n,2,300.18,2.45,D,0
30.42304,75.17043,345.31,0.4,0.37,2021-11-16,757,N,VIIRS,n,2,312.79,25.36,D,0
30.42439,74.67838,344.23,0.41,0.37,2021-11-16,757,N,VIIRS,n,2,306.32,11.69,D,0
30.42442,75.17871,347.31,0.4,0.37,2021-11-16,757,N,VIIRS,n,2,306.69,6.41,D,0
30.42516,74.62061,354.72,0.41,0.37,2021-11-16,757,N,VIIRS,n,2,305.29,6.61,D,0
30.42556,75.12252,351.05,0.4,0.37,2021-11-16,757,N,VIIRS,n,2,305.15,7.83,D,0
30.42592,75.22987,338.56,0.4,0.37,2021-11-16,757,N,VIIRS,n,2,304.26,4.18,D,0
30.42634,74.66909,336.18,0.41,0.37,2021-11-16,757,N,VIIRS,n,2,304.25,2.48,D,0
30.42698,76.22839,344.42,0.39,0.36,2021-11-16,757,N,VIIRS,n,2,305.64,11,D,0
30.42738,73.98192,334.6,0.43,0.38,2021-11-16,757,N,VIIRS,n,2,306.93,8.9,D,0
30.4278,76.10402,341.45,0.39,0.36,2021-11-16,757,N,VIIRS,n,2,304.69,3.94,D,0
30.42928,75.22914,335.78,0.4,0.37,2021-11-16,757,N,VIIRS,n,2,308.78,28.02,D,0
30.42946,74.70816,333.73,0.41,0.37,2021-11-16,757,N,VIIRS,l,2,306.06,10.1,D,0
30.42975,74.66832,334.26,0.41,0.37,2021-11-16,757,N,VIIRS,n,2,304.06,2.9,D,0
30.43055,71.91606,332.01,0.53,0.42,2021-11-16,757,N,VIIRS,n,2,299.74,3.1,D,0
30.43185,75.01305,338.53,0.4,0.37,2021-11-16,757,N,VIIRS,n,2,305.46,3.66,D,0
30.43345,74.50286,334.6,0.42,0.37,2021-11-16,757,N,VIIRS,n,2,304,4.45,D,0
30.43421,74.16497,333.11,0.43,0.38,2021-11-16,757,N,VIIRS,n,2,301.21,1.48,D,0
30.43563,74.78602,344.1,0.41,0.37,2021-11-16,757,N,VIIRS,n,2,310.21,19.67,D,0
30.43624,73.97054,338.8,0.43,0.38,2021-11-16,757,N,VIIRS,n,2,302.06,3.82,D,0
30.43672,76.43662,334.64,0.39,0.36,2021-11-16,757,N,VIIRS,l,2,306.12,4.48,D,0
30.43691,74.24204,333.02,0.42,0.38,2021-11-16,757,N,VIIRS,n,2,300.74,8.1,D,0
30.43754,74.03985,331.96,0.43,0.38,2021-11-16,757,N,VIIRS,n,2,301.01,4,D,0
30.43803,74.14574,332.12,0.43,0.38,2021-11-16,757,N,VIIRS,n,2,301.22,1.62,D,0
30.43831,74.0443,332.56,0.43,0.38,2021-11-16,757,N,VIIRS,n,2,300.57,4,D,0
30.43881,74.15015,339.71,0.43,0.38,2021-11-16,757,N,VIIRS,n,2,302.2,5.6,D,0
30.43958,74.15456,345.28,0.43,0.38,2021-11-16,757,N,VIIRS,n,2,301.31,5.6,D,0
30.44123,76.37799,332.63,0.39,0.36,2021-11-16,757,N,VIIRS,n,2,300.21,4.83,D,0
30.44185,76.38199,333.4,0.39,0.36,2021-11-16,757,N,VIIRS,n,2,301.71,3.19,D,0
30.44372,76.0965,348.99,0.39,0.36,2021-11-16,757,N,VIIRS,n,2,306.49,9.3,D,0
30.44419,74.54509,340.3,0.42,0.37,2021-11-16,757,N,VIIRS,n,2,303.36,9.15,D,0
30.44442,70.71136,339.95,0.41,0.45,2021-11-16,757,N,VIIRS,n,2,299.18,3.42,D,0
30.44491,74.54939,339.46,0.42,0.37,2021-11-16,757,N,VIIRS,n,2,305.39,9.15,D,0
30.44496,75.34534,342.84,0.4,0.37,2021-11-16,757,N,VIIRS,n,2,303.69,3.41,D,0
30.44511,73.95915,331.76,0.43,0.38,2021-11-16,757,N,VIIRS,n,2,302.18,4.77,D,0
30.4452,75.15692,334.38,0.4,0.37,2021-11-16,757,N,VIIRS,l,2,305.61,3.77,D,0
30.44534,74.20816,336.47,0.43,0.38,2021-11-16,757,N,VIIRS,n,2,301.22,2.8,D,0
30.4456,75.32815,334.79,0.4,0.37,2021-11-16,757,N,VIIRS,n,2,305.96,4.37,D,0
30.44582,75.95895,349.88,0.39,0.36,2021-11-16,757,N,VIIRS,n,2,315.94,40.15,D,0
30.4459,73.96362,333.45,0.43,0.38,2021-11-16,757,N,VIIRS,n,2,303.95,7.52,D,0
30.4466,76.74295,330.07,0.38,0.36,2021-11-16,757,N,VIIRS,n,2,301.34,1.56,D,0
30.4476,74.54432,335.04,0.42,0.37,2021-11-16,757,N,VIIRS,n,2,303.17,9.15,D,0
30.44763,75.99186,331.77,0.39,0.36,2021-11-16,757,N,VIIRS,n,2,300.46,1,D,0
30.44833,74.54861,336.59,0.42,0.37,2021-11-16,757,N,VIIRS,n,2,305.14,9.15,D,0
30.4484,74.22571,330.02,0.42,0.38,2021-11-16,757,N,VIIRS,l,2,300.61,1.32,D,0
30.44858,74.44561,345.65,0.42,0.38,2021-11-16,757,N,VIIRS,n,2,307.94,16.53,D,0
30.44862,75.17767,344.55,0.4,0.37,2021-11-16,757,N,VIIRS,n,2,307.2,4.44,D,0
30.44917,71.85741,332.94,0.53,0.42,2021-11-16,757,N,VIIRS,n,2,298.02,3.07,D,0
30.45056,74.36141,335.04,0.42,0.38,2021-11-16,757,N,VIIRS,n,2,302.73,3.5,D,0
30.45207,74.37009,337.83,0.42,0.38,2021-11-16,757,N,VIIRS,n,2,303.91,2.99,D,0
30.45288,71.75242,331.04,0.54,0.42,2021-11-16,757,N,VIIRS,n,2,300.43,4.57,D,0
30.45301,74.16979,335.61,0.43,0.38,2021-11-16,757,N,VIIRS,n,2,304.96,3.96,D,0
30.45384,74.76874,354.41,0.41,0.37,2021-11-16,757,N,VIIRS,n,2,318.86,41.61,D,0
30.45454,74.09593,334.47,0.43,0.38,2021-11-16,757,N,VIIRS,n,2,303.59,3.02,D,0
30.4548,76.38355,336.65,0.39,0.36,2021-11-16,757,N,VIIRS,n,2,301.08,2.48,D,0
30.45489,74.89986,337.06,0.41,0.37,2021-11-16,757,N,VIIRS,n,2,303.19,2.98,D,0
30.45512,73.93349,330.5,0.43,0.38,2021-11-16,757,N,VIIRS,n,2,303.44,4.13,D,0
30.45555,73.95671,335.74,0.43,0.38,2021-11-16,757,N,VIIRS,n,2,300.35,5.21,D,0
30.45591,73.93798,333.55,0.43,0.38,2021-11-16,757,N,VIIRS,n,2,302.35,4.13,D,0
30.45607,76.02332,338.34,0.39,0.36,2021-11-16,757,N,VIIRS,n,2,300.09,4.41,D,0
30.45623,76.3709,348.13,0.39,0.36,2021-11-16,757,N,VIIRS,n,2,307.37,23.53,D,0
30.45734,74.40044,333.44,0.42,0.38,2021-11-16,757,N,VIIRS,n,2,300.54,1.95,D,0
30.45826,75.27841,342.18,0.4,0.37,2021-11-16,757,N,VIIRS,n,2,305.91,5.44,D,0
30.45913,75.80587,337.12,0.39,0.36,2021-11-16,757,N,VIIRS,n,2,305.05,2.49,D,0
30.45956,74.80259,335.5,0.41,0.37,2021-11-16,757,N,VIIRS,n,2,306.47,5.72,D,0
30.46021,76.20073,341.54,0.39,0.36,2021-11-16,757,N,VIIRS,n,2,300.35,5.28,D,0
30.46069,74.17259,340.46,0.43,0.38,2021-11-16,757,N,VIIRS,n,2,311.7,26.61,D,0
30.46139,75.80593,330.61,0.39,0.36,2021-11-16,757,N,VIIRS,n,2,303.51,1.99,D,0
30.4614,74.6257,338.18,0.41,0.37,2021-11-16,757,N,VIIRS,n,2,304.61,3.44,D,0
30.46141,76.38218,345.35,0.39,0.36,2021-11-16,757,N,VIIRS,n,2,307.54,27.57,D,0
30.46206,75.17469,337.38,0.4,0.37,2021-11-16,757,N,VIIRS,n,2,303.98,3.04,D,0
30.46215,74.26353,336.79,0.42,0.38,2021-11-16,757,N,VIIRS,n,2,304.8,6.47,D,0
30.4627,76.02192,334.47,0.39,0.36,2021-11-16,757,N,VIIRS,n,2,302.02,7.19,D,0
30.46287,73.93635,337,0.43,0.38,2021-11-16,757,N,VIIRS,n,2,302.09,4.7,D,0
30.46302,74.41265,334.75,0.42,0.38,2021-11-16,757,N,VIIRS,n,2,302.29,5.15,D,0
30.46376,74.06612,345.28,0.43,0.38,2021-11-16,757,N,VIIRS,n,2,308.13,16.47,D,0
30.46376,74.41698,332.08,0.42,0.38,2021-11-16,757,N,VIIRS,n,2,301.08,5.83,D,0
30.46411,74.00585,337.87,0.43,0.38,2021-11-16,757,N,VIIRS,n,2,303.54,4.78,D,0
30.46438,74.5806,338.35,0.41,0.37,2021-11-16,757,N,VIIRS,n,2,302.94,3.66,D,0
30.46542,75.17394,341.49,0.4,0.37,2021-11-16,757,N,VIIRS,n,2,303.36,3.04,D,0
30.46559,74.26275,334.62,0.42,0.38,2021-11-16,757,N,VIIRS,n,2,298.91,6.47,D,0
30.46564,74.22173,342.24,0.42,0.38,2021-11-16,757,N,VIIRS,n,2,308.09,15.44,D,0
30.46564,76.08358,334.6,0.39,0.36,2021-11-16,757,N,VIIRS,l,2,306.82,13.82,D,0
30.46583,74.58916,339.83,0.41,0.37,2021-11-16,757,N,VIIRS,n,2,304.7,6.56,D,0
30.46602,75.17434,331.52,0.4,0.37,2021-11-16,757,N,VIIRS,n,2,301.67,2.09,D,0
30.46704,74.80528,334.54,0.41,0.37,2021-11-16,757,N,VIIRS,n,2,305.11,3.52,D,0
30.46723,74.06531,343.4,0.43,0.38,2021-11-16,757,N,VIIRS,n,2,302.99,16.47,D,0
30.46728,74.59772,338.52,0.41,0.37,2021-11-16,757,N,VIIRS,n,2,305.58,3.35,D,0
30.46869,75.80856,332.52,0.39,0.36,2021-11-16,757,N,VIIRS,l,2,304.92,10.22,D,0
30.46873,74.19818,339.01,0.43,0.38,2021-11-16,757,N,VIIRS,n,2,305.4,7.47,D,0
30.46903,74.26196,334.86,0.42,0.38,2021-11-16,757,N,VIIRS,n,2,301.96,3.85,D,0
30.46903,74.56618,340.03,0.41,0.37,2021-11-16,757,N,VIIRS,n,2,306.22,9.85,D,0
30.47014,76.19864,343.02,0.39,0.36,2021-11-16,757,N,VIIRS,n,2,301.92,20.7,D,0
30.47048,74.57476,332.79,0.41,0.37,2021-11-16,757,N,VIIRS,n,2,304.2,2.06,D,0
30.47108,74.04592,343.11,0.43,0.38,2021-11-16,757,N,VIIRS,n,2,301.24,7.55,D,0
30.47136,75.8038,334.1,0.39,0.36,2021-11-16,757,N,VIIRS,n,2,303.89,10.22,D,0
30.47165,74.29769,332.97,0.42,0.38,2021-11-16,757,N,VIIRS,n,2,300.06,12.09,D,0
30.47183,74.00868,344.67,0.43,0.38,2021-11-16,757,N,VIIRS,n,2,305.86,10.23,D,0
30.47267,76.21466,344.41,0.39,0.36,2021-11-16,757,N,VIIRS,n,2,300.11,4.53,D,0
30.47282,76.28077,336.15,0.39,0.36,2021-11-16,757,N,VIIRS,n,2,303.26,4.71,D,0
30.4729,74.86089,349.57,0.41,0.37,2021-11-16,757,N,VIIRS,n,2,305.65,9.76,D,0
30.47345,76.28477,331.91,0.39,0.36,2021-11-16,757,N,VIIRS,n,2,299.65,5.57,D,0
30.47566,75.25745,341.7,0.4,0.37,2021-11-16,757,N,VIIRS,n,2,310.29,19.01,D,0
30.47613,76.28008,331.23,0.39,0.36,2021-11-16,757,N,VIIRS,n,2,300.23,1.44,D,0
30.47685,74.01678,335.38,0.43,0.38,2021-11-16,757,N,VIIRS,n,2,302.13,8.39,D,0
30.47749,75.1804,334.92,0.4,0.37,2021-11-16,757,N,VIIRS,n,2,304.77,2.97,D,0
30.47767,75.22325,335.22,0.4,0.37,2021-11-16,757,N,VIIRS,n,2,305.24,3.54,D,0
30.4777,74.86855,346.44,0.41,0.37,2021-11-16,757,N,VIIRS,n,2,313.73,22.47,D,0
30.47776,74.78532,335.02,0.41,0.37,2021-11-16,757,N,VIIRS,l,2,305.79,30.71,D,0
30.4778,75.37646,340.44,0.4,0.37,2021-11-16,757,N,VIIRS,n,2,303.34,3.77,D,0
30.47839,74.0257,333.86,0.43,0.38,2021-11-16,757,N,VIIRS,n,2,299.57,4.45,D,0
30.4809,75.0547,345.83,0.4,0.37,2021-11-16,757,N,VIIRS,n,2,304.05,4.33,D,0
30.48167,75.94716,335.38,0.39,0.36,2021-11-16,757,N,VIIRS,n,2,305.9,2.72,D,0
30.48186,74.02489,354.31,0.43,0.38,2021-11-16,757,N,VIIRS,n,2,301.55,4.45,D,0
30.48195,76.01368,334.07,0.39,0.36,2021-11-16,757,N,VIIRS,n,2,305.47,7.48,D,0
30.48206,74.72715,337.02,0.41,0.37,2021-11-16,757,N,VIIRS,n,2,305.93,8.72,D,0
30.4822,76.08008,333.8,0.39,0.36,2021-11-16,757,N,VIIRS,n,2,303.6,1.86,D,0
30.48223,75.18793,333.51,0.4,0.37,2021-11-16,757,N,VIIRS,n,2,302.98,2.82,D,0
30.48369,74.18099,335.21,0.43,0.38,2021-11-16,757,N,VIIRS,n,2,301.72,2.46,D,0
30.48413,75.94715,340.17,0.39,0.36,2021-11-16,757,N,VIIRS,n,2,303.43,3.88,D,0
30.48484,71.62558,341.9,0.54,0.42,2021-11-16,757,N,VIIRS,n,2,300.31,8.32,D,0
30.48494,74.00098,330.6,0.43,0.38,2021-11-16,757,N,VIIRS,n,2,301.31,2.57,D,0
30.48518,71.6269,337.29,0.54,0.42,2021-11-16,757,N,VIIRS,n,2,300.88,11.95,D,0
30.48521,74.18978,335.63,0.43,0.38,2021-11-16,757,N,VIIRS,n,2,303.05,6.1,D,0
30.48533,74.02408,342.1,0.43,0.38,2021-11-16,757,N,VIIRS,n,2,300.86,4.03,D,0
30.48542,74.00204,335.92,0.43,0.38,2021-11-16,757,N,VIIRS,n,2,301.66,4,D,0
30.48576,71.98488,332.16,0.52,0.42,2021-11-16,757,N,VIIRS,n,2,299.72,3.47,D,0
30.48679,75.97938,342.95,0.39,0.36,2021-11-16,757,N,VIIRS,n,2,305.01,5,D,0
30.48696,76.32736,332.4,0.39,0.36,2021-11-16,757,N,VIIRS,n,2,300.53,2.38,D,0
30.48794,71.83021,333.21,0.53,0.42,2021-11-16,757,N,VIIRS,n,2,300.47,8.95,D,0
30.48819,74.4966,334.74,0.42,0.37,2021-11-16,757,N,VIIRS,n,2,302.74,5.92,D,0
30.48858,76.20718,332.89,0.39,0.36,2021-11-16,757,N,VIIRS,n,2,299.93,12.91,D,0
30.48865,75.97533,346.65,0.39,0.36,2021-11-16,757,N,VIIRS,n,2,304.29,6.39,D,0
30.4887,75.99146,343.75,0.39,0.36,2021-11-16,757,N,VIIRS,n,2,304.37,4.27,D,0
30.48889,74.00124,348.72,0.43,0.38,2021-11-16,757,N,VIIRS,n,2,310.97,39.39,D,0
30.48921,76.21118,338.87,0.39,0.36,2021-11-16,757,N,VIIRS,l,2,308.91,12.91,D,0
30.48929,75.97936,343.46,0.39,0.36,2021-11-16,757,N,VIIRS,n,2,303.33,6.39,D,0
30.48942,74.19338,345.82,0.43,0.38,2021-11-16,757,N,VIIRS,n,2,302.26,4.31,D,0
30.48984,76.21519,333.81,0.39,0.36,2021-11-16,757,N,VIIRS,n,2,299.8,26.99,D,0
30.48997,76.43395,339.63,0.39,0.36,2021-11-16,757,N,VIIRS,n,2,300.54,2.14,D,0
30.49047,76.21918,343.72,0.39,0.36,2021-11-16,757,N,VIIRS,n,2,315.02,26.99,D,0
30.49053,76.37199,334.69,0.39,0.36,2021-11-16,757,N,VIIRS,n,2,303.64,4.07,D,0
30.49058,75.98741,331.15,0.39,0.36,2021-11-16,757,N,VIIRS,l,2,302.79,3.43,D,0
30.4909,76.33067,331.34,0.39,0.36,2021-11-16,757,N,VIIRS,n,2,299.56,5,D,0
30.49122,75.99142,338.09,0.39,0.36,2021-11-16,757,N,VIIRS,n,2,305.6,6.54,D,0
30.49123,74.86552,331.12,0.41,0.37,2021-11-16,757,N,VIIRS,n,2,302.29,1.16,D,0
30.49158,73.99597,333.21,0.43,0.38,2021-11-16,757,N,VIIRS,n,2,301.75,4.86,D,0
30.49161,75.18157,339.63,0.4,0.37,2021-11-16,757,N,VIIRS,n,2,304.77,8.78,D,0
30.49187,75.99545,335.01,0.39,0.36,2021-11-16,757,N,VIIRS,n,2,305.42,6.54,D,0
30.4922,76.25192,334.65,0.39,0.36,2021-11-16,757,N,VIIRS,n,2,301.96,2.04,D,0
30.49328,76.43327,333.67,0.39,0.36,2021-11-16,757,N,VIIRS,n,2,301.87,1.27,D,0
30.49363,74.9217,335.79,0.41,0.37,2021-11-16,757,N,VIIRS,l,2,306.7,6.76,D,0
30.49384,76.3713,333.71,0.39,0.36,2021-11-16,757,N,VIIRS,n,2,300.61,4.07,D,0
30.4942,76.32998,338.66,0.39,0.36,2021-11-16,757,N,VIIRS,n,2,304.26,5,D,0
30.49426,73.9907,334.07,0.43,0.38,2021-11-16,757,N,VIIRS,n,2,300.79,2.99,D,0
30.49428,75.17669,334.33,0.4,0.37,2021-11-16,757,N,VIIRS,n,2,303.93,3.82,D,0
30.49497,75.18082,341.59,0.4,0.37,2021-11-16,757,N,VIIRS,n,2,303.37,4.78,D,0
30.49506,74.24683,334.38,0.42,0.38,2021-11-16,757,N,VIIRS,n,2,301.23,2.17,D,0
30.49587,75.35974,306.53,0.4,0.37,2021-11-16,757,N,VIIRS,l,2,310.94,13.59,D,0
30.49588,75.40228,335.51,0.4,0.37,2021-11-16,757,N,VIIRS,n,2,305.27,6.57,D,0
30.49643,71.99911,332.28,0.52,0.42,2021-11-16,757,N,VIIRS,n,2,300.54,2.64,D,0
30.49654,75.36385,335.13,0.4,0.37,2021-11-16,757,N,VIIRS,l,2,307.05,13.59,D,0
30.49688,74.08719,330.73,0.43,0.38,2021-11-16,757,N,VIIRS,n,2,301.62,1.74,D,0
30.49709,74.02712,335.57,0.43,0.38,2021-11-16,757,N,VIIRS,n,2,301.26,2.54,D,0
30.49883,75.32972,335,0.4,0.37,2021-11-16,757,N,VIIRS,n,2,304.29,4.15,D,0
30.49958,75.68034,331.1,0.39,0.36,2021-11-16,757,N,VIIRS,l,2,305.2,1.78,D,0
30.49989,76.10538,337.17,0.39,0.36,2021-11-16,757,N,VIIRS,n,2,304.45,7.76,D,0
30.50022,76.0477,333.61,0.39,0.36,2021-11-16,757,N,VIIRS,n,2,303.76,3.02,D,0
30.50046,74.7318,334.72,0.41,0.37,2021-11-16,757,N,VIIRS,l,2,306.79,4.93,D,0
30.50051,74.73341,338.33,0.41,0.37,2021-11-16,757,N,VIIRS,n,2,307.59,8.36,D,0
30.5015,75.71353,332.38,0.39,0.36,2021-11-16,757,N,VIIRS,n,2,305.63,2.24,D,0
30.50172,74.59604,343.93,0.41,0.37,2021-11-16,757,N,VIIRS,n,2,304.22,4.36,D,0
30.50173,74.32702,334.59,0.42,0.38,2021-11-16,757,N,VIIRS,n,2,304.38,10.93,D,0
30.50251,76.36125,337.63,0.39,0.36,2021-11-16,757,N,VIIRS,n,2,300.06,4.77,D,0
30.50291,75.67963,337.58,0.39,0.36,2021-11-16,757,N,VIIRS,n,2,305.05,3.3,D,0
30.50356,74.21296,330.95,0.42,0.38,2021-11-16,757,N,VIIRS,n,2,300.81,3.58,D,0
30.50414,74.56882,343.49,0.41,0.37,2021-11-16,757,N,VIIRS,n,2,309.81,15.18,D,0
30.50431,74.21735,342.16,0.42,0.38,2021-11-16,757,N,VIIRS,n,2,301.56,7.98,D,0
30.50441,74.32188,334.18,0.42,0.38,2021-11-16,757,N,VIIRS,n,2,301.8,11.88,D,0
30.50487,74.57309,334.91,0.41,0.37,2021-11-16,757,N,VIIRS,n,2,303.93,15.18,D,0
30.50547,74.34878,331.41,0.42,0.38,2021-11-16,757,N,VIIRS,n,2,298.23,2.13,D,0
30.50547,75.11829,341.2,0.4,0.37,2021-11-16,757,N,VIIRS,n,2,305.88,6.36,D,0
30.50559,74.78343,338.9,0.41,0.37,2021-11-16,757,N,VIIRS,n,2,305.64,3.37,D,0
30.50622,74.35313,333.85,0.42,0.38,2021-11-16,757,N,VIIRS,n,2,302.54,5.16,D,0
30.50671,74.02026,333.77,0.43,0.38,2021-11-16,757,N,VIIRS,n,2,301.34,2.89,D,0
30.50706,76.36855,343.21,0.39,0.36,2021-11-16,757,N,VIIRS,n,2,304.23,10.6,D,0
30.50707,75.42152,330.04,0.4,0.37,2021-11-16,757,N,VIIRS,l,2,301.88,1.07,D,0
30.50733,74.60809,340.83,0.41,0.37,2021-11-16,757,N,VIIRS,n,2,306.88,23.9,D,0
30.50805,76.33121,332.54,0.39,0.36,2021-11-16,757,N,VIIRS,n,2,305.7,7.33,D,0
30.50868,76.33521,333.24,0.39,0.36,2021-11-16,757,N,VIIRS,n,2,302.43,6.64,D,0
30.50879,74.97049,334.11,0.4,0.37,2021-11-16,757,N,VIIRS,l,2,304.36,10.46,D,0
30.51037,76.36785,349.73,0.39,0.36,2021-11-16,757,N,VIIRS,n,2,300.34,5.53,D,0
30.51053,74.41974,334.58,0.42,0.38,2021-11-16,757,N,VIIRS,n,2,301.34,2.42,D,0
30.51063,74.04247,333.67,0.43,0.38,2021-11-16,757,N,VIIRS,n,2,302.18,3.16,D,0
30.51063,74.79267,345.37,0.41,0.37,2021-11-16,757,N,VIIRS,n,2,301.94,4.19,D,0
30.51073,74.60732,341.43,0.41,0.37,2021-11-16,757,N,VIIRS,n,2,311.19,23.9,D,0
30.51111,74.79536,333.73,0.41,0.37,2021-11-16,757,N,VIIRS,l,2,304.34,2.49,D,0
30.51123,75.79524,333.17,0.39,0.36,2021-11-16,757,N,VIIRS,n,2,305.1,1.76,D,0
30.51196,74.22014,334.45,0.42,0.38,2021-11-16,757,N,VIIRS,n,2,299.99,2.36,D,0
30.51217,75.30547,335.78,0.4,0.37,2021-11-16,757,N,VIIRS,n,2,303.39,2.2,D,0
30.51347,74.22891,332.13,0.42,0.38,2021-11-16,757,N,VIIRS,n,2,300.3,1,D,0
30.51379,75.44127,340.27,0.4,0.37,2021-11-16,757,N,VIIRS,n,2,306.79,4.58,D,0
30.51446,75.44537,334.74,0.4,0.37,2021-11-16,757,N,VIIRS,n,2,301.97,4.58,D,0
30.51529,76.33382,331.52,0.39,0.36,2021-11-16,757,N,VIIRS,n,2,299.56,1.59,D,0
30.51538,76.05695,334.07,0.39,0.36,2021-11-16,757,N,VIIRS,n,2,301.27,1.9,D,0
30.51546,75.09451,347.94,0.4,0.37,2021-11-16,757,N,VIIRS,n,2,309.09,8.68,D,0
30.51577,74.34641,340.59,0.42,0.38,2021-11-16,757,N,VIIRS,n,2,302.28,3.48,D,0
30.51589,74.40952,332.87,0.42,0.38,2021-11-16,757,N,VIIRS,n,2,301.35,4.27,D,0
30.51631,74.55714,337.53,0.41,0.37,2021-11-16,757,N,VIIRS,n,2,304.97,3.14,D,0
30.51648,74.24644,339.54,0.42,0.38,2021-11-16,757,N,VIIRS,n,2,302.41,3.87,D,0
30.51656,74.57932,333.73,0.41,0.37,2021-11-16,757,N,VIIRS,n,2,302.63,4.55,D,0
30.51666,74.30999,333.85,0.42,0.38,2021-11-16,757,N,VIIRS,n,2,302.75,2.6,D,0
30.51675,74.82916,346.49,0.41,0.37,2021-11-16,757,N,VIIRS,n,2,312.61,17.31,D,0
30.51709,74.83063,343.86,0.41,0.37,2021-11-16,757,N,VIIRS,n,2,310.83,21.99,D,0
30.51713,75.44054,344.1,0.4,0.37,2021-11-16,757,N,VIIRS,n,2,308.89,23.1,D,0
30.51734,76.32514,345.19,0.39,0.36,2021-11-16,757,N,VIIRS,n,2,302.48,6.34,D,0
30.5174,74.31435,334.23,0.42,0.38,2021-11-16,757,N,VIIRS,l,2,304.71,3.87,D,0
30.51924,74.57426,334.38,0.41,0.37,2021-11-16,757,N,VIIRS,l,2,304.84,4.55,D,0
30.51966,76.36179,345.7,0.39,0.36,2021-11-16,757,N,VIIRS,n,2,302.31,2.86,D,0
30.51978,75.97704,334.3,0.39,0.36,2021-11-16,757,N,VIIRS,l,2,304.77,2.67,D,0
30.51982,75.45692,341.38,0.4,0.37,2021-11-16,757,N,VIIRS,n,2,303.08,7.87,D,0
30.52042,75.98106,333.85,0.39,0.36,2021-11-16,757,N,VIIRS,l,2,304.83,2.67,D,0
30.52072,76.39046,339.13,0.39,0.36,2021-11-16,757,N,VIIRS,n,2,305.39,10.4,D,0
30.52084,74.31356,335.12,0.42,0.38,2021-11-16,757,N,VIIRS,l,2,305.43,13,D,0
30.52123,74.89808,344.15,0.41,0.37,2021-11-16,757,N,VIIRS,n,2,308.03,8,D,0
30.52135,74.46215,346.17,0.42,0.37,2021-11-16,757,N,VIIRS,n,2,301.2,4.47,D,0
30.52136,74.02146,332.95,0.43,0.38,2021-11-16,757,N,VIIRS,n,2,301.16,2.64,D,0
30.52237,74.15018,332.34,0.43,0.38,2021-11-16,757,N,VIIRS,n,2,304.25,2.64,D,0
30.52278,74.17298,346.24,0.43,0.38,2021-11-16,757,N,VIIRS,n,2,305.88,9.33,D,0
30.52283,74.47077,346.33,0.42,0.37,2021-11-16,757,N,VIIRS,n,2,300.1,5.31,D,0
30.52291,71.85986,333.15,0.53,0.42,2021-11-16,757,N,VIIRS,n,2,299.78,3.23,D,0
30.52296,76.36111,331.65,0.39,0.36,2021-11-16,757,N,VIIRS,n,2,301.27,1.82,D,0
30.52314,74.15459,336.87,0.43,0.38,2021-11-16,757,N,VIIRS,n,2,301.66,2.64,D,0
30.52338,74.57777,332.4,0.41,0.37,2021-11-16,757,N,VIIRS,n,2,301.21,24.97,D,0
30.52359,76.3651,332.05,0.39,0.36,2021-11-16,757,N,VIIRS,n,2,301.4,2.41,D,0
30.52406,74.85094,333.49,0.41,0.37,2021-11-16,757,N,VIIRS,n,2,304.21,2.49,D,0
30.52562,75.32384,330.67,0.4,0.37,2021-11-16,757,N,VIIRS,n,2,304.56,1.3,D,0
30.52563,70.75526,333.79,0.4,0.44,2021-11-16,757,N,VIIRS,n,2,297.44,2.96,D,0
30.52574,71.86075,331.84,0.53,0.42,2021-11-16,757,N,VIIRS,n,2,299.98,2.73,D,0
30.52587,75.49373,336.93,0.39,0.37,2021-11-16,757,N,VIIRS,n,2,304.49,2.71,D,0
30.52598,74.44764,332.25,0.42,0.37,2021-11-16,757,N,VIIRS,n,2,299.2,2.89,D,0
30.52623,74.17218,367,0.43,0.38,2021-11-16,757,N,VIIRS,l,2,349.72,91.57,D,0
30.52689,72.07568,331.66,0.52,0.41,2021-11-16,757,N,VIIRS,n,2,300.23,3.06,D,0
30.527,74.17657,348.51,0.43,0.38,2021-11-16,757,N,VIIRS,n,2,310.78,93.24,D,0
30.52744,74.85018,334.88,0.41,0.37,2021-11-16,757,N,VIIRS,n,2,304.28,3.16,D,0
30.52809,74.12133,347.24,0.43,0.38,2021-11-16,757,N,VIIRS,n,2,304.75,7.67,D,0
30.52838,76.41772,336.64,0.39,0.36,2021-11-16,757,N,VIIRS,n,2,304.15,4.25,D,0
30.5292,74.32069,330.95,0.42,0.38,2021-11-16,757,N,VIIRS,n,2,298.97,1.97,D,0
30.52923,76.46701,331.84,0.38,0.36,2021-11-16,757,N,VIIRS,l,2,304.05,15.01,D,0
30.5294,74.44685,332.4,0.42,0.37,2021-11-16,757,N,VIIRS,n,2,300.49,2.86,D,0
30.52968,74.17138,337.07,0.43,0.38,2021-11-16,757,N,VIIRS,n,2,302.23,91.57,D,0
30.53024,74.34759,333.82,0.42,0.38,2021-11-16,757,N,VIIRS,n,2,304.18,9.6,D,0
30.53039,76.34306,333.08,0.39,0.36,2021-11-16,757,N,VIIRS,n,2,300.95,1.67,D,0
30.53098,74.35194,355.34,0.42,0.38,2021-11-16,757,N,VIIRS,n,2,306.11,9.6,D,0
30.53117,76.178,336.55,0.39,0.36,2021-11-16,757,N,VIIRS,n,2,302.01,2.9,D,0
30.53235,76.2683,344.51,0.39,0.36,2021-11-16,757,N,VIIRS,n,2,302.36,3.94,D,0
30.53253,76.46632,331.06,0.38,0.36,2021-11-16,757,N,VIIRS,l,2,303.34,17.02,D,0
30.53279,75.24109,333.99,0.4,0.37,2021-11-16,757,N,VIIRS,l,2,304.12,4.43,D,0
30.53298,76.2723,338.74,0.39,0.36,2021-11-16,757,N,VIIRS,n,2,303.48,3.38,D,0
30.53347,75.24522,335.21,0.4,0.37,2021-11-16,757,N,VIIRS,n,2,303.54,4.43,D,0
30.53515,76.26818,336.08,0.39,0.36,2021-11-16,757,N,VIIRS,n,2,301.91,7.57,D,0
30.53589,74.35984,331.83,0.42,0.38,2021-11-16,757,N,VIIRS,n,2,298.81,10.19,D,0
30.53644,74.04569,337.2,0.43,0.38,2021-11-16,757,N,VIIRS,n,2,306.42,10.89,D,0
30.53658,74.16978,332.14,0.43,0.38,2021-11-16,757,N,VIIRS,n,2,300.96,3.38,D,0
30.53701,74.51228,337.64,0.42,0.37,2021-11-16,757,N,VIIRS,n,2,302.11,2.54,D,0
30.53702,74.78234,333.6,0.41,0.37,2021-11-16,757,N,VIIRS,l,2,306.06,5.12,D,0
30.5378,75.39782,333.92,0.4,0.37,2021-11-16,757,N,VIIRS,n,2,306.08,1.92,D,0
30.53793,74.66319,333.94,0.41,0.37,2021-11-16,757,N,VIIRS,n,2,306.35,6.96,D,0
30.53802,74.30959,338.17,0.42,0.38,2021-11-16,757,N,VIIRS,n,2,301.78,2.74,D,0
30.53812,74.37286,333.3,0.42,0.38,2021-11-16,757,N,VIIRS,n,2,298.33,3.94,D,0
30.53865,74.66744,330.6,0.41,0.37,2021-11-16,757,N,VIIRS,n,2,302.16,5.11,D,0
30.53962,74.31018,338.15,0.42,0.38,2021-11-16,757,N,VIIRS,n,2,301.86,3.08,D,0
30.54006,74.36339,336.92,0.42,0.38,2021-11-16,757,N,VIIRS,n,2,297.26,3.04,D,0
30.54016,74.61395,336.85,0.41,0.37,2021-11-16,757,N,VIIRS,n,2,304.84,6.91,D,0
30.541,76.47692,331.49,0.38,0.36,2021-11-16,757,N,VIIRS,n,2,302.57,1.96,D,0
30.54108,74.39022,336.45,0.42,0.38,2021-11-16,757,N,VIIRS,n,2,299.97,3.36,D,0
30.54117,74.27808,333.58,0.42,0.38,2021-11-16,757,N,VIIRS,n,2,303.04,3.5,D,0
30.54193,74.28245,334.67,0.42,0.38,2021-11-16,757,N,VIIRS,n,2,304.29,6.94,D,0
30.54213,74.54234,332.88,0.41,0.37,2021-11-16,757,N,VIIRS,n,2,302.36,3.51,D,0
30.54308,74.77658,334.87,0.41,0.37,2021-11-16,757,N,VIIRS,n,2,302.28,2.72,D,0
30.54356,74.61317,344.91,0.41,0.37,2021-11-16,757,N,VIIRS,n,2,302.62,12.33,D,0
30.5439,75.54054,334.54,0.39,0.36,2021-11-16,757,N,VIIRS,l,2,304.91,2.63,D,0
30.54522,75.48528,335.78,0.39,0.37,2021-11-16,757,N,VIIRS,l,2,306.21,2.91,D,0
30.54646,74.37997,333.73,0.42,0.38,2021-11-16,757,N,VIIRS,n,2,299.18,2.85,D,0
30.5465,74.44293,336.02,0.42,0.37,2021-11-16,757,N,VIIRS,n,2,303.72,7.83,D,0
30.54676,74.46529,336.62,0.42,0.37,2021-11-16,757,N,VIIRS,n,2,300.19,4.47,D,0
30.54683,75.99625,334.79,0.39,0.36,2021-11-16,757,N,VIIRS,n,2,304.88,2.83,D,0
30.54693,74.20852,334.99,0.42,0.38,2021-11-16,757,N,VIIRS,n,2,303.39,3.98,D,0
30.54795,75.14333,333.86,0.4,0.37,2021-11-16,757,N,VIIRS,l,2,304.52,4.78,D,0
30.54871,74.45588,334.98,0.42,0.37,2021-11-16,757,N,VIIRS,n,2,306.03,8.07,D,0
30.54885,74.15779,330.69,0.43,0.38,2021-11-16,757,N,VIIRS,n,2,300.25,2.35,D,0
30.54885,74.19894,336.99,0.42,0.38,2021-11-16,757,N,VIIRS,n,2,303.17,8.05,D,0
30.54923,74.13937,346.89,0.43,0.38,2021-11-16,757,N,VIIRS,n,2,302.76,5.55,D,0
30.54944,74.4602,337.96,0.42,0.37,2021-11-16,757,N,VIIRS,n,2,302.47,4.47,D,0
30.54962,74.20333,346.47,0.42,0.38,2021-11-16,757,N,VIIRS,n,2,304.7,8.05,D,0
30.54964,74.60735,336.55,0.41,0.37,2021-11-16,757,N,VIIRS,n,2,309.52,15.95,D,0
30.55016,76.66847,332.97,0.38,0.36,2021-11-16,757,N,VIIRS,n,2,301.67,2.15,D,0
30.55018,74.46451,335.32,0.42,0.37,2021-11-16,757,N,VIIRS,n,2,300.66,4.47,D,0
30.55068,74.31216,332.75,0.42,0.38,2021-11-16,757,N,VIIRS,n,2,300.9,2.08,D,0
30.55109,74.29395,339.95,0.42,0.38,2021-11-16,757,N,VIIRS,n,2,303.35,4.26,D,0
30.55144,74.31651,332.89,0.42,0.38,2021-11-16,757,N,VIIRS,n,2,300.17,3.08,D,0
30.55179,74.33904,330.73,0.42,0.38,2021-11-16,757,N,VIIRS,l,2,302.54,2.73,D,0
30.55188,74.09281,342.61,0.43,0.38,2021-11-16,757,N,VIIRS,n,2,301.81,5.04,D,0
30.55228,75.25391,344.6,0.4,0.37,2021-11-16,757,N,VIIRS,n,2,305.5,5.76,D,0
30.55283,74.58442,333.39,0.41,0.37,2021-11-16,757,N,VIIRS,l,2,304.42,4.54,D,0
30.55293,76.18585,330.23,0.39,0.36,2021-11-16,757,N,VIIRS,n,2,300.02,1.8,D,0
30.55567,75.27455,347.36,0.4,0.37,2021-11-16,757,N,VIIRS,n,2,305.66,5.15,D,0
30.55666,75.13279,344.59,0.4,0.37,2021-11-16,757,N,VIIRS,n,2,304.86,7.87,D,0
30.55689,74.18336,330.73,0.42,0.38,2021-11-16,757,N,VIIRS,l,2,303.99,5.51,D,0
30.55766,74.18777,330.93,0.42,0.38,2021-11-16,757,N,VIIRS,l,2,301.19,6.02,D,0
30.55831,74.31493,347.95,0.42,0.38,2021-11-16,757,N,VIIRS,n,2,303.05,21.9,D,0
30.55839,75.29105,334.08,0.4,0.37,2021-11-16,757,N,VIIRS,n,2,306.21,3.25,D,0
30.55902,75.27381,347.93,0.4,0.37,2021-11-16,757,N,VIIRS,n,2,303.67,12.55,D,0
30.55996,74.15979,334.74,0.43,0.38,2021-11-16,757,N,VIIRS,n,2,303.47,6.21,D,0
30.56038,75.28207,338.08,0.4,0.37,2021-11-16,757,N,VIIRS,n,2,302.63,3.94,D,0
30.56069,74.69337,334.58,0.41,0.37,2021-11-16,757,N,VIIRS,n,2,304.14,3.6,D,0
30.56139,75.14035,336.9,0.4,0.37,2021-11-16,757,N,VIIRS,n,2,309.4,12.93,D,0
30.56175,74.31414,343.36,0.42,0.38,2021-11-16,757,N,VIIRS,n,2,303.42,21.9,D,0
30.56409,74.48373,341.96,0.42,0.37,2021-11-16,757,N,VIIRS,n,2,306.27,16.97,D,0
30.56442,74.309,338.28,0.42,0.38,2021-11-16,757,N,VIIRS,n,2,301.6,5.36,D,0
30.56451,76.39005,347.63,0.39,0.36,2021-11-16,757,N,VIIRS,n,2,305.58,6.34,D,0
30.56628,74.48407,337.49,0.42,0.37,2021-11-16,757,N,VIIRS,n,2,302.76,15.56,D,0
30.56777,74.49268,331.29,0.42,0.37,2021-11-16,757,N,VIIRS,n,2,301.57,3.91,D,0
30.56778,74.34891,335.21,0.42,0.38,2021-11-16,757,N,VIIRS,n,2,304.71,3.5,D,0
30.56797,74.52753,344.04,0.41,0.37,2021-11-16,757,N,VIIRS,n,2,305.05,11.93,D,0
30.56852,74.49696,332.91,0.42,0.37,2021-11-16,757,N,VIIRS,n,2,302.22,3.91,D,0
30.5697,74.49586,337.66,0.42,0.37,2021-11-16,757,N,VIIRS,n,2,303.29,7.45,D,0
30.57016,74.68682,333.68,0.41,0.37,2021-11-16,757,N,VIIRS,n,2,304.2,2.83,D,0
30.57054,74.30307,330.97,0.42,0.38,2021-11-16,757,N,VIIRS,n,2,301.59,1.77,D,0
30.57183,75.1136,344.12,0.4,0.37,2021-11-16,757,N,VIIRS,n,2,308.07,11.31,D,0
30.57211,74.27094,332.1,0.42,0.38,2021-11-16,757,N,VIIRS,n,2,300.61,11.16,D,0
30.57217,74.23002,336.93,0.42,0.38,2021-11-16,757,N,VIIRS,n,2,301.93,3.33,D,0
30.57293,74.23439,331.28,0.42,0.38,2021-11-16,757,N,VIIRS,l,2,301.62,3.33,D,0
30.57334,74.51737,337.26,0.42,0.37,2021-11-16,757,N,VIIRS,n,2,301.12,2.82,D,0
30.57342,76.27257,331.89,0.39,0.36,2021-11-16,757,N,VIIRS,n,2,299.2,1.13,D,0
30.57462,76.10668,339.22,0.39,0.36,2021-11-16,757,N,VIIRS,n,2,301.14,2.48,D,0
30.57493,75.75259,334.04,0.39,0.36,2021-11-16,757,N,VIIRS,n,2,305.48,1.9,D,0
30.57561,74.22922,341.52,0.42,0.38,2021-11-16,757,N,VIIRS,n,2,300.57,3.33,D,0
30.57564,74.51766,335.89,0.41,0.37,2021-11-16,757,N,VIIRS,n,2,303.93,4.69,D,0
30.57722,74.38282,349.87,0.42,0.38,2021-11-16,757,N,VIIRS,n,2,304.7,19.04,D,0
30.57753,74.40524,333.73,0.42,0.38,2021-11-16,757,N,VIIRS,n,2,302.73,7.6,D,0
30.57764,74.36469,332.08,0.42,0.38,2021-11-16,757,N,VIIRS,n,2,300.85,11.19,D,0
30.57795,74.20134,337.26,0.42,0.38,2021-11-16,757,N,VIIRS,n,2,298.95,3.2,D,0
30.57828,74.40957,333.03,0.42,0.38,2021-11-16,757,N,VIIRS,n,2,301.17,8.58,D,0
30.57865,74.24672,343.65,0.42,0.38,2021-11-16,757,N,VIIRS,n,2,303.02,9.76,D,0
30.57894,74.75971,340.13,0.41,0.37,2021-11-16,757,N,VIIRS,n,2,303.19,4.34,D,0
30.58064,74.38203,339.8,0.42,0.38,2021-11-16,757,N,VIIRS,n,2,304.65,19.04,D,0
30.58096,74.40446,337.48,0.42,0.38,2021-11-16,757,N,VIIRS,n,2,300.85,48.78,D,0
30.58215,74.737,333.14,0.41,0.37,2021-11-16,757,N,VIIRS,l,2,303.93,1.92,D,0
30.58225,74.3501,341.76,0.42,0.38,2021-11-16,757,N,VIIRS,n,2,301.01,5.8,D,0
30.58276,74.57314,339.37,0.41,0.37,2021-11-16,757,N,VIIRS,n,2,304.11,3.06,D,0
30.58412,74.72775,333.17,0.41,0.37,2021-11-16,757,N,VIIRS,n,2,303.84,3.55,D,0
30.58484,74.19975,336.3,0.42,0.38,2021-11-16,757,N,VIIRS,n,2,299.89,13.28,D,0
30.58524,74.57338,334.85,0.41,0.37,2021-11-16,757,N,VIIRS,n,2,306.31,8.58,D,0
30.58554,74.73623,348.19,0.41,0.37,2021-11-16,757,N,VIIRS,n,2,305.46,10.33,D,0
30.58628,74.2495,334.98,0.42,0.38,2021-11-16,757,N,VIIRS,n,2,301.46,3.44,D,0
30.58635,74.20852,344.56,0.42,0.38,2021-11-16,757,N,VIIRS,n,2,304.67,22.59,D,0
30.58838,71.88886,346.85,0.53,0.42,2021-11-16,757,N,VIIRS,n,2,301.6,7.23,D,0
30.58842,75.0668,336.15,0.4,0.37,2021-11-16,757,N,VIIRS,n,2,303.87,2.85,D,0
30.58863,74.22166,334.79,0.42,0.38,2021-11-16,757,N,VIIRS,n,2,304.53,28.57,D,0
30.58863,75.10989,303.81,0.4,0.37,2021-11-16,757,N,VIIRS,l,2,310.66,15.13,D,0
30.58921,74.30782,350.96,0.42,0.38,2021-11-16,757,N,VIIRS,n,2,304.17,5.23,D,0
30.58933,75.11404,335.31,0.4,0.37,2021-11-16,757,N,VIIRS,n,2,304.55,15.13,D,0
30.59039,74.29395,338.29,0.42,0.38,2021-11-16,757,N,VIIRS,n,2,309.29,26.45,D,0
30.59178,75.06605,336.08,0.4,0.37,2021-11-16,757,N,VIIRS,n,2,304.26,3.23,D,0
30.59199,75.10913,333.42,0.4,0.37,2021-11-16,757,N,VIIRS,l,2,303.79,9.85,D,0
30.59265,74.30702,336.77,0.42,0.38,2021-11-16,757,N,VIIRS,n,2,300.74,3.4,D,0
30.59284,74.63818,338.86,0.41,0.37,2021-11-16,757,N,VIIRS,n,2,312.6,31.31,D,0
30.59344,74.51807,331.13,0.41,0.37,2021-11-16,757,N,VIIRS,l,2,301.69,2.55,D,0
30.59357,74.63726,341.74,0.41,0.37,2021-11-16,757,N,VIIRS,n,2,310.85,28.41,D,0
30.59417,74.52236,330.06,0.41,0.37,2021-11-16,757,N,VIIRS,l,2,301.66,1.94,D,0
30.59669,74.20612,336.12,0.42,0.38,2021-11-16,757,N,VIIRS,n,2,300.95,3.94,D,0
30.59674,76.39983,336.41,0.39,0.36,2021-11-16,757,N,VIIRS,n,2,301.8,2.1,D,0
30.59676,74.78204,343.78,0.41,0.37,2021-11-16,757,N,VIIRS,n,2,304.46,7.08,D,0
30.59687,72.19672,334.71,0.51,0.41,2021-11-16,757,N,VIIRS,n,2,301.14,3.79,D,0
30.59696,72.20036,334.04,0.51,0.41,2021-11-16,757,N,VIIRS,n,2,302.44,6.4,D,0
30.59821,74.35997,334.43,0.42,0.38,2021-11-16,757,N,VIIRS,n,2,300.21,1.48,D,0
30.59859,74.66711,344.17,0.41,0.37,2021-11-16,757,N,VIIRS,n,2,317.54,25.46,D,0
30.59866,74.61029,332.77,0.41,0.37,2021-11-16,757,N,VIIRS,n,2,301.42,5.18,D,0
30.59961,76.37448,334.2,0.39,0.36,2021-11-16,757,N,VIIRS,n,2,302.67,2.33,D,0
30.59996,75.48181,334.42,0.39,0.37,2021-11-16,757,N,VIIRS,n,2,306.32,1.85,D,0
30.60135,74.66722,340.61,0.41,0.37,2021-11-16,757,N,VIIRS,n,2,300.93,36.12,D,0
30.60144,74.29593,332.6,0.42,0.38,2021-11-16,757,N,VIIRS,n,2,302.48,1.54,D,0
30.60424,74.78473,338.18,0.41,0.37,2021-11-16,757,N,VIIRS,n,2,303.19,5.07,D,0
30.60435,76.36111,334.11,0.39,0.36,2021-11-16,757,N,VIIRS,l,2,304.14,4.9,D,0
30.60519,74.3177,343.16,0.42,0.38,2021-11-16,757,N,VIIRS,n,2,303.28,10.4,D,0
30.60527,75.23077,330.49,0.4,0.37,2021-11-16,757,N,VIIRS,n,2,305.08,1.68,D,0
30.60669,74.32641,350.93,0.42,0.38,2021-11-16,757,N,VIIRS,n,2,309.52,30.36,D,0
30.60763,74.78397,354.44,0.41,0.37,2021-11-16,757,N,VIIRS,n,2,314.06,37.08,D,0
30.61081,74.59866,347.49,0.41,0.37,2021-11-16,757,N,VIIRS,n,2,303.88,6.5,D,0
30.61165,75.3532,334.18,0.4,0.37,2021-11-16,757,N,VIIRS,n,2,306.16,4.71,D,0
30.61175,74.29356,333.67,0.42,0.38,2021-11-16,757,N,VIIRS,n,2,304.02,3.17,D,0
30.61211,75.27204,335.64,0.4,0.37,2021-11-16,757,N,VIIRS,n,2,301.71,2.93,D,0
30.6125,74.29792,333.86,0.42,0.38,2021-11-16,757,N,VIIRS,n,2,303.99,3.17,D,0
30.614,74.16098,334.03,0.43,0.38,2021-11-16,757,N,VIIRS,n,2,304.71,3.7,D,0
30.61466,74.20651,330.52,0.42,0.38,2021-11-16,757,N,VIIRS,n,2,301.14,2.07,D,0
30.61475,74.31097,367,0.42,0.38,2021-11-16,757,N,VIIRS,l,2,329.99,45.85,D,0
30.61487,74.27016,339.1,0.42,0.38,2021-11-16,757,N,VIIRS,n,2,300.04,4.74,D,0
30.61585,75.5798,341.52,0.39,0.36,2021-11-16,757,N,VIIRS,n,2,313.22,16.51,D,0
30.61597,74.1022,339.67,0.43,0.38,2021-11-16,757,N,VIIRS,n,2,304.78,4.52,D,0
30.61684,74.3647,346.05,0.42,0.38,2021-11-16,757,N,VIIRS,n,2,304.81,5.44,D,0
30.61692,74.21967,343.28,0.42,0.38,2021-11-16,757,N,VIIRS,n,2,304.78,12.17,D,0
30.61818,74.31018,347.7,0.42,0.38,2021-11-16,757,N,VIIRS,n,2,301.72,45.85,D,0
30.61918,75.57908,342.3,0.39,0.36,2021-11-16,757,N,VIIRS,n,2,305.49,16.51,D,0
30.61981,74.38204,333.7,0.42,0.38,2021-11-16,757,N,VIIRS,n,2,302.09,2.38,D,0
30.62036,74.21886,348.96,0.42,0.38,2021-11-16,757,N,VIIRS,n,2,308.29,16.84,D,0
30.62187,74.22762,348.97,0.42,0.38,2021-11-16,757,N,VIIRS,n,2,303.57,13.35,D,0
30.62355,74.2999,332.74,0.42,0.38,2021-11-16,757,N,VIIRS,n,2,302.09,2.69,D,0
30.62381,74.21806,347.93,0.42,0.38,2021-11-16,757,N,VIIRS,n,2,301.21,16.84,D,0
30.62757,74.94543,334.51,0.4,0.37,2021-11-16,757,N,VIIRS,n,2,304.76,7.95,D,0
30.62768,74.40723,345.25,0.42,0.37,2021-11-16,757,N,VIIRS,n,2,308.55,18.11,D,0
30.62841,76.10801,343.31,0.39,0.36,2021-11-16,757,N,VIIRS,n,2,301.26,4.92,D,0
30.62955,74.93629,335.63,0.4,0.37,2021-11-16,757,N,VIIRS,n,2,306.7,3.3,D,0
30.63042,74.71358,332.98,0.41,0.37,2021-11-16,757,N,VIIRS,n,2,300.43,11.3,D,0
30.63087,74.28008,335.01,0.42,0.38,2021-11-16,757,N,VIIRS,n,2,303.44,17.81,D,0
30.63095,74.94468,341.1,0.4,0.37,2021-11-16,757,N,VIIRS,n,2,305.52,7.95,D,0
30.63097,76.3349,335.19,0.39,0.36,2021-11-16,757,N,VIIRS,n,2,302.39,4.32,D,0
30.63103,74.16743,341.91,0.42,0.38,2021-11-16,757,N,VIIRS,n,2,304.94,4.1,D,0
30.63145,74.23119,336.8,0.42,0.38,2021-11-16,757,N,VIIRS,n,2,306.66,20.89,D,0
30.63219,74.62041,333.07,0.41,0.37,2021-11-16,757,N,VIIRS,n,2,304.05,5.13,D,0
30.63294,74.22961,336.56,0.42,0.38,2021-11-16,757,N,VIIRS,n,2,310.7,29.72,D,0
30.6342,71.76568,335.6,0.53,0.42,2021-11-16,757,N,VIIRS,n,2,300.8,4.28,D,0
30.6343,74.27927,335.08,0.42,0.38,2021-11-16,757,N,VIIRS,n,2,310.07,17.81,D,0
30.63485,75.8903,340.1,0.39,0.36,2021-11-16,757,N,VIIRS,n,2,302.35,2.76,D,0
30.63489,74.23039,341.9,0.42,0.38,2021-11-16,757,N,VIIRS,n,2,301,20.89,D,0
30.63504,74.28364,340.74,0.42,0.38,2021-11-16,757,N,VIIRS,n,2,308.6,17.81,D,0
30.63654,74.29237,333.45,0.42,0.38,2021-11-16,757,N,VIIRS,n,2,301.9,13.08,D,0
30.6368,74.22085,343.97,0.42,0.38,2021-11-16,757,N,VIIRS,n,2,301.73,8.27,D,0
30.63767,72.7892,332.06,0.48,0.4,2021-11-16,757,N,VIIRS,n,2,298.94,6.12,D,0
30.63774,74.27849,351.6,0.42,0.38,2021-11-16,757,N,VIIRS,n,2,304.22,23.26,D,0
30.63802,71.7647,335.06,0.53,0.42,2021-11-16,757,N,VIIRS,n,2,300.45,4.28,D,0
30.63848,74.28285,346.93,0.42,0.38,2021-11-16,757,N,VIIRS,n,2,303.15,23.26,D,0
30.6412,72.49241,342,0.49,0.4,2021-11-16,757,N,VIIRS,n,2,300.56,4.69,D,0
30.64193,74.51145,335.37,0.41,0.37,2021-11-16,757,N,VIIRS,n,2,305.09,5.48,D,0
30.64385,75.7964,345.95,0.39,0.36,2021-11-16,757,N,VIIRS,n,2,305.5,5.46,D,0
30.64424,72.49371,336.9,0.49,0.4,2021-11-16,757,N,VIIRS,n,2,302.05,5.88,D,0
30.6444,74.75441,333.33,0.41,0.37,2021-11-16,757,N,VIIRS,n,2,302.11,1.7,D,0
30.6445,74.69276,332.8,0.41,0.37,2021-11-16,757,N,VIIRS,n,2,302.92,3.08,D,0
30.64505,71.7802,335.18,0.53,0.42,2021-11-16,757,N,VIIRS,n,2,299.34,3.51,D,0
30.64571,73.57573,333.32,0.44,0.39,2021-11-16,757,N,VIIRS,n,2,302.34,3.42,D,0
30.64572,76.45152,334.48,0.38,0.36,2021-11-16,757,N,VIIRS,n,2,304.13,2.9,D,0
30.64811,75.19559,338.95,0.4,0.37,2021-11-16,757,N,VIIRS,n,2,305.06,4.05,D,0
30.6484,74.67422,331.05,0.41,0.37,2021-11-16,757,N,VIIRS,n,2,304.07,6.6,D,0
30.64943,74.86712,340.37,0.41,0.37,2021-11-16,757,N,VIIRS,n,2,303.99,3.92,D,0
30.65007,75.72803,342.29,0.39,0.36,2021-11-16,757,N,VIIRS,n,2,304.96,4.48,D,0
30.65137,74.62933,344.7,0.41,0.37,2021-11-16,757,N,VIIRS,n,2,308.93,19.95,D,0
30.65166,76.19016,331.99,0.39,0.36,2021-11-16,757,N,VIIRS,n,2,301.09,2.23,D,0
30.6518,74.67345,336.78,0.41,0.37,2021-11-16,757,N,VIIRS,n,2,304.07,6.6,D,0
30.65189,74.92321,343.36,0.4,0.37,2021-11-16,757,N,VIIRS,n,2,304.04,7.17,D,0
30.65313,74.53564,337.64,0.41,0.37,2021-11-16,757,N,VIIRS,n,2,308.38,7.08,D,0
30.65921,72.23954,348.14,0.51,0.41,2021-11-16,757,N,VIIRS,n,2,306.53,11.3,D,0
30.66021,74.49388,348.34,0.42,0.37,2021-11-16,757,N,VIIRS,n,2,310.83,13.52,D,0
30.66023,74.70242,335.28,0.41,0.37,2021-11-16,757,N,VIIRS,n,2,301.04,3.17,D,0
30.66056,71.83939,330.4,0.53,0.42,2021-11-16,757,N,VIIRS,n,2,300.55,3.34,D,0
30.66074,75.88058,333.91,0.39,0.36,2021-11-16,757,N,VIIRS,n,2,306.95,4.72,D,0
30.66171,74.79438,336.83,0.41,0.37,2021-11-16,757,N,VIIRS,n,2,302.31,2.72,D,0
30.66337,72.28219,330.22,0.5,0.41,2021-11-16,757,N,VIIRS,n,2,300.83,1.98,D,0
30.66362,74.4931,347.04,0.42,0.37,2021-11-16,757,N,VIIRS,n,2,306.15,13.52,D,0
30.66457,74.99851,342.78,0.4,0.37,2021-11-16,757,N,VIIRS,n,2,304.81,68.16,D,0
30.66731,71.79177,334.04,0.53,0.42,2021-11-16,757,N,VIIRS,n,2,300.81,6.57,D,0
30.66733,74.66109,333.36,0.41,0.37,2021-11-16,757,N,VIIRS,n,2,299.94,2.83,D,0
30.66844,75.29807,335.76,0.4,0.37,2021-11-16,757,N,VIIRS,n,2,303.03,3.24,D,0
30.67011,75.13916,335.52,0.4,0.37,2021-11-16,757,N,VIIRS,n,2,305.87,4.81,D,0
30.67017,74.92781,334.28,0.4,0.37,2021-11-16,757,N,VIIRS,l,2,304.54,3.91,D,0
30.67129,72.78606,332.44,0.48,0.4,2021-11-16,757,N,VIIRS,n,2,299.45,4.02,D,0
30.6713,71.75035,333.28,0.53,0.42,2021-11-16,757,N,VIIRS,n,2,302.57,9.74,D,0
30.67137,72.24194,343.51,0.51,0.41,2021-11-16,757,N,VIIRS,n,2,300.66,7.44,D,0
30.67347,75.13842,333.47,0.4,0.37,2021-11-16,757,N,VIIRS,n,2,302.06,2.64,D,0
30.67463,76.01097,342.08,0.39,0.36,2021-11-16,757,N,VIIRS,n,2,304.22,3.15,D,0
30.67724,75.3941,347.17,0.4,0.37,2021-11-16,757,N,VIIRS,n,2,303.31,5.55,D,0
30.67834,75.21036,330.65,0.4,0.37,2021-11-16,757,N,VIIRS,n,2,304.13,7.79,D,0
30.67842,75.25315,334.87,0.4,0.37,2021-11-16,757,N,VIIRS,n,2,303.82,2.31,D,0
30.67902,75.21449,347.58,0.4,0.37,2021-11-16,757,N,VIIRS,n,2,306.03,7.79,D,0
30.67931,74.98222,337.98,0.4,0.37,2021-11-16,757,N,VIIRS,n,2,305.89,8.06,D,0
30.68022,74.45013,337.3,0.42,0.37,2021-11-16,757,N,VIIRS,n,2,304.43,2.5,D,0
30.68031,74.26533,333.56,0.42,0.38,2021-11-16,757,N,VIIRS,n,2,304.24,3.07,D,0
30.6804,74.67579,346,0.41,0.37,2021-11-16,757,N,VIIRS,n,2,304.1,8.78,D,0
30.68075,72.35375,335.62,0.5,0.41,2021-11-16,757,N,VIIRS,n,2,299.64,7.07,D,0
30.68169,75.69722,333.24,0.39,0.36,2021-11-16,757,N,VIIRS,n,2,301.96,8.96,D,0
30.68172,76.14236,344.77,0.39,0.36,2021-11-16,757,N,VIIRS,n,2,303.38,12.96,D,0
30.68456,74.228,343.27,0.42,0.38,2021-11-16,757,N,VIIRS,n,2,306.6,13.15,D,0
30.68495,71.92426,333.91,0.52,0.42,2021-11-16,757,N,VIIRS,n,2,301.1,3.82,D,0
30.68604,74.98071,331.45,0.4,0.37,2021-11-16,757,N,VIIRS,n,2,300.39,1.37,D,0
30.68784,74.30888,339.49,0.42,0.38,2021-11-16,757,N,VIIRS,n,2,305.22,15.98,D,0
30.68793,75.48083,346.51,0.39,0.36,2021-11-16,757,N,VIIRS,n,2,312.9,19.66,D,0
30.688,74.2272,347.56,0.42,0.38,2021-11-16,757,N,VIIRS,n,2,302.27,9.44,D,0
30.68835,71.90069,341.52,0.52,0.42,2021-11-16,757,N,VIIRS,n,2,300.21,4.89,D,0
30.68944,75.7878,334.41,0.39,0.36,2021-11-16,757,N,VIIRS,n,2,302.87,3.03,D,0
30.69052,74.30374,332.06,0.42,0.38,2021-11-16,757,N,VIIRS,n,2,304.07,15.98,D,0
30.69127,74.30809,338.96,0.42,0.38,2021-11-16,757,N,VIIRS,n,2,307.63,15.98,D,0
30.69127,75.48011,352.46,0.39,0.36,2021-11-16,757,N,VIIRS,n,2,308.04,19.66,D,0
30.69155,71.97903,331.98,0.52,0.41,2021-11-16,757,N,VIIRS,n,2,301.01,10.87,D,0
30.69306,75.91123,332.42,0.39,0.36,2021-11-16,757,N,VIIRS,n,2,300.83,2.38,D,0
30.69361,71.98975,331.38,0.52,0.41,2021-11-16,757,N,VIIRS,n,2,299.01,4.35,D,0
30.69472,75.79922,343.92,0.39,0.36,2021-11-16,757,N,VIIRS,n,2,303.59,4.29,D,0
30.69499,75.69434,330.65,0.39,0.36,2021-11-16,757,N,VIIRS,n,2,303.06,1.98,D,0
30.69558,74.99591,337.54,0.4,0.37,2021-11-16,757,N,VIIRS,l,2,311.62,25.18,D,0
30.69599,71.961,337.84,0.52,0.42,2021-11-16,757,N,VIIRS,n,2,299.39,4.28,D,0
30.69742,74.96514,333.26,0.4,0.37,2021-11-16,757,N,VIIRS,l,2,304,6.31,D,0
30.69804,75.79851,347.73,0.39,0.36,2021-11-16,757,N,VIIRS,n,2,302.13,7.01,D,0
30.69884,74.86911,340.45,0.41,0.37,2021-11-16,757,N,VIIRS,n,2,306.44,9.79,D,0
30.70064,74.54808,345.44,0.41,0.37,2021-11-16,757,N,VIIRS,n,2,305.18,8.26,D,0
30.70189,75.54544,336.88,0.39,0.36,2021-11-16,757,N,VIIRS,n,2,306.41,2.39,D,0
30.70366,75.68407,336,0.39,0.36,2021-11-16,757,N,VIIRS,n,2,302.41,3.11,D,0
30.70568,75.88881,333.6,0.39,0.36,2021-11-16,757,N,VIIRS,l,2,306.36,7.64,D,0
30.70591,75.03687,339.04,0.4,0.37,2021-11-16,757,N,VIIRS,n,2,301.7,4.5,D,0
30.70599,76.40618,344.17,0.38,0.36,2021-11-16,757,N,VIIRS,n,2,304.52,6.83,D,0
30.70622,76.45152,330.35,0.38,0.36,2021-11-16,757,N,VIIRS,l,2,302.48,1.83,D,0
30.70632,75.89285,333.97,0.39,0.36,2021-11-16,757,N,VIIRS,n,2,303.44,7.64,D,0
30.7066,75.04104,337.48,0.4,0.37,2021-11-16,757,N,VIIRS,n,2,305.36,24.02,D,0
30.70835,74.98872,356.39,0.4,0.37,2021-11-16,757,N,VIIRS,n,2,306.83,12.98,D,0
30.70847,75.01035,342.88,0.4,0.37,2021-11-16,757,N,VIIRS,n,2,306.21,12.15,D,0
30.7102,74.95795,345.48,0.4,0.37,2021-11-16,757,N,VIIRS,n,2,304.34,4.54,D,0
30.71056,76.54549,341.96,0.38,0.36,2021-11-16,757,N,VIIRS,n,2,303.56,3.09,D,0
30.7109,74.96214,333.25,0.4,0.37,2021-11-16,757,N,VIIRS,n,2,302.55,3.16,D,0
30.71139,76.46284,332.4,0.38,0.36,2021-11-16,757,N,VIIRS,n,2,299.21,2.31,D,0
30.71206,74.53214,344.1,0.41,0.37,2021-11-16,757,N,VIIRS,n,2,305.74,10.1,D,0
30.71253,75.01378,334.36,0.4,0.37,2021-11-16,757,N,VIIRS,n,2,304.24,4.36,D,0
30.71296,75.89143,348.11,0.39,0.36,2021-11-16,757,N,VIIRS,n,2,305.2,15.36,D,0
30.71322,75.01794,336.87,0.4,0.37,2021-11-16,757,N,VIIRS,n,2,306.15,4.36,D,0
30.71464,75.79494,343.24,0.39,0.36,2021-11-16,757,N,VIIRS,n,2,306.83,13.1,D,0
30.71555,74.94807,336.52,0.4,0.37,2021-11-16,757,N,VIIRS,n,2,303.83,3.1,D,0
30.71896,76.35806,344.58,0.39,0.36,2021-11-16,757,N,VIIRS,n,2,302.51,6.56,D,0
30.71996,71.79545,338.05,0.53,0.42,2021-11-16,757,N,VIIRS,n,2,300.4,7.93,D,0
30.72016,75.05962,341.83,0.4,0.37,2021-11-16,757,N,VIIRS,n,2,305.78,4.06,D,0
30.72063,75.78947,333.53,0.39,0.36,2021-11-16,757,N,VIIRS,n,2,302.82,4.34,D,0
30.72096,75.87719,342.31,0.39,0.36,2021-11-16,757,N,VIIRS,n,2,308.26,12.88,D,0
30.7212,75.38062,344.3,0.4,0.37,2021-11-16,757,N,VIIRS,n,2,304.96,42.26,D,0
30.72137,71.82377,344.34,0.53,0.42,2021-11-16,757,N,VIIRS,n,2,302.41,7.29,D,0
30.72159,74.94238,335.76,0.4,0.37,2021-11-16,757,N,VIIRS,n,2,304.63,4.31,D,0
30.72264,75.46055,334.36,0.39,0.36,2021-11-16,757,N,VIIRS,l,2,304.41,3.7,D,0
30.7233,75.46464,335.41,0.39,0.36,2021-11-16,757,N,VIIRS,n,2,303.35,5.47,D,0
30.72376,71.79447,346.47,0.53,0.42,2021-11-16,757,N,VIIRS,n,2,301.21,7.93,D,0
30.72428,75.87647,338.5,0.39,0.36,2021-11-16,757,N,VIIRS,n,2,301.39,11.45,D,0
30.72436,75.29475,340.61,0.4,0.37,2021-11-16,757,N,VIIRS,n,2,304.93,9.48,D,0
30.72496,74.94161,341.57,0.4,0.37,2021-11-16,757,N,VIIRS,n,2,305.05,4.31,D,0
30.72997,71.95231,343.16,0.52,0.42,2021-11-16,757,N,VIIRS,n,2,298.93,4.66,D,0
30.73189,75.79543,331.6,0.39,0.36,2021-11-16,757,N,VIIRS,n,2,302.38,2.51,D,0
30.73282,75.03088,335.19,0.4,0.37,2021-11-16,757,N,VIIRS,n,2,301.61,1.78,D,0
30.73323,76.23097,334.42,0.39,0.36,2021-11-16,757,N,VIIRS,n,2,299.78,2.01,D,0
30.73371,74.51383,334.78,0.41,0.37,2021-11-16,757,N,VIIRS,n,2,306.31,3.44,D,0
30.73384,75.80756,344.98,0.39,0.36,2021-11-16,757,N,VIIRS,n,2,302.71,7.27,D,0
30.73396,74.53604,344.82,0.41,0.37,2021-11-16,757,N,VIIRS,n,2,309.65,9.31,D,0
30.73628,75.05171,338.82,0.4,0.37,2021-11-16,757,N,VIIRS,n,2,306.99,20.12,D,0
30.73654,74.40582,333.83,0.42,0.37,2021-11-16,757,N,VIIRS,n,2,303.67,4.04,D,0
30.73769,75.27045,332.48,0.4,0.37,2021-11-16,757,N,VIIRS,n,2,301.49,2.31,D,0
30.74005,75.15856,331.49,0.4,0.37,2021-11-16,757,N,VIIRS,n,2,302.12,1.95,D,0
30.74012,75.18002,347.32,0.4,0.37,2021-11-16,757,N,VIIRS,n,2,304.43,8.44,D,0
30.74014,75.01194,333.75,0.4,0.37,2021-11-16,757,N,VIIRS,l,2,305.01,4.84,D,0
30.74053,74.95116,340.69,0.4,0.37,2021-11-16,757,N,VIIRS,n,2,305.96,3.96,D,0
30.74253,75.34191,333.81,0.4,0.37,2021-11-16,757,N,VIIRS,n,2,303.39,7.53,D,0
30.74301,75.05022,337.78,0.4,0.37,2021-11-16,757,N,VIIRS,n,2,303.58,3.4,D,0
30.74647,75.80067,333.56,0.39,0.36,2021-11-16,757,N,VIIRS,n,2,300.93,2.4,D,0
30.74755,72.06554,334.71,0.51,0.41,2021-11-16,757,N,VIIRS,n,2,299.83,4.61,D,0
30.74783,71.94209,333.56,0.52,0.42,2021-11-16,757,N,VIIRS,n,2,299.73,3.14,D,0
30.74806,74.57726,334.64,0.41,0.37,2021-11-16,757,N,VIIRS,l,2,306.9,9.6,D,0
30.74905,75.81685,335.15,0.39,0.36,2021-11-16,757,N,VIIRS,n,2,300.31,4.25,D,0
30.75146,74.57648,335.96,0.41,0.37,2021-11-16,757,N,VIIRS,n,2,305.88,9.6,D,0
30.75333,75.11261,336.06,0.4,0.37,2021-11-16,757,N,VIIRS,n,2,303.91,4.8,D,0
30.75463,75.74442,330.56,0.39,0.36,2021-11-16,757,N,VIIRS,n,2,301.13,1.94,D,0
30.75559,74.99982,336.22,0.4,0.37,2021-11-16,757,N,VIIRS,n,2,306.66,2.69,D,0
30.75682,75.15484,334.91,0.4,0.37,2021-11-16,757,N,VIIRS,n,2,303.11,1.7,D,0
30.7576,76.08591,336.04,0.39,0.36,2021-11-16,757,N,VIIRS,n,2,301.92,6.66,D,0
30.7587,75.48273,349.5,0.39,0.36,2021-11-16,757,N,VIIRS,n,2,303.11,7.71,D,0
30.75896,74.99908,344.54,0.4,0.37,2021-11-16,757,N,VIIRS,n,2,312.75,17.76,D,0
30.75957,75.83968,345.14,0.39,0.36,2021-11-16,757,N,VIIRS,n,2,310.89,19.3,D,0
30.75965,75.00325,330.48,0.4,0.37,2021-11-16,757,N,VIIRS,l,2,300.89,7.8,D,0
30.76067,75.43145,343.2,0.39,0.37,2021-11-16,757,N,VIIRS,n,2,304.44,5.49,D,0
30.76174,74.80336,344.58,0.41,0.37,2021-11-16,757,N,VIIRS,n,2,305.29,5.26,D,0
30.76326,75.06729,331.26,0.4,0.37,2021-11-16,757,N,VIIRS,l,2,302.87,2.97,D,0
30.76398,75.88885,333.49,0.39,0.36,2021-11-16,757,N,VIIRS,n,2,301.98,2.08,D,0
30.76401,75.43072,344.42,0.39,0.37,2021-11-16,757,N,VIIRS,n,2,303.54,5.49,D,0
30.76414,74.42191,342.09,0.42,0.37,2021-11-16,757,N,VIIRS,n,2,307.31,9.65,D,0
30.76433,75.20038,339.33,0.4,0.37,2021-11-16,757,N,VIIRS,n,2,303.55,3.15,D,0
30.76469,75.45601,334.31,0.39,0.36,2021-11-16,757,N,VIIRS,l,2,304.81,11.27,D,0
30.76499,76.06773,338.61,0.39,0.36,2021-11-16,757,N,VIIRS,n,2,309.42,25.96,D,0
30.76536,75.4601,339.21,0.39,0.36,2021-11-16,757,N,VIIRS,n,2,308.12,11.27,D,0
30.76729,74.52396,340.21,0.41,0.37,2021-11-16,757,N,VIIRS,n,2,309.46,9.58,D,0
30.7673,75.62018,333.55,0.39,0.36,2021-11-16,757,N,VIIRS,n,2,299.62,3.92,D,0
30.76803,75.45528,339.57,0.39,0.36,2021-11-16,757,N,VIIRS,n,2,302.93,11.27,D,0
30.76828,74.6965,334.77,0.41,0.37,2021-11-16,757,N,VIIRS,n,2,307.7,4.61,D,0
30.7683,76.06703,344.76,0.39,0.36,2021-11-16,757,N,VIIRS,n,2,299.32,8.59,D,0
30.77205,74.8229,346.17,0.41,0.37,2021-11-16,757,N,VIIRS,n,2,313.85,30.24,D,0
30.77463,75.34763,330.54,0.4,0.37,2021-11-16,757,N,VIIRS,n,2,300.76,1.13,D,0
30.77468,75.00501,336.89,0.4,0.37,2021-11-16,757,N,VIIRS,n,2,305.91,5.61,D,0
30.77558,74.6772,343.8,0.41,0.37,2021-11-16,757,N,VIIRS,n,2,305.95,4.18,D,0
30.77566,76.24384,332.77,0.39,0.36,2021-11-16,757,N,VIIRS,n,2,301.43,29.53,D,0
30.77642,71.81287,344.25,0.53,0.42,2021-11-16,757,N,VIIRS,n,2,307.09,17.2,D,0
30.7765,75.75229,338.02,0.39,0.36,2021-11-16,757,N,VIIRS,n,2,307.05,7.26,D,0
30.77733,76.1025,342.52,0.39,0.36,2021-11-16,757,N,VIIRS,n,2,303.06,6.15,D,0
30.77755,76.25587,332.92,0.39,0.36,2021-11-16,757,N,VIIRS,n,2,302.23,3.63,D,0
30.77768,76.14809,346.6,0.39,0.36,2021-11-16,757,N,VIIRS,n,2,304.36,5.4,D,0
30.77796,76.10652,333.4,0.39,0.36,2021-11-16,757,N,VIIRS,n,2,302.2,6.03,D,0
30.77819,74.9218,333.8,0.4,0.37,2021-11-16,757,N,VIIRS,n,2,304.78,2.43,D,0
30.77921,75.26984,333.46,0.4,0.37,2021-11-16,757,N,VIIRS,n,2,305.38,3.43,D,0
30.77936,75.41886,342.6,0.39,0.37,2021-11-16,757,N,VIIRS,n,2,303.25,6.37,D,0
30.77989,75.27397,333.93,0.4,0.37,2021-11-16,757,N,VIIRS,n,2,304.1,3.53,D,0
30.78085,76.25517,334.42,0.39,0.36,2021-11-16,757,N,VIIRS,n,2,304.23,3.63,D,0
30.78239,75.18351,341.5,0.4,0.37,2021-11-16,757,N,VIIRS,n,2,303.32,7.71,D,0
30.78398,74.78957,333.79,0.41,0.37,2021-11-16,757,N,VIIRS,n,2,304.37,4.87,D,0
30.78452,74.77193,338.62,0.41,0.37,2021-11-16,757,N,VIIRS,n,2,311.06,14.05,D,0
30.78469,74.79379,333.95,0.41,0.37,2021-11-16,757,N,VIIRS,n,2,305.01,4.87,D,0
30.78523,74.77616,334.4,0.41,0.37,2021-11-16,757,N,VIIRS,n,2,302.21,14.05,D,0
30.78548,75.00692,333.95,0.4,0.37,2021-11-16,757,N,VIIRS,n,2,303.78,5.16,D,0
30.78575,75.18276,344.95,0.4,0.37,2021-11-16,757,N,VIIRS,n,2,306.02,7.71,D,0
30.78868,75.37008,331.79,0.4,0.37,2021-11-16,757,N,VIIRS,l,2,302.19,2.9,D,0
30.79076,76.16605,331.82,0.39,0.36,2021-11-16,757,N,VIIRS,n,2,301.17,1.59,D,0
30.79137,75.42897,344.56,0.39,0.37,2021-11-16,757,N,VIIRS,n,2,308.12,12.8,D,0
30.79269,75.37344,339.82,0.4,0.37,2021-11-16,757,N,VIIRS,n,2,303.15,5.51,D,0
30.79442,75.03952,346.37,0.4,0.37,2021-11-16,757,N,VIIRS,n,2,309.35,11.06,D,0
30.7982,74.44178,335.75,0.42,0.37,2021-11-16,757,N,VIIRS,n,2,302.65,2.77,D,0
30.79858,75.06448,333.1,0.4,0.37,2021-11-16,757,N,VIIRS,n,2,304.2,6.46,D,0
30.79928,75.06864,334.83,0.4,0.37,2021-11-16,757,N,VIIRS,n,2,306.47,6.46,D,0
30.80062,75.57079,334.64,0.39,0.36,2021-11-16,757,N,VIIRS,n,2,302.88,2.42,D,0
30.80142,76.32121,331.05,0.39,0.36,2021-11-16,757,N,VIIRS,n,2,300.86,5.01,D,0
30.80236,74.71078,348.52,0.41,0.37,2021-11-16,757,N,VIIRS,n,2,311.28,13.93,D,0
30.8025,75.64622,338.87,0.39,0.36,2021-11-16,757,N,VIIRS,n,2,309.81,10.81,D,0
30.80366,76.1177,335.37,0.39,0.36,2021-11-16,757,N,VIIRS,n,2,305.1,9.75,D,0
30.80629,75.73361,334.66,0.39,0.36,2021-11-16,757,N,VIIRS,n,2,302.05,2.58,D,0
30.80728,75.05392,349.13,0.4,0.37,2021-11-16,757,N,VIIRS,n,2,303.85,11.16,D,0
30.80978,74.79688,349.05,0.41,0.37,2021-11-16,757,N,VIIRS,n,2,306.54,9.78,D,0
30.81156,74.64323,336.71,0.41,0.37,2021-11-16,757,N,VIIRS,n,2,303.47,2.67,D,0
30.812,74.64242,335.45,0.41,0.37,2021-11-16,757,N,VIIRS,n,2,302.57,2.38,D,0
30.81316,74.79613,335.92,0.41,0.37,2021-11-16,757,N,VIIRS,n,2,301.95,3.76,D,0
30.81346,75.77818,347.83,0.39,0.36,2021-11-16,757,N,VIIRS,n,2,304.54,12.35,D,0
30.81513,74.89174,334.64,0.4,0.37,2021-11-16,757,N,VIIRS,n,2,304.99,2.03,D,0
30.81623,74.75159,336.75,0.41,0.37,2021-11-16,757,N,VIIRS,n,2,304.99,3.91,D,0
30.81702,76.48734,332.53,0.38,0.36,2021-11-16,757,N,VIIRS,n,2,300.98,2.47,D,0
30.82187,76.32105,334.95,0.39,0.36,2021-11-16,757,N,VIIRS,n,2,303.8,2.69,D,0
30.82504,74.97208,345.26,0.4,0.37,2021-11-16,757,N,VIIRS,n,2,302.41,3.7,D,0
30.82514,75.85099,346.03,0.39,0.36,2021-11-16,757,N,VIIRS,n,2,310.14,17.03,D,0
30.82634,75.31558,333.28,0.4,0.37,2021-11-16,757,N,VIIRS,n,2,303.33,4.36,D,0
30.82872,75.44624,336.06,0.39,0.36,2021-11-16,757,N,VIIRS,n,2,307.61,29.67,D,0
30.83072,75.45852,342.12,0.39,0.36,2021-11-16,757,N,VIIRS,n,2,301.81,3.65,D,0
30.83203,74.78309,346.76,0.41,0.37,2021-11-16,757,N,VIIRS,n,2,309.28,9.52,D,0
30.83405,75.45779,345.48,0.39,0.36,2021-11-16,757,N,VIIRS,n,2,302.94,5.16,D,0
30.83457,75.56761,344.46,0.39,0.36,2021-11-16,757,N,VIIRS,n,2,303.94,5.51,D,0
30.83458,76.08231,343.97,0.39,0.36,2021-11-16,757,N,VIIRS,n,2,304.82,12.57,D,0
30.83496,75.28382,335.57,0.4,0.37,2021-11-16,757,N,VIIRS,n,2,306.26,1.57,D,0
30.83713,75.36007,346.71,0.4,0.37,2021-11-16,757,N,VIIRS,n,2,303.62,8.68,D,0
30.83728,75.5417,334.24,0.39,0.36,2021-11-16,757,N,VIIRS,n,2,302.59,3.38,D,0
30.84043,76.0977,337.92,0.39,0.36,2021-11-16,757,N,VIIRS,n,2,303.27,2.39,D,0
30.84221,76.13055,336.02,0.39,0.36,2021-11-16,757,N,VIIRS,n,2,302.15,2.07,D,0
30.84313,76.30418,332.71,0.39,0.36,2021-11-16,757,N,VIIRS,l,2,304.57,6.13,D,0
30.84672,74.99754,333.57,0.4,0.37,2021-11-16,757,N,VIIRS,n,2,303.82,3.49,D,0
30.84723,74.54206,333.88,0.41,0.37,2021-11-16,757,N,VIIRS,n,2,303.57,2.51,D,0
30.85058,75.44205,333.51,0.39,0.36,2021-11-16,757,N,VIIRS,n,2,302.44,1.86,D,0
30.85121,75.56399,344.98,0.39,0.36,2021-11-16,757,N,VIIRS,n,2,309.31,13.6,D,0
30.85164,75.2588,333.14,0.4,0.37,2021-11-16,757,N,VIIRS,l,2,303.61,13.42,D,0
30.85197,70.79166,338.51,0.39,0.44,2021-11-16,757,N,VIIRS,n,2,299.76,3.02,D,0
30.85232,75.26292,338.98,0.4,0.37,2021-11-16,757,N,VIIRS,l,2,312.84,13.42,D,0
30.85566,75.26218,336.29,0.4,0.37,2021-11-16,757,N,VIIRS,n,2,304.11,9.31,D,0
30.8563,74.69922,338.12,0.41,0.37,2021-11-16,757,N,VIIRS,n,2,305.41,2.77,D,0
30.85634,75.2663,340.15,0.4,0.37,2021-11-16,757,N,VIIRS,n,2,306.44,7.49,D,0
30.8581,72.57316,334.82,0.49,0.4,2021-11-16,757,N,VIIRS,n,2,300.44,3.52,D,0
30.85921,75.38924,339.12,0.39,0.37,2021-11-16,757,N,VIIRS,n,2,308.57,9.92,D,0
30.85928,75.11559,334.46,0.4,0.37,2021-11-16,757,N,VIIRS,l,2,307.61,11.3,D,0
30.85993,73.94133,347.71,0.43,0.38,2021-11-16,757,N,VIIRS,n,2,301.14,9.25,D,0
30.8617,75.62917,333.47,0.39,0.36,2021-11-16,757,N,VIIRS,n,2,304.63,1.76,D,0
30.86269,76.02229,343.15,0.39,0.36,2021-11-16,757,N,VIIRS,n,2,303.96,4.6,D,0
30.86452,75.35831,332.18,0.4,0.37,2021-11-16,757,N,VIIRS,n,2,301.45,11.7,D,0
30.86656,75.39188,332.48,0.39,0.37,2021-11-16,757,N,VIIRS,n,2,303.21,2.13,D,0
30.86979,75.30602,334.86,0.4,0.37,2021-11-16,757,N,VIIRS,n,2,303.43,2.6,D,0
30.87106,76.35212,333.97,0.38,0.36,2021-11-16,757,N,VIIRS,n,2,301.56,2.15,D,0
30.87146,72.18603,339.55,0.5,0.41,2021-11-16,757,N,VIIRS,n,2,300.27,5.26,D,0
30.87352,76.35181,340.67,0.38,0.36,2021-11-16,757,N,VIIRS,n,2,304.02,5.17,D,0
30.87485,74.99613,335.07,0.4,0.37,2021-11-16,757,N,VIIRS,n,2,304.07,2.97,D,0
30.87564,76.42558,333.45,0.38,0.36,2021-11-16,757,N,VIIRS,n,2,303.68,3.9,D,0
30.87593,75.53387,332.92,0.39,0.36,2021-11-16,757,N,VIIRS,n,2,305.54,1.96,D,0
30.87821,74.99538,334.9,0.4,0.37,2021-11-16,757,N,VIIRS,n,2,303.06,2.88,D,0
30.88013,76.08929,335.3,0.39,0.36,2021-11-16,757,N,VIIRS,n,2,303.62,3.59,D,0
30.88193,75.44367,337.02,0.39,0.36,2021-11-16,757,N,VIIRS,n,2,302.46,3.77,D,0
30.8835,74.36489,332.12,0.42,0.37,2021-11-16,757,N,VIIRS,n,2,300.2,2.43,D,0
30.88458,75.52353,342.53,0.39,0.36,2021-11-16,757,N,VIIRS,n,2,307.99,10.31,D,0
30.88492,75.16577,345.43,0.4,0.37,2021-11-16,757,N,VIIRS,n,2,305.73,4.75,D,0
30.88572,74.811,333.35,0.41,0.37,2021-11-16,757,N,VIIRS,l,2,304.26,3.93,D,0
30.88767,74.36842,343.37,0.42,0.37,2021-11-16,757,N,VIIRS,n,2,302.56,5.04,D,0
30.88856,75.54801,350.44,0.39,0.36,2021-11-16,757,N,VIIRS,n,2,307.81,26.5,D,0
30.88909,74.81023,334.25,0.41,0.37,2021-11-16,757,N,VIIRS,l,2,305.83,6.77,D,0
30.89122,75.03139,344.87,0.4,0.37,2021-11-16,757,N,VIIRS,n,2,303.91,5.12,D,0
30.89127,76.57101,332.13,0.38,0.36,2021-11-16,757,N,VIIRS,n,2,301.02,3.03,D,0
30.89227,76.31893,333.36,0.39,0.36,2021-11-16,757,N,VIIRS,n,2,301.81,2.57,D,0
30.89372,75.66486,332.16,0.39,0.36,2021-11-16,757,N,VIIRS,l,2,303.14,2.44,D,0
30.89376,75.00489,330.17,0.4,0.37,2021-11-16,757,N,VIIRS,n,2,304.62,4.74,D,0
30.89445,75.00906,334.11,0.4,0.37,2021-11-16,757,N,VIIRS,n,2,304.71,5.94,D,0
30.90057,76.35029,333.94,0.38,0.36,2021-11-16,757,N,VIIRS,n,2,298.79,3.45,D,0
30.90129,75.02914,333.31,0.4,0.37,2021-11-16,757,N,VIIRS,n,2,302.5,1.73,D,0
30.90206,74.92934,333.42,0.4,0.37,2021-11-16,757,N,VIIRS,l,2,304.36,3.03,D,0
30.90262,76.34158,332.73,0.38,0.36,2021-11-16,757,N,VIIRS,n,2,301.49,2.37,D,0
30.90522,75.98823,344.23,0.39,0.36,2021-11-16,757,N,VIIRS,n,2,303.46,3.23,D,0
30.90656,76.34489,333.3,0.38,0.36,2021-11-16,757,N,VIIRS,n,2,300.48,23.96,D,0
30.90774,75.10962,330.86,0.4,0.37,2021-11-16,757,N,VIIRS,n,2,302.61,6.66,D,0
30.90843,75.11377,333.23,0.4,0.37,2021-11-16,757,N,VIIRS,n,2,306.59,6.66,D,0
30.9093,75.16084,334.89,0.4,0.37,2021-11-16,757,N,VIIRS,n,2,303.18,3.04,D,0
30.91121,75.26272,332.32,0.4,0.37,2021-11-16,757,N,VIIRS,l,2,303.68,2.29,D,0
30.91195,75.39465,335.92,0.39,0.37,2021-11-16,757,N,VIIRS,n,2,303.79,2.43,D,0
30.91297,71.91186,330.72,0.52,0.41,2021-11-16,757,N,VIIRS,n,2,301.29,2.12,D,0
30.91455,75.517,351.39,0.39,0.36,2021-11-16,757,N,VIIRS,n,2,306.61,13.85,D,0
30.91948,75.03372,333.29,0.4,0.37,2021-11-16,757,N,VIIRS,l,2,304.68,1.81,D,0
30.92048,74.41469,335.02,0.41,0.37,2021-11-16,757,N,VIIRS,n,2,301.44,5.03,D,0
30.92238,75.2607,333.04,0.4,0.37,2021-11-16,757,N,VIIRS,n,2,302.78,4.79,D,0
30.92239,74.94649,332.24,0.4,0.37,2021-11-16,757,N,VIIRS,l,2,305.08,3.83,D,0
30.92325,76.32069,334.47,0.38,0.36,2021-11-16,757,N,VIIRS,n,2,300.53,2.75,D,0
30.92373,75.08022,334.5,0.4,0.37,2021-11-16,757,N,VIIRS,n,2,303.47,3.19,D,0
30.92589,75.50182,332.13,0.39,0.36,2021-11-16,757,N,VIIRS,n,2,302.65,1.36,D,0
30.92615,76.12108,335.58,0.39,0.36,2021-11-16,757,N,VIIRS,n,2,302.95,1.96,D,0
30.92709,75.07947,331.5,0.4,0.37,2021-11-16,757,N,VIIRS,n,2,303,1.82,D,0
30.92982,74.94916,331.69,0.4,0.37,2021-11-16,757,N,VIIRS,l,2,302.7,1.29,D,0
30.93516,72.00712,330.89,0.51,0.41,2021-11-16,757,N,VIIRS,n,2,299.19,2.16,D,0
30.93765,75.98181,349.85,0.39,0.36,2021-11-16,757,N,VIIRS,n,2,302.9,8.93,D,0
30.93875,74.8558,339.33,0.4,0.37,2021-11-16,757,N,VIIRS,n,2,303.54,3.57,D,0
30.93996,75.34637,337.39,0.39,0.37,2021-11-16,757,N,VIIRS,n,2,309.9,13.05,D,0
30.94329,75.34563,338.33,0.39,0.37,2021-11-16,757,N,VIIRS,n,2,302.13,7.27,D,0
30.94645,75.04928,338.15,0.4,0.37,2021-11-16,757,N,VIIRS,l,2,311.33,18.27,D,0
30.94729,75.74146,332.45,0.39,0.36,2021-11-16,757,N,VIIRS,n,2,301.03,1.97,D,0
30.9498,75.04853,339.72,0.4,0.37,2021-11-16,757,N,VIIRS,n,2,305.99,37.47,D,0
30.95446,74.71739,334.38,0.41,0.37,2021-11-16,757,N,VIIRS,n,2,303.6,4.63,D,0
30.95713,74.7124,331.39,0.41,0.37,2021-11-16,757,N,VIIRS,n,2,300.21,1.51,D,0
30.95785,74.71663,343.98,0.41,0.37,2021-11-16,757,N,VIIRS,n,2,300.55,4.63,D,0
30.96011,75.49047,339.73,0.39,0.36,2021-11-16,757,N,VIIRS,n,2,300.55,3.23,D,0
30.96441,76.23792,333.77,0.39,0.36,2021-11-16,757,N,VIIRS,n,2,303.64,7,D,0
30.96589,75.27245,340.71,0.4,0.37,2021-11-16,757,N,VIIRS,n,2,303.33,2.71,D,0
30.96942,74.72279,343.29,0.41,0.37,2021-11-16,757,N,VIIRS,n,2,308.1,19.42,D,0
30.97064,75.04819,333.3,0.4,0.37,2021-11-16,757,N,VIIRS,n,2,301.36,2.11,D,0
30.97742,76.45004,330.82,0.38,0.36,2021-11-16,757,N,VIIRS,l,2,302.84,4.15,D,0
30.97804,76.45403,334.03,0.38,0.36,2021-11-16,757,N,VIIRS,n,2,302.31,4.24,D,0
30.97914,75.20537,340.69,0.4,0.37,2021-11-16,757,N,VIIRS,n,2,304.51,6.7,D,0
30.97995,75.02019,339.41,0.4,0.37,2021-11-16,757,N,VIIRS,n,2,302.02,4.34,D,0
30.98401,76.08016,336.77,0.39,0.36,2021-11-16,757,N,VIIRS,n,2,299.88,3.03,D,0
30.98681,74.86757,334.26,0.4,0.37,2021-11-16,757,N,VIIRS,l,2,308.2,9.08,D,0
30.9876,75.7789,330.6,0.39,0.36,2021-11-16,757,N,VIIRS,n,2,299.69,1.33,D,0
30.98894,76.13315,331.66,0.39,0.36,2021-11-16,757,N,VIIRS,n,2,299.13,9.95,D,0
30.98999,75.96647,332.6,0.39,0.36,2021-11-16,757,N,VIIRS,n,2,301.43,4.97,D,0
30.99018,74.86681,335.31,0.4,0.37,2021-11-16,757,N,VIIRS,l,2,305.77,9.08,D,0
30.99175,75.15539,344.54,0.4,0.37,2021-11-16,757,N,VIIRS,n,2,303.87,7.95,D,0
30.99632,76.28924,347.22,0.39,0.36,2021-11-16,757,N,VIIRS,n,2,300.89,5.03,D,0
30.99962,75.75562,332.48,0.39,0.36,2021-11-16,757,N,VIIRS,n,2,301.96,4.21,D,0
31.00027,75.75967,337.41,0.39,0.36,2021-11-16,757,N,VIIRS,n,2,300.26,6.59,D,0
31.00183,74.70665,335.12,0.41,0.37,2021-11-16,757,N,VIIRS,n,2,302.28,3.69,D,0
31.00881,75.91236,347.04,0.39,0.36,2021-11-16,757,N,VIIRS,n,2,302.73,6.7,D,0
31.01011,72.1757,333.35,0.5,0.41,2021-11-16,757,N,VIIRS,n,2,300.88,4.25,D,0
31.01066,75.54707,337,0.39,0.36,2021-11-16,757,N,VIIRS,n,2,304.48,4.34,D,0
31.01231,76.34801,332.51,0.38,0.36,2021-11-16,757,N,VIIRS,n,2,300.65,1.73,D,0
31.01879,73.26563,330.01,0.45,0.39,2021-11-16,757,N,VIIRS,n,2,300.6,3.13,D,0
31.0195,72.18424,333.5,0.5,0.41,2021-11-16,757,N,VIIRS,n,2,301.25,8.84,D,0
31.01985,75.62521,334.24,0.39,0.36,2021-11-16,757,N,VIIRS,n,2,302.32,1.33,D,0
31.02003,72.18774,333,0.5,0.41,2021-11-16,757,N,VIIRS,n,2,300.3,7.7,D,0
31.02582,74.7451,330.52,0.41,0.37,2021-11-16,757,N,VIIRS,l,2,301.41,6.3,D,0
31.02641,75.27251,342.89,0.4,0.37,2021-11-16,757,N,VIIRS,n,2,311.01,10.94,D,0
31.02703,75.25529,343.78,0.4,0.37,2021-11-16,757,N,VIIRS,n,2,304.62,11.61,D,0
31.02708,75.27663,333.21,0.4,0.37,2021-11-16,757,N,VIIRS,n,2,302.71,10.94,D,0
31.02758,75.21669,335.27,0.4,0.37,2021-11-16,757,N,VIIRS,n,2,302.62,2.57,D,0
31.02974,75.27177,345.31,0.4,0.37,2021-11-16,757,N,VIIRS,n,2,300.3,10.94,D,0
31.03397,72.26025,338.14,0.5,0.41,2021-11-16,757,N,VIIRS,n,2,301.5,5.07,D,0
31.03576,75.63859,334.66,0.39,0.36,2021-11-16,757,N,VIIRS,n,2,302.72,5.51,D,0
31.03631,75.68473,330.89,0.39,0.36,2021-11-16,757,N,VIIRS,n,2,303.75,0.91,D,0
31.03678,75.34632,334.63,0.39,0.37,2021-11-16,757,N,VIIRS,n,2,303.18,2.41,D,0
31.03688,75.02114,338.1,0.4,0.37,2021-11-16,757,N,VIIRS,n,2,301.51,2.47,D,0
31.03726,74.96048,301.97,0.4,0.37,2021-11-16,757,N,VIIRS,l,2,303.08,23.1,D,0
31.03792,75.34242,330.97,0.39,0.37,2021-11-16,757,N,VIIRS,n,2,303.3,5.42,D,0
31.03795,74.96466,336.26,0.4,0.37,2021-11-16,757,N,VIIRS,n,2,310.8,23.1,D,0
31.03859,75.34653,333.5,0.39,0.37,2021-11-16,757,N,VIIRS,n,2,302.62,6.07,D,0
31.03963,75.68401,332.8,0.39,0.36,2021-11-16,757,N,VIIRS,n,2,301.76,2.09,D,0
31.04038,72.25321,332.31,0.5,0.41,2021-11-16,757,N,VIIRS,n,2,298.94,3.01,D,0
31.04369,75.04121,333.53,0.4,0.37,2021-11-16,757,N,VIIRS,n,2,303.06,1.66,D,0
31.04467,73.3472,332.47,0.45,0.39,2021-11-16,757,N,VIIRS,n,2,300.1,2.51,D,0
31.05183,74.69229,334.82,0.41,0.37,2021-11-16,757,N,VIIRS,n,2,302.18,1.85,D,0
31.05239,75.82804,333.31,0.39,0.36,2021-11-16,757,N,VIIRS,n,2,303.5,1.3,D,0
31.05404,75.45296,335.58,0.39,0.36,2021-11-16,757,N,VIIRS,n,2,303.23,2.51,D,0
31.05605,75.4531,335.42,0.39,0.36,2021-11-16,757,N,VIIRS,n,2,302.52,3.86,D,0
31.0564,75.61726,344.57,0.39,0.36,2021-11-16,757,N,VIIRS,n,2,309.03,13.6,D,0
31.06078,75.70884,334.17,0.39,0.36,2021-11-16,757,N,VIIRS,n,2,303.34,2.09,D,0
31.06446,75.58178,333.97,0.39,0.36,2021-11-16,757,N,VIIRS,l,2,305.08,4.59,D,0
31.07498,75.62585,347.95,0.39,0.36,2021-11-16,757,N,VIIRS,n,2,304.91,6.27,D,0
31.07606,74.83566,344.66,0.4,0.37,2021-11-16,757,N,VIIRS,n,2,313.23,24.13,D,0
31.07623,74.85742,340.06,0.4,0.37,2021-11-16,757,N,VIIRS,n,2,302.41,6.63,D,0
31.08403,75.43427,332.99,0.39,0.36,2021-11-16,757,N,VIIRS,n,2,302.14,2.74,D,0
31.08603,75.42534,332.02,0.39,0.36,2021-11-16,757,N,VIIRS,n,2,302.29,1.47,D,0
31.08936,75.44581,330.93,0.39,0.36,2021-11-16,757,N,VIIRS,n,2,302.94,4.81,D,0
31.09003,75.44991,332.69,0.39,0.36,2021-11-16,757,N,VIIRS,n,2,304.16,4.81,D,0
31.09118,74.77985,338.63,0.4,0.37,2021-11-16,757,N,VIIRS,n,2,303.64,6.65,D,0
31.09397,75.98205,331.7,0.39,0.36,2021-11-16,757,N,VIIRS,n,2,303.47,1.71,D,0
31.09572,75.69759,350.87,0.39,0.36,2021-11-16,757,N,VIIRS,n,2,315.59,16.82,D,0
31.09904,75.69687,332.13,0.39,0.36,2021-11-16,757,N,VIIRS,n,2,303.07,16.82,D,0
31.09965,73.10994,332.99,0.46,0.39,2021-11-16,757,N,VIIRS,n,2,300.52,2.54,D,0
31.1007,71.97411,338.19,0.51,0.41,2021-11-16,757,N,VIIRS,n,2,303.18,6.01,D,0
31.10789,75.58128,334.02,0.39,0.36,2021-11-16,757,N,VIIRS,l,2,304.08,6.33,D,0
31.11139,75.94077,338.36,0.39,0.36,2021-11-16,757,N,VIIRS,n,2,300.82,4.82,D,0
31.11845,75.04729,333.74,0.4,0.37,2021-11-16,757,N,VIIRS,l,2,304.87,5.03,D,0
31.11875,75.11182,344.22,0.4,0.37,2021-11-16,757,N,VIIRS,n,2,303.01,7.42,D,0
31.11886,76.20561,332.49,0.39,0.36,2021-11-16,757,N,VIIRS,n,2,300.93,2.96,D,0
31.11988,74.82578,341.36,0.4,0.37,2021-11-16,757,N,VIIRS,n,2,301.83,3.89,D,0
31.12325,74.82501,337.88,0.4,0.37,2021-11-16,757,N,VIIRS,n,2,301.2,2.33,D,0
31.12394,74.64066,332.78,0.41,0.37,2021-11-16,757,N,VIIRS,n,2,302.19,3.27,D,0
31.1252,75.56063,345.86,0.39,0.36,2021-11-16,757,N,VIIRS,n,2,306.8,7.02,D,0
31.12586,75.5647,333.72,0.39,0.36,2021-11-16,757,N,VIIRS,n,2,303.57,4.77,D,0
31.12852,75.55991,335.4,0.39,0.36,2021-11-16,757,N,VIIRS,n,2,303.27,3.13,D,0
31.12871,75.0881,338.34,0.4,0.37,2021-11-16,757,N,VIIRS,n,2,301.25,2.97,D,0
31.13168,75.64351,343.12,0.39,0.36,2021-11-16,757,N,VIIRS,n,2,308.77,23.65,D,0
31.13546,74.83533,340.5,0.4,0.37,2021-11-16,757,N,VIIRS,n,2,301.02,3.05,D,0
31.14184,75.79251,332.46,0.39,0.36,2021-11-16,757,N,VIIRS,n,2,300,1.46,D,0
31.142,74.91654,332.89,0.4,0.37,2021-11-16,757,N,VIIRS,n,2,302.25,1.4,D,0
31.14472,75.72477,338.42,0.39,0.36,2021-11-16,757,N,VIIRS,n,2,305.78,7.78,D,0
31.14556,75.66575,334.51,0.39,0.36,2021-11-16,757,N,VIIRS,n,2,303.61,2.94,D,0
31.14717,75.01065,330.01,0.4,0.37,2021-11-16,757,N,VIIRS,n,2,298.32,3.37,D,0
31.14734,76.10398,345.39,0.39,0.36,2021-11-16,757,N,VIIRS,n,2,303.05,5.17,D,0
31.14748,75.87085,339.18,0.39,0.36,2021-11-16,757,N,VIIRS,n,2,303.3,2.72,D,0
31.14786,75.01482,354.04,0.4,0.37,2021-11-16,757,N,VIIRS,n,2,306.07,19.3,D,0
31.14804,75.72405,335.74,0.39,0.36,2021-11-16,757,N,VIIRS,n,2,302.4,3.31,D,0
31.14847,75.55554,331.35,0.39,0.36,2021-11-16,757,N,VIIRS,n,2,302.34,11.16,D,0
31.14888,75.66504,339.79,0.39,0.36,2021-11-16,757,N,VIIRS,n,2,301.1,2.94,D,0
31.14908,75.58073,344.91,0.39,0.36,2021-11-16,757,N,VIIRS,n,2,303.88,4.5,D,0
31.14913,75.55963,333.9,0.39,0.36,2021-11-16,757,N,VIIRS,n,2,305.25,6.79,D,0
31.15048,75.54666,334.86,0.39,0.36,2021-11-16,757,N,VIIRS,n,2,303.62,5.99,D,0
31.15087,73.1667,335.9,0.45,0.39,2021-11-16,757,N,VIIRS,n,2,301.99,4.43,D,0
31.15114,75.55074,342.09,0.39,0.36,2021-11-16,757,N,VIIRS,n,2,307.56,11.16,D,0
31.15172,73.17142,332.13,0.45,0.39,2021-11-16,757,N,VIIRS,n,2,301.02,4.43,D,0
31.15259,75.0224,333.09,0.4,0.37,2021-11-16,757,N,VIIRS,n,2,299.56,3.54,D,0
31.15612,73.17527,333.23,0.45,0.39,2021-11-16,757,N,VIIRS,n,2,300.09,5.39,D,0
31.16437,75.93408,332.87,0.39,0.36,2021-11-16,757,N,VIIRS,n,2,301.86,2.03,D,0
31.16934,76.24478,335.37,0.39,0.36,2021-11-16,757,N,VIIRS,n,2,302.64,3.47,D,0
31.17893,75.52038,340.2,0.39,0.36,2021-11-16,757,N,VIIRS,n,2,309.56,17.56,D,0
31.17996,74.97736,332.83,0.4,0.37,2021-11-16,757,N,VIIRS,n,2,298.05,1.92,D,0
31.18225,75.51965,340.1,0.39,0.36,2021-11-16,757,N,VIIRS,n,2,303.38,3.4,D,0
31.18267,74.73806,333.42,0.41,0.37,2021-11-16,757,N,VIIRS,n,2,302.35,2.95,D,0
31.1859,75.70325,341.62,0.39,0.36,2021-11-16,757,N,VIIRS,n,2,306.61,9.72,D,0
31.18971,75.74863,335.94,0.39,0.36,2021-11-16,757,N,VIIRS,n,2,302.32,2.6,D,0
31.1921,75.63458,332.35,0.39,0.36,2021-11-16,757,N,VIIRS,l,2,304.47,7.16,D,0
31.19342,75.63112,340.29,0.39,0.36,2021-11-16,757,N,VIIRS,n,2,311.55,30.41,D,0
31.19399,75.66786,335.96,0.39,0.36,2021-11-16,757,N,VIIRS,n,2,304.75,2.9,D,0
31.19654,73.54338,341.8,0.44,0.38,2021-11-16,757,N,VIIRS,n,2,303.65,5.4,D,0
31.19983,75.85541,330.9,0.39,0.36,2021-11-16,757,N,VIIRS,n,2,303.08,1.52,D,0
31.21321,73.07485,333.28,0.46,0.39,2021-11-16,757,N,VIIRS,n,2,297.47,2.29,D,0
31.21516,73.58649,338.49,0.44,0.38,2021-11-16,757,N,VIIRS,n,2,305.05,20.93,D,0
31.21548,75.53352,336.31,0.39,0.36,2021-11-16,757,N,VIIRS,n,2,300.5,2.53,D,0
31.21556,75.01766,336.39,0.4,0.37,2021-11-16,757,N,VIIRS,n,2,306.7,7.25,D,0
31.22086,76.09711,349.07,0.39,0.36,2021-11-16,757,N,VIIRS,n,2,302.37,5.02,D,0
31.22353,76.09238,337.51,0.39,0.36,2021-11-16,757,N,VIIRS,n,2,303.28,3.26,D,0
31.22483,73.70233,332.68,0.43,0.38,2021-11-16,757,N,VIIRS,n,2,302.12,5.84,D,0
31.22556,73.97986,338.17,0.42,0.38,2021-11-16,757,N,VIIRS,n,2,301.16,5.71,D,0
31.2273,74.64884,333.66,0.41,0.37,2021-11-16,757,N,VIIRS,n,2,301.39,2.38,D,0
31.22751,73.69698,330.29,0.43,0.38,2021-11-16,757,N,VIIRS,l,2,300.61,8.47,D,0
31.22831,73.7015,333.7,0.43,0.38,2021-11-16,757,N,VIIRS,n,2,303.33,8.47,D,0
31.23315,73.54411,332.75,0.44,0.38,2021-11-16,757,N,VIIRS,n,2,302.25,3.31,D,0
31.23915,75.2229,333.84,0.4,0.37,2021-11-16,757,N,VIIRS,l,2,304.02,4.48,D,0
31.24022,74.97758,346.58,0.4,0.37,2021-11-16,757,N,VIIRS,n,2,301.96,4.23,D,0
31.25007,75.77014,331.87,0.39,0.36,2021-11-16,757,N,VIIRS,n,2,301.52,3.32,D,0
31.25144,74.70929,330.29,0.41,0.37,2021-11-16,757,N,VIIRS,l,2,302.49,1.02,D,0
31.25614,74.5724,332.66,0.41,0.37,2021-11-16,757,N,VIIRS,n,2,300.02,2.48,D,0
31.25812,75.0857,343.37,0.4,0.37,2021-11-16,757,N,VIIRS,n,2,301.14,7.65,D,0
31.25977,75.63776,333.56,0.39,0.36,2021-11-16,757,N,VIIRS,l,2,304.13,4.67,D,0
31.26025,73.86209,331.24,0.43,0.38,2021-11-16,757,N,VIIRS,n,2,298.58,2.21,D,0
31.26167,73.56107,333.25,0.44,0.38,2021-11-16,757,N,VIIRS,l,2,303.26,2.11,D,0
31.26449,73.65987,331.81,0.43,0.38,2021-11-16,757,N,VIIRS,l,2,302.88,4.4,D,0
31.2668,75.07516,332.76,0.4,0.37,2021-11-16,757,N,VIIRS,n,2,300.2,4.61,D,0
31.26877,73.66357,333.62,0.43,0.38,2021-11-16,757,N,VIIRS,l,2,304.12,4.4,D,0
31.27144,75.45355,330.76,0.39,0.36,2021-11-16,757,N,VIIRS,l,2,302.59,2.96,D,0
31.27217,75.86591,333.01,0.39,0.36,2021-11-16,757,N,VIIRS,n,2,302.23,3.35,D,0
31.27597,74.3362,331.96,0.41,0.37,2021-11-16,757,N,VIIRS,n,2,299.67,5.56,D,0
31.27611,75.34271,334.32,0.39,0.36,2021-11-16,757,N,VIIRS,n,2,303.62,4.61,D,0
31.2767,74.34052,340.01,0.41,0.37,2021-11-16,757,N,VIIRS,n,2,299.91,5.56,D,0
31.27684,75.43176,336.61,0.39,0.36,2021-11-16,757,N,VIIRS,n,2,306.35,5.73,D,0
31.28254,73.72144,333.08,0.43,0.38,2021-11-16,757,N,VIIRS,n,2,303.25,2.28,D,0
31.2914,75.01362,344.57,0.4,0.37,2021-11-16,757,N,VIIRS,n,2,307.82,12.17,D,0
31.29219,74.27065,336.02,0.42,0.37,2021-11-16,757,N,VIIRS,l,2,306.98,8.3,D,0
31.29296,74.26927,341.22,0.42,0.37,2021-11-16,757,N,VIIRS,n,2,306.14,17.14,D,0
31.29636,74.27419,335.27,0.42,0.37,2021-11-16,757,N,VIIRS,n,2,300.34,8.3,D,0
31.30263,74.53518,333.25,0.41,0.37,2021-11-16,757,N,VIIRS,n,2,302.37,3.54,D,0
31.30558,75.79588,336.55,0.39,0.36,2021-11-16,757,N,VIIRS,n,2,301.44,3.08,D,0
31.30842,74.30289,330.53,0.41,0.37,2021-11-16,757,N,VIIRS,n,2,300.06,2.47,D,0
31.31192,75.70635,337.53,0.39,0.36,2021-11-16,757,N,VIIRS,n,2,300.22,2.34,D,0
31.31361,74.47494,340.29,0.41,0.37,2021-11-16,757,N,VIIRS,n,2,301.63,3.1,D,0
31.31437,75.70634,332.32,0.39,0.36,2021-11-16,757,N,VIIRS,n,2,299.8,2.63,D,0
31.31554,73.62144,341.64,0.44,0.38,2021-11-16,757,N,VIIRS,n,2,299.95,3.85,D,0
31.31701,74.47415,335.71,0.41,0.37,2021-11-16,757,N,VIIRS,n,2,300.79,3.05,D,0
31.31873,74.96484,331.41,0.4,0.37,2021-11-16,757,N,VIIRS,n,2,305.12,1.56,D,0
31.32019,74.45116,337.47,0.41,0.37,2021-11-16,757,N,VIIRS,n,2,300.4,2.76,D,0
31.32311,74.80309,340.46,0.4,0.37,2021-11-16,757,N,VIIRS,n,2,304.62,9.06,D,0
31.3597,76.29322,327.54,0.38,0.36,2021-11-16,757,N,VIIRS,n,2,299.64,1.54,D,0
31.36703,75.79989,336.42,0.39,0.36,2021-11-16,757,N,VIIRS,n,2,298.69,3.01,D,0
31.37491,73.4836,331.61,0.44,0.38,2021-11-16,757,N,VIIRS,n,2,298.74,1.89,D,0
31.37874,74.10268,331.68,0.42,0.38,2021-11-16,757,N,VIIRS,n,2,298.83,1.91,D,0
31.38031,74.91631,332.77,0.4,0.37,2021-11-16,757,N,VIIRS,l,2,303.81,2.2,D,0
31.38217,74.10188,334.88,0.42,0.38,2021-11-16,757,N,VIIRS,n,2,299.33,1.91,D,0
31.38251,74.71619,343.75,0.4,0.37,2021-11-16,757,N,VIIRS,n,2,303.09,5.63,D,0
31.38752,74.87561,333.34,0.4,0.37,2021-11-16,757,N,VIIRS,n,2,302.03,2.29,D,0
31.39865,74.96416,334.63,0.4,0.37,2021-11-16,757,N,VIIRS,n,2,303.49,2.83,D,0
31.40873,75.63112,353.01,0.39,0.36,2021-11-16,757,N,VIIRS,n,2,302.02,6.63,D,0
31.4093,75.17702,332.93,0.4,0.37,2021-11-16,757,N,VIIRS,n,2,298.46,2.02,D,0
31.4094,75.24118,332.99,0.39,0.37,2021-11-16,757,N,VIIRS,n,2,302.21,2.26,D,0
31.4098,75.70245,334.62,0.39,0.36,2021-11-16,757,N,VIIRS,n,2,303.03,2.54,D,0
31.40997,75.18115,332.01,0.4,0.37,2021-11-16,757,N,VIIRS,n,2,298.44,1.4,D,0
31.41063,75.6311,342.5,0.39,0.36,2021-11-16,757,N,VIIRS,n,2,301.09,5.97,D,0
31.41178,74.74457,335.86,0.4,0.37,2021-11-16,757,N,VIIRS,n,2,303.78,7.06,D,0
31.41643,75.70101,330.84,0.39,0.36,2021-11-16,757,N,VIIRS,n,2,300.73,1.65,D,0
31.4281,75.4837,333.89,0.39,0.36,2021-11-16,757,N,VIIRS,n,2,300.99,3.39,D,0
31.45438,75.00003,334.18,0.4,0.37,2021-11-16,757,N,VIIRS,n,2,303.76,3.49,D,0
31.4774,75.35047,334.92,0.39,0.36,2021-11-16,757,N,VIIRS,n,2,306.01,4.97,D,0
31.48073,75.34973,335,0.39,0.36,2021-11-16,757,N,VIIRS,n,2,302.16,3.59,D,0
31.48277,74.89839,335.59,0.4,0.37,2021-11-16,757,N,VIIRS,n,2,302.04,2.68,D,0
31.48613,74.89764,335.2,0.4,0.37,2021-11-16,757,N,VIIRS,n,2,301.99,2.68,D,0
31.53092,75.04323,332.61,0.4,0.37,2021-11-16,757,N,VIIRS,n,2,300.37,2.76,D,0
31.53857,75.49399,346.57,0.39,0.36,2021-11-16,757,N,VIIRS,n,2,305.57,7.41,D,0
31.54609,74.92012,333.6,0.4,0.37,2021-11-16,757,N,VIIRS,n,2,303.45,5.63,D,0
31.54616,74.62757,336,0.41,0.37,2021-11-16,757,N,VIIRS,n,2,304.28,2.75,D,0
31.54642,74.75469,339.72,0.4,0.37,2021-11-16,757,N,VIIRS,n,2,302.84,5.1,D,0
31.54863,74.89352,332.31,0.4,0.37,2021-11-16,757,N,VIIRS,n,2,303.53,2.13,D,0
31.5728,75.03941,330.76,0.4,0.37,2021-11-16,757,N,VIIRS,n,2,300.61,2.93,D,0
31.57417,74.66949,332.38,0.4,0.37,2021-11-16,757,N,VIIRS,n,2,301.73,2.43,D,0
31.57499,74.92658,337.01,0.4,0.37,2021-11-16,757,N,VIIRS,n,2,301.33,3.27,D,0
31.61975,75.65779,330.42,0.39,0.36,2021-11-16,757,N,VIIRS,n,2,300.64,1.22,D,0
31.66214,75.69598,332.07,0.39,0.36,2021-11-16,757,N,VIIRS,n,2,299.64,3.08,D,0
31.09969,71.97193,342.87,0.51,0.41,2021-11-16,758,N,VIIRS,n,2,304.18,5.76,D,0
31.15735,72.06796,333.36,0.51,0.41,2021-11-16,758,N,VIIRS,n,2,299.66,3.73,D,0
31.18191,72.17666,330.37,0.5,0.41,2021-11-16,758,N,VIIRS,n,2,301.48,1.79,D,0
31.22975,72.53275,330.69,0.48,0.4,2021-11-16,758,N,VIIRS,n,2,300.15,2.38,D,0
31.24745,72.25741,330.82,0.49,0.41,2021-11-16,758,N,VIIRS,n,2,297.55,3.45,D,0
31.31084,72.56683,332.16,0.48,0.4,2021-11-16,758,N,VIIRS,n,2,301.23,5.23,D,0
31.31179,72.56435,336.69,0.48,0.4,2021-11-16,758,N,VIIRS,n,2,302.86,7.78,D,0
31.37064,72.10138,331.93,0.5,0.41,2021-11-16,758,N,VIIRS,n,2,300.7,3.38,D,0
31.37409,73.48063,332.84,0.44,0.38,2021-11-16,758,N,VIIRS,n,2,298.4,1.99,D,0
31.37548,72.33988,332.9,0.49,0.4,2021-11-16,758,N,VIIRS,n,2,298.92,3.16,D,0
31.42011,72.48441,336.15,0.48,0.4,2021-11-16,758,N,VIIRS,n,2,301.36,7.27,D,0
31.42853,72.24361,333.45,0.49,0.4,2021-11-16,758,N,VIIRS,n,2,299.55,2.38,D,0
31.43399,70.7529,335.9,0.39,0.44,2021-11-16,758,N,VIIRS,n,2,300.69,1.96,D,0
31.43538,72.44382,333.07,0.48,0.4,2021-11-16,758,N,VIIRS,n,2,302.73,2.2,D,0
31.43973,72.40582,339.37,0.48,0.4,2021-11-16,758,N,VIIRS,n,2,300,3.87,D,0
31.45304,72.18885,333.13,0.49,0.41,2021-11-16,758,N,VIIRS,n,2,299.57,3.49,D,0
31.4707,72.25681,331.94,0.49,0.4,2021-11-16,758,N,VIIRS,l,2,302.82,4.66,D,0
31.47885,72.15784,335.76,0.5,0.41,2021-11-16,758,N,VIIRS,n,2,302.43,3.47,D,0
31.49456,73.83304,331.14,0.43,0.38,2021-11-16,758,N,VIIRS,n,2,301.78,2.01,D,0
31.50003,72.147,334.91,0.5,0.41,2021-11-16,758,N,VIIRS,n,2,300.32,4.44,D,0
31.50474,72.25349,338.51,0.49,0.4,2021-11-16,758,N,VIIRS,n,2,302.72,7.84,D,0
31.50478,72.46825,330.19,0.48,0.4,2021-11-16,758,N,VIIRS,n,2,298.35,2.17,D,0
31.50932,73.58728,335.71,0.43,0.38,2021-11-16,758,N,VIIRS,n,2,299.12,3.57,D,0
31.5128,73.58643,341.44,0.43,0.38,2021-11-16,758,N,VIIRS,n,2,299.01,5.41,D,0
31.51424,73.92545,333.02,0.42,0.38,2021-11-16,758,N,VIIRS,n,2,302.29,7.89,D,0
31.51765,73.88312,332.23,0.42,0.38,2021-11-16,758,N,VIIRS,n,2,300.62,1.42,D,0
31.51769,73.92464,337.75,0.42,0.38,2021-11-16,758,N,VIIRS,n,2,303.28,7.89,D,0
31.51986,72.19055,333.59,0.49,0.41,2021-11-16,758,N,VIIRS,n,2,302.32,3.45,D,0
31.52036,73.9194,333.6,0.42,0.38,2021-11-16,758,N,VIIRS,n,2,300.58,1.9,D,0
31.52839,73.90366,343.43,0.42,0.38,2021-11-16,758,N,VIIRS,n,2,302.86,8.15,D,0
31.53585,72.35738,333.8,0.48,0.4,2021-11-16,758,N,VIIRS,n,2,301.09,3.6,D,0
31.54408,73.9322,333.61,0.42,0.38,2021-11-16,758,N,VIIRS,n,2,303.23,3.13,D,0
31.54633,73.98678,332.06,0.42,0.38,2021-11-16,758,N,VIIRS,n,2,300.47,3.54,D,0
31.54974,72.57372,332.82,0.47,0.4,2021-11-16,758,N,VIIRS,n,2,300.17,5.37,D,0
31.55076,74.09537,334.75,0.42,0.38,2021-11-16,758,N,VIIRS,n,2,303.56,4.67,D,0
31.55176,72.42191,339.49,0.48,0.4,2021-11-16,758,N,VIIRS,n,2,302.5,4.3,D,0
31.5527,72.42692,332.81,0.48,0.4,2021-11-16,758,N,VIIRS,n,2,300.65,4.56,D,0
31.56473,72.14121,330,0.5,0.41,2021-11-16,758,N,VIIRS,n,2,301.71,2.73,D,0
31.56531,72.39218,332.74,0.48,0.4,2021-11-16,758,N,VIIRS,n,2,298.74,3.05,D,0
31.56569,72.14638,332.37,0.49,0.41,2021-11-16,758,N,VIIRS,n,2,300.89,4.01,D,0
31.56657,72.14442,341.4,0.49,0.41,2021-11-16,758,N,VIIRS,n,2,301.72,6.11,D,0
31.56728,72.42323,333.24,0.48,0.4,2021-11-16,758,N,VIIRS,n,2,298.72,3.1,D,0
31.59066,74.09962,331.85,0.42,0.38,2021-11-16,758,N,VIIRS,l,2,302.16,1.98,D,0
31.59945,72.19532,336.61,0.49,0.4,2021-11-16,758,N,VIIRS,n,2,302.92,4.9,D,0
31.61115,74.65755,336,0.4,0.37,2021-11-16,758,N,VIIRS,n,2,300.6,3.37,D,0
31.61165,72.21902,339.82,0.49,0.4,2021-11-16,758,N,VIIRS,n,2,303.91,29.94,D,0
31.61167,74.63985,339.84,0.4,0.37,2021-11-16,758,N,VIIRS,n,2,302.16,2.73,D,0
31.61481,72.49495,339.01,0.48,0.4,2021-11-16,758,N,VIIRS,n,2,301.42,4.18,D,0
31.61533,72.21809,345.56,0.49,0.4,2021-11-16,758,N,VIIRS,n,2,312.64,29.94,D,0
31.62035,72.38684,337.15,0.48,0.4,2021-11-16,758,N,VIIRS,n,2,304.24,3.74,D,0
31.62731,72.22038,335.36,0.49,0.4,2021-11-16,758,N,VIIRS,n,2,302.31,3.6,D,0
31.63266,72.85908,333.11,0.46,0.39,2021-11-16,758,N,VIIRS,n,2,301.43,2.69,D,0
31.63354,72.86388,330.11,0.46,0.39,2021-11-16,758,N,VIIRS,n,2,299.74,2.69,D,0
31.64002,74.14803,334.56,0.42,0.37,2021-11-16,758,N,VIIRS,n,2,303.83,3.48,D,0
31.6477,74.25455,332.33,0.41,0.37,2021-11-16,758,N,VIIRS,n,2,298.73,2.35,D,0
31.64833,72.616,330.1,0.47,0.4,2021-11-16,758,N,VIIRS,n,2,300.08,5.51,D,0
31.64884,72.61902,346.29,0.47,0.4,2021-11-16,758,N,VIIRS,n,2,301.57,15.86,D,0
31.64923,72.62092,333.68,0.47,0.4,2021-11-16,758,N,VIIRS,n,2,301.16,11.13,D,0
31.65826,74.73005,332.44,0.4,0.37,2021-11-16,758,N,VIIRS,n,2,302.33,3.78,D,0
31.66524,74.66711,340.68,0.4,0.37,2021-11-16,758,N,VIIRS,n,2,302.61,5.14,D,0
31.66561,72.50623,330.83,0.48,0.4,2021-11-16,758,N,VIIRS,n,2,298.59,2.3,D,0
31.67433,74.61668,340.39,0.4,0.37,2021-11-16,758,N,VIIRS,n,2,301.69,3.55,D,0
31.6773,74.65556,335.39,0.4,0.37,2021-11-16,758,N,VIIRS,n,2,301.66,3.72,D,0
31.67818,72.47179,353.78,0.48,0.4,2021-11-16,758,N,VIIRS,n,2,304.71,27.09,D,0
31.67898,72.24994,334.19,0.49,0.4,2021-11-16,758,N,VIIRS,n,2,304.8,4.23,D,0
31.68264,72.24899,334.65,0.49,0.4,2021-11-16,758,N,VIIRS,n,2,302.43,4.23,D,0
31.68729,72.16455,336.84,0.49,0.4,2021-11-16,758,N,VIIRS,l,2,310.3,41.13,D,0
31.69018,72.53635,343.2,0.47,0.4,2021-11-16,758,N,VIIRS,n,2,304.15,5.45,D,0
31.69186,74.53402,344.43,0.41,0.37,2021-11-16,758,N,VIIRS,n,2,302.86,3.91,D,0
31.69823,72.49798,336.06,0.48,0.4,2021-11-16,758,N,VIIRS,n,2,303.49,6.99,D,0
31.70186,72.49706,335.42,0.48,0.4,2021-11-16,758,N,VIIRS,n,2,302.13,3.07,D,0
31.7036,74.70724,337.36,0.4,0.37,2021-11-16,758,N,VIIRS,n,2,301.65,3.29,D,0
31.70477,72.25644,336.61,0.49,0.4,2021-11-16,758,N,VIIRS,n,2,299.52,3.75,D,0
31.70711,74.64506,334.9,0.4,0.37,2021-11-16,758,N,VIIRS,n,2,300.7,3.59,D,0
31.70843,72.25551,337.23,0.49,0.4,2021-11-16,758,N,VIIRS,n,2,301.43,3.75,D,0
31.71918,74.71681,333.37,0.4,0.37,2021-11-16,758,N,VIIRS,n,2,301.14,3.12,D,0
31.72059,74.72524,330.31,0.4,0.37,2021-11-16,758,N,VIIRS,l,2,300.59,1.52,D,0
31.72727,74.55676,333.78,0.41,0.37,2021-11-16,758,N,VIIRS,n,2,301.06,2.09,D,0
31.73185,72.31854,335.38,0.48,0.4,2021-11-16,758,N,VIIRS,n,2,299.02,6.07,D,0
31.73317,74.69611,346.06,0.4,0.37,2021-11-16,758,N,VIIRS,n,2,303.42,7.27,D,0
31.73738,74.20317,331.49,0.41,0.37,2021-11-16,758,N,VIIRS,l,2,302.49,3.94,D,0
31.73792,74.53663,331.76,0.41,0.37,2021-11-16,758,N,VIIRS,n,2,299.44,5.67,D,0
31.73839,73.44471,330.01,0.44,0.38,2021-11-16,758,N,VIIRS,n,2,301.8,1.41,D,0
31.73911,74.37656,331.57,0.41,0.37,2021-11-16,758,N,VIIRS,n,2,300.01,2.02,D,0
31.74344,74.19724,335.7,0.41,0.37,2021-11-16,758,N,VIIRS,n,2,303.48,3.15,D,0
31.74505,72.24613,332.96,0.49,0.4,2021-11-16,758,N,VIIRS,n,2,299.22,3.78,D,0
31.75251,74.58182,332.78,0.4,0.37,2021-11-16,758,N,VIIRS,n,2,301.93,12.65,D,0
31.75303,74.6477,333.95,0.4,0.37,2021-11-16,758,N,VIIRS,n,2,301.01,1.73,D,0
31.7596,74.62421,332.44,0.4,0.37,2021-11-16,758,N,VIIRS,n,2,302.32,1.89,D,0
31.75989,73.46332,355.62,0.44,0.38,2021-11-16,758,N,VIIRS,n,2,311.49,14.28,D,0
31.76337,73.46247,335.96,0.44,0.38,2021-11-16,758,N,VIIRS,n,2,303.16,14.28,D,0
31.76581,74.18297,331.82,0.41,0.37,2021-11-16,758,N,VIIRS,n,2,300.02,3.1,D,0
31.76611,74.20545,332.11,0.41,0.37,2021-11-16,758,N,VIIRS,n,2,302.9,2.41,D,0
31.76725,74.56519,331.91,0.41,0.37,2021-11-16,758,N,VIIRS,n,2,299.97,3.49,D,0
31.77035,73.46078,334.02,0.44,0.38,2021-11-16,758,N,VIIRS,n,2,303.6,4.6,D,0
31.77145,72.89757,346.66,0.46,0.39,2021-11-16,758,N,VIIRS,n,2,303.75,8.16,D,0
31.77396,72.93189,340.08,0.46,0.39,2021-11-16,758,N,VIIRS,n,2,303.77,16.69,D,0
31.78118,72.91014,334.36,0.46,0.39,2021-11-16,758,N,VIIRS,n,2,300.03,3.8,D,0
31.78616,74.65764,335.06,0.4,0.37,2021-11-16,758,N,VIIRS,n,2,302.13,3.41,D,0
31.78874,74.10972,336.23,0.42,0.37,2021-11-16,758,N,VIIRS,n,2,302.82,4.3,D,0
31.79202,73.52198,332.11,0.43,0.38,2021-11-16,758,N,VIIRS,n,2,300.79,1.92,D,0
31.7955,73.52114,333.3,0.43,0.38,2021-11-16,758,N,VIIRS,n,2,301.47,1.92,D,0
31.8061,72.38919,340.65,0.48,0.4,2021-11-16,758,N,VIIRS,n,2,303.43,6.97,D,0
31.80861,74.81422,334.31,0.4,0.37,2021-11-16,758,N,VIIRS,n,2,299.96,2,D,0
31.82716,73.55357,332.85,0.43,0.38,2021-11-16,758,N,VIIRS,n,2,301.87,1.48,D,0
31.82991,74.35202,348.23,0.41,0.37,2021-11-16,758,N,VIIRS,n,2,298.99,6.45,D,0
31.83241,74.78356,331.21,0.4,0.37,2021-11-16,758,N,VIIRS,l,2,302.63,2.3,D,0
31.83296,73.28017,335.63,0.44,0.38,2021-11-16,758,N,VIIRS,n,2,304.02,2.98,D,0
31.83381,74.79196,334.32,0.4,0.37,2021-11-16,758,N,VIIRS,n,2,299.88,3.65,D,0
31.83454,73.03259,338.9,0.45,0.39,2021-11-16,758,N,VIIRS,n,2,298.93,4.27,D,0
31.83576,74.7828,333.64,0.4,0.37,2021-11-16,758,N,VIIRS,n,2,299.45,2.85,D,0
31.83589,74.91657,336.76,0.4,0.37,2021-11-16,758,N,VIIRS,n,2,301.96,6.54,D,0
31.83702,73.03519,330.91,0.45,0.39,2021-11-16,758,N,VIIRS,n,2,298.4,3.86,D,0
31.84777,74.87572,332.88,0.4,0.37,2021-11-16,758,N,VIIRS,l,2,303.13,5.14,D,0
31.84871,74.92318,334.15,0.4,0.37,2021-11-16,758,N,VIIRS,n,2,302.6,3.01,D,0
31.84894,74.96638,332.72,0.4,0.37,2021-11-16,758,N,VIIRS,n,2,300.19,1.14,D,0
31.85515,74.58559,335.61,0.4,0.37,2021-11-16,758,N,VIIRS,n,2,298.26,2.43,D,0
31.85627,74.22125,335.14,0.41,0.37,2021-11-16,758,N,VIIRS,n,2,301.64,2.53,D,0
31.86778,74.74495,333.26,0.4,0.37,2021-11-16,758,N,VIIRS,n,2,302.45,1.96,D,0
31.8749,74.93456,335.74,0.4,0.37,2021-11-16,758,N,VIIRS,n,2,302.69,3,D,0
31.87939,75.04575,338.73,0.4,0.37,2021-11-16,758,N,VIIRS,n,2,303.4,4.61,D,0
31.8797,74.08926,331.5,0.42,0.37,2021-11-16,758,N,VIIRS,n,2,300.91,2.2,D,0
31.88667,74.41982,337.23,0.41,0.37,2021-11-16,758,N,VIIRS,n,2,300.01,2.73,D,0
31.88726,73.52486,332.56,0.43,0.38,2021-11-16,758,N,VIIRS,n,2,301.28,2.57,D,0
31.88782,74.34382,332.94,0.41,0.37,2021-11-16,758,N,VIIRS,n,2,301.23,2.26,D,0
31.8891,74.45475,330.05,0.41,0.37,2021-11-16,758,N,VIIRS,n,2,298.37,1.76,D,0
31.90527,74.9925,335.23,0.4,0.37,2021-11-16,758,N,VIIRS,n,2,302.94,2.95,D,0
31.913,74.34688,332.3,0.41,0.37,2021-11-16,758,N,VIIRS,n,2,299.22,2.13,D,0
31.91581,75.64581,337.81,0.39,0.36,2021-11-16,758,N,VIIRS,n,2,302.08,3.53,D,0
31.91879,74.44343,340.08,0.41,0.37,2021-11-16,758,N,VIIRS,n,2,300.31,7.03,D,0
31.91899,74.90723,340.84,0.4,0.37,2021-11-16,758,N,VIIRS,n,2,309.08,20.43,D,0
31.92168,74.46051,345.05,0.41,0.37,2021-11-16,758,N,VIIRS,n,2,300.94,8.13,D,0
31.92383,72.89138,330.79,0.46,0.39,2021-11-16,758,N,VIIRS,n,2,300.86,2.81,D,0
31.92403,74.64079,338.66,0.4,0.37,2021-11-16,758,N,VIIRS,n,2,298.64,3.22,D,0
31.9245,73.24471,331.56,0.44,0.38,2021-11-16,758,N,VIIRS,l,2,301.94,1.53,D,0
31.92581,72.42401,330.92,0.48,0.4,2021-11-16,758,N,VIIRS,n,2,300.38,2.42,D,0
31.92581,74.69296,343.43,0.4,0.37,2021-11-16,758,N,VIIRS,n,2,299.51,5.74,D,0
31.92591,74.54797,338.1,0.4,0.37,2021-11-16,758,N,VIIRS,n,2,299.06,4.48,D,0
31.92964,75.09895,334.29,0.39,0.36,2021-11-16,758,N,VIIRS,n,2,303.93,2.18,D,0
31.93501,74.66456,332.64,0.4,0.37,2021-11-16,758,N,VIIRS,n,2,298.6,6.11,D,0
31.94173,74.43367,349.11,0.41,0.37,2021-11-16,758,N,VIIRS,n,2,302.26,8.9,D,0
31.94195,74.4558,332.65,0.41,0.37,2021-11-16,758,N,VIIRS,n,2,300.86,4.53,D,0
31.94308,74.50424,331.06,0.41,0.37,2021-11-16,758,N,VIIRS,n,2,297.66,1.84,D,0
31.94554,73.23954,334.4,0.44,0.38,2021-11-16,758,N,VIIRS,n,2,301.4,2.84,D,0
31.94801,73.25343,331.09,0.44,0.38,2021-11-16,758,N,VIIRS,n,2,300.52,1.38,D,0
31.94863,73.2774,332.31,0.44,0.38,2021-11-16,758,N,VIIRS,n,2,304.65,2.03,D,0
31.94876,75.68079,334.14,0.39,0.36,2021-11-16,758,N,VIIRS,n,2,303.22,2.3,D,0
31.94945,73.19983,340.02,0.44,0.39,2021-11-16,758,N,VIIRS,n,2,302.25,6.43,D,0
31.95213,73.27654,336.87,0.44,0.38,2021-11-16,758,N,VIIRS,n,2,300.18,2.66,D,0
31.95261,74.76982,332.53,0.4,0.37,2021-11-16,758,N,VIIRS,n,2,297.46,5.64,D,0
31.9532,74.5019,338.61,0.41,0.37,2021-11-16,758,N,VIIRS,n,2,298.4,2.57,D,0
31.95448,74.65571,340.78,0.4,0.37,2021-11-16,758,N,VIIRS,n,2,298.28,3.64,D,0
31.95497,73.33355,333.63,0.44,0.38,2021-11-16,758,N,VIIRS,l,2,305.56,5.61,D,0
31.95784,74.65495,356.48,0.4,0.37,2021-11-16,758,N,VIIRS,n,2,303.78,19.35,D,0
31.95909,74.55794,334.24,0.4,0.37,2021-11-16,758,N,VIIRS,n,2,298.03,3.25,D,0
31.95965,75.09219,331.9,0.39,0.36,2021-11-16,758,N,VIIRS,n,2,299.76,2.36,D,0
31.96112,75.18623,330.74,0.39,0.36,2021-11-16,758,N,VIIRS,n,2,304.2,1.1,D,0
31.96246,74.55716,334.64,0.4,0.37,2021-11-16,758,N,VIIRS,n,2,299.13,4.74,D,0
31.9706,74.48017,330.31,0.41,0.37,2021-11-16,758,N,VIIRS,n,2,298.55,0.99,D,0
31.97312,70.54475,340.45,0.39,0.44,2021-11-16,758,N,VIIRS,n,2,299.8,3,D,0
31.97317,72.25654,330.4,0.48,0.4,2021-11-16,758,N,VIIRS,n,2,299.92,2.74,D,0
31.97378,74.45728,341.78,0.41,0.37,2021-11-16,758,N,VIIRS,n,2,300.95,5.02,D,0
31.97641,73.28985,335.93,0.44,0.38,2021-11-16,758,N,VIIRS,n,2,307.85,11.41,D,0
31.98052,74.62339,345.9,0.4,0.37,2021-11-16,758,N,VIIRS,n,2,299.46,5.97,D,0
31.98055,74.41302,340.22,0.41,0.37,2021-11-16,758,N,VIIRS,n,2,300.08,2.94,D,0
31.98076,75.02341,333.06,0.4,0.37,2021-11-16,758,N,VIIRS,n,2,301.92,3.96,D,0
31.98145,75.02757,331.15,0.4,0.37,2021-11-16,758,N,VIIRS,n,2,299.57,3.96,D,0
31.98177,74.60992,345.42,0.4,0.37,2021-11-16,758,N,VIIRS,n,2,299.48,3.31,D,0
31.98479,75.02682,332.36,0.4,0.37,2021-11-16,758,N,VIIRS,n,2,299.63,3.75,D,0
31.9952,74.8167,331.94,0.4,0.37,2021-11-16,758,N,VIIRS,n,2,297.53,3.38,D,0
31.99625,74.48474,333.96,0.41,0.37,2021-11-16,758,N,VIIRS,n,2,302.36,5,D,0
31.99859,74.60604,330.05,0.4,0.37,2021-11-16,758,N,VIIRS,n,2,297.75,1.29,D,0
32.00281,74.63143,336.38,0.4,0.37,2021-11-16,758,N,VIIRS,n,2,297.75,3.31,D,0
32.00805,70.90436,332.15,0.56,0.43,2021-11-16,758,N,VIIRS,n,2,299.68,3.53,D,0
32.00919,74.5612,344.13,0.4,0.37,2021-11-16,758,N,VIIRS,n,2,298.27,4.45,D,0
32.01343,74.84296,341.26,0.4,0.37,2021-11-16,758,N,VIIRS,n,2,296.45,2.82,D,0
32.01768,72.4756,333.66,0.47,0.4,2021-11-16,758,N,VIIRS,n,2,300.78,2.67,D,0
32.02215,74.57582,332.59,0.4,0.37,2021-11-16,758,N,VIIRS,n,2,299.68,1.46,D,0
32.02662,70.33113,345.57,0.4,0.44,2021-11-16,758,N,VIIRS,n,2,303.24,5.12,D,0
32.02736,73.35104,336.97,0.44,0.38,2021-11-16,758,N,VIIRS,n,2,304.26,3.28,D,0
32.02837,74.32172,339.76,0.41,0.37,2021-11-16,758,N,VIIRS,n,2,303.16,5.42,D,0
32.0291,74.32602,342.19,0.41,0.37,2021-11-16,758,N,VIIRS,n,2,302.07,5.42,D,0
32.02962,74.745,332.66,0.4,0.37,2021-11-16,758,N,VIIRS,n,2,300.42,3.41,D,0
32.03102,73.24926,331.51,0.44,0.38,2021-11-16,758,N,VIIRS,n,2,299.7,2.24,D,0
32.03176,74.32093,339.08,0.41,0.37,2021-11-16,758,N,VIIRS,n,2,301.59,4.33,D,0
32.03205,74.55151,345.37,0.4,0.37,2021-11-16,758,N,VIIRS,n,2,297.94,4.12,D,0
32.03225,73.56644,330.18,0.43,0.38,2021-11-16,758,N,VIIRS,n,2,302.11,1.59,D,0
32.03421,74.73087,336.2,0.4,0.37,2021-11-16,758,N,VIIRS,n,2,298.1,1.98,D,0
32.03794,74.69067,331.18,0.4,0.37,2021-11-16,758,N,VIIRS,n,2,298.73,2.9,D,0
32.03875,73.55699,337.04,0.43,0.38,2021-11-16,758,N,VIIRS,n,2,301.81,4.84,D,0
32.04106,73.55489,336.35,0.43,0.38,2021-11-16,758,N,VIIRS,n,2,300.75,3.61,D,0
32.04185,73.55941,331.11,0.43,0.38,2021-11-16,758,N,VIIRS,l,2,302.66,1.35,D,0
32.04305,74.87528,332.75,0.4,0.37,2021-11-16,758,N,VIIRS,n,2,299.65,24.42,D,0
32.05341,74.44934,339.28,0.41,0.37,2021-11-16,758,N,VIIRS,n,2,299.83,4.21,D,0
32.0547,70.89167,330.85,0.56,0.43,2021-11-16,758,N,VIIRS,n,2,300.64,3.73,D,0
32.05549,73.325,332.59,0.44,0.38,2021-11-16,758,N,VIIRS,n,2,300.43,1.54,D,0
32.06639,74.46404,335.47,0.41,0.37,2021-11-16,758,N,VIIRS,n,2,300.14,4.92,D,0
32.06945,73.32157,332.9,0.44,0.38,2021-11-16,758,N,VIIRS,n,2,302.11,1.95,D,0
32.07034,74.52943,335.89,0.4,0.37,2021-11-16,758,N,VIIRS,n,2,299.43,2.48,D,0
32.0709,74.90944,332.3,0.4,0.37,2021-11-16,758,N,VIIRS,n,2,297.46,2.38,D,0
32.07439,75.08836,333.03,0.39,0.36,2021-11-16,758,N,VIIRS,n,2,299.11,3.53,D,0
32.07618,74.50158,332.17,0.4,0.37,2021-11-16,758,N,VIIRS,n,2,297.74,1.49,D,0
32.07689,74.50583,331.28,0.4,0.37,2021-11-16,758,N,VIIRS,n,2,299.45,3.37,D,0
32.0785,74.53636,336.05,0.4,0.37,2021-11-16,758,N,VIIRS,n,2,301.44,4.99,D,0
32.08807,74.46786,347.15,0.41,0.37,2021-11-16,758,N,VIIRS,n,2,303.94,10.09,D,0
32.08814,74.46861,347.19,0.4,0.37,2021-11-16,758,N,VIIRS,n,2,302.71,9.16,D,0
32.08926,74.62189,332.11,0.4,0.37,2021-11-16,758,N,VIIRS,n,2,298.77,2.45,D,0
32.09116,75.19183,330.02,0.39,0.36,2021-11-16,758,N,VIIRS,n,2,299,1.37,D,0
32.09172,75.09875,330.98,0.39,0.36,2021-11-16,758,N,VIIRS,n,2,298.43,0.85,D,0
32.09267,74.53748,336.41,0.4,0.37,2021-11-16,758,N,VIIRS,n,2,298.29,3.28,D,0
32.09283,73.33022,341.43,0.44,0.38,2021-11-16,758,N,VIIRS,n,2,303.25,6.21,D,0
32.09338,74.54173,331.37,0.4,0.37,2021-11-16,758,N,VIIRS,n,2,297.67,3.28,D,0
32.094,73.76765,332.47,0.42,0.38,2021-11-16,758,N,VIIRS,n,2,304.24,1.92,D,0
32.09928,75.1871,330.6,0.39,0.36,2021-11-16,758,N,VIIRS,n,2,298.39,1.92,D,0
32.10618,74.51304,340.88,0.4,0.37,2021-11-16,758,N,VIIRS,n,2,299.79,4.05,D,0
32.11048,73.18774,333.64,0.44,0.38,2021-11-16,758,N,VIIRS,n,2,303.21,3.47,D,0
32.11057,75.17172,334.44,0.39,0.36,2021-11-16,758,N,VIIRS,n,2,298.63,2.3,D,0
32.11295,73.60944,332.08,0.43,0.38,2021-11-16,758,N,VIIRS,n,2,303.34,2.16,D,0
32.11666,73.18138,331.37,0.44,0.38,2021-11-16,758,N,VIIRS,n,2,299.44,4.46,D,0
32.11815,74.56318,337.33,0.4,0.37,2021-11-16,758,N,VIIRS,n,2,299.78,8.26,D,0
32.12217,73.5179,333.46,0.43,0.38,2021-11-16,758,N,VIIRS,n,2,303.5,2.52,D,0
32.12243,75.11761,331.25,0.39,0.36,2021-11-16,758,N,VIIRS,n,2,298.18,1.32,D,0
32.12262,74.34067,331.59,0.41,0.37,2021-11-16,758,N,VIIRS,n,2,300.63,1.75,D,0
32.12386,73.4655,337.71,0.43,0.38,2021-11-16,758,N,VIIRS,n,2,303.78,4.8,D,0
32.12919,74.67036,352.09,0.4,0.37,2021-11-16,758,N,VIIRS,n,2,297.71,6.12,D,0
32.13261,75.22241,329,0.39,0.36,2021-11-16,758,N,VIIRS,n,2,298.89,1.34,D,0
32.13277,74.33829,338.03,0.41,0.37,2021-11-16,758,N,VIIRS,n,2,302.53,3.26,D,0
32.13294,75.05508,329.21,0.39,0.36,2021-11-16,758,N,VIIRS,n,2,296.96,0.95,D,0
32.13533,73.79932,340.93,0.42,0.38,2021-11-16,758,N,VIIRS,n,2,306.89,3.75,D,0
32.13876,73.7985,347.83,0.42,0.38,2021-11-16,758,N,VIIRS,n,2,307.47,13.04,D,0
32.13908,75.11386,330.77,0.39,0.36,2021-11-16,758,N,VIIRS,n,2,297.77,2.24,D,0
32.14178,75.13042,330.59,0.39,0.36,2021-11-16,758,N,VIIRS,n,2,298.18,2.97,D,0
32.15269,74.5816,339.39,0.4,0.37,2021-11-16,758,N,VIIRS,n,2,299.5,4.04,D,0
32.15428,74.31988,347.45,0.41,0.37,2021-11-16,758,N,VIIRS,n,2,302.12,5.81,D,0
32.15534,74.65997,331.9,0.4,0.37,2021-11-16,758,N,VIIRS,n,2,300.54,5.44,D,0
32.15575,73.50163,354.6,0.43,0.38,2021-11-16,758,N,VIIRS,n,2,306.03,11.47,D,0
32.15888,75.02338,335.08,0.39,0.37,2021-11-16,758,N,VIIRS,n,2,297.96,3.04,D,0
32.1591,75.13081,334.14,0.39,0.36,2021-11-16,758,N,VIIRS,n,2,300.13,2.54,D,0
32.15921,73.50079,351.18,0.43,0.38,2021-11-16,758,N,VIIRS,n,2,311.11,18.21,D,0
32.16027,73.48637,343.01,0.43,0.38,2021-11-16,758,N,VIIRS,n,2,302.19,4.23,D,0
32.161,74.38068,338.43,0.41,0.37,2021-11-16,758,N,VIIRS,n,2,299.79,3.47,D,0
32.16268,73.49995,339.54,0.43,0.38,2021-11-16,758,N,VIIRS,n,2,304.36,18.21,D,0
32.16324,75.28391,328.35,0.39,0.36,2021-11-16,758,N,VIIRS,n,2,297.62,1.97,D,0
32.16387,75.22396,340.65,0.39,0.36,2021-11-16,758,N,VIIRS,n,2,299.74,2.48,D,0
32.16632,74.60042,333.04,0.4,0.37,2021-11-16,758,N,VIIRS,n,2,297.97,3.42,D,0
32.16951,74.57771,343.01,0.4,0.37,2021-11-16,758,N,VIIRS,n,2,301.23,8.29,D,0
32.1697,74.36974,342.67,0.41,0.37,2021-11-16,758,N,VIIRS,n,2,302.3,4.94,D,0
32.17221,75.02036,335.83,0.39,0.37,2021-11-16,758,N,VIIRS,n,2,302.18,1.71,D,0
32.17314,75.17481,329.91,0.39,0.36,2021-11-16,758,N,VIIRS,n,2,298.66,2.79,D,0
32.17601,73.5344,331,0.43,0.38,2021-11-16,758,N,VIIRS,n,2,304.2,1.36,D,0
32.17711,75.15678,333.54,0.39,0.36,2021-11-16,758,N,VIIRS,n,2,297.41,1.75,D,0
32.17846,75.16505,331.51,0.39,0.36,2021-11-16,758,N,VIIRS,n,2,298.2,3.11,D,0
32.1791,75.14777,330.12,0.39,0.36,2021-11-16,758,N,VIIRS,n,2,297.96,2.33,D,0
32.17994,74.95442,333.32,0.4,0.37,2021-11-16,758,N,VIIRS,n,2,298.49,2.41,D,0
32.18697,75.03908,333.58,0.39,0.36,2021-11-16,758,N,VIIRS,n,2,297.89,2.69,D,0
32.19588,74.79906,333.27,0.4,0.37,2021-11-16,758,N,VIIRS,n,2,299.3,2.05,D,0
32.19699,73.18349,340.37,0.44,0.38,2021-11-16,758,N,VIIRS,n,2,298.73,4.99,D,0
32.19768,74.47414,347.47,0.4,0.37,2021-11-16,758,N,VIIRS,n,2,302.19,4.1,D,0
32.19834,74.47495,344.25,0.4,0.37,2021-11-16,758,N,VIIRS,n,2,301.44,4.1,D,0
32.19843,75.18198,335.12,0.39,0.36,2021-11-16,758,N,VIIRS,n,2,298.56,3.27,D,0
32.19981,74.4869,332.84,0.4,0.37,2021-11-16,758,N,VIIRS,n,2,299.17,1.63,D,0
32.2005,74.4877,330.01,0.4,0.37,2021-11-16,758,N,VIIRS,n,2,299.6,1.34,D,0
32.20132,73.51412,331.47,0.43,0.38,2021-11-16,758,N,VIIRS,n,2,302.57,1.26,D,0
32.20708,75.21428,331.74,0.39,0.36,2021-11-16,758,N,VIIRS,n,2,298.43,3.21,D,0
32.20935,71.14353,330.94,0.54,0.42,2021-11-16,758,N,VIIRS,n,2,297.36,2.78,D,0
32.20972,75.31618,341.39,0.39,0.36,2021-11-16,758,N,VIIRS,n,2,298.8,5.53,D,0
32.21276,74.3117,354.2,0.41,0.37,2021-11-16,758,N,VIIRS,n,2,303.94,14.36,D,0
32.21569,74.39115,335.83,0.41,0.37,2021-11-16,758,N,VIIRS,n,2,302.02,1.71,D,0
32.22067,73.1728,337.24,0.44,0.38,2021-11-16,758,N,VIIRS,n,2,299.89,4.72,D,0
32.22334,73.1673,332.01,0.44,0.38,2021-11-16,758,N,VIIRS,n,2,298.43,2.84,D,0
32.22418,73.17194,334.09,0.44,0.38,2021-11-16,758,N,VIIRS,n,2,298.47,2.84,D,0
32.22799,74.4016,332.31,0.41,0.37,2021-11-16,758,N,VIIRS,n,2,301.46,3.12,D,0
32.22825,75.36743,342.73,0.39,0.36,2021-11-16,758,N,VIIRS,n,2,299.07,4.41,D,0
32.23214,74.97713,329.7,0.39,0.37,2021-11-16,758,N,VIIRS,n,2,299.75,2,D,0
32.24051,74.57978,334.34,0.4,0.37,2021-11-16,758,N,VIIRS,n,2,299.69,2.26,D,0
32.24077,75.36932,346.66,0.39,0.36,2021-11-16,758,N,VIIRS,n,2,300.46,8.69,D,0
32.24123,74.90592,334.45,0.4,0.37,2021-11-16,758,N,VIIRS,n,2,299.27,4.28,D,0
32.24342,73.34023,337.84,0.43,0.38,2021-11-16,758,N,VIIRS,n,2,299.59,4.25,D,0
32.24651,74.574,333.79,0.4,0.37,2021-11-16,758,N,VIIRS,n,2,300.07,3.29,D,0
32.24948,74.32094,347.34,0.41,0.37,2021-11-16,758,N,VIIRS,n,2,300.49,8.31,D,0
32.2502,74.32523,332.77,0.41,0.37,2021-11-16,758,N,VIIRS,n,2,301.35,4.11,D,0
32.25571,74.54547,334.65,0.4,0.37,2021-11-16,758,N,VIIRS,n,2,298.9,1.96,D,0
32.25869,75.33126,342.99,0.39,0.36,2021-11-16,758,N,VIIRS,n,2,298.58,5.87,D,0
32.262,75.33053,344.96,0.39,0.36,2021-11-16,758,N,VIIRS,n,2,299.94,5.87,D,0
32.26267,75.33464,332.07,0.39,0.36,2021-11-16,758,N,VIIRS,n,2,297.31,5.87,D,0
32.26466,75.34697,333.35,0.39,0.36,2021-11-16,758,N,VIIRS,n,2,299.2,1.84,D,0
32.26883,74.96881,329.53,0.39,0.37,2021-11-16,758,N,VIIRS,l,2,299.62,1.84,D,0
32.27252,74.54157,330.41,0.4,0.37,2021-11-16,758,N,VIIRS,n,2,299.94,2.42,D,0
32.27395,75.2767,332.52,0.39,0.36,2021-11-16,758,N,VIIRS,n,2,300.88,2.54,D,0
32.2746,75.36604,337.37,0.39,0.36,2021-11-16,758,N,VIIRS,n,2,299.25,3,D,0
32.28739,74.7354,330.67,0.4,0.37,2021-11-16,758,N,VIIRS,n,2,297.61,1.92,D,0
32.29327,74.37385,332.11,0.41,0.37,2021-11-16,758,N,VIIRS,n,2,299.78,1.75,D,0
32.29716,74.68947,333.45,0.4,0.37,2021-11-16,758,N,VIIRS,n,2,299.35,1.84,D,0
32.29817,74.86343,339.58,0.4,0.37,2021-11-16,758,N,VIIRS,n,2,299.99,3.15,D,0
32.30957,74.74339,333.55,0.4,0.37,2021-11-16,758,N,VIIRS,n,2,299.71,2.39,D,0
32.31163,74.54572,346.45,0.4,0.37,2021-11-16,758,N,VIIRS,n,2,300.68,7.09,D,0
32.3195,73.58628,331.74,0.43,0.38,2021-11-16,758,N,VIIRS,n,2,299.49,2.52,D,0
32.32469,74.81395,329.76,0.4,0.37,2021-11-16,758,N,VIIRS,n,2,297.41,2.74,D,0
32.32803,74.81319,333.93,0.4,0.37,2021-11-16,758,N,VIIRS,n,2,297.72,2.74,D,0
32.3292,74.77811,332.08,0.4,0.37,2021-11-16,758,N,VIIRS,n,2,296.79,2.51,D,0
32.33243,74.75558,352.6,0.4,0.37,2021-11-16,758,N,VIIRS,n,2,300.14,9.01,D,0
32.33361,73.17551,331.09,0.44,0.38,2021-11-16,758,N,VIIRS,n,2,299.06,2.61,D,0
32.33444,73.18014,330.88,0.44,0.38,2021-11-16,758,N,VIIRS,n,2,297.8,3.32,D,0
32.3361,74.82004,347.44,0.4,0.37,2021-11-16,758,N,VIIRS,n,2,298.87,7.15,D,0
32.33785,74.76741,332.25,0.4,0.37,2021-11-16,758,N,VIIRS,n,2,299.45,10.15,D,0
32.34553,75.38006,326.9,0.39,0.36,2021-11-16,758,N,VIIRS,l,2,298.02,1.02,D,0
32.3462,74.68761,330.89,0.4,0.37,2021-11-16,758,N,VIIRS,n,2,300.08,1.75,D,0
32.34797,75.38019,329.05,0.39,0.36,2021-11-16,758,N,VIIRS,l,2,299.08,1.75,D,0
32.35182,74.72125,333.46,0.4,0.37,2021-11-16,758,N,VIIRS,n,2,301.06,3.32,D,0
32.35273,74.58093,346.69,0.4,0.37,2021-11-16,758,N,VIIRS,n,2,300.83,7.76,D,0
32.36262,74.55664,330.67,0.4,0.37,2021-11-16,758,N,VIIRS,n,2,299.6,2.11,D,0
32.36271,74.34871,338.08,0.41,0.37,2021-11-16,758,N,VIIRS,n,2,300.59,3.53,D,0
32.36287,74.76667,332.66,0.4,0.37,2021-11-16,758,N,VIIRS,n,2,299.19,3.23,D,0
32.37212,74.34206,332.95,0.41,0.37,2021-11-16,758,N,VIIRS,n,2,298.84,2.74,D,0
32.37375,74.51883,343.4,0.4,0.37,2021-11-16,758,N,VIIRS,n,2,298.56,5.29,D,0
32.37621,74.34554,331.98,0.41,0.37,2021-11-16,758,N,VIIRS,n,2,299.35,3.49,D,0
32.37764,74.772,333.98,0.4,0.37,2021-11-16,758,N,VIIRS,n,2,298.14,1.95,D,0
32.37815,74.64962,332.46,0.4,0.37,2021-11-16,758,N,VIIRS,n,2,299.51,2.23,D,0
32.38284,72.31445,337.31,0.47,0.4,2021-11-16,758,N,VIIRS,n,2,298.42,4.22,D,0
32.38961,74.65573,332.59,0.4,0.37,2021-11-16,758,N,VIIRS,n,2,297.83,3.16,D,0
32.39156,74.39527,329.92,0.4,0.37,2021-11-16,758,N,VIIRS,n,2,300.6,2.38,D,0
32.39493,74.7506,335.42,0.4,0.37,2021-11-16,758,N,VIIRS,n,2,298.69,2.72,D,0
32.40786,74.57694,336.24,0.4,0.37,2021-11-16,758,N,VIIRS,n,2,301.01,3.67,D,0
32.41319,73.48028,340.81,0.43,0.38,2021-11-16,758,N,VIIRS,n,2,299.61,2.41,D,0
32.42051,74.27451,332.94,0.41,0.37,2021-11-16,758,N,VIIRS,n,2,299.03,2.71,D,0
32.42123,74.27882,332.36,0.41,0.37,2021-11-16,758,N,VIIRS,n,2,297.81,2.27,D,0
32.42422,74.7177,331.91,0.4,0.37,2021-11-16,758,N,VIIRS,n,2,297.66,2.73,D,0
32.4323,74.24043,332.61,0.41,0.37,2021-11-16,758,N,VIIRS,n,2,301.73,2.47,D,0
32.43236,74.30297,330.08,0.41,0.37,2021-11-16,758,N,VIIRS,n,2,298.49,3.24,D,0
32.43335,74.79405,329.75,0.4,0.37,2021-11-16,758,N,VIIRS,l,2,301.64,1.81,D,0
32.43347,74.5842,333.72,0.4,0.37,2021-11-16,758,N,VIIRS,n,2,299.06,1.59,D,0
32.43385,74.5814,331.15,0.4,0.37,2021-11-16,758,N,VIIRS,n,2,298.3,1.62,D,0
32.43446,73.31078,331.4,0.43,0.38,2021-11-16,758,N,VIIRS,n,2,299.07,2.83,D,0
32.4346,73.31384,333.1,0.43,0.38,2021-11-16,758,N,VIIRS,n,2,299.4,2.57,D,0
32.43661,74.20358,331.75,0.41,0.37,2021-11-16,758,N,VIIRS,n,2,298.67,3.79,D,0
32.43692,74.7104,334.87,0.4,0.37,2021-11-16,758,N,VIIRS,n,2,300.57,2.36,D,0
32.43856,73.39848,334.29,0.43,0.38,2021-11-16,758,N,VIIRS,n,2,300.95,6.37,D,0
32.44027,74.70964,332.02,0.4,0.37,2021-11-16,758,N,VIIRS,n,2,298.96,2.36,D,0
32.44623,73.17352,338.1,0.44,0.38,2021-11-16,758,N,VIIRS,n,2,299.85,4.82,D,0
32.44692,73.36008,330.49,0.43,0.38,2021-11-16,758,N,VIIRS,n,2,297.56,5.02,D,0
32.44893,74.69891,331.71,0.4,0.37,2021-11-16,758,N,VIIRS,n,2,300.84,2.33,D,0
32.46022,73.87283,331.02,0.42,0.37,2021-11-16,758,N,VIIRS,n,2,299.7,2.48,D,0
32.46659,73.22625,333.53,0.44,0.38,2021-11-16,758,N,VIIRS,n,2,300.54,4.02,D,0
32.47416,73.72683,333.46,0.42,0.38,2021-11-16,758,N,VIIRS,n,2,298.6,3.95,D,0
32.47464,73.91509,333.23,0.42,0.37,2021-11-16,758,N,VIIRS,n,2,300.09,2.47,D,0
32.47541,73.21446,332.81,0.44,0.38,2021-11-16,758,N,VIIRS,n,2,297.44,3.05,D,0
32.47971,73.1362,335.81,0.44,0.38,2021-11-16,758,N,VIIRS,n,2,300.6,2.47,D,0
32.48291,74.6665,331.99,0.4,0.37,2021-11-16,758,N,VIIRS,n,2,299.04,2.03,D,0
32.48906,74.7872,331.79,0.4,0.37,2021-11-16,758,N,VIIRS,n,2,297.49,2.49,D,0
32.49172,73.78719,331.73,0.42,0.38,2021-11-16,758,N,VIIRS,n,2,299.31,4.49,D,0
32.49225,73.18622,331.55,0.44,0.38,2021-11-16,758,N,VIIRS,n,2,300.91,5.67,D,0
32.49744,74.73302,330.76,0.4,0.37,2021-11-16,758,N,VIIRS,n,2,298.36,1.71,D,0
32.49848,74.42522,332.2,0.4,0.37,2021-11-16,758,N,VIIRS,n,2,301.09,2.51,D,0
32.50613,73.87096,330.45,0.42,0.37,2021-11-16,758,N,VIIRS,n,2,298.59,1.9,D,0
32.51681,73.75484,332.22,0.42,0.38,2021-11-16,758,N,VIIRS,n,2,299.22,2.11,D,0
32.52477,74.8355,331.81,0.4,0.37,2021-11-16,758,N,VIIRS,n,2,297.94,1.75,D,0
32.52615,74.71767,331.21,0.4,0.37,2021-11-16,758,N,VIIRS,n,2,297.81,2.28,D,0
32.53111,73.85709,334.91,0.42,0.37,2021-11-16,758,N,VIIRS,n,2,300.16,3.82,D,0
32.53646,73.49878,330.1,0.43,0.38,2021-11-16,758,N,VIIRS,n,2,298.46,2.12,D,0
32.53856,73.77725,329.53,0.42,0.38,2021-11-16,758,N,VIIRS,n,2,299.48,1.45,D,0
32.54712,73.94914,336.07,0.41,0.37,2021-11-16,758,N,VIIRS,n,2,298.37,3.77,D,0
32.54805,73.77036,341.86,0.42,0.38,2021-11-16,758,N,VIIRS,n,2,299.61,3.64,D,0
32.56633,74.51621,330.97,0.4,0.37,2021-11-16,758,N,VIIRS,n,2,297.45,1.56,D,0
32.57182,74.3823,339.23,0.4,0.37,2021-11-16,758,N,VIIRS,n,2,300.19,5.06,D,0
32.59672,73.88711,347.39,0.42,0.37,2021-11-16,758,N,VIIRS,n,2,301.66,5.97,D,0
32.62039,74.54765,328.43,0.4,0.37,2021-11-16,758,N,VIIRS,n,2,298.32,2.48,D,0
32.6461,74.68197,334.99,0.4,0.37,2021-11-16,758,N,VIIRS,n,2,297.56,1.9,D,0
32.69316,74.51846,352.05,0.4,0.37,2021-11-16,758,N,VIIRS,n,2,299.41,6.3,D,0
32.77012,74.55839,331.6,0.4,0.37,2021-11-16,758,N,VIIRS,n,2,297.56,1.65,D,0
32.78825,74.64626,333.4,0.4,0.37,2021-11-16,758,N,VIIRS,n,2,297.37,1.89,D,0
32.7902,74.63705,328.14,0.4,0.37,2021-11-16,758,N,VIIRS,n,2,296.5,1.46,D,0
33.2944,74.104,332.07,0.4,0.37,2021-11-16,758,N,VIIRS,n,2,296.48,5.36,D,0
33.29513,74.10838,343.12,0.4,0.37,2021-11-16,758,N,VIIRS,n,2,298.21,13.77,D,0
33.29587,74.11277,330.19,0.4,0.37,2021-11-16,758,N,VIIRS,n,2,294.03,13.77,D,0
33.29849,74.10755,337.32,0.4,0.37,2021-11-16,758,N,VIIRS,n,2,300.23,13.77,D,0
35.34532,73.76241,328.34,0.4,0.37,2021-11-16,759,N,VIIRS,n,2,283.59,3.01,D,0
33.5898,70.7041,299.9,0.4,0.6,2021-11-16,2020,N,VIIRS,n,2,278.6,0.82,N,0
33.59005,70.70015,301.38,0.4,0.6,2021-11-16,2020,N,VIIRS,n,2,278.79,0.82,N,0
33.59565,70.70004,302.34,0.4,0.6,2021-11-16,2020,N,VIIRS,n,2,279.45,0.82,N,0
33.60673,70.70187,297.15,0.4,0.6,2021-11-16,2020,N,VIIRS,n,2,279.96,0.96,N,0
33.61198,70.70725,296.66,0.4,0.6,2021-11-16,2020,N,VIIRS,n,2,278.54,1.67,N,0
33.61224,70.70317,323.55,0.4,0.6,2021-11-16,2020,N,VIIRS,n,2,280.38,1.67,N,0
33.61253,70.69873,300.1,0.4,0.6,2021-11-16,2020,N,VIIRS,n,2,278.48,1.87,N,0
33.68761,72.71207,296.25,0.61,0.53,2021-11-16,2020,N,VIIRS,n,2,281.8,1.73,N,2
33.7029,70.48169,304.9,0.41,0.61,2021-11-16,2020,N,VIIRS,n,2,277.04,0.99,N,0
33.90192,71.91564,297.63,0.34,0.56,2021-11-16,2020,N,VIIRS,n,2,284.85,0.42,N,2
29.36078,76.95525,298.3,0.48,0.4,2021-11-16,2021,N,VIIRS,n,2,285.18,0.71,N,0
29.49301,75.02267,303.01,0.4,0.44,2021-11-16,2021,N,VIIRS,n,2,282.38,0.77,N,0
30.27999,71.62526,302.84,0.32,0.55,2021-11-16,2021,N,VIIRS,n,2,283.94,0.39,N,0
30.32799,70.53647,305.87,0.38,0.58,2021-11-16,2021,N,VIIRS,n,2,289.35,1.15,N,2
30.45035,74.70346,296.1,0.43,0.46,2021-11-16,2021,N,VIIRS,n,2,283.52,0.78,N,0
31.25868,76.92551,295.38,0.5,0.41,2021-11-16,2021,N,VIIRS,n,2,283.36,0.46,N,2
32.28775,70.73871,300.81,0.38,0.59,2021-11-16,2021,N,VIIRS,n,2,287.79,0.96,N,2
32.28801,70.73818,305.49,0.38,0.59,2021-11-16,2021,N,VIIRS,n,2,288.87,1.34,N,2
32.29324,70.73919,297.82,0.38,0.59,2021-11-16,2021,N,VIIRS,n,2,287.36,0.96,N,2
32.2935,70.73869,297.86,0.38,0.59,2021-11-16,2021,N,VIIRS,n,2,286.71,0.78,N,2
32.72746,73.14159,297.96,0.56,0.51,2021-11-16,2021,N,VIIRS,n,2,286.7,0.96,N,2
32.72796,73.14186,297.08,0.56,0.51,2021-11-16,2021,N,VIIRS,n,2,286.28,0.83,N,2
32.89116,71.61542,299.08,0.34,0.56,2021-11-16,2021,N,VIIRS,n,2,286.78,0.89,N,2
28.63544,76.89036,298.77,0.47,0.4,2021-11-16,2022,N,VIIRS,n,2,285.51,0.75,N,0
28.83897,77.15441,295.96,0.46,0.39,2021-11-16,2022,N,VIIRS,n,2,283.67,0.48,N,0
29.12542,75.77982,307.09,0.54,0.42,2021-11-16,2022,N,VIIRS,n,2,285.65,2.22,N,2
23.68948,74.09686,297.03,0.39,0.44,2021-11-16,2023,N,VIIRS,n,2,285.96,0.25,N,0
23.69028,74.09589,297.05,0.39,0.44,2021-11-16,2023,N,VIIRS,n,2,286.51,0.49,N,0
24.71495,75.95316,304.07,0.48,0.4,2021-11-16,2023,N,VIIRS,n,2,287.4,1.14,N,2
24.76434,74.61037,306.48,0.56,0.43,2021-11-16,2023,N,VIIRS,n,2,291.4,2.54,N,2
25.15526,67.70195,299.7,0.5,0.66,2021-11-16,2023,N,VIIRS,n,2,289.65,0.49,N,2
25.40044,68.56531,318.3,0.44,0.62,2021-11-16,2023,N,VIIRS,n,2,286.1,1.1,N,2
25.40067,68.56784,303.05,0.44,0.62,2021-11-16,2023,N,VIIRS,n,2,285.49,0.82,N,2
25.40104,68.56334,300.26,0.44,0.62,2021-11-16,2023,N,VIIRS,n,2,285.12,0.98,N,0
32.28935,70.73892,306.78,0.57,0.69,2021-11-16,2201,N,VIIRS,n,2,289.38,1.83,N,2
32.88714,71.61694,301.24,0.61,0.71,2021-11-16,2201,N,VIIRS,n,2,285.53,1.41,N,2
32.89665,71.60831,297.82,0.61,0.71,2021-11-16,2201,N,VIIRS,n,2,284.86,0.99,N,2
33.60675,70.7112,298.15,0.53,0.67,2021-11-16,2201,N,VIIRS,n,2,279.52,1.4,N,0
33.9067,71.9142,295.48,0.59,0.7,2021-11-16,2201,N,VIIRS,n,2,283.21,1.21,N,0
30.32844,70.54198,297.78,0.62,0.71,2021-11-16,2202,N,VIIRS,n,2,286.28,1,N,2
25.05095,67.49744,308.17,0.55,0.68,2021-11-16,2203,N,VIIRS,n,2,289.6,2.55,N,2
25.15765,67.70293,300.34,0.56,0.69,2021-11-16,2203,N,VIIRS,n,2,289.27,0.71,N,2
25.3986,68.56721,303.84,0.63,0.72,2021-11-16,2203,N,VIIRS,n,2,284.38,0.93,N,2
26.16968,61.2451,297.96,0.44,0.46,2021-11-16,2203,N,VIIRS,n,2,287.03,0.5,N,0