latitude,longitude,bright_ti4,scan,track,acq_date,acq_time,satellite,instrument,confidence,version,bright_ti5,frp,daynight,type
29.33768,75.31678,335.63,0.39,0.44,2024-10-16,826,N,VIIRS,l,2,306.52,2.63,D,0
29.33814,75.32084,341.55,0.39,0.44,2024-10-16,826,N,VIIRS,n,2,305.81,4.05,D,0
29.34302,75.25552,345.18,0.39,0.44,2024-10-16,826,N,VIIRS,n,2,305.43,7.81,D,0
29.38493,75.41487,341.95,0.4,0.44,2024-10-16,826,N,VIIRS,n,2,306.58,7.26,D,0
29.47102,75.49174,345.26,0.4,0.44,2024-10-16,826,N,VIIRS,n,2,309.18,6.78,D,0
29.47223,75.49094,342.46,0.4,0.44,2024-10-16,826,N,VIIRS,n,2,308.66,5.82,D,0
29.47361,70.42958,346.48,0.39,0.36,2024-10-16,826,N,VIIRS,n,2,303.94,4.1,D,0
29.47953,70.39972,347.09,0.39,0.36,2024-10-16,826,N,VIIRS,n,2,305.28,5.61,D,0
29.53509,74.48664,335.04,0.53,0.42,2024-10-16,826,N,VIIRS,n,2,299.49,2.95,D,0
29.78227,74.35384,338.99,0.53,0.42,2024-10-16,826,N,VIIRS,n,2,310.59,2.32,D,0
29.83158,70.47444,336.66,0.39,0.36,2024-10-16,826,N,VIIRS,l,2,307.48,2.09,D,0
30.0398,72.73346,346.82,0.45,0.39,2024-10-16,826,N,VIIRS,n,2,304.83,6.95,D,0
30.04535,73.34363,342.01,0.48,0.4,2024-10-16,826,N,VIIRS,n,2,304.92,4.96,D,0
30.0921,73.41743,342.85,0.48,0.4,2024-10-16,826,N,VIIRS,n,2,305.53,5.74,D,0
30.094,73.41531,332.94,0.48,0.4,2024-10-16,826,N,VIIRS,n,2,303.71,3.6,D,0
30.0946,73.42033,330.91,0.48,0.4,2024-10-16,826,N,VIIRS,n,2,302.98,4.32,D,0
30.10229,73.29723,335.36,0.48,0.4,2024-10-16,826,N,VIIRS,l,2,310.27,5.9,D,0
30.14294,72.90587,335.73,0.46,0.39,2024-10-16,826,N,VIIRS,n,2,307.14,2.25,D,0
30.18117,73.31177,338.08,0.48,0.4,2024-10-16,826,N,VIIRS,n,2,307.81,3.72,D,0
30.18251,73.3096,338.12,0.48,0.4,2024-10-16,826,N,VIIRS,n,2,309.03,2.58,D,0
30.18899,70.6329,335.21,0.39,0.36,2024-10-16,826,N,VIIRS,l,2,308.02,4.27,D,0
30.19897,73.30383,338.3,0.48,0.4,2024-10-16,826,N,VIIRS,n,2,306.85,3.02,D,0
30.22016,72.77861,334.25,0.45,0.39,2024-10-16,826,N,VIIRS,n,2,306.23,2.87,D,0
30.22214,72.7765,336.85,0.45,0.39,2024-10-16,826,N,VIIRS,n,2,306.66,3.69,D,0
30.23153,73.14266,335.79,0.47,0.4,2024-10-16,826,N,VIIRS,n,2,308.58,4.41,D,0
30.24681,70.67654,336.94,0.39,0.37,2024-10-16,826,N,VIIRS,n,2,306.25,6.26,D,0
30.25335,70.65011,338.57,0.39,0.36,2024-10-16,826,N,VIIRS,n,2,307.29,2.57,D,0
30.25628,70.09156,344.32,0.39,0.36,2024-10-16,826,N,VIIRS,n,2,310,7.18,D,0
30.2567,70.64948,340.52,0.39,0.36,2024-10-16,826,N,VIIRS,n,2,307.44,5.32,D,0
30.25712,70.62842,349.17,0.39,0.36,2024-10-16,826,N,VIIRS,n,2,313.9,13.41,D,0
30.25848,70.6292,343.99,0.39,0.36,2024-10-16,826,N,VIIRS,l,2,316.82,22.66,D,0
30.28176,72.86045,334.05,0.46,0.39,2024-10-16,826,N,VIIRS,n,2,307.45,3.68,D,0
30.31253,73.35405,344.64,0.48,0.4,2024-10-16,826,N,VIIRS,n,2,307.1,4.06,D,0
30.32097,73.42454,338.41,0.48,0.4,2024-10-16,826,N,VIIRS,n,2,306.67,4.84,D,0
30.32543,73.59797,334.05,0.49,0.4,2024-10-16,826,N,VIIRS,n,2,306.78,2.63,D,0
30.3275,70.67923,333.86,0.39,0.37,2024-10-16,826,N,VIIRS,l,2,307.4,4.48,D,0
30.33246,70.66567,337.33,0.39,0.37,2024-10-16,826,N,VIIRS,n,2,310.91,8.13,D,0
30.33362,70.67386,341.03,0.39,0.37,2024-10-16,826,N,VIIRS,n,2,309.2,3.96,D,0
30.33901,70.6392,367,0.39,0.36,2024-10-16,826,N,VIIRS,h,2,311.38,9.06,D,0
30.33949,73.42159,346.52,0.48,0.4,2024-10-16,826,N,VIIRS,n,2,307.43,7.18,D,0
30.34586,71.98901,338.19,0.43,0.38,2024-10-16,826,N,VIIRS,l,2,310.96,1.98,D,0
30.34789,70.62911,338.12,0.39,0.36,2024-10-16,826,N,VIIRS,l,2,312.22,2.58,D,0
30.34934,71.9884,350.5,0.43,0.38,2024-10-16,826,N,VIIRS,n,2,307.29,8.13,D,0
30.35505,72.91357,336.85,0.46,0.39,2024-10-16,826,N,VIIRS,l,2,307.91,7.09,D,0
30.359,70.70699,337.73,0.4,0.37,2024-10-16,826,N,VIIRS,l,2,309.57,2.13,D,0
30.36596,73.51575,334.48,0.49,0.4,2024-10-16,826,N,VIIRS,l,2,307.77,4.67,D,0
30.39801,73.3148,336.09,0.48,0.4,2024-10-16,826,N,VIIRS,l,2,309.08,3.4,D,0
30.4001,73.31658,339.01,0.48,0.4,2024-10-16,826,N,VIIRS,n,2,307.71,2.98,D,0
30.40944,73.5611,335.98,0.49,0.4,2024-10-16,826,N,VIIRS,l,2,307.75,3.64,D,0
30.41884,71.72587,335.83,0.42,0.38,2024-10-16,826,N,VIIRS,l,2,309.6,3.52,D,0
30.42229,71.72527,347.12,0.42,0.38,2024-10-16,826,N,VIIRS,n,2,305.31,9.09,D,0
30.43695,73.63039,344.85,0.5,0.41,2024-10-16,826,N,VIIRS,n,2,309.1,5.97,D,0
30.43739,73.63276,335.04,0.5,0.41,2024-10-16,826,N,VIIRS,n,2,307.98,3.92,D,0
30.44464,73.50039,335.51,0.49,0.4,2024-10-16,826,N,VIIRS,n,2,308.06,2.14,D,0
30.44923,73.34965,336.45,0.48,0.4,2024-10-16,826,N,VIIRS,n,2,306.18,3.05,D,0
30.46216,73.36299,338.54,0.48,0.4,2024-10-16,826,N,VIIRS,l,2,311.08,8.66,D,0
30.48421,72.20059,335.4,0.43,0.38,2024-10-16,826,N,VIIRS,n,2,307,2.67,D,0
30.48832,73.80628,335.13,0.51,0.41,2024-10-16,826,N,VIIRS,n,2,304.92,8.2,D,0
30.49112,72.31105,333.92,0.44,0.38,2024-10-16,826,N,VIIRS,l,2,308.25,3.63,D,0
30.54507,72.14384,338.94,0.43,0.38,2024-10-16,826,N,VIIRS,n,2,306.52,4.87,D,0
30.55118,72.357,337.86,0.44,0.38,2024-10-16,826,N,VIIRS,n,2,308.03,2.19,D,0
30.56138,73.74112,334.83,0.5,0.41,2024-10-16,826,N,VIIRS,n,2,301.67,5.07,D,0
30.56911,72.90741,335.86,0.46,0.39,2024-10-16,826,N,VIIRS,n,2,306.29,3.85,D,0
30.58023,73.80581,335.01,0.51,0.41,2024-10-16,826,N,VIIRS,n,2,304.7,4.64,D,0
30.5942,73.99509,346.07,0.52,0.41,2024-10-16,826,N,VIIRS,n,2,309.88,11.11,D,0
30.59512,73.41656,336.24,0.49,0.4,2024-10-16,826,N,VIIRS,l,2,309.95,7.83,D,0
30.59802,73.99451,340.45,0.52,0.41,2024-10-16,826,N,VIIRS,n,2,307.92,11.11,D,0
30.60318,73.60941,338.38,0.5,0.41,2024-10-16,826,N,VIIRS,l,2,311.23,8.65,D,0
30.6113,73.64532,341.37,0.5,0.41,2024-10-16,826,N,VIIRS,n,2,309.68,9.86,D,0
30.62129,73.56949,342.37,0.49,0.41,2024-10-16,826,N,VIIRS,n,2,310.39,6.27,D,0
30.62252,73.5482,339.76,0.49,0.41,2024-10-16,826,N,VIIRS,n,2,306.58,3.28,D,0
30.62503,73.5689,343.77,0.49,0.41,2024-10-16,826,N,VIIRS,n,2,307.45,6.27,D,0
30.62572,73.7018,331.66,0.5,0.41,2024-10-16,826,N,VIIRS,n,2,305.88,2.37,D,0
30.63007,73.61048,334.42,0.5,0.41,2024-10-16,826,N,VIIRS,l,2,307.29,3.33,D,0
30.63134,73.84673,348.1,0.51,0.41,2024-10-16,826,N,VIIRS,n,2,309.05,11.04,D,0
30.6379,72.13847,336.22,0.43,0.38,2024-10-16,826,N,VIIRS,n,2,307.33,1.81,D,0
30.64849,73.44243,343.73,0.49,0.4,2024-10-16,826,N,VIIRS,n,2,307.01,7.47,D,0
30.65659,73.7669,339.13,0.51,0.41,2024-10-16,826,N,VIIRS,n,2,311.2,5.78,D,0
30.65662,73.79935,337.24,0.51,0.41,2024-10-16,826,N,VIIRS,n,2,308.34,7.46,D,0
30.6593,73.7646,339.13,0.51,0.41,2024-10-16,826,N,VIIRS,n,2,311.18,14.32,D,0
30.66037,73.76631,339.27,0.51,0.41,2024-10-16,826,N,VIIRS,n,2,306.81,10.07,D,0
30.66042,73.79877,341.71,0.51,0.41,2024-10-16,826,N,VIIRS,n,2,309.17,7.46,D,0
30.66066,73.54544,347.89,0.49,0.41,2024-10-16,826,N,VIIRS,n,2,307.2,5.28,D,0
30.66177,73.90759,331.48,0.51,0.41,2024-10-16,826,N,VIIRS,l,2,305.96,4.77,D,0
30.66425,73.83074,339.81,0.51,0.41,2024-10-16,826,N,VIIRS,n,2,307.68,6.51,D,0
30.66435,74.06215,335.48,0.52,0.42,2024-10-16,826,N,VIIRS,n,2,305.95,2.63,D,0
30.66495,73.90162,341.13,0.51,0.41,2024-10-16,826,N,VIIRS,n,2,308,4.77,D,0
30.66613,73.7906,335.9,0.51,0.41,2024-10-16,826,N,VIIRS,n,2,308.93,3.86,D,0
30.66648,73.69349,334.41,0.5,0.41,2024-10-16,826,N,VIIRS,n,2,307.87,1.83,D,0
30.66735,73.79227,339.3,0.51,0.41,2024-10-16,826,N,VIIRS,n,2,309.03,7.53,D,0
30.66909,75.24619,338.57,0.4,0.44,2024-10-16,826,N,VIIRS,n,2,301.52,3.5,D,0
30.67027,73.86069,333.98,0.51,0.41,2024-10-16,826,N,VIIRS,n,2,306.5,3.18,D,0
30.67663,72.90659,342.2,0.46,0.39,2024-10-16,826,N,VIIRS,n,2,309.19,6.05,D,0
30.67747,73.55863,332.5,0.5,0.41,2024-10-16,826,N,VIIRS,n,2,306.79,2.18,D,0
30.6789,73.88851,336.82,0.51,0.41,2024-10-16,826,N,VIIRS,n,2,307.23,3.92,D,0
30.68094,73.88639,334.76,0.51,0.41,2024-10-16,826,N,VIIRS,n,2,305.65,2.74,D,0
30.6862,74.00143,338.98,0.52,0.42,2024-10-16,826,N,VIIRS,n,2,306.22,3.94,D,0
30.68862,74.00276,342.71,0.52,0.41,2024-10-16,826,N,VIIRS,n,2,306.74,5.47,D,0
30.68979,73.896,335.54,0.51,0.41,2024-10-16,826,N,VIIRS,n,2,309.02,4.44,D,0
30.69003,74.00084,330.95,0.52,0.42,2024-10-16,826,N,VIIRS,l,2,305.48,3.94,D,0
30.69673,73.10339,337.69,0.47,0.4,2024-10-16,826,N,VIIRS,l,2,311.23,4.49,D,0
30.69716,73.10106,340.91,0.47,0.4,2024-10-16,826,N,VIIRS,n,2,310.47,4.77,D,0
30.69936,73.03248,335.04,0.47,0.4,2024-10-16,826,N,VIIRS,n,2,305.05,2.62,D,0
30.69993,73.55508,348.22,0.5,0.41,2024-10-16,826,N,VIIRS,n,2,310.1,6.35,D,0
30.70917,72.9908,333.93,0.47,0.4,2024-10-16,826,N,VIIRS,n,2,307.87,2.48,D,0
30.71008,73.90383,336.05,0.51,0.41,2024-10-16,826,N,VIIRS,n,2,305.63,2.75,D,0
30.71231,72.89574,334.02,0.46,0.39,2024-10-16,826,N,VIIRS,n,2,304.23,2.1,D,0
30.71382,73.93629,347.77,0.52,0.41,2024-10-16,826,N,VIIRS,n,2,310.54,8.05,D,0
30.71438,73.12581,332.79,0.47,0.4,2024-10-16,826,N,VIIRS,l,2,306.83,2.03,D,0
30.71469,72.945,335.34,0.47,0.39,2024-10-16,826,N,VIIRS,l,2,308.39,6.24,D,0
30.7198,73.78764,333.76,0.51,0.41,2024-10-16,826,N,VIIRS,n,2,307.38,2.45,D,0
30.72366,73.65773,339.15,0.5,0.41,2024-10-16,826,N,VIIRS,n,2,310.96,10.54,D,0
30.72435,72.9933,343.61,0.47,0.4,2024-10-16,826,N,VIIRS,n,2,306.18,4.16,D,0
30.7293,73.60882,341.33,0.5,0.41,2024-10-16,826,N,VIIRS,n,2,311.09,5.55,D,0
30.73292,73.93335,337.81,0.52,0.41,2024-10-16,826,N,VIIRS,n,2,306.07,4.2,D,0
30.73306,73.60822,355.98,0.5,0.41,2024-10-16,826,N,VIIRS,n,2,316.74,28.9,D,0
30.73369,73.61346,335.67,0.5,0.41,2024-10-16,826,N,VIIRS,n,2,308.63,5.01,D,0
30.73611,73.92734,333.86,0.52,0.41,2024-10-16,826,N,VIIRS,n,2,305.78,4.2,D,0
30.73744,73.61286,331.85,0.5,0.41,2024-10-16,826,N,VIIRS,l,2,306.27,5.01,D,0
30.74253,73.71922,336.75,0.5,0.41,2024-10-16,826,N,VIIRS,n,2,310.84,3.94,D,0
30.74373,73.63321,336.69,0.5,0.41,2024-10-16,826,N,VIIRS,n,2,308.03,2.22,D,0
30.74611,72.48323,333.48,0.45,0.39,2024-10-16,826,N,VIIRS,l,2,303.67,1.8,D,0
30.74749,73.63262,332.44,0.5,0.41,2024-10-16,826,N,VIIRS,l,2,305.37,2.22,D,0
30.75394,73.84771,333.09,0.51,0.41,2024-10-16,826,N,VIIRS,n,2,307.27,2.41,D,0
30.75394,73.91357,332.52,0.52,0.41,2024-10-16,826,N,VIIRS,n,2,307.27,3.3,D,0
30.7566,73.67696,338.43,0.5,0.41,2024-10-16,826,N,VIIRS,n,2,310.97,7.62,D,0
30.75696,73.67931,338.69,0.5,0.41,2024-10-16,826,N,VIIRS,n,2,312.68,5.31,D,0
30.76073,73.67873,336.67,0.5,0.41,2024-10-16,826,N,VIIRS,l,2,310.51,5.31,D,0
30.76098,73.68165,344.14,0.5,0.41,2024-10-16,826,N,VIIRS,n,2,309.99,7.62,D,0
30.76753,73.04142,332.88,0.47,0.4,2024-10-16,826,N,VIIRS,n,2,305.5,2.44,D,0
30.77056,73.63188,346.31,0.5,0.41,2024-10-16,826,N,VIIRS,n,2,308.99,6.09,D,0
30.77299,73.02544,339.03,0.47,0.4,2024-10-16,826,N,VIIRS,n,2,307.05,4.12,D,0
30.77607,73.8061,332.63,0.51,0.41,2024-10-16,826,N,VIIRS,l,2,306.67,1.65,D,0
30.78046,73.68397,335.08,0.5,0.41,2024-10-16,826,N,VIIRS,l,2,307.84,2.3,D,0
30.78404,73.91767,335.49,0.52,0.41,2024-10-16,826,N,VIIRS,l,2,308.51,2.88,D,0
30.78576,73.91969,336.58,0.52,0.41,2024-10-16,826,N,VIIRS,n,2,307.17,5.74,D,0
30.78834,73.78549,332.89,0.51,0.41,2024-10-16,826,N,VIIRS,l,2,307.68,2.86,D,0
30.78838,73.97463,332.82,0.52,0.41,2024-10-16,826,N,VIIRS,l,2,307,2.78,D,0
30.79107,73.91107,337.95,0.52,0.41,2024-10-16,826,N,VIIRS,l,2,310.82,8.37,D,0
30.7921,73.9077,338.03,0.52,0.41,2024-10-16,826,N,VIIRS,n,2,308.43,9.03,D,0
30.79612,73.92133,344.19,0.52,0.41,2024-10-16,826,N,VIIRS,n,2,308.18,11.81,D,0
30.79786,73.92336,334.68,0.52,0.41,2024-10-16,826,N,VIIRS,l,2,305.41,17.26,D,0
30.79825,73.19874,342.62,0.48,0.4,2024-10-16,826,N,VIIRS,n,2,308.92,3.93,D,0
30.79994,73.92073,330.87,0.52,0.41,2024-10-16,826,N,VIIRS,l,2,304.18,2.05,D,0
30.80033,73.78906,340.17,0.51,0.41,2024-10-16,826,N,VIIRS,n,2,306.18,5.68,D,0
30.80157,73.79977,342.03,0.51,0.41,2024-10-16,826,N,VIIRS,n,2,311.2,6.29,D,0
30.80252,74.54618,343.52,0.56,0.43,2024-10-16,826,N,VIIRS,n,2,307.6,15.27,D,0
30.8052,73.86485,336.6,0.51,0.41,2024-10-16,826,N,VIIRS,n,2,308.48,1.77,D,0
30.80537,73.79918,340.1,0.51,0.41,2024-10-16,826,N,VIIRS,n,2,308.61,6.29,D,0
30.81078,73.91354,334.19,0.52,0.41,2024-10-16,826,N,VIIRS,n,2,308.15,1.83,D,0
30.81359,73.80334,335.62,0.51,0.41,2024-10-16,826,N,VIIRS,l,2,309.54,9.91,D,0
30.82028,74.13577,333.71,0.53,0.42,2024-10-16,826,N,VIIRS,l,2,306.62,5.18,D,0
30.82113,73.83498,334.01,0.51,0.41,2024-10-16,826,N,VIIRS,l,2,307.43,2.97,D,0
30.82248,73.78017,335.61,0.51,0.41,2024-10-16,826,N,VIIRS,n,2,309.21,3.03,D,0
30.82262,74.1319,338.29,0.53,0.42,2024-10-16,826,N,VIIRS,n,2,307.53,4.43,D,0
30.83256,73.34499,339.81,0.49,0.4,2024-10-16,826,N,VIIRS,n,2,306.76,4.44,D,0
30.83257,73.8004,347.49,0.51,0.41,2024-10-16,826,N,VIIRS,n,2,311.58,9.58,D,0
30.83637,73.7998,339.5,0.51,0.41,2024-10-16,826,N,VIIRS,n,2,307.78,9.58,D,0
30.83774,73.26129,330.95,0.48,0.4,2024-10-16,826,N,VIIRS,l,2,305.37,1.54,D,0
30.84196,73.91424,335.45,0.52,0.41,2024-10-16,826,N,VIIRS,n,2,308.32,3.39,D,0
30.84453,73.90279,342.46,0.52,0.41,2024-10-16,826,N,VIIRS,n,2,307.76,13.43,D,0
30.84516,73.90822,335.97,0.52,0.41,2024-10-16,826,N,VIIRS,n,2,306.06,13.43,D,0
30.84834,73.90221,347.57,0.52,0.41,2024-10-16,826,N,VIIRS,n,2,311.24,13.43,D,0
30.8484,73.77069,339.07,0.51,0.41,2024-10-16,826,N,VIIRS,n,2,304.67,4.06,D,0
30.85155,73.86316,335.69,0.51,0.41,2024-10-16,826,N,VIIRS,n,2,307.05,3.31,D,0
30.86295,73.9943,337.92,0.52,0.42,2024-10-16,826,N,VIIRS,n,2,308.87,6.42,D,0
30.87949,74.20645,335.77,0.53,0.42,2024-10-16,826,N,VIIRS,n,2,306.22,5.2,D,0
30.88982,73.9902,333.88,0.52,0.42,2024-10-16,826,N,VIIRS,l,2,305.28,4.16,D,0
30.89691,74.05072,337.95,0.53,0.42,2024-10-16,826,N,VIIRS,n,2,309.58,3.61,D,0
30.91578,74.28147,334.79,0.54,0.42,2024-10-16,826,N,VIIRS,l,2,307.43,4.53,D,0
30.91963,74.21185,330.11,0.54,0.42,2024-10-16,826,N,VIIRS,l,2,304.09,1.3,D,0
30.92347,74.17697,331.49,0.53,0.42,2024-10-16,826,N,VIIRS,n,2,305.27,1.34,D,0
30.92413,74.18009,330.65,0.53,0.42,2024-10-16,826,N,VIIRS,l,2,304.2,2.04,D,0
30.93298,73.67879,333,0.5,0.41,2024-10-16,826,N,VIIRS,l,2,307.59,3.92,D,0
30.93433,74.02557,340.61,0.52,0.42,2024-10-16,826,N,VIIRS,n,2,308.15,5.3,D,0
30.93645,73.94142,344.87,0.52,0.41,2024-10-16,826,N,VIIRS,n,2,308.89,8.37,D,0
30.93818,74.02499,335.33,0.52,0.42,2024-10-16,826,N,VIIRS,n,2,306.89,5.3,D,0
30.9384,74.16651,334.49,0.53,0.42,2024-10-16,826,N,VIIRS,l,2,306.5,3.45,D,0
30.93875,74.51828,334.83,0.56,0.43,2024-10-16,826,N,VIIRS,n,2,306.23,6.66,D,0
30.95924,74.50111,330.39,0.55,0.43,2024-10-16,826,N,VIIRS,l,2,303.44,1.96,D,0
30.95988,74.50697,333.34,0.56,0.43,2024-10-16,826,N,VIIRS,n,2,305.4,4.96,D,0
30.96114,74.50311,346.04,0.55,0.43,2024-10-16,826,N,VIIRS,n,2,305.72,13.16,D,0
30.96951,73.49925,332.95,0.5,0.41,2024-10-16,826,N,VIIRS,n,2,304.23,3.41,D,0
30.97087,74.03687,333.55,0.53,0.42,2024-10-16,826,N,VIIRS,l,2,305.12,3.92,D,0
30.97364,74.52278,342.77,0.56,0.43,2024-10-16,826,N,VIIRS,n,2,305.5,3.09,D,0
30.97568,74.52475,341.94,0.56,0.43,2024-10-16,826,N,VIIRS,n,2,305.05,4.77,D,0
31.00204,73.17031,334.44,0.48,0.4,2024-10-16,826,N,VIIRS,n,2,307.22,2.95,D,0
31.00303,74.14529,335.03,0.53,0.42,2024-10-16,826,N,VIIRS,n,2,306.39,4.38,D,0
31.01211,74.22414,343.66,0.54,0.42,2024-10-16,826,N,VIIRS,n,2,307.22,5.62,D,0
31.03822,73.59523,330.53,0.5,0.41,2024-10-16,826,N,VIIRS,n,2,304.58,2.84,D,0
31.04351,74.42937,334.84,0.55,0.43,2024-10-16,826,N,VIIRS,n,2,307.14,5.57,D,0
31.04417,74.43518,336.89,0.55,0.43,2024-10-16,826,N,VIIRS,n,2,309.1,7.65,D,0
31.04701,73.60459,336.13,0.5,0.41,2024-10-16,826,N,VIIRS,n,2,307.45,4.42,D,0
31.0528,74.61911,337.72,0.56,0.43,2024-10-16,826,N,VIIRS,n,2,307.22,4.52,D,0
31.08076,74.68786,331.45,0.57,0.43,2024-10-16,826,N,VIIRS,l,2,305.74,2.64,D,0
31.09293,74.63573,331.53,0.57,0.43,2024-10-16,826,N,VIIRS,l,2,306.32,2.59,D,0
31.11046,74.53656,333.28,0.56,0.43,2024-10-16,826,N,VIIRS,n,2,305.64,3.77,D,0
31.14416,74.54961,333.56,0.56,0.43,2024-10-16,826,N,VIIRS,n,2,304.55,5.44,D,0
31.22908,75.09854,331.07,0.4,0.44,2024-10-16,826,N,VIIRS,l,2,301.81,2.25,D,0
31.23318,75.09798,341.58,0.4,0.44,2024-10-16,826,N,VIIRS,n,2,301.73,5.84,D,0
31.23636,75.08894,338.9,0.4,0.44,2024-10-16,826,N,VIIRS,n,2,303.1,4.45,D,0
31.28485,75.46033,352.33,0.42,0.45,2024-10-16,826,N,VIIRS,n,2,304.46,7.55,D,0
30.81566,70.70094,336.91,0.4,0.37,2024-10-16,827,N,VIIRS,l,2,311.54,1.73,D,0
30.85594,70.79153,332.52,0.4,0.37,2024-10-16,827,N,VIIRS,n,2,306.55,2.39,D,0
30.85931,70.79091,337.78,0.4,0.37,2024-10-16,827,N,VIIRS,n,2,305.98,2.39,D,0
30.903,70.75703,341.17,0.4,0.37,2024-10-16,827,N,VIIRS,n,2,310.98,3.92,D,0
30.91244,69.56539,340,0.38,0.36,2024-10-16,827,N,VIIRS,l,2,311.59,3.61,D,0
31.00355,70.73009,349.03,0.4,0.37,2024-10-16,827,N,VIIRS,n,2,311.69,15.7,D,0
31.0672,73.35504,330.49,0.49,0.4,2024-10-16,827,N,VIIRS,n,2,305.16,2.07,D,0
31.10628,73.36455,337.25,0.49,0.4,2024-10-16,827,N,VIIRS,n,2,305.9,2.22,D,0
31.13719,73.79016,333.24,0.51,0.41,2024-10-16,827,N,VIIRS,n,2,304.3,3.87,D,0
31.1376,73.89539,330.03,0.52,0.41,2024-10-16,827,N,VIIRS,l,2,304.68,3.8,D,0
31.15853,74.2217,342.81,0.54,0.42,2024-10-16,827,N,VIIRS,n,2,304.96,6.43,D,0
31.18402,73.40236,332.88,0.49,0.41,2024-10-16,827,N,VIIRS,n,2,303.24,1.85,D,0
31.19559,72.06786,346.67,0.44,0.38,2024-10-16,827,N,VIIRS,n,2,304.93,6.97,D,0
31.21754,74.39436,333.49,0.55,0.43,2024-10-16,827,N,VIIRS,n,2,303.56,3.59,D,0
31.25302,73.27257,333.91,0.49,0.4,2024-10-16,827,N,VIIRS,n,2,305.94,2.64,D,0
31.28518,75.46217,340.97,0.42,0.45,2024-10-16,827,N,VIIRS,n,2,304.16,5.57,D,0
31.33559,75.09784,331.7,0.4,0.44,2024-10-16,827,N,VIIRS,n,2,303.38,2.09,D,0
31.33765,74.96976,335.73,0.4,0.44,2024-10-16,827,N,VIIRS,n,2,302.89,2.36,D,0
31.33861,74.97322,340.95,0.39,0.44,2024-10-16,827,N,VIIRS,n,2,303.25,3.81,D,0
31.342,75.11853,342.32,0.4,0.44,2024-10-16,827,N,VIIRS,n,2,305.86,8.47,D,0
31.38367,75.05299,334.03,0.4,0.44,2024-10-16,827,N,VIIRS,n,2,303.42,4.68,D,0
31.40284,70.64513,346.04,0.4,0.37,2024-10-16,827,N,VIIRS,n,2,308.5,5.33,D,0
31.40642,75.07132,343.67,0.4,0.44,2024-10-16,827,N,VIIRS,n,2,307.03,9.04,D,0
31.40874,74.82465,334.79,0.39,0.44,2024-10-16,827,N,VIIRS,n,2,303.18,1.77,D,0
31.41017,70.64804,335.34,0.4,0.37,2024-10-16,827,N,VIIRS,l,2,309.08,4.74,D,0
31.41645,70.76775,337.21,0.4,0.37,2024-10-16,827,N,VIIRS,n,2,308.39,2.66,D,0
31.4285,74.78016,333.35,0.39,0.44,2024-10-16,827,N,VIIRS,n,2,305.37,3.18,D,0
31.43058,75.18095,344.25,0.41,0.45,2024-10-16,827,N,VIIRS,n,2,305.39,10.66,D,0
31.43353,74.86743,343.03,0.39,0.44,2024-10-16,827,N,VIIRS,n,2,304.02,5.08,D,0
31.434,74.86716,341.64,0.39,0.44,2024-10-16,827,N,VIIRS,n,2,303.74,5.44,D,0
31.43692,73.9777,332.31,0.53,0.42,2024-10-16,827,N,VIIRS,l,2,305.61,3.1,D,0
31.43983,73.97934,336.35,0.53,0.42,2024-10-16,827,N,VIIRS,n,2,305.93,6.23,D,0
31.44078,73.9771,332.52,0.53,0.42,2024-10-16,827,N,VIIRS,l,2,304.4,4.73,D,0
31.44084,74.70367,330.87,0.38,0.43,2024-10-16,827,N,VIIRS,n,2,302.47,1.7,D,0
31.44887,73.98935,330.2,0.53,0.42,2024-10-16,827,N,VIIRS,n,2,304.71,2.97,D,0
31.44888,74.97551,332.03,0.4,0.44,2024-10-16,827,N,VIIRS,n,2,302.5,1.7,D,0
31.44975,73.98711,332.12,0.53,0.42,2024-10-16,827,N,VIIRS,n,2,305.3,4.11,D,0
31.45962,74.61363,335.59,0.57,0.43,2024-10-16,827,N,VIIRS,n,2,304.22,1.79,D,0
31.46286,73.89438,342.67,0.52,0.42,2024-10-16,827,N,VIIRS,n,2,305.08,6.61,D,0
31.46308,74.7585,341.16,0.39,0.44,2024-10-16,827,N,VIIRS,n,2,305.27,7.69,D,0
31.48965,75.00822,367,0.4,0.44,2024-10-16,827,N,VIIRS,h,2,304.97,9.09,D,0
31.49682,73.9174,342.64,0.53,0.42,2024-10-16,827,N,VIIRS,n,2,309.01,20.31,D,0
31.51097,75.05256,342.42,0.4,0.44,2024-10-16,827,N,VIIRS,n,2,304.11,5.02,D,0
31.51512,71.00317,334.62,0.41,0.37,2024-10-16,827,N,VIIRS,n,2,307.48,1.86,D,0
31.53217,74.79026,338.55,0.39,0.44,2024-10-16,827,N,VIIRS,n,2,303.29,1.94,D,0
31.5325,74.79076,343.94,0.39,0.44,2024-10-16,827,N,VIIRS,n,2,304.11,3.09,D,0
31.54473,75.05647,333.84,0.4,0.44,2024-10-16,827,N,VIIRS,n,2,303.54,2.98,D,0
31.54874,73.95239,337.05,0.53,0.42,2024-10-16,827,N,VIIRS,n,2,303.54,4.04,D,0
31.57309,73.99436,331.45,0.53,0.42,2024-10-16,827,N,VIIRS,n,2,303,2.73,D,0
31.5737,75.23285,332.95,0.41,0.45,2024-10-16,827,N,VIIRS,n,2,305.82,3.69,D,0
31.57612,75.23143,338.66,0.41,0.45,2024-10-16,827,N,VIIRS,n,2,305.12,2.91,D,0
31.58978,74.03776,337.98,0.53,0.42,2024-10-16,827,N,VIIRS,n,2,304.31,4.03,D,0
31.59194,73.88327,337.96,0.52,0.42,2024-10-16,827,N,VIIRS,n,2,304.39,3.91,D,0
31.61869,70.74415,334.12,0.4,0.37,2024-10-16,827,N,VIIRS,l,2,306.44,2.68,D,0
31.62104,70.7611,335.43,0.4,0.37,2024-10-16,827,N,VIIRS,n,2,309.22,5.31,D,0
31.62442,70.76047,338.13,0.4,0.37,2024-10-16,827,N,VIIRS,n,2,308.56,5.31,D,0
31.63925,72.87881,330.26,0.47,0.4,2024-10-16,827,N,VIIRS,l,2,305.16,1.46,D,0
31.6444,74.53382,334.35,0.57,0.43,2024-10-16,827,N,VIIRS,n,2,304.37,6.04,D,0
31.64653,75.28497,337.49,0.41,0.45,2024-10-16,827,N,VIIRS,n,2,303.28,2.89,D,0
31.65721,75.00717,335.7,0.4,0.44,2024-10-16,827,N,VIIRS,n,2,304.68,3.08,D,0
31.65834,74.55013,332.44,0.57,0.43,2024-10-16,827,N,VIIRS,n,2,302.55,3.4,D,0
31.6747,73.90907,336.93,0.53,0.42,2024-10-16,827,N,VIIRS,n,2,304.34,5.83,D,0
31.70398,73.0433,342.55,0.48,0.4,2024-10-16,827,N,VIIRS,n,2,308.21,4.73,D,0
31.70424,70.78195,335.19,0.4,0.37,2024-10-16,827,N,VIIRS,l,2,307.74,2.18,D,0
31.7055,70.81667,336.99,0.4,0.37,2024-10-16,827,N,VIIRS,n,2,307.4,4.65,D,0
31.70939,73.4782,347.76,0.5,0.41,2024-10-16,827,N,VIIRS,n,2,307.24,11.46,D,0
31.70971,73.47546,336.93,0.5,0.41,2024-10-16,827,N,VIIRS,l,2,307.87,11.46,D,0
31.72235,70.78727,334.27,0.4,0.37,2024-10-16,827,N,VIIRS,l,2,306.38,2.22,D,0
31.73285,70.73731,336.12,0.4,0.37,2024-10-16,827,N,VIIRS,n,2,307.78,2.62,D,0
31.74209,74.37303,341.05,0.56,0.43,2024-10-16,827,N,VIIRS,n,2,302.58,5.46,D,0
31.74269,72.2192,346.82,0.45,0.39,2024-10-16,827,N,VIIRS,n,2,306.58,12.04,D,0
31.74969,74.938,331.8,0.4,0.44,2024-10-16,827,N,VIIRS,n,2,305.9,1.3,D,0
31.75537,74.13352,334.32,0.54,0.42,2024-10-16,827,N,VIIRS,n,2,302.7,3.31,D,0
31.76321,74.38196,332.74,0.56,0.43,2024-10-16,827,N,VIIRS,n,2,302.7,3.27,D,0
31.76588,72.75851,344.78,0.47,0.4,2024-10-16,827,N,VIIRS,n,2,305.93,12.62,D,0
31.76934,74.66215,340.51,0.38,0.44,2024-10-16,827,N,VIIRS,n,2,303.1,4.18,D,0
31.77523,74.95345,341.9,0.4,0.44,2024-10-16,827,N,VIIRS,n,2,305.77,5.99,D,0
31.77578,74.03478,331.9,0.54,0.42,2024-10-16,827,N,VIIRS,l,2,303.7,3.72,D,0
31.77763,75.1407,334.46,0.41,0.45,2024-10-16,827,N,VIIRS,n,2,303.24,3.2,D,0
31.77773,74.19846,346.34,0.55,0.42,2024-10-16,827,N,VIIRS,n,2,306.97,7.91,D,0
31.77893,74.20054,343.51,0.55,0.42,2024-10-16,827,N,VIIRS,n,2,308.28,6.87,D,0
31.77982,70.75026,346.94,0.4,0.37,2024-10-16,827,N,VIIRS,n,2,307.87,9.35,D,0
31.78142,74.6604,331.3,0.38,0.44,2024-10-16,827,N,VIIRS,n,2,302.68,2.17,D,0
31.78364,73.15865,337.45,0.49,0.4,2024-10-16,827,N,VIIRS,n,2,307.32,6.41,D,0
31.78466,73.23257,331.51,0.49,0.4,2024-10-16,827,N,VIIRS,n,2,304.25,2.01,D,0
31.786,70.74474,332.16,0.4,0.37,2024-10-16,827,N,VIIRS,l,2,306.97,1.94,D,0
31.78834,74.42663,336.58,0.56,0.43,2024-10-16,827,N,VIIRS,n,2,304.25,4.97,D,0
31.80242,70.73792,333.98,0.4,0.37,2024-10-16,827,N,VIIRS,l,2,304.46,4.33,D,0
31.80672,74.89737,332.94,0.4,0.44,2024-10-16,827,N,VIIRS,n,2,302.6,1.55,D,0
31.83725,74.19539,330.48,0.55,0.42,2024-10-16,827,N,VIIRS,n,2,305.28,2.88,D,0
31.84117,74.19479,332.76,0.55,0.42,2024-10-16,827,N,VIIRS,n,2,304.34,3.48,D,0
31.8475,74.36121,340.9,0.56,0.43,2024-10-16,827,N,VIIRS,n,2,304.5,6.08,D,0
31.86899,74.63528,339.51,0.38,0.44,2024-10-16,827,N,VIIRS,n,2,301.39,2.6,D,0
31.87857,74.13996,334.25,0.54,0.42,2024-10-16,827,N,VIIRS,n,2,304.32,2.54,D,0
31.87908,74.14182,336.16,0.54,0.42,2024-10-16,827,N,VIIRS,n,2,304.64,4.63,D,0
31.89239,73.87093,334.27,0.53,0.42,2024-10-16,827,N,VIIRS,n,2,303.29,3.83,D,0
31.90771,75.04374,334.61,0.4,0.45,2024-10-16,827,N,VIIRS,n,2,300.99,2.55,D,0
31.91603,74.01135,336.16,0.54,0.42,2024-10-16,827,N,VIIRS,n,2,306.16,2.96,D,0
31.92577,70.47212,335.31,0.4,0.37,2024-10-16,827,N,VIIRS,n,2,307.13,1.89,D,0
31.93665,72.42961,332.88,0.46,0.39,2024-10-16,827,N,VIIRS,n,2,303.57,1.02,D,0
31.93786,70.83611,332.28,0.41,0.37,2024-10-16,827,N,VIIRS,l,2,306.48,3.73,D,0
31.9428,74.36338,332.49,0.56,0.43,2024-10-16,827,N,VIIRS,n,2,302.06,2.61,D,0
31.94663,70.90062,332.83,0.41,0.37,2024-10-16,827,N,VIIRS,n,2,307.42,2.5,D,0
31.95742,74.31284,336.33,0.56,0.43,2024-10-16,827,N,VIIRS,n,2,303.01,4.34,D,0
31.96085,70.90238,333.19,0.41,0.37,2024-10-16,827,N,VIIRS,n,2,307.61,3.61,D,0
31.96488,72.44955,335.22,0.46,0.39,2024-10-16,827,N,VIIRS,n,2,306.02,3.08,D,0
31.97081,70.84754,333.2,0.41,0.37,2024-10-16,827,N,VIIRS,l,2,305.41,2.33,D,0
31.98047,74.41252,330.9,0.56,0.43,2024-10-16,827,N,VIIRS,l,2,301.85,3.24,D,0
31.98245,74.43055,334.21,0.56,0.43,2024-10-16,827,N,VIIRS,n,2,302.78,5.18,D,0
31.98751,73.83668,334.48,0.53,0.42,2024-10-16,827,N,VIIRS,n,2,305.83,2.49,D,0
31.99241,74.44744,331.3,0.57,0.43,2024-10-16,827,N,VIIRS,l,2,302.63,3.74,D,0
32.00307,73.46484,331.92,0.51,0.41,2024-10-16,827,N,VIIRS,n,2,304.29,2.82,D,0
32.03144,74.19762,343.58,0.55,0.43,2024-10-16,827,N,VIIRS,n,2,308.14,22.56,D,0
32.04265,74.79614,340.9,0.39,0.44,2024-10-16,827,N,VIIRS,n,2,301.48,2.64,D,0
32.04336,74.41946,333.56,0.57,0.43,2024-10-16,827,N,VIIRS,n,2,303.26,2.11,D,0
32.06617,74.25828,337.51,0.55,0.43,2024-10-16,827,N,VIIRS,n,2,305.17,4.88,D,0
32.06619,73.3497,331.89,0.5,0.41,2024-10-16,827,N,VIIRS,n,2,300.68,2.52,D,0
32.06681,73.35503,331.87,0.5,0.41,2024-10-16,827,N,VIIRS,n,2,301.61,4.43,D,0
32.07087,74.90391,335.84,0.4,0.44,2024-10-16,827,N,VIIRS,n,2,300.93,2.02,D,0
32.0734,74.90399,340.41,0.4,0.44,2024-10-16,827,N,VIIRS,n,2,302.15,2.34,D,0
32.07952,74.90702,335.95,0.4,0.44,2024-10-16,827,N,VIIRS,n,2,300.75,3.41,D,0
32.08204,74.9071,330.1,0.4,0.44,2024-10-16,827,N,VIIRS,n,2,300.06,1.28,D,0
32.09912,74.83122,340.86,0.4,0.44,2024-10-16,827,N,VIIRS,n,2,304.38,3.4,D,0
32.10714,74.41001,334.15,0.57,0.43,2024-10-16,827,N,VIIRS,n,2,302.83,5.44,D,0
32.11557,74.75182,335.15,0.39,0.44,2024-10-16,827,N,VIIRS,n,2,301.51,2.65,D,0
32.13972,75.02127,332.09,0.41,0.45,2024-10-16,827,N,VIIRS,n,2,301.68,2.81,D,0
32.15472,73.0964,333.33,0.49,0.4,2024-10-16,827,N,VIIRS,n,2,304.6,2.7,D,0
32.15533,75.01025,332.95,0.41,0.45,2024-10-16,827,N,VIIRS,n,2,301.98,2.85,D,0
32.16374,73.99356,333.3,0.54,0.42,2024-10-16,827,N,VIIRS,l,2,304.49,3.7,D,0
32.17595,74.39305,333.06,0.57,0.43,2024-10-16,827,N,VIIRS,n,2,301.84,4.19,D,0
32.17868,75.23477,333.5,0.42,0.45,2024-10-16,827,N,VIIRS,n,2,300.45,3.04,D,0
32.17927,73.67261,337.84,0.52,0.42,2024-10-16,827,N,VIIRS,n,2,303.24,3.62,D,0
32.18832,73.61488,331.66,0.52,0.41,2024-10-16,827,N,VIIRS,l,2,303.33,2.86,D,0
32.21022,75.17168,336.71,0.41,0.45,2024-10-16,827,N,VIIRS,n,2,301.41,3.84,D,0
32.21069,75.17612,337.46,0.41,0.45,2024-10-16,827,N,VIIRS,n,2,301.65,3.84,D,0
32.21157,75.17382,350.46,0.41,0.45,2024-10-16,827,N,VIIRS,n,2,300.87,5.82,D,0
32.21231,73.8271,333.55,0.53,0.42,2024-10-16,827,N,VIIRS,n,2,302.66,4.11,D,0
32.21638,75.27045,344.89,0.42,0.45,2024-10-16,827,N,VIIRS,n,2,301.5,3.62,D,0
32.21668,75.26831,343.77,0.42,0.45,2024-10-16,827,N,VIIRS,n,2,301.12,5.75,D,0
32.22057,75.26988,330.43,0.42,0.45,2024-10-16,827,N,VIIRS,n,2,299.7,2.52,D,0
32.22565,74.29411,331.13,0.56,0.43,2024-10-16,827,N,VIIRS,l,2,302.41,2.53,D,0
32.22586,73.80776,340.51,0.53,0.42,2024-10-16,827,N,VIIRS,n,2,305.38,6.32,D,0
32.22727,74.29173,340.13,0.56,0.43,2024-10-16,827,N,VIIRS,n,2,302.71,3.88,D,0
32.25451,74.97622,338.63,0.4,0.45,2024-10-16,827,N,VIIRS,n,2,301.76,3.69,D,0
32.26775,74.78733,332.47,0.4,0.44,2024-10-16,827,N,VIIRS,n,2,301.82,1.88,D,0
32.28251,73.67135,338.31,0.52,0.42,2024-10-16,827,N,VIIRS,n,2,301.94,4.08,D,0
32.30315,73.4109,333.74,0.51,0.41,2024-10-16,827,N,VIIRS,n,2,303.6,5.02,D,0
32.33414,73.44466,350.27,0.51,0.41,2024-10-16,827,N,VIIRS,n,2,303.97,8.09,D,0
32.33792,74.565,330.03,0.39,0.44,2024-10-16,827,N,VIIRS,n,2,302.65,2.29,D,0
32.33976,74.04499,342.61,0.55,0.42,2024-10-16,827,N,VIIRS,n,2,304.22,9.52,D,0
32.34618,73.4483,344.86,0.51,0.41,2024-10-16,827,N,VIIRS,n,2,303.43,4.99,D,0
32.34899,73.60439,340.3,0.52,0.41,2024-10-16,827,N,VIIRS,n,2,301.5,6.03,D,0
32.34902,73.4508,333.99,0.51,0.41,2024-10-16,827,N,VIIRS,n,2,302.78,6.6,D,0
32.34998,73.44769,334.56,0.51,0.41,2024-10-16,827,N,VIIRS,n,2,302.9,4.99,D,0
32.35282,73.6038,338.1,0.52,0.41,2024-10-16,827,N,VIIRS,n,2,302.34,6.03,D,0
32.35479,74.03678,337.4,0.54,0.42,2024-10-16,827,N,VIIRS,n,2,304.03,8.37,D,0
32.35609,74.04845,333.73,0.55,0.42,2024-10-16,827,N,VIIRS,n,2,301.66,3.23,D,0
32.3783,73.99776,331.34,0.54,0.42,2024-10-16,827,N,VIIRS,n,2,302.64,2.05,D,0
32.38518,74.54189,337.64,0.39,0.44,2024-10-16,827,N,VIIRS,n,2,302.41,10.19,D,0
32.38562,74.54601,341.52,0.39,0.44,2024-10-16,827,N,VIIRS,n,2,303.95,10.19,D,0
32.39727,74.54011,340.81,0.39,0.44,2024-10-16,827,N,VIIRS,n,2,303.14,2.8,D,0
32.40673,74.70825,333.06,0.39,0.44,2024-10-16,827,N,VIIRS,n,2,302.51,2.82,D,0
32.40789,74.26303,331.73,0.56,0.43,2024-10-16,827,N,VIIRS,l,2,302.99,3.23,D,0
32.41804,73.51233,335.67,0.51,0.41,2024-10-16,827,N,VIIRS,n,2,302.05,3.89,D,0
32.44349,73.53075,339.38,0.52,0.41,2024-10-16,827,N,VIIRS,n,2,302.76,5.18,D,0
32.53638,74.81094,344.98,0.4,0.44,2024-10-16,827,N,VIIRS,n,2,303.22,7.23,D,0
32.54048,74.81036,340.73,0.4,0.44,2024-10-16,827,N,VIIRS,n,2,302.03,6.39,D,0
32.5408,74.46481,341.85,0.38,0.43,2024-10-16,827,N,VIIRS,n,2,301.18,3.62,D,0
32.54279,74.79263,342.57,0.4,0.44,2024-10-16,827,N,VIIRS,n,2,302.36,5.35,D,0
32.61557,74.43039,334.75,0.38,0.43,2024-10-16,827,N,VIIRS,n,2,301.04,1.52,D,0
33.43819,71.6283,339.66,0.44,0.38,2024-10-16,827,N,VIIRS,n,2,307.33,3.98,D,0
33.49612,75.08215,298.88,0.39,0.36,2024-10-16,2049,N,VIIRS,n,2,273.23,0.37,N,0
33.81703,72.71959,301.33,0.4,0.37,2024-10-16,2049,N,VIIRS,n,2,291.32,0.64,N,0
31.52596,75.11903,303.27,0.39,0.36,2024-10-16,2050,N,VIIRS,n,2,290.86,0.66,N,0
31.6217,74.42887,303.47,0.39,0.36,2024-10-16,2050,N,VIIRS,n,2,292.4,0.31,N,2
31.6415,74.43322,303.92,0.39,0.36,2024-10-16,2050,N,VIIRS,n,2,292.56,0.55,N,0
31.65174,74.17685,326.21,0.38,0.36,2024-10-16,2050,N,VIIRS,n,2,294.17,1.59,N,0
31.65504,74.17756,323.33,0.38,0.36,2024-10-16,2050,N,VIIRS,n,2,294.27,1.59,N,0
32.0849,74.16166,310.96,0.38,0.36,2024-10-16,2050,N,VIIRS,n,2,293.03,0.93,N,2
32.10341,74.17406,307.95,0.38,0.36,2024-10-16,2050,N,VIIRS,n,2,293.49,0.76,N,2
32.2039,74.22373,304.03,0.38,0.36,2024-10-16,2050,N,VIIRS,n,2,293.04,0.42,N,2
32.29251,70.73104,309.88,0.45,0.39,2024-10-16,2050,N,VIIRS,n,2,295.03,1.33,N,2
32.71783,72.77422,312.97,0.4,0.37,2024-10-16,2050,N,VIIRS,n,2,291.87,1.42,N,2
32.72514,72.81898,306.23,0.4,0.37,2024-10-16,2050,N,VIIRS,n,2,291.36,1.16,N,0
32.88995,71.61556,307.27,0.42,0.38,2024-10-16,2050,N,VIIRS,n,2,295.38,0.94,N,2
33.68879,72.71329,310.66,0.4,0.37,2024-10-16,2050,N,VIIRS,n,2,292.87,0.95,N,2
29.78085,70.50058,303.15,0.44,0.38,2024-10-16,2051,N,VIIRS,n,2,292.06,0.48,N,0
28.05104,69.36636,333.25,0.56,0.43,2024-10-17,807,N,VIIRS,n,2,307.64,5.07,D,2
28.05215,69.372,334.27,0.56,0.43,2024-10-17,807,N,VIIRS,n,2,305.8,3.68,D,2
28.05246,69.36817,346.95,0.56,0.43,2024-10-17,807,N,VIIRS,n,2,308.44,7.03,D,2
28.22059,73.00903,338.46,0.4,0.37,2024-10-17,807,N,VIIRS,n,2,307.11,1.76,D,0
28.22126,73.01308,337.93,0.4,0.37,2024-10-17,807,N,VIIRS,l,2,308.74,1.76,D,0
28.22396,73.00832,343.06,0.4,0.37,2024-10-17,807,N,VIIRS,n,2,307.02,3.85,D,0
28.22665,73.00356,336.76,0.4,0.37,2024-10-17,807,N,VIIRS,l,2,306.84,1.66,D,0
28.23131,73.03194,336.15,0.4,0.37,2024-10-17,807,N,VIIRS,l,2,309.21,1.32,D,0
28.23202,73.01502,335.97,0.4,0.37,2024-10-17,807,N,VIIRS,l,2,307.69,1.25,D,0
28.23268,73.01907,335.45,0.4,0.37,2024-10-17,807,N,VIIRS,l,2,307.46,1.25,D,0
28.23538,73.01431,335.41,0.4,0.37,2024-10-17,807,N,VIIRS,l,2,307.85,1.25,D,0
28.23737,73.02647,340.14,0.4,0.37,2024-10-17,807,N,VIIRS,n,2,308.06,2.54,D,0
28.2387,73.03459,343.27,0.4,0.37,2024-10-17,807,N,VIIRS,n,2,307.93,2.97,D,0
28.23932,73.0596,337.14,0.4,0.37,2024-10-17,807,N,VIIRS,l,2,307.83,1.41,D,0
28.2414,73.02983,335.52,0.4,0.37,2024-10-17,807,N,VIIRS,l,2,307.77,1.31,D,0
28.24206,73.03388,338.16,0.4,0.37,2024-10-17,807,N,VIIRS,n,2,308.07,1.31,D,0
28.24268,73.05891,336.47,0.4,0.37,2024-10-17,807,N,VIIRS,l,2,307.35,1.41,D,0
28.24604,73.0582,341.39,0.4,0.37,2024-10-17,807,N,VIIRS,n,2,305.83,2.28,D,0
28.24608,73.03723,340.25,0.4,0.37,2024-10-17,807,N,VIIRS,n,2,308.61,3.13,D,0
28.24944,73.03653,336.28,0.4,0.37,2024-10-17,807,N,VIIRS,l,2,308.4,1.77,D,0
28.26135,73.27989,338.28,0.4,0.37,2024-10-17,807,N,VIIRS,n,2,307.38,2.31,D,0
28.26161,73.21761,343.04,0.4,0.37,2024-10-17,807,N,VIIRS,n,2,307.7,4.17,D,0
28.26561,73.22093,344.5,0.4,0.37,2024-10-17,807,N,VIIRS,n,2,308.24,1.77,D,0
28.26627,73.22495,344.37,0.4,0.37,2024-10-17,807,N,VIIRS,n,2,307.88,4.23,D,0
28.26896,73.22025,337.48,0.4,0.37,2024-10-17,807,N,VIIRS,l,2,307.86,1.77,D,0
28.27035,73.20748,338.62,0.4,0.37,2024-10-17,807,N,VIIRS,n,2,308.3,1.61,D,0
28.27044,73.33596,335.03,0.39,0.37,2024-10-17,807,N,VIIRS,l,2,309.66,2.82,D,0
28.27101,73.21151,337.39,0.4,0.37,2024-10-17,807,N,VIIRS,l,2,308.08,1.61,D,0
28.27435,73.21081,342.41,0.4,0.37,2024-10-17,807,N,VIIRS,n,2,308.04,1.61,D,0
28.27501,73.21483,337.91,0.4,0.37,2024-10-17,807,N,VIIRS,n,2,307.8,2.93,D,0
28.2777,73.21011,341.67,0.4,0.37,2024-10-17,807,N,VIIRS,n,2,307.02,2.97,D,0
28.49094,70.10939,335.28,0.51,0.41,2024-10-17,807,N,VIIRS,n,2,306.01,3.58,D,0
29.06107,70.57751,338.67,0.47,0.4,2024-10-17,807,N,VIIRS,n,2,312.51,3.79,D,0
29.29269,70.54788,334.64,0.47,0.4,2024-10-17,807,N,VIIRS,l,2,306.65,2.63,D,0
29.37048,70.29305,334.65,0.48,0.4,2024-10-17,807,N,VIIRS,n,2,305.93,2.78,D,0
29.37414,70.29218,335.64,0.48,0.4,2024-10-17,807,N,VIIRS,n,2,307.17,2.78,D,0
29.38239,70.2748,347.79,0.48,0.4,2024-10-17,807,N,VIIRS,n,2,306.76,7.49,D,0
29.39921,73.54327,339.05,0.39,0.36,2024-10-17,807,N,VIIRS,n,2,313.29,3.38,D,0
29.45047,70.48244,345.3,0.47,0.4,2024-10-17,807,N,VIIRS,n,2,309.34,5.44,D,0
29.49264,70.48943,332.77,0.47,0.4,2024-10-17,807,N,VIIRS,n,2,307.5,2.34,D,0
29.49584,70.36235,335.09,0.48,0.4,2024-10-17,807,N,VIIRS,l,2,306.93,3.46,D,0
29.49742,74.46507,341.77,0.38,0.36,2024-10-17,807,N,VIIRS,n,2,310.24,17.68,D,0
29.51074,70.81953,331.31,0.46,0.39,2024-10-17,807,N,VIIRS,n,2,305.15,0.89,D,0
29.5451,74.53297,336.52,0.38,0.36,2024-10-17,807,N,VIIRS,l,2,310.46,4.41,D,0
29.5646,70.45016,332.66,0.47,0.4,2024-10-17,807,N,VIIRS,n,2,306.08,3,D,0
29.63063,75.13339,332.81,0.39,0.36,2024-10-17,807,N,VIIRS,n,2,304.44,2.16,D,0
29.65558,74.68282,341.7,0.39,0.36,2024-10-17,807,N,VIIRS,n,2,314.24,3.93,D,0
29.71959,70.47546,331.37,0.47,0.4,2024-10-17,807,N,VIIRS,l,2,305.95,1.86,D,0
29.84062,71.39581,336.51,0.43,0.38,2024-10-17,807,N,VIIRS,n,2,307.93,3.14,D,0
29.8441,71.395,336.34,0.43,0.38,2024-10-17,807,N,VIIRS,n,2,305.47,4.03,D,0
29.85979,72.30167,343.08,0.41,0.37,2024-10-17,807,N,VIIRS,n,2,306.84,4.5,D,0
29.86956,72.87417,333.48,0.39,0.37,2024-10-17,807,N,VIIRS,l,2,305.74,2.39,D,0
29.8702,72.87021,332.83,0.39,0.37,2024-10-17,807,N,VIIRS,n,2,305.12,3.49,D,0
29.89756,70.64822,332.27,0.46,0.39,2024-10-17,807,N,VIIRS,l,2,306.89,2.13,D,0
29.90505,72.19346,334.04,0.41,0.37,2024-10-17,807,N,VIIRS,n,2,306.8,3,D,0
29.90575,72.19765,333.59,0.41,0.37,2024-10-17,807,N,VIIRS,n,2,304.68,4.37,D,0
29.90985,72.2011,336.19,0.41,0.37,2024-10-17,807,N,VIIRS,n,2,306.43,2.1,D,0
29.92949,71.51283,331.08,0.43,0.38,2024-10-17,807,N,VIIRS,l,2,305.79,2.48,D,0
29.93446,71.52081,336.45,0.43,0.38,2024-10-17,807,N,VIIRS,n,2,304.98,4.5,D,0
29.94797,72.59687,333.14,0.4,0.37,2024-10-17,807,N,VIIRS,l,2,306.17,2.35,D,0
29.94896,74.00594,336.76,0.38,0.36,2024-10-17,807,N,VIIRS,l,2,311,2.39,D,0
29.98401,71.48785,331.26,0.43,0.38,2024-10-17,807,N,VIIRS,l,2,305.39,3.07,D,0
29.99075,73.1039,347.92,0.39,0.36,2024-10-17,807,N,VIIRS,n,2,309.89,6.36,D,0
30.02707,72.78307,335.98,0.4,0.37,2024-10-17,807,N,VIIRS,n,2,307,5.26,D,0
30.02967,74.40255,330.04,0.38,0.36,2024-10-17,807,N,VIIRS,n,2,303.26,1.82,D,0
30.02983,71.39957,331.14,0.43,0.38,2024-10-17,807,N,VIIRS,l,2,305.69,2.89,D,0
30.05947,72.57312,341.14,0.4,0.37,2024-10-17,807,N,VIIRS,n,2,307.73,4.82,D,0
30.08402,72.00654,335.93,0.41,0.37,2024-10-17,807,N,VIIRS,l,2,308.44,1.82,D,0
30.08814,72.01002,334.98,0.41,0.37,2024-10-17,807,N,VIIRS,l,2,306.86,1.71,D,0
30.08885,72.90862,340.16,0.39,0.36,2024-10-17,807,N,VIIRS,n,2,307.55,4.86,D,0
30.09083,75.22987,334.94,0.39,0.36,2024-10-17,807,N,VIIRS,n,2,306.14,4.02,D,0
30.1015,73.31007,344,0.39,0.36,2024-10-17,807,N,VIIRS,n,2,306.53,27.21,D,0
30.16224,72.92684,337.69,0.39,0.36,2024-10-17,807,N,VIIRS,n,2,307.63,2.95,D,0
30.19322,73.01232,345.64,0.39,0.36,2024-10-17,807,N,VIIRS,n,2,305.98,5.54,D,0
30.20498,75.34219,344.02,0.39,0.36,2024-10-17,807,N,VIIRS,n,2,305.73,7.77,D,0
30.21451,73.14542,330.97,0.39,0.36,2024-10-17,807,N,VIIRS,l,2,304.31,2.08,D,0
30.25706,72.81876,334.65,0.39,0.36,2024-10-17,807,N,VIIRS,l,2,306.69,4.55,D,0
30.27757,73.07414,346.53,0.39,0.36,2024-10-17,807,N,VIIRS,n,2,308.68,5.65,D,0
30.28259,73.3638,339.74,0.39,0.36,2024-10-17,807,N,VIIRS,n,2,304.52,2.44,D,0
30.30501,73.46243,333.62,0.39,0.36,2024-10-17,807,N,VIIRS,n,2,305.37,4.65,D,0
30.30564,73.46643,343.4,0.39,0.36,2024-10-17,807,N,VIIRS,n,2,308.19,4.65,D,0
30.30895,73.46574,338.37,0.39,0.36,2024-10-17,807,N,VIIRS,n,2,304.12,4.65,D,0
30.32021,73.16921,332.19,0.39,0.36,2024-10-17,807,N,VIIRS,n,2,305.61,1.29,D,0
30.33746,73.60403,343.53,0.39,0.36,2024-10-17,807,N,VIIRS,n,2,315.06,22.63,D,0
30.34679,73.66384,335.71,0.38,0.36,2024-10-17,807,N,VIIRS,l,2,307.77,5.92,D,0
30.34738,73.60197,334.25,0.39,0.36,2024-10-17,807,N,VIIRS,l,2,307.29,2.88,D,0
30.35893,73.5666,339.87,0.39,0.36,2024-10-17,807,N,VIIRS,n,2,312.25,3.38,D,0
30.39157,73.90949,345.45,0.38,0.36,2024-10-17,807,N,VIIRS,n,2,304.8,5.45,D,0
30.41036,73.76592,330.85,0.38,0.36,2024-10-17,807,N,VIIRS,n,2,305.34,2.27,D,0
30.51068,74.26734,334.3,0.38,0.36,2024-10-17,807,N,VIIRS,n,2,303.32,3.05,D,0
30.06591,70.3096,348.61,0.47,0.4,2024-10-17,808,N,VIIRS,n,2,308.55,7.89,D,0
30.21254,70.62357,346.96,0.46,0.39,2024-10-17,808,N,VIIRS,n,2,305.57,6.14,D,0
30.21396,72.07027,333.18,0.41,0.37,2024-10-17,808,N,VIIRS,n,2,306.82,2.14,D,0
30.25605,70.6492,332.62,0.45,0.39,2024-10-17,808,N,VIIRS,l,2,304.44,3.27,D,0
30.27888,70.67297,331.22,0.45,0.39,2024-10-17,808,N,VIIRS,n,2,304.25,2.34,D,0
30.28356,72.50826,335.5,0.4,0.37,2024-10-17,808,N,VIIRS,l,2,307.56,1.86,D,0
30.28429,70.66196,334.53,0.45,0.39,2024-10-17,808,N,VIIRS,n,2,305.8,4.6,D,0
30.33942,70.63911,334.15,0.45,0.39,2024-10-17,808,N,VIIRS,n,2,306.83,2.64,D,0
30.35102,70.70435,331.8,0.45,0.39,2024-10-17,808,N,VIIRS,n,2,305.13,2.97,D,0
30.36882,72.94627,345.04,0.39,0.36,2024-10-17,808,N,VIIRS,n,2,305.66,2.83,D,0
30.39133,72.41693,334.74,0.4,0.37,2024-10-17,808,N,VIIRS,l,2,308.11,0.98,D,0
30.39218,72.9203,332.46,0.39,0.36,2024-10-17,808,N,VIIRS,n,2,306.45,1.02,D,0
30.40718,73.35856,333.76,0.39,0.36,2024-10-17,808,N,VIIRS,l,2,307.97,2.21,D,0
30.42725,73.2258,335.05,0.39,0.36,2024-10-17,808,N,VIIRS,n,2,305.76,2.63,D,0
30.42849,73.58118,337.22,0.39,0.36,2024-10-17,808,N,VIIRS,n,2,307.81,3.95,D,0
30.43467,71.69139,335.49,0.42,0.37,2024-10-17,808,N,VIIRS,l,2,306.8,2.98,D,0
30.44216,73.73484,335.4,0.38,0.36,2024-10-17,808,N,VIIRS,n,2,307.08,2.31,D,0
30.46317,73.80457,337.35,0.38,0.36,2024-10-17,808,N,VIIRS,n,2,309.58,4.15,D,0
30.46321,73.19326,334.48,0.39,0.36,2024-10-17,808,N,VIIRS,l,2,305.22,2.94,D,0
30.47717,70.71936,337.09,0.45,0.39,2024-10-17,808,N,VIIRS,n,2,305.15,3.59,D,0
30.47728,73.71938,352.97,0.38,0.36,2024-10-17,808,N,VIIRS,n,2,308.71,8.03,D,0
30.48735,72.19442,330.13,0.4,0.37,2024-10-17,808,N,VIIRS,n,2,303.98,1.67,D,0
30.48751,73.4781,335.74,0.39,0.36,2024-10-17,808,N,VIIRS,n,2,307.68,3.56,D,0
30.48814,73.4821,335.06,0.39,0.36,2024-10-17,808,N,VIIRS,n,2,303.94,2.53,D,0
30.49082,73.47741,335.6,0.39,0.36,2024-10-17,808,N,VIIRS,n,2,307.99,2.36,D,0
30.49144,73.48141,334.92,0.39,0.36,2024-10-17,808,N,VIIRS,n,2,305.69,2.41,D,0
30.50069,73.09,335.17,0.39,0.36,2024-10-17,808,N,VIIRS,n,2,305.54,2.04,D,0
30.50615,73.90677,333.33,0.38,0.36,2024-10-17,808,N,VIIRS,n,2,307.7,1.76,D,0
30.50871,70.73772,348.94,0.45,0.39,2024-10-17,808,N,VIIRS,n,2,305.42,9.33,D,0
30.50988,73.75381,335.81,0.38,0.36,2024-10-17,808,N,VIIRS,n,2,307.55,1.64,D,0
30.51334,73.79837,340.03,0.38,0.36,2024-10-17,808,N,VIIRS,n,2,307.9,6.61,D,0
30.51665,73.79768,337.68,0.38,0.36,2024-10-17,808,N,VIIRS,n,2,307.43,6.61,D,0
30.52545,73.37557,347.24,0.39,0.36,2024-10-17,808,N,VIIRS,n,2,306.96,4.24,D,0
30.52978,72.17274,334.02,0.4,0.37,2024-10-17,808,N,VIIRS,n,2,304.47,3.01,D,0
30.53333,73.3822,336.09,0.39,0.36,2024-10-17,808,N,VIIRS,l,2,309.51,3.42,D,0
30.53721,73.95389,339.77,0.38,0.36,2024-10-17,808,N,VIIRS,n,2,306.99,3.48,D,0
30.53869,73.3728,350.89,0.39,0.36,2024-10-17,808,N,VIIRS,n,2,313.77,24.01,D,0
30.53906,73.63702,339.74,0.38,0.36,2024-10-17,808,N,VIIRS,n,2,309.86,3.22,D,0
30.53993,72.29587,330.18,0.4,0.37,2024-10-17,808,N,VIIRS,n,2,303.3,1.7,D,0
30.55286,73.96714,333.01,0.38,0.36,2024-10-17,808,N,VIIRS,l,2,307.21,1.6,D,0
30.55509,72.90371,337.01,0.39,0.36,2024-10-17,808,N,VIIRS,n,2,309.67,3.95,D,0
30.57024,73.94715,337.86,0.38,0.36,2024-10-17,808,N,VIIRS,n,2,308.73,4.23,D,0
30.57318,73.26602,339.43,0.39,0.36,2024-10-17,808,N,VIIRS,n,2,308.26,4.62,D,0
30.57649,73.26533,346.55,0.39,0.36,2024-10-17,808,N,VIIRS,n,2,307.57,4.62,D,0
30.5785,73.71539,346.53,0.38,0.36,2024-10-17,808,N,VIIRS,n,2,307.87,4.56,D,0
30.57911,73.71938,341.81,0.38,0.36,2024-10-17,808,N,VIIRS,l,2,313.11,26.65,D,0
30.58016,73.94513,352.72,0.38,0.36,2024-10-17,808,N,VIIRS,n,2,307.5,5.79,D,0
30.58058,73.64077,335.61,0.38,0.36,2024-10-17,808,N,VIIRS,n,2,309.19,1.29,D,0
30.5818,73.71471,336.55,0.38,0.36,2024-10-17,808,N,VIIRS,l,2,309.59,4.52,D,0
30.58198,73.75999,337.79,0.38,0.36,2024-10-17,808,N,VIIRS,n,2,307.65,4.1,D,0
30.58251,73.94094,346.76,0.38,0.36,2024-10-17,808,N,VIIRS,n,2,310.22,4.99,D,0
30.58411,72.97712,335.9,0.39,0.36,2024-10-17,808,N,VIIRS,n,2,308.24,2.06,D,0
30.58528,73.7593,340.27,0.38,0.36,2024-10-17,808,N,VIIRS,n,2,310.16,4.1,D,0
30.58629,73.78792,337.83,0.38,0.36,2024-10-17,808,N,VIIRS,n,2,310.77,3.29,D,0
30.58634,73.72202,346.37,0.38,0.36,2024-10-17,808,N,VIIRS,n,2,315.56,47.25,D,0
30.59167,73.77858,334.45,0.38,0.36,2024-10-17,808,N,VIIRS,l,2,307.11,10.66,D,0
30.59545,73.67068,337.53,0.38,0.36,2024-10-17,808,N,VIIRS,n,2,308.74,6.11,D,0
30.59573,73.82715,348.49,0.38,0.36,2024-10-17,808,N,VIIRS,n,2,313.37,20.74,D,0
30.59904,73.82647,331.27,0.38,0.36,2024-10-17,808,N,VIIRS,l,2,305.91,2.29,D,0
30.60041,73.63666,347.95,0.38,0.36,2024-10-17,808,N,VIIRS,n,2,308.15,4.53,D,0
30.60969,73.56458,338.4,0.39,0.36,2024-10-17,808,N,VIIRS,n,2,307.53,3.91,D,0
30.61005,73.89829,337.15,0.38,0.36,2024-10-17,808,N,VIIRS,n,2,306.61,7.45,D,0
30.61102,73.81577,336.41,0.38,0.36,2024-10-17,808,N,VIIRS,n,2,305.59,3.61,D,0
30.61164,73.81976,334.7,0.38,0.36,2024-10-17,808,N,VIIRS,n,2,305.03,2.89,D,0
30.61274,73.89362,333.53,0.38,0.36,2024-10-17,808,N,VIIRS,n,2,306.37,7.45,D,0
30.6128,73.58458,339.15,0.39,0.36,2024-10-17,808,N,VIIRS,n,2,308.79,4.55,D,0
30.61336,73.89761,346.5,0.38,0.36,2024-10-17,808,N,VIIRS,n,2,308.24,7.45,D,0
30.61548,73.5799,336.73,0.39,0.36,2024-10-17,808,N,VIIRS,n,2,308.33,2.56,D,0
30.61838,73.86366,347.86,0.38,0.36,2024-10-17,808,N,VIIRS,n,2,310.38,8.2,D,0
30.61879,73.5792,340.06,0.39,0.36,2024-10-17,808,N,VIIRS,n,2,309.64,2.56,D,0
30.62794,73.23049,340.71,0.39,0.36,2024-10-17,808,N,VIIRS,n,2,307.1,5.93,D,0
30.63139,73.63848,340.78,0.38,0.36,2024-10-17,808,N,VIIRS,n,2,308,4.26,D,0
30.64666,70.42593,345.75,0.46,0.39,2024-10-17,808,N,VIIRS,n,2,306.1,4.73,D,0
30.64767,73.72171,337.75,0.38,0.36,2024-10-17,808,N,VIIRS,n,2,309.37,2.91,D,0
30.64836,70.42753,337.78,0.46,0.39,2024-10-17,808,N,VIIRS,n,2,305.74,4.23,D,0
30.64969,73.89017,335.91,0.38,0.36,2024-10-17,808,N,VIIRS,l,2,307.97,2.25,D,0
30.65031,73.89417,337.95,0.38,0.36,2024-10-17,808,N,VIIRS,n,2,305.83,4.09,D,0
30.66343,74.79858,333.04,0.39,0.36,2024-10-17,808,N,VIIRS,n,2,304.38,2.24,D,0
30.66655,72.79191,330.99,0.39,0.36,2024-10-17,808,N,VIIRS,l,2,304.61,1.52,D,0
30.66759,73.70201,345.74,0.38,0.36,2024-10-17,808,N,VIIRS,n,2,308.12,3.83,D,0
30.66903,73.8162,336.27,0.38,0.36,2024-10-17,808,N,VIIRS,l,2,310.58,9.73,D,0
30.67336,74.0006,335.41,0.38,0.36,2024-10-17,808,N,VIIRS,n,2,308.38,2.67,D,0
30.67397,74.00459,347.85,0.38,0.36,2024-10-17,808,N,VIIRS,n,2,311.06,9.2,D,0
30.67404,73.43641,336.12,0.39,0.36,2024-10-17,808,N,VIIRS,n,2,306.84,1.87,D,0
30.68783,73.59053,339.76,0.38,0.36,2024-10-17,808,N,VIIRS,n,2,307.33,2.56,D,0
30.69134,73.87843,333.87,0.38,0.36,2024-10-17,808,N,VIIRS,l,2,306.29,2.53,D,0
30.69588,73.9919,335.78,0.38,0.36,2024-10-17,808,N,VIIRS,l,2,306.87,1.87,D,0
30.70014,73.9137,346.97,0.38,0.36,2024-10-17,808,N,VIIRS,n,2,308.54,8.8,D,0
30.70213,74.01624,346.77,0.38,0.36,2024-10-17,808,N,VIIRS,n,2,307.41,6.56,D,0
30.70571,73.99492,335.55,0.38,0.36,2024-10-17,808,N,VIIRS,l,2,307.88,5.8,D,0
30.71345,73.95628,335.58,0.38,0.36,2024-10-17,808,N,VIIRS,n,2,308.16,3.54,D,0
30.71406,73.96027,334.77,0.38,0.36,2024-10-17,808,N,VIIRS,l,2,306.54,3.54,D,0
30.7169,73.88967,339.7,0.38,0.36,2024-10-17,808,N,VIIRS,n,2,307.66,3.26,D,0
30.71722,74.07082,332.44,0.38,0.36,2024-10-17,808,N,VIIRS,l,2,306.89,3.07,D,0
30.72829,74.03149,339.81,0.38,0.36,2024-10-17,808,N,VIIRS,n,2,309.82,4.93,D,0
30.72986,73.79636,334.2,0.38,0.36,2024-10-17,808,N,VIIRS,l,2,307.18,3.6,D,0
30.7317,73.9196,343.24,0.38,0.36,2024-10-17,808,N,VIIRS,n,2,311.38,24.65,D,0
30.73222,73.26704,347.13,0.39,0.36,2024-10-17,808,N,VIIRS,n,2,308.57,9.16,D,0
30.74588,72.9429,338.14,0.39,0.36,2024-10-17,808,N,VIIRS,n,2,304.98,5.21,D,0
30.74872,73.87491,330.54,0.38,0.36,2024-10-17,808,N,VIIRS,l,2,305.37,1.64,D,0
30.75109,74.00215,332.73,0.38,0.36,2024-10-17,808,N,VIIRS,n,2,305,1.72,D,0
30.75152,73.91554,353.74,0.38,0.36,2024-10-17,808,N,VIIRS,n,2,310.48,12.74,D,0
30.75313,73.61866,345.15,0.38,0.36,2024-10-17,808,N,VIIRS,n,2,308.12,4.02,D,0
30.7539,73.70892,334.42,0.38,0.36,2024-10-17,808,N,VIIRS,l,2,306.71,1.33,D,0
30.75421,73.91087,333.83,0.38,0.36,2024-10-17,808,N,VIIRS,n,2,307.19,2.04,D,0
30.75482,73.91486,341.13,0.38,0.36,2024-10-17,808,N,VIIRS,n,2,305.23,4.61,D,0
30.7596,73.90153,337.33,0.38,0.36,2024-10-17,808,N,VIIRS,n,2,307.11,4.74,D,0
30.7645,73.8222,335.72,0.38,0.36,2024-10-17,808,N,VIIRS,n,2,307.35,2.76,D,0
30.76511,73.8262,332.74,0.38,0.36,2024-10-17,808,N,VIIRS,l,2,306.79,2.76,D,0
30.77022,73.9488,339.68,0.38,0.36,2024-10-17,808,N,VIIRS,n,2,307.44,3.2,D,0
30.77097,73.77551,340.18,0.38,0.36,2024-10-17,808,N,VIIRS,n,2,308.16,2.39,D,0
30.77637,73.87749,340.61,0.38,0.36,2024-10-17,808,N,VIIRS,n,2,307.06,2.97,D,0
30.7771,73.81549,340.18,0.38,0.36,2024-10-17,808,N,VIIRS,n,2,308.64,2.08,D,0
30.78313,73.83527,333.85,0.38,0.36,2024-10-17,808,N,VIIRS,n,2,306.55,1.62,D,0
30.78369,73.92545,336.92,0.38,0.36,2024-10-17,808,N,VIIRS,n,2,308.49,3.53,D,0
30.7843,73.92944,335.18,0.38,0.36,2024-10-17,808,N,VIIRS,n,2,307.99,3.53,D,0
30.7848,74.04473,343.61,0.38,0.36,2024-10-17,808,N,VIIRS,n,2,305.83,3.3,D,0
30.78534,73.69455,345.55,0.38,0.36,2024-10-17,808,N,VIIRS,n,2,309.08,3.7,D,0
30.78561,73.98275,348.4,0.38,0.36,2024-10-17,808,N,VIIRS,n,2,309.35,10.74,D,0
30.79116,73.90742,336.64,0.38,0.36,2024-10-17,808,N,VIIRS,n,2,306.64,3.13,D,0
30.79342,73.3081,337,0.39,0.36,2024-10-17,808,N,VIIRS,n,2,305.08,2.11,D,0
30.79419,73.10433,334.54,0.39,0.36,2024-10-17,808,N,VIIRS,n,2,304.76,5.99,D,0
30.79483,73.10837,347.46,0.39,0.36,2024-10-17,808,N,VIIRS,n,2,308.02,5.99,D,0
30.7975,73.10362,335.87,0.39,0.36,2024-10-17,808,N,VIIRS,n,2,306.46,2.63,D,0
30.80225,74.5489,341.69,0.39,0.36,2024-10-17,808,N,VIIRS,n,2,305.34,4.26,D,0
30.8084,73.9785,335.28,0.38,0.36,2024-10-17,808,N,VIIRS,l,2,306.18,3.52,D,0
30.80843,70.72942,337.25,0.44,0.39,2024-10-17,808,N,VIIRS,n,2,304.47,3.32,D,0
30.80898,74.50204,333.15,0.39,0.36,2024-10-17,808,N,VIIRS,l,2,306.91,7.3,D,0
30.80938,70.72779,332.81,0.44,0.39,2024-10-17,808,N,VIIRS,l,2,304.6,3.08,D,0
30.81262,73.84983,334.98,0.38,0.36,2024-10-17,808,N,VIIRS,l,2,306.21,2.46,D,0
30.81479,73.77512,336.55,0.38,0.36,2024-10-17,808,N,VIIRS,n,2,308.88,3.15,D,0
30.81649,73.96449,346.12,0.38,0.36,2024-10-17,808,N,VIIRS,n,2,309.81,9.39,D,0
30.81848,73.79912,338.93,0.38,0.36,2024-10-17,808,N,VIIRS,n,2,309.89,9.18,D,0
30.81909,73.80312,333.53,0.38,0.36,2024-10-17,808,N,VIIRS,n,2,303.73,5.72,D,0
30.81916,70.78899,335.39,0.44,0.38,2024-10-17,808,N,VIIRS,n,2,305.98,2.06,D,0
30.82067,70.79205,335.92,0.44,0.38,2024-10-17,808,N,VIIRS,n,2,305.49,2.56,D,0
30.82067,74.16938,334.94,0.38,0.36,2024-10-17,808,N,VIIRS,n,2,306.61,1.61,D,0
30.83101,73.35854,333.31,0.39,0.36,2024-10-17,808,N,VIIRS,l,2,305.42,2.97,D,0
30.83158,73.86243,335.2,0.38,0.36,2024-10-17,808,N,VIIRS,l,2,307.62,5.4,D,0
30.83468,72.65925,332.08,0.39,0.36,2024-10-17,808,N,VIIRS,n,2,305.52,2.14,D,0
30.83762,73.35715,337.98,0.39,0.36,2024-10-17,808,N,VIIRS,n,2,306.32,1.89,D,0
30.83848,73.23237,334.4,0.39,0.36,2024-10-17,808,N,VIIRS,n,2,306.09,2.42,D,0
30.83929,73.82372,346.62,0.38,0.36,2024-10-17,808,N,VIIRS,n,2,307.65,14.53,D,0
30.84663,74.02843,336.85,0.38,0.36,2024-10-17,808,N,VIIRS,n,2,304.48,2.38,D,0
30.85001,72.68977,353.01,0.39,0.36,2024-10-17,808,N,VIIRS,n,2,307.03,14.14,D,0
30.85029,73.89571,331.38,0.38,0.36,2024-10-17,808,N,VIIRS,l,2,305.11,1.56,D,0
30.8539,74.07645,331.27,0.38,0.36,2024-10-17,808,N,VIIRS,n,2,303.63,1.88,D,0
30.85465,73.96906,332.93,0.38,0.36,2024-10-17,808,N,VIIRS,l,2,305.31,2.73,D,0
30.86131,73.85632,338.78,0.38,0.36,2024-10-17,808,N,VIIRS,n,2,306.66,3.6,D,0
30.86265,72.08815,335.09,0.4,0.37,2024-10-17,808,N,VIIRS,n,2,302.78,4.87,D,0
30.88333,73.88894,348.06,0.38,0.36,2024-10-17,808,N,VIIRS,n,2,304.18,4.44,D,0
30.88634,74.06573,342.02,0.38,0.36,2024-10-17,808,N,VIIRS,n,2,307.56,4.54,D,0
30.88699,74.11513,343.22,0.38,0.36,2024-10-17,808,N,VIIRS,n,2,307.4,2.97,D,0
30.89654,73.88623,336.33,0.38,0.36,2024-10-17,808,N,VIIRS,n,2,306.9,1.89,D,0
30.89905,73.88592,332.85,0.38,0.36,2024-10-17,808,N,VIIRS,n,2,306.48,1.56,D,0
30.90429,75.25629,340.83,0.39,0.37,2024-10-17,808,N,VIIRS,n,2,304.71,4.37,D,0
30.91677,74.29082,332.77,0.38,0.36,2024-10-17,808,N,VIIRS,l,2,306.57,3.07,D,0
30.91774,74.48089,331.05,0.39,0.36,2024-10-17,808,N,VIIRS,n,2,304.31,2.68,D,0
30.92759,74.52451,341.24,0.39,0.36,2024-10-17,808,N,VIIRS,n,2,303.29,3.17,D,0
30.92857,73.30937,335.29,0.39,0.36,2024-10-17,808,N,VIIRS,n,2,305.54,3,D,0
30.9309,74.52386,332.87,0.39,0.36,2024-10-17,808,N,VIIRS,l,2,303.94,3.17,D,0
30.9325,73.46149,330.18,0.39,0.36,2024-10-17,808,N,VIIRS,l,2,304.55,1.75,D,0
30.93656,73.07861,339.79,0.39,0.36,2024-10-17,808,N,VIIRS,n,2,304.59,3.4,D,0
30.94263,74.0834,335.31,0.38,0.36,2024-10-17,808,N,VIIRS,l,2,307.4,6.72,D,0
30.94444,74.20261,331.71,0.38,0.36,2024-10-17,808,N,VIIRS,l,2,306.28,2.01,D,0
30.9451,73.39297,341.78,0.39,0.36,2024-10-17,808,N,VIIRS,n,2,305.61,7.9,D,0
30.95708,74.53941,333.13,0.39,0.36,2024-10-17,808,N,VIIRS,l,2,303.4,4.79,D,0
30.9613,74.20767,339.11,0.38,0.36,2024-10-17,808,N,VIIRS,n,2,305.8,3.21,D,0
30.96153,74.05066,331.02,0.38,0.36,2024-10-17,808,N,VIIRS,n,2,305.29,1.82,D,0
30.96247,73.5261,337.48,0.38,0.36,2024-10-17,808,N,VIIRS,n,2,304.36,2.71,D,0
30.96988,73.50798,333.65,0.38,0.36,2024-10-17,808,N,VIIRS,l,2,303.86,2.39,D,0
30.99405,74.88624,330.75,0.39,0.36,2024-10-17,808,N,VIIRS,n,2,302,2.33,D,0
31.00789,74.26859,335.01,0.38,0.36,2024-10-17,808,N,VIIRS,l,2,307.02,4.51,D,0
31.01171,74.04457,333.78,0.38,0.36,2024-10-17,808,N,VIIRS,n,2,306.34,1.44,D,0
31.01438,73.39913,332.38,0.39,0.36,2024-10-17,808,N,VIIRS,n,2,303.65,2.09,D,0
31.01901,74.13814,334.39,0.38,0.36,2024-10-17,808,N,VIIRS,n,2,305.34,3.13,D,0
31.02126,73.44331,334.81,0.39,0.36,2024-10-17,808,N,VIIRS,n,2,304.88,1.33,D,0
31.03031,73.90073,333.81,0.38,0.36,2024-10-17,808,N,VIIRS,n,2,303.78,8.96,D,0
31.04035,75.04094,335.82,0.39,0.36,2024-10-17,808,N,VIIRS,n,2,304.03,3.47,D,0
31.04609,74.22778,336.91,0.38,0.36,2024-10-17,808,N,VIIRS,n,2,305.07,2.6,D,0
31.05384,74.37109,332.77,0.39,0.36,2024-10-17,808,N,VIIRS,l,2,307.66,2.65,D,0
31.05444,74.37512,336.37,0.39,0.36,2024-10-17,808,N,VIIRS,n,2,308.03,5.22,D,0
31.05522,74.61166,344.9,0.39,0.36,2024-10-17,808,N,VIIRS,n,2,311.56,16.94,D,0
31.08605,73.55922,339.58,0.38,0.36,2024-10-17,808,N,VIIRS,n,2,305.42,4.58,D,0
31.08901,74.60914,340.1,0.39,0.36,2024-10-17,808,N,VIIRS,n,2,306.55,4.34,D,0
31.09603,73.31651,332.13,0.39,0.36,2024-10-17,808,N,VIIRS,n,2,305.32,2.27,D,0
31.10903,74.31087,338.01,0.39,0.36,2024-10-17,808,N,VIIRS,n,2,306.84,2.42,D,0
31.10999,73.67017,340.34,0.38,0.36,2024-10-17,808,N,VIIRS,n,2,302.84,2.82,D,0
31.11017,73.71566,347.49,0.38,0.36,2024-10-17,808,N,VIIRS,n,2,305.42,4.91,D,0
31.12353,70.6572,335.4,0.44,0.39,2024-10-17,808,N,VIIRS,n,2,306.53,3.03,D,0
31.15718,73.75559,333.57,0.38,0.36,2024-10-17,808,N,VIIRS,l,2,304.15,8.74,D,0
31.16921,73.50498,334.61,0.38,0.36,2024-10-17,808,N,VIIRS,n,2,302.75,1.96,D,0
31.18316,70.70757,334.8,0.44,0.38,2024-10-17,808,N,VIIRS,n,2,305.17,2.69,D,0
31.20618,75.07329,345.4,0.39,0.36,2024-10-17,808,N,VIIRS,n,2,304.33,12.06,D,0
31.20753,73.4222,337.12,0.38,0.36,2024-10-17,808,N,VIIRS,n,2,304.13,3.99,D,0
31.23879,73.84687,333.33,0.38,0.36,2024-10-17,808,N,VIIRS,n,2,303.36,2.72,D,0
31.28126,75.36103,333.64,0.4,0.37,2024-10-17,808,N,VIIRS,n,2,302.76,10.53,D,0
31.29013,74.36674,334.9,0.39,0.36,2024-10-17,808,N,VIIRS,n,2,304.48,2.19,D,0
31.29073,74.37078,331.48,0.39,0.36,2024-10-17,808,N,VIIRS,n,2,303.14,1.87,D,0
31.29473,74.53659,340.94,0.39,0.36,2024-10-17,808,N,VIIRS,n,2,304.66,3.59,D,0
31.29805,74.53593,335.29,0.39,0.36,2024-10-17,808,N,VIIRS,n,2,302.86,3.59,D,0
31.30077,74.53121,342.51,0.39,0.36,2024-10-17,808,N,VIIRS,n,2,307.12,7.16,D,0
31.30409,74.53056,333.98,0.39,0.36,2024-10-17,808,N,VIIRS,n,2,302.21,7.16,D,0
31.3103,74.59612,336.49,0.39,0.36,2024-10-17,808,N,VIIRS,n,2,304.36,6.14,D,0
31.35153,74.5342,331.58,0.39,0.36,2024-10-17,808,N,VIIRS,n,2,306.36,1.9,D,0
31.35563,74.67979,349.05,0.39,0.36,2024-10-17,808,N,VIIRS,n,2,305.98,6.62,D,0
31.36539,74.65273,330.39,0.39,0.36,2024-10-17,808,N,VIIRS,n,2,300.9,1.26,D,0
31.3724,74.63039,332.43,0.39,0.36,2024-10-17,808,N,VIIRS,n,2,303.09,1.56,D,0
31.37407,74.57151,350.29,0.39,0.36,2024-10-17,808,N,VIIRS,n,2,306.71,5.37,D,0
31.37739,74.57085,337.19,0.39,0.36,2024-10-17,808,N,VIIRS,n,2,305.81,5.37,D,0
31.38294,74.51543,345.48,0.39,0.36,2024-10-17,808,N,VIIRS,n,2,306.64,5.02,D,0
31.39119,75.05991,337.37,0.39,0.36,2024-10-17,808,N,VIIRS,n,2,305.3,3.23,D,0
31.43528,74.97153,334.23,0.39,0.36,2024-10-17,808,N,VIIRS,n,2,302.82,4.04,D,0
31.46483,73.90887,339.48,0.38,0.36,2024-10-17,808,N,VIIRS,n,2,303.95,2.24,D,0
31.46942,75.13905,341.02,0.39,0.37,2024-10-17,808,N,VIIRS,n,2,304.46,4.11,D,0
31.48088,73.9928,331.13,0.38,0.36,2024-10-17,808,N,VIIRS,n,2,302.11,1.67,D,0
31.48088,75.09851,345.66,0.39,0.36,2024-10-17,808,N,VIIRS,n,2,307.67,10.18,D,0
31.48595,75.1828,336.69,0.4,0.37,2024-10-17,808,N,VIIRS,n,2,303.22,2.61,D,0
31.4937,73.91955,335.72,0.38,0.36,2024-10-17,808,N,VIIRS,n,2,306.68,5.45,D,0
31.49431,73.92358,333.18,0.38,0.36,2024-10-17,808,N,VIIRS,n,2,303.15,4.14,D,0
31.5049,73.97125,334.26,0.38,0.36,2024-10-17,808,N,VIIRS,l,2,305.58,2.1,D,0
31.5081,74.63321,333.73,0.39,0.36,2024-10-17,808,N,VIIRS,n,2,303.83,3.49,D,0
31.50869,74.6373,355.93,0.39,0.36,2024-10-17,808,N,VIIRS,n,2,309.24,16.78,D,0
31.50881,75.24685,337.48,0.4,0.37,2024-10-17,808,N,VIIRS,n,2,305.8,3.13,D,0
31.51143,74.63255,341.94,0.39,0.36,2024-10-17,808,N,VIIRS,n,2,305.1,6.46,D,0
31.51202,74.63664,350.92,0.39,0.36,2024-10-17,808,N,VIIRS,n,2,302.9,11.64,D,0
31.51245,73.99879,333.14,0.38,0.36,2024-10-17,808,N,VIIRS,n,2,301.97,4.57,D,0
31.51812,73.96854,334.51,0.38,0.36,2024-10-17,808,N,VIIRS,n,2,302.88,1.93,D,0
31.52508,74.60887,333.12,0.39,0.36,2024-10-17,808,N,VIIRS,n,2,304.22,2.36,D,0
31.53917,72.66631,333.05,0.39,0.36,2024-10-17,808,N,VIIRS,n,2,304.73,2.58,D,0
31.57423,73.89494,332.67,0.38,0.36,2024-10-17,808,N,VIIRS,n,2,302.17,1.07,D,0
31.58706,74.07121,331.03,0.38,0.36,2024-10-17,808,N,VIIRS,l,2,304.97,2.1,D,0
31.59276,74.04089,332.84,0.38,0.36,2024-10-17,808,N,VIIRS,n,2,301.86,1.66,D,0
31.61158,72.87041,332.73,0.39,0.36,2024-10-17,808,N,VIIRS,n,2,305.59,2.26,D,0
31.61489,72.8697,336.08,0.39,0.36,2024-10-17,808,N,VIIRS,n,2,302.1,2.74,D,0
31.61897,75.23916,335.5,0.4,0.37,2024-10-17,808,N,VIIRS,n,2,305.88,4.05,D,0
31.62107,74.71242,335.53,0.39,0.36,2024-10-17,808,N,VIIRS,n,2,301.69,3.27,D,0
31.62134,74.6198,330.97,0.39,0.36,2024-10-17,808,N,VIIRS,l,2,301.68,1,D,0
31.62555,74.05502,333.35,0.38,0.36,2024-10-17,808,N,VIIRS,n,2,301.86,1.45,D,0
31.62902,70.72138,333.02,0.43,0.38,2024-10-17,808,N,VIIRS,n,2,302.19,3.73,D,0
31.63534,74.575,332.8,0.39,0.36,2024-10-17,808,N,VIIRS,n,2,302.41,1.94,D,0
31.63991,75.06049,333.8,0.39,0.37,2024-10-17,808,N,VIIRS,n,2,304.05,2.34,D,0
31.64049,75.06464,333.73,0.39,0.37,2024-10-17,808,N,VIIRS,n,2,305.51,2.34,D,0
31.64511,70.68903,332.09,0.44,0.38,2024-10-17,808,N,VIIRS,n,2,304.51,1.6,D,0
31.64622,72.80811,346.81,0.39,0.36,2024-10-17,808,N,VIIRS,n,2,304.1,6.28,D,0
31.64677,74.52271,334.22,0.39,0.36,2024-10-17,808,N,VIIRS,n,2,303.73,2.14,D,0
31.65157,70.6637,330.77,0.44,0.38,2024-10-17,808,N,VIIRS,n,2,304.48,2.19,D,0
31.65922,74.81046,338.71,0.39,0.36,2024-10-17,808,N,VIIRS,n,2,305.82,3.11,D,0
31.67614,73.78354,339.65,0.38,0.36,2024-10-17,808,N,VIIRS,n,2,303.93,4.43,D,0
31.67791,74.13177,338.67,0.39,0.36,2024-10-17,808,N,VIIRS,n,2,307.43,4.31,D,0
31.68207,75.09077,335.58,0.39,0.37,2024-10-17,808,N,VIIRS,l,2,307.84,2.36,D,0
31.68451,74.31413,330.53,0.39,0.36,2024-10-17,808,N,VIIRS,n,2,302.92,1.17,D,0
31.68783,74.31345,334.02,0.39,0.36,2024-10-17,808,N,VIIRS,n,2,304.56,2.55,D,0
31.68846,75.20947,332.84,0.4,0.37,2024-10-17,808,N,VIIRS,n,2,302.88,1.26,D,0
31.70098,70.82198,336.71,0.43,0.38,2024-10-17,808,N,VIIRS,n,2,304.36,4.54,D,0
31.70151,70.82318,337.21,0.43,0.38,2024-10-17,808,N,VIIRS,n,2,303.99,4.05,D,0
31.70367,72.23389,330.87,0.4,0.37,2024-10-17,808,N,VIIRS,l,2,300.98,2.86,D,0
31.70832,72.21993,338.54,0.4,0.37,2024-10-17,808,N,VIIRS,n,2,305.48,6.48,D,0
31.70889,75.01301,331.67,0.39,0.36,2024-10-17,808,N,VIIRS,n,2,305.68,2.14,D,0
31.71155,74.40495,331.07,0.39,0.36,2024-10-17,808,N,VIIRS,n,2,302.22,2.09,D,0
31.71576,73.88776,335.11,0.38,0.36,2024-10-17,808,N,VIIRS,n,2,302.49,3.42,D,0
31.71719,74.07918,336.47,0.38,0.36,2024-10-17,808,N,VIIRS,n,2,304.1,2.72,D,0
31.71943,74.36568,336.34,0.39,0.36,2024-10-17,808,N,VIIRS,n,2,303.43,1.61,D,0
31.72288,73.84464,341.01,0.38,0.36,2024-10-17,808,N,VIIRS,n,2,303.22,6.09,D,0
31.72471,74.73037,330.44,0.39,0.36,2024-10-17,808,N,VIIRS,l,2,301.35,1.36,D,0
31.72524,73.04749,332,0.39,0.36,2024-10-17,808,N,VIIRS,n,2,305.16,1.1,D,0
31.72955,73.66419,335.61,0.38,0.36,2024-10-17,808,N,VIIRS,n,2,303.31,1.8,D,0
31.72968,74.86062,333.6,0.39,0.36,2024-10-17,808,N,VIIRS,n,2,304.03,2.93,D,0
31.73037,70.74092,333.56,0.43,0.38,2024-10-17,808,N,VIIRS,n,2,303.32,5.71,D,0
31.73117,70.74545,338.26,0.43,0.38,2024-10-17,808,N,VIIRS,n,2,304.89,5.71,D,0
31.73385,70.74008,337.33,0.43,0.38,2024-10-17,808,N,VIIRS,n,2,306.15,5.8,D,0
31.73435,73.50101,332.81,0.38,0.36,2024-10-17,808,N,VIIRS,l,2,303.38,2.08,D,0
31.73985,75.12723,332.5,0.4,0.37,2024-10-17,808,N,VIIRS,l,2,303.04,2.36,D,0
31.74507,74.70524,330.59,0.39,0.36,2024-10-17,808,N,VIIRS,n,2,302.36,1.96,D,0
31.75451,74.14659,331.78,0.39,0.36,2024-10-17,808,N,VIIRS,n,2,304.02,2.75,D,0
31.75794,75.25698,330.78,0.4,0.37,2024-10-17,808,N,VIIRS,n,2,304.33,1.85,D,0
31.76114,74.69785,332.72,0.39,0.36,2024-10-17,808,N,VIIRS,n,2,302.4,2.22,D,0
31.76131,75.25634,341.58,0.4,0.37,2024-10-17,808,N,VIIRS,n,2,305.06,8.1,D,0
31.76493,74.6296,334.48,0.39,0.36,2024-10-17,808,N,VIIRS,n,2,301.78,2.7,D,0
31.76779,74.44527,343.8,0.39,0.36,2024-10-17,808,N,VIIRS,n,2,303.12,10.47,D,0
31.77169,73.30113,335.22,0.38,0.36,2024-10-17,808,N,VIIRS,n,2,302.88,2.66,D,0
31.77278,73.33015,332.74,0.38,0.36,2024-10-17,808,N,VIIRS,n,2,302.61,2.38,D,0
31.77621,74.45619,333.2,0.39,0.36,2024-10-17,808,N,VIIRS,n,2,301.18,1.93,D,0
31.77921,73.74998,334.54,0.38,0.36,2024-10-17,808,N,VIIRS,n,2,301.88,2.61,D,0
31.78081,74.6531,341.24,0.39,0.36,2024-10-17,808,N,VIIRS,n,2,303.5,3.72,D,0
31.78251,73.7493,340.29,0.38,0.36,2024-10-17,808,N,VIIRS,n,2,303.2,2.61,D,0
31.78934,74.04391,350.33,0.38,0.36,2024-10-17,808,N,VIIRS,n,2,303.27,4.78,D,0
31.79236,73.10906,330.88,0.39,0.36,2024-10-17,808,N,VIIRS,l,2,303.03,1.92,D,0
31.7924,74.08051,332.56,0.38,0.36,2024-10-17,808,N,VIIRS,l,2,304.18,1.37,D,0
31.7944,74.55767,344.18,0.39,0.36,2024-10-17,808,N,VIIRS,n,2,308.51,2.99,D,0
31.79477,74.08038,335.42,0.38,0.36,2024-10-17,808,N,VIIRS,n,2,304.41,2.48,D,0
31.79652,74.00071,333.54,0.38,0.36,2024-10-17,808,N,VIIRS,l,2,303.86,3.92,D,0
31.79713,74.00476,333.78,0.38,0.36,2024-10-17,808,N,VIIRS,n,2,303.53,5.14,D,0
31.79772,74.55701,342.44,0.39,0.36,2024-10-17,808,N,VIIRS,n,2,305.7,4.49,D,0
31.80656,70.73818,335.88,0.43,0.38,2024-10-17,808,N,VIIRS,n,2,303.64,2.32,D,0
31.80657,74.29075,341.35,0.39,0.36,2024-10-17,808,N,VIIRS,n,2,305,6.7,D,0
31.81161,74.39454,338.98,0.39,0.36,2024-10-17,808,N,VIIRS,n,2,301.97,2.58,D,0
31.8119,70.72745,334.18,0.43,0.38,2024-10-17,808,N,VIIRS,n,2,303.45,2.7,D,0
31.81441,73.89275,331.04,0.38,0.36,2024-10-17,808,N,VIIRS,n,2,302.2,2,D,0
31.81511,70.8067,335.61,0.43,0.38,2024-10-17,808,N,VIIRS,n,2,304.56,1.91,D,0
31.81649,74.33483,340.2,0.39,0.36,2024-10-17,808,N,VIIRS,n,2,303.32,4.82,D,0
31.81706,74.66703,341.58,0.39,0.36,2024-10-17,808,N,VIIRS,n,2,303.58,6.22,D,0
31.81857,74.37217,339.01,0.39,0.36,2024-10-17,808,N,VIIRS,n,2,302.74,7.91,D,0
31.82188,74.3715,367,0.39,0.36,2024-10-17,808,N,VIIRS,h,2,308.16,7.91,D,0
31.82248,74.37557,338.79,0.39,0.36,2024-10-17,808,N,VIIRS,n,2,303.7,5.96,D,0
31.8252,74.37083,346.03,0.39,0.36,2024-10-17,808,N,VIIRS,n,2,300.59,5.01,D,0
31.8258,74.3749,334.77,0.39,0.36,2024-10-17,808,N,VIIRS,n,2,301.02,3.87,D,0
31.82587,74.65684,330.47,0.39,0.36,2024-10-17,808,N,VIIRS,l,2,302.75,3.06,D,0
31.82908,74.58447,343.37,0.39,0.36,2024-10-17,808,N,VIIRS,n,2,302.37,3.33,D,0
31.83153,73.66822,336.42,0.38,0.36,2024-10-17,808,N,VIIRS,n,2,305.48,1.63,D,0
31.83211,73.18841,334.31,0.39,0.36,2024-10-17,808,N,VIIRS,n,2,302.1,4.27,D,0
31.83241,74.5838,336.21,0.39,0.36,2024-10-17,808,N,VIIRS,n,2,300.23,3.33,D,0
31.83376,73.70528,338.41,0.38,0.36,2024-10-17,808,N,VIIRS,n,2,303.57,3.6,D,0
31.83925,74.24263,335.38,0.39,0.36,2024-10-17,808,N,VIIRS,n,2,300.96,4.07,D,0
31.84492,73.98243,333.8,0.38,0.36,2024-10-17,808,N,VIIRS,n,2,302.3,1.28,D,0
31.84537,73.69502,331.93,0.38,0.36,2024-10-17,808,N,VIIRS,l,2,304.19,3.03,D,0
31.84612,73.71938,348.2,0.38,0.36,2024-10-17,808,N,VIIRS,n,2,306.61,8.98,D,0
31.85285,73.87646,334.11,0.38,0.36,2024-10-17,808,N,VIIRS,n,2,304.65,2.2,D,0
31.85313,74.19795,334.85,0.39,0.36,2024-10-17,808,N,VIIRS,n,2,303.12,2.27,D,0
31.85927,74.60378,333.29,0.39,0.36,2024-10-17,808,N,VIIRS,n,2,303.16,6.42,D,0
31.87119,74.22778,333.01,0.39,0.36,2024-10-17,808,N,VIIRS,n,2,302.11,3.23,D,0
31.87646,73.74277,334.8,0.38,0.36,2024-10-17,808,N,VIIRS,n,2,301.23,3.4,D,0
31.87806,73.77581,338.16,0.38,0.36,2024-10-17,808,N,VIIRS,n,2,302.36,2.92,D,0
31.88217,74.53638,330.38,0.39,0.36,2024-10-17,808,N,VIIRS,n,2,303.36,1.94,D,0
31.88252,73.89589,341.73,0.38,0.36,2024-10-17,808,N,VIIRS,n,2,303.5,3.72,D,0
31.88685,74.19529,330.83,0.39,0.36,2024-10-17,808,N,VIIRS,n,2,303.94,2.14,D,0
31.88891,74.04859,331.55,0.38,0.36,2024-10-17,808,N,VIIRS,n,2,303.29,2.67,D,0
31.88951,74.05264,334.94,0.38,0.36,2024-10-17,808,N,VIIRS,n,2,304.44,5.91,D,0
31.89437,73.99785,331.49,0.38,0.36,2024-10-17,808,N,VIIRS,n,2,303.12,2.08,D,0
31.89557,74.13911,334.7,0.39,0.36,2024-10-17,808,N,VIIRS,n,2,303.93,3.1,D,0
31.89977,74.70612,338.77,0.39,0.36,2024-10-17,808,N,VIIRS,n,2,303.63,6.03,D,0
31.90632,73.78246,330.85,0.38,0.36,2024-10-17,808,N,VIIRS,n,2,301.48,1.77,D,0
31.9082,74.13236,341.54,0.39,0.36,2024-10-17,808,N,VIIRS,n,2,304.34,5.46,D,0
31.90855,74.0701,335.87,0.39,0.36,2024-10-17,808,N,VIIRS,n,2,302.42,1.77,D,0
31.91103,74.59392,332.57,0.39,0.36,2024-10-17,808,N,VIIRS,n,2,301.3,2.23,D,0
31.91206,74.3663,337.91,0.39,0.36,2024-10-17,808,N,VIIRS,n,2,302.42,3.91,D,0
31.91234,74.55566,335.65,0.39,0.36,2024-10-17,808,N,VIIRS,n,2,301.78,3.33,D,0
31.9181,74.36089,332.99,0.39,0.36,2024-10-17,808,N,VIIRS,n,2,303.63,2.38,D,0
31.92291,74.55778,332.03,0.39,0.36,2024-10-17,808,N,VIIRS,n,2,300.85,3.28,D,0
31.92991,74.27875,333.88,0.39,0.36,2024-10-17,808,N,VIIRS,n,2,302.01,4.11,D,0
31.93079,74.75512,334.27,0.39,0.36,2024-10-17,808,N,VIIRS,n,2,302.26,4.72,D,0
31.94115,73.90049,334.22,0.38,0.36,2024-10-17,808,N,VIIRS,l,2,305.04,2.71,D,0
31.95199,74.97682,332.63,0.39,0.37,2024-10-17,808,N,VIIRS,n,2,301.78,6.66,D,0
31.95692,74.62707,334.74,0.39,0.36,2024-10-17,808,N,VIIRS,n,2,302.04,4.25,D,0
31.95714,74.3536,346.26,0.39,0.36,2024-10-17,808,N,VIIRS,n,2,302.24,5.67,D,0
31.95992,73.82142,336.36,0.38,0.36,2024-10-17,808,N,VIIRS,n,2,304.15,2.51,D,0
31.96062,74.42442,340.16,0.39,0.36,2024-10-17,808,N,VIIRS,n,2,303.33,4.8,D,0
31.96323,74.64698,346.68,0.39,0.36,2024-10-17,808,N,VIIRS,n,2,304.02,3.9,D,0
31.96393,74.1676,333.77,0.39,0.36,2024-10-17,808,N,VIIRS,n,2,302.97,2.05,D,0
31.97391,74.42175,333.78,0.39,0.36,2024-10-17,808,N,VIIRS,n,2,302.54,2.11,D,0
31.97856,74.50089,330.67,0.39,0.36,2024-10-17,808,N,VIIRS,n,2,302.3,2.58,D,0
31.98791,73.31866,334.06,0.38,0.36,2024-10-17,808,N,VIIRS,n,2,303.46,2.2,D,0
31.99233,74.54881,331.77,0.39,0.36,2024-10-17,808,N,VIIRS,n,2,301.91,1.95,D,0
31.99776,73.94349,333.27,0.38,0.36,2024-10-17,808,N,VIIRS,n,2,303.16,3.63,D,0
32.00331,74.31906,335.78,0.39,0.36,2024-10-17,808,N,VIIRS,n,2,303.14,1.72,D,0
32.00734,73.91642,334.97,0.38,0.36,2024-10-17,808,N,VIIRS,n,2,303.12,2.14,D,0
32.00966,74.50311,330.75,0.39,0.36,2024-10-17,808,N,VIIRS,n,2,301.94,1.77,D,0
32.01342,74.43489,331.74,0.39,0.36,2024-10-17,808,N,VIIRS,n,2,300.81,2.59,D,0
32.01827,74.42126,338.69,0.39,0.36,2024-10-17,808,N,VIIRS,n,2,303.27,2.4,D,0
32.0281,70.88761,331.31,0.43,0.38,2024-10-17,808,N,VIIRS,n,2,301.22,2.55,D,0
32.04146,74.16895,336.62,0.39,0.36,2024-10-17,808,N,VIIRS,n,2,303.28,2.19,D,0
32.04609,73.76624,334.44,0.38,0.36,2024-10-17,808,N,VIIRS,n,2,302.13,2.02,D,0
32.05241,74.39754,333.49,0.39,0.36,2024-10-17,808,N,VIIRS,n,2,302.11,1.44,D,0
32.05269,74.70627,337.71,0.39,0.36,2024-10-17,808,N,VIIRS,n,2,301.48,5.73,D,0
32.06107,74.48016,333.57,0.39,0.36,2024-10-17,808,N,VIIRS,n,2,303.4,6.12,D,0
32.06129,74.2573,342.61,0.39,0.36,2024-10-17,808,N,VIIRS,n,2,305.75,2.79,D,0
32.06161,74.84077,334.85,0.39,0.36,2024-10-17,808,N,VIIRS,n,2,303.3,3.55,D,0
32.06336,74.29472,332.94,0.39,0.36,2024-10-17,808,N,VIIRS,n,2,302.85,2.48,D,0
32.08781,74.90404,333.39,0.39,0.36,2024-10-17,808,N,VIIRS,n,2,301.93,3.74,D,0
32.08969,74.4284,344.3,0.39,0.36,2024-10-17,808,N,VIIRS,n,2,302.06,3.07,D,0
32.09615,74.35543,332.23,0.39,0.36,2024-10-17,808,N,VIIRS,n,2,300.75,0.97,D,0
32.09707,74.50294,343.06,0.39,0.36,2024-10-17,808,N,VIIRS,n,2,303.63,6.2,D,0
32.09761,74.38885,346.36,0.39,0.36,2024-10-17,808,N,VIIRS,n,2,304.54,8.72,D,0
32.10101,75.02156,340.68,0.4,0.37,2024-10-17,808,N,VIIRS,n,2,301.68,3.22,D,0
32.11039,74.28941,334.2,0.39,0.36,2024-10-17,808,N,VIIRS,n,2,303.79,4.14,D,0
32.11089,74.38618,337.31,0.39,0.36,2024-10-17,808,N,VIIRS,n,2,303.37,5.58,D,0
32.11696,73.87827,331.44,0.38,0.36,2024-10-17,808,N,VIIRS,n,2,304.23,2.01,D,0
32.13029,74.28538,333.71,0.39,0.36,2024-10-17,808,N,VIIRS,n,2,303.1,4.54,D,0
32.14323,73.20748,334.76,0.38,0.36,2024-10-17,808,N,VIIRS,n,2,301.8,2.88,D,0
32.14442,73.78886,340.75,0.38,0.36,2024-10-17,808,N,VIIRS,n,2,302.49,4.4,D,0
32.14699,73.7381,347.76,0.38,0.36,2024-10-17,808,N,VIIRS,n,2,302.99,4.42,D,0
32.14957,75.01701,334.76,0.4,0.37,2024-10-17,808,N,VIIRS,n,2,302.68,2.93,D,0
32.15015,75.02121,332.15,0.4,0.37,2024-10-17,808,N,VIIRS,n,2,300.74,2.93,D,0
32.15142,74.95646,336.5,0.39,0.37,2024-10-17,808,N,VIIRS,n,2,301.83,2.72,D,0
32.15175,73.83757,333.37,0.38,0.36,2024-10-17,808,N,VIIRS,n,2,302.83,1.96,D,0
32.15581,73.77393,342.56,0.38,0.36,2024-10-17,808,N,VIIRS,n,2,304.22,10.17,D,0
32.15744,73.62712,333.74,0.38,0.36,2024-10-17,808,N,VIIRS,n,2,302.28,2.28,D,0
32.15829,74.27262,331.1,0.39,0.36,2024-10-17,808,N,VIIRS,n,2,301.38,1.68,D,0
32.15911,73.77324,352.49,0.38,0.36,2024-10-17,808,N,VIIRS,n,2,306.48,10.17,D,0
32.15931,73.62291,333.56,0.38,0.36,2024-10-17,808,N,VIIRS,n,2,303.32,5.95,D,0
32.15993,73.62697,346.7,0.38,0.36,2024-10-17,808,N,VIIRS,n,2,305.18,5.95,D,0
32.16167,73.8355,340.07,0.38,0.36,2024-10-17,808,N,VIIRS,n,2,302.47,2.38,D,0
32.16303,73.77662,344.38,0.38,0.36,2024-10-17,808,N,VIIRS,n,2,302.66,4.41,D,0
32.16364,73.78067,332.87,0.38,0.36,2024-10-17,808,N,VIIRS,n,2,301.66,2.95,D,0
32.16792,73.6797,334.95,0.38,0.36,2024-10-17,808,N,VIIRS,n,2,304.53,3.68,D,0
32.17038,73.69593,338.91,0.38,0.36,2024-10-17,808,N,VIIRS,n,2,303.93,2.89,D,0
32.17313,74.86642,335.65,0.39,0.36,2024-10-17,808,N,VIIRS,n,2,304.9,2.99,D,0
32.17711,73.74057,331.39,0.38,0.36,2024-10-17,808,N,VIIRS,n,2,301.77,1.91,D,0
32.18247,74.7151,330.8,0.39,0.36,2024-10-17,808,N,VIIRS,n,2,301.19,1.3,D,0
32.19302,73.73307,346.21,0.38,0.36,2024-10-17,808,N,VIIRS,n,2,302.59,5.95,D,0
32.19419,75.26389,341.58,0.4,0.37,2024-10-17,808,N,VIIRS,n,2,302.48,4.05,D,0
32.19614,74.81056,347.39,0.39,0.36,2024-10-17,808,N,VIIRS,n,2,305.05,5.33,D,0
32.20033,74.91254,334.59,0.39,0.37,2024-10-17,808,N,VIIRS,n,2,302.47,2.47,D,0
32.20046,74.67322,337.61,0.39,0.36,2024-10-17,808,N,VIIRS,n,2,304.36,2.87,D,0
32.20058,74.74562,335.95,0.39,0.36,2024-10-17,808,N,VIIRS,n,2,306.67,2.89,D,0
32.20197,74.31434,332.36,0.39,0.36,2024-10-17,808,N,VIIRS,n,2,301.95,0.9,D,0
32.2038,74.67255,336.06,0.39,0.36,2024-10-17,808,N,VIIRS,n,2,302.97,2.87,D,0
32.20707,73.31126,331.85,0.38,0.36,2024-10-17,808,N,VIIRS,l,2,302.07,2.62,D,0
32.20707,73.82648,338.71,0.38,0.36,2024-10-17,808,N,VIIRS,n,2,304.17,2.43,D,0
32.20881,73.96819,347.74,0.38,0.36,2024-10-17,808,N,VIIRS,n,2,310.13,4.46,D,0
32.21118,73.96808,348.19,0.39,0.36,2024-10-17,808,N,VIIRS,n,2,311.14,12.11,D,0
32.2116,73.83392,333.04,0.38,0.36,2024-10-17,808,N,VIIRS,n,2,302.23,1.82,D,0
32.21299,73.59489,341.64,0.38,0.36,2024-10-17,808,N,VIIRS,n,2,303.4,5.12,D,0
32.21577,73.81628,330.35,0.38,0.36,2024-10-17,808,N,VIIRS,l,2,303.64,1.72,D,0
32.21795,73.85356,335.23,0.38,0.36,2024-10-17,808,N,VIIRS,n,2,301.9,2.41,D,0
32.22848,73.85558,335.91,0.38,0.36,2024-10-17,808,N,VIIRS,n,2,303.97,2.69,D,0
32.22882,73.88065,334.46,0.38,0.36,2024-10-17,808,N,VIIRS,n,2,301.5,1.79,D,0
32.23499,74.8301,333.22,0.39,0.36,2024-10-17,808,N,VIIRS,n,2,302.59,2.38,D,0
32.23644,73.95457,345.14,0.38,0.36,2024-10-17,808,N,VIIRS,n,2,308.28,12.7,D,0
32.23805,73.71529,336.52,0.38,0.36,2024-10-17,808,N,VIIRS,n,2,302.8,2.95,D,0
32.23975,73.9539,340.31,0.38,0.36,2024-10-17,808,N,VIIRS,n,2,304.37,12.7,D,0
32.24462,74.46632,343.69,0.39,0.36,2024-10-17,808,N,VIIRS,n,2,303.53,5.1,D,0
32.24622,73.86028,333.89,0.38,0.36,2024-10-17,808,N,VIIRS,n,2,303.85,2.17,D,0
32.24683,73.86434,331.11,0.38,0.36,2024-10-17,808,N,VIIRS,l,2,304.3,1.26,D,0
32.25694,74.00063,335.67,0.39,0.36,2024-10-17,808,N,VIIRS,n,2,300.77,2.94,D,0
32.26345,73.90704,331.9,0.38,0.36,2024-10-17,808,N,VIIRS,n,2,301.07,1,D,0
32.26371,73.88601,336.35,0.38,0.36,2024-10-17,808,N,VIIRS,n,2,303.17,3.83,D,0
32.27134,74.28386,340.67,0.39,0.36,2024-10-17,808,N,VIIRS,n,2,303.12,2.85,D,0
32.28699,73.00091,332.93,0.39,0.36,2024-10-17,808,N,VIIRS,n,2,301.71,1.68,D,0
32.28937,73.62964,332.67,0.38,0.36,2024-10-17,808,N,VIIRS,n,2,302.42,3.66,D,0
32.28985,73.2983,330.47,0.38,0.36,2024-10-17,808,N,VIIRS,n,2,302.6,2.28,D,0
32.28998,73.6337,333.8,0.38,0.36,2024-10-17,808,N,VIIRS,n,2,303.46,3.66,D,0
32.29107,73.52869,336.57,0.38,0.36,2024-10-17,808,N,VIIRS,n,2,301.99,2.17,D,0
32.3021,74.02914,335.74,0.39,0.36,2024-10-17,808,N,VIIRS,n,2,302.11,2.9,D,0
32.30429,73.08966,333.28,0.39,0.36,2024-10-17,808,N,VIIRS,n,2,302.65,1.69,D,0
32.30529,74.51826,332.69,0.39,0.36,2024-10-17,808,N,VIIRS,n,2,300.64,2.07,D,0
32.32807,74.80749,332.5,0.39,0.36,2024-10-17,808,N,VIIRS,n,2,302.93,2.23,D,0
32.32926,74.25945,338.45,0.39,0.36,2024-10-17,808,N,VIIRS,n,2,303.33,3.38,D,0
32.33982,74.16872,332.54,0.39,0.36,2024-10-17,808,N,VIIRS,n,2,303.22,1.37,D,0
32.35043,73.87698,338.71,0.38,0.36,2024-10-17,808,N,VIIRS,n,2,304.17,4.65,D,0
32.35545,73.46507,339.35,0.38,0.36,2024-10-17,808,N,VIIRS,n,2,302.25,3.19,D,0
32.35993,74.05568,332.46,0.39,0.36,2024-10-17,808,N,VIIRS,n,2,302.79,2.37,D,0
32.36119,73.41351,337.51,0.38,0.36,2024-10-17,808,N,VIIRS,n,2,304.55,4.08,D,0
32.36969,73.49142,333.14,0.38,0.36,2024-10-17,808,N,VIIRS,n,2,300.72,2.08,D,0
32.36993,74.37383,338.12,0.39,0.36,2024-10-17,808,N,VIIRS,n,2,301.71,2.6,D,0
32.37044,74.01144,347.25,0.39,0.36,2024-10-17,808,N,VIIRS,n,2,304.23,4.37,D,0
32.37326,74.37315,334.21,0.39,0.36,2024-10-17,808,N,VIIRS,n,2,303.09,3.12,D,0
32.37626,73.64074,336.64,0.38,0.36,2024-10-17,808,N,VIIRS,n,2,301.06,2.88,D,0
32.38152,74.90928,337.28,0.4,0.37,2024-10-17,808,N,VIIRS,n,2,300.61,2.67,D,0
32.38359,74.68153,338.98,0.39,0.36,2024-10-17,808,N,VIIRS,n,2,303.3,3.98,D,0
32.39059,74.2645,333.93,0.39,0.36,2024-10-17,808,N,VIIRS,n,2,301.91,3.68,D,0
32.39356,73.96042,333.91,0.39,0.36,2024-10-17,808,N,VIIRS,n,2,304.27,3.02,D,0
32.39384,74.70515,332.63,0.39,0.36,2024-10-17,808,N,VIIRS,n,2,300.59,3.4,D,0
32.39846,73.83339,342.98,0.38,0.36,2024-10-17,808,N,VIIRS,n,2,303.6,5.29,D,0
32.40179,74.2242,336.88,0.39,0.36,2024-10-17,808,N,VIIRS,n,2,302.55,2.23,D,0
32.41031,74.8692,331.2,0.39,0.37,2024-10-17,808,N,VIIRS,n,2,300.9,1.91,D,0
32.41234,74.22627,339.82,0.39,0.36,2024-10-17,808,N,VIIRS,n,2,302.31,3.5,D,0
32.41818,73.45177,332.62,0.38,0.36,2024-10-17,808,N,VIIRS,n,2,302.38,2.28,D,0
32.41866,74.24612,335.96,0.39,0.36,2024-10-17,808,N,VIIRS,n,2,300.1,3.4,D,0
32.4201,73.30858,339.41,0.38,0.36,2024-10-17,808,N,VIIRS,n,2,301.53,2.21,D,0
32.42555,74.03799,337.11,0.39,0.36,2024-10-17,808,N,VIIRS,n,2,303.45,3.82,D,0
32.43086,74.99028,332.88,0.4,0.37,2024-10-17,808,N,VIIRS,n,2,301.44,2.03,D,0
32.45159,74.0836,340.49,0.39,0.36,2024-10-17,808,N,VIIRS,n,2,303.65,4.11,D,0
32.45562,74.66795,330.65,0.39,0.36,2024-10-17,808,N,VIIRS,n,2,300.49,1.91,D,0
32.53901,74.81882,336.4,0.39,0.37,2024-10-17,808,N,VIIRS,n,2,303.84,3.33,D,0
32.54176,74.81396,336.63,0.39,0.36,2024-10-17,808,N,VIIRS,n,2,303.57,3.33,D,0
32.54236,74.81816,333.48,0.39,0.37,2024-10-17,808,N,VIIRS,n,2,302.6,3.33,D,0
32.54315,73.58202,332.52,0.38,0.36,2024-10-17,808,N,VIIRS,n,2,301.34,2.16,D,0
32.54524,74.61213,335.01,0.39,0.36,2024-10-17,808,N,VIIRS,n,2,302.83,2.22,D,0
32.5654,74.39487,332.49,0.39,0.36,2024-10-17,808,N,VIIRS,n,2,301.6,1.62,D,0
32.57871,74.39219,335.46,0.39,0.36,2024-10-17,808,N,VIIRS,n,2,301.64,1.99,D,0
32.62855,74.60556,330.35,0.39,0.36,2024-10-17,808,N,VIIRS,n,2,301.02,2.25,D,0
32.63189,74.60489,338.5,0.39,0.36,2024-10-17,808,N,VIIRS,n,2,300.72,2.25,D,0
32.79994,74.42624,331.52,0.39,0.36,2024-10-17,808,N,VIIRS,n,2,302.75,2.95,D,0
32.8069,72.48732,332.02,0.39,0.36,2024-10-17,808,N,VIIRS,n,2,303.6,1.59,D,0
33.0466,73.02232,341.57,0.38,0.36,2024-10-17,808,N,VIIRS,n,2,303.63,1.8,D,0
31.61507,74.37636,306.25,0.49,0.4,2024-10-17,2031,N,VIIRS,n,2,292.13,0.45,N,2
31.62059,74.42504,307.17,0.49,0.4,2024-10-17,2031,N,VIIRS,n,2,292.21,0.76,N,2
31.88797,74.71704,303.28,0.48,0.4,2024-10-17,2031,N,VIIRS,n,2,291.28,0.68,N,0
32.08493,74.16298,303.72,0.51,0.41,2024-10-17,2031,N,VIIRS,n,2,292.76,1.17,N,2
32.12978,74.17598,308.25,0.51,0.41,2024-10-17,2031,N,VIIRS,n,2,293.44,1.11,N,0
32.13357,74.17661,308.76,0.51,0.41,2024-10-17,2031,N,VIIRS,n,2,293.83,1.11,N,0
32.29385,70.73103,305.24,0.52,0.5,2024-10-17,2031,N,VIIRS,n,2,293.33,0.96,N,2
32.57432,72.56451,303.84,0.42,0.45,2024-10-17,2031,N,VIIRS,n,2,293.53,0.99,N,2
32.71827,72.77264,301.41,0.41,0.45,2024-10-17,2031,N,VIIRS,n,2,289.35,1.04,N,2
33.95317,71.60934,300.27,0.49,0.48,2024-10-17,2031,N,VIIRS,n,2,289.61,0.79,N,0
27.76516,69.33955,305.18,0.56,0.52,2024-10-17,2032,N,VIIRS,n,2,294.76,0.86,N,0
29.37714,75.15098,307.14,0.44,0.38,2024-10-17,2032,N,VIIRS,n,2,290.67,0.76,N,0
29.58842,70.37428,309.18,0.51,0.49,2024-10-17,2032,N,VIIRS,n,2,292.29,0.86,N,0
29.58913,70.37364,313.72,0.51,0.49,2024-10-17,2032,N,VIIRS,n,2,292.76,1.78,N,0
29.59301,70.37486,306.2,0.51,0.49,2024-10-17,2032,N,VIIRS,n,2,292.66,0.86,N,0
28.05258,69.36213,330.28,0.35,0.57,2024-10-18,748,N,VIIRS,l,2,303.24,3.54,D,0
28.05422,69.36916,331.05,0.35,0.57,2024-10-18,748,N,VIIRS,l,2,302.53,2.3,D,2
28.27531,73.42754,340.11,0.4,0.44,2024-10-18,748,N,VIIRS,n,2,308.29,3.82,D,0
28.28016,73.4306,340.89,0.4,0.44,2024-10-18,748,N,VIIRS,n,2,308.87,3.84,D,0
28.28097,73.43466,338.19,0.4,0.44,2024-10-18,748,N,VIIRS,l,2,309.7,2.97,D,0
28.75144,71.01585,336.27,0.54,0.51,2024-10-18,748,N,VIIRS,n,2,305.09,4.14,D,0
29.30644,71.78719,339.67,0.48,0.48,2024-10-18,748,N,VIIRS,n,2,310.16,14.95,D,0
29.30745,71.79203,354.12,0.48,0.48,2024-10-18,748,N,VIIRS,n,2,317.7,55.16,D,0
29.3118,71.79085,367,0.48,0.48,2024-10-18,748,N,VIIRS,h,2,309.16,10.09,D,0
29.40245,74.44276,334.32,0.51,0.41,2024-10-18,748,N,VIIRS,n,2,307.42,2.39,D,0
29.46511,74.50676,337.25,0.51,0.41,2024-10-18,748,N,VIIRS,n,2,307.31,2.86,D,0
29.5373,74.51888,339.88,0.51,0.41,2024-10-18,748,N,VIIRS,n,2,307.01,8.47,D,0
29.53823,74.52141,347.41,0.51,0.41,2024-10-18,748,N,VIIRS,n,2,308.9,8.05,D,0
29.54103,74.51797,335.22,0.51,0.41,2024-10-18,748,N,VIIRS,n,2,306.66,8.47,D,0
29.54197,74.52049,339.27,0.51,0.41,2024-10-18,748,N,VIIRS,n,2,307.01,8.05,D,0
29.54218,74.56371,330.36,0.5,0.41,2024-10-18,748,N,VIIRS,l,2,302.42,3.89,D,0
29.64588,74.55706,336.26,0.5,0.41,2024-10-18,748,N,VIIRS,n,2,309.38,4.28,D,0
29.67639,75.25773,341.76,0.47,0.4,2024-10-18,748,N,VIIRS,n,2,305.13,7.85,D,0
29.67654,75.25956,335.56,0.47,0.4,2024-10-18,748,N,VIIRS,n,2,305.42,8.29,D,0
29.68639,75.43871,336.16,0.46,0.39,2024-10-18,748,N,VIIRS,n,2,307.94,4.8,D,0
29.24638,70.34739,330.41,0.58,0.52,2024-10-18,749,N,VIIRS,n,2,304.63,2.18,D,0
29.24699,70.34779,330.58,0.58,0.52,2024-10-18,749,N,VIIRS,n,2,304.64,2.89,D,0
29.27841,70.28817,335.67,0.58,0.52,2024-10-18,749,N,VIIRS,n,2,303.89,3.21,D,0
29.44033,70.86807,340.3,0.53,0.5,2024-10-18,749,N,VIIRS,n,2,303.89,4.74,D,0
29.4449,70.86679,332.25,0.53,0.5,2024-10-18,749,N,VIIRS,n,2,303.15,2.94,D,0
29.50155,70.52734,331.88,0.56,0.51,2024-10-18,749,N,VIIRS,l,2,304.08,4.35,D,0
29.50419,70.5227,330.29,0.56,0.51,2024-10-18,749,N,VIIRS,l,2,304.85,2.6,D,0
29.69583,73.37749,338.73,0.38,0.43,2024-10-18,749,N,VIIRS,l,2,312.05,4.38,D,0
29.78166,72.41547,339,0.43,0.46,2024-10-18,749,N,VIIRS,n,2,302.68,4.56,D,0
29.78179,72.41448,339.29,0.43,0.46,2024-10-18,749,N,VIIRS,n,2,303.69,2.78,D,0
29.86881,73.14673,343.42,0.39,0.44,2024-10-18,749,N,VIIRS,n,2,306.62,16.63,D,0
29.90848,72.4335,331.11,0.43,0.46,2024-10-18,749,N,VIIRS,n,2,300.78,5.52,D,0
29.98114,70.92473,336.61,0.52,0.5,2024-10-18,749,N,VIIRS,n,2,301.89,3.92,D,0
29.98292,73.12967,341.72,0.39,0.44,2024-10-18,749,N,VIIRS,n,2,303.81,4.07,D,0
29.99375,72.63755,340.47,0.41,0.45,2024-10-18,749,N,VIIRS,n,2,302.66,3.34,D,0
29.99439,72.61948,332.17,0.41,0.45,2024-10-18,749,N,VIIRS,l,2,302.66,3.22,D,0
30.0189,72.95074,333.56,0.4,0.44,2024-10-18,749,N,VIIRS,n,2,303.32,1,D,0
30.02221,74.90502,331.83,0.48,0.4,2024-10-18,749,N,VIIRS,n,2,303.17,3.73,D,0
30.10552,73.25731,333.02,0.57,0.43,2024-10-18,749,N,VIIRS,n,2,304.38,3.77,D,0
30.13824,73.00073,333.64,0.39,0.44,2024-10-18,749,N,VIIRS,l,2,305.93,4.47,D,0
30.1571,72.61768,332.89,0.41,0.45,2024-10-18,749,N,VIIRS,n,2,303.48,2.97,D,0
30.15884,72.61641,332.72,0.41,0.45,2024-10-18,749,N,VIIRS,n,2,304.52,2.46,D,0
30.19887,72.80035,342.5,0.4,0.44,2024-10-18,749,N,VIIRS,n,2,303.57,6.21,D,0
30.22224,72.91504,356.88,0.4,0.44,2024-10-18,749,N,VIIRS,n,2,307.78,7.85,D,0
30.22625,72.91399,330.05,0.4,0.44,2024-10-18,749,N,VIIRS,n,2,302.27,7.85,D,0
30.25788,70.61559,332.77,0.53,0.5,2024-10-18,749,N,VIIRS,n,2,303.29,3.38,D,0
30.25946,72.80598,342.47,0.4,0.44,2024-10-18,749,N,VIIRS,n,2,306.18,4.89,D,0
30.26689,73.17712,331.75,0.38,0.43,2024-10-18,749,N,VIIRS,l,2,303.94,3.93,D,0
30.26841,73.17238,332.62,0.38,0.43,2024-10-18,749,N,VIIRS,n,2,304.07,2.45,D,0
30.26918,73.17632,333.81,0.38,0.43,2024-10-18,749,N,VIIRS,n,2,305.11,2.96,D,0
30.27613,73.29696,339.58,0.57,0.43,2024-10-18,749,N,VIIRS,n,2,304.86,6.09,D,0
30.28006,73.29594,347.97,0.57,0.43,2024-10-18,749,N,VIIRS,n,2,304.59,9.87,D,0
30.28066,74.61534,333.6,0.49,0.4,2024-10-18,749,N,VIIRS,n,2,303.37,4.59,D,0
30.2836,73.2808,331.07,0.57,0.43,2024-10-18,749,N,VIIRS,n,2,304.2,4.16,D,0
30.31846,73.39349,330.97,0.56,0.43,2024-10-18,749,N,VIIRS,n,2,305.31,3.06,D,0
30.32078,73.30175,348.16,0.56,0.43,2024-10-18,749,N,VIIRS,n,2,307.56,11.8,D,0
30.34978,73.42759,344.13,0.56,0.43,2024-10-18,749,N,VIIRS,n,2,305.01,7.72,D,0
30.35102,73.47526,333.27,0.55,0.43,2024-10-18,749,N,VIIRS,n,2,303.47,3.9,D,0
30.35316,73.44474,332.47,0.55,0.43,2024-10-18,749,N,VIIRS,n,2,304.19,2.77,D,0
30.35367,73.42657,346.77,0.56,0.43,2024-10-18,749,N,VIIRS,n,2,303.5,7.72,D,0
30.3815,73.60968,343.81,0.54,0.42,2024-10-18,749,N,VIIRS,n,2,306.23,13.02,D,0
30.38348,73.13106,336.97,0.38,0.43,2024-10-18,749,N,VIIRS,n,2,302.34,2.32,D,0
30.38704,73.55518,330.28,0.55,0.42,2024-10-18,749,N,VIIRS,l,2,304.27,2.46,D,0
30.39532,73.36749,338.5,0.56,0.43,2024-10-18,749,N,VIIRS,n,2,305.27,3.8,D,0
30.41816,73.33727,347.38,0.56,0.43,2024-10-18,749,N,VIIRS,n,2,305.92,4.67,D,0
30.41911,73.51129,342.02,0.55,0.43,2024-10-18,749,N,VIIRS,n,2,304.94,5.72,D,0
30.42023,73.33556,345.31,0.56,0.43,2024-10-18,749,N,VIIRS,n,2,306.3,15.5,D,0
30.42344,73.72153,332.17,0.54,0.42,2024-10-18,749,N,VIIRS,n,2,302.97,2.27,D,0
30.48732,73.46851,347.25,0.55,0.43,2024-10-18,749,N,VIIRS,n,2,306.16,7.5,D,0
30.50436,72.22304,341.5,0.43,0.46,2024-10-18,749,N,VIIRS,n,2,303.14,6.49,D,0
30.50519,73.08688,342.58,0.38,0.43,2024-10-18,749,N,VIIRS,n,2,304.18,5.54,D,0
30.51027,73.88299,330.46,0.52,0.42,2024-10-18,749,N,VIIRS,l,2,303.8,2.67,D,0
30.51381,73.52106,331.9,0.55,0.42,2024-10-18,749,N,VIIRS,l,2,303.56,4.58,D,0
30.51779,73.35658,336.23,0.56,0.43,2024-10-18,749,N,VIIRS,n,2,304.03,4.43,D,0
30.51781,73.35252,331.33,0.56,0.43,2024-10-18,749,N,VIIRS,l,2,304.45,2.61,D,0
30.53583,73.80076,336.27,0.53,0.42,2024-10-18,749,N,VIIRS,n,2,304.94,3.51,D,0
30.53646,73.78341,334.03,0.53,0.42,2024-10-18,749,N,VIIRS,n,2,305.34,4.82,D,0
30.53884,73.41925,334.12,0.55,0.43,2024-10-18,749,N,VIIRS,l,2,306.8,3.31,D,0
30.54027,73.78242,333.66,0.53,0.42,2024-10-18,749,N,VIIRS,n,2,302.14,4.82,D,0
30.54441,73.59569,346.62,0.54,0.42,2024-10-18,749,N,VIIRS,n,2,306.34,8.63,D,0
30.55695,73.80681,331.59,0.53,0.42,2024-10-18,749,N,VIIRS,l,2,302.88,2.57,D,0
30.57232,73.69923,334.97,0.53,0.42,2024-10-18,749,N,VIIRS,n,2,305.68,4.08,D,0
30.57625,73.7617,342.85,0.53,0.42,2024-10-18,749,N,VIIRS,n,2,304.9,6.24,D,0
30.57673,75.10062,333.93,0.46,0.39,2024-10-18,749,N,VIIRS,n,2,301.85,2.65,D,0
30.57828,70.83916,331.5,0.51,0.49,2024-10-18,749,N,VIIRS,n,2,300.9,2.98,D,0
30.57828,74.08282,336.05,0.51,0.41,2024-10-18,749,N,VIIRS,n,2,305.41,3.45,D,0
30.5832,73.77715,330.8,0.53,0.42,2024-10-18,749,N,VIIRS,l,2,304.36,3.74,D,0
30.59428,73.81438,342.37,0.53,0.42,2024-10-18,749,N,VIIRS,n,2,308.38,14.57,D,0
30.59532,73.81983,334.05,0.53,0.42,2024-10-18,749,N,VIIRS,n,2,303.89,9.06,D,0
30.60003,73.94893,335.81,0.52,0.41,2024-10-18,749,N,VIIRS,n,2,305.28,5.22,D,0
30.61185,73.84409,331.61,0.53,0.42,2024-10-18,749,N,VIIRS,l,2,305.08,4.66,D,0
30.61561,72.71357,331.92,0.4,0.44,2024-10-18,749,N,VIIRS,n,2,304.59,1.38,D,0
30.61855,72.70904,330.98,0.4,0.44,2024-10-18,749,N,VIIRS,l,2,301.99,1.87,D,0
30.62237,73.9207,332.98,0.52,0.42,2024-10-18,749,N,VIIRS,n,2,305.16,2.99,D,0
30.63243,73.5884,330.51,0.54,0.42,2024-10-18,749,N,VIIRS,l,2,302.43,1.42,D,0
30.6372,73.63387,334.02,0.54,0.42,2024-10-18,749,N,VIIRS,n,2,305.05,3.77,D,0
30.65043,73.72314,338.07,0.53,0.42,2024-10-18,749,N,VIIRS,n,2,306.99,4.91,D,0
30.65241,73.02731,341.58,0.38,0.43,2024-10-18,749,N,VIIRS,n,2,304.7,1.94,D,0
30.65339,73.67616,330.35,0.53,0.42,2024-10-18,749,N,VIIRS,l,2,304.26,2.34,D,0
30.6574,73.9038,355.84,0.52,0.42,2024-10-18,749,N,VIIRS,n,2,313.9,39.06,D,0
30.66499,74.02512,335.2,0.51,0.41,2024-10-18,749,N,VIIRS,n,2,303.91,3.55,D,0
30.66875,74.02417,342.7,0.51,0.41,2024-10-18,749,N,VIIRS,n,2,307.07,18.54,D,0
30.67217,74.00102,335.21,0.51,0.41,2024-10-18,749,N,VIIRS,n,2,305.78,2.68,D,0
30.67282,73.86028,334.46,0.52,0.42,2024-10-18,749,N,VIIRS,l,2,304.55,4.37,D,0
30.67303,73.75756,346.85,0.53,0.42,2024-10-18,749,N,VIIRS,n,2,306.87,7.1,D,0
30.67386,73.86568,333.68,0.52,0.42,2024-10-18,749,N,VIIRS,n,2,302.77,4.37,D,0
30.67526,73.95548,333.12,0.52,0.41,2024-10-18,749,N,VIIRS,n,2,306.47,2.65,D,0
30.68071,74.00443,332.84,0.51,0.41,2024-10-18,749,N,VIIRS,l,2,305.4,2.62,D,0
30.69309,73.75814,337.06,0.53,0.42,2024-10-18,749,N,VIIRS,n,2,303.98,2.97,D,0
30.70078,71.79382,342.15,0.45,0.47,2024-10-18,749,N,VIIRS,n,2,303.31,11.12,D,0
30.72273,73.01728,341.46,0.38,0.43,2024-10-18,749,N,VIIRS,n,2,306.51,4.07,D,0
30.72496,74.25693,337.13,0.5,0.41,2024-10-18,749,N,VIIRS,n,2,304.66,7.56,D,0
30.72609,74.09824,331.82,0.51,0.41,2024-10-18,749,N,VIIRS,l,2,303.62,4.25,D,0
30.733,73.00622,333.18,0.38,0.43,2024-10-18,749,N,VIIRS,n,2,303.67,2.17,D,0
30.74354,73.80557,334.72,0.52,0.42,2024-10-18,749,N,VIIRS,l,2,305.36,4.81,D,0
30.7445,73.9128,344.16,0.52,0.41,2024-10-18,749,N,VIIRS,n,2,304.98,5.47,D,0
30.74459,73.81099,331.44,0.52,0.42,2024-10-18,749,N,VIIRS,n,2,302.88,3.95,D,0
30.74555,73.90945,336.5,0.52,0.41,2024-10-18,749,N,VIIRS,n,2,305.72,10,D,0
30.74827,73.91184,333.81,0.52,0.41,2024-10-18,749,N,VIIRS,n,2,303.6,3.18,D,0
30.76109,73.66913,334.78,0.53,0.42,2024-10-18,749,N,VIIRS,n,2,304.35,6.12,D,0
30.76165,73.91967,332.94,0.52,0.41,2024-10-18,749,N,VIIRS,n,2,303.07,1.81,D,0
30.76194,73.88017,335.85,0.52,0.42,2024-10-18,749,N,VIIRS,n,2,304.77,3.63,D,0
30.76954,73.71306,331.94,0.53,0.42,2024-10-18,749,N,VIIRS,l,2,306.73,3.16,D,0
30.77243,73.76965,341.77,0.53,0.42,2024-10-18,749,N,VIIRS,n,2,305.46,6.24,D,0
30.77839,73.84205,336.01,0.52,0.42,2024-10-18,749,N,VIIRS,n,2,305.58,2.93,D,0
30.77943,75.19974,334.06,0.46,0.39,2024-10-18,749,N,VIIRS,n,2,300.9,2.89,D,0
30.78013,73.95417,333.1,0.52,0.41,2024-10-18,749,N,VIIRS,l,2,304.89,2.17,D,0
30.78321,73.84648,334.89,0.52,0.42,2024-10-18,749,N,VIIRS,n,2,304.57,2.94,D,0
30.78398,70.81843,332.58,0.5,0.49,2024-10-18,749,N,VIIRS,n,2,301.1,5.43,D,0
30.78528,73.91925,330.28,0.52,0.41,2024-10-18,749,N,VIIRS,l,2,302.65,6.08,D,0
30.78693,74.35979,347.55,0.49,0.41,2024-10-18,749,N,VIIRS,n,2,305.03,11.85,D,0
30.78969,73.77663,334.4,0.53,0.42,2024-10-18,749,N,VIIRS,n,2,304.5,3.38,D,0
30.79296,74.06205,336.23,0.51,0.41,2024-10-18,749,N,VIIRS,l,2,307.57,5.8,D,0
30.79579,73.11488,332.36,0.57,0.43,2024-10-18,749,N,VIIRS,n,2,302.66,2.64,D,0
30.79737,73.11337,330.98,0.57,0.43,2024-10-18,749,N,VIIRS,n,2,302.49,3.22,D,0
30.80207,73.90373,342.69,0.52,0.41,2024-10-18,749,N,VIIRS,n,2,304.07,8.76,D,0
30.80615,73.92514,330.21,0.52,0.41,2024-10-18,749,N,VIIRS,l,2,302.54,1.88,D,0
30.81253,73.73983,348.07,0.53,0.42,2024-10-18,749,N,VIIRS,n,2,306.63,10.23,D,0
30.81487,73.74155,348.55,0.53,0.42,2024-10-18,749,N,VIIRS,n,2,307.77,18.94,D,0
30.81625,73.70677,333.15,0.53,0.42,2024-10-18,749,N,VIIRS,n,2,305.38,2.4,D,0
30.81633,73.73885,347.91,0.53,0.42,2024-10-18,749,N,VIIRS,n,2,305.13,9.32,D,0
30.81729,73.71225,335.23,0.53,0.42,2024-10-18,749,N,VIIRS,n,2,306.05,3.28,D,0
30.8186,73.7096,345.89,0.53,0.42,2024-10-18,749,N,VIIRS,n,2,308.36,7.81,D,0
30.82755,73.97557,331.34,0.51,0.41,2024-10-18,749,N,VIIRS,n,2,304.7,1.78,D,0
30.83057,73.9915,335.1,0.51,0.41,2024-10-18,749,N,VIIRS,n,2,305.75,2.73,D,0
30.83179,73.79762,337.79,0.52,0.42,2024-10-18,749,N,VIIRS,n,2,305.12,4.05,D,0
30.83377,73.79945,334.32,0.52,0.42,2024-10-18,749,N,VIIRS,n,2,304.95,2.58,D,0
30.84177,73.9048,334.15,0.52,0.41,2024-10-18,749,N,VIIRS,n,2,307.42,4.15,D,0
30.84412,73.90176,344.53,0.52,0.41,2024-10-18,749,N,VIIRS,n,2,305.3,8.46,D,0
30.84553,73.90383,337.84,0.52,0.41,2024-10-18,749,N,VIIRS,n,2,304.56,4.15,D,0
30.84723,73.91779,330.02,0.52,0.41,2024-10-18,749,N,VIIRS,l,2,303.54,4.96,D,0
30.84755,73.91454,334.65,0.52,0.41,2024-10-18,749,N,VIIRS,n,2,307.03,4.41,D,0
30.85269,73.90518,335.67,0.52,0.41,2024-10-18,749,N,VIIRS,n,2,304.89,5.37,D,0
30.85307,73.9019,338.63,0.52,0.41,2024-10-18,749,N,VIIRS,n,2,304.85,4.76,D,0
30.85661,73.40768,335.86,0.55,0.42,2024-10-18,749,N,VIIRS,n,2,306.6,2.62,D,0
30.86129,74.25772,335.92,0.5,0.41,2024-10-18,749,N,VIIRS,n,2,305.59,9.76,D,0
30.86232,73.31525,335.28,0.55,0.43,2024-10-18,749,N,VIIRS,n,2,305.15,3.04,D,0
30.86407,74.14841,330.49,0.5,0.41,2024-10-18,749,N,VIIRS,n,2,304.1,2.09,D,0
30.88649,74.01915,336.07,0.51,0.41,2024-10-18,749,N,VIIRS,n,2,304.83,3.82,D,0
30.89256,70.72467,338.32,0.51,0.49,2024-10-18,749,N,VIIRS,n,2,304.04,2.99,D,0
30.89475,74.27087,345.54,0.5,0.41,2024-10-18,749,N,VIIRS,n,2,307.47,14.73,D,0
30.93238,74.17756,335.08,0.5,0.41,2024-10-18,749,N,VIIRS,n,2,305.69,2.91,D,0
30.93609,74.17663,330.3,0.5,0.41,2024-10-18,749,N,VIIRS,n,2,303.35,2.91,D,0
30.93789,74.08329,334.1,0.51,0.41,2024-10-18,749,N,VIIRS,l,2,305.3,1.81,D,0
30.94876,74.14072,334.24,0.5,0.41,2024-10-18,749,N,VIIRS,l,2,304.82,4.86,D,0
30.9593,74.27885,335.69,0.49,0.41,2024-10-18,749,N,VIIRS,n,2,304.58,3.43,D,0
30.98141,74.1488,333.97,0.5,0.41,2024-10-18,749,N,VIIRS,n,2,304.73,2.5,D,0
30.98341,75.43909,342.62,0.44,0.39,2024-10-18,749,N,VIIRS,n,2,306.66,10.89,D,0
30.98997,74.70477,334.73,0.47,0.4,2024-10-18,749,N,VIIRS,n,2,303.2,4.2,D,0
30.99943,73.56306,342.8,0.53,0.42,2024-10-18,749,N,VIIRS,n,2,303.8,5.31,D,0
31.00032,73.56068,333.53,0.53,0.42,2024-10-18,749,N,VIIRS,n,2,303.29,5.57,D,0
31.00222,74.19785,331.63,0.5,0.41,2024-10-18,749,N,VIIRS,n,2,304.06,0.88,D,0
31.00297,74.17953,332.21,0.5,0.41,2024-10-18,749,N,VIIRS,l,2,303.33,2.17,D,0
31.00303,74.18137,338.03,0.5,0.41,2024-10-18,749,N,VIIRS,n,2,303.59,3.8,D,0
31.00551,74.27793,341.93,0.49,0.41,2024-10-18,749,N,VIIRS,n,2,305.32,4.75,D,0
31.02567,74.21708,330.57,0.5,0.41,2024-10-18,749,N,VIIRS,n,2,305.4,1.83,D,0
31.02614,74.63625,334.24,0.48,0.4,2024-10-18,749,N,VIIRS,n,2,303.58,6.4,D,0
31.02718,74.18426,334.31,0.5,0.41,2024-10-18,749,N,VIIRS,n,2,302.51,3.18,D,0
31.02977,74.63536,343.79,0.48,0.4,2024-10-18,749,N,VIIRS,n,2,303.34,6.4,D,0
31.04243,74.88747,335.2,0.46,0.39,2024-10-18,749,N,VIIRS,l,2,306.27,16.32,D,0
31.05619,74.31676,335.68,0.49,0.4,2024-10-18,749,N,VIIRS,n,2,304.44,3.53,D,0
31.05971,74.67434,334.08,0.47,0.4,2024-10-18,749,N,VIIRS,l,2,304.89,3.34,D,0
31.07365,73.48325,342.34,0.54,0.42,2024-10-18,749,N,VIIRS,n,2,303.57,4.8,D,0
31.07748,73.48224,333.06,0.54,0.42,2024-10-18,749,N,VIIRS,n,2,302.22,4.8,D,0
31.07932,74.84302,333.35,0.47,0.39,2024-10-18,749,N,VIIRS,n,2,302.99,2.83,D,0
31.11329,74.31309,346.7,0.49,0.4,2024-10-18,749,N,VIIRS,n,2,305.47,10.52,D,0
31.12867,74.47845,333.09,0.48,0.4,2024-10-18,749,N,VIIRS,n,2,305.76,2.48,D,0
31.13734,75.2652,333.75,0.45,0.39,2024-10-18,749,N,VIIRS,n,2,302.92,7.5,D,0
31.1702,73.54307,332.23,0.53,0.42,2024-10-18,749,N,VIIRS,n,2,301.46,3.96,D,0
31.18325,75.04056,331.15,0.46,0.39,2024-10-18,749,N,VIIRS,n,2,301.47,2.61,D,0
31.18696,74.69196,332.55,0.47,0.4,2024-10-18,749,N,VIIRS,n,2,301.7,3.78,D,0
31.19121,73.75527,336.52,0.52,0.41,2024-10-18,749,N,VIIRS,n,2,303.5,3.89,D,0
31.23289,73.46627,338.03,0.53,0.42,2024-10-18,749,N,VIIRS,n,2,301.21,4.04,D,0
31.28122,74.52632,339.14,0.48,0.4,2024-10-18,749,N,VIIRS,n,2,304.58,6.7,D,0
31.28767,74.52692,331.61,0.48,0.4,2024-10-18,749,N,VIIRS,n,2,302.43,3.66,D,0
31.28861,74.53188,333.09,0.48,0.4,2024-10-18,749,N,VIIRS,n,2,302.03,4.94,D,0
31.28939,74.52948,336.86,0.48,0.4,2024-10-18,749,N,VIIRS,n,2,303.09,7.93,D,0
31.29587,74.53007,338.28,0.48,0.4,2024-10-18,749,N,VIIRS,n,2,304.03,10.35,D,0
31.29666,74.52765,332.75,0.48,0.4,2024-10-18,749,N,VIIRS,n,2,301.31,4.76,D,0
31.29757,74.53264,333.68,0.48,0.4,2024-10-18,749,N,VIIRS,n,2,302.22,4.76,D,0
31.30313,74.52826,335.17,0.48,0.4,2024-10-18,749,N,VIIRS,n,2,303.96,8.4,D,0
31.30676,74.52735,342.92,0.48,0.4,2024-10-18,749,N,VIIRS,n,2,302.41,8.4,D,0
31.31681,75.15273,335.82,0.45,0.39,2024-10-18,749,N,VIIRS,n,2,302.92,10.47,D,0
31.34266,70.62218,331.37,0.5,0.49,2024-10-18,749,N,VIIRS,n,2,302.78,2.53,D,0
31.35404,74.55701,340.92,0.48,0.4,2024-10-18,749,N,VIIRS,n,2,302.58,4.87,D,0
31.38937,74.58432,335.09,0.47,0.4,2024-10-18,749,N,VIIRS,n,2,303.59,3.76,D,0
31.40317,72.35731,330.58,0.4,0.44,2024-10-18,749,N,VIIRS,n,2,300.61,2.71,D,0
31.42203,75.03042,333.73,0.45,0.39,2024-10-18,749,N,VIIRS,n,2,302.57,2.24,D,0
31.43066,74.91406,336.38,0.46,0.39,2024-10-18,749,N,VIIRS,n,2,301.29,2.89,D,0
31.44337,73.99127,333.51,0.5,0.41,2024-10-18,749,N,VIIRS,n,2,302.33,5.95,D,0
31.45021,74.64852,335.91,0.47,0.4,2024-10-18,749,N,VIIRS,n,2,301.17,4.13,D,0
31.45278,73.9998,330.41,0.5,0.41,2024-10-18,749,N,VIIRS,n,2,299.88,4.45,D,0
31.4562,75.46149,331.57,0.44,0.38,2024-10-18,749,N,VIIRS,n,2,302.52,2.7,D,0
31.45648,73.99885,344.62,0.5,0.41,2024-10-18,749,N,VIIRS,n,2,301.15,4.45,D,0
31.45704,75.28542,339.91,0.44,0.39,2024-10-18,749,N,VIIRS,n,2,301.46,4.72,D,0
31.48103,75.07016,330.93,0.45,0.39,2024-10-18,749,N,VIIRS,n,2,302.17,2.28,D,0
31.48457,75.06928,345.36,0.45,0.39,2024-10-18,749,N,VIIRS,n,2,302.95,7.44,D,0
31.49474,74.89028,340.3,0.46,0.39,2024-10-18,749,N,VIIRS,n,2,302.91,4.95,D,0
31.4952,75.06668,330.11,0.45,0.39,2024-10-18,749,N,VIIRS,n,2,302.9,2.22,D,0
31.5017,72.42779,330.05,0.4,0.44,2024-10-18,749,N,VIIRS,l,2,300.35,2.3,D,0
31.50178,73.97076,337.98,0.5,0.41,2024-10-18,749,N,VIIRS,n,2,302.76,9.55,D,0
31.50921,73.96885,333.91,0.5,0.41,2024-10-18,749,N,VIIRS,n,2,302.08,4.19,D,0
31.50936,70.66927,333.44,0.5,0.49,2024-10-18,749,N,VIIRS,n,2,301.78,4.52,D,0
31.51046,73.97241,332.32,0.5,0.41,2024-10-18,749,N,VIIRS,n,2,301.27,2.51,D,0
31.51081,70.66612,351.44,0.5,0.49,2024-10-18,749,N,VIIRS,n,2,302.62,8.44,D,0
31.51257,74.88587,330.61,0.46,0.39,2024-10-18,749,N,VIIRS,n,2,302.31,3.13,D,0
31.53772,74.69505,331.32,0.47,0.39,2024-10-18,749,N,VIIRS,n,2,300.28,2.17,D,0
31.54341,74.00221,331.07,0.5,0.41,2024-10-18,749,N,VIIRS,n,2,300.84,2.23,D,0
31.54456,74.89794,331.29,0.46,0.39,2024-10-18,749,N,VIIRS,n,2,302.52,3.24,D,0
31.56078,73.58777,330.09,0.52,0.42,2024-10-18,749,N,VIIRS,n,2,302.03,2.8,D,0
31.56727,70.73128,332.7,0.49,0.49,2024-10-18,749,N,VIIRS,n,2,301.64,2.34,D,0
31.57606,70.7287,336.5,0.49,0.49,2024-10-18,749,N,VIIRS,n,2,302.71,2.77,D,0
31.58607,75.04628,344.92,0.45,0.39,2024-10-18,749,N,VIIRS,n,2,303.51,5.75,D,0
31.59669,72.3362,332.94,0.4,0.44,2024-10-18,749,N,VIIRS,n,2,298.68,1.66,D,0
31.62496,74.10601,338.23,0.49,0.4,2024-10-18,749,N,VIIRS,n,2,302.23,3.96,D,0
31.67864,73.03441,333.72,0.55,0.43,2024-10-18,749,N,VIIRS,n,2,301.08,6.63,D,0
31.67979,73.04016,335.58,0.55,0.43,2024-10-18,749,N,VIIRS,n,2,302.24,8.86,D,0
31.68146,74.75842,348.91,0.46,0.39,2024-10-18,749,N,VIIRS,n,2,301.26,7.65,D,0
31.70254,74.89343,330.3,0.46,0.39,2024-10-18,749,N,VIIRS,n,2,301.66,2.17,D,0
31.73899,74.64268,339.64,0.47,0.39,2024-10-18,749,N,VIIRS,n,2,303.6,7.97,D,0
31.74479,73.41626,332.6,0.53,0.42,2024-10-18,749,N,VIIRS,n,2,299.21,1.84,D,0
31.75026,74.35795,333.33,0.48,0.4,2024-10-18,749,N,VIIRS,n,2,300.69,1.61,D,0
31.76216,70.78779,331.85,0.48,0.48,2024-10-18,749,N,VIIRS,n,2,302.25,1.45,D,0
31.7957,73.05029,336.29,0.55,0.43,2024-10-18,749,N,VIIRS,n,2,300.2,3.6,D,0
31.80364,73.09026,330.17,0.55,0.42,2024-10-18,749,N,VIIRS,n,2,299.47,6.15,D,0
31.80477,73.09596,334.95,0.55,0.42,2024-10-18,749,N,VIIRS,n,2,301.91,11.72,D,0
31.81367,74.37569,333.45,0.48,0.4,2024-10-18,749,N,VIIRS,n,2,299.45,3.05,D,0
31.81388,74.37315,334.59,0.48,0.4,2024-10-18,749,N,VIIRS,n,2,300.27,2.24,D,0
31.83177,74.90292,332.31,0.45,0.39,2024-10-18,749,N,VIIRS,n,2,300.39,2,D,0
31.84373,73.33396,332.04,0.53,0.42,2024-10-18,749,N,VIIRS,n,2,298.77,3.2,D,0
31.8505,74.532,337.33,0.47,0.4,2024-10-18,749,N,VIIRS,n,2,301.19,3.43,D,0
31.86952,74.61414,330.03,0.46,0.39,2024-10-18,749,N,VIIRS,n,2,299.16,2.21,D,0
31.87707,74.03291,334.3,0.49,0.4,2024-10-18,749,N,VIIRS,n,2,301.32,2.48,D,0
31.88529,74.35229,334.01,0.48,0.4,2024-10-18,749,N,VIIRS,n,2,301.9,5.07,D,0
31.89136,73.82186,332.97,0.5,0.41,2024-10-18,749,N,VIIRS,n,2,300.07,5.43,D,0
31.89168,74.36633,343.1,0.48,0.4,2024-10-18,749,N,VIIRS,n,2,300.77,4.73,D,0
31.8926,74.3713,354.33,0.48,0.4,2024-10-18,749,N,VIIRS,n,2,302.48,13.88,D,0
31.89381,73.79358,339.25,0.5,0.41,2024-10-18,749,N,VIIRS,n,2,301.26,5.94,D,0
31.89722,73.09284,334.92,0.54,0.42,2024-10-18,749,N,VIIRS,n,2,299.9,4.05,D,0
31.89779,73.09496,332.67,0.54,0.42,2024-10-18,749,N,VIIRS,n,2,299.44,3.71,D,0
31.90107,73.09181,347.74,0.54,0.42,2024-10-18,749,N,VIIRS,n,2,299.5,7.75,D,0
31.90163,73.09393,338.92,0.54,0.42,2024-10-18,749,N,VIIRS,n,2,298.72,3.71,D,0
31.9059,74.28638,332.96,0.48,0.4,2024-10-18,749,N,VIIRS,n,2,301.02,4.43,D,0
31.90785,74.28887,333.33,0.48,0.4,2024-10-18,749,N,VIIRS,n,2,301.47,4.37,D,0
31.91351,74.54688,332.16,0.47,0.4,2024-10-18,749,N,VIIRS,n,2,298.9,2.15,D,0
31.91585,73.84853,334.62,0.5,0.41,2024-10-18,749,N,VIIRS,n,2,301.44,3.46,D,0
31.91908,74.35632,339.88,0.48,0.4,2024-10-18,749,N,VIIRS,n,2,300.32,5.18,D,0
31.93511,74.29995,336.99,0.48,0.4,2024-10-18,749,N,VIIRS,n,2,301.69,4.27,D,0
31.93605,74.30496,331.36,0.48,0.4,2024-10-18,749,N,VIIRS,n,2,299.11,4.27,D,0
31.93875,74.29903,333.34,0.48,0.4,2024-10-18,749,N,VIIRS,n,2,301.51,5.35,D,0
31.93968,74.30403,331.96,0.48,0.4,2024-10-18,749,N,VIIRS,n,2,298.74,5.35,D,0
31.94833,74.41129,331.12,0.47,0.4,2024-10-18,749,N,VIIRS,n,2,300.57,2.15,D,0
31.95081,74.03547,334.98,0.49,0.4,2024-10-18,749,N,VIIRS,n,2,301.44,4.77,D,0
31.95541,75.0221,331.09,0.45,0.39,2024-10-18,749,N,VIIRS,n,2,299.85,2.46,D,0
31.96064,73.83525,334.19,0.5,0.41,2024-10-18,749,N,VIIRS,n,2,301.58,3.07,D,0
31.97309,74.7097,331.27,0.46,0.39,2024-10-18,749,N,VIIRS,n,2,300.83,2.65,D,0
31.98162,74.34564,333.2,0.48,0.4,2024-10-18,749,N,VIIRS,n,2,298.31,2.04,D,0
31.98294,74.20871,334.36,0.48,0.4,2024-10-18,749,N,VIIRS,n,2,301.22,2.61,D,0
31.99354,73.94696,340.95,0.49,0.41,2024-10-18,749,N,VIIRS,n,2,302.47,7.04,D,0
31.99722,73.94601,333.54,0.49,0.41,2024-10-18,749,N,VIIRS,n,2,301.52,3.31,D,0
31.9982,73.95119,331.92,0.49,0.41,2024-10-18,749,N,VIIRS,n,2,300.57,3.31,D,0
31.99872,73.91296,334.91,0.5,0.41,2024-10-18,749,N,VIIRS,n,2,301.1,3.08,D,0
32.00241,73.91201,334.24,0.5,0.41,2024-10-18,749,N,VIIRS,n,2,301.63,3.08,D,0
32.01246,74.36903,345.14,0.47,0.4,2024-10-18,749,N,VIIRS,n,2,302.38,9.15,D,0
32.02538,73.9929,330.39,0.49,0.4,2024-10-18,749,N,VIIRS,n,2,301.74,2.58,D,0
32.06961,75.11248,334.42,0.44,0.39,2024-10-18,749,N,VIIRS,n,2,301.56,2.57,D,0
32.08381,75.08955,341.82,0.44,0.39,2024-10-18,749,N,VIIRS,n,2,301,3.39,D,0
32.08648,73.73896,330.35,0.5,0.41,2024-10-18,749,N,VIIRS,l,2,300.44,2.57,D,0
32.10915,74.02225,338.44,0.49,0.4,2024-10-18,749,N,VIIRS,n,2,300.89,3.82,D,0
32.12874,73.21579,341.33,0.53,0.42,2024-10-18,749,N,VIIRS,n,2,300.26,4.74,D,0
32.13203,73.21731,347.08,0.53,0.42,2024-10-18,749,N,VIIRS,n,2,300.91,10.47,D,0
32.13255,73.21478,337.54,0.53,0.42,2024-10-18,749,N,VIIRS,n,2,298.93,4.74,D,0
32.14238,74.32056,333.08,0.47,0.4,2024-10-18,749,N,VIIRS,n,2,301.65,3.41,D,0
32.14271,74.58592,334.79,0.46,0.39,2024-10-18,749,N,VIIRS,n,2,300.96,6.09,D,0
32.14389,74.79691,330.24,0.45,0.39,2024-10-18,749,N,VIIRS,n,2,300.17,3.55,D,0
32.15472,74.93775,334.5,0.45,0.39,2024-10-18,749,N,VIIRS,n,2,303.59,3.86,D,0
32.15794,74.03646,333.21,0.49,0.4,2024-10-18,749,N,VIIRS,n,2,299.42,2.99,D,0
32.15826,73.95561,334.75,0.49,0.4,2024-10-18,749,N,VIIRS,n,2,301.4,3,D,0
32.17236,73.38651,345.03,0.52,0.42,2024-10-18,749,N,VIIRS,n,2,301.25,4.83,D,0
32.17488,73.3891,345.93,0.52,0.42,2024-10-18,749,N,VIIRS,n,2,299.15,10.76,D,0
32.19077,74.81007,346.73,0.45,0.39,2024-10-18,749,N,VIIRS,n,2,302.12,8.5,D,0
32.19545,73.7356,335.16,0.5,0.41,2024-10-18,749,N,VIIRS,n,2,300.16,4.39,D,0
32.19563,74.73399,340.61,0.46,0.39,2024-10-18,749,N,VIIRS,n,2,304.25,8.28,D,0
32.22355,73.92524,331.33,0.49,0.4,2024-10-18,749,N,VIIRS,n,2,299.79,2.41,D,0
32.24131,73.34264,330.94,0.52,0.42,2024-10-18,749,N,VIIRS,n,2,298.49,3.69,D,0
32.2713,73.86658,349.36,0.49,0.41,2024-10-18,749,N,VIIRS,n,2,303.41,14.06,D,0
32.28642,75.30682,331.01,0.43,0.38,2024-10-18,749,N,VIIRS,n,2,303.28,2.42,D,0
32.28776,74.53307,331.4,0.46,0.39,2024-10-18,749,N,VIIRS,n,2,299.49,5.38,D,0
32.29134,74.53217,342.29,0.46,0.39,2024-10-18,749,N,VIIRS,n,2,300.54,5.38,D,0
32.2924,74.95432,333.54,0.45,0.39,2024-10-18,749,N,VIIRS,n,2,302.44,2.75,D,0
32.29857,73.90831,334.46,0.49,0.4,2024-10-18,749,N,VIIRS,n,2,299.57,4,D,0
32.30004,73.87539,330.11,0.49,0.4,2024-10-18,749,N,VIIRS,n,2,301.68,2.09,D,0
32.30213,75.15111,332.84,0.44,0.38,2024-10-18,749,N,VIIRS,n,2,298.44,1.09,D,0
32.33868,74.58617,331.91,0.46,0.39,2024-10-18,749,N,VIIRS,n,2,298.96,2.61,D,0
32.33996,74.79642,331.19,0.45,0.39,2024-10-18,749,N,VIIRS,n,2,298.8,2.82,D,0
32.35762,74.03809,346.62,0.48,0.4,2024-10-18,749,N,VIIRS,n,2,303.75,10.48,D,0
32.3638,74.51889,334.23,0.46,0.39,2024-10-18,749,N,VIIRS,n,2,303.01,3.05,D,0
32.39354,73.66812,332.55,0.5,0.41,2024-10-18,749,N,VIIRS,n,2,299.04,2.67,D,0
32.4046,74.3928,332.87,0.47,0.39,2024-10-18,749,N,VIIRS,n,2,298.65,3.24,D,0
32.40765,74.69963,338.97,0.45,0.39,2024-10-18,749,N,VIIRS,n,2,301.11,4.58,D,0
32.41369,74.64478,334.34,0.46,0.39,2024-10-18,749,N,VIIRS,n,2,301.22,3,D,0
32.41506,74.24494,335.73,0.47,0.4,2024-10-18,749,N,VIIRS,n,2,299.74,4.06,D,0
32.43484,74.06948,333.64,0.48,0.4,2024-10-18,749,N,VIIRS,n,2,302.17,3.25,D,0
32.47214,74.20744,343.86,0.47,0.4,2024-10-18,749,N,VIIRS,n,2,301.49,5.25,D,0
32.50675,73.28288,343.37,0.52,0.42,2024-10-18,749,N,VIIRS,n,2,301.58,6.25,D,0
32.54234,74.8096,330.06,0.45,0.39,2024-10-18,749,N,VIIRS,n,2,301.92,3.6,D,0
32.55102,74.36876,334.89,0.47,0.39,2024-10-18,749,N,VIIRS,n,2,301.63,3.91,D,0
32.58623,74.64426,334.74,0.45,0.39,2024-10-18,749,N,VIIRS,n,2,298.9,2.51,D,0
32.58978,74.64336,330.41,0.45,0.39,2024-10-18,749,N,VIIRS,n,2,298.97,2.51,D,0
32.59087,74.36069,337.33,0.47,0.39,2024-10-18,749,N,VIIRS,n,2,300.63,4.1,D,0
32.69631,74.5275,330.65,0.46,0.39,2024-10-18,749,N,VIIRS,n,2,298.49,3.5,D,0
31.3923,75.2124,302.09,0.53,0.5,2024-10-18,2012,N,VIIRS,n,2,291.32,0.5,N,0
32.08554,74.16574,305.62,0.62,0.54,2024-10-18,2012,N,VIIRS,n,2,292.99,1.22,N,2
32.08568,74.16589,306.3,0.62,0.54,2024-10-18,2012,N,VIIRS,n,2,293.07,1.2,N,2
32.2892,70.73766,304.76,0.49,0.65,2024-10-18,2012,N,VIIRS,n,2,293.61,1.44,N,2
32.57453,72.56197,303.89,0.39,0.59,2024-10-18,2012,N,VIIRS,n,2,293.87,0.97,N,2
32.73443,70.04876,323.34,0.55,0.68,2024-10-18,2012,N,VIIRS,n,2,286.6,1.93,N,0
32.74084,70.04835,312.65,0.55,0.68,2024-10-18,2012,N,VIIRS,n,2,287.17,1.93,N,0
32.88984,71.61516,303.8,0.44,0.63,2024-10-18,2012,N,VIIRS,n,2,292.09,0.62,N,2
33.10347,70.76637,300.8,0.5,0.66,2024-10-18,2012,N,VIIRS,n,2,290.29,1.4,N,0
33.10375,70.7607,306.85,0.5,0.66,2024-10-18,2012,N,VIIRS,n,2,290.18,1.84,N,0
33.68615,72.71115,301.84,0.39,0.59,2024-10-18,2012,N,VIIRS,n,2,290.66,0.58,N,2
33.98873,73.56577,300.5,0.35,0.57,2024-10-18,2012,N,VIIRS,n,2,287.7,0.83,N,0
29.53158,70.41876,304.28,0.49,0.65,2024-10-18,2013,N,VIIRS,n,2,292.44,0.79,N,0
33.10257,70.76919,300.95,0.43,0.62,2024-10-18,2152,N,VIIRS,n,2,290.7,0.72,N,0
33.10689,70.77579,302.78,0.43,0.62,2024-10-18,2152,N,VIIRS,n,2,289.94,0.72,N,0
32.29131,70.73972,306.55,0.45,0.63,2024-10-18,2153,N,VIIRS,n,2,294.14,1.7,N,2
32.29361,70.73102,307.73,0.44,0.63,2024-10-18,2153,N,VIIRS,n,2,293.53,1.25,N,2
29.40906,74.47211,337.52,0.62,0.54,2024-10-19,730,N,VIIRS,n,2,307.41,5.25,D,0
29.40934,74.47393,336.35,0.62,0.54,2024-10-19,730,N,VIIRS,n,2,306.52,4.28,D,0
29.5237,74.5191,348.3,0.62,0.54,2024-10-19,730,N,VIIRS,n,2,306.94,14.07,D,0
29.58842,74.20815,343.94,0.32,0.55,2024-10-19,730,N,VIIRS,n,2,306.92,4.04,D,0
29.58988,74.20934,351.72,0.32,0.55,2024-10-19,730,N,VIIRS,n,2,306.76,4.83,D,0
29.61778,74.31168,339.23,0.63,0.54,2024-10-19,730,N,VIIRS,n,2,304.38,3.31,D,0
29.61855,74.31316,337.67,0.63,0.54,2024-10-19,730,N,VIIRS,n,2,304.27,7.15,D,0
29.84575,73.93526,335.97,0.33,0.55,2024-10-19,730,N,VIIRS,n,2,305.58,2.22,D,0
29.84652,73.93861,332.21,0.33,0.55,2024-10-19,730,N,VIIRS,l,2,304.89,2.55,D,0
29.84973,73.9364,342.96,0.33,0.55,2024-10-19,730,N,VIIRS,n,2,304.67,3.59,D,0
30.0053,73.65104,338.47,0.34,0.56,2024-10-19,730,N,VIIRS,n,2,306.39,1.89,D,0
30.0072,73.64935,339.47,0.34,0.56,2024-10-19,730,N,VIIRS,n,2,307.32,1.44,D,0
30.15151,72.92574,335.57,0.37,0.58,2024-10-19,730,N,VIIRS,n,2,300.33,2.59,D,0
30.1539,72.87684,338.97,0.37,0.58,2024-10-19,730,N,VIIRS,n,2,300.91,3.81,D,0
30.15612,72.8755,336.19,0.37,0.58,2024-10-19,730,N,VIIRS,n,2,301.05,3.74,D,0
30.22507,73.2718,367,0.35,0.57,2024-10-19,730,N,VIIRS,h,2,306.18,12.49,D,0
30.22604,72.8616,335.56,0.37,0.58,2024-10-19,730,N,VIIRS,n,2,301.81,2.74,D,0
30.23011,73.04181,330.63,0.36,0.57,2024-10-19,730,N,VIIRS,n,2,302.47,1.48,D,0
30.28844,70.66699,331.12,0.49,0.65,2024-10-19,730,N,VIIRS,l,2,301.36,3.28,D,0
30.29799,73.94608,338.76,0.32,0.55,2024-10-19,730,N,VIIRS,n,2,301.56,3.77,D,0
30.29809,73.94818,347.11,0.32,0.54,2024-10-19,730,N,VIIRS,n,2,301.55,3.51,D,0
30.31982,73.39409,351.24,0.34,0.56,2024-10-19,730,N,VIIRS,n,2,306.94,4.73,D,0
30.36978,70.71037,331.82,0.49,0.65,2024-10-19,730,N,VIIRS,n,2,299.99,2.82,D,0
30.3935,73.10067,335.26,0.36,0.57,2024-10-19,730,N,VIIRS,n,2,301.64,6.44,D,0
30.39437,73.10432,367,0.35,0.57,2024-10-19,730,N,VIIRS,h,2,306.49,15.55,D,0
30.41211,72.76684,347.76,0.37,0.58,2024-10-19,730,N,VIIRS,n,2,301.58,3.66,D,0
30.42677,73.6429,354.35,0.33,0.55,2024-10-19,730,N,VIIRS,n,2,309.32,17.33,D,0
30.42756,73.64629,344.21,0.33,0.55,2024-10-19,730,N,VIIRS,n,2,302.85,13.06,D,0
30.43177,73.64136,367,0.33,0.55,2024-10-19,730,N,VIIRS,h,2,303.58,12.51,D,0
30.44265,73.67314,349.93,0.33,0.55,2024-10-19,730,N,VIIRS,n,2,302.61,3,D,0
30.4446,73.67374,346.42,0.33,0.55,2024-10-19,730,N,VIIRS,n,2,303.33,3.59,D,0
30.46799,73.36972,333.22,0.34,0.56,2024-10-19,730,N,VIIRS,n,2,303.14,2.26,D,0
30.47702,73.40829,351.03,0.34,0.56,2024-10-19,730,N,VIIRS,n,2,304.61,4.05,D,0
30.49186,73.32896,333.49,0.34,0.56,2024-10-19,730,N,VIIRS,n,2,301.92,3.18,D,0
30.51209,73.60448,333.45,0.33,0.55,2024-10-19,730,N,VIIRS,n,2,303.33,2.16,D,0
30.51267,73.69848,341.32,0.33,0.55,2024-10-19,730,N,VIIRS,n,2,302.49,3.41,D,0
30.52141,73.33866,333.61,0.34,0.56,2024-10-19,730,N,VIIRS,n,2,302.33,1.52,D,0
30.53942,73.6182,346.1,0.33,0.55,2024-10-19,730,N,VIIRS,n,2,304.09,4.52,D,0
30.54023,73.62158,347.7,0.33,0.55,2024-10-19,730,N,VIIRS,n,2,303.72,4.52,D,0
30.54177,73.6171,342.45,0.33,0.55,2024-10-19,730,N,VIIRS,n,2,303,4.26,D,0
30.54256,73.62049,367,0.33,0.55,2024-10-19,730,N,VIIRS,h,2,304.15,4.26,D,0
30.55564,73.74612,330.09,0.32,0.55,2024-10-19,730,N,VIIRS,n,2,302.11,0.72,D,0
30.5649,73.40773,334.32,0.34,0.56,2024-10-19,730,N,VIIRS,n,2,300.11,2.22,D,0
30.56572,73.41122,335.93,0.34,0.56,2024-10-19,730,N,VIIRS,n,2,300.67,3.62,D,0
30.58308,73.86507,343.41,0.32,0.54,2024-10-19,730,N,VIIRS,n,2,303.51,8.17,D,0
30.58503,73.69794,331.58,0.32,0.55,2024-10-19,730,N,VIIRS,l,2,302.61,1.96,D,0
30.58706,73.66136,341.83,0.33,0.55,2024-10-19,730,N,VIIRS,n,2,302.74,2.71,D,0
30.59131,73.92369,333.83,0.63,0.54,2024-10-19,730,N,VIIRS,n,2,301.25,3.43,D,0
30.60069,73.83163,348.21,0.32,0.54,2024-10-19,730,N,VIIRS,n,2,302.07,4.91,D,0
30.60146,73.83492,349.18,0.32,0.54,2024-10-19,730,N,VIIRS,n,2,301.1,6.57,D,0
30.60164,73.83122,338.34,0.32,0.55,2024-10-19,730,N,VIIRS,n,2,301.19,3.87,D,0
30.60239,73.83453,353.37,0.32,0.54,2024-10-19,730,N,VIIRS,n,2,302.02,7.09,D,0
30.60801,73.70518,350.35,0.32,0.55,2024-10-19,730,N,VIIRS,n,2,304.08,4.54,D,0
30.60851,73.50172,330.59,0.33,0.56,2024-10-19,730,N,VIIRS,n,2,302.43,1.39,D,0
30.66883,73.56243,330.73,0.33,0.55,2024-10-19,730,N,VIIRS,n,2,303.03,1.73,D,0
30.6862,73.74515,336.64,0.32,0.55,2024-10-19,730,N,VIIRS,n,2,301.63,2.97,D,0
30.68651,73.7047,332.59,0.32,0.55,2024-10-19,730,N,VIIRS,n,2,301.46,1.4,D,0
30.6946,73.71645,330.16,0.32,0.55,2024-10-19,730,N,VIIRS,l,2,302.99,2.04,D,0
30.69954,73.71494,348.84,0.32,0.55,2024-10-19,730,N,VIIRS,n,2,303.95,2.04,D,0
30.71122,73.76452,338.23,0.32,0.55,2024-10-19,730,N,VIIRS,n,2,302.56,2.6,D,0
30.72793,73.88035,331.27,0.63,0.54,2024-10-19,730,N,VIIRS,n,2,301.48,4.39,D,0
30.72797,73.88169,335.18,0.63,0.54,2024-10-19,730,N,VIIRS,n,2,302.01,3,D,0
30.72974,73.6627,335.05,0.32,0.55,2024-10-19,730,N,VIIRS,n,2,302.65,1.93,D,0
30.73354,73.747,346.81,0.32,0.55,2024-10-19,730,N,VIIRS,n,2,303.05,3.39,D,0
30.73431,73.75031,330.56,0.32,0.55,2024-10-19,730,N,VIIRS,n,2,301.45,3.16,D,0
30.73965,73.65963,331.49,0.32,0.55,2024-10-19,730,N,VIIRS,n,2,300.83,1.69,D,0
30.80558,73.96695,330.74,0.62,0.54,2024-10-19,730,N,VIIRS,n,2,300.26,7.83,D,0
30.81159,73.88061,330.24,0.63,0.54,2024-10-19,730,N,VIIRS,n,2,301.32,3.7,D,0
30.84396,73.41746,331.39,0.33,0.55,2024-10-19,730,N,VIIRS,n,2,301.08,2.23,D,0
30.84399,73.97567,336.05,0.62,0.54,2024-10-19,730,N,VIIRS,n,2,301.12,2.84,D,0
30.84403,73.97386,331.16,0.62,0.54,2024-10-19,730,N,VIIRS,l,2,301.43,6.78,D,0
30.86683,73.87057,336.25,0.63,0.54,2024-10-19,730,N,VIIRS,n,2,300.37,5.04,D,0
30.87069,73.5297,330.48,0.33,0.55,2024-10-19,730,N,VIIRS,n,2,301.02,1.92,D,0
30.87983,73.52321,330.73,0.33,0.55,2024-10-19,730,N,VIIRS,n,2,301.43,1.96,D,0
30.88063,73.52659,338.48,0.33,0.55,2024-10-19,730,N,VIIRS,n,2,300.43,1.96,D,0
30.92513,74.7615,341.08,0.56,0.51,2024-10-19,730,N,VIIRS,n,2,301.06,4.03,D,0
30.92726,74.76488,335.16,0.55,0.51,2024-10-19,730,N,VIIRS,n,2,299.67,6.81,D,0
30.94341,74.7048,339.77,0.56,0.51,2024-10-19,730,N,VIIRS,n,2,301.21,5.24,D,0
31.02049,73.49586,331.5,0.33,0.55,2024-10-19,730,N,VIIRS,n,2,300.7,1.8,D,0
31.0248,73.04737,332.55,0.35,0.56,2024-10-19,730,N,VIIRS,n,2,299.64,2.07,D,0
31.02988,73.04575,342.57,0.35,0.56,2024-10-19,730,N,VIIRS,n,2,299.05,4.37,D,0
31.09852,73.74007,344.5,0.63,0.54,2024-10-19,730,N,VIIRS,n,2,301.27,12.12,D,0
31.14116,73.4258,335.45,0.33,0.55,2024-10-19,730,N,VIIRS,n,2,300.03,2.52,D,0
31.23962,74.40228,332.57,0.57,0.52,2024-10-19,730,N,VIIRS,n,2,300.78,2.96,D,0
31.24811,73.79594,330.36,0.62,0.54,2024-10-19,730,N,VIIRS,n,2,300.73,3.89,D,0
31.24821,73.79768,330.11,0.62,0.54,2024-10-19,730,N,VIIRS,n,2,301.11,2.96,D,0
31.40773,73.89468,339.88,0.61,0.53,2024-10-19,730,N,VIIRS,n,2,299.53,5.52,D,0
31.42386,73.80819,335.69,0.61,0.54,2024-10-19,730,N,VIIRS,n,2,300.72,5.3,D,0
31.43941,75.19334,340.39,0.51,0.5,2024-10-19,730,N,VIIRS,n,2,300.41,3.86,D,0
31.45526,75.00409,340.96,0.52,0.5,2024-10-19,730,N,VIIRS,n,2,300.83,4.32,D,0
31.4578,73.99968,334.31,0.6,0.53,2024-10-19,730,N,VIIRS,n,2,299.85,4.91,D,0
31.48805,73.93022,332.7,0.6,0.53,2024-10-19,730,N,VIIRS,n,2,299.53,2.57,D,0
31.55028,75.13093,330.36,0.51,0.5,2024-10-19,730,N,VIIRS,n,2,300.3,4.29,D,0
31.55063,75.13375,335.96,0.51,0.5,2024-10-19,730,N,VIIRS,n,2,300.21,3.31,D,0
31.5808,70.72516,332.49,0.45,0.63,2024-10-19,730,N,VIIRS,n,2,300.98,2.58,D,0
31.59807,70.60686,336.85,0.46,0.64,2024-10-19,730,N,VIIRS,n,2,301.35,3.85,D,0
31.65645,72.99275,338.12,0.34,0.56,2024-10-19,730,N,VIIRS,n,2,298.1,2.6,D,0
31.66308,72.88409,330.5,0.34,0.56,2024-10-19,730,N,VIIRS,n,2,297.7,4.35,D,0
31.7115,74.95103,333.31,0.52,0.5,2024-10-19,730,N,VIIRS,n,2,300.68,5.11,D,0
31.71225,73.2491,336.63,0.32,0.55,2024-10-19,730,N,VIIRS,n,2,299.1,2.37,D,0
31.71388,74.96189,349.55,0.52,0.5,2024-10-19,730,N,VIIRS,n,2,301.08,9.69,D,0
31.7232,75.24288,339.96,0.5,0.49,2024-10-19,730,N,VIIRS,n,2,300.27,5.14,D,0
31.75053,74.93656,333.95,0.52,0.5,2024-10-19,730,N,VIIRS,n,2,300.19,3.84,D,0
31.75767,75.24929,330.73,0.5,0.49,2024-10-19,730,N,VIIRS,n,2,299.16,6.94,D,0
31.75881,75.25451,341.82,0.5,0.49,2024-10-19,730,N,VIIRS,n,2,302.69,13.5,D,0
31.78133,73.12284,367,0.33,0.55,2024-10-19,730,N,VIIRS,h,2,299,7.59,D,0
31.8103,74.07603,338.04,0.58,0.52,2024-10-19,730,N,VIIRS,n,2,301.29,4.83,D,0
31.85019,73.99004,341.57,0.59,0.53,2024-10-19,730,N,VIIRS,n,2,300.03,5.56,D,0
31.85185,73.99134,332.56,0.59,0.53,2024-10-19,730,N,VIIRS,n,2,299.36,7.92,D,0
31.8754,73.8567,333.56,0.6,0.53,2024-10-19,730,N,VIIRS,n,2,300.42,4.3,D,0
31.93349,73.87624,330.76,0.59,0.53,2024-10-19,730,N,VIIRS,n,2,298.26,2.71,D,0
31.94654,75.38628,332.6,0.49,0.48,2024-10-19,730,N,VIIRS,n,2,297.77,2.73,D,0
32.00402,74.44238,333.06,0.55,0.51,2024-10-19,730,N,VIIRS,n,2,298.6,3.06,D,0
32.01413,74.7419,332.43,0.53,0.5,2024-10-19,730,N,VIIRS,n,2,299.35,3.69,D,0
32.10204,75.18896,343.32,0.5,0.49,2024-10-19,730,N,VIIRS,n,2,297.84,5.05,D,0
32.10457,75.19096,335.65,0.5,0.49,2024-10-19,730,N,VIIRS,n,2,297.06,4.83,D,0
32.13453,74.24425,334.03,0.56,0.51,2024-10-19,730,N,VIIRS,n,2,299.23,3.76,D,0
32.17888,75.25118,331.52,0.49,0.49,2024-10-19,730,N,VIIRS,n,2,297.02,3.15,D,0
32.23611,75.22564,330.68,0.49,0.49,2024-10-19,730,N,VIIRS,n,2,299.3,3.74,D,0
32.2572,74.27843,341.47,0.55,0.51,2024-10-19,730,N,VIIRS,n,2,299.86,4.27,D,0
32.29275,73.90979,330.46,0.58,0.52,2024-10-19,730,N,VIIRS,n,2,297.87,3.67,D,0
32.33701,73.45179,333.96,0.61,0.54,2024-10-19,730,N,VIIRS,n,2,297.97,6.03,D,0
32.35495,74.55786,331.67,0.53,0.5,2024-10-19,730,N,VIIRS,n,2,298.4,4.62,D,0
32.36953,73.89196,330.73,0.58,0.52,2024-10-19,730,N,VIIRS,n,2,299.67,3.09,D,0
32.40475,74.26737,335.89,0.55,0.51,2024-10-19,730,N,VIIRS,n,2,299.3,6.43,D,0
32.41529,74.69838,329.98,0.52,0.5,2024-10-19,730,N,VIIRS,n,2,298.88,2.49,D,0
32.41659,74.57798,332.85,0.53,0.5,2024-10-19,730,N,VIIRS,n,2,300.09,3.41,D,0
32.57517,74.6441,332.91,0.52,0.5,2024-10-19,730,N,VIIRS,n,2,298.44,2.75,D,0
32.27222,72.48335,331.79,0.35,0.57,2024-10-19,731,N,VIIRS,n,2,298.69,2.04,D,0
32.55596,74.15975,334.18,0.55,0.51,2024-10-19,731,N,VIIRS,n,2,299.52,4.07,D,0
27.78475,69.63202,339.25,0.39,0.6,2024-10-19,910,N,VIIRS,n,2,305.91,4.67,D,0
28.98561,71.06532,340.98,0.49,0.65,2024-10-19,910,N,VIIRS,n,2,304.29,4.74,D,0
28.98617,71.06907,334.72,0.49,0.65,2024-10-19,910,N,VIIRS,n,2,303.28,4.27,D,0
29.27995,70.34297,334.72,0.45,0.63,2024-10-19,910,N,VIIRS,n,2,303.4,3.27,D,0
29.28133,70.34131,343.6,0.45,0.63,2024-10-19,910,N,VIIRS,n,2,303.8,3.69,D,0
29.45044,70.44611,331.79,0.46,0.63,2024-10-19,910,N,VIIRS,l,2,303.84,2.24,D,0
29.9224,72.46049,330.7,0.61,0.71,2024-10-19,910,N,VIIRS,n,2,300.87,4.96,D,0
30.00887,71.45456,335.76,0.53,0.67,2024-10-19,910,N,VIIRS,n,2,301.02,4.04,D,0
30.23269,73.99377,334.08,0.75,0.77,2024-10-19,910,N,VIIRS,n,2,296.78,4.95,D,0
30.29041,73.33227,342.65,0.69,0.74,2024-10-19,910,N,VIIRS,n,2,298.82,8.75,D,0
30.29189,73.33305,343.12,0.69,0.74,2024-10-19,910,N,VIIRS,n,2,298.96,7.58,D,0
30.39359,73.61893,330.96,0.72,0.75,2024-10-19,910,N,VIIRS,n,2,299.49,3.84,D,0
30.35071,70.68233,348.78,0.48,0.65,2024-10-19,911,N,VIIRS,n,2,302.13,4.25,D,0
30.35213,70.68451,336.12,0.48,0.65,2024-10-19,911,N,VIIRS,n,2,300.16,5.78,D,0
30.53021,71.85537,330.58,0.57,0.69,2024-10-19,911,N,VIIRS,n,2,297.59,3.32,D,0
30.59328,72.81105,333.29,0.65,0.73,2024-10-19,911,N,VIIRS,n,2,299.46,4.31,D,0
30.64326,69.91389,347.12,0.44,0.62,2024-10-19,911,N,VIIRS,n,2,306.64,3.84,D,0
30.69548,73.93644,335.24,0.75,0.77,2024-10-19,911,N,VIIRS,n,2,297.23,5.59,D,0
30.81292,73.78523,352.19,0.74,0.76,2024-10-19,911,N,VIIRS,n,2,299.22,8.8,D,0
30.81498,73.78304,344.67,0.74,0.76,2024-10-19,911,N,VIIRS,n,2,298.73,7.18,D,0
30.81524,73.79115,330.11,0.74,0.76,2024-10-19,911,N,VIIRS,n,2,297.51,7.18,D,0
30.82858,70.7503,331.13,0.49,0.65,2024-10-19,911,N,VIIRS,l,2,304.71,3.53,D,0
30.90452,71.92921,330.59,0.58,0.7,2024-10-19,911,N,VIIRS,n,2,297.89,2.85,D,0
30.93422,74.09393,330.53,0.77,0.77,2024-10-19,911,N,VIIRS,n,2,296.32,6.79,D,0
31.00725,70.76078,333.7,0.49,0.65,2024-10-19,911,N,VIIRS,n,2,302.92,4.4,D,0
31.00754,70.76611,330.45,0.49,0.65,2024-10-19,911,N,VIIRS,l,2,304.42,6.65,D,0
31.17678,73.10766,332.92,0.68,0.74,2024-10-19,911,N,VIIRS,n,2,295.84,3.34,D,0
31.85459,73.8996,337.04,0.76,0.77,2024-10-19,911,N,VIIRS,n,2,294.44,6.33,D,0
31.85536,73.89758,333.09,0.76,0.77,2024-10-19,911,N,VIIRS,n,2,294.31,8.48,D,0
33.04745,73.05689,306.31,0.69,0.74,2024-10-19,1953,N,VIIRS,n,2,289.02,2.57,N,0
31.65453,74.17681,309.07,0.39,0.59,2024-10-19,2134,N,VIIRS,n,2,292.96,0.97,N,0
32.05669,74.26714,302.46,0.39,0.59,2024-10-19,2134,N,VIIRS,n,2,291.53,0.34,N,0
32.29447,70.7299,307.23,0.48,0.48,2024-10-19,2134,N,VIIRS,n,2,294.18,1.93,N,2
32.88754,71.61731,306.18,0.53,0.5,2024-10-19,2134,N,VIIRS,n,2,293.71,1.46,N,2
33.8027,70.22056,319.54,0.42,0.45,2024-10-19,2134,N,VIIRS,n,2,287.15,2.12,N,0
29.70003,74.58578,336.64,0.56,0.69,2024-10-20,711,N,VIIRS,n,2,300.95,4.72,D,0
30.43035,73.33007,367,0.64,0.72,2024-10-20,711,N,VIIRS,h,2,299.08,11.58,D,0
30.4415,73.64017,345.95,0.61,0.71,2024-10-20,711,N,VIIRS,n,2,299.5,7.98,D,0
30.55143,73.74194,335.04,0.6,0.71,2024-10-20,711,N,VIIRS,n,2,298.25,6.11,D,0
30.55944,73.74582,341.69,0.6,0.71,2024-10-20,711,N,VIIRS,n,2,298.45,6.2,D,0
30.55949,73.74689,345.32,0.6,0.7,2024-10-20,711,N,VIIRS,n,2,298.31,8.39,D,0
30.57639,72.20966,338.2,0.73,0.76,2024-10-20,711,N,VIIRS,n,2,296.66,5.58,D,0
30.57766,72.29211,335.98,0.72,0.75,2024-10-20,711,N,VIIRS,n,2,296.33,4.89,D,0
30.6271,73.79013,348.09,0.59,0.7,2024-10-20,711,N,VIIRS,n,2,298.79,11.51,D,0
30.7227,73.98762,347.22,0.58,0.69,2024-10-20,711,N,VIIRS,n,2,298.39,6.4,D,0
30.79212,73.81432,367,0.59,0.7,2024-10-20,711,N,VIIRS,h,2,298.65,14.17,D,0
30.9418,74.53801,354.93,0.53,0.67,2024-10-20,711,N,VIIRS,n,2,300.04,24.61,D,0
30.94328,74.54348,341.88,0.53,0.67,2024-10-20,711,N,VIIRS,n,2,296.91,22.96,D,0
31.29318,74.39678,348.15,0.53,0.67,2024-10-20,711,N,VIIRS,n,2,297.15,7.02,D,0
31.29602,74.39935,332.06,0.53,0.67,2024-10-20,711,N,VIIRS,n,2,296.76,7.02,D,0
31.30842,74.54388,333.51,0.52,0.67,2024-10-20,711,N,VIIRS,n,2,296.93,5.41,D,0
30.7864,71.76244,344.7,0.76,0.77,2024-10-20,712,N,VIIRS,n,2,297.85,8.08,D,0
30.78868,71.76014,342.25,0.76,0.77,2024-10-20,712,N,VIIRS,n,2,297.68,5.19,D,0
31.32892,73.77947,346.63,0.57,0.69,2024-10-20,712,N,VIIRS,n,2,297.33,9.02,D,0
31.33054,73.78539,337.17,0.57,0.69,2024-10-20,712,N,VIIRS,n,2,296.58,10.57,D,0
31.44169,72.49989,340.6,0.67,0.73,2024-10-20,712,N,VIIRS,n,2,298.67,5.56,D,0
31.44215,72.4976,335.06,0.67,0.73,2024-10-20,712,N,VIIRS,n,2,297.62,7.42,D,0
31.49462,73.88345,332.72,0.56,0.69,2024-10-20,712,N,VIIRS,n,2,296.39,3.79,D,0
31.61281,72.86567,330.12,0.63,0.72,2024-10-20,712,N,VIIRS,n,2,296.79,4.41,D,0
31.66467,75.17258,328.56,0.47,0.64,2024-10-20,712,N,VIIRS,n,2,297.65,3.39,D,0
31.74504,74.44933,335.5,0.51,0.66,2024-10-20,712,N,VIIRS,n,2,295.87,3.95,D,0
31.79585,74.71259,344.72,0.49,0.65,2024-10-20,712,N,VIIRS,n,2,295.8,6.78,D,0
31.82518,74.3373,332.26,0.52,0.67,2024-10-20,712,N,VIIRS,n,2,295.92,3.77,D,0
31.89346,74.06529,331.15,0.53,0.67,2024-10-20,712,N,VIIRS,n,2,295.36,4.81,D,0
31.89513,74.06188,343.25,0.53,0.67,2024-10-20,712,N,VIIRS,n,2,295.29,9.45,D,0
31.89949,74.06308,342.54,0.53,0.67,2024-10-20,712,N,VIIRS,n,2,295.06,4.81,D,0
32.0192,74.23612,328.81,0.52,0.67,2024-10-20,712,N,VIIRS,n,2,294.37,3.37,D,0
32.15341,75.13478,337,0.46,0.63,2024-10-20,712,N,VIIRS,n,2,294.18,3.56,D,0
33.21065,70.19662,329.87,0.8,0.78,2024-10-20,712,N,VIIRS,n,2,295.03,4.7,D,0
33.2114,70.19544,330.69,0.79,0.78,2024-10-20,712,N,VIIRS,n,2,294.72,5.69,D,0
33.29137,71.18153,330.28,0.7,0.75,2024-10-20,712,N,VIIRS,n,2,295.94,5.09,D,2
33.47367,75.12802,351.36,0.43,0.62,2024-10-20,712,N,VIIRS,n,2,291.82,7.46,D,0
33.4747,75.13202,334.98,0.43,0.62,2024-10-20,712,N,VIIRS,n,2,289.7,7.34,D,0
28.96186,73.64944,340.77,0.37,0.58,2024-10-20,851,N,VIIRS,n,2,310.73,3.58,D,0
29.15995,70.84081,343.32,0.5,0.49,2024-10-20,851,N,VIIRS,n,2,308.04,4.84,D,0
29.25368,70.29916,342.17,0.46,0.47,2024-10-20,851,N,VIIRS,n,2,308.97,4.51,D,0
29.52,74.35282,338.67,0.41,0.6,2024-10-20,851,N,VIIRS,n,2,301.38,1.93,D,0
29.53318,74.53645,333.13,0.42,0.61,2024-10-20,851,N,VIIRS,n,2,300.11,2.03,D,0
29.54824,70.54926,339.9,0.48,0.48,2024-10-20,851,N,VIIRS,n,2,309.45,3.01,D,0
29.55402,69.57568,346.71,0.43,0.46,2024-10-20,851,N,VIIRS,n,2,313.51,9.77,D,0
29.63345,75.48183,344.89,0.48,0.65,2024-10-20,851,N,VIIRS,n,2,300.4,6.53,D,0
29.63437,75.4777,331.51,0.48,0.65,2024-10-20,851,N,VIIRS,n,2,299.8,3.3,D,0
29.63467,75.48277,330.85,0.48,0.65,2024-10-20,851,N,VIIRS,n,2,299.45,3.3,D,0
29.642,71.78743,341.83,0.57,0.52,2024-10-20,851,N,VIIRS,n,2,303.52,8.6,D,0
29.64535,71.78534,338.15,0.57,0.52,2024-10-20,851,N,VIIRS,n,2,300.23,9.05,D,0
29.71791,75.45617,338.51,0.48,0.64,2024-10-20,851,N,VIIRS,n,2,301.59,7.65,D,0
29.71964,75.45562,350.1,0.48,0.65,2024-10-20,851,N,VIIRS,n,2,301.91,6.99,D,0
29.73596,72.51732,334.1,0.32,0.54,2024-10-20,851,N,VIIRS,n,2,301.6,2.35,D,0
29.93748,71.48925,330.76,0.56,0.51,2024-10-20,851,N,VIIRS,l,2,303.23,3.04,D,0
29.95469,72.61139,345.39,0.32,0.55,2024-10-20,851,N,VIIRS,n,2,303.33,3.1,D,0
29.95943,71.41037,332.78,0.55,0.51,2024-10-20,851,N,VIIRS,n,2,301.18,3.41,D,0
29.95995,71.41615,332.8,0.55,0.51,2024-10-20,851,N,VIIRS,n,2,300.85,3.41,D,0
30.01165,71.45716,338.73,0.55,0.51,2024-10-20,851,N,VIIRS,n,2,304.05,5.08,D,0
30.01642,71.45662,343.01,0.55,0.51,2024-10-20,851,N,VIIRS,n,2,302.51,9.61,D,0
30.05345,73.1991,367,0.35,0.57,2024-10-20,851,N,VIIRS,h,2,302.53,6.72,D,0
30.07056,72.95044,337.08,0.34,0.56,2024-10-20,851,N,VIIRS,n,2,301.32,2.69,D,0
30.07059,72.95007,341.28,0.34,0.56,2024-10-20,851,N,VIIRS,n,2,302.01,2.63,D,0
30.13955,73.02402,336.26,0.34,0.56,2024-10-20,851,N,VIIRS,n,2,301.71,4.17,D,0
30.17875,73.18394,335.23,0.35,0.57,2024-10-20,851,N,VIIRS,n,2,300.39,2.3,D,0
30.21278,73.48073,333.42,0.37,0.58,2024-10-20,851,N,VIIRS,n,2,300.26,3.47,D,0
30.18283,73.18327,338.31,0.35,0.57,2024-10-20,852,N,VIIRS,n,2,300.6,2.79,D,0
30.21346,70.6488,355.78,0.5,0.49,2024-10-20,852,N,VIIRS,n,2,311.3,15.16,D,0
30.21497,73.48048,337.5,0.37,0.58,2024-10-20,852,N,VIIRS,n,2,300.65,3.76,D,0
30.218,70.64825,342.42,0.5,0.49,2024-10-20,852,N,VIIRS,n,2,306.11,15.16,D,0
30.22878,73.08512,334.22,0.35,0.57,2024-10-20,852,N,VIIRS,n,2,300.47,1.09,D,0
30.2503,70.64957,349.43,0.5,0.49,2024-10-20,852,N,VIIRS,n,2,308.28,9.29,D,0
30.25333,70.63322,338.55,0.5,0.49,2024-10-20,852,N,VIIRS,n,2,306.99,5.38,D,0
30.25383,70.63849,342.09,0.5,0.49,2024-10-20,852,N,VIIRS,n,2,305.94,7.58,D,0
30.25434,70.64375,343.26,0.5,0.49,2024-10-20,852,N,VIIRS,n,2,308.25,7.58,D,0
30.25484,70.64901,343.42,0.5,0.49,2024-10-20,852,N,VIIRS,n,2,306.81,9.29,D,0
30.27,70.66314,343.67,0.5,0.49,2024-10-20,852,N,VIIRS,n,2,307.33,6.38,D,0
30.2821,73.29158,367,0.36,0.57,2024-10-20,852,N,VIIRS,h,2,301.3,9.14,D,0
30.31403,74.61794,336.99,0.43,0.62,2024-10-20,852,N,VIIRS,n,2,297.08,2.33,D,0
30.32111,73.37674,348.4,0.36,0.58,2024-10-20,852,N,VIIRS,n,2,302.7,3.87,D,0
30.3233,73.37556,343,0.36,0.58,2024-10-20,852,N,VIIRS,n,2,301.86,4.61,D,0
30.33163,70.68056,341.2,0.5,0.49,2024-10-20,852,N,VIIRS,n,2,307.38,8.63,D,0
30.34124,70.68472,343.85,0.5,0.49,2024-10-20,852,N,VIIRS,n,2,307.47,6.25,D,0
30.34175,73.11779,342.32,0.35,0.57,2024-10-20,852,N,VIIRS,n,2,299.15,4.17,D,0
30.35559,73.44683,356.46,0.37,0.58,2024-10-20,852,N,VIIRS,n,2,301.55,4.9,D,0
30.37747,73.44875,335.25,0.37,0.58,2024-10-20,852,N,VIIRS,n,2,301.17,2.77,D,0
30.41255,73.481,346.84,0.37,0.58,2024-10-20,852,N,VIIRS,n,2,299.72,7.78,D,0
30.44917,72.19525,334.62,0.62,0.54,2024-10-20,852,N,VIIRS,n,2,300.56,4.21,D,0
30.48214,73.74091,338.43,0.38,0.59,2024-10-20,852,N,VIIRS,n,2,300.6,2.89,D,0
30.49169,73.71951,344.28,0.38,0.59,2024-10-20,852,N,VIIRS,n,2,301.13,5.11,D,0
30.49663,73.78914,341.63,0.39,0.59,2024-10-20,852,N,VIIRS,n,2,302.86,2.41,D,0
30.49787,73.5768,332.63,0.38,0.58,2024-10-20,852,N,VIIRS,n,2,300.72,1.63,D,0
30.51238,73.85439,367,0.39,0.59,2024-10-20,852,N,VIIRS,h,2,302.81,9.34,D,0
30.54004,73.54205,333.1,0.37,0.58,2024-10-20,852,N,VIIRS,n,2,301.49,2.09,D,0
30.54667,72.41134,331.49,0.32,0.55,2024-10-20,852,N,VIIRS,n,2,302.8,2.12,D,0
30.54673,74.10271,333.73,0.4,0.6,2024-10-20,852,N,VIIRS,n,2,298.64,3.49,D,0
30.55429,73.58907,355.49,0.38,0.58,2024-10-20,852,N,VIIRS,n,2,300.75,7.46,D,0
30.57095,71.61927,350.9,0.57,0.52,2024-10-20,852,N,VIIRS,n,2,303.39,8.9,D,0
30.576,73.74223,343.32,0.38,0.59,2024-10-20,852,N,VIIRS,n,2,300.79,3.61,D,0
30.57916,73.95143,333.4,0.4,0.6,2024-10-20,852,N,VIIRS,n,2,298.54,2.13,D,0
30.58127,73.65967,338.58,0.38,0.59,2024-10-20,852,N,VIIRS,n,2,301.61,2.75,D,0
30.58438,73.78288,335.38,0.39,0.59,2024-10-20,852,N,VIIRS,n,2,302.72,2.1,D,0
30.60093,73.78143,334.37,0.39,0.59,2024-10-20,852,N,VIIRS,n,2,302.02,1.83,D,0
30.60354,73.89844,349.05,0.39,0.6,2024-10-20,852,N,VIIRS,n,2,302.25,3.92,D,0
30.60749,73.64101,339.83,0.38,0.59,2024-10-20,852,N,VIIRS,n,2,301.57,2.99,D,0
30.64027,74.02309,334.55,0.4,0.6,2024-10-20,852,N,VIIRS,n,2,299.98,2.36,D,0
30.65284,73.96207,333.82,0.4,0.6,2024-10-20,852,N,VIIRS,n,2,300.11,2.34,D,0
30.6531,73.58822,330.83,0.38,0.58,2024-10-20,852,N,VIIRS,n,2,299.61,1.69,D,0
30.6568,73.78941,350.38,0.39,0.59,2024-10-20,852,N,VIIRS,n,2,301.84,5.02,D,0
30.65705,73.789,343.18,0.39,0.59,2024-10-20,852,N,VIIRS,n,2,301.06,5.4,D,0
30.65717,72.2054,333.19,0.62,0.54,2024-10-20,852,N,VIIRS,n,2,300.18,4.98,D,0
30.67881,74.21266,367,0.41,0.61,2024-10-20,852,N,VIIRS,h,2,300.72,5.58,D,0
30.6806,72.79111,334.92,0.34,0.56,2024-10-20,852,N,VIIRS,n,2,300.12,1.92,D,0
30.68179,74.21149,342.88,0.41,0.61,2024-10-20,852,N,VIIRS,n,2,299.78,4.7,D,0
30.6889,73.53657,339.46,0.37,0.58,2024-10-20,852,N,VIIRS,n,2,299.74,2.29,D,0
30.70298,73.57975,331.57,0.38,0.59,2024-10-20,852,N,VIIRS,n,2,301.17,2.01,D,0
30.705,73.92406,338.56,0.4,0.6,2024-10-20,852,N,VIIRS,n,2,299.42,2.49,D,0
30.71556,73.83437,336.52,0.39,0.59,2024-10-20,852,N,VIIRS,n,2,299.96,2.8,D,0
30.72461,74.04675,331.66,0.4,0.6,2024-10-20,852,N,VIIRS,n,2,299.58,1.96,D,0
30.76226,73.97004,332.53,0.4,0.6,2024-10-20,852,N,VIIRS,n,2,300.22,2.1,D,0
30.7676,73.88007,331.68,0.39,0.6,2024-10-20,852,N,VIIRS,n,2,301.34,2.1,D,0
30.76819,73.11328,348.18,0.35,0.57,2024-10-20,852,N,VIIRS,n,2,300.94,4.53,D,0
30.77303,73.71211,367,0.38,0.59,2024-10-20,852,N,VIIRS,h,2,302.6,8.19,D,0
30.77568,73.91756,336.01,0.4,0.6,2024-10-20,852,N,VIIRS,n,2,301.43,2.17,D,0
30.77744,73.91782,336.63,0.4,0.6,2024-10-20,852,N,VIIRS,n,2,301.67,2.31,D,0
30.77853,73.71162,338.38,0.38,0.59,2024-10-20,852,N,VIIRS,n,2,300.09,3.4,D,0
30.7822,73.76527,330.3,0.39,0.59,2024-10-20,852,N,VIIRS,n,2,299.85,1.89,D,0
30.79999,73.70141,337.81,0.38,0.59,2024-10-20,852,N,VIIRS,n,2,300.53,3.01,D,0
30.8004,73.8687,345.46,0.39,0.6,2024-10-20,852,N,VIIRS,n,2,300.48,5.48,D,0
30.80087,74.40021,330.28,0.42,0.61,2024-10-20,852,N,VIIRS,n,2,299.18,2.51,D,0
30.80096,70.75943,331.08,0.51,0.5,2024-10-20,852,N,VIIRS,l,2,304.25,5.61,D,0
30.80147,70.76487,342.88,0.51,0.5,2024-10-20,852,N,VIIRS,n,2,305.59,5.61,D,0
30.80556,70.80865,352.75,0.52,0.5,2024-10-20,852,N,VIIRS,n,2,306.02,8.49,D,0
30.80635,74.12679,336.21,0.41,0.6,2024-10-20,852,N,VIIRS,n,2,301.6,4.37,D,0
30.80983,73.76283,336.81,0.39,0.59,2024-10-20,852,N,VIIRS,n,2,299.65,3.15,D,0
30.81007,73.84672,367,0.39,0.59,2024-10-20,852,N,VIIRS,h,2,302.39,11.96,D,0
30.82292,73.7909,367,0.39,0.59,2024-10-20,852,N,VIIRS,h,2,302.5,10.9,D,0
30.82497,73.82011,355.36,0.39,0.59,2024-10-20,852,N,VIIRS,n,2,300.59,8.22,D,0
30.82526,73.82429,356.14,0.39,0.59,2024-10-20,852,N,VIIRS,n,2,300.98,11.67,D,0
30.82948,70.72199,343.52,0.51,0.5,2024-10-20,852,N,VIIRS,n,2,307.02,10.61,D,0
30.83007,70.72295,342.69,0.51,0.49,2024-10-20,852,N,VIIRS,n,2,306.79,5.97,D,0
30.84625,73.80568,332.93,0.39,0.59,2024-10-20,852,N,VIIRS,n,2,298.74,3.69,D,0
30.84676,74.05345,334.33,0.4,0.6,2024-10-20,852,N,VIIRS,n,2,299.77,2.45,D,0
30.87915,73.87463,332.97,0.39,0.6,2024-10-20,852,N,VIIRS,n,2,301.15,2.06,D,0
30.88299,74.42096,340.69,0.42,0.61,2024-10-20,852,N,VIIRS,n,2,299.48,5.69,D,0
30.88314,74.03802,331.95,0.4,0.6,2024-10-20,852,N,VIIRS,n,2,299,1.94,D,0
30.88511,74.45293,367,0.43,0.62,2024-10-20,852,N,VIIRS,h,2,300.6,13.96,D,0
30.92546,74.82471,331.98,0.45,0.63,2024-10-20,852,N,VIIRS,n,2,298.51,3.21,D,0
30.9271,74.82773,332.93,0.45,0.63,2024-10-20,852,N,VIIRS,n,2,298.02,3.74,D,0
30.9455,75.02322,333.2,0.46,0.64,2024-10-20,852,N,VIIRS,n,2,297.95,3.41,D,0
30.94659,74.58891,333.78,0.44,0.62,2024-10-20,852,N,VIIRS,n,2,299.51,4.29,D,0
30.99144,74.21401,332.2,0.41,0.61,2024-10-20,852,N,VIIRS,n,2,298.5,1.7,D,0
30.99323,74.21387,333.13,0.41,0.61,2024-10-20,852,N,VIIRS,n,2,299.03,1.9,D,0
31.01197,74.69759,344.5,0.44,0.63,2024-10-20,852,N,VIIRS,n,2,299.29,4.97,D,0
31.02378,74.62101,332.89,0.44,0.62,2024-10-20,852,N,VIIRS,n,2,298.77,5.31,D,0
31.02454,74.62051,342.3,0.44,0.62,2024-10-20,852,N,VIIRS,n,2,299.1,5.89,D,0
31.03862,73.5563,334.27,0.38,0.59,2024-10-20,852,N,VIIRS,n,2,300.02,1.97,D,0
31.03887,74.12553,344.89,0.41,0.61,2024-10-20,852,N,VIIRS,n,2,298.53,6.06,D,0
31.03916,74.12994,349.26,0.41,0.61,2024-10-20,852,N,VIIRS,n,2,299.44,6.06,D,0
31.07068,74.26136,342.13,0.42,0.61,2024-10-20,852,N,VIIRS,n,2,300.11,3.46,D,0
31.11892,74.83023,350.69,0.45,0.63,2024-10-20,852,N,VIIRS,n,2,298.83,4.82,D,0
31.14603,73.50803,332.09,0.38,0.59,2024-10-20,852,N,VIIRS,n,2,298.81,2.07,D,0
31.16788,73.50608,342.82,0.38,0.59,2024-10-20,852,N,VIIRS,n,2,298.84,4.16,D,0
31.16831,73.50538,344.21,0.38,0.59,2024-10-20,852,N,VIIRS,n,2,298.67,3.61,D,0
31.19214,75.20596,345.08,0.48,0.64,2024-10-20,852,N,VIIRS,n,2,298.63,5.24,D,0
31.20144,73.75124,330.2,0.39,0.59,2024-10-20,852,N,VIIRS,n,2,298.75,3.88,D,0
31.20727,73.75496,331.39,0.39,0.59,2024-10-20,852,N,VIIRS,n,2,298.07,3.88,D,0
31.21182,70.76205,343.03,0.52,0.5,2024-10-20,852,N,VIIRS,n,2,304.86,5.8,D,0
31.22057,70.75542,339.19,0.52,0.5,2024-10-20,852,N,VIIRS,n,2,302.61,6.65,D,0
31.22328,72.43997,343.12,0.33,0.55,2024-10-20,852,N,VIIRS,n,2,301.15,2.78,D,0
31.24515,73.58045,332.82,0.38,0.59,2024-10-20,852,N,VIIRS,n,2,297.67,2.17,D,0
31.30672,73.8363,336.56,0.4,0.6,2024-10-20,852,N,VIIRS,n,2,297.34,2.94,D,0
31.35813,75.08433,336.03,0.47,0.64,2024-10-20,852,N,VIIRS,n,2,297.38,4.01,D,0
31.37099,73.95626,332.71,0.4,0.6,2024-10-20,852,N,VIIRS,n,2,297.8,1.4,D,0
31.37101,73.87378,334.47,0.4,0.6,2024-10-20,852,N,VIIRS,n,2,297.99,3.77,D,0
31.38975,70.64214,340.38,0.51,0.5,2024-10-20,852,N,VIIRS,n,2,303.65,5.44,D,0
31.40306,70.63494,331.72,0.51,0.5,2024-10-20,852,N,VIIRS,n,2,303.45,2.73,D,0
31.42279,73.92554,367,0.4,0.6,2024-10-20,852,N,VIIRS,h,2,299.41,6.42,D,0
31.44352,75.00193,330.63,0.47,0.64,2024-10-20,852,N,VIIRS,n,2,297.24,2.9,D,0
31.44553,70.64095,340.3,0.51,0.5,2024-10-20,852,N,VIIRS,n,2,302.97,6.51,D,0
31.45142,74.65104,331.68,0.44,0.63,2024-10-20,852,N,VIIRS,n,2,297.48,3.16,D,0
31.45502,73.90107,330.78,0.4,0.6,2024-10-20,852,N,VIIRS,n,2,298.27,3.16,D,0
31.45584,74.65121,339.24,0.44,0.63,2024-10-20,852,N,VIIRS,n,2,297.76,5.92,D,0
31.45727,74.6506,336.4,0.44,0.63,2024-10-20,852,N,VIIRS,n,2,296.94,3.9,D,0
31.47213,74.97966,331.93,0.46,0.64,2024-10-20,852,N,VIIRS,n,2,298.08,3.53,D,0
31.4726,72.73975,336.64,0.34,0.56,2024-10-20,852,N,VIIRS,n,2,300.24,2.19,D,0
31.4743,74.97537,331.3,0.46,0.64,2024-10-20,852,N,VIIRS,n,2,297.82,5.56,D,0
31.4774,75.06554,347.79,0.47,0.64,2024-10-20,852,N,VIIRS,n,2,299.48,6.32,D,0
31.47934,75.06647,335.93,0.47,0.64,2024-10-20,852,N,VIIRS,n,2,298.39,9.75,D,0
31.48339,75.06512,351.84,0.47,0.64,2024-10-20,852,N,VIIRS,n,2,299.91,6.93,D,0
31.48534,75.06602,367,0.47,0.64,2024-10-20,852,N,VIIRS,h,2,300.57,9.75,D,0
31.48939,75.06469,337.28,0.47,0.64,2024-10-20,852,N,VIIRS,n,2,297.73,6.93,D,0
31.50584,74.79855,333.83,0.45,0.63,2024-10-20,852,N,VIIRS,n,2,296.94,4.45,D,0
31.50613,74.80347,335.38,0.45,0.63,2024-10-20,852,N,VIIRS,n,2,297.12,5.87,D,0
31.51106,70.65306,343.32,0.52,0.5,2024-10-20,852,N,VIIRS,n,2,303.69,5.92,D,0
31.53118,73.97646,335.82,0.41,0.6,2024-10-20,852,N,VIIRS,n,2,297.52,3.48,D,0
31.54095,73.30343,334.12,0.37,0.58,2024-10-20,852,N,VIIRS,n,2,299.39,2.33,D,0
31.60302,73.64259,337.24,0.39,0.59,2024-10-20,852,N,VIIRS,n,2,299.1,3.86,D,0
31.60398,73.64302,336.31,0.39,0.59,2024-10-20,852,N,VIIRS,n,2,298.87,3.64,D,0
31.61153,70.59347,342.13,0.51,0.5,2024-10-20,852,N,VIIRS,n,2,303.06,4.08,D,0
31.62238,72.21072,334.75,0.32,0.55,2024-10-20,852,N,VIIRS,n,2,298.36,1.48,D,0
31.62564,75.16402,330.44,0.48,0.64,2024-10-20,852,N,VIIRS,n,2,298.22,2.81,D,0
31.62627,70.65308,334.43,0.52,0.5,2024-10-20,852,N,VIIRS,n,2,301.38,2.26,D,0
31.66339,72.9039,342.09,0.35,0.57,2024-10-20,852,N,VIIRS,n,2,298.57,3.23,D,0
31.67446,75.06757,332.85,0.47,0.64,2024-10-20,852,N,VIIRS,n,2,297.21,3.36,D,0
31.67592,75.06358,334.57,0.47,0.64,2024-10-20,852,N,VIIRS,n,2,296.97,3.04,D,0
31.68907,70.72443,330.39,0.52,0.5,2024-10-20,852,N,VIIRS,l,2,302.26,4.77,D,0
31.68914,73.04013,341.08,0.36,0.57,2024-10-20,852,N,VIIRS,n,2,300.3,2.68,D,0
31.69237,70.72743,342.8,0.52,0.5,2024-10-20,852,N,VIIRS,n,2,302.64,5.44,D,0
31.74723,75.15163,338.25,0.48,0.64,2024-10-20,852,N,VIIRS,n,2,297.68,3.34,D,0
31.79571,70.75365,336,0.53,0.5,2024-10-20,852,N,VIIRS,n,2,301.04,3.54,D,0
31.83372,74.09048,333.79,0.41,0.61,2024-10-20,852,N,VIIRS,n,2,297.71,4.11,D,0
31.83944,74.35256,332.2,0.43,0.62,2024-10-20,852,N,VIIRS,n,2,297.15,3.41,D,0
31.86417,74.00275,330.55,0.41,0.61,2024-10-20,852,N,VIIRS,n,2,295.96,3,D,0
31.89536,74.04501,347.51,0.41,0.61,2024-10-20,852,N,VIIRS,n,2,296.44,4.85,D,0
31.9401,74.29316,350.06,0.43,0.62,2024-10-20,852,N,VIIRS,n,2,297.56,5.75,D,0
31.94074,74.28977,335.17,0.43,0.62,2024-10-20,852,N,VIIRS,n,2,297.41,3.59,D,0
31.94101,74.29442,332.77,0.43,0.62,2024-10-20,852,N,VIIRS,n,2,297.21,3.59,D,0
31.96765,72.38828,336.74,0.33,0.55,2024-10-20,852,N,VIIRS,n,2,298.52,2,D,0
32.02139,74.47242,331.74,0.44,0.62,2024-10-20,852,N,VIIRS,n,2,295.06,3.36,D,0
32.05011,73.38413,331.98,0.38,0.59,2024-10-20,852,N,VIIRS,n,2,296.45,3.63,D,0
32.09597,74.36466,334.33,0.43,0.62,2024-10-20,852,N,VIIRS,n,2,296.37,3.74,D,0
32.12752,74.91252,331.91,0.47,0.64,2024-10-20,852,N,VIIRS,n,2,293.98,3.33,D,0
32.14185,73.91164,335.13,0.41,0.6,2024-10-20,852,N,VIIRS,n,2,296.22,3.76,D,0
32.17768,75.16357,332.63,0.48,0.65,2024-10-20,852,N,VIIRS,n,2,294.52,2.71,D,0
32.19281,72.43974,338.68,0.33,0.56,2024-10-20,852,N,VIIRS,n,2,297.74,4.37,D,0
32.21189,73.8094,337.98,0.4,0.6,2024-10-20,852,N,VIIRS,n,2,296.17,5.64,D,0
32.24324,73.85541,341.57,0.4,0.6,2024-10-20,852,N,VIIRS,n,2,296.25,5.92,D,0
32.24595,73.85519,346.99,0.41,0.6,2024-10-20,852,N,VIIRS,n,2,295.67,6.15,D,0
32.24962,73.30856,340.98,0.38,0.58,2024-10-20,852,N,VIIRS,n,2,296.9,3.39,D,0
32.30439,73.29158,331.52,0.38,0.58,2024-10-20,852,N,VIIRS,n,2,296.6,1.77,D,0
32.33935,74.04185,339.41,0.42,0.61,2024-10-20,852,N,VIIRS,n,2,296.42,6.98,D,0
32.37574,73.37193,332.92,0.38,0.59,2024-10-20,852,N,VIIRS,n,2,295.55,1.7,D,0
32.37997,73.95689,343.5,0.41,0.61,2024-10-20,852,N,VIIRS,n,2,297.04,4.19,D,0
32.38564,73.95642,339.06,0.41,0.61,2024-10-20,852,N,VIIRS,n,2,295.96,4.19,D,0
33.20955,70.19813,331.49,0.51,0.49,2024-10-20,852,N,VIIRS,n,2,301.11,4.02,D,0
33.21333,70.19524,330.49,0.51,0.49,2024-10-20,852,N,VIIRS,n,2,299.38,2.04,D,0
33.21419,70.19824,336.47,0.51,0.49,2024-10-20,852,N,VIIRS,n,2,299.37,4.02,D,0
33.31153,70.46886,331.32,0.53,0.5,2024-10-20,852,N,VIIRS,n,2,302.59,4.13,D,0
33.58014,70.00961,345.05,0.5,0.49,2024-10-20,853,N,VIIRS,n,2,303.21,7.01,D,0
30.32054,74.01888,302.83,0.44,0.46,2024-10-20,2115,N,VIIRS,n,2,290.41,0.56,N,0
31.65283,74.1788,307.06,0.42,0.45,2024-10-20,2115,N,VIIRS,n,2,293.98,1.9,N,0
31.65375,74.17441,324.09,0.42,0.45,2024-10-20,2115,N,VIIRS,n,2,293.93,1.9,N,0
32.08695,74.16244,307.35,0.41,0.45,2024-10-20,2115,N,VIIRS,n,2,293.61,1.17,N,2
32.28857,70.73999,306.77,0.43,0.38,2024-10-20,2115,N,VIIRS,n,2,294.8,0.99,N,2
32.29367,70.73191,310.21,0.43,0.38,2024-10-20,2115,N,VIIRS,n,2,295.03,1.17,N,2
32.88741,71.61689,304.93,0.46,0.39,2024-10-20,2115,N,VIIRS,n,2,294.72,1.58,N,2
28.42355,69.70184,304.84,0.44,0.38,2024-10-20,2116,N,VIIRS,n,2,294.46,1.01,N,2
29.56278,70.40158,306.69,0.45,0.39,2024-10-20,2116,N,VIIRS,n,2,291.87,0.99,N,0
29.56632,70.40243,323.81,0.45,0.39,2024-10-20,2116,N,VIIRS,n,2,292.79,2.32,N,0
29.95234,72.78775,304.44,0.38,0.43,2024-10-20,2116,N,VIIRS,n,2,290.79,0.55,N,0
30.1841,71.54985,321.13,0.5,0.41,2024-10-20,2116,N,VIIRS,n,2,293.95,1.91,N,0
30.66615,70.71024,302.8,0.45,0.39,2024-10-20,2116,N,VIIRS,n,2,292.71,0.38,N,0