latitude,longitude,bright_ti4,scan,track,acq_date,acq_time,satellite,instrument,confidence,version,bright_ti5,frp,daynight,type
27.81923,73.1604,340.55,0.44,0.38,2025-10-31,805,N,VIIRS,n,2,306.59,2.51,D,0
27.82001,73.16483,367,0.44,0.38,2025-10-31,805,N,VIIRS,h,2,307.49,5.62,D,0
27.82079,73.16925,349.29,0.44,0.38,2025-10-31,805,N,VIIRS,n,2,306.9,5.62,D,0
27.82274,73.15963,339.14,0.44,0.38,2025-10-31,805,N,VIIRS,n,2,307.08,1.59,D,0
27.82352,73.16405,356.19,0.44,0.38,2025-10-31,805,N,VIIRS,n,2,308.55,6.13,D,0
27.8243,73.16848,350.18,0.44,0.38,2025-10-31,805,N,VIIRS,n,2,307.26,6.13,D,0
27.82826,73.38056,336.47,0.43,0.38,2025-10-31,805,N,VIIRS,n,2,306.13,2.1,D,0
27.82858,73.17212,338.83,0.44,0.38,2025-10-31,805,N,VIIRS,n,2,307.8,2.05,D,0
27.83637,73.17499,344.54,0.44,0.38,2025-10-31,805,N,VIIRS,n,2,308.06,3.27,D,0
27.83714,73.1794,339.65,0.44,0.38,2025-10-31,805,N,VIIRS,n,2,307.82,1.63,D,0
27.8391,73.16979,337.51,0.44,0.38,2025-10-31,805,N,VIIRS,n,2,306.56,3.11,D,0
27.83987,73.17421,351.45,0.44,0.38,2025-10-31,805,N,VIIRS,n,2,308.21,3.11,D,0
27.84065,73.17862,353.16,0.44,0.38,2025-10-31,805,N,VIIRS,n,2,308.3,6.97,D,0
27.8457,73.18668,343.62,0.44,0.38,2025-10-31,805,N,VIIRS,n,2,307.14,3.65,D,0
27.8492,73.18589,349.41,0.44,0.38,2025-10-31,805,N,VIIRS,n,2,308.53,5.63,D,0
27.84997,73.1903,349.29,0.44,0.38,2025-10-31,805,N,VIIRS,n,2,307.36,5.63,D,0
27.85115,73.17628,351.37,0.44,0.38,2025-10-31,805,N,VIIRS,n,2,305.96,4.29,D,0
27.85192,73.18069,353.49,0.44,0.38,2025-10-31,805,N,VIIRS,n,2,306.87,4.29,D,0
28.00835,72.97772,336.95,0.44,0.39,2025-10-31,805,N,VIIRS,n,2,306.48,3.44,D,0
28.0146,72.97164,338.11,0.44,0.39,2025-10-31,805,N,VIIRS,n,2,307.1,1.9,D,0
28.01812,72.97086,336.98,0.44,0.39,2025-10-31,805,N,VIIRS,n,2,306.78,1.9,D,0
28.02085,72.96558,335.28,0.44,0.39,2025-10-31,805,N,VIIRS,l,2,307.23,3.56,D,0
28.02418,73.06698,343.34,0.44,0.38,2025-10-31,805,N,VIIRS,n,2,308.26,3.1,D,0
28.06718,73.65209,339.07,0.42,0.38,2025-10-31,805,N,VIIRS,n,2,305.07,2.11,D,0
28.16478,72.95775,335.2,0.44,0.39,2025-10-31,805,N,VIIRS,l,2,306.95,2.56,D,0
28.16673,72.948,335.41,0.44,0.39,2025-10-31,805,N,VIIRS,l,2,307.58,0.85,D,0
28.17377,72.94643,336.3,0.44,0.39,2025-10-31,805,N,VIIRS,l,2,307.19,2.26,D,0
28.17768,73.32177,336.5,0.43,0.38,2025-10-31,805,N,VIIRS,n,2,306.46,2.68,D,0
28.17844,73.32612,356.57,0.43,0.38,2025-10-31,805,N,VIIRS,n,2,306.73,5.13,D,0
28.1792,73.33045,335.12,0.43,0.38,2025-10-31,805,N,VIIRS,n,2,306.5,5.13,D,0
28.18191,73.32536,367,0.43,0.38,2025-10-31,805,N,VIIRS,h,2,306.76,5.13,D,0
28.18267,73.32969,367,0.43,0.38,2025-10-31,805,N,VIIRS,h,2,307.58,5.13,D,0
28.1831,73.31153,341.96,0.43,0.38,2025-10-31,805,N,VIIRS,n,2,305.5,2.77,D,0
28.18343,73.33403,349.13,0.43,0.38,2025-10-31,805,N,VIIRS,n,2,307.43,5.79,D,0
28.18386,73.31588,349.7,0.43,0.38,2025-10-31,805,N,VIIRS,n,2,305.62,4.43,D,0
28.18462,73.32024,349.07,0.43,0.38,2025-10-31,805,N,VIIRS,n,2,305.88,4.43,D,0
28.18538,73.32458,356.06,0.43,0.38,2025-10-31,805,N,VIIRS,n,2,307.02,18.19,D,0
28.18658,73.31075,343.89,0.43,0.38,2025-10-31,805,N,VIIRS,n,2,305.58,2.77,D,0
28.1869,73.33327,356.35,0.43,0.38,2025-10-31,805,N,VIIRS,l,2,308.64,10.12,D,0
28.18734,73.31511,367,0.43,0.38,2025-10-31,805,N,VIIRS,h,2,305.55,4.43,D,0
28.18746,72.96198,338.44,0.44,0.39,2025-10-31,805,N,VIIRS,l,2,309.38,1.38,D,0
28.18765,73.33762,367,0.43,0.38,2025-10-31,805,N,VIIRS,h,2,307.56,10.12,D,0
28.18885,73.32381,349.66,0.43,0.38,2025-10-31,805,N,VIIRS,n,2,306.97,18.19,D,0
28.18961,73.32816,356.52,0.43,0.38,2025-10-31,805,N,VIIRS,l,2,308.69,18.19,D,0
28.19005,73.30998,343.06,0.43,0.38,2025-10-31,805,N,VIIRS,n,2,306.72,2.9,D,0
28.19037,73.3325,356.51,0.43,0.38,2025-10-31,805,N,VIIRS,l,2,308.58,10.12,D,0
28.19081,73.31434,338.54,0.43,0.38,2025-10-31,805,N,VIIRS,n,2,306.87,4.54,D,0
28.19112,73.33685,355.81,0.43,0.38,2025-10-31,805,N,VIIRS,n,2,308.17,10.12,D,0
28.19188,73.34118,356.51,0.43,0.38,2025-10-31,805,N,VIIRS,l,2,308.54,14.17,D,0
28.19232,73.32304,338.01,0.43,0.38,2025-10-31,805,N,VIIRS,n,2,306.92,3.37,D,0
28.19254,72.97015,341.48,0.44,0.39,2025-10-31,805,N,VIIRS,n,2,309.17,4.8,D,0
28.19308,73.32738,350.65,0.43,0.38,2025-10-31,805,N,VIIRS,n,2,308,3.37,D,0
28.19332,72.97463,351.3,0.44,0.39,2025-10-31,805,N,VIIRS,n,2,309.32,4.69,D,0
28.19352,73.30922,342.43,0.43,0.38,2025-10-31,805,N,VIIRS,n,2,306.32,2.9,D,0
28.19383,73.33174,356.33,0.43,0.38,2025-10-31,805,N,VIIRS,l,2,307.77,12.57,D,0
28.19459,73.33608,367,0.43,0.38,2025-10-31,805,N,VIIRS,h,2,308.04,12.57,D,0
28.195,72.9663,341.05,0.44,0.39,2025-10-31,805,N,VIIRS,n,2,309.4,3.77,D,0
28.19534,73.34042,356.33,0.43,0.38,2025-10-31,805,N,VIIRS,l,2,307.82,10.49,D,0
28.19579,73.32228,337.19,0.43,0.38,2025-10-31,805,N,VIIRS,n,2,306.53,3.37,D,0
28.1958,72.97078,350.7,0.44,0.39,2025-10-31,805,N,VIIRS,n,2,309.83,3.77,D,0
28.19606,72.96935,335.71,0.44,0.39,2025-10-31,805,N,VIIRS,l,2,309.54,3.5,D,0
28.1961,73.34475,348.4,0.43,0.38,2025-10-31,805,N,VIIRS,n,2,306.77,10.49,D,0
28.19655,73.32662,354.65,0.43,0.38,2025-10-31,805,N,VIIRS,n,2,306.05,3.37,D,0
28.19731,73.33097,355.75,0.43,0.38,2025-10-31,805,N,VIIRS,n,2,305.71,12.57,D,0
28.19772,72.96104,343.74,0.44,0.39,2025-10-31,805,N,VIIRS,n,2,310.09,3.57,D,0
28.19806,73.33531,356.73,0.43,0.38,2025-10-31,805,N,VIIRS,l,2,308.33,12.57,D,0
28.1982,72.98418,343.41,0.44,0.38,2025-10-31,805,N,VIIRS,n,2,308.54,2.72,D,0
28.1984,72.98278,336.6,0.44,0.39,2025-10-31,805,N,VIIRS,l,2,308.23,1.84,D,0
28.19852,72.96552,356.88,0.44,0.39,2025-10-31,805,N,VIIRS,l,2,310.72,3.77,D,0
28.1988,72.96408,349.64,0.44,0.39,2025-10-31,805,N,VIIRS,n,2,310.36,3.5,D,0
28.19881,73.33965,356.43,0.43,0.38,2025-10-31,805,N,VIIRS,n,2,308.18,10.49,D,0
28.20091,72.97892,340.76,0.44,0.39,2025-10-31,805,N,VIIRS,n,2,309.01,3.95,D,0
28.20124,72.96026,340.97,0.44,0.39,2025-10-31,805,N,VIIRS,l,2,311.04,2.54,D,0
28.20153,73.33454,356.73,0.43,0.38,2025-10-31,805,N,VIIRS,l,2,307.58,12.66,D,0
28.20171,72.98339,349.61,0.44,0.38,2025-10-31,805,N,VIIRS,n,2,308.84,2.72,D,0
28.20191,72.98199,342.61,0.44,0.39,2025-10-31,805,N,VIIRS,n,2,308.69,1.84,D,0
28.20204,72.96474,344.53,0.44,0.39,2025-10-31,805,N,VIIRS,n,2,311.44,3.46,D,0
28.20228,73.33888,346.48,0.43,0.38,2025-10-31,805,N,VIIRS,n,2,306.69,5.12,D,0
28.20251,72.98787,340.34,0.44,0.38,2025-10-31,805,N,VIIRS,n,2,308.25,2.72,D,0
28.20269,72.98647,336.3,0.44,0.39,2025-10-31,805,N,VIIRS,l,2,308.6,1.84,D,0
28.20522,72.9826,338.65,0.44,0.38,2025-10-31,805,N,VIIRS,l,2,308.8,2.74,D,0
28.20602,72.98708,353.18,0.44,0.38,2025-10-31,805,N,VIIRS,n,2,309.25,2.74,D,0
28.21267,73.23239,351.79,0.43,0.38,2025-10-31,805,N,VIIRS,n,2,309.4,10.31,D,0
28.21343,73.23678,354.43,0.43,0.38,2025-10-31,805,N,VIIRS,n,2,309.17,8.28,D,0
28.21419,73.24116,348.11,0.43,0.38,2025-10-31,805,N,VIIRS,n,2,307.87,8.28,D,0
28.21602,73.27254,339.65,0.43,0.38,2025-10-31,805,N,VIIRS,n,2,307.77,1.49,D,0
28.21616,73.23161,348.13,0.43,0.38,2025-10-31,805,N,VIIRS,n,2,307.72,10.31,D,0
28.21692,73.236,356.88,0.43,0.38,2025-10-31,805,N,VIIRS,l,2,307.87,8.28,D,0
28.21723,73.25866,340.13,0.43,0.38,2025-10-31,805,N,VIIRS,n,2,308.1,8.81,D,0
28.21767,73.24038,356.02,0.43,0.38,2025-10-31,805,N,VIIRS,n,2,308.05,8.28,D,0
28.21798,73.26304,357.04,0.43,0.38,2025-10-31,805,N,VIIRS,l,2,307.95,9.36,D,0
28.21874,73.2674,357.06,0.43,0.38,2025-10-31,805,N,VIIRS,l,2,308.82,9.36,D,0
28.21888,73.22645,354.9,0.43,0.38,2025-10-31,805,N,VIIRS,n,2,307.89,10.05,D,0
28.21919,73.24914,356.88,0.43,0.38,2025-10-31,805,N,VIIRS,l,2,308.56,10.68,D,0
28.21949,73.27177,355.52,0.43,0.38,2025-10-31,805,N,VIIRS,n,2,309.62,7.3,D,0
28.21964,73.23083,357,0.43,0.38,2025-10-31,805,N,VIIRS,l,2,308.12,10.05,D,0
28.21995,73.25351,355.92,0.43,0.38,2025-10-31,805,N,VIIRS,n,2,308.88,8.81,D,0
28.22025,73.27613,337.08,0.43,0.38,2025-10-31,805,N,VIIRS,n,2,309.09,7.3,D,0
28.22039,73.23521,357.01,0.43,0.38,2025-10-31,805,N,VIIRS,l,2,307.71,6.52,D,0
28.2207,73.25789,356.63,0.43,0.38,2025-10-31,805,N,VIIRS,n,2,309.14,8.81,D,0
28.22084,73.21691,350.75,0.43,0.38,2025-10-31,805,N,VIIRS,n,2,307.63,4.79,D,0
28.22115,73.2396,353.94,0.43,0.38,2025-10-31,805,N,VIIRS,n,2,308.78,6.52,D,0
28.22146,73.26227,356.88,0.43,0.38,2025-10-31,805,N,VIIRS,l,2,308.8,9.36,D,0
28.22191,73.24398,356.74,0.43,0.38,2025-10-31,805,N,VIIRS,l,2,309.11,73.82,D,0
28.22222,73.26664,337.78,0.43,0.38,2025-10-31,805,N,VIIRS,l,2,308.06,9.36,D,0
28.22297,73.271,348.46,0.43,0.38,2025-10-31,805,N,VIIRS,n,2,309.3,7.3,D,0
28.22312,73.23006,352.86,0.43,0.38,2025-10-31,805,N,VIIRS,n,2,308.02,10.05,D,0
28.22372,73.27536,348.36,0.43,0.38,2025-10-31,805,N,VIIRS,n,2,309.6,7.3,D,0
28.22388,73.23444,356.8,0.43,0.38,2025-10-31,805,N,VIIRS,l,2,307.83,6.52,D,0
28.22418,73.25711,356.52,0.43,0.38,2025-10-31,805,N,VIIRS,n,2,309.39,20.02,D,0
28.22433,73.21614,357.61,0.43,0.38,2025-10-31,805,N,VIIRS,l,2,308.33,6.7,D,0
28.22463,73.23883,347.56,0.43,0.38,2025-10-31,805,N,VIIRS,n,2,309.04,6.52,D,0
28.22494,73.26149,357.01,0.43,0.38,2025-10-31,805,N,VIIRS,l,2,309.42,12.89,D,0
28.22509,73.22052,357.62,0.43,0.38,2025-10-31,805,N,VIIRS,l,2,308.97,6.7,D,0
28.22569,73.26586,357,0.43,0.38,2025-10-31,805,N,VIIRS,l,2,308.73,12.89,D,0
28.22584,73.2249,350.15,0.43,0.38,2025-10-31,805,N,VIIRS,n,2,309.1,5.58,D,0
28.22645,73.27023,357.01,0.43,0.38,2025-10-31,805,N,VIIRS,l,2,308.72,8.73,D,0
28.2266,73.22929,357.62,0.43,0.38,2025-10-31,805,N,VIIRS,l,2,308.45,5.58,D,0
28.2269,73.25196,355.4,0.43,0.38,2025-10-31,805,N,VIIRS,l,2,309.51,20.02,D,0
28.22705,73.21099,351.97,0.43,0.38,2025-10-31,805,N,VIIRS,n,2,309.81,8.93,D,0
28.2272,73.27459,350.32,0.43,0.38,2025-10-31,805,N,VIIRS,n,2,308.08,8.73,D,0
28.22736,73.23367,357.61,0.43,0.38,2025-10-31,805,N,VIIRS,l,2,308.75,16.95,D,0
28.22766,73.25634,345.98,0.43,0.38,2025-10-31,805,N,VIIRS,n,2,309.41,20.02,D,0
28.22781,73.21537,352.81,0.43,0.38,2025-10-31,805,N,VIIRS,n,2,308.23,6.7,D,0
28.22811,73.23805,354.21,0.43,0.38,2025-10-31,805,N,VIIRS,n,2,310.58,16.95,D,0
28.22857,73.21975,349.83,0.43,0.38,2025-10-31,805,N,VIIRS,n,2,307.39,6.7,D,0
28.22887,73.24243,355.43,0.43,0.38,2025-10-31,805,N,VIIRS,l,2,310.88,13.07,D,0
28.22917,73.26509,356.22,0.43,0.38,2025-10-31,805,N,VIIRS,l,2,309.17,12.89,D,0
28.22933,73.22414,349.44,0.43,0.38,2025-10-31,805,N,VIIRS,n,2,308.68,5.58,D,0
28.22963,73.24681,357.62,0.43,0.38,2025-10-31,805,N,VIIRS,l,2,309.26,13.07,D,0
28.22992,73.26945,356.12,0.43,0.38,2025-10-31,805,N,VIIRS,n,2,308.41,8.73,D,0
28.23008,73.22852,356.87,0.43,0.38,2025-10-31,805,N,VIIRS,l,2,308.71,5.58,D,0
28.23038,73.25119,357.61,0.43,0.38,2025-10-31,805,N,VIIRS,l,2,308.84,4.55,D,0
28.23054,73.21021,345.62,0.43,0.38,2025-10-31,805,N,VIIRS,n,2,309.94,3.12,D,0
28.23068,73.27382,344.27,0.43,0.38,2025-10-31,805,N,VIIRS,n,2,308.68,8.73,D,0
28.23084,73.2329,356.87,0.43,0.38,2025-10-31,805,N,VIIRS,l,2,308.81,16.95,D,0
28.23114,73.25557,342.46,0.43,0.38,2025-10-31,805,N,VIIRS,n,2,308.88,4.55,D,0
28.2313,73.21461,344.82,0.43,0.38,2025-10-31,805,N,VIIRS,n,2,308.61,2.67,D,0
28.23143,73.27818,349.99,0.43,0.38,2025-10-31,805,N,VIIRS,n,2,307.63,4.65,D,0
28.23159,73.23728,356.36,0.43,0.38,2025-10-31,805,N,VIIRS,l,2,310.18,16.95,D,0
28.23235,73.24166,352.89,0.43,0.38,2025-10-31,805,N,VIIRS,n,2,309.91,13.07,D,0
28.23265,73.26431,348.81,0.43,0.38,2025-10-31,805,N,VIIRS,n,2,308.79,5.84,D,0
28.2331,73.24604,339.28,0.43,0.38,2025-10-31,805,N,VIIRS,n,2,308.59,13.07,D,0
28.2334,73.26868,353.77,0.43,0.38,2025-10-31,805,N,VIIRS,n,2,308.5,6.41,D,0
28.23386,73.25042,347.36,0.43,0.38,2025-10-31,805,N,VIIRS,n,2,308.19,4.55,D,0
28.23432,73.23214,352,0.43,0.38,2025-10-31,805,N,VIIRS,n,2,309.09,9.34,D,0
28.23461,73.2548,345.83,0.43,0.38,2025-10-31,805,N,VIIRS,n,2,308.18,4.55,D,0
28.23491,73.27742,353.97,0.43,0.38,2025-10-31,805,N,VIIRS,n,2,308.37,6.41,D,0
28.23507,73.23652,355.9,0.43,0.38,2025-10-31,805,N,VIIRS,l,2,309.64,9.34,D,0
28.23537,73.25917,356.87,0.43,0.38,2025-10-31,805,N,VIIRS,l,2,308.27,5.84,D,0
28.23583,73.2409,355.3,0.43,0.38,2025-10-31,805,N,VIIRS,n,2,309.52,11.12,D,0
28.23612,73.26354,351.68,0.43,0.38,2025-10-31,805,N,VIIRS,n,2,308.38,5.84,D,0
28.23658,73.24527,351.82,0.43,0.38,2025-10-31,805,N,VIIRS,n,2,308.56,11.12,D,0
28.23705,73.22699,351.23,0.43,0.38,2025-10-31,805,N,VIIRS,n,2,308.36,4.83,D,0
28.23734,73.24966,349.79,0.43,0.38,2025-10-31,805,N,VIIRS,n,2,308.22,4,D,0
28.2378,73.23137,355.38,0.43,0.38,2025-10-31,805,N,VIIRS,n,2,308.85,9.34,D,0
28.23809,73.25403,345.07,0.43,0.38,2025-10-31,805,N,VIIRS,n,2,308.13,4,D,0
28.23856,73.23576,355.73,0.43,0.38,2025-10-31,805,N,VIIRS,n,2,310.43,9.34,D,0
28.23885,73.25839,356.97,0.43,0.38,2025-10-31,805,N,VIIRS,l,2,309.04,11.8,D,0
28.23931,73.24013,356.66,0.43,0.38,2025-10-31,805,N,VIIRS,l,2,309.58,11.12,D,0
28.2396,73.26276,357.19,0.43,0.38,2025-10-31,805,N,VIIRS,l,2,309.08,11.8,D,0
28.24006,73.2445,357.15,0.43,0.38,2025-10-31,805,N,VIIRS,l,2,308.04,11.12,D,0
28.24035,73.26714,345.47,0.43,0.38,2025-10-31,805,N,VIIRS,n,2,309.22,7.34,D,0
28.24053,73.22623,353.44,0.43,0.38,2025-10-31,805,N,VIIRS,n,2,308.98,5.19,D,0
28.24057,73.22285,337.28,0.43,0.38,2025-10-31,805,N,VIIRS,n,2,308.44,3.63,D,0
28.24082,73.24888,350.51,0.43,0.38,2025-10-31,805,N,VIIRS,n,2,308.81,4,D,0
28.24129,73.23061,352.42,0.43,0.38,2025-10-31,805,N,VIIRS,n,2,308.46,5.98,D,0
28.24134,73.22723,340.38,0.43,0.38,2025-10-31,805,N,VIIRS,n,2,308.88,3.63,D,0
28.24175,73.21229,349.11,0.43,0.38,2025-10-31,805,N,VIIRS,n,2,308.73,3.8,D,0
28.24204,73.23498,356.55,0.43,0.38,2025-10-31,805,N,VIIRS,n,2,308.76,5.98,D,0
28.24232,73.25763,349.38,0.43,0.38,2025-10-31,805,N,VIIRS,n,2,309.82,11.8,D,0
28.2425,73.21667,352.86,0.43,0.38,2025-10-31,805,N,VIIRS,n,2,308.69,3.8,D,0
28.24251,73.21331,356.86,0.43,0.38,2025-10-31,805,N,VIIRS,n,2,308.85,4.22,D,0
28.24279,73.23936,335.51,0.43,0.38,2025-10-31,805,N,VIIRS,l,2,308.07,6.83,D,0
28.24289,73.23597,339.75,0.43,0.38,2025-10-31,805,N,VIIRS,n,2,308.73,5.91,D,0
28.24308,73.262,355.05,0.43,0.38,2025-10-31,805,N,VIIRS,l,2,310.51,11.8,D,0
28.24326,73.22106,349.32,0.43,0.38,2025-10-31,805,N,VIIRS,n,2,308.25,5.19,D,0
28.24328,73.2177,343.49,0.43,0.38,2025-10-31,805,N,VIIRS,n,2,308.88,4.22,D,0
28.24383,73.26637,348.43,0.43,0.38,2025-10-31,805,N,VIIRS,n,2,309.7,7.34,D,0
28.24401,73.22544,353.83,0.43,0.38,2025-10-31,805,N,VIIRS,n,2,308.33,5.19,D,0
28.24405,73.22207,354.67,0.43,0.38,2025-10-31,805,N,VIIRS,n,2,308,3.63,D,0
28.2443,73.24811,349.81,0.43,0.38,2025-10-31,805,N,VIIRS,n,2,307.98,14.86,D,0
28.24476,73.22984,357.13,0.43,0.38,2025-10-31,805,N,VIIRS,l,2,309.78,5.98,D,0
28.24483,73.22645,367,0.43,0.38,2025-10-31,805,N,VIIRS,h,2,308.73,3.63,D,0
28.24505,73.25249,357.13,0.43,0.38,2025-10-31,805,N,VIIRS,l,2,308.81,14.86,D,0
28.2452,73.24907,355.94,0.43,0.38,2025-10-31,805,N,VIIRS,n,2,308.64,13.83,D,0
28.2456,73.23082,352.64,0.43,0.38,2025-10-31,805,N,VIIRS,n,2,308.75,5.91,D,0
28.2458,73.25686,354.99,0.43,0.38,2025-10-31,805,N,VIIRS,n,2,309.59,12.53,D,0
28.24597,73.25344,356.77,0.43,0.38,2025-10-31,805,N,VIIRS,l,2,308.97,13.83,D,0
28.24599,73.21254,348.1,0.43,0.38,2025-10-31,805,N,VIIRS,n,2,309.61,3.23,D,0
28.24608,73.27946,347.6,0.43,0.38,2025-10-31,805,N,VIIRS,n,2,307.3,3.58,D,0
28.24627,73.23858,354.28,0.43,0.38,2025-10-31,805,N,VIIRS,n,2,308.78,6.83,D,0
28.24655,73.26123,357.13,0.43,0.38,2025-10-31,805,N,VIIRS,l,2,308.59,12.53,D,0
28.24674,73.2578,356.38,0.43,0.38,2025-10-31,805,N,VIIRS,n,2,308.93,11.9,D,0
28.24676,73.21693,338,0.43,0.38,2025-10-31,805,N,VIIRS,l,2,308.31,3.23,D,0
28.24683,73.28382,343.87,0.43,0.38,2025-10-31,805,N,VIIRS,n,2,307.09,3.26,D,0
28.24702,73.24296,357.16,0.43,0.38,2025-10-31,805,N,VIIRS,l,2,308.25,6.83,D,0
28.24714,73.23957,356.13,0.43,0.38,2025-10-31,805,N,VIIRS,n,2,309.13,11.55,D,0
28.2473,73.26559,337.42,0.43,0.38,2025-10-31,805,N,VIIRS,n,2,309.2,4.56,D,0
28.24751,73.26218,367,0.43,0.38,2025-10-31,805,N,VIIRS,h,2,308.3,11.9,D,0
28.24778,73.24734,356.67,0.43,0.38,2025-10-31,805,N,VIIRS,l,2,309.22,14.86,D,0
28.24791,73.24393,356.86,0.43,0.38,2025-10-31,805,N,VIIRS,l,2,308.69,11.55,D,0
28.24831,73.22568,335.49,0.43,0.38,2025-10-31,805,N,VIIRS,n,2,308.88,3.44,D,0
28.24868,73.24831,355.98,0.43,0.38,2025-10-31,805,N,VIIRS,l,2,309.93,13.83,D,0
28.24908,73.23006,354.73,0.43,0.38,2025-10-31,805,N,VIIRS,n,2,308.33,9.91,D,0
28.24928,73.25609,357.13,0.43,0.38,2025-10-31,805,N,VIIRS,l,2,310.29,12.53,D,0
28.24944,73.25267,355.89,0.43,0.38,2025-10-31,805,N,VIIRS,l,2,311.12,13.83,D,0
28.24955,73.27869,342.22,0.43,0.38,2025-10-31,805,N,VIIRS,n,2,307.63,3.43,D,0
28.24985,73.23443,350.94,0.43,0.38,2025-10-31,805,N,VIIRS,n,2,306.77,9.91,D,0
28.25003,73.26046,356.73,0.43,0.38,2025-10-31,805,N,VIIRS,l,2,309.69,12.53,D,0
28.25021,73.25703,355.9,0.43,0.38,2025-10-31,805,N,VIIRS,l,2,310.82,11.9,D,0
28.25024,73.21616,337.53,0.43,0.38,2025-10-31,805,N,VIIRS,l,2,309.14,3.23,D,0
28.2503,73.28305,341.77,0.43,0.38,2025-10-31,805,N,VIIRS,n,2,307.36,2.11,D,0
28.25058,73.2796,355.06,0.43,0.38,2025-10-31,805,N,VIIRS,n,2,307.96,3.64,D,0
28.25062,73.2388,356.49,0.43,0.38,2025-10-31,805,N,VIIRS,l,2,308.57,12.63,D,0
28.25098,73.2614,348.78,0.43,0.38,2025-10-31,805,N,VIIRS,n,2,309.44,11.9,D,0
28.25102,73.22054,349.18,0.43,0.38,2025-10-31,805,N,VIIRS,n,2,308.33,3.44,D,0
28.25134,73.28396,339.55,0.43,0.38,2025-10-31,805,N,VIIRS,n,2,307.86,2.33,D,0
28.25138,73.24317,354.41,0.43,0.38,2025-10-31,805,N,VIIRS,n,2,308.6,12.63,D,0
28.25179,73.22491,348.95,0.43,0.38,2025-10-31,805,N,VIIRS,n,2,309.14,3.44,D,0
28.25216,73.24754,355.29,0.43,0.38,2025-10-31,805,N,VIIRS,n,2,309.47,6.33,D,0
28.25253,73.02299,337.63,0.44,0.38,2025-10-31,805,N,VIIRS,l,2,308.85,1.58,D,0
28.25256,73.22929,356.23,0.43,0.38,2025-10-31,805,N,VIIRS,n,2,309.23,9.91,D,0
28.25292,73.25191,356.52,0.43,0.38,2025-10-31,805,N,VIIRS,l,2,309.73,6.33,D,0
28.25332,73.23367,356.54,0.43,0.38,2025-10-31,805,N,VIIRS,n,2,308.69,9.91,D,0
28.25369,73.25628,355.36,0.43,0.38,2025-10-31,805,N,VIIRS,n,2,309.52,15.26,D,0
28.25378,73.28228,338.8,0.43,0.38,2025-10-31,805,N,VIIRS,n,2,306.8,2.11,D,0
28.25405,73.27884,346.61,0.43,0.38,2025-10-31,805,N,VIIRS,n,2,307.79,3.64,D,0
28.25482,73.2832,344.66,0.43,0.38,2025-10-31,805,N,VIIRS,n,2,306.56,2.33,D,0
28.25566,73.04078,335.07,0.44,0.38,2025-10-31,805,N,VIIRS,n,2,309.68,1.59,D,0
28.25604,73.02221,351.38,0.44,0.38,2025-10-31,805,N,VIIRS,n,2,309.86,4.99,D,0
28.25604,73.22852,340.42,0.43,0.38,2025-10-31,805,N,VIIRS,n,2,308.28,3.5,D,0
28.2564,73.25114,335.62,0.43,0.38,2025-10-31,805,N,VIIRS,n,2,309.14,6.33,D,0
28.25676,73.27372,341.1,0.43,0.38,2025-10-31,805,N,VIIRS,n,2,307.28,2.1,D,0
28.25681,73.23289,349.1,0.43,0.38,2025-10-31,805,N,VIIRS,n,2,308.69,3.5,D,0
28.25682,73.02666,356.16,0.44,0.38,2025-10-31,805,N,VIIRS,n,2,310.19,3.66,D,0
28.25717,73.25551,356.24,0.43,0.38,2025-10-31,805,N,VIIRS,n,2,310.35,15.26,D,0
28.25752,73.27808,346.81,0.43,0.38,2025-10-31,805,N,VIIRS,n,2,307.06,2.1,D,0
28.2576,73.0311,349.64,0.44,0.38,2025-10-31,805,N,VIIRS,n,2,311.27,3.66,D,0
28.25798,73.21899,339.66,0.43,0.38,2025-10-31,805,N,VIIRS,n,2,308.4,3.48,D,0
28.25829,73.28242,347.12,0.43,0.38,2025-10-31,805,N,VIIRS,n,2,306.12,2.84,D,0
28.25838,73.03555,342.14,0.44,0.38,2025-10-31,805,N,VIIRS,n,2,310.46,2.66,D,0
28.25852,73.33094,343.74,0.43,0.38,2025-10-31,805,N,VIIRS,n,2,307.1,2.68,D,0
28.2587,73.26422,350.61,0.43,0.38,2025-10-31,805,N,VIIRS,n,2,307.75,2.93,D,0
28.25898,73.32742,337.62,0.43,0.38,2025-10-31,805,N,VIIRS,l,2,308.3,4.3,D,0
28.25917,73.04,342.12,0.44,0.38,2025-10-31,805,N,VIIRS,n,2,309.73,2.66,D,0
28.25947,73.26859,342.29,0.43,0.38,2025-10-31,805,N,VIIRS,n,2,307.52,2.93,D,0
28.25954,73.02143,354.01,0.44,0.38,2025-10-31,805,N,VIIRS,n,2,309.11,4.99,D,0
28.25974,73.33176,356.77,0.43,0.38,2025-10-31,805,N,VIIRS,l,2,307.38,4.3,D,0
28.25988,73.25037,336.61,0.43,0.38,2025-10-31,805,N,VIIRS,l,2,309.29,2.62,D,0
28.26023,73.27295,339.42,0.43,0.38,2025-10-31,805,N,VIIRS,n,2,307.11,2.1,D,0
28.26033,73.02588,347.73,0.44,0.38,2025-10-31,805,N,VIIRS,n,2,310.04,3.66,D,0
28.26064,73.25474,356.27,0.43,0.38,2025-10-31,805,N,VIIRS,l,2,310.32,5.43,D,0
28.261,73.27731,345.63,0.43,0.38,2025-10-31,805,N,VIIRS,n,2,306.84,2.1,D,0
28.26111,73.03032,347.62,0.44,0.38,2025-10-31,805,N,VIIRS,n,2,310.62,3.66,D,0
28.26141,73.2591,339.86,0.43,0.38,2025-10-31,805,N,VIIRS,n,2,307.94,5.43,D,0
28.26146,73.21822,338.51,0.43,0.38,2025-10-31,805,N,VIIRS,n,2,308.24,1.88,D,0
28.26176,73.28166,342.53,0.43,0.38,2025-10-31,805,N,VIIRS,n,2,306.88,2.84,D,0
28.26199,73.33018,349.8,0.43,0.38,2025-10-31,805,N,VIIRS,n,2,306.68,2.68,D,0
28.26217,73.26347,337.52,0.43,0.38,2025-10-31,805,N,VIIRS,l,2,308.46,2.75,D,0
28.26223,73.2226,334.47,0.43,0.38,2025-10-31,805,N,VIIRS,l,2,308.29,1.88,D,0
28.26245,73.32666,342.75,0.43,0.38,2025-10-31,805,N,VIIRS,n,2,307.57,4.3,D,0
28.26267,73.03922,347.69,0.44,0.38,2025-10-31,805,N,VIIRS,n,2,309.06,2.66,D,0
28.26294,73.26782,350.8,0.43,0.38,2025-10-31,805,N,VIIRS,n,2,307.14,2.75,D,0
28.26298,73.35698,352.64,0.43,0.38,2025-10-31,805,N,VIIRS,n,2,306.88,2.87,D,0
28.263,73.22697,333.7,0.43,0.38,2025-10-31,805,N,VIIRS,l,2,308.67,1.55,D,0
28.26305,73.02065,347.08,0.44,0.38,2025-10-31,805,N,VIIRS,n,2,309.67,4.4,D,0
28.26321,73.331,356.86,0.43,0.38,2025-10-31,805,N,VIIRS,l,2,307.74,4.3,D,0
28.26348,73.33885,336.36,0.43,0.38,2025-10-31,805,N,VIIRS,l,2,307.49,3.51,D,0
28.26355,73.35344,341.64,0.43,0.38,2025-10-31,805,N,VIIRS,n,2,308.59,4.06,D,0
28.26371,73.27219,349.94,0.43,0.38,2025-10-31,805,N,VIIRS,n,2,307.06,2.7,D,0
28.26377,73.23135,342.15,0.43,0.38,2025-10-31,805,N,VIIRS,n,2,309.28,1.55,D,0
28.26383,73.02509,350.26,0.44,0.38,2025-10-31,805,N,VIIRS,n,2,310.88,3.08,D,0
28.26412,73.25396,342.23,0.43,0.38,2025-10-31,805,N,VIIRS,n,2,308.62,5.43,D,0
28.26431,73.35777,349.93,0.43,0.38,2025-10-31,805,N,VIIRS,n,2,308.11,4.06,D,0
28.26447,73.27654,341.83,0.43,0.38,2025-10-31,805,N,VIIRS,n,2,307.09,2.7,D,0
28.26462,73.02953,339.06,0.44,0.38,2025-10-31,805,N,VIIRS,l,2,310.09,3.08,D,0
28.26473,73.33968,350.88,0.43,0.38,2025-10-31,805,N,VIIRS,n,2,307.36,5.54,D,0
28.26489,73.25833,345.88,0.43,0.38,2025-10-31,805,N,VIIRS,n,2,308.09,5.43,D,0
28.26524,73.28089,340.48,0.43,0.38,2025-10-31,805,N,VIIRS,n,2,307.29,4.2,D,0
28.2654,73.03398,334.37,0.44,0.38,2025-10-31,805,N,VIIRS,l,2,308.96,4.3,D,0
28.26565,73.2627,350.47,0.43,0.38,2025-10-31,805,N,VIIRS,n,2,306.94,2.75,D,0
28.26571,73.35188,343.49,0.43,0.38,2025-10-31,805,N,VIIRS,n,2,307.9,2.87,D,0
28.26592,73.3259,349.69,0.43,0.38,2025-10-31,805,N,VIIRS,n,2,307.18,4.12,D,0
28.26642,73.26706,351.99,0.43,0.38,2025-10-31,805,N,VIIRS,n,2,307.25,2.75,D,0
28.26645,73.35622,350.44,0.43,0.38,2025-10-31,805,N,VIIRS,n,2,307.44,2.87,D,0
28.26648,73.2262,337.06,0.43,0.38,2025-10-31,805,N,VIIRS,l,2,308.82,1.55,D,0
28.26668,73.33025,356.52,0.43,0.38,2025-10-31,805,N,VIIRS,l,2,307.45,4.12,D,0
28.26695,73.04287,340.92,0.44,0.38,2025-10-31,805,N,VIIRS,n,2,307.87,2.2,D,0
28.26701,73.35268,356.88,0.43,0.38,2025-10-31,805,N,VIIRS,l,2,308.24,4.06,D,0
28.26718,73.27142,354.53,0.43,0.38,2025-10-31,805,N,VIIRS,n,2,306.8,2.7,D,0
28.26744,73.33458,350.03,0.43,0.38,2025-10-31,805,N,VIIRS,n,2,307.66,2.84,D,0
28.26777,73.357,338.26,0.43,0.38,2025-10-31,805,N,VIIRS,n,2,308.12,4.06,D,0
28.26794,73.27577,335.72,0.43,0.38,2025-10-31,805,N,VIIRS,l,2,306.76,2.7,D,0
28.2682,73.33892,338.5,0.43,0.38,2025-10-31,805,N,VIIRS,n,2,307.59,2.84,D,0
28.26896,73.34325,350.61,0.43,0.38,2025-10-31,805,N,VIIRS,n,2,307.38,3.03,D,0
28.26913,73.26192,344.62,0.43,0.38,2025-10-31,805,N,VIIRS,n,2,308.62,2.8,D,0
28.26938,73.32513,342.98,0.43,0.38,2025-10-31,805,N,VIIRS,n,2,307.97,4.12,D,0
28.26972,73.34758,341.28,0.43,0.38,2025-10-31,805,N,VIIRS,n,2,307.88,3.03,D,0
28.26989,73.26628,350.27,0.43,0.38,2025-10-31,805,N,VIIRS,n,2,307.63,2.8,D,0
28.27006,73.01907,337.44,0.44,0.38,2025-10-31,805,N,VIIRS,l,2,309.68,3.1,D,0
28.27014,73.32947,357.12,0.43,0.38,2025-10-31,805,N,VIIRS,l,2,307.25,4.12,D,0
28.27023,73.28883,342.81,0.43,0.38,2025-10-31,805,N,VIIRS,n,2,307.03,3.06,D,0
28.27046,73.04208,336.31,0.44,0.38,2025-10-31,805,N,VIIRS,l,2,307.84,2.2,D,0
28.27047,73.35191,356.35,0.43,0.38,2025-10-31,805,N,VIIRS,n,2,308.33,3.94,D,0
28.27065,73.27065,349.67,0.43,0.38,2025-10-31,805,N,VIIRS,n,2,306.58,3.17,D,0
28.27091,73.33382,351.03,0.43,0.38,2025-10-31,805,N,VIIRS,n,2,307.16,2.84,D,0
28.27166,73.33815,339.81,0.43,0.38,2025-10-31,805,N,VIIRS,n,2,306.93,2.84,D,0
28.2719,73.21591,339.16,0.43,0.38,2025-10-31,805,N,VIIRS,l,2,309.65,3.01,D,0
28.27242,73.34248,342.33,0.43,0.38,2025-10-31,805,N,VIIRS,n,2,307.06,3.03,D,0
28.27318,73.34681,351.92,0.43,0.38,2025-10-31,805,N,VIIRS,n,2,307.66,3.03,D,0
28.27361,73.3287,351.23,0.43,0.38,2025-10-31,805,N,VIIRS,n,2,308.13,5.75,D,0
28.27394,73.35114,340.65,0.43,0.38,2025-10-31,805,N,VIIRS,n,2,308.16,3.94,D,0
28.27396,73.0413,336.33,0.44,0.38,2025-10-31,805,N,VIIRS,l,2,308.79,2.45,D,0
28.27413,73.26987,341.24,0.43,0.38,2025-10-31,805,N,VIIRS,n,2,307.84,3.17,D,0
28.27437,73.33305,351.64,0.43,0.38,2025-10-31,805,N,VIIRS,n,2,307.34,2.78,D,0
28.27474,73.04573,337.67,0.44,0.38,2025-10-31,805,N,VIIRS,l,2,310.05,2.45,D,0
28.27513,73.33738,346.18,0.43,0.38,2025-10-31,805,N,VIIRS,n,2,307,2.78,D,0
28.27589,73.34171,356.55,0.43,0.38,2025-10-31,805,N,VIIRS,n,2,307.06,6.77,D,0
28.27859,73.33662,336.2,0.43,0.38,2025-10-31,805,N,VIIRS,n,2,307.64,2.78,D,0
28.27864,73.02639,338.47,0.44,0.38,2025-10-31,805,N,VIIRS,l,2,309.66,1.8,D,0
28.27935,73.34094,356.26,0.43,0.38,2025-10-31,805,N,VIIRS,l,2,307.21,6.77,D,0
28.28011,73.34527,356.24,0.43,0.38,2025-10-31,805,N,VIIRS,l,2,308.84,6.77,D,0
28.28131,73.33152,335.64,0.43,0.38,2025-10-31,805,N,VIIRS,l,2,308.24,4.06,D,0
28.28206,73.33585,354.5,0.43,0.38,2025-10-31,805,N,VIIRS,n,2,307.58,4.06,D,0
28.28282,73.34018,357.04,0.43,0.38,2025-10-31,805,N,VIIRS,l,2,308.57,5.86,D,0
28.28357,73.34451,353.59,0.43,0.38,2025-10-31,805,N,VIIRS,n,2,308.48,5.86,D,0
28.28553,73.33509,353.51,0.43,0.38,2025-10-31,805,N,VIIRS,n,2,308.47,4.06,D,0
28.28602,73.04783,337.9,0.44,0.38,2025-10-31,805,N,VIIRS,l,2,309.44,3.85,D,0
28.28628,73.33942,341.53,0.43,0.38,2025-10-31,805,N,VIIRS,n,2,308.07,5.86,D,0
28.2903,73.05148,341.46,0.44,0.38,2025-10-31,805,N,VIIRS,n,2,309.02,4.69,D,0
28.29148,73.03737,335.09,0.44,0.38,2025-10-31,805,N,VIIRS,l,2,308.03,2.88,D,0
28.29774,73.36389,338.89,0.43,0.38,2025-10-31,805,N,VIIRS,n,2,307.87,2.06,D,0
28.29849,73.36821,342.69,0.43,0.38,2025-10-31,805,N,VIIRS,n,2,307.71,2.06,D,0
28.3,73.37686,345.68,0.43,0.38,2025-10-31,805,N,VIIRS,n,2,307.44,4.37,D,0
28.30195,73.36745,345.68,0.43,0.38,2025-10-31,805,N,VIIRS,n,2,307.19,3.45,D,0
28.30663,73.06167,336.48,0.44,0.38,2025-10-31,805,N,VIIRS,l,2,309.92,3.82,D,0
28.31205,73.34274,340.28,0.43,0.38,2025-10-31,805,N,VIIRS,n,2,307.86,2.76,D,0
28.31326,73.01975,335.31,0.44,0.38,2025-10-31,805,N,VIIRS,l,2,309.38,1.58,D,0
28.31476,73.33765,337.53,0.43,0.38,2025-10-31,805,N,VIIRS,l,2,307.63,2.22,D,0
28.31516,73.06897,337.93,0.44,0.38,2025-10-31,805,N,VIIRS,l,2,308.94,4.03,D,0
28.31551,73.34198,352.75,0.43,0.38,2025-10-31,805,N,VIIRS,n,2,308.4,2.76,D,0
28.31626,73.34631,336.32,0.43,0.38,2025-10-31,805,N,VIIRS,l,2,308.07,2.76,D,0
28.31677,73.01897,346.9,0.44,0.38,2025-10-31,805,N,VIIRS,n,2,307.8,1.58,D,0
28.31973,73.34556,335.22,0.43,0.38,2025-10-31,805,N,VIIRS,l,2,307.64,2.57,D,0
28.32027,73.01818,351.91,0.44,0.38,2025-10-31,805,N,VIIRS,n,2,308.01,3.8,D,0
28.32037,73.05966,337.38,0.44,0.38,2025-10-31,805,N,VIIRS,l,2,308.92,2.28,D,0
28.32106,73.02262,336.38,0.44,0.38,2025-10-31,805,N,VIIRS,l,2,308.99,2.53,D,0
28.32116,73.06409,341.56,0.44,0.38,2025-10-31,805,N,VIIRS,n,2,309.09,2.28,D,0
28.3215,73.04559,337,0.44,0.38,2025-10-31,805,N,VIIRS,l,2,308.18,3.11,D,0
28.32308,73.05445,336.06,0.44,0.38,2025-10-31,805,N,VIIRS,l,2,308.51,2.51,D,0
28.32319,73.34479,341.26,0.43,0.38,2025-10-31,805,N,VIIRS,n,2,306.91,2.57,D,0
28.32378,73.0174,350.11,0.44,0.38,2025-10-31,805,N,VIIRS,n,2,307.22,3.8,D,0
28.32387,73.05888,351.83,0.44,0.38,2025-10-31,805,N,VIIRS,n,2,308.68,2.28,D,0
28.32398,73.24522,337.74,0.43,0.38,2025-10-31,805,N,VIIRS,l,2,309.2,3.34,D,0
28.32422,73.04038,344.67,0.44,0.38,2025-10-31,805,N,VIIRS,n,2,308.13,2.86,D,0
28.32457,73.02184,353.97,0.44,0.38,2025-10-31,805,N,VIIRS,n,2,308.09,2.53,D,0
28.32465,73.06331,341.3,0.44,0.38,2025-10-31,805,N,VIIRS,n,2,308.56,2.28,D,0
28.32501,73.04481,355.2,0.44,0.38,2025-10-31,805,N,VIIRS,n,2,308.69,2.86,D,0
28.32535,73.02628,337,0.44,0.38,2025-10-31,805,N,VIIRS,l,2,308.31,2.53,D,0
28.32579,73.04924,350.53,0.44,0.38,2025-10-31,805,N,VIIRS,n,2,308.37,3.28,D,0
28.32658,73.05367,350.44,0.44,0.38,2025-10-31,805,N,VIIRS,n,2,308.45,3.28,D,0
28.32727,73.45142,346.68,0.42,0.38,2025-10-31,805,N,VIIRS,n,2,307.13,5.28,D,0
28.32737,73.0581,341.59,0.44,0.38,2025-10-31,805,N,VIIRS,n,2,308.28,2.44,D,0
28.32772,73.0396,337.99,0.44,0.38,2025-10-31,805,N,VIIRS,l,2,308.46,2.86,D,0
28.32801,73.45572,336.98,0.42,0.38,2025-10-31,805,N,VIIRS,l,2,307.74,2.8,D,0
28.32815,73.06253,343.73,0.44,0.38,2025-10-31,805,N,VIIRS,n,2,309.21,2.44,D,0
28.32851,73.04403,350.96,0.44,0.38,2025-10-31,805,N,VIIRS,n,2,308.09,2.86,D,0
28.32942,73.23495,342.74,0.43,0.38,2025-10-31,805,N,VIIRS,n,2,309.33,4.18,D,0
28.33008,73.05289,346.88,0.44,0.38,2025-10-31,805,N,VIIRS,n,2,308.4,3.28,D,0
28.33017,73.23932,338.94,0.43,0.38,2025-10-31,805,N,VIIRS,l,2,309.43,3.84,D,0
28.33165,73.06174,336.48,0.44,0.38,2025-10-31,805,N,VIIRS,l,2,308.04,2.44,D,0
28.33195,73.43701,336.15,0.42,0.38,2025-10-31,805,N,VIIRS,l,2,307.79,2.68,D,0
28.33201,73.04324,350.17,0.44,0.38,2025-10-31,805,N,VIIRS,n,2,308.45,3.77,D,0
28.33279,73.04768,345.57,0.44,0.38,2025-10-31,805,N,VIIRS,n,2,309,4.29,D,0
28.33586,73.02391,351.73,0.44,0.38,2025-10-31,805,N,VIIRS,n,2,310.05,6.64,D,0
28.33637,73.23339,343.81,0.43,0.38,2025-10-31,805,N,VIIRS,n,2,310.38,3.54,D,0
28.33665,73.02836,356.1,0.44,0.38,2025-10-31,805,N,VIIRS,n,2,310,6.52,D,0
28.3423,73.43472,335.51,0.42,0.38,2025-10-31,805,N,VIIRS,l,2,308.06,2.35,D,0
28.34304,73.43903,340.46,0.42,0.38,2025-10-31,805,N,VIIRS,n,2,307.93,2.35,D,0
28.35118,73.42384,338,0.43,0.38,2025-10-31,805,N,VIIRS,l,2,308.73,2.17,D,0
28.35192,73.42815,336.93,0.43,0.38,2025-10-31,805,N,VIIRS,l,2,308.2,2.17,D,0
28.35315,73.41445,345.58,0.43,0.38,2025-10-31,805,N,VIIRS,n,2,307.05,2.69,D,0
28.35365,73.39645,344.52,0.43,0.38,2025-10-31,805,N,VIIRS,n,2,306.94,4.01,D,0
28.35389,73.41876,338.94,0.43,0.38,2025-10-31,805,N,VIIRS,n,2,306.73,2.69,D,0
28.35636,73.39137,351.98,0.43,0.38,2025-10-31,805,N,VIIRS,n,2,307.15,5.67,D,0
28.3571,73.39569,342.38,0.43,0.38,2025-10-31,805,N,VIIRS,n,2,307.11,2.64,D,0
28.35784,73.4,337.74,0.43,0.38,2025-10-31,805,N,VIIRS,n,2,307.19,2.64,D,0
28.35808,73.42231,335.3,0.43,0.38,2025-10-31,805,N,VIIRS,l,2,307.87,4.3,D,0
28.36006,73.41293,335.48,0.43,0.38,2025-10-31,805,N,VIIRS,l,2,306.19,2.36,D,0
28.36195,73.19231,336.07,0.43,0.38,2025-10-31,805,N,VIIRS,l,2,308.29,2.85,D,0
28.36278,73.40786,338.61,0.43,0.38,2025-10-31,805,N,VIIRS,n,2,306.95,2.69,D,0
28.36351,73.41219,343.61,0.43,0.38,2025-10-31,805,N,VIIRS,n,2,306.97,2.36,D,0
28.65326,73.22105,336.12,0.43,0.38,2025-10-31,805,N,VIIRS,l,2,308.37,3.17,D,0
28.66095,73.22386,334.36,0.43,0.38,2025-10-31,805,N,VIIRS,l,2,308.12,3,D,0
29.42219,75.40841,330.11,0.38,0.36,2025-10-31,805,N,VIIRS,n,2,300.2,2.87,D,0
29.07533,71.56926,337.81,0.49,0.41,2025-10-31,806,N,VIIRS,n,2,302.52,3.52,D,0
29.18861,70.30289,338.86,0.57,0.43,2025-10-31,806,N,VIIRS,n,2,304.34,7.35,D,0
29.19534,73.4986,332.09,0.42,0.37,2025-10-31,806,N,VIIRS,n,2,301.4,1.22,D,0
29.20287,71.42024,333.72,0.5,0.41,2025-10-31,806,N,VIIRS,n,2,302.97,2.05,D,0
29.28905,71.1129,335.37,0.51,0.41,2025-10-31,806,N,VIIRS,n,2,302.22,3.27,D,0
29.29281,71.11197,334.53,0.51,0.41,2025-10-31,806,N,VIIRS,n,2,301.1,3.38,D,0
29.31231,70.2697,337.74,0.57,0.43,2025-10-31,806,N,VIIRS,n,2,303.56,6.54,D,0
29.33668,73.6911,348.45,0.41,0.37,2025-10-31,806,N,VIIRS,n,2,306.79,16.83,D,0
29.35055,70.30707,344.72,0.56,0.43,2025-10-31,806,N,VIIRS,n,2,306.99,14.81,D,0
29.35167,73.50867,346.27,0.41,0.37,2025-10-31,806,N,VIIRS,n,2,304.74,3.8,D,0
29.35437,73.50368,336.68,0.41,0.37,2025-10-31,806,N,VIIRS,n,2,304.91,1.96,D,0
29.3558,73.51215,342.06,0.41,0.37,2025-10-31,806,N,VIIRS,n,2,302.65,5.6,D,0
29.35777,73.50291,339.11,0.41,0.37,2025-10-31,806,N,VIIRS,n,2,304.89,1.96,D,0
29.35812,73.54675,337.98,0.41,0.37,2025-10-31,806,N,VIIRS,n,2,303.16,3.38,D,0
29.35921,73.51139,350.89,0.41,0.37,2025-10-31,806,N,VIIRS,n,2,304.68,5.6,D,0
29.36064,73.51986,346.26,0.41,0.37,2025-10-31,806,N,VIIRS,n,2,303.41,3.83,D,0
29.36136,73.5241,349.71,0.41,0.37,2025-10-31,806,N,VIIRS,n,2,304.27,3.83,D,0
29.36152,73.54601,351.67,0.41,0.37,2025-10-31,806,N,VIIRS,n,2,303.78,3.14,D,0
29.3635,73.53679,344.36,0.41,0.37,2025-10-31,806,N,VIIRS,n,2,301.83,1.68,D,0
29.36421,73.54102,340.45,0.41,0.37,2025-10-31,806,N,VIIRS,n,2,301.29,1.68,D,0
29.36477,73.52335,357.21,0.41,0.37,2025-10-31,806,N,VIIRS,n,2,303.93,3.36,D,0
29.36493,73.54524,335.63,0.41,0.37,2025-10-31,806,N,VIIRS,n,2,302.52,3.14,D,0
29.36691,73.53603,339.76,0.41,0.37,2025-10-31,806,N,VIIRS,n,2,305.16,1.81,D,0
29.36746,73.51835,336.91,0.41,0.37,2025-10-31,806,N,VIIRS,n,2,303.05,3.36,D,0
29.36762,73.54026,335.35,0.41,0.37,2025-10-31,806,N,VIIRS,n,2,303.44,1.81,D,0
29.36833,73.54449,338.9,0.41,0.37,2025-10-31,806,N,VIIRS,n,2,304.19,2.69,D,0
29.38014,70.26945,334.91,0.56,0.43,2025-10-31,806,N,VIIRS,n,2,307.14,9.97,D,0
29.38126,70.27519,335.89,0.56,0.43,2025-10-31,806,N,VIIRS,n,2,303.21,9.6,D,0
29.40666,74.49551,332.74,0.39,0.36,2025-10-31,806,N,VIIRS,n,2,297.58,1.78,D,0
29.41736,74.02612,333,0.4,0.37,2025-10-31,806,N,VIIRS,n,2,299.33,2.24,D,0
29.4361,73.97086,337.37,0.4,0.37,2025-10-31,806,N,VIIRS,n,2,299.46,3.06,D,0
29.44503,74.08818,336.53,0.4,0.37,2025-10-31,806,N,VIIRS,n,2,299.32,2.52,D,0
29.45442,70.48303,335.64,0.55,0.43,2025-10-31,806,N,VIIRS,n,2,304.59,3.95,D,0
29.48097,74.41322,339.54,0.39,0.36,2025-10-31,806,N,VIIRS,n,2,298.63,4.84,D,0
29.50072,74.16573,334.07,0.4,0.37,2025-10-31,806,N,VIIRS,n,2,298.94,2.85,D,0
29.50675,74.1602,334.06,0.4,0.37,2025-10-31,806,N,VIIRS,n,2,298.24,3.05,D,0
29.53392,74.52715,346.33,0.39,0.36,2025-10-31,806,N,VIIRS,n,2,297.1,5.89,D,0
29.53963,74.21224,336.65,0.4,0.37,2025-10-31,806,N,VIIRS,n,2,299.43,3.82,D,0
29.54298,74.21152,334.17,0.4,0.37,2025-10-31,806,N,VIIRS,n,2,297.28,3.82,D,0
29.5557,74.16235,332.17,0.4,0.37,2025-10-31,806,N,VIIRS,n,2,298.9,1.85,D,0
29.59285,70.4258,331,0.55,0.43,2025-10-31,806,N,VIIRS,l,2,301.72,3.09,D,0
29.60362,71.51797,332.41,0.49,0.4,2025-10-31,806,N,VIIRS,n,2,302.17,3.19,D,0
29.60455,71.52295,333.14,0.49,0.4,2025-10-31,806,N,VIIRS,n,2,303.27,3.19,D,0
29.64246,70.47198,331.35,0.55,0.42,2025-10-31,806,N,VIIRS,n,2,302.93,3.13,D,0
29.68176,74.39708,334.62,0.39,0.36,2025-10-31,806,N,VIIRS,n,2,299.67,1.99,D,0
29.68858,71.6679,333.46,0.48,0.4,2025-10-31,806,N,VIIRS,n,2,303.89,6.64,D,0
29.68948,71.6728,335.28,0.48,0.4,2025-10-31,806,N,VIIRS,n,2,302.76,9.53,D,0
29.69364,75.34592,344.24,0.38,0.36,2025-10-31,806,N,VIIRS,n,2,298.96,5.94,D,0
29.74468,72.56805,331.68,0.44,0.38,2025-10-31,806,N,VIIRS,l,2,304.33,3.45,D,0
29.74963,74.43278,337.98,0.39,0.36,2025-10-31,806,N,VIIRS,n,2,299.84,2.65,D,0
29.77563,73.69336,334.31,0.41,0.37,2025-10-31,806,N,VIIRS,n,2,304.96,2.1,D,0
29.77762,72.67466,333.56,0.44,0.38,2025-10-31,806,N,VIIRS,l,2,304.7,4.9,D,0
29.7783,72.67718,340.78,0.44,0.38,2025-10-31,806,N,VIIRS,n,2,304.12,5.11,D,0
29.78421,74.44256,338.6,0.39,0.36,2025-10-31,806,N,VIIRS,n,2,304.06,7.89,D,0
29.79473,75.32206,333.3,0.38,0.36,2025-10-31,806,N,VIIRS,n,2,300.06,12.23,D,0
29.79642,75.09262,334.18,0.39,0.36,2025-10-31,806,N,VIIRS,n,2,300.6,4.17,D,0
29.80914,74.99972,345.58,0.39,0.36,2025-10-31,806,N,VIIRS,n,2,300.1,4.25,D,0
29.82335,72.83051,333.69,0.43,0.38,2025-10-31,806,N,VIIRS,n,2,302.65,2.95,D,0
29.8538,72.81893,338.78,0.43,0.38,2025-10-31,806,N,VIIRS,n,2,302.98,4.01,D,0
29.8611,72.92249,333.22,0.43,0.38,2025-10-31,806,N,VIIRS,n,2,302.68,3.11,D,0
29.86304,72.7892,348.38,0.43,0.38,2025-10-31,806,N,VIIRS,n,2,303.59,7.24,D,0
29.86824,74.55805,330.32,0.39,0.36,2025-10-31,806,N,VIIRS,n,2,299.87,2.26,D,0
29.86844,72.82016,339.47,0.43,0.38,2025-10-31,806,N,VIIRS,n,2,301.97,3.75,D,0
29.87279,71.62768,346.76,0.48,0.4,2025-10-31,806,N,VIIRS,n,2,303.11,8.46,D,0
29.87802,72.89581,330.16,0.43,0.38,2025-10-31,806,N,VIIRS,n,2,301.97,1.75,D,0
29.90765,75.00014,332.63,0.39,0.36,2025-10-31,806,N,VIIRS,n,2,300.67,2.16,D,0
29.9114,75.02402,336.26,0.39,0.36,2025-10-31,806,N,VIIRS,n,2,299.85,3.14,D,0
29.91954,75.20681,331.92,0.38,0.36,2025-10-31,806,N,VIIRS,n,2,300.08,1.63,D,0
29.92957,72.12335,346.87,0.45,0.39,2025-10-31,806,N,VIIRS,n,2,305.27,8.07,D,0
29.93102,74.5741,333.18,0.39,0.36,2025-10-31,806,N,VIIRS,l,2,303.21,10.14,D,0
29.93144,74.99931,336.5,0.39,0.36,2025-10-31,806,N,VIIRS,n,2,304.68,6.98,D,0
29.93256,72.58411,332.73,0.44,0.38,2025-10-31,806,N,VIIRS,n,2,301.05,1.55,D,0
29.9588,73.04183,332.18,0.42,0.38,2025-10-31,806,N,VIIRS,n,2,300.46,2.41,D,0
29.96519,71.45266,341.43,0.48,0.4,2025-10-31,806,N,VIIRS,n,2,302.57,3.14,D,0
29.96885,71.45177,331.9,0.48,0.4,2025-10-31,806,N,VIIRS,n,2,300.91,3.14,D,0
29.97586,74.13773,330.32,0.4,0.37,2025-10-31,806,N,VIIRS,n,2,302,1.97,D,0
29.97859,73.07337,337.16,0.42,0.38,2025-10-31,806,N,VIIRS,n,2,300.67,2.64,D,0
29.98318,72.70733,337.62,0.43,0.38,2025-10-31,806,N,VIIRS,n,2,303.86,3.65,D,0
29.987,73.1835,334.58,0.42,0.37,2025-10-31,806,N,VIIRS,n,2,302.59,5.16,D,0
29.98982,74.83499,332.69,0.39,0.36,2025-10-31,806,N,VIIRS,n,2,300.35,2.68,D,0
29.99045,74.83899,334.75,0.39,0.36,2025-10-31,806,N,VIIRS,n,2,300.86,2.68,D,0
29.99805,73.80597,330.25,0.4,0.37,2025-10-31,806,N,VIIRS,n,2,303.28,1.16,D,0
30.02448,73.33932,333.08,0.41,0.37,2025-10-31,806,N,VIIRS,n,2,302.86,2.98,D,0
30.03982,73.18047,333,0.42,0.37,2025-10-31,806,N,VIIRS,n,2,302.35,3.74,D,0
30.04056,73.18477,333.34,0.42,0.37,2025-10-31,806,N,VIIRS,n,2,302.69,3.74,D,0
30.04767,71.92507,332.91,0.46,0.39,2025-10-31,806,N,VIIRS,n,2,302.79,2.53,D,0
30.04924,71.95441,333.73,0.46,0.39,2025-10-31,806,N,VIIRS,n,2,303.45,5.81,D,0
30.05384,73.76358,330.55,0.4,0.37,2025-10-31,806,N,VIIRS,l,2,304.05,0.92,D,0
30.05501,72.10995,334.26,0.45,0.39,2025-10-31,806,N,VIIRS,n,2,302.28,3.6,D,0
30.07473,73.23937,334.26,0.42,0.37,2025-10-31,806,N,VIIRS,n,2,303.58,2.31,D,0
30.08985,75.1272,333.82,0.39,0.36,2025-10-31,806,N,VIIRS,n,2,303.49,1.91,D,0
30.09518,75.05227,336.84,0.39,0.36,2025-10-31,806,N,VIIRS,n,2,301.59,3.97,D,0
30.09622,73.34527,338.3,0.41,0.37,2025-10-31,806,N,VIIRS,n,2,305.8,4.3,D,0
30.09962,73.34451,335.4,0.41,0.37,2025-10-31,806,N,VIIRS,n,2,302.28,4.3,D,0
30.10591,75.29614,339.01,0.38,0.36,2025-10-31,806,N,VIIRS,n,2,300.74,4.16,D,0
30.13736,75.19128,333.73,0.38,0.36,2025-10-31,806,N,VIIRS,n,2,306.55,20.78,D,0
30.15277,73.4958,339.14,0.41,0.37,2025-10-31,806,N,VIIRS,n,2,303.17,3.91,D,0
30.15884,73.69791,338.46,0.4,0.37,2025-10-31,806,N,VIIRS,n,2,299.99,2.27,D,0
30.1638,73.6022,336.68,0.41,0.37,2025-10-31,806,N,VIIRS,n,2,301.1,4.58,D,0
30.16464,75.10354,345.42,0.39,0.36,2025-10-31,806,N,VIIRS,n,2,305.42,12.56,D,0
30.17109,72.88668,347.41,0.42,0.38,2025-10-31,806,N,VIIRS,n,2,305.93,11.22,D,0
30.17225,72.87276,335.37,0.43,0.38,2025-10-31,806,N,VIIRS,n,2,303.33,3.26,D,0
30.17454,72.88589,343.2,0.42,0.38,2025-10-31,806,N,VIIRS,n,2,305.59,11.22,D,0
30.17959,75.30975,333.57,0.38,0.36,2025-10-31,806,N,VIIRS,n,2,303.86,1.78,D,0
30.17969,73.0386,330.94,0.42,0.38,2025-10-31,806,N,VIIRS,l,2,301.97,1.35,D,0
30.18085,73.6201,336.99,0.41,0.37,2025-10-31,806,N,VIIRS,n,2,301.04,4.99,D,0
30.18723,74.01716,341.08,0.4,0.37,2025-10-31,806,N,VIIRS,n,2,304.51,6.17,D,0
30.18993,72.8093,334.89,0.43,0.38,2025-10-31,806,N,VIIRS,n,2,303.44,2.81,D,0
30.19032,72.79089,334.76,0.43,0.38,2025-10-31,806,N,VIIRS,n,2,303.3,2.85,D,0
30.19147,75.3647,336.16,0.38,0.36,2025-10-31,806,N,VIIRS,n,2,303.03,4.93,D,0
30.19955,75.35075,330.82,0.38,0.36,2025-10-31,806,N,VIIRS,n,2,300.67,3.32,D,0
30.20255,73.43652,334.01,0.41,0.37,2025-10-31,806,N,VIIRS,n,2,302.09,2.89,D,0
30.20593,74.59211,333.02,0.39,0.36,2025-10-31,806,N,VIIRS,n,2,301.42,2.69,D,0
30.21105,73.28135,341.58,0.41,0.37,2025-10-31,806,N,VIIRS,n,2,307.67,16.8,D,0
30.21221,73.28458,334.79,0.41,0.37,2025-10-31,806,N,VIIRS,l,2,306.01,10.47,D,0
30.21632,73.56009,342.19,0.41,0.37,2025-10-31,806,N,VIIRS,n,2,302.01,6.45,D,0
30.21801,73.50742,330.11,0.41,0.37,2025-10-31,806,N,VIIRS,l,2,301.99,2.84,D,0
30.22224,73.53264,332.57,0.41,0.37,2025-10-31,806,N,VIIRS,n,2,301.9,2.18,D,0
30.22803,70.65162,342.37,0.52,0.42,2025-10-31,806,N,VIIRS,n,2,303.63,6.08,D,0
30.22956,74.40407,332.8,0.39,0.36,2025-10-31,806,N,VIIRS,l,2,303.03,4.09,D,0
30.23631,70.63259,340.99,0.52,0.42,2025-10-31,806,N,VIIRS,n,2,303.53,7.23,D,0
30.24318,70.64778,347.85,0.52,0.42,2025-10-31,806,N,VIIRS,n,2,305.14,9.27,D,0
30.25044,73.32549,337.75,0.41,0.37,2025-10-31,806,N,VIIRS,n,2,301.54,2.94,D,0
30.25347,74.81033,331.41,0.39,0.36,2025-10-31,806,N,VIIRS,n,2,301.07,3.8,D,0
30.25454,70.64491,340.6,0.52,0.42,2025-10-31,806,N,VIIRS,n,2,303.63,6.82,D,0
30.25499,75.34028,332,0.38,0.36,2025-10-31,806,N,VIIRS,n,2,300.94,3.55,D,0
30.26794,70.65279,346.87,0.52,0.42,2025-10-31,806,N,VIIRS,n,2,304.94,14.04,D,0
30.27857,70.63627,340,0.52,0.42,2025-10-31,806,N,VIIRS,n,2,304.64,6.95,D,0
30.28003,70.63282,338.55,0.52,0.42,2025-10-31,806,N,VIIRS,n,2,304.14,3.91,D,0
30.28105,70.63819,330.18,0.52,0.42,2025-10-31,806,N,VIIRS,n,2,302.78,3.91,D,0
30.28611,70.66506,333.11,0.52,0.42,2025-10-31,806,N,VIIRS,n,2,302.64,6.12,D,0
30.28861,70.66747,334.19,0.52,0.42,2025-10-31,806,N,VIIRS,n,2,301.66,5.75,D,0
30.28981,73.30778,333.56,0.41,0.37,2025-10-31,806,N,VIIRS,n,2,302.31,3.35,D,0
30.2975,70.63146,333.27,0.52,0.42,2025-10-31,806,N,VIIRS,n,2,303.45,2.9,D,0
30.29854,70.63685,333.34,0.52,0.42,2025-10-31,806,N,VIIRS,n,2,301.72,2.9,D,0
30.29918,73.75868,332.15,0.4,0.37,2025-10-31,806,N,VIIRS,n,2,300.72,2.82,D,0
30.29988,73.76283,333.22,0.4,0.37,2025-10-31,806,N,VIIRS,n,2,302.1,5.06,D,0
30.30751,70.6627,338.49,0.52,0.42,2025-10-31,806,N,VIIRS,n,2,304.84,4.59,D,0
30.30757,75.46078,333.93,0.38,0.36,2025-10-31,806,N,VIIRS,n,2,302.27,6.35,D,0
30.30855,70.66805,332.37,0.52,0.42,2025-10-31,806,N,VIIRS,n,2,303.94,4.59,D,0
30.30924,75.16525,337.23,0.38,0.36,2025-10-31,806,N,VIIRS,n,2,303.1,4.7,D,0
30.32054,75.01902,336.72,0.39,0.36,2025-10-31,806,N,VIIRS,l,2,309.51,30.98,D,0
30.32541,73.41417,338.47,0.41,0.37,2025-10-31,806,N,VIIRS,n,2,302.53,5.37,D,0
30.32777,70.68563,331.64,0.52,0.41,2025-10-31,806,N,VIIRS,n,2,302.86,3.37,D,0
30.33121,70.66232,333.33,0.52,0.42,2025-10-31,806,N,VIIRS,l,2,303.41,2.41,D,0
30.34114,70.69346,337.49,0.52,0.41,2025-10-31,806,N,VIIRS,n,2,302.1,4.56,D,0
30.34251,74.66765,335.15,0.39,0.36,2025-10-31,806,N,VIIRS,n,2,301.6,2.82,D,0
30.34715,73.52296,339.84,0.41,0.37,2025-10-31,806,N,VIIRS,n,2,305.73,4.65,D,0
30.39068,73.74274,338.39,0.4,0.37,2025-10-31,806,N,VIIRS,n,2,301.94,4.37,D,0
30.3942,75.29565,335.6,0.38,0.36,2025-10-31,806,N,VIIRS,n,2,303.52,2.41,D,0
30.39751,72.83278,338.31,0.42,0.38,2025-10-31,806,N,VIIRS,n,2,303.33,2.85,D,0
30.41755,75.27032,335.04,0.38,0.36,2025-10-31,806,N,VIIRS,n,2,303.96,2.14,D,0
30.4224,73.53357,337.64,0.41,0.37,2025-10-31,806,N,VIIRS,n,2,304.46,2.44,D,0
30.42943,73.57545,330.35,0.4,0.37,2025-10-31,806,N,VIIRS,n,2,301,1.32,D,0
30.43185,73.33887,347.72,0.41,0.37,2025-10-31,806,N,VIIRS,n,2,305.66,5.11,D,0
30.43468,73.66953,367,0.4,0.37,2025-10-31,806,N,VIIRS,h,2,304.52,7.44,D,0
30.43665,75.13504,345.17,0.38,0.36,2025-10-31,806,N,VIIRS,n,2,304.75,9.24,D,0
30.4516,71.74629,332.34,0.46,0.39,2025-10-31,806,N,VIIRS,n,2,302.14,4.28,D,0
30.45247,71.75108,332.7,0.46,0.39,2025-10-31,806,N,VIIRS,n,2,302.69,4.28,D,0
30.47288,72.19162,332.99,0.45,0.39,2025-10-31,806,N,VIIRS,n,2,303.28,2.73,D,0
30.49117,73.84189,343.65,0.4,0.37,2025-10-31,806,N,VIIRS,n,2,306.35,5.64,D,0
30.49452,73.84115,339.72,0.4,0.37,2025-10-31,806,N,VIIRS,n,2,301.33,5.64,D,0
30.49917,75.03596,335.67,0.38,0.36,2025-10-31,806,N,VIIRS,n,2,302.37,7.02,D,0
30.50045,75.15064,335.91,0.38,0.36,2025-10-31,806,N,VIIRS,n,2,302.54,3.06,D,0
30.50415,75.06789,333.05,0.38,0.36,2025-10-31,806,N,VIIRS,n,2,302.02,2.16,D,0
30.51045,71.9695,337.28,0.45,0.39,2025-10-31,806,N,VIIRS,n,2,302.95,3.93,D,0
30.51656,74.53964,345.92,0.39,0.36,2025-10-31,806,N,VIIRS,n,2,302.15,8.22,D,0
30.52004,72.0646,338.68,0.45,0.39,2025-10-31,806,N,VIIRS,n,2,302.51,5.11,D,0
30.52522,75.07176,335.9,0.38,0.36,2025-10-31,806,N,VIIRS,n,2,302.5,2.69,D,0
30.52853,75.07108,335.96,0.38,0.36,2025-10-31,806,N,VIIRS,n,2,300.76,2.69,D,0
30.529,72.19744,332.11,0.44,0.39,2025-10-31,806,N,VIIRS,n,2,302.1,2.65,D,0
30.53267,75.18552,335.48,0.38,0.36,2025-10-31,806,N,VIIRS,n,2,303.16,7.26,D,0
30.53658,75.05704,340.25,0.38,0.36,2025-10-31,806,N,VIIRS,n,2,303.31,3.96,D,0
30.53742,75.1722,334.5,0.38,0.36,2025-10-31,806,N,VIIRS,n,2,301.53,1.52,D,0
30.54061,75.3032,344.92,0.38,0.36,2025-10-31,806,N,VIIRS,n,2,305.1,19.62,D,0
30.54072,75.17152,330.66,0.38,0.36,2025-10-31,806,N,VIIRS,n,2,301.65,1.68,D,0
30.54087,74.61445,332.16,0.39,0.36,2025-10-31,806,N,VIIRS,n,2,301.36,2.49,D,0
30.54292,75.27393,346.4,0.38,0.36,2025-10-31,806,N,VIIRS,n,2,304.34,6.89,D,0
30.54803,71.73973,331.61,0.46,0.39,2025-10-31,806,N,VIIRS,n,2,301.33,2.65,D,0
30.55205,75.02496,330.23,0.38,0.36,2025-10-31,806,N,VIIRS,n,2,300.79,1.34,D,0
30.55374,73.91843,334.15,0.4,0.37,2025-10-31,806,N,VIIRS,n,2,303.37,2.85,D,0
30.56032,73.87431,331.63,0.4,0.37,2025-10-31,806,N,VIIRS,n,2,303.54,2.32,D,0
30.57721,73.45226,335.56,0.41,0.37,2025-10-31,806,N,VIIRS,n,2,301.67,1.74,D,0
30.58386,73.9118,330.35,0.4,0.37,2025-10-31,806,N,VIIRS,n,2,302.47,1.52,D,0
30.5908,71.58132,330.66,0.47,0.4,2025-10-31,806,N,VIIRS,n,2,302.33,2.08,D,0
30.59992,73.90401,333.91,0.4,0.37,2025-10-31,806,N,VIIRS,n,2,302.09,1.85,D,0
30.60196,72.09975,334.26,0.45,0.39,2025-10-31,806,N,VIIRS,n,2,302.49,3.82,D,0
30.60204,73.98019,334.38,0.4,0.37,2025-10-31,806,N,VIIRS,n,2,302.83,4.25,D,0
30.60327,73.90327,343.17,0.4,0.37,2025-10-31,806,N,VIIRS,n,2,303.62,4.28,D,0
30.60668,73.94514,341.1,0.4,0.37,2025-10-31,806,N,VIIRS,n,2,302.77,4.61,D,0
30.60715,72.10815,339.23,0.45,0.39,2025-10-31,806,N,VIIRS,n,2,301.32,3.71,D,0
30.60803,73.59324,332.45,0.4,0.37,2025-10-31,806,N,VIIRS,n,2,302.09,4.23,D,0
30.61997,73.87825,347.91,0.4,0.37,2025-10-31,806,N,VIIRS,n,2,304.85,9.14,D,0
30.62332,73.8775,341.99,0.4,0.37,2025-10-31,806,N,VIIRS,n,2,305.01,9.14,D,0
30.62394,73.79222,334.54,0.4,0.37,2025-10-31,806,N,VIIRS,n,2,303.62,2.58,D,0
30.6302,74.72422,338.93,0.39,0.36,2025-10-31,806,N,VIIRS,n,2,303.47,7.42,D,0
30.63036,74.38725,337.68,0.39,0.36,2025-10-31,806,N,VIIRS,n,2,306.39,7.53,D,0
30.63083,74.72823,334.07,0.39,0.36,2025-10-31,806,N,VIIRS,n,2,304.68,11.1,D,0
30.63368,74.38653,336.18,0.39,0.36,2025-10-31,806,N,VIIRS,n,2,302.22,6.56,D,0
30.64283,72.20525,331.39,0.44,0.39,2025-10-31,806,N,VIIRS,n,2,303.21,2.79,D,0
30.65017,72.78555,333.04,0.42,0.38,2025-10-31,806,N,VIIRS,n,2,301.72,2.12,D,0
30.65851,73.89578,332.18,0.4,0.37,2025-10-31,806,N,VIIRS,l,2,302.66,2.96,D,0
30.65891,75.38592,333.35,0.38,0.36,2025-10-31,806,N,VIIRS,n,2,303.61,3.24,D,0
30.65952,75.38991,334.33,0.38,0.36,2025-10-31,806,N,VIIRS,n,2,305.45,5.1,D,0
30.66152,75.38623,339,0.38,0.36,2025-10-31,806,N,VIIRS,n,2,306,5.25,D,0
30.67179,75.40884,335.29,0.38,0.36,2025-10-31,806,N,VIIRS,n,2,302.73,2.06,D,0
30.67187,74.26083,338.13,0.39,0.36,2025-10-31,806,N,VIIRS,n,2,302.42,3.75,D,0
30.67883,75.47739,337.7,0.38,0.36,2025-10-31,806,N,VIIRS,n,2,302.78,2.59,D,0
30.68004,75.48537,330.27,0.38,0.36,2025-10-31,806,N,VIIRS,n,2,301.84,1.47,D,0
30.68116,74.46829,333.86,0.39,0.36,2025-10-31,806,N,VIIRS,n,2,305.06,2.54,D,0
30.69915,73.80558,337.89,0.4,0.37,2025-10-31,806,N,VIIRS,n,2,302.66,3.37,D,0
30.7006,75.19698,333.5,0.38,0.36,2025-10-31,806,N,VIIRS,n,2,301.57,2.29,D,0
30.70116,73.58179,330.22,0.4,0.37,2025-10-31,806,N,VIIRS,l,2,302.26,2.04,D,0
30.70185,73.61123,341.16,0.4,0.37,2025-10-31,806,N,VIIRS,n,2,303.11,2.99,D,0
30.70271,73.61174,332.31,0.4,0.37,2025-10-31,806,N,VIIRS,n,2,303.3,2.28,D,0
30.70449,73.79583,331.16,0.4,0.37,2025-10-31,806,N,VIIRS,l,2,304.36,2.97,D,0
30.72521,71.78085,333.15,0.46,0.39,2025-10-31,806,N,VIIRS,n,2,303.78,2.58,D,0
30.73552,74.17576,335.6,0.39,0.36,2025-10-31,806,N,VIIRS,n,2,301.44,3.34,D,0
30.74388,74.33373,334.15,0.39,0.36,2025-10-31,806,N,VIIRS,l,2,304.16,14.49,D,0
30.74402,71.76141,347.17,0.46,0.39,2025-10-31,806,N,VIIRS,n,2,305.99,11.29,D,0
30.74657,73.62357,331.34,0.4,0.37,2025-10-31,806,N,VIIRS,n,2,303.46,2.23,D,0
30.74786,74.33707,344.61,0.39,0.36,2025-10-31,806,N,VIIRS,n,2,307.21,13.58,D,0
30.75213,71.74453,340.85,0.46,0.39,2025-10-31,806,N,VIIRS,n,2,312,27.95,D,0
30.75336,71.97534,340.8,0.45,0.39,2025-10-31,806,N,VIIRS,n,2,301.38,3.91,D,0
30.75494,71.71896,337.64,0.46,0.39,2025-10-31,806,N,VIIRS,n,2,305.49,12.25,D,0
30.75571,71.74366,347.51,0.46,0.39,2025-10-31,806,N,VIIRS,n,2,302.59,27.95,D,0
30.76044,71.97365,332.15,0.45,0.39,2025-10-31,806,N,VIIRS,n,2,301.8,2.31,D,0
30.76241,73.69769,336.15,0.4,0.37,2025-10-31,806,N,VIIRS,n,2,301.65,2.55,D,0
30.76319,70.79853,332.55,0.5,0.41,2025-10-31,806,N,VIIRS,l,2,305.7,4.17,D,0
30.76428,74.03417,339.97,0.39,0.36,2025-10-31,806,N,VIIRS,n,2,302.82,3.15,D,0
30.76583,73.90685,333.93,0.4,0.37,2025-10-31,806,N,VIIRS,n,2,303.6,2.79,D,0
30.77698,73.8275,333.48,0.4,0.37,2025-10-31,806,N,VIIRS,n,2,303.15,2.74,D,0
30.77783,70.77292,333.98,0.51,0.41,2025-10-31,806,N,VIIRS,n,2,305.05,2.95,D,0
30.77892,73.6293,336.47,0.4,0.37,2025-10-31,806,N,VIIRS,n,2,304.45,2.96,D,0
30.78127,73.7064,335.37,0.4,0.37,2025-10-31,806,N,VIIRS,n,2,307.26,1.99,D,0
30.78462,73.70565,338.42,0.4,0.37,2025-10-31,806,N,VIIRS,n,2,304.09,1.99,D,0
30.7856,74.65867,331.79,0.39,0.36,2025-10-31,806,N,VIIRS,n,2,301.41,2.75,D,0
30.78572,75.02288,334.62,0.38,0.36,2025-10-31,806,N,VIIRS,n,2,303.61,3.73,D,0
30.7872,73.67923,330.73,0.4,0.37,2025-10-31,806,N,VIIRS,n,2,303.44,1.75,D,0
30.79202,71.77947,338.19,0.46,0.39,2025-10-31,806,N,VIIRS,n,2,304.98,13.66,D,0
30.80156,71.81177,333.32,0.46,0.39,2025-10-31,806,N,VIIRS,n,2,303.31,2.98,D,0
30.80272,71.77687,332.83,0.46,0.39,2025-10-31,806,N,VIIRS,n,2,304.5,2.42,D,0
30.80916,73.83322,335.55,0.4,0.37,2025-10-31,806,N,VIIRS,n,2,303.19,2.55,D,0
30.81068,74.66579,333.7,0.39,0.36,2025-10-31,806,N,VIIRS,n,2,302.79,2.26,D,0
30.82239,71.8658,339.81,0.45,0.39,2025-10-31,806,N,VIIRS,n,2,305.25,12.82,D,0
30.82377,71.81129,331.94,0.46,0.39,2025-10-31,806,N,VIIRS,l,2,303.99,9.58,D,0
30.82524,73.52856,338.81,0.4,0.37,2025-10-31,806,N,VIIRS,n,2,302.31,3.72,D,0
30.82563,71.81282,335.7,0.46,0.39,2025-10-31,806,N,VIIRS,n,2,302.86,10.53,D,0
30.82594,73.53275,331.03,0.4,0.37,2025-10-31,806,N,VIIRS,n,2,301.39,3.72,D,0
30.82658,73.83364,338.06,0.4,0.37,2025-10-31,806,N,VIIRS,n,2,302.24,3.8,D,0
30.82789,73.82051,334.5,0.4,0.37,2025-10-31,806,N,VIIRS,n,2,304.29,4,D,0
30.82864,74.99755,331.64,0.38,0.36,2025-10-31,806,N,VIIRS,n,2,300.55,1.27,D,0
30.83311,74.93873,334.74,0.38,0.36,2025-10-31,806,N,VIIRS,n,2,304.11,6.78,D,0
30.83655,73.24146,330.12,0.41,0.37,2025-10-31,806,N,VIIRS,l,2,301.83,3.67,D,0
30.8424,74.35486,333.12,0.39,0.36,2025-10-31,806,N,VIIRS,n,2,302.66,4.82,D,0
30.8514,71.81149,330.27,0.46,0.39,2025-10-31,806,N,VIIRS,n,2,303.67,2.32,D,0
30.85188,74.90592,336.75,0.39,0.36,2025-10-31,806,N,VIIRS,n,2,302.43,3.23,D,0
30.8611,71.82393,336.44,0.46,0.39,2025-10-31,806,N,VIIRS,n,2,305.34,7.03,D,0
30.86438,74.51321,337.41,0.39,0.36,2025-10-31,806,N,VIIRS,n,2,304.6,6.61,D,0
30.87223,75.19089,335.51,0.38,0.36,2025-10-31,806,N,VIIRS,n,2,301.81,2.72,D,0
30.87668,74.41866,333.54,0.39,0.36,2025-10-31,806,N,VIIRS,n,2,301.04,2.22,D,0
30.87846,71.87865,342.54,0.45,0.39,2025-10-31,806,N,VIIRS,n,2,305.21,6.23,D,0
30.87863,73.89094,333.49,0.4,0.37,2025-10-31,806,N,VIIRS,n,2,303.4,1.7,D,0
30.87883,70.78943,347.41,0.5,0.41,2025-10-31,806,N,VIIRS,n,2,304.73,7.28,D,0
30.87901,71.92253,331.85,0.45,0.39,2025-10-31,806,N,VIIRS,l,2,302.96,4.35,D,0
30.87931,71.88335,332.79,0.45,0.39,2025-10-31,806,N,VIIRS,n,2,303.37,6.23,D,0
30.88992,74.93095,340.9,0.38,0.36,2025-10-31,806,N,VIIRS,n,2,304.54,4.33,D,0
30.89322,74.93026,341.1,0.38,0.36,2025-10-31,806,N,VIIRS,n,2,302.56,4.33,D,0
30.89536,74.38533,339.05,0.39,0.36,2025-10-31,806,N,VIIRS,n,2,302.16,3,D,0
30.91173,73.56552,333.84,0.4,0.37,2025-10-31,806,N,VIIRS,n,2,302.43,6.01,D,0
30.91203,73.56263,346.45,0.4,0.37,2025-10-31,806,N,VIIRS,n,2,302.5,7.63,D,0
30.91975,73.74062,333.21,0.4,0.37,2025-10-31,806,N,VIIRS,n,2,302.12,6.01,D,0
30.9307,70.75436,341.24,0.5,0.41,2025-10-31,806,N,VIIRS,n,2,304.44,12.26,D,0
30.93164,74.93916,333.27,0.38,0.36,2025-10-31,806,N,VIIRS,n,2,302.63,3.22,D,0
30.93288,70.78661,342.82,0.5,0.41,2025-10-31,806,N,VIIRS,n,2,307.88,24.1,D,0
30.93339,75.03809,333.81,0.38,0.36,2025-10-31,806,N,VIIRS,n,2,301.51,4.21,D,0
30.93485,73.93819,330.74,0.39,0.37,2025-10-31,806,N,VIIRS,n,2,302.11,2.2,D,0
30.9354,71.8452,332.84,0.45,0.39,2025-10-31,806,N,VIIRS,l,2,303.02,1.46,D,0
30.93565,72.21701,332.37,0.44,0.38,2025-10-31,806,N,VIIRS,l,2,303.56,2.8,D,0
30.93616,71.8418,335.31,0.45,0.39,2025-10-31,806,N,VIIRS,n,2,304.25,2.99,D,0
30.93646,72.22157,335.89,0.44,0.38,2025-10-31,806,N,VIIRS,n,2,304.04,2.65,D,0
30.93846,73.30363,332.29,0.41,0.37,2025-10-31,806,N,VIIRS,n,2,303.38,2.58,D,0
30.94345,72.21989,334.46,0.44,0.38,2025-10-31,806,N,VIIRS,n,2,304.41,4.24,D,0
30.95752,74.75553,331.85,0.39,0.36,2025-10-31,806,N,VIIRS,l,2,302.41,2.29,D,0
31.00634,74.81187,335.86,0.39,0.36,2025-10-31,806,N,VIIRS,n,2,301.55,4.44,D,0
31.01399,72.2707,339.8,0.44,0.38,2025-10-31,806,N,VIIRS,n,2,305.36,3.82,D,0
31.01411,72.26935,340.04,0.44,0.38,2025-10-31,806,N,VIIRS,n,2,305.86,4.29,D,0
31.01797,73.2774,332.81,0.41,0.37,2025-10-31,806,N,VIIRS,n,2,301.39,2.69,D,0
31.01805,72.29331,343.32,0.44,0.38,2025-10-31,806,N,VIIRS,n,2,305.31,5.28,D,0
31.01807,72.29202,333.48,0.44,0.38,2025-10-31,806,N,VIIRS,n,2,304.76,2.92,D,0
31.01887,72.29654,334.37,0.44,0.38,2025-10-31,806,N,VIIRS,n,2,305.06,3.91,D,0
31.02471,72.24924,351.15,0.44,0.38,2025-10-31,806,N,VIIRS,n,2,312.54,17.68,D,0
31.02738,72.24387,333.83,0.44,0.38,2025-10-31,806,N,VIIRS,n,2,303.41,3.84,D,0
31.0282,72.24841,333.92,0.44,0.38,2025-10-31,806,N,VIIRS,n,2,303.19,17.68,D,0
31.03517,75.01269,339.52,0.38,0.36,2025-10-31,806,N,VIIRS,n,2,311.68,24.41,D,0
31.04815,74.1562,340.24,0.39,0.36,2025-10-31,806,N,VIIRS,n,2,300.74,3.73,D,0
31.04817,74.13508,331.75,0.39,0.36,2025-10-31,806,N,VIIRS,l,2,302.58,3.69,D,0
31.04883,74.13915,334.3,0.39,0.36,2025-10-31,806,N,VIIRS,n,2,302.39,3.44,D,0
31.04972,74.9146,333.34,0.38,0.36,2025-10-31,806,N,VIIRS,n,2,302.13,4.89,D,0
31.0658,72.23469,335.01,0.44,0.38,2025-10-31,806,N,VIIRS,n,2,304.67,2.43,D,0
31.08627,73.34967,332.77,0.41,0.37,2025-10-31,806,N,VIIRS,n,2,301.23,1.97,D,0
31.08689,74.3539,332.81,0.39,0.36,2025-10-31,806,N,VIIRS,n,2,301.32,3.17,D,0
31.08861,75.188,333.4,0.38,0.36,2025-10-31,806,N,VIIRS,n,2,301.55,2.77,D,0
31.08984,75.19602,336.16,0.38,0.36,2025-10-31,806,N,VIIRS,n,2,301.41,1.97,D,0
31.09067,73.3321,333,0.41,0.37,2025-10-31,806,N,VIIRS,n,2,302.36,4.57,D,0
31.09081,72.19076,332.4,0.44,0.38,2025-10-31,806,N,VIIRS,l,2,303.04,3.84,D,0
31.09091,73.33546,347,0.41,0.37,2025-10-31,806,N,VIIRS,n,2,303.32,6.09,D,0
31.09139,73.33631,333.25,0.41,0.37,2025-10-31,806,N,VIIRS,n,2,302.68,4.57,D,0
31.09162,72.19531,333.17,0.44,0.38,2025-10-31,806,N,VIIRS,n,2,302.9,5.86,D,0
31.09405,73.33133,332.84,0.41,0.37,2025-10-31,806,N,VIIRS,n,2,300.77,4.57,D,0
31.09418,74.95915,333.3,0.38,0.36,2025-10-31,806,N,VIIRS,n,2,303.34,1.61,D,0
31.10525,72.37594,336.69,0.43,0.38,2025-10-31,806,N,VIIRS,n,2,303.87,3.33,D,0
31.10611,72.21556,336.02,0.44,0.38,2025-10-31,806,N,VIIRS,n,2,303.27,2.7,D,0
31.1064,72.19651,332.3,0.44,0.38,2025-10-31,806,N,VIIRS,l,2,303.05,1.72,D,0
31.10728,71.97832,335.2,0.45,0.39,2025-10-31,806,N,VIIRS,n,2,303.77,3.39,D,0
31.1106,73.36696,346.78,0.4,0.37,2025-10-31,806,N,VIIRS,n,2,302.41,5.36,D,0
31.12031,74.69331,347.77,0.39,0.36,2025-10-31,806,N,VIIRS,n,2,304.49,6.3,D,0
31.12362,74.69261,343.86,0.39,0.36,2025-10-31,806,N,VIIRS,n,2,302.73,6.21,D,0
31.12534,73.35049,332.83,0.4,0.37,2025-10-31,806,N,VIIRS,n,2,301.55,5.69,D,0
31.13096,72.21195,332.43,0.44,0.38,2025-10-31,806,N,VIIRS,n,2,304.03,2.7,D,0
31.13224,73.1419,335.94,0.41,0.37,2025-10-31,806,N,VIIRS,n,2,303.44,2.86,D,0
31.13475,73.34398,341.27,0.4,0.37,2025-10-31,806,N,VIIRS,n,2,301.85,5.38,D,0
31.13793,75.19848,344.38,0.38,0.36,2025-10-31,806,N,VIIRS,n,2,304.95,8.54,D,0
31.13829,74.85146,346.47,0.38,0.36,2025-10-31,806,N,VIIRS,n,2,303.58,3.93,D,0
31.14014,74.68909,348.05,0.39,0.36,2025-10-31,806,N,VIIRS,n,2,306.84,20.7,D,0
31.14109,75.01978,346.98,0.38,0.36,2025-10-31,806,N,VIIRS,n,2,304.08,6.35,D,0
31.14285,74.8588,338.96,0.38,0.36,2025-10-31,806,N,VIIRS,n,2,303.67,4.82,D,0
31.1438,74.51741,332.1,0.39,0.36,2025-10-31,806,N,VIIRS,n,2,301.1,2.89,D,0
31.14405,73.80407,332.16,0.4,0.37,2025-10-31,806,N,VIIRS,n,2,300.77,2.79,D,0
31.149,74.8326,338.33,0.39,0.36,2025-10-31,806,N,VIIRS,n,2,302.22,2.7,D,0
31.14903,74.52882,336.16,0.39,0.36,2025-10-31,806,N,VIIRS,n,2,301.7,3.61,D,0
31.14981,72.35817,332.81,0.43,0.38,2025-10-31,806,N,VIIRS,n,2,302.57,3.66,D,0
31.15199,74.59077,332.84,0.39,0.36,2025-10-31,806,N,VIIRS,n,2,302.55,6.82,D,0
31.15591,74.70238,335.3,0.39,0.36,2025-10-31,806,N,VIIRS,n,2,302.31,3.37,D,0
31.15608,75.07575,330.79,0.38,0.36,2025-10-31,806,N,VIIRS,n,2,302.1,1.64,D,0
31.15745,73.39566,343.3,0.4,0.37,2025-10-31,806,N,VIIRS,n,2,303.36,4.99,D,0
31.15937,74.85532,331.22,0.38,0.36,2025-10-31,806,N,VIIRS,n,2,302.68,1.29,D,0
31.16082,73.3949,336.22,0.4,0.37,2025-10-31,806,N,VIIRS,n,2,302.65,4.99,D,0
31.16238,73.52943,332.82,0.4,0.37,2025-10-31,806,N,VIIRS,n,2,302.01,2.34,D,0
31.16268,74.85462,335.52,0.38,0.36,2025-10-31,806,N,VIIRS,n,2,301.03,2.62,D,0
31.16481,74.16484,334.56,0.39,0.36,2025-10-31,806,N,VIIRS,n,2,301.15,2.13,D,0
31.1696,73.21736,332.83,0.41,0.37,2025-10-31,806,N,VIIRS,n,2,301.89,4.39,D,0
31.17239,75.09306,337.25,0.38,0.36,2025-10-31,806,N,VIIRS,n,2,304.25,3.66,D,0
31.17315,73.53133,337.58,0.4,0.37,2025-10-31,806,N,VIIRS,n,2,303.94,5.69,D,0
31.17422,73.88284,332.64,0.39,0.37,2025-10-31,806,N,VIIRS,n,2,300.69,2.88,D,0
31.17475,74.91018,346.88,0.38,0.36,2025-10-31,806,N,VIIRS,n,2,304.34,6.88,D,0
31.17524,73.54387,334.3,0.4,0.37,2025-10-31,806,N,VIIRS,n,2,301.67,2.65,D,0
31.19007,73.54919,339.6,0.4,0.37,2025-10-31,806,N,VIIRS,n,2,302.3,1.97,D,0
31.20332,72.4155,332.7,0.43,0.38,2025-10-31,806,N,VIIRS,l,2,303.62,2.47,D,0
31.20357,70.75309,334.07,0.5,0.41,2025-10-31,806,N,VIIRS,n,2,303.64,2.46,D,0
31.20456,70.75828,348.98,0.5,0.41,2025-10-31,806,N,VIIRS,n,2,305.34,8.35,D,0
31.20953,73.54047,344.34,0.4,0.37,2025-10-31,806,N,VIIRS,n,2,306.39,16.9,D,0
31.22037,74.57639,344.48,0.39,0.36,2025-10-31,806,N,VIIRS,n,2,303.16,3.09,D,0
31.22073,74.85481,346.9,0.38,0.36,2025-10-31,806,N,VIIRS,n,2,303.4,3.84,D,0
31.22143,72.41586,330.77,0.43,0.38,2025-10-31,806,N,VIIRS,l,2,302.92,3.54,D,0
31.22176,74.56358,335.18,0.39,0.36,2025-10-31,806,N,VIIRS,n,2,302.23,1.96,D,0
31.22368,74.57568,331.06,0.39,0.36,2025-10-31,806,N,VIIRS,n,2,301.8,3.09,D,0
31.22849,73.57085,340.82,0.4,0.37,2025-10-31,806,N,VIIRS,n,2,303.88,7.83,D,0
31.23114,72.45077,341.65,0.43,0.38,2025-10-31,806,N,VIIRS,n,2,304.92,6.82,D,0
31.23183,75.01434,333.35,0.38,0.36,2025-10-31,806,N,VIIRS,n,2,303,2.22,D,0
31.23436,74.5567,333.07,0.39,0.36,2025-10-31,806,N,VIIRS,n,2,301.3,1.87,D,0
31.23577,73.74155,342.35,0.4,0.37,2025-10-31,806,N,VIIRS,n,2,302.83,4.28,D,0
31.23612,73.63821,337.19,0.4,0.37,2025-10-31,806,N,VIIRS,n,2,302.53,4.76,D,0
31.23842,74.53912,330.69,0.39,0.36,2025-10-31,806,N,VIIRS,n,2,300.84,1.37,D,0
31.24185,74.8215,339.89,0.38,0.36,2025-10-31,806,N,VIIRS,n,2,302.14,3.67,D,0
31.24579,74.52084,334.79,0.39,0.36,2025-10-31,806,N,VIIRS,n,2,300.49,2.87,D,0
31.24876,75.03568,345.23,0.38,0.36,2025-10-31,806,N,VIIRS,n,2,305.55,9.34,D,0
31.25739,75.00919,330.85,0.38,0.36,2025-10-31,806,N,VIIRS,n,2,301.23,0.91,D,0
31.25782,75.03399,333.24,0.38,0.36,2025-10-31,806,N,VIIRS,n,2,303.36,1.48,D,0
31.2593,73.80056,336.68,0.4,0.37,2025-10-31,806,N,VIIRS,n,2,301.39,2.27,D,0
31.26361,74.35848,333.01,0.39,0.36,2025-10-31,806,N,VIIRS,n,2,300.12,1.97,D,0
31.26451,73.72653,335.51,0.4,0.37,2025-10-31,806,N,VIIRS,n,2,302.97,3.48,D,0
31.26552,73.72681,344.92,0.4,0.37,2025-10-31,806,N,VIIRS,n,2,306.69,9.04,D,0
31.26621,73.73096,342.19,0.4,0.37,2025-10-31,806,N,VIIRS,n,2,302.6,9.04,D,0
31.26752,75.0527,337.57,0.38,0.36,2025-10-31,806,N,VIIRS,n,2,303.86,2.67,D,0
31.27221,73.72533,331.26,0.4,0.37,2025-10-31,806,N,VIIRS,l,2,301.73,4.49,D,0
31.2729,73.72947,337.4,0.4,0.37,2025-10-31,806,N,VIIRS,n,2,305.21,4.49,D,0
31.27513,70.65579,344.78,0.5,0.41,2025-10-31,806,N,VIIRS,n,2,303.28,5.87,D,0
31.28144,74.90039,334.36,0.38,0.36,2025-10-31,806,N,VIIRS,n,2,303.27,3.12,D,0
31.29759,70.58952,337.64,0.51,0.41,2025-10-31,806,N,VIIRS,n,2,305.64,3.71,D,0
31.29889,73.69788,345.23,0.4,0.37,2025-10-31,806,N,VIIRS,n,2,305.93,9.19,D,0
31.30067,73.83463,342.88,0.39,0.37,2025-10-31,806,N,VIIRS,n,2,305.55,14.2,D,0
31.30416,74.69605,335.74,0.39,0.36,2025-10-31,806,N,VIIRS,n,2,304.61,5.63,D,0
31.30676,73.87169,337.59,0.39,0.36,2025-10-31,806,N,VIIRS,n,2,303.1,3.63,D,0
31.30942,73.86684,343.39,0.39,0.36,2025-10-31,806,N,VIIRS,n,2,303.21,3.67,D,0
31.3101,73.87096,338.14,0.39,0.36,2025-10-31,806,N,VIIRS,n,2,303.03,3.98,D,0
31.31642,74.8182,334.01,0.38,0.36,2025-10-31,806,N,VIIRS,n,2,302.86,2.1,D,0
31.31973,74.8175,335.65,0.38,0.36,2025-10-31,806,N,VIIRS,n,2,302.13,7.15,D,0
31.32482,73.89753,331.6,0.39,0.36,2025-10-31,806,N,VIIRS,n,2,303.08,1.46,D,0
31.33215,72.57124,334.67,0.42,0.38,2025-10-31,806,N,VIIRS,n,2,302.52,2.41,D,0
31.33249,74.94363,334.14,0.38,0.36,2025-10-31,806,N,VIIRS,n,2,302.86,14.31,D,0
31.33517,74.93892,346.7,0.38,0.36,2025-10-31,806,N,VIIRS,n,2,303.81,14.31,D,0
31.34142,74.43806,335.86,0.39,0.36,2025-10-31,806,N,VIIRS,n,2,300.91,2.88,D,0
31.34258,74.59668,339.86,0.39,0.36,2025-10-31,806,N,VIIRS,n,2,304.99,4,D,0
31.34282,74.55489,341.2,0.39,0.36,2025-10-31,806,N,VIIRS,n,2,304.46,7.62,D,0
31.3434,73.58878,334.29,0.4,0.37,2025-10-31,806,N,VIIRS,n,2,302.75,6.8,D,0
31.34367,74.82125,335.13,0.38,0.36,2025-10-31,806,N,VIIRS,n,2,302.01,2.99,D,0
31.34449,73.72206,339.48,0.4,0.37,2025-10-31,806,N,VIIRS,n,2,302.15,3.79,D,0
31.34678,70.64288,330.17,0.5,0.41,2025-10-31,806,N,VIIRS,l,2,303.63,4.44,D,0
31.35545,73.85235,348.07,0.39,0.37,2025-10-31,806,N,VIIRS,n,2,305.81,10.63,D,0
31.35618,70.65141,343.09,0.5,0.41,2025-10-31,806,N,VIIRS,n,2,305.02,6.83,D,0
31.36045,74.47164,336.18,0.39,0.36,2025-10-31,806,N,VIIRS,n,2,300.83,3.43,D,0
31.36094,75.19495,333.78,0.38,0.36,2025-10-31,806,N,VIIRS,n,2,303.21,1.62,D,0
31.36144,74.82581,333.51,0.38,0.36,2025-10-31,806,N,VIIRS,n,2,303.52,3.16,D,0
31.36177,74.78414,335.78,0.38,0.36,2025-10-31,806,N,VIIRS,n,2,301.81,2.87,D,0
31.36207,74.82984,333.72,0.38,0.36,2025-10-31,806,N,VIIRS,n,2,303.76,3.16,D,0
31.36425,75.19427,340.37,0.38,0.36,2025-10-31,806,N,VIIRS,n,2,302.94,2.42,D,0
31.36646,74.85802,340.85,0.38,0.36,2025-10-31,806,N,VIIRS,n,2,301.92,3.84,D,0
31.36923,73.65344,333.98,0.4,0.37,2025-10-31,806,N,VIIRS,n,2,302.71,2.41,D,0
31.37594,74.74378,333.63,0.39,0.36,2025-10-31,806,N,VIIRS,n,2,301.55,2.02,D,0
31.38519,72.43525,333.91,0.43,0.38,2025-10-31,806,N,VIIRS,n,2,303.62,2.95,D,0
31.38531,72.37477,339.89,0.43,0.38,2025-10-31,806,N,VIIRS,n,2,302.57,3.71,D,0
31.39057,72.19984,335.81,0.43,0.38,2025-10-31,806,N,VIIRS,n,2,304.24,8.58,D,0
31.39347,75.01022,337.97,0.38,0.36,2025-10-31,806,N,VIIRS,n,2,302.32,2.97,D,0
31.39759,72.46475,333.11,0.43,0.38,2025-10-31,806,N,VIIRS,n,2,302.7,3.16,D,0
31.39781,72.17917,331.29,0.44,0.38,2025-10-31,806,N,VIIRS,n,2,302.14,2.18,D,0
31.39859,74.95516,331.9,0.38,0.36,2025-10-31,806,N,VIIRS,n,2,304.54,4.05,D,0
31.39922,74.95919,330.86,0.38,0.36,2025-10-31,806,N,VIIRS,n,2,300.43,3.88,D,0
31.40341,70.65392,330.51,0.5,0.41,2025-10-31,806,N,VIIRS,l,2,302.54,4.06,D,0
31.40716,72.45785,333.48,0.43,0.38,2025-10-31,806,N,VIIRS,n,2,303.4,4.63,D,0
31.41674,74.61868,338.43,0.39,0.36,2025-10-31,806,N,VIIRS,n,2,304.17,2.53,D,0
31.42018,75.3409,334.74,0.38,0.36,2025-10-31,806,N,VIIRS,l,2,306.04,3.72,D,0
31.42182,74.86296,341.31,0.38,0.36,2025-10-31,806,N,VIIRS,n,2,304.52,12.19,D,0
31.4222,73.93266,330.11,0.39,0.36,2025-10-31,806,N,VIIRS,n,2,303.37,1.65,D,0
31.42614,72.13574,339.65,0.44,0.38,2025-10-31,806,N,VIIRS,n,2,304.36,3.78,D,0
31.42628,72.13437,339.57,0.44,0.38,2025-10-31,806,N,VIIRS,n,2,304.29,3.22,D,0
31.42668,72.21948,332.02,0.43,0.38,2025-10-31,806,N,VIIRS,l,2,302.74,3.54,D,0
31.42706,72.67366,356.15,0.42,0.38,2025-10-31,806,N,VIIRS,n,2,307.88,16.01,D,0
31.42789,74.73303,332.93,0.39,0.36,2025-10-31,806,N,VIIRS,n,2,300.03,2.19,D,0
31.42809,75.39324,331.69,0.38,0.36,2025-10-31,806,N,VIIRS,l,2,302.7,3.89,D,0
31.42868,73.82462,353.12,0.39,0.37,2025-10-31,806,N,VIIRS,n,2,306.64,5.73,D,0
31.4287,75.39727,333.77,0.38,0.36,2025-10-31,806,N,VIIRS,n,2,303.89,3.89,D,0
31.4293,74.72024,336.52,0.39,0.36,2025-10-31,806,N,VIIRS,n,2,299.08,3.97,D,0
31.43048,72.67285,335.35,0.42,0.38,2025-10-31,806,N,VIIRS,n,2,303.03,16.01,D,0
31.43125,72.67723,333.07,0.42,0.38,2025-10-31,806,N,VIIRS,n,2,302.01,12.6,D,0
31.43949,75.37844,334.88,0.38,0.36,2025-10-31,806,N,VIIRS,n,2,304.41,2.72,D,0
31.44869,73.82016,333.94,0.39,0.37,2025-10-31,806,N,VIIRS,n,2,302.74,2.17,D,0
31.45007,72.27037,343.86,0.43,0.38,2025-10-31,806,N,VIIRS,n,2,303.84,4.38,D,0
31.45048,72.27152,333.76,0.43,0.38,2025-10-31,806,N,VIIRS,n,2,303.06,4.47,D,0
31.45081,73.89651,337.35,0.39,0.36,2025-10-31,806,N,VIIRS,n,2,303.38,2.67,D,0
31.45098,72.23379,332.71,0.43,0.38,2025-10-31,806,N,VIIRS,n,2,303.24,2.58,D,0
31.45148,73.90063,330.71,0.39,0.36,2025-10-31,806,N,VIIRS,n,2,303.52,1.96,D,0
31.45899,72.48717,351.37,0.42,0.38,2025-10-31,806,N,VIIRS,n,2,312.16,35.06,D,0
31.46312,75.2199,334.79,0.38,0.36,2025-10-31,806,N,VIIRS,n,2,305.22,4.16,D,0
31.46809,72.30949,333.01,0.43,0.38,2025-10-31,806,N,VIIRS,n,2,302.25,1.31,D,0
31.46983,75.0856,340.51,0.38,0.36,2025-10-31,806,N,VIIRS,n,2,302.64,4.32,D,0
31.4777,72.30251,332.67,0.43,0.38,2025-10-31,806,N,VIIRS,n,2,305.17,1.78,D,0
31.48413,73.88911,332.22,0.39,0.36,2025-10-31,806,N,VIIRS,n,2,303.16,2.32,D,0
31.48651,72.29104,341.55,0.43,0.38,2025-10-31,806,N,VIIRS,n,2,303.07,7.34,D,0
31.4868,73.90557,330.08,0.39,0.36,2025-10-31,806,N,VIIRS,l,2,301.42,1.41,D,0
31.48682,72.21104,330.46,0.43,0.38,2025-10-31,806,N,VIIRS,l,2,302.04,1.74,D,0
31.48759,73.54536,331.84,0.4,0.37,2025-10-31,806,N,VIIRS,n,2,300.7,1.27,D,0
31.48762,72.15413,338.05,0.44,0.38,2025-10-31,806,N,VIIRS,n,2,307.01,9.71,D,0
31.4895,72.2057,332.11,0.43,0.38,2025-10-31,806,N,VIIRS,l,2,303.74,3.26,D,0
31.49267,73.49223,335.53,0.4,0.37,2025-10-31,806,N,VIIRS,n,2,300.76,1.98,D,0
31.49536,73.80169,330.71,0.39,0.37,2025-10-31,806,N,VIIRS,n,2,302.14,1.71,D,0
31.4985,72.29753,334,0.43,0.38,2025-10-31,806,N,VIIRS,n,2,304.08,4.72,D,0
31.50089,74.76324,332.25,0.38,0.36,2025-10-31,806,N,VIIRS,n,2,301.3,1.94,D,0
31.5066,72.22044,332.27,0.43,0.38,2025-10-31,806,N,VIIRS,n,2,303.34,3.03,D,0
31.5074,72.22496,332.66,0.43,0.38,2025-10-31,806,N,VIIRS,n,2,302.95,3.93,D,0
31.51127,72.30851,330.82,0.43,0.38,2025-10-31,806,N,VIIRS,n,2,303.39,2,D,0
31.5117,73.69087,331.97,0.4,0.37,2025-10-31,806,N,VIIRS,n,2,301.67,1.78,D,0
31.51384,72.19984,337.1,0.43,0.38,2025-10-31,806,N,VIIRS,n,2,302.61,2.21,D,0
31.51738,72.13747,344.12,0.44,0.38,2025-10-31,806,N,VIIRS,n,2,306.21,5.32,D,0
31.5208,72.19816,331.74,0.43,0.38,2025-10-31,806,N,VIIRS,l,2,303.8,4.47,D,0
31.52793,73.74733,352.78,0.4,0.37,2025-10-31,806,N,VIIRS,n,2,304.61,6.19,D,0
31.53127,73.74657,350.45,0.4,0.37,2025-10-31,806,N,VIIRS,n,2,302.66,6.19,D,0
31.53226,73.90019,336.21,0.39,0.36,2025-10-31,806,N,VIIRS,n,2,304.3,3.15,D,0
31.53387,70.66137,330.23,0.5,0.41,2025-10-31,806,N,VIIRS,n,2,303.24,2.45,D,0
31.53392,72.19027,337.18,0.43,0.38,2025-10-31,806,N,VIIRS,n,2,302.62,3.92,D,0
31.53758,72.23182,345.19,0.43,0.38,2025-10-31,806,N,VIIRS,n,2,308.64,19.56,D,0
31.53894,73.92001,332.68,0.39,0.36,2025-10-31,806,N,VIIRS,n,2,301.45,1.4,D,0
31.539,73.98376,336.92,0.39,0.36,2025-10-31,806,N,VIIRS,n,2,305.12,3.42,D,0
31.54042,72.26874,334.98,0.43,0.38,2025-10-31,806,N,VIIRS,n,2,304.81,2.17,D,0
31.5446,72.37519,333.23,0.43,0.38,2025-10-31,806,N,VIIRS,n,2,303.97,3.17,D,0
31.54962,73.94316,341.22,0.39,0.36,2025-10-31,806,N,VIIRS,n,2,304.66,4.33,D,0
31.54965,74.04929,342.48,0.39,0.36,2025-10-31,806,N,VIIRS,n,2,304.83,5.49,D,0
31.55219,72.33611,330.09,0.43,0.38,2025-10-31,806,N,VIIRS,n,2,302.59,2.22,D,0
31.55416,75.46743,337.43,0.38,0.36,2025-10-31,806,N,VIIRS,n,2,303.13,3.05,D,0
31.55789,72.73932,332.4,0.42,0.37,2025-10-31,806,N,VIIRS,n,2,301.16,3.24,D,0
31.55802,73.76202,332.17,0.39,0.37,2025-10-31,806,N,VIIRS,n,2,302.03,1.78,D,0
31.55829,73.97525,334.51,0.39,0.36,2025-10-31,806,N,VIIRS,n,2,303.91,2.14,D,0
31.56379,72.36129,334.8,0.43,0.38,2025-10-31,806,N,VIIRS,n,2,302.49,3.12,D,0
31.56728,72.15067,344.44,0.43,0.38,2025-10-31,806,N,VIIRS,n,2,310.7,33.93,D,0
31.56767,75.44386,339.32,0.38,0.36,2025-10-31,806,N,VIIRS,n,2,303.3,8.66,D,0
31.56964,72.41568,330.02,0.43,0.38,2025-10-31,806,N,VIIRS,n,2,301.97,2.23,D,0
31.57148,74.71613,332.41,0.39,0.36,2025-10-31,806,N,VIIRS,n,2,301.48,2.64,D,0
31.57157,72.15437,335.39,0.43,0.38,2025-10-31,806,N,VIIRS,n,2,303.42,3.78,D,0
31.57211,74.72017,332.73,0.38,0.36,2025-10-31,806,N,VIIRS,n,2,302.16,2.64,D,0
31.57292,73.95927,337.78,0.39,0.36,2025-10-31,806,N,VIIRS,n,2,303.69,3.55,D,0
31.57338,74.72823,332.62,0.38,0.36,2025-10-31,806,N,VIIRS,n,2,301.52,1.69,D,0
31.57384,73.66833,336.41,0.4,0.37,2025-10-31,806,N,VIIRS,n,2,302.97,3.52,D,0
31.5756,72.17702,338.23,0.43,0.38,2025-10-31,806,N,VIIRS,n,2,304.89,3.93,D,0
31.57681,75.234,333.79,0.38,0.36,2025-10-31,806,N,VIIRS,n,2,303.8,1.89,D,0
31.57908,72.17619,334.98,0.43,0.38,2025-10-31,806,N,VIIRS,n,2,302.69,2.69,D,0
31.58036,72.39454,335.78,0.43,0.38,2025-10-31,806,N,VIIRS,n,2,303.04,3.79,D,0
31.58113,72.39901,333.4,0.43,0.38,2025-10-31,806,N,VIIRS,n,2,303.44,3.79,D,0
31.58189,72.39559,343.77,0.43,0.38,2025-10-31,806,N,VIIRS,n,2,302.73,5.4,D,0
31.58672,72.36189,338.23,0.43,0.38,2025-10-31,806,N,VIIRS,n,2,304.02,2.91,D,0
31.58696,70.61222,333.61,0.5,0.41,2025-10-31,806,N,VIIRS,n,2,304.55,2.44,D,0
31.58727,70.61486,340.46,0.5,0.41,2025-10-31,806,N,VIIRS,n,2,304.63,3.51,D,0
31.58797,70.61743,337.34,0.5,0.41,2025-10-31,806,N,VIIRS,n,2,304.53,5,D,0
31.58825,70.62008,333.39,0.5,0.41,2025-10-31,806,N,VIIRS,n,2,304.59,3.51,D,0
31.58872,74.16339,332.54,0.39,0.36,2025-10-31,806,N,VIIRS,n,2,303.34,1.42,D,0
31.58978,72.21606,330.85,0.43,0.38,2025-10-31,806,N,VIIRS,l,2,304.57,2.34,D,0
31.59115,72.4073,340.1,0.43,0.38,2025-10-31,806,N,VIIRS,n,2,302.21,3.71,D,0
31.59204,74.16266,333.68,0.39,0.36,2025-10-31,806,N,VIIRS,n,2,302.73,1.42,D,0
31.59245,72.14934,332.86,0.43,0.38,2025-10-31,806,N,VIIRS,l,2,303.49,2.14,D,0
31.59355,73.95895,330.8,0.39,0.36,2025-10-31,806,N,VIIRS,n,2,302.27,1.03,D,0
31.59809,70.60935,341.97,0.5,0.41,2025-10-31,806,N,VIIRS,n,2,305.53,5.34,D,0
31.59848,72.32645,344.79,0.43,0.38,2025-10-31,806,N,VIIRS,n,2,306.23,7.31,D,0
31.59887,72.18559,334.1,0.43,0.38,2025-10-31,806,N,VIIRS,n,2,303.4,3.44,D,0
31.60114,72.32115,334.02,0.43,0.38,2025-10-31,806,N,VIIRS,l,2,304.85,2.88,D,0
31.60418,72.23611,337.09,0.43,0.38,2025-10-31,806,N,VIIRS,n,2,304.11,3.67,D,0
31.6053,72.16042,333.26,0.43,0.38,2025-10-31,806,N,VIIRS,n,2,303.22,2.4,D,0
31.61084,73.95937,339.84,0.39,0.36,2025-10-31,806,N,VIIRS,n,2,305.52,5.29,D,0
31.61142,74.06958,334.04,0.39,0.36,2025-10-31,806,N,VIIRS,n,2,303.99,2.53,D,0
31.61151,73.96347,334.26,0.39,0.36,2025-10-31,806,N,VIIRS,n,2,302.96,5.29,D,0
31.61249,72.36505,337.24,0.43,0.38,2025-10-31,806,N,VIIRS,n,2,303.32,5.89,D,0
31.61327,72.36951,347.17,0.43,0.38,2025-10-31,806,N,VIIRS,n,2,303.79,9.84,D,0
31.61417,73.95863,341.27,0.39,0.36,2025-10-31,806,N,VIIRS,n,2,302.87,5.29,D,0
31.61594,72.36423,338.11,0.43,0.38,2025-10-31,806,N,VIIRS,n,2,302.45,5.89,D,0
31.61865,74.11455,344.29,0.39,0.36,2025-10-31,806,N,VIIRS,n,2,301.97,4.01,D,0
31.61954,72.30273,340.82,0.43,0.38,2025-10-31,806,N,VIIRS,n,2,303.5,3.95,D,0
31.62065,72.39099,339.04,0.43,0.38,2025-10-31,806,N,VIIRS,n,2,301.08,3.25,D,0
31.62209,73.36353,330.53,0.4,0.37,2025-10-31,806,N,VIIRS,n,2,300.83,1.94,D,0
31.6283,74.56229,332.84,0.39,0.36,2025-10-31,806,N,VIIRS,n,2,301.74,2.85,D,0
31.63524,73.56895,348.11,0.4,0.37,2025-10-31,806,N,VIIRS,n,2,304,5.6,D,0
31.63662,73.57729,330.23,0.4,0.37,2025-10-31,806,N,VIIRS,n,2,302.05,1.5,D,0
31.63768,72.44714,334.55,0.42,0.38,2025-10-31,806,N,VIIRS,n,2,302.73,2.88,D,0
31.64187,72.20351,330.26,0.43,0.38,2025-10-31,806,N,VIIRS,l,2,303.68,2.66,D,0
31.64327,72.17016,334.93,0.43,0.38,2025-10-31,806,N,VIIRS,n,2,303.16,2.71,D,0
31.6437,72.39941,330.39,0.43,0.38,2025-10-31,806,N,VIIRS,n,2,301.88,1.75,D,0
31.64845,73.52273,330.11,0.4,0.37,2025-10-31,806,N,VIIRS,n,2,302.27,1.63,D,0
31.65513,72.23794,332.82,0.43,0.38,2025-10-31,806,N,VIIRS,n,2,304.08,2.96,D,0
31.65625,73.46457,345.58,0.4,0.37,2025-10-31,806,N,VIIRS,n,2,303.66,4.2,D,0
31.6567,73.57275,347.62,0.4,0.37,2025-10-31,806,N,VIIRS,n,2,304.67,7.5,D,0
31.65696,73.465,334.29,0.4,0.37,2025-10-31,806,N,VIIRS,n,2,303.6,5.3,D,0
31.66141,73.58033,331.5,0.4,0.37,2025-10-31,806,N,VIIRS,l,2,301.64,3.4,D,0
31.66562,74.80059,335.22,0.38,0.36,2025-10-31,806,N,VIIRS,n,2,301.58,3.08,D,0
31.66674,73.57048,330.22,0.4,0.37,2025-10-31,806,N,VIIRS,n,2,304.36,1.9,D,0
31.66941,70.78062,334.53,0.49,0.4,2025-10-31,806,N,VIIRS,n,2,304.55,4.45,D,0
31.66961,73.63023,330.55,0.4,0.37,2025-10-31,806,N,VIIRS,l,2,302.93,3.28,D,0
31.67008,73.56973,335.29,0.4,0.37,2025-10-31,806,N,VIIRS,n,2,303.23,3.25,D,0
31.67077,73.57389,339.89,0.4,0.37,2025-10-31,806,N,VIIRS,n,2,305.09,3.25,D,0
31.67145,73.57806,339.97,0.4,0.37,2025-10-31,806,N,VIIRS,n,2,303.55,4.63,D,0
31.6718,72.20779,333.36,0.43,0.38,2025-10-31,806,N,VIIRS,l,2,303.63,10.5,D,0
31.67576,73.57762,337.47,0.4,0.37,2025-10-31,806,N,VIIRS,n,2,303.05,2.45,D,0
31.67817,73.52953,338.85,0.4,0.37,2025-10-31,806,N,VIIRS,n,2,305.48,3.34,D,0
31.68113,72.28061,333.81,0.43,0.38,2025-10-31,806,N,VIIRS,n,2,304.44,3.36,D,0
31.68152,73.52878,340.37,0.4,0.37,2025-10-31,806,N,VIIRS,n,2,303.63,5.59,D,0
31.68188,73.59351,330.63,0.4,0.37,2025-10-31,806,N,VIIRS,l,2,305.34,3.49,D,0
31.68221,73.53294,334,0.4,0.37,2025-10-31,806,N,VIIRS,n,2,303.01,5.15,D,0
31.68522,73.59275,336.25,0.4,0.37,2025-10-31,806,N,VIIRS,l,2,306.45,5.95,D,0
31.68708,72.50457,335.17,0.42,0.38,2025-10-31,806,N,VIIRS,n,2,301.81,3.79,D,0
31.69631,73.53408,332.99,0.4,0.37,2025-10-31,806,N,VIIRS,l,2,303.26,1.83,D,0
31.70112,73.43758,331.96,0.4,0.37,2025-10-31,806,N,VIIRS,l,2,305.78,7.64,D,0
31.70201,73.80752,343.61,0.39,0.36,2025-10-31,806,N,VIIRS,n,2,302.98,10.96,D,0
31.70241,72.29887,334.34,0.43,0.38,2025-10-31,806,N,VIIRS,n,2,303.41,2.47,D,0
31.70461,72.56468,330.51,0.42,0.38,2025-10-31,806,N,VIIRS,l,2,302.02,2.85,D,0
31.70594,72.23717,331.07,0.43,0.38,2025-10-31,806,N,VIIRS,l,2,303.67,2.58,D,0
31.70624,73.51019,330.46,0.4,0.37,2025-10-31,806,N,VIIRS,n,2,300.03,1.36,D,0
31.7077,74.22649,335.06,0.39,0.36,2025-10-31,806,N,VIIRS,n,2,302.86,5.25,D,0
31.70804,72.56387,334.6,0.42,0.38,2025-10-31,806,N,VIIRS,n,2,302.72,2.85,D,0
31.70979,73.42692,335.47,0.4,0.37,2025-10-31,806,N,VIIRS,n,2,302.72,2.74,D,0
31.71605,72.25349,334.15,0.43,0.38,2025-10-31,806,N,VIIRS,n,2,303.31,3.46,D,0
31.71684,72.258,342.71,0.43,0.38,2025-10-31,806,N,VIIRS,n,2,303.88,3.46,D,0
31.72054,73.55454,330.4,0.4,0.37,2025-10-31,806,N,VIIRS,n,2,303.93,1.87,D,0
31.72615,72.37233,333.09,0.43,0.38,2025-10-31,806,N,VIIRS,n,2,301.25,2.58,D,0
31.72704,72.2133,335.81,0.43,0.38,2025-10-31,806,N,VIIRS,n,2,303.41,3.45,D,0
31.72927,72.53314,335.91,0.42,0.38,2025-10-31,806,N,VIIRS,n,2,302.67,5.13,D,0
31.7298,74.92874,332.77,0.38,0.36,2025-10-31,806,N,VIIRS,n,2,300.81,3.78,D,0
31.731,72.23582,330.86,0.43,0.38,2025-10-31,806,N,VIIRS,n,2,302.55,2.2,D,0
31.73214,73.60374,331.86,0.4,0.37,2025-10-31,806,N,VIIRS,n,2,303.33,1.6,D,0
31.7323,74.18733,334.43,0.39,0.36,2025-10-31,806,N,VIIRS,n,2,301.85,2.18,D,0
31.73594,72.68495,332.32,0.42,0.37,2025-10-31,806,N,VIIRS,n,2,301.04,3.48,D,0
31.73696,72.57712,346.96,0.42,0.38,2025-10-31,806,N,VIIRS,n,2,303.6,9.69,D,0
31.73966,73.64943,333.79,0.4,0.37,2025-10-31,806,N,VIIRS,n,2,303.11,2.64,D,0
31.74124,72.29421,333.91,0.43,0.38,2025-10-31,806,N,VIIRS,n,2,304.6,3.63,D,0
31.743,73.64868,333.24,0.4,0.37,2025-10-31,806,N,VIIRS,n,2,302.73,2.79,D,0
31.74952,72.3621,341.33,0.43,0.38,2025-10-31,806,N,VIIRS,n,2,303.14,4.39,D,0
31.74988,73.71159,331.57,0.39,0.37,2025-10-31,806,N,VIIRS,l,2,303.47,1.28,D,0
31.75097,72.32919,342.22,0.43,0.38,2025-10-31,806,N,VIIRS,n,2,304.87,5.85,D,0
31.75309,73.66792,330.29,0.4,0.37,2025-10-31,806,N,VIIRS,l,2,301.73,8.35,D,0
31.75954,73.43298,337.37,0.4,0.37,2025-10-31,806,N,VIIRS,n,2,302.12,2.51,D,0
31.76061,73.52383,333.55,0.4,0.37,2025-10-31,806,N,VIIRS,n,2,303.31,4.3,D,0
31.76075,73.43353,334.34,0.4,0.37,2025-10-31,806,N,VIIRS,n,2,303.11,4.87,D,0
31.76095,73.20621,332.04,0.4,0.37,2025-10-31,806,N,VIIRS,n,2,301.56,3.04,D,0
31.76239,73.38095,346.27,0.4,0.37,2025-10-31,806,N,VIIRS,n,2,302.46,5.09,D,0
31.76739,73.54393,334.81,0.4,0.37,2025-10-31,806,N,VIIRS,n,2,303.53,3.18,D,0
31.76785,73.39277,341.89,0.4,0.37,2025-10-31,806,N,VIIRS,n,2,309.69,27.86,D,0
31.77321,73.29987,341.66,0.4,0.37,2025-10-31,806,N,VIIRS,n,2,304.02,4.87,D,0
31.77472,73.41296,333.22,0.4,0.37,2025-10-31,806,N,VIIRS,l,2,303.58,3.4,D,0
31.77542,73.41716,332.73,0.4,0.37,2025-10-31,806,N,VIIRS,l,2,302.93,4.25,D,0
31.77608,74.16965,343.71,0.39,0.36,2025-10-31,806,N,VIIRS,n,2,301.82,5.97,D,0
31.77807,73.4122,336.51,0.4,0.37,2025-10-31,806,N,VIIRS,n,2,303.67,4.16,D,0
31.78221,73.57083,350.27,0.4,0.37,2025-10-31,806,N,VIIRS,n,2,308.99,12.7,D,0
31.78295,73.25385,333.79,0.4,0.37,2025-10-31,806,N,VIIRS,n,2,302.84,4.03,D,0
31.78366,73.25807,339.03,0.4,0.37,2025-10-31,806,N,VIIRS,n,2,302.79,7.48,D,0
31.78373,73.57127,339.83,0.4,0.37,2025-10-31,806,N,VIIRS,n,2,305.11,4.03,D,0
31.78468,73.75525,346.58,0.39,0.36,2025-10-31,806,N,VIIRS,n,2,302.59,6.15,D,0
31.7879,73.28338,333.65,0.4,0.37,2025-10-31,806,N,VIIRS,n,2,302.84,4.09,D,0
31.78968,74.89986,330.82,0.38,0.36,2025-10-31,806,N,VIIRS,l,2,302.23,1.19,D,0
31.79289,72.63234,348.2,0.42,0.37,2025-10-31,806,N,VIIRS,n,2,304.73,7.64,D,0
31.79409,73.29947,347.1,0.4,0.37,2025-10-31,806,N,VIIRS,n,2,303.55,5.67,D,0
31.79691,74.9025,338.41,0.38,0.36,2025-10-31,806,N,VIIRS,n,2,303.52,4.94,D,0
31.79849,73.57657,331.39,0.4,0.37,2025-10-31,806,N,VIIRS,n,2,300.85,2.24,D,0
31.79896,73.53758,331.46,0.4,0.37,2025-10-31,806,N,VIIRS,n,2,300,2.32,D,0
31.79965,73.54175,331.04,0.4,0.37,2025-10-31,806,N,VIIRS,n,2,300.69,3.6,D,0
31.80448,73.3408,334.94,0.4,0.37,2025-10-31,806,N,VIIRS,n,2,304.38,2.14,D,0
31.80518,73.345,333.27,0.4,0.37,2025-10-31,806,N,VIIRS,n,2,302.31,2.14,D,0
31.80812,73.1115,330.3,0.41,0.37,2025-10-31,806,N,VIIRS,n,2,301.07,1.81,D,0
31.81209,74.00927,336.34,0.39,0.36,2025-10-31,806,N,VIIRS,n,2,304.11,5.04,D,0
31.81416,70.78358,332.7,0.49,0.4,2025-10-31,806,N,VIIRS,n,2,302.95,2.74,D,0
31.81685,73.49889,339.16,0.4,0.37,2025-10-31,806,N,VIIRS,n,2,303.76,4.14,D,0
31.82079,73.62759,338.1,0.4,0.37,2025-10-31,806,N,VIIRS,n,2,307.56,27.06,D,0
31.82734,74.81257,343.89,0.38,0.36,2025-10-31,806,N,VIIRS,n,2,303.1,4.16,D,0
31.82802,74.02273,344.91,0.39,0.36,2025-10-31,806,N,VIIRS,n,2,306.77,4.44,D,0
31.82868,74.02682,338.24,0.39,0.36,2025-10-31,806,N,VIIRS,n,2,303.35,4.44,D,0
31.83106,74.3851,339.92,0.39,0.36,2025-10-31,806,N,VIIRS,n,2,301.27,2.87,D,0
31.83256,72.98762,335.92,0.41,0.37,2025-10-31,806,N,VIIRS,n,2,304.44,4.08,D,0
31.83783,73.54174,342.54,0.4,0.37,2025-10-31,806,N,VIIRS,n,2,302.6,4.24,D,0
31.83956,74.22327,330.88,0.39,0.36,2025-10-31,806,N,VIIRS,n,2,302.25,2.32,D,0
31.84163,74.19327,342.14,0.39,0.36,2025-10-31,806,N,VIIRS,n,2,303.55,6.1,D,0
31.84228,74.19736,336.28,0.39,0.36,2025-10-31,806,N,VIIRS,n,2,305.74,9.24,D,0
31.84284,73.46698,331.69,0.4,0.37,2025-10-31,806,N,VIIRS,n,2,303,1.81,D,0
31.84466,73.30976,343.44,0.4,0.37,2025-10-31,806,N,VIIRS,n,2,304.33,5.01,D,0
31.84499,72.34516,346.51,0.43,0.38,2025-10-31,806,N,VIIRS,n,2,304.79,5.85,D,0
31.84581,73.71652,331.28,0.39,0.36,2025-10-31,806,N,VIIRS,l,2,302.3,3.1,D,0
31.84718,74.07786,333.91,0.39,0.36,2025-10-31,806,N,VIIRS,n,2,303.91,2.37,D,0
31.84745,73.3266,333.35,0.4,0.37,2025-10-31,806,N,VIIRS,n,2,303.34,6.67,D,0
31.84828,73.3526,338.03,0.4,0.37,2025-10-31,806,N,VIIRS,n,2,301.61,2.98,D,0
31.84908,74.73276,333.89,0.38,0.36,2025-10-31,806,N,VIIRS,l,2,304.03,4.26,D,0
31.85052,73.53455,333.4,0.4,0.37,2025-10-31,806,N,VIIRS,n,2,302.01,2.46,D,0
31.85413,75.34513,330.35,0.38,0.36,2025-10-31,806,N,VIIRS,n,2,301.65,1.9,D,0
31.86084,73.32053,330.6,0.4,0.37,2025-10-31,806,N,VIIRS,l,2,303.68,3.2,D,0
31.86537,73.81494,331.06,0.39,0.36,2025-10-31,806,N,VIIRS,l,2,301.89,3.16,D,0
31.87025,72.32514,343.53,0.43,0.38,2025-10-31,806,N,VIIRS,n,2,303.65,4.02,D,0
31.87046,73.6981,332.01,0.39,0.37,2025-10-31,806,N,VIIRS,l,2,303.05,2.95,D,0
31.87079,73.89056,337.88,0.39,0.36,2025-10-31,806,N,VIIRS,n,2,304.89,7.97,D,0
31.87389,73.74024,332.27,0.39,0.36,2025-10-31,806,N,VIIRS,n,2,303.04,4.33,D,0
31.87456,73.74438,335.48,0.39,0.36,2025-10-31,806,N,VIIRS,n,2,303.84,4.33,D,0
31.87737,73.82508,346.09,0.39,0.36,2025-10-31,806,N,VIIRS,n,2,304.22,6.07,D,0
31.87918,73.49773,339.83,0.4,0.37,2025-10-31,806,N,VIIRS,n,2,301.89,3.29,D,0
31.87921,73.34689,345.61,0.4,0.37,2025-10-31,806,N,VIIRS,n,2,304.73,5.81,D,0
31.88023,73.49879,340.43,0.4,0.37,2025-10-31,806,N,VIIRS,n,2,302.79,3.49,D,0
31.8841,74.03643,334.42,0.39,0.36,2025-10-31,806,N,VIIRS,n,2,301.72,3.01,D,0
31.88536,74.10818,341.44,0.39,0.36,2025-10-31,806,N,VIIRS,n,2,306.2,3.85,D,0
31.88762,73.50146,332.67,0.4,0.37,2025-10-31,806,N,VIIRS,n,2,302.59,1,D,0
31.8891,74.73286,344.98,0.38,0.36,2025-10-31,806,N,VIIRS,n,2,305.18,11.03,D,0
31.88992,73.75379,344.05,0.39,0.36,2025-10-31,806,N,VIIRS,n,2,301.24,4.3,D,0
31.89257,75.32883,332.19,0.38,0.36,2025-10-31,806,N,VIIRS,n,2,303.1,2.6,D,0
31.89322,73.43078,339.77,0.4,0.37,2025-10-31,806,N,VIIRS,n,2,304.19,4.04,D,0
31.895,73.21191,351.77,0.4,0.37,2025-10-31,806,N,VIIRS,n,2,303.94,8.4,D,0
31.89516,73.70113,334.95,0.39,0.36,2025-10-31,806,N,VIIRS,n,2,304.52,17.04,D,0
31.89541,73.9362,346.73,0.39,0.36,2025-10-31,806,N,VIIRS,n,2,305.79,6.26,D,0
31.89657,73.43001,344.91,0.4,0.37,2025-10-31,806,N,VIIRS,n,2,302.53,4.67,D,0
31.89707,72.31403,342.68,0.43,0.38,2025-10-31,806,N,VIIRS,n,2,309,15.59,D,0
31.89729,73.2465,348.25,0.4,0.37,2025-10-31,806,N,VIIRS,n,2,303.45,7.79,D,0
31.89733,73.01701,331.19,0.41,0.37,2025-10-31,806,N,VIIRS,l,2,301.27,3.77,D,0
31.89787,74.37479,331.47,0.39,0.36,2025-10-31,806,N,VIIRS,l,2,302.54,1.84,D,0
31.89817,72.31498,343.43,0.43,0.38,2025-10-31,806,N,VIIRS,n,2,305.15,13.67,D,0
31.89849,73.70039,343.34,0.39,0.36,2025-10-31,806,N,VIIRS,n,2,312.98,17.04,D,0
31.89874,73.93546,347.15,0.39,0.36,2025-10-31,806,N,VIIRS,n,2,301.82,5.34,D,0
31.90194,74.10453,345.42,0.39,0.36,2025-10-31,806,N,VIIRS,n,2,305.5,6.66,D,0
31.9046,74.0997,349.28,0.39,0.36,2025-10-31,806,N,VIIRS,n,2,305.17,3.86,D,0
31.90462,73.78047,331.68,0.39,0.36,2025-10-31,806,N,VIIRS,n,2,301.36,2.49,D,0
31.90526,74.1038,332.5,0.39,0.36,2025-10-31,806,N,VIIRS,n,2,301.98,3.86,D,0
31.90663,73.79286,330.59,0.39,0.36,2025-10-31,806,N,VIIRS,n,2,300.52,2.93,D,0
31.90792,74.09898,330.3,0.39,0.36,2025-10-31,806,N,VIIRS,l,2,302.2,3.86,D,0
31.90927,72.92163,333.95,0.41,0.37,2025-10-31,806,N,VIIRS,n,2,304.33,4.34,D,0
31.90985,74.77859,334.45,0.38,0.36,2025-10-31,806,N,VIIRS,n,2,301.86,2.66,D,0
31.91623,73.25529,330.72,0.4,0.37,2025-10-31,806,N,VIIRS,n,2,302.95,2,D,0
31.918,73.86298,340.52,0.39,0.36,2025-10-31,806,N,VIIRS,n,2,304.35,5.74,D,0
31.92269,73.71338,336.38,0.39,0.36,2025-10-31,806,N,VIIRS,n,2,311,12.63,D,0
31.92336,73.71751,334.46,0.39,0.36,2025-10-31,806,N,VIIRS,n,2,306.44,12.63,D,0
31.92447,72.8868,334.52,0.41,0.37,2025-10-31,806,N,VIIRS,n,2,302.1,2.27,D,0
31.92466,73.70435,335.53,0.39,0.36,2025-10-31,806,N,VIIRS,n,2,303.69,3.32,D,0
31.92503,74.16289,333.76,0.39,0.36,2025-10-31,806,N,VIIRS,n,2,302.51,2.79,D,0
31.92602,73.71263,340.94,0.39,0.36,2025-10-31,806,N,VIIRS,n,2,303.65,12.63,D,0
31.9267,73.71677,334.86,0.39,0.36,2025-10-31,806,N,VIIRS,n,2,302.35,12.63,D,0
31.9293,73.82629,334.98,0.39,0.36,2025-10-31,806,N,VIIRS,n,2,303.26,1.97,D,0
31.92973,73.63011,333.86,0.4,0.37,2025-10-31,806,N,VIIRS,n,2,302.63,2.25,D,0
31.93026,70.8423,330.43,0.48,0.4,2025-10-31,806,N,VIIRS,n,2,302.24,2.35,D,0
31.93409,75.2036,336.26,0.38,0.36,2025-10-31,806,N,VIIRS,n,2,302.68,2,D,0
31.93495,73.59876,348.79,0.4,0.37,2025-10-31,806,N,VIIRS,n,2,309.87,21.35,D,0
31.93612,72.30586,332.48,0.43,0.38,2025-10-31,806,N,VIIRS,n,2,303.26,2.19,D,0
31.93789,74.89382,333.45,0.38,0.36,2025-10-31,806,N,VIIRS,n,2,302.9,3.63,D,0
31.93829,73.59801,350.83,0.4,0.37,2025-10-31,806,N,VIIRS,n,2,309.85,35.02,D,0
31.9399,73.67085,330.02,0.39,0.37,2025-10-31,806,N,VIIRS,n,2,303.27,2.13,D,0
31.94116,73.48928,335.61,0.4,0.37,2025-10-31,806,N,VIIRS,n,2,302.54,2.75,D,0
31.94208,74.78846,333.67,0.38,0.36,2025-10-31,806,N,VIIRS,l,2,304.64,8.11,D,0
31.94261,73.90865,343.5,0.39,0.36,2025-10-31,806,N,VIIRS,n,2,306.54,3.82,D,0
31.94351,75.06387,332.34,0.38,0.36,2025-10-31,806,N,VIIRS,l,2,303.28,3.51,D,0
31.94631,73.83649,333.23,0.39,0.36,2025-10-31,806,N,VIIRS,n,2,303.51,1.64,D,0
31.94833,73.44862,330.2,0.4,0.37,2025-10-31,806,N,VIIRS,n,2,304.17,2,D,0
31.95286,73.26081,333.66,0.4,0.37,2025-10-31,806,N,VIIRS,n,2,305.21,7.29,D,0
31.95464,73.50787,338.66,0.4,0.37,2025-10-31,806,N,VIIRS,n,2,303.39,3.53,D,0
31.95534,74.63554,336,0.38,0.36,2025-10-31,806,N,VIIRS,n,2,303.6,2.92,D,0
31.95622,73.26004,333.68,0.4,0.37,2025-10-31,806,N,VIIRS,n,2,303.2,5.56,D,0
31.95729,73.50294,347.15,0.4,0.37,2025-10-31,806,N,VIIRS,n,2,305.65,8.08,D,0
31.95798,73.50711,333.83,0.4,0.37,2025-10-31,806,N,VIIRS,n,2,302.87,4.75,D,0
31.96242,73.27613,339.24,0.4,0.37,2025-10-31,806,N,VIIRS,n,2,302.44,3.89,D,0
31.9656,72.28945,338.47,0.43,0.38,2025-10-31,806,N,VIIRS,n,2,303.05,6.8,D,0
31.96896,73.33582,346.75,0.4,0.37,2025-10-31,806,N,VIIRS,n,2,304.63,10.77,D,0
31.96912,74.41874,331.84,0.39,0.36,2025-10-31,806,N,VIIRS,n,2,303.89,1.66,D,0
31.97231,73.33505,344.67,0.4,0.37,2025-10-31,806,N,VIIRS,n,2,303.19,10.77,D,0
31.97264,73.49078,334.7,0.4,0.37,2025-10-31,806,N,VIIRS,n,2,302.96,2.74,D,0
31.97302,73.33925,340.19,0.4,0.37,2025-10-31,806,N,VIIRS,n,2,303.31,7.29,D,0
31.97599,73.49001,349.96,0.4,0.37,2025-10-31,806,N,VIIRS,n,2,304.5,7.72,D,0
31.97947,72.87837,330.19,0.41,0.37,2025-10-31,806,N,VIIRS,l,2,300.89,2.05,D,0
31.98134,73.28491,330.5,0.4,0.37,2025-10-31,806,N,VIIRS,n,2,303.19,6.76,D,0
31.98166,73.92667,330.63,0.39,0.36,2025-10-31,806,N,VIIRS,n,2,302.26,0.97,D,0
31.98205,73.28912,346.66,0.4,0.37,2025-10-31,806,N,VIIRS,n,2,305.51,6.76,D,0
31.98355,73.81107,331.75,0.39,0.36,2025-10-31,806,N,VIIRS,n,2,303.15,1.78,D,0
31.98362,73.31936,344.94,0.4,0.37,2025-10-31,806,N,VIIRS,n,2,301.43,3.49,D,0
31.9847,73.28414,333.09,0.4,0.37,2025-10-31,806,N,VIIRS,n,2,301.44,6.76,D,0
31.98475,73.50102,335.8,0.4,0.37,2025-10-31,806,N,VIIRS,n,2,304.14,3.36,D,0
31.98498,73.92594,334.73,0.39,0.36,2025-10-31,806,N,VIIRS,n,2,305.27,2.76,D,0
31.9854,73.28835,345.62,0.4,0.37,2025-10-31,806,N,VIIRS,n,2,301.9,6.76,D,0
31.98715,73.62144,333.47,0.39,0.37,2025-10-31,806,N,VIIRS,l,2,304.41,3.21,D,0
31.98732,73.68595,342.26,0.39,0.36,2025-10-31,806,N,VIIRS,n,2,306.48,6.23,D,0
31.98944,73.74126,335.46,0.39,0.36,2025-10-31,806,N,VIIRS,n,2,305.02,4.36,D,0
31.99011,73.74539,336.69,0.39,0.36,2025-10-31,806,N,VIIRS,n,2,303.03,4.36,D,0
31.99194,72.83154,335.79,0.41,0.37,2025-10-31,806,N,VIIRS,n,2,300.75,2.26,D,0
31.99277,73.74051,335.81,0.39,0.36,2025-10-31,806,N,VIIRS,n,2,305.02,4.36,D,0
31.99888,74.41228,331.48,0.39,0.36,2025-10-31,806,N,VIIRS,n,2,301.58,1.1,D,0
32.00021,73.82871,333.93,0.39,0.36,2025-10-31,806,N,VIIRS,n,2,303.81,3.61,D,0
32.0005,73.61842,348.57,0.39,0.37,2025-10-31,806,N,VIIRS,n,2,306.78,12.36,D,0
32.00088,73.83283,351.54,0.39,0.36,2025-10-31,806,N,VIIRS,n,2,316.36,44.04,D,0
32.00358,73.91328,330.08,0.39,0.36,2025-10-31,806,N,VIIRS,n,2,302.32,2,D,0
32.0051,73.5317,333.88,0.4,0.37,2025-10-31,806,N,VIIRS,n,2,302.38,2.75,D,0
32.00624,73.95101,333.77,0.39,0.36,2025-10-31,806,N,VIIRS,n,2,303.39,1.81,D,0
32.00845,73.53094,332.99,0.4,0.37,2025-10-31,806,N,VIIRS,n,2,300.91,4.06,D,0
32.01707,73.66695,331.79,0.39,0.36,2025-10-31,806,N,VIIRS,n,2,301.32,2.94,D,0
32.01767,73.50289,342.43,0.4,0.37,2025-10-31,806,N,VIIRS,n,2,302.03,4.65,D,0
32.01905,73.51124,332.17,0.4,0.37,2025-10-31,806,N,VIIRS,n,2,300.91,1.48,D,0
32.02052,72.41995,334.05,0.42,0.38,2025-10-31,806,N,VIIRS,n,2,302.9,2.62,D,0
32.02375,75.14312,339.16,0.38,0.36,2025-10-31,806,N,VIIRS,n,2,305.84,3.22,D,0
32.03002,74.07738,335.5,0.39,0.36,2025-10-31,806,N,VIIRS,n,2,302.08,3.58,D,0
32.03007,73.57787,333.11,0.4,0.37,2025-10-31,806,N,VIIRS,n,2,304.45,2.13,D,0
32.03046,73.39146,340.07,0.4,0.37,2025-10-31,806,N,VIIRS,n,2,302.52,3.87,D,0
32.03076,73.58203,331.27,0.4,0.37,2025-10-31,806,N,VIIRS,l,2,304.99,2.13,D,0
32.0317,73.65076,345.95,0.39,0.36,2025-10-31,806,N,VIIRS,n,2,305.27,4.97,D,0
32.03311,73.38649,343.48,0.4,0.37,2025-10-31,806,N,VIIRS,l,2,317.28,91.29,D,0
32.03414,73.93203,334.51,0.39,0.36,2025-10-31,806,N,VIIRS,n,2,305.16,2.95,D,0
32.03646,73.38573,315.83,0.4,0.37,2025-10-31,806,N,VIIRS,l,2,322.66,91.29,D,0
32.03646,73.5116,332.98,0.4,0.37,2025-10-31,806,N,VIIRS,n,2,302.95,3.85,D,0
32.03681,73.86322,345.51,0.39,0.36,2025-10-31,806,N,VIIRS,n,2,304.64,5.15,D,0
32.03715,73.38992,367,0.4,0.37,2025-10-31,806,N,VIIRS,l,2,326.58,91.29,D,0
32.03734,73.55897,339.54,0.4,0.37,2025-10-31,806,N,VIIRS,l,2,310.47,17.69,D,0
32.03769,73.6451,331.09,0.39,0.37,2025-10-31,806,N,VIIRS,l,2,303.75,1.9,D,0
32.03803,73.56313,332.7,0.4,0.37,2025-10-31,806,N,VIIRS,n,2,301.71,17.69,D,0
32.03842,73.37657,349.09,0.4,0.37,2025-10-31,806,N,VIIRS,n,2,304.97,7.86,D,0
32.03867,73.42002,334.12,0.4,0.37,2025-10-31,806,N,VIIRS,n,2,303.09,9.37,D,0
32.03936,73.4242,344.64,0.4,0.37,2025-10-31,806,N,VIIRS,n,2,306.26,9.37,D,0
32.03998,73.30204,332.84,0.4,0.37,2025-10-31,806,N,VIIRS,n,2,302.26,3.18,D,0
32.04068,73.5582,333.02,0.4,0.37,2025-10-31,806,N,VIIRS,l,2,304.52,5.16,D,0
32.04142,73.97722,331.3,0.39,0.36,2025-10-31,806,N,VIIRS,n,2,303.41,2.35,D,0
32.0427,73.75989,334.81,0.39,0.36,2025-10-31,806,N,VIIRS,n,2,303.58,3.72,D,0
32.04271,73.42343,346.53,0.4,0.37,2025-10-31,806,N,VIIRS,n,2,304.23,9.37,D,0
32.04393,73.53586,334.95,0.4,0.37,2025-10-31,806,N,VIIRS,n,2,302.38,2.2,D,0
32.04536,73.41849,334.68,0.4,0.37,2025-10-31,806,N,VIIRS,n,2,302.9,6.09,D,0
32.04605,73.42268,340.11,0.4,0.37,2025-10-31,806,N,VIIRS,n,2,304.48,6.09,D,0
32.04743,73.03262,330.39,0.41,0.37,2025-10-31,806,N,VIIRS,n,2,301.44,1.38,D,0
32.04917,73.37846,333.29,0.4,0.37,2025-10-31,806,N,VIIRS,n,2,302.98,2.56,D,0
32.07491,73.42912,347.77,0.4,0.37,2025-10-31,806,N,VIIRS,n,2,308.46,7.72,D,0
32.07689,73.96989,347.62,0.39,0.36,2025-10-31,806,N,VIIRS,n,2,305.34,11.12,D,0
32.07826,73.42835,340.65,0.4,0.37,2025-10-31,806,N,VIIRS,n,2,304.5,7.72,D,0
32.08414,74.07867,343.38,0.39,0.36,2025-10-31,806,N,VIIRS,n,2,302.9,3.95,D,0
32.09082,73.90719,331.25,0.39,0.36,2025-10-31,806,N,VIIRS,n,2,299.84,1.26,D,0
32.09475,73.82523,335.11,0.39,0.36,2025-10-31,806,N,VIIRS,n,2,303.74,3.13,D,0
32.10342,73.85746,332.73,0.39,0.36,2025-10-31,806,N,VIIRS,n,2,303.12,1.83,D,0
32.10408,73.86159,331.75,0.39,0.36,2025-10-31,806,N,VIIRS,n,2,303.25,2.62,D,0
32.1111,73.65002,348.77,0.39,0.36,2025-10-31,806,N,VIIRS,n,2,303.73,9.45,D,0
32.11241,73.37773,332.56,0.4,0.37,2025-10-31,806,N,VIIRS,n,2,301.34,4.1,D,0
32.11301,74.51463,330.6,0.39,0.36,2025-10-31,806,N,VIIRS,l,2,301.34,1.45,D,0
32.11444,73.64927,346.89,0.39,0.36,2025-10-31,806,N,VIIRS,n,2,307.83,9.45,D,0
32.11562,73.35522,332.94,0.4,0.37,2025-10-31,806,N,VIIRS,n,2,302.11,2.55,D,0
32.12178,73.65191,331.24,0.39,0.36,2025-10-31,806,N,VIIRS,n,2,302.93,2.53,D,0
32.12328,72.46566,335.91,0.42,0.38,2025-10-31,806,N,VIIRS,n,2,302.59,4.28,D,0
32.1237,73.6133,331.28,0.39,0.37,2025-10-31,806,N,VIIRS,n,2,301.7,1.64,D,0
32.12423,73.2396,331.92,0.4,0.37,2025-10-31,806,N,VIIRS,n,2,301.11,1.9,D,0
32.12597,73.784,350.86,0.39,0.36,2025-10-31,806,N,VIIRS,n,2,309.86,23.38,D,0
32.12933,74.29699,334.15,0.39,0.36,2025-10-31,806,N,VIIRS,n,2,302.17,2.62,D,0
32.1319,73.6631,332.88,0.39,0.36,2025-10-31,806,N,VIIRS,l,2,304.04,4.84,D,0
32.13597,74.72771,337.34,0.38,0.36,2025-10-31,806,N,VIIRS,n,2,303.01,3.2,D,0
32.13659,74.29961,343.3,0.39,0.36,2025-10-31,806,N,VIIRS,n,2,302.84,2.74,D,0
32.13861,73.77688,338.83,0.39,0.36,2025-10-31,806,N,VIIRS,n,2,301.48,3.6,D,0
32.14199,74.52516,334.91,0.39,0.36,2025-10-31,806,N,VIIRS,n,2,300.46,2.06,D,0
32.14386,73.65179,331.18,0.39,0.36,2025-10-31,806,N,VIIRS,l,2,302.67,1.95,D,0
32.14462,73.81405,334.3,0.39,0.36,2025-10-31,806,N,VIIRS,n,2,305.2,3.17,D,0
32.14523,73.6601,345.38,0.39,0.36,2025-10-31,806,N,VIIRS,n,2,304.43,5.08,D,0
32.14528,73.81817,334.31,0.39,0.36,2025-10-31,806,N,VIIRS,n,2,303.58,2.53,D,0
32.14742,74.60374,340.98,0.38,0.36,2025-10-31,806,N,VIIRS,n,2,301.99,7.04,D,0
32.14861,73.81743,333.1,0.39,0.36,2025-10-31,806,N,VIIRS,n,2,302.73,2.53,D,0
32.14875,73.53426,336.85,0.4,0.37,2025-10-31,806,N,VIIRS,n,2,303.68,4.46,D,0
32.15295,73.58081,348.79,0.39,0.37,2025-10-31,806,N,VIIRS,n,2,304.94,6.52,D,0
32.15507,74.30822,330.58,0.39,0.36,2025-10-31,806,N,VIIRS,n,2,301.03,1.84,D,0
32.15917,74.26936,330.17,0.39,0.36,2025-10-31,806,N,VIIRS,n,2,301.13,2.15,D,0
32.15951,73.76843,333.12,0.39,0.36,2025-10-31,806,N,VIIRS,l,2,304.72,1.98,D,0
32.16284,73.76768,334.4,0.39,0.36,2025-10-31,806,N,VIIRS,n,2,305.56,6.52,D,0
32.17147,73.75718,347.86,0.39,0.36,2025-10-31,806,N,VIIRS,n,2,308.57,7.04,D,0
32.17179,73.96153,331.57,0.39,0.36,2025-10-31,806,N,VIIRS,n,2,303.1,1.82,D,0
32.17453,73.64916,334.29,0.39,0.36,2025-10-31,806,N,VIIRS,n,2,302.5,3.06,D,0
32.1763,73.57551,331.58,0.39,0.37,2025-10-31,806,N,VIIRS,l,2,302.47,1.32,D,0
32.17823,73.81986,333.09,0.39,0.36,2025-10-31,806,N,VIIRS,n,2,302.55,3.27,D,0
32.18366,73.57815,335.31,0.39,0.37,2025-10-31,806,N,VIIRS,n,2,303.98,2.48,D,0
32.18965,73.57248,332.94,0.39,0.37,2025-10-31,806,N,VIIRS,n,2,302.8,6.53,D,0
32.19132,74.88766,330.09,0.38,0.36,2025-10-31,806,N,VIIRS,n,2,300.6,1.22,D,0
32.19143,73.75269,340.46,0.39,0.36,2025-10-31,806,N,VIIRS,n,2,304.8,10.2,D,0
32.19983,74.59291,344.68,0.38,0.36,2025-10-31,806,N,VIIRS,n,2,303.54,5.87,D,0
32.2015,73.81464,333.09,0.39,0.36,2025-10-31,806,N,VIIRS,n,2,302.18,1.74,D,0
32.20953,73.92806,339.18,0.39,0.36,2025-10-31,806,N,VIIRS,n,2,302.23,4.87,D,0
32.21655,73.65257,335.4,0.39,0.36,2025-10-31,806,N,VIIRS,n,2,303.87,3.45,D,0
32.21866,73.31927,339.86,0.4,0.37,2025-10-31,806,N,VIIRS,n,2,301.47,4.93,D,0
32.21922,72.86581,334.3,0.41,0.37,2025-10-31,806,N,VIIRS,n,2,301.58,1.24,D,0
32.22052,73.63445,342.82,0.39,0.36,2025-10-31,806,N,VIIRS,n,2,308.99,20.5,D,0
32.22385,73.6337,343.03,0.39,0.36,2025-10-31,806,N,VIIRS,n,2,301.98,7.02,D,0
32.22413,73.84802,338.61,0.39,0.36,2025-10-31,806,N,VIIRS,n,2,306.02,5.79,D,0
32.2248,73.85214,349.71,0.39,0.36,2025-10-31,806,N,VIIRS,n,2,309.73,24.57,D,0
32.2248,73.87348,336.31,0.39,0.36,2025-10-31,806,N,VIIRS,n,2,300.59,2.7,D,0
32.23275,73.81618,341.22,0.39,0.36,2025-10-31,806,N,VIIRS,n,2,304.98,4.29,D,0
32.23407,73.55878,331.91,0.39,0.37,2025-10-31,806,N,VIIRS,n,2,301.3,2.2,D,0
32.23409,73.84579,335.89,0.39,0.36,2025-10-31,806,N,VIIRS,n,2,308.56,7.97,D,0
32.23608,73.81544,340.88,0.39,0.36,2025-10-31,806,N,VIIRS,n,2,302.61,4.29,D,0
32.24426,72.80617,335.33,0.41,0.37,2025-10-31,806,N,VIIRS,n,2,301.24,2.62,D,0
32.26465,73.86456,334.24,0.39,0.36,2025-10-31,806,N,VIIRS,n,2,304.79,3,D,0
32.26487,74.94793,332.54,0.38,0.36,2025-10-31,806,N,VIIRS,n,2,302.13,1.12,D,0
32.26622,73.86057,334.65,0.39,0.36,2025-10-31,806,N,VIIRS,l,2,307.35,6.2,D,0
32.28084,73.86584,330.06,0.39,0.36,2025-10-31,806,N,VIIRS,n,2,304.59,2.54,D,0
32.28746,73.843,333.78,0.39,0.36,2025-10-31,806,N,VIIRS,n,2,303.03,1.78,D,0
32.28813,73.84712,331.23,0.39,0.36,2025-10-31,806,N,VIIRS,n,2,302.86,2.25,D,0
32.29013,73.85949,340.19,0.39,0.36,2025-10-31,806,N,VIIRS,n,2,303.08,2.36,D,0
32.29048,73.67092,330.57,0.39,0.36,2025-10-31,806,N,VIIRS,n,2,301.21,1.88,D,0
32.30143,73.86549,333.99,0.39,0.36,2025-10-31,806,N,VIIRS,n,2,304.09,2.01,D,0
32.30475,73.86475,331.9,0.39,0.36,2025-10-31,806,N,VIIRS,n,2,299.74,2.01,D,0
32.30807,73.86401,330.59,0.39,0.36,2025-10-31,806,N,VIIRS,n,2,300.46,2.73,D,0
32.31139,73.86327,343.26,0.39,0.36,2025-10-31,806,N,VIIRS,n,2,303.83,2.73,D,0
32.31339,73.87562,333.32,0.39,0.36,2025-10-31,806,N,VIIRS,n,2,301.48,3.69,D,0
32.3196,72.60888,334.57,0.41,0.37,2025-10-31,806,N,VIIRS,n,2,301.95,3.02,D,0
32.32023,73.31905,331.12,0.4,0.37,2025-10-31,806,N,VIIRS,n,2,302.21,2.12,D,0
32.33028,73.31674,338.58,0.4,0.37,2025-10-31,806,N,VIIRS,n,2,301.4,3.2,D,0
32.34307,73.58273,334.69,0.39,0.36,2025-10-31,806,N,VIIRS,n,2,301.62,2.93,D,0
32.35101,74.08847,332.46,0.39,0.36,2025-10-31,806,N,VIIRS,n,2,301.39,1.76,D,0
32.35123,73.89701,339.06,0.39,0.36,2025-10-31,806,N,VIIRS,n,2,305.63,4.04,D,0
32.35131,71.83762,333.66,0.44,0.38,2025-10-31,806,N,VIIRS,n,2,303.72,1.81,D,0
32.35239,74.41727,343.67,0.39,0.36,2025-10-31,806,N,VIIRS,n,2,303.26,5.5,D,0
32.35479,71.83675,332.61,0.44,0.38,2025-10-31,806,N,VIIRS,n,2,301.5,2.06,D,0
32.35522,74.41719,339.54,0.39,0.36,2025-10-31,806,N,VIIRS,n,2,301.49,3.93,D,0
32.40285,74.39416,337.53,0.39,0.36,2025-10-31,806,N,VIIRS,n,2,300.2,3.09,D,0
32.41143,74.90886,336.43,0.38,0.36,2025-10-31,806,N,VIIRS,n,2,302.3,2.64,D,0
32.50601,74.97329,333.51,0.38,0.36,2025-10-31,806,N,VIIRS,n,2,301.34,2.43,D,0
32.50734,73.73115,342.72,0.39,0.36,2025-10-31,806,N,VIIRS,n,2,303.7,5.5,D,0
32.50931,74.97259,347.74,0.38,0.36,2025-10-31,806,N,VIIRS,n,2,302.52,5.45,D,0
32.51066,73.7304,345.13,0.39,0.36,2025-10-31,806,N,VIIRS,n,2,304.21,17.16,D,0
32.57859,73.62955,332.43,0.39,0.36,2025-10-31,806,N,VIIRS,n,2,301.03,1.4,D,0
32.78405,74.77707,334.04,0.38,0.36,2025-10-31,806,N,VIIRS,n,2,302.28,2.87,D,0
32.82949,74.15068,337.67,0.39,0.36,2025-10-31,806,N,VIIRS,n,2,302.96,2.77,D,0
32.57044,71.33351,335,0.45,0.39,2025-10-31,807,N,VIIRS,n,2,301.65,2.68,D,0
32.57658,71.34693,338.21,0.45,0.39,2025-10-31,807,N,VIIRS,n,2,304.78,3.07,D,0
33.33235,71.81514,330.54,0.43,0.38,2025-10-31,807,N,VIIRS,n,2,305.03,1.77,D,0
34.03802,74.73981,330.46,0.38,0.36,2025-10-31,807,N,VIIRS,n,2,296.43,1.54,D,0
34.05289,74.7708,331.75,0.38,0.36,2025-10-31,807,N,VIIRS,n,2,294.44,6.37,D,0
32.20484,74.22453,303.97,0.4,0.44,2025-10-31,2029,N,VIIRS,n,2,290.44,0.52,N,2
32.50846,69.73042,313.68,0.37,0.58,2025-10-31,2029,N,VIIRS,n,2,280.58,1.8,N,0
32.7165,72.77225,300.64,0.49,0.48,2025-10-31,2029,N,VIIRS,n,2,287.3,0.64,N,2
32.71931,72.77604,300.96,0.49,0.48,2025-10-31,2029,N,VIIRS,n,2,289.08,1.25,N,2
32.8907,71.61462,305.39,0.57,0.52,2025-10-31,2029,N,VIIRS,n,2,293.19,1.16,N,2
33.23665,71.51535,298,0.58,0.52,2025-10-31,2029,N,VIIRS,n,2,285.99,0.2,N,2
33.67303,70.14455,298.16,0.35,0.57,2025-10-31,2029,N,VIIRS,n,2,286.19,0.7,N,0
29.64942,74.92605,302.34,0.52,0.41,2025-10-31,2030,N,VIIRS,n,2,289.79,1.05,N,0
29.71679,70.451,305.94,0.62,0.54,2025-10-31,2030,N,VIIRS,n,2,291.08,2.1,N,0
31.03424,71.95014,301.87,0.52,0.5,2025-10-31,2030,N,VIIRS,n,2,288.97,0.72,N,0
31.0846,71.96233,299.04,0.52,0.5,2025-10-31,2030,N,VIIRS,n,2,288.44,0.96,N,0
31.08741,71.96304,301.8,0.52,0.5,2025-10-31,2030,N,VIIRS,n,2,288.91,0.62,N,0
31.12443,71.96796,302.41,0.52,0.5,2025-10-31,2030,N,VIIRS,n,2,288.29,0.94,N,0
31.60592,74.86394,307.07,0.55,0.43,2025-10-31,2030,N,VIIRS,n,2,291.53,1.44,N,0
31.60661,74.85812,317.96,0.55,0.43,2025-10-31,2030,N,VIIRS,n,2,292.44,2.65,N,0
31.678,73.96613,301.95,0.41,0.45,2025-10-31,2030,N,VIIRS,n,2,290.91,0.75,N,0
28.42419,69.69685,306.59,0.33,0.55,2025-10-31,2031,N,VIIRS,n,2,291.96,1.05,N,2
28.42591,69.69641,305.15,0.33,0.55,2025-10-31,2031,N,VIIRS,n,2,292.52,1.18,N,0
32.8909,71.61395,303.08,0.72,0.76,2025-10-31,2209,N,VIIRS,n,2,290.52,1.43,N,2
27.84218,69.79086,335.42,0.4,0.6,2025-11-01,747,N,VIIRS,n,2,307.67,1.88,D,0
28.70351,71.08112,333.1,0.32,0.55,2025-11-01,747,N,VIIRS,l,2,305.79,2.03,D,0
29.23349,70.45188,330.39,0.34,0.56,2025-11-01,747,N,VIIRS,l,2,301.44,2.59,D,0
29.23369,70.45036,342.68,0.34,0.56,2025-11-01,747,N,VIIRS,n,2,301.62,2.18,D,0
29.27123,74.19803,341.02,0.42,0.45,2025-11-01,747,N,VIIRS,n,2,304.18,4.24,D,0
29.34556,70.27251,331.03,0.35,0.57,2025-11-01,747,N,VIIRS,n,2,303.14,2.06,D,0
29.3464,70.27608,338.74,0.35,0.57,2025-11-01,747,N,VIIRS,n,2,304.55,3.76,D,0
29.36539,73.73701,341.93,0.44,0.46,2025-11-01,747,N,VIIRS,n,2,303.35,3.56,D,0
29.37954,70.30029,331.14,0.35,0.57,2025-11-01,747,N,VIIRS,l,2,303.35,1.34,D,0
29.38811,74.03851,342.2,0.42,0.46,2025-11-01,747,N,VIIRS,n,2,304.74,6.14,D,0
29.38815,73.93274,336.15,0.43,0.46,2025-11-01,747,N,VIIRS,n,2,302.27,5.09,D,0
29.38905,73.93713,339.52,0.43,0.46,2025-11-01,747,N,VIIRS,n,2,302.32,5.09,D,0
29.40289,74.54137,345.03,0.4,0.44,2025-11-01,747,N,VIIRS,n,2,303.47,4.73,D,0
29.40692,74.54033,343.4,0.4,0.44,2025-11-01,747,N,VIIRS,n,2,303.45,4.73,D,0
29.42234,73.92833,331.43,0.43,0.46,2025-11-01,747,N,VIIRS,n,2,305.75,2.42,D,0
29.42775,74.49629,331.24,0.4,0.44,2025-11-01,747,N,VIIRS,l,2,301.38,1.23,D,0
29.42829,74.00043,331.74,0.43,0.46,2025-11-01,747,N,VIIRS,n,2,301.73,1.98,D,0
29.44952,70.43669,332.46,0.34,0.56,2025-11-01,747,N,VIIRS,n,2,304.15,1.26,D,0
29.45057,70.43694,333.23,0.34,0.56,2025-11-01,747,N,VIIRS,n,2,303.45,1.85,D,0
29.48029,70.40198,335.63,0.34,0.56,2025-11-01,747,N,VIIRS,n,2,302.78,2,D,0
29.4841,74.46576,340.47,0.4,0.44,2025-11-01,747,N,VIIRS,n,2,302.74,4.44,D,0
29.49588,74.58673,347.92,0.4,0.44,2025-11-01,747,N,VIIRS,n,2,306.9,16.01,D,0
29.4972,74.50963,334.45,0.4,0.44,2025-11-01,747,N,VIIRS,n,2,301.59,2.07,D,0
29.50087,74.42252,338.43,0.4,0.44,2025-11-01,747,N,VIIRS,n,2,302.51,5.94,D,0
29.50169,74.42663,340.62,0.4,0.44,2025-11-01,747,N,VIIRS,n,2,303.1,5.94,D,0
29.50911,74.13432,340.32,0.42,0.45,2025-11-01,747,N,VIIRS,n,2,304.45,12.24,D,0
29.51357,74.20831,331.11,0.41,0.45,2025-11-01,747,N,VIIRS,l,2,302.82,2.93,D,0
29.51464,74.42757,330.35,0.4,0.44,2025-11-01,747,N,VIIRS,n,2,300.41,2.02,D,0
29.5149,74.20431,337.36,0.41,0.45,2025-11-01,747,N,VIIRS,n,2,302.4,2.7,D,0
29.5231,74.57542,351.18,0.4,0.44,2025-11-01,747,N,VIIRS,n,2,303.64,7.94,D,0
29.53992,74.57529,334.89,0.4,0.44,2025-11-01,747,N,VIIRS,n,2,303.98,2.15,D,0
29.54867,74.49195,332.76,0.4,0.44,2025-11-01,747,N,VIIRS,n,2,304.02,1.3,D,0
29.55968,74.35992,332.63,0.41,0.45,2025-11-01,747,N,VIIRS,n,2,303.49,3.06,D,0
29.59851,74.50936,331.11,0.4,0.44,2025-11-01,747,N,VIIRS,n,2,302.34,2.32,D,0
29.61822,71.62514,343.45,0.58,0.52,2025-11-01,747,N,VIIRS,n,2,303.05,8.83,D,0
29.61904,71.62685,346.49,0.58,0.52,2025-11-01,747,N,VIIRS,n,2,302.54,7.64,D,0
29.62027,71.61203,332.58,0.58,0.52,2025-11-01,747,N,VIIRS,n,2,301.31,3.05,D,0
29.62116,71.61368,332.9,0.58,0.52,2025-11-01,747,N,VIIRS,n,2,301.14,3.5,D,0
29.63388,71.5387,340.91,0.58,0.52,2025-11-01,747,N,VIIRS,n,2,303.65,4.26,D,0
29.64512,70.47301,334.14,0.34,0.56,2025-11-01,747,N,VIIRS,n,2,304.38,1.56,D,0
29.6573,71.62004,331.95,0.58,0.52,2025-11-01,747,N,VIIRS,n,2,302.84,3.59,D,0
29.69988,74.70217,331.31,0.39,0.44,2025-11-01,747,N,VIIRS,n,2,306.23,1.49,D,0
29.73537,74.60511,336.17,0.39,0.44,2025-11-01,747,N,VIIRS,n,2,303.79,4.39,D,0
29.73617,74.60911,340.07,0.39,0.44,2025-11-01,747,N,VIIRS,n,2,303.31,7.26,D,0
29.739,75.32335,343.02,0.54,0.42,2025-11-01,747,N,VIIRS,n,2,303.41,8.93,D,0
29.73955,75.32099,345.05,0.54,0.42,2025-11-01,747,N,VIIRS,n,2,304.69,17.59,D,0
29.74226,74.42912,334.21,0.4,0.44,2025-11-01,747,N,VIIRS,n,2,302.2,3.1,D,0
29.74283,75.32237,347.37,0.54,0.42,2025-11-01,747,N,VIIRS,n,2,302.13,8.93,D,0
29.7656,75.37201,331.98,0.53,0.42,2025-11-01,747,N,VIIRS,l,2,302.89,3.08,D,0
29.7671,74.36217,335.44,0.4,0.44,2025-11-01,747,N,VIIRS,n,2,304.04,2.03,D,0
29.80212,75.37428,335.47,0.53,0.42,2025-11-01,747,N,VIIRS,n,2,302.51,6.99,D,0
29.842,75.47815,335.04,0.53,0.42,2025-11-01,747,N,VIIRS,n,2,303.37,6.93,D,0
29.85029,74.76534,331.95,0.57,0.43,2025-11-01,747,N,VIIRS,n,2,305.25,2.98,D,0
29.851,72.78706,334.3,0.49,0.49,2025-11-01,747,N,VIIRS,n,2,302.47,3.34,D,0
29.8518,74.76302,331.1,0.57,0.43,2025-11-01,747,N,VIIRS,n,2,303.95,3.8,D,0
29.86585,74.39282,342.38,0.4,0.44,2025-11-01,747,N,VIIRS,n,2,307.68,6.17,D,0
29.86906,74.38767,342.77,0.4,0.44,2025-11-01,747,N,VIIRS,n,2,304.94,3.23,D,0
29.88351,72.94063,331.05,0.48,0.48,2025-11-01,747,N,VIIRS,l,2,302.52,4.87,D,0
29.90727,74.41328,330.98,0.4,0.44,2025-11-01,747,N,VIIRS,n,2,301.57,1.92,D,0
29.91887,74.93449,330.89,0.56,0.43,2025-11-01,747,N,VIIRS,n,2,301.96,1.83,D,0
29.92704,74.61825,343.12,0.39,0.44,2025-11-01,747,N,VIIRS,n,2,302.54,4.06,D,0
29.92789,74.61903,342.79,0.39,0.44,2025-11-01,747,N,VIIRS,n,2,301.54,3.7,D,0
29.93402,74.50409,333.2,0.39,0.44,2025-11-01,747,N,VIIRS,n,2,303.13,2.14,D,0
29.96314,73.10011,347.44,0.47,0.48,2025-11-01,747,N,VIIRS,n,2,305.42,8.97,D,0
29.96532,71.43682,334.16,0.58,0.52,2025-11-01,747,N,VIIRS,n,2,302.29,7.9,D,0
29.97529,73.0714,341.97,0.47,0.48,2025-11-01,747,N,VIIRS,n,2,302.11,3.72,D,0
29.97559,73.13708,334.6,0.46,0.47,2025-11-01,747,N,VIIRS,n,2,303.12,2.95,D,0
29.99076,73.1228,334.15,0.47,0.47,2025-11-01,747,N,VIIRS,n,2,303.13,3.76,D,0
29.99678,72.64009,337.42,0.5,0.49,2025-11-01,747,N,VIIRS,n,2,302.32,4.21,D,0
30.01675,75.10428,304.5,0.55,0.42,2025-11-01,747,N,VIIRS,l,2,307.94,31.03,D,0
30.01786,75.10987,337.93,0.55,0.42,2025-11-01,747,N,VIIRS,n,2,312.82,44.6,D,0
30.02215,75.00829,334.09,0.55,0.43,2025-11-01,747,N,VIIRS,n,2,302.98,4.03,D,0
30.02296,71.95767,341.69,0.54,0.51,2025-11-01,747,N,VIIRS,n,2,303.75,5.86,D,0
30.02613,71.95929,341.35,0.54,0.51,2025-11-01,747,N,VIIRS,n,2,303.74,5.33,D,0
30.04136,74.87743,330.18,0.56,0.43,2025-11-01,747,N,VIIRS,n,2,301.74,3.45,D,0
30.05985,74.45864,334.33,0.39,0.44,2025-11-01,747,N,VIIRS,n,2,301.15,1.77,D,0
30.1105,74.94162,331.41,0.55,0.43,2025-11-01,747,N,VIIRS,n,2,302.3,3.07,D,0
30.14301,72.80827,330.17,0.48,0.48,2025-11-01,747,N,VIIRS,n,2,301.9,3.23,D,0
30.14593,74.87243,333.68,0.56,0.43,2025-11-01,747,N,VIIRS,n,2,302.46,2.11,D,0
30.16793,73.40252,343.15,0.45,0.47,2025-11-01,747,N,VIIRS,n,2,303.5,10.93,D,0
30.17938,73.7097,336.2,0.43,0.46,2025-11-01,747,N,VIIRS,n,2,301.28,3.36,D,0
30.17959,73.71177,334.12,0.43,0.46,2025-11-01,747,N,VIIRS,n,2,300.86,2.14,D,0
30.19612,74.59481,336.21,0.38,0.43,2025-11-01,747,N,VIIRS,n,2,303.1,2.26,D,0
30.19624,74.6372,332.22,0.57,0.43,2025-11-01,747,N,VIIRS,n,2,301.48,5.08,D,0
30.1968,73.1458,341.73,0.46,0.47,2025-11-01,747,N,VIIRS,n,2,304.76,3.66,D,0
30.19772,75.44685,334.07,0.52,0.42,2025-11-01,747,N,VIIRS,n,2,302.45,2.96,D,0
30.19853,75.44347,333.07,0.52,0.42,2025-11-01,747,N,VIIRS,n,2,301.41,3.38,D,0
30.20435,75.23453,346.6,0.53,0.42,2025-11-01,747,N,VIIRS,n,2,303.06,7.27,D,0
30.21292,74.42311,333.28,0.39,0.44,2025-11-01,747,N,VIIRS,n,2,301.66,1.56,D,0
30.21299,74.42686,335.79,0.39,0.44,2025-11-01,747,N,VIIRS,n,2,302.5,2.68,D,0
30.22162,73.32629,339.45,0.45,0.47,2025-11-01,747,N,VIIRS,n,2,303.13,7.17,D,0
30.23661,70.63218,340.16,0.32,0.54,2025-11-01,747,N,VIIRS,n,2,300.74,3.44,D,0
30.23736,70.63544,345.98,0.32,0.54,2025-11-01,747,N,VIIRS,n,2,302.87,5.43,D,0
30.24114,74.14423,342.67,0.4,0.45,2025-11-01,747,N,VIIRS,n,2,303.38,5.53,D,0
30.24244,73.63416,350.79,0.43,0.46,2025-11-01,747,N,VIIRS,n,2,305.53,11.12,D,0
30.25671,72.52298,334.17,0.5,0.49,2025-11-01,747,N,VIIRS,n,2,301.98,3.15,D,0
30.26467,73.27534,330.3,0.45,0.47,2025-11-01,747,N,VIIRS,n,2,302.77,2.45,D,0
30.276,70.62024,333.81,0.32,0.54,2025-11-01,747,N,VIIRS,n,2,302.49,2.02,D,0
30.27609,70.62214,335.96,0.32,0.54,2025-11-01,747,N,VIIRS,n,2,303.16,2.13,D,0
30.30073,70.63731,334.63,0.64,0.54,2025-11-01,747,N,VIIRS,n,2,301.42,3.24,D,0
30.32043,73.37178,335.18,0.44,0.46,2025-11-01,747,N,VIIRS,n,2,302.94,2.78,D,0
30.32693,73.53242,330.31,0.43,0.46,2025-11-01,747,N,VIIRS,n,2,302.05,2.89,D,0
30.32731,74.86921,333.47,0.55,0.43,2025-11-01,747,N,VIIRS,n,2,303.32,7.34,D,0
30.32895,74.54365,330.31,0.38,0.43,2025-11-01,747,N,VIIRS,l,2,301.34,5,D,0
30.42305,73.63843,342.33,0.43,0.46,2025-11-01,747,N,VIIRS,n,2,304.96,7.12,D,0
30.42941,73.66914,338.56,0.43,0.46,2025-11-01,747,N,VIIRS,n,2,304.14,5.5,D,0
30.45357,75.20627,330.31,0.53,0.42,2025-11-01,747,N,VIIRS,n,2,302.39,3.1,D,0
30.46586,74.4043,332.88,0.39,0.44,2025-11-01,747,N,VIIRS,n,2,302.62,2.61,D,0
30.47109,72.01656,334.05,0.52,0.5,2025-11-01,747,N,VIIRS,n,2,301.09,2.84,D,0
30.47438,71.92316,330.5,0.53,0.5,2025-11-01,747,N,VIIRS,l,2,300.72,8.83,D,0
30.48228,73.96767,340.5,0.41,0.45,2025-11-01,747,N,VIIRS,n,2,302.06,3.37,D,0
30.48649,73.84107,337.26,0.42,0.45,2025-11-01,747,N,VIIRS,n,2,303.39,3.2,D,0
30.49882,73.77421,340.76,0.42,0.45,2025-11-01,747,N,VIIRS,n,2,303.69,6.12,D,0
30.52139,71.77177,347.77,0.54,0.51,2025-11-01,747,N,VIIRS,n,2,302.58,9.37,D,0
30.52258,71.94395,337.12,0.53,0.5,2025-11-01,747,N,VIIRS,n,2,301.89,3.89,D,0
30.52401,71.77351,343.11,0.54,0.51,2025-11-01,747,N,VIIRS,n,2,301.51,9.39,D,0
30.52486,71.84408,334.73,0.54,0.51,2025-11-01,747,N,VIIRS,n,2,301.9,3.51,D,0
30.5389,74.26627,334.39,0.39,0.44,2025-11-01,747,N,VIIRS,n,2,302.47,2.63,D,0
30.54129,73.80446,343,0.42,0.45,2025-11-01,747,N,VIIRS,n,2,303.23,4.34,D,0
30.54193,75.18208,332.74,0.53,0.42,2025-11-01,747,N,VIIRS,n,2,301.44,1.73,D,0
30.54632,72.05196,340.75,0.52,0.5,2025-11-01,747,N,VIIRS,n,2,301.52,6.13,D,0
30.5522,71.82178,331.49,0.54,0.51,2025-11-01,747,N,VIIRS,n,2,301.42,4.86,D,0
30.55741,74.29545,348.48,0.39,0.44,2025-11-01,747,N,VIIRS,n,2,303.13,6.64,D,0
30.55788,73.75909,333.55,0.42,0.45,2025-11-01,747,N,VIIRS,n,2,303.11,3.22,D,0
30.55822,74.29949,339.86,0.39,0.44,2025-11-01,747,N,VIIRS,n,2,302.01,6.64,D,0
30.60795,74.89428,338.31,0.55,0.42,2025-11-01,747,N,VIIRS,n,2,302.75,5.99,D,0
30.61918,73.8689,354.26,0.41,0.45,2025-11-01,747,N,VIIRS,n,2,307,12.26,D,0
30.62325,73.8678,342.41,0.41,0.45,2025-11-01,747,N,VIIRS,n,2,302.43,4.53,D,0
30.6237,72.27637,333.14,0.5,0.49,2025-11-01,747,N,VIIRS,n,2,301.52,2,D,0
30.65822,75.09217,333.37,0.53,0.42,2025-11-01,747,N,VIIRS,n,2,300.61,3.78,D,0
30.66378,73.88876,346.48,0.41,0.45,2025-11-01,747,N,VIIRS,n,2,305.53,8.52,D,0
30.66846,74.02854,330.26,0.4,0.44,2025-11-01,747,N,VIIRS,n,2,301.9,1.99,D,0
30.67229,75.43473,339.82,0.51,0.41,2025-11-01,747,N,VIIRS,n,2,303.06,7.72,D,0
30.68324,73.87904,340.39,0.41,0.45,2025-11-01,747,N,VIIRS,n,2,304.59,5.77,D,0
30.69398,74.03529,331.53,0.4,0.44,2025-11-01,747,N,VIIRS,n,2,303.04,2.32,D,0
30.72874,74.72677,333.39,0.55,0.43,2025-11-01,747,N,VIIRS,l,2,303.49,6.45,D,0
30.7482,71.73696,333.07,0.54,0.51,2025-11-01,747,N,VIIRS,n,2,303.08,2.83,D,0
30.76688,71.75503,340.09,0.54,0.5,2025-11-01,747,N,VIIRS,n,2,302.78,3.76,D,0
30.77883,73.68339,335.87,0.42,0.45,2025-11-01,747,N,VIIRS,n,2,303.14,4.62,D,0
30.78191,73.84518,330.04,0.41,0.45,2025-11-01,747,N,VIIRS,n,2,301.81,2.21,D,0
30.78293,73.68227,338.32,0.42,0.45,2025-11-01,747,N,VIIRS,n,2,301.86,4.62,D,0
30.78382,73.68659,342.79,0.42,0.45,2025-11-01,747,N,VIIRS,n,2,302.78,4.62,D,0
30.79974,71.72768,341.73,0.54,0.51,2025-11-01,747,N,VIIRS,n,2,304.83,7,D,0
30.81717,73.31899,333.94,0.44,0.46,2025-11-01,747,N,VIIRS,n,2,301.8,2.63,D,0
30.83095,75.32769,334.87,0.52,0.41,2025-11-01,747,N,VIIRS,n,2,301.66,3.67,D,0
30.83231,75.32976,335.86,0.52,0.41,2025-11-01,747,N,VIIRS,n,2,302.46,3.75,D,0
30.84396,74.52983,348.71,0.57,0.43,2025-11-01,747,N,VIIRS,n,2,305.61,13.87,D,0
30.85881,74.97739,333.74,0.54,0.42,2025-11-01,747,N,VIIRS,n,2,304.64,4.02,D,0
30.8613,71.91895,342.38,0.52,0.5,2025-11-01,747,N,VIIRS,n,2,302.49,5.88,D,0
30.86205,71.87843,335.99,0.52,0.5,2025-11-01,747,N,VIIRS,n,2,302.47,4.81,D,0
30.86483,75.38049,342.07,0.51,0.41,2025-11-01,747,N,VIIRS,n,2,302.19,6.56,D,0
30.86582,71.91762,335.45,0.52,0.5,2025-11-01,747,N,VIIRS,n,2,300.64,5.88,D,0
30.89012,71.90195,334.96,0.52,0.5,2025-11-01,747,N,VIIRS,n,2,301.99,3.67,D,0
30.89174,71.90423,342.81,0.52,0.5,2025-11-01,747,N,VIIRS,n,2,302.06,6.48,D,0
30.90669,71.86834,345.87,0.52,0.5,2025-11-01,747,N,VIIRS,n,2,303.48,7.47,D,0
30.90757,72.10913,335.59,0.51,0.49,2025-11-01,747,N,VIIRS,n,2,301.04,5.43,D,0
30.91511,71.9061,336.59,0.52,0.5,2025-11-01,747,N,VIIRS,n,2,303.3,3.29,D,0
30.91603,74.21439,330.46,0.39,0.44,2025-11-01,747,N,VIIRS,l,2,303.39,12.33,D,0
30.91683,74.21843,340.17,0.39,0.44,2025-11-01,747,N,VIIRS,n,2,301.11,12.8,D,0
30.92351,74.89373,332.4,0.54,0.42,2025-11-01,747,N,VIIRS,n,2,300.95,3.56,D,0
30.92354,72.22633,343.82,0.5,0.49,2025-11-01,747,N,VIIRS,n,2,303.2,4.79,D,0
30.92821,73.92128,332.57,0.4,0.44,2025-11-01,747,N,VIIRS,n,2,302.2,3.73,D,0
30.93226,73.92019,340.38,0.4,0.44,2025-11-01,747,N,VIIRS,n,2,301.77,3.73,D,0
30.93793,72.20562,340.43,0.5,0.49,2025-11-01,747,N,VIIRS,n,2,302.01,7.51,D,0
30.93929,75.20139,333.07,0.52,0.42,2025-11-01,747,N,VIIRS,n,2,301.12,3.58,D,0
30.94768,73.56541,332.75,0.42,0.45,2025-11-01,747,N,VIIRS,n,2,301.18,2.03,D,0
30.96499,75.43247,333.6,0.51,0.41,2025-11-01,747,N,VIIRS,n,2,302.78,3.15,D,0
30.96862,75.43441,343.18,0.51,0.41,2025-11-01,747,N,VIIRS,n,2,300.98,7.82,D,0
30.98052,75.41479,330.73,0.51,0.41,2025-11-01,747,N,VIIRS,n,2,301.22,2.42,D,0
30.98714,72.21034,337.04,0.5,0.49,2025-11-01,747,N,VIIRS,n,2,304.4,13.23,D,0
30.98828,72.2155,341.72,0.5,0.49,2025-11-01,747,N,VIIRS,n,2,304.69,17.09,D,0
30.99713,72.21291,333.58,0.5,0.49,2025-11-01,747,N,VIIRS,n,2,302.57,4.73,D,0
31.02921,72.1871,334.29,0.5,0.49,2025-11-01,747,N,VIIRS,n,2,301.92,2.47,D,0
31.03149,72.21935,331.59,0.5,0.49,2025-11-01,747,N,VIIRS,l,2,303.18,3.51,D,0
31.03703,72.22321,350.02,0.5,0.49,2025-11-01,747,N,VIIRS,n,2,303.49,9.98,D,0
31.04254,72.20517,331.23,0.5,0.49,2025-11-01,747,N,VIIRS,n,2,302.09,4.15,D,0
31.04575,74.64975,337.4,0.55,0.43,2025-11-01,747,N,VIIRS,n,2,302.04,8.95,D,0
31.04697,72.20387,341.64,0.5,0.49,2025-11-01,747,N,VIIRS,n,2,303.26,4.15,D,0
31.05693,72.20645,342.46,0.5,0.49,2025-11-01,747,N,VIIRS,n,2,304.34,10.71,D,0
31.05936,72.20853,341.34,0.5,0.49,2025-11-01,747,N,VIIRS,n,2,303.7,7.78,D,0
31.07464,75.00459,342.06,0.53,0.42,2025-11-01,747,N,VIIRS,n,2,302.89,4.74,D,0
31.08272,72.22904,342.08,0.5,0.49,2025-11-01,747,N,VIIRS,n,2,304.72,6.57,D,0
31.08714,72.22777,342.37,0.5,0.49,2025-11-01,747,N,VIIRS,n,2,302.32,6.57,D,0
31.09692,72.18664,339.14,0.5,0.49,2025-11-01,747,N,VIIRS,n,2,302.74,4.36,D,0
31.10319,74.56799,333.41,0.56,0.43,2025-11-01,747,N,VIIRS,n,2,302.85,3.73,D,0
31.113,73.36925,330.36,0.43,0.46,2025-11-01,747,N,VIIRS,l,2,302.09,1.4,D,0
31.11345,73.67109,345.06,0.41,0.45,2025-11-01,747,N,VIIRS,n,2,301.86,5.77,D,0
31.11841,73.67426,341.57,0.41,0.45,2025-11-01,747,N,VIIRS,n,2,302.08,8.6,D,0
31.12656,74.56585,346.97,0.56,0.43,2025-11-01,747,N,VIIRS,n,2,304.37,11.67,D,0
31.12766,74.56759,344.44,0.56,0.43,2025-11-01,747,N,VIIRS,n,2,303.6,12.02,D,0
31.15346,73.47917,336.96,0.42,0.45,2025-11-01,747,N,VIIRS,n,2,302.33,2.06,D,0
31.15637,74.75591,332.66,0.54,0.42,2025-11-01,747,N,VIIRS,n,2,302.13,3.66,D,0
31.15637,74.75809,336.53,0.54,0.42,2025-11-01,747,N,VIIRS,n,2,301.44,7.68,D,0
31.16191,74.93289,342.02,0.53,0.42,2025-11-01,747,N,VIIRS,n,2,303,9.91,D,0
31.16704,74.54294,340.65,0.56,0.43,2025-11-01,747,N,VIIRS,n,2,300.9,7.05,D,0
31.16811,75.10964,333.4,0.52,0.42,2025-11-01,747,N,VIIRS,n,2,301.82,2.45,D,0
31.17661,74.71493,337.63,0.55,0.42,2025-11-01,747,N,VIIRS,n,2,301.91,3.81,D,0
31.18748,72.27996,331.4,0.49,0.49,2025-11-01,747,N,VIIRS,n,2,301.89,3.12,D,0
31.18885,73.89541,330.9,0.4,0.44,2025-11-01,747,N,VIIRS,l,2,301.21,2.32,D,0
31.19324,74.75814,330.37,0.54,0.42,2025-11-01,747,N,VIIRS,n,2,303.76,1.69,D,0
31.19876,73.57233,332.7,0.42,0.45,2025-11-01,747,N,VIIRS,n,2,301.22,2.02,D,0
31.22447,75.13476,331.26,0.52,0.42,2025-11-01,747,N,VIIRS,n,2,300.96,4.67,D,0
31.2255,75.14016,333.91,0.52,0.42,2025-11-01,747,N,VIIRS,n,2,303.58,4.67,D,0
31.22763,75.13725,341.14,0.52,0.41,2025-11-01,747,N,VIIRS,n,2,302.17,9.85,D,0
31.23875,73.53003,330.02,0.42,0.45,2025-11-01,747,N,VIIRS,l,2,301.32,2.99,D,0
31.24172,73.52837,340.35,0.42,0.45,2025-11-01,747,N,VIIRS,n,2,302.04,5.25,D,0
31.25354,73.69301,355.01,0.41,0.45,2025-11-01,747,N,VIIRS,n,2,303.89,7.4,D,0
31.25908,73.67799,344.5,0.41,0.45,2025-11-01,747,N,VIIRS,n,2,304.18,3.66,D,0
31.25916,73.76299,338.78,0.41,0.45,2025-11-01,747,N,VIIRS,n,2,302.34,3.76,D,0
31.27135,74.89036,330.59,0.53,0.42,2025-11-01,747,N,VIIRS,l,2,301.31,6.76,D,0
31.27683,73.74474,339.95,0.41,0.45,2025-11-01,747,N,VIIRS,n,2,302.84,2.06,D,0
31.27713,74.33926,348.46,0.57,0.43,2025-11-01,747,N,VIIRS,n,2,305.73,22.55,D,0
31.27977,73.8017,334.38,0.4,0.44,2025-11-01,747,N,VIIRS,n,2,300.52,5.81,D,0
31.28062,73.80589,335,0.4,0.44,2025-11-01,747,N,VIIRS,n,2,300.86,5.81,D,0
31.29994,74.74544,332.82,0.54,0.42,2025-11-01,747,N,VIIRS,n,2,302.68,2.51,D,0
31.30617,75.13383,332.61,0.52,0.41,2025-11-01,747,N,VIIRS,n,2,300.72,2.99,D,0
31.31367,74.9175,338.6,0.53,0.42,2025-11-01,747,N,VIIRS,n,2,303.33,7.58,D,0
31.31934,73.83543,333.87,0.4,0.44,2025-11-01,747,N,VIIRS,n,2,302.01,1.72,D,0
31.31946,75.01647,332.44,0.53,0.42,2025-11-01,747,N,VIIRS,n,2,300.12,3.83,D,0
31.31959,73.85732,330.46,0.4,0.44,2025-11-01,747,N,VIIRS,n,2,302.87,12.68,D,0
31.32045,73.86147,333.47,0.4,0.44,2025-11-01,747,N,VIIRS,n,2,303.07,52.67,D,0
31.3205,75.02193,332.26,0.52,0.42,2025-11-01,747,N,VIIRS,n,2,300.45,5.31,D,0
31.32166,75.01915,338.59,0.52,0.42,2025-11-01,747,N,VIIRS,n,2,302.51,8.57,D,0
31.32262,73.70595,335.59,0.41,0.45,2025-11-01,747,N,VIIRS,n,2,302.77,4.08,D,0
31.32447,73.86036,367,0.4,0.44,2025-11-01,747,N,VIIRS,h,2,334.18,52.67,D,0
31.32532,73.86452,343.42,0.4,0.44,2025-11-01,747,N,VIIRS,n,2,303.07,52.67,D,0
31.32667,73.70483,343.87,0.41,0.45,2025-11-01,747,N,VIIRS,n,2,301.15,4.08,D,0
31.32847,74.80863,331.47,0.54,0.42,2025-11-01,747,N,VIIRS,n,2,301.59,2.9,D,0
31.32973,74.46584,332.14,0.56,0.43,2025-11-01,747,N,VIIRS,n,2,301.71,4.96,D,0
31.33697,73.90066,342.94,0.4,0.44,2025-11-01,747,N,VIIRS,n,2,303.4,7.31,D,0
31.34055,73.85596,331.6,0.4,0.44,2025-11-01,747,N,VIIRS,n,2,302.25,2.02,D,0
31.34081,73.73215,331.5,0.41,0.45,2025-11-01,747,N,VIIRS,n,2,303.2,3.34,D,0
31.35597,73.78567,353.79,0.4,0.44,2025-11-01,747,N,VIIRS,n,2,304.3,6.37,D,0
31.36561,74.97897,330.69,0.53,0.42,2025-11-01,747,N,VIIRS,l,2,302.16,5.71,D,0
31.37182,75.21553,333.38,0.51,0.41,2025-11-01,747,N,VIIRS,n,2,302.18,3.62,D,0
31.38391,74.79856,330.86,0.54,0.42,2025-11-01,747,N,VIIRS,n,2,300.23,1.43,D,0
31.38845,72.12817,334.8,0.5,0.49,2025-11-01,747,N,VIIRS,n,2,302.15,4.13,D,0
31.38959,72.12623,337.95,0.5,0.49,2025-11-01,747,N,VIIRS,n,2,303,4.1,D,0
31.39717,72.21265,337.07,0.49,0.49,2025-11-01,747,N,VIIRS,n,2,301.6,3.33,D,0
31.39739,75.22569,332.06,0.51,0.41,2025-11-01,747,N,VIIRS,n,2,301.11,3.34,D,0
31.39882,72.21046,330.92,0.49,0.49,2025-11-01,747,N,VIIRS,n,2,301.47,2.1,D,0
31.40147,74.88729,334.98,0.53,0.42,2025-11-01,747,N,VIIRS,n,2,302.99,6.2,D,0
31.40398,74.88796,343.31,0.53,0.42,2025-11-01,747,N,VIIRS,n,2,302.95,18.43,D,0
31.40415,72.17097,341.37,0.49,0.49,2025-11-01,747,N,VIIRS,n,2,302.99,10.02,D,0
31.40528,74.8863,334.98,0.53,0.42,2025-11-01,747,N,VIIRS,n,2,300.3,6.2,D,0
31.41122,73.85039,339.5,0.4,0.44,2025-11-01,747,N,VIIRS,n,2,307.07,10.17,D,0
31.41136,73.84966,343.71,0.4,0.44,2025-11-01,747,N,VIIRS,n,2,307.16,8.56,D,0
31.41219,73.85381,340.09,0.4,0.44,2025-11-01,747,N,VIIRS,n,2,303.97,12.91,D,0
31.41523,73.84929,356.67,0.4,0.44,2025-11-01,747,N,VIIRS,n,2,306.78,10.17,D,0
31.41537,73.84855,347,0.4,0.44,2025-11-01,747,N,VIIRS,n,2,306.39,8.56,D,0
31.42211,73.90345,340.17,0.4,0.44,2025-11-01,747,N,VIIRS,n,2,303.53,3.64,D,0
31.42229,73.90405,343.7,0.4,0.44,2025-11-01,747,N,VIIRS,n,2,303.51,3.43,D,0
31.42373,75.36303,335.93,0.5,0.41,2025-11-01,747,N,VIIRS,n,2,300.91,1.7,D,0
31.42591,74.90984,333.65,0.53,0.42,2025-11-01,747,N,VIIRS,n,2,302.64,2.92,D,0
31.42677,73.80224,351.89,0.4,0.44,2025-11-01,747,N,VIIRS,n,2,304.78,9.41,D,0
31.42763,73.8064,337.31,0.4,0.44,2025-11-01,747,N,VIIRS,n,2,304.35,4.63,D,0
31.42848,73.81056,335.76,0.4,0.44,2025-11-01,747,N,VIIRS,n,2,302.86,4.63,D,0
31.4325,73.80946,337.28,0.4,0.44,2025-11-01,747,N,VIIRS,n,2,302.88,4.63,D,0
31.43515,72.24834,336.74,0.49,0.48,2025-11-01,747,N,VIIRS,n,2,303.19,2.98,D,0
31.43524,75.17668,340.39,0.51,0.41,2025-11-01,747,N,VIIRS,n,2,300.59,5.14,D,0
31.43601,72.14532,337.46,0.49,0.49,2025-11-01,747,N,VIIRS,n,2,301.65,2.98,D,0
31.43643,75.40914,346.89,0.5,0.41,2025-11-01,747,N,VIIRS,n,2,302.04,6.63,D,0
31.4431,73.81973,340.54,0.4,0.44,2025-11-01,747,N,VIIRS,n,2,303.2,6.14,D,0
31.44852,75.18446,341.15,0.51,0.41,2025-11-01,747,N,VIIRS,n,2,302.93,11.2,D,0
31.44882,73.82692,352.45,0.4,0.44,2025-11-01,747,N,VIIRS,n,2,303.77,10.24,D,0
31.44883,73.90981,348,0.4,0.44,2025-11-01,747,N,VIIRS,n,2,305.92,11.31,D,0
31.46315,73.89719,340.68,0.4,0.44,2025-11-01,747,N,VIIRS,n,2,304.45,2.57,D,0
31.46383,73.79645,341.94,0.4,0.44,2025-11-01,747,N,VIIRS,n,2,303.66,6.65,D,0
31.46468,73.80061,341.32,0.4,0.44,2025-11-01,747,N,VIIRS,n,2,302.7,6.65,D,0
31.46797,72.29227,330.19,0.48,0.48,2025-11-01,747,N,VIIRS,n,2,302.07,3.7,D,0
31.47647,73.8587,331.12,0.4,0.44,2025-11-01,747,N,VIIRS,n,2,301.64,2,D,0
31.48776,72.14643,331.6,0.49,0.49,2025-11-01,747,N,VIIRS,l,2,302.27,4.32,D,0
31.48846,73.66539,337.4,0.41,0.45,2025-11-01,747,N,VIIRS,n,2,300.63,2.63,D,0
31.48884,72.17325,333.22,0.49,0.49,2025-11-01,747,N,VIIRS,n,2,302.86,5.09,D,0
31.48955,72.14297,367,0.49,0.49,2025-11-01,747,N,VIIRS,h,2,303.99,11.43,D,0
31.48976,75.44454,334.8,0.5,0.41,2025-11-01,747,N,VIIRS,n,2,303.6,4.8,D,0
31.49079,72.16972,346.08,0.49,0.49,2025-11-01,747,N,VIIRS,n,2,303.92,7.26,D,0
31.49081,73.66529,337.69,0.41,0.45,2025-11-01,747,N,VIIRS,n,2,300.97,2.67,D,0
31.49105,72.14001,334.68,0.49,0.49,2025-11-01,747,N,VIIRS,n,2,301.82,6.09,D,0
31.49216,72.14513,330.04,0.49,0.49,2025-11-01,747,N,VIIRS,l,2,301.95,4.32,D,0
31.49346,75.4436,333.91,0.5,0.41,2025-11-01,747,N,VIIRS,n,2,301.15,3.67,D,0
31.4964,72.25185,343.16,0.49,0.48,2025-11-01,747,N,VIIRS,n,2,304.86,9.01,D,0
31.49813,75.44783,338.93,0.5,0.41,2025-11-01,747,N,VIIRS,n,2,302.59,8.15,D,0
31.51776,73.91692,342.61,0.39,0.44,2025-11-01,747,N,VIIRS,n,2,305,6.38,D,0
31.5188,73.9641,332.2,0.39,0.44,2025-11-01,747,N,VIIRS,n,2,303.5,2.37,D,0
31.52296,72.27315,341.57,0.48,0.48,2025-11-01,747,N,VIIRS,n,2,302.2,2.94,D,0
31.5247,72.27563,331.55,0.48,0.48,2025-11-01,747,N,VIIRS,n,2,301.19,2.4,D,0
31.52769,74.72877,332.74,0.54,0.42,2025-11-01,747,N,VIIRS,n,2,301.46,2.88,D,0
31.53165,72.24925,340.99,0.48,0.48,2025-11-01,747,N,VIIRS,n,2,302.73,3.06,D,0
31.53576,72.14025,331.11,0.49,0.49,2025-11-01,747,N,VIIRS,n,2,302.44,3.27,D,0
31.53728,73.89015,343.49,0.39,0.44,2025-11-01,747,N,VIIRS,n,2,302.39,3.78,D,0
31.53827,74.06143,336.07,0.39,0.44,2025-11-01,747,N,VIIRS,n,2,303.64,3.26,D,0
31.54078,73.51164,334.68,0.41,0.45,2025-11-01,747,N,VIIRS,n,2,301,2.68,D,0
31.54154,72.29436,342.74,0.48,0.48,2025-11-01,747,N,VIIRS,n,2,304.29,8.19,D,0
31.54224,74.06035,333.66,0.39,0.44,2025-11-01,747,N,VIIRS,n,2,302.22,3.26,D,0
31.54275,73.87564,340.71,0.4,0.44,2025-11-01,747,N,VIIRS,n,2,302.74,7.2,D,0
31.5438,73.90136,338.9,0.39,0.44,2025-11-01,747,N,VIIRS,n,2,301.6,2.91,D,0
31.54473,73.76131,367,0.4,0.44,2025-11-01,747,N,VIIRS,h,2,304.43,5.49,D,0
31.54592,72.37768,346.64,0.48,0.48,2025-11-01,747,N,VIIRS,n,2,305.86,12.71,D,0
31.54593,72.37547,331.87,0.48,0.48,2025-11-01,747,N,VIIRS,l,2,302.37,8.72,D,0
31.54698,72.38043,341.23,0.48,0.48,2025-11-01,747,N,VIIRS,n,2,305.86,8.72,D,0
31.54876,73.7602,332.29,0.4,0.44,2025-11-01,747,N,VIIRS,n,2,302.12,5.49,D,0
31.54961,73.76437,339.3,0.4,0.44,2025-11-01,747,N,VIIRS,n,2,300.96,5.35,D,0
31.54988,73.9515,331.71,0.39,0.44,2025-11-01,747,N,VIIRS,n,2,304.24,2.55,D,0
31.5501,72.16312,331.09,0.49,0.49,2025-11-01,747,N,VIIRS,l,2,301.72,4.62,D,0
31.55025,72.37641,344.23,0.48,0.48,2025-11-01,747,N,VIIRS,n,2,300.77,12.71,D,0
31.55095,73.89508,342.19,0.39,0.44,2025-11-01,747,N,VIIRS,n,2,305.7,6.15,D,0
31.55132,72.37916,336.99,0.48,0.48,2025-11-01,747,N,VIIRS,n,2,300.87,8.72,D,0
31.55179,73.89918,333.63,0.39,0.44,2025-11-01,747,N,VIIRS,n,2,301.76,6.15,D,0
31.55673,72.19357,339.83,0.49,0.48,2025-11-01,747,N,VIIRS,n,2,302,5.16,D,0
31.55726,73.88467,334.79,0.39,0.44,2025-11-01,747,N,VIIRS,n,2,301.63,4.6,D,0
31.56108,72.17068,343.16,0.49,0.48,2025-11-01,747,N,VIIRS,n,2,302.21,5.57,D,0
31.57062,73.95013,337.13,0.39,0.44,2025-11-01,747,N,VIIRS,n,2,302.56,2.92,D,0
31.57618,73.60127,335.39,0.41,0.45,2025-11-01,747,N,VIIRS,n,2,301.58,2.81,D,0
31.57622,73.85338,337.22,0.4,0.44,2025-11-01,747,N,VIIRS,n,2,302.07,3.55,D,0
31.578,75.49609,334.69,0.49,0.41,2025-11-01,747,N,VIIRS,n,2,301.57,3.07,D,0
31.58168,75.49515,336.69,0.49,0.41,2025-11-01,747,N,VIIRS,n,2,301.8,4.49,D,0
31.58773,73.8893,339.95,0.39,0.44,2025-11-01,747,N,VIIRS,n,2,301.48,3.84,D,0
31.58886,75.47167,339.84,0.5,0.41,2025-11-01,747,N,VIIRS,n,2,301.1,4.01,D,0
31.59172,73.8882,348.63,0.39,0.44,2025-11-01,747,N,VIIRS,n,2,304.76,3.84,D,0
31.59575,72.37366,348.69,0.48,0.48,2025-11-01,747,N,VIIRS,n,2,301.77,5.83,D,0
31.59613,72.20351,340.04,0.49,0.48,2025-11-01,747,N,VIIRS,n,2,301.85,4.92,D,0
31.6003,73.55937,333.84,0.41,0.45,2025-11-01,747,N,VIIRS,n,2,303.39,2.98,D,0
31.62939,73.65884,352.93,0.4,0.45,2025-11-01,747,N,VIIRS,n,2,304.24,6.43,D,0
31.63897,72.38201,337.78,0.47,0.48,2025-11-01,747,N,VIIRS,n,2,303.2,3.63,D,0
31.65194,73.58101,342.31,0.41,0.45,2025-11-01,747,N,VIIRS,n,2,302.38,3.94,D,0
31.65772,73.58839,330.62,0.41,0.45,2025-11-01,747,N,VIIRS,l,2,301.2,3.78,D,0
31.69441,73.60055,334.94,0.41,0.45,2025-11-01,747,N,VIIRS,n,2,303.72,3.91,D,0
31.69619,73.59727,337.23,0.41,0.45,2025-11-01,747,N,VIIRS,n,2,302.8,2.41,D,0
31.71137,72.25181,330.63,0.48,0.48,2025-11-01,747,N,VIIRS,l,2,301.97,2.45,D,0
31.72257,72.60174,342.82,0.46,0.47,2025-11-01,747,N,VIIRS,n,2,302.83,7.62,D,0
31.7236,72.60651,332.95,0.46,0.47,2025-11-01,747,N,VIIRS,n,2,300.29,6.04,D,0
31.7441,73.72595,340.93,0.4,0.44,2025-11-01,747,N,VIIRS,n,2,303.47,3.47,D,0
31.75074,74.81112,333.2,0.53,0.42,2025-11-01,747,N,VIIRS,n,2,301.36,5.73,D,0
31.7592,73.41318,330.89,0.41,0.45,2025-11-01,747,N,VIIRS,n,2,300.74,1.82,D,0
31.76931,72.60847,351.22,0.46,0.47,2025-11-01,747,N,VIIRS,n,2,302.08,6.78,D,0
31.77131,74.09014,339.17,0.57,0.43,2025-11-01,747,N,VIIRS,n,2,303.04,6.33,D,0
31.80268,73.41466,356.2,0.41,0.45,2025-11-01,747,N,VIIRS,n,2,305.41,13.02,D,0
31.80485,74.00293,340.7,0.39,0.44,2025-11-01,747,N,VIIRS,n,2,304.01,2.71,D,0
31.80661,73.26614,346.73,0.42,0.45,2025-11-01,747,N,VIIRS,n,2,301.84,5.53,D,0
31.80986,73.55288,341.46,0.41,0.45,2025-11-01,747,N,VIIRS,n,2,302.69,8.12,D,0
31.81281,74.86401,333.42,0.52,0.42,2025-11-01,747,N,VIIRS,n,2,301.23,5.48,D,0
31.82014,73.33176,330.5,0.42,0.45,2025-11-01,747,N,VIIRS,l,2,302.84,1.71,D,0
31.82471,74.01868,347.41,0.38,0.44,2025-11-01,747,N,VIIRS,n,2,302.27,5.35,D,0
31.8278,73.21893,334.24,0.42,0.45,2025-11-01,747,N,VIIRS,n,2,301.41,3.09,D,0
31.82997,73.37954,347.2,0.41,0.45,2025-11-01,747,N,VIIRS,n,2,304.11,5.95,D,0
31.83136,73.21709,334.1,0.42,0.45,2025-11-01,747,N,VIIRS,n,2,300.8,3.3,D,0
31.83538,74.9611,331.09,0.52,0.41,2025-11-01,747,N,VIIRS,n,2,301.82,2.87,D,0
31.83813,73.37723,340.9,0.41,0.45,2025-11-01,747,N,VIIRS,n,2,300.83,3.46,D,0
31.83883,73.31728,332.36,0.42,0.45,2025-11-01,747,N,VIIRS,n,2,301.38,5.11,D,0
31.84045,74.62688,330.98,0.54,0.42,2025-11-01,747,N,VIIRS,n,2,301.79,2.93,D,0
31.84487,73.28316,338.98,0.42,0.45,2025-11-01,747,N,VIIRS,n,2,308.28,15.59,D,0
31.84509,73.51606,333.54,0.41,0.45,2025-11-01,747,N,VIIRS,n,2,302.03,2.76,D,0
31.84576,73.28754,344.2,0.42,0.45,2025-11-01,747,N,VIIRS,n,2,310.98,40.06,D,0
31.84582,73.28364,346.81,0.42,0.45,2025-11-01,747,N,VIIRS,n,2,312.38,39.47,D,0
31.84596,73.52031,331.59,0.41,0.45,2025-11-01,747,N,VIIRS,l,2,302.44,2.76,D,0
31.84674,73.288,341.74,0.42,0.45,2025-11-01,747,N,VIIRS,n,2,303.82,22.43,D,0
31.84706,74.7016,335.25,0.53,0.42,2025-11-01,747,N,VIIRS,n,2,301.64,4.52,D,0
31.84897,73.282,344.68,0.42,0.45,2025-11-01,747,N,VIIRS,n,2,303.59,15.59,D,0
31.84897,73.95251,341.01,0.39,0.44,2025-11-01,747,N,VIIRS,n,2,302.92,3.76,D,0
31.8522,74.40094,345.6,0.55,0.43,2025-11-01,747,N,VIIRS,n,2,301.94,12.72,D,0
31.85319,74.40189,338.28,0.55,0.43,2025-11-01,747,N,VIIRS,n,2,302.33,11.37,D,0
31.85513,73.41814,330.33,0.41,0.45,2025-11-01,747,N,VIIRS,n,2,301.2,1.98,D,0
31.85776,73.97564,331.6,0.39,0.44,2025-11-01,747,N,VIIRS,l,2,302.33,2.89,D,0
31.86683,74.90472,332.44,0.52,0.42,2025-11-01,747,N,VIIRS,n,2,302.61,3.62,D,0
31.86738,73.47823,338.74,0.41,0.45,2025-11-01,747,N,VIIRS,n,2,301.71,4.07,D,0
31.86773,73.34657,331.64,0.42,0.45,2025-11-01,747,N,VIIRS,n,2,301.2,2.57,D,0
31.88186,74.09673,333.02,0.57,0.43,2025-11-01,747,N,VIIRS,l,2,303.12,4.65,D,0
31.88302,73.88786,341.29,0.39,0.44,2025-11-01,747,N,VIIRS,n,2,303.08,3.5,D,0
31.88304,74.10269,330.19,0.57,0.43,2025-11-01,747,N,VIIRS,n,2,301.76,4.65,D,0
31.88913,73.95885,330.76,0.39,0.44,2025-11-01,747,N,VIIRS,n,2,303.31,1.9,D,0
31.89257,73.79022,335.01,0.39,0.44,2025-11-01,747,N,VIIRS,n,2,303.37,3.15,D,0
31.89304,74.29845,331.19,0.56,0.43,2025-11-01,747,N,VIIRS,n,2,301.25,3.41,D,0
31.89441,73.82005,330.82,0.39,0.44,2025-11-01,747,N,VIIRS,n,2,302.77,1.61,D,0
31.89677,74.56297,332.86,0.54,0.42,2025-11-01,747,N,VIIRS,n,2,300.12,3.42,D,0
31.89701,73.74979,330.03,0.4,0.44,2025-11-01,747,N,VIIRS,l,2,301.31,1.48,D,0
31.89979,73.61694,339.7,0.4,0.44,2025-11-01,747,N,VIIRS,n,2,302.28,6.45,D,0
31.91628,73.86579,343.26,0.39,0.44,2025-11-01,747,N,VIIRS,n,2,304.72,3.52,D,0
31.91749,73.7047,332.26,0.4,0.44,2025-11-01,747,N,VIIRS,l,2,302.32,2.44,D,0
31.92103,73.24837,344.28,0.42,0.45,2025-11-01,747,N,VIIRS,n,2,307.24,8.79,D,0
31.9215,73.70358,337.68,0.4,0.44,2025-11-01,747,N,VIIRS,n,2,301.24,3.77,D,0
31.92193,73.25276,336.18,0.42,0.45,2025-11-01,747,N,VIIRS,n,2,300.84,8.79,D,0
31.92233,73.70773,331.27,0.4,0.44,2025-11-01,747,N,VIIRS,l,2,301.69,2.59,D,0
31.92501,74.68518,333.02,0.53,0.42,2025-11-01,747,N,VIIRS,n,2,301.63,4.74,D,0
31.92611,74.69073,330.38,0.53,0.42,2025-11-01,747,N,VIIRS,n,2,300.85,4.81,D,0
31.92857,73.92667,342.16,0.39,0.44,2025-11-01,747,N,VIIRS,n,2,305.08,4.9,D,0
31.93373,73.58118,345.92,0.4,0.44,2025-11-01,747,N,VIIRS,n,2,301.81,4.48,D,0
31.938,73.91125,345.08,0.39,0.44,2025-11-01,747,N,VIIRS,n,2,303.93,6.43,D,0
31.94154,73.24254,331.75,0.42,0.45,2025-11-01,747,N,VIIRS,l,2,303.55,5.81,D,0
31.94862,73.48746,348.88,0.41,0.45,2025-11-01,747,N,VIIRS,n,2,305.26,10.19,D,0
31.95219,74.78268,336.79,0.53,0.42,2025-11-01,747,N,VIIRS,n,2,302.47,5.02,D,0
31.95587,75.47666,336.28,0.49,0.4,2025-11-01,747,N,VIIRS,n,2,300.14,3.64,D,0
31.95672,73.83734,356.92,0.39,0.44,2025-11-01,747,N,VIIRS,n,2,306.36,11.91,D,0
31.95695,73.83743,348.99,0.39,0.44,2025-11-01,747,N,VIIRS,n,2,305.82,10.47,D,0
31.9631,74.6339,330.79,0.53,0.42,2025-11-01,747,N,VIIRS,n,2,300.71,5,D,0
31.9642,74.6395,334.36,0.53,0.42,2025-11-01,747,N,VIIRS,n,2,301.21,5,D,0
31.967,73.34602,345.85,0.41,0.45,2025-11-01,747,N,VIIRS,n,2,302.92,6.39,D,0
31.97284,73.89732,333.09,0.39,0.44,2025-11-01,747,N,VIIRS,n,2,302.33,2.05,D,0
31.97343,73.89725,333.67,0.39,0.44,2025-11-01,747,N,VIIRS,n,2,302.03,2.38,D,0
31.97436,73.46671,331.38,0.41,0.45,2025-11-01,747,N,VIIRS,n,2,301.17,2.07,D,0
31.98013,73.95501,341.6,0.38,0.44,2025-11-01,747,N,VIIRS,n,2,303.97,3.42,D,0
31.98023,73.95079,340.62,0.38,0.44,2025-11-01,747,N,VIIRS,n,2,304.01,5.16,D,0
31.98105,73.95481,340.59,0.38,0.44,2025-11-01,747,N,VIIRS,n,2,303.81,5.16,D,0
31.98328,73.94988,333.95,0.39,0.44,2025-11-01,747,N,VIIRS,n,2,302.07,3.42,D,0
31.98408,73.95391,331.87,0.38,0.44,2025-11-01,747,N,VIIRS,n,2,300.23,3.42,D,0
31.98526,73.56227,338.21,0.4,0.44,2025-11-01,747,N,VIIRS,n,2,301.51,2.65,D,0
31.98843,73.55692,332.67,0.4,0.44,2025-11-01,747,N,VIIRS,n,2,302.2,2.65,D,0
31.99246,73.55579,341.59,0.4,0.44,2025-11-01,747,N,VIIRS,n,2,302.23,5.98,D,0
32.00014,73.59367,330.27,0.4,0.44,2025-11-01,747,N,VIIRS,l,2,302.28,1.88,D,0
32.00457,73.72011,350.66,0.4,0.44,2025-11-01,747,N,VIIRS,n,2,303.04,7.64,D,0
32.00498,74.41196,336.98,0.55,0.42,2025-11-01,747,N,VIIRS,n,2,300.49,5.52,D,0
32.00733,73.5872,335.53,0.4,0.44,2025-11-01,747,N,VIIRS,n,2,302.79,4.25,D,0
32.02235,74.11676,331.34,0.57,0.43,2025-11-01,747,N,VIIRS,n,2,302.13,3,D,0
32.03505,73.85023,336.59,0.39,0.44,2025-11-01,747,N,VIIRS,n,2,302.18,3.29,D,0
32.03796,74.55843,337.87,0.54,0.42,2025-11-01,747,N,VIIRS,n,2,300.65,5.05,D,0
32.05009,74.09044,331.79,0.57,0.43,2025-11-01,747,N,VIIRS,n,2,301.06,2.56,D,0
32.06403,74.44409,332.62,0.54,0.42,2025-11-01,747,N,VIIRS,n,2,299.77,3.78,D,0
32.13221,74.44122,332.33,0.54,0.42,2025-11-01,747,N,VIIRS,n,2,301.59,3.54,D,0
32.13596,74.29526,331.99,0.55,0.43,2025-11-01,747,N,VIIRS,n,2,301.23,3.18,D,0
31.76005,72.30863,341.4,0.48,0.48,2025-11-01,748,N,VIIRS,n,2,302.97,7.36,D,0
31.86587,72.35408,339.39,0.47,0.48,2025-11-01,748,N,VIIRS,n,2,301.39,4.66,D,0
31.86677,72.35587,336.79,0.47,0.48,2025-11-01,748,N,VIIRS,n,2,300.86,3.75,D,0
31.87988,72.35518,342.91,0.47,0.48,2025-11-01,748,N,VIIRS,n,2,304.85,8.05,D,0
31.92099,72.88883,345.94,0.44,0.46,2025-11-01,748,N,VIIRS,n,2,302.64,4.97,D,0
31.92518,72.88763,335.64,0.44,0.46,2025-11-01,748,N,VIIRS,n,2,300.73,4.97,D,0
31.94315,73.24321,344.57,0.42,0.45,2025-11-01,748,N,VIIRS,n,2,304.41,6.25,D,0
31.96515,72.97269,336.6,0.43,0.46,2025-11-01,748,N,VIIRS,n,2,299.91,3.7,D,0
31.96899,70.90279,332.02,0.56,0.52,2025-11-01,748,N,VIIRS,n,2,299.21,4.49,D,0
31.96922,73.34643,340.99,0.41,0.45,2025-11-01,748,N,VIIRS,n,2,302.09,4.71,D,0
31.98282,73.32885,340.84,0.41,0.45,2025-11-01,748,N,VIIRS,n,2,302.74,5.69,D,0
31.98372,73.33318,341.83,0.41,0.45,2025-11-01,748,N,VIIRS,n,2,302.56,7.85,D,0
32.00722,73.3631,347.93,0.41,0.45,2025-11-01,748,N,VIIRS,n,2,305.1,11.41,D,0
32.0199,73.48627,353.74,0.41,0.45,2025-11-01,748,N,VIIRS,n,2,305.3,8.35,D,0
32.02552,73.43063,337.53,0.41,0.45,2025-11-01,748,N,VIIRS,n,2,302.19,5.03,D,0
32.02641,73.43491,338.54,0.41,0.45,2025-11-01,748,N,VIIRS,n,2,302.29,5.03,D,0
32.02775,70.91991,339.89,0.56,0.52,2025-11-01,748,N,VIIRS,n,2,300.36,7.06,D,0
32.02869,73.42519,333.11,0.41,0.45,2025-11-01,748,N,VIIRS,n,2,302.8,2.58,D,0
32.04261,73.32564,340.59,0.41,0.45,2025-11-01,748,N,VIIRS,n,2,302.36,4.38,D,0
32.04616,73.34293,330.57,0.41,0.45,2025-11-01,748,N,VIIRS,l,2,300.85,1.63,D,0
32.04668,73.32447,338.87,0.41,0.45,2025-11-01,748,N,VIIRS,n,2,303.76,9.17,D,0
32.04757,73.32881,339.75,0.41,0.45,2025-11-01,748,N,VIIRS,n,2,301.04,9.17,D,0
32.04985,73.42375,330.18,0.41,0.45,2025-11-01,748,N,VIIRS,n,2,301.87,1.46,D,0
32.0526,73.56194,335.22,0.4,0.44,2025-11-01,748,N,VIIRS,n,2,303.45,2.35,D,0
32.06279,73.36106,331.36,0.41,0.45,2025-11-01,748,N,VIIRS,l,2,302.24,1.88,D,0
32.06377,72.4427,331.36,0.46,0.47,2025-11-01,748,N,VIIRS,n,2,300.72,2.48,D,0
32.06686,73.3599,333.23,0.41,0.45,2025-11-01,748,N,VIIRS,n,2,299.84,1.88,D,0
32.06978,73.32427,334.6,0.41,0.45,2025-11-01,748,N,VIIRS,n,2,301.71,4.08,D,0
32.07203,73.32185,353.59,0.41,0.45,2025-11-01,748,N,VIIRS,n,2,303.06,6.11,D,0
32.07332,73.53834,355.42,0.4,0.44,2025-11-01,748,N,VIIRS,n,2,309.27,18.91,D,0
32.07386,73.32313,332.08,0.41,0.45,2025-11-01,748,N,VIIRS,n,2,300.2,4.08,D,0
32.07735,73.53721,367,0.4,0.44,2025-11-01,748,N,VIIRS,h,2,302.63,18.91,D,0
32.09509,73.36275,346.12,0.41,0.45,2025-11-01,748,N,VIIRS,n,2,308.59,18.82,D,0
32.09599,73.36703,330.79,0.41,0.45,2025-11-01,748,N,VIIRS,l,2,301.23,11.75,D,0
32.09834,73.53576,340.74,0.4,0.44,2025-11-01,748,N,VIIRS,n,2,303.61,2.43,D,0
32.10046,73.38847,330.07,0.41,0.45,2025-11-01,748,N,VIIRS,n,2,302.81,11.61,D,0
32.10135,73.39275,341.48,0.41,0.45,2025-11-01,748,N,VIIRS,n,2,304.91,16.45,D,0
32.1019,73.33347,333.77,0.41,0.45,2025-11-01,748,N,VIIRS,n,2,300.63,1.89,D,0
32.10266,73.64074,337.46,0.4,0.44,2025-11-01,748,N,VIIRS,n,2,304.15,3.52,D,0
32.11658,73.87518,343.31,0.39,0.44,2025-11-01,748,N,VIIRS,n,2,302.87,5.39,D,0
32.12159,73.79657,340.65,0.39,0.44,2025-11-01,748,N,VIIRS,n,2,303.08,3.66,D,0
32.12382,73.52121,330.22,0.4,0.44,2025-11-01,748,N,VIIRS,l,2,301.97,1.84,D,0
32.1271,73.57801,332.61,0.4,0.44,2025-11-01,748,N,VIIRS,n,2,301.35,1.34,D,0
32.12731,73.53803,339.45,0.4,0.44,2025-11-01,748,N,VIIRS,n,2,302.8,7.73,D,0
32.12818,73.54223,341.78,0.4,0.44,2025-11-01,748,N,VIIRS,n,2,303.8,7.73,D,0
32.13195,73.9305,337.21,0.38,0.43,2025-11-01,748,N,VIIRS,n,2,301.18,3.48,D,0
32.13868,73.86049,350.59,0.39,0.44,2025-11-01,748,N,VIIRS,n,2,305.43,5.5,D,0
32.14216,73.9192,332.96,0.38,0.43,2025-11-01,748,N,VIIRS,n,2,300.91,1.47,D,0
32.14225,73.79509,330.01,0.39,0.44,2025-11-01,748,N,VIIRS,n,2,302.84,2.73,D,0
32.14245,72.68651,337.73,0.45,0.47,2025-11-01,748,N,VIIRS,n,2,300.83,2.21,D,0
32.14264,73.8594,341.25,0.39,0.44,2025-11-01,748,N,VIIRS,n,2,301.74,5.5,D,0
32.14402,73.57768,331.69,0.4,0.44,2025-11-01,748,N,VIIRS,n,2,302.72,1.78,D,0
32.14564,72.46132,343.85,0.46,0.47,2025-11-01,748,N,VIIRS,n,2,300.68,5.35,D,0
32.14748,73.65592,346.75,0.4,0.44,2025-11-01,748,N,VIIRS,n,2,302.96,3.52,D,0
32.14834,73.66006,337.47,0.4,0.44,2025-11-01,748,N,VIIRS,n,2,302.38,3.52,D,0
32.16323,73.85795,343.31,0.39,0.44,2025-11-01,748,N,VIIRS,n,2,304.6,5.12,D,0
32.16348,73.65144,340.53,0.4,0.44,2025-11-01,748,N,VIIRS,n,2,302.88,20.76,D,0
32.16404,73.862,333.58,0.39,0.44,2025-11-01,748,N,VIIRS,n,2,302.11,5.12,D,0
32.1664,73.56256,332.3,0.4,0.44,2025-11-01,748,N,VIIRS,n,2,301.6,1.93,D,0
32.16719,73.85686,338.25,0.39,0.44,2025-11-01,748,N,VIIRS,n,2,303.58,5.12,D,0
32.16747,73.65033,343.42,0.4,0.44,2025-11-01,748,N,VIIRS,n,2,311.24,20.76,D,0
32.17434,73.7658,341.89,0.39,0.44,2025-11-01,748,N,VIIRS,n,2,304.89,6.09,D,0
32.20615,72.39943,340.49,0.46,0.47,2025-11-01,748,N,VIIRS,n,2,301.33,4.95,D,0
32.20894,72.39668,341.29,0.46,0.47,2025-11-01,748,N,VIIRS,n,2,302.78,5.18,D,0
32.22906,73.84934,347.43,0.39,0.44,2025-11-01,748,N,VIIRS,n,2,310.35,16.84,D,0
32.23245,73.88673,355.79,0.38,0.43,2025-11-01,748,N,VIIRS,n,2,302.9,8.87,D,0
32.23301,73.84824,331.53,0.39,0.44,2025-11-01,748,N,VIIRS,n,2,302.51,16.84,D,0
32.23393,73.74919,330.48,0.39,0.44,2025-11-01,748,N,VIIRS,n,2,299.95,5.54,D,0
32.23396,73.87354,337,0.38,0.44,2025-11-01,748,N,VIIRS,n,2,302.63,3.53,D,0
32.23558,73.8816,335.4,0.38,0.43,2025-11-01,748,N,VIIRS,n,2,302.3,4.22,D,0
32.25703,74.43519,346.8,0.54,0.42,2025-11-01,748,N,VIIRS,n,2,301.15,8.15,D,0
32.26956,73.65287,334.09,0.39,0.44,2025-11-01,748,N,VIIRS,n,2,301.83,1.64,D,0
32.27465,73.6776,338.21,0.39,0.44,2025-11-01,748,N,VIIRS,n,2,303.35,3.98,D,0
32.27863,73.67648,340.47,0.39,0.44,2025-11-01,748,N,VIIRS,n,2,300.68,3.83,D,0
32.27904,73.89076,338.92,0.38,0.43,2025-11-01,748,N,VIIRS,n,2,304.18,8.26,D,0
32.27985,73.89479,340.71,0.38,0.43,2025-11-01,748,N,VIIRS,n,2,303.28,16.88,D,0
32.2932,73.87832,351.26,0.38,0.43,2025-11-01,748,N,VIIRS,n,2,303.41,4.89,D,0
32.3041,73.33231,333.26,0.41,0.45,2025-11-01,748,N,VIIRS,n,2,300.42,3.14,D,0
32.31623,72.55431,334.16,0.45,0.47,2025-11-01,748,N,VIIRS,n,2,302.24,3.37,D,0
32.33968,73.95547,329.84,0.57,0.43,2025-11-01,748,N,VIIRS,n,2,303.1,4.03,D,0
32.37908,72.87379,330.02,0.43,0.46,2025-11-01,748,N,VIIRS,n,2,301.6,2.49,D,0
32.38213,73.98142,332.34,0.57,0.43,2025-11-01,748,N,VIIRS,n,2,302.19,3.93,D,0
32.47821,74.95262,332.84,0.51,0.41,2025-11-01,748,N,VIIRS,n,2,301.16,4.03,D,0
32.49331,73.02193,330.16,0.42,0.45,2025-11-01,748,N,VIIRS,n,2,301.82,1.45,D,0
32.50134,73.24594,337.29,0.41,0.45,2025-11-01,748,N,VIIRS,n,2,300.98,3.51,D,0
32.56387,73.7739,335.94,0.38,0.43,2025-11-01,748,N,VIIRS,n,2,301.83,4.6,D,0
32.59307,73.77424,342.08,0.38,0.43,2025-11-01,748,N,VIIRS,n,2,302.51,5.97,D,0
32.59388,73.77827,346.79,0.38,0.43,2025-11-01,748,N,VIIRS,n,2,303.22,5.97,D,0
32.61671,74.82034,333.28,0.51,0.41,2025-11-01,748,N,VIIRS,n,2,302.15,3.97,D,0
32.63546,73.60782,336.21,0.39,0.44,2025-11-01,748,N,VIIRS,n,2,303.84,2.99,D,0
32.7701,74.57584,333.14,0.52,0.42,2025-11-01,748,N,VIIRS,n,2,300.27,3.59,D,0
32.77148,74.57304,329.12,0.52,0.42,2025-11-01,748,N,VIIRS,n,2,299.66,2.99,D,0
30.25996,70.65789,336.92,0.75,0.77,2025-11-01,928,N,VIIRS,n,2,300.47,7.78,D,0
30.26192,70.65797,339.03,0.75,0.77,2025-11-01,928,N,VIIRS,n,2,300.45,10.86,D,0
32.58952,69.46772,338.61,0.67,0.74,2025-11-01,928,N,VIIRS,n,2,296.09,14.79,D,0
32.59023,69.47013,352.62,0.67,0.74,2025-11-01,928,N,VIIRS,n,2,297.83,9.85,D,0
32.29161,70.72714,303.61,0.6,0.71,2025-11-01,2010,N,VIIRS,n,2,291.28,1.18,N,2
32.71883,72.77253,301.28,0.46,0.64,2025-11-01,2010,N,VIIRS,n,2,288.68,0.85,N,2
32.72548,73.13705,301.85,0.44,0.62,2025-11-01,2010,N,VIIRS,n,2,291.78,0.62,N,2
32.8866,71.61207,304.15,0.54,0.68,2025-11-01,2010,N,VIIRS,n,2,291.72,1.23,N,2
32.88837,71.61469,305.75,0.54,0.68,2025-11-01,2010,N,VIIRS,n,2,291.79,1.36,N,2
33.23513,71.51128,314.35,0.55,0.68,2025-11-01,2010,N,VIIRS,n,2,286.63,0.94,N,2
33.23674,71.51142,313.34,0.55,0.68,2025-11-01,2010,N,VIIRS,n,2,286.73,0.95,N,2
33.68705,72.70827,299.08,0.47,0.64,2025-11-01,2010,N,VIIRS,n,2,288.53,0.79,N,0
33.68849,72.70806,299.13,0.47,0.64,2025-11-01,2010,N,VIIRS,n,2,288.64,0.73,N,0
33.90601,71.91145,300.16,0.53,0.67,2025-11-01,2010,N,VIIRS,n,2,289.52,0.82,N,0
29.50538,75.49937,307.88,0.59,0.53,2025-11-01,2011,N,VIIRS,n,2,289.55,1.09,N,0
29.52731,74.67572,305.12,0.33,0.55,2025-11-01,2011,N,VIIRS,n,2,289.69,0.75,N,0
29.95468,74.85995,307.03,0.33,0.55,2025-11-01,2011,N,VIIRS,n,2,288.78,0.37,N,0
30.48529,71.99541,300.3,0.49,0.65,2025-11-01,2011,N,VIIRS,n,2,288.92,0.65,N,0
31.02659,71.98002,307.5,0.5,0.65,2025-11-01,2011,N,VIIRS,n,2,289.75,0.93,N,0
31.02689,71.97466,300.95,0.5,0.66,2025-11-01,2011,N,VIIRS,n,2,289.44,0.93,N,0
31.02719,71.97699,312.01,0.5,0.65,2025-11-01,2011,N,VIIRS,n,2,289.93,1.7,N,0
31.28764,73.24019,303.47,0.42,0.61,2025-11-01,2011,N,VIIRS,n,2,288.74,1.07,N,0
31.39555,75.25433,298.73,0.32,0.55,2025-11-01,2011,N,VIIRS,n,2,288.46,0.43,N,0
33.9049,71.91319,301.75,0.39,0.59,2025-11-01,2150,N,VIIRS,n,2,290.28,0.71,N,0
32.29194,70.73167,306.16,0.37,0.58,2025-11-01,2151,N,VIIRS,n,2,292.01,0.82,N,2
32.72014,72.92306,297.52,0.48,0.64,2025-11-01,2151,N,VIIRS,n,2,287.46,0.97,N,2
32.83008,71.60145,307.05,0.4,0.6,2025-11-01,2151,N,VIIRS,n,2,292.24,1.17,N,0
32.88942,71.61725,312.27,0.4,0.6,2025-11-01,2151,N,VIIRS,n,2,292.43,1.41,N,2
33.23686,71.5164,319.62,0.39,0.59,2025-11-01,2151,N,VIIRS,n,2,286.65,0.82,N,2
33.54787,71.55079,300.39,0.38,0.59,2025-11-01,2151,N,VIIRS,n,2,289.69,0.5,N,2
28.42813,69.7011,304.93,0.4,0.6,2025-11-01,2152,N,VIIRS,n,2,292.19,1.26,N,0
29.14057,73.46201,337.79,0.44,0.62,2025-11-02,728,N,VIIRS,n,2,305.29,3.55,D,0
29.14617,73.4602,338.22,0.44,0.62,2025-11-02,728,N,VIIRS,n,2,303.37,3.55,D,0
29.20823,73.19245,333.18,0.45,0.63,2025-11-02,728,N,VIIRS,n,2,302.19,1.77,D,0
29.41598,73.9678,330.22,0.4,0.6,2025-11-02,728,N,VIIRS,l,2,303.47,1.03,D,0
29.41626,73.97435,339.59,0.4,0.6,2025-11-02,728,N,VIIRS,n,2,303.83,4.82,D,0
29.41795,73.97601,342.17,0.4,0.6,2025-11-02,728,N,VIIRS,n,2,305.41,4.53,D,0
29.41931,74.49058,338.57,0.38,0.58,2025-11-02,728,N,VIIRS,n,2,302.94,3.01,D,0
29.42876,75.39039,336.72,0.33,0.55,2025-11-02,728,N,VIIRS,n,2,303.05,2.11,D,0
29.46142,75.43828,332.87,0.33,0.55,2025-11-02,728,N,VIIRS,n,2,300.66,2.19,D,0
29.48252,74.10176,346.71,0.39,0.6,2025-11-02,728,N,VIIRS,n,2,305.01,4.02,D,0
29.4849,74.4697,341.44,0.37,0.58,2025-11-02,728,N,VIIRS,n,2,302.25,3.91,D,0
29.4943,74.43797,330.01,0.38,0.58,2025-11-02,728,N,VIIRS,n,2,303.63,2.11,D,0
29.50592,74.15035,349.89,0.39,0.59,2025-11-02,728,N,VIIRS,n,2,304.89,3.95,D,0
29.52652,74.44598,337.62,0.37,0.58,2025-11-02,728,N,VIIRS,n,2,304.27,3.85,D,0
29.52958,74.44344,342.25,0.38,0.58,2025-11-02,728,N,VIIRS,n,2,301.6,2.74,D,0
29.54492,74.50832,331.88,0.37,0.58,2025-11-02,728,N,VIIRS,n,2,302.65,2.06,D,0
29.56617,74.44599,337.92,0.37,0.58,2025-11-02,728,N,VIIRS,n,2,303.83,3.8,D,0
29.57473,74.26881,334.31,0.38,0.59,2025-11-02,728,N,VIIRS,n,2,303.57,2.65,D,0
29.57636,74.26812,333.88,0.38,0.59,2025-11-02,728,N,VIIRS,n,2,302.42,2.88,D,0
29.57644,74.41811,333.68,0.38,0.58,2025-11-02,728,N,VIIRS,n,2,302.99,2.26,D,0
29.57987,74.40879,332.45,0.38,0.58,2025-11-02,728,N,VIIRS,l,2,305.36,3.2,D,0
29.58953,74.1112,349.18,0.39,0.59,2025-11-02,728,N,VIIRS,n,2,304.85,5.09,D,0
29.65647,72.42824,330.42,0.49,0.65,2025-11-02,728,N,VIIRS,n,2,301.37,3.6,D,0
29.78884,75.10683,332.62,0.34,0.56,2025-11-02,728,N,VIIRS,n,2,302.84,1.67,D,0
29.79055,75.10526,334.22,0.34,0.56,2025-11-02,728,N,VIIRS,n,2,301.84,1.65,D,0
29.79759,75.39878,352.53,0.33,0.55,2025-11-02,728,N,VIIRS,n,2,302.41,4.5,D,0
29.85443,73.35517,332.33,0.43,0.62,2025-11-02,728,N,VIIRS,n,2,301.9,2.12,D,0
29.8587,74.97971,332.7,0.34,0.56,2025-11-02,728,N,VIIRS,n,2,304.29,2.22,D,0
29.859,74.97839,336.11,0.34,0.56,2025-11-02,728,N,VIIRS,n,2,304.21,2.03,D,0
29.87826,72.82208,339.45,0.46,0.63,2025-11-02,728,N,VIIRS,n,2,300.87,5.01,D,0
29.89799,75.17197,336.25,0.33,0.56,2025-11-02,728,N,VIIRS,n,2,302.22,1.53,D,0
29.90493,72.18653,330.3,0.49,0.65,2025-11-02,728,N,VIIRS,l,2,300.48,3.17,D,0
29.92281,74.87928,348.7,0.35,0.56,2025-11-02,728,N,VIIRS,n,2,302.66,3.75,D,0
29.94107,74.95695,340.28,0.34,0.56,2025-11-02,728,N,VIIRS,n,2,303.32,3.2,D,0
29.95108,74.6493,340.78,0.36,0.57,2025-11-02,728,N,VIIRS,n,2,303.19,2.17,D,0
29.96259,74.88127,345.49,0.35,0.56,2025-11-02,728,N,VIIRS,n,2,303.84,3.77,D,0
29.99071,74.72285,351.87,0.35,0.57,2025-11-02,728,N,VIIRS,n,2,302.66,3.02,D,0
30.00279,72.63873,337.58,0.46,0.64,2025-11-02,728,N,VIIRS,n,2,300.37,3.34,D,0
30.0271,75.03783,336.09,0.34,0.56,2025-11-02,728,N,VIIRS,n,2,304.19,2.43,D,0
30.05665,71.5783,330.58,0.53,0.67,2025-11-02,728,N,VIIRS,l,2,300.85,3.85,D,0
30.07422,73.18491,336.26,0.43,0.62,2025-11-02,728,N,VIIRS,n,2,300.93,2.92,D,0
30.0787,73.41834,332.38,0.42,0.61,2025-11-02,728,N,VIIRS,n,2,300.33,2.2,D,0
30.12324,75.24197,336.89,0.33,0.55,2025-11-02,728,N,VIIRS,n,2,303.41,1.96,D,0
30.13368,71.70102,343.58,0.52,0.67,2025-11-02,728,N,VIIRS,n,2,301.07,4.86,D,0
30.13672,74.1459,330.53,0.38,0.59,2025-11-02,728,N,VIIRS,n,2,301.4,1.47,D,0
30.13706,75.25565,340.61,0.33,0.55,2025-11-02,728,N,VIIRS,n,2,303.17,2.69,D,0
30.13904,75.22832,332.97,0.33,0.55,2025-11-02,728,N,VIIRS,n,2,302.59,1.57,D,0
30.15365,71.65327,333.86,0.52,0.67,2025-11-02,728,N,VIIRS,n,2,300.68,3.36,D,0
30.1931,74.35399,355.28,0.37,0.58,2025-11-02,728,N,VIIRS,n,2,304.43,9.07,D,0
30.19401,74.35774,338.6,0.37,0.58,2025-11-02,728,N,VIIRS,n,2,303.01,9.07,D,0
30.19766,73.52599,334.88,0.41,0.61,2025-11-02,728,N,VIIRS,n,2,299.84,2.13,D,0
30.20165,75.17677,330.88,0.33,0.55,2025-11-02,728,N,VIIRS,n,2,302.35,4.61,D,0
30.20244,75.18015,367,0.33,0.55,2025-11-02,728,N,VIIRS,h,2,304.5,4.61,D,0
30.20352,73.47869,332.02,0.41,0.61,2025-11-02,728,N,VIIRS,n,2,299.54,3.85,D,0
30.20898,73.4769,343.8,0.41,0.61,2025-11-02,728,N,VIIRS,n,2,300.24,6.54,D,0
30.23351,73.28878,335.75,0.42,0.61,2025-11-02,728,N,VIIRS,n,2,301.64,2.46,D,0
30.2339,74.70504,334.69,0.35,0.57,2025-11-02,728,N,VIIRS,n,2,301.87,4.53,D,0
30.23443,74.70772,367,0.35,0.57,2025-11-02,728,N,VIIRS,h,2,306.13,8.06,D,0
30.23475,74.70863,356.87,0.35,0.57,2025-11-02,728,N,VIIRS,n,2,303.88,4.53,D,0
30.24325,74.42262,367,0.36,0.58,2025-11-02,728,N,VIIRS,h,2,304.93,7.04,D,0
30.26856,74.45852,335.34,0.36,0.57,2025-11-02,728,N,VIIRS,n,2,303.8,2.44,D,0
30.28162,75.43063,343.37,0.63,0.54,2025-11-02,728,N,VIIRS,n,2,302.67,7.7,D,0
30.29669,75.0425,345.35,0.33,0.56,2025-11-02,728,N,VIIRS,n,2,301.73,2.53,D,0
30.31445,73.25614,333.46,0.42,0.61,2025-11-02,728,N,VIIRS,n,2,301.32,5.55,D,0
30.37981,75.06659,337.3,0.33,0.55,2025-11-02,728,N,VIIRS,n,2,302.21,2.58,D,0
30.38147,73.47334,333.45,0.41,0.6,2025-11-02,728,N,VIIRS,n,2,299.88,3.97,D,0
30.3819,74.31685,333.01,0.36,0.58,2025-11-02,728,N,VIIRS,n,2,300.9,2.27,D,0
30.40227,74.97911,367,0.33,0.56,2025-11-02,728,N,VIIRS,h,2,303.17,6.48,D,0
30.40307,74.98254,341.15,0.33,0.56,2025-11-02,728,N,VIIRS,n,2,302.19,7.8,D,0
30.44026,73.63741,349.34,0.4,0.6,2025-11-02,728,N,VIIRS,n,2,302.03,4.01,D,0
30.44691,72.04599,332.4,0.49,0.65,2025-11-02,728,N,VIIRS,n,2,300.01,4.14,D,0
30.45105,72.04306,367,0.49,0.65,2025-11-02,728,N,VIIRS,h,2,302.23,10.42,D,0
30.4563,74.39344,367,0.36,0.57,2025-11-02,728,N,VIIRS,h,2,304.42,10.6,D,0
30.45843,73.82777,340.9,0.39,0.59,2025-11-02,728,N,VIIRS,n,2,303.13,3.47,D,0
30.45877,73.8273,342.66,0.39,0.59,2025-11-02,728,N,VIIRS,n,2,303.27,3.62,D,0
30.50562,71.7774,336.72,0.5,0.66,2025-11-02,728,N,VIIRS,n,2,302.06,8.09,D,0
30.51001,71.77338,334.23,0.5,0.66,2025-11-02,728,N,VIIRS,n,2,299.62,9.51,D,0
30.51136,71.77857,357.6,0.5,0.66,2025-11-02,728,N,VIIRS,l,2,302.87,18.72,D,0
30.51154,71.77536,356.97,0.5,0.66,2025-11-02,728,N,VIIRS,l,2,301.54,8.09,D,0
30.51292,71.78054,331.84,0.5,0.66,2025-11-02,728,N,VIIRS,n,2,298.3,15.99,D,0
30.5152,73.91576,342.24,0.38,0.59,2025-11-02,728,N,VIIRS,n,2,300.87,4.5,D,0
30.53629,71.89931,334.16,0.5,0.65,2025-11-02,728,N,VIIRS,n,2,299.79,2.8,D,0
30.55613,74.60452,350.98,0.35,0.57,2025-11-02,728,N,VIIRS,n,2,303.47,15.73,D,0
30.55664,73.89814,337.17,0.38,0.59,2025-11-02,728,N,VIIRS,n,2,301.38,4.55,D,0
30.55698,74.6081,367,0.35,0.57,2025-11-02,728,N,VIIRS,h,2,306.6,23.07,D,0
30.55708,74.60533,349.27,0.35,0.57,2025-11-02,728,N,VIIRS,n,2,310.7,25.69,D,0
30.55794,74.6089,352.13,0.35,0.57,2025-11-02,728,N,VIIRS,n,2,300.76,22.13,D,0
30.56119,71.79213,336.66,0.5,0.66,2025-11-02,728,N,VIIRS,n,2,300.02,2.55,D,0
30.60693,75.05138,333.53,0.33,0.55,2025-11-02,728,N,VIIRS,n,2,300.54,1.38,D,0
30.61117,73.83348,341.75,0.38,0.59,2025-11-02,728,N,VIIRS,n,2,301.27,2.72,D,0
30.61211,74.12623,333.09,0.37,0.58,2025-11-02,728,N,VIIRS,n,2,301.78,3.5,D,0
30.61902,74.47326,333.18,0.35,0.57,2025-11-02,728,N,VIIRS,n,2,302.49,3.74,D,0
30.61903,74.47603,336.04,0.35,0.57,2025-11-02,728,N,VIIRS,n,2,301.55,3.65,D,0
30.6222,75.45252,341.43,0.62,0.54,2025-11-02,728,N,VIIRS,n,2,303.69,6.47,D,0
30.6224,75.45454,344.2,0.62,0.54,2025-11-02,728,N,VIIRS,n,2,303.42,9.15,D,0
30.62911,73.88294,341.79,0.38,0.59,2025-11-02,728,N,VIIRS,n,2,301.43,3.99,D,0
30.63414,75.41462,351.36,0.62,0.54,2025-11-02,728,N,VIIRS,n,2,302.61,14.63,D,0
30.63454,75.4165,342.07,0.62,0.54,2025-11-02,728,N,VIIRS,n,2,304.02,8.34,D,0
30.63571,73.76984,336.34,0.39,0.59,2025-11-02,728,N,VIIRS,n,2,301.47,3.58,D,0
30.63681,74.70996,336.45,0.34,0.56,2025-11-02,728,N,VIIRS,n,2,301.96,1.76,D,0
30.63941,75.41499,335.26,0.62,0.54,2025-11-02,728,N,VIIRS,n,2,302.08,5.19,D,0
30.6475,72.6925,335.54,0.44,0.63,2025-11-02,728,N,VIIRS,n,2,299.86,2.63,D,0
30.66446,75.43277,340.8,0.62,0.54,2025-11-02,728,N,VIIRS,n,2,302.93,6.71,D,0
30.66464,74.0966,331.12,0.37,0.58,2025-11-02,728,N,VIIRS,n,2,300.08,2.08,D,0
30.66932,75.43127,339.1,0.62,0.54,2025-11-02,728,N,VIIRS,n,2,301.1,6.67,D,0
30.68505,72.59975,349.4,0.45,0.63,2025-11-02,728,N,VIIRS,n,2,301.61,7.39,D,0
30.70097,73.75253,332.97,0.39,0.59,2025-11-02,728,N,VIIRS,n,2,299.92,2.61,D,0
30.72169,74.49023,367,0.35,0.57,2025-11-02,728,N,VIIRS,h,2,303.37,9.76,D,0
30.7315,74.30157,341.21,0.36,0.57,2025-11-02,728,N,VIIRS,n,2,301.62,5.89,D,0
30.74258,74.39298,347.01,0.35,0.57,2025-11-02,728,N,VIIRS,n,2,303.12,3.96,D,0
30.77387,74.47673,341.89,0.35,0.57,2025-11-02,728,N,VIIRS,n,2,302.4,3.58,D,0
30.86526,74.88113,342.09,0.33,0.55,2025-11-02,728,N,VIIRS,n,2,302.4,3.03,D,0
30.88815,75.02245,353.65,0.32,0.55,2025-11-02,728,N,VIIRS,n,2,304.01,4.81,D,0
30.88927,74.45441,332.2,0.35,0.57,2025-11-02,728,N,VIIRS,n,2,301.56,1.44,D,0
30.8955,74.54863,338.23,0.34,0.56,2025-11-02,728,N,VIIRS,n,2,302.61,3.41,D,0
30.91823,74.46066,331.24,0.35,0.57,2025-11-02,728,N,VIIRS,l,2,302.37,2.91,D,0
30.93178,74.42532,367,0.35,0.57,2025-11-02,728,N,VIIRS,h,2,310.28,27.64,D,0
30.93501,75.08628,338.8,0.32,0.55,2025-11-02,728,N,VIIRS,n,2,301.22,2.39,D,0
30.94515,74.71043,330.21,0.34,0.56,2025-11-02,728,N,VIIRS,n,2,301.92,2.43,D,0
30.94971,73.63414,330.8,0.39,0.59,2025-11-02,728,N,VIIRS,n,2,300.7,2.08,D,0
30.95742,75.00077,349.52,0.32,0.55,2025-11-02,728,N,VIIRS,n,2,305.27,13.01,D,0
30.95819,75.00411,367,0.32,0.55,2025-11-02,728,N,VIIRS,h,2,305.51,13.01,D,0
30.9701,75.03258,367,0.32,0.55,2025-11-02,728,N,VIIRS,h,2,305.39,6.18,D,0
31.0249,75.26994,330.91,0.62,0.54,2025-11-02,728,N,VIIRS,n,2,301.78,4.54,D,0
31.02756,75.37189,334.46,0.61,0.54,2025-11-02,728,N,VIIRS,n,2,300.49,4.44,D,0
31.03262,74.92157,333.15,0.33,0.55,2025-11-02,728,N,VIIRS,n,2,300.24,1.7,D,0
31.03301,74.68333,348.19,0.34,0.56,2025-11-02,728,N,VIIRS,n,2,301.87,7.51,D,0
31.03384,74.68679,367,0.34,0.56,2025-11-02,728,N,VIIRS,h,2,304.43,7.51,D,0
31.05381,74.9045,330.04,0.33,0.55,2025-11-02,728,N,VIIRS,n,2,301.08,2,D,0
31.05506,74.90365,332.01,0.33,0.55,2025-11-02,728,N,VIIRS,n,2,300.88,1.71,D,0
31.07535,74.28944,367,0.35,0.57,2025-11-02,728,N,VIIRS,h,2,303.77,6.54,D,0
31.08533,74.56144,335.79,0.34,0.56,2025-11-02,728,N,VIIRS,n,2,301.63,2.36,D,0
31.08596,74.55985,343.51,0.34,0.56,2025-11-02,728,N,VIIRS,n,2,301.79,3.47,D,0
31.10262,74.88552,352.84,0.33,0.55,2025-11-02,728,N,VIIRS,n,2,301.7,3.18,D,0
31.10728,74.70074,345.71,0.33,0.56,2025-11-02,728,N,VIIRS,n,2,302.05,5.92,D,0
31.1365,74.52113,332.26,0.34,0.56,2025-11-02,728,N,VIIRS,n,2,300.8,2.68,D,0
31.1632,74.91695,339.55,0.32,0.55,2025-11-02,728,N,VIIRS,n,2,301.29,2.16,D,0
31.17743,73.5934,335.39,0.38,0.59,2025-11-02,728,N,VIIRS,n,2,300.6,3.77,D,0
31.17784,74.87463,332.1,0.32,0.55,2025-11-02,728,N,VIIRS,n,2,301.07,1.47,D,0
31.18323,74.80763,337.19,0.33,0.55,2025-11-02,728,N,VIIRS,n,2,300.67,1.63,D,0
31.23032,75.13987,343.82,0.63,0.54,2025-11-02,728,N,VIIRS,n,2,301.41,7.14,D,0
31.23095,75.14156,341.15,0.63,0.54,2025-11-02,728,N,VIIRS,n,2,301.67,8.27,D,0
31.23517,74.82406,332.83,0.33,0.55,2025-11-02,728,N,VIIRS,n,2,300.61,1.72,D,0
31.2399,74.55904,367,0.34,0.56,2025-11-02,728,N,VIIRS,h,2,303.04,10.4,D,0
31.27193,74.46553,338.03,0.34,0.56,2025-11-02,728,N,VIIRS,n,2,300.87,2,D,0
31.28239,74.80431,336.61,0.33,0.55,2025-11-02,728,N,VIIRS,n,2,301.61,1.29,D,0
31.29872,74.82814,336.31,0.32,0.55,2025-11-02,728,N,VIIRS,n,2,301.26,2.31,D,0
31.30752,74.75264,331.63,0.33,0.55,2025-11-02,728,N,VIIRS,n,2,300.39,2.09,D,0
31.35926,74.32498,341.73,0.35,0.56,2025-11-02,728,N,VIIRS,n,2,300.42,3.49,D,0
31.41027,75.2132,337.62,0.61,0.54,2025-11-02,728,N,VIIRS,n,2,300.58,4.61,D,0
31.41207,74.79793,330.61,0.32,0.55,2025-11-02,728,N,VIIRS,n,2,300.47,1.49,D,0
31.41924,74.9176,353.09,0.32,0.55,2025-11-02,728,N,VIIRS,n,2,301.31,3.34,D,0
31.43008,75.40933,331.44,0.6,0.53,2025-11-02,728,N,VIIRS,n,2,300.91,3.14,D,0
31.45685,75.00991,331.59,0.63,0.54,2025-11-02,728,N,VIIRS,n,2,302.96,4.15,D,0
31.50638,74.95203,335.65,0.63,0.54,2025-11-02,728,N,VIIRS,n,2,301.12,5.36,D,0
31.51618,75.38248,340.55,0.6,0.53,2025-11-02,728,N,VIIRS,n,2,301.42,5.81,D,0
31.51771,75.38004,336.22,0.6,0.53,2025-11-02,728,N,VIIRS,n,2,300.71,4.29,D,0
31.52093,75.4934,340.44,0.59,0.53,2025-11-02,728,N,VIIRS,n,2,302.15,8.02,D,0
31.52232,75.49953,340.81,0.59,0.53,2025-11-02,728,N,VIIRS,n,2,302.92,10.93,D,0
31.52455,75.49675,343.82,0.59,0.53,2025-11-02,728,N,VIIRS,n,2,305.05,19.58,D,0
31.58596,75.43171,332.96,0.59,0.53,2025-11-02,728,N,VIIRS,n,2,300.27,4.84,D,0
30.75849,71.80051,338.56,0.5,0.65,2025-11-02,729,N,VIIRS,n,2,301.37,3.97,D,0
30.76437,71.72553,335.01,0.5,0.66,2025-11-02,729,N,VIIRS,n,2,300.53,5.12,D,0
30.76574,71.7307,334.24,0.5,0.66,2025-11-02,729,N,VIIRS,n,2,299.28,4.51,D,0
30.77073,71.77393,355.53,0.5,0.66,2025-11-02,729,N,VIIRS,n,2,302,8.22,D,0
30.80723,72.00892,330.88,0.48,0.65,2025-11-02,729,N,VIIRS,n,2,299.75,2.91,D,0
30.84742,71.79736,335.56,0.49,0.65,2025-11-02,729,N,VIIRS,n,2,301.09,2.76,D,0
30.84825,71.79631,330.12,0.49,0.65,2025-11-02,729,N,VIIRS,l,2,300.46,3.94,D,0
30.88504,72.13741,340.93,0.47,0.64,2025-11-02,729,N,VIIRS,n,2,300.01,5.25,D,0
30.88861,71.93179,333.28,0.48,0.65,2025-11-02,729,N,VIIRS,n,2,299.99,4.71,D,0
30.89263,71.89128,350.37,0.49,0.65,2025-11-02,729,N,VIIRS,n,2,300.6,6.4,D,0
30.92237,72.20901,342.01,0.47,0.64,2025-11-02,729,N,VIIRS,n,2,300.32,5.36,D,0
30.92553,72.20669,333.37,0.47,0.64,2025-11-02,729,N,VIIRS,n,2,299.42,2.95,D,0
30.93059,72.21667,336.78,0.47,0.64,2025-11-02,729,N,VIIRS,n,2,300.87,4.08,D,0
30.95639,72.2443,341.27,0.46,0.64,2025-11-02,729,N,VIIRS,n,2,300.95,3.81,D,0
30.9664,72.17169,367,0.47,0.64,2025-11-02,729,N,VIIRS,h,2,301.31,8.14,D,0
30.97139,71.86566,330.84,0.49,0.65,2025-11-02,729,N,VIIRS,l,2,301.13,3.4,D,0
30.97214,72.16971,334.48,0.47,0.64,2025-11-02,729,N,VIIRS,n,2,298.54,8.14,D,0
30.98704,70.75143,349.86,0.56,0.69,2025-11-02,729,N,VIIRS,n,2,301.12,7.47,D,0
30.99143,70.74975,344.17,0.56,0.69,2025-11-02,729,N,VIIRS,n,2,298.73,5.5,D,0
30.9924,72.19943,332.06,0.47,0.64,2025-11-02,729,N,VIIRS,n,2,299.5,2.83,D,0
31.00732,72.25682,333.78,0.46,0.64,2025-11-02,729,N,VIIRS,n,2,299.59,4.28,D,0
31.07333,70.74562,353.65,0.56,0.69,2025-11-02,729,N,VIIRS,n,2,301.36,12.71,D,0
31.07913,72.20225,330.61,0.46,0.64,2025-11-02,729,N,VIIRS,n,2,298.99,2.9,D,0
31.08529,73.13037,333.15,0.41,0.61,2025-11-02,729,N,VIIRS,n,2,300.08,2.6,D,0
31.11592,72.19997,330.01,0.46,0.64,2025-11-02,729,N,VIIRS,n,2,299.31,2.95,D,0
31.12858,72.20078,340.29,0.46,0.64,2025-11-02,729,N,VIIRS,n,2,300.48,7.47,D,0
31.16226,73.38874,330.1,0.39,0.6,2025-11-02,729,N,VIIRS,n,2,300.77,1.86,D,0
31.16433,69.70809,331.07,0.63,0.72,2025-11-02,729,N,VIIRS,n,2,300.92,5.98,D,0
31.16847,69.70978,344.7,0.64,0.72,2025-11-02,729,N,VIIRS,n,2,303.47,9.65,D,0
31.1807,73.53155,332.66,0.39,0.59,2025-11-02,729,N,VIIRS,n,2,301.47,3.16,D,0
31.18538,73.57321,332.35,0.38,0.59,2025-11-02,729,N,VIIRS,n,2,299.8,3.04,D,0
31.19079,72.29801,336.18,0.45,0.63,2025-11-02,729,N,VIIRS,n,2,299.07,3.12,D,0
31.21102,72.40386,331.6,0.45,0.63,2025-11-02,729,N,VIIRS,n,2,299.27,2.98,D,0
31.26055,73.66814,342.9,0.38,0.59,2025-11-02,729,N,VIIRS,n,2,303.61,14.18,D,0
31.26583,73.6664,367,0.38,0.59,2025-11-02,729,N,VIIRS,h,2,308.06,14.18,D,0
31.26679,73.67033,330.26,0.38,0.59,2025-11-02,729,N,VIIRS,n,2,300.35,14.18,D,0
31.27191,73.57471,344.82,0.38,0.59,2025-11-02,729,N,VIIRS,n,2,302.65,3.38,D,0
31.30567,73.87483,336.26,0.37,0.58,2025-11-02,729,N,VIIRS,n,2,301.71,1.9,D,0
31.31895,73.72066,337.29,0.38,0.58,2025-11-02,729,N,VIIRS,n,2,300.87,3.95,D,0
31.32326,73.71502,346.43,0.38,0.58,2025-11-02,729,N,VIIRS,n,2,300.9,3.95,D,0
31.32545,73.71595,354.43,0.38,0.58,2025-11-02,729,N,VIIRS,n,2,302.39,5.53,D,0
31.34993,73.79144,341.73,0.37,0.58,2025-11-02,729,N,VIIRS,n,2,302.68,2.84,D,0
31.35897,73.80505,334.68,0.37,0.58,2025-11-02,729,N,VIIRS,n,2,300.92,2.31,D,0
31.35993,74.32378,341.85,0.35,0.56,2025-11-02,729,N,VIIRS,n,2,300.39,4.29,D,0
31.38554,73.82116,332.78,0.37,0.58,2025-11-02,729,N,VIIRS,n,2,300.7,2.23,D,0
31.39862,72.41576,340.1,0.44,0.63,2025-11-02,729,N,VIIRS,n,2,300.41,5.62,D,0
31.4,73.90272,339.6,0.36,0.58,2025-11-02,729,N,VIIRS,n,2,302.32,2.22,D,0
31.40541,72.41839,333.6,0.44,0.62,2025-11-02,729,N,VIIRS,n,2,299.27,4.36,D,0
31.40946,73.89553,350.87,0.36,0.58,2025-11-02,729,N,VIIRS,n,2,303.01,7.42,D,0
31.4101,72.43668,338.36,0.44,0.62,2025-11-02,729,N,VIIRS,n,2,301.14,3.42,D,0
31.42618,73.84901,367,0.37,0.58,2025-11-02,729,N,VIIRS,h,2,303.23,7.2,D,0
31.42711,73.85283,356.25,0.37,0.58,2025-11-02,729,N,VIIRS,n,2,302.35,7.2,D,0
31.42804,73.85663,345.76,0.37,0.58,2025-11-02,729,N,VIIRS,n,2,302.02,7.29,D,0
31.43839,72.23891,330.28,0.45,0.63,2025-11-02,729,N,VIIRS,n,2,299.74,2.29,D,0
31.44039,72.22285,334.59,0.45,0.63,2025-11-02,729,N,VIIRS,n,2,299.81,4.64,D,0
31.44161,72.22755,339.59,0.45,0.63,2025-11-02,729,N,VIIRS,n,2,300.58,7.15,D,0
31.44596,72.14893,332.59,0.46,0.63,2025-11-02,729,N,VIIRS,n,2,300.28,2.09,D,0
31.44852,73.8252,338.27,0.37,0.58,2025-11-02,729,N,VIIRS,n,2,301.63,3.31,D,0
31.45188,73.82365,344.41,0.37,0.58,2025-11-02,729,N,VIIRS,n,2,302.43,6.16,D,0
31.45469,73.89699,345.56,0.36,0.58,2025-11-02,729,N,VIIRS,n,2,301.58,5.5,D,0
31.45561,73.90076,350.54,0.36,0.58,2025-11-02,729,N,VIIRS,n,2,301.84,5.5,D,0
31.46312,73.64074,367,0.38,0.58,2025-11-02,729,N,VIIRS,h,2,302.91,6.07,D,0
31.46322,72.4778,330.71,0.44,0.62,2025-11-02,729,N,VIIRS,l,2,301.48,4.3,D,0
31.46437,72.48235,341.36,0.44,0.62,2025-11-02,729,N,VIIRS,n,2,301.97,4.3,D,0
31.4645,72.48066,367,0.44,0.62,2025-11-02,729,N,VIIRS,h,2,303.92,12.07,D,0
31.46881,72.47585,336.34,0.44,0.62,2025-11-02,729,N,VIIRS,n,2,299.18,4.3,D,0
31.47225,72.29825,331.64,0.45,0.63,2025-11-02,729,N,VIIRS,n,2,300.54,3.55,D,0
31.47642,73.87709,332.92,0.36,0.58,2025-11-02,729,N,VIIRS,l,2,303.26,1.77,D,0
31.47791,73.87708,333.63,0.36,0.58,2025-11-02,729,N,VIIRS,n,2,302.35,1.8,D,0
31.48997,72.2477,331.49,0.45,0.63,2025-11-02,729,N,VIIRS,n,2,300.09,4.11,D,0
31.49087,72.25117,353.11,0.45,0.63,2025-11-02,729,N,VIIRS,n,2,302.01,8.16,D,0
31.4912,72.25236,341.91,0.45,0.63,2025-11-02,729,N,VIIRS,n,2,302.05,7.43,D,0
31.49166,72.16024,336.5,0.45,0.63,2025-11-02,729,N,VIIRS,n,2,300.89,4.46,D,0
31.49446,72.26516,334.76,0.45,0.63,2025-11-02,729,N,VIIRS,n,2,300.03,3.11,D,0
31.49462,72.19373,330.52,0.45,0.63,2025-11-02,729,N,VIIRS,n,2,299.67,2.45,D,0
31.49465,72.19511,339.46,0.45,0.63,2025-11-02,729,N,VIIRS,n,2,300.28,3.02,D,0
31.50107,73.84039,330.44,0.37,0.58,2025-11-02,729,N,VIIRS,n,2,300.75,3.8,D,0
31.506,74.95052,340.83,0.63,0.54,2025-11-02,729,N,VIIRS,n,2,301.99,8.39,D,0
31.50627,73.83867,353.69,0.37,0.58,2025-11-02,729,N,VIIRS,n,2,302.07,3.8,D,0
31.50868,72.22458,334.41,0.45,0.63,2025-11-02,729,N,VIIRS,n,2,299.92,2.62,D,0
31.51795,72.35397,331.73,0.44,0.63,2025-11-02,729,N,VIIRS,n,2,300.63,4.08,D,0
31.52813,73.90495,367,0.36,0.58,2025-11-02,729,N,VIIRS,h,2,302.44,7.13,D,0
31.52986,72.18797,343.82,0.45,0.63,2025-11-02,729,N,VIIRS,n,2,303.28,4.07,D,0
31.53796,72.1954,339.19,0.45,0.63,2025-11-02,729,N,VIIRS,n,2,301.27,4.32,D,0
31.53962,72.22542,339.29,0.45,0.63,2025-11-02,729,N,VIIRS,n,2,300.54,4.08,D,0
31.56129,73.78759,335.37,0.37,0.58,2025-11-02,729,N,VIIRS,n,2,300.77,1.85,D,0
31.56385,73.78611,344.58,0.37,0.58,2025-11-02,729,N,VIIRS,n,2,300.87,2.96,D,0
31.57445,72.35945,367,0.44,0.62,2025-11-02,729,N,VIIRS,h,2,303.24,15.33,D,0
31.57531,72.33916,335.95,0.44,0.63,2025-11-02,729,N,VIIRS,n,2,300.43,2.18,D,0
31.57564,72.36404,348.55,0.44,0.62,2025-11-02,729,N,VIIRS,n,2,300.35,15.19,D,0
31.57653,73.85974,334.26,0.36,0.58,2025-11-02,729,N,VIIRS,n,2,300.32,2.24,D,0
31.57823,74.15571,331.49,0.35,0.57,2025-11-02,729,N,VIIRS,n,2,300.4,2.14,D,0
31.58449,72.44524,335.97,0.44,0.62,2025-11-02,729,N,VIIRS,n,2,299.8,2.57,D,0
31.60424,72.30904,351.41,0.44,0.63,2025-11-02,729,N,VIIRS,n,2,301.81,23.36,D,0
31.60543,72.31364,367,0.44,0.63,2025-11-02,729,N,VIIRS,h,2,307.34,40.94,D,0
31.60653,72.17776,333.41,0.45,0.63,2025-11-02,729,N,VIIRS,n,2,300.61,1.89,D,0
31.6076,73.54992,337.72,0.38,0.59,2025-11-02,729,N,VIIRS,n,2,301.16,4.14,D,0
31.60979,73.549,339.46,0.38,0.59,2025-11-02,729,N,VIIRS,n,2,300.83,4.62,D,0
31.62037,72.8306,332.09,0.41,0.61,2025-11-02,729,N,VIIRS,n,2,299.77,3.62,D,0
31.62606,72.25214,355.76,0.45,0.63,2025-11-02,729,N,VIIRS,n,2,302.03,7.58,D,0
31.62613,72.25095,367,0.45,0.63,2025-11-02,729,N,VIIRS,h,2,302.39,6.34,D,0
31.62882,72.21575,337.82,0.45,0.63,2025-11-02,729,N,VIIRS,n,2,301.67,4.04,D,0
31.63925,72.16127,336.78,0.45,0.63,2025-11-02,729,N,VIIRS,n,2,301.31,5.02,D,0
31.6449,72.15929,335.78,0.45,0.63,2025-11-02,729,N,VIIRS,n,2,299.98,5.02,D,0
31.65522,74.65255,330.46,0.33,0.55,2025-11-02,729,N,VIIRS,n,2,299.76,4.57,D,0
31.65573,73.7475,334.78,0.37,0.58,2025-11-02,729,N,VIIRS,n,2,301.09,2.51,D,0
31.657,73.77591,355.21,0.37,0.58,2025-11-02,729,N,VIIRS,n,2,302.76,4.95,D,0
31.65703,72.20592,340.15,0.45,0.63,2025-11-02,729,N,VIIRS,n,2,299.46,4.63,D,0
31.6591,73.746,330,0.37,0.58,2025-11-02,729,N,VIIRS,n,2,299.92,2.96,D,0
31.66186,73.74959,336.4,0.37,0.58,2025-11-02,729,N,VIIRS,n,2,300.46,2.51,D,0
31.66526,73.74809,343.44,0.37,0.58,2025-11-02,729,N,VIIRS,n,2,300.93,3.45,D,0
31.6654,74.53896,335.47,0.33,0.55,2025-11-02,729,N,VIIRS,n,2,301.21,1.61,D,0
31.6762,74.53919,331.39,0.33,0.55,2025-11-02,729,N,VIIRS,n,2,300.57,1.72,D,0
31.67952,73.46178,333.05,0.38,0.59,2025-11-02,729,N,VIIRS,n,2,300.36,2.16,D,0
31.70446,74.70221,335.47,0.32,0.55,2025-11-02,729,N,VIIRS,n,2,300.48,1.63,D,0
31.71222,72.60611,338.44,0.42,0.61,2025-11-02,729,N,VIIRS,n,2,299.65,2.21,D,0
31.7124,72.59091,338.29,0.43,0.62,2025-11-02,729,N,VIIRS,n,2,299.98,8.46,D,0
31.71433,72.59101,342.46,0.42,0.61,2025-11-02,729,N,VIIRS,n,2,299.87,7.53,D,0
31.71514,73.56044,330.85,0.38,0.58,2025-11-02,729,N,VIIRS,n,2,300.31,2.13,D,0
31.71573,72.60416,339.63,0.42,0.61,2025-11-02,729,N,VIIRS,n,2,299.85,3.46,D,0
31.71637,73.55747,340.98,0.37,0.58,2025-11-02,729,N,VIIRS,n,2,301.41,2.73,D,0
31.74254,73.43394,344.12,0.38,0.59,2025-11-02,729,N,VIIRS,n,2,299.83,4.17,D,0
31.74366,74.36249,345.79,0.34,0.56,2025-11-02,729,N,VIIRS,n,2,303.64,3.89,D,0
31.75224,73.28775,338.86,0.39,0.59,2025-11-02,729,N,VIIRS,n,2,299.88,2.12,D,0
31.75673,72.33181,331.05,0.44,0.62,2025-11-02,729,N,VIIRS,n,2,299.87,3.36,D,0
31.7646,73.54561,332.14,0.37,0.58,2025-11-02,729,N,VIIRS,n,2,300.53,2.3,D,0
31.77293,72.58518,367,0.42,0.61,2025-11-02,729,N,VIIRS,h,2,302.01,6.41,D,0
31.77501,73.37996,330.82,0.38,0.59,2025-11-02,729,N,VIIRS,n,2,300.02,1.86,D,0
31.77842,73.53254,331.89,0.38,0.58,2025-11-02,729,N,VIIRS,n,2,300.28,2.04,D,0
31.78026,74.05655,355.38,0.35,0.57,2025-11-02,729,N,VIIRS,n,2,307.16,16.71,D,0
31.7803,73.37817,331.18,0.38,0.59,2025-11-02,729,N,VIIRS,n,2,299.39,1.86,D,0
31.78147,73.68201,338.39,0.37,0.58,2025-11-02,729,N,VIIRS,n,2,299.67,3.77,D,0
31.78242,73.68584,341.15,0.37,0.58,2025-11-02,729,N,VIIRS,n,2,300.52,3.77,D,0
31.78495,73.46668,338.22,0.38,0.59,2025-11-02,729,N,VIIRS,n,2,301.09,3.73,D,0
31.7852,73.39809,340.85,0.38,0.59,2025-11-02,729,N,VIIRS,n,2,299.97,2.63,D,0
31.78536,74.05488,367,0.35,0.57,2025-11-02,729,N,VIIRS,h,2,302.59,9.51,D,0
31.79091,73.41319,344.55,0.38,0.59,2025-11-02,729,N,VIIRS,n,2,301.53,3.91,D,0
31.8147,74.61435,332.07,0.33,0.55,2025-11-02,729,N,VIIRS,n,2,299.84,1.89,D,0
31.81516,74.17767,332.32,0.34,0.56,2025-11-02,729,N,VIIRS,n,2,299.37,2.01,D,0
31.81838,72.40028,337.32,0.43,0.62,2025-11-02,729,N,VIIRS,n,2,300.21,4.43,D,0
31.81898,73.48925,342.96,0.38,0.58,2025-11-02,729,N,VIIRS,n,2,300.49,5.86,D,0
31.81944,73.25201,343.72,0.39,0.59,2025-11-02,729,N,VIIRS,n,2,299.08,5.26,D,0
31.81994,73.49317,347.28,0.38,0.58,2025-11-02,729,N,VIIRS,n,2,301.63,9.1,D,0
31.82127,73.48833,348.34,0.38,0.58,2025-11-02,729,N,VIIRS,n,2,299.67,4.51,D,0
31.82225,73.49224,330.32,0.38,0.58,2025-11-02,729,N,VIIRS,n,2,299.07,5.03,D,0
31.82325,73.35934,335.88,0.38,0.59,2025-11-02,729,N,VIIRS,n,2,300.09,1.99,D,0
31.82447,73.27214,330.43,0.39,0.59,2025-11-02,729,N,VIIRS,n,2,299.02,1.6,D,0
31.82671,72.45608,330.4,0.43,0.62,2025-11-02,729,N,VIIRS,n,2,299.82,3.71,D,0
31.83303,73.6855,335.27,0.37,0.58,2025-11-02,729,N,VIIRS,n,2,299.29,2.76,D,0
31.83485,74.67681,345.3,0.32,0.55,2025-11-02,729,N,VIIRS,n,2,302.13,4.76,D,0
31.84145,73.34026,345.18,0.38,0.59,2025-11-02,729,N,VIIRS,n,2,301.25,3.88,D,0
31.85265,73.97049,338.4,0.35,0.57,2025-11-02,729,N,VIIRS,n,2,300.81,2.05,D,0
31.85786,73.42926,346.08,0.38,0.59,2025-11-02,729,N,VIIRS,n,2,299.96,3.3,D,0
31.86139,73.46643,332.24,0.38,0.58,2025-11-02,729,N,VIIRS,n,2,299.6,2.72,D,0
31.86349,73.40593,337.1,0.38,0.59,2025-11-02,729,N,VIIRS,n,2,301,4.27,D,0
31.86372,73.45288,331.34,0.38,0.59,2025-11-02,729,N,VIIRS,n,2,300.65,3.44,D,0
31.86448,73.40989,334.48,0.38,0.59,2025-11-02,729,N,VIIRS,n,2,300.12,5.69,D,0
31.86877,73.40416,338.58,0.38,0.59,2025-11-02,729,N,VIIRS,n,2,299.29,2.41,D,0
31.87289,74.4172,330.77,0.33,0.55,2025-11-02,729,N,VIIRS,n,2,300.21,2.63,D,0
31.881,74.54044,342.91,0.33,0.55,2025-11-02,729,N,VIIRS,n,2,301.39,3.9,D,0
31.88182,74.54385,338.06,0.33,0.55,2025-11-02,729,N,VIIRS,n,2,300.46,5.26,D,0
31.88275,74.50308,331.36,0.33,0.55,2025-11-02,729,N,VIIRS,n,2,299.68,4.94,D,0
31.89067,73.35379,333.66,0.38,0.59,2025-11-02,729,N,VIIRS,n,2,301.19,2.31,D,0
31.89112,72.84606,340.24,0.41,0.6,2025-11-02,729,N,VIIRS,n,2,299.11,6.7,D,0
31.89171,73.35324,333.15,0.38,0.59,2025-11-02,729,N,VIIRS,n,2,300.87,1.78,D,0
31.8921,72.84528,347.26,0.41,0.6,2025-11-02,729,N,VIIRS,n,2,299.53,6.02,D,0
31.89298,74.32047,334.5,0.34,0.56,2025-11-02,729,N,VIIRS,n,2,299.88,1.37,D,0
31.89318,73.68571,340.88,0.37,0.58,2025-11-02,729,N,VIIRS,n,2,300.96,3.2,D,0
31.8963,73.23454,333.87,0.39,0.59,2025-11-02,729,N,VIIRS,n,2,300.37,3.09,D,0
31.89837,73.68398,343.58,0.37,0.58,2025-11-02,729,N,VIIRS,n,2,300.16,3.2,D,0
31.90074,73.67082,348.05,0.37,0.58,2025-11-02,729,N,VIIRS,n,2,301.72,3.81,D,0
31.90945,73.36034,339.18,0.38,0.59,2025-11-02,729,N,VIIRS,n,2,300.83,10.14,D,0
31.91042,73.3643,367,0.38,0.59,2025-11-02,729,N,VIIRS,h,2,306.29,10.14,D,0
31.91143,73.29472,336.22,0.38,0.59,2025-11-02,729,N,VIIRS,n,2,300.63,1.66,D,0
31.91157,73.36376,367,0.38,0.59,2025-11-02,729,N,VIIRS,h,2,306.96,20.05,D,0
31.92354,72.90375,332.81,0.4,0.6,2025-11-02,729,N,VIIRS,n,2,299.56,2.8,D,0
31.9433,74.36489,335.71,0.33,0.56,2025-11-02,729,N,VIIRS,n,2,300.26,2.42,D,0
31.94348,73.58135,344.16,0.37,0.58,2025-11-02,729,N,VIIRS,n,2,301.9,3.92,D,0
31.94629,73.58091,341.06,0.37,0.58,2025-11-02,729,N,VIIRS,n,2,300.77,3.46,D,0
31.94687,73.25233,341.65,0.39,0.59,2025-11-02,729,N,VIIRS,n,2,300.43,4.32,D,0
31.95469,72.31368,334.23,0.43,0.62,2025-11-02,729,N,VIIRS,n,2,299.38,2.63,D,0
31.9551,74.67281,335.73,0.32,0.55,2025-11-02,729,N,VIIRS,n,2,300.36,2.45,D,0
31.96251,74.44441,330.65,0.33,0.55,2025-11-02,729,N,VIIRS,n,2,298.88,2.16,D,0
31.96428,73.79263,330.21,0.36,0.57,2025-11-02,729,N,VIIRS,n,2,300.87,2,D,0
31.96578,73.77592,349.2,0.36,0.57,2025-11-02,729,N,VIIRS,n,2,300.52,6.57,D,0
31.9674,73.28876,347.97,0.38,0.59,2025-11-02,729,N,VIIRS,n,2,300.34,5.15,D,0
31.96839,73.29276,348.55,0.38,0.59,2025-11-02,729,N,VIIRS,n,2,300.53,5.15,D,0
31.97178,73.51333,348.42,0.37,0.58,2025-11-02,729,N,VIIRS,n,2,302.23,12.63,D,0
31.97702,73.51157,354.86,0.37,0.58,2025-11-02,729,N,VIIRS,n,2,305.2,12.63,D,0
31.97721,73.93658,339.59,0.35,0.57,2025-11-02,729,N,VIIRS,n,2,300.63,2.83,D,0
31.97798,73.51545,367,0.37,0.58,2025-11-02,729,N,VIIRS,h,2,301.4,23.82,D,0
31.98193,73.30112,367,0.38,0.59,2025-11-02,729,N,VIIRS,h,2,301.57,10.02,D,0
31.98366,73.30045,336.29,0.38,0.59,2025-11-02,729,N,VIIRS,n,2,298.96,3.41,D,0
31.98744,73.93319,333.23,0.35,0.57,2025-11-02,729,N,VIIRS,n,2,300.74,4.97,D,0
31.98812,73.62456,333.08,0.37,0.58,2025-11-02,729,N,VIIRS,n,2,302.09,3.14,D,0
31.98844,73.51194,343.96,0.37,0.58,2025-11-02,729,N,VIIRS,n,2,302.06,5.22,D,0
31.98972,73.44827,347.11,0.37,0.58,2025-11-02,729,N,VIIRS,n,2,301.81,7.95,D,0
31.99049,73.65672,339.44,0.36,0.58,2025-11-02,729,N,VIIRS,n,2,301.34,3.41,D,0
31.99447,73.3055,337.02,0.38,0.59,2025-11-02,729,N,VIIRS,n,2,300.12,12.77,D,0
31.99545,73.30949,367,0.38,0.59,2025-11-02,729,N,VIIRS,h,2,307.87,12.77,D,0
31.99625,73.30481,346.36,0.38,0.59,2025-11-02,729,N,VIIRS,n,2,300.9,12.53,D,0
31.99643,73.31348,341.01,0.38,0.59,2025-11-02,729,N,VIIRS,n,2,299.55,16.01,D,0
31.99725,73.30878,367,0.38,0.59,2025-11-02,729,N,VIIRS,h,2,306.52,12.53,D,0
31.99826,73.31276,339.52,0.38,0.59,2025-11-02,729,N,VIIRS,n,2,300.05,13.84,D,0
31.9985,73.57542,356.05,0.37,0.58,2025-11-02,729,N,VIIRS,n,2,301.79,9.16,D,0
31.99946,73.57927,367,0.37,0.58,2025-11-02,729,N,VIIRS,h,2,302.72,9.16,D,0
31.99975,73.30369,333.91,0.38,0.59,2025-11-02,729,N,VIIRS,n,2,300.15,3.17,D,0
32.0144,73.28575,330.69,0.38,0.59,2025-11-02,729,N,VIIRS,n,2,299.39,3.61,D,0
32.01789,72.46729,337.89,0.42,0.61,2025-11-02,729,N,VIIRS,n,2,299.28,3.12,D,0
32.02012,72.46513,339.6,0.42,0.61,2025-11-02,729,N,VIIRS,n,2,298.54,2.58,D,0
32.02139,73.31355,331.59,0.38,0.59,2025-11-02,729,N,VIIRS,n,2,299.4,8.45,D,0
32.02339,73.32149,349.53,0.38,0.59,2025-11-02,729,N,VIIRS,n,2,300.57,4.78,D,0
32.02505,73.4996,338.24,0.37,0.58,2025-11-02,729,N,VIIRS,n,2,301.55,2.8,D,0
32.02866,73.31969,333.87,0.38,0.59,2025-11-02,729,N,VIIRS,n,2,299.75,4.78,D,0
32.02882,73.42229,367,0.38,0.58,2025-11-02,729,N,VIIRS,h,2,304.43,9.99,D,0
32.03131,73.42126,367,0.38,0.58,2025-11-02,729,N,VIIRS,h,2,303.81,9.81,D,0
32.03461,73.34342,367,0.38,0.59,2025-11-02,729,N,VIIRS,h,2,301.27,9.18,D,0
32.0356,73.34737,355.58,0.38,0.59,2025-11-02,729,N,VIIRS,n,2,300.9,9.18,D,0
32.0421,72.84457,335.89,0.4,0.6,2025-11-02,729,N,VIIRS,n,2,299.16,3.34,D,0
32.04925,73.47011,353.36,0.37,0.58,2025-11-02,729,N,VIIRS,n,2,309.21,12.82,D,0
32.05022,73.47398,343.87,0.37,0.58,2025-11-02,729,N,VIIRS,n,2,301.32,23.24,D,0
32.05033,72.94633,333.86,0.4,0.6,2025-11-02,729,N,VIIRS,n,2,299,6.02,D,0
32.05071,73.38496,337.62,0.38,0.58,2025-11-02,729,N,VIIRS,n,2,301.49,5.81,D,0
32.05169,73.38888,339.81,0.38,0.58,2025-11-02,729,N,VIIRS,n,2,300.41,7.77,D,0
32.05243,74.3806,339.51,0.33,0.55,2025-11-02,729,N,VIIRS,n,2,300.23,2.21,D,0
32.05373,73.51062,332.1,0.37,0.58,2025-11-02,729,N,VIIRS,n,2,300.94,4.15,D,0
32.05449,73.46835,367,0.37,0.58,2025-11-02,729,N,VIIRS,h,2,300.61,12.82,D,0
32.05469,73.51447,356.74,0.37,0.58,2025-11-02,729,N,VIIRS,n,2,302.66,7.27,D,0
32.05591,73.51012,331.54,0.37,0.58,2025-11-02,729,N,VIIRS,n,2,301.05,4.33,D,0
32.05685,73.51398,353.98,0.37,0.58,2025-11-02,729,N,VIIRS,n,2,301.8,7.59,D,0
32.06049,73.8724,338.43,0.35,0.57,2025-11-02,729,N,VIIRS,n,2,300.21,4.27,D,0
32.0661,73.51482,342.76,0.37,0.58,2025-11-02,729,N,VIIRS,n,2,300.66,3.05,D,0
32.07151,73.33093,339.02,0.38,0.59,2025-11-02,729,N,VIIRS,n,2,301.15,2.18,D,0
32.0839,73.62537,356.02,0.36,0.58,2025-11-02,729,N,VIIRS,n,2,304.25,12.84,D,0
32.08482,73.62918,354.77,0.36,0.58,2025-11-02,729,N,VIIRS,n,2,300.72,13.19,D,0
32.08762,73.62375,355.55,0.36,0.58,2025-11-02,729,N,VIIRS,n,2,302.31,13.38,D,0
32.08857,73.62756,356.24,0.36,0.58,2025-11-02,729,N,VIIRS,n,2,301.17,14.51,D,0
32.09971,74.42085,339.12,0.33,0.55,2025-11-02,729,N,VIIRS,n,2,300.79,2.65,D,0
32.11885,74.38867,349.24,0.33,0.55,2025-11-02,729,N,VIIRS,n,2,300.99,3.47,D,0
32.12017,73.59634,367,0.37,0.58,2025-11-02,729,N,VIIRS,h,2,301.71,12.16,D,0
32.12112,73.60015,367,0.36,0.58,2025-11-02,729,N,VIIRS,h,2,303.56,14.46,D,0
32.12594,73.91418,334.83,0.35,0.57,2025-11-02,729,N,VIIRS,n,2,300.84,2.14,D,0
32.12624,73.64368,332.74,0.36,0.58,2025-11-02,729,N,VIIRS,n,2,300.59,1.96,D,0
32.13075,74.2801,339.5,0.33,0.56,2025-11-02,729,N,VIIRS,n,2,301.17,2.2,D,0
32.13234,74.27846,332.34,0.33,0.56,2025-11-02,729,N,VIIRS,n,2,300.4,1.79,D,0
32.13337,73.60429,338.48,0.36,0.58,2025-11-02,729,N,VIIRS,n,2,300.07,4.67,D,0
32.13856,73.76157,334.91,0.36,0.57,2025-11-02,729,N,VIIRS,n,2,299.2,3.79,D,0
32.13948,73.7653,367,0.36,0.57,2025-11-02,729,N,VIIRS,h,2,301.04,7.63,D,0
32.14349,73.80412,340.53,0.35,0.57,2025-11-02,729,N,VIIRS,n,2,301.39,3.63,D,0
32.14395,72.57479,337.91,0.42,0.61,2025-11-02,729,N,VIIRS,n,2,300.03,3.42,D,0
32.19982,73.56444,346.49,0.36,0.58,2025-11-02,729,N,VIIRS,n,2,299.89,3.87,D,0
32.20469,73.82765,331.07,0.35,0.57,2025-11-02,729,N,VIIRS,n,2,300.07,1.83,D,0
32.21819,73.61587,342.27,0.36,0.58,2025-11-02,729,N,VIIRS,n,2,300.25,13.98,D,0
32.21912,73.61964,352.71,0.36,0.58,2025-11-02,729,N,VIIRS,n,2,302.07,13.98,D,0
32.22005,73.62342,367,0.36,0.58,2025-11-02,729,N,VIIRS,h,2,317.92,48.01,D,0
32.2243,73.61791,347.31,0.36,0.58,2025-11-02,729,N,VIIRS,n,2,298.75,13.98,D,0
32.22523,73.62169,367,0.36,0.58,2025-11-02,729,N,VIIRS,h,2,299.62,48.01,D,0
32.23305,73.94473,367,0.35,0.56,2025-11-02,729,N,VIIRS,h,2,304.93,7.36,D,0
32.23393,73.94837,332.77,0.35,0.56,2025-11-02,729,N,VIIRS,n,2,299.78,13.32,D,0
32.23814,73.94305,337.42,0.35,0.56,2025-11-02,729,N,VIIRS,n,2,298.97,7.36,D,0
32.24046,73.81847,330.76,0.35,0.57,2025-11-02,729,N,VIIRS,n,2,299.28,1.12,D,0
32.24139,73.81932,331.1,0.35,0.57,2025-11-02,729,N,VIIRS,n,2,299.3,1.05,D,0
32.24542,72.38737,367,0.42,0.61,2025-11-02,729,N,VIIRS,h,2,299.52,7.14,D,0
32.24562,72.41138,332.27,0.42,0.61,2025-11-02,729,N,VIIRS,n,2,298.64,3.98,D,0
32.24771,72.39622,355.92,0.42,0.61,2025-11-02,729,N,VIIRS,n,2,299.61,10.62,D,0
32.28679,73.82685,333.31,0.35,0.57,2025-11-02,729,N,VIIRS,n,2,300.55,1.91,D,0
32.32098,73.92196,331.65,0.35,0.56,2025-11-02,729,N,VIIRS,n,2,299.83,2.45,D,0
32.34641,74.04939,367,0.34,0.56,2025-11-02,729,N,VIIRS,h,2,305.01,7.87,D,0
32.34728,74.05295,367,0.34,0.56,2025-11-02,729,N,VIIRS,h,2,303.76,7.87,D,0
32.3574,74.53138,333.47,0.32,0.55,2025-11-02,729,N,VIIRS,n,2,300.44,1.75,D,0
32.36303,73.86852,354.8,0.35,0.57,2025-11-02,729,N,VIIRS,n,2,302.1,4.22,D,0
32.36406,73.86958,352.47,0.35,0.57,2025-11-02,729,N,VIIRS,n,2,302.43,4.58,D,0
32.37434,74.44609,329.59,0.32,0.55,2025-11-02,729,N,VIIRS,n,2,300.11,1.9,D,0
32.47638,73.40926,367,0.37,0.58,2025-11-02,729,N,VIIRS,h,2,303.33,6.9,D,0
32.48158,73.4075,367,0.37,0.58,2025-11-02,729,N,VIIRS,h,2,299.53,6.9,D,0
32.54143,73.25194,332.64,0.37,0.58,2025-11-02,729,N,VIIRS,n,2,299.2,1.56,D,0
32.54473,73.2513,331.87,0.37,0.58,2025-11-02,729,N,VIIRS,n,2,299.16,1.84,D,0
33.23571,71.51716,331.37,0.45,0.63,2025-11-02,729,N,VIIRS,n,2,302.17,1.44,D,2
28.36755,73.08335,336.99,0.53,0.67,2025-11-02,908,N,VIIRS,l,2,307.83,3.02,D,0
28.91182,70.56543,330.47,0.38,0.59,2025-11-02,908,N,VIIRS,l,2,303.39,5.14,D,0
29.29968,73.70467,331.57,0.59,0.7,2025-11-02,908,N,VIIRS,n,2,303.98,2.7,D,0
29.34723,74.27274,342.46,0.64,0.72,2025-11-02,908,N,VIIRS,n,2,305.11,6.61,D,0
29.39183,73.94954,332.94,0.61,0.71,2025-11-02,908,N,VIIRS,n,2,302.31,3.34,D,0
29.34477,70.29155,347.08,0.37,0.58,2025-11-02,909,N,VIIRS,n,2,305.51,4.74,D,0
29.34838,70.48108,330.88,0.38,0.59,2025-11-02,909,N,VIIRS,n,2,304.89,1.53,D,0
29.38895,73.94814,332.3,0.61,0.71,2025-11-02,909,N,VIIRS,n,2,301.56,2.99,D,0
29.43812,73.99768,343.51,0.61,0.71,2025-11-02,909,N,VIIRS,n,2,302.09,13.88,D,0
29.46589,74.44511,339.96,0.65,0.73,2025-11-02,909,N,VIIRS,n,2,302.79,6.33,D,0
29.47828,74.41645,333.59,0.65,0.73,2025-11-02,909,N,VIIRS,n,2,302.92,3.05,D,0
29.47935,71.57955,331.19,0.44,0.62,2025-11-02,909,N,VIIRS,n,2,304.29,1.7,D,0
29.50596,74.42205,337.9,0.65,0.73,2025-11-02,909,N,VIIRS,n,2,301.63,4.3,D,0
29.51228,74.55602,336.85,0.66,0.73,2025-11-02,909,N,VIIRS,n,2,300.85,3.54,D,0
29.52561,74.55283,336.77,0.66,0.73,2025-11-02,909,N,VIIRS,n,2,302.38,4.03,D,0
29.52605,74.55534,330.18,0.66,0.73,2025-11-02,909,N,VIIRS,l,2,300.96,4.38,D,0
29.52813,74.05231,335.3,0.62,0.71,2025-11-02,909,N,VIIRS,n,2,301.97,3.44,D,0
29.53369,74.58112,344.76,0.67,0.73,2025-11-02,909,N,VIIRS,n,2,301.68,5.66,D,0
29.54383,74.49494,337.24,0.66,0.73,2025-11-02,909,N,VIIRS,n,2,303.03,5.12,D,0
29.54837,74.44802,344.94,0.65,0.73,2025-11-02,909,N,VIIRS,n,2,302.25,11.54,D,0
29.54872,74.45502,367,0.65,0.73,2025-11-02,909,N,VIIRS,h,2,303.71,11.54,D,0
29.54885,74.45224,367,0.65,0.73,2025-11-02,909,N,VIIRS,h,2,308.07,28.92,D,0
29.58182,74.42242,332.54,0.65,0.73,2025-11-02,909,N,VIIRS,n,2,301.87,3.14,D,0
29.61604,71.80827,333.41,0.46,0.63,2025-11-02,909,N,VIIRS,n,2,301.46,2.27,D,0
29.65072,71.61326,336.13,0.44,0.63,2025-11-02,909,N,VIIRS,n,2,304.91,3.45,D,0
29.68131,71.74431,367,0.45,0.63,2025-11-02,909,N,VIIRS,h,2,305.08,5.78,D,0
29.68322,71.74477,367,0.45,0.63,2025-11-02,909,N,VIIRS,h,2,304.1,6.36,D,0
29.7037,71.53722,344.94,0.44,0.62,2025-11-02,909,N,VIIRS,n,2,304.56,20.34,D,0
29.70401,71.54192,367,0.44,0.62,2025-11-02,909,N,VIIRS,h,2,310.12,20.34,D,0
29.78368,72.76695,334.67,0.52,0.67,2025-11-02,909,N,VIIRS,n,2,301.55,2.54,D,0
29.79626,75.34221,338.89,0.74,0.76,2025-11-02,909,N,VIIRS,n,2,298.31,4.84,D,0
29.85098,72.78651,331.04,0.52,0.67,2025-11-02,909,N,VIIRS,n,2,300.69,5.87,D,0
29.85391,72.78465,337.1,0.52,0.67,2025-11-02,909,N,VIIRS,n,2,300.91,2.94,D,0
29.94125,72.19354,344.54,0.48,0.65,2025-11-02,909,N,VIIRS,n,2,301.08,4.77,D,0
29.94131,71.7945,341.77,0.46,0.63,2025-11-02,909,N,VIIRS,n,2,302.89,3.08,D,0
29.97515,75.02933,367,0.71,0.75,2025-11-02,909,N,VIIRS,h,2,303.18,16.44,D,0
29.97878,75.02651,367,0.71,0.75,2025-11-02,909,N,VIIRS,h,2,302.51,12.84,D,0
29.98194,74.25763,331.25,0.64,0.72,2025-11-02,909,N,VIIRS,n,2,300.65,4.21,D,0
29.98225,74.26453,331.94,0.64,0.72,2025-11-02,909,N,VIIRS,n,2,301.24,4.21,D,0
30.02925,75.0475,356.07,0.71,0.75,2025-11-02,909,N,VIIRS,n,2,300.44,13.9,D,0
30.04234,75.3886,367,0.75,0.77,2025-11-02,909,N,VIIRS,h,2,303.65,22.86,D,0
30.08274,75.31421,339.07,0.74,0.76,2025-11-02,909,N,VIIRS,n,2,299.8,9.11,D,0
30.08538,75.31434,338.86,0.74,0.76,2025-11-02,909,N,VIIRS,n,2,299.92,9.99,D,0
30.1678,72.99004,355.83,0.54,0.68,2025-11-02,909,N,VIIRS,n,2,303.03,16.4,D,0
30.17179,72.98905,338.35,0.54,0.68,2025-11-02,909,N,VIIRS,n,2,300.82,7.65,D,0
30.17212,72.99487,351.11,0.54,0.68,2025-11-02,909,N,VIIRS,n,2,301.12,13.33,D,0
30.1754,75.36561,342.58,0.75,0.77,2025-11-02,909,N,VIIRS,n,2,298.42,7.88,D,0
30.17889,72.88995,332.93,0.54,0.67,2025-11-02,909,N,VIIRS,n,2,300.51,3.41,D,0
30.18184,72.89034,337.07,0.54,0.68,2025-11-02,909,N,VIIRS,n,2,300.88,2.67,D,0
30.20303,75.19759,342.25,0.73,0.76,2025-11-02,909,N,VIIRS,n,2,298.12,13.93,D,0
30.20317,72.87114,349.23,0.53,0.67,2025-11-02,909,N,VIIRS,n,2,302.79,5.02,D,0
30.20336,75.20553,367,0.73,0.76,2025-11-02,909,N,VIIRS,h,2,299.99,23.42,D,0
30.2049,74.62914,354.37,0.68,0.74,2025-11-02,909,N,VIIRS,n,2,300.74,14.17,D,0
30.2058,75.2032,367,0.73,0.76,2025-11-02,909,N,VIIRS,h,2,300.33,23.76,D,0
30.20624,72.87138,367,0.53,0.67,2025-11-02,909,N,VIIRS,h,2,303.66,10.4,D,0
30.21782,70.63403,336.34,0.39,0.6,2025-11-02,909,N,VIIRS,n,2,302.88,5.86,D,0
30.22946,74.7168,342.81,0.69,0.74,2025-11-02,909,N,VIIRS,n,2,300.17,6.75,D,0
30.2478,70.66098,340.59,0.39,0.6,2025-11-02,909,N,VIIRS,n,2,305.23,3.41,D,0
30.26478,70.68132,335.85,0.4,0.6,2025-11-02,909,N,VIIRS,n,2,305.36,2.81,D,0
30.26608,70.68058,338.8,0.4,0.6,2025-11-02,909,N,VIIRS,n,2,304.75,3.2,D,0
30.29825,70.67831,335.06,0.4,0.6,2025-11-02,909,N,VIIRS,n,2,304.39,2.18,D,0
30.30732,70.64775,345.12,0.39,0.6,2025-11-02,909,N,VIIRS,n,2,305.08,3.78,D,0
30.3442,73.41667,336.21,0.58,0.69,2025-11-02,909,N,VIIRS,n,2,299.58,5.02,D,0
30.38435,74.93293,337.85,0.71,0.75,2025-11-02,909,N,VIIRS,n,2,299.01,7.47,D,0
30.39041,74.8006,367,0.7,0.75,2025-11-02,909,N,VIIRS,h,2,301.52,15.54,D,0
30.3926,74.79527,367,0.69,0.75,2025-11-02,909,N,VIIRS,h,2,299.04,16.25,D,0
30.39293,74.80282,367,0.7,0.75,2025-11-02,909,N,VIIRS,h,2,299.31,16.25,D,0
30.39743,74.80029,367,0.7,0.75,2025-11-02,909,N,VIIRS,h,2,298.4,15.54,D,0
30.4488,71.78316,332.11,0.46,0.64,2025-11-02,909,N,VIIRS,n,2,302,2.31,D,0
30.4745,72.28809,336.96,0.5,0.66,2025-11-02,909,N,VIIRS,n,2,300.48,3.51,D,0
30.48929,72.01403,331.38,0.48,0.65,2025-11-02,909,N,VIIRS,n,2,303.6,4.07,D,0
30.48936,71.81583,340.74,0.47,0.64,2025-11-02,909,N,VIIRS,n,2,301.95,5.75,D,0
30.51215,74.54866,336.72,0.67,0.74,2025-11-02,909,N,VIIRS,n,2,299.16,4.56,D,0
30.51532,72.04314,348.44,0.48,0.65,2025-11-02,909,N,VIIRS,n,2,303,4.8,D,0
30.52812,74.59955,330.61,0.68,0.74,2025-11-02,909,N,VIIRS,n,2,298.29,3.92,D,0
30.53602,72.06229,349.47,0.48,0.65,2025-11-02,909,N,VIIRS,n,2,302.5,5.08,D,0
30.53633,71.98997,334.75,0.48,0.64,2025-11-02,909,N,VIIRS,n,2,301.67,2.5,D,0
30.53805,71.98969,332.82,0.48,0.64,2025-11-02,909,N,VIIRS,n,2,300.43,3.93,D,0
30.5408,72.06203,367,0.48,0.65,2025-11-02,909,N,VIIRS,h,2,302.4,6.43,D,0
30.54088,74.25285,347.07,0.65,0.73,2025-11-02,909,N,VIIRS,n,2,300.81,15.06,D,0
30.54145,74.25009,367,0.65,0.73,2025-11-02,909,N,VIIRS,h,2,302.03,13.92,D,0
30.54208,72.06182,331.64,0.48,0.65,2025-11-02,909,N,VIIRS,n,2,300,5.08,D,0
30.55098,72.03022,367,0.48,0.65,2025-11-02,909,N,VIIRS,h,2,303.44,14.36,D,0
30.55245,72.02993,367,0.48,0.65,2025-11-02,909,N,VIIRS,h,2,303.73,15.65,D,0
30.5605,73.89147,332.53,0.62,0.71,2025-11-02,909,N,VIIRS,n,2,299.59,3.54,D,0
30.59382,72.80274,333.15,0.53,0.67,2025-11-02,909,N,VIIRS,n,2,299.64,4.18,D,0
30.60491,74.60369,337.41,0.68,0.74,2025-11-02,909,N,VIIRS,n,2,298.8,6.69,D,0
30.68387,75.42971,367,0.76,0.77,2025-11-02,909,N,VIIRS,h,2,299.14,10.58,D,0
30.68556,75.4342,343.61,0.76,0.77,2025-11-02,909,N,VIIRS,n,2,297.71,15.64,D,0
30.69386,71.74099,345.33,0.46,0.64,2025-11-02,909,N,VIIRS,n,2,301.73,4.05,D,0
30.70609,71.74506,367,0.46,0.64,2025-11-02,909,N,VIIRS,h,2,303.71,20.5,D,0
30.71173,71.73962,351.16,0.46,0.64,2025-11-02,909,N,VIIRS,n,2,301.68,9.56,D,0
30.71452,71.78455,367,0.47,0.64,2025-11-02,909,N,VIIRS,h,2,301.72,9.72,D,0
30.7227,71.72383,335.47,0.46,0.64,2025-11-02,909,N,VIIRS,n,2,300.48,3.83,D,0
30.72553,71.76865,367,0.46,0.64,2025-11-02,909,N,VIIRS,h,2,305.05,22.74,D,0
30.72572,71.72046,339.62,0.46,0.64,2025-11-02,909,N,VIIRS,n,2,301.04,2.7,D,0
30.72584,71.77365,335.08,0.46,0.64,2025-11-02,909,N,VIIRS,n,2,299.92,18.73,D,0
30.72821,72.00819,336.09,0.48,0.65,2025-11-02,909,N,VIIRS,n,2,300.29,3.5,D,0
30.73252,71.73489,339.82,0.46,0.64,2025-11-02,909,N,VIIRS,n,2,301.57,3.03,D,0
30.73338,71.74986,332.9,0.46,0.64,2025-11-02,909,N,VIIRS,n,2,302.03,2.18,D,0
30.73651,71.75279,338.84,0.46,0.64,2025-11-02,909,N,VIIRS,n,2,301.75,5.91,D,0
30.73715,71.76277,340.13,0.46,0.64,2025-11-02,909,N,VIIRS,n,2,301.29,4.38,D,0
30.73992,71.75938,352.92,0.46,0.64,2025-11-02,909,N,VIIRS,n,2,301.55,5.5,D,0
30.74311,71.76233,339.61,0.46,0.64,2025-11-02,909,N,VIIRS,n,2,301.11,3.22,D,0
30.74604,72.00173,354.43,0.48,0.65,2025-11-02,909,N,VIIRS,n,2,302.68,5.79,D,0
30.74737,71.99868,333.38,0.48,0.65,2025-11-02,909,N,VIIRS,n,2,300.82,7.32,D,0
30.74762,71.78898,337.28,0.47,0.64,2025-11-02,909,N,VIIRS,n,2,300.32,1.99,D,0
30.74981,71.72359,332.8,0.46,0.64,2025-11-02,909,N,VIIRS,n,2,300.85,2.4,D,0
30.7505,71.97552,341.17,0.48,0.65,2025-11-02,909,N,VIIRS,n,2,300.89,3.28,D,0
30.75068,71.7869,341.16,0.47,0.64,2025-11-02,909,N,VIIRS,n,2,300.83,4.81,D,0
30.75198,71.97245,336.41,0.48,0.65,2025-11-02,909,N,VIIRS,n,2,300.22,3.38,D,0
30.75343,71.73656,336.4,0.46,0.64,2025-11-02,909,N,VIIRS,n,2,301.98,3.13,D,0
30.75359,71.78852,337.81,0.47,0.64,2025-11-02,909,N,VIIRS,n,2,300.49,2.9,D,0
30.75577,71.72314,330.91,0.46,0.64,2025-11-02,909,N,VIIRS,n,2,300.98,2.4,D,0
30.75665,71.73807,347.51,0.46,0.64,2025-11-02,909,N,VIIRS,n,2,301.71,4.54,D,0
30.75698,71.79147,339.9,0.47,0.64,2025-11-02,909,N,VIIRS,n,2,300.38,4.54,D,0
30.75752,71.75301,337.28,0.46,0.64,2025-11-02,909,N,VIIRS,n,2,300.93,6.25,D,0
30.75781,71.75801,367,0.46,0.64,2025-11-02,909,N,VIIRS,h,2,301.66,6.25,D,0
30.75957,71.78807,332.21,0.47,0.64,2025-11-02,909,N,VIIRS,n,2,299.44,2.9,D,0
30.76068,71.75604,367,0.46,0.64,2025-11-02,909,N,VIIRS,h,2,303.15,11.37,D,0
30.765,74.48643,337.26,0.67,0.74,2025-11-02,909,N,VIIRS,n,2,297.6,5.96,D,0
30.76584,71.79264,331.16,0.47,0.64,2025-11-02,909,N,VIIRS,n,2,300.36,4.2,D,0
30.77063,71.7721,337.24,0.47,0.64,2025-11-02,909,N,VIIRS,n,2,301.36,2.19,D,0
30.77182,71.79218,342.51,0.47,0.64,2025-11-02,909,N,VIIRS,n,2,299.32,4.2,D,0
30.7766,71.77165,330.7,0.47,0.64,2025-11-02,909,N,VIIRS,n,2,299.2,3.73,D,0
30.78378,71.79129,349.76,0.47,0.64,2025-11-02,909,N,VIIRS,n,2,300.53,5.23,D,0
30.79036,71.80088,342.82,0.47,0.64,2025-11-02,909,N,VIIRS,n,2,301.44,5.35,D,0
30.79801,74.4681,344.43,0.67,0.74,2025-11-02,909,N,VIIRS,n,2,298.72,9.04,D,0
30.79896,74.47038,351.44,0.67,0.74,2025-11-02,909,N,VIIRS,n,2,299.94,7.65,D,0
30.81903,71.77853,336.1,0.47,0.64,2025-11-02,909,N,VIIRS,n,2,301.92,5.62,D,0
30.82563,71.78817,349.77,0.47,0.64,2025-11-02,909,N,VIIRS,n,2,301.21,7.39,D,0
30.84096,70.86031,345.98,0.41,0.61,2025-11-02,909,N,VIIRS,n,2,302.72,4.67,D,0
30.84145,71.81856,330.21,0.47,0.64,2025-11-02,909,N,VIIRS,n,2,299.62,1.77,D,0
30.84546,71.81705,340.73,0.47,0.64,2025-11-02,909,N,VIIRS,n,2,300.23,4.44,D,0
30.84693,70.78033,336.11,0.41,0.6,2025-11-02,909,N,VIIRS,n,2,301.04,4.09,D,0
30.85082,71.80653,344.23,0.47,0.64,2025-11-02,909,N,VIIRS,n,2,300.65,8.99,D,0
30.85285,71.80753,348.35,0.47,0.64,2025-11-02,909,N,VIIRS,n,2,300.53,7.28,D,0
30.8588,74.62739,345.74,0.69,0.74,2025-11-02,909,N,VIIRS,n,2,299.03,16.66,D,0
30.85998,74.62817,350.82,0.68,0.74,2025-11-02,909,N,VIIRS,n,2,299.43,13.29,D,0
30.86374,72.11221,336.02,0.49,0.65,2025-11-02,909,N,VIIRS,n,2,300.2,3.7,D,0
30.86387,72.11588,336.26,0.49,0.65,2025-11-02,909,N,VIIRS,n,2,300.06,4.38,D,0
30.87817,70.7785,345.5,0.41,0.6,2025-11-02,909,N,VIIRS,n,2,303.69,4.73,D,0
30.88079,70.77747,349.54,0.41,0.6,2025-11-02,909,N,VIIRS,n,2,303.14,4.93,D,0
30.91962,74.7609,336.87,0.7,0.75,2025-11-02,909,N,VIIRS,n,2,299.04,5.25,D,0
30.92157,74.76174,340.08,0.7,0.75,2025-11-02,909,N,VIIRS,n,2,298.61,6.4,D,0
30.9284,70.76537,331.33,0.41,0.6,2025-11-02,909,N,VIIRS,n,2,300.91,2.24,D,0
30.94482,73.65334,342.45,0.6,0.71,2025-11-02,909,N,VIIRS,n,2,299.04,6.77,D,0
30.95148,71.94371,332.46,0.48,0.65,2025-11-02,909,N,VIIRS,n,2,299.43,3.29,D,0
30.95179,71.94885,339.11,0.48,0.65,2025-11-02,909,N,VIIRS,n,2,300.27,3.29,D,0
30.95321,71.94588,333.09,0.48,0.65,2025-11-02,909,N,VIIRS,n,2,298.91,7.69,D,0
30.96511,72.16617,331.07,0.49,0.65,2025-11-02,909,N,VIIRS,n,2,300.37,3.14,D,0
30.99627,72.27977,336.6,0.5,0.66,2025-11-02,909,N,VIIRS,n,2,300.24,3.97,D,0
31.01022,70.79815,332.58,0.41,0.61,2025-11-02,909,N,VIIRS,n,2,300.83,1.64,D,0
31.03239,72.16135,335.96,0.49,0.65,2025-11-02,909,N,VIIRS,n,2,299.86,4.48,D,0
31.03269,72.16669,330.21,0.49,0.65,2025-11-02,909,N,VIIRS,l,2,300.52,4.48,D,0
31.03633,72.23097,336.45,0.5,0.66,2025-11-02,909,N,VIIRS,n,2,299.85,4.19,D,0
31.03664,72.23635,333.39,0.5,0.66,2025-11-02,909,N,VIIRS,n,2,299.08,5.63,D,0
31.03996,74.85423,337.5,0.71,0.75,2025-11-02,909,N,VIIRS,n,2,299.18,4.08,D,0
31.05445,72.22436,345.38,0.5,0.66,2025-11-02,909,N,VIIRS,n,2,300.33,5.24,D,0
31.09458,75.18604,336.13,0.74,0.76,2025-11-02,909,N,VIIRS,n,2,296.62,4.21,D,0
31.12062,70.75638,331.26,0.41,0.6,2025-11-02,909,N,VIIRS,n,2,301.08,1.63,D,0
31.16358,69.70377,333.55,0.36,0.57,2025-11-02,909,N,VIIRS,n,2,300.61,2.37,D,0
31.20249,73.58584,331.88,0.6,0.71,2025-11-02,909,N,VIIRS,n,2,299.58,3.33,D,0
31.20907,74.72341,355.99,0.7,0.75,2025-11-02,909,N,VIIRS,n,2,300.51,17.08,D,0
31.21121,74.77711,335.3,0.7,0.75,2025-11-02,909,N,VIIRS,n,2,299.18,4.34,D,0
31.21364,74.72478,350.48,0.7,0.75,2025-11-02,909,N,VIIRS,n,2,298.89,13.49,D,0
31.22776,73.55834,354.6,0.6,0.7,2025-11-02,909,N,VIIRS,n,2,300.38,12.76,D,0
31.22958,73.59753,348.49,0.6,0.71,2025-11-02,909,N,VIIRS,n,2,300.01,9.51,D,0
31.25513,73.62765,338.19,0.6,0.71,2025-11-02,909,N,VIIRS,n,2,299.08,7.87,D,0
31.25689,75.16614,331.29,0.74,0.76,2025-11-02,909,N,VIIRS,n,2,296.77,3.36,D,0
31.25765,73.62896,349.91,0.6,0.71,2025-11-02,909,N,VIIRS,n,2,299.41,6.35,D,0
31.28524,70.6367,338.03,0.4,0.6,2025-11-02,909,N,VIIRS,n,2,302.62,2.22,D,0
31.28876,70.63713,339.47,0.4,0.6,2025-11-02,909,N,VIIRS,n,2,302.16,2.95,D,0
31.2916,73.78059,338.58,0.62,0.71,2025-11-02,909,N,VIIRS,n,2,298.66,4.74,D,0
31.31812,73.69733,367,0.61,0.71,2025-11-02,909,N,VIIRS,h,2,302.73,20.14,D,0
31.32432,74.53022,332.05,0.68,0.74,2025-11-02,909,N,VIIRS,n,2,296.97,3.28,D,0
31.33031,74.90644,337.99,0.72,0.75,2025-11-02,909,N,VIIRS,n,2,296.78,5.25,D,0
31.35231,73.80716,337.32,0.62,0.71,2025-11-02,909,N,VIIRS,n,2,300.01,5.22,D,0
31.41054,72.22527,331.27,0.5,0.66,2025-11-02,909,N,VIIRS,n,2,299.72,2.44,D,0
31.41782,72.62632,330.14,0.53,0.67,2025-11-02,909,N,VIIRS,n,2,298.74,3.02,D,0
31.42399,72.25449,331.32,0.5,0.66,2025-11-02,909,N,VIIRS,n,2,299.71,3.46,D,0
31.42971,72.67425,367,0.53,0.67,2025-11-02,909,N,VIIRS,h,2,302.02,9.37,D,0
31.43223,72.17754,350.6,0.5,0.66,2025-11-02,909,N,VIIRS,n,2,300.68,8.85,D,0
31.43268,72.6717,367,0.53,0.67,2025-11-02,909,N,VIIRS,h,2,300.52,9.68,D,0
31.43296,72.67749,339.04,0.53,0.67,2025-11-02,909,N,VIIRS,n,2,299.2,9.68,D,0
31.43602,72.67386,340.06,0.53,0.67,2025-11-02,909,N,VIIRS,n,2,298.65,5.12,D,0
31.44571,72.19836,334.08,0.5,0.66,2025-11-02,909,N,VIIRS,n,2,299.89,3.56,D,0
31.44965,73.63979,339.54,0.61,0.71,2025-11-02,909,N,VIIRS,n,2,299.24,5.23,D,0
31.45234,73.64093,337.92,0.61,0.71,2025-11-02,909,N,VIIRS,n,2,298.95,4.03,D,0
31.46748,72.25706,345.37,0.5,0.66,2025-11-02,909,N,VIIRS,n,2,301.59,5.92,D,0
31.46929,72.2899,337.62,0.51,0.66,2025-11-02,909,N,VIIRS,n,2,300.53,3.95,D,0
31.47366,72.25665,367,0.5,0.66,2025-11-02,909,N,VIIRS,h,2,301.37,5.92,D,0
31.47852,73.86108,329.96,0.63,0.72,2025-11-02,909,N,VIIRS,n,2,297.73,4.39,D,0
31.5027,72.33202,332.97,0.51,0.66,2025-11-02,909,N,VIIRS,n,2,299.63,2.97,D,0
31.50426,72.35971,345.36,0.51,0.66,2025-11-02,909,N,VIIRS,n,2,301.66,4.64,D,0
31.50704,72.33096,367,0.51,0.66,2025-11-02,909,N,VIIRS,h,2,303.14,11.9,D,0
31.50844,72.3587,344.42,0.51,0.66,2025-11-02,909,N,VIIRS,n,2,300.54,5.21,D,0
31.5089,72.3316,348.18,0.51,0.66,2025-11-02,909,N,VIIRS,n,2,301.87,9.11,D,0
31.51266,73.70998,367,0.61,0.71,2025-11-02,909,N,VIIRS,h,2,300.7,11.6,D,0
31.51965,72.21427,334.96,0.5,0.66,2025-11-02,909,N,VIIRS,n,2,300.29,4.93,D,0
31.52003,72.3087,331.21,0.51,0.66,2025-11-02,909,N,VIIRS,n,2,299.93,2.11,D,0
31.52821,72.14291,367,0.5,0.66,2025-11-02,909,N,VIIRS,h,2,303,11.76,D,0
31.53562,75.10533,333.91,0.74,0.76,2025-11-02,909,N,VIIRS,n,2,298.39,5.19,D,0
31.53668,72.18582,349.53,0.5,0.66,2025-11-02,909,N,VIIRS,n,2,303.18,10.4,D,0
31.5392,72.35107,330.2,0.51,0.66,2025-11-02,909,N,VIIRS,n,2,299.68,2.21,D,0
31.54283,72.18539,341.04,0.5,0.66,2025-11-02,909,N,VIIRS,n,2,301.45,5.72,D,0
31.56273,73.78178,336.74,0.62,0.71,2025-11-02,909,N,VIIRS,n,2,297.55,5.6,D,0
31.56303,73.78859,338,0.62,0.71,2025-11-02,909,N,VIIRS,n,2,297.81,5.6,D,0
31.56524,73.78239,337.26,0.62,0.71,2025-11-02,909,N,VIIRS,n,2,297.55,4.54,D,0
31.58901,72.46605,353.13,0.52,0.67,2025-11-02,909,N,VIIRS,n,2,300.55,6.24,D,0
31.59344,72.43176,330.39,0.52,0.67,2025-11-02,909,N,VIIRS,n,2,299.97,3.92,D,0
31.59805,72.31146,352.18,0.51,0.66,2025-11-02,909,N,VIIRS,n,2,301.99,6.9,D,0
31.59913,72.3082,335.43,0.51,0.66,2025-11-02,909,N,VIIRS,n,2,300.9,4.42,D,0
31.59944,72.31371,331.31,0.51,0.66,2025-11-02,909,N,VIIRS,n,2,301.17,5.72,D,0
31.60683,72.23895,342.16,0.5,0.66,2025-11-02,909,N,VIIRS,n,2,299.46,5.21,D,0
31.60747,72.23586,348.54,0.5,0.66,2025-11-02,909,N,VIIRS,n,2,300.67,7.53,D,0
31.61777,72.41894,335.49,0.52,0.67,2025-11-02,909,N,VIIRS,n,2,299.69,2.59,D,0
31.63674,70.63223,330.86,0.41,0.6,2025-11-02,909,N,VIIRS,n,2,302.05,2.22,D,0
31.6401,72.16537,340.13,0.5,0.66,2025-11-02,909,N,VIIRS,n,2,300.69,4.25,D,0
31.64018,73.65034,330.13,0.61,0.71,2025-11-02,909,N,VIIRS,n,2,298.4,5.96,D,0
31.64742,72.18676,330.06,0.5,0.66,2025-11-02,909,N,VIIRS,l,2,300.08,3.44,D,0
31.66864,73.60091,336.66,0.61,0.71,2025-11-02,909,N,VIIRS,n,2,299.55,4.07,D,0
31.67445,72.22889,367,0.5,0.66,2025-11-02,909,N,VIIRS,h,2,304.28,18.47,D,0
31.67475,72.23438,346.8,0.5,0.66,2025-11-02,909,N,VIIRS,n,2,299.91,18.09,D,0
31.69808,72.55402,355.44,0.53,0.67,2025-11-02,909,N,VIIRS,n,2,300.49,5.47,D,0
31.70544,72.2561,350.17,0.51,0.66,2025-11-02,909,N,VIIRS,n,2,300.57,6.24,D,0
31.70686,72.54395,336.69,0.53,0.67,2025-11-02,909,N,VIIRS,n,2,300.15,3.01,D,0
31.70875,72.58428,331.9,0.53,0.67,2025-11-02,909,N,VIIRS,n,2,298.91,6.02,D,0
31.71448,72.50699,341.61,0.52,0.67,2025-11-02,909,N,VIIRS,n,2,299.2,3.34,D,0
31.72229,72.53523,338.92,0.53,0.67,2025-11-02,909,N,VIIRS,n,2,299.02,4.55,D,0
31.7226,72.54097,342.29,0.53,0.67,2025-11-02,909,N,VIIRS,n,2,299.89,4.55,D,0
31.72544,72.53699,367,0.53,0.67,2025-11-02,909,N,VIIRS,h,2,301.7,7.97,D,0
31.72572,72.54272,330.45,0.53,0.67,2025-11-02,909,N,VIIRS,n,2,298.92,7.97,D,0
31.72818,73.43984,340.67,0.59,0.7,2025-11-02,909,N,VIIRS,n,2,298.4,7.12,D,0
31.77202,72.58607,333.1,0.53,0.67,2025-11-02,909,N,VIIRS,n,2,300.42,4,D,0
31.77832,72.58568,342.2,0.53,0.67,2025-11-02,909,N,VIIRS,n,2,298.55,4,D,0
31.80425,74.83322,340.25,0.71,0.75,2025-11-02,909,N,VIIRS,n,2,298.66,4.94,D,0
31.8101,73.25188,335.78,0.58,0.7,2025-11-02,909,N,VIIRS,n,2,298.76,4.91,D,0
31.82036,73.48413,331.27,0.6,0.7,2025-11-02,909,N,VIIRS,n,2,298.53,2.41,D,0
31.82554,73.45112,337.03,0.6,0.7,2025-11-02,909,N,VIIRS,n,2,299.6,5.29,D,0
31.82714,73.64326,339.86,0.61,0.71,2025-11-02,909,N,VIIRS,n,2,297.07,4.14,D,0
31.83215,73.45078,331.43,0.6,0.7,2025-11-02,909,N,VIIRS,n,2,298.43,5.29,D,0
31.83381,73.64294,333.28,0.61,0.71,2025-11-02,909,N,VIIRS,n,2,296.05,3.46,D,0
31.84392,73.72356,343.79,0.62,0.71,2025-11-02,909,N,VIIRS,n,2,298.88,7.63,D,0
31.85062,73.72325,346.68,0.62,0.71,2025-11-02,909,N,VIIRS,n,2,297.34,9.8,D,0
31.86024,73.21609,350.62,0.58,0.7,2025-11-02,909,N,VIIRS,n,2,300.12,10.01,D,0
31.86051,73.2224,348.52,0.58,0.7,2025-11-02,909,N,VIIRS,n,2,299.7,12.71,D,0
31.86085,73.21755,367,0.58,0.69,2025-11-02,909,N,VIIRS,h,2,300.78,16.73,D,0
31.88477,74.05548,337.06,0.65,0.73,2025-11-02,909,N,VIIRS,n,2,297.42,7,D,0
31.89897,72.92138,334.61,0.56,0.68,2025-11-02,909,N,VIIRS,n,2,299.35,3.95,D,0
31.8993,73.6858,341.45,0.61,0.71,2025-11-02,909,N,VIIRS,n,2,298.95,10.11,D,0
31.90267,73.68689,367,0.61,0.71,2025-11-02,909,N,VIIRS,h,2,303.67,36.65,D,0
31.90571,73.6787,335.52,0.61,0.71,2025-11-02,909,N,VIIRS,n,2,298.71,10.11,D,0
31.90598,73.68549,367,0.61,0.71,2025-11-02,909,N,VIIRS,h,2,301.19,10.11,D,0
31.90905,73.67981,341.29,0.61,0.71,2025-11-02,909,N,VIIRS,n,2,298.94,15.2,D,0
31.95046,73.37517,352.63,0.59,0.7,2025-11-02,909,N,VIIRS,n,2,299.33,8.52,D,0
31.95185,73.2462,333.91,0.58,0.7,2025-11-02,909,N,VIIRS,n,2,298.4,6.79,D,0
31.95306,73.24283,337.01,0.58,0.7,2025-11-02,909,N,VIIRS,n,2,298.37,6.73,D,0
31.95492,74.87324,336.28,0.72,0.76,2025-11-02,909,N,VIIRS,n,2,297.29,7.81,D,0
31.95831,74.87337,332.45,0.72,0.76,2025-11-02,909,N,VIIRS,n,2,296.78,9.6,D,0
31.9618,73.32914,341.12,0.59,0.7,2025-11-02,909,N,VIIRS,n,2,298.56,6.39,D,0
31.96379,73.33207,353.13,0.59,0.7,2025-11-02,909,N,VIIRS,n,2,298.84,10.21,D,0
31.96652,73.28379,335.17,0.58,0.7,2025-11-02,909,N,VIIRS,n,2,298.96,8.87,D,0
31.96825,73.28679,367,0.58,0.7,2025-11-02,909,N,VIIRS,h,2,300.52,10.48,D,0
31.99332,74.96026,346.63,0.73,0.76,2025-11-02,909,N,VIIRS,n,2,298.56,11.04,D,0
32.0104,74.25896,331.22,0.66,0.73,2025-11-02,909,N,VIIRS,n,2,296.8,2.22,D,0
32.01313,72.41054,337.45,0.52,0.67,2025-11-02,909,N,VIIRS,n,2,298.59,3.54,D,0
32.01578,73.06579,332.58,0.57,0.69,2025-11-02,909,N,VIIRS,n,2,296.95,8.16,D,0
32.01607,73.07202,350.49,0.57,0.69,2025-11-02,909,N,VIIRS,n,2,298.55,8.16,D,0
32.02213,73.50931,331.15,0.6,0.71,2025-11-02,909,N,VIIRS,n,2,298.39,4.82,D,0
32.03455,73.48885,349.97,0.6,0.71,2025-11-02,909,N,VIIRS,n,2,298.55,9.13,D,0
32.03624,73.52855,342.37,0.6,0.71,2025-11-02,909,N,VIIRS,n,2,298.13,7.28,D,0
32.04118,73.48853,347.31,0.6,0.71,2025-11-02,909,N,VIIRS,n,2,297.21,9.13,D,0
32.05723,73.87496,337.71,0.63,0.72,2025-11-02,909,N,VIIRS,n,2,297.46,3.9,D,0
32.06682,74.30582,330.2,0.67,0.74,2025-11-02,909,N,VIIRS,n,2,296.98,2.78,D,0
32.08802,73.55444,340.01,0.61,0.71,2025-11-02,909,N,VIIRS,n,2,298.47,7.64,D,0
32.09086,73.55923,346.48,0.61,0.71,2025-11-02,909,N,VIIRS,n,2,298.74,8.26,D,0
32.09467,73.38882,332.25,0.59,0.7,2025-11-02,909,N,VIIRS,n,2,297.34,7.25,D,0
32.09623,73.38726,338.55,0.59,0.7,2025-11-02,909,N,VIIRS,n,2,297.91,6.64,D,0
32.09751,73.55892,331.73,0.61,0.71,2025-11-02,909,N,VIIRS,n,2,297.6,8.26,D,0
32.09781,73.5656,346.72,0.61,0.71,2025-11-02,909,N,VIIRS,n,2,298.58,14.82,D,0
32.10159,73.56044,367,0.61,0.71,2025-11-02,909,N,VIIRS,h,2,298.06,12.47,D,0
32.12481,73.64015,336.11,0.61,0.71,2025-11-02,909,N,VIIRS,n,2,297.03,4.88,D,0
32.12546,73.49261,367,0.6,0.71,2025-11-02,909,N,VIIRS,h,2,299.03,12.58,D,0
32.13074,73.79037,332.33,0.63,0.72,2025-11-02,909,N,VIIRS,n,2,297.63,6.96,D,0
32.14956,73.75494,331.52,0.62,0.72,2025-11-02,909,N,VIIRS,n,2,297.33,4.7,D,0
32.20383,73.53248,333.95,0.61,0.71,2025-11-02,909,N,VIIRS,n,2,298.1,3.69,D,0
32.2135,73.52831,330.11,0.6,0.71,2025-11-02,909,N,VIIRS,n,2,297.61,4.95,D,0
32.24037,73.6114,329.95,0.61,0.71,2025-11-02,909,N,VIIRS,n,2,297.07,3.62,D,0
32.2685,73.64406,339.42,0.61,0.71,2025-11-02,909,N,VIIRS,n,2,297.84,6.04,D,0
32.28313,73.83629,337.82,0.63,0.72,2025-11-02,909,N,VIIRS,n,2,298.34,5.3,D,0
32.28533,73.83521,336.26,0.63,0.72,2025-11-02,909,N,VIIRS,n,2,298.88,6.28,D,0
32.33051,73.96002,342.72,0.64,0.72,2025-11-02,909,N,VIIRS,n,2,299.97,8.83,D,0
32.33581,73.96087,367,0.64,0.72,2025-11-02,909,N,VIIRS,h,2,304.03,27.57,D,0
32.33611,73.96796,329.92,0.64,0.72,2025-11-02,909,N,VIIRS,n,2,297.43,23.93,D,0
32.33731,73.95972,367,0.64,0.72,2025-11-02,909,N,VIIRS,h,2,301.45,15.23,D,0
32.33757,73.96682,335.5,0.64,0.72,2025-11-02,909,N,VIIRS,n,2,297.64,15.23,D,0
32.47916,73.40768,330.17,0.6,0.7,2025-11-02,909,N,VIIRS,n,2,299.11,3.5,D,0
31.64343,74.15386,301.36,0.32,0.55,2025-11-02,2132,N,VIIRS,n,2,288.84,0.39,N,0
32.05816,74.26628,308.47,0.32,0.54,2025-11-02,2132,N,VIIRS,n,2,289.66,0.42,N,0
32.08805,74.16419,302.14,0.63,0.54,2025-11-02,2132,N,VIIRS,n,2,290.33,0.89,N,2
32.29408,70.73119,310.38,0.4,0.44,2025-11-02,2132,N,VIIRS,n,2,293.8,1.33,N,2
32.72006,72.92493,297.56,0.52,0.5,2025-11-02,2132,N,VIIRS,n,2,287.54,0.61,N,2
32.88774,71.61398,307.22,0.44,0.46,2025-11-02,2132,N,VIIRS,n,2,292.64,1.59,N,2
33.2354,71.5153,311.72,0.42,0.46,2025-11-02,2132,N,VIIRS,n,2,286.81,0.83,N,2
33.90598,71.91487,302.2,0.43,0.46,2025-11-02,2132,N,VIIRS,n,2,291.43,0.56,N,2
28.42614,69.70059,310.91,0.42,0.45,2025-11-02,2133,N,VIIRS,n,2,292.2,1.17,N,2
30.11454,70.6254,304.31,0.44,0.46,2025-11-02,2133,N,VIIRS,n,2,288.69,0.52,N,0
30.17792,70.7244,306.08,0.44,0.46,2025-11-02,2133,N,VIIRS,n,2,289.53,0.93,N,0
30.22199,71.79172,297.3,0.51,0.49,2025-11-02,2133,N,VIIRS,n,2,287.03,0.23,N,0
30.67646,71.68252,301.36,0.49,0.48,2025-11-02,2133,N,VIIRS,n,2,288.32,0.58,N,0
30.82573,73.18858,299.35,0.59,0.53,2025-11-02,2133,N,VIIRS,n,2,288.58,0.97,N,0
29.50917,74.43376,338.29,0.7,0.75,2025-11-03,709,N,VIIRS,n,2,301.61,6.26,D,0
29.53616,74.5024,336.71,0.69,0.74,2025-11-03,709,N,VIIRS,n,2,302.98,8.76,D,0
29.5419,74.49813,333.03,0.69,0.74,2025-11-03,709,N,VIIRS,n,2,301.71,7.75,D,0
29.54284,74.50003,346.54,0.69,0.74,2025-11-03,709,N,VIIRS,n,2,301.46,8.76,D,0
29.54387,74.5052,345.4,0.69,0.74,2025-11-03,709,N,VIIRS,n,2,302.47,11.79,D,0
29.55958,74.27216,330.27,0.71,0.75,2025-11-03,709,N,VIIRS,l,2,301.61,8.39,D,0
29.56196,74.35934,331.04,0.7,0.75,2025-11-03,709,N,VIIRS,n,2,301.77,2.95,D,0
29.87919,74.90835,335.52,0.64,0.72,2025-11-03,709,N,VIIRS,n,2,301.36,3.75,D,0
29.88286,74.90885,367,0.64,0.72,2025-11-03,709,N,VIIRS,h,2,302.21,12.66,D,0
29.88568,74.906,342.69,0.64,0.72,2025-11-03,709,N,VIIRS,n,2,299.55,5.66,D,0
29.94953,74.61398,333.95,0.67,0.73,2025-11-03,709,N,VIIRS,n,2,301.66,6.16,D,0
30.07566,74.53947,332.11,0.67,0.73,2025-11-03,709,N,VIIRS,n,2,301.93,3.89,D,0
30.07619,74.53728,335.21,0.67,0.73,2025-11-03,709,N,VIIRS,n,2,301.85,4.43,D,0
30.14126,75.05524,333.33,0.62,0.72,2025-11-03,709,N,VIIRS,n,2,301.32,2.68,D,0
30.15498,74.90115,334.12,0.63,0.72,2025-11-03,709,N,VIIRS,n,2,302.11,4.06,D,0
30.15743,74.89783,331.66,0.63,0.72,2025-11-03,709,N,VIIRS,n,2,300.92,2.97,D,0
30.36285,74.48797,341.59,0.66,0.73,2025-11-03,710,N,VIIRS,n,2,301.26,5.93,D,0
30.9729,75.18906,350.11,0.58,0.7,2025-11-03,710,N,VIIRS,n,2,299.81,7.55,D,0
31.1408,74.60046,336,0.62,0.72,2025-11-03,710,N,VIIRS,n,2,300.64,4.34,D,0
31.43457,73.79606,367,0.68,0.74,2025-11-03,710,N,VIIRS,h,2,300.06,17.03,D,0
31.43468,73.79786,367,0.68,0.74,2025-11-03,710,N,VIIRS,h,2,301.05,14.03,D,0
31.89468,73.67586,341.62,0.67,0.73,2025-11-03,710,N,VIIRS,n,2,298.14,11.54,D,0
31.96151,74.63916,332.79,0.59,0.7,2025-11-03,710,N,VIIRS,n,2,298.44,4.45,D,0
31.96368,73.2793,338.91,0.7,0.75,2025-11-03,710,N,VIIRS,n,2,298.41,8.27,D,0
31.96509,73.28056,347.3,0.7,0.75,2025-11-03,710,N,VIIRS,n,2,298.73,11.45,D,0
31.96584,73.28661,338.51,0.7,0.75,2025-11-03,710,N,VIIRS,n,2,298.52,8.27,D,0
32.0557,73.59516,354.05,0.67,0.74,2025-11-03,710,N,VIIRS,n,2,298.99,12.22,D,0
32.056,73.59299,353.61,0.67,0.73,2025-11-03,710,N,VIIRS,n,2,299.01,13.28,D,0
28.34344,73.08315,336.65,0.54,0.51,2025-11-03,849,N,VIIRS,n,2,307.2,3.86,D,0
28.77764,71.06577,345.12,0.42,0.45,2025-11-03,849,N,VIIRS,n,2,307.92,5.14,D,0
29.19844,70.29251,340.97,0.39,0.44,2025-11-03,850,N,VIIRS,n,2,305.08,4.09,D,0
29.20464,73.49477,341.05,0.59,0.53,2025-11-03,850,N,VIIRS,n,2,304.88,6.01,D,0
29.20518,73.50092,332.75,0.59,0.53,2025-11-03,850,N,VIIRS,n,2,303.9,6.94,D,0
29.21525,73.17674,343.52,0.56,0.52,2025-11-03,850,N,VIIRS,n,2,303.76,5.77,D,0
29.2395,75.36886,349.67,0.38,0.59,2025-11-03,850,N,VIIRS,n,2,302.11,4.03,D,0
29.26298,74.30862,333.2,0.33,0.55,2025-11-03,850,N,VIIRS,n,2,302.89,1.49,D,0
29.28644,74.15375,367,0.32,0.55,2025-11-03,850,N,VIIRS,h,2,306.47,5.57,D,3
29.28673,74.15709,341.55,0.32,0.55,2025-11-03,850,N,VIIRS,n,2,305.82,7.44,D,0
29.28743,71.12302,335.49,0.43,0.46,2025-11-03,850,N,VIIRS,n,2,305.57,1.38,D,0
29.31027,70.26511,348.47,0.38,0.44,2025-11-03,850,N,VIIRS,n,2,307.53,6.57,D,0
29.36764,70.30169,333.8,0.39,0.44,2025-11-03,850,N,VIIRS,n,2,302.52,3.38,D,0
29.38485,74.44405,336.24,0.34,0.56,2025-11-03,850,N,VIIRS,n,2,302.7,1.38,D,0
29.39045,73.95053,341.8,0.63,0.54,2025-11-03,850,N,VIIRS,n,2,305.72,8.78,D,0
29.39493,73.94337,341.76,0.63,0.54,2025-11-03,850,N,VIIRS,n,2,304.25,6.1,D,0
29.41095,74.01044,337.08,0.32,0.54,2025-11-03,850,N,VIIRS,n,2,305.03,2.71,D,0
29.41203,74.39128,333.13,0.34,0.56,2025-11-03,850,N,VIIRS,l,2,303.31,1.58,D,0
29.41573,74.00658,367,0.32,0.54,2025-11-03,850,N,VIIRS,h,2,302.52,5.56,D,0
29.41602,74.00992,353.64,0.32,0.54,2025-11-03,850,N,VIIRS,n,2,303.69,5.56,D,0
29.44011,74.01553,332.54,0.32,0.55,2025-11-03,850,N,VIIRS,n,2,304.54,3.26,D,0
29.44039,74.01888,351.12,0.32,0.55,2025-11-03,850,N,VIIRS,n,2,306.01,3.26,D,0
29.44077,74.08678,347.28,0.32,0.55,2025-11-03,850,N,VIIRS,n,2,304.82,3.9,D,0
29.44105,74.09016,334.13,0.32,0.55,2025-11-03,850,N,VIIRS,n,2,303.32,4.12,D,0
29.46311,74.10843,333.76,0.32,0.55,2025-11-03,850,N,VIIRS,n,2,302.61,2.9,D,0
29.46656,70.41165,352.44,0.39,0.44,2025-11-03,850,N,VIIRS,n,2,305.56,5.62,D,0
29.47642,70.35224,339.3,0.39,0.44,2025-11-03,850,N,VIIRS,n,2,303.56,2.98,D,0
29.47781,74.16191,342.92,0.33,0.55,2025-11-03,850,N,VIIRS,n,2,303.82,2.35,D,0
29.47845,73.98444,367,0.32,0.54,2025-11-03,850,N,VIIRS,h,2,313.15,17.32,D,0
29.49132,74.52567,341.56,0.34,0.56,2025-11-03,850,N,VIIRS,n,2,301.94,3.34,D,0
29.49543,74.2505,351.37,0.33,0.55,2025-11-03,850,N,VIIRS,n,2,305.68,5.21,D,0
29.50475,74.49532,346.5,0.34,0.56,2025-11-03,850,N,VIIRS,n,2,304.27,2.7,D,0
29.51801,75.46431,335.64,0.39,0.59,2025-11-03,850,N,VIIRS,n,2,302.89,4.32,D,0
29.51833,75.46845,343.61,0.39,0.59,2025-11-03,850,N,VIIRS,n,2,303.69,5.91,D,0
29.5189,74.60709,367,0.35,0.56,2025-11-03,850,N,VIIRS,h,2,308.35,7.65,D,0
29.52417,74.60658,367,0.35,0.56,2025-11-03,850,N,VIIRS,h,2,304.36,7.65,D,0
29.54317,74.57899,339.91,0.35,0.56,2025-11-03,850,N,VIIRS,n,2,304.97,2.74,D,0
29.5436,74.24478,339.22,0.33,0.55,2025-11-03,850,N,VIIRS,n,2,303.28,6.12,D,0
29.54695,74.24527,367,0.33,0.55,2025-11-03,850,N,VIIRS,h,2,304.69,6.13,D,0
29.57863,71.58512,335.78,0.46,0.47,2025-11-03,850,N,VIIRS,n,2,304.21,3.89,D,0
29.60045,74.3699,331.4,0.34,0.56,2025-11-03,850,N,VIIRS,n,2,302.2,1.2,D,0
29.60884,71.62018,350.67,0.46,0.47,2025-11-03,850,N,VIIRS,n,2,305.68,7.43,D,0
29.6201,70.91998,331.89,0.42,0.45,2025-11-03,850,N,VIIRS,n,2,301.1,3.38,D,0
29.71213,72.46706,339.16,0.52,0.5,2025-11-03,850,N,VIIRS,n,2,304.12,2.67,D,0
29.71485,72.46381,342.99,0.52,0.5,2025-11-03,850,N,VIIRS,n,2,305.01,7.15,D,0
29.71675,72.46651,342.35,0.52,0.5,2025-11-03,850,N,VIIRS,n,2,304.22,4.66,D,0
29.71768,74.9439,344.51,0.37,0.58,2025-11-03,850,N,VIIRS,n,2,302.48,2.25,D,0
29.78319,72.44454,339.47,0.52,0.5,2025-11-03,850,N,VIIRS,n,2,302.83,3.65,D,0
29.84386,75.15357,336.29,0.38,0.59,2025-11-03,850,N,VIIRS,n,2,302.14,3.01,D,0
29.84547,75.25856,344.46,0.38,0.59,2025-11-03,850,N,VIIRS,n,2,303.36,3.93,D,0
29.84583,75.25878,346.68,0.38,0.59,2025-11-03,850,N,VIIRS,n,2,303.49,3.49,D,0
29.85695,75.33549,330.37,0.39,0.59,2025-11-03,850,N,VIIRS,n,2,301,1.14,D,0
29.86033,72.90715,351.21,0.55,0.51,2025-11-03,850,N,VIIRS,n,2,304.15,13.96,D,0
29.86059,72.90506,353.83,0.55,0.51,2025-11-03,850,N,VIIRS,n,2,304,15.03,D,0
29.8611,72.91088,337.65,0.55,0.51,2025-11-03,850,N,VIIRS,n,2,302.04,6.14,D,0
29.866,75.15557,339.05,0.38,0.59,2025-11-03,850,N,VIIRS,n,2,304.12,3.06,D,0
29.86829,72.03533,344.77,0.49,0.49,2025-11-03,850,N,VIIRS,n,2,305.32,6.15,D,0
29.87316,72.941,342.12,0.56,0.51,2025-11-03,850,N,VIIRS,n,2,304.77,5.42,D,0
29.87319,72.93892,352.22,0.56,0.51,2025-11-03,850,N,VIIRS,n,2,305.08,8.88,D,0
29.87397,72.83907,339.89,0.55,0.51,2025-11-03,850,N,VIIRS,n,2,303.75,4.18,D,0
29.87796,72.93839,346.43,0.56,0.51,2025-11-03,850,N,VIIRS,n,2,302.38,8.2,D,0
29.87807,75.40028,338.98,0.39,0.59,2025-11-03,850,N,VIIRS,n,2,301.85,3.94,D,0
29.92517,72.49417,339.2,0.52,0.5,2025-11-03,850,N,VIIRS,n,2,304.64,4.39,D,0
29.92723,74.57258,350.16,0.35,0.57,2025-11-03,850,N,VIIRS,n,2,304.01,5.45,D,0
29.9297,75.12554,353.65,0.38,0.58,2025-11-03,850,N,VIIRS,n,2,302.9,9.49,D,0
29.93019,75.12486,367,0.38,0.58,2025-11-03,850,N,VIIRS,h,2,303.37,8.08,D,0
29.93196,75.01384,344.7,0.37,0.58,2025-11-03,850,N,VIIRS,n,2,305.01,3.59,D,0
29.93316,75.01296,343.58,0.37,0.58,2025-11-03,850,N,VIIRS,n,2,304.14,2.94,D,0
29.93842,71.50418,336.64,0.46,0.47,2025-11-03,850,N,VIIRS,n,2,304.02,3.95,D,0
29.93913,71.50724,338.62,0.46,0.47,2025-11-03,850,N,VIIRS,n,2,302.99,2.7,D,0
29.96475,74.50963,337.37,0.35,0.56,2025-11-03,850,N,VIIRS,n,2,303.46,2.54,D,0
29.96948,73.11121,340.97,0.57,0.52,2025-11-03,850,N,VIIRS,n,2,304.87,7.06,D,0
29.97072,73.1074,336.67,0.57,0.52,2025-11-03,850,N,VIIRS,n,2,303.97,3.66,D,0
29.9791,73.04003,332.36,0.57,0.52,2025-11-03,850,N,VIIRS,l,2,302.49,3.4,D,0
29.98261,73.03715,335.59,0.57,0.52,2025-11-03,850,N,VIIRS,n,2,302.86,2.96,D,0
29.98621,73.07896,341.76,0.57,0.52,2025-11-03,850,N,VIIRS,n,2,306.35,11.11,D,0
29.98725,73.07527,341.4,0.57,0.52,2025-11-03,850,N,VIIRS,n,2,304.98,16.06,D,0
30.00953,72.69331,331.5,0.54,0.51,2025-11-03,850,N,VIIRS,n,2,302.69,2.96,D,0
30.01323,73.22262,334.37,0.58,0.52,2025-11-03,850,N,VIIRS,n,2,304.81,2.85,D,0
30.01905,74.3937,342.39,0.34,0.56,2025-11-03,850,N,VIIRS,n,2,303.5,4.46,D,0
30.07237,74.80806,348.28,0.36,0.57,2025-11-03,850,N,VIIRS,n,2,302.09,4.67,D,0
30.08573,75.44464,344.53,0.4,0.6,2025-11-03,850,N,VIIRS,n,2,301.91,4.76,D,0
30.08602,75.44884,346.95,0.4,0.6,2025-11-03,850,N,VIIRS,n,2,301.52,4.76,D,0
30.09274,72.59724,337.58,0.53,0.5,2025-11-03,850,N,VIIRS,n,2,303.69,2.44,D,0
30.15411,73.93035,355.67,0.32,0.55,2025-11-03,850,N,VIIRS,n,2,309.22,3.28,D,0
30.15737,73.93077,346.58,0.32,0.55,2025-11-03,850,N,VIIRS,n,2,304.87,3.75,D,0
30.16586,73.36202,330.1,0.59,0.53,2025-11-03,850,N,VIIRS,n,2,302.47,3.21,D,0
30.18601,75.46081,347.25,0.4,0.6,2025-11-03,850,N,VIIRS,n,2,302.5,4.26,D,0
30.1863,75.46504,336.52,0.4,0.6,2025-11-03,850,N,VIIRS,n,2,300.97,4.26,D,0
30.19849,70.61628,355.7,0.41,0.45,2025-11-03,850,N,VIIRS,n,2,308.55,18.54,D,0
30.20156,75.36237,344.42,0.39,0.59,2025-11-03,850,N,VIIRS,n,2,303.5,5.27,D,0
30.20259,70.65531,332.47,0.41,0.45,2025-11-03,850,N,VIIRS,n,2,303.97,1.99,D,0
30.20265,70.6157,367,0.41,0.45,2025-11-03,850,N,VIIRS,h,2,303.32,10.8,D,0
30.22841,72.56129,330.45,0.53,0.5,2025-11-03,850,N,VIIRS,l,2,303.36,2.58,D,0
30.24654,75.07079,336.32,0.38,0.58,2025-11-03,850,N,VIIRS,n,2,301.66,2.44,D,0
30.25389,73.33098,334.71,0.59,0.53,2025-11-03,850,N,VIIRS,n,2,303.26,4.78,D,0
30.26519,70.68644,342.76,0.42,0.45,2025-11-03,850,N,VIIRS,n,2,306.48,6.9,D,0
30.29375,70.6669,343.73,0.42,0.45,2025-11-03,850,N,VIIRS,n,2,304.81,4.03,D,0
30.29793,70.66633,337.35,0.42,0.45,2025-11-03,850,N,VIIRS,n,2,304.52,3.29,D,0
30.30967,73.4012,356.35,0.6,0.53,2025-11-03,850,N,VIIRS,n,2,304.96,15.91,D,0
30.31098,73.39943,341.81,0.6,0.53,2025-11-03,850,N,VIIRS,n,2,304.7,9.51,D,0
30.32787,73.42322,335.4,0.6,0.53,2025-11-03,850,N,VIIRS,n,2,302.59,4.27,D,0
30.42419,74.38409,340.05,0.34,0.56,2025-11-03,850,N,VIIRS,n,2,302.28,2.55,D,0
30.43211,72.83482,340.06,0.56,0.51,2025-11-03,850,N,VIIRS,n,2,304.72,4.45,D,0
30.43308,74.50213,353.82,0.35,0.57,2025-11-03,850,N,VIIRS,n,2,303.05,14.57,D,0
30.43336,74.50585,367,0.35,0.57,2025-11-03,850,N,VIIRS,h,2,301.85,17.38,D,0
30.47667,74.11848,347.23,0.33,0.55,2025-11-03,850,N,VIIRS,n,2,304.47,10.8,D,0
30.47696,74.122,367,0.33,0.55,2025-11-03,850,N,VIIRS,h,2,312.73,24.33,D,0
30.50353,75.09322,340.93,0.38,0.59,2025-11-03,850,N,VIIRS,n,2,304.35,3.77,D,0
30.51303,71.87221,337.44,0.49,0.49,2025-11-03,850,N,VIIRS,n,2,303.34,5.69,D,0
30.51583,75.03522,351.95,0.38,0.59,2025-11-03,850,N,VIIRS,n,2,303.94,5.74,D,0
30.51612,75.03925,347.72,0.38,0.59,2025-11-03,850,N,VIIRS,n,2,302.81,5.74,D,0
30.51911,72.07275,335.46,0.5,0.49,2025-11-03,850,N,VIIRS,n,2,303.71,5.01,D,0
30.52668,74.2124,367,0.34,0.56,2025-11-03,850,N,VIIRS,h,2,306.01,7.68,D,0
30.53903,71.84484,341.82,0.49,0.48,2025-11-03,850,N,VIIRS,n,2,302.68,7.49,D,0
30.56312,74.14404,352.47,0.33,0.56,2025-11-03,850,N,VIIRS,n,2,305.85,5.19,D,0
30.56341,74.14758,354.26,0.33,0.56,2025-11-03,850,N,VIIRS,n,2,305.18,6.96,D,0
30.5683,74.14352,347.57,0.33,0.56,2025-11-03,850,N,VIIRS,n,2,302.52,6.38,D,0
30.56859,74.14706,367,0.33,0.56,2025-11-03,850,N,VIIRS,h,2,303.63,9.77,D,0
30.58067,75.39044,367,0.4,0.6,2025-11-03,850,N,VIIRS,h,2,305.09,8.22,D,0
30.58429,75.39003,367,0.4,0.6,2025-11-03,850,N,VIIRS,h,2,305.27,7.55,D,0
30.5946,75.37635,340.07,0.4,0.6,2025-11-03,850,N,VIIRS,n,2,303.07,3.12,D,0
30.60874,75.02216,345.73,0.38,0.59,2025-11-03,850,N,VIIRS,n,2,303.87,4.01,D,0
30.62394,72.25305,340.92,0.52,0.5,2025-11-03,850,N,VIIRS,n,2,304.46,7.56,D,0
30.62453,75.40356,335.22,0.4,0.6,2025-11-03,850,N,VIIRS,n,2,302.51,3.63,D,0
30.62726,74.35326,341.3,0.34,0.56,2025-11-03,850,N,VIIRS,n,2,302.57,3.48,D,0
30.62856,72.25251,340.8,0.52,0.5,2025-11-03,850,N,VIIRS,n,2,303.35,7.56,D,0
30.62907,72.25797,341.28,0.52,0.5,2025-11-03,850,N,VIIRS,n,2,303.26,7.56,D,0
30.63014,72.0292,331.9,0.5,0.49,2025-11-03,850,N,VIIRS,n,2,301.68,2.11,D,0
30.63089,72.03197,333.25,0.5,0.49,2025-11-03,850,N,VIIRS,n,2,301.33,3.39,D,0
30.63325,75.05649,344.62,0.38,0.59,2025-11-03,850,N,VIIRS,n,2,302.23,3.53,D,0
30.64076,71.65395,330.01,0.48,0.48,2025-11-03,850,N,VIIRS,l,2,302.25,2.63,D,0
30.64126,71.65899,330.51,0.48,0.48,2025-11-03,850,N,VIIRS,l,2,301.55,1.87,D,0
30.64398,72.26726,331.74,0.52,0.5,2025-11-03,850,N,VIIRS,n,2,304.44,5.57,D,0
30.6473,72.26456,338.26,0.52,0.5,2025-11-03,850,N,VIIRS,n,2,302.32,4.24,D,0
30.69813,74.31309,367,0.34,0.56,2025-11-03,850,N,VIIRS,h,2,309.4,14.21,D,0
30.70808,73.96562,353.99,0.33,0.55,2025-11-03,850,N,VIIRS,n,2,304.43,5.81,D,0
30.70939,71.73448,332.61,0.48,0.48,2025-11-03,850,N,VIIRS,l,2,302.66,4.03,D,0
30.71228,71.73738,342.76,0.48,0.48,2025-11-03,850,N,VIIRS,n,2,304.36,8.23,D,0
30.71387,71.73391,340.06,0.48,0.48,2025-11-03,850,N,VIIRS,n,2,301.88,4.41,D,0
30.71991,73.91891,367,0.32,0.55,2025-11-03,850,N,VIIRS,h,2,308.03,10.79,D,0
30.72669,74.3398,352.23,0.34,0.56,2025-11-03,850,N,VIIRS,n,2,305.06,4.07,D,0
30.72675,70.68774,346.64,0.42,0.45,2025-11-03,850,N,VIIRS,n,2,306.59,9.82,D,0
30.72827,71.74244,341.26,0.48,0.48,2025-11-03,850,N,VIIRS,n,2,302.83,3.73,D,0
30.73125,74.33804,367,0.34,0.56,2025-11-03,850,N,VIIRS,h,2,305.87,9.72,D,0
30.73409,71.80413,331.25,0.49,0.48,2025-11-03,850,N,VIIRS,l,2,302.26,3.42,D,0
30.74615,71.98253,332.55,0.5,0.49,2025-11-03,850,N,VIIRS,n,2,301.39,3.15,D,0
30.75864,71.72826,331.8,0.48,0.48,2025-11-03,850,N,VIIRS,n,2,303.33,2.26,D,0
30.76008,71.79043,330.7,0.49,0.48,2025-11-03,850,N,VIIRS,n,2,302.72,2.58,D,0
30.76058,71.79559,339.23,0.49,0.48,2025-11-03,850,N,VIIRS,n,2,303.09,2.58,D,0
30.77058,71.75787,331.54,0.49,0.48,2025-11-03,850,N,VIIRS,l,2,303.87,6.46,D,0
30.78708,71.83418,332.9,0.49,0.49,2025-11-03,850,N,VIIRS,n,2,302.93,2.53,D,0
30.80198,71.75393,337.08,0.49,0.48,2025-11-03,850,N,VIIRS,n,2,303.29,2.73,D,0
30.80447,75.12892,349.42,0.38,0.59,2025-11-03,850,N,VIIRS,n,2,302.59,3.65,D,0
30.80554,71.78997,345.97,0.49,0.48,2025-11-03,850,N,VIIRS,n,2,302.82,5.23,D,0
30.80591,70.79076,342.93,0.43,0.46,2025-11-03,850,N,VIIRS,n,2,307.54,9.69,D,0
30.80923,70.70451,346.34,0.42,0.45,2025-11-03,850,N,VIIRS,n,2,304.18,4.8,D,0
30.80951,70.70367,340.75,0.42,0.45,2025-11-03,850,N,VIIRS,n,2,303.13,4.31,D,0
30.81225,71.79306,332.24,0.49,0.48,2025-11-03,850,N,VIIRS,l,2,303.78,5.05,D,0
30.81397,70.82644,332.1,0.43,0.46,2025-11-03,850,N,VIIRS,l,2,303.2,2.5,D,0
30.8146,74.96032,367,0.38,0.58,2025-11-03,850,N,VIIRS,h,2,306.55,8.8,D,0
30.82005,74.95984,367,0.38,0.58,2025-11-03,850,N,VIIRS,h,2,301.93,7.4,D,0
30.84686,70.82294,332.58,0.43,0.46,2025-11-03,850,N,VIIRS,n,2,306.39,1.55,D,0
30.8539,72.09798,331.46,0.51,0.49,2025-11-03,850,N,VIIRS,n,2,302.06,1.79,D,0
30.8721,74.4547,367,0.35,0.57,2025-11-03,850,N,VIIRS,h,2,304.54,5.94,D,0
30.87567,70.7684,339.05,0.43,0.46,2025-11-03,850,N,VIIRS,n,2,304.68,2.74,D,0
30.88672,71.90518,349.34,0.5,0.49,2025-11-03,850,N,VIIRS,n,2,304.09,8.61,D,0
30.88703,74.80565,341.8,0.37,0.58,2025-11-03,850,N,VIIRS,n,2,303.37,3.01,D,0
30.88742,70.75763,341.15,0.43,0.46,2025-11-03,850,N,VIIRS,n,2,303.81,4.02,D,0
30.88772,71.91573,342.3,0.5,0.49,2025-11-03,850,N,VIIRS,n,2,304.55,6.61,D,0
30.88789,70.76215,336.52,0.43,0.46,2025-11-03,850,N,VIIRS,n,2,303.22,5.17,D,0
30.88836,70.80806,332.55,0.43,0.46,2025-11-03,850,N,VIIRS,l,2,304.3,3.69,D,0
30.9115,73.07823,332.49,0.58,0.52,2025-11-03,850,N,VIIRS,n,2,303.42,4.43,D,0
30.91355,74.87093,367,0.37,0.58,2025-11-03,850,N,VIIRS,h,2,305.15,6.25,D,0
30.93383,70.71146,342.07,0.43,0.46,2025-11-03,850,N,VIIRS,n,2,304.66,4.24,D,0
30.93811,72.20341,331.9,0.52,0.5,2025-11-03,850,N,VIIRS,l,2,303.33,5.14,D,0
30.95384,72.18748,332.37,0.52,0.5,2025-11-03,850,N,VIIRS,n,2,303.98,1.9,D,0
30.95554,72.19022,332.64,0.52,0.5,2025-11-03,850,N,VIIRS,n,2,304.05,2.46,D,0
30.9575,74.94754,332.21,0.38,0.58,2025-11-03,850,N,VIIRS,n,2,304.06,6.36,D,0
30.9578,74.95157,367,0.38,0.58,2025-11-03,850,N,VIIRS,h,2,307.03,6.36,D,0
30.96056,74.91492,342.08,0.37,0.58,2025-11-03,850,N,VIIRS,n,2,302.6,3.08,D,0
30.96132,74.91409,340.87,0.37,0.58,2025-11-03,850,N,VIIRS,n,2,302.01,3.06,D,0
30.96494,74.50536,346.1,0.35,0.57,2025-11-03,850,N,VIIRS,n,2,301.03,3.27,D,0
30.97674,75.44985,333.75,0.4,0.6,2025-11-03,850,N,VIIRS,n,2,300.35,2.27,D,0
30.98027,75.11317,336.25,0.39,0.59,2025-11-03,850,N,VIIRS,n,2,300.7,3.11,D,0
30.98079,75.11373,339.55,0.38,0.59,2025-11-03,850,N,VIIRS,n,2,301.07,3.84,D,0
30.99426,74.12683,340.83,0.34,0.56,2025-11-03,850,N,VIIRS,n,2,303.17,2.99,D,0
31.00986,70.74226,345.83,0.43,0.46,2025-11-03,850,N,VIIRS,n,2,305.57,7.7,D,0
31.01178,72.20829,333.89,0.52,0.5,2025-11-03,850,N,VIIRS,l,2,304.72,4.02,D,0
31.01742,72.21877,332.61,0.52,0.5,2025-11-03,850,N,VIIRS,l,2,304.54,5.66,D,0
31.02786,75.07985,341.69,0.38,0.59,2025-11-03,850,N,VIIRS,n,2,301.67,3.07,D,0
31.03684,75.12894,356.57,0.39,0.59,2025-11-03,850,N,VIIRS,n,2,301.31,7.47,D,0
31.03713,75.13309,367,0.39,0.59,2025-11-03,850,N,VIIRS,h,2,301.89,7.47,D,0
31.04743,74.96713,338.16,0.38,0.59,2025-11-03,850,N,VIIRS,n,2,301.9,2.17,D,0
31.05289,74.96664,350.26,0.38,0.59,2025-11-03,850,N,VIIRS,n,2,301.52,4.37,D,0
31.06886,72.21819,333.58,0.52,0.5,2025-11-03,850,N,VIIRS,n,2,302.23,2.94,D,0
31.06959,74.96922,345.18,0.38,0.59,2025-11-03,850,N,VIIRS,n,2,303.2,3.63,D,0
31.0703,74.96732,333.17,0.38,0.59,2025-11-03,850,N,VIIRS,n,2,301.9,2.39,D,0
31.072,72.21553,337.57,0.52,0.5,2025-11-03,850,N,VIIRS,n,2,301.16,5.21,D,0
31.07252,72.32819,330.4,0.53,0.5,2025-11-03,850,N,VIIRS,l,2,303.32,3.35,D,0
31.09779,74.88761,330.77,0.37,0.58,2025-11-03,850,N,VIIRS,l,2,302.51,4.04,D,0
31.10528,74.83856,337.63,0.37,0.58,2025-11-03,850,N,VIIRS,n,2,302.17,3.8,D,0
31.10556,74.84254,344.41,0.37,0.58,2025-11-03,850,N,VIIRS,n,2,301.97,3.8,D,0
31.11156,74.69875,333.34,0.36,0.58,2025-11-03,850,N,VIIRS,n,2,300.72,2.55,D,0
31.11265,70.91535,341.96,0.44,0.46,2025-11-03,850,N,VIIRS,n,2,303.56,13.52,D,0
31.11851,75.10748,350.96,0.39,0.59,2025-11-03,850,N,VIIRS,n,2,301.22,5.21,D,0
31.1337,72.27556,333.11,0.53,0.5,2025-11-03,850,N,VIIRS,n,2,303.2,3.13,D,0
31.13634,74.52495,334.69,0.36,0.57,2025-11-03,850,N,VIIRS,n,2,300.98,3.45,D,0
31.14241,74.8231,333.58,0.37,0.58,2025-11-03,850,N,VIIRS,n,2,299.93,1.52,D,0
31.15024,74.56609,331.81,0.36,0.57,2025-11-03,850,N,VIIRS,n,2,301.38,2.07,D,0
31.15066,73.39649,338.74,0.61,0.54,2025-11-03,850,N,VIIRS,n,2,303.33,5.07,D,0
31.15291,74.56473,335.17,0.36,0.57,2025-11-03,850,N,VIIRS,n,2,301.36,2.22,D,0
31.16521,72.26052,341.74,0.52,0.5,2025-11-03,850,N,VIIRS,n,2,303.56,5.62,D,0
31.16538,74.51337,343.31,0.36,0.57,2025-11-03,850,N,VIIRS,n,2,301.42,3.39,D,0
31.18647,74.97238,331.66,0.38,0.59,2025-11-03,850,N,VIIRS,n,2,299.48,2.1,D,0
31.19234,74.23139,333.1,0.34,0.56,2025-11-03,850,N,VIIRS,n,2,299.92,1.45,D,0
31.21004,70.65737,333.58,0.43,0.46,2025-11-03,850,N,VIIRS,n,2,300.72,2.44,D,0
31.21906,70.74376,332.45,0.43,0.46,2025-11-03,850,N,VIIRS,n,2,305.42,2.93,D,0
31.23309,75.08839,330.38,0.39,0.59,2025-11-03,850,N,VIIRS,n,2,299.39,2.32,D,0
31.23611,74.52588,349.17,0.36,0.57,2025-11-03,850,N,VIIRS,n,2,302.45,5.69,D,0
31.23713,72.56655,330.02,0.55,0.51,2025-11-03,850,N,VIIRS,l,2,304.1,2,D,0
31.24373,73.73495,352.41,0.32,0.55,2025-11-03,850,N,VIIRS,n,2,304.23,4.57,D,0
31.24527,73.68992,345.51,0.32,0.54,2025-11-03,850,N,VIIRS,n,2,303.19,2.37,D,0
31.24529,75.02476,337.73,0.38,0.59,2025-11-03,850,N,VIIRS,n,2,301.26,2.14,D,0
31.24725,74.89735,331.11,0.38,0.58,2025-11-03,850,N,VIIRS,n,2,299.64,1.52,D,0
31.25035,73.68939,367,0.32,0.54,2025-11-03,850,N,VIIRS,h,2,305.23,9.36,D,0
31.25062,73.69281,367,0.32,0.55,2025-11-03,850,N,VIIRS,h,2,303.57,7.72,D,0
31.25089,73.69623,349.22,0.32,0.55,2025-11-03,850,N,VIIRS,n,2,302.57,7.72,D,0
31.25826,74.97404,331.94,0.38,0.59,2025-11-03,850,N,VIIRS,n,2,300.99,1.83,D,0
31.29046,75.03732,367,0.38,0.59,2025-11-03,850,N,VIIRS,h,2,302.17,5.06,D,0
31.29064,75.0377,367,0.38,0.59,2025-11-03,850,N,VIIRS,h,2,302.22,7.23,D,0
31.30151,74.87231,367,0.38,0.58,2025-11-03,850,N,VIIRS,h,2,303.29,5.84,D,0
31.30918,75.29811,340.18,0.4,0.6,2025-11-03,850,N,VIIRS,n,2,304.84,4.02,D,0
31.31286,73.8891,367,0.33,0.55,2025-11-03,850,N,VIIRS,h,2,304.47,6.05,D,0
31.31443,73.88731,342.75,0.33,0.55,2025-11-03,850,N,VIIRS,n,2,303.08,6.43,D,0
31.31843,74.87887,330.16,0.38,0.58,2025-11-03,850,N,VIIRS,n,2,301.13,1.76,D,0
31.33904,70.6294,335.78,0.43,0.46,2025-11-03,850,N,VIIRS,n,2,304.44,2.75,D,0
31.33908,70.62804,332.43,0.43,0.46,2025-11-03,850,N,VIIRS,n,2,304.13,2.79,D,0
31.35304,73.78466,339.79,0.32,0.55,2025-11-03,850,N,VIIRS,n,2,303.05,3.34,D,0
31.35638,70.63158,336.1,0.43,0.46,2025-11-03,850,N,VIIRS,n,2,303.38,2.79,D,0
31.36477,74.98953,332.75,0.38,0.59,2025-11-03,850,N,VIIRS,n,2,299.88,0.79,D,0
31.37654,73.82087,345.91,0.33,0.55,2025-11-03,850,N,VIIRS,n,2,303.01,2.72,D,0
31.38944,72.38899,331.02,0.54,0.51,2025-11-03,850,N,VIIRS,l,2,304.27,2.78,D,0
31.39336,72.14791,345.19,0.52,0.5,2025-11-03,850,N,VIIRS,n,2,303.07,7.81,D,0
31.3943,72.1886,336.44,0.52,0.5,2025-11-03,850,N,VIIRS,n,2,305.7,4.14,D,0
31.40808,72.20811,349.91,0.52,0.5,2025-11-03,850,N,VIIRS,n,2,303.93,9.42,D,0
31.41147,74.86565,336.76,0.38,0.58,2025-11-03,850,N,VIIRS,n,2,300.96,2.3,D,0
31.41218,75.03875,367,0.39,0.59,2025-11-03,850,N,VIIRS,h,2,305.27,8.15,D,0
31.41266,75.03931,367,0.38,0.59,2025-11-03,850,N,VIIRS,h,2,304.86,11.69,D,0
31.41738,72.207,342.46,0.52,0.5,2025-11-03,850,N,VIIRS,n,2,302.63,10.41,D,0
31.41798,75.0424,356.46,0.39,0.59,2025-11-03,850,N,VIIRS,n,2,302.29,8.15,D,0
31.42203,72.20645,335.02,0.52,0.5,2025-11-03,850,N,VIIRS,n,2,300.71,7.25,D,0
31.42919,72.23394,332.64,0.53,0.5,2025-11-03,850,N,VIIRS,n,2,302.11,3.6,D,0
31.4298,72.18855,332.11,0.52,0.5,2025-11-03,850,N,VIIRS,n,2,301.95,7.94,D,0
31.43554,72.14843,335.29,0.52,0.5,2025-11-03,850,N,VIIRS,n,2,301.88,2.87,D,0
31.4466,73.8271,338.39,0.33,0.55,2025-11-03,850,N,VIIRS,n,2,302.42,1.93,D,0
31.44775,72.28301,332.43,0.53,0.5,2025-11-03,850,N,VIIRS,n,2,303.66,4.71,D,0
31.44796,70.64665,332.91,0.43,0.46,2025-11-03,850,N,VIIRS,n,2,302.06,4.01,D,0
31.45659,73.82255,332.45,0.33,0.55,2025-11-03,850,N,VIIRS,n,2,302.38,1.9,D,0
31.45914,72.30457,341.84,0.53,0.5,2025-11-03,850,N,VIIRS,n,2,302.09,6.84,D,0
31.47339,75.04167,348.42,0.39,0.59,2025-11-03,850,N,VIIRS,n,2,302.23,3.81,D,0
31.48273,72.16873,334.8,0.52,0.5,2025-11-03,850,N,VIIRS,n,2,303.64,3.9,D,0
31.48447,72.1707,331.26,0.52,0.5,2025-11-03,850,N,VIIRS,n,2,303.23,3.54,D,0
31.49302,72.57552,341.03,0.55,0.51,2025-11-03,850,N,VIIRS,n,2,301.52,5.62,D,0
31.50937,75.39899,348.05,0.41,0.6,2025-11-03,850,N,VIIRS,n,2,303.38,5.7,D,0
31.51006,72.29285,337.67,0.53,0.5,2025-11-03,850,N,VIIRS,n,2,304.18,4.81,D,0
31.51015,75.18277,338.21,0.39,0.6,2025-11-03,850,N,VIIRS,n,2,300.97,5.23,D,0
31.51146,75.18623,335.88,0.39,0.6,2025-11-03,850,N,VIIRS,n,2,300.36,4.88,D,0
31.51217,72.29047,343.66,0.53,0.5,2025-11-03,850,N,VIIRS,n,2,305.85,13.86,D,0
31.51252,71.00292,333.16,0.45,0.47,2025-11-03,850,N,VIIRS,n,2,302.87,3.17,D,0
31.51343,72.35957,335.2,0.54,0.51,2025-11-03,850,N,VIIRS,n,2,303.22,3.71,D,0
31.5191,74.58767,332.53,0.36,0.58,2025-11-03,850,N,VIIRS,n,2,301.18,1.56,D,0
31.52193,73.91225,342.38,0.33,0.55,2025-11-03,850,N,VIIRS,n,2,300.68,2.73,D,0
31.52585,73.91159,338.84,0.33,0.55,2025-11-03,850,N,VIIRS,n,2,300.32,2.44,D,0
31.52762,72.14639,344.56,0.52,0.5,2025-11-03,850,N,VIIRS,n,2,303.06,7.19,D,0
31.5288,73.86507,340.76,0.33,0.55,2025-11-03,850,N,VIIRS,n,2,300.26,2.3,D,0
31.53165,73.76567,353.73,0.32,0.55,2025-11-03,850,N,VIIRS,n,2,303.95,4.79,D,0
31.53172,73.90408,336.96,0.33,0.55,2025-11-03,850,N,VIIRS,n,2,301.04,2.29,D,0
31.53176,72.14027,334.06,0.52,0.5,2025-11-03,850,N,VIIRS,n,2,302.08,5.85,D,0
31.53271,73.86803,331.19,0.33,0.55,2025-11-03,850,N,VIIRS,n,2,299.86,4.31,D,0
31.53422,73.86809,333.47,0.33,0.55,2025-11-03,850,N,VIIRS,n,2,300.44,2.3,D,0
31.54043,73.88173,367,0.33,0.55,2025-11-03,850,N,VIIRS,h,2,304.75,4.07,D,0
31.54154,72.14472,367,0.52,0.5,2025-11-03,850,N,VIIRS,h,2,302.93,12.16,D,0
31.54363,73.92441,330.78,0.33,0.55,2025-11-03,850,N,VIIRS,n,2,301.67,1.48,D,0
31.54821,72.16651,331.01,0.52,0.5,2025-11-03,850,N,VIIRS,l,2,303.55,2.37,D,0
31.55336,72.17154,334.77,0.52,0.5,2025-11-03,850,N,VIIRS,n,2,301.44,4.31,D,0
31.55373,73.78451,367,0.33,0.55,2025-11-03,850,N,VIIRS,h,2,303.02,9.36,D,0
31.55611,72.41276,341.06,0.54,0.51,2025-11-03,850,N,VIIRS,n,2,303.52,5.96,D,0
31.55768,75.48451,342.15,0.41,0.61,2025-11-03,850,N,VIIRS,n,2,301.85,3.43,D,0
31.56083,72.4122,335.86,0.54,0.51,2025-11-03,850,N,VIIRS,n,2,300.88,5.96,D,0
31.56356,72.33626,346.39,0.54,0.5,2025-11-03,850,N,VIIRS,n,2,307.1,11.99,D,0
31.56923,75.39925,350.6,0.41,0.6,2025-11-03,850,N,VIIRS,n,2,300.81,6.65,D,0
31.57704,72.43374,336.07,0.54,0.51,2025-11-03,850,N,VIIRS,n,2,304.16,6.48,D,0
31.57712,74.02242,330.6,0.34,0.56,2025-11-03,850,N,VIIRS,n,2,302.54,1.72,D,0
31.57756,70.62659,335.25,0.43,0.46,2025-11-03,850,N,VIIRS,n,2,302.32,1.77,D,0
31.58597,72.37424,332.61,0.54,0.51,2025-11-03,850,N,VIIRS,l,2,303.03,4.21,D,0
31.5922,72.28673,333.75,0.53,0.5,2025-11-03,850,N,VIIRS,n,2,302.51,4.16,D,0
31.59937,74.71939,344.39,0.37,0.58,2025-11-03,850,N,VIIRS,n,2,299,4.83,D,0
31.60048,74.71648,347.19,0.37,0.58,2025-11-03,850,N,VIIRS,n,2,298.71,3.77,D,0
31.63326,72.47428,341.68,0.55,0.51,2025-11-03,850,N,VIIRS,n,2,304.16,5.67,D,0
31.63403,72.47756,341.16,0.55,0.51,2025-11-03,850,N,VIIRS,n,2,302.32,6.11,D,0
31.65724,73.55902,342.54,0.63,0.54,2025-11-03,850,N,VIIRS,n,2,302.8,5.59,D,0
31.65823,73.38273,331.55,0.62,0.54,2025-11-03,850,N,VIIRS,n,2,300.55,2.87,D,0
31.66207,72.41534,337.77,0.54,0.51,2025-11-03,850,N,VIIRS,n,2,301.6,4.42,D,0
31.6627,72.36846,337.41,0.54,0.51,2025-11-03,850,N,VIIRS,n,2,300.94,3.45,D,0
31.66515,73.59431,331.67,0.32,0.54,2025-11-03,850,N,VIIRS,n,2,301.06,1.33,D,0
31.68003,72.19342,336.33,0.53,0.5,2025-11-03,850,N,VIIRS,n,2,301.46,4.14,D,0
31.68159,72.21038,333.25,0.53,0.5,2025-11-03,850,N,VIIRS,n,2,301.37,1.89,D,0
31.69209,73.43793,339.45,0.62,0.54,2025-11-03,850,N,VIIRS,n,2,302.68,6.27,D,0
31.693,72.23191,337.17,0.53,0.5,2025-11-03,850,N,VIIRS,n,2,302.69,3.16,D,0
31.69327,73.43955,341.21,0.62,0.54,2025-11-03,850,N,VIIRS,n,2,302.61,8.31,D,0
31.70703,72.25676,331.68,0.53,0.5,2025-11-03,850,N,VIIRS,l,2,302.01,2.77,D,0
31.70964,72.25864,339.89,0.53,0.5,2025-11-03,850,N,VIIRS,n,2,302.5,5.95,D,0
31.72624,72.26022,338.04,0.53,0.5,2025-11-03,850,N,VIIRS,n,2,302.28,5.22,D,0
31.7263,73.82508,331.12,0.33,0.55,2025-11-03,850,N,VIIRS,n,2,300.81,1.15,D,0
31.72662,72.60243,331.48,0.56,0.51,2025-11-03,850,N,VIIRS,n,2,299.86,5.88,D,0
31.72679,72.60429,335.95,0.56,0.51,2025-11-03,850,N,VIIRS,n,2,300.7,4.19,D,0
31.72732,72.61026,331.81,0.56,0.51,2025-11-03,850,N,VIIRS,n,2,301.4,3.99,D,0
31.74008,74.58405,348.34,0.36,0.58,2025-11-03,850,N,VIIRS,n,2,300.89,3.21,D,0
31.74144,72.21815,337.91,0.53,0.5,2025-11-03,850,N,VIIRS,n,2,302.08,4.3,D,0
31.76258,73.36983,333.09,0.62,0.54,2025-11-03,850,N,VIIRS,n,2,301.56,3.75,D,0
31.76521,73.92902,335.33,0.33,0.56,2025-11-03,850,N,VIIRS,n,2,300.12,1.88,D,0
31.76915,74.9179,338.01,0.38,0.59,2025-11-03,850,N,VIIRS,n,2,300.38,4.57,D,0
31.78068,74.06658,344.27,0.34,0.56,2025-11-03,850,N,VIIRS,n,2,301.01,4.16,D,0
31.80869,73.51304,336.76,0.63,0.54,2025-11-03,850,N,VIIRS,n,2,301.87,5.94,D,0
31.81069,73.77733,332.73,0.33,0.55,2025-11-03,850,N,VIIRS,n,2,302.7,3.32,D,0
31.82648,73.61304,331.2,0.32,0.55,2025-11-03,850,N,VIIRS,n,2,299.97,1.48,D,0
31.82867,73.189,336.73,0.6,0.53,2025-11-03,850,N,VIIRS,n,2,301.43,6.07,D,0
31.8292,73.19549,345.17,0.61,0.53,2025-11-03,850,N,VIIRS,n,2,304.29,16.73,D,0
31.82952,74.01756,335.7,0.34,0.56,2025-11-03,850,N,VIIRS,n,2,301.01,3.31,D,0
31.83629,74.61427,344.94,0.37,0.58,2025-11-03,850,N,VIIRS,n,2,298.94,3.59,D,0
31.84194,73.48213,336.94,0.63,0.54,2025-11-03,850,N,VIIRS,n,2,301.92,5.35,D,0
31.86272,74.38392,339.83,0.36,0.57,2025-11-03,850,N,VIIRS,n,2,299.55,5.43,D,0
31.86504,73.64745,333.8,0.32,0.55,2025-11-03,850,N,VIIRS,n,2,300.62,2.49,D,0
31.86716,73.2309,347.69,0.61,0.53,2025-11-03,850,N,VIIRS,n,2,307.27,29.06,D,0
31.87213,73.23037,344.31,0.61,0.53,2025-11-03,850,N,VIIRS,n,2,300.83,29.06,D,0
31.89011,74.11842,335.02,0.34,0.56,2025-11-03,850,N,VIIRS,n,2,300.35,4.38,D,0
31.89201,73.22826,346.74,0.61,0.53,2025-11-03,850,N,VIIRS,n,2,302.81,9.91,D,0
31.89209,73.22789,346.25,0.61,0.53,2025-11-03,850,N,VIIRS,n,2,302.79,9.52,D,0
31.893,73.67613,334.82,0.32,0.55,2025-11-03,850,N,VIIRS,n,2,301.85,1.88,D,0
31.89327,73.67962,334.13,0.32,0.55,2025-11-03,850,N,VIIRS,n,2,300.83,1.88,D,0
31.8981,73.67561,334.39,0.32,0.55,2025-11-03,850,N,VIIRS,n,2,301.84,1.88,D,0
31.89814,74.08411,342.39,0.34,0.56,2025-11-03,850,N,VIIRS,n,2,300.35,3.9,D,0
31.9013,73.34697,341.31,0.62,0.54,2025-11-03,850,N,VIIRS,n,2,302.25,8.86,D,0
31.90199,73.34713,341.13,0.62,0.54,2025-11-03,850,N,VIIRS,n,2,302.03,6.74,D,0
31.91222,73.72356,334.26,0.33,0.55,2025-11-03,850,N,VIIRS,n,2,298.47,2.83,D,0
31.92373,73.31103,341.1,0.62,0.54,2025-11-03,850,N,VIIRS,n,2,301.46,9.2,D,0
31.92819,73.66553,336.19,0.32,0.55,2025-11-03,850,N,VIIRS,n,2,301.11,2.68,D,0
31.9305,73.66541,333.96,0.32,0.55,2025-11-03,850,N,VIIRS,n,2,300.47,2.76,D,0
31.93362,73.7074,337.91,0.33,0.55,2025-11-03,850,N,VIIRS,n,2,300.57,3.47,D,0
31.93402,72.83027,331.58,0.58,0.52,2025-11-03,850,N,VIIRS,n,2,300.79,4.01,D,0
31.93561,73.95502,354.27,0.34,0.56,2025-11-03,850,N,VIIRS,n,2,300.05,3.89,D,0
31.93727,73.71394,367,0.33,0.55,2025-11-03,850,N,VIIRS,h,2,301.54,11.34,D,0
31.93927,73.7139,367,0.33,0.55,2025-11-03,850,N,VIIRS,h,2,302.12,5.54,D,0
31.93953,73.71741,341.23,0.33,0.55,2025-11-03,850,N,VIIRS,n,2,300.59,5.54,D,0
31.94023,75.07089,334.71,0.39,0.59,2025-11-03,850,N,VIIRS,n,2,302.68,3.02,D,0
31.9542,75.04025,334.22,0.39,0.59,2025-11-03,850,N,VIIRS,n,2,302.05,2.72,D,0
31.95596,73.7299,333.46,0.33,0.55,2025-11-03,850,N,VIIRS,n,2,299.28,2.6,D,0
31.95785,73.90548,331.52,0.33,0.56,2025-11-03,850,N,VIIRS,n,2,300.02,2.06,D,0
31.9671,73.28632,330.1,0.61,0.54,2025-11-03,850,N,VIIRS,l,2,301.78,7.09,D,0
31.96749,73.35339,331.56,0.62,0.54,2025-11-03,850,N,VIIRS,n,2,300.27,5.4,D,0
31.96857,73.36677,337.97,0.62,0.54,2025-11-03,850,N,VIIRS,n,2,300.8,6.62,D,0
31.97927,70.92908,346.88,0.45,0.47,2025-11-03,850,N,VIIRS,n,2,315.73,57.29,D,0
31.98211,73.66715,331.88,0.32,0.55,2025-11-03,850,N,VIIRS,n,2,300.71,2.86,D,0
31.98263,70.91889,331.44,0.45,0.47,2025-11-03,850,N,VIIRS,l,2,301.82,1.82,D,0
31.99764,73.35593,330.28,0.62,0.54,2025-11-03,850,N,VIIRS,n,2,300.5,1.89,D,0
31.99832,70.8845,338.35,0.45,0.47,2025-11-03,850,N,VIIRS,n,2,302.27,3.45,D,0
31.99994,73.56739,331.39,0.32,0.55,2025-11-03,850,N,VIIRS,n,2,301.31,2.93,D,0
32.00115,73.84708,345.82,0.33,0.55,2025-11-03,850,N,VIIRS,n,2,300.98,4.09,D,0
32.02076,73.63511,336.69,0.32,0.55,2025-11-03,850,N,VIIRS,n,2,299.3,1.96,D,0
32.02937,70.93401,334.1,0.45,0.47,2025-11-03,850,N,VIIRS,n,2,300.9,3.11,D,0
32.03053,73.52171,343.66,0.32,0.54,2025-11-03,850,N,VIIRS,n,2,301.34,3.4,D,0
32.03079,73.52515,338.13,0.32,0.54,2025-11-03,850,N,VIIRS,n,2,301.92,3.4,D,0
32.03225,73.52422,339.52,0.64,0.54,2025-11-03,850,N,VIIRS,n,2,301.03,7.32,D,0
32.03452,73.44044,333.8,0.63,0.54,2025-11-03,850,N,VIIRS,n,2,301.52,2.31,D,0
32.03778,73.35169,333.54,0.62,0.54,2025-11-03,850,N,VIIRS,n,2,301.41,6.57,D,0
32.07204,74.51385,332.67,0.36,0.58,2025-11-03,850,N,VIIRS,n,2,299.83,1.72,D,0
32.07344,73.35466,338.9,0.62,0.54,2025-11-03,850,N,VIIRS,n,2,301.93,7.03,D,0
32.07523,73.84271,352.34,0.33,0.55,2025-11-03,850,N,VIIRS,n,2,302.75,5.99,D,0
32.08031,73.91132,341.67,0.34,0.56,2025-11-03,850,N,VIIRS,n,2,298.79,2.45,D,0
32.08656,73.51937,347.35,0.32,0.54,2025-11-03,850,N,VIIRS,n,2,301.78,3.28,D,0
32.092,73.5884,336.18,0.32,0.55,2025-11-03,850,N,VIIRS,n,2,299.79,1.36,D,0
32.09462,73.36599,343.48,0.62,0.54,2025-11-03,850,N,VIIRS,n,2,302.09,8.77,D,0
32.106,73.39695,332.6,0.63,0.54,2025-11-03,850,N,VIIRS,n,2,299.94,5.15,D,0
32.10687,73.39192,335.08,0.63,0.54,2025-11-03,850,N,VIIRS,n,2,300.42,9.25,D,0
32.11053,73.38964,336.71,0.63,0.54,2025-11-03,850,N,VIIRS,n,2,299.58,7.02,D,0
32.11745,73.58581,337.44,0.32,0.55,2025-11-03,850,N,VIIRS,n,2,298.96,1.69,D,0
32.11974,73.36336,333.61,0.62,0.54,2025-11-03,850,N,VIIRS,n,2,300.16,7.61,D,0
32.12345,73.53291,351.9,0.32,0.54,2025-11-03,850,N,VIIRS,n,2,300.38,6.06,D,0
32.12356,73.36102,341.61,0.62,0.54,2025-11-03,850,N,VIIRS,n,2,301.62,7.8,D,0
32.12476,73.36284,348.55,0.62,0.54,2025-11-03,850,N,VIIRS,n,2,299.53,7.61,D,0
32.12626,73.46338,331.93,0.63,0.54,2025-11-03,850,N,VIIRS,n,2,299.73,4.17,D,0
32.1407,70.10053,330.43,0.41,0.45,2025-11-03,850,N,VIIRS,n,2,302.52,2.01,D,0
32.14092,73.52238,367,0.32,0.54,2025-11-03,850,N,VIIRS,h,2,303.84,5.8,D,0
32.14119,73.52583,340.24,0.32,0.54,2025-11-03,850,N,VIIRS,n,2,298.92,5.8,D,0
32.14629,73.68859,335.52,0.33,0.55,2025-11-03,850,N,VIIRS,n,2,299.84,2.71,D,0
32.14652,73.52874,341.01,0.32,0.55,2025-11-03,850,N,VIIRS,n,2,298.74,3.35,D,0
32.14786,73.41302,332.69,0.63,0.54,2025-11-03,850,N,VIIRS,n,2,300.81,3.02,D,0
32.14808,73.68678,332.81,0.33,0.55,2025-11-03,850,N,VIIRS,n,2,299.11,1.38,D,0
32.15006,73.64402,367,0.32,0.55,2025-11-03,850,N,VIIRS,h,2,302.59,9.5,D,0
32.15105,73.87006,331.13,0.33,0.56,2025-11-03,850,N,VIIRS,n,2,300.37,1.7,D,0
32.15686,73.59756,331.59,0.32,0.55,2025-11-03,850,N,VIIRS,n,2,300.2,2.63,D,0
32.15712,73.60104,341.73,0.32,0.55,2025-11-03,850,N,VIIRS,n,2,299.31,2.63,D,0
32.16081,73.65,333.63,0.32,0.55,2025-11-03,850,N,VIIRS,n,2,298.72,3.38,D,0
32.17444,73.49287,331.95,0.64,0.54,2025-11-03,850,N,VIIRS,n,2,299.18,5.39,D,0
32.19448,73.75352,367,0.33,0.55,2025-11-03,850,N,VIIRS,h,2,304.15,10.12,D,0
32.2298,73.50162,367,0.32,0.54,2025-11-03,850,N,VIIRS,h,2,301.27,6.41,D,0
32.23116,73.49919,330.12,0.32,0.54,2025-11-03,850,N,VIIRS,n,2,298.5,3.61,D,0
32.23145,73.50263,350.21,0.32,0.54,2025-11-03,850,N,VIIRS,n,2,300.19,3.61,D,0
32.27872,73.34341,336.22,0.62,0.54,2025-11-03,850,N,VIIRS,n,2,300.48,7.25,D,0
32.30086,73.90194,336.97,0.34,0.56,2025-11-03,850,N,VIIRS,n,2,301.08,2.03,D,0
32.32385,73.92918,356.1,0.34,0.56,2025-11-03,850,N,VIIRS,n,2,301.51,4.51,D,0
32.33043,72.80376,342.73,0.58,0.52,2025-11-03,850,N,VIIRS,n,2,302.89,10.57,D,0
32.53578,73.80531,332.46,0.33,0.56,2025-11-03,850,N,VIIRS,n,2,300.67,1.5,D,0
32.77283,74.55054,332.86,0.37,0.58,2025-11-03,851,N,VIIRS,n,2,300.16,2.39,D,0
33.18788,72.4096,335.71,0.56,0.52,2025-11-03,851,N,VIIRS,n,2,302.6,2.99,D,0
33.74487,70.61497,332.42,0.45,0.47,2025-11-03,851,N,VIIRS,n,2,295.67,3.82,D,0
31.64253,74.15469,300.18,0.53,0.42,2025-11-03,2113,N,VIIRS,n,2,289.82,0.51,N,0
32.29427,70.73046,309,0.4,0.37,2025-11-03,2113,N,VIIRS,n,2,291.26,0.97,N,2
32.37968,72.13839,302.21,0.43,0.38,2025-11-03,2113,N,VIIRS,n,2,292.08,0.85,N,2
32.72409,72.8194,297.2,0.45,0.39,2025-11-03,2113,N,VIIRS,n,2,286.61,0.73,N,0
32.8287,71.60175,307.14,0.41,0.37,2025-11-03,2113,N,VIIRS,n,2,292.45,1.18,N,0
32.88971,71.61664,317.1,0.41,0.37,2025-11-03,2113,N,VIIRS,n,2,293.84,2.28,N,2
33.23417,71.51493,296.99,0.41,0.37,2025-11-03,2113,N,VIIRS,n,2,286.03,0.26,N,2
33.23753,71.51578,303.19,0.41,0.37,2025-11-03,2113,N,VIIRS,n,2,286.43,0.34,N,2
33.54485,71.55016,302.84,0.4,0.37,2025-11-03,2113,N,VIIRS,n,2,287.83,1.17,N,2
33.73586,70.61594,298.41,0.39,0.36,2025-11-03,2113,N,VIIRS,n,2,278.67,0.92,N,0
33.74457,70.60485,296.16,0.39,0.36,2025-11-03,2113,N,VIIRS,n,2,279.07,0.72,N,0
33.74787,70.60562,305.41,0.39,0.36,2025-11-03,2113,N,VIIRS,n,2,279.29,0.72,N,0
33.85159,72.87315,297.91,0.44,0.38,2025-11-03,2113,N,VIIRS,n,2,287.83,1.09,N,2
29.33876,75.12778,301.84,0.44,0.46,2025-11-03,2114,N,VIIRS,n,2,287.59,0.58,N,0
29.90578,70.6804,302.69,0.41,0.37,2025-11-03,2114,N,VIIRS,n,2,287.59,0.53,N,0
30.32731,71.89613,308.16,0.44,0.39,2025-11-03,2114,N,VIIRS,n,2,288.85,1.14,N,0
30.34377,74.69031,296.87,0.4,0.44,2025-11-03,2114,N,VIIRS,n,2,286.3,0.34,N,0
31.64292,73.48973,300.62,0.5,0.41,2025-11-03,2114,N,VIIRS,n,2,287.08,0.65,N,0
27.76181,69.34207,338.59,0.4,0.37,2025-11-03,2115,N,VIIRS,n,2,288.92,3.76,N,0
28.42319,69.70081,320.5,0.4,0.37,2025-11-03,2115,N,VIIRS,n,2,291.13,1.81,N,2
27.77561,69.37605,334.25,0.39,0.36,2025-11-04,830,N,VIIRS,n,2,305.6,1.86,D,0
27.79243,69.42177,330.2,0.39,0.36,2025-11-04,830,N,VIIRS,l,2,303.43,1.26,D,0
27.7933,69.40555,334.84,0.39,0.36,2025-11-04,830,N,VIIRS,n,2,305.52,1.88,D,0
27.84993,69.46261,330.59,0.38,0.36,2025-11-04,830,N,VIIRS,n,2,304.52,2.32,D,0
27.86708,69.46324,334.55,0.38,0.36,2025-11-04,830,N,VIIRS,n,2,304.45,2.01,D,0
27.92429,69.5963,335.81,0.38,0.36,2025-11-04,830,N,VIIRS,n,2,303.41,3.12,D,0
27.92721,69.63183,333.38,0.38,0.36,2025-11-04,830,N,VIIRS,l,2,304.1,0.79,D,0
27.92969,69.63131,333.79,0.38,0.36,2025-11-04,830,N,VIIRS,l,2,304.71,2.83,D,0
28.00799,69.76432,333.82,0.38,0.36,2025-11-04,830,N,VIIRS,n,2,301.98,2.14,D,0
28.3764,69.49657,335.57,0.38,0.36,2025-11-04,831,N,VIIRS,n,2,300.3,2.84,D,0
28.42468,69.70033,331.48,0.38,0.36,2025-11-04,831,N,VIIRS,n,2,306.27,1.55,D,2
28.72964,71.0351,336.69,0.4,0.37,2025-11-04,831,N,VIIRS,n,2,306.15,5.64,D,0
28.77649,71.09744,340.9,0.4,0.37,2025-11-04,831,N,VIIRS,n,2,310.57,2.78,D,0
28.77986,71.09682,338.62,0.4,0.37,2025-11-04,831,N,VIIRS,n,2,307.75,2.78,D,0
28.90277,71.0001,333.18,0.4,0.37,2025-11-04,831,N,VIIRS,n,2,305.27,2.58,D,0
28.91637,70.5675,341.74,0.39,0.36,2025-11-04,831,N,VIIRS,n,2,307.75,4.55,D,0
29.11855,71.65545,333.25,0.41,0.37,2025-11-04,831,N,VIIRS,n,2,304.15,1.94,D,0
29.1192,71.79054,334.53,0.42,0.37,2025-11-04,831,N,VIIRS,l,2,305.66,4.05,D,0
29.14204,70.33778,335.69,0.39,0.36,2025-11-04,831,N,VIIRS,n,2,308.14,3,D,0
29.14705,73.45739,334.09,0.48,0.4,2025-11-04,831,N,VIIRS,l,2,305.29,4.52,D,0
29.1609,70.25647,335.81,0.39,0.36,2025-11-04,831,N,VIIRS,l,2,309.5,2.97,D,0
29.19054,71.84834,337.95,0.42,0.38,2025-11-04,831,N,VIIRS,n,2,306.4,2.14,D,0
29.21802,73.54276,333.71,0.49,0.4,2025-11-04,831,N,VIIRS,n,2,304.26,2.29,D,0
29.23416,73.53748,334.71,0.49,0.4,2025-11-04,831,N,VIIRS,n,2,304.54,12.08,D,0
29.24678,75.39205,336.89,0.4,0.44,2025-11-04,831,N,VIIRS,n,2,300.26,2.58,D,0
29.29828,70.62175,341.31,0.39,0.36,2025-11-04,831,N,VIIRS,n,2,310.41,2.87,D,0
29.30162,70.62112,337.91,0.39,0.36,2025-11-04,831,N,VIIRS,n,2,307.99,2.21,D,0
29.36048,70.30576,336.38,0.39,0.36,2025-11-04,831,N,VIIRS,n,2,305.87,2.54,D,0
29.37261,73.73652,332.06,0.5,0.41,2025-11-04,831,N,VIIRS,n,2,304.5,2.37,D,0
29.37438,70.30722,334.23,0.39,0.36,2025-11-04,831,N,VIIRS,n,2,305.36,2.34,D,0
29.37829,70.31059,331.09,0.39,0.36,2025-11-04,831,N,VIIRS,n,2,305.81,1.31,D,0
29.37864,73.31973,335.9,0.48,0.4,2025-11-04,831,N,VIIRS,l,2,307.64,5.33,D,0
29.3787,70.28998,333.84,0.39,0.36,2025-11-04,831,N,VIIRS,n,2,308.41,2.02,D,0
29.38203,70.28934,337.67,0.39,0.36,2025-11-04,831,N,VIIRS,n,2,307.94,4.42,D,0
29.39025,73.95161,347.83,0.51,0.41,2025-11-04,831,N,VIIRS,n,2,306.96,33.16,D,0
29.39405,73.95103,340.09,0.51,0.41,2025-11-04,831,N,VIIRS,n,2,310.16,33.16,D,0
29.44849,73.95338,333.39,0.51,0.41,2025-11-04,831,N,VIIRS,n,2,302.36,1.82,D,0
29.45229,73.9528,335.01,0.51,0.41,2025-11-04,831,N,VIIRS,n,2,303.11,9.77,D,0
29.45864,74.07118,331.22,0.52,0.41,2025-11-04,831,N,VIIRS,n,2,299.17,3.54,D,0
29.47048,73.85112,333.98,0.51,0.41,2025-11-04,831,N,VIIRS,n,2,305.07,2.97,D,0
29.47052,73.84824,336.11,0.5,0.41,2025-11-04,831,N,VIIRS,n,2,305.14,3.52,D,0
29.47072,74.00945,332.81,0.51,0.41,2025-11-04,831,N,VIIRS,n,2,302.59,3.42,D,0
29.47523,74.0796,336.29,0.52,0.41,2025-11-04,831,N,VIIRS,n,2,300.91,6.31,D,0
29.47621,73.83424,334.11,0.5,0.41,2025-11-04,831,N,VIIRS,n,2,305.02,1.56,D,0
29.4768,73.83662,335.55,0.5,0.41,2025-11-04,831,N,VIIRS,n,2,305.23,7.5,D,0
29.47743,73.8447,331.17,0.51,0.41,2025-11-04,831,N,VIIRS,l,2,303.43,4.96,D,0
29.4795,70.40295,338.28,0.39,0.36,2025-11-04,831,N,VIIRS,n,2,306.79,2.98,D,0
29.48122,73.84411,336.95,0.51,0.41,2025-11-04,831,N,VIIRS,n,2,303.71,4.96,D,0
29.4926,74.46288,345.9,0.54,0.42,2025-11-04,831,N,VIIRS,n,2,300.82,18,D,0
29.49458,74.41122,334.19,0.54,0.42,2025-11-04,831,N,VIIRS,n,2,294.18,4.78,D,0
29.49511,74.14797,331.68,0.52,0.42,2025-11-04,831,N,VIIRS,n,2,298.9,3.11,D,0
29.5084,71.65016,336.68,0.41,0.37,2025-11-04,831,N,VIIRS,n,2,305.26,3.04,D,0
29.51812,73.99443,333.83,0.51,0.41,2025-11-04,831,N,VIIRS,n,2,300.13,4.05,D,0
29.53225,74.21771,331.27,0.53,0.42,2025-11-04,831,N,VIIRS,n,2,297.28,2.86,D,0
29.53515,74.07359,346.92,0.52,0.41,2025-11-04,831,N,VIIRS,n,2,303.07,12.23,D,0
29.56949,74.26799,330.98,0.53,0.42,2025-11-04,831,N,VIIRS,n,2,294.48,2.1,D,0
29.57326,73.24745,333.56,0.48,0.4,2025-11-04,831,N,VIIRS,l,2,306.16,3.26,D,0
29.58692,74.24855,344.53,0.53,0.42,2025-11-04,831,N,VIIRS,n,2,301.15,12.76,D,0
29.60423,74.04947,334.41,0.52,0.41,2025-11-04,831,N,VIIRS,n,2,300.68,3.25,D,0
29.635,71.59071,333.51,0.41,0.37,2025-11-04,831,N,VIIRS,l,2,306.44,8.28,D,0
29.63568,70.45219,331.3,0.39,0.36,2025-11-04,831,N,VIIRS,l,2,305.44,2.2,D,0
29.67062,71.64589,333.09,0.42,0.37,2025-11-04,831,N,VIIRS,n,2,307.69,2.32,D,0
29.69368,70.50813,330.21,0.39,0.36,2025-11-04,831,N,VIIRS,n,2,303.37,1.54,D,0
29.72363,75.09269,335.17,0.39,0.44,2025-11-04,831,N,VIIRS,n,2,301.34,2.42,D,0
29.76708,72.48837,332.11,0.44,0.39,2025-11-04,831,N,VIIRS,n,2,303.29,2.72,D,0
29.77064,72.48778,337.09,0.44,0.39,2025-11-04,831,N,VIIRS,n,2,302.5,4.45,D,0
29.78588,72.7232,343.76,0.45,0.39,2025-11-04,831,N,VIIRS,n,2,307.38,19.43,D,0
29.79929,75.49163,348.56,0.41,0.45,2025-11-04,831,N,VIIRS,n,2,302.52,11.55,D,0
29.79968,73.10083,343.85,0.47,0.4,2025-11-04,831,N,VIIRS,n,2,302.66,4,D,0
29.81519,71.30306,333.14,0.41,0.37,2025-11-04,831,N,VIIRS,l,2,304.25,1.32,D,0
29.84418,75.47668,346.66,0.41,0.45,2025-11-04,831,N,VIIRS,n,2,303.07,6.17,D,0
29.86923,70.06158,331.43,0.39,0.36,2025-11-04,831,N,VIIRS,n,2,305.09,1.6,D,0
29.88299,75.3117,330.16,0.41,0.45,2025-11-04,831,N,VIIRS,l,2,301.86,4.47,D,0
29.90089,75.28345,341.03,0.4,0.45,2025-11-04,831,N,VIIRS,n,2,301.84,4.85,D,0
29.90134,75.28769,340.86,0.4,0.45,2025-11-04,831,N,VIIRS,n,2,301.25,4.85,D,0
29.90404,72.89969,330.64,0.46,0.39,2025-11-04,831,N,VIIRS,n,2,302.61,2.19,D,0
29.91189,72.90331,341.36,0.46,0.39,2025-11-04,831,N,VIIRS,n,2,304.73,4.91,D,0
29.91416,70.01922,336.72,0.39,0.36,2025-11-04,831,N,VIIRS,n,2,301.47,4.38,D,0
29.92054,70.58374,334.33,0.39,0.37,2025-11-04,831,N,VIIRS,n,2,301.98,2.57,D,0
29.9447,74.35886,330.51,0.54,0.42,2025-11-04,831,N,VIIRS,n,2,295.62,5.52,D,0
29.94692,72.97647,331.57,0.47,0.39,2025-11-04,831,N,VIIRS,l,2,302.9,2.2,D,0
29.94748,72.19005,346.13,0.44,0.38,2025-11-04,831,N,VIIRS,n,2,304.43,7.48,D,0
29.97756,75.43897,335.68,0.41,0.45,2025-11-04,831,N,VIIRS,n,2,302.68,2.96,D,0
29.97863,72.48882,333.88,0.45,0.39,2025-11-04,831,N,VIIRS,n,2,304.78,2.59,D,0
29.98684,73.64928,335.11,0.5,0.41,2025-11-04,831,N,VIIRS,n,2,302.09,2.94,D,0
29.9905,75.44157,340.43,0.41,0.45,2025-11-04,831,N,VIIRS,n,2,302.6,3.69,D,0
29.99219,72.62489,335.83,0.45,0.39,2025-11-04,831,N,VIIRS,n,2,306.42,2.53,D,0
30.01138,70.61699,330.15,0.4,0.37,2025-11-04,831,N,VIIRS,n,2,303.98,1.61,D,0
30.01473,74.82657,336.6,0.38,0.43,2025-11-04,831,N,VIIRS,n,2,300.07,4.03,D,0
30.01577,74.82671,339.75,0.38,0.43,2025-11-04,831,N,VIIRS,n,2,299.66,3.43,D,0
30.0398,73.18179,341.66,0.48,0.4,2025-11-04,831,N,VIIRS,n,2,305.32,5.44,D,0
30.04251,73.18364,341.52,0.48,0.4,2025-11-04,831,N,VIIRS,n,2,305.01,8.37,D,0
30.04348,73.1812,335.65,0.48,0.4,2025-11-04,831,N,VIIRS,n,2,301.92,5.44,D,0
30.05274,75.27657,344.55,0.4,0.45,2025-11-04,831,N,VIIRS,n,2,303.83,7.87,D,0
30.05321,75.28079,354.38,0.41,0.45,2025-11-04,831,N,VIIRS,n,2,305.97,29.01,D,0
30.0536,75.0648,331.05,0.39,0.44,2025-11-04,831,N,VIIRS,l,2,302.38,4.36,D,0
30.05687,75.17406,335.19,0.4,0.44,2025-11-04,831,N,VIIRS,n,2,302.96,1.99,D,0
30.05724,75.06008,341.31,0.39,0.44,2025-11-04,831,N,VIIRS,n,2,300.48,7.11,D,0
30.05768,75.06421,341.89,0.39,0.44,2025-11-04,831,N,VIIRS,n,2,302.2,7.11,D,0
30.06357,73.34146,330.68,0.49,0.4,2025-11-04,831,N,VIIRS,n,2,303.34,1.85,D,0
30.07008,75.43498,352.96,0.41,0.45,2025-11-04,831,N,VIIRS,n,2,301.93,7.76,D,0
30.07594,75.19691,330.96,0.4,0.44,2025-11-04,831,N,VIIRS,n,2,300.59,5.8,D,0
30.14126,75.22197,343.12,0.4,0.44,2025-11-04,831,N,VIIRS,n,2,303.65,6,D,0
30.20641,74.56107,338.35,0.56,0.43,2025-11-04,831,N,VIIRS,n,2,295.71,3.12,D,0
30.21412,73.28068,331.85,0.48,0.4,2025-11-04,831,N,VIIRS,l,2,303.08,3.35,D,0
30.23987,70.65516,333.86,0.4,0.37,2025-11-04,831,N,VIIRS,n,2,301.89,1.28,D,0
30.24339,70.62526,330.2,0.4,0.37,2025-11-04,831,N,VIIRS,n,2,299.86,0.93,D,0
30.2463,73.32716,334.67,0.49,0.4,2025-11-04,831,N,VIIRS,n,2,302.8,2.39,D,0
30.24674,70.62463,342.36,0.4,0.37,2025-11-04,831,N,VIIRS,n,2,302.18,3.87,D,0
30.25428,74.98248,334.35,0.39,0.44,2025-11-04,831,N,VIIRS,n,2,299.64,2.3,D,0
30.25516,72.48417,331.91,0.45,0.39,2025-11-04,831,N,VIIRS,n,2,303.31,2.31,D,0
30.25611,74.80855,340.93,0.38,0.44,2025-11-04,831,N,VIIRS,n,2,294.86,5.11,D,0
30.25868,70.66046,334.78,0.4,0.37,2025-11-04,831,N,VIIRS,n,2,302.23,5.89,D,0
30.25926,70.66458,337.71,0.4,0.37,2025-11-04,831,N,VIIRS,n,2,305.19,9.11,D,0
30.26262,70.66395,337.06,0.4,0.37,2025-11-04,831,N,VIIRS,n,2,301.36,9.11,D,0
30.27019,73.71476,330.42,0.51,0.41,2025-11-04,831,N,VIIRS,n,2,297.13,1.9,D,0
30.27294,73.3281,330.09,0.49,0.4,2025-11-04,831,N,VIIRS,n,2,302.92,2.3,D,0
30.27957,70.68619,334.83,0.4,0.37,2025-11-04,831,N,VIIRS,n,2,302.76,5.42,D,0
30.28003,70.66492,343.76,0.4,0.37,2025-11-04,831,N,VIIRS,n,2,304.86,6.19,D,0
30.28592,75.49533,351.16,0.42,0.45,2025-11-04,831,N,VIIRS,n,2,303.07,15.77,D,0
30.28657,74.57119,336.92,0.56,0.43,2025-11-04,831,N,VIIRS,n,2,299.4,6.87,D,0
30.28785,75.31863,330.03,0.41,0.45,2025-11-04,831,N,VIIRS,n,2,297.59,2.27,D,0
30.28877,74.77116,340.52,0.38,0.43,2025-11-04,831,N,VIIRS,n,2,301.51,4.88,D,0
30.28907,73.2927,335.54,0.49,0.4,2025-11-04,831,N,VIIRS,n,2,303.01,3.38,D,0
30.29278,74.77057,341.39,0.38,0.43,2025-11-04,831,N,VIIRS,n,2,299.44,4.88,D,0
30.31123,73.38271,345.79,0.49,0.4,2025-11-04,831,N,VIIRS,n,2,308.6,16.81,D,0
30.31496,73.38212,337.27,0.49,0.4,2025-11-04,831,N,VIIRS,n,2,301.36,16.81,D,0
30.32632,75.42857,334.67,0.42,0.45,2025-11-04,831,N,VIIRS,n,2,301.4,2.29,D,0
30.34311,70.69551,335.23,0.4,0.37,2025-11-04,831,N,VIIRS,n,2,302.81,2.93,D,0
30.3433,73.92098,331.46,0.52,0.42,2025-11-04,831,N,VIIRS,n,2,298.17,4.41,D,0
30.3454,73.92204,332.85,0.52,0.42,2025-11-04,831,N,VIIRS,n,2,295.6,3.45,D,0
30.36287,70.70598,334.63,0.4,0.37,2025-11-04,831,N,VIIRS,n,2,302.48,2.76,D,0
30.36682,70.7095,337.81,0.4,0.37,2025-11-04,831,N,VIIRS,n,2,303.78,7.19,D,0
30.3674,70.71364,336.74,0.4,0.37,2025-11-04,831,N,VIIRS,n,2,304.03,6.45,D,0
30.36913,70.72607,331.76,0.4,0.37,2025-11-04,831,N,VIIRS,n,2,301.73,2.27,D,0
30.37025,75.07142,341.26,0.4,0.44,2025-11-04,831,N,VIIRS,n,2,299.5,4.01,D,0
30.37041,75.15245,337.15,0.4,0.44,2025-11-04,831,N,VIIRS,n,2,302.24,4.23,D,0
30.38807,75.20161,338.81,0.41,0.45,2025-11-04,831,N,VIIRS,n,2,300.81,3.19,D,0
30.39453,75.18343,343.5,0.4,0.45,2025-11-04,831,N,VIIRS,n,2,305,7.2,D,0
30.39525,71.71679,332.81,0.42,0.38,2025-11-04,831,N,VIIRS,n,2,300.76,8.14,D,0
30.39583,71.7212,342.5,0.42,0.38,2025-11-04,831,N,VIIRS,n,2,310.28,29.24,D,0
30.39931,71.72059,350.06,0.42,0.38,2025-11-04,831,N,VIIRS,n,2,308.24,29.24,D,0
30.40407,74.84878,335.02,0.39,0.44,2025-11-04,831,N,VIIRS,n,2,297.48,2.66,D,0
30.42934,74.96596,341.44,0.39,0.44,2025-11-04,831,N,VIIRS,n,2,299.5,4.46,D,0
30.43522,71.7233,345.54,0.42,0.38,2025-11-04,831,N,VIIRS,n,2,305.06,12.74,D,0
30.43869,71.72268,342.39,0.42,0.38,2025-11-04,831,N,VIIRS,n,2,308.52,30.62,D,0
30.45147,74.64011,341.28,0.57,0.43,2025-11-04,831,N,VIIRS,n,2,299.14,6.18,D,0
30.45204,74.68252,342.71,0.57,0.43,2025-11-04,831,N,VIIRS,n,2,300.17,10.65,D,0
30.45345,72.13815,335.6,0.44,0.38,2025-11-04,831,N,VIIRS,n,2,302.36,3.71,D,0
30.46519,71.97829,330.52,0.43,0.38,2025-11-04,831,N,VIIRS,n,2,300.41,1.38,D,0
30.47099,71.67182,335.32,0.42,0.38,2025-11-04,831,N,VIIRS,n,2,301.71,3.43,D,0
30.48907,75.24384,336.22,0.41,0.45,2025-11-04,831,N,VIIRS,n,2,299.34,3.61,D,0
30.4932,75.47746,340.47,0.42,0.45,2025-11-04,831,N,VIIRS,n,2,299.42,6.07,D,0
30.49512,72.0425,331.34,0.43,0.38,2025-11-04,831,N,VIIRS,n,2,302.8,2.23,D,0
30.49813,71.82121,331.33,0.43,0.38,2025-11-04,831,N,VIIRS,n,2,299.68,2.8,D,0
30.50103,71.81615,340.31,0.43,0.38,2025-11-04,831,N,VIIRS,n,2,300.08,3.37,D,0
30.50108,74.86956,340.85,0.39,0.44,2025-11-04,831,N,VIIRS,n,2,299.93,3.37,D,0
30.51005,71.91065,334.85,0.43,0.38,2025-11-04,831,N,VIIRS,n,2,300.53,2.64,D,0
30.51108,71.86462,331.24,0.43,0.38,2025-11-04,831,N,VIIRS,n,2,301.57,2.48,D,0
30.53148,72.35125,334.36,0.45,0.39,2025-11-04,831,N,VIIRS,n,2,303.52,3.6,D,0
30.53814,71.79349,338.49,0.43,0.38,2025-11-04,831,N,VIIRS,n,2,301.73,4.14,D,0
30.53833,74.2459,342.81,0.54,0.42,2025-11-04,831,N,VIIRS,n,2,303.67,30.66,D,0
30.53872,71.79795,333.35,0.43,0.38,2025-11-04,831,N,VIIRS,n,2,302.41,2.77,D,0
30.53905,74.57676,347.16,0.57,0.43,2025-11-04,831,N,VIIRS,n,2,299.66,10.49,D,0
30.54268,73.87658,346.86,0.52,0.42,2025-11-04,831,N,VIIRS,n,2,300.79,6.88,D,0
30.54433,73.87404,347.15,0.52,0.42,2025-11-04,831,N,VIIRS,n,2,299.63,8.32,D,0
30.55498,71.78597,330.47,0.43,0.38,2025-11-04,831,N,VIIRS,l,2,301.32,2.11,D,0
30.55678,71.82674,330.15,0.43,0.38,2025-11-04,831,N,VIIRS,l,2,302.3,1.94,D,0
30.55901,71.7625,331.36,0.43,0.38,2025-11-04,831,N,VIIRS,l,2,301.82,2.82,D,0
30.56222,74.90674,339.26,0.39,0.44,2025-11-04,831,N,VIIRS,n,2,301.64,18.72,D,0
30.56288,74.90659,334.49,0.39,0.44,2025-11-04,831,N,VIIRS,n,2,300.93,21.21,D,0
30.56629,74.90615,338,0.39,0.44,2025-11-04,831,N,VIIRS,n,2,298.53,5.25,D,0
30.57536,73.47767,331.28,0.5,0.41,2025-11-04,831,N,VIIRS,n,2,301.06,2.92,D,0
30.57882,74.94637,345.5,0.39,0.44,2025-11-04,831,N,VIIRS,n,2,299.95,6.76,D,0
30.58299,74.90795,336.68,0.39,0.44,2025-11-04,831,N,VIIRS,n,2,300.77,4.16,D,0
30.58875,75.25379,330.83,0.41,0.45,2025-11-04,831,N,VIIRS,n,2,300.23,2.91,D,0
30.58922,75.25809,331.91,0.41,0.45,2025-11-04,831,N,VIIRS,n,2,300.23,2.91,D,0
30.59393,72.11166,330.05,0.44,0.38,2025-11-04,831,N,VIIRS,n,2,299.97,3.94,D,0
30.60263,71.60184,334.96,0.42,0.38,2025-11-04,831,N,VIIRS,n,2,301.84,3.19,D,0
30.60438,71.61504,334.15,0.42,0.38,2025-11-04,831,N,VIIRS,n,2,302.47,2.52,D,0
30.60921,72.09032,333.94,0.44,0.38,2025-11-04,831,N,VIIRS,n,2,300.94,2.64,D,0
30.61248,71.62262,335.98,0.42,0.38,2025-11-04,831,N,VIIRS,n,2,303.28,7.8,D,0
30.61434,74.18038,345.31,0.54,0.42,2025-11-04,831,N,VIIRS,n,2,300.64,14.3,D,0
30.62353,75.45799,335.57,0.42,0.45,2025-11-04,831,N,VIIRS,n,2,299.95,3.24,D,0
30.62354,75.45739,336.53,0.42,0.45,2025-11-04,831,N,VIIRS,n,2,300.26,3.44,D,0
30.63716,75.42468,340.18,0.42,0.45,2025-11-04,831,N,VIIRS,n,2,301.26,4.72,D,0
30.63864,70.88718,331.37,0.4,0.37,2025-11-04,831,N,VIIRS,n,2,302.33,1.43,D,0
30.63914,71.66309,332.58,0.42,0.38,2025-11-04,831,N,VIIRS,n,2,302.1,2.15,D,0
30.63996,72.79858,332.12,0.47,0.39,2025-11-04,831,N,VIIRS,n,2,303.28,3.14,D,0
30.6432,71.66691,332.51,0.42,0.38,2025-11-04,831,N,VIIRS,n,2,300.9,2.15,D,0
30.64497,75.06009,338.35,0.4,0.44,2025-11-04,831,N,VIIRS,n,2,299.22,1.89,D,0
30.65779,71.72334,346.06,0.43,0.38,2025-11-04,831,N,VIIRS,n,2,303.7,5.99,D,0
30.66128,71.72273,332.15,0.43,0.38,2025-11-04,831,N,VIIRS,n,2,301.88,3.15,D,0
30.66139,75.41238,341.53,0.42,0.45,2025-11-04,831,N,VIIRS,n,2,302.55,2.92,D,0
30.67343,71.70693,335.44,0.43,0.38,2025-11-04,831,N,VIIRS,n,2,303.83,7.89,D,0
30.70653,73.51832,332.31,0.5,0.41,2025-11-04,831,N,VIIRS,n,2,300.01,3.25,D,0
30.71549,71.78165,336.06,0.43,0.38,2025-11-04,831,N,VIIRS,n,2,301.66,3.67,D,0
30.71558,71.80911,335.12,0.43,0.38,2025-11-04,831,N,VIIRS,n,2,302.99,5.85,D,0
30.71982,74.40466,332.81,0.56,0.43,2025-11-04,831,N,VIIRS,n,2,300.64,3.72,D,0
30.72236,74.40788,335.29,0.56,0.43,2025-11-04,831,N,VIIRS,n,2,301.46,4.84,D,0
30.72367,71.78937,335.29,0.43,0.38,2025-11-04,831,N,VIIRS,n,2,303.53,2.08,D,0
30.72377,74.40408,332.65,0.56,0.43,2025-11-04,831,N,VIIRS,n,2,301.4,5.51,D,0
30.72398,71.73122,334.75,0.43,0.38,2025-11-04,831,N,VIIRS,n,2,301.56,1.94,D,0
30.72456,71.79056,333.46,0.43,0.38,2025-11-04,831,N,VIIRS,n,2,302.78,6.72,D,0
30.72525,74.32457,341.75,0.55,0.43,2025-11-04,831,N,VIIRS,n,2,300.82,21.38,D,0
30.72863,71.73952,333.67,0.43,0.38,2025-11-04,831,N,VIIRS,n,2,303.49,3.73,D,0
30.72975,75.36827,330.29,0.42,0.45,2025-11-04,831,N,VIIRS,n,2,299.83,2.56,D,0
30.7312,75.13918,340.27,0.41,0.45,2025-11-04,831,N,VIIRS,n,2,301.08,6.2,D,0
30.73223,75.31007,348.53,0.41,0.45,2025-11-04,831,N,VIIRS,n,2,300.26,8.7,D,0
30.73323,72.05143,335.08,0.44,0.38,2025-11-04,831,N,VIIRS,n,2,301.37,3.57,D,0
30.73496,72.03711,332.6,0.44,0.38,2025-11-04,831,N,VIIRS,n,2,300.83,1.55,D,0
30.74107,71.91983,341.41,0.43,0.38,2025-11-04,831,N,VIIRS,n,2,302.51,8.17,D,0
30.74144,71.92122,341.97,0.43,0.38,2025-11-04,831,N,VIIRS,n,2,300.61,7.83,D,0
30.74227,75.04703,335.28,0.4,0.44,2025-11-04,831,N,VIIRS,n,2,302.05,16.87,D,0
30.74273,75.05126,343.79,0.4,0.44,2025-11-04,831,N,VIIRS,n,2,289.13,18.34,D,0
30.74381,72.04961,335.21,0.44,0.38,2025-11-04,831,N,VIIRS,n,2,301.26,4.7,D,0
30.74442,72.05418,333.49,0.44,0.38,2025-11-04,831,N,VIIRS,n,2,302.67,4.7,D,0
30.74768,71.96969,333.44,0.43,0.38,2025-11-04,831,N,VIIRS,n,2,301.47,2.74,D,0
30.74785,71.97116,341.41,0.43,0.38,2025-11-04,831,N,VIIRS,n,2,301.35,5.23,D,0
30.74831,75.3836,339.78,0.42,0.45,2025-11-04,831,N,VIIRS,n,2,300.76,4.86,D,0
30.75127,71.72183,333.46,0.43,0.38,2025-11-04,831,N,VIIRS,n,2,303.08,3.08,D,0
30.7525,71.78564,344.63,0.43,0.38,2025-11-04,831,N,VIIRS,n,2,302.92,3.52,D,0
30.75259,72.03407,332.18,0.44,0.38,2025-11-04,831,N,VIIRS,n,2,300.96,3.15,D,0
30.75348,74.32625,332.57,0.55,0.43,2025-11-04,831,N,VIIRS,n,2,298.86,3.22,D,0
30.75417,71.71675,343.01,0.43,0.38,2025-11-04,831,N,VIIRS,n,2,303.73,3.51,D,0
30.75503,75.01099,355.03,0.4,0.44,2025-11-04,831,N,VIIRS,n,2,301.52,13.99,D,0
30.75544,72.03045,333.09,0.44,0.38,2025-11-04,831,N,VIIRS,n,2,301.62,5.96,D,0
30.75612,72.03345,336.75,0.44,0.38,2025-11-04,831,N,VIIRS,n,2,301.14,3.15,D,0
30.75623,75.37803,341.92,0.42,0.45,2025-11-04,831,N,VIIRS,n,2,302.68,15.93,D,0
30.75648,71.70723,335.99,0.43,0.38,2025-11-04,831,N,VIIRS,n,2,303.31,2.4,D,0
30.75946,71.75694,334.49,0.43,0.38,2025-11-04,831,N,VIIRS,n,2,303.2,4.89,D,0
30.75996,71.70661,335.75,0.43,0.38,2025-11-04,831,N,VIIRS,n,2,303.48,3.02,D,0
30.76059,71.73846,337.21,0.43,0.38,2025-11-04,831,N,VIIRS,n,2,302.41,4.59,D,0
30.76118,71.74293,331.53,0.43,0.38,2025-11-04,831,N,VIIRS,l,2,302.39,2.59,D,0
30.76122,71.77036,333.6,0.43,0.38,2025-11-04,831,N,VIIRS,n,2,303.59,1.99,D,0
30.76181,71.77483,330.68,0.43,0.38,2025-11-04,831,N,VIIRS,n,2,303.1,1.99,D,0
30.76779,71.98631,331.21,0.44,0.38,2025-11-04,831,N,VIIRS,n,2,302.47,2.37,D,0
30.76837,71.99087,338.56,0.44,0.38,2025-11-04,831,N,VIIRS,n,2,302.53,4.09,D,0
30.77341,71.75449,337.52,0.43,0.38,2025-11-04,831,N,VIIRS,n,2,303.14,10.3,D,0
30.77459,71.76344,330.34,0.43,0.38,2025-11-04,831,N,VIIRS,l,2,301.69,6.46,D,0
30.7769,71.75387,344.92,0.43,0.38,2025-11-04,831,N,VIIRS,n,2,304.76,10.3,D,0
30.77974,71.72137,335.31,0.43,0.38,2025-11-04,831,N,VIIRS,n,2,302.87,2.02,D,0
30.78323,71.72075,341.49,0.43,0.38,2025-11-04,831,N,VIIRS,n,2,304.94,12.89,D,0
30.78522,71.84425,347.42,0.43,0.38,2025-11-04,831,N,VIIRS,n,2,303.84,9.29,D,0
30.78872,71.84363,358.07,0.43,0.38,2025-11-04,831,N,VIIRS,n,2,306.4,9.29,D,0
30.78975,74.7289,340.7,0.39,0.44,2025-11-04,831,N,VIIRS,n,2,294.93,7.37,D,0
30.79422,74.73238,343.06,0.39,0.44,2025-11-04,831,N,VIIRS,n,2,294.86,4.75,D,0
30.79725,74.79836,336.12,0.39,0.44,2025-11-04,831,N,VIIRS,n,2,298.94,3.31,D,0
30.7985,71.78214,335.45,0.43,0.38,2025-11-04,831,N,VIIRS,n,2,304.87,2.74,D,0
30.80088,71.80009,337.34,0.43,0.38,2025-11-04,831,N,VIIRS,n,2,302.62,2.5,D,0
30.8033,74.93201,338.65,0.4,0.44,2025-11-04,831,N,VIIRS,n,2,300.2,30.64,D,0
30.80374,74.93619,346.19,0.4,0.44,2025-11-04,831,N,VIIRS,n,2,314.96,30.64,D,0
30.80422,71.74448,341.08,0.43,0.38,2025-11-04,831,N,VIIRS,n,2,310.12,16.87,D,0
30.81449,71.87605,338.45,0.43,0.38,2025-11-04,831,N,VIIRS,n,2,304.34,11.53,D,0
30.81734,74.33359,338.81,0.55,0.43,2025-11-04,831,N,VIIRS,n,2,300.08,5.81,D,0
30.81856,74.3343,332.44,0.55,0.43,2025-11-04,831,N,VIIRS,n,2,299.3,5.42,D,0
30.83034,70.76309,335.53,0.4,0.37,2025-11-04,831,N,VIIRS,n,2,302.37,2.71,D,0
30.83181,72.00786,342.6,0.44,0.38,2025-11-04,831,N,VIIRS,n,2,301.95,4.36,D,0
30.84479,74.40083,333.64,0.56,0.43,2025-11-04,831,N,VIIRS,n,2,299,4.51,D,0
30.85787,73.80805,334.92,0.52,0.42,2025-11-04,831,N,VIIRS,n,2,299.92,4.34,D,0
30.85936,72.19155,336.74,0.44,0.39,2025-11-04,831,N,VIIRS,n,2,304.2,4.37,D,0
30.85975,72.11102,335.42,0.44,0.38,2025-11-04,831,N,VIIRS,n,2,303.43,7.68,D,0
30.86463,70.73515,337.06,0.4,0.37,2025-11-04,831,N,VIIRS,n,2,303.65,5.94,D,0
30.86586,72.18569,336.07,0.44,0.39,2025-11-04,831,N,VIIRS,n,2,302.62,3.09,D,0
30.86829,70.78621,345.49,0.4,0.37,2025-11-04,831,N,VIIRS,n,2,305.86,12.45,D,0
30.87168,70.78558,345.19,0.4,0.37,2025-11-04,831,N,VIIRS,n,2,301.4,8.26,D,0
30.8764,74.95564,357.53,0.4,0.44,2025-11-04,831,N,VIIRS,n,2,300.61,14.83,D,0
30.87697,74.54675,335.66,0.57,0.43,2025-11-04,831,N,VIIRS,n,2,299.24,5.81,D,0
30.88175,71.89794,346.83,0.43,0.38,2025-11-04,831,N,VIIRS,n,2,304.99,10.13,D,0
30.8823,74.8633,340.49,0.39,0.44,2025-11-04,831,N,VIIRS,n,2,299.62,10.95,D,0
30.88467,71.8928,333.66,0.43,0.38,2025-11-04,831,N,VIIRS,n,2,301.76,3.65,D,0
30.88638,74.86272,345.51,0.39,0.44,2025-11-04,831,N,VIIRS,n,2,301.67,10.95,D,0
30.88644,71.90642,339.03,0.43,0.38,2025-11-04,831,N,VIIRS,n,2,304.18,6.97,D,0
30.89038,70.79504,334.75,0.4,0.37,2025-11-04,831,N,VIIRS,n,2,303.13,2.33,D,0
30.89406,70.74687,336.37,0.4,0.37,2025-11-04,831,N,VIIRS,n,2,301.63,2.59,D,0
30.89871,71.89035,330.31,0.43,0.38,2025-11-04,831,N,VIIRS,n,2,301.57,1.91,D,0
30.89964,74.79363,332.94,0.39,0.44,2025-11-04,831,N,VIIRS,n,2,300.76,4.25,D,0
30.91395,70.73949,331.97,0.4,0.37,2025-11-04,831,N,VIIRS,n,2,301.24,3.12,D,0
30.92138,72.20615,333.57,0.44,0.39,2025-11-04,831,N,VIIRS,n,2,303.22,1.62,D,0
30.92299,73.56647,335.42,0.51,0.41,2025-11-04,831,N,VIIRS,n,2,301.63,6.39,D,0
30.92628,74.4285,341.3,0.56,0.43,2025-11-04,831,N,VIIRS,n,2,301.48,8.32,D,0
30.92678,73.56586,334.86,0.51,0.41,2025-11-04,831,N,VIIRS,n,2,299.08,6.39,D,0
30.92769,70.78874,333.85,0.4,0.37,2025-11-04,831,N,VIIRS,n,2,300.49,2.83,D,0
30.92866,75.02721,341.82,0.4,0.44,2025-11-04,831,N,VIIRS,n,2,305.25,15.4,D,0
30.92876,74.43034,333.85,0.56,0.43,2025-11-04,831,N,VIIRS,n,2,300.68,4.72,D,0
30.93323,71.87968,335.41,0.43,0.38,2025-11-04,831,N,VIIRS,n,2,304.09,6.25,D,0
30.93589,70.72246,337.54,0.4,0.37,2025-11-04,831,N,VIIRS,n,2,302.86,4.08,D,0
30.93726,73.29889,330.59,0.49,0.41,2025-11-04,831,N,VIIRS,n,2,301.13,3,D,0
30.94631,72.23051,343.02,0.45,0.39,2025-11-04,831,N,VIIRS,n,2,305.55,8.06,D,0
30.94987,72.2299,335.01,0.45,0.39,2025-11-04,831,N,VIIRS,n,2,300.61,3.66,D,0
30.95059,70.72832,332.23,0.4,0.37,2025-11-04,831,N,VIIRS,n,2,302.11,1.88,D,0
30.95924,70.76556,333.64,0.4,0.37,2025-11-04,831,N,VIIRS,n,2,302.07,13.3,D,0
30.9625,70.73904,336.31,0.4,0.37,2025-11-04,831,N,VIIRS,n,2,302.05,2.86,D,0
30.96347,75.40207,332.23,0.42,0.45,2025-11-04,831,N,VIIRS,n,2,297.44,3.35,D,0
30.97304,70.81493,332.05,0.4,0.37,2025-11-04,831,N,VIIRS,n,2,299.85,1.07,D,0
30.97348,75.13377,337.16,0.41,0.45,2025-11-04,831,N,VIIRS,n,2,299.48,3.57,D,0
30.97405,72.16381,335.24,0.44,0.39,2025-11-04,831,N,VIIRS,n,2,302.84,6.83,D,0
30.97466,72.16846,344.1,0.44,0.39,2025-11-04,831,N,VIIRS,n,2,302.7,6.83,D,0
30.97647,72.18243,338.24,0.44,0.39,2025-11-04,831,N,VIIRS,n,2,305.03,2.61,D,0
30.977,72.15855,332.05,0.44,0.39,2025-11-04,831,N,VIIRS,l,2,302.72,2.19,D,0
30.97716,75.12888,340.5,0.41,0.45,2025-11-04,831,N,VIIRS,n,2,298.32,5.81,D,0
30.97762,75.13319,343.88,0.41,0.45,2025-11-04,831,N,VIIRS,n,2,300.01,10.63,D,0
30.99012,75.25046,354.52,0.41,0.45,2025-11-04,831,N,VIIRS,n,2,298.03,8.51,D,0
30.99533,74.88546,336.53,0.4,0.44,2025-11-04,831,N,VIIRS,n,2,302.14,4.24,D,0
30.99552,75.10448,346.46,0.41,0.45,2025-11-04,831,N,VIIRS,n,2,304.56,21.01,D,0
30.99644,74.81765,339.33,0.39,0.44,2025-11-04,831,N,VIIRS,n,2,296.57,3.28,D,0
30.99744,75.16112,343.28,0.41,0.45,2025-11-04,831,N,VIIRS,n,2,305.34,44.24,D,0
30.9981,72.19073,335.39,0.44,0.39,2025-11-04,831,N,VIIRS,n,2,306.43,4.42,D,0
30.99897,74.8807,336.93,0.4,0.44,2025-11-04,831,N,VIIRS,n,2,298.86,9.16,D,0
30.99941,74.88488,347.56,0.4,0.44,2025-11-04,831,N,VIIRS,n,2,302.18,9.16,D,0
31.00579,74.10184,331.34,0.54,0.42,2025-11-04,831,N,VIIRS,n,2,301.07,3.16,D,0
31.00814,72.24163,334.64,0.45,0.39,2025-11-04,831,N,VIIRS,n,2,303.41,1.77,D,0
31.00816,72.2129,334.03,0.45,0.39,2025-11-04,831,N,VIIRS,n,2,301.81,5.28,D,0
31.00958,74.13613,331.56,0.54,0.42,2025-11-04,831,N,VIIRS,n,2,301.17,3.02,D,0
31.01054,72.20293,339.38,0.45,0.39,2025-11-04,831,N,VIIRS,n,2,304.22,4.88,D,0
31.016,74.96362,352.61,0.4,0.44,2025-11-04,831,N,VIIRS,n,2,301.36,19.27,D,0
31.01814,74.10576,330.45,0.54,0.42,2025-11-04,831,N,VIIRS,n,2,301.65,3.17,D,0
31.0193,75.24642,342.52,0.41,0.45,2025-11-04,831,N,VIIRS,n,2,304.71,11.88,D,0
31.01978,75.25079,333.24,0.41,0.45,2025-11-04,831,N,VIIRS,n,2,298,11.35,D,0
31.0201,75.24693,352.32,0.41,0.45,2025-11-04,831,N,VIIRS,n,2,304.51,21.06,D,0
31.02347,75.24583,340.25,0.41,0.45,2025-11-04,831,N,VIIRS,n,2,297.56,4.53,D,0
31.02569,74.89816,337.39,0.4,0.44,2025-11-04,831,N,VIIRS,n,2,300.44,3.12,D,0
31.02834,72.19987,337.02,0.45,0.39,2025-11-04,831,N,VIIRS,n,2,302.57,2.83,D,0
31.03157,74.91434,340.8,0.4,0.44,2025-11-04,831,N,VIIRS,n,2,300.07,3.25,D,0
31.0325,72.20394,335.07,0.45,0.39,2025-11-04,831,N,VIIRS,n,2,302.49,4.42,D,0
31.03305,74.77457,345.66,0.39,0.44,2025-11-04,831,N,VIIRS,n,2,295.19,3.94,D,0
31.03309,72.20863,333.38,0.45,0.39,2025-11-04,831,N,VIIRS,n,2,303.27,4.42,D,0
31.03377,74.5583,330.63,0.57,0.43,2025-11-04,831,N,VIIRS,n,2,299.79,2.56,D,0
31.03724,75.37463,347.12,0.42,0.45,2025-11-04,831,N,VIIRS,n,2,299.69,6.95,D,0
31.03725,75.37388,340.64,0.42,0.45,2025-11-04,831,N,VIIRS,n,2,298.99,7.3,D,0
31.03787,70.80372,331.55,0.4,0.37,2025-11-04,831,N,VIIRS,n,2,300.06,1.79,D,0
31.03844,72.22207,347.41,0.45,0.39,2025-11-04,831,N,VIIRS,n,2,304.73,5.42,D,0
31.042,72.22146,330.9,0.45,0.39,2025-11-04,831,N,VIIRS,n,2,302.66,2.24,D,0
31.04327,70.74204,332.97,0.4,0.37,2025-11-04,831,N,VIIRS,n,2,301.35,3.13,D,0
31.04745,74.71815,349.84,0.39,0.44,2025-11-04,831,N,VIIRS,n,2,298.21,6.4,D,0
31.04799,72.41366,333.54,0.45,0.39,2025-11-04,831,N,VIIRS,n,2,303.15,2.81,D,0
31.05392,72.2578,343.99,0.45,0.39,2025-11-04,831,N,VIIRS,n,2,302.63,4.71,D,0
31.05626,72.21901,333.51,0.45,0.39,2025-11-04,831,N,VIIRS,l,2,303.98,4.26,D,0
31.05982,72.21841,335.03,0.45,0.39,2025-11-04,831,N,VIIRS,n,2,303.57,4.26,D,0
31.0652,74.91809,341.37,0.4,0.44,2025-11-04,831,N,VIIRS,n,2,299.2,2.69,D,0
31.06629,72.1838,335.25,0.45,0.39,2025-11-04,831,N,VIIRS,n,2,301.13,4.22,D,0
31.07051,72.21658,331.86,0.45,0.39,2025-11-04,831,N,VIIRS,n,2,301.85,1.83,D,0
31.07059,74.85352,339.7,0.39,0.44,2025-11-04,831,N,VIIRS,n,2,296.11,5.95,D,0
31.07366,72.32676,337.01,0.45,0.39,2025-11-04,831,N,VIIRS,n,2,304.43,3.22,D,0
31.07897,74.7812,348.47,0.39,0.44,2025-11-04,831,N,VIIRS,n,2,295.34,6.58,D,0
31.07906,74.78057,341.35,0.39,0.44,2025-11-04,831,N,VIIRS,n,2,294.51,4.34,D,0
31.08155,72.0024,332.37,0.44,0.38,2025-11-04,831,N,VIIRS,n,2,300.22,2.06,D,0
31.08313,75.12332,340.29,0.41,0.45,2025-11-04,831,N,VIIRS,n,2,297.82,7.55,D,0
31.08359,75.12764,340.3,0.41,0.45,2025-11-04,831,N,VIIRS,n,2,296.71,8.68,D,0
31.08733,74.70461,339.85,0.39,0.44,2025-11-04,831,N,VIIRS,n,2,298.45,4.73,D,0
31.09161,74.90228,335.83,0.4,0.44,2025-11-04,831,N,VIIRS,n,2,295.56,3.68,D,0
31.09237,74.86315,330.54,0.4,0.44,2025-11-04,831,N,VIIRS,n,2,298.95,2.9,D,0
31.09245,74.90143,342.88,0.4,0.44,2025-11-04,831,N,VIIRS,n,2,294.71,5.22,D,0
31.09439,74.88908,336.88,0.4,0.44,2025-11-04,831,N,VIIRS,n,2,299.5,3.09,D,0
31.09515,74.88826,334.51,0.4,0.44,2025-11-04,831,N,VIIRS,n,2,299.57,3.12,D,0
31.11744,75.07135,348.41,0.41,0.45,2025-11-04,831,N,VIIRS,n,2,300.19,16.04,D,0
31.12881,72.1746,341.06,0.45,0.39,2025-11-04,831,N,VIIRS,n,2,301.93,5.99,D,0
31.13273,75.01697,340.41,0.4,0.45,2025-11-04,831,N,VIIRS,n,2,297.9,7.44,D,0
31.1364,75.01211,336.92,0.4,0.44,2025-11-04,831,N,VIIRS,n,2,295.25,12.99,D,0
31.13685,75.01639,343.08,0.4,0.45,2025-11-04,831,N,VIIRS,n,2,305.47,18.37,D,0
31.14097,75.0158,344.35,0.4,0.45,2025-11-04,831,N,VIIRS,n,2,297.16,18.37,D,0
31.14547,72.33559,338.34,0.45,0.39,2025-11-04,831,N,VIIRS,n,2,301.22,4.82,D,0
31.15526,70.90018,330.03,0.41,0.37,2025-11-04,831,N,VIIRS,n,2,299.81,2.58,D,0
31.15858,72.26561,333.04,0.45,0.39,2025-11-04,831,N,VIIRS,n,2,300.79,2.19,D,0
31.1598,70.75552,341.54,0.4,0.37,2025-11-04,831,N,VIIRS,n,2,300.37,2.76,D,0
31.16393,72.25024,337.92,0.45,0.39,2025-11-04,831,N,VIIRS,n,2,301.68,6.07,D,0
31.16409,73.21047,330.71,0.49,0.4,2025-11-04,831,N,VIIRS,n,2,301.45,2.78,D,0
31.16632,74.52284,331.27,0.57,0.43,2025-11-04,831,N,VIIRS,n,2,300.52,4.21,D,0
31.19011,73.56184,330.14,0.51,0.41,2025-11-04,831,N,VIIRS,l,2,301.56,5.7,D,0
31.19301,74.58153,330.46,0.38,0.43,2025-11-04,831,N,VIIRS,n,2,298.25,2.99,D,0
31.20517,73.20387,331.92,0.49,0.4,2025-11-04,831,N,VIIRS,n,2,300.79,2.08,D,0
31.20648,73.24606,334.95,0.49,0.41,2025-11-04,831,N,VIIRS,n,2,302.72,4.22,D,0
31.20715,73.64195,337.51,0.52,0.41,2025-11-04,831,N,VIIRS,n,2,301.8,6.77,D,0
31.20778,73.6474,343.01,0.52,0.41,2025-11-04,831,N,VIIRS,n,2,301.6,6.77,D,0
31.21351,74.61983,339.55,0.39,0.44,2025-11-04,831,N,VIIRS,n,2,299.07,6.17,D,0
31.21395,74.62393,340.95,0.39,0.44,2025-11-04,831,N,VIIRS,n,2,300.03,11.48,D,0
31.21641,74.38762,336.65,0.56,0.43,2025-11-04,831,N,VIIRS,n,2,301.46,7.51,D,0
31.21774,74.77398,340.36,0.39,0.44,2025-11-04,831,N,VIIRS,n,2,299.3,4.26,D,0
31.21862,73.60695,340.76,0.51,0.41,2025-11-04,831,N,VIIRS,n,2,301.02,9.19,D,0
31.21862,74.78231,331.56,0.39,0.44,2025-11-04,831,N,VIIRS,n,2,296.97,3.25,D,0
31.22374,74.52671,333.01,0.57,0.43,2025-11-04,831,N,VIIRS,n,2,302.08,5.15,D,0
31.23563,72.49659,333.21,0.46,0.39,2025-11-04,831,N,VIIRS,n,2,302.29,2.42,D,0
31.23887,73.5158,333.66,0.51,0.41,2025-11-04,831,N,VIIRS,n,2,300.16,3.38,D,0
31.23972,74.90286,340.21,0.4,0.44,2025-11-04,831,N,VIIRS,n,2,299.38,2.45,D,0
31.24045,74.53041,334.57,0.57,0.43,2025-11-04,831,N,VIIRS,n,2,300.31,5.31,D,0
31.24113,74.53648,330.46,0.57,0.43,2025-11-04,831,N,VIIRS,n,2,299.52,5.31,D,0
31.24281,73.6475,332.92,0.52,0.41,2025-11-04,831,N,VIIRS,n,2,301.1,8.16,D,0
31.24286,74.93253,330.66,0.4,0.44,2025-11-04,831,N,VIIRS,n,2,299.08,2.87,D,0
31.24331,74.93677,337.29,0.4,0.44,2025-11-04,831,N,VIIRS,n,2,297.96,2.87,D,0
31.24382,74.90228,330.87,0.4,0.44,2025-11-04,831,N,VIIRS,n,2,297.74,2.45,D,0
31.24514,74.53588,333.71,0.57,0.43,2025-11-04,831,N,VIIRS,n,2,299.46,5.31,D,0
31.24915,74.53529,342.01,0.57,0.43,2025-11-04,831,N,VIIRS,n,2,305.41,36.72,D,0
31.25839,74.88304,332.34,0.4,0.44,2025-11-04,831,N,VIIRS,n,2,297.41,3.53,D,0
31.26338,73.78988,333.98,0.53,0.42,2025-11-04,831,N,VIIRS,n,2,301.95,3.78,D,0
31.26451,73.66637,336.76,0.52,0.41,2025-11-04,831,N,VIIRS,n,2,303.09,6.73,D,0
31.27331,73.60947,348.67,0.51,0.41,2025-11-04,831,N,VIIRS,n,2,307.56,11.06,D,0
31.27525,74.92362,346.91,0.4,0.44,2025-11-04,831,N,VIIRS,n,2,309.59,42.9,D,0
31.27712,73.60888,336.22,0.51,0.41,2025-11-04,831,N,VIIRS,n,2,299.99,11.06,D,0
31.28296,74.87954,345.98,0.4,0.44,2025-11-04,831,N,VIIRS,n,2,300.06,7.64,D,0
31.28829,74.70231,339.97,0.39,0.44,2025-11-04,831,N,VIIRS,n,2,300.26,3.49,D,0
31.28832,70.60225,330.1,0.4,0.37,2025-11-04,831,N,VIIRS,n,2,300.67,1.87,D,0
31.29585,74.58037,340.67,0.38,0.44,2025-11-04,831,N,VIIRS,n,2,299.46,6.07,D,0
31.30557,74.63286,331.81,0.39,0.44,2025-11-04,831,N,VIIRS,n,2,299.88,3.08,D,0
31.30917,74.62817,334.72,0.39,0.44,2025-11-04,831,N,VIIRS,n,2,299.13,3.09,D,0
31.30961,74.63227,336.61,0.39,0.44,2025-11-04,831,N,VIIRS,n,2,300.03,3.09,D,0
31.3187,74.79505,334.21,0.39,0.44,2025-11-04,831,N,VIIRS,n,2,297.66,3.73,D,0
31.31915,73.85837,335.33,0.53,0.42,2025-11-04,831,N,VIIRS,n,2,303.12,4.03,D,0
31.31978,73.86397,336.54,0.53,0.42,2025-11-04,831,N,VIIRS,n,2,304.3,4.31,D,0
31.31981,74.88464,331.94,0.4,0.44,2025-11-04,831,N,VIIRS,n,2,295.44,2.79,D,0
31.32561,73.84596,340.2,0.53,0.42,2025-11-04,831,N,VIIRS,n,2,303.7,6.31,D,0
31.33139,73.86219,331.59,0.53,0.42,2025-11-04,831,N,VIIRS,l,2,302.17,4.29,D,0
31.3386,73.58564,333.65,0.51,0.41,2025-11-04,831,N,VIIRS,n,2,300.74,4.54,D,0
31.34011,74.6487,336.94,0.39,0.44,2025-11-04,831,N,VIIRS,n,2,300.2,3.36,D,0
31.34952,74.77364,334.91,0.39,0.44,2025-11-04,831,N,VIIRS,n,2,296.7,2.94,D,0
31.35655,73.80707,333.89,0.53,0.42,2025-11-04,831,N,VIIRS,n,2,302.63,2.76,D,0
31.36588,73.55373,334.71,0.51,0.41,2025-11-04,831,N,VIIRS,n,2,302.05,4.12,D,0
31.36964,70.66196,333.82,0.4,0.37,2025-11-04,831,N,VIIRS,n,2,300.13,2.46,D,0
31.37132,72.48254,348.85,0.46,0.39,2025-11-04,831,N,VIIRS,n,2,302.68,7.58,D,0
31.37353,72.12139,334.83,0.45,0.39,2025-11-04,831,N,VIIRS,n,2,298.65,3.65,D,0
31.37429,74.66049,334.16,0.39,0.44,2025-11-04,831,N,VIIRS,n,2,298.92,2.93,D,0
31.37719,72.17849,338.1,0.45,0.39,2025-11-04,831,N,VIIRS,n,2,298.3,3.4,D,0
31.38317,72.19678,333.29,0.45,0.39,2025-11-04,831,N,VIIRS,n,2,299.79,3.83,D,0
31.38398,72.46554,331.57,0.46,0.39,2025-11-04,831,N,VIIRS,n,2,300.63,2.5,D,0
31.38626,75.15984,331.71,0.41,0.45,2025-11-04,831,N,VIIRS,n,2,297.2,2.21,D,0
31.39268,72.18549,344.87,0.45,0.39,2025-11-04,831,N,VIIRS,n,2,300.21,6.28,D,0
31.39974,72.15535,330.53,0.45,0.39,2025-11-04,831,N,VIIRS,n,2,298.94,3.17,D,0
31.40485,73.8167,330.02,0.53,0.42,2025-11-04,831,N,VIIRS,n,2,299.65,2.57,D,0
31.40627,72.14941,335.51,0.45,0.39,2025-11-04,831,N,VIIRS,n,2,299.56,4.21,D,0
31.41269,72.15496,333.82,0.45,0.39,2025-11-04,831,N,VIIRS,n,2,298.67,3.02,D,0
31.41462,72.15761,330.27,0.45,0.39,2025-11-04,831,N,VIIRS,n,2,298.59,2.25,D,0
31.41686,74.89665,340.22,0.4,0.44,2025-11-04,831,N,VIIRS,n,2,297.93,5.2,D,0
31.41776,72.2102,332.85,0.45,0.39,2025-11-04,831,N,VIIRS,n,2,298.77,1.98,D,0
31.42341,72.12422,332.76,0.45,0.39,2025-11-04,831,N,VIIRS,n,2,298.98,4.2,D,0
31.42638,72.1189,341.37,0.45,0.39,2025-11-04,831,N,VIIRS,n,2,298.87,6.51,D,0
31.42679,72.48312,346.15,0.46,0.39,2025-11-04,831,N,VIIRS,n,2,301.22,8.5,D,0
31.4295,75.0123,341.53,0.41,0.45,2025-11-04,831,N,VIIRS,n,2,301.55,10.17,D,0
31.42989,72.20517,336.39,0.45,0.39,2025-11-04,831,N,VIIRS,n,2,299.35,3.39,D,0
31.43114,75.01267,345.71,0.41,0.45,2025-11-04,831,N,VIIRS,n,2,301.91,11.18,D,0
31.43585,70.86364,336.55,0.41,0.37,2025-11-04,831,N,VIIRS,n,2,300.35,3.08,D,0
31.44504,73.77995,334.12,0.53,0.42,2025-11-04,831,N,VIIRS,n,2,302.51,11.23,D,0
31.44598,72.18788,338.49,0.45,0.39,2025-11-04,831,N,VIIRS,n,2,299.96,3.59,D,0
31.44719,74.80685,334.42,0.4,0.44,2025-11-04,831,N,VIIRS,n,2,298.46,6.66,D,0
31.44763,74.81107,342.06,0.4,0.44,2025-11-04,831,N,VIIRS,n,2,304.11,15.44,D,0
31.44956,72.18727,335.82,0.45,0.39,2025-11-04,831,N,VIIRS,n,2,298.24,3.59,D,0
31.45097,72.49893,345.29,0.46,0.39,2025-11-04,831,N,VIIRS,n,2,300.56,7.22,D,0
31.45134,72.2306,332.34,0.45,0.39,2025-11-04,831,N,VIIRS,n,2,298.41,5.57,D,0
31.45271,73.8472,333.13,0.53,0.42,2025-11-04,831,N,VIIRS,n,2,301.29,6.55,D,0
31.45372,72.19139,334.73,0.45,0.39,2025-11-04,831,N,VIIRS,n,2,303.67,8.97,D,0
31.45915,73.86914,334.85,0.53,0.42,2025-11-04,831,N,VIIRS,n,2,301.33,3.19,D,0
31.4624,73.79433,335.65,0.53,0.42,2025-11-04,831,N,VIIRS,n,2,302.86,7.82,D,0
31.46305,73.79991,348.1,0.53,0.42,2025-11-04,831,N,VIIRS,n,2,302.54,6.88,D,0
31.46626,72.23289,346.53,0.45,0.39,2025-11-04,831,N,VIIRS,n,2,298.95,5,D,0
31.46691,73.79932,332.63,0.53,0.42,2025-11-04,831,N,VIIRS,n,2,299.11,6.88,D,0
31.46865,72.25195,334.58,0.45,0.39,2025-11-04,831,N,VIIRS,n,2,300.45,4.43,D,0
31.47272,73.84985,334.07,0.53,0.42,2025-11-04,831,N,VIIRS,n,2,301.55,3.66,D,0
31.474,73.965,332.56,0.54,0.42,2025-11-04,831,N,VIIRS,n,2,301.4,3.64,D,0
31.47824,72.2991,335.78,0.45,0.39,2025-11-04,831,N,VIIRS,n,2,299.24,3.43,D,0
31.48078,74.81061,342.86,0.4,0.44,2025-11-04,831,N,VIIRS,n,2,298.9,10.44,D,0
31.48113,73.88876,335.82,0.53,0.42,2025-11-04,831,N,VIIRS,n,2,302.99,6.28,D,0
31.48181,72.26919,330.95,0.45,0.39,2025-11-04,831,N,VIIRS,n,2,298.57,4.6,D,0
31.48713,75.35485,337.47,0.43,0.46,2025-11-04,831,N,VIIRS,n,2,299.46,3.47,D,0
31.49383,70.65247,333.44,0.4,0.37,2025-11-04,831,N,VIIRS,n,2,302.01,1.89,D,0
31.50096,72.27569,347.62,0.45,0.39,2025-11-04,831,N,VIIRS,n,2,308.6,33.25,D,0
31.50212,72.25597,347.65,0.45,0.39,2025-11-04,831,N,VIIRS,n,2,302.62,14.33,D,0
31.50217,72.28525,347.03,0.45,0.39,2025-11-04,831,N,VIIRS,n,2,301.87,8.53,D,0
31.50267,72.23152,339.32,0.45,0.39,2025-11-04,831,N,VIIRS,n,2,299.93,6.24,D,0
31.50637,72.28942,334.78,0.45,0.39,2025-11-04,831,N,VIIRS,n,2,299.51,8.53,D,0
31.51062,72.32298,367,0.45,0.39,2025-11-04,831,N,VIIRS,h,2,299.68,8.51,D,0
31.51103,74.75148,339.25,0.39,0.44,2025-11-04,831,N,VIIRS,n,2,298.97,2.74,D,0
31.51421,72.32236,349.05,0.45,0.39,2025-11-04,831,N,VIIRS,n,2,301.87,12.45,D,0
31.52033,72.15816,330.46,0.45,0.39,2025-11-04,831,N,VIIRS,n,2,298.22,2.31,D,0
31.5225,73.45804,334.4,0.51,0.41,2025-11-04,831,N,VIIRS,n,2,302.06,6.83,D,0
31.52573,73.8622,332.48,0.53,0.42,2025-11-04,831,N,VIIRS,n,2,299.49,2.09,D,0
31.52927,72.14212,342.08,0.45,0.39,2025-11-04,831,N,VIIRS,n,2,299,3.88,D,0
31.52952,73.89621,332.88,0.54,0.42,2025-11-04,831,N,VIIRS,n,2,299.06,3.7,D,0
31.53343,72.14623,336.47,0.45,0.39,2025-11-04,831,N,VIIRS,n,2,303.13,9.59,D,0
31.53692,73.75187,343.43,0.53,0.42,2025-11-04,831,N,VIIRS,n,2,302.63,15.24,D,0
31.53699,72.17467,344.03,0.45,0.39,2025-11-04,831,N,VIIRS,n,2,298.53,17.77,D,0
31.537,72.14562,334.2,0.45,0.39,2025-11-04,831,N,VIIRS,n,2,296.96,9.59,D,0
31.53868,72.28391,334.89,0.45,0.39,2025-11-04,831,N,VIIRS,n,2,297.57,3.72,D,0
31.53927,72.28145,336.74,0.45,0.39,2025-11-04,831,N,VIIRS,n,2,297.9,4.08,D,0
31.53995,72.19844,331.28,0.45,0.39,2025-11-04,831,N,VIIRS,n,2,297.43,2.93,D,0
31.54115,72.17882,334.87,0.45,0.39,2025-11-04,831,N,VIIRS,n,2,299.42,17.77,D,0
31.54167,72.27125,332.93,0.45,0.39,2025-11-04,831,N,VIIRS,n,2,300.14,6.13,D,0
31.54473,72.1782,335.98,0.45,0.39,2025-11-04,831,N,VIIRS,n,2,300.65,11.41,D,0
31.547,70.66054,335.14,0.4,0.37,2025-11-04,831,N,VIIRS,n,2,302.58,5.99,D,0
31.54768,73.88187,344.96,0.53,0.42,2025-11-04,831,N,VIIRS,n,2,302.02,13.9,D,0
31.55069,72.16748,333.71,0.45,0.39,2025-11-04,831,N,VIIRS,n,2,300.37,4.34,D,0
31.55098,72.3801,331.62,0.46,0.39,2025-11-04,831,N,VIIRS,n,2,297.24,3.65,D,0
31.55171,72.38259,334.9,0.46,0.39,2025-11-04,831,N,VIIRS,n,2,296.78,5.85,D,0
31.55364,73.72656,332.09,0.53,0.42,2025-11-04,831,N,VIIRS,n,2,298.67,3.81,D,0
31.55428,73.73215,332.6,0.53,0.42,2025-11-04,831,N,VIIRS,n,2,299.33,6.88,D,0
31.55664,72.15676,331.95,0.45,0.39,2025-11-04,831,N,VIIRS,n,2,297.48,2.25,D,0
31.55997,74.70618,333.35,0.39,0.44,2025-11-04,831,N,VIIRS,n,2,299.08,2.43,D,0
31.56201,72.17038,341.86,0.45,0.39,2025-11-04,831,N,VIIRS,n,2,298.18,5.65,D,0
31.56499,72.16502,341.15,0.45,0.39,2025-11-04,831,N,VIIRS,n,2,298.89,3.23,D,0
31.5652,73.79308,336.41,0.53,0.42,2025-11-04,831,N,VIIRS,n,2,300.37,4.64,D,0
31.56557,72.34569,339.85,0.46,0.39,2025-11-04,831,N,VIIRS,n,2,297.71,4.24,D,0
31.56799,72.30594,339.95,0.45,0.39,2025-11-04,831,N,VIIRS,n,2,300.37,5.06,D,0
31.56915,72.37468,338.21,0.46,0.39,2025-11-04,831,N,VIIRS,n,2,298.34,5.54,D,0
31.57032,72.41409,342.05,0.46,0.39,2025-11-04,831,N,VIIRS,n,2,300.95,6.65,D,0
31.57098,72.33,340.18,0.46,0.39,2025-11-04,831,N,VIIRS,n,2,298.16,5.1,D,0
31.57331,72.43841,339.34,0.46,0.39,2025-11-04,831,N,VIIRS,n,2,301.84,4.76,D,0
31.57394,72.41347,330.24,0.46,0.39,2025-11-04,831,N,VIIRS,n,2,298.8,2.96,D,0
31.57813,72.44754,333.96,0.46,0.39,2025-11-04,831,N,VIIRS,n,2,300.06,6.94,D,0
31.58596,72.45119,334.41,0.46,0.39,2025-11-04,831,N,VIIRS,n,2,299.03,3.87,D,0
31.58896,72.29745,335.04,0.45,0.39,2025-11-04,831,N,VIIRS,n,2,299.6,4.47,D,0
31.58958,72.45057,337.53,0.46,0.39,2025-11-04,831,N,VIIRS,n,2,298.93,3.87,D,0
31.59256,72.29685,340.63,0.45,0.39,2025-11-04,831,N,VIIRS,n,2,297.53,4.47,D,0
31.5944,72.3704,336.55,0.46,0.39,2025-11-04,831,N,VIIRS,n,2,299.06,6.68,D,0
31.59521,73.5272,338.24,0.51,0.41,2025-11-04,831,N,VIIRS,n,2,301.42,4.57,D,0
31.59665,72.21304,333.22,0.45,0.39,2025-11-04,831,N,VIIRS,n,2,297.14,3.15,D,0
31.59725,72.2178,333,0.45,0.39,2025-11-04,831,N,VIIRS,n,2,297.33,3.15,D,0
31.60083,72.21719,336.15,0.45,0.39,2025-11-04,831,N,VIIRS,n,2,297.21,6.28,D,0
31.60096,72.30523,333.81,0.46,0.39,2025-11-04,831,N,VIIRS,n,2,299.15,5.43,D,0
31.60099,72.33474,333.49,0.46,0.39,2025-11-04,831,N,VIIRS,n,2,298.98,5.46,D,0
31.60156,72.31004,334.91,0.46,0.39,2025-11-04,831,N,VIIRS,n,2,300.77,7.13,D,0
31.60284,72.40858,346.6,0.46,0.39,2025-11-04,831,N,VIIRS,n,2,299.72,8.61,D,0
31.60459,72.33413,340.41,0.46,0.39,2025-11-04,831,N,VIIRS,n,2,301.85,5.46,D,0
31.60713,73.5978,338.04,0.52,0.41,2025-11-04,831,N,VIIRS,n,2,299.15,3.39,D,0
31.61213,72.19091,337.27,0.45,0.39,2025-11-04,831,N,VIIRS,n,2,297.5,2.76,D,0
31.61219,72.22013,341.25,0.45,0.39,2025-11-04,831,N,VIIRS,n,2,298.44,3.64,D,0
31.6128,72.2249,333,0.45,0.39,2025-11-04,831,N,VIIRS,n,2,298.48,3.64,D,0
31.61365,72.37702,334.03,0.46,0.39,2025-11-04,831,N,VIIRS,n,2,297.48,3.77,D,0
31.61582,73.95847,338.62,0.54,0.42,2025-11-04,831,N,VIIRS,n,2,299.99,5.4,D,0
31.61859,72.50559,335.24,0.46,0.39,2025-11-04,831,N,VIIRS,n,2,300.78,5.84,D,0
31.61876,73.49574,331,0.51,0.41,2025-11-04,831,N,VIIRS,n,2,299.91,3.26,D,0
31.6203,72.40066,335.27,0.46,0.39,2025-11-04,831,N,VIIRS,n,2,297.58,5.82,D,0
31.63064,72.19261,333.09,0.45,0.39,2025-11-04,831,N,VIIRS,n,2,298.41,3.46,D,0
31.63187,72.18943,333.41,0.45,0.39,2025-11-04,831,N,VIIRS,n,2,298.85,2.97,D,0
31.63367,72.17451,332.3,0.45,0.39,2025-11-04,831,N,VIIRS,n,2,298.11,1.98,D,0
31.63595,72.17711,338.63,0.45,0.39,2025-11-04,831,N,VIIRS,n,2,299.09,5.62,D,0
31.63707,72.35822,332.1,0.46,0.39,2025-11-04,831,N,VIIRS,n,2,298.78,3.12,D,0
31.63725,72.17389,333.62,0.45,0.39,2025-11-04,831,N,VIIRS,n,2,296.52,2.42,D,0
31.63965,72.16376,333.07,0.45,0.39,2025-11-04,831,N,VIIRS,n,2,298.04,2.67,D,0
31.66404,74.72121,335.96,0.39,0.44,2025-11-04,831,N,VIIRS,n,2,299.87,2.27,D,0
31.66537,72.58322,333.41,0.47,0.4,2025-11-04,831,N,VIIRS,n,2,301.09,4.57,D,0
31.66712,73.57722,336.42,0.52,0.41,2025-11-04,831,N,VIIRS,n,2,302.08,8.38,D,0
31.66887,72.2221,330.41,0.45,0.39,2025-11-04,831,N,VIIRS,n,2,297.6,2.89,D,0
31.66901,72.58262,333.46,0.47,0.4,2025-11-04,831,N,VIIRS,n,2,299.24,7.42,D,0
31.67777,73.46985,330.07,0.51,0.41,2025-11-04,831,N,VIIRS,n,2,301.39,2.7,D,0
31.67904,72.24482,331.18,0.45,0.39,2025-11-04,831,N,VIIRS,n,2,297.72,3.75,D,0
31.67979,73.46783,333.63,0.51,0.41,2025-11-04,831,N,VIIRS,n,2,300.52,4,D,0
31.69096,72.19389,332.36,0.45,0.39,2025-11-04,831,N,VIIRS,n,2,297.73,2.45,D,0
31.70046,74.56381,338.47,0.39,0.44,2025-11-04,831,N,VIIRS,n,2,299.03,5.03,D,0
31.70081,74.56434,342.49,0.39,0.44,2025-11-04,831,N,VIIRS,n,2,299.25,5.03,D,0
31.70596,72.67525,332.36,0.47,0.4,2025-11-04,831,N,VIIRS,n,2,299.49,3.89,D,0
31.70711,72.71597,340.22,0.47,0.4,2025-11-04,831,N,VIIRS,n,2,300.32,4.7,D,0
31.71307,72.19498,332.24,0.45,0.39,2025-11-04,831,N,VIIRS,n,2,297.69,2.76,D,0
31.71513,72.65841,340.39,0.47,0.4,2025-11-04,831,N,VIIRS,n,2,299.03,5.91,D,0
31.72421,73.44977,331.22,0.51,0.41,2025-11-04,831,N,VIIRS,l,2,301.65,5.07,D,0
31.72695,70.80326,330.64,0.41,0.37,2025-11-04,831,N,VIIRS,l,2,301.75,1.6,D,0
31.73787,72.30362,342.76,0.46,0.39,2025-11-04,831,N,VIIRS,n,2,298.32,8.47,D,0
31.74131,72.24398,347.58,0.45,0.39,2025-11-04,831,N,VIIRS,n,2,300.61,15.39,D,0
31.74147,72.303,340.56,0.46,0.39,2025-11-04,831,N,VIIRS,n,2,297.55,6.04,D,0
31.74289,74.65099,338.72,0.39,0.44,2025-11-04,831,N,VIIRS,n,2,298.79,3.15,D,0
31.74979,72.54606,330.44,0.47,0.39,2025-11-04,831,N,VIIRS,n,2,297.84,1.63,D,0
31.75067,74.56969,338.99,0.39,0.44,2025-11-04,831,N,VIIRS,n,2,297.76,2.51,D,0
31.75512,74.61114,338.51,0.39,0.44,2025-11-04,831,N,VIIRS,n,2,298.86,1.72,D,0
31.75918,74.61057,338.64,0.39,0.44,2025-11-04,831,N,VIIRS,n,2,296.42,1.95,D,0
31.76026,73.36148,332.23,0.51,0.41,2025-11-04,831,N,VIIRS,n,2,300.85,2.77,D,0
31.76055,74.58508,340.7,0.39,0.44,2025-11-04,831,N,VIIRS,n,2,297.06,1.45,D,0
31.76389,72.27136,332.1,0.46,0.39,2025-11-04,831,N,VIIRS,n,2,297.1,6.66,D,0
31.76684,74.60525,349.73,0.39,0.44,2025-11-04,831,N,VIIRS,n,2,299.02,6.4,D,0
31.77631,73.49706,330.62,0.52,0.41,2025-11-04,831,N,VIIRS,n,2,299.75,4.06,D,0
31.77811,73.12328,332.96,0.5,0.41,2025-11-04,831,N,VIIRS,n,2,299.26,2.96,D,0
31.78114,73.37463,333.64,0.51,0.41,2025-11-04,831,N,VIIRS,n,2,300.27,2.65,D,0
31.78389,73.37185,333.6,0.51,0.41,2025-11-04,831,N,VIIRS,n,2,301.14,5.08,D,0
31.78466,72.64683,334.75,0.47,0.4,2025-11-04,831,N,VIIRS,n,2,298.27,2.8,D,0
31.78493,73.37403,330.33,0.51,0.41,2025-11-04,831,N,VIIRS,l,2,300.91,2.65,D,0
31.78574,73.38808,338.09,0.51,0.41,2025-11-04,831,N,VIIRS,n,2,302.82,9.73,D,0
31.78687,73.39023,333.98,0.51,0.41,2025-11-04,831,N,VIIRS,n,2,302.76,6.9,D,0
31.79048,75.27523,334.48,0.42,0.46,2025-11-04,831,N,VIIRS,n,2,298.89,3.27,D,0
31.79234,73.24488,345.31,0.5,0.41,2025-11-04,831,N,VIIRS,n,2,300.11,8.54,D,0
31.79245,73.14777,334.51,0.5,0.41,2025-11-04,831,N,VIIRS,n,2,299.02,6.06,D,0
31.79887,73.62255,333.74,0.52,0.42,2025-11-04,831,N,VIIRS,n,2,299.19,4.22,D,0
31.80197,74.58751,337.72,0.39,0.44,2025-11-04,831,N,VIIRS,n,2,298.31,1.7,D,0
31.80792,74.33946,330.38,0.57,0.43,2025-11-04,831,N,VIIRS,n,2,297.85,3.27,D,0
31.80928,73.25845,333.84,0.5,0.41,2025-11-04,831,N,VIIRS,n,2,300.07,5.26,D,0
31.81156,74.07877,346.82,0.55,0.43,2025-11-04,831,N,VIIRS,n,2,303.86,21.09,D,0
31.81484,74.07232,333.47,0.55,0.43,2025-11-04,831,N,VIIRS,n,2,298.87,11.54,D,0
31.8155,74.07819,342.53,0.55,0.43,2025-11-04,831,N,VIIRS,n,2,302.44,11.54,D,0
31.82654,74.36132,347.06,0.57,0.43,2025-11-04,831,N,VIIRS,n,2,299.2,8.02,D,0
31.82958,74.58055,333.56,0.39,0.44,2025-11-04,831,N,VIIRS,n,2,298.29,2.3,D,0
31.84386,74.18791,340.39,0.56,0.43,2025-11-04,831,N,VIIRS,n,2,298.63,4.8,D,0
31.84458,73.3622,333.61,0.51,0.41,2025-11-04,831,N,VIIRS,n,2,298.66,5.63,D,0
31.84586,73.47271,340.25,0.51,0.41,2025-11-04,831,N,VIIRS,n,2,301.67,10.69,D,0
31.85406,70.74117,333.8,0.41,0.37,2025-11-04,831,N,VIIRS,n,2,299.53,2.24,D,0
31.85535,73.38805,340.33,0.51,0.41,2025-11-04,831,N,VIIRS,n,2,299.89,4.78,D,0
31.85538,73.58892,336.7,0.52,0.42,2025-11-04,831,N,VIIRS,n,2,302.13,3.08,D,0
31.85779,73.31071,334.24,0.51,0.41,2025-11-04,831,N,VIIRS,n,2,299.77,6.53,D,0
31.86393,74.40527,332.13,0.57,0.43,2025-11-04,831,N,VIIRS,n,2,297.79,3.9,D,0
31.87074,73.58652,331.54,0.52,0.42,2025-11-04,831,N,VIIRS,n,2,300.07,2.64,D,0
31.87106,74.89752,335.5,0.41,0.45,2025-11-04,831,N,VIIRS,n,2,298.12,3.2,D,0
31.87293,73.01975,341.33,0.49,0.4,2025-11-04,831,N,VIIRS,n,2,300.12,8.31,D,0
31.87372,73.92551,332.79,0.54,0.42,2025-11-04,831,N,VIIRS,n,2,299.56,2.74,D,0
31.87457,73.58593,335.24,0.52,0.42,2025-11-04,831,N,VIIRS,n,2,299.66,4.6,D,0
31.87833,73.16346,333.16,0.5,0.41,2025-11-04,831,N,VIIRS,n,2,298.54,3.99,D,0
31.87906,73.59088,332.46,0.52,0.42,2025-11-04,831,N,VIIRS,n,2,298.27,4.55,D,0
31.88553,73.81875,335.84,0.54,0.42,2025-11-04,831,N,VIIRS,n,2,301.64,6.35,D,0
31.89108,75.43577,341.12,0.43,0.46,2025-11-04,831,N,VIIRS,n,2,301.8,5.72,D,0
31.89256,75.43321,340.94,0.43,0.46,2025-11-04,831,N,VIIRS,n,2,300.06,6.59,D,0
31.89894,73.20882,330.11,0.5,0.41,2025-11-04,831,N,VIIRS,n,2,299.15,2.63,D,0
31.90231,73.72389,334.79,0.53,0.42,2025-11-04,831,N,VIIRS,n,2,301.19,4.73,D,0
31.90296,73.72954,332.98,0.53,0.42,2025-11-04,831,N,VIIRS,n,2,299.82,4.73,D,0
31.91714,73.23307,349.87,0.5,0.41,2025-11-04,831,N,VIIRS,n,2,306.05,29.24,D,0
31.91937,73.97745,337.18,0.55,0.42,2025-11-04,831,N,VIIRS,n,2,298.92,4.89,D,0
31.92132,72.94829,333.68,0.49,0.4,2025-11-04,831,N,VIIRS,n,2,297.78,3.45,D,0
31.92873,73.71409,342.53,0.53,0.42,2025-11-04,831,N,VIIRS,n,2,301.95,4.8,D,0
31.93153,73.73418,332.04,0.53,0.42,2025-11-04,831,N,VIIRS,n,2,299.88,2.82,D,0
31.93265,73.53488,346.57,0.52,0.41,2025-11-04,831,N,VIIRS,n,2,299.68,7.31,D,0
31.93513,74.30048,335.98,0.57,0.43,2025-11-04,831,N,VIIRS,n,2,298.4,5.43,D,0
31.93789,73.24609,339.18,0.5,0.41,2025-11-04,831,N,VIIRS,n,2,302.29,4.02,D,0
31.93971,74.79601,331.12,0.4,0.44,2025-11-04,831,N,VIIRS,n,2,296.7,2.47,D,0
31.94044,74.312,333.02,0.57,0.43,2025-11-04,831,N,VIIRS,n,2,298.19,4.69,D,0
31.94166,73.24548,348.41,0.5,0.41,2025-11-04,831,N,VIIRS,n,2,301.02,11.11,D,0
31.94243,74.79646,335.99,0.4,0.44,2025-11-04,831,N,VIIRS,n,2,297.62,3.93,D,0
31.94308,74.11695,332.75,0.56,0.43,2025-11-04,831,N,VIIRS,n,2,298.93,3.1,D,0
31.94548,73.31055,332.02,0.51,0.41,2025-11-04,831,N,VIIRS,n,2,298.57,4.06,D,0
31.94699,74.80015,341.85,0.4,0.44,2025-11-04,831,N,VIIRS,n,2,297.3,3.93,D,0
31.94861,73.27168,338.86,0.5,0.41,2025-11-04,831,N,VIIRS,n,2,299.66,8.47,D,0
31.94977,74.78669,356.41,0.4,0.44,2025-11-04,831,N,VIIRS,n,2,298.95,8.78,D,0
31.94985,73.58298,342.02,0.52,0.42,2025-11-04,831,N,VIIRS,n,2,299.78,9.03,D,0
31.95107,73.62817,348.87,0.53,0.42,2025-11-04,831,N,VIIRS,n,2,302.16,16.83,D,0
31.95245,73.33692,339.65,0.51,0.41,2025-11-04,831,N,VIIRS,n,2,300.01,6.53,D,0
31.9531,73.50919,335.21,0.52,0.41,2025-11-04,831,N,VIIRS,n,2,301.25,5.28,D,0
31.95566,73.49757,335.65,0.52,0.41,2025-11-04,831,N,VIIRS,n,2,300.5,4.83,D,0
31.95624,73.33632,340.47,0.51,0.41,2025-11-04,831,N,VIIRS,n,2,299.71,6.53,D,0
31.95669,75.01952,332.97,0.41,0.45,2025-11-04,831,N,VIIRS,n,2,298.01,3.46,D,0
31.95693,73.50858,336.22,0.52,0.41,2025-11-04,831,N,VIIRS,n,2,299.68,9.66,D,0
31.95856,72.3195,330.89,0.46,0.39,2025-11-04,831,N,VIIRS,n,2,297.19,2.45,D,0
31.96,73.30273,345.7,0.51,0.41,2025-11-04,831,N,VIIRS,n,2,304.12,19.37,D,0
31.96046,74.03429,331.95,0.55,0.43,2025-11-04,831,N,VIIRS,n,2,298.33,3.22,D,0
31.96196,73.65496,333.03,0.53,0.42,2025-11-04,831,N,VIIRS,n,2,300.44,2.79,D,0
31.96203,74.03628,332.81,0.55,0.43,2025-11-04,831,N,VIIRS,n,2,297.73,3.74,D,0
31.96315,73.29675,348.03,0.51,0.41,2025-11-04,831,N,VIIRS,n,2,307.92,22.35,D,0
31.96693,73.29615,339.21,0.51,0.41,2025-11-04,831,N,VIIRS,n,2,298.85,22.35,D,0
31.9727,73.34474,343.33,0.51,0.41,2025-11-04,831,N,VIIRS,n,2,302.34,10.37,D,0
31.97334,73.35015,333.08,0.51,0.41,2025-11-04,831,N,VIIRS,n,2,298.85,10.37,D,0
31.97446,73.94318,330.05,0.54,0.42,2025-11-04,831,N,VIIRS,n,2,299.33,2.97,D,0
31.98446,73.64575,345.93,0.53,0.42,2025-11-04,831,N,VIIRS,n,2,305.44,33.13,D,0
31.98499,73.29096,336.37,0.51,0.41,2025-11-04,831,N,VIIRS,n,2,299.21,3.13,D,0
31.98511,73.65137,352.85,0.53,0.42,2025-11-04,831,N,VIIRS,n,2,306.07,33.13,D,0
31.9928,73.89328,331.69,0.54,0.42,2025-11-04,831,N,VIIRS,n,2,298.86,2.31,D,0
31.99332,73.51976,333.24,0.52,0.41,2025-11-04,831,N,VIIRS,n,2,299.46,2.69,D,0
31.99804,73.37162,338.61,0.51,0.41,2025-11-04,831,N,VIIRS,n,2,299.42,2.9,D,0
31.99936,73.37369,342.22,0.51,0.41,2025-11-04,831,N,VIIRS,n,2,299.27,4.36,D,0
32.00565,73.37042,332.37,0.51,0.41,2025-11-04,831,N,VIIRS,n,2,299.55,4.35,D,0
32.01378,73.52782,332.71,0.52,0.42,2025-11-04,831,N,VIIRS,n,2,300.46,2.92,D,0
32.0167,74.63479,332.66,0.39,0.44,2025-11-04,831,N,VIIRS,n,2,297.1,3.55,D,0
32.01791,73.54757,334.14,0.52,0.42,2025-11-04,831,N,VIIRS,n,2,299.18,2.81,D,0
32.01842,74.38613,339.97,0.38,0.43,2025-11-04,831,N,VIIRS,n,2,296.68,2.57,D,0
32.02023,73.54939,336.63,0.52,0.42,2025-11-04,831,N,VIIRS,n,2,299.89,4.05,D,0
32.02094,73.30173,351.48,0.51,0.41,2025-11-04,831,N,VIIRS,n,2,305.14,31.92,D,0
32.02267,72.8975,338.34,0.49,0.4,2025-11-04,831,N,VIIRS,n,2,298.38,6.15,D,0
32.02528,73.37285,337.7,0.51,0.41,2025-11-04,831,N,VIIRS,n,2,300.33,4.51,D,0
32.02591,73.3783,332.07,0.51,0.41,2025-11-04,831,N,VIIRS,n,2,299.53,4.51,D,0
32.02913,73.33904,331.15,0.51,0.41,2025-11-04,831,N,VIIRS,n,2,298.71,2.58,D,0
32.03415,73.38254,331.97,0.51,0.41,2025-11-04,831,N,VIIRS,n,2,299.17,4.44,D,0
32.03452,73.55627,332.46,0.52,0.42,2025-11-04,831,N,VIIRS,n,2,301.3,5.34,D,0
32.03495,73.77598,338.26,0.53,0.42,2025-11-04,831,N,VIIRS,n,2,301.37,5.88,D,0
32.03519,73.77395,332.79,0.54,0.42,2025-11-04,831,N,VIIRS,n,2,300.1,2.27,D,0
32.0397,73.88613,330.96,0.54,0.42,2025-11-04,831,N,VIIRS,n,2,299.99,4.34,D,0
32.04368,73.3312,343.49,0.51,0.41,2025-11-04,831,N,VIIRS,n,2,299.56,4.9,D,0
32.04833,74.63052,346.49,0.39,0.44,2025-11-04,831,N,VIIRS,n,2,296.95,4.22,D,0
32.04873,73.40804,342.43,0.51,0.41,2025-11-04,831,N,VIIRS,n,2,301.71,11.27,D,0
32.05125,73.46352,335.5,0.52,0.41,2025-11-04,831,N,VIIRS,n,2,301.26,3.9,D,0
32.05417,74.64681,340.38,0.4,0.44,2025-11-04,831,N,VIIRS,n,2,298.55,4.71,D,0
32.05462,74.65103,333.28,0.4,0.44,2025-11-04,831,N,VIIRS,n,2,297.12,4.77,D,0
32.05597,73.74756,333.77,0.53,0.42,2025-11-04,831,N,VIIRS,n,2,298.92,3.32,D,0
32.05634,73.47395,338.51,0.52,0.41,2025-11-04,831,N,VIIRS,n,2,300.36,7.44,D,0
32.05825,74.64622,337.62,0.4,0.44,2025-11-04,831,N,VIIRS,n,2,296.45,2.77,D,0
32.0587,74.65044,336.16,0.4,0.44,2025-11-04,831,N,VIIRS,n,2,296.35,4.4,D,0
32.06522,73.34988,346.32,0.51,0.41,2025-11-04,831,N,VIIRS,n,2,300.67,16.38,D,0
32.06706,73.29988,334.21,0.51,0.41,2025-11-04,831,N,VIIRS,n,2,301.42,9.41,D,0
32.0677,73.30531,333.14,0.51,0.41,2025-11-04,831,N,VIIRS,n,2,298.42,9.41,D,0
32.06843,74.43295,338.07,0.39,0.44,2025-11-04,831,N,VIIRS,n,2,297.7,2.51,D,0
32.07393,73.83791,331.02,0.54,0.42,2025-11-04,831,N,VIIRS,n,2,298.52,2.41,D,0
32.07457,73.84367,334.2,0.54,0.42,2025-11-04,831,N,VIIRS,n,2,300.04,4.83,D,0
32.07741,73.55523,332.77,0.52,0.42,2025-11-04,831,N,VIIRS,n,2,300.92,3.76,D,0
32.08988,73.32938,341.58,0.51,0.41,2025-11-04,831,N,VIIRS,n,2,300.65,9.07,D,0
32.09206,73.47956,332.11,0.52,0.41,2025-11-04,831,N,VIIRS,n,2,299.42,3.46,D,0
32.09276,73.3327,332.25,0.51,0.41,2025-11-04,831,N,VIIRS,n,2,298.84,4.27,D,0
32.09635,73.39881,338.61,0.51,0.41,2025-11-04,831,N,VIIRS,n,2,300.2,6.8,D,0
32.09829,73.40022,339.82,0.51,0.41,2025-11-04,831,N,VIIRS,n,2,299.56,8.5,D,0
32.10017,73.39821,347.34,0.51,0.41,2025-11-04,831,N,VIIRS,n,2,300.49,6.8,D,0
32.10145,73.39415,335.04,0.51,0.41,2025-11-04,831,N,VIIRS,n,2,298.7,8.5,D,0
32.1021,73.39963,356.95,0.51,0.41,2025-11-04,831,N,VIIRS,n,2,302.99,8.5,D,0
32.10396,73.38261,347.44,0.51,0.41,2025-11-04,831,N,VIIRS,n,2,300.75,10.36,D,0
32.10398,73.39761,344.07,0.51,0.41,2025-11-04,831,N,VIIRS,n,2,307.16,22.81,D,0
32.1046,73.40308,332.87,0.51,0.41,2025-11-04,831,N,VIIRS,n,2,298.15,22.81,D,0
32.10484,73.48882,336.75,0.52,0.41,2025-11-04,831,N,VIIRS,n,2,299.95,4.23,D,0
32.10591,73.39902,353.1,0.51,0.41,2025-11-04,831,N,VIIRS,n,2,304.9,30.78,D,0
32.10593,73.38057,335.86,0.51,0.41,2025-11-04,831,N,VIIRS,n,2,300.72,11.38,D,0
32.10607,73.46613,333.62,0.52,0.41,2025-11-04,831,N,VIIRS,n,2,301.01,4.26,D,0
32.1062,73.53374,332.59,0.52,0.42,2025-11-04,831,N,VIIRS,n,2,298.39,3.48,D,0
32.10655,73.38604,334.63,0.51,0.41,2025-11-04,831,N,VIIRS,n,2,299.88,10.43,D,0
32.10759,73.46422,336.7,0.52,0.41,2025-11-04,831,N,VIIRS,n,2,299.36,5.22,D,0
32.10777,73.382,344.93,0.51,0.41,2025-11-04,831,N,VIIRS,n,2,298.87,10.36,D,0
32.10912,73.3745,341.37,0.51,0.41,2025-11-04,831,N,VIIRS,n,2,298.81,5.53,D,0
32.11089,73.42444,346.54,0.52,0.41,2025-11-04,831,N,VIIRS,n,2,299.75,7.72,D,0
32.11285,73.40736,346.28,0.51,0.41,2025-11-04,831,N,VIIRS,n,2,299.47,6.36,D,0
32.11298,73.42583,333.27,0.52,0.41,2025-11-04,831,N,VIIRS,n,2,299.57,5.87,D,0
32.11707,73.52639,341.09,0.52,0.42,2025-11-04,831,N,VIIRS,n,2,299.98,4.57,D,0
32.11721,73.5945,340.22,0.53,0.42,2025-11-04,831,N,VIIRS,n,2,301.05,14.97,D,0
32.11772,73.53194,332.49,0.52,0.42,2025-11-04,831,N,VIIRS,n,2,299.13,4.57,D,0
32.11864,73.59837,334.16,0.53,0.42,2025-11-04,831,N,VIIRS,n,2,300.68,12.55,D,0
32.11876,73.7785,333.58,0.54,0.42,2025-11-04,831,N,VIIRS,n,2,300.19,4.59,D,0
32.11887,73.53011,343.94,0.52,0.42,2025-11-04,831,N,VIIRS,n,2,299.43,6.65,D,0
32.12048,73.40615,336.54,0.51,0.41,2025-11-04,831,N,VIIRS,n,2,297.68,4.51,D,0
32.12941,73.38241,338.36,0.51,0.41,2025-11-04,831,N,VIIRS,n,2,300.08,11.14,D,0
32.14019,73.79271,333.44,0.54,0.42,2025-11-04,831,N,VIIRS,n,2,298.64,2.48,D,0
32.1405,73.79702,333.25,0.54,0.42,2025-11-04,831,N,VIIRS,n,2,298.82,6,D,0
32.14114,73.58915,341,0.53,0.42,2025-11-04,831,N,VIIRS,n,2,300.76,14.07,D,0
32.14207,73.42511,337.51,0.52,0.41,2025-11-04,831,N,VIIRS,n,2,298.59,4.72,D,0
32.15426,74.58166,333.16,0.39,0.44,2025-11-04,831,N,VIIRS,n,2,296.25,1.72,D,0
32.15523,73.85924,341.7,0.54,0.42,2025-11-04,831,N,VIIRS,n,2,298.46,6.78,D,0
32.15595,73.86058,332.72,0.54,0.42,2025-11-04,831,N,VIIRS,n,2,298.44,7.93,D,0
32.15992,75.21954,333.81,0.43,0.46,2025-11-04,831,N,VIIRS,n,2,296.68,3.3,D,0
32.16753,73.47728,336.33,0.52,0.41,2025-11-04,831,N,VIIRS,n,2,298.9,8.25,D,0
32.16817,73.48282,351,0.52,0.41,2025-11-04,831,N,VIIRS,n,2,303.26,8.25,D,0
32.172,73.48222,334.61,0.52,0.41,2025-11-04,831,N,VIIRS,n,2,298.34,8.25,D,0
32.19702,73.73588,334.42,0.53,0.42,2025-11-04,831,N,VIIRS,n,2,297.56,3.52,D,0
32.20152,73.60258,334.03,0.53,0.42,2025-11-04,831,N,VIIRS,n,2,298.75,5.44,D,0
32.21039,73.51011,331.85,0.52,0.42,2025-11-04,831,N,VIIRS,n,2,297.23,2.27,D,0
32.21618,73.52622,330.21,0.52,0.42,2025-11-04,831,N,VIIRS,n,2,297.58,2.96,D,0
32.21624,73.56033,329.76,0.52,0.42,2025-11-04,831,N,VIIRS,n,2,298.25,2.98,D,0
32.21806,73.5089,332.3,0.52,0.42,2025-11-04,831,N,VIIRS,n,2,298.77,5.62,D,0
32.22394,73.55913,332.72,0.52,0.42,2025-11-04,831,N,VIIRS,n,2,297.84,4.31,D,0
32.30695,75.33378,335.83,0.43,0.46,2025-11-04,831,N,VIIRS,n,2,298.56,2.83,D,0
32.30881,75.33601,333.8,0.43,0.46,2025-11-04,831,N,VIIRS,n,2,298.27,2.31,D,0
31.94901,70.05052,342.31,0.39,0.37,2025-11-04,832,N,VIIRS,n,2,305.82,6.15,D,0
31.95236,70.04987,334.73,0.39,0.37,2025-11-04,832,N,VIIRS,n,2,301.91,6.15,D,0
31.9601,70.93129,334.58,0.41,0.37,2025-11-04,832,N,VIIRS,n,2,300.35,2.03,D,0
31.96729,70.8808,334.06,0.41,0.37,2025-11-04,832,N,VIIRS,n,2,303.15,4.27,D,0
31.97427,70.9063,332.17,0.41,0.37,2025-11-04,832,N,VIIRS,n,2,299.81,2.09,D,0
31.98067,70.92747,334.62,0.41,0.37,2025-11-04,832,N,VIIRS,n,2,300.94,3.31,D,0
31.98409,70.92684,335.57,0.41,0.37,2025-11-04,832,N,VIIRS,n,2,299.29,3.69,D,0
31.99184,70.8807,345.33,0.41,0.37,2025-11-04,832,N,VIIRS,n,2,301.83,6.52,D,0
31.99288,70.86266,332.62,0.41,0.37,2025-11-04,832,N,VIIRS,n,2,299.72,2.15,D,0
32.04356,70.93464,331.6,0.41,0.37,2025-11-04,832,N,VIIRS,n,2,299.35,1.37,D,0
32.04865,70.92023,346.7,0.41,0.37,2025-11-04,832,N,VIIRS,n,2,302.53,12.45,D,0
32.21957,73.50654,343.86,0.52,0.42,2025-11-04,832,N,VIIRS,n,2,298.76,5.98,D,0
32.23332,73.35256,340.6,0.51,0.41,2025-11-04,832,N,VIIRS,n,2,298.23,7.72,D,0
32.24756,73.58187,329.57,0.53,0.42,2025-11-04,832,N,VIIRS,n,2,296.53,3.33,D,0
32.29339,73.96093,330.1,0.55,0.43,2025-11-04,832,N,VIIRS,n,2,297.97,3.24,D,0
32.31381,73.89223,332.62,0.55,0.42,2025-11-04,832,N,VIIRS,n,2,297.46,3.97,D,0
32.33261,72.6763,332.01,0.48,0.4,2025-11-04,832,N,VIIRS,n,2,295.95,3.24,D,0
32.33449,72.67339,331.13,0.48,0.4,2025-11-04,832,N,VIIRS,n,2,295.96,2.08,D,0
32.36739,71.85113,338.73,0.44,0.39,2025-11-04,832,N,VIIRS,n,2,301.53,10.62,D,0
32.45676,74.95376,329.41,0.42,0.45,2025-11-04,832,N,VIIRS,n,2,295.47,2.88,D,0
32.45716,73.89796,330.69,0.55,0.43,2025-11-04,832,N,VIIRS,n,2,297.36,4.51,D,0
32.48438,74.92802,333.73,0.41,0.45,2025-11-04,832,N,VIIRS,n,2,295.29,2.99,D,0
32.48448,74.89583,333.18,0.41,0.45,2025-11-04,832,N,VIIRS,n,2,294.4,3.02,D,0
32.50076,70.5592,333.15,0.41,0.37,2025-11-04,832,N,VIIRS,n,2,301.91,0.91,D,0
32.58283,73.78523,328.89,0.54,0.42,2025-11-04,832,N,VIIRS,n,2,297.36,3.94,D,0
32.64076,73.59433,329.96,0.53,0.42,2025-11-04,832,N,VIIRS,n,2,295.91,2.26,D,0
32.77048,71.55141,336.85,0.44,0.38,2025-11-04,832,N,VIIRS,n,2,297.54,3.54,D,0
32.77108,71.55609,335.13,0.44,0.38,2025-11-04,832,N,VIIRS,n,2,298.27,4.18,D,0
33.5895,75.3496,329.88,0.45,0.47,2025-11-04,832,N,VIIRS,n,2,290.54,4.51,D,0
32.72131,72.92391,297.69,0.39,0.36,2025-11-04,2054,N,VIIRS,n,2,285.88,0.51,N,2
32.72665,72.81754,298.27,0.39,0.36,2025-11-04,2054,N,VIIRS,n,2,285.53,0.7,N,0
32.72711,73.13849,300.85,0.39,0.36,2025-11-04,2054,N,VIIRS,n,2,288.73,0.72,N,2
32.76557,73.26006,300.64,0.39,0.36,2025-11-04,2054,N,VIIRS,n,2,285.3,0.35,N,0
32.82907,71.60354,302.91,0.42,0.38,2025-11-04,2054,N,VIIRS,n,2,289.55,0.85,N,0
32.88913,71.61766,311.23,0.42,0.38,2025-11-04,2054,N,VIIRS,n,2,290.25,0.86,N,2
33.07794,69.58582,313.75,0.51,0.41,2025-11-04,2054,N,VIIRS,n,2,274.31,3.16,N,0
33.08115,69.59114,303.6,0.51,0.41,2025-11-04,2054,N,VIIRS,n,2,273.81,0.99,N,0
33.23687,71.51582,302.04,0.43,0.38,2025-11-04,2054,N,VIIRS,n,2,282.41,0.76,N,2
33.27283,71.59234,301.31,0.42,0.38,2025-11-04,2054,N,VIIRS,n,2,285.87,0.25,N,0
33.40593,71.93703,305.81,0.42,0.37,2025-11-04,2054,N,VIIRS,n,2,283.46,1,N,0
33.40936,71.93771,314.7,0.42,0.37,2025-11-04,2054,N,VIIRS,n,2,283.72,1,N,2
33.68752,72.71119,301.98,0.4,0.37,2025-11-04,2054,N,VIIRS,n,2,284.08,1.3,N,2
33.80124,72.09862,296.41,0.41,0.37,2025-11-04,2054,N,VIIRS,n,2,284.98,0.52,N,2
33.84905,72.87114,302.12,0.4,0.37,2025-11-04,2054,N,VIIRS,n,2,285.99,0.86,N,2
33.90621,71.91414,297.41,0.42,0.38,2025-11-04,2054,N,VIIRS,n,2,286.3,0.52,N,2
29.54265,74.84666,300.1,0.4,0.37,2025-11-04,2055,N,VIIRS,n,2,288.06,0.55,N,0
29.58566,74.72369,300.23,0.4,0.37,2025-11-04,2055,N,VIIRS,n,2,287.92,0.23,N,0
29.91115,70.70193,299.51,0.43,0.38,2025-11-04,2055,N,VIIRS,n,2,287.82,0.36,N,0
29.97531,70.65727,301.58,0.43,0.38,2025-11-04,2055,N,VIIRS,n,2,288.41,0.56,N,0
30.00451,70.62621,299.58,0.43,0.38,2025-11-04,2055,N,VIIRS,n,2,288.17,0.38,N,0
30.1121,69.52293,295.13,0.47,0.4,2025-11-04,2055,N,VIIRS,n,2,281.82,0.54,N,0
30.11794,69.53102,301.42,0.47,0.4,2025-11-04,2055,N,VIIRS,n,2,282.36,1.5,N,0
30.11877,69.52914,312.57,0.47,0.4,2025-11-04,2055,N,VIIRS,n,2,282.88,1.4,N,0
30.28308,71.65086,306.83,0.4,0.37,2025-11-04,2055,N,VIIRS,n,2,290.18,1.07,N,0
30.28779,70.73238,300.82,0.43,0.38,2025-11-04,2055,N,VIIRS,n,2,288.74,0.48,N,0
30.36102,71.71301,302.32,0.4,0.37,2025-11-04,2055,N,VIIRS,n,2,288.63,0.53,N,0
30.4096,71.92985,301.58,0.4,0.37,2025-11-04,2055,N,VIIRS,n,2,288.32,0.47,N,0
30.70164,72.29206,300.92,0.39,0.36,2025-11-04,2055,N,VIIRS,n,2,288.67,0.46,N,0
30.78555,73.12292,331.17,0.39,0.36,2025-11-04,2055,N,VIIRS,n,2,289.58,2.79,N,0
31.19793,72.07619,300.67,0.4,0.37,2025-11-04,2055,N,VIIRS,n,2,287.81,0.61,N,0
31.6148,74.37522,305.23,0.39,0.36,2025-11-04,2055,N,VIIRS,n,2,287.39,0.67,N,2
31.72414,73.27409,297.09,0.39,0.36,2025-11-04,2055,N,VIIRS,n,2,286.69,0.34,N,0
31.74046,72.73463,295.78,0.39,0.36,2025-11-04,2055,N,VIIRS,n,2,285.28,0.37,N,0
31.91538,73.52892,297.29,0.38,0.36,2025-11-04,2055,N,VIIRS,n,2,286.97,0.69,N,0
32.0834,74.16405,303.02,0.38,0.36,2025-11-04,2055,N,VIIRS,n,2,287.6,0.62,N,2
32.08605,74.16882,300.36,0.38,0.36,2025-11-04,2055,N,VIIRS,n,2,287.86,0.42,N,2
32.0867,74.16477,302.4,0.38,0.36,2025-11-04,2055,N,VIIRS,n,2,288.62,0.63,N,2
32.08735,74.16073,305.35,0.38,0.36,2025-11-04,2055,N,VIIRS,n,2,288.66,0.63,N,2
32.08993,74.14453,302.71,0.38,0.36,2025-11-04,2055,N,VIIRS,n,2,287.61,0.77,N,0
32.09064,74.16145,298.89,0.38,0.36,2025-11-04,2055,N,VIIRS,n,2,288.57,0.63,N,0
32.10849,74.17795,301.31,0.38,0.36,2025-11-04,2055,N,VIIRS,n,2,288.48,0.4,N,0
32.13617,74.17567,298.7,0.38,0.36,2025-11-04,2055,N,VIIRS,n,2,288.57,0.15,N,0
32.29271,70.72916,305.86,0.45,0.39,2025-11-04,2055,N,VIIRS,n,2,289.58,1.26,N,2
32.33296,71.91392,296.27,0.41,0.37,2025-11-04,2055,N,VIIRS,n,2,286.07,0.44,N,0
32.38029,71.85168,297.6,0.41,0.37,2025-11-04,2055,N,VIIRS,n,2,285.06,0.49,N,0
32.54773,69.62936,298.62,0.5,0.41,2025-11-04,2055,N,VIIRS,n,2,277.92,1.4,N,0
32.54839,69.62399,298.83,0.5,0.41,2025-11-04,2055,N,VIIRS,n,2,277.35,1.12,N,0
28.42301,69.6995,301.51,0.45,0.39,2025-11-04,2056,N,VIIRS,n,2,290.89,0.99,N,2
28.42657,69.70012,307.12,0.45,0.39,2025-11-04,2056,N,VIIRS,n,2,291.55,1.36,N,2