latitude,longitude,bright_ti4,scan,track,acq_date,acq_time,satellite,instrument,confidence,version,bright_ti5,frp,daynight,type
27.86309,72.81397,339.23,0.33,0.55,2025-10-11,740,N,VIIRS,n,2,306.37,2.07,D,0
29.24067,70.38885,338.64,0.43,0.62,2025-10-11,740,N,VIIRS,n,2,303.21,3.37,D,0
29.24623,70.38708,335.68,0.43,0.62,2025-10-11,740,N,VIIRS,n,2,302.48,3.47,D,0
29.87307,72.32011,339.65,0.32,0.55,2025-10-11,740,N,VIIRS,n,2,298.07,2.6,D,0
30.30378,73.26351,336.59,0.55,0.51,2025-10-11,740,N,VIIRS,n,2,298.7,6.49,D,0
30.36251,73.63492,331.3,0.53,0.5,2025-10-11,740,N,VIIRS,n,2,300.75,1.95,D,0
30.36425,73.63715,330.73,0.53,0.5,2025-10-11,740,N,VIIRS,n,2,300.89,1.89,D,0
30.36656,73.05296,341.73,0.57,0.52,2025-10-11,740,N,VIIRS,n,2,300.99,6.45,D,0
30.38495,73.25169,336.2,0.55,0.51,2025-10-11,740,N,VIIRS,n,2,299.5,4.78,D,0
30.38743,73.25479,341.1,0.55,0.51,2025-10-11,740,N,VIIRS,n,2,299.06,7.23,D,0
30.42278,73.34626,352.7,0.54,0.51,2025-10-11,740,N,VIIRS,n,2,300.65,10.81,D,0
30.43231,73.44629,339.74,0.54,0.51,2025-10-11,740,N,VIIRS,n,2,301.31,3.57,D,0
30.43476,73.44321,342.47,0.54,0.51,2025-10-11,740,N,VIIRS,n,2,300.49,4.4,D,0
30.44114,73.6864,352.75,0.52,0.5,2025-10-11,740,N,VIIRS,n,2,303.02,7.88,D,0
30.44564,73.68509,342.57,0.52,0.5,2025-10-11,740,N,VIIRS,n,2,302.48,7.88,D,0
30.46899,73.70405,340.88,0.52,0.5,2025-10-11,740,N,VIIRS,n,2,303.29,7.96,D,0
30.46944,73.70654,353.53,0.52,0.5,2025-10-11,740,N,VIIRS,n,2,303.39,11.05,D,0
30.47017,73.70934,336.44,0.52,0.5,2025-10-11,740,N,VIIRS,n,2,301.44,7.96,D,0
30.47349,73.70274,333.34,0.52,0.5,2025-10-11,740,N,VIIRS,n,2,302.45,7.96,D,0
30.47393,73.70522,349.76,0.52,0.5,2025-10-11,740,N,VIIRS,n,2,302.85,10.51,D,0
30.48912,73.68689,339.66,0.52,0.5,2025-10-11,740,N,VIIRS,n,2,301,4.98,D,0
30.4903,73.69221,339.8,0.52,0.5,2025-10-11,740,N,VIIRS,n,2,299.64,4.98,D,0
30.49669,73.78869,339.6,0.51,0.49,2025-10-11,740,N,VIIRS,n,2,300.68,3.69,D,0
30.49679,73.78599,345.79,0.51,0.49,2025-10-11,740,N,VIIRS,n,2,302.31,7.84,D,0
30.50869,73.73205,341.28,0.51,0.5,2025-10-11,740,N,VIIRS,n,2,301.64,5.5,D,0
30.5126,73.66306,341,0.52,0.5,2025-10-11,740,N,VIIRS,n,2,301.69,9.78,D,0
30.52925,73.35395,332.67,0.54,0.51,2025-10-11,740,N,VIIRS,n,2,301.75,4.45,D,0
30.53123,73.59483,341.88,0.52,0.5,2025-10-11,740,N,VIIRS,n,2,304.22,7.45,D,0
30.53423,73.37614,340.82,0.54,0.51,2025-10-11,740,N,VIIRS,n,2,300.08,7.59,D,0
30.5418,73.27888,336.24,0.55,0.51,2025-10-11,740,N,VIIRS,n,2,300.25,4.65,D,0
30.55009,73.70315,332.33,0.52,0.5,2025-10-11,740,N,VIIRS,n,2,302.29,3.68,D,0
30.56244,73.97655,342.06,0.5,0.49,2025-10-11,740,N,VIIRS,n,2,302.75,7.62,D,0
30.56297,73.80592,338.91,0.51,0.49,2025-10-11,740,N,VIIRS,n,2,301.96,3.43,D,0
30.59889,73.92792,340.35,0.5,0.49,2025-10-11,740,N,VIIRS,n,2,299.95,2.74,D,0
30.61165,73.63714,343.09,0.52,0.5,2025-10-11,740,N,VIIRS,n,2,303.29,7.52,D,0
30.61551,73.45779,330.05,0.53,0.5,2025-10-11,740,N,VIIRS,n,2,300.65,2.85,D,0
30.61771,73.86208,347.14,0.5,0.49,2025-10-11,740,N,VIIRS,n,2,300.68,6.62,D,0
30.6179,73.85911,338.55,0.5,0.49,2025-10-11,740,N,VIIRS,n,2,300.54,3.49,D,0
30.62881,73.86987,331.84,0.5,0.49,2025-10-11,740,N,VIIRS,n,2,299.49,6.27,D,0
30.62908,73.8669,332.3,0.5,0.49,2025-10-11,740,N,VIIRS,n,2,300.05,2.92,D,0
30.63215,73.8634,345.05,0.5,0.49,2025-10-11,740,N,VIIRS,n,2,301.71,5.73,D,0
30.63352,73.86562,340.23,0.5,0.49,2025-10-11,740,N,VIIRS,n,2,301.23,6.47,D,0
30.64138,73.87983,332.18,0.5,0.49,2025-10-11,740,N,VIIRS,n,2,300.41,5.53,D,0
30.64472,74.14092,340.35,0.49,0.48,2025-10-11,740,N,VIIRS,n,2,302.47,6.95,D,0
30.65814,74.07314,338.38,0.49,0.49,2025-10-11,740,N,VIIRS,n,2,300.12,3.33,D,0
30.65954,74.00523,332.17,0.49,0.49,2025-10-11,740,N,VIIRS,n,2,299.86,3.56,D,0
30.6628,74.00731,335.24,0.49,0.49,2025-10-11,740,N,VIIRS,n,2,299.17,3.38,D,0
30.67169,74.01794,341.36,0.49,0.49,2025-10-11,740,N,VIIRS,n,2,300.41,5.67,D,0
30.6728,74.02299,341.53,0.49,0.49,2025-10-11,740,N,VIIRS,n,2,301.2,7.64,D,0
30.7648,73.87556,341.02,0.5,0.49,2025-10-11,741,N,VIIRS,n,2,302.51,5.47,D,0
30.80349,73.83697,337.17,0.5,0.49,2025-10-11,741,N,VIIRS,n,2,300.62,6.33,D,0
30.84092,74.01056,331.24,0.49,0.49,2025-10-11,741,N,VIIRS,n,2,300.67,3.49,D,0
30.8453,74.00929,334.2,0.49,0.49,2025-10-11,741,N,VIIRS,n,2,300.1,3.49,D,0
30.84559,73.8357,330.57,0.5,0.49,2025-10-11,741,N,VIIRS,n,2,300.61,2.76,D,0
30.84723,73.83779,332.59,0.5,0.49,2025-10-11,741,N,VIIRS,n,2,299.9,2.64,D,0
30.86728,73.86479,331.96,0.5,0.49,2025-10-11,741,N,VIIRS,n,2,300.54,3.27,D,0
30.88243,74.03066,339.47,0.49,0.48,2025-10-11,741,N,VIIRS,n,2,301.4,5.83,D,0
30.88527,74.03215,332.49,0.49,0.48,2025-10-11,741,N,VIIRS,n,2,301.15,4.49,D,0
31.00004,74.17834,347.66,0.48,0.48,2025-10-11,741,N,VIIRS,n,2,299.63,6.98,D,0
31.02619,74.36634,340.48,0.46,0.47,2025-10-11,741,N,VIIRS,n,2,300.15,4.57,D,0
31.0524,74.31811,332.38,0.47,0.47,2025-10-11,741,N,VIIRS,n,2,300.38,4.8,D,0
31.05341,74.32292,342.61,0.47,0.47,2025-10-11,741,N,VIIRS,n,2,300.61,4.8,D,0
31.05353,74.47446,343.16,0.46,0.47,2025-10-11,741,N,VIIRS,n,2,299.61,5.02,D,0
31.05359,74.31984,330.31,0.47,0.47,2025-10-11,741,N,VIIRS,n,2,299.82,5.5,D,0
31.0545,74.34504,331.35,0.46,0.47,2025-10-11,741,N,VIIRS,n,2,300.09,1.65,D,0
31.05463,74.32464,341.89,0.46,0.47,2025-10-11,741,N,VIIRS,n,2,301.16,5.5,D,0
31.12086,74.09894,332.04,0.48,0.48,2025-10-11,741,N,VIIRS,n,2,298.73,2.28,D,0
31.13311,75.14988,333.75,0.42,0.45,2025-10-11,741,N,VIIRS,n,2,300.36,2.33,D,0
31.18783,74.45481,332.5,0.45,0.47,2025-10-11,741,N,VIIRS,n,2,300.1,2.33,D,0
31.19047,74.45248,339.96,0.45,0.47,2025-10-11,741,N,VIIRS,n,2,300.96,4.62,D,0
31.32377,75.05309,346.48,0.42,0.45,2025-10-11,741,N,VIIRS,n,2,300.49,4.59,D,0
31.41901,72.48895,341.02,0.58,0.52,2025-10-11,741,N,VIIRS,n,2,300.24,6.77,D,0
31.42238,72.48727,342.3,0.58,0.52,2025-10-11,741,N,VIIRS,n,2,300.36,6.33,D,0
31.42629,75.08865,339.05,0.42,0.45,2025-10-11,741,N,VIIRS,n,2,299.51,3.21,D,0
31.42768,75.08569,341.23,0.42,0.45,2025-10-11,741,N,VIIRS,n,2,299.56,4.65,D,0
31.45565,72.12148,337.07,0.61,0.53,2025-10-11,741,N,VIIRS,n,2,301.34,6.59,D,0
31.45744,75.14557,340.67,0.41,0.45,2025-10-11,741,N,VIIRS,n,2,299.86,3.34,D,0
31.47662,74.69447,331.58,0.44,0.46,2025-10-11,741,N,VIIRS,n,2,299.57,1.87,D,0
31.47827,74.59764,339,0.44,0.46,2025-10-11,741,N,VIIRS,n,2,300,12.34,D,0
31.48246,74.59645,355.07,0.44,0.46,2025-10-11,741,N,VIIRS,n,2,303.81,12.34,D,0
31.48987,74.58949,336.07,0.44,0.46,2025-10-11,741,N,VIIRS,n,2,298.52,4.51,D,0
31.49458,74.8635,332.29,0.43,0.46,2025-10-11,741,N,VIIRS,n,2,299.19,3.01,D,0
31.49501,74.86444,329.97,0.43,0.46,2025-10-11,741,N,VIIRS,n,2,298.81,3.17,D,0
31.508,72.53125,335.52,0.57,0.52,2025-10-11,741,N,VIIRS,n,2,298.84,2.26,D,0
31.51633,74.56738,343.87,0.44,0.46,2025-10-11,741,N,VIIRS,n,2,300.12,5.02,D,0
31.54345,75.10349,329.89,0.41,0.45,2025-10-11,741,N,VIIRS,n,2,299.79,2.53,D,0
31.54532,75.10374,341.7,0.41,0.45,2025-10-11,741,N,VIIRS,n,2,300.26,3.26,D,0
31.55671,72.59016,335.17,0.57,0.52,2025-10-11,741,N,VIIRS,n,2,299.08,2.82,D,0
31.55783,72.68589,333.3,0.56,0.52,2025-10-11,741,N,VIIRS,n,2,299.09,4.46,D,0
31.55832,72.68356,337.25,0.56,0.52,2025-10-11,741,N,VIIRS,n,2,300.1,3.76,D,0
31.65692,74.19227,331.33,0.46,0.47,2025-10-11,741,N,VIIRS,n,2,299.91,4.91,D,0
31.65793,74.19705,343.17,0.46,0.47,2025-10-11,741,N,VIIRS,n,2,301.62,8.29,D,0
31.66734,74.11264,336.64,0.46,0.47,2025-10-11,741,N,VIIRS,n,2,299.91,5.82,D,0
31.66862,74.11424,339.53,0.46,0.47,2025-10-11,741,N,VIIRS,n,2,301.09,4.2,D,0
31.66946,75.19153,334.82,0.41,0.45,2025-10-11,741,N,VIIRS,n,2,300.59,3.36,D,0
31.69269,75.28277,340.7,0.4,0.44,2025-10-11,741,N,VIIRS,n,2,300.37,6.89,D,0
31.69385,75.28615,340.71,0.4,0.44,2025-10-11,741,N,VIIRS,n,2,300.69,6.93,D,0
31.72903,70.7481,344.36,0.36,0.57,2025-10-11,741,N,VIIRS,n,2,300.52,6.07,D,0
31.72993,70.7518,367,0.36,0.57,2025-10-11,741,N,VIIRS,h,2,301.29,6.07,D,0
31.73525,74.19169,330.08,0.46,0.47,2025-10-11,741,N,VIIRS,n,2,298.32,1.6,D,0
31.74567,72.5403,330.41,0.57,0.52,2025-10-11,741,N,VIIRS,n,2,300.62,3.15,D,0
31.81374,74.13125,336.34,0.46,0.47,2025-10-11,741,N,VIIRS,n,2,301.52,3.18,D,0
31.8245,74.11794,330.11,0.46,0.47,2025-10-11,741,N,VIIRS,n,2,299.78,4.77,D,0
31.83098,75.07069,330.76,0.41,0.45,2025-10-11,741,N,VIIRS,n,2,300.06,2.13,D,0
31.84037,74.43497,332.42,0.44,0.46,2025-10-11,741,N,VIIRS,n,2,299.24,2.29,D,0
31.84246,74.43205,337.5,0.44,0.46,2025-10-11,741,N,VIIRS,n,2,299.16,3,D,0
31.84721,74.07553,341.54,0.46,0.47,2025-10-11,741,N,VIIRS,n,2,301.9,4.2,D,0
31.8475,74.16202,341.25,0.46,0.47,2025-10-11,741,N,VIIRS,n,2,300.41,5.19,D,0
31.85423,70.76218,333.12,0.35,0.57,2025-10-11,741,N,VIIRS,n,2,299.51,2.34,D,0
31.85824,72.42229,335.05,0.57,0.52,2025-10-11,741,N,VIIRS,n,2,297.86,3.65,D,0
31.90715,74.29508,350.82,0.45,0.47,2025-10-11,741,N,VIIRS,n,2,301.28,4.96,D,0
31.91138,74.29385,331.14,0.45,0.47,2025-10-11,741,N,VIIRS,n,2,298.12,4.96,D,0
31.93704,70.89928,345.12,0.35,0.56,2025-10-11,741,N,VIIRS,n,2,299.74,3.04,D,0
31.94909,73.90816,333.67,0.47,0.48,2025-10-11,741,N,VIIRS,n,2,298.61,2.64,D,0
31.94922,73.91022,336.56,0.47,0.48,2025-10-11,741,N,VIIRS,n,2,299.21,4.13,D,0
32.01978,73.98269,343.17,0.46,0.47,2025-10-11,741,N,VIIRS,n,2,300.42,5.08,D,0
32.14231,72.32737,347.89,0.57,0.52,2025-10-11,741,N,VIIRS,n,2,298.74,8.64,D,0
32.14258,72.32933,340.75,0.57,0.52,2025-10-11,741,N,VIIRS,n,2,299.69,8.62,D,0
32.15173,73.18399,332.98,0.51,0.49,2025-10-11,741,N,VIIRS,n,2,298.42,2.4,D,0
32.31831,74.00423,330.84,0.46,0.47,2025-10-11,741,N,VIIRS,n,2,298.18,3.68,D,0
32.32153,73.9982,342.49,0.46,0.47,2025-10-11,741,N,VIIRS,n,2,302.47,8.26,D,0
32.46735,73.57329,341.06,0.48,0.48,2025-10-11,741,N,VIIRS,n,2,301.61,7.7,D,0
32.53106,73.42719,333.66,0.49,0.48,2025-10-11,741,N,VIIRS,n,2,299.31,2.61,D,0
32.63152,70.32777,367,0.36,0.57,2025-10-11,741,N,VIIRS,h,2,298.66,7.87,D,0
33.26858,71.31122,342.47,0.61,0.54,2025-10-11,741,N,VIIRS,n,2,302.44,4.9,D,2
29.24402,70.38324,345.42,0.58,0.7,2025-10-11,921,N,VIIRS,n,2,302.43,5.82,D,0
29.24433,70.3894,334.56,0.58,0.7,2025-10-11,921,N,VIIRS,n,2,302.57,5.82,D,0
29.24444,70.38493,367,0.58,0.7,2025-10-11,921,N,VIIRS,h,2,304.18,8.13,D,0
31.5782,70.61367,330.02,0.62,0.72,2025-10-11,921,N,VIIRS,n,2,298.45,2.5,D,0
33.81535,72.71727,301.11,0.58,0.7,2025-10-11,2003,N,VIIRS,n,2,290.63,1.1,N,0
30.56604,73.87162,302.25,0.47,0.64,2025-10-11,2004,N,VIIRS,n,2,290.19,0.63,N,0
32.08653,74.16091,302.5,0.47,0.64,2025-10-11,2004,N,VIIRS,n,2,292.16,0.74,N,2
33.26494,71.30107,299.67,0.69,0.75,2025-10-11,2004,N,VIIRS,n,2,287.85,1.78,N,0
33.27196,71.30089,309.39,0.69,0.75,2025-10-11,2004,N,VIIRS,n,2,288.54,1.78,N,0
32.29166,70.73105,306.83,0.6,0.53,2025-10-11,2144,N,VIIRS,n,2,293.74,1.37,N,2
32.29322,70.73161,307.02,0.6,0.53,2025-10-11,2144,N,VIIRS,n,2,294.15,1.92,N,2
32.38079,72.13811,305.79,0.36,0.57,2025-10-11,2144,N,VIIRS,n,2,293.27,0.73,N,2
32.89031,71.61607,316.91,0.33,0.55,2025-10-11,2144,N,VIIRS,n,2,294.5,1.43,N,2
33.2687,71.31403,302.79,0.62,0.54,2025-10-11,2144,N,VIIRS,n,2,288.89,1.74,N,0
33.27024,71.30768,325.41,0.62,0.54,2025-10-11,2144,N,VIIRS,n,2,291.01,3.6,N,2
33.40699,71.93883,303.36,0.33,0.55,2025-10-11,2144,N,VIIRS,n,2,290.5,0.71,N,2
33.81648,72.72099,302.32,0.36,0.57,2025-10-11,2144,N,VIIRS,n,2,291.2,0.95,N,0
28.42448,69.7002,316.11,0.32,0.55,2025-10-11,2146,N,VIIRS,n,2,294.26,1.14,N,2
30.02476,71.43736,332.03,0.66,0.73,2025-10-12,722,N,VIIRS,n,2,297.34,3.49,D,0
30.05171,73.20044,331.69,0.53,0.67,2025-10-12,722,N,VIIRS,n,2,299.54,3.92,D,0
30.14229,73.49303,332.93,0.51,0.66,2025-10-12,722,N,VIIRS,n,2,299.34,2.06,D,0
30.14317,73.49245,333.15,0.51,0.66,2025-10-12,722,N,VIIRS,n,2,299.69,3.49,D,0
30.16755,73.54071,341.43,0.5,0.66,2025-10-12,722,N,VIIRS,n,2,299.6,4.1,D,0
30.16874,73.54001,334.08,0.5,0.66,2025-10-12,722,N,VIIRS,n,2,298.67,3.62,D,0
30.18421,73.18641,331.72,0.53,0.67,2025-10-12,722,N,VIIRS,n,2,300.56,2.7,D,0
30.2167,73.08639,331.1,0.53,0.67,2025-10-12,722,N,VIIRS,n,2,299.53,3.32,D,0
30.41638,72.84181,337.37,0.54,0.68,2025-10-12,722,N,VIIRS,n,2,300.45,4.45,D,0
30.41844,72.84097,336.47,0.54,0.68,2025-10-12,722,N,VIIRS,n,2,299.2,3.45,D,0
30.42305,73.34949,350.13,0.51,0.66,2025-10-12,722,N,VIIRS,n,2,300.71,5.54,D,0
30.42352,73.35139,338.96,0.51,0.66,2025-10-12,722,N,VIIRS,n,2,299.06,7.07,D,0
30.46597,73.63598,367,0.49,0.65,2025-10-12,722,N,VIIRS,h,2,302.9,8.45,D,0
30.48277,73.60279,333.16,0.49,0.65,2025-10-12,722,N,VIIRS,n,2,300.56,3.34,D,0
30.49627,73.53188,330.73,0.49,0.65,2025-10-12,722,N,VIIRS,n,2,298.17,3.27,D,0
30.49787,73.53326,335.13,0.49,0.65,2025-10-12,722,N,VIIRS,n,2,298.77,2.65,D,0
30.54294,73.70351,333.59,0.48,0.65,2025-10-12,722,N,VIIRS,n,2,299.17,10.18,D,0
30.54745,73.70565,347.67,0.48,0.65,2025-10-12,722,N,VIIRS,n,2,301.31,7.48,D,0
30.61317,73.75457,334.19,0.48,0.64,2025-10-12,722,N,VIIRS,n,2,301.16,4.22,D,0
30.63584,73.67152,331.02,0.48,0.65,2025-10-12,722,N,VIIRS,n,2,298.54,2.92,D,0
30.6386,73.66971,335.05,0.48,0.65,2025-10-12,722,N,VIIRS,n,2,300.08,2.06,D,0
30.68445,74.05419,339.61,0.46,0.63,2025-10-12,722,N,VIIRS,n,2,299.69,9.95,D,0
30.69014,74.05225,367,0.46,0.63,2025-10-12,722,N,VIIRS,h,2,300.13,9.95,D,0
30.69633,73.88878,333.46,0.47,0.64,2025-10-12,722,N,VIIRS,n,2,299.2,3.36,D,0
30.72023,74.05101,352.28,0.46,0.63,2025-10-12,722,N,VIIRS,n,2,299.58,6.25,D,0
30.72098,74.05195,353.89,0.46,0.63,2025-10-12,722,N,VIIRS,n,2,299.6,6.99,D,0
30.73174,73.92879,339.73,0.46,0.64,2025-10-12,722,N,VIIRS,n,2,298.16,8.15,D,0
30.74752,73.61744,330.58,0.48,0.65,2025-10-12,722,N,VIIRS,n,2,299.56,2.88,D,0
30.74848,73.74034,335.32,0.47,0.64,2025-10-12,722,N,VIIRS,n,2,300.63,7.51,D,0
30.75111,73.73816,346.8,0.47,0.64,2025-10-12,722,N,VIIRS,n,2,299.97,11.85,D,0
30.75237,73.74305,352.52,0.47,0.64,2025-10-12,722,N,VIIRS,n,2,300.92,15.37,D,0
30.75424,73.73835,367,0.47,0.64,2025-10-12,722,N,VIIRS,h,2,301.49,7.51,D,0
30.77281,73.83231,331.22,0.47,0.64,2025-10-12,722,N,VIIRS,n,2,299.27,7.14,D,0
30.77408,73.83713,367,0.47,0.64,2025-10-12,722,N,VIIRS,h,2,302.3,7.14,D,0
30.77613,73.83525,367,0.47,0.64,2025-10-12,722,N,VIIRS,h,2,302.52,10.4,D,0
30.8087,73.94487,333.79,0.46,0.64,2025-10-12,722,N,VIIRS,n,2,298.64,4.68,D,0
30.83624,74.07343,332.31,0.45,0.63,2025-10-12,722,N,VIIRS,n,2,300.53,3.31,D,0
30.86606,73.87868,339.21,0.46,0.64,2025-10-12,722,N,VIIRS,n,2,299.66,2.36,D,0
30.93946,74.16383,331.19,0.44,0.63,2025-10-12,722,N,VIIRS,n,2,299.76,2.56,D,0
31.04126,74.3258,339.77,0.43,0.62,2025-10-12,722,N,VIIRS,n,2,300.39,4.37,D,0
31.04344,74.32632,343.6,0.43,0.62,2025-10-12,722,N,VIIRS,n,2,301.17,4.44,D,0
31.09768,73.66206,331.24,0.47,0.64,2025-10-12,722,N,VIIRS,n,2,299.19,5.35,D,0
31.31167,75.34247,335.61,0.37,0.58,2025-10-12,722,N,VIIRS,n,2,297.13,2.64,D,0
31.40116,72.48596,335.64,0.54,0.68,2025-10-12,722,N,VIIRS,n,2,298.81,3.59,D,0
31.40951,75.13215,336.42,0.38,0.59,2025-10-12,722,N,VIIRS,n,2,301.4,3.21,D,0
31.41049,75.1361,332.9,0.38,0.59,2025-10-12,722,N,VIIRS,n,2,300.8,3.21,D,0
31.4318,74.84575,336.97,0.4,0.6,2025-10-12,722,N,VIIRS,n,2,301.15,3.75,D,0
31.43409,74.83165,331.04,0.4,0.6,2025-10-12,722,N,VIIRS,l,2,301.48,1.88,D,0
31.48155,74.60573,330.03,0.41,0.6,2025-10-12,722,N,VIIRS,n,2,301.53,2.53,D,0
31.48698,74.60389,367,0.41,0.6,2025-10-12,722,N,VIIRS,h,2,302.83,10.76,D,0
31.53214,74.64332,334.79,0.4,0.6,2025-10-12,722,N,VIIRS,n,2,301.69,4.04,D,0
31.56842,74.60405,340.74,0.41,0.6,2025-10-12,722,N,VIIRS,n,2,300.95,5.16,D,0
31.56949,74.60825,351.89,0.41,0.6,2025-10-12,722,N,VIIRS,n,2,302.39,5.16,D,0
31.58412,74.80556,338.16,0.39,0.6,2025-10-12,722,N,VIIRS,n,2,302.79,3.57,D,0
31.58451,74.80551,332.21,0.39,0.6,2025-10-12,722,N,VIIRS,l,2,302.49,4.41,D,0
31.64863,72.9208,340.55,0.5,0.66,2025-10-12,722,N,VIIRS,n,2,299.44,6,D,0
31.64891,72.92415,353.63,0.5,0.66,2025-10-12,722,N,VIIRS,n,2,299.98,9.15,D,0
31.65005,72.92599,334.36,0.5,0.66,2025-10-12,722,N,VIIRS,n,2,298.52,7.22,D,0
31.67966,73.93891,332.46,0.44,0.62,2025-10-12,722,N,VIIRS,n,2,300.5,2.31,D,0
31.68475,73.03558,336.25,0.49,0.65,2025-10-12,722,N,VIIRS,n,2,300.61,4.65,D,0
31.68516,73.03197,332.86,0.49,0.65,2025-10-12,722,N,VIIRS,n,2,300.2,2.94,D,0
31.80373,73.13021,330.13,0.48,0.65,2025-10-12,722,N,VIIRS,n,2,298.52,5.05,D,0
31.80629,73.12733,345.65,0.48,0.65,2025-10-12,722,N,VIIRS,n,2,300.2,5.89,D,0
31.82606,73.08155,340.37,0.49,0.65,2025-10-12,722,N,VIIRS,n,2,299.16,4.17,D,0
31.87147,74.13019,335.02,0.42,0.61,2025-10-12,722,N,VIIRS,n,2,300.97,2.39,D,0
31.87195,74.19115,340.32,0.42,0.61,2025-10-12,722,N,VIIRS,n,2,300.46,4.26,D,0
31.87521,74.19085,337.8,0.42,0.61,2025-10-12,722,N,VIIRS,n,2,301.69,4.78,D,0
31.9756,75.09634,331.84,0.37,0.58,2025-10-12,722,N,VIIRS,n,2,301.24,2.52,D,0
31.98208,74.01524,339.13,0.43,0.62,2025-10-12,722,N,VIIRS,n,2,301.18,4.14,D,0
32.14414,73.76344,367,0.44,0.62,2025-10-12,722,N,VIIRS,h,2,301.74,8.65,D,0
32.3183,72.55558,336.23,0.5,0.66,2025-10-12,722,N,VIIRS,n,2,299.64,3.47,D,0
32.35572,73.96602,333.94,0.42,0.61,2025-10-12,722,N,VIIRS,n,2,300.05,2.62,D,0
29.37325,70.2907,337.17,0.59,0.53,2025-10-12,902,N,VIIRS,n,2,306.72,4.44,D,0
29.70243,69.98541,331.26,0.57,0.52,2025-10-12,902,N,VIIRS,l,2,305.01,5.26,D,0
29.7062,69.98438,333.97,0.57,0.52,2025-10-12,902,N,VIIRS,l,2,304.5,3.65,D,0
29.73643,72.61067,330.88,0.41,0.61,2025-10-12,902,N,VIIRS,n,2,300.3,1.9,D,0
29.82477,71.38366,332.78,0.35,0.57,2025-10-12,902,N,VIIRS,n,2,302.27,1.22,D,0
29.82542,71.38595,335.62,0.35,0.57,2025-10-12,902,N,VIIRS,n,2,302.56,1.58,D,0
29.94082,71.50334,332.2,0.36,0.57,2025-10-12,902,N,VIIRS,n,2,302.05,2.45,D,0
29.94415,71.50179,330.63,0.36,0.57,2025-10-12,902,N,VIIRS,l,2,301.18,1.92,D,0
30.01562,73.12138,332.66,0.45,0.63,2025-10-12,902,N,VIIRS,n,2,300.76,2.83,D,0
30.01604,73.21714,346.12,0.45,0.63,2025-10-12,902,N,VIIRS,n,2,301.33,5.06,D,0
30.01636,73.22195,340.28,0.45,0.63,2025-10-12,902,N,VIIRS,n,2,301.36,5.06,D,0
30.11499,72.78785,367,0.43,0.62,2025-10-12,902,N,VIIRS,h,2,304.29,8.84,D,0
30.11618,72.78902,352.14,0.43,0.62,2025-10-12,902,N,VIIRS,n,2,301.66,7.7,D,0
30.15109,73.23151,330.97,0.45,0.63,2025-10-12,902,N,VIIRS,n,2,300.07,1.32,D,0
30.15256,71.93174,342.37,0.38,0.59,2025-10-12,902,N,VIIRS,n,2,299.64,4.04,D,0
30.16769,73.39211,332.92,0.46,0.64,2025-10-12,902,N,VIIRS,n,2,299.25,3.09,D,0
30.18767,73.7861,331.05,0.49,0.65,2025-10-12,902,N,VIIRS,n,2,301.49,1.4,D,0
30.19302,72.48327,367,0.41,0.61,2025-10-12,902,N,VIIRS,h,2,300.63,7.87,D,0
30.28122,73.29208,332.91,0.46,0.63,2025-10-12,902,N,VIIRS,n,2,300.72,3.14,D,0
30.28385,73.29131,332.77,0.46,0.63,2025-10-12,902,N,VIIRS,n,2,299.69,2.45,D,0
30.28408,73.14583,338.68,0.45,0.63,2025-10-12,902,N,VIIRS,n,2,300.96,2.97,D,0
30.31131,73.39378,332.65,0.47,0.64,2025-10-12,902,N,VIIRS,n,2,300.35,2.48,D,0
30.31438,73.1579,331.55,0.45,0.63,2025-10-12,902,N,VIIRS,n,2,300.25,2.37,D,0
30.35034,73.09186,334.5,0.45,0.63,2025-10-12,902,N,VIIRS,n,2,300.15,2.89,D,0
30.35141,73.09253,333.63,0.45,0.63,2025-10-12,902,N,VIIRS,n,2,299.76,2.26,D,0
30.38325,73.24438,333.31,0.46,0.63,2025-10-12,902,N,VIIRS,n,2,301.21,2.93,D,0
30.38529,73.2449,334.66,0.46,0.63,2025-10-12,902,N,VIIRS,n,2,301.05,2.47,D,0
30.38911,73.6524,331.09,0.48,0.65,2025-10-12,902,N,VIIRS,n,2,299.84,4.31,D,0
30.39784,73.09767,334.66,0.45,0.63,2025-10-12,902,N,VIIRS,n,2,300.28,3.36,D,0
30.42241,73.59818,343.69,0.48,0.65,2025-10-12,902,N,VIIRS,n,2,299.51,7.48,D,0
30.44644,73.80035,367,0.49,0.65,2025-10-12,902,N,VIIRS,h,2,302.81,17.24,D,0
30.46599,72.13129,335.96,0.39,0.59,2025-10-12,902,N,VIIRS,n,2,299.55,4.58,D,0
30.54039,73.52393,332.12,0.48,0.64,2025-10-12,902,N,VIIRS,n,2,298.71,2.08,D,0
30.55411,73.65207,342.38,0.48,0.65,2025-10-12,902,N,VIIRS,n,2,300.29,4.39,D,0
30.5857,74.09071,342.56,0.51,0.66,2025-10-12,902,N,VIIRS,n,2,299.07,3.68,D,0
30.5965,73.7357,336.91,0.49,0.65,2025-10-12,902,N,VIIRS,n,2,300.89,2.5,D,0
30.60226,73.84177,335.71,0.5,0.66,2025-10-12,902,N,VIIRS,n,2,299.07,3.53,D,0
30.60232,73.84424,332.54,0.5,0.66,2025-10-12,902,N,VIIRS,n,2,298.76,2.54,D,0
30.60266,73.74837,338.39,0.49,0.65,2025-10-12,902,N,VIIRS,n,2,300.29,5.38,D,0
30.60346,73.75104,332.85,0.49,0.65,2025-10-12,902,N,VIIRS,n,2,300.94,3.59,D,0
30.62476,73.9157,367,0.5,0.66,2025-10-12,902,N,VIIRS,h,2,301.68,10.97,D,0
30.62529,73.91814,367,0.5,0.66,2025-10-12,902,N,VIIRS,h,2,302.96,14.58,D,0
30.64587,73.63755,337.77,0.48,0.65,2025-10-12,902,N,VIIRS,n,2,300.8,4.82,D,0
30.69124,73.88943,332.35,0.5,0.66,2025-10-12,902,N,VIIRS,n,2,299.48,2.53,D,0
30.70012,73.10083,367,0.45,0.63,2025-10-12,902,N,VIIRS,h,2,302.36,7.23,D,0
30.70663,73.84646,345.78,0.5,0.66,2025-10-12,902,N,VIIRS,n,2,299.12,4.67,D,0
30.70713,73.84519,339.27,0.5,0.66,2025-10-12,902,N,VIIRS,n,2,298.67,3.01,D,0
30.7252,73.62766,338.75,0.48,0.65,2025-10-12,902,N,VIIRS,n,2,300.72,4.43,D,0
30.73395,72.98267,330.23,0.44,0.63,2025-10-12,902,N,VIIRS,n,2,300.08,1.93,D,0
30.75036,73.64155,334.43,0.49,0.65,2025-10-12,902,N,VIIRS,n,2,299.45,2.08,D,0
30.76192,73.73563,343.71,0.49,0.65,2025-10-12,902,N,VIIRS,n,2,300.06,3.33,D,0
30.76907,70.78027,367,0.33,0.55,2025-10-12,902,N,VIIRS,h,2,306.45,5.91,D,0
30.78395,73.79804,332.1,0.5,0.66,2025-10-12,902,N,VIIRS,n,2,300.52,1.86,D,0
30.80215,73.79173,332.82,0.5,0.66,2025-10-12,902,N,VIIRS,n,2,299.26,2.1,D,0
30.80894,73.92107,336.92,0.51,0.66,2025-10-12,902,N,VIIRS,n,2,298.75,6.05,D,0
30.80959,73.92057,343,0.5,0.66,2025-10-12,902,N,VIIRS,n,2,299.23,5.12,D,0
30.83216,73.89219,336.35,0.5,0.66,2025-10-12,902,N,VIIRS,n,2,298.13,3.74,D,0
30.83265,73.89184,341.58,0.5,0.66,2025-10-12,902,N,VIIRS,n,2,298.57,6.42,D,0
30.84065,73.82123,336.07,0.5,0.66,2025-10-12,902,N,VIIRS,n,2,300.08,6.36,D,0
30.84566,73.91305,347.37,0.5,0.66,2025-10-12,902,N,VIIRS,n,2,299.8,7.88,D,0
30.84625,73.92394,331.06,0.51,0.66,2025-10-12,902,N,VIIRS,n,2,298.28,3.33,D,0
30.84627,73.91269,346.64,0.5,0.66,2025-10-12,902,N,VIIRS,n,2,299.18,4.01,D,0
30.86116,73.8576,349.62,0.5,0.66,2025-10-12,902,N,VIIRS,n,2,299.47,10.17,D,0
30.90127,73.36877,330.28,0.47,0.64,2025-10-12,902,N,VIIRS,n,2,299.2,1.65,D,0
30.94727,70.90391,348.64,0.34,0.56,2025-10-12,902,N,VIIRS,n,2,303.76,4.12,D,0
30.94795,70.90232,356.08,0.34,0.56,2025-10-12,902,N,VIIRS,n,2,303.28,4.88,D,0
30.9942,74.16103,330.34,0.52,0.67,2025-10-12,902,N,VIIRS,n,2,300.68,2.21,D,0
31.00441,74.23441,337.76,0.53,0.67,2025-10-12,902,N,VIIRS,n,2,300.67,3.02,D,0
31.01192,74.25693,334.97,0.53,0.67,2025-10-12,902,N,VIIRS,n,2,298.83,1.82,D,0
31.08286,74.51029,334.35,0.55,0.68,2025-10-12,902,N,VIIRS,n,2,299.76,2.33,D,0
31.21589,70.76347,331.11,0.33,0.55,2025-10-12,902,N,VIIRS,l,2,303,1.94,D,0
31.30233,75.16073,350.25,0.6,0.71,2025-10-12,902,N,VIIRS,n,2,299.76,6.43,D,0
31.30453,75.16243,342.65,0.6,0.71,2025-10-12,902,N,VIIRS,n,2,298.92,7.33,D,0
31.48265,75.0988,330.73,0.6,0.71,2025-10-12,902,N,VIIRS,n,2,299.68,4.62,D,0
31.44314,70.64193,336.91,0.33,0.55,2025-10-12,903,N,VIIRS,n,2,304.18,4.22,D,0
31.4458,70.64416,332.41,0.33,0.55,2025-10-12,903,N,VIIRS,n,2,301.79,4.01,D,0
31.51303,70.64445,331.76,0.33,0.55,2025-10-12,903,N,VIIRS,l,2,304.25,1.5,D,0
31.64923,72.92239,336.87,0.45,0.63,2025-10-12,903,N,VIIRS,n,2,299.99,3.65,D,0
31.65718,73.95869,330.11,0.52,0.67,2025-10-12,903,N,VIIRS,n,2,299.23,3.49,D,0
31.6586,73.95557,338.6,0.52,0.66,2025-10-12,903,N,VIIRS,n,2,300.05,3.6,D,0
31.67756,73.52014,337.28,0.49,0.65,2025-10-12,903,N,VIIRS,n,2,298.7,3.71,D,0
31.6961,73.01219,344.41,0.45,0.63,2025-10-12,903,N,VIIRS,n,2,301.34,3.52,D,0
31.71519,70.73107,330.83,0.33,0.56,2025-10-12,903,N,VIIRS,n,2,302.21,1.31,D,0
31.75288,73.01146,367,0.46,0.63,2025-10-12,903,N,VIIRS,h,2,301.75,8.99,D,0
31.77985,70.82306,337.56,0.34,0.56,2025-10-12,903,N,VIIRS,n,2,304.36,2.23,D,0
31.78013,70.82169,330.32,0.34,0.56,2025-10-12,903,N,VIIRS,l,2,304.06,2.03,D,0
31.83842,72.23094,334.81,0.41,0.61,2025-10-12,903,N,VIIRS,n,2,298.78,2.88,D,0
31.88826,70.78465,342.28,0.34,0.56,2025-10-12,903,N,VIIRS,n,2,304.43,1.64,D,0
31.91446,70.85576,330.73,0.34,0.56,2025-10-12,903,N,VIIRS,n,2,301.62,2.18,D,0
31.91609,70.87786,332.16,0.34,0.56,2025-10-12,903,N,VIIRS,n,2,303.61,1.81,D,0
31.92131,70.87733,333.5,0.34,0.56,2025-10-12,903,N,VIIRS,n,2,301.09,1.93,D,0
31.95878,74.18994,332.27,0.54,0.67,2025-10-12,903,N,VIIRS,n,2,299.77,2.61,D,0
31.96902,74.95515,333.28,0.59,0.7,2025-10-12,903,N,VIIRS,n,2,300.68,7.18,D,0
32.15312,74.29733,335.95,0.55,0.68,2025-10-12,903,N,VIIRS,n,2,298.7,4.63,D,0
32.15341,74.3033,331.13,0.55,0.68,2025-10-12,903,N,VIIRS,n,2,298.99,6.39,D,0
32.30946,74.00887,342.18,0.53,0.67,2025-10-12,903,N,VIIRS,n,2,301.47,5.08,D,0
32.31198,74.00809,343.62,0.53,0.67,2025-10-12,903,N,VIIRS,n,2,301.03,4.49,D,0
32.41338,71.9134,330.03,0.4,0.6,2025-10-12,903,N,VIIRS,l,2,301.87,2.26,D,0
32.5852,71.33411,330.67,0.37,0.58,2025-10-12,903,N,VIIRS,l,2,301.81,2.33,D,0
32.71315,69.44991,340.19,0.58,0.52,2025-10-12,903,N,VIIRS,n,2,300.68,8.11,D,0
33.26914,71.31278,337.78,0.37,0.58,2025-10-12,903,N,VIIRS,n,2,307.71,1.58,D,2
33.54646,71.98868,339.74,0.41,0.61,2025-10-12,903,N,VIIRS,n,2,307.81,2.44,D,0
33.54835,71.98663,333.71,0.41,0.61,2025-10-12,903,N,VIIRS,l,2,308.05,2.07,D,0
33.8147,72.72096,303.71,0.4,0.44,2025-10-12,2124,N,VIIRS,n,2,291.49,1,N,0
33.85111,72.87151,304.1,0.4,0.44,2025-10-12,2124,N,VIIRS,n,2,291.85,1.02,N,2
33.9056,71.91505,302.77,0.54,0.42,2025-10-12,2124,N,VIIRS,n,2,292.52,1.01,N,2
29.51546,74.84817,302.1,0.32,0.54,2025-10-12,2125,N,VIIRS,n,2,290.37,0.26,N,0
32.10551,74.17908,303.89,0.51,0.5,2025-10-12,2125,N,VIIRS,n,2,293.01,0.71,N,0
32.88846,71.61833,314.51,0.55,0.42,2025-10-12,2125,N,VIIRS,n,2,294.81,1.29,N,2
28.42583,69.70113,312.38,0.52,0.42,2025-10-12,2126,N,VIIRS,n,2,294.46,2.15,N,2
31.04314,74.33017,330.59,0.79,0.78,2025-10-13,703,N,VIIRS,n,2,300.25,5.7,D,0
31.04543,74.32912,330.45,0.79,0.78,2025-10-13,703,N,VIIRS,n,2,300.28,7.9,D,0
31.107,74.49462,338.28,0.77,0.77,2025-10-13,703,N,VIIRS,n,2,299.9,5.12,D,0
31.11017,74.49317,332.02,0.77,0.77,2025-10-13,703,N,VIIRS,n,2,299.25,5.1,D,0
32.27894,73.8717,327.85,0.77,0.78,2025-10-13,704,N,VIIRS,n,2,295.18,4.4,D,0
29.5136,74.55092,336.49,0.55,0.51,2025-10-13,843,N,VIIRS,n,2,303.67,4.93,D,0
29.64144,71.58756,332.09,0.57,0.43,2025-10-13,843,N,VIIRS,n,2,301.92,5.09,D,0
29.6421,71.59344,334,0.57,0.43,2025-10-13,843,N,VIIRS,n,2,302.59,5.09,D,0
29.68627,74.38094,343.12,0.54,0.51,2025-10-13,843,N,VIIRS,n,2,308.46,3.98,D,0
29.87013,70.72064,330.76,0.51,0.41,2025-10-13,843,N,VIIRS,n,2,303.44,1.52,D,0
29.94532,72.61583,347.59,0.43,0.46,2025-10-13,843,N,VIIRS,n,2,307.81,5.33,D,0
29.94957,72.61526,343.62,0.43,0.46,2025-10-13,843,N,VIIRS,n,2,305.4,5.33,D,0
29.95011,72.45628,334.99,0.42,0.45,2025-10-13,843,N,VIIRS,n,2,304.69,3.71,D,0
29.95291,72.44244,355.19,0.42,0.45,2025-10-13,843,N,VIIRS,n,2,306.05,14.19,D,0
29.959,72.45956,333.7,0.42,0.46,2025-10-13,843,N,VIIRS,n,2,302.31,2.67,D,0
29.97235,72.09793,338.53,0.41,0.45,2025-10-13,843,N,VIIRS,n,2,306.16,3.93,D,0
29.99002,71.3456,331.8,0.55,0.43,2025-10-13,843,N,VIIRS,l,2,303.85,2.02,D,0
29.99746,73.13131,334.91,0.46,0.47,2025-10-13,843,N,VIIRS,n,2,305.26,2.98,D,0
30.03755,73.26521,349.59,0.47,0.48,2025-10-13,843,N,VIIRS,n,2,304.76,8.15,D,0
30.04247,73.26961,341.93,0.47,0.48,2025-10-13,843,N,VIIRS,n,2,304.88,6.11,D,0
30.12287,72.9267,330.92,0.45,0.47,2025-10-13,843,N,VIIRS,l,2,304.29,3.52,D,0
30.15394,72.87281,332.98,0.45,0.47,2025-10-13,843,N,VIIRS,n,2,303.28,3.05,D,0
30.19864,72.88129,339.02,0.45,0.47,2025-10-13,843,N,VIIRS,n,2,303.31,3.7,D,0
30.2118,73.44865,341.19,0.49,0.48,2025-10-13,843,N,VIIRS,n,2,304.69,5.64,D,0
30.21381,73.44699,335.26,0.49,0.48,2025-10-13,843,N,VIIRS,n,2,304.76,3.08,D,0
30.23388,72.48043,341.39,0.43,0.46,2025-10-13,843,N,VIIRS,n,2,305.19,4.61,D,0
30.24142,72.4703,331.5,0.43,0.46,2025-10-13,843,N,VIIRS,l,2,305.8,1.81,D,0
30.25731,72.85446,338.95,0.45,0.47,2025-10-13,843,N,VIIRS,n,2,303.49,3.86,D,0
30.25851,72.85552,336.69,0.45,0.47,2025-10-13,843,N,VIIRS,n,2,302.45,2.97,D,0
30.27952,73.85419,338.09,0.51,0.5,2025-10-13,843,N,VIIRS,n,2,301.93,3.39,D,0
30.33123,73.14423,335.5,0.47,0.48,2025-10-13,843,N,VIIRS,n,2,301.32,2.47,D,0
30.35691,72.95853,347.31,0.46,0.47,2025-10-13,843,N,VIIRS,n,2,302.31,5.87,D,0
30.37113,73.6025,335.66,0.5,0.49,2025-10-13,843,N,VIIRS,n,2,304.28,5.04,D,0
30.37819,73.4387,341.59,0.49,0.48,2025-10-13,843,N,VIIRS,n,2,303.72,4.12,D,0
30.37871,73.53802,346.86,0.49,0.49,2025-10-13,843,N,VIIRS,n,2,305.93,6.32,D,0
30.38427,73.0058,332.94,0.46,0.47,2025-10-13,843,N,VIIRS,n,2,303.67,2.03,D,0
30.38947,73.19915,344.04,0.47,0.48,2025-10-13,843,N,VIIRS,n,2,305.71,12.71,D,0
30.39019,73.19685,343.48,0.47,0.48,2025-10-13,843,N,VIIRS,n,2,306.98,10.82,D,0
30.39389,73.19859,342.86,0.47,0.48,2025-10-13,843,N,VIIRS,n,2,300.55,6.78,D,0
30.40487,73.57177,336.49,0.5,0.49,2025-10-13,843,N,VIIRS,n,2,306.7,2.92,D,0
30.40549,73.67305,333.52,0.5,0.49,2025-10-13,843,N,VIIRS,n,2,304.85,1.32,D,0
30.41054,73.39836,367,0.49,0.48,2025-10-13,843,N,VIIRS,h,2,307.89,10.96,D,0
30.41247,73.39545,342.88,0.49,0.48,2025-10-13,843,N,VIIRS,n,2,308.86,6.19,D,0
30.41295,73.40057,341.49,0.49,0.48,2025-10-13,843,N,VIIRS,n,2,303.89,6.19,D,0
30.43242,73.52615,342.62,0.49,0.49,2025-10-13,843,N,VIIRS,n,2,308.14,8.84,D,0
30.434,73.52863,343.55,0.5,0.49,2025-10-13,843,N,VIIRS,n,2,308.28,6.66,D,0
30.44389,73.58567,333.96,0.5,0.49,2025-10-13,843,N,VIIRS,n,2,304.93,2.46,D,0
30.46067,70.73792,332.03,0.52,0.42,2025-10-13,843,N,VIIRS,l,2,305.63,1.63,D,0
30.47664,73.59225,342.63,0.5,0.49,2025-10-13,843,N,VIIRS,n,2,304.55,4.82,D,0
30.47809,73.23337,338.82,0.48,0.48,2025-10-13,843,N,VIIRS,n,2,304.89,3.79,D,0
30.5151,73.7057,330.1,0.51,0.49,2025-10-13,843,N,VIIRS,l,2,301.76,6.1,D,0
30.52616,73.62892,335.24,0.5,0.49,2025-10-13,843,N,VIIRS,n,2,303.78,2.61,D,0
30.54229,73.60555,335.77,0.5,0.49,2025-10-13,843,N,VIIRS,n,2,306.54,3.56,D,0
30.5427,73.6078,337.22,0.5,0.49,2025-10-13,843,N,VIIRS,n,2,305.15,4.09,D,0
30.54483,73.82224,333.28,0.52,0.5,2025-10-13,843,N,VIIRS,n,2,305.93,4.14,D,0
30.54535,73.82767,352.28,0.52,0.5,2025-10-13,843,N,VIIRS,n,2,305.39,8.07,D,0
30.54875,73.42724,340.62,0.49,0.49,2025-10-13,843,N,VIIRS,n,2,302.11,4.15,D,0
30.55425,73.63318,336.96,0.5,0.49,2025-10-13,843,N,VIIRS,n,2,305.38,4.38,D,0
30.57459,73.80474,332.21,0.52,0.5,2025-10-13,843,N,VIIRS,l,2,304.97,3.42,D,0
30.59694,73.89623,340.78,0.52,0.5,2025-10-13,843,N,VIIRS,n,2,303.64,3.41,D,0
30.60537,73.68629,336.52,0.51,0.49,2025-10-13,843,N,VIIRS,n,2,304.63,2.54,D,0
30.61288,73.91668,335.42,0.52,0.5,2025-10-13,843,N,VIIRS,n,2,306.37,4.51,D,0
30.64011,73.80786,339.24,0.52,0.5,2025-10-13,843,N,VIIRS,n,2,304.32,6.29,D,0
30.64073,74.01481,330.13,0.53,0.5,2025-10-13,843,N,VIIRS,n,2,303.83,2.98,D,0
30.64384,73.99741,330.7,0.53,0.5,2025-10-13,843,N,VIIRS,l,2,303.04,4.26,D,0
30.67478,73.92613,330.28,0.53,0.5,2025-10-13,843,N,VIIRS,l,2,304.59,1.98,D,0
30.67712,73.8134,330.32,0.52,0.5,2025-10-13,843,N,VIIRS,l,2,302.8,3.67,D,0
30.68245,74.10705,331.69,0.54,0.51,2025-10-13,843,N,VIIRS,l,2,304.41,3.81,D,0
30.69333,73.8893,354.22,0.52,0.5,2025-10-13,843,N,VIIRS,n,2,305.02,9.89,D,0
30.70018,73.01407,340.66,0.47,0.47,2025-10-13,843,N,VIIRS,n,2,305.8,3.8,D,0
30.7026,73.88817,334.72,0.52,0.5,2025-10-13,843,N,VIIRS,n,2,304.05,2.59,D,0
30.70286,73.9952,332.73,0.53,0.5,2025-10-13,843,N,VIIRS,n,2,302.77,3.94,D,0
30.70336,74.00082,332.32,0.53,0.5,2025-10-13,843,N,VIIRS,n,2,303.43,3.94,D,0
30.72121,73.78595,337.05,0.52,0.5,2025-10-13,843,N,VIIRS,n,2,302.68,4.45,D,0
30.72429,73.76905,330.54,0.51,0.5,2025-10-13,843,N,VIIRS,n,2,302.16,2.71,D,0
30.7407,73.84453,336.24,0.52,0.5,2025-10-13,843,N,VIIRS,n,2,303.89,3.73,D,0
30.751,73.85446,347.03,0.52,0.5,2025-10-13,843,N,VIIRS,n,2,305.36,9.93,D,0
30.75124,73.71899,343.38,0.51,0.5,2025-10-13,843,N,VIIRS,n,2,303.82,6.47,D,0
30.75172,73.72441,331.9,0.51,0.5,2025-10-13,843,N,VIIRS,n,2,302.86,6.21,D,0
30.75234,73.72173,347.97,0.51,0.49,2025-10-13,843,N,VIIRS,n,2,305.01,9.55,D,0
30.75562,73.8539,347.18,0.52,0.5,2025-10-13,843,N,VIIRS,n,2,303.27,9.93,D,0
30.75764,73.82581,343.24,0.52,0.5,2025-10-13,843,N,VIIRS,n,2,306.33,4.73,D,0
30.75777,73.74014,338.99,0.51,0.5,2025-10-13,843,N,VIIRS,n,2,303.98,5.06,D,0
30.76047,74.10861,332.03,0.54,0.51,2025-10-13,843,N,VIIRS,n,2,302.75,1.59,D,0
30.76384,73.75591,337.52,0.51,0.5,2025-10-13,843,N,VIIRS,n,2,302.53,6.23,D,0
30.76519,73.75862,341.18,0.51,0.5,2025-10-13,843,N,VIIRS,n,2,302.22,4.48,D,0
30.78248,73.88982,335.46,0.52,0.5,2025-10-13,843,N,VIIRS,n,2,306.16,3.53,D,0
30.81387,74.0536,330.44,0.54,0.51,2025-10-13,843,N,VIIRS,n,2,305.02,3.26,D,0
30.83168,73.98856,333.67,0.53,0.5,2025-10-13,843,N,VIIRS,n,2,302.85,2.3,D,0
30.84245,74.10792,338.39,0.54,0.51,2025-10-13,843,N,VIIRS,n,2,304.27,5.73,D,0
30.86074,73.94537,335.98,0.53,0.5,2025-10-13,843,N,VIIRS,n,2,303.72,4.42,D,0
30.86491,74.19861,333.26,0.55,0.51,2025-10-13,843,N,VIIRS,n,2,302.86,5.82,D,0
30.86543,74.20442,332.49,0.55,0.51,2025-10-13,843,N,VIIRS,l,2,302.67,5.82,D,0
30.86957,74.3045,336,0.56,0.51,2025-10-13,843,N,VIIRS,n,2,304.85,6.63,D,0
30.88096,73.95998,347.54,0.53,0.5,2025-10-13,843,N,VIIRS,n,2,304.34,8.81,D,0
30.88332,73.95753,341.97,0.53,0.5,2025-10-13,843,N,VIIRS,n,2,304.79,11.48,D,0
30.89112,74.11964,331.23,0.54,0.51,2025-10-13,843,N,VIIRS,l,2,305.29,6.78,D,0
30.89243,74.11743,344.36,0.54,0.51,2025-10-13,843,N,VIIRS,n,2,305.97,6.31,D,0
30.91951,73.99312,340.51,0.53,0.5,2025-10-13,843,N,VIIRS,n,2,302.6,4.68,D,0
30.93629,74.46389,340.52,0.57,0.52,2025-10-13,843,N,VIIRS,n,2,303.75,6.13,D,0
30.94951,74.50524,340,0.57,0.52,2025-10-13,843,N,VIIRS,n,2,302.14,4.05,D,0
30.95021,74.50088,332.11,0.57,0.52,2025-10-13,843,N,VIIRS,n,2,301.82,5.86,D,0
30.97009,72.25343,332.92,0.42,0.46,2025-10-13,843,N,VIIRS,n,2,303.85,2.37,D,0
30.97713,70.75154,331.19,0.53,0.42,2025-10-13,843,N,VIIRS,l,2,306.07,3.17,D,0
31.0221,74.22896,340.07,0.55,0.51,2025-10-13,843,N,VIIRS,n,2,304.3,1.97,D,0
31.02212,74.23148,334.44,0.55,0.51,2025-10-13,843,N,VIIRS,n,2,304.38,2.42,D,0
31.03378,73.62446,330.6,0.51,0.49,2025-10-13,843,N,VIIRS,n,2,301.02,2.58,D,0
31.05029,74.33327,345.58,0.56,0.52,2025-10-13,843,N,VIIRS,n,2,306.11,6.9,D,0
31.10711,73.71911,333.33,0.52,0.5,2025-10-13,843,N,VIIRS,n,2,303.48,3.12,D,0
31.13979,73.3788,330.66,0.49,0.49,2025-10-13,843,N,VIIRS,l,2,305.61,4.86,D,0
31.19074,73.52501,349.94,0.5,0.49,2025-10-13,843,N,VIIRS,n,2,304.43,16.45,D,0
30.97861,70.75486,332.46,0.53,0.42,2025-10-13,844,N,VIIRS,l,2,304.96,3.08,D,0
31.38555,72.49085,332.69,0.44,0.46,2025-10-13,844,N,VIIRS,l,2,303.45,3.43,D,0
31.3874,72.48891,330.06,0.44,0.46,2025-10-13,844,N,VIIRS,l,2,302.09,1.25,D,0
31.41503,75.02615,330.05,0.62,0.54,2025-10-13,844,N,VIIRS,n,2,299.92,2.93,D,0
31.44643,72.66605,337.03,0.45,0.47,2025-10-13,844,N,VIIRS,n,2,304.64,5.2,D,0
31.45927,72.23688,349.72,0.43,0.46,2025-10-13,844,N,VIIRS,n,2,307.44,7.54,D,0
31.50694,75.09743,341,0.63,0.54,2025-10-13,844,N,VIIRS,n,2,302.27,14.52,D,0
31.51107,75.10201,341.35,0.63,0.54,2025-10-13,844,N,VIIRS,n,2,300.71,8.84,D,0
31.54942,73.45671,344.91,0.5,0.49,2025-10-13,844,N,VIIRS,n,2,305.24,6.83,D,0
31.57245,70.61287,337.85,0.53,0.42,2025-10-13,844,N,VIIRS,n,2,309.53,4.71,D,0
31.57631,70.61227,341.28,0.53,0.42,2025-10-13,844,N,VIIRS,n,2,306.73,4.63,D,0
31.6042,70.71738,331.3,0.54,0.42,2025-10-13,844,N,VIIRS,n,2,304.47,2.67,D,0
31.61636,70.64421,340.32,0.53,0.42,2025-10-13,844,N,VIIRS,n,2,305.63,6.14,D,0
31.61959,70.64577,344.19,0.53,0.42,2025-10-13,844,N,VIIRS,n,2,306.88,12.13,D,0
31.62023,70.64362,332.26,0.53,0.42,2025-10-13,844,N,VIIRS,n,2,304.17,6.14,D,0
31.62307,70.74352,334.21,0.54,0.42,2025-10-13,844,N,VIIRS,l,2,305.42,5.56,D,0
31.62315,70.74152,345.21,0.54,0.42,2025-10-13,844,N,VIIRS,n,2,305.58,6.4,D,0
31.62962,74.1255,331.65,0.55,0.51,2025-10-13,844,N,VIIRS,l,2,303.41,4.14,D,0
31.63375,70.6588,345.49,0.53,0.42,2025-10-13,844,N,VIIRS,n,2,307.09,5.85,D,0
31.63629,70.6815,331.19,0.54,0.42,2025-10-13,844,N,VIIRS,n,2,304.71,1.51,D,0
31.64794,70.67971,338.38,0.54,0.42,2025-10-13,844,N,VIIRS,n,2,304.29,7.51,D,0
31.65092,75.01826,330.2,0.63,0.54,2025-10-13,844,N,VIIRS,n,2,300.38,4.2,D,0
31.79484,74.08537,330.36,0.55,0.51,2025-10-13,844,N,VIIRS,l,2,300.78,7.59,D,0
31.80598,74.94653,330.35,0.62,0.54,2025-10-13,844,N,VIIRS,l,2,301.51,4.71,D,0
31.80628,74.94753,331.71,0.62,0.54,2025-10-13,844,N,VIIRS,n,2,301.6,5.01,D,0
31.80855,70.73515,340.53,0.54,0.42,2025-10-13,844,N,VIIRS,n,2,306.07,6.89,D,0
31.81108,74.16173,336.25,0.56,0.51,2025-10-13,844,N,VIIRS,n,2,301.92,5.85,D,0
31.81376,70.74605,334.07,0.54,0.42,2025-10-13,844,N,VIIRS,n,2,305.28,2.65,D,0
31.81707,74.34476,338.26,0.57,0.52,2025-10-13,844,N,VIIRS,n,2,299.29,23.12,D,0
31.81759,74.3509,344.71,0.57,0.52,2025-10-13,844,N,VIIRS,n,2,307.3,23.12,D,0
31.81906,73.17963,335.47,0.49,0.49,2025-10-13,844,N,VIIRS,n,2,304.54,4.2,D,0
31.82242,74.35035,342.92,0.57,0.52,2025-10-13,844,N,VIIRS,n,2,301.81,23.12,D,0
31.83868,74.14645,331.81,0.56,0.51,2025-10-13,844,N,VIIRS,n,2,299.74,2.32,D,0
31.84929,74.15733,346.23,0.56,0.51,2025-10-13,844,N,VIIRS,n,2,306.51,8.66,D,0
31.85342,74.1544,339.38,0.56,0.51,2025-10-13,844,N,VIIRS,n,2,302.67,8.79,D,0
31.85392,74.16039,339.92,0.56,0.51,2025-10-13,844,N,VIIRS,n,2,300.24,10.16,D,0
31.85407,74.15678,345.38,0.56,0.51,2025-10-13,844,N,VIIRS,n,2,302.41,8.66,D,0
31.86098,74.12936,334.89,0.56,0.51,2025-10-13,844,N,VIIRS,n,2,302.09,3.28,D,0
31.86147,74.13178,332.45,0.56,0.51,2025-10-13,844,N,VIIRS,l,2,302.54,3.54,D,0
31.8682,73.04987,356.41,0.48,0.48,2025-10-13,844,N,VIIRS,n,2,307.98,15.34,D,0
31.86987,73.04706,340.59,0.48,0.48,2025-10-13,844,N,VIIRS,n,2,303.37,7,D,0
31.87037,73.05222,340.69,0.48,0.48,2025-10-13,844,N,VIIRS,n,2,301.75,7,D,0
31.89505,74.07731,349.1,0.55,0.51,2025-10-13,844,N,VIIRS,n,2,306.13,13.74,D,0
31.89556,74.08325,335.28,0.55,0.51,2025-10-13,844,N,VIIRS,n,2,300.59,10.31,D,0
31.92212,73.84392,346.29,0.54,0.51,2025-10-13,844,N,VIIRS,n,2,300.85,7.16,D,0
31.9378,72.34023,342.18,0.44,0.46,2025-10-13,844,N,VIIRS,n,2,304.98,6.17,D,0
32.13926,73.71449,337.3,0.53,0.5,2025-10-13,844,N,VIIRS,n,2,299.79,6.19,D,0
32.2206,74.49081,330.26,0.59,0.53,2025-10-13,844,N,VIIRS,n,2,299.62,4.4,D,0
32.22277,74.48903,332.33,0.59,0.53,2025-10-13,844,N,VIIRS,n,2,299.67,3.66,D,0
32.27462,73.62099,332.29,0.53,0.5,2025-10-13,844,N,VIIRS,n,2,300.24,4.27,D,0
32.32466,74.03271,337.37,0.56,0.51,2025-10-13,844,N,VIIRS,n,2,299.39,3.34,D,0
32.32942,74.03216,341.97,0.56,0.51,2025-10-13,844,N,VIIRS,n,2,298.51,5.31,D,0
32.44803,72.98946,331.83,0.49,0.48,2025-10-13,844,N,VIIRS,n,2,303.54,3.13,D,0
32.57329,74.01212,331.11,0.56,0.51,2025-10-13,844,N,VIIRS,n,2,300.56,2.44,D,0
33.68824,72.7105,311.62,0.4,0.37,2025-10-13,2106,N,VIIRS,n,2,292.74,0.99,N,2
33.81619,72.72235,305.97,0.4,0.37,2025-10-13,2106,N,VIIRS,n,2,292.6,0.84,N,0
33.8509,72.87096,307.56,0.4,0.37,2025-10-13,2106,N,VIIRS,n,2,293.31,1.32,N,2
33.91096,71.46032,306.05,0.38,0.36,2025-10-13,2106,N,VIIRS,n,2,291.66,0.41,N,0
31.61505,74.37502,302.67,0.46,0.39,2025-10-13,2107,N,VIIRS,n,2,290.99,0.4,N,2
32.05812,74.26548,308.26,0.45,0.39,2025-10-13,2107,N,VIIRS,n,2,291.39,1.05,N,0
32.10141,74.1725,302.35,0.45,0.39,2025-10-13,2107,N,VIIRS,n,2,292.31,0.65,N,2
32.29271,70.7317,314.58,0.38,0.36,2025-10-13,2107,N,VIIRS,n,2,297.1,1.47,N,2
32.57513,72.56501,306.32,0.4,0.37,2025-10-13,2107,N,VIIRS,n,2,294.67,1.3,N,2
32.64478,72.975,303.11,0.41,0.37,2025-10-13,2107,N,VIIRS,n,2,292.94,0.6,N,0
32.65511,70.47351,310.9,0.39,0.36,2025-10-13,2107,N,VIIRS,n,2,294.76,0.73,N,0
32.88808,71.61451,316.11,0.39,0.36,2025-10-13,2107,N,VIIRS,n,2,296.33,1.99,N,2
33.27195,71.59032,304.83,0.39,0.36,2025-10-13,2107,N,VIIRS,n,2,294.33,0.46,N,0
28.42439,69.70034,326.59,0.38,0.36,2025-10-13,2108,N,VIIRS,n,2,294.61,2.3,N,2
29.94986,70.67924,305.02,0.39,0.36,2025-10-13,2108,N,VIIRS,n,2,292.14,1.03,N,0
28.40431,75.30322,339.23,0.49,0.4,2025-10-14,824,N,VIIRS,n,2,311.56,1.83,D,0
28.42409,69.70165,335.74,0.4,0.37,2025-10-14,824,N,VIIRS,n,2,310.21,3.06,D,2
29.24008,71.44704,337.68,0.39,0.36,2025-10-14,824,N,VIIRS,n,2,304,2.03,D,0
29.31845,73.45827,333.89,0.42,0.38,2025-10-14,824,N,VIIRS,l,2,308.49,0.91,D,0
29.32006,73.45953,335.74,0.42,0.38,2025-10-14,824,N,VIIRS,n,2,307.7,2.23,D,0
29.38585,70.54259,336.02,0.39,0.36,2025-10-14,824,N,VIIRS,l,2,306.63,3.99,D,0
29.39712,74.67324,335.41,0.47,0.4,2025-10-14,824,N,VIIRS,l,2,307.73,4.39,D,0
29.53287,74.54586,345.76,0.46,0.39,2025-10-14,824,N,VIIRS,n,2,305.46,6.67,D,0
29.55201,74.43593,331.69,0.46,0.39,2025-10-14,824,N,VIIRS,l,2,304.9,1.98,D,0
29.55327,74.43758,336.16,0.46,0.39,2025-10-14,824,N,VIIRS,n,2,305.34,3.63,D,0
29.56846,73.92927,338.61,0.44,0.38,2025-10-14,824,N,VIIRS,n,2,312.6,4.64,D,0
29.59118,71.83406,334.16,0.39,0.36,2025-10-14,824,N,VIIRS,n,2,305.74,2.13,D,0
29.6496,71.60986,346.3,0.39,0.36,2025-10-14,824,N,VIIRS,n,2,311.95,9.78,D,0
29.7182,70.52042,334.65,0.38,0.36,2025-10-14,824,N,VIIRS,n,2,306.98,1.11,D,0
29.74385,71.49355,332.53,0.39,0.36,2025-10-14,824,N,VIIRS,l,2,305.29,4.5,D,0
29.80644,74.83365,338.04,0.48,0.4,2025-10-14,824,N,VIIRS,n,2,310.03,4.45,D,0
29.83382,74.17368,337.09,0.45,0.39,2025-10-14,824,N,VIIRS,n,2,310.27,1.05,D,0
29.86836,71.62567,338.28,0.39,0.36,2025-10-14,824,N,VIIRS,l,2,310.27,6.04,D,0
29.8767,72.81071,332.89,0.41,0.37,2025-10-14,824,N,VIIRS,n,2,304.07,1.6,D,0
29.89579,71.28843,345.81,0.39,0.36,2025-10-14,824,N,VIIRS,n,2,308,8.19,D,0
29.89622,72.16267,335.97,0.39,0.37,2025-10-14,824,N,VIIRS,n,2,306.42,3.43,D,0
29.94637,71.49158,350.63,0.39,0.36,2025-10-14,824,N,VIIRS,n,2,314.14,20.71,D,0
29.95082,72.5705,344.41,0.4,0.37,2025-10-14,824,N,VIIRS,n,2,310.16,7.68,D,0
29.96471,71.50033,330.94,0.39,0.36,2025-10-14,824,N,VIIRS,l,2,304.98,1.63,D,0
30.00957,71.43925,334.93,0.39,0.36,2025-10-14,824,N,VIIRS,l,2,305.06,3.08,D,0
30.01283,73.11834,333.19,0.42,0.37,2025-10-14,824,N,VIIRS,l,2,307.83,3.27,D,0
30.03248,73.34156,333.66,0.42,0.38,2025-10-14,824,N,VIIRS,l,2,307.42,2.58,D,0
30.03594,73.34094,345.63,0.42,0.38,2025-10-14,824,N,VIIRS,n,2,311.36,12.62,D,0
30.03654,73.34533,335.28,0.42,0.38,2025-10-14,824,N,VIIRS,n,2,304.4,8.53,D,0
30.0921,72.70891,331.27,0.41,0.37,2025-10-14,824,N,VIIRS,n,2,305.74,1.15,D,0
30.14475,73.42659,340.33,0.43,0.38,2025-10-14,824,N,VIIRS,l,2,312.22,13.84,D,0
30.14684,73.08743,334.82,0.42,0.37,2025-10-14,824,N,VIIRS,l,2,307.39,6.69,D,0
30.14823,73.42598,334.2,0.43,0.38,2025-10-14,824,N,VIIRS,l,2,305.71,4.34,D,0
30.15132,73.01608,336.8,0.41,0.37,2025-10-14,824,N,VIIRS,l,2,310.29,7.61,D,0
30.15613,72.87071,349.24,0.41,0.37,2025-10-14,824,N,VIIRS,n,2,310.44,12.05,D,0
30.18397,72.71807,341.2,0.41,0.37,2025-10-14,824,N,VIIRS,n,2,306.75,3.6,D,0
30.18573,72.73073,334.15,0.41,0.37,2025-10-14,824,N,VIIRS,n,2,304.48,1.8,D,0
30.18657,73.17348,334.8,0.42,0.38,2025-10-14,824,N,VIIRS,n,2,306.87,4.64,D,0
30.18715,73.17782,333.38,0.42,0.38,2025-10-14,824,N,VIIRS,n,2,305.73,6.12,D,0
30.18737,72.71745,330.09,0.41,0.37,2025-10-14,824,N,VIIRS,n,2,304.04,1.23,D,0
30.21584,72.67059,333.68,0.41,0.37,2025-10-14,824,N,VIIRS,l,2,305.62,2.43,D,0
30.21681,72.47717,332.6,0.4,0.37,2025-10-14,824,N,VIIRS,n,2,305.95,1.49,D,0
30.21923,72.66996,332.06,0.41,0.37,2025-10-14,824,N,VIIRS,l,2,305.41,3.2,D,0
30.23232,72.91981,334.18,0.41,0.37,2025-10-14,824,N,VIIRS,n,2,307.14,2.88,D,0
30.2329,72.9241,336.1,0.41,0.37,2025-10-14,824,N,VIIRS,n,2,305.85,3.5,D,0
30.26579,73.11674,330.86,0.42,0.37,2025-10-14,824,N,VIIRS,l,2,303.88,1.59,D,0
30.286,72.92768,340.25,0.41,0.37,2025-10-14,824,N,VIIRS,n,2,303.06,4.79,D,0
30.32546,73.08834,335.05,0.42,0.37,2025-10-14,824,N,VIIRS,n,2,306.94,2.8,D,0
30.32839,73.34761,330.43,0.42,0.38,2025-10-14,824,N,VIIRS,l,2,304.64,1.35,D,0
30.3344,73.02472,339.19,0.42,0.37,2025-10-14,824,N,VIIRS,n,2,307.5,1.8,D,0
30.35138,73.6039,346.91,0.43,0.38,2025-10-14,824,N,VIIRS,n,2,307.99,5.76,D,0
30.3685,71.18863,342.32,0.39,0.36,2025-10-14,824,N,VIIRS,l,2,313.57,4.63,D,0
30.37181,72.92169,331.03,0.41,0.37,2025-10-14,824,N,VIIRS,n,2,303.98,1.58,D,0
30.37322,73.41685,331.96,0.43,0.38,2025-10-14,824,N,VIIRS,l,2,305.42,1.51,D,0
30.37571,71.19131,341.09,0.39,0.36,2025-10-14,824,N,VIIRS,n,2,313.44,5.46,D,0
30.3795,72.82384,331.08,0.41,0.37,2025-10-14,824,N,VIIRS,n,2,304.73,2.06,D,0
30.38026,73.44296,334.71,0.43,0.38,2025-10-14,824,N,VIIRS,n,2,305.3,2.02,D,0
30.3807,73.39282,335.9,0.43,0.38,2025-10-14,824,N,VIIRS,l,2,308.54,28.58,D,0
30.38721,73.19411,347.87,0.42,0.38,2025-10-14,824,N,VIIRS,n,2,306.89,4.4,D,0
30.39067,73.1935,346.96,0.42,0.38,2025-10-14,824,N,VIIRS,n,2,305.47,5.51,D,0
30.39288,73.13052,339.21,0.42,0.38,2025-10-14,824,N,VIIRS,n,2,305.76,4.09,D,0
30.39423,72.80369,341.3,0.41,0.37,2025-10-14,824,N,VIIRS,n,2,308.45,9.49,D,0
30.40454,73.21796,334.67,0.42,0.38,2025-10-14,824,N,VIIRS,n,2,305.9,2.76,D,0
30.41142,72.82681,347.51,0.41,0.37,2025-10-14,824,N,VIIRS,n,2,311.14,9.97,D,0
30.41163,73.35206,330.62,0.43,0.38,2025-10-14,824,N,VIIRS,l,2,305.2,3,D,0
30.41471,73.64846,339.36,0.44,0.38,2025-10-14,824,N,VIIRS,n,2,308.56,4.2,D,0
30.41979,73.57933,346.16,0.43,0.38,2025-10-14,824,N,VIIRS,n,2,307.35,8.71,D,0
30.42038,73.58385,333.74,0.43,0.38,2025-10-14,824,N,VIIRS,l,2,304.56,3.45,D,0
30.42389,73.58324,335.1,0.43,0.38,2025-10-14,824,N,VIIRS,l,2,305.16,3.45,D,0
30.42707,73.22744,339.78,0.42,0.38,2025-10-14,824,N,VIIRS,n,2,306.42,6.26,D,0
30.45067,73.45909,334.06,0.43,0.38,2025-10-14,824,N,VIIRS,n,2,306.32,2.35,D,0
30.46269,73.17625,334.52,0.42,0.38,2025-10-14,824,N,VIIRS,l,2,305.93,2.9,D,0
30.47517,72.28157,334.75,0.4,0.37,2025-10-14,824,N,VIIRS,n,2,305.59,2.97,D,0
30.47854,72.28094,336.36,0.4,0.37,2025-10-14,824,N,VIIRS,n,2,304.66,2.97,D,0
30.48553,73.42558,331.27,0.43,0.38,2025-10-14,824,N,VIIRS,l,2,306.15,1.91,D,0
30.4908,73.43836,334.86,0.43,0.38,2025-10-14,824,N,VIIRS,n,2,305.56,1.32,D,0
30.49736,73.81781,337.86,0.44,0.39,2025-10-14,824,N,VIIRS,n,2,306.39,3.68,D,0
30.4974,73.90298,338.98,0.45,0.39,2025-10-14,824,N,VIIRS,n,2,305.69,4.49,D,0
30.50011,72.11565,330.42,0.4,0.37,2025-10-14,824,N,VIIRS,n,2,304.6,1.19,D,0
30.50091,73.8172,336.92,0.44,0.39,2025-10-14,824,N,VIIRS,n,2,303.08,4.26,D,0
30.50096,73.90239,340.57,0.45,0.39,2025-10-14,824,N,VIIRS,n,2,305.75,4.49,D,0
30.5021,73.82643,346.6,0.44,0.39,2025-10-14,824,N,VIIRS,n,2,302.23,7.73,D,0
30.50928,73.99638,333.38,0.45,0.39,2025-10-14,824,N,VIIRS,n,2,304.54,2.48,D,0
30.51116,73.61904,334.93,0.44,0.38,2025-10-14,824,N,VIIRS,n,2,305.7,3.53,D,0
30.5113,73.6748,331.52,0.44,0.38,2025-10-14,824,N,VIIRS,l,2,305.76,1.57,D,0
30.52836,73.39201,335.07,0.43,0.38,2025-10-14,824,N,VIIRS,n,2,305.74,2.58,D,0
30.53459,73.27732,334.99,0.42,0.38,2025-10-14,824,N,VIIRS,n,2,307.88,1.83,D,0
30.53481,73.57935,345.02,0.43,0.38,2025-10-14,824,N,VIIRS,n,2,308.99,9.31,D,0
30.53765,73.7139,338.39,0.44,0.38,2025-10-14,824,N,VIIRS,n,2,311.01,5.34,D,0
30.53786,73.71225,342.11,0.44,0.38,2025-10-14,824,N,VIIRS,n,2,311.12,6.63,D,0
30.53806,73.27671,332.57,0.42,0.38,2025-10-14,824,N,VIIRS,l,2,303.78,1.4,D,0
30.53823,73.38571,342.92,0.43,0.38,2025-10-14,824,N,VIIRS,n,2,308.54,4.93,D,0
30.53833,73.57874,330.34,0.43,0.38,2025-10-14,824,N,VIIRS,l,2,303.9,9.31,D,0
30.53962,73.97688,337.52,0.45,0.39,2025-10-14,824,N,VIIRS,n,2,305.95,6.94,D,0
30.54118,73.71329,336.43,0.44,0.38,2025-10-14,824,N,VIIRS,n,2,304.82,5.34,D,0
30.54139,73.71165,339.94,0.44,0.38,2025-10-14,824,N,VIIRS,n,2,307.59,6.63,D,0
30.54706,73.83766,331.05,0.44,0.39,2025-10-14,824,N,VIIRS,n,2,305.98,2.01,D,0
30.55046,73.39725,342.06,0.43,0.38,2025-10-14,824,N,VIIRS,n,2,305.81,3.68,D,0
30.551,73.37434,335.78,0.43,0.38,2025-10-14,824,N,VIIRS,n,2,305.85,5.77,D,0
30.56471,73.69986,336.51,0.44,0.38,2025-10-14,824,N,VIIRS,l,2,306.83,5.53,D,0
30.56648,73.68553,344.93,0.44,0.38,2025-10-14,824,N,VIIRS,n,2,311.05,19.43,D,0
30.56766,73.69468,343.43,0.44,0.38,2025-10-14,824,N,VIIRS,n,2,305.63,8.54,D,0
30.56824,73.69925,335.6,0.44,0.38,2025-10-14,824,N,VIIRS,l,2,306.58,5.53,D,0
30.57119,73.69408,341.84,0.44,0.38,2025-10-14,824,N,VIIRS,n,2,304.41,4.38,D,0
30.57354,73.79704,333.01,0.44,0.39,2025-10-14,824,N,VIIRS,n,2,304.4,3.3,D,0
30.57412,73.80166,333.29,0.44,0.39,2025-10-14,824,N,VIIRS,n,2,305.71,4.01,D,0
30.57558,73.45238,336.7,0.43,0.38,2025-10-14,824,N,VIIRS,n,2,305.37,5.17,D,0
30.57764,73.85784,335.67,0.44,0.39,2025-10-14,824,N,VIIRS,n,2,304.28,4.33,D,0
30.58888,73.74731,339.03,0.44,0.38,2025-10-14,824,N,VIIRS,n,2,309.51,4.34,D,0
30.58975,73.31747,331.18,0.43,0.38,2025-10-14,824,N,VIIRS,l,2,304.19,1.39,D,0
30.5935,73.39886,337.34,0.43,0.38,2025-10-14,824,N,VIIRS,l,2,308.6,7.29,D,0
30.59652,73.7225,331.9,0.44,0.38,2025-10-14,824,N,VIIRS,l,2,304.69,3.07,D,0
30.59933,73.63319,337.89,0.44,0.38,2025-10-14,824,N,VIIRS,n,2,304.82,4.53,D,0
30.59955,73.85884,344.66,0.45,0.39,2025-10-14,824,N,VIIRS,n,2,306.49,7.93,D,0
30.60722,73.50206,340.45,0.43,0.38,2025-10-14,824,N,VIIRS,n,2,305.65,3.75,D,0
30.61225,73.43221,348.7,0.43,0.38,2025-10-14,824,N,VIIRS,n,2,310.36,8.52,D,0
30.61264,73.43325,349.75,0.43,0.38,2025-10-14,824,N,VIIRS,n,2,310.21,8.3,D,0
30.61312,73.5195,333.71,0.43,0.38,2025-10-14,824,N,VIIRS,n,2,304.42,1.24,D,0
30.61491,73.53304,338.91,0.43,0.38,2025-10-14,824,N,VIIRS,n,2,306.29,3.2,D,0
30.62569,73.92107,336.93,0.45,0.39,2025-10-14,824,N,VIIRS,n,2,308.16,7.45,D,0
30.62629,73.92574,332.62,0.45,0.39,2025-10-14,824,N,VIIRS,n,2,304.43,5.38,D,0
30.62988,73.95384,331.02,0.45,0.39,2025-10-14,824,N,VIIRS,l,2,304.66,2.15,D,0
30.63927,73.63562,332.95,0.44,0.38,2025-10-14,824,N,VIIRS,n,2,302.32,2.41,D,0
30.63987,73.64018,334.09,0.44,0.38,2025-10-14,824,N,VIIRS,n,2,302.85,2.77,D,0
30.63995,73.91866,330.54,0.45,0.39,2025-10-14,824,N,VIIRS,l,2,304.83,1.87,D,0
30.64235,73.63633,337.01,0.44,0.38,2025-10-14,824,N,VIIRS,n,2,309.09,23.85,D,0
30.65868,73.81086,338.73,0.44,0.39,2025-10-14,824,N,VIIRS,n,2,305.66,3.55,D,0
30.66102,73.81184,339.64,0.44,0.39,2025-10-14,824,N,VIIRS,n,2,305.49,5.11,D,0
30.66692,73.8298,344.24,0.44,0.39,2025-10-14,824,N,VIIRS,n,2,304.86,3.21,D,0
30.66993,73.76774,336.64,0.44,0.39,2025-10-14,824,N,VIIRS,n,2,303.86,3.78,D,0
30.67226,73.81464,334.11,0.44,0.39,2025-10-14,824,N,VIIRS,n,2,304.36,2.73,D,0
30.67341,73.85245,332.9,0.45,0.39,2025-10-14,824,N,VIIRS,n,2,301.84,1.7,D,0
30.67385,73.92725,347.13,0.45,0.39,2025-10-14,824,N,VIIRS,n,2,308.87,10.8,D,0
30.67509,73.92374,335.9,0.45,0.39,2025-10-14,824,N,VIIRS,l,2,306.81,8.03,D,0
30.67568,73.92842,333.84,0.45,0.39,2025-10-14,824,N,VIIRS,l,2,305.39,5.76,D,0
30.68818,73.91193,334.66,0.45,0.39,2025-10-14,824,N,VIIRS,n,2,304.5,3.09,D,0
30.70096,73.561,347.22,0.44,0.38,2025-10-14,824,N,VIIRS,n,2,306.63,6.96,D,0
30.70414,74.03913,331.17,0.45,0.39,2025-10-14,824,N,VIIRS,n,2,303.19,2.56,D,0
30.70591,74.05335,331.79,0.45,0.39,2025-10-14,824,N,VIIRS,n,2,302.44,2.66,D,0
30.706,73.93765,330.33,0.45,0.39,2025-10-14,824,N,VIIRS,n,2,303.72,1.94,D,0
30.70977,73.57341,335.4,0.44,0.38,2025-10-14,824,N,VIIRS,n,2,305.2,4.14,D,0
30.71489,73.83585,336.2,0.45,0.39,2025-10-14,824,N,VIIRS,n,2,305.79,4.73,D,0
30.71706,73.6843,343.53,0.44,0.38,2025-10-14,824,N,VIIRS,n,2,307.69,4.43,D,0
30.71968,73.93052,339.76,0.45,0.39,2025-10-14,824,N,VIIRS,n,2,301.12,76.41,D,0
30.72326,73.9876,333.73,0.45,0.39,2025-10-14,824,N,VIIRS,n,2,302.79,2.16,D,0
30.73344,73.64398,338.04,0.44,0.38,2025-10-14,824,N,VIIRS,n,2,305.96,6.14,D,0
30.73697,73.64337,335.07,0.44,0.38,2025-10-14,824,N,VIIRS,n,2,304.39,2.84,D,0
30.7375,73.89877,331.83,0.45,0.39,2025-10-14,824,N,VIIRS,l,2,304.19,2.68,D,0
30.74117,74.01353,335.12,0.45,0.39,2025-10-14,824,N,VIIRS,n,2,306.61,5.49,D,0
30.74298,74.20337,333.79,0.46,0.39,2025-10-14,824,N,VIIRS,l,2,304.19,3.09,D,0
30.74306,73.71745,336.42,0.44,0.38,2025-10-14,824,N,VIIRS,n,2,303.84,2.59,D,0
30.74939,73.90632,335,0.45,0.39,2025-10-14,824,N,VIIRS,n,2,303.16,2.72,D,0
30.75104,73.83443,336.71,0.45,0.39,2025-10-14,824,N,VIIRS,n,2,303.16,2.61,D,0
30.7517,73.86768,345.06,0.45,0.39,2025-10-14,824,N,VIIRS,n,2,307.32,7.29,D,0
30.75526,73.86709,339.25,0.45,0.39,2025-10-14,824,N,VIIRS,n,2,303.13,7.29,D,0
30.76388,73.76582,338.67,0.44,0.39,2025-10-14,824,N,VIIRS,n,2,307.46,4.13,D,0
30.76448,73.77045,333.24,0.44,0.39,2025-10-14,824,N,VIIRS,n,2,303.94,1.87,D,0
30.7717,74.05197,337.62,0.45,0.39,2025-10-14,824,N,VIIRS,n,2,303.11,4.53,D,0
30.77193,73.88335,338.42,0.45,0.39,2025-10-14,824,N,VIIRS,n,2,303.71,3.34,D,0
30.7759,74.05612,333.03,0.45,0.39,2025-10-14,824,N,VIIRS,n,2,303.22,2.73,D,0
30.77808,73.95907,334.27,0.45,0.39,2025-10-14,824,N,VIIRS,n,2,304.55,4.91,D,0
30.78105,73.95376,339.78,0.45,0.39,2025-10-14,824,N,VIIRS,n,2,304.24,7.04,D,0
30.83801,74.34126,342.5,0.47,0.4,2025-10-14,824,N,VIIRS,n,2,307.1,20.82,D,0
30.55177,71.79182,342.11,0.39,0.36,2025-10-14,825,N,VIIRS,n,2,306.32,3.85,D,0
30.69724,73.01308,334.51,0.42,0.38,2025-10-14,825,N,VIIRS,n,2,306.47,3.1,D,0
30.69782,73.01743,334.69,0.42,0.38,2025-10-14,825,N,VIIRS,n,2,306.61,3.1,D,0
30.72472,72.98138,337.75,0.42,0.37,2025-10-14,825,N,VIIRS,n,2,306.11,2.77,D,0
30.73505,72.97952,346.75,0.42,0.37,2025-10-14,825,N,VIIRS,n,2,305.23,6.48,D,0
30.73879,71.73159,333.34,0.39,0.36,2025-10-14,825,N,VIIRS,n,2,305.1,4.56,D,0
30.73938,71.73566,332.87,0.39,0.36,2025-10-14,825,N,VIIRS,n,2,305.6,4.56,D,0
30.74989,73.63415,330.51,0.44,0.38,2025-10-14,825,N,VIIRS,l,2,304.39,2.36,D,0
30.76273,73.76376,336.07,0.44,0.39,2025-10-14,825,N,VIIRS,n,2,307.01,3.71,D,0
30.76686,73.76779,334.74,0.44,0.39,2025-10-14,825,N,VIIRS,n,2,303.48,3.74,D,0
30.77133,70.73981,343.32,0.38,0.36,2025-10-14,825,N,VIIRS,n,2,307.81,3.97,D,0
30.77382,73.88084,339.54,0.45,0.39,2025-10-14,825,N,VIIRS,n,2,302.99,2.52,D,0
30.77929,73.69481,330.56,0.44,0.38,2025-10-14,825,N,VIIRS,l,2,303.13,2.16,D,0
30.78106,73.73696,344.37,0.44,0.39,2025-10-14,825,N,VIIRS,n,2,311.8,25.01,D,0
30.79404,73.72527,334.39,0.44,0.38,2025-10-14,825,N,VIIRS,n,2,306.37,4.45,D,0
30.79463,73.7299,334.9,0.44,0.39,2025-10-14,825,N,VIIRS,n,2,305.6,5.93,D,0
30.79638,73.19777,336.05,0.42,0.38,2025-10-14,825,N,VIIRS,n,2,303.39,3.21,D,0
30.79748,73.19852,334.23,0.42,0.38,2025-10-14,825,N,VIIRS,n,2,303.16,3.56,D,0
30.79988,73.97252,338.47,0.45,0.39,2025-10-14,825,N,VIIRS,n,2,304.19,4.26,D,0
30.80946,73.84609,335.77,0.45,0.39,2025-10-14,825,N,VIIRS,n,2,305.08,3.28,D,0
30.81301,73.81687,334.04,0.45,0.39,2025-10-14,825,N,VIIRS,l,2,304.66,2.87,D,0
30.81599,73.8976,336.09,0.45,0.39,2025-10-14,825,N,VIIRS,n,2,305.34,4.35,D,0
30.82145,70.73373,338.21,0.38,0.36,2025-10-14,825,N,VIIRS,l,2,309.09,7.96,D,0
30.82205,70.73773,336.34,0.38,0.36,2025-10-14,825,N,VIIRS,l,2,310.63,10.15,D,0
30.82421,74.13866,333.81,0.46,0.39,2025-10-14,825,N,VIIRS,n,2,303.41,3.83,D,0
30.82478,73.35336,330.97,0.43,0.38,2025-10-14,825,N,VIIRS,l,2,302.87,2.45,D,0
30.82659,74.15788,339.79,0.46,0.39,2025-10-14,825,N,VIIRS,n,2,305.06,6.11,D,0
30.82789,74.05015,333.23,0.45,0.39,2025-10-14,825,N,VIIRS,n,2,303.09,2.62,D,0
30.83141,73.84712,335.19,0.45,0.39,2025-10-14,825,N,VIIRS,n,2,304.1,4.45,D,0
30.83743,73.92278,333.52,0.45,0.39,2025-10-14,825,N,VIIRS,n,2,303.57,3.47,D,0
30.83776,74.33939,342.16,0.47,0.4,2025-10-14,825,N,VIIRS,n,2,307.51,23.08,D,0
30.84164,74.13082,337.25,0.46,0.39,2025-10-14,825,N,VIIRS,l,2,308.57,28.25,D,0
30.84397,73.91686,332.37,0.45,0.39,2025-10-14,825,N,VIIRS,l,2,304.14,4.82,D,0
30.84623,74.34797,345.33,0.47,0.4,2025-10-14,825,N,VIIRS,n,2,305.58,7.2,D,0
30.8566,74.01617,335.51,0.45,0.39,2025-10-14,825,N,VIIRS,n,2,303.39,3.68,D,0
30.8572,74.02091,336.62,0.45,0.39,2025-10-14,825,N,VIIRS,n,2,303.52,3.68,D,0
30.86043,73.54604,346.14,0.44,0.38,2025-10-14,825,N,VIIRS,n,2,303.72,6.52,D,0
30.8611,73.85161,340.73,0.45,0.39,2025-10-14,825,N,VIIRS,n,2,302.4,3.33,D,0
30.87126,73.87382,338.76,0.45,0.39,2025-10-14,825,N,VIIRS,n,2,307.19,2.73,D,0
30.88381,73.47685,345.94,0.43,0.38,2025-10-14,825,N,VIIRS,n,2,304.15,7.76,D,0
30.88759,73.97217,344.81,0.45,0.39,2025-10-14,825,N,VIIRS,n,2,305.49,9.01,D,0
30.90945,74.08518,333.17,0.46,0.39,2025-10-14,825,N,VIIRS,n,2,303.42,2.19,D,0
30.90975,74.08185,330.88,0.46,0.39,2025-10-14,825,N,VIIRS,l,2,303.09,2.04,D,0
30.91525,74.00779,332.78,0.45,0.39,2025-10-14,825,N,VIIRS,n,2,301.71,2.36,D,0
30.91632,74.10524,333.68,0.46,0.39,2025-10-14,825,N,VIIRS,n,2,302.28,2.39,D,0
30.93146,74.49543,332.47,0.48,0.4,2025-10-14,825,N,VIIRS,n,2,301.35,2.12,D,0
30.93942,74.32437,333.43,0.47,0.4,2025-10-14,825,N,VIIRS,n,2,303.41,0.89,D,0
30.94205,73.56459,333.34,0.44,0.38,2025-10-14,825,N,VIIRS,l,2,303.72,4.08,D,0
30.94334,74.11542,339.71,0.46,0.39,2025-10-14,825,N,VIIRS,n,2,304.79,9.52,D,0
30.95438,73.52199,330.56,0.44,0.38,2025-10-14,825,N,VIIRS,n,2,302.31,2.71,D,0
30.98425,74.4481,331.69,0.47,0.4,2025-10-14,825,N,VIIRS,l,2,303.65,2.26,D,0
30.98608,74.16245,339.75,0.46,0.39,2025-10-14,825,N,VIIRS,n,2,303.52,5.37,D,0
30.98919,74.3362,335.38,0.47,0.4,2025-10-14,825,N,VIIRS,n,2,303.92,2.84,D,0
31.00604,74.20364,335.23,0.46,0.39,2025-10-14,825,N,VIIRS,n,2,302.33,3.43,D,0
31.01167,74.33751,330.24,0.47,0.4,2025-10-14,825,N,VIIRS,n,2,302.89,2.19,D,0
31.01451,74.21217,347.04,0.46,0.39,2025-10-14,825,N,VIIRS,n,2,305.18,7.07,D,0
31.02778,74.20003,338.18,0.46,0.39,2025-10-14,825,N,VIIRS,n,2,303.08,4.12,D,0
31.02786,74.19724,332.92,0.46,0.39,2025-10-14,825,N,VIIRS,n,2,301.74,4.02,D,0
31.03862,70.78163,339.24,0.38,0.36,2025-10-14,825,N,VIIRS,n,2,305.37,1.6,D,0
31.05981,74.24665,338.84,0.47,0.39,2025-10-14,825,N,VIIRS,n,2,303.65,4.83,D,0
31.09058,74.10751,332.09,0.46,0.39,2025-10-14,825,N,VIIRS,n,2,302.78,2.66,D,0
31.09832,74.627,334.19,0.48,0.4,2025-10-14,825,N,VIIRS,l,2,307.57,2.54,D,0
31.10435,74.07076,337.02,0.46,0.39,2025-10-14,825,N,VIIRS,n,2,303.52,4.55,D,0
31.11923,74.67565,330.77,0.49,0.4,2025-10-14,825,N,VIIRS,l,2,303.47,2.5,D,0
31.12477,74.35132,340.82,0.47,0.4,2025-10-14,825,N,VIIRS,n,2,307.62,16.8,D,0
31.13756,70.76589,339.56,0.38,0.36,2025-10-14,825,N,VIIRS,n,2,307.25,2.77,D,0
31.13802,73.66572,335.39,0.44,0.39,2025-10-14,825,N,VIIRS,n,2,301.22,4.31,D,0
31.13857,74.25352,331.82,0.47,0.39,2025-10-14,825,N,VIIRS,n,2,304.61,2.24,D,0
31.14189,73.36485,339.31,0.43,0.38,2025-10-14,825,N,VIIRS,n,2,303.81,3.82,D,0
31.15621,74.54513,333.08,0.48,0.4,2025-10-14,825,N,VIIRS,n,2,302.47,1.82,D,0
31.15635,74.37344,330.07,0.47,0.4,2025-10-14,825,N,VIIRS,l,2,304.65,3.4,D,0
31.15741,74.52433,331.34,0.48,0.4,2025-10-14,825,N,VIIRS,n,2,300.12,1.9,D,0
31.16061,74.37781,335.98,0.47,0.4,2025-10-14,825,N,VIIRS,n,2,303.9,3.48,D,0
31.16138,74.37564,334.89,0.47,0.4,2025-10-14,825,N,VIIRS,n,2,303.43,3.22,D,0
31.16171,74.52878,336.62,0.48,0.4,2025-10-14,825,N,VIIRS,n,2,302.07,3.17,D,0
31.18818,73.49815,341.24,0.44,0.38,2025-10-14,825,N,VIIRS,n,2,302.61,7.35,D,0
31.20268,74.38609,332.3,0.47,0.4,2025-10-14,825,N,VIIRS,n,2,301.14,3.66,D,0
31.23915,73.78398,339.83,0.45,0.39,2025-10-14,825,N,VIIRS,n,2,302.35,3.88,D,0
31.26453,75.06612,334.55,0.51,0.41,2025-10-14,825,N,VIIRS,n,2,302.11,4.49,D,0
31.26666,74.696,330.17,0.49,0.4,2025-10-14,825,N,VIIRS,n,2,302.68,2.09,D,0
31.31177,73.2365,344.96,0.43,0.38,2025-10-14,825,N,VIIRS,n,2,303.73,5.15,D,0
31.32486,70.72908,335.68,0.38,0.36,2025-10-14,825,N,VIIRS,n,2,307.46,3.51,D,0
31.33477,74.52591,331.36,0.48,0.4,2025-10-14,825,N,VIIRS,l,2,303.25,4.1,D,0
31.34253,70.68816,335.6,0.38,0.36,2025-10-14,825,N,VIIRS,n,2,308.6,3.17,D,0
31.36935,74.6244,332.6,0.49,0.4,2025-10-14,825,N,VIIRS,n,2,301.77,3.68,D,0
31.37535,70.7478,337.25,0.38,0.36,2025-10-14,825,N,VIIRS,n,2,307.08,2.28,D,0
31.37601,74.52437,334.87,0.48,0.4,2025-10-14,825,N,VIIRS,n,2,302.2,2.64,D,0
31.38241,70.65922,332.76,0.38,0.36,2025-10-14,825,N,VIIRS,l,2,305.89,1.88,D,0
31.38622,72.65506,333.55,0.41,0.37,2025-10-14,825,N,VIIRS,n,2,304.77,2.6,D,0
31.38668,70.68742,333.64,0.38,0.36,2025-10-14,825,N,VIIRS,n,2,306.09,3.01,D,0
31.39814,70.71825,343.16,0.38,0.36,2025-10-14,825,N,VIIRS,n,2,307.79,5.03,D,0
31.39875,72.48909,342.17,0.41,0.37,2025-10-14,825,N,VIIRS,n,2,305.63,5.09,D,0
31.4037,70.93728,335.06,0.39,0.36,2025-10-14,825,N,VIIRS,l,2,306.65,2.96,D,0
31.43939,75.14643,339.42,0.52,0.41,2025-10-14,825,N,VIIRS,n,2,301.55,3.89,D,0
31.44057,74.76938,331.71,0.5,0.41,2025-10-14,825,N,VIIRS,n,2,300.01,2.68,D,0
31.48916,74.69779,333.28,0.49,0.4,2025-10-14,825,N,VIIRS,n,2,300.72,6.19,D,0
31.49629,70.69443,332.81,0.38,0.36,2025-10-14,825,N,VIIRS,n,2,306.76,1.39,D,0
31.50098,74.70119,337.82,0.49,0.4,2025-10-14,825,N,VIIRS,n,2,301.08,6.9,D,0
31.50674,74.81223,335.32,0.5,0.41,2025-10-14,825,N,VIIRS,n,2,301.95,9.81,D,0
31.51676,70.63236,343.64,0.38,0.36,2025-10-14,825,N,VIIRS,n,2,310.18,4.42,D,0
31.52006,70.63168,333.05,0.38,0.36,2025-10-14,825,N,VIIRS,n,2,307.87,1.78,D,0
31.53706,72.32823,338.28,0.41,0.37,2025-10-14,825,N,VIIRS,n,2,305.53,2.31,D,0
31.53858,72.61927,335.26,0.41,0.37,2025-10-14,825,N,VIIRS,n,2,304.28,2.95,D,0
31.53981,72.3248,333,0.41,0.37,2025-10-14,825,N,VIIRS,n,2,304.34,2.2,D,0
31.54046,72.3276,333.79,0.41,0.37,2025-10-14,825,N,VIIRS,n,2,303.29,2.31,D,0
31.54795,70.61348,335.38,0.38,0.36,2025-10-14,825,N,VIIRS,l,2,309.72,2.28,D,0
31.56178,73.55658,332.5,0.44,0.39,2025-10-14,825,N,VIIRS,l,2,303.43,2.84,D,0
31.57684,73.67384,334.67,0.45,0.39,2025-10-14,825,N,VIIRS,n,2,302.93,2.71,D,0
31.59243,73.34942,333.59,0.44,0.38,2025-10-14,825,N,VIIRS,n,2,302.12,1.65,D,0
31.59314,70.68737,332.23,0.38,0.36,2025-10-14,825,N,VIIRS,n,2,305.83,1.52,D,0
31.59469,70.72034,331.74,0.38,0.36,2025-10-14,825,N,VIIRS,n,2,305.32,1.65,D,0
31.60662,73.96669,342.22,0.46,0.39,2025-10-14,825,N,VIIRS,n,2,302.03,3.92,D,0
31.61023,73.96607,337.67,0.46,0.39,2025-10-14,825,N,VIIRS,n,2,301.55,3,D,0
31.62044,72.82131,333.5,0.42,0.38,2025-10-14,825,N,VIIRS,n,2,304.56,13.36,D,0
31.62102,72.82572,336.62,0.42,0.38,2025-10-14,825,N,VIIRS,n,2,307.91,13.36,D,0
31.6331,73.97211,333.72,0.46,0.39,2025-10-14,825,N,VIIRS,n,2,302.86,2.18,D,0
31.63846,72.90423,330.34,0.42,0.38,2025-10-14,825,N,VIIRS,l,2,303.02,2.17,D,0
31.64293,70.68179,334.77,0.38,0.36,2025-10-14,825,N,VIIRS,l,2,306.42,3.58,D,0
31.6438,70.66496,345.87,0.38,0.36,2025-10-14,825,N,VIIRS,n,2,307.48,4.56,D,0
31.6524,72.48434,339.56,0.41,0.37,2025-10-14,825,N,VIIRS,n,2,302.95,4.11,D,0
31.65266,74.06841,334.54,0.46,0.39,2025-10-14,825,N,VIIRS,n,2,302,2.67,D,0
31.65628,74.06781,330.8,0.46,0.39,2025-10-14,825,N,VIIRS,n,2,300.78,2.67,D,0
31.6613,72.44728,330.58,0.41,0.37,2025-10-14,825,N,VIIRS,l,2,301.14,1.88,D,0
31.66214,70.67369,335.25,0.38,0.36,2025-10-14,825,N,VIIRS,n,2,305.03,1.79,D,0
31.66725,73.91397,335.09,0.46,0.39,2025-10-14,825,N,VIIRS,n,2,303.55,3.13,D,0
31.67095,70.75519,341.72,0.39,0.36,2025-10-14,825,N,VIIRS,n,2,306.33,3.58,D,0
31.67834,74.93684,334.61,0.51,0.41,2025-10-14,825,N,VIIRS,n,2,301.57,4.12,D,0
31.68459,73.53223,334.49,0.44,0.39,2025-10-14,825,N,VIIRS,n,2,303.35,3.52,D,0
31.69128,74.10934,343.49,0.47,0.39,2025-10-14,825,N,VIIRS,n,2,305.49,8.07,D,0
31.70897,73.08864,331.89,0.43,0.38,2025-10-14,825,N,VIIRS,n,2,302.85,1.74,D,0
31.71153,73.82767,331.95,0.45,0.39,2025-10-14,825,N,VIIRS,n,2,302,2.15,D,0
31.71902,73.6149,338.53,0.45,0.39,2025-10-14,825,N,VIIRS,n,2,302.57,3.51,D,0
31.72689,70.81039,348.12,0.39,0.36,2025-10-14,825,N,VIIRS,n,2,308.33,5.92,D,0
31.7293,72.72141,332.48,0.42,0.37,2025-10-14,825,N,VIIRS,n,2,301.89,1.89,D,0
31.7302,70.80972,334.25,0.39,0.36,2025-10-14,825,N,VIIRS,n,2,308.29,2.93,D,0
31.75314,74.12921,330.65,0.47,0.4,2025-10-14,825,N,VIIRS,n,2,300.82,2.57,D,0
31.76213,73.49706,335.21,0.44,0.39,2025-10-14,825,N,VIIRS,n,2,300.81,4.73,D,0
31.76657,72.71008,334.95,0.42,0.37,2025-10-14,825,N,VIIRS,n,2,304.41,2.96,D,0
31.77994,73.24488,333.48,0.43,0.38,2025-10-14,825,N,VIIRS,n,2,303.63,3.2,D,0
31.78046,74.38043,336.3,0.48,0.4,2025-10-14,825,N,VIIRS,n,2,301.51,5.56,D,0
31.78344,73.24426,333.71,0.43,0.38,2025-10-14,825,N,VIIRS,n,2,300.83,4.95,D,0
31.78403,73.24883,332.57,0.43,0.38,2025-10-14,825,N,VIIRS,n,2,301.17,4.95,D,0
31.79127,75.12166,334.91,0.52,0.41,2025-10-14,825,N,VIIRS,n,2,299.66,3.47,D,0
31.79319,75.12358,335.11,0.52,0.41,2025-10-14,825,N,VIIRS,n,2,300.76,3.65,D,0
31.8037,73.12407,336.63,0.43,0.38,2025-10-14,825,N,VIIRS,n,2,304.75,4.2,D,0
31.81061,74.08705,345.82,0.47,0.39,2025-10-14,825,N,VIIRS,n,2,301.13,9.31,D,0
31.81548,73.71456,333.78,0.45,0.39,2025-10-14,825,N,VIIRS,n,2,302.65,2.32,D,0
31.81905,73.71395,331.81,0.45,0.39,2025-10-14,825,N,VIIRS,n,2,299.97,2.32,D,0
31.82696,74.34478,333.52,0.48,0.4,2025-10-14,825,N,VIIRS,n,2,303.14,5.54,D,0
31.85609,74.09456,335.98,0.47,0.4,2025-10-14,825,N,VIIRS,n,2,302.38,5.43,D,0
31.85744,74.1653,332.12,0.47,0.4,2025-10-14,825,N,VIIRS,n,2,301.54,2.68,D,0
31.86207,72.3631,331.64,0.41,0.37,2025-10-14,825,N,VIIRS,n,2,305.17,1.9,D,0
31.87748,74.14671,334.58,0.47,0.4,2025-10-14,825,N,VIIRS,n,2,302.54,3.49,D,0
31.88846,74.08633,349.42,0.47,0.4,2025-10-14,825,N,VIIRS,n,2,303.73,6.76,D,0
31.90694,72.25858,337.13,0.41,0.37,2025-10-14,825,N,VIIRS,n,2,308.3,3.24,D,0
31.91089,74.118,342.79,0.47,0.4,2025-10-14,825,N,VIIRS,n,2,302.25,7.83,D,0
31.918,72.31384,338.37,0.41,0.37,2025-10-14,825,N,VIIRS,n,2,307.16,6.49,D,0
31.9186,72.88327,334.88,0.42,0.38,2025-10-14,825,N,VIIRS,n,2,303.76,2.39,D,0
31.92154,72.3397,338.37,0.41,0.37,2025-10-14,825,N,VIIRS,n,2,306.34,6.98,D,0
31.93645,70.92408,334.64,0.39,0.36,2025-10-14,825,N,VIIRS,l,2,307.44,3.63,D,0
31.93705,70.92815,332.9,0.39,0.36,2025-10-14,825,N,VIIRS,l,2,307.5,3.63,D,0
31.94808,73.8808,333.02,0.46,0.39,2025-10-14,825,N,VIIRS,n,2,300.22,2.92,D,0
31.95903,70.9153,340.29,0.39,0.36,2025-10-14,825,N,VIIRS,n,2,304.49,2.62,D,0
31.96233,70.86851,338.5,0.39,0.36,2025-10-14,825,N,VIIRS,n,2,307.41,3.2,D,0
31.97198,73.28761,331.61,0.44,0.38,2025-10-14,825,N,VIIRS,n,2,299.57,7.08,D,0
31.97661,73.26791,331.4,0.44,0.38,2025-10-14,825,N,VIIRS,n,2,300.76,2.26,D,0
31.98152,70.84399,337.64,0.39,0.36,2025-10-14,825,N,VIIRS,n,2,306.56,2.32,D,0
31.98282,70.91466,332.91,0.39,0.36,2025-10-14,825,N,VIIRS,l,2,305.15,3.58,D,0
32.00107,73.94861,331.61,0.46,0.39,2025-10-14,825,N,VIIRS,l,2,302.32,3.09,D,0
32.00787,69.81138,337.51,0.39,0.36,2025-10-14,825,N,VIIRS,n,2,312.03,0.98,D,0
32.00798,72.46744,332.91,0.41,0.37,2025-10-14,825,N,VIIRS,n,2,302.82,2.49,D,0
32.01013,73.99225,336.82,0.46,0.39,2025-10-14,825,N,VIIRS,n,2,302.74,3.3,D,0
32.01193,73.94677,337.89,0.46,0.39,2025-10-14,825,N,VIIRS,n,2,300.93,3.61,D,0
32.05114,73.9351,338.65,0.46,0.39,2025-10-14,825,N,VIIRS,n,2,301.52,4.41,D,0
32.08088,73.84232,334.55,0.46,0.39,2025-10-14,825,N,VIIRS,n,2,301.49,2.98,D,0
32.12048,72.91434,339.29,0.43,0.38,2025-10-14,825,N,VIIRS,n,2,302.29,2.88,D,0
32.12996,74.43843,331.35,0.49,0.4,2025-10-14,825,N,VIIRS,n,2,298.82,1.75,D,0
32.13179,74.43541,330.89,0.49,0.4,2025-10-14,825,N,VIIRS,n,2,301.18,3.02,D,0
32.19477,74.73367,339.88,0.5,0.41,2025-10-14,825,N,VIIRS,n,2,300.49,5.42,D,0
32.21811,73.81663,338.33,0.46,0.39,2025-10-14,825,N,VIIRS,n,2,301.88,5.1,D,0
32.22038,74.49783,333.02,0.49,0.4,2025-10-14,825,N,VIIRS,n,2,301.12,3.07,D,0
32.24146,73.76786,331.89,0.46,0.39,2025-10-14,825,N,VIIRS,n,2,300.7,2.24,D,0
32.243,73.95795,338.68,0.47,0.39,2025-10-14,825,N,VIIRS,n,2,301.54,5.62,D,0
32.25522,74.3684,340.6,0.48,0.4,2025-10-14,825,N,VIIRS,n,2,302.22,7.86,D,0
32.27641,73.28213,347.39,0.44,0.38,2025-10-14,825,N,VIIRS,n,2,302.21,5.95,D,0
32.30577,73.83386,333.93,0.46,0.39,2025-10-14,825,N,VIIRS,n,2,302.15,9.57,D,0
32.33056,74.0064,332.98,0.47,0.4,2025-10-14,825,N,VIIRS,n,2,300.61,4.24,D,0
32.34087,73.96906,346.45,0.47,0.4,2025-10-14,825,N,VIIRS,n,2,300.57,7.85,D,0
32.34551,73.59406,333.5,0.45,0.39,2025-10-14,825,N,VIIRS,n,2,301.9,3.29,D,0
32.35828,73.87009,341.36,0.46,0.39,2025-10-14,825,N,VIIRS,n,2,301.37,5.82,D,0
32.35893,75.3451,337.05,0.54,0.42,2025-10-14,825,N,VIIRS,n,2,299.65,5.16,D,0
32.38848,73.40309,336.46,0.44,0.39,2025-10-14,825,N,VIIRS,n,2,303.77,4.15,D,0
32.54058,73.13499,330.52,0.44,0.38,2025-10-14,825,N,VIIRS,l,2,301.26,1.98,D,0
32.54296,74.34731,333.79,0.49,0.4,2025-10-14,825,N,VIIRS,n,2,301.27,1.87,D,0
32.55828,73.74969,335.08,0.46,0.39,2025-10-14,825,N,VIIRS,n,2,301.08,2.83,D,0
32.58252,70.10992,333.5,0.38,0.36,2025-10-14,825,N,VIIRS,n,2,304.48,0.97,D,0
32.5884,71.33446,331.29,0.39,0.36,2025-10-14,825,N,VIIRS,l,2,304.03,2.51,D,0
32.68709,69.55991,333.84,0.39,0.36,2025-10-14,825,N,VIIRS,l,2,307.15,4.44,D,0
33.37445,72.72689,332.2,0.43,0.38,2025-10-14,825,N,VIIRS,l,2,305.98,2.37,D,0
33.62917,71.44009,333.77,0.4,0.37,2025-10-14,825,N,VIIRS,n,2,306.75,3.15,D,0
30.25081,74.91187,308.58,0.38,0.36,2025-10-14,2048,N,VIIRS,n,2,294.28,1.19,N,0
31.56351,75.2114,308.61,0.38,0.36,2025-10-14,2048,N,VIIRS,n,2,290.73,0.9,N,0
31.56414,75.20737,308.42,0.38,0.36,2025-10-14,2048,N,VIIRS,n,2,291.18,0.9,N,0
31.64162,74.43307,301.62,0.39,0.36,2025-10-14,2048,N,VIIRS,n,2,291.36,0.34,N,0
32.08541,74.16223,307.73,0.39,0.36,2025-10-14,2048,N,VIIRS,n,2,292.05,1.22,N,2
32.10261,74.17264,302.43,0.39,0.36,2025-10-14,2048,N,VIIRS,n,2,292.37,0.4,N,2
32.1087,74.17817,305.31,0.39,0.36,2025-10-14,2048,N,VIIRS,n,2,293.28,0.45,N,0
32.72571,73.14077,307.17,0.42,0.38,2025-10-14,2048,N,VIIRS,n,2,293.83,0.75,N,2
32.89003,71.61816,303.61,0.48,0.4,2025-10-14,2048,N,VIIRS,n,2,293.27,1.13,N,2
33.27202,71.59032,302.68,0.49,0.4,2025-10-14,2048,N,VIIRS,n,2,292.59,0.48,N,0
33.33779,72.59072,301.4,0.44,0.39,2025-10-14,2048,N,VIIRS,n,2,289.73,0.43,N,0
33.40621,71.93771,319.56,0.47,0.4,2025-10-14,2048,N,VIIRS,n,2,291.9,1.49,N,0
33.40986,71.93835,303.71,0.47,0.4,2025-10-14,2048,N,VIIRS,n,2,291.25,0.62,N,2
33.68866,72.71181,310.92,0.44,0.39,2025-10-14,2048,N,VIIRS,n,2,292.56,1.43,N,2
33.81573,72.71971,302.57,0.44,0.39,2025-10-14,2048,N,VIIRS,n,2,292.11,1.02,N,0
28.42511,69.7008,312.2,0.53,0.42,2025-10-14,2049,N,VIIRS,n,2,294.16,2.15,N,2
29.52897,74.86726,303.11,0.38,0.36,2025-10-14,2049,N,VIIRS,n,2,290,0.63,N,0
29.86446,74.84824,302.63,0.38,0.36,2025-10-14,2049,N,VIIRS,n,2,289.02,0.85,N,0
27.7382,73.55409,342.45,0.43,0.38,2025-10-15,805,N,VIIRS,n,2,308.51,3.74,D,0
27.80797,74.05835,335.86,0.41,0.37,2025-10-15,805,N,VIIRS,l,2,309.93,1.23,D,0
27.97327,73.34362,336.22,0.43,0.38,2025-10-15,805,N,VIIRS,l,2,310.06,1.49,D,0
27.98949,72.97942,342.27,0.44,0.39,2025-10-15,805,N,VIIRS,n,2,311.95,2.05,D,0
28.04771,70.94076,342.6,0.55,0.43,2025-10-15,805,N,VIIRS,n,2,314.15,4.43,D,0
28.12128,73.04823,343.09,0.44,0.38,2025-10-15,805,N,VIIRS,n,2,312.97,1.85,D,0
28.12206,73.05266,339.95,0.44,0.38,2025-10-15,805,N,VIIRS,l,2,313.48,1.85,D,0
28.12512,72.98717,339.23,0.44,0.39,2025-10-15,805,N,VIIRS,l,2,313.16,0.93,D,0
28.12557,73.05187,343.98,0.44,0.38,2025-10-15,805,N,VIIRS,n,2,313.84,3.65,D,0
28.12863,72.98637,340.73,0.44,0.39,2025-10-15,805,N,VIIRS,l,2,312.88,3.37,D,0
28.12907,73.0511,349.52,0.44,0.38,2025-10-15,805,N,VIIRS,n,2,313.55,3.65,D,0
28.12985,73.05553,339.61,0.44,0.38,2025-10-15,805,N,VIIRS,l,2,314.29,2.25,D,0
28.1302,72.99531,341.53,0.44,0.39,2025-10-15,805,N,VIIRS,l,2,312.11,3.32,D,0
28.13023,73.03698,341.12,0.44,0.38,2025-10-15,805,N,VIIRS,l,2,313.5,4.07,D,0
28.13101,73.04143,345.75,0.44,0.38,2025-10-15,805,N,VIIRS,n,2,314.58,4.07,D,0
28.13161,72.87846,346.39,0.45,0.39,2025-10-15,805,N,VIIRS,n,2,313.42,5,D,0
28.1318,73.04587,354.69,0.44,0.38,2025-10-15,805,N,VIIRS,n,2,314.28,3.17,D,0
28.1324,72.88297,351.93,0.45,0.39,2025-10-15,805,N,VIIRS,n,2,313.58,5,D,0
28.13258,73.05031,346.56,0.44,0.38,2025-10-15,805,N,VIIRS,n,2,313.76,3.17,D,0
28.13293,72.99006,342.93,0.44,0.39,2025-10-15,805,N,VIIRS,l,2,313.67,3.32,D,0
28.13336,73.05475,353.71,0.44,0.38,2025-10-15,805,N,VIIRS,n,2,314.1,6.24,D,0
28.13452,73.04063,357.8,0.44,0.38,2025-10-15,805,N,VIIRS,n,2,315.03,4.07,D,0
28.1353,73.04508,347.56,0.44,0.38,2025-10-15,805,N,VIIRS,n,2,313.79,3.17,D,0
28.13608,73.04953,343.47,0.44,0.38,2025-10-15,805,N,VIIRS,l,2,313.55,3.17,D,0
28.13644,72.98927,344.38,0.44,0.39,2025-10-15,805,N,VIIRS,n,2,313.78,2.57,D,0
28.13672,72.88669,342.03,0.45,0.39,2025-10-15,805,N,VIIRS,l,2,312.7,2.29,D,0
28.13802,73.03985,345.29,0.44,0.38,2025-10-15,805,N,VIIRS,n,2,313.47,2.74,D,0
28.13867,72.87689,345.33,0.45,0.39,2025-10-15,805,N,VIIRS,n,2,312.65,3.92,D,0
28.1388,73.04429,344.33,0.44,0.38,2025-10-15,805,N,VIIRS,n,2,313.4,2.07,D,0
28.13946,72.88139,345.87,0.45,0.39,2025-10-15,805,N,VIIRS,n,2,311.41,3.92,D,0
28.13955,72.96535,340.05,0.44,0.39,2025-10-15,805,N,VIIRS,l,2,312.23,2.9,D,0
28.13958,73.04874,342.8,0.44,0.38,2025-10-15,805,N,VIIRS,l,2,313.78,2.07,D,0
28.13995,72.98848,343.96,0.44,0.39,2025-10-15,805,N,VIIRS,l,2,314.03,2.57,D,0
28.14025,72.88589,349.25,0.45,0.39,2025-10-15,805,N,VIIRS,n,2,312.61,3.61,D,0
28.14073,72.99295,343.5,0.44,0.39,2025-10-15,805,N,VIIRS,n,2,313.33,2.57,D,0
28.1422,72.8761,352.53,0.45,0.39,2025-10-15,805,N,VIIRS,n,2,313.75,3.92,D,0
28.14268,72.98322,347.84,0.44,0.39,2025-10-15,805,N,VIIRS,n,2,314.28,6.43,D,0
28.14299,72.88061,352.29,0.45,0.39,2025-10-15,805,N,VIIRS,n,2,312.34,3.92,D,0
28.14308,73.04794,341.98,0.44,0.38,2025-10-15,805,N,VIIRS,l,2,313.19,2.07,D,0
28.14346,72.98769,344.99,0.44,0.39,2025-10-15,805,N,VIIRS,n,2,313.79,3.93,D,0
28.14385,72.96903,340.47,0.44,0.39,2025-10-15,805,N,VIIRS,l,2,312.93,4.42,D,0
28.14456,72.8896,348.12,0.45,0.39,2025-10-15,805,N,VIIRS,n,2,312.86,3.61,D,0
28.14535,72.89409,344.03,0.45,0.39,2025-10-15,805,N,VIIRS,n,2,313.04,3.06,D,0
28.14651,72.87981,352.81,0.45,0.39,2025-10-15,805,N,VIIRS,n,2,313.65,3.71,D,0
28.14888,72.8933,343.19,0.45,0.39,2025-10-15,805,N,VIIRS,l,2,313.4,2.37,D,0
28.14925,72.8745,350.95,0.45,0.39,2025-10-15,805,N,VIIRS,n,2,313.26,3.71,D,0
28.14962,72.85563,341.4,0.45,0.39,2025-10-15,805,N,VIIRS,l,2,314.55,3.6,D,0
28.15004,72.87901,348.03,0.45,0.39,2025-10-15,805,N,VIIRS,n,2,312.84,3.71,D,0
28.15155,72.87155,339.36,0.45,0.39,2025-10-15,805,N,VIIRS,l,2,312.74,2.8,D,0
28.15184,72.85271,348.26,0.45,0.39,2025-10-15,805,N,VIIRS,n,2,312.24,4.23,D,0
28.15236,72.8503,345.79,0.45,0.39,2025-10-15,805,N,VIIRS,n,2,312.14,3.66,D,0
28.15236,72.87605,353.99,0.45,0.39,2025-10-15,805,N,VIIRS,n,2,312.99,3.36,D,0
28.1524,72.89252,339.35,0.45,0.39,2025-10-15,805,N,VIIRS,l,2,313.49,2.37,D,0
28.15265,72.85722,341.32,0.45,0.39,2025-10-15,805,N,VIIRS,l,2,312.19,3.85,D,0
28.15278,72.8737,350.42,0.45,0.39,2025-10-15,805,N,VIIRS,n,2,312.78,5.02,D,0
28.15315,72.85482,350.7,0.45,0.39,2025-10-15,805,N,VIIRS,n,2,312.38,3.6,D,0
28.15317,72.88055,344.45,0.45,0.39,2025-10-15,805,N,VIIRS,n,2,313.02,3.36,D,0
28.15357,72.8782,354.13,0.45,0.39,2025-10-15,805,N,VIIRS,n,2,313.22,5.02,D,0
28.15435,72.88271,341.63,0.45,0.39,2025-10-15,805,N,VIIRS,l,2,313.38,3.76,D,0
28.15589,72.87524,337.84,0.45,0.39,2025-10-15,805,N,VIIRS,l,2,312.42,3.36,D,0
28.15809,72.8466,337.17,0.45,0.39,2025-10-15,805,N,VIIRS,l,2,311.67,5.1,D,0
28.21926,73.00535,346.44,0.44,0.38,2025-10-15,805,N,VIIRS,n,2,313.93,3.96,D,0
28.22005,73.0098,338.23,0.44,0.38,2025-10-15,805,N,VIIRS,l,2,312.04,2.17,D,0
28.22277,73.00457,352.97,0.44,0.38,2025-10-15,805,N,VIIRS,n,2,313.06,3.96,D,0
28.22355,73.00901,345.33,0.44,0.38,2025-10-15,805,N,VIIRS,n,2,312.31,2.17,D,0
28.22434,73.01347,345.45,0.44,0.38,2025-10-15,805,N,VIIRS,n,2,312.03,2.17,D,0
28.22549,72.99933,339.62,0.44,0.38,2025-10-15,805,N,VIIRS,l,2,314.21,3.35,D,0
28.22628,73.00378,351.66,0.44,0.38,2025-10-15,805,N,VIIRS,n,2,312.53,3.35,D,0
28.22706,73.00823,351.73,0.44,0.38,2025-10-15,805,N,VIIRS,n,2,313.32,2.56,D,0
28.22784,73.01268,348.14,0.44,0.38,2025-10-15,805,N,VIIRS,n,2,312.03,2.56,D,0
28.22863,73.01712,347.35,0.44,0.38,2025-10-15,805,N,VIIRS,n,2,312.02,3.1,D,0
28.22941,73.02156,344.82,0.44,0.38,2025-10-15,805,N,VIIRS,n,2,311.67,3.1,D,0
28.23019,73.02601,344.19,0.44,0.38,2025-10-15,805,N,VIIRS,n,2,312.87,2.49,D,0
28.23057,73.00745,338.89,0.44,0.38,2025-10-15,805,N,VIIRS,l,2,313.31,2.56,D,0
28.23097,73.03046,348.8,0.44,0.38,2025-10-15,805,N,VIIRS,n,2,314.31,2.49,D,0
28.23135,73.01189,337.14,0.44,0.38,2025-10-15,805,N,VIIRS,l,2,310.64,2.56,D,0
28.23213,73.01633,348.83,0.44,0.38,2025-10-15,805,N,VIIRS,n,2,312.12,3.1,D,0
28.23291,73.02077,351.01,0.44,0.38,2025-10-15,805,N,VIIRS,n,2,312.09,3.1,D,0
28.23369,73.02522,339.69,0.44,0.38,2025-10-15,805,N,VIIRS,l,2,312.59,2.49,D,0
28.23407,73.00665,349.83,0.44,0.38,2025-10-15,805,N,VIIRS,n,2,312.37,3.5,D,0
28.23485,73.01109,350.53,0.44,0.38,2025-10-15,805,N,VIIRS,n,2,311.67,3.5,D,0
28.23563,73.01553,351.61,0.44,0.38,2025-10-15,805,N,VIIRS,n,2,312.83,3.28,D,0
28.23641,73.01998,340.33,0.44,0.38,2025-10-15,805,N,VIIRS,l,2,310.65,3.28,D,0
28.23679,73.00142,344.46,0.44,0.38,2025-10-15,805,N,VIIRS,n,2,312.36,3.55,D,0
28.23681,73.04297,354.08,0.44,0.38,2025-10-15,805,N,VIIRS,n,2,312.21,4.44,D,0
28.23719,73.02444,344.54,0.44,0.38,2025-10-15,805,N,VIIRS,n,2,312,2.32,D,0
28.23758,73.00586,346.85,0.44,0.38,2025-10-15,805,N,VIIRS,n,2,312.37,3.5,D,0
28.23798,73.02888,340.61,0.44,0.38,2025-10-15,805,N,VIIRS,l,2,311.67,2.32,D,0
28.23876,73.03332,352.81,0.44,0.38,2025-10-15,805,N,VIIRS,n,2,312.7,2.91,D,0
28.23915,73.05628,349.9,0.44,0.38,2025-10-15,805,N,VIIRS,n,2,314.16,4.92,D,0
28.23953,73.03775,341.22,0.44,0.38,2025-10-15,805,N,VIIRS,n,2,311.12,2.91,D,0
28.24031,73.04218,349.98,0.44,0.38,2025-10-15,805,N,VIIRS,n,2,312.6,2.74,D,0
28.24071,73.06514,347.45,0.44,0.38,2025-10-15,805,N,VIIRS,n,2,314.16,5.53,D,0
28.24108,73.00508,338.51,0.44,0.38,2025-10-15,805,N,VIIRS,l,2,312.54,2.43,D,0
28.24226,73.03252,351.01,0.44,0.38,2025-10-15,805,N,VIIRS,n,2,311.25,2.91,D,0
28.24282,73.28351,340.15,0.43,0.38,2025-10-15,805,N,VIIRS,l,2,310.66,1.85,D,0
28.24304,73.03696,348.47,0.44,0.38,2025-10-15,805,N,VIIRS,n,2,312.23,2.91,D,0
28.24343,73.05993,341.38,0.44,0.38,2025-10-15,805,N,VIIRS,l,2,313.02,2.13,D,0
28.24381,73.0414,338.3,0.44,0.38,2025-10-15,805,N,VIIRS,l,2,312.12,2.74,D,0
28.24421,73.06436,342.37,0.44,0.38,2025-10-15,805,N,VIIRS,n,2,311.81,2.13,D,0
28.24553,73.2784,353.37,0.43,0.38,2025-10-15,805,N,VIIRS,n,2,311.75,4.32,D,0
28.24629,73.28275,357.1,0.43,0.38,2025-10-15,805,N,VIIRS,l,2,311.95,4.32,D,0
28.24654,73.03618,341.76,0.44,0.38,2025-10-15,805,N,VIIRS,n,2,311.67,3.79,D,0
28.24693,73.05915,339.33,0.44,0.38,2025-10-15,805,N,VIIRS,l,2,312.68,2.13,D,0
28.249,73.27763,355.24,0.43,0.38,2025-10-15,805,N,VIIRS,n,2,311.3,4.32,D,0
28.24976,73.28197,357.02,0.43,0.38,2025-10-15,805,N,VIIRS,n,2,311.42,4.32,D,0
28.25042,73.05836,342.7,0.44,0.38,2025-10-15,805,N,VIIRS,n,2,312.13,2.06,D,0
28.25081,73.03983,341.58,0.44,0.38,2025-10-15,805,N,VIIRS,l,2,312.53,2.89,D,0
28.25255,73.23609,343.19,0.43,0.38,2025-10-15,805,N,VIIRS,n,2,311.92,5,D,0
28.25323,73.28122,353.81,0.43,0.38,2025-10-15,805,N,VIIRS,n,2,310.93,3.36,D,0
28.25332,73.24046,356.3,0.43,0.38,2025-10-15,805,N,VIIRS,l,2,313.47,5.31,D,0
28.25408,73.24482,339.87,0.43,0.38,2025-10-15,805,N,VIIRS,n,2,311.66,5.31,D,0
28.25594,73.27609,341.95,0.43,0.38,2025-10-15,805,N,VIIRS,n,2,311.31,3.36,D,0
28.25603,73.23532,354.51,0.43,0.38,2025-10-15,805,N,VIIRS,n,2,313.65,5,D,0
28.2567,73.28044,355.49,0.43,0.38,2025-10-15,805,N,VIIRS,n,2,310.75,3.36,D,0
28.25679,73.23969,356.45,0.43,0.38,2025-10-15,805,N,VIIRS,l,2,313.94,5.31,D,0
28.25713,73.26226,343.42,0.43,0.38,2025-10-15,805,N,VIIRS,n,2,311.57,2.23,D,0
28.25746,73.2848,342.67,0.43,0.38,2025-10-15,805,N,VIIRS,n,2,310.74,3.18,D,0
28.25755,73.24405,353.29,0.43,0.38,2025-10-15,805,N,VIIRS,n,2,314.44,5.31,D,0
28.25789,73.26662,349.58,0.43,0.38,2025-10-15,805,N,VIIRS,n,2,310.78,3.26,D,0
28.25874,73.23019,344.16,0.43,0.38,2025-10-15,805,N,VIIRS,n,2,312.32,4.38,D,0
28.25941,73.27533,352.67,0.43,0.38,2025-10-15,805,N,VIIRS,n,2,311.19,3.09,D,0
28.2595,73.23455,356.34,0.43,0.38,2025-10-15,805,N,VIIRS,l,2,314.61,4.38,D,0
28.26017,73.27968,352.67,0.43,0.38,2025-10-15,805,N,VIIRS,n,2,311.2,3.09,D,0
28.26027,73.23892,356.3,0.43,0.38,2025-10-15,805,N,VIIRS,l,2,314.75,9.74,D,0
28.26069,73.22067,338.5,0.43,0.38,2025-10-15,805,N,VIIRS,l,2,311.2,2.57,D,0
28.26093,73.28403,346.88,0.43,0.38,2025-10-15,805,N,VIIRS,n,2,311.77,2.4,D,0
28.26103,73.24329,356.34,0.43,0.38,2025-10-15,805,N,VIIRS,l,2,313.66,9.74,D,0
28.26136,73.26585,351.7,0.43,0.38,2025-10-15,805,N,VIIRS,n,2,310.86,3.26,D,0
28.26146,73.22504,347.13,0.43,0.38,2025-10-15,805,N,VIIRS,n,2,310.91,2.57,D,0
28.26179,73.24764,355.87,0.43,0.38,2025-10-15,805,N,VIIRS,n,2,313,4.42,D,0
28.26212,73.27021,354.42,0.43,0.38,2025-10-15,805,N,VIIRS,n,2,310.91,3.26,D,0
28.26222,73.22942,342.31,0.43,0.38,2025-10-15,805,N,VIIRS,n,2,310.76,4.38,D,0
28.26255,73.25201,356.34,0.43,0.38,2025-10-15,805,N,VIIRS,l,2,313.26,4.42,D,0
28.26288,73.27457,350.09,0.43,0.38,2025-10-15,805,N,VIIRS,n,2,311.11,3.09,D,0
28.26298,73.23378,344.28,0.43,0.38,2025-10-15,805,N,VIIRS,n,2,311.3,4.38,D,0
28.26331,73.25637,339.83,0.43,0.38,2025-10-15,805,N,VIIRS,l,2,311.41,2.55,D,0
28.26364,73.27891,346.82,0.43,0.38,2025-10-15,805,N,VIIRS,n,2,310.82,3.09,D,0
28.26374,73.23815,356.71,0.43,0.38,2025-10-15,805,N,VIIRS,l,2,314.15,9.74,D,0
28.26407,73.26073,351.29,0.43,0.38,2025-10-15,805,N,VIIRS,n,2,310.94,2.55,D,0
28.2644,73.28326,337.81,0.43,0.38,2025-10-15,805,N,VIIRS,l,2,311.16,2.4,D,0
28.2645,73.24252,356.73,0.43,0.38,2025-10-15,805,N,VIIRS,l,2,313.83,9.74,D,0
28.26483,73.26509,351.72,0.43,0.38,2025-10-15,805,N,VIIRS,n,2,310.54,4.3,D,0
28.26493,73.22427,348.24,0.43,0.38,2025-10-15,805,N,VIIRS,n,2,311.54,5.34,D,0
28.26526,73.24688,349.65,0.43,0.38,2025-10-15,805,N,VIIRS,n,2,311.67,4.42,D,0
28.26559,73.26944,356.34,0.43,0.38,2025-10-15,805,N,VIIRS,l,2,311.07,4.3,D,0
28.26569,73.22865,345.56,0.43,0.38,2025-10-15,805,N,VIIRS,n,2,311.26,5,D,0
28.26602,73.25124,352.42,0.43,0.38,2025-10-15,805,N,VIIRS,n,2,312.08,4.42,D,0
28.26612,73.21039,337.5,0.43,0.38,2025-10-15,805,N,VIIRS,l,2,311.66,2.82,D,0
28.26635,73.2738,355.07,0.43,0.38,2025-10-15,805,N,VIIRS,n,2,311.36,3.2,D,0
28.26711,73.27815,338.65,0.43,0.38,2025-10-15,805,N,VIIRS,n,2,310.57,3.2,D,0
28.26721,73.23738,345.71,0.43,0.38,2025-10-15,805,N,VIIRS,n,2,311.8,3.37,D,0
28.26754,73.25996,347.96,0.43,0.38,2025-10-15,805,N,VIIRS,n,2,311.26,2.55,D,0
28.26787,73.28249,348.58,0.43,0.38,2025-10-15,805,N,VIIRS,n,2,311.18,2.96,D,0
28.26798,73.24174,346.67,0.43,0.38,2025-10-15,805,N,VIIRS,n,2,311.36,3.37,D,0
28.2683,73.26432,356.05,0.43,0.38,2025-10-15,805,N,VIIRS,n,2,310.59,4.3,D,0
28.26906,73.26868,356.04,0.43,0.38,2025-10-15,805,N,VIIRS,n,2,310.56,4.3,D,0
28.26982,73.27303,349.33,0.43,0.38,2025-10-15,805,N,VIIRS,n,2,311.07,3.2,D,0
28.26993,73.23225,352.07,0.43,0.38,2025-10-15,805,N,VIIRS,n,2,312.48,5,D,0
28.27069,73.23661,353.95,0.43,0.38,2025-10-15,805,N,VIIRS,n,2,312.85,3.37,D,0
28.27145,73.24097,345.4,0.43,0.38,2025-10-15,805,N,VIIRS,n,2,311.67,3.37,D,0
28.27209,73.28606,346.28,0.43,0.38,2025-10-15,805,N,VIIRS,n,2,310.96,2.96,D,0
28.27253,73.26791,343.47,0.43,0.38,2025-10-15,805,N,VIIRS,n,2,310.82,2.73,D,0
28.27285,73.29041,346.01,0.43,0.38,2025-10-15,805,N,VIIRS,n,2,310.07,3.52,D,0
28.27329,73.27226,347.08,0.43,0.38,2025-10-15,805,N,VIIRS,n,2,311.35,3.19,D,0
28.2736,73.29475,345.26,0.43,0.38,2025-10-15,805,N,VIIRS,n,2,310.13,3.52,D,0
28.27493,73.2402,350.63,0.43,0.38,2025-10-15,805,N,VIIRS,n,2,312.09,4.35,D,0
28.27612,73.22633,356.52,0.43,0.38,2025-10-15,805,N,VIIRS,n,2,311.95,5.51,D,0
28.27688,73.2307,351.51,0.43,0.38,2025-10-15,805,N,VIIRS,n,2,312.66,5.51,D,0
28.2772,73.2533,342.97,0.43,0.38,2025-10-15,805,N,VIIRS,n,2,311.87,2.79,D,0
28.27764,73.23507,344.6,0.43,0.38,2025-10-15,805,N,VIIRS,n,2,311.52,4.35,D,0
28.27796,73.25765,340.92,0.43,0.38,2025-10-15,805,N,VIIRS,l,2,311.54,2.79,D,0
28.2784,73.23943,353.97,0.43,0.38,2025-10-15,805,N,VIIRS,n,2,312.79,4.35,D,0
28.27991,73.24815,347.28,0.43,0.38,2025-10-15,805,N,VIIRS,n,2,312.49,5.82,D,0
28.28036,73.22993,347.68,0.43,0.38,2025-10-15,805,N,VIIRS,n,2,310.63,2.8,D,0
28.28067,73.25253,350.96,0.43,0.38,2025-10-15,805,N,VIIRS,n,2,312.17,2.79,D,0
28.28263,73.24302,350.66,0.43,0.38,2025-10-15,805,N,VIIRS,n,2,312.36,5.74,D,0
28.28339,73.24738,340.88,0.43,0.38,2025-10-15,805,N,VIIRS,l,2,312.63,5.74,D,0
28.28415,73.25175,357.23,0.43,0.38,2025-10-15,805,N,VIIRS,l,2,314.29,4.93,D,0
28.2849,73.25611,339.54,0.43,0.38,2025-10-15,805,N,VIIRS,l,2,311.86,4.93,D,0
28.2873,73.22838,335.75,0.43,0.38,2025-10-15,805,N,VIIRS,l,2,309.42,1.61,D,0
28.28762,73.25098,344.53,0.43,0.38,2025-10-15,805,N,VIIRS,n,2,311.03,4.93,D,0
28.28806,73.23274,337.82,0.43,0.38,2025-10-15,805,N,VIIRS,l,2,310.9,4.15,D,0
28.29153,73.23197,355.27,0.43,0.38,2025-10-15,805,N,VIIRS,n,2,312.94,4.15,D,0
28.2926,73.25892,337.08,0.43,0.38,2025-10-15,805,N,VIIRS,l,2,310.9,2.33,D,0
28.29335,73.26328,338.71,0.43,0.38,2025-10-15,805,N,VIIRS,n,2,310.55,2.33,D,0
28.2938,73.24506,338.71,0.43,0.38,2025-10-15,805,N,VIIRS,l,2,309.82,0.61,D,0
28.29501,73.23121,346.96,0.43,0.38,2025-10-15,805,N,VIIRS,n,2,311.8,5.01,D,0
28.29577,73.23557,346.89,0.43,0.38,2025-10-15,805,N,VIIRS,n,2,313.07,5.01,D,0
28.29607,73.25815,349.24,0.43,0.38,2025-10-15,805,N,VIIRS,n,2,311.71,2.33,D,0
28.29652,73.23994,344.68,0.43,0.38,2025-10-15,805,N,VIIRS,n,2,311.63,4.71,D,0
28.29682,73.2625,347.62,0.43,0.38,2025-10-15,805,N,VIIRS,n,2,312.31,2.33,D,0
28.29728,73.2443,357.09,0.43,0.38,2025-10-15,805,N,VIIRS,l,2,312.9,4.71,D,0
28.29879,73.25303,340.05,0.43,0.38,2025-10-15,805,N,VIIRS,l,2,312.64,2.75,D,0
28.29924,73.23481,356.79,0.43,0.38,2025-10-15,805,N,VIIRS,l,2,314.2,5.01,D,0
28.29954,73.25739,357.09,0.43,0.38,2025-10-15,805,N,VIIRS,l,2,314.67,5.19,D,0
28.3,73.23917,356.78,0.43,0.38,2025-10-15,805,N,VIIRS,l,2,313.7,4.71,D,0
28.30029,73.26173,337.13,0.43,0.38,2025-10-15,805,N,VIIRS,l,2,311.41,5.19,D,0
28.30075,73.24353,352,0.43,0.38,2025-10-15,805,N,VIIRS,n,2,312.46,4.71,D,0
28.30151,73.24789,343.96,0.43,0.38,2025-10-15,805,N,VIIRS,n,2,312.07,2.75,D,0
28.30226,73.25227,341.22,0.43,0.38,2025-10-15,805,N,VIIRS,l,2,312.3,2.75,D,0
28.30498,73.24713,340.53,0.43,0.38,2025-10-15,805,N,VIIRS,l,2,312.04,3.52,D,0
28.34838,73.3951,348.6,0.43,0.38,2025-10-15,805,N,VIIRS,n,2,311.66,3.62,D,0
28.35132,73.41233,349.2,0.43,0.38,2025-10-15,805,N,VIIRS,n,2,311.26,2.47,D,0
28.35183,73.39434,337.36,0.43,0.38,2025-10-15,805,N,VIIRS,l,2,311.98,2.22,D,0
28.35206,73.41663,354.33,0.43,0.38,2025-10-15,805,N,VIIRS,n,2,311.71,2.94,D,0
28.35257,73.39864,341.95,0.43,0.38,2025-10-15,805,N,VIIRS,n,2,311.76,4.79,D,0
28.35279,73.42094,340.43,0.43,0.38,2025-10-15,805,N,VIIRS,l,2,310.74,2.94,D,0
28.35477,73.41156,348.22,0.43,0.38,2025-10-15,805,N,VIIRS,n,2,311.43,3.28,D,0
28.35528,73.39358,342.39,0.43,0.38,2025-10-15,805,N,VIIRS,n,2,311.26,2.22,D,0
28.35551,73.41587,340.01,0.43,0.38,2025-10-15,805,N,VIIRS,l,2,311.03,2.9,D,0
28.35624,73.42017,337.06,0.43,0.38,2025-10-15,805,N,VIIRS,l,2,310.91,2.9,D,0
28.35698,73.42448,355.99,0.42,0.38,2025-10-15,805,N,VIIRS,n,2,311.38,3.72,D,0
28.35771,73.42879,337.53,0.42,0.38,2025-10-15,805,N,VIIRS,l,2,310.74,3.72,D,0
28.35822,73.41081,340.29,0.43,0.38,2025-10-15,805,N,VIIRS,l,2,310.43,3.28,D,0
28.35831,73.42506,339,0.42,0.38,2025-10-15,805,N,VIIRS,l,2,310.97,2.61,D,0
28.35896,73.41512,353.07,0.43,0.38,2025-10-15,805,N,VIIRS,n,2,310.3,2.9,D,0
28.35969,73.41942,357.14,0.43,0.38,2025-10-15,805,N,VIIRS,l,2,311.57,2.9,D,0
28.36101,73.42002,354.74,0.42,0.38,2025-10-15,805,N,VIIRS,n,2,311.15,6.48,D,0
28.62785,73.16476,338.25,0.43,0.38,2025-10-15,805,N,VIIRS,n,2,312.31,1.42,D,0
28.6286,73.16914,356.92,0.43,0.38,2025-10-15,805,N,VIIRS,l,2,312.55,7.47,D,0
28.62936,73.1735,356.88,0.43,0.38,2025-10-15,805,N,VIIRS,l,2,311.91,7.47,D,0
28.63011,73.17785,354.54,0.43,0.38,2025-10-15,805,N,VIIRS,n,2,312.39,7.58,D,0
28.63086,73.18221,356.88,0.43,0.38,2025-10-15,805,N,VIIRS,l,2,312.87,7.58,D,0
28.63132,73.16398,352.79,0.43,0.38,2025-10-15,805,N,VIIRS,n,2,313.33,3.96,D,0
28.63161,73.18659,349.69,0.43,0.38,2025-10-15,805,N,VIIRS,n,2,312.43,6.39,D,0
28.63207,73.16835,357.19,0.43,0.38,2025-10-15,805,N,VIIRS,l,2,312.53,5.13,D,0
28.63283,73.17272,351.22,0.43,0.38,2025-10-15,805,N,VIIRS,n,2,311.47,5.13,D,0
28.63358,73.17709,356.15,0.43,0.38,2025-10-15,805,N,VIIRS,n,2,312.82,8.86,D,0
28.63433,73.18145,357.18,0.43,0.38,2025-10-15,805,N,VIIRS,l,2,312.87,8.86,D,0
28.63479,73.16322,348.41,0.43,0.38,2025-10-15,805,N,VIIRS,n,2,313.22,3.96,D,0
28.63508,73.18582,357.19,0.43,0.38,2025-10-15,805,N,VIIRS,l,2,312.19,12.17,D,0
28.63554,73.16759,340.64,0.43,0.38,2025-10-15,805,N,VIIRS,l,2,313.25,5.13,D,0
28.6363,73.17195,357.11,0.43,0.38,2025-10-15,805,N,VIIRS,l,2,312.12,5.13,D,0
28.63705,73.17631,348.92,0.43,0.38,2025-10-15,805,N,VIIRS,n,2,312.15,8.86,D,0
28.6378,73.18067,357.11,0.43,0.38,2025-10-15,805,N,VIIRS,l,2,312.36,8.86,D,0
28.6495,73.22784,344.08,0.43,0.38,2025-10-15,805,N,VIIRS,l,2,315.18,6.14,D,0
28.65072,73.214,347.86,0.43,0.38,2025-10-15,805,N,VIIRS,n,2,313.04,3.77,D,0
28.65147,73.21836,357.05,0.43,0.38,2025-10-15,805,N,VIIRS,l,2,314.23,5.4,D,0
28.65222,73.22272,347.71,0.43,0.38,2025-10-15,805,N,VIIRS,n,2,313.78,5.4,D,0
28.65299,73.21991,349.14,0.43,0.38,2025-10-15,805,N,VIIRS,n,2,313.99,6.78,D,0
28.65721,73.2235,345.77,0.43,0.38,2025-10-15,805,N,VIIRS,n,2,314.56,4.18,D,0
28.66068,73.22272,347.11,0.43,0.38,2025-10-15,805,N,VIIRS,n,2,314,4.18,D,0
28.66144,73.22707,339.25,0.43,0.38,2025-10-15,805,N,VIIRS,l,2,313.64,6.01,D,0
29.01616,73.1416,343.06,0.43,0.38,2025-10-15,805,N,VIIRS,n,2,312.91,2.55,D,0
29.20022,70.2934,330.3,0.57,0.43,2025-10-15,805,N,VIIRS,l,2,304.51,4.33,D,0
29.20098,70.28918,335.43,0.57,0.43,2025-10-15,805,N,VIIRS,n,2,306.36,3.13,D,0
29.243,70.38477,352.31,0.56,0.43,2025-10-15,805,N,VIIRS,n,2,308.85,14.43,D,0
29.24624,70.31798,338.66,0.56,0.43,2025-10-15,805,N,VIIRS,l,2,308.83,14.13,D,0
29.28708,70.29559,337.59,0.56,0.43,2025-10-15,805,N,VIIRS,n,2,303.47,7.26,D,0
29.42119,70.31949,337.3,0.56,0.43,2025-10-15,805,N,VIIRS,n,2,307.21,4.59,D,0
29.47471,74.49404,336.83,0.39,0.36,2025-10-15,805,N,VIIRS,n,2,304.52,3.98,D,0
29.52357,74.42161,334.57,0.39,0.36,2025-10-15,805,N,VIIRS,n,2,305.99,1.93,D,0
29.52694,74.40001,338.25,0.39,0.36,2025-10-15,805,N,VIIRS,n,2,306.36,4.59,D,0
29.53672,71.74157,340.15,0.48,0.4,2025-10-15,805,N,VIIRS,n,2,306.82,7.1,D,0
29.56133,71.71016,331.69,0.48,0.4,2025-10-15,805,N,VIIRS,l,2,303.24,6.06,D,0
29.57314,71.63766,339.01,0.48,0.4,2025-10-15,805,N,VIIRS,n,2,305.07,4.46,D,0
29.62922,74.17272,343.76,0.4,0.37,2025-10-15,805,N,VIIRS,n,2,307.25,3.9,D,0
29.77165,74.59026,332.36,0.39,0.36,2025-10-15,805,N,VIIRS,n,2,306.78,1.33,D,0
29.44686,70.45348,333.77,0.55,0.43,2025-10-15,806,N,VIIRS,n,2,306.57,3.62,D,0
29.94728,72.44766,345.7,0.44,0.38,2025-10-15,806,N,VIIRS,n,2,307.16,8.52,D,0
29.94825,72.61507,342.85,0.44,0.38,2025-10-15,806,N,VIIRS,n,2,306.66,4.5,D,0
29.95174,72.61426,338.32,0.44,0.38,2025-10-15,806,N,VIIRS,n,2,305.19,4.12,D,0
29.95698,72.44067,332.48,0.44,0.38,2025-10-15,806,N,VIIRS,l,2,303.83,3.97,D,0
30.0639,72.4274,332.74,0.44,0.38,2025-10-15,806,N,VIIRS,n,2,302.79,1.84,D,0
30.09119,71.50127,334.74,0.48,0.4,2025-10-15,806,N,VIIRS,n,2,306.79,3.85,D,0
30.09341,71.49788,335.03,0.48,0.4,2025-10-15,806,N,VIIRS,n,2,307.94,4.03,D,0
30.09488,71.38346,334.37,0.49,0.4,2025-10-15,806,N,VIIRS,n,2,303.98,5.2,D,0
30.12299,72.59644,333.59,0.43,0.38,2025-10-15,806,N,VIIRS,l,2,304.14,11.69,D,0
30.12713,73.95792,334.73,0.4,0.37,2025-10-15,806,N,VIIRS,n,2,305.5,2.33,D,0
30.13622,72.63052,334.37,0.43,0.38,2025-10-15,806,N,VIIRS,l,2,305.17,5.11,D,0
30.14682,72.83515,338.39,0.43,0.38,2025-10-15,806,N,VIIRS,n,2,305.21,2.66,D,0
30.14738,73.04333,335.05,0.42,0.38,2025-10-15,806,N,VIIRS,l,2,306.57,3.21,D,0
30.1508,73.04255,332.34,0.42,0.38,2025-10-15,806,N,VIIRS,l,2,305.95,2.39,D,0
30.1563,72.95111,334.2,0.42,0.38,2025-10-15,806,N,VIIRS,n,2,305.72,4.14,D,0
30.1591,72.74068,335.92,0.43,0.38,2025-10-15,806,N,VIIRS,n,2,305.22,4.21,D,0
30.15974,72.95032,336.2,0.42,0.38,2025-10-15,806,N,VIIRS,n,2,304.71,4.14,D,0
30.16703,72.93054,336.08,0.42,0.38,2025-10-15,806,N,VIIRS,n,2,306.82,3.74,D,0
30.17123,72.9341,334.92,0.42,0.38,2025-10-15,806,N,VIIRS,n,2,307.05,3.74,D,0
30.17199,72.93847,332.52,0.42,0.38,2025-10-15,806,N,VIIRS,n,2,302.44,4.82,D,0
30.17218,72.73306,334.9,0.43,0.38,2025-10-15,806,N,VIIRS,n,2,305.64,5.53,D,0
30.17317,73.24988,334.49,0.41,0.37,2025-10-15,806,N,VIIRS,l,2,308.86,2.8,D,0
30.22848,70.62417,330.59,0.52,0.42,2025-10-15,806,N,VIIRS,n,2,302.21,1.85,D,0
30.24621,73.34988,332.06,0.41,0.37,2025-10-15,806,N,VIIRS,l,2,302.55,2.49,D,0
30.26678,73.36723,332.2,0.41,0.37,2025-10-15,806,N,VIIRS,n,2,304.05,2.15,D,0
30.26761,70.61169,335.15,0.52,0.42,2025-10-15,806,N,VIIRS,n,2,308.47,2.93,D,0
30.3025,73.51665,344.82,0.41,0.37,2025-10-15,806,N,VIIRS,n,2,306.73,3.88,D,0
30.34147,70.6661,332.23,0.52,0.42,2025-10-15,806,N,VIIRS,n,2,303.83,1.91,D,0
30.35466,72.96192,350.86,0.42,0.38,2025-10-15,806,N,VIIRS,n,2,304.7,6.87,D,0
30.36544,71.18294,342.58,0.49,0.4,2025-10-15,806,N,VIIRS,n,2,311.88,19.93,D,0
30.37619,73.60074,341.35,0.4,0.37,2025-10-15,806,N,VIIRS,n,2,305.38,6.14,D,0
30.38293,72.91929,337.7,0.42,0.38,2025-10-15,806,N,VIIRS,n,2,303.77,2.85,D,0
30.40917,73.37984,342.63,0.41,0.37,2025-10-15,806,N,VIIRS,n,2,305.62,3.63,D,0
30.42502,73.39027,333.4,0.41,0.37,2025-10-15,806,N,VIIRS,l,2,305.77,4.71,D,0
30.42747,73.3634,333.07,0.41,0.37,2025-10-15,806,N,VIIRS,l,2,305.79,2.05,D,0
30.43014,73.35841,334.9,0.41,0.37,2025-10-15,806,N,VIIRS,l,2,305.29,4.21,D,0
30.43167,73.24353,341.94,0.41,0.37,2025-10-15,806,N,VIIRS,n,2,306.07,4.96,D,0
30.45241,73.59673,331.62,0.4,0.37,2025-10-15,806,N,VIIRS,n,2,304.43,1.88,D,0
30.45257,72.55127,334.76,0.43,0.38,2025-10-15,806,N,VIIRS,n,2,306.29,2.01,D,0
30.45295,71.91848,338.32,0.46,0.39,2025-10-15,806,N,VIIRS,n,2,303.72,6.32,D,0
30.45578,73.59599,332.34,0.4,0.37,2025-10-15,806,N,VIIRS,n,2,303.56,1.88,D,0
30.45941,73.36498,332.82,0.41,0.37,2025-10-15,806,N,VIIRS,n,2,304.88,6.53,D,0
30.46012,73.36921,334.22,0.41,0.37,2025-10-15,806,N,VIIRS,n,2,304.41,6.53,D,0
30.46218,73.67667,334.85,0.4,0.37,2025-10-15,806,N,VIIRS,l,2,305.27,2.62,D,0
30.46432,73.71064,331.43,0.4,0.37,2025-10-15,806,N,VIIRS,n,2,304.65,1.59,D,0
30.46567,73.23582,334.79,0.41,0.37,2025-10-15,806,N,VIIRS,n,2,303.94,2.66,D,0
30.46973,73.65411,338.41,0.4,0.37,2025-10-15,806,N,VIIRS,n,2,303.01,3.34,D,0
30.47478,73.60114,336.11,0.4,0.37,2025-10-15,806,N,VIIRS,n,2,303.6,2.69,D,0
30.48411,72.93771,333.56,0.42,0.38,2025-10-15,806,N,VIIRS,n,2,306.46,2.57,D,0
30.48807,73.79128,331.23,0.4,0.37,2025-10-15,806,N,VIIRS,n,2,304.59,10.6,D,0
30.48875,73.79541,336.72,0.4,0.37,2025-10-15,806,N,VIIRS,n,2,307.31,10.6,D,0
30.48931,73.79165,345.56,0.4,0.37,2025-10-15,806,N,VIIRS,n,2,305.94,8.38,D,0
30.49,73.79578,332.71,0.4,0.37,2025-10-15,806,N,VIIRS,n,2,305.66,8.38,D,0
30.49598,73.54006,344.97,0.4,0.37,2025-10-15,806,N,VIIRS,n,2,306.49,9.16,D,0
30.49815,73.67798,343.79,0.4,0.37,2025-10-15,806,N,VIIRS,n,2,303.74,3.39,D,0
30.49961,72.03426,331.21,0.45,0.39,2025-10-15,806,N,VIIRS,n,2,303.89,2.49,D,0
30.50452,73.61181,333.84,0.4,0.37,2025-10-15,806,N,VIIRS,n,2,302.79,2.72,D,0
30.50661,73.62431,334.33,0.4,0.37,2025-10-15,806,N,VIIRS,n,2,303.87,3.59,D,0
30.51105,73.85956,341.83,0.4,0.37,2025-10-15,806,N,VIIRS,n,2,304.84,7,D,0
30.51171,73.6965,335.19,0.4,0.37,2025-10-15,806,N,VIIRS,n,2,301.52,3.76,D,0
30.51239,73.70066,334.98,0.4,0.37,2025-10-15,806,N,VIIRS,n,2,303.46,3.68,D,0
30.51385,73.89733,337.26,0.4,0.37,2025-10-15,806,N,VIIRS,n,2,303.3,2.73,D,0
30.5144,73.85882,346.08,0.4,0.37,2025-10-15,806,N,VIIRS,n,2,304.1,15.93,D,0
30.52854,73.88132,332.36,0.4,0.37,2025-10-15,806,N,VIIRS,l,2,305.35,2.2,D,0
30.53189,73.88058,336.96,0.4,0.37,2025-10-15,806,N,VIIRS,n,2,303.04,3.63,D,0
30.53466,73.91832,349.46,0.4,0.37,2025-10-15,806,N,VIIRS,n,2,307.98,12.14,D,0
30.53801,73.91759,342.13,0.4,0.37,2025-10-15,806,N,VIIRS,n,2,301.67,3.83,D,0
30.53946,73.59103,335.14,0.4,0.37,2025-10-15,806,N,VIIRS,l,2,305.2,2.46,D,0
30.53996,73.69884,336.19,0.4,0.37,2025-10-15,806,N,VIIRS,n,2,306.97,2.14,D,0
30.54213,73.46077,332.6,0.41,0.37,2025-10-15,806,N,VIIRS,l,2,304.52,3.11,D,0
30.54332,73.69809,333.06,0.4,0.37,2025-10-15,806,N,VIIRS,n,2,305.73,1.75,D,0
30.54788,73.66261,334.56,0.4,0.37,2025-10-15,806,N,VIIRS,l,2,305.16,3.52,D,0
30.55205,72.41328,336.38,0.44,0.38,2025-10-15,806,N,VIIRS,n,2,306.17,2.98,D,0
30.553,71.7874,333.66,0.46,0.39,2025-10-15,806,N,VIIRS,n,2,304.89,5.43,D,0
30.55821,73.99815,343.37,0.4,0.37,2025-10-15,806,N,VIIRS,n,2,312.95,40.74,D,0
30.56087,73.99332,336.42,0.4,0.37,2025-10-15,806,N,VIIRS,n,2,302.67,36.52,D,0
30.56469,73.40768,332.45,0.41,0.37,2025-10-15,806,N,VIIRS,n,2,302.02,2.31,D,0
30.5695,73.41534,346.29,0.41,0.37,2025-10-15,806,N,VIIRS,n,2,305.22,6.39,D,0
30.57084,73.94866,342.46,0.4,0.37,2025-10-15,806,N,VIIRS,n,2,307.85,9.4,D,0
30.57675,73.87923,338.9,0.4,0.37,2025-10-15,806,N,VIIRS,n,2,302.78,2.61,D,0
30.57916,73.76749,336.44,0.4,0.37,2025-10-15,806,N,VIIRS,n,2,303.58,2.21,D,0
30.57941,73.87437,334.76,0.4,0.37,2025-10-15,806,N,VIIRS,n,2,304.37,4.46,D,0
30.58633,73.702,335.51,0.4,0.37,2025-10-15,806,N,VIIRS,n,2,304.13,2.88,D,0
30.58933,73.53284,348.32,0.4,0.37,2025-10-15,806,N,VIIRS,n,2,308.58,8.02,D,0
30.59108,73.70956,333.29,0.4,0.37,2025-10-15,806,N,VIIRS,n,2,303.62,2.29,D,0
30.59132,73.79906,334.32,0.4,0.37,2025-10-15,806,N,VIIRS,n,2,302.91,3.2,D,0
30.59757,73.94279,336.89,0.4,0.37,2025-10-15,806,N,VIIRS,n,2,302.66,2.38,D,0
30.59825,73.66922,332.57,0.4,0.37,2025-10-15,806,N,VIIRS,n,2,302.17,0.75,D,0
30.60534,73.50318,333.86,0.4,0.37,2025-10-15,806,N,VIIRS,n,2,303.32,2.71,D,0
30.61307,73.82047,343.43,0.4,0.37,2025-10-15,806,N,VIIRS,n,2,305.27,3.34,D,0
30.6132,73.4666,348.38,0.41,0.37,2025-10-15,806,N,VIIRS,n,2,304.79,4.58,D,0
30.61976,73.81898,342.45,0.4,0.37,2025-10-15,806,N,VIIRS,n,2,302.92,5.11,D,0
30.62141,73.91249,341.79,0.4,0.37,2025-10-15,806,N,VIIRS,n,2,306.27,8.22,D,0
30.62432,73.78374,337.18,0.4,0.37,2025-10-15,806,N,VIIRS,n,2,306.26,7.89,D,0
30.62475,73.91175,352.72,0.4,0.37,2025-10-15,806,N,VIIRS,n,2,305.2,27.65,D,0
30.62513,73.53784,348.07,0.4,0.37,2025-10-15,806,N,VIIRS,n,2,308.27,21.57,D,0
30.6256,72.07513,338.1,0.45,0.39,2025-10-15,806,N,VIIRS,n,2,305.63,3.9,D,0
30.62635,72.07322,331.09,0.45,0.39,2025-10-15,806,N,VIIRS,l,2,303.54,2.73,D,0
30.62653,73.83886,334.62,0.4,0.37,2025-10-15,806,N,VIIRS,n,2,303.33,2.35,D,0
30.63268,73.87592,334.5,0.4,0.37,2025-10-15,806,N,VIIRS,n,2,302.48,2.71,D,0
30.6408,72.90344,332.06,0.42,0.38,2025-10-15,806,N,VIIRS,l,2,305.32,3.18,D,0
30.64331,73.66781,331.54,0.4,0.37,2025-10-15,806,N,VIIRS,l,2,302.55,1.91,D,0
30.64766,73.58912,341.26,0.4,0.37,2025-10-15,806,N,VIIRS,n,2,303.98,4.01,D,0
30.65824,73.54777,344.94,0.4,0.37,2025-10-15,806,N,VIIRS,n,2,307.3,15.34,D,0
30.65841,74.07407,330.24,0.39,0.36,2025-10-15,806,N,VIIRS,n,2,302.92,2.16,D,0
30.66112,73.58611,336.34,0.4,0.37,2025-10-15,806,N,VIIRS,n,2,304.99,4.31,D,0
30.66261,73.80523,335.7,0.4,0.37,2025-10-15,806,N,VIIRS,n,2,302.45,2.35,D,0
30.66439,73.73195,332.53,0.4,0.37,2025-10-15,806,N,VIIRS,l,2,302.7,4.21,D,0
30.66508,73.7361,333.9,0.4,0.37,2025-10-15,806,N,VIIRS,n,2,303.88,6.63,D,0
30.66621,73.91114,334.79,0.4,0.37,2025-10-15,806,N,VIIRS,n,2,303.04,5.48,D,0
30.6685,73.7568,331.94,0.4,0.37,2025-10-15,806,N,VIIRS,n,2,301.71,1.44,D,0
30.66955,73.91041,336.35,0.4,0.37,2025-10-15,806,N,VIIRS,n,2,301.23,5.48,D,0
30.67301,73.69994,332.74,0.4,0.37,2025-10-15,806,N,VIIRS,l,2,303.53,2.57,D,0
30.67353,73.89249,344.54,0.4,0.37,2025-10-15,806,N,VIIRS,n,2,303.97,3.51,D,0
30.6777,74.00211,330.78,0.39,0.37,2025-10-15,806,N,VIIRS,n,2,301.87,2.4,D,0
30.67827,73.92126,346.99,0.4,0.37,2025-10-15,806,N,VIIRS,n,2,303.98,10.24,D,0
30.67837,74.0062,337.66,0.39,0.37,2025-10-15,806,N,VIIRS,n,2,302.23,4.92,D,0
30.68212,73.83939,341.87,0.4,0.37,2025-10-15,806,N,VIIRS,n,2,304.24,4.51,D,0
30.68706,74.03819,345.37,0.39,0.37,2025-10-15,806,N,VIIRS,n,2,307.49,14.37,D,0
30.68819,73.65926,333.43,0.4,0.37,2025-10-15,806,N,VIIRS,n,2,303.61,2.11,D,0
30.68888,73.66343,332.08,0.4,0.37,2025-10-15,806,N,VIIRS,n,2,305.26,2.8,D,0
30.68896,73.92316,344.46,0.4,0.37,2025-10-15,806,N,VIIRS,n,2,303.68,5.29,D,0
30.69095,73.91421,343.62,0.4,0.37,2025-10-15,806,N,VIIRS,n,2,312.03,45.33,D,0
30.69259,73.73428,332.38,0.4,0.37,2025-10-15,806,N,VIIRS,l,2,303.16,2.88,D,0
30.69906,74.02709,333.96,0.39,0.37,2025-10-15,806,N,VIIRS,n,2,302.02,2.03,D,0
30.70041,73.56584,346.35,0.4,0.37,2025-10-15,806,N,VIIRS,n,2,304.1,3.48,D,0
30.70424,72.93031,338.5,0.42,0.38,2025-10-15,806,N,VIIRS,n,2,303.18,5.38,D,0
30.70501,73.93665,335.06,0.4,0.37,2025-10-15,806,N,VIIRS,n,2,302.99,2.66,D,0
30.7064,74.05089,333.23,0.39,0.36,2025-10-15,806,N,VIIRS,n,2,302.39,1.32,D,0
30.70657,73.47762,333.66,0.4,0.37,2025-10-15,806,N,VIIRS,n,2,302.04,3.43,D,0
30.70703,73.94896,336.96,0.4,0.37,2025-10-15,806,N,VIIRS,n,2,303.54,3.74,D,0
30.70955,73.76626,335.28,0.4,0.37,2025-10-15,806,N,VIIRS,n,2,301.6,2.03,D,0
30.72239,74.06432,339.45,0.39,0.36,2025-10-15,806,N,VIIRS,n,2,303.29,2.95,D,0
30.72346,73.72456,338.15,0.4,0.37,2025-10-15,806,N,VIIRS,n,2,306.76,5.82,D,0
30.72841,73.974,334.45,0.4,0.37,2025-10-15,806,N,VIIRS,n,2,301.32,3.25,D,0
30.73174,73.95203,333.3,0.4,0.37,2025-10-15,806,N,VIIRS,n,2,301.36,4.57,D,0
30.74957,73.92393,346.86,0.4,0.37,2025-10-15,806,N,VIIRS,n,2,302.42,7.41,D,0
30.76225,73.91689,330.17,0.4,0.37,2025-10-15,806,N,VIIRS,l,2,301.16,3.55,D,0
30.76435,73.97168,341.78,0.39,0.37,2025-10-15,806,N,VIIRS,n,2,303.01,4.31,D,0
30.76555,74.16047,333.33,0.39,0.36,2025-10-15,806,N,VIIRS,n,2,300.93,2.76,D,0
30.76743,73.84327,339.91,0.4,0.37,2025-10-15,806,N,VIIRS,n,2,303.05,4.24,D,0
30.76811,73.8474,340.08,0.4,0.37,2025-10-15,806,N,VIIRS,n,2,304.54,4.24,D,0
30.76879,73.85152,332.05,0.4,0.37,2025-10-15,806,N,VIIRS,n,2,300.72,2.82,D,0
30.7704,73.71411,333.34,0.4,0.37,2025-10-15,806,N,VIIRS,n,2,304.07,2.73,D,0
30.77203,73.80807,335.2,0.4,0.37,2025-10-15,806,N,VIIRS,n,2,304.68,3.99,D,0
30.77227,73.91468,339.03,0.4,0.37,2025-10-15,806,N,VIIRS,n,2,305.16,6.22,D,0
30.77354,73.88033,336.13,0.4,0.37,2025-10-15,806,N,VIIRS,n,2,302.69,3.41,D,0
30.77493,73.90984,338.65,0.4,0.37,2025-10-15,806,N,VIIRS,n,2,302.72,7.02,D,0
30.77561,73.91394,338.6,0.4,0.37,2025-10-15,806,N,VIIRS,n,2,303.45,7.02,D,0
30.78033,73.94267,334.32,0.4,0.37,2025-10-15,806,N,VIIRS,n,2,302.72,7.98,D,0
30.781,73.94677,347.41,0.4,0.37,2025-10-15,806,N,VIIRS,n,2,307.27,7.98,D,0
30.78367,73.94193,334.14,0.4,0.37,2025-10-15,806,N,VIIRS,n,2,303.01,7.98,D,0
30.78434,73.94604,335.86,0.4,0.37,2025-10-15,806,N,VIIRS,n,2,303.69,7.98,D,0
30.78483,73.8437,340.15,0.4,0.37,2025-10-15,806,N,VIIRS,n,2,303.89,5.19,D,0
30.78838,73.29803,336.93,0.41,0.37,2025-10-15,806,N,VIIRS,n,2,304.02,3.08,D,0
30.79176,73.29726,339.88,0.41,0.37,2025-10-15,806,N,VIIRS,n,2,303.06,3.08,D,0
30.79368,73.93974,331.99,0.4,0.37,2025-10-15,806,N,VIIRS,n,2,301.74,5.2,D,0
30.79435,73.94383,335.53,0.4,0.37,2025-10-15,806,N,VIIRS,n,2,304.74,5.2,D,0
30.79469,73.10647,331.8,0.41,0.37,2025-10-15,806,N,VIIRS,n,2,301.26,1.98,D,0
30.79687,73.1193,335.04,0.41,0.37,2025-10-15,806,N,VIIRS,n,2,301.35,2.66,D,0
30.80064,73.72886,334.49,0.4,0.37,2025-10-15,806,N,VIIRS,n,2,303.35,3.42,D,0
30.80132,73.73301,333.49,0.4,0.37,2025-10-15,806,N,VIIRS,n,2,302.21,3.86,D,0
30.80503,73.94573,334.26,0.4,0.37,2025-10-15,806,N,VIIRS,n,2,302.58,2.27,D,0
30.8067,73.69798,332.17,0.4,0.37,2025-10-15,806,N,VIIRS,n,2,304.49,2.04,D,0
30.81902,73.90437,346.53,0.4,0.37,2025-10-15,806,N,VIIRS,n,2,303.8,3.99,D,0
30.81969,73.90848,330.27,0.4,0.37,2025-10-15,806,N,VIIRS,n,2,302.7,3.06,D,0
30.82635,73.88571,346.88,0.4,0.37,2025-10-15,806,N,VIIRS,n,2,303.89,7.08,D,0
30.82864,73.80885,344.03,0.4,0.37,2025-10-15,806,N,VIIRS,n,2,306.5,16.67,D,0
30.83199,73.80811,337.45,0.4,0.37,2025-10-15,806,N,VIIRS,n,2,301.46,3.35,D,0
30.83305,73.90553,330.28,0.4,0.37,2025-10-15,806,N,VIIRS,n,2,302.15,1.69,D,0
30.83424,73.88445,330.93,0.4,0.37,2025-10-15,806,N,VIIRS,n,2,301.25,1.29,D,0
30.83573,74.04929,332.47,0.39,0.36,2025-10-15,806,N,VIIRS,n,2,301.42,1.89,D,0
30.8364,73.94733,335.53,0.4,0.37,2025-10-15,806,N,VIIRS,n,2,303.13,3.27,D,0
30.84148,73.42611,332.33,0.4,0.37,2025-10-15,806,N,VIIRS,n,2,304.54,2.48,D,0
30.84165,73.90836,331.2,0.4,0.37,2025-10-15,806,N,VIIRS,n,2,302.45,1.39,D,0
30.84369,73.92067,335.12,0.4,0.37,2025-10-15,806,N,VIIRS,n,2,302.47,3.89,D,0
30.84686,73.85608,333.03,0.4,0.37,2025-10-15,806,N,VIIRS,n,2,302.19,8.43,D,0
30.84952,73.85122,334.48,0.4,0.37,2025-10-15,806,N,VIIRS,n,2,302.07,8.43,D,0
30.8502,73.85534,341.53,0.4,0.37,2025-10-15,806,N,VIIRS,n,2,305.39,8.43,D,0
30.85587,74.01563,335.23,0.39,0.36,2025-10-15,806,N,VIIRS,n,2,302.56,3.47,D,0
30.85654,74.01972,333.71,0.39,0.36,2025-10-15,806,N,VIIRS,n,2,303.11,3.04,D,0
30.87174,73.923,334.53,0.4,0.37,2025-10-15,806,N,VIIRS,n,2,301.72,1.05,D,0
30.88124,74.12846,333.01,0.39,0.36,2025-10-15,806,N,VIIRS,n,2,302.23,1.76,D,0
30.90329,73.4783,335.61,0.4,0.37,2025-10-15,806,N,VIIRS,n,2,301.89,2.7,D,0
30.90368,73.43905,334.3,0.4,0.37,2025-10-15,806,N,VIIRS,n,2,301.95,1.94,D,0
30.91584,73.65718,334.57,0.4,0.37,2025-10-15,806,N,VIIRS,n,2,301.92,2.34,D,0
30.91918,74.02292,336.19,0.39,0.36,2025-10-15,806,N,VIIRS,n,2,302.83,2.83,D,0
30.92414,74.47121,339.01,0.39,0.36,2025-10-15,806,N,VIIRS,n,2,303.06,6.04,D,0
30.93772,74.15831,334.16,0.39,0.36,2025-10-15,806,N,VIIRS,n,2,303.2,2.85,D,0
30.93838,74.16238,332.4,0.39,0.36,2025-10-15,806,N,VIIRS,n,2,303.43,3.32,D,0
30.95174,74.11729,333.85,0.39,0.36,2025-10-15,806,N,VIIRS,n,2,303.79,2.3,D,0
30.95233,74.16354,333.67,0.39,0.36,2025-10-15,806,N,VIIRS,n,2,302.81,2.69,D,0
30.96048,74.02232,341.38,0.39,0.36,2025-10-15,806,N,VIIRS,n,2,301.99,3.46,D,0
30.97691,75.37939,330.72,0.38,0.36,2025-10-15,806,N,VIIRS,n,2,300.1,2.24,D,0
30.98115,74.13676,333.77,0.39,0.36,2025-10-15,806,N,VIIRS,n,2,302.55,2.08,D,0
30.98314,74.14899,336.51,0.39,0.36,2025-10-15,806,N,VIIRS,n,2,303.02,5.15,D,0
30.98779,74.13531,335.76,0.39,0.36,2025-10-15,806,N,VIIRS,n,2,303.62,6.03,D,0
30.99241,74.18488,331.3,0.39,0.36,2025-10-15,806,N,VIIRS,n,2,304.02,2.03,D,0
30.99721,74.27158,347.46,0.39,0.36,2025-10-15,806,N,VIIRS,n,2,302.98,4.67,D,0
31.00942,74.51998,331.9,0.39,0.36,2025-10-15,806,N,VIIRS,n,2,301.74,0.77,D,0
31.0101,74.37361,332.72,0.39,0.36,2025-10-15,806,N,VIIRS,n,2,301.26,2.37,D,0
31.01287,74.26871,336.39,0.39,0.36,2025-10-15,806,N,VIIRS,n,2,304.07,3.6,D,0
31.02892,74.19798,331.73,0.39,0.36,2025-10-15,806,N,VIIRS,n,2,301.29,2.48,D,0
31.02958,74.20204,334.47,0.39,0.36,2025-10-15,806,N,VIIRS,n,2,303.6,5.42,D,0
31.0363,73.06274,331.83,0.41,0.37,2025-10-15,806,N,VIIRS,n,2,302.18,1.42,D,0
31.04072,74.27107,337.57,0.39,0.36,2025-10-15,806,N,VIIRS,n,2,301.75,4.51,D,0
31.04998,74.47839,333.94,0.39,0.36,2025-10-15,806,N,VIIRS,n,2,303.87,1.72,D,0
31.05869,73.1729,333.91,0.41,0.37,2025-10-15,806,N,VIIRS,n,2,303.57,3.14,D,0
31.06968,74.3445,345.93,0.39,0.36,2025-10-15,806,N,VIIRS,n,2,302.06,6.42,D,0
31.08661,73.39918,338.68,0.4,0.37,2025-10-15,806,N,VIIRS,n,2,304.32,3.61,D,0
31.1044,74.26145,339.33,0.39,0.36,2025-10-15,806,N,VIIRS,n,2,303.41,5.62,D,0
31.14261,73.39957,331.22,0.4,0.37,2025-10-15,806,N,VIIRS,n,2,299.09,3.42,D,0
31.15615,73.83631,339.32,0.4,0.37,2025-10-15,806,N,VIIRS,n,2,300.43,2.79,D,0
31.19038,73.41191,332.48,0.4,0.37,2025-10-15,806,N,VIIRS,n,2,300.61,2.06,D,0
31.20078,73.79221,335.36,0.4,0.37,2025-10-15,806,N,VIIRS,n,2,300.48,3.3,D,0
31.28862,74.71925,337.35,0.39,0.36,2025-10-15,806,N,VIIRS,n,2,303.92,8.39,D,0
31.32882,70.66426,336.34,0.5,0.41,2025-10-15,806,N,VIIRS,n,2,305.78,6.89,D,0
31.34366,70.61939,333.48,0.5,0.41,2025-10-15,806,N,VIIRS,n,2,305.26,2.56,D,0
31.34424,70.62196,340.97,0.5,0.41,2025-10-15,806,N,VIIRS,n,2,306.56,6.35,D,0
31.34467,70.62462,330.21,0.5,0.41,2025-10-15,806,N,VIIRS,n,2,304.29,3.43,D,0
31.36001,70.85118,335.78,0.49,0.4,2025-10-15,806,N,VIIRS,n,2,308.49,2.99,D,0
31.37184,73.98544,335.58,0.39,0.36,2025-10-15,806,N,VIIRS,n,2,303.08,2.7,D,0
31.38692,74.52887,334.45,0.39,0.36,2025-10-15,806,N,VIIRS,n,2,301.05,3.18,D,0
31.42177,75.11916,336.89,0.38,0.36,2025-10-15,806,N,VIIRS,n,2,302.21,4.26,D,0
31.43345,74.78133,334.33,0.38,0.36,2025-10-15,806,N,VIIRS,n,2,302.62,2.36,D,0
31.44538,74.68316,332.97,0.39,0.36,2025-10-15,806,N,VIIRS,n,2,300.7,2.26,D,0
31.4485,74.87792,332.6,0.38,0.36,2025-10-15,806,N,VIIRS,n,2,301.88,2.33,D,0
31.45964,74.62178,336.17,0.39,0.36,2025-10-15,806,N,VIIRS,n,2,303.98,4.11,D,0
31.46568,72.29889,332.25,0.43,0.38,2025-10-15,806,N,VIIRS,n,2,303.6,2.85,D,0
31.47882,74.6135,332.76,0.39,0.36,2025-10-15,806,N,VIIRS,n,2,301.16,2.34,D,0
31.48878,74.69889,340.01,0.39,0.36,2025-10-15,806,N,VIIRS,n,2,303.63,4.12,D,0
31.48919,75.16418,336.34,0.38,0.36,2025-10-15,806,N,VIIRS,n,2,303.45,6.46,D,0
31.49643,72.66793,331.01,0.42,0.38,2025-10-15,806,N,VIIRS,l,2,302.52,2.13,D,0
31.50326,70.63608,339.79,0.5,0.41,2025-10-15,806,N,VIIRS,n,2,305.95,4.84,D,0
31.5114,70.69929,337.03,0.5,0.41,2025-10-15,806,N,VIIRS,n,2,303.79,4.68,D,0
31.51337,74.00609,330.22,0.39,0.36,2025-10-15,806,N,VIIRS,n,2,300.64,1.38,D,0
31.52579,75.24791,334.69,0.38,0.36,2025-10-15,806,N,VIIRS,n,2,302.05,2.53,D,0
31.54087,72.83113,333.32,0.41,0.37,2025-10-15,806,N,VIIRS,l,2,303.63,2.35,D,0
31.54393,74.85825,336.69,0.38,0.36,2025-10-15,806,N,VIIRS,n,2,304.45,3.63,D,0
31.62589,73.9437,334.99,0.39,0.36,2025-10-15,806,N,VIIRS,n,2,302.39,1.91,D,0
31.62599,72.81121,335.91,0.41,0.37,2025-10-15,806,N,VIIRS,n,2,302.39,2.59,D,0
31.62632,72.89642,330.85,0.41,0.37,2025-10-15,806,N,VIIRS,l,2,303.11,3.71,D,0
31.62992,74.17493,332.12,0.39,0.36,2025-10-15,806,N,VIIRS,n,2,301.89,1.63,D,0
31.6314,72.86387,330.6,0.41,0.37,2025-10-15,806,N,VIIRS,n,2,302.45,1.65,D,0
31.67241,73.93337,331.14,0.39,0.36,2025-10-15,806,N,VIIRS,l,2,302.72,1.26,D,0
31.6829,74.68324,337.12,0.38,0.36,2025-10-15,806,N,VIIRS,n,2,299.33,3.2,D,0
31.69991,73.77494,334.47,0.39,0.36,2025-10-15,806,N,VIIRS,n,2,300.19,2.51,D,0
31.70042,70.70569,330.44,0.49,0.41,2025-10-15,806,N,VIIRS,l,2,303.38,3.56,D,0
31.70935,74.98583,333.4,0.38,0.36,2025-10-15,806,N,VIIRS,n,2,301.86,2.21,D,0
31.71334,70.79362,349.86,0.49,0.4,2025-10-15,806,N,VIIRS,n,2,309.12,12.35,D,0
31.72785,73.54521,335.12,0.4,0.37,2025-10-15,806,N,VIIRS,n,2,301.22,2.68,D,0
31.74061,73.09328,339.42,0.41,0.37,2025-10-15,806,N,VIIRS,n,2,302.8,3.97,D,0
31.74297,75.04952,330.41,0.38,0.36,2025-10-15,806,N,VIIRS,n,2,301.32,1.21,D,0
31.76291,74.34849,333.98,0.39,0.36,2025-10-15,806,N,VIIRS,n,2,300.4,2.73,D,0
31.7743,75.07626,333.07,0.38,0.36,2025-10-15,806,N,VIIRS,n,2,301.29,1.76,D,0
31.78386,74.0583,330.94,0.39,0.36,2025-10-15,806,N,VIIRS,n,2,302.62,2.22,D,0
31.78745,70.75852,331.27,0.49,0.4,2025-10-15,806,N,VIIRS,l,2,303.29,3.83,D,0
31.79311,72.74245,342.95,0.41,0.37,2025-10-15,806,N,VIIRS,n,2,304.25,10.3,D,0
31.79314,74.05201,330.54,0.39,0.36,2025-10-15,806,N,VIIRS,n,2,299.13,2.62,D,0
31.84064,70.74739,335,0.49,0.4,2025-10-15,806,N,VIIRS,n,2,304.6,4.3,D,0
31.8413,74.15977,334.67,0.39,0.36,2025-10-15,806,N,VIIRS,n,2,300.55,1.56,D,0
31.84663,73.14012,333.17,0.4,0.37,2025-10-15,806,N,VIIRS,n,2,302.09,5.44,D,0
31.87245,74.1028,332.76,0.39,0.36,2025-10-15,806,N,VIIRS,n,2,300.97,1.27,D,0
31.88168,73.71344,330.36,0.39,0.36,2025-10-15,806,N,VIIRS,n,2,299.81,2.04,D,0
31.88243,73.78176,342.01,0.39,0.36,2025-10-15,806,N,VIIRS,n,2,303.67,12.03,D,0
31.88311,73.78589,334.54,0.39,0.36,2025-10-15,806,N,VIIRS,n,2,299.68,12.03,D,0
31.88923,73.43635,340.66,0.4,0.37,2025-10-15,806,N,VIIRS,n,2,302.97,4.59,D,0
31.91037,73.97575,332.84,0.39,0.36,2025-10-15,806,N,VIIRS,n,2,299.96,3.03,D,0
31.91697,74.29549,345.1,0.39,0.36,2025-10-15,806,N,VIIRS,n,2,301.33,13.34,D,0
31.93555,74.00412,333.39,0.39,0.36,2025-10-15,806,N,VIIRS,n,2,301.83,5.28,D,0
31.93876,74.06699,335.2,0.39,0.36,2025-10-15,806,N,VIIRS,n,2,300.65,3.96,D,0
31.94308,70.85131,331.17,0.48,0.4,2025-10-15,806,N,VIIRS,l,2,304.75,3.5,D,0
31.95076,73.91626,331.48,0.39,0.36,2025-10-15,806,N,VIIRS,n,2,298.77,2.14,D,0
31.95534,73.83857,331.22,0.39,0.36,2025-10-15,806,N,VIIRS,n,2,299.1,2.47,D,0
31.95591,70.85857,334.68,0.48,0.4,2025-10-15,806,N,VIIRS,n,2,304.1,4.82,D,0
31.97317,70.84886,333.23,0.48,0.4,2025-10-15,806,N,VIIRS,n,2,304.03,2.4,D,0
31.97474,74.37961,330.87,0.39,0.36,2025-10-15,806,N,VIIRS,n,2,299.73,2.28,D,0
31.99856,73.85023,331.15,0.39,0.36,2025-10-15,806,N,VIIRS,n,2,299.74,1.87,D,0
32.00217,72.46362,334.11,0.42,0.38,2025-10-15,806,N,VIIRS,n,2,303.77,2.46,D,0
32.00445,72.46433,340.28,0.42,0.38,2025-10-15,806,N,VIIRS,n,2,304.83,7.03,D,0
32.00559,72.4628,336.06,0.42,0.38,2025-10-15,806,N,VIIRS,n,2,304.76,2.46,D,0
32.03144,74.78622,333.17,0.38,0.36,2025-10-15,806,N,VIIRS,n,2,299.16,3.01,D,0
32.04213,74.76721,334.35,0.38,0.36,2025-10-15,806,N,VIIRS,n,2,300.37,4.83,D,0
32.05268,73.93682,333.39,0.39,0.36,2025-10-15,806,N,VIIRS,n,2,300.42,1.75,D,0
32.07013,70.92614,337.13,0.48,0.4,2025-10-15,806,N,VIIRS,n,2,302.69,3.03,D,0
32.09914,74.29037,335.59,0.39,0.36,2025-10-15,806,N,VIIRS,n,2,300.97,4.56,D,0
32.10278,74.57042,339.03,0.38,0.36,2025-10-15,806,N,VIIRS,n,2,298.82,3.62,D,0
32.10375,73.80608,333.8,0.39,0.36,2025-10-15,806,N,VIIRS,n,2,300.26,2.62,D,0
32.11745,73.20741,332.5,0.4,0.37,2025-10-15,806,N,VIIRS,n,2,300.37,1.09,D,0
32.13356,74.5518,332.67,0.38,0.36,2025-10-15,806,N,VIIRS,n,2,298.04,1.63,D,0
32.15742,73.80801,330.29,0.39,0.36,2025-10-15,806,N,VIIRS,n,2,300.57,2.6,D,0
32.1581,73.81213,333.07,0.39,0.36,2025-10-15,806,N,VIIRS,n,2,300.83,2.6,D,0
32.18269,74.95512,335.59,0.38,0.36,2025-10-15,806,N,VIIRS,n,2,299.06,2.57,D,0
32.19289,73.17329,332.99,0.4,0.37,2025-10-15,806,N,VIIRS,n,2,300.83,3.41,D,0
32.21257,73.80845,347.36,0.39,0.36,2025-10-15,806,N,VIIRS,n,2,301.35,6.56,D,0
32.21323,73.81258,337.58,0.39,0.36,2025-10-15,806,N,VIIRS,n,2,301.65,4.75,D,0
32.22241,74.90545,330.67,0.38,0.36,2025-10-15,806,N,VIIRS,n,2,299.59,1.83,D,0
32.23444,73.94421,331.78,0.39,0.36,2025-10-15,806,N,VIIRS,n,2,298.92,2.85,D,0
32.25311,75.24222,335.03,0.38,0.36,2025-10-15,806,N,VIIRS,n,2,300.93,2.13,D,0
32.25343,73.87678,333.74,0.39,0.36,2025-10-15,806,N,VIIRS,n,2,298.42,4.33,D,0
32.28528,73.9463,338.88,0.39,0.36,2025-10-15,806,N,VIIRS,n,2,300.72,4.33,D,0
32.28993,73.91122,336.22,0.39,0.36,2025-10-15,806,N,VIIRS,n,2,300.52,4.03,D,0
32.29059,73.91533,331.44,0.39,0.36,2025-10-15,806,N,VIIRS,n,2,298.79,4.25,D,0
32.29772,75.31257,333.22,0.38,0.36,2025-10-15,806,N,VIIRS,n,2,301.27,1.28,D,0
32.30188,74.78485,335.04,0.38,0.36,2025-10-15,806,N,VIIRS,n,2,297.56,4,D,0
32.31705,73.99447,333.31,0.39,0.36,2025-10-15,806,N,VIIRS,n,2,301.28,4.29,D,0
32.3188,73.29811,332.71,0.4,0.37,2025-10-15,806,N,VIIRS,n,2,301.44,4.59,D,0
32.36595,74.54094,334.68,0.38,0.36,2025-10-15,806,N,VIIRS,n,2,300.29,3.65,D,0
32.41317,74.34129,345.28,0.39,0.36,2025-10-15,806,N,VIIRS,n,2,302.14,4.11,D,0
32.41604,74.42493,344.09,0.39,0.36,2025-10-15,806,N,VIIRS,n,2,301.91,4.11,D,0
32.49572,73.7123,331.52,0.39,0.36,2025-10-15,806,N,VIIRS,n,2,299.39,1.99,D,0
32.49749,73.31505,339.9,0.4,0.37,2025-10-15,806,N,VIIRS,n,2,299.79,2.92,D,0
32.53709,74.8153,335.68,0.38,0.36,2025-10-15,806,N,VIIRS,n,2,301.58,3.29,D,0
32.53772,74.81936,333.1,0.38,0.36,2025-10-15,806,N,VIIRS,n,2,300.46,3.29,D,0
32.54307,74.80982,331.94,0.38,0.36,2025-10-15,806,N,VIIRS,n,2,300.97,3.67,D,0
32.55154,73.18017,332.86,0.4,0.37,2025-10-15,806,N,VIIRS,n,2,301.81,1.33,D,0
32.66928,69.54312,331.02,0.54,0.42,2025-10-15,806,N,VIIRS,n,2,303.8,4.03,D,0
32.67036,69.54872,332.78,0.54,0.42,2025-10-15,806,N,VIIRS,n,2,303.16,4.03,D,0
32.67051,69.54629,342.29,0.54,0.42,2025-10-15,806,N,VIIRS,n,2,303.2,7.43,D,0
33.40887,71.9414,336.32,0.42,0.38,2025-10-15,806,N,VIIRS,l,2,308.63,1.79,D,2
33.91025,71.91328,339.08,0.42,0.38,2025-10-15,807,N,VIIRS,n,2,301.59,3.22,D,0
31.61503,74.37501,301.23,0.39,0.44,2025-10-15,2029,N,VIIRS,n,2,291.2,0.24,N,2
31.62176,74.42604,301.94,0.38,0.43,2025-10-15,2029,N,VIIRS,n,2,291.18,0.27,N,2
32.29477,70.73151,302.6,0.63,0.54,2025-10-15,2029,N,VIIRS,n,2,292.29,1.05,N,2
32.72608,73.13873,303.21,0.46,0.47,2025-10-15,2029,N,VIIRS,n,2,293.06,0.67,N,2
33.68946,72.70973,305.91,0.5,0.49,2025-10-15,2029,N,VIIRS,n,2,291.17,1.39,N,2
27.96879,73.34438,301.21,0.4,0.44,2025-10-15,2030,N,VIIRS,n,2,289.38,0.52,N,0
28.42375,69.69758,313.73,0.33,0.55,2025-10-15,2030,N,VIIRS,n,2,294.13,1.12,N,2
29.44332,74.92142,300.98,0.51,0.41,2025-10-15,2030,N,VIIRS,n,2,290.06,0.89,N,0
32.88931,71.61819,301.24,0.72,0.76,2025-10-15,2209,N,VIIRS,n,2,289.98,1.51,N,2
32.8917,71.61828,301.16,0.72,0.76,2025-10-15,2209,N,VIIRS,n,2,289.95,1.1,N,2