latitude,longitude,bright_ti4,scan,track,acq_date,acq_time,satellite,instrument,confidence,version,bright_ti5,frp,daynight,type
27.76468,72.63084,348.21,0.47,0.39,2023-10-26,802,N,VIIRS,n,2,307.7,9.39,D,0
28.21194,73.2344,339.46,0.44,0.38,2023-10-26,802,N,VIIRS,l,2,310.54,2.8,D,0
28.21543,73.23362,356.01,0.44,0.38,2023-10-26,802,N,VIIRS,n,2,308.93,2.8,D,0
28.21619,73.23804,344.15,0.44,0.38,2023-10-26,802,N,VIIRS,n,2,308.77,2.8,D,0
28.21725,73.2653,335.56,0.44,0.38,2023-10-26,802,N,VIIRS,l,2,309.26,2.29,D,0
28.21801,73.2697,344.58,0.44,0.38,2023-10-26,802,N,VIIRS,n,2,310.03,3.56,D,0
28.21816,73.22842,342.04,0.44,0.38,2023-10-26,802,N,VIIRS,n,2,308.51,2.05,D,0
28.21847,73.25128,336.34,0.44,0.38,2023-10-26,802,N,VIIRS,l,2,309.77,2.75,D,0
28.21877,73.27409,345.57,0.43,0.38,2023-10-26,802,N,VIIRS,n,2,309.86,3.56,D,0
28.21892,73.23283,350.15,0.44,0.38,2023-10-26,802,N,VIIRS,n,2,308.75,2.97,D,0
28.21968,73.23726,346.74,0.44,0.38,2023-10-26,802,N,VIIRS,n,2,309.2,2.97,D,0
28.21999,73.26011,347.12,0.44,0.38,2023-10-26,802,N,VIIRS,n,2,308.85,2.29,D,0
28.22044,73.24168,339.71,0.44,0.38,2023-10-26,802,N,VIIRS,l,2,309.91,2.04,D,0
28.22075,73.26453,344.57,0.44,0.38,2023-10-26,802,N,VIIRS,n,2,309.53,2.29,D,0
28.2212,73.24609,341.41,0.44,0.38,2023-10-26,802,N,VIIRS,n,2,308.82,2.04,D,0
28.22132,73.24789,336.8,0.44,0.38,2023-10-26,802,N,VIIRS,l,2,308.47,2.03,D,0
28.22166,73.22764,337.91,0.44,0.38,2023-10-26,802,N,VIIRS,l,2,309.57,2.05,D,0
28.2217,73.22945,337.09,0.44,0.38,2023-10-26,802,N,VIIRS,l,2,308.25,3.33,D,0
28.22196,73.2505,354.01,0.44,0.38,2023-10-26,802,N,VIIRS,n,2,308.62,3.45,D,0
28.2221,73.25229,344.63,0.44,0.38,2023-10-26,802,N,VIIRS,n,2,308.18,3.09,D,0
28.22226,73.27332,347.97,0.43,0.38,2023-10-26,802,N,VIIRS,n,2,310.49,3.56,D,0
28.22242,73.23206,340.75,0.44,0.38,2023-10-26,802,N,VIIRS,n,2,307.92,2.97,D,0
28.22272,73.25492,353.71,0.44,0.38,2023-10-26,802,N,VIIRS,n,2,309.2,3.45,D,0
28.22348,73.25933,351.3,0.44,0.38,2023-10-26,802,N,VIIRS,n,2,309.53,3.16,D,0
28.22365,73.2611,339.29,0.44,0.38,2023-10-26,802,N,VIIRS,n,2,308.94,2.69,D,0
28.22393,73.2409,336.9,0.44,0.38,2023-10-26,802,N,VIIRS,l,2,310.15,2.04,D,0
28.22404,73.2427,338.75,0.44,0.38,2023-10-26,802,N,VIIRS,n,2,308.34,2.03,D,0
28.22424,73.26374,351.71,0.44,0.38,2023-10-26,802,N,VIIRS,n,2,309.42,3.16,D,0
28.22469,73.24531,348.37,0.44,0.38,2023-10-26,802,N,VIIRS,n,2,308.26,2.04,D,0
28.22481,73.2471,340.87,0.44,0.38,2023-10-26,802,N,VIIRS,n,2,307.87,2.03,D,0
28.22545,73.24973,356.64,0.44,0.38,2023-10-26,802,N,VIIRS,n,2,308.36,3.45,D,0
28.22559,73.25151,340.43,0.44,0.38,2023-10-26,802,N,VIIRS,n,2,307.26,3.09,D,0
28.22575,73.27254,341.8,0.43,0.38,2023-10-26,802,N,VIIRS,n,2,308.73,3.7,D,0
28.22621,73.25414,340.64,0.44,0.38,2023-10-26,802,N,VIIRS,n,2,308.94,3.45,D,0
28.22636,73.21468,340.43,0.44,0.38,2023-10-26,802,N,VIIRS,n,2,308.84,2.09,D,0
28.22714,73.21909,340.76,0.44,0.38,2023-10-26,802,N,VIIRS,n,2,308.83,2.09,D,0
28.22753,73.24191,338.6,0.44,0.38,2023-10-26,802,N,VIIRS,n,2,307.72,2.18,D,0
28.22772,73.26296,341.73,0.44,0.38,2023-10-26,802,N,VIIRS,n,2,311.1,3.16,D,0
28.22791,73.22351,336.7,0.44,0.38,2023-10-26,802,N,VIIRS,l,2,308.88,2.16,D,0
28.22792,73.26472,344.75,0.43,0.38,2023-10-26,802,N,VIIRS,n,2,309.41,2.69,D,0
28.2283,73.24633,341.59,0.44,0.38,2023-10-26,802,N,VIIRS,n,2,307.7,2.18,D,0
28.22848,73.26737,357.14,0.44,0.38,2023-10-26,802,N,VIIRS,l,2,309.2,3.7,D,0
28.22869,73.22791,342.83,0.44,0.38,2023-10-26,802,N,VIIRS,n,2,308.39,2.16,D,0
28.22869,73.26912,337.6,0.43,0.38,2023-10-26,802,N,VIIRS,l,2,308.25,4.23,D,0
28.22908,73.25074,348.21,0.44,0.38,2023-10-26,802,N,VIIRS,n,2,308.52,3.92,D,0
28.22924,73.27178,347.03,0.43,0.38,2023-10-26,802,N,VIIRS,n,2,309.13,3.7,D,0
28.22947,73.23232,338.21,0.44,0.38,2023-10-26,802,N,VIIRS,n,2,308.07,5.6,D,0
28.22986,73.21391,336.4,0.44,0.38,2023-10-26,802,N,VIIRS,l,2,309.83,0.94,D,0
28.23102,73.24115,342.47,0.44,0.38,2023-10-26,802,N,VIIRS,n,2,308.21,2.18,D,0
28.23141,73.26395,337.8,0.43,0.38,2023-10-26,802,N,VIIRS,l,2,310.24,3.02,D,0
28.23761,73.258,342.97,0.44,0.38,2023-10-26,802,N,VIIRS,n,2,308.31,3.47,D,0
28.238,73.23962,341.47,0.44,0.38,2023-10-26,802,N,VIIRS,n,2,308.69,3.75,D,0
28.24187,73.26164,349.04,0.43,0.38,2023-10-26,802,N,VIIRS,n,2,308.8,3.47,D,0
28.24264,73.26604,337.99,0.43,0.38,2023-10-26,802,N,VIIRS,l,2,309.38,2.46,D,0
28.24495,73.27921,351.49,0.43,0.38,2023-10-26,802,N,VIIRS,n,2,309.07,4.6,D,0
28.24536,73.26087,340.27,0.43,0.38,2023-10-26,802,N,VIIRS,n,2,308.64,2.47,D,0
28.24572,73.2836,351.3,0.43,0.38,2023-10-26,802,N,VIIRS,n,2,308.99,3.82,D,0
28.24613,73.26527,337.9,0.43,0.38,2023-10-26,802,N,VIIRS,l,2,310.49,1.76,D,0
28.24731,73.25129,339.37,0.44,0.38,2023-10-26,802,N,VIIRS,n,2,308.31,3.2,D,0
28.24767,73.27405,336.6,0.43,0.38,2023-10-26,802,N,VIIRS,l,2,310.08,3.31,D,0
28.24808,73.25569,338.71,0.44,0.38,2023-10-26,802,N,VIIRS,n,2,308.2,2.47,D,0
28.24844,73.27844,357.04,0.43,0.38,2023-10-26,802,N,VIIRS,n,2,309.01,3.31,D,0
28.24848,73.2373,341.97,0.44,0.38,2023-10-26,802,N,VIIRS,n,2,308.43,2.59,D,0
28.24921,73.28284,350.35,0.43,0.38,2023-10-26,802,N,VIIRS,n,2,309.71,4.94,D,0
28.24925,73.24171,348.87,0.44,0.38,2023-10-26,802,N,VIIRS,n,2,309.27,2.59,D,0
28.25003,73.24612,343.27,0.44,0.38,2023-10-26,802,N,VIIRS,n,2,309.03,3.22,D,0
28.2508,73.25052,353.7,0.44,0.38,2023-10-26,802,N,VIIRS,n,2,308.86,3.22,D,0
28.25157,73.25493,353.09,0.44,0.38,2023-10-26,802,N,VIIRS,n,2,308.48,3.35,D,0
28.25193,73.27767,348.76,0.43,0.38,2023-10-26,802,N,VIIRS,n,2,309.66,3.31,D,0
28.25198,73.23653,339.5,0.44,0.38,2023-10-26,802,N,VIIRS,n,2,307.48,2.59,D,0
28.25234,73.25932,350.39,0.43,0.38,2023-10-26,802,N,VIIRS,n,2,309.36,3.35,D,0
28.2527,73.28207,355.2,0.43,0.38,2023-10-26,802,N,VIIRS,n,2,309.34,4.94,D,0
28.25393,73.22694,342.6,0.44,0.38,2023-10-26,802,N,VIIRS,n,2,309.07,2.53,D,0
28.2547,73.23135,349.5,0.44,0.38,2023-10-26,802,N,VIIRS,n,2,309.02,2.53,D,0
28.25506,73.25416,349.25,0.44,0.38,2023-10-26,802,N,VIIRS,n,2,308.94,3.35,D,0
28.25541,73.27691,344.27,0.43,0.38,2023-10-26,802,N,VIIRS,n,2,310.32,3.43,D,0
28.25588,73.21734,338.21,0.44,0.38,2023-10-26,802,N,VIIRS,l,2,310.09,1.77,D,0
28.25618,73.2813,357.02,0.43,0.38,2023-10-26,802,N,VIIRS,l,2,309.72,3.81,D,0
28.2566,73.26295,352.58,0.43,0.38,2023-10-26,802,N,VIIRS,n,2,309.77,2.81,D,0
28.25665,73.22176,336.38,0.44,0.38,2023-10-26,802,N,VIIRS,l,2,310.19,1.77,D,0
28.25695,73.28569,336.17,0.43,0.38,2023-10-26,802,N,VIIRS,l,2,310,3.81,D,0
28.25736,73.26734,343.56,0.43,0.38,2023-10-26,802,N,VIIRS,n,2,309.3,2.81,D,0
28.25742,73.22617,348.23,0.44,0.38,2023-10-26,802,N,VIIRS,n,2,309.88,2.53,D,0
28.25764,73.33103,351.43,0.43,0.38,2023-10-26,802,N,VIIRS,n,2,310.55,4.52,D,0
28.25813,73.27174,344.15,0.43,0.38,2023-10-26,802,N,VIIRS,n,2,310.47,3.43,D,0
28.25855,73.25338,350.53,0.44,0.38,2023-10-26,802,N,VIIRS,n,2,309.03,3.68,D,0
28.2589,73.27613,357.12,0.43,0.38,2023-10-26,802,N,VIIRS,n,2,309.3,3.43,D,0
28.25937,73.21657,352.81,0.44,0.38,2023-10-26,802,N,VIIRS,n,2,309.3,2.71,D,0
28.25967,73.28053,357.24,0.43,0.38,2023-10-26,802,N,VIIRS,l,2,309.25,3.81,D,0
28.26009,73.26218,351.41,0.43,0.38,2023-10-26,802,N,VIIRS,n,2,309.26,3.45,D,0
28.26014,73.22098,349.89,0.44,0.38,2023-10-26,802,N,VIIRS,n,2,309.45,2.71,D,0
28.26036,73.3259,338.56,0.43,0.38,2023-10-26,802,N,VIIRS,l,2,310.86,4.52,D,0
28.26044,73.28492,342.98,0.43,0.38,2023-10-26,802,N,VIIRS,n,2,309.52,3.81,D,0
28.26085,73.26658,356.13,0.43,0.38,2023-10-26,802,N,VIIRS,n,2,308.42,3.45,D,0
28.26091,73.2254,343.88,0.44,0.38,2023-10-26,802,N,VIIRS,n,2,309.25,2.62,D,0
28.26112,73.33026,357.74,0.43,0.38,2023-10-26,802,N,VIIRS,l,2,310.23,4.52,D,0
28.26146,73.35287,341.17,0.43,0.38,2023-10-26,802,N,VIIRS,n,2,310.86,3.24,D,0
28.26162,73.27098,355.44,0.43,0.38,2023-10-26,802,N,VIIRS,n,2,309.48,4.86,D,0
28.26168,73.2298,347.91,0.44,0.38,2023-10-26,802,N,VIIRS,n,2,309.32,2.62,D,0
28.26209,73.21138,346.59,0.44,0.38,2023-10-26,802,N,VIIRS,n,2,309.13,3.19,D,0
28.26222,73.35724,349,0.43,0.38,2023-10-26,802,N,VIIRS,n,2,309.43,3.24,D,0
28.26239,73.27537,356.22,0.43,0.38,2023-10-26,802,N,VIIRS,n,2,309.43,4.86,D,0
28.26281,73.25701,344.24,0.43,0.38,2023-10-26,802,N,VIIRS,n,2,309.34,3.68,D,0
28.26286,73.21579,344.75,0.44,0.38,2023-10-26,802,N,VIIRS,n,2,309.67,2.71,D,0
28.26315,73.27975,351.11,0.43,0.38,2023-10-26,802,N,VIIRS,n,2,308.62,3.23,D,0
28.26357,73.26141,350.86,0.43,0.38,2023-10-26,802,N,VIIRS,n,2,308.69,3.45,D,0
28.26363,73.22021,345.54,0.44,0.38,2023-10-26,802,N,VIIRS,n,2,309.14,2.71,D,0
28.26384,73.32513,346.71,0.43,0.38,2023-10-26,802,N,VIIRS,n,2,310.67,5.56,D,0
28.26392,73.28415,341.75,0.43,0.38,2023-10-26,802,N,VIIRS,n,2,309.61,3.23,D,0
28.26434,73.26581,354.52,0.43,0.38,2023-10-26,802,N,VIIRS,n,2,308.57,3.45,D,0
28.2644,73.22462,353.41,0.44,0.38,2023-10-26,802,N,VIIRS,n,2,309.19,2.62,D,0
28.2646,73.3295,357.03,0.43,0.38,2023-10-26,802,N,VIIRS,l,2,310.14,5.56,D,0
28.26493,73.35211,345.58,0.43,0.38,2023-10-26,802,N,VIIRS,n,2,310.43,3.24,D,0
28.26511,73.2702,356.91,0.43,0.38,2023-10-26,802,N,VIIRS,l,2,309.08,4.86,D,0
28.26517,73.22903,346.96,0.44,0.38,2023-10-26,802,N,VIIRS,n,2,309.61,2.62,D,0
28.26536,73.33388,348.77,0.43,0.38,2023-10-26,802,N,VIIRS,n,2,310.31,4.78,D,0
28.26569,73.35648,353.48,0.43,0.38,2023-10-26,802,N,VIIRS,n,2,310.27,3.24,D,0
28.26587,73.2746,356.85,0.43,0.38,2023-10-26,802,N,VIIRS,l,2,308.87,4.86,D,0
28.26594,73.23344,341.84,0.44,0.38,2023-10-26,802,N,VIIRS,n,2,309.5,3.25,D,0
28.26612,73.33825,351.31,0.43,0.38,2023-10-26,802,N,VIIRS,n,2,309.32,4.78,D,0
28.26664,73.27899,354.46,0.43,0.38,2023-10-26,802,N,VIIRS,n,2,309.2,3.23,D,0
28.26689,73.34262,346.5,0.43,0.38,2023-10-26,802,N,VIIRS,n,2,308.99,3.98,D,0
28.26706,73.26064,356.32,0.43,0.38,2023-10-26,802,N,VIIRS,l,2,309.48,4.95,D,0
28.26732,73.32436,341.58,0.43,0.38,2023-10-26,802,N,VIIRS,n,2,309.95,5.56,D,0
28.26741,73.28337,352.83,0.43,0.38,2023-10-26,802,N,VIIRS,n,2,309.26,3.23,D,0
28.26783,73.26504,355.33,0.43,0.38,2023-10-26,802,N,VIIRS,n,2,308.44,4.95,D,0
28.26789,73.22384,351.27,0.44,0.38,2023-10-26,802,N,VIIRS,n,2,309.38,2.94,D,0
28.26808,73.32874,357.23,0.43,0.38,2023-10-26,802,N,VIIRS,l,2,309.31,5.56,D,0
28.26841,73.35135,357.02,0.43,0.38,2023-10-26,802,N,VIIRS,l,2,309.03,5.96,D,0
28.26859,73.26943,356.32,0.43,0.38,2023-10-26,802,N,VIIRS,l,2,308.61,4.1,D,0
28.26867,73.22826,339.58,0.44,0.38,2023-10-26,802,N,VIIRS,l,2,310.15,2.94,D,0
28.26884,73.33311,353.95,0.43,0.38,2023-10-26,802,N,VIIRS,n,2,309.25,4.78,D,0
28.26936,73.27383,347.92,0.43,0.38,2023-10-26,802,N,VIIRS,n,2,308.95,4.1,D,0
28.26961,73.33749,350.85,0.43,0.38,2023-10-26,802,N,VIIRS,n,2,308.95,4.78,D,0
28.27036,73.34186,357.24,0.43,0.38,2023-10-26,802,N,VIIRS,l,2,308.72,3.98,D,0
28.27062,73.21866,338.95,0.44,0.38,2023-10-26,802,N,VIIRS,l,2,309.69,2.47,D,0
28.2708,73.32359,347.45,0.43,0.38,2023-10-26,802,N,VIIRS,n,2,310.16,4.02,D,0
28.27112,73.34621,344.15,0.43,0.38,2023-10-26,802,N,VIIRS,n,2,308.6,3.98,D,0
28.27132,73.26427,355.13,0.43,0.38,2023-10-26,802,N,VIIRS,n,2,309.96,4.95,D,0
28.27156,73.32796,356.35,0.43,0.38,2023-10-26,802,N,VIIRS,l,2,308.79,4.02,D,0
28.27166,73.28699,350.88,0.43,0.38,2023-10-26,802,N,VIIRS,n,2,308.61,2.93,D,0
28.27188,73.35058,355.11,0.43,0.38,2023-10-26,802,N,VIIRS,n,2,308.55,5.96,D,0
28.27208,73.26866,356.81,0.43,0.38,2023-10-26,802,N,VIIRS,l,2,308.54,4.1,D,0
28.27232,73.33234,353.42,0.43,0.38,2023-10-26,802,N,VIIRS,n,2,308.03,3.24,D,0
28.27242,73.29137,351.51,0.43,0.38,2023-10-26,802,N,VIIRS,n,2,308.67,2.93,D,0
28.27285,73.27306,346.04,0.43,0.38,2023-10-26,802,N,VIIRS,n,2,309.05,4.1,D,0
28.27308,73.33671,350.7,0.43,0.38,2023-10-26,802,N,VIIRS,n,2,308.61,3.24,D,0
28.27318,73.29575,336.47,0.43,0.38,2023-10-26,802,N,VIIRS,l,2,309.53,1.5,D,0
28.27384,73.34107,345.24,0.43,0.38,2023-10-26,802,N,VIIRS,n,2,308.71,4.58,D,0
28.27411,73.21789,336.21,0.44,0.38,2023-10-26,802,N,VIIRS,l,2,309.76,2,D,0
28.2746,73.34544,338.78,0.43,0.38,2023-10-26,802,N,VIIRS,n,2,309.61,4.58,D,0
28.27504,73.32719,352.8,0.43,0.38,2023-10-26,802,N,VIIRS,n,2,309.17,4.02,D,0
28.27536,73.34981,335.93,0.43,0.38,2023-10-26,802,N,VIIRS,l,2,308.89,1.71,D,0
28.2758,73.33157,341.5,0.43,0.38,2023-10-26,802,N,VIIRS,n,2,308.87,3.24,D,0
28.27633,73.27228,336.06,0.43,0.38,2023-10-26,802,N,VIIRS,l,2,309.29,1.69,D,0
28.27656,73.33594,342.81,0.43,0.38,2023-10-26,802,N,VIIRS,n,2,309.04,3.24,D,0
28.27684,73.21269,343.03,0.44,0.38,2023-10-26,802,N,VIIRS,n,2,309.29,2,D,0
28.27732,73.3403,356.91,0.43,0.38,2023-10-26,802,N,VIIRS,l,2,308.87,4.58,D,0
28.27808,73.34466,356.85,0.43,0.38,2023-10-26,802,N,VIIRS,l,2,309.26,4.58,D,0
28.27957,73.2075,338.59,0.44,0.38,2023-10-26,802,N,VIIRS,l,2,309.43,1.43,D,0
28.28004,73.33517,344.79,0.43,0.38,2023-10-26,802,N,VIIRS,n,2,309.82,4.39,D,0
28.2808,73.33953,356.32,0.43,0.38,2023-10-26,802,N,VIIRS,l,2,309.07,7.3,D,0
28.28156,73.34389,356.35,0.43,0.38,2023-10-26,802,N,VIIRS,l,2,310.33,7.3,D,0
28.28352,73.33441,356.79,0.43,0.38,2023-10-26,802,N,VIIRS,l,2,309.36,4.39,D,0
28.28428,73.33878,356.81,0.43,0.38,2023-10-26,802,N,VIIRS,l,2,309.33,7.3,D,0
28.28503,73.34314,353.32,0.43,0.38,2023-10-26,802,N,VIIRS,n,2,309.4,7.3,D,0
28.287,73.33364,349.15,0.43,0.38,2023-10-26,802,N,VIIRS,n,2,309.97,2.58,D,0
28.34765,73.39271,340.26,0.43,0.38,2023-10-26,802,N,VIIRS,l,2,310.61,2.36,D,0
28.34839,73.39706,349.48,0.43,0.38,2023-10-26,802,N,VIIRS,n,2,310.95,5.33,D,0
28.35136,73.41443,356.93,0.43,0.38,2023-10-26,802,N,VIIRS,l,2,310.53,4.61,D,0
28.35186,73.3963,357.08,0.43,0.38,2023-10-26,802,N,VIIRS,l,2,310.55,5.33,D,0
28.3521,73.41877,351.08,0.43,0.38,2023-10-26,802,N,VIIRS,n,2,309.76,4.61,D,0
28.3531,73.38248,343.06,0.43,0.38,2023-10-26,802,N,VIIRS,n,2,310.62,2.98,D,0
28.35427,73.38345,356.3,0.43,0.38,2023-10-26,802,N,VIIRS,n,2,311,8.6,D,0
28.35459,73.39119,350.19,0.43,0.38,2023-10-26,802,N,VIIRS,n,2,309.25,4.67,D,0
28.35483,73.41367,357.08,0.43,0.38,2023-10-26,802,N,VIIRS,l,2,309.83,4.61,D,0
28.35503,73.38779,352.7,0.43,0.38,2023-10-26,802,N,VIIRS,n,2,310.13,8.69,D,0
28.35533,73.39554,357.18,0.43,0.38,2023-10-26,802,N,VIIRS,l,2,309.56,4.78,D,0
28.35557,73.41801,351,0.43,0.38,2023-10-26,802,N,VIIRS,n,2,310.78,4.61,D,0
28.35579,73.39214,356.75,0.43,0.38,2023-10-26,802,N,VIIRS,l,2,310.34,8.69,D,0
28.35608,73.39989,351.32,0.43,0.38,2023-10-26,802,N,VIIRS,n,2,310.45,4.78,D,0
28.35631,73.42236,357.08,0.43,0.38,2023-10-26,802,N,VIIRS,l,2,310.71,4.88,D,0
28.35655,73.39648,356.79,0.43,0.38,2023-10-26,802,N,VIIRS,l,2,310.56,8.59,D,0
28.35657,73.38171,353.22,0.43,0.38,2023-10-26,802,N,VIIRS,n,2,310.14,2.98,D,0
28.35705,73.4267,345.91,0.43,0.38,2023-10-26,802,N,VIIRS,n,2,310.5,4.88,D,0
28.35731,73.40082,351.24,0.43,0.38,2023-10-26,802,N,VIIRS,n,2,310.91,8.59,D,0
28.35732,73.38606,354.8,0.43,0.38,2023-10-26,802,N,VIIRS,n,2,308.94,4.67,D,0
28.35756,73.40856,342.65,0.43,0.38,2023-10-26,802,N,VIIRS,n,2,309.98,3.12,D,0
28.35774,73.38268,356.93,0.43,0.38,2023-10-26,802,N,VIIRS,l,2,311.15,8.6,D,0
28.35806,73.39043,357.13,0.43,0.38,2023-10-26,802,N,VIIRS,n,2,309.04,4.67,D,0
28.3583,73.41291,352.52,0.43,0.38,2023-10-26,802,N,VIIRS,n,2,310.12,3.86,D,0
28.3585,73.38702,356.95,0.43,0.38,2023-10-26,802,N,VIIRS,l,2,309.57,8.69,D,0
28.3588,73.39478,355.4,0.43,0.38,2023-10-26,802,N,VIIRS,n,2,309.02,4.78,D,0
28.35883,73.40949,350.15,0.43,0.38,2023-10-26,802,N,VIIRS,n,2,311.14,6.36,D,0
28.35904,73.41725,336.31,0.43,0.38,2023-10-26,802,N,VIIRS,l,2,310.54,3.86,D,0
28.35926,73.39137,356.93,0.43,0.38,2023-10-26,802,N,VIIRS,l,2,309.54,8.69,D,0
28.35954,73.39912,350.07,0.43,0.38,2023-10-26,802,N,VIIRS,n,2,309.67,4.78,D,0
28.35959,73.41384,353.26,0.43,0.38,2023-10-26,802,N,VIIRS,n,2,310.18,8.14,D,0
28.36002,73.39571,356.95,0.43,0.38,2023-10-26,802,N,VIIRS,l,2,310.08,8.59,D,0
28.36034,73.41817,350.66,0.43,0.38,2023-10-26,802,N,VIIRS,n,2,310.58,8.14,D,0
28.36052,73.42593,337.06,0.43,0.38,2023-10-26,802,N,VIIRS,l,2,311.65,1.68,D,0
28.36078,73.40006,348.4,0.43,0.38,2023-10-26,802,N,VIIRS,n,2,310.14,8.59,D,0
28.36102,73.40781,354.55,0.43,0.38,2023-10-26,802,N,VIIRS,n,2,310.46,3.12,D,0
28.36121,73.38191,341.03,0.43,0.38,2023-10-26,802,N,VIIRS,l,2,311.91,1.54,D,0
28.36154,73.4044,339.35,0.43,0.38,2023-10-26,802,N,VIIRS,l,2,312.1,6.36,D,0
28.36176,73.41215,357.16,0.43,0.38,2023-10-26,802,N,VIIRS,l,2,310.13,3.86,D,0
28.36197,73.38626,356.6,0.43,0.38,2023-10-26,802,N,VIIRS,l,2,311.08,5.09,D,0
28.3623,73.40874,356.93,0.43,0.38,2023-10-26,802,N,VIIRS,l,2,311.34,6.36,D,0
28.3625,73.4165,349.22,0.43,0.38,2023-10-26,802,N,VIIRS,n,2,310.22,3.86,D,0
28.36273,73.39062,355.94,0.43,0.38,2023-10-26,802,N,VIIRS,n,2,310.14,5.09,D,0
28.36305,73.41308,356.95,0.43,0.38,2023-10-26,802,N,VIIRS,l,2,311.69,8.14,D,0
28.36324,73.42083,337.34,0.43,0.38,2023-10-26,802,N,VIIRS,l,2,309.3,1.68,D,0
28.36349,73.39496,356.6,0.43,0.38,2023-10-26,802,N,VIIRS,l,2,310.94,10.72,D,0
28.36381,73.41741,352.67,0.43,0.38,2023-10-26,802,N,VIIRS,n,2,311.29,8.14,D,0
28.36425,73.3993,352.96,0.43,0.38,2023-10-26,802,N,VIIRS,n,2,310.52,10.72,D,0
28.36456,73.42174,344.97,0.43,0.38,2023-10-26,802,N,VIIRS,n,2,310.91,3.91,D,0
28.36544,73.3855,341.47,0.43,0.38,2023-10-26,802,N,VIIRS,n,2,311.31,5.09,D,0
29.21593,70.68808,341.81,0.55,0.42,2023-10-26,802,N,VIIRS,n,2,304.4,11.11,D,0
29.29542,75.4185,339.05,0.39,0.36,2023-10-26,802,N,VIIRS,l,2,312.03,2.97,D,0
29.29872,75.41784,337.15,0.39,0.36,2023-10-26,802,N,VIIRS,l,2,311.04,2.97,D,0
29.34975,73.50756,337.6,0.42,0.37,2023-10-26,802,N,VIIRS,n,2,304.13,2.19,D,0
29.35246,73.50253,354.46,0.42,0.37,2023-10-26,802,N,VIIRS,n,2,305.38,9.51,D,0
29.35317,73.50681,357.13,0.42,0.37,2023-10-26,802,N,VIIRS,l,2,305.36,7.02,D,0
29.35389,73.51106,346.34,0.42,0.37,2023-10-26,802,N,VIIRS,n,2,303.54,7.02,D,0
29.35455,73.50287,356.86,0.42,0.37,2023-10-26,802,N,VIIRS,l,2,306.29,5.43,D,0
29.35588,73.50178,355.62,0.42,0.37,2023-10-26,802,N,VIIRS,n,2,306.66,9.51,D,0
29.35602,73.51139,353.42,0.42,0.37,2023-10-26,802,N,VIIRS,n,2,303.83,6.53,D,0
29.35621,73.54589,337.97,0.42,0.37,2023-10-26,802,N,VIIRS,n,2,305.52,3.11,D,0
29.35659,73.50603,338.35,0.42,0.37,2023-10-26,802,N,VIIRS,n,2,304.68,7.02,D,0
29.35692,73.55015,356.52,0.42,0.37,2023-10-26,802,N,VIIRS,n,2,305.5,5.97,D,0
29.35732,73.5103,347.48,0.42,0.37,2023-10-26,802,N,VIIRS,n,2,305.2,7.02,D,0
29.35797,73.50211,356.58,0.42,0.37,2023-10-26,802,N,VIIRS,n,2,305.58,5.43,D,0
29.35803,73.51456,357.09,0.42,0.37,2023-10-26,802,N,VIIRS,l,2,305.91,7.6,D,0
29.35875,73.51883,356.15,0.42,0.37,2023-10-26,802,N,VIIRS,n,2,304.5,7.6,D,0
29.35943,73.51063,348.81,0.42,0.37,2023-10-26,802,N,VIIRS,n,2,304.09,6.53,D,0
29.35947,73.52309,354.8,0.42,0.37,2023-10-26,802,N,VIIRS,n,2,304.4,6.75,D,0
29.35963,73.54514,346.78,0.42,0.37,2023-10-26,802,N,VIIRS,n,2,307.23,11.08,D,0
29.36017,73.51489,353.92,0.42,0.37,2023-10-26,802,N,VIIRS,n,2,304.8,10.37,D,0
29.36034,73.54939,353.23,0.42,0.37,2023-10-26,802,N,VIIRS,n,2,306.73,11.94,D,0
29.3609,73.51914,352.6,0.42,0.37,2023-10-26,802,N,VIIRS,n,2,305.72,10.37,D,0
29.36139,73.50135,349.1,0.42,0.37,2023-10-26,802,N,VIIRS,n,2,306.72,7.63,D,0
29.36163,73.5234,356.27,0.42,0.37,2023-10-26,802,N,VIIRS,n,2,306.27,10.97,D,0
29.36186,73.54543,352.96,0.42,0.37,2023-10-26,802,N,VIIRS,n,2,307.8,8.34,D,0
29.36213,73.50561,342.78,0.42,0.37,2023-10-26,802,N,VIIRS,n,2,307.04,3.91,D,0
29.36259,73.54967,338.38,0.42,0.37,2023-10-26,802,N,VIIRS,n,2,305.1,6.36,D,0
29.36285,73.50987,335.3,0.42,0.37,2023-10-26,802,N,VIIRS,n,2,304.88,3.91,D,0
29.36304,73.54438,344.24,0.42,0.37,2023-10-26,802,N,VIIRS,n,2,305.24,11.08,D,0
29.36309,73.53192,354.4,0.42,0.37,2023-10-26,802,N,VIIRS,n,2,303.5,3.08,D,0
29.36358,73.51413,340.88,0.42,0.37,2023-10-26,802,N,VIIRS,n,2,302.17,3.15,D,0
29.36376,73.54864,348.98,0.42,0.37,2023-10-26,802,N,VIIRS,n,2,306.27,11.94,D,0
29.36382,73.53617,348.97,0.42,0.37,2023-10-26,802,N,VIIRS,n,2,303.18,3.08,D,0
29.36455,73.54042,355.74,0.42,0.37,2023-10-26,802,N,VIIRS,n,2,303.55,8.34,D,0
29.36505,73.52265,356.57,0.42,0.37,2023-10-26,802,N,VIIRS,l,2,306.6,5.9,D,0
29.36528,73.54468,353.58,0.42,0.37,2023-10-26,802,N,VIIRS,n,2,304.72,8.34,D,0
29.36554,73.50486,357.34,0.42,0.37,2023-10-26,802,N,VIIRS,l,2,304.58,3.91,D,0
29.36578,73.5269,339.15,0.42,0.37,2023-10-26,802,N,VIIRS,n,2,307.78,5.9,D,0
29.36628,73.50911,350.22,0.42,0.37,2023-10-26,802,N,VIIRS,n,2,304.61,3.91,D,0
29.36724,73.53541,349.87,0.42,0.37,2023-10-26,802,N,VIIRS,n,2,303.61,4.59,D,0
29.36774,73.51764,349.77,0.42,0.37,2023-10-26,802,N,VIIRS,n,2,303.69,3.15,D,0
29.36797,73.53967,356.57,0.42,0.37,2023-10-26,802,N,VIIRS,l,2,306.61,7.58,D,0
29.36846,73.52189,353.38,0.42,0.37,2023-10-26,802,N,VIIRS,n,2,305.64,5.9,D,0
29.3687,73.54391,356.59,0.42,0.37,2023-10-26,802,N,VIIRS,l,2,307.39,7.58,D,0
29.46138,70.45442,336.18,0.56,0.43,2023-10-26,802,N,VIIRS,n,2,307.36,4.09,D,0
29.46203,70.45052,335.89,0.56,0.43,2023-10-26,802,N,VIIRS,n,2,307.03,4.97,D,0
29.48722,75.19221,341.1,0.39,0.36,2023-10-26,802,N,VIIRS,n,2,307.98,4.33,D,0
29.49936,74.58421,332.39,0.39,0.36,2023-10-26,802,N,VIIRS,l,2,305.92,3.58,D,0
29.50212,74.55861,330.52,0.39,0.36,2023-10-26,802,N,VIIRS,l,2,303.76,2.55,D,0
29.51076,75.27736,331.98,0.39,0.36,2023-10-26,802,N,VIIRS,l,2,303.84,4.95,D,0
29.51621,75.3782,332.4,0.39,0.36,2023-10-26,802,N,VIIRS,n,2,305.22,1.94,D,0
29.54875,74.26353,335.57,0.4,0.37,2023-10-26,802,N,VIIRS,n,2,303.63,1.51,D,0
29.60593,74.44492,333.61,0.39,0.37,2023-10-26,802,N,VIIRS,n,2,302.38,2.28,D,0
29.62383,75.28389,331.85,0.39,0.36,2023-10-26,802,N,VIIRS,n,2,303.4,1.89,D,0
29.62452,74.47449,336.09,0.39,0.36,2023-10-26,802,N,VIIRS,n,2,302.41,2.34,D,0
29.63066,74.59848,334.97,0.39,0.36,2023-10-26,802,N,VIIRS,n,2,305.34,3.25,D,0
29.63269,74.58971,336.36,0.39,0.36,2023-10-26,802,N,VIIRS,n,2,304.94,3.81,D,0
29.66607,75.32036,335.68,0.39,0.36,2023-10-26,802,N,VIIRS,n,2,306.23,3.21,D,0
29.67367,75.34732,334.56,0.39,0.36,2023-10-26,802,N,VIIRS,n,2,305.49,2.3,D,0
29.6781,75.24431,338.55,0.39,0.36,2023-10-26,802,N,VIIRS,n,2,308.96,4.51,D,0
29.67934,75.42783,335.54,0.38,0.36,2023-10-26,802,N,VIIRS,n,2,309.48,6.44,D,0
29.68782,75.1973,349.25,0.39,0.36,2023-10-26,802,N,VIIRS,n,2,302.55,6.1,D,0
29.71142,74.33896,335.12,0.4,0.37,2023-10-26,802,N,VIIRS,n,2,307.42,4.55,D,0
29.71189,74.33504,333.57,0.4,0.37,2023-10-26,802,N,VIIRS,n,2,304.36,2.14,D,0
29.71255,74.33912,331.05,0.4,0.37,2023-10-26,802,N,VIIRS,n,2,305.09,2.14,D,0
29.72545,74.98466,332.25,0.39,0.36,2023-10-26,802,N,VIIRS,n,2,306.12,2.71,D,0
29.72609,74.98864,333.05,0.39,0.36,2023-10-26,802,N,VIIRS,n,2,304.23,3.66,D,0
29.74518,75.32458,334.99,0.39,0.36,2023-10-26,802,N,VIIRS,n,2,305.38,3.32,D,0
29.77803,75.29788,341.21,0.39,0.36,2023-10-26,802,N,VIIRS,n,2,310.13,10.55,D,0
29.79262,75.34799,345.69,0.38,0.36,2023-10-26,802,N,VIIRS,n,2,307.69,11.44,D,0
29.79724,75.28988,336.64,0.39,0.36,2023-10-26,802,N,VIIRS,n,2,303.34,2.05,D,0
29.79864,75.453,337.84,0.38,0.36,2023-10-26,802,N,VIIRS,n,2,305.12,4.98,D,0
29.80865,75.20975,347.56,0.39,0.36,2023-10-26,802,N,VIIRS,n,2,305.41,6.12,D,0
29.81292,75.30295,334.87,0.39,0.36,2023-10-26,802,N,VIIRS,n,2,303.45,2.67,D,0
29.81837,75.16266,331.6,0.39,0.36,2023-10-26,802,N,VIIRS,l,2,304.91,2.42,D,0
29.82042,75.08836,346.19,0.39,0.36,2023-10-26,802,N,VIIRS,n,2,312.94,9.48,D,0
29.82475,75.24741,338.52,0.39,0.36,2023-10-26,802,N,VIIRS,n,2,304.03,3.7,D,0
29.8262,75.23482,331.4,0.39,0.36,2023-10-26,802,N,VIIRS,n,2,305.07,1.64,D,0
29.82951,75.23415,341.61,0.39,0.36,2023-10-26,802,N,VIIRS,n,2,306.07,2.58,D,0
29.82997,75.369,334.29,0.38,0.36,2023-10-26,802,N,VIIRS,n,2,304.18,3.48,D,0
29.83125,72.78081,330.48,0.44,0.38,2023-10-26,802,N,VIIRS,n,2,300.26,17.89,D,0
29.83204,72.78528,342.17,0.43,0.38,2023-10-26,802,N,VIIRS,n,2,304.45,17.89,D,0
29.83321,75.25796,336.15,0.39,0.36,2023-10-26,802,N,VIIRS,n,2,304.83,5.18,D,0
29.83652,75.25729,341.33,0.39,0.36,2023-10-26,802,N,VIIRS,n,2,304.39,5.18,D,0
29.84997,75.23405,338.68,0.39,0.36,2023-10-26,802,N,VIIRS,n,2,308.42,8.27,D,0
29.85618,74.95365,332.88,0.39,0.36,2023-10-26,802,N,VIIRS,n,2,303.85,2.68,D,0
29.85895,75.16682,338.11,0.39,0.36,2023-10-26,802,N,VIIRS,n,2,305.93,1.91,D,0
29.86714,75.0666,331.92,0.39,0.36,2023-10-26,802,N,VIIRS,l,2,304.01,2.22,D,0
29.8713,75.31168,333.52,0.38,0.36,2023-10-26,802,N,VIIRS,n,2,304.59,2.89,D,0
29.8746,75.311,334.55,0.38,0.36,2023-10-26,802,N,VIIRS,n,2,304.56,5.86,D,0
29.87686,74.93286,345.46,0.39,0.36,2023-10-26,802,N,VIIRS,n,2,308.05,11.63,D,0
29.88388,75.04259,344.02,0.39,0.36,2023-10-26,802,N,VIIRS,n,2,306.2,7.04,D,0
29.92275,75.42392,335.79,0.38,0.36,2023-10-26,802,N,VIIRS,n,2,304.38,5.46,D,0
29.92291,72.55933,332.05,0.44,0.39,2023-10-26,802,N,VIIRS,n,2,299.07,1.2,D,0
29.93854,75.37163,337.1,0.38,0.36,2023-10-26,802,N,VIIRS,n,2,304.95,5.09,D,0
29.93935,71.5026,339.3,0.49,0.4,2023-10-26,802,N,VIIRS,n,2,303.94,8.74,D,0
29.95115,75.36496,332.89,0.38,0.36,2023-10-26,802,N,VIIRS,n,2,303.89,2.18,D,0
29.96626,71.45136,330.2,0.49,0.4,2023-10-26,802,N,VIIRS,n,2,303.63,3.26,D,0
29.98526,74.95263,332.97,0.39,0.36,2023-10-26,802,N,VIIRS,n,2,302.2,1.15,D,0
29.98621,74.9153,330.09,0.39,0.36,2023-10-26,802,N,VIIRS,l,2,303.71,1.79,D,0
30.00085,72.65096,330.72,0.44,0.38,2023-10-26,802,N,VIIRS,n,2,299.88,2.41,D,0
30.00814,75.42805,335.04,0.38,0.36,2023-10-26,802,N,VIIRS,n,2,304.46,3.44,D,0
30.00941,74.91046,344.41,0.39,0.36,2023-10-26,802,N,VIIRS,n,2,304.54,4.53,D,0
30.01272,74.90977,338.45,0.39,0.36,2023-10-26,802,N,VIIRS,n,2,302.75,4.53,D,0
30.01729,75.48753,333.19,0.38,0.36,2023-10-26,802,N,VIIRS,l,2,305.6,10.38,D,0
30.0917,73.33652,335.43,0.42,0.37,2023-10-26,802,N,VIIRS,n,2,302.78,3.17,D,0
30.09511,73.33576,332.07,0.42,0.37,2023-10-26,802,N,VIIRS,n,2,300.59,2.24,D,0
30.09942,72.00585,338.39,0.46,0.39,2023-10-26,802,N,VIIRS,n,2,304.03,11.66,D,0
30.10794,72.99567,332.25,0.43,0.38,2023-10-26,802,N,VIIRS,n,2,303.11,2.44,D,0
30.10835,74.49171,347.05,0.39,0.36,2023-10-26,802,N,VIIRS,n,2,304.35,5.11,D,0
30.11139,72.99487,332.06,0.43,0.38,2023-10-26,802,N,VIIRS,n,2,299.98,2.44,D,0
30.12676,75.18682,336.11,0.39,0.36,2023-10-26,802,N,VIIRS,n,2,304.43,5.86,D,0
30.13131,75.12837,333.86,0.39,0.36,2023-10-26,802,N,VIIRS,n,2,301.69,2.32,D,0
30.133,72.92783,345.91,0.43,0.38,2023-10-26,802,N,VIIRS,n,2,302.17,4.68,D,0
30.14447,75.25698,334.65,0.38,0.36,2023-10-26,802,N,VIIRS,n,2,304.27,7.42,D,0
30.16514,73.02979,330.3,0.42,0.38,2023-10-26,802,N,VIIRS,n,2,301.53,2.04,D,0
30.16591,73.03416,331.76,0.42,0.38,2023-10-26,802,N,VIIRS,n,2,300.3,2.04,D,0
30.16605,74.65878,335.06,0.39,0.36,2023-10-26,802,N,VIIRS,n,2,302.97,2.72,D,0
30.18354,75.20422,332.21,0.39,0.36,2023-10-26,802,N,VIIRS,n,2,301.84,1.16,D,0
30.18762,73.27485,333.57,0.42,0.37,2023-10-26,802,N,VIIRS,n,2,302.07,2.28,D,0
30.19865,74.42252,333.7,0.39,0.36,2023-10-26,802,N,VIIRS,n,2,301.86,2.47,D,0
30.20205,75.32355,334.45,0.38,0.36,2023-10-26,802,N,VIIRS,n,2,301.55,2.58,D,0
30.20531,73.30359,334.25,0.42,0.37,2023-10-26,802,N,VIIRS,n,2,300.33,1.9,D,0
30.21,74.59981,352.48,0.39,0.36,2023-10-26,802,N,VIIRS,n,2,308.82,18.79,D,0
30.21065,74.60384,333.22,0.39,0.36,2023-10-26,802,N,VIIRS,n,2,301.74,18.79,D,0
30.27729,72.96449,332.69,0.42,0.38,2023-10-26,802,N,VIIRS,n,2,303.82,5.35,D,0
30.27805,72.96887,331.6,0.42,0.38,2023-10-26,802,N,VIIRS,n,2,300.98,5.14,D,0
30.28757,75.28142,332.47,0.38,0.36,2023-10-26,802,N,VIIRS,n,2,301.09,9.28,D,0
30.29107,75.04658,333.63,0.39,0.36,2023-10-26,802,N,VIIRS,n,2,307.68,21.29,D,0
30.29149,75.28471,332.96,0.38,0.36,2023-10-26,802,N,VIIRS,l,2,303.96,3.56,D,0
30.301,72.97725,332.79,0.42,0.38,2023-10-26,802,N,VIIRS,n,2,299.77,3.06,D,0
30.31808,73.46839,347.05,0.41,0.37,2023-10-26,802,N,VIIRS,n,2,305.15,8.62,D,0
30.33732,73.96253,340.96,0.4,0.37,2023-10-26,802,N,VIIRS,n,2,302.45,3.25,D,0
30.34266,73.15746,334.5,0.42,0.38,2023-10-26,802,N,VIIRS,n,2,300.54,3.43,D,0
30.36516,73.20609,341.14,0.42,0.37,2023-10-26,802,N,VIIRS,n,2,301.38,3.65,D,0
30.37753,73.50873,336.49,0.41,0.37,2023-10-26,802,N,VIIRS,n,2,302.37,3.3,D,0
30.39159,73.8011,334.9,0.4,0.37,2023-10-26,802,N,VIIRS,n,2,304.13,2.58,D,0
30.39914,75.15213,332.74,0.38,0.36,2023-10-26,802,N,VIIRS,n,2,303.39,2.54,D,0
30.40721,73.58082,332.6,0.41,0.37,2023-10-26,802,N,VIIRS,n,2,300.5,4.05,D,0
30.41016,73.6194,334.41,0.41,0.37,2023-10-26,802,N,VIIRS,n,2,301.13,3.89,D,0
30.4196,73.73878,333.6,0.4,0.37,2023-10-26,802,N,VIIRS,n,2,301.6,2.36,D,0
30.42197,73.81594,334.96,0.4,0.37,2023-10-26,802,N,VIIRS,n,2,303.84,2.86,D,0
30.43254,73.62747,338.19,0.41,0.37,2023-10-26,802,N,VIIRS,n,2,304.42,9.41,D,0
30.43507,75.18587,333.74,0.38,0.36,2023-10-26,802,N,VIIRS,n,2,304.24,3.78,D,0
30.43684,73.67431,348.88,0.4,0.37,2023-10-26,802,N,VIIRS,n,2,306.99,14.21,D,0
30.4393,73.62596,345.97,0.41,0.37,2023-10-26,802,N,VIIRS,n,2,305.17,11.32,D,0
30.46989,73.66262,334.16,0.4,0.37,2023-10-26,802,N,VIIRS,n,2,302.42,2.52,D,0
30.52189,75.13588,333.22,0.38,0.36,2023-10-26,802,N,VIIRS,n,2,301.92,1.58,D,0
30.56064,75.38723,332.74,0.38,0.36,2023-10-26,802,N,VIIRS,n,2,300.85,2.13,D,0
30.565,75.2382,336.65,0.38,0.36,2023-10-26,802,N,VIIRS,n,2,302.45,2.84,D,0
30.59311,75.19945,331.3,0.38,0.36,2023-10-26,802,N,VIIRS,n,2,300.54,1.86,D,0
30.60945,75.04402,338.15,0.39,0.36,2023-10-26,802,N,VIIRS,n,2,302.06,2.99,D,0
30.61759,74.94316,344.92,0.39,0.36,2023-10-26,802,N,VIIRS,n,2,308.32,16.06,D,0
30.61912,75.34645,343.78,0.38,0.36,2023-10-26,802,N,VIIRS,n,2,301.83,4.54,D,0
30.62634,75.34909,333.04,0.38,0.36,2023-10-26,802,N,VIIRS,n,2,302.7,10.74,D,0
30.62879,75.27902,338.41,0.38,0.36,2023-10-26,802,N,VIIRS,n,2,303.69,5.73,D,0
30.63209,75.27835,341.19,0.38,0.36,2023-10-26,802,N,VIIRS,n,2,302.59,5.73,D,0
30.64592,75.27962,336.18,0.38,0.36,2023-10-26,802,N,VIIRS,n,2,301.76,4.19,D,0
30.65092,75.24564,341.39,0.38,0.36,2023-10-26,802,N,VIIRS,n,2,301.87,3.9,D,0
30.66396,75.19762,335.32,0.38,0.36,2023-10-26,802,N,VIIRS,n,2,303.88,2.79,D,0
30.67594,75.1869,333.99,0.38,0.36,2023-10-26,802,N,VIIRS,n,2,303.05,3.35,D,0
30.6788,75.22753,332.14,0.38,0.36,2023-10-26,802,N,VIIRS,n,2,301.28,2.51,D,0
30.69707,75.30206,339.83,0.38,0.36,2023-10-26,802,N,VIIRS,n,2,304.14,3.82,D,0
30.70319,75.342,346.35,0.38,0.36,2023-10-26,802,N,VIIRS,n,2,304.1,10.16,D,0
30.70514,75.28804,334.49,0.38,0.36,2023-10-26,802,N,VIIRS,n,2,303.96,3.35,D,0
30.70844,75.28737,335.53,0.38,0.36,2023-10-26,802,N,VIIRS,n,2,302.49,3.35,D,0
30.72677,75.40718,341.24,0.38,0.36,2023-10-26,802,N,VIIRS,n,2,301.69,3.26,D,0
30.7285,75.37388,335.86,0.38,0.36,2023-10-26,802,N,VIIRS,n,2,304.29,5.33,D,0
30.17642,71.64645,340.16,0.48,0.4,2023-10-26,803,N,VIIRS,n,2,302.18,5.16,D,0
30.21255,70.63232,331.5,0.53,0.42,2023-10-26,803,N,VIIRS,l,2,302.9,5.33,D,0
30.21636,70.63136,339.19,0.53,0.42,2023-10-26,803,N,VIIRS,n,2,303.01,6.56,D,0
30.25685,70.65538,338.71,0.53,0.42,2023-10-26,803,N,VIIRS,n,2,304.53,6.7,D,0
30.25822,70.65269,346.18,0.53,0.42,2023-10-26,803,N,VIIRS,n,2,304.07,7.37,D,0
30.26646,70.63352,334.39,0.53,0.42,2023-10-26,803,N,VIIRS,n,2,301.6,3.26,D,0
30.27093,70.79322,347.63,0.52,0.42,2023-10-26,803,N,VIIRS,n,2,303.66,9.66,D,0
30.3532,70.69115,334.48,0.52,0.42,2023-10-26,803,N,VIIRS,n,2,302.6,3.87,D,0
30.35699,70.6902,334.99,0.52,0.42,2023-10-26,803,N,VIIRS,n,2,303.35,3.87,D,0
30.36006,70.70638,331.44,0.52,0.42,2023-10-26,803,N,VIIRS,l,2,303.58,3.26,D,0
30.37161,72.94386,339.96,0.42,0.38,2023-10-26,803,N,VIIRS,n,2,302.29,2.87,D,0
30.37506,72.94307,341.23,0.42,0.38,2023-10-26,803,N,VIIRS,n,2,299.67,3.69,D,0
30.44976,73.35673,341.8,0.41,0.37,2023-10-26,803,N,VIIRS,n,2,304.59,11.6,D,0
30.46067,72.19498,333.23,0.45,0.39,2023-10-26,803,N,VIIRS,n,2,301.4,3.4,D,0
30.46898,73.61563,339.15,0.41,0.37,2023-10-26,803,N,VIIRS,n,2,304.18,6.99,D,0
30.46929,73.65903,334.52,0.4,0.37,2023-10-26,803,N,VIIRS,n,2,303.58,2.04,D,0
30.47266,73.65828,333.7,0.4,0.37,2023-10-26,803,N,VIIRS,n,2,300.9,2.04,D,0
30.48312,72.23792,331.91,0.45,0.39,2023-10-26,803,N,VIIRS,n,2,299.78,4.26,D,0
30.49948,73.27454,331.02,0.41,0.37,2023-10-26,803,N,VIIRS,n,2,301.27,2.58,D,0
30.50206,72.19964,333.33,0.45,0.39,2023-10-26,803,N,VIIRS,n,2,301.15,2.85,D,0
30.50899,73.74985,334.22,0.4,0.37,2023-10-26,803,N,VIIRS,n,2,302.61,3.8,D,0
30.51421,73.40401,335.52,0.41,0.37,2023-10-26,803,N,VIIRS,n,2,304.02,2.18,D,0
30.5155,73.70515,334.55,0.4,0.37,2023-10-26,803,N,VIIRS,n,2,303.42,2.34,D,0
30.51887,73.7044,330.93,0.4,0.37,2023-10-26,803,N,VIIRS,n,2,300.53,2.06,D,0
30.5321,72.97181,335.68,0.42,0.38,2023-10-26,803,N,VIIRS,n,2,304.55,4.65,D,0
30.53834,71.81409,333.74,0.46,0.39,2023-10-26,803,N,VIIRS,n,2,301.6,3.43,D,0
30.53921,71.81888,332.06,0.46,0.39,2023-10-26,803,N,VIIRS,n,2,299.81,3.42,D,0
30.54543,72.18137,331.95,0.45,0.39,2023-10-26,803,N,VIIRS,n,2,300.8,2.88,D,0
30.54622,73.63757,342.36,0.4,0.37,2023-10-26,803,N,VIIRS,n,2,302.93,4.47,D,0
30.55302,72.01875,337.76,0.46,0.39,2023-10-26,803,N,VIIRS,n,2,301.89,8.13,D,0
30.5557,74.1162,331.97,0.4,0.37,2023-10-26,803,N,VIIRS,n,2,300.69,2.04,D,0
30.55907,73.48274,333.68,0.41,0.37,2023-10-26,803,N,VIIRS,n,2,302.15,1.61,D,0
30.56268,72.03115,333.9,0.45,0.39,2023-10-26,803,N,VIIRS,n,2,301.54,3.43,D,0
30.57409,73.67912,338.03,0.4,0.37,2023-10-26,803,N,VIIRS,n,2,301.07,1.86,D,0
30.58099,73.7209,341.62,0.4,0.37,2023-10-26,803,N,VIIRS,n,2,302.43,4.12,D,0
30.58656,72.74142,334.02,0.43,0.38,2023-10-26,803,N,VIIRS,n,2,303.04,5.62,D,0
30.58773,73.71941,344.89,0.4,0.37,2023-10-26,803,N,VIIRS,n,2,305.31,9,D,0
30.58854,73.71997,345.96,0.4,0.37,2023-10-26,803,N,VIIRS,n,2,303.86,5.34,D,0
30.58951,73.55904,337.13,0.41,0.37,2023-10-26,803,N,VIIRS,n,2,302.39,4.38,D,0
30.60816,73.73291,332.32,0.4,0.37,2023-10-26,803,N,VIIRS,n,2,301.74,2.06,D,0
30.60885,73.73708,339.77,0.4,0.37,2023-10-26,803,N,VIIRS,n,2,302.24,4.57,D,0
30.61242,74.23087,341.16,0.39,0.36,2023-10-26,803,N,VIIRS,n,2,305.82,14.82,D,0
30.61575,72.12091,332.57,0.45,0.39,2023-10-26,803,N,VIIRS,n,2,300.71,7.14,D,0
30.61791,74.45673,344.06,0.39,0.36,2023-10-26,803,N,VIIRS,n,2,304.19,8.28,D,0
30.62093,73.72576,332.6,0.4,0.37,2023-10-26,803,N,VIIRS,n,2,301.46,2.7,D,0
30.62123,74.45602,330.13,0.39,0.36,2023-10-26,803,N,VIIRS,n,2,301.07,2.44,D,0
30.6229,73.71667,334.87,0.4,0.37,2023-10-26,803,N,VIIRS,n,2,302.02,1.99,D,0
30.62687,74.34151,346.94,0.39,0.36,2023-10-26,803,N,VIIRS,n,2,301.53,7.14,D,0
30.63873,73.79086,341.84,0.4,0.37,2023-10-26,803,N,VIIRS,n,2,302.41,5.91,D,0
30.64002,73.77766,332.4,0.4,0.37,2023-10-26,803,N,VIIRS,n,2,301.64,2.28,D,0
30.64034,73.56947,342.69,0.41,0.37,2023-10-26,803,N,VIIRS,n,2,303.09,3.99,D,0
30.64317,70.8459,336.84,0.51,0.41,2023-10-26,803,N,VIIRS,n,2,301.87,4.27,D,0
30.64531,73.95671,339.35,0.4,0.37,2023-10-26,803,N,VIIRS,n,2,302.57,3.38,D,0
30.64635,72.83782,346.12,0.43,0.38,2023-10-26,803,N,VIIRS,n,2,303.89,9.68,D,0
30.65954,73.62178,345.68,0.4,0.37,2023-10-26,803,N,VIIRS,n,2,305.61,6.06,D,0
30.66024,73.62597,342.2,0.4,0.37,2023-10-26,803,N,VIIRS,n,2,303.64,6.06,D,0
30.6624,73.82867,338.78,0.4,0.37,2023-10-26,803,N,VIIRS,n,2,303.5,7.67,D,0
30.66291,73.62103,330.55,0.4,0.37,2023-10-26,803,N,VIIRS,n,2,301.97,3,D,0
30.66645,74.43795,331.95,0.39,0.36,2023-10-26,803,N,VIIRS,n,2,299.96,1.93,D,0
30.66844,72.62636,332.86,0.43,0.38,2023-10-26,803,N,VIIRS,n,2,300.74,4.48,D,0
30.67163,74.47035,343.22,0.39,0.36,2023-10-26,803,N,VIIRS,n,2,306,15.95,D,0
30.67463,74.38165,339.41,0.39,0.36,2023-10-26,803,N,VIIRS,n,2,304.27,9.55,D,0
30.67496,74.46964,348.41,0.39,0.36,2023-10-26,803,N,VIIRS,n,2,309.63,15.95,D,0
30.68213,72.80785,333.92,0.43,0.38,2023-10-26,803,N,VIIRS,n,2,301.19,2.2,D,0
30.68215,74.49321,330.63,0.39,0.36,2023-10-26,803,N,VIIRS,n,2,300.77,1.73,D,0
30.69013,73.91264,335.29,0.4,0.37,2023-10-26,803,N,VIIRS,n,2,303.13,2.48,D,0
30.69425,73.61969,347.13,0.4,0.37,2023-10-26,803,N,VIIRS,n,2,303.28,7.53,D,0
30.69558,74.28512,330.96,0.39,0.36,2023-10-26,803,N,VIIRS,l,2,301.25,3.11,D,0
30.71499,73.95849,331.4,0.4,0.37,2023-10-26,803,N,VIIRS,n,2,302.98,1.63,D,0
30.72165,73.91427,334.78,0.4,0.37,2023-10-26,803,N,VIIRS,n,2,302.6,2.7,D,0
30.72308,74.05054,335.17,0.4,0.37,2023-10-26,803,N,VIIRS,n,2,303.16,3,D,0
30.72448,73.86341,331.2,0.4,0.37,2023-10-26,803,N,VIIRS,n,2,302.38,1.28,D,0
30.73398,74.37358,336.67,0.39,0.36,2023-10-26,803,N,VIIRS,n,2,304.42,4.62,D,0
30.73545,74.3186,340.61,0.39,0.36,2023-10-26,803,N,VIIRS,n,2,301.44,4.37,D,0
30.73814,74.67323,334.13,0.39,0.36,2023-10-26,803,N,VIIRS,n,2,302.51,2.13,D,0
30.74005,74.68531,333.49,0.39,0.36,2023-10-26,803,N,VIIRS,n,2,302.67,2.23,D,0
30.74588,75.2263,331.38,0.38,0.36,2023-10-26,803,N,VIIRS,n,2,302.99,1.93,D,0
30.74679,74.30353,334.44,0.39,0.36,2023-10-26,803,N,VIIRS,n,2,302.91,4.36,D,0
30.75006,75.07686,334.36,0.38,0.36,2023-10-26,803,N,VIIRS,n,2,301.97,3.09,D,0
30.75356,74.47423,332.68,0.39,0.36,2023-10-26,803,N,VIIRS,l,2,303.2,4.41,D,0
30.75429,74.45731,342.91,0.39,0.36,2023-10-26,803,N,VIIRS,n,2,307.07,17.88,D,0
30.75587,70.75948,333.34,0.51,0.41,2023-10-26,803,N,VIIRS,n,2,304.87,5.2,D,0
30.75897,73.96709,347.09,0.4,0.37,2023-10-26,803,N,VIIRS,n,2,301.59,6.16,D,0
30.75939,75.3142,339.66,0.38,0.36,2023-10-26,803,N,VIIRS,n,2,302.45,4.49,D,0
30.75962,70.75853,334.68,0.51,0.41,2023-10-26,803,N,VIIRS,n,2,304.39,5.2,D,0
30.76194,74.35496,340.1,0.39,0.36,2023-10-26,803,N,VIIRS,n,2,303.89,10.5,D,0
30.76408,74.304,332.15,0.39,0.36,2023-10-26,803,N,VIIRS,n,2,302.74,1.65,D,0
30.76547,74.48423,342.33,0.39,0.36,2023-10-26,803,N,VIIRS,n,2,304.73,10.58,D,0
30.76741,74.30328,332.67,0.39,0.36,2023-10-26,803,N,VIIRS,n,2,302.39,5.62,D,0
30.76879,74.48352,330.3,0.39,0.36,2023-10-26,803,N,VIIRS,n,2,301.22,2.13,D,0
30.76962,74.81249,331.58,0.39,0.36,2023-10-26,803,N,VIIRS,n,2,303.84,1.95,D,0
30.77602,74.74471,331.4,0.39,0.36,2023-10-26,803,N,VIIRS,l,2,303.91,2.78,D,0
30.77666,74.74873,332.64,0.39,0.36,2023-10-26,803,N,VIIRS,n,2,302.33,7.36,D,0
30.77933,74.744,331.26,0.39,0.36,2023-10-26,803,N,VIIRS,l,2,302.77,2.78,D,0
30.77982,74.03073,338.16,0.4,0.37,2023-10-26,803,N,VIIRS,n,2,301.67,3.95,D,0
30.78082,74.60212,342.04,0.39,0.36,2023-10-26,803,N,VIIRS,n,2,307.09,10.08,D,0
30.78211,73.8335,332.51,0.4,0.37,2023-10-26,803,N,VIIRS,n,2,301.35,1.52,D,0
30.78382,74.85927,331.5,0.39,0.36,2023-10-26,803,N,VIIRS,n,2,301.82,1.65,D,0
30.7881,69.78142,333.92,0.57,0.43,2023-10-26,803,N,VIIRS,l,2,304.15,11.19,D,0
30.78895,74.567,340.81,0.39,0.36,2023-10-26,803,N,VIIRS,n,2,307.22,11.53,D,0
30.78959,74.57104,334.14,0.39,0.36,2023-10-26,803,N,VIIRS,n,2,304.87,5.97,D,0
30.79065,75.45203,334.11,0.38,0.36,2023-10-26,803,N,VIIRS,n,2,303.16,3,D,0
30.79164,74.41156,340.82,0.39,0.36,2023-10-26,803,N,VIIRS,n,2,307.97,6.26,D,0
30.79227,74.56629,344.73,0.39,0.36,2023-10-26,803,N,VIIRS,n,2,303.26,11.53,D,0
30.79291,74.57034,333.47,0.39,0.36,2023-10-26,803,N,VIIRS,n,2,302.05,5.97,D,0
30.79414,74.44875,336.91,0.39,0.36,2023-10-26,803,N,VIIRS,n,2,304.88,4.95,D,0
30.80008,73.77357,341.63,0.4,0.37,2023-10-26,803,N,VIIRS,n,2,302.16,4.88,D,0
30.80233,75.30537,333.65,0.38,0.36,2023-10-26,803,N,VIIRS,l,2,303.81,3.19,D,0
30.80294,75.30937,334.77,0.38,0.36,2023-10-26,803,N,VIIRS,l,2,305.8,3.19,D,0
30.80433,74.35106,330.86,0.39,0.36,2023-10-26,803,N,VIIRS,l,2,303.56,1.46,D,0
30.8046,74.81756,332.1,0.39,0.36,2023-10-26,803,N,VIIRS,n,2,303.87,1.52,D,0
30.80624,75.30869,333.87,0.38,0.36,2023-10-26,803,N,VIIRS,l,2,304.38,3.19,D,0
30.80724,74.48784,346.68,0.39,0.36,2023-10-26,803,N,VIIRS,n,2,305.93,5.82,D,0
30.81074,70.88357,330,0.51,0.41,2023-10-26,803,N,VIIRS,n,2,301.85,2.5,D,0
30.81453,73.96769,333.67,0.4,0.37,2023-10-26,803,N,VIIRS,n,2,302.32,1.84,D,0
30.81856,74.71074,335.11,0.39,0.36,2023-10-26,803,N,VIIRS,n,2,306.36,11.94,D,0
30.82019,74.5478,333.53,0.39,0.36,2023-10-26,803,N,VIIRS,l,2,304.33,10.15,D,0
30.82023,74.65627,338.17,0.39,0.36,2023-10-26,803,N,VIIRS,n,2,302.51,2.34,D,0
30.82147,74.55587,335.11,0.39,0.36,2023-10-26,803,N,VIIRS,n,2,303.97,7.58,D,0
30.82191,73.99166,341.98,0.4,0.37,2023-10-26,803,N,VIIRS,n,2,301.5,3.85,D,0
30.82354,74.65556,347.01,0.39,0.36,2023-10-26,803,N,VIIRS,n,2,303.43,5.39,D,0
30.82496,75.34196,330.97,0.38,0.36,2023-10-26,803,N,VIIRS,n,2,301.32,1.24,D,0
30.82544,75.08224,334.75,0.38,0.36,2023-10-26,803,N,VIIRS,n,2,304.52,2.11,D,0
30.82792,74.79189,336.2,0.39,0.36,2023-10-26,803,N,VIIRS,l,2,306.56,5.89,D,0
30.82854,74.48009,330.46,0.39,0.36,2023-10-26,803,N,VIIRS,n,2,303.16,1.51,D,0
30.82875,75.08156,342.11,0.38,0.36,2023-10-26,803,N,VIIRS,n,2,313.16,22.07,D,0
30.83014,74.54567,339.91,0.39,0.36,2023-10-26,803,N,VIIRS,n,2,307.58,32.23,D,0
30.83048,74.49223,332.49,0.39,0.36,2023-10-26,803,N,VIIRS,n,2,302.45,1.41,D,0
30.83207,74.55779,339.12,0.39,0.36,2023-10-26,803,N,VIIRS,n,2,303.11,5.58,D,0
30.8329,74.55024,334.47,0.39,0.36,2023-10-26,803,N,VIIRS,n,2,304.16,31.79,D,0
30.83523,73.90327,334.95,0.4,0.37,2023-10-26,803,N,VIIRS,n,2,304.76,4.41,D,0
30.83558,74.54549,345.4,0.39,0.36,2023-10-26,803,N,VIIRS,n,2,302.79,31.79,D,0
30.8359,73.9074,333.7,0.4,0.37,2023-10-26,803,N,VIIRS,n,2,303.5,4.41,D,0
30.83663,73.90363,343.74,0.4,0.37,2023-10-26,803,N,VIIRS,n,2,304.27,7.56,D,0
30.84129,73.94044,332.4,0.4,0.37,2023-10-26,803,N,VIIRS,n,2,301.79,1.93,D,0
30.84238,74.50223,334.76,0.39,0.36,2023-10-26,803,N,VIIRS,n,2,304.14,3.16,D,0
30.84265,74.01269,332.71,0.4,0.37,2023-10-26,803,N,VIIRS,n,2,302.48,2.68,D,0
30.84277,73.94077,332.6,0.4,0.37,2023-10-26,803,N,VIIRS,n,2,301.74,2.53,D,0
30.84491,74.72596,334.64,0.39,0.36,2023-10-26,803,N,VIIRS,l,2,305.25,7.72,D,0
30.8457,74.50152,332.69,0.39,0.36,2023-10-26,803,N,VIIRS,n,2,303.04,4.02,D,0
30.84699,74.50961,342.53,0.39,0.36,2023-10-26,803,N,VIIRS,n,2,307.64,9.76,D,0
30.85031,74.5089,331.1,0.39,0.36,2023-10-26,803,N,VIIRS,l,2,302.26,9.76,D,0
30.8509,74.72053,346.99,0.39,0.36,2023-10-26,803,N,VIIRS,n,2,302.38,3.68,D,0
30.852,75.25431,332.11,0.38,0.36,2023-10-26,803,N,VIIRS,n,2,300.45,2.15,D,0
30.85217,73.38828,334.66,0.41,0.37,2023-10-26,803,N,VIIRS,n,2,304.6,2.77,D,0
30.85233,74.5001,339.59,0.39,0.36,2023-10-26,803,N,VIIRS,n,2,306.51,9.6,D,0
30.85675,74.37758,332.95,0.39,0.36,2023-10-26,803,N,VIIRS,n,2,303.09,1.47,D,0
30.86043,74.46487,330.72,0.39,0.36,2023-10-26,803,N,VIIRS,l,2,305.29,7.15,D,0
30.86108,74.46893,333.21,0.39,0.36,2023-10-26,803,N,VIIRS,l,2,305.74,7.15,D,0
30.86417,73.46021,330.54,0.41,0.37,2023-10-26,803,N,VIIRS,n,2,300.98,0.9,D,0
30.8644,74.46821,332.94,0.39,0.36,2023-10-26,803,N,VIIRS,n,2,301.64,7.15,D,0
30.86533,75.40832,332.6,0.38,0.36,2023-10-26,803,N,VIIRS,l,2,302.97,2.67,D,0
30.86798,75.04858,332.74,0.38,0.36,2023-10-26,803,N,VIIRS,n,2,302.58,1.8,D,0
30.86924,75.41164,337.19,0.38,0.36,2023-10-26,803,N,VIIRS,n,2,301.19,2.67,D,0
30.87011,75.39497,331.81,0.38,0.36,2023-10-26,803,N,VIIRS,n,2,300.01,2.18,D,0
30.87106,75.00253,339.19,0.39,0.36,2023-10-26,803,N,VIIRS,n,2,304.17,5.5,D,0
30.87129,74.68385,338.45,0.39,0.36,2023-10-26,803,N,VIIRS,n,2,304.48,2.26,D,0
30.87164,74.62127,354.6,0.39,0.36,2023-10-26,803,N,VIIRS,n,2,309.02,57.53,D,0
30.88199,75.49564,333.86,0.38,0.36,2023-10-26,803,N,VIIRS,n,2,304.6,5.18,D,0
30.8821,74.75227,332.91,0.39,0.36,2023-10-26,803,N,VIIRS,n,2,302.47,1.85,D,0
30.8826,75.49965,332.91,0.38,0.36,2023-10-26,803,N,VIIRS,n,2,303.8,5.18,D,0
30.8828,75.43362,347.69,0.38,0.36,2023-10-26,803,N,VIIRS,n,2,306.77,7.74,D,0
30.88634,74.45512,331.63,0.39,0.36,2023-10-26,803,N,VIIRS,n,2,303.87,2.66,D,0
30.8883,74.90042,333.05,0.39,0.36,2023-10-26,803,N,VIIRS,n,2,305.27,3.66,D,0
30.8935,74.91176,336.92,0.39,0.36,2023-10-26,803,N,VIIRS,n,2,303.79,3.08,D,0
30.89429,74.89502,331.01,0.39,0.36,2023-10-26,803,N,VIIRS,n,2,303.94,1.43,D,0
30.89491,74.8119,339.44,0.39,0.36,2023-10-26,803,N,VIIRS,n,2,306.99,7.86,D,0
30.89548,74.72865,331.53,0.39,0.36,2023-10-26,803,N,VIIRS,l,2,304.21,3.16,D,0
30.89563,74.98496,332.25,0.39,0.36,2023-10-26,803,N,VIIRS,l,2,302.39,4.02,D,0
30.89642,75.3442,334.44,0.38,0.36,2023-10-26,803,N,VIIRS,n,2,302.59,1.96,D,0
30.90083,74.71919,351.65,0.39,0.36,2023-10-26,803,N,VIIRS,n,2,308.93,9.63,D,0
30.90084,74.98064,332.98,0.39,0.36,2023-10-26,803,N,VIIRS,n,2,302.98,2.3,D,0
30.90227,74.96793,333.73,0.39,0.36,2023-10-26,803,N,VIIRS,n,2,302.28,3.35,D,0
30.90254,74.53535,343.58,0.39,0.36,2023-10-26,803,N,VIIRS,n,2,305.34,5.63,D,0
30.90541,74.72655,332.88,0.39,0.36,2023-10-26,803,N,VIIRS,n,2,303.93,4.13,D,0
30.90721,75.48225,345.5,0.38,0.36,2023-10-26,803,N,VIIRS,n,2,303.06,4.14,D,0
30.90896,75.44889,344.71,0.38,0.36,2023-10-26,803,N,VIIRS,n,2,309.43,10.43,D,0
30.91226,75.44822,334.06,0.38,0.36,2023-10-26,803,N,VIIRS,n,2,305.24,3.01,D,0
30.91367,75.27875,341.6,0.38,0.36,2023-10-26,803,N,VIIRS,n,2,302.51,3.27,D,0
30.9153,75.46823,335.91,0.38,0.36,2023-10-26,803,N,VIIRS,n,2,302.54,2.75,D,0
30.91611,75.29475,339.11,0.38,0.36,2023-10-26,803,N,VIIRS,n,2,302.97,3.15,D,0
30.91901,74.85664,334.53,0.39,0.36,2023-10-26,803,N,VIIRS,l,2,305.29,3.99,D,0
30.92264,74.81436,334.62,0.39,0.36,2023-10-26,803,N,VIIRS,n,2,301.81,2.11,D,0
30.92737,75.34609,334.61,0.38,0.36,2023-10-26,803,N,VIIRS,n,2,303.79,2.45,D,0
30.93033,74.75454,345.09,0.39,0.36,2023-10-26,803,N,VIIRS,n,2,304.95,4.82,D,0
30.93429,74.84512,335.54,0.39,0.36,2023-10-26,803,N,VIIRS,n,2,302.98,2.77,D,0
30.9387,74.78604,331.27,0.39,0.36,2023-10-26,803,N,VIIRS,n,2,305.8,2.53,D,0
30.94209,74.67714,332.73,0.39,0.36,2023-10-26,803,N,VIIRS,l,2,303.47,2.18,D,0
30.94842,74.18546,338.61,0.39,0.36,2023-10-26,803,N,VIIRS,n,2,304.34,4.1,D,0
30.95071,74.54226,333.67,0.39,0.36,2023-10-26,803,N,VIIRS,n,2,302.99,2.45,D,0
30.95105,74.45849,332.83,0.39,0.36,2023-10-26,803,N,VIIRS,n,2,304.07,2.43,D,0
30.95175,74.18473,344.83,0.39,0.36,2023-10-26,803,N,VIIRS,n,2,304.36,25.98,D,0
30.95445,74.79933,333.74,0.39,0.36,2023-10-26,803,N,VIIRS,n,2,303.23,23.11,D,0
30.95574,74.1881,350.66,0.39,0.36,2023-10-26,803,N,VIIRS,n,2,311.48,25.98,D,0
30.9564,74.19218,333.79,0.39,0.36,2023-10-26,803,N,VIIRS,n,2,301.16,6.64,D,0
30.95839,74.80265,334.12,0.39,0.36,2023-10-26,803,N,VIIRS,n,2,302.27,2.51,D,0
30.96167,75.28625,335.11,0.38,0.36,2023-10-26,803,N,VIIRS,n,2,302.1,2.07,D,0
30.96633,75.33898,349.22,0.38,0.36,2023-10-26,803,N,VIIRS,n,2,307.57,13.52,D,0
30.96654,75.00821,331.54,0.38,0.36,2023-10-26,803,N,VIIRS,n,2,301.91,2.95,D,0
30.96963,75.33829,339.71,0.38,0.36,2023-10-26,803,N,VIIRS,n,2,302.95,6.55,D,0
30.97348,73.52811,335.88,0.4,0.37,2023-10-26,803,N,VIIRS,n,2,302.31,2.88,D,0
30.97659,75.36164,330.3,0.38,0.36,2023-10-26,803,N,VIIRS,l,2,304.01,2.67,D,0
30.98194,74.10654,336.13,0.39,0.36,2023-10-26,803,N,VIIRS,n,2,303.54,3.88,D,0
30.98284,75.49249,336.97,0.38,0.36,2023-10-26,803,N,VIIRS,n,2,306.23,2.72,D,0
31.00783,73.67248,339.61,0.4,0.37,2023-10-26,803,N,VIIRS,n,2,301.34,3.2,D,0
31.00854,74.62596,335.08,0.39,0.36,2023-10-26,803,N,VIIRS,n,2,304.18,5.93,D,0
31.01023,75.35887,331.85,0.38,0.36,2023-10-26,803,N,VIIRS,l,2,303.09,1.56,D,0
31.01736,75.47306,333.2,0.38,0.36,2023-10-26,803,N,VIIRS,l,2,304.13,2.61,D,0
31.01753,74.76984,335.56,0.39,0.36,2023-10-26,803,N,VIIRS,n,2,305.18,6.99,D,0
31.01793,74.03069,334.27,0.39,0.37,2023-10-26,803,N,VIIRS,n,2,301.85,2.31,D,0
31.02366,74.74358,334.21,0.39,0.36,2023-10-26,803,N,VIIRS,n,2,304.52,2.75,D,0
31.02412,73.63931,335.74,0.4,0.37,2023-10-26,803,N,VIIRS,n,2,302.44,4.38,D,0
31.02748,73.63856,334.28,0.4,0.37,2023-10-26,803,N,VIIRS,n,2,302.28,4.38,D,0
31.02925,74.14283,333.04,0.39,0.36,2023-10-26,803,N,VIIRS,n,2,302.52,1.97,D,0
31.03894,74.3307,339.69,0.39,0.36,2023-10-26,803,N,VIIRS,n,2,305.16,5.95,D,0
31.04225,70.89067,330.11,0.5,0.41,2023-10-26,803,N,VIIRS,n,2,300.39,2.03,D,0
31.04458,75.40553,334.89,0.38,0.36,2023-10-26,803,N,VIIRS,n,2,303.44,2.33,D,0
31.04509,75.25253,334.12,0.38,0.36,2023-10-26,803,N,VIIRS,n,2,301.14,1.1,D,0
31.0545,75.20551,330.66,0.38,0.36,2023-10-26,803,N,VIIRS,n,2,304.17,1.46,D,0
31.05565,75.27969,334.92,0.38,0.36,2023-10-26,803,N,VIIRS,n,2,304.13,4.52,D,0
31.05957,74.71098,337.81,0.39,0.36,2023-10-26,803,N,VIIRS,n,2,303.98,2.97,D,0
31.06001,74.91039,354.32,0.39,0.36,2023-10-26,803,N,VIIRS,n,2,310.92,18.57,D,0
31.06083,74.33858,347.7,0.39,0.36,2023-10-26,803,N,VIIRS,n,2,304.53,4.3,D,0
31.06122,73.65268,331.55,0.4,0.37,2023-10-26,803,N,VIIRS,n,2,301.39,1.86,D,0
31.06494,75.27364,334.85,0.38,0.36,2023-10-26,803,N,VIIRS,n,2,304.41,3.98,D,0
31.07186,75.18537,331.4,0.38,0.36,2023-10-26,803,N,VIIRS,l,2,302.24,8.76,D,0
31.0777,73.16753,332.51,0.41,0.37,2023-10-26,803,N,VIIRS,n,2,301.08,4.3,D,0
31.11167,75.3343,332.07,0.38,0.36,2023-10-26,803,N,VIIRS,n,2,302.89,5.92,D,0
31.11179,75.26811,338.09,0.38,0.36,2023-10-26,803,N,VIIRS,n,2,302.99,2.65,D,0
31.11228,75.3383,335.19,0.38,0.36,2023-10-26,803,N,VIIRS,n,2,307.13,5.92,D,0
31.11969,74.92713,332.9,0.39,0.36,2023-10-26,803,N,VIIRS,n,2,301.56,1.52,D,0
31.12344,70.76328,333.45,0.51,0.41,2023-10-26,803,N,VIIRS,n,2,301.35,1.98,D,0
31.12843,75.31017,341.1,0.38,0.36,2023-10-26,803,N,VIIRS,n,2,306.71,7.23,D,0
31.13221,74.54973,335.31,0.39,0.36,2023-10-26,803,N,VIIRS,n,2,303.06,3.59,D,0
31.13363,74.64548,338.65,0.39,0.36,2023-10-26,803,N,VIIRS,n,2,304.62,2.46,D,0
31.13413,74.56186,338.53,0.39,0.36,2023-10-26,803,N,VIIRS,n,2,304.38,2.26,D,0
31.13694,74.64478,333.27,0.39,0.36,2023-10-26,803,N,VIIRS,n,2,302.46,2.46,D,0
31.14497,74.63056,332.95,0.39,0.36,2023-10-26,803,N,VIIRS,n,2,303.38,2.94,D,0
31.1456,74.63461,336.15,0.39,0.36,2023-10-26,803,N,VIIRS,n,2,304.24,2.94,D,0
31.15288,75.24721,333.78,0.38,0.36,2023-10-26,803,N,VIIRS,n,2,302.64,22.57,D,0
31.15557,75.24251,335.33,0.38,0.36,2023-10-26,803,N,VIIRS,n,2,300.91,22.57,D,0
31.1573,75.32076,336.82,0.38,0.36,2023-10-26,803,N,VIIRS,n,2,306.28,13.27,D,0
31.15731,74.55689,336.07,0.39,0.36,2023-10-26,803,N,VIIRS,n,2,306.37,9.38,D,0
31.16054,73.38744,338.29,0.41,0.37,2023-10-26,803,N,VIIRS,n,2,302.03,4.14,D,0
31.17511,74.67002,334.05,0.39,0.36,2023-10-26,803,N,VIIRS,l,2,305.32,2.04,D,0
31.17513,74.84486,347.19,0.39,0.36,2023-10-26,803,N,VIIRS,n,2,305.95,6.73,D,0
31.17683,73.63241,340.74,0.4,0.37,2023-10-26,803,N,VIIRS,n,2,301.3,3.17,D,0
31.1773,74.51545,338.57,0.39,0.36,2023-10-26,803,N,VIIRS,n,2,306.14,9.07,D,0
31.18037,75.25417,340.85,0.38,0.36,2023-10-26,803,N,VIIRS,n,2,307.11,3.06,D,0
31.18966,74.67992,337.05,0.39,0.36,2023-10-26,803,N,VIIRS,n,2,306.5,9.93,D,0
31.19664,74.61584,345.28,0.39,0.36,2023-10-26,803,N,VIIRS,n,2,303.69,10.87,D,0
31.19886,75.46558,343.25,0.38,0.36,2023-10-26,803,N,VIIRS,n,2,303.6,3.91,D,0
31.20289,74.67712,338.6,0.39,0.36,2023-10-26,803,N,VIIRS,n,2,302.9,3.35,D,0
31.2037,74.53072,342.79,0.39,0.36,2023-10-26,803,N,VIIRS,n,2,309.12,8.64,D,0
31.20701,74.53001,337.67,0.39,0.36,2023-10-26,803,N,VIIRS,n,2,302.3,8.64,D,0
31.20821,73.75931,333.18,0.4,0.37,2023-10-26,803,N,VIIRS,n,2,301.06,3.03,D,0
31.21141,74.68781,346.36,0.39,0.36,2023-10-26,803,N,VIIRS,n,2,303.32,5.17,D,0
31.21598,74.58665,330.23,0.39,0.36,2023-10-26,803,N,VIIRS,n,2,302.89,1.41,D,0
31.22668,74.93825,333.54,0.38,0.36,2023-10-26,803,N,VIIRS,n,2,302.13,2.08,D,0
31.22715,75.00409,337.44,0.38,0.36,2023-10-26,803,N,VIIRS,n,2,305.55,10.32,D,0
31.23262,73.56428,332.56,0.4,0.37,2023-10-26,803,N,VIIRS,n,2,301.85,6.31,D,0
31.24046,74.78578,337.07,0.39,0.36,2023-10-26,803,N,VIIRS,n,2,306.69,7.39,D,0
31.2431,74.58502,332.49,0.39,0.36,2023-10-26,803,N,VIIRS,n,2,301.46,1.52,D,0
31.24376,74.78509,336.17,0.39,0.36,2023-10-26,803,N,VIIRS,n,2,303.18,4.48,D,0
31.25156,75.25188,346.33,0.38,0.36,2023-10-26,803,N,VIIRS,n,2,304.54,6.94,D,0
31.25355,74.60786,350.43,0.39,0.36,2023-10-26,803,N,VIIRS,n,2,305.56,6.69,D,0
31.25399,74.98234,338.68,0.38,0.36,2023-10-26,803,N,VIIRS,n,2,302.17,2.95,D,0
31.25686,74.60715,336,0.39,0.36,2023-10-26,803,N,VIIRS,n,2,304.11,2.69,D,0
31.27199,75.03252,336.65,0.38,0.36,2023-10-26,803,N,VIIRS,n,2,304.64,4.29,D,0
31.30499,74.57278,336,0.39,0.36,2023-10-26,803,N,VIIRS,n,2,303.24,4.36,D,0
31.30974,75.14495,333.77,0.38,0.36,2023-10-26,803,N,VIIRS,n,2,303.3,2.1,D,0
31.31036,75.14896,331.6,0.38,0.36,2023-10-26,803,N,VIIRS,l,2,302.24,2.1,D,0
31.31237,74.55447,330.06,0.39,0.36,2023-10-26,803,N,VIIRS,l,2,302.19,2.14,D,0
31.31493,74.57066,332.93,0.39,0.36,2023-10-26,803,N,VIIRS,n,2,302.33,2.09,D,0
31.31597,74.62059,334.59,0.39,0.36,2023-10-26,803,N,VIIRS,n,2,302.35,2.04,D,0
31.31643,74.53687,334.8,0.39,0.36,2023-10-26,803,N,VIIRS,n,2,302.67,2.46,D,0
31.318,74.61179,336.66,0.39,0.36,2023-10-26,803,N,VIIRS,n,2,306.37,8.44,D,0
31.31824,74.56995,335.51,0.39,0.36,2023-10-26,803,N,VIIRS,n,2,306.53,14.29,D,0
31.32369,74.5395,331.24,0.39,0.36,2023-10-26,803,N,VIIRS,l,2,303.01,2.31,D,0
31.32548,70.61311,331.92,0.51,0.41,2023-10-26,803,N,VIIRS,l,2,302.75,2.93,D,0
31.32875,75.0912,333.8,0.38,0.36,2023-10-26,803,N,VIIRS,l,2,304,2.71,D,0
31.32963,73.79324,332.49,0.4,0.37,2023-10-26,803,N,VIIRS,n,2,301.63,3.8,D,0
31.3302,74.55901,334.89,0.39,0.36,2023-10-26,803,N,VIIRS,l,2,307.28,7.77,D,0
31.33096,74.54211,343.76,0.39,0.36,2023-10-26,803,N,VIIRS,n,2,302.89,3.95,D,0
31.33393,74.80025,346.5,0.39,0.36,2023-10-26,803,N,VIIRS,n,2,306.18,8.55,D,0
31.33612,75.31775,335.8,0.38,0.36,2023-10-26,803,N,VIIRS,n,2,303.2,5.86,D,0
31.34039,75.23396,347.4,0.38,0.36,2023-10-26,803,N,VIIRS,n,2,305.82,6.58,D,0
31.34423,73.73402,334.42,0.4,0.37,2023-10-26,803,N,VIIRS,n,2,301.71,2.95,D,0
31.34454,75.21651,342.76,0.38,0.36,2023-10-26,803,N,VIIRS,n,2,305.18,7.57,D,0
31.34784,75.21582,339.25,0.38,0.36,2023-10-26,803,N,VIIRS,n,2,302.69,7.57,D,0
31.35704,75.27612,354.24,0.38,0.36,2023-10-26,803,N,VIIRS,n,2,305.1,7.54,D,0
31.35919,73.86818,330.68,0.4,0.37,2023-10-26,803,N,VIIRS,l,2,300.76,3.88,D,0
31.36524,74.76028,331.58,0.39,0.36,2023-10-26,803,N,VIIRS,l,2,302.59,1.62,D,0
31.36587,74.76432,330.5,0.39,0.36,2023-10-26,803,N,VIIRS,l,2,302.37,1.62,D,0
31.36794,72.41068,330.89,0.43,0.38,2023-10-26,803,N,VIIRS,n,2,301.19,1.02,D,0
31.36859,73.94736,340.25,0.39,0.37,2023-10-26,803,N,VIIRS,n,2,303.85,3.91,D,0
31.37308,73.54632,342.93,0.4,0.37,2023-10-26,803,N,VIIRS,n,2,302.4,9.37,D,0
31.38978,73.85763,331.37,0.4,0.37,2023-10-26,803,N,VIIRS,l,2,302.3,2.04,D,0
31.39464,75.43425,330.67,0.38,0.36,2023-10-26,803,N,VIIRS,n,2,303.04,1.59,D,0
31.39764,72.72301,336.69,0.42,0.38,2023-10-26,803,N,VIIRS,n,2,304.32,5.19,D,0
31.40299,74.82728,335.23,0.39,0.36,2023-10-26,803,N,VIIRS,n,2,304.72,2.01,D,0
31.40462,75.014,334.48,0.38,0.36,2023-10-26,803,N,VIIRS,n,2,303.31,3.86,D,0
31.40856,73.88771,332.9,0.4,0.37,2023-10-26,803,N,VIIRS,n,2,301.78,2.38,D,0
31.4163,74.89096,337.1,0.38,0.36,2023-10-26,803,N,VIIRS,n,2,303.03,2.43,D,0
31.41924,74.8035,339.15,0.39,0.36,2023-10-26,803,N,VIIRS,n,2,306.41,3.16,D,0
31.42191,73.88474,336.99,0.4,0.37,2023-10-26,803,N,VIIRS,n,2,301.83,2.78,D,0
31.42254,74.8028,341.81,0.39,0.36,2023-10-26,803,N,VIIRS,n,2,305.9,2.97,D,0
31.42418,74.66064,340.43,0.39,0.36,2023-10-26,803,N,VIIRS,n,2,303.34,3.56,D,0
31.42608,75.28767,332.39,0.38,0.36,2023-10-26,803,N,VIIRS,n,2,304.46,2.28,D,0
31.43678,75.15679,340.22,0.38,0.36,2023-10-26,803,N,VIIRS,n,2,303.82,2.71,D,0
31.43969,75.13128,334.16,0.38,0.36,2023-10-26,803,N,VIIRS,n,2,303.11,2,D,0
31.44111,74.79054,333.28,0.39,0.36,2023-10-26,803,N,VIIRS,n,2,303.64,2.66,D,0
31.44174,74.79457,333.69,0.39,0.36,2023-10-26,803,N,VIIRS,n,2,304.64,3.84,D,0
31.4433,74.84838,332.58,0.39,0.36,2023-10-26,803,N,VIIRS,n,2,303.91,1.42,D,0
31.44809,74.63882,330.59,0.39,0.36,2023-10-26,803,N,VIIRS,n,2,302.39,1.8,D,0
31.44999,73.90846,347.5,0.39,0.37,2023-10-26,803,N,VIIRS,n,2,304.07,4.62,D,0
31.45066,73.91258,335.31,0.39,0.37,2023-10-26,803,N,VIIRS,n,2,303.69,4.62,D,0
31.45104,72.30367,331.53,0.43,0.38,2023-10-26,803,N,VIIRS,n,2,300.48,1.59,D,0
31.45132,75.43187,334.62,0.38,0.36,2023-10-26,803,N,VIIRS,l,2,306.21,4.98,D,0
31.4524,74.68803,335.02,0.39,0.36,2023-10-26,803,N,VIIRS,n,2,304.59,1.63,D,0
31.45271,73.98898,335.77,0.39,0.36,2023-10-26,803,N,VIIRS,n,2,303.15,2.9,D,0
31.45601,73.92423,348.61,0.39,0.37,2023-10-26,803,N,VIIRS,n,2,304.05,9.08,D,0
31.45637,74.77897,336.01,0.39,0.36,2023-10-26,803,N,VIIRS,n,2,303.46,3.41,D,0
31.45678,75.46812,342.32,0.38,0.36,2023-10-26,803,N,VIIRS,n,2,307.64,11.04,D,0
31.46042,75.06927,340.1,0.38,0.36,2023-10-26,803,N,VIIRS,n,2,305.76,4.89,D,0
31.4647,73.9991,330.73,0.39,0.36,2023-10-26,803,N,VIIRS,n,2,300.86,2.14,D,0
31.4677,74.76405,334.56,0.39,0.36,2023-10-26,803,N,VIIRS,n,2,303.17,4.11,D,0
31.46989,74.82193,344.73,0.39,0.36,2023-10-26,803,N,VIIRS,n,2,307.69,9.04,D,0
31.47272,74.70875,345.39,0.39,0.36,2023-10-26,803,N,VIIRS,n,2,303.05,3.06,D,0
31.47327,75.19488,336.24,0.38,0.36,2023-10-26,803,N,VIIRS,n,2,302.8,2.72,D,0
31.47364,74.67097,331.7,0.39,0.36,2023-10-26,803,N,VIIRS,n,2,302.48,1.84,D,0
31.47413,74.69592,338.66,0.39,0.36,2023-10-26,803,N,VIIRS,n,2,302.93,6.97,D,0
31.47449,75.20293,332.91,0.38,0.36,2023-10-26,803,N,VIIRS,n,2,302.34,3.89,D,0
31.4747,73.95425,342.77,0.39,0.36,2023-10-26,803,N,VIIRS,n,2,303.49,4.2,D,0
31.47821,74.8535,333.21,0.38,0.36,2023-10-26,803,N,VIIRS,n,2,303.82,2.83,D,0
31.48663,75.08457,335.53,0.38,0.36,2023-10-26,803,N,VIIRS,n,2,304.41,4.94,D,0
31.48696,74.90984,337.05,0.38,0.36,2023-10-26,803,N,VIIRS,n,2,302.36,3.22,D,0
31.48847,74.72208,336.54,0.39,0.36,2023-10-26,803,N,VIIRS,n,2,302.7,2.92,D,0
31.48925,74.70522,336.43,0.39,0.36,2023-10-26,803,N,VIIRS,n,2,305.24,3.46,D,0
31.49225,74.74632,330.92,0.39,0.36,2023-10-26,803,N,VIIRS,n,2,303.55,4.5,D,0
31.49288,74.75036,333.89,0.39,0.36,2023-10-26,803,N,VIIRS,n,2,305.33,8.16,D,0
31.49601,74.68289,332.88,0.39,0.36,2023-10-26,803,N,VIIRS,n,2,301.27,2.45,D,0
31.4982,74.65318,345.09,0.39,0.36,2023-10-26,803,N,VIIRS,n,2,304.71,5.87,D,0
31.5083,75.09251,339.38,0.38,0.36,2023-10-26,803,N,VIIRS,n,2,305.97,5.13,D,0
31.50831,72.29939,345.26,0.43,0.38,2023-10-26,803,N,VIIRS,n,2,302.45,8.06,D,0
31.51008,74.90496,330.04,0.38,0.36,2023-10-26,803,N,VIIRS,n,2,302.97,1.68,D,0
31.51551,74.57451,337.54,0.39,0.36,2023-10-26,803,N,VIIRS,n,2,303.17,3.83,D,0
31.51865,74.82827,331.78,0.39,0.36,2023-10-26,803,N,VIIRS,n,2,304.27,2.3,D,0
31.52029,75.26037,344.48,0.38,0.36,2023-10-26,803,N,VIIRS,n,2,305.84,5.79,D,0
31.52035,74.86115,335.47,0.38,0.36,2023-10-26,803,N,VIIRS,n,2,303.96,2.54,D,0
31.52315,74.9896,334.16,0.38,0.36,2023-10-26,803,N,VIIRS,l,2,305.81,10.9,D,0
31.5236,75.25967,342.82,0.38,0.36,2023-10-26,803,N,VIIRS,n,2,302.46,5.79,D,0
31.52391,74.71484,335.62,0.39,0.36,2023-10-26,803,N,VIIRS,n,2,304.86,3.6,D,0
31.52476,75.15556,330.75,0.38,0.36,2023-10-26,803,N,VIIRS,n,2,302.27,2.05,D,0
31.52909,74.9176,331.16,0.38,0.36,2023-10-26,803,N,VIIRS,n,2,302,1.93,D,0
31.52971,74.92164,333.75,0.38,0.36,2023-10-26,803,N,VIIRS,n,2,304.92,1.93,D,0
31.53055,74.80103,336.54,0.39,0.36,2023-10-26,803,N,VIIRS,n,2,303.47,2.22,D,0
31.53333,75.48199,340.27,0.38,0.36,2023-10-26,803,N,VIIRS,n,2,303.5,5.8,D,0
31.53345,74.94584,333.1,0.38,0.36,2023-10-26,803,N,VIIRS,n,2,302.92,2.71,D,0
31.53489,75.13267,334.44,0.38,0.36,2023-10-26,803,N,VIIRS,n,2,302.63,2.74,D,0
31.54396,75.1474,335.07,0.38,0.36,2023-10-26,803,N,VIIRS,n,2,303.04,1.93,D,0
31.54655,74.86005,334.06,0.38,0.36,2023-10-26,803,N,VIIRS,n,2,304.96,1.98,D,0
31.55491,75.28643,330.28,0.38,0.36,2023-10-26,803,N,VIIRS,n,2,303.68,1.95,D,0
31.55539,73.65352,331.65,0.4,0.37,2023-10-26,803,N,VIIRS,n,2,301.5,1.57,D,0
31.55721,73.91956,334.82,0.39,0.36,2023-10-26,803,N,VIIRS,n,2,301.68,2.23,D,0
31.55781,75.37309,334.44,0.38,0.36,2023-10-26,803,N,VIIRS,n,2,303.16,2.95,D,0
31.55809,75.24007,336.24,0.38,0.36,2023-10-26,803,N,VIIRS,n,2,304.14,2.19,D,0
31.55923,73.93193,331.67,0.39,0.36,2023-10-26,803,N,VIIRS,n,2,301.48,2.08,D,0
31.56054,73.89745,341.77,0.39,0.36,2023-10-26,803,N,VIIRS,n,2,302.32,5.21,D,0
31.56178,75.00256,346.67,0.38,0.36,2023-10-26,803,N,VIIRS,n,2,305.49,8.33,D,0
31.56453,74.75627,335.46,0.39,0.36,2023-10-26,803,N,VIIRS,n,2,302.64,2.86,D,0
31.56531,74.73941,346.16,0.39,0.36,2023-10-26,803,N,VIIRS,n,2,303.58,6.26,D,0
31.57114,74.75486,332.22,0.39,0.36,2023-10-26,803,N,VIIRS,n,2,302.8,3.09,D,0
31.57177,74.7589,333.62,0.39,0.36,2023-10-26,803,N,VIIRS,n,2,305.08,5.52,D,0
31.5727,74.96282,334.62,0.38,0.36,2023-10-26,803,N,VIIRS,n,2,303.87,1.9,D,0
31.57878,74.8699,334.08,0.38,0.36,2023-10-26,803,N,VIIRS,n,2,304.83,1.57,D,0
31.58074,75.14832,336.16,0.38,0.36,2023-10-26,803,N,VIIRS,n,2,304.24,4.52,D,0
31.58136,75.15235,342.91,0.38,0.36,2023-10-26,803,N,VIIRS,n,2,306.46,4.52,D,0
31.58214,74.69408,332.58,0.39,0.36,2023-10-26,803,N,VIIRS,n,2,304.41,2.02,D,0
31.58734,74.94724,342.36,0.38,0.36,2023-10-26,803,N,VIIRS,n,2,305.17,4.08,D,0
31.59024,75.36224,330.26,0.38,0.36,2023-10-26,803,N,VIIRS,n,2,304.88,1.63,D,0
31.5912,72.33733,339.29,0.43,0.38,2023-10-26,803,N,VIIRS,n,2,300.81,5.52,D,0
31.59411,75.19128,343.78,0.38,0.36,2023-10-26,803,N,VIIRS,n,2,305.6,4.43,D,0
31.60269,75.2477,330.8,0.38,0.36,2023-10-26,803,N,VIIRS,n,2,303.67,1.86,D,0
31.60483,75.45903,341.2,0.38,0.36,2023-10-26,803,N,VIIRS,n,2,305.23,5.77,D,0
31.60484,73.56933,335.59,0.4,0.37,2023-10-26,803,N,VIIRS,n,2,301.61,3.42,D,0
31.60719,75.42944,334.61,0.38,0.36,2023-10-26,803,N,VIIRS,n,2,304.5,2.38,D,0
31.60779,75.43347,333.02,0.38,0.36,2023-10-26,803,N,VIIRS,n,2,303.32,2.49,D,0
31.61062,75.18784,334.34,0.38,0.36,2023-10-26,803,N,VIIRS,n,2,304.83,5.18,D,0
31.6133,74.76259,333.61,0.39,0.36,2023-10-26,803,N,VIIRS,n,2,303.3,1.47,D,0
31.61562,75.44018,331.71,0.38,0.36,2023-10-26,803,N,VIIRS,n,2,302.28,1.5,D,0
31.61597,72.35487,334.48,0.43,0.38,2023-10-26,803,N,VIIRS,n,2,301.12,2.46,D,0
31.61663,75.29469,336.59,0.38,0.36,2023-10-26,803,N,VIIRS,n,2,302,2.68,D,0
31.62237,75.19788,335.6,0.38,0.36,2023-10-26,803,N,VIIRS,n,2,307.07,3.25,D,0
31.62728,75.23012,330.6,0.38,0.36,2023-10-26,803,N,VIIRS,n,2,302.26,1.67,D,0
31.62874,75.21734,332.02,0.38,0.36,2023-10-26,803,N,VIIRS,n,2,301.36,1.91,D,0
31.62945,74.65105,332.85,0.39,0.36,2023-10-26,803,N,VIIRS,n,2,302.3,3.51,D,0
31.6302,75.20456,331.14,0.38,0.36,2023-10-26,803,N,VIIRS,n,2,303.56,1.39,D,0
31.63105,75.18775,332.99,0.38,0.36,2023-10-26,803,N,VIIRS,n,2,305.24,1.92,D,0
31.63276,74.65034,337.21,0.39,0.36,2023-10-26,803,N,VIIRS,n,2,302.48,3.51,D,0
31.63481,72.88748,330.69,0.41,0.37,2023-10-26,803,N,VIIRS,l,2,301.13,1.81,D,0
31.63523,75.28253,335.41,0.38,0.36,2023-10-26,803,N,VIIRS,n,2,303.34,4.44,D,0
31.63775,72.22861,331.02,0.43,0.38,2023-10-26,803,N,VIIRS,l,2,301.87,3.29,D,0
31.64026,74.61108,331.99,0.39,0.36,2023-10-26,803,N,VIIRS,n,2,301.82,2.68,D,0
31.64371,75.49704,334.03,0.38,0.36,2023-10-26,803,N,VIIRS,l,2,304.04,1.6,D,0
31.64746,75.25089,332.19,0.38,0.36,2023-10-26,803,N,VIIRS,n,2,302.68,1.59,D,0
31.64802,74.63872,340.01,0.39,0.36,2023-10-26,803,N,VIIRS,n,2,303.4,5.18,D,0
31.64916,75.21726,331.83,0.38,0.36,2023-10-26,803,N,VIIRS,n,2,304.15,1.93,D,0
31.65042,74.67583,332.43,0.39,0.36,2023-10-26,803,N,VIIRS,n,2,302.23,2.09,D,0
31.65595,73.88103,334.77,0.39,0.36,2023-10-26,803,N,VIIRS,n,2,302.25,2.4,D,0
31.6582,74.59467,330.55,0.39,0.36,2023-10-26,803,N,VIIRS,l,2,300.93,1.27,D,0
31.65931,75.19435,333.82,0.38,0.36,2023-10-26,803,N,VIIRS,n,2,303.47,3.11,D,0
31.6669,75.22189,347.81,0.38,0.36,2023-10-26,803,N,VIIRS,n,2,307.95,7.78,D,0
31.66863,73.56943,339.47,0.4,0.37,2023-10-26,803,N,VIIRS,n,2,303.22,3.84,D,0
31.68711,74.71397,332.34,0.39,0.36,2023-10-26,803,N,VIIRS,n,2,302.4,2.65,D,0
31.68844,75.29647,336.33,0.38,0.36,2023-10-26,803,N,VIIRS,n,2,304.97,2.89,D,0
31.69568,74.21251,332.86,0.39,0.36,2023-10-26,803,N,VIIRS,n,2,301.48,1.19,D,0
31.69835,75.29442,334.45,0.38,0.36,2023-10-26,803,N,VIIRS,n,2,305.45,2.2,D,0
31.69928,74.57327,331.56,0.39,0.36,2023-10-26,803,N,VIIRS,n,2,301.41,5.85,D,0
31.69939,74.74896,332.07,0.39,0.36,2023-10-26,803,N,VIIRS,n,2,301.46,1.22,D,0
31.70189,75.18599,334.31,0.38,0.36,2023-10-26,803,N,VIIRS,n,2,304.31,2.54,D,0
31.70519,75.18531,335.87,0.38,0.36,2023-10-26,803,N,VIIRS,n,2,303.81,2.85,D,0
31.71098,74.54595,333.14,0.39,0.36,2023-10-26,803,N,VIIRS,n,2,301.84,3.36,D,0
31.71271,75.03383,337.78,0.38,0.36,2023-10-26,803,N,VIIRS,n,2,303.83,4.01,D,0
31.71493,74.5493,334.38,0.39,0.36,2023-10-26,803,N,VIIRS,n,2,305.22,7.92,D,0
31.71538,75.09574,335.64,0.38,0.36,2023-10-26,803,N,VIIRS,n,2,303.54,2.12,D,0
31.71629,74.19107,333.77,0.39,0.36,2023-10-26,803,N,VIIRS,n,2,304.04,3.16,D,0
31.71696,74.54047,333.1,0.39,0.36,2023-10-26,803,N,VIIRS,n,2,302.83,2.48,D,0
31.72136,75.09032,341.5,0.38,0.36,2023-10-26,803,N,VIIRS,n,2,303.61,3.97,D,0
31.72143,74.56886,339.53,0.39,0.36,2023-10-26,803,N,VIIRS,n,2,303.19,2.98,D,0
31.72157,74.65676,333.4,0.39,0.36,2023-10-26,803,N,VIIRS,l,2,303.7,2.7,D,0
31.7217,74.63581,342.32,0.39,0.36,2023-10-26,803,N,VIIRS,n,2,303.63,4.08,D,0
31.72258,75.27744,346.93,0.38,0.36,2023-10-26,803,N,VIIRS,n,2,308.72,9.64,D,0
31.72467,75.08964,331.98,0.38,0.36,2023-10-26,803,N,VIIRS,n,2,303.09,2.43,D,0
31.72588,75.27676,343.52,0.38,0.36,2023-10-26,803,N,VIIRS,n,2,303.17,6.79,D,0
31.72589,74.59724,331.98,0.39,0.36,2023-10-26,803,N,VIIRS,n,2,303.11,1.91,D,0
31.72837,75.11386,331.74,0.38,0.36,2023-10-26,803,N,VIIRS,n,2,302.33,1.3,D,0
31.73127,73.86562,333.69,0.39,0.36,2023-10-26,803,N,VIIRS,n,2,302.56,1.63,D,0
31.7347,74.86662,330.06,0.38,0.36,2023-10-26,803,N,VIIRS,n,2,302.24,1.53,D,0
31.73555,73.70139,333.17,0.4,0.37,2023-10-26,803,N,VIIRS,n,2,302.61,2.6,D,0
31.73671,72.60611,335.93,0.42,0.38,2023-10-26,803,N,VIIRS,n,2,301.57,2.77,D,0
31.73768,74.71606,332.62,0.39,0.36,2023-10-26,803,N,VIIRS,n,2,302.27,6.53,D,0
31.73782,74.88682,330.9,0.38,0.36,2023-10-26,803,N,VIIRS,n,2,303.2,1.61,D,0
31.73827,75.11179,348.7,0.38,0.36,2023-10-26,803,N,VIIRS,n,2,305.13,4.93,D,0
31.73859,75.31576,349.73,0.38,0.36,2023-10-26,803,N,VIIRS,n,2,305.08,6.25,D,0
31.74655,75.01006,333.9,0.38,0.36,2023-10-26,803,N,VIIRS,n,2,303.87,2.19,D,0
31.74741,75.23898,333.83,0.38,0.36,2023-10-26,803,N,VIIRS,l,2,305.36,4.16,D,0
31.74953,73.23658,330.02,0.41,0.37,2023-10-26,803,N,VIIRS,l,2,301.97,3.48,D,0
31.75311,75.142,346.39,0.38,0.36,2023-10-26,803,N,VIIRS,n,2,306.2,5.08,D,0
31.75601,74.89998,330.69,0.38,0.36,2023-10-26,803,N,VIIRS,n,2,304.93,1.72,D,0
31.75956,75.02816,337.8,0.38,0.36,2023-10-26,803,N,VIIRS,n,2,303.69,3.59,D,0
31.76451,74.99377,331.12,0.38,0.36,2023-10-26,803,N,VIIRS,n,2,304.31,1.17,D,0
31.76459,75.39786,333.87,0.38,0.36,2023-10-26,803,N,VIIRS,n,2,306.8,2.34,D,0
31.76585,74.74348,331.83,0.39,0.36,2023-10-26,803,N,VIIRS,n,2,302.32,1.36,D,0
31.76713,73.23695,335.44,0.41,0.37,2023-10-26,803,N,VIIRS,n,2,301.34,3.28,D,0
31.77185,75.17558,330.18,0.38,0.36,2023-10-26,803,N,VIIRS,l,2,303.69,1.75,D,0
31.77356,74.7711,337.88,0.38,0.36,2023-10-26,803,N,VIIRS,n,2,303.28,3.82,D,0
31.77468,75.32912,334.4,0.38,0.36,2023-10-26,803,N,VIIRS,n,2,304.4,2.11,D,0
31.77725,74.38039,332.25,0.39,0.36,2023-10-26,803,N,VIIRS,l,2,303.69,1.97,D,0
31.78117,73.76867,335.97,0.4,0.37,2023-10-26,803,N,VIIRS,n,2,302.42,4.74,D,0
31.78177,73.7298,335.2,0.4,0.37,2023-10-26,803,N,VIIRS,n,2,304.13,2.52,D,0
31.78199,74.00808,333.04,0.39,0.36,2023-10-26,803,N,VIIRS,n,2,302.26,2.14,D,0
31.78214,75.31091,334.6,0.38,0.36,2023-10-26,803,N,VIIRS,n,2,304.73,2.3,D,0
31.78233,74.65211,333.01,0.39,0.36,2023-10-26,803,N,VIIRS,n,2,301.87,3.52,D,0
31.78266,74.01219,331.65,0.39,0.36,2023-10-26,803,N,VIIRS,n,2,301.74,2.14,D,0
31.78368,74.90247,332.49,0.38,0.36,2023-10-26,803,N,VIIRS,n,2,301.98,2.46,D,0
31.78401,74.59732,331.51,0.39,0.36,2023-10-26,803,N,VIIRS,l,2,301.89,4.8,D,0
31.78464,74.60137,344,0.39,0.36,2023-10-26,803,N,VIIRS,n,2,305.49,4.8,D,0
31.78563,74.65141,333.12,0.39,0.36,2023-10-26,803,N,VIIRS,n,2,302.07,1.98,D,0
31.7896,72.72631,330.15,0.42,0.38,2023-10-26,803,N,VIIRS,n,2,301.9,2.63,D,0
31.79094,75.3466,347,0.38,0.36,2023-10-26,803,N,VIIRS,n,2,305.36,6.52,D,0
31.7919,74.09097,330.73,0.39,0.36,2023-10-26,803,N,VIIRS,l,2,304.23,2.23,D,0
31.79247,73.09472,347.08,0.41,0.37,2023-10-26,803,N,VIIRS,n,2,303.4,8.06,D,0
31.79302,72.7255,342.01,0.42,0.38,2023-10-26,803,N,VIIRS,n,2,301.89,2.63,D,0
31.80328,72.72309,335.48,0.42,0.38,2023-10-26,803,N,VIIRS,n,2,301.43,2.77,D,0
31.80601,74.56322,345.9,0.39,0.36,2023-10-26,803,N,VIIRS,n,2,303.12,3.45,D,0
31.80855,74.57947,339.75,0.39,0.36,2023-10-26,803,N,VIIRS,n,2,303.26,6.68,D,0
31.80991,74.9178,335.28,0.38,0.36,2023-10-26,803,N,VIIRS,n,2,304.26,5.11,D,0
31.81037,75.00948,337.46,0.38,0.36,2023-10-26,803,N,VIIRS,n,2,304.2,7.06,D,0
31.81235,74.6038,337.94,0.39,0.36,2023-10-26,803,N,VIIRS,n,2,303.75,4,D,0
31.81326,73.472,351.53,0.4,0.37,2023-10-26,803,N,VIIRS,n,2,303.46,6.73,D,0
31.81667,74.59148,338.98,0.39,0.36,2023-10-26,803,N,VIIRS,n,2,305.55,9.26,D,0
31.8178,73.75235,332.65,0.4,0.37,2023-10-26,803,N,VIIRS,n,2,301.98,2.35,D,0
31.81968,74.52374,347.1,0.39,0.36,2023-10-26,803,N,VIIRS,n,2,304.27,4.18,D,0
31.82254,74.02465,333.58,0.39,0.36,2023-10-26,803,N,VIIRS,n,2,303.99,1.63,D,0
31.82589,74.00261,331.96,0.39,0.36,2023-10-26,803,N,VIIRS,l,2,303.96,1.55,D,0
31.82866,74.88461,340.14,0.38,0.36,2023-10-26,803,N,VIIRS,n,2,301.8,3.62,D,0
31.82934,74.95542,330.13,0.38,0.36,2023-10-26,803,N,VIIRS,n,2,301.69,1.58,D,0
31.82971,74.75913,332.38,0.38,0.36,2023-10-26,803,N,VIIRS,n,2,302.76,1.72,D,0
31.82982,73.42459,333.7,0.4,0.37,2023-10-26,803,N,VIIRS,n,2,300.74,4.66,D,0
31.83039,73.40697,333.69,0.4,0.37,2023-10-26,803,N,VIIRS,n,2,302.11,4.04,D,0
31.83528,73.58436,332.27,0.4,0.37,2023-10-26,803,N,VIIRS,n,2,303,2.3,D,0
31.83592,75.42518,330.12,0.38,0.36,2023-10-26,803,N,VIIRS,n,2,303.26,1.84,D,0
31.83755,73.97916,334.93,0.39,0.36,2023-10-26,803,N,VIIRS,n,2,305.44,1.97,D,0
31.83981,74.58651,334.55,0.39,0.36,2023-10-26,803,N,VIIRS,n,2,302.94,2.78,D,0
31.84494,73.66437,335.06,0.4,0.37,2023-10-26,803,N,VIIRS,n,2,302.95,2.24,D,0
31.84784,73.74561,344.07,0.4,0.37,2023-10-26,803,N,VIIRS,n,2,304.78,4.65,D,0
31.84819,74.1634,337.03,0.39,0.36,2023-10-26,803,N,VIIRS,n,2,303.6,4.4,D,0
31.85084,74.10381,331.94,0.39,0.36,2023-10-26,803,N,VIIRS,n,2,303.56,2.23,D,0
31.85089,74.82977,344.49,0.38,0.36,2023-10-26,803,N,VIIRS,n,2,304.57,4.76,D,0
31.85254,73.75315,333.85,0.4,0.37,2023-10-26,803,N,VIIRS,n,2,303.58,2.48,D,0
31.85279,73.60639,330.53,0.4,0.37,2023-10-26,803,N,VIIRS,n,2,302.45,1.97,D,0
31.85291,74.60465,330.21,0.39,0.36,2023-10-26,803,N,VIIRS,n,2,300.83,0.68,D,0
31.85411,73.89008,334.32,0.39,0.36,2023-10-26,803,N,VIIRS,l,2,305.69,5.23,D,0
31.85452,73.44165,332.89,0.4,0.37,2023-10-26,803,N,VIIRS,n,2,302.72,2.28,D,0
31.85482,74.10718,332.5,0.39,0.36,2023-10-26,803,N,VIIRS,n,2,302.7,2.4,D,0
31.85644,74.67092,335.59,0.39,0.36,2023-10-26,803,N,VIIRS,n,2,304.17,5.34,D,0
31.85814,74.10644,333.62,0.39,0.36,2023-10-26,803,N,VIIRS,n,2,301.84,2.4,D,0
31.85934,73.81607,330.56,0.39,0.36,2023-10-26,803,N,VIIRS,n,2,303.33,1.85,D,0
31.86069,73.82435,343.77,0.39,0.36,2023-10-26,803,N,VIIRS,n,2,312.74,27.57,D,0
31.86145,73.21178,333.65,0.41,0.37,2023-10-26,803,N,VIIRS,n,2,303.93,2.56,D,0
31.86928,73.34205,336.89,0.4,0.37,2023-10-26,803,N,VIIRS,n,2,303.67,2.91,D,0
31.86947,73.94221,336.55,0.39,0.36,2023-10-26,803,N,VIIRS,n,2,303.2,3.27,D,0
31.87062,73.77919,330.21,0.39,0.37,2023-10-26,803,N,VIIRS,l,2,304.4,1.19,D,0
31.87175,73.67992,330.26,0.4,0.37,2023-10-26,803,N,VIIRS,n,2,303.34,1.58,D,0
31.87776,74.89627,332.1,0.38,0.36,2023-10-26,803,N,VIIRS,n,2,299.83,2.52,D,0
31.88132,73.33051,334.86,0.4,0.37,2023-10-26,803,N,VIIRS,n,2,303.45,4.42,D,0
31.88199,74.14787,341.8,0.39,0.36,2023-10-26,803,N,VIIRS,n,2,304.24,4.14,D,0
31.88203,73.33474,334.62,0.4,0.37,2023-10-26,803,N,VIIRS,n,2,304.62,4.42,D,0
31.89152,73.70641,334.18,0.4,0.37,2023-10-26,803,N,VIIRS,n,2,303.01,2.8,D,0
31.89269,74.99332,330.31,0.38,0.36,2023-10-26,803,N,VIIRS,n,2,303.82,2.5,D,0
31.89284,74.90561,333.51,0.38,0.36,2023-10-26,803,N,VIIRS,n,2,303.23,7.46,D,0
31.89355,74.64621,330.97,0.39,0.36,2023-10-26,803,N,VIIRS,l,2,303.11,2.63,D,0
31.89608,74.00027,334.16,0.39,0.36,2023-10-26,803,N,VIIRS,n,2,302.72,2.52,D,0
31.89783,74.69556,338.06,0.39,0.36,2023-10-26,803,N,VIIRS,n,2,304.51,7.19,D,0
31.89933,73.78564,338.53,0.39,0.37,2023-10-26,803,N,VIIRS,n,2,303.38,2.8,D,0
31.89935,73.80711,351.53,0.39,0.36,2023-10-26,803,N,VIIRS,n,2,305.05,5.97,D,0
31.90007,74.90826,331.49,0.38,0.36,2023-10-26,803,N,VIIRS,n,2,301.22,2.79,D,0
31.90062,75.19908,334.74,0.38,0.36,2023-10-26,803,N,VIIRS,n,2,302.64,3.06,D,0
31.90131,74.09693,335.63,0.39,0.36,2023-10-26,803,N,VIIRS,n,2,302.45,2.24,D,0
31.90463,74.0962,333.16,0.39,0.36,2023-10-26,803,N,VIIRS,n,2,301.15,2.24,D,0
31.90775,73.76302,343.44,0.39,0.37,2023-10-26,803,N,VIIRS,n,2,303.91,3,D,0
31.90784,74.84811,331.94,0.38,0.36,2023-10-26,803,N,VIIRS,n,2,300.72,1.92,D,0
31.91397,73.6323,344.26,0.4,0.37,2023-10-26,803,N,VIIRS,n,2,303.3,5.11,D,0
31.91927,74.33841,335.31,0.39,0.36,2023-10-26,803,N,VIIRS,n,2,304.43,4.85,D,0
31.92055,75.04173,333.56,0.38,0.36,2023-10-26,803,N,VIIRS,n,2,302.29,2.22,D,0
31.92595,74.81081,331.05,0.38,0.36,2023-10-26,803,N,VIIRS,n,2,302.53,1.54,D,0
31.92835,75.1152,334.64,0.38,0.36,2023-10-26,803,N,VIIRS,n,2,302.69,4.1,D,0
31.92907,73.74534,344.53,0.39,0.37,2023-10-26,803,N,VIIRS,n,2,303.03,6.06,D,0
31.93301,74.8344,333.52,0.38,0.36,2023-10-26,803,N,VIIRS,n,2,304.28,5.48,D,0
31.9355,74.85059,330.51,0.38,0.36,2023-10-26,803,N,VIIRS,n,2,302.29,1.43,D,0
31.93927,73.44852,337.5,0.4,0.37,2023-10-26,803,N,VIIRS,n,2,302.5,3.23,D,0
31.94194,73.82406,330.21,0.39,0.36,2023-10-26,803,N,VIIRS,n,2,303.09,1.5,D,0
31.94338,73.89653,335.41,0.39,0.36,2023-10-26,803,N,VIIRS,n,2,303.33,2.31,D,0
31.94546,73.97295,334.46,0.39,0.36,2023-10-26,803,N,VIIRS,n,2,303.05,1.91,D,0
31.94782,74.7978,338.81,0.38,0.36,2023-10-26,803,N,VIIRS,n,2,302.19,2.83,D,0
31.96036,74.94564,347.57,0.38,0.36,2023-10-26,803,N,VIIRS,n,2,304.93,6.19,D,0
31.96161,75.02056,333.03,0.38,0.36,2023-10-26,803,N,VIIRS,n,2,303.04,2.08,D,0
31.96498,74.32423,333.2,0.39,0.36,2023-10-26,803,N,VIIRS,n,2,302.44,2.84,D,0
31.96548,74.89022,340.8,0.38,0.36,2023-10-26,803,N,VIIRS,n,2,305.65,5.19,D,0
31.97357,74.94284,337.29,0.38,0.36,2023-10-26,803,N,VIIRS,n,2,302.37,3.01,D,0
31.97564,73.67021,332.76,0.4,0.37,2023-10-26,803,N,VIIRS,n,2,302.35,3.72,D,0
31.97937,73.991,335.4,0.39,0.36,2023-10-26,803,N,VIIRS,n,2,303.08,2.56,D,0
31.98285,75.24992,335.23,0.38,0.36,2023-10-26,803,N,VIIRS,n,2,305.88,4.88,D,0
31.98615,75.24923,342.17,0.38,0.36,2023-10-26,803,N,VIIRS,n,2,305.43,8.4,D,0
31.98628,73.65053,331.49,0.4,0.37,2023-10-26,803,N,VIIRS,l,2,302.88,1.46,D,0
31.99174,74.88911,334.5,0.38,0.36,2023-10-26,803,N,VIIRS,n,2,302.95,3.97,D,0
31.9982,74.9755,330.88,0.38,0.36,2023-10-26,803,N,VIIRS,n,2,302.94,1.62,D,0
32.00113,74.38439,345.87,0.39,0.36,2023-10-26,803,N,VIIRS,n,2,305.26,8.73,D,0
32.00396,73.99406,333.57,0.39,0.36,2023-10-26,803,N,VIIRS,n,2,303.25,2.19,D,0
32.00433,74.88226,334.46,0.38,0.36,2023-10-26,803,N,VIIRS,n,2,302.6,3.03,D,0
32.00436,74.40475,331.33,0.39,0.36,2023-10-26,803,N,VIIRS,n,2,302.74,1.63,D,0
32.01063,73.9072,341.99,0.39,0.36,2023-10-26,803,N,VIIRS,n,2,304.43,4.64,D,0
32.01306,75.00579,331.12,0.38,0.36,2023-10-26,803,N,VIIRS,l,2,302.93,3.18,D,0
32.03493,74.99282,343.2,0.38,0.36,2023-10-26,803,N,VIIRS,n,2,302.34,3.55,D,0
32.04171,75.10423,333.6,0.38,0.36,2023-10-26,803,N,VIIRS,n,2,302.99,3.97,D,0
32.04357,72.38936,333.35,0.43,0.38,2023-10-26,803,N,VIIRS,n,2,301.77,2.83,D,0
32.04608,74.38725,332.39,0.39,0.36,2023-10-26,803,N,VIIRS,n,2,302.07,1.76,D,0
32.04974,74.88936,341.56,0.38,0.36,2023-10-26,803,N,VIIRS,n,2,303.17,7.18,D,0
32.0509,72.41085,334.7,0.42,0.38,2023-10-26,803,N,VIIRS,n,2,301.5,3.37,D,0
32.05952,73.96513,335.48,0.39,0.36,2023-10-26,803,N,VIIRS,n,2,305.25,2.68,D,0
32.06398,75.11627,330.91,0.38,0.36,2023-10-26,803,N,VIIRS,n,2,303,2.01,D,0
32.07082,74.01378,333.64,0.39,0.36,2023-10-26,803,N,VIIRS,n,2,302.1,2.59,D,0
32.07892,73.61722,333.26,0.4,0.37,2023-10-26,803,N,VIIRS,n,2,303.2,2.21,D,0
32.08298,74.53495,331.87,0.39,0.36,2023-10-26,803,N,VIIRS,n,2,300.16,2.23,D,0
32.09479,73.3058,338.25,0.4,0.37,2023-10-26,803,N,VIIRS,n,2,302.93,4.09,D,0
32.11943,73.62252,338.6,0.4,0.37,2023-10-26,803,N,VIIRS,n,2,303.83,2.33,D,0
32.13612,73.85113,337.43,0.39,0.36,2023-10-26,803,N,VIIRS,n,2,305.47,2.32,D,0
32.13966,74.35884,333.15,0.39,0.36,2023-10-26,803,N,VIIRS,n,2,302.94,3.99,D,0
32.14933,73.42461,331.57,0.4,0.37,2023-10-26,803,N,VIIRS,n,2,300.7,3,D,0
32.15025,73.64149,337.89,0.4,0.37,2023-10-26,803,N,VIIRS,n,2,303.35,4.92,D,0
32.15399,74.40632,335.57,0.39,0.36,2023-10-26,803,N,VIIRS,n,2,302.8,2.59,D,0
32.17262,73.77859,334.74,0.39,0.36,2023-10-26,803,N,VIIRS,n,2,303.12,3.6,D,0
32.19449,73.16901,331.45,0.4,0.37,2023-10-26,803,N,VIIRS,n,2,301,1.78,D,0
32.19752,74.81696,334.54,0.38,0.36,2023-10-26,803,N,VIIRS,n,2,302.52,2.47,D,0
32.20072,73.93081,334.26,0.39,0.36,2023-10-26,803,N,VIIRS,n,2,303.73,2.15,D,0
32.20124,74.46767,330.14,0.39,0.36,2023-10-26,803,N,VIIRS,n,2,301.65,1.58,D,0
32.20802,73.89071,334.23,0.39,0.36,2023-10-26,803,N,VIIRS,l,2,307.59,12.6,D,0
32.21117,75.34964,334.91,0.38,0.36,2023-10-26,803,N,VIIRS,n,2,301.92,4.33,D,0
32.21201,73.95818,334.41,0.39,0.36,2023-10-26,803,N,VIIRS,l,2,306.22,2.79,D,0
32.21437,74.77144,340.85,0.38,0.36,2023-10-26,803,N,VIIRS,n,2,301.59,3.95,D,0
32.21533,73.95744,333.21,0.39,0.36,2023-10-26,803,N,VIIRS,l,2,303.67,2.79,D,0
32.22117,73.30817,337.61,0.4,0.37,2023-10-26,803,N,VIIRS,n,2,301.54,3.23,D,0
32.22325,74.02817,347.02,0.39,0.36,2023-10-26,803,N,VIIRS,n,2,303.63,4.73,D,0
32.22892,73.48114,338.84,0.4,0.37,2023-10-26,803,N,VIIRS,n,2,300.74,4.43,D,0
32.22911,74.8228,333.01,0.38,0.36,2023-10-26,803,N,VIIRS,n,2,300.45,2.06,D,0
32.23263,73.87234,333.88,0.39,0.36,2023-10-26,803,N,VIIRS,n,2,305.73,6.39,D,0
32.2366,73.93989,337.05,0.39,0.36,2023-10-26,803,N,VIIRS,l,2,307.14,10.56,D,0
32.23993,73.93915,346.46,0.39,0.36,2023-10-26,803,N,VIIRS,n,2,305.59,10.56,D,0
32.24174,73.66454,333.63,0.39,0.37,2023-10-26,803,N,VIIRS,n,2,303.6,5.6,D,0
32.25502,73.63995,337.99,0.39,0.37,2023-10-26,803,N,VIIRS,n,2,302.72,2.85,D,0
32.26077,74.74053,336.3,0.38,0.36,2023-10-26,803,N,VIIRS,n,2,302.35,2.74,D,0
32.26451,73.35955,332.51,0.4,0.37,2023-10-26,803,N,VIIRS,n,2,302.17,6.9,D,0
32.26521,73.36376,355.86,0.4,0.37,2023-10-26,803,N,VIIRS,n,2,305.59,6.9,D,0
32.27064,73.52379,331.98,0.4,0.37,2023-10-26,803,N,VIIRS,n,2,301.67,3.19,D,0
32.28475,73.30766,345.71,0.4,0.37,2023-10-26,803,N,VIIRS,n,2,304.29,5.44,D,0
32.30695,73.52509,345,0.4,0.37,2023-10-26,803,N,VIIRS,n,2,302.77,4.72,D,0
32.30742,74.00568,346.82,0.39,0.36,2023-10-26,803,N,VIIRS,n,2,303.16,4.19,D,0
32.31136,73.79519,348.09,0.39,0.36,2023-10-26,803,N,VIIRS,n,2,303.59,5.76,D,0
32.3154,73.84148,336.97,0.39,0.36,2023-10-26,803,N,VIIRS,n,2,304.3,3.24,D,0
32.31675,73.91395,331.25,0.39,0.36,2023-10-26,803,N,VIIRS,n,2,304.64,4,D,0
32.31741,73.91808,333.01,0.39,0.36,2023-10-26,803,N,VIIRS,n,2,302.99,6.38,D,0
32.31832,74.2242,332.12,0.39,0.36,2023-10-26,803,N,VIIRS,n,2,304.76,1.64,D,0
32.32737,73.93723,330.6,0.39,0.36,2023-10-26,803,N,VIIRS,n,2,304,2.03,D,0
32.3413,73.95974,335.19,0.39,0.36,2023-10-26,803,N,VIIRS,n,2,303.8,2.03,D,0
32.34768,74.12865,331.07,0.39,0.36,2023-10-26,803,N,VIIRS,n,2,302.11,1.05,D,0
32.35077,73.85576,335.87,0.39,0.36,2023-10-26,803,N,VIIRS,n,2,304.63,2.78,D,0
32.3513,73.89339,330.65,0.39,0.36,2023-10-26,803,N,VIIRS,l,2,303.64,2.02,D,0
32.35345,73.87229,332.69,0.39,0.36,2023-10-26,803,N,VIIRS,n,2,304.13,3.09,D,0
32.35677,73.87155,343.07,0.39,0.36,2023-10-26,803,N,VIIRS,n,2,304.31,3.09,D,0
32.3571,74.05853,331.57,0.39,0.36,2023-10-26,803,N,VIIRS,l,2,303.44,3.59,D,0
32.37446,74.53706,331.96,0.39,0.36,2023-10-26,803,N,VIIRS,n,2,301.81,2.17,D,0
32.38802,74.04389,340.25,0.39,0.36,2023-10-26,803,N,VIIRS,n,2,303.43,2.46,D,0
32.40324,74.07455,331.48,0.39,0.36,2023-10-26,803,N,VIIRS,l,2,303.16,1.64,D,0
32.47411,75.07448,335.21,0.38,0.36,2023-10-26,803,N,VIIRS,n,2,304.89,8.68,D,0
32.47853,73.72024,338.63,0.39,0.36,2023-10-26,803,N,VIIRS,n,2,299.86,3.28,D,0
32.58712,74.35682,331.45,0.39,0.36,2023-10-26,803,N,VIIRS,n,2,301.39,1.66,D,0
32.60604,73.3419,331.85,0.4,0.37,2023-10-26,803,N,VIIRS,n,2,300.03,1.83,D,0
32.62241,74.42944,331.64,0.39,0.36,2023-10-26,803,N,VIIRS,n,2,300.57,2.17,D,0
32.68624,74.60191,332.73,0.38,0.36,2023-10-26,803,N,VIIRS,n,2,300.57,2.62,D,0
33.78979,72.42679,342.29,0.41,0.37,2023-10-26,803,N,VIIRS,n,2,304.26,3.01,D,0
34.03947,74.85701,331.68,0.38,0.36,2023-10-26,803,N,VIIRS,n,2,293.53,3.97,D,0
34.04277,74.85629,336.13,0.38,0.36,2023-10-26,803,N,VIIRS,n,2,292.94,3.97,D,0
34.09175,74.75167,328.98,0.38,0.36,2023-10-26,803,N,VIIRS,n,2,296.51,2.63,D,0
34.09442,74.74682,334.66,0.38,0.36,2023-10-26,803,N,VIIRS,n,2,296.85,2.63,D,0
30.94745,71.85319,304.61,0.53,0.5,2023-10-26,2026,N,VIIRS,n,2,289.84,0.89,N,0
31.6075,74.40395,302.25,0.39,0.44,2023-10-26,2026,N,VIIRS,n,2,291.42,0.67,N,2
31.6147,74.37571,299.69,0.39,0.44,2023-10-26,2026,N,VIIRS,n,2,289.35,0.22,N,2
31.65283,74.17747,322.27,0.4,0.44,2023-10-26,2026,N,VIIRS,n,2,291.09,1.51,N,0
32.08598,74.16146,300.88,0.4,0.45,2023-10-26,2026,N,VIIRS,n,2,289.69,0.5,N,2
32.28999,70.73682,302.82,0.32,0.54,2023-10-26,2026,N,VIIRS,n,2,292.35,0.78,N,2
32.71783,72.77261,300.18,0.49,0.49,2023-10-26,2026,N,VIIRS,n,2,287.25,0.71,N,2
33.80272,72.09916,300.82,0.55,0.51,2023-10-26,2026,N,VIIRS,n,2,287.89,1.39,N,0
28.42443,69.69871,304.49,0.33,0.56,2023-10-26,2027,N,VIIRS,n,2,292.49,0.8,N,2
28.42539,69.69942,306.27,0.33,0.56,2023-10-26,2027,N,VIIRS,n,2,293.1,0.79,N,2
30.02386,70.03184,297.94,0.33,0.55,2023-10-26,2027,N,VIIRS,n,2,286.85,0.61,N,0
30.02883,70.03461,305.2,0.33,0.55,2023-10-26,2027,N,VIIRS,n,2,287.07,0.76,N,0
30.02911,70.03117,303.8,0.33,0.55,2023-10-26,2027,N,VIIRS,n,2,286.66,1.01,N,0
30.07425,70.06936,300.97,0.33,0.55,2023-10-26,2027,N,VIIRS,n,2,287.99,0.67,N,0
30.0777,70.0712,305.39,0.33,0.55,2023-10-26,2027,N,VIIRS,n,2,288.44,1.39,N,0
30.07796,70.06812,328.68,0.33,0.55,2023-10-26,2027,N,VIIRS,n,2,289.99,1.39,N,0
30.07936,70.07047,317.79,0.33,0.55,2023-10-26,2027,N,VIIRS,n,2,289.31,1.2,N,0
30.0796,70.06741,309.15,0.33,0.55,2023-10-26,2027,N,VIIRS,n,2,289.03,1.2,N,0
33.80175,72.10123,297.55,0.72,0.76,2023-10-26,2206,N,VIIRS,n,2,284.33,0.8,N,0
27.78777,75.01912,336.48,0.41,0.45,2023-10-27,743,N,VIIRS,n,2,307.52,1.48,D,0
28.92413,70.89108,331.95,0.33,0.56,2023-10-27,743,N,VIIRS,n,2,305.46,1.28,D,0
29.42656,75.41909,344.73,0.54,0.42,2023-10-27,743,N,VIIRS,n,2,304.94,10.06,D,0
29.47419,75.22443,334.52,0.56,0.43,2023-10-27,743,N,VIIRS,n,2,304.63,2.84,D,0
29.51439,74.56875,337.6,0.4,0.44,2023-10-27,743,N,VIIRS,n,2,304.2,7.69,D,0
29.51521,74.57282,341.68,0.4,0.44,2023-10-27,743,N,VIIRS,n,2,306.98,15,D,0
29.6403,74.37543,340.89,0.41,0.45,2023-10-27,743,N,VIIRS,n,2,302.35,4.27,D,0
29.65597,75.24529,342.45,0.55,0.43,2023-10-27,743,N,VIIRS,n,2,306.5,25.14,D,0
29.69616,75.15783,337.79,0.56,0.43,2023-10-27,743,N,VIIRS,n,2,302.63,5.22,D,0
29.71148,74.9707,333.48,0.57,0.43,2023-10-27,743,N,VIIRS,n,2,302.33,3.72,D,0
29.7172,75.35306,337.04,0.54,0.42,2023-10-27,743,N,VIIRS,n,2,301.93,7.06,D,0
29.76573,75.33257,330,0.54,0.42,2023-10-27,743,N,VIIRS,n,2,303.03,3.57,D,0
29.78068,75.30544,334.56,0.54,0.42,2023-10-27,743,N,VIIRS,n,2,301.16,5.05,D,0
29.79161,75.32021,335.7,0.54,0.42,2023-10-27,743,N,VIIRS,n,2,301.4,2.59,D,0
29.79415,75.24923,335.7,0.55,0.43,2023-10-27,743,N,VIIRS,n,2,302.3,4.78,D,0
29.81394,75.26657,331.88,0.55,0.42,2023-10-27,743,N,VIIRS,n,2,300.58,1.52,D,0
29.87514,74.95215,330.49,0.57,0.43,2023-10-27,743,N,VIIRS,l,2,301.25,3.67,D,0
29.90657,75.24307,332.08,0.55,0.42,2023-10-27,743,N,VIIRS,n,2,300.02,1.34,D,0
29.93625,75.39841,332.75,0.54,0.42,2023-10-27,743,N,VIIRS,n,2,301.22,3.97,D,0
29.93656,75.35789,334.51,0.54,0.42,2023-10-27,743,N,VIIRS,n,2,303.17,3.72,D,0
29.93729,75.40389,332.79,0.54,0.42,2023-10-27,743,N,VIIRS,n,2,301.52,5.05,D,0
28.93659,70.50007,332.83,0.35,0.57,2023-10-27,744,N,VIIRS,l,2,303.39,3.07,D,0
29.06314,70.63848,335.22,0.34,0.56,2023-10-27,744,N,VIIRS,n,2,302.87,2.99,D,0
29.23911,71.42496,340.19,0.61,0.54,2023-10-27,744,N,VIIRS,n,2,301.7,9.04,D,0
29.24049,71.43118,340.28,0.61,0.53,2023-10-27,744,N,VIIRS,n,2,302.38,9.04,D,0
29.2418,71.42909,340.56,0.61,0.53,2023-10-27,744,N,VIIRS,n,2,301.33,11.53,D,0
29.4508,70.44086,332.6,0.34,0.56,2023-10-27,744,N,VIIRS,n,2,301.87,4.36,D,0
29.46182,70.44132,347.63,0.34,0.56,2023-10-27,744,N,VIIRS,n,2,301.46,5.68,D,0
29.49596,70.40096,330.38,0.35,0.56,2023-10-27,744,N,VIIRS,n,2,300.25,3.34,D,0
29.83456,72.78487,340.77,0.5,0.49,2023-10-27,744,N,VIIRS,n,2,302.35,7.44,D,0
29.87276,74.9506,333.16,0.57,0.43,2023-10-27,744,N,VIIRS,n,2,302.17,3.83,D,0
29.87527,72.80029,344.06,0.49,0.49,2023-10-27,744,N,VIIRS,n,2,303.03,9.96,D,0
29.87654,72.79815,348.71,0.49,0.49,2023-10-27,744,N,VIIRS,n,2,302.44,6.95,D,0
29.90134,74.94934,336.51,0.56,0.43,2023-10-27,744,N,VIIRS,n,2,304.4,5.62,D,0
29.92422,74.9191,332.46,0.57,0.43,2023-10-27,744,N,VIIRS,n,2,301.72,3.53,D,0
29.9462,74.45454,356.43,0.4,0.44,2023-10-27,744,N,VIIRS,n,2,303.8,14.87,D,0
29.94975,75.34053,330.15,0.54,0.42,2023-10-27,744,N,VIIRS,n,2,300.83,2.84,D,0
29.97424,74.97107,332.05,0.56,0.43,2023-10-27,744,N,VIIRS,n,2,301.99,5.65,D,0
29.97465,74.9669,333.32,0.56,0.43,2023-10-27,744,N,VIIRS,n,2,304.73,3.4,D,0
29.98983,75.17242,333.91,0.55,0.43,2023-10-27,744,N,VIIRS,n,2,301.86,5.32,D,0
30.00832,74.47289,342.46,0.4,0.44,2023-10-27,744,N,VIIRS,n,2,302.18,4.96,D,0
30.0111,75.49149,331.89,0.53,0.42,2023-10-27,744,N,VIIRS,n,2,300.02,2.01,D,0
30.01279,73.32764,331.81,0.46,0.47,2023-10-27,744,N,VIIRS,n,2,303.01,1.77,D,0
30.0348,73.34641,336.75,0.46,0.47,2023-10-27,744,N,VIIRS,n,2,303.18,7.39,D,0
30.03578,73.35107,342.2,0.46,0.47,2023-10-27,744,N,VIIRS,n,2,306.42,7.39,D,0
30.04227,74.55775,339.46,0.39,0.44,2023-10-27,744,N,VIIRS,n,2,300.84,2.6,D,0
30.04739,75.23794,331.75,0.54,0.42,2023-10-27,744,N,VIIRS,n,2,300.49,1.9,D,0
30.05381,73.35108,348.5,0.46,0.47,2023-10-27,744,N,VIIRS,n,2,307.8,16.89,D,0
30.06122,73.23434,342.14,0.46,0.47,2023-10-27,744,N,VIIRS,n,2,301.58,4.72,D,0
30.06221,73.23911,333.18,0.46,0.47,2023-10-27,744,N,VIIRS,n,2,300.91,4.16,D,0
30.06251,73.23577,351.43,0.46,0.47,2023-10-27,744,N,VIIRS,n,2,300.9,6.87,D,0
30.06882,73.2272,330.52,0.46,0.47,2023-10-27,744,N,VIIRS,l,2,300.52,2.95,D,0
30.06906,73.22391,338.89,0.46,0.47,2023-10-27,744,N,VIIRS,n,2,301.09,2.95,D,0
30.08913,74.99963,334.1,0.56,0.43,2023-10-27,744,N,VIIRS,n,2,300.42,5.58,D,0
30.09085,75.00141,337.01,0.56,0.43,2023-10-27,744,N,VIIRS,n,2,300.96,4.68,D,0
30.1052,74.97746,341.25,0.56,0.43,2023-10-27,744,N,VIIRS,n,2,304.99,18.4,D,0
30.1335,75.47537,335.48,0.53,0.42,2023-10-27,744,N,VIIRS,n,2,300.81,5.61,D,0
30.16035,75.02929,338.06,0.55,0.43,2023-10-27,744,N,VIIRS,n,2,302.85,10.25,D,0
30.16138,74.90856,331.17,0.56,0.43,2023-10-27,744,N,VIIRS,n,2,301.36,3.09,D,0
30.19222,72.87851,334.08,0.48,0.48,2023-10-27,744,N,VIIRS,n,2,300.54,3.69,D,0
30.19995,75.14963,333.4,0.55,0.42,2023-10-27,744,N,VIIRS,n,2,300.48,5.57,D,0
30.20152,74.63836,341.01,0.39,0.44,2023-10-27,744,N,VIIRS,n,2,301.7,2.96,D,0
30.20304,73.08224,336.88,0.47,0.48,2023-10-27,744,N,VIIRS,n,2,301.19,4.68,D,0
30.23138,73.13025,332.31,0.47,0.47,2023-10-27,744,N,VIIRS,n,2,300.68,4.25,D,0
30.27026,72.45907,331.95,0.51,0.49,2023-10-27,744,N,VIIRS,n,2,302.43,2.14,D,0
30.28074,73.96276,337.57,0.42,0.45,2023-10-27,744,N,VIIRS,n,2,300.69,2.5,D,0
30.28484,73.96166,341.21,0.42,0.45,2023-10-27,744,N,VIIRS,n,2,300.57,8.65,D,0
30.29003,75.33955,332.3,0.53,0.42,2023-10-27,744,N,VIIRS,n,2,300.3,3.25,D,0
30.29998,75.30827,339.09,0.53,0.42,2023-10-27,744,N,VIIRS,n,2,304.09,10.5,D,0
30.31539,74.38567,338.61,0.4,0.44,2023-10-27,744,N,VIIRS,n,2,300.65,3.03,D,0
30.31824,72.52788,333.2,0.5,0.49,2023-10-27,744,N,VIIRS,n,2,300.04,3.44,D,0
30.32474,73.39409,335.7,0.45,0.47,2023-10-27,744,N,VIIRS,n,2,300.57,2.22,D,0
30.32717,73.3967,341.88,0.45,0.47,2023-10-27,744,N,VIIRS,n,2,301.72,4.19,D,0
30.36095,73.62725,332.36,0.43,0.46,2023-10-27,744,N,VIIRS,n,2,300.93,3.32,D,0
30.36832,73.96251,331.38,0.42,0.45,2023-10-27,744,N,VIIRS,n,2,298.97,2.57,D,0
30.38488,73.53189,338.52,0.44,0.46,2023-10-27,744,N,VIIRS,n,2,300.01,4.68,D,0
30.40403,73.60266,334.72,0.43,0.46,2023-10-27,744,N,VIIRS,n,2,300.83,2.8,D,0
30.41238,73.60038,337.48,0.43,0.46,2023-10-27,744,N,VIIRS,n,2,301.19,2.82,D,0
30.43248,73.74006,335.24,0.43,0.46,2023-10-27,744,N,VIIRS,n,2,300.78,3.61,D,0
30.43284,73.52826,337.57,0.44,0.46,2023-10-27,744,N,VIIRS,n,2,300.24,3.79,D,0
30.43531,75.17361,330.04,0.54,0.42,2023-10-27,744,N,VIIRS,n,2,299.83,3.18,D,0
30.45928,75.4656,331.49,0.52,0.42,2023-10-27,744,N,VIIRS,n,2,298.87,5.34,D,0
30.46056,73.72778,341.76,0.43,0.46,2023-10-27,744,N,VIIRS,n,2,301.2,3.21,D,0
30.48376,74.25919,340.95,0.4,0.44,2023-10-27,744,N,VIIRS,n,2,300.23,3.79,D,0
30.49658,75.34834,332.59,0.53,0.42,2023-10-27,744,N,VIIRS,n,2,301.48,9.85,D,0
30.49912,75.35103,334.11,0.53,0.42,2023-10-27,744,N,VIIRS,n,2,300.79,7.57,D,0
30.50634,73.41932,335.23,0.44,0.46,2023-10-27,744,N,VIIRS,n,2,299.6,3.03,D,0
30.52709,72.32442,341.88,0.51,0.49,2023-10-27,744,N,VIIRS,n,2,300.21,6.72,D,0
30.52844,72.32685,342.31,0.51,0.49,2023-10-27,744,N,VIIRS,n,2,299.85,13.01,D,0
30.52864,73.69743,334.76,0.43,0.46,2023-10-27,744,N,VIIRS,n,2,302.47,4.28,D,0
30.53278,73.6963,341.37,0.43,0.46,2023-10-27,744,N,VIIRS,n,2,302.53,14.21,D,0
30.53491,72.02953,343.4,0.53,0.5,2023-10-27,744,N,VIIRS,n,2,303.2,8.82,D,0
30.55944,73.80447,340.92,0.42,0.45,2023-10-27,744,N,VIIRS,n,2,303.52,13.85,D,0
30.56355,73.80335,340.95,0.42,0.45,2023-10-27,744,N,VIIRS,n,2,298.64,7.04,D,0
30.57767,73.80867,338.2,0.42,0.45,2023-10-27,744,N,VIIRS,n,2,299.56,3.07,D,0
30.58209,72.90848,330.71,0.47,0.48,2023-10-27,744,N,VIIRS,n,2,300.63,2.28,D,0
30.58964,73.71791,339.84,0.43,0.46,2023-10-27,744,N,VIIRS,n,2,301.56,4,D,0
30.59231,75.33041,345.44,0.53,0.42,2023-10-27,744,N,VIIRS,n,2,307.7,16.55,D,0
30.59405,75.32681,344.27,0.53,0.42,2023-10-27,744,N,VIIRS,n,2,306.64,37.22,D,0
30.59474,73.67582,335.1,0.43,0.46,2023-10-27,744,N,VIIRS,n,2,300.92,2.11,D,0
30.5949,73.67931,338.61,0.43,0.46,2023-10-27,744,N,VIIRS,n,2,301.66,2.43,D,0
30.59611,75.32944,335.77,0.53,0.42,2023-10-27,744,N,VIIRS,n,2,302.01,16.55,D,0
30.59656,72.2905,355.14,0.51,0.49,2023-10-27,744,N,VIIRS,n,2,300.34,10.64,D,0
30.59934,73.69779,332.7,0.43,0.46,2023-10-27,744,N,VIIRS,n,2,300.92,3.42,D,0
30.59936,73.70132,339.11,0.43,0.46,2023-10-27,744,N,VIIRS,n,2,301.19,3.41,D,0
30.60083,73.87982,339.23,0.42,0.45,2023-10-27,744,N,VIIRS,n,2,300.85,4.78,D,0
30.60413,75.35017,336.52,0.52,0.42,2023-10-27,744,N,VIIRS,n,2,301.91,4.89,D,0
30.60469,73.01447,341.33,0.46,0.47,2023-10-27,744,N,VIIRS,n,2,302.16,3.35,D,0
30.60527,73.70898,340.96,0.43,0.46,2023-10-27,744,N,VIIRS,n,2,301.69,3.84,D,0
30.60575,75.34662,333.55,0.53,0.42,2023-10-27,744,N,VIIRS,n,2,302.11,5.05,D,0
30.60622,73.70981,344.48,0.42,0.46,2023-10-27,744,N,VIIRS,n,2,302.1,5.38,D,0
30.60727,74.01735,331.49,0.41,0.45,2023-10-27,744,N,VIIRS,n,2,300.82,4.01,D,0
30.62561,71.76611,332.29,0.55,0.51,2023-10-27,744,N,VIIRS,n,2,297.28,4.28,D,0
30.62729,71.76324,339.82,0.55,0.51,2023-10-27,744,N,VIIRS,n,2,298.02,3.11,D,0
30.62736,73.90429,334.83,0.41,0.45,2023-10-27,744,N,VIIRS,n,2,303.06,2.26,D,0
30.63171,75.34882,335.69,0.52,0.42,2023-10-27,744,N,VIIRS,n,2,300.45,4.71,D,0
30.63351,73.799,350.8,0.42,0.45,2023-10-27,744,N,VIIRS,n,2,301.65,7.48,D,0
30.63554,73.90206,341.05,0.41,0.45,2023-10-27,744,N,VIIRS,n,2,301.12,6.28,D,0
30.64316,75.40819,346.79,0.52,0.42,2023-10-27,744,N,VIIRS,n,2,302.12,9.97,D,0
30.64673,73.79998,340.47,0.42,0.45,2023-10-27,744,N,VIIRS,n,2,301.59,8.04,D,0
30.64898,74.28619,331.79,0.4,0.44,2023-10-27,744,N,VIIRS,n,2,300.22,4.03,D,0
30.65028,73.47696,348.34,0.44,0.46,2023-10-27,744,N,VIIRS,n,2,301.79,8.6,D,0
30.65313,73.94682,330.08,0.41,0.45,2023-10-27,744,N,VIIRS,n,2,299.78,3.63,D,0
30.65464,73.94276,340.76,0.41,0.45,2023-10-27,744,N,VIIRS,n,2,300.75,2.6,D,0
30.66351,73.81824,335.26,0.42,0.45,2023-10-27,744,N,VIIRS,n,2,301.6,3.09,D,0
30.66449,73.88605,340.99,0.41,0.45,2023-10-27,744,N,VIIRS,n,2,302.17,5.92,D,0
30.67064,75.40685,332.77,0.52,0.42,2023-10-27,744,N,VIIRS,n,2,301.32,4.21,D,0
30.67211,73.01072,343.48,0.46,0.47,2023-10-27,744,N,VIIRS,n,2,300.66,4.58,D,0
30.67235,73.0075,336.86,0.46,0.47,2023-10-27,744,N,VIIRS,n,2,300.9,2.93,D,0
30.68159,72.79451,331.48,0.48,0.48,2023-10-27,744,N,VIIRS,n,2,298.86,2.24,D,0
30.68492,73.94354,344.23,0.41,0.45,2023-10-27,744,N,VIIRS,n,2,303.48,5.34,D,0
30.69073,73.95093,332.63,0.41,0.45,2023-10-27,744,N,VIIRS,n,2,301.29,3.6,D,0
30.70169,74.23325,337.03,0.4,0.44,2023-10-27,744,N,VIIRS,n,2,300.58,3.09,D,0
30.70229,75.31137,331.83,0.53,0.42,2023-10-27,744,N,VIIRS,n,2,299.03,5.47,D,0
30.70335,75.31679,333.97,0.52,0.42,2023-10-27,744,N,VIIRS,n,2,303.49,10.77,D,0
30.7043,73.99637,340.73,0.41,0.45,2023-10-27,744,N,VIIRS,n,2,302.86,9.55,D,0
30.70441,75.31315,345.71,0.53,0.42,2023-10-27,744,N,VIIRS,n,2,302.03,16.98,D,0
30.70483,74.97379,332.79,0.55,0.42,2023-10-27,744,N,VIIRS,n,2,300.42,4.11,D,0
30.70501,75.1613,342.31,0.53,0.42,2023-10-27,744,N,VIIRS,n,2,301.15,10.17,D,0
30.70608,75.31039,334.72,0.53,0.42,2023-10-27,744,N,VIIRS,n,2,301.51,7.43,D,0
30.70821,75.31217,332.46,0.53,0.42,2023-10-27,744,N,VIIRS,n,2,300.37,4.87,D,0
30.72072,73.92937,342.26,0.41,0.45,2023-10-27,744,N,VIIRS,n,2,299.95,5.15,D,0
30.72375,73.98666,333.23,0.41,0.45,2023-10-27,744,N,VIIRS,n,2,298.17,1.47,D,0
30.72384,72.99306,331.21,0.46,0.47,2023-10-27,744,N,VIIRS,n,2,300.12,2.31,D,0
30.73298,74.45507,332.41,0.39,0.44,2023-10-27,744,N,VIIRS,n,2,300.91,2.31,D,0
30.73388,75.16544,331.72,0.53,0.42,2023-10-27,744,N,VIIRS,n,2,301.15,4.48,D,0
30.73436,74.65089,334.42,0.57,0.43,2023-10-27,744,N,VIIRS,n,2,302.94,7.26,D,0
30.73864,75.37582,332.26,0.52,0.42,2023-10-27,744,N,VIIRS,n,2,303.02,3.44,D,0
30.73894,73.95577,349.79,0.41,0.45,2023-10-27,744,N,VIIRS,n,2,302.71,5.73,D,0
30.74176,75.39196,334.25,0.52,0.42,2023-10-27,744,N,VIIRS,n,2,301.7,4.96,D,0
30.74189,74.01287,336.04,0.41,0.45,2023-10-27,744,N,VIIRS,n,2,301.01,3.2,D,0
30.74274,74.01707,333.01,0.41,0.45,2023-10-27,744,N,VIIRS,n,2,300.29,3.2,D,0
30.74612,74.03388,339.93,0.41,0.45,2023-10-27,744,N,VIIRS,n,2,300.87,4.21,D,0
30.75271,74.7439,338.52,0.56,0.43,2023-10-27,744,N,VIIRS,n,2,300.7,6.92,D,0
30.75568,73.91087,341.44,0.41,0.45,2023-10-27,744,N,VIIRS,n,2,301.82,9.06,D,0
30.75749,73.91113,352.9,0.41,0.45,2023-10-27,744,N,VIIRS,n,2,301.27,8.18,D,0
30.76018,75.03027,338.13,0.54,0.42,2023-10-27,744,N,VIIRS,n,2,305.93,26.31,D,0
30.76119,75.0345,333.02,0.54,0.42,2023-10-27,744,N,VIIRS,n,2,302.21,38.24,D,0
30.76566,74.34102,331.21,0.39,0.44,2023-10-27,744,N,VIIRS,n,2,302.25,1.68,D,0
30.77032,73.95242,340.84,0.41,0.45,2023-10-27,744,N,VIIRS,n,2,301.73,5.34,D,0
30.77178,75.19611,334.09,0.53,0.42,2023-10-27,744,N,VIIRS,n,2,300.81,7.21,D,0
30.77306,74.65911,347.08,0.56,0.43,2023-10-27,744,N,VIIRS,n,2,304.8,14.99,D,0
30.7734,73.82101,330.12,0.42,0.45,2023-10-27,744,N,VIIRS,n,2,299.5,1.81,D,0
30.77667,74.52007,347.78,0.57,0.43,2023-10-27,744,N,VIIRS,n,2,310.28,40.41,D,0
30.78062,74.51903,348.67,0.57,0.43,2023-10-27,744,N,VIIRS,n,2,301.46,40.41,D,0
30.78107,74.43842,354.65,0.39,0.44,2023-10-27,744,N,VIIRS,n,2,304.28,6.42,D,0
30.78167,75.10078,342.62,0.54,0.42,2023-10-27,744,N,VIIRS,n,2,303.73,13.47,D,0
30.78199,75.09927,333.87,0.54,0.42,2023-10-27,744,N,VIIRS,n,2,302.19,6.43,D,0
30.78308,75.1048,331.88,0.54,0.42,2023-10-27,744,N,VIIRS,n,2,299.92,8.21,D,0
30.78502,74.43736,334.68,0.39,0.44,2023-10-27,744,N,VIIRS,n,2,302.54,2.84,D,0
30.79054,74.42327,333.52,0.39,0.44,2023-10-27,744,N,VIIRS,n,2,300.3,3.39,D,0
30.79764,73.91818,340.48,0.41,0.45,2023-10-27,744,N,VIIRS,n,2,301.42,3.77,D,0
30.80024,73.9309,341.95,0.41,0.45,2023-10-27,744,N,VIIRS,n,2,302.77,7.77,D,0
30.80272,74.00593,341.58,0.41,0.45,2023-10-27,744,N,VIIRS,n,2,303.28,8.21,D,0
30.80334,73.98802,349.34,0.41,0.45,2023-10-27,744,N,VIIRS,n,2,302.52,6.21,D,0
30.80643,74.46104,336.65,0.38,0.44,2023-10-27,744,N,VIIRS,n,2,300.96,3.42,D,0
30.80906,73.84756,331.98,0.41,0.45,2023-10-27,744,N,VIIRS,n,2,299.98,1.44,D,0
30.81054,73.7057,330.91,0.42,0.45,2023-10-27,744,N,VIIRS,n,2,300.78,1.97,D,0
30.81168,74.00793,341.06,0.41,0.45,2023-10-27,744,N,VIIRS,n,2,301.85,3.97,D,0
30.82041,73.98784,336.32,0.41,0.45,2023-10-27,744,N,VIIRS,n,2,301.02,3.11,D,0
30.82565,73.86563,339.34,0.41,0.45,2023-10-27,744,N,VIIRS,n,2,300.26,4.07,D,0
30.82688,73.82912,338.01,0.42,0.45,2023-10-27,744,N,VIIRS,n,2,300.27,4.79,D,0
30.8405,74.35927,337.82,0.39,0.44,2023-10-27,744,N,VIIRS,n,2,300.28,2.55,D,0
30.85476,74.38929,339.84,0.39,0.44,2023-10-27,744,N,VIIRS,n,2,301.77,3.84,D,0
30.85541,74.38935,340.13,0.39,0.44,2023-10-27,744,N,VIIRS,n,2,301.46,3.59,D,0
30.85857,74.38429,347.95,0.39,0.44,2023-10-27,744,N,VIIRS,n,2,301.44,5.46,D,0
30.86251,74.78575,330.01,0.55,0.43,2023-10-27,744,N,VIIRS,n,2,299.94,2.58,D,0
30.87308,74.63078,330.96,0.56,0.43,2023-10-27,744,N,VIIRS,n,2,303.51,19.37,D,0
30.87422,74.63661,338.34,0.56,0.43,2023-10-27,744,N,VIIRS,n,2,303.9,19.37,D,0
30.8777,74.88369,334.35,0.55,0.43,2023-10-27,744,N,VIIRS,n,2,299.53,6.52,D,0
30.88244,74.76241,333.14,0.56,0.43,2023-10-27,744,N,VIIRS,n,2,302.22,6.5,D,0
30.88431,74.87601,345.35,0.55,0.43,2023-10-27,744,N,VIIRS,n,2,301.23,12.06,D,0
30.88839,70.78145,339.04,0.61,0.54,2023-10-27,744,N,VIIRS,n,2,298.18,7.05,D,0
30.88877,75.0226,333.71,0.54,0.42,2023-10-27,744,N,VIIRS,n,2,301.64,4.32,D,0
30.88885,74.45181,340.82,0.38,0.43,2023-10-27,744,N,VIIRS,n,2,302.01,4.29,D,0
30.91155,75.28215,331.63,0.52,0.42,2023-10-27,744,N,VIIRS,n,2,301.29,6.91,D,0
30.91345,75.28401,333.21,0.52,0.42,2023-10-27,744,N,VIIRS,n,2,300.74,6.96,D,0
30.91645,73.079,340.2,0.45,0.47,2023-10-27,744,N,VIIRS,n,2,299.11,8.71,D,0
30.91948,73.08136,341.3,0.45,0.47,2023-10-27,744,N,VIIRS,n,2,299.55,8.07,D,0
30.92452,75.4054,338.47,0.52,0.41,2023-10-27,744,N,VIIRS,n,2,299.76,7.09,D,0
30.92855,75.42677,335.05,0.51,0.41,2023-10-27,744,N,VIIRS,n,2,300.32,8.75,D,0
30.93464,74.45216,340.83,0.38,0.43,2023-10-27,744,N,VIIRS,n,2,301.93,2.56,D,0
30.93941,74.78746,336.53,0.55,0.43,2023-10-27,744,N,VIIRS,n,2,302.28,6.02,D,0
30.94069,74.7893,335.51,0.55,0.43,2023-10-27,744,N,VIIRS,n,2,301.53,6.09,D,0
30.94327,74.57938,338.26,0.57,0.43,2023-10-27,744,N,VIIRS,n,2,301.01,5.92,D,0
30.95508,74.82537,332.05,0.55,0.43,2023-10-27,744,N,VIIRS,n,2,301.97,6.53,D,0
30.96177,75.27491,338.2,0.52,0.42,2023-10-27,744,N,VIIRS,n,2,300.64,4.87,D,0
30.96405,74.87077,343.26,0.55,0.42,2023-10-27,744,N,VIIRS,n,2,308.41,45.21,D,0
30.96672,74.67738,335.9,0.56,0.43,2023-10-27,744,N,VIIRS,n,2,303.09,6.39,D,0
30.96929,74.62783,340.94,0.56,0.43,2023-10-27,744,N,VIIRS,n,2,304.31,9.99,D,0
30.97763,75.37814,342.77,0.52,0.41,2023-10-27,744,N,VIIRS,n,2,302.12,6.26,D,0
30.9813,75.49984,338.55,0.51,0.41,2023-10-27,744,N,VIIRS,n,2,301.18,4.39,D,0
30.98639,74.09749,335.4,0.4,0.44,2023-10-27,744,N,VIIRS,n,2,302.45,2.62,D,0
30.99953,74.65651,330.08,0.56,0.43,2023-10-27,744,N,VIIRS,n,2,300.66,2.99,D,0
31.00488,75.43828,334.54,0.51,0.41,2023-10-27,744,N,VIIRS,n,2,302.43,5.08,D,0
31.01669,75.47973,335.8,0.51,0.41,2023-10-27,744,N,VIIRS,n,2,302.49,3.32,D,0
31.03813,74.27302,340.35,0.39,0.44,2023-10-27,744,N,VIIRS,n,2,299.97,6.46,D,0
31.04451,74.76376,339.55,0.55,0.43,2023-10-27,744,N,VIIRS,n,2,302.03,10.35,D,0
31.04518,74.76563,332.92,0.55,0.43,2023-10-27,744,N,VIIRS,n,2,302.54,9.71,D,0
31.04842,74.82476,333.08,0.55,0.43,2023-10-27,744,N,VIIRS,n,2,302.79,5.5,D,0
31.04921,74.8284,334.32,0.55,0.42,2023-10-27,744,N,VIIRS,n,2,303.82,10.45,D,0
31.05391,75.24863,342.46,0.52,0.42,2023-10-27,744,N,VIIRS,n,2,303.48,13.85,D,0
31.05677,75.30456,331.54,0.52,0.41,2023-10-27,744,N,VIIRS,n,2,302.09,3.98,D,0
31.0628,75.1088,332.03,0.53,0.42,2023-10-27,744,N,VIIRS,n,2,299.88,8.43,D,0
31.07071,73.66593,340.79,0.42,0.45,2023-10-27,744,N,VIIRS,n,2,301.62,4.44,D,0
31.07592,75.25999,336.77,0.52,0.42,2023-10-27,744,N,VIIRS,n,2,300.95,3.87,D,0
31.08312,74.56499,332.44,0.56,0.43,2023-10-27,744,N,VIIRS,n,2,300.65,4.32,D,0
31.10005,74.60959,334.27,0.56,0.43,2023-10-27,744,N,VIIRS,n,2,301.51,11.69,D,0
31.10033,73.66236,336.91,0.42,0.45,2023-10-27,744,N,VIIRS,n,2,299.15,5.99,D,0
31.11287,73.3847,334.68,0.43,0.46,2023-10-27,744,N,VIIRS,n,2,298.92,4.12,D,0
31.12141,73.63816,344.17,0.42,0.45,2023-10-27,744,N,VIIRS,n,2,299.99,5.55,D,0
31.12443,74.59595,338.63,0.56,0.43,2023-10-27,744,N,VIIRS,n,2,302.29,4.76,D,0
31.12463,73.63268,347.14,0.42,0.45,2023-10-27,744,N,VIIRS,n,2,300.68,5.55,D,0
31.13234,74.53244,333.86,0.56,0.43,2023-10-27,744,N,VIIRS,n,2,302.48,63.18,D,0
31.13462,75.24243,331.41,0.52,0.42,2023-10-27,744,N,VIIRS,n,2,301.88,2.92,D,0
31.13801,75.0754,342.19,0.53,0.42,2023-10-27,744,N,VIIRS,n,2,304.77,18.11,D,0
31.15818,74.64192,332.79,0.56,0.43,2023-10-27,744,N,VIIRS,n,2,302.26,7.28,D,0
31.16246,73.77713,334.66,0.41,0.45,2023-10-27,744,N,VIIRS,n,2,299.09,3.03,D,0
31.1632,74.5427,346.02,0.56,0.43,2023-10-27,744,N,VIIRS,n,2,308.7,42.27,D,0
31.17217,74.54646,332.96,0.56,0.43,2023-10-27,744,N,VIIRS,n,2,301.69,7.79,D,0
31.18431,74.8155,344.06,0.55,0.42,2023-10-27,744,N,VIIRS,n,2,302.85,8.41,D,0
31.18679,75.49193,334.31,0.51,0.41,2023-10-27,744,N,VIIRS,n,2,301.64,2.71,D,0
31.19052,75.49097,332.35,0.51,0.41,2023-10-27,744,N,VIIRS,n,2,301.02,2.71,D,0
31.19797,75.48906,337.33,0.51,0.41,2023-10-27,744,N,VIIRS,n,2,302.57,5.68,D,0
31.19957,74.72775,337.5,0.55,0.43,2023-10-27,744,N,VIIRS,n,2,302.93,4.02,D,0
31.20069,74.73347,333.12,0.55,0.43,2023-10-27,744,N,VIIRS,n,2,302.02,4.02,D,0
31.20185,74.53659,336.56,0.56,0.43,2023-10-27,744,N,VIIRS,n,2,303.89,5.6,D,0
31.20303,74.54243,332.21,0.56,0.43,2023-10-27,744,N,VIIRS,n,2,301.3,5.6,D,0
31.20344,74.53812,347.84,0.56,0.43,2023-10-27,744,N,VIIRS,n,2,304.04,7.97,D,0
31.20585,75.44836,334.2,0.51,0.41,2023-10-27,744,N,VIIRS,n,2,301.7,2.81,D,0
31.20638,74.96897,340.55,0.54,0.42,2023-10-27,744,N,VIIRS,n,2,301.14,4.82,D,0
31.2068,74.74387,335.12,0.55,0.43,2023-10-27,744,N,VIIRS,n,2,302.01,12.15,D,0
31.21052,73.75109,340.8,0.41,0.45,2023-10-27,744,N,VIIRS,n,2,299.6,3.02,D,0
31.21058,73.58218,334.45,0.42,0.45,2023-10-27,744,N,VIIRS,n,2,299.47,2,D,0
31.21184,73.50295,330.51,0.42,0.46,2023-10-27,744,N,VIIRS,l,2,301.13,2.61,D,0
31.21632,74.5266,335.98,0.56,0.43,2023-10-27,744,N,VIIRS,n,2,303.92,10.29,D,0
31.21794,74.52809,338.79,0.56,0.43,2023-10-27,744,N,VIIRS,n,2,304.96,14.37,D,0
31.22023,74.52557,338.21,0.56,0.43,2023-10-27,744,N,VIIRS,n,2,301.53,10.29,D,0
31.23322,73.73581,330.63,0.41,0.45,2023-10-27,744,N,VIIRS,n,2,300.49,2.74,D,0
31.23355,75.02594,333.68,0.53,0.42,2023-10-27,744,N,VIIRS,n,2,301.14,4.41,D,0
31.2341,73.6125,339.38,0.42,0.45,2023-10-27,744,N,VIIRS,n,2,299.69,3.18,D,0
31.2373,73.73469,341.81,0.41,0.45,2023-10-27,744,N,VIIRS,n,2,298.95,2.74,D,0
31.23979,74.68493,334.26,0.55,0.43,2023-10-27,744,N,VIIRS,n,2,302.42,14.4,D,0
31.24048,74.68678,346.22,0.55,0.43,2023-10-27,744,N,VIIRS,n,2,301.87,10.88,D,0
31.24581,75.31371,333.68,0.51,0.41,2023-10-27,744,N,VIIRS,n,2,302.32,4.33,D,0
31.24632,75.3096,331.26,0.52,0.41,2023-10-27,744,N,VIIRS,n,2,302.05,2.41,D,0
31.25028,74.67612,333.38,0.55,0.43,2023-10-27,744,N,VIIRS,n,2,300.75,4.08,D,0
31.25207,74.60287,338.54,0.56,0.43,2023-10-27,744,N,VIIRS,n,2,302.25,8.45,D,0
31.26669,74.53165,332.64,0.56,0.43,2023-10-27,744,N,VIIRS,n,2,300.49,3.35,D,0
31.26992,74.61029,338.12,0.56,0.43,2023-10-27,744,N,VIIRS,n,2,301.44,4.79,D,0
31.27259,74.91647,335.73,0.54,0.42,2023-10-27,744,N,VIIRS,n,2,302.79,7.06,D,0
31.27732,75.16975,334.28,0.52,0.42,2023-10-27,744,N,VIIRS,n,2,301.03,2.32,D,0
31.27795,74.54706,334.15,0.56,0.43,2023-10-27,744,N,VIIRS,n,2,300.82,4.72,D,0
31.29228,74.64079,335.46,0.55,0.43,2023-10-27,744,N,VIIRS,n,2,299.47,3.33,D,0
31.29732,75.41764,333.38,0.51,0.41,2023-10-27,744,N,VIIRS,n,2,302.58,5.46,D,0
31.30266,74.58942,333.7,0.56,0.43,2023-10-27,744,N,VIIRS,n,2,301.08,2.29,D,0
31.30831,74.61835,332.74,0.56,0.43,2023-10-27,744,N,VIIRS,n,2,300.91,3.72,D,0
31.32004,74.53982,330.73,0.56,0.43,2023-10-27,744,N,VIIRS,n,2,299.91,2.68,D,0
31.32177,74.68733,346.16,0.55,0.43,2023-10-27,744,N,VIIRS,n,2,301.84,11.11,D,0
31.32372,75.1634,335.13,0.52,0.42,2023-10-27,744,N,VIIRS,n,2,301.87,8.47,D,0
31.32475,75.16883,333.8,0.52,0.42,2023-10-27,744,N,VIIRS,n,2,298.82,8.47,D,0
31.34276,75.20729,333.74,0.52,0.41,2023-10-27,744,N,VIIRS,n,2,299.79,3.56,D,0
31.34315,75.26604,339.74,0.52,0.41,2023-10-27,744,N,VIIRS,n,2,303.67,23.25,D,0
31.34326,75.20383,332.92,0.52,0.41,2023-10-27,744,N,VIIRS,n,2,300.15,4.39,D,0
31.3457,75.26299,342.31,0.52,0.41,2023-10-27,744,N,VIIRS,n,2,299.47,22.69,D,0
31.34691,75.26507,337.4,0.52,0.41,2023-10-27,744,N,VIIRS,n,2,298.53,6.65,D,0
31.35925,74.79704,335.83,0.54,0.42,2023-10-27,744,N,VIIRS,n,2,301.34,8.32,D,0
31.36055,75.09441,332.85,0.53,0.42,2023-10-27,744,N,VIIRS,n,2,300.69,2.06,D,0
31.38095,73.81719,333.23,0.41,0.45,2023-10-27,744,N,VIIRS,n,2,298.91,4.21,D,0
31.39188,74.88298,333.06,0.54,0.42,2023-10-27,744,N,VIIRS,n,2,300.69,3.84,D,0
31.39303,74.88618,332.66,0.54,0.42,2023-10-27,744,N,VIIRS,n,2,299.27,3.26,D,0
31.40054,75.09547,333.22,0.52,0.42,2023-10-27,744,N,VIIRS,n,2,300.52,2.56,D,0
31.40197,75.12371,336.87,0.52,0.42,2023-10-27,744,N,VIIRS,n,2,301.11,5.44,D,0
31.40433,75.09448,332.94,0.52,0.42,2023-10-27,744,N,VIIRS,n,2,299.89,2.56,D,0
31.40446,74.84197,333.65,0.54,0.42,2023-10-27,744,N,VIIRS,n,2,299.16,4.26,D,0
31.40471,75.11728,333.89,0.52,0.42,2023-10-27,744,N,VIIRS,n,2,302.07,4.42,D,0
31.40734,75.04769,332.65,0.53,0.42,2023-10-27,744,N,VIIRS,n,2,300.1,2.88,D,0
31.4201,72.52724,334.12,0.48,0.48,2023-10-27,744,N,VIIRS,n,2,297.98,3.08,D,0
31.43173,73.71875,340.8,0.41,0.45,2023-10-27,744,N,VIIRS,n,2,300.92,4.9,D,0
31.43393,74.95141,331.42,0.53,0.42,2023-10-27,744,N,VIIRS,n,2,298.57,3.48,D,0
31.43507,74.91611,340.14,0.53,0.42,2023-10-27,744,N,VIIRS,n,2,301,8.32,D,0
31.4354,73.96587,348.77,0.4,0.44,2023-10-27,744,N,VIIRS,n,2,300.7,6.63,D,0
31.43579,73.71762,340.51,0.41,0.45,2023-10-27,744,N,VIIRS,n,2,300.49,4.9,D,0
31.43674,75.12925,331.71,0.52,0.42,2023-10-27,744,N,VIIRS,n,2,300.79,2.27,D,0
31.44668,73.81306,341.24,0.4,0.45,2023-10-27,744,N,VIIRS,n,2,300.82,4.21,D,0
31.44777,75.06343,343.69,0.53,0.42,2023-10-27,744,N,VIIRS,n,2,303.24,15.66,D,0
31.44823,75.47015,333.59,0.5,0.41,2023-10-27,744,N,VIIRS,n,2,302.56,6.04,D,0
31.45072,73.81194,342.33,0.4,0.45,2023-10-27,744,N,VIIRS,n,2,300.17,5.8,D,0
31.46054,74.65225,332.39,0.55,0.43,2023-10-27,744,N,VIIRS,n,2,300.61,3.07,D,0
31.46103,74.65412,334.47,0.55,0.43,2023-10-27,744,N,VIIRS,n,2,300.47,3.37,D,0
31.4644,74.65122,330.31,0.55,0.43,2023-10-27,744,N,VIIRS,n,2,299.49,3.07,D,0
31.46624,73.9093,337.35,0.4,0.44,2023-10-27,744,N,VIIRS,n,2,299.9,6.07,D,0
31.46708,73.91346,340.18,0.4,0.44,2023-10-27,744,N,VIIRS,n,2,299.53,6.07,D,0
31.46812,73.93946,336.83,0.4,0.44,2023-10-27,744,N,VIIRS,n,2,299.74,4.74,D,0
31.48069,74.71288,333.01,0.55,0.42,2023-10-27,744,N,VIIRS,n,2,296.76,3.65,D,0
31.48278,74.6824,333.29,0.55,0.42,2023-10-27,744,N,VIIRS,n,2,297.57,8.6,D,0
31.4886,75.00667,333.19,0.53,0.42,2023-10-27,744,N,VIIRS,n,2,300.54,2.35,D,0
31.49275,74.69173,350.88,0.55,0.42,2023-10-27,744,N,VIIRS,n,2,303.78,22.51,D,0
31.49471,74.80421,332.95,0.54,0.42,2023-10-27,744,N,VIIRS,n,2,297.6,4.49,D,0
31.49495,75.2049,333.46,0.52,0.41,2023-10-27,744,N,VIIRS,n,2,299.44,3.9,D,0
31.4966,74.6907,345.25,0.55,0.42,2023-10-27,744,N,VIIRS,n,2,296.92,22.51,D,0
31.49884,74.70209,332.72,0.55,0.42,2023-10-27,744,N,VIIRS,n,2,297.98,15.33,D,0
31.50032,74.64768,333.89,0.55,0.43,2023-10-27,744,N,VIIRS,n,2,300.05,7.37,D,0
31.5022,74.71912,334.09,0.54,0.42,2023-10-27,744,N,VIIRS,n,2,299.46,9.32,D,0
31.50228,74.86913,337.45,0.54,0.42,2023-10-27,744,N,VIIRS,n,2,298.81,3.26,D,0
31.50302,74.86678,338.39,0.54,0.42,2023-10-27,744,N,VIIRS,n,2,299.78,6.02,D,0
31.50895,75.19562,334.62,0.52,0.41,2023-10-27,744,N,VIIRS,n,2,299.17,3.58,D,0
31.51231,74.9344,331.8,0.53,0.42,2023-10-27,744,N,VIIRS,n,2,299.27,3.3,D,0
31.52258,75.10115,336.01,0.52,0.42,2023-10-27,744,N,VIIRS,n,2,300.32,7.18,D,0
31.52327,75.47554,341.06,0.5,0.41,2023-10-27,744,N,VIIRS,n,2,301.04,4.62,D,0
31.53026,74.71764,341.2,0.54,0.42,2023-10-27,744,N,VIIRS,n,2,300.67,12.11,D,0
31.53141,74.84754,335.59,0.54,0.42,2023-10-27,744,N,VIIRS,n,2,300.55,5.06,D,0
31.5325,74.85312,345.7,0.54,0.42,2023-10-27,744,N,VIIRS,n,2,301.4,9.55,D,0
31.53501,75.37338,330.56,0.51,0.41,2023-10-27,744,N,VIIRS,n,2,299.48,3.18,D,0
31.54278,74.92641,333.58,0.53,0.42,2023-10-27,744,N,VIIRS,n,2,299.95,4.65,D,0
31.55168,74.64001,332.3,0.55,0.43,2023-10-27,744,N,VIIRS,n,2,297.46,4.98,D,0
31.55184,74.64371,346.41,0.55,0.43,2023-10-27,744,N,VIIRS,n,2,299.1,12.14,D,0
31.55278,74.64572,331.86,0.55,0.43,2023-10-27,744,N,VIIRS,n,2,297.63,6.7,D,0
31.5528,74.72952,332.74,0.54,0.42,2023-10-27,744,N,VIIRS,n,2,300.22,7.81,D,0
31.56113,75.22475,335.9,0.51,0.41,2023-10-27,744,N,VIIRS,n,2,300.01,5.4,D,0
31.5622,75.22687,332.55,0.51,0.41,2023-10-27,744,N,VIIRS,n,2,300.19,5.31,D,0
31.56338,74.95004,331.37,0.53,0.42,2023-10-27,744,N,VIIRS,n,2,299.76,3.26,D,0
31.5653,75.49209,348.09,0.5,0.41,2023-10-27,744,N,VIIRS,n,2,301.72,8.35,D,0
31.5719,73.93029,335.46,0.4,0.44,2023-10-27,744,N,VIIRS,n,2,299.36,2.53,D,0
31.57248,74.68616,334.6,0.55,0.42,2023-10-27,744,N,VIIRS,n,2,300.93,7.59,D,0
31.57317,74.68828,333.51,0.55,0.42,2023-10-27,744,N,VIIRS,n,2,301.1,5.69,D,0
31.57634,74.68513,334.22,0.55,0.42,2023-10-27,744,N,VIIRS,n,2,298.18,7.38,D,0
31.57702,74.68726,332.88,0.55,0.42,2023-10-27,744,N,VIIRS,n,2,297.85,5.69,D,0
31.57938,73.77845,331.44,0.4,0.45,2023-10-27,744,N,VIIRS,n,2,298.37,2.47,D,0
31.58785,75.30179,334.28,0.51,0.41,2023-10-27,744,N,VIIRS,n,2,300.96,4,D,0
31.58867,74.74736,337.3,0.54,0.42,2023-10-27,744,N,VIIRS,n,2,299.04,4.46,D,0
31.58899,74.7496,336.92,0.54,0.42,2023-10-27,744,N,VIIRS,n,2,299.39,4.31,D,0
31.59201,74.76424,333.72,0.54,0.42,2023-10-27,744,N,VIIRS,n,2,298.73,4.45,D,0
31.59224,74.76653,332.94,0.54,0.42,2023-10-27,744,N,VIIRS,n,2,299.18,3.24,D,0
31.60004,75.24271,339.54,0.51,0.41,2023-10-27,744,N,VIIRS,n,2,300.1,5.49,D,0
31.60482,75.24709,333.58,0.51,0.41,2023-10-27,744,N,VIIRS,n,2,300.24,3.13,D,0
31.61347,75.47969,339.08,0.5,0.41,2023-10-27,744,N,VIIRS,n,2,301.61,4.53,D,0
31.62488,75.47423,332.48,0.5,0.41,2023-10-27,744,N,VIIRS,n,2,301.16,2.94,D,0
31.62551,75.06619,339.43,0.52,0.42,2023-10-27,744,N,VIIRS,n,2,300.49,6.28,D,0
31.63359,73.10259,335.76,0.44,0.46,2023-10-27,744,N,VIIRS,n,2,298.89,2.87,D,0
31.63681,75.24998,338.26,0.51,0.41,2023-10-27,744,N,VIIRS,n,2,300.56,4.16,D,0
31.63897,72.37308,341.62,0.48,0.48,2023-10-27,744,N,VIIRS,n,2,296.82,5.37,D,0
31.64213,72.37072,337.26,0.48,0.48,2023-10-27,744,N,VIIRS,n,2,295.94,3.98,D,0
31.64332,72.37179,334.84,0.48,0.48,2023-10-27,744,N,VIIRS,n,2,296.47,5.18,D,0
31.64648,72.36944,341.82,0.48,0.48,2023-10-27,744,N,VIIRS,n,2,296.07,3.98,D,0
31.65982,73.03676,338.62,0.44,0.46,2023-10-27,744,N,VIIRS,n,2,298.62,5.21,D,0
31.67188,75.13121,334.89,0.52,0.41,2023-10-27,744,N,VIIRS,n,2,299.8,3.24,D,0
31.6723,75.15374,333.24,0.52,0.41,2023-10-27,744,N,VIIRS,n,2,300.39,4.02,D,0
31.67335,75.15912,331.28,0.52,0.41,2023-10-27,744,N,VIIRS,n,2,298.38,4.02,D,0
31.67684,72.44514,341.27,0.47,0.48,2023-10-27,744,N,VIIRS,n,2,298.52,5.08,D,0
31.68309,75.22973,333.94,0.51,0.41,2023-10-27,744,N,VIIRS,n,2,299.84,3.33,D,0
31.68758,75.27327,330.57,0.51,0.41,2023-10-27,744,N,VIIRS,n,2,300.51,2.35,D,0
31.68904,73.88544,333.8,0.4,0.44,2023-10-27,744,N,VIIRS,n,2,298.97,5.12,D,0
31.68978,72.46236,335.87,0.47,0.48,2023-10-27,744,N,VIIRS,n,2,298.26,3.15,D,0
31.69197,75.25539,334.16,0.51,0.41,2023-10-27,744,N,VIIRS,n,2,301.54,4.07,D,0
31.69232,74.71982,332.17,0.54,0.42,2023-10-27,744,N,VIIRS,n,2,297.8,4.37,D,0
31.69301,75.09731,331.2,0.52,0.41,2023-10-27,744,N,VIIRS,n,2,299.92,1.96,D,0
31.70039,73.8998,330.7,0.4,0.44,2023-10-27,744,N,VIIRS,n,2,299.06,1.46,D,0
31.70351,75.04894,330.02,0.52,0.42,2023-10-27,744,N,VIIRS,n,2,298.8,3.63,D,0
31.71702,74.95345,340.27,0.53,0.42,2023-10-27,744,N,VIIRS,n,2,301.56,9.32,D,0
31.71803,74.72382,340.82,0.54,0.42,2023-10-27,744,N,VIIRS,n,2,298.93,5,D,0
31.72027,72.82361,330.39,0.45,0.47,2023-10-27,744,N,VIIRS,n,2,298.97,3.47,D,0
31.72569,74.21272,338.05,0.57,0.43,2023-10-27,744,N,VIIRS,n,2,298.42,6.88,D,0
31.72962,74.21165,338.31,0.57,0.43,2023-10-27,744,N,VIIRS,n,2,297.01,6.88,D,0
31.72976,73.79585,340.39,0.4,0.44,2023-10-27,744,N,VIIRS,n,2,299.42,5.59,D,0
31.73038,75.12726,334.26,0.52,0.41,2023-10-27,744,N,VIIRS,n,2,300.3,3.9,D,0
31.74096,75.14144,338.49,0.52,0.41,2023-10-27,744,N,VIIRS,n,2,301.78,4.76,D,0
31.75229,73.65604,332.45,0.41,0.45,2023-10-27,744,N,VIIRS,n,2,299.72,3.37,D,0
31.7523,74.96023,331.93,0.53,0.42,2023-10-27,744,N,VIIRS,n,2,298.92,3.72,D,0
31.75598,74.19817,333.75,0.57,0.43,2023-10-27,744,N,VIIRS,n,2,299.12,4.66,D,0
31.75634,73.65491,346.04,0.41,0.45,2023-10-27,744,N,VIIRS,n,2,301.42,13.04,D,0
31.76241,75.19221,344.82,0.51,0.41,2023-10-27,744,N,VIIRS,n,2,303.47,13.31,D,0
31.76294,74.6224,333.8,0.55,0.42,2023-10-27,744,N,VIIRS,n,2,299.99,9.82,D,0
31.76804,74.00308,336.01,0.39,0.44,2023-10-27,744,N,VIIRS,n,2,300.76,3.26,D,0
31.77233,73.8588,336.13,0.4,0.44,2023-10-27,744,N,VIIRS,n,2,299.9,2.05,D,0
31.77385,74.14166,352.67,0.38,0.43,2023-10-27,744,N,VIIRS,n,2,299.05,5.65,D,0
31.77888,73.38006,340.34,0.42,0.45,2023-10-27,744,N,VIIRS,n,2,298.59,4.33,D,0
31.78194,74.0507,340.46,0.39,0.44,2023-10-27,744,N,VIIRS,n,2,300.82,3.06,D,0
31.783,73.3789,331.06,0.42,0.45,2023-10-27,744,N,VIIRS,n,2,297.05,2.38,D,0
31.78741,74.48072,335.34,0.55,0.43,2023-10-27,744,N,VIIRS,n,2,298.58,5.8,D,0
31.79183,72.61912,332.36,0.46,0.47,2023-10-27,744,N,VIIRS,n,2,299.72,4.87,D,0
31.79315,74.0647,334.14,0.39,0.44,2023-10-27,744,N,VIIRS,n,2,299.92,2.6,D,0
31.79641,74.87911,333.67,0.53,0.42,2023-10-27,744,N,VIIRS,n,2,299.81,2.6,D,0
31.79711,74.06362,331.72,0.39,0.44,2023-10-27,744,N,VIIRS,n,2,299.47,2.46,D,0
31.80217,74.78405,332.19,0.53,0.42,2023-10-27,744,N,VIIRS,n,2,298.65,4.73,D,0
31.80244,74.78165,330.05,0.53,0.42,2023-10-27,744,N,VIIRS,n,2,298.52,4.11,D,0
31.80427,74.94075,332.91,0.53,0.42,2023-10-27,744,N,VIIRS,n,2,298.65,4.33,D,0
31.80672,74.57841,332,0.55,0.42,2023-10-27,744,N,VIIRS,n,2,298.57,4.29,D,0
31.80932,75.00841,339.59,0.52,0.42,2023-10-27,744,N,VIIRS,n,2,300.22,5.86,D,0
31.81395,73.54929,339.31,0.41,0.45,2023-10-27,744,N,VIIRS,n,2,299.1,4.57,D,0
31.82053,74.89355,331.51,0.53,0.42,2023-10-27,744,N,VIIRS,n,2,298.14,2.62,D,0
31.82086,74.52634,331.13,0.55,0.43,2023-10-27,744,N,VIIRS,n,2,297.74,3.46,D,0
31.82963,74.71543,336.48,0.54,0.42,2023-10-27,744,N,VIIRS,n,2,300.1,9.59,D,0
31.83293,74.09635,346.35,0.39,0.44,2023-10-27,744,N,VIIRS,n,2,299.63,4.66,D,0
31.8359,73.65587,338.77,0.41,0.45,2023-10-27,744,N,VIIRS,n,2,299.01,7.74,D,0
31.83735,74.18058,337.55,0.57,0.43,2023-10-27,744,N,VIIRS,n,2,299.42,10.71,D,0
31.84039,73.98751,343.36,0.39,0.44,2023-10-27,744,N,VIIRS,n,2,300.78,6.84,D,0
31.84341,73.67166,342.28,0.4,0.45,2023-10-27,744,N,VIIRS,n,2,299.29,3.46,D,0
31.84425,73.61314,339.58,0.41,0.45,2023-10-27,744,N,VIIRS,n,2,298.8,2.76,D,0
31.84636,73.21817,338.07,0.43,0.46,2023-10-27,744,N,VIIRS,n,2,298.26,3.74,D,0
31.85489,73.89317,334.77,0.39,0.44,2023-10-27,744,N,VIIRS,n,2,300.2,4.94,D,0
31.85961,75.07251,334.84,0.52,0.41,2023-10-27,744,N,VIIRS,n,2,299.39,2.66,D,0
31.86111,73.79968,337.66,0.4,0.44,2023-10-27,744,N,VIIRS,n,2,299.2,3.96,D,0
31.8615,75.07453,344.47,0.52,0.41,2023-10-27,744,N,VIIRS,n,2,300.26,7.67,D,0
31.88349,73.78468,340.96,0.4,0.44,2023-10-27,744,N,VIIRS,n,2,299.82,2.71,D,0
31.88537,73.73118,341.38,0.4,0.44,2023-10-27,744,N,VIIRS,n,2,299.42,3.53,D,0
31.88559,73.75323,335.6,0.4,0.44,2023-10-27,744,N,VIIRS,n,2,299.32,3.69,D,0
31.88659,74.905,333.98,0.53,0.42,2023-10-27,744,N,VIIRS,n,2,299.28,7.37,D,0
31.88932,74.89849,335.34,0.53,0.42,2023-10-27,744,N,VIIRS,n,2,300.47,7.37,D,0
31.89376,74.06297,337.26,0.39,0.44,2023-10-27,744,N,VIIRS,n,2,301.05,3.09,D,0
31.91204,73.73702,332.34,0.4,0.44,2023-10-27,744,N,VIIRS,n,2,299.47,2.29,D,0
31.91208,73.65248,337.94,0.4,0.45,2023-10-27,744,N,VIIRS,n,2,300.59,2.26,D,0
31.91241,73.78104,332.14,0.4,0.44,2023-10-27,744,N,VIIRS,n,2,299.37,3.11,D,0
31.9155,73.65356,340.12,0.4,0.45,2023-10-27,744,N,VIIRS,n,2,301.54,4.49,D,0
31.91845,73.68841,330.38,0.4,0.44,2023-10-27,744,N,VIIRS,n,2,299.16,1.38,D,0
31.91971,73.69051,335.52,0.4,0.44,2023-10-27,744,N,VIIRS,n,2,300.08,2.93,D,0
31.9215,74.70656,334.48,0.54,0.42,2023-10-27,744,N,VIIRS,n,2,297.99,3.3,D,0
31.92218,74.30535,342.19,0.56,0.43,2023-10-27,744,N,VIIRS,n,2,299.07,6.11,D,0
31.9264,73.18238,334.09,0.43,0.46,2023-10-27,744,N,VIIRS,n,2,298.82,2.72,D,0
31.92659,74.83417,334.25,0.53,0.42,2023-10-27,744,N,VIIRS,n,2,299.39,5.07,D,0
31.92729,73.18568,340.85,0.43,0.46,2023-10-27,744,N,VIIRS,n,2,298.97,3.74,D,0
31.92911,74.83566,335.7,0.53,0.42,2023-10-27,744,N,VIIRS,n,2,298.72,5.01,D,0
31.92974,74.81801,338.38,0.53,0.42,2023-10-27,744,N,VIIRS,n,2,299.45,4.9,D,0
31.93092,74.81555,338.7,0.53,0.42,2023-10-27,744,N,VIIRS,n,2,300.12,7.46,D,0
31.9325,73.9021,335.53,0.39,0.44,2023-10-27,744,N,VIIRS,n,2,298.72,3.69,D,0
31.93365,74.8903,333.87,0.53,0.42,2023-10-27,744,N,VIIRS,n,2,298.96,2.66,D,0
31.9348,74.8864,332.56,0.53,0.42,2023-10-27,744,N,VIIRS,n,2,299.33,4.83,D,0
31.93661,74.29525,334.9,0.56,0.43,2023-10-27,744,N,VIIRS,n,2,298.08,5.39,D,0
31.95319,74.82712,339.09,0.53,0.42,2023-10-27,744,N,VIIRS,n,2,299.48,6.64,D,0
31.95524,74.91923,333.01,0.52,0.42,2023-10-27,744,N,VIIRS,n,2,300.17,4.24,D,0
31.95976,73.25771,343.41,0.42,0.45,2023-10-27,744,N,VIIRS,n,2,300.64,6.71,D,0
31.96667,74.87579,334.34,0.53,0.42,2023-10-27,744,N,VIIRS,n,2,300.21,5.99,D,0
31.97105,73.92343,367,0.39,0.44,2023-10-27,744,N,VIIRS,h,2,301.3,7.3,D,0
31.98491,74.92864,333.98,0.52,0.42,2023-10-27,744,N,VIIRS,n,2,299.16,2.87,D,0
31.98596,74.93411,332.63,0.52,0.42,2023-10-27,744,N,VIIRS,n,2,299.33,4.48,D,0
31.99119,73.5116,335.06,0.41,0.45,2023-10-27,744,N,VIIRS,n,2,299.85,3.19,D,0
31.99324,73.51021,331.13,0.41,0.45,2023-10-27,744,N,VIIRS,n,2,299.49,3.88,D,0
32.00371,75.20907,332.34,0.51,0.41,2023-10-27,744,N,VIIRS,n,2,299.71,7.11,D,0
32.00429,75.2121,346.79,0.51,0.41,2023-10-27,744,N,VIIRS,n,2,300.12,7.1,D,0
32.01204,74.48888,330.12,0.55,0.43,2023-10-27,744,N,VIIRS,n,2,298.09,4.31,D,0
32.01876,73.603,339.97,0.4,0.45,2023-10-27,744,N,VIIRS,n,2,298.8,7.13,D,0
32.0228,73.60188,332.54,0.4,0.45,2023-10-27,744,N,VIIRS,n,2,297.48,5.32,D,0
32.02766,74.07861,330.63,0.38,0.43,2023-10-27,744,N,VIIRS,n,2,298.96,4.54,D,0
32.03666,73.60696,341.53,0.4,0.45,2023-10-27,744,N,VIIRS,n,2,300.67,5.33,D,0
32.04362,73.64074,338.77,0.4,0.44,2023-10-27,744,N,VIIRS,n,2,299.49,3.94,D,0
32.0461,73.81588,348.7,0.39,0.44,2023-10-27,744,N,VIIRS,n,2,298.64,5.56,D,0
32.04679,73.63541,339.76,0.4,0.44,2023-10-27,744,N,VIIRS,n,2,298.52,3.66,D,0
32.04765,73.63963,341.65,0.4,0.44,2023-10-27,744,N,VIIRS,n,2,298.52,5.8,D,0
32.04832,74.89785,332.61,0.52,0.42,2023-10-27,744,N,VIIRS,n,2,299.2,7.59,D,0
32.05084,74.89962,335.57,0.52,0.42,2023-10-27,744,N,VIIRS,n,2,298.17,5.92,D,0
32.05312,73.9352,348.08,0.39,0.44,2023-10-27,744,N,VIIRS,n,2,299.59,5.13,D,0
32.09442,73.47889,348.34,0.41,0.45,2023-10-27,744,N,VIIRS,n,2,299.33,5.17,D,0
32.09591,73.47756,334.9,0.41,0.45,2023-10-27,744,N,VIIRS,n,2,299.07,3.89,D,0
32.121,73.70777,338.78,0.4,0.44,2023-10-27,744,N,VIIRS,n,2,298.57,3.12,D,0
32.14265,73.81561,340.03,0.39,0.44,2023-10-27,744,N,VIIRS,n,2,297.78,3.91,D,0
32.16679,73.85231,331.52,0.39,0.44,2023-10-27,744,N,VIIRS,n,2,299.1,1.93,D,0
32.17458,73.7637,334.04,0.39,0.44,2023-10-27,744,N,VIIRS,n,2,298.5,3.38,D,0
32.17543,73.76783,334.72,0.39,0.44,2023-10-27,744,N,VIIRS,n,2,298.75,3.38,D,0
32.18056,73.58526,341.93,0.4,0.44,2023-10-27,744,N,VIIRS,n,2,298.92,7.63,D,0
32.18459,73.58413,356.18,0.4,0.44,2023-10-27,744,N,VIIRS,n,2,301.07,7.63,D,0
32.18545,73.58835,332.84,0.4,0.44,2023-10-27,744,N,VIIRS,n,2,296.36,7.63,D,0
32.19298,73.54144,336.05,0.41,0.45,2023-10-27,744,N,VIIRS,n,2,297.68,2.54,D,0
32.19775,73.9388,340.1,0.39,0.44,2023-10-27,744,N,VIIRS,n,2,299.32,4.53,D,0
32.22983,73.76575,354.9,0.39,0.44,2023-10-27,744,N,VIIRS,n,2,301.16,14.74,D,0
32.2352,73.58833,345.56,0.4,0.44,2023-10-27,744,N,VIIRS,n,2,298.47,5.08,D,0
32.29119,73.94707,334.09,0.38,0.44,2023-10-27,744,N,VIIRS,n,2,299.1,2.57,D,0
32.31437,73.85094,334.55,0.39,0.44,2023-10-27,744,N,VIIRS,n,2,298.5,2.01,D,0
32.35194,73.89201,331.47,0.39,0.44,2023-10-27,744,N,VIIRS,n,2,299.43,2.58,D,0
32.42051,74.01656,331.34,0.57,0.43,2023-10-27,744,N,VIIRS,n,2,298.14,5.31,D,0
32.42267,74.01772,346.57,0.57,0.43,2023-10-27,744,N,VIIRS,n,2,299.26,8.7,D,0
32.43802,74.06203,332.98,0.57,0.43,2023-10-27,744,N,VIIRS,n,2,299.05,5.92,D,0
33.34756,71.55872,342.19,0.49,0.49,2023-10-27,745,N,VIIRS,n,2,302.52,5.02,D,0
33.73652,70.31857,342.77,0.56,0.52,2023-10-27,745,N,VIIRS,n,2,298.22,15.92,D,0
33.7332,70.32285,331.77,0.75,0.77,2023-10-27,925,N,VIIRS,n,2,292.61,6.11,D,0
33.73898,70.32366,356.62,0.75,0.77,2023-10-27,925,N,VIIRS,n,2,292.92,14.26,D,0
33.74041,70.32185,346.87,0.75,0.77,2023-10-27,925,N,VIIRS,n,2,290.66,10.19,D,0
32.88703,71.61541,302.37,0.54,0.68,2023-10-27,2007,N,VIIRS,n,2,289.24,1.14,N,2
32.88937,71.61515,302.26,0.54,0.68,2023-10-27,2007,N,VIIRS,n,2,289.47,0.71,N,2
29.91007,74.94898,300.13,0.32,0.55,2023-10-27,2008,N,VIIRS,n,2,289.69,0.61,N,2
29.91036,74.94558,305.31,0.32,0.55,2023-10-27,2008,N,VIIRS,n,2,288.49,0.61,N,2
30.90443,71.86607,299.31,0.5,0.66,2023-10-27,2008,N,VIIRS,n,2,283.81,0.7,N,0
32.88866,71.61806,301.64,0.4,0.6,2023-10-27,2147,N,VIIRS,n,2,287.2,0.72,N,2
33.54825,71.55106,295.84,0.38,0.59,2023-10-27,2147,N,VIIRS,n,2,282.77,0.23,N,2
33.55169,71.55202,298,0.38,0.59,2023-10-27,2147,N,VIIRS,n,2,283.2,0.35,N,0
33.8032,72.09885,306.24,0.4,0.6,2023-10-27,2147,N,VIIRS,n,2,289.23,0.97,N,0
32.28863,70.73859,304.81,0.37,0.58,2023-10-27,2148,N,VIIRS,n,2,289.93,0.88,N,2
29.37869,74.94399,335.45,0.36,0.57,2023-10-28,725,N,VIIRS,n,2,300.98,1.96,D,0
29.50001,75.34712,346.96,0.34,0.56,2023-10-28,725,N,VIIRS,n,2,299.2,3.61,D,0
29.58565,75.24088,330.52,0.34,0.56,2023-10-28,725,N,VIIRS,n,2,300.12,2.62,D,0
29.60485,75.25368,343.97,0.34,0.56,2023-10-28,725,N,VIIRS,n,2,300.16,3.26,D,0
29.60569,75.25218,344.52,0.34,0.56,2023-10-28,725,N,VIIRS,n,2,299.92,2.81,D,0
29.62513,75.36536,345.32,0.33,0.56,2023-10-28,725,N,VIIRS,n,2,301.66,2.71,D,0
29.62667,75.36355,338.6,0.33,0.56,2023-10-28,725,N,VIIRS,n,2,301.46,3.75,D,0
29.62748,75.36696,342.64,0.33,0.56,2023-10-28,725,N,VIIRS,n,2,299.66,5.38,D,0
29.63015,75.36385,336.98,0.33,0.56,2023-10-28,725,N,VIIRS,n,2,300.92,2.42,D,0
29.65208,74.985,351.78,0.35,0.57,2023-10-28,725,N,VIIRS,n,2,300.29,5.3,D,0
29.65219,74.98413,347.82,0.35,0.57,2023-10-28,725,N,VIIRS,n,2,299.77,4.81,D,0
29.655,75.1851,339.75,0.34,0.56,2023-10-28,725,N,VIIRS,n,2,300.01,6.15,D,0
29.66089,75.18705,350.19,0.34,0.56,2023-10-28,725,N,VIIRS,n,2,298.72,8.71,D,0
29.67716,75.32642,354.92,0.34,0.56,2023-10-28,725,N,VIIRS,n,2,300.98,4.17,D,0
29.70175,75.22301,333.56,0.34,0.56,2023-10-28,725,N,VIIRS,n,2,299.79,2.47,D,0
29.70229,75.31879,338.99,0.34,0.56,2023-10-28,725,N,VIIRS,n,2,300.84,3.16,D,0
29.70308,75.32221,338.69,0.33,0.56,2023-10-28,725,N,VIIRS,n,2,301.43,4.39,D,0
29.70812,75.3207,346.24,0.33,0.56,2023-10-28,725,N,VIIRS,n,2,299.94,5.02,D,0
29.73057,75.17603,345.94,0.34,0.56,2023-10-28,725,N,VIIRS,n,2,301.93,3.62,D,0
29.7332,75.27895,330.57,0.34,0.56,2023-10-28,725,N,VIIRS,n,2,299.95,1.55,D,0
29.74207,75.31654,334.27,0.33,0.56,2023-10-28,725,N,VIIRS,n,2,298.98,2.62,D,0
29.76158,75.285,350.34,0.34,0.56,2023-10-28,725,N,VIIRS,n,2,300.41,4.09,D,0
29.88229,75.04881,332.54,0.34,0.56,2023-10-28,725,N,VIIRS,n,2,298.5,3.81,D,0
29.8885,75.33632,330.59,0.33,0.55,2023-10-28,725,N,VIIRS,n,2,295.05,2.22,D,0
30.00623,75.48199,367,0.32,0.55,2023-10-28,725,N,VIIRS,h,2,302.3,13.01,D,0
30.01507,75.38328,367,0.33,0.55,2023-10-28,725,N,VIIRS,h,2,301.84,7.53,D,0
30.01585,75.38661,343.79,0.33,0.55,2023-10-28,725,N,VIIRS,n,2,298.79,7.53,D,0
30.03592,75.47305,333.18,0.32,0.55,2023-10-28,725,N,VIIRS,n,2,299.53,2.24,D,0
30.04086,75.47155,331.22,0.32,0.55,2023-10-28,725,N,VIIRS,n,2,297.69,2.46,D,0
30.0759,75.22039,347.1,0.33,0.55,2023-10-28,725,N,VIIRS,n,2,297.39,4.98,D,0
30.14095,75.26964,329.3,0.33,0.55,2023-10-28,725,N,VIIRS,n,2,298.55,2.94,D,0
30.14819,75.24083,367,0.33,0.55,2023-10-28,725,N,VIIRS,h,2,300.44,7.13,D,0
30.15046,75.24129,351.94,0.33,0.55,2023-10-28,725,N,VIIRS,n,2,299.47,5.8,D,0
30.56889,74.79217,327.83,0.34,0.56,2023-10-28,725,N,VIIRS,n,2,292.82,2.15,D,0
30.56972,74.79569,327.75,0.34,0.56,2023-10-28,725,N,VIIRS,n,2,293.44,3.09,D,0
30.58217,73.90325,367,0.39,0.59,2023-10-28,725,N,VIIRS,h,2,295.24,12.03,D,0
30.61606,73.87486,349.24,0.39,0.59,2023-10-28,725,N,VIIRS,n,2,288.85,7.71,D,0
30.66481,74.38585,334.17,0.36,0.57,2023-10-28,725,N,VIIRS,n,2,292.9,4.06,D,0
30.66725,74.4883,346.58,0.36,0.57,2023-10-28,725,N,VIIRS,n,2,292.09,4.13,D,0
30.66999,74.3842,331.83,0.36,0.57,2023-10-28,725,N,VIIRS,n,2,292.75,4.06,D,0
30.68771,74.4581,328.82,0.36,0.57,2023-10-28,725,N,VIIRS,n,2,295.75,2.73,D,0
30.73038,74.13271,340.2,0.37,0.58,2023-10-28,725,N,VIIRS,n,2,296.93,4.81,D,0
30.73172,74.52673,353.78,0.35,0.57,2023-10-28,725,N,VIIRS,n,2,284.41,8.8,D,0
30.7334,74.51054,336,0.35,0.57,2023-10-28,725,N,VIIRS,n,2,283.93,4.72,D,0
30.74876,74.48206,332.79,0.35,0.57,2023-10-28,725,N,VIIRS,n,2,287.61,2.24,D,0
30.78797,74.83421,330.63,0.34,0.56,2023-10-28,725,N,VIIRS,n,2,292.92,2.65,D,0
30.79143,73.95211,337.22,0.38,0.59,2023-10-28,725,N,VIIRS,n,2,296.35,2.89,D,0
30.79435,74.53721,333.66,0.35,0.57,2023-10-28,725,N,VIIRS,n,2,292,4.02,D,0
30.80038,74.01227,333.55,0.38,0.58,2023-10-28,725,N,VIIRS,n,2,297,2.71,D,0
30.80564,74.01055,332.4,0.38,0.58,2023-10-28,725,N,VIIRS,n,2,294.65,2.08,D,0
30.81972,74.45866,346.79,0.35,0.57,2023-10-28,725,N,VIIRS,n,2,298.12,4.63,D,0
30.8208,74.53268,352.45,0.35,0.57,2023-10-28,725,N,VIIRS,n,2,306.86,25.43,D,0
30.82166,74.5363,349.32,0.35,0.57,2023-10-28,725,N,VIIRS,n,2,298.91,23.02,D,0
30.83616,74.5278,329.28,0.35,0.57,2023-10-28,725,N,VIIRS,n,2,297.56,1.56,D,0
30.84127,74.52618,339.11,0.35,0.57,2023-10-28,725,N,VIIRS,n,2,298.73,3.76,D,0
30.84552,74.72832,333.01,0.34,0.56,2023-10-28,725,N,VIIRS,n,2,296.99,2.53,D,0
30.85145,74.7075,337.6,0.34,0.56,2023-10-28,725,N,VIIRS,n,2,297.43,4.11,D,0
30.86546,74.46504,343.82,0.35,0.57,2023-10-28,725,N,VIIRS,n,2,297.51,3.48,D,0
30.87059,74.4634,327.83,0.35,0.57,2023-10-28,725,N,VIIRS,n,2,296,1.62,D,0
30.8804,74.85246,350.92,0.34,0.56,2023-10-28,725,N,VIIRS,n,2,295.63,5.47,D,0
30.88122,74.85592,348.89,0.34,0.56,2023-10-28,725,N,VIIRS,n,2,295.9,5.47,D,0
30.88145,74.41671,328,0.35,0.57,2023-10-28,725,N,VIIRS,n,2,297.14,2.66,D,0
30.89201,73.96116,336.22,0.38,0.58,2023-10-28,725,N,VIIRS,n,2,296.48,1.75,D,0
30.89504,73.36619,332.61,0.41,0.6,2023-10-28,725,N,VIIRS,n,2,294.5,2.26,D,0
30.89684,73.36558,331.17,0.41,0.6,2023-10-28,725,N,VIIRS,n,2,293.8,1.76,D,0
30.89869,74.70013,337.91,0.34,0.56,2023-10-28,725,N,VIIRS,n,2,296.5,2.52,D,0
30.90046,74.70061,333.84,0.34,0.56,2023-10-28,725,N,VIIRS,n,2,296.7,2.73,D,0
30.90211,74.85305,327.73,0.33,0.56,2023-10-28,725,N,VIIRS,n,2,294.14,1.25,D,0
30.90544,74.65339,333.99,0.34,0.56,2023-10-28,725,N,VIIRS,n,2,296.56,1.72,D,0
30.9278,74.42553,349.81,0.35,0.57,2023-10-28,725,N,VIIRS,n,2,297.45,8.54,D,0
30.92868,74.42919,367,0.35,0.57,2023-10-28,725,N,VIIRS,h,2,299.64,8.54,D,0
30.92903,74.56923,341.01,0.35,0.56,2023-10-28,725,N,VIIRS,n,2,297.51,3.02,D,0
30.96929,73.52132,331.81,0.4,0.6,2023-10-28,725,N,VIIRS,n,2,295.35,2.81,D,0
30.96977,74.57941,340.27,0.35,0.56,2023-10-28,725,N,VIIRS,n,2,296.77,2.29,D,0
30.97005,73.54764,328.64,0.4,0.6,2023-10-28,725,N,VIIRS,n,2,295.38,2.4,D,0
30.97042,74.53568,329.08,0.35,0.57,2023-10-28,725,N,VIIRS,n,2,296.99,1.77,D,0
30.97737,74.56432,350.02,0.35,0.56,2023-10-28,725,N,VIIRS,n,2,300.28,15.32,D,0
30.9774,74.56541,355.05,0.35,0.56,2023-10-28,725,N,VIIRS,n,2,303.24,14,D,0
30.97823,74.56789,367,0.35,0.56,2023-10-28,725,N,VIIRS,h,2,298.15,15.32,D,0
30.97825,74.56898,348.97,0.35,0.56,2023-10-28,725,N,VIIRS,n,2,296.76,14,D,0
31.04605,74.90449,352.23,0.33,0.55,2023-10-28,725,N,VIIRS,n,2,295.87,5.26,D,0
31.09344,74.59262,344.15,0.34,0.56,2023-10-28,725,N,VIIRS,n,2,299.31,5.81,D,0
31.09432,74.5732,330.21,0.34,0.56,2023-10-28,725,N,VIIRS,n,2,297.27,2.45,D,0
31.09454,74.59126,348.79,0.34,0.56,2023-10-28,725,N,VIIRS,n,2,299.6,6.25,D,0
31.09532,74.57191,329.92,0.34,0.56,2023-10-28,725,N,VIIRS,n,2,297.32,2.48,D,0
31.09696,74.55612,328.87,0.34,0.56,2023-10-28,725,N,VIIRS,n,2,297.25,1.45,D,0
31.14269,74.54168,345.24,0.34,0.56,2023-10-28,725,N,VIIRS,n,2,298.59,6.52,D,0
31.14439,74.5488,335.03,0.34,0.56,2023-10-28,725,N,VIIRS,n,2,297.07,3.61,D,0
31.14777,74.54006,347.63,0.34,0.56,2023-10-28,725,N,VIIRS,n,2,297.17,6.52,D,0
31.16215,74.5546,367,0.34,0.56,2023-10-28,725,N,VIIRS,h,2,299.72,6.41,D,0
31.16299,74.55815,350.24,0.34,0.56,2023-10-28,725,N,VIIRS,n,2,298,7.48,D,0
31.16384,74.56171,356.61,0.34,0.56,2023-10-28,725,N,VIIRS,n,2,296.37,7.48,D,0
31.18525,74.53448,333.2,0.34,0.56,2023-10-28,725,N,VIIRS,n,2,298.98,4.13,D,0
31.18921,74.53056,342.86,0.34,0.56,2023-10-28,725,N,VIIRS,n,2,297.35,5.36,D,0
31.19004,74.53414,342.9,0.34,0.56,2023-10-28,725,N,VIIRS,n,2,296.57,7.29,D,0
31.19032,74.53287,349.44,0.34,0.56,2023-10-28,725,N,VIIRS,n,2,296.73,4.13,D,0
31.19636,74.55775,327,0.34,0.56,2023-10-28,725,N,VIIRS,l,2,297.3,2.18,D,0
31.19759,74.56618,330.47,0.34,0.56,2023-10-28,725,N,VIIRS,n,2,297.35,3.63,D,0
31.19893,74.56837,335.2,0.34,0.56,2023-10-28,725,N,VIIRS,n,2,297.64,4.02,D,0
31.2268,74.57092,327.94,0.34,0.56,2023-10-28,725,N,VIIRS,n,2,295.6,1.61,D,0
31.22841,74.53223,329.37,0.34,0.56,2023-10-28,725,N,VIIRS,n,2,296,2.78,D,0
31.22926,74.53577,334.76,0.34,0.56,2023-10-28,725,N,VIIRS,n,2,296.41,3.12,D,0
31.29207,74.29166,330.89,0.35,0.57,2023-10-28,725,N,VIIRS,n,2,296.36,2.39,D,0
31.32705,75.03584,339.1,0.32,0.55,2023-10-28,725,N,VIIRS,n,2,292.1,3.79,D,0
31.32768,74.97134,367,0.32,0.55,2023-10-28,725,N,VIIRS,h,2,293.48,6.82,D,0
31.49325,74.71783,343.89,0.33,0.55,2023-10-28,725,N,VIIRS,n,2,281.85,3.57,D,0
31.58564,75.492,347.98,0.59,0.53,2023-10-28,725,N,VIIRS,n,2,286.11,12.52,D,0
31.66495,73.74658,338.55,0.37,0.58,2023-10-28,725,N,VIIRS,n,2,291.24,4.44,D,0
31.66805,73.74598,338.31,0.37,0.58,2023-10-28,725,N,VIIRS,n,2,288.35,3.52,D,0
31.70893,74.69768,334.27,0.33,0.55,2023-10-28,725,N,VIIRS,n,2,280.03,2.92,D,0
31.87826,74.09402,329.99,0.35,0.57,2023-10-28,725,N,VIIRS,n,2,290.27,1.68,D,0
31.89471,74.11621,335.14,0.35,0.57,2023-10-28,725,N,VIIRS,n,2,293,3.03,D,0
31.89908,74.32108,367,0.34,0.56,2023-10-28,725,N,VIIRS,h,2,292.14,8.01,D,0
31.90091,74.14168,325.53,0.35,0.57,2023-10-28,725,N,VIIRS,n,2,293.08,1.18,D,0
31.97895,74.3969,326.2,0.34,0.56,2023-10-28,725,N,VIIRS,n,2,293.19,2.12,D,0
32.21803,74.69609,332.81,0.32,0.54,2023-10-28,725,N,VIIRS,n,2,289.6,2.4,D,0
32.21863,74.69707,334.07,0.32,0.55,2023-10-28,725,N,VIIRS,n,2,289.35,2.47,D,0
30.18038,72.88834,336.99,0.53,0.67,2023-10-28,905,N,VIIRS,n,2,289.44,5.94,D,0
30.36722,70.71896,330.08,0.39,0.6,2023-10-28,906,N,VIIRS,n,2,296.18,3.94,D,0
30.37159,70.71693,331.69,0.4,0.6,2023-10-28,906,N,VIIRS,n,2,292.77,1.88,D,0
30.52959,71.85705,331.9,0.46,0.64,2023-10-28,906,N,VIIRS,n,2,289.2,4.42,D,0
30.76365,71.81667,333.43,0.46,0.64,2023-10-28,906,N,VIIRS,n,2,289.31,4.93,D,0
30.77718,69.88747,352.53,0.36,0.57,2023-10-28,906,N,VIIRS,n,2,299.25,6.69,D,0
30.84977,74.40421,335.19,0.66,0.73,2023-10-28,906,N,VIIRS,n,2,282.5,6.32,D,0
30.86902,70.77964,331.24,0.4,0.6,2023-10-28,906,N,VIIRS,n,2,295.68,3.57,D,0
30.87723,74.40295,350.17,0.66,0.73,2023-10-28,906,N,VIIRS,n,2,279.78,10.01,D,0
30.9286,71.97742,335.93,0.47,0.64,2023-10-28,906,N,VIIRS,n,2,292.6,3.79,D,0
30.99128,75.21915,330.48,0.74,0.76,2023-10-28,906,N,VIIRS,n,2,286.04,5.44,D,0
31.12567,70.75812,336.39,0.4,0.6,2023-10-28,906,N,VIIRS,n,2,296.35,4,D,0
31.17322,72.49879,332.84,0.51,0.66,2023-10-28,906,N,VIIRS,n,2,293.95,2.61,D,0
31.22686,75.04475,335.29,0.72,0.76,2023-10-28,906,N,VIIRS,n,2,292.64,8.63,D,0
31.23065,75.0441,336.36,0.72,0.76,2023-10-28,906,N,VIIRS,n,2,291.32,11.6,D,0
31.42705,75.19203,332.47,0.74,0.76,2023-10-28,906,N,VIIRS,n,2,290.3,5.78,D,0
31.49495,72.34103,339.53,0.5,0.66,2023-10-28,906,N,VIIRS,n,2,293.1,5.26,D,0
31.50471,72.54107,338.2,0.52,0.67,2023-10-28,906,N,VIIRS,n,2,293.96,5.08,D,0
31.59342,72.32897,331.32,0.5,0.66,2023-10-28,906,N,VIIRS,n,2,293.55,2.36,D,0
31.63898,75.40611,330.99,0.76,0.77,2023-10-28,906,N,VIIRS,n,2,290,6,D,0
31.64467,75.4059,327.59,0.76,0.77,2023-10-28,906,N,VIIRS,n,2,289.28,6.96,D,0
31.65673,73.59054,331.63,0.6,0.7,2023-10-28,906,N,VIIRS,n,2,289.42,4.89,D,0
31.67184,72.43121,353.31,0.51,0.66,2023-10-28,906,N,VIIRS,n,2,295.24,14.64,D,0
31.67805,72.43079,367,0.51,0.66,2023-10-28,906,N,VIIRS,h,2,293.86,14.64,D,0
31.69553,75.12353,326.79,0.73,0.76,2023-10-28,906,N,VIIRS,n,2,290.53,4.75,D,0
32.64927,69.49822,330.97,0.35,0.57,2023-10-28,906,N,VIIRS,n,2,289.43,2.46,D,0
33.55201,73.03703,353.04,0.57,0.69,2023-10-28,906,N,VIIRS,n,2,299.38,10.18,D,0
33.55827,73.03019,337.39,0.57,0.69,2023-10-28,906,N,VIIRS,n,2,298.13,8.45,D,0
33.55852,73.03664,352.26,0.57,0.69,2023-10-28,906,N,VIIRS,n,2,298.26,13.43,D,0
31.55143,75.22597,300.27,0.62,0.71,2023-10-28,1948,N,VIIRS,n,2,288.49,0.94,N,0
33.55106,71.55022,304.05,0.42,0.45,2023-10-28,2128,N,VIIRS,n,2,290.1,1.14,N,0
30.17106,70.92776,319.25,0.45,0.47,2023-10-28,2129,N,VIIRS,n,2,290.27,2.08,N,0
30.32755,70.53949,305.17,0.43,0.46,2023-10-28,2129,N,VIIRS,n,2,292.25,0.56,N,2
31.55338,75.22913,305.33,0.37,0.58,2023-10-28,2129,N,VIIRS,n,2,288.97,0.59,N,0
31.62078,74.42693,298.76,0.33,0.55,2023-10-28,2129,N,VIIRS,n,2,288.68,0.31,N,2
31.65342,74.17805,301.44,0.32,0.55,2023-10-28,2129,N,VIIRS,n,2,289.68,0.93,N,0
31.65421,74.17471,309.7,0.32,0.55,2023-10-28,2129,N,VIIRS,n,2,289.7,1.32,N,0
32.28883,70.73754,307.38,0.4,0.44,2023-10-28,2129,N,VIIRS,n,2,292.8,0.97,N,2
32.88913,71.61948,303.44,0.44,0.46,2023-10-28,2129,N,VIIRS,n,2,290.91,1.46,N,2
32.89612,71.60756,302.35,0.44,0.46,2023-10-28,2129,N,VIIRS,n,2,291.18,0.7,N,2
28.42369,69.70161,306.07,0.42,0.45,2023-10-28,2130,N,VIIRS,n,2,291.97,0.79,N,2
29.54451,74.48,335.53,0.7,0.75,2023-10-29,706,N,VIIRS,n,2,294.76,5.35,D,0
29.54975,74.47614,344.11,0.7,0.75,2023-10-29,706,N,VIIRS,n,2,294.67,7.44,D,0
29.5512,74.47752,335.34,0.7,0.75,2023-10-29,706,N,VIIRS,n,2,294.26,5.64,D,0
29.84471,75.47859,339.39,0.61,0.71,2023-10-29,706,N,VIIRS,n,2,295.36,7.34,D,0
29.88306,74.93259,351.34,0.65,0.73,2023-10-29,706,N,VIIRS,n,2,294.21,12.34,D,0
29.88552,74.93313,355.16,0.65,0.73,2023-10-29,706,N,VIIRS,n,2,295.52,10.35,D,0
29.91404,75.40384,344.34,0.61,0.71,2023-10-29,706,N,VIIRS,n,2,294.86,12.12,D,0
29.91549,75.4055,355.51,0.61,0.71,2023-10-29,706,N,VIIRS,n,2,295.61,9.08,D,0
29.97666,75.33417,336.26,0.61,0.71,2023-10-29,706,N,VIIRS,n,2,295.11,6.02,D,0
29.97847,75.33268,341.59,0.61,0.71,2023-10-29,706,N,VIIRS,n,2,295.41,5.75,D,0
30.09063,74.97824,330.27,0.64,0.72,2023-10-29,706,N,VIIRS,n,2,293.75,3.11,D,0
30.15842,73.53507,333.48,0.76,0.77,2023-10-29,706,N,VIIRS,n,2,292.02,6.9,D,0
30.18343,74.63371,338.91,0.66,0.73,2023-10-29,706,N,VIIRS,n,2,293.42,4.95,D,0
30.33924,74.45478,354.06,0.67,0.74,2023-10-29,706,N,VIIRS,n,2,294.49,7.88,D,0
30.34583,74.45235,339.82,0.67,0.74,2023-10-29,706,N,VIIRS,n,2,292.43,7.88,D,0
30.37894,75.28599,342.95,0.6,0.71,2023-10-29,706,N,VIIRS,n,2,294.77,6.99,D,0
30.42432,75.45176,344,0.59,0.7,2023-10-29,706,N,VIIRS,n,2,293.85,9.49,D,0
30.55173,73.78458,331.93,0.72,0.76,2023-10-29,706,N,VIIRS,n,2,293.28,4.5,D,0
30.71424,74.43054,332.7,0.66,0.73,2023-10-29,706,N,VIIRS,n,2,292.76,5.53,D,0
30.74471,74.57769,334.79,0.65,0.73,2023-10-29,706,N,VIIRS,n,2,293.08,5.89,D,0
30.79064,74.48662,340.89,0.65,0.73,2023-10-29,706,N,VIIRS,n,2,292.88,8.42,D,0
30.79445,74.50008,331.58,0.65,0.73,2023-10-29,706,N,VIIRS,n,2,293.9,8.62,D,0
30.83285,74.55976,327.69,0.64,0.72,2023-10-29,706,N,VIIRS,n,2,293.39,3.57,D,0
30.84582,74.55492,336.96,0.64,0.72,2023-10-29,706,N,VIIRS,n,2,293.94,5.2,D,0
30.85515,74.58818,337.57,0.64,0.72,2023-10-29,706,N,VIIRS,n,2,293.76,5.7,D,0
30.85892,74.65244,331.23,0.64,0.72,2023-10-29,706,N,VIIRS,n,2,294.17,6.41,D,0
30.85977,74.57913,351.91,0.64,0.72,2023-10-29,706,N,VIIRS,n,2,295.28,17.35,D,0
30.86167,74.68761,353.52,0.63,0.72,2023-10-29,706,N,VIIRS,n,2,294.79,13.85,D,0
30.86178,74.57626,354.42,0.64,0.72,2023-10-29,706,N,VIIRS,n,2,294.5,12.96,D,0
30.86367,74.58287,330.08,0.64,0.72,2023-10-29,706,N,VIIRS,n,2,293.28,12.6,D,0
30.88999,74.76332,340.04,0.63,0.72,2023-10-29,706,N,VIIRS,n,2,293.5,6.09,D,0
30.8964,74.76093,332.52,0.63,0.72,2023-10-29,706,N,VIIRS,n,2,293.07,4.26,D,0
30.90001,75.47632,336.74,0.57,0.69,2023-10-29,706,N,VIIRS,n,2,292.66,4.95,D,0
30.90019,75.47318,336.05,0.57,0.69,2023-10-29,706,N,VIIRS,n,2,292.58,3.46,D,0
30.94777,74.85312,341.45,0.62,0.71,2023-10-29,706,N,VIIRS,n,2,293.92,6.49,D,0
30.95059,74.85432,330.01,0.62,0.71,2023-10-29,706,N,VIIRS,n,2,293.28,6.69,D,0
30.97462,74.67241,351.18,0.63,0.72,2023-10-29,706,N,VIIRS,n,2,294.08,10.88,D,0
30.9858,74.8881,338.74,0.61,0.71,2023-10-29,706,N,VIIRS,n,2,294.13,6.91,D,0
31.01022,74.72365,329.72,0.62,0.72,2023-10-29,706,N,VIIRS,n,2,294.19,10.11,D,0
31.01419,74.72018,367,0.62,0.72,2023-10-29,706,N,VIIRS,h,2,295.4,20.24,D,0
31.01639,74.77116,347.38,0.62,0.71,2023-10-29,706,N,VIIRS,n,2,292.92,10.28,D,0
31.01662,74.72126,350.05,0.62,0.72,2023-10-29,706,N,VIIRS,n,2,293.96,10.11,D,0
31.07876,75.19553,336.62,0.59,0.7,2023-10-29,706,N,VIIRS,n,2,293.09,3.59,D,0
31.07952,75.19765,332.27,0.59,0.7,2023-10-29,706,N,VIIRS,n,2,293.06,4.1,D,0
31.10083,75.05035,352.13,0.6,0.7,2023-10-29,706,N,VIIRS,n,2,293.56,10.38,D,0
31.10138,75.05238,343.91,0.6,0.7,2023-10-29,706,N,VIIRS,n,2,293.34,9.83,D,0
31.1452,74.81742,331.11,0.61,0.71,2023-10-29,706,N,VIIRS,n,2,293.73,9.64,D,0
31.14603,74.81266,334.88,0.61,0.71,2023-10-29,706,N,VIIRS,n,2,293.2,9.69,D,0
31.21106,75.09766,331.89,0.59,0.7,2023-10-29,706,N,VIIRS,n,2,292.7,3.15,D,0
31.24303,75.16333,336.74,0.58,0.7,2023-10-29,706,N,VIIRS,n,2,293.47,6.65,D,0
31.24364,75.16595,339.97,0.58,0.7,2023-10-29,706,N,VIIRS,n,2,294,5.34,D,0
31.26656,74.60419,331.78,0.62,0.72,2023-10-29,706,N,VIIRS,n,2,293.23,3.64,D,0
31.44273,75.01068,328.34,0.59,0.7,2023-10-29,706,N,VIIRS,n,2,293.25,3.11,D,0
31.54077,75.44407,331.94,0.55,0.68,2023-10-29,706,N,VIIRS,n,2,294.81,3.65,D,0
31.54218,75.44046,329.71,0.55,0.68,2023-10-29,706,N,VIIRS,n,2,294.52,4.26,D,0
31.71217,75.28652,329.48,0.56,0.69,2023-10-29,707,N,VIIRS,n,2,294.74,3.45,D,0
31.81757,75.11208,336.18,0.57,0.69,2023-10-29,707,N,VIIRS,n,2,295.22,4.41,D,0
31.8274,73.47175,343.2,0.7,0.75,2023-10-29,707,N,VIIRS,n,2,293.64,13.16,D,0
32.07457,73.33289,329.39,0.7,0.75,2023-10-29,707,N,VIIRS,n,2,291.51,5.09,D,0
32.07575,73.33389,331.29,0.7,0.75,2023-10-29,707,N,VIIRS,n,2,291.57,3.31,D,0
32.34427,73.89481,329.78,0.64,0.72,2023-10-29,707,N,VIIRS,n,2,292.15,2.57,D,0
28.66693,70.10785,334.2,0.55,0.43,2023-10-29,846,N,VIIRS,n,2,303.41,3.05,D,0
28.73528,70.99429,345.58,0.41,0.45,2023-10-29,846,N,VIIRS,n,2,302.16,9.56,D,0
28.91105,70.56261,341.77,0.39,0.44,2023-10-29,846,N,VIIRS,n,2,302.47,4.76,D,0
29.21713,75.37324,336.59,0.38,0.59,2023-10-29,846,N,VIIRS,n,2,300.38,4.64,D,0
29.32556,70.29373,335.21,0.38,0.43,2023-10-29,846,N,VIIRS,n,2,303.11,2.42,D,0
29.361,71.14328,338.35,0.43,0.46,2023-10-29,846,N,VIIRS,n,2,302.82,3.96,D,0
29.3696,74.45689,344.35,0.34,0.56,2023-10-29,846,N,VIIRS,n,2,301.02,2,D,0
29.37027,74.45528,340.93,0.34,0.56,2023-10-29,846,N,VIIRS,n,2,299.99,2.9,D,0
29.45203,71.57751,335.93,0.45,0.47,2023-10-29,846,N,VIIRS,n,2,302.07,11.19,D,0
29.4525,71.58224,340.21,0.45,0.47,2023-10-29,846,N,VIIRS,n,2,299.47,11.19,D,0
29.46358,70.35511,337.83,0.39,0.44,2023-10-29,846,N,VIIRS,n,2,301.85,3.54,D,0
29.47379,74.50549,346.3,0.34,0.56,2023-10-29,846,N,VIIRS,n,2,301.36,4.87,D,0
29.47409,74.50904,340.54,0.34,0.56,2023-10-29,846,N,VIIRS,n,2,299.65,5.72,D,0
29.4747,74.50647,367,0.34,0.56,2023-10-29,846,N,VIIRS,h,2,302.43,6.41,D,0
29.5112,75.38612,349.37,0.38,0.59,2023-10-29,846,N,VIIRS,n,2,298.81,7.51,D,0
29.51234,70.5343,332.71,0.4,0.44,2023-10-29,846,N,VIIRS,n,2,303.18,2.27,D,0
29.53704,71.49631,341.72,0.45,0.47,2023-10-29,846,N,VIIRS,n,2,301.84,13.54,D,0
29.53774,74.50733,331.63,0.34,0.56,2023-10-29,846,N,VIIRS,n,2,299.84,2.95,D,0
29.54036,74.4748,342.37,0.34,0.56,2023-10-29,846,N,VIIRS,n,2,299.99,3.52,D,0
29.55686,74.5487,335.96,0.34,0.56,2023-10-29,846,N,VIIRS,n,2,298.58,1.85,D,0
29.56602,74.28178,352.15,0.33,0.55,2023-10-29,846,N,VIIRS,n,2,300.51,4.55,D,0
29.56762,74.27986,346.58,0.33,0.55,2023-10-29,846,N,VIIRS,n,2,299.03,5.45,D,0
29.5773,74.94061,336.21,0.36,0.57,2023-10-29,846,N,VIIRS,n,2,298.26,4.76,D,0
29.5776,74.9444,343.53,0.36,0.57,2023-10-29,846,N,VIIRS,n,2,298.56,7.27,D,0
29.62011,75.28544,347.78,0.38,0.59,2023-10-29,846,N,VIIRS,n,2,298.52,4.23,D,0
29.62079,70.44149,330.61,0.39,0.44,2023-10-29,846,N,VIIRS,l,2,301.4,1.83,D,0
29.62181,70.44446,332.77,0.39,0.44,2023-10-29,846,N,VIIRS,n,2,300.97,1.12,D,0
29.64505,70.72873,338.47,0.41,0.45,2023-10-29,846,N,VIIRS,n,2,302.7,3.16,D,0
29.64731,75.21101,332.52,0.37,0.58,2023-10-29,846,N,VIIRS,n,2,298.02,2.32,D,0
29.67811,74.47664,330.68,0.34,0.56,2023-10-29,846,N,VIIRS,n,2,300.38,2.08,D,0
29.68195,72.23707,343.06,0.5,0.49,2023-10-29,846,N,VIIRS,n,2,298.84,4.57,D,0
29.70357,71.69841,332.82,0.46,0.47,2023-10-29,846,N,VIIRS,n,2,299.58,3.22,D,0
29.70575,75.32121,331.44,0.38,0.59,2023-10-29,846,N,VIIRS,n,2,297.44,3.36,D,0
29.72696,75.14314,333.95,0.37,0.58,2023-10-29,846,N,VIIRS,n,2,299.65,3.07,D,0
29.73066,75.1429,337.26,0.37,0.58,2023-10-29,846,N,VIIRS,n,2,299.53,4.67,D,0
29.76094,75.15977,367,0.37,0.58,2023-10-29,846,N,VIIRS,h,2,302.15,11.21,D,0
29.76119,75.32434,343.49,0.38,0.59,2023-10-29,846,N,VIIRS,n,2,298.52,4.05,D,0
29.76173,75.32433,339.88,0.38,0.59,2023-10-29,846,N,VIIRS,n,2,298.67,3.78,D,0
29.76373,75.35265,333.93,0.38,0.59,2023-10-29,846,N,VIIRS,n,2,299.04,3.7,D,0
29.77357,75.33544,330.98,0.38,0.59,2023-10-29,846,N,VIIRS,n,2,297.99,2.2,D,0
29.78975,75.3299,342.8,0.38,0.59,2023-10-29,846,N,VIIRS,n,2,296.49,4.03,D,0
29.79396,75.23657,331.01,0.38,0.59,2023-10-29,846,N,VIIRS,n,2,297.41,3.11,D,0
29.8161,75.23859,345.58,0.38,0.59,2023-10-29,846,N,VIIRS,n,2,299.51,3.83,D,0
29.81639,75.24258,332.65,0.38,0.59,2023-10-29,846,N,VIIRS,n,2,298.52,4.19,D,0
29.82156,75.2381,340.98,0.38,0.59,2023-10-29,846,N,VIIRS,n,2,298.41,4.16,D,0
29.83006,75.20525,340.03,0.38,0.58,2023-10-29,846,N,VIIRS,n,2,298.19,4.46,D,0
29.83111,75.44111,334.3,0.39,0.59,2023-10-29,846,N,VIIRS,n,2,297.86,2.55,D,0
29.83663,75.44062,340.38,0.39,0.59,2023-10-29,846,N,VIIRS,n,2,297.61,3.6,D,0
29.86199,75.10594,337.37,0.37,0.58,2023-10-29,846,N,VIIRS,n,2,297.47,1.92,D,0
29.87892,74.96731,336.3,0.36,0.58,2023-10-29,846,N,VIIRS,n,2,298.16,2.85,D,0
29.88204,75.38631,336.18,0.39,0.59,2023-10-29,846,N,VIIRS,n,2,297.89,3.1,D,0
29.91305,75.35482,331.51,0.38,0.59,2023-10-29,846,N,VIIRS,n,2,297.99,2.27,D,0
29.92164,75.02961,334.77,0.37,0.58,2023-10-29,846,N,VIIRS,n,2,298.89,2.67,D,0
29.93245,75.17097,351.22,0.38,0.58,2023-10-29,846,N,VIIRS,n,2,297.91,4.36,D,0
29.93596,75.36505,367,0.39,0.59,2023-10-29,846,N,VIIRS,h,2,300.02,8.34,D,0
29.94368,71.44424,341.58,0.45,0.47,2023-10-29,846,N,VIIRS,n,2,300.79,7.84,D,0
29.94471,71.44532,347.33,0.45,0.47,2023-10-29,846,N,VIIRS,n,2,299.93,6.38,D,0
29.94638,75.35592,367,0.38,0.59,2023-10-29,846,N,VIIRS,h,2,299.49,9.78,D,0
29.94943,75.24978,339.06,0.38,0.59,2023-10-29,846,N,VIIRS,n,2,298.76,4.75,D,0
29.9502,75.24989,346.78,0.38,0.59,2023-10-29,846,N,VIIRS,n,2,298.63,4.77,D,0
29.95086,74.95267,367,0.36,0.58,2023-10-29,846,N,VIIRS,h,2,299.33,14.25,D,0
29.95791,75.21676,336.94,0.38,0.59,2023-10-29,846,N,VIIRS,n,2,297.2,4.23,D,0
29.95889,75.2168,334.81,0.38,0.59,2023-10-29,846,N,VIIRS,n,2,296.51,3.48,D,0
29.96569,74.7901,367,0.36,0.57,2023-10-29,846,N,VIIRS,h,2,299.17,8.75,D,0
29.96984,72.296,332.15,0.51,0.49,2023-10-29,846,N,VIIRS,n,2,297.05,3.13,D,0
29.97114,74.51793,347.34,0.34,0.56,2023-10-29,846,N,VIIRS,n,2,297.78,3.21,D,0
29.97132,73.10285,340.91,0.56,0.52,2023-10-29,846,N,VIIRS,n,2,298.49,6.78,D,0
29.9733,75.42397,335.26,0.39,0.59,2023-10-29,846,N,VIIRS,n,2,297.51,2.78,D,0
29.97366,75.42361,338.14,0.39,0.59,2023-10-29,846,N,VIIRS,n,2,297.42,3.26,D,0
29.97915,72.546,330.03,0.52,0.5,2023-10-29,846,N,VIIRS,n,2,297.21,3.47,D,0
29.98269,72.58458,334.19,0.53,0.5,2023-10-29,846,N,VIIRS,n,2,298.02,4.17,D,0
29.98694,75.46019,342.4,0.39,0.59,2023-10-29,846,N,VIIRS,n,2,297.53,3.6,D,0
30.0005,74.89387,341.95,0.36,0.57,2023-10-29,846,N,VIIRS,n,2,296.82,3.63,D,0
30.00365,75.15247,367,0.37,0.58,2023-10-29,846,N,VIIRS,h,2,298.67,13.67,D,0
30.03713,75.45992,342.65,0.39,0.59,2023-10-29,846,N,VIIRS,n,2,297.55,4.65,D,0
30.04022,72.74744,340.65,0.54,0.51,2023-10-29,846,N,VIIRS,n,2,298.58,5.41,D,0
30.04416,75.10898,356.96,0.37,0.58,2023-10-29,846,N,VIIRS,n,2,297.81,9.95,D,0
30.04447,75.11292,367,0.37,0.58,2023-10-29,846,N,VIIRS,h,2,297.99,9.95,D,0
30.04531,75.10994,367,0.37,0.58,2023-10-29,846,N,VIIRS,h,2,300.29,20.34,D,0
30.04571,74.46357,333.86,0.34,0.56,2023-10-29,846,N,VIIRS,n,2,297.42,2.32,D,0
30.05451,73.39812,339.29,0.59,0.53,2023-10-29,846,N,VIIRS,n,2,297.71,9.76,D,0
30.06554,73.29737,335.19,0.58,0.52,2023-10-29,846,N,VIIRS,n,2,297.73,6.58,D,0
30.10465,75.02525,346.31,0.37,0.58,2023-10-29,846,N,VIIRS,n,2,296.91,3.82,D,0
30.11637,75.18349,355.36,0.38,0.59,2023-10-29,846,N,VIIRS,n,2,298.33,6.65,D,0
30.13256,73.96883,333.93,0.32,0.55,2023-10-29,846,N,VIIRS,n,2,297.98,2.23,D,0
30.14227,74.15039,332.19,0.33,0.55,2023-10-29,846,N,VIIRS,n,2,297.04,1.76,D,0
30.15474,75.40518,335.83,0.39,0.59,2023-10-29,846,N,VIIRS,n,2,296.22,6.15,D,0
30.15504,75.40932,367,0.39,0.59,2023-10-29,846,N,VIIRS,h,2,297.74,10.76,D,0
30.16362,75.45037,336.24,0.39,0.59,2023-10-29,846,N,VIIRS,n,2,297.35,4.56,D,0
30.16617,75.01935,341.48,0.37,0.58,2023-10-29,846,N,VIIRS,n,2,296.99,4.69,D,0
30.16846,75.45024,336.96,0.39,0.59,2023-10-29,846,N,VIIRS,n,2,295.73,3.62,D,0
30.17901,72.89673,331.85,0.55,0.51,2023-10-29,846,N,VIIRS,n,2,297.79,4.39,D,0
30.17946,72.89469,330.7,0.55,0.51,2023-10-29,846,N,VIIRS,n,2,297.06,2.77,D,0
30.19352,75.24948,338.21,0.38,0.59,2023-10-29,846,N,VIIRS,n,2,296.23,3.02,D,0
30.19697,74.63999,333.64,0.35,0.57,2023-10-29,846,N,VIIRS,n,2,296.53,4.14,D,0
30.20904,75.47179,367,0.39,0.6,2023-10-29,846,N,VIIRS,h,2,297.63,12.25,D,0
30.21301,74.04082,367,0.32,0.55,2023-10-29,846,N,VIIRS,h,2,297.34,5.7,D,0
30.21328,74.04424,343.43,0.32,0.55,2023-10-29,846,N,VIIRS,n,2,297.25,5.7,D,0
30.23059,73.30156,335.71,0.58,0.52,2023-10-29,846,N,VIIRS,n,2,297.01,4.65,D,0
30.23348,74.72183,332.3,0.36,0.57,2023-10-29,846,N,VIIRS,n,2,296.23,1.54,D,0
30.23639,74.61613,332.02,0.35,0.57,2023-10-29,846,N,VIIRS,n,2,296.06,2.05,D,0
30.28342,74.20812,334.85,0.33,0.55,2023-10-29,846,N,VIIRS,n,2,297.09,4.13,D,0
30.289,75.34375,333.88,0.39,0.59,2023-10-29,846,N,VIIRS,n,2,297.27,3.81,D,0
30.29379,75.34266,336.73,0.39,0.59,2023-10-29,846,N,VIIRS,n,2,296.49,5.96,D,0
30.30746,74.50526,349.1,0.35,0.56,2023-10-29,846,N,VIIRS,n,2,297.94,6.94,D,0
30.31327,75.30367,337.11,0.39,0.59,2023-10-29,846,N,VIIRS,n,2,296.67,3.2,D,0
30.33995,75.1382,345.46,0.38,0.59,2023-10-29,846,N,VIIRS,n,2,297,8.33,D,0
30.34359,73.90333,336.33,0.32,0.54,2023-10-29,846,N,VIIRS,n,2,297.18,2.74,D,0
30.3454,75.13771,367,0.38,0.59,2023-10-29,846,N,VIIRS,h,2,296.51,8.33,D,0
30.34825,74.88783,367,0.36,0.58,2023-10-29,846,N,VIIRS,h,2,298.71,12.64,D,0
30.35063,74.88359,332.81,0.36,0.58,2023-10-29,846,N,VIIRS,n,2,295.44,5.93,D,0
30.3509,74.88746,367,0.36,0.58,2023-10-29,846,N,VIIRS,h,2,297.11,5.93,D,0
30.35929,74.56278,354.24,0.35,0.57,2023-10-29,846,N,VIIRS,n,2,297.77,4.6,D,0
30.35957,74.56647,332.21,0.35,0.57,2023-10-29,846,N,VIIRS,n,2,296.32,4.6,D,0
30.36737,74.59935,343.43,0.35,0.57,2023-10-29,846,N,VIIRS,n,2,297.47,6.4,D,0
30.36777,75.29059,339.16,0.39,0.59,2023-10-29,846,N,VIIRS,n,2,296.49,3.49,D,0
30.36786,75.2909,337.64,0.39,0.59,2023-10-29,846,N,VIIRS,n,2,296.68,3.28,D,0
30.37265,74.59883,354.54,0.35,0.57,2023-10-29,846,N,VIIRS,n,2,296.56,12.12,D,0
30.37294,74.60256,367,0.35,0.57,2023-10-29,846,N,VIIRS,h,2,295.83,12.12,D,0
30.37378,74.61374,367,0.35,0.57,2023-10-29,846,N,VIIRS,h,2,298.52,9.98,D,0
30.38244,75.10226,367,0.38,0.58,2023-10-29,846,N,VIIRS,h,2,298.54,8.18,D,0
30.4236,74.3726,330.58,0.34,0.56,2023-10-29,846,N,VIIRS,n,2,295.65,5.39,D,0
30.4239,74.37621,367,0.34,0.56,2023-10-29,846,N,VIIRS,h,2,298.09,5.39,D,0
30.42758,75.35192,331.09,0.39,0.59,2023-10-29,846,N,VIIRS,n,2,295.37,3.05,D,0
30.43733,75.17814,352.67,0.38,0.59,2023-10-29,846,N,VIIRS,n,2,297.49,9.23,D,0
30.50257,75.46309,357.43,0.4,0.6,2023-10-29,846,N,VIIRS,n,2,296.2,9.11,D,0
30.23377,70.63577,333.13,0.41,0.45,2023-10-29,847,N,VIIRS,n,2,300.23,3.48,D,0
30.25196,71.55049,340.46,0.46,0.47,2023-10-29,847,N,VIIRS,n,2,299.72,4.04,D,0
30.25587,70.64579,344.56,0.41,0.45,2023-10-29,847,N,VIIRS,n,2,301.97,4.17,D,0
30.25817,70.66733,332.14,0.41,0.45,2023-10-29,847,N,VIIRS,n,2,299.67,5.3,D,0
30.29187,70.66707,343.39,0.41,0.45,2023-10-29,847,N,VIIRS,n,2,300.11,5.36,D,0
30.29305,70.66738,340.74,0.41,0.45,2023-10-29,847,N,VIIRS,n,2,299.2,3.13,D,0
30.31057,70.67373,330.23,0.41,0.45,2023-10-29,847,N,VIIRS,n,2,299.76,3.08,D,0
30.31943,70.63746,346.68,0.41,0.45,2023-10-29,847,N,VIIRS,n,2,299.99,4.47,D,0
30.36183,70.71954,345.82,0.42,0.45,2023-10-29,847,N,VIIRS,n,2,301.45,5.39,D,0
30.37017,70.71838,340.82,0.42,0.45,2023-10-29,847,N,VIIRS,n,2,301.21,4.64,D,0
30.38043,72.24187,339.92,0.51,0.49,2023-10-29,847,N,VIIRS,n,2,300.38,4.19,D,0
30.40599,73.94109,344.2,0.32,0.55,2023-10-29,847,N,VIIRS,n,2,296.7,3.27,D,0
30.41266,71.89129,338.18,0.48,0.48,2023-10-29,847,N,VIIRS,n,2,299.03,4.64,D,0
30.41646,71.93228,344.19,0.49,0.48,2023-10-29,847,N,VIIRS,n,2,299.34,7.62,D,0
30.41971,71.93507,337.95,0.49,0.48,2023-10-29,847,N,VIIRS,n,2,298.29,6.92,D,0
30.42373,74.37296,347.23,0.34,0.56,2023-10-29,847,N,VIIRS,n,2,296.17,5.78,D,0
30.42401,74.37657,356.63,0.34,0.56,2023-10-29,847,N,VIIRS,n,2,296.64,5.78,D,0
30.42489,73.35764,331.9,0.59,0.53,2023-10-29,847,N,VIIRS,n,2,297.15,5.94,D,0
30.4278,73.35899,333.56,0.59,0.53,2023-10-29,847,N,VIIRS,n,2,297.36,3.78,D,0
30.44786,71.69306,337.36,0.47,0.48,2023-10-29,847,N,VIIRS,n,2,298.08,3.89,D,0
30.45432,73.3544,333.87,0.59,0.53,2023-10-29,847,N,VIIRS,n,2,297.71,4.69,D,0
30.46141,72.12153,341.26,0.5,0.49,2023-10-29,847,N,VIIRS,n,2,299.22,5.3,D,0
30.46273,72.18572,334.5,0.5,0.49,2023-10-29,847,N,VIIRS,n,2,298.25,2.89,D,0
30.47146,73.44157,338.86,0.6,0.53,2023-10-29,847,N,VIIRS,n,2,297,6.8,D,0
30.4771,74.80666,367,0.36,0.57,2023-10-29,847,N,VIIRS,h,2,299.6,8.63,D,0
30.49596,74.77016,367,0.36,0.57,2023-10-29,847,N,VIIRS,h,2,298.56,11.41,D,0
30.50084,72.00544,332.95,0.49,0.49,2023-10-29,847,N,VIIRS,n,2,297.49,3.89,D,0
30.50098,75.46497,367,0.4,0.6,2023-10-29,847,N,VIIRS,h,2,296.66,8.05,D,0
30.50908,74.59013,356.57,0.35,0.57,2023-10-29,847,N,VIIRS,n,2,310.98,66.71,D,0
30.52049,73.6705,334.74,0.62,0.54,2023-10-29,847,N,VIIRS,n,2,297.58,6.12,D,0
30.52736,74.82911,332.1,0.36,0.58,2023-10-29,847,N,VIIRS,n,2,296.44,2.66,D,0
30.5312,72.17745,345.48,0.5,0.49,2023-10-29,847,N,VIIRS,n,2,299.2,6.71,D,0
30.53152,72.03864,330.06,0.5,0.49,2023-10-29,847,N,VIIRS,n,2,297.38,2.14,D,0
30.53485,74.59104,367,0.35,0.57,2023-10-29,847,N,VIIRS,h,2,301.03,24.63,D,0
30.53582,74.59138,367,0.35,0.57,2023-10-29,847,N,VIIRS,h,2,300.51,24.08,D,0
30.53703,71.88872,332.01,0.49,0.48,2023-10-29,847,N,VIIRS,n,2,297.5,3.97,D,0
30.55326,73.58158,332.16,0.61,0.54,2023-10-29,847,N,VIIRS,n,2,298.47,4.46,D,0
30.557,74.18641,330.89,0.33,0.55,2023-10-29,847,N,VIIRS,n,2,296.7,2.28,D,0
30.55762,75.08758,334.76,0.38,0.58,2023-10-29,847,N,VIIRS,n,2,295.28,4.39,D,0
30.55777,75.31703,350.07,0.39,0.59,2023-10-29,847,N,VIIRS,n,2,295.82,5.15,D,0
30.5633,75.31655,330.37,0.39,0.59,2023-10-29,847,N,VIIRS,n,2,294.58,3.25,D,0
30.56363,72.02687,330.52,0.5,0.49,2023-10-29,847,N,VIIRS,n,2,297.81,1.83,D,0
30.5643,75.40868,338.99,0.39,0.6,2023-10-29,847,N,VIIRS,n,2,294.81,4.37,D,0
30.56558,72.04784,345.51,0.5,0.49,2023-10-29,847,N,VIIRS,n,2,298.89,8.44,D,0
30.56614,73.85344,335.25,0.64,0.54,2023-10-29,847,N,VIIRS,n,2,297.74,7.58,D,0
30.56793,75.30367,343.22,0.39,0.59,2023-10-29,847,N,VIIRS,n,2,295.05,3.96,D,0
30.58064,73.90481,335.18,0.32,0.55,2023-10-29,847,N,VIIRS,n,2,297.31,2.28,D,0
30.58171,75.49629,331.5,0.4,0.6,2023-10-29,847,N,VIIRS,n,2,294.39,2.05,D,0
30.58729,75.26469,367,0.39,0.59,2023-10-29,847,N,VIIRS,h,2,296.82,11.07,D,0
30.58734,75.26502,355.04,0.39,0.59,2023-10-29,847,N,VIIRS,n,2,296.15,9.53,D,0
30.5928,75.26421,331.9,0.39,0.59,2023-10-29,847,N,VIIRS,n,2,294.38,2.71,D,0
30.59921,75.35101,331.12,0.39,0.59,2023-10-29,847,N,VIIRS,n,2,295.56,4.1,D,0
30.60075,70.84091,333.2,0.42,0.46,2023-10-29,847,N,VIIRS,n,2,299.1,1.67,D,0
30.60828,73.63947,343.92,0.62,0.54,2023-10-29,847,N,VIIRS,n,2,298.38,10.99,D,0
30.61512,74.73559,341.27,0.36,0.57,2023-10-29,847,N,VIIRS,n,2,295.98,4.65,D,0
30.61855,75.48094,347.99,0.4,0.6,2023-10-29,847,N,VIIRS,n,2,295.48,6.24,D,0
30.62101,75.43388,330.86,0.4,0.6,2023-10-29,847,N,VIIRS,n,2,295.63,2.55,D,0
30.62657,72.3052,341.64,0.51,0.5,2023-10-29,847,N,VIIRS,n,2,299.1,10.54,D,0
30.62708,72.31065,341.01,0.52,0.5,2023-10-29,847,N,VIIRS,n,2,298.31,10.54,D,0
30.63351,73.95263,341.54,0.32,0.55,2023-10-29,847,N,VIIRS,n,2,296.38,4.64,D,0
30.63426,75.38196,334.22,0.39,0.6,2023-10-29,847,N,VIIRS,n,2,295.09,3.3,D,0
30.63681,71.63284,336.55,0.47,0.48,2023-10-29,847,N,VIIRS,n,2,299.18,10.71,D,0
30.63814,74.01109,333.96,0.33,0.55,2023-10-29,847,N,VIIRS,n,2,296.76,2.24,D,0
30.64002,75.46627,329.9,0.4,0.6,2023-10-29,847,N,VIIRS,n,2,294.55,3.58,D,0
30.64774,73.51081,346.37,0.61,0.53,2023-10-29,847,N,VIIRS,n,2,299.23,7.36,D,0
30.64845,73.50941,341.14,0.61,0.53,2023-10-29,847,N,VIIRS,n,2,299.52,11.45,D,0
30.66138,73.85371,336.11,0.32,0.54,2023-10-29,847,N,VIIRS,n,2,296.92,4.14,D,0
30.66259,74.46533,347.56,0.35,0.56,2023-10-29,847,N,VIIRS,n,2,296.55,5.23,D,0
30.67393,74.61814,331.49,0.35,0.57,2023-10-29,847,N,VIIRS,n,2,296.06,2.07,D,0
30.68189,74.23682,331.72,0.34,0.56,2023-10-29,847,N,VIIRS,n,2,296.55,2.72,D,0
30.68759,73.92297,333.11,0.32,0.55,2023-10-29,847,N,VIIRS,n,2,297.21,2.15,D,0
30.69176,74.36292,331.04,0.34,0.56,2023-10-29,847,N,VIIRS,n,2,296.08,1.34,D,0
30.69185,73.97438,343.2,0.32,0.55,2023-10-29,847,N,VIIRS,n,2,297.42,3.51,D,0
30.69459,73.97326,367,0.32,0.55,2023-10-29,847,N,VIIRS,h,2,297.94,7,D,0
30.69471,74.46962,345.24,0.35,0.56,2023-10-29,847,N,VIIRS,n,2,296.39,3.92,D,0
30.69695,73.97387,340.31,0.32,0.55,2023-10-29,847,N,VIIRS,n,2,296.15,3.51,D,0
30.69914,73.87717,333.07,0.32,0.55,2023-10-29,847,N,VIIRS,n,2,296.15,1.99,D,0
30.71157,73.60748,333.98,0.62,0.54,2023-10-29,847,N,VIIRS,n,2,298.94,4.78,D,0
30.72878,74.77806,352.74,0.36,0.58,2023-10-29,847,N,VIIRS,n,2,296.76,7,D,0
30.73137,74.46949,333.69,0.35,0.57,2023-10-29,847,N,VIIRS,n,2,296.41,2.39,D,0
30.73183,74.46979,337.75,0.35,0.56,2023-10-29,847,N,VIIRS,n,2,296.7,2.92,D,0
30.73442,74.30402,334.74,0.34,0.56,2023-10-29,847,N,VIIRS,n,2,296.26,3.13,D,0
30.73503,74.30341,332.43,0.34,0.56,2023-10-29,847,N,VIIRS,n,2,295.76,3.06,D,0
30.73558,74.58577,348.69,0.35,0.57,2023-10-29,847,N,VIIRS,n,2,296.8,4.3,D,0
30.73588,74.58952,334.74,0.35,0.57,2023-10-29,847,N,VIIRS,n,2,295.96,4.3,D,0
30.73668,75.34723,333.34,0.39,0.59,2023-10-29,847,N,VIIRS,n,2,296.08,2.34,D,0
30.73821,74.61964,350.41,0.35,0.57,2023-10-29,847,N,VIIRS,n,2,296.84,3.93,D,0
30.74096,74.7964,339.19,0.36,0.58,2023-10-29,847,N,VIIRS,n,2,295.62,3.43,D,0
30.74208,74.61906,331.5,0.35,0.57,2023-10-29,847,N,VIIRS,n,2,295.38,2.2,D,0
30.74475,74.8468,337.76,0.37,0.58,2023-10-29,847,N,VIIRS,n,2,295.93,2.61,D,0
30.74825,74.48277,338.19,0.35,0.57,2023-10-29,847,N,VIIRS,n,2,297.09,3.72,D,0
30.74852,74.48648,332.5,0.35,0.57,2023-10-29,847,N,VIIRS,n,2,296.46,4.02,D,0
30.74854,74.61491,343.28,0.35,0.57,2023-10-29,847,N,VIIRS,n,2,296.68,3.41,D,0
30.7488,74.48309,346.41,0.35,0.57,2023-10-29,847,N,VIIRS,n,2,297.16,4.93,D,0
30.74889,71.78532,340.59,0.48,0.48,2023-10-29,847,N,VIIRS,n,2,299.32,6.65,D,0
30.7491,74.48681,335.64,0.35,0.57,2023-10-29,847,N,VIIRS,n,2,296.5,5.12,D,0
30.75244,74.61428,354.73,0.35,0.57,2023-10-29,847,N,VIIRS,n,2,297,6.13,D,0
30.75266,74.66785,345.43,0.36,0.57,2023-10-29,847,N,VIIRS,n,2,296.96,4.79,D,0
30.75385,74.61441,332.64,0.35,0.57,2023-10-29,847,N,VIIRS,n,2,295,2.34,D,0
30.7539,75.27454,344.15,0.39,0.59,2023-10-29,847,N,VIIRS,n,2,295.59,4.45,D,0
30.7553,74.36356,367,0.34,0.56,2023-10-29,847,N,VIIRS,h,2,302.48,19.58,D,0
30.75596,74.66354,333.17,0.36,0.57,2023-10-29,847,N,VIIRS,n,2,296.05,4.16,D,0
30.75606,74.44476,353.93,0.35,0.56,2023-10-29,847,N,VIIRS,n,2,297.53,7.73,D,0
30.75623,74.66736,346.88,0.36,0.57,2023-10-29,847,N,VIIRS,n,2,296.59,6.56,D,0
30.75633,74.44844,341.05,0.35,0.56,2023-10-29,847,N,VIIRS,n,2,295.45,8.19,D,0
30.76254,74.83353,340.49,0.37,0.58,2023-10-29,847,N,VIIRS,n,2,295.9,2.97,D,0
30.76379,74.47752,340.13,0.35,0.57,2023-10-29,847,N,VIIRS,n,2,296.67,5.15,D,0
30.76476,74.89624,334.48,0.37,0.58,2023-10-29,847,N,VIIRS,n,2,296.19,3.47,D,0
30.76521,74.35523,329.71,0.34,0.56,2023-10-29,847,N,VIIRS,n,2,296.01,2.16,D,0
30.76525,75.27773,344.91,0.39,0.59,2023-10-29,847,N,VIIRS,n,2,294.94,3.85,D,0
30.76572,74.76689,367,0.36,0.57,2023-10-29,847,N,VIIRS,h,2,296.92,11.09,D,0
30.76688,74.89609,335.61,0.37,0.58,2023-10-29,847,N,VIIRS,n,2,295.66,3.93,D,0
30.76865,74.76656,367,0.36,0.58,2023-10-29,847,N,VIIRS,h,2,296.86,11.2,D,0
30.78043,74.48714,331.85,0.35,0.57,2023-10-29,847,N,VIIRS,n,2,296.35,1.4,D,0
30.78152,75.04644,337.01,0.38,0.58,2023-10-29,847,N,VIIRS,n,2,295.05,2.62,D,0
30.78181,74.50571,333.01,0.35,0.57,2023-10-29,847,N,VIIRS,n,2,295.65,1.74,D,0
30.78261,73.85384,336.12,0.32,0.55,2023-10-29,847,N,VIIRS,n,2,295.98,3.46,D,0
30.78269,75.0466,335.26,0.38,0.58,2023-10-29,847,N,VIIRS,n,2,294.85,2.9,D,0
30.78705,74.43431,367,0.35,0.56,2023-10-29,847,N,VIIRS,h,2,296.3,8.71,D,0
30.78733,74.438,346.76,0.35,0.56,2023-10-29,847,N,VIIRS,n,2,296.35,10.24,D,0
30.78793,74.51637,339.31,0.35,0.57,2023-10-29,847,N,VIIRS,n,2,295.87,3.98,D,0
30.788,74.3091,338.73,0.34,0.56,2023-10-29,847,N,VIIRS,n,2,295.54,2.43,D,0
30.78821,74.5201,335.09,0.35,0.57,2023-10-29,847,N,VIIRS,n,2,296.67,6.25,D,0
30.79765,74.50418,330.61,0.35,0.57,2023-10-29,847,N,VIIRS,n,2,296,1.92,D,0
30.80041,74.33346,330.15,0.34,0.56,2023-10-29,847,N,VIIRS,n,2,295.06,2.46,D,0
30.80604,74.54475,340.49,0.35,0.57,2023-10-29,847,N,VIIRS,n,2,296.14,4.55,D,0
30.80633,74.5485,335.41,0.35,0.57,2023-10-29,847,N,VIIRS,n,2,295.42,5.55,D,0
30.80677,74.34751,334.63,0.34,0.56,2023-10-29,847,N,VIIRS,n,2,295.54,3.07,D,0
30.80918,73.80508,336.21,0.63,0.54,2023-10-29,847,N,VIIRS,n,2,295.86,4.01,D,0
30.81104,74.40231,352.19,0.34,0.56,2023-10-29,847,N,VIIRS,n,2,297.45,4.74,D,0
30.81235,74.48779,350.86,0.35,0.57,2023-10-29,847,N,VIIRS,n,2,296.63,5.29,D,0
30.81377,74.50639,330.27,0.35,0.57,2023-10-29,847,N,VIIRS,n,2,295.77,1.54,D,0
30.82422,74.57328,346.12,0.35,0.57,2023-10-29,847,N,VIIRS,n,2,296.15,10.52,D,0
30.8245,74.57704,367,0.35,0.57,2023-10-29,847,N,VIIRS,h,2,300.08,20.11,D,0
30.82496,73.96524,331.37,0.32,0.55,2023-10-29,847,N,VIIRS,n,2,296.32,2.66,D,0
30.83199,74.46723,337.04,0.35,0.57,2023-10-29,847,N,VIIRS,n,2,295.5,3.12,D,0
30.83721,74.53425,330.56,0.35,0.57,2023-10-29,847,N,VIIRS,n,2,296.01,1.37,D,0
30.83932,71.81216,330.34,0.49,0.48,2023-10-29,847,N,VIIRS,n,2,299.08,10.27,D,0
30.8411,74.72491,331.24,0.36,0.57,2023-10-29,847,N,VIIRS,n,2,295.93,2.05,D,0
30.84158,74.59061,334.83,0.35,0.57,2023-10-29,847,N,VIIRS,n,2,295.03,5.32,D,0
30.84187,74.5944,367,0.35,0.57,2023-10-29,847,N,VIIRS,h,2,297.21,5.32,D,0
30.8438,71.81159,345.21,0.49,0.48,2023-10-29,847,N,VIIRS,n,2,299.1,10.27,D,0
30.84521,74.59296,367,0.35,0.57,2023-10-29,847,N,VIIRS,h,2,296.36,11.47,D,0
30.84805,74.96429,333.59,0.37,0.58,2023-10-29,847,N,VIIRS,n,2,294.99,2.88,D,0
30.8487,75.04879,351.97,0.38,0.58,2023-10-29,847,N,VIIRS,n,2,295.85,6.86,D,0
30.85124,74.38235,367,0.34,0.56,2023-10-29,847,N,VIIRS,h,2,297.39,9.88,D,0
30.85422,74.42284,337.16,0.35,0.56,2023-10-29,847,N,VIIRS,n,2,296.29,2.49,D,0
30.85728,73.98286,367,0.33,0.55,2023-10-29,847,N,VIIRS,h,2,298.01,7.08,D,0
30.8576,73.8581,341.96,0.32,0.55,2023-10-29,847,N,VIIRS,n,2,295.18,4.84,D,0
30.85788,73.86152,340.22,0.32,0.55,2023-10-29,847,N,VIIRS,n,2,295.31,4.84,D,0
30.85867,74.536,334.85,0.35,0.57,2023-10-29,847,N,VIIRS,n,2,296.1,2.99,D,0
30.86282,74.39602,367,0.34,0.56,2023-10-29,847,N,VIIRS,h,2,297.98,6.8,D,0
30.86309,74.3997,331.08,0.34,0.56,2023-10-29,847,N,VIIRS,n,2,295.97,7.07,D,0
30.86672,74.59469,338.43,0.35,0.57,2023-10-29,847,N,VIIRS,n,2,295.21,3.17,D,0
30.86836,74.61743,333.19,0.36,0.57,2023-10-29,847,N,VIIRS,n,2,295.84,2.3,D,0
30.87608,74.43186,346.81,0.35,0.56,2023-10-29,847,N,VIIRS,n,2,296.74,5.02,D,0
30.87912,74.40186,348.48,0.35,0.56,2023-10-29,847,N,VIIRS,n,2,296.89,3.79,D,0
30.88309,71.84314,334.49,0.49,0.48,2023-10-29,847,N,VIIRS,n,2,298.63,3.8,D,0
30.8845,75.01329,340.09,0.38,0.58,2023-10-29,847,N,VIIRS,n,2,295.95,3.52,D,0
30.8848,75.0173,333.79,0.38,0.58,2023-10-29,847,N,VIIRS,n,2,296.22,5.06,D,0
30.88519,75.01248,340.26,0.38,0.58,2023-10-29,847,N,VIIRS,n,2,295.97,4.84,D,0
30.88546,75.01651,344.52,0.38,0.58,2023-10-29,847,N,VIIRS,n,2,296.44,7.63,D,0
30.88604,74.9609,336.67,0.37,0.58,2023-10-29,847,N,VIIRS,n,2,295.4,4.22,D,0
30.88706,74.95997,343.49,0.37,0.58,2023-10-29,847,N,VIIRS,n,2,296.11,4.16,D,0
30.88819,74.66924,367,0.36,0.57,2023-10-29,847,N,VIIRS,h,2,296.18,13.33,D,0
30.88874,74.6769,367,0.36,0.57,2023-10-29,847,N,VIIRS,h,2,297.28,9.27,D,0
30.88902,74.68073,353.63,0.36,0.57,2023-10-29,847,N,VIIRS,n,2,296.76,9.27,D,0
30.90294,74.43673,349.48,0.35,0.56,2023-10-29,847,N,VIIRS,n,2,295.78,5.2,D,0
30.9033,74.51167,336.93,0.35,0.57,2023-10-29,847,N,VIIRS,n,2,295.27,3.23,D,0
30.90358,74.51542,332.41,0.35,0.57,2023-10-29,847,N,VIIRS,n,2,295.4,4.72,D,0
30.91019,75.38757,330.74,0.4,0.6,2023-10-29,847,N,VIIRS,n,2,294.86,6.08,D,0
30.91162,75.38354,336,0.39,0.6,2023-10-29,847,N,VIIRS,n,2,295.23,4.17,D,0
30.91186,75.41301,334.39,0.4,0.6,2023-10-29,847,N,VIIRS,n,2,295.71,3.24,D,0
30.91192,75.38776,337.53,0.4,0.6,2023-10-29,847,N,VIIRS,n,2,294.31,6.03,D,0
30.9127,75.25651,337.1,0.39,0.59,2023-10-29,847,N,VIIRS,n,2,294.47,2.63,D,0
30.91358,75.25694,336.75,0.39,0.59,2023-10-29,847,N,VIIRS,n,2,294.78,2.45,D,0
30.91374,75.4132,333.81,0.4,0.6,2023-10-29,847,N,VIIRS,n,2,295.51,3.24,D,0
30.9141,75.03413,336.91,0.38,0.58,2023-10-29,847,N,VIIRS,n,2,295.76,2.15,D,0
30.93193,74.89998,367,0.37,0.58,2023-10-29,847,N,VIIRS,h,2,296.37,9.04,D,0
30.93221,74.90394,356.79,0.37,0.58,2023-10-29,847,N,VIIRS,n,2,296.03,9.04,D,0
30.93333,74.84433,367,0.37,0.58,2023-10-29,847,N,VIIRS,h,2,296.85,17.51,D,0
30.93563,75.02814,331.19,0.38,0.58,2023-10-29,847,N,VIIRS,n,2,295.59,5.87,D,0
30.93592,75.03217,367,0.38,0.58,2023-10-29,847,N,VIIRS,h,2,297.73,5.87,D,0
30.94137,75.03167,341.02,0.38,0.58,2023-10-29,847,N,VIIRS,n,2,294.87,7.58,D,0
30.94231,74.04901,367,0.33,0.55,2023-10-29,847,N,VIIRS,h,2,297.96,4.76,D,0
30.94643,74.87482,346.72,0.37,0.58,2023-10-29,847,N,VIIRS,n,2,295.91,4.45,D,0
30.94672,74.87876,341.54,0.37,0.58,2023-10-29,847,N,VIIRS,n,2,295.37,4.45,D,0
30.95186,70.73036,350.93,0.42,0.45,2023-10-29,847,N,VIIRS,n,2,300.64,8.2,D,0
30.95615,74.57482,331.53,0.35,0.57,2023-10-29,847,N,VIIRS,n,2,295.92,3.8,D,0
30.95644,74.57859,348.86,0.35,0.57,2023-10-29,847,N,VIIRS,n,2,297.48,6.55,D,0
30.95947,75.37058,367,0.39,0.6,2023-10-29,847,N,VIIRS,h,2,296.63,8.94,D,0
30.95975,75.37482,335.78,0.4,0.6,2023-10-29,847,N,VIIRS,n,2,294.62,9.8,D,0
30.9602,74.57604,355.81,0.35,0.57,2023-10-29,847,N,VIIRS,n,2,307.33,36.48,D,0
30.96047,74.57983,342.63,0.35,0.57,2023-10-29,847,N,VIIRS,n,2,296.3,23.93,D,0
30.96134,74.66798,335.32,0.36,0.57,2023-10-29,847,N,VIIRS,n,2,294.52,1.72,D,0
30.96146,74.57431,352.38,0.35,0.57,2023-10-29,847,N,VIIRS,n,2,299.11,22.04,D,0
30.96175,74.57809,367,0.35,0.57,2023-10-29,847,N,VIIRS,h,2,299.47,29.94,D,0
30.962,74.52653,350.29,0.35,0.57,2023-10-29,847,N,VIIRS,n,2,297.76,4.89,D,0
30.96322,74.52866,334.52,0.35,0.57,2023-10-29,847,N,VIIRS,n,2,296.45,4.86,D,0
30.96349,74.66988,329.97,0.36,0.57,2023-10-29,847,N,VIIRS,n,2,295.15,2.1,D,0
30.96438,75.44283,367,0.4,0.6,2023-10-29,847,N,VIIRS,h,2,295.21,12.76,D,0
30.96457,74.20425,340.8,0.34,0.56,2023-10-29,847,N,VIIRS,n,2,297.31,4.89,D,0
30.96565,74.72964,331.19,0.36,0.58,2023-10-29,847,N,VIIRS,n,2,295.06,3.01,D,0
30.96735,74.65025,332.28,0.36,0.57,2023-10-29,847,N,VIIRS,n,2,294.83,5.16,D,0
30.96764,74.65408,357.68,0.36,0.57,2023-10-29,847,N,VIIRS,l,2,296.42,9.6,D,0
30.96792,74.72763,347.79,0.36,0.57,2023-10-29,847,N,VIIRS,n,2,296.25,3.44,D,0
30.97145,74.77407,332.8,0.36,0.58,2023-10-29,847,N,VIIRS,n,2,295.7,1.71,D,0
30.97426,74.77571,332.5,0.36,0.58,2023-10-29,847,N,VIIRS,n,2,295.04,2.65,D,0
30.97477,74.55562,329.42,0.35,0.57,2023-10-29,847,N,VIIRS,n,2,295.19,4.79,D,0
30.979,74.68951,367,0.36,0.57,2023-10-29,847,N,VIIRS,h,2,296.74,6.7,D,0
30.97981,74.70105,354.61,0.36,0.57,2023-10-29,847,N,VIIRS,n,2,298.02,4.89,D,0
30.98132,74.87766,332.56,0.37,0.58,2023-10-29,847,N,VIIRS,n,2,295.47,2.1,D,0
30.98298,74.6698,337.33,0.36,0.57,2023-10-29,847,N,VIIRS,n,2,295.7,3.06,D,0
30.98486,74.8793,332.99,0.37,0.58,2023-10-29,847,N,VIIRS,n,2,295.52,2.47,D,0
30.98517,74.70055,330.91,0.36,0.57,2023-10-29,847,N,VIIRS,n,2,294.8,4.89,D,0
30.98627,74.71598,367,0.36,0.57,2023-10-29,847,N,VIIRS,h,2,297.57,11.21,D,0
30.98695,74.90698,353.77,0.37,0.58,2023-10-29,847,N,VIIRS,n,2,298.18,4.95,D,0
30.98892,74.90884,347.54,0.37,0.58,2023-10-29,847,N,VIIRS,n,2,296.38,7.56,D,0
30.99012,74.77031,331.2,0.36,0.58,2023-10-29,847,N,VIIRS,n,2,294.7,3.47,D,0
30.99559,74.69567,331.12,0.36,0.57,2023-10-29,847,N,VIIRS,n,2,294.98,2.54,D,0
31.00031,74.91579,349.05,0.37,0.58,2023-10-29,847,N,VIIRS,n,2,296.78,4.45,D,0
31.0071,75.491,335.47,0.4,0.6,2023-10-29,847,N,VIIRS,n,2,295.38,3.82,D,0
31.00881,74.72945,348.7,0.36,0.58,2023-10-29,847,N,VIIRS,n,2,296.45,7.69,D,0
31.01068,75.48935,341.95,0.4,0.6,2023-10-29,847,N,VIIRS,n,2,295.51,3.31,D,0
31.01693,75.41122,340.82,0.4,0.6,2023-10-29,847,N,VIIRS,n,2,295.54,3.36,D,0
31.01924,74.65094,336.16,0.36,0.57,2023-10-29,847,N,VIIRS,n,2,295.05,4.56,D,0
31.01953,75.03506,330.16,0.38,0.59,2023-10-29,847,N,VIIRS,n,2,294.22,2.31,D,0
31.02297,72.05164,333.46,0.5,0.49,2023-10-29,847,N,VIIRS,n,2,298.26,2.74,D,0
31.02575,74.81418,332.3,0.37,0.58,2023-10-29,847,N,VIIRS,n,2,295.16,2.9,D,0
31.0266,74.82594,367,0.37,0.58,2023-10-29,847,N,VIIRS,h,2,296.58,10.1,D,0
31.02774,74.7668,351.06,0.36,0.58,2023-10-29,847,N,VIIRS,n,2,295.79,5.55,D,0
31.02792,74.62318,341.81,0.36,0.57,2023-10-29,847,N,VIIRS,n,2,296.59,2.61,D,0
31.02802,74.77071,331.61,0.36,0.58,2023-10-29,847,N,VIIRS,n,2,294.61,5.55,D,0
31.0283,74.7746,354.2,0.36,0.58,2023-10-29,847,N,VIIRS,n,2,296.26,8.33,D,0
31.02837,75.32916,330.26,0.39,0.6,2023-10-29,847,N,VIIRS,n,2,294.32,2.81,D,0
31.03115,74.81367,331.74,0.37,0.58,2023-10-29,847,N,VIIRS,n,2,294.95,2.68,D,0
31.03152,74.12561,352.98,0.33,0.56,2023-10-29,847,N,VIIRS,n,2,298.56,4.04,D,0
31.03239,74.124,341.58,0.33,0.56,2023-10-29,847,N,VIIRS,n,2,296.87,3.26,D,0
31.03392,75.47148,342.7,0.4,0.6,2023-10-29,847,N,VIIRS,n,2,294.66,3.53,D,0
31.03648,74.73859,352.92,0.36,0.58,2023-10-29,847,N,VIIRS,n,2,296.08,5.03,D,0
31.0376,75.4697,335.88,0.4,0.6,2023-10-29,847,N,VIIRS,n,2,294.37,3.33,D,0
31.04112,74.95222,367,0.37,0.58,2023-10-29,847,N,VIIRS,h,2,299.84,15.97,D,0
31.04156,74.73423,350.76,0.36,0.58,2023-10-29,847,N,VIIRS,n,2,295.91,5.03,D,0
31.04185,74.7381,329.82,0.36,0.58,2023-10-29,847,N,VIIRS,n,2,294.46,5.03,D,0
31.04213,74.74198,330.3,0.36,0.58,2023-10-29,847,N,VIIRS,n,2,294.19,5.59,D,0
31.04721,74.73763,336.2,0.36,0.58,2023-10-29,847,N,VIIRS,n,2,294.33,3.61,D,0
31.0475,74.7415,331.57,0.36,0.58,2023-10-29,847,N,VIIRS,n,2,294.52,6.07,D,0
31.05367,75.20925,334.81,0.39,0.59,2023-10-29,847,N,VIIRS,n,2,295.13,2.83,D,0
31.05824,74.74051,333.18,0.36,0.58,2023-10-29,847,N,VIIRS,n,2,294.55,2.39,D,0
31.05853,74.74439,331.42,0.36,0.58,2023-10-29,847,N,VIIRS,n,2,294.66,2.39,D,0
31.06227,74.94225,341.99,0.37,0.58,2023-10-29,847,N,VIIRS,n,2,295.72,3.91,D,0
31.06467,75.28796,331.77,0.39,0.59,2023-10-29,847,N,VIIRS,n,2,294.79,1.75,D,0
31.06771,74.94176,335.84,0.37,0.58,2023-10-29,847,N,VIIRS,n,2,293.64,3.91,D,0
31.08418,75.01711,345.58,0.38,0.59,2023-10-29,847,N,VIIRS,n,2,296.21,5.96,D,0
31.08464,75.01642,340.9,0.38,0.59,2023-10-29,847,N,VIIRS,n,2,296.11,6.43,D,0
31.09003,74.94782,340.43,0.37,0.58,2023-10-29,847,N,VIIRS,n,2,296.2,3.08,D,0
31.09093,74.94696,349.55,0.37,0.58,2023-10-29,847,N,VIIRS,n,2,296.59,6.11,D,0
31.0912,74.95097,333.65,0.37,0.58,2023-10-29,847,N,VIIRS,n,2,295.71,7.22,D,0
31.09547,74.94733,338.63,0.37,0.58,2023-10-29,847,N,VIIRS,n,2,296.13,3.48,D,0
31.09701,74.89506,343.76,0.37,0.58,2023-10-29,847,N,VIIRS,n,2,295.9,6.34,D,0
31.1004,72.24741,341.91,0.52,0.5,2023-10-29,847,N,VIIRS,n,2,298.79,4.68,D,0
31.10265,75.04401,335.49,0.38,0.59,2023-10-29,847,N,VIIRS,n,2,294.99,1.84,D,0
31.11366,74.88072,344.83,0.37,0.58,2023-10-29,847,N,VIIRS,n,2,295.81,6.31,D,0
31.11394,74.8847,367,0.37,0.58,2023-10-29,847,N,VIIRS,h,2,296.74,11,D,0
31.12173,74.54417,350.7,0.35,0.57,2023-10-29,847,N,VIIRS,n,2,296.47,3.8,D,0
31.12296,75.09483,339.16,0.38,0.59,2023-10-29,847,N,VIIRS,n,2,295.06,3.69,D,0
31.12385,75.19007,343.31,0.39,0.59,2023-10-29,847,N,VIIRS,n,2,295.23,4.85,D,0
31.12704,74.54366,367,0.35,0.57,2023-10-29,847,N,VIIRS,h,2,296.64,9.41,D,0
31.12852,74.63575,367,0.36,0.57,2023-10-29,847,N,VIIRS,h,2,297.3,8.17,D,0
31.13562,74.73236,336.72,0.36,0.58,2023-10-29,847,N,VIIRS,n,2,294.07,2.6,D,0
31.13728,74.68147,333.02,0.36,0.57,2023-10-29,847,N,VIIRS,n,2,295.14,1.79,D,0
31.14055,75.35742,342.65,0.4,0.6,2023-10-29,847,N,VIIRS,n,2,296.39,3.29,D,0
31.14137,74.59204,331.34,0.36,0.57,2023-10-29,847,N,VIIRS,n,2,293.95,3.69,D,0
31.14166,74.59585,346.34,0.36,0.57,2023-10-29,847,N,VIIRS,n,2,294.87,3.69,D,0
31.14773,75.2972,337.56,0.39,0.6,2023-10-29,847,N,VIIRS,n,2,296.08,2.26,D,0
31.14813,74.61063,335.26,0.36,0.57,2023-10-29,847,N,VIIRS,n,2,294.24,3.63,D,0
31.14828,74.68436,367,0.36,0.57,2023-10-29,847,N,VIIRS,h,2,296.71,8.12,D,0
31.14856,74.68822,354.92,0.36,0.57,2023-10-29,847,N,VIIRS,n,2,296.15,8.12,D,0
31.15909,74.56323,341.68,0.36,0.57,2023-10-29,847,N,VIIRS,n,2,294.95,3.11,D,0
31.16064,74.56342,333.34,0.35,0.57,2023-10-29,847,N,VIIRS,n,2,294.78,2.4,D,0
31.1627,74.88026,343.41,0.37,0.58,2023-10-29,847,N,VIIRS,n,2,294.99,5.33,D,0
31.16678,74.52052,339.89,0.35,0.57,2023-10-29,847,N,VIIRS,n,2,294.93,5.57,D,0
31.16805,74.52078,340.62,0.35,0.57,2023-10-29,847,N,VIIRS,n,2,294.61,5.48,D,0
31.17165,74.66639,333.2,0.36,0.57,2023-10-29,847,N,VIIRS,n,2,295.22,2.72,D,0
31.17208,74.52001,367,0.35,0.57,2023-10-29,847,N,VIIRS,h,2,296.33,5.57,D,0
31.17335,74.5203,356.63,0.35,0.57,2023-10-29,847,N,VIIRS,n,2,296.58,5.48,D,0
31.17354,74.87928,367,0.37,0.58,2023-10-29,847,N,VIIRS,h,2,295.98,7.96,D,0
31.17387,74.66643,347.69,0.36,0.57,2023-10-29,847,N,VIIRS,n,2,295.73,5.48,D,0
31.177,74.66589,332.68,0.36,0.57,2023-10-29,847,N,VIIRS,n,2,294.08,2.19,D,0
31.18479,74.70024,334.83,0.36,0.58,2023-10-29,847,N,VIIRS,n,2,294.55,1.96,D,0
31.18511,74.96254,346.55,0.38,0.58,2023-10-29,847,N,VIIRS,n,2,295.28,3.28,D,0
31.18638,74.96255,349.88,0.38,0.58,2023-10-29,847,N,VIIRS,n,2,295.9,3.86,D,0
31.18724,74.70022,333.99,0.36,0.58,2023-10-29,847,N,VIIRS,n,2,294.82,2.47,D,0
31.18977,75.18015,347.31,0.39,0.59,2023-10-29,847,N,VIIRS,n,2,296.01,6.63,D,0
31.19042,74.7036,338.58,0.36,0.58,2023-10-29,847,N,VIIRS,n,2,295.15,3.33,D,0
31.20334,74.73362,367,0.36,0.58,2023-10-29,847,N,VIIRS,h,2,296.84,13.16,D,0
31.20467,74.60118,367,0.36,0.57,2023-10-29,847,N,VIIRS,h,2,295.5,9.09,D,0
31.20494,74.60501,367,0.36,0.57,2023-10-29,847,N,VIIRS,h,2,295.14,9.09,D,0
31.20811,74.87997,335.84,0.37,0.58,2023-10-29,847,N,VIIRS,n,2,294.94,3.55,D,0
31.21417,74.96813,336.89,0.38,0.58,2023-10-29,847,N,VIIRS,n,2,294.35,4.59,D,0
31.21444,74.97218,342.56,0.38,0.58,2023-10-29,847,N,VIIRS,n,2,294.81,6.26,D,0
31.21619,74.83932,340.53,0.37,0.58,2023-10-29,847,N,VIIRS,n,2,294.87,2.2,D,0
31.21645,74.61549,338.61,0.36,0.57,2023-10-29,847,N,VIIRS,n,2,294.18,3.46,D,0
31.22072,74.9838,354.33,0.38,0.58,2023-10-29,847,N,VIIRS,n,2,295.43,3.48,D,0
31.22294,75.01624,336,0.38,0.59,2023-10-29,847,N,VIIRS,n,2,294.71,4.66,D,0
31.22433,75.03658,336.65,0.38,0.59,2023-10-29,847,N,VIIRS,n,2,295.27,4.39,D,0
31.22451,74.95908,329.74,0.38,0.58,2023-10-29,847,N,VIIRS,n,2,294.78,2.72,D,0
31.22479,74.96311,329.49,0.38,0.58,2023-10-29,847,N,VIIRS,n,2,293.9,3.99,D,0
31.22578,75.29484,338.91,0.39,0.6,2023-10-29,847,N,VIIRS,n,2,296.51,5.18,D,0
31.22618,74.98331,331.79,0.38,0.58,2023-10-29,847,N,VIIRS,n,2,294.69,3.48,D,0
31.22628,74.67668,329.52,0.36,0.57,2023-10-29,847,N,VIIRS,n,2,294.21,3.89,D,0
31.2302,75.29064,355.24,0.39,0.6,2023-10-29,847,N,VIIRS,n,2,297.13,7.61,D,0
31.23048,75.29486,337.52,0.39,0.6,2023-10-29,847,N,VIIRS,n,2,295.02,8.52,D,0
31.23104,75.29014,334.7,0.39,0.6,2023-10-29,847,N,VIIRS,n,2,295.36,6.1,D,0
31.23134,75.29435,336.02,0.39,0.6,2023-10-29,847,N,VIIRS,n,2,295.41,5.18,D,0
31.23299,73.52553,335.45,0.62,0.54,2023-10-29,847,N,VIIRS,n,2,297.97,5.79,D,0
31.23574,75.20582,348.62,0.39,0.59,2023-10-29,847,N,VIIRS,n,2,296.32,3.98,D,0
31.24149,74.66356,334.51,0.36,0.57,2023-10-29,847,N,VIIRS,n,2,294.36,4.04,D,0
31.24177,74.66743,334.03,0.36,0.57,2023-10-29,847,N,VIIRS,n,2,294.36,5.16,D,0
31.24361,74.54759,351.38,0.35,0.57,2023-10-29,847,N,VIIRS,n,2,295.89,7.35,D,0
31.2439,74.55141,350.85,0.36,0.57,2023-10-29,847,N,VIIRS,n,2,295.53,11.44,D,0
31.24857,74.98943,356.59,0.38,0.59,2023-10-29,847,N,VIIRS,n,2,296.76,6.2,D,0
31.25027,75.01377,329.22,0.38,0.59,2023-10-29,847,N,VIIRS,n,2,295.02,4,D,0
31.25546,75.00922,367,0.38,0.59,2023-10-29,847,N,VIIRS,h,2,297.23,16.25,D,0
31.26035,74.9235,367,0.37,0.58,2023-10-29,847,N,VIIRS,h,2,296.71,6.74,D,0
31.26375,75.12816,350.21,0.38,0.59,2023-10-29,847,N,VIIRS,n,2,296.45,4.39,D,0
31.26434,74.90296,336.71,0.37,0.58,2023-10-29,847,N,VIIRS,n,2,294.74,3.45,D,0
31.26782,75.02858,338.4,0.38,0.59,2023-10-29,847,N,VIIRS,n,2,295.47,3.1,D,0
31.27128,74.62974,336.86,0.36,0.57,2023-10-29,847,N,VIIRS,n,2,294.82,2.63,D,0
31.27559,75.21913,367,0.39,0.59,2023-10-29,847,N,VIIRS,h,2,297.41,9.59,D,0
31.27588,75.22333,336.12,0.39,0.59,2023-10-29,847,N,VIIRS,n,2,295.44,9.78,D,0
31.27983,74.7138,331.19,0.36,0.58,2023-10-29,847,N,VIIRS,n,2,295.42,3.19,D,0
31.28091,74.72942,338.57,0.36,0.58,2023-10-29,847,N,VIIRS,n,2,294.32,4.56,D,0
31.28112,75.21864,344.32,0.39,0.59,2023-10-29,847,N,VIIRS,n,2,295.27,5.37,D,0
31.28374,73.84166,342.38,0.32,0.55,2023-10-29,847,N,VIIRS,n,2,297.29,2.12,D,0
31.28396,74.72617,334.71,0.36,0.58,2023-10-29,847,N,VIIRS,n,2,294.76,2.89,D,0
31.28425,74.73009,333.73,0.36,0.58,2023-10-29,847,N,VIIRS,n,2,294.17,2.89,D,0
31.29506,74.62256,341.56,0.36,0.57,2023-10-29,847,N,VIIRS,n,2,294.84,6.8,D,0
31.30204,74.64522,341.02,0.36,0.57,2023-10-29,847,N,VIIRS,n,2,294.7,5.89,D,0
31.30697,74.7152,329.86,0.36,0.58,2023-10-29,847,N,VIIRS,n,2,294.34,6.48,D,0
31.31152,74.70301,335.79,0.36,0.58,2023-10-29,847,N,VIIRS,n,2,294.71,2.99,D,0
31.31689,74.70251,345.5,0.36,0.58,2023-10-29,847,N,VIIRS,n,2,294.54,6.84,D,0
31.31717,74.70641,367,0.36,0.58,2023-10-29,847,N,VIIRS,h,2,295.09,11.52,D,0
31.31728,72.51968,331.65,0.54,0.51,2023-10-29,847,N,VIIRS,n,2,298.34,3.47,D,0
31.33076,73.91388,332.14,0.33,0.55,2023-10-29,847,N,VIIRS,n,2,297.33,2.78,D,0
31.33332,73.94535,338.49,0.33,0.55,2023-10-29,847,N,VIIRS,n,2,298.68,2.94,D,0
31.33404,75.19256,340.38,0.39,0.59,2023-10-29,847,N,VIIRS,n,2,296.37,3.24,D,0
31.33567,73.94607,348.96,0.33,0.55,2023-10-29,847,N,VIIRS,n,2,299.08,5.42,D,0
31.33846,73.94485,333.44,0.33,0.55,2023-10-29,847,N,VIIRS,n,2,295.82,2.94,D,0
31.33951,75.10832,336.55,0.38,0.59,2023-10-29,847,N,VIIRS,n,2,295.77,2.83,D,0
31.34741,74.67615,335.08,0.36,0.58,2023-10-29,847,N,VIIRS,n,2,294.52,2.58,D,0
31.34992,74.63686,342.63,0.36,0.57,2023-10-29,847,N,VIIRS,n,2,294.42,7.11,D,0
31.35018,74.94296,329.38,0.38,0.58,2023-10-29,847,N,VIIRS,n,2,295.3,2.21,D,0
31.35452,74.77402,367,0.37,0.58,2023-10-29,847,N,VIIRS,h,2,297.35,13.17,D,0
31.35562,74.94247,367,0.38,0.58,2023-10-29,847,N,VIIRS,h,2,296.27,13.67,D,0
31.35591,74.71853,337.81,0.36,0.58,2023-10-29,847,N,VIIRS,n,2,294.63,2.41,D,0
31.35679,73.31557,334.47,0.6,0.53,2023-10-29,847,N,VIIRS,n,2,297.73,6.49,D,0
31.35926,75.2367,349.55,0.39,0.59,2023-10-29,847,N,VIIRS,n,2,296.73,3.58,D,0
31.36502,75.07696,331.72,0.38,0.59,2023-10-29,847,N,VIIRS,n,2,295.76,2.42,D,0
31.36611,74.56565,329.51,0.36,0.57,2023-10-29,847,N,VIIRS,n,2,294.99,2.77,D,0
31.36901,74.60402,332.45,0.36,0.57,2023-10-29,847,N,VIIRS,n,2,294.57,6.04,D,0
31.37084,74.5824,344.53,0.36,0.57,2023-10-29,847,N,VIIRS,n,2,295.28,3.11,D,0
31.37407,74.74451,344.72,0.37,0.58,2023-10-29,847,N,VIIRS,n,2,294.4,3.43,D,0
31.37747,73.81898,351.29,0.32,0.55,2023-10-29,847,N,VIIRS,n,2,297.2,3.63,D,0
31.37889,75.03854,330.54,0.38,0.59,2023-10-29,847,N,VIIRS,n,2,295.03,2.53,D,0
31.38103,74.83936,337.6,0.37,0.58,2023-10-29,847,N,VIIRS,n,2,294.81,3.19,D,0
31.38498,74.70991,335.42,0.36,0.58,2023-10-29,847,N,VIIRS,n,2,294.93,3.68,D,0
31.3854,74.8993,330.02,0.37,0.58,2023-10-29,847,N,VIIRS,n,2,294.82,2.5,D,0
31.38718,74.77501,329.62,0.37,0.58,2023-10-29,847,N,VIIRS,n,2,294.68,1.42,D,0
31.39044,75.04578,334.46,0.38,0.59,2023-10-29,847,N,VIIRS,n,2,295.16,2.14,D,0
31.39066,74.97194,367,0.38,0.59,2023-10-29,847,N,VIIRS,h,2,296.82,8.43,D,0
31.39682,74.80401,334.01,0.37,0.58,2023-10-29,847,N,VIIRS,n,2,294.58,3.4,D,0
31.40255,72.41144,341.6,0.53,0.5,2023-10-29,847,N,VIIRS,n,2,299.34,6.5,D,0
31.40506,72.41486,334.68,0.53,0.5,2023-10-29,847,N,VIIRS,n,2,298.59,9.93,D,0
31.40512,75.01983,335.53,0.38,0.59,2023-10-29,847,N,VIIRS,n,2,295.53,3.43,D,0
31.40541,75.0239,335.93,0.38,0.59,2023-10-29,847,N,VIIRS,n,2,295.47,3.43,D,0
31.40555,72.42054,335.89,0.53,0.5,2023-10-29,847,N,VIIRS,n,2,299,4.99,D,0
31.40592,75.02209,352.95,0.38,0.59,2023-10-29,847,N,VIIRS,n,2,296.37,6.61,D,0
31.40763,74.97865,332.24,0.38,0.59,2023-10-29,847,N,VIIRS,n,2,295.19,5.42,D,0
31.40776,72.41656,339.87,0.53,0.5,2023-10-29,847,N,VIIRS,n,2,299.03,9.77,D,0
31.4087,74.9808,333.15,0.38,0.59,2023-10-29,847,N,VIIRS,n,2,295.7,2.93,D,0
31.41044,75.09372,355.54,0.38,0.59,2023-10-29,847,N,VIIRS,n,2,297.28,6.15,D,0
31.41074,75.09785,334.57,0.38,0.59,2023-10-29,847,N,VIIRS,n,2,295.62,6.15,D,0
31.41078,75.09613,367,0.38,0.59,2023-10-29,847,N,VIIRS,h,2,297.69,9.82,D,0
31.4193,73.89173,341.9,0.33,0.55,2023-10-29,847,N,VIIRS,n,2,297.12,4.09,D,0
31.42473,75.1383,338.31,0.39,0.59,2023-10-29,847,N,VIIRS,n,2,297.53,4.12,D,0
31.44104,73.67791,340.16,0.63,0.54,2023-10-29,847,N,VIIRS,n,2,297.93,12.22,D,0
31.44919,75.00994,329.81,0.38,0.59,2023-10-29,847,N,VIIRS,n,2,296.68,2.12,D,0
31.45118,74.80299,329.87,0.37,0.58,2023-10-29,847,N,VIIRS,n,2,295.56,4.17,D,0
31.4512,74.72742,351.14,0.37,0.58,2023-10-29,847,N,VIIRS,n,2,295.78,6.75,D,0
31.45552,74.00373,329.72,0.33,0.55,2023-10-29,847,N,VIIRS,n,2,296.95,1.7,D,0
31.45683,74.88285,340.81,0.37,0.58,2023-10-29,847,N,VIIRS,n,2,295.88,4.73,D,0
31.45855,74.67944,329.96,0.36,0.58,2023-10-29,847,N,VIIRS,n,2,294.65,1.45,D,0
31.46055,74.85829,329.96,0.37,0.58,2023-10-29,847,N,VIIRS,n,2,295.26,2.79,D,0
31.46212,75.03768,352.01,0.38,0.59,2023-10-29,847,N,VIIRS,n,2,297.04,4.16,D,0
31.47187,73.87776,349.07,0.33,0.55,2023-10-29,847,N,VIIRS,n,2,298.86,3.23,D,0
31.47425,74.82091,350.78,0.37,0.58,2023-10-29,847,N,VIIRS,n,2,296.8,9.1,D,0
31.47451,72.24162,339.24,0.52,0.5,2023-10-29,847,N,VIIRS,n,2,297.95,6.14,D,0
31.47913,73.83841,331.32,0.32,0.55,2023-10-29,847,N,VIIRS,n,2,296.17,2.54,D,0
31.48149,74.69704,367,0.36,0.58,2023-10-29,847,N,VIIRS,h,2,298.53,9.72,D,0
31.48352,74.69604,367,0.36,0.58,2023-10-29,847,N,VIIRS,h,2,296.45,9.58,D,0
31.48529,72.3082,330.54,0.53,0.5,2023-10-29,847,N,VIIRS,n,2,297.8,3.26,D,0
31.48789,72.28519,343.66,0.53,0.5,2023-10-29,847,N,VIIRS,n,2,299.17,10.44,D,0
31.49153,75.22343,367,0.39,0.59,2023-10-29,847,N,VIIRS,h,2,298.07,13.26,D,0
31.49165,74.68824,333.91,0.36,0.58,2023-10-29,847,N,VIIRS,n,2,297.28,2.28,D,0
31.49228,70.85023,341.15,0.44,0.46,2023-10-29,847,N,VIIRS,n,2,301.95,8.46,D,0
31.49794,75.23563,338.63,0.39,0.59,2023-10-29,847,N,VIIRS,n,2,296.37,5.82,D,0
31.50154,74.72205,333.32,0.37,0.58,2023-10-29,847,N,VIIRS,n,2,295.62,1.99,D,0
31.50335,70.61749,338.34,0.42,0.45,2023-10-29,847,N,VIIRS,n,2,302.02,2.54,D,0
31.50515,75.42476,335.36,0.4,0.6,2023-10-29,847,N,VIIRS,n,2,296.93,10.15,D,0
31.50544,75.42909,367,0.4,0.6,2023-10-29,847,N,VIIRS,h,2,302.03,24.3,D,0
31.50693,74.80123,345.02,0.37,0.58,2023-10-29,847,N,VIIRS,n,2,297.45,4.05,D,0
31.50697,75.3681,342.11,0.4,0.6,2023-10-29,847,N,VIIRS,n,2,296.57,3.43,D,0
31.51005,73.96969,332.11,0.33,0.55,2023-10-29,847,N,VIIRS,n,2,296.13,2.48,D,0
31.51013,72.32234,332.21,0.53,0.5,2023-10-29,847,N,VIIRS,n,2,298.17,3.52,D,0
31.51098,74.80161,351.94,0.37,0.58,2023-10-29,847,N,VIIRS,n,2,297.63,6.59,D,0
31.51224,74.64229,367,0.36,0.58,2023-10-29,847,N,VIIRS,h,2,297.38,10.87,D,0
31.51235,74.80074,332.73,0.37,0.58,2023-10-29,847,N,VIIRS,n,2,296.06,2.97,D,0
31.51253,72.3251,331.39,0.53,0.5,2023-10-29,847,N,VIIRS,n,2,298.2,5.5,D,0
31.51379,70.937,330.57,0.44,0.46,2023-10-29,847,N,VIIRS,n,2,299.23,4.99,D,0
31.51706,74.634,330.83,0.36,0.57,2023-10-29,847,N,VIIRS,n,2,294.8,8.3,D,0
31.51721,74.95412,332.53,0.38,0.59,2023-10-29,847,N,VIIRS,n,2,295.08,2.13,D,0
31.51735,72.29874,332.05,0.53,0.5,2023-10-29,847,N,VIIRS,n,2,296.41,5.6,D,0
31.51941,72.29581,334.44,0.53,0.5,2023-10-29,847,N,VIIRS,n,2,295.99,4.85,D,0
31.52785,75.0313,342.51,0.38,0.59,2023-10-29,847,N,VIIRS,n,2,296.68,4.06,D,0
31.52795,75.03185,343.1,0.38,0.59,2023-10-29,847,N,VIIRS,n,2,296.74,2.56,D,0
31.53058,75.07265,336.63,0.38,0.59,2023-10-29,847,N,VIIRS,n,2,296.88,3.02,D,0
31.53094,75.07311,338.24,0.38,0.59,2023-10-29,847,N,VIIRS,n,2,297.06,2.84,D,0
31.53605,72.27111,340.96,0.53,0.5,2023-10-29,847,N,VIIRS,n,2,299.7,13.47,D,0
31.53787,74.85472,333.33,0.37,0.58,2023-10-29,847,N,VIIRS,n,2,296.99,4.18,D,0
31.5384,72.19194,340.07,0.52,0.5,2023-10-29,847,N,VIIRS,n,2,298.64,12.79,D,0
31.54566,74.8097,367,0.37,0.58,2023-10-29,847,N,VIIRS,h,2,297.81,5.49,D,0
31.54777,74.05217,342.43,0.33,0.56,2023-10-29,847,N,VIIRS,n,2,297.07,4.04,D,0
31.54906,74.05138,335.19,0.33,0.56,2023-10-29,847,N,VIIRS,n,2,296.36,4.28,D,0
31.57495,74.68764,333.11,0.36,0.58,2023-10-29,847,N,VIIRS,n,2,295.88,2.92,D,0
31.57611,75.01052,331.16,0.38,0.59,2023-10-29,847,N,VIIRS,n,2,296.78,1.96,D,0
31.57829,75.12274,352.35,0.39,0.59,2023-10-29,847,N,VIIRS,n,2,297.52,6.41,D,0
31.59181,75.23999,332.33,0.39,0.6,2023-10-29,847,N,VIIRS,n,2,296,1.88,D,0
31.59209,74.62708,336.09,0.36,0.57,2023-10-29,847,N,VIIRS,n,2,295.5,2.21,D,0
31.59501,74.62673,339.36,0.36,0.58,2023-10-29,847,N,VIIRS,n,2,295.85,3.08,D,0
31.59698,75.31673,330.15,0.4,0.6,2023-10-29,847,N,VIIRS,n,2,296,2.67,D,0
31.59903,72.34348,340.46,0.53,0.5,2023-10-29,847,N,VIIRS,n,2,297.41,10.91,D,0
31.60316,75.49554,347.42,0.41,0.6,2023-10-29,847,N,VIIRS,n,2,298.15,4.34,D,0
31.60387,72.83488,344.16,0.57,0.52,2023-10-29,847,N,VIIRS,n,2,298.55,9.96,D,0
31.60837,72.34239,332.13,0.53,0.5,2023-10-29,847,N,VIIRS,n,2,296.78,3.51,D,0
31.62252,74.55777,335.07,0.36,0.57,2023-10-29,847,N,VIIRS,n,2,296.51,2.78,D,0
31.63669,74.68196,332.32,0.36,0.58,2023-10-29,847,N,VIIRS,n,2,296.3,1.72,D,0
31.64401,75.19777,331.05,0.39,0.59,2023-10-29,847,N,VIIRS,n,2,297.14,2.35,D,0
31.64434,72.34914,340.65,0.53,0.5,2023-10-29,847,N,VIIRS,n,2,297.37,9.65,D,0
31.64469,75.19721,335.85,0.39,0.59,2023-10-29,847,N,VIIRS,n,2,297.2,2.43,D,0
31.65107,72.2116,332.59,0.52,0.5,2023-10-29,847,N,VIIRS,n,2,297.53,3.2,D,0
31.65311,75.31632,335.28,0.4,0.6,2023-10-29,847,N,VIIRS,n,2,296.1,2.67,D,0
31.65885,75.39835,367,0.4,0.6,2023-10-29,847,N,VIIRS,h,2,299.54,9.76,D,0
31.66248,75.39877,349.03,0.4,0.6,2023-10-29,847,N,VIIRS,n,2,296.93,12.27,D,0
31.66649,72.22672,337.75,0.52,0.5,2023-10-29,847,N,VIIRS,n,2,298.02,5.24,D,0
31.67651,75.26757,330.87,0.4,0.6,2023-10-29,847,N,VIIRS,n,2,296.32,2.59,D,0
31.67679,75.27184,330.85,0.4,0.6,2023-10-29,847,N,VIIRS,n,2,295.88,2.59,D,0
31.68641,72.9432,331.89,0.58,0.52,2023-10-29,847,N,VIIRS,n,2,296.9,5.68,D,0
31.6896,72.94293,341.01,0.58,0.52,2023-10-29,847,N,VIIRS,n,2,297.73,5.39,D,0
31.69294,75.26186,336.89,0.4,0.6,2023-10-29,847,N,VIIRS,n,2,296.93,2.48,D,0
31.72451,73.88187,332.49,0.33,0.55,2023-10-29,847,N,VIIRS,n,2,295.66,1.95,D,0
31.7297,75.07619,340.18,0.39,0.59,2023-10-29,847,N,VIIRS,n,2,297.89,4.58,D,0
31.73033,75.07642,352.96,0.39,0.59,2023-10-29,847,N,VIIRS,n,2,298.71,5.68,D,0
31.73223,75.26281,332.31,0.4,0.6,2023-10-29,847,N,VIIRS,n,2,297.94,2.61,D,0
31.73521,75.0757,348.96,0.39,0.59,2023-10-29,847,N,VIIRS,n,2,297.26,4.58,D,0
31.73584,75.07594,335.46,0.39,0.59,2023-10-29,847,N,VIIRS,n,2,297.04,3.25,D,0
31.75061,75.14177,330.71,0.39,0.59,2023-10-29,847,N,VIIRS,n,2,297.01,3.25,D,0
31.75062,74.36048,332.43,0.35,0.57,2023-10-29,847,N,VIIRS,n,2,295.26,1.69,D,0
31.75198,74.59967,329.88,0.36,0.58,2023-10-29,847,N,VIIRS,n,2,295.19,3.07,D,0
31.75225,74.60356,334.9,0.36,0.58,2023-10-29,847,N,VIIRS,n,2,296.08,4.58,D,0
31.75463,73.25496,346.11,0.6,0.53,2023-10-29,847,N,VIIRS,n,2,297.14,8.07,D,0
31.76092,74.72555,342.03,0.37,0.58,2023-10-29,847,N,VIIRS,n,2,296.21,3.74,D,0
31.76346,74.9197,342.1,0.38,0.59,2023-10-29,847,N,VIIRS,n,2,298.35,3.1,D,0
31.76352,74.04698,330.28,0.34,0.56,2023-10-29,847,N,VIIRS,n,2,295.43,1.71,D,0
31.77251,74.81296,337.9,0.37,0.58,2023-10-29,847,N,VIIRS,n,2,296.43,2.81,D,0
31.79015,74.98744,339.78,0.38,0.59,2023-10-29,847,N,VIIRS,n,2,296.87,3.89,D,0
31.79458,74.5919,334.09,0.36,0.57,2023-10-29,847,N,VIIRS,n,2,295.68,2.51,D,0
31.79787,74.71033,341.58,0.37,0.58,2023-10-29,847,N,VIIRS,n,2,295.58,6.11,D,0
31.81902,72.99565,335.59,0.58,0.52,2023-10-29,847,N,VIIRS,n,2,296.9,10.25,D,0
31.82315,75.14394,331.67,0.39,0.59,2023-10-29,847,N,VIIRS,n,2,296.89,4.41,D,0
31.82339,73.10972,336.8,0.59,0.53,2023-10-29,847,N,VIIRS,n,2,296.56,6.5,D,0
31.82363,73.66953,329.73,0.32,0.55,2023-10-29,847,N,VIIRS,n,2,295.88,1.67,D,0
31.82737,74.63443,331.53,0.36,0.58,2023-10-29,847,N,VIIRS,n,2,295.69,1.25,D,0
31.82794,75.14222,341.22,0.39,0.59,2023-10-29,847,N,VIIRS,n,2,296.71,3.39,D,0
31.8283,73.10919,344.25,0.59,0.53,2023-10-29,847,N,VIIRS,n,2,296.86,12.7,D,0
31.83171,74.69755,331.13,0.37,0.58,2023-10-29,847,N,VIIRS,n,2,296.16,2,D,0
31.83595,74.02307,333.57,0.34,0.56,2023-10-29,847,N,VIIRS,n,2,295.43,2.7,D,0
31.83623,74.02667,338.15,0.34,0.56,2023-10-29,847,N,VIIRS,n,2,295.71,2.7,D,0
31.84115,75.00237,331.62,0.38,0.59,2023-10-29,847,N,VIIRS,n,2,296.35,2.74,D,0
31.84946,73.86345,337.7,0.33,0.55,2023-10-29,847,N,VIIRS,n,2,295.73,2.95,D,0
31.85101,73.86195,339.3,0.33,0.55,2023-10-29,847,N,VIIRS,n,2,295.46,3.67,D,0
31.86092,73.45406,330.26,0.62,0.54,2023-10-29,847,N,VIIRS,n,2,295.26,6.54,D,0
31.88012,73.63453,335.56,0.32,0.54,2023-10-29,847,N,VIIRS,n,2,295.68,2.42,D,0
31.88039,73.63795,330.08,0.32,0.54,2023-10-29,847,N,VIIRS,n,2,295.52,2.42,D,0
31.88319,73.23282,330.44,0.6,0.53,2023-10-29,847,N,VIIRS,n,2,296.5,5.56,D,0
31.88863,73.812,338.91,0.33,0.55,2023-10-29,847,N,VIIRS,n,2,296.34,2.71,D,0
31.92135,74.32615,338.37,0.35,0.57,2023-10-29,847,N,VIIRS,n,2,296.47,4.44,D,0
31.93673,75.12002,350.37,0.39,0.59,2023-10-29,847,N,VIIRS,n,2,297.34,5.18,D,0
31.93787,75.12003,348.86,0.39,0.59,2023-10-29,847,N,VIIRS,n,2,297.89,5.84,D,0
31.93994,73.56723,339.65,0.63,0.54,2023-10-29,847,N,VIIRS,n,2,296.5,4.07,D,0
31.94224,74.17724,335.09,0.34,0.56,2023-10-29,847,N,VIIRS,n,2,295.61,1.85,D,0
31.94752,74.77905,330.84,0.37,0.58,2023-10-29,847,N,VIIRS,n,2,296.01,2.75,D,0
31.94808,75.12328,340.71,0.39,0.59,2023-10-29,847,N,VIIRS,n,2,297.38,3.95,D,0
31.94888,74.8809,337.35,0.38,0.59,2023-10-29,847,N,VIIRS,n,2,296.19,4.49,D,0
31.94924,75.12331,339.79,0.39,0.59,2023-10-29,847,N,VIIRS,n,2,297.53,3.32,D,0
31.95215,74.84781,331.02,0.38,0.58,2023-10-29,847,N,VIIRS,n,2,296.42,1.76,D,0
31.95269,74.93833,332.05,0.38,0.59,2023-10-29,847,N,VIIRS,n,2,297.01,2.85,D,0
31.95295,74.77856,344.29,0.37,0.58,2023-10-29,847,N,VIIRS,n,2,295.4,4.48,D,0
31.95516,74.89267,341.7,0.38,0.59,2023-10-29,847,N,VIIRS,n,2,296.88,5.43,D,0
31.95768,75.18645,335.77,0.39,0.6,2023-10-29,847,N,VIIRS,n,2,297.37,2.69,D,0
31.96388,74.85904,355.54,0.38,0.58,2023-10-29,847,N,VIIRS,n,2,297.81,5.6,D,0
31.96709,73.52337,355.33,0.63,0.54,2023-10-29,847,N,VIIRS,n,2,298.05,17.6,D,0
31.96934,74.85855,367,0.38,0.58,2023-10-29,847,N,VIIRS,h,2,297.26,4.85,D,0
31.96962,74.86263,330.09,0.38,0.58,2023-10-29,847,N,VIIRS,n,2,296.55,4.85,D,0
31.9755,75.11666,330.47,0.39,0.59,2023-10-29,847,N,VIIRS,n,2,296.97,4.99,D,0
31.97794,75.2407,342.74,0.4,0.6,2023-10-29,847,N,VIIRS,n,2,297.73,2.97,D,0
31.9857,74.85709,330,0.38,0.58,2023-10-29,847,N,VIIRS,n,2,296.23,2.85,D,0
31.99145,74.86069,329.58,0.38,0.58,2023-10-29,847,N,VIIRS,n,2,296.37,2.24,D,0
31.99176,73.51398,331.75,0.63,0.54,2023-10-29,847,N,VIIRS,n,2,296.4,6.51,D,0
32.00459,73.23823,330.01,0.6,0.53,2023-10-29,847,N,VIIRS,n,2,296.05,4.15,D,0
32.03098,73.37961,340.49,0.62,0.54,2023-10-29,847,N,VIIRS,n,2,296.72,10.21,D,0
32.03149,73.38628,340.08,0.62,0.54,2023-10-29,847,N,VIIRS,n,2,296.46,10.21,D,0
32.03159,73.38142,343.2,0.62,0.54,2023-10-29,847,N,VIIRS,n,2,297.39,9.06,D,0
32.03409,75.15861,348.73,0.39,0.6,2023-10-29,847,N,VIIRS,n,2,297.59,4.18,D,0
32.0365,73.88922,338.51,0.33,0.55,2023-10-29,847,N,VIIRS,n,2,296.65,3.4,D,0
32.03698,73.6976,343.91,0.32,0.55,2023-10-29,847,N,VIIRS,n,2,297.08,2.56,D,0
32.04207,73.69708,331.63,0.32,0.55,2023-10-29,847,N,VIIRS,n,2,295.63,1.65,D,0
32.04663,73.45213,339.28,0.62,0.54,2023-10-29,847,N,VIIRS,n,2,296.05,6.84,D,0
32.04773,73.45384,338.44,0.62,0.54,2023-10-29,847,N,VIIRS,n,2,296.19,5.93,D,0
32.04794,74.95905,329.8,0.38,0.59,2023-10-29,847,N,VIIRS,n,2,295.28,1.54,D,0
32.04831,75.22263,332.89,0.4,0.6,2023-10-29,847,N,VIIRS,n,2,297.21,3.96,D,0
32.05472,73.76463,338.21,0.33,0.55,2023-10-29,847,N,VIIRS,n,2,295.34,1.8,D,0
32.06134,75.22943,338.4,0.4,0.6,2023-10-29,847,N,VIIRS,n,2,297.4,4.62,D,0
32.06271,73.8744,331.23,0.33,0.55,2023-10-29,847,N,VIIRS,n,2,296.3,2.03,D,0
32.06887,73.34879,336.34,0.62,0.54,2023-10-29,847,N,VIIRS,n,2,296.52,8.52,D,0
32.07472,75.42545,332.44,0.41,0.6,2023-10-29,847,N,VIIRS,n,2,298.46,3.6,D,0
32.07749,75.42174,329.04,0.41,0.6,2023-10-29,847,N,VIIRS,n,2,298.31,3.91,D,0
32.07948,75.27205,337.74,0.4,0.6,2023-10-29,847,N,VIIRS,n,2,297.68,3.35,D,0
32.12291,73.84685,343.31,0.33,0.55,2023-10-29,847,N,VIIRS,n,2,296.46,3.44,D,0
32.12709,72.37073,333.08,0.54,0.51,2023-10-29,847,N,VIIRS,n,2,296.95,4.91,D,0
32.13599,73.50316,336.13,0.63,0.54,2023-10-29,847,N,VIIRS,n,2,296.5,5.62,D,0
32.13698,73.50401,334.51,0.63,0.54,2023-10-29,847,N,VIIRS,n,2,296.56,5.67,D,0
32.14643,73.81589,329.53,0.33,0.55,2023-10-29,847,N,VIIRS,n,2,296.73,1.68,D,0
32.15866,73.83973,367,0.33,0.55,2023-10-29,847,N,VIIRS,h,2,297.27,8.37,D,0
32.15894,73.84328,350.79,0.33,0.55,2023-10-29,847,N,VIIRS,n,2,296.2,10.18,D,0
32.2299,73.48654,334.1,0.63,0.54,2023-10-29,847,N,VIIRS,n,2,295.56,5.77,D,0
32.27665,73.86335,332.19,0.33,0.55,2023-10-29,847,N,VIIRS,n,2,295.8,4.42,D,0
32.27794,73.86355,367,0.33,0.55,2023-10-29,847,N,VIIRS,h,2,298.58,4.95,D,0
32.28181,73.86285,367,0.33,0.55,2023-10-29,847,N,VIIRS,h,2,297.45,4.42,D,0
32.2831,73.86304,345.17,0.33,0.55,2023-10-29,847,N,VIIRS,n,2,296.01,4.95,D,0
32.32649,73.55067,332.09,0.32,0.54,2023-10-29,847,N,VIIRS,n,2,295.45,3.02,D,0
32.37067,73.91981,344.01,0.33,0.56,2023-10-29,847,N,VIIRS,n,2,295.77,4.06,D,0
32.49366,74.75582,329.34,0.38,0.58,2023-10-29,847,N,VIIRS,n,2,296.56,2.03,D,0
32.59417,74.3027,331.82,0.35,0.57,2023-10-29,847,N,VIIRS,n,2,297.06,3.64,D,0
32.69705,74.49367,328.02,0.36,0.58,2023-10-29,847,N,VIIRS,n,2,297.42,1.16,D,0
30.85824,74.82776,309.21,0.4,0.44,2023-10-29,2110,N,VIIRS,n,2,289.68,2.48,N,0
30.86223,74.82886,329.57,0.4,0.44,2023-10-29,2110,N,VIIRS,n,2,290.85,2.48,N,0
30.90613,71.86549,303.77,0.44,0.38,2023-10-29,2110,N,VIIRS,n,2,290.24,0.61,N,0
30.90961,71.86634,302.65,0.44,0.38,2023-10-29,2110,N,VIIRS,n,2,290.51,0.61,N,0
30.91309,71.86719,301.44,0.44,0.38,2023-10-29,2110,N,VIIRS,n,2,290.74,0.55,N,0
31.63373,74.4307,305.47,0.55,0.43,2023-10-29,2110,N,VIIRS,n,2,290.24,0.97,N,0
31.65233,74.17503,308.66,0.53,0.42,2023-10-29,2110,N,VIIRS,n,2,290.98,1.5,N,0
32.04632,75.30874,303.65,0.4,0.44,2023-10-29,2110,N,VIIRS,n,2,288.33,0.61,N,0
32.04679,75.30963,302.88,0.4,0.44,2023-10-29,2110,N,VIIRS,n,2,288.09,0.73,N,0
32.29095,70.74104,305.19,0.4,0.37,2023-10-29,2110,N,VIIRS,n,2,292.96,0.49,N,2
32.57353,72.56709,302.71,0.44,0.38,2023-10-29,2110,N,VIIRS,n,2,291.9,0.57,N,2
32.71959,72.92357,298.78,0.45,0.39,2023-10-29,2110,N,VIIRS,n,2,288.33,0.74,N,2
32.88951,71.61639,310.76,0.41,0.37,2023-10-29,2110,N,VIIRS,n,2,292.88,1.25,N,2
33.26342,71.32522,310.04,0.4,0.37,2023-10-29,2110,N,VIIRS,n,2,290.97,1.28,N,0
33.55174,71.55086,302.05,0.4,0.37,2023-10-29,2110,N,VIIRS,n,2,290.3,0.59,N,0
33.80365,69.995,300.77,0.38,0.36,2023-10-29,2110,N,VIIRS,n,2,282.45,0.55,N,0
33.80694,69.99575,300.09,0.38,0.36,2023-10-29,2110,N,VIIRS,n,2,282.57,0.55,N,0
33.8163,72.72131,301.23,0.43,0.38,2023-10-29,2110,N,VIIRS,n,2,290.22,0.81,N,0
33.85032,72.87309,304.37,0.44,0.38,2023-10-29,2110,N,VIIRS,n,2,289.92,1.14,N,0
28.42605,69.70065,307.73,0.4,0.37,2023-10-29,2111,N,VIIRS,n,2,293.19,0.89,N,2
29.71671,70.42931,298.71,0.4,0.37,2023-10-29,2111,N,VIIRS,n,2,287.5,0.48,N,0
29.91049,74.95235,307.34,0.42,0.45,2023-10-29,2111,N,VIIRS,n,2,291.48,1,N,2
29.97288,70.55299,331.08,0.41,0.37,2023-10-29,2111,N,VIIRS,n,2,290.94,2.16,N,0
27.7902,69.32063,330.54,0.39,0.36,2023-10-30,827,N,VIIRS,n,2,304.38,1.34,D,0
27.97583,69.58154,338.44,0.38,0.36,2023-10-30,827,N,VIIRS,n,2,303.04,2.74,D,0
28.93775,73.38654,332.61,0.47,0.4,2023-10-30,827,N,VIIRS,n,2,295.65,2.29,D,0
29.45815,75.47535,342.73,0.4,0.45,2023-10-30,827,N,VIIRS,n,2,299.87,3.92,D,0
29.46231,70.42463,331.34,0.39,0.36,2023-10-30,827,N,VIIRS,n,2,300.87,1.43,D,0
29.467,73.86578,335.95,0.5,0.41,2023-10-30,827,N,VIIRS,n,2,302.22,5.53,D,0
29.50839,75.37943,342.49,0.4,0.44,2023-10-30,827,N,VIIRS,n,2,301.07,4.13,D,0
29.51305,75.26954,349.82,0.4,0.44,2023-10-30,827,N,VIIRS,n,2,301.58,6.18,D,0
29.54723,74.47881,337.6,0.54,0.42,2023-10-30,827,N,VIIRS,n,2,297.34,9.33,D,0
29.54807,75.39932,345.3,0.4,0.44,2023-10-30,827,N,VIIRS,n,2,301.16,5.91,D,0
29.55634,74.5231,334.17,0.54,0.42,2023-10-30,827,N,VIIRS,n,2,297.63,2.92,D,0
29.55999,74.28566,335.28,0.53,0.42,2023-10-30,827,N,VIIRS,n,2,298.68,4.28,D,0
29.64214,75.24356,342.73,0.4,0.44,2023-10-30,827,N,VIIRS,n,2,301.78,7.04,D,0
29.654,75.31322,330.52,0.4,0.44,2023-10-30,827,N,VIIRS,n,2,298.11,5.02,D,0
29.66577,75.20281,340.42,0.39,0.44,2023-10-30,827,N,VIIRS,n,2,300.69,2.35,D,0
29.69094,75.40171,332.16,0.4,0.45,2023-10-30,827,N,VIIRS,n,2,298.63,8.27,D,0
29.69506,75.40115,347.19,0.4,0.45,2023-10-30,827,N,VIIRS,n,2,299.82,8.27,D,0
29.70052,75.41321,334.42,0.4,0.45,2023-10-30,827,N,VIIRS,n,2,299.48,2.64,D,0
29.70492,75.29787,343.33,0.4,0.44,2023-10-30,827,N,VIIRS,n,2,299.58,3.95,D,0
29.72363,75.203,334.64,0.39,0.44,2023-10-30,827,N,VIIRS,n,2,298.86,3.71,D,0
29.74362,75.04469,337.79,0.39,0.44,2023-10-30,827,N,VIIRS,n,2,300.6,3.55,D,0
29.76684,75.33155,349.43,0.4,0.44,2023-10-30,827,N,VIIRS,n,2,300.57,7.99,D,0
29.76869,75.34828,341.48,0.4,0.44,2023-10-30,827,N,VIIRS,n,2,300.07,4.18,D,0
29.78798,75.22901,340.52,0.4,0.44,2023-10-30,827,N,VIIRS,n,2,300.26,5.57,D,0
29.78803,75.34732,337.29,0.4,0.44,2023-10-30,827,N,VIIRS,n,2,298.83,1.9,D,0
29.78817,75.30908,330.99,0.4,0.44,2023-10-30,827,N,VIIRS,n,2,299.14,2.76,D,0
29.79682,75.31212,341.29,0.4,0.44,2023-10-30,827,N,VIIRS,n,2,300.86,29.34,D,0
29.81709,75.15389,330.33,0.39,0.44,2023-10-30,827,N,VIIRS,n,2,299.1,4.04,D,0
29.82271,75.35954,340.75,0.4,0.44,2023-10-30,827,N,VIIRS,n,2,300.3,8.37,D,0
29.82288,75.24511,342.73,0.4,0.44,2023-10-30,827,N,VIIRS,n,2,300.92,13.8,D,0
29.82434,75.45381,337.18,0.41,0.45,2023-10-30,827,N,VIIRS,n,2,297.84,3.69,D,0
29.83064,75.16447,337.52,0.39,0.44,2023-10-30,827,N,VIIRS,n,2,299.85,2.92,D,0
29.8338,75.15569,338.47,0.39,0.44,2023-10-30,827,N,VIIRS,n,2,299.32,5.04,D,0
29.84038,75.48625,343.09,0.41,0.45,2023-10-30,827,N,VIIRS,n,2,299.76,7.47,D,0
29.84643,75.42487,340.92,0.41,0.45,2023-10-30,827,N,VIIRS,n,2,299.78,3.84,D,0
29.85102,75.42854,351.52,0.41,0.45,2023-10-30,827,N,VIIRS,n,2,300.54,6.53,D,0
29.85334,75.37239,341.63,0.4,0.45,2023-10-30,827,N,VIIRS,n,2,300.89,4.35,D,0
29.85515,75.42797,336.98,0.41,0.45,2023-10-30,827,N,VIIRS,n,2,299.15,6.53,D,0
29.86045,74.98714,334.25,0.39,0.44,2023-10-30,827,N,VIIRS,n,2,299.5,1.82,D,0
29.86801,75.43051,331.22,0.41,0.45,2023-10-30,827,N,VIIRS,n,2,298.48,2.07,D,0
29.86889,75.36168,341.19,0.4,0.44,2023-10-30,827,N,VIIRS,n,2,299.66,3.94,D,0
29.87027,75.37432,353.76,0.4,0.45,2023-10-30,827,N,VIIRS,n,2,303.4,21.48,D,0
29.87936,74.93559,345.15,0.38,0.43,2023-10-30,827,N,VIIRS,n,2,299.96,8.81,D,0
29.90894,75.365,341.17,0.4,0.45,2023-10-30,827,N,VIIRS,n,2,300.42,4.3,D,0
29.91696,75.44142,336.52,0.41,0.45,2023-10-30,827,N,VIIRS,n,2,299.18,3.22,D,0
29.91729,74.98312,332.39,0.39,0.44,2023-10-30,827,N,VIIRS,n,2,299.32,4.71,D,0
29.91774,74.98713,342.14,0.39,0.44,2023-10-30,827,N,VIIRS,n,2,302.28,4.71,D,0
29.92961,75.32364,355.12,0.4,0.44,2023-10-30,827,N,VIIRS,n,2,300.5,9.8,D,0
29.94044,75.42521,340.25,0.41,0.45,2023-10-30,827,N,VIIRS,n,2,300.12,6.44,D,0
29.94557,75.35562,330.01,0.4,0.45,2023-10-30,827,N,VIIRS,n,2,298.63,2.92,D,0
29.95699,75.42292,342.21,0.41,0.45,2023-10-30,827,N,VIIRS,n,2,301.8,8.78,D,0
29.9593,75.2897,331.51,0.4,0.44,2023-10-30,827,N,VIIRS,n,2,299.6,3.55,D,0
29.96418,75.14581,343.25,0.39,0.44,2023-10-30,827,N,VIIRS,n,2,300.17,4.7,D,0
29.97156,75.14108,330.23,0.39,0.44,2023-10-30,827,N,VIIRS,n,2,298.37,3.2,D,0
29.97573,74.98737,340.96,0.39,0.44,2023-10-30,827,N,VIIRS,n,2,300.13,8.39,D,0
29.99092,75.28594,351.24,0.4,0.44,2023-10-30,827,N,VIIRS,n,2,300.46,6.68,D,0
29.9931,75.18832,341.43,0.4,0.44,2023-10-30,827,N,VIIRS,n,2,300.51,5.38,D,0
29.99718,75.18776,342.31,0.4,0.44,2023-10-30,827,N,VIIRS,n,2,301.03,6.97,D,0
30.00251,75.35703,339.65,0.41,0.45,2023-10-30,827,N,VIIRS,n,2,299.08,7.97,D,0
30.00292,75.2418,340.52,0.4,0.44,2023-10-30,827,N,VIIRS,n,2,300.19,3.92,D,0
30.00657,75.23705,343.65,0.4,0.44,2023-10-30,827,N,VIIRS,n,2,299.17,3.92,D,0
30.00661,75.47774,340.38,0.41,0.45,2023-10-30,827,N,VIIRS,n,2,300.37,6.52,D,0
30.00705,75.48204,339.94,0.41,0.45,2023-10-30,827,N,VIIRS,n,2,298.73,6.52,D,0
30.00953,75.48086,341.46,0.41,0.45,2023-10-30,827,N,VIIRS,n,2,300.95,14.65,D,0
30.0209,75.33301,347.43,0.4,0.45,2023-10-30,827,N,VIIRS,n,2,298.96,5,D,0
30.02233,75.46685,338.02,0.41,0.45,2023-10-30,827,N,VIIRS,n,2,298.82,4.1,D,0
30.02681,75.34935,340.32,0.4,0.45,2023-10-30,827,N,VIIRS,n,2,299.94,2.31,D,0
30.03153,75.4743,331.31,0.41,0.45,2023-10-30,827,N,VIIRS,n,2,298.94,3.26,D,0
30.04881,74.98107,331.64,0.39,0.44,2023-10-30,827,N,VIIRS,n,2,297.33,2.58,D,0
30.05159,75.07979,350.63,0.39,0.44,2023-10-30,827,N,VIIRS,n,2,300.17,11.96,D,0
30.05369,74.95171,340.74,0.39,0.44,2023-10-30,827,N,VIIRS,n,2,299.75,4.08,D,0
30.0557,75.26837,342.73,0.4,0.44,2023-10-30,827,N,VIIRS,n,2,301.29,7.77,D,0
30.07125,75.37333,354.42,0.41,0.45,2023-10-30,827,N,VIIRS,n,2,300.27,11.56,D,0
29.4873,70.39542,332.98,0.39,0.36,2023-10-30,828,N,VIIRS,n,2,301.9,2.55,D,0
29.49467,70.42284,333.19,0.39,0.36,2023-10-30,828,N,VIIRS,n,2,303.24,5.05,D,0
29.49525,70.42685,339.07,0.39,0.36,2023-10-30,828,N,VIIRS,n,2,305.18,9.69,D,0
29.55506,70.39084,331.86,0.39,0.36,2023-10-30,828,N,VIIRS,n,2,300.46,1.79,D,0
29.63638,70.41715,332.41,0.39,0.36,2023-10-30,828,N,VIIRS,n,2,303.7,1.94,D,0
29.68553,71.72367,330.13,0.42,0.37,2023-10-30,828,N,VIIRS,l,2,303.33,2.67,D,0
29.77637,70.78711,335.93,0.4,0.37,2023-10-30,828,N,VIIRS,n,2,304.85,6.24,D,0
29.82825,70.86156,350.9,0.4,0.37,2023-10-30,828,N,VIIRS,n,2,306.19,6.51,D,0
29.83598,69.90671,333.22,0.39,0.36,2023-10-30,828,N,VIIRS,n,2,300.83,2.91,D,0
29.83657,69.91068,347.7,0.39,0.36,2023-10-30,828,N,VIIRS,n,2,302.74,10.82,D,0
29.83716,69.91467,344.98,0.39,0.36,2023-10-30,828,N,VIIRS,n,2,304,10.82,D,0
29.83906,69.91039,338.27,0.39,0.36,2023-10-30,828,N,VIIRS,n,2,301.53,5.26,D,0
29.83965,69.91438,346.76,0.39,0.36,2023-10-30,828,N,VIIRS,n,2,300.72,5.26,D,0
29.89434,72.21884,336.86,0.43,0.38,2023-10-30,828,N,VIIRS,n,2,299.97,2.83,D,0
29.89786,72.21823,330.86,0.43,0.38,2023-10-30,828,N,VIIRS,n,2,300.66,2.67,D,0
29.91907,72.93704,341.1,0.46,0.39,2023-10-30,828,N,VIIRS,n,2,301.17,6.44,D,0
29.92143,72.89763,345.06,0.46,0.39,2023-10-30,828,N,VIIRS,n,2,302.07,4.9,D,0
29.92204,72.9024,330.81,0.46,0.39,2023-10-30,828,N,VIIRS,n,2,300.25,3.57,D,0
29.92238,72.89942,351.53,0.46,0.39,2023-10-30,828,N,VIIRS,n,2,301.79,8.15,D,0
29.9326,72.43006,334.05,0.44,0.38,2023-10-30,828,N,VIIRS,n,2,300.45,4,D,0
29.93672,72.60365,334.62,0.45,0.39,2023-10-30,828,N,VIIRS,n,2,299.85,4.02,D,0
29.94577,72.93954,336.16,0.46,0.39,2023-10-30,828,N,VIIRS,n,2,301.67,7.39,D,0
29.9515,72.43623,347.3,0.44,0.38,2023-10-30,828,N,VIIRS,n,2,301.48,5.65,D,0
29.95179,71.81256,335.61,0.42,0.38,2023-10-30,828,N,VIIRS,n,2,300.33,2.79,D,0
29.96346,72.55656,334.49,0.45,0.39,2023-10-30,828,N,VIIRS,n,2,299.74,2.93,D,0
29.96699,72.11669,347.05,0.43,0.38,2023-10-30,828,N,VIIRS,n,2,302.29,7.48,D,0
30.02795,71.39494,337.68,0.41,0.37,2023-10-30,828,N,VIIRS,n,2,302.74,3.75,D,0
30.05394,74.95161,340.53,0.39,0.44,2023-10-30,828,N,VIIRS,n,2,299.88,4.34,D,0
30.07479,72.53062,335.02,0.45,0.39,2023-10-30,828,N,VIIRS,n,2,301.8,2.57,D,0
30.11284,73.69225,333.84,0.5,0.41,2023-10-30,828,N,VIIRS,n,2,298.55,4.46,D,0
30.12332,73.3957,333.94,0.49,0.4,2023-10-30,828,N,VIIRS,n,2,299.03,2.71,D,0
30.14847,75.4938,338.82,0.41,0.45,2023-10-30,828,N,VIIRS,n,2,299,3.79,D,0
30.14962,75.38451,331.9,0.41,0.45,2023-10-30,828,N,VIIRS,n,2,298.16,2.7,D,0
30.15376,75.38393,333.66,0.41,0.45,2023-10-30,828,N,VIIRS,n,2,299.02,2.7,D,0
30.15524,75.01539,336.39,0.39,0.44,2023-10-30,828,N,VIIRS,n,2,294.38,3.19,D,0
30.15984,75.20738,337.54,0.4,0.44,2023-10-30,828,N,VIIRS,n,2,298.73,3.73,D,0
30.16713,75.27445,338.52,0.4,0.44,2023-10-30,828,N,VIIRS,n,2,295.76,3.2,D,0
30.17124,75.27387,340.48,0.4,0.44,2023-10-30,828,N,VIIRS,n,2,295.74,4.17,D,0
30.17681,74.19627,335.78,0.53,0.42,2023-10-30,828,N,VIIRS,n,2,298.07,5.62,D,0
30.17727,74.19464,334.63,0.53,0.42,2023-10-30,828,N,VIIRS,n,2,297.46,5.48,D,0
30.18904,72.75297,338.81,0.46,0.39,2023-10-30,828,N,VIIRS,n,2,300.15,5.65,D,0
30.1992,75.23657,348.45,0.4,0.44,2023-10-30,828,N,VIIRS,n,2,303.86,36.93,D,0
30.20375,74.56649,337.55,0.55,0.43,2023-10-30,828,N,VIIRS,n,2,304.8,29.56,D,0
30.21175,73.14451,333.77,0.47,0.4,2023-10-30,828,N,VIIRS,n,2,299.1,7.81,D,0
30.21235,73.14945,333.17,0.47,0.4,2023-10-30,828,N,VIIRS,n,2,297.62,8.79,D,0
30.21257,70.64553,331.12,0.4,0.37,2023-10-30,828,N,VIIRS,n,2,300.56,2.68,D,0
30.21385,75.21748,334.47,0.4,0.44,2023-10-30,828,N,VIIRS,n,2,297.17,3.94,D,0
30.22568,75.493,332.59,0.41,0.45,2023-10-30,828,N,VIIRS,n,2,298.44,2.39,D,0
30.2258,72.86886,333.94,0.46,0.39,2023-10-30,828,N,VIIRS,n,2,299.2,3.62,D,0
30.23548,74.01839,334.17,0.52,0.42,2023-10-30,828,N,VIIRS,n,2,301.1,5.82,D,0
30.26435,75.33918,337.07,0.41,0.45,2023-10-30,828,N,VIIRS,n,2,298.79,3.75,D,0
30.26939,75.34715,342.67,0.41,0.45,2023-10-30,828,N,VIIRS,n,2,301.5,15.71,D,0
30.27129,74.90965,335.31,0.39,0.44,2023-10-30,828,N,VIIRS,n,2,297.21,2.9,D,0
30.27332,70.62637,330.94,0.4,0.37,2023-10-30,828,N,VIIRS,n,2,300.13,2.84,D,0
30.2742,73.22559,340.09,0.48,0.4,2023-10-30,828,N,VIIRS,n,2,299.19,4.09,D,0
30.27996,75.32838,333.6,0.41,0.45,2023-10-30,828,N,VIIRS,n,2,299.15,2.38,D,0
30.28052,72.23755,331.68,0.44,0.38,2023-10-30,828,N,VIIRS,n,2,301.62,3.42,D,0
30.28128,70.65859,335.28,0.4,0.37,2023-10-30,828,N,VIIRS,n,2,300.51,1.59,D,0
30.28291,70.64564,330.85,0.4,0.37,2023-10-30,828,N,VIIRS,n,2,300.65,1.45,D,0
30.29186,75.28362,339.11,0.4,0.45,2023-10-30,828,N,VIIRS,n,2,299.62,3.02,D,0
30.29232,75.28784,331.05,0.4,0.45,2023-10-30,828,N,VIIRS,n,2,298.52,3.02,D,0
30.29366,70.67316,335.22,0.4,0.37,2023-10-30,828,N,VIIRS,n,2,301.29,6.18,D,0
30.29459,73.29896,336.93,0.48,0.4,2023-10-30,828,N,VIIRS,n,2,299.41,5.47,D,0
30.2964,73.30083,333.66,0.48,0.4,2023-10-30,828,N,VIIRS,n,2,298.38,3.28,D,0
30.29963,75.27824,341.71,0.4,0.45,2023-10-30,828,N,VIIRS,n,2,299.82,3.79,D,0
30.30354,75.29633,341.18,0.41,0.45,2023-10-30,828,N,VIIRS,n,2,302.13,4.94,D,0
30.30416,75.26183,330.59,0.4,0.44,2023-10-30,828,N,VIIRS,n,2,298.99,2.06,D,0
30.30608,75.29885,343.02,0.41,0.45,2023-10-30,828,N,VIIRS,n,2,302.33,11.85,D,0
30.30766,75.29576,341.72,0.41,0.45,2023-10-30,828,N,VIIRS,n,2,299.13,4.94,D,0
30.30931,70.66179,333.66,0.4,0.37,2023-10-30,828,N,VIIRS,n,2,302.09,8.55,D,0
30.30956,73.38935,330.46,0.49,0.4,2023-10-30,828,N,VIIRS,n,2,299,2.84,D,0
30.3103,73.38629,340.73,0.49,0.4,2023-10-30,828,N,VIIRS,n,2,301.4,11.42,D,0
30.31812,75.31591,340.55,0.41,0.45,2023-10-30,828,N,VIIRS,n,2,300.8,8.46,D,0
30.32552,70.65453,338.28,0.4,0.37,2023-10-30,828,N,VIIRS,n,2,300.11,3.44,D,0
30.33421,75.11291,340.51,0.4,0.44,2023-10-30,828,N,VIIRS,n,2,292.66,3.55,D,0
30.34754,70.68843,349.05,0.4,0.37,2023-10-30,828,N,VIIRS,n,2,301.88,11.34,D,0
30.35315,74.60067,345.34,0.56,0.43,2023-10-30,828,N,VIIRS,n,2,299.32,10.25,D,0
30.35372,70.806,336.39,0.4,0.37,2023-10-30,828,N,VIIRS,n,2,297.68,2.27,D,0
30.3546,74.88544,345.71,0.39,0.44,2023-10-30,828,N,VIIRS,n,2,298.53,4.53,D,0
30.35649,75.40198,334.55,0.41,0.45,2023-10-30,828,N,VIIRS,n,2,299.56,4.41,D,0
30.35863,74.88487,356.8,0.39,0.44,2023-10-30,828,N,VIIRS,n,2,298.19,13.93,D,0
30.36449,70.71066,340.2,0.4,0.37,2023-10-30,828,N,VIIRS,n,2,301.43,3.81,D,0
30.36946,70.69702,335.09,0.4,0.37,2023-10-30,828,N,VIIRS,n,2,301.47,2.12,D,0
30.37139,75.26535,342.06,0.4,0.45,2023-10-30,828,N,VIIRS,n,2,297.97,8.4,D,0
30.37343,75.48328,337.85,0.42,0.45,2023-10-30,828,N,VIIRS,n,2,298.41,3.23,D,0
30.40831,74.80865,350.65,0.38,0.43,2023-10-30,828,N,VIIRS,n,2,303.63,17.27,D,0
30.41689,71.73709,333.05,0.42,0.38,2023-10-30,828,N,VIIRS,n,2,300.9,5.95,D,0
30.41867,71.73557,346.72,0.42,0.38,2023-10-30,828,N,VIIRS,n,2,300.68,8.03,D,0
30.42163,74.85574,355.67,0.38,0.44,2023-10-30,828,N,VIIRS,n,2,301.7,14.89,D,0
30.42928,75.48115,340.75,0.42,0.45,2023-10-30,828,N,VIIRS,n,2,299.71,4.35,D,0
30.43043,73.33352,334.8,0.49,0.4,2023-10-30,828,N,VIIRS,n,2,298.54,3.92,D,0
30.43104,74.82984,336.24,0.38,0.43,2023-10-30,828,N,VIIRS,n,2,301.34,11.06,D,0
30.43148,74.83385,341.09,0.38,0.43,2023-10-30,828,N,VIIRS,n,2,299.39,11.06,D,0
30.43402,72.14825,340.6,0.44,0.38,2023-10-30,828,N,VIIRS,n,2,300.11,3.88,D,0
30.43563,75.0993,343.81,0.4,0.44,2023-10-30,828,N,VIIRS,n,2,303.28,14.69,D,0
30.43651,75.4791,343.32,0.42,0.45,2023-10-30,828,N,VIIRS,n,2,299.67,8.39,D,0
30.43676,74.95673,341.91,0.39,0.44,2023-10-30,828,N,VIIRS,n,2,299.01,6.02,D,0
30.43764,75.48,340,0.42,0.45,2023-10-30,828,N,VIIRS,n,2,298.49,7.17,D,0
30.44073,74.4263,333.54,0.55,0.43,2023-10-30,828,N,VIIRS,n,2,299.2,8.21,D,0
30.44232,73.9876,344.57,0.52,0.42,2023-10-30,828,N,VIIRS,n,2,299.13,8.33,D,0
30.44717,74.71895,332.14,0.57,0.43,2023-10-30,828,N,VIIRS,n,2,299.18,6.38,D,0
30.44871,74.72266,335.47,0.57,0.43,2023-10-30,828,N,VIIRS,n,2,299.88,6.02,D,0
30.45206,74.94626,330.36,0.39,0.44,2023-10-30,828,N,VIIRS,n,2,298.79,2.05,D,0
30.4527,75.22042,340.27,0.4,0.44,2023-10-30,828,N,VIIRS,n,2,305.8,27.74,D,0
30.45793,71.77944,334.94,0.42,0.38,2023-10-30,828,N,VIIRS,n,2,300.42,3.65,D,0
30.47147,74.45103,335.74,0.55,0.43,2023-10-30,828,N,VIIRS,n,2,302.09,12.98,D,0
30.47233,74.98078,330.29,0.39,0.44,2023-10-30,828,N,VIIRS,n,2,298.74,2.27,D,0
30.47965,75.23817,351.08,0.4,0.45,2023-10-30,828,N,VIIRS,n,2,299.88,7.36,D,0
30.48421,75.3198,340.32,0.41,0.45,2023-10-30,828,N,VIIRS,n,2,299.15,7.81,D,0
30.48668,74.30341,332.03,0.54,0.42,2023-10-30,828,N,VIIRS,n,2,298.49,4.58,D,0
30.48735,75.07936,341.25,0.4,0.44,2023-10-30,828,N,VIIRS,n,2,299.13,5.08,D,0
30.48872,75.44199,340.89,0.41,0.45,2023-10-30,828,N,VIIRS,n,2,298.42,4.1,D,0
30.49151,75.42835,345.73,0.41,0.45,2023-10-30,828,N,VIIRS,n,2,300.14,6.89,D,0
30.49703,75.48074,332.07,0.42,0.45,2023-10-30,828,N,VIIRS,n,2,298.49,2.76,D,0
30.50094,74.22094,333.67,0.54,0.42,2023-10-30,828,N,VIIRS,n,2,298.61,7.02,D,0
30.50179,74.22443,345.44,0.54,0.42,2023-10-30,828,N,VIIRS,n,2,299.99,6.1,D,0
30.50199,74.72707,340.23,0.57,0.43,2023-10-30,828,N,VIIRS,n,2,300.28,15.93,D,0
30.50367,72.8098,332.09,0.46,0.39,2023-10-30,828,N,VIIRS,n,2,299.41,3.71,D,0
30.504,73.69676,333.63,0.51,0.41,2023-10-30,828,N,VIIRS,n,2,298.76,3.62,D,0
30.50548,74.22598,331.94,0.54,0.42,2023-10-30,828,N,VIIRS,n,2,297.9,6.64,D,0
30.50568,74.22385,332.02,0.54,0.42,2023-10-30,828,N,VIIRS,n,2,297.74,6.1,D,0
30.50846,72.31008,336.79,0.44,0.39,2023-10-30,828,N,VIIRS,n,2,299.27,2.93,D,0
30.50864,75.47028,339.93,0.42,0.45,2023-10-30,828,N,VIIRS,n,2,299.51,9.06,D,0
30.51372,75.39886,341.05,0.41,0.45,2023-10-30,828,N,VIIRS,n,2,300.43,7.25,D,0
30.51561,72.0017,343.17,0.43,0.38,2023-10-30,828,N,VIIRS,n,2,299.65,5.87,D,0
30.51717,75.17752,341.25,0.4,0.44,2023-10-30,828,N,VIIRS,n,2,298.33,5.78,D,0
30.51913,73.69442,336.41,0.51,0.41,2023-10-30,828,N,VIIRS,n,2,298.99,5.53,D,0
30.52164,75.47294,338.84,0.42,0.45,2023-10-30,828,N,VIIRS,n,2,298.98,3.9,D,0
30.52524,75.21503,335.32,0.4,0.44,2023-10-30,828,N,VIIRS,n,2,297.19,1.98,D,0
30.53791,75.25639,343.14,0.41,0.45,2023-10-30,828,N,VIIRS,n,2,299.75,7.19,D,0
30.54664,75.02484,337.88,0.39,0.44,2023-10-30,828,N,VIIRS,n,2,297.92,2.12,D,0
30.5637,71.93027,336.87,0.43,0.38,2023-10-30,828,N,VIIRS,n,2,298.21,2.94,D,0
30.56399,73.74697,335.32,0.51,0.41,2023-10-30,828,N,VIIRS,n,2,299.07,5.55,D,0
30.56807,70.84423,334.26,0.4,0.37,2023-10-30,828,N,VIIRS,n,2,300.84,2.86,D,0
30.57415,72.89941,331.12,0.47,0.39,2023-10-30,828,N,VIIRS,n,2,297.48,3.65,D,0
30.57456,75.28601,337.05,0.41,0.45,2023-10-30,828,N,VIIRS,n,2,299.89,3.1,D,0
30.58137,75.35056,339.14,0.41,0.45,2023-10-30,828,N,VIIRS,n,2,303.41,20.06,D,0
30.58274,75.36353,340.31,0.41,0.45,2023-10-30,828,N,VIIRS,n,2,299.13,3.97,D,0
30.5853,74.69507,333.69,0.57,0.43,2023-10-30,828,N,VIIRS,n,2,299.12,6.32,D,0
30.5905,75.43748,334.83,0.42,0.45,2023-10-30,828,N,VIIRS,n,2,299.24,2.36,D,0
30.59199,75.33157,340.47,0.41,0.45,2023-10-30,828,N,VIIRS,n,2,299.77,4.47,D,0
30.59752,75.34396,344.78,0.41,0.45,2023-10-30,828,N,VIIRS,n,2,300.28,6.34,D,0
30.6044,75.44891,341.09,0.42,0.45,2023-10-30,828,N,VIIRS,n,2,300.47,4.08,D,0
30.60858,75.44833,341.66,0.42,0.45,2023-10-30,828,N,VIIRS,n,2,299.21,5.77,D,0
30.60938,74.16259,334.37,0.53,0.42,2023-10-30,828,N,VIIRS,n,2,299.2,4.23,D,0
30.60945,74.16111,333.09,0.53,0.42,2023-10-30,828,N,VIIRS,n,2,299.88,8.53,D,0
30.61081,73.96358,335.11,0.52,0.42,2023-10-30,828,N,VIIRS,n,2,299.4,4.45,D,0
30.6115,74.3524,336.66,0.55,0.42,2023-10-30,828,N,VIIRS,n,2,298.47,5.17,D,0
30.61326,74.162,334.87,0.53,0.42,2023-10-30,828,N,VIIRS,n,2,297.97,4.2,D,0
30.61538,74.60016,334.37,0.56,0.43,2023-10-30,828,N,VIIRS,n,2,298.92,5,D,0
30.61586,75.24123,344.05,0.41,0.45,2023-10-30,828,N,VIIRS,n,2,299.04,4.21,D,0
30.61678,72.0084,332.75,0.43,0.38,2023-10-30,828,N,VIIRS,n,2,298.74,2.57,D,0
30.61694,75.4472,335.57,0.42,0.45,2023-10-30,828,N,VIIRS,n,2,300.55,3.23,D,0
30.62433,75.30186,340.29,0.41,0.45,2023-10-30,828,N,VIIRS,n,2,300.32,6.19,D,0
30.62652,75.30061,353.8,0.41,0.45,2023-10-30,828,N,VIIRS,n,2,300.84,8.01,D,0
30.62944,73.92178,349.89,0.52,0.42,2023-10-30,828,N,VIIRS,n,2,300.33,9.28,D,0
30.63328,73.9212,338.89,0.52,0.42,2023-10-30,828,N,VIIRS,n,2,299.13,9.28,D,0
30.63526,75.32657,342.38,0.41,0.45,2023-10-30,828,N,VIIRS,n,2,300.09,5.68,D,0
30.63748,75.34821,331.6,0.41,0.45,2023-10-30,828,N,VIIRS,n,2,298.68,1.35,D,0
30.64156,71.75398,333.07,0.42,0.38,2023-10-30,828,N,VIIRS,n,2,299.19,2.42,D,0
30.6426,74.66255,333.88,0.57,0.43,2023-10-30,828,N,VIIRS,n,2,299.1,6.38,D,0
30.64401,75.32975,331.68,0.41,0.45,2023-10-30,828,N,VIIRS,n,2,298.81,3.28,D,0
30.65182,74.29272,333.11,0.54,0.42,2023-10-30,828,N,VIIRS,n,2,299.55,9.87,D,0
30.65605,74.40295,338.18,0.55,0.43,2023-10-30,828,N,VIIRS,n,2,298.2,7.82,D,0
30.66,75.20134,339.87,0.4,0.45,2023-10-30,828,N,VIIRS,n,2,299.02,6.32,D,0
30.66658,74.38965,343.78,0.55,0.43,2023-10-30,828,N,VIIRS,n,2,300.66,9.57,D,0
30.67051,74.38905,331.49,0.55,0.43,2023-10-30,828,N,VIIRS,n,2,297.92,9.57,D,0
30.67154,74.81215,341.2,0.39,0.44,2023-10-30,828,N,VIIRS,n,2,298.79,7.32,D,0
30.67206,74.96568,334.89,0.39,0.44,2023-10-30,828,N,VIIRS,n,2,298.03,3.49,D,0
30.67244,74.82026,344.1,0.39,0.44,2023-10-30,828,N,VIIRS,n,2,299.99,6.68,D,0
30.67552,75.22945,342.67,0.41,0.45,2023-10-30,828,N,VIIRS,n,2,299.14,4.95,D,0
30.6762,74.4767,332.24,0.56,0.43,2023-10-30,828,N,VIIRS,n,2,298.93,19.35,D,0
30.6783,74.42317,333.98,0.55,0.43,2023-10-30,828,N,VIIRS,n,2,298.43,4.23,D,0
30.68223,73.92262,330.62,0.52,0.42,2023-10-30,828,N,VIIRS,n,2,298.77,2.36,D,0
30.68713,75.461,344.7,0.42,0.45,2023-10-30,828,N,VIIRS,n,2,301.2,6.87,D,0
30.68742,75.26257,334.85,0.41,0.45,2023-10-30,828,N,VIIRS,n,2,298.41,2.97,D,0
30.69237,71.65465,335.32,0.42,0.38,2023-10-30,828,N,VIIRS,n,2,302.32,3.21,D,0
30.69754,75.20042,345,0.4,0.45,2023-10-30,828,N,VIIRS,n,2,299.02,6.31,D,0
30.70065,75.42796,349.9,0.42,0.45,2023-10-30,828,N,VIIRS,n,2,298.97,6.5,D,0
30.70298,75.40987,347.61,0.42,0.45,2023-10-30,828,N,VIIRS,n,2,298.77,6.03,D,0
30.70348,75.17803,333.87,0.4,0.44,2023-10-30,828,N,VIIRS,n,2,299.15,5.94,D,0
30.70437,75.423,349.66,0.42,0.45,2023-10-30,828,N,VIIRS,n,2,302.72,7.8,D,0
30.70709,75.48959,341.43,0.42,0.45,2023-10-30,828,N,VIIRS,n,2,300.06,7.29,D,0
30.70716,75.40929,346.65,0.42,0.45,2023-10-30,828,N,VIIRS,n,2,297.96,6.03,D,0
30.70765,75.29465,340.01,0.41,0.45,2023-10-30,828,N,VIIRS,n,2,299.17,5.12,D,0
30.7081,75.2597,340.72,0.41,0.45,2023-10-30,828,N,VIIRS,n,2,299.87,4.95,D,0
30.70854,75.42243,344.4,0.42,0.45,2023-10-30,828,N,VIIRS,n,2,299.06,7.8,D,0
30.71468,73.96786,333.96,0.52,0.42,2023-10-30,828,N,VIIRS,n,2,299.51,3.4,D,0
30.71504,75.40377,348.53,0.42,0.45,2023-10-30,828,N,VIIRS,n,2,300.13,9.23,D,0
30.717,74.85209,367,0.39,0.44,2023-10-30,828,N,VIIRS,h,2,299.83,9.96,D,0
30.71772,74.38208,331.3,0.55,0.43,2023-10-30,828,N,VIIRS,n,2,298.48,4.06,D,0
30.71865,71.77219,332.24,0.43,0.38,2023-10-30,828,N,VIIRS,n,2,300.62,1.6,D,0
30.73064,74.75137,330.59,0.38,0.43,2023-10-30,828,N,VIIRS,n,2,297.61,1.48,D,0
30.73169,75.36166,333.14,0.41,0.45,2023-10-30,828,N,VIIRS,n,2,300.16,1.09,D,0
30.73316,75.45473,337.75,0.42,0.45,2023-10-30,828,N,VIIRS,n,2,300.62,3.59,D,0
30.73363,75.45913,331.03,0.42,0.45,2023-10-30,828,N,VIIRS,n,2,299.68,3.59,D,0
30.73449,74.86204,341.62,0.39,0.44,2023-10-30,828,N,VIIRS,n,2,300.85,5.24,D,0
30.73487,74.5336,339.64,0.56,0.43,2023-10-30,828,N,VIIRS,n,2,301.14,18.51,D,0
30.73546,75.02538,332.24,0.4,0.44,2023-10-30,828,N,VIIRS,n,2,297.18,2.04,D,0
30.73553,75.14486,332.05,0.4,0.44,2023-10-30,828,N,VIIRS,n,2,299.28,1.64,D,0
30.73691,75.49004,342.65,0.42,0.45,2023-10-30,828,N,VIIRS,n,2,298.89,4.68,D,0
30.74015,74.50895,340.18,0.56,0.43,2023-10-30,828,N,VIIRS,n,2,298.88,5.35,D,0
30.74438,75.23009,332.19,0.41,0.45,2023-10-30,828,N,VIIRS,n,2,299.57,2.91,D,0
30.74527,75.23867,340.82,0.41,0.45,2023-10-30,828,N,VIIRS,n,2,297.75,6.23,D,0
30.74544,74.5201,343.93,0.56,0.43,2023-10-30,828,N,VIIRS,n,2,299.68,7,D,0
30.74554,74.38785,337.52,0.55,0.43,2023-10-30,828,N,VIIRS,n,2,300.61,6.96,D,0
30.74569,74.50037,333.44,0.56,0.43,2023-10-30,828,N,VIIRS,n,2,299.69,9.46,D,0
30.74659,74.38957,344.01,0.55,0.43,2023-10-30,828,N,VIIRS,n,2,301.38,8.97,D,0
30.74674,74.49607,334.68,0.56,0.43,2023-10-30,828,N,VIIRS,n,2,300.32,11.16,D,0
30.7475,73.64928,330.34,0.51,0.41,2023-10-30,828,N,VIIRS,n,2,298.5,1.88,D,0
30.74758,74.51801,341.53,0.56,0.43,2023-10-30,828,N,VIIRS,n,2,299.42,6.91,D,0
30.74936,75.40798,354.11,0.42,0.45,2023-10-30,828,N,VIIRS,n,2,300.51,11.91,D,0
30.74965,74.49979,347.05,0.56,0.43,2023-10-30,828,N,VIIRS,n,2,300.91,9.46,D,0
30.74968,75.40521,340.17,0.42,0.45,2023-10-30,828,N,VIIRS,n,2,299,5.42,D,0
30.75012,75.4096,340.9,0.42,0.45,2023-10-30,828,N,VIIRS,n,2,300,8.4,D,0
30.75045,75.32986,342.31,0.41,0.45,2023-10-30,828,N,VIIRS,n,2,299.58,3.73,D,0
30.75137,74.50135,342.45,0.56,0.43,2023-10-30,828,N,VIIRS,n,2,301.98,17.31,D,0
30.75204,74.50722,335.63,0.56,0.43,2023-10-30,828,N,VIIRS,n,2,301.18,9.19,D,0
30.75215,75.06549,331.38,0.4,0.44,2023-10-30,828,N,VIIRS,n,2,297.93,2.93,D,0
30.75235,74.48747,338.79,0.56,0.43,2023-10-30,828,N,VIIRS,n,2,299.97,8.57,D,0
30.7525,74.80161,332.31,0.39,0.44,2023-10-30,828,N,VIIRS,n,2,298,4.46,D,0
30.75322,73.72985,335.11,0.51,0.41,2023-10-30,828,N,VIIRS,n,2,301.5,5.38,D,0
30.75332,74.48321,331.67,0.56,0.43,2023-10-30,828,N,VIIRS,n,2,298.74,6.3,D,0
30.75361,74.49921,335.4,0.56,0.43,2023-10-30,828,N,VIIRS,n,2,298.95,12.31,D,0
30.75399,74.48906,339.8,0.56,0.43,2023-10-30,828,N,VIIRS,n,2,298.9,6.3,D,0
30.75425,74.5051,353.07,0.56,0.43,2023-10-30,828,N,VIIRS,n,2,300.62,12.31,D,0
30.75466,74.49491,334.37,0.56,0.43,2023-10-30,828,N,VIIRS,n,2,299,17.31,D,0
30.75473,74.82193,331.45,0.39,0.44,2023-10-30,828,N,VIIRS,n,2,298,2.77,D,0
30.756,74.50665,347.2,0.56,0.43,2023-10-30,828,N,VIIRS,n,2,300.23,9.19,D,0
30.75694,74.49276,339.25,0.56,0.43,2023-10-30,828,N,VIIRS,n,2,298.12,8.57,D,0
30.75752,74.69952,334.57,0.57,0.43,2023-10-30,828,N,VIIRS,n,2,299.32,5.68,D,0
30.758,74.39188,330.46,0.55,0.43,2023-10-30,828,N,VIIRS,n,2,299.32,3.03,D,0
30.75833,71.7163,331.05,0.42,0.38,2023-10-30,828,N,VIIRS,n,2,299.31,2.52,D,0
30.75899,74.47459,335.6,0.56,0.43,2023-10-30,828,N,VIIRS,n,2,299.22,7.77,D,0
30.75989,74.47035,332.88,0.56,0.43,2023-10-30,828,N,VIIRS,n,2,298.25,4.64,D,0
30.76057,74.47619,336.84,0.56,0.43,2023-10-30,828,N,VIIRS,n,2,299.63,4.64,D,0
30.76104,74.45646,330.34,0.56,0.43,2023-10-30,828,N,VIIRS,n,2,299.53,2.46,D,0
30.76295,74.474,352.66,0.56,0.43,2023-10-30,828,N,VIIRS,n,2,300.35,7.77,D,0
30.7651,70.75821,334.57,0.4,0.37,2023-10-30,828,N,VIIRS,n,2,301.04,3.21,D,0
30.76808,74.3025,338.73,0.55,0.42,2023-10-30,828,N,VIIRS,n,2,300.04,5.4,D,0
30.77064,74.32546,336.86,0.55,0.42,2023-10-30,828,N,VIIRS,n,2,300.23,10.3,D,0
30.7733,74.53219,341.98,0.56,0.43,2023-10-30,828,N,VIIRS,n,2,299.88,8.22,D,0
30.77446,74.81497,341.11,0.39,0.44,2023-10-30,828,N,VIIRS,n,2,300.85,6.89,D,0
30.77482,74.47226,343.93,0.56,0.43,2023-10-30,828,N,VIIRS,n,2,300.73,16.56,D,0
30.77583,75.01545,337.8,0.4,0.44,2023-10-30,828,N,VIIRS,n,2,298.26,3.1,D,0
30.78137,74.03648,333.25,0.53,0.42,2023-10-30,828,N,VIIRS,n,2,300.03,3.72,D,0
30.78299,74.36464,332.06,0.55,0.43,2023-10-30,828,N,VIIRS,n,2,298.98,5.9,D,0
30.78333,74.74789,338.86,0.38,0.43,2023-10-30,828,N,VIIRS,n,2,298.28,3.4,D,0
30.78356,74.40578,336.87,0.55,0.43,2023-10-30,828,N,VIIRS,n,2,298.96,2.96,D,0
30.78363,74.37042,332.95,0.55,0.43,2023-10-30,828,N,VIIRS,n,2,299.13,5.9,D,0
30.78431,74.74814,341.77,0.38,0.43,2023-10-30,828,N,VIIRS,n,2,298.93,6.1,D,0
30.78533,74.95088,333.62,0.39,0.44,2023-10-30,828,N,VIIRS,n,2,297.61,2.78,D,0
30.78628,74.35828,331.24,0.55,0.43,2023-10-30,828,N,VIIRS,n,2,298.98,2.34,D,0
30.78641,73.72752,332.75,0.51,0.41,2023-10-30,828,N,VIIRS,n,2,299.19,4.35,D,0
30.78799,74.48223,337.98,0.56,0.43,2023-10-30,828,N,VIIRS,n,2,302.04,14.36,D,0
30.78827,74.3404,335.69,0.55,0.43,2023-10-30,828,N,VIIRS,n,2,298.06,4.24,D,0
30.78911,71.84303,342.69,0.43,0.38,2023-10-30,828,N,VIIRS,n,2,307.64,22.16,D,0
30.78918,74.52985,335.4,0.56,0.43,2023-10-30,828,N,VIIRS,n,2,299.61,9.05,D,0
30.7926,71.84241,348.04,0.43,0.38,2023-10-30,828,N,VIIRS,n,2,299.68,22.16,D,0
30.79324,74.49338,343.56,0.56,0.43,2023-10-30,828,N,VIIRS,n,2,309.01,74.54,D,0
30.79324,74.71715,335.2,0.57,0.43,2023-10-30,828,N,VIIRS,n,2,299.82,5.34,D,0
30.79333,74.83346,339.61,0.39,0.44,2023-10-30,828,N,VIIRS,n,2,298.79,2.53,D,0
30.79538,74.40403,333.04,0.55,0.43,2023-10-30,828,N,VIIRS,n,2,298.36,3.22,D,0
30.79543,73.67165,333.6,0.51,0.41,2023-10-30,828,N,VIIRS,n,2,299.59,3.62,D,0
30.7959,74.48106,332.92,0.56,0.43,2023-10-30,828,N,VIIRS,n,2,299.79,6.18,D,0
30.79726,73.89132,332.14,0.52,0.42,2023-10-30,828,N,VIIRS,n,2,299.41,3.36,D,0
30.79733,74.42147,339.62,0.55,0.43,2023-10-30,828,N,VIIRS,n,2,299,7.3,D,0
30.7992,73.88799,334.9,0.52,0.42,2023-10-30,828,N,VIIRS,n,2,299.74,4.29,D,0
30.80109,73.89073,332.43,0.52,0.42,2023-10-30,828,N,VIIRS,n,2,298.84,3.43,D,0
30.80127,74.42088,331.15,0.55,0.43,2023-10-30,828,N,VIIRS,n,2,298.79,6.32,D,0
30.80507,74.52753,334.1,0.56,0.43,2023-10-30,828,N,VIIRS,n,2,298.95,4.09,D,0
30.80518,74.45589,332.97,0.56,0.43,2023-10-30,828,N,VIIRS,n,2,299.3,3.96,D,0
30.80577,75.02395,334.4,0.4,0.44,2023-10-30,828,N,VIIRS,n,2,299.04,2.45,D,0
30.80578,74.49751,339.6,0.56,0.43,2023-10-30,828,N,VIIRS,n,2,299.25,4.3,D,0
30.80587,74.42612,340.56,0.55,0.43,2023-10-30,828,N,VIIRS,n,2,299.56,6.32,D,0
30.80914,75.02419,336.16,0.4,0.44,2023-10-30,828,N,VIIRS,n,2,298.41,5.03,D,0
30.80986,75.02338,335.27,0.4,0.44,2023-10-30,828,N,VIIRS,n,2,298.08,3.1,D,0
30.81246,74.41333,339.74,0.55,0.43,2023-10-30,828,N,VIIRS,n,2,299.71,5.2,D,0
30.81266,74.8224,336.79,0.39,0.44,2023-10-30,828,N,VIIRS,n,2,298.5,3.67,D,0
30.81347,71.78391,340.33,0.43,0.38,2023-10-30,828,N,VIIRS,n,2,303.25,27.6,D,0
30.81844,74.83814,340.46,0.39,0.44,2023-10-30,828,N,VIIRS,n,2,300.47,3.51,D,0
30.8189,74.57962,346.33,0.56,0.43,2023-10-30,828,N,VIIRS,n,2,302.4,8.08,D,0
30.82167,75.06499,336.14,0.4,0.44,2023-10-30,828,N,VIIRS,n,2,298.69,4.53,D,0
30.82283,74.61533,344.98,0.57,0.43,2023-10-30,828,N,VIIRS,n,2,299.6,8.27,D,0
30.82288,74.57904,332.31,0.56,0.43,2023-10-30,828,N,VIIRS,n,2,298.53,8.08,D,0
30.82621,75.36804,347.49,0.41,0.45,2023-10-30,828,N,VIIRS,n,2,299.65,5.26,D,0
30.82683,74.61475,330.89,0.57,0.43,2023-10-30,828,N,VIIRS,n,2,296.47,8.27,D,0
30.8374,74.35072,343.71,0.55,0.43,2023-10-30,828,N,VIIRS,n,2,299.97,7.41,D,0
30.83993,74.34808,342.6,0.55,0.43,2023-10-30,828,N,VIIRS,n,2,298.56,9.96,D,0
30.84132,70.85633,335.24,0.4,0.37,2023-10-30,828,N,VIIRS,n,2,301.19,4.77,D,0
30.8426,75.06633,331.4,0.4,0.44,2023-10-30,828,N,VIIRS,n,2,298.52,2.29,D,0
30.84292,75.23038,337.88,0.41,0.45,2023-10-30,828,N,VIIRS,n,2,297.28,3.35,D,0
30.84412,74.58804,335.5,0.57,0.43,2023-10-30,828,N,VIIRS,n,2,301.78,16.92,D,0
30.84877,74.5934,336.18,0.57,0.43,2023-10-30,828,N,VIIRS,n,2,303.56,17.36,D,0
30.85154,73.92207,344.9,0.52,0.42,2023-10-30,828,N,VIIRS,n,2,299.16,8.63,D,0
30.85472,74.53827,339.5,0.56,0.43,2023-10-30,828,N,VIIRS,n,2,299.95,8.16,D,0
30.85544,74.65314,334.96,0.57,0.43,2023-10-30,828,N,VIIRS,n,2,298.64,4.17,D,0
30.85737,73.80446,341.6,0.52,0.41,2023-10-30,828,N,VIIRS,n,2,299.14,5.41,D,0
30.85842,74.82825,340.89,0.39,0.44,2023-10-30,828,N,VIIRS,n,2,300.04,3.86,D,0
30.86046,73.96558,334.08,0.53,0.42,2023-10-30,828,N,VIIRS,n,2,298.94,3.88,D,0
30.86118,73.87038,335.88,0.52,0.42,2023-10-30,828,N,VIIRS,n,2,301.42,7.82,D,0
30.86246,74.82766,339.28,0.39,0.44,2023-10-30,828,N,VIIRS,n,2,299.39,4.57,D,0
30.86468,74.39155,333.4,0.55,0.43,2023-10-30,828,N,VIIRS,n,2,299.12,13.32,D,0
30.86501,73.86979,337.9,0.52,0.42,2023-10-30,828,N,VIIRS,n,2,299.24,7.82,D,0
30.86785,74.76489,340.43,0.39,0.44,2023-10-30,828,N,VIIRS,n,2,299.38,3.84,D,0
30.86791,74.57037,335.79,0.56,0.43,2023-10-30,828,N,VIIRS,n,2,300.06,9.47,D,0
30.87068,74.57208,341.41,0.56,0.43,2023-10-30,828,N,VIIRS,n,2,300.28,9.18,D,0
30.87301,75.3184,331.04,0.41,0.45,2023-10-30,828,N,VIIRS,n,2,297.42,2.01,D,0
30.87395,74.36655,333.09,0.55,0.43,2023-10-30,828,N,VIIRS,n,2,298.95,3.45,D,0
30.87459,74.37236,331.26,0.55,0.43,2023-10-30,828,N,VIIRS,n,2,298.2,3.45,D,0
30.87542,74.7227,331.56,0.38,0.43,2023-10-30,828,N,VIIRS,n,2,298.5,2.45,D,0
30.87546,75.42477,332.75,0.42,0.45,2023-10-30,828,N,VIIRS,n,2,299.69,2.17,D,0
30.87794,74.5508,336.52,0.56,0.43,2023-10-30,828,N,VIIRS,n,2,298.87,5.48,D,0
30.8782,74.89633,341.65,0.39,0.44,2023-10-30,828,N,VIIRS,n,2,299.95,5.03,D,0
30.88322,71.87463,333.91,0.43,0.38,2023-10-30,828,N,VIIRS,n,2,299.32,2.6,D,0
30.88984,74.81547,332.02,0.39,0.44,2023-10-30,828,N,VIIRS,n,2,298.22,2.01,D,0
30.89011,75.32046,334.4,0.41,0.45,2023-10-30,828,N,VIIRS,n,2,299.83,3.87,D,0
30.89467,70.79044,335.31,0.4,0.37,2023-10-30,828,N,VIIRS,n,2,302.92,25.05,D,0
30.89488,74.89815,332.12,0.39,0.44,2023-10-30,828,N,VIIRS,n,2,299.07,5.24,D,0
30.89894,74.89758,345.46,0.39,0.44,2023-10-30,828,N,VIIRS,n,2,300,5.24,D,0
30.90195,75.4346,341.82,0.42,0.45,2023-10-30,828,N,VIIRS,n,2,299.69,3.72,D,0
30.90287,73.44272,333.58,0.5,0.41,2023-10-30,828,N,VIIRS,n,2,299.05,2.72,D,0
30.90475,71.82031,332.9,0.43,0.38,2023-10-30,828,N,VIIRS,n,2,298.78,4.13,D,0
30.90541,75.03193,331.71,0.4,0.44,2023-10-30,828,N,VIIRS,n,2,297.58,1.95,D,0
30.9114,75.28225,338.52,0.41,0.45,2023-10-30,828,N,VIIRS,n,2,297.94,5.4,D,0
30.91388,74.47348,337.02,0.56,0.43,2023-10-30,828,N,VIIRS,n,2,299.17,5.25,D,0
30.92191,74.73244,340.46,0.38,0.44,2023-10-30,828,N,VIIRS,n,2,298.63,6.92,D,0
30.92682,74.89378,367,0.39,0.44,2023-10-30,828,N,VIIRS,h,2,300.33,11.25,D,0
30.92967,74.84313,331.62,0.39,0.44,2023-10-30,828,N,VIIRS,n,2,298.43,3.72,D,0
30.93166,74.56107,346.95,0.56,0.43,2023-10-30,828,N,VIIRS,n,2,301.65,17.35,D,0
30.93214,74.75156,332.4,0.39,0.44,2023-10-30,828,N,VIIRS,n,2,298.72,3.19,D,0
30.933,74.53672,336.46,0.56,0.43,2023-10-30,828,N,VIIRS,n,2,299.23,5.08,D,0
30.93448,74.69778,340.88,0.38,0.43,2023-10-30,828,N,VIIRS,n,2,300.26,6.82,D,0
30.93617,74.75097,340.89,0.39,0.44,2023-10-30,828,N,VIIRS,n,2,300.98,17.37,D,0
30.94378,75.34856,332.19,0.41,0.45,2023-10-30,828,N,VIIRS,n,2,298.4,1.76,D,0
30.94936,75.36113,334.83,0.42,0.45,2023-10-30,828,N,VIIRS,n,2,298.08,1.9,D,0
30.95003,74.76551,334.96,0.39,0.44,2023-10-30,828,N,VIIRS,n,2,298.18,2.83,D,0
30.95004,75.36172,340.56,0.42,0.45,2023-10-30,828,N,VIIRS,n,2,298.71,3.28,D,0
30.95411,74.69084,354.66,0.38,0.43,2023-10-30,828,N,VIIRS,n,2,301,12.41,D,0
30.95456,75.2813,341.35,0.41,0.45,2023-10-30,828,N,VIIRS,n,2,301.43,6.71,D,0
30.95892,74.66051,332.45,0.57,0.43,2023-10-30,828,N,VIIRS,n,2,298.75,4.26,D,0
30.96425,74.63529,346.64,0.57,0.43,2023-10-30,828,N,VIIRS,n,2,300.19,14.29,D,0
30.96554,74.57427,340.66,0.57,0.43,2023-10-30,828,N,VIIRS,n,2,300.64,14.87,D,0
30.96707,74.5723,345.55,0.57,0.43,2023-10-30,828,N,VIIRS,n,2,301.06,15.5,D,0
30.96873,74.93834,345.26,0.39,0.44,2023-10-30,828,N,VIIRS,n,2,298.77,4.33,D,0
30.96961,74.68349,339.27,0.57,0.43,2023-10-30,828,N,VIIRS,n,2,301.36,13.35,D,0
30.97363,74.68291,336.51,0.57,0.43,2023-10-30,828,N,VIIRS,n,2,298.21,13.35,D,0
30.97913,74.73243,342.02,0.38,0.44,2023-10-30,828,N,VIIRS,n,2,298.32,7.09,D,0
30.98,74.70351,335.27,0.38,0.43,2023-10-30,828,N,VIIRS,n,2,304.5,15.35,D,0
30.98017,75.49243,342.87,0.42,0.45,2023-10-30,828,N,VIIRS,n,2,300.61,3.97,D,0
30.98045,74.70756,344.13,0.38,0.43,2023-10-30,828,N,VIIRS,n,2,303.21,15.35,D,0
30.98095,74.58849,335.65,0.57,0.43,2023-10-30,828,N,VIIRS,n,2,300.54,9.61,D,0
30.98283,73.5722,334.74,0.51,0.41,2023-10-30,828,N,VIIRS,n,2,299.54,2.32,D,0
30.98316,74.73186,339.32,0.38,0.44,2023-10-30,828,N,VIIRS,n,2,298.18,5.05,D,0
30.98352,74.58988,336.13,0.57,0.43,2023-10-30,828,N,VIIRS,n,2,300.65,9.98,D,0
30.98402,74.70293,341.49,0.38,0.43,2023-10-30,828,N,VIIRS,n,2,298.8,15.35,D,0
30.98447,74.70698,341.42,0.38,0.43,2023-10-30,828,N,VIIRS,n,2,297.46,15.35,D,0
30.98556,75.4195,331.17,0.42,0.45,2023-10-30,828,N,VIIRS,n,2,298.79,3.82,D,0
30.98718,74.73127,342.55,0.38,0.44,2023-10-30,828,N,VIIRS,n,2,299.65,5.05,D,0
30.98857,74.78068,341.68,0.39,0.44,2023-10-30,828,N,VIIRS,n,2,299.81,5.65,D,0
30.99393,74.67216,330.81,0.57,0.43,2023-10-30,828,N,VIIRS,n,2,298.27,4.84,D,0
30.99792,75.49911,340.6,0.42,0.45,2023-10-30,828,N,VIIRS,n,2,299.63,4.8,D,0
31.00002,74.65286,333.68,0.57,0.43,2023-10-30,828,N,VIIRS,n,2,300.96,6.12,D,0
31.00403,74.65228,332.28,0.57,0.43,2023-10-30,828,N,VIIRS,n,2,298.17,6.12,D,0
31.00444,74.88695,339.19,0.39,0.44,2023-10-30,828,N,VIIRS,n,2,299.79,4.54,D,0
31.00661,74.87041,339.86,0.39,0.44,2023-10-30,828,N,VIIRS,n,2,297.77,5.91,D,0
31.00667,74.86983,338.94,0.39,0.44,2023-10-30,828,N,VIIRS,n,2,297.58,2.77,D,0
31.00672,74.90765,330.17,0.39,0.44,2023-10-30,828,N,VIIRS,n,2,298.1,1.83,D,0
31.00758,74.87811,334.48,0.39,0.44,2023-10-30,828,N,VIIRS,n,2,298.24,2.03,D,0
31.01027,74.86513,330.64,0.39,0.44,2023-10-30,828,N,VIIRS,n,2,298.3,2.77,D,0
31.01136,75.02583,349.68,0.4,0.44,2023-10-30,828,N,VIIRS,n,2,300.41,7.62,D,0
31.01312,75.35751,342.24,0.42,0.45,2023-10-30,828,N,VIIRS,n,2,301.35,4.91,D,0
31.01386,74.74438,336.17,0.39,0.44,2023-10-30,828,N,VIIRS,n,2,298.72,2.57,D,0
31.01454,75.01685,333.42,0.4,0.44,2023-10-30,828,N,VIIRS,n,2,298.11,2.8,D,0
31.01777,74.78113,332.81,0.39,0.44,2023-10-30,828,N,VIIRS,n,2,297.23,2.34,D,0
31.01789,74.74379,344.17,0.39,0.44,2023-10-30,828,N,VIIRS,n,2,298.97,4.62,D,0
31.02088,75.4733,341.15,0.42,0.45,2023-10-30,828,N,VIIRS,n,2,301,7.83,D,0
31.02521,75.27155,341.19,0.41,0.45,2023-10-30,828,N,VIIRS,n,2,301.02,9.6,D,0
31.02597,74.12958,344.55,0.54,0.42,2023-10-30,828,N,VIIRS,n,2,302.1,10.28,D,0
31.02637,74.13194,346.82,0.54,0.42,2023-10-30,828,N,VIIRS,n,2,301.72,11.57,D,0
31.02726,74.75486,335.53,0.39,0.44,2023-10-30,828,N,VIIRS,n,2,299.01,2.44,D,0
31.02814,73.90142,335.21,0.52,0.42,2023-10-30,828,N,VIIRS,n,2,301.92,8.62,D,0
31.02986,74.12899,341.67,0.54,0.42,2023-10-30,828,N,VIIRS,n,2,299.08,10.28,D,0
31.03026,74.13136,342.37,0.54,0.42,2023-10-30,828,N,VIIRS,n,2,299.33,8.14,D,0
31.03399,75.31461,330.83,0.41,0.45,2023-10-30,828,N,VIIRS,n,2,298.19,1.64,D,0
31.03404,75.01485,339.7,0.4,0.44,2023-10-30,828,N,VIIRS,n,2,298.69,4.55,D,0
31.03592,74.68351,332.61,0.38,0.43,2023-10-30,828,N,VIIRS,n,2,298.66,1.3,D,0
31.0381,74.89537,340.95,0.39,0.44,2023-10-30,828,N,VIIRS,n,2,300.74,6.84,D,0
31.03875,74.82393,348.23,0.39,0.44,2023-10-30,828,N,VIIRS,n,2,304.92,35.96,D,0
31.04236,74.81923,343.38,0.39,0.44,2023-10-30,828,N,VIIRS,n,2,300.6,8.16,D,0
31.04544,74.65855,333.27,0.57,0.43,2023-10-30,828,N,VIIRS,n,2,301.28,5.83,D,0
31.0456,74.77297,340.04,0.39,0.44,2023-10-30,828,N,VIIRS,n,2,299.26,3.63,D,0
31.04598,75.21243,338.41,0.41,0.45,2023-10-30,828,N,VIIRS,n,2,300.19,2.9,D,0
31.05279,74.76363,341.26,0.39,0.44,2023-10-30,828,N,VIIRS,n,2,300.59,30.97,D,0
31.05495,74.82162,338.69,0.39,0.44,2023-10-30,828,N,VIIRS,n,2,300.13,4.11,D,0
31.05761,74.84636,340.4,0.39,0.44,2023-10-30,828,N,VIIRS,n,2,299.86,4.05,D,0
31.06332,74.93827,335.68,0.4,0.44,2023-10-30,828,N,VIIRS,n,2,298.72,2.94,D,0
31.0674,74.9377,339.48,0.4,0.44,2023-10-30,828,N,VIIRS,n,2,298.83,2.94,D,0
31.07112,74.85703,340.95,0.39,0.44,2023-10-30,828,N,VIIRS,n,2,299.58,5.34,D,0
31.07903,75.04711,336.01,0.4,0.44,2023-10-30,828,N,VIIRS,n,2,299.31,3.32,D,0
31.08141,73.66431,333.26,0.51,0.41,2023-10-30,828,N,VIIRS,n,2,299.86,4.31,D,0
31.08253,73.66556,332.7,0.51,0.41,2023-10-30,828,N,VIIRS,n,2,300.59,3.87,D,0
31.08269,75.0423,341.17,0.4,0.44,2023-10-30,828,N,VIIRS,n,2,300.1,9.11,D,0
31.09427,75.23212,340.36,0.41,0.45,2023-10-30,828,N,VIIRS,n,2,299.63,3.73,D,0
31.09641,74.55733,341.21,0.57,0.43,2023-10-30,828,N,VIIRS,n,2,299.22,13.87,D,0
31.10334,75.31945,340.46,0.42,0.45,2023-10-30,828,N,VIIRS,n,2,301.45,7.23,D,0
31.10374,74.70255,334.66,0.38,0.44,2023-10-30,828,N,VIIRS,n,2,299.14,3.25,D,0
31.1038,75.32384,333.75,0.42,0.45,2023-10-30,828,N,VIIRS,n,2,298.65,7.23,D,0
31.10797,75.32327,342.46,0.42,0.45,2023-10-30,828,N,VIIRS,n,2,298.29,7.23,D,0
31.10887,70.92962,332.47,0.41,0.37,2023-10-30,828,N,VIIRS,n,2,298.3,2.84,D,0
31.10987,74.83909,330.9,0.39,0.44,2023-10-30,828,N,VIIRS,n,2,298.22,2.03,D,0
31.11546,73.36206,331.48,0.5,0.41,2023-10-30,828,N,VIIRS,n,2,299.18,2.98,D,0
31.11648,75.48873,338.55,0.42,0.46,2023-10-30,828,N,VIIRS,n,2,299.28,4.16,D,0
31.12427,74.58978,330.05,0.57,0.43,2023-10-30,828,N,VIIRS,n,2,298.44,3.53,D,0
31.12474,74.70778,343.37,0.39,0.44,2023-10-30,828,N,VIIRS,n,2,300.67,31.9,D,0
31.12784,75.39212,337.43,0.42,0.45,2023-10-30,828,N,VIIRS,n,2,299.26,5.61,D,0
31.13017,74.68222,346.24,0.38,0.43,2023-10-30,828,N,VIIRS,n,2,302.66,13.82,D,0
31.13293,74.59464,330.83,0.57,0.43,2023-10-30,828,N,VIIRS,n,2,298.76,7.1,D,0
31.1377,74.71417,340.66,0.39,0.44,2023-10-30,828,N,VIIRS,n,2,298.84,4.45,D,0
31.13824,74.60611,335.27,0.57,0.43,2023-10-30,828,N,VIIRS,n,2,299.75,12.21,D,0
31.1391,74.68919,354.75,0.38,0.44,2023-10-30,828,N,VIIRS,n,2,301.89,12.24,D,0
31.14224,74.60553,330.73,0.57,0.43,2023-10-30,828,N,VIIRS,n,2,298.34,4.24,D,0
31.14257,72.19301,330.63,0.44,0.39,2023-10-30,828,N,VIIRS,n,2,298.66,2.69,D,0
31.14561,75.06403,339.62,0.4,0.44,2023-10-30,828,N,VIIRS,n,2,299.55,2.57,D,0
31.14979,74.71243,340.91,0.39,0.44,2023-10-30,828,N,VIIRS,n,2,299.98,8.01,D,0
31.15201,74.92598,330.34,0.4,0.44,2023-10-30,828,N,VIIRS,n,2,299.11,1.4,D,0
31.15628,72.93642,340.98,0.47,0.4,2023-10-30,828,N,VIIRS,n,2,297.31,4.16,D,0
31.16192,75.22333,340.98,0.41,0.45,2023-10-30,828,N,VIIRS,n,2,302.05,6.82,D,0
31.16262,74.83154,345.74,0.39,0.44,2023-10-30,828,N,VIIRS,n,2,300.27,6.21,D,0
31.16368,74.68977,336.9,0.38,0.44,2023-10-30,828,N,VIIRS,n,2,298.91,2.59,D,0
31.16607,75.22276,337.96,0.41,0.45,2023-10-30,828,N,VIIRS,n,2,299.4,4.44,D,0
31.17622,75.44968,356.91,0.42,0.45,2023-10-30,828,N,VIIRS,n,2,301.75,9.75,D,0
31.17638,75.44884,345.63,0.42,0.45,2023-10-30,828,N,VIIRS,n,2,303.18,9.17,D,0
31.17708,73.62199,332.44,0.51,0.41,2023-10-30,828,N,VIIRS,n,2,299.76,3.62,D,0
31.17717,74.5387,335.73,0.57,0.43,2023-10-30,828,N,VIIRS,n,2,300.28,12,D,0
31.17957,74.53909,340.33,0.57,0.43,2023-10-30,828,N,VIIRS,n,2,298.25,11.06,D,0
31.18468,74.65784,342.59,0.38,0.43,2023-10-30,828,N,VIIRS,n,2,300.42,10.04,D,0
31.18508,74.92544,341.82,0.4,0.44,2023-10-30,828,N,VIIRS,n,2,299.61,3.61,D,0
31.18698,74.60516,332.47,0.57,0.43,2023-10-30,828,N,VIIRS,n,2,298.69,4.87,D,0
31.18817,74.60433,331.18,0.57,0.43,2023-10-30,828,N,VIIRS,n,2,298.3,3.15,D,0
31.18922,74.8109,342.15,0.39,0.44,2023-10-30,828,N,VIIRS,n,2,298.84,5.89,D,0
31.19436,74.63483,332.4,0.57,0.43,2023-10-30,828,N,VIIRS,n,2,298.79,6.13,D,0
31.19527,74.63302,340.32,0.38,0.43,2023-10-30,828,N,VIIRS,n,2,300.06,6.24,D,0
31.19687,74.80557,343.19,0.39,0.44,2023-10-30,828,N,VIIRS,n,2,299.38,6.07,D,0
31.19777,74.96631,331.09,0.4,0.44,2023-10-30,828,N,VIIRS,n,2,298.94,4.22,D,0
31.20094,74.84281,337.3,0.39,0.44,2023-10-30,828,N,VIIRS,n,2,298.63,2.03,D,0
31.20262,73.7393,330.67,0.52,0.41,2023-10-30,828,N,VIIRS,n,2,299.04,2.8,D,0
31.21048,74.93036,345.95,0.4,0.44,2023-10-30,828,N,VIIRS,n,2,304.65,27.81,D,0
31.21245,74.52744,330.36,0.57,0.43,2023-10-30,828,N,VIIRS,n,2,298.84,2.74,D,0
31.21453,74.89154,341.07,0.39,0.44,2023-10-30,828,N,VIIRS,n,2,298.92,2.5,D,0
31.21478,74.66312,344.21,0.38,0.43,2023-10-30,828,N,VIIRS,n,2,300.04,6.73,D,0
31.21598,75.05848,334.49,0.4,0.44,2023-10-30,828,N,VIIRS,n,2,298.76,2.34,D,0
31.2188,74.66254,351.99,0.38,0.43,2023-10-30,828,N,VIIRS,n,2,298.98,6.73,D,0
31.224,74.71143,346.92,0.39,0.44,2023-10-30,828,N,VIIRS,n,2,299.22,6.85,D,0
31.22424,74.63703,332.37,0.38,0.43,2023-10-30,828,N,VIIRS,n,2,298.01,3.23,D,0
31.22467,74.64108,340.21,0.38,0.43,2023-10-30,828,N,VIIRS,n,2,298.25,3.23,D,0
31.22647,75.03962,340.06,0.4,0.44,2023-10-30,828,N,VIIRS,n,2,299.22,9.76,D,0
31.22693,75.04389,341.7,0.4,0.44,2023-10-30,828,N,VIIRS,n,2,300.67,9.76,D,0
31.23119,74.70209,344.85,0.39,0.44,2023-10-30,828,N,VIIRS,n,2,299.31,4.73,D,0
31.2312,74.93771,331.12,0.4,0.44,2023-10-30,828,N,VIIRS,n,2,298.79,2.26,D,0
31.23175,74.51851,332.26,0.57,0.43,2023-10-30,828,N,VIIRS,n,2,297.74,4.17,D,0
31.23348,74.6852,339.2,0.39,0.44,2023-10-30,828,N,VIIRS,n,2,300.06,7.08,D,0
31.23391,74.68926,340.04,0.39,0.44,2023-10-30,828,N,VIIRS,n,2,299.27,7.08,D,0
31.23512,74.97567,340.82,0.4,0.44,2023-10-30,828,N,VIIRS,n,2,299.04,2.75,D,0
31.23525,75.31983,334.66,0.42,0.45,2023-10-30,828,N,VIIRS,n,2,301.7,4.15,D,0
31.23541,74.62716,338.63,0.38,0.43,2023-10-30,828,N,VIIRS,n,2,298.18,3.15,D,0
31.24052,74.98779,338.77,0.4,0.44,2023-10-30,828,N,VIIRS,n,2,300.59,7.95,D,0
31.24096,74.99202,334.79,0.4,0.44,2023-10-30,828,N,VIIRS,n,2,297.57,7.95,D,0
31.24189,73.17561,336.21,0.49,0.4,2023-10-30,828,N,VIIRS,n,2,299.94,4.86,D,0
31.24302,73.17285,332.94,0.49,0.4,2023-10-30,828,N,VIIRS,n,2,300.45,4.75,D,0
31.2433,74.85527,340.5,0.39,0.44,2023-10-30,828,N,VIIRS,n,2,299.18,6.41,D,0
31.2444,74.78773,331.89,0.39,0.44,2023-10-30,828,N,VIIRS,n,2,299.18,1.45,D,0
31.24695,74.65845,345.19,0.38,0.43,2023-10-30,828,N,VIIRS,n,2,299.72,4.51,D,0
31.24739,74.66252,337.42,0.38,0.44,2023-10-30,828,N,VIIRS,n,2,298.43,4.51,D,0
31.24783,74.66659,340.5,0.38,0.44,2023-10-30,828,N,VIIRS,n,2,299.81,5.76,D,0
31.24829,74.59557,341.85,0.57,0.43,2023-10-30,828,N,VIIRS,n,2,299.79,5,D,0
31.25076,75.04675,353.42,0.4,0.44,2023-10-30,828,N,VIIRS,n,2,300.41,8.91,D,0
31.25583,74.89584,355.49,0.4,0.44,2023-10-30,828,N,VIIRS,n,2,300.96,10.04,D,0
31.2588,74.96372,338.49,0.4,0.44,2023-10-30,828,N,VIIRS,n,2,297.98,4.55,D,0
31.26025,74.93785,333.77,0.4,0.44,2023-10-30,828,N,VIIRS,n,2,297.74,12.53,D,0
31.2631,75.045,347.34,0.4,0.44,2023-10-30,828,N,VIIRS,n,2,300.14,9.82,D,0
31.26434,74.93728,348.76,0.4,0.44,2023-10-30,828,N,VIIRS,n,2,300.6,12.53,D,0
31.26522,74.94569,332.25,0.4,0.44,2023-10-30,828,N,VIIRS,n,2,297.15,3.92,D,0
31.26555,74.98854,336.63,0.4,0.44,2023-10-30,828,N,VIIRS,n,2,298.74,2.22,D,0
31.2694,74.90669,334.48,0.4,0.44,2023-10-30,828,N,VIIRS,n,2,298.97,4.24,D,0
31.26966,74.98796,334.48,0.4,0.44,2023-10-30,828,N,VIIRS,n,2,299.54,2.22,D,0
31.27088,75.03957,340.95,0.4,0.44,2023-10-30,828,N,VIIRS,n,2,299.83,2.95,D,0
31.27099,75.00067,334.08,0.4,0.44,2023-10-30,828,N,VIIRS,n,2,297.72,2.74,D,0
31.27207,74.9319,344.58,0.4,0.44,2023-10-30,828,N,VIIRS,n,2,298.78,5.19,D,0
31.27284,74.70853,351.26,0.39,0.44,2023-10-30,828,N,VIIRS,n,2,301.09,7.61,D,0
31.27494,75.20092,347.63,0.41,0.45,2023-10-30,828,N,VIIRS,n,2,299.25,4.51,D,0
31.27499,75.03898,335.07,0.4,0.44,2023-10-30,828,N,VIIRS,n,2,298.8,2.95,D,0
31.27688,74.70795,345.21,0.39,0.44,2023-10-30,828,N,VIIRS,n,2,298.92,12.25,D,0
31.277,74.56074,333.86,0.57,0.43,2023-10-30,828,N,VIIRS,n,2,300.38,8.26,D,0
31.27732,74.71204,348.18,0.39,0.44,2023-10-30,828,N,VIIRS,n,2,301.36,16.52,D,0
31.27935,74.92233,343.89,0.4,0.44,2023-10-30,828,N,VIIRS,n,2,299.58,3.58,D,0
31.27958,74.62079,354.1,0.38,0.43,2023-10-30,828,N,VIIRS,n,2,298.6,7.99,D,0
31.28136,74.71147,343.25,0.39,0.44,2023-10-30,828,N,VIIRS,n,2,303.26,16.52,D,0
31.28388,74.92595,339.91,0.4,0.44,2023-10-30,828,N,VIIRS,n,2,299.74,3.72,D,0
31.28638,74.6085,346.31,0.57,0.43,2023-10-30,828,N,VIIRS,n,2,301.1,16.12,D,0
31.28785,75.00261,336.61,0.4,0.44,2023-10-30,828,N,VIIRS,n,2,299.68,7.88,D,0
31.28987,74.67706,330.89,0.39,0.44,2023-10-30,828,N,VIIRS,n,2,299.76,2.02,D,0
31.29276,73.76176,332.63,0.52,0.41,2023-10-30,828,N,VIIRS,n,2,298.35,4.47,D,0
31.2933,75.01479,341.65,0.4,0.44,2023-10-30,828,N,VIIRS,n,2,300.9,5.65,D,0
31.29583,74.53754,334.48,0.57,0.43,2023-10-30,828,N,VIIRS,n,2,298.32,5.51,D,0
31.29659,73.76117,332.4,0.52,0.41,2023-10-30,828,N,VIIRS,n,2,297.45,4.47,D,0
31.30205,74.90205,336.3,0.4,0.44,2023-10-30,828,N,VIIRS,n,2,298.4,2.62,D,0
31.30906,75.20501,336.63,0.41,0.45,2023-10-30,828,N,VIIRS,n,2,298.94,3.94,D,0
31.31248,74.99914,341.85,0.4,0.44,2023-10-30,828,N,VIIRS,n,2,301,11.44,D,0
31.31381,73.72283,338.73,0.52,0.41,2023-10-30,828,N,VIIRS,n,2,298.91,7.98,D,0
31.31569,73.72479,345.57,0.52,0.41,2023-10-30,828,N,VIIRS,n,2,298.56,9.25,D,0
31.31907,75.30159,339.41,0.42,0.45,2023-10-30,828,N,VIIRS,n,2,299.18,7.77,D,0
31.32434,75.14996,332.61,0.41,0.45,2023-10-30,828,N,VIIRS,n,2,299.1,2.23,D,0
31.32892,75.03574,332.53,0.4,0.44,2023-10-30,828,N,VIIRS,n,2,297.94,2.39,D,0
31.33071,74.83036,344.53,0.39,0.44,2023-10-30,828,N,VIIRS,n,2,301.16,13.39,D,0
31.33404,72.17848,333.92,0.44,0.39,2023-10-30,828,N,VIIRS,n,2,297.8,2.75,D,0
31.33547,72.1805,333.12,0.44,0.39,2023-10-30,828,N,VIIRS,n,2,297.56,3.19,D,0
31.33721,75.11303,332.76,0.41,0.45,2023-10-30,828,N,VIIRS,n,2,299.04,4.32,D,0
31.34119,74.65726,336.78,0.39,0.44,2023-10-30,828,N,VIIRS,n,2,297.94,2.19,D,0
31.34308,74.56126,332.41,0.57,0.43,2023-10-30,828,N,VIIRS,n,2,297.85,3.61,D,0
31.35459,74.98067,342.64,0.4,0.44,2023-10-30,828,N,VIIRS,n,2,299.37,5.53,D,0
31.35833,75.1144,354.2,0.41,0.45,2023-10-30,828,N,VIIRS,n,2,300.63,7.56,D,0
31.35869,74.98008,341.86,0.4,0.44,2023-10-30,828,N,VIIRS,n,2,299.22,5.53,D,0
31.35913,74.98434,341.38,0.4,0.44,2023-10-30,828,N,VIIRS,n,2,299.36,5.53,D,0
31.35997,75.1147,346.03,0.41,0.45,2023-10-30,828,N,VIIRS,n,2,301.63,6.96,D,0
31.36367,75.10979,342.03,0.41,0.45,2023-10-30,828,N,VIIRS,n,2,299.24,6.96,D,0
31.36752,74.71165,330.35,0.39,0.44,2023-10-30,828,N,VIIRS,n,2,299.1,1.38,D,0
31.37004,75.22318,340.89,0.41,0.45,2023-10-30,828,N,VIIRS,n,2,299.29,4,D,0
31.37005,74.81204,339.04,0.39,0.44,2023-10-30,828,N,VIIRS,n,2,299.58,3.93,D,0
31.37102,75.2237,334.84,0.41,0.45,2023-10-30,828,N,VIIRS,n,2,298.68,2.94,D,0
31.37373,72.17645,348.52,0.44,0.39,2023-10-30,828,N,VIIRS,n,2,300.94,16.5,D,0
31.37567,74.59861,331.83,0.38,0.43,2023-10-30,828,N,VIIRS,n,2,298.02,3.72,D,0
31.3762,72.49859,339.93,0.46,0.39,2023-10-30,828,N,VIIRS,n,2,299.09,5.26,D,0
31.37748,72.50122,335.32,0.46,0.39,2023-10-30,828,N,VIIRS,n,2,298.35,7.08,D,0
31.37918,75.2627,330.19,0.42,0.45,2023-10-30,828,N,VIIRS,n,2,298.34,2.4,D,0
31.38261,75.2132,341.68,0.41,0.45,2023-10-30,828,N,VIIRS,n,2,300.66,6.69,D,0
31.38321,74.74286,338.68,0.39,0.44,2023-10-30,828,N,VIIRS,n,2,297.77,4.04,D,0
31.38366,74.74699,352.61,0.39,0.44,2023-10-30,828,N,VIIRS,n,2,305.93,27.26,D,0
31.38771,74.74641,330.65,0.39,0.44,2023-10-30,828,N,VIIRS,n,2,297.33,3.59,D,0
31.39129,74.7795,338.63,0.39,0.44,2023-10-30,828,N,VIIRS,n,2,299.41,3.39,D,0
31.39576,75.1361,340.74,0.41,0.45,2023-10-30,828,N,VIIRS,n,2,300.1,7.89,D,0
31.39891,75.16661,341.54,0.41,0.45,2023-10-30,828,N,VIIRS,n,2,300.1,7.67,D,0
31.39936,75.17097,334.86,0.41,0.45,2023-10-30,828,N,VIIRS,n,2,297.73,7.67,D,0
31.40456,75.09968,343.4,0.41,0.45,2023-10-30,828,N,VIIRS,n,2,298.92,4.56,D,0
31.40622,75.36251,332.53,0.42,0.45,2023-10-30,828,N,VIIRS,n,2,299.28,2.46,D,0
31.41828,75.15055,341.64,0.41,0.45,2023-10-30,828,N,VIIRS,n,2,300.36,4.4,D,0
31.41908,75.23931,337.35,0.41,0.45,2023-10-30,828,N,VIIRS,n,2,299.45,3.23,D,0
31.41946,70.7054,334.09,0.4,0.37,2023-10-30,828,N,VIIRS,n,2,300.1,2.19,D,0
31.4211,74.82593,344.88,0.39,0.44,2023-10-30,828,N,VIIRS,n,2,299.6,5.91,D,0
31.42325,75.23873,341.41,0.41,0.45,2023-10-30,828,N,VIIRS,n,2,299.14,5.27,D,0
31.42435,74.625,331.65,0.38,0.44,2023-10-30,828,N,VIIRS,n,2,298.6,2.03,D,0
31.42845,74.97025,340.8,0.4,0.44,2023-10-30,828,N,VIIRS,n,2,299.15,4.83,D,0
31.4424,74.83626,337.55,0.39,0.44,2023-10-30,828,N,VIIRS,n,2,304.43,20.15,D,0
31.44284,74.84045,340.83,0.39,0.44,2023-10-30,828,N,VIIRS,n,2,299.27,14.98,D,0
31.44406,75.07665,338.73,0.41,0.45,2023-10-30,828,N,VIIRS,n,2,298.2,2.21,D,0
31.44632,73.98886,340.89,0.54,0.42,2023-10-30,828,N,VIIRS,n,2,298.48,8.17,D,0
31.44645,73.99127,336.81,0.54,0.42,2023-10-30,828,N,VIIRS,n,2,298.34,8.99,D,0
31.44967,74.82671,341.37,0.39,0.44,2023-10-30,828,N,VIIRS,n,2,299.52,5.21,D,0
31.45374,74.82613,337.88,0.39,0.44,2023-10-30,828,N,VIIRS,n,2,299.02,5.35,D,0
31.46858,75.18787,336.66,0.41,0.45,2023-10-30,828,N,VIIRS,n,2,299.53,2.66,D,0
31.46929,75.05654,345.72,0.41,0.45,2023-10-30,828,N,VIIRS,n,2,298.83,4.44,D,0
31.47009,75.18867,331.95,0.41,0.45,2023-10-30,828,N,VIIRS,n,2,298.87,3.02,D,0
31.47524,75.33041,336.39,0.42,0.45,2023-10-30,828,N,VIIRS,n,2,302.47,13.16,D,0
31.47571,75.33487,341.58,0.42,0.45,2023-10-30,828,N,VIIRS,n,2,300.14,14.91,D,0
31.48283,75.48464,334.7,0.43,0.46,2023-10-30,828,N,VIIRS,n,2,300.36,2.31,D,0
31.49801,72.224,340.89,0.45,0.39,2023-10-30,828,N,VIIRS,n,2,297.99,8.56,D,0
31.49981,75.40105,339.69,0.42,0.46,2023-10-30,828,N,VIIRS,n,2,299.49,2.59,D,0
31.50126,74.80663,341.32,0.39,0.44,2023-10-30,828,N,VIIRS,n,2,298.35,5.08,D,0
31.50351,74.82753,333.35,0.39,0.44,2023-10-30,828,N,VIIRS,n,2,298.3,3.85,D,0
31.50393,74.60519,330.89,0.38,0.43,2023-10-30,828,N,VIIRS,n,2,297.84,2.62,D,0
31.50397,72.30046,332.26,0.45,0.39,2023-10-30,828,N,VIIRS,n,2,296.59,6.93,D,0
31.50668,74.7047,340.62,0.39,0.44,2023-10-30,828,N,VIIRS,n,2,299.19,6.74,D,0
31.50697,75.21917,330.96,0.41,0.45,2023-10-30,828,N,VIIRS,n,2,298.65,2.04,D,0
31.50846,74.68353,341.91,0.39,0.44,2023-10-30,828,N,VIIRS,n,2,297.97,3.56,D,0
31.5125,74.68295,337.32,0.39,0.44,2023-10-30,828,N,VIIRS,n,2,297.43,3.36,D,0
31.51339,75.24064,332.09,0.42,0.45,2023-10-30,828,N,VIIRS,n,2,298.79,2.04,D,0
31.51344,74.72889,331.82,0.39,0.44,2023-10-30,828,N,VIIRS,n,2,299.04,2.52,D,0
31.51389,74.73302,334.52,0.39,0.44,2023-10-30,828,N,VIIRS,n,2,298.68,2.52,D,0
31.52067,72.28791,344.81,0.45,0.39,2023-10-30,828,N,VIIRS,n,2,297.98,6.38,D,0
31.52796,74.82404,333.05,0.39,0.44,2023-10-30,828,N,VIIRS,n,2,297.25,4.34,D,0
31.53152,75.2113,341.29,0.41,0.45,2023-10-30,828,N,VIIRS,n,2,298.94,5.57,D,0
31.54184,72.13952,332.69,0.44,0.39,2023-10-30,828,N,VIIRS,n,2,297.13,8.34,D,0
31.54267,73.86526,333.37,0.53,0.42,2023-10-30,828,N,VIIRS,n,2,298.24,5.11,D,0
31.5437,73.86392,335.23,0.53,0.42,2023-10-30,828,N,VIIRS,n,2,297.7,5.31,D,0
31.54586,75.2272,348.62,0.42,0.45,2023-10-30,828,N,VIIRS,n,2,300.43,8.17,D,0
31.54609,74.80897,342.46,0.39,0.44,2023-10-30,828,N,VIIRS,n,2,298.36,4.45,D,0
31.54629,75.27204,331.88,0.42,0.45,2023-10-30,828,N,VIIRS,n,2,298.25,1.59,D,0
31.54874,72.30744,335.18,0.45,0.39,2023-10-30,828,N,VIIRS,n,2,299.03,3.81,D,0
31.54934,72.31221,347.85,0.45,0.39,2023-10-30,828,N,VIIRS,n,2,301.73,9.59,D,0
31.54978,72.22965,335.72,0.45,0.39,2023-10-30,828,N,VIIRS,n,2,299.23,7.3,D,0
31.55048,75.27145,335.86,0.42,0.45,2023-10-30,828,N,VIIRS,n,2,298.32,3.4,D,0
31.55232,72.30683,334.6,0.45,0.39,2023-10-30,828,N,VIIRS,n,2,297.81,9.04,D,0
31.55257,72.60281,335.27,0.46,0.39,2023-10-30,828,N,VIIRS,n,2,299.72,3.34,D,0
31.55274,72.22431,346.64,0.45,0.39,2023-10-30,828,N,VIIRS,n,2,299.47,7.3,D,0
31.55293,72.31159,344.28,0.45,0.39,2023-10-30,828,N,VIIRS,n,2,304.16,49.25,D,0
31.55495,72.22578,340.53,0.45,0.39,2023-10-30,828,N,VIIRS,n,2,299.51,7.01,D,0
31.55619,72.6022,334.29,0.46,0.39,2023-10-30,828,N,VIIRS,n,2,297.25,3.34,D,0
31.56013,73.73113,342.83,0.52,0.42,2023-10-30,828,N,VIIRS,n,2,297.56,5.84,D,0
31.56149,75.05674,340.97,0.41,0.45,2023-10-30,828,N,VIIRS,n,2,299.2,5.35,D,0
31.56322,75.05701,340.53,0.41,0.45,2023-10-30,828,N,VIIRS,n,2,298.4,4.5,D,0
31.5634,75.47976,341.16,0.43,0.46,2023-10-30,828,N,VIIRS,n,2,301.13,7.22,D,0
31.56432,74.90476,331.21,0.4,0.44,2023-10-30,828,N,VIIRS,n,2,298.02,1.84,D,0
31.56434,72.3438,341.6,0.45,0.39,2023-10-30,828,N,VIIRS,n,2,298.45,8.7,D,0
31.56515,72.16132,332.28,0.45,0.39,2023-10-30,828,N,VIIRS,n,2,297.85,9.17,D,0
31.5658,75.4195,341,0.43,0.46,2023-10-30,828,N,VIIRS,n,2,300.87,4.03,D,0
31.56691,72.17545,336.38,0.45,0.39,2023-10-30,828,N,VIIRS,n,2,298.68,5.36,D,0
31.56783,74.93876,330.07,0.4,0.44,2023-10-30,828,N,VIIRS,n,2,298.51,1.78,D,0
31.5703,74.88241,333.99,0.4,0.44,2023-10-30,828,N,VIIRS,n,2,299.33,2.36,D,0
31.57174,74.66196,341.29,0.39,0.44,2023-10-30,828,N,VIIRS,n,2,299.01,7.97,D,0
31.57416,74.8007,333.03,0.39,0.44,2023-10-30,828,N,VIIRS,n,2,298.75,2.99,D,0
31.57861,72.32867,345.05,0.45,0.39,2023-10-30,828,N,VIIRS,n,2,304.12,31.52,D,0
31.58206,75.24913,334.9,0.42,0.45,2023-10-30,828,N,VIIRS,n,2,298.61,4.84,D,0
31.58219,72.32804,343.68,0.45,0.39,2023-10-30,828,N,VIIRS,n,2,298.12,6.61,D,0
31.5826,75.2498,331.01,0.42,0.45,2023-10-30,828,N,VIIRS,n,2,298.07,4.43,D,0
31.58268,75.41721,336.82,0.43,0.46,2023-10-30,828,N,VIIRS,n,2,298.9,3.4,D,0
31.58278,72.33283,333.23,0.45,0.39,2023-10-30,828,N,VIIRS,n,2,298.22,6.61,D,0
31.58394,75.26686,336.77,0.42,0.45,2023-10-30,828,N,VIIRS,n,2,298.94,3.26,D,0
31.58437,75.26756,334.64,0.42,0.45,2023-10-30,828,N,VIIRS,n,2,298.7,2.94,D,0
31.59237,75.30634,334.59,0.42,0.45,2023-10-30,828,N,VIIRS,n,2,299.72,2.91,D,0
31.59256,75.3071,334.25,0.42,0.45,2023-10-30,828,N,VIIRS,n,2,300.25,3.62,D,0
31.59654,72.32561,335.72,0.45,0.39,2023-10-30,828,N,VIIRS,n,2,297.05,4.08,D,0
31.59714,72.33039,334.21,0.45,0.39,2023-10-30,828,N,VIIRS,n,2,298.5,4.08,D,0
31.59769,74.78884,346.75,0.39,0.44,2023-10-30,828,N,VIIRS,n,2,302.59,13.89,D,0
31.5982,74.7169,330.13,0.39,0.44,2023-10-30,828,N,VIIRS,n,2,298.24,3.17,D,0
31.60047,74.62446,334.68,0.39,0.44,2023-10-30,828,N,VIIRS,n,2,297.87,2.94,D,0
31.60462,75.42896,335.55,0.43,0.46,2023-10-30,828,N,VIIRS,n,2,300.31,5.01,D,0
31.60522,75.42795,333.11,0.43,0.46,2023-10-30,828,N,VIIRS,n,2,299.69,5.28,D,0
31.60826,75.21031,342.7,0.42,0.45,2023-10-30,828,N,VIIRS,n,2,299.22,4.94,D,0
31.61785,74.55972,331.25,0.38,0.43,2023-10-30,828,N,VIIRS,n,2,297.23,2.3,D,0
31.62401,72.25274,330.71,0.45,0.39,2023-10-30,828,N,VIIRS,n,2,298.55,2.31,D,0
31.6273,75.18977,330.41,0.41,0.45,2023-10-30,828,N,VIIRS,n,2,299.75,1.98,D,0
31.62866,73.66754,333.42,0.52,0.41,2023-10-30,828,N,VIIRS,n,2,298.3,3.63,D,0
31.6424,72.1963,338.84,0.45,0.39,2023-10-30,828,N,VIIRS,n,2,298.03,8.71,D,0
31.64687,72.49442,330.3,0.46,0.39,2023-10-30,828,N,VIIRS,n,2,297.99,4.89,D,0
31.65134,74.97908,335.82,0.4,0.44,2023-10-30,828,N,VIIRS,n,2,298.1,2.83,D,0
31.65269,74.76569,330.35,0.39,0.44,2023-10-30,828,N,VIIRS,n,2,298.89,4.4,D,0
31.65942,72.38849,356.71,0.46,0.39,2023-10-30,828,N,VIIRS,n,2,298.93,8.27,D,0
31.66204,73.51796,331.22,0.51,0.41,2023-10-30,828,N,VIIRS,n,2,298.57,2.82,D,0
31.6699,75.19283,345.54,0.41,0.45,2023-10-30,828,N,VIIRS,n,2,301.41,9.73,D,0
31.67086,75.28275,336.91,0.42,0.45,2023-10-30,828,N,VIIRS,n,2,299.46,3.65,D,0
31.6771,72.5892,346.71,0.46,0.39,2023-10-30,828,N,VIIRS,n,2,299.4,8.79,D,0
31.68563,75.08598,341.03,0.41,0.45,2023-10-30,828,N,VIIRS,n,2,299.92,4.74,D,0
31.68719,75.31682,332.37,0.42,0.45,2023-10-30,828,N,VIIRS,n,2,299.75,2.21,D,0
31.69349,72.27175,338.58,0.45,0.39,2023-10-30,828,N,VIIRS,n,2,298.41,3.23,D,0
31.69516,74.77663,330.18,0.39,0.44,2023-10-30,828,N,VIIRS,n,2,298.18,1.7,D,0
31.69952,75.39533,340.46,0.43,0.46,2023-10-30,828,N,VIIRS,n,2,301.36,3.15,D,0
31.69991,75.39743,345.94,0.43,0.46,2023-10-30,828,N,VIIRS,n,2,301.34,5.43,D,0
31.70597,75.37363,332.01,0.42,0.46,2023-10-30,828,N,VIIRS,n,2,299.67,3.88,D,0
31.70617,75.37602,353.81,0.43,0.46,2023-10-30,828,N,VIIRS,n,2,300.29,7.85,D,0
31.70645,75.37815,340.67,0.42,0.46,2023-10-30,828,N,VIIRS,n,2,299.98,7.21,D,0
31.71155,75.43062,334.37,0.43,0.46,2023-10-30,828,N,VIIRS,n,2,300.45,4.4,D,0
31.71168,75.42808,337.61,0.43,0.46,2023-10-30,828,N,VIIRS,n,2,301.03,2.66,D,0
31.71567,73.06035,335.95,0.49,0.4,2023-10-30,828,N,VIIRS,n,2,298.89,7.83,D,0
31.71732,74.67609,330.52,0.39,0.44,2023-10-30,828,N,VIIRS,n,2,298.45,3.43,D,0
31.71881,75.24675,331.03,0.42,0.45,2023-10-30,828,N,VIIRS,n,2,300.88,1.76,D,0
31.71939,73.05975,340.32,0.49,0.4,2023-10-30,828,N,VIIRS,n,2,298.77,7.83,D,0
31.72847,75.42827,332.69,0.43,0.46,2023-10-30,828,N,VIIRS,n,2,301.5,2.75,D,0
31.73665,73.26968,341.68,0.5,0.41,2023-10-30,828,N,VIIRS,n,2,297.85,3.72,D,0
31.73942,75.15851,341.56,0.41,0.45,2023-10-30,828,N,VIIRS,n,2,299.38,4.32,D,0
31.73988,75.16292,335.39,0.41,0.45,2023-10-30,828,N,VIIRS,n,2,297.71,4.32,D,0
31.7417,73.08775,337.44,0.49,0.4,2023-10-30,828,N,VIIRS,n,2,298.19,5.3,D,0
31.74359,75.15793,340.82,0.41,0.45,2023-10-30,828,N,VIIRS,n,2,299.45,7.98,D,0
31.75092,75.22877,330.88,0.42,0.45,2023-10-30,828,N,VIIRS,n,2,299.65,2.99,D,0
31.75138,75.23322,335.64,0.42,0.45,2023-10-30,828,N,VIIRS,n,2,299.16,2.99,D,0
31.75567,72.97237,330.44,0.48,0.4,2023-10-30,828,N,VIIRS,n,2,299.06,1.95,D,0
31.75872,73.66193,330.23,0.52,0.42,2023-10-30,828,N,VIIRS,n,2,298.37,2.76,D,0
31.75934,73.66745,331.25,0.52,0.42,2023-10-30,828,N,VIIRS,n,2,297.5,3.83,D,0
31.7598,73.23913,343.83,0.5,0.41,2023-10-30,828,N,VIIRS,n,2,299.99,14.47,D,0
31.77228,75.14948,331.47,0.41,0.45,2023-10-30,828,N,VIIRS,n,2,298.05,1.77,D,0
31.77757,74.90274,341.63,0.4,0.44,2023-10-30,828,N,VIIRS,n,2,299.23,2.61,D,0
31.77842,74.59619,346.31,0.39,0.44,2023-10-30,828,N,VIIRS,n,2,298.05,6.8,D,0
31.78019,72.25,331.16,0.45,0.39,2023-10-30,828,N,VIIRS,n,2,297.52,2.7,D,0
31.78168,74.90215,339.18,0.4,0.44,2023-10-30,828,N,VIIRS,n,2,298.07,2.93,D,0
31.78534,74.89729,337.54,0.4,0.44,2023-10-30,828,N,VIIRS,n,2,298.81,2.93,D,0
31.78733,72.67374,333.55,0.47,0.4,2023-10-30,828,N,VIIRS,n,2,298.16,2.79,D,0
31.78881,73.51785,339.68,0.51,0.41,2023-10-30,828,N,VIIRS,n,2,299.09,5.05,D,0
31.79054,73.10876,331.13,0.49,0.4,2023-10-30,828,N,VIIRS,n,2,298.38,3.08,D,0
31.79509,74.99189,335.63,0.41,0.45,2023-10-30,828,N,VIIRS,n,2,298.43,1.99,D,0
31.79554,75.12016,338.33,0.41,0.45,2023-10-30,828,N,VIIRS,n,2,299.44,2.04,D,0
31.79756,73.79752,333.46,0.53,0.42,2023-10-30,828,N,VIIRS,n,2,297.35,4.69,D,0
31.80083,73.48833,330.39,0.51,0.41,2023-10-30,828,N,VIIRS,n,2,298.42,3.04,D,0
31.80385,74.32659,332,0.56,0.43,2023-10-30,828,N,VIIRS,n,2,298.21,6.93,D,0
31.80503,75.33959,341.41,0.42,0.45,2023-10-30,828,N,VIIRS,n,2,301.77,4.21,D,0
31.80592,74.32803,338.42,0.56,0.43,2023-10-30,828,N,VIIRS,n,2,297.3,6.06,D,0
31.81276,74.0033,333.6,0.54,0.42,2023-10-30,828,N,VIIRS,n,2,298.24,7.91,D,0
31.81517,74.70872,331.19,0.39,0.44,2023-10-30,828,N,VIIRS,n,2,297.58,2.16,D,0
31.8355,74.93807,340.51,0.4,0.44,2023-10-30,828,N,VIIRS,n,2,298.81,2.2,D,0
31.83659,73.47456,332.83,0.51,0.41,2023-10-30,828,N,VIIRS,n,2,297.86,1.96,D,0
31.85837,74.81001,339.72,0.4,0.44,2023-10-30,828,N,VIIRS,n,2,298.61,3.46,D,0
31.85915,74.80917,339.41,0.4,0.44,2023-10-30,828,N,VIIRS,n,2,298.79,4.07,D,0
31.86098,73.62103,331.2,0.52,0.41,2023-10-30,828,N,VIIRS,n,2,299.76,2.98,D,0
31.86358,74.86103,341.98,0.4,0.44,2023-10-30,828,N,VIIRS,n,2,299.2,5.37,D,0
31.8639,72.30434,332.42,0.45,0.39,2023-10-30,828,N,VIIRS,n,2,298.49,3,D,0
31.86469,74.86012,331.11,0.4,0.44,2023-10-30,828,N,VIIRS,n,2,298.84,5.84,D,0
31.87547,75.07783,340.61,0.41,0.45,2023-10-30,828,N,VIIRS,n,2,299.1,6.57,D,0
31.87963,75.07726,341.9,0.41,0.45,2023-10-30,828,N,VIIRS,n,2,300.56,6.57,D,0
31.88238,73.00775,345.68,0.49,0.4,2023-10-30,828,N,VIIRS,n,2,300.17,17.39,D,0
31.88274,73.57284,335.82,0.52,0.41,2023-10-30,828,N,VIIRS,n,2,298.67,8.28,D,0
31.88609,73.00715,338.32,0.49,0.4,2023-10-30,828,N,VIIRS,n,2,298.14,6.15,D,0
31.8961,73.58754,337.86,0.52,0.41,2023-10-30,828,N,VIIRS,n,2,298.16,4.17,D,0
31.89864,75.12471,341.14,0.41,0.45,2023-10-30,828,N,VIIRS,n,2,301.38,14.81,D,0
31.89997,74.65477,338.06,0.39,0.44,2023-10-30,828,N,VIIRS,n,2,297.29,3.31,D,0
31.90492,74.66253,338.92,0.39,0.44,2023-10-30,828,N,VIIRS,n,2,299.05,3.78,D,0
31.91925,75.49686,332.79,0.43,0.46,2023-10-30,828,N,VIIRS,n,2,298.89,2.73,D,0
31.94814,73.90458,330.85,0.54,0.42,2023-10-30,828,N,VIIRS,n,2,296.76,4.31,D,0
31.95916,73.64399,338.39,0.52,0.42,2023-10-30,828,N,VIIRS,n,2,298.22,7.58,D,0
31.96067,75.11167,340.42,0.41,0.45,2023-10-30,828,N,VIIRS,n,2,298.69,3.93,D,0
31.96163,74.96064,337.1,0.41,0.45,2023-10-30,828,N,VIIRS,n,2,299.31,2.85,D,0
31.97184,73.68732,333.85,0.52,0.42,2023-10-30,828,N,VIIRS,n,2,298.02,4.55,D,0
31.97531,74.8717,333.47,0.4,0.44,2023-10-30,828,N,VIIRS,n,2,297.76,2.94,D,0
31.97538,73.51246,341.18,0.51,0.41,2023-10-30,828,N,VIIRS,n,2,299.69,8.72,D,0
31.9768,74.98493,335.48,0.41,0.45,2023-10-30,828,N,VIIRS,n,2,297.87,1.85,D,0
31.97847,73.57346,339.74,0.52,0.41,2023-10-30,828,N,VIIRS,n,2,298.21,5.94,D,0
31.9792,73.51186,340.35,0.51,0.41,2023-10-30,828,N,VIIRS,n,2,297.15,8.72,D,0
31.98219,75.48988,332.26,0.43,0.46,2023-10-30,828,N,VIIRS,n,2,299.24,2.34,D,0
31.98228,74.95774,335.49,0.41,0.45,2023-10-30,828,N,VIIRS,n,2,298.82,3.64,D,0
31.98414,74.9751,337.52,0.41,0.45,2023-10-30,828,N,VIIRS,n,2,298.91,2.86,D,0
31.9852,75.01086,330.74,0.41,0.45,2023-10-30,828,N,VIIRS,n,2,298.75,1.69,D,0
31.99062,73.54356,334.45,0.52,0.41,2023-10-30,828,N,VIIRS,n,2,297.21,3.68,D,0
31.99254,73.49306,332.78,0.51,0.41,2023-10-30,828,N,VIIRS,n,2,297.72,2.67,D,0
31.997,73.91357,335.78,0.54,0.42,2023-10-30,828,N,VIIRS,n,2,297.84,5.6,D,0
32.00976,75.08759,343.11,0.41,0.45,2023-10-30,828,N,VIIRS,n,2,300.44,9.03,D,0
32.0203,75.23529,337.1,0.42,0.45,2023-10-30,828,N,VIIRS,n,2,298.3,3.46,D,0
32.02762,74.97392,335.37,0.41,0.45,2023-10-30,828,N,VIIRS,n,2,298.2,2.29,D,0
32.03362,75.15627,330.05,0.42,0.45,2023-10-30,828,N,VIIRS,n,2,297.58,3.03,D,0
32.04732,73.56272,332.09,0.52,0.41,2023-10-30,828,N,VIIRS,n,2,297.82,3.36,D,0
32.0494,73.56548,335.18,0.52,0.41,2023-10-30,828,N,VIIRS,n,2,299.02,3.71,D,0
32.05014,73.53732,336.55,0.52,0.41,2023-10-30,828,N,VIIRS,n,2,297.69,3.54,D,0
32.05326,73.26098,332.17,0.5,0.41,2023-10-30,828,N,VIIRS,n,2,297.74,2.58,D,0
32.05505,73.75768,330.06,0.53,0.42,2023-10-30,828,N,VIIRS,n,2,296.25,1.73,D,0
32.09351,73.4081,339.16,0.51,0.41,2023-10-30,828,N,VIIRS,n,2,297.83,5.18,D,0
32.10077,74.57278,340.81,0.39,0.44,2023-10-30,828,N,VIIRS,n,2,297.73,5.14,D,0
32.12321,73.87451,331.02,0.54,0.42,2023-10-30,828,N,VIIRS,n,2,297.41,4.76,D,0
32.12489,72.37483,332.41,0.46,0.39,2023-10-30,828,N,VIIRS,n,2,297.71,3.85,D,0
32.18521,75.17856,333.43,0.42,0.45,2023-10-30,828,N,VIIRS,n,2,296.7,4.1,D,0
32.19865,73.52315,343.84,0.52,0.41,2023-10-30,828,N,VIIRS,n,2,298,6.45,D,0
32.21994,73.88708,331.47,0.54,0.42,2023-10-30,828,N,VIIRS,n,2,298.01,3.58,D,0
32.22632,73.94495,332.82,0.54,0.42,2023-10-30,828,N,VIIRS,n,2,296.98,5.16,D,0
32.33828,73.37013,335.99,0.51,0.41,2023-10-30,828,N,VIIRS,n,2,296.27,3.61,D,0
32.3617,73.95171,334.07,0.55,0.42,2023-10-30,828,N,VIIRS,n,2,298.87,4.93,D,0
32.36806,74.11851,333.98,0.56,0.43,2023-10-30,828,N,VIIRS,n,2,297.51,2.92,D,0
32.41402,74.70427,329.26,0.4,0.44,2023-10-30,828,N,VIIRS,n,2,296.87,1.99,D,0
32.72431,69.57148,332.73,0.39,0.36,2023-10-30,828,N,VIIRS,n,2,298.65,21.54,D,0
33.00424,73.92203,342.16,0.55,0.43,2023-10-30,828,N,VIIRS,n,2,298,7.6,D,0
34.0578,74.76614,328.63,0.42,0.45,2023-10-30,829,N,VIIRS,n,2,293.47,1.83,D,0
34.09811,74.65515,325.7,0.41,0.45,2023-10-30,829,N,VIIRS,n,2,294.75,2.25,D,0
31.62054,74.42773,304.25,0.39,0.36,2023-10-30,2051,N,VIIRS,n,2,290.94,0.35,N,2
31.62519,74.44131,306.57,0.39,0.36,2023-10-30,2051,N,VIIRS,n,2,290.89,0.63,N,0
31.65403,74.17622,330.16,0.38,0.36,2023-10-30,2051,N,VIIRS,n,2,292.36,2.76,N,0
32.04826,75.31265,310.65,0.39,0.37,2023-10-30,2051,N,VIIRS,n,2,288.38,0.59,N,0
32.10246,74.17319,314.89,0.38,0.36,2023-10-30,2051,N,VIIRS,n,2,291.7,1.03,N,2
32.29078,70.73858,302.71,0.45,0.39,2023-10-30,2051,N,VIIRS,n,2,292.61,1.3,N,2
32.29557,70.72964,302.64,0.45,0.39,2023-10-30,2051,N,VIIRS,n,2,290.41,0.6,N,2
32.71836,72.7737,307.86,0.39,0.37,2023-10-30,2051,N,VIIRS,n,2,290.32,1.14,N,2
32.72561,72.81821,303.5,0.39,0.36,2023-10-30,2051,N,VIIRS,n,2,290.55,0.79,N,0
32.88857,71.61894,301.75,0.42,0.38,2023-10-30,2051,N,VIIRS,n,2,291.42,1.1,N,2
33.26246,71.32745,327.46,0.43,0.38,2023-10-30,2051,N,VIIRS,n,2,290.75,3.67,N,0
33.26308,71.32286,328.96,0.43,0.38,2023-10-30,2051,N,VIIRS,n,2,290.19,3.67,N,0
33.40741,71.94049,302.01,0.42,0.37,2023-10-30,2051,N,VIIRS,n,2,290.8,0.41,N,0
33.69072,72.71186,301.45,0.4,0.37,2023-10-30,2051,N,VIIRS,n,2,290.93,0.85,N,0
33.84933,72.87321,303.26,0.4,0.37,2023-10-30,2051,N,VIIRS,n,2,289.93,0.47,N,0
28.42494,69.70058,306.87,0.45,0.39,2023-10-30,2052,N,VIIRS,n,2,292.91,1.02,N,2
29.38527,75.21319,302.65,0.41,0.37,2023-10-30,2052,N,VIIRS,n,2,290.5,0.43,N,0
29.61204,74.8539,307.25,0.4,0.37,2023-10-30,2052,N,VIIRS,n,2,289.83,0.58,N,0
29.61539,74.85464,322.4,0.4,0.37,2023-10-30,2052,N,VIIRS,n,2,292.29,1.29,N,0
29.91055,74.95115,315.29,0.4,0.37,2023-10-30,2052,N,VIIRS,n,2,292.2,1.22,N,2
29.91154,74.95039,304.34,0.4,0.37,2023-10-30,2052,N,VIIRS,n,2,291.76,0.7,N,2
30.03686,70.05519,305.58,0.45,0.39,2023-10-30,2052,N,VIIRS,n,2,289.08,1.45,N,0
30.04039,70.05611,329.83,0.45,0.39,2023-10-30,2052,N,VIIRS,n,2,289.67,1.45,N,0
30.37228,71.94357,306.65,0.4,0.37,2023-10-30,2052,N,VIIRS,n,2,291.38,0.7,N,0
30.60899,73.96267,301.46,0.39,0.36,2023-10-30,2052,N,VIIRS,n,2,290.45,0.46,N,0
30.65183,71.79649,303.54,0.4,0.37,2023-10-30,2052,N,VIIRS,n,2,291.43,0.54,N,0
30.86137,74.82919,322.7,0.39,0.36,2023-10-30,2052,N,VIIRS,n,2,291.39,2.04,N,0
30.89022,71.83519,306.66,0.4,0.37,2023-10-30,2052,N,VIIRS,n,2,290.88,0.75,N,0