latitude,longitude,bright_ti4,scan,track,acq_date,acq_time,satellite,instrument,confidence,version,bright_ti5,frp,daynight,type
29.071,70.76408,343.14,0.39,0.36,2024-10-11,820,N,VIIRS,n,2,306.63,2.66,D,0
29.25346,70.33572,336.78,0.39,0.36,2024-10-11,820,N,VIIRS,n,2,309.95,5.05,D,0
29.33264,71.14313,336.32,0.38,0.36,2024-10-11,820,N,VIIRS,l,2,309.05,4.51,D,0
29.37285,70.29491,336.92,0.39,0.36,2024-10-11,820,N,VIIRS,n,2,308.79,2.37,D,0
29.41214,75.29623,336.93,0.49,0.4,2024-10-11,820,N,VIIRS,n,2,306.17,1.51,D,0
29.43289,74.94527,330.07,0.47,0.4,2024-10-11,820,N,VIIRS,n,2,302.97,2.34,D,0
29.44968,70.45567,334.98,0.39,0.36,2024-10-11,820,N,VIIRS,n,2,309.03,2.09,D,0
29.6191,70.47946,337.05,0.39,0.36,2024-10-11,820,N,VIIRS,n,2,308.18,2.08,D,0
29.63249,74.40993,341.53,0.45,0.39,2024-10-11,820,N,VIIRS,n,2,306.63,4.35,D,0
29.74862,70.82922,337.73,0.38,0.36,2024-10-11,820,N,VIIRS,n,2,309.32,1.69,D,0
29.75112,70.82885,342.24,0.38,0.36,2024-10-11,820,N,VIIRS,n,2,306.37,2.58,D,0
29.83153,71.33485,332.64,0.38,0.36,2024-10-11,820,N,VIIRS,l,2,304.64,2.43,D,0
29.88201,72.90326,346.82,0.4,0.37,2024-10-11,820,N,VIIRS,n,2,303.02,5.55,D,0
29.88677,71.68403,335.87,0.39,0.36,2024-10-11,820,N,VIIRS,n,2,306.22,2.28,D,0
29.91182,73.95616,337.56,0.43,0.38,2024-10-11,820,N,VIIRS,n,2,308.85,2.72,D,0
29.9194,71.44419,336.03,0.38,0.36,2024-10-11,820,N,VIIRS,n,2,307.79,3.32,D,0
29.93494,72.60551,340.75,0.4,0.37,2024-10-11,820,N,VIIRS,n,2,309.2,10.93,D,0
29.93831,72.60489,352.75,0.4,0.37,2024-10-11,820,N,VIIRS,n,2,310.9,27.29,D,0
29.9601,71.30977,333.64,0.38,0.36,2024-10-11,820,N,VIIRS,n,2,306,1.69,D,0
29.99488,72.56483,338.24,0.4,0.37,2024-10-11,820,N,VIIRS,n,2,305.77,4.93,D,0
30.04786,72.74241,342.06,0.4,0.37,2024-10-11,820,N,VIIRS,n,2,304.27,4.7,D,0
30.05239,72.75011,332.63,0.4,0.37,2024-10-11,820,N,VIIRS,l,2,305.17,1.71,D,0
30.07852,71.35609,345.28,0.38,0.36,2024-10-11,820,N,VIIRS,n,2,306.89,5.58,D,0
30.10468,73.10736,331.8,0.41,0.37,2024-10-11,820,N,VIIRS,l,2,305.61,2.71,D,0
30.10751,72.10451,340.37,0.39,0.36,2024-10-11,820,N,VIIRS,n,2,305.83,6.01,D,0
30.1081,73.10674,334.59,0.41,0.37,2024-10-11,820,N,VIIRS,n,2,301.51,3.16,D,0
30.14985,74.13338,336.68,0.44,0.39,2024-10-11,820,N,VIIRS,n,2,308.23,2.09,D,0
30.17046,73.60129,337.74,0.42,0.38,2024-10-11,820,N,VIIRS,n,2,302.26,4.43,D,0
30.17171,73.2136,332.21,0.41,0.37,2024-10-11,820,N,VIIRS,l,2,304.03,1.85,D,0
30.17561,72.78397,336.53,0.4,0.37,2024-10-11,820,N,VIIRS,n,2,304.22,2.67,D,0
30.17658,72.99523,341.52,0.41,0.37,2024-10-11,820,N,VIIRS,n,2,303.48,2.33,D,0
30.22451,72.86107,339.77,0.41,0.37,2024-10-11,820,N,VIIRS,n,2,313.47,35.87,D,0
30.25845,70.66582,334.28,0.38,0.36,2024-10-11,820,N,VIIRS,n,2,306.86,2.84,D,0
30.26123,72.97557,336.22,0.41,0.37,2024-10-11,820,N,VIIRS,n,2,305.3,4,D,0
30.26182,72.9798,339.23,0.41,0.37,2024-10-11,820,N,VIIRS,n,2,306.54,4,D,0
30.26238,73.16319,332.26,0.41,0.37,2024-10-11,820,N,VIIRS,l,2,303.38,3.06,D,0
30.2639,73.38417,346.42,0.42,0.38,2024-10-11,820,N,VIIRS,n,2,305.43,6.9,D,0
30.27,71.52464,338.4,0.39,0.36,2024-10-11,820,N,VIIRS,n,2,306.58,4.58,D,0
30.29833,73.14357,345.73,0.41,0.37,2024-10-11,820,N,VIIRS,n,2,304.96,7.16,D,0
30.29951,73.15215,332.29,0.41,0.37,2024-10-11,820,N,VIIRS,l,2,302.65,2.08,D,0
30.3007,73.1439,337.31,0.41,0.37,2024-10-11,820,N,VIIRS,n,2,305.46,5.78,D,0
30.30524,73.0992,336.36,0.41,0.37,2024-10-11,820,N,VIIRS,n,2,305.31,2.7,D,0
30.30581,73.10348,333.91,0.41,0.37,2024-10-11,820,N,VIIRS,n,2,302.55,2.7,D,0
30.33456,73.29243,333.39,0.42,0.37,2024-10-11,820,N,VIIRS,l,2,303.91,3.31,D,0
30.33478,71.96693,352.81,0.39,0.36,2024-10-11,820,N,VIIRS,n,2,309.99,6.85,D,0
30.33537,71.97097,338.11,0.39,0.36,2024-10-11,820,N,VIIRS,n,2,309.85,5.12,D,0
30.33568,73.24789,339.36,0.42,0.37,2024-10-11,820,N,VIIRS,n,2,305.56,3.93,D,0
30.33933,70.12342,334.97,0.39,0.36,2024-10-11,820,N,VIIRS,n,2,302.25,3.11,D,0
30.33947,73.09304,330.14,0.41,0.37,2024-10-11,820,N,VIIRS,l,2,303.5,5.76,D,0
30.34005,73.09732,334.56,0.41,0.37,2024-10-11,820,N,VIIRS,n,2,304.91,5.76,D,0
30.35382,73.57956,337.84,0.43,0.38,2024-10-11,820,N,VIIRS,n,2,305.79,3.39,D,0
30.35586,73.53494,330.85,0.42,0.38,2024-10-11,820,N,VIIRS,l,2,305.83,1.52,D,0
30.36635,73.11015,352.55,0.41,0.37,2024-10-11,820,N,VIIRS,n,2,310.77,29.71,D,0
30.38518,73.3279,351.7,0.42,0.38,2024-10-11,820,N,VIIRS,n,2,308.4,16.05,D,0
30.38663,73.20785,336.15,0.41,0.37,2024-10-11,820,N,VIIRS,n,2,309.71,45.34,D,0
30.38863,73.32729,349.62,0.42,0.38,2024-10-11,820,N,VIIRS,n,2,306.46,9.85,D,0
30.38889,73.56989,334.5,0.43,0.38,2024-10-11,820,N,VIIRS,l,2,304.97,3.95,D,0
30.39566,73.87137,334.44,0.44,0.38,2024-10-11,820,N,VIIRS,n,2,302.73,9.58,D,0
30.39658,73.87464,341.82,0.44,0.38,2024-10-11,820,N,VIIRS,n,2,304.56,10.6,D,0
30.39918,73.87077,345.13,0.44,0.38,2024-10-11,820,N,VIIRS,n,2,303.8,9.58,D,0
30.3995,73.86951,331.85,0.44,0.38,2024-10-11,820,N,VIIRS,n,2,301.75,5.89,D,0
30.39976,73.87531,334.52,0.44,0.38,2024-10-11,820,N,VIIRS,n,2,302.66,9.23,D,0
30.4001,73.87404,337.21,0.44,0.38,2024-10-11,820,N,VIIRS,n,2,303.29,10.6,D,0
30.41208,70.78677,347.47,0.38,0.36,2024-10-11,820,N,VIIRS,n,2,307.89,6.27,D,0
30.41558,73.16907,334.26,0.41,0.37,2024-10-11,820,N,VIIRS,n,2,302.44,2.16,D,0
30.41599,70.79008,341.06,0.38,0.36,2024-10-11,820,N,VIIRS,n,2,308.94,6.96,D,0
30.42413,73.12785,342.25,0.41,0.37,2024-10-11,820,N,VIIRS,n,2,303.47,2.83,D,0
30.43278,73.47182,330.64,0.42,0.38,2024-10-11,820,N,VIIRS,l,2,305.05,2.1,D,0
30.43436,73.75379,346.6,0.43,0.38,2024-10-11,820,N,VIIRS,n,2,302.42,5.25,D,0
30.44201,73.26179,335.95,0.42,0.37,2024-10-11,820,N,VIIRS,n,2,304.68,6.15,D,0
30.44725,73.79766,340.59,0.43,0.38,2024-10-11,820,N,VIIRS,n,2,306.66,4.41,D,0
30.46888,72.19686,340.61,0.39,0.36,2024-10-11,820,N,VIIRS,n,2,305.68,4.96,D,0
30.47377,73.61872,335.68,0.43,0.38,2024-10-11,820,N,VIIRS,n,2,302.7,2.38,D,0
30.4743,73.6161,334.79,0.43,0.38,2024-10-11,820,N,VIIRS,n,2,303.8,2.91,D,0
30.47599,73.82509,336.54,0.43,0.38,2024-10-11,820,N,VIIRS,n,2,303.11,3.84,D,0
30.47658,73.82961,332.94,0.43,0.38,2024-10-11,820,N,VIIRS,n,2,301.31,3.84,D,0
30.48123,73.8103,340.99,0.43,0.38,2024-10-11,820,N,VIIRS,n,2,304.86,3.45,D,0
30.49637,73.67628,343.95,0.43,0.38,2024-10-11,820,N,VIIRS,n,2,306.61,9.68,D,0
30.50977,73.61447,340.03,0.43,0.38,2024-10-11,820,N,VIIRS,n,2,305.44,3.04,D,0
30.51084,73.84451,339.42,0.44,0.38,2024-10-11,820,N,VIIRS,n,2,307.3,19.62,D,0
30.51087,73.81666,332.31,0.43,0.38,2024-10-11,820,N,VIIRS,n,2,301.37,2.48,D,0
30.51142,73.84907,341.97,0.44,0.38,2024-10-11,820,N,VIIRS,n,2,304.85,13.88,D,0
30.51538,73.44119,347.29,0.42,0.38,2024-10-11,820,N,VIIRS,n,2,305.97,5.61,D,0
30.51556,72.80202,336,0.41,0.37,2024-10-11,820,N,VIIRS,n,2,304.13,2.18,D,0
30.51613,73.82967,336.03,0.44,0.38,2024-10-11,820,N,VIIRS,n,2,303.77,4.28,D,0
30.51885,73.44058,347.76,0.42,0.38,2024-10-11,820,N,VIIRS,n,2,303.31,5.1,D,0
30.52378,73.72205,336.28,0.43,0.38,2024-10-11,820,N,VIIRS,n,2,304.38,22.37,D,0
30.52908,72.978,339.95,0.41,0.37,2024-10-11,820,N,VIIRS,n,2,307.6,6.84,D,0
30.5342,73.34354,337.18,0.42,0.38,2024-10-11,820,N,VIIRS,n,2,304.96,3.9,D,0
30.53832,73.37418,335.34,0.42,0.38,2024-10-11,820,N,VIIRS,n,2,304.34,1.11,D,0
30.54543,73.77829,330.47,0.43,0.38,2024-10-11,820,N,VIIRS,l,2,303.92,2.29,D,0
30.55755,73.65189,345.43,0.43,0.38,2024-10-11,820,N,VIIRS,n,2,305.36,3.54,D,0
30.55886,73.47416,341.63,0.42,0.38,2024-10-11,820,N,VIIRS,n,2,307.24,9.03,D,0
30.55988,73.47499,343.99,0.42,0.38,2024-10-11,820,N,VIIRS,n,2,308.72,20.71,D,0
30.56233,73.47355,340.92,0.42,0.38,2024-10-11,820,N,VIIRS,n,2,305.27,9.03,D,0
30.56538,73.52284,342.7,0.43,0.38,2024-10-11,820,N,VIIRS,n,2,308.37,10.16,D,0
30.56622,73.52374,346.27,0.43,0.38,2024-10-11,820,N,VIIRS,n,2,308,11.01,D,0
30.56987,73.69106,348.03,0.43,0.38,2024-10-11,820,N,VIIRS,n,2,307.58,6.94,D,0
30.5703,73.39194,330.44,0.42,0.38,2024-10-11,820,N,VIIRS,l,2,304.62,2.48,D,0
30.57047,73.69554,333.52,0.43,0.38,2024-10-11,820,N,VIIRS,n,2,305.69,6.94,D,0
30.57402,73.72254,338.02,0.43,0.38,2024-10-11,820,N,VIIRS,n,2,306.82,5.26,D,0
30.57681,73.66229,335.7,0.43,0.38,2024-10-11,820,N,VIIRS,n,2,306.88,2.52,D,0
30.57724,73.41773,340.59,0.42,0.38,2024-10-11,820,N,VIIRS,n,2,305.74,4.34,D,0
30.57753,73.72194,339.19,0.43,0.38,2024-10-11,820,N,VIIRS,n,2,306.77,4.31,D,0
30.58006,73.8233,332.66,0.44,0.38,2024-10-11,820,N,VIIRS,n,2,302.34,2.13,D,0
30.5803,73.66168,333.65,0.43,0.38,2024-10-11,820,N,VIIRS,l,2,307.47,2.52,D,0
30.58651,73.48841,348.38,0.42,0.38,2024-10-11,820,N,VIIRS,n,2,306.69,5.11,D,0
30.5933,72.93575,333.12,0.41,0.37,2024-10-11,820,N,VIIRS,n,2,304.44,1.28,D,0
30.59342,73.67893,343.54,0.43,0.38,2024-10-11,820,N,VIIRS,n,2,309.79,9.15,D,0
30.59591,72.93183,333.97,0.41,0.37,2024-10-11,820,N,VIIRS,n,2,303.8,1.49,D,0
30.59652,73.83908,335.52,0.44,0.38,2024-10-11,820,N,VIIRS,n,2,303.87,2.15,D,0
30.59671,72.93513,330.46,0.41,0.37,2024-10-11,820,N,VIIRS,n,2,302.82,1.28,D,0
30.59865,73.44554,338.72,0.42,0.38,2024-10-11,820,N,VIIRS,n,2,305.49,3.84,D,0
30.59923,73.44996,333.87,0.42,0.38,2024-10-11,820,N,VIIRS,l,2,304.73,4.23,D,0
30.60741,73.70412,344.35,0.43,0.38,2024-10-11,820,N,VIIRS,n,2,307.73,13.23,D,0
30.61909,73.7113,338.98,0.43,0.38,2024-10-11,820,N,VIIRS,n,2,306.89,9.11,D,0
30.62544,73.56799,332.08,0.43,0.38,2024-10-11,820,N,VIIRS,n,2,306.52,2.04,D,0
30.62609,73.68244,333.96,0.43,0.38,2024-10-11,820,N,VIIRS,l,2,305.54,3.2,D,0
30.62668,73.68695,335.03,0.43,0.38,2024-10-11,820,N,VIIRS,n,2,304.9,3.2,D,0
30.63405,73.4982,330.81,0.43,0.38,2024-10-11,820,N,VIIRS,l,2,302.56,2.64,D,0
30.63461,72.93354,345.4,0.41,0.37,2024-10-11,820,N,VIIRS,n,2,307.24,12.86,D,0
30.63778,73.85657,332.13,0.44,0.38,2024-10-11,820,N,VIIRS,l,2,304.33,3.73,D,0
30.63895,73.86571,330.28,0.44,0.38,2024-10-11,820,N,VIIRS,l,2,303.12,3.25,D,0
30.64303,73.92591,344.84,0.44,0.38,2024-10-11,820,N,VIIRS,n,2,303.83,5.9,D,0
30.64953,73.80795,337.52,0.44,0.38,2024-10-11,820,N,VIIRS,n,2,305.67,5.99,D,0
30.65303,73.9477,335.45,0.44,0.38,2024-10-11,820,N,VIIRS,n,2,304.54,4.18,D,0
30.66049,72.84154,346.55,0.41,0.37,2024-10-11,820,N,VIIRS,n,2,306.55,5.52,D,0
30.6639,72.84091,330.04,0.41,0.37,2024-10-11,820,N,VIIRS,l,2,304.68,5.52,D,0
30.6647,73.73112,337.44,0.43,0.38,2024-10-11,820,N,VIIRS,n,2,303.29,2.9,D,0
30.66779,72.81845,346.16,0.41,0.37,2024-10-11,820,N,VIIRS,n,2,302.82,7.58,D,0
30.66949,73.82313,339.23,0.44,0.38,2024-10-11,820,N,VIIRS,n,2,305.11,5.13,D,0
30.67196,73.56899,336.01,0.43,0.38,2024-10-11,820,N,VIIRS,n,2,304.91,2.14,D,0
30.6734,73.68805,332.89,0.43,0.38,2024-10-11,820,N,VIIRS,n,2,306.86,2.85,D,0
30.69375,73.95487,345.81,0.44,0.38,2024-10-11,820,N,VIIRS,n,2,306.09,11.96,D,0
30.70239,73.82678,335.36,0.44,0.38,2024-10-11,820,N,VIIRS,n,2,303.62,3.29,D,0
30.70372,72.978,330.6,0.41,0.37,2024-10-11,820,N,VIIRS,l,2,305.26,2.63,D,0
30.70713,73.1319,330.39,0.41,0.37,2024-10-11,820,N,VIIRS,l,2,304.85,1.74,D,0
30.70726,73.64211,339.94,0.43,0.38,2024-10-11,820,N,VIIRS,n,2,304.44,2.9,D,0
30.71013,73.72006,335.46,0.43,0.38,2024-10-11,820,N,VIIRS,n,2,304.63,1.37,D,0
30.71035,73.99927,335.4,0.44,0.39,2024-10-11,820,N,VIIRS,n,2,305.63,3.35,D,0
30.71206,73.95646,348.15,0.44,0.38,2024-10-11,820,N,VIIRS,n,2,306.27,10.75,D,0
30.71517,74.06489,335.13,0.45,0.39,2024-10-11,820,N,VIIRS,n,2,304.81,2.83,D,0
30.7156,73.95586,346.33,0.44,0.38,2024-10-11,820,N,VIIRS,n,2,307.62,17.21,D,0
30.7162,73.96047,332.49,0.44,0.38,2024-10-11,820,N,VIIRS,l,2,304.65,17.21,D,0
30.72178,73.78302,344.88,0.44,0.38,2024-10-11,820,N,VIIRS,n,2,306.18,12.82,D,0
30.73107,73.25683,330.8,0.42,0.38,2024-10-11,820,N,VIIRS,l,2,303.57,2.07,D,0
30.73119,73.68866,334.93,0.43,0.38,2024-10-11,820,N,VIIRS,l,2,304.94,4.31,D,0
30.73273,73.95453,334.86,0.44,0.38,2024-10-11,820,N,VIIRS,n,2,304.91,3.23,D,0
30.73392,73.95744,337.96,0.44,0.38,2024-10-11,820,N,VIIRS,n,2,305.58,3.46,D,0
30.74054,73.70553,337.06,0.43,0.38,2024-10-11,820,N,VIIRS,n,2,304.98,3.22,D,0
30.74405,73.70492,342.16,0.43,0.38,2024-10-11,820,N,VIIRS,n,2,302.83,3.22,D,0
30.74808,73.6258,332.61,0.43,0.38,2024-10-11,820,N,VIIRS,l,2,307.06,2.57,D,0
30.75225,73.90878,333.36,0.44,0.38,2024-10-11,820,N,VIIRS,n,2,302.54,1.63,D,0
30.75691,73.69344,334.4,0.43,0.38,2024-10-11,820,N,VIIRS,n,2,302.53,4.12,D,0
30.75747,73.67023,341.12,0.43,0.38,2024-10-11,820,N,VIIRS,n,2,305.28,4.37,D,0
30.7611,73.83688,334.88,0.44,0.38,2024-10-11,820,N,VIIRS,n,2,304.82,1.91,D,0
30.76233,70.86102,337.07,0.38,0.36,2024-10-11,820,N,VIIRS,n,2,307.54,4.84,D,0
30.76699,73.88274,341.18,0.44,0.38,2024-10-11,820,N,VIIRS,n,2,304.5,4.23,D,0
30.7675,74.0577,342.28,0.45,0.39,2024-10-11,820,N,VIIRS,n,2,306.39,6.26,D,0
30.77105,74.0571,343.39,0.45,0.39,2024-10-11,820,N,VIIRS,n,2,305.34,5.07,D,0
30.7739,73.71364,338.27,0.43,0.38,2024-10-11,820,N,VIIRS,n,2,304.75,7.03,D,0
30.77578,73.81099,335.65,0.44,0.38,2024-10-11,820,N,VIIRS,n,2,303.38,2.04,D,0
30.77582,73.86713,342.14,0.44,0.38,2024-10-11,820,N,VIIRS,n,2,304.07,3.95,D,0
30.78087,73.68466,334.85,0.43,0.38,2024-10-11,820,N,VIIRS,n,2,304.46,2.29,D,0
30.78438,73.68404,331.35,0.43,0.38,2024-10-11,820,N,VIIRS,l,2,303.1,2.29,D,0
30.78589,74.03076,348.37,0.44,0.39,2024-10-11,820,N,VIIRS,n,2,309.03,19.13,D,0
30.78879,73.88369,338.96,0.44,0.38,2024-10-11,820,N,VIIRS,n,2,305.18,3.2,D,0
30.79523,73.84974,330.39,0.44,0.38,2024-10-11,820,N,VIIRS,l,2,303.8,7.43,D,0
30.79582,73.85432,336.22,0.44,0.38,2024-10-11,820,N,VIIRS,n,2,307.26,7.43,D,0
30.79782,73.32219,333.98,0.42,0.38,2024-10-11,820,N,VIIRS,n,2,305.03,1.42,D,0
30.80026,73.72297,332.66,0.43,0.38,2024-10-11,820,N,VIIRS,l,2,303.33,1.95,D,0
30.80129,73.32158,330.26,0.42,0.38,2024-10-11,820,N,VIIRS,l,2,305.08,1.42,D,0
30.80218,73.79243,342.6,0.44,0.38,2024-10-11,820,N,VIIRS,n,2,304.05,5.45,D,0
30.80251,74.13309,338.49,0.45,0.39,2024-10-11,820,N,VIIRS,n,2,305.64,4.94,D,0
30.80278,73.797,335.17,0.44,0.38,2024-10-11,820,N,VIIRS,n,2,304.76,5.45,D,0
30.80338,73.80157,335.21,0.44,0.38,2024-10-11,820,N,VIIRS,n,2,304.01,5.86,D,0
30.8057,73.79182,346.99,0.44,0.38,2024-10-11,820,N,VIIRS,n,2,303.74,5.45,D,0
30.8082,73.86627,333.81,0.44,0.38,2024-10-11,820,N,VIIRS,l,2,304.3,3.75,D,0
30.80845,74.09373,335.29,0.45,0.39,2024-10-11,820,N,VIIRS,n,2,307.01,2.89,D,0
30.81095,73.77692,336.95,0.44,0.38,2024-10-11,820,N,VIIRS,n,2,303.89,3.19,D,0
30.8118,73.73144,331.04,0.43,0.38,2024-10-11,820,N,VIIRS,l,2,302.19,2.31,D,0
30.81234,73.87025,337.53,0.44,0.38,2024-10-11,820,N,VIIRS,n,2,303.75,3.3,D,0
30.81293,73.38274,331,0.42,0.38,2024-10-11,820,N,VIIRS,l,2,303.9,2.32,D,0
30.81437,74.0545,345.14,0.45,0.39,2024-10-11,820,N,VIIRS,n,2,305.67,6.07,D,0
30.82062,73.68815,343.65,0.43,0.38,2024-10-11,820,N,VIIRS,n,2,304.16,4.64,D,0
30.8236,73.90126,332.51,0.44,0.38,2024-10-11,820,N,VIIRS,l,2,307.11,6.35,D,0
30.8242,73.90586,336.23,0.44,0.38,2024-10-11,820,N,VIIRS,n,2,304.96,6.35,D,0
30.83675,73.95702,331.39,0.44,0.39,2024-10-11,820,N,VIIRS,n,2,303.93,1.59,D,0
30.83688,73.87204,331.7,0.44,0.38,2024-10-11,820,N,VIIRS,l,2,305.95,2.28,D,0
30.84089,72.71071,331.42,0.41,0.37,2024-10-11,820,N,VIIRS,l,2,304.75,2.47,D,0
30.84371,72.70586,341.29,0.41,0.37,2024-10-11,820,N,VIIRS,n,2,304.29,8.59,D,0
30.84856,73.96448,335.36,0.44,0.39,2024-10-11,820,N,VIIRS,n,2,303.87,3.16,D,0
30.8486,73.93606,334.27,0.44,0.39,2024-10-11,820,N,VIIRS,l,2,304.77,3.45,D,0
30.84868,73.8512,332.86,0.44,0.38,2024-10-11,820,N,VIIRS,n,2,304.04,1.24,D,0
30.85214,73.93546,337.13,0.44,0.39,2024-10-11,820,N,VIIRS,n,2,302.57,3.45,D,0
30.86221,73.90066,340.05,0.44,0.38,2024-10-11,820,N,VIIRS,n,2,305.37,10,D,0
30.86696,70.86054,332.85,0.38,0.36,2024-10-11,820,N,VIIRS,n,2,304.37,2.73,D,0
30.88412,74.37211,337.13,0.46,0.39,2024-10-11,820,N,VIIRS,n,2,301.38,3.19,D,0
30.89943,74.13746,336.72,0.45,0.39,2024-10-11,820,N,VIIRS,n,2,306.76,2.32,D,0
30.90833,73.5046,332.55,0.43,0.38,2024-10-11,820,N,VIIRS,n,2,304.01,2.04,D,0
30.9363,73.72143,337.72,0.44,0.38,2024-10-11,820,N,VIIRS,n,2,304.22,5.79,D,0
30.94467,73.34785,335.77,0.42,0.38,2024-10-11,820,N,VIIRS,n,2,304.38,2.92,D,0
30.94845,74.44221,331.54,0.46,0.39,2024-10-11,820,N,VIIRS,n,2,303.86,2.56,D,0
30.96901,74.51854,338.32,0.47,0.39,2024-10-11,820,N,VIIRS,n,2,303.16,4.02,D,0
30.97413,74.20715,330.48,0.45,0.39,2024-10-11,820,N,VIIRS,l,2,305.28,1.26,D,0
30.97526,74.20487,346.93,0.45,0.39,2024-10-11,820,N,VIIRS,n,2,307.05,10.82,D,0
30.97772,74.20654,348.09,0.45,0.39,2024-10-11,820,N,VIIRS,n,2,307.48,9.99,D,0
30.97872,74.53696,334.33,0.47,0.4,2024-10-11,820,N,VIIRS,n,2,303.64,2.55,D,0
30.98236,74.53636,334.93,0.47,0.4,2024-10-11,820,N,VIIRS,n,2,303.54,5.08,D,0
30.98565,74.05341,337.3,0.45,0.39,2024-10-11,820,N,VIIRS,n,2,303.35,3.63,D,0
30.99152,74.12943,343.01,0.45,0.39,2024-10-11,820,N,VIIRS,n,2,307.06,30.47,D,0
30.9951,74.12883,343.99,0.45,0.39,2024-10-11,820,N,VIIRS,n,2,302.97,12.3,D,0
30.9963,73.54886,338.15,0.43,0.38,2024-10-11,820,N,VIIRS,n,2,304.78,3.47,D,0
31.00989,74.79076,335.45,0.48,0.4,2024-10-11,820,N,VIIRS,n,2,301.73,5.41,D,0
31.01229,74.26694,340.23,0.46,0.39,2024-10-11,820,N,VIIRS,n,2,304.98,8.7,D,0
31.01288,74.27174,346.61,0.46,0.39,2024-10-11,820,N,VIIRS,n,2,307.88,8.7,D,0
31.04021,70.73154,345.4,0.38,0.36,2024-10-11,820,N,VIIRS,n,2,309.93,10.77,D,0
31.05366,74.48262,331.77,0.47,0.39,2024-10-11,820,N,VIIRS,l,2,304.61,1.89,D,0
31.0601,74.65804,335.97,0.47,0.4,2024-10-11,820,N,VIIRS,l,2,306.34,7.36,D,0
31.06154,74.30776,335.5,0.46,0.39,2024-10-11,820,N,VIIRS,n,2,304.67,2.53,D,0
31.08145,74.34881,343.92,0.46,0.39,2024-10-11,820,N,VIIRS,n,2,304.95,5.36,D,0
31.08397,74.60847,332.61,0.47,0.4,2024-10-11,820,N,VIIRS,n,2,303.67,2.18,D,0
31.09005,74.50665,335.52,0.47,0.4,2024-10-11,820,N,VIIRS,n,2,304.95,3.97,D,0
31.11759,74.66904,335.3,0.48,0.4,2024-10-11,820,N,VIIRS,n,2,305.46,5.13,D,0
31.1182,74.67404,336.31,0.48,0.4,2024-10-11,820,N,VIIRS,n,2,306.93,5.13,D,0
31.12958,74.08344,337.84,0.45,0.39,2024-10-11,820,N,VIIRS,n,2,303.3,2.62,D,0
31.163,73.69894,339.15,0.44,0.38,2024-10-11,820,N,VIIRS,n,2,305.37,2.99,D,0
31.21575,74.3579,341.94,0.46,0.39,2024-10-11,820,N,VIIRS,n,2,304.1,3.86,D,0
31.21639,74.35989,340.34,0.46,0.39,2024-10-11,820,N,VIIRS,n,2,305.33,9.29,D,0
31.21987,74.41913,339.76,0.47,0.39,2024-10-11,820,N,VIIRS,n,2,305.73,4.68,D,0
31.22002,74.35929,339.46,0.46,0.39,2024-10-11,820,N,VIIRS,n,2,303.97,9.29,D,0
31.22013,74.42192,343.1,0.47,0.39,2024-10-11,820,N,VIIRS,n,2,307.57,8.63,D,0
31.22046,74.42403,335.69,0.47,0.39,2024-10-11,820,N,VIIRS,n,2,304.62,6.5,D,0
31.25746,74.36299,333.05,0.46,0.39,2024-10-11,820,N,VIIRS,n,2,301.99,2.54,D,0
31.27645,75.12734,338.41,0.5,0.41,2024-10-11,820,N,VIIRS,n,2,304.05,5.6,D,0
31.27818,70.73708,344.41,0.38,0.36,2024-10-11,820,N,VIIRS,n,2,305.59,4.94,D,0
31.28524,75.1367,342.85,0.5,0.41,2024-10-11,820,N,VIIRS,n,2,304.15,5.76,D,0
31.28561,74.07985,332.36,0.45,0.39,2024-10-11,820,N,VIIRS,n,2,304.34,2.58,D,0
31.28832,74.52343,334.98,0.47,0.4,2024-10-11,820,N,VIIRS,n,2,302.78,2.99,D,0
31.32723,75.03636,332.25,0.5,0.41,2024-10-11,820,N,VIIRS,n,2,303.8,8.19,D,0
31.32784,75.0416,333.6,0.5,0.41,2024-10-11,820,N,VIIRS,n,2,304.35,8.19,D,0
31.33442,72.32893,333.57,0.4,0.37,2024-10-11,820,N,VIIRS,n,2,303.13,1.81,D,0
31.33452,73.9748,333.84,0.45,0.39,2024-10-11,820,N,VIIRS,n,2,300.78,3.12,D,0
31.35471,74.88372,330.96,0.49,0.4,2024-10-11,820,N,VIIRS,n,2,303.22,3.07,D,0
31.36437,72.34485,331.86,0.4,0.37,2024-10-11,820,N,VIIRS,n,2,303.51,1.47,D,0
31.39396,72.48224,339.7,0.4,0.37,2024-10-11,820,N,VIIRS,n,2,308.46,7.73,D,0
31.39414,75.08463,330.84,0.5,0.41,2024-10-11,820,N,VIIRS,n,2,304.64,1.69,D,0
31.40325,72.52404,338.54,0.4,0.37,2024-10-11,820,N,VIIRS,n,2,304.23,2.38,D,0
31.40358,72.5249,333.83,0.4,0.37,2024-10-11,820,N,VIIRS,l,2,304.48,3.4,D,0
31.42893,73.95573,333.23,0.45,0.39,2024-10-11,820,N,VIIRS,n,2,302.35,1.58,D,0
31.43191,73.95039,334.94,0.45,0.39,2024-10-11,820,N,VIIRS,n,2,302.58,3.65,D,0
31.4325,73.95512,341.54,0.45,0.39,2024-10-11,820,N,VIIRS,n,2,302.91,3.65,D,0
31.43706,74.93098,334.84,0.49,0.4,2024-10-11,820,N,VIIRS,n,2,304.32,2.68,D,0
31.44685,75.0789,345.82,0.5,0.41,2024-10-11,820,N,VIIRS,n,2,305.72,10.07,D,0
31.46562,74.85253,332.78,0.49,0.4,2024-10-11,820,N,VIIRS,n,2,303.43,4.4,D,0
31.47264,72.52074,335.27,0.4,0.37,2024-10-11,820,N,VIIRS,n,2,305.38,1.81,D,0
31.47817,75.18224,335.1,0.51,0.41,2024-10-11,820,N,VIIRS,n,2,304.15,3.31,D,0
31.47889,73.9472,336.33,0.45,0.39,2024-10-11,820,N,VIIRS,n,2,303.54,3.36,D,0
31.48065,75.23646,332.08,0.51,0.41,2024-10-11,820,N,VIIRS,l,2,303.69,2.5,D,0
31.48113,74.85529,330.39,0.49,0.4,2024-10-11,820,N,VIIRS,n,2,304.54,3.19,D,0
31.48177,72.5365,335.28,0.41,0.37,2024-10-11,820,N,VIIRS,n,2,306.64,4.11,D,0
31.482,73.99989,332.66,0.45,0.39,2024-10-11,820,N,VIIRS,n,2,301.78,3.27,D,0
31.48236,72.54076,334.46,0.41,0.37,2024-10-11,820,N,VIIRS,l,2,305.02,4.11,D,0
31.49148,73.91846,348.05,0.45,0.39,2024-10-11,820,N,VIIRS,n,2,307.37,10.42,D,0
31.49207,73.92318,333.17,0.45,0.39,2024-10-11,820,N,VIIRS,n,2,302.47,5.38,D,0
31.49305,72.64401,335.88,0.41,0.37,2024-10-11,820,N,VIIRS,n,2,305.33,2.74,D,0
31.49976,73.95567,331.35,0.45,0.39,2024-10-11,820,N,VIIRS,n,2,300.47,1.97,D,0
31.50225,70.6508,333.69,0.38,0.36,2024-10-11,820,N,VIIRS,n,2,306.19,2.19,D,0
31.50873,75.08291,331.11,0.5,0.41,2024-10-11,820,N,VIIRS,n,2,302.61,4.99,D,0
31.50894,75.08524,330.17,0.5,0.41,2024-10-11,820,N,VIIRS,l,2,303.21,3.37,D,0
31.51023,73.58247,333.44,0.44,0.38,2024-10-11,820,N,VIIRS,n,2,304.05,1.86,D,0
31.51207,75.07935,333.35,0.5,0.41,2024-10-11,820,N,VIIRS,n,2,303.13,3.35,D,0
31.5125,75.08231,338.65,0.5,0.41,2024-10-11,820,N,VIIRS,n,2,305.33,4.99,D,0
31.5127,75.08463,334.04,0.5,0.41,2024-10-11,820,N,VIIRS,n,2,304.39,3.37,D,0
31.51575,75.04404,334.9,0.5,0.41,2024-10-11,820,N,VIIRS,l,2,307.54,4.82,D,0
31.51576,75.04644,337.74,0.5,0.41,2024-10-11,820,N,VIIRS,n,2,307.12,3.42,D,0
31.52197,74.52496,338.22,0.47,0.4,2024-10-11,820,N,VIIRS,n,2,306.36,8.39,D,0
31.52624,74.77728,340.05,0.49,0.4,2024-10-11,820,N,VIIRS,n,2,304.15,5,D,0
31.5473,73.53542,333.78,0.43,0.38,2024-10-11,820,N,VIIRS,n,2,302.8,1.89,D,0
31.54975,72.82826,345.16,0.41,0.37,2024-10-11,820,N,VIIRS,n,2,306.13,7.82,D,0
31.55015,74.57146,346.46,0.48,0.4,2024-10-11,820,N,VIIRS,n,2,303.15,4.59,D,0
31.55206,72.82872,347.45,0.41,0.37,2024-10-11,820,N,VIIRS,n,2,304.32,7.41,D,0
31.55256,73.54853,333.83,0.43,0.38,2024-10-11,820,N,VIIRS,l,2,304.54,2.45,D,0
31.56721,73.55064,339.43,0.43,0.38,2024-10-11,820,N,VIIRS,n,2,305.43,3.47,D,0
31.56784,74.14919,357.13,0.46,0.39,2024-10-11,820,N,VIIRS,n,2,307.13,9,D,0
31.57131,73.55461,334.79,0.43,0.38,2024-10-11,820,N,VIIRS,l,2,306.03,3.47,D,0
31.58086,75.1419,334.33,0.5,0.41,2024-10-11,820,N,VIIRS,l,2,305.61,2.81,D,0
31.58949,70.7122,332.62,0.38,0.36,2024-10-11,820,N,VIIRS,l,2,305.52,2.7,D,0
31.59395,74.7643,330.48,0.49,0.4,2024-10-11,820,N,VIIRS,l,2,304.86,2.3,D,0
31.59404,75.0262,339.6,0.5,0.41,2024-10-11,820,N,VIIRS,n,2,304.79,6.67,D,0
31.60013,73.89686,333.01,0.45,0.39,2024-10-11,820,N,VIIRS,n,2,302.68,2.72,D,0
31.61789,70.65227,345.3,0.38,0.36,2024-10-11,820,N,VIIRS,n,2,312.08,10.57,D,0
31.6198,72.91467,343.53,0.42,0.37,2024-10-11,820,N,VIIRS,n,2,308.18,13.47,D,0
31.62474,70.63006,331.62,0.38,0.36,2024-10-11,820,N,VIIRS,l,2,305.29,1.7,D,0
31.62563,75.00321,337.9,0.5,0.41,2024-10-11,820,N,VIIRS,n,2,304.04,5.26,D,0
31.64279,70.77191,332.05,0.38,0.36,2024-10-11,820,N,VIIRS,l,2,306.64,1.82,D,0
31.64718,73.56142,330.93,0.44,0.38,2024-10-11,820,N,VIIRS,n,2,301.95,1.81,D,0
31.65723,75.17726,340.83,0.51,0.41,2024-10-11,820,N,VIIRS,n,2,307.49,15.5,D,0
31.65792,74.5233,330.15,0.47,0.4,2024-10-11,820,N,VIIRS,l,2,305.06,1.64,D,0
31.66444,70.77995,337.25,0.38,0.36,2024-10-11,820,N,VIIRS,l,2,307.77,2.93,D,0
31.66811,74.06047,333.74,0.45,0.39,2024-10-11,820,N,VIIRS,n,2,303.24,2.71,D,0
31.67504,75.06548,334.96,0.5,0.41,2024-10-11,820,N,VIIRS,n,2,304.72,2.27,D,0
31.68814,72.90787,331.99,0.42,0.37,2024-10-11,820,N,VIIRS,n,2,303.08,2.06,D,0
31.6953,74.24898,331.69,0.46,0.39,2024-10-11,820,N,VIIRS,n,2,306.26,2.33,D,0
31.70677,73.04897,341.31,0.42,0.38,2024-10-11,820,N,VIIRS,n,2,304.87,3.98,D,0
31.71027,74.16186,331.69,0.46,0.39,2024-10-11,820,N,VIIRS,n,2,304.6,3.74,D,0
31.71084,73.08002,346.87,0.42,0.38,2024-10-11,820,N,VIIRS,n,2,306.72,6.89,D,0
31.7166,74.57535,331.37,0.48,0.4,2024-10-11,820,N,VIIRS,n,2,302.04,3.98,D,0
31.71721,74.5804,332.94,0.48,0.4,2024-10-11,820,N,VIIRS,n,2,302.79,3.98,D,0
31.72027,74.60574,334.77,0.48,0.4,2024-10-11,820,N,VIIRS,n,2,303.44,4.81,D,0
31.72477,74.89922,335.51,0.49,0.41,2024-10-11,820,N,VIIRS,n,2,305.41,2.77,D,0
31.72652,75.04649,339.57,0.5,0.41,2024-10-11,820,N,VIIRS,n,2,306.33,4.78,D,0
31.72683,75.04945,334.4,0.5,0.41,2024-10-11,820,N,VIIRS,n,2,304.63,3.54,D,0
31.73612,73.72124,340.13,0.44,0.39,2024-10-11,820,N,VIIRS,n,2,306.1,3.88,D,0
31.73672,73.72591,332.41,0.44,0.39,2024-10-11,820,N,VIIRS,n,2,304.55,3.88,D,0
31.74409,73.58686,330.13,0.44,0.38,2024-10-11,820,N,VIIRS,l,2,303.81,2.12,D,0
31.74542,74.81618,334.71,0.49,0.4,2024-10-11,820,N,VIIRS,n,2,304.62,4.49,D,0
31.75708,74.97979,333.73,0.5,0.41,2024-10-11,820,N,VIIRS,n,2,304.52,2.47,D,0
31.76545,72.68091,332.54,0.41,0.37,2024-10-11,820,N,VIIRS,n,2,303.54,2.32,D,0
31.76839,70.72967,331.24,0.38,0.36,2024-10-11,820,N,VIIRS,n,2,303.42,1.78,D,0
31.79309,70.75792,338.86,0.38,0.36,2024-10-11,820,N,VIIRS,n,2,305.85,4.05,D,0
31.79405,70.7869,337.01,0.38,0.36,2024-10-11,820,N,VIIRS,n,2,307.54,2.6,D,0
31.79674,70.78217,336.11,0.38,0.36,2024-10-11,820,N,VIIRS,l,2,307.05,4.27,D,0
31.79739,73.49902,331.55,0.43,0.38,2024-10-11,820,N,VIIRS,l,2,302.79,3.31,D,0
31.8091,74.30209,334.94,0.47,0.39,2024-10-11,820,N,VIIRS,n,2,303.98,1.87,D,0
31.83047,74.08105,337.18,0.46,0.39,2024-10-11,820,N,VIIRS,n,2,304.1,2.39,D,0
31.83354,74.47088,337.65,0.47,0.4,2024-10-11,820,N,VIIRS,n,2,305.47,3.41,D,0
31.836,74.491,333.46,0.48,0.4,2024-10-11,820,N,VIIRS,n,2,303.29,4.82,D,0
31.8385,73.01778,349.01,0.42,0.38,2024-10-11,820,N,VIIRS,n,2,307.53,11.45,D,0
31.83967,74.49039,331.73,0.48,0.4,2024-10-11,820,N,VIIRS,n,2,304.22,4.82,D,0
31.84029,74.49542,345.73,0.48,0.4,2024-10-11,820,N,VIIRS,n,2,309.57,26.33,D,0
31.84134,74.02003,336.41,0.45,0.39,2024-10-11,820,N,VIIRS,l,2,307.41,3.13,D,0
31.85025,74.12228,334.73,0.46,0.39,2024-10-11,820,N,VIIRS,n,2,306.09,4.28,D,0
31.86934,74.70367,332.34,0.49,0.4,2024-10-11,820,N,VIIRS,n,2,302.33,2.81,D,0
31.87372,73.69913,338.33,0.44,0.39,2024-10-11,820,N,VIIRS,n,2,305.81,5.25,D,0
31.87612,74.12287,334.27,0.46,0.39,2024-10-11,820,N,VIIRS,n,2,304.18,4.08,D,0
31.87807,73.5152,330.31,0.44,0.38,2024-10-11,820,N,VIIRS,n,2,302.41,1.44,D,0
31.88333,73.74545,337.68,0.44,0.39,2024-10-11,820,N,VIIRS,n,2,302.73,6.88,D,0
31.88501,73.74264,332.24,0.44,0.39,2024-10-11,820,N,VIIRS,l,2,302.25,2.2,D,0
31.88715,74.55212,339.23,0.48,0.4,2024-10-11,820,N,VIIRS,n,2,304.52,5.7,D,0
31.89083,74.55151,335.56,0.48,0.4,2024-10-11,820,N,VIIRS,n,2,302.87,7.97,D,0
31.89118,74.30581,332.9,0.47,0.4,2024-10-11,820,N,VIIRS,n,2,303.98,3.63,D,0
31.90424,74.83559,335.28,0.49,0.4,2024-10-11,820,N,VIIRS,n,2,301.79,3.99,D,0
31.90816,74.76339,331.99,0.49,0.4,2024-10-11,820,N,VIIRS,n,2,302.3,2.85,D,0
31.91606,74.29659,343.04,0.47,0.4,2024-10-11,820,N,VIIRS,n,2,305.12,16.85,D,0
31.94251,73.79538,336.96,0.45,0.39,2024-10-11,820,N,VIIRS,n,2,303.71,3.87,D,0
31.94612,73.88219,335.08,0.45,0.39,2024-10-11,820,N,VIIRS,n,2,304.09,3.95,D,0
31.95102,74.58316,342.95,0.48,0.4,2024-10-11,820,N,VIIRS,n,2,304.3,8.45,D,0
31.96058,73.12498,333.38,0.42,0.38,2024-10-11,820,N,VIIRS,n,2,302.54,1.63,D,0
31.97238,70.91815,335.37,0.39,0.36,2024-10-11,820,N,VIIRS,n,2,304.16,5,D,0
31.97864,70.84578,335.98,0.38,0.36,2024-10-11,820,N,VIIRS,n,2,304.93,2.96,D,0
31.98256,73.48903,334.93,0.44,0.38,2024-10-11,820,N,VIIRS,n,2,303.21,2.11,D,0
31.98432,73.47454,333.35,0.44,0.38,2024-10-11,820,N,VIIRS,n,2,301.67,2.77,D,0
32.0221,74.37844,340.15,0.47,0.4,2024-10-11,820,N,VIIRS,n,2,303.23,3.21,D,0
32.02332,74.41925,334.8,0.47,0.4,2024-10-11,820,N,VIIRS,n,2,302.93,2.96,D,0
32.04226,73.7317,346.57,0.45,0.39,2024-10-11,820,N,VIIRS,n,2,307.98,22.81,D,0
32.04409,73.27184,330.06,0.43,0.38,2024-10-11,820,N,VIIRS,l,2,302.44,2.83,D,0
32.04581,73.73109,354.73,0.45,0.39,2024-10-11,820,N,VIIRS,n,2,310.38,22.81,D,0
32.04641,73.73581,343.06,0.45,0.39,2024-10-11,820,N,VIIRS,n,2,306.72,22.81,D,0
32.06509,73.59806,331.5,0.44,0.38,2024-10-11,820,N,VIIRS,n,2,301.19,3.36,D,0
32.06863,73.59745,345.28,0.44,0.38,2024-10-11,820,N,VIIRS,n,2,307.15,28.25,D,0
32.12001,75.27356,337.22,0.52,0.41,2024-10-11,820,N,VIIRS,n,2,303.06,4.54,D,0
32.12782,73.8791,331.54,0.45,0.39,2024-10-11,820,N,VIIRS,n,2,302.29,2.27,D,0
32.12826,74.97862,333.7,0.5,0.41,2024-10-11,820,N,VIIRS,n,2,302.19,2.47,D,0
32.1392,73.76489,332.52,0.45,0.39,2024-10-11,820,N,VIIRS,n,2,302.07,1.97,D,0
32.13962,75.0096,334.08,0.5,0.41,2024-10-11,820,N,VIIRS,n,2,303.17,3.24,D,0
32.1456,73.6142,335.31,0.44,0.38,2024-10-11,820,N,VIIRS,n,2,302.24,1.87,D,0
32.14807,74.46814,330.19,0.48,0.4,2024-10-11,820,N,VIIRS,n,2,302.7,1.64,D,0
32.15031,74.27274,333.94,0.47,0.4,2024-10-11,820,N,VIIRS,n,2,304.44,2.9,D,0
32.17225,74.30681,330.47,0.47,0.4,2024-10-11,820,N,VIIRS,n,2,301.55,1.96,D,0
32.17289,74.30461,334.57,0.47,0.4,2024-10-11,820,N,VIIRS,n,2,304.77,3.4,D,0
32.18863,73.80991,334.42,0.45,0.39,2024-10-11,820,N,VIIRS,n,2,303.76,2.76,D,0
32.20107,75.21372,342.01,0.52,0.41,2024-10-11,820,N,VIIRS,n,2,303.25,5.52,D,0
32.20863,73.96875,337.25,0.46,0.39,2024-10-11,820,N,VIIRS,n,2,308.58,5.3,D,0
32.24605,73.3605,331.71,0.43,0.38,2024-10-11,820,N,VIIRS,l,2,304.54,3.91,D,0
32.24717,73.34145,335.24,0.43,0.38,2024-10-11,820,N,VIIRS,n,2,305.29,2.94,D,0
32.25737,73.25516,335.61,0.43,0.38,2024-10-11,820,N,VIIRS,n,2,306.37,2.66,D,0
32.25763,73.25644,337.08,0.43,0.38,2024-10-11,820,N,VIIRS,n,2,305.44,4.17,D,0
32.26053,73.22319,335.98,0.43,0.38,2024-10-11,820,N,VIIRS,n,2,305.74,3.46,D,0
32.27094,74.1706,334.6,0.47,0.39,2024-10-11,820,N,VIIRS,n,2,304.92,1.88,D,0
32.27224,73.31484,345.65,0.43,0.38,2024-10-11,820,N,VIIRS,n,2,307.53,15.02,D,0
32.28304,74.73251,333.36,0.49,0.4,2024-10-11,820,N,VIIRS,n,2,303.3,3.43,D,0
32.30642,73.86024,337.67,0.45,0.39,2024-10-11,820,N,VIIRS,n,2,303.5,3.32,D,0
32.32428,74.2429,330.7,0.47,0.4,2024-10-11,820,N,VIIRS,l,2,304.92,1.29,D,0
32.34382,73.39658,334.24,0.44,0.38,2024-10-11,820,N,VIIRS,n,2,305.71,5.7,D,0
32.35669,74.51156,331.87,0.48,0.4,2024-10-11,820,N,VIIRS,n,2,303.85,1.7,D,0
32.36448,73.87672,330.32,0.45,0.39,2024-10-11,820,N,VIIRS,n,2,304.43,1.78,D,0
32.37039,74.01488,338.96,0.46,0.39,2024-10-11,820,N,VIIRS,n,2,305.59,4.39,D,0
32.37326,74.4305,338.21,0.48,0.4,2024-10-11,820,N,VIIRS,n,2,303.71,4.83,D,0
32.43064,74.0247,333.1,0.46,0.39,2024-10-11,820,N,VIIRS,n,2,305.47,2.8,D,0
32.43361,74.5434,332.34,0.48,0.4,2024-10-11,820,N,VIIRS,n,2,303.55,2.85,D,0
32.44418,74.19431,333.95,0.47,0.4,2024-10-11,820,N,VIIRS,l,2,305.58,6.9,D,0
32.46725,73.8967,335.81,0.46,0.39,2024-10-11,820,N,VIIRS,n,2,303.42,2.84,D,0
32.47264,74.15391,334.09,0.47,0.39,2024-10-11,820,N,VIIRS,n,2,304.25,2.88,D,0
32.60583,74.33009,337.32,0.48,0.4,2024-10-11,820,N,VIIRS,n,2,303.7,3.21,D,0
32.61789,74.49033,336.05,0.48,0.4,2024-10-11,820,N,VIIRS,n,2,302.55,3.67,D,0
32.49062,73.17143,331.96,0.43,0.38,2024-10-11,821,N,VIIRS,n,2,304.31,1.56,D,0
32.60395,74.32745,336.05,0.48,0.4,2024-10-11,821,N,VIIRS,n,2,304.53,3.28,D,0
33.43533,71.0894,338.33,0.39,0.36,2024-10-11,821,N,VIIRS,n,2,309.77,8.38,D,0
32.27114,74.94442,316.52,0.39,0.36,2024-10-11,2043,N,VIIRS,n,2,291.7,1.44,N,0
32.57485,72.56329,310.42,0.44,0.39,2024-10-11,2043,N,VIIRS,n,2,296.01,1.55,N,2
32.8126,71.03146,302.56,0.52,0.41,2024-10-11,2043,N,VIIRS,n,2,292.26,0.45,N,0
33.23427,71.51546,304.03,0.5,0.41,2024-10-11,2043,N,VIIRS,n,2,290.75,0.76,N,0
33.23802,71.51606,308.63,0.5,0.41,2024-10-11,2043,N,VIIRS,n,2,290.82,0.66,N,0
33.24809,70.41044,302.58,0.56,0.43,2024-10-11,2043,N,VIIRS,n,2,290.79,0.55,N,0
33.25138,70.417,306.96,0.56,0.43,2024-10-11,2043,N,VIIRS,n,2,291.23,1.28,N,0
33.25534,70.41781,309.73,0.56,0.43,2024-10-11,2043,N,VIIRS,n,2,291.58,1.28,N,0
33.27047,71.31133,308.82,0.51,0.41,2024-10-11,2043,N,VIIRS,n,2,292.72,0.79,N,0
33.33822,71.44616,322.81,0.5,0.41,2024-10-11,2043,N,VIIRS,n,2,295.11,2.91,N,0
33.33884,71.441,321.95,0.5,0.41,2024-10-11,2043,N,VIIRS,n,2,295.02,2.31,N,0
33.34265,71.44132,304.1,0.5,0.41,2024-10-11,2043,N,VIIRS,n,2,293.05,2.31,N,0
33.5098,71.70824,300.75,0.49,0.4,2024-10-11,2043,N,VIIRS,n,2,290.65,0.17,N,0
33.68873,72.71315,311.97,0.45,0.39,2024-10-11,2043,N,VIIRS,n,2,292.72,1.3,N,2
33.81725,72.71947,302.86,0.45,0.39,2024-10-11,2043,N,VIIRS,n,2,292.14,0.85,N,0
33.82838,72.8307,302.66,0.45,0.39,2024-10-11,2043,N,VIIRS,n,2,291.45,0.85,N,2
29.53323,70.42759,304.85,0.51,0.41,2024-10-11,2044,N,VIIRS,n,2,292.4,1.03,N,0
30.33111,70.12392,317.71,0.54,0.42,2024-10-11,2044,N,VIIRS,n,2,290.82,1.61,N,0
30.33495,70.12491,306.48,0.54,0.42,2024-10-11,2044,N,VIIRS,n,2,290.06,1.61,N,0
31.55313,75.01398,318.26,0.39,0.36,2024-10-11,2044,N,VIIRS,n,2,291.9,1.54,N,0
31.65443,74.17482,329.42,0.39,0.37,2024-10-11,2044,N,VIIRS,n,2,294.66,2.25,N,0
32.13155,74.17747,305.44,0.4,0.37,2024-10-11,2044,N,VIIRS,n,2,294.79,0.7,N,0
28.24814,73.27697,341.82,0.44,0.38,2024-10-12,801,N,VIIRS,l,2,314.14,4.26,D,0
28.24891,73.2814,344.64,0.44,0.38,2024-10-12,801,N,VIIRS,n,2,313.97,5.6,D,0
28.25241,73.28063,343,0.44,0.38,2024-10-12,801,N,VIIRS,l,2,313.61,4.18,D,0
28.25523,73.23387,340.58,0.44,0.38,2024-10-12,801,N,VIIRS,l,2,313.64,3.22,D,0
28.25591,73.27985,347.87,0.44,0.38,2024-10-12,801,N,VIIRS,n,2,312.79,4.18,D,0
28.256,73.23832,348.44,0.44,0.38,2024-10-12,801,N,VIIRS,n,2,315.26,3.22,D,0
28.25677,73.24277,348.12,0.44,0.38,2024-10-12,801,N,VIIRS,n,2,315.66,4.66,D,0
28.25831,73.23434,347.58,0.44,0.38,2024-10-12,801,N,VIIRS,n,2,315.31,3.01,D,0
28.25864,73.27464,343.93,0.44,0.38,2024-10-12,801,N,VIIRS,n,2,313.31,3.22,D,0
28.25874,73.23309,355.19,0.44,0.38,2024-10-12,801,N,VIIRS,n,2,315.3,3.74,D,0
28.2591,73.23878,341.29,0.44,0.38,2024-10-12,801,N,VIIRS,l,2,315.8,3.01,D,0
28.25941,73.27908,349,0.44,0.38,2024-10-12,801,N,VIIRS,n,2,312.8,2.49,D,0
28.2595,73.23753,354.78,0.44,0.38,2024-10-12,801,N,VIIRS,n,2,315.95,3.74,D,0
28.26018,73.28351,342.5,0.44,0.38,2024-10-12,801,N,VIIRS,l,2,313.69,2.49,D,0
28.26027,73.24199,351.23,0.44,0.38,2024-10-12,801,N,VIIRS,n,2,316.25,4.94,D,0
28.26061,73.26498,345.11,0.44,0.38,2024-10-12,801,N,VIIRS,n,2,314.45,7.04,D,0
28.26138,73.26942,346.4,0.44,0.38,2024-10-12,801,N,VIIRS,n,2,313.68,3.22,D,0
28.26215,73.27386,348.22,0.44,0.38,2024-10-12,801,N,VIIRS,n,2,313.52,3.22,D,0
28.26224,73.23232,340.99,0.44,0.38,2024-10-12,801,N,VIIRS,l,2,314.13,3.74,D,0
28.26261,73.23801,345.92,0.44,0.38,2024-10-12,801,N,VIIRS,n,2,314.88,3.01,D,0
28.26291,73.27829,340.04,0.44,0.38,2024-10-12,801,N,VIIRS,l,2,313.06,2.49,D,0
28.26301,73.23676,354.38,0.44,0.38,2024-10-12,801,N,VIIRS,n,2,315.26,3.74,D,0
28.26335,73.25977,341.21,0.44,0.38,2024-10-12,801,N,VIIRS,l,2,315.84,2.33,D,0
28.2634,73.24244,343.96,0.44,0.38,2024-10-12,801,N,VIIRS,l,2,315.13,4.02,D,0
28.26368,73.28272,340.7,0.44,0.38,2024-10-12,801,N,VIIRS,l,2,314.69,2.49,D,0
28.26378,73.2412,356.49,0.44,0.38,2024-10-12,801,N,VIIRS,n,2,315.65,4.94,D,0
28.26411,73.26421,342.77,0.44,0.38,2024-10-12,801,N,VIIRS,l,2,315.49,2.33,D,0
28.26418,73.24688,346.61,0.44,0.38,2024-10-12,801,N,VIIRS,n,2,315.82,4.02,D,0
28.26455,73.24565,355.05,0.44,0.38,2024-10-12,801,N,VIIRS,n,2,316.65,4.94,D,0
28.26461,73.26984,342.06,0.44,0.38,2024-10-12,801,N,VIIRS,l,2,313.32,2.69,D,0
28.26488,73.26864,344.91,0.44,0.38,2024-10-12,801,N,VIIRS,n,2,313.64,2.6,D,0
28.26497,73.25132,341.33,0.44,0.38,2024-10-12,801,N,VIIRS,l,2,315.94,4.72,D,0
28.26532,73.25011,351.97,0.44,0.38,2024-10-12,801,N,VIIRS,n,2,316.29,7.65,D,0
28.26539,73.27427,341.04,0.44,0.38,2024-10-12,801,N,VIIRS,l,2,313.34,2.69,D,0
28.26565,73.27309,346.76,0.44,0.38,2024-10-12,801,N,VIIRS,n,2,313.2,2.6,D,0
28.26611,73.23722,341.14,0.44,0.38,2024-10-12,801,N,VIIRS,l,2,315.34,5.73,D,0
28.26641,73.27751,344.12,0.44,0.38,2024-10-12,801,N,VIIRS,n,2,314.39,3.08,D,0
28.26654,73.26019,340.95,0.44,0.38,2024-10-12,801,N,VIIRS,l,2,314.87,7.21,D,0
28.26685,73.25898,342.28,0.44,0.38,2024-10-12,801,N,VIIRS,l,2,316.11,2.33,D,0
28.2669,73.24166,342.36,0.44,0.38,2024-10-12,801,N,VIIRS,l,2,316.12,4.14,D,0
28.26718,73.28194,347.2,0.44,0.38,2024-10-12,801,N,VIIRS,n,2,315.66,3.08,D,0
28.26762,73.26342,344.62,0.44,0.38,2024-10-12,801,N,VIIRS,n,2,314.19,2.33,D,0
28.26811,73.26905,339.54,0.44,0.38,2024-10-12,801,N,VIIRS,l,2,313.19,2.69,D,0
28.26838,73.26786,343.67,0.44,0.38,2024-10-12,801,N,VIIRS,l,2,313.97,2.6,D,0
28.26915,73.27229,344.66,0.44,0.38,2024-10-12,801,N,VIIRS,n,2,313.15,2.6,D,0
28.27234,73.23122,350.66,0.44,0.38,2024-10-12,801,N,VIIRS,n,2,314.73,3.51,D,0
28.27312,73.23566,344.8,0.44,0.38,2024-10-12,801,N,VIIRS,l,2,315.72,3.51,D,0
28.27391,73.2401,345.26,0.44,0.38,2024-10-12,801,N,VIIRS,l,2,316.15,5.03,D,0
28.27505,73.22599,342.53,0.44,0.38,2024-10-12,801,N,VIIRS,l,2,314.09,2.99,D,0
28.27663,73.23488,343.94,0.44,0.38,2024-10-12,801,N,VIIRS,l,2,315.64,3.51,D,0
28.27741,73.23933,356.28,0.44,0.38,2024-10-12,801,N,VIIRS,l,2,316.28,5.03,D,0
28.27898,73.2482,355.73,0.44,0.38,2024-10-12,801,N,VIIRS,n,2,317.81,5.84,D,0
28.27934,73.22965,350.13,0.44,0.38,2024-10-12,801,N,VIIRS,n,2,315.25,4.07,D,0
28.27976,73.25264,350.66,0.44,0.38,2024-10-12,801,N,VIIRS,n,2,317.63,5.84,D,0
28.28054,73.25707,344.73,0.44,0.38,2024-10-12,801,N,VIIRS,l,2,316.44,4.62,D,0
28.28091,73.23854,345.15,0.44,0.38,2024-10-12,801,N,VIIRS,l,2,316.19,2.88,D,0
28.2817,73.24298,353.12,0.44,0.38,2024-10-12,801,N,VIIRS,n,2,316.93,2.88,D,0
28.28326,73.25185,351.61,0.44,0.38,2024-10-12,801,N,VIIRS,n,2,316.89,7.01,D,0
28.2852,73.24219,342.8,0.44,0.38,2024-10-12,801,N,VIIRS,l,2,315.46,2.88,D,0
28.28677,73.25108,354.53,0.44,0.38,2024-10-12,801,N,VIIRS,n,2,316.16,7.01,D,0
28.29064,73.23175,345.1,0.44,0.38,2024-10-12,801,N,VIIRS,n,2,315.05,2.93,D,0
28.29415,73.23096,348.94,0.44,0.38,2024-10-12,801,N,VIIRS,n,2,316.31,3.95,D,0
28.29649,73.24429,346.59,0.44,0.38,2024-10-12,801,N,VIIRS,n,2,315.7,4.12,D,0
28.29805,73.25317,341.08,0.44,0.38,2024-10-12,801,N,VIIRS,l,2,315.45,4.15,D,0
28.29843,73.23464,355.72,0.44,0.38,2024-10-12,801,N,VIIRS,n,2,316.68,6,D,0
28.29883,73.25761,356.29,0.44,0.38,2024-10-12,801,N,VIIRS,l,2,315.17,4.15,D,0
28.29921,73.23908,355.63,0.44,0.38,2024-10-12,801,N,VIIRS,n,2,316.46,6,D,0
28.29999,73.24352,352.19,0.44,0.38,2024-10-12,801,N,VIIRS,n,2,317.49,4.12,D,0
28.30155,73.2524,344.39,0.44,0.38,2024-10-12,801,N,VIIRS,l,2,317.05,4.15,D,0
28.3035,73.24274,354.14,0.44,0.38,2024-10-12,801,N,VIIRS,n,2,316.36,6.03,D,0
28.39503,74.22478,341.87,0.41,0.37,2024-10-12,801,N,VIIRS,l,2,315.03,2.25,D,0
28.62853,73.16997,355.28,0.44,0.38,2024-10-12,801,N,VIIRS,n,2,318.18,7.76,D,0
28.62931,73.1744,356.38,0.44,0.38,2024-10-12,801,N,VIIRS,n,2,318,4.4,D,0
28.63009,73.17883,349.14,0.44,0.38,2024-10-12,801,N,VIIRS,n,2,317.7,4.4,D,0
28.63086,73.18328,350.88,0.44,0.38,2024-10-12,801,N,VIIRS,n,2,317.03,7.31,D,0
28.63125,73.16473,355.83,0.44,0.38,2024-10-12,801,N,VIIRS,n,2,317.9,3.78,D,0
28.63203,73.16918,353.08,0.44,0.38,2024-10-12,801,N,VIIRS,n,2,317.85,3.78,D,0
28.63281,73.17361,354.23,0.44,0.38,2024-10-12,801,N,VIIRS,n,2,317.77,6.1,D,0
28.63358,73.17805,357.15,0.44,0.38,2024-10-12,801,N,VIIRS,l,2,317.99,6.1,D,0
28.63437,73.1825,354.8,0.44,0.38,2024-10-12,801,N,VIIRS,n,2,317.28,5.58,D,0
28.63476,73.16395,351.03,0.44,0.38,2024-10-12,801,N,VIIRS,n,2,319.12,3.78,D,0
28.63514,73.18695,350.7,0.44,0.38,2024-10-12,801,N,VIIRS,n,2,318.91,5.58,D,0
28.63553,73.1684,346.09,0.44,0.38,2024-10-12,801,N,VIIRS,l,2,318.67,3.78,D,0
28.63631,73.17284,352.36,0.44,0.38,2024-10-12,801,N,VIIRS,n,2,316.98,6.1,D,0
28.63708,73.17728,357.83,0.44,0.38,2024-10-12,801,N,VIIRS,n,2,317.49,6.1,D,0
28.63786,73.18172,353.37,0.44,0.38,2024-10-12,801,N,VIIRS,n,2,317.77,5.58,D,0
29.24651,75.37765,337.1,0.39,0.36,2024-10-12,801,N,VIIRS,l,2,307.72,3.37,D,0
29.43641,75.33598,335.53,0.39,0.36,2024-10-12,801,N,VIIRS,n,2,310.16,2.15,D,0
29.48123,74.41141,345.83,0.4,0.37,2024-10-12,801,N,VIIRS,n,2,308.47,12.74,D,0
29.50884,75.32533,335.8,0.39,0.36,2024-10-12,801,N,VIIRS,n,2,305.53,4.01,D,0
29.51483,75.32001,346.4,0.39,0.36,2024-10-12,801,N,VIIRS,n,2,305.33,8.4,D,0
29.51922,74.5379,331.49,0.4,0.37,2024-10-12,801,N,VIIRS,l,2,303.82,1.86,D,0
29.52827,75.2968,335.45,0.39,0.36,2024-10-12,801,N,VIIRS,n,2,307.86,1.5,D,0
29.54341,74.47392,337.32,0.4,0.37,2024-10-12,801,N,VIIRS,n,2,306.55,2.45,D,0
29.54439,75.39982,336.22,0.39,0.36,2024-10-12,801,N,VIIRS,n,2,303.66,5.28,D,0
29.56679,75.13342,335.28,0.39,0.36,2024-10-12,801,N,VIIRS,n,2,303.32,3.41,D,0
29.57734,74.54749,333.21,0.39,0.37,2024-10-12,801,N,VIIRS,n,2,304.94,2.86,D,0
29.60152,74.44151,333.79,0.4,0.37,2024-10-12,801,N,VIIRS,l,2,304.96,9.09,D,0
29.64337,74.57117,331.78,0.39,0.36,2024-10-12,801,N,VIIRS,l,2,305.85,1.82,D,0
29.66047,71.80308,347.94,0.48,0.4,2024-10-12,801,N,VIIRS,n,2,309.3,6.33,D,0
29.66138,71.80801,342.15,0.48,0.4,2024-10-12,801,N,VIIRS,n,2,313.5,8.41,D,0
29.68809,70.2447,336.67,0.57,0.43,2024-10-12,801,N,VIIRS,l,2,310.17,3.45,D,0
29.69693,71.85602,340.14,0.48,0.4,2024-10-12,801,N,VIIRS,n,2,308.11,20.35,D,0
29.70057,71.85514,340.67,0.48,0.4,2024-10-12,801,N,VIIRS,n,2,306.7,20.35,D,0
29.74856,75.25274,340.6,0.39,0.36,2024-10-12,801,N,VIIRS,n,2,303.69,2.23,D,0
29.92253,72.39664,339.61,0.45,0.39,2024-10-12,801,N,VIIRS,n,2,305.77,3.53,D,0
29.9436,71.29763,340.14,0.5,0.41,2024-10-12,801,N,VIIRS,n,2,307.15,4.18,D,0
29.95326,72.14632,334.47,0.46,0.39,2024-10-12,801,N,VIIRS,l,2,306.67,17.63,D,0
29.95684,72.14547,334.95,0.46,0.39,2024-10-12,801,N,VIIRS,l,2,305.44,17.63,D,0
29.95745,72.61373,339.14,0.44,0.39,2024-10-12,801,N,VIIRS,l,2,310.93,4.77,D,0
29.98026,72.55607,343.09,0.45,0.39,2024-10-12,801,N,VIIRS,n,2,312.59,28.28,D,0
29.99043,73.13075,335.01,0.43,0.38,2024-10-12,801,N,VIIRS,l,2,305.94,3.81,D,0
30.00849,72.57484,335.46,0.44,0.39,2024-10-12,801,N,VIIRS,l,2,309.46,3.26,D,0
30.05252,74.26609,336.02,0.4,0.37,2024-10-12,801,N,VIIRS,l,2,310.07,3.64,D,0
30.05586,74.26537,338.67,0.4,0.37,2024-10-12,801,N,VIIRS,l,2,313.45,5.45,D,0
30.11756,72.92422,334.6,0.43,0.38,2024-10-12,801,N,VIIRS,n,2,309.42,1.68,D,0
30.12761,74.46226,334.54,0.39,0.36,2024-10-12,801,N,VIIRS,l,2,307.35,4.13,D,0
30.13233,73.39556,336.66,0.42,0.37,2024-10-12,801,N,VIIRS,n,2,304.42,3.57,D,0
30.14802,72.91256,335.41,0.43,0.38,2024-10-12,801,N,VIIRS,n,2,305.56,3.86,D,0
30.15196,70.87434,336.26,0.52,0.42,2024-10-12,801,N,VIIRS,n,2,305.49,4.68,D,0
30.17511,72.8797,353.62,0.43,0.38,2024-10-12,801,N,VIIRS,n,2,310.42,18.48,D,0
30.17859,72.8789,331.71,0.43,0.38,2024-10-12,801,N,VIIRS,n,2,302.4,2.49,D,0
30.18671,73.49085,345.58,0.41,0.37,2024-10-12,801,N,VIIRS,n,2,307.35,11.44,D,0
30.20421,72.75674,346.84,0.44,0.38,2024-10-12,801,N,VIIRS,n,2,307.57,8.74,D,0
30.20892,73.20435,333.2,0.42,0.38,2024-10-12,801,N,VIIRS,n,2,303.2,1.8,D,0
30.22266,73.32704,335.21,0.42,0.37,2024-10-12,801,N,VIIRS,n,2,306.7,6.05,D,0
30.22608,73.32626,335.29,0.42,0.37,2024-10-12,801,N,VIIRS,n,2,304.49,4.95,D,0
30.23147,73.31609,330.76,0.42,0.38,2024-10-12,801,N,VIIRS,l,2,304.15,2.42,D,0
30.23809,73.30202,349.52,0.42,0.38,2024-10-12,801,N,VIIRS,n,2,309.12,7.88,D,0
30.23978,73.47005,331.97,0.41,0.37,2024-10-12,801,N,VIIRS,l,2,306.35,1.57,D,0
30.25731,73.24831,335.41,0.42,0.38,2024-10-12,801,N,VIIRS,n,2,305.83,3.67,D,0
30.26631,70.63148,342.26,0.54,0.42,2024-10-12,801,N,VIIRS,n,2,311.96,25.45,D,0
30.26904,73.41989,346.09,0.41,0.37,2024-10-12,801,N,VIIRS,n,2,305.83,8.66,D,0
30.29008,70.6645,332.09,0.53,0.42,2024-10-12,801,N,VIIRS,n,2,306.42,2.86,D,0
30.29012,72.89213,349.42,0.43,0.38,2024-10-12,801,N,VIIRS,n,2,309.95,21.83,D,0
30.29716,72.97328,333.83,0.43,0.38,2024-10-12,801,N,VIIRS,n,2,307.47,1.77,D,0
30.3044,72.91187,334.15,0.43,0.38,2024-10-12,801,N,VIIRS,n,2,302.84,2.16,D,0
30.3359,73.05121,344.36,0.42,0.38,2024-10-12,801,N,VIIRS,n,2,306.16,4.56,D,0
30.34847,73.51267,348.03,0.41,0.37,2024-10-12,801,N,VIIRS,n,2,308.08,9.38,D,0
30.35589,73.29048,334.22,0.42,0.37,2024-10-12,801,N,VIIRS,n,2,306.55,4.06,D,0
30.35657,72.28184,335.96,0.45,0.39,2024-10-12,801,N,VIIRS,l,2,310.26,4.54,D,0
30.36674,71.83508,337.52,0.47,0.4,2024-10-12,801,N,VIIRS,n,2,305.56,3.12,D,0
30.36929,73.16151,345.42,0.42,0.38,2024-10-12,801,N,VIIRS,n,2,304.97,5.33,D,0
30.39427,73.76509,352.37,0.41,0.37,2024-10-12,801,N,VIIRS,n,2,313.16,32.38,D,0
30.39496,73.91639,337.75,0.4,0.37,2024-10-12,801,N,VIIRS,n,2,306.11,2.96,D,0
30.40087,73.44948,340.79,0.41,0.37,2024-10-12,801,N,VIIRS,n,2,310.11,4.79,D,0
30.40427,73.44871,337.76,0.41,0.37,2024-10-12,801,N,VIIRS,n,2,303.98,4.79,D,0
30.41305,73.58341,341.78,0.41,0.37,2024-10-12,801,N,VIIRS,n,2,307.9,6.44,D,0
30.41791,73.12417,337.26,0.42,0.38,2024-10-12,801,N,VIIRS,n,2,306.78,2.6,D,0
30.42053,73.12714,335.17,0.42,0.38,2024-10-12,801,N,VIIRS,n,2,303.58,2.21,D,0
30.4227,73.5988,334.57,0.41,0.37,2024-10-12,801,N,VIIRS,n,2,306.37,1.98,D,0
30.43186,73.34024,344.81,0.42,0.37,2024-10-12,801,N,VIIRS,n,2,317.11,46.37,D,0
30.43247,73.82315,339.89,0.4,0.37,2024-10-12,801,N,VIIRS,n,2,304.42,2.41,D,0
30.43405,73.35313,335.82,0.42,0.37,2024-10-12,801,N,VIIRS,n,2,305.6,3.03,D,0
30.43784,73.07426,347.27,0.42,0.38,2024-10-12,801,N,VIIRS,n,2,307.6,9.12,D,0
30.43981,72.23949,334.75,0.45,0.39,2024-10-12,801,N,VIIRS,l,2,306.49,5.11,D,0
30.4409,71.58323,341.99,0.48,0.4,2024-10-12,801,N,VIIRS,n,2,307.59,3.4,D,0
30.45141,73.45576,336.16,0.41,0.37,2024-10-12,801,N,VIIRS,l,2,307.24,5.61,D,0
30.45403,73.29137,340.52,0.42,0.37,2024-10-12,801,N,VIIRS,n,2,308.31,5.19,D,0
30.46473,71.89903,331.8,0.47,0.39,2024-10-12,801,N,VIIRS,n,2,304.53,2.3,D,0
30.46816,73.80656,340.95,0.4,0.37,2024-10-12,801,N,VIIRS,n,2,308.49,18.5,D,0
30.47314,72.26068,335.75,0.45,0.39,2024-10-12,801,N,VIIRS,l,2,308.04,6.59,D,0
30.48372,73.58509,345.02,0.41,0.37,2024-10-12,801,N,VIIRS,n,2,308.05,6.36,D,0
30.48711,73.58434,335.13,0.41,0.37,2024-10-12,801,N,VIIRS,n,2,306.66,2.98,D,0
30.49501,73.65263,334.44,0.41,0.37,2024-10-12,801,N,VIIRS,l,2,305.65,5.66,D,0
30.49852,73.406,347.41,0.41,0.37,2024-10-12,801,N,VIIRS,n,2,311.71,7.09,D,0
30.49925,73.41026,334.25,0.41,0.37,2024-10-12,801,N,VIIRS,l,2,307.99,7.09,D,0
30.49926,72.883,342.11,0.43,0.38,2024-10-12,801,N,VIIRS,n,2,306.24,5.57,D,0
30.50067,73.48074,352.55,0.41,0.37,2024-10-12,801,N,VIIRS,n,2,311.43,22.66,D,0
30.50139,73.48498,336.91,0.41,0.37,2024-10-12,801,N,VIIRS,n,2,308.5,5.4,D,0
30.50799,73.60664,341.38,0.41,0.37,2024-10-12,801,N,VIIRS,n,2,310.59,10.19,D,0
30.51286,73.69665,330.45,0.41,0.37,2024-10-12,801,N,VIIRS,l,2,304.01,0.9,D,0
30.51701,73.86925,331.99,0.4,0.37,2024-10-12,801,N,VIIRS,n,2,304.56,2.08,D,0
30.52425,73.14049,341.01,0.42,0.38,2024-10-12,801,N,VIIRS,n,2,305.92,3.68,D,0
30.52508,73.33326,338.71,0.41,0.37,2024-10-12,801,N,VIIRS,n,2,305.08,3.79,D,0
30.52581,73.33755,339.12,0.41,0.37,2024-10-12,801,N,VIIRS,l,2,309.3,17.54,D,0
30.52849,73.33248,336.38,0.41,0.37,2024-10-12,801,N,VIIRS,n,2,304.47,3.79,D,0
30.52967,73.38116,344.19,0.41,0.37,2024-10-12,801,N,VIIRS,n,2,307.86,4.8,D,0
30.52986,73.88366,338.21,0.4,0.37,2024-10-12,801,N,VIIRS,n,2,306.71,3.8,D,0
30.5304,73.38544,337.89,0.41,0.37,2024-10-12,801,N,VIIRS,n,2,305.64,4.8,D,0
30.53113,73.38972,342.11,0.41,0.37,2024-10-12,801,N,VIIRS,n,2,308.72,7.14,D,0
30.53129,73.72366,331.08,0.41,0.37,2024-10-12,801,N,VIIRS,n,2,305.53,1.41,D,0
30.53308,73.83975,333.28,0.4,0.37,2024-10-12,801,N,VIIRS,l,2,304.77,4.36,D,0
30.53366,73.5921,342.6,0.41,0.37,2024-10-12,801,N,VIIRS,n,2,309.61,5.65,D,0
30.53377,73.84393,335.34,0.4,0.37,2024-10-12,801,N,VIIRS,l,2,306.91,4.3,D,0
30.53438,73.8265,337.09,0.4,0.37,2024-10-12,801,N,VIIRS,n,2,305.64,3.55,D,0
30.53609,71.73282,330.74,0.47,0.4,2024-10-12,801,N,VIIRS,n,2,304.49,1.63,D,0
30.53713,73.84318,336.25,0.4,0.37,2024-10-12,801,N,VIIRS,l,2,307.09,10.46,D,0
30.54283,73.72977,335.88,0.4,0.37,2024-10-12,801,N,VIIRS,n,2,304.22,2.4,D,0
30.54298,73.75148,339.61,0.4,0.37,2024-10-12,801,N,VIIRS,n,2,306.77,11.46,D,0
30.54382,73.77734,345.18,0.4,0.37,2024-10-12,801,N,VIIRS,n,2,311.31,12.39,D,0
30.54542,73.53676,341.87,0.41,0.37,2024-10-12,801,N,VIIRS,n,2,308.79,3.92,D,0
30.5462,73.72903,337.19,0.4,0.37,2024-10-12,801,N,VIIRS,n,2,308.17,2.4,D,0
30.55109,73.65384,342.11,0.41,0.37,2024-10-12,801,N,VIIRS,n,2,310,5.76,D,0
30.55407,73.69244,336.59,0.41,0.37,2024-10-12,801,N,VIIRS,l,2,307.53,8.52,D,0
30.55633,73.72676,334.52,0.4,0.37,2024-10-12,801,N,VIIRS,l,2,309.26,3.45,D,0
30.55703,73.73096,342.38,0.4,0.37,2024-10-12,801,N,VIIRS,n,2,309.26,3.45,D,0
30.55745,73.69169,338.93,0.41,0.37,2024-10-12,801,N,VIIRS,l,2,312.86,8.56,D,0
30.55956,73.70428,332.65,0.41,0.37,2024-10-12,801,N,VIIRS,l,2,306.76,1.64,D,0
30.56265,73.65998,334.04,0.41,0.37,2024-10-12,801,N,VIIRS,l,2,305.59,3.64,D,0
30.56462,73.6508,334.72,0.41,0.37,2024-10-12,801,N,VIIRS,l,2,308.64,1.72,D,0
30.56602,73.76372,332.5,0.4,0.37,2024-10-12,801,N,VIIRS,l,2,305.11,8.33,D,0
30.56672,73.7679,337.75,0.4,0.37,2024-10-12,801,N,VIIRS,l,2,310.8,20.3,D,0
30.56767,73.81537,344.01,0.4,0.37,2024-10-12,801,N,VIIRS,n,2,305.18,3.92,D,0
30.5701,73.76715,338.98,0.4,0.37,2024-10-12,801,N,VIIRS,l,2,309.32,6.12,D,0
30.57391,73.72719,333.99,0.4,0.37,2024-10-12,801,N,VIIRS,l,2,305.81,2.08,D,0
30.57658,72.80963,343.29,0.43,0.38,2024-10-12,801,N,VIIRS,n,2,317.03,33.92,D,0
30.57729,73.72643,334.47,0.4,0.37,2024-10-12,801,N,VIIRS,l,2,304.52,6.91,D,0
30.57911,75.27728,334.19,0.38,0.36,2024-10-12,801,N,VIIRS,n,2,302.94,2.33,D,0
30.57928,72.80437,339.25,0.43,0.38,2024-10-12,801,N,VIIRS,n,2,308.91,8.37,D,0
30.58004,72.80882,346.71,0.43,0.38,2024-10-12,801,N,VIIRS,n,2,306.95,18.19,D,0
30.58044,73.49362,345.13,0.41,0.37,2024-10-12,801,N,VIIRS,n,2,312.74,12.35,D,0
30.58079,73.74739,338.31,0.4,0.37,2024-10-12,801,N,VIIRS,n,2,309.83,3.01,D,0
30.58518,73.68984,336.74,0.41,0.37,2024-10-12,801,N,VIIRS,n,2,305.37,2.9,D,0
30.58588,73.69404,335.9,0.41,0.37,2024-10-12,801,N,VIIRS,n,2,307.45,3.99,D,0
30.58629,73.54953,335.69,0.41,0.37,2024-10-12,801,N,VIIRS,n,2,306.48,2.46,D,0
30.59251,73.67075,335.14,0.41,0.37,2024-10-12,801,N,VIIRS,l,2,305.41,3.38,D,0
30.59754,73.72191,336.64,0.4,0.37,2024-10-12,801,N,VIIRS,n,2,308.2,4.31,D,0
30.59759,73.86922,339.87,0.4,0.37,2024-10-12,801,N,VIIRS,n,2,305.29,4.47,D,0
30.60033,73.73868,335.45,0.4,0.37,2024-10-12,801,N,VIIRS,n,2,307.25,3.85,D,0
30.60091,73.72115,338.5,0.4,0.37,2024-10-12,801,N,VIIRS,n,2,305.79,4.31,D,0
30.61303,73.85715,335.84,0.4,0.37,2024-10-12,801,N,VIIRS,n,2,305.33,2.16,D,0
30.61411,73.60995,347.66,0.41,0.37,2024-10-12,801,N,VIIRS,n,2,310.65,10.29,D,0
30.61515,73.57467,333.69,0.41,0.37,2024-10-12,801,N,VIIRS,l,2,307.56,2.85,D,0
30.61631,73.83483,336.89,0.4,0.37,2024-10-12,801,N,VIIRS,l,2,307.77,10.18,D,0
30.62234,73.68151,335.7,0.41,0.37,2024-10-12,801,N,VIIRS,n,2,306.79,1.01,D,0
30.62265,73.57738,343.77,0.41,0.37,2024-10-12,801,N,VIIRS,n,2,308.92,15.07,D,0
30.62267,73.91537,348.16,0.4,0.37,2024-10-12,801,N,VIIRS,n,2,307.73,14.02,D,0
30.62284,73.68224,334.85,0.41,0.37,2024-10-12,801,N,VIIRS,n,2,306.56,1.96,D,0
30.62342,73.94101,330.05,0.4,0.37,2024-10-12,801,N,VIIRS,n,2,304.31,1.28,D,0
30.62425,73.79845,335.66,0.4,0.37,2024-10-12,801,N,VIIRS,n,2,304.67,3.07,D,0
30.62834,73.69408,335.87,0.41,0.37,2024-10-12,801,N,VIIRS,n,2,305.61,4.39,D,0
30.62951,72.26624,334.18,0.45,0.39,2024-10-12,801,N,VIIRS,n,2,304.35,3.6,D,0
30.63268,73.89162,330.77,0.4,0.37,2024-10-12,801,N,VIIRS,n,2,305.37,0.92,D,0
30.63758,73.49928,337.62,0.41,0.37,2024-10-12,801,N,VIIRS,n,2,307.01,2.85,D,0
30.63958,73.57356,348.22,0.41,0.37,2024-10-12,801,N,VIIRS,n,2,309.01,6.58,D,0
30.64246,74.03547,336.47,0.4,0.37,2024-10-12,801,N,VIIRS,n,2,307.69,4.4,D,0
30.64616,73.63338,336.41,0.41,0.37,2024-10-12,801,N,VIIRS,l,2,308.2,13.75,D,0
30.64681,73.89279,333.69,0.4,0.37,2024-10-12,801,N,VIIRS,n,2,306.83,2.61,D,0
30.64883,73.62841,333.03,0.41,0.37,2024-10-12,801,N,VIIRS,l,2,306.57,3.84,D,0
30.64954,73.63262,336.18,0.41,0.37,2024-10-12,801,N,VIIRS,l,2,307.82,3.84,D,0
30.6555,73.70977,338.34,0.4,0.37,2024-10-12,801,N,VIIRS,n,2,308.45,4.95,D,0
30.65635,73.73567,334.2,0.4,0.37,2024-10-12,801,N,VIIRS,n,2,303.67,2.85,D,0
30.65826,73.62192,336.3,0.41,0.37,2024-10-12,801,N,VIIRS,l,2,308.6,13.11,D,0
30.67022,73.79762,333.99,0.4,0.37,2024-10-12,801,N,VIIRS,n,2,305.38,1.45,D,0
30.67121,72.81178,331,0.43,0.38,2024-10-12,801,N,VIIRS,n,2,303.22,1.99,D,0
30.67373,73.96499,334.21,0.4,0.37,2024-10-12,801,N,VIIRS,n,2,304.08,2.74,D,0
30.67442,73.96912,334.16,0.4,0.37,2024-10-12,801,N,VIIRS,n,2,305.62,5.62,D,0
30.69299,73.76656,348.08,0.4,0.37,2024-10-12,801,N,VIIRS,n,2,307.67,5.42,D,0
30.69929,73.01618,348.2,0.42,0.38,2024-10-12,801,N,VIIRS,n,2,309.06,7.14,D,0
30.70126,73.96319,341.63,0.4,0.37,2024-10-12,801,N,VIIRS,n,2,310.61,24.7,D,0
30.70868,73.67173,340,0.41,0.37,2024-10-12,801,N,VIIRS,n,2,306.85,1.91,D,0
30.70881,73.52792,335.95,0.41,0.37,2024-10-12,801,N,VIIRS,n,2,307.07,2.74,D,0
30.71076,73.20782,333.82,0.42,0.37,2024-10-12,801,N,VIIRS,l,2,306.92,1.84,D,0
30.71323,73.93047,337.62,0.4,0.37,2024-10-12,801,N,VIIRS,n,2,304.94,2.23,D,0
30.71344,73.99481,340,0.4,0.37,2024-10-12,801,N,VIIRS,n,2,309.72,13.6,D,0
30.71403,73.66181,335.62,0.41,0.37,2024-10-12,801,N,VIIRS,n,2,307.96,1.82,D,0
30.71473,73.66601,335.78,0.41,0.37,2024-10-12,801,N,VIIRS,n,2,306.68,2.22,D,0
30.71741,73.66106,335.36,0.41,0.37,2024-10-12,801,N,VIIRS,n,2,307.33,6.26,D,0
30.71803,73.95949,335.68,0.4,0.37,2024-10-12,801,N,VIIRS,l,2,308.03,2.86,D,0
30.71811,73.66525,337.78,0.41,0.37,2024-10-12,801,N,VIIRS,n,2,308.83,11.58,D,0
30.72125,73.91579,334.36,0.4,0.37,2024-10-12,801,N,VIIRS,n,2,303.79,4.27,D,0
30.72332,73.63416,347.29,0.41,0.37,2024-10-12,801,N,VIIRS,n,2,305.08,4.27,D,0
30.72334,73.63351,335.97,0.41,0.37,2024-10-12,801,N,VIIRS,n,2,304.43,2.88,D,0
30.73865,73.89471,335.21,0.4,0.37,2024-10-12,801,N,VIIRS,l,2,306.24,1.94,D,0
30.74021,73.63038,334.82,0.41,0.37,2024-10-12,801,N,VIIRS,l,2,305.17,1.78,D,0
30.74561,73.97914,333.93,0.4,0.37,2024-10-12,801,N,VIIRS,n,2,304.7,2.2,D,0
30.74574,74.04335,331.16,0.4,0.37,2024-10-12,801,N,VIIRS,l,2,302.97,0.95,D,0
30.75375,74.02876,333.97,0.4,0.37,2024-10-12,801,N,VIIRS,n,2,304.22,1.63,D,0
30.75624,73.93813,348.2,0.4,0.37,2024-10-12,801,N,VIIRS,n,2,307.18,5.52,D,0
30.75933,73.26388,338.39,0.41,0.37,2024-10-12,801,N,VIIRS,n,2,306.91,2.91,D,0
30.76022,73.02679,334.18,0.42,0.38,2024-10-12,801,N,VIIRS,n,2,306.75,3.28,D,0
30.76116,74.5555,333.6,0.39,0.36,2024-10-12,801,N,VIIRS,n,2,304.05,8.09,D,0
30.76366,73.02599,333.54,0.42,0.38,2024-10-12,801,N,VIIRS,l,2,305.09,4.52,D,0
30.76744,73.87592,339.02,0.4,0.37,2024-10-12,801,N,VIIRS,n,2,305.14,4.73,D,0
30.76779,73.81541,347.25,0.4,0.37,2024-10-12,801,N,VIIRS,n,2,309.99,28.81,D,0
30.7691,74.90822,331.04,0.39,0.36,2024-10-12,801,N,VIIRS,n,2,304.79,2.54,D,0
30.77649,73.80482,331.17,0.4,0.37,2024-10-12,801,N,VIIRS,l,2,305.32,2.23,D,0
30.77719,73.80899,335.22,0.4,0.37,2024-10-12,801,N,VIIRS,n,2,303.89,2.19,D,0
30.77721,73.10439,339.94,0.42,0.38,2024-10-12,801,N,VIIRS,n,2,307.14,4.61,D,0
30.77931,74.16389,333.45,0.4,0.37,2024-10-12,801,N,VIIRS,n,2,302.68,1.99,D,0
30.78146,73.73003,334.96,0.4,0.37,2024-10-12,801,N,VIIRS,n,2,306.94,2.59,D,0
30.78483,73.72927,341.21,0.4,0.37,2024-10-12,801,N,VIIRS,n,2,307.5,2.59,D,0
30.78552,73.73346,332.91,0.4,0.37,2024-10-12,801,N,VIIRS,l,2,305.62,2.59,D,0
30.79111,73.76692,332.4,0.4,0.37,2024-10-12,801,N,VIIRS,n,2,303.4,2.09,D,0
30.79346,73.13673,339.86,0.42,0.38,2024-10-12,801,N,VIIRS,n,2,306.9,6.84,D,0
30.79596,73.94273,344.57,0.4,0.37,2024-10-12,801,N,VIIRS,n,2,306.41,5.03,D,0
30.80084,73.82533,339.88,0.4,0.37,2024-10-12,801,N,VIIRS,n,2,309.6,16.67,D,0
30.80158,74.4718,335.15,0.39,0.36,2024-10-12,801,N,VIIRS,n,2,301.82,3.31,D,0
30.80291,73.83784,339.35,0.4,0.37,2024-10-12,801,N,VIIRS,n,2,307.29,6.67,D,0
30.808,73.93147,332.87,0.4,0.37,2024-10-12,801,N,VIIRS,l,2,306.41,2.25,D,0
30.80861,73.91414,338.84,0.4,0.37,2024-10-12,801,N,VIIRS,n,2,309.36,7.33,D,0
30.80992,73.75404,333.95,0.4,0.37,2024-10-12,801,N,VIIRS,n,2,303.78,1.52,D,0
30.8112,73.74075,331.64,0.4,0.37,2024-10-12,801,N,VIIRS,l,2,305.17,2.85,D,0
30.81318,73.87868,334.92,0.4,0.37,2024-10-12,801,N,VIIRS,l,2,305.28,2.51,D,0
30.81554,73.97703,341.64,0.4,0.37,2024-10-12,801,N,VIIRS,n,2,308.38,5.19,D,0
30.81622,73.98116,332.55,0.4,0.37,2024-10-12,801,N,VIIRS,l,2,307.11,3.68,D,0
30.81696,73.81742,335.81,0.4,0.37,2024-10-12,801,N,VIIRS,n,2,305.43,2.25,D,0
30.82134,73.90702,336.45,0.4,0.37,2024-10-12,801,N,VIIRS,n,2,304.72,2.87,D,0
30.82345,73.35346,333.81,0.41,0.37,2024-10-12,801,N,VIIRS,n,2,305.25,1.66,D,0
30.82963,73.78864,335.93,0.4,0.37,2024-10-12,801,N,VIIRS,l,2,308.21,4.2,D,0
30.82963,73.9782,343.33,0.4,0.37,2024-10-12,801,N,VIIRS,n,2,307.88,5.37,D,0
30.83548,73.46574,335.96,0.41,0.37,2024-10-12,801,N,VIIRS,n,2,308.54,1.62,D,0
30.83713,73.81292,341.32,0.4,0.37,2024-10-12,801,N,VIIRS,n,2,306.21,5.35,D,0
30.84112,73.41589,334.33,0.41,0.37,2024-10-12,801,N,VIIRS,n,2,308.4,2.4,D,0
30.8436,73.93648,345.94,0.4,0.37,2024-10-12,801,N,VIIRS,n,2,308.4,7.72,D,0
30.8449,73.92329,331.06,0.4,0.37,2024-10-12,801,N,VIIRS,l,2,305.1,1.7,D,0
30.84614,73.8886,334.14,0.4,0.37,2024-10-12,801,N,VIIRS,l,2,306.45,1.87,D,0
30.84974,73.25838,338.69,0.41,0.37,2024-10-12,801,N,VIIRS,n,2,307.28,4.34,D,0
30.86383,73.29977,367,0.41,0.37,2024-10-12,801,N,VIIRS,h,2,310.06,10.15,D,0
30.88127,73.34026,335.34,0.41,0.37,2024-10-12,801,N,VIIRS,n,2,308.15,6.98,D,0
30.88199,73.34454,339.64,0.41,0.37,2024-10-12,801,N,VIIRS,n,2,307.71,6.98,D,0
30.88875,74.10624,335.65,0.4,0.37,2024-10-12,801,N,VIIRS,n,2,304.07,1.23,D,0
30.90038,73.51704,333.22,0.41,0.37,2024-10-12,801,N,VIIRS,n,2,306.62,1.38,D,0
30.90078,74.09506,331.55,0.4,0.37,2024-10-12,801,N,VIIRS,n,2,303.28,1.68,D,0
30.91067,74.3052,338.16,0.39,0.36,2024-10-12,801,N,VIIRS,n,2,305.92,5.93,D,0
30.914,74.30448,335.11,0.39,0.36,2024-10-12,801,N,VIIRS,l,2,305.88,5.93,D,0
30.92506,73.55972,338.3,0.41,0.37,2024-10-12,801,N,VIIRS,n,2,303.38,2.79,D,0
30.92519,73.58159,335.14,0.41,0.37,2024-10-12,801,N,VIIRS,n,2,304.93,3.26,D,0
30.92765,73.55546,334.36,0.41,0.37,2024-10-12,801,N,VIIRS,n,2,303.82,2.7,D,0
30.92844,73.55896,335.06,0.41,0.37,2024-10-12,801,N,VIIRS,n,2,302.65,2.79,D,0
30.93739,73.50936,333.12,0.41,0.37,2024-10-12,801,N,VIIRS,n,2,306.14,1.57,D,0
30.9473,74.09473,336.98,0.4,0.37,2024-10-12,801,N,VIIRS,n,2,306,4.13,D,0
30.95005,74.15373,348.23,0.39,0.37,2024-10-12,801,N,VIIRS,n,2,309.46,9.49,D,0
30.95339,74.153,347.13,0.39,0.37,2024-10-12,801,N,VIIRS,n,2,306.37,8.52,D,0
30.95584,73.99883,341.73,0.4,0.37,2024-10-12,801,N,VIIRS,n,2,305.94,6.4,D,0
30.96501,74.70918,338.35,0.39,0.36,2024-10-12,801,N,VIIRS,n,2,304.95,3.75,D,0
30.96674,74.15007,340.07,0.39,0.37,2024-10-12,801,N,VIIRS,n,2,304.42,3.3,D,0
30.97354,73.45277,331.81,0.41,0.37,2024-10-12,801,N,VIIRS,l,2,306.29,1.82,D,0
30.98074,75.37337,333.07,0.38,0.36,2024-10-12,801,N,VIIRS,n,2,303.55,2.38,D,0
30.98076,74.19375,337.02,0.39,0.36,2024-10-12,801,N,VIIRS,n,2,305.39,3.16,D,0
30.98405,75.37269,338.03,0.38,0.36,2024-10-12,801,N,VIIRS,n,2,303.26,2.75,D,0
30.98754,73.59882,333.98,0.4,0.37,2024-10-12,801,N,VIIRS,n,2,304.8,3.16,D,0
30.98919,73.54594,338.48,0.41,0.37,2024-10-12,801,N,VIIRS,n,2,305.2,2.43,D,0
31.00026,74.50609,331.61,0.39,0.36,2024-10-12,801,N,VIIRS,n,2,303.52,1.92,D,0
31.00645,75.30213,337.18,0.38,0.36,2024-10-12,801,N,VIIRS,n,2,302.72,2.18,D,0
31.00812,74.1069,330.2,0.4,0.37,2024-10-12,801,N,VIIRS,l,2,303.3,2.79,D,0
31.01277,74.19946,332.15,0.39,0.36,2024-10-12,801,N,VIIRS,l,2,306.81,1.71,D,0
31.01408,74.22888,336.42,0.39,0.36,2024-10-12,801,N,VIIRS,l,2,308.16,9.08,D,0
31.02245,73.03626,340.45,0.42,0.38,2024-10-12,801,N,VIIRS,n,2,307.47,5.67,D,0
31.02347,74.15887,330.04,0.39,0.37,2024-10-12,801,N,VIIRS,n,2,303.44,1.4,D,0
31.02641,74.41213,346.6,0.39,0.36,2024-10-12,801,N,VIIRS,n,2,310.07,21.17,D,0
31.03321,74.3474,335.88,0.39,0.36,2024-10-12,801,N,VIIRS,n,2,301.87,1.57,D,0
31.03386,74.35147,332.5,0.39,0.36,2024-10-12,801,N,VIIRS,l,2,304.06,2.16,D,0
31.03442,74.39774,330.21,0.39,0.36,2024-10-12,801,N,VIIRS,n,2,304.31,0.83,D,0
31.03658,74.32555,337.37,0.39,0.36,2024-10-12,801,N,VIIRS,n,2,308.07,3.31,D,0
31.03723,74.32963,333.08,0.39,0.36,2024-10-12,801,N,VIIRS,n,2,306.01,3.31,D,0
31.0399,74.32482,336.25,0.39,0.36,2024-10-12,801,N,VIIRS,n,2,305.65,3.31,D,0
31.04039,70.78185,336.42,0.51,0.41,2024-10-12,801,N,VIIRS,n,2,308.27,4.51,D,0
31.04051,73.64362,332.93,0.4,0.37,2024-10-12,801,N,VIIRS,n,2,304.4,1.74,D,0
31.04056,74.3289,335.49,0.39,0.36,2024-10-12,801,N,VIIRS,n,2,306.1,3.31,D,0
31.04782,74.35265,346.39,0.39,0.36,2024-10-12,801,N,VIIRS,n,2,305.74,7.2,D,0
31.05677,74.47287,337.88,0.39,0.36,2024-10-12,801,N,VIIRS,n,2,305.61,4.37,D,0
31.05949,74.32941,338.01,0.39,0.36,2024-10-12,801,N,VIIRS,n,2,306.8,2.63,D,0
31.07215,74.4401,347.72,0.39,0.36,2024-10-12,801,N,VIIRS,n,2,304.64,3.74,D,0
31.07416,74.2924,342.56,0.39,0.36,2024-10-12,801,N,VIIRS,n,2,311.84,24.01,D,0
31.07902,74.54784,336.51,0.39,0.36,2024-10-12,801,N,VIIRS,n,2,307.02,3.22,D,0
31.08729,74.62149,339.09,0.39,0.36,2024-10-12,801,N,VIIRS,n,2,305.44,2.76,D,0
31.08793,74.62554,337.77,0.39,0.36,2024-10-12,801,N,VIIRS,l,2,307.85,9.76,D,0
31.10031,74.51844,334.03,0.39,0.36,2024-10-12,801,N,VIIRS,l,2,306.87,2.89,D,0
31.10583,74.63876,337.82,0.39,0.36,2024-10-12,801,N,VIIRS,l,2,307.92,3.59,D,0
31.11488,74.09667,336.08,0.39,0.37,2024-10-12,801,N,VIIRS,n,2,307.79,3.11,D,0
31.13551,70.62579,335.42,0.52,0.41,2024-10-12,801,N,VIIRS,n,2,308.49,2.76,D,0
31.15248,74.82497,333.7,0.39,0.36,2024-10-12,801,N,VIIRS,n,2,303.5,4.37,D,0
31.18677,73.57281,334.67,0.4,0.37,2024-10-12,801,N,VIIRS,n,2,303.07,2.86,D,0
31.20673,74.22595,330.19,0.39,0.36,2024-10-12,801,N,VIIRS,l,2,303.23,1.32,D,0
31.28066,75.01459,336.87,0.38,0.36,2024-10-12,801,N,VIIRS,n,2,306.37,8.62,D,0
31.28128,75.01861,332.91,0.38,0.36,2024-10-12,801,N,VIIRS,n,2,302.4,6.58,D,0
31.33155,75.07867,330.09,0.38,0.36,2024-10-12,801,N,VIIRS,n,2,304.03,1.41,D,0
31.35099,75.11613,333.57,0.38,0.36,2024-10-12,801,N,VIIRS,n,2,304.06,1.58,D,0
31.35161,75.12016,338.69,0.38,0.36,2024-10-12,801,N,VIIRS,n,2,305.29,4.14,D,0
31.35201,75.27779,342.01,0.38,0.36,2024-10-12,801,N,VIIRS,n,2,303.51,9.69,D,0
31.35826,74.42986,331.23,0.39,0.36,2024-10-12,801,N,VIIRS,l,2,305.85,2.43,D,0
31.37568,75.34338,336.38,0.38,0.36,2024-10-12,801,N,VIIRS,n,2,303.37,3.16,D,0
31.37768,74.55177,342.21,0.39,0.36,2024-10-12,801,N,VIIRS,n,2,307.15,3.74,D,0
31.38099,74.55106,340.66,0.39,0.36,2024-10-12,801,N,VIIRS,n,2,303.2,3.74,D,0
31.40488,75.20036,335.12,0.38,0.36,2024-10-12,801,N,VIIRS,n,2,304.35,6.38,D,0
31.43665,74.66953,332.47,0.39,0.36,2024-10-12,801,N,VIIRS,n,2,300.63,3,D,0
31.44061,75.17233,334.27,0.38,0.36,2024-10-12,801,N,VIIRS,n,2,306.99,3.24,D,0
31.4441,73.32838,338.41,0.41,0.37,2024-10-12,801,N,VIIRS,n,2,307.57,1.73,D,0
31.44432,75.19647,333.3,0.38,0.36,2024-10-12,801,N,VIIRS,n,2,304.12,5.69,D,0
31.44757,75.0628,334.03,0.38,0.36,2024-10-12,801,N,VIIRS,n,2,303.67,1.16,D,0
31.46168,73.39061,334.32,0.41,0.37,2024-10-12,801,N,VIIRS,n,2,304.99,1.69,D,0
31.48043,74.86071,333.85,0.39,0.36,2024-10-12,801,N,VIIRS,l,2,305.99,2.52,D,0
31.4847,74.90984,335.58,0.39,0.36,2024-10-12,801,N,VIIRS,n,2,304.89,4.67,D,0
31.49304,72.15434,342.8,0.44,0.39,2024-10-12,801,N,VIIRS,n,2,305.47,4.56,D,0
31.50377,75.07643,337.37,0.38,0.36,2024-10-12,801,N,VIIRS,n,2,305.15,3.39,D,0
31.50931,75.04613,336.13,0.38,0.36,2024-10-12,801,N,VIIRS,n,2,308.39,3.17,D,0
31.51807,73.92477,330.13,0.4,0.37,2024-10-12,801,N,VIIRS,n,2,302.53,2.02,D,0
31.51816,73.98903,333.79,0.39,0.37,2024-10-12,801,N,VIIRS,n,2,302.58,2.12,D,0
31.51935,73.89012,330.17,0.4,0.37,2024-10-12,801,N,VIIRS,l,2,302.03,3.15,D,0
31.52215,73.97101,331.21,0.39,0.37,2024-10-12,801,N,VIIRS,l,2,303.03,1.95,D,0
31.52686,74.6124,331.01,0.39,0.36,2024-10-12,801,N,VIIRS,n,2,303.63,2.04,D,0
31.53221,74.60287,336.11,0.39,0.36,2024-10-12,801,N,VIIRS,n,2,304.22,2.32,D,0
31.53348,74.61098,335.89,0.39,0.36,2024-10-12,801,N,VIIRS,n,2,303.98,4.84,D,0
31.53448,74.60345,348.26,0.39,0.36,2024-10-12,801,N,VIIRS,n,2,304.14,6.68,D,0
31.53512,74.6075,335.15,0.39,0.36,2024-10-12,801,N,VIIRS,l,2,309.65,14.04,D,0
31.53576,74.61156,346.1,0.39,0.36,2024-10-12,801,N,VIIRS,n,2,310.77,14.04,D,0
31.53656,74.76105,338.37,0.39,0.36,2024-10-12,801,N,VIIRS,n,2,304.23,5.19,D,0
31.53808,75.36388,332.88,0.38,0.36,2024-10-12,801,N,VIIRS,n,2,302.41,1.45,D,0
31.53907,74.61084,333.95,0.39,0.36,2024-10-12,801,N,VIIRS,n,2,300.71,14.04,D,0
31.54201,75.21398,333.21,0.38,0.36,2024-10-12,801,N,VIIRS,l,2,304.68,3.16,D,0
31.544,74.83047,340.04,0.39,0.36,2024-10-12,801,N,VIIRS,n,2,308.88,10.71,D,0
31.56047,73.92033,339.47,0.4,0.37,2024-10-12,801,N,VIIRS,n,2,306.11,3.44,D,0
31.56148,74.75256,334.53,0.39,0.36,2024-10-12,801,N,VIIRS,n,2,302.58,2.15,D,0
31.56718,75.20039,345.79,0.38,0.36,2024-10-12,801,N,VIIRS,n,2,309.27,11.42,D,0
31.57113,72.71911,336.01,0.42,0.38,2024-10-12,801,N,VIIRS,n,2,306.56,2.59,D,0
31.5967,72.92775,336.8,0.42,0.37,2024-10-12,801,N,VIIRS,n,2,307.05,3.81,D,0
31.60132,74.59322,343.87,0.39,0.36,2024-10-12,801,N,VIIRS,n,2,301.69,3.99,D,0
31.60544,74.0686,345.78,0.39,0.36,2024-10-12,801,N,VIIRS,n,2,307.65,7.16,D,0
31.61713,74.82423,339.02,0.39,0.36,2024-10-12,801,N,VIIRS,n,2,306.93,6,D,0
31.61829,72.94988,333.96,0.42,0.37,2024-10-12,801,N,VIIRS,n,2,307.36,1.63,D,0
31.62137,73.56976,330.87,0.4,0.37,2024-10-12,801,N,VIIRS,n,2,304.05,1.55,D,0
31.6325,75.1211,332.84,0.38,0.36,2024-10-12,801,N,VIIRS,n,2,304.74,2.3,D,0
31.64236,75.05238,331.43,0.38,0.36,2024-10-12,801,N,VIIRS,n,2,306.32,4.38,D,0
31.64298,75.05642,334.06,0.38,0.36,2024-10-12,801,N,VIIRS,n,2,304.81,4.38,D,0
31.64484,74.91436,335.74,0.38,0.36,2024-10-12,801,N,VIIRS,n,2,305.06,1.37,D,0
31.64795,74.65027,333.84,0.39,0.36,2024-10-12,801,N,VIIRS,n,2,303.03,2.07,D,0
31.64977,72.94704,341.75,0.42,0.37,2024-10-12,801,N,VIIRS,n,2,306.15,3.69,D,0
31.65274,74.10503,330.67,0.39,0.36,2024-10-12,801,N,VIIRS,l,2,305.11,1.98,D,0
31.66053,74.75226,336.2,0.39,0.36,2024-10-12,801,N,VIIRS,n,2,304.21,2.63,D,0
31.66114,74.52203,336.06,0.39,0.36,2024-10-12,801,N,VIIRS,n,2,304.67,3.39,D,0
31.66298,75.03137,335.2,0.38,0.36,2024-10-12,801,N,VIIRS,n,2,305.63,1.52,D,0
31.67307,74.66218,331.95,0.39,0.36,2024-10-12,801,N,VIIRS,n,2,301.34,1.27,D,0
31.67602,73.01767,334.97,0.41,0.37,2024-10-12,801,N,VIIRS,n,2,306.63,3.85,D,0
31.67631,74.85338,337.37,0.39,0.36,2024-10-12,801,N,VIIRS,n,2,307.26,2.9,D,0
31.67718,74.99084,332.59,0.38,0.36,2024-10-12,801,N,VIIRS,n,2,306.83,1.54,D,0
31.67723,74.62354,335.38,0.39,0.36,2024-10-12,801,N,VIIRS,n,2,302.57,2.49,D,0
31.6913,74.58273,333.6,0.39,0.36,2024-10-12,801,N,VIIRS,n,2,302.82,2,D,0
31.69637,74.74512,334.68,0.39,0.36,2024-10-12,801,N,VIIRS,n,2,304.59,3.38,D,0
31.6967,73.94189,337.06,0.39,0.37,2024-10-12,801,N,VIIRS,n,2,304.59,1.72,D,0
31.69745,73.03965,334.73,0.41,0.37,2024-10-12,801,N,VIIRS,n,2,306.03,2.15,D,0
31.69749,73.10252,339.34,0.41,0.37,2024-10-12,801,N,VIIRS,n,2,308.21,6.61,D,0
31.69751,74.77415,341.16,0.39,0.36,2024-10-12,801,N,VIIRS,n,2,306.32,3.83,D,0
31.70086,73.03886,333.15,0.41,0.37,2024-10-12,801,N,VIIRS,n,2,306.51,2.93,D,0
31.70778,75.0344,333.36,0.38,0.36,2024-10-12,801,N,VIIRS,l,2,305.56,3.07,D,0
31.71021,74.21609,346.93,0.39,0.36,2024-10-12,801,N,VIIRS,n,2,304.49,12.22,D,0
31.7141,74.85839,339.05,0.39,0.36,2024-10-12,801,N,VIIRS,n,2,304.09,3.27,D,0
31.71627,75.24511,333.8,0.38,0.36,2024-10-12,801,N,VIIRS,n,2,304.16,4.15,D,0
31.71634,74.7199,330.34,0.39,0.36,2024-10-12,801,N,VIIRS,l,2,301.38,1.64,D,0
31.71936,75.02414,331.55,0.38,0.36,2024-10-12,801,N,VIIRS,n,2,304.99,1.99,D,0
31.72323,73.85004,333.57,0.4,0.37,2024-10-12,801,N,VIIRS,n,2,304.89,3.04,D,0
31.74023,74.46733,330.76,0.39,0.36,2024-10-12,801,N,VIIRS,l,2,304.98,1.61,D,0
31.74077,73.21298,336.03,0.41,0.37,2024-10-12,801,N,VIIRS,l,2,307.56,5.56,D,0
31.74105,75.03207,332.77,0.38,0.36,2024-10-12,801,N,VIIRS,n,2,305.42,1.38,D,0
31.74614,74.97675,346.01,0.38,0.36,2024-10-12,801,N,VIIRS,n,2,303.54,5.97,D,0
31.7464,73.60324,333.08,0.4,0.37,2024-10-12,801,N,VIIRS,n,2,302.13,3.01,D,0
31.76536,74.4745,331.56,0.39,0.36,2024-10-12,801,N,VIIRS,l,2,303.99,4.14,D,0
31.76908,74.99276,331.53,0.38,0.36,2024-10-12,801,N,VIIRS,l,2,304.64,2.45,D,0
31.77337,73.61888,330.79,0.4,0.37,2024-10-12,801,N,VIIRS,n,2,304.5,5.18,D,0
31.77406,73.62307,333.09,0.4,0.37,2024-10-12,801,N,VIIRS,n,2,304.73,5.18,D,0
31.7778,74.89496,339.66,0.38,0.36,2024-10-12,801,N,VIIRS,n,2,304.79,3.14,D,0
31.78351,74.10278,330.24,0.39,0.36,2024-10-12,801,N,VIIRS,l,2,303.22,1.09,D,0
31.79203,74.70814,331.43,0.39,0.36,2024-10-12,801,N,VIIRS,n,2,301.97,1.55,D,0
31.79322,74.219,330.16,0.39,0.36,2024-10-12,801,N,VIIRS,n,2,304.25,1.66,D,0
31.79675,74.99524,340.83,0.38,0.36,2024-10-12,801,N,VIIRS,n,2,308.34,7.63,D,0
31.80633,75.10171,337.97,0.38,0.36,2024-10-12,801,N,VIIRS,n,2,305.15,3.69,D,0
31.80757,75.10979,335.74,0.38,0.36,2024-10-12,801,N,VIIRS,n,2,304.31,3.93,D,0
31.80868,73.98189,334.3,0.39,0.36,2024-10-12,801,N,VIIRS,n,2,304.36,2.03,D,0
31.80943,74.07146,333.47,0.39,0.36,2024-10-12,801,N,VIIRS,n,2,304,2.22,D,0
31.80963,75.10101,339.53,0.38,0.36,2024-10-12,801,N,VIIRS,n,2,304.07,3.56,D,0
31.8101,74.07558,330.95,0.39,0.36,2024-10-12,801,N,VIIRS,n,2,304.8,2.14,D,0
31.81046,74.71674,333.54,0.39,0.36,2024-10-12,801,N,VIIRS,l,2,305.57,5.29,D,0
31.81271,74.00666,332.98,0.39,0.36,2024-10-12,801,N,VIIRS,l,2,305.67,4.12,D,0
31.81338,74.01079,333.82,0.39,0.36,2024-10-12,801,N,VIIRS,l,2,305.09,4.12,D,0
31.81375,74.45554,341.02,0.39,0.36,2024-10-12,801,N,VIIRS,n,2,302.5,3.03,D,0
31.81548,73.74809,340.26,0.4,0.37,2024-10-12,801,N,VIIRS,n,2,307.04,3.68,D,0
31.81671,74.01005,335.12,0.39,0.36,2024-10-12,801,N,VIIRS,l,2,306.08,4.12,D,0
31.8173,74.31181,334.01,0.39,0.36,2024-10-12,801,N,VIIRS,n,2,304.01,3.31,D,0
31.82214,74.63876,330.91,0.39,0.36,2024-10-12,801,N,VIIRS,l,2,304.31,7.97,D,0
31.82445,74.69697,334.99,0.39,0.36,2024-10-12,801,N,VIIRS,n,2,302.89,2.82,D,0
31.82608,75.01436,341.28,0.38,0.36,2024-10-12,801,N,VIIRS,n,2,303.68,2.96,D,0
31.82804,74.01607,332.6,0.39,0.36,2024-10-12,801,N,VIIRS,l,2,305.92,3.51,D,0
31.83001,73.98569,338.34,0.39,0.36,2024-10-12,801,N,VIIRS,n,2,306.82,4.85,D,0
31.83137,74.01533,336.71,0.39,0.36,2024-10-12,801,N,VIIRS,l,2,308.11,3.51,D,0
31.83537,74.01871,333.6,0.39,0.36,2024-10-12,801,N,VIIRS,n,2,307.56,4.01,D,0
31.8387,74.01797,343.51,0.39,0.36,2024-10-12,801,N,VIIRS,n,2,308.42,4.01,D,0
31.85138,74.60724,330.33,0.39,0.36,2024-10-12,801,N,VIIRS,n,2,302.57,2.6,D,0
31.87333,74.42628,333.92,0.39,0.36,2024-10-12,801,N,VIIRS,n,2,303.82,4.18,D,0
31.87398,74.43034,336.25,0.39,0.36,2024-10-12,801,N,VIIRS,n,2,303.95,4.18,D,0
31.87531,74.07388,335.22,0.39,0.36,2024-10-12,801,N,VIIRS,n,2,305.1,2.49,D,0
31.87981,74.46702,341.85,0.39,0.36,2024-10-12,801,N,VIIRS,n,2,306.29,3.7,D,0
31.88229,74.91469,330.72,0.38,0.36,2024-10-12,801,N,VIIRS,l,2,304.59,3.15,D,0
31.90562,75.11028,332.95,0.38,0.36,2024-10-12,801,N,VIIRS,n,2,303.27,1.51,D,0
31.98648,74.77587,330.98,0.39,0.36,2024-10-12,801,N,VIIRS,n,2,303.42,1.86,D,0
31.58244,70.63599,340.85,0.51,0.41,2024-10-12,802,N,VIIRS,n,2,311.24,20.03,D,0
31.58618,70.63501,346.48,0.51,0.41,2024-10-12,802,N,VIIRS,n,2,307.23,20.03,D,0
31.62929,70.73786,339.67,0.5,0.41,2024-10-12,802,N,VIIRS,n,2,305.04,3.67,D,0
31.62945,70.74034,340.91,0.5,0.41,2024-10-12,802,N,VIIRS,n,2,305.03,5.03,D,0
31.63573,70.7307,331.17,0.5,0.41,2024-10-12,802,N,VIIRS,n,2,305.16,2.3,D,0
31.66348,70.71249,332.73,0.5,0.41,2024-10-12,802,N,VIIRS,l,2,304.94,4.44,D,0
31.69229,70.78205,336.38,0.5,0.41,2024-10-12,802,N,VIIRS,n,2,306.66,3.5,D,0
31.7398,73.21034,347.08,0.41,0.37,2024-10-12,802,N,VIIRS,n,2,306.21,7,D,0
31.77404,70.8019,333.93,0.5,0.41,2024-10-12,802,N,VIIRS,n,2,307.8,1.31,D,0
31.78359,73.24021,333.75,0.41,0.37,2024-10-12,802,N,VIIRS,n,2,303.41,4.73,D,0
31.80201,72.81424,331.28,0.42,0.38,2024-10-12,802,N,VIIRS,n,2,305.45,1.41,D,0
31.80393,73.1107,340.19,0.41,0.37,2024-10-12,802,N,VIIRS,n,2,303.61,2.92,D,0
31.84062,73.41257,334.99,0.4,0.37,2024-10-12,802,N,VIIRS,n,2,303.76,2.98,D,0
31.84928,73.04742,332.22,0.41,0.37,2024-10-12,802,N,VIIRS,n,2,305.84,2.67,D,0
31.85562,73.79649,340.54,0.4,0.37,2024-10-12,802,N,VIIRS,n,2,303.79,3.76,D,0
31.85721,73.70105,331.14,0.4,0.37,2024-10-12,802,N,VIIRS,n,2,305.42,1.66,D,0
31.87222,73.14053,332.22,0.41,0.37,2024-10-12,802,N,VIIRS,n,2,304.34,2.38,D,0
31.87279,73.94308,348.06,0.39,0.36,2024-10-12,802,N,VIIRS,n,2,305.29,5.52,D,0
31.88774,73.80219,332.29,0.4,0.37,2024-10-12,802,N,VIIRS,l,2,303.44,3.36,D,0
31.89285,73.58002,333.88,0.4,0.37,2024-10-12,802,N,VIIRS,l,2,305.27,4.9,D,0
31.90715,73.62463,334.3,0.4,0.37,2024-10-12,802,N,VIIRS,n,2,303,1.64,D,0
31.91651,73.80864,337.61,0.4,0.37,2024-10-12,802,N,VIIRS,n,2,307.52,5.96,D,0
31.9387,74.30744,330.33,0.39,0.36,2024-10-12,802,N,VIIRS,n,2,302.86,2.32,D,0
31.95443,74.38433,342.69,0.39,0.36,2024-10-12,802,N,VIIRS,n,2,305.23,4.04,D,0
31.96095,73.81664,332.48,0.4,0.37,2024-10-12,802,N,VIIRS,n,2,304.78,2.71,D,0
31.96239,73.84645,339.7,0.39,0.37,2024-10-12,802,N,VIIRS,n,2,305.47,3.89,D,0
31.96754,73.79359,346.08,0.4,0.37,2024-10-12,802,N,VIIRS,n,2,307.57,5.68,D,0
31.97202,74.62482,344.05,0.39,0.36,2024-10-12,802,N,VIIRS,n,2,304.47,4.3,D,0
31.99354,74.54446,332.07,0.39,0.36,2024-10-12,802,N,VIIRS,l,2,303.16,1.76,D,0
32.01323,74.80053,335.22,0.38,0.36,2024-10-12,802,N,VIIRS,n,2,303.45,2.72,D,0
32.02342,74.22157,335.16,0.39,0.36,2024-10-12,802,N,VIIRS,n,2,305.66,2.19,D,0
32.02364,74.60524,333.6,0.39,0.36,2024-10-12,802,N,VIIRS,n,2,303.65,2.57,D,0
32.04158,73.73799,337.96,0.4,0.37,2024-10-12,802,N,VIIRS,n,2,306.02,3.99,D,0
32.06807,74.95623,332.19,0.38,0.36,2024-10-12,802,N,VIIRS,n,2,301.14,2.31,D,0
32.07196,74.11727,334.26,0.39,0.36,2024-10-12,802,N,VIIRS,l,2,306.39,1.85,D,0
32.07328,74.1255,331.55,0.39,0.36,2024-10-12,802,N,VIIRS,l,2,305.58,3.03,D,0
32.07708,75.12582,332.86,0.38,0.36,2024-10-12,802,N,VIIRS,n,2,303.24,2,D,0
32.09667,73.89848,335.39,0.39,0.36,2024-10-12,802,N,VIIRS,n,2,306.72,2.4,D,0
32.09894,75.17977,337.39,0.38,0.36,2024-10-12,802,N,VIIRS,n,2,307.69,2.95,D,0
32.10705,73.79286,332.21,0.39,0.37,2024-10-12,802,N,VIIRS,l,2,303.62,1.79,D,0
32.11692,74.81238,336.51,0.38,0.36,2024-10-12,802,N,VIIRS,n,2,304,1.91,D,0
32.12838,74.77637,340.61,0.38,0.36,2024-10-12,802,N,VIIRS,n,2,304.7,3.12,D,0
32.13776,73.32027,335.51,0.4,0.37,2024-10-12,802,N,VIIRS,n,2,302.93,1.9,D,0
32.14106,73.23552,331.37,0.41,0.37,2024-10-12,802,N,VIIRS,n,2,302.35,1.66,D,0
32.1428,74.11907,340.48,0.39,0.36,2024-10-12,802,N,VIIRS,n,2,305.98,2.74,D,0
32.15192,74.28278,331.55,0.39,0.36,2024-10-12,802,N,VIIRS,l,2,303.82,2.84,D,0
32.15261,72.34745,331.64,0.43,0.38,2024-10-12,802,N,VIIRS,n,2,306,2.44,D,0
32.15694,73.66557,341.28,0.4,0.37,2024-10-12,802,N,VIIRS,n,2,313.26,28.94,D,0
32.16462,74.6804,337.56,0.39,0.36,2024-10-12,802,N,VIIRS,n,2,306.08,2.11,D,0
32.18526,73.71112,330.17,0.4,0.37,2024-10-12,802,N,VIIRS,l,2,302.13,1.66,D,0
32.18594,73.71529,330.75,0.4,0.37,2024-10-12,802,N,VIIRS,l,2,303.88,1.66,D,0
32.18799,73.9509,334.32,0.39,0.36,2024-10-12,802,N,VIIRS,l,2,306.71,2.2,D,0
32.19349,74.88815,347.54,0.38,0.36,2024-10-12,802,N,VIIRS,n,2,304.03,6.53,D,0
32.21554,73.24113,330.07,0.4,0.37,2024-10-12,802,N,VIIRS,n,2,303.94,2.08,D,0
32.2206,73.92713,350.51,0.39,0.36,2024-10-12,802,N,VIIRS,n,2,306.11,4.32,D,0
32.22127,73.93127,342.43,0.39,0.36,2024-10-12,802,N,VIIRS,n,2,305.67,4.32,D,0
32.25046,74.28286,344,0.39,0.36,2024-10-12,802,N,VIIRS,n,2,303.76,3.97,D,0
32.25586,73.37733,338.02,0.4,0.37,2024-10-12,802,N,VIIRS,n,2,305.07,2.28,D,0
32.25922,73.37656,334.8,0.4,0.37,2024-10-12,802,N,VIIRS,n,2,304.43,6.32,D,0
32.26525,73.28707,335.12,0.4,0.37,2024-10-12,802,N,VIIRS,n,2,306.46,2.24,D,0
32.26577,73.35307,333.38,0.4,0.37,2024-10-12,802,N,VIIRS,n,2,305.51,2.39,D,0
32.27021,73.3168,352.85,0.4,0.37,2024-10-12,802,N,VIIRS,n,2,307.94,11.25,D,0
32.27109,73.34303,332.29,0.4,0.37,2024-10-12,802,N,VIIRS,l,2,303.46,6.05,D,0
32.2964,73.28152,330.33,0.4,0.37,2024-10-12,802,N,VIIRS,l,2,304.53,2.33,D,0
32.29926,73.29852,331.18,0.4,0.37,2024-10-12,802,N,VIIRS,l,2,305.13,1.7,D,0
32.30788,73.86076,337.78,0.39,0.36,2024-10-12,802,N,VIIRS,n,2,304.89,4.51,D,0
32.3112,73.34861,336.89,0.4,0.37,2024-10-12,802,N,VIIRS,n,2,302.67,3.18,D,0
32.32719,73.85211,340.14,0.39,0.36,2024-10-12,802,N,VIIRS,n,2,306.29,3.61,D,0
32.35316,74.29029,332.13,0.39,0.36,2024-10-12,802,N,VIIRS,n,2,301.89,1.6,D,0
32.35741,74.37368,339.57,0.39,0.36,2024-10-12,802,N,VIIRS,n,2,306.87,2.72,D,0
32.3633,74.38931,336.91,0.39,0.36,2024-10-12,802,N,VIIRS,n,2,305.12,2.49,D,0
32.37853,73.89211,337.23,0.39,0.36,2024-10-12,802,N,VIIRS,n,2,305.58,1.91,D,0
32.38119,74.52484,330.64,0.39,0.36,2024-10-12,802,N,VIIRS,n,2,303.06,1.18,D,0
32.39312,73.65295,332.96,0.4,0.37,2024-10-12,802,N,VIIRS,n,2,303.18,1.65,D,0
32.39853,73.66473,335.35,0.4,0.37,2024-10-12,802,N,VIIRS,n,2,302.35,2.43,D,0
32.42411,74.03325,335.75,0.39,0.36,2024-10-12,802,N,VIIRS,n,2,304.69,2.43,D,0
32.44036,74.34312,330.41,0.39,0.36,2024-10-12,802,N,VIIRS,n,2,305.09,1.53,D,0
32.45108,74.3026,342.09,0.39,0.36,2024-10-12,802,N,VIIRS,n,2,306.19,5.21,D,0
32.4574,74.38597,340.77,0.39,0.36,2024-10-12,802,N,VIIRS,n,2,302.78,3.3,D,0
32.47317,75.09803,334.85,0.38,0.36,2024-10-12,802,N,VIIRS,l,2,305.02,5.87,D,0
32.52802,73.66613,331.52,0.39,0.37,2024-10-12,802,N,VIIRS,n,2,304.29,1.89,D,0
32.61634,74.56008,336.45,0.39,0.36,2024-10-12,802,N,VIIRS,n,2,301.83,2.07,D,0
32.78433,74.52397,336.38,0.39,0.36,2024-10-12,802,N,VIIRS,n,2,302.89,3.06,D,0
32.80917,74.36215,335.2,0.39,0.36,2024-10-12,802,N,VIIRS,n,2,305.92,1.42,D,0
33.26814,71.30999,337.12,0.45,0.39,2024-10-12,802,N,VIIRS,n,2,309.15,1.67,D,0
33.23324,71.51534,304.42,0.6,0.53,2024-10-12,2024,N,VIIRS,n,2,290.24,0.37,N,0
33.23817,71.51579,303.26,0.6,0.53,2024-10-12,2024,N,VIIRS,n,2,290.08,0.37,N,0
29.713,69.96297,310.73,0.34,0.56,2024-10-12,2025,N,VIIRS,n,2,290.51,2.72,N,0
29.71334,69.95882,309.73,0.34,0.56,2024-10-12,2025,N,VIIRS,n,2,290.27,2.44,N,0
29.71775,69.96896,311.94,0.34,0.56,2024-10-12,2025,N,VIIRS,n,2,291.25,1.92,N,0
29.71803,69.96548,347.21,0.34,0.56,2024-10-12,2025,N,VIIRS,n,2,293.67,2.72,N,0
29.71834,69.96178,330.67,0.34,0.56,2024-10-12,2025,N,VIIRS,n,2,292.76,2.72,N,0
29.72249,69.97487,312.29,0.34,0.56,2024-10-12,2025,N,VIIRS,n,2,292.87,1.68,N,0
29.72307,69.96789,327.33,0.34,0.56,2024-10-12,2025,N,VIIRS,n,2,293.46,2.65,N,0
29.72338,69.96423,318.63,0.34,0.56,2024-10-12,2025,N,VIIRS,n,2,292.49,2.59,N,0
29.72674,69.98666,331.83,0.34,0.56,2024-10-12,2025,N,VIIRS,n,2,295.55,2.81,N,0
29.72701,69.98353,318,0.34,0.56,2024-10-12,2025,N,VIIRS,n,2,295.07,2.48,N,0
29.72728,69.98028,330.53,0.34,0.56,2024-10-12,2025,N,VIIRS,n,2,294.93,2.48,N,0
29.72755,69.97704,311.86,0.34,0.56,2024-10-12,2025,N,VIIRS,n,2,294.24,1.68,N,0
31.52744,74.89407,307.17,0.55,0.43,2024-10-12,2025,N,VIIRS,n,2,292.72,4.08,N,0
31.53139,74.89469,336.34,0.55,0.43,2024-10-12,2025,N,VIIRS,n,2,294.53,4.08,N,0
32.05681,74.26502,307.98,0.4,0.45,2024-10-12,2025,N,VIIRS,n,2,292.92,0.64,N,0
32.08456,74.16309,304.05,0.41,0.45,2024-10-12,2025,N,VIIRS,n,2,293.69,1.59,N,2
32.29515,70.72984,309.5,0.32,0.55,2024-10-12,2025,N,VIIRS,n,2,294.39,1.35,N,2
28.42603,69.70017,305.2,0.34,0.56,2024-10-12,2026,N,VIIRS,n,2,294.05,0.86,N,2
30.56076,69.83938,297.97,0.66,0.73,2024-10-12,2205,N,VIIRS,n,2,286.93,0.87,N,0
32.2917,70.7329,302.51,0.66,0.73,2024-10-12,2205,N,VIIRS,n,2,292.26,1.05,N,2
33.23819,71.51926,301.97,0.69,0.74,2024-10-12,2205,N,VIIRS,n,2,288.59,1.54,N,0
33.23978,71.51404,299.27,0.69,0.74,2024-10-12,2205,N,VIIRS,n,2,288.76,0.5,N,0
33.26928,71.31606,298.86,0.67,0.74,2024-10-12,2205,N,VIIRS,n,2,288.57,0.66,N,0
33.2713,71.3093,300.17,0.67,0.73,2024-10-12,2205,N,VIIRS,n,2,289.19,1.29,N,0
29.71404,69.96162,314,0.7,0.75,2024-10-12,2206,N,VIIRS,n,2,289.69,2.11,N,0
29.71427,69.96332,312.12,0.7,0.75,2024-10-12,2206,N,VIIRS,n,2,289.88,2.73,N,0
29.7198,69.96722,318.58,0.7,0.75,2024-10-12,2206,N,VIIRS,n,2,291.24,2.11,N,0
29.71997,69.96926,312.07,0.7,0.75,2024-10-12,2206,N,VIIRS,n,2,290.78,2.62,N,0
29.72172,69.96309,302.14,0.7,0.75,2024-10-12,2206,N,VIIRS,n,2,290.64,2.62,N,0
29.72544,69.97328,305.04,0.7,0.75,2024-10-12,2206,N,VIIRS,n,2,291.41,1.75,N,0
29.72879,69.9873,314.01,0.7,0.75,2024-10-12,2206,N,VIIRS,n,2,293.12,1.75,N,0
29.72886,69.99007,310.36,0.7,0.75,2024-10-12,2206,N,VIIRS,n,2,292.75,2.92,N,0
29.73117,69.97901,313.23,0.7,0.75,2024-10-12,2206,N,VIIRS,n,2,293.62,1.75,N,0
29.73138,69.98116,314.77,0.7,0.75,2024-10-12,2206,N,VIIRS,n,2,293.4,4.01,N,0
29.03507,70.57924,343.6,0.35,0.57,2024-10-13,742,N,VIIRS,n,2,305.98,2.06,D,0
29.03564,70.58014,333.75,0.35,0.57,2024-10-13,742,N,VIIRS,l,2,304.89,1.98,D,0
29.05547,70.87916,342.24,0.34,0.56,2024-10-13,742,N,VIIRS,n,2,305.35,2.47,D,0
29.1836,70.34544,335.08,0.36,0.57,2024-10-13,742,N,VIIRS,n,2,306.09,1.9,D,0
29.26302,70.30898,334.56,0.36,0.57,2024-10-13,742,N,VIIRS,n,2,305.91,2.17,D,0
29.38167,70.48811,332.36,0.35,0.57,2024-10-13,742,N,VIIRS,n,2,305.13,1.75,D,0
29.47044,70.42032,344.56,0.35,0.57,2024-10-13,742,N,VIIRS,n,2,307.33,5.48,D,0
29.56814,74.35507,335.81,0.42,0.45,2024-10-13,742,N,VIIRS,l,2,307.64,5.59,D,0
29.61911,74.67007,339.35,0.4,0.44,2024-10-13,742,N,VIIRS,n,2,303.01,2.19,D,0
29.81419,75.01427,332.84,0.57,0.43,2024-10-13,742,N,VIIRS,l,2,307.35,3.77,D,0
29.82883,73.47601,338.81,0.46,0.47,2024-10-13,742,N,VIIRS,n,2,307.07,2.42,D,0
29.93463,72.43427,336.69,0.52,0.5,2024-10-13,742,N,VIIRS,n,2,305.25,9.2,D,0
29.94875,72.7,330.93,0.51,0.49,2024-10-13,742,N,VIIRS,n,2,304.38,2.13,D,0
29.97066,71.31435,330.76,0.61,0.53,2024-10-13,742,N,VIIRS,n,2,303.14,1.29,D,0
29.97935,71.98461,339.57,0.55,0.51,2024-10-13,742,N,VIIRS,l,2,311.67,15.07,D,0
29.9806,71.99029,335.95,0.55,0.51,2024-10-13,742,N,VIIRS,l,2,308.25,15.07,D,0
29.98802,71.29408,342.99,0.61,0.53,2024-10-13,742,N,VIIRS,n,2,308.16,6.97,D,0
30.00411,72.60008,355.01,0.51,0.49,2024-10-13,742,N,VIIRS,n,2,306.39,12.85,D,0
30.03641,72.72853,335.28,0.5,0.49,2024-10-13,742,N,VIIRS,l,2,306.43,5.94,D,0
30.07512,72.75565,333.1,0.5,0.49,2024-10-13,742,N,VIIRS,n,2,305.06,2.91,D,0
30.07563,72.75249,336.69,0.5,0.49,2024-10-13,742,N,VIIRS,n,2,305.91,2.3,D,0
30.12431,73.05536,341.11,0.48,0.48,2024-10-13,742,N,VIIRS,n,2,305.17,4.54,D,0
30.12535,73.06027,342.49,0.48,0.48,2024-10-13,742,N,VIIRS,n,2,308.12,8.17,D,0
30.14147,73.31134,352.37,0.46,0.47,2024-10-13,742,N,VIIRS,n,2,308.43,6.89,D,0
30.15431,73.50127,337.81,0.45,0.47,2024-10-13,742,N,VIIRS,n,2,306.5,1.88,D,0
30.16652,73.58073,334.87,0.45,0.47,2024-10-13,742,N,VIIRS,n,2,304.13,2.55,D,0
30.21074,72.88074,332.58,0.49,0.48,2024-10-13,742,N,VIIRS,l,2,306.73,2.68,D,0
30.25,70.68009,341.73,0.33,0.55,2024-10-13,742,N,VIIRS,n,2,304.75,3.94,D,0
30.25891,72.89606,367,0.49,0.48,2024-10-13,742,N,VIIRS,h,2,307.65,12.96,D,0
30.27609,73.28069,334.81,0.46,0.47,2024-10-13,742,N,VIIRS,n,2,307.56,3.75,D,0
30.28038,73.27951,345.41,0.46,0.47,2024-10-13,742,N,VIIRS,n,2,305.6,3.75,D,0
30.28363,73.33865,349.04,0.46,0.47,2024-10-13,742,N,VIIRS,n,2,309.62,19.06,D,0
30.29253,73.31622,335.39,0.46,0.47,2024-10-13,742,N,VIIRS,n,2,305.85,2.45,D,0
30.29315,73.34099,337.19,0.46,0.47,2024-10-13,742,N,VIIRS,n,2,305.85,3.55,D,0
30.2942,73.31759,338.66,0.46,0.47,2024-10-13,742,N,VIIRS,n,2,305.97,3.35,D,0
30.31214,72.89381,341.18,0.48,0.48,2024-10-13,742,N,VIIRS,n,2,305.1,3.76,D,0
30.31358,72.8912,335.55,0.48,0.48,2024-10-13,742,N,VIIRS,n,2,304.55,1.98,D,0
30.32961,73.47398,344.02,0.45,0.47,2024-10-13,742,N,VIIRS,n,2,306.16,4.71,D,0
30.34243,73.13762,341.37,0.47,0.48,2024-10-13,742,N,VIIRS,n,2,304.54,26.25,D,0
30.36574,73.05601,342.74,0.47,0.48,2024-10-13,742,N,VIIRS,n,2,307.37,5.42,D,0
30.37304,73.08996,333.02,0.47,0.48,2024-10-13,742,N,VIIRS,n,2,305.03,3.52,D,0
30.37542,73.63682,344.39,0.44,0.46,2024-10-13,742,N,VIIRS,n,2,310.12,6.66,D,0
30.40191,73.35732,335.53,0.45,0.47,2024-10-13,742,N,VIIRS,n,2,307.1,2.97,D,0
30.40212,73.40166,356.81,0.45,0.47,2024-10-13,742,N,VIIRS,n,2,310.14,12.37,D,0
30.41597,73.64003,338.53,0.44,0.46,2024-10-13,742,N,VIIRS,n,2,307.38,3.14,D,0
30.42594,73.33734,341.4,0.45,0.47,2024-10-13,742,N,VIIRS,n,2,310.74,5.3,D,0
30.42594,73.47344,351.98,0.45,0.47,2024-10-13,742,N,VIIRS,n,2,308.49,8.17,D,0
30.44741,75.37617,333.58,0.53,0.42,2024-10-13,742,N,VIIRS,n,2,301.27,3.24,D,0
30.45122,75.3752,334.52,0.53,0.42,2024-10-13,742,N,VIIRS,n,2,300.87,3.8,D,0
30.46223,73.25254,335.06,0.46,0.47,2024-10-13,742,N,VIIRS,l,2,305.82,2.13,D,0
30.46351,73.8061,336.12,0.43,0.46,2024-10-13,742,N,VIIRS,l,2,307.11,3,D,0
30.46583,75.38874,334.67,0.53,0.42,2024-10-13,742,N,VIIRS,n,2,300.5,4.35,D,0
30.46881,73.72502,339.9,0.43,0.46,2024-10-13,742,N,VIIRS,n,2,306.39,2.18,D,0
30.47197,73.49127,347,0.45,0.47,2024-10-13,742,N,VIIRS,n,2,305.79,4.7,D,0
30.47945,73.48436,355.46,0.45,0.47,2024-10-13,742,N,VIIRS,n,2,309.39,10.15,D,0
30.48137,73.49352,331.35,0.44,0.46,2024-10-13,742,N,VIIRS,l,2,305.63,4.15,D,0
30.50261,73.72154,344.4,0.43,0.46,2024-10-13,742,N,VIIRS,n,2,308.93,10.43,D,0
30.50396,73.51631,354.86,0.44,0.46,2024-10-13,742,N,VIIRS,n,2,309.39,7.22,D,0
30.50526,73.64997,338.48,0.44,0.46,2024-10-13,742,N,VIIRS,n,2,306.2,3.65,D,0
30.51867,72.0726,342.06,0.53,0.5,2024-10-13,742,N,VIIRS,n,2,304.32,6.67,D,0
30.52605,72.21523,336.23,0.52,0.5,2024-10-13,742,N,VIIRS,n,2,303.98,3.01,D,0
30.52757,73.71471,367,0.43,0.46,2024-10-13,742,N,VIIRS,h,2,333.59,51.98,D,0
30.52785,73.52419,339.68,0.44,0.46,2024-10-13,742,N,VIIRS,n,2,306.55,3.37,D,0
30.5285,73.71916,341.45,0.43,0.46,2024-10-13,742,N,VIIRS,n,2,304.31,51.98,D,0
30.53078,73.79338,339.34,0.43,0.46,2024-10-13,742,N,VIIRS,n,2,307,2.97,D,0
30.53174,73.71358,352.95,0.43,0.46,2024-10-13,742,N,VIIRS,n,2,308.7,25.46,D,0
30.53544,73.689,356.61,0.43,0.46,2024-10-13,742,N,VIIRS,n,2,314.35,14.51,D,0
30.53626,73.81975,355.47,0.43,0.46,2024-10-13,742,N,VIIRS,n,2,308.57,13.56,D,0
30.53637,73.69347,343.7,0.43,0.46,2024-10-13,742,N,VIIRS,n,2,312.89,9.45,D,0
30.54516,73.5435,347.44,0.44,0.46,2024-10-13,742,N,VIIRS,n,2,309.58,7.3,D,0
30.54606,73.71905,336.99,0.43,0.46,2024-10-13,742,N,VIIRS,n,2,307.66,3.5,D,0
30.54751,73.61935,335.11,0.44,0.46,2024-10-13,742,N,VIIRS,n,2,306.32,0.5,D,0
30.55248,73.75011,336.56,0.43,0.46,2024-10-13,742,N,VIIRS,n,2,304.09,2.71,D,0
30.55495,72.89394,367,0.48,0.48,2024-10-13,742,N,VIIRS,h,2,309.9,14.48,D,0
30.55504,73.42721,340.02,0.45,0.47,2024-10-13,742,N,VIIRS,n,2,308.02,3.04,D,0
30.57415,73.47536,335.82,0.44,0.46,2024-10-13,742,N,VIIRS,n,2,306.63,2.88,D,0
30.5779,73.72439,346.45,0.43,0.46,2024-10-13,742,N,VIIRS,n,2,306.29,7.36,D,0
30.58016,73.31219,332.53,0.45,0.47,2024-10-13,742,N,VIIRS,l,2,307.18,2.36,D,0
30.58947,73.71651,354.62,0.43,0.46,2024-10-13,742,N,VIIRS,n,2,308.16,14.68,D,0
30.59165,73.74872,333.58,0.43,0.46,2024-10-13,742,N,VIIRS,n,2,304.91,1.76,D,0
30.59201,73.77196,334.14,0.43,0.46,2024-10-13,742,N,VIIRS,l,2,306.41,3.63,D,0
30.59975,73.78844,356.19,0.43,0.46,2024-10-13,742,N,VIIRS,n,2,307.07,13.48,D,0
30.60288,73.95314,340.16,0.42,0.45,2024-10-13,742,N,VIIRS,n,2,304.58,2.85,D,0
30.60338,73.69858,342.84,0.43,0.46,2024-10-13,742,N,VIIRS,n,2,312.46,12,D,0
30.60385,73.70082,367,0.43,0.46,2024-10-13,742,N,VIIRS,h,2,315.96,24.79,D,0
30.60428,73.70303,346.89,0.43,0.46,2024-10-13,742,N,VIIRS,n,2,309.72,17.39,D,0
30.60639,73.90657,347.03,0.42,0.45,2024-10-13,742,N,VIIRS,n,2,305.91,7.09,D,0
30.61316,73.51286,336.73,0.44,0.46,2024-10-13,742,N,VIIRS,n,2,310.09,15.02,D,0
30.61411,73.51741,341.87,0.44,0.46,2024-10-13,742,N,VIIRS,n,2,309.06,15.02,D,0
30.61488,73.99075,342.84,0.42,0.45,2024-10-13,742,N,VIIRS,n,2,306.91,2.82,D,0
30.61724,73.85307,335.32,0.42,0.45,2024-10-13,742,N,VIIRS,n,2,305.24,1.61,D,0
30.62283,73.83769,346.19,0.42,0.45,2024-10-13,742,N,VIIRS,n,2,306.7,5.72,D,0
30.62324,73.83516,341.83,0.42,0.45,2024-10-13,742,N,VIIRS,n,2,307.24,4.29,D,0
30.62696,73.83656,331.6,0.42,0.45,2024-10-13,742,N,VIIRS,n,2,303.91,2.52,D,0
30.63925,73.84923,334.29,0.42,0.45,2024-10-13,742,N,VIIRS,n,2,302.66,2.09,D,0
30.64254,73.80217,333.16,0.42,0.46,2024-10-13,742,N,VIIRS,n,2,305.42,2.37,D,0
30.6431,73.57168,336.82,0.44,0.46,2024-10-13,742,N,VIIRS,n,2,307.8,2.55,D,0
30.6435,73.50925,341.81,0.44,0.46,2024-10-13,742,N,VIIRS,n,2,311.63,3.7,D,0
30.6436,73.02934,349.2,0.47,0.48,2024-10-13,742,N,VIIRS,n,2,311.49,22.32,D,0
30.64436,73.81092,332.55,0.42,0.46,2024-10-13,742,N,VIIRS,n,2,305.61,2.42,D,0
30.64683,73.58971,336.01,0.44,0.46,2024-10-13,742,N,VIIRS,n,2,307.63,2.53,D,0
30.64709,73.82404,339.53,0.42,0.45,2024-10-13,742,N,VIIRS,n,2,305.7,2.95,D,0
30.64791,73.02811,337.75,0.47,0.48,2024-10-13,742,N,VIIRS,n,2,303.83,22.32,D,0
30.6579,73.686,350.62,0.43,0.46,2024-10-13,742,N,VIIRS,n,2,312.8,21.45,D,0
30.66958,73.59295,337.72,0.44,0.46,2024-10-13,742,N,VIIRS,n,2,306.19,5.38,D,0
30.67235,73.60642,341.87,0.44,0.46,2024-10-13,742,N,VIIRS,n,2,308.51,5.56,D,0
30.67652,73.90326,341.32,0.42,0.45,2024-10-13,742,N,VIIRS,n,2,305.05,3.38,D,0
30.67653,73.60527,343.35,0.44,0.46,2024-10-13,742,N,VIIRS,n,2,307.28,5.56,D,0
30.6767,73.86198,342.09,0.42,0.45,2024-10-13,742,N,VIIRS,n,2,303.31,3.62,D,0
30.68772,73.93666,335.46,0.42,0.45,2024-10-13,742,N,VIIRS,n,2,302.72,1.94,D,0
30.68956,74.00858,356.56,0.41,0.45,2024-10-13,742,N,VIIRS,n,2,309.62,32.18,D,0
30.69229,73.74673,334.05,0.43,0.46,2024-10-13,742,N,VIIRS,n,2,305.32,2.76,D,0
30.6923,73.59615,331.28,0.44,0.46,2024-10-13,742,N,VIIRS,n,2,304.6,1.96,D,0
30.69364,74.00748,340.02,0.41,0.45,2024-10-13,742,N,VIIRS,n,2,301.41,3.87,D,0
30.6962,73.17176,336.79,0.46,0.47,2024-10-13,742,N,VIIRS,n,2,308,3.61,D,0
30.70172,73.87811,337.85,0.42,0.45,2024-10-13,742,N,VIIRS,n,2,304.71,2.21,D,0
30.70283,73.50369,339.02,0.44,0.46,2024-10-13,742,N,VIIRS,n,2,308.11,3.54,D,0
30.70501,73.99989,330.34,0.41,0.45,2024-10-13,742,N,VIIRS,l,2,305.25,2.79,D,0
30.70705,73.9677,337.83,0.42,0.45,2024-10-13,742,N,VIIRS,n,2,304.6,2.52,D,0
30.71876,73.91912,333,0.42,0.45,2024-10-13,742,N,VIIRS,n,2,302.2,2.5,D,0
30.72576,73.95355,337.18,0.42,0.45,2024-10-13,742,N,VIIRS,n,2,304.13,3.3,D,0
30.7352,73.85059,342.03,0.42,0.45,2024-10-13,742,N,VIIRS,n,2,305.12,3.13,D,0
30.736,73.85121,344.55,0.42,0.45,2024-10-13,742,N,VIIRS,n,2,304.96,4.03,D,0
30.7509,73.62846,344.67,0.43,0.46,2024-10-13,742,N,VIIRS,n,2,305.89,5.18,D,0
30.75612,73.95433,338.71,0.42,0.45,2024-10-13,742,N,VIIRS,n,2,304.62,2.39,D,0
30.75756,73.95465,341.32,0.41,0.45,2024-10-13,742,N,VIIRS,n,2,304.27,3.78,D,0
30.76431,73.62947,345.03,0.43,0.46,2024-10-13,742,N,VIIRS,n,2,306.19,5.62,D,0
30.77285,73.88235,333.95,0.42,0.45,2024-10-13,742,N,VIIRS,n,2,303.35,2.55,D,0
30.7896,73.90057,334.25,0.42,0.45,2024-10-13,742,N,VIIRS,n,2,303.7,5.84,D,0
30.79208,74.01735,330.83,0.41,0.45,2024-10-13,742,N,VIIRS,n,2,302.16,2.22,D,0
30.79552,73.69597,344.78,0.43,0.46,2024-10-13,742,N,VIIRS,n,2,306.96,12.98,D,0
30.79847,74.00664,343.56,0.41,0.45,2024-10-13,742,N,VIIRS,n,2,303.45,4.6,D,0
30.80102,73.10392,330.41,0.46,0.47,2024-10-13,742,N,VIIRS,n,2,303.71,2.17,D,0
30.80302,73.8604,331.17,0.42,0.45,2024-10-13,742,N,VIIRS,n,2,303.47,1.56,D,0
30.80833,73.88634,334.13,0.42,0.45,2024-10-13,742,N,VIIRS,n,2,303.42,1.71,D,0
30.8104,73.91761,340.58,0.42,0.45,2024-10-13,742,N,VIIRS,n,2,304.25,3.07,D,0
30.81856,73.97867,347.29,0.41,0.45,2024-10-13,742,N,VIIRS,n,2,306.33,10.49,D,0
30.82013,74.11222,331.14,0.41,0.45,2024-10-13,742,N,VIIRS,n,2,302.2,1.36,D,0
30.82264,73.97756,334.72,0.41,0.45,2024-10-13,742,N,VIIRS,n,2,302.98,3.18,D,0
30.82648,73.89048,330.66,0.42,0.45,2024-10-13,742,N,VIIRS,n,2,304.92,2.36,D,0
30.82735,73.89479,339,0.42,0.45,2024-10-13,742,N,VIIRS,n,2,304.05,2.98,D,0
30.84124,73.78671,336.1,0.42,0.45,2024-10-13,742,N,VIIRS,n,2,302.77,4.43,D,0
30.8485,73.82151,340.79,0.42,0.45,2024-10-13,742,N,VIIRS,n,2,302.28,3.85,D,0
30.86503,74.14423,341.07,0.4,0.44,2024-10-13,742,N,VIIRS,n,2,301.82,4.07,D,0
30.9062,74.28579,341.25,0.4,0.44,2024-10-13,742,N,VIIRS,n,2,303.88,5.5,D,0
30.94571,74.54715,341.69,0.38,0.43,2024-10-13,742,N,VIIRS,n,2,304.51,9.12,D,0
30.94677,74.13161,331.24,0.4,0.44,2024-10-13,742,N,VIIRS,l,2,304.61,1.81,D,0
30.94689,74.23644,340.99,0.4,0.44,2024-10-13,742,N,VIIRS,n,2,301.6,6,D,0
30.95306,74.20432,342.36,0.4,0.44,2024-10-13,742,N,VIIRS,n,2,302.46,2.3,D,0
31.00376,74.20367,332.6,0.4,0.44,2024-10-13,742,N,VIIRS,n,2,302.86,2.23,D,0
31.00434,74.16423,351.97,0.4,0.44,2024-10-13,742,N,VIIRS,n,2,302.19,7.78,D,0
31.01528,74.26128,331.15,0.4,0.44,2024-10-13,742,N,VIIRS,n,2,304.61,2.34,D,0
31.02373,74.17645,332.47,0.4,0.44,2024-10-13,742,N,VIIRS,l,2,302.62,1.97,D,0
31.11687,74.67046,335.01,0.56,0.43,2024-10-13,742,N,VIIRS,n,2,304.69,4.9,D,0
31.11801,74.67631,340.64,0.56,0.43,2024-10-13,742,N,VIIRS,n,2,304.9,7.23,D,0
30.26317,70.63171,338.42,0.33,0.55,2024-10-13,743,N,VIIRS,n,2,305.22,2.82,D,0
30.26396,70.63505,338.34,0.33,0.55,2024-10-13,743,N,VIIRS,n,2,305.76,2.82,D,0
30.87719,73.20428,332.08,0.45,0.47,2024-10-13,743,N,VIIRS,l,2,303.99,2.9,D,0
30.90674,72.86816,343.45,0.47,0.48,2024-10-13,743,N,VIIRS,n,2,305.38,9.52,D,0
30.95044,73.53324,340.24,0.43,0.46,2024-10-13,743,N,VIIRS,n,2,302.74,3.78,D,0
31.04801,73.4311,341.05,0.44,0.46,2024-10-13,743,N,VIIRS,n,2,303.82,6.08,D,0
31.06673,74.32941,338.59,0.39,0.44,2024-10-13,743,N,VIIRS,n,2,303.37,2.69,D,0
31.11731,73.70348,331.2,0.42,0.45,2024-10-13,743,N,VIIRS,n,2,303.45,1.93,D,0
31.11977,74.67375,331.87,0.56,0.43,2024-10-13,743,N,VIIRS,l,2,303.71,9.17,D,0
31.12094,74.67957,333.32,0.56,0.43,2024-10-13,743,N,VIIRS,l,2,304.24,6.95,D,0
31.13152,74.60909,333.8,0.57,0.43,2024-10-13,743,N,VIIRS,l,2,305.49,10.12,D,0
31.14022,73.68788,340.79,0.42,0.45,2024-10-13,743,N,VIIRS,n,2,303.83,1.94,D,0
31.14114,73.68969,343.78,0.42,0.45,2024-10-13,743,N,VIIRS,n,2,303.62,3.84,D,0
31.1797,73.53912,341.02,0.43,0.46,2024-10-13,743,N,VIIRS,n,2,302.69,6.26,D,0
31.1806,74.41768,336.45,0.39,0.44,2024-10-13,743,N,VIIRS,n,2,304.14,3.55,D,0
31.18062,73.54356,336.64,0.43,0.46,2024-10-13,743,N,VIIRS,n,2,302.25,6.56,D,0
31.18201,74.41759,336.42,0.39,0.44,2024-10-13,743,N,VIIRS,n,2,303.18,3.65,D,0
31.19703,74.40936,332.22,0.39,0.44,2024-10-13,743,N,VIIRS,n,2,302.7,1.91,D,0
31.20062,74.32364,334.18,0.39,0.44,2024-10-13,743,N,VIIRS,n,2,303.02,2.5,D,0
31.27297,74.39312,334.32,0.39,0.44,2024-10-13,743,N,VIIRS,n,2,303.96,1.15,D,0
31.28006,75.17852,333.92,0.53,0.42,2024-10-13,743,N,VIIRS,n,2,304.18,4.76,D,0
31.29461,74.39265,347.31,0.38,0.44,2024-10-13,743,N,VIIRS,n,2,306.53,8.4,D,0
31.31336,74.91025,333.95,0.54,0.42,2024-10-13,743,N,VIIRS,n,2,302.3,4.46,D,0
31.37144,75.00119,333.98,0.54,0.42,2024-10-13,743,N,VIIRS,n,2,303.5,5.08,D,0
31.38076,74.98698,333.69,0.54,0.42,2024-10-13,743,N,VIIRS,l,2,304.17,3.76,D,0
31.41491,74.6227,335.12,0.56,0.43,2024-10-13,743,N,VIIRS,n,2,302.35,2.59,D,0
31.41972,72.72327,341.79,0.47,0.48,2024-10-13,743,N,VIIRS,n,2,307.68,3.43,D,0
31.4207,75.17403,334.14,0.53,0.42,2024-10-13,743,N,VIIRS,n,2,303.01,11.91,D,0
31.42174,75.17946,333.31,0.53,0.42,2024-10-13,743,N,VIIRS,n,2,303.12,11.91,D,0
31.42201,75.00993,331.51,0.53,0.42,2024-10-13,743,N,VIIRS,l,2,304.17,3.57,D,0
31.43169,75.14817,335.5,0.53,0.42,2024-10-13,743,N,VIIRS,n,2,302.96,5.38,D,0
31.43222,74.83582,332.78,0.55,0.42,2024-10-13,743,N,VIIRS,n,2,302.92,3.77,D,0
31.43283,75.14639,337.92,0.53,0.42,2024-10-13,743,N,VIIRS,n,2,302.99,4.02,D,0
31.44936,70.66069,335.51,0.61,0.54,2024-10-13,743,N,VIIRS,n,2,301.95,3.05,D,0
31.45591,74.85339,330.09,0.54,0.42,2024-10-13,743,N,VIIRS,n,2,303.49,2.04,D,0
31.46069,73.98653,337.81,0.4,0.44,2024-10-13,743,N,VIIRS,n,2,303.11,3.57,D,0
31.46338,75.0574,336.39,0.53,0.42,2024-10-13,743,N,VIIRS,n,2,302.83,4.32,D,0
31.46461,73.9013,340.84,0.41,0.45,2024-10-13,743,N,VIIRS,n,2,304.05,7.22,D,0
31.47514,73.82684,342.61,0.41,0.45,2024-10-13,743,N,VIIRS,n,2,302.74,3.35,D,0
31.48055,74.91805,332.42,0.54,0.42,2024-10-13,743,N,VIIRS,l,2,303.9,4.81,D,0
31.49141,75.11953,333.75,0.53,0.42,2024-10-13,743,N,VIIRS,n,2,303.8,2.91,D,0
31.50002,73.6849,341.11,0.42,0.45,2024-10-13,743,N,VIIRS,n,2,303.88,2.95,D,0
31.5095,74.03896,350.08,0.4,0.44,2024-10-13,743,N,VIIRS,n,2,303.78,4.03,D,0
31.51189,74.80663,334.19,0.55,0.42,2024-10-13,743,N,VIIRS,n,2,303.05,3.61,D,0
31.51351,74.03786,334.56,0.4,0.44,2024-10-13,743,N,VIIRS,n,2,301.5,4.03,D,0
31.53073,74.86119,331.4,0.54,0.42,2024-10-13,743,N,VIIRS,l,2,303.16,2.81,D,0
31.54856,73.4557,332.71,0.43,0.46,2024-10-13,743,N,VIIRS,n,2,304.47,2.05,D,0
31.55495,75.16038,333.96,0.52,0.42,2024-10-13,743,N,VIIRS,n,2,302.39,1.44,D,0
31.55503,74.01392,352.38,0.4,0.44,2024-10-13,743,N,VIIRS,n,2,302.88,7,D,0
31.55661,73.93875,345.03,0.4,0.44,2024-10-13,743,N,VIIRS,n,2,305.86,6.33,D,0
31.55779,75.16306,333.79,0.52,0.42,2024-10-13,743,N,VIIRS,n,2,303.32,5.12,D,0
31.56489,75.13828,335.41,0.52,0.42,2024-10-13,743,N,VIIRS,n,2,302.45,6.01,D,0
31.56915,73.97934,330,0.4,0.44,2024-10-13,743,N,VIIRS,n,2,300.96,1.15,D,0
31.58603,74.06213,346.71,0.4,0.44,2024-10-13,743,N,VIIRS,n,2,304.45,4.32,D,0
31.58783,74.80202,331.73,0.54,0.42,2024-10-13,743,N,VIIRS,n,2,302.88,2.07,D,0
31.60052,74.07117,340.48,0.39,0.44,2024-10-13,743,N,VIIRS,n,2,302.69,4.1,D,0
31.61521,72.41764,345.33,0.48,0.48,2024-10-13,743,N,VIIRS,n,2,309.47,10.61,D,0
31.61629,72.42269,333.06,0.48,0.48,2024-10-13,743,N,VIIRS,n,2,304.27,10.61,D,0
31.61945,72.95265,335.72,0.45,0.47,2024-10-13,743,N,VIIRS,n,2,304.83,3.06,D,0
31.62306,72.84084,339.49,0.46,0.47,2024-10-13,743,N,VIIRS,n,2,305.44,2.95,D,0
31.62311,72.83749,341.98,0.46,0.47,2024-10-13,743,N,VIIRS,n,2,305.22,2.45,D,0
31.62658,70.69835,340.01,0.6,0.53,2024-10-13,743,N,VIIRS,n,2,302.08,8.44,D,0
31.62978,75.20704,333.62,0.52,0.41,2024-10-13,743,N,VIIRS,n,2,303.57,4.1,D,0
31.63355,75.20606,335.09,0.52,0.41,2024-10-13,743,N,VIIRS,n,2,302.96,4.1,D,0
31.63636,72.77258,333.08,0.46,0.47,2024-10-13,743,N,VIIRS,l,2,304.65,3.3,D,0
31.63993,74.5705,333.3,0.56,0.43,2024-10-13,743,N,VIIRS,n,2,303.2,4.49,D,0
31.64582,75.14571,332.61,0.52,0.42,2024-10-13,743,N,VIIRS,n,2,303.86,3.22,D,0
31.64824,75.14829,333.54,0.52,0.42,2024-10-13,743,N,VIIRS,n,2,303.06,2.44,D,0
31.6531,74.70065,335.35,0.55,0.43,2024-10-13,743,N,VIIRS,n,2,302.44,5.47,D,0
31.6585,74.64476,333.95,0.55,0.43,2024-10-13,743,N,VIIRS,n,2,303.75,2.81,D,0
31.65892,74.6487,333,0.55,0.43,2024-10-13,743,N,VIIRS,n,2,302.54,4.53,D,0
31.65942,74.19706,345.03,0.39,0.44,2024-10-13,743,N,VIIRS,n,2,308.12,10.57,D,0
31.67104,75.10217,335.62,0.52,0.42,2024-10-13,743,N,VIIRS,n,2,301.65,3.1,D,0
31.67128,72.91435,332.15,0.45,0.47,2024-10-13,743,N,VIIRS,l,2,305.78,3.64,D,0
31.67675,72.8977,341.2,0.45,0.47,2024-10-13,743,N,VIIRS,n,2,307.12,7.41,D,0
31.68534,73.60399,331.66,0.42,0.45,2024-10-13,743,N,VIIRS,n,2,301.5,2.58,D,0
31.69465,74.60268,332.63,0.55,0.43,2024-10-13,743,N,VIIRS,n,2,301.81,4.38,D,0
31.70368,73.02439,341.48,0.45,0.47,2024-10-13,743,N,VIIRS,n,2,305.33,3.83,D,0
31.71446,73.8212,332.29,0.4,0.45,2024-10-13,743,N,VIIRS,n,2,304.12,3.55,D,0
31.7235,73.03351,340.18,0.45,0.47,2024-10-13,743,N,VIIRS,n,2,307.36,3.17,D,0
31.73145,74.03222,331.09,0.39,0.44,2024-10-13,743,N,VIIRS,l,2,302.78,4.88,D,0
31.73288,70.79024,330.5,0.59,0.53,2024-10-13,743,N,VIIRS,l,2,302.96,3.98,D,0
31.7337,70.78505,337.72,0.59,0.53,2024-10-13,743,N,VIIRS,n,2,303.22,4.89,D,0
31.73435,73.44199,342.1,0.42,0.45,2024-10-13,743,N,VIIRS,n,2,302.57,5.42,D,0
31.7351,70.79123,335.26,0.59,0.53,2024-10-13,743,N,VIIRS,n,2,302.8,7.52,D,0
31.73719,73.77089,342.71,0.41,0.45,2024-10-13,743,N,VIIRS,n,2,303.2,3.69,D,0
31.73765,70.78875,342.83,0.59,0.53,2024-10-13,743,N,VIIRS,n,2,302.54,8.41,D,0
31.76618,73.32104,339.16,0.43,0.46,2024-10-13,743,N,VIIRS,n,2,302.7,4.12,D,0
31.77779,73.10129,336.58,0.44,0.46,2024-10-13,743,N,VIIRS,n,2,304,5.44,D,0
31.77836,73.23178,341.99,0.43,0.46,2024-10-13,743,N,VIIRS,n,2,304.68,4.67,D,0
31.79162,73.7017,330.89,0.41,0.45,2024-10-13,743,N,VIIRS,l,2,301.4,3.88,D,0
31.80401,74.95473,330.44,0.53,0.42,2024-10-13,743,N,VIIRS,n,2,303.72,2.59,D,0
31.80953,74.04162,330.61,0.39,0.44,2024-10-13,743,N,VIIRS,n,2,303.27,2.39,D,0
31.81567,74.00957,339.95,0.39,0.44,2024-10-13,743,N,VIIRS,n,2,304.34,3.62,D,0
31.81937,75.1581,334.04,0.52,0.41,2024-10-13,743,N,VIIRS,n,2,302.72,2.63,D,0
31.82276,72.70195,334.61,0.46,0.47,2024-10-13,743,N,VIIRS,l,2,307.55,2.57,D,0
31.82298,74.02491,333.82,0.39,0.44,2024-10-13,743,N,VIIRS,n,2,304.84,3.66,D,0
31.82308,72.70513,337.16,0.46,0.47,2024-10-13,743,N,VIIRS,n,2,308.31,3.8,D,0
31.82688,73.63365,333.69,0.41,0.45,2024-10-13,743,N,VIIRS,n,2,301.6,1.71,D,0
31.83138,74.08738,367,0.39,0.44,2024-10-13,743,N,VIIRS,h,2,307.61,10.01,D,0
31.8342,74.16367,350.62,0.39,0.44,2024-10-13,743,N,VIIRS,n,2,305.58,9.95,D,0
31.83535,74.08628,339.75,0.39,0.44,2024-10-13,743,N,VIIRS,n,2,301.3,10.01,D,0
31.83577,74.0257,339.19,0.39,0.44,2024-10-13,743,N,VIIRS,n,2,307.67,3,D,0
31.83816,74.16258,345.02,0.39,0.44,2024-10-13,743,N,VIIRS,n,2,303.76,6.25,D,0
31.85817,73.76469,337.69,0.4,0.45,2024-10-13,743,N,VIIRS,n,2,303.57,3.04,D,0
31.85844,74.40778,339.98,0.56,0.43,2024-10-13,743,N,VIIRS,n,2,303.16,7.24,D,0
31.85962,74.41366,333.04,0.56,0.43,2024-10-13,743,N,VIIRS,n,2,300.8,4.71,D,0
31.87838,74.44566,330.18,0.56,0.43,2024-10-13,743,N,VIIRS,n,2,298.98,2.55,D,0
31.88319,74.11603,367,0.39,0.44,2024-10-13,743,N,VIIRS,h,2,304.28,7.88,D,0
31.88527,74.02107,344.84,0.39,0.44,2024-10-13,743,N,VIIRS,n,2,303.67,4.51,D,0
31.88715,74.11494,335.19,0.39,0.44,2024-10-13,743,N,VIIRS,n,2,301.11,2.79,D,0
31.89833,74.15031,342.42,0.39,0.44,2024-10-13,743,N,VIIRS,n,2,305.53,6.49,D,0
31.8991,74.15031,341.54,0.39,0.44,2024-10-13,743,N,VIIRS,n,2,305.18,7.01,D,0
31.90289,74.12795,339.16,0.39,0.44,2024-10-13,743,N,VIIRS,n,2,302.79,7.71,D,0
31.90372,74.132,341.73,0.39,0.44,2024-10-13,743,N,VIIRS,n,2,304.83,7.71,D,0
31.9165,74.47227,334.66,0.56,0.43,2024-10-13,743,N,VIIRS,n,2,299.58,3.1,D,0
31.92165,73.5807,333.18,0.41,0.45,2024-10-13,743,N,VIIRS,n,2,302.66,1.83,D,0
31.92346,73.8133,340.87,0.4,0.44,2024-10-13,743,N,VIIRS,n,2,302.58,7.13,D,0
31.92486,72.70625,331.31,0.46,0.47,2024-10-13,743,N,VIIRS,l,2,302.14,3.77,D,0
31.92888,74.32632,333.1,0.57,0.43,2024-10-13,743,N,VIIRS,n,2,300.28,3.79,D,0
31.93025,74.32388,332.54,0.57,0.43,2024-10-13,743,N,VIIRS,n,2,300.47,3.5,D,0
31.95541,74.83457,332.03,0.53,0.42,2024-10-13,743,N,VIIRS,n,2,300.06,4.47,D,0
31.97681,74.26735,334.79,0.57,0.43,2024-10-13,743,N,VIIRS,n,2,301.26,3.96,D,0
31.9871,74.46325,332.31,0.56,0.43,2024-10-13,743,N,VIIRS,n,2,300.1,2.7,D,0
32.00715,74.54331,332.08,0.55,0.43,2024-10-13,743,N,VIIRS,n,2,301.19,3.87,D,0
32.00992,74.74078,330.88,0.54,0.42,2024-10-13,743,N,VIIRS,n,2,300.3,4.8,D,0
32.01003,74.74306,332.61,0.54,0.42,2024-10-13,743,N,VIIRS,n,2,301.25,3.3,D,0
32.01579,73.89413,331.75,0.4,0.44,2024-10-13,743,N,VIIRS,n,2,303.52,1.52,D,0
32.0317,73.64573,339.86,0.41,0.45,2024-10-13,743,N,VIIRS,n,2,300.57,4.27,D,0
32.03463,74.41341,338.03,0.56,0.43,2024-10-13,743,N,VIIRS,n,2,302.71,6.55,D,0
32.03501,73.17798,341.21,0.43,0.46,2024-10-13,743,N,VIIRS,n,2,302.39,4.04,D,0
32.03609,73.76984,340.04,0.4,0.44,2024-10-13,743,N,VIIRS,n,2,302.14,9.67,D,0
32.03717,73.76901,339.92,0.4,0.44,2024-10-13,743,N,VIIRS,n,2,301.42,5.05,D,0
32.03801,73.77323,340,0.4,0.44,2024-10-13,743,N,VIIRS,n,2,303.18,5.05,D,0
32.05148,73.36463,336.86,0.42,0.45,2024-10-13,743,N,VIIRS,n,2,304.06,6.86,D,0
32.07972,73.98111,333.5,0.39,0.44,2024-10-13,743,N,VIIRS,n,2,301.5,1.43,D,0
32.08035,73.98493,333.91,0.39,0.44,2024-10-13,743,N,VIIRS,n,2,303.54,3.33,D,0
32.0996,73.89306,334.96,0.39,0.44,2024-10-13,743,N,VIIRS,n,2,302.56,3.74,D,0
32.10637,73.57032,336.91,0.41,0.45,2024-10-13,743,N,VIIRS,n,2,304.28,3.69,D,0
32.1179,73.42707,334.75,0.42,0.45,2024-10-13,743,N,VIIRS,n,2,300.83,2.79,D,0
32.11818,73.57358,330.2,0.41,0.45,2024-10-13,743,N,VIIRS,l,2,301.56,1.44,D,0
32.11985,75.27792,334.44,0.51,0.41,2024-10-13,743,N,VIIRS,n,2,303.32,4.09,D,0
32.11997,75.28082,332.13,0.51,0.41,2024-10-13,743,N,VIIRS,n,2,301.09,5.15,D,0
32.12185,75.02593,330.93,0.52,0.42,2024-10-13,743,N,VIIRS,n,2,300.2,2.67,D,0
32.12349,73.09492,330.17,0.43,0.46,2024-10-13,743,N,VIIRS,n,2,304.22,1.13,D,0
32.15152,73.87857,336.99,0.39,0.44,2024-10-13,743,N,VIIRS,n,2,302.34,4.63,D,0
32.17236,73.26791,331.26,0.42,0.46,2024-10-13,743,N,VIIRS,n,2,303.25,2.7,D,0
32.17418,74.89433,337.23,0.53,0.42,2024-10-13,743,N,VIIRS,n,2,299.83,3.36,D,0
32.1772,73.83809,330.1,0.4,0.44,2024-10-13,743,N,VIIRS,n,2,301.24,2.88,D,0
32.17805,73.84224,338.5,0.4,0.44,2024-10-13,743,N,VIIRS,n,2,301.83,2.88,D,0
32.17824,71.07174,334.72,0.56,0.51,2024-10-13,743,N,VIIRS,n,2,301.97,4.45,D,0
32.18837,74.3118,335.93,0.56,0.43,2024-10-13,743,N,VIIRS,n,2,301.25,6.29,D,0
32.1987,73.18464,335.71,0.43,0.46,2024-10-13,743,N,VIIRS,n,2,301.73,2.89,D,0
32.20374,73.84382,332.51,0.4,0.44,2024-10-13,743,N,VIIRS,l,2,303.2,3.73,D,0
32.20844,75.17109,332.13,0.51,0.41,2024-10-13,743,N,VIIRS,n,2,300.64,4.28,D,0
32.22546,73.48019,332.16,0.41,0.45,2024-10-13,743,N,VIIRS,n,2,301.6,2.69,D,0
32.22636,73.48451,341.25,0.41,0.45,2024-10-13,743,N,VIIRS,n,2,302.85,5.96,D,0
32.24801,74.22595,332.33,0.57,0.43,2024-10-13,743,N,VIIRS,n,2,302.5,4.13,D,0
32.24974,74.22626,332.35,0.57,0.43,2024-10-13,743,N,VIIRS,n,2,301.98,4.37,D,0
32.27758,73.62856,335.34,0.4,0.45,2024-10-13,743,N,VIIRS,n,2,303.33,5.04,D,0
32.28119,75.26396,334.25,0.5,0.41,2024-10-13,743,N,VIIRS,n,2,301.76,3.43,D,0
32.28635,73.39851,337.02,0.42,0.45,2024-10-13,743,N,VIIRS,n,2,303.31,2.63,D,0
32.28836,73.39902,340.04,0.42,0.45,2024-10-13,743,N,VIIRS,n,2,303.24,3.61,D,0
32.29389,73.83215,340.23,0.39,0.44,2024-10-13,743,N,VIIRS,n,2,302.45,4.29,D,0
32.29546,74.77184,330.22,0.53,0.42,2024-10-13,743,N,VIIRS,n,2,299.7,2.92,D,0
32.31151,73.40627,338.46,0.41,0.45,2024-10-13,743,N,VIIRS,n,2,304.7,3.81,D,0
32.33333,74.17732,347.11,0.57,0.43,2024-10-13,743,N,VIIRS,n,2,302.43,9.86,D,0
32.33467,74.1749,334.96,0.57,0.43,2024-10-13,743,N,VIIRS,n,2,302.77,9.48,D,0
32.33588,74.18085,333.23,0.57,0.43,2024-10-13,743,N,VIIRS,n,2,301.47,7.76,D,0
32.33725,74.17622,337.68,0.57,0.43,2024-10-13,743,N,VIIRS,n,2,301.1,5.6,D,0
32.38909,69.61297,331.21,0.34,0.56,2024-10-13,743,N,VIIRS,n,2,302.39,2.21,D,0
32.3927,73.63268,336.1,0.4,0.44,2024-10-13,743,N,VIIRS,n,2,301.92,2.37,D,0
32.39337,69.60828,332.53,0.34,0.56,2024-10-13,743,N,VIIRS,n,2,301.08,8.27,D,0
32.39428,69.6121,367,0.34,0.56,2024-10-13,743,N,VIIRS,h,2,308.53,8.27,D,0
32.45626,73.88292,336.01,0.39,0.44,2024-10-13,743,N,VIIRS,n,2,301.93,2.55,D,0
32.46022,73.88181,335.43,0.39,0.44,2024-10-13,743,N,VIIRS,n,2,300.24,2.55,D,0
32.46667,73.89297,340.77,0.39,0.44,2024-10-13,743,N,VIIRS,n,2,302.29,2.96,D,0
32.4779,73.41029,341.78,0.41,0.45,2024-10-13,743,N,VIIRS,n,2,304.42,4.74,D,0
32.48197,73.40912,337.02,0.41,0.45,2024-10-13,743,N,VIIRS,n,2,300.55,4.74,D,0
32.52197,74.1902,330.32,0.56,0.43,2024-10-13,743,N,VIIRS,l,2,300.84,2.3,D,0
32.57592,74.56596,331.67,0.54,0.42,2024-10-13,743,N,VIIRS,n,2,299.83,1.83,D,0
32.64964,74.65027,336.11,0.53,0.42,2024-10-13,743,N,VIIRS,n,2,300.07,4.03,D,0
33.23561,71.51405,331.94,0.5,0.49,2024-10-13,743,N,VIIRS,n,2,303.85,0.93,D,0
29.25589,70.32175,338,0.69,0.74,2024-10-13,923,N,VIIRS,n,2,302.82,4.79,D,0
29.72154,69.96473,343.63,0.67,0.73,2024-10-13,923,N,VIIRS,n,2,298.97,13.55,D,0
29.72185,69.96375,347.52,0.67,0.73,2024-10-13,923,N,VIIRS,n,2,299.09,12.33,D,0
31.50669,75.09225,307,0.33,0.56,2024-10-13,2006,N,VIIRS,n,2,292.02,1.17,N,0
31.63084,74.42619,302.71,0.37,0.58,2024-10-13,2006,N,VIIRS,n,2,291.9,0.47,N,0
32.13011,74.17851,306.5,0.38,0.59,2024-10-13,2006,N,VIIRS,n,2,294.4,1.11,N,0
32.13021,74.17619,325.84,0.38,0.59,2024-10-13,2006,N,VIIRS,n,2,294.36,2.01,N,0
32.13039,74.17432,312.98,0.38,0.59,2024-10-13,2006,N,VIIRS,n,2,293.83,1.4,N,0
32.29335,70.7282,304.59,0.61,0.71,2024-10-13,2006,N,VIIRS,n,2,290.7,1.5,N,2
32.38317,69.6198,297.22,0.71,0.75,2024-10-13,2006,N,VIIRS,n,2,283.28,0.99,N,0
32.39019,69.62133,309.59,0.71,0.75,2024-10-13,2006,N,VIIRS,n,2,284.2,2.27,N,0
32.5756,72.56416,304.6,0.48,0.65,2024-10-13,2006,N,VIIRS,n,2,292.96,1.92,N,2
27.8972,69.7253,305.19,0.65,0.73,2024-10-13,2007,N,VIIRS,n,2,292.12,0.82,N,0
29.73047,69.96665,312.72,0.65,0.73,2024-10-13,2007,N,VIIRS,n,2,292.51,1.74,N,0
29.73077,69.9603,302.37,0.65,0.73,2024-10-13,2007,N,VIIRS,n,2,292.08,1.74,N,0
29.73136,69.96111,310.25,0.65,0.73,2024-10-13,2007,N,VIIRS,n,2,293.21,3.11,N,0
31.50624,75.09157,302.22,0.66,0.73,2024-10-13,2146,N,VIIRS,n,2,290.34,1.03,N,0
31.65088,74.17696,302.84,0.58,0.7,2024-10-13,2146,N,VIIRS,n,2,290.11,1.43,N,0
31.65122,74.17669,302.73,0.58,0.7,2024-10-13,2146,N,VIIRS,n,2,290.38,1.12,N,0
32.29205,70.73062,311.67,0.36,0.58,2024-10-13,2146,N,VIIRS,n,2,292.8,1.11,N,2
32.39293,69.6232,295.51,0.63,0.54,2024-10-13,2146,N,VIIRS,n,2,284.48,0.69,N,0
32.39349,69.81793,301.59,0.32,0.55,2024-10-13,2146,N,VIIRS,n,2,286.37,0.52,N,0
32.57711,72.5667,301.99,0.45,0.63,2024-10-13,2146,N,VIIRS,n,2,291.63,1.19,N,2
27.89869,69.72959,298.66,0.4,0.6,2024-10-13,2148,N,VIIRS,n,2,282.89,0.74,N,0
29.18729,73.26038,346,0.46,0.63,2024-10-14,723,N,VIIRS,n,2,302.72,4.2,D,0
29.18836,73.26129,342.47,0.46,0.63,2024-10-14,723,N,VIIRS,n,2,302.5,2.61,D,0
29.32616,75.2309,332.99,0.35,0.57,2024-10-14,723,N,VIIRS,n,2,303.16,1.95,D,0
29.45569,74.18987,342.11,0.4,0.6,2024-10-14,723,N,VIIRS,n,2,306.75,3.77,D,0
29.47417,74.50804,337.07,0.38,0.59,2024-10-14,723,N,VIIRS,n,2,301.73,3.63,D,0
29.49383,74.51867,337.91,0.38,0.59,2024-10-14,723,N,VIIRS,n,2,303.52,2.87,D,0
29.61969,75.38024,335.39,0.34,0.56,2024-10-14,723,N,VIIRS,n,2,302.37,2.12,D,0
29.62469,74.2193,332.97,0.39,0.6,2024-10-14,723,N,VIIRS,n,2,305.45,3.46,D,0
29.625,74.21922,333.21,0.39,0.6,2024-10-14,723,N,VIIRS,n,2,305.26,3.24,D,0
29.62566,74.22333,337.71,0.39,0.6,2024-10-14,723,N,VIIRS,n,2,303.71,5.44,D,0
29.626,74.22323,331.97,0.39,0.6,2024-10-14,723,N,VIIRS,n,2,302.93,4.79,D,0
29.74758,73.82744,339.94,0.41,0.61,2024-10-14,723,N,VIIRS,n,2,306.71,2.4,D,0
29.32181,70.28807,330.47,0.67,0.74,2024-10-14,724,N,VIIRS,n,2,302.82,2.05,D,0
29.38872,70.29429,337.16,0.67,0.73,2024-10-14,724,N,VIIRS,n,2,303.38,5.34,D,0
29.39012,70.29518,344.1,0.67,0.73,2024-10-14,724,N,VIIRS,n,2,303.62,8.6,D,0
29.86956,73.54306,331.63,0.43,0.62,2024-10-14,724,N,VIIRS,l,2,303.07,1.28,D,0
29.9921,72.56116,353.27,0.48,0.65,2024-10-14,724,N,VIIRS,n,2,304.03,11.48,D,0
29.99339,72.56607,367,0.48,0.65,2024-10-14,724,N,VIIRS,h,2,303.55,14.46,D,0
29.99607,72.56105,367,0.48,0.65,2024-10-14,724,N,VIIRS,h,2,303.25,10.55,D,0
29.99733,72.56599,341.67,0.48,0.65,2024-10-14,724,N,VIIRS,n,2,301.79,10.55,D,0
30.07184,72.69851,330.12,0.47,0.64,2024-10-14,724,N,VIIRS,n,2,302.42,2.33,D,0
30.07308,72.70333,331.21,0.47,0.64,2024-10-14,724,N,VIIRS,n,2,303.53,2.33,D,0
30.09855,71.7571,341.38,0.53,0.67,2024-10-14,724,N,VIIRS,n,2,305.67,4.3,D,0
30.10261,71.75282,342.51,0.53,0.67,2024-10-14,724,N,VIIRS,n,2,304.06,4.36,D,0
30.10459,71.755,332.74,0.53,0.67,2024-10-14,724,N,VIIRS,l,2,303.31,4.3,D,0
30.11396,72.67564,340.22,0.47,0.64,2024-10-14,724,N,VIIRS,n,2,303.91,6.86,D,0
30.11673,72.67822,348.24,0.47,0.64,2024-10-14,724,N,VIIRS,n,2,303.62,5.55,D,0
30.18454,72.03613,334.1,0.51,0.66,2024-10-14,724,N,VIIRS,n,2,302.68,1.95,D,0
30.18535,73.53101,331.12,0.42,0.61,2024-10-14,724,N,VIIRS,n,2,300.84,2.71,D,0
30.26464,73.23372,338.8,0.43,0.62,2024-10-14,724,N,VIIRS,n,2,301.93,3.53,D,0
30.26475,73.25774,348.42,0.43,0.62,2024-10-14,724,N,VIIRS,n,2,302.37,6.45,D,0
30.26588,73.26217,344.3,0.43,0.62,2024-10-14,724,N,VIIRS,n,2,302.69,6.45,D,0
30.26949,73.26006,367,0.43,0.62,2024-10-14,724,N,VIIRS,h,2,302.84,11.09,D,0
30.29876,72.96306,336.38,0.45,0.63,2024-10-14,724,N,VIIRS,n,2,302.56,2.92,D,0
30.29917,72.96191,338.41,0.45,0.63,2024-10-14,724,N,VIIRS,n,2,302.95,2.74,D,0
30.37211,72.91361,330.68,0.45,0.63,2024-10-14,724,N,VIIRS,n,2,299.69,2,D,0
30.39983,73.7198,334.05,0.4,0.6,2024-10-14,724,N,VIIRS,n,2,300.76,1.2,D,0
30.42307,73.67177,343.61,0.41,0.6,2024-10-14,724,N,VIIRS,n,2,302.61,4.34,D,0
30.4243,73.23942,341.26,0.43,0.62,2024-10-14,724,N,VIIRS,n,2,304.29,3.34,D,0
30.46243,73.64082,331.03,0.41,0.6,2024-10-14,724,N,VIIRS,n,2,302.42,2.05,D,0
30.47167,73.40351,338.89,0.42,0.61,2024-10-14,724,N,VIIRS,n,2,301.87,2.02,D,0
30.47183,73.82115,337.25,0.4,0.6,2024-10-14,724,N,VIIRS,n,2,301.85,2.46,D,0
30.47718,73.40171,334.83,0.42,0.61,2024-10-14,724,N,VIIRS,n,2,301.87,2.02,D,0
30.49502,73.84444,344.94,0.4,0.6,2024-10-14,724,N,VIIRS,n,2,303.42,4.48,D,0
30.49602,73.84851,346.15,0.4,0.6,2024-10-14,724,N,VIIRS,n,2,303.63,4.48,D,0
30.49681,73.43252,332.21,0.42,0.61,2024-10-14,724,N,VIIRS,n,2,301.32,1.4,D,0
30.53038,73.70879,337.46,0.4,0.6,2024-10-14,724,N,VIIRS,n,2,304.6,5.21,D,0
30.53546,73.38314,343.7,0.42,0.61,2024-10-14,724,N,VIIRS,n,2,304.66,3.21,D,0
30.5358,73.70704,332.06,0.4,0.6,2024-10-14,724,N,VIIRS,n,2,301.64,4.2,D,0
30.53776,73.38166,334.85,0.42,0.61,2024-10-14,724,N,VIIRS,n,2,303.34,2.39,D,0
30.57277,73.94994,338.93,0.39,0.59,2024-10-14,724,N,VIIRS,n,2,304.02,6.66,D,0
30.57295,73.94975,339.45,0.39,0.59,2024-10-14,724,N,VIIRS,n,2,304.43,7.07,D,0
30.57374,73.95394,367,0.39,0.59,2024-10-14,724,N,VIIRS,h,2,304.11,6.66,D,0
30.57394,73.95374,367,0.39,0.59,2024-10-14,724,N,VIIRS,h,2,304.24,7.07,D,0
30.57411,73.81432,336.01,0.4,0.6,2024-10-14,724,N,VIIRS,n,2,301.77,3.87,D,0
30.57511,73.8184,343.05,0.4,0.6,2024-10-14,724,N,VIIRS,n,2,302.22,5.97,D,0
30.58184,73.79859,340.95,0.4,0.6,2024-10-14,724,N,VIIRS,n,2,302.79,3.35,D,0
30.58292,73.56521,348.22,0.41,0.61,2024-10-14,724,N,VIIRS,n,2,303.73,5.58,D,0
30.58722,73.56432,334.94,0.41,0.6,2024-10-14,724,N,VIIRS,n,2,304.39,3.47,D,0
30.58888,73.8271,335.86,0.39,0.6,2024-10-14,724,N,VIIRS,n,2,301.84,1.52,D,0
30.60921,74.31306,343.19,0.37,0.58,2024-10-14,724,N,VIIRS,n,2,299.89,3.61,D,0
30.61146,73.75376,350.04,0.4,0.6,2024-10-14,724,N,VIIRS,n,2,305.36,7.55,D,0
30.61149,73.75349,350.46,0.4,0.6,2024-10-14,724,N,VIIRS,n,2,305.33,5.22,D,0
30.6149,73.62765,367,0.4,0.6,2024-10-14,724,N,VIIRS,h,2,306.42,11.22,D,0
30.61688,73.75172,331.15,0.4,0.6,2024-10-14,724,N,VIIRS,l,2,303.18,2.24,D,0
30.61719,73.96558,336.53,0.39,0.59,2024-10-14,724,N,VIIRS,n,2,302.1,1.91,D,0
30.63803,73.76692,347.43,0.4,0.6,2024-10-14,724,N,VIIRS,n,2,302.73,2.89,D,0
30.63814,73.7672,342.68,0.4,0.6,2024-10-14,724,N,VIIRS,n,2,302.96,3.66,D,0
30.6436,73.67213,345.58,0.4,0.6,2024-10-14,724,N,VIIRS,n,2,303.62,4.04,D,0
30.66077,73.90824,337.47,0.39,0.59,2024-10-14,724,N,VIIRS,n,2,302.06,3.9,D,0
30.66172,73.90802,339.74,0.39,0.59,2024-10-14,724,N,VIIRS,n,2,301.86,3.01,D,0
30.66174,73.91225,337.43,0.39,0.59,2024-10-14,724,N,VIIRS,n,2,301.54,5.13,D,0
30.67253,73.59975,345.81,0.4,0.6,2024-10-14,724,N,VIIRS,n,2,303.52,3.55,D,0
30.67355,73.60391,333.95,0.4,0.6,2024-10-14,724,N,VIIRS,n,2,302.91,3.55,D,0
30.68804,73.92111,335.85,0.39,0.59,2024-10-14,724,N,VIIRS,n,2,302.48,1.95,D,0
30.68817,73.85172,337.49,0.39,0.59,2024-10-14,724,N,VIIRS,n,2,301.47,3.13,D,0
30.71808,73.90274,338.08,0.39,0.59,2024-10-14,724,N,VIIRS,n,2,301.87,6.78,D,0
30.71906,73.90675,367,0.39,0.59,2024-10-14,724,N,VIIRS,h,2,304.59,6.78,D,0
30.74474,73.89404,343.17,0.39,0.59,2024-10-14,724,N,VIIRS,n,2,303.17,4.05,D,0
30.74875,70.8118,334.39,0.58,0.7,2024-10-14,724,N,VIIRS,n,2,299.41,5.1,D,0
30.74945,70.80912,337.31,0.58,0.69,2024-10-14,724,N,VIIRS,n,2,299.28,5.34,D,0
30.77539,73.94602,338.63,0.38,0.59,2024-10-14,724,N,VIIRS,n,2,302.11,3.55,D,0
30.79877,73.99388,336.88,0.38,0.59,2024-10-14,724,N,VIIRS,n,2,303.16,1.93,D,0
30.80671,73.9101,336.09,0.39,0.59,2024-10-14,724,N,VIIRS,n,2,301.13,4.25,D,0
30.82153,73.85348,330.38,0.39,0.59,2024-10-14,724,N,VIIRS,l,2,303.33,1.9,D,0
30.84288,73.8465,336.71,0.39,0.59,2024-10-14,724,N,VIIRS,n,2,302.57,2.93,D,0
30.86346,73.18414,335.93,0.42,0.61,2024-10-14,724,N,VIIRS,n,2,299.48,1.75,D,0
30.87104,73.91488,333.76,0.38,0.59,2024-10-14,724,N,VIIRS,n,2,300.4,4.3,D,0
30.87148,73.84574,335.28,0.39,0.59,2024-10-14,724,N,VIIRS,n,2,300.74,2.65,D,0
30.87257,73.84549,337.57,0.39,0.59,2024-10-14,724,N,VIIRS,n,2,300.53,2.88,D,0
30.87963,73.34256,335.01,0.41,0.61,2024-10-14,724,N,VIIRS,n,2,301.5,2.85,D,0
30.88192,74.19301,338.44,0.37,0.58,2024-10-14,724,N,VIIRS,n,2,303.13,3.88,D,0
30.88285,74.19685,338.66,0.37,0.58,2024-10-14,724,N,VIIRS,n,2,301.93,5.19,D,0
30.88715,74.19133,330.94,0.37,0.58,2024-10-14,724,N,VIIRS,l,2,302.6,3.27,D,0
30.90593,73.93337,330.99,0.38,0.59,2024-10-14,724,N,VIIRS,n,2,300.32,2.73,D,0
30.90608,73.9801,337.05,0.38,0.59,2024-10-14,724,N,VIIRS,n,2,303.35,2.72,D,0
30.91205,74.15431,350.72,0.37,0.58,2024-10-14,724,N,VIIRS,n,2,303.6,5.71,D,0
30.92731,74.0197,336.15,0.38,0.59,2024-10-14,724,N,VIIRS,n,2,300.93,3.15,D,0
30.93162,74.01409,338.59,0.38,0.59,2024-10-14,724,N,VIIRS,n,2,301.97,4.61,D,0
30.93577,74.159,340.96,0.37,0.58,2024-10-14,724,N,VIIRS,n,2,304.04,2.51,D,0
30.93874,74.15777,344.09,0.37,0.58,2024-10-14,724,N,VIIRS,n,2,303.22,3.22,D,0
30.96575,73.56869,344.24,0.4,0.6,2024-10-14,724,N,VIIRS,n,2,302.27,6.33,D,0
30.98623,74.16716,346.22,0.37,0.58,2024-10-14,724,N,VIIRS,n,2,305.03,3.7,D,0
31.01295,74.3456,367,0.36,0.57,2024-10-14,724,N,VIIRS,h,2,304.66,5.91,D,0
31.01916,74.20988,354.79,0.37,0.58,2024-10-14,724,N,VIIRS,n,2,304.86,5.72,D,0
31.05832,74.62688,338.41,0.35,0.56,2024-10-14,724,N,VIIRS,n,2,302.12,3.95,D,0
31.05901,74.62589,340.81,0.35,0.56,2024-10-14,724,N,VIIRS,n,2,303.03,3.48,D,0
31.0634,73.65643,330.14,0.39,0.6,2024-10-14,724,N,VIIRS,n,2,300.87,1.22,D,0
31.09826,73.74988,344.64,0.39,0.59,2024-10-14,724,N,VIIRS,n,2,302.02,3.13,D,0
31.16583,74.00024,331.98,0.37,0.58,2024-10-14,724,N,VIIRS,n,2,301.44,2.07,D,0
31.24659,74.28505,345.97,0.36,0.57,2024-10-14,724,N,VIIRS,n,2,302.44,3.15,D,0
31.34426,70.61506,348.43,0.57,0.69,2024-10-14,724,N,VIIRS,n,2,302.1,4.95,D,0
31.34609,70.615,367,0.57,0.69,2024-10-14,724,N,VIIRS,h,2,302.57,10.75,D,0
31.35046,70.61279,335.1,0.57,0.69,2024-10-14,724,N,VIIRS,n,2,300.01,4.55,D,0
31.42842,74.65183,367,0.34,0.56,2024-10-14,724,N,VIIRS,h,2,301.13,5.87,D,0
31.44849,74.50775,331.45,0.35,0.56,2024-10-14,724,N,VIIRS,n,2,297.47,2.33,D,0
31.4498,70.66431,331.59,0.56,0.69,2024-10-14,724,N,VIIRS,n,2,299.89,2.36,D,0
31.45532,72.40322,331.07,0.45,0.63,2024-10-14,724,N,VIIRS,n,2,301.29,2.9,D,0
31.48887,74.30643,344.7,0.35,0.57,2024-10-14,724,N,VIIRS,n,2,302.8,5.79,D,0
31.50121,73.97388,331.57,0.37,0.58,2024-10-14,724,N,VIIRS,n,2,299.55,1.86,D,0
31.60617,72.94667,332.7,0.42,0.61,2024-10-14,724,N,VIIRS,n,2,299.17,2.99,D,0
31.64139,72.88751,335.64,0.42,0.61,2024-10-14,724,N,VIIRS,n,2,299.47,2.78,D,0
31.66241,73.8242,343.3,0.37,0.58,2024-10-14,724,N,VIIRS,n,2,298.89,3.96,D,0
31.67395,72.37036,333.43,0.45,0.63,2024-10-14,724,N,VIIRS,n,2,301.88,2.78,D,0
31.72663,75.08876,334.08,0.63,0.54,2024-10-14,724,N,VIIRS,n,2,300.08,3.75,D,0
31.72741,75.09006,331.54,0.63,0.54,2024-10-14,724,N,VIIRS,n,2,299.88,5.51,D,0
31.73132,72.8288,334.14,0.42,0.61,2024-10-14,724,N,VIIRS,n,2,298.02,2.6,D,0
31.74584,74.07213,332.19,0.36,0.57,2024-10-14,724,N,VIIRS,n,2,300.33,1.31,D,0
31.76042,74.06329,336.32,0.36,0.57,2024-10-14,724,N,VIIRS,n,2,300.12,1.72,D,0
31.76943,74.42013,330.95,0.34,0.56,2024-10-14,724,N,VIIRS,n,2,298.79,2.95,D,0
31.76981,74.41894,333.31,0.34,0.56,2024-10-14,724,N,VIIRS,n,2,298.78,2.71,D,0
31.77609,74.65301,345.2,0.33,0.55,2024-10-14,724,N,VIIRS,n,2,299.44,3.43,D,0
31.79551,73.63777,335.32,0.38,0.59,2024-10-14,724,N,VIIRS,n,2,298.44,2.46,D,0
31.79674,73.63687,336.09,0.38,0.59,2024-10-14,724,N,VIIRS,n,2,299.03,2.73,D,0
31.88011,74.07758,332.17,0.36,0.57,2024-10-14,724,N,VIIRS,n,2,300.51,2.22,D,0
31.9176,73.66441,331.9,0.38,0.58,2024-10-14,724,N,VIIRS,n,2,299.28,2.16,D,0
31.91863,74.46329,330.79,0.34,0.56,2024-10-14,724,N,VIIRS,n,2,297.41,1.7,D,0
31.9201,73.66342,330.91,0.38,0.58,2024-10-14,724,N,VIIRS,n,2,298.45,2.1,D,0
31.921,70.89734,335.01,0.53,0.67,2024-10-14,724,N,VIIRS,n,2,301.1,4.03,D,0
31.92571,73.62766,337.82,0.38,0.59,2024-10-14,724,N,VIIRS,n,2,301.12,3.25,D,0
31.92667,73.63161,335.02,0.38,0.59,2024-10-14,724,N,VIIRS,n,2,300.9,3.25,D,0
31.92803,73.62684,343.17,0.38,0.58,2024-10-14,724,N,VIIRS,n,2,302.46,3.37,D,0
31.92901,73.63076,331.64,0.38,0.58,2024-10-14,724,N,VIIRS,n,2,299.72,3.37,D,0
31.97051,74.36214,330.8,0.34,0.56,2024-10-14,724,N,VIIRS,n,2,298.97,1.38,D,0
31.98563,74.89471,334.19,0.32,0.54,2024-10-14,724,N,VIIRS,n,2,299.09,2.08,D,0
32.07231,74.41946,338.51,0.34,0.56,2024-10-14,724,N,VIIRS,n,2,299.7,2.43,D,0
32.08009,73.72688,331.44,0.37,0.58,2024-10-14,724,N,VIIRS,n,2,298.1,2.67,D,0
32.08879,72.93043,332.11,0.41,0.61,2024-10-14,724,N,VIIRS,n,2,299.24,1.62,D,0
32.08987,74.35647,352.44,0.34,0.56,2024-10-14,724,N,VIIRS,n,2,299.95,5.21,D,0
32.09143,74.35508,339.83,0.34,0.56,2024-10-14,724,N,VIIRS,n,2,297.65,5.43,D,0
32.11783,74.2617,353.02,0.34,0.56,2024-10-14,724,N,VIIRS,n,2,300.79,5.64,D,0
32.13163,75.04604,334.88,0.62,0.54,2024-10-14,724,N,VIIRS,n,2,298.46,5.5,D,0
32.13175,75.04778,336.6,0.62,0.54,2024-10-14,724,N,VIIRS,n,2,298.5,5.5,D,0
32.13816,75.23165,329.65,0.61,0.53,2024-10-14,724,N,VIIRS,n,2,298.03,4.24,D,0
32.1543,73.89141,333.65,0.36,0.57,2024-10-14,724,N,VIIRS,n,2,299.45,3.57,D,0
32.23972,73.85628,336.74,0.36,0.57,2024-10-14,724,N,VIIRS,n,2,299.06,4.09,D,0
32.24064,73.86005,350.03,0.36,0.57,2024-10-14,724,N,VIIRS,n,2,299.22,4.09,D,0
32.24572,73.34393,332.09,0.38,0.59,2024-10-14,724,N,VIIRS,n,2,299.3,2.11,D,0
32.26292,73.32053,340.32,0.39,0.59,2024-10-14,724,N,VIIRS,n,2,299.37,3.86,D,0
32.4092,74.26163,331.57,0.34,0.56,2024-10-14,724,N,VIIRS,n,2,299.55,2.53,D,0
32.43922,74.38838,341.91,0.33,0.55,2024-10-14,724,N,VIIRS,n,2,300.93,2.73,D,0
32.5158,74.40668,335.14,0.33,0.55,2024-10-14,724,N,VIIRS,n,2,299.39,4.27,D,0
34.01521,75.3072,340.44,0.55,0.51,2024-10-14,725,N,VIIRS,n,2,295.61,7.21,D,0
28.91937,71.08044,337.44,0.4,0.6,2024-10-14,904,N,VIIRS,n,2,306.55,2.28,D,0
29.49246,70.36686,349.04,0.36,0.58,2024-10-14,904,N,VIIRS,n,2,308.71,5.57,D,0
29.59452,70.47328,333.21,0.37,0.58,2024-10-14,904,N,VIIRS,l,2,305.78,1.9,D,0
29.60989,71.7094,336.59,0.44,0.62,2024-10-14,904,N,VIIRS,n,2,302.22,3.12,D,0
29.6102,71.71405,332.25,0.44,0.62,2024-10-14,904,N,VIIRS,n,2,301.65,3.12,D,0
29.62696,74.37427,367,0.63,0.72,2024-10-14,904,N,VIIRS,h,2,302.94,31.29,D,0
29.62862,74.37121,356.25,0.63,0.72,2024-10-14,904,N,VIIRS,n,2,300.41,17.47,D,0
29.62893,74.37803,336.06,0.63,0.72,2024-10-14,904,N,VIIRS,n,2,296.62,17.47,D,0
29.66002,71.77654,333.84,0.44,0.63,2024-10-14,904,N,VIIRS,n,2,302.19,2.4,D,0
29.6613,71.77583,337.29,0.44,0.63,2024-10-14,904,N,VIIRS,n,2,301.15,2.41,D,0
30.25649,70.67447,333.12,0.39,0.59,2024-10-14,904,N,VIIRS,l,2,304.04,3.83,D,0
30.2591,70.63293,337.71,0.38,0.59,2024-10-14,904,N,VIIRS,n,2,304.08,4.72,D,0
30.33941,73.47726,350.43,0.57,0.69,2024-10-14,904,N,VIIRS,n,2,299.97,8.34,D,0
30.3495,70.73708,336.72,0.39,0.59,2024-10-14,904,N,VIIRS,n,2,302.28,1.38,D,0
30.35007,70.74539,339.18,0.39,0.59,2024-10-14,904,N,VIIRS,n,2,305.4,4.59,D,0
30.45642,73.35735,335.49,0.56,0.69,2024-10-14,904,N,VIIRS,n,2,301.43,4.28,D,0
30.48703,70.72641,332.66,0.39,0.59,2024-10-14,904,N,VIIRS,n,2,305.09,3.61,D,0
30.48732,70.7306,355.98,0.39,0.59,2024-10-14,904,N,VIIRS,n,2,307.21,7.92,D,0
30.49119,73.40382,367,0.56,0.69,2024-10-14,904,N,VIIRS,h,2,303,14.49,D,0
30.49152,73.40991,342.41,0.56,0.69,2024-10-14,904,N,VIIRS,n,2,300.16,14.07,D,0
30.49179,73.4016,352.44,0.56,0.69,2024-10-14,904,N,VIIRS,n,2,302.1,10.53,D,0
30.49207,73.40768,367,0.56,0.69,2024-10-14,904,N,VIIRS,h,2,301.86,10.53,D,0
30.50438,73.67404,333.17,0.58,0.7,2024-10-14,904,N,VIIRS,n,2,301.16,3.32,D,0
30.50541,73.67601,333.84,0.58,0.7,2024-10-14,904,N,VIIRS,n,2,301.12,2.77,D,0
30.52443,73.82644,331.77,0.6,0.7,2024-10-14,904,N,VIIRS,n,2,299.97,3.18,D,0
30.54424,73.82533,340.72,0.6,0.7,2024-10-14,904,N,VIIRS,n,2,300.98,7.04,D,0
30.57636,73.80421,341.67,0.6,0.7,2024-10-14,904,N,VIIRS,n,2,299.68,4.02,D,0
30.59678,72.79192,332.05,0.52,0.67,2024-10-14,904,N,VIIRS,n,2,301.55,2.7,D,0
30.61896,73.92587,335.04,0.61,0.71,2024-10-14,904,N,VIIRS,n,2,299.31,4.82,D,0
30.61907,73.77616,341.21,0.59,0.7,2024-10-14,904,N,VIIRS,n,2,300.7,6.28,D,0
30.62109,73.90588,348.26,0.6,0.71,2024-10-14,904,N,VIIRS,n,2,300.5,10.42,D,0
30.62127,73.77605,336.55,0.59,0.7,2024-10-14,904,N,VIIRS,n,2,300.49,3.43,D,0
30.62205,73.92553,332.79,0.61,0.71,2024-10-14,904,N,VIIRS,n,2,299.78,5.04,D,0
30.62447,73.89928,338.25,0.6,0.71,2024-10-14,904,N,VIIRS,n,2,299.89,7.53,D,0
30.62475,73.90583,345.71,0.6,0.71,2024-10-14,904,N,VIIRS,n,2,299.03,11.93,D,0
30.64338,73.72987,336.05,0.59,0.7,2024-10-14,904,N,VIIRS,n,2,301.26,5.62,D,0
30.67444,73.68983,335.22,0.59,0.7,2024-10-14,904,N,VIIRS,n,2,300.57,5.16,D,0
30.67835,72.59595,331.85,0.51,0.66,2024-10-14,904,N,VIIRS,n,2,299.76,2.4,D,0
30.6794,72.59835,333.72,0.51,0.66,2024-10-14,904,N,VIIRS,n,2,300.21,3.66,D,0
30.68819,73.70182,335.71,0.59,0.7,2024-10-14,904,N,VIIRS,n,2,299.81,2.73,D,0
30.70092,73.56203,330.34,0.58,0.7,2024-10-14,904,N,VIIRS,n,2,299.89,3.73,D,0
30.73564,73.6151,367,0.58,0.7,2024-10-14,904,N,VIIRS,h,2,303.45,18.01,D,0
30.73593,73.62141,343.74,0.58,0.7,2024-10-14,904,N,VIIRS,n,2,300,18.66,D,0
30.73648,73.61671,367,0.58,0.7,2024-10-14,904,N,VIIRS,h,2,305.15,27.49,D,0
30.75615,73.63292,340.55,0.58,0.7,2024-10-14,904,N,VIIRS,n,2,301.27,4.78,D,0
30.766,73.70239,331.97,0.59,0.7,2024-10-14,904,N,VIIRS,n,2,301.05,2.8,D,0
30.76743,73.87723,337.51,0.6,0.71,2024-10-14,904,N,VIIRS,n,2,300.74,9.45,D,0
30.78158,73.75291,333.13,0.59,0.7,2024-10-14,904,N,VIIRS,n,2,300.32,8.15,D,0
30.78188,73.75935,367,0.59,0.7,2024-10-14,904,N,VIIRS,h,2,302.05,14.33,D,0
30.79376,73.33546,334.25,0.56,0.69,2024-10-14,904,N,VIIRS,n,2,299.39,2.83,D,0
30.79626,73.6851,330.39,0.59,0.7,2024-10-14,904,N,VIIRS,l,2,300.85,4.33,D,0
30.79824,73.68787,332.47,0.59,0.7,2024-10-14,904,N,VIIRS,n,2,300.13,3.02,D,0
30.81621,74.00438,330.28,0.61,0.71,2024-10-14,904,N,VIIRS,n,2,298.94,3.27,D,0
30.84429,74.19946,334.42,0.63,0.72,2024-10-14,904,N,VIIRS,n,2,298.72,4.85,D,0
30.86058,74.10303,335.62,0.62,0.72,2024-10-14,904,N,VIIRS,n,2,299.72,4.75,D,0
30.86509,74.10564,337.42,0.62,0.72,2024-10-14,904,N,VIIRS,n,2,299.57,5.5,D,0
30.89117,73.47146,348.21,0.57,0.69,2024-10-14,904,N,VIIRS,n,2,297.94,8.35,D,0
30.89129,73.47574,354.43,0.57,0.69,2024-10-14,904,N,VIIRS,n,2,298.96,13.22,D,0
30.89148,73.47767,334.01,0.57,0.69,2024-10-14,904,N,VIIRS,n,2,297.67,9.94,D,0
30.92964,74.1405,333.42,0.63,0.72,2024-10-14,904,N,VIIRS,n,2,299.9,3.52,D,0
30.94114,74.19331,333.93,0.63,0.72,2024-10-14,904,N,VIIRS,n,2,299.55,4.15,D,0
30.96491,74.47452,367,0.66,0.73,2024-10-14,904,N,VIIRS,h,2,299.72,19.7,D,0
30.96562,74.47325,367,0.66,0.73,2024-10-14,904,N,VIIRS,h,2,299.76,17.9,D,0
31.03635,74.20248,335.62,0.63,0.72,2024-10-14,904,N,VIIRS,n,2,299.99,6,D,0
31.04469,73.56736,367,0.58,0.7,2024-10-14,904,N,VIIRS,h,2,299.69,11.44,D,0
31.04601,73.56749,352.3,0.58,0.7,2024-10-14,904,N,VIIRS,n,2,299.26,7.14,D,0
31.05298,74.27118,334.96,0.64,0.72,2024-10-14,904,N,VIIRS,n,2,298.53,8.38,D,0
31.05328,74.27814,367,0.64,0.72,2024-10-14,904,N,VIIRS,h,2,300.57,15.82,D,0
31.05423,74.27187,355.48,0.64,0.72,2024-10-14,904,N,VIIRS,n,2,299.6,9.92,D,0
31.0545,74.27885,340.23,0.64,0.72,2024-10-14,904,N,VIIRS,n,2,299.63,9.92,D,0
31.11471,74.09599,339.15,0.63,0.72,2024-10-14,904,N,VIIRS,n,2,300.34,6.96,D,0
31.21736,75.15696,330.46,0.72,0.76,2024-10-14,904,N,VIIRS,n,2,293.94,3.47,D,0
31.2207,75.15704,330.33,0.72,0.76,2024-10-14,904,N,VIIRS,n,2,294.5,4.42,D,0
31.52651,72.39365,338.49,0.5,0.66,2024-10-14,904,N,VIIRS,n,2,300.46,6.2,D,0
31.5268,72.3991,345.32,0.5,0.66,2024-10-14,904,N,VIIRS,n,2,300.23,6.2,D,0
31.62301,70.7767,332.34,0.4,0.6,2024-10-14,904,N,VIIRS,l,2,302.91,1.51,D,0
31.62943,70.70179,330.89,0.4,0.6,2024-10-14,904,N,VIIRS,l,2,301.96,2.67,D,0
31.80603,73.45621,337.84,0.58,0.7,2024-10-14,904,N,VIIRS,n,2,299.81,5.12,D,0
31.88,74.07823,331.81,0.63,0.72,2024-10-14,904,N,VIIRS,n,2,297.71,4.4,D,0
31.96166,73.8001,331.99,0.61,0.71,2024-10-14,905,N,VIIRS,n,2,297.29,4.72,D,0
33.45177,70.52451,330.51,0.41,0.6,2024-10-14,905,N,VIIRS,n,2,298.38,1.52,D,0
34.05993,73.90173,330.83,0.64,0.72,2024-10-14,905,N,VIIRS,n,2,291.29,8.25,D,0
34.06172,73.9015,329.72,0.64,0.72,2024-10-14,905,N,VIIRS,n,2,291.33,3.7,D,0
31.62088,74.42806,300.77,0.33,0.55,2024-10-14,2127,N,VIIRS,n,2,290.52,0.26,N,2
31.64069,74.4346,300.74,0.33,0.55,2024-10-14,2127,N,VIIRS,n,2,290.56,0.28,N,0
32.08393,74.1626,301.84,0.62,0.54,2024-10-14,2127,N,VIIRS,n,2,290.09,1.65,N,2
32.57389,72.5649,305.66,0.49,0.49,2024-10-14,2127,N,VIIRS,n,2,295.31,1.11,N,2
32.72403,72.81632,300.29,0.5,0.49,2024-10-14,2127,N,VIIRS,n,2,290.03,1.17,N,0
33.60802,70.59971,299.69,0.56,0.43,2024-10-14,2127,N,VIIRS,n,2,285.7,0.93,N,0
33.60924,70.59377,305.33,0.56,0.43,2024-10-14,2127,N,VIIRS,n,2,286.8,0.93,N,0
31.65556,74.17522,318.38,0.63,0.54,2024-10-14,2128,N,VIIRS,n,2,291.71,3.82,N,0
32.29261,70.73048,312.9,0.4,0.44,2024-10-14,2128,N,VIIRS,n,2,295.41,1.56,N,2
28.42608,69.70161,305.64,0.41,0.45,2024-10-14,2129,N,VIIRS,n,2,294.85,1.24,N,2
29.42285,74.3894,341.07,0.72,0.76,2024-10-15,705,N,VIIRS,n,2,302.92,4.9,D,0
29.42547,74.38982,337.09,0.72,0.76,2024-10-15,705,N,VIIRS,n,2,302.06,5.82,D,0
30.25602,73.30063,332.02,0.79,0.78,2024-10-15,705,N,VIIRS,n,2,300.39,5.18,D,0
30.34811,73.52286,331.27,0.76,0.77,2024-10-15,705,N,VIIRS,n,2,302.62,4.17,D,0
30.3678,73.62939,338.58,0.75,0.77,2024-10-15,705,N,VIIRS,n,2,301.21,7.43,D,0
30.39365,73.87422,338.76,0.73,0.76,2024-10-15,705,N,VIIRS,n,2,299.36,6.86,D,0
30.39668,73.87453,335.59,0.73,0.76,2024-10-15,705,N,VIIRS,n,2,299.28,6.14,D,0
30.54438,73.42454,332.64,0.76,0.77,2024-10-15,705,N,VIIRS,n,2,301.29,4.97,D,0
30.54672,73.53716,330.08,0.75,0.77,2024-10-15,705,N,VIIRS,n,2,301.77,3.82,D,0
30.54753,73.42265,332.99,0.76,0.77,2024-10-15,705,N,VIIRS,n,2,301.88,6.3,D,0
30.59599,73.73174,333.82,0.73,0.76,2024-10-15,705,N,VIIRS,n,2,302.07,2.93,D,0
30.66343,73.81367,330.13,0.72,0.76,2024-10-15,705,N,VIIRS,l,2,301.36,4.64,D,0
30.66504,73.81414,330.01,0.72,0.76,2024-10-15,705,N,VIIRS,l,2,300.81,6.86,D,0
30.67675,73.83342,330.14,0.72,0.76,2024-10-15,705,N,VIIRS,l,2,301.52,5.22,D,0
30.67824,73.83393,332.36,0.72,0.76,2024-10-15,705,N,VIIRS,n,2,301.41,2.96,D,0
30.79717,73.10132,332.74,0.78,0.78,2024-10-15,705,N,VIIRS,n,2,299.16,3.62,D,0
30.79833,73.10002,331.58,0.78,0.78,2024-10-15,705,N,VIIRS,n,2,298.86,5.27,D,0
30.87214,73.38309,353.28,0.75,0.77,2024-10-15,705,N,VIIRS,n,2,300.9,11.58,D,0
30.87418,74.08058,334.18,0.69,0.74,2024-10-15,705,N,VIIRS,n,2,301.26,3.8,D,0
30.87472,73.38088,353.68,0.75,0.77,2024-10-15,705,N,VIIRS,n,2,300.91,10.58,D,0
31.44637,74.76633,332.5,0.61,0.71,2024-10-15,705,N,VIIRS,n,2,298.03,3.18,D,0
31.54024,74.60779,347.24,0.62,0.72,2024-10-15,705,N,VIIRS,n,2,300.02,9.14,D,0
31.54425,74.60394,346.11,0.62,0.72,2024-10-15,705,N,VIIRS,n,2,299.41,9.13,D,0
31.65525,74.09586,332.66,0.66,0.73,2024-10-15,705,N,VIIRS,n,2,298.05,3.51,D,0
31.8018,74.33082,335.72,0.63,0.72,2024-10-15,705,N,VIIRS,n,2,299.43,6.3,D,0
31.86074,74.38841,340.97,0.63,0.72,2024-10-15,705,N,VIIRS,n,2,298.7,5.54,D,0
32.24726,75.3749,336.51,0.54,0.68,2024-10-15,705,N,VIIRS,n,2,299.48,5.99,D,0
27.72066,72.0629,346.88,0.45,0.47,2024-10-15,844,N,VIIRS,n,2,312.83,4.65,D,0
28.04914,69.67701,337.88,0.51,0.41,2024-10-15,845,N,VIIRS,l,2,310.98,5.87,D,0
28.17232,69.36631,335.27,0.49,0.41,2024-10-15,845,N,VIIRS,n,2,305.86,3.71,D,0
29.30254,74.39747,342.71,0.33,0.55,2024-10-15,845,N,VIIRS,n,2,305.23,2.69,D,0
29.37194,70.48527,350.64,0.39,0.44,2024-10-15,845,N,VIIRS,n,2,312.87,4.28,D,0
29.38112,71.33226,341.74,0.43,0.46,2024-10-15,845,N,VIIRS,n,2,312.51,5.93,D,0
29.48869,70.42409,336.06,0.39,0.44,2024-10-15,845,N,VIIRS,n,2,309.76,1.18,D,0
29.50214,70.36125,342.34,0.38,0.43,2024-10-15,845,N,VIIRS,l,2,312.35,2.29,D,0
29.50383,70.52441,350.87,0.39,0.44,2024-10-15,845,N,VIIRS,n,2,313.37,4.57,D,0
29.64979,70.43383,334.56,0.39,0.44,2024-10-15,845,N,VIIRS,l,2,309.2,2.25,D,0
29.65876,71.92199,333.24,0.47,0.48,2024-10-15,845,N,VIIRS,n,2,307.84,2.39,D,0
29.68159,69.98492,349.39,0.55,0.43,2024-10-15,845,N,VIIRS,n,2,311.74,10.01,D,0
29.75675,72.06737,336.05,0.48,0.48,2024-10-15,845,N,VIIRS,n,2,305.99,4.41,D,0
29.84525,72.75629,342.19,0.53,0.5,2024-10-15,845,N,VIIRS,n,2,306.28,7.07,D,0
29.84577,72.76184,341.97,0.53,0.5,2024-10-15,845,N,VIIRS,n,2,305.18,7.25,D,0
29.9027,71.65637,339.65,0.46,0.47,2024-10-15,845,N,VIIRS,n,2,307.52,5.65,D,0
29.90317,71.66116,342.03,0.46,0.47,2024-10-15,845,N,VIIRS,n,2,307.66,5.65,D,0
29.95838,71.50986,344.23,0.45,0.47,2024-10-15,845,N,VIIRS,n,2,312.73,3.92,D,0
30.02375,73.22899,330.03,0.57,0.52,2024-10-15,845,N,VIIRS,n,2,302.9,2.13,D,0
30.0361,71.43966,335.43,0.45,0.47,2024-10-15,845,N,VIIRS,n,2,306.13,2.24,D,0
30.04381,72.1114,332.96,0.49,0.48,2024-10-15,845,N,VIIRS,l,2,307.52,3.18,D,0
30.07474,73.21479,343.1,0.57,0.52,2024-10-15,845,N,VIIRS,n,2,306.41,5.99,D,0
30.14029,74.18301,335.28,0.32,0.55,2024-10-15,845,N,VIIRS,n,2,308.55,2.37,D,0
30.17397,73.47871,334.65,0.59,0.53,2024-10-15,845,N,VIIRS,n,2,302.37,3.12,D,0
30.17668,73.48006,332.87,0.59,0.53,2024-10-15,845,N,VIIRS,n,2,302.45,3.82,D,0
30.20462,70.61375,341.79,0.4,0.44,2024-10-15,845,N,VIIRS,n,2,310.37,6.15,D,0
30.20651,70.61059,341.12,0.4,0.44,2024-10-15,845,N,VIIRS,n,2,307.96,5.45,D,0
30.21678,72.48661,337.89,0.51,0.5,2024-10-15,845,N,VIIRS,n,2,305.3,2.85,D,0
30.21929,73.20868,337.04,0.57,0.52,2024-10-15,845,N,VIIRS,n,2,305.04,4.87,D,0
30.23745,72.93352,334.64,0.55,0.51,2024-10-15,845,N,VIIRS,l,2,305.81,6.87,D,0
30.23825,72.93651,334.89,0.55,0.51,2024-10-15,845,N,VIIRS,l,2,305.65,5.72,D,0
30.24343,70.64407,339.69,0.4,0.45,2024-10-15,845,N,VIIRS,n,2,311.21,3.51,D,0
30.24755,70.64349,341.25,0.4,0.45,2024-10-15,845,N,VIIRS,n,2,309.03,3.51,D,0
30.25025,70.66901,338.67,0.41,0.45,2024-10-15,845,N,VIIRS,n,2,311.92,5.32,D,0
30.25393,70.66418,350.53,0.41,0.45,2024-10-15,845,N,VIIRS,n,2,314.24,7.39,D,0
30.25438,70.66843,367,0.41,0.45,2024-10-15,845,N,VIIRS,h,2,312.14,7.39,D,0
30.26955,70.61457,340.32,0.4,0.44,2024-10-15,845,N,VIIRS,l,2,314.64,3.09,D,0
30.31681,73.11683,334.01,0.56,0.52,2024-10-15,845,N,VIIRS,l,2,306.62,4.98,D,0
30.32161,73.11629,339.18,0.56,0.52,2024-10-15,845,N,VIIRS,n,2,306.68,4.98,D,0
30.32214,73.12222,330.3,0.56,0.52,2024-10-15,845,N,VIIRS,l,2,302.99,4.98,D,0
30.33697,73.13057,340.77,0.56,0.52,2024-10-15,845,N,VIIRS,n,2,305.84,5.64,D,0
30.33761,73.13249,334.6,0.56,0.52,2024-10-15,845,N,VIIRS,l,2,305.88,7.26,D,0
30.33799,73.03095,338.41,0.56,0.51,2024-10-15,845,N,VIIRS,n,2,306.7,4.17,D,0
30.33802,73.02887,337.77,0.56,0.51,2024-10-15,845,N,VIIRS,n,2,305.89,4.69,D,0
30.33865,73.59161,344.36,0.6,0.53,2024-10-15,845,N,VIIRS,n,2,308.15,14.36,D,0
30.34003,73.05242,344.11,0.56,0.51,2024-10-15,845,N,VIIRS,n,2,308.76,5.19,D,0
30.34015,73.05445,341.57,0.56,0.51,2024-10-15,845,N,VIIRS,n,2,308.02,6.33,D,0
30.34456,73.10569,333.49,0.56,0.52,2024-10-15,845,N,VIIRS,l,2,305.99,6.48,D,0
30.34504,73.10765,339.04,0.56,0.52,2024-10-15,845,N,VIIRS,n,2,306.44,4.84,D,0
30.34935,73.10513,341.46,0.56,0.52,2024-10-15,845,N,VIIRS,n,2,305.85,6.48,D,0
30.34983,73.10711,343.1,0.56,0.52,2024-10-15,845,N,VIIRS,n,2,304.77,4.84,D,0
30.36224,73.57625,341.33,0.6,0.53,2024-10-15,845,N,VIIRS,n,2,306.01,11.53,D,0
30.41905,73.23661,340.78,0.57,0.52,2024-10-15,845,N,VIIRS,n,2,306.7,5.84,D,0
30.42389,73.23607,344.21,0.57,0.52,2024-10-15,845,N,VIIRS,n,2,305.94,6.63,D,0
30.43014,70.71046,343.51,0.41,0.45,2024-10-15,845,N,VIIRS,n,2,311.17,4.5,D,0
30.44205,73.50214,332.83,0.59,0.53,2024-10-15,845,N,VIIRS,l,2,304.16,2.02,D,0
30.4423,73.68227,354.64,0.61,0.53,2024-10-15,845,N,VIIRS,n,2,311.32,51.52,D,0
30.44649,73.32594,348.04,0.58,0.52,2024-10-15,845,N,VIIRS,n,2,311.71,29.16,D,0
30.45136,73.32541,340.32,0.58,0.52,2024-10-15,845,N,VIIRS,n,2,304.46,7.34,D,0
30.45192,73.38764,341.39,0.59,0.53,2024-10-15,845,N,VIIRS,n,2,305.44,4.86,D,0
30.46167,73.36082,333.42,0.58,0.52,2024-10-15,845,N,VIIRS,l,2,306.36,3.24,D,0
30.46437,73.3613,338.03,0.58,0.52,2024-10-15,845,N,VIIRS,n,2,306.97,6.14,D,0
30.47301,73.34788,330.1,0.58,0.52,2024-10-15,845,N,VIIRS,l,2,304.24,2.61,D,0
30.50054,72.8039,331.78,0.54,0.51,2024-10-15,845,N,VIIRS,l,2,305.14,4.54,D,0
30.50726,73.56538,330.93,0.6,0.53,2024-10-15,845,N,VIIRS,n,2,305.63,2.02,D,0
30.50809,73.56469,331.71,0.6,0.53,2024-10-15,845,N,VIIRS,n,2,305.32,2.98,D,0
30.50838,73.5781,332.31,0.6,0.53,2024-10-15,845,N,VIIRS,l,2,305.55,4.36,D,0
30.50913,73.57744,330.91,0.6,0.53,2024-10-15,845,N,VIIRS,l,2,305.08,3.31,D,0
30.51808,74.10586,332.13,0.32,0.55,2024-10-15,845,N,VIIRS,n,2,300.79,1.19,D,0
30.53696,73.37749,334.2,0.59,0.53,2024-10-15,845,N,VIIRS,n,2,306.4,3.97,D,0
30.53749,73.38371,337.84,0.59,0.53,2024-10-15,845,N,VIIRS,n,2,305.62,6,D,0
30.55106,73.97186,355.95,0.32,0.54,2024-10-15,845,N,VIIRS,n,2,304.71,7.33,D,0
30.55133,73.97523,367,0.32,0.54,2024-10-15,845,N,VIIRS,h,2,305.05,11.17,D,0
30.56788,73.6228,331.72,0.61,0.53,2024-10-15,845,N,VIIRS,l,2,304.99,6.57,D,0
30.56843,73.62923,343.16,0.61,0.53,2024-10-15,845,N,VIIRS,n,2,307.24,6.57,D,0
30.56957,73.46855,331.19,0.59,0.53,2024-10-15,845,N,VIIRS,n,2,303.98,2.35,D,0
30.58053,73.71289,344.29,0.61,0.54,2024-10-15,845,N,VIIRS,n,2,306.9,9.7,D,0
30.58386,73.69284,345.05,0.61,0.54,2024-10-15,845,N,VIIRS,n,2,306.62,8.62,D,0
30.58769,73.56251,342.8,0.6,0.53,2024-10-15,845,N,VIIRS,n,2,307.9,6.4,D,0
30.60854,73.43736,336.6,0.59,0.53,2024-10-15,845,N,VIIRS,n,2,304.48,2.85,D,0
30.61202,73.8545,340.29,0.63,0.54,2024-10-15,845,N,VIIRS,n,2,302.81,3.13,D,0
30.61283,73.85559,340.89,0.63,0.54,2024-10-15,845,N,VIIRS,n,2,303.43,5.97,D,0
30.62528,73.95972,355.67,0.32,0.54,2024-10-15,845,N,VIIRS,n,2,306.13,3.18,D,0
30.62627,73.90697,341.38,0.63,0.54,2024-10-15,845,N,VIIRS,n,2,303.95,12.05,D,0
30.62679,73.96062,367,0.32,0.54,2024-10-15,845,N,VIIRS,h,2,306.95,5.56,D,0
30.62687,73.90128,338.97,0.63,0.54,2024-10-15,845,N,VIIRS,n,2,304.25,5.94,D,0
30.62744,73.90797,341.36,0.63,0.54,2024-10-15,845,N,VIIRS,n,2,303.98,9.52,D,0
30.63021,73.88071,338.27,0.63,0.54,2024-10-15,845,N,VIIRS,n,2,305.13,6.82,D,0
30.63034,73.95919,332.82,0.32,0.54,2024-10-15,845,N,VIIRS,n,2,303.82,3.18,D,0
30.6348,73.8858,338.36,0.63,0.54,2024-10-15,845,N,VIIRS,n,2,302.94,6.69,D,0
30.63525,73.88019,331.73,0.63,0.54,2024-10-15,845,N,VIIRS,l,2,304,5.4,D,0
30.65859,73.8027,341.96,0.62,0.54,2024-10-15,845,N,VIIRS,n,2,304.77,8.27,D,0
30.67686,74.02974,367,0.32,0.55,2024-10-15,845,N,VIIRS,h,2,309.16,12.13,D,0
30.69636,73.46379,345.05,0.6,0.53,2024-10-15,845,N,VIIRS,n,2,305.62,7.47,D,0
30.70021,73.46553,345.04,0.6,0.53,2024-10-15,845,N,VIIRS,n,2,305.67,9.14,D,0
30.70241,73.96535,349.6,0.32,0.54,2024-10-15,845,N,VIIRS,n,2,310.77,13.69,D,0
30.70268,73.96874,367,0.32,0.54,2024-10-15,845,N,VIIRS,h,2,306.32,13.69,D,0
30.73066,73.87579,334.14,0.63,0.54,2024-10-15,845,N,VIIRS,n,2,304.27,5.04,D,0
30.73407,73.87358,349.8,0.63,0.54,2024-10-15,845,N,VIIRS,n,2,305.26,9.14,D,0
30.73544,73.95678,353.23,0.32,0.54,2024-10-15,845,N,VIIRS,n,2,306.81,3.54,D,0
30.7357,73.87527,342.67,0.63,0.54,2024-10-15,845,N,VIIRS,n,2,304.11,5.04,D,0
30.73654,74.00642,346.81,0.32,0.55,2024-10-15,845,N,VIIRS,n,2,304.12,3.21,D,0
30.73686,74.13486,347.02,0.33,0.55,2024-10-15,845,N,VIIRS,n,2,304.1,4,D,0
30.73728,73.98058,348.97,0.32,0.55,2024-10-15,845,N,VIIRS,n,2,304.11,3.08,D,0
30.73763,73.95831,342.31,0.32,0.54,2024-10-15,845,N,VIIRS,n,2,303.82,3.84,D,0
30.73934,73.97865,341.62,0.32,0.55,2024-10-15,845,N,VIIRS,n,2,302.73,2.03,D,0
30.75213,73.84471,341.36,0.63,0.54,2024-10-15,845,N,VIIRS,n,2,304.11,3.18,D,0
30.76543,73.88384,333.41,0.63,0.54,2024-10-15,845,N,VIIRS,n,2,305.55,3.79,D,0
30.7683,73.98421,334.09,0.32,0.55,2024-10-15,845,N,VIIRS,n,2,303.49,1.61,D,0
30.7745,74.06306,336.03,0.32,0.55,2024-10-15,845,N,VIIRS,n,2,302.92,3.32,D,0
30.77521,73.94237,351.02,0.32,0.54,2024-10-15,845,N,VIIRS,n,2,303.96,4.03,D,0
30.77658,73.6493,345.8,0.61,0.54,2024-10-15,845,N,VIIRS,n,2,303.71,6.03,D,0
30.7814,73.09141,331.32,0.57,0.52,2024-10-15,845,N,VIIRS,l,2,305.1,1.75,D,0
30.78231,73.09312,334.65,0.57,0.52,2024-10-15,845,N,VIIRS,n,2,305.88,4.59,D,0
30.78242,73.10348,332.95,0.57,0.52,2024-10-15,845,N,VIIRS,n,2,304.55,4.45,D,0
30.78271,73.37173,341.76,0.59,0.53,2024-10-15,845,N,VIIRS,n,2,305.44,7.27,D,0
30.78451,73.11723,332.13,0.57,0.52,2024-10-15,845,N,VIIRS,n,2,303.88,2.92,D,0
30.78467,73.80769,330.97,0.63,0.54,2024-10-15,845,N,VIIRS,l,2,305.91,6.66,D,0
30.78483,73.36996,346.68,0.59,0.53,2024-10-15,845,N,VIIRS,n,2,305.94,9.31,D,0
30.78761,73.37121,330.68,0.59,0.53,2024-10-15,845,N,VIIRS,l,2,304.2,7.27,D,0
30.78825,73.11501,337.93,0.57,0.52,2024-10-15,845,N,VIIRS,n,2,303.55,3.04,D,0
30.78973,73.36943,367,0.59,0.53,2024-10-15,845,N,VIIRS,h,2,307.48,19.36,D,0
30.78988,73.93403,346.53,0.32,0.54,2024-10-15,845,N,VIIRS,n,2,303.54,4.79,D,0
30.79015,73.93742,367,0.32,0.54,2024-10-15,845,N,VIIRS,h,2,305.07,4.79,D,0
30.7925,73.37067,346.34,0.59,0.53,2024-10-15,845,N,VIIRS,n,2,306.78,19.23,D,0
30.80663,73.36283,332.31,0.59,0.53,2024-10-15,845,N,VIIRS,n,2,306.1,3.5,D,0
30.80881,73.361,336.37,0.59,0.53,2024-10-15,845,N,VIIRS,n,2,306.03,3.85,D,0
30.82525,73.09257,343.1,0.57,0.52,2024-10-15,845,N,VIIRS,n,2,307.14,3.42,D,0
30.83492,73.92255,331.83,0.32,0.54,2024-10-15,845,N,VIIRS,l,2,304,1.21,D,0
30.83495,73.98427,353.43,0.32,0.55,2024-10-15,845,N,VIIRS,n,2,304.04,3.58,D,0
30.83523,73.98768,341.3,0.32,0.55,2024-10-15,845,N,VIIRS,n,2,305.31,3.58,D,0
30.83988,73.74171,332.76,0.62,0.54,2024-10-15,845,N,VIIRS,n,2,302.5,2.59,D,0
30.84593,73.95119,367,0.32,0.55,2024-10-15,845,N,VIIRS,h,2,307.46,7.39,D,0
30.84763,73.95206,367,0.32,0.55,2024-10-15,845,N,VIIRS,h,2,307.38,7.2,D,0
30.85833,74.20569,349.88,0.33,0.55,2024-10-15,845,N,VIIRS,n,2,302.94,4.08,D,0
30.8601,74.20477,345.59,0.33,0.55,2024-10-15,845,N,VIIRS,n,2,302.96,4.71,D,0
30.87343,73.91067,335.73,0.32,0.54,2024-10-15,845,N,VIIRS,n,2,302.87,1.9,D,0
30.88615,74.13836,331.49,0.33,0.55,2024-10-15,845,N,VIIRS,n,2,303.72,1.7,D,0
30.89172,74.01199,351.05,0.32,0.55,2024-10-15,845,N,VIIRS,n,2,305.77,4.56,D,0
30.892,74.01542,350.6,0.32,0.55,2024-10-15,845,N,VIIRS,n,2,305.3,4.56,D,0
30.8992,73.43384,341.26,0.6,0.53,2024-10-15,845,N,VIIRS,n,2,304.71,6.61,D,0
30.90034,73.43313,341.28,0.6,0.53,2024-10-15,845,N,VIIRS,n,2,304.18,9.15,D,0
30.91467,73.5547,331.73,0.61,0.53,2024-10-15,845,N,VIIRS,n,2,303.5,2.81,D,0
30.91502,73.55424,334.38,0.61,0.53,2024-10-15,845,N,VIIRS,n,2,303.48,3.81,D,0
30.95779,74.19141,331.05,0.33,0.55,2024-10-15,845,N,VIIRS,l,2,305.66,3.91,D,0
30.95808,74.19493,335.35,0.33,0.55,2024-10-15,845,N,VIIRS,n,2,304.93,3.09,D,0
30.95907,74.19155,353.91,0.33,0.55,2024-10-15,845,N,VIIRS,n,2,306.26,4.36,D,0
30.95933,74.19508,334.61,0.33,0.55,2024-10-15,845,N,VIIRS,n,2,303.36,5.09,D,0
30.96324,74.19441,333.29,0.33,0.55,2024-10-15,845,N,VIIRS,n,2,302.21,3.09,D,0
30.9862,74.20663,367,0.33,0.55,2024-10-15,845,N,VIIRS,h,2,306.61,7.66,D,0
30.99545,74.19143,332.75,0.33,0.55,2024-10-15,845,N,VIIRS,l,2,304.03,2.16,D,0
31.00394,74.51524,336.49,0.35,0.56,2024-10-15,845,N,VIIRS,n,2,303.32,2,D,0
31.02531,70.77618,343.16,0.42,0.45,2024-10-15,845,N,VIIRS,n,2,310.91,2.69,D,0
31.03096,74.31383,330.65,0.34,0.56,2024-10-15,845,N,VIIRS,l,2,303.21,1.32,D,0
31.03179,74.32463,335.48,0.34,0.56,2024-10-15,845,N,VIIRS,n,2,304.14,1.88,D,0
31.04667,74.24719,341.48,0.33,0.56,2024-10-15,845,N,VIIRS,n,2,306.33,2.35,D,0
31.06964,74.33912,338.18,0.34,0.56,2024-10-15,845,N,VIIRS,n,2,304.55,2.04,D,0
31.07284,74.31335,341.67,0.34,0.56,2024-10-15,845,N,VIIRS,n,2,303.75,3.11,D,0
31.07363,74.31266,338.53,0.34,0.56,2024-10-15,845,N,VIIRS,n,2,303.25,3.42,D,0
31.07487,74.27328,336.09,0.34,0.56,2024-10-15,845,N,VIIRS,n,2,303.81,1.78,D,0
31.07592,74.27255,336.55,0.34,0.56,2024-10-15,845,N,VIIRS,n,2,303.12,1.55,D,0
31.07718,74.30203,342.62,0.34,0.56,2024-10-15,845,N,VIIRS,n,2,305.83,3.91,D,0
31.07747,74.30563,340.88,0.34,0.56,2024-10-15,845,N,VIIRS,n,2,304.99,5.2,D,0
31.07803,74.30132,337.63,0.34,0.56,2024-10-15,845,N,VIIRS,n,2,305.97,3.62,D,0
31.0783,74.30492,347.33,0.34,0.56,2024-10-15,845,N,VIIRS,n,2,305.13,5.61,D,0
31.10405,74.0944,332.66,0.33,0.55,2024-10-15,845,N,VIIRS,n,2,302.66,1.89,D,0
31.10432,74.09791,331.44,0.33,0.55,2024-10-15,845,N,VIIRS,n,2,302.55,1.89,D,0
31.1944,74.24116,335.64,0.34,0.56,2024-10-15,845,N,VIIRS,n,2,302.31,2.05,D,0
31.27003,74.33935,337.34,0.34,0.56,2024-10-15,845,N,VIIRS,n,2,301.78,2.73,D,0
31.27744,75.17949,367,0.38,0.59,2024-10-15,845,N,VIIRS,h,2,303.34,7.93,D,0
31.36022,74.85262,333.25,0.37,0.58,2024-10-15,845,N,VIIRS,n,2,299.15,1.89,D,0
31.40791,75.14329,342.03,0.38,0.59,2024-10-15,845,N,VIIRS,n,2,302.91,3.32,D,0
31.41195,75.12226,332.73,0.38,0.59,2024-10-15,845,N,VIIRS,n,2,301.62,3.36,D,0
31.41224,75.12635,342.13,0.38,0.59,2024-10-15,845,N,VIIRS,n,2,301.9,3.36,D,0
31.42752,72.49859,367,0.53,0.5,2024-10-15,845,N,VIIRS,h,2,308.52,13.57,D,0
31.42759,72.34526,336.67,0.52,0.5,2024-10-15,845,N,VIIRS,n,2,304.72,3.83,D,0
31.43013,75.14539,334.88,0.38,0.59,2024-10-15,845,N,VIIRS,n,2,301.65,2.55,D,0
31.43162,75.24527,356.97,0.39,0.59,2024-10-15,845,N,VIIRS,n,2,301.8,7.77,D,0
31.43357,75.11623,334.56,0.38,0.59,2024-10-15,845,N,VIIRS,n,2,301.52,3.9,D,0
31.45101,74.8058,349.46,0.36,0.58,2024-10-15,845,N,VIIRS,n,2,302.67,5.25,D,0
31.4658,75.18517,367,0.38,0.59,2024-10-15,845,N,VIIRS,h,2,304.2,8.47,D,0
31.46604,75.18369,354.08,0.38,0.59,2024-10-15,845,N,VIIRS,n,2,302.65,4.43,D,0
31.46634,75.18783,332.25,0.38,0.59,2024-10-15,845,N,VIIRS,n,2,300.96,4.43,D,0
31.46881,74.82787,335.93,0.37,0.58,2024-10-15,845,N,VIIRS,n,2,302.76,2.89,D,0
31.4793,74.82292,331.59,0.37,0.58,2024-10-15,845,N,VIIRS,n,2,301.44,4.62,D,0
31.4889,74.30674,332.98,0.34,0.56,2024-10-15,845,N,VIIRS,l,2,304.59,2.2,D,0
31.52968,74.7316,335.04,0.36,0.57,2024-10-15,845,N,VIIRS,n,2,300.59,2.5,D,0
31.5321,74.73153,335.27,0.36,0.57,2024-10-15,845,N,VIIRS,n,2,300.43,2.86,D,0
31.53287,74.62254,331.38,0.36,0.57,2024-10-15,845,N,VIIRS,n,2,301.11,1.26,D,0
31.53458,74.62268,331.07,0.36,0.57,2024-10-15,845,N,VIIRS,n,2,300.95,1.43,D,0
31.5834,75.20433,334.23,0.39,0.59,2024-10-15,845,N,VIIRS,n,2,300.94,1.51,D,0
31.59367,74.03156,330.8,0.33,0.55,2024-10-15,845,N,VIIRS,l,2,300.8,1.59,D,0
31.59481,74.04568,334.55,0.33,0.55,2024-10-15,845,N,VIIRS,n,2,302.81,1.18,D,0
31.59832,75.26189,336.54,0.39,0.59,2024-10-15,845,N,VIIRS,n,2,301.79,2.02,D,0
31.68565,75.23744,334.23,0.39,0.59,2024-10-15,845,N,VIIRS,n,2,301.82,3.52,D,0
31.34661,70.6277,336.27,0.42,0.45,2024-10-15,846,N,VIIRS,l,2,307.81,3.32,D,0
31.57064,72.75446,338.01,0.55,0.51,2024-10-15,846,N,VIIRS,n,2,303.76,4.67,D,0
31.59541,74.03342,336.31,0.33,0.55,2024-10-15,846,N,VIIRS,n,2,302.57,2.81,D,0
31.5962,74.04404,334.31,0.33,0.55,2024-10-15,846,N,VIIRS,n,2,302.66,1.8,D,0
31.60588,70.74138,335.04,0.42,0.46,2024-10-15,846,N,VIIRS,n,2,305.46,2.71,D,0
31.62604,73.63661,331.37,0.62,0.54,2024-10-15,846,N,VIIRS,n,2,302.75,2.93,D,0
31.63145,70.65564,347.6,0.42,0.45,2024-10-15,846,N,VIIRS,n,2,313.51,34.04,D,0
31.67973,74.18359,367,0.34,0.56,2024-10-15,846,N,VIIRS,h,2,303.49,6.64,D,0
31.68474,75.23706,334.94,0.39,0.59,2024-10-15,846,N,VIIRS,n,2,301.82,3.54,D,0
31.68501,75.24126,336.5,0.39,0.59,2024-10-15,846,N,VIIRS,n,2,301.5,4.76,D,0
31.69433,73.87414,345.08,0.32,0.55,2024-10-15,846,N,VIIRS,n,2,304.53,4.14,D,0
31.72168,73.76364,330.14,0.32,0.54,2024-10-15,846,N,VIIRS,l,2,302.15,0.77,D,0
31.73006,74.35913,347.76,0.35,0.56,2024-10-15,846,N,VIIRS,n,2,303.33,3.88,D,0
31.73652,73.95427,331.07,0.33,0.55,2024-10-15,846,N,VIIRS,n,2,303.13,1.36,D,0
31.74416,72.32785,330.19,0.52,0.5,2024-10-15,846,N,VIIRS,l,2,304.65,1.99,D,0
31.75486,75.12616,338.02,0.38,0.59,2024-10-15,846,N,VIIRS,n,2,301.15,2.63,D,0
31.76517,74.19276,331.63,0.34,0.56,2024-10-15,846,N,VIIRS,n,2,302.93,1.85,D,0
31.766,70.80831,335.61,0.43,0.46,2024-10-15,846,N,VIIRS,n,2,307.35,2.78,D,0
31.783,74.22035,337.82,0.34,0.56,2024-10-15,846,N,VIIRS,n,2,302.25,2.26,D,0
31.78848,74.08853,335.66,0.33,0.55,2024-10-15,846,N,VIIRS,n,2,301.74,2.46,D,0
31.78876,74.09211,331.64,0.33,0.56,2024-10-15,846,N,VIIRS,n,2,302.01,3.68,D,0
31.79759,70.78076,333.87,0.43,0.46,2024-10-15,846,N,VIIRS,l,2,307.79,2.94,D,0
31.81786,74.1204,336.99,0.33,0.56,2024-10-15,846,N,VIIRS,n,2,302.38,1.95,D,0
31.82025,74.01196,340.88,0.33,0.55,2024-10-15,846,N,VIIRS,n,2,303.2,3.79,D,0
31.82567,74.01501,340.2,0.33,0.55,2024-10-15,846,N,VIIRS,n,2,302.07,4.41,D,0
31.82793,70.83411,336.52,0.43,0.46,2024-10-15,846,N,VIIRS,n,2,305.12,2.32,D,0
31.82921,70.83707,332.88,0.43,0.46,2024-10-15,846,N,VIIRS,l,2,304.69,2.24,D,0
31.84897,73.98044,344.93,0.33,0.55,2024-10-15,846,N,VIIRS,n,2,302.85,2.15,D,0
31.85241,73.89148,347.45,0.32,0.55,2024-10-15,846,N,VIIRS,n,2,302.8,3.71,D,0
31.85748,74.52413,335.62,0.35,0.57,2024-10-15,846,N,VIIRS,n,2,300.08,2.73,D,0
31.8766,74.41921,335.49,0.35,0.57,2024-10-15,846,N,VIIRS,n,2,302.13,1.7,D,0
31.88298,74.43379,344.75,0.35,0.57,2024-10-15,846,N,VIIRS,n,2,301.51,2.89,D,0
31.89742,74.04849,331.49,0.33,0.55,2024-10-15,846,N,VIIRS,n,2,301.68,1.19,D,0
31.90658,71.79336,341.66,0.49,0.49,2024-10-15,846,N,VIIRS,n,2,307.71,3.48,D,0
31.91231,74.69028,333.88,0.36,0.58,2024-10-15,846,N,VIIRS,n,2,299.95,2.01,D,0
31.9372,70.93263,344.52,0.44,0.46,2024-10-15,846,N,VIIRS,n,2,309.86,5.92,D,0
31.94682,74.29713,340.53,0.34,0.56,2024-10-15,846,N,VIIRS,n,2,302.49,3.22,D,0
31.95046,70.89288,333.5,0.44,0.46,2024-10-15,846,N,VIIRS,n,2,308.03,2.76,D,0
31.95446,70.86509,336.18,0.44,0.46,2024-10-15,846,N,VIIRS,n,2,306.83,2.12,D,0
31.99044,74.31539,342.41,0.34,0.56,2024-10-15,846,N,VIIRS,n,2,302.43,3.07,D,0
32.03281,74.45545,334.9,0.35,0.57,2024-10-15,846,N,VIIRS,n,2,301.31,2.2,D,0
32.0882,74.81901,339.35,0.37,0.58,2024-10-15,846,N,VIIRS,n,2,303.28,2.59,D,0
32.09362,74.8185,330.54,0.37,0.58,2024-10-15,846,N,VIIRS,n,2,301.05,2.59,D,0
32.13564,74.28855,341.49,0.35,0.56,2024-10-15,846,N,VIIRS,n,2,301.58,2.34,D,0
32.13587,74.28893,343.02,0.34,0.56,2024-10-15,846,N,VIIRS,n,2,301.43,2.17,D,0
32.18445,73.75779,340.63,0.32,0.55,2024-10-15,846,N,VIIRS,n,2,302.51,2.61,D,0
32.20766,73.8278,333.02,0.32,0.55,2024-10-15,846,N,VIIRS,n,2,302.32,1.32,D,0
32.20769,73.97079,348.19,0.33,0.55,2024-10-15,846,N,VIIRS,n,2,306.32,6.62,D,0
32.21072,73.82905,330.21,0.32,0.55,2024-10-15,846,N,VIIRS,n,2,301.4,1.54,D,0
32.21142,73.96822,367,0.33,0.55,2024-10-15,846,N,VIIRS,h,2,305.97,10.49,D,0
32.2117,73.97178,367,0.33,0.55,2024-10-15,846,N,VIIRS,h,2,305.88,10.49,D,0
32.21259,73.9667,349.92,0.33,0.55,2024-10-15,846,N,VIIRS,n,2,303.2,6.62,D,0
32.21285,73.97028,367,0.33,0.55,2024-10-15,846,N,VIIRS,h,2,303.56,6.62,D,0
32.22619,75.23168,335.95,0.39,0.6,2024-10-15,846,N,VIIRS,n,2,300.35,1.7,D,0
32.23506,73.98971,335.59,0.33,0.55,2024-10-15,846,N,VIIRS,n,2,302.16,1.51,D,0
32.25612,73.78757,331.54,0.32,0.55,2024-10-15,846,N,VIIRS,n,2,301.06,2.65,D,0
32.25776,74.43291,337.45,0.35,0.57,2024-10-15,846,N,VIIRS,n,2,300.01,1.98,D,0
32.2697,73.31407,338.04,0.61,0.53,2024-10-15,846,N,VIIRS,n,2,302.27,3.17,D,0
32.28727,73.99179,333.31,0.33,0.55,2024-10-15,846,N,VIIRS,n,2,300.93,0.93,D,0
32.30359,74.73435,332.84,0.37,0.58,2024-10-15,846,N,VIIRS,n,2,300.42,2.94,D,0
32.30386,74.73834,333.77,0.37,0.58,2024-10-15,846,N,VIIRS,n,2,301.95,2.94,D,0
32.30742,75.12605,332.16,0.39,0.59,2024-10-15,846,N,VIIRS,n,2,300.92,2.01,D,0
32.30827,75.12627,333.05,0.39,0.59,2024-10-15,846,N,VIIRS,n,2,300.84,1.13,D,0
32.31254,74.78589,333.23,0.37,0.58,2024-10-15,846,N,VIIRS,n,2,299.96,1.54,D,0
32.34666,73.3991,331.28,0.61,0.54,2024-10-15,846,N,VIIRS,n,2,301.02,2.63,D,0
32.36509,74.33133,337.55,0.35,0.57,2024-10-15,846,N,VIIRS,n,2,300.36,2.79,D,0
32.37567,73.96963,336.41,0.33,0.55,2024-10-15,846,N,VIIRS,n,2,302.03,1.9,D,0
32.39439,74.52166,343.99,0.36,0.57,2024-10-15,846,N,VIIRS,n,2,302.61,3.61,D,0
32.39547,74.53726,330.59,0.36,0.57,2024-10-15,846,N,VIIRS,n,2,302.26,2.06,D,0
32.44999,74.25875,331.51,0.35,0.56,2024-10-15,846,N,VIIRS,n,2,300,1.62,D,0
32.45584,73.44638,337.38,0.62,0.54,2024-10-15,846,N,VIIRS,n,2,300.65,5.89,D,0
32.4829,73.72519,337.01,0.32,0.55,2024-10-15,846,N,VIIRS,n,2,300.37,2.93,D,0
32.48317,73.72869,349.94,0.32,0.55,2024-10-15,846,N,VIIRS,n,2,302.14,2.93,D,0
32.50068,74.02538,347.64,0.34,0.56,2024-10-15,846,N,VIIRS,n,2,301.77,3.74,D,0
32.83467,72.34398,342.86,0.54,0.51,2024-10-15,846,N,VIIRS,n,2,305.47,4.22,D,0
32.83603,72.34184,335.1,0.54,0.51,2024-10-15,846,N,VIIRS,n,2,304.89,6.43,D,0
33.27074,75.06927,347.34,0.39,0.6,2024-10-15,846,N,VIIRS,n,2,306.48,10.18,D,0
33.27095,75.07265,330.69,0.39,0.6,2024-10-15,846,N,VIIRS,l,2,305.46,8.77,D,0
33.50854,70.49766,330.61,0.43,0.46,2024-10-15,846,N,VIIRS,n,2,305.56,1.86,D,0
33.51158,70.49522,332.54,0.43,0.46,2024-10-15,846,N,VIIRS,n,2,304.87,2.71,D,0
33.54561,71.55231,302.99,0.4,0.37,2024-10-15,2108,N,VIIRS,n,2,292.32,0.27,N,2
33.68845,72.71439,302.41,0.43,0.38,2024-10-15,2108,N,VIIRS,n,2,291.61,0.93,N,2
30.61853,73.75901,308.64,0.52,0.42,2024-10-15,2109,N,VIIRS,n,2,292.05,1.63,N,0
30.81838,73.18843,315.38,0.49,0.4,2024-10-15,2109,N,VIIRS,n,2,291.69,1.51,N,0
31.65187,74.17384,306.09,0.53,0.42,2024-10-15,2109,N,VIIRS,n,2,292.29,1.57,N,0
31.65565,74.17485,315.66,0.53,0.42,2024-10-15,2109,N,VIIRS,n,2,293.22,1.85,N,0
32.08778,74.1662,305.25,0.52,0.41,2024-10-15,2109,N,VIIRS,n,2,293.08,1.15,N,2
32.13282,74.17841,305.83,0.52,0.41,2024-10-15,2109,N,VIIRS,n,2,294.11,0.67,N,0
32.28929,70.73832,310.88,0.39,0.36,2024-10-15,2109,N,VIIRS,n,2,296.61,1.67,N,2
32.29401,70.73083,314.95,0.39,0.36,2024-10-15,2109,N,VIIRS,n,2,296.5,1.81,N,2
32.7189,72.77559,304.22,0.44,0.39,2024-10-15,2109,N,VIIRS,n,2,291.29,1.04,N,2
32.72106,72.92428,304.38,0.45,0.39,2024-10-15,2109,N,VIIRS,n,2,290.89,1.23,N,2
32.72602,72.81685,309.16,0.44,0.39,2024-10-15,2109,N,VIIRS,n,2,292.2,1.17,N,0
29.57472,70.36423,299.22,0.4,0.37,2024-10-15,2110,N,VIIRS,n,2,279.69,0.89,N,0