latitude,longitude,bright_ti4,scan,track,acq_date,acq_time,satellite,instrument,confidence,version,bright_ti5,frp,daynight,type
31.56032,75.08054,307.33,0.43,0.38,2024-11-06,2056,N,VIIRS,n,2,290.69,0.79,N,0
31.56074,75.08363,308.83,0.43,0.38,2024-11-06,2056,N,VIIRS,n,2,290.93,0.9,N,0
31.60762,74.40685,303.09,0.41,0.37,2024-11-06,2056,N,VIIRS,n,2,292.64,1.02,N,0
31.65467,74.17554,317.11,0.4,0.37,2024-11-06,2056,N,VIIRS,n,2,292.3,2,N,2
31.82845,75.35104,300.11,0.43,0.38,2024-11-06,2056,N,VIIRS,n,2,289.59,0.41,N,0
32.08533,74.1655,307.18,0.4,0.37,2024-11-06,2056,N,VIIRS,n,2,291.61,0.87,N,2
32.08605,74.16132,309.11,0.4,0.37,2024-11-06,2056,N,VIIRS,n,2,291.79,0.86,N,2
32.08868,74.1663,301.68,0.4,0.37,2024-11-06,2056,N,VIIRS,n,2,291.56,0.54,N,2
32.0894,74.1621,302.83,0.4,0.37,2024-11-06,2056,N,VIIRS,n,2,291.86,0.54,N,2
32.27237,75.08807,299.57,0.42,0.38,2024-11-06,2056,N,VIIRS,n,2,289,0.48,N,0
32.28964,70.73724,306.91,0.4,0.37,2024-11-06,2056,N,VIIRS,n,2,295.4,1.04,N,2
32.29424,70.72933,311.14,0.4,0.37,2024-11-06,2056,N,VIIRS,n,2,292.9,1.05,N,2
32.48296,69.85278,315.05,0.43,0.38,2024-11-06,2056,N,VIIRS,n,2,286.77,1.47,N,0
32.48581,69.85797,303.56,0.43,0.38,2024-11-06,2056,N,VIIRS,n,2,286.49,0.6,N,0
32.48703,69.84898,302.69,0.43,0.38,2024-11-06,2056,N,VIIRS,n,2,285.92,1.13,N,0
32.71889,72.77396,305.05,0.38,0.36,2024-11-06,2056,N,VIIRS,n,2,289.48,0.73,N,2
32.72196,72.92624,302.03,0.38,0.36,2024-11-06,2056,N,VIIRS,n,2,290.02,0.97,N,2
32.72561,72.81755,309.7,0.38,0.36,2024-11-06,2056,N,VIIRS,n,2,291.06,1.38,N,2
32.88877,71.61718,311.26,0.39,0.36,2024-11-06,2056,N,VIIRS,n,2,294.13,1.08,N,2
33.5458,71.55211,301.69,0.39,0.36,2024-11-06,2056,N,VIIRS,n,2,288.69,0.32,N,2
33.62955,75.4571,296.28,0.42,0.38,2024-11-06,2056,N,VIIRS,n,2,281.52,1.06,N,0
33.68903,72.71171,313.17,0.38,0.36,2024-11-06,2056,N,VIIRS,n,2,291.83,1.53,N,2
33.77686,73.71276,297.11,0.39,0.36,2024-11-06,2056,N,VIIRS,n,2,286.02,0.31,N,0
33.8898,72.83866,298.35,0.38,0.36,2024-11-06,2056,N,VIIRS,n,2,288.06,0.46,N,0
33.90453,71.91665,306.79,0.39,0.36,2024-11-06,2056,N,VIIRS,n,2,291.45,0.73,N,2
33.95673,73.29509,296.69,0.38,0.36,2024-11-06,2056,N,VIIRS,n,2,284.93,0.32,N,0
34.0132,73.43205,309.24,0.38,0.36,2024-11-06,2056,N,VIIRS,n,2,285.71,0.92,N,0
34.01582,73.4369,309.29,0.38,0.36,2024-11-06,2056,N,VIIRS,n,2,285.95,0.75,N,0
34.01648,73.43273,305.68,0.38,0.36,2024-11-06,2056,N,VIIRS,n,2,287.12,0.92,N,0
34.01887,73.43562,309.82,0.38,0.36,2024-11-06,2056,N,VIIRS,n,2,287.07,0.72,N,0
34.03134,73.98856,302.7,0.39,0.36,2024-11-06,2056,N,VIIRS,n,2,284.38,0.6,N,0
28.42507,69.69909,312.07,0.4,0.37,2024-11-06,2057,N,VIIRS,n,2,294.36,1.08,N,2
29.32868,70.25087,301.74,0.4,0.37,2024-11-06,2057,N,VIIRS,n,2,291.49,0.51,N,0
29.4262,69.91148,307.57,0.4,0.37,2024-11-06,2057,N,VIIRS,n,2,294.65,0.52,N,0
29.51897,75.2638,302.33,0.46,0.39,2024-11-06,2057,N,VIIRS,n,2,290.09,0.6,N,0
29.53121,75.23755,300.98,0.46,0.39,2024-11-06,2057,N,VIIRS,n,2,290.34,0.86,N,0
29.58644,75.12722,305.38,0.45,0.39,2024-11-06,2057,N,VIIRS,n,2,290.72,0.92,N,0
29.5877,75.13028,306.53,0.45,0.39,2024-11-06,2057,N,VIIRS,n,2,290.7,1.07,N,0
31.11626,75.18489,308.92,0.44,0.38,2024-11-06,2057,N,VIIRS,n,2,290.46,0.99,N,0
31.16117,72.02355,306.44,0.38,0.36,2024-11-06,2057,N,VIIRS,n,2,291.32,0.63,N,0
31.20847,73.5961,305.52,0.39,0.37,2024-11-06,2057,N,VIIRS,n,2,290.09,0.68,N,0
27.9617,69.64527,306.2,0.4,0.37,2024-11-06,2058,N,VIIRS,n,2,293.21,0.56,N,0
27.89704,69.60926,336.46,0.46,0.39,2024-11-07,813,N,VIIRS,n,2,308.04,2.5,D,0
28.19411,72.66253,334.25,0.38,0.36,2024-11-07,813,N,VIIRS,l,2,308.86,0.48,D,0
29.15494,75.42593,337.56,0.43,0.38,2024-11-07,813,N,VIIRS,n,2,306.95,3.05,D,0
29.15578,75.42745,336.05,0.43,0.38,2024-11-07,813,N,VIIRS,n,2,307.24,3.21,D,0
29.20513,75.39658,335.7,0.43,0.38,2024-11-07,813,N,VIIRS,n,2,304.54,2.93,D,0
28.37689,69.49484,330.43,0.46,0.39,2024-11-07,814,N,VIIRS,n,2,305.42,2.24,D,0
28.73305,70.27825,331.04,0.43,0.38,2024-11-07,814,N,VIIRS,n,2,303.05,2.25,D,0
28.94451,70.50454,333.42,0.42,0.37,2024-11-07,814,N,VIIRS,n,2,302.43,2.2,D,0
28.97024,71.01495,331.97,0.4,0.37,2024-11-07,814,N,VIIRS,n,2,302.68,1.61,D,0
29.0209,71.36363,334.71,0.4,0.37,2024-11-07,814,N,VIIRS,n,2,306.17,2.16,D,0
29.13296,71.04457,336.2,0.4,0.37,2024-11-07,814,N,VIIRS,n,2,304.58,2.79,D,0
29.15133,73.444,339.66,0.39,0.36,2024-11-07,814,N,VIIRS,n,2,307.42,4.23,D,0
29.1525,73.45193,337.77,0.39,0.36,2024-11-07,814,N,VIIRS,n,2,308.37,2.19,D,0
29.17152,72.17439,338.28,0.39,0.36,2024-11-07,814,N,VIIRS,n,2,309.61,2.73,D,0
29.18332,73.49906,339.08,0.39,0.36,2024-11-07,814,N,VIIRS,n,2,310.17,3.78,D,0
29.18391,73.50304,335.38,0.39,0.36,2024-11-07,814,N,VIIRS,l,2,308.14,4.05,D,0
29.20325,73.49528,335.76,0.39,0.36,2024-11-07,814,N,VIIRS,n,2,306.84,2.89,D,0
29.20383,73.49924,334.82,0.39,0.36,2024-11-07,814,N,VIIRS,l,2,306.27,3.48,D,0
29.20598,73.49067,348.05,0.39,0.36,2024-11-07,814,N,VIIRS,n,2,312.2,8.8,D,0
29.2093,73.49004,343.36,0.39,0.36,2024-11-07,814,N,VIIRS,n,2,305.28,8.8,D,0
29.20959,73.1973,331.23,0.39,0.36,2024-11-07,814,N,VIIRS,n,2,305.46,1.41,D,0
29.21183,73.53038,346.54,0.39,0.36,2024-11-07,814,N,VIIRS,n,2,308.15,10.33,D,0
29.21515,73.52975,341.92,0.39,0.36,2024-11-07,814,N,VIIRS,n,2,306.71,10.33,D,0
29.21882,73.53762,332.39,0.39,0.36,2024-11-07,814,N,VIIRS,l,2,306.29,1.26,D,0
29.22973,73.10406,334.01,0.38,0.36,2024-11-07,814,N,VIIRS,n,2,304.6,2.72,D,0
29.24236,70.24303,334.21,0.42,0.38,2024-11-07,814,N,VIIRS,n,2,305.92,1.22,D,0
29.27413,70.30296,334.41,0.42,0.38,2024-11-07,814,N,VIIRS,n,2,304.05,3.98,D,0
29.27839,73.57129,335.36,0.39,0.36,2024-11-07,814,N,VIIRS,n,2,306.44,5.84,D,0
29.28354,74.29016,335.34,0.4,0.37,2024-11-07,814,N,VIIRS,n,2,308.14,4.13,D,0
29.28691,74.28954,334.48,0.4,0.37,2024-11-07,814,N,VIIRS,n,2,306.56,2.8,D,0
29.2928,74.58022,335.94,0.4,0.37,2024-11-07,814,N,VIIRS,n,2,305.39,4.34,D,0
29.33295,71.31986,333.98,0.4,0.37,2024-11-07,814,N,VIIRS,l,2,304.73,5.22,D,0
29.33695,73.69146,336.62,0.39,0.36,2024-11-07,814,N,VIIRS,n,2,305.36,2.31,D,0
29.34028,73.69083,335.89,0.39,0.36,2024-11-07,814,N,VIIRS,n,2,304.27,2.31,D,0
29.34468,74.25024,347.78,0.4,0.37,2024-11-07,814,N,VIIRS,n,2,307.85,5.02,D,0
29.35709,75.29999,331.73,0.42,0.38,2024-11-07,814,N,VIIRS,l,2,304.65,1.93,D,0
29.35757,75.2963,335.07,0.42,0.38,2024-11-07,814,N,VIIRS,n,2,304.76,2.2,D,0
29.38822,73.67849,346.24,0.39,0.36,2024-11-07,814,N,VIIRS,n,2,309.93,12.52,D,0
29.39373,73.66923,344.52,0.39,0.36,2024-11-07,814,N,VIIRS,n,2,308.55,5.89,D,0
29.3984,74.56197,331.3,0.4,0.37,2024-11-07,814,N,VIIRS,n,2,305.82,1.06,D,0
29.40459,74.20987,348.14,0.4,0.37,2024-11-07,814,N,VIIRS,n,2,306.13,5.89,D,0
29.40498,73.60547,341.23,0.39,0.36,2024-11-07,814,N,VIIRS,n,2,307.83,2.78,D,0
29.41599,73.99163,330.77,0.39,0.36,2024-11-07,814,N,VIIRS,n,2,303.89,1.25,D,0
29.41706,74.37175,330.06,0.4,0.37,2024-11-07,814,N,VIIRS,l,2,304.36,0.82,D,0
29.42881,73.76971,335.35,0.39,0.36,2024-11-07,814,N,VIIRS,n,2,308.87,2.3,D,0
29.42908,70.44668,333.53,0.41,0.37,2024-11-07,814,N,VIIRS,n,2,304.97,2.72,D,0
29.43067,74.39466,343.88,0.4,0.37,2024-11-07,814,N,VIIRS,n,2,305.2,5.54,D,0
29.43688,74.04186,334.14,0.39,0.37,2024-11-07,814,N,VIIRS,n,2,303,1.98,D,0
29.45481,74.4168,338.55,0.4,0.37,2024-11-07,814,N,VIIRS,n,2,305.19,3.05,D,0
29.46891,74.07349,342.67,0.4,0.37,2024-11-07,814,N,VIIRS,n,2,306.98,6.16,D,0
29.47226,74.07286,344.56,0.4,0.37,2024-11-07,814,N,VIIRS,n,2,304.99,8.67,D,0
29.48208,74.51392,337.53,0.4,0.37,2024-11-07,814,N,VIIRS,n,2,305.01,3.44,D,0
29.50533,70.52712,331.46,0.41,0.37,2024-11-07,814,N,VIIRS,n,2,304.59,2.27,D,0
29.51728,74.56739,339.69,0.4,0.37,2024-11-07,814,N,VIIRS,n,2,305.15,3.5,D,0
29.52603,70.39951,335.77,0.42,0.37,2024-11-07,814,N,VIIRS,n,2,305.56,2.93,D,0
29.53202,74.5733,344.08,0.41,0.37,2024-11-07,814,N,VIIRS,n,2,305.59,6.3,D,0
29.53491,74.59421,338.65,0.41,0.37,2024-11-07,814,N,VIIRS,n,2,303.25,3.26,D,0
29.53925,74.52496,335.93,0.4,0.37,2024-11-07,814,N,VIIRS,n,2,305.79,2.85,D,0
29.55225,74.51833,333.73,0.4,0.37,2024-11-07,814,N,VIIRS,n,2,304.46,3.49,D,0
29.55255,74.4458,333.9,0.4,0.37,2024-11-07,814,N,VIIRS,n,2,305.2,3.3,D,0
29.55313,74.44994,336.43,0.4,0.37,2024-11-07,814,N,VIIRS,n,2,308.23,6.36,D,0
29.57623,74.41242,334.19,0.4,0.37,2024-11-07,814,N,VIIRS,n,2,306.28,3.12,D,0
29.5768,74.41658,333.27,0.4,0.37,2024-11-07,814,N,VIIRS,n,2,305.3,3.12,D,0
29.58083,74.09933,331.55,0.4,0.37,2024-11-07,814,N,VIIRS,n,2,304.35,3.34,D,0
29.58141,74.10342,334.67,0.4,0.37,2024-11-07,814,N,VIIRS,n,2,305.08,3.34,D,0
29.59624,74.15943,339.94,0.4,0.37,2024-11-07,814,N,VIIRS,n,2,304.02,2.77,D,0
29.59723,74.46397,338.43,0.4,0.37,2024-11-07,814,N,VIIRS,n,2,305.56,7.42,D,0
29.61028,74.48293,338.52,0.4,0.37,2024-11-07,814,N,VIIRS,n,2,304.94,3.35,D,0
29.62214,71.59393,332.54,0.39,0.36,2024-11-07,814,N,VIIRS,l,2,305.07,2.37,D,0
29.6249,74.16677,330.07,0.4,0.37,2024-11-07,814,N,VIIRS,n,2,303.81,1.26,D,0
29.63211,71.59184,332.88,0.39,0.36,2024-11-07,814,N,VIIRS,n,2,305.45,2.22,D,0
29.63276,71.59586,345.65,0.39,0.36,2024-11-07,814,N,VIIRS,n,2,309.07,10.76,D,0
29.63544,71.59114,337.93,0.39,0.36,2024-11-07,814,N,VIIRS,n,2,304.13,2.22,D,0
29.63757,74.20277,332.98,0.4,0.37,2024-11-07,814,N,VIIRS,n,2,303.84,1.63,D,0
29.63877,71.59044,332.16,0.39,0.36,2024-11-07,814,N,VIIRS,n,2,304.91,2.27,D,0
29.63971,75.20998,332.52,0.42,0.38,2024-11-07,814,N,VIIRS,n,2,302.05,2.88,D,0
29.6421,71.58974,333.56,0.39,0.36,2024-11-07,814,N,VIIRS,n,2,304.98,2.27,D,0
29.65361,72.37581,330.65,0.38,0.36,2024-11-07,814,N,VIIRS,l,2,302.98,1.14,D,0
29.65422,72.37976,337.54,0.38,0.36,2024-11-07,814,N,VIIRS,n,2,304.1,3.14,D,0
29.65832,74.65457,339.51,0.41,0.37,2024-11-07,814,N,VIIRS,n,2,306.13,2.86,D,0
29.67184,75.34374,332.88,0.43,0.38,2024-11-07,814,N,VIIRS,n,2,300.82,1.93,D,0
29.67707,75.26742,333.19,0.43,0.38,2024-11-07,814,N,VIIRS,n,2,302.64,5.8,D,0
29.7049,75.26259,333.94,0.43,0.38,2024-11-07,814,N,VIIRS,n,2,300.48,3.04,D,0
29.77311,71.29139,331.98,0.39,0.37,2024-11-07,814,N,VIIRS,n,2,302.75,3.41,D,0
29.78694,75.23138,333.19,0.42,0.38,2024-11-07,814,N,VIIRS,n,2,302.41,2.44,D,0
29.82634,75.39665,332.2,0.43,0.38,2024-11-07,814,N,VIIRS,n,2,302.78,1.89,D,0
29.82712,72.84698,334.19,0.38,0.36,2024-11-07,814,N,VIIRS,n,2,304.99,1.64,D,0
29.83649,72.79614,341.55,0.38,0.36,2024-11-07,814,N,VIIRS,n,2,305.57,4.02,D,0
29.86219,72.92172,335.69,0.38,0.36,2024-11-07,814,N,VIIRS,n,2,305.18,2.97,D,0
29.86766,75.30319,344.04,0.43,0.38,2024-11-07,814,N,VIIRS,n,2,302.03,3.94,D,0
29.87258,72.79318,345.23,0.38,0.36,2024-11-07,814,N,VIIRS,n,2,306.2,7.74,D,0
29.8766,72.15535,339.23,0.39,0.36,2024-11-07,814,N,VIIRS,n,2,306.54,3.12,D,0
29.88852,75.2104,333.77,0.42,0.38,2024-11-07,814,N,VIIRS,n,2,301.51,1.83,D,0
29.90292,75.32101,333.26,0.43,0.38,2024-11-07,814,N,VIIRS,n,2,302.15,2.42,D,0
29.90637,74.41032,330.29,0.4,0.37,2024-11-07,814,N,VIIRS,n,2,304.18,1.28,D,0
29.91949,74.91076,332.65,0.42,0.37,2024-11-07,814,N,VIIRS,n,2,301.57,3.69,D,0
29.93936,74.47301,333.04,0.41,0.37,2024-11-07,814,N,VIIRS,l,2,303.32,1.97,D,0
29.94017,75.27826,342.28,0.43,0.38,2024-11-07,814,N,VIIRS,n,2,303.92,12.62,D,0
29.9452,74.54092,338.58,0.41,0.37,2024-11-07,814,N,VIIRS,n,2,302.85,7.07,D,0
29.94541,75.29096,344.69,0.43,0.38,2024-11-07,814,N,VIIRS,n,2,303.65,8.48,D,0
29.95846,73.02564,333.46,0.39,0.36,2024-11-07,814,N,VIIRS,n,2,303.07,3.07,D,0
29.96373,74.09422,331.51,0.4,0.37,2024-11-07,814,N,VIIRS,n,2,305.58,1.03,D,0
29.96721,73.01574,350.22,0.39,0.36,2024-11-07,814,N,VIIRS,n,2,310.66,13.13,D,0
29.96932,75.04394,340.73,0.42,0.38,2024-11-07,814,N,VIIRS,n,2,301.93,3.41,D,0
29.97079,75.04527,333.87,0.42,0.38,2024-11-07,814,N,VIIRS,n,2,300.56,4.39,D,0
29.97201,72.68795,347.19,0.38,0.36,2024-11-07,814,N,VIIRS,n,2,307.12,8.73,D,0
29.97261,72.69192,333.87,0.38,0.36,2024-11-07,814,N,VIIRS,n,2,304.7,4.01,D,0
29.97465,75.43197,336.06,0.43,0.38,2024-11-07,814,N,VIIRS,n,2,303.29,3.9,D,0
29.97816,75.43137,339.24,0.43,0.38,2024-11-07,814,N,VIIRS,n,2,301.48,3.9,D,0
29.98574,74.91823,333.45,0.42,0.37,2024-11-07,814,N,VIIRS,n,2,301.59,2.6,D,0
29.99364,74.81978,332.86,0.41,0.37,2024-11-07,814,N,VIIRS,n,2,302.75,3.78,D,0
30.00195,75.09346,332.73,0.42,0.38,2024-11-07,814,N,VIIRS,n,2,302.08,1.83,D,0
30.00304,74.68239,335.03,0.41,0.37,2024-11-07,814,N,VIIRS,n,2,302.94,5.98,D,0
30.01176,73.2244,347.21,0.39,0.36,2024-11-07,814,N,VIIRS,n,2,307.09,7.48,D,0
30.01371,74.63258,342.88,0.41,0.37,2024-11-07,814,N,VIIRS,n,2,302.41,4.55,D,0
30.03323,75.16889,338.75,0.42,0.38,2024-11-07,814,N,VIIRS,n,2,301.4,3.59,D,0
30.03451,74.88749,342.45,0.42,0.37,2024-11-07,814,N,VIIRS,n,2,301.03,6.56,D,0
30.03771,75.04246,334.02,0.42,0.38,2024-11-07,814,N,VIIRS,n,2,303.35,3.64,D,0
30.03922,73.71967,331.95,0.39,0.36,2024-11-07,814,N,VIIRS,n,2,304.73,1.79,D,0
30.0449,75.3393,334.56,0.43,0.38,2024-11-07,814,N,VIIRS,n,2,302.84,5.69,D,0
30.04604,75.23899,346.61,0.43,0.38,2024-11-07,814,N,VIIRS,n,2,304.14,6.08,D,0
30.04794,73.90207,340.87,0.39,0.37,2024-11-07,814,N,VIIRS,n,2,313.39,18.4,D,0
30.0513,73.90144,342.74,0.39,0.37,2024-11-07,814,N,VIIRS,n,2,302.08,18.4,D,0
30.05362,75.26945,335.35,0.43,0.38,2024-11-07,814,N,VIIRS,l,2,306.82,10.5,D,0
30.07575,74.52678,333.45,0.41,0.37,2024-11-07,814,N,VIIRS,n,2,301.02,2.83,D,0
30.08546,75.1869,330.66,0.43,0.38,2024-11-07,814,N,VIIRS,l,2,302.63,3.23,D,0
30.08824,73.00871,332.08,0.39,0.36,2024-11-07,814,N,VIIRS,n,2,303.77,1.83,D,0
30.1186,74.5841,334.53,0.41,0.37,2024-11-07,814,N,VIIRS,n,2,301.29,5.17,D,0
30.12132,74.58424,335.62,0.41,0.37,2024-11-07,814,N,VIIRS,n,2,299.8,3.98,D,0
30.12179,71.6608,334.02,0.39,0.36,2024-11-07,814,N,VIIRS,n,2,304.55,2.12,D,0
30.12249,69.38184,347.26,0.44,0.39,2024-11-07,814,N,VIIRS,n,2,313.9,14.54,D,0
30.12316,75.27688,333.84,0.43,0.38,2024-11-07,814,N,VIIRS,n,2,304.38,4.26,D,0
30.12661,75.33108,334.78,0.43,0.38,2024-11-07,814,N,VIIRS,n,2,302.34,3.78,D,0
30.12665,75.27628,334.74,0.43,0.38,2024-11-07,814,N,VIIRS,n,2,302.47,4.67,D,0
30.13514,74.96392,350.68,0.42,0.38,2024-11-07,814,N,VIIRS,n,2,306.36,21.55,D,0
30.14762,75.30002,339.08,0.43,0.38,2024-11-07,814,N,VIIRS,n,2,301.71,3.43,D,0
30.14899,73.17363,335.43,0.39,0.36,2024-11-07,814,N,VIIRS,n,2,303.69,4.53,D,0
30.16585,74.65473,337.07,0.41,0.37,2024-11-07,814,N,VIIRS,n,2,300.17,3.22,D,0
30.17944,70.69562,335,0.4,0.37,2024-11-07,814,N,VIIRS,n,2,301.04,2.38,D,0
30.18354,74.65593,338.03,0.41,0.37,2024-11-07,814,N,VIIRS,n,2,300.46,2.51,D,0
30.18928,73.53352,334.68,0.39,0.36,2024-11-07,814,N,VIIRS,n,2,303.34,2.67,D,0
30.19181,75.22855,334.8,0.43,0.38,2024-11-07,814,N,VIIRS,n,2,301.06,2.72,D,0
30.19557,75.39267,332.17,0.43,0.38,2024-11-07,814,N,VIIRS,n,2,303.03,4.18,D,0
30.19616,75.39718,332.49,0.43,0.38,2024-11-07,814,N,VIIRS,n,2,302.12,4.18,D,0
30.20427,71.80099,335.65,0.39,0.36,2024-11-07,814,N,VIIRS,n,2,303.5,2.26,D,0
30.20601,75.33572,335.61,0.43,0.38,2024-11-07,814,N,VIIRS,n,2,304.38,6.96,D,0
30.20951,75.33511,334.23,0.43,0.38,2024-11-07,814,N,VIIRS,n,2,300.49,6.96,D,0
30.22619,74.60894,352.79,0.41,0.37,2024-11-07,814,N,VIIRS,n,2,310.49,29.59,D,0
30.23762,75.33136,333.05,0.43,0.38,2024-11-07,814,N,VIIRS,n,2,301.96,3.1,D,0
30.24379,73.61501,330.99,0.39,0.36,2024-11-07,814,N,VIIRS,l,2,304.23,2.79,D,0
30.24771,73.61843,332.62,0.39,0.36,2024-11-07,814,N,VIIRS,n,2,300.99,3.76,D,0
30.24839,73.55164,334.91,0.39,0.36,2024-11-07,814,N,VIIRS,n,2,302.03,2.24,D,0
30.25046,75.34753,333.73,0.43,0.38,2024-11-07,814,N,VIIRS,n,2,302.9,4.35,D,0
30.25604,74.65259,332.4,0.41,0.37,2024-11-07,814,N,VIIRS,n,2,301.83,4.68,D,0
30.25965,72.63976,337.65,0.38,0.36,2024-11-07,814,N,VIIRS,n,2,303.12,3.21,D,0
30.26086,74.48169,345.95,0.41,0.37,2024-11-07,814,N,VIIRS,n,2,303.54,9.52,D,0
30.26355,73.34953,346.91,0.39,0.36,2024-11-07,814,N,VIIRS,n,2,302.95,5.67,D,0
30.26426,74.48107,335.11,0.41,0.37,2024-11-07,814,N,VIIRS,n,2,299.98,4.34,D,0
30.26542,74.48954,332.97,0.41,0.37,2024-11-07,814,N,VIIRS,n,2,300.85,2.6,D,0
30.26789,72.876,345.18,0.38,0.36,2024-11-07,814,N,VIIRS,n,2,303.24,5.42,D,0
30.26914,70.62447,334.68,0.4,0.37,2024-11-07,814,N,VIIRS,n,2,302.94,4.62,D,0
30.26974,75.44115,344.56,0.44,0.38,2024-11-07,814,N,VIIRS,n,2,301.32,6.27,D,0
30.27288,74.5186,332.28,0.41,0.37,2024-11-07,814,N,VIIRS,n,2,301.55,2.56,D,0
30.27716,70.60687,331.56,0.4,0.37,2024-11-07,814,N,VIIRS,n,2,301.56,1.57,D,0
30.27803,74.3532,332.58,0.4,0.37,2024-11-07,814,N,VIIRS,n,2,301.06,4.04,D,0
30.27909,74.85138,341.37,0.42,0.37,2024-11-07,814,N,VIIRS,n,2,301.91,5.57,D,0
30.28928,74.48521,338.31,0.41,0.37,2024-11-07,814,N,VIIRS,n,2,302.89,5.58,D,0
30.298,74.80811,332.5,0.42,0.37,2024-11-07,814,N,VIIRS,n,2,301.37,2.71,D,0
30.29967,74.53551,332.37,0.41,0.37,2024-11-07,814,N,VIIRS,n,2,301.56,3.96,D,0
30.30489,74.80688,334.94,0.42,0.37,2024-11-07,814,N,VIIRS,n,2,301.48,3.37,D,0
30.30923,74.5033,336.91,0.41,0.37,2024-11-07,814,N,VIIRS,n,2,301.34,5.14,D,0
30.31108,74.54217,334.55,0.41,0.37,2024-11-07,814,N,VIIRS,n,2,301.01,3.76,D,0
30.31152,73.42842,342.04,0.39,0.36,2024-11-07,814,N,VIIRS,n,2,303.41,5.18,D,0
30.31485,73.42779,335.4,0.39,0.36,2024-11-07,814,N,VIIRS,n,2,302.21,5.18,D,0
30.31489,74.49359,331.6,0.41,0.37,2024-11-07,814,N,VIIRS,l,2,302.5,5.53,D,0
30.31751,75.25797,333.39,0.43,0.38,2024-11-07,814,N,VIIRS,n,2,302.53,3.63,D,0
30.31765,75.25468,334.69,0.43,0.38,2024-11-07,814,N,VIIRS,n,2,301.21,3.35,D,0
30.32121,75.33993,341.43,0.43,0.38,2024-11-07,814,N,VIIRS,n,2,302.91,9.92,D,0
30.33396,74.18038,344.27,0.4,0.37,2024-11-07,814,N,VIIRS,n,2,301.61,3.27,D,0
30.34447,70.69569,332.23,0.4,0.37,2024-11-07,814,N,VIIRS,n,2,302.45,2.8,D,0
30.35106,74.70586,332.33,0.41,0.37,2024-11-07,814,N,VIIRS,n,2,300.69,1.7,D,0
30.35204,75.21671,334.94,0.43,0.38,2024-11-07,814,N,VIIRS,n,2,303.36,2.47,D,0
30.37146,74.6326,332.24,0.41,0.37,2024-11-07,814,N,VIIRS,n,2,300.63,3.87,D,0
30.3824,74.6878,332.96,0.41,0.37,2024-11-07,814,N,VIIRS,n,2,300.54,3.43,D,0
30.38713,75.37611,335.86,0.43,0.38,2024-11-07,814,N,VIIRS,n,2,301.88,4.73,D,0
30.39106,75.2145,346.75,0.43,0.38,2024-11-07,814,N,VIIRS,n,2,302.45,8.28,D,0
30.39331,74.71672,343.84,0.41,0.37,2024-11-07,814,N,VIIRS,n,2,300.26,5.08,D,0
30.39488,71.72032,331.51,0.39,0.36,2024-11-07,814,N,VIIRS,l,2,302.57,1.8,D,0
30.39559,74.70748,346.6,0.41,0.37,2024-11-07,814,N,VIIRS,n,2,306.89,25.25,D,0
30.39866,74.91576,333.29,0.42,0.38,2024-11-07,814,N,VIIRS,n,2,301.25,4.5,D,0
30.40289,74.45222,332.15,0.41,0.37,2024-11-07,814,N,VIIRS,n,2,300.41,2.82,D,0
30.40326,75.19868,333.09,0.43,0.38,2024-11-07,814,N,VIIRS,n,2,300.8,4.04,D,0
30.40385,75.20313,333.13,0.43,0.38,2024-11-07,814,N,VIIRS,n,2,300.74,5.45,D,0
30.41883,74.90772,331.61,0.42,0.38,2024-11-07,814,N,VIIRS,n,2,300.83,1.89,D,0
30.42222,74.85352,333.17,0.42,0.38,2024-11-07,814,N,VIIRS,n,2,301.77,2.79,D,0
30.42988,75.01807,331.18,0.42,0.38,2024-11-07,814,N,VIIRS,n,2,301.08,4.53,D,0
30.43056,75.40575,340.78,0.44,0.38,2024-11-07,814,N,VIIRS,n,2,302.3,3.78,D,0
30.43073,74.45305,343.43,0.41,0.37,2024-11-07,814,N,VIIRS,n,2,301.6,5.06,D,0
30.43188,74.46153,341.86,0.41,0.37,2024-11-07,814,N,VIIRS,n,2,302.59,5.01,D,0
30.4331,74.82932,337.27,0.42,0.37,2024-11-07,814,N,VIIRS,n,2,303.16,3.37,D,0
30.43414,74.45243,330.87,0.41,0.37,2024-11-07,814,N,VIIRS,n,2,299.9,3.21,D,0
30.43529,74.46092,338.19,0.41,0.37,2024-11-07,814,N,VIIRS,n,2,300.5,6.89,D,0
30.43912,74.38638,332.49,0.41,0.37,2024-11-07,814,N,VIIRS,n,2,300.22,3.89,D,0
30.43921,74.74387,335.33,0.42,0.37,2024-11-07,814,N,VIIRS,n,2,300.88,3.28,D,0
30.44088,75.02065,333.54,0.42,0.38,2024-11-07,814,N,VIIRS,n,2,301.37,2.18,D,0
30.44253,71.71858,334.7,0.39,0.36,2024-11-07,814,N,VIIRS,n,2,303.77,6.64,D,0
30.44724,74.47182,338.52,0.41,0.37,2024-11-07,814,N,VIIRS,n,2,302.04,4.57,D,0
30.45936,74.99936,333.54,0.42,0.38,2024-11-07,814,N,VIIRS,n,2,300.03,2.91,D,0
30.46366,74.43835,348.71,0.41,0.37,2024-11-07,814,N,VIIRS,n,2,304.59,10.64,D,0
30.46625,74.97114,330.81,0.42,0.38,2024-11-07,814,N,VIIRS,n,2,301.26,2.07,D,0
30.47491,74.6773,342.45,0.41,0.37,2024-11-07,814,N,VIIRS,n,2,305.93,19.73,D,0
30.47532,71.67133,334.76,0.39,0.36,2024-11-07,814,N,VIIRS,n,2,302.51,1.7,D,0
30.4806,75.43561,331.96,0.44,0.38,2024-11-07,814,N,VIIRS,n,2,299.61,1.7,D,0
30.48577,74.42129,331.94,0.41,0.37,2024-11-07,814,N,VIIRS,n,2,301.18,3.91,D,0
30.48918,74.42067,343.49,0.41,0.37,2024-11-07,814,N,VIIRS,n,2,299.88,3.91,D,0
30.48939,71.91252,332.29,0.39,0.36,2024-11-07,814,N,VIIRS,n,2,301.46,2.32,D,0
30.49002,71.91652,332.08,0.39,0.36,2024-11-07,814,N,VIIRS,n,2,301.25,2.82,D,0
30.49138,72.31864,333.31,0.38,0.36,2024-11-07,814,N,VIIRS,n,2,302.84,2.24,D,0
30.49325,74.29861,340.32,0.4,0.37,2024-11-07,814,N,VIIRS,n,2,300.17,3.83,D,0
30.49329,71.65508,330.26,0.39,0.36,2024-11-07,814,N,VIIRS,n,2,301.12,2.4,D,0
30.50538,75.10448,339.88,0.43,0.38,2024-11-07,814,N,VIIRS,n,2,302.98,8.06,D,0
30.5076,75.06776,332.16,0.43,0.38,2024-11-07,814,N,VIIRS,n,2,300.53,4.33,D,0
30.50794,75.20443,333.26,0.43,0.38,2024-11-07,814,N,VIIRS,n,2,299.32,3.04,D,0
30.50867,74.00901,337.6,0.4,0.37,2024-11-07,814,N,VIIRS,n,2,299.16,3.22,D,0
30.50894,75.06948,333.62,0.43,0.38,2024-11-07,814,N,VIIRS,n,2,300.47,3.06,D,0
30.51283,74.75018,334.41,0.42,0.37,2024-11-07,814,N,VIIRS,n,2,301.99,2.96,D,0
30.51299,75.0733,338.22,0.43,0.38,2024-11-07,814,N,VIIRS,n,2,300.18,3.06,D,0
30.51903,71.993,330.61,0.39,0.36,2024-11-07,814,N,VIIRS,l,2,301.67,3.52,D,0
30.51946,72.01765,332.32,0.38,0.36,2024-11-07,814,N,VIIRS,n,2,302.06,2.38,D,0
30.52111,72.11618,338.17,0.38,0.36,2024-11-07,814,N,VIIRS,n,2,302.37,3.34,D,0
30.52897,72.0569,337.98,0.38,0.36,2024-11-07,814,N,VIIRS,n,2,302.73,2.9,D,0
30.52995,75.39919,342.14,0.44,0.38,2024-11-07,814,N,VIIRS,n,2,302.88,7.03,D,0
30.53049,75.37584,333.7,0.44,0.38,2024-11-07,814,N,VIIRS,n,2,300.22,3.42,D,0
30.53347,75.39857,337.33,0.44,0.38,2024-11-07,814,N,VIIRS,n,2,298.82,7.03,D,0
30.53433,75.26627,337.69,0.43,0.38,2024-11-07,814,N,VIIRS,n,2,299.87,4.52,D,0
30.53619,75.03295,330.96,0.42,0.38,2024-11-07,814,N,VIIRS,n,2,300.43,1.76,D,0
30.54012,75.31145,340.06,0.43,0.38,2024-11-07,814,N,VIIRS,n,2,301.46,7.93,D,0
30.54032,75.31388,345.78,0.43,0.38,2024-11-07,814,N,VIIRS,n,2,300.77,8.06,D,0
30.54083,75.17785,333.35,0.43,0.38,2024-11-07,814,N,VIIRS,n,2,299.57,4.04,D,0
30.54563,74.78434,332.85,0.42,0.37,2024-11-07,814,N,VIIRS,n,2,301.32,5.9,D,0
30.55755,75.42,331.02,0.44,0.38,2024-11-07,814,N,VIIRS,n,2,300.81,2.03,D,0
30.55761,75.41774,331.3,0.44,0.38,2024-11-07,814,N,VIIRS,n,2,300.51,3.01,D,0
30.56022,74.86658,343.72,0.42,0.38,2024-11-07,814,N,VIIRS,n,2,301.91,8.52,D,0
30.57917,75.08897,333.55,0.43,0.38,2024-11-07,814,N,VIIRS,n,2,300.11,2.28,D,0
30.58281,74.90295,332.54,0.42,0.38,2024-11-07,814,N,VIIRS,n,2,300,2.04,D,0
30.5869,74.63146,342.86,0.41,0.37,2024-11-07,814,N,VIIRS,n,2,305.34,17.43,D,0
30.58951,75.03265,338.4,0.42,0.38,2024-11-07,814,N,VIIRS,n,2,300.38,5.34,D,0
30.59277,71.64262,332.09,0.39,0.36,2024-11-07,814,N,VIIRS,n,2,301.34,2.73,D,0
30.5934,71.64664,334.31,0.39,0.36,2024-11-07,814,N,VIIRS,n,2,301.68,4.9,D,0
30.59509,74.79867,332.77,0.42,0.38,2024-11-07,814,N,VIIRS,n,2,301.16,7.91,D,0
30.59745,75.25533,337.13,0.43,0.38,2024-11-07,814,N,VIIRS,n,2,301.08,4.66,D,0
30.59947,71.72836,342.82,0.39,0.36,2024-11-07,814,N,VIIRS,n,2,302.18,4,D,0
30.6013,71.65328,335.72,0.39,0.36,2024-11-07,814,N,VIIRS,n,2,302.54,2.14,D,0
30.60278,71.72766,333.9,0.39,0.36,2024-11-07,814,N,VIIRS,n,2,302.27,2.3,D,0
30.60411,71.62776,332.38,0.39,0.36,2024-11-07,814,N,VIIRS,n,2,301.58,2.93,D,0
30.62192,74.68269,346.71,0.41,0.37,2024-11-07,814,N,VIIRS,n,2,303.33,5.76,D,0
30.6225,74.68702,332.74,0.41,0.37,2024-11-07,814,N,VIIRS,n,2,300.41,5.76,D,0
30.62536,74.68208,348.36,0.41,0.37,2024-11-07,814,N,VIIRS,n,2,301.61,5.76,D,0
30.63383,75.12153,338.39,0.43,0.38,2024-11-07,814,N,VIIRS,n,2,301.2,5.86,D,0
30.639,75.27122,331.48,0.43,0.38,2024-11-07,814,N,VIIRS,n,2,299.94,2.1,D,0
30.6426,74.42487,338.67,0.41,0.37,2024-11-07,814,N,VIIRS,n,2,299.72,3.08,D,0
30.64393,71.70655,330.3,0.39,0.36,2024-11-07,814,N,VIIRS,n,2,301.97,1.39,D,0
30.64649,74.37618,333.08,0.41,0.37,2024-11-07,814,N,VIIRS,n,2,298.91,2.46,D,0
30.64767,74.92839,332.07,0.42,0.38,2024-11-07,814,N,VIIRS,n,2,299.91,2.94,D,0
30.64777,74.5368,332,0.41,0.37,2024-11-07,814,N,VIIRS,n,2,299.32,1.79,D,0
30.64825,74.51476,330.78,0.41,0.37,2024-11-07,814,N,VIIRS,n,2,299.54,1.74,D,0
30.64835,71.73466,346.11,0.39,0.36,2024-11-07,814,N,VIIRS,n,2,303.09,4.41,D,0
30.65166,71.73396,339.09,0.39,0.36,2024-11-07,814,N,VIIRS,n,2,300.61,3.77,D,0
30.65299,75.24223,333.25,0.43,0.38,2024-11-07,814,N,VIIRS,n,2,300.84,3.29,D,0
30.65646,71.87376,336.13,0.39,0.36,2024-11-07,814,N,VIIRS,n,2,303.46,6.79,D,0
30.66226,75.42073,333.19,0.44,0.38,2024-11-07,814,N,VIIRS,n,2,301.01,4.91,D,0
30.66451,75.41692,343.86,0.44,0.38,2024-11-07,814,N,VIIRS,n,2,301.01,4.71,D,0
30.66474,74.63515,330.01,0.41,0.37,2024-11-07,814,N,VIIRS,n,2,299.08,2.9,D,0
30.6662,75.45884,336.82,0.44,0.38,2024-11-07,814,N,VIIRS,n,2,300.76,5,D,0
30.66622,74.96125,332.59,0.42,0.38,2024-11-07,814,N,VIIRS,n,2,299.27,3.27,D,0
30.66736,74.63578,336.08,0.41,0.37,2024-11-07,814,N,VIIRS,n,2,298.67,3.4,D,0
30.67076,71.8997,341.94,0.39,0.36,2024-11-07,814,N,VIIRS,n,2,303.67,4.91,D,0
30.67286,75.22954,340.1,0.43,0.38,2024-11-07,814,N,VIIRS,n,2,300.1,3.26,D,0
30.67488,71.88231,331.36,0.39,0.36,2024-11-07,814,N,VIIRS,n,2,304.28,2.44,D,0
30.67867,75.16409,344.42,0.43,0.38,2024-11-07,814,N,VIIRS,n,2,303.61,17.05,D,0
30.68684,74.64998,337.36,0.41,0.37,2024-11-07,814,N,VIIRS,n,2,301.84,8.67,D,0
30.69374,71.98167,331.75,0.38,0.36,2024-11-07,814,N,VIIRS,n,2,302.57,2.09,D,0
30.70404,75.03169,339.68,0.43,0.38,2024-11-07,814,N,VIIRS,n,2,300.74,5.75,D,0
30.70731,71.80969,336.23,0.39,0.36,2024-11-07,814,N,VIIRS,n,2,304.63,6.48,D,0
30.70843,74.24328,330.16,0.4,0.37,2024-11-07,814,N,VIIRS,n,2,299.58,2.05,D,0
30.70889,71.77621,333,0.39,0.36,2024-11-07,814,N,VIIRS,n,2,301.33,2.49,D,0
30.72577,75.11461,346.03,0.43,0.38,2024-11-07,814,N,VIIRS,n,2,302.53,10.19,D,0
30.72789,75.0425,333.64,0.43,0.38,2024-11-07,814,N,VIIRS,n,2,302.02,5,D,0
30.73504,71.72511,336.97,0.39,0.36,2024-11-07,814,N,VIIRS,n,2,305.05,2.49,D,0
30.73863,74.74745,331.57,0.42,0.37,2024-11-07,814,N,VIIRS,n,2,300.39,3.54,D,0
30.74124,75.09039,341.05,0.43,0.38,2024-11-07,814,N,VIIRS,n,2,299.75,3.47,D,0
30.747,71.80136,331.29,0.39,0.36,2024-11-07,814,N,VIIRS,n,2,302.18,2.55,D,0
30.75159,71.72162,345.78,0.39,0.36,2024-11-07,814,N,VIIRS,n,2,305.34,10.81,D,0
30.75225,75.20338,331.17,0.43,0.38,2024-11-07,814,N,VIIRS,n,2,300.37,2.63,D,0
30.7524,72.8396,333.02,0.39,0.36,2024-11-07,814,N,VIIRS,n,2,302.12,1.88,D,0
30.75457,75.00137,334.25,0.43,0.38,2024-11-07,814,N,VIIRS,n,2,302.4,2.47,D,0
30.75647,71.68738,332.43,0.39,0.36,2024-11-07,814,N,VIIRS,l,2,303.09,1.28,D,0
30.75651,71.99379,333.55,0.38,0.36,2024-11-07,814,N,VIIRS,n,2,300.14,2.43,D,0
30.7569,75.23957,338.23,0.43,0.38,2024-11-07,814,N,VIIRS,n,2,299.84,4.23,D,0
30.75835,71.78654,333.17,0.39,0.36,2024-11-07,814,N,VIIRS,n,2,302.9,3.14,D,0
30.759,71.70345,334.84,0.39,0.36,2024-11-07,814,N,VIIRS,n,2,302.24,1.73,D,0
30.76518,74.32896,344.46,0.41,0.37,2024-11-07,814,N,VIIRS,n,2,303.03,11.16,D,0
30.76778,74.91293,334.66,0.42,0.38,2024-11-07,814,N,VIIRS,n,2,300.3,2.82,D,0
30.76901,74.28041,337.55,0.41,0.37,2024-11-07,814,N,VIIRS,n,2,299.85,3.67,D,0
30.78106,74.90607,334.64,0.42,0.38,2024-11-07,814,N,VIIRS,n,2,300.32,5.18,D,0
30.78286,71.85596,345,0.39,0.36,2024-11-07,814,N,VIIRS,n,2,302.59,6.19,D,0
30.78679,71.85928,335.84,0.39,0.36,2024-11-07,814,N,VIIRS,n,2,301.69,3.05,D,0
30.79311,71.77535,333.41,0.39,0.36,2024-11-07,814,N,VIIRS,n,2,302.21,4.02,D,0
30.7955,74.39762,331.61,0.41,0.37,2024-11-07,814,N,VIIRS,n,2,300.12,2.06,D,0
30.79708,74.35801,330.19,0.41,0.37,2024-11-07,814,N,VIIRS,l,2,300.65,2.69,D,0
30.79775,75.14014,336.7,0.43,0.38,2024-11-07,814,N,VIIRS,n,2,298.73,3.41,D,0
30.7984,74.73311,330.13,0.42,0.37,2024-11-07,814,N,VIIRS,n,2,299.25,1.67,D,0
30.79891,74.397,331.12,0.41,0.37,2024-11-07,814,N,VIIRS,n,2,299.06,2.49,D,0
30.80049,74.35738,340.73,0.41,0.37,2024-11-07,814,N,VIIRS,n,2,300.2,7.25,D,0
30.80066,74.40982,334.45,0.41,0.37,2024-11-07,814,N,VIIRS,n,2,300.6,2.53,D,0
30.80157,74.33972,332.28,0.41,0.37,2024-11-07,814,N,VIIRS,n,2,299.27,2.24,D,0
30.80405,75.07937,335.09,0.43,0.38,2024-11-07,814,N,VIIRS,n,2,300.42,5.77,D,0
30.80525,74.87471,336.22,0.42,0.38,2024-11-07,814,N,VIIRS,n,2,300.91,6.67,D,0
30.80584,74.87912,334.91,0.42,0.38,2024-11-07,814,N,VIIRS,n,2,299.74,6.67,D,0
30.8065,74.8754,346.92,0.42,0.38,2024-11-07,814,N,VIIRS,n,2,299.58,10.98,D,0
30.80728,74.53613,331.48,0.41,0.37,2024-11-07,814,N,VIIRS,n,2,299.75,2.05,D,0
30.80754,75.07877,336.98,0.43,0.38,2024-11-07,814,N,VIIRS,n,2,299.68,5.77,D,0
30.81198,74.39024,338.27,0.41,0.37,2024-11-07,814,N,VIIRS,n,2,301.53,2.95,D,0
30.81607,74.42017,333.06,0.41,0.37,2024-11-07,814,N,VIIRS,n,2,301.41,2.89,D,0
30.81987,71.81532,339.08,0.39,0.36,2024-11-07,814,N,VIIRS,n,2,301.4,2.63,D,0
30.82713,75.01139,339.15,0.43,0.38,2024-11-07,814,N,VIIRS,n,2,300.3,3.3,D,0
30.82787,75.01226,336.35,0.43,0.38,2024-11-07,814,N,VIIRS,n,2,301.3,5.81,D,0
30.8298,71.81323,343.04,0.39,0.36,2024-11-07,814,N,VIIRS,n,2,305.38,9.5,D,0
30.83042,71.81724,333.4,0.39,0.36,2024-11-07,814,N,VIIRS,n,2,301.77,9.5,D,0
30.83436,71.82056,340.02,0.39,0.36,2024-11-07,814,N,VIIRS,n,2,302.47,5.72,D,0
30.83641,71.81184,333.35,0.39,0.36,2024-11-07,814,N,VIIRS,n,2,301.57,4.63,D,0
30.83731,75.38885,346.66,0.44,0.38,2024-11-07,814,N,VIIRS,n,2,300.69,10.73,D,0
30.83829,71.82388,348.13,0.39,0.36,2024-11-07,814,N,VIIRS,n,2,304.18,5.72,D,0
30.83882,75.23462,330.28,0.43,0.38,2024-11-07,814,N,VIIRS,n,2,299.68,3.73,D,0
30.84105,74.55209,333.41,0.41,0.37,2024-11-07,814,N,VIIRS,n,2,300.32,3.59,D,0
30.84587,71.78499,333.8,0.39,0.36,2024-11-07,814,N,VIIRS,n,2,302.68,1.31,D,0
30.84849,74.76444,331.14,0.42,0.38,2024-11-07,814,N,VIIRS,n,2,300.22,2.87,D,0
30.85516,75.03029,333.78,0.43,0.38,2024-11-07,814,N,VIIRS,n,2,301.59,5.3,D,0
30.85554,71.89066,338.84,0.39,0.36,2024-11-07,814,N,VIIRS,n,2,301.86,4.97,D,0
30.85666,75.34334,332.95,0.44,0.38,2024-11-07,814,N,VIIRS,n,2,298.62,3.98,D,0
30.85806,75.0252,339.1,0.43,0.38,2024-11-07,814,N,VIIRS,n,2,301.6,7.4,D,0
30.85903,71.86923,335.29,0.39,0.36,2024-11-07,814,N,VIIRS,n,2,302.4,4.13,D,0
30.85937,74.55762,346.92,0.41,0.37,2024-11-07,814,N,VIIRS,n,2,301.09,11.34,D,0
30.86081,71.81501,346.69,0.39,0.36,2024-11-07,814,N,VIIRS,n,2,309.41,14.54,D,0
30.86412,71.81431,345.21,0.39,0.36,2024-11-07,814,N,VIIRS,n,2,304.47,14.54,D,0
30.86772,74.44317,338.44,0.41,0.37,2024-11-07,814,N,VIIRS,n,2,300.54,4.03,D,0
30.86829,74.64921,332.21,0.42,0.37,2024-11-07,814,N,VIIRS,n,2,299.81,2.45,D,0
30.87255,75.33247,330.9,0.44,0.38,2024-11-07,814,N,VIIRS,n,2,298.53,2.64,D,0
30.87265,75.13735,330.15,0.43,0.38,2024-11-07,814,N,VIIRS,n,2,297.79,2.96,D,0
30.87324,75.16956,341.58,0.43,0.38,2024-11-07,814,N,VIIRS,n,2,300.48,5.2,D,0
30.8845,74.8751,345.83,0.42,0.38,2024-11-07,814,N,VIIRS,n,2,299.86,6.79,D,0
30.9039,74.99432,343.48,0.43,0.38,2024-11-07,814,N,VIIRS,n,2,304.54,11.41,D,0
30.90656,71.86756,344.01,0.39,0.36,2024-11-07,814,N,VIIRS,n,2,307.5,17.89,D,0
30.90968,71.88762,335.27,0.39,0.36,2024-11-07,814,N,VIIRS,n,2,301.26,3.47,D,0
30.91444,74.71423,333.02,0.42,0.38,2024-11-07,814,N,VIIRS,n,2,301.53,5.07,D,0
30.91674,74.44304,331.22,0.41,0.37,2024-11-07,814,N,VIIRS,n,2,300.04,2.41,D,0
30.91692,71.89024,333.14,0.39,0.36,2024-11-07,814,N,VIIRS,n,2,302.21,4.63,D,0
30.92016,74.44241,351.64,0.41,0.37,2024-11-07,814,N,VIIRS,n,2,302.03,11.52,D,0
30.92079,74.7355,337.88,0.42,0.38,2024-11-07,814,N,VIIRS,n,2,300.18,4.39,D,0
30.92182,71.88142,345.08,0.39,0.36,2024-11-07,814,N,VIIRS,n,2,305.94,10.98,D,0
30.92673,71.84724,330.37,0.39,0.36,2024-11-07,814,N,VIIRS,n,2,302.3,2.38,D,0
30.93236,71.88335,337.08,0.39,0.36,2024-11-07,814,N,VIIRS,n,2,301.43,3.21,D,0
30.93298,74.8278,340.01,0.42,0.38,2024-11-07,814,N,VIIRS,n,2,299.83,3.89,D,0
30.9336,70.78402,342.79,0.4,0.37,2024-11-07,814,N,VIIRS,n,2,301.66,5.78,D,0
30.9371,71.86993,332.06,0.39,0.36,2024-11-07,814,N,VIIRS,n,2,301.09,0.84,D,0
30.93933,71.84045,339.78,0.39,0.36,2024-11-07,814,N,VIIRS,n,2,301.68,5.72,D,0
30.94009,74.43439,345.34,0.41,0.37,2024-11-07,814,N,VIIRS,n,2,303.15,14.33,D,0
30.94334,71.91004,347.31,0.38,0.36,2024-11-07,814,N,VIIRS,n,2,303.75,7.22,D,0
30.96375,74.66064,334.19,0.42,0.37,2024-11-07,814,N,VIIRS,n,2,300.11,2.08,D,0
30.98056,74.94636,341.93,0.43,0.38,2024-11-07,814,N,VIIRS,n,2,300.77,5.45,D,0
30.98255,72.14178,333.3,0.38,0.36,2024-11-07,814,N,VIIRS,n,2,300.19,2.8,D,0
30.98264,74.828,342.72,0.42,0.38,2024-11-07,814,N,VIIRS,n,2,299.84,4.65,D,0
30.98378,72.1498,338.27,0.38,0.36,2024-11-07,814,N,VIIRS,n,2,300.93,3.69,D,0
30.98898,74.82235,335.52,0.42,0.38,2024-11-07,814,N,VIIRS,n,2,300.19,3.66,D,0
30.98909,74.6257,334.66,0.42,0.37,2024-11-07,814,N,VIIRS,n,2,300.09,2.34,D,0
30.98957,74.82677,332.46,0.42,0.38,2024-11-07,814,N,VIIRS,n,2,299.33,3.76,D,0
30.99363,74.58031,330.66,0.41,0.37,2024-11-07,814,N,VIIRS,n,2,299.55,2.2,D,0
30.99383,72.19318,335.37,0.38,0.36,2024-11-07,814,N,VIIRS,n,2,301.65,3.16,D,0
31.00044,72.19181,330.45,0.38,0.36,2024-11-07,814,N,VIIRS,n,2,300.83,2.19,D,0
31.00179,72.24525,348.34,0.38,0.36,2024-11-07,814,N,VIIRS,n,2,302.63,8.48,D,0
31.0097,75.0052,332.4,0.43,0.38,2024-11-07,814,N,VIIRS,n,2,299.23,2.35,D,0
31.01215,71.95778,337.98,0.38,0.36,2024-11-07,814,N,VIIRS,n,2,301.44,3.39,D,0
31.01566,71.93634,336.49,0.38,0.36,2024-11-07,814,N,VIIRS,n,2,302.03,3.26,D,0
31.01647,72.22984,334.73,0.38,0.36,2024-11-07,814,N,VIIRS,n,2,300.95,2.17,D,0
31.0213,74.68251,330.55,0.42,0.37,2024-11-07,814,N,VIIRS,n,2,300.15,1.67,D,0
31.02197,74.79485,334.19,0.42,0.38,2024-11-07,814,N,VIIRS,n,2,299.93,4.57,D,0
31.02662,72.20708,334.92,0.38,0.36,2024-11-07,814,N,VIIRS,n,2,301.85,4.02,D,0
31.02763,71.92555,330.08,0.38,0.36,2024-11-07,814,N,VIIRS,n,2,302.5,1.45,D,0
31.0294,74.71695,330.78,0.42,0.38,2024-11-07,814,N,VIIRS,n,2,298.88,2.49,D,0
31.03224,72.17699,334.69,0.38,0.36,2024-11-07,814,N,VIIRS,n,2,301.14,3.92,D,0
31.03655,74.55921,335.48,0.41,0.37,2024-11-07,814,N,VIIRS,n,2,300.22,3.52,D,0
31.03772,72.32465,335.52,0.38,0.36,2024-11-07,814,N,VIIRS,n,2,302.58,4.12,D,0
31.03785,74.62138,335.18,0.42,0.37,2024-11-07,814,N,VIIRS,n,2,299.46,3.15,D,0
31.04504,74.78172,333.21,0.42,0.38,2024-11-07,814,N,VIIRS,n,2,300.66,4.41,D,0
31.05579,74.67631,331.05,0.42,0.37,2024-11-07,814,N,VIIRS,n,2,300.02,1.73,D,0
31.07079,72.20625,335.08,0.38,0.36,2024-11-07,814,N,VIIRS,n,2,300.26,3.09,D,0
31.07225,74.82661,339.95,0.42,0.38,2024-11-07,814,N,VIIRS,n,2,301.67,8.06,D,0
31.07805,70.78329,335.2,0.4,0.37,2024-11-07,814,N,VIIRS,n,2,299.72,3.84,D,0
31.08043,73.63744,332.96,0.39,0.37,2024-11-07,814,N,VIIRS,n,2,298.7,1.98,D,0
31.08327,72.20455,334.07,0.38,0.36,2024-11-07,814,N,VIIRS,n,2,300.99,3.64,D,0
31.08379,73.53934,333.1,0.39,0.36,2024-11-07,814,N,VIIRS,n,2,298.87,2.24,D,0
31.0841,74.9978,331.66,0.43,0.38,2024-11-07,814,N,VIIRS,n,2,299.74,3.72,D,0
31.08469,75.00228,332.94,0.43,0.38,2024-11-07,814,N,VIIRS,n,2,301,5.58,D,0
31.10048,75.06855,344.45,0.43,0.38,2024-11-07,814,N,VIIRS,n,2,300.7,8.33,D,0
31.10079,74.90792,337.39,0.42,0.38,2024-11-07,814,N,VIIRS,n,2,301.31,5.38,D,0
31.10752,74.82487,330.21,0.42,0.38,2024-11-07,814,N,VIIRS,n,2,299.79,2.68,D,0
31.10811,74.8293,333.46,0.42,0.38,2024-11-07,814,N,VIIRS,n,2,301.23,2.68,D,0
31.11463,75.17737,335.42,0.43,0.38,2024-11-07,814,N,VIIRS,n,2,299.73,3.34,D,0
31.11645,74.58593,338.16,0.42,0.37,2024-11-07,814,N,VIIRS,n,2,302.08,4.53,D,0
31.11728,72.2265,334.09,0.38,0.36,2024-11-07,814,N,VIIRS,n,2,300.15,2.68,D,0
31.11967,73.64694,341.14,0.4,0.37,2024-11-07,814,N,VIIRS,n,2,300.46,4.16,D,0
31.12055,75.25106,340.73,0.44,0.38,2024-11-07,814,N,VIIRS,n,2,299.8,3.63,D,0
31.13268,74.68159,339.4,0.42,0.38,2024-11-07,814,N,VIIRS,n,2,301.94,5.08,D,0
31.13592,74.57347,340.28,0.42,0.37,2024-11-07,814,N,VIIRS,n,2,301.6,5.31,D,0
31.13651,75.01615,337.41,0.43,0.38,2024-11-07,814,N,VIIRS,n,2,300.64,2.78,D,0
31.14306,75.06571,332.59,0.43,0.38,2024-11-07,814,N,VIIRS,n,2,299.85,2.18,D,0
31.15014,74.81397,330.7,0.42,0.38,2024-11-07,814,N,VIIRS,l,2,301.16,1.77,D,0
31.15356,75.06388,340.39,0.43,0.38,2024-11-07,814,N,VIIRS,n,2,300.15,7.15,D,0
31.15423,75.06517,335.07,0.43,0.38,2024-11-07,814,N,VIIRS,n,2,299.27,3.69,D,0
31.15466,75.04522,333.95,0.43,0.38,2024-11-07,814,N,VIIRS,n,2,299.15,2.38,D,0
31.15483,75.04197,332.41,0.43,0.38,2024-11-07,814,N,VIIRS,n,2,299.03,2,D,0
31.16171,73.39834,337.49,0.39,0.36,2024-11-07,814,N,VIIRS,n,2,299.25,5.24,D,0
31.16185,75.09945,333.61,0.43,0.38,2024-11-07,814,N,VIIRS,n,2,301.22,6.2,D,0
31.16238,75.10078,336.51,0.43,0.38,2024-11-07,814,N,VIIRS,n,2,301.6,7.18,D,0
31.16743,73.51128,344.76,0.39,0.36,2024-11-07,814,N,VIIRS,n,2,301.26,8.16,D,0
31.16801,73.5154,332.55,0.39,0.36,2024-11-07,814,N,VIIRS,n,2,299.24,4.87,D,0
31.17428,73.53537,340.07,0.39,0.36,2024-11-07,814,N,VIIRS,n,2,300.35,3,D,0
31.17463,75.00159,330.86,0.43,0.38,2024-11-07,814,N,VIIRS,n,2,299.34,2.78,D,0
31.18633,75.09194,339.22,0.43,0.38,2024-11-07,814,N,VIIRS,n,2,300.09,3.62,D,0
31.19407,73.67608,335.25,0.4,0.37,2024-11-07,814,N,VIIRS,n,2,299.4,2.01,D,0
31.20311,74.97353,336.17,0.43,0.38,2024-11-07,814,N,VIIRS,n,2,300.55,3.64,D,0
31.20673,75.05595,332.02,0.43,0.38,2024-11-07,814,N,VIIRS,n,2,299.18,2.57,D,0
31.2095,74.96781,333.5,0.43,0.38,2024-11-07,814,N,VIIRS,n,2,301.42,4.67,D,0
31.23113,73.59663,345.99,0.39,0.37,2024-11-07,814,N,VIIRS,n,2,299.6,4.22,D,0
31.23305,73.63455,337.82,0.4,0.37,2024-11-07,814,N,VIIRS,n,2,299.8,4.36,D,0
31.23314,73.56224,332.86,0.39,0.37,2024-11-07,814,N,VIIRS,n,2,300.48,4.64,D,0
31.23448,73.59599,332.77,0.39,0.37,2024-11-07,814,N,VIIRS,n,2,299.89,2.21,D,0
31.2349,73.57465,351.07,0.39,0.37,2024-11-07,814,N,VIIRS,n,2,300.31,4.87,D,0
31.23549,73.5788,335.15,0.39,0.37,2024-11-07,814,N,VIIRS,n,2,299.25,3.21,D,0
31.25762,73.80943,333.02,0.4,0.37,2024-11-07,814,N,VIIRS,n,2,299.4,3.65,D,0
31.25803,70.59909,333.23,0.4,0.37,2024-11-07,814,N,VIIRS,n,2,300.1,2.05,D,0
31.26165,74.52482,333.86,0.41,0.37,2024-11-07,814,N,VIIRS,n,2,299.75,2.35,D,0
31.26685,73.58128,332.53,0.39,0.37,2024-11-07,814,N,VIIRS,n,2,298.89,2.28,D,0
31.27021,73.7513,330.89,0.4,0.37,2024-11-07,814,N,VIIRS,n,2,299.88,1.65,D,0
31.27847,74.81026,333.28,0.42,0.38,2024-11-07,814,N,VIIRS,n,2,301.81,3.43,D,0
31.27963,73.64697,337.41,0.4,0.37,2024-11-07,814,N,VIIRS,n,2,302.98,9.72,D,0
31.28796,74.96426,334.07,0.43,0.38,2024-11-07,814,N,VIIRS,n,2,300.27,3.92,D,0
31.29886,73.70425,337.11,0.4,0.37,2024-11-07,814,N,VIIRS,n,2,301.27,7.27,D,0
31.30076,74.50993,340.39,0.41,0.37,2024-11-07,814,N,VIIRS,n,2,299.97,3.87,D,0
31.30313,74.57098,332.68,0.42,0.37,2024-11-07,814,N,VIIRS,n,2,301.11,2.92,D,0
31.30886,74.93297,335.34,0.43,0.38,2024-11-07,814,N,VIIRS,n,2,300.84,3.34,D,0
31.30909,73.8556,338.45,0.4,0.37,2024-11-07,814,N,VIIRS,n,2,300.76,5.61,D,0
31.3154,75.01019,334.48,0.43,0.38,2024-11-07,814,N,VIIRS,n,2,299.3,2.52,D,0
31.32109,73.66582,330.7,0.4,0.37,2024-11-07,814,N,VIIRS,n,2,300.53,1.44,D,0
31.32754,73.83614,334.12,0.4,0.37,2024-11-07,814,N,VIIRS,n,2,300.33,3.92,D,0
31.33482,73.71454,330.89,0.4,0.37,2024-11-07,814,N,VIIRS,n,2,299.36,2.68,D,0
31.33556,73.86909,334.45,0.4,0.37,2024-11-07,814,N,VIIRS,n,2,301.23,5.77,D,0
31.34312,73.92382,331.78,0.4,0.37,2024-11-07,814,N,VIIRS,n,2,299.37,3.77,D,0
31.34843,74.55048,338.26,0.42,0.37,2024-11-07,814,N,VIIRS,n,2,300.93,5.33,D,0
31.35837,73.71005,331.84,0.4,0.37,2024-11-07,814,N,VIIRS,n,2,299.51,1.73,D,0
31.3655,73.88503,345.07,0.4,0.37,2024-11-07,814,N,VIIRS,n,2,300.4,4.68,D,0
31.36686,73.8201,346.15,0.4,0.37,2024-11-07,814,N,VIIRS,n,2,304.38,10.88,D,0
31.37023,73.81946,329.92,0.4,0.37,2024-11-07,814,N,VIIRS,n,2,299.86,10.88,D,0
31.37567,72.34399,334.96,0.38,0.36,2024-11-07,814,N,VIIRS,n,2,299.03,4.11,D,0
31.38167,72.33862,331.45,0.38,0.36,2024-11-07,814,N,VIIRS,n,2,299.55,2.31,D,0
31.39067,75.20391,341.33,0.44,0.38,2024-11-07,814,N,VIIRS,n,2,300.26,5.98,D,0
31.39079,75.20228,332.59,0.44,0.38,2024-11-07,814,N,VIIRS,n,2,299.79,5.73,D,0
31.39663,73.81016,331.74,0.4,0.37,2024-11-07,814,N,VIIRS,n,2,299.9,2.98,D,0
31.39721,73.81436,334,0.4,0.37,2024-11-07,814,N,VIIRS,n,2,300.39,4.5,D,0
31.39765,73.79276,353.88,0.4,0.37,2024-11-07,814,N,VIIRS,n,2,301.9,10.63,D,0
31.39839,73.82274,329.75,0.4,0.37,2024-11-07,814,N,VIIRS,n,2,299.51,2.13,D,0
31.39981,72.41375,341.81,0.38,0.36,2024-11-07,814,N,VIIRS,n,2,299.38,4.67,D,0
31.4,73.80952,333.24,0.4,0.37,2024-11-07,814,N,VIIRS,n,2,299.48,3.47,D,0
31.40059,73.81372,337.41,0.4,0.37,2024-11-07,814,N,VIIRS,n,2,301.31,6.52,D,0
31.40392,74.8624,337.21,0.43,0.38,2024-11-07,814,N,VIIRS,n,2,299.01,5.19,D,0
31.40471,72.20152,337.14,0.38,0.36,2024-11-07,814,N,VIIRS,n,2,299.84,3.19,D,0
31.40833,73.5901,331.91,0.4,0.37,2024-11-07,814,N,VIIRS,n,2,299.07,1.77,D,0
31.40926,73.85088,335.6,0.4,0.37,2024-11-07,814,N,VIIRS,n,2,299.83,4.24,D,0
31.41264,73.85023,353.49,0.4,0.37,2024-11-07,814,N,VIIRS,n,2,305.35,27.14,D,0
31.41558,74.68257,336.74,0.42,0.38,2024-11-07,814,N,VIIRS,n,2,300.38,4.74,D,0
31.41617,74.687,332.88,0.42,0.38,2024-11-07,814,N,VIIRS,n,2,299.78,4.74,D,0
31.41826,75.3079,333.3,0.44,0.38,2024-11-07,814,N,VIIRS,n,2,300.3,3.65,D,0
31.41942,74.63215,340.26,0.42,0.38,2024-11-07,814,N,VIIRS,n,2,299.92,3.5,D,0
31.4306,75.40597,334.59,0.44,0.39,2024-11-07,814,N,VIIRS,n,2,301.02,3.5,D,0
31.43759,73.82479,337.32,0.4,0.37,2024-11-07,814,N,VIIRS,n,2,305.27,14.17,D,0
31.4398,73.81575,337.21,0.4,0.37,2024-11-07,814,N,VIIRS,n,2,300.54,2.92,D,0
31.44247,75.32748,336.49,0.44,0.39,2024-11-07,814,N,VIIRS,n,2,301.2,5.16,D,0
31.44526,73.90548,333.23,0.4,0.37,2024-11-07,814,N,VIIRS,n,2,301.5,2.38,D,0
31.45354,73.86497,335.25,0.4,0.37,2024-11-07,814,N,VIIRS,n,2,301.93,4.18,D,0
31.45588,75.17837,339.52,0.44,0.38,2024-11-07,814,N,VIIRS,n,2,299.93,4.03,D,0
31.48667,74.62169,331.71,0.42,0.38,2024-11-07,814,N,VIIRS,n,2,298.66,2.3,D,0
31.49052,73.93166,330.1,0.4,0.37,2024-11-07,814,N,VIIRS,n,2,299.3,1.29,D,0
31.49082,72.27509,335.27,0.38,0.36,2024-11-07,814,N,VIIRS,n,2,298.93,4.37,D,0
31.49299,74.61603,330.71,0.42,0.38,2024-11-07,814,N,VIIRS,n,2,298.71,2.32,D,0
31.49305,73.87482,339.89,0.4,0.37,2024-11-07,814,N,VIIRS,n,2,301.28,4.05,D,0
31.49421,72.3201,334.42,0.38,0.36,2024-11-07,814,N,VIIRS,n,2,298.59,3.35,D,0
31.49584,73.86996,331.73,0.4,0.37,2024-11-07,814,N,VIIRS,n,2,299.44,4.25,D,0
31.49643,73.87417,333.31,0.4,0.37,2024-11-07,814,N,VIIRS,n,2,299.52,5.58,D,0
31.50342,72.26835,345.35,0.38,0.36,2024-11-07,814,N,VIIRS,n,2,300.3,4.92,D,0
31.5088,73.69075,331.07,0.4,0.37,2024-11-07,814,N,VIIRS,n,2,298.52,3.29,D,0
31.5226,73.91261,331.14,0.4,0.37,2024-11-07,814,N,VIIRS,n,2,299.99,7.48,D,0
31.52276,72.24454,342.3,0.38,0.36,2024-11-07,814,N,VIIRS,n,2,300.54,5.47,D,0
31.5232,73.91684,338.25,0.4,0.37,2024-11-07,814,N,VIIRS,n,2,303.83,7.48,D,0
31.52658,73.91621,334.39,0.4,0.37,2024-11-07,814,N,VIIRS,n,2,298.95,7.48,D,0
31.53167,75.48495,337.05,0.45,0.39,2024-11-07,814,N,VIIRS,n,2,301.24,3.53,D,0
31.53282,75.48225,334.62,0.45,0.39,2024-11-07,814,N,VIIRS,n,2,300.87,2.93,D,0
31.54059,72.29489,331.58,0.38,0.36,2024-11-07,814,N,VIIRS,n,2,298.26,4.25,D,0
31.54086,74.04421,344.56,0.4,0.37,2024-11-07,814,N,VIIRS,n,2,303.52,12.96,D,0
31.54248,73.93058,345.66,0.4,0.37,2024-11-07,814,N,VIIRS,n,2,301.19,5.23,D,0
31.54262,73.93127,336.99,0.4,0.37,2024-11-07,814,N,VIIRS,n,2,301.04,5.54,D,0
31.54479,72.1652,332.96,0.38,0.36,2024-11-07,814,N,VIIRS,n,2,299.13,3.01,D,0
31.54523,73.87434,335.61,0.4,0.37,2024-11-07,814,N,VIIRS,n,2,301.4,7.3,D,0
31.54743,73.73994,338.98,0.4,0.37,2024-11-07,814,N,VIIRS,n,2,299.47,2.83,D,0
31.5481,72.16451,332.36,0.38,0.36,2024-11-07,814,N,VIIRS,n,2,297.94,3.01,D,0
31.54871,72.16854,332.37,0.38,0.36,2024-11-07,814,N,VIIRS,n,2,298.7,3.01,D,0
31.54987,73.90818,334.53,0.4,0.37,2024-11-07,814,N,VIIRS,n,2,299.58,2.86,D,0
31.55161,73.92088,337.68,0.4,0.37,2024-11-07,814,N,VIIRS,n,2,299.74,3.98,D,0
31.55224,74.05083,339.93,0.41,0.37,2024-11-07,814,N,VIIRS,n,2,300.02,2.81,D,0
31.56437,72.18192,331.17,0.38,0.36,2024-11-07,814,N,VIIRS,n,2,298.28,3.19,D,0
31.5644,72.33989,334.67,0.38,0.36,2024-11-07,814,N,VIIRS,n,2,299.1,3.75,D,0
31.56931,74.64428,334.46,0.42,0.38,2024-11-07,814,N,VIIRS,n,2,299.6,1.79,D,0
31.57149,75.38399,340.71,0.45,0.39,2024-11-07,814,N,VIIRS,n,2,300.16,4.3,D,0
31.57311,72.32978,331.45,0.38,0.36,2024-11-07,814,N,VIIRS,n,2,298.18,2.21,D,0
31.57355,72.58361,333.53,0.39,0.36,2024-11-07,814,N,VIIRS,n,2,299.75,3.2,D,0
31.57624,75.39278,331.15,0.45,0.39,2024-11-07,814,N,VIIRS,n,2,299.3,4.35,D,0
31.57839,73.42155,339.16,0.39,0.36,2024-11-07,814,N,VIIRS,n,2,299.73,3.03,D,0
31.57963,72.28269,335.51,0.38,0.36,2024-11-07,814,N,VIIRS,n,2,298.23,3.95,D,0
31.58005,73.42188,346.36,0.39,0.36,2024-11-07,814,N,VIIRS,n,2,300.55,6.29,D,0
31.58355,72.28604,330.23,0.38,0.36,2024-11-07,814,N,VIIRS,n,2,298.02,3.03,D,0
31.58415,72.29007,332.43,0.38,0.36,2024-11-07,814,N,VIIRS,n,2,299.02,4.64,D,0
31.60123,72.49465,333.66,0.38,0.36,2024-11-07,814,N,VIIRS,n,2,297.22,2.64,D,0
31.60866,72.22681,333.96,0.38,0.36,2024-11-07,814,N,VIIRS,n,2,298.22,2.93,D,0
31.61343,72.21334,335.09,0.38,0.36,2024-11-07,814,N,VIIRS,n,2,299.02,2.93,D,0
31.62514,72.24882,338.58,0.38,0.36,2024-11-07,814,N,VIIRS,n,2,299.16,5.43,D,0
31.62853,74.17805,336.7,0.41,0.37,2024-11-07,814,N,VIIRS,n,2,298.7,5.25,D,0
31.63388,75.41656,341.61,0.45,0.39,2024-11-07,814,N,VIIRS,n,2,299.56,5.14,D,0
31.63758,74.64216,332.02,0.42,0.38,2024-11-07,814,N,VIIRS,n,2,299.28,1.45,D,0
31.64809,73.66121,332.41,0.4,0.37,2024-11-07,814,N,VIIRS,n,2,299.63,2.44,D,0
31.64839,72.42255,348.33,0.38,0.36,2024-11-07,814,N,VIIRS,n,2,301.67,7.81,D,0
31.65123,72.42244,340.85,0.38,0.36,2024-11-07,814,N,VIIRS,n,2,299.15,6.93,D,0
31.65784,72.42109,335.85,0.38,0.36,2024-11-07,814,N,VIIRS,n,2,299.09,2.49,D,0
31.68209,73.46181,331.27,0.39,0.37,2024-11-07,814,N,VIIRS,n,2,299.01,2.16,D,0
31.6876,73.45222,334.22,0.39,0.37,2024-11-07,814,N,VIIRS,n,2,299.46,2.77,D,0
31.68818,72.21498,335.63,0.38,0.36,2024-11-07,814,N,VIIRS,n,2,299.01,2.89,D,0
31.6932,74.74177,335.67,0.42,0.38,2024-11-07,814,N,VIIRS,n,2,299.1,3.59,D,0
31.69434,73.4436,346.97,0.39,0.37,2024-11-07,814,N,VIIRS,n,2,301.19,7.18,D,0
31.69711,73.4388,341,0.39,0.37,2024-11-07,814,N,VIIRS,n,2,302.11,5.31,D,0
31.70046,73.43815,341.3,0.39,0.37,2024-11-07,814,N,VIIRS,n,2,298.59,5.31,D,0
31.71041,73.83524,331.53,0.4,0.37,2024-11-07,814,N,VIIRS,n,2,297.88,2.93,D,0
31.71408,73.88675,331.39,0.4,0.37,2024-11-07,814,N,VIIRS,n,2,298.57,4.11,D,0
31.718,72.64243,347.91,0.39,0.36,2024-11-07,814,N,VIIRS,n,2,300.22,7,D,0
31.74957,73.34761,332.7,0.39,0.36,2024-11-07,814,N,VIIRS,n,2,299.14,2.2,D,0
31.75026,73.72068,346.92,0.4,0.37,2024-11-07,814,N,VIIRS,n,2,299.5,4.06,D,0
31.75922,73.36703,335.06,0.39,0.36,2024-11-07,814,N,VIIRS,n,2,300.06,2.8,D,0
31.76254,74.83529,333.03,0.43,0.38,2024-11-07,814,N,VIIRS,n,2,300.44,2.49,D,0
31.77162,73.45428,336.24,0.39,0.37,2024-11-07,814,N,VIIRS,n,2,298.7,3.04,D,0
31.77731,72.90716,329.66,0.39,0.36,2024-11-07,814,N,VIIRS,n,2,298.74,2.99,D,0
31.77822,72.2758,342.1,0.38,0.36,2024-11-07,814,N,VIIRS,n,2,300.47,3.93,D,0
31.7926,70.0817,332.06,0.41,0.37,2024-11-07,814,N,VIIRS,n,2,300.2,1.64,D,0
31.80271,74.10402,333.79,0.41,0.37,2024-11-07,814,N,VIIRS,n,2,299.27,2.7,D,0
31.81728,74.38477,332.26,0.41,0.37,2024-11-07,814,N,VIIRS,n,2,300.12,4.26,D,0
31.81849,73.55752,332.86,0.4,0.37,2024-11-07,814,N,VIIRS,n,2,298.49,3.25,D,0
31.81879,74.38166,333.98,0.42,0.37,2024-11-07,814,N,VIIRS,n,2,298.18,3.37,D,0
31.82186,73.55687,334.97,0.4,0.37,2024-11-07,814,N,VIIRS,n,2,298.1,2.41,D,0
31.82594,73.48736,331.88,0.4,0.37,2024-11-07,814,N,VIIRS,n,2,298.65,2.04,D,0
31.82697,73.56879,337.53,0.4,0.37,2024-11-07,814,N,VIIRS,n,2,299.29,2.41,D,0
31.84066,73.34763,334.5,0.39,0.36,2024-11-07,814,N,VIIRS,n,2,299.52,2.89,D,0
31.8408,74.52212,330.47,0.42,0.38,2024-11-07,814,N,VIIRS,n,2,299.35,2.52,D,0
31.8449,73.47511,331.81,0.4,0.37,2024-11-07,814,N,VIIRS,n,2,298.91,2.34,D,0
31.85038,74.40736,331.52,0.42,0.37,2024-11-07,814,N,VIIRS,n,2,299.51,2.32,D,0
31.86912,73.21011,328.98,0.39,0.36,2024-11-07,814,N,VIIRS,n,2,298.8,2.66,D,0
31.8716,74.73141,330.57,0.43,0.38,2024-11-07,814,N,VIIRS,n,2,299.97,2.31,D,0
31.87246,73.20946,343.93,0.39,0.36,2024-11-07,814,N,VIIRS,n,2,299.78,2.66,D,0
31.87393,73.20962,332.12,0.39,0.36,2024-11-07,814,N,VIIRS,n,2,298.09,2.24,D,0
31.89387,73.43135,331.04,0.4,0.37,2024-11-07,814,N,VIIRS,n,2,299.52,2.69,D,0
31.89519,74.09223,333.15,0.41,0.37,2024-11-07,814,N,VIIRS,n,2,300.17,2.45,D,0
31.89582,74.64436,333.69,0.42,0.38,2024-11-07,814,N,VIIRS,n,2,298.94,3.23,D,0
31.90962,72.95696,331.76,0.39,0.36,2024-11-07,814,N,VIIRS,n,2,298.31,2.76,D,0
31.91858,73.85481,332.52,0.4,0.37,2024-11-07,814,N,VIIRS,n,2,300.02,2.61,D,0
31.92587,73.58425,338.29,0.4,0.37,2024-11-07,814,N,VIIRS,n,2,299.37,3.9,D,0
31.92659,73.58469,337.21,0.4,0.37,2024-11-07,814,N,VIIRS,n,2,299,4.13,D,0
31.93242,73.80418,335.89,0.4,0.37,2024-11-07,814,N,VIIRS,n,2,298.7,3.14,D,0
31.938,73.51785,331.41,0.4,0.37,2024-11-07,814,N,VIIRS,n,2,298.8,3.41,D,0
31.94657,74.59859,334.86,0.42,0.38,2024-11-07,814,N,VIIRS,n,2,299.69,3.53,D,0
31.94944,74.59351,332.5,0.42,0.38,2024-11-07,814,N,VIIRS,n,2,299.46,3.53,D,0
31.95042,74.50802,332.32,0.42,0.38,2024-11-07,814,N,VIIRS,n,2,298.85,2.14,D,0
31.95488,70.90172,344.05,0.39,0.36,2024-11-07,814,N,VIIRS,n,2,299.81,4.97,D,0
31.95598,75.10941,330.92,0.44,0.38,2024-11-07,814,N,VIIRS,n,2,299.62,3.14,D,0
31.95657,70.90176,334.53,0.39,0.36,2024-11-07,814,N,VIIRS,n,2,301.22,6.84,D,0
31.95717,74.42515,341.04,0.42,0.37,2024-11-07,814,N,VIIRS,n,2,299.11,5.76,D,0
31.96163,73.29466,336.43,0.39,0.36,2024-11-07,814,N,VIIRS,n,2,299.11,3.88,D,0
31.96261,73.2774,334,0.39,0.36,2024-11-07,814,N,VIIRS,n,2,298.49,2.39,D,0
31.96462,75.47717,333.22,0.45,0.39,2024-11-07,814,N,VIIRS,n,2,300.47,2.5,D,0
31.96614,73.44791,328.99,0.4,0.37,2024-11-07,814,N,VIIRS,n,2,298.65,2.54,D,0
31.96773,73.28921,330.79,0.39,0.36,2024-11-07,814,N,VIIRS,n,2,299.28,4.08,D,0
31.96951,73.30167,333.99,0.39,0.36,2024-11-07,814,N,VIIRS,n,2,299.15,4.36,D,0
31.97048,73.2844,337.53,0.39,0.36,2024-11-07,814,N,VIIRS,n,2,300.21,6.23,D,0
31.97324,73.27959,331.21,0.39,0.36,2024-11-07,814,N,VIIRS,n,2,298.43,2.72,D,0
31.97425,73.77943,332.96,0.4,0.37,2024-11-07,814,N,VIIRS,n,2,298.36,2.35,D,0
31.97851,70.90968,343.78,0.39,0.36,2024-11-07,814,N,VIIRS,n,2,298.44,4.33,D,0
31.97877,73.04108,330.3,0.39,0.36,2024-11-07,814,N,VIIRS,n,2,298.12,2.27,D,0
31.98176,74.6394,333.1,0.42,0.38,2024-11-07,814,N,VIIRS,n,2,299.5,3.03,D,0
31.99384,74.59594,346.67,0.42,0.38,2024-11-07,814,N,VIIRS,n,2,300.01,7.82,D,0
32.00842,74.65297,335.53,0.42,0.38,2024-11-07,814,N,VIIRS,n,2,299,2.9,D,0
32.00862,73.29898,333.65,0.39,0.36,2024-11-07,814,N,VIIRS,n,2,298.63,4.21,D,0
32.00872,74.95991,333.52,0.43,0.38,2024-11-07,814,N,VIIRS,n,2,300.56,2.59,D,0
32.01242,74.62926,350.57,0.42,0.38,2024-11-07,814,N,VIIRS,n,2,301.77,7.98,D,0
32.01301,74.63376,334.58,0.42,0.38,2024-11-07,814,N,VIIRS,n,2,299.13,7.98,D,0
32.01311,74.47386,332.62,0.42,0.38,2024-11-07,814,N,VIIRS,n,2,298.76,2.78,D,0
32.01314,73.30664,331.68,0.39,0.36,2024-11-07,814,N,VIIRS,n,2,299.21,2.45,D,0
32.01365,73.38364,331,0.39,0.37,2024-11-07,814,N,VIIRS,n,2,298.51,1.53,D,0
32.0144,73.41353,330.19,0.4,0.37,2024-11-07,814,N,VIIRS,n,2,299.58,1.93,D,0
32.01589,74.62864,339.5,0.42,0.38,2024-11-07,814,N,VIIRS,n,2,298.57,7.19,D,0
32.01684,73.35729,334.63,0.39,0.37,2024-11-07,814,N,VIIRS,n,2,298.48,2.85,D,0
32.01729,73.46811,329.17,0.4,0.37,2024-11-07,814,N,VIIRS,l,2,299.96,3.35,D,0
32.01732,73.43444,338.99,0.4,0.37,2024-11-07,814,N,VIIRS,n,2,300.63,7.99,D,0
32.01775,73.41288,331.79,0.4,0.37,2024-11-07,814,N,VIIRS,n,2,300,2.32,D,0
32.02169,73.41641,329.34,0.4,0.37,2024-11-07,814,N,VIIRS,n,2,298.46,2.1,D,0
32.02802,74.91419,332.48,0.43,0.38,2024-11-07,814,N,VIIRS,n,2,299.23,2.56,D,0
32.03004,72.44273,334.21,0.39,0.36,2024-11-07,814,N,VIIRS,n,2,298.47,2.68,D,0
32.03101,73.38455,331.59,0.39,0.37,2024-11-07,814,N,VIIRS,n,2,299.09,2.03,D,0
32.03685,74.9832,336.32,0.44,0.38,2024-11-07,814,N,VIIRS,n,2,298.52,3.19,D,0
32.04071,73.5031,345.24,0.4,0.37,2024-11-07,814,N,VIIRS,n,2,300.22,4.92,D,0
32.04316,74.64671,341.23,0.42,0.38,2024-11-07,814,N,VIIRS,n,2,299.71,5.15,D,0
32.04408,73.50245,349.06,0.4,0.37,2024-11-07,814,N,VIIRS,n,2,302.48,18.47,D,0
32.0466,73.37293,330.24,0.39,0.37,2024-11-07,814,N,VIIRS,n,2,299.41,2.32,D,0
32.04663,74.64609,335.69,0.42,0.38,2024-11-07,814,N,VIIRS,n,2,298.8,4.11,D,0
32.04718,73.37711,338.3,0.39,0.37,2024-11-07,814,N,VIIRS,n,2,300.38,6.67,D,0
32.04832,73.71307,333.59,0.4,0.37,2024-11-07,814,N,VIIRS,n,2,298.04,2.75,D,0
32.04842,74.65958,331.53,0.42,0.38,2024-11-07,814,N,VIIRS,n,2,297.61,5.05,D,0
32.04842,74.87776,330.44,0.43,0.38,2024-11-07,814,N,VIIRS,n,2,298.74,1.98,D,0
32.05293,73.32027,343.17,0.39,0.36,2024-11-07,814,N,VIIRS,n,2,299.11,4.81,D,0
32.06034,74.74986,334.13,0.43,0.38,2024-11-07,814,N,VIIRS,n,2,300.34,5.78,D,0
32.06162,74.78678,334.19,0.43,0.38,2024-11-07,814,N,VIIRS,n,2,299.23,2.39,D,0
32.06587,74.4607,338.07,0.42,0.38,2024-11-07,814,N,VIIRS,n,2,298.86,2.82,D,0
32.06887,73.2872,330.73,0.39,0.36,2024-11-07,814,N,VIIRS,n,2,298.5,1.85,D,0
32.06942,74.51471,333.12,0.42,0.38,2024-11-07,814,N,VIIRS,n,2,299.12,2.79,D,0
32.09964,75.27802,334.14,0.45,0.39,2024-11-07,814,N,VIIRS,n,2,298.97,2.39,D,0
32.10398,73.34032,341.88,0.39,0.37,2024-11-07,814,N,VIIRS,n,2,299.35,5.88,D,0
32.10656,73.52924,333.14,0.4,0.37,2024-11-07,814,N,VIIRS,n,2,298.45,3.08,D,0
32.11193,72.40136,332.04,0.39,0.36,2024-11-07,814,N,VIIRS,n,2,298.55,3.32,D,0
32.11408,73.41137,331.23,0.4,0.37,2024-11-07,814,N,VIIRS,n,2,298.9,7.32,D,0
32.11565,73.39817,332.56,0.4,0.37,2024-11-07,814,N,VIIRS,n,2,298.42,4.96,D,0
32.11623,73.82337,334.47,0.4,0.37,2024-11-07,814,N,VIIRS,n,2,299.14,2.57,D,0
32.11625,73.40236,342.23,0.4,0.37,2024-11-07,814,N,VIIRS,n,2,300.14,4.96,D,0
32.11675,73.39925,342.44,0.4,0.37,2024-11-07,814,N,VIIRS,n,2,300.12,6.01,D,0
32.11682,73.82764,330.32,0.4,0.37,2024-11-07,814,N,VIIRS,n,2,299.02,2.57,D,0
32.11718,73.37766,332.04,0.4,0.37,2024-11-07,814,N,VIIRS,n,2,298.49,2.82,D,0
32.11734,73.40343,331.56,0.4,0.37,2024-11-07,814,N,VIIRS,n,2,298.1,6.01,D,0
32.11744,73.41072,354.29,0.4,0.37,2024-11-07,814,N,VIIRS,n,2,302.35,7.32,D,0
32.11851,73.41181,347.29,0.4,0.37,2024-11-07,814,N,VIIRS,n,2,300.76,13.82,D,0
32.11893,73.39022,332.25,0.4,0.37,2024-11-07,814,N,VIIRS,n,2,298.64,2.93,D,0
32.12041,73.43166,334.79,0.4,0.37,2024-11-07,814,N,VIIRS,n,2,298.16,2.46,D,0
32.12073,74.50081,330.67,0.42,0.38,2024-11-07,814,N,VIIRS,n,2,299.2,2.83,D,0
32.12143,73.43278,335.16,0.4,0.37,2024-11-07,814,N,VIIRS,n,2,298.83,5.32,D,0
32.12338,73.526,332.49,0.4,0.37,2024-11-07,814,N,VIIRS,n,2,298.39,4.67,D,0
32.12397,73.53021,346.83,0.4,0.37,2024-11-07,814,N,VIIRS,n,2,300.14,4.67,D,0
32.12419,74.50018,331.17,0.42,0.38,2024-11-07,814,N,VIIRS,n,2,299.32,2.83,D,0
32.12479,73.43213,336.31,0.4,0.37,2024-11-07,814,N,VIIRS,n,2,298.13,5.32,D,0
32.12537,73.43633,346.78,0.4,0.37,2024-11-07,814,N,VIIRS,n,2,300.62,5.32,D,0
32.12734,73.52956,329.62,0.4,0.37,2024-11-07,814,N,VIIRS,n,2,297.93,4.67,D,0
32.12873,73.43568,329.73,0.4,0.37,2024-11-07,814,N,VIIRS,n,2,297.58,2.85,D,0
32.13865,75.21329,342.18,0.44,0.39,2024-11-07,814,N,VIIRS,n,2,299.8,5.33,D,0
32.14382,75.18017,329.82,0.44,0.39,2024-11-07,814,N,VIIRS,n,2,298.7,1.88,D,0
32.14399,74.73136,331.91,0.43,0.38,2024-11-07,814,N,VIIRS,n,2,298.32,4.55,D,0
32.1467,73.4408,330.37,0.4,0.37,2024-11-07,814,N,VIIRS,n,2,298.4,2.37,D,0
32.14764,74.59671,329.97,0.42,0.38,2024-11-07,814,N,VIIRS,n,2,297.76,2.64,D,0
32.15796,73.44724,329.87,0.4,0.37,2024-11-07,814,N,VIIRS,n,2,298.44,1.96,D,0
32.15887,73.5032,333.25,0.4,0.37,2024-11-07,814,N,VIIRS,n,2,299.69,2.76,D,0
32.17577,75.29063,331.03,0.45,0.39,2024-11-07,814,N,VIIRS,l,2,301.33,2.47,D,0
32.17815,75.2805,332.58,0.45,0.39,2024-11-07,814,N,VIIRS,n,2,299.95,2.69,D,0
32.18107,73.46435,330.86,0.4,0.37,2024-11-07,814,N,VIIRS,n,2,298.29,2.38,D,0
32.19133,73.48829,342.07,0.4,0.37,2024-11-07,814,N,VIIRS,n,2,298.58,6.73,D,0
32.20361,73.47726,332.51,0.4,0.37,2024-11-07,814,N,VIIRS,n,2,297.14,2.26,D,0
32.20373,75.31011,344.97,0.45,0.39,2024-11-07,814,N,VIIRS,n,2,300.19,6.58,D,0
32.2077,75.169,331.23,0.44,0.39,2024-11-07,814,N,VIIRS,n,2,300.96,2.15,D,0
32.21106,73.57981,344.13,0.4,0.37,2024-11-07,814,N,VIIRS,n,2,299.63,4.1,D,0
32.22877,73.70712,332.89,0.4,0.37,2024-11-07,814,N,VIIRS,n,2,299.2,2.89,D,0
32.23148,74.4682,331.71,0.42,0.38,2024-11-07,814,N,VIIRS,n,2,300.47,2.71,D,0
32.241,73.8716,336.79,0.41,0.37,2024-11-07,814,N,VIIRS,n,2,300.35,2.85,D,0
32.249,75.32179,335.98,0.45,0.39,2024-11-07,814,N,VIIRS,n,2,300.23,5.77,D,0
32.25805,75.36424,329.65,0.45,0.39,2024-11-07,814,N,VIIRS,n,2,300.41,1.35,D,0
32.26594,75.32568,333,0.45,0.39,2024-11-07,814,N,VIIRS,n,2,299.64,1.59,D,0
32.26748,75.32346,333.31,0.45,0.39,2024-11-07,814,N,VIIRS,n,2,300.22,3.79,D,0
32.26818,75.35759,338.31,0.45,0.39,2024-11-07,814,N,VIIRS,n,2,300.97,4.27,D,0
32.26826,75.37429,329.13,0.45,0.39,2024-11-07,814,N,VIIRS,l,2,301.33,2.5,D,0
32.27002,75.372,332.8,0.45,0.39,2024-11-07,814,N,VIIRS,n,2,301.49,2.36,D,0
32.27007,75.35925,335.56,0.45,0.39,2024-11-07,814,N,VIIRS,n,2,302.9,10.06,D,0
32.27039,74.52068,334.87,0.42,0.38,2024-11-07,814,N,VIIRS,n,2,298.57,2.44,D,0
32.27107,74.51785,332.3,0.42,0.38,2024-11-07,814,N,VIIRS,n,2,299.33,2.07,D,0
32.27159,74.52964,331.1,0.42,0.38,2024-11-07,814,N,VIIRS,n,2,299,2.62,D,0
32.27176,75.35698,340.95,0.45,0.39,2024-11-07,814,N,VIIRS,n,2,300.47,4.27,D,0
32.27237,75.36178,347.55,0.45,0.39,2024-11-07,814,N,VIIRS,n,2,302.1,9.39,D,0
32.27282,74.53132,334.93,0.42,0.38,2024-11-07,814,N,VIIRS,n,2,298.87,2.83,D,0
32.27424,75.36344,340.47,0.45,0.39,2024-11-07,814,N,VIIRS,n,2,300.72,13.26,D,0
32.27782,75.36282,344.78,0.45,0.39,2024-11-07,814,N,VIIRS,n,2,300.8,13.26,D,0
32.28695,73.87614,330.87,0.41,0.37,2024-11-07,814,N,VIIRS,n,2,298.32,2.68,D,0
32.28765,72.55888,333.57,0.39,0.36,2024-11-07,814,N,VIIRS,n,2,298.2,2.82,D,0
32.29885,74.54037,331.92,0.42,0.38,2024-11-07,814,N,VIIRS,n,2,298.61,1.72,D,0
32.34689,74.06129,338.43,0.41,0.37,2024-11-07,814,N,VIIRS,n,2,300.81,4.27,D,0
32.34748,74.06564,347.47,0.41,0.37,2024-11-07,814,N,VIIRS,n,2,299.97,7.85,D,0
32.35879,74.20269,332.95,0.41,0.37,2024-11-07,814,N,VIIRS,n,2,299.52,3.86,D,0
32.35952,74.51554,332.11,0.42,0.38,2024-11-07,814,N,VIIRS,n,2,299.95,4.26,D,0
32.36222,74.20206,331.97,0.41,0.37,2024-11-07,814,N,VIIRS,n,2,298.27,3.03,D,0
32.36519,74.85917,332.08,0.43,0.38,2024-11-07,814,N,VIIRS,n,2,299.43,4.07,D,0
32.38621,74.66335,334.27,0.43,0.38,2024-11-07,814,N,VIIRS,n,2,300.4,3.69,D,0
32.42435,74.6207,332.22,0.43,0.38,2024-11-07,814,N,VIIRS,n,2,300.45,2.13,D,0
32.56392,74.64791,337.57,0.43,0.38,2024-11-07,814,N,VIIRS,n,2,300.29,8.3,D,0
32.58044,74.42243,331.99,0.42,0.38,2024-11-07,814,N,VIIRS,n,2,300.66,2.03,D,0
32.58154,74.41909,336.86,0.42,0.38,2024-11-07,814,N,VIIRS,n,2,300.17,2.92,D,0
32.59459,73.28281,332.57,0.4,0.37,2024-11-07,814,N,VIIRS,n,2,297.64,4.6,D,0
32.61416,74.56117,334.89,0.43,0.38,2024-11-07,814,N,VIIRS,n,2,299.55,3.34,D,0
32.77742,74.5513,333.56,0.43,0.38,2024-11-07,814,N,VIIRS,n,2,299.95,2.69,D,0
33.80687,73.74422,326.51,0.41,0.37,2024-11-07,815,N,VIIRS,n,2,298.23,3.27,D,0
34.04466,73.99364,327.11,0.42,0.38,2024-11-07,815,N,VIIRS,l,2,297.75,3.15,D,0
32.71636,72.77702,307.41,0.51,0.41,2024-11-07,2037,N,VIIRS,n,2,289.18,0.65,N,0
33.34234,75.46355,297.51,0.41,0.37,2024-11-07,2037,N,VIIRS,n,2,279.51,1.3,N,0
33.3688,75.06934,303.35,0.42,0.38,2024-11-07,2037,N,VIIRS,n,2,279.35,1.37,N,0
33.41229,70.32815,308.63,0.46,0.47,2024-11-07,2037,N,VIIRS,n,2,280.94,1.48,N,0
33.51632,75.31182,300.86,0.41,0.37,2024-11-07,2037,N,VIIRS,n,2,282.01,0.96,N,0
33.68909,72.71248,300.8,0.52,0.42,2024-11-07,2037,N,VIIRS,n,2,282,1.22,N,2
33.90301,71.91625,301.71,0.38,0.43,2024-11-07,2037,N,VIIRS,n,2,288.89,0.68,N,2
34.01916,73.44669,303.44,0.49,0.4,2024-11-07,2037,N,VIIRS,n,2,282.96,0.79,N,0
29.36049,74.26605,302.21,0.41,0.37,2024-11-07,2038,N,VIIRS,n,2,291.52,0.6,N,0
29.51211,74.96283,308.73,0.4,0.37,2024-11-07,2038,N,VIIRS,n,2,291.87,0.77,N,0
29.52307,75.32274,303.31,0.39,0.36,2024-11-07,2038,N,VIIRS,n,2,290.67,0.45,N,0
29.52366,75.31871,302.29,0.39,0.36,2024-11-07,2038,N,VIIRS,n,2,291.28,0.77,N,0
29.56772,74.92127,302.43,0.4,0.37,2024-11-07,2038,N,VIIRS,n,2,290.79,0.61,N,0
29.6381,75.03162,303.56,0.4,0.37,2024-11-07,2038,N,VIIRS,n,2,291.28,0.56,N,0
29.64994,75.17072,302.22,0.4,0.37,2024-11-07,2038,N,VIIRS,n,2,290.91,0.5,N,0
29.68091,75.14736,306.34,0.4,0.37,2024-11-07,2038,N,VIIRS,n,2,291,0.84,N,0
29.91122,74.76066,308.84,0.4,0.37,2024-11-07,2038,N,VIIRS,n,2,290.67,0.85,N,0
30.21575,71.80161,311.28,0.53,0.42,2024-11-07,2038,N,VIIRS,n,2,292.66,1.94,N,0
30.89526,74.52909,328.77,0.42,0.37,2024-11-07,2038,N,VIIRS,n,2,292.09,1.75,N,0
31.04329,71.92136,316.47,0.53,0.42,2024-11-07,2038,N,VIIRS,n,2,291.93,1.79,N,0
31.10896,71.96615,314.46,0.53,0.42,2024-11-07,2038,N,VIIRS,n,2,291.57,1.73,N,0
31.61513,74.37649,306.32,0.43,0.38,2024-11-07,2038,N,VIIRS,n,2,290.94,0.34,N,2
31.62991,74.4252,300.92,0.43,0.38,2024-11-07,2038,N,VIIRS,n,2,290.67,0.39,N,0
31.65292,74.17457,330.32,0.43,0.38,2024-11-07,2038,N,VIIRS,n,2,292.11,2.84,N,2
27.94693,72.28375,332.42,0.39,0.44,2024-11-08,754,N,VIIRS,n,2,306.05,1.53,D,0
28.30537,75.37109,342.67,0.42,0.38,2024-11-08,754,N,VIIRS,n,2,310.15,1.75,D,0
28.55091,70.62342,334.3,0.46,0.47,2024-11-08,755,N,VIIRS,n,2,303.13,2.86,D,0
28.87844,70.79105,341.53,0.45,0.47,2024-11-08,755,N,VIIRS,n,2,301.12,4.91,D,0
29.1506,73.35867,340.47,0.49,0.4,2024-11-08,755,N,VIIRS,n,2,303.9,3.03,D,0
29.20569,73.19832,330.57,0.5,0.41,2024-11-08,755,N,VIIRS,l,2,303.58,2.12,D,0
29.2084,73.50512,335.15,0.48,0.4,2024-11-08,755,N,VIIRS,n,2,305,2.86,D,0
29.20846,73.19235,340.42,0.5,0.41,2024-11-08,755,N,VIIRS,n,2,305.17,11.03,D,0
29.20853,73.19027,333.54,0.5,0.41,2024-11-08,755,N,VIIRS,l,2,304.68,4.86,D,0
29.21206,73.50423,332.06,0.48,0.4,2024-11-08,755,N,VIIRS,n,2,302.91,2.65,D,0
29.21567,73.52386,334.03,0.48,0.4,2024-11-08,755,N,VIIRS,l,2,306.15,2.34,D,0
29.22655,73.54172,333.69,0.48,0.4,2024-11-08,755,N,VIIRS,n,2,302.64,2.7,D,0
29.23879,73.12448,345,0.5,0.41,2024-11-08,755,N,VIIRS,n,2,305.79,11.26,D,0
29.24559,73.56268,334.62,0.48,0.4,2024-11-08,755,N,VIIRS,n,2,303.57,2.04,D,0
29.30659,73.66969,335.47,0.47,0.4,2024-11-08,755,N,VIIRS,n,2,306.71,3.13,D,0
29.30697,73.7348,340.02,0.47,0.4,2024-11-08,755,N,VIIRS,n,2,305.3,4.71,D,0
29.33702,73.69531,347.69,0.47,0.4,2024-11-08,755,N,VIIRS,n,2,308.85,22.95,D,0
29.34209,74.2432,334.17,0.45,0.39,2024-11-08,755,N,VIIRS,n,2,305.6,1.89,D,0
29.34928,73.97174,340.81,0.46,0.39,2024-11-08,755,N,VIIRS,n,2,305.09,2.47,D,0
29.35608,75.43867,340.5,0.41,0.37,2024-11-08,755,N,VIIRS,n,2,306.11,3.7,D,0
29.3743,74.00237,332.13,0.46,0.39,2024-11-08,755,N,VIIRS,n,2,303.86,4.12,D,0
29.37515,74.00704,333.69,0.46,0.39,2024-11-08,755,N,VIIRS,n,2,306.31,7.22,D,0
29.41748,74.036,334.85,0.45,0.39,2024-11-08,755,N,VIIRS,l,2,307.75,3.54,D,0
29.42126,74.01572,340.31,0.46,0.39,2024-11-08,755,N,VIIRS,n,2,312.39,15.94,D,0
29.42482,74.01488,333.83,0.46,0.39,2024-11-08,755,N,VIIRS,n,2,303.65,15.94,D,0
29.43816,73.75322,331.83,0.47,0.39,2024-11-08,755,N,VIIRS,l,2,306.61,1.68,D,0
29.4471,74.07741,344,0.45,0.39,2024-11-08,755,N,VIIRS,n,2,308.51,16.87,D,0
29.45594,73.93944,336.01,0.46,0.39,2024-11-08,755,N,VIIRS,n,2,305.83,2.45,D,0
29.45668,73.93611,331.58,0.46,0.39,2024-11-08,755,N,VIIRS,n,2,306.22,1.4,D,0
29.47849,71.17921,340.66,0.42,0.45,2024-11-08,755,N,VIIRS,n,2,302.37,3.72,D,0
29.47992,71.17941,338.45,0.42,0.45,2024-11-08,755,N,VIIRS,n,2,302.39,3.13,D,0
29.48395,74.09769,341.37,0.45,0.39,2024-11-08,755,N,VIIRS,n,2,309.9,15.53,D,0
29.48601,74.54517,347.24,0.43,0.38,2024-11-08,755,N,VIIRS,n,2,306.9,7.18,D,0
29.48625,74.09876,343.7,0.45,0.39,2024-11-08,755,N,VIIRS,n,2,311.83,33.67,D,0
29.48679,74.5496,335.04,0.43,0.38,2024-11-08,755,N,VIIRS,n,2,306.13,4.56,D,0
29.4875,74.09687,343.56,0.45,0.39,2024-11-08,755,N,VIIRS,n,2,305.31,14.69,D,0
29.49208,74.04923,337.5,0.45,0.39,2024-11-08,755,N,VIIRS,n,2,306.95,3.42,D,0
29.52436,74.57796,334.28,0.43,0.38,2024-11-08,755,N,VIIRS,l,2,304.89,3.69,D,0
29.52511,74.17117,330.05,0.45,0.39,2024-11-08,755,N,VIIRS,l,2,304.92,1.2,D,0
29.52514,74.58241,334.98,0.43,0.38,2024-11-08,755,N,VIIRS,l,2,306.73,3.69,D,0
29.53692,75.3046,334.23,0.41,0.37,2024-11-08,755,N,VIIRS,n,2,302.63,2.75,D,0
29.5663,74.29922,334.36,0.44,0.39,2024-11-08,755,N,VIIRS,n,2,306.06,10.44,D,0
29.56981,74.2984,337.4,0.44,0.39,2024-11-08,755,N,VIIRS,l,2,308.31,10.44,D,0
29.57989,74.37598,332.26,0.44,0.38,2024-11-08,755,N,VIIRS,n,2,304.56,2.14,D,0
29.58353,74.41724,338.35,0.44,0.38,2024-11-08,755,N,VIIRS,n,2,307.03,5.47,D,0
29.58818,74.29887,332.89,0.44,0.39,2024-11-08,755,N,VIIRS,n,2,304.04,2.89,D,0
29.59196,74.52683,333.49,0.43,0.38,2024-11-08,755,N,VIIRS,l,2,305.36,2.32,D,0
29.59296,74.22208,334.43,0.45,0.39,2024-11-08,755,N,VIIRS,n,2,303.95,1.46,D,0
29.59728,74.47462,332.19,0.44,0.38,2024-11-08,755,N,VIIRS,l,2,305.18,1.9,D,0
29.5984,74.31537,342.5,0.44,0.38,2024-11-08,755,N,VIIRS,n,2,306.08,4.06,D,0
29.60558,74.14768,342.19,0.45,0.39,2024-11-08,755,N,VIIRS,n,2,309.49,9.99,D,0
29.60781,74.14864,336.2,0.45,0.39,2024-11-08,755,N,VIIRS,n,2,308.21,7.38,D,0
29.62246,75.25205,344.14,0.41,0.37,2024-11-08,755,N,VIIRS,n,2,302.62,4.4,D,0
29.62549,75.29078,330.79,0.41,0.37,2024-11-08,755,N,VIIRS,n,2,301.42,1.54,D,0
29.6357,74.50756,334.88,0.43,0.38,2024-11-08,755,N,VIIRS,l,2,308.01,14.63,D,0
29.68586,74.58837,334.26,0.43,0.38,2024-11-08,755,N,VIIRS,n,2,304.75,3.63,D,0
29.6864,74.58941,341.17,0.43,0.38,2024-11-08,755,N,VIIRS,n,2,304.05,3.98,D,0
29.6916,74.24801,334.13,0.44,0.39,2024-11-08,755,N,VIIRS,n,2,307.57,1.1,D,0
29.73414,74.4072,334.9,0.44,0.38,2024-11-08,755,N,VIIRS,n,2,305.74,2.2,D,0
29.75269,74.63844,335.59,0.43,0.38,2024-11-08,755,N,VIIRS,l,2,305.64,5.25,D,0
29.77896,74.93547,332.38,0.42,0.38,2024-11-08,755,N,VIIRS,n,2,304.14,1.99,D,0
29.7933,75.38956,335.13,0.41,0.37,2024-11-08,755,N,VIIRS,n,2,304.32,2.74,D,0
29.80158,72.81796,347.15,0.51,0.41,2024-11-08,755,N,VIIRS,n,2,304.2,9.92,D,0
29.80158,72.82063,343.96,0.51,0.41,2024-11-08,755,N,VIIRS,n,2,303.43,7.7,D,0
29.80964,75.40333,332.66,0.41,0.37,2024-11-08,755,N,VIIRS,n,2,302.27,1.23,D,0
29.81829,72.55708,334.62,0.52,0.42,2024-11-08,755,N,VIIRS,n,2,300.5,4.93,D,0
29.82146,75.37097,337.54,0.41,0.37,2024-11-08,755,N,VIIRS,n,2,303.59,5.7,D,0
29.83125,72.79153,332.6,0.51,0.41,2024-11-08,755,N,VIIRS,n,2,303.16,5.26,D,0
29.83536,74.36195,333.94,0.44,0.38,2024-11-08,755,N,VIIRS,n,2,306.41,2.19,D,0
29.83895,75.45379,331.31,0.41,0.37,2024-11-08,755,N,VIIRS,l,2,302.94,1.95,D,0
29.84863,75.03122,332.01,0.42,0.37,2024-11-08,755,N,VIIRS,n,2,301.54,4.32,D,0
29.85986,74.52338,331.45,0.43,0.38,2024-11-08,755,N,VIIRS,l,2,305.34,1.86,D,0
29.87554,75.46305,332.23,0.41,0.37,2024-11-08,755,N,VIIRS,n,2,302.51,3.64,D,0
29.87892,75.4623,342.59,0.41,0.37,2024-11-08,755,N,VIIRS,n,2,301.92,3.64,D,0
29.88811,75.14275,339.57,0.41,0.37,2024-11-08,755,N,VIIRS,n,2,305.75,8.18,D,0
29.88852,75.14172,341.24,0.41,0.37,2024-11-08,755,N,VIIRS,n,2,305.25,5.48,D,0
29.89153,74.95586,342.71,0.42,0.38,2024-11-08,755,N,VIIRS,n,2,305.05,9.59,D,0
29.89732,75.17591,335.39,0.41,0.37,2024-11-08,755,N,VIIRS,n,2,301.67,3.65,D,0
29.8983,74.39129,338.26,0.44,0.38,2024-11-08,755,N,VIIRS,n,2,307.35,4.43,D,0
29.90536,72.33448,331.77,0.53,0.42,2024-11-08,755,N,VIIRS,n,2,300.12,1.81,D,0
29.91453,74.62731,346.55,0.43,0.38,2024-11-08,755,N,VIIRS,n,2,304.54,7.43,D,0
29.91525,75.19826,331.54,0.41,0.37,2024-11-08,755,N,VIIRS,n,2,301.34,2.03,D,0
29.92299,75.49577,336.47,0.4,0.37,2024-11-08,755,N,VIIRS,n,2,302.1,3.29,D,0
29.9231,75.16137,343.45,0.41,0.37,2024-11-08,755,N,VIIRS,n,2,302.54,5.06,D,0
29.92529,74.60657,347.21,0.43,0.38,2024-11-08,755,N,VIIRS,n,2,304.78,7.73,D,0
29.93259,75.32116,332.72,0.41,0.37,2024-11-08,755,N,VIIRS,n,2,302.28,1.48,D,0
29.94179,75.37564,334.54,0.41,0.37,2024-11-08,755,N,VIIRS,l,2,304.54,23.27,D,0
29.94856,74.89381,335.18,0.42,0.38,2024-11-08,755,N,VIIRS,n,2,302.93,2.33,D,0
29.95418,74.90598,337.56,0.42,0.38,2024-11-08,755,N,VIIRS,n,2,304.04,2.57,D,0
29.95502,75.43337,334.74,0.41,0.37,2024-11-08,755,N,VIIRS,n,2,301.48,1.55,D,0
29.96334,75.25327,332.56,0.41,0.37,2024-11-08,755,N,VIIRS,n,2,301.77,3.19,D,0
29.97272,75.05759,331.47,0.41,0.37,2024-11-08,755,N,VIIRS,l,2,302.6,3.39,D,0
29.97274,73.0229,332.29,0.49,0.41,2024-11-08,755,N,VIIRS,n,2,301.38,2.91,D,0
29.97369,73.02796,339.77,0.49,0.41,2024-11-08,755,N,VIIRS,n,2,302.57,6.24,D,0
29.98048,74.9863,333.68,0.42,0.37,2024-11-08,755,N,VIIRS,n,2,302.94,4.41,D,0
29.98441,75.25296,343.99,0.41,0.37,2024-11-08,755,N,VIIRS,n,2,306.42,7.27,D,0
29.98482,75.21347,341.3,0.41,0.37,2024-11-08,755,N,VIIRS,n,2,305.21,9.01,D,0
29.98641,74.75181,343.95,0.42,0.38,2024-11-08,755,N,VIIRS,n,2,303.34,4.11,D,0
29.9878,75.2522,338.78,0.41,0.37,2024-11-08,755,N,VIIRS,n,2,301.79,7.27,D,0
29.99883,74.80316,334.96,0.42,0.38,2024-11-08,755,N,VIIRS,n,2,303.11,3.94,D,0
30.00955,75.21804,341.02,0.41,0.37,2024-11-08,755,N,VIIRS,n,2,303.29,3.94,D,0
30.01001,75.21663,345.25,0.41,0.37,2024-11-08,755,N,VIIRS,n,2,303.82,4.16,D,0
30.01223,73.33624,342.47,0.48,0.4,2024-11-08,755,N,VIIRS,n,2,307.21,3.79,D,0
30.02393,74.88726,339.68,0.42,0.38,2024-11-08,755,N,VIIRS,n,2,302.71,3.73,D,0
30.0426,75.18439,334.2,0.41,0.37,2024-11-08,755,N,VIIRS,l,2,305.76,6.67,D,0
30.04307,75.08304,338.37,0.41,0.37,2024-11-08,755,N,VIIRS,n,2,304.15,4.83,D,0
30.04849,75.24001,346.74,0.41,0.37,2024-11-08,755,N,VIIRS,n,2,304.95,6,D,0
30.05493,75.38224,334.24,0.41,0.37,2024-11-08,755,N,VIIRS,n,2,302.58,2.06,D,0
30.05599,75.24271,336.16,0.41,0.37,2024-11-08,755,N,VIIRS,n,2,303.32,2.86,D,0
30.0569,75.37314,344.18,0.41,0.37,2024-11-08,755,N,VIIRS,n,2,306.97,15.63,D,0
30.0583,75.3815,333.79,0.41,0.37,2024-11-08,755,N,VIIRS,n,2,301.58,2,D,0
30.05943,74.2349,332.52,0.44,0.38,2024-11-08,755,N,VIIRS,n,2,304.25,1.6,D,0
30.0731,75.36522,339.76,0.41,0.37,2024-11-08,755,N,VIIRS,n,2,302.59,2.88,D,0
30.08431,75.03397,337.24,0.41,0.37,2024-11-08,755,N,VIIRS,n,2,304.31,7.39,D,0
30.09501,75.41236,333.07,0.4,0.37,2024-11-08,755,N,VIIRS,n,2,302.34,1.39,D,0
30.09641,74.94338,335.64,0.42,0.37,2024-11-08,755,N,VIIRS,n,2,305.27,11.34,D,0
30.09743,75.03198,334.94,0.41,0.37,2024-11-08,755,N,VIIRS,n,2,305.2,4.86,D,0
30.09918,73.39687,334.15,0.47,0.4,2024-11-08,755,N,VIIRS,n,2,302.97,2.75,D,0
30.10007,73.40174,333.98,0.47,0.4,2024-11-08,755,N,VIIRS,n,2,303.48,3.6,D,0
30.10246,75.41504,347.13,0.4,0.37,2024-11-08,755,N,VIIRS,n,2,303.59,12.94,D,0
30.10341,75.33678,331.18,0.41,0.37,2024-11-08,755,N,VIIRS,n,2,302.59,2.49,D,0
30.1074,75.06956,334.69,0.41,0.37,2024-11-08,755,N,VIIRS,n,2,302.07,3.52,D,0
30.11856,75.09353,336.6,0.41,0.37,2024-11-08,755,N,VIIRS,n,2,302.75,2.55,D,0
30.1289,75.25793,344.04,0.41,0.37,2024-11-08,755,N,VIIRS,n,2,306.1,11.84,D,0
30.13258,72.96481,345.85,0.49,0.41,2024-11-08,755,N,VIIRS,n,2,302.75,10.27,D,0
30.13599,75.13367,330.14,0.41,0.37,2024-11-08,755,N,VIIRS,l,2,303.93,1.79,D,0
30.13666,74.48695,339.7,0.43,0.38,2024-11-08,755,N,VIIRS,n,2,302.96,3.87,D,0
30.14083,75.14138,333.12,0.41,0.37,2024-11-08,755,N,VIIRS,n,2,303.05,1.62,D,0
30.14135,74.9154,331.68,0.42,0.37,2024-11-08,755,N,VIIRS,n,2,303.17,2.65,D,0
30.1455,75.21052,339.45,0.41,0.37,2024-11-08,755,N,VIIRS,n,2,306.44,8.98,D,0
30.15067,75.1787,335.23,0.41,0.37,2024-11-08,755,N,VIIRS,n,2,304.04,5.37,D,0
30.15853,73.37434,336.37,0.47,0.4,2024-11-08,755,N,VIIRS,n,2,303.19,3.35,D,0
30.16011,75.25536,338.08,0.41,0.37,2024-11-08,755,N,VIIRS,n,2,303.64,4.54,D,0
30.16086,74.94665,334.37,0.42,0.37,2024-11-08,755,N,VIIRS,n,2,302.57,4.28,D,0
30.16443,75.1141,330.39,0.41,0.37,2024-11-08,755,N,VIIRS,l,2,301.71,2.01,D,0
30.16451,75.30232,339.33,0.41,0.37,2024-11-08,755,N,VIIRS,n,2,303.11,3.54,D,0
30.1648,75.34573,335.65,0.41,0.37,2024-11-08,755,N,VIIRS,n,2,303.15,2.39,D,0
30.16733,74.66283,333.66,0.42,0.38,2024-11-08,755,N,VIIRS,n,2,303.77,3.05,D,0
30.16818,75.34497,336.7,0.41,0.37,2024-11-08,755,N,VIIRS,n,2,307.24,24.8,D,0
30.16846,73.3872,332.77,0.47,0.4,2024-11-08,755,N,VIIRS,n,2,302.13,3.66,D,0
30.17128,72.93752,336.83,0.49,0.41,2024-11-08,755,N,VIIRS,n,2,302.35,4.08,D,0
30.17481,75.13378,330.36,0.41,0.37,2024-11-08,755,N,VIIRS,n,2,302.1,2.05,D,0
30.17713,74.40833,349.32,0.43,0.38,2024-11-08,755,N,VIIRS,n,2,307.9,15.11,D,0
30.17876,74.68745,336.47,0.42,0.38,2024-11-08,755,N,VIIRS,n,2,303.78,2.97,D,0
30.17893,75.45079,332.76,0.4,0.37,2024-11-08,755,N,VIIRS,n,2,301.33,1.6,D,0
30.18183,75.36364,331.98,0.41,0.37,2024-11-08,755,N,VIIRS,l,2,302.83,1.35,D,0
30.19336,75.36976,342.41,0.41,0.37,2024-11-08,755,N,VIIRS,n,2,308.36,18.18,D,0
30.19598,74.68352,341.53,0.42,0.38,2024-11-08,755,N,VIIRS,n,2,304.16,4.31,D,0
30.19828,73.59122,334.31,0.46,0.39,2024-11-08,755,N,VIIRS,n,2,302.68,3.34,D,0
30.20045,75.30739,335.95,0.41,0.37,2024-11-08,755,N,VIIRS,n,2,303.82,5.85,D,0
30.20463,70.63411,340.48,0.43,0.46,2024-11-08,755,N,VIIRS,n,2,299.47,10.85,D,0
30.2155,75.33447,334.26,0.41,0.37,2024-11-08,755,N,VIIRS,n,2,301.91,2.18,D,0
30.21659,75.17274,333.65,0.41,0.37,2024-11-08,755,N,VIIRS,n,2,304.07,5.36,D,0
30.22121,75.26357,337.84,0.41,0.37,2024-11-08,755,N,VIIRS,n,2,302.82,4.81,D,0
30.22307,74.69545,333.85,0.42,0.38,2024-11-08,755,N,VIIRS,n,2,302.47,4.38,D,0
30.22643,74.79845,333.77,0.42,0.38,2024-11-08,755,N,VIIRS,n,2,302.92,5.03,D,0
30.23194,72.45541,335.84,0.52,0.42,2024-11-08,755,N,VIIRS,n,2,302.21,2.75,D,0
30.23625,74.81419,346.57,0.42,0.38,2024-11-08,755,N,VIIRS,n,2,306.77,12.38,D,0
30.23985,75.33341,332.31,0.41,0.37,2024-11-08,755,N,VIIRS,n,2,301.52,3.58,D,0
30.24109,72.85323,335.91,0.5,0.41,2024-11-08,755,N,VIIRS,n,2,301.99,4.25,D,0
30.24332,74.77212,333.44,0.42,0.38,2024-11-08,755,N,VIIRS,n,2,302.81,5.35,D,0
30.24491,72.85517,334.7,0.5,0.41,2024-11-08,755,N,VIIRS,n,2,301.31,4.2,D,0
30.25093,74.77488,331.87,0.42,0.38,2024-11-08,755,N,VIIRS,l,2,302.07,2.05,D,0
30.25238,75.20045,349.6,0.41,0.37,2024-11-08,755,N,VIIRS,n,2,306.22,12.28,D,0
30.2595,74.86716,336.21,0.42,0.37,2024-11-08,755,N,VIIRS,n,2,305.24,3.49,D,0
30.26465,74.83465,347.12,0.42,0.38,2024-11-08,755,N,VIIRS,n,2,303.94,5.93,D,0
30.26488,74.85699,330.33,0.42,0.37,2024-11-08,755,N,VIIRS,n,2,304.49,2.67,D,0
30.26677,75.49608,340.8,0.4,0.37,2024-11-08,755,N,VIIRS,n,2,302.1,6.02,D,0
30.26826,74.63636,339.26,0.42,0.38,2024-11-08,755,N,VIIRS,n,2,302.84,4.22,D,0
30.27818,74.65226,334.74,0.42,0.38,2024-11-08,755,N,VIIRS,n,2,303.39,2.31,D,0
30.27838,74.40475,335.39,0.43,0.38,2024-11-08,755,N,VIIRS,n,2,304.23,9.54,D,0
30.29333,75.33949,338.84,0.41,0.37,2024-11-08,755,N,VIIRS,n,2,302.73,4.39,D,0
30.29446,74.53911,337.43,0.43,0.38,2024-11-08,755,N,VIIRS,n,2,302.83,3.08,D,0
30.29609,74.79717,330.15,0.42,0.38,2024-11-08,755,N,VIIRS,n,2,302.63,1.64,D,0
30.29792,74.53831,346.29,0.43,0.38,2024-11-08,755,N,VIIRS,n,2,304.34,17.88,D,0
30.30099,74.70142,335.58,0.42,0.38,2024-11-08,755,N,VIIRS,n,2,301.9,3.23,D,0
30.30311,75.39799,332.81,0.4,0.37,2024-11-08,755,N,VIIRS,n,2,302.5,4.38,D,0
30.3051,70.61267,346.52,0.43,0.46,2024-11-08,755,N,VIIRS,n,2,299.48,6.26,D,0
30.31825,72.89296,336.22,0.49,0.41,2024-11-08,755,N,VIIRS,n,2,302.24,3.55,D,0
30.32622,70.63019,333.99,0.43,0.46,2024-11-08,755,N,VIIRS,n,2,299.54,2.6,D,0
30.32796,75.06581,341.19,0.41,0.37,2024-11-08,755,N,VIIRS,n,2,302.67,5.99,D,0
30.33351,74.5723,334.65,0.43,0.38,2024-11-08,755,N,VIIRS,n,2,302.94,5.32,D,0
30.33581,74.57072,334.48,0.43,0.38,2024-11-08,755,N,VIIRS,n,2,302.08,3.79,D,0
30.3369,74.48914,333.08,0.43,0.38,2024-11-08,755,N,VIIRS,n,2,302.53,3.03,D,0
30.33917,74.46103,338.07,0.43,0.38,2024-11-08,755,N,VIIRS,n,2,305.74,11.94,D,0
30.3761,74.50761,332.41,0.43,0.38,2024-11-08,755,N,VIIRS,n,2,300.8,2.53,D,0
30.37803,74.45664,333.27,0.43,0.38,2024-11-08,755,N,VIIRS,n,2,301.98,9.55,D,0
30.37926,74.71157,333.88,0.42,0.38,2024-11-08,755,N,VIIRS,n,2,303.74,5.22,D,0
30.38024,74.59348,334.24,0.42,0.38,2024-11-08,755,N,VIIRS,n,2,301.59,4.15,D,0
30.38189,74.85022,345.97,0.42,0.37,2024-11-08,755,N,VIIRS,n,2,304.35,9.68,D,0
30.3832,74.84906,330.9,0.42,0.37,2024-11-08,755,N,VIIRS,n,2,304.45,6.11,D,0
30.38392,74.85336,333.64,0.42,0.37,2024-11-08,755,N,VIIRS,n,2,302.11,6.23,D,0
30.38574,74.41798,345.74,0.43,0.38,2024-11-08,755,N,VIIRS,n,2,308.37,13.43,D,0
30.38932,74.79031,334.24,0.42,0.38,2024-11-08,755,N,VIIRS,n,2,302.93,3.79,D,0
30.39386,74.67207,331.55,0.42,0.38,2024-11-08,755,N,VIIRS,l,2,301.89,2.09,D,0
30.3974,75.24757,334.04,0.41,0.37,2024-11-08,755,N,VIIRS,n,2,303.26,8.61,D,0
30.39761,74.69383,331.57,0.42,0.38,2024-11-08,755,N,VIIRS,n,2,303.27,2.7,D,0
30.40191,75.21165,345.98,0.41,0.37,2024-11-08,755,N,VIIRS,n,2,303.26,4.66,D,0
30.40385,74.64712,339.55,0.42,0.38,2024-11-08,755,N,VIIRS,n,2,302.79,4.9,D,0
30.41016,73.65874,333.5,0.46,0.39,2024-11-08,755,N,VIIRS,n,2,302.11,3.56,D,0
30.41146,74.85692,334.51,0.42,0.37,2024-11-08,755,N,VIIRS,n,2,302.99,4.36,D,0
30.41299,73.63342,337,0.46,0.39,2024-11-08,755,N,VIIRS,n,2,304.27,6.54,D,0
30.4131,74.38853,334.67,0.43,0.38,2024-11-08,755,N,VIIRS,n,2,304.06,5.35,D,0
30.41352,74.38589,350.33,0.43,0.38,2024-11-08,755,N,VIIRS,n,2,304.28,9.13,D,0
30.41386,74.36731,332.56,0.43,0.38,2024-11-08,755,N,VIIRS,n,2,301.63,3.28,D,0
30.4194,75.44215,334.1,0.4,0.37,2024-11-08,755,N,VIIRS,n,2,302.31,2.71,D,0
30.42662,74.37823,332.33,0.43,0.38,2024-11-08,755,N,VIIRS,l,2,302.67,8.2,D,0
30.43026,75.19218,333.95,0.41,0.37,2024-11-08,755,N,VIIRS,n,2,302.7,3.4,D,0
30.43485,74.44554,332.98,0.43,0.38,2024-11-08,755,N,VIIRS,n,2,302.52,3.94,D,0
30.44721,75.06619,331.67,0.41,0.37,2024-11-08,755,N,VIIRS,n,2,302.16,1.78,D,0
30.45164,74.71757,344.3,0.42,0.38,2024-11-08,755,N,VIIRS,n,2,302.74,7.58,D,0
30.45238,74.72192,354.07,0.42,0.38,2024-11-08,755,N,VIIRS,n,2,304.95,14.43,D,0
30.45557,74.39925,337.76,0.43,0.38,2024-11-08,755,N,VIIRS,l,2,310.38,31.54,D,0
30.4566,74.91354,334.94,0.41,0.37,2024-11-08,755,N,VIIRS,n,2,301.75,2.03,D,0
30.4625,74.64461,333.09,0.42,0.38,2024-11-08,755,N,VIIRS,n,2,301.85,2.8,D,0
30.48381,69.91261,345.68,0.47,0.48,2024-11-08,755,N,VIIRS,n,2,308.75,6.63,D,0
30.48484,69.91752,367,0.47,0.48,2024-11-08,755,N,VIIRS,h,2,312.97,16.48,D,0
30.48811,69.91142,342.63,0.47,0.48,2024-11-08,755,N,VIIRS,n,2,310.41,7.94,D,0
30.48917,69.91644,348.48,0.47,0.48,2024-11-08,755,N,VIIRS,n,2,306.2,7.53,D,0
30.49978,74.69485,330.66,0.42,0.38,2024-11-08,755,N,VIIRS,n,2,301.69,2.28,D,0
30.50674,75.0219,337.09,0.41,0.37,2024-11-08,755,N,VIIRS,n,2,302.55,5.19,D,0
30.50757,74.76063,332.76,0.42,0.38,2024-11-08,755,N,VIIRS,n,2,301.29,2.23,D,0
30.51016,75.20994,335.64,0.41,0.37,2024-11-08,755,N,VIIRS,n,2,299.84,2.75,D,0
30.5171,75.35623,336.26,0.4,0.37,2024-11-08,755,N,VIIRS,n,2,301.5,4.35,D,0
30.51798,75.06786,336.15,0.41,0.37,2024-11-08,755,N,VIIRS,n,2,301.26,3.16,D,0
30.52028,75.0205,346.97,0.41,0.37,2024-11-08,755,N,VIIRS,n,2,302.25,6.7,D,0
30.52034,75.01882,342.37,0.41,0.37,2024-11-08,755,N,VIIRS,n,2,302.01,6.68,D,0
30.52171,74.90495,333.51,0.41,0.37,2024-11-08,755,N,VIIRS,n,2,301,3.96,D,0
30.52757,75.00118,334.45,0.41,0.37,2024-11-08,755,N,VIIRS,n,2,304.25,9.92,D,0
30.53288,74.59665,333.72,0.42,0.38,2024-11-08,755,N,VIIRS,n,2,301.96,3.05,D,0
30.53454,75.08338,335.07,0.41,0.37,2024-11-08,755,N,VIIRS,n,2,302.9,3.65,D,0
30.53632,74.59586,331.15,0.42,0.38,2024-11-08,755,N,VIIRS,n,2,300.82,3.05,D,0
30.53722,75.33009,334.96,0.4,0.37,2024-11-08,755,N,VIIRS,n,2,302.42,4.63,D,0
30.54227,75.40253,343.47,0.4,0.37,2024-11-08,755,N,VIIRS,n,2,300.53,7.17,D,0
30.55218,72.76337,330.83,0.5,0.41,2024-11-08,755,N,VIIRS,n,2,300.24,3.14,D,0
30.56076,75.05107,334.08,0.41,0.37,2024-11-08,755,N,VIIRS,n,2,302.7,4.01,D,0
30.56091,75.34648,334.91,0.4,0.37,2024-11-08,755,N,VIIRS,n,2,299.72,3.35,D,0
30.56384,75.40639,332.24,0.4,0.37,2024-11-08,755,N,VIIRS,n,2,299.79,2.45,D,0
30.56846,75.07575,346.8,0.41,0.37,2024-11-08,755,N,VIIRS,n,2,301.52,6.63,D,0
30.5744,75.34348,330.5,0.4,0.37,2024-11-08,755,N,VIIRS,n,2,299.72,2.05,D,0
30.57526,75.34481,334.91,0.4,0.37,2024-11-08,755,N,VIIRS,n,2,300.1,4.53,D,0
30.58702,75.3941,332.17,0.4,0.37,2024-11-08,755,N,VIIRS,n,2,298.94,2.68,D,0
30.58772,75.39826,334.37,0.4,0.37,2024-11-08,755,N,VIIRS,n,2,299.13,3.87,D,0
30.59054,74.57071,331.12,0.42,0.38,2024-11-08,755,N,VIIRS,n,2,302.83,7.39,D,0
30.5913,74.57508,332.39,0.42,0.38,2024-11-08,755,N,VIIRS,n,2,300.91,6.55,D,0
30.6059,75.27726,336.8,0.4,0.37,2024-11-08,755,N,VIIRS,n,2,299.44,3.65,D,0
30.61944,74.42676,330.93,0.43,0.38,2024-11-08,755,N,VIIRS,n,2,301.18,2.58,D,0
30.62395,74.49453,332.75,0.42,0.38,2024-11-08,755,N,VIIRS,n,2,300.2,2.35,D,0
30.62916,75.47957,340.3,0.4,0.37,2024-11-08,755,N,VIIRS,n,2,299.67,4.74,D,0
30.63197,74.38834,339.99,0.43,0.38,2024-11-08,755,N,VIIRS,n,2,302.06,4.38,D,0
30.63269,74.83595,333.93,0.41,0.37,2024-11-08,755,N,VIIRS,n,2,301.72,6.69,D,0
30.63675,75.12625,333.95,0.41,0.37,2024-11-08,755,N,VIIRS,n,2,299.92,3.3,D,0
30.63737,73.76917,330.82,0.45,0.39,2024-11-08,755,N,VIIRS,l,2,301.27,3.57,D,0
30.63762,74.96818,331.59,0.41,0.37,2024-11-08,755,N,VIIRS,n,2,300.38,2.36,D,0
30.64174,74.97166,343.29,0.41,0.37,2024-11-08,755,N,VIIRS,n,2,301.65,7.32,D,0
30.65713,75.08282,333.35,0.41,0.37,2024-11-08,755,N,VIIRS,n,2,298.94,1.54,D,0
30.65801,74.96355,341.81,0.41,0.37,2024-11-08,755,N,VIIRS,n,2,299.91,3.93,D,0
30.68253,74.96241,336.16,0.41,0.37,2024-11-08,755,N,VIIRS,n,2,300.06,4.57,D,0
30.69293,74.98218,333.55,0.41,0.37,2024-11-08,755,N,VIIRS,n,2,299.74,2.88,D,0
30.69576,74.50658,334.47,0.42,0.38,2024-11-08,755,N,VIIRS,n,2,301.66,2.59,D,0
30.6992,74.50578,335.95,0.42,0.38,2024-11-08,755,N,VIIRS,n,2,303.13,12.51,D,0
30.7053,74.84615,330.66,0.41,0.37,2024-11-08,755,N,VIIRS,n,2,300.41,2.15,D,0
30.71444,74.69723,342.8,0.42,0.38,2024-11-08,755,N,VIIRS,n,2,300.64,5.79,D,0
30.73516,74.50658,338.59,0.42,0.38,2024-11-08,755,N,VIIRS,n,2,300.59,3.82,D,0
30.73783,75.29178,334.61,0.4,0.37,2024-11-08,755,N,VIIRS,n,2,299.52,2.53,D,0
30.74153,74.33159,335.97,0.43,0.38,2024-11-08,755,N,VIIRS,n,2,300.79,3.95,D,0
30.74736,75.30701,334.16,0.4,0.37,2024-11-08,755,N,VIIRS,n,2,298.82,2.4,D,0
30.74764,74.82858,341.62,0.41,0.37,2024-11-08,755,N,VIIRS,n,2,299.64,3.82,D,0
30.74811,74.34853,342.35,0.43,0.38,2024-11-08,755,N,VIIRS,n,2,300.61,6.61,D,0
30.75073,75.30626,339.3,0.4,0.37,2024-11-08,755,N,VIIRS,n,2,299.13,2.4,D,0
30.75562,74.49371,334.43,0.42,0.38,2024-11-08,755,N,VIIRS,n,2,300.79,4.7,D,0
30.75713,74.46136,335.21,0.42,0.38,2024-11-08,755,N,VIIRS,n,2,299.82,3.43,D,0
30.75776,74.49219,346.92,0.42,0.38,2024-11-08,755,N,VIIRS,n,2,301.09,8.9,D,0
30.75907,74.49291,342.63,0.42,0.38,2024-11-08,755,N,VIIRS,n,2,300.33,4.7,D,0
30.76531,75.0153,331.47,0.41,0.37,2024-11-08,755,N,VIIRS,n,2,301.4,3.32,D,0
30.76863,74.48613,333.03,0.42,0.38,2024-11-08,755,N,VIIRS,n,2,300.17,2.87,D,0
30.7687,75.01453,334.22,0.41,0.37,2024-11-08,755,N,VIIRS,n,2,301.63,3.32,D,0
30.7694,74.49052,330.48,0.42,0.38,2024-11-08,755,N,VIIRS,n,2,299.06,3.54,D,0
30.77053,74.79655,341.02,0.41,0.37,2024-11-08,755,N,VIIRS,n,2,299.79,3.73,D,0
30.77208,74.48533,331.97,0.42,0.38,2024-11-08,755,N,VIIRS,n,2,298.51,2.87,D,0
30.77284,74.48972,330.84,0.42,0.38,2024-11-08,755,N,VIIRS,n,2,298.5,3.54,D,0
30.78101,74.75385,334.91,0.42,0.37,2024-11-08,755,N,VIIRS,n,2,300.63,2.88,D,0
30.78285,75.07733,331.19,0.41,0.37,2024-11-08,755,N,VIIRS,n,2,299.33,1.7,D,0
30.78442,74.75307,342.65,0.42,0.37,2024-11-08,755,N,VIIRS,n,2,307.68,29.42,D,0
30.78772,74.9395,345.08,0.41,0.37,2024-11-08,755,N,VIIRS,n,2,308.49,40.61,D,0
30.79,74.56772,339.89,0.42,0.38,2024-11-08,755,N,VIIRS,n,2,300.21,4.07,D,0
30.79192,74.31056,336.44,0.43,0.38,2024-11-08,755,N,VIIRS,n,2,299.82,2.86,D,0
30.79296,74.99137,335.53,0.41,0.37,2024-11-08,755,N,VIIRS,n,2,300.41,2.32,D,0
30.79734,74.46575,335.54,0.42,0.38,2024-11-08,755,N,VIIRS,n,2,299.7,3.08,D,0
30.81027,75.11501,341.38,0.41,0.37,2024-11-08,755,N,VIIRS,n,2,300.7,5.32,D,0
30.8127,74.38877,341.39,0.43,0.38,2024-11-08,755,N,VIIRS,n,2,300.77,5.02,D,0
30.82125,74.58318,330.08,0.42,0.38,2024-11-08,755,N,VIIRS,n,2,299.07,2.15,D,0
30.822,74.58755,331.21,0.42,0.38,2024-11-08,755,N,VIIRS,n,2,301.18,4.01,D,0
30.82693,74.59546,332.24,0.42,0.38,2024-11-08,755,N,VIIRS,n,2,299.89,2.53,D,0
30.83101,74.74326,334.82,0.42,0.37,2024-11-08,755,N,VIIRS,n,2,299.97,2.19,D,0
30.83442,74.4937,332.33,0.42,0.38,2024-11-08,755,N,VIIRS,n,2,299.58,3.24,D,0
30.84793,74.4265,333.25,0.42,0.38,2024-11-08,755,N,VIIRS,n,2,298.92,3.22,D,0
30.84915,75.05354,337.67,0.41,0.37,2024-11-08,755,N,VIIRS,n,2,301.66,5.59,D,0
30.85213,75.0924,349.49,0.41,0.37,2024-11-08,755,N,VIIRS,n,2,303.17,7.9,D,0
30.85259,74.9521,337.01,0.41,0.37,2024-11-08,755,N,VIIRS,n,2,299.51,6.36,D,0
30.85376,74.54387,332.86,0.42,0.38,2024-11-08,755,N,VIIRS,n,2,299.78,2.26,D,0
30.85872,75.17408,345.11,0.41,0.37,2024-11-08,755,N,VIIRS,n,2,300.61,5.23,D,0
30.8628,75.17753,334.83,0.4,0.37,2024-11-08,755,N,VIIRS,n,2,300.2,6.02,D,0
30.86393,74.58238,340.87,0.42,0.38,2024-11-08,755,N,VIIRS,n,2,301.3,4.87,D,0
30.87195,74.98305,338.34,0.41,0.37,2024-11-08,755,N,VIIRS,n,2,300.74,3.02,D,0
30.8842,75.45439,331.63,0.4,0.37,2024-11-08,755,N,VIIRS,n,2,298.5,1.49,D,0
30.88717,74.6015,330,0.42,0.38,2024-11-08,755,N,VIIRS,n,2,298.32,2.39,D,0
30.88911,75.00121,343.46,0.41,0.37,2024-11-08,755,N,VIIRS,n,2,299.81,6.67,D,0
30.88985,74.59635,333.81,0.42,0.38,2024-11-08,755,N,VIIRS,n,2,299.75,3.73,D,0
30.90063,74.49392,332.14,0.42,0.38,2024-11-08,755,N,VIIRS,n,2,300.56,4.47,D,0
30.90677,75.00161,344.26,0.41,0.37,2024-11-08,755,N,VIIRS,n,2,304.51,9.99,D,0
30.90701,74.87763,346.64,0.41,0.37,2024-11-08,755,N,VIIRS,n,2,301.71,8.33,D,0
30.90843,75.32441,346.27,0.4,0.37,2024-11-08,755,N,VIIRS,n,2,301.52,12.31,D,0
30.90997,74.97882,332.5,0.41,0.37,2024-11-08,755,N,VIIRS,n,2,300.65,3.1,D,0
30.91016,75.00085,338.12,0.41,0.37,2024-11-08,755,N,VIIRS,n,2,300.76,9.99,D,0
30.91041,74.87685,346.77,0.41,0.37,2024-11-08,755,N,VIIRS,n,2,300.64,8.33,D,0
30.91577,74.5813,330.13,0.42,0.38,2024-11-08,755,N,VIIRS,n,2,298.45,2.4,D,0
30.91695,74.71183,333.7,0.42,0.37,2024-11-08,755,N,VIIRS,n,2,299.99,2.84,D,0
30.91977,74.93239,335.2,0.41,0.37,2024-11-08,755,N,VIIRS,n,2,299.53,4.51,D,0
30.92496,74.69651,332.78,0.42,0.37,2024-11-08,755,N,VIIRS,n,2,299.08,1.88,D,0
30.92513,74.9223,333.85,0.41,0.37,2024-11-08,755,N,VIIRS,n,2,302.55,5.46,D,0
30.92739,75.12433,336.45,0.41,0.37,2024-11-08,755,N,VIIRS,n,2,300.22,3.2,D,0
30.92965,74.84747,332.67,0.41,0.37,2024-11-08,755,N,VIIRS,n,2,300.15,3.67,D,0
30.9315,74.67252,331.49,0.42,0.37,2024-11-08,755,N,VIIRS,n,2,299.24,3.3,D,0
30.93425,74.83306,339.29,0.41,0.37,2024-11-08,755,N,VIIRS,n,2,301.51,9.24,D,0
30.94029,75.03365,332.94,0.41,0.37,2024-11-08,755,N,VIIRS,n,2,300.33,2.2,D,0
30.94367,75.03288,332.61,0.41,0.37,2024-11-08,755,N,VIIRS,n,2,298.87,2.2,D,0
30.95259,74.71262,338.64,0.42,0.37,2024-11-08,755,N,VIIRS,n,2,299.56,6.59,D,0
30.95855,75.24814,331.88,0.4,0.37,2024-11-08,755,N,VIIRS,n,2,298.86,3.2,D,0
30.9695,74.81162,334.32,0.41,0.37,2024-11-08,755,N,VIIRS,n,2,299.6,5.45,D,0
30.978,74.77841,335.78,0.41,0.37,2024-11-08,755,N,VIIRS,n,2,299.7,3.6,D,0
30.99953,70.64655,330.68,0.42,0.45,2024-11-08,755,N,VIIRS,n,2,297.46,2.41,D,0
31.00313,75.135,332.55,0.4,0.37,2024-11-08,755,N,VIIRS,n,2,299.3,3.5,D,0
31.00381,74.97234,336.27,0.41,0.37,2024-11-08,755,N,VIIRS,n,2,300.32,4.69,D,0
31.00826,72.21148,334.76,0.52,0.41,2024-11-08,755,N,VIIRS,n,2,298.16,4.37,D,0
31.01207,74.55093,331.51,0.42,0.38,2024-11-08,755,N,VIIRS,n,2,298.09,1.56,D,0
31.02367,74.83929,332.04,0.41,0.37,2024-11-08,755,N,VIIRS,n,2,298.94,2.47,D,0
31.02772,74.68275,332.04,0.42,0.37,2024-11-08,755,N,VIIRS,n,2,299.13,2.46,D,0
31.02911,75.08097,333.15,0.41,0.37,2024-11-08,755,N,VIIRS,n,2,298.66,2.36,D,0
31.0321,75.11971,339.82,0.41,0.37,2024-11-08,755,N,VIIRS,n,2,299.83,4.49,D,0
31.04412,74.90205,337.76,0.41,0.37,2024-11-08,755,N,VIIRS,n,2,301.84,6.63,D,0
31.04465,74.9011,331.07,0.41,0.37,2024-11-08,755,N,VIIRS,n,2,300.02,4.42,D,0
31.04537,74.90536,329.79,0.41,0.37,2024-11-08,755,N,VIIRS,n,2,298.83,4.44,D,0
31.04866,74.65993,329.85,0.42,0.37,2024-11-08,755,N,VIIRS,n,2,298.66,2.24,D,0
31.05161,74.57349,338.99,0.42,0.38,2024-11-08,755,N,VIIRS,n,2,298.69,3.19,D,0
31.0622,75.06908,335.75,0.41,0.37,2024-11-08,755,N,VIIRS,n,2,299.04,5.38,D,0
31.06485,75.16911,338.3,0.4,0.37,2024-11-08,755,N,VIIRS,n,2,298.88,3.86,D,0
31.06697,75.49734,333.26,0.4,0.37,2024-11-08,755,N,VIIRS,n,2,299.09,2.47,D,0
31.07032,75.4966,332.03,0.4,0.37,2024-11-08,755,N,VIIRS,n,2,299.12,2.06,D,0
31.07728,74.70276,333.33,0.41,0.37,2024-11-08,755,N,VIIRS,n,2,298.55,3.78,D,0
31.11475,74.81927,342.66,0.41,0.37,2024-11-08,755,N,VIIRS,n,2,300.04,7.09,D,0
31.11992,74.7243,333.48,0.41,0.37,2024-11-08,755,N,VIIRS,n,2,299.91,3.61,D,0
31.12228,74.82201,332.28,0.41,0.37,2024-11-08,755,N,VIIRS,n,2,298.82,2.61,D,0
31.14701,75.01104,344.6,0.41,0.37,2024-11-08,755,N,VIIRS,n,2,301.02,6.51,D,0
31.14731,74.51616,332.61,0.42,0.38,2024-11-08,755,N,VIIRS,n,2,298.56,2.83,D,0
31.15817,75.05683,342.78,0.41,0.37,2024-11-08,755,N,VIIRS,n,2,300.01,4.37,D,0
31.17173,73.5226,335.4,0.45,0.39,2024-11-08,755,N,VIIRS,n,2,298.28,3.39,D,0
31.19419,73.688,340.02,0.45,0.39,2024-11-08,755,N,VIIRS,n,2,298.11,5.04,D,0
31.21142,75.05878,335.84,0.41,0.37,2024-11-08,755,N,VIIRS,n,2,298.57,2.68,D,0
31.21328,74.02092,329.43,0.43,0.38,2024-11-08,755,N,VIIRS,n,2,297.69,2.62,D,0
31.21673,74.96527,332.58,0.41,0.37,2024-11-08,755,N,VIIRS,n,2,299.24,5.48,D,0
31.21744,74.96952,335,0.41,0.37,2024-11-08,755,N,VIIRS,n,2,300.63,5.48,D,0
31.2203,75.06992,331.37,0.4,0.37,2024-11-08,755,N,VIIRS,n,2,298.76,2.95,D,0
31.22692,73.58273,333.29,0.45,0.39,2024-11-08,755,N,VIIRS,n,2,298.19,4.53,D,0
31.22749,74.51655,332.01,0.42,0.38,2024-11-08,755,N,VIIRS,n,2,297.99,3.63,D,0
31.25919,73.82636,334.87,0.44,0.38,2024-11-08,755,N,VIIRS,n,2,298.53,3.98,D,0
31.26284,74.63934,332.82,0.42,0.37,2024-11-08,755,N,VIIRS,n,2,299.94,3.04,D,0
31.26821,74.91888,330.57,0.41,0.37,2024-11-08,755,N,VIIRS,n,2,299.42,1.49,D,0
31.29808,74.99142,329.15,0.41,0.37,2024-11-08,755,N,VIIRS,n,2,298.84,2.99,D,0
31.29982,75.29582,333.93,0.4,0.37,2024-11-08,755,N,VIIRS,n,2,298.77,3.56,D,0
31.30146,74.99066,333.08,0.41,0.37,2024-11-08,755,N,VIIRS,n,2,296.97,2.99,D,0
31.31338,73.62268,332.16,0.45,0.39,2024-11-08,755,N,VIIRS,n,2,298.96,1.79,D,0
31.31552,74.45634,333.39,0.42,0.38,2024-11-08,755,N,VIIRS,n,2,297.23,2,D,0
31.32606,73.673,334.89,0.45,0.39,2024-11-08,755,N,VIIRS,n,2,297.86,2.73,D,0
31.33435,73.63703,332.12,0.45,0.39,2024-11-08,755,N,VIIRS,n,2,299.39,5.27,D,0
31.33654,73.89581,332.49,0.44,0.38,2024-11-08,755,N,VIIRS,n,2,298.57,2.94,D,0
31.34337,75.28223,330.74,0.4,0.37,2024-11-08,755,N,VIIRS,n,2,298.17,1.98,D,0
31.34838,73.7159,333.14,0.44,0.39,2024-11-08,755,N,VIIRS,n,2,298.41,3.55,D,0
31.34915,73.86426,342.43,0.44,0.38,2024-11-08,755,N,VIIRS,n,2,301.12,7.98,D,0
31.35176,73.65222,337.61,0.45,0.39,2024-11-08,755,N,VIIRS,n,2,297.92,3.15,D,0
31.3561,73.65601,340.97,0.45,0.39,2024-11-08,755,N,VIIRS,n,2,299.93,10.3,D,0
31.35681,74.55104,335.01,0.42,0.37,2024-11-08,755,N,VIIRS,n,2,299.11,5.12,D,0
31.37765,73.81923,332.36,0.44,0.38,2024-11-08,755,N,VIIRS,n,2,299.52,3.2,D,0
31.38115,73.81839,333.82,0.44,0.38,2024-11-08,755,N,VIIRS,n,2,299.07,3.2,D,0
31.39933,75.17844,331.97,0.4,0.37,2024-11-08,755,N,VIIRS,n,2,298.53,2.51,D,0
31.40013,70.69371,330.09,0.41,0.45,2024-11-08,755,N,VIIRS,n,2,296.25,2.36,D,0
31.40218,73.42634,329.33,0.45,0.39,2024-11-08,755,N,VIIRS,n,2,298.12,4.56,D,0
31.40608,73.8981,329.48,0.44,0.38,2024-11-08,755,N,VIIRS,n,2,298.33,2.35,D,0
31.40811,73.66444,341.07,0.44,0.39,2024-11-08,755,N,VIIRS,n,2,297.76,3.73,D,0
31.40894,73.66908,331.12,0.44,0.39,2024-11-08,755,N,VIIRS,n,2,297.43,3.73,D,0
31.40931,75.1544,334.77,0.4,0.37,2024-11-08,755,N,VIIRS,n,2,298.98,4.49,D,0
31.41037,73.90182,335.42,0.44,0.38,2024-11-08,755,N,VIIRS,n,2,298.03,4.02,D,0
31.45185,75.4133,329.35,0.4,0.37,2024-11-08,755,N,VIIRS,n,2,298,2.08,D,0
31.4552,75.41256,338.6,0.4,0.37,2024-11-08,755,N,VIIRS,n,2,298.14,2.08,D,0
31.45555,73.86873,328.97,0.44,0.38,2024-11-08,755,N,VIIRS,n,2,298.1,1.29,D,0
31.45584,75.24038,334.84,0.4,0.37,2024-11-08,755,N,VIIRS,n,2,298.07,3.35,D,0
31.4661,75.05067,335.04,0.4,0.37,2024-11-08,755,N,VIIRS,n,2,298.38,4.7,D,0
31.5274,73.74303,332.18,0.44,0.38,2024-11-08,755,N,VIIRS,n,2,296.35,7.6,D,0
31.58788,75.46655,332.33,0.4,0.37,2024-11-08,755,N,VIIRS,n,2,298.69,2.72,D,0
31.60265,75.49328,332.82,0.39,0.37,2024-11-08,755,N,VIIRS,n,2,298.4,3,D,0
31.66656,73.47826,337.59,0.45,0.39,2024-11-08,755,N,VIIRS,n,2,297.81,3.93,D,0
31.67694,73.44386,331.66,0.45,0.39,2024-11-08,755,N,VIIRS,n,2,297.66,4.13,D,0
31.67779,73.44856,329.81,0.45,0.39,2024-11-08,755,N,VIIRS,n,2,296.87,4.18,D,0
31.6958,74.52081,337.15,0.41,0.37,2024-11-08,755,N,VIIRS,n,2,297.68,3.01,D,0
31.72805,74.58537,337.37,0.41,0.37,2024-11-08,755,N,VIIRS,n,2,299.2,10.04,D,0
31.74305,73.54489,332.92,0.45,0.39,2024-11-08,755,N,VIIRS,n,2,297.62,2.72,D,0
31.75908,74.74812,329.91,0.41,0.37,2024-11-08,755,N,VIIRS,n,2,297.96,2.53,D,0
31.77398,73.25368,328.28,0.46,0.39,2024-11-08,755,N,VIIRS,n,2,297.43,2.45,D,0
31.779,73.32201,347.49,0.45,0.39,2024-11-08,755,N,VIIRS,n,2,299.32,6.1,D,0
31.78255,73.32114,335.94,0.45,0.39,2024-11-08,755,N,VIIRS,n,2,297.58,3.54,D,0
31.79473,74.70972,330.25,0.41,0.37,2024-11-08,755,N,VIIRS,n,2,297.41,2.51,D,0
31.81423,73.67906,328.54,0.44,0.38,2024-11-08,755,N,VIIRS,n,2,297.68,3.61,D,0
31.81794,74.65968,340.08,0.41,0.37,2024-11-08,755,N,VIIRS,n,2,298.24,5.04,D,0
31.83874,73.2625,336.71,0.46,0.39,2024-11-08,755,N,VIIRS,n,2,299.98,5.72,D,0
31.83942,74.39938,334.56,0.42,0.37,2024-11-08,755,N,VIIRS,n,2,297.77,3.49,D,0
31.8396,73.26727,333.08,0.45,0.39,2024-11-08,755,N,VIIRS,n,2,297.69,5.72,D,0
31.84229,73.26161,342.33,0.46,0.39,2024-11-08,755,N,VIIRS,n,2,298.17,5.72,D,0
31.85281,73.27891,328.46,0.45,0.39,2024-11-08,755,N,VIIRS,n,2,298.1,1.6,D,0
31.85435,73.2802,330.92,0.45,0.39,2024-11-08,755,N,VIIRS,n,2,298.02,2.3,D,0
31.86462,75.4488,331.06,0.39,0.37,2024-11-08,755,N,VIIRS,n,2,297.71,3.38,D,0
31.8795,73.19416,334.45,0.46,0.39,2024-11-08,755,N,VIIRS,n,2,298.41,3.29,D,0
31.8877,73.66114,329.36,0.44,0.38,2024-11-08,755,N,VIIRS,n,2,298.84,1.79,D,0
31.89824,73.35837,332.76,0.45,0.39,2024-11-08,755,N,VIIRS,n,2,298.22,2.85,D,0
31.90192,74.5565,329.84,0.41,0.37,2024-11-08,755,N,VIIRS,n,2,298.15,3.74,D,0
31.90339,74.56513,329.86,0.41,0.37,2024-11-08,755,N,VIIRS,n,2,298.3,1.81,D,0
31.90532,74.5557,335.32,0.41,0.37,2024-11-08,755,N,VIIRS,n,2,297.92,3.31,D,0
31.91104,74.9,334.32,0.4,0.37,2024-11-08,755,N,VIIRS,n,2,299.25,3.2,D,0
31.91653,73.2548,333.83,0.45,0.39,2024-11-08,755,N,VIIRS,n,2,298.89,3.27,D,0
31.92326,73.31265,328.43,0.45,0.39,2024-11-08,755,N,VIIRS,n,2,298.22,9.86,D,0
31.92412,73.3174,348.7,0.45,0.39,2024-11-08,755,N,VIIRS,n,2,304.09,9.86,D,0
31.92765,73.31651,332.93,0.45,0.39,2024-11-08,755,N,VIIRS,n,2,298.13,3.59,D,0
31.92993,74.61728,329.31,0.41,0.37,2024-11-08,755,N,VIIRS,n,2,298.9,3.82,D,0
31.93159,74.58549,340.56,0.41,0.37,2024-11-08,755,N,VIIRS,n,2,299.02,6.7,D,0
31.93332,74.61649,341.86,0.41,0.37,2024-11-08,755,N,VIIRS,n,2,299.55,3.82,D,0
31.93886,74.3225,333.72,0.42,0.38,2024-11-08,755,N,VIIRS,n,2,298.79,3.46,D,0
31.94201,74.79269,333.45,0.41,0.37,2024-11-08,755,N,VIIRS,n,2,298.5,2.84,D,0
31.95537,74.57993,333.13,0.41,0.37,2024-11-08,755,N,VIIRS,n,2,299.47,3.89,D,0
31.96162,73.79253,341.22,0.43,0.38,2024-11-08,755,N,VIIRS,n,2,301.44,5.16,D,0
31.96249,74.81011,330.85,0.41,0.37,2024-11-08,755,N,VIIRS,n,2,298.26,3.01,D,0
31.96556,74.64028,346.32,0.41,0.37,2024-11-08,755,N,VIIRS,n,2,300.09,7.22,D,0
31.96587,74.80933,335.91,0.41,0.37,2024-11-08,755,N,VIIRS,n,2,297.98,3.01,D,0
31.97068,74.81706,343.27,0.41,0.37,2024-11-08,755,N,VIIRS,n,2,299.95,6.41,D,0
31.99344,74.63937,336.1,0.41,0.37,2024-11-08,755,N,VIIRS,n,2,301.71,6.11,D,0
31.99621,74.34542,330.54,0.42,0.37,2024-11-08,755,N,VIIRS,n,2,300.3,2.43,D,0
32.00474,74.93712,335.03,0.4,0.37,2024-11-08,755,N,VIIRS,n,2,299.55,2.82,D,0
32.01524,74.64322,342.59,0.41,0.37,2024-11-08,755,N,VIIRS,n,2,299.77,3.61,D,0
32.01597,74.64752,331.12,0.41,0.37,2024-11-08,755,N,VIIRS,n,2,299.68,4.41,D,0
32.01836,74.62013,345.3,0.41,0.37,2024-11-08,755,N,VIIRS,n,2,299.39,5.12,D,0
32.02129,74.63734,337.27,0.41,0.37,2024-11-08,755,N,VIIRS,n,2,298.99,4.46,D,0
32.02687,74.64944,330.36,0.41,0.37,2024-11-08,755,N,VIIRS,n,2,298.6,1.71,D,0
32.03259,74.55851,343.05,0.41,0.37,2024-11-08,755,N,VIIRS,n,2,298.62,2.88,D,0
32.03334,74.98323,337.66,0.4,0.37,2024-11-08,755,N,VIIRS,n,2,300.18,5.13,D,0
32.04042,74.64627,333.56,0.41,0.37,2024-11-08,755,N,VIIRS,n,2,299.76,2.32,D,0
32.04837,74.56828,330.1,0.41,0.37,2024-11-08,755,N,VIIRS,n,2,298.72,2.89,D,0
32.05779,74.74913,329.4,0.41,0.37,2024-11-08,755,N,VIIRS,n,2,299.67,1.74,D,0
32.06684,75.01155,335.11,0.4,0.37,2024-11-08,755,N,VIIRS,n,2,299.35,2.35,D,0
32.07756,74.55775,335.77,0.41,0.37,2024-11-08,755,N,VIIRS,n,2,299.45,5.15,D,0
32.09055,74.61297,329.82,0.41,0.37,2024-11-08,755,N,VIIRS,n,2,298.41,2.28,D,0
32.0949,75.2012,332.91,0.4,0.37,2024-11-08,755,N,VIIRS,n,2,298.58,2.55,D,0
32.10664,74.54195,328.85,0.41,0.37,2024-11-08,755,N,VIIRS,n,2,298.33,3.47,D,0
32.11217,74.65707,334.14,0.41,0.37,2024-11-08,755,N,VIIRS,n,2,298.45,2.9,D,0
32.11596,74.82426,332.77,0.4,0.37,2024-11-08,755,N,VIIRS,n,2,299.77,3.78,D,0
32.11667,74.82851,335.86,0.4,0.37,2024-11-08,755,N,VIIRS,n,2,300.84,3.3,D,0
32.12004,74.82774,332.54,0.4,0.37,2024-11-08,755,N,VIIRS,n,2,299.56,3.3,D,0
32.12789,74.66678,328.79,0.41,0.37,2024-11-08,755,N,VIIRS,n,2,298.16,1.69,D,0
32.13068,74.35094,329.79,0.42,0.37,2024-11-08,755,N,VIIRS,n,2,299.06,2.76,D,0
32.14063,75.24715,334.2,0.4,0.37,2024-11-08,755,N,VIIRS,n,2,299.49,1.4,D,0
32.14812,74.5367,329.51,0.41,0.37,2024-11-08,755,N,VIIRS,n,2,298.79,1.66,D,0
32.15104,74.55399,333.79,0.41,0.37,2024-11-08,755,N,VIIRS,n,2,298.94,3.53,D,0
32.16049,74.54727,331.46,0.41,0.37,2024-11-08,755,N,VIIRS,n,2,297.68,1.32,D,0
32.20961,75.32275,355.6,0.39,0.37,2024-11-08,755,N,VIIRS,n,2,300.11,9.27,D,0
32.21124,74.99651,333.59,0.4,0.37,2024-11-08,755,N,VIIRS,n,2,299.79,2.58,D,0
32.21294,75.32199,351.17,0.39,0.37,2024-11-08,755,N,VIIRS,n,2,299.37,9.27,D,0
32.21894,75.31633,348.47,0.39,0.37,2024-11-08,755,N,VIIRS,n,2,300.44,6.72,D,0
31.96639,73.27418,333.91,0.45,0.39,2024-11-08,756,N,VIIRS,n,2,298.89,5.59,D,0
31.97598,73.00057,332.66,0.46,0.39,2024-11-08,756,N,VIIRS,n,2,297.26,2.86,D,0
31.97957,72.99967,328.19,0.46,0.39,2024-11-08,756,N,VIIRS,n,2,296.91,2.7,D,0
31.98308,73.3047,337.64,0.45,0.39,2024-11-08,756,N,VIIRS,n,2,298.19,4.57,D,0
31.98567,73.31889,334.53,0.45,0.39,2024-11-08,756,N,VIIRS,n,2,297.38,2.9,D,0
31.98653,73.32361,329.92,0.45,0.39,2024-11-08,756,N,VIIRS,n,2,297.73,2.9,D,0
31.99692,73.36046,332,0.45,0.39,2024-11-08,756,N,VIIRS,n,2,297.99,2.06,D,0
32.00195,73.24548,334.33,0.45,0.39,2024-11-08,756,N,VIIRS,n,2,297.68,3.35,D,0
32.00581,73.34842,331.87,0.45,0.39,2024-11-08,756,N,VIIRS,n,2,298.02,1.91,D,0
32.01194,73.48394,347.01,0.44,0.39,2024-11-08,756,N,VIIRS,n,2,299,5.73,D,0
32.03354,73.52234,334.11,0.44,0.39,2024-11-08,756,N,VIIRS,n,2,299.17,9.03,D,0
32.03917,73.36965,342.68,0.45,0.39,2024-11-08,756,N,VIIRS,n,2,298.74,5,D,0
32.05128,73.3961,333.99,0.45,0.39,2024-11-08,756,N,VIIRS,n,2,299.35,4.69,D,0
32.05728,73.30603,331.06,0.45,0.39,2024-11-08,756,N,VIIRS,n,2,297.29,2.43,D,0
32.06757,73.19109,338.55,0.45,0.39,2024-11-08,756,N,VIIRS,n,2,297.53,4.54,D,0
32.0717,73.46919,328.12,0.44,0.39,2024-11-08,756,N,VIIRS,n,2,298.05,2.38,D,0
32.08733,73.33974,328.21,0.45,0.39,2024-11-08,756,N,VIIRS,l,2,298.41,3.64,D,0
32.09247,73.36797,333.7,0.45,0.39,2024-11-08,756,N,VIIRS,n,2,298.6,3.3,D,0
32.10476,73.37474,335.66,0.45,0.39,2024-11-08,756,N,VIIRS,n,2,298.29,2.87,D,0
32.11536,73.49409,337.59,0.44,0.39,2024-11-08,756,N,VIIRS,n,2,299.93,6.25,D,0
32.11971,73.49788,330.25,0.44,0.39,2024-11-08,756,N,VIIRS,n,2,298.83,3.81,D,0
32.12008,73.59768,352.89,0.44,0.38,2024-11-08,756,N,VIIRS,n,2,301.99,11.38,D,0
32.12239,73.59383,333.6,0.44,0.38,2024-11-08,756,N,VIIRS,n,2,299.04,6.18,D,0
32.12322,73.59844,337.4,0.44,0.38,2024-11-08,756,N,VIIRS,n,2,297.46,8.39,D,0
32.12357,73.59682,340.77,0.44,0.38,2024-11-08,756,N,VIIRS,n,2,298.65,7.08,D,0
32.12775,73.35923,340.17,0.45,0.39,2024-11-08,756,N,VIIRS,n,2,297.76,3.44,D,0
32.12846,73.38358,332.26,0.45,0.39,2024-11-08,756,N,VIIRS,n,2,297.82,2.63,D,0
32.13184,73.40232,331.08,0.45,0.39,2024-11-08,756,N,VIIRS,n,2,298.42,3.2,D,0
32.13269,72.34968,346.76,0.49,0.4,2024-11-08,756,N,VIIRS,n,2,298.58,15.07,D,0
32.13367,72.35482,356.97,0.49,0.4,2024-11-08,756,N,VIIRS,n,2,300.87,15.07,D,0
32.16804,73.64505,335.22,0.44,0.38,2024-11-08,756,N,VIIRS,n,2,300.17,5.77,D,0
32.17153,73.6442,334.99,0.44,0.38,2024-11-08,756,N,VIIRS,n,2,298.59,5.77,D,0
32.17155,73.5625,332.78,0.44,0.38,2024-11-08,756,N,VIIRS,n,2,298.48,3.32,D,0
32.18964,73.58213,332.64,0.44,0.38,2024-11-08,756,N,VIIRS,n,2,298.65,3.44,D,0
32.1903,74.49638,333.11,0.41,0.37,2024-11-08,756,N,VIIRS,n,2,299.07,3.41,D,0
32.19046,73.58675,331.89,0.44,0.38,2024-11-08,756,N,VIIRS,n,2,297.7,3.44,D,0
32.19586,73.49364,331.98,0.44,0.38,2024-11-08,756,N,VIIRS,n,2,298.63,4.21,D,0
32.20493,74.51994,331.08,0.41,0.37,2024-11-08,756,N,VIIRS,n,2,298.19,3.16,D,0
32.21107,73.53828,331.29,0.44,0.38,2024-11-08,756,N,VIIRS,n,2,298.35,1.84,D,0
32.21458,73.5374,338.4,0.44,0.38,2024-11-08,756,N,VIIRS,n,2,298.59,4.5,D,0
32.21891,73.31961,328.41,0.45,0.39,2024-11-08,756,N,VIIRS,n,2,297.36,1.73,D,0
32.22025,73.93995,328.85,0.43,0.38,2024-11-08,756,N,VIIRS,n,2,299.64,2.96,D,0
32.22466,73.82141,330.51,0.43,0.38,2024-11-08,756,N,VIIRS,n,2,298.01,2.36,D,0
32.26373,73.85903,337.08,0.43,0.38,2024-11-08,756,N,VIIRS,n,2,298.19,4.37,D,0
32.26609,73.87257,328.84,0.43,0.38,2024-11-08,756,N,VIIRS,l,2,299.85,3.49,D,0
32.3161,74.06786,334.94,0.42,0.38,2024-11-08,756,N,VIIRS,n,2,298.36,2.23,D,0
32.32445,74.43863,341.47,0.41,0.37,2024-11-08,756,N,VIIRS,n,2,299.81,4.15,D,0
32.33127,72.80223,342.09,0.47,0.4,2024-11-08,756,N,VIIRS,n,2,297.71,4.83,D,0
32.33894,75.34169,329.63,0.39,0.36,2024-11-08,756,N,VIIRS,n,2,298.27,2.1,D,0
32.33975,74.56995,332.83,0.41,0.37,2024-11-08,756,N,VIIRS,n,2,299.82,2.94,D,0
32.34313,74.56916,332.85,0.41,0.37,2024-11-08,756,N,VIIRS,n,2,299.48,5.26,D,0
32.34386,74.57347,330.87,0.41,0.37,2024-11-08,756,N,VIIRS,n,2,298.56,4.73,D,0
32.34573,72.55362,335.84,0.48,0.4,2024-11-08,756,N,VIIRS,n,2,297.4,6.91,D,0
32.34909,74.50043,347.21,0.41,0.37,2024-11-08,756,N,VIIRS,n,2,300.44,6.2,D,0
32.3501,74.83868,331.98,0.4,0.37,2024-11-08,756,N,VIIRS,n,2,298.48,1.68,D,0
32.35428,74.32278,337.8,0.41,0.37,2024-11-08,756,N,VIIRS,n,2,299.61,4.66,D,0
32.39196,74.62924,335.23,0.41,0.37,2024-11-08,756,N,VIIRS,n,2,298.78,5.48,D,0
32.41185,74.02158,337.76,0.42,0.38,2024-11-08,756,N,VIIRS,n,2,299.69,5.46,D,0
32.42682,73.62834,331.86,0.43,0.38,2024-11-08,756,N,VIIRS,n,2,297.12,2.82,D,0
32.4342,75.1346,340.67,0.4,0.37,2024-11-08,756,N,VIIRS,n,2,299.8,3.89,D,0
32.4459,74.95288,334.97,0.4,0.37,2024-11-08,756,N,VIIRS,n,2,300.4,1.87,D,0
32.44775,75.34364,328.3,0.39,0.36,2024-11-08,756,N,VIIRS,n,2,299.3,2.2,D,0
32.4784,74.99516,339.34,0.4,0.37,2024-11-08,756,N,VIIRS,n,2,300.26,4.47,D,0
32.49345,74.40129,333.86,0.41,0.37,2024-11-08,756,N,VIIRS,n,2,297.76,3.24,D,0
32.61917,74.53905,332.94,0.41,0.37,2024-11-08,756,N,VIIRS,n,2,298.01,2.22,D,0
32.61927,74.6452,334.1,0.4,0.37,2024-11-08,756,N,VIIRS,n,2,299.21,2.83,D,0
32.77261,74.57535,332.02,0.41,0.37,2024-11-08,756,N,VIIRS,n,2,299.01,1.88,D,0
33.28938,75.23454,328.12,0.39,0.36,2024-11-08,756,N,VIIRS,l,2,302.39,4.22,D,0
33.51491,75.30585,334.43,0.39,0.36,2024-11-08,756,N,VIIRS,n,2,294.65,5.18,D,0
33.52887,75.30732,336.3,0.39,0.36,2024-11-08,756,N,VIIRS,n,2,296.14,3.04,D,0
33.73381,74.3802,336.02,0.4,0.37,2024-11-08,756,N,VIIRS,n,2,298.03,5.48,D,0
33.80536,73.73174,346.84,0.42,0.38,2024-11-08,756,N,VIIRS,n,2,298.12,9.33,D,0
33.98962,74.88165,326.6,0.39,0.36,2024-11-08,756,N,VIIRS,n,2,291.98,2.02,D,0
34.01741,73.45192,326.21,0.42,0.38,2024-11-08,756,N,VIIRS,n,2,296.63,2.62,D,0
34.02495,74.1917,331.73,0.41,0.37,2024-11-08,756,N,VIIRS,n,2,294.18,5.59,D,0
32.71721,72.77224,298.21,0.61,0.54,2024-11-08,2018,N,VIIRS,n,2,287.02,1.42,N,2
32.88774,71.61646,302.95,0.36,0.57,2024-11-08,2018,N,VIIRS,n,2,290.81,0.52,N,2
33.38045,70.78255,300.8,0.41,0.6,2024-11-08,2018,N,VIIRS,n,2,285.18,0.6,N,0
33.51216,75.30906,300.54,0.45,0.47,2024-11-08,2018,N,VIIRS,n,2,284.15,1.53,N,0
33.57524,75.30308,306.73,0.45,0.47,2024-11-08,2018,N,VIIRS,n,2,285.91,2.17,N,0
33.6874,72.71315,299.64,0.63,0.54,2024-11-08,2018,N,VIIRS,n,2,288.21,0.65,N,2
34.02035,74.18303,310.12,0.53,0.5,2024-11-08,2018,N,VIIRS,n,2,279.02,1.96,N,0
34.02084,74.17744,303.26,0.53,0.5,2024-11-08,2018,N,VIIRS,n,2,278.65,1.96,N,0
34.0246,74.1879,307.63,0.53,0.5,2024-11-08,2018,N,VIIRS,n,2,280.25,1.81,N,0
34.0293,74.18769,300.84,0.53,0.5,2024-11-08,2018,N,VIIRS,n,2,280.02,1.81,N,0
29.36076,75.13218,301.34,0.41,0.45,2024-11-08,2019,N,VIIRS,n,2,291.2,0.37,N,0
29.43697,74.94831,311.04,0.42,0.45,2024-11-08,2019,N,VIIRS,n,2,291.13,0.71,N,0
30.18409,71.54675,316.72,0.34,0.56,2024-11-08,2019,N,VIIRS,n,2,292.05,1.1,N,0
30.46194,74.98573,315.37,0.43,0.46,2024-11-08,2019,N,VIIRS,n,2,291.49,1,N,0
30.46944,69.90955,301.12,0.43,0.62,2024-11-08,2019,N,VIIRS,n,2,286.53,1.51,N,0
30.46975,69.90498,319.48,0.43,0.62,2024-11-08,2019,N,VIIRS,n,2,287.41,1.51,N,0
30.4701,69.89991,307.04,0.43,0.62,2024-11-08,2019,N,VIIRS,n,2,285.74,1.94,N,0
30.47586,69.90044,319.47,0.43,0.62,2024-11-08,2019,N,VIIRS,n,2,285.64,1.41,N,0
30.48162,69.90108,308.2,0.43,0.62,2024-11-08,2019,N,VIIRS,n,2,286.08,1.41,N,0
30.49751,69.92258,309.09,0.43,0.62,2024-11-08,2019,N,VIIRS,n,2,286.55,1.08,N,0
30.49816,69.92675,300.28,0.43,0.62,2024-11-08,2019,N,VIIRS,n,2,287.65,1.63,N,0
30.49843,69.92251,311.07,0.43,0.62,2024-11-08,2019,N,VIIRS,n,2,286.56,2.31,N,0
30.50324,69.92343,300.26,0.43,0.62,2024-11-08,2019,N,VIIRS,n,2,286.79,1.08,N,0
30.77888,74.77043,322.91,0.45,0.47,2024-11-08,2019,N,VIIRS,n,2,291.26,2.79,N,0
30.78318,74.77104,311.06,0.45,0.47,2024-11-08,2019,N,VIIRS,n,2,290.92,2.79,N,0
31.0335,72.00954,303.21,0.33,0.55,2024-11-08,2019,N,VIIRS,n,2,290.71,0.51,N,0
31.15674,72.04387,301.17,0.33,0.55,2024-11-08,2019,N,VIIRS,n,2,290.26,0.46,N,0
31.65288,74.17822,307.73,0.49,0.49,2024-11-08,2019,N,VIIRS,n,2,291.52,0.84,N,2
32.29154,70.73016,306.77,0.4,0.6,2024-11-08,2019,N,VIIRS,n,2,291.03,1.01,N,2
30.47184,69.90498,304.58,0.55,0.68,2024-11-08,2159,N,VIIRS,n,2,285.73,1.84,N,0
30.4732,69.89994,304.03,0.55,0.68,2024-11-08,2159,N,VIIRS,n,2,284.47,1.87,N,0
30.49817,69.92235,297.62,0.55,0.68,2024-11-08,2159,N,VIIRS,n,2,285.49,0.76,N,0
30.49947,69.92613,314.1,0.55,0.68,2024-11-08,2159,N,VIIRS,n,2,286.75,1.71,N,0
30.50237,69.93141,297.01,0.55,0.68,2024-11-08,2159,N,VIIRS,n,2,286.4,0.76,N,0
30.50429,69.92436,296.17,0.55,0.68,2024-11-08,2159,N,VIIRS,n,2,285.74,0.76,N,0
33.2938,71.18644,306.78,0.54,0.68,2024-11-08,2159,N,VIIRS,n,2,285.89,1.34,N,2
29.20767,73.51773,343.48,0.58,0.52,2024-11-09,736,N,VIIRS,n,2,301.22,8.04,D,0
29.33422,75.24242,334.77,0.46,0.47,2024-11-09,736,N,VIIRS,n,2,303.18,2.56,D,0
29.4155,74.07231,342.09,0.53,0.5,2024-11-09,736,N,VIIRS,n,2,303.57,4.4,D,0
29.4565,74.06071,340.48,0.53,0.5,2024-11-09,736,N,VIIRS,n,2,301.2,5.31,D,0
29.49797,74.18554,343.37,0.52,0.5,2024-11-09,736,N,VIIRS,n,2,303.9,13.64,D,0
29.49829,74.45095,337.55,0.5,0.49,2024-11-09,736,N,VIIRS,n,2,300.96,7.87,D,0
29.51068,74.55849,331.85,0.5,0.49,2024-11-09,736,N,VIIRS,n,2,300.83,1.97,D,0
29.51257,74.56018,332.41,0.5,0.49,2024-11-09,736,N,VIIRS,n,2,301.31,2.29,D,0
29.517,73.98917,340.41,0.53,0.5,2024-11-09,736,N,VIIRS,n,2,303.14,4.96,D,0
29.52157,73.98787,341.04,0.53,0.5,2024-11-09,736,N,VIIRS,n,2,301.29,4.96,D,0
29.55164,74.45785,330.65,0.5,0.49,2024-11-09,736,N,VIIRS,l,2,302.92,4.97,D,0
29.56554,74.29779,330.72,0.51,0.49,2024-11-09,736,N,VIIRS,n,2,300.95,7.56,D,0
29.56888,74.29133,335.75,0.51,0.49,2024-11-09,736,N,VIIRS,n,2,300.41,7.56,D,0
29.57002,74.29654,342.29,0.51,0.49,2024-11-09,736,N,VIIRS,n,2,300.73,7.56,D,0
29.61117,74.11137,330.05,0.52,0.5,2024-11-09,736,N,VIIRS,l,2,300.43,3.66,D,0
29.67817,75.31557,333.08,0.45,0.47,2024-11-09,736,N,VIIRS,n,2,302.54,2.44,D,0
29.78287,74.44808,336.59,0.5,0.49,2024-11-09,736,N,VIIRS,n,2,301.55,2.73,D,0
29.80118,75.25002,341.97,0.45,0.47,2024-11-09,736,N,VIIRS,n,2,303.08,4.81,D,0
29.83032,75.26142,335.99,0.45,0.47,2024-11-09,736,N,VIIRS,n,2,300.24,4.47,D,0
29.87933,75.14388,335.23,0.45,0.47,2024-11-09,736,N,VIIRS,n,2,302.03,2.39,D,0
29.91847,75.45839,339.49,0.43,0.46,2024-11-09,736,N,VIIRS,n,2,301.45,2.79,D,0
29.94685,75.18872,342.94,0.45,0.47,2024-11-09,736,N,VIIRS,n,2,303.73,12.88,D,0
29.97629,75.46152,334.84,0.43,0.46,2024-11-09,736,N,VIIRS,n,2,301.68,3.18,D,0
30.01411,74.65749,336.71,0.48,0.48,2024-11-09,736,N,VIIRS,n,2,301.65,3.27,D,0
30.01452,74.83163,334.24,0.47,0.48,2024-11-09,736,N,VIIRS,n,2,299.4,3.23,D,0
30.04972,75.3489,336.24,0.44,0.46,2024-11-09,736,N,VIIRS,n,2,302.41,4.01,D,0
30.05065,75.35339,334.14,0.44,0.46,2024-11-09,736,N,VIIRS,n,2,302.04,4.01,D,0
30.05894,75.39354,345.23,0.43,0.46,2024-11-09,736,N,VIIRS,n,2,301.86,5.1,D,0
30.07822,75.44449,341.77,0.43,0.46,2024-11-09,736,N,VIIRS,n,2,302.85,6.73,D,0
30.08003,75.45334,330.45,0.43,0.46,2024-11-09,736,N,VIIRS,l,2,300.64,3.34,D,0
30.11855,74.8249,356.09,0.47,0.47,2024-11-09,736,N,VIIRS,n,2,302.99,17.8,D,0
30.12261,74.84395,341.46,0.46,0.47,2024-11-09,736,N,VIIRS,n,2,301.03,5.5,D,0
30.13995,75.40558,341.15,0.43,0.46,2024-11-09,736,N,VIIRS,n,2,301.24,3.83,D,0
30.14307,75.14297,341.53,0.45,0.47,2024-11-09,736,N,VIIRS,n,2,303.32,7.06,D,0
30.14586,75.01671,331.27,0.45,0.47,2024-11-09,736,N,VIIRS,n,2,301.27,2.67,D,0
30.1655,75.33761,339.09,0.43,0.46,2024-11-09,736,N,VIIRS,n,2,302.3,4.15,D,0
30.16726,75.38883,332.95,0.43,0.46,2024-11-09,736,N,VIIRS,n,2,300.73,2.75,D,0
30.17293,75.33086,334.31,0.44,0.46,2024-11-09,736,N,VIIRS,n,2,301.67,1.99,D,0
30.17714,74.6915,343.78,0.47,0.48,2024-11-09,736,N,VIIRS,n,2,301.06,4.96,D,0
30.18832,75.29829,338.95,0.44,0.46,2024-11-09,736,N,VIIRS,n,2,301.95,3.51,D,0
30.19525,75.31059,339.33,0.44,0.46,2024-11-09,736,N,VIIRS,n,2,300.92,4.03,D,0
30.21732,75.44056,333.34,0.43,0.46,2024-11-09,736,N,VIIRS,n,2,301.17,4.08,D,0
30.27562,73.14152,331.22,0.58,0.52,2024-11-09,736,N,VIIRS,n,2,297.62,4.34,D,0
30.32008,74.41718,340.58,0.49,0.48,2024-11-09,736,N,VIIRS,n,2,299.72,3.38,D,0
30.34671,75.42965,343.73,0.43,0.46,2024-11-09,736,N,VIIRS,n,2,301.53,4.55,D,0
30.34688,75.43056,340.67,0.43,0.46,2024-11-09,736,N,VIIRS,n,2,302.07,3.72,D,0
30.3588,74.47675,337.93,0.48,0.48,2024-11-09,736,N,VIIRS,n,2,300.32,4.24,D,0
30.35999,74.47446,339.79,0.48,0.48,2024-11-09,736,N,VIIRS,n,2,299.32,5.7,D,0
30.36864,75.04485,330.34,0.45,0.47,2024-11-09,736,N,VIIRS,n,2,300.41,2.49,D,0
30.40248,74.85132,331.56,0.46,0.47,2024-11-09,736,N,VIIRS,n,2,300.03,3.32,D,0
30.41398,74.79808,341.27,0.46,0.47,2024-11-09,736,N,VIIRS,n,2,300.1,4.3,D,0
30.41936,74.97512,331.89,0.45,0.47,2024-11-09,736,N,VIIRS,n,2,300.47,2.87,D,0
30.44873,75.2651,330.28,0.43,0.46,2024-11-09,736,N,VIIRS,n,2,299.64,3.4,D,0
30.44966,75.26956,340.1,0.43,0.46,2024-11-09,736,N,VIIRS,n,2,301.29,3.4,D,0
30.45109,75.02011,331.89,0.45,0.47,2024-11-09,736,N,VIIRS,n,2,300.65,3.23,D,0
30.46999,74.65245,354.68,0.47,0.48,2024-11-09,736,N,VIIRS,n,2,300.41,8.97,D,0
30.47644,75.01307,341.72,0.45,0.47,2024-11-09,736,N,VIIRS,n,2,301.62,7.44,D,0
30.47768,75.00918,334.97,0.45,0.47,2024-11-09,736,N,VIIRS,n,2,299.88,7.31,D,0
30.47782,74.99805,341.26,0.45,0.47,2024-11-09,736,N,VIIRS,n,2,301.06,6.99,D,0
30.47877,75.00268,341.08,0.45,0.47,2024-11-09,736,N,VIIRS,n,2,301.4,6.99,D,0
30.47995,74.99881,343.01,0.45,0.47,2024-11-09,736,N,VIIRS,n,2,301.78,14.31,D,0
30.50372,74.96294,348.85,0.45,0.47,2024-11-09,736,N,VIIRS,n,2,301.3,8.22,D,0
30.50462,75.30151,330.93,0.43,0.46,2024-11-09,736,N,VIIRS,l,2,301.38,2.72,D,0
30.53317,75.01815,348.91,0.45,0.47,2024-11-09,736,N,VIIRS,n,2,302.37,7.54,D,0
30.5955,75.12615,334.54,0.44,0.46,2024-11-09,736,N,VIIRS,n,2,299.94,3.72,D,0
30.59969,75.125,341.16,0.44,0.46,2024-11-09,736,N,VIIRS,n,2,300.93,9.05,D,0
30.60176,74.6479,340.78,0.47,0.47,2024-11-09,736,N,VIIRS,n,2,299.29,7.06,D,0
30.61471,75.26293,330.12,0.43,0.46,2024-11-09,736,N,VIIRS,n,2,298.37,3.12,D,0
30.62226,74.63704,330.69,0.47,0.47,2024-11-09,736,N,VIIRS,n,2,298.86,2.15,D,0
30.62264,74.63866,330.86,0.47,0.47,2024-11-09,736,N,VIIRS,n,2,298.88,3.13,D,0
30.62528,75.46378,336.74,0.42,0.45,2024-11-09,736,N,VIIRS,n,2,298.98,3.67,D,0
30.64734,75.20811,339.13,0.43,0.46,2024-11-09,736,N,VIIRS,n,2,298.82,3.98,D,0
30.65138,74.97228,333.67,0.45,0.47,2024-11-09,736,N,VIIRS,n,2,298.27,3.31,D,0
30.65893,75.24258,342.48,0.43,0.46,2024-11-09,736,N,VIIRS,n,2,299.04,4.92,D,0
30.65933,75.41782,339.58,0.42,0.45,2024-11-09,736,N,VIIRS,n,2,298.75,5.71,D,0
30.67435,74.51653,340.14,0.47,0.48,2024-11-09,736,N,VIIRS,n,2,298.92,5.19,D,0
30.68483,75.1552,338.57,0.43,0.46,2024-11-09,736,N,VIIRS,n,2,298.93,4.36,D,0
30.71158,74.84421,335.98,0.45,0.47,2024-11-09,736,N,VIIRS,n,2,299.04,2.05,D,0
30.71345,74.72422,332.02,0.46,0.47,2024-11-09,736,N,VIIRS,n,2,298.17,2.56,D,0
30.75895,75.00668,340.58,0.44,0.46,2024-11-09,736,N,VIIRS,n,2,298.76,2.74,D,0
30.75998,74.90434,342.95,0.45,0.47,2024-11-09,736,N,VIIRS,n,2,298.78,4.58,D,0
30.79439,74.77931,330.38,0.45,0.47,2024-11-09,736,N,VIIRS,n,2,297.83,2.27,D,0
30.81733,74.30911,340.83,0.48,0.48,2024-11-09,736,N,VIIRS,n,2,297.66,3.87,D,0
30.84194,75.38804,347.78,0.42,0.45,2024-11-09,736,N,VIIRS,n,2,298.42,7.47,D,0
30.84416,75.31374,341.38,0.42,0.45,2024-11-09,736,N,VIIRS,n,2,298.02,2.42,D,0
30.86827,75.089,348.87,0.43,0.46,2024-11-09,736,N,VIIRS,n,2,298.84,7.99,D,0
30.87446,74.68352,332.51,0.46,0.47,2024-11-09,736,N,VIIRS,n,2,297.99,5.14,D,0
30.87958,74.51494,329.68,0.47,0.48,2024-11-09,736,N,VIIRS,n,2,297.59,3.22,D,0
30.91393,74.99617,335.45,0.44,0.46,2024-11-09,736,N,VIIRS,n,2,298.62,3.51,D,0
30.91607,74.99921,332.05,0.44,0.46,2024-11-09,736,N,VIIRS,n,2,298.34,3.55,D,0
30.9654,75.4337,333.73,0.42,0.45,2024-11-09,736,N,VIIRS,n,2,296.78,5.39,D,0
30.96599,75.41536,343.58,0.42,0.45,2024-11-09,736,N,VIIRS,n,2,298.99,9.02,D,0
31.02455,75.01945,340.84,0.44,0.46,2024-11-09,736,N,VIIRS,n,2,298.71,4.16,D,0
31.02469,75.01795,340.79,0.44,0.46,2024-11-09,736,N,VIIRS,n,2,298.32,5.67,D,0
31.03282,74.56682,330.92,0.46,0.47,2024-11-09,736,N,VIIRS,n,2,296.86,3.69,D,0
31.03633,74.56419,330.76,0.46,0.47,2024-11-09,736,N,VIIRS,n,2,296.3,5.6,D,0
31.04787,74.57607,330.54,0.46,0.47,2024-11-09,736,N,VIIRS,n,2,296.68,3.34,D,0
31.04873,74.57747,330.5,0.46,0.47,2024-11-09,736,N,VIIRS,n,2,296.96,4.59,D,0
31.05176,74.78919,338.44,0.45,0.47,2024-11-09,736,N,VIIRS,n,2,297.45,6.65,D,0
31.05273,74.79383,347.96,0.45,0.47,2024-11-09,736,N,VIIRS,n,2,298.77,6.65,D,0
31.05301,74.57626,357.04,0.46,0.47,2024-11-09,736,N,VIIRS,l,2,299.44,16.6,D,0
31.11689,75.29335,331.94,0.42,0.45,2024-11-09,736,N,VIIRS,n,2,297.28,3.16,D,0
31.21379,74.02444,328,0.49,0.49,2024-11-09,736,N,VIIRS,n,2,295.62,1.73,D,0
31.21622,74.99095,328.65,0.43,0.46,2024-11-09,736,N,VIIRS,n,2,296.14,3.78,D,0
31.21715,74.99545,339.94,0.43,0.46,2024-11-09,736,N,VIIRS,n,2,297.64,5.78,D,0
31.46253,75.39653,343.52,0.41,0.45,2024-11-09,736,N,VIIRS,n,2,297.72,4.16,D,0
31.46659,75.39541,336.28,0.41,0.45,2024-11-09,736,N,VIIRS,n,2,295.66,4.16,D,0
31.51361,75.45827,330.74,0.4,0.45,2024-11-09,736,N,VIIRS,n,2,296.88,2.5,D,0
30.46031,69.90907,367,0.44,0.62,2024-11-09,737,N,VIIRS,h,2,304.98,12.56,D,0
30.46125,69.91279,367,0.44,0.62,2024-11-09,737,N,VIIRS,h,2,303.99,15.5,D,0
30.46605,69.90782,335.48,0.44,0.62,2024-11-09,737,N,VIIRS,n,2,302.87,5.36,D,0
30.46708,69.91187,337.78,0.44,0.62,2024-11-09,737,N,VIIRS,n,2,303.76,4.83,D,0
31.79496,74.84234,330.59,0.43,0.46,2024-11-09,737,N,VIIRS,n,2,297.35,3.36,D,0
31.94605,74.78628,331.01,0.43,0.46,2024-11-09,737,N,VIIRS,n,2,296.87,1.97,D,0
31.98149,74.64291,327.71,0.44,0.46,2024-11-09,737,N,VIIRS,n,2,298.2,2.8,D,0
31.987,73.29816,334.9,0.52,0.5,2024-11-09,737,N,VIIRS,n,2,296.62,5.9,D,0
31.99724,74.63354,339.75,0.44,0.46,2024-11-09,737,N,VIIRS,n,2,297.53,4.12,D,0
32.02465,74.57842,331.1,0.44,0.46,2024-11-09,737,N,VIIRS,n,2,297.88,2.74,D,0
32.03612,73.34653,328.53,0.51,0.5,2024-11-09,737,N,VIIRS,n,2,296.3,9.58,D,0
32.03731,73.3519,340.09,0.51,0.5,2024-11-09,737,N,VIIRS,n,2,297.25,9.58,D,0
32.05155,74.66282,336.9,0.43,0.46,2024-11-09,737,N,VIIRS,n,2,297.18,3.31,D,0
32.05251,74.66736,343.98,0.43,0.46,2024-11-09,737,N,VIIRS,n,2,297.78,7.37,D,0
32.05262,74.66595,356.88,0.43,0.46,2024-11-09,737,N,VIIRS,n,2,298.68,9.5,D,0
32.0611,74.74986,330.69,0.43,0.46,2024-11-09,737,N,VIIRS,n,2,297.89,5.16,D,0
32.06149,74.751,330.61,0.43,0.46,2024-11-09,737,N,VIIRS,n,2,297.99,3.09,D,0
32.0679,74.6774,341.89,0.43,0.46,2024-11-09,737,N,VIIRS,n,2,297.42,5.78,D,0
32.09873,73.4582,340.8,0.51,0.49,2024-11-09,737,N,VIIRS,n,2,296.95,7.2,D,0
32.09988,73.46347,328.51,0.5,0.49,2024-11-09,737,N,VIIRS,n,2,297.49,7.66,D,0
32.14053,73.40881,342.75,0.51,0.49,2024-11-09,737,N,VIIRS,n,2,296.72,6.22,D,0
32.15246,74.95527,332.49,0.42,0.45,2024-11-09,737,N,VIIRS,n,2,297.2,2.82,D,0
32.17456,75.0411,330.65,0.41,0.45,2024-11-09,737,N,VIIRS,n,2,297.56,2.77,D,0
32.1964,74.57885,328.36,0.44,0.46,2024-11-09,737,N,VIIRS,n,2,297.76,2.49,D,0
32.2121,74.73755,328.03,0.43,0.46,2024-11-09,737,N,VIIRS,n,2,297.44,2.46,D,0
32.21553,75.15674,328.83,0.41,0.45,2024-11-09,737,N,VIIRS,n,2,297.16,1.62,D,0
32.21731,73.56455,338.6,0.5,0.49,2024-11-09,737,N,VIIRS,n,2,296.1,5.62,D,0
32.21736,74.50948,328.71,0.44,0.46,2024-11-09,737,N,VIIRS,n,2,296.95,1.56,D,0
32.21844,73.56974,336.08,0.5,0.49,2024-11-09,737,N,VIIRS,n,2,296.65,5.62,D,0
32.22127,75.35104,337.97,0.4,0.44,2024-11-09,737,N,VIIRS,n,2,295.47,3.44,D,0
32.22731,75.31848,348.54,0.4,0.44,2024-11-09,737,N,VIIRS,n,2,295.57,6.37,D,0
32.23225,75.2595,327.69,0.4,0.44,2024-11-09,737,N,VIIRS,n,2,296.09,2.2,D,0
32.23504,74.90952,333.6,0.42,0.45,2024-11-09,737,N,VIIRS,n,2,297.46,2.98,D,0
32.24856,73.70841,330.13,0.49,0.48,2024-11-09,737,N,VIIRS,n,2,297.15,2.81,D,0
32.25455,74.43785,339.07,0.44,0.46,2024-11-09,737,N,VIIRS,n,2,296.68,4.68,D,0
32.26228,74.55779,328.08,0.44,0.46,2024-11-09,737,N,VIIRS,n,2,297.15,4.29,D,0
32.27119,75.36782,331.82,0.4,0.44,2024-11-09,737,N,VIIRS,n,2,295.77,2.96,D,0
32.27471,74.49091,327.47,0.44,0.46,2024-11-09,737,N,VIIRS,n,2,296.17,3.36,D,0
32.27918,75.36559,326.67,0.4,0.44,2024-11-09,737,N,VIIRS,n,2,295.09,2.68,D,0
32.28567,74.70954,331.42,0.43,0.46,2024-11-09,737,N,VIIRS,n,2,297.37,3.42,D,0
32.31012,74.82524,333.79,0.42,0.45,2024-11-09,737,N,VIIRS,n,2,298.41,3.64,D,0
32.39502,74.81497,331.16,0.42,0.45,2024-11-09,737,N,VIIRS,n,2,297.3,2.77,D,0
32.42392,74.63749,335.97,0.43,0.46,2024-11-09,737,N,VIIRS,n,2,297.52,2.48,D,0
32.44711,74.89403,335.1,0.42,0.45,2024-11-09,737,N,VIIRS,n,2,297.94,3.56,D,0
32.57443,73.75327,329.46,0.48,0.48,2024-11-09,737,N,VIIRS,n,2,296.82,4.09,D,0
32.65022,74.56466,328.3,0.43,0.46,2024-11-09,737,N,VIIRS,n,2,296.69,2.73,D,0
32.68647,73.67906,340.9,0.48,0.48,2024-11-09,737,N,VIIRS,n,2,296.43,7.67,D,0
33.01168,71.22547,335.88,0.32,0.55,2024-11-09,737,N,VIIRS,n,2,296.64,2.6,D,0
33.0125,71.22895,329.67,0.32,0.55,2024-11-09,737,N,VIIRS,n,2,295.76,2.6,D,0
33.37853,70.77773,329.46,0.33,0.56,2024-11-09,737,N,VIIRS,n,2,295.74,5.24,D,0
33.37938,70.78127,367,0.33,0.56,2024-11-09,737,N,VIIRS,h,2,299.43,5.24,D,0
33.38195,70.77964,367,0.33,0.56,2024-11-09,737,N,VIIRS,h,2,297.4,11.11,D,0
33.38602,70.94374,341.31,0.33,0.55,2024-11-09,737,N,VIIRS,n,2,296.61,4.57,D,0
33.51196,75.33739,336.76,0.57,0.43,2024-11-09,737,N,VIIRS,n,2,291.62,7.92,D,0
33.66394,74.01687,326.73,0.44,0.46,2024-11-09,737,N,VIIRS,n,2,296.24,2,D,0
34.02689,74.19361,341.09,0.42,0.45,2024-11-09,737,N,VIIRS,n,2,295.67,6.67,D,0
33.38184,70.77612,345.19,0.64,0.72,2024-11-09,918,N,VIIRS,n,2,295.18,7.81,D,0
33.33102,75.49847,302.05,0.41,0.61,2024-11-09,1959,N,VIIRS,n,2,279.51,0.72,N,0
33.38748,70.94172,295.63,0.75,0.77,2024-11-09,1959,N,VIIRS,n,2,284.43,0.98,N,0
33.50866,75.33173,301.56,0.42,0.61,2024-11-09,1959,N,VIIRS,n,2,281.32,1.28,N,0
33.51042,75.33556,297.59,0.42,0.61,2024-11-09,1959,N,VIIRS,n,2,281.32,1.15,N,0
33.56263,75.02762,305.26,0.44,0.62,2024-11-09,1959,N,VIIRS,n,2,281.38,1.01,N,0
33.56961,75.3038,308.81,0.42,0.61,2024-11-09,1959,N,VIIRS,n,2,284.16,1.97,N,0
29.47747,74.95903,301.19,0.4,0.6,2024-11-09,2000,N,VIIRS,n,2,290.77,0.69,N,0
29.48277,74.96386,301.79,0.4,0.6,2024-11-09,2000,N,VIIRS,n,2,290.5,0.5,N,0
29.48523,74.9297,304.24,0.41,0.6,2024-11-09,2000,N,VIIRS,n,2,290.45,0.51,N,0
29.5127,74.94112,303.26,0.41,0.6,2024-11-09,2000,N,VIIRS,n,2,290.9,1.52,N,0
29.53498,74.86973,306.24,0.41,0.61,2024-11-09,2000,N,VIIRS,n,2,291.07,0.74,N,0
29.53947,74.80889,303.58,0.41,0.61,2024-11-09,2000,N,VIIRS,n,2,290.64,0.62,N,0
29.57686,74.96244,301.76,0.4,0.6,2024-11-09,2000,N,VIIRS,n,2,290.78,0.41,N,0
30.23338,73.57012,308.48,0.5,0.66,2024-11-09,2000,N,VIIRS,n,2,291.6,1.17,N,0
30.99987,75.49059,317,0.39,0.59,2024-11-09,2000,N,VIIRS,n,2,290.16,1.73,N,0
31.10888,75.42944,299.81,0.39,0.6,2024-11-09,2000,N,VIIRS,n,2,289.67,0.31,N,0
31.11122,75.18413,313.62,0.41,0.6,2024-11-09,2000,N,VIIRS,n,2,290.25,1.43,N,0
31.11378,75.18793,306.63,0.41,0.6,2024-11-09,2000,N,VIIRS,n,2,289.72,1.23,N,0
31.11407,75.18356,302.65,0.41,0.6,2024-11-09,2000,N,VIIRS,n,2,289.83,1.65,N,0
32.71669,72.77379,297.82,0.58,0.7,2024-11-09,2000,N,VIIRS,n,2,286.64,0.41,N,2
31.11071,75.18797,300.72,0.56,0.69,2024-11-09,2140,N,VIIRS,n,2,289.69,1.2,N,0
32.37852,72.13998,302.7,0.35,0.57,2024-11-09,2140,N,VIIRS,n,2,290.29,0.31,N,2
32.37868,72.13886,301.5,0.35,0.57,2024-11-09,2140,N,VIIRS,n,2,290.39,0.51,N,2
32.72005,72.92563,297.34,0.38,0.59,2024-11-09,2140,N,VIIRS,n,2,287.06,0.57,N,2
32.72433,72.81749,298.41,0.38,0.59,2024-11-09,2140,N,VIIRS,n,2,286.88,0.88,N,2
32.88756,71.618,304.49,0.32,0.55,2024-11-09,2140,N,VIIRS,n,2,290.42,0.98,N,2
33.52538,75.30322,296.11,0.5,0.66,2024-11-09,2140,N,VIIRS,n,2,280.44,2.58,N,0
33.53044,75.30824,297.98,0.5,0.66,2024-11-09,2140,N,VIIRS,n,2,280.47,2.45,N,0
33.53149,75.30444,313.85,0.5,0.66,2024-11-09,2140,N,VIIRS,n,2,281.67,2.58,N,0