latitude,longitude,bright_ti4,scan,track,acq_date,acq_time,satellite,instrument,confidence,version,bright_ti5,frp,daynight,type
29.5463,74.44782,346.26,0.38,0.59,2024-11-15,723,N,VIIRS,n,2,296.27,2.88,D,0
29.63991,75.44383,332.14,0.33,0.56,2024-11-15,723,N,VIIRS,n,2,297.1,2.51,D,0
29.88836,74.90711,333,0.35,0.57,2024-11-15,724,N,VIIRS,n,2,295.03,1.73,D,0
30.0006,74.66714,328.72,0.36,0.58,2024-11-15,724,N,VIIRS,n,2,294.48,1.91,D,0
32.75831,74.57276,325.47,0.32,0.54,2024-11-15,724,N,VIIRS,n,2,293.97,1.63,D,0
29.16578,73.30972,330.55,0.54,0.68,2024-11-15,904,N,VIIRS,n,2,295.62,3.42,D,0
29.2297,73.54691,341.96,0.56,0.69,2024-11-15,904,N,VIIRS,n,2,296.36,11.38,D,0
29.33531,73.80953,335.09,0.58,0.7,2024-11-15,904,N,VIIRS,n,2,295.32,3.61,D,0
29.4216,74.01493,346.51,0.6,0.71,2024-11-15,904,N,VIIRS,n,2,294.55,7.64,D,0
29.42387,74.01637,339.26,0.6,0.71,2024-11-15,904,N,VIIRS,n,2,294.61,5.22,D,0
29.43083,74.02244,335.08,0.6,0.71,2024-11-15,904,N,VIIRS,n,2,294.19,5.22,D,0
29.44301,74.04594,357.13,0.6,0.71,2024-11-15,904,N,VIIRS,l,2,296.42,14.8,D,0
29.44964,74.04557,333.72,0.6,0.71,2024-11-15,904,N,VIIRS,n,2,292.89,3.85,D,0
29.44995,74.05204,330.61,0.6,0.71,2024-11-15,904,N,VIIRS,n,2,293.39,3.85,D,0
29.47176,74.08976,337.18,0.61,0.71,2024-11-15,904,N,VIIRS,n,2,293.64,4.5,D,0
29.53712,74.59679,330.36,0.65,0.73,2024-11-15,904,N,VIIRS,n,2,293.59,5.71,D,0
29.56135,74.2197,335.87,0.62,0.71,2024-11-15,904,N,VIIRS,n,2,293.48,4.35,D,0
29.57732,74.45206,335.71,0.64,0.72,2024-11-15,904,N,VIIRS,n,2,294.19,6.81,D,0
29.57884,74.4556,331.95,0.64,0.72,2024-11-15,904,N,VIIRS,n,2,293.08,5.26,D,0
29.60505,74.43358,334.14,0.64,0.72,2024-11-15,904,N,VIIRS,n,2,293.23,4.62,D,0
29.89848,75.18854,329.44,0.71,0.75,2024-11-15,904,N,VIIRS,n,2,293.8,5.24,D,0
29.90884,75.47869,335.57,0.74,0.76,2024-11-15,904,N,VIIRS,n,2,293.16,10.3,D,0
29.93397,75.46218,329.35,0.74,0.76,2024-11-15,904,N,VIIRS,n,2,292.99,3.45,D,0
29.93697,75.46149,328.98,0.74,0.76,2024-11-15,904,N,VIIRS,n,2,292.74,2.44,D,0
29.93729,75.09502,332.91,0.7,0.75,2024-11-15,904,N,VIIRS,n,2,293.3,5.56,D,0
29.9698,73.05392,328.38,0.53,0.67,2024-11-15,904,N,VIIRS,n,2,293.17,2.33,D,0
29.97428,74.83707,332.32,0.68,0.74,2024-11-15,904,N,VIIRS,n,2,292.99,4.26,D,0
30.04043,74.92259,348.69,0.69,0.74,2024-11-15,904,N,VIIRS,n,2,293.56,7.44,D,0
30.12127,75.05762,328.29,0.7,0.75,2024-11-15,904,N,VIIRS,n,2,292.75,6.3,D,0
30.12352,75.06188,335.64,0.7,0.75,2024-11-15,904,N,VIIRS,n,2,293.41,6.66,D,0
30.12386,75.32066,329.3,0.73,0.76,2024-11-15,904,N,VIIRS,n,2,293.23,4.53,D,0
30.13068,74.2939,328.44,0.63,0.72,2024-11-15,904,N,VIIRS,n,2,292.02,5.04,D,0
30.14029,74.66489,334.83,0.66,0.73,2024-11-15,904,N,VIIRS,n,2,293.17,5.82,D,0
30.1718,70.9321,327.2,0.4,0.6,2024-11-15,904,N,VIIRS,n,2,291.64,2.65,D,0
30.33027,74.58772,333.19,0.66,0.73,2024-11-15,904,N,VIIRS,n,2,291.95,6.27,D,0
30.36934,73.96244,331.62,0.61,0.71,2024-11-15,904,N,VIIRS,n,2,292.05,5.02,D,0
30.36962,74.543,333.13,0.66,0.73,2024-11-15,904,N,VIIRS,n,2,291.45,7.26,D,0
30.37296,73.9658,334.56,0.61,0.71,2024-11-15,904,N,VIIRS,n,2,291.76,6.38,D,0
30.37596,74.52597,337.74,0.66,0.73,2024-11-15,904,N,VIIRS,n,2,291.81,7.83,D,0
30.38269,74.52818,330.97,0.65,0.73,2024-11-15,904,N,VIIRS,n,2,291.72,4.78,D,0
30.47513,74.14706,340.34,0.62,0.72,2024-11-15,904,N,VIIRS,n,2,291.81,6.22,D,0
30.47805,74.14526,345.56,0.62,0.72,2024-11-15,904,N,VIIRS,n,2,291.92,11.83,D,0
30.51135,74.13674,333.81,0.62,0.72,2024-11-15,904,N,VIIRS,n,2,291.48,4.87,D,0
30.51225,74.31452,334.96,0.64,0.72,2024-11-15,904,N,VIIRS,n,2,291.17,7.84,D,0
30.51254,74.16378,326.78,0.63,0.72,2024-11-15,904,N,VIIRS,n,2,290.61,2.74,D,0
30.63087,72.37626,327.07,0.49,0.65,2024-11-15,904,N,VIIRS,n,2,291.32,2.95,D,0
30.64288,74.16445,331.36,0.63,0.72,2024-11-15,904,N,VIIRS,n,2,289.96,3.81,D,0
30.77434,71.7622,326.19,0.45,0.63,2024-11-15,904,N,VIIRS,n,2,289.78,2.36,D,0
31.00493,72.25464,332.76,0.49,0.65,2024-11-15,904,N,VIIRS,n,2,291.1,4.18,D,0
31.98936,73.25,334.54,0.57,0.69,2024-11-15,905,N,VIIRS,n,2,287.79,6.05,D,0
31.98949,73.247,333.02,0.57,0.69,2024-11-15,905,N,VIIRS,n,2,287.67,4.42,D,0
32.11652,73.46524,327.3,0.58,0.7,2024-11-15,905,N,VIIRS,n,2,288.74,3.26,D,0
32.12194,73.46329,326.45,0.59,0.7,2024-11-15,905,N,VIIRS,n,2,289.21,2.19,D,0
32.14433,73.52689,339.82,0.59,0.7,2024-11-15,905,N,VIIRS,n,2,289.51,6.88,D,0
29.47013,74.92615,297.5,0.63,0.72,2024-11-15,1948,N,VIIRS,n,2,285.38,0.72,N,0
29.47586,74.94686,304.6,0.63,0.72,2024-11-15,1948,N,VIIRS,n,2,285.89,0.98,N,0
29.50742,74.98952,299.07,0.63,0.72,2024-11-15,1948,N,VIIRS,n,2,285.85,0.71,N,0
29.50992,74.98783,298.67,0.63,0.72,2024-11-15,1948,N,VIIRS,n,2,285.79,1.09,N,0
29.55077,75.11757,296.06,0.61,0.71,2024-11-15,1948,N,VIIRS,n,2,285.62,0.47,N,0
32.72454,72.81953,297.67,0.5,0.49,2024-11-15,2127,N,VIIRS,n,2,284.46,0.65,N,2
32.88792,71.61706,302.71,0.43,0.46,2024-11-15,2127,N,VIIRS,n,2,286.62,0.83,N,2
32.8886,71.61589,302.21,0.43,0.46,2024-11-15,2127,N,VIIRS,n,2,286.15,1.42,N,2
32.89478,71.60538,301.63,0.43,0.46,2024-11-15,2127,N,VIIRS,n,2,286.01,0.44,N,0
33.40815,71.94111,297.06,0.44,0.46,2024-11-15,2127,N,VIIRS,n,2,283.76,0.48,N,2
29.4819,74.97952,300.47,0.39,0.6,2024-11-15,2128,N,VIIRS,n,2,286.12,0.51,N,0
29.48213,74.93221,299.42,0.39,0.59,2024-11-15,2128,N,VIIRS,n,2,285.89,0.3,N,0
29.4871,74.93156,303.72,0.39,0.59,2024-11-15,2128,N,VIIRS,n,2,286.09,1.06,N,0
29.48747,74.93393,302.8,0.39,0.59,2024-11-15,2128,N,VIIRS,n,2,286.17,0.53,N,0
29.48911,74.97099,299.04,0.39,0.6,2024-11-15,2128,N,VIIRS,n,2,286.01,0.43,N,0
29.51659,74.95621,297,0.39,0.59,2024-11-15,2128,N,VIIRS,n,2,285.98,0.52,N,0
32.29498,70.73051,302.63,0.4,0.44,2024-11-15,2128,N,VIIRS,n,2,287.23,1.58,N,2
28.05312,69.36826,300.97,0.4,0.44,2024-11-15,2129,N,VIIRS,n,2,290.03,0.49,N,2
28.42401,69.69993,301.2,0.41,0.45,2024-11-15,2129,N,VIIRS,n,2,289.36,0.61,N,2
27.7733,69.30213,334.25,0.49,0.4,2024-11-16,845,N,VIIRS,n,2,303.29,2.76,D,0
28.97653,70.5646,335.48,0.39,0.44,2024-11-16,845,N,VIIRS,n,2,299.44,3.04,D,0
29.22985,73.54097,341.02,0.58,0.52,2024-11-16,845,N,VIIRS,n,2,296.06,9.24,D,0
29.24498,73.54543,333.03,0.58,0.52,2024-11-16,845,N,VIIRS,n,2,295.4,3.95,D,0
29.24663,73.09454,340.77,0.54,0.51,2024-11-16,845,N,VIIRS,n,2,296.33,5.44,D,0
29.24763,73.09741,340.76,0.55,0.51,2024-11-16,845,N,VIIRS,n,2,296.03,8.28,D,0
29.34059,73.82661,343.89,0.6,0.53,2024-11-16,845,N,VIIRS,n,2,297.46,12.09,D,0
29.36587,73.71601,352.58,0.6,0.53,2024-11-16,845,N,VIIRS,n,2,296.21,16.47,D,0
29.38699,74.01614,343.93,0.62,0.54,2024-11-16,845,N,VIIRS,n,2,297.01,9.62,D,0
29.39639,73.94967,354.84,0.62,0.54,2024-11-16,845,N,VIIRS,n,2,300.23,28.05,D,0
29.40694,73.95504,331.83,0.62,0.54,2024-11-16,845,N,VIIRS,n,2,295.64,6.48,D,0
29.4075,73.96014,331.93,0.62,0.54,2024-11-16,845,N,VIIRS,n,2,295.81,4.3,D,0
29.47291,74.07841,342.44,0.63,0.54,2024-11-16,845,N,VIIRS,n,2,295.84,10.99,D,0
29.48313,74.58947,335.27,0.34,0.56,2024-11-16,845,N,VIIRS,n,2,295.81,1.11,D,0
29.49193,74.12316,340.62,0.63,0.54,2024-11-16,845,N,VIIRS,n,2,296.27,9.37,D,0
29.49512,74.41161,341.73,0.33,0.55,2024-11-16,845,N,VIIRS,n,2,296.3,3.6,D,0
29.4954,74.41508,340.92,0.33,0.55,2024-11-16,845,N,VIIRS,n,2,296.07,5.47,D,0
29.49698,74.12263,339.95,0.63,0.54,2024-11-16,845,N,VIIRS,n,2,294.02,9.37,D,0
29.5126,74.18658,330.44,0.32,0.55,2024-11-16,845,N,VIIRS,n,2,294.35,3.24,D,0
29.52095,74.6036,337.99,0.34,0.56,2024-11-16,845,N,VIIRS,n,2,296.53,3.12,D,0
29.52302,74.564,343.68,0.34,0.56,2024-11-16,845,N,VIIRS,n,2,296.87,4.86,D,0
29.52993,74.58479,367,0.34,0.56,2024-11-16,845,N,VIIRS,h,2,300.72,7.39,D,0
29.53513,74.58427,342.42,0.34,0.56,2024-11-16,845,N,VIIRS,n,2,295.34,7.39,D,0
29.54524,74.57969,367,0.34,0.56,2024-11-16,845,N,VIIRS,h,2,297.51,6.81,D,0
29.54546,74.45554,332.95,0.33,0.55,2024-11-16,845,N,VIIRS,n,2,296.1,3.6,D,0
29.54553,74.58324,349.73,0.34,0.56,2024-11-16,845,N,VIIRS,n,2,296.12,6.81,D,0
29.54575,74.45901,346.33,0.33,0.55,2024-11-16,845,N,VIIRS,n,2,296.66,5.71,D,0
29.54841,74.55433,355.78,0.34,0.56,2024-11-16,845,N,VIIRS,n,2,297.73,3.96,D,0
29.5536,74.55384,338.78,0.34,0.56,2024-11-16,845,N,VIIRS,n,2,294.73,3.96,D,0
29.56182,74.46445,345.92,0.33,0.55,2024-11-16,845,N,VIIRS,n,2,296.3,5.11,D,0
29.56298,74.46448,350.18,0.33,0.55,2024-11-16,845,N,VIIRS,n,2,296.31,5.3,D,0
29.57156,74.45644,335.07,0.33,0.55,2024-11-16,845,N,VIIRS,n,2,295.27,1.81,D,0
29.57277,74.45643,335.17,0.33,0.55,2024-11-16,845,N,VIIRS,n,2,295.18,2.12,D,0
29.58138,74.36803,345.9,0.33,0.55,2024-11-16,845,N,VIIRS,n,2,296.47,5.65,D,0
29.58165,74.37149,367,0.33,0.55,2024-11-16,845,N,VIIRS,h,2,297.42,10.1,D,0
29.58761,74.38134,330.84,0.33,0.55,2024-11-16,845,N,VIIRS,n,2,294.57,2.83,D,0
29.60263,74.43929,332.08,0.33,0.55,2024-11-16,845,N,VIIRS,n,2,294.94,3.38,D,0
29.60291,74.44279,336.92,0.33,0.55,2024-11-16,845,N,VIIRS,n,2,294.84,3.38,D,0
29.60846,74.38271,367,0.33,0.55,2024-11-16,845,N,VIIRS,h,2,297.2,8.85,D,0
29.62757,74.42622,353.89,0.33,0.55,2024-11-16,845,N,VIIRS,n,2,295.97,7.44,D,0
29.63644,74.47113,330.56,0.33,0.56,2024-11-16,845,N,VIIRS,n,2,293.93,2.75,D,0
29.71766,69.98063,331.37,0.55,0.43,2024-11-16,845,N,VIIRS,n,2,298.74,2.18,D,0
29.82149,71.34419,335.14,0.44,0.46,2024-11-16,845,N,VIIRS,n,2,295.75,3.53,D,0
29.88495,75.37954,332.91,0.38,0.59,2024-11-16,845,N,VIIRS,n,2,294.65,3.55,D,0
30.05356,75.26748,344.76,0.38,0.58,2024-11-16,845,N,VIIRS,n,2,296.67,5.71,D,0
30.0542,75.26665,351.4,0.38,0.58,2024-11-16,845,N,VIIRS,n,2,297.58,5.84,D,0
30.1449,75.21227,335.22,0.37,0.58,2024-11-16,845,N,VIIRS,n,2,295.49,3.12,D,0
30.14715,75.33488,336.33,0.38,0.59,2024-11-16,845,N,VIIRS,n,2,296.55,2.79,D,0
30.1581,75.33391,342.22,0.38,0.59,2024-11-16,845,N,VIIRS,n,2,297.46,5.6,D,0
30.15897,75.33587,340.38,0.38,0.59,2024-11-16,845,N,VIIRS,n,2,295.7,4.6,D,0
30.20396,75.42593,330.08,0.39,0.59,2024-11-16,845,N,VIIRS,n,2,296.26,2.43,D,0
30.28415,75.31169,335.37,0.38,0.59,2024-11-16,845,N,VIIRS,n,2,295.34,2.83,D,0
30.33499,74.09615,335.28,0.32,0.55,2024-11-16,845,N,VIIRS,n,2,292.48,1.96,D,0
30.40952,74.50273,330.73,0.34,0.56,2024-11-16,845,N,VIIRS,n,2,292.1,2.55,D,0
30.41541,75.36536,338.32,0.38,0.59,2024-11-16,845,N,VIIRS,n,2,293.35,3.45,D,0
30.47786,74.17687,334.15,0.33,0.55,2024-11-16,845,N,VIIRS,n,2,292.28,2.08,D,0
30.57298,74.57117,328.95,0.35,0.56,2024-11-16,845,N,VIIRS,n,2,292.14,1.53,D,0
30.6765,74.98781,339.01,0.37,0.58,2024-11-16,845,N,VIIRS,n,2,294.15,2.68,D,0
30.70487,74.43917,328.07,0.34,0.56,2024-11-16,845,N,VIIRS,n,2,292.03,2,D,0
30.73502,74.42168,338.22,0.34,0.56,2024-11-16,845,N,VIIRS,n,2,291.26,4.07,D,0
30.73531,74.42528,335.21,0.34,0.56,2024-11-16,845,N,VIIRS,n,2,291.72,5.72,D,0
30.73557,74.42075,331.26,0.34,0.56,2024-11-16,845,N,VIIRS,n,2,291.37,3.66,D,0
30.73584,74.42437,340.9,0.34,0.56,2024-11-16,845,N,VIIRS,n,2,292.05,5.91,D,0
30.73926,75.41259,331.64,0.39,0.59,2024-11-16,845,N,VIIRS,n,2,292.21,2.88,D,0
30.73955,75.41676,327.89,0.39,0.59,2024-11-16,845,N,VIIRS,n,2,292.49,4.05,D,0
30.74603,74.35071,327.44,0.34,0.56,2024-11-16,845,N,VIIRS,n,2,291.44,4.07,D,0
30.74631,74.35429,349.73,0.34,0.56,2024-11-16,845,N,VIIRS,n,2,292.36,4.07,D,0
30.76825,74.43578,349.67,0.34,0.56,2024-11-16,845,N,VIIRS,n,2,292.96,5.69,D,0
30.76908,74.44667,333.44,0.34,0.56,2024-11-16,845,N,VIIRS,n,2,292.01,2.14,D,0
30.77292,74.42801,328.3,0.34,0.56,2024-11-16,845,N,VIIRS,n,2,291.42,2.32,D,0
30.82476,74.97791,328.88,0.37,0.58,2024-11-16,845,N,VIIRS,n,2,292.23,1.73,D,0
30.83356,74.80526,326.56,0.36,0.57,2024-11-16,845,N,VIIRS,n,2,292.77,4.5,D,0
30.86032,74.54377,330.1,0.35,0.56,2024-11-16,845,N,VIIRS,n,2,292.2,2.91,D,0
30.86624,74.6977,328.6,0.35,0.57,2024-11-16,845,N,VIIRS,n,2,292.78,2.23,D,0
30.86881,74.65947,330.42,0.35,0.57,2024-11-16,845,N,VIIRS,n,2,291.68,2.25,D,0
30.87971,74.59048,327.69,0.35,0.57,2024-11-16,845,N,VIIRS,n,2,291.19,2.88,D,0
30.97639,75.16821,326.99,0.38,0.59,2024-11-16,845,N,VIIRS,n,2,291.13,1.82,D,0
30.9948,74.64703,331.7,0.35,0.57,2024-11-16,845,N,VIIRS,n,2,290.9,2.58,D,0
31.01743,74.6639,327.21,0.35,0.57,2024-11-16,845,N,VIIRS,n,2,290.84,2.2,D,0
31.08419,74.83515,341.94,0.36,0.58,2024-11-16,845,N,VIIRS,n,2,290.83,4.13,D,0
31.08661,74.83578,341.43,0.36,0.58,2024-11-16,845,N,VIIRS,n,2,290.89,4.65,D,0
31.14865,75.02036,328.54,0.37,0.58,2024-11-16,845,N,VIIRS,n,2,289.56,2.99,D,0
31.67994,72.48829,331.3,0.54,0.5,2024-11-16,846,N,VIIRS,n,2,292.74,4.66,D,0
31.68045,72.49403,330.8,0.54,0.5,2024-11-16,846,N,VIIRS,n,2,293.12,4.66,D,0
31.7012,72.22147,329.23,0.52,0.5,2024-11-16,846,N,VIIRS,n,2,293.93,2.72,D,0
31.72844,72.60519,333.35,0.54,0.51,2024-11-16,846,N,VIIRS,n,2,293.3,3.75,D,0
31.7897,72.6428,327.6,0.55,0.51,2024-11-16,846,N,VIIRS,n,2,294,3.88,D,0
31.895,72.85948,336.11,0.57,0.52,2024-11-16,846,N,VIIRS,n,2,293.63,3.34,D,0
31.97538,70.92755,335.28,0.44,0.46,2024-11-16,846,N,VIIRS,n,2,298,2.64,D,0
31.97682,70.89883,336.73,0.44,0.46,2024-11-16,846,N,VIIRS,n,2,298.9,4.74,D,0
31.97729,70.90351,339.62,0.44,0.46,2024-11-16,846,N,VIIRS,n,2,297.7,5.96,D,0
31.99393,70.89655,339.75,0.44,0.46,2024-11-16,846,N,VIIRS,n,2,297.97,4.42,D,0
32.03373,70.92577,339.87,0.44,0.46,2024-11-16,846,N,VIIRS,n,2,299.24,3.48,D,0
32.05906,70.87472,342.48,0.44,0.46,2024-11-16,846,N,VIIRS,n,2,302.06,15.25,D,0
32.20823,72.36333,340.53,0.53,0.5,2024-11-16,846,N,VIIRS,n,2,294.75,6.53,D,0
32.22844,72.43092,333.43,0.54,0.51,2024-11-16,846,N,VIIRS,n,2,293.85,4.12,D,0
32.25614,72.52799,335.31,0.55,0.51,2024-11-16,846,N,VIIRS,n,2,294.38,4.78,D,0
32.25709,72.52749,336.98,0.55,0.51,2024-11-16,846,N,VIIRS,n,2,294.3,5.54,D,0
33.54509,71.55014,302.69,0.4,0.37,2024-11-16,2108,N,VIIRS,n,2,286.5,0.98,N,2
33.6458,73.93687,297.02,0.48,0.4,2024-11-16,2108,N,VIIRS,n,2,283.17,0.87,N,0
33.68815,72.71477,298.49,0.43,0.38,2024-11-16,2108,N,VIIRS,n,2,285.24,0.8,N,2
33.80165,72.09727,303.11,0.41,0.37,2024-11-16,2108,N,VIIRS,n,2,287.1,0.83,N,2
33.84916,72.87238,301.92,0.43,0.38,2024-11-16,2108,N,VIIRS,n,2,285.75,0.93,N,2
31.0728,69.96201,304.74,0.39,0.36,2024-11-16,2109,N,VIIRS,n,2,280.86,0.61,N,0
32.13108,74.18011,309.94,0.52,0.41,2024-11-16,2109,N,VIIRS,n,2,287.3,1.3,N,0
32.1311,74.17681,316.54,0.52,0.41,2024-11-16,2109,N,VIIRS,n,2,287.13,2.13,N,0
32.13212,74.17473,297.23,0.52,0.41,2024-11-16,2109,N,VIIRS,n,2,286.26,0.96,N,0
32.29073,70.73794,308.92,0.39,0.36,2024-11-16,2109,N,VIIRS,n,2,290.27,1.19,N,2
32.29211,70.72971,300.87,0.39,0.36,2024-11-16,2109,N,VIIRS,n,2,287.33,0.6,N,2
32.29544,70.73047,304.84,0.39,0.36,2024-11-16,2109,N,VIIRS,n,2,287.38,0.6,N,2
32.72004,72.92563,299.22,0.45,0.39,2024-11-16,2109,N,VIIRS,n,2,285.01,0.56,N,2
32.88993,71.616,308.22,0.41,0.37,2024-11-16,2109,N,VIIRS,n,2,289.25,0.81,N,2
32.89552,71.60407,298.28,0.41,0.37,2024-11-16,2109,N,VIIRS,n,2,286.85,0.94,N,0
27.99697,69.57549,310.71,0.4,0.37,2024-11-16,2110,N,VIIRS,n,2,287.85,1.11,N,0
28.052,69.36914,299.9,0.39,0.36,2024-11-16,2110,N,VIIRS,n,2,288.64,0.37,N,2
28.42502,69.69949,311.52,0.4,0.37,2024-11-16,2110,N,VIIRS,n,2,289.33,0.85,N,2
27.7124,69.40101,332.08,0.39,0.36,2024-11-17,826,N,VIIRS,n,2,300.27,1.56,D,0
28.36304,70.26712,335.22,0.38,0.36,2024-11-17,826,N,VIIRS,n,2,300.72,2.41,D,0
29.12345,71.61113,332.73,0.41,0.37,2024-11-17,826,N,VIIRS,n,2,302.01,8.65,D,0
29.15813,73.34116,335.02,0.47,0.39,2024-11-17,826,N,VIIRS,n,2,299.65,3.67,D,0
29.21382,73.1637,341.76,0.46,0.39,2024-11-17,826,N,VIIRS,n,2,301.15,4.26,D,0
29.21915,71.09594,332.1,0.4,0.37,2024-11-17,826,N,VIIRS,n,2,299.71,3.83,D,0
29.22587,73.08469,331.17,0.46,0.39,2024-11-17,826,N,VIIRS,n,2,299.15,2.9,D,0
29.23497,73.57453,331.69,0.48,0.4,2024-11-17,826,N,VIIRS,n,2,298.42,3.14,D,0
29.23812,73.53884,331.95,0.48,0.4,2024-11-17,826,N,VIIRS,n,2,299.34,3.32,D,0
29.24234,73.57336,347.75,0.48,0.4,2024-11-17,826,N,VIIRS,n,2,301.16,4.64,D,0
29.24602,73.57278,332.39,0.48,0.4,2024-11-17,826,N,VIIRS,n,2,299.26,4.64,D,0
29.25097,73.55187,331.88,0.48,0.4,2024-11-17,826,N,VIIRS,n,2,298.75,3.48,D,0
29.28473,74.27497,331.11,0.52,0.41,2024-11-17,826,N,VIIRS,n,2,298.25,1.6,D,0
29.289,73.55589,330.15,0.48,0.4,2024-11-17,826,N,VIIRS,n,2,298.36,2.92,D,0
29.33795,73.82911,333.1,0.49,0.4,2024-11-17,826,N,VIIRS,n,2,299.73,3.1,D,0
29.34617,73.70198,331.79,0.49,0.4,2024-11-17,826,N,VIIRS,n,2,298.65,2.99,D,0
29.36102,73.69964,347.31,0.49,0.4,2024-11-17,826,N,VIIRS,n,2,301.68,13.42,D,0
29.36699,73.97421,335.35,0.5,0.41,2024-11-17,826,N,VIIRS,n,2,299.36,12.12,D,0
29.3675,73.97619,344.22,0.5,0.41,2024-11-17,826,N,VIIRS,n,2,299.18,11.3,D,0
29.37386,74.02811,340.4,0.5,0.41,2024-11-17,826,N,VIIRS,n,2,297.57,4.92,D,0
29.37805,74.03607,332.94,0.5,0.41,2024-11-17,826,N,VIIRS,n,2,298.88,3.1,D,0
29.37891,74.03796,333.79,0.5,0.41,2024-11-17,826,N,VIIRS,n,2,299.02,6.08,D,0
29.39342,73.93849,332.15,0.5,0.41,2024-11-17,826,N,VIIRS,n,2,298.72,2.46,D,0
29.39447,73.51163,332.3,0.48,0.4,2024-11-17,826,N,VIIRS,n,2,300.75,2.9,D,0
29.39448,74.01227,330.61,0.5,0.41,2024-11-17,826,N,VIIRS,n,2,299.5,8.18,D,0
29.39509,74.01748,334.48,0.5,0.41,2024-11-17,826,N,VIIRS,n,2,298.46,8.18,D,0
29.39886,74.0169,346.23,0.5,0.41,2024-11-17,826,N,VIIRS,n,2,299.8,8.18,D,0
29.43362,74.90051,346.25,0.56,0.43,2024-11-17,826,N,VIIRS,n,2,297.76,12.97,D,0
29.4454,74.05228,344.75,0.51,0.41,2024-11-17,826,N,VIIRS,n,2,297.9,10.71,D,0
29.44918,74.0517,333.35,0.51,0.41,2024-11-17,826,N,VIIRS,n,2,297.71,10.71,D,0
29.45296,74.05112,333.03,0.51,0.41,2024-11-17,826,N,VIIRS,n,2,297.73,11.98,D,0
29.46813,74.11305,332.94,0.51,0.41,2024-11-17,826,N,VIIRS,n,2,300.43,21.86,D,0
29.47912,70.45287,337.14,0.39,0.36,2024-11-17,826,N,VIIRS,n,2,302.07,2.95,D,0
29.48228,74.10836,342.47,0.51,0.41,2024-11-17,826,N,VIIRS,n,2,298.97,8.08,D,0
29.49224,74.15245,330.62,0.51,0.41,2024-11-17,826,N,VIIRS,n,2,297.09,1.73,D,0
29.50176,74.14308,338.19,0.51,0.41,2024-11-17,826,N,VIIRS,n,2,299.61,8.95,D,0
29.50556,74.1425,333.13,0.51,0.41,2024-11-17,826,N,VIIRS,n,2,300.12,8.95,D,0
29.50937,74.14191,333.38,0.51,0.41,2024-11-17,826,N,VIIRS,n,2,297.81,7.19,D,0
29.51678,74.20586,345.44,0.52,0.41,2024-11-17,826,N,VIIRS,n,2,298.38,14.27,D,0
29.53275,71.67899,334.93,0.41,0.37,2024-11-17,826,N,VIIRS,n,2,299.92,4.57,D,0
29.53641,74.55491,332.09,0.54,0.42,2024-11-17,826,N,VIIRS,n,2,296.17,4.73,D,0
29.54024,74.24046,343.8,0.52,0.41,2024-11-17,826,N,VIIRS,n,2,299.38,12.23,D,0
29.5453,74.48929,330.63,0.53,0.42,2024-11-17,826,N,VIIRS,n,2,296.42,2.46,D,0
29.55007,74.56992,332.67,0.54,0.42,2024-11-17,826,N,VIIRS,n,2,297.99,6.59,D,0
29.55082,74.57328,338.84,0.54,0.42,2024-11-17,826,N,VIIRS,n,2,297.43,7.82,D,0
29.5522,74.55037,333.75,0.54,0.42,2024-11-17,826,N,VIIRS,n,2,297.24,5.92,D,0
29.55933,75.32808,340.01,0.39,0.44,2024-11-17,826,N,VIIRS,n,2,298.51,3.95,D,0
29.56135,74.52637,340.26,0.54,0.42,2024-11-17,826,N,VIIRS,n,2,299.47,10.75,D,0
29.5646,74.52023,335.74,0.54,0.42,2024-11-17,826,N,VIIRS,n,2,295.9,4.32,D,0
29.56524,74.52579,341.23,0.54,0.42,2024-11-17,826,N,VIIRS,n,2,296.37,10.75,D,0
29.57516,74.40636,330.06,0.53,0.42,2024-11-17,826,N,VIIRS,n,2,296.56,2.86,D,0
29.59445,74.437,340.47,0.53,0.42,2024-11-17,826,N,VIIRS,n,2,296.07,6.42,D,0
29.60909,74.11314,346.45,0.51,0.41,2024-11-17,826,N,VIIRS,n,2,300.46,8.12,D,0
29.63933,74.41092,331.95,0.53,0.42,2024-11-17,826,N,VIIRS,n,2,296.6,1.85,D,0
29.64613,74.47423,336.56,0.53,0.42,2024-11-17,826,N,VIIRS,n,2,298.38,6.59,D,0
29.6462,74.47166,343.99,0.53,0.42,2024-11-17,826,N,VIIRS,n,2,298.5,7.21,D,0
29.66574,75.32182,337.19,0.39,0.44,2024-11-17,826,N,VIIRS,n,2,300.09,3.93,D,0
29.67337,75.35415,331.15,0.4,0.44,2024-11-17,826,N,VIIRS,n,2,297.83,2.27,D,0
29.796,72.81054,335,0.45,0.39,2024-11-17,826,N,VIIRS,n,2,299.23,3.68,D,0
29.81467,75.48267,348.67,0.4,0.44,2024-11-17,826,N,VIIRS,n,2,302.37,16.61,D,0
29.84442,75.48709,354.75,0.4,0.45,2024-11-17,826,N,VIIRS,n,2,301.5,7.22,D,0
29.85803,72.80978,336.22,0.45,0.39,2024-11-17,826,N,VIIRS,n,2,298.99,5.9,D,0
29.86938,72.81267,344.84,0.45,0.39,2024-11-17,826,N,VIIRS,n,2,300.19,4.3,D,0
29.87024,72.80916,331.11,0.45,0.39,2024-11-17,826,N,VIIRS,n,2,300.77,3.32,D,0
29.87083,72.81384,331.76,0.45,0.39,2024-11-17,826,N,VIIRS,n,2,299.51,4.45,D,0
29.87619,72.95097,338.78,0.46,0.39,2024-11-17,826,N,VIIRS,n,2,300.3,5.61,D,0
29.88101,74.82188,331.09,0.56,0.43,2024-11-17,826,N,VIIRS,n,2,297.68,4.35,D,0
29.90046,72.93397,330.32,0.46,0.39,2024-11-17,826,N,VIIRS,n,2,300.19,3.5,D,0
29.904,72.96245,330.98,0.46,0.39,2024-11-17,826,N,VIIRS,n,2,299.13,1.5,D,0
29.91959,74.47137,336.09,0.54,0.42,2024-11-17,826,N,VIIRS,n,2,298.46,4.15,D,0
29.93709,72.84596,336.18,0.45,0.39,2024-11-17,826,N,VIIRS,n,2,299.92,3.12,D,0
29.94208,74.88211,330.77,0.56,0.43,2024-11-17,826,N,VIIRS,n,2,297.04,4.08,D,0
29.95543,74.64435,330.89,0.55,0.43,2024-11-17,826,N,VIIRS,n,2,297.24,2.89,D,0
29.9557,70.95654,355.72,0.4,0.37,2024-11-17,826,N,VIIRS,n,2,302.34,13.02,D,0
29.95917,74.36239,335.83,0.53,0.42,2024-11-17,826,N,VIIRS,n,2,297.91,3.78,D,0
29.96541,75.09389,350.22,0.39,0.44,2024-11-17,826,N,VIIRS,n,2,299.33,6.96,D,0
29.96718,75.30105,338.12,0.4,0.44,2024-11-17,826,N,VIIRS,n,2,298.96,3.38,D,0
29.96921,74.65979,332.04,0.55,0.43,2024-11-17,826,N,VIIRS,n,2,297.63,5.52,D,0
29.97071,75.14243,338.27,0.39,0.44,2024-11-17,826,N,VIIRS,n,2,298.76,4.93,D,0
29.97164,74.65257,340.55,0.55,0.43,2024-11-17,826,N,VIIRS,n,2,299.49,9.98,D,0
29.97248,74.65347,336.83,0.55,0.43,2024-11-17,826,N,VIIRS,n,2,299.63,7.87,D,0
29.97394,74.87748,344.42,0.56,0.43,2024-11-17,826,N,VIIRS,n,2,298.08,7.08,D,0
29.97593,74.85926,340.56,0.56,0.43,2024-11-17,826,N,VIIRS,n,2,297.25,7.47,D,0
29.97865,74.53577,338.85,0.54,0.42,2024-11-17,826,N,VIIRS,n,2,298.68,7.18,D,0
29.98052,75.19478,335.66,0.39,0.44,2024-11-17,826,N,VIIRS,n,2,299.17,7.73,D,0
29.98193,74.94843,330.7,0.57,0.43,2024-11-17,826,N,VIIRS,n,2,297.43,2.8,D,0
29.98256,74.84637,339.66,0.56,0.43,2024-11-17,826,N,VIIRS,n,2,299.01,7.25,D,0
29.98389,74.85812,335.14,0.56,0.43,2024-11-17,826,N,VIIRS,n,2,298.68,5.36,D,0
29.98653,74.8458,337.16,0.56,0.43,2024-11-17,826,N,VIIRS,n,2,296.6,7.25,D,0
29.99311,74.84994,332.5,0.56,0.43,2024-11-17,826,N,VIIRS,n,2,297.92,5.02,D,0
29.99516,74.85051,336.35,0.56,0.43,2024-11-17,826,N,VIIRS,n,2,297.27,3.92,D,0
29.99636,74.48155,332.03,0.54,0.42,2024-11-17,826,N,VIIRS,n,2,297.79,4,D,0
30.00372,74.8195,332.43,0.56,0.43,2024-11-17,826,N,VIIRS,n,2,298.98,6.05,D,0
30.00845,75.29944,333.04,0.4,0.44,2024-11-17,826,N,VIIRS,n,2,298.43,2.03,D,0
30.0095,74.70545,330.62,0.55,0.43,2024-11-17,826,N,VIIRS,n,2,297.27,3.37,D,0
30.01019,75.05479,341.34,0.38,0.44,2024-11-17,826,N,VIIRS,n,2,300.73,4.48,D,0
30.01185,74.79958,332.17,0.56,0.43,2024-11-17,826,N,VIIRS,n,2,297.86,7.7,D,0
30.01569,74.58217,332.55,0.55,0.42,2024-11-17,826,N,VIIRS,n,2,297.2,3.92,D,0
30.0246,75.11008,334.77,0.39,0.44,2024-11-17,826,N,VIIRS,n,2,299.74,2.02,D,0
30.02794,74.69101,333.27,0.55,0.43,2024-11-17,826,N,VIIRS,n,2,299.32,5.16,D,0
30.02805,74.62093,340.42,0.55,0.43,2024-11-17,826,N,VIIRS,n,2,297.68,6.86,D,0
30.02885,74.38577,330.43,0.53,0.42,2024-11-17,826,N,VIIRS,n,2,296.01,2.23,D,0
30.02966,74.8148,332.6,0.56,0.43,2024-11-17,826,N,VIIRS,n,2,298.94,4.25,D,0
30.03273,74.45331,331.85,0.54,0.42,2024-11-17,826,N,VIIRS,n,2,296.98,7.49,D,0
30.0336,74.04401,334.31,0.51,0.41,2024-11-17,826,N,VIIRS,n,2,298.68,3.21,D,0
30.03687,75.18265,341.44,0.39,0.44,2024-11-17,826,N,VIIRS,n,2,298.86,3.8,D,0
30.03698,75.1841,342.64,0.39,0.44,2024-11-17,826,N,VIIRS,n,2,298.99,5.51,D,0
30.03728,74.49262,334.3,0.54,0.42,2024-11-17,826,N,VIIRS,n,2,298.35,5.75,D,0
30.04015,73.34846,335.19,0.48,0.4,2024-11-17,826,N,VIIRS,n,2,300.6,4,D,0
30.04092,75.18207,341.51,0.39,0.44,2024-11-17,826,N,VIIRS,n,2,299.42,3.8,D,0
30.04104,75.18352,351.15,0.39,0.44,2024-11-17,826,N,VIIRS,n,2,299.03,5.51,D,0
30.05095,74.68176,336.77,0.55,0.43,2024-11-17,826,N,VIIRS,n,2,299.06,4.33,D,0
30.05315,71.92182,330.84,0.42,0.38,2024-11-17,826,N,VIIRS,n,2,300.19,1.75,D,0
30.0554,75.04965,332.24,0.39,0.44,2024-11-17,826,N,VIIRS,n,2,298.4,2.63,D,0
30.05673,73.33063,337.54,0.48,0.4,2024-11-17,826,N,VIIRS,n,2,299.12,3.22,D,0
30.05811,75.03702,339.68,0.38,0.44,2024-11-17,826,N,VIIRS,n,2,298.39,5.18,D,0
30.05855,73.89436,333.08,0.5,0.41,2024-11-17,826,N,VIIRS,n,2,299.72,4.24,D,0
30.06331,74.9359,338.58,0.57,0.43,2024-11-17,826,N,VIIRS,n,2,298.88,6.23,D,0
30.06418,74.4518,331.43,0.54,0.42,2024-11-17,826,N,VIIRS,n,2,296.91,2.83,D,0
30.06528,74.49744,338.05,0.54,0.42,2024-11-17,826,N,VIIRS,n,2,297.34,4.4,D,0
30.07402,75.14568,339.69,0.39,0.44,2024-11-17,826,N,VIIRS,n,2,298.25,3.88,D,0
30.07447,75.14976,336.77,0.39,0.44,2024-11-17,826,N,VIIRS,n,2,297.03,4.92,D,0
30.07497,74.47559,334.66,0.54,0.42,2024-11-17,826,N,VIIRS,n,2,298.52,8.54,D,0
30.07511,74.47875,346.72,0.54,0.42,2024-11-17,826,N,VIIRS,n,2,298.04,7.02,D,0
30.07756,75.17835,341.16,0.39,0.44,2024-11-17,826,N,VIIRS,n,2,299.37,5.49,D,0
30.08109,74.15182,331.87,0.52,0.42,2024-11-17,826,N,VIIRS,n,2,299.18,4.58,D,0
30.08128,75.32883,331.84,0.4,0.44,2024-11-17,826,N,VIIRS,n,2,297.99,1.57,D,0
30.08165,74.46632,333.76,0.54,0.42,2024-11-17,826,N,VIIRS,n,2,300.16,7.54,D,0
30.08228,74.47195,334.59,0.54,0.42,2024-11-17,826,N,VIIRS,n,2,298.2,7.54,D,0
30.08302,75.15269,342.47,0.39,0.44,2024-11-17,826,N,VIIRS,n,2,298.2,5.48,D,0
30.08644,74.67655,336.56,0.55,0.43,2024-11-17,826,N,VIIRS,n,2,298.78,10.51,D,0
30.0867,75.07383,352.2,0.39,0.44,2024-11-17,826,N,VIIRS,n,2,300.35,10.99,D,0
30.08715,75.07787,342.02,0.39,0.44,2024-11-17,826,N,VIIRS,n,2,299.73,10.99,D,0
30.08716,74.71758,331.49,0.56,0.43,2024-11-17,826,N,VIIRS,n,2,298.85,2.62,D,0
30.08918,74.71493,346.47,0.56,0.43,2024-11-17,826,N,VIIRS,n,2,300.08,8.72,D,0
30.09112,74.717,341.48,0.56,0.43,2024-11-17,826,N,VIIRS,n,2,298.53,6.51,D,0
30.09451,74.78158,333.29,0.56,0.43,2024-11-17,826,N,VIIRS,n,2,298.42,3.49,D,0
30.09615,74.77901,333.83,0.56,0.43,2024-11-17,826,N,VIIRS,n,2,298.96,4.33,D,0
30.09668,74.4241,336.26,0.54,0.42,2024-11-17,826,N,VIIRS,n,2,297.43,2.95,D,0
30.09693,74.28846,342.45,0.53,0.42,2024-11-17,826,N,VIIRS,n,2,298.32,10.83,D,0
30.09715,74.49841,341.24,0.54,0.42,2024-11-17,826,N,VIIRS,n,2,298.53,6.74,D,0
30.09896,74.55002,332.43,0.54,0.42,2024-11-17,826,N,VIIRS,n,2,298.53,7.63,D,0
30.10049,74.79855,332.38,0.56,0.43,2024-11-17,826,N,VIIRS,n,2,297.69,4.95,D,0
30.10203,74.796,333.12,0.56,0.43,2024-11-17,826,N,VIIRS,n,2,298.03,4.33,D,0
30.10432,74.4916,333.03,0.54,0.42,2024-11-17,826,N,VIIRS,n,2,297.05,4.77,D,0
30.10631,74.4741,333.49,0.54,0.42,2024-11-17,826,N,VIIRS,n,2,299.65,11.29,D,0
30.12173,75.13064,342.05,0.39,0.44,2024-11-17,826,N,VIIRS,n,2,299.13,2.68,D,0
30.12266,75.17612,335.49,0.39,0.44,2024-11-17,826,N,VIIRS,n,2,299.03,3.08,D,0
30.12269,75.28922,336.86,0.4,0.44,2024-11-17,826,N,VIIRS,n,2,298.51,2.83,D,0
30.12443,73.96793,335.5,0.51,0.41,2024-11-17,826,N,VIIRS,n,2,298.7,4.43,D,0
30.12659,75.06404,337.55,0.39,0.44,2024-11-17,826,N,VIIRS,n,2,298.83,1.72,D,0
30.12678,75.28865,330.93,0.4,0.44,2024-11-17,826,N,VIIRS,n,2,296.92,2.83,D,0
30.13086,75.28808,343.19,0.4,0.44,2024-11-17,826,N,VIIRS,n,2,298.48,5.59,D,0
30.13424,74.27161,334.47,0.53,0.42,2024-11-17,826,N,VIIRS,n,2,298.36,4.96,D,0
30.1485,74.35957,342.75,0.53,0.42,2024-11-17,826,N,VIIRS,n,2,298.48,9.23,D,0
30.14951,75.08537,331.04,0.39,0.44,2024-11-17,826,N,VIIRS,n,2,298.05,1.94,D,0
30.15623,74.84789,335.38,0.57,0.43,2024-11-17,826,N,VIIRS,n,2,298.67,6.15,D,0
30.15751,75.23817,331.34,0.4,0.44,2024-11-17,826,N,VIIRS,n,2,297.78,1.69,D,0
30.15763,75.31834,330.63,0.4,0.44,2024-11-17,826,N,VIIRS,n,2,296.76,2.14,D,0
30.15954,75.17928,338.25,0.39,0.44,2024-11-17,826,N,VIIRS,n,2,299.49,3.25,D,0
30.16354,74.84084,332.61,0.56,0.43,2024-11-17,826,N,VIIRS,n,2,299.55,3.66,D,0
30.16382,75.10396,331.36,0.39,0.44,2024-11-17,826,N,VIIRS,n,2,297.91,2.6,D,0
30.16782,75.35923,338.5,0.4,0.44,2024-11-17,826,N,VIIRS,n,2,296.84,3.04,D,0
30.16825,74.70333,340.4,0.56,0.43,2024-11-17,826,N,VIIRS,n,2,300.35,11.81,D,0
30.16854,75.18635,341.95,0.39,0.44,2024-11-17,826,N,VIIRS,n,2,300.17,5.27,D,0
30.16977,72.95634,333.02,0.46,0.39,2024-11-17,826,N,VIIRS,n,2,300.39,6.02,D,0
30.17021,75.35912,345.4,0.4,0.44,2024-11-17,826,N,VIIRS,n,2,298.04,7.63,D,0
30.17089,74.72656,333.45,0.56,0.43,2024-11-17,826,N,VIIRS,n,2,297.68,3.57,D,0
30.17182,75.14009,330.18,0.39,0.44,2024-11-17,826,N,VIIRS,n,2,298.28,2.52,D,0
30.1722,74.70275,334.68,0.56,0.43,2024-11-17,826,N,VIIRS,n,2,299.65,5.99,D,0
30.18037,73.34314,340.02,0.48,0.4,2024-11-17,826,N,VIIRS,n,2,299.67,6.98,D,0
30.18559,74.61666,330.26,0.55,0.43,2024-11-17,826,N,VIIRS,n,2,298.96,2.21,D,0
30.18744,74.80145,336.15,0.56,0.43,2024-11-17,826,N,VIIRS,n,2,300.33,4.68,D,0
30.18885,74.15524,345.79,0.52,0.42,2024-11-17,826,N,VIIRS,n,2,299.33,8.4,D,0
30.19153,71.04986,331.59,0.4,0.37,2024-11-17,826,N,VIIRS,n,2,298.35,2.51,D,0
30.19242,75.21642,341.75,0.39,0.44,2024-11-17,826,N,VIIRS,n,2,297.68,4.99,D,0
30.19859,75.31259,336.79,0.4,0.44,2024-11-17,826,N,VIIRS,n,2,297.72,3.11,D,0
30.20084,74.29305,332.62,0.53,0.42,2024-11-17,826,N,VIIRS,n,2,297.33,7.69,D,0
30.20653,75.08137,338.35,0.39,0.44,2024-11-17,826,N,VIIRS,n,2,298.21,2.62,D,0
30.21119,74.24654,331.6,0.53,0.42,2024-11-17,826,N,VIIRS,n,2,299.25,2.94,D,0
30.21136,74.8339,332.95,0.56,0.43,2024-11-17,826,N,VIIRS,n,2,299.29,8.18,D,0
30.21237,75.13434,345.9,0.39,0.44,2024-11-17,826,N,VIIRS,n,2,299.45,3.64,D,0
30.21365,74.83779,336.12,0.57,0.43,2024-11-17,826,N,VIIRS,n,2,300.53,5.79,D,0
30.21453,75.3061,345.37,0.4,0.44,2024-11-17,826,N,VIIRS,n,2,298.66,4.97,D,0
30.21912,70.70625,331.29,0.39,0.37,2024-11-17,826,N,VIIRS,n,2,299.34,3.28,D,0
30.21912,75.23365,342.64,0.4,0.44,2024-11-17,826,N,VIIRS,n,2,297.97,3.54,D,0
30.22047,75.24608,339.78,0.4,0.44,2024-11-17,826,N,VIIRS,n,2,296.66,4.07,D,0
30.22455,75.2455,341.85,0.4,0.44,2024-11-17,826,N,VIIRS,n,2,297.36,3.63,D,0
30.23066,74.6982,334.43,0.56,0.43,2024-11-17,826,N,VIIRS,n,2,297.95,3.98,D,0
30.23229,70.64534,334.01,0.39,0.36,2024-11-17,826,N,VIIRS,n,2,299.52,6.99,D,0
30.23533,74.668,348.12,0.55,0.43,2024-11-17,826,N,VIIRS,n,2,297.9,7.14,D,0
30.2379,73.99122,340.75,0.51,0.41,2024-11-17,826,N,VIIRS,n,2,298.72,6.34,D,0
30.23815,74.55058,332.83,0.55,0.42,2024-11-17,826,N,VIIRS,n,2,298.02,5.43,D,0
30.23852,73.99657,331.39,0.51,0.41,2024-11-17,826,N,VIIRS,n,2,296.51,6.34,D,0
30.25445,73.96689,332.25,0.51,0.41,2024-11-17,826,N,VIIRS,n,2,298.12,5.78,D,0
30.25554,74.81367,336.82,0.56,0.43,2024-11-17,826,N,VIIRS,n,2,300.68,11.93,D,0
30.26005,74.01511,345.28,0.51,0.41,2024-11-17,826,N,VIIRS,n,2,300.17,10,D,0
30.26136,73.99304,333,0.51,0.41,2024-11-17,826,N,VIIRS,n,2,298.33,2.01,D,0
30.26886,74.4396,331.82,0.54,0.42,2024-11-17,826,N,VIIRS,n,2,299.14,3.82,D,0
30.2739,75.20968,338.85,0.4,0.44,2024-11-17,826,N,VIIRS,n,2,297.9,2.21,D,0
30.2766,73.99071,337.91,0.51,0.41,2024-11-17,826,N,VIIRS,n,2,299.16,9.13,D,0
30.28041,73.99012,335.01,0.51,0.41,2024-11-17,826,N,VIIRS,n,2,296.86,6.72,D,0
30.28044,73.95744,330.43,0.51,0.41,2024-11-17,826,N,VIIRS,n,2,298.43,2.71,D,0
30.28068,74.57339,347.47,0.55,0.43,2024-11-17,826,N,VIIRS,n,2,301.03,7.3,D,0
30.28304,75.17903,333.96,0.39,0.44,2024-11-17,826,N,VIIRS,n,2,297.12,6.47,D,0
30.28326,74.57063,345.8,0.55,0.43,2024-11-17,826,N,VIIRS,n,2,299.46,11.65,D,0
30.28342,74.73792,332.38,0.56,0.43,2024-11-17,826,N,VIIRS,n,2,296.84,3.88,D,0
30.28348,75.18315,333.4,0.39,0.44,2024-11-17,826,N,VIIRS,n,2,296.72,6.47,D,0
30.28461,74.57281,331.09,0.55,0.43,2024-11-17,826,N,VIIRS,n,2,298.34,7.3,D,0
30.28587,74.17118,330.94,0.52,0.42,2024-11-17,826,N,VIIRS,n,2,298.45,5.03,D,0
30.2871,75.17846,336.69,0.39,0.44,2024-11-17,826,N,VIIRS,n,2,296.87,6.47,D,0
30.28755,75.18259,340.92,0.39,0.44,2024-11-17,826,N,VIIRS,n,2,298.81,6.47,D,0
30.29,74.68949,332.34,0.56,0.43,2024-11-17,826,N,VIIRS,n,2,299.09,2.87,D,0
30.29442,74.56315,335.96,0.55,0.43,2024-11-17,826,N,VIIRS,n,2,299.14,5.01,D,0
30.29631,74.58038,330.51,0.55,0.43,2024-11-17,826,N,VIIRS,n,2,299.37,2.86,D,0
30.29939,74.87965,331.39,0.57,0.43,2024-11-17,826,N,VIIRS,n,2,299.19,4.98,D,0
30.30125,74.16884,348.31,0.52,0.42,2024-11-17,826,N,VIIRS,n,2,300.16,14.26,D,0
30.30301,74.28636,334.41,0.53,0.42,2024-11-17,826,N,VIIRS,n,2,297.5,3.87,D,0
30.30383,74.15731,331.46,0.52,0.42,2024-11-17,826,N,VIIRS,n,2,298.16,4.89,D,0
30.31063,74.79966,334.86,0.56,0.43,2024-11-17,826,N,VIIRS,n,2,299.65,5.15,D,0
30.31187,74.79725,334.16,0.56,0.43,2024-11-17,826,N,VIIRS,n,2,299.28,4.68,D,0
30.31254,74.7456,332.33,0.56,0.43,2024-11-17,826,N,VIIRS,n,2,299.85,2.66,D,0
30.31473,74.74895,344.6,0.56,0.43,2024-11-17,826,N,VIIRS,n,2,299.45,7.64,D,0
30.31767,74.41508,330.58,0.54,0.42,2024-11-17,826,N,VIIRS,n,2,297.43,3.42,D,0
30.32329,70.63236,333.59,0.39,0.36,2024-11-17,826,N,VIIRS,n,2,302.64,4.42,D,0
30.32642,74.59935,332.18,0.55,0.43,2024-11-17,826,N,VIIRS,n,2,298.81,5.73,D,0
30.33135,74.36155,332.87,0.54,0.42,2024-11-17,826,N,VIIRS,n,2,299.11,5.24,D,0
30.34149,73.92478,333.6,0.51,0.41,2024-11-17,826,N,VIIRS,n,2,297.71,2.83,D,0
30.34431,74.40536,333.38,0.54,0.42,2024-11-17,826,N,VIIRS,n,2,298.87,3.07,D,0
30.34529,73.92419,332.29,0.51,0.41,2024-11-17,826,N,VIIRS,n,2,298.41,2.83,D,0
30.34917,74.73197,332.21,0.56,0.43,2024-11-17,826,N,VIIRS,n,2,297.4,2.05,D,0
30.35015,75.04067,337.39,0.39,0.44,2024-11-17,826,N,VIIRS,n,2,298.78,2.89,D,0
30.35791,74.35186,340.25,0.54,0.42,2024-11-17,826,N,VIIRS,n,2,297.15,5.05,D,0
30.36647,74.07433,333.41,0.52,0.41,2024-11-17,826,N,VIIRS,n,2,298.59,5.43,D,0
30.36664,74.00822,341.91,0.52,0.41,2024-11-17,826,N,VIIRS,n,2,301.07,13.16,D,0
30.3671,74.07976,333.05,0.52,0.41,2024-11-17,826,N,VIIRS,n,2,298.39,5.43,D,0
30.36898,74.76492,330.1,0.56,0.43,2024-11-17,826,N,VIIRS,n,2,297.96,2.54,D,0
30.3717,74.68111,333.72,0.56,0.43,2024-11-17,826,N,VIIRS,n,2,298.79,5.9,D,0
30.37413,74.07316,332.95,0.52,0.41,2024-11-17,826,N,VIIRS,n,2,299.94,8.93,D,0
30.37744,73.4583,338.64,0.49,0.4,2024-11-17,826,N,VIIRS,n,2,298.24,3.34,D,0
30.37891,73.46026,334.3,0.49,0.4,2024-11-17,826,N,VIIRS,n,2,297.94,3.93,D,0
30.38088,75.13598,335.24,0.39,0.44,2024-11-17,826,N,VIIRS,n,2,299.04,2.91,D,0
30.38132,75.1401,341.52,0.39,0.44,2024-11-17,826,N,VIIRS,n,2,299.47,5.48,D,0
30.38625,74.07683,343.7,0.52,0.41,2024-11-17,826,N,VIIRS,n,2,300.64,10.16,D,0
30.38953,75.10139,339.9,0.39,0.44,2024-11-17,826,N,VIIRS,n,2,299.67,5.83,D,0
30.39066,74.53617,334.31,0.55,0.43,2024-11-17,826,N,VIIRS,n,2,298.62,3.54,D,0
30.391,75.03895,348.42,0.39,0.44,2024-11-17,826,N,VIIRS,n,2,298.78,6.83,D,0
30.39134,74.53713,336.09,0.55,0.43,2024-11-17,826,N,VIIRS,n,2,298.17,4.22,D,0
30.39359,75.1008,340.44,0.39,0.44,2024-11-17,826,N,VIIRS,n,2,297.49,5.83,D,0
30.39373,74.41979,336.38,0.54,0.42,2024-11-17,826,N,VIIRS,n,2,300.35,8.73,D,0
30.39464,73.98199,333.64,0.51,0.41,2024-11-17,826,N,VIIRS,n,2,301.17,4.49,D,0
30.39503,75.03838,348.24,0.39,0.44,2024-11-17,826,N,VIIRS,n,2,298.72,6.83,D,0
30.3995,74.89335,332.33,0.57,0.43,2024-11-17,826,N,VIIRS,n,2,296.15,6.22,D,0
30.40024,75.16256,338.92,0.39,0.44,2024-11-17,826,N,VIIRS,n,2,297.74,2.95,D,0
30.40285,74.88677,343.87,0.57,0.43,2024-11-17,826,N,VIIRS,n,2,296.7,6.22,D,0
30.40311,74.68746,335.72,0.56,0.43,2024-11-17,826,N,VIIRS,n,2,299.94,10.85,D,0
30.40321,74.50518,331.9,0.55,0.42,2024-11-17,826,N,VIIRS,n,2,298.48,4.03,D,0
30.40467,74.16856,331.75,0.53,0.42,2024-11-17,826,N,VIIRS,n,2,297.67,3.56,D,0
30.40471,74.68816,342.08,0.56,0.43,2024-11-17,826,N,VIIRS,n,2,302.2,18.8,D,0
30.40707,74.68688,345.4,0.56,0.43,2024-11-17,826,N,VIIRS,n,2,297.76,10.85,D,0
30.4072,71.66329,331.58,0.42,0.37,2024-11-17,826,N,VIIRS,n,2,298.52,2.06,D,0
30.40794,75.15727,346.09,0.39,0.44,2024-11-17,826,N,VIIRS,n,2,297.73,3.75,D,0
30.40852,75.01168,333.84,0.39,0.44,2024-11-17,826,N,VIIRS,n,2,296.18,1.95,D,0
30.41026,71.84592,335.46,0.42,0.38,2024-11-17,826,N,VIIRS,n,2,300.85,5.4,D,0
30.41458,74.66892,332.56,0.56,0.43,2024-11-17,826,N,VIIRS,n,2,298.05,3.22,D,0
30.418,74.73387,340.36,0.56,0.43,2024-11-17,826,N,VIIRS,n,2,299.32,10.73,D,0
30.41838,75.06402,330.49,0.39,0.44,2024-11-17,826,N,VIIRS,n,2,296.64,4.52,D,0
30.4201,74.73266,346.37,0.56,0.43,2024-11-17,826,N,VIIRS,n,2,298.77,12.77,D,0
30.42185,71.93409,339.53,0.42,0.38,2024-11-17,826,N,VIIRS,n,2,299.58,4.83,D,0
30.42351,74.85342,332.07,0.57,0.43,2024-11-17,826,N,VIIRS,n,2,297.23,6.22,D,0
30.42461,74.93554,340.57,0.38,0.43,2024-11-17,826,N,VIIRS,n,2,298.55,4.92,D,0
30.42489,74.85243,332.53,0.57,0.43,2024-11-17,826,N,VIIRS,n,2,296.21,3.99,D,0
30.42561,74.67226,332.2,0.56,0.43,2024-11-17,826,N,VIIRS,n,2,298.42,2.36,D,0
30.42571,74.35191,334,0.54,0.42,2024-11-17,826,N,VIIRS,n,2,299.19,4.81,D,0
30.42892,74.9013,334.46,0.57,0.43,2024-11-17,826,N,VIIRS,n,2,299.75,18.51,D,0
30.42933,71.85605,347.02,0.42,0.38,2024-11-17,826,N,VIIRS,n,2,301.1,9.76,D,0
30.42959,74.35132,333.08,0.54,0.42,2024-11-17,826,N,VIIRS,n,2,299.04,4.47,D,0
30.43001,74.90039,339.13,0.57,0.43,2024-11-17,826,N,VIIRS,n,2,298.95,15.87,D,0
30.43047,74.79116,331.85,0.57,0.43,2024-11-17,826,N,VIIRS,n,2,297.02,3.88,D,0
30.43098,74.15897,332.55,0.52,0.42,2024-11-17,826,N,VIIRS,n,2,297.11,3.37,D,0
30.43158,74.06436,335.09,0.52,0.41,2024-11-17,826,N,VIIRS,n,2,298.8,7.43,D,0
30.43272,74.79169,333.21,0.57,0.43,2024-11-17,826,N,VIIRS,n,2,297.22,3.95,D,0
30.43866,75.09856,330.47,0.39,0.44,2024-11-17,826,N,VIIRS,n,2,296.49,1.86,D,0
30.4399,74.99897,343.15,0.39,0.44,2024-11-17,826,N,VIIRS,n,2,298.4,3.87,D,0
30.44394,74.72917,343.94,0.56,0.43,2024-11-17,826,N,VIIRS,n,2,296.98,9.71,D,0
30.44717,74.75866,334.79,0.56,0.43,2024-11-17,826,N,VIIRS,n,2,299.65,12.32,D,0
30.45456,74.71568,336.92,0.56,0.43,2024-11-17,826,N,VIIRS,n,2,297.5,7.58,D,0
30.45614,74.27337,337.43,0.53,0.42,2024-11-17,826,N,VIIRS,n,2,296.84,6.6,D,0
30.45632,75.14624,335.91,0.39,0.44,2024-11-17,826,N,VIIRS,n,2,297.69,1.9,D,0
30.45651,74.73333,331.45,0.56,0.43,2024-11-17,826,N,VIIRS,n,2,299.77,5.8,D,0
30.4583,74.82333,331.75,0.57,0.43,2024-11-17,826,N,VIIRS,n,2,296.58,3.81,D,0
30.45911,74.75691,334.3,0.56,0.43,2024-11-17,826,N,VIIRS,n,2,297.75,4.86,D,0
30.45934,73.98578,337.44,0.52,0.41,2024-11-17,826,N,VIIRS,n,2,298.17,3.76,D,0
30.4628,75.17213,336.66,0.4,0.44,2024-11-17,826,N,VIIRS,n,2,297.42,3.84,D,0
30.46361,75.17463,336.22,0.4,0.44,2024-11-17,826,N,VIIRS,n,2,296.45,3.34,D,0
30.46564,74.81622,336.41,0.57,0.43,2024-11-17,826,N,VIIRS,n,2,299.18,11.21,D,0
30.46609,72.13626,334.63,0.43,0.38,2024-11-17,826,N,VIIRS,n,2,300.27,2.62,D,0
30.46635,74.78592,333.42,0.57,0.43,2024-11-17,826,N,VIIRS,n,2,297.11,4.6,D,0
30.47049,74.3968,334.24,0.54,0.42,2024-11-17,826,N,VIIRS,n,2,297.61,4.04,D,0
30.47569,74.7605,333.29,0.56,0.43,2024-11-17,826,N,VIIRS,n,2,298.46,6.65,D,0
30.47587,71.7536,333.77,0.42,0.38,2024-11-17,826,N,VIIRS,n,2,303.2,16.19,D,0
30.47591,75.17869,332.17,0.4,0.44,2024-11-17,826,N,VIIRS,n,2,296.09,3.98,D,0
30.47696,74.80853,334.27,0.57,0.43,2024-11-17,826,N,VIIRS,n,2,296.85,7.43,D,0
30.47873,71.74863,334.23,0.42,0.38,2024-11-17,826,N,VIIRS,n,2,301.25,7.2,D,0
30.47932,71.75299,332.71,0.42,0.38,2024-11-17,826,N,VIIRS,n,2,300.03,7.2,D,0
30.47944,74.09319,339.32,0.52,0.42,2024-11-17,826,N,VIIRS,n,2,298.4,7.85,D,0
30.47945,74.30395,330.47,0.53,0.42,2024-11-17,826,N,VIIRS,n,2,297.07,3.37,D,0
30.48234,74.74752,333.76,0.56,0.43,2024-11-17,826,N,VIIRS,n,2,298.88,4.74,D,0
30.48244,74.93261,337.25,0.38,0.43,2024-11-17,826,N,VIIRS,n,2,297.84,2.72,D,0
30.48764,74.75877,330.99,0.56,0.43,2024-11-17,826,N,VIIRS,n,2,299.03,5.03,D,0
30.48829,74.76469,342.08,0.56,0.43,2024-11-17,826,N,VIIRS,n,2,297.06,5.03,D,0
30.4927,74.17497,330.12,0.53,0.42,2024-11-17,826,N,VIIRS,n,2,297.99,3.18,D,0
30.49478,72.19125,343.39,0.43,0.38,2024-11-17,826,N,VIIRS,n,2,299.94,4.93,D,0
30.49494,74.93489,340.8,0.38,0.43,2024-11-17,826,N,VIIRS,n,2,297.76,3.95,D,0
30.4994,75.20495,338.41,0.4,0.44,2024-11-17,826,N,VIIRS,n,2,297.18,2.39,D,0
30.50154,71.77335,343.42,0.42,0.38,2024-11-17,826,N,VIIRS,n,2,302.72,6.54,D,0
30.50232,75.1161,330.57,0.39,0.44,2024-11-17,826,N,VIIRS,n,2,296.21,2.47,D,0
30.50499,71.77274,337.37,0.42,0.38,2024-11-17,826,N,VIIRS,n,2,299.03,4.05,D,0
30.50687,70.74281,332.96,0.4,0.37,2024-11-17,826,N,VIIRS,n,2,299.87,2.34,D,0
30.50766,74.00032,334.17,0.52,0.41,2024-11-17,826,N,VIIRS,n,2,298.15,3.35,D,0
30.51282,74.91187,337.37,0.38,0.43,2024-11-17,826,N,VIIRS,n,2,297.01,2.94,D,0
30.51327,74.91589,331.01,0.38,0.43,2024-11-17,826,N,VIIRS,n,2,297.52,2.19,D,0
30.51329,74.46314,341.09,0.55,0.42,2024-11-17,826,N,VIIRS,n,2,297.14,5.62,D,0
30.51407,72.17406,335.01,0.43,0.38,2024-11-17,826,N,VIIRS,n,2,299.55,2.95,D,0
30.52049,72.16834,333.88,0.43,0.38,2024-11-17,826,N,VIIRS,n,2,299.56,4.12,D,0
30.52154,74.72159,336.46,0.56,0.43,2024-11-17,826,N,VIIRS,n,2,298.12,4.49,D,0
30.52312,72.05294,337.2,0.43,0.38,2024-11-17,826,N,VIIRS,n,2,302.49,6.2,D,0
30.52372,72.05742,332.25,0.43,0.38,2024-11-17,826,N,VIIRS,n,2,298.6,4.56,D,0
30.52404,72.05492,350.25,0.43,0.38,2024-11-17,826,N,VIIRS,n,2,303.05,14.3,D,0
30.52417,70.96512,335.95,0.4,0.37,2024-11-17,826,N,VIIRS,n,2,299.06,3.13,D,0
30.52446,75.09202,345.07,0.39,0.44,2024-11-17,826,N,VIIRS,n,2,300.39,8.3,D,0
30.52739,74.20348,330.95,0.53,0.42,2024-11-17,826,N,VIIRS,n,2,298.62,3.24,D,0
30.52871,74.0801,354.19,0.52,0.42,2024-11-17,826,N,VIIRS,n,2,299.7,5.78,D,0
30.53028,74.95855,330.33,0.39,0.44,2024-11-17,826,N,VIIRS,n,2,297.61,5.12,D,0
30.53073,74.96259,345.42,0.39,0.44,2024-11-17,826,N,VIIRS,n,2,302.43,15.05,D,0
30.53155,71.52332,336.96,0.41,0.37,2024-11-17,826,N,VIIRS,n,2,299.2,6.98,D,0
30.53254,74.07951,332.06,0.52,0.42,2024-11-17,826,N,VIIRS,n,2,297.48,5.78,D,0
30.53255,75.01598,340.8,0.39,0.44,2024-11-17,826,N,VIIRS,n,2,300.37,2.43,D,0
30.53448,71.83495,333.14,0.42,0.38,2024-11-17,826,N,VIIRS,n,2,301.15,2.86,D,0
30.53566,74.97013,342.32,0.39,0.44,2024-11-17,826,N,VIIRS,n,2,297.75,3.89,D,0
30.53577,74.17406,333.35,0.53,0.42,2024-11-17,826,N,VIIRS,n,2,298.29,3.74,D,0
30.54026,75.12328,341.1,0.39,0.44,2024-11-17,826,N,VIIRS,n,2,297.37,3.82,D,0
30.5409,75.47941,340.18,0.41,0.45,2024-11-17,826,N,VIIRS,n,2,297.15,5.74,D,0
30.54559,75.02238,345.05,0.39,0.44,2024-11-17,826,N,VIIRS,n,2,298.29,6.06,D,0
30.5491,74.53371,331.14,0.55,0.43,2024-11-17,826,N,VIIRS,n,2,295.65,4.3,D,0
30.55228,74.59803,336.54,0.55,0.43,2024-11-17,826,N,VIIRS,n,2,298.1,12.94,D,0
30.55564,74.12964,333.58,0.53,0.42,2024-11-17,826,N,VIIRS,n,2,297.65,3.83,D,0
30.55623,74.59744,332.85,0.55,0.43,2024-11-17,826,N,VIIRS,n,2,296.54,4.18,D,0
30.56223,71.61969,332.93,0.42,0.37,2024-11-17,826,N,VIIRS,n,2,298.47,3.02,D,0
30.56429,74.89213,333.03,0.38,0.43,2024-11-17,826,N,VIIRS,n,2,296.1,2.6,D,0
30.56678,74.95327,347.25,0.39,0.44,2024-11-17,826,N,VIIRS,n,2,299.13,6.48,D,0
30.57329,71.6097,332.4,0.42,0.37,2024-11-17,826,N,VIIRS,n,2,299.55,2.31,D,0
30.57343,74.97706,334.25,0.39,0.44,2024-11-17,826,N,VIIRS,n,2,295.43,2.88,D,0
30.57558,71.6004,330.77,0.42,0.37,2024-11-17,826,N,VIIRS,n,2,298.96,4.5,D,0
30.57673,71.60909,340.53,0.42,0.37,2024-11-17,826,N,VIIRS,n,2,298.7,2.91,D,0
30.57902,71.59978,346.84,0.42,0.37,2024-11-17,826,N,VIIRS,n,2,300.79,4.5,D,0
30.58064,72.21576,335.61,0.44,0.38,2024-11-17,826,N,VIIRS,n,2,298.84,3.15,D,0
30.58914,74.97067,354.13,0.39,0.44,2024-11-17,826,N,VIIRS,n,2,302.68,10.17,D,0
30.58958,74.97473,333.16,0.39,0.44,2024-11-17,826,N,VIIRS,n,2,297.24,10.17,D,0
30.59055,71.66006,334.16,0.42,0.38,2024-11-17,826,N,VIIRS,n,2,299.56,3.44,D,0
30.59112,71.66441,332.32,0.42,0.38,2024-11-17,826,N,VIIRS,n,2,298.07,3.44,D,0
30.5917,71.66879,330.58,0.42,0.38,2024-11-17,826,N,VIIRS,n,2,298.51,1.77,D,0
30.59226,71.64637,331.84,0.42,0.37,2024-11-17,826,N,VIIRS,n,2,299.4,4,D,0
30.59455,71.63705,332.94,0.42,0.37,2024-11-17,826,N,VIIRS,n,2,299,6.14,D,0
30.598,71.63644,348.23,0.42,0.37,2024-11-17,826,N,VIIRS,n,2,301.09,6.14,D,0
30.59851,71.5874,335.85,0.42,0.37,2024-11-17,826,N,VIIRS,n,2,299.84,3.41,D,0
30.6,74.88288,339.64,0.38,0.43,2024-11-17,826,N,VIIRS,n,2,298.04,2.35,D,0
30.60145,71.63583,345.39,0.42,0.37,2024-11-17,826,N,VIIRS,n,2,298.57,9.48,D,0
30.60376,71.65324,348.38,0.42,0.37,2024-11-17,826,N,VIIRS,n,2,300.32,14.18,D,0
30.60492,71.66195,333.13,0.42,0.38,2024-11-17,826,N,VIIRS,n,2,299.27,3.43,D,0
30.60608,71.67067,331.8,0.42,0.38,2024-11-17,826,N,VIIRS,n,2,299.22,3.28,D,0
30.60829,74.6313,332.61,0.56,0.43,2024-11-17,826,N,VIIRS,n,2,298.44,8.96,D,0
30.60895,71.6657,332.28,0.42,0.38,2024-11-17,826,N,VIIRS,n,2,299.8,3.28,D,0
30.60932,74.96778,333.55,0.39,0.44,2024-11-17,826,N,VIIRS,n,2,296.45,2.09,D,0
30.61715,72.38732,331.04,0.44,0.38,2024-11-17,826,N,VIIRS,n,2,297.1,5.26,D,0
30.61934,71.69067,338.9,0.42,0.38,2024-11-17,826,N,VIIRS,n,2,302.5,7.84,D,0
30.61937,71.71753,331.86,0.42,0.38,2024-11-17,826,N,VIIRS,n,2,298.5,2.02,D,0
30.62187,74.97009,344.78,0.39,0.44,2024-11-17,826,N,VIIRS,n,2,298.66,5.65,D,0
30.62626,75.39801,333.83,0.41,0.45,2024-11-17,826,N,VIIRS,n,2,297.61,5.11,D,0
30.6277,74.94864,342.31,0.39,0.44,2024-11-17,826,N,VIIRS,n,2,298.26,4.92,D,0
30.62901,74.88689,338.05,0.38,0.43,2024-11-17,826,N,VIIRS,n,2,298.77,3.37,D,0
30.6328,74.68562,335.29,0.56,0.43,2024-11-17,826,N,VIIRS,n,2,297.95,4.82,D,0
30.63415,74.6812,345.62,0.56,0.43,2024-11-17,826,N,VIIRS,n,2,297.12,8.91,D,0
30.63548,71.7057,334.36,0.42,0.38,2024-11-17,826,N,VIIRS,n,2,300.93,4.42,D,0
30.63622,74.95153,335.23,0.39,0.44,2024-11-17,826,N,VIIRS,n,2,298.64,4.42,D,0
30.63902,71.75893,337.89,0.42,0.38,2024-11-17,826,N,VIIRS,n,2,304.34,6.12,D,0
30.64296,74.97534,332.45,0.39,0.44,2024-11-17,826,N,VIIRS,n,2,298.38,3.94,D,0
30.64405,72.23276,330.32,0.44,0.38,2024-11-17,826,N,VIIRS,n,2,299.25,2.21,D,0
30.64573,71.6502,339.72,0.42,0.38,2024-11-17,826,N,VIIRS,n,2,301.44,4.5,D,0
30.64604,72.16859,333.15,0.43,0.38,2024-11-17,826,N,VIIRS,n,2,299.34,2.44,D,0
30.64623,72.16734,332.17,0.43,0.38,2024-11-17,826,N,VIIRS,n,2,299.8,2.35,D,0
30.64802,72.65891,330.37,0.45,0.39,2024-11-17,826,N,VIIRS,l,2,301.89,6.17,D,0
30.64905,72.02506,335.04,0.43,0.38,2024-11-17,826,N,VIIRS,n,2,299.33,2.16,D,0
30.65453,74.88773,335.64,0.38,0.43,2024-11-17,826,N,VIIRS,n,2,298.46,2.94,D,0
30.65842,71.66582,335.09,0.42,0.38,2024-11-17,826,N,VIIRS,n,2,301.31,2.69,D,0
30.66095,74.46843,342.62,0.55,0.42,2024-11-17,826,N,VIIRS,n,2,298.65,6.21,D,0
30.66126,74.68744,330.31,0.56,0.43,2024-11-17,826,N,VIIRS,n,2,297.71,3.2,D,0
30.66208,72.39856,331.99,0.44,0.39,2024-11-17,826,N,VIIRS,n,2,299,2.4,D,0
30.66291,71.88573,351.57,0.42,0.38,2024-11-17,826,N,VIIRS,n,2,304.11,6.6,D,0
30.66639,71.88512,335.35,0.42,0.38,2024-11-17,826,N,VIIRS,n,2,300.67,6.6,D,0
30.66698,71.88956,333.46,0.43,0.38,2024-11-17,826,N,VIIRS,n,2,300.04,7.43,D,0
30.66803,72.41646,335.07,0.44,0.39,2024-11-17,826,N,VIIRS,n,2,299.63,4.76,D,0
30.67046,71.88895,339.36,0.43,0.38,2024-11-17,826,N,VIIRS,n,2,301.6,3.92,D,0
30.67114,72.28075,332.29,0.44,0.38,2024-11-17,826,N,VIIRS,n,2,300.59,2.27,D,0
30.67158,72.41586,336.27,0.44,0.39,2024-11-17,826,N,VIIRS,n,2,299.21,4.76,D,0
30.67284,71.93402,331.16,0.43,0.38,2024-11-17,826,N,VIIRS,n,2,297.95,2.19,D,0
30.67393,71.88834,338.93,0.43,0.38,2024-11-17,826,N,VIIRS,n,2,301.29,3.92,D,0
30.67533,71.739,340.85,0.42,0.38,2024-11-17,826,N,VIIRS,n,2,304.52,7.88,D,0
30.6792,75.00388,340.25,0.39,0.44,2024-11-17,826,N,VIIRS,n,2,296.99,2.45,D,0
30.68764,71.80439,336.84,0.42,0.38,2024-11-17,826,N,VIIRS,n,2,302.95,6.21,D,0
30.69349,72.31444,333.9,0.44,0.38,2024-11-17,826,N,VIIRS,n,2,299.04,3.77,D,0
30.69553,75.11888,329.88,0.4,0.44,2024-11-17,826,N,VIIRS,n,2,296.33,2.1,D,0
30.69848,71.96606,338.24,0.43,0.38,2024-11-17,826,N,VIIRS,n,2,300.81,6.34,D,0
30.70104,72.45972,332.12,0.45,0.39,2024-11-17,826,N,VIIRS,n,2,299.53,6.27,D,0
30.70163,72.46438,338.46,0.45,0.39,2024-11-17,826,N,VIIRS,n,2,301.53,6.27,D,0
30.70217,74.98814,332.39,0.39,0.44,2024-11-17,826,N,VIIRS,n,2,297.54,5.6,D,0
30.70538,74.94212,338.27,0.39,0.44,2024-11-17,826,N,VIIRS,n,2,297.31,3.9,D,0
30.70577,74.98346,339.19,0.39,0.44,2024-11-17,826,N,VIIRS,n,2,298.43,3.12,D,0
30.70663,71.97378,339.64,0.43,0.38,2024-11-17,826,N,VIIRS,n,2,299.73,5.04,D,0
30.70821,72.26034,331.03,0.44,0.38,2024-11-17,826,N,VIIRS,n,2,298.92,2.84,D,0
30.7103,74.94967,334.91,0.39,0.44,2024-11-17,826,N,VIIRS,n,2,298.4,2.09,D,0
30.71055,72.25056,335.87,0.44,0.38,2024-11-17,826,N,VIIRS,n,2,298.9,5.62,D,0
30.71065,71.95023,335.15,0.43,0.38,2024-11-17,826,N,VIIRS,n,2,301.34,5.56,D,0
30.7148,71.98151,343.91,0.43,0.38,2024-11-17,826,N,VIIRS,n,2,299.49,3.64,D,0
30.71522,74.28423,330.82,0.54,0.42,2024-11-17,826,N,VIIRS,n,2,297.43,2.55,D,0
30.71725,72.02695,334.81,0.43,0.38,2024-11-17,826,N,VIIRS,n,2,299.05,2.95,D,0
30.72296,75.22125,332.18,0.4,0.44,2024-11-17,826,N,VIIRS,n,2,296.16,2.33,D,0
30.7246,71.94778,336.1,0.43,0.38,2024-11-17,826,N,VIIRS,n,2,297.99,3.47,D,0
30.72497,74.26558,332.12,0.54,0.42,2024-11-17,826,N,VIIRS,n,2,298.12,4,D,0
30.72714,72.02063,333.35,0.43,0.38,2024-11-17,826,N,VIIRS,n,2,298.98,2,D,0
30.72735,74.91833,339.77,0.39,0.44,2024-11-17,826,N,VIIRS,n,2,296.69,3.58,D,0
30.72885,72.00656,331.71,0.43,0.38,2024-11-17,826,N,VIIRS,n,2,297.95,1.57,D,0
30.72966,72.00774,331.04,0.43,0.38,2024-11-17,826,N,VIIRS,n,2,298.2,1.65,D,0
30.73064,72.02001,333.84,0.43,0.38,2024-11-17,826,N,VIIRS,n,2,299.97,5.52,D,0
30.73087,71.82508,333.04,0.42,0.38,2024-11-17,826,N,VIIRS,n,2,299.85,2.19,D,0
30.73138,74.91775,341.51,0.39,0.44,2024-11-17,826,N,VIIRS,n,2,297.85,4.38,D,0
30.73376,71.82004,332.87,0.42,0.38,2024-11-17,826,N,VIIRS,n,2,300.11,4.27,D,0
30.73434,71.82446,334.97,0.42,0.38,2024-11-17,826,N,VIIRS,n,2,302.22,8.07,D,0
30.73892,75.45357,334.83,0.41,0.45,2024-11-17,826,N,VIIRS,n,2,295.81,3.33,D,0
30.74244,72.05151,338.33,0.43,0.38,2024-11-17,826,N,VIIRS,n,2,300.29,5.53,D,0
30.74344,71.70553,344.51,0.42,0.38,2024-11-17,826,N,VIIRS,n,2,302.35,4.37,D,0
30.74991,71.78099,337.32,0.42,0.38,2024-11-17,826,N,VIIRS,n,2,299.06,2.7,D,0
30.75563,71.74387,334.16,0.42,0.38,2024-11-17,826,N,VIIRS,n,2,303.08,4.42,D,0
30.75714,75.22928,333.17,0.4,0.44,2024-11-17,826,N,VIIRS,n,2,295.93,2.67,D,0
30.7582,71.9798,335.6,0.43,0.38,2024-11-17,826,N,VIIRS,n,2,300.3,2.34,D,0
30.75865,71.82017,353.07,0.42,0.38,2024-11-17,826,N,VIIRS,n,2,304.63,14.95,D,0
30.7598,74.76138,330.2,0.57,0.43,2024-11-17,826,N,VIIRS,n,2,298.59,4.1,D,0
30.76212,71.81956,331.35,0.42,0.38,2024-11-17,826,N,VIIRS,n,2,298.04,3.34,D,0
30.76221,72.54013,333.65,0.45,0.39,2024-11-17,826,N,VIIRS,n,2,299.35,2.15,D,0
30.76483,75.10907,346.13,0.4,0.44,2024-11-17,826,N,VIIRS,n,2,297.75,5.63,D,0
30.7649,71.76027,332.19,0.42,0.38,2024-11-17,826,N,VIIRS,n,2,301.39,1.17,D,0
30.76496,71.78737,332.48,0.42,0.38,2024-11-17,826,N,VIIRS,n,2,298.69,2.47,D,0
30.76666,71.77351,341.46,0.42,0.38,2024-11-17,826,N,VIIRS,n,2,302.76,4.34,D,0
30.76927,71.98245,340.87,0.43,0.38,2024-11-17,826,N,VIIRS,n,2,304.63,19.66,D,0
30.7697,71.84998,333.49,0.42,0.38,2024-11-17,826,N,VIIRS,n,2,300.58,1.49,D,0
30.77035,75.19748,332.95,0.4,0.44,2024-11-17,826,N,VIIRS,n,2,296.07,3.13,D,0
30.7713,71.78172,340.5,0.42,0.38,2024-11-17,826,N,VIIRS,n,2,302.09,3.17,D,0
30.77189,71.78613,334.89,0.42,0.38,2024-11-17,826,N,VIIRS,n,2,299.11,3.17,D,0
30.77242,71.76345,336.08,0.42,0.38,2024-11-17,826,N,VIIRS,n,2,300.95,3.59,D,0
30.77252,75.10376,367,0.39,0.44,2024-11-17,826,N,VIIRS,h,2,298.67,10.95,D,0
30.77261,74.95732,339.44,0.39,0.44,2024-11-17,826,N,VIIRS,n,2,298.93,4.86,D,0
30.77304,74.9614,336.05,0.39,0.44,2024-11-17,826,N,VIIRS,n,2,296.76,5.48,D,0
30.77366,71.7994,344.72,0.42,0.38,2024-11-17,826,N,VIIRS,n,2,300.6,6.43,D,0
30.77471,71.75403,333.82,0.42,0.38,2024-11-17,826,N,VIIRS,n,2,299.97,2.33,D,0
30.77477,71.78111,330.59,0.42,0.38,2024-11-17,826,N,VIIRS,n,2,300.32,3.17,D,0
30.77483,71.80825,343.37,0.42,0.38,2024-11-17,826,N,VIIRS,n,2,303.14,13.02,D,0
30.77589,71.76284,335.32,0.42,0.38,2024-11-17,826,N,VIIRS,n,2,299.26,1.98,D,0
30.77641,71.74019,335.38,0.42,0.38,2024-11-17,826,N,VIIRS,n,2,301.65,5.58,D,0
30.77666,74.95674,336.08,0.39,0.44,2024-11-17,826,N,VIIRS,n,2,295.78,2.55,D,0
30.7767,75.17952,343.13,0.4,0.44,2024-11-17,826,N,VIIRS,n,2,296.36,4.81,D,0
30.77742,71.9902,336.16,0.43,0.38,2024-11-17,826,N,VIIRS,n,2,300.08,4.06,D,0
30.77999,75.0271,346.97,0.39,0.44,2024-11-17,826,N,VIIRS,n,2,299.42,9.34,D,0
30.78036,72.01266,332.64,0.43,0.38,2024-11-17,826,N,VIIRS,n,2,299.81,2.49,D,0
30.78112,71.77546,334.16,0.42,0.38,2024-11-17,826,N,VIIRS,n,2,303.58,5.68,D,0
30.78156,71.72575,344.98,0.42,0.38,2024-11-17,826,N,VIIRS,n,2,305.37,10.8,D,0
30.78502,71.72514,344.43,0.42,0.38,2024-11-17,826,N,VIIRS,n,2,302.49,4.86,D,0
30.78551,75.11898,342.57,0.4,0.44,2024-11-17,826,N,VIIRS,n,2,297.04,3.87,D,0
30.78693,75.35049,331.63,0.41,0.45,2024-11-17,826,N,VIIRS,n,2,295.64,3.52,D,0
30.79135,71.7195,333.21,0.42,0.38,2024-11-17,826,N,VIIRS,n,2,304.51,1.62,D,0
30.79278,71.80961,333.43,0.42,0.38,2024-11-17,826,N,VIIRS,n,2,301.04,2.71,D,0
30.79313,71.73271,333.7,0.42,0.38,2024-11-17,826,N,VIIRS,n,2,302.18,3.52,D,0
30.79507,71.80014,331.63,0.42,0.38,2024-11-17,826,N,VIIRS,n,2,300.56,1.61,D,0
30.79625,71.809,334.99,0.42,0.38,2024-11-17,826,N,VIIRS,n,2,301.65,2.84,D,0
30.79846,71.7724,341.69,0.42,0.38,2024-11-17,826,N,VIIRS,n,2,304.2,2.91,D,0
30.80378,75.21445,335.36,0.4,0.44,2024-11-17,826,N,VIIRS,n,2,297.06,3.38,D,0
30.80464,74.87425,348.75,0.38,0.44,2024-11-17,826,N,VIIRS,n,2,299.75,5.15,D,0
30.80508,74.8783,342.08,0.38,0.44,2024-11-17,826,N,VIIRS,n,2,299.23,5.15,D,0
30.80866,74.87367,341.91,0.38,0.44,2024-11-17,826,N,VIIRS,n,2,297.14,5.07,D,0
30.8091,74.87772,347.25,0.38,0.44,2024-11-17,826,N,VIIRS,n,2,296.83,5.07,D,0
30.8098,71.88388,346.36,0.43,0.38,2024-11-17,826,N,VIIRS,n,2,302.54,11.08,D,0
30.81916,72.20063,334.01,0.44,0.38,2024-11-17,826,N,VIIRS,n,2,299.42,5.65,D,0
30.82606,74.95798,335.56,0.39,0.44,2024-11-17,826,N,VIIRS,n,2,298.02,2.69,D,0
30.82844,75.37133,340.11,0.41,0.45,2024-11-17,826,N,VIIRS,n,2,296.35,2.97,D,0
30.83258,75.37075,329.17,0.41,0.45,2024-11-17,826,N,VIIRS,n,2,295.42,2.97,D,0
30.83673,72.16959,333.43,0.44,0.38,2024-11-17,826,N,VIIRS,n,2,300.09,9.67,D,0
30.84052,74.33925,335.37,0.54,0.42,2024-11-17,826,N,VIIRS,n,2,297.4,4.9,D,0
30.84307,74.74323,347.1,0.57,0.43,2024-11-17,826,N,VIIRS,n,2,301.49,10.71,D,0
30.84452,74.7423,347.14,0.57,0.43,2024-11-17,826,N,VIIRS,n,2,301.63,12.18,D,0
30.84519,74.56171,333.04,0.56,0.43,2024-11-17,826,N,VIIRS,n,2,298.69,6.63,D,0
30.84989,74.5313,329.44,0.55,0.43,2024-11-17,826,N,VIIRS,n,2,298.45,3.73,D,0
30.85149,75.35062,344.39,0.41,0.45,2024-11-17,826,N,VIIRS,n,2,296.59,3.59,D,0
30.85238,72.09712,335.71,0.43,0.38,2024-11-17,826,N,VIIRS,n,2,300.56,5.78,D,0
30.85298,72.10165,336.72,0.43,0.38,2024-11-17,826,N,VIIRS,n,2,299.31,5.78,D,0
30.85439,74.57225,332.42,0.56,0.43,2024-11-17,826,N,VIIRS,n,2,298.38,5.71,D,0
30.85443,75.02911,341.74,0.39,0.44,2024-11-17,826,N,VIIRS,n,2,298.8,3.6,D,0
30.8574,72.21744,337.16,0.44,0.38,2024-11-17,826,N,VIIRS,n,2,299.32,3.57,D,0
30.85744,75.36729,329.61,0.41,0.45,2024-11-17,826,N,VIIRS,n,2,295.42,1.98,D,0
30.86214,75.09967,332.43,0.4,0.44,2024-11-17,826,N,VIIRS,n,2,296.92,2.64,D,0
30.86417,74.62464,332.39,0.56,0.43,2024-11-17,826,N,VIIRS,n,2,299.61,4.18,D,0
30.86879,74.62996,329.38,0.56,0.43,2024-11-17,826,N,VIIRS,n,2,297.86,4.18,D,0
30.87126,74.87846,331.99,0.39,0.44,2024-11-17,826,N,VIIRS,n,2,297.36,2.54,D,0
30.87276,74.62938,331.67,0.56,0.43,2024-11-17,826,N,VIIRS,n,2,297.93,3.49,D,0
30.87281,74.81657,333.58,0.38,0.43,2024-11-17,826,N,VIIRS,n,2,297.97,2.55,D,0
30.87325,74.82059,332.25,0.38,0.43,2024-11-17,826,N,VIIRS,n,2,295.38,2.55,D,0
30.88391,74.69406,335.84,0.57,0.43,2024-11-17,826,N,VIIRS,n,2,298.8,12.97,D,0
30.88431,74.8098,337.85,0.57,0.43,2024-11-17,826,N,VIIRS,n,2,300.03,14.69,D,0
30.88441,74.77305,334.77,0.57,0.43,2024-11-17,826,N,VIIRS,n,2,300.62,4.54,D,0
30.88552,74.89706,333.79,0.39,0.44,2024-11-17,826,N,VIIRS,n,2,297.35,2.74,D,0
30.89534,74.91219,348.05,0.39,0.44,2024-11-17,826,N,VIIRS,n,2,300.97,7.85,D,0
30.89797,74.93674,335.69,0.39,0.44,2024-11-17,826,N,VIIRS,n,2,297.04,3.21,D,0
30.89841,74.94083,329.4,0.39,0.44,2024-11-17,826,N,VIIRS,n,2,296.63,3.21,D,0
30.90201,74.93616,337.54,0.39,0.44,2024-11-17,826,N,VIIRS,n,2,297.22,3.21,D,0
30.90245,74.94025,329.56,0.39,0.44,2024-11-17,826,N,VIIRS,n,2,296.22,3.21,D,0
30.90513,74.73952,329.43,0.57,0.43,2024-11-17,826,N,VIIRS,n,2,298.54,5.99,D,0
30.90774,74.80028,332.63,0.57,0.43,2024-11-17,826,N,VIIRS,n,2,297.63,4.8,D,0
30.91116,74.6478,341.3,0.56,0.43,2024-11-17,826,N,VIIRS,n,2,297.78,8.18,D,0
30.91179,75.36418,332.36,0.41,0.45,2024-11-17,826,N,VIIRS,n,2,296.4,3.12,D,0
30.91375,75.36595,331.64,0.41,0.45,2024-11-17,826,N,VIIRS,n,2,296.56,3.58,D,0
30.9216,74.49108,330.29,0.55,0.43,2024-11-17,826,N,VIIRS,n,2,297.3,3.79,D,0
30.92219,74.97079,338.07,0.39,0.44,2024-11-17,826,N,VIIRS,n,2,297.01,3.13,D,0
30.9227,74.44143,332.73,0.55,0.43,2024-11-17,826,N,VIIRS,n,2,297.89,4.03,D,0
30.92415,74.44352,329.31,0.55,0.43,2024-11-17,826,N,VIIRS,n,2,296.84,2.53,D,0
30.92472,73.09744,330.04,0.47,0.4,2024-11-17,826,N,VIIRS,l,2,300.21,2.41,D,0
30.93036,74.82054,344.91,0.38,0.43,2024-11-17,826,N,VIIRS,n,2,301.83,11.68,D,0
30.93113,74.75404,345.56,0.57,0.43,2024-11-17,826,N,VIIRS,n,2,302.45,18.26,D,0
30.93703,74.99378,330.24,0.39,0.44,2024-11-17,826,N,VIIRS,n,2,296.52,1.69,D,0
30.93705,75.26668,333.32,0.4,0.45,2024-11-17,826,N,VIIRS,n,2,296.57,2.3,D,0
30.94118,75.26611,329.23,0.4,0.45,2024-11-17,826,N,VIIRS,n,2,296.02,2.11,D,0
30.94245,74.893,334.7,0.39,0.44,2024-11-17,826,N,VIIRS,n,2,298.55,2.4,D,0
30.94694,75.04707,330.34,0.39,0.44,2024-11-17,826,N,VIIRS,n,2,296.33,3.12,D,0
30.95959,75.01157,335.29,0.39,0.44,2024-11-17,826,N,VIIRS,n,2,297.95,4.18,D,0
30.9623,75.1897,345.8,0.4,0.44,2024-11-17,826,N,VIIRS,n,2,298.02,11.49,D,0
30.96322,75.04475,340.19,0.39,0.44,2024-11-17,826,N,VIIRS,n,2,298.37,5.56,D,0
30.96368,75.04892,329.36,0.39,0.44,2024-11-17,826,N,VIIRS,n,2,295.88,5.56,D,0
30.96641,75.18914,335.13,0.4,0.44,2024-11-17,826,N,VIIRS,n,2,296.03,2.84,D,0
30.96649,74.5118,330.56,0.55,0.43,2024-11-17,826,N,VIIRS,n,2,296,4.5,D,0
30.98734,75.00781,329.97,0.39,0.44,2024-11-17,826,N,VIIRS,n,2,297.87,2.17,D,0
30.99298,74.79099,332.37,0.38,0.43,2024-11-17,826,N,VIIRS,n,2,296.56,2.47,D,0
30.99693,75.09962,340.33,0.4,0.44,2024-11-17,826,N,VIIRS,n,2,297.36,7.88,D,0
30.99979,74.17469,331.65,0.53,0.42,2024-11-17,826,N,VIIRS,n,2,298.2,6.06,D,0
31.0009,74.17805,337.14,0.53,0.42,2024-11-17,826,N,VIIRS,n,2,297.81,4.63,D,0
31.00145,74.79387,337.7,0.38,0.43,2024-11-17,826,N,VIIRS,n,2,297.75,4.12,D,0
31.00203,74.57816,336.91,0.56,0.43,2024-11-17,826,N,VIIRS,n,2,297.11,6.05,D,0
31.00217,75.031,331.29,0.39,0.44,2024-11-17,826,N,VIIRS,n,2,296.39,2.52,D,0
31.006,74.57758,334.83,0.56,0.43,2024-11-17,826,N,VIIRS,n,2,295.27,8.64,D,0
31.00795,74.66771,333.35,0.57,0.43,2024-11-17,826,N,VIIRS,n,2,296.94,5.12,D,0
31.00928,74.90424,346.19,0.39,0.44,2024-11-17,826,N,VIIRS,n,2,297.21,6.38,D,0
31.01063,74.58289,330.52,0.56,0.43,2024-11-17,826,N,VIIRS,n,2,295.54,2.62,D,0
31.01372,75.1015,333.31,0.4,0.44,2024-11-17,826,N,VIIRS,n,2,296.65,2.75,D,0
31.01571,75.04175,339.47,0.39,0.44,2024-11-17,826,N,VIIRS,n,2,296.61,3.16,D,0
31.01857,74.61779,333.67,0.56,0.43,2024-11-17,826,N,VIIRS,n,2,297.94,6.66,D,0
31.02168,75.17747,346.94,0.4,0.44,2024-11-17,826,N,VIIRS,n,2,296.14,6.71,D,0
31.02322,74.88147,329.39,0.39,0.44,2024-11-17,826,N,VIIRS,n,2,297.39,1.32,D,0
31.0252,74.60478,335.31,0.56,0.43,2024-11-17,826,N,VIIRS,n,2,296.6,5.22,D,0
31.0291,74.82275,337.31,0.38,0.44,2024-11-17,826,N,VIIRS,n,2,296.7,2.43,D,0
31.02952,74.86397,334.02,0.39,0.44,2024-11-17,826,N,VIIRS,n,2,296.07,2.44,D,0
31.03818,75.1365,331.56,0.4,0.44,2024-11-17,826,N,VIIRS,n,2,295.81,3.22,D,0
31.04464,75.08009,329.14,0.4,0.44,2024-11-17,826,N,VIIRS,n,2,295.45,2.06,D,0
31.04602,75.0544,341.17,0.4,0.44,2024-11-17,826,N,VIIRS,n,2,297.17,2.49,D,0
31.05321,74.78229,343.12,0.38,0.43,2024-11-17,826,N,VIIRS,n,2,297.36,5.96,D,0
31.06571,74.78459,342.53,0.38,0.43,2024-11-17,826,N,VIIRS,n,2,296.67,4.35,D,0
31.06627,74.86285,336.91,0.39,0.44,2024-11-17,826,N,VIIRS,n,2,296.38,4.74,D,0
31.06675,74.78468,341.74,0.38,0.43,2024-11-17,826,N,VIIRS,n,2,296.87,5.18,D,0
31.06707,74.79671,339.24,0.38,0.43,2024-11-17,826,N,VIIRS,n,2,296.22,2.55,D,0
31.06752,74.80076,332.06,0.38,0.43,2024-11-17,826,N,VIIRS,n,2,295.54,2.55,D,0
31.07031,74.86228,340.59,0.39,0.44,2024-11-17,826,N,VIIRS,n,2,297.35,8.97,D,0
31.07088,74.86256,342.25,0.39,0.44,2024-11-17,826,N,VIIRS,n,2,295.62,5.11,D,0
31.08119,74.92311,340.05,0.39,0.44,2024-11-17,826,N,VIIRS,n,2,297.04,2.95,D,0
31.08139,74.92352,344.28,0.39,0.44,2024-11-17,826,N,VIIRS,n,2,296.98,4.17,D,0
31.08211,74.93134,330.25,0.39,0.44,2024-11-17,826,N,VIIRS,n,2,295.64,3.99,D,0
31.08225,74.93176,336.98,0.39,0.44,2024-11-17,826,N,VIIRS,n,2,296.18,4.05,D,0
31.0851,74.72774,331.27,0.57,0.43,2024-11-17,826,N,VIIRS,n,2,295.74,3,D,0
31.09058,75.15919,344.41,0.4,0.44,2024-11-17,826,N,VIIRS,n,2,296.9,6.27,D,0
31.09376,74.7326,337.86,0.57,0.43,2024-11-17,826,N,VIIRS,n,2,295.47,6.67,D,0
31.1105,74.77422,333.79,0.38,0.43,2024-11-17,826,N,VIIRS,n,2,296.14,4.08,D,0
31.11527,74.85612,342.01,0.39,0.44,2024-11-17,826,N,VIIRS,n,2,296.86,3.71,D,0
31.11755,74.83923,330.58,0.39,0.44,2024-11-17,826,N,VIIRS,n,2,296.1,1.9,D,0
31.14051,74.75036,333.16,0.57,0.43,2024-11-17,826,N,VIIRS,n,2,296.22,3.47,D,0
31.14487,74.86433,348.42,0.39,0.44,2024-11-17,826,N,VIIRS,n,2,297.88,4.34,D,0
31.15032,74.5844,345.66,0.56,0.43,2024-11-17,826,N,VIIRS,n,2,298.02,12.91,D,0
31.15745,74.90424,335.1,0.39,0.44,2024-11-17,826,N,VIIRS,n,2,298.13,1.65,D,0
31.17057,75.06285,349.09,0.4,0.44,2024-11-17,826,N,VIIRS,n,2,298.76,6.52,D,0
31.17102,75.06705,339.16,0.4,0.44,2024-11-17,826,N,VIIRS,n,2,295.97,5.95,D,0
31.19284,75.07677,338.55,0.4,0.44,2024-11-17,826,N,VIIRS,n,2,297.68,2.12,D,0
30.82138,70.82182,330.24,0.4,0.37,2024-11-17,827,N,VIIRS,n,2,299.53,1.12,D,0
30.82618,71.86832,333.78,0.43,0.38,2024-11-17,827,N,VIIRS,n,2,300.76,1.85,D,0
30.84472,71.81956,332.66,0.42,0.38,2024-11-17,827,N,VIIRS,n,2,302.12,2.62,D,0
30.85224,72.09831,347.49,0.43,0.38,2024-11-17,827,N,VIIRS,n,2,301.58,11.44,D,0
30.85231,71.90482,336.12,0.43,0.38,2024-11-17,827,N,VIIRS,n,2,298.02,2.82,D,0
30.85284,71.82721,331.65,0.42,0.38,2024-11-17,827,N,VIIRS,l,2,302.33,4.46,D,0
30.85575,72.0977,335.81,0.43,0.38,2024-11-17,827,N,VIIRS,n,2,299.97,2.88,D,0
30.85632,71.8266,332.81,0.42,0.38,2024-11-17,827,N,VIIRS,n,2,300.86,3.24,D,0
30.86155,71.83932,338.14,0.43,0.38,2024-11-17,827,N,VIIRS,n,2,300.82,3.96,D,0
30.86156,72.14319,333.38,0.44,0.38,2024-11-17,827,N,VIIRS,n,2,298.95,3.76,D,0
30.86327,71.82537,337.38,0.42,0.38,2024-11-17,827,N,VIIRS,n,2,304.09,2.33,D,0
30.86336,72.10102,346.72,0.43,0.38,2024-11-17,827,N,VIIRS,n,2,301.17,6.52,D,0
30.86452,72.11011,333.19,0.43,0.38,2024-11-17,827,N,VIIRS,n,2,299.07,4.6,D,0
30.86503,71.83871,332.77,0.43,0.38,2024-11-17,827,N,VIIRS,n,2,300.51,2.82,D,0
30.86627,72.12375,340.87,0.43,0.38,2024-11-17,827,N,VIIRS,n,2,299.44,4.12,D,0
30.88016,71.8725,333.54,0.43,0.38,2024-11-17,827,N,VIIRS,n,2,301.36,1.41,D,0
30.8838,72.23289,332.41,0.44,0.38,2024-11-17,827,N,VIIRS,n,2,298.96,3.32,D,0
30.88776,71.90316,339.2,0.43,0.38,2024-11-17,827,N,VIIRS,n,2,301.86,4.2,D,0
30.88912,72.16174,346.61,0.44,0.38,2024-11-17,827,N,VIIRS,n,2,300.36,4.66,D,0
30.89007,71.8936,332.24,0.43,0.38,2024-11-17,827,N,VIIRS,n,2,301.44,1.97,D,0
30.89296,71.88853,330.68,0.43,0.38,2024-11-17,827,N,VIIRS,n,2,301.92,2.99,D,0
30.89704,71.89238,341.79,0.43,0.38,2024-11-17,827,N,VIIRS,n,2,301.93,2.99,D,0
30.89832,71.95634,333.32,0.43,0.38,2024-11-17,827,N,VIIRS,n,2,300.59,2.42,D,0
30.93261,72.19164,332.96,0.44,0.38,2024-11-17,827,N,VIIRS,n,2,301.44,4.92,D,0
30.93319,70.77637,333.24,0.4,0.37,2024-11-17,827,N,VIIRS,n,2,299.75,2.43,D,0
30.9332,72.19621,333.34,0.44,0.38,2024-11-17,827,N,VIIRS,n,2,302.09,10.12,D,0
30.93353,71.89189,333.69,0.43,0.38,2024-11-17,827,N,VIIRS,n,2,302.32,1.68,D,0
30.93702,71.89128,331.2,0.43,0.38,2024-11-17,827,N,VIIRS,l,2,303.28,2.3,D,0
30.93935,71.88171,331.06,0.43,0.38,2024-11-17,827,N,VIIRS,l,2,301.97,3.51,D,0
30.9463,71.96315,335.41,0.43,0.38,2024-11-17,827,N,VIIRS,n,2,303.68,6.58,D,0
30.96036,72.23852,332.47,0.44,0.38,2024-11-17,827,N,VIIRS,n,2,299.95,3.2,D,0
30.96046,70.72421,332.93,0.4,0.37,2024-11-17,827,N,VIIRS,n,2,299.32,2.05,D,0
30.96086,71.91001,337.11,0.43,0.38,2024-11-17,827,N,VIIRS,n,2,301.24,3.52,D,0
30.97075,71.90368,333.96,0.43,0.38,2024-11-17,827,N,VIIRS,n,2,300.31,3.98,D,0
30.97367,71.92613,335.21,0.43,0.38,2024-11-17,827,N,VIIRS,n,2,304.13,2.48,D,0
30.98082,70.74603,346.7,0.4,0.37,2024-11-17,827,N,VIIRS,n,2,299.99,8.39,D,0
30.98768,72.23069,333.31,0.44,0.38,2024-11-17,827,N,VIIRS,n,2,300.15,2.78,D,0
30.99006,72.19267,342.38,0.44,0.38,2024-11-17,827,N,VIIRS,n,2,302.09,5.86,D,0
30.99475,72.22948,336.44,0.44,0.38,2024-11-17,827,N,VIIRS,n,2,299.84,3.89,D,0
30.99537,72.17767,337.42,0.44,0.38,2024-11-17,827,N,VIIRS,n,2,302.81,10.15,D,0
30.99581,71.93144,335.25,0.43,0.38,2024-11-17,827,N,VIIRS,n,2,301.76,3.62,D,0
30.99592,72.2387,330.89,0.44,0.38,2024-11-17,827,N,VIIRS,n,2,297.95,2.61,D,0
31.0018,72.25656,330.31,0.44,0.38,2024-11-17,827,N,VIIRS,n,2,299.55,1.91,D,0
31.00652,72.2652,331.94,0.44,0.38,2024-11-17,827,N,VIIRS,n,2,299.49,1.09,D,0
31.00889,72.22704,342.28,0.44,0.38,2024-11-17,827,N,VIIRS,n,2,302.93,7.4,D,0
31.01183,72.1936,345.09,0.44,0.38,2024-11-17,827,N,VIIRS,n,2,303.15,7.77,D,0
31.02481,72.29519,345.88,0.44,0.39,2024-11-17,827,N,VIIRS,n,2,301.16,6.2,D,0
31.02495,71.93553,330.59,0.43,0.38,2024-11-17,827,N,VIIRS,l,2,302.85,1.53,D,0
31.02718,72.31376,334.27,0.44,0.39,2024-11-17,827,N,VIIRS,n,2,301.06,5.14,D,0
31.02952,72.24706,331.3,0.44,0.38,2024-11-17,827,N,VIIRS,n,2,297.69,3.41,D,0
31.03363,72.22277,333.34,0.44,0.38,2024-11-17,827,N,VIIRS,n,2,299.96,3.84,D,0
31.03418,70.74951,334.17,0.4,0.37,2024-11-17,827,N,VIIRS,n,2,299.63,2.33,D,0
31.03716,72.22216,334.88,0.44,0.38,2024-11-17,827,N,VIIRS,n,2,299.47,2.43,D,0
31.04129,72.22617,331.79,0.44,0.38,2024-11-17,827,N,VIIRS,n,2,298.41,2.7,D,0
31.04326,70.76495,335.76,0.4,0.37,2024-11-17,827,N,VIIRS,n,2,297.36,2.95,D,0
31.04419,72.19271,331.47,0.44,0.38,2024-11-17,827,N,VIIRS,n,2,299.83,1.54,D,0
31.0443,70.7476,334.29,0.4,0.37,2024-11-17,827,N,VIIRS,n,2,299.25,2.92,D,0
31.04483,72.22556,340.29,0.44,0.38,2024-11-17,827,N,VIIRS,n,2,300.73,8.1,D,0
31.04892,72.2013,332.06,0.44,0.38,2024-11-17,827,N,VIIRS,n,2,299.25,1.88,D,0
31.05258,72.28568,338.81,0.44,0.38,2024-11-17,827,N,VIIRS,n,2,300.62,5.11,D,0
31.05276,71.95561,347.48,0.43,0.38,2024-11-17,827,N,VIIRS,n,2,302.78,7.63,D,0
31.05369,72.23817,335.55,0.44,0.38,2024-11-17,827,N,VIIRS,n,2,297.95,3.3,D,0
31.05538,72.19547,346.62,0.44,0.38,2024-11-17,827,N,VIIRS,n,2,301.32,9.27,D,0
31.05663,72.23296,343.7,0.44,0.38,2024-11-17,827,N,VIIRS,n,2,299.53,3.3,D,0
31.05957,72.22774,330.37,0.44,0.38,2024-11-17,827,N,VIIRS,n,2,298.96,3.02,D,0
31.06311,72.22713,334.07,0.44,0.38,2024-11-17,827,N,VIIRS,n,2,298.84,3.02,D,0
31.0649,72.24097,338.58,0.44,0.38,2024-11-17,827,N,VIIRS,n,2,299.27,1.86,D,0
31.06544,72.21729,333.12,0.44,0.38,2024-11-17,827,N,VIIRS,n,2,301.2,6.14,D,0
31.06646,70.90698,331.25,0.4,0.37,2024-11-17,827,N,VIIRS,n,2,298.75,5.74,D,0
31.0751,72.31979,346.76,0.44,0.39,2024-11-17,827,N,VIIRS,n,2,303.43,7.68,D,0
31.07865,72.31918,336.45,0.44,0.39,2024-11-17,827,N,VIIRS,n,2,302.15,5.31,D,0
31.14774,74.5826,340.56,0.56,0.43,2024-11-17,827,N,VIIRS,n,2,298.4,14.26,D,0
31.15597,73.23399,331.15,0.48,0.4,2024-11-17,827,N,VIIRS,n,2,298.7,2.84,D,0
31.15783,73.09447,338.33,0.48,0.4,2024-11-17,827,N,VIIRS,n,2,302.41,10.76,D,0
31.15973,72.28368,347.78,0.44,0.39,2024-11-17,827,N,VIIRS,n,2,300.91,9.31,D,0
31.16558,73.50641,340.31,0.5,0.41,2024-11-17,827,N,VIIRS,n,2,302.33,7.18,D,0
31.167,73.38931,338.44,0.49,0.4,2024-11-17,827,N,VIIRS,n,2,301.04,4.81,D,0
31.16934,73.50581,341.81,0.5,0.41,2024-11-17,827,N,VIIRS,n,2,300.42,7.18,D,0
31.17073,73.38871,332.55,0.49,0.4,2024-11-17,827,N,VIIRS,n,2,299.04,4.81,D,0
31.17736,73.57426,334.53,0.5,0.41,2024-11-17,827,N,VIIRS,n,2,299.6,5.05,D,0
31.17808,73.51511,334.81,0.5,0.41,2024-11-17,827,N,VIIRS,n,2,299.37,3.01,D,0
31.17822,72.06522,332.05,0.44,0.38,2024-11-17,827,N,VIIRS,n,2,299.24,2.32,D,0
31.17936,73.49353,348.49,0.5,0.41,2024-11-17,827,N,VIIRS,n,2,302.26,9.48,D,0
31.17941,72.38059,336.57,0.45,0.39,2024-11-17,827,N,VIIRS,n,2,300.09,3.72,D,0
31.1806,73.50402,334.74,0.5,0.41,2024-11-17,827,N,VIIRS,n,2,299.18,3.01,D,0
31.18113,73.57366,332.2,0.5,0.41,2024-11-17,827,N,VIIRS,n,2,297.32,2.86,D,0
31.18236,73.58424,332.42,0.5,0.41,2024-11-17,827,N,VIIRS,n,2,296.4,4.89,D,0
31.18287,74.57138,329.54,0.56,0.43,2024-11-17,827,N,VIIRS,n,2,297.57,6.62,D,0
31.18742,73.5619,332.34,0.5,0.41,2024-11-17,827,N,VIIRS,n,2,298.35,4.2,D,0
31.18804,73.56719,331.48,0.5,0.41,2024-11-17,827,N,VIIRS,n,2,297.48,3.25,D,0
31.18866,73.57248,331.19,0.5,0.41,2024-11-17,827,N,VIIRS,n,2,296.29,3.25,D,0
31.1887,73.54022,342.14,0.5,0.41,2024-11-17,827,N,VIIRS,n,2,300.09,5.59,D,0
31.19052,73.58835,335.94,0.5,0.41,2024-11-17,827,N,VIIRS,n,2,298.68,4,D,0
31.19166,72.27821,332.22,0.44,0.39,2024-11-17,827,N,VIIRS,n,2,300.68,4.88,D,0
31.19355,73.68008,330.8,0.51,0.41,2024-11-17,827,N,VIIRS,n,2,297.53,1.64,D,0
31.1943,73.58775,331.11,0.5,0.41,2024-11-17,827,N,VIIRS,n,2,298.01,4,D,0
31.19522,72.05757,337.79,0.44,0.38,2024-11-17,827,N,VIIRS,n,2,301.93,4.7,D,0
31.19747,73.54958,351.3,0.5,0.41,2024-11-17,827,N,VIIRS,n,2,300.57,12.82,D,0
31.19809,73.55485,334.51,0.5,0.41,2024-11-17,827,N,VIIRS,n,2,295.94,9.39,D,0
31.19873,73.52791,333.83,0.5,0.41,2024-11-17,827,N,VIIRS,n,2,301.2,3.35,D,0
31.19925,73.66284,334.82,0.51,0.41,2024-11-17,827,N,VIIRS,n,2,299.53,7.71,D,0
31.20146,72.41045,332.42,0.45,0.39,2024-11-17,827,N,VIIRS,n,2,299.69,2.99,D,0
31.20164,72.19277,331.42,0.44,0.38,2024-11-17,827,N,VIIRS,n,2,300.61,5.33,D,0
31.20249,73.52732,335.68,0.5,0.41,2024-11-17,827,N,VIIRS,n,2,300.66,3.35,D,0
31.20331,72.29216,330.57,0.44,0.39,2024-11-17,827,N,VIIRS,n,2,299.97,3.13,D,0
31.20437,73.54311,336.28,0.5,0.41,2024-11-17,827,N,VIIRS,n,2,299.23,8.99,D,0
31.20499,73.54838,349.53,0.5,0.41,2024-11-17,827,N,VIIRS,n,2,300.08,8.99,D,0
31.20561,73.58597,342.25,0.5,0.41,2024-11-17,827,N,VIIRS,n,2,298.96,7.05,D,0
31.20622,73.62374,348.71,0.5,0.41,2024-11-17,827,N,VIIRS,n,2,301.55,15.91,D,0
31.20687,73.56422,335.25,0.5,0.41,2024-11-17,827,N,VIIRS,n,2,298.45,2.48,D,0
31.20872,73.64505,331.18,0.51,0.41,2024-11-17,827,N,VIIRS,n,2,297.68,4.65,D,0
31.21126,73.56891,335.93,0.5,0.41,2024-11-17,827,N,VIIRS,n,2,300.26,6.22,D,0
31.21315,73.58478,333.1,0.5,0.41,2024-11-17,827,N,VIIRS,n,2,299.11,3.33,D,0
31.21377,73.52553,330.32,0.5,0.41,2024-11-17,827,N,VIIRS,n,2,299.58,5.11,D,0
31.21378,73.55774,336.3,0.5,0.41,2024-11-17,827,N,VIIRS,n,2,299,6.85,D,0
31.21394,70.79369,331.42,0.4,0.37,2024-11-17,827,N,VIIRS,n,2,298.82,4.64,D,3
31.21417,70.79014,340.04,0.4,0.37,2024-11-17,827,N,VIIRS,n,2,297.5,4.77,D,0
31.21692,73.58419,333.38,0.5,0.41,2024-11-17,827,N,VIIRS,n,2,298.8,3.33,D,0
31.21753,73.52493,349.39,0.5,0.41,2024-11-17,827,N,VIIRS,n,2,299.66,5.11,D,0
31.21753,73.68723,335.71,0.51,0.41,2024-11-17,827,N,VIIRS,n,2,298.61,10.52,D,0
31.21754,73.55715,347.72,0.5,0.41,2024-11-17,827,N,VIIRS,n,2,300.69,7.21,D,0
31.2205,72.17062,331.55,0.44,0.38,2024-11-17,827,N,VIIRS,n,2,298.09,2.02,D,0
31.2206,73.81317,330.76,0.52,0.41,2024-11-17,827,N,VIIRS,n,2,296.54,2.15,D,0
31.2207,73.68127,343.17,0.51,0.41,2024-11-17,827,N,VIIRS,n,2,299.05,10.52,D,0
31.22095,75.08159,337.87,0.4,0.44,2024-11-17,827,N,VIIRS,n,2,297.09,4.92,D,0
31.22272,75.0985,343.03,0.4,0.44,2024-11-17,827,N,VIIRS,n,2,297.67,9.68,D,0
31.22327,74.60777,335.07,0.56,0.43,2024-11-17,827,N,VIIRS,n,2,295.93,5.21,D,0
31.22344,72.16539,348.52,0.44,0.38,2024-11-17,827,N,VIIRS,n,2,301.65,8.68,D,0
31.22404,72.17,339.49,0.44,0.38,2024-11-17,827,N,VIIRS,n,2,299.74,4.83,D,0
31.22461,75.07678,337.89,0.4,0.44,2024-11-17,827,N,VIIRS,n,2,296.13,4.45,D,0
31.2264,72.18849,345.92,0.44,0.38,2024-11-17,827,N,VIIRS,n,2,304.48,13.4,D,0
31.22691,73.50738,340.38,0.5,0.41,2024-11-17,827,N,VIIRS,n,2,300.57,4.3,D,0
31.22741,72.45608,341.64,0.45,0.39,2024-11-17,827,N,VIIRS,n,2,301.29,9.14,D,0
31.22764,73.7075,332.22,0.51,0.41,2024-11-17,827,N,VIIRS,n,2,296.96,2.45,D,0
31.22827,73.71287,330.35,0.51,0.41,2024-11-17,827,N,VIIRS,n,2,296.38,5.08,D,0
31.22959,75.08465,331.3,0.4,0.44,2024-11-17,827,N,VIIRS,n,2,295.81,4.28,D,0
31.23051,72.16417,338.54,0.44,0.38,2024-11-17,827,N,VIIRS,n,2,300.47,5.79,D,0
31.23207,73.6795,336.19,0.51,0.41,2024-11-17,827,N,VIIRS,n,2,299.73,6.41,D,0
31.23207,73.71227,337.46,0.51,0.41,2024-11-17,827,N,VIIRS,n,2,295.74,5.08,D,0
31.2326,73.55476,330.95,0.5,0.41,2024-11-17,827,N,VIIRS,n,2,299.03,5.24,D,0
31.2327,73.68484,337.96,0.51,0.41,2024-11-17,827,N,VIIRS,n,2,297.4,6.41,D,0
31.2327,73.71765,332.69,0.51,0.41,2024-11-17,827,N,VIIRS,n,2,296.42,5.08,D,0
31.23327,73.59242,351.17,0.5,0.41,2024-11-17,827,N,VIIRS,n,2,299.84,8.11,D,0
31.23333,73.69022,337.41,0.51,0.41,2024-11-17,827,N,VIIRS,n,2,298.86,12.68,D,0
31.23368,75.08407,331.91,0.4,0.44,2024-11-17,827,N,VIIRS,n,2,296.39,2.4,D,0
31.23383,73.53308,337.3,0.5,0.41,2024-11-17,827,N,VIIRS,n,2,302.45,5.8,D,0
31.23396,73.69557,336.48,0.51,0.41,2024-11-17,827,N,VIIRS,n,2,303.07,12.68,D,0
31.23586,73.67891,337.34,0.51,0.41,2024-11-17,827,N,VIIRS,n,2,297.16,6.41,D,0
31.23712,73.68962,338.87,0.51,0.41,2024-11-17,827,N,VIIRS,n,2,298.07,12.68,D,0
31.23767,73.59713,343.16,0.5,0.41,2024-11-17,827,N,VIIRS,n,2,300.74,5.76,D,0
31.23776,73.69498,340.1,0.51,0.41,2024-11-17,827,N,VIIRS,n,2,297.9,12.68,D,0
31.23891,73.57533,355.42,0.5,0.41,2024-11-17,827,N,VIIRS,n,2,303.49,14.91,D,0
31.24028,73.68367,334.15,0.51,0.41,2024-11-17,827,N,VIIRS,n,2,297.77,3.62,D,0
31.2403,73.71648,339.25,0.51,0.41,2024-11-17,827,N,VIIRS,n,2,296.57,5.42,D,0
31.24136,73.56765,335.67,0.5,0.41,2024-11-17,827,N,VIIRS,n,2,299.55,4.35,D,0
31.24145,73.59653,335.67,0.5,0.41,2024-11-17,827,N,VIIRS,n,2,296.54,5.76,D,0
31.24204,73.56944,337.13,0.5,0.41,2024-11-17,827,N,VIIRS,n,2,299.52,4.08,D,0
31.24263,73.54243,329.59,0.5,0.41,2024-11-17,827,N,VIIRS,n,2,300.36,1.76,D,0
31.2427,73.54589,345.45,0.5,0.41,2024-11-17,827,N,VIIRS,n,2,300.41,5.92,D,0
31.2428,73.67236,346.3,0.51,0.41,2024-11-17,827,N,VIIRS,n,2,299.46,9.32,D,0
31.24282,73.70513,342.63,0.51,0.41,2024-11-17,827,N,VIIRS,n,2,297.59,5.33,D,0
31.24326,73.54771,336.98,0.5,0.41,2024-11-17,827,N,VIIRS,n,2,298.84,4.96,D,0
31.24407,73.68307,344.36,0.51,0.41,2024-11-17,827,N,VIIRS,n,2,299.55,3.62,D,0
31.2441,73.71588,341.93,0.51,0.41,2024-11-17,827,N,VIIRS,n,2,295.95,6.87,D,0
31.24597,75.08231,346.56,0.4,0.44,2024-11-17,827,N,VIIRS,n,2,298.68,11.83,D,0
31.24662,73.70454,338.52,0.51,0.41,2024-11-17,827,N,VIIRS,n,2,295.94,5.33,D,0
31.24962,73.53941,333.69,0.5,0.41,2024-11-17,827,N,VIIRS,n,2,299.34,2.7,D,0
31.24977,73.69858,335.91,0.51,0.41,2024-11-17,827,N,VIIRS,n,2,297.11,2.99,D,0
31.25015,73.54124,332.93,0.5,0.41,2024-11-17,827,N,VIIRS,n,2,298.82,2.79,D,0
31.25101,73.67654,338.92,0.51,0.41,2024-11-17,827,N,VIIRS,n,2,299.23,5.97,D,0
31.25233,73.72009,342.23,0.51,0.41,2024-11-17,827,N,VIIRS,n,2,298.84,4.1,D,0
31.25289,73.65989,334.73,0.51,0.41,2024-11-17,827,N,VIIRS,n,2,298.65,3.28,D,0
31.25297,73.72546,333.13,0.51,0.41,2024-11-17,827,N,VIIRS,n,2,298.44,4.1,D,0
31.25328,73.57117,356.77,0.5,0.41,2024-11-17,827,N,VIIRS,n,2,309.7,36.92,D,0
31.25335,73.56766,332.17,0.5,0.41,2024-11-17,827,N,VIIRS,n,2,300.68,18.02,D,0
31.25354,73.67431,343.14,0.51,0.41,2024-11-17,827,N,VIIRS,n,2,299.66,7.07,D,0
31.25399,73.57296,351.18,0.5,0.41,2024-11-17,827,N,VIIRS,n,2,308.48,18.02,D,0
31.254,70.75247,336.19,0.4,0.37,2024-11-17,827,N,VIIRS,n,2,301.38,4.27,D,0
31.25415,73.67967,333.14,0.51,0.41,2024-11-17,827,N,VIIRS,n,2,298.28,4.9,D,0
31.25425,73.73624,333.77,0.51,0.41,2024-11-17,827,N,VIIRS,n,2,297.88,4.77,D,0
31.25433,74.85271,335.08,0.39,0.44,2024-11-17,827,N,VIIRS,n,2,297.05,5.1,D,0
31.2544,73.6143,333.92,0.5,0.41,2024-11-17,827,N,VIIRS,n,2,296.65,3.21,D,0
31.25481,73.67594,347.96,0.51,0.41,2024-11-17,827,N,VIIRS,n,2,299.99,6.63,D,0
31.25613,73.71949,330.63,0.51,0.41,2024-11-17,827,N,VIIRS,n,2,297.76,4.1,D,0
31.25677,73.72487,342.54,0.51,0.41,2024-11-17,827,N,VIIRS,n,2,298.61,4.1,D,0
31.25679,70.74764,332.71,0.4,0.37,2024-11-17,827,N,VIIRS,n,2,299.96,3.75,D,0
31.25705,73.57057,338.51,0.5,0.41,2024-11-17,827,N,VIIRS,n,2,298.91,6.2,D,0
31.2586,73.67535,333.38,0.51,0.41,2024-11-17,827,N,VIIRS,n,2,300.65,6.63,D,0
31.25903,73.72272,334.6,0.51,0.41,2024-11-17,827,N,VIIRS,n,2,299.33,3.82,D,0
31.25911,73.61544,331.8,0.5,0.41,2024-11-17,827,N,VIIRS,n,2,297.91,7.75,D,0
31.26083,73.56998,337.42,0.5,0.41,2024-11-17,827,N,VIIRS,n,2,302.21,6.2,D,0
31.26123,73.64039,334.23,0.51,0.41,2024-11-17,827,N,VIIRS,n,2,297.59,3.5,D,0
31.26144,73.57528,329.97,0.5,0.41,2024-11-17,827,N,VIIRS,n,2,297.94,6.2,D,0
31.26173,73.67849,334.72,0.51,0.41,2024-11-17,827,N,VIIRS,n,2,299.36,9.23,D,0
31.26195,73.61311,349.55,0.5,0.41,2024-11-17,827,N,VIIRS,n,2,300.98,14.52,D,0
31.26204,74.6125,329.75,0.57,0.43,2024-11-17,827,N,VIIRS,n,2,297.42,2.97,D,0
31.26296,73.68923,337.29,0.51,0.41,2024-11-17,827,N,VIIRS,n,2,297.49,5.07,D,0
31.26303,73.68012,330.85,0.51,0.41,2024-11-17,827,N,VIIRS,n,2,299.17,4.99,D,0
31.26447,74.61391,334.97,0.57,0.43,2024-11-17,827,N,VIIRS,n,2,296.41,4.93,D,0
31.26566,73.73447,331.7,0.51,0.41,2024-11-17,827,N,VIIRS,n,2,298.22,2.62,D,0
31.26635,74.73914,335.17,0.38,0.43,2024-11-17,827,N,VIIRS,n,2,296.87,1.98,D,0
31.26817,73.72309,338.22,0.51,0.41,2024-11-17,827,N,VIIRS,n,2,299.31,5.18,D,0
31.26835,73.77082,331.39,0.51,0.41,2024-11-17,827,N,VIIRS,n,2,296.06,1.23,D,0
31.26837,73.56878,330.43,0.5,0.41,2024-11-17,827,N,VIIRS,n,2,299.51,3.84,D,0
31.26847,73.73773,331.24,0.51,0.41,2024-11-17,827,N,VIIRS,n,2,296.88,4.27,D,0
31.26881,73.72849,332.51,0.51,0.41,2024-11-17,827,N,VIIRS,n,2,298.17,5.84,D,0
31.27016,73.7723,330.75,0.51,0.41,2024-11-17,827,N,VIIRS,n,2,296.14,3.22,D,0
31.27043,73.72094,337.91,0.51,0.41,2024-11-17,827,N,VIIRS,n,2,298.67,10.62,D,0
31.27105,73.72633,347.15,0.51,0.41,2024-11-17,827,N,VIIRS,n,2,302.72,10.62,D,0
31.27132,73.71712,337.39,0.51,0.41,2024-11-17,827,N,VIIRS,n,2,299.22,5.18,D,0
31.27197,73.63325,345.18,0.51,0.41,2024-11-17,827,N,VIIRS,n,2,300.72,7.39,D,0
31.27197,73.7225,339.85,0.51,0.41,2024-11-17,827,N,VIIRS,n,2,299.78,5.18,D,0
31.27213,73.56818,340.48,0.5,0.41,2024-11-17,827,N,VIIRS,n,2,302.51,4.98,D,0
31.27262,73.72789,330.18,0.51,0.41,2024-11-17,827,N,VIIRS,n,2,298.66,5.84,D,0
31.27275,73.57349,333.88,0.5,0.41,2024-11-17,827,N,VIIRS,n,2,299.87,4.98,D,0
31.27391,73.73868,346.89,0.51,0.41,2024-11-17,827,N,VIIRS,n,2,299.31,6.71,D,0
31.27412,73.75336,333.33,0.51,0.41,2024-11-17,827,N,VIIRS,n,2,295.79,2.56,D,0
31.27551,73.9836,333.13,0.53,0.42,2024-11-17,827,N,VIIRS,n,2,297.88,4.75,D,0
31.27557,73.6982,332.5,0.51,0.41,2024-11-17,827,N,VIIRS,n,2,297.62,2.85,D,0
31.27575,73.63266,340.22,0.51,0.41,2024-11-17,827,N,VIIRS,n,2,301.23,7.39,D,0
31.27608,73.73653,333.56,0.51,0.41,2024-11-17,827,N,VIIRS,n,2,298.54,4.85,D,0
31.27652,73.57289,332.9,0.5,0.41,2024-11-17,827,N,VIIRS,n,2,298.99,4.98,D,0
31.2767,73.74194,332.07,0.51,0.41,2024-11-17,827,N,VIIRS,n,2,297.29,6.31,D,0
31.27906,73.56169,344.91,0.5,0.41,2024-11-17,827,N,VIIRS,n,2,300.57,7.36,D,0
31.27927,73.73054,339.97,0.51,0.41,2024-11-17,827,N,VIIRS,n,2,297.38,4.85,D,0
31.27989,73.73594,329.89,0.51,0.41,2024-11-17,827,N,VIIRS,n,2,296.16,4.85,D,0
31.28193,73.68626,335.32,0.51,0.41,2024-11-17,827,N,VIIRS,n,2,299.33,2.86,D,0
31.28469,73.57701,339.57,0.5,0.41,2024-11-17,827,N,VIIRS,n,2,300.95,5.96,D,0
31.28572,73.68566,337.6,0.51,0.41,2024-11-17,827,N,VIIRS,n,2,301.25,3.61,D,0
31.28713,72.18273,342.63,0.44,0.38,2024-11-17,827,N,VIIRS,n,2,301.97,7.17,D,0
31.28944,73.71796,330.27,0.51,0.41,2024-11-17,827,N,VIIRS,n,2,297.5,2.58,D,0
31.28951,73.68507,334.47,0.51,0.41,2024-11-17,827,N,VIIRS,n,2,298.7,3.61,D,0
31.29075,73.88016,331.58,0.52,0.42,2024-11-17,827,N,VIIRS,n,2,297.92,1.83,D,0
31.29089,73.63027,330.16,0.51,0.41,2024-11-17,827,N,VIIRS,n,2,301.73,6.44,D,0
31.29151,73.63561,331.4,0.51,0.41,2024-11-17,827,N,VIIRS,n,2,298.84,6.44,D,0
31.29598,73.87766,335.38,0.52,0.42,2024-11-17,827,N,VIIRS,n,2,299.16,8.42,D,0
31.29663,73.58054,330.25,0.5,0.41,2024-11-17,827,N,VIIRS,n,2,298.7,2.43,D,0
31.30015,73.74378,331.39,0.51,0.41,2024-11-17,827,N,VIIRS,n,2,298.09,1.84,D,0
31.30532,73.68806,341.01,0.51,0.41,2024-11-17,827,N,VIIRS,n,2,302.78,8.75,D,0
31.30594,73.69344,335.09,0.51,0.41,2024-11-17,827,N,VIIRS,n,2,298.83,4.56,D,0
31.30857,73.58408,351.24,0.5,0.41,2024-11-17,827,N,VIIRS,n,2,302.35,13.98,D,0
31.30911,73.68747,338.16,0.51,0.41,2024-11-17,827,N,VIIRS,n,2,301.67,13.86,D,0
31.30922,73.55692,331.07,0.5,0.41,2024-11-17,827,N,VIIRS,n,2,299.45,4.35,D,0
31.30974,73.69284,350.32,0.51,0.41,2024-11-17,827,N,VIIRS,n,2,299.42,10.92,D,0
31.31006,74.79521,335.15,0.39,0.44,2024-11-17,827,N,VIIRS,n,2,296.66,2.05,D,0
31.31282,73.75283,332.02,0.51,0.41,2024-11-17,827,N,VIIRS,n,2,298.39,2.7,D,0
31.3129,73.68687,356.24,0.51,0.41,2024-11-17,827,N,VIIRS,n,2,302.35,13.86,D,0
31.31353,73.69225,329.74,0.51,0.41,2024-11-17,827,N,VIIRS,n,2,297.1,10.92,D,0
31.31388,74.60484,340.55,0.57,0.43,2024-11-17,827,N,VIIRS,n,2,298.66,5.55,D,0
31.31423,73.59945,336.48,0.5,0.41,2024-11-17,827,N,VIIRS,n,2,299.1,2.62,D,0
31.31532,74.84443,346.45,0.39,0.44,2024-11-17,827,N,VIIRS,n,2,298.58,4.26,D,0
31.31604,73.71379,333.16,0.51,0.41,2024-11-17,827,N,VIIRS,n,2,298.35,2.95,D,0
31.31737,73.62611,331.28,0.51,0.41,2024-11-17,827,N,VIIRS,n,2,297.83,2.71,D,0
31.31856,74.5738,343.08,0.56,0.43,2024-11-17,827,N,VIIRS,n,2,297.7,7.19,D,0
31.31873,74.91526,328.5,0.39,0.44,2024-11-17,827,N,VIIRS,l,2,299.07,1.2,D,0
31.32493,73.59234,350.19,0.5,0.41,2024-11-17,827,N,VIIRS,n,2,310.51,48.24,D,0
31.32555,73.69585,337.06,0.51,0.41,2024-11-17,827,N,VIIRS,n,2,300.66,11.08,D,0
31.32806,73.55394,331.19,0.5,0.41,2024-11-17,827,N,VIIRS,n,2,297.72,1.78,D,0
31.3289,74.78004,335.51,0.39,0.44,2024-11-17,827,N,VIIRS,n,2,296.79,2.71,D,0
31.32998,73.60239,337.68,0.5,0.41,2024-11-17,827,N,VIIRS,n,2,300.95,10.52,D,0
31.33378,73.66718,335.34,0.51,0.41,2024-11-17,827,N,VIIRS,n,2,300.57,6.27,D,0
31.34582,74.71049,336.47,0.57,0.43,2024-11-17,827,N,VIIRS,n,2,298.98,10.45,D,0
31.34636,73.61069,340.09,0.51,0.41,2024-11-17,827,N,VIIRS,n,2,298.51,4.25,D,0
31.3468,72.55434,333.28,0.46,0.39,2024-11-17,827,N,VIIRS,n,2,300.06,2.52,D,0
31.34773,73.85288,335.27,0.52,0.41,2024-11-17,827,N,VIIRS,n,2,298.4,5.55,D,0
31.34838,73.79156,338.43,0.52,0.41,2024-11-17,827,N,VIIRS,n,2,298.08,4.9,D,0
31.34887,73.59942,330.77,0.5,0.41,2024-11-17,827,N,VIIRS,l,2,301.06,13.48,D,0
31.35015,73.61008,344.63,0.51,0.41,2024-11-17,827,N,VIIRS,n,2,299.12,4.25,D,0
31.35092,73.78008,334.49,0.52,0.41,2024-11-17,827,N,VIIRS,n,2,298.98,4.38,D,0
31.35219,73.79097,345.41,0.52,0.41,2024-11-17,827,N,VIIRS,n,2,298.74,10.2,D,0
31.35461,72.15355,332.69,0.44,0.38,2024-11-17,827,N,VIIRS,n,2,298.75,4.14,D,0
31.35473,73.77949,334.85,0.52,0.41,2024-11-17,827,N,VIIRS,n,2,298.51,4.38,D,0
31.35601,73.79037,331.17,0.52,0.41,2024-11-17,827,N,VIIRS,n,2,296.07,10.2,D,0
31.35759,72.17671,334.02,0.44,0.38,2024-11-17,827,N,VIIRS,n,2,298.82,2.55,D,0
31.35855,73.7789,333.83,0.52,0.41,2024-11-17,827,N,VIIRS,n,2,300.04,10.77,D,0
31.36031,73.56806,336.95,0.5,0.41,2024-11-17,827,N,VIIRS,n,2,299.82,4.42,D,0
31.36078,73.57042,333.5,0.5,0.41,2024-11-17,827,N,VIIRS,n,2,298.63,5.28,D,0
31.36111,73.80068,331.78,0.52,0.41,2024-11-17,827,N,VIIRS,n,2,297.86,2.6,D,0
31.36143,70.62591,331.54,0.4,0.37,2024-11-17,827,N,VIIRS,n,2,299.97,1.72,D,0
31.36225,73.55151,330.02,0.5,0.41,2024-11-17,827,N,VIIRS,n,2,299.41,2.82,D,0
31.36371,74.57932,329.58,0.56,0.43,2024-11-17,827,N,VIIRS,n,2,297.22,2.56,D,0
31.365,74.578,330.02,0.57,0.43,2024-11-17,827,N,VIIRS,n,2,297.56,3.73,D,0
31.37047,74.71204,337.41,0.38,0.43,2024-11-17,827,N,VIIRS,n,2,297.64,3.18,D,0
31.37343,72.13137,340.41,0.44,0.38,2024-11-17,827,N,VIIRS,n,2,299.42,4.23,D,0
31.37672,73.5438,330.88,0.5,0.41,2024-11-17,827,N,VIIRS,n,2,298.05,2.3,D,0
31.37798,73.75694,332.17,0.51,0.41,2024-11-17,827,N,VIIRS,n,2,298.32,2.89,D,0
31.3784,73.62501,332.15,0.51,0.41,2024-11-17,827,N,VIIRS,n,2,297.88,2.84,D,0
31.37908,73.80114,331.52,0.52,0.41,2024-11-17,827,N,VIIRS,n,2,299.7,3.91,D,0
31.37948,72.20617,341.56,0.44,0.38,2024-11-17,827,N,VIIRS,n,2,298.36,3.92,D,0
31.37956,73.84008,346.95,0.52,0.41,2024-11-17,827,N,VIIRS,n,2,297.89,6.93,D,0
31.3797,73.80661,332.62,0.52,0.41,2024-11-17,827,N,VIIRS,n,2,300.3,6,D,0
31.38085,73.80317,346.32,0.52,0.41,2024-11-17,827,N,VIIRS,n,2,300.27,10.94,D,0
31.38155,73.84207,332.5,0.52,0.41,2024-11-17,827,N,VIIRS,n,2,295.98,5.22,D,0
31.38243,72.2009,335,0.44,0.38,2024-11-17,827,N,VIIRS,n,2,299.62,3.92,D,0
31.38303,72.20556,333.9,0.44,0.38,2024-11-17,827,N,VIIRS,n,2,298.81,3.92,D,0
31.38477,72.191,345.2,0.44,0.38,2024-11-17,827,N,VIIRS,n,2,299.19,7.59,D,0
31.38483,72.21952,332.65,0.44,0.39,2024-11-17,827,N,VIIRS,n,2,298.47,4.48,D,0
31.38543,72.22417,333.05,0.44,0.39,2024-11-17,827,N,VIIRS,n,2,298.77,4.48,D,0
31.38575,72.11506,333.29,0.44,0.38,2024-11-17,827,N,VIIRS,n,2,299.05,1.37,D,0
31.38733,73.85794,333.95,0.52,0.42,2024-11-17,827,N,VIIRS,n,2,297.98,3.32,D,0
31.38842,72.1115,337.72,0.44,0.38,2024-11-17,827,N,VIIRS,n,2,299.98,4.45,D,0
31.38891,72.19504,346.44,0.44,0.38,2024-11-17,827,N,VIIRS,n,2,302.45,7.59,D,0
31.38907,73.85538,339.04,0.52,0.42,2024-11-17,827,N,VIIRS,n,2,298.68,3.5,D,0
31.38919,73.82185,338.75,0.52,0.41,2024-11-17,827,N,VIIRS,n,2,300.69,6.1,D,0
31.38929,72.11444,343.49,0.44,0.38,2024-11-17,827,N,VIIRS,n,2,299.73,4.67,D,0
31.38986,72.72491,335.98,0.46,0.39,2024-11-17,827,N,VIIRS,n,2,303.08,5.32,D,0
31.39044,73.81838,341.12,0.52,0.41,2024-11-17,827,N,VIIRS,n,2,300.86,5.51,D,0
31.39493,72.24161,348.75,0.44,0.39,2024-11-17,827,N,VIIRS,n,2,300.1,10.27,D,0
31.39689,74.76295,353.11,0.39,0.44,2024-11-17,827,N,VIIRS,n,2,297.26,5.79,D,0
31.39788,72.23634,336.85,0.44,0.39,2024-11-17,827,N,VIIRS,n,2,298.77,8.14,D,0
31.39841,72.1334,332.7,0.44,0.38,2024-11-17,827,N,VIIRS,n,2,300.93,3.28,D,0
31.40067,72.20899,333.91,0.44,0.39,2024-11-17,827,N,VIIRS,n,2,299.83,3.07,D,0
31.40071,72.18044,331.02,0.44,0.38,2024-11-17,827,N,VIIRS,n,2,299.09,2.83,D,0
31.40188,72.18331,333.15,0.44,0.38,2024-11-17,827,N,VIIRS,n,2,299.35,3.21,D,0
31.40231,73.66499,335.16,0.51,0.41,2024-11-17,827,N,VIIRS,n,2,299.89,3.71,D,0
31.40487,72.15598,344.15,0.44,0.38,2024-11-17,827,N,VIIRS,n,2,300.38,4.48,D,0
31.40994,73.63096,330.07,0.51,0.41,2024-11-17,827,N,VIIRS,n,2,300.27,1.28,D,0
31.41052,73.66919,350.06,0.51,0.41,2024-11-17,827,N,VIIRS,n,2,301.15,11.46,D,0
31.41194,72.15475,340.01,0.44,0.38,2024-11-17,827,N,VIIRS,n,2,301.11,3.37,D,0
31.41253,72.15939,334.89,0.44,0.38,2024-11-17,827,N,VIIRS,n,2,298.65,5.71,D,0
31.41368,72.19722,333.45,0.44,0.39,2024-11-17,827,N,VIIRS,n,2,299.77,3.36,D,0
31.41432,73.66859,344.89,0.51,0.41,2024-11-17,827,N,VIIRS,n,2,304.46,19.97,D,0
31.41812,73.668,348.94,0.51,0.41,2024-11-17,827,N,VIIRS,n,2,300.08,19.97,D,0
31.41937,73.67877,331.6,0.51,0.41,2024-11-17,827,N,VIIRS,n,2,297.73,6.47,D,0
31.43082,72.18949,331.69,0.44,0.38,2024-11-17,827,N,VIIRS,n,2,299.22,3.8,D,0
31.43553,72.25549,348.47,0.44,0.39,2024-11-17,827,N,VIIRS,n,2,298.7,4.61,D,0
31.43703,73.79768,333.59,0.52,0.41,2024-11-17,827,N,VIIRS,n,2,299.66,5.64,D,0
31.43908,72.16904,331.77,0.44,0.38,2024-11-17,827,N,VIIRS,n,2,299.49,3.5,D,0
31.44086,72.183,331.72,0.44,0.38,2024-11-17,827,N,VIIRS,n,2,299.66,5.54,D,0
31.44381,72.17773,332.16,0.44,0.38,2024-11-17,827,N,VIIRS,n,2,300.63,2.46,D,0
31.44555,72.13469,335.49,0.44,0.38,2024-11-17,827,N,VIIRS,n,2,300.79,4.75,D,0
31.44614,72.13933,344.15,0.44,0.38,2024-11-17,827,N,VIIRS,n,2,299.53,4.75,D,0
31.45089,72.17651,334.05,0.44,0.38,2024-11-17,827,N,VIIRS,n,2,299.58,2.89,D,0
31.46036,72.1939,334.3,0.44,0.39,2024-11-17,827,N,VIIRS,n,2,298.3,4.24,D,0
31.46062,73.83309,332.66,0.52,0.41,2024-11-17,827,N,VIIRS,n,2,299.68,4.98,D,0
31.46125,73.87223,331.91,0.52,0.42,2024-11-17,827,N,VIIRS,n,2,297.2,6.17,D,0
31.4619,73.84409,348.74,0.52,0.42,2024-11-17,827,N,VIIRS,n,2,300.9,9.13,D,0
31.46331,72.18863,336.07,0.44,0.39,2024-11-17,827,N,VIIRS,n,2,298.42,3.61,D,0
31.46334,72.21723,339.62,0.44,0.39,2024-11-17,827,N,VIIRS,n,2,297.43,6.62,D,0
31.46391,72.19329,335.77,0.44,0.39,2024-11-17,827,N,VIIRS,n,2,297.72,3.61,D,0
31.46622,72.15484,340.23,0.44,0.38,2024-11-17,827,N,VIIRS,n,2,299.77,3.54,D,0
31.46701,73.85452,345.03,0.52,0.42,2024-11-17,827,N,VIIRS,n,2,301.36,8,D,0
31.4702,73.84841,337.27,0.52,0.42,2024-11-17,827,N,VIIRS,n,2,300.44,8,D,0
31.47215,72.17282,346.07,0.44,0.38,2024-11-17,827,N,VIIRS,n,2,302.04,15.64,D,0
31.47279,72.20606,343.68,0.44,0.39,2024-11-17,827,N,VIIRS,n,2,297.93,5.9,D,0
31.47592,72.40275,336.5,0.45,0.39,2024-11-17,827,N,VIIRS,n,2,299.7,2.89,D,0
31.47634,72.20544,335.68,0.44,0.39,2024-11-17,827,N,VIIRS,n,2,297.75,5.9,D,0
31.47732,72.10078,330.18,0.44,0.38,2024-11-17,827,N,VIIRS,n,2,301.23,4.9,D,0
31.47791,72.1054,332.16,0.44,0.38,2024-11-17,827,N,VIIRS,n,2,300.46,4.9,D,0
31.47824,72.30572,340.5,0.45,0.39,2024-11-17,827,N,VIIRS,n,2,299.53,7.98,D,0
31.47892,74.95285,336.89,0.4,0.44,2024-11-17,827,N,VIIRS,n,2,296.94,3.75,D,0
31.47977,73.83012,337.1,0.52,0.41,2024-11-17,827,N,VIIRS,n,2,300.38,3.37,D,0
31.48113,72.24284,332.44,0.44,0.39,2024-11-17,827,N,VIIRS,n,2,299.35,3.56,D,0
31.48174,72.24753,334.72,0.44,0.39,2024-11-17,827,N,VIIRS,n,2,299.88,3.56,D,0
31.4836,73.82953,331.49,0.52,0.41,2024-11-17,827,N,VIIRS,n,2,298.4,3.37,D,0
31.48489,73.82681,330.28,0.52,0.42,2024-11-17,827,N,VIIRS,n,2,299.33,3.17,D,0
31.48512,72.16106,335.27,0.44,0.38,2024-11-17,827,N,VIIRS,n,2,298.85,3.38,D,0
31.48692,72.17502,332.04,0.44,0.38,2024-11-17,827,N,VIIRS,n,2,297.64,3.3,D,0
31.48769,72.26568,332.74,0.45,0.39,2024-11-17,827,N,VIIRS,n,2,298.92,2.45,D,0
31.49124,72.26506,333.81,0.45,0.39,2024-11-17,827,N,VIIRS,n,2,297.67,2.45,D,0
31.49129,72.29386,334.09,0.45,0.39,2024-11-17,827,N,VIIRS,n,2,297.32,2.79,D,0
31.49245,72.27444,335.94,0.45,0.39,2024-11-17,827,N,VIIRS,n,2,299.43,6.97,D,0
31.49287,72.19305,336.16,0.44,0.39,2024-11-17,827,N,VIIRS,n,2,299.81,3.17,D,0
31.49299,72.25037,340,0.44,0.39,2024-11-17,827,N,VIIRS,n,2,301.62,7.56,D,0
31.4931,72.30799,331.5,0.45,0.39,2024-11-17,827,N,VIIRS,n,2,298.24,1.98,D,0
31.49486,72.29325,335.71,0.45,0.39,2024-11-17,827,N,VIIRS,n,2,297.94,2.79,D,0
31.49537,73.9209,337.9,0.53,0.42,2024-11-17,827,N,VIIRS,n,2,301.31,7.08,D,0
31.49607,72.11389,330.45,0.44,0.38,2024-11-17,827,N,VIIRS,n,2,299.88,2.97,D,0
31.49739,72.11623,332.33,0.44,0.38,2024-11-17,827,N,VIIRS,n,2,299.97,3.52,D,0
31.49763,73.81617,347.04,0.52,0.41,2024-11-17,827,N,VIIRS,n,2,299.93,5.34,D,0
31.49908,73.95435,336.92,0.53,0.42,2024-11-17,827,N,VIIRS,n,2,300.12,8.77,D,0
31.4996,73.81892,331.26,0.52,0.41,2024-11-17,827,N,VIIRS,n,2,295.78,4.61,D,0
31.49962,72.30206,332.75,0.45,0.39,2024-11-17,827,N,VIIRS,n,2,298.47,3.91,D,0
31.50019,72.1179,334.17,0.44,0.38,2024-11-17,827,N,VIIRS,n,2,299.27,3.88,D,0
31.50077,72.28263,342.32,0.45,0.39,2024-11-17,827,N,VIIRS,n,2,299.6,5.37,D,0
31.50093,72.11561,340.84,0.44,0.38,2024-11-17,827,N,VIIRS,n,2,301.71,3.52,D,0
31.50109,72.17257,333.97,0.44,0.38,2024-11-17,827,N,VIIRS,n,2,298.8,4.49,D,0
31.50133,72.1557,333.51,0.44,0.38,2024-11-17,827,N,VIIRS,n,2,299.01,2.99,D,0
31.50171,73.95072,333.45,0.53,0.42,2024-11-17,827,N,VIIRS,n,2,298.99,5.27,D,0
31.50222,72.15334,330.62,0.44,0.38,2024-11-17,827,N,VIIRS,n,2,299.65,2.95,D,0
31.50426,72.25323,337.01,0.44,0.39,2024-11-17,827,N,VIIRS,n,2,298.68,3.3,D,0
31.50604,74.59209,330.68,0.57,0.43,2024-11-17,827,N,VIIRS,n,2,297.91,3.22,D,0
31.5102,72.13991,333.41,0.44,0.38,2024-11-17,827,N,VIIRS,n,2,299.68,4.04,D,0
31.51049,72.38716,345.86,0.45,0.39,2024-11-17,827,N,VIIRS,n,2,297.91,5.17,D,0
31.51133,73.7169,336.32,0.51,0.41,2024-11-17,827,N,VIIRS,n,2,300.63,10.99,D,0
31.51152,72.30965,331.33,0.45,0.39,2024-11-17,827,N,VIIRS,n,2,297.35,2.45,D,0
31.51189,72.21109,335.87,0.44,0.39,2024-11-17,827,N,VIIRS,n,2,299.99,3.14,D,0
31.51364,72.21333,330.8,0.44,0.39,2024-11-17,827,N,VIIRS,n,2,300.26,3.37,D,0
31.51374,72.13929,343.43,0.44,0.38,2024-11-17,827,N,VIIRS,n,2,299.43,4.66,D,0
31.51411,74.70493,339.04,0.38,0.43,2024-11-17,827,N,VIIRS,n,2,298.05,2.56,D,0
31.51448,72.30432,354.95,0.45,0.39,2024-11-17,827,N,VIIRS,n,2,300.55,9.92,D,0
31.51452,73.71086,331.97,0.51,0.41,2024-11-17,827,N,VIIRS,n,2,301.54,10.99,D,0
31.51514,73.71631,339.37,0.51,0.41,2024-11-17,827,N,VIIRS,n,2,302.65,10.99,D,0
31.51787,72.14333,331.94,0.44,0.38,2024-11-17,827,N,VIIRS,n,2,298.95,5.95,D,0
31.51845,72.14799,341.54,0.44,0.38,2024-11-17,827,N,VIIRS,n,2,300.51,5.95,D,0
31.51848,73.91733,344.03,0.53,0.42,2024-11-17,827,N,VIIRS,n,2,300.83,11.6,D,0
31.51896,72.23859,332.76,0.44,0.39,2024-11-17,827,N,VIIRS,n,2,299.35,3.24,D,0
31.51925,72.31314,332.22,0.45,0.39,2024-11-17,827,N,VIIRS,n,2,300.73,3.63,D,0
31.52063,72.31042,341.89,0.45,0.39,2024-11-17,827,N,VIIRS,n,2,301.35,7.61,D,0
31.52067,72.4097,334.01,0.45,0.39,2024-11-17,827,N,VIIRS,n,2,298.02,4.88,D,0
31.5214,72.14272,331.63,0.44,0.38,2024-11-17,827,N,VIIRS,n,2,299.58,2.13,D,0
31.52251,72.23798,336.58,0.44,0.39,2024-11-17,827,N,VIIRS,n,2,300.48,3.24,D,0
31.52594,73.70908,338.17,0.51,0.41,2024-11-17,827,N,VIIRS,n,2,298.25,4.47,D,0
31.52882,72.3308,330.51,0.45,0.39,2024-11-17,827,N,VIIRS,n,2,299.2,2.02,D,0
31.52905,72.418,332.8,0.45,0.39,2024-11-17,827,N,VIIRS,n,2,299.64,2.64,D,0
31.52919,73.47369,332.32,0.5,0.41,2024-11-17,827,N,VIIRS,n,2,300.5,7.57,D,0
31.532,72.22676,334.82,0.44,0.39,2024-11-17,827,N,VIIRS,n,2,300.5,4.45,D,0
31.53479,73.75206,340.68,0.52,0.41,2024-11-17,827,N,VIIRS,n,2,301.48,9.05,D,0
31.53607,72.31742,336.46,0.45,0.39,2024-11-17,827,N,VIIRS,n,2,298.28,2.52,D,0
31.53663,72.35116,332.78,0.45,0.39,2024-11-17,827,N,VIIRS,n,2,298.35,5.26,D,0
31.53721,72.35589,334.03,0.45,0.39,2024-11-17,827,N,VIIRS,n,2,296.82,5.26,D,0
31.54086,72.26841,352.89,0.45,0.39,2024-11-17,827,N,VIIRS,n,2,302.32,5.88,D,0
31.54179,73.74541,333.57,0.52,0.41,2024-11-17,827,N,VIIRS,n,2,299.75,4.74,D,0
31.54243,73.75087,344.27,0.52,0.41,2024-11-17,827,N,VIIRS,n,2,299.2,10.37,D,0
31.54557,72.33511,332.81,0.45,0.39,2024-11-17,827,N,VIIRS,n,2,298.4,4.57,D,0
31.5462,72.16697,332.13,0.44,0.39,2024-11-17,827,N,VIIRS,n,2,301.19,2.49,D,0
31.54997,73.88419,329.45,0.52,0.42,2024-11-17,827,N,VIIRS,n,2,298.49,1.65,D,0
31.55032,72.34396,332.11,0.45,0.39,2024-11-17,827,N,VIIRS,n,2,297.59,6.9,D,0
31.5527,72.16108,335.32,0.44,0.38,2024-11-17,827,N,VIIRS,n,2,300.19,7.82,D,0
31.55272,72.30491,348.51,0.45,0.39,2024-11-17,827,N,VIIRS,n,2,301.4,10.96,D,0
31.55328,72.36768,332.65,0.45,0.39,2024-11-17,827,N,VIIRS,n,2,298.09,11.34,D,0
31.55387,72.37242,348.98,0.45,0.39,2024-11-17,827,N,VIIRS,n,2,303.11,11.34,D,0
31.55389,72.1704,332.12,0.44,0.39,2024-11-17,827,N,VIIRS,n,2,300.98,5.16,D,0
31.55446,72.37718,341.42,0.45,0.39,2024-11-17,827,N,VIIRS,n,2,296.54,5.21,D,0
31.55448,72.17506,332.99,0.44,0.39,2024-11-17,827,N,VIIRS,n,2,302.4,4.01,D,0
31.55448,73.85532,333.04,0.52,0.42,2024-11-17,827,N,VIIRS,n,2,299.9,3.17,D,0
31.55622,72.42065,345.67,0.45,0.39,2024-11-17,827,N,VIIRS,n,2,299.59,6.95,D,0
31.55624,72.16046,346.13,0.44,0.38,2024-11-17,827,N,VIIRS,n,2,302.57,7.82,D,0
31.55643,73.77097,344.41,0.52,0.41,2024-11-17,827,N,VIIRS,n,2,302.37,5.44,D,0
31.55683,72.3962,339.59,0.45,0.39,2024-11-17,827,N,VIIRS,n,2,297.95,6.82,D,0
31.55685,72.36707,340.08,0.45,0.39,2024-11-17,827,N,VIIRS,n,2,302.03,13.68,D,0
31.55803,72.17445,338,0.44,0.39,2024-11-17,827,N,VIIRS,n,2,300.28,4.01,D,0
31.55924,72.35697,333.49,0.45,0.39,2024-11-17,827,N,VIIRS,n,2,299.55,5.3,D,0
31.55984,72.24593,338.06,0.45,0.39,2024-11-17,827,N,VIIRS,n,2,300.35,2.68,D,0
31.55985,72.33266,340.26,0.45,0.39,2024-11-17,827,N,VIIRS,n,2,298.05,2.76,D,0
31.56025,73.77036,335.48,0.52,0.41,2024-11-17,827,N,VIIRS,n,2,301.46,5.44,D,0
31.56041,72.39559,334.73,0.45,0.39,2024-11-17,827,N,VIIRS,n,2,297.3,3.31,D,0
31.56098,72.16917,334.46,0.44,0.39,2024-11-17,827,N,VIIRS,n,2,300.11,2.37,D,0
31.56104,72.34212,339.13,0.45,0.39,2024-11-17,827,N,VIIRS,n,2,299.6,5.26,D,0
31.5652,72.34626,342.37,0.45,0.39,2024-11-17,827,N,VIIRS,n,2,301.6,9.03,D,0
31.56562,72.55637,335.39,0.46,0.39,2024-11-17,827,N,VIIRS,n,2,301.12,6.47,D,0
31.5658,72.351,331.9,0.45,0.39,2024-11-17,827,N,VIIRS,n,2,299.27,9.03,D,0
31.56698,72.38961,331.97,0.45,0.39,2024-11-17,827,N,VIIRS,n,2,297.09,4.54,D,0
31.56755,72.2494,333.15,0.45,0.39,2024-11-17,827,N,VIIRS,n,2,300.89,2.47,D,0
31.56811,72.48709,338.18,0.45,0.39,2024-11-17,827,N,VIIRS,n,2,299.65,5.99,D,0
31.57055,72.38899,341.91,0.45,0.39,2024-11-17,827,N,VIIRS,n,2,297.1,4.54,D,0
31.57167,72.51595,334.53,0.46,0.39,2024-11-17,827,N,VIIRS,n,2,299.7,3.03,D,0
31.57293,72.43732,330.02,0.45,0.39,2024-11-17,827,N,VIIRS,n,2,300,6.19,D,0
31.57473,72.39315,339.8,0.45,0.39,2024-11-17,827,N,VIIRS,n,2,298.7,5.76,D,0
31.57711,72.3539,337.88,0.45,0.39,2024-11-17,827,N,VIIRS,n,2,300.32,3.6,D,0
31.5777,72.3296,331.35,0.45,0.39,2024-11-17,827,N,VIIRS,n,2,299.9,5.35,D,0
31.57771,72.35865,333.04,0.45,0.39,2024-11-17,827,N,VIIRS,n,2,298.37,3.6,D,0
31.57829,72.33434,332.93,0.45,0.39,2024-11-17,827,N,VIIRS,n,2,301.68,11.8,D,0
31.57934,74.14339,332.46,0.54,0.42,2024-11-17,827,N,VIIRS,n,2,298.79,3.22,D,0
31.57935,72.19943,336.04,0.44,0.39,2024-11-17,827,N,VIIRS,n,2,300.79,2.88,D,0
31.57947,72.3148,335.34,0.45,0.39,2024-11-17,827,N,VIIRS,n,2,300.27,3.81,D,0
31.57948,72.49006,331.71,0.45,0.39,2024-11-17,827,N,VIIRS,n,2,298.15,2.77,D,0
31.5795,72.43132,339.07,0.45,0.39,2024-11-17,827,N,VIIRS,n,2,298.75,2.73,D,0
31.58067,72.32425,340.18,0.45,0.39,2024-11-17,827,N,VIIRS,n,2,300.77,3.52,D,0
31.58068,72.3533,331.17,0.45,0.39,2024-11-17,827,N,VIIRS,n,2,299.73,3.6,D,0
31.58368,72.43548,334.15,0.45,0.39,2024-11-17,827,N,VIIRS,n,2,298.36,2.73,D,0
31.58424,72.32365,337.57,0.45,0.39,2024-11-17,827,N,VIIRS,n,2,299.55,3.52,D,0
31.58428,72.44027,331.61,0.45,0.39,2024-11-17,827,N,VIIRS,n,2,298.32,3.67,D,0
31.58488,72.44506,340.07,0.45,0.39,2024-11-17,827,N,VIIRS,n,2,297.64,3.67,D,0
31.58545,72.36218,347.1,0.45,0.39,2024-11-17,827,N,VIIRS,n,2,304.31,10.66,D,0
31.58666,72.51832,332.7,0.46,0.39,2024-11-17,827,N,VIIRS,n,2,298.64,2.06,D,0
31.58667,72.4301,336.89,0.45,0.39,2024-11-17,827,N,VIIRS,n,2,298.79,5.56,D,0
31.58787,72.43965,334.25,0.45,0.39,2024-11-17,827,N,VIIRS,n,2,298.29,8.24,D,0
31.58903,72.36157,334.3,0.45,0.39,2024-11-17,827,N,VIIRS,n,2,300.78,10.66,D,0
31.59205,72.41454,335.94,0.45,0.39,2024-11-17,827,N,VIIRS,n,2,298.39,3.09,D,0
31.59505,72.43844,335.47,0.45,0.39,2024-11-17,827,N,VIIRS,n,2,298.64,3.16,D,0
31.59565,72.44323,332.89,0.45,0.39,2024-11-17,827,N,VIIRS,n,2,298.13,3.16,D,0
31.59566,72.50204,336.98,0.46,0.39,2024-11-17,827,N,VIIRS,n,2,299.27,2.55,D,0
31.59596,72.21572,347.12,0.44,0.39,2024-11-17,827,N,VIIRS,n,2,300.9,7.94,D,0
31.59675,72.33601,338.5,0.45,0.39,2024-11-17,827,N,VIIRS,n,2,301.8,2.76,D,0
31.59918,72.38411,333.96,0.45,0.39,2024-11-17,827,N,VIIRS,n,2,300.7,5.57,D,0
31.59945,72.1864,334.09,0.44,0.39,2024-11-17,827,N,VIIRS,n,2,299.87,2.82,D,0
31.60004,72.19108,332.54,0.44,0.39,2024-11-17,827,N,VIIRS,n,2,299.79,2.82,D,0
31.60125,72.20044,334.52,0.44,0.39,2024-11-17,827,N,VIIRS,n,2,302.48,6.9,D,0
31.60277,72.38351,330.18,0.45,0.39,2024-11-17,827,N,VIIRS,l,2,300.68,2.14,D,0
31.60299,72.18578,332.37,0.44,0.39,2024-11-17,827,N,VIIRS,n,2,299.39,2.82,D,0
31.6036,72.19047,336.93,0.44,0.39,2024-11-17,827,N,VIIRS,n,2,300.95,2.82,D,0
31.604,72.42226,339.46,0.45,0.39,2024-11-17,827,N,VIIRS,n,2,298.46,2.99,D,0
31.60407,72.54,340.96,0.46,0.39,2024-11-17,827,N,VIIRS,n,2,298.32,4.19,D,0
31.60505,72.31524,336.76,0.45,0.39,2024-11-17,827,N,VIIRS,n,2,303.94,7.4,D,0
31.60643,72.47076,334.89,0.45,0.39,2024-11-17,827,N,VIIRS,n,2,300.58,2.75,D,0
31.60646,72.15654,339.74,0.44,0.39,2024-11-17,827,N,VIIRS,n,2,302.27,6.29,D,0
31.60684,73.38366,329.5,0.5,0.41,2024-11-17,827,N,VIIRS,n,2,300.54,2.3,D,0
31.60764,72.48038,343.22,0.45,0.39,2024-11-17,827,N,VIIRS,n,2,300.48,8.29,D,0
31.60875,72.40195,334.96,0.45,0.39,2024-11-17,827,N,VIIRS,n,2,298.99,3.07,D,0
31.60932,72.15778,338.29,0.44,0.39,2024-11-17,827,N,VIIRS,n,2,299.62,3.28,D,0
31.61108,72.36264,330.04,0.45,0.39,2024-11-17,827,N,VIIRS,l,2,300.23,2.29,D,0
31.6113,72.19392,352.02,0.44,0.39,2024-11-17,827,N,VIIRS,n,2,299.89,7.35,D,0
31.61177,72.42583,340.66,0.45,0.39,2024-11-17,827,N,VIIRS,n,2,302.73,6.56,D,0
31.61225,72.18118,332.65,0.44,0.39,2024-11-17,827,N,VIIRS,n,2,302.05,1.96,D,0
31.61342,72.19055,332.38,0.44,0.39,2024-11-17,827,N,VIIRS,n,2,297.8,3.93,D,0
31.61401,72.19524,347.54,0.44,0.39,2024-11-17,827,N,VIIRS,n,2,299.16,6.83,D,0
31.61425,72.50381,348.77,0.46,0.39,2024-11-17,827,N,VIIRS,n,2,302.86,7.18,D,0
31.61485,72.19331,341.68,0.44,0.39,2024-11-17,827,N,VIIRS,n,2,298.2,4.42,D,0
31.61592,72.40073,336.5,0.45,0.39,2024-11-17,827,N,VIIRS,n,2,299.24,6.61,D,0
31.61615,72.23145,347.02,0.44,0.39,2024-11-17,827,N,VIIRS,n,2,302.53,11.36,D,0
31.61641,72.15656,331.83,0.44,0.39,2024-11-17,827,N,VIIRS,n,2,300.14,4.32,D,0
31.61785,72.50321,344,0.46,0.39,2024-11-17,827,N,VIIRS,n,2,301.25,9.43,D,0
31.61817,72.17059,344.62,0.44,0.39,2024-11-17,827,N,VIIRS,n,2,303.84,10.86,D,0
31.61834,72.41982,338.38,0.45,0.39,2024-11-17,827,N,VIIRS,n,2,303.43,7.07,D,0
31.61876,72.17526,332.7,0.44,0.39,2024-11-17,827,N,VIIRS,n,2,299.83,5.22,D,0
31.6189,72.39535,331.9,0.45,0.39,2024-11-17,827,N,VIIRS,n,2,298.9,4.91,D,0
31.61894,72.4246,346.4,0.45,0.39,2024-11-17,827,N,VIIRS,n,2,300.18,11.14,D,0
31.61993,72.18463,332.73,0.44,0.39,2024-11-17,827,N,VIIRS,n,2,299.68,2.81,D,0
31.62094,72.70621,337.33,0.46,0.39,2024-11-17,827,N,VIIRS,n,2,299.34,2.96,D,0
31.62296,72.34122,340.02,0.45,0.39,2024-11-17,827,N,VIIRS,n,2,301.31,5.37,D,0
31.62348,72.18401,330.96,0.44,0.39,2024-11-17,827,N,VIIRS,n,2,298.58,2.81,D,0
31.62387,72.52187,337.27,0.46,0.39,2024-11-17,827,N,VIIRS,n,2,299.8,7.68,D,0
31.62468,72.16467,343.11,0.44,0.39,2024-11-17,827,N,VIIRS,n,2,300.14,4.64,D,0
31.62629,72.54118,346.83,0.46,0.39,2024-11-17,827,N,VIIRS,n,2,300.8,7.81,D,0
31.62743,72.49174,347.08,0.46,0.39,2024-11-17,827,N,VIIRS,n,2,302.37,8.31,D,0
31.62799,72.46711,333.59,0.45,0.39,2024-11-17,827,N,VIIRS,n,2,299.11,2.04,D,0
31.62929,72.53576,332.49,0.46,0.39,2024-11-17,827,N,VIIRS,n,2,299.86,2.96,D,0
31.62986,72.51101,332.53,0.46,0.39,2024-11-17,827,N,VIIRS,n,2,298.65,2.47,D,0
31.63103,72.49114,346.85,0.46,0.39,2024-11-17,827,N,VIIRS,n,2,302.58,11.63,D,0
31.63125,73.5583,334.84,0.51,0.41,2024-11-17,827,N,VIIRS,n,2,301.89,2.14,D,0
31.63452,72.36057,335.29,0.45,0.39,2024-11-17,827,N,VIIRS,n,2,300.83,2.03,D,0
31.63468,72.24448,333.27,0.45,0.39,2024-11-17,827,N,VIIRS,n,2,300.13,2.66,D,0
31.63645,72.25863,331.27,0.45,0.39,2024-11-17,827,N,VIIRS,n,2,299.3,4.26,D,0
31.64046,72.42094,337.04,0.45,0.39,2024-11-17,827,N,VIIRS,n,2,302.08,4.72,D,0
31.64102,74.66586,333.43,0.38,0.43,2024-11-17,827,N,VIIRS,n,2,297.01,5.91,D,0
31.64146,74.66991,340.25,0.38,0.43,2024-11-17,827,N,VIIRS,n,2,297.74,5.91,D,0
31.64157,72.41785,332.41,0.45,0.39,2024-11-17,827,N,VIIRS,n,2,301.4,3.04,D,0
31.64182,72.18563,337.3,0.44,0.39,2024-11-17,827,N,VIIRS,n,2,302.24,5.33,D,0
31.64182,72.48931,331.09,0.46,0.39,2024-11-17,827,N,VIIRS,n,2,299.94,2.11,D,0
31.64216,72.42263,340.14,0.45,0.39,2024-11-17,827,N,VIIRS,n,2,302.16,6.42,D,0
31.64301,72.16628,333.78,0.44,0.39,2024-11-17,827,N,VIIRS,n,2,300.28,6.74,D,0
31.64393,72.43701,332.22,0.45,0.39,2024-11-17,827,N,VIIRS,n,2,300.58,2.06,D,0
31.64404,72.42033,341.63,0.45,0.39,2024-11-17,827,N,VIIRS,n,2,302.98,4.52,D,0
31.64437,72.56779,332.73,0.46,0.39,2024-11-17,827,N,VIIRS,n,2,298.92,1.97,D,0
31.64579,72.4054,332.43,0.45,0.39,2024-11-17,827,N,VIIRS,n,2,300.74,2.39,D,0
31.64596,72.21849,335.79,0.44,0.39,2024-11-17,827,N,VIIRS,n,2,300.24,3.27,D,0
31.64649,72.43947,333.75,0.45,0.39,2024-11-17,827,N,VIIRS,n,2,300.62,1.9,D,0
31.6484,72.48328,346.3,0.46,0.39,2024-11-17,827,N,VIIRS,n,2,305.12,11.68,D,0
31.64901,72.48809,332.33,0.46,0.39,2024-11-17,827,N,VIIRS,n,2,299.52,5.88,D,0
31.64982,72.48508,349.26,0.46,0.39,2024-11-17,827,N,VIIRS,n,2,306.79,23.15,D,0
31.65106,72.46521,338.22,0.45,0.39,2024-11-17,827,N,VIIRS,n,2,303.43,11.38,D,0
31.65164,72.47002,333.4,0.45,0.39,2024-11-17,827,N,VIIRS,n,2,300.07,2.11,D,0
31.65199,72.48267,333.99,0.46,0.39,2024-11-17,827,N,VIIRS,n,2,300.69,3.98,D,0
31.65314,72.46284,331.77,0.45,0.39,2024-11-17,827,N,VIIRS,n,2,300.7,5.41,D,0
31.65367,72.19316,333.98,0.44,0.39,2024-11-17,827,N,VIIRS,n,2,299.66,1.93,D,0
31.65375,72.46764,353.28,0.45,0.39,2024-11-17,827,N,VIIRS,n,2,301.81,10.65,D,0
31.65411,72.43038,333.66,0.45,0.39,2024-11-17,827,N,VIIRS,n,2,300.19,1.31,D,0
31.65947,72.44416,337.18,0.45,0.39,2024-11-17,827,N,VIIRS,n,2,301.04,3.69,D,0
31.66217,73.13976,333.43,0.49,0.4,2024-11-17,827,N,VIIRS,n,2,298.86,2.51,D,0
31.66306,72.44355,339.89,0.45,0.39,2024-11-17,827,N,VIIRS,n,2,301.2,3.69,D,0
31.66877,74.58459,333.34,0.57,0.43,2024-11-17,827,N,VIIRS,n,2,296.94,4.71,D,0
31.67086,73.44153,331.31,0.5,0.41,2024-11-17,827,N,VIIRS,n,2,301.59,1.76,D,0
31.67148,72.27671,333.46,0.45,0.39,2024-11-17,827,N,VIIRS,n,2,301.61,2.88,D,0
31.6728,74.62098,335.66,0.57,0.43,2024-11-17,827,N,VIIRS,n,2,296.35,4.57,D,0
31.67381,72.20888,332.08,0.44,0.39,2024-11-17,827,N,VIIRS,n,2,299.88,2.4,D,0
31.67427,73.62834,329.22,0.51,0.41,2024-11-17,827,N,VIIRS,n,2,300.57,2.24,D,0
31.67726,72.58919,337.95,0.46,0.39,2024-11-17,827,N,VIIRS,n,2,301.35,3.15,D,0
31.67737,72.20826,335.78,0.44,0.39,2024-11-17,827,N,VIIRS,n,2,300.3,2.4,D,0
31.68123,74.69732,338.12,0.39,0.44,2024-11-17,827,N,VIIRS,n,2,297.23,2.57,D,0
31.68189,73.53758,333.77,0.51,0.41,2024-11-17,827,N,VIIRS,n,2,298.99,3.65,D,0
31.68268,72.19293,333.62,0.44,0.39,2024-11-17,827,N,VIIRS,n,2,299.82,2.84,D,0
31.68275,72.25065,333.13,0.45,0.39,2024-11-17,827,N,VIIRS,n,2,299.75,5.69,D,0
31.68526,74.69674,330.34,0.39,0.44,2024-11-17,827,N,VIIRS,n,2,295.78,2.79,D,0
31.68699,72.45908,332.21,0.45,0.39,2024-11-17,827,N,VIIRS,n,2,300.88,4.67,D,0
31.69147,73.48701,331.27,0.5,0.41,2024-11-17,827,N,VIIRS,n,2,298.03,3.45,D,0
31.69482,74.59926,336.38,0.57,0.43,2024-11-17,827,N,VIIRS,n,2,296.85,2.82,D,0
31.69592,74.59743,328.79,0.57,0.43,2024-11-17,827,N,VIIRS,n,2,296.93,5.09,D,0
31.69598,73.42673,333.8,0.5,0.41,2024-11-17,827,N,VIIRS,n,2,302.05,8.83,D,0
31.70137,72.48616,335.06,0.46,0.39,2024-11-17,827,N,VIIRS,n,2,302.6,3.23,D,0
31.70197,72.49098,334.06,0.46,0.39,2024-11-17,827,N,VIIRS,n,2,302.11,2.74,D,0
31.70461,72.19395,341.23,0.44,0.39,2024-11-17,827,N,VIIRS,n,2,300.97,3.74,D,0
31.7048,74.52854,331.15,0.57,0.43,2024-11-17,827,N,VIIRS,n,2,297.53,2.95,D,0
31.70611,72.67414,338.42,0.46,0.39,2024-11-17,827,N,VIIRS,n,2,303.04,5.04,D,0
31.70671,72.67905,344.57,0.46,0.39,2024-11-17,827,N,VIIRS,n,2,299.35,5.76,D,0
31.70816,72.19334,331.19,0.44,0.39,2024-11-17,827,N,VIIRS,n,2,300.09,3.02,D,0
31.71034,72.67844,338.86,0.46,0.39,2024-11-17,827,N,VIIRS,n,2,299.76,3.72,D,0
31.71271,72.72831,346.18,0.47,0.39,2024-11-17,827,N,VIIRS,n,2,298.44,5.24,D,0
31.7134,72.58308,332.29,0.46,0.39,2024-11-17,827,N,VIIRS,n,2,301.25,2.41,D,0
31.71457,72.68275,333.22,0.46,0.39,2024-11-17,827,N,VIIRS,n,2,300.75,3.72,D,0
31.71936,72.75243,330.9,0.47,0.4,2024-11-17,827,N,VIIRS,n,2,298.4,4.19,D,0
31.71977,72.34112,335.46,0.45,0.39,2024-11-17,827,N,VIIRS,n,2,298.81,3.27,D,0
31.72342,73.17708,331.52,0.49,0.4,2024-11-17,827,N,VIIRS,n,2,299.9,4.47,D,0
31.72602,72.53629,342.38,0.46,0.39,2024-11-17,827,N,VIIRS,n,2,301.52,5.45,D,0
31.72727,72.69567,339.37,0.47,0.39,2024-11-17,827,N,VIIRS,n,2,303.61,11.53,D,0
31.73538,74.54859,332.91,0.57,0.43,2024-11-17,827,N,VIIRS,n,2,296.45,6.63,D,0
31.7372,73.25947,333.15,0.49,0.4,2024-11-17,827,N,VIIRS,n,2,299.92,2.5,D,0
31.73739,74.5299,329.7,0.57,0.43,2024-11-17,827,N,VIIRS,n,2,295.48,7.53,D,0
31.73871,74.54197,335.47,0.57,0.43,2024-11-17,827,N,VIIRS,n,2,296.36,6.63,D,0
31.74043,72.29056,332.46,0.45,0.39,2024-11-17,827,N,VIIRS,n,2,300.05,4.74,D,0
31.74045,72.53386,330.09,0.46,0.39,2024-11-17,827,N,VIIRS,n,2,302.39,3.17,D,0
31.74102,72.2953,334.95,0.45,0.39,2024-11-17,827,N,VIIRS,n,2,301.34,4.74,D,0
31.74105,72.53871,336.98,0.46,0.39,2024-11-17,827,N,VIIRS,n,2,301.66,3.17,D,0
31.74459,72.29469,345.96,0.45,0.39,2024-11-17,827,N,VIIRS,n,2,300.18,4.74,D,0
31.7448,72.33684,330.98,0.45,0.39,2024-11-17,827,N,VIIRS,n,2,298.67,1.76,D,0
31.74849,72.71729,336.02,0.47,0.39,2024-11-17,827,N,VIIRS,n,2,299.94,5.84,D,0
31.74927,72.362,334.49,0.45,0.39,2024-11-17,827,N,VIIRS,n,2,299.41,1.97,D,0
31.74968,72.69695,340.79,0.47,0.39,2024-11-17,827,N,VIIRS,n,2,302.4,12.68,D,0
31.75058,73.46678,345.14,0.5,0.41,2024-11-17,827,N,VIIRS,n,2,303.74,12.57,D,0
31.75168,73.34787,342.48,0.5,0.41,2024-11-17,827,N,VIIRS,n,2,299.94,6.14,D,0
31.75187,73.34542,337.66,0.5,0.41,2024-11-17,827,N,VIIRS,n,2,299.23,6.25,D,0
31.75495,73.43896,331.95,0.5,0.41,2024-11-17,827,N,VIIRS,n,2,299.08,5.35,D,0
31.75558,73.44428,332.54,0.5,0.41,2024-11-17,827,N,VIIRS,n,2,300.76,5.35,D,0
31.75753,73.49288,336.41,0.5,0.41,2024-11-17,827,N,VIIRS,n,2,301.54,4.93,D,0
31.75799,72.5855,339.44,0.46,0.39,2024-11-17,827,N,VIIRS,n,2,300.81,4.37,D,0
31.75872,73.43837,332.25,0.5,0.41,2024-11-17,827,N,VIIRS,n,2,298.99,5.35,D,0
31.75918,73.34668,339.91,0.5,0.41,2024-11-17,827,N,VIIRS,n,2,300.24,7.51,D,0
31.75998,73.34948,333.24,0.5,0.41,2024-11-17,827,N,VIIRS,n,2,299.85,9.27,D,0
31.76234,72.64968,335.68,0.46,0.39,2024-11-17,827,N,VIIRS,n,2,301.94,4.87,D,0
31.76682,72.86649,330.62,0.47,0.4,2024-11-17,827,N,VIIRS,l,2,300.68,1.58,D,0
31.76719,72.65888,332.39,0.46,0.39,2024-11-17,827,N,VIIRS,n,2,300.07,4.41,D,0
31.77322,72.64785,333.62,0.46,0.39,2024-11-17,827,N,VIIRS,n,2,300.92,4.46,D,0
31.77608,72.58247,335.41,0.46,0.39,2024-11-17,827,N,VIIRS,n,2,300.81,3.9,D,0
31.77647,72.58417,338.32,0.46,0.39,2024-11-17,827,N,VIIRS,n,2,301.46,3.7,D,0
31.77662,72.91613,335.61,0.48,0.4,2024-11-17,827,N,VIIRS,n,2,299.31,4.35,D,0
31.77696,73.29854,338.51,0.49,0.41,2024-11-17,827,N,VIIRS,n,2,301.34,4.37,D,0
31.77724,72.92117,341.69,0.48,0.4,2024-11-17,827,N,VIIRS,n,2,300.74,6.93,D,0
31.78077,74.58403,329.65,0.57,0.43,2024-11-17,827,N,VIIRS,n,2,297.1,4.12,D,0
31.78091,72.92057,350.19,0.48,0.4,2024-11-17,827,N,VIIRS,n,2,300.27,6.93,D,0
31.78154,73.11256,333.4,0.49,0.4,2024-11-17,827,N,VIIRS,n,2,300.79,3.03,D,0
31.79279,72.27186,334.24,0.45,0.39,2024-11-17,827,N,VIIRS,n,2,301.81,3.62,D,0
31.79636,72.27124,331.72,0.45,0.39,2024-11-17,827,N,VIIRS,n,2,301.9,2.79,D,0
31.80753,73.26693,330.49,0.49,0.41,2024-11-17,827,N,VIIRS,n,2,298.43,2.41,D,0
31.80815,73.27216,338.55,0.49,0.41,2024-11-17,827,N,VIIRS,n,2,298.92,8.97,D,0
31.80938,73.15535,334.31,0.49,0.4,2024-11-17,827,N,VIIRS,n,2,300.1,4.54,D,0
31.80982,73.48223,333.05,0.5,0.41,2024-11-17,827,N,VIIRS,n,2,301.04,4.02,D,0
31.81244,72.28303,332.29,0.45,0.39,2024-11-17,827,N,VIIRS,n,2,303.62,3.31,D,0
31.8131,73.15475,336.42,0.49,0.4,2024-11-17,827,N,VIIRS,n,2,299.99,4.4,D,0
31.8149,72.33125,331.54,0.45,0.39,2024-11-17,827,N,VIIRS,n,2,301.7,2.46,D,0
31.81551,72.33603,331.03,0.45,0.39,2024-11-17,827,N,VIIRS,n,2,300.51,2.95,D,0
31.81708,73.64618,347.12,0.51,0.41,2024-11-17,827,N,VIIRS,n,2,302.53,5.61,D,0
31.81738,73.48103,340.99,0.5,0.41,2024-11-17,827,N,VIIRS,n,2,299.05,3.44,D,0
31.81749,73.28668,333.91,0.49,0.41,2024-11-17,827,N,VIIRS,n,2,302.47,12.09,D,0
31.81873,73.23317,344.55,0.49,0.4,2024-11-17,827,N,VIIRS,n,2,301.77,8.26,D,0
31.82311,73.30181,340.94,0.5,0.41,2024-11-17,827,N,VIIRS,n,2,300.47,5.23,D,0
31.82393,72.37368,334.42,0.45,0.39,2024-11-17,827,N,VIIRS,n,2,300.09,2.33,D,0
31.82494,73.47984,336.79,0.5,0.41,2024-11-17,827,N,VIIRS,n,2,301.51,5.15,D,0
31.82685,73.3012,338.93,0.5,0.41,2024-11-17,827,N,VIIRS,n,2,298.19,5.23,D,0
31.82874,73.34922,331.88,0.5,0.41,2024-11-17,827,N,VIIRS,n,2,298.89,2.58,D,0
31.82989,73.19958,331.71,0.49,0.4,2024-11-17,827,N,VIIRS,n,2,301.38,2.83,D,0
31.8306,73.3006,346.9,0.5,0.41,2024-11-17,827,N,VIIRS,n,2,301.44,12.12,D,0
31.83313,73.45129,329.41,0.5,0.41,2024-11-17,827,N,VIIRS,l,2,302.19,1.74,D,0
31.83361,73.19897,339.29,0.49,0.4,2024-11-17,827,N,VIIRS,n,2,308.22,23.81,D,0
31.83739,73.23019,331.7,0.49,0.4,2024-11-17,827,N,VIIRS,n,2,300.02,7.2,D,0
31.83742,73.26213,335.67,0.49,0.41,2024-11-17,827,N,VIIRS,n,2,299.56,7.28,D,0
31.83746,73.29415,334.12,0.49,0.41,2024-11-17,827,N,VIIRS,n,2,298.5,3.81,D,0
31.83871,73.30465,330.39,0.5,0.41,2024-11-17,827,N,VIIRS,n,2,299.87,5.52,D,0
31.84171,72.31204,337.87,0.45,0.39,2024-11-17,827,N,VIIRS,n,2,299.98,3.62,D,0
31.84238,73.24004,339.65,0.49,0.4,2024-11-17,827,N,VIIRS,n,2,303.32,8.18,D,0
31.84256,73.49888,335.23,0.51,0.41,2024-11-17,827,N,VIIRS,n,2,302.3,2.3,D,0
31.8429,73.18159,332.36,0.49,0.4,2024-11-17,827,N,VIIRS,n,2,299.54,2.53,D,0
31.84307,72.30889,333.18,0.45,0.39,2024-11-17,827,N,VIIRS,n,2,302.61,3.14,D,0
31.84338,73.1786,331.66,0.49,0.4,2024-11-17,827,N,VIIRS,n,2,300.71,2.03,D,0
31.84445,73.51501,342.14,0.51,0.41,2024-11-17,827,N,VIIRS,n,2,304.35,6.97,D,0
31.84948,73.45958,337.47,0.5,0.41,2024-11-17,827,N,VIIRS,n,2,300.92,7.18,D,0
31.84995,73.30284,336.95,0.5,0.41,2024-11-17,827,N,VIIRS,n,2,299.27,7.72,D,0
31.85113,73.27839,330.71,0.49,0.41,2024-11-17,827,N,VIIRS,n,2,299.53,4.08,D,0
31.85202,72.29274,330.43,0.45,0.39,2024-11-17,827,N,VIIRS,l,2,301.04,3.85,D,0
31.85224,73.19597,338.19,0.49,0.4,2024-11-17,827,N,VIIRS,n,2,300.72,3.49,D,0
31.85325,73.1982,335.77,0.49,0.4,2024-11-17,827,N,VIIRS,n,2,300.68,4.19,D,0
31.85355,73.29941,335.5,0.5,0.41,2024-11-17,827,N,VIIRS,n,2,300.57,5.52,D,0
31.85369,73.30224,340.56,0.5,0.41,2024-11-17,827,N,VIIRS,n,2,299.88,4.3,D,0
31.85415,73.30466,330.13,0.5,0.41,2024-11-17,827,N,VIIRS,n,2,298.49,5.52,D,0
31.85433,73.3075,332.61,0.5,0.41,2024-11-17,827,N,VIIRS,n,2,298.55,5.5,D,0
31.8551,73.40981,334.8,0.5,0.41,2024-11-17,827,N,VIIRS,n,2,300.83,3.19,D,0
31.85744,73.30164,334.56,0.5,0.41,2024-11-17,827,N,VIIRS,n,2,299.95,4.3,D,0
31.85801,73.27483,336.85,0.49,0.41,2024-11-17,827,N,VIIRS,n,2,300.08,5.17,D,0
31.85861,73.27718,331.79,0.49,0.41,2024-11-17,827,N,VIIRS,n,2,299.51,2.38,D,0
31.861,73.03909,345.86,0.48,0.4,2024-11-17,827,N,VIIRS,n,2,299.57,4.35,D,0
31.86357,73.28709,331.9,0.5,0.41,2024-11-17,827,N,VIIRS,n,2,299.66,3.87,D,0
31.86366,73.28996,336.05,0.49,0.41,2024-11-17,827,N,VIIRS,n,2,301.15,7.11,D,0
31.86418,73.29234,332.17,0.5,0.41,2024-11-17,827,N,VIIRS,n,2,298.65,3.87,D,0
31.86792,73.29175,334.72,0.5,0.41,2024-11-17,827,N,VIIRS,n,2,301.68,7.01,D,0
31.8687,73.23289,340.62,0.49,0.4,2024-11-17,827,N,VIIRS,n,2,303.69,5.59,D,0
31.86931,73.23812,352.84,0.49,0.4,2024-11-17,827,N,VIIRS,n,2,302.4,5.59,D,0
31.87029,74.58328,334.72,0.57,0.43,2024-11-17,827,N,VIIRS,n,2,295.18,3.33,D,0
31.87182,73.22706,343.22,0.49,0.4,2024-11-17,827,N,VIIRS,n,2,305.35,7.56,D,0
31.87243,73.23228,347.5,0.49,0.4,2024-11-17,827,N,VIIRS,n,2,301.87,5.59,D,0
31.87271,73.04239,332.15,0.48,0.4,2024-11-17,827,N,VIIRS,n,2,300.72,13.31,D,0
31.87304,73.23752,333.17,0.49,0.4,2024-11-17,827,N,VIIRS,n,2,300.57,5.59,D,0
31.87334,73.0162,330.87,0.48,0.4,2024-11-17,827,N,VIIRS,l,2,301.56,3.69,D,0
31.87419,73.28004,332.9,0.49,0.41,2024-11-17,827,N,VIIRS,n,2,300.7,6.32,D,0
31.87541,73.29056,341.29,0.5,0.41,2024-11-17,827,N,VIIRS,n,2,303.94,9.04,D,0
31.87555,73.22646,338.04,0.49,0.4,2024-11-17,827,N,VIIRS,n,2,311.76,36.63,D,0
31.87576,73.39286,331.46,0.5,0.41,2024-11-17,827,N,VIIRS,n,2,299.18,2.78,D,0
31.87581,73.00537,349.07,0.48,0.4,2024-11-17,827,N,VIIRS,n,2,302.54,12.45,D,0
31.87602,73.29581,343.27,0.5,0.41,2024-11-17,827,N,VIIRS,n,2,300.71,9.36,D,0
31.87617,73.23168,331.67,0.49,0.4,2024-11-17,827,N,VIIRS,n,2,299.79,12.98,D,0
31.87642,73.39558,329.9,0.5,0.41,2024-11-17,827,N,VIIRS,n,2,299.14,3.37,D,0
31.87745,73.2102,333.66,0.49,0.4,2024-11-17,827,N,VIIRS,n,2,300.7,3.03,D,0
31.87855,73.2847,343.85,0.5,0.41,2024-11-17,827,N,VIIRS,n,2,301.74,9.04,D,0
31.87857,73.54255,334.15,0.51,0.41,2024-11-17,827,N,VIIRS,n,2,301.15,8.91,D,0
31.88038,73.30048,346,0.5,0.41,2024-11-17,827,N,VIIRS,n,2,299.48,9.36,D,0
31.88491,73.20898,334.41,0.49,0.4,2024-11-17,827,N,VIIRS,n,2,300.58,5.47,D,0
31.88599,72.3308,333.94,0.45,0.39,2024-11-17,827,N,VIIRS,n,2,302.85,2.1,D,0
31.88679,73.19275,334.17,0.49,0.4,2024-11-17,827,N,VIIRS,n,2,301.19,2.51,D,0
31.88726,73.29401,335,0.5,0.41,2024-11-17,827,N,VIIRS,n,2,299.84,4.22,D,0
31.88763,74.31665,329.7,0.56,0.43,2024-11-17,827,N,VIIRS,n,2,296.08,3.13,D,0
31.8882,73.43431,333.68,0.5,0.41,2024-11-17,827,N,VIIRS,n,2,303.1,4.26,D,0
31.89249,73.4718,331.66,0.51,0.41,2024-11-17,827,N,VIIRS,n,2,299.87,1.98,D,0
31.89585,74.4304,335.97,0.56,0.43,2024-11-17,827,N,VIIRS,n,2,296.58,4.12,D,0
31.89601,72.89332,330.38,0.48,0.4,2024-11-17,827,N,VIIRS,n,2,298.63,3.63,D,0
31.8985,73.29221,339.12,0.5,0.41,2024-11-17,827,N,VIIRS,n,2,300.76,5.48,D,0
31.89912,73.29747,341.68,0.5,0.41,2024-11-17,827,N,VIIRS,n,2,301.04,5.48,D,0
31.90163,72.96996,338.7,0.48,0.4,2024-11-17,827,N,VIIRS,n,2,299.7,6.11,D,0
31.90225,73.29161,338.16,0.5,0.41,2024-11-17,827,N,VIIRS,n,2,298.74,5.48,D,0
31.90286,73.29688,342.13,0.5,0.41,2024-11-17,827,N,VIIRS,n,2,298.6,5.48,D,0
31.90416,73.24316,330.49,0.49,0.41,2024-11-17,827,N,VIIRS,l,2,303.93,4.34,D,0
31.9052,74.40466,342.48,0.56,0.43,2024-11-17,827,N,VIIRS,n,2,297.09,8.63,D,0
31.90658,73.32853,333.15,0.5,0.41,2024-11-17,827,N,VIIRS,n,2,299.84,2.77,D,0
31.90915,73.22103,341.34,0.49,0.4,2024-11-17,827,N,VIIRS,n,2,302.52,5.95,D,0
31.90926,74.36768,340.12,0.56,0.43,2024-11-17,827,N,VIIRS,n,2,297.3,3.76,D,0
31.91101,73.23672,345.37,0.49,0.4,2024-11-17,827,N,VIIRS,n,2,303.22,14.9,D,0
31.91222,73.31147,333.23,0.5,0.41,2024-11-17,827,N,VIIRS,n,2,300.48,2.76,D,0
31.91413,73.23088,341.71,0.49,0.4,2024-11-17,827,N,VIIRS,n,2,303.72,5.07,D,0
31.91475,73.23611,335,0.49,0.4,2024-11-17,827,N,VIIRS,n,2,299.79,4.75,D,0
31.91485,72.87214,336.02,0.48,0.4,2024-11-17,827,N,VIIRS,n,2,300.71,5.34,D,0
31.91555,72.86951,330.81,0.47,0.4,2024-11-17,827,N,VIIRS,n,2,299.33,5.62,D,0
31.91661,73.25182,335.53,0.49,0.41,2024-11-17,827,N,VIIRS,n,2,302.85,6.82,D,0
31.91723,73.22505,331.35,0.49,0.4,2024-11-17,827,N,VIIRS,n,2,300.81,5.07,D,0
31.91756,72.94659,336.69,0.48,0.4,2024-11-17,827,N,VIIRS,n,2,301.24,6.16,D,0
31.91847,73.29974,333.55,0.5,0.41,2024-11-17,827,N,VIIRS,n,2,299.77,2.79,D,0
31.9191,73.30502,332.94,0.5,0.41,2024-11-17,827,N,VIIRS,n,2,299.53,2.79,D,0
31.92097,73.22444,332.71,0.49,0.4,2024-11-17,827,N,VIIRS,n,2,299.52,4.51,D,0
31.92142,73.03964,330.79,0.48,0.4,2024-11-17,827,N,VIIRS,n,2,298.56,3.29,D,0
31.92346,73.24537,339.47,0.49,0.41,2024-11-17,827,N,VIIRS,n,2,302.68,66.4,D,0
31.92471,73.25586,346.93,0.49,0.41,2024-11-17,827,N,VIIRS,n,2,299.32,7.85,D,0
31.92632,73.5986,334.13,0.51,0.41,2024-11-17,827,N,VIIRS,n,2,301.09,4.55,D,0
31.92657,73.23954,304.54,0.49,0.41,2024-11-17,827,N,VIIRS,l,2,307.8,34.56,D,0
31.92721,73.37379,344.66,0.5,0.41,2024-11-17,827,N,VIIRS,n,2,300.68,5.04,D,0
31.92783,73.37911,332.9,0.5,0.41,2024-11-17,827,N,VIIRS,n,2,299.11,5.04,D,0
31.93032,73.23894,333.47,0.49,0.41,2024-11-17,827,N,VIIRS,n,2,301.61,4.46,D,0
31.93094,73.24417,333.29,0.49,0.41,2024-11-17,827,N,VIIRS,n,2,299.62,5.2,D,0
31.93535,73.31315,330.2,0.5,0.41,2024-11-17,827,N,VIIRS,l,2,300.87,3.64,D,0
31.93781,73.26981,330.5,0.49,0.41,2024-11-17,827,N,VIIRS,n,2,299.05,4.33,D,0
31.93972,73.31783,330.24,0.5,0.41,2024-11-17,827,N,VIIRS,n,2,302.73,2.21,D,0
31.94101,73.4259,334.9,0.5,0.41,2024-11-17,827,N,VIIRS,n,2,301.19,2.93,D,0
31.94594,73.27386,330.98,0.5,0.41,2024-11-17,827,N,VIIRS,n,2,298.7,2.43,D,0
31.94656,73.27913,332.58,0.5,0.41,2024-11-17,827,N,VIIRS,n,2,298.51,2.43,D,0
31.9499,74.63122,333.7,0.38,0.44,2024-11-17,827,N,VIIRS,n,2,295.53,2.26,D,0
31.94999,73.07436,332.03,0.49,0.4,2024-11-17,827,N,VIIRS,n,2,298.84,3.29,D,0
31.95361,73.53349,336.25,0.51,0.41,2024-11-17,827,N,VIIRS,n,2,303.05,4.66,D,0
31.95406,73.27792,346.23,0.5,0.41,2024-11-17,827,N,VIIRS,n,2,300.79,6.5,D,0
31.95587,73.18971,338.97,0.49,0.4,2024-11-17,827,N,VIIRS,n,2,300.78,7.98,D,0
31.95813,73.01538,354.44,0.48,0.4,2024-11-17,827,N,VIIRS,n,2,302.77,12.48,D,0
31.95824,73.18652,329.93,0.49,0.4,2024-11-17,827,N,VIIRS,l,2,300.69,7.9,D,0
31.95838,73.25047,344.84,0.49,0.41,2024-11-17,827,N,VIIRS,n,2,301.1,4.11,D,0
31.95887,73.19173,333.39,0.49,0.4,2024-11-17,827,N,VIIRS,n,2,299.4,7.9,D,0
31.95941,73.2532,331.88,0.49,0.41,2024-11-17,827,N,VIIRS,n,2,299.67,1.88,D,0
31.9596,73.18909,350.6,0.49,0.4,2024-11-17,827,N,VIIRS,n,2,300.43,7.98,D,0
31.96033,73.29839,331.45,0.5,0.41,2024-11-17,827,N,VIIRS,n,2,299.83,2.13,D,0
31.96111,73.30122,343.08,0.5,0.41,2024-11-17,827,N,VIIRS,n,2,300.88,5.06,D,0
31.96141,73.21261,332,0.49,0.4,2024-11-17,827,N,VIIRS,n,2,299.96,2.01,D,0
31.96212,73.24986,330.22,0.49,0.41,2024-11-17,827,N,VIIRS,n,2,301.55,2.13,D,0
31.96417,74.46307,334.15,0.57,0.43,2024-11-17,827,N,VIIRS,n,2,296.89,6.44,D,0
31.9675,74.53024,340.38,0.57,0.43,2024-11-17,827,N,VIIRS,n,2,295.7,5.65,D,0
31.96781,74.6078,333.92,0.38,0.43,2024-11-17,827,N,VIIRS,n,2,296.4,0.85,D,0
31.96807,74.35287,342.94,0.56,0.43,2024-11-17,827,N,VIIRS,n,2,299.31,5.58,D,0
31.97004,73.50887,333.36,0.51,0.41,2024-11-17,827,N,VIIRS,n,2,300.98,6,D,0
31.97039,74.35634,331.36,0.56,0.43,2024-11-17,827,N,VIIRS,n,2,297.02,5.52,D,0
31.97063,73.25137,333.57,0.49,0.41,2024-11-17,827,N,VIIRS,n,2,299.7,2.48,D,0
31.97064,73.48132,329.4,0.51,0.41,2024-11-17,827,N,VIIRS,n,2,299.32,3.18,D,0
31.97067,73.51427,347.3,0.51,0.41,2024-11-17,827,N,VIIRS,n,2,303.22,6,D,0
31.97124,73.45383,334.25,0.5,0.41,2024-11-17,827,N,VIIRS,n,2,301.2,7.09,D,0
31.9714,73.1925,343.96,0.49,0.4,2024-11-17,827,N,VIIRS,n,2,299.79,4.73,D,0
31.97187,73.45921,345.48,0.51,0.41,2024-11-17,827,N,VIIRS,n,2,301.63,7.09,D,0
31.97262,73.20297,335.67,0.49,0.4,2024-11-17,827,N,VIIRS,n,2,299.03,4.81,D,0
31.97323,73.20819,330.52,0.49,0.4,2024-11-17,827,N,VIIRS,n,2,299.01,3.88,D,0
31.97697,73.50228,346.05,0.51,0.41,2024-11-17,827,N,VIIRS,n,2,302.81,13,D,0
31.97934,73.26068,336.82,0.5,0.41,2024-11-17,827,N,VIIRS,n,2,301.54,3.89,D,0
31.97995,73.26595,330.3,0.5,0.41,2024-11-17,827,N,VIIRS,n,2,299.75,3.89,D,0
31.98056,73.27122,342.05,0.5,0.41,2024-11-17,827,N,VIIRS,n,2,300.68,6.09,D,0
31.98117,73.27648,335.62,0.5,0.41,2024-11-17,827,N,VIIRS,n,2,301.56,6.09,D,0
31.98162,73.34648,329.7,0.5,0.41,2024-11-17,827,N,VIIRS,l,2,299.76,2.13,D,0
31.98492,73.27588,333.5,0.5,0.41,2024-11-17,827,N,VIIRS,n,2,300.98,6.09,D,0
31.98553,73.28115,331.49,0.5,0.41,2024-11-17,827,N,VIIRS,n,2,299.25,3.66,D,0
31.98721,73.36182,335.7,0.5,0.41,2024-11-17,827,N,VIIRS,n,2,300.34,4.11,D,0
31.98729,73.32935,334.55,0.5,0.41,2024-11-17,827,N,VIIRS,n,2,299.04,2.58,D,0
31.98834,73.50048,336.98,0.51,0.41,2024-11-17,827,N,VIIRS,n,2,301.64,3.14,D,0
31.98885,73.44012,339.3,0.5,0.41,2024-11-17,827,N,VIIRS,n,2,301.74,5.88,D,0
31.98886,73.44322,332.98,0.5,0.41,2024-11-17,827,N,VIIRS,n,2,301.12,3.36,D,0
31.98928,73.28054,339.02,0.5,0.41,2024-11-17,827,N,VIIRS,n,2,300.42,4.73,D,0
31.99121,73.4977,330.87,0.51,0.41,2024-11-17,827,N,VIIRS,n,2,299.42,3.54,D,0
31.9937,73.253,337.13,0.49,0.41,2024-11-17,827,N,VIIRS,n,2,300.33,5.21,D,0
31.99431,73.25826,340.48,0.5,0.41,2024-11-17,827,N,VIIRS,n,2,299.32,6.03,D,0
31.99449,73.00418,336.74,0.48,0.4,2024-11-17,827,N,VIIRS,n,2,300.48,6.18,D,0
31.99549,73.30107,335.4,0.5,0.41,2024-11-17,827,N,VIIRS,n,2,302.85,7.57,D,0
31.9961,73.30637,335.31,0.5,0.41,2024-11-17,827,N,VIIRS,n,2,301.36,7.57,D,0
31.99627,72.89476,335.09,0.48,0.4,2024-11-17,827,N,VIIRS,n,2,300.72,3.08,D,0
31.99734,70.89438,330.5,0.41,0.37,2024-11-17,827,N,VIIRS,n,2,299.46,1.36,D,0
31.99739,73.28461,336.96,0.5,0.41,2024-11-17,827,N,VIIRS,n,2,299.98,4.74,D,0
32.00179,73.58119,333.66,0.51,0.41,2024-11-17,827,N,VIIRS,n,2,301.62,4.58,D,0
32.00422,73.57854,329.81,0.51,0.41,2024-11-17,827,N,VIIRS,l,2,301.53,2.88,D,0
32.00484,73.584,339.22,0.51,0.41,2024-11-17,827,N,VIIRS,n,2,300.26,7.01,D,0
32.0056,73.5806,341.61,0.51,0.41,2024-11-17,827,N,VIIRS,n,2,300.29,4.58,D,0
32.00613,73.29398,336.85,0.5,0.41,2024-11-17,827,N,VIIRS,n,2,301.09,11.51,D,0
32.00916,72.34081,334.87,0.45,0.39,2024-11-17,827,N,VIIRS,n,2,300.76,4.75,D,0
32.00925,73.28809,346.75,0.5,0.41,2024-11-17,827,N,VIIRS,n,2,300.21,11.51,D,0
32.01046,73.33105,333.04,0.5,0.41,2024-11-17,827,N,VIIRS,n,2,298.96,1.82,D,0
32.01053,73.26639,332.46,0.5,0.41,2024-11-17,827,N,VIIRS,n,2,299.24,4.72,D,0
32.01297,73.31984,331.06,0.5,0.41,2024-11-17,827,N,VIIRS,n,2,299.51,2.98,D,0
32.01363,73.29277,333.87,0.5,0.41,2024-11-17,827,N,VIIRS,n,2,300.99,6.09,D,0
32.01429,73.23362,329.77,0.49,0.41,2024-11-17,827,N,VIIRS,n,2,298.57,3.46,D,0
32.01596,72.93295,343.28,0.48,0.4,2024-11-17,827,N,VIIRS,n,2,299.54,6,D,0
32.01803,73.23301,336.78,0.49,0.41,2024-11-17,827,N,VIIRS,n,2,299.79,3.46,D,0
32.01925,73.30804,344.06,0.5,0.41,2024-11-17,827,N,VIIRS,n,2,302.04,9.45,D,0
32.02456,73.55314,329.96,0.51,0.41,2024-11-17,827,N,VIIRS,n,2,298.81,1.45,D,0
32.02724,73.05647,346.13,0.49,0.4,2024-11-17,827,N,VIIRS,n,2,302.98,8.5,D,0
32.02786,74.67011,346.99,0.39,0.44,2024-11-17,827,N,VIIRS,n,2,297.11,6.25,D,0
32.02842,73.51935,340.59,0.51,0.41,2024-11-17,827,N,VIIRS,n,2,301.15,3.47,D,0
32.02861,73.35522,330.87,0.5,0.41,2024-11-17,827,N,VIIRS,n,2,300.08,2.76,D,0
32.03222,73.51875,329.98,0.51,0.41,2024-11-17,827,N,VIIRS,l,2,300.81,8.6,D,0
32.03279,73.55737,333.52,0.51,0.41,2024-11-17,827,N,VIIRS,n,2,299.69,3.26,D,0
32.03519,74.62298,333.58,0.39,0.44,2024-11-17,827,N,VIIRS,n,2,297.38,2.75,D,0
32.03549,73.25163,342.78,0.5,0.41,2024-11-17,827,N,VIIRS,n,2,299.42,5.81,D,0
32.03562,74.6271,329.96,0.39,0.44,2024-11-17,827,N,VIIRS,n,2,296.2,2.33,D,0
32.03563,72.4647,332.18,0.46,0.39,2024-11-17,827,N,VIIRS,n,2,301.17,2.53,D,0
32.03594,74.66893,330.19,0.39,0.44,2024-11-17,827,N,VIIRS,n,2,295.24,4.03,D,0
32.03601,73.51815,342.54,0.51,0.41,2024-11-17,827,N,VIIRS,n,2,305.5,8.6,D,0
32.03641,73.65715,331.97,0.52,0.41,2024-11-17,827,N,VIIRS,n,2,300.52,4.08,D,0
32.03659,73.55678,332.83,0.51,0.41,2024-11-17,827,N,VIIRS,n,2,300.08,4.5,D,0
32.03791,72.36538,333.87,0.45,0.39,2024-11-17,827,N,VIIRS,n,2,299.85,3.49,D,0
32.03856,73.50671,337.34,0.51,0.41,2024-11-17,827,N,VIIRS,n,2,300.56,4.37,D,0
32.03924,73.25103,331.2,0.5,0.41,2024-11-17,827,N,VIIRS,n,2,298.82,2.52,D,0
32.04096,74.63885,346.52,0.39,0.44,2024-11-17,827,N,VIIRS,n,2,296.96,5.23,D,0
32.04129,74.68076,338.36,0.39,0.44,2024-11-17,827,N,VIIRS,n,2,295.62,4.66,D,0
32.04489,73.29854,346.1,0.5,0.41,2024-11-17,827,N,VIIRS,n,2,300.36,6.54,D,0
32.04491,73.33095,337.39,0.5,0.41,2024-11-17,827,N,VIIRS,n,2,298.95,2.28,D,0
32.04499,74.63827,345.54,0.39,0.44,2024-11-17,827,N,VIIRS,n,2,296.34,5.23,D,0
32.04543,74.64239,335.46,0.39,0.44,2024-11-17,827,N,VIIRS,n,2,295.62,4.28,D,0
32.04615,73.30912,329.99,0.5,0.41,2024-11-17,827,N,VIIRS,l,2,300.17,2.09,D,0
32.04797,73.58832,344.03,0.51,0.41,2024-11-17,827,N,VIIRS,n,2,301.67,5.14,D,0
32.0486,73.59377,332.39,0.51,0.41,2024-11-17,827,N,VIIRS,n,2,299.23,5.14,D,0
32.04931,73.36819,331.79,0.5,0.41,2024-11-17,827,N,VIIRS,n,2,299.47,3.3,D,0
32.04947,74.6418,367,0.39,0.44,2024-11-17,827,N,VIIRS,h,2,298.63,7.71,D,0
32.05117,73.31912,334.74,0.5,0.41,2024-11-17,827,N,VIIRS,n,2,300.96,4.01,D,0
32.05185,74.90105,346.42,0.4,0.44,2024-11-17,827,N,VIIRS,n,2,296.24,6.6,D,0
32.05229,74.90532,367,0.4,0.44,2024-11-17,827,N,VIIRS,h,2,297.28,5.92,D,0
32.05241,73.59318,333.06,0.51,0.41,2024-11-17,827,N,VIIRS,n,2,301.53,5.14,D,0
32.05273,74.90958,332.24,0.4,0.44,2024-11-17,827,N,VIIRS,n,2,294.76,5.92,D,0
32.05394,74.64533,336.43,0.39,0.44,2024-11-17,827,N,VIIRS,n,2,295.33,7.71,D,0
32.05436,73.41094,330.4,0.5,0.41,2024-11-17,827,N,VIIRS,n,2,301.6,2.98,D,0
32.05438,74.64946,349.76,0.39,0.44,2024-11-17,827,N,VIIRS,n,2,297.44,7.05,D,0
32.05614,74.66598,328.72,0.39,0.44,2024-11-17,827,N,VIIRS,n,2,294.44,3.61,D,0
32.05615,73.29673,329.96,0.5,0.41,2024-11-17,827,N,VIIRS,n,2,299.3,2.23,D,0
32.05627,74.59068,346.37,0.38,0.43,2024-11-17,827,N,VIIRS,n,2,296.18,4.56,D,0
32.05682,74.909,331.72,0.4,0.44,2024-11-17,827,N,VIIRS,n,2,294.27,5.92,D,0
32.057,70.89648,335.47,0.41,0.37,2024-11-17,827,N,VIIRS,n,2,298.56,3.91,D,0
32.05813,73.57559,337.8,0.51,0.41,2024-11-17,827,N,VIIRS,n,2,299.72,4.93,D,0
32.05876,73.58105,339.1,0.51,0.41,2024-11-17,827,N,VIIRS,n,2,299.32,4.93,D,0
32.05936,74.61943,335.17,0.39,0.44,2024-11-17,827,N,VIIRS,n,2,297.01,4.12,D,0
32.06068,73.4977,333.41,0.51,0.41,2024-11-17,827,N,VIIRS,n,2,301.83,8.33,D,0
32.06117,73.30672,337.63,0.5,0.41,2024-11-17,827,N,VIIRS,n,2,299.75,5.83,D,0
32.0618,73.31201,340.9,0.5,0.41,2024-11-17,827,N,VIIRS,n,2,301.87,10.32,D,0
32.06184,73.34447,334.48,0.5,0.41,2024-11-17,827,N,VIIRS,n,2,301.33,8.04,D,0
32.06383,74.62296,348.42,0.39,0.44,2024-11-17,827,N,VIIRS,n,2,298.41,4.85,D,0
32.06472,74.6312,346.35,0.39,0.44,2024-11-17,827,N,VIIRS,n,2,296.16,3.89,D,0
32.06492,73.30612,344.81,0.5,0.41,2024-11-17,827,N,VIIRS,n,2,299.93,5.83,D,0
32.06497,73.33856,334.87,0.5,0.41,2024-11-17,827,N,VIIRS,n,2,297.15,3.17,D,0
32.06516,74.63532,340.18,0.39,0.44,2024-11-17,827,N,VIIRS,n,2,295.21,3.89,D,0
32.0653,73.18265,336.31,0.49,0.4,2024-11-17,827,N,VIIRS,n,2,300.38,6.36,D,0
32.06573,73.47488,333.73,0.51,0.41,2024-11-17,827,N,VIIRS,n,2,301.7,2.12,D,0
32.0661,73.18502,332.26,0.49,0.4,2024-11-17,827,N,VIIRS,n,2,299.39,4.15,D,0
32.06765,73.52421,338.43,0.51,0.41,2024-11-17,827,N,VIIRS,n,2,302.08,5.97,D,0
32.06786,74.62237,336.02,0.39,0.44,2024-11-17,827,N,VIIRS,n,2,296.79,4.85,D,0
32.06919,74.63473,335.83,0.39,0.44,2024-11-17,827,N,VIIRS,n,2,295.62,3.89,D,0
32.07096,74.65123,338.32,0.39,0.44,2024-11-17,827,N,VIIRS,n,2,296.21,1.38,D,0
32.07186,74.65949,337.94,0.39,0.44,2024-11-17,827,N,VIIRS,n,2,295.43,3.46,D,0
32.07278,74.63002,334.5,0.39,0.44,2024-11-17,827,N,VIIRS,n,2,297.41,2.48,D,0
32.07325,74.59653,339.53,0.38,0.44,2024-11-17,827,N,VIIRS,n,2,297.03,3.28,D,0
32.07636,73.30695,338.34,0.5,0.41,2024-11-17,827,N,VIIRS,n,2,301.31,3.67,D,0
32.07682,73.30961,336.43,0.5,0.41,2024-11-17,827,N,VIIRS,n,2,301.09,5.82,D,0
32.07697,73.31226,330.45,0.5,0.41,2024-11-17,827,N,VIIRS,n,2,299.13,2.94,D,0
32.07723,74.67131,332.6,0.39,0.44,2024-11-17,827,N,VIIRS,n,2,295.66,3.08,D,0
32.0794,73.33352,337.72,0.5,0.41,2024-11-17,827,N,VIIRS,n,2,301.23,4.7,D,0
32.08002,73.33616,341.18,0.5,0.41,2024-11-17,827,N,VIIRS,n,2,300.51,5.17,D,0
32.08442,72.37504,335.21,0.46,0.39,2024-11-17,827,N,VIIRS,n,2,299.78,2.84,D,0
32.08485,74.70396,332.01,0.39,0.44,2024-11-17,827,N,VIIRS,n,2,296.48,2.28,D,0
32.08647,73.42224,341.95,0.5,0.41,2024-11-17,827,N,VIIRS,n,2,301.87,5.41,D,0
32.08754,73.33764,333.39,0.5,0.41,2024-11-17,827,N,VIIRS,n,2,303.12,3.84,D,0
32.08935,74.66956,335.88,0.39,0.44,2024-11-17,827,N,VIIRS,n,2,295.35,2.15,D,0
32.0898,74.63591,334.14,0.39,0.44,2024-11-17,827,N,VIIRS,n,2,296.22,2.95,D,0
32.09069,73.3317,333.02,0.5,0.41,2024-11-17,827,N,VIIRS,n,2,300.64,3.84,D,0
32.09113,73.07478,335.32,0.49,0.4,2024-11-17,827,N,VIIRS,n,2,301.11,3.77,D,0
32.09492,73.55869,333.41,0.51,0.41,2024-11-17,827,N,VIIRS,n,2,302.37,4.1,D,0
32.09542,74.33594,329.35,0.56,0.43,2024-11-17,827,N,VIIRS,n,2,297.62,2.84,D,0
32.09562,74.61414,331.56,0.39,0.44,2024-11-17,827,N,VIIRS,n,2,295.85,3.27,D,0
32.09578,72.40774,332.01,0.46,0.39,2024-11-17,827,N,VIIRS,n,2,299.31,1.36,D,0
32.09759,73.32518,348.63,0.5,0.41,2024-11-17,827,N,VIIRS,n,2,303.65,12.77,D,0
32.10594,74.63356,333.43,0.39,0.44,2024-11-17,827,N,VIIRS,n,2,296.8,3.85,D,0
32.1064,74.6377,343.06,0.39,0.44,2024-11-17,827,N,VIIRS,n,2,296.71,3.85,D,0
32.10657,73.50437,332.47,0.51,0.41,2024-11-17,827,N,VIIRS,n,2,300.35,2.68,D,0
32.10959,72.40042,332.36,0.46,0.39,2024-11-17,827,N,VIIRS,n,2,300.42,1.93,D,0
32.10964,74.78104,339.83,0.39,0.44,2024-11-17,827,N,VIIRS,n,2,297.17,3.37,D,0
32.11803,73.46945,329.38,0.51,0.41,2024-11-17,827,N,VIIRS,l,2,300.59,4.05,D,0
32.12244,73.47425,337.98,0.51,0.41,2024-11-17,827,N,VIIRS,n,2,299.67,4.05,D,0
32.12423,73.5237,330.3,0.51,0.41,2024-11-17,827,N,VIIRS,n,2,300.2,1.52,D,0
32.12561,73.46825,343.44,0.51,0.41,2024-11-17,827,N,VIIRS,n,2,301.7,6.56,D,0
32.12795,74.64355,333.85,0.39,0.44,2024-11-17,827,N,VIIRS,n,2,295.27,1.43,D,0
32.1281,73.4899,331.6,0.51,0.41,2024-11-17,827,N,VIIRS,n,2,299.24,2.48,D,0
32.1294,73.46764,334.29,0.51,0.41,2024-11-17,827,N,VIIRS,n,2,301.62,6.56,D,0
32.13002,73.47305,337.96,0.51,0.41,2024-11-17,827,N,VIIRS,n,2,301.97,6.56,D,0
32.13385,74.62171,339.87,0.39,0.44,2024-11-17,827,N,VIIRS,n,2,295.66,3.7,D,0
32.13844,74.58755,340.54,0.38,0.44,2024-11-17,827,N,VIIRS,n,2,297.75,7.53,D,0
32.14009,74.76031,328.22,0.39,0.44,2024-11-17,827,N,VIIRS,n,2,297.27,1.82,D,0
32.1402,73.39458,333.09,0.5,0.41,2024-11-17,827,N,VIIRS,n,2,301.89,3.35,D,0
32.14367,74.63705,329.21,0.39,0.44,2024-11-17,827,N,VIIRS,n,2,296.33,2.25,D,0
32.14386,73.52615,333.21,0.51,0.41,2024-11-17,827,N,VIIRS,l,2,304.22,6.96,D,0
32.14397,73.39397,332.15,0.5,0.41,2024-11-17,827,N,VIIRS,n,2,299.08,3.35,D,0
32.14449,73.53159,333.48,0.51,0.41,2024-11-17,827,N,VIIRS,n,2,302.22,7.63,D,0
32.14766,73.52554,333.53,0.51,0.41,2024-11-17,827,N,VIIRS,n,2,301.86,5.38,D,0
32.15275,73.50258,336.55,0.51,0.41,2024-11-17,827,N,VIIRS,n,2,302.99,4.24,D,0
32.15337,73.50801,347.5,0.51,0.41,2024-11-17,827,N,VIIRS,n,2,305.83,20.29,D,0
32.15654,73.50198,335.64,0.51,0.41,2024-11-17,827,N,VIIRS,n,2,302.43,4.24,D,0
32.16127,74.57169,329.4,0.38,0.44,2024-11-17,827,N,VIIRS,n,2,296.41,1.71,D,0
32.16413,73.43462,330.04,0.51,0.41,2024-11-17,827,N,VIIRS,n,2,299.83,1.86,D,0
32.17362,73.4827,349.32,0.51,0.41,2024-11-17,827,N,VIIRS,n,2,301.49,9.33,D,0
32.17489,73.49355,332.37,0.51,0.41,2024-11-17,827,N,VIIRS,n,2,299.24,3.61,D,0
32.17616,73.50441,344.52,0.51,0.41,2024-11-17,827,N,VIIRS,n,2,301.97,9.65,D,0
32.17618,73.5377,332.81,0.51,0.41,2024-11-17,827,N,VIIRS,n,2,299.55,4.51,D,0
32.17928,73.76804,333.45,0.53,0.42,2024-11-17,827,N,VIIRS,n,2,301.93,2.79,D,0
32.18747,73.43641,330.23,0.51,0.41,2024-11-17,827,N,VIIRS,n,2,298.61,3.13,D,0
32.18816,73.47488,331.81,0.51,0.41,2024-11-17,827,N,VIIRS,n,2,299.05,7.22,D,0
32.1894,73.45261,342.09,0.51,0.41,2024-11-17,827,N,VIIRS,n,2,300.22,7.15,D,0
32.19195,73.47427,337.76,0.51,0.41,2024-11-17,827,N,VIIRS,n,2,300.22,7.22,D,0
32.19299,73.45611,336.1,0.51,0.41,2024-11-17,827,N,VIIRS,n,2,299.77,4.39,D,0
32.19382,73.45743,340.49,0.51,0.41,2024-11-17,827,N,VIIRS,n,2,300.26,5.58,D,0
32.19666,73.48869,351.06,0.51,0.41,2024-11-17,827,N,VIIRS,n,2,302.4,16.41,D,0
32.19703,73.48452,331.49,0.51,0.41,2024-11-17,827,N,VIIRS,n,2,298.23,2.74,D,0
32.19767,73.48995,346.56,0.51,0.41,2024-11-17,827,N,VIIRS,n,2,301.74,13.2,D,0
32.19807,72.33759,338.94,0.45,0.39,2024-11-17,827,N,VIIRS,n,2,299.5,4.15,D,0
32.20736,73.24647,340.76,0.5,0.41,2024-11-17,827,N,VIIRS,n,2,301.29,6.42,D,0
32.20826,74.51592,331.53,0.57,0.43,2024-11-17,827,N,VIIRS,n,2,297.62,4.46,D,0
32.20921,74.51897,345.62,0.38,0.43,2024-11-17,827,N,VIIRS,n,2,298.22,3.85,D,0
32.21004,72.37512,335.54,0.46,0.39,2024-11-17,827,N,VIIRS,n,2,304.72,17.43,D,0
32.21488,73.53719,329.6,0.51,0.41,2024-11-17,827,N,VIIRS,n,2,302.17,2.36,D,0
32.21925,73.55181,344.69,0.51,0.41,2024-11-17,827,N,VIIRS,n,2,298.53,6.27,D,0
32.22244,73.54573,346.22,0.51,0.41,2024-11-17,827,N,VIIRS,n,2,300.28,6.27,D,0
32.22377,73.52322,332.77,0.51,0.41,2024-11-17,827,N,VIIRS,n,2,300.43,3.73,D,0
32.22812,73.56158,332.39,0.51,0.41,2024-11-17,827,N,VIIRS,n,2,300.83,4.29,D,0
32.23006,73.54452,332.9,0.51,0.41,2024-11-17,827,N,VIIRS,n,2,300.92,7.28,D,0
32.23102,73.65659,330.27,0.52,0.42,2024-11-17,827,N,VIIRS,n,2,298.44,3.29,D,0
32.23166,73.3566,345.41,0.5,0.41,2024-11-17,827,N,VIIRS,n,2,299.8,5.23,D,0
32.2327,73.49959,340.68,0.51,0.41,2024-11-17,827,N,VIIRS,n,2,303.18,14.02,D,0
32.23387,73.54391,333.5,0.51,0.41,2024-11-17,827,N,VIIRS,n,2,300.9,9.61,D,0
32.23449,73.5494,333.32,0.51,0.41,2024-11-17,827,N,VIIRS,n,2,299.62,9.61,D,0
32.23461,72.33627,333.52,0.46,0.39,2024-11-17,827,N,VIIRS,n,2,299.92,3.87,D,0
32.23524,72.37081,330.55,0.46,0.39,2024-11-17,827,N,VIIRS,n,2,299.68,3.98,D,0
32.23774,73.5099,331.4,0.51,0.41,2024-11-17,827,N,VIIRS,n,2,299.32,2.19,D,0
32.23893,73.55428,330.04,0.51,0.41,2024-11-17,827,N,VIIRS,n,2,298.11,1.92,D,0
32.25367,74.95192,329.13,0.4,0.44,2024-11-17,827,N,VIIRS,n,2,295.51,1.98,D,0
32.25555,73.36372,340.54,0.5,0.41,2024-11-17,827,N,VIIRS,n,2,302.13,9.39,D,0
32.25618,73.36909,343.42,0.5,0.41,2024-11-17,827,N,VIIRS,n,2,300.56,9.39,D,0
32.25906,74.56583,336.03,0.39,0.44,2024-11-17,827,N,VIIRS,n,2,297.49,5.02,D,0
32.26247,73.35715,338.43,0.5,0.41,2024-11-17,827,N,VIIRS,n,2,299.33,4.64,D,0
32.27055,74.83194,339.58,0.4,0.44,2024-11-17,827,N,VIIRS,n,2,297.2,2.38,D,0
32.28146,73.48631,330.68,0.51,0.41,2024-11-17,827,N,VIIRS,n,2,297.94,2.7,D,0
32.29893,73.44766,331.29,0.51,0.41,2024-11-17,827,N,VIIRS,n,2,299.26,5.49,D,0
32.29977,73.44466,346.78,0.51,0.41,2024-11-17,827,N,VIIRS,n,2,300.16,9.01,D,0
32.31104,70.99726,333.69,0.41,0.37,2024-11-17,827,N,VIIRS,n,2,304.35,1.85,D,0
32.31681,72.69985,334.42,0.47,0.4,2024-11-17,827,N,VIIRS,n,2,301.66,3.39,D,0
32.34635,73.06567,337.85,0.49,0.4,2024-11-17,827,N,VIIRS,n,2,299.21,3.83,D,0
32.34765,73.40122,332.85,0.51,0.41,2024-11-17,827,N,VIIRS,n,2,299.26,2.11,D,0
32.36486,74.78997,328.64,0.4,0.44,2024-11-17,827,N,VIIRS,n,2,296.46,2.34,D,0
32.3919,71.82254,337.42,0.44,0.38,2024-11-17,827,N,VIIRS,n,2,299.32,4.81,D,0
32.3925,71.8272,333.27,0.44,0.38,2024-11-17,827,N,VIIRS,n,2,299.74,4.81,D,0
32.41624,74.26465,332.21,0.56,0.43,2024-11-17,827,N,VIIRS,n,2,298.21,3.78,D,0
32.43284,74.23175,329.45,0.56,0.43,2024-11-17,827,N,VIIRS,n,2,297.12,2.7,D,0
32.44083,72.92607,331.58,0.48,0.4,2024-11-17,827,N,VIIRS,n,2,300.06,1.93,D,0
32.44178,71.73546,336.2,0.43,0.38,2024-11-17,827,N,VIIRS,n,2,298.95,3.22,D,0
32.46915,74.98929,339.63,0.41,0.45,2024-11-17,827,N,VIIRS,n,2,296.57,3.31,D,0
32.47009,73.88683,332.41,0.54,0.42,2024-11-17,827,N,VIIRS,n,2,298.99,7.66,D,0
32.47091,73.89066,335.56,0.54,0.42,2024-11-17,827,N,VIIRS,n,2,299.51,5.88,D,0
32.5425,73.29911,331.03,0.5,0.41,2024-11-17,827,N,VIIRS,n,2,300.17,2.91,D,0
32.58588,74.46989,341.67,0.38,0.43,2024-11-17,827,N,VIIRS,n,2,300.47,4.6,D,0
32.59146,74.63811,335.69,0.39,0.44,2024-11-17,827,N,VIIRS,n,2,298.77,3.22,D,0
32.59935,73.52374,331.98,0.52,0.41,2024-11-17,827,N,VIIRS,n,2,298.83,3.28,D,0
32.66208,74.64962,334.25,0.39,0.44,2024-11-17,827,N,VIIRS,n,2,297.5,2.65,D,0
32.76097,74.61131,343.13,0.39,0.44,2024-11-17,827,N,VIIRS,n,2,297,4.2,D,0
32.80315,71.56156,333.79,0.43,0.38,2024-11-17,827,N,VIIRS,n,2,298.96,2.68,D,0
32.83935,71.56224,331.57,0.43,0.38,2024-11-17,827,N,VIIRS,n,2,298.34,2.08,D,0
32.99442,73.33372,328.99,0.51,0.41,2024-11-17,827,N,VIIRS,n,2,299.89,2.51,D,0
33.45852,70.50577,327.45,0.41,0.37,2024-11-17,827,N,VIIRS,n,2,298.8,2.35,D,0
33.64752,73.93707,336.05,0.56,0.43,2024-11-17,827,N,VIIRS,n,2,295.33,6.75,D,0
33.65,73.93048,299.47,0.39,0.36,2024-11-17,2049,N,VIIRS,n,2,284.57,0.74,N,0
33.84892,72.87245,299.33,0.4,0.37,2024-11-17,2049,N,VIIRS,n,2,285.07,0.76,N,2
33.90033,71.46449,295.79,0.44,0.38,2024-11-17,2049,N,VIIRS,n,2,283.59,0.52,N,0
33.9086,71.45635,299.69,0.44,0.38,2024-11-17,2049,N,VIIRS,n,2,283.62,0.68,N,0
29.82569,74.69161,317.65,0.39,0.36,2024-11-17,2050,N,VIIRS,n,2,286,1.4,N,0
29.88908,74.85916,297.76,0.4,0.37,2024-11-17,2050,N,VIIRS,n,2,285.21,0.7,N,0
30.44574,70.56898,302.88,0.44,0.38,2024-11-17,2050,N,VIIRS,n,2,290.42,0.69,N,0
31.04021,72.00443,299.09,0.4,0.37,2024-11-17,2050,N,VIIRS,n,2,285.32,0.59,N,0
31.39772,73.7189,305.93,0.38,0.36,2024-11-17,2050,N,VIIRS,n,2,284.5,1.12,N,0
31.4214,73.80572,306.64,0.38,0.36,2024-11-17,2050,N,VIIRS,n,2,284.2,0.6,N,0
31.42203,73.8017,295.02,0.38,0.36,2024-11-17,2050,N,VIIRS,n,2,283.35,0.6,N,0
31.60451,74.40768,297.84,0.39,0.36,2024-11-17,2050,N,VIIRS,n,2,287.4,0.39,N,0
31.61626,74.37701,297.71,0.38,0.36,2024-11-17,2050,N,VIIRS,n,2,286.49,0.34,N,2
31.6217,74.42815,304.48,0.39,0.36,2024-11-17,2050,N,VIIRS,n,2,286.16,0.67,N,2
31.6415,74.42748,296.46,0.39,0.36,2024-11-17,2050,N,VIIRS,n,2,285.45,0.35,N,0
31.65165,74.17645,302.42,0.38,0.36,2024-11-17,2050,N,VIIRS,n,2,286.49,0.88,N,2
31.65494,74.17716,313.03,0.38,0.36,2024-11-17,2050,N,VIIRS,n,2,286.34,1.2,N,2
31.67076,73.48563,296.13,0.39,0.36,2024-11-17,2050,N,VIIRS,n,2,284.04,0.19,N,0
32.08315,74.19445,298.62,0.38,0.36,2024-11-17,2050,N,VIIRS,n,2,286.29,0.38,N,0
32.08431,74.16546,295.27,0.38,0.36,2024-11-17,2050,N,VIIRS,n,2,284.46,0.82,N,2
32.08495,74.16142,309.06,0.38,0.36,2024-11-17,2050,N,VIIRS,n,2,284.45,0.82,N,2
32.10301,74.17222,308.6,0.38,0.36,2024-11-17,2050,N,VIIRS,n,2,285.18,0.85,N,2
32.12937,74.17796,304.28,0.38,0.36,2024-11-17,2050,N,VIIRS,n,2,286.34,0.92,N,0
32.13266,74.17867,324.46,0.38,0.36,2024-11-17,2050,N,VIIRS,n,2,286.97,0.92,N,0
32.28946,70.73841,302.93,0.45,0.39,2024-11-17,2050,N,VIIRS,n,2,290.74,1.18,N,2
32.29504,74.314,302.3,0.38,0.36,2024-11-17,2050,N,VIIRS,n,2,286.44,0.61,N,2
32.63272,70.34124,295.41,0.47,0.4,2024-11-17,2050,N,VIIRS,n,2,284.12,0.42,N,0
32.71838,72.77504,306.43,0.4,0.37,2024-11-17,2050,N,VIIRS,n,2,286.96,1.2,N,2
32.72095,72.92238,300.18,0.39,0.37,2024-11-17,2050,N,VIIRS,n,2,283.68,0.93,N,2
32.88853,71.61582,304.75,0.43,0.38,2024-11-17,2050,N,VIIRS,n,2,289.33,0.85,N,2
33.16405,71.57349,297.04,0.43,0.38,2024-11-17,2050,N,VIIRS,n,2,285.45,0.44,N,0
33.54773,71.55256,297.96,0.43,0.38,2024-11-17,2050,N,VIIRS,n,2,284.86,0.69,N,2
33.68989,72.71409,310.62,0.4,0.37,2024-11-17,2050,N,VIIRS,n,2,286,1.38,N,2
33.80084,72.09637,299.9,0.42,0.38,2024-11-17,2050,N,VIIRS,n,2,286.14,0.92,N,2
33.90094,71.46243,297.45,0.44,0.38,2024-11-17,2050,N,VIIRS,n,2,283.3,0.64,N,0
28.03588,69.7029,299.39,0.45,0.39,2024-11-17,2051,N,VIIRS,n,2,287.95,0.45,N,0
28.42557,69.70004,303.97,0.45,0.39,2024-11-17,2051,N,VIIRS,n,2,289.01,0.88,N,2
28.42641,69.70206,303.73,0.45,0.39,2024-11-17,2051,N,VIIRS,n,2,288.7,0.75,N,2
29.41272,75.12303,296.06,0.4,0.37,2024-11-17,2051,N,VIIRS,n,2,285.51,0.38,N,0
29.4334,74.89845,336.88,0.4,0.37,2024-11-17,2051,N,VIIRS,n,2,290.8,13.21,N,0
29.46814,74.91878,299.38,0.4,0.37,2024-11-17,2051,N,VIIRS,n,2,285.35,0.42,N,0
29.48024,74.95822,295.46,0.4,0.37,2024-11-17,2051,N,VIIRS,n,2,284.95,0.71,N,0
29.48347,74.98009,296.93,0.4,0.37,2024-11-17,2051,N,VIIRS,n,2,285.91,0.3,N,0
29.48832,74.95155,319.98,0.4,0.37,2024-11-17,2051,N,VIIRS,n,2,286.19,1.53,N,0
29.5442,74.68226,305.63,0.39,0.36,2024-11-17,2051,N,VIIRS,n,2,285.31,0.87,N,0
27.80224,73.5127,333.1,0.39,0.36,2024-11-18,807,N,VIIRS,n,2,305.47,1.78,D,0
27.88191,73.01857,340.38,0.4,0.37,2024-11-18,807,N,VIIRS,n,2,306.99,3.43,D,0
27.88528,73.01786,336.12,0.4,0.37,2024-11-18,807,N,VIIRS,n,2,306.14,3.43,D,0
28.02374,72.13085,335.28,0.43,0.38,2024-11-18,807,N,VIIRS,l,2,307.88,2.51,D,0
28.77322,71.01038,335,0.46,0.39,2024-11-18,807,N,VIIRS,n,2,304.1,8.17,D,0
28.77407,71.01503,338.95,0.46,0.39,2024-11-18,807,N,VIIRS,n,2,307.32,8.17,D,0
28.87296,70.54285,335.61,0.48,0.4,2024-11-18,807,N,VIIRS,n,2,298.98,6.14,D,0
28.89586,70.55038,332.26,0.48,0.4,2024-11-18,807,N,VIIRS,n,2,300.4,2.78,D,0
28.92635,73.47451,333.64,0.39,0.36,2024-11-18,807,N,VIIRS,n,2,305.44,1.34,D,0
29.01684,70.32442,335.82,0.49,0.4,2024-11-18,807,N,VIIRS,n,2,300.57,4.91,D,0
29.14005,73.32425,336.61,0.39,0.36,2024-11-18,807,N,VIIRS,n,2,300.93,2.69,D,0
29.17928,73.4935,334.79,0.39,0.36,2024-11-18,807,N,VIIRS,n,2,302.74,3.56,D,0
29.19549,70.29671,346.36,0.49,0.4,2024-11-18,807,N,VIIRS,n,2,301.32,8.87,D,0
29.21233,73.50721,339.61,0.39,0.36,2024-11-18,807,N,VIIRS,n,2,305.61,6.64,D,0
29.23382,73.55616,335.51,0.39,0.36,2024-11-18,807,N,VIIRS,n,2,302.97,5.97,D,0
29.23911,73.10491,335.38,0.39,0.36,2024-11-18,807,N,VIIRS,n,2,302.09,4.15,D,0
29.23983,73.55081,333.65,0.39,0.36,2024-11-18,807,N,VIIRS,l,2,303.97,3.29,D,0
29.24314,73.55013,332.21,0.39,0.36,2024-11-18,807,N,VIIRS,n,2,302.84,2.57,D,0
29.24781,73.09473,340.42,0.39,0.36,2024-11-18,807,N,VIIRS,n,2,303.17,4.94,D,0
29.24818,73.58192,332.92,0.39,0.36,2024-11-18,807,N,VIIRS,n,2,300.76,2.11,D,0
29.24881,73.58588,330.42,0.39,0.36,2024-11-18,807,N,VIIRS,l,2,302.92,2.11,D,0
29.26835,73.62285,333.54,0.39,0.36,2024-11-18,807,N,VIIRS,n,2,303.48,1.66,D,0
29.27812,74.18304,333,0.38,0.36,2024-11-18,807,N,VIIRS,l,2,304.66,1.96,D,0
29.31482,74.42324,331.59,0.38,0.36,2024-11-18,807,N,VIIRS,n,2,304.87,1.1,D,0
29.35015,73.94906,339.15,0.39,0.36,2024-11-18,807,N,VIIRS,n,2,303.3,2.72,D,0
29.35309,73.68768,331.38,0.39,0.36,2024-11-18,807,N,VIIRS,n,2,300.95,1.5,D,0
29.35345,73.94839,346.28,0.39,0.36,2024-11-18,807,N,VIIRS,n,2,302.78,7.78,D,0
29.36044,73.97141,334.07,0.38,0.36,2024-11-18,807,N,VIIRS,n,2,302.58,3.22,D,0
29.36096,73.69424,333.62,0.39,0.36,2024-11-18,807,N,VIIRS,n,2,302.76,1.16,D,0
29.36149,73.95929,338.48,0.38,0.36,2024-11-18,807,N,VIIRS,n,2,301.72,3.37,D,0
29.36595,73.72593,334.44,0.39,0.36,2024-11-18,807,N,VIIRS,n,2,301.6,2.02,D,0
29.37092,73.75761,332.49,0.39,0.36,2024-11-18,807,N,VIIRS,n,2,302.43,1.07,D,0
29.37856,73.71926,333.88,0.39,0.36,2024-11-18,807,N,VIIRS,n,2,303.33,2.72,D,0
29.3851,73.91376,340.95,0.39,0.36,2024-11-18,807,N,VIIRS,n,2,304.71,4.67,D,0
29.39983,74.00854,338.49,0.38,0.36,2024-11-18,807,N,VIIRS,n,2,306.07,12.56,D,0
29.40044,74.01249,341.68,0.38,0.36,2024-11-18,807,N,VIIRS,n,2,305.22,12.56,D,0
29.40863,73.93345,333.12,0.39,0.36,2024-11-18,807,N,VIIRS,n,2,304.12,1.79,D,0
29.41107,74.05917,335.51,0.38,0.36,2024-11-18,807,N,VIIRS,n,2,303.23,2.14,D,0
29.4145,75.1364,346.57,0.39,0.36,2024-11-18,807,N,VIIRS,n,2,303.81,4.08,D,0
29.42407,75.15505,334.7,0.39,0.36,2024-11-18,807,N,VIIRS,l,2,304.84,3.27,D,0
29.43308,74.90006,343.32,0.39,0.36,2024-11-18,807,N,VIIRS,n,2,301.55,9.57,D,0
29.43973,73.98012,331.81,0.38,0.36,2024-11-18,807,N,VIIRS,n,2,301.88,1.51,D,0
29.44081,74.05318,330.87,0.38,0.36,2024-11-18,807,N,VIIRS,n,2,303.04,1.76,D,0
29.46037,74.06958,333.24,0.38,0.36,2024-11-18,807,N,VIIRS,n,2,302.63,8.49,D,0
29.46098,74.07352,342.4,0.38,0.36,2024-11-18,807,N,VIIRS,n,2,306.81,8.49,D,0
29.4722,75.16653,341.49,0.39,0.36,2024-11-18,807,N,VIIRS,n,2,302.44,2.96,D,0
29.47944,71.17785,339.37,0.44,0.39,2024-11-18,807,N,VIIRS,n,2,304.32,5.45,D,0
29.48216,74.47988,335.61,0.38,0.36,2024-11-18,807,N,VIIRS,n,2,302.03,4.82,D,0
29.48665,74.48712,341.78,0.38,0.36,2024-11-18,807,N,VIIRS,n,2,301.12,2.5,D,0
29.49449,74.18071,334.15,0.38,0.36,2024-11-18,807,N,VIIRS,n,2,301.54,5.8,D,0
29.5,74.59834,342.6,0.38,0.36,2024-11-18,807,N,VIIRS,n,2,301.99,3.87,D,0
29.50896,74.40955,337.41,0.38,0.36,2024-11-18,807,N,VIIRS,n,2,302.46,2.31,D,0
29.51183,74.1658,345.06,0.38,0.36,2024-11-18,807,N,VIIRS,n,2,302.44,7.48,D,0
29.51645,74.43653,334.03,0.38,0.36,2024-11-18,807,N,VIIRS,n,2,302.34,2.49,D,0
29.5203,74.22105,332.25,0.38,0.36,2024-11-18,807,N,VIIRS,n,2,300.12,3.53,D,0
29.52077,74.578,334.45,0.38,0.36,2024-11-18,807,N,VIIRS,n,2,303.69,5.35,D,0
29.52136,74.58195,347.14,0.38,0.36,2024-11-18,807,N,VIIRS,n,2,302.45,5.35,D,0
29.52449,74.20395,330,0.38,0.36,2024-11-18,807,N,VIIRS,n,2,301.97,2.01,D,0
29.52705,74.59711,349.42,0.38,0.36,2024-11-18,807,N,VIIRS,n,2,305.93,19.88,D,0
29.53035,74.59646,352.27,0.38,0.36,2024-11-18,807,N,VIIRS,n,2,305.47,19.88,D,0
29.53142,74.22697,336.15,0.38,0.36,2024-11-18,807,N,VIIRS,n,2,301.26,2.92,D,0
29.5317,74.20657,342.89,0.38,0.36,2024-11-18,807,N,VIIRS,n,2,306.32,17.56,D,0
29.53231,74.21053,339.98,0.38,0.36,2024-11-18,807,N,VIIRS,n,2,300.16,6.55,D,0
29.53638,74.5912,336.49,0.38,0.36,2024-11-18,807,N,VIIRS,n,2,300.18,3.59,D,0
29.54121,74.57806,333.33,0.38,0.36,2024-11-18,807,N,VIIRS,l,2,303.67,5.21,D,0
29.54254,74.23288,330.12,0.38,0.36,2024-11-18,807,N,VIIRS,n,2,298.77,2.52,D,0
29.54343,74.21643,344.39,0.38,0.36,2024-11-18,807,N,VIIRS,n,2,301.35,4.95,D,0
29.54673,74.21577,343.95,0.38,0.36,2024-11-18,807,N,VIIRS,n,2,299.11,4.95,D,0
29.54723,74.57281,335.81,0.38,0.36,2024-11-18,807,N,VIIRS,n,2,302.8,5.01,D,0
29.54935,74.56425,333.86,0.38,0.36,2024-11-18,807,N,VIIRS,n,2,301.51,6.77,D,0
29.55035,74.23945,330.73,0.38,0.36,2024-11-18,807,N,VIIRS,l,2,303.18,2.33,D,0
29.55373,74.84444,336.74,0.39,0.36,2024-11-18,807,N,VIIRS,n,2,300.97,2.8,D,0
29.55523,75.29056,337.8,0.39,0.36,2024-11-18,807,N,VIIRS,n,2,300.56,2.8,D,0
29.55921,74.52238,332.86,0.38,0.36,2024-11-18,807,N,VIIRS,n,2,301.66,2.1,D,0
29.56172,74.44867,336.33,0.38,0.36,2024-11-18,807,N,VIIRS,n,2,301.98,3.09,D,0
29.56193,74.51778,367,0.38,0.36,2024-11-18,807,N,VIIRS,h,2,304.45,12.96,D,0
29.56252,74.52173,334.5,0.38,0.36,2024-11-18,807,N,VIIRS,n,2,303.34,6.22,D,0
29.56794,74.51252,339.71,0.38,0.36,2024-11-18,807,N,VIIRS,n,2,307.17,17.15,D,0
29.56892,74.4513,347.37,0.38,0.36,2024-11-18,807,N,VIIRS,n,2,301.54,20.99,D,0
29.57461,74.46645,346.74,0.38,0.36,2024-11-18,807,N,VIIRS,n,2,301.39,4.75,D,0
29.575,74.87299,334.54,0.39,0.36,2024-11-18,807,N,VIIRS,n,2,301.64,1.95,D,0
29.5777,74.26247,333.62,0.38,0.36,2024-11-18,807,N,VIIRS,l,2,305.45,14.73,D,0
29.57786,74.51057,335.35,0.38,0.36,2024-11-18,807,N,VIIRS,n,2,304.85,8.51,D,0
29.5789,74.87632,334.56,0.39,0.36,2024-11-18,807,N,VIIRS,n,2,302.31,2.84,D,0
29.57976,74.43289,331.84,0.38,0.36,2024-11-18,807,N,VIIRS,n,2,299.01,20.03,D,0
29.58039,74.39209,334.8,0.38,0.36,2024-11-18,807,N,VIIRS,n,2,301.81,2.68,D,0
29.58099,74.39604,331.85,0.38,0.36,2024-11-18,807,N,VIIRS,n,2,300.16,2.5,D,0
29.5818,75.26946,335.18,0.39,0.36,2024-11-18,807,N,VIIRS,n,2,301.24,2.14,D,0
29.58398,74.41579,333.17,0.38,0.36,2024-11-18,807,N,VIIRS,n,2,303.38,1.76,D,0
29.58517,74.42369,340.84,0.38,0.36,2024-11-18,807,N,VIIRS,n,2,300.41,5.17,D,0
29.58577,74.42764,335.79,0.38,0.36,2024-11-18,807,N,VIIRS,n,2,299.08,3.59,D,0
29.58599,74.49676,335.57,0.38,0.36,2024-11-18,807,N,VIIRS,n,2,300.37,3.88,D,0
29.59233,74.47109,335.27,0.38,0.36,2024-11-18,807,N,VIIRS,n,2,299.24,2.22,D,0
29.59329,74.40987,334.54,0.38,0.36,2024-11-18,807,N,VIIRS,n,2,305.52,16.1,D,0
29.59532,74.49084,343.72,0.38,0.36,2024-11-18,807,N,VIIRS,n,2,302.72,8,D,0
29.59542,74.35657,331.32,0.38,0.36,2024-11-18,807,N,VIIRS,n,2,300.1,1.28,D,0
29.59613,75.25026,334.24,0.39,0.36,2024-11-18,807,N,VIIRS,n,2,302.46,3.19,D,0
29.60285,74.47308,334.51,0.38,0.36,2024-11-18,807,N,VIIRS,n,2,301.35,3.41,D,0
29.60594,74.35855,331.92,0.38,0.36,2024-11-18,807,N,VIIRS,n,2,301.02,1.96,D,0
29.60946,74.47177,345.19,0.38,0.36,2024-11-18,807,N,VIIRS,n,2,303.14,7.47,D,0
29.61189,74.4428,331.07,0.38,0.36,2024-11-18,807,N,VIIRS,n,2,300.75,2.02,D,0
29.61276,74.47112,332.63,0.38,0.36,2024-11-18,807,N,VIIRS,n,2,300.57,7.47,D,0
29.61368,74.45466,333.58,0.38,0.36,2024-11-18,807,N,VIIRS,n,2,300.47,4.01,D,0
29.61642,74.40529,338.24,0.38,0.36,2024-11-18,807,N,VIIRS,n,2,301.15,3.65,D,0
29.61667,74.47442,333.62,0.38,0.36,2024-11-18,807,N,VIIRS,n,2,301.81,2.32,D,0
29.6224,74.44479,346.54,0.38,0.36,2024-11-18,807,N,VIIRS,n,2,301.99,3.81,D,0
29.62571,74.44415,350.4,0.38,0.36,2024-11-18,807,N,VIIRS,n,2,303.43,11.05,D,0
29.62619,74.11461,347.46,0.38,0.36,2024-11-18,807,N,VIIRS,n,2,302.63,8.03,D,0
29.62989,74.47181,330.97,0.38,0.36,2024-11-18,807,N,VIIRS,n,2,301.62,1.31,D,0
29.63292,74.44678,330.85,0.38,0.36,2024-11-18,807,N,VIIRS,l,2,303.21,2.16,D,0
29.64183,71.62377,332.62,0.43,0.38,2024-11-18,807,N,VIIRS,n,2,300.42,2.74,D,0
29.64259,71.62814,334.8,0.43,0.38,2024-11-18,807,N,VIIRS,n,2,298.44,4.46,D,0
29.64315,74.35955,334.74,0.38,0.36,2024-11-18,807,N,VIIRS,n,2,301.69,2.98,D,0
29.65215,74.37405,335.69,0.38,0.36,2024-11-18,807,N,VIIRS,n,2,300.99,2.44,D,0
29.67842,75.21495,336.65,0.39,0.36,2024-11-18,807,N,VIIRS,l,2,307.19,11.22,D,0
29.69211,74.25614,331.52,0.38,0.36,2024-11-18,807,N,VIIRS,n,2,303.52,2.27,D,0
29.69419,75.34827,337.26,0.39,0.36,2024-11-18,807,N,VIIRS,n,2,300.73,2.27,D,0
29.70131,75.32624,330.16,0.39,0.36,2024-11-18,807,N,VIIRS,l,2,302.56,3.44,D,0
29.71551,75.37739,333,0.39,0.36,2024-11-18,807,N,VIIRS,n,2,299.32,2.43,D,0
29.71832,75.49314,333.16,0.39,0.36,2024-11-18,807,N,VIIRS,n,2,301.49,4.67,D,0
29.72011,75.21939,338.27,0.39,0.36,2024-11-18,807,N,VIIRS,n,2,301.97,2.62,D,0
29.76136,74.04666,333.67,0.38,0.36,2024-11-18,807,N,VIIRS,l,2,305.05,1.17,D,0
29.7745,75.20117,335.11,0.39,0.36,2024-11-18,807,N,VIIRS,n,2,302.73,7.46,D,0
29.77533,75.41176,333.19,0.39,0.36,2024-11-18,807,N,VIIRS,n,2,301.39,3.53,D,0
29.77876,75.34058,345.33,0.39,0.36,2024-11-18,807,N,VIIRS,n,2,304.62,5.78,D,0
29.78578,75.38903,333.65,0.39,0.36,2024-11-18,807,N,VIIRS,n,2,301.47,3.72,D,0
29.78666,75.28565,339.46,0.39,0.36,2024-11-18,807,N,VIIRS,n,2,303.07,4.06,D,0
29.79039,75.35954,332.75,0.39,0.36,2024-11-18,807,N,VIIRS,n,2,302.73,3.86,D,0
29.79097,75.36359,340.12,0.39,0.36,2024-11-18,807,N,VIIRS,n,2,305.28,11.74,D,0
29.79553,75.43289,330.92,0.39,0.36,2024-11-18,807,N,VIIRS,n,2,300.01,1.69,D,0
29.79743,75.433,331.84,0.39,0.36,2024-11-18,807,N,VIIRS,n,2,299.72,2.19,D,0
29.82767,75.26131,342.85,0.39,0.36,2024-11-18,807,N,VIIRS,n,2,303.31,4.05,D,0
29.83101,75.26068,348.51,0.39,0.36,2024-11-18,807,N,VIIRS,n,2,306.16,4.05,D,0
29.83715,72.77593,335.31,0.4,0.37,2024-11-18,807,N,VIIRS,n,2,301.88,3.94,D,0
29.84094,75.02366,333.7,0.39,0.36,2024-11-18,807,N,VIIRS,n,2,300.07,3,D,0
29.84857,75.0757,345.31,0.39,0.36,2024-11-18,807,N,VIIRS,n,2,309.25,8.31,D,0
29.8515,75.42699,346.1,0.39,0.36,2024-11-18,807,N,VIIRS,n,2,304.27,17.22,D,0
29.85189,75.07507,339.63,0.39,0.36,2024-11-18,807,N,VIIRS,n,2,301.1,8.31,D,0
29.85913,74.7618,345.4,0.39,0.36,2024-11-18,807,N,VIIRS,n,2,302.03,4.74,D,0
29.87114,72.92018,333.08,0.39,0.36,2024-11-18,807,N,VIIRS,n,2,301.46,3.61,D,0
29.87176,72.94522,334.44,0.39,0.36,2024-11-18,807,N,VIIRS,n,2,304.66,3.7,D,0
29.87634,75.38486,334.13,0.39,0.36,2024-11-18,807,N,VIIRS,l,2,306.32,5.07,D,0
29.89214,74.46143,332.57,0.38,0.36,2024-11-18,807,N,VIIRS,n,2,305.41,1.74,D,0
29.89713,72.9314,331.72,0.39,0.36,2024-11-18,807,N,VIIRS,n,2,301.93,1.74,D,0
29.90256,74.9174,338.89,0.39,0.36,2024-11-18,807,N,VIIRS,n,2,304.47,3.85,D,0
29.90714,74.63013,333.47,0.39,0.36,2024-11-18,807,N,VIIRS,n,2,301.55,2.2,D,0
29.91157,75.00202,333.12,0.39,0.36,2024-11-18,807,N,VIIRS,n,2,303.14,1.8,D,0
29.91181,75.38261,334.37,0.39,0.36,2024-11-18,807,N,VIIRS,n,2,302.52,3.54,D,0
29.91362,74.55933,332.05,0.38,0.36,2024-11-18,807,N,VIIRS,n,2,302.49,2.39,D,0
29.93398,75.46597,344.79,0.39,0.36,2024-11-18,807,N,VIIRS,n,2,303.24,3.58,D,0
29.93605,75.43221,335.23,0.39,0.36,2024-11-18,807,N,VIIRS,n,2,300.78,1.91,D,0
29.93733,75.46535,334.22,0.39,0.36,2024-11-18,807,N,VIIRS,n,2,300.41,2.48,D,0
29.93834,75.09166,347.35,0.39,0.36,2024-11-18,807,N,VIIRS,n,2,304.22,7.25,D,0
29.9403,75.0583,337.36,0.39,0.36,2024-11-18,807,N,VIIRS,n,2,303.27,4.38,D,0
29.94611,74.54883,342.26,0.38,0.36,2024-11-18,807,N,VIIRS,n,2,302.18,4.29,D,0
29.94655,75.07771,347.18,0.39,0.36,2024-11-18,807,N,VIIRS,n,2,302.16,6.24,D,0
29.9481,74.88435,345.55,0.39,0.36,2024-11-18,807,N,VIIRS,n,2,308.39,18.47,D,0
29.94899,74.61372,334.15,0.39,0.36,2024-11-18,807,N,VIIRS,n,2,301.6,3,D,0
29.95101,74.65015,349.59,0.39,0.36,2024-11-18,807,N,VIIRS,n,2,307.62,17.35,D,0
29.95392,74.99428,334.76,0.39,0.36,2024-11-18,807,N,VIIRS,n,2,302.31,3.99,D,0
29.95525,73.07796,334.84,0.39,0.36,2024-11-18,807,N,VIIRS,n,2,299.68,2.45,D,0
29.95589,73.082,334.47,0.39,0.36,2024-11-18,807,N,VIIRS,n,2,301.05,2.52,D,0
29.95685,75.36162,334.44,0.39,0.36,2024-11-18,807,N,VIIRS,n,2,302.34,2.74,D,0
29.95751,75.05911,331.52,0.39,0.36,2024-11-18,807,N,VIIRS,n,2,302.34,2.19,D,0
29.95754,75.48662,346.98,0.39,0.36,2024-11-18,807,N,VIIRS,n,2,302.73,7.49,D,0
29.96566,74.67994,334.29,0.39,0.36,2024-11-18,807,N,VIIRS,n,2,302.46,2.42,D,0
29.9659,72.94223,337.54,0.39,0.36,2024-11-18,807,N,VIIRS,n,2,301.43,2.62,D,0
29.96767,75.15214,336.09,0.39,0.36,2024-11-18,807,N,VIIRS,n,2,304.21,2.36,D,0
29.96955,75.00775,330.5,0.39,0.36,2024-11-18,807,N,VIIRS,l,2,301.16,1.42,D,0
29.96965,74.47877,340.31,0.38,0.36,2024-11-18,807,N,VIIRS,n,2,302.7,3.27,D,0
29.97297,75.102,331.4,0.39,0.36,2024-11-18,807,N,VIIRS,n,2,301.28,1.73,D,0
29.97696,74.82536,334.34,0.39,0.36,2024-11-18,807,N,VIIRS,n,2,303.81,3.02,D,0
29.97699,74.89519,344.48,0.39,0.36,2024-11-18,807,N,VIIRS,n,2,302.28,5.6,D,0
29.97763,75.22063,334.76,0.39,0.36,2024-11-18,807,N,VIIRS,n,2,305.26,2.89,D,0
29.98021,75.10474,334.61,0.39,0.36,2024-11-18,807,N,VIIRS,n,2,302.29,1.97,D,0
29.98169,75.16235,331.45,0.39,0.36,2024-11-18,807,N,VIIRS,n,2,300.66,1.56,D,0
29.9851,72.99673,332.65,0.39,0.36,2024-11-18,807,N,VIIRS,n,2,299.55,1.98,D,0
29.98877,75.1403,333.31,0.39,0.36,2024-11-18,807,N,VIIRS,n,2,303,2.65,D,0
29.99386,75.24705,343.22,0.39,0.36,2024-11-18,807,N,VIIRS,n,2,303.68,3.35,D,0
29.99511,74.69467,336.38,0.39,0.36,2024-11-18,807,N,VIIRS,n,2,299.63,2.51,D,0
29.9984,74.80888,338.83,0.39,0.36,2024-11-18,807,N,VIIRS,n,2,303.62,2.67,D,0
29.99907,74.95262,332.66,0.39,0.36,2024-11-18,807,N,VIIRS,n,2,302.16,2.26,D,0
29.99925,74.72256,332.36,0.39,0.36,2024-11-18,807,N,VIIRS,n,2,303.44,4.37,D,0
29.99984,74.72654,345.32,0.39,0.36,2024-11-18,807,N,VIIRS,n,2,303.51,4.37,D,0
30.00004,74.93597,333.72,0.39,0.36,2024-11-18,807,N,VIIRS,n,2,300.83,4.29,D,0
30.0009,74.77966,337.16,0.39,0.36,2024-11-18,807,N,VIIRS,n,2,303.79,3.23,D,0
30.00272,74.50098,330.53,0.38,0.36,2024-11-18,807,N,VIIRS,l,2,302.63,1.43,D,0
30.00421,74.77901,340.37,0.39,0.36,2024-11-18,807,N,VIIRS,n,2,301.18,3.23,D,0
30.00668,74.6189,334.04,0.39,0.36,2024-11-18,807,N,VIIRS,n,2,303.34,3.37,D,0
30.00811,74.66752,343.74,0.39,0.36,2024-11-18,807,N,VIIRS,n,2,305.15,6.43,D,0
30.01011,74.81891,336.69,0.39,0.36,2024-11-18,807,N,VIIRS,n,2,302.72,3.71,D,0
30.01045,74.66723,333.88,0.39,0.36,2024-11-18,807,N,VIIRS,n,2,302.61,2.95,D,0
30.01166,74.8063,332.39,0.39,0.36,2024-11-18,807,N,VIIRS,l,2,303.29,1.52,D,0
30.01282,75.16468,341.34,0.39,0.36,2024-11-18,807,N,VIIRS,n,2,304.69,3.82,D,0
30.01355,73.21571,335.19,0.39,0.36,2024-11-18,807,N,VIIRS,n,2,301.83,2,D,0
30.01398,75.36383,335.39,0.39,0.36,2024-11-18,807,N,VIIRS,n,2,303.08,3.79,D,0
30.01416,74.48645,335.35,0.38,0.36,2024-11-18,807,N,VIIRS,n,2,300.71,2.55,D,0
30.01732,75.3632,335.28,0.39,0.36,2024-11-18,807,N,VIIRS,n,2,302.1,2.76,D,0
30.01766,74.6699,330.96,0.39,0.36,2024-11-18,807,N,VIIRS,n,2,300.18,2.67,D,0
30.01779,75.081,331.93,0.39,0.36,2024-11-18,807,N,VIIRS,l,2,304.23,2.7,D,0
30.02592,73.12162,332.99,0.39,0.36,2024-11-18,807,N,VIIRS,n,2,301.6,2.78,D,0
30.02683,73.21291,331.11,0.39,0.36,2024-11-18,807,N,VIIRS,n,2,300.12,1.77,D,0
30.03156,74.51165,336.13,0.38,0.36,2024-11-18,807,N,VIIRS,n,2,305.75,7.21,D,0
30.03329,75.2354,330.44,0.39,0.36,2024-11-18,807,N,VIIRS,n,2,302.51,1.63,D,0
30.0346,74.48649,337.1,0.38,0.36,2024-11-18,807,N,VIIRS,n,2,301.4,2,D,0
30.03516,74.89625,339.4,0.39,0.36,2024-11-18,807,N,VIIRS,n,2,308.42,21.48,D,0
30.03848,74.89561,333.33,0.39,0.36,2024-11-18,807,N,VIIRS,n,2,301.83,2.61,D,0
30.04041,73.14769,331.74,0.39,0.36,2024-11-18,807,N,VIIRS,n,2,300.41,1.51,D,0
30.04415,74.66471,339.94,0.39,0.36,2024-11-18,807,N,VIIRS,n,2,308.22,16.9,D,0
30.04441,75.07589,332.62,0.39,0.36,2024-11-18,807,N,VIIRS,n,2,302.35,2.16,D,0
30.04451,74.82883,333.75,0.39,0.36,2024-11-18,807,N,VIIRS,n,2,303.25,3.58,D,0
30.0459,74.56203,332.16,0.38,0.36,2024-11-18,807,N,VIIRS,n,2,301.59,1.32,D,0
30.04691,74.50043,338.91,0.38,0.36,2024-11-18,807,N,VIIRS,n,2,303.51,3.46,D,0
30.04823,74.87747,341.16,0.39,0.36,2024-11-18,807,N,VIIRS,n,2,301.2,5.62,D,0
30.04968,75.11211,340.94,0.39,0.36,2024-11-18,807,N,VIIRS,n,2,304.5,2.93,D,0
30.04988,74.99639,334.96,0.39,0.36,2024-11-18,807,N,VIIRS,n,2,301.29,2.06,D,0
30.05022,74.49978,337.32,0.38,0.36,2024-11-18,807,N,VIIRS,n,2,300.83,3.46,D,0
30.05583,74.92952,333.25,0.39,0.36,2024-11-18,807,N,VIIRS,n,2,302.1,2.46,D,0
30.06251,75.36716,346.65,0.39,0.36,2024-11-18,807,N,VIIRS,n,2,307.47,9.96,D,0
30.06461,74.6648,334.1,0.39,0.36,2024-11-18,807,N,VIIRS,n,2,306.89,7.97,D,0
30.0652,74.66879,334.13,0.39,0.36,2024-11-18,807,N,VIIRS,n,2,303.4,6.79,D,0
30.06586,75.36653,347.03,0.39,0.36,2024-11-18,807,N,VIIRS,n,2,300.9,8.87,D,0
30.06593,75.02242,333.54,0.39,0.36,2024-11-18,807,N,VIIRS,n,2,301.73,1.83,D,0
30.06977,75.36996,334.77,0.39,0.36,2024-11-18,807,N,VIIRS,n,2,301.87,6.71,D,0
30.07731,74.913,348.69,0.39,0.36,2024-11-18,807,N,VIIRS,n,2,311.63,29.34,D,0
30.07765,73.35967,343.96,0.39,0.36,2024-11-18,807,N,VIIRS,n,2,301.93,4,D,0
30.07873,75.11092,348.01,0.39,0.36,2024-11-18,807,N,VIIRS,n,2,308.93,9.18,D,0
30.07915,74.73992,341.64,0.39,0.36,2024-11-18,807,N,VIIRS,n,2,302.15,3.2,D,0
30.08069,74.72731,346.91,0.39,0.36,2024-11-18,807,N,VIIRS,n,2,304.01,6.74,D,0
30.08323,75.11833,345.89,0.39,0.36,2024-11-18,807,N,VIIRS,n,2,302.07,3.57,D,0
30.08428,73.35828,331.73,0.39,0.36,2024-11-18,807,N,VIIRS,n,2,299.89,4.15,D,0
30.09936,75.28935,336.45,0.39,0.36,2024-11-18,807,N,VIIRS,n,2,301.45,2.51,D,0
30.10257,74.75998,333.31,0.39,0.36,2024-11-18,807,N,VIIRS,n,2,303.82,1.68,D,0
30.10426,75.19308,338.9,0.39,0.36,2024-11-18,807,N,VIIRS,n,2,304.89,4.23,D,0
30.1097,73.41083,333.74,0.39,0.36,2024-11-18,807,N,VIIRS,n,2,303.44,8.92,D,0
30.11015,74.403,335.61,0.38,0.36,2024-11-18,807,N,VIIRS,n,2,300.08,2.01,D,0
30.11156,74.65969,346.04,0.39,0.36,2024-11-18,807,N,VIIRS,n,2,305.89,10.03,D,0
30.11471,74.27523,335.06,0.38,0.36,2024-11-18,807,N,VIIRS,n,2,302.72,1.74,D,0
30.11585,75.17841,331.58,0.39,0.36,2024-11-18,807,N,VIIRS,l,2,305.05,4.19,D,0
30.12143,74.6383,341.73,0.39,0.36,2024-11-18,807,N,VIIRS,n,2,306.09,6.27,D,0
30.12255,74.82599,348.14,0.39,0.36,2024-11-18,807,N,VIIRS,n,2,304.14,3.92,D,0
30.12261,74.64628,333.4,0.39,0.36,2024-11-18,807,N,VIIRS,n,2,302.95,3.88,D,0
30.12461,74.68282,344.64,0.39,0.36,2024-11-18,807,N,VIIRS,n,2,302.82,3.59,D,0
30.1252,74.68682,334.94,0.39,0.36,2024-11-18,807,N,VIIRS,n,2,300.34,3.59,D,0
30.12799,73.96583,332.13,0.38,0.36,2024-11-18,807,N,VIIRS,n,2,299.65,0.99,D,0
30.13449,74.40634,330.91,0.38,0.36,2024-11-18,807,N,VIIRS,n,2,300.82,2.64,D,0
30.13875,74.29907,336.95,0.38,0.36,2024-11-18,807,N,VIIRS,n,2,301.89,2.39,D,0
30.14362,71.65489,332.21,0.42,0.38,2024-11-18,807,N,VIIRS,n,2,299.94,3.97,D,0
30.14533,75.02779,336.07,0.39,0.36,2024-11-18,807,N,VIIRS,n,2,304.23,3.98,D,0
30.14555,74.45737,343.65,0.38,0.36,2024-11-18,807,N,VIIRS,n,2,302.25,6.97,D,0
30.14596,74.30172,338.7,0.38,0.36,2024-11-18,807,N,VIIRS,n,2,301.42,3.07,D,0
30.15147,74.65703,333.67,0.39,0.36,2024-11-18,807,N,VIIRS,n,2,302.31,5.92,D,0
30.15419,74.65239,346.85,0.39,0.36,2024-11-18,807,N,VIIRS,n,2,307.21,5.92,D,0
30.1552,74.43088,330.8,0.38,0.36,2024-11-18,807,N,VIIRS,n,2,301.22,1.65,D,0
30.15844,74.63514,334.12,0.39,0.36,2024-11-18,807,N,VIIRS,n,2,303.39,2.92,D,0
30.1609,74.44613,332.97,0.38,0.36,2024-11-18,807,N,VIIRS,n,2,301.63,2.01,D,0
30.16116,75.39898,346.29,0.39,0.36,2024-11-18,807,N,VIIRS,n,2,303.91,9.37,D,0
30.16443,75.20653,339.72,0.39,0.36,2024-11-18,807,N,VIIRS,n,2,304.11,4.29,D,0
30.16691,71.64509,335.63,0.42,0.38,2024-11-18,807,N,VIIRS,n,2,300,5.47,D,0
30.17,75.48536,332.74,0.39,0.37,2024-11-18,807,N,VIIRS,n,2,302.05,1.91,D,0
30.17034,71.64431,347.98,0.42,0.38,2024-11-18,807,N,VIIRS,n,2,299.99,5.47,D,0
30.1715,75.35104,330.28,0.39,0.36,2024-11-18,807,N,VIIRS,n,2,301.67,1.73,D,0
30.17447,74.37791,333.39,0.38,0.36,2024-11-18,807,N,VIIRS,n,2,304.71,2.26,D,0
30.17542,74.7962,335.62,0.39,0.36,2024-11-18,807,N,VIIRS,n,2,304.04,4.03,D,0
30.17778,74.37725,337.19,0.38,0.36,2024-11-18,807,N,VIIRS,n,2,304.4,3.42,D,0
30.18197,74.725,333.01,0.39,0.36,2024-11-18,807,N,VIIRS,n,2,302.82,2.08,D,0
30.18504,74.58485,330.81,0.39,0.36,2024-11-18,807,N,VIIRS,n,2,300.8,1.81,D,0
30.18546,75.44888,331.69,0.39,0.36,2024-11-18,807,N,VIIRS,n,2,300.3,1.78,D,0
30.18572,75.30659,334.55,0.39,0.36,2024-11-18,807,N,VIIRS,n,2,302.87,5.45,D,0
30.1902,72.07475,339.49,0.41,0.37,2024-11-18,807,N,VIIRS,n,2,302.87,4.09,D,0
30.19138,74.38291,333.9,0.38,0.36,2024-11-18,807,N,VIIRS,l,2,305.77,3.37,D,0
30.19202,74.2067,336.78,0.38,0.36,2024-11-18,807,N,VIIRS,n,2,303.66,3.76,D,0
30.19349,74.37429,336.02,0.38,0.36,2024-11-18,807,N,VIIRS,n,2,303.56,5.74,D,0
30.1943,72.07821,335.67,0.41,0.37,2024-11-18,807,N,VIIRS,n,2,300.24,2.45,D,0
30.19612,74.82098,331.05,0.39,0.36,2024-11-18,807,N,VIIRS,l,2,303.76,0.67,D,0
30.2012,74.83236,333.14,0.39,0.36,2024-11-18,807,N,VIIRS,n,2,302.95,1.77,D,0
30.20827,73.56375,330.18,0.39,0.36,2024-11-18,807,N,VIIRS,n,2,299.59,1.84,D,0
30.21461,75.1358,347.1,0.39,0.36,2024-11-18,807,N,VIIRS,n,2,305.01,4.38,D,0
30.22235,73.28411,333.63,0.39,0.36,2024-11-18,807,N,VIIRS,n,2,305.51,3.82,D,0
30.22299,73.28812,333.42,0.39,0.36,2024-11-18,807,N,VIIRS,n,2,304.14,3.82,D,0
30.22687,73.55165,332.02,0.39,0.36,2024-11-18,807,N,VIIRS,n,2,300,1.35,D,0
30.23587,74.68178,339.86,0.39,0.36,2024-11-18,807,N,VIIRS,n,2,304.8,5.03,D,0
30.23791,73.70983,332.04,0.39,0.36,2024-11-18,807,N,VIIRS,n,2,300.06,4.51,D,0
30.23801,74.5582,333.05,0.39,0.36,2024-11-18,807,N,VIIRS,n,2,302.21,1.96,D,0
30.2386,74.56219,344.7,0.39,0.36,2024-11-18,807,N,VIIRS,n,2,305.5,14.03,D,0
30.23919,74.68113,344.19,0.39,0.36,2024-11-18,807,N,VIIRS,n,2,302.48,5.03,D,0
30.24061,74.43869,346.26,0.38,0.36,2024-11-18,807,N,VIIRS,n,2,303.94,5.82,D,0
30.24096,74.69312,331.4,0.39,0.36,2024-11-18,807,N,VIIRS,n,2,300.17,1.59,D,0
30.2425,74.68048,344.56,0.39,0.36,2024-11-18,807,N,VIIRS,n,2,301.83,4.02,D,0
30.24272,74.70511,330.54,0.39,0.36,2024-11-18,807,N,VIIRS,n,2,302.43,1.57,D,0
30.24381,74.89006,334.52,0.39,0.36,2024-11-18,807,N,VIIRS,l,2,306.18,3.28,D,0
30.24467,75.22571,334.99,0.39,0.36,2024-11-18,807,N,VIIRS,n,2,303.85,4.23,D,0
30.24543,74.42543,341.27,0.38,0.36,2024-11-18,807,N,VIIRS,n,2,305.56,4.32,D,0
30.24615,73.60941,334.24,0.39,0.36,2024-11-18,807,N,VIIRS,n,2,299.59,2.14,D,0
30.24714,74.88941,334.22,0.39,0.36,2024-11-18,807,N,VIIRS,n,2,303.86,6.17,D,0
30.24796,74.04008,346.43,0.38,0.36,2024-11-18,807,N,VIIRS,n,2,304.47,10.28,D,0
30.25085,74.41615,347.27,0.38,0.36,2024-11-18,807,N,VIIRS,n,2,307.49,9.51,D,0
30.25642,75.4284,332.51,0.39,0.36,2024-11-18,807,N,VIIRS,n,2,300.58,1.46,D,0
30.25706,74.64062,332,0.39,0.36,2024-11-18,807,N,VIIRS,n,2,300.62,2.24,D,0
30.26254,75.42304,331.25,0.39,0.36,2024-11-18,807,N,VIIRS,n,2,302.06,2.76,D,0
30.26759,74.89811,332.4,0.39,0.36,2024-11-18,807,N,VIIRS,l,2,303.53,2.75,D,0
30.26888,74.60542,332.69,0.39,0.36,2024-11-18,807,N,VIIRS,n,2,301.56,1.76,D,0
30.26937,75.25436,343.47,0.39,0.36,2024-11-18,807,N,VIIRS,n,2,305.44,3.33,D,0
30.27356,73.82982,332.64,0.38,0.36,2024-11-18,807,N,VIIRS,n,2,301.28,2.53,D,0
30.27399,75.12025,333.37,0.39,0.36,2024-11-18,807,N,VIIRS,n,2,305.49,1.69,D,0
30.27458,75.1243,339.6,0.39,0.36,2024-11-18,807,N,VIIRS,n,2,304.06,3.78,D,0
30.27479,75.07859,331.96,0.39,0.36,2024-11-18,807,N,VIIRS,n,2,304.54,2.55,D,0
30.27977,74.70197,347.65,0.39,0.36,2024-11-18,807,N,VIIRS,n,2,304.81,6.92,D,0
30.28278,75.34795,331.21,0.39,0.36,2024-11-18,807,N,VIIRS,l,2,301.56,2.37,D,0
30.2884,75.26743,336.55,0.39,0.36,2024-11-18,807,N,VIIRS,n,2,301.03,2.9,D,0
30.29022,74.42883,343.28,0.38,0.36,2024-11-18,807,N,VIIRS,n,2,304.78,11.59,D,0
30.29107,73.96574,333.98,0.38,0.36,2024-11-18,807,N,VIIRS,l,2,305.58,2.92,D,0
30.29174,75.2668,334.78,0.39,0.36,2024-11-18,807,N,VIIRS,n,2,302.22,2.9,D,0
30.2929,74.62946,340.53,0.39,0.36,2024-11-18,807,N,VIIRS,n,2,302.42,3.77,D,0
30.29485,75.06258,336.23,0.39,0.36,2024-11-18,807,N,VIIRS,n,2,302.86,4.28,D,0
30.29526,75.04176,330.21,0.39,0.36,2024-11-18,807,N,VIIRS,l,2,303.81,1.65,D,0
30.29571,74.57959,334.67,0.39,0.36,2024-11-18,807,N,VIIRS,l,2,305.15,5.66,D,0
30.29693,74.70271,334.6,0.39,0.36,2024-11-18,807,N,VIIRS,l,2,306.16,11.12,D,0
30.29788,74.68607,347.5,0.39,0.36,2024-11-18,807,N,VIIRS,n,2,305.99,4.25,D,0
30.29798,74.75605,331.38,0.39,0.36,2024-11-18,807,N,VIIRS,n,2,300.57,1.71,D,0
30.29818,75.06195,339.37,0.39,0.36,2024-11-18,807,N,VIIRS,n,2,303.65,6.6,D,0
30.2986,74.32905,332.18,0.38,0.36,2024-11-18,807,N,VIIRS,n,2,302.87,2.01,D,0
30.30008,74.36156,334.21,0.38,0.36,2024-11-18,807,N,VIIRS,n,2,302.4,2.77,D,0
30.30119,74.68542,339.98,0.39,0.36,2024-11-18,807,N,VIIRS,n,2,303,4.25,D,0
30.30229,74.01677,331.48,0.38,0.36,2024-11-18,807,N,VIIRS,n,2,302.82,1.33,D,0
30.30385,74.04924,330.64,0.38,0.36,2024-11-18,807,N,VIIRS,n,2,302.52,1.99,D,0
30.30432,74.2541,333.8,0.38,0.36,2024-11-18,807,N,VIIRS,n,2,303.12,3.68,D,0
30.30481,74.54911,333.52,0.39,0.36,2024-11-18,807,N,VIIRS,n,2,302.01,2.02,D,0
30.30523,73.68795,332.44,0.39,0.36,2024-11-18,807,N,VIIRS,n,2,300.13,2.78,D,0
30.30648,75.14346,334.12,0.39,0.36,2024-11-18,807,N,VIIRS,n,2,303.89,1.87,D,0
30.30844,74.52785,344.49,0.39,0.36,2024-11-18,807,N,VIIRS,n,2,304.21,3.94,D,0
30.30954,75.18867,336.14,0.39,0.36,2024-11-18,807,N,VIIRS,n,2,303.45,4.4,D,0
30.31242,74.64618,345.05,0.39,0.36,2024-11-18,807,N,VIIRS,n,2,310.59,13.93,D,0
30.3133,75.32124,335.48,0.39,0.36,2024-11-18,807,N,VIIRS,n,2,301.14,3.49,D,0
30.31404,74.58829,332.32,0.39,0.36,2024-11-18,807,N,VIIRS,n,2,300.06,3.73,D,0
30.3149,74.50636,340.46,0.38,0.36,2024-11-18,807,N,VIIRS,n,2,302.55,2.44,D,0
30.3154,74.16988,332.19,0.38,0.36,2024-11-18,807,N,VIIRS,n,2,301.12,5.77,D,0
30.3155,74.51035,333.18,0.39,0.36,2024-11-18,807,N,VIIRS,n,2,304.51,2.44,D,0
30.3161,74.74015,334.02,0.39,0.36,2024-11-18,807,N,VIIRS,n,2,304.67,5.99,D,0
30.31623,74.88041,333.12,0.39,0.36,2024-11-18,807,N,VIIRS,n,2,302.58,2.3,D,0
30.31882,74.7355,332.29,0.39,0.36,2024-11-18,807,N,VIIRS,n,2,301.26,2.67,D,0
30.32024,74.54229,339.24,0.39,0.36,2024-11-18,807,N,VIIRS,n,2,304.41,6.89,D,0
30.32243,75.30315,334.25,0.39,0.36,2024-11-18,807,N,VIIRS,n,2,302.77,3.01,D,0
30.32346,75.28622,332.91,0.39,0.36,2024-11-18,807,N,VIIRS,n,2,303.8,5.5,D,0
30.3241,74.38548,334.15,0.38,0.36,2024-11-18,807,N,VIIRS,n,2,298.92,2.6,D,0
30.32414,74.65623,330.96,0.39,0.36,2024-11-18,807,N,VIIRS,l,2,303.85,2.94,D,0
30.32521,74.59875,330.04,0.39,0.36,2024-11-18,807,N,VIIRS,n,2,300.6,1.25,D,0
30.32534,74.21299,331.46,0.38,0.36,2024-11-18,807,N,VIIRS,l,2,302.78,1.47,D,0
30.32564,74.32774,334.1,0.38,0.36,2024-11-18,807,N,VIIRS,l,2,305.03,4.04,D,0
30.3258,74.60275,335.46,0.39,0.36,2024-11-18,807,N,VIIRS,n,2,300.13,3.12,D,0
30.32624,74.33173,330.31,0.38,0.36,2024-11-18,807,N,VIIRS,l,2,301.52,3.59,D,0
30.3266,74.92802,344.1,0.39,0.36,2024-11-18,807,N,VIIRS,n,2,303.1,6.07,D,0
30.32734,74.70087,334.65,0.39,0.36,2024-11-18,807,N,VIIRS,n,2,304.49,4.64,D,0
30.32739,74.95683,343.83,0.39,0.36,2024-11-18,807,N,VIIRS,n,2,308,11.89,D,0
30.3274,74.38483,331.73,0.38,0.36,2024-11-18,807,N,VIIRS,n,2,299.32,1.62,D,0
30.32741,74.15926,334.32,0.38,0.36,2024-11-18,807,N,VIIRS,n,2,304.09,3.13,D,0
30.3278,74.52435,337.53,0.39,0.36,2024-11-18,807,N,VIIRS,n,2,303.77,3.96,D,0
30.32794,74.70487,332.86,0.39,0.36,2024-11-18,807,N,VIIRS,n,2,300.67,4.64,D,0
30.32829,74.68422,336.04,0.39,0.36,2024-11-18,807,N,VIIRS,n,2,305.67,3.92,D,0
30.33054,74.74557,335.52,0.39,0.36,2024-11-18,807,N,VIIRS,l,2,305.86,3.21,D,0
30.33172,74.75357,335.48,0.39,0.36,2024-11-18,807,N,VIIRS,n,2,303.28,13.21,D,0
30.33361,74.60944,338.76,0.39,0.36,2024-11-18,807,N,VIIRS,n,2,303.19,10.53,D,0
30.33445,74.74892,330.44,0.39,0.36,2024-11-18,807,N,VIIRS,l,2,303.02,2.72,D,0
30.33692,74.6088,349.7,0.39,0.36,2024-11-18,807,N,VIIRS,n,2,305.48,10.53,D,0
30.33747,74.49778,332.5,0.38,0.36,2024-11-18,807,N,VIIRS,l,2,303.19,4.07,D,0
30.33751,74.61279,347.17,0.39,0.36,2024-11-18,807,N,VIIRS,n,2,306.46,10.53,D,0
30.33916,74.67007,343.66,0.39,0.36,2024-11-18,807,N,VIIRS,n,2,301.22,3.23,D,0
30.34092,74.68208,333.08,0.39,0.36,2024-11-18,807,N,VIIRS,n,2,303.05,1.89,D,0
30.34094,74.36161,332.69,0.38,0.36,2024-11-18,807,N,VIIRS,n,2,304.77,2.01,D,0
30.34288,74.03722,332.05,0.38,0.36,2024-11-18,807,N,VIIRS,n,2,300.84,3.63,D,0
30.34425,74.36095,334.18,0.38,0.36,2024-11-18,807,N,VIIRS,n,2,303.54,2.54,D,0
30.34469,74.50046,335.29,0.38,0.36,2024-11-18,807,N,VIIRS,n,2,303.97,2.57,D,0
30.34539,75.22355,340.98,0.39,0.36,2024-11-18,807,N,VIIRS,n,2,305.5,4.1,D,0
30.34564,74.71411,340.14,0.39,0.36,2024-11-18,807,N,VIIRS,n,2,303.15,4.04,D,0
30.34681,74.72213,332.99,0.39,0.36,2024-11-18,807,N,VIIRS,l,2,303.01,2.79,D,0
30.34887,74.64347,332.17,0.39,0.36,2024-11-18,807,N,VIIRS,n,2,301.67,1.62,D,0
30.34958,74.60218,330.7,0.39,0.36,2024-11-18,807,N,VIIRS,n,2,301.26,1.69,D,0
30.35122,74.54439,330.39,0.39,0.36,2024-11-18,807,N,VIIRS,n,2,301.76,2.13,D,0
30.35295,74.17052,335.66,0.38,0.36,2024-11-18,807,N,VIIRS,n,2,303.89,5.14,D,0
30.35366,74.74553,334.62,0.39,0.36,2024-11-18,807,N,VIIRS,l,2,305.21,4.56,D,0
30.35367,73.95729,332.43,0.38,0.36,2024-11-18,807,N,VIIRS,n,2,302.38,2.67,D,0
30.35407,74.79495,335.73,0.39,0.36,2024-11-18,807,N,VIIRS,n,2,301.72,3.8,D,0
30.35425,74.74953,333.58,0.39,0.36,2024-11-18,807,N,VIIRS,n,2,304.31,4.56,D,0
30.35428,73.96127,331.49,0.38,0.36,2024-11-18,807,N,VIIRS,n,2,300.58,2.67,D,0
30.35462,74.72884,336.28,0.39,0.36,2024-11-18,807,N,VIIRS,n,2,302.66,8.57,D,0
30.35534,74.0349,337.19,0.38,0.36,2024-11-18,807,N,VIIRS,n,2,303.35,4.89,D,0
30.35554,74.48187,331.53,0.38,0.36,2024-11-18,807,N,VIIRS,n,2,302.23,1.4,D,0
30.35601,75.3219,336.17,0.39,0.36,2024-11-18,807,N,VIIRS,n,2,302.82,3.16,D,0
30.35626,74.16985,331.92,0.38,0.36,2024-11-18,807,N,VIIRS,n,2,301.03,2.74,D,0
30.35874,74.7569,333.46,0.39,0.36,2024-11-18,807,N,VIIRS,n,2,302.5,1.64,D,0
30.3589,75.24603,335.41,0.39,0.36,2024-11-18,807,N,VIIRS,n,2,304.53,4.4,D,0
30.35954,75.46826,335.99,0.4,0.37,2024-11-18,807,N,VIIRS,n,2,304.91,3.09,D,0
30.35962,74.67017,332.23,0.39,0.36,2024-11-18,807,N,VIIRS,n,2,301.79,2.17,D,0
30.35985,74.69484,343.18,0.39,0.36,2024-11-18,807,N,VIIRS,n,2,306.91,7.88,D,0
30.36224,75.24539,337.76,0.39,0.36,2024-11-18,807,N,VIIRS,n,2,304.13,4.4,D,0
30.3629,75.46763,346.72,0.4,0.37,2024-11-18,807,N,VIIRS,n,2,304.34,5.54,D,0
30.36487,74.47591,334.92,0.38,0.36,2024-11-18,807,N,VIIRS,n,2,305.37,7.48,D,0
30.36574,75.36617,330.26,0.39,0.36,2024-11-18,807,N,VIIRS,l,2,301.3,2.72,D,0
30.36621,74.30322,345.26,0.38,0.36,2024-11-18,807,N,VIIRS,n,2,301.51,3.45,D,0
30.36954,74.55299,339.33,0.39,0.36,2024-11-18,807,N,VIIRS,n,2,302.2,3.54,D,0
30.37366,74.42076,333.16,0.38,0.36,2024-11-18,807,N,VIIRS,n,2,299.4,1.61,D,0
30.37428,74.58495,342.66,0.39,0.36,2024-11-18,807,N,VIIRS,n,2,308.88,26.72,D,0
30.37642,74.32579,330.31,0.38,0.36,2024-11-18,807,N,VIIRS,n,2,302.83,1.16,D,0
30.37697,74.4201,332.16,0.38,0.36,2024-11-18,807,N,VIIRS,n,2,300.54,1.61,D,0
30.37794,74.56367,341.7,0.39,0.36,2024-11-18,807,N,VIIRS,n,2,304.03,3.89,D,0
30.37842,74.7283,333.5,0.39,0.36,2024-11-18,807,N,VIIRS,n,2,300.66,1.76,D,0
30.38042,74.53449,330.83,0.39,0.36,2024-11-18,807,N,VIIRS,n,2,303.37,1.86,D,0
30.38125,74.56302,333.27,0.39,0.36,2024-11-18,807,N,VIIRS,n,2,302.25,1.57,D,0
30.3821,74.59165,337.41,0.39,0.36,2024-11-18,807,N,VIIRS,n,2,302.71,23.26,D,0
30.38217,74.77708,336.01,0.39,0.36,2024-11-18,807,N,VIIRS,n,2,303.53,4.42,D,0
30.38255,74.75636,340.67,0.39,0.36,2024-11-18,807,N,VIIRS,n,2,305.5,6.3,D,0
30.38478,74.42677,332.75,0.38,0.36,2024-11-18,807,N,VIIRS,n,2,300.85,4.62,D,0
30.38505,74.72701,333.64,0.39,0.36,2024-11-18,807,N,VIIRS,n,2,302.01,1.89,D,0
30.38541,74.591,336.13,0.39,0.36,2024-11-18,807,N,VIIRS,n,2,302.06,4.74,D,0
30.38549,74.77644,342.36,0.39,0.36,2024-11-18,807,N,VIIRS,n,2,303.79,14.29,D,0
30.38564,74.73101,332.78,0.39,0.36,2024-11-18,807,N,VIIRS,n,2,300.65,2.01,D,0
30.38565,74.45535,342.11,0.38,0.36,2024-11-18,807,N,VIIRS,n,2,302.35,5.6,D,0
30.38566,74.61565,335.07,0.39,0.36,2024-11-18,807,N,VIIRS,n,2,302.49,2.2,D,0
30.38586,74.75572,334.74,0.39,0.36,2024-11-18,807,N,VIIRS,n,2,300.37,6.3,D,0
30.3866,74.59899,340.09,0.39,0.36,2024-11-18,807,N,VIIRS,n,2,301.72,7.34,D,0
30.38682,75.02042,344,0.39,0.36,2024-11-18,807,N,VIIRS,n,2,306.68,11.72,D,0
30.39025,74.57769,331.1,0.39,0.36,2024-11-18,807,N,VIIRS,l,2,302.82,1.37,D,0
30.39412,75.34821,334,0.39,0.36,2024-11-18,807,N,VIIRS,n,2,304.82,2.57,D,0
30.39477,74.70035,338.71,0.39,0.36,2024-11-18,807,N,VIIRS,n,2,303.03,3.88,D,0
30.39492,75.13902,330.64,0.39,0.36,2024-11-18,807,N,VIIRS,n,2,305.35,2.55,D,0
30.39551,75.14307,334.05,0.39,0.36,2024-11-18,807,N,VIIRS,n,2,305.58,3.4,D,0
30.39639,75.26817,334.67,0.39,0.36,2024-11-18,807,N,VIIRS,n,2,303.58,2.08,D,0
30.39684,74.37097,330.17,0.38,0.36,2024-11-18,807,N,VIIRS,n,2,302.4,1.46,D,0
30.39699,74.7618,338.69,0.39,0.36,2024-11-18,807,N,VIIRS,n,2,303.68,3.71,D,0
30.39869,73.9399,338.33,0.38,0.36,2024-11-18,807,N,VIIRS,n,2,305.06,16.36,D,0
30.39913,74.75313,339.4,0.39,0.36,2024-11-18,807,N,VIIRS,n,2,301.21,3.99,D,0
30.39931,74.3707,330.45,0.38,0.36,2024-11-18,807,N,VIIRS,n,2,300.69,1.68,D,0
30.40097,74.90572,337.66,0.39,0.36,2024-11-18,807,N,VIIRS,n,2,302.75,2.99,D,0
30.40196,75.1877,330.02,0.39,0.36,2024-11-18,807,N,VIIRS,n,2,301.89,1.02,D,0
30.40245,74.00892,336.07,0.38,0.36,2024-11-18,807,N,VIIRS,n,2,301.9,2.62,D,0
30.4037,74.90105,339.63,0.39,0.36,2024-11-18,807,N,VIIRS,n,2,303.9,9.33,D,0
30.40389,74.66971,333.5,0.39,0.36,2024-11-18,807,N,VIIRS,n,2,303.37,5.32,D,0
30.40684,74.35277,333.69,0.38,0.36,2024-11-18,807,N,VIIRS,n,2,302.23,1.86,D,0
30.40771,74.38135,335.85,0.38,0.36,2024-11-18,807,N,VIIRS,l,2,306.62,2.75,D,0
30.40862,74.70176,330.4,0.39,0.36,2024-11-18,807,N,VIIRS,n,2,304.45,2.3,D,0
30.40905,73.4821,346.45,0.39,0.36,2024-11-18,807,N,VIIRS,n,2,301.85,6.02,D,0
30.4106,74.46272,338.45,0.38,0.36,2024-11-18,807,N,VIIRS,n,2,307.88,11.66,D,0
30.41108,74.29034,344.76,0.38,0.36,2024-11-18,807,N,VIIRS,n,2,302.97,3.41,D,0
30.41239,74.75053,333.8,0.39,0.36,2024-11-18,807,N,VIIRS,n,2,302.86,4.14,D,0
30.41302,74.46248,343.65,0.38,0.36,2024-11-18,807,N,VIIRS,n,2,304.13,14.6,D,0
30.41406,74.87834,337.14,0.39,0.36,2024-11-18,807,N,VIIRS,n,2,306.26,8.37,D,0
30.4143,74.71715,340.23,0.39,0.36,2024-11-18,807,N,VIIRS,n,2,301.93,2.5,D,0
30.41511,75.49577,347.87,0.4,0.37,2024-11-18,807,N,VIIRS,n,2,304.5,31.69,D,0
30.41537,74.49467,330.14,0.39,0.36,2024-11-18,807,N,VIIRS,n,2,304.66,4.42,D,0
30.41569,75.49989,336.16,0.4,0.37,2024-11-18,807,N,VIIRS,n,2,302.3,5.89,D,0
30.41597,74.49866,332.42,0.39,0.36,2024-11-18,807,N,VIIRS,n,2,301.82,4.42,D,0
30.41599,75.45343,330.01,0.4,0.37,2024-11-18,807,N,VIIRS,l,2,303.24,2.1,D,0
30.4198,74.28038,335.9,0.38,0.36,2024-11-18,807,N,VIIRS,n,2,302.35,2.82,D,0
30.42023,74.46516,330.31,0.38,0.36,2024-11-18,807,N,VIIRS,n,2,303.23,2.51,D,0
30.42034,74.37473,338.85,0.38,0.36,2024-11-18,807,N,VIIRS,n,2,304.11,3.11,D,0
30.42065,74.80676,332.06,0.39,0.36,2024-11-18,807,N,VIIRS,n,2,303.52,1.74,D,0
30.42082,74.46915,352.55,0.38,0.36,2024-11-18,807,N,VIIRS,n,2,305.76,4.97,D,0
30.42115,74.62512,336.77,0.39,0.36,2024-11-18,807,N,VIIRS,n,2,303.27,3.04,D,0
30.42413,74.46849,343.07,0.38,0.36,2024-11-18,807,N,VIIRS,n,2,302.41,4.97,D,0
30.42429,75.13805,344.24,0.39,0.36,2024-11-18,807,N,VIIRS,n,2,308.12,14.34,D,0
30.42566,74.74794,332.26,0.39,0.36,2024-11-18,807,N,VIIRS,l,2,303.94,3.75,D,0
30.42576,74.36542,332.09,0.38,0.36,2024-11-18,807,N,VIIRS,l,2,305.17,2.41,D,0
30.42625,74.75195,334.14,0.39,0.36,2024-11-18,807,N,VIIRS,l,2,304.54,3.75,D,0
30.42778,75.25853,331.35,0.39,0.36,2024-11-18,807,N,VIIRS,n,2,301.41,1.68,D,0
30.42979,75.12866,339.31,0.39,0.36,2024-11-18,807,N,VIIRS,n,2,304.84,3.29,D,0
30.43269,74.54898,339.13,0.39,0.36,2024-11-18,807,N,VIIRS,n,2,302.26,2.51,D,0
30.43284,74.93684,346.04,0.39,0.36,2024-11-18,807,N,VIIRS,n,2,308.21,14.41,D,0
30.43325,74.39269,332.91,0.38,0.36,2024-11-18,807,N,VIIRS,n,2,302.67,3.53,D,0
30.43611,75.44963,341.87,0.4,0.37,2024-11-18,807,N,VIIRS,n,2,305.51,5.07,D,0
30.43665,75.24848,339.26,0.39,0.36,2024-11-18,807,N,VIIRS,n,2,303.36,3.14,D,0
30.43774,74.73732,337.36,0.39,0.36,2024-11-18,807,N,VIIRS,n,2,302.81,3.53,D,0
30.43811,74.1987,346.59,0.38,0.36,2024-11-18,807,N,VIIRS,n,2,304.88,5.51,D,0
30.43979,75.12674,339.21,0.39,0.36,2024-11-18,807,N,VIIRS,n,2,308.37,22.44,D,0
30.44271,74.67857,333.38,0.39,0.36,2024-11-18,807,N,VIIRS,n,2,302,1.49,D,0
30.44275,75.24313,337.15,0.39,0.36,2024-11-18,807,N,VIIRS,n,2,305.22,3.64,D,0
30.44318,75.22213,333.64,0.39,0.36,2024-11-18,807,N,VIIRS,n,2,304.66,2.25,D,0
30.44497,74.67839,346.62,0.39,0.36,2024-11-18,807,N,VIIRS,n,2,305.89,11.88,D,0
30.44603,74.79353,333.53,0.39,0.36,2024-11-18,807,N,VIIRS,l,2,304.64,2.69,D,0
30.44606,74.61635,342.26,0.39,0.36,2024-11-18,807,N,VIIRS,n,2,302.58,3.84,D,0
30.44662,74.79755,333.97,0.39,0.36,2024-11-18,807,N,VIIRS,n,2,303.33,2.69,D,0
30.44724,74.62436,335.33,0.39,0.36,2024-11-18,807,N,VIIRS,n,2,302.25,2.99,D,0
30.44966,74.95846,332.69,0.39,0.36,2024-11-18,807,N,VIIRS,n,2,301.54,4.48,D,0
30.45066,74.41798,332.67,0.38,0.36,2024-11-18,807,N,VIIRS,n,2,304.05,1.85,D,0
30.45089,74.78017,347.37,0.39,0.36,2024-11-18,807,N,VIIRS,n,2,308.55,13.89,D,0
30.4516,74.73873,333.87,0.39,0.36,2024-11-18,807,N,VIIRS,n,2,303.76,1.89,D,0
30.45304,74.59437,338.88,0.39,0.36,2024-11-18,807,N,VIIRS,n,2,303.83,4.78,D,0
30.45351,74.64373,333.78,0.39,0.36,2024-11-18,807,N,VIIRS,n,2,301.34,1.74,D,0
30.45381,74.73857,335.63,0.39,0.36,2024-11-18,807,N,VIIRS,n,2,305.17,5.47,D,0
30.45446,74.62706,333.1,0.39,0.36,2024-11-18,807,N,VIIRS,n,2,299.81,2.09,D,0
30.45456,74.7588,344.32,0.39,0.36,2024-11-18,807,N,VIIRS,n,2,306.36,11.92,D,0
30.45469,74.65174,336.63,0.39,0.36,2024-11-18,807,N,VIIRS,n,2,302.08,4.38,D,0
30.45505,74.63107,330.38,0.39,0.36,2024-11-18,807,N,VIIRS,n,2,299.25,2.09,D,0
30.45528,74.65575,332.37,0.39,0.36,2024-11-18,807,N,VIIRS,n,2,300.89,4.38,D,0
30.45659,74.61839,331.22,0.39,0.36,2024-11-18,807,N,VIIRS,n,2,300.41,1.38,D,0
30.45665,74.86592,340.52,0.39,0.36,2024-11-18,807,N,VIIRS,n,2,314.43,29.98,D,0
30.45674,74.75864,344.06,0.39,0.36,2024-11-18,807,N,VIIRS,n,2,303.65,9.85,D,0
30.45867,74.49454,332.56,0.39,0.36,2024-11-18,807,N,VIIRS,n,2,301.52,2.15,D,0
30.45868,74.72523,333.72,0.39,0.36,2024-11-18,807,N,VIIRS,n,2,303.81,5.8,D,0
30.45872,74.60973,333.77,0.39,0.36,2024-11-18,807,N,VIIRS,n,2,302.71,2.4,D,0
30.45931,74.61374,333.46,0.39,0.36,2024-11-18,807,N,VIIRS,n,2,301.2,2.4,D,0
30.45955,74.63842,333.51,0.39,0.36,2024-11-18,807,N,VIIRS,n,2,299.45,1.99,D,0
30.45959,75.36156,332.95,0.39,0.36,2024-11-18,807,N,VIIRS,n,2,300.37,3.49,D,0
30.45988,75.21894,338.48,0.39,0.36,2024-11-18,807,N,VIIRS,n,2,303.03,2.73,D,0
30.45998,74.86528,340.3,0.39,0.36,2024-11-18,807,N,VIIRS,n,2,304.31,7.34,D,0
30.46198,74.49388,333.88,0.39,0.36,2024-11-18,807,N,VIIRS,n,2,301.29,2.15,D,0
30.46199,74.72459,342.76,0.39,0.36,2024-11-18,807,N,VIIRS,n,2,303.83,5.8,D,0
30.46203,74.60908,333.49,0.39,0.36,2024-11-18,807,N,VIIRS,n,2,302.97,4.5,D,0
30.46322,75.21831,330.61,0.39,0.36,2024-11-18,807,N,VIIRS,n,2,302.34,1.84,D,0
30.46484,74.35351,332.32,0.38,0.36,2024-11-18,807,N,VIIRS,n,2,302.54,2.4,D,0
30.46499,74.6291,350.07,0.39,0.36,2024-11-18,807,N,VIIRS,n,2,309.22,21.32,D,0
30.46663,74.57108,343.14,0.39,0.36,2024-11-18,807,N,VIIRS,n,2,303.94,4.69,D,0
30.46758,74.66984,345.5,0.39,0.36,2024-11-18,807,N,VIIRS,n,2,303.1,6.33,D,0
30.4683,73.99655,336.76,0.38,0.36,2024-11-18,807,N,VIIRS,n,2,302.32,4.1,D,0
30.46968,74.24984,333.26,0.38,0.36,2024-11-18,807,N,VIIRS,n,2,301.6,2.03,D,0
30.47141,75.49424,334.54,0.4,0.37,2024-11-18,807,N,VIIRS,n,2,301.26,4.68,D,0
30.47417,74.34753,334.02,0.38,0.36,2024-11-18,807,N,VIIRS,n,2,302.04,2.06,D,0
30.4767,74.63916,332.12,0.39,0.36,2024-11-18,807,N,VIIRS,n,2,300.15,2.1,D,0
30.47747,74.2113,335.76,0.38,0.36,2024-11-18,807,N,VIIRS,n,2,304.48,5.94,D,0
30.47869,74.56046,341.31,0.39,0.36,2024-11-18,807,N,VIIRS,n,2,302.17,4.76,D,0
30.479,74.77083,330.22,0.39,0.36,2024-11-18,807,N,VIIRS,l,2,301.37,1.66,D,0
30.48037,74.61783,340.98,0.39,0.36,2024-11-18,807,N,VIIRS,n,2,303.47,6.86,D,0
30.48113,74.17052,340.6,0.38,0.36,2024-11-18,807,N,VIIRS,n,2,305.93,5.52,D,0
30.48371,74.80299,334.72,0.39,0.36,2024-11-18,807,N,VIIRS,n,2,303.4,5.09,D,0
30.48372,74.87337,332.68,0.39,0.36,2024-11-18,807,N,VIIRS,n,2,303.44,1.61,D,0
30.48497,74.57982,338.2,0.39,0.36,2024-11-18,807,N,VIIRS,n,2,304.91,3.39,D,0
30.48556,74.58382,334.78,0.39,0.36,2024-11-18,807,N,VIIRS,n,2,302.58,3.39,D,0
30.48569,74.65388,344.36,0.39,0.36,2024-11-18,807,N,VIIRS,n,2,302.88,8.07,D,0
30.48711,74.68663,343.73,0.39,0.36,2024-11-18,807,N,VIIRS,n,2,304.02,5.45,D,0
30.48734,74.71136,333.32,0.39,0.36,2024-11-18,807,N,VIIRS,n,2,302.26,2.3,D,0
30.48744,74.1898,331.53,0.38,0.36,2024-11-18,807,N,VIIRS,n,2,303.5,1.23,D,0
30.48829,74.69466,346.43,0.39,0.36,2024-11-18,807,N,VIIRS,n,2,303.1,5.16,D,0
30.49002,74.04963,330.16,0.38,0.36,2024-11-18,807,N,VIIRS,n,2,301.97,3.74,D,0
30.49062,74.05361,332.77,0.38,0.36,2024-11-18,807,N,VIIRS,n,2,301.95,5.71,D,0
30.49093,74.80572,332.25,0.39,0.36,2024-11-18,807,N,VIIRS,n,2,302.11,6.93,D,0
30.49244,75.00452,334.43,0.39,0.36,2024-11-18,807,N,VIIRS,l,2,308.2,4.27,D,0
30.49311,74.31498,344.57,0.38,0.36,2024-11-18,807,N,VIIRS,n,2,302.41,4,D,0
30.49351,75.33411,339.47,0.39,0.36,2024-11-18,807,N,VIIRS,n,2,300.58,3.31,D,0
30.49465,74.55318,335.18,0.39,0.36,2024-11-18,807,N,VIIRS,n,2,301.59,2.66,D,0
30.49496,74.26223,342.72,0.38,0.36,2024-11-18,807,N,VIIRS,n,2,306.86,8.54,D,0
30.49524,74.55719,333.89,0.39,0.36,2024-11-18,807,N,VIIRS,n,2,302.44,2.66,D,0
30.49603,74.88757,330.02,0.39,0.36,2024-11-18,807,N,VIIRS,l,2,303.6,2.2,D,0
30.49919,74.67599,338.78,0.39,0.36,2024-11-18,807,N,VIIRS,n,2,305.89,9.54,D,0
30.49971,74.35887,343.88,0.38,0.36,2024-11-18,807,N,VIIRS,n,2,310.12,13.05,D,0
30.50113,75.21944,334.6,0.39,0.36,2024-11-18,807,N,VIIRS,n,2,302.55,3.38,D,0
30.50151,74.37085,330.48,0.38,0.36,2024-11-18,807,N,VIIRS,n,2,304.04,2.48,D,0
30.50211,74.37484,332.68,0.38,0.36,2024-11-18,807,N,VIIRS,n,2,301.78,2.48,D,0
30.50215,74.69606,346.86,0.39,0.36,2024-11-18,807,N,VIIRS,n,2,305.77,14.55,D,0
30.50266,74.95683,333.05,0.39,0.36,2024-11-18,807,N,VIIRS,l,2,303.17,2.79,D,0
30.50302,74.35821,342.44,0.38,0.36,2024-11-18,807,N,VIIRS,n,2,305.24,13.05,D,0
30.50561,74.90644,334.51,0.39,0.36,2024-11-18,807,N,VIIRS,n,2,305.24,2.52,D,0
30.50614,74.76966,345.83,0.39,0.36,2024-11-18,807,N,VIIRS,n,2,303.83,9.46,D,0
30.50635,74.15721,340.97,0.38,0.36,2024-11-18,807,N,VIIRS,n,2,302.28,3.81,D,0
30.51204,74.35334,331.89,0.38,0.36,2024-11-18,807,N,VIIRS,n,2,301,5.83,D,0
30.51226,74.06155,333.38,0.38,0.36,2024-11-18,807,N,VIIRS,n,2,301.46,2.66,D,0
30.51327,74.70213,334.17,0.39,0.36,2024-11-18,807,N,VIIRS,n,2,302.7,3.14,D,0
30.51522,74.03629,338.62,0.38,0.36,2024-11-18,807,N,VIIRS,n,2,302.78,6.62,D,0
30.51528,74.73893,338.73,0.39,0.36,2024-11-18,807,N,VIIRS,n,2,306.12,8.43,D,0
30.51541,74.69346,331.87,0.39,0.36,2024-11-18,807,N,VIIRS,n,2,302.59,1.51,D,0
30.516,74.69748,333.12,0.39,0.36,2024-11-18,807,N,VIIRS,n,2,302.75,3.92,D,0
30.51953,74.10936,350.69,0.38,0.36,2024-11-18,807,N,VIIRS,n,2,305.91,12.9,D,0
30.52284,74.60534,346.81,0.39,0.36,2024-11-18,807,N,VIIRS,n,2,301.95,5.5,D,0
30.52326,74.53929,337.17,0.39,0.36,2024-11-18,807,N,VIIRS,n,2,300.76,3.6,D,0
30.5236,74.93616,331.18,0.39,0.36,2024-11-18,807,N,VIIRS,l,2,302.87,2.82,D,0
30.52556,74.60067,337.46,0.39,0.36,2024-11-18,807,N,VIIRS,n,2,301.93,4.86,D,0
30.5272,74.47789,334.02,0.39,0.36,2024-11-18,807,N,VIIRS,l,2,304.22,24.96,D,0
30.53244,75.48699,330.23,0.4,0.37,2024-11-18,807,N,VIIRS,n,2,300.2,1.21,D,0
30.53338,74.15586,337.02,0.38,0.36,2024-11-18,807,N,VIIRS,n,2,302.09,3.69,D,0
30.53462,74.25426,330.31,0.38,0.36,2024-11-18,807,N,VIIRS,n,2,303.06,3.62,D,0
30.53522,74.21304,344.65,0.38,0.36,2024-11-18,807,N,VIIRS,n,2,305.74,9.6,D,0
30.53522,74.25826,332.67,0.38,0.36,2024-11-18,807,N,VIIRS,n,2,301.91,4.2,D,0
30.53628,74.44727,339.66,0.38,0.36,2024-11-18,807,N,VIIRS,n,2,308.82,11.27,D,0
30.5371,74.95847,346.52,0.39,0.36,2024-11-18,807,N,VIIRS,n,2,307.2,7.08,D,0
30.53821,74.18777,340.59,0.38,0.36,2024-11-18,807,N,VIIRS,n,2,303.47,2.78,D,0
30.53959,74.44661,336.61,0.38,0.36,2024-11-18,807,N,VIIRS,n,2,302.64,4.61,D,0
30.54122,74.72971,331.35,0.39,0.36,2024-11-18,807,N,VIIRS,n,2,301.18,1.79,D,0
30.54234,74.85368,333.94,0.39,0.36,2024-11-18,807,N,VIIRS,n,2,304.27,2.23,D,0
30.54389,75.22002,341.48,0.39,0.36,2024-11-18,807,N,VIIRS,n,2,301.05,4.48,D,0
30.54587,74.46594,340.9,0.39,0.36,2024-11-18,807,N,VIIRS,n,2,304.31,14.19,D,0
30.54599,74.37536,334.03,0.38,0.36,2024-11-18,807,N,VIIRS,n,2,302.21,4.63,D,0
30.54618,75.33295,344.09,0.39,0.36,2024-11-18,807,N,VIIRS,n,2,304.84,10.47,D,0
30.54653,74.42464,335.1,0.38,0.36,2024-11-18,807,N,VIIRS,n,2,302.18,3.93,D,0
30.54686,74.404,344.61,0.38,0.36,2024-11-18,807,N,VIIRS,n,2,305.03,9.96,D,0
30.54812,74.18578,339.47,0.38,0.36,2024-11-18,807,N,VIIRS,n,2,303.79,3.24,D,0
30.5502,75.00167,344.62,0.39,0.36,2024-11-18,807,N,VIIRS,n,2,308.06,7.64,D,0
30.55143,74.18511,331.16,0.38,0.36,2024-11-18,807,N,VIIRS,n,2,303.28,3.24,D,0
30.5532,74.37804,336.4,0.38,0.36,2024-11-18,807,N,VIIRS,n,2,300.15,3.09,D,0
30.55345,75.44075,334.54,0.4,0.37,2024-11-18,807,N,VIIRS,n,2,300.94,1.85,D,0
30.55451,75.44101,336,0.4,0.37,2024-11-18,807,N,VIIRS,n,2,300.59,1.97,D,0
30.55544,74.71039,344.57,0.39,0.36,2024-11-18,807,N,VIIRS,n,2,302.48,4.19,D,0
30.55801,75.07934,344.16,0.39,0.36,2024-11-18,807,N,VIIRS,n,2,305.09,5.07,D,0
30.55833,74.66547,333.21,0.39,0.36,2024-11-18,807,N,VIIRS,n,2,303.06,2.38,D,0
30.55836,74.29884,343.04,0.38,0.36,2024-11-18,807,N,VIIRS,n,2,303.07,3.93,D,0
30.55893,74.55393,336.09,0.39,0.36,2024-11-18,807,N,VIIRS,n,2,300.02,3.06,D,0
30.56735,74.17779,342.91,0.38,0.36,2024-11-18,807,N,VIIRS,n,2,304.27,9.9,D,0
30.57246,74.8727,330.79,0.39,0.36,2024-11-18,807,N,VIIRS,n,2,302.1,1.65,D,0
30.57372,74.65418,333.44,0.39,0.36,2024-11-18,807,N,VIIRS,n,2,301.21,5.03,D,0
30.57473,74.47669,333.85,0.39,0.36,2024-11-18,807,N,VIIRS,n,2,301.84,3.3,D,0
30.57523,74.52596,333.22,0.39,0.36,2024-11-18,807,N,VIIRS,n,2,302.2,5.12,D,0
30.57683,75.06738,343.33,0.39,0.36,2024-11-18,807,N,VIIRS,n,2,304.99,4.47,D,0
30.5773,75.40714,335.89,0.4,0.37,2024-11-18,807,N,VIIRS,n,2,301.47,2.7,D,0
30.57846,75.41536,340,0.4,0.37,2024-11-18,807,N,VIIRS,n,2,304.19,4.36,D,0
30.58016,75.06673,338.68,0.39,0.36,2024-11-18,807,N,VIIRS,n,2,302.64,4.47,D,0
30.58254,74.48338,335.77,0.39,0.36,2024-11-18,807,N,VIIRS,n,2,301.04,3.88,D,0
30.58388,75.28373,342.48,0.39,0.36,2024-11-18,807,N,VIIRS,n,2,301.87,3.16,D,0
30.5849,74.49931,341.66,0.39,0.36,2024-11-18,807,N,VIIRS,n,2,304.07,3.64,D,0
30.58542,74.54869,333.18,0.39,0.36,2024-11-18,807,N,VIIRS,n,2,300.43,2.4,D,0
30.58547,75.27082,333.42,0.39,0.36,2024-11-18,807,N,VIIRS,n,2,301.83,2.75,D,0
30.58606,75.27491,331.75,0.39,0.36,2024-11-18,807,N,VIIRS,n,2,300.86,2.75,D,0
30.58873,74.54803,334.81,0.39,0.36,2024-11-18,807,N,VIIRS,n,2,300.09,3.78,D,0
30.58907,74.89967,336.82,0.39,0.36,2024-11-18,807,N,VIIRS,n,2,301.63,3.25,D,0
30.59098,74.7252,333.92,0.39,0.36,2024-11-18,807,N,VIIRS,n,2,301.42,2.31,D,0
30.59465,75.31111,331.9,0.39,0.36,2024-11-18,807,N,VIIRS,n,2,299.51,1.4,D,0
30.59616,74.41476,334.91,0.38,0.36,2024-11-18,807,N,VIIRS,n,2,308.01,10.72,D,0
30.59643,74.43941,336.58,0.39,0.36,2024-11-18,807,N,VIIRS,n,2,304.14,5.18,D,0
30.59676,74.41875,342.09,0.38,0.36,2024-11-18,807,N,VIIRS,n,2,308.64,12.09,D,0
30.59739,74.69913,338.93,0.39,0.36,2024-11-18,807,N,VIIRS,n,2,306.45,12.26,D,0
30.59798,74.58747,331,0.39,0.36,2024-11-18,807,N,VIIRS,n,2,300.3,1.12,D,0
30.59976,74.59949,352.54,0.39,0.36,2024-11-18,807,N,VIIRS,n,2,311.11,20.38,D,0
30.60052,75.18406,333.53,0.39,0.36,2024-11-18,807,N,VIIRS,l,2,304.84,3.96,D,0
30.6007,74.69848,342.67,0.39,0.36,2024-11-18,807,N,VIIRS,n,2,304.23,12.26,D,0
30.60153,75.02509,332.68,0.39,0.36,2024-11-18,807,N,VIIRS,n,2,300.81,27.89,D,0
30.60386,75.18343,334.57,0.39,0.36,2024-11-18,807,N,VIIRS,l,2,305.02,3.96,D,0
30.60565,74.75545,340.44,0.39,0.36,2024-11-18,807,N,VIIRS,n,2,306.59,18.74,D,0
30.60638,74.59819,337.01,0.39,0.36,2024-11-18,807,N,VIIRS,n,2,302.36,2.91,D,0
30.6084,75.11977,343.3,0.39,0.36,2024-11-18,807,N,VIIRS,n,2,303.58,4.98,D,0
30.60987,74.50672,347.02,0.39,0.36,2024-11-18,807,N,VIIRS,n,2,302.18,6.91,D,0
30.61029,74.60155,346.81,0.39,0.36,2024-11-18,807,N,VIIRS,n,2,303.24,5.39,D,0
30.61051,75.02454,334.16,0.39,0.36,2024-11-18,807,N,VIIRS,n,2,305.56,2.38,D,0
30.61109,75.0286,336.04,0.39,0.36,2024-11-18,807,N,VIIRS,n,2,306.31,2.91,D,0
30.6143,74.93218,330.05,0.39,0.36,2024-11-18,807,N,VIIRS,n,2,299.85,1.67,D,0
30.61443,75.02795,334.81,0.39,0.36,2024-11-18,807,N,VIIRS,n,2,304.67,2.91,D,0
30.61525,74.98611,333.58,0.39,0.36,2024-11-18,807,N,VIIRS,l,2,304.48,4.44,D,0
30.61623,75.46323,333.24,0.4,0.37,2024-11-18,807,N,VIIRS,n,2,301.04,1.39,D,0
30.61633,74.71196,337.59,0.39,0.36,2024-11-18,807,N,VIIRS,n,2,303.98,3.03,D,0
30.61649,74.50541,335.21,0.39,0.36,2024-11-18,807,N,VIIRS,n,2,301.75,3.62,D,0
30.61859,74.65776,333.86,0.39,0.36,2024-11-18,807,N,VIIRS,n,2,301.72,3.32,D,0
30.62166,74.63235,340.16,0.39,0.36,2024-11-18,807,N,VIIRS,n,2,305.3,9.79,D,0
30.62251,74.50009,347.14,0.39,0.36,2024-11-18,807,N,VIIRS,n,2,304.54,8.52,D,0
30.62592,74.61499,332.8,0.39,0.36,2024-11-18,807,N,VIIRS,l,2,303.21,6.99,D,0
30.62651,74.619,332.27,0.39,0.36,2024-11-18,807,N,VIIRS,n,2,301.45,7.98,D,0
30.6341,74.71674,333.5,0.39,0.36,2024-11-18,807,N,VIIRS,n,2,300.71,1.84,D,0
30.63624,74.70805,331.23,0.39,0.36,2024-11-18,807,N,VIIRS,l,2,301.68,3.33,D,0
30.63738,74.97349,332.34,0.39,0.36,2024-11-18,807,N,VIIRS,l,2,306.65,8.2,D,0
30.63926,75.0816,333.9,0.39,0.36,2024-11-18,807,N,VIIRS,n,2,305.7,3.11,D,0
30.64015,74.71143,332.93,0.39,0.36,2024-11-18,807,N,VIIRS,n,2,301.43,4.18,D,0
30.64061,74.64515,330.97,0.39,0.36,2024-11-18,807,N,VIIRS,l,2,301.4,3.28,D,0
30.64074,74.71545,334,0.39,0.36,2024-11-18,807,N,VIIRS,l,2,304.86,9.53,D,0
30.6412,74.64916,332.6,0.39,0.36,2024-11-18,807,N,VIIRS,n,2,300.74,4.77,D,0
30.64346,74.71078,330.44,0.39,0.36,2024-11-18,807,N,VIIRS,n,2,300.63,4.18,D,0
30.64406,74.7148,337.86,0.39,0.36,2024-11-18,807,N,VIIRS,n,2,302.38,9.53,D,0
30.64642,74.73089,337.79,0.39,0.36,2024-11-18,807,N,VIIRS,n,2,304.47,6.6,D,0
30.64678,74.71012,332.05,0.39,0.36,2024-11-18,807,N,VIIRS,n,2,300.37,1.9,D,0
30.64803,75.23915,335.34,0.39,0.36,2024-11-18,807,N,VIIRS,n,2,302.57,2.12,D,0
30.64832,74.6974,344.64,0.39,0.36,2024-11-18,807,N,VIIRS,n,2,302.69,9.08,D,0
30.64868,75.07561,332.26,0.39,0.36,2024-11-18,807,N,VIIRS,n,2,302.11,1.08,D,0
30.64974,74.73024,338.44,0.39,0.36,2024-11-18,807,N,VIIRS,n,2,303.9,6.43,D,0
30.65033,74.73427,334.75,0.39,0.36,2024-11-18,807,N,VIIRS,n,2,304.75,6.43,D,0
30.65056,74.64319,304.95,0.39,0.36,2024-11-18,807,N,VIIRS,l,2,308.05,18.33,D,0
30.65115,74.64721,334.6,0.39,0.36,2024-11-18,807,N,VIIRS,l,2,305.08,19.81,D,0
30.65365,74.73361,333.79,0.39,0.36,2024-11-18,807,N,VIIRS,n,2,300.19,6.43,D,0
30.65498,74.88271,332.92,0.39,0.36,2024-11-18,807,N,VIIRS,n,2,302.66,2.72,D,0
30.65738,75.41314,333.65,0.4,0.37,2024-11-18,807,N,VIIRS,n,2,301.26,2.24,D,0
30.65891,75.02772,333.04,0.39,0.36,2024-11-18,807,N,VIIRS,n,2,302.14,1.87,D,0
30.66325,75.37107,336.56,0.39,0.37,2024-11-18,807,N,VIIRS,n,2,302.64,3.69,D,0
30.66487,75.16457,333.03,0.39,0.36,2024-11-18,807,N,VIIRS,l,2,303.87,6.66,D,0
30.6672,75.1809,339.81,0.39,0.36,2024-11-18,807,N,VIIRS,n,2,305.36,5.62,D,0
30.66821,75.16394,334.67,0.39,0.36,2024-11-18,807,N,VIIRS,n,2,304.07,6.66,D,0
30.66916,75.43764,332.61,0.4,0.37,2024-11-18,807,N,VIIRS,n,2,302.26,2.04,D,0
30.67378,75.08333,333.47,0.39,0.36,2024-11-18,807,N,VIIRS,n,2,304.42,2.33,D,0
30.67402,75.39862,332.25,0.4,0.37,2024-11-18,807,N,VIIRS,n,2,301.75,2.66,D,0
30.67508,75.28447,333.17,0.39,0.36,2024-11-18,807,N,VIIRS,n,2,302.37,3.72,D,0
30.67737,75.39799,331.93,0.4,0.37,2024-11-18,807,N,VIIRS,n,2,300.07,2.45,D,0
30.6785,75.04481,335.19,0.39,0.36,2024-11-18,807,N,VIIRS,n,2,304.55,13.07,D,0
30.68062,74.89435,334.29,0.39,0.36,2024-11-18,807,N,VIIRS,l,2,304.83,3.27,D,0
30.68453,74.89775,343.06,0.39,0.36,2024-11-18,807,N,VIIRS,n,2,306.78,11.05,D,0
30.68571,74.90584,335.06,0.39,0.36,2024-11-18,807,N,VIIRS,n,2,304.49,2.66,D,0
30.69987,75.00311,346.74,0.39,0.36,2024-11-18,807,N,VIIRS,n,2,307.03,4.82,D,0
30.70981,75.21474,342.72,0.39,0.36,2024-11-18,807,N,VIIRS,n,2,307.69,15.82,D,0
30.71066,75.10134,301.01,0.39,0.36,2024-11-18,807,N,VIIRS,l,2,304.77,34.22,D,0
30.71184,75.10948,344.5,0.39,0.36,2024-11-18,807,N,VIIRS,n,2,304.9,8.02,D,0
30.71242,75.11356,336.89,0.39,0.36,2024-11-18,807,N,VIIRS,n,2,303.5,8.02,D,0
30.71357,75.19302,340.91,0.39,0.36,2024-11-18,807,N,VIIRS,n,2,303.05,5,D,0
30.71459,75.10477,336.92,0.39,0.36,2024-11-18,807,N,VIIRS,l,2,307.12,34.22,D,0
30.71517,75.10884,348.99,0.39,0.36,2024-11-18,807,N,VIIRS,n,2,306.58,8.02,D,0
30.73891,75.22601,339.76,0.39,0.36,2024-11-18,807,N,VIIRS,n,2,301.43,2.28,D,0
30.73952,75.49654,336.82,0.4,0.37,2024-11-18,807,N,VIIRS,n,2,302.48,3.95,D,0
30.7404,75.45388,334.01,0.4,0.37,2024-11-18,807,N,VIIRS,n,2,300.64,2.53,D,0
30.24767,70.61803,331.15,0.46,0.39,2024-11-18,808,N,VIIRS,n,2,300.36,3.98,D,0
30.28288,71.64661,335.18,0.42,0.38,2024-11-18,808,N,VIIRS,n,2,300.5,1.47,D,0
30.37651,71.82745,342.33,0.41,0.37,2024-11-18,808,N,VIIRS,n,2,301.36,3.73,D,0
30.37992,71.82668,330.83,0.41,0.37,2024-11-18,808,N,VIIRS,l,2,302.25,1.84,D,0
30.40196,71.7058,336.21,0.42,0.37,2024-11-18,808,N,VIIRS,n,2,299.79,2.43,D,0
30.42801,71.86013,331.7,0.41,0.37,2024-11-18,808,N,VIIRS,n,2,299.28,3.01,D,0
30.50304,71.95424,340.25,0.41,0.37,2024-11-18,808,N,VIIRS,n,2,303.49,4.9,D,0
30.50376,71.95847,333.9,0.41,0.37,2024-11-18,808,N,VIIRS,n,2,300.92,4.34,D,0
30.52051,72.01616,335.25,0.41,0.37,2024-11-18,808,N,VIIRS,n,2,302.58,3.34,D,0
30.52493,71.56807,332.28,0.42,0.38,2024-11-18,808,N,VIIRS,n,2,300.39,6.66,D,0
30.52568,71.5724,340.8,0.42,0.38,2024-11-18,808,N,VIIRS,n,2,307.81,23.84,D,0
30.52654,71.53609,334.63,0.42,0.38,2024-11-18,808,N,VIIRS,n,2,303.07,5.94,D,0
30.54225,72.02003,341.83,0.41,0.37,2024-11-18,808,N,VIIRS,n,2,304.83,3.99,D,0
30.54563,72.01927,334.69,0.41,0.37,2024-11-18,808,N,VIIRS,n,2,301.23,3.99,D,0
30.5635,71.62675,338.24,0.42,0.37,2024-11-18,808,N,VIIRS,n,2,303.09,3.98,D,0
30.56457,71.8405,331.84,0.41,0.37,2024-11-18,808,N,VIIRS,n,2,302.84,2.21,D,0
30.56692,71.62598,342.47,0.42,0.37,2024-11-18,808,N,VIIRS,n,2,303.24,3.98,D,0
30.58603,74.10431,336.39,0.38,0.36,2024-11-18,808,N,VIIRS,n,2,302.23,2.04,D,0
30.58829,71.89699,333.2,0.41,0.37,2024-11-18,808,N,VIIRS,n,2,302.84,4.18,D,0
30.59425,71.55669,336.05,0.42,0.38,2024-11-18,808,N,VIIRS,n,2,303.56,3.35,D,0
30.59693,72.58144,332.22,0.4,0.37,2024-11-18,808,N,VIIRS,n,2,301.27,2.79,D,0
30.60097,72.11755,336.34,0.4,0.37,2024-11-18,808,N,VIIRS,n,2,300.74,2.5,D,0
30.6086,72.35658,331.46,0.4,0.37,2024-11-18,808,N,VIIRS,n,2,300.74,3.06,D,0
30.60928,72.36073,343.13,0.4,0.37,2024-11-18,808,N,VIIRS,n,2,303.8,7.54,D,0
30.61603,71.66405,334.48,0.42,0.37,2024-11-18,808,N,VIIRS,n,2,304.63,1.77,D,0
30.62208,71.72077,332.94,0.41,0.37,2024-11-18,808,N,VIIRS,n,2,300.55,4,D,0
30.62446,71.72108,335.21,0.41,0.37,2024-11-18,808,N,VIIRS,n,2,303.68,8.34,D,0
30.62549,71.71999,345.58,0.41,0.37,2024-11-18,808,N,VIIRS,n,2,301.98,4,D,0
30.63206,74.25131,332.83,0.38,0.36,2024-11-18,808,N,VIIRS,n,2,301.8,2.63,D,0
30.63302,74.48586,336.4,0.39,0.36,2024-11-18,808,N,VIIRS,n,2,305.5,5.7,D,0
30.63757,72.25249,334.85,0.4,0.37,2024-11-18,808,N,VIIRS,n,2,304.5,9.59,D,0
30.63837,72.15267,332.77,0.4,0.37,2024-11-18,808,N,VIIRS,n,2,302.85,2.43,D,0
30.63871,74.50124,346.24,0.39,0.36,2024-11-18,808,N,VIIRS,n,2,302.94,7.17,D,0
30.63926,72.3254,330.79,0.4,0.37,2024-11-18,808,N,VIIRS,n,2,301.25,1.84,D,0
30.64024,74.48856,332.88,0.39,0.36,2024-11-18,808,N,VIIRS,n,2,304.17,2.45,D,0
30.64174,72.15191,332.64,0.4,0.37,2024-11-18,808,N,VIIRS,n,2,301.95,2.43,D,0
30.64314,72.16029,333.26,0.4,0.37,2024-11-18,808,N,VIIRS,n,2,301.13,1.86,D,0
30.64579,72.28088,341.26,0.4,0.37,2024-11-18,808,N,VIIRS,n,2,301.77,4.05,D,0
30.64837,72.66357,340.36,0.39,0.37,2024-11-18,808,N,VIIRS,n,2,304.44,3.83,D,0
30.64935,71.96681,332.86,0.41,0.37,2024-11-18,808,N,VIIRS,n,2,300.27,1.86,D,0
30.65198,72.17134,338.27,0.4,0.37,2024-11-18,808,N,VIIRS,n,2,301.69,3.97,D,0
30.65459,72.29185,331.63,0.4,0.37,2024-11-18,808,N,VIIRS,n,2,302.31,3.92,D,0
30.65528,72.29601,331.14,0.4,0.37,2024-11-18,808,N,VIIRS,n,2,299.81,3.92,D,0
30.65652,71.92563,342.22,0.41,0.37,2024-11-18,808,N,VIIRS,n,2,302.35,4.64,D,0
30.65883,74.63766,335.95,0.39,0.36,2024-11-18,808,N,VIIRS,n,2,299.7,3.24,D,0
30.66332,74.64506,332.85,0.39,0.36,2024-11-18,808,N,VIIRS,l,2,304.45,5.12,D,0
30.66733,71.7024,344.26,0.41,0.37,2024-11-18,808,N,VIIRS,n,2,302.01,6.79,D,0
30.67144,73.7745,333.41,0.38,0.36,2024-11-18,808,N,VIIRS,n,2,300.32,1.84,D,0
30.67183,72.41694,334.96,0.4,0.37,2024-11-18,808,N,VIIRS,n,2,301.29,4.66,D,0
30.67422,71.97071,333,0.41,0.37,2024-11-18,808,N,VIIRS,n,2,303.42,3.52,D,0
30.69184,74.35465,330.15,0.38,0.36,2024-11-18,808,N,VIIRS,n,2,302.04,1.59,D,0
30.69244,74.35866,341.62,0.38,0.36,2024-11-18,808,N,VIIRS,n,2,301.36,4.9,D,0
30.69382,71.96191,333.47,0.41,0.37,2024-11-18,808,N,VIIRS,n,2,301.77,31.41,D,0
30.69423,74.37067,331.84,0.38,0.36,2024-11-18,808,N,VIIRS,n,2,300.28,1.59,D,0
30.69721,71.96114,346.47,0.41,0.37,2024-11-18,808,N,VIIRS,n,2,315.98,31.41,D,0
30.70434,72.00337,336.88,0.41,0.37,2024-11-18,808,N,VIIRS,n,2,300.21,2.64,D,0
30.70467,74.46346,332.22,0.39,0.36,2024-11-18,808,N,VIIRS,l,2,306.46,1.77,D,0
30.70555,72.24168,335.79,0.4,0.37,2024-11-18,808,N,VIIRS,n,2,302.26,2.97,D,0
30.7063,71.99417,331.62,0.41,0.37,2024-11-18,808,N,VIIRS,n,2,300.71,4.96,D,0
30.70916,71.78188,339.68,0.41,0.37,2024-11-18,808,N,VIIRS,n,2,301.05,2.39,D,0
30.71032,74.82651,341.11,0.39,0.36,2024-11-18,808,N,VIIRS,n,2,302.84,5.38,D,0
30.71063,75.01806,367,0.39,0.36,2024-11-18,808,N,VIIRS,h,2,333.01,98,D,0
30.71271,71.94886,351.22,0.41,0.37,2024-11-18,808,N,VIIRS,n,2,304.98,9.24,D,0
30.71285,74.93835,332.76,0.39,0.36,2024-11-18,808,N,VIIRS,l,2,303.19,4.23,D,0
30.71364,74.82586,346.55,0.39,0.36,2024-11-18,808,N,VIIRS,n,2,302.66,5.38,D,0
30.71712,74.99174,333.48,0.39,0.36,2024-11-18,808,N,VIIRS,n,2,303.82,1.68,D,0
30.71739,74.36604,331.76,0.38,0.36,2024-11-18,808,N,VIIRS,l,2,303.88,2.54,D,0
30.71911,74.81648,339.44,0.39,0.36,2024-11-18,808,N,VIIRS,n,2,302.03,3.35,D,0
30.71967,71.7395,337.06,0.41,0.37,2024-11-18,808,N,VIIRS,n,2,305.46,5.47,D,0
30.72196,72.00378,337.62,0.41,0.37,2024-11-18,808,N,VIIRS,n,2,299.89,5.38,D,0
30.72869,74.48749,336.26,0.39,0.36,2024-11-18,808,N,VIIRS,n,2,304.47,3.26,D,0
30.73533,71.97887,332.96,0.41,0.37,2024-11-18,808,N,VIIRS,n,2,302.15,2.48,D,0
30.73737,74.36656,332.82,0.38,0.36,2024-11-18,808,N,VIIRS,n,2,305.02,10.06,D,0
30.73886,75.00007,331.75,0.39,0.36,2024-11-18,808,N,VIIRS,l,2,302.23,1.53,D,0
30.7416,74.34921,331.8,0.38,0.36,2024-11-18,808,N,VIIRS,l,2,305.31,8.48,D,0
30.7443,72.22066,334.42,0.4,0.37,2024-11-18,808,N,VIIRS,n,2,300.62,2.69,D,0
30.74532,74.83215,334.7,0.39,0.36,2024-11-18,808,N,VIIRS,n,2,301.61,1.51,D,0
30.74767,72.47721,335.93,0.4,0.37,2024-11-18,808,N,VIIRS,n,2,303.9,3.36,D,0
30.74776,74.45932,354.62,0.39,0.36,2024-11-18,808,N,VIIRS,n,2,310.98,9.76,D,0
30.74782,74.57047,333.93,0.39,0.36,2024-11-18,808,N,VIIRS,l,2,304.62,2.6,D,0
30.74797,71.74297,340.41,0.41,0.37,2024-11-18,808,N,VIIRS,n,2,307.33,11.35,D,0
30.7487,71.74726,341.99,0.41,0.37,2024-11-18,808,N,VIIRS,n,2,307.6,6.8,D,0
30.74973,74.33521,332.44,0.38,0.36,2024-11-18,808,N,VIIRS,n,2,300.23,1.99,D,0
30.75047,75.15274,339.04,0.39,0.36,2024-11-18,808,N,VIIRS,n,2,303.8,3.59,D,0
30.75107,74.45866,339.7,0.39,0.36,2024-11-18,808,N,VIIRS,n,2,306.18,4.52,D,0
30.75138,71.7422,333.5,0.41,0.37,2024-11-18,808,N,VIIRS,l,2,304.73,3.65,D,0
30.75381,72.00536,334.16,0.41,0.37,2024-11-18,808,N,VIIRS,n,2,303.58,1.73,D,0
30.75656,75.14738,332.87,0.39,0.36,2024-11-18,808,N,VIIRS,n,2,304.3,2.52,D,0
30.75783,74.68442,332.11,0.39,0.36,2024-11-18,808,N,VIIRS,n,2,304.72,2.49,D,0
30.75823,75.06322,333.33,0.39,0.36,2024-11-18,808,N,VIIRS,n,2,303.09,25.8,D,0
30.75943,71.78921,333.99,0.41,0.37,2024-11-18,808,N,VIIRS,n,2,305.02,3.94,D,0
30.75944,75.00027,344.05,0.39,0.36,2024-11-18,808,N,VIIRS,n,2,304.36,7.25,D,0
30.76006,74.63013,332.08,0.39,0.36,2024-11-18,808,N,VIIRS,n,2,301.83,3.09,D,0
30.76065,74.63414,332.9,0.39,0.36,2024-11-18,808,N,VIIRS,n,2,302.04,5.17,D,0
30.76072,72.02568,334.08,0.41,0.37,2024-11-18,808,N,VIIRS,n,2,301.82,2.46,D,0
30.76147,74.29986,331.42,0.38,0.36,2024-11-18,808,N,VIIRS,n,2,301.02,2.03,D,0
30.76198,74.89965,335.5,0.39,0.36,2024-11-18,808,N,VIIRS,n,2,301.5,2.43,D,0
30.76253,74.44409,337.95,0.39,0.36,2024-11-18,808,N,VIIRS,n,2,302.93,3.31,D,0
30.76297,74.95365,340.72,0.39,0.36,2024-11-18,808,N,VIIRS,n,2,304.39,4.04,D,0
30.7649,75.06194,343.76,0.39,0.36,2024-11-18,808,N,VIIRS,n,2,304.36,9.98,D,0
30.76509,74.27851,334.85,0.38,0.36,2024-11-18,808,N,VIIRS,n,2,302.21,2.22,D,0
30.7651,74.87405,332.09,0.39,0.36,2024-11-18,808,N,VIIRS,n,2,301.58,2.12,D,0
30.7663,74.95301,341.06,0.39,0.36,2024-11-18,808,N,VIIRS,n,2,304.72,4.04,D,0
30.76703,75.31802,343.51,0.39,0.37,2024-11-18,808,N,VIIRS,n,2,301.81,5.43,D,0
30.76823,75.06129,333.5,0.39,0.36,2024-11-18,808,N,VIIRS,n,2,303.34,9.98,D,0
30.76883,71.90633,330.64,0.41,0.37,2024-11-18,808,N,VIIRS,n,2,299.8,1.82,D,0
30.77038,75.31738,337.57,0.39,0.37,2024-11-18,808,N,VIIRS,n,2,300.67,5.43,D,0
30.77125,75.17815,332.98,0.39,0.36,2024-11-18,808,N,VIIRS,n,2,302.63,0.93,D,0
30.77316,75.21564,341.55,0.39,0.36,2024-11-18,808,N,VIIRS,n,2,302.72,3.52,D,0
30.7756,74.80546,340.44,0.39,0.36,2024-11-18,808,N,VIIRS,n,2,303.75,5.42,D,0
30.77619,74.8095,330.57,0.39,0.36,2024-11-18,808,N,VIIRS,n,2,303.6,5.42,D,0
30.7765,75.215,335.62,0.39,0.36,2024-11-18,808,N,VIIRS,n,2,303.01,3.52,D,0
30.77838,75.34968,331.49,0.4,0.37,2024-11-18,808,N,VIIRS,n,2,301.94,2.13,D,0
30.77985,75.31135,336.2,0.39,0.37,2024-11-18,808,N,VIIRS,n,2,301.8,3.83,D,0
30.78136,71.93868,330.59,0.41,0.37,2024-11-18,808,N,VIIRS,n,2,300.2,2.15,D,0
30.78311,74.7463,334.72,0.39,0.36,2024-11-18,808,N,VIIRS,n,2,306.23,5.03,D,0
30.78369,74.75034,338.75,0.39,0.36,2024-11-18,808,N,VIIRS,n,2,302.15,5.03,D,0
30.784,74.33659,335.89,0.38,0.36,2024-11-18,808,N,VIIRS,n,2,302,3.6,D,0
30.78641,75.28477,332.8,0.39,0.36,2024-11-18,808,N,VIIRS,n,2,302.23,1.2,D,0
30.78712,71.76516,332.92,0.41,0.37,2024-11-18,808,N,VIIRS,l,2,304.04,4.99,D,0
30.78731,74.33592,331.49,0.38,0.36,2024-11-18,808,N,VIIRS,n,2,302.53,2.64,D,0
30.78988,75.21245,333.44,0.39,0.36,2024-11-18,808,N,VIIRS,n,2,302.7,1.89,D,0
30.79156,74.52499,336.12,0.39,0.36,2024-11-18,808,N,VIIRS,n,2,305.51,3.3,D,0
30.79192,74.80692,332.09,0.39,0.36,2024-11-18,808,N,VIIRS,n,2,301.66,1.39,D,0
30.79214,71.85699,334.62,0.41,0.37,2024-11-18,808,N,VIIRS,n,2,302.22,3.78,D,0
30.79273,74.92285,330.68,0.39,0.36,2024-11-18,808,N,VIIRS,l,2,303.02,2.48,D,0
30.79323,75.21181,336.08,0.39,0.36,2024-11-18,808,N,VIIRS,n,2,302.9,4.03,D,0
30.79332,74.9269,334.04,0.39,0.36,2024-11-18,808,N,VIIRS,l,2,305.41,5.79,D,0
30.79407,74.79818,347.13,0.39,0.36,2024-11-18,808,N,VIIRS,n,2,301.88,4.47,D,0
30.79501,75.32114,336.65,0.39,0.37,2024-11-18,808,N,VIIRS,l,2,310.43,30,D,0
30.79965,75.25693,340.55,0.39,0.36,2024-11-18,808,N,VIIRS,n,2,302.22,5.5,D,0
30.80012,74.79284,334.63,0.39,0.36,2024-11-18,808,N,VIIRS,n,2,302.98,3.6,D,0
30.80024,75.26103,334.3,0.39,0.36,2024-11-18,808,N,VIIRS,n,2,302.95,6.4,D,0
30.80039,75.11797,336.16,0.39,0.36,2024-11-18,808,N,VIIRS,n,2,303.05,3.17,D,0
30.80091,74.82181,336.35,0.39,0.36,2024-11-18,808,N,VIIRS,n,2,305.41,4.14,D,0
30.8015,74.82585,331.15,0.39,0.36,2024-11-18,808,N,VIIRS,n,2,304.66,3.42,D,0
30.80185,74.73431,345.49,0.39,0.36,2024-11-18,808,N,VIIRS,n,2,305.76,9.95,D,0
30.80472,75.02914,334.69,0.39,0.36,2024-11-18,808,N,VIIRS,n,2,303.32,1.73,D,0
30.80549,75.12959,337.67,0.39,0.36,2024-11-18,808,N,VIIRS,n,2,303.93,2.98,D,0
30.80551,75.0583,335.62,0.39,0.36,2024-11-18,808,N,VIIRS,n,2,302.75,3.29,D,0
30.80608,75.13367,334.34,0.39,0.36,2024-11-18,808,N,VIIRS,l,2,305.51,2.84,D,0
30.80752,75.26387,333.62,0.39,0.36,2024-11-18,808,N,VIIRS,n,2,301.54,2.76,D,0
30.80806,74.31525,333.34,0.38,0.36,2024-11-18,808,N,VIIRS,n,2,301.33,2.78,D,0
30.80858,71.87092,332.74,0.41,0.37,2024-11-18,808,N,VIIRS,n,2,303.1,2.25,D,0
30.80893,74.85355,337.7,0.39,0.36,2024-11-18,808,N,VIIRS,n,2,303.95,3.28,D,0
30.81061,75.06988,337.62,0.39,0.36,2024-11-18,808,N,VIIRS,n,2,302.51,3.57,D,0
30.81162,75.38998,331.64,0.4,0.37,2024-11-18,808,N,VIIRS,n,2,299.54,3.11,D,0
30.81221,75.3941,331.25,0.4,0.37,2024-11-18,808,N,VIIRS,n,2,298.68,3.19,D,0
30.81395,75.06924,336.2,0.39,0.36,2024-11-18,808,N,VIIRS,n,2,300.8,4.02,D,0
30.81669,74.44156,340.94,0.39,0.36,2024-11-18,808,N,VIIRS,n,2,300.28,5.24,D,0
30.81985,74.76402,334.83,0.39,0.36,2024-11-18,808,N,VIIRS,n,2,305.36,3.52,D,0
30.82155,71.80167,339.05,0.41,0.37,2024-11-18,808,N,VIIRS,n,2,306.06,3.2,D,0
30.82321,74.90495,337.11,0.39,0.36,2024-11-18,808,N,VIIRS,n,2,306.25,3.16,D,0
30.82461,75.40873,334.09,0.4,0.37,2024-11-18,808,N,VIIRS,n,2,301.2,3.13,D,0
30.82648,74.53048,337.8,0.39,0.36,2024-11-18,808,N,VIIRS,n,2,305.82,2.59,D,0
30.82745,74.74591,339.99,0.39,0.36,2024-11-18,808,N,VIIRS,n,2,305.37,4.01,D,0
30.82804,74.74995,333.06,0.39,0.36,2024-11-18,808,N,VIIRS,n,2,301.62,4.01,D,0
30.82822,74.31967,344.8,0.38,0.36,2024-11-18,808,N,VIIRS,n,2,301.32,4.8,D,0
30.83082,74.95775,334.56,0.39,0.36,2024-11-18,808,N,VIIRS,n,2,306.25,3.07,D,0
30.83573,74.87332,333.92,0.39,0.36,2024-11-18,808,N,VIIRS,n,2,302.33,2.2,D,0
30.83624,71.84698,333.27,0.41,0.37,2024-11-18,808,N,VIIRS,n,2,304.51,3.24,D,0
30.83873,74.7063,339.36,0.39,0.36,2024-11-18,808,N,VIIRS,n,2,302.47,1.95,D,0
30.83999,72.18281,333.46,0.4,0.37,2024-11-18,808,N,VIIRS,n,2,301.91,4.33,D,0
30.84205,74.70564,332.39,0.39,0.36,2024-11-18,808,N,VIIRS,n,2,303.02,1.81,D,0
30.84358,75.11865,342.4,0.39,0.36,2024-11-18,808,N,VIIRS,n,2,302.72,3.56,D,0
30.84417,75.23157,334.75,0.39,0.36,2024-11-18,808,N,VIIRS,n,2,303.39,4.6,D,0
30.84498,71.91991,330.01,0.41,0.37,2024-11-18,808,N,VIIRS,n,2,300.5,2.02,D,0
30.84504,74.34107,341.28,0.38,0.36,2024-11-18,808,N,VIIRS,n,2,303.38,2.71,D,0
30.84928,74.70838,335.94,0.39,0.36,2024-11-18,808,N,VIIRS,n,2,305.83,2.9,D,0
30.85058,74.67075,343.97,0.39,0.36,2024-11-18,808,N,VIIRS,n,2,303.47,3.16,D,0
30.85197,74.962,335.58,0.39,0.36,2024-11-18,808,N,VIIRS,n,2,304.55,3.49,D,0
30.8542,75.21761,339.12,0.39,0.36,2024-11-18,808,N,VIIRS,n,2,301.77,3.9,D,0
30.85697,75.21287,330.42,0.39,0.36,2024-11-18,808,N,VIIRS,n,2,300.23,2.82,D,0
30.8571,75.32204,346.53,0.39,0.37,2024-11-18,808,N,VIIRS,n,2,303.45,13.56,D,0
30.8582,72.18739,332.36,0.4,0.37,2024-11-18,808,N,VIIRS,n,2,302.36,3.11,D,0
30.8584,74.67751,344.05,0.39,0.36,2024-11-18,808,N,VIIRS,n,2,307.02,10.65,D,0
30.85891,71.87713,339.6,0.41,0.37,2024-11-18,808,N,VIIRS,n,2,304.63,3.31,D,0
30.85899,75.27579,330.91,0.39,0.36,2024-11-18,808,N,VIIRS,l,2,302.95,2.06,D,0
30.85961,74.87284,335.31,0.39,0.36,2024-11-18,808,N,VIIRS,n,2,305.88,3.06,D,0
30.85997,71.82464,337.46,0.41,0.37,2024-11-18,808,N,VIIRS,n,2,303.27,2.72,D,0
30.86026,72.07401,330.43,0.4,0.37,2024-11-18,808,N,VIIRS,n,2,301.36,1.79,D,0
30.86162,75.24572,331.43,0.39,0.36,2024-11-18,808,N,VIIRS,n,2,301.85,1.41,D,0
30.86216,74.9851,332.72,0.39,0.36,2024-11-18,808,N,VIIRS,l,2,306.15,1.65,D,0
30.86293,74.87219,336.35,0.39,0.36,2024-11-18,808,N,VIIRS,n,2,305.76,3.06,D,0
30.8631,74.59362,335.15,0.39,0.36,2024-11-18,808,N,VIIRS,n,2,304.68,2.73,D,0
30.86361,74.64328,339.39,0.39,0.36,2024-11-18,808,N,VIIRS,n,2,305.62,2.25,D,0
30.86507,75.42657,332.11,0.4,0.37,2024-11-18,808,N,VIIRS,n,2,300.29,2.55,D,0
30.86532,74.59345,334.77,0.39,0.36,2024-11-18,808,N,VIIRS,n,2,304.42,1.88,D,0
30.86807,72.14185,333.14,0.4,0.37,2024-11-18,808,N,VIIRS,n,2,300.15,2.37,D,0
30.86869,75.37917,336.49,0.4,0.37,2024-11-18,808,N,VIIRS,n,2,299.19,3.12,D,0
30.86928,75.3833,332.69,0.4,0.37,2024-11-18,808,N,VIIRS,n,2,300.65,3.04,D,0
30.86972,75.10943,338.89,0.39,0.36,2024-11-18,808,N,VIIRS,n,2,303.87,3.04,D,0
30.87012,75.37956,332.58,0.4,0.37,2024-11-18,808,N,VIIRS,n,2,298.94,3.83,D,0
30.87051,75.48941,333.16,0.4,0.37,2024-11-18,808,N,VIIRS,n,2,298.74,1.81,D,0
30.8707,75.3837,332.9,0.4,0.37,2024-11-18,808,N,VIIRS,n,2,301.41,5.15,D,0
30.87306,75.10878,339.02,0.39,0.36,2024-11-18,808,N,VIIRS,n,2,303.74,3.6,D,0
30.8737,74.71189,335.63,0.39,0.36,2024-11-18,808,N,VIIRS,n,2,306.08,2.28,D,0
30.87481,75.12105,349.16,0.39,0.36,2024-11-18,808,N,VIIRS,n,2,310.8,24.56,D,0
30.87806,75.19198,331.82,0.39,0.36,2024-11-18,808,N,VIIRS,n,2,300.54,2.58,D,0
30.87943,75.4792,340.53,0.4,0.37,2024-11-18,808,N,VIIRS,n,2,302.13,2.88,D,0
30.88034,74.71059,334.75,0.39,0.36,2024-11-18,808,N,VIIRS,n,2,303.16,1.8,D,0
30.88154,74.61098,334.09,0.39,0.36,2024-11-18,808,N,VIIRS,n,2,303.31,2.5,D,0
30.88456,75.49103,331.9,0.4,0.37,2024-11-18,808,N,VIIRS,n,2,299.37,1.78,D,0
30.88483,75.11913,332.92,0.39,0.36,2024-11-18,808,N,VIIRS,n,2,303.06,3,D,0
30.88574,75.49151,332.47,0.4,0.37,2024-11-18,808,N,VIIRS,n,2,300.7,2.81,D,0
30.88681,74.3699,336.38,0.39,0.36,2024-11-18,808,N,VIIRS,n,2,300.78,10.81,D,0
30.88853,75.48671,337.35,0.4,0.37,2024-11-18,808,N,VIIRS,n,2,303.13,8.43,D,0
30.88876,72.09809,338,0.4,0.37,2024-11-18,808,N,VIIRS,n,2,304.5,11.57,D,0
30.88965,74.71319,334.68,0.39,0.36,2024-11-18,808,N,VIIRS,n,2,303.56,1.93,D,0
30.89012,74.36924,349.66,0.39,0.36,2024-11-18,808,N,VIIRS,n,2,303.43,10.81,D,0
30.89062,70.7375,336.02,0.44,0.39,2024-11-18,808,N,VIIRS,n,2,302.27,4.46,D,0
30.89075,75.08857,339.02,0.39,0.36,2024-11-18,808,N,VIIRS,n,2,303.16,4.94,D,0
30.89088,75.28239,332.18,0.39,0.37,2024-11-18,808,N,VIIRS,n,2,299.56,1.78,D,0
30.89206,74.83732,347.94,0.39,0.36,2024-11-18,808,N,VIIRS,n,2,306.33,10.15,D,0
30.89343,74.36858,353.16,0.39,0.36,2024-11-18,808,N,VIIRS,n,2,306.33,11.4,D,0
30.89403,74.37258,351.63,0.39,0.36,2024-11-18,808,N,VIIRS,n,2,300.77,11.4,D,0
30.89463,74.3766,336.27,0.39,0.36,2024-11-18,808,N,VIIRS,n,2,300.05,2.13,D,0
30.89522,74.38062,335.99,0.39,0.36,2024-11-18,808,N,VIIRS,n,2,301.85,2.13,D,0
30.89925,71.9522,334.61,0.41,0.37,2024-11-18,808,N,VIIRS,n,2,301.81,2.07,D,0
30.90125,72.17344,334.14,0.4,0.37,2024-11-18,808,N,VIIRS,n,2,301.08,2.44,D,0
30.90239,74.8481,335.48,0.39,0.36,2024-11-18,808,N,VIIRS,n,2,303.72,3.62,D,0
30.90293,72.09926,341.72,0.4,0.37,2024-11-18,808,N,VIIRS,n,2,301.92,5.15,D,0
30.90327,75.29696,331.33,0.39,0.37,2024-11-18,808,N,VIIRS,n,2,300.6,1.68,D,0
30.90817,74.67629,333.39,0.39,0.36,2024-11-18,808,N,VIIRS,l,2,303.69,2.54,D,0
30.91233,75.1433,339.01,0.39,0.36,2024-11-18,808,N,VIIRS,n,2,302.04,3.17,D,0
30.91567,75.14266,345.76,0.39,0.36,2024-11-18,808,N,VIIRS,n,2,302.93,3.17,D,0
30.91668,75.39198,332.31,0.4,0.37,2024-11-18,808,N,VIIRS,n,2,297.66,2.4,D,0
30.91766,75.03722,330.47,0.39,0.36,2024-11-18,808,N,VIIRS,l,2,305.05,2.56,D,0
30.91988,73.91433,333.78,0.38,0.36,2024-11-18,808,N,VIIRS,n,2,304.21,3.88,D,0
30.92113,75.20482,338.73,0.39,0.36,2024-11-18,808,N,VIIRS,n,2,303.83,5.37,D,0
30.92578,72.25875,334.35,0.4,0.37,2024-11-18,808,N,VIIRS,n,2,303.33,2.37,D,0
30.92678,74.99387,333.8,0.39,0.36,2024-11-18,808,N,VIIRS,n,2,302.88,1.72,D,0
30.92812,72.20694,336.9,0.4,0.37,2024-11-18,808,N,VIIRS,n,2,304.22,4.32,D,0
30.92844,74.65153,333.1,0.39,0.36,2024-11-18,808,N,VIIRS,n,2,300.45,1.46,D,0
30.92886,74.42343,367,0.39,0.36,2024-11-18,808,N,VIIRS,h,2,307.99,10.17,D,0
30.92945,74.42746,336.55,0.39,0.36,2024-11-18,808,N,VIIRS,n,2,301.04,4.43,D,0
30.93157,74.41875,346.49,0.39,0.36,2024-11-18,808,N,VIIRS,n,2,301.08,10.17,D,0
30.93654,75.43504,332.57,0.4,0.37,2024-11-18,808,N,VIIRS,n,2,298.61,5.09,D,0
30.94245,75.00761,334.03,0.39,0.36,2024-11-18,808,N,VIIRS,n,2,305.02,2.75,D,0
30.94672,75.19149,334.63,0.39,0.36,2024-11-18,808,N,VIIRS,n,2,303.64,3.11,D,0
30.94728,74.71017,341.76,0.39,0.36,2024-11-18,808,N,VIIRS,n,2,306.19,14.54,D,0
30.94731,75.19559,333.05,0.39,0.36,2024-11-18,808,N,VIIRS,n,2,301.21,3.11,D,0
30.9521,72.16261,330.32,0.4,0.37,2024-11-18,808,N,VIIRS,n,2,301.87,2.26,D,0
30.95227,75.14864,332.69,0.39,0.36,2024-11-18,808,N,VIIRS,n,2,303.05,6.2,D,0
30.95267,72.14513,341.67,0.4,0.37,2024-11-18,808,N,VIIRS,n,2,302.83,4.81,D,0
30.9539,75.33821,334.65,0.4,0.37,2024-11-18,808,N,VIIRS,n,2,299.85,4.6,D,0
30.95474,75.19034,344.41,0.39,0.36,2024-11-18,808,N,VIIRS,n,2,300.8,4.43,D,0
30.95554,75.42293,340.11,0.4,0.37,2024-11-18,808,N,VIIRS,n,2,300.57,4.95,D,0
30.95584,75.47404,340.88,0.4,0.37,2024-11-18,808,N,VIIRS,n,2,300.49,3.29,D,0
30.95758,75.3885,335.3,0.4,0.37,2024-11-18,808,N,VIIRS,n,2,301.56,4.3,D,0
30.95789,72.23917,330.25,0.4,0.37,2024-11-18,808,N,VIIRS,n,2,301.06,1.86,D,0
30.95872,75.02544,335.87,0.39,0.36,2024-11-18,808,N,VIIRS,n,2,303.21,2.09,D,0
30.95941,72.14364,332.46,0.4,0.37,2024-11-18,808,N,VIIRS,n,2,301.66,2.7,D,0
30.96172,75.23971,336.34,0.39,0.36,2024-11-18,808,N,VIIRS,n,2,303.3,6.68,D,0
30.96195,72.11703,332.29,0.4,0.37,2024-11-18,808,N,VIIRS,n,2,301.03,2.44,D,0
30.96361,75.28548,333.37,0.39,0.37,2024-11-18,808,N,VIIRS,n,2,300.06,2.25,D,0
30.96591,75.29395,331.75,0.39,0.37,2024-11-18,808,N,VIIRS,n,2,299.46,5.08,D,0
30.96601,74.8858,338.99,0.39,0.36,2024-11-18,808,N,VIIRS,n,2,304.05,2.68,D,0
30.9681,75.28505,330.51,0.39,0.37,2024-11-18,808,N,VIIRS,n,2,299.72,3.35,D,0
30.96868,75.28918,345.36,0.39,0.37,2024-11-18,808,N,VIIRS,n,2,302.36,5.08,D,0
30.96899,75.14543,334.48,0.39,0.36,2024-11-18,808,N,VIIRS,n,2,300.67,3.28,D,0
30.97158,75.30982,338.36,0.4,0.37,2024-11-18,808,N,VIIRS,n,2,299.32,2.44,D,0
30.97283,74.83852,336.45,0.39,0.36,2024-11-18,808,N,VIIRS,n,2,302.68,3.8,D,0
30.97293,75.24603,334.31,0.39,0.36,2024-11-18,808,N,VIIRS,n,2,302.82,3.65,D,0
30.97392,75.13184,332.45,0.39,0.36,2024-11-18,808,N,VIIRS,n,2,300.83,2.34,D,0
30.97535,74.80881,338.04,0.39,0.36,2024-11-18,808,N,VIIRS,n,2,307.23,8.19,D,0
30.97608,74.76698,336.43,0.39,0.36,2024-11-18,808,N,VIIRS,n,2,304.48,6.76,D,0
30.97867,74.80817,336.84,0.39,0.36,2024-11-18,808,N,VIIRS,n,2,304.52,4.08,D,0
30.98239,75.23998,331.91,0.39,0.36,2024-11-18,808,N,VIIRS,l,2,302.29,3.83,D,0
30.98294,75.34162,332.97,0.4,0.37,2024-11-18,808,N,VIIRS,n,2,302.17,2.41,D,0
30.98436,75.10878,331.01,0.39,0.36,2024-11-18,808,N,VIIRS,n,2,299.15,2.26,D,0
30.98612,75.12107,332.02,0.39,0.36,2024-11-18,808,N,VIIRS,n,2,298.82,1.88,D,0
30.98629,75.34099,332.22,0.4,0.37,2024-11-18,808,N,VIIRS,n,2,298.75,1.32,D,0
30.99051,75.03189,339.41,0.39,0.36,2024-11-18,808,N,VIIRS,n,2,307.98,10.31,D,0
30.99322,75.09865,346.2,0.39,0.36,2024-11-18,808,N,VIIRS,n,2,303.86,5.78,D,0
30.99384,75.03125,335.99,0.39,0.36,2024-11-18,808,N,VIIRS,n,2,302.15,10.31,D,0
30.99474,74.64371,332.97,0.39,0.36,2024-11-18,808,N,VIIRS,n,2,302.37,2.35,D,0
30.99532,71.89626,332.96,0.41,0.37,2024-11-18,808,N,VIIRS,l,2,304.09,3.46,D,0
30.99656,75.09801,340.2,0.39,0.36,2024-11-18,808,N,VIIRS,n,2,300.79,5.78,D,0
30.99715,71.94853,332.57,0.41,0.37,2024-11-18,808,N,VIIRS,l,2,304.74,3.31,D,0
30.99749,75.15261,331.04,0.39,0.36,2024-11-18,808,N,VIIRS,n,2,298.75,2.22,D,0
30.99791,75.13145,332.69,0.39,0.36,2024-11-18,808,N,VIIRS,n,2,301.53,3.69,D,0
30.99849,75.13555,330.85,0.39,0.36,2024-11-18,808,N,VIIRS,l,2,301.42,3.69,D,0
30.99862,74.80427,333.12,0.39,0.36,2024-11-18,808,N,VIIRS,n,2,302.34,1.49,D,0
31.00066,75.12671,342.08,0.39,0.36,2024-11-18,808,N,VIIRS,n,2,304.1,10.35,D,0
31.00217,75.18548,331.59,0.39,0.36,2024-11-18,808,N,VIIRS,n,2,301.49,1.88,D,0
31.00533,72.16803,335.6,0.4,0.37,2024-11-18,808,N,VIIRS,n,2,302.13,1.12,D,0
31.00787,74.6869,342.55,0.39,0.36,2024-11-18,808,N,VIIRS,n,2,303.79,3.52,D,0
31.01028,71.90166,339.78,0.41,0.37,2024-11-18,808,N,VIIRS,n,2,304.98,3.1,D,0
31.01049,70.79481,333.49,0.44,0.38,2024-11-18,808,N,VIIRS,n,2,300.91,2.67,D,0
31.01051,75.09953,335.74,0.39,0.36,2024-11-18,808,N,VIIRS,n,2,302.03,2.27,D,0
31.01054,70.79641,339.38,0.44,0.38,2024-11-18,808,N,VIIRS,n,2,301.67,4.27,D,0
31.01094,75.24722,339.85,0.39,0.37,2024-11-18,808,N,VIIRS,n,2,303.35,10.01,D,0
31.01162,75.17944,337.99,0.39,0.36,2024-11-18,808,N,VIIRS,n,2,299.1,3.59,D,0
31.0138,75.17058,332.05,0.39,0.36,2024-11-18,808,N,VIIRS,n,2,301.48,2.25,D,0
31.01553,70.74278,335.1,0.44,0.38,2024-11-18,808,N,VIIRS,n,2,302.17,6.77,D,0
31.0162,75.1153,332.46,0.39,0.36,2024-11-18,808,N,VIIRS,n,2,300.34,3.9,D,0
31.01692,74.77264,332.31,0.39,0.36,2024-11-18,808,N,VIIRS,n,2,301.26,0.96,D,0
31.01706,75.24182,334.95,0.39,0.37,2024-11-18,808,N,VIIRS,n,2,300.93,8.3,D,0
31.01765,75.24595,349.45,0.39,0.37,2024-11-18,808,N,VIIRS,n,2,300.1,6.55,D,0
31.01949,75.18639,332.63,0.39,0.36,2024-11-18,808,N,VIIRS,n,2,299.01,2.6,D,0
31.01997,74.67619,333.49,0.39,0.36,2024-11-18,808,N,VIIRS,n,2,302.39,3.12,D,0
31.02325,75.16455,352.85,0.39,0.36,2024-11-18,808,N,VIIRS,n,2,303.74,8.88,D,0
31.03121,74.89522,335.2,0.39,0.36,2024-11-18,808,N,VIIRS,n,2,300.22,5.51,D,0
31.03219,74.80721,333.33,0.39,0.36,2024-11-18,808,N,VIIRS,l,2,303.83,3.79,D,0
31.03501,74.56925,334.65,0.39,0.36,2024-11-18,808,N,VIIRS,n,2,302.58,3.3,D,0
31.03704,75.06917,333.17,0.39,0.36,2024-11-18,808,N,VIIRS,n,2,300.36,2.34,D,0
31.03739,70.74233,338.05,0.44,0.38,2024-11-18,808,N,VIIRS,n,2,306.06,17.48,D,0
31.0409,70.74149,334.92,0.44,0.38,2024-11-18,808,N,VIIRS,n,2,300.73,4.6,D,0
31.04225,72.21684,330.75,0.4,0.37,2024-11-18,808,N,VIIRS,n,2,304.06,2.21,D,0
31.04514,72.25503,336.48,0.4,0.37,2024-11-18,808,N,VIIRS,n,2,303.28,4.03,D,0
31.04951,75.42268,336.53,0.4,0.37,2024-11-18,808,N,VIIRS,n,2,299.98,1.97,D,0
31.0501,75.42683,339.06,0.4,0.37,2024-11-18,808,N,VIIRS,n,2,298.59,4.99,D,0
31.05178,75.17175,333.2,0.39,0.36,2024-11-18,808,N,VIIRS,n,2,301.17,4.94,D,0
31.06161,75.1078,336.2,0.39,0.36,2024-11-18,808,N,VIIRS,n,2,301.46,7.29,D,0
31.06464,74.77161,346.7,0.39,0.36,2024-11-18,808,N,VIIRS,n,2,304.7,7.78,D,0
31.0675,72.15928,334.45,0.4,0.37,2024-11-18,808,N,VIIRS,n,2,301.31,2.96,D,0
31.0676,75.17423,338.48,0.39,0.36,2024-11-18,808,N,VIIRS,n,2,300.3,2.67,D,0
31.07668,75.37063,332.11,0.4,0.37,2024-11-18,808,N,VIIRS,n,2,302.09,1.93,D,0
31.0778,72.20025,335.22,0.4,0.37,2024-11-18,808,N,VIIRS,n,2,303.11,4.18,D,0
31.07902,72.33355,356.17,0.4,0.37,2024-11-18,808,N,VIIRS,n,2,310.13,23.17,D,0
31.08004,75.36999,333.91,0.4,0.37,2024-11-18,808,N,VIIRS,n,2,300.3,2.47,D,0
31.08372,72.17297,341.21,0.4,0.37,2024-11-18,808,N,VIIRS,n,2,302.41,3.18,D,0
31.09638,75.13487,332.5,0.39,0.36,2024-11-18,808,N,VIIRS,n,2,300.1,2.31,D,0
31.10065,75.18905,331.8,0.39,0.36,2024-11-18,808,N,VIIRS,n,2,298.49,2.65,D,0
31.1009,71.98199,330.56,0.4,0.37,2024-11-18,808,N,VIIRS,l,2,303.71,4.76,D,0
31.10144,74.78947,341.24,0.39,0.36,2024-11-18,808,N,VIIRS,n,2,304.27,7.92,D,0
31.1016,71.98621,332.75,0.4,0.37,2024-11-18,808,N,VIIRS,l,2,302.95,5.75,D,0
31.1027,75.25223,335.56,0.39,0.37,2024-11-18,808,N,VIIRS,n,2,301.71,3.53,D,0
31.10605,75.25159,341.09,0.39,0.37,2024-11-18,808,N,VIIRS,n,2,303.07,3.53,D,0
31.11164,74.81255,334.62,0.39,0.36,2024-11-18,808,N,VIIRS,n,2,301.98,3.73,D,0
31.11831,73.38153,331.3,0.39,0.36,2024-11-18,808,N,VIIRS,n,2,300.55,1.71,D,0
31.12387,74.71858,345.26,0.39,0.36,2024-11-18,808,N,VIIRS,n,2,302.99,6.5,D,0
31.12543,75.41396,337.81,0.4,0.37,2024-11-18,808,N,VIIRS,n,2,303.72,9.48,D,0
31.12579,73.46691,341.6,0.38,0.36,2024-11-18,808,N,VIIRS,n,2,300.5,2.75,D,0
31.12664,74.59713,336.96,0.39,0.36,2024-11-18,808,N,VIIRS,n,2,300.18,1.82,D,0
31.13096,74.83844,331.22,0.39,0.36,2024-11-18,808,N,VIIRS,n,2,299.95,1.69,D,0
31.1326,75.05196,333.52,0.39,0.36,2024-11-18,808,N,VIIRS,n,2,302.74,1.26,D,0
31.13429,74.83779,331.2,0.39,0.36,2024-11-18,808,N,VIIRS,n,2,300.78,1.69,D,0
31.1433,74.85278,343.48,0.39,0.36,2024-11-18,808,N,VIIRS,n,2,303.85,7.14,D,0
31.14619,72.42578,334.81,0.4,0.37,2024-11-18,808,N,VIIRS,n,2,304.73,4.7,D,0
31.15021,72.42917,332.6,0.4,0.37,2024-11-18,808,N,VIIRS,n,2,302.13,4.7,D,0
31.15565,72.16248,332.85,0.4,0.37,2024-11-18,808,N,VIIRS,l,2,303.08,6.7,D,0
31.15633,74.52052,333.63,0.39,0.36,2024-11-18,808,N,VIIRS,l,2,303.76,5.2,D,0
31.16199,75.05513,339.95,0.39,0.36,2024-11-18,808,N,VIIRS,n,2,302.26,3.89,D,0
31.1621,74.84072,337.09,0.39,0.36,2024-11-18,808,N,VIIRS,n,2,301.51,2.66,D,0
31.16383,72.06514,332.42,0.4,0.37,2024-11-18,808,N,VIIRS,n,2,302.68,2.22,D,0
31.16543,74.91138,336.06,0.39,0.36,2024-11-18,808,N,VIIRS,n,2,300.94,1.94,D,0
31.16623,73.49184,343.87,0.38,0.36,2024-11-18,808,N,VIIRS,n,2,301.06,4.24,D,0
31.1696,75.38423,339.43,0.4,0.37,2024-11-18,808,N,VIIRS,n,2,300.5,2.39,D,0
31.17391,73.51927,346.76,0.38,0.36,2024-11-18,808,N,VIIRS,n,2,301.65,7.4,D,0
31.17453,73.52328,332.16,0.38,0.36,2024-11-18,808,N,VIIRS,n,2,300.58,7.4,D,0
31.17596,73.51054,343.93,0.38,0.36,2024-11-18,808,N,VIIRS,n,2,304.03,5.88,D,0
31.1777,75.06896,336.01,0.39,0.36,2024-11-18,808,N,VIIRS,n,2,304.22,5.25,D,0
31.18051,73.51788,342.49,0.38,0.36,2024-11-18,808,N,VIIRS,n,2,301.9,4.44,D,0
31.18425,74.89931,333.11,0.39,0.36,2024-11-18,808,N,VIIRS,l,2,303.16,1.3,D,0
31.18514,75.0971,330.88,0.39,0.36,2024-11-18,808,N,VIIRS,n,2,301.17,1.45,D,0
31.18696,74.58935,335.93,0.39,0.36,2024-11-18,808,N,VIIRS,n,2,302.09,1.34,D,0
31.19968,74.8166,346.3,0.39,0.36,2024-11-18,808,N,VIIRS,n,2,302.31,5.79,D,0
31.20655,72.28061,337.09,0.4,0.37,2024-11-18,808,N,VIIRS,n,2,302.26,2.83,D,0
31.20913,75.0967,330.67,0.39,0.36,2024-11-18,808,N,VIIRS,n,2,299.7,1.42,D,0
31.21035,74.96146,334.7,0.39,0.36,2024-11-18,808,N,VIIRS,n,2,304.09,4.03,D,0
31.21337,73.59808,342.98,0.38,0.36,2024-11-18,808,N,VIIRS,n,2,303.24,9.8,D,0
31.21853,73.60944,346.92,0.38,0.36,2024-11-18,808,N,VIIRS,n,2,303.92,7.47,D,0
31.21938,75.04825,332.46,0.39,0.36,2024-11-18,808,N,VIIRS,n,2,301.25,2.18,D,0
31.22037,73.68779,333.14,0.38,0.36,2024-11-18,808,N,VIIRS,n,2,300.3,3.15,D,0
31.22094,74.02718,331.44,0.38,0.36,2024-11-18,808,N,VIIRS,n,2,299.39,2.06,D,0
31.22133,74.9425,332.08,0.39,0.36,2024-11-18,808,N,VIIRS,n,2,301.4,3.18,D,0
31.22721,75.12707,346.76,0.39,0.36,2024-11-18,808,N,VIIRS,n,2,301.21,4.25,D,0
31.22971,72.18914,341.49,0.4,0.37,2024-11-18,808,N,VIIRS,n,2,304.07,5.23,D,0
31.23133,74.94055,335.37,0.39,0.36,2024-11-18,808,N,VIIRS,n,2,302.83,3.25,D,0
31.23309,72.46332,332.6,0.39,0.37,2024-11-18,808,N,VIIRS,n,2,303.36,1.47,D,0
31.23408,74.93581,338.82,0.39,0.36,2024-11-18,808,N,VIIRS,n,2,309,12.41,D,0
31.23483,74.83126,339.92,0.39,0.36,2024-11-18,808,N,VIIRS,n,2,302.5,3.36,D,0
31.23541,74.83533,334.57,0.39,0.36,2024-11-18,808,N,VIIRS,n,2,302.01,2.54,D,0
31.23741,74.93517,343.71,0.39,0.36,2024-11-18,808,N,VIIRS,n,2,306.17,12.41,D,0
31.24018,73.68366,330.95,0.38,0.36,2024-11-18,808,N,VIIRS,n,2,301.67,4.35,D,0
31.2408,73.68768,333.47,0.38,0.36,2024-11-18,808,N,VIIRS,n,2,304.36,8.39,D,0
31.2409,74.82587,331.06,0.39,0.36,2024-11-18,808,N,VIIRS,n,2,303.45,2.63,D,0
31.24112,73.77874,331.17,0.38,0.36,2024-11-18,808,N,VIIRS,n,2,301,1.64,D,0
31.2441,73.687,334.52,0.38,0.36,2024-11-18,808,N,VIIRS,n,2,301.42,3.34,D,0
31.25126,73.75594,333.23,0.38,0.36,2024-11-18,808,N,VIIRS,n,2,301.71,2.87,D,0
31.25332,73.44078,330.54,0.38,0.36,2024-11-18,808,N,VIIRS,n,2,298.52,1.32,D,0
31.25695,74.81853,337.34,0.39,0.36,2024-11-18,808,N,VIIRS,n,2,302.05,2,D,0
31.26029,74.88927,333.73,0.39,0.36,2024-11-18,808,N,VIIRS,n,2,303.42,8.42,D,0
31.26602,75.07371,335.1,0.39,0.36,2024-11-18,808,N,VIIRS,l,2,305.75,13.17,D,0
31.26935,73.56611,343.46,0.38,0.36,2024-11-18,808,N,VIIRS,n,2,305.52,11.42,D,0
31.27049,73.85964,333.87,0.38,0.36,2024-11-18,808,N,VIIRS,n,2,303.11,3.11,D,0
31.27303,75.12317,330.46,0.39,0.36,2024-11-18,808,N,VIIRS,n,2,300.15,1.88,D,0
31.27827,74.77662,332.5,0.39,0.36,2024-11-18,808,N,VIIRS,n,2,300.75,3.3,D,0
31.28296,73.80737,335.83,0.38,0.36,2024-11-18,808,N,VIIRS,n,2,302.69,2.42,D,0
31.28642,75.21828,332.26,0.4,0.37,2024-11-18,808,N,VIIRS,n,2,302.05,1.88,D,0
31.29237,75.28532,333.2,0.4,0.37,2024-11-18,808,N,VIIRS,n,2,303.04,2.03,D,0
31.29481,72.21854,334.52,0.4,0.37,2024-11-18,808,N,VIIRS,n,2,301.84,2.47,D,0
31.29535,73.84672,335.41,0.38,0.36,2024-11-18,808,N,VIIRS,n,2,303.52,3.09,D,0
31.29549,72.22269,331.3,0.4,0.37,2024-11-18,808,N,VIIRS,n,2,300.02,2.02,D,0
31.2973,73.79245,333.89,0.38,0.36,2024-11-18,808,N,VIIRS,n,2,300.57,2.01,D,0
31.29986,74.83112,331.83,0.39,0.36,2024-11-18,808,N,VIIRS,n,2,301.52,2.59,D,0
31.30738,74.58714,346.17,0.39,0.36,2024-11-18,808,N,VIIRS,n,2,302.63,6.79,D,0
31.3107,72.16743,334.95,0.4,0.37,2024-11-18,808,N,VIIRS,n,2,300.52,2.32,D,0
31.31161,73.86408,338.59,0.38,0.36,2024-11-18,808,N,VIIRS,n,2,305.08,2.96,D,0
31.31698,74.9498,334.15,0.39,0.36,2024-11-18,808,N,VIIRS,n,2,304.03,1.75,D,0
31.31721,74.63113,333.97,0.39,0.36,2024-11-18,808,N,VIIRS,n,2,300.34,1.93,D,0
31.32725,74.70028,333.88,0.39,0.36,2024-11-18,808,N,VIIRS,n,2,303.26,2.48,D,0
31.32842,74.70842,333.76,0.39,0.36,2024-11-18,808,N,VIIRS,n,2,302.24,1.43,D,0
31.32951,75.13349,335.46,0.39,0.36,2024-11-18,808,N,VIIRS,n,2,300.43,2.65,D,0
31.3318,74.59064,333.05,0.39,0.36,2024-11-18,808,N,VIIRS,n,2,302.92,2.37,D,0
31.33205,74.88789,333.04,0.39,0.36,2024-11-18,808,N,VIIRS,n,2,300.79,0.97,D,0
31.33666,73.91695,330.76,0.38,0.36,2024-11-18,808,N,VIIRS,l,2,302.03,1.47,D,0
31.33769,72.20459,344.16,0.4,0.37,2024-11-18,808,N,VIIRS,n,2,301.13,4.3,D,0
31.3464,72.55402,332.52,0.39,0.36,2024-11-18,808,N,VIIRS,n,2,300.6,1.94,D,0
31.34864,74.61237,333.48,0.39,0.36,2024-11-18,808,N,VIIRS,n,2,304.28,4.98,D,0
31.35157,72.395,331.22,0.4,0.37,2024-11-18,808,N,VIIRS,n,2,301.08,1.2,D,0
31.35355,75.061,332.54,0.39,0.36,2024-11-18,808,N,VIIRS,n,2,302.53,2.23,D,0
31.35589,73.79691,334.46,0.38,0.36,2024-11-18,808,N,VIIRS,n,2,302.02,3.54,D,0
31.36122,75.04259,332.88,0.39,0.36,2024-11-18,808,N,VIIRS,n,2,300.11,1.68,D,0
31.3626,75.04272,345.15,0.39,0.36,2024-11-18,808,N,VIIRS,n,2,301.91,4.74,D,0
31.36357,73.75799,330.5,0.38,0.36,2024-11-18,808,N,VIIRS,l,2,302.78,1.6,D,0
31.36811,73.8773,340.75,0.38,0.36,2024-11-18,808,N,VIIRS,n,2,303.12,3.26,D,0
31.36868,74.67954,330.55,0.39,0.36,2024-11-18,808,N,VIIRS,n,2,301.29,2.35,D,0
31.37272,74.8256,343.09,0.39,0.36,2024-11-18,808,N,VIIRS,n,2,302.03,4.18,D,0
31.38068,72.18688,333.54,0.4,0.37,2024-11-18,808,N,VIIRS,l,2,303.68,3.47,D,0
31.38169,74.1027,333.08,0.38,0.36,2024-11-18,808,N,VIIRS,n,2,300.73,2.34,D,0
31.38243,73.83702,330.39,0.38,0.36,2024-11-18,808,N,VIIRS,n,2,300.83,1.79,D,0
31.38403,72.18613,332.55,0.4,0.37,2024-11-18,808,N,VIIRS,n,2,301.5,2.62,D,0
31.38705,74.8775,335.45,0.39,0.36,2024-11-18,808,N,VIIRS,n,2,302.07,2.9,D,0
31.38741,74.99983,333.24,0.39,0.36,2024-11-18,808,N,VIIRS,n,2,301.35,1.88,D,0
31.38966,72.3951,342.68,0.4,0.37,2024-11-18,808,N,VIIRS,n,2,300.9,3.18,D,0
31.39086,72.39531,337.87,0.4,0.37,2024-11-18,808,N,VIIRS,n,2,299.58,3.41,D,0
31.39191,72.14977,336.57,0.4,0.37,2024-11-18,808,N,VIIRS,n,2,301.42,4.01,D,0
31.39209,73.85577,334.95,0.38,0.36,2024-11-18,808,N,VIIRS,n,2,304.36,2.28,D,0
31.39458,72.14484,343.05,0.4,0.37,2024-11-18,808,N,VIIRS,n,2,302.55,5.46,D,0
31.39478,72.18803,331.52,0.4,0.37,2024-11-18,808,N,VIIRS,l,2,302.12,1.15,D,0
31.39623,72.40694,337.16,0.39,0.37,2024-11-18,808,N,VIIRS,n,2,302.14,3.72,D,0
31.3968,72.36829,331.86,0.4,0.37,2024-11-18,808,N,VIIRS,n,2,300.14,4.74,D,0
31.39957,72.4062,338.67,0.39,0.37,2024-11-18,808,N,VIIRS,n,2,302.54,3.6,D,0
31.40014,72.36755,332.74,0.4,0.37,2024-11-18,808,N,VIIRS,n,2,299.86,7.65,D,0
31.40025,72.41032,331.74,0.39,0.37,2024-11-18,808,N,VIIRS,n,2,298.92,3.6,D,0
31.40424,72.20319,334.59,0.4,0.37,2024-11-18,808,N,VIIRS,n,2,303.01,2.69,D,0
31.40496,72.6176,347.53,0.39,0.36,2024-11-18,808,N,VIIRS,n,2,304.08,13.99,D,0
31.40504,72.51128,333.13,0.39,0.36,2024-11-18,808,N,VIIRS,n,2,299.25,2.96,D,0
31.40588,75.17876,335.78,0.39,0.37,2024-11-18,808,N,VIIRS,n,2,298.34,3.14,D,0
31.40744,72.34877,339.32,0.4,0.37,2024-11-18,808,N,VIIRS,n,2,300.15,3.43,D,0
31.41024,75.38704,333.48,0.4,0.37,2024-11-18,808,N,VIIRS,n,2,300.68,3.3,D,0
31.41088,75.38743,343.54,0.4,0.37,2024-11-18,808,N,VIIRS,n,2,302.89,7.59,D,0
31.41111,72.24479,333.81,0.4,0.37,2024-11-18,808,N,VIIRS,n,2,300.56,4.62,D,0
31.41125,73.67438,334.68,0.38,0.36,2024-11-18,808,N,VIIRS,n,2,299.62,3.03,D,0
31.41308,74.67915,332.98,0.39,0.36,2024-11-18,808,N,VIIRS,n,2,302.01,2.04,D,0
31.4135,72.36458,339.76,0.4,0.37,2024-11-18,808,N,VIIRS,n,2,299.94,5.29,D,0
31.41438,72.2225,337.31,0.4,0.37,2024-11-18,808,N,VIIRS,n,2,300.9,3.34,D,0
31.415,72.43697,337.41,0.39,0.37,2024-11-18,808,N,VIIRS,n,2,299.14,5.01,D,0
31.41571,72.46244,334.17,0.39,0.36,2024-11-18,808,N,VIIRS,n,2,300.86,3.48,D,0
31.41995,74.82055,333.22,0.39,0.36,2024-11-18,808,N,VIIRS,n,2,303.03,2.08,D,0
31.42244,72.22932,340.76,0.4,0.37,2024-11-18,808,N,VIIRS,n,2,301.75,3.45,D,0
31.42503,72.20284,336.3,0.4,0.37,2024-11-18,808,N,VIIRS,n,2,304.23,4.3,D,0
31.42591,73.65887,340.39,0.38,0.36,2024-11-18,808,N,VIIRS,n,2,300.59,3.15,D,0
31.42692,72.17218,335.08,0.4,0.37,2024-11-18,808,N,VIIRS,n,2,301.88,2.75,D,0
31.42838,72.20209,348.66,0.4,0.37,2024-11-18,808,N,VIIRS,n,2,305.54,14.41,D,0
31.42975,72.21042,340.5,0.4,0.37,2024-11-18,808,N,VIIRS,n,2,302.48,3.96,D,0
31.43112,72.21874,331.03,0.4,0.37,2024-11-18,808,N,VIIRS,n,2,300.42,2.81,D,0
31.43113,74.82677,333.36,0.39,0.36,2024-11-18,808,N,VIIRS,n,2,300.54,1.33,D,0
31.43249,72.22707,351.85,0.4,0.37,2024-11-18,808,N,VIIRS,n,2,302.53,9.42,D,0
31.43374,72.46699,339.76,0.39,0.36,2024-11-18,808,N,VIIRS,n,2,300.04,3.75,D,0
31.43378,72.21383,334.01,0.4,0.37,2024-11-18,808,N,VIIRS,n,2,302.94,3.96,D,0
31.43446,74.82613,334.92,0.39,0.36,2024-11-18,808,N,VIIRS,n,2,300.35,1.65,D,0
31.43515,72.22215,331.95,0.4,0.37,2024-11-18,808,N,VIIRS,n,2,299.83,2.81,D,0
31.43522,72.2437,355.92,0.4,0.37,2024-11-18,808,N,VIIRS,n,2,300.76,4.89,D,0
31.43643,74.80112,330.57,0.39,0.36,2024-11-18,808,N,VIIRS,l,2,303.01,1.72,D,0
31.43707,72.46625,331.3,0.39,0.36,2024-11-18,808,N,VIIRS,n,2,299.2,2.11,D,0
31.43721,72.23463,333.38,0.4,0.37,2024-11-18,808,N,VIIRS,n,2,297.62,3.21,D,0
31.43723,73.93457,333.05,0.38,0.36,2024-11-18,808,N,VIIRS,n,2,302.03,1.53,D,0
31.43791,74.96888,340.84,0.39,0.36,2024-11-18,808,N,VIIRS,n,2,301.12,4.89,D,0
31.43858,72.24294,340.29,0.4,0.37,2024-11-18,808,N,VIIRS,n,2,298.44,4.89,D,0
31.43967,72.41868,340.67,0.39,0.37,2024-11-18,808,N,VIIRS,n,2,300.24,3.53,D,0
31.43973,72.4614,330.57,0.39,0.36,2024-11-18,808,N,VIIRS,n,2,299.49,3.07,D,0
31.43995,74.82568,342.36,0.39,0.36,2024-11-18,808,N,VIIRS,n,2,304.57,6.19,D,0
31.44239,72.18166,340.77,0.4,0.37,2024-11-18,808,N,VIIRS,n,2,303.06,2.98,D,0
31.44307,72.46065,338.23,0.39,0.36,2024-11-18,808,N,VIIRS,n,2,300.94,5.8,D,0
31.44328,74.82502,341.58,0.39,0.36,2024-11-18,808,N,VIIRS,n,2,301.37,6.19,D,0
31.44527,72.24145,331.83,0.4,0.37,2024-11-18,808,N,VIIRS,n,2,299.16,2.16,D,0
31.44578,75.04781,334.22,0.39,0.36,2024-11-18,808,N,VIIRS,n,2,302.88,3.77,D,0
31.44826,72.36541,336.71,0.4,0.37,2024-11-18,808,N,VIIRS,n,2,301.52,2.66,D,0
31.45131,74.85716,333.41,0.39,0.36,2024-11-18,808,N,VIIRS,n,2,302.65,2.55,D,0
31.45412,72.29543,340.48,0.4,0.37,2024-11-18,808,N,VIIRS,n,2,307.7,26.17,D,0
31.45426,74.80604,334.08,0.39,0.36,2024-11-18,808,N,VIIRS,n,2,303.28,2.11,D,0
31.45436,75.42652,329.92,0.4,0.37,2024-11-18,808,N,VIIRS,n,2,299.45,2.46,D,0
31.45439,73.82311,330.43,0.38,0.36,2024-11-18,808,N,VIIRS,n,2,302.36,1.85,D,0
31.455,72.40672,337.56,0.39,0.37,2024-11-18,808,N,VIIRS,n,2,302.73,4.83,D,0
31.4571,72.16539,334.99,0.4,0.37,2024-11-18,808,N,VIIRS,n,2,302.23,3.48,D,0
31.4572,74.82652,333.01,0.39,0.36,2024-11-18,808,N,VIIRS,n,2,302.63,2.73,D,0
31.4577,73.82243,330.77,0.38,0.36,2024-11-18,808,N,VIIRS,l,2,302.01,1.85,D,0
31.45806,73.84726,355.49,0.38,0.36,2024-11-18,808,N,VIIRS,n,2,311.94,13.58,D,0
31.4586,72.2169,339.91,0.4,0.37,2024-11-18,808,N,VIIRS,n,2,302.04,5.88,D,0
31.45872,70.63841,332.26,0.44,0.38,2024-11-18,808,N,VIIRS,n,2,301.38,3.83,D,0
31.45928,72.22105,334.47,0.4,0.37,2024-11-18,808,N,VIIRS,n,2,301.96,2.41,D,0
31.46054,74.82586,336.55,0.39,0.36,2024-11-18,808,N,VIIRS,n,2,301.73,3.26,D,0
31.46136,73.84658,353,0.38,0.36,2024-11-18,808,N,VIIRS,n,2,304.03,13.58,D,0
31.46841,72.16361,342.41,0.4,0.37,2024-11-18,808,N,VIIRS,n,2,301.89,3.19,D,0
31.47176,72.16286,335.02,0.4,0.37,2024-11-18,808,N,VIIRS,n,2,302.24,3.19,D,0
31.4719,74.85735,337.91,0.39,0.36,2024-11-18,808,N,VIIRS,n,2,301.6,4.08,D,0
31.47278,72.26113,330.41,0.4,0.37,2024-11-18,808,N,VIIRS,l,2,301.05,2.1,D,0
31.47974,72.14809,337.48,0.4,0.37,2024-11-18,808,N,VIIRS,n,2,302.16,2.7,D,0
31.47977,70.94068,341.09,0.43,0.38,2024-11-18,808,N,VIIRS,n,2,302.44,3.33,D,0
31.48009,74.98676,333.75,0.39,0.36,2024-11-18,808,N,VIIRS,n,2,301.73,2.6,D,0
31.48343,74.98611,333.18,0.39,0.36,2024-11-18,808,N,VIIRS,n,2,303.23,2.85,D,0
31.48641,72.45103,331.19,0.39,0.36,2024-11-18,808,N,VIIRS,n,2,299.35,2.41,D,0
31.48783,72.15493,332.44,0.4,0.37,2024-11-18,808,N,VIIRS,n,2,303.87,3.75,D,0
31.49042,72.45442,330.27,0.39,0.36,2024-11-18,808,N,VIIRS,n,2,298.78,1.72,D,0
31.49692,72.70796,332.73,0.39,0.36,2024-11-18,808,N,VIIRS,n,2,299.39,3.03,D,0
31.4976,74.94102,335.52,0.39,0.36,2024-11-18,808,N,VIIRS,n,2,301.97,5,D,0
31.49858,72.15684,342.56,0.4,0.37,2024-11-18,808,N,VIIRS,n,2,302.57,4.54,D,0
31.50645,73.54278,330.82,0.38,0.36,2024-11-18,808,N,VIIRS,n,2,300.76,2.21,D,0
31.50884,72.40826,335.26,0.39,0.37,2024-11-18,808,N,VIIRS,n,2,299.47,5.07,D,0
31.51412,74.72276,333.22,0.39,0.36,2024-11-18,808,N,VIIRS,n,2,302.07,2.32,D,0
31.5143,74.93777,330.24,0.39,0.36,2024-11-18,808,N,VIIRS,n,2,299.67,2.85,D,0
31.51472,74.72684,331,0.39,0.36,2024-11-18,808,N,VIIRS,n,2,301.77,2.32,D,0
31.51551,72.40678,333.31,0.39,0.37,2024-11-18,808,N,VIIRS,n,2,300.1,2.98,D,0
31.51727,72.3121,331.59,0.4,0.37,2024-11-18,808,N,VIIRS,l,2,302.74,1.22,D,0
31.51766,72.23028,344.5,0.4,0.37,2024-11-18,808,N,VIIRS,n,2,301.75,4.6,D,0
31.51924,72.30306,334.06,0.4,0.37,2024-11-18,808,N,VIIRS,n,2,301.96,35.17,D,0
31.51959,70.65237,347.01,0.44,0.38,2024-11-18,808,N,VIIRS,n,2,302.68,6.24,D,0
31.52061,72.31136,333.62,0.4,0.37,2024-11-18,808,N,VIIRS,n,2,303.02,21.95,D,0
31.52166,72.48655,332.28,0.39,0.36,2024-11-18,808,N,VIIRS,n,2,299.43,2.3,D,0
31.52282,72.17731,338.19,0.4,0.37,2024-11-18,808,N,VIIRS,n,2,303.42,2.47,D,0
31.52417,72.39631,341.16,0.39,0.37,2024-11-18,808,N,VIIRS,n,2,305.23,5.77,D,0
31.52957,74.7113,346.98,0.39,0.36,2024-11-18,808,N,VIIRS,n,2,305.42,6.19,D,0
31.53007,72.34788,335.96,0.4,0.37,2024-11-18,808,N,VIIRS,n,2,301.67,1.86,D,0
31.53048,73.76633,335.41,0.38,0.36,2024-11-18,808,N,VIIRS,n,2,301.42,4.6,D,0
31.53151,74.71202,339.8,0.39,0.36,2024-11-18,808,N,VIIRS,n,2,307.6,22.55,D,0
31.53415,72.1618,332.38,0.4,0.37,2024-11-18,808,N,VIIRS,n,2,302.59,1.58,D,0
31.53508,72.6112,333.02,0.39,0.36,2024-11-18,808,N,VIIRS,n,2,301.02,3.77,D,0
31.53596,72.29933,338.05,0.4,0.37,2024-11-18,808,N,VIIRS,n,2,302.92,3.16,D,0
31.54258,72.27635,339,0.4,0.37,2024-11-18,808,N,VIIRS,n,2,303.32,5.16,D,0
31.54332,72.30198,336.55,0.4,0.37,2024-11-18,808,N,VIIRS,n,2,302.46,6.1,D,0
31.54382,72.24164,330.63,0.4,0.37,2024-11-18,808,N,VIIRS,n,2,301.32,2.62,D,0
31.54671,74.94839,334.37,0.39,0.36,2024-11-18,808,N,VIIRS,n,2,305.03,4.15,D,0
31.54688,74.90182,330.71,0.39,0.36,2024-11-18,808,N,VIIRS,n,2,304.37,5.89,D,0
31.54747,74.90592,333.32,0.39,0.36,2024-11-18,808,N,VIIRS,n,2,301.75,5.89,D,0
31.55217,72.37724,331.9,0.39,0.37,2024-11-18,808,N,VIIRS,n,2,301.14,2.29,D,0
31.55429,72.45372,345.58,0.39,0.36,2024-11-18,808,N,VIIRS,n,2,304.72,30.88,D,0
31.55547,72.35508,330.09,0.4,0.37,2024-11-18,808,N,VIIRS,n,2,300.2,2.19,D,0
31.55678,72.34191,330.74,0.4,0.37,2024-11-18,808,N,VIIRS,n,2,299.81,10.58,D,0
31.55944,72.33703,332.32,0.4,0.37,2024-11-18,808,N,VIIRS,n,2,300.45,6.75,D,0
31.56119,73.78903,334.89,0.38,0.36,2024-11-18,808,N,VIIRS,n,2,303.03,6.27,D,0
31.56242,74.6891,336.29,0.39,0.36,2024-11-18,808,N,VIIRS,n,2,301.71,2.71,D,0
31.56326,73.78029,332.89,0.38,0.36,2024-11-18,808,N,VIIRS,n,2,301.84,7.15,D,0
31.56388,73.78432,337.76,0.38,0.36,2024-11-18,808,N,VIIRS,n,2,307.24,7.15,D,0
31.56397,74.67618,336.19,0.39,0.36,2024-11-18,808,N,VIIRS,n,2,299.97,3.27,D,0
31.56622,72.39978,331.79,0.39,0.37,2024-11-18,808,N,VIIRS,n,2,298.59,1.46,D,0
31.56629,72.1459,337,0.4,0.37,2024-11-18,808,N,VIIRS,n,2,303.22,3.23,D,0
31.56721,72.14695,331.44,0.4,0.37,2024-11-18,808,N,VIIRS,n,2,302.37,3.08,D,0
31.56848,74.6837,347.34,0.39,0.36,2024-11-18,808,N,VIIRS,n,2,304.06,22.06,D,0
31.57014,72.33893,334.48,0.4,0.37,2024-11-18,808,N,VIIRS,n,2,302.42,3.06,D,0
31.57347,72.33819,337.13,0.4,0.37,2024-11-18,808,N,VIIRS,n,2,307.39,36.1,D,0
31.57351,72.35963,340.62,0.39,0.37,2024-11-18,808,N,VIIRS,n,2,300.54,2.8,D,0
31.57391,72.14545,344.1,0.4,0.37,2024-11-18,808,N,VIIRS,n,2,302.41,5.23,D,0
31.5755,74.66129,332.6,0.39,0.36,2024-11-18,808,N,VIIRS,n,2,302.35,2.78,D,0
31.58086,72.36227,336.33,0.39,0.37,2024-11-18,808,N,VIIRS,n,2,299.94,3.95,D,0
31.5839,70.70976,330.91,0.44,0.38,2024-11-18,808,N,VIIRS,n,2,300.13,3.02,D,0
31.58427,72.4257,331,0.39,0.36,2024-11-18,808,N,VIIRS,n,2,300.37,1.6,D,0
31.58559,72.41258,337.86,0.39,0.36,2024-11-18,808,N,VIIRS,n,2,302.02,5.61,D,0
31.5883,72.51441,343.38,0.39,0.36,2024-11-18,808,N,VIIRS,n,2,315.67,44.71,D,0
31.5888,74.65866,337.71,0.39,0.36,2024-11-18,808,N,VIIRS,n,2,302.07,5.2,D,0
31.59094,72.44558,337.08,0.39,0.36,2024-11-18,808,N,VIIRS,n,2,299.76,3.3,D,0
31.60126,74.62679,330.95,0.39,0.36,2024-11-18,808,N,VIIRS,n,2,303.16,1.38,D,0
31.60316,72.23817,333.18,0.4,0.37,2024-11-18,808,N,VIIRS,n,2,302.65,2.83,D,0
31.60362,72.48118,334.48,0.39,0.36,2024-11-18,808,N,VIIRS,n,2,300.24,2.89,D,0
31.60463,73.72207,339.77,0.38,0.36,2024-11-18,808,N,VIIRS,n,2,300.65,4.3,D,0
31.60558,72.35795,335.24,0.39,0.37,2024-11-18,808,N,VIIRS,n,2,302.41,1.64,D,0
31.60828,72.48868,332.19,0.39,0.36,2024-11-18,808,N,VIIRS,n,2,299.15,1.92,D,0
31.60976,72.21514,336.75,0.4,0.37,2024-11-18,808,N,VIIRS,n,2,306.2,8.8,D,0
31.61216,72.64089,335.48,0.39,0.36,2024-11-18,808,N,VIIRS,n,2,302.57,3.93,D,0
31.61361,72.43627,344.08,0.39,0.36,2024-11-18,808,N,VIIRS,n,2,307.08,18.01,D,0
31.61371,72.19699,330.06,0.4,0.37,2024-11-18,808,N,VIIRS,n,2,302.58,1.53,D,0
31.61512,72.43711,333.81,0.39,0.36,2024-11-18,808,N,VIIRS,n,2,303.24,6.83,D,0
31.61826,72.50777,332.92,0.39,0.36,2024-11-18,808,N,VIIRS,n,2,301.81,3.03,D,0
31.62107,72.41014,330.16,0.39,0.36,2024-11-18,808,N,VIIRS,n,2,299.67,2.49,D,0
31.62636,73.53033,330.72,0.38,0.36,2024-11-18,808,N,VIIRS,l,2,302.47,1.76,D,0
31.62698,73.53437,330.47,0.38,0.36,2024-11-18,808,N,VIIRS,n,2,300.28,3.01,D,0
31.62761,72.15498,333.27,0.4,0.37,2024-11-18,808,N,VIIRS,n,2,301.34,3.53,D,0
31.63165,72.36928,341.25,0.39,0.37,2024-11-18,808,N,VIIRS,n,2,302.14,5.82,D,0
31.63228,72.352,337.6,0.39,0.37,2024-11-18,808,N,VIIRS,n,2,300.72,2.83,D,0
31.63248,73.43743,332.65,0.38,0.36,2024-11-18,808,N,VIIRS,n,2,301.05,2.22,D,0
31.63259,74.63798,332.08,0.39,0.36,2024-11-18,808,N,VIIRS,n,2,300.16,1.98,D,0
31.63334,73.68698,332.02,0.38,0.36,2024-11-18,808,N,VIIRS,n,2,303.01,1.5,D,0
31.64364,72.35803,333.43,0.39,0.37,2024-11-18,808,N,VIIRS,l,2,304.92,7.28,D,0
31.64401,74.55172,333.89,0.39,0.36,2024-11-18,808,N,VIIRS,n,2,303.03,2.58,D,0
31.64649,72.1853,341.58,0.4,0.37,2024-11-18,808,N,VIIRS,n,2,304.27,4.89,D,0
31.65398,74.54973,332.94,0.39,0.36,2024-11-18,808,N,VIIRS,n,2,302.94,2.55,D,0
31.6579,73.46956,333.08,0.38,0.36,2024-11-18,808,N,VIIRS,n,2,301.38,3.25,D,0
31.66086,74.57354,332.47,0.39,0.36,2024-11-18,808,N,VIIRS,n,2,300.61,1.82,D,0
31.66521,72.17245,336.29,0.4,0.37,2024-11-18,808,N,VIIRS,n,2,302.45,1.93,D,0
31.67211,74.53353,333.73,0.39,0.36,2024-11-18,808,N,VIIRS,n,2,301.4,3.68,D,0
31.67859,72.16942,332.75,0.4,0.37,2024-11-18,808,N,VIIRS,n,2,302.85,2.15,D,0
31.68003,72.16987,340.78,0.4,0.37,2024-11-18,808,N,VIIRS,n,2,300.75,2.8,D,0
31.68032,74.63692,337.68,0.39,0.36,2024-11-18,808,N,VIIRS,n,2,302.35,5.84,D,0
31.68154,72.27226,335.6,0.4,0.37,2024-11-18,808,N,VIIRS,n,2,304.62,4.32,D,0
31.68424,74.64036,341.87,0.39,0.36,2024-11-18,808,N,VIIRS,n,2,302.66,4,D,0
31.6847,74.573,330.37,0.39,0.36,2024-11-18,808,N,VIIRS,l,2,301.65,0.97,D,0
31.70643,74.58129,331.31,0.39,0.36,2024-11-18,808,N,VIIRS,l,2,302.66,4,D,0
31.70776,72.23266,342.03,0.4,0.37,2024-11-18,808,N,VIIRS,n,2,302.8,4.72,D,0
31.71687,72.70371,344.26,0.39,0.36,2024-11-18,808,N,VIIRS,n,2,300.99,4.52,D,0
31.72069,73.32746,332.72,0.38,0.36,2024-11-18,808,N,VIIRS,n,2,301.63,1.58,D,0
31.72499,72.60442,332.22,0.39,0.36,2024-11-18,808,N,VIIRS,n,2,302.12,1.39,D,0
31.72617,74.66994,333.05,0.39,0.36,2024-11-18,808,N,VIIRS,n,2,301.88,2.93,D,0
31.72677,74.67404,331.89,0.39,0.36,2024-11-18,808,N,VIIRS,n,2,300.92,4.16,D,0
31.72935,74.59775,334.78,0.39,0.36,2024-11-18,808,N,VIIRS,n,2,300.28,2.64,D,0
31.72949,72.6967,334.29,0.39,0.36,2024-11-18,808,N,VIIRS,n,2,300.44,1.79,D,0
31.7304,72.85277,331.57,0.39,0.36,2024-11-18,808,N,VIIRS,n,2,299.61,2.21,D,0
31.73127,74.59776,332.52,0.39,0.36,2024-11-18,808,N,VIIRS,n,2,301.52,5.53,D,0
31.7313,72.77242,333.69,0.39,0.36,2024-11-18,808,N,VIIRS,n,2,299.97,4.55,D,0
31.73318,74.64749,330.33,0.39,0.36,2024-11-18,808,N,VIIRS,n,2,299.49,1.64,D,0
31.73364,72.59401,338.27,0.39,0.36,2024-11-18,808,N,VIIRS,n,2,300.91,2.51,D,0
31.73532,74.5549,335.08,0.39,0.36,2024-11-18,808,N,VIIRS,n,2,300.93,1.92,D,0
31.73881,74.20661,330.92,0.39,0.36,2024-11-18,808,N,VIIRS,n,2,300.21,1.64,D,0
31.74385,72.78657,347.8,0.39,0.36,2024-11-18,808,N,VIIRS,n,2,300.89,5.78,D,0
31.74707,74.56519,339.73,0.39,0.36,2024-11-18,808,N,VIIRS,n,2,309.91,26.33,D,0
31.75107,74.64014,339.25,0.39,0.36,2024-11-18,808,N,VIIRS,n,2,300.27,3.1,D,0
31.75291,72.36003,337.64,0.39,0.36,2024-11-18,808,N,VIIRS,n,2,300.45,2.78,D,0
31.7575,74.6136,338.92,0.39,0.36,2024-11-18,808,N,VIIRS,n,2,302.41,2.96,D,0
31.7592,72.20817,352.9,0.4,0.37,2024-11-18,808,N,VIIRS,n,2,307.86,14.72,D,0
31.76319,74.21001,330,0.39,0.36,2024-11-18,808,N,VIIRS,l,2,300.3,3.71,D,0
31.76328,72.23311,330.62,0.4,0.37,2024-11-18,808,N,VIIRS,l,2,302.05,1.59,D,0
31.76534,74.62046,337.29,0.39,0.36,2024-11-18,808,N,VIIRS,n,2,301.8,4,D,0
31.76764,74.35548,333.28,0.39,0.36,2024-11-18,808,N,VIIRS,n,2,299.9,2.25,D,0
31.77139,73.13373,335.4,0.39,0.36,2024-11-18,808,N,VIIRS,n,2,300.82,2.52,D,0
31.7721,73.61682,332.17,0.38,0.36,2024-11-18,808,N,VIIRS,n,2,302.99,1.34,D,0
31.77429,72.38525,331.44,0.39,0.36,2024-11-18,808,N,VIIRS,n,2,299.79,2.25,D,0
31.77443,74.70721,331.8,0.39,0.36,2024-11-18,808,N,VIIRS,n,2,298.87,1.95,D,0
31.77462,74.19516,336.73,0.39,0.36,2024-11-18,808,N,VIIRS,n,2,301.75,3.78,D,0
31.7764,72.54694,340.79,0.39,0.36,2024-11-18,808,N,VIIRS,n,2,303.93,5.38,D,0
31.77692,73.45422,331.36,0.38,0.36,2024-11-18,808,N,VIIRS,n,2,299.97,3.42,D,0
31.77797,74.73184,330.74,0.39,0.36,2024-11-18,808,N,VIIRS,n,2,299.32,2.58,D,0
31.7856,74.71344,334.15,0.39,0.36,2024-11-18,808,N,VIIRS,n,2,302.29,3.7,D,0
31.78646,72.90376,332.36,0.39,0.36,2024-11-18,808,N,VIIRS,n,2,300.85,1.66,D,0
31.78986,73.40558,336.91,0.38,0.36,2024-11-18,808,N,VIIRS,n,2,302.85,2.52,D,0
31.7923,72.38979,332.4,0.39,0.36,2024-11-18,808,N,VIIRS,n,2,301.26,2.09,D,0
31.79273,72.24371,330.15,0.4,0.37,2024-11-18,808,N,VIIRS,l,2,301.6,3.43,D,0
31.79364,72.39806,344.87,0.39,0.36,2024-11-18,808,N,VIIRS,n,2,301.54,6.2,D,0
31.80717,74.1431,345.37,0.39,0.36,2024-11-18,808,N,VIIRS,n,2,301.82,4.32,D,0
31.81207,73.35077,331.4,0.38,0.36,2024-11-18,808,N,VIIRS,n,2,302.78,2.17,D,0
31.81326,72.23531,332.06,0.4,0.37,2024-11-18,808,N,VIIRS,n,2,302.22,6.24,D,0
31.8136,73.40472,330.73,0.38,0.36,2024-11-18,808,N,VIIRS,n,2,299.87,1.42,D,0
31.81831,72.42248,344.92,0.39,0.36,2024-11-18,808,N,VIIRS,n,2,301.83,5.8,D,0
31.82293,73.22305,336.07,0.39,0.36,2024-11-18,808,N,VIIRS,n,2,301.83,2.09,D,0
31.82321,73.57791,337.16,0.38,0.36,2024-11-18,808,N,VIIRS,n,2,302.23,2.52,D,0
31.82561,73.3061,332.87,0.38,0.36,2024-11-18,808,N,VIIRS,n,2,302.52,1.44,D,0
31.83319,74.38894,347.88,0.39,0.36,2024-11-18,808,N,VIIRS,n,2,303.65,5.2,D,0
31.83404,74.41814,331.68,0.39,0.36,2024-11-18,808,N,VIIRS,n,2,301.37,2.06,D,0
31.84272,74.57197,330.79,0.39,0.36,2024-11-18,808,N,VIIRS,n,2,298.81,3.01,D,0
31.8473,74.83255,329.66,0.39,0.36,2024-11-18,808,N,VIIRS,l,2,299.68,2.81,D,0
31.8552,74.54001,338.78,0.39,0.36,2024-11-18,808,N,VIIRS,n,2,299.79,4.54,D,0
31.85579,74.5441,332.11,0.39,0.36,2024-11-18,808,N,VIIRS,n,2,297.19,4.54,D,0
31.85596,73.30381,333.22,0.38,0.36,2024-11-18,808,N,VIIRS,n,2,301.65,1.69,D,0
31.86339,73.81966,331.32,0.38,0.36,2024-11-18,808,N,VIIRS,n,2,304.19,1.57,D,0
31.86583,74.91392,332.16,0.39,0.36,2024-11-18,808,N,VIIRS,n,2,299.33,2.29,D,0
31.86623,74.59258,338.56,0.39,0.36,2024-11-18,808,N,VIIRS,n,2,299.16,3.97,D,0
31.87746,75.11681,332,0.4,0.37,2024-11-18,808,N,VIIRS,n,2,299.16,1.98,D,0
31.88466,73.29401,333.71,0.38,0.36,2024-11-18,808,N,VIIRS,n,2,302.1,3.78,D,0
31.88529,73.29807,340.67,0.38,0.36,2024-11-18,808,N,VIIRS,n,2,300.76,3.83,D,0
31.88592,73.30212,331.27,0.38,0.36,2024-11-18,808,N,VIIRS,n,2,303.48,3.83,D,0
31.88667,73.19735,334.16,0.39,0.36,2024-11-18,808,N,VIIRS,l,2,304.87,2.86,D,0
31.88835,73.82699,341.88,0.38,0.36,2024-11-18,808,N,VIIRS,n,2,307.01,3.57,D,0
31.89496,74.4143,344.83,0.39,0.36,2024-11-18,808,N,VIIRS,n,2,299.94,3.83,D,0
31.8975,73.04838,331.12,0.39,0.36,2024-11-18,808,N,VIIRS,n,2,298.66,3.59,D,0
31.89817,73.49168,334.04,0.38,0.36,2024-11-18,808,N,VIIRS,n,2,303.65,3.71,D,0
31.89933,72.95131,331.2,0.39,0.36,2024-11-18,808,N,VIIRS,n,2,299.47,3.65,D,0
31.90075,73.66174,342.41,0.38,0.36,2024-11-18,808,N,VIIRS,n,2,303.8,5.29,D,0
31.90636,73.30194,339.13,0.38,0.36,2024-11-18,808,N,VIIRS,n,2,303.37,6.51,D,0
31.90726,73.17618,332.04,0.39,0.36,2024-11-18,808,N,VIIRS,n,2,298.59,1.83,D,0
31.91049,72.85659,341.34,0.39,0.36,2024-11-18,808,N,VIIRS,n,2,302.15,3.25,D,0
31.91878,73.22814,335.89,0.39,0.36,2024-11-18,808,N,VIIRS,n,2,301.07,1.79,D,0
31.91906,72.43893,331.62,0.39,0.36,2024-11-18,808,N,VIIRS,n,2,299.84,3.44,D,0
31.92988,73.40981,330.32,0.38,0.36,2024-11-18,808,N,VIIRS,l,2,301.11,1.18,D,0
31.93436,73.00712,334.66,0.39,0.36,2024-11-18,808,N,VIIRS,n,2,300.61,5.02,D,0
31.93986,73.232,339.44,0.38,0.36,2024-11-18,808,N,VIIRS,n,2,301.05,3.97,D,0
31.94018,74.4525,343.78,0.39,0.36,2024-11-18,808,N,VIIRS,n,2,302.27,5.71,D,0
31.94742,74.45525,338,0.39,0.36,2024-11-18,808,N,VIIRS,n,2,300.79,2.42,D,0
31.94802,74.45935,331.91,0.39,0.36,2024-11-18,808,N,VIIRS,n,2,299.52,2.42,D,0
31.95643,73.08213,331.47,0.39,0.36,2024-11-18,808,N,VIIRS,n,2,299.97,1.82,D,0
31.96035,73.19441,341.16,0.39,0.36,2024-11-18,808,N,VIIRS,n,2,301.37,4.06,D,0
31.96619,73.20992,346.77,0.39,0.36,2024-11-18,808,N,VIIRS,n,2,301.24,6.75,D,0
31.96949,73.20921,346.78,0.39,0.36,2024-11-18,808,N,VIIRS,n,2,304.88,8.32,D,0
31.9728,73.2085,332.25,0.39,0.36,2024-11-18,808,N,VIIRS,n,2,300.02,8.32,D,0
31.97686,74.63503,334.59,0.39,0.36,2024-11-18,808,N,VIIRS,n,2,297.39,3.25,D,0
31.98492,72.38636,331.23,0.39,0.36,2024-11-18,808,N,VIIRS,n,2,301.85,1.83,D,0
31.98792,73.30574,331.56,0.38,0.36,2024-11-18,808,N,VIIRS,n,2,300.5,2.93,D,0
31.98855,73.30979,346.22,0.38,0.36,2024-11-18,808,N,VIIRS,n,2,302.3,7.54,D,0
31.99296,72.45723,347.89,0.39,0.36,2024-11-18,808,N,VIIRS,n,2,301.19,4.66,D,0
32.00706,72.86081,332.23,0.39,0.36,2024-11-18,808,N,VIIRS,n,2,301.28,3.14,D,0
32.00758,72.41979,334.48,0.39,0.36,2024-11-18,808,N,VIIRS,n,2,301.02,1.88,D,0
32.00838,74.45145,330.39,0.39,0.36,2024-11-18,808,N,VIIRS,l,2,301.69,2.11,D,0
32.01512,74.56821,331.61,0.39,0.36,2024-11-18,808,N,VIIRS,n,2,299.38,3.05,D,0
32.0204,74.48696,347.12,0.39,0.36,2024-11-18,808,N,VIIRS,n,2,300.84,5.99,D,0
32.02047,73.27367,346.81,0.38,0.36,2024-11-18,808,N,VIIRS,n,2,301.5,6.31,D,0
32.03353,72.40971,331.35,0.39,0.36,2024-11-18,808,N,VIIRS,n,2,299.95,2.69,D,0
32.03382,70.88981,335.66,0.43,0.38,2024-11-18,808,N,VIIRS,n,2,301.4,2.17,D,0
32.03384,73.24987,330.54,0.38,0.36,2024-11-18,808,N,VIIRS,n,2,299.26,1.98,D,0
32.03617,70.90321,333.67,0.43,0.38,2024-11-18,808,N,VIIRS,n,2,300.81,2.1,D,0
32.04151,70.89262,342.9,0.43,0.38,2024-11-18,808,N,VIIRS,n,2,301.84,4.01,D,0
32.04706,72.37724,332.03,0.39,0.36,2024-11-18,808,N,VIIRS,n,2,301.25,1.72,D,0
32.05201,74.52345,329.69,0.39,0.36,2024-11-18,808,N,VIIRS,n,2,297.84,2.21,D,0
32.05997,70.91608,334.69,0.42,0.38,2024-11-18,808,N,VIIRS,n,2,302.98,6.43,D,0
32.06219,72.95462,331.8,0.39,0.36,2024-11-18,808,N,VIIRS,n,2,300.62,12.29,D,0
32.0736,73.30839,336.27,0.38,0.36,2024-11-18,808,N,VIIRS,n,2,303.17,4.24,D,0
32.09412,71.81349,348.9,0.4,0.37,2024-11-18,808,N,VIIRS,n,2,302.6,3.88,D,0
32.11802,73.46682,354.92,0.38,0.36,2024-11-18,808,N,VIIRS,n,2,309.23,16.4,D,0
32.11964,73.433,337.36,0.38,0.36,2024-11-18,808,N,VIIRS,n,2,302.33,2.02,D,0
32.13296,72.46066,334.46,0.39,0.36,2024-11-18,808,N,VIIRS,n,2,301.85,1.82,D,0
32.15553,72.49403,331.51,0.39,0.36,2024-11-18,808,N,VIIRS,n,2,301.5,4,D,0
32.17042,73.63148,333.25,0.38,0.36,2024-11-18,808,N,VIIRS,n,2,303.31,2.1,D,0
32.17371,72.35883,332.02,0.39,0.36,2024-11-18,808,N,VIIRS,n,2,298.57,2.3,D,0
32.18827,73.24275,340.53,0.38,0.36,2024-11-18,808,N,VIIRS,n,2,301.58,3.06,D,0
32.20035,73.47031,335.11,0.38,0.36,2024-11-18,808,N,VIIRS,n,2,301.1,3.19,D,0
32.20383,73.64958,333.56,0.38,0.36,2024-11-18,808,N,VIIRS,l,2,305.02,2.14,D,0
32.2079,73.34756,345.05,0.38,0.36,2024-11-18,808,N,VIIRS,n,2,302.22,4.35,D,0
32.21151,73.54331,337.61,0.38,0.36,2024-11-18,808,N,VIIRS,n,2,303.94,3.94,D,0
32.21464,73.8567,333.61,0.38,0.36,2024-11-18,808,N,VIIRS,l,2,304.94,1.78,D,0
32.219,73.50858,334.17,0.38,0.36,2024-11-18,808,N,VIIRS,n,2,301.81,5.18,D,0
32.22004,75.32226,330.98,0.4,0.37,2024-11-18,808,N,VIIRS,n,2,297.14,2.87,D,0
32.22578,75.33864,327.56,0.4,0.37,2024-11-18,808,N,VIIRS,n,2,296.49,1.14,D,0
32.23383,73.60594,335.1,0.38,0.36,2024-11-18,808,N,VIIRS,n,2,303.28,3.49,D,0
32.2425,73.59574,338.06,0.38,0.36,2024-11-18,808,N,VIIRS,n,2,300.81,2.15,D,0
32.2442,72.56087,332.8,0.39,0.36,2024-11-18,808,N,VIIRS,n,2,302.65,2.21,D,0
32.25189,73.36753,344.01,0.38,0.36,2024-11-18,808,N,VIIRS,n,2,303.08,4.97,D,0
32.28035,73.35307,334.26,0.38,0.36,2024-11-18,808,N,VIIRS,n,2,299.79,1.6,D,0
32.30421,73.31145,337.63,0.38,0.36,2024-11-18,808,N,VIIRS,n,2,302.67,1.69,D,0
32.32628,75.31132,326.22,0.4,0.37,2024-11-18,808,N,VIIRS,n,2,285.48,3.05,D,0
32.46544,72.97479,331.38,0.39,0.36,2024-11-18,808,N,VIIRS,n,2,300.38,2.12,D,0
32.46956,73.83887,333.55,0.38,0.36,2024-11-18,808,N,VIIRS,n,2,300.09,2.29,D,0
32.47752,70.62482,333.92,0.43,0.38,2024-11-18,808,N,VIIRS,n,2,304.45,4.53,D,0
32.48294,73.28197,336.48,0.38,0.36,2024-11-18,808,N,VIIRS,n,2,302.21,2.27,D,0
32.48432,74.77527,327.02,0.39,0.36,2024-11-18,808,N,VIIRS,n,2,298.9,1.83,D,0
32.49347,73.28391,332.73,0.38,0.36,2024-11-18,808,N,VIIRS,n,2,300.64,2.97,D,0
32.49517,73.31717,334.94,0.38,0.36,2024-11-18,808,N,VIIRS,n,2,300.67,3,D,0
32.5165,74.72317,336.05,0.39,0.36,2024-11-18,808,N,VIIRS,n,2,298.87,1.95,D,0
32.53558,74.73655,330.92,0.39,0.36,2024-11-18,808,N,VIIRS,n,2,297.33,2.92,D,0
32.57138,74.74663,333.01,0.39,0.36,2024-11-18,808,N,VIIRS,n,2,298.18,1.85,D,0
32.57216,74.40521,332.75,0.39,0.36,2024-11-18,808,N,VIIRS,n,2,300.47,2.79,D,0
32.60886,74.81666,328.58,0.39,0.37,2024-11-18,808,N,VIIRS,l,2,299.25,2.33,D,0
32.61221,74.81599,335.93,0.39,0.37,2024-11-18,808,N,VIIRS,n,2,301.81,2.33,D,0
32.68146,74.66522,336.15,0.39,0.36,2024-11-18,808,N,VIIRS,n,2,298.73,2.15,D,0
32.68781,74.51833,327.09,0.39,0.36,2024-11-18,808,N,VIIRS,n,2,298.38,2.22,D,0
32.69174,74.52182,328.52,0.39,0.36,2024-11-18,808,N,VIIRS,n,2,297.66,1.85,D,0
32.69312,73.59559,332.15,0.38,0.36,2024-11-18,808,N,VIIRS,n,2,300.69,1.69,D,0
32.74733,74.58419,341.21,0.39,0.36,2024-11-18,808,N,VIIRS,n,2,297.53,3.12,D,0
32.75972,74.59886,329.86,0.39,0.36,2024-11-18,808,N,VIIRS,n,2,298.21,1.35,D,0
32.76878,74.61422,333.02,0.39,0.36,2024-11-18,808,N,VIIRS,n,2,299.09,1.91,D,0
32.77496,74.56151,328.5,0.39,0.36,2024-11-18,808,N,VIIRS,l,2,298.66,1.3,D,0
32.79155,74.60538,331.26,0.39,0.36,2024-11-18,808,N,VIIRS,n,2,297.79,1.75,D,0
32.79275,74.61372,325.4,0.39,0.36,2024-11-18,808,N,VIIRS,l,2,298.05,2.37,D,0
32.80337,74.6159,330.05,0.39,0.36,2024-11-18,808,N,VIIRS,n,2,297.93,2.12,D,0
32.8091,74.63193,327.33,0.39,0.36,2024-11-18,808,N,VIIRS,n,2,297.62,1.31,D,0
32.89741,71.59888,335.45,0.4,0.37,2024-11-18,808,N,VIIRS,n,2,302.37,1.46,D,0
32.90149,71.60236,332.88,0.4,0.37,2024-11-18,808,N,VIIRS,n,2,299.58,1.46,D,0
32.96705,71.72381,333.45,0.4,0.37,2024-11-18,808,N,VIIRS,n,2,303.33,2.51,D,0
33.07294,73.68652,337.16,0.38,0.36,2024-11-18,808,N,VIIRS,n,2,299.06,5.05,D,0
33.36394,70.54306,334.81,0.42,0.38,2024-11-18,808,N,VIIRS,n,2,296.97,4.21,D,0
33.53013,70.05826,326.52,0.44,0.38,2024-11-18,808,N,VIIRS,n,2,297.41,1.25,D,0
33.89107,74.98948,326.89,0.4,0.37,2024-11-18,808,N,VIIRS,n,2,289.93,2.14,D,0
31.13723,71.98238,297.14,0.43,0.46,2024-11-18,2031,N,VIIRS,n,2,284.21,0.46,N,0
31.1699,72.03042,299.67,0.43,0.46,2024-11-18,2031,N,VIIRS,n,2,284.96,0.51,N,0
31.17095,72.02885,298.2,0.43,0.46,2024-11-18,2031,N,VIIRS,n,2,284.86,0.38,N,0
31.37646,73.66773,303.14,0.53,0.42,2024-11-18,2031,N,VIIRS,n,2,283.75,1.01,N,0
31.42143,73.79501,301.17,0.52,0.42,2024-11-18,2031,N,VIIRS,n,2,283.46,1.02,N,0
31.43812,75.22625,308.01,0.45,0.39,2024-11-18,2031,N,VIIRS,n,2,284.19,1.05,N,0
31.43899,75.22912,300.63,0.45,0.39,2024-11-18,2031,N,VIIRS,n,2,284.08,0.84,N,0
31.61691,74.37361,304.56,0.49,0.41,2024-11-18,2031,N,VIIRS,n,2,284.87,0.59,N,2
31.65279,74.1747,312.62,0.51,0.41,2024-11-18,2031,N,VIIRS,n,2,286.1,1.52,N,2
32.0835,74.16317,297.17,0.51,0.41,2024-11-18,2031,N,VIIRS,n,2,284.26,0.69,N,2
32.08729,74.1638,301.44,0.51,0.41,2024-11-18,2031,N,VIIRS,n,2,285.71,0.99,N,2
32.0886,74.15292,298.23,0.51,0.41,2024-11-18,2031,N,VIIRS,n,2,284.04,0.72,N,0
32.1018,74.17175,298.05,0.51,0.41,2024-11-18,2031,N,VIIRS,n,2,285.2,0.77,N,2
32.10449,74.17448,295.8,0.51,0.41,2024-11-18,2031,N,VIIRS,n,2,285.73,0.62,N,0
32.13105,74.17892,300.55,0.51,0.41,2024-11-18,2031,N,VIIRS,n,2,287.1,0.55,N,0
32.29237,70.73161,303.02,0.52,0.5,2024-11-18,2031,N,VIIRS,n,2,289.54,1.22,N,2
32.35275,71.90701,295.14,0.45,0.47,2024-11-18,2031,N,VIIRS,n,2,283.02,0.94,N,0
32.35391,71.91026,295.49,0.45,0.47,2024-11-18,2031,N,VIIRS,n,2,283.18,0.96,N,0
32.52732,69.86458,296.58,0.59,0.53,2024-11-18,2031,N,VIIRS,n,2,277.79,1.21,N,0
32.57441,72.56006,301.03,0.42,0.45,2024-11-18,2031,N,VIIRS,n,2,285.47,0.9,N,0
32.71879,72.77666,302.05,0.41,0.45,2024-11-18,2031,N,VIIRS,n,2,285.72,0.62,N,2
32.88822,71.61505,299.1,0.47,0.48,2024-11-18,2031,N,VIIRS,n,2,288.73,0.93,N,2
33.14004,70.0684,308.75,0.59,0.53,2024-11-18,2031,N,VIIRS,n,2,281.2,1.72,N,0
33.23791,75.45747,296.98,0.46,0.39,2024-11-18,2031,N,VIIRS,n,2,278.94,0.74,N,0
33.23876,71.64613,311.74,0.48,0.48,2024-11-18,2031,N,VIIRS,n,2,286.97,1.62,N,0
33.24042,71.64316,317.41,0.48,0.48,2024-11-18,2031,N,VIIRS,n,2,287.06,2.15,N,0
33.24323,71.6464,298.83,0.48,0.48,2024-11-18,2031,N,VIIRS,n,2,286.97,0.65,N,0
33.68951,72.71178,301.05,0.42,0.45,2024-11-18,2031,N,VIIRS,n,2,285.02,1.14,N,2
33.80301,72.09657,297.4,0.46,0.47,2024-11-18,2031,N,VIIRS,n,2,285.53,0.72,N,0
28.42613,69.6985,300.35,0.55,0.51,2024-11-18,2032,N,VIIRS,n,2,288.83,0.79,N,2
29.4309,74.89936,299.24,0.45,0.39,2024-11-18,2032,N,VIIRS,n,2,283.59,0.84,N,0
29.43358,74.89735,328.06,0.45,0.39,2024-11-18,2032,N,VIIRS,n,2,287.02,2.33,N,0
29.43445,74.89997,316.36,0.45,0.39,2024-11-18,2032,N,VIIRS,n,2,286.42,2.26,N,0
29.44776,74.92807,306.34,0.45,0.39,2024-11-18,2032,N,VIIRS,n,2,283.8,0.99,N,0
29.45131,74.92869,295.27,0.45,0.39,2024-11-18,2032,N,VIIRS,n,2,283.36,0.42,N,0
29.46083,74.91153,299.79,0.45,0.39,2024-11-18,2032,N,VIIRS,n,2,283.21,0.64,N,0
29.46786,74.94099,305.86,0.45,0.39,2024-11-18,2032,N,VIIRS,n,2,283.95,1.09,N,0
29.47062,75.0024,308.08,0.44,0.39,2024-11-18,2032,N,VIIRS,n,2,283.83,1.15,N,0
29.47142,74.9416,302.31,0.45,0.39,2024-11-18,2032,N,VIIRS,n,2,283.96,0.71,N,0
29.4715,74.91338,311.3,0.45,0.39,2024-11-18,2032,N,VIIRS,n,2,284.23,1.45,N,0
29.47289,75.28002,299.98,0.43,0.38,2024-11-18,2032,N,VIIRS,n,2,284.34,0.54,N,0
29.51404,74.94903,295.73,0.45,0.39,2024-11-18,2032,N,VIIRS,n,2,283.5,0.32,N,0
29.52202,75.15305,317.98,0.44,0.38,2024-11-18,2032,N,VIIRS,n,2,285.03,1.82,N,0
29.52824,74.95151,308.94,0.45,0.39,2024-11-18,2032,N,VIIRS,n,2,283.99,0.79,N,0
29.53179,74.95212,295.35,0.45,0.39,2024-11-18,2032,N,VIIRS,n,2,284.01,0.79,N,0
29.5342,74.94994,301.6,0.45,0.39,2024-11-18,2032,N,VIIRS,n,2,283.99,0.7,N,0
29.53478,74.71019,305.69,0.46,0.39,2024-11-18,2032,N,VIIRS,n,2,283.56,1.44,N,0
29.53491,75.16456,297.06,0.44,0.38,2024-11-18,2032,N,VIIRS,n,2,283.63,0.6,N,0
29.53596,74.94814,298.52,0.45,0.39,2024-11-18,2032,N,VIIRS,n,2,284.33,0.54,N,0
30.22846,71.61784,299.96,0.44,0.46,2024-11-18,2032,N,VIIRS,n,2,285.55,0.64,N,0
30.44714,70.56892,302.68,0.51,0.49,2024-11-18,2032,N,VIIRS,n,2,289.79,0.8,N,0
28.34143,71.60545,332.46,0.51,0.49,2024-11-19,748,N,VIIRS,l,2,304.75,2.44,D,0
28.34253,71.61061,338.18,0.51,0.49,2024-11-19,748,N,VIIRS,n,2,307.2,6.75,D,0
28.34811,71.61456,348.43,0.51,0.49,2024-11-19,748,N,VIIRS,n,2,306.96,6.75,D,0
29.13215,71.05344,336.95,0.53,0.5,2024-11-19,748,N,VIIRS,n,2,299.81,4.41,D,0
29.18417,70.98164,330.1,0.53,0.5,2024-11-19,748,N,VIIRS,n,2,299.99,3.53,D,0
29.20683,73.17024,344.13,0.4,0.44,2024-11-19,748,N,VIIRS,n,2,302.26,3.58,D,0
29.24002,73.54778,350.96,0.38,0.43,2024-11-19,748,N,VIIRS,n,2,305.88,6.61,D,0
29.2449,73.50959,331.99,0.38,0.44,2024-11-19,748,N,VIIRS,n,2,303.1,1.3,D,0
29.24552,73.55457,331.23,0.38,0.43,2024-11-19,748,N,VIIRS,n,2,300.16,4.32,D,0
29.24649,73.55944,332.79,0.57,0.43,2024-11-19,748,N,VIIRS,n,2,301.94,3.81,D,0
29.31339,74.30063,333.56,0.52,0.42,2024-11-19,748,N,VIIRS,n,2,302.61,5.46,D,0
29.32252,73.79989,346.62,0.56,0.43,2024-11-19,748,N,VIIRS,n,2,305.69,12.53,D,0
29.34885,73.89368,338.13,0.55,0.43,2024-11-19,748,N,VIIRS,n,2,302.55,4.41,D,0
29.34993,73.89928,338.02,0.55,0.43,2024-11-19,748,N,VIIRS,n,2,301.29,4.41,D,0
29.3584,73.68906,331.15,0.56,0.43,2024-11-19,748,N,VIIRS,n,2,302.46,2.66,D,0
29.35942,73.72367,335.37,0.56,0.43,2024-11-19,748,N,VIIRS,n,2,303.18,3.1,D,0
29.36109,73.72443,341.24,0.56,0.43,2024-11-19,748,N,VIIRS,n,2,303.75,22.07,D,0
29.36332,73.72269,351.01,0.56,0.43,2024-11-19,748,N,VIIRS,n,2,310.03,45.02,D,0
29.36499,73.72343,337.66,0.56,0.43,2024-11-19,748,N,VIIRS,n,2,305.51,22.07,D,0
29.37031,74.00497,335.94,0.54,0.42,2024-11-19,748,N,VIIRS,n,2,305.59,11.19,D,0
29.38051,74.03707,333.05,0.54,0.42,2024-11-19,748,N,VIIRS,n,2,304.34,3.34,D,0
29.39224,73.92966,335.87,0.55,0.42,2024-11-19,748,N,VIIRS,n,2,307.68,3.42,D,0
29.41194,74.01194,335.3,0.54,0.42,2024-11-19,748,N,VIIRS,n,2,304.3,7.4,D,0
29.41196,74.01051,339.11,0.54,0.42,2024-11-19,748,N,VIIRS,n,2,304.06,7.77,D,0
29.44037,74.03224,347.25,0.54,0.42,2024-11-19,748,N,VIIRS,n,2,304.52,9.98,D,0
29.44258,73.36104,331.58,0.39,0.44,2024-11-19,748,N,VIIRS,n,2,305.73,1.21,D,0
29.45211,75.49535,339.88,0.46,0.39,2024-11-19,748,N,VIIRS,n,2,301.53,4.07,D,0
29.46077,74.09599,333.92,0.53,0.42,2024-11-19,748,N,VIIRS,n,2,300.88,2.35,D,0
29.48619,74.18629,334.29,0.53,0.42,2024-11-19,748,N,VIIRS,n,2,302.61,3.36,D,0
29.49239,74.42435,334.63,0.51,0.41,2024-11-19,748,N,VIIRS,n,2,305.85,2.96,D,0
29.49578,74.58331,330.44,0.51,0.41,2024-11-19,748,N,VIIRS,l,2,303.86,1.98,D,0
29.50091,74.42775,342.14,0.51,0.41,2024-11-19,748,N,VIIRS,n,2,303.67,5.58,D,0
29.50228,74.42911,342.88,0.51,0.41,2024-11-19,748,N,VIIRS,n,2,305.59,5.71,D,0
29.50765,74.15263,339.32,0.53,0.42,2024-11-19,748,N,VIIRS,n,2,303.26,4.64,D,0
29.51118,74.41974,332.57,0.51,0.41,2024-11-19,748,N,VIIRS,n,2,301.54,1.89,D,0
29.52525,74.18221,330.13,0.53,0.42,2024-11-19,748,N,VIIRS,n,2,303.08,2.17,D,0
29.53428,74.56128,333.23,0.51,0.41,2024-11-19,748,N,VIIRS,n,2,303.41,3.55,D,0
29.54961,74.22685,352.78,0.52,0.42,2024-11-19,748,N,VIIRS,n,2,304.71,12.66,D,0
29.55116,74.56795,345.01,0.51,0.41,2024-11-19,748,N,VIIRS,n,2,306.98,9.51,D,0
29.55471,74.54545,332.88,0.51,0.41,2024-11-19,748,N,VIIRS,n,2,304.37,2.63,D,0
29.55684,74.57736,339.75,0.5,0.41,2024-11-19,748,N,VIIRS,n,2,302.78,4.61,D,0
29.5582,74.23033,332.42,0.52,0.42,2024-11-19,748,N,VIIRS,n,2,301.14,5.83,D,0
29.55921,74.23569,333.57,0.52,0.42,2024-11-19,748,N,VIIRS,n,2,303.09,8.12,D,0
29.56181,74.50028,345.87,0.51,0.41,2024-11-19,748,N,VIIRS,n,2,309.99,39.09,D,0
29.56607,74.56429,334.01,0.51,0.41,2024-11-19,748,N,VIIRS,n,2,305.15,5.65,D,0
29.5679,74.24795,338.84,0.52,0.42,2024-11-19,748,N,VIIRS,n,2,302.33,5.45,D,0
29.56981,74.24986,346.47,0.52,0.42,2024-11-19,748,N,VIIRS,n,2,301.96,10.52,D,0
29.57168,74.247,337.58,0.52,0.42,2024-11-19,748,N,VIIRS,n,2,300.47,5.45,D,0
29.58099,74.56064,334.93,0.51,0.41,2024-11-19,748,N,VIIRS,l,2,308.46,17.81,D,0
29.58198,74.30026,336.69,0.52,0.41,2024-11-19,748,N,VIIRS,n,2,302.45,5.61,D,0
29.58338,74.38542,333.01,0.52,0.41,2024-11-19,748,N,VIIRS,n,2,302.49,4,D,0
29.58358,74.30227,342.15,0.52,0.42,2024-11-19,748,N,VIIRS,n,2,302.75,5.97,D,0
29.59173,74.49292,338.91,0.51,0.41,2024-11-19,748,N,VIIRS,n,2,302.8,5.28,D,0
29.59382,74.52502,338.59,0.51,0.41,2024-11-19,748,N,VIIRS,n,2,305.41,5.3,D,0
29.59755,74.40144,331.79,0.51,0.41,2024-11-19,748,N,VIIRS,n,2,303,1.9,D,0
29.60018,74.49628,332.57,0.51,0.41,2024-11-19,748,N,VIIRS,n,2,300.88,16.02,D,0
29.60405,74.39435,332.65,0.51,0.41,2024-11-19,748,N,VIIRS,n,2,299.63,8.36,D,0
29.60414,74.3913,346.8,0.51,0.41,2024-11-19,748,N,VIIRS,n,2,303.22,14.42,D,0
29.60781,74.39342,334.5,0.51,0.41,2024-11-19,748,N,VIIRS,n,2,301.96,8.36,D,0
29.6079,74.39037,344.12,0.51,0.41,2024-11-19,748,N,VIIRS,n,2,303.01,14.42,D,0
29.62657,74.47091,338,0.51,0.41,2024-11-19,748,N,VIIRS,n,2,302.78,6.31,D,0
29.63349,75.31247,330.93,0.47,0.4,2024-11-19,748,N,VIIRS,n,2,303.26,2.45,D,0
29.69838,75.35941,337.43,0.46,0.39,2024-11-19,748,N,VIIRS,n,2,306.85,9.71,D,0
29.70206,74.23436,336.36,0.52,0.42,2024-11-19,748,N,VIIRS,n,2,303.92,5.5,D,0
29.72164,75.36384,334.75,0.46,0.39,2024-11-19,748,N,VIIRS,n,2,303.28,2.73,D,0
29.73572,75.12996,332.44,0.47,0.4,2024-11-19,748,N,VIIRS,n,2,299.31,2.78,D,0
29.73578,75.13211,331.32,0.47,0.4,2024-11-19,748,N,VIIRS,n,2,300.16,2.75,D,0
29.76809,75.3726,334.29,0.46,0.39,2024-11-19,748,N,VIIRS,n,2,304.17,4.9,D,0
29.77082,75.367,330.62,0.46,0.39,2024-11-19,748,N,VIIRS,l,2,303.5,4.22,D,0
29.77552,75.43494,331.39,0.46,0.39,2024-11-19,748,N,VIIRS,n,2,300.74,3.41,D,0
29.8196,75.46564,334.46,0.46,0.39,2024-11-19,748,N,VIIRS,n,2,303.06,2.71,D,0
29.82591,75.33608,332.33,0.46,0.39,2024-11-19,748,N,VIIRS,n,2,302.48,1.87,D,0
29.82646,74.82964,330.6,0.49,0.4,2024-11-19,748,N,VIIRS,n,2,300.65,2.24,D,0
29.83474,75.21931,333.63,0.47,0.4,2024-11-19,748,N,VIIRS,n,2,301.33,2.22,D,0
29.89373,74.7477,333.07,0.49,0.4,2024-11-19,748,N,VIIRS,n,2,304.31,2.95,D,0
29.90937,75.46887,332.98,0.46,0.39,2024-11-19,748,N,VIIRS,n,2,302.66,5.02,D,0
29.91068,75.47019,334.27,0.46,0.39,2024-11-19,748,N,VIIRS,n,2,303.63,5.11,D,0
29.91994,74.64092,333.25,0.5,0.41,2024-11-19,748,N,VIIRS,n,2,302.64,8.58,D,0
29.93714,75.49323,347.98,0.46,0.39,2024-11-19,748,N,VIIRS,n,2,304.84,7.02,D,0
29.945,74.67188,333.24,0.49,0.41,2024-11-19,748,N,VIIRS,n,2,300.41,3.6,D,0
29.94869,74.67098,330.93,0.49,0.41,2024-11-19,748,N,VIIRS,l,2,302.37,3.6,D,0
29.94922,75.02402,332.94,0.48,0.4,2024-11-19,748,N,VIIRS,n,2,303.34,2.63,D,0
29.94987,75.08773,334.47,0.47,0.4,2024-11-19,748,N,VIIRS,n,2,304.85,4.43,D,0
29.9501,75.08988,341.75,0.47,0.4,2024-11-19,748,N,VIIRS,n,2,304.36,6.57,D,0
29.95013,75.02891,331.23,0.48,0.4,2024-11-19,748,N,VIIRS,n,2,301.4,2.63,D,0
29.95601,74.64799,330.64,0.49,0.41,2024-11-19,748,N,VIIRS,l,2,302.21,3.49,D,0
29.95607,74.66918,333.77,0.49,0.41,2024-11-19,748,N,VIIRS,n,2,300.95,3.42,D,0
29.98255,75.12251,344.23,0.47,0.4,2024-11-19,748,N,VIIRS,n,2,306.07,9.55,D,0
29.98385,74.84069,332.57,0.48,0.4,2024-11-19,748,N,VIIRS,n,2,300.72,5.34,D,0
29.99664,74.84795,335.4,0.48,0.4,2024-11-19,748,N,VIIRS,n,2,303.16,5.17,D,0
30.00759,75.17688,339.54,0.47,0.4,2024-11-19,748,N,VIIRS,n,2,303.32,3.19,D,0
30.02662,74.90789,350.93,0.48,0.4,2024-11-19,748,N,VIIRS,n,2,311.79,37.3,D,0
30.05802,75.2895,340.89,0.46,0.39,2024-11-19,748,N,VIIRS,n,2,305.2,5.39,D,0
30.06044,75.42679,335.29,0.46,0.39,2024-11-19,748,N,VIIRS,n,2,303.94,4.23,D,0
29.23682,71.00997,331.09,0.53,0.5,2024-11-19,749,N,VIIRS,n,2,297.93,3.41,D,0
29.96103,74.44552,331.87,0.5,0.41,2024-11-19,749,N,VIIRS,n,2,301.59,2.69,D,0
29.9698,71.28289,333.19,0.49,0.49,2024-11-19,749,N,VIIRS,n,2,299.08,5.16,D,0
29.96984,74.49199,332.83,0.5,0.41,2024-11-19,749,N,VIIRS,n,2,300.72,3.78,D,0
29.99648,74.57129,332.88,0.5,0.41,2024-11-19,749,N,VIIRS,n,2,302.34,4.57,D,0
30.00538,74.51551,336.03,0.5,0.41,2024-11-19,749,N,VIIRS,n,2,301.54,3.03,D,0
30.0062,74.49918,335.27,0.5,0.41,2024-11-19,749,N,VIIRS,n,2,303.75,5.39,D,0
30.01039,74.74775,334.21,0.49,0.4,2024-11-19,749,N,VIIRS,n,2,301.27,3.69,D,0
30.02464,74.90533,334.96,0.48,0.4,2024-11-19,749,N,VIIRS,n,2,305.67,9.26,D,0
30.02556,74.91026,338.63,0.48,0.4,2024-11-19,749,N,VIIRS,n,2,307.17,9.26,D,0
30.02828,74.90446,332.61,0.48,0.4,2024-11-19,749,N,VIIRS,n,2,304.79,8.62,D,0
30.0292,74.90939,335.15,0.48,0.4,2024-11-19,749,N,VIIRS,n,2,302.12,8.62,D,0
30.04173,74.79236,336.38,0.49,0.4,2024-11-19,749,N,VIIRS,n,2,307.44,25.78,D,0
30.04539,74.79147,331.3,0.49,0.4,2024-11-19,749,N,VIIRS,l,2,304.03,4.48,D,0
30.05304,73.23408,335.68,0.38,0.44,2024-11-19,749,N,VIIRS,n,2,301.58,1.59,D,0
30.05633,74.76792,334.45,0.49,0.4,2024-11-19,749,N,VIIRS,n,2,302.53,3.21,D,0
30.08283,73.40406,332.55,0.57,0.43,2024-11-19,749,N,VIIRS,n,2,300.66,4.75,D,0
30.09023,74.3847,334.13,0.51,0.41,2024-11-19,749,N,VIIRS,n,2,300.7,5.32,D,0
30.1016,74.40363,345.8,0.5,0.41,2024-11-19,749,N,VIIRS,n,2,304.19,20.7,D,0
30.14138,75.23153,333.71,0.46,0.39,2024-11-19,749,N,VIIRS,n,2,305.8,3.35,D,0
30.16454,75.35953,335.21,0.46,0.39,2024-11-19,749,N,VIIRS,n,2,302.68,2.71,D,0
30.17439,75.35226,336.3,0.46,0.39,2024-11-19,749,N,VIIRS,n,2,304.21,3.64,D,0
30.18439,75.03327,334.03,0.47,0.4,2024-11-19,749,N,VIIRS,n,2,306.24,4.79,D,0
30.19859,73.47115,343.02,0.56,0.43,2024-11-19,749,N,VIIRS,n,2,302.79,6.15,D,0
30.19932,75.17561,336.3,0.47,0.39,2024-11-19,749,N,VIIRS,n,2,303.7,3.46,D,0
30.2077,73.58615,331.85,0.55,0.43,2024-11-19,749,N,VIIRS,n,2,299.38,4.05,D,0
30.20778,73.58263,333.3,0.55,0.43,2024-11-19,749,N,VIIRS,n,2,300.75,2.78,D,0
30.22468,74.66416,333.6,0.49,0.4,2024-11-19,749,N,VIIRS,n,2,302.12,3.41,D,0
30.22861,75.23336,331.27,0.46,0.39,2024-11-19,749,N,VIIRS,n,2,302.41,1.83,D,0
30.22947,74.71021,335.27,0.49,0.4,2024-11-19,749,N,VIIRS,n,2,305.94,4.04,D,0
30.23314,74.70932,336.5,0.49,0.4,2024-11-19,749,N,VIIRS,n,2,304.63,8.42,D,0
30.24037,73.60742,333.86,0.55,0.43,2024-11-19,749,N,VIIRS,n,2,299.58,5.9,D,0
30.24146,74.36059,335.26,0.5,0.41,2024-11-19,749,N,VIIRS,n,2,301.3,4.04,D,0
30.25171,74.28999,334.39,0.51,0.41,2024-11-19,749,N,VIIRS,n,2,300.47,9.42,D,0
30.25321,75.40965,339.92,0.45,0.39,2024-11-19,749,N,VIIRS,n,2,305.1,12.71,D,0
30.25686,74.67202,335.56,0.49,0.4,2024-11-19,749,N,VIIRS,n,2,304,4.42,D,0
30.25738,74.96162,334.24,0.47,0.4,2024-11-19,749,N,VIIRS,n,2,305.67,2.81,D,0
30.25872,74.96439,335.11,0.47,0.4,2024-11-19,749,N,VIIRS,n,2,304.82,3.15,D,0
30.27159,74.68939,336.93,0.49,0.4,2024-11-19,749,N,VIIRS,n,2,301.57,4.92,D,0
30.27209,74.54663,335.68,0.49,0.41,2024-11-19,749,N,VIIRS,n,2,302.39,2.87,D,0
30.28592,75.32343,339.3,0.46,0.39,2024-11-19,749,N,VIIRS,n,2,304.79,2.94,D,0
30.29314,74.52807,332.66,0.49,0.41,2024-11-19,749,N,VIIRS,n,2,301.89,2.1,D,0
30.30181,74.6662,334.62,0.49,0.4,2024-11-19,749,N,VIIRS,n,2,303.07,3.81,D,0
30.31521,74.27411,342.04,0.51,0.41,2024-11-19,749,N,VIIRS,n,2,301.01,5.14,D,0
30.32481,74.75705,331.46,0.48,0.4,2024-11-19,749,N,VIIRS,l,2,303.23,2.72,D,0
30.32483,74.57338,342.62,0.49,0.4,2024-11-19,749,N,VIIRS,n,2,302.57,3.93,D,0
30.32835,74.74857,339.01,0.48,0.4,2024-11-19,749,N,VIIRS,n,2,303.37,3.01,D,0
30.33118,74.75029,333.76,0.48,0.4,2024-11-19,749,N,VIIRS,n,2,302.18,4.73,D,0
30.33611,73.91409,345.46,0.53,0.42,2024-11-19,749,N,VIIRS,n,2,302.44,5.02,D,0
30.33745,74.37205,342.56,0.5,0.41,2024-11-19,749,N,VIIRS,n,2,304.22,5.01,D,0
30.34335,74.85591,333.77,0.48,0.4,2024-11-19,749,N,VIIRS,n,2,303.52,3.77,D,0
30.34454,74.85844,334.52,0.48,0.4,2024-11-19,749,N,VIIRS,n,2,301.34,3.54,D,0
30.34565,74.70505,342.15,0.48,0.4,2024-11-19,749,N,VIIRS,n,2,305.81,6.93,D,0
30.34929,74.33109,330.53,0.5,0.41,2024-11-19,749,N,VIIRS,n,2,300.67,2.07,D,0
30.34957,74.33355,332.83,0.5,0.41,2024-11-19,749,N,VIIRS,n,2,300.89,2.98,D,0
30.36061,71.72104,337.54,0.46,0.47,2024-11-19,749,N,VIIRS,n,2,296.32,2.72,D,0
30.36271,74.34113,330,0.5,0.41,2024-11-19,749,N,VIIRS,n,2,299.87,2.58,D,0
30.36382,74.43024,332.82,0.5,0.41,2024-11-19,749,N,VIIRS,l,2,302.85,5.8,D,0
30.36702,74.92187,337.68,0.47,0.4,2024-11-19,749,N,VIIRS,n,2,304.28,3.63,D,0
30.36741,74.03632,336.65,0.52,0.42,2024-11-19,749,N,VIIRS,n,2,302.39,6.53,D,0
30.37103,74.61482,332.85,0.49,0.4,2024-11-19,749,N,VIIRS,n,2,301,3,D,0
30.37615,74.49683,345.57,0.5,0.41,2024-11-19,749,N,VIIRS,n,2,305.87,11.7,D,0
30.38013,74.58089,342.36,0.49,0.4,2024-11-19,749,N,VIIRS,n,2,305.81,8,D,0
30.38316,75.09299,333.03,0.47,0.39,2024-11-19,749,N,VIIRS,n,2,302.17,0.98,D,0
30.38402,75.09486,334.1,0.47,0.39,2024-11-19,749,N,VIIRS,n,2,302.85,2.67,D,0
30.38416,75.01426,330.77,0.47,0.4,2024-11-19,749,N,VIIRS,n,2,304.51,1.9,D,0
30.38952,74.67332,333.77,0.49,0.4,2024-11-19,749,N,VIIRS,l,2,304.46,6.07,D,0
30.39045,75.02789,339.13,0.47,0.4,2024-11-19,749,N,VIIRS,n,2,303.77,5.25,D,0
30.39226,74.66742,336.47,0.49,0.4,2024-11-19,749,N,VIIRS,n,2,303.92,6.07,D,0
30.39512,74.86897,333.62,0.48,0.4,2024-11-19,749,N,VIIRS,n,2,304.05,3.21,D,0
30.40195,75.48758,336.21,0.45,0.39,2024-11-19,749,N,VIIRS,n,2,305.62,4.62,D,0
30.4028,74.44981,341.3,0.5,0.41,2024-11-19,749,N,VIIRS,n,2,305.63,8.84,D,0
30.41359,75.11277,336.89,0.46,0.39,2024-11-19,749,N,VIIRS,n,2,303.01,2.61,D,0
30.42671,74.93792,337.43,0.47,0.4,2024-11-19,749,N,VIIRS,n,2,305.61,4.77,D,0
30.42757,74.41682,333.88,0.5,0.41,2024-11-19,749,N,VIIRS,n,2,303.89,8.23,D,0
30.43274,75.03278,331.07,0.47,0.4,2024-11-19,749,N,VIIRS,n,2,304.39,2.78,D,0
30.43291,75.19785,335.54,0.46,0.39,2024-11-19,749,N,VIIRS,n,2,303.05,3.58,D,0
30.43326,74.03505,344.18,0.52,0.41,2024-11-19,749,N,VIIRS,n,2,302.1,8.09,D,0
30.43431,75.26676,337.18,0.46,0.39,2024-11-19,749,N,VIIRS,n,2,302.73,2.63,D,0
30.43682,74.77313,332.95,0.48,0.4,2024-11-19,749,N,VIIRS,n,2,301.89,2.3,D,0
30.44906,75.18402,333.61,0.46,0.39,2024-11-19,749,N,VIIRS,n,2,304.1,2.26,D,0
30.4546,75.15282,332.77,0.46,0.39,2024-11-19,749,N,VIIRS,n,2,302.26,2.56,D,0
30.45704,74.86091,333.29,0.48,0.4,2024-11-19,749,N,VIIRS,n,2,303.87,3.55,D,0
30.46568,74.66196,343.03,0.49,0.4,2024-11-19,749,N,VIIRS,n,2,309.45,38.11,D,0
30.47577,74.0299,332.13,0.52,0.41,2024-11-19,749,N,VIIRS,n,2,300.01,5.08,D,0
30.47783,74.78894,339.76,0.48,0.4,2024-11-19,749,N,VIIRS,n,2,309.41,27.94,D,0
30.47794,75.46633,334.95,0.45,0.39,2024-11-19,749,N,VIIRS,n,2,305.37,9.37,D,0
30.47939,74.65334,332.73,0.49,0.4,2024-11-19,749,N,VIIRS,n,2,301.98,3.25,D,0
30.48098,73.99488,330.35,0.52,0.42,2024-11-19,749,N,VIIRS,n,2,300.36,3.82,D,0
30.48425,74.90542,341.79,0.47,0.4,2024-11-19,749,N,VIIRS,n,2,303.48,4.77,D,0
30.48445,70.71259,332.84,0.52,0.5,2024-11-19,749,N,VIIRS,n,2,299.24,3.66,D,0
30.48784,74.96558,334.4,0.47,0.4,2024-11-19,749,N,VIIRS,n,2,302.88,3.79,D,0
30.49018,74.12659,333.56,0.51,0.41,2024-11-19,749,N,VIIRS,l,2,303.76,4.03,D,0
30.49512,74.84133,337.88,0.48,0.4,2024-11-19,749,N,VIIRS,n,2,303.09,4.73,D,0
30.49922,75.12878,336.25,0.46,0.39,2024-11-19,749,N,VIIRS,n,2,303.84,2.54,D,0
30.49945,75.13199,334.8,0.46,0.39,2024-11-19,749,N,VIIRS,n,2,306.16,2.44,D,0
30.5048,74.26588,336.1,0.5,0.41,2024-11-19,749,N,VIIRS,n,2,300.33,4.01,D,0
30.50868,74.89435,334.51,0.47,0.4,2024-11-19,749,N,VIIRS,n,2,302.23,2.94,D,0
30.5123,74.89347,333.97,0.47,0.4,2024-11-19,749,N,VIIRS,n,2,301.65,2.94,D,0
30.51328,74.81633,332.41,0.48,0.4,2024-11-19,749,N,VIIRS,n,2,302.36,1.73,D,0
30.51369,71.5572,342.14,0.47,0.47,2024-11-19,749,N,VIIRS,n,2,298.98,8.4,D,0
30.51799,71.55599,342.3,0.47,0.47,2024-11-19,749,N,VIIRS,n,2,298.12,8.4,D,0
30.52224,74.46119,333.51,0.49,0.41,2024-11-19,749,N,VIIRS,n,2,300.35,3.6,D,0
30.52405,74.8957,330.98,0.47,0.4,2024-11-19,749,N,VIIRS,n,2,300.96,1.71,D,0
30.53124,75.2681,342.96,0.46,0.39,2024-11-19,749,N,VIIRS,n,2,304.32,3.88,D,0
30.53251,75.26942,347.44,0.46,0.39,2024-11-19,749,N,VIIRS,n,2,304.17,5.71,D,0
30.53624,71.83463,331.68,0.45,0.47,2024-11-19,749,N,VIIRS,n,2,298.78,3.09,D,0
30.5402,71.57507,330.72,0.46,0.47,2024-11-19,749,N,VIIRS,n,2,299.19,1.88,D,0
30.54771,74.55576,346.51,0.49,0.4,2024-11-19,749,N,VIIRS,n,2,302.02,7,D,0
30.54861,75.09187,334.01,0.46,0.39,2024-11-19,749,N,VIIRS,l,2,304.46,3.69,D,0
30.56166,74.09471,344.44,0.51,0.41,2024-11-19,749,N,VIIRS,n,2,303.63,8.43,D,0
30.57492,75.03027,339.91,0.47,0.39,2024-11-19,749,N,VIIRS,n,2,304.3,13.14,D,0
30.5787,74.86509,344.1,0.47,0.4,2024-11-19,749,N,VIIRS,n,2,306.69,9.94,D,0
30.5796,74.86997,334.38,0.47,0.4,2024-11-19,749,N,VIIRS,n,2,306.73,9.94,D,0
30.59938,74.66892,337.73,0.48,0.4,2024-11-19,749,N,VIIRS,n,2,300.58,4.91,D,0
30.61765,74.14143,334.61,0.51,0.41,2024-11-19,749,N,VIIRS,l,2,305.63,10.81,D,0
30.62217,74.62669,334.6,0.48,0.4,2024-11-19,749,N,VIIRS,n,2,302.37,4.9,D,0
30.62414,74.13427,342.63,0.51,0.41,2024-11-19,749,N,VIIRS,n,2,303.24,7.63,D,0
30.62433,74.62836,336.39,0.48,0.4,2024-11-19,749,N,VIIRS,n,2,301.64,3.91,D,0
30.62436,74.15625,330.01,0.51,0.41,2024-11-19,749,N,VIIRS,l,2,300.27,2.46,D,0
30.62934,71.71207,339.77,0.45,0.47,2024-11-19,749,N,VIIRS,n,2,299.73,5.77,D,0
30.6344,74.23049,333.35,0.5,0.41,2024-11-19,749,N,VIIRS,l,2,304.73,26.48,D,0
30.63568,75.49293,339.44,0.45,0.39,2024-11-19,749,N,VIIRS,n,2,303.87,3.81,D,0
30.64492,74.75113,333.37,0.48,0.4,2024-11-19,749,N,VIIRS,n,2,301.93,3.55,D,0
30.64501,74.55499,332.54,0.49,0.4,2024-11-19,749,N,VIIRS,n,2,301.67,2.2,D,0
30.64583,74.75607,332.36,0.48,0.4,2024-11-19,749,N,VIIRS,n,2,300.28,8.06,D,0
30.64653,74.68546,340.41,0.48,0.4,2024-11-19,749,N,VIIRS,n,2,308.15,24.1,D,0
30.64769,74.75253,348.61,0.48,0.4,2024-11-19,749,N,VIIRS,n,2,304.05,14.22,D,0
30.64856,74.75023,333.54,0.48,0.4,2024-11-19,749,N,VIIRS,n,2,299.68,3.55,D,0
30.6504,74.37807,339.67,0.5,0.41,2024-11-19,749,N,VIIRS,n,2,311.82,43.06,D,0
30.66656,72.18468,330.1,0.43,0.46,2024-11-19,749,N,VIIRS,n,2,298.78,2.14,D,0
30.66766,75.466,333.68,0.45,0.39,2024-11-19,749,N,VIIRS,n,2,300.48,5.42,D,0
30.68081,74.3543,331.11,0.5,0.41,2024-11-19,749,N,VIIRS,l,2,302.74,2.53,D,0
30.68688,74.96252,340.94,0.47,0.4,2024-11-19,749,N,VIIRS,n,2,303.46,6.13,D,0
30.68759,74.96551,347.45,0.47,0.4,2024-11-19,749,N,VIIRS,n,2,304.39,12.82,D,0
30.68777,74.96735,331.4,0.47,0.4,2024-11-19,749,N,VIIRS,n,2,301.84,6.13,D,0
30.6898,75.18498,333.28,0.46,0.39,2024-11-19,749,N,VIIRS,n,2,303.06,6.66,D,0
30.69184,75.00986,333.45,0.47,0.39,2024-11-19,749,N,VIIRS,n,2,303.27,2.99,D,0
30.6928,75.13963,338.71,0.46,0.39,2024-11-19,749,N,VIIRS,n,2,307.3,30.6,D,0
30.70331,74.32451,332.66,0.5,0.41,2024-11-19,749,N,VIIRS,n,2,301.15,2.55,D,0
30.70869,72.0052,339.43,0.44,0.46,2024-11-19,749,N,VIIRS,n,2,299.18,3.05,D,0
30.70893,74.43568,332.91,0.49,0.4,2024-11-19,749,N,VIIRS,n,2,303.14,3,D,0
30.71217,74.87517,334.52,0.47,0.4,2024-11-19,749,N,VIIRS,n,2,302.88,4.59,D,0
30.71422,75.42368,344.19,0.45,0.39,2024-11-19,749,N,VIIRS,n,2,302.09,7.43,D,0
30.72771,71.99043,330.79,0.44,0.46,2024-11-19,749,N,VIIRS,n,2,298.69,2.7,D,0
30.72918,75.42494,333.54,0.45,0.39,2024-11-19,749,N,VIIRS,n,2,302.46,6.03,D,0
30.73271,75.4241,334.04,0.45,0.39,2024-11-19,749,N,VIIRS,n,2,303.68,6.03,D,0
30.73725,74.27814,341.11,0.5,0.41,2024-11-19,749,N,VIIRS,n,2,303.81,5.53,D,0
30.73772,75.2866,331,0.45,0.39,2024-11-19,749,N,VIIRS,n,2,301.84,1.34,D,0
30.75572,74.39729,339.19,0.49,0.41,2024-11-19,749,N,VIIRS,n,2,303.06,7.6,D,0
30.75965,74.29415,333.13,0.5,0.41,2024-11-19,749,N,VIIRS,n,2,300.2,2.58,D,0
30.761,74.83251,335.09,0.47,0.4,2024-11-19,749,N,VIIRS,n,2,304.33,5.48,D,0
30.7774,74.77953,333,0.47,0.4,2024-11-19,749,N,VIIRS,n,2,301.16,3.23,D,0
30.78379,75.2673,333.3,0.45,0.39,2024-11-19,749,N,VIIRS,n,2,300.12,2.87,D,0
30.78624,75.03386,332.89,0.46,0.39,2024-11-19,749,N,VIIRS,n,2,302.36,1.74,D,0
30.78649,75.26174,332.48,0.45,0.39,2024-11-19,749,N,VIIRS,n,2,299.77,1.74,D,0
30.78982,75.03299,334.21,0.46,0.39,2024-11-19,749,N,VIIRS,l,2,305,3.65,D,0
30.79189,74.98222,330.54,0.47,0.39,2024-11-19,749,N,VIIRS,n,2,302.07,1.1,D,0
30.79691,74.55659,333.29,0.49,0.4,2024-11-19,749,N,VIIRS,l,2,304.1,3.36,D,0
30.807,75.00367,333.84,0.46,0.39,2024-11-19,749,N,VIIRS,n,2,304.69,2.89,D,0
30.80804,75.00551,334.27,0.46,0.39,2024-11-19,749,N,VIIRS,n,2,303.38,3.01,D,0
30.81248,75.11729,333.52,0.46,0.39,2024-11-19,749,N,VIIRS,n,2,303.38,11.54,D,0
30.81629,75.38615,331.64,0.45,0.39,2024-11-19,749,N,VIIRS,n,2,302.51,2.21,D,0
30.83115,75.22148,349.06,0.45,0.39,2024-11-19,749,N,VIIRS,n,2,304.35,12.1,D,0
30.8352,75.34763,345.23,0.45,0.39,2024-11-19,749,N,VIIRS,n,2,306.78,10.7,D,0
30.84238,72.10132,333.2,0.43,0.46,2024-11-19,749,N,VIIRS,n,2,298.79,3.43,D,0
30.8506,75.30983,346.96,0.45,0.39,2024-11-19,749,N,VIIRS,n,2,303.32,6.5,D,0
30.85978,74.7746,331.13,0.47,0.4,2024-11-19,749,N,VIIRS,l,2,301.69,2.39,D,0
30.86106,75.15203,342.14,0.46,0.39,2024-11-19,749,N,VIIRS,n,2,304.38,4.11,D,0
30.86876,72.18697,346.75,0.42,0.45,2024-11-19,749,N,VIIRS,n,2,300.46,6,D,0
30.87312,71.89056,337.1,0.44,0.46,2024-11-19,749,N,VIIRS,n,2,299.96,3.22,D,0
30.87609,74.60197,346.24,0.48,0.4,2024-11-19,749,N,VIIRS,n,2,307.91,12.32,D,0
30.88156,75.44296,346.19,0.45,0.39,2024-11-19,749,N,VIIRS,n,2,302.46,7.8,D,0
30.88452,75.44394,330.65,0.45,0.39,2024-11-19,749,N,VIIRS,n,2,299.46,2.87,D,0
30.88981,74.61421,332.92,0.48,0.4,2024-11-19,749,N,VIIRS,n,2,304.03,5.32,D,0
30.88991,72.16263,333.04,0.42,0.45,2024-11-19,749,N,VIIRS,n,2,300.94,2.64,D,0
30.8936,74.67558,330.27,0.48,0.4,2024-11-19,749,N,VIIRS,l,2,303,3.15,D,0
30.89413,75.35464,331.33,0.45,0.39,2024-11-19,749,N,VIIRS,n,2,301.65,1.74,D,0
30.89497,75.35929,347.68,0.45,0.39,2024-11-19,749,N,VIIRS,n,2,302.46,6.88,D,0
30.89885,75.3195,332.91,0.45,0.39,2024-11-19,749,N,VIIRS,l,2,304.12,5.19,D,0
30.89963,75.42587,343.95,0.45,0.39,2024-11-19,749,N,VIIRS,n,2,309.52,10.36,D,0
30.90046,75.43049,330.71,0.45,0.39,2024-11-19,749,N,VIIRS,n,2,300.66,10.36,D,0
30.9168,75.37827,343,0.45,0.39,2024-11-19,749,N,VIIRS,n,2,302.98,5.04,D,0
30.92344,70.79711,332.04,0.5,0.49,2024-11-19,749,N,VIIRS,n,2,298.6,5.29,D,0
30.93624,74.80389,337.24,0.47,0.4,2024-11-19,749,N,VIIRS,n,2,304.97,3.34,D,0
30.94346,74.8021,333.4,0.47,0.4,2024-11-19,749,N,VIIRS,n,2,302.84,2.32,D,0
30.94583,74.95864,340.99,0.46,0.39,2024-11-19,749,N,VIIRS,n,2,308.01,8.99,D,0
30.96428,74.77139,333.91,0.47,0.4,2024-11-19,749,N,VIIRS,n,2,303.06,5.39,D,0
30.96851,72.24314,353.49,0.42,0.45,2024-11-19,749,N,VIIRS,n,2,301.59,8.72,D,0
30.97385,72.16363,332.17,0.42,0.45,2024-11-19,749,N,VIIRS,n,2,300.59,4.57,D,0
30.98563,75.19742,333.28,0.45,0.39,2024-11-19,749,N,VIIRS,n,2,300.37,2.77,D,0
30.9923,70.74091,335.08,0.51,0.49,2024-11-19,749,N,VIIRS,n,2,296.77,2.74,D,0
30.99458,75.18542,342.95,0.45,0.39,2024-11-19,749,N,VIIRS,n,2,303.54,5.04,D,0
30.99813,75.18456,332.15,0.45,0.39,2024-11-19,749,N,VIIRS,n,2,301.57,4.34,D,0
31.00252,74.69312,332.39,0.48,0.4,2024-11-19,749,N,VIIRS,n,2,301.51,2.37,D,0
31.00382,75.13388,342.93,0.46,0.39,2024-11-19,749,N,VIIRS,n,2,302.9,7.24,D,0
31.01067,71.8978,340.92,0.44,0.46,2024-11-19,749,N,VIIRS,n,2,302.63,2.85,D,0
31.01805,75.13041,340.11,0.46,0.39,2024-11-19,749,N,VIIRS,n,2,303.57,4.91,D,0
31.01971,74.66302,335.05,0.48,0.4,2024-11-19,749,N,VIIRS,n,2,301.92,3.53,D,0
31.02161,75.12954,335.57,0.46,0.39,2024-11-19,749,N,VIIRS,n,2,300.82,4.91,D,0
31.03838,75.14027,340.87,0.46,0.39,2024-11-19,749,N,VIIRS,n,2,300.8,3.88,D,0
31.04541,72.2812,335.25,0.41,0.45,2024-11-19,749,N,VIIRS,n,2,300.56,2.63,D,0
31.04548,71.95926,353.95,0.43,0.46,2024-11-19,749,N,VIIRS,n,2,303.52,11.5,D,0
31.05325,74.70113,330.32,0.47,0.4,2024-11-19,749,N,VIIRS,n,2,301.31,1.85,D,0
31.0545,75.17847,338.51,0.45,0.39,2024-11-19,749,N,VIIRS,n,2,302.3,3.75,D,0
31.05662,75.18016,336.36,0.45,0.39,2024-11-19,749,N,VIIRS,n,2,301.28,4.54,D,0
31.05805,75.1776,342.42,0.45,0.39,2024-11-19,749,N,VIIRS,n,2,303.03,3.75,D,0
31.06017,75.17929,338.52,0.45,0.39,2024-11-19,749,N,VIIRS,n,2,302.42,4.54,D,0
31.06211,72.18742,331.23,0.42,0.45,2024-11-19,749,N,VIIRS,n,2,300.52,2.06,D,0
31.07198,72.79213,330.46,0.39,0.44,2024-11-19,749,N,VIIRS,n,2,298.84,2.3,D,0
31.073,72.19817,332.38,0.42,0.45,2024-11-19,749,N,VIIRS,n,2,300.79,2.25,D,0
31.07351,72.77896,340.14,0.39,0.44,2024-11-19,749,N,VIIRS,n,2,299.22,3.73,D,0
31.08118,75.16214,336.27,0.45,0.39,2024-11-19,749,N,VIIRS,n,2,304.04,6.95,D,0
31.09613,75.03972,334.49,0.46,0.39,2024-11-19,749,N,VIIRS,n,2,302.53,2.63,D,0
31.09999,74.79197,332.72,0.47,0.4,2024-11-19,749,N,VIIRS,n,2,301.2,2.85,D,0
31.1,74.79395,337.18,0.47,0.4,2024-11-19,749,N,VIIRS,n,2,302.88,6.48,D,0
31.10087,74.79685,332.02,0.47,0.4,2024-11-19,749,N,VIIRS,n,2,301.22,3.55,D,0
31.10936,74.90625,338.39,0.46,0.39,2024-11-19,749,N,VIIRS,n,2,306.62,10.81,D,0
31.12161,74.82929,347.84,0.47,0.4,2024-11-19,749,N,VIIRS,n,2,304.75,16.4,D,0
31.14234,74.7784,332.72,0.47,0.4,2024-11-19,749,N,VIIRS,n,2,300.43,3.12,D,0
31.14429,72.8193,334.71,0.39,0.44,2024-11-19,749,N,VIIRS,n,2,298.53,2.56,D,0
31.15958,74.66651,333.21,0.47,0.4,2024-11-19,749,N,VIIRS,n,2,303.22,3.37,D,0
31.16397,75.05964,345.6,0.46,0.39,2024-11-19,749,N,VIIRS,n,2,302.31,6.84,D,0
31.16541,73.57423,335.83,0.53,0.42,2024-11-19,749,N,VIIRS,n,2,300.87,4.26,D,0
31.17493,74.99728,331.75,0.46,0.39,2024-11-19,749,N,VIIRS,n,2,298.48,3.2,D,0
31.1758,75.00204,332.82,0.46,0.39,2024-11-19,749,N,VIIRS,n,2,298.15,4.97,D,0
31.18864,74.66168,335.54,0.47,0.4,2024-11-19,749,N,VIIRS,n,2,302.98,1.64,D,0
31.21407,74.717,333.1,0.47,0.4,2024-11-19,749,N,VIIRS,n,2,301.22,3.97,D,0
31.21668,73.50039,334.26,0.53,0.42,2024-11-19,749,N,VIIRS,n,2,301.68,3.11,D,0
31.21711,75.08627,334.59,0.46,0.39,2024-11-19,749,N,VIIRS,n,2,302.32,2.87,D,0
31.2186,74.74145,334.16,0.47,0.4,2024-11-19,749,N,VIIRS,n,2,301.3,3.54,D,0
31.24973,74.97107,332.24,0.46,0.39,2024-11-19,749,N,VIIRS,n,2,302.13,1.24,D,0
31.2571,73.8107,337.14,0.52,0.41,2024-11-19,749,N,VIIRS,n,2,301.25,4.57,D,0
31.26054,73.68515,332.27,0.52,0.42,2024-11-19,749,N,VIIRS,n,2,300.96,1.76,D,0
31.26345,73.7413,337.58,0.52,0.42,2024-11-19,749,N,VIIRS,n,2,303.43,5.9,D,0
31.26726,74.73959,333.64,0.47,0.4,2024-11-19,749,N,VIIRS,n,2,302.58,3.22,D,0
31.27438,74.77858,336.49,0.47,0.4,2024-11-19,749,N,VIIRS,n,2,302.3,3.01,D,0
31.27563,73.90665,331.89,0.51,0.41,2024-11-19,749,N,VIIRS,n,2,298.09,2.81,D,0
31.27888,72.17511,338.95,0.42,0.45,2024-11-19,749,N,VIIRS,n,2,298.55,3.78,D,0
31.27907,74.98881,346.67,0.46,0.39,2024-11-19,749,N,VIIRS,n,2,303.2,6.1,D,0
31.29634,75.08371,332.63,0.45,0.39,2024-11-19,749,N,VIIRS,n,2,300.3,3.93,D,0
31.29863,74.99397,332.66,0.46,0.39,2024-11-19,749,N,VIIRS,n,2,302.01,1.89,D,0
31.31584,73.57169,335.11,0.53,0.42,2024-11-19,749,N,VIIRS,n,2,303.25,3.89,D,0
31.32468,75.30164,331.5,0.45,0.39,2024-11-19,749,N,VIIRS,n,2,301.34,5.38,D,0
31.32551,75.30627,332.36,0.45,0.39,2024-11-19,749,N,VIIRS,n,2,303.1,5.38,D,0
31.32947,74.89632,334.42,0.46,0.39,2024-11-19,749,N,VIIRS,n,2,302.22,3.24,D,0
31.32948,74.81255,330.37,0.47,0.39,2024-11-19,749,N,VIIRS,n,2,302.31,1.16,D,0
31.33031,74.89799,335.38,0.46,0.39,2024-11-19,749,N,VIIRS,n,2,301.38,3.31,D,0
31.34569,74.71701,332.97,0.47,0.4,2024-11-19,749,N,VIIRS,n,2,302.57,3.42,D,0
31.34632,72.18832,338.55,0.41,0.45,2024-11-19,749,N,VIIRS,n,2,299.03,3.71,D,0
31.34908,75.0263,337.03,0.46,0.39,2024-11-19,749,N,VIIRS,n,2,301.9,2.63,D,0
31.3531,73.7971,344.91,0.52,0.41,2024-11-19,749,N,VIIRS,n,2,302.49,5.45,D,0
31.35538,73.79494,332.49,0.52,0.41,2024-11-19,749,N,VIIRS,n,2,301.87,8.21,D,0
31.36259,74.84981,332.79,0.46,0.39,2024-11-19,749,N,VIIRS,n,2,301.43,2.23,D,0
31.3749,73.83476,342.06,0.51,0.41,2024-11-19,749,N,VIIRS,n,2,301.91,6.79,D,0
31.37658,72.19901,330.64,0.41,0.45,2024-11-19,749,N,VIIRS,n,2,299.32,2.31,D,0
31.37687,72.4875,335.75,0.4,0.44,2024-11-19,749,N,VIIRS,n,2,299.88,2.59,D,0
31.37916,72.37233,337.54,0.4,0.45,2024-11-19,749,N,VIIRS,n,2,299.2,2.75,D,0
31.37949,74.88085,345.48,0.46,0.39,2024-11-19,749,N,VIIRS,n,2,304.36,11.9,D,0
31.38137,75.33138,332.94,0.44,0.39,2024-11-19,749,N,VIIRS,n,2,302.1,3.31,D,0
31.38307,74.87997,344.58,0.46,0.39,2024-11-19,749,N,VIIRS,n,2,303.39,11.9,D,0
31.38876,75.01336,335.32,0.46,0.39,2024-11-19,749,N,VIIRS,n,2,301.74,2.74,D,0
31.39154,74.98783,332.95,0.46,0.39,2024-11-19,749,N,VIIRS,n,2,302.59,1.81,D,0
31.40023,74.83039,334.16,0.46,0.39,2024-11-19,749,N,VIIRS,n,2,302.63,3.56,D,0
31.40179,72.36242,335.29,0.4,0.45,2024-11-19,749,N,VIIRS,n,2,298.32,3.03,D,0
31.40284,73.81634,333.06,0.51,0.41,2024-11-19,749,N,VIIRS,l,2,303.79,7.29,D,0
31.40303,75.35023,334.97,0.44,0.39,2024-11-19,749,N,VIIRS,n,2,301.08,2.46,D,0
31.41926,74.74672,344.73,0.47,0.39,2024-11-19,749,N,VIIRS,n,2,302.29,7.07,D,0
31.41936,74.74964,332.93,0.47,0.39,2024-11-19,749,N,VIIRS,l,2,303.38,7.47,D,0
31.41955,73.61362,335.19,0.52,0.42,2024-11-19,749,N,VIIRS,n,2,301.15,3.62,D,0
31.42132,73.61087,339.31,0.52,0.42,2024-11-19,749,N,VIIRS,n,2,301.45,5.15,D,0
31.42361,72.42708,340.29,0.4,0.44,2024-11-19,749,N,VIIRS,n,2,300.54,6.6,D,0
31.42447,72.43124,340.88,0.4,0.44,2024-11-19,749,N,VIIRS,n,2,300.4,6.6,D,0
31.44797,74.80042,331.33,0.46,0.39,2024-11-19,749,N,VIIRS,n,2,300.81,2.6,D,0
31.45313,72.17325,332.09,0.41,0.45,2024-11-19,749,N,VIIRS,n,2,300.9,2.28,D,0
31.46045,72.39936,342.65,0.4,0.44,2024-11-19,749,N,VIIRS,n,2,300.61,4.97,D,0
31.46228,75.02995,332.83,0.45,0.39,2024-11-19,749,N,VIIRS,n,2,301.24,3.45,D,0
31.46638,73.84219,330.97,0.51,0.41,2024-11-19,749,N,VIIRS,n,2,303.68,2.09,D,0
31.46711,73.84442,337.37,0.51,0.41,2024-11-19,749,N,VIIRS,n,2,301.77,5.63,D,0
31.46741,73.8475,331.36,0.51,0.41,2024-11-19,749,N,VIIRS,n,2,299.9,4.9,D,0
31.47138,72.17005,335.75,0.41,0.45,2024-11-19,749,N,VIIRS,n,2,300.23,3.36,D,0
31.4816,72.52479,330.27,0.4,0.44,2024-11-19,749,N,VIIRS,n,2,299.27,2.07,D,0
31.48911,74.82051,335.24,0.46,0.39,2024-11-19,749,N,VIIRS,n,2,301.54,2.62,D,0
31.49256,74.85992,330.53,0.46,0.39,2024-11-19,749,N,VIIRS,l,2,303.07,4.07,D,0
31.49978,74.83802,333.65,0.46,0.39,2024-11-19,749,N,VIIRS,n,2,302.52,5.1,D,0
31.50066,74.84283,332.26,0.46,0.39,2024-11-19,749,N,VIIRS,n,2,301.02,5.1,D,0
31.50241,74.85246,334.59,0.46,0.39,2024-11-19,749,N,VIIRS,n,2,299.89,2.99,D,0
31.51428,72.49842,330.24,0.4,0.44,2024-11-19,749,N,VIIRS,n,2,299.03,2.64,D,0
31.51801,72.22936,340.02,0.41,0.45,2024-11-19,749,N,VIIRS,n,2,300.11,3.18,D,0
31.52228,72.49622,332.29,0.4,0.44,2024-11-19,749,N,VIIRS,n,2,298.07,2.09,D,0
31.58427,72.45022,338.14,0.4,0.44,2024-11-19,749,N,VIIRS,n,2,300.91,3.54,D,0
31.6018,72.43228,367,0.4,0.44,2024-11-19,749,N,VIIRS,h,2,304.04,17.29,D,0
31.60847,72.15552,338.71,0.41,0.45,2024-11-19,749,N,VIIRS,n,2,300.74,3.24,D,0
31.62012,72.17036,331.74,0.41,0.45,2024-11-19,749,N,VIIRS,n,2,300.21,2.69,D,0
31.63875,72.50961,333.05,0.39,0.44,2024-11-19,749,N,VIIRS,n,2,299.51,3.1,D,0
31.63909,72.51334,340.39,0.39,0.44,2024-11-19,749,N,VIIRS,n,2,301.02,6.26,D,0
31.6396,72.51369,334.99,0.39,0.44,2024-11-19,749,N,VIIRS,n,2,299.4,3.1,D,0
31.64631,72.46422,344.82,0.4,0.44,2024-11-19,749,N,VIIRS,n,2,302.07,6.36,D,0
31.65031,72.46312,342.95,0.4,0.44,2024-11-19,749,N,VIIRS,n,2,301.69,6.36,D,0
31.66126,72.20393,341.1,0.41,0.45,2024-11-19,749,N,VIIRS,n,2,302.39,5.44,D,0
31.66587,74.71577,333.2,0.46,0.39,2024-11-19,749,N,VIIRS,n,2,302.73,8.15,D,0
31.67391,74.73911,341.04,0.46,0.39,2024-11-19,749,N,VIIRS,n,2,300.34,6.42,D,0
31.70819,74.61851,342.59,0.47,0.4,2024-11-19,749,N,VIIRS,n,2,301.54,3.71,D,0
31.70908,74.62341,336.15,0.47,0.4,2024-11-19,749,N,VIIRS,n,2,301.33,3.71,D,0
31.71259,75.3143,329.61,0.44,0.38,2024-11-19,749,N,VIIRS,n,2,299.39,2.33,D,0
31.74996,72.58228,339.85,0.39,0.44,2024-11-19,749,N,VIIRS,n,2,299.79,3.74,D,0
31.75266,73.196,332.11,0.54,0.42,2024-11-19,749,N,VIIRS,n,2,299.92,3.98,D,0
31.75326,72.22371,330.06,0.4,0.45,2024-11-19,749,N,VIIRS,n,2,300.69,2.25,D,0
31.75581,74.20112,341.19,0.49,0.4,2024-11-19,749,N,VIIRS,n,2,301.41,6.09,D,0
31.75734,74.19808,332.3,0.49,0.4,2024-11-19,749,N,VIIRS,n,2,300.19,3.6,D,0
31.75782,74.72516,334.07,0.46,0.39,2024-11-19,749,N,VIIRS,n,2,297.26,4.29,D,0
31.75831,74.20316,335.43,0.49,0.4,2024-11-19,749,N,VIIRS,n,2,298.92,7.76,D,0
31.75876,72.20877,331.06,0.41,0.45,2024-11-19,749,N,VIIRS,n,2,301.75,2.43,D,0
31.76298,73.14333,334.01,0.55,0.42,2024-11-19,749,N,VIIRS,n,2,299.53,4.3,D,0
31.76308,73.14539,332.36,0.55,0.42,2024-11-19,749,N,VIIRS,n,2,299.98,3.6,D,0
31.76464,72.7191,337.63,0.57,0.43,2024-11-19,749,N,VIIRS,n,2,300.91,6.17,D,0
31.76489,74.80405,350.33,0.46,0.39,2024-11-19,749,N,VIIRS,n,2,296.91,18.23,D,0
31.77216,74.70131,331.85,0.46,0.39,2024-11-19,749,N,VIIRS,n,2,299.59,2.48,D,0
31.77509,74.12935,333.85,0.49,0.4,2024-11-19,749,N,VIIRS,n,2,299.66,4.3,D,0
31.78294,74.65792,333.46,0.47,0.39,2024-11-19,749,N,VIIRS,n,2,301.97,3.45,D,0
31.79082,73.31004,331.87,0.53,0.42,2024-11-19,749,N,VIIRS,n,2,300.98,3.72,D,0
31.79164,73.30762,331.6,0.53,0.42,2024-11-19,749,N,VIIRS,n,2,299.25,2.07,D,0
31.79183,75.47326,331.83,0.43,0.38,2024-11-19,749,N,VIIRS,n,2,299.89,3.36,D,0
31.7927,73.40302,331.9,0.53,0.42,2024-11-19,749,N,VIIRS,n,2,302.53,2.73,D,0
31.81031,73.40193,345.59,0.53,0.42,2024-11-19,749,N,VIIRS,n,2,302.96,5.1,D,0
31.8117,73.39799,333.11,0.53,0.42,2024-11-19,749,N,VIIRS,n,2,302.52,4.55,D,0
31.81276,73.40351,332.23,0.53,0.42,2024-11-19,749,N,VIIRS,n,2,300.35,5.11,D,0
31.81411,73.40092,331.78,0.53,0.42,2024-11-19,749,N,VIIRS,n,2,300.93,5.1,D,0
31.84015,74.70452,329.82,0.46,0.39,2024-11-19,749,N,VIIRS,n,2,297.81,3.54,D,0
31.85654,74.58549,337.43,0.47,0.4,2024-11-19,749,N,VIIRS,n,2,297.63,2.38,D,0
31.90461,72.85371,332.78,0.56,0.43,2024-11-19,749,N,VIIRS,n,2,300.65,6.91,D,0
31.90576,72.85956,337.01,0.56,0.43,2024-11-19,749,N,VIIRS,n,2,304.44,16.1,D,0
31.90694,74.49049,331.28,0.47,0.4,2024-11-19,749,N,VIIRS,n,2,298.7,2.61,D,0
31.93883,74.70726,329.7,0.46,0.39,2024-11-19,749,N,VIIRS,n,2,297.6,4.18,D,0
31.9424,74.70635,332.5,0.46,0.39,2024-11-19,749,N,VIIRS,n,2,297.15,4.18,D,0
31.97827,74.63424,335.77,0.46,0.39,2024-11-19,749,N,VIIRS,n,2,300.06,5.9,D,0
32.05444,72.37862,333.55,0.39,0.44,2024-11-19,749,N,VIIRS,n,2,300.2,3.32,D,0
32.05534,72.38011,333.28,0.39,0.44,2024-11-19,749,N,VIIRS,n,2,300.77,2.91,D,0
32.06062,70.8754,340.65,0.47,0.48,2024-11-19,749,N,VIIRS,n,2,300.17,6.17,D,0
32.06078,70.87334,340.4,0.47,0.48,2024-11-19,749,N,VIIRS,n,2,300.05,3.83,D,0
32.06916,73.29922,332.95,0.53,0.42,2024-11-19,749,N,VIIRS,n,2,302.57,2.86,D,0
32.09452,72.38657,343.97,0.39,0.44,2024-11-19,749,N,VIIRS,n,2,299.53,5.36,D,0
32.11276,74.62791,331.39,0.46,0.39,2024-11-19,749,N,VIIRS,n,2,297,3.07,D,0
32.11803,74.67722,332.01,0.46,0.39,2024-11-19,749,N,VIIRS,n,2,298.38,3.47,D,0
32.11992,74.62611,337.86,0.46,0.39,2024-11-19,749,N,VIIRS,n,2,298.98,4.16,D,0
32.12173,74.61551,329.14,0.46,0.39,2024-11-19,749,N,VIIRS,n,2,298.02,3.16,D,0
32.12619,74.61946,329.69,0.46,0.39,2024-11-19,749,N,VIIRS,n,2,297.52,4.15,D,0
32.1362,72.4268,338.79,0.39,0.44,2024-11-19,749,N,VIIRS,n,2,300.75,3.38,D,0
32.15363,75.13799,329.97,0.44,0.38,2024-11-19,749,N,VIIRS,n,2,298.75,3.25,D,0
32.1566,75.09358,331.17,0.44,0.39,2024-11-19,749,N,VIIRS,n,2,300.74,2.48,D,0
32.15897,75.12698,340.44,0.44,0.39,2024-11-19,749,N,VIIRS,n,2,302.25,4.43,D,0
32.16726,73.64474,338.11,0.51,0.41,2024-11-19,749,N,VIIRS,n,2,306.38,5.17,D,0
32.17016,73.37987,331.29,0.52,0.42,2024-11-19,749,N,VIIRS,n,2,301.94,3.19,D,0
32.17099,73.64375,346.79,0.51,0.41,2024-11-19,749,N,VIIRS,n,2,304.29,9.01,D,0
32.18015,75.28546,332.24,0.44,0.38,2024-11-19,749,N,VIIRS,n,2,300.04,1.35,D,0
32.18066,75.14585,336.24,0.44,0.38,2024-11-19,749,N,VIIRS,n,2,299.61,2.37,D,0
32.18408,72.39224,332.8,0.39,0.44,2024-11-19,749,N,VIIRS,n,2,298.18,2.33,D,0
32.19332,74.88831,333.01,0.45,0.39,2024-11-19,749,N,VIIRS,n,2,299.5,3.69,D,0
32.19913,75.37136,333.47,0.43,0.38,2024-11-19,749,N,VIIRS,n,2,301.94,2.83,D,0
32.20474,73.49667,345.16,0.52,0.41,2024-11-19,749,N,VIIRS,n,2,304.56,21.87,D,0
32.20988,75.26861,344.51,0.44,0.38,2024-11-19,749,N,VIIRS,n,2,299.27,4.98,D,0
32.21106,75.31611,332.23,0.43,0.38,2024-11-19,749,N,VIIRS,n,2,300.02,2.48,D,0
32.21604,75.26231,336.75,0.44,0.38,2024-11-19,749,N,VIIRS,n,2,301.15,4.18,D,0
32.22359,75.28439,346.26,0.44,0.38,2024-11-19,749,N,VIIRS,n,2,299.33,4.45,D,0
32.22623,73.48526,337.73,0.52,0.41,2024-11-19,749,N,VIIRS,n,2,302.38,7.91,D,0
32.25056,73.36417,331.47,0.52,0.42,2024-11-19,749,N,VIIRS,n,2,300.29,3.02,D,0
32.25274,73.36236,332.46,0.52,0.42,2024-11-19,749,N,VIIRS,n,2,300.29,7.69,D,0
32.25434,73.36315,335.41,0.52,0.42,2024-11-19,749,N,VIIRS,n,2,300.13,3.02,D,0
32.26549,73.46342,334.39,0.52,0.41,2024-11-19,749,N,VIIRS,n,2,299.96,3.35,D,0
32.26819,73.46138,339.55,0.52,0.41,2024-11-19,749,N,VIIRS,n,2,299.44,6.46,D,0
32.26925,73.46242,332.56,0.52,0.41,2024-11-19,749,N,VIIRS,n,2,299.18,4.04,D,0
32.33157,74.77298,328.88,0.45,0.39,2024-11-19,749,N,VIIRS,n,2,297.2,2.68,D,0
32.38117,75.31403,332.26,0.43,0.38,2024-11-19,749,N,VIIRS,n,2,302.02,2.98,D,0
32.4424,74.70186,337.8,0.45,0.39,2024-11-19,749,N,VIIRS,n,2,300.94,5.84,D,0
32.4642,74.94417,329.17,0.45,0.39,2024-11-19,749,N,VIIRS,l,2,299.3,1.99,D,0
32.48555,74.75594,332,0.45,0.39,2024-11-19,749,N,VIIRS,n,2,297.16,3.03,D,0
32.4913,74.82899,330.08,0.45,0.39,2024-11-19,749,N,VIIRS,n,2,297.95,2.1,D,0
32.49468,74.7037,336.48,0.45,0.39,2024-11-19,749,N,VIIRS,n,2,298.68,3.4,D,0
32.49965,74.72037,334.3,0.45,0.39,2024-11-19,749,N,VIIRS,n,2,299.68,4.03,D,0
32.5008,74.71715,331.98,0.45,0.39,2024-11-19,749,N,VIIRS,n,2,299.46,4.2,D,0
32.50359,74.83578,327.94,0.45,0.39,2024-11-19,749,N,VIIRS,n,2,298.59,1.86,D,0
32.52155,75.10047,328.72,0.44,0.38,2024-11-19,749,N,VIIRS,n,2,300.66,1.98,D,0
32.53954,73.77773,329.57,0.5,0.41,2024-11-19,749,N,VIIRS,n,2,298.61,3.24,D,0
32.54028,73.77499,331.11,0.49,0.41,2024-11-19,749,N,VIIRS,n,2,298.39,2.86,D,0
32.60342,74.82346,330.39,0.45,0.39,2024-11-19,749,N,VIIRS,n,2,297.5,2.48,D,0
32.60962,74.81696,329.02,0.45,0.39,2024-11-19,749,N,VIIRS,l,2,299.75,1.69,D,0
32.70064,74.67629,328.26,0.45,0.39,2024-11-19,749,N,VIIRS,n,2,296.49,1.84,D,0
32.74029,74.57794,335.64,0.46,0.39,2024-11-19,749,N,VIIRS,n,2,297.7,4.32,D,0
32.74284,74.63259,330.07,0.45,0.39,2024-11-19,749,N,VIIRS,n,2,297.93,1.76,D,0
32.80304,74.52856,329.88,0.46,0.39,2024-11-19,749,N,VIIRS,n,2,298.34,2.5,D,0
33.07941,75.4337,339.38,0.42,0.38,2024-11-19,749,N,VIIRS,n,2,298.36,4.52,D,0
33.23458,75.4539,367,0.42,0.38,2024-11-19,749,N,VIIRS,h,2,301.16,8.52,D,0
33.23524,75.4577,335.14,0.42,0.38,2024-11-19,749,N,VIIRS,n,2,291.52,5.83,D,0
33.2359,75.46153,351.91,0.42,0.38,2024-11-19,749,N,VIIRS,n,2,291.09,5.83,D,0
33.23734,75.44927,328.67,0.42,0.38,2024-11-19,749,N,VIIRS,n,2,285.23,8.52,D,0
33.23801,75.45316,349.64,0.42,0.38,2024-11-19,749,N,VIIRS,n,2,288.19,8.52,D,0
33.38474,74.0685,334.56,0.47,0.4,2024-11-19,749,N,VIIRS,n,2,301.66,9.37,D,0
33.71558,73.96095,328.13,0.47,0.4,2024-11-19,750,N,VIIRS,n,2,295.35,2.48,D,0
31.65468,74.17774,299.1,0.62,0.54,2024-11-19,2012,N,VIIRS,n,2,285.42,0.79,N,2
32.17136,75.11352,297.88,0.55,0.51,2024-11-19,2012,N,VIIRS,n,2,283.37,0.58,N,0
32.17248,75.10969,299.31,0.55,0.51,2024-11-19,2012,N,VIIRS,n,2,283.09,0.73,N,0
32.29366,70.72935,307.3,0.5,0.66,2024-11-19,2012,N,VIIRS,n,2,287.69,1.39,N,2
32.29381,70.72834,302.22,0.5,0.66,2024-11-19,2012,N,VIIRS,n,2,287.01,1.38,N,2
32.57758,72.56163,302.73,0.39,0.59,2024-11-19,2012,N,VIIRS,n,2,288.85,0.54,N,2
32.71841,72.77316,301.15,0.38,0.59,2024-11-19,2012,N,VIIRS,n,2,285.14,0.76,N,2
32.8901,71.61477,299.86,0.45,0.63,2024-11-19,2012,N,VIIRS,n,2,288.65,1,N,2
33.15548,75.32208,311,0.55,0.51,2024-11-19,2012,N,VIIRS,n,2,282.19,1.53,N,0
33.23893,71.51278,298.56,0.46,0.63,2024-11-19,2012,N,VIIRS,n,2,280.91,0.39,N,0
33.40603,71.93625,299.77,0.43,0.62,2024-11-19,2012,N,VIIRS,n,2,282.48,0.5,N,0
33.69008,72.71284,297.5,0.39,0.6,2024-11-19,2012,N,VIIRS,n,2,283.76,0.76,N,2
29.43403,74.89684,298.49,0.53,0.5,2024-11-19,2013,N,VIIRS,n,2,285.65,0.96,N,0
29.45417,74.93285,302.83,0.53,0.5,2024-11-19,2013,N,VIIRS,n,2,283.6,1.05,N,0
29.51317,75.00139,297.59,0.52,0.5,2024-11-19,2013,N,VIIRS,n,2,283.76,0.48,N,0
29.52038,75.10695,304.62,0.51,0.5,2024-11-19,2013,N,VIIRS,n,2,283.66,1.03,N,0
29.52081,75.11172,301.87,0.51,0.5,2024-11-19,2013,N,VIIRS,n,2,284.12,1.68,N,0
29.54164,74.66077,297.55,0.55,0.51,2024-11-19,2013,N,VIIRS,n,2,283.14,0.7,N,0
29.54328,74.64361,319.93,0.55,0.51,2024-11-19,2013,N,VIIRS,n,2,284.02,2.69,N,0
29.87123,74.8877,298,0.53,0.5,2024-11-19,2013,N,VIIRS,n,2,283.6,0.75,N,0
30.44833,70.56627,301.13,0.49,0.65,2024-11-19,2013,N,VIIRS,n,2,289.17,0.71,N,0
31.67935,73.97018,299.39,0.69,0.74,2024-11-19,2152,N,VIIRS,n,2,284.64,1.03,N,0
32.08813,74.16624,301.79,0.69,0.74,2024-11-19,2152,N,VIIRS,n,2,284.31,1.42,N,2
32.82975,71.60362,297.58,0.48,0.65,2024-11-19,2152,N,VIIRS,n,2,285.89,0.84,N,0
32.89499,71.607,300.18,0.48,0.65,2024-11-19,2152,N,VIIRS,n,2,286.33,1.16,N,0
30.17063,70.93296,298.31,0.51,0.66,2024-11-19,2153,N,VIIRS,n,2,287.99,0.64,N,0