latitude,longitude,bright_ti4,scan,track,acq_date,acq_time,satellite,instrument,confidence,version,bright_ti5,frp,daynight
31.44358,75.5509,343.7,0.68,0.74,2026-06-22,703,N20,VIIRS,n,2.0NRT,290.51,13.05,D
31.59492,75.4537,337.98,0.68,0.74,2026-06-22,703,N20,VIIRS,n,2.0NRT,290.65,7.72,D
23.6594,68.7738,343.24,0.39,0.36,2026-06-22,841,N20,VIIRS,n,2.0NRT,307.08,3.49,D
23.65995,68.77762,338.26,0.39,0.36,2026-06-22,841,N20,VIIRS,n,2.0NRT,302.83,3.49,D
23.66328,68.77704,341.73,0.39,0.36,2026-06-22,841,N20,VIIRS,n,2.0NRT,306.46,3.49,D
23.67656,74.51406,341.06,0.47,0.48,2026-06-22,841,N20,VIIRS,n,2.0NRT,303.37,10.72,D
23.68148,74.5182,336.14,0.47,0.48,2026-06-22,841,N20,VIIRS,n,2.0NRT,303.15,9.84,D
23.74768,70.60084,344.62,0.44,0.38,2026-06-22,841,N20,VIIRS,n,2.0NRT,312.94,8.63,D
23.82948,77.29804,333.04,0.36,0.57,2026-06-22,841,N20,VIIRS,n,2.0NRT,297.09,2.56,D
24.00257,69.56281,340.35,0.41,0.37,2026-06-22,841,N20,VIIRS,n,2.0NRT,308.01,3.15,D
24.00313,69.56681,346.97,0.41,0.37,2026-06-22,841,N20,VIIRS,n,2.0NRT,308.22,3.15,D
24.00368,69.57081,346.85,0.41,0.37,2026-06-22,841,N20,VIIRS,n,2.0NRT,307.88,3.18,D
24.00424,69.57481,342.87,0.41,0.37,2026-06-22,841,N20,VIIRS,n,2.0NRT,308.01,3.18,D
24.0054,69.55824,347.04,0.41,0.37,2026-06-22,841,N20,VIIRS,n,2.0NRT,308.27,10.41,D
24.00596,69.56224,346.99,0.41,0.37,2026-06-22,841,N20,VIIRS,n,2.0NRT,308.44,3.15,D
24.006,69.53768,339.88,0.41,0.37,2026-06-22,841,N20,VIIRS,n,2.0NRT,307.99,3.3,D
24.00653,69.56624,345.45,0.41,0.37,2026-06-22,841,N20,VIIRS,n,2.0NRT,308.11,3.15,D
24.00656,69.54167,342.13,0.41,0.37,2026-06-22,841,N20,VIIRS,n,2.0NRT,307.91,3.3,D
24.00709,69.57025,343.52,0.41,0.37,2026-06-22,841,N20,VIIRS,n,2.0NRT,307.68,3.18,D
24.00764,69.57426,346.31,0.41,0.37,2026-06-22,841,N20,VIIRS,n,2.0NRT,307.87,3.18,D
24.00821,69.57825,344.19,0.41,0.37,2026-06-22,841,N20,VIIRS,n,2.0NRT,307.88,5.21,D
24.00877,69.58226,343.63,0.41,0.37,2026-06-22,841,N20,VIIRS,n,2.0NRT,308.03,5.21,D
24.0088,69.55768,343.44,0.41,0.37,2026-06-22,841,N20,VIIRS,n,2.0NRT,308.91,5.51,D
24.00937,69.56168,344.13,0.41,0.37,2026-06-22,841,N20,VIIRS,n,2.0NRT,308.66,3.22,D
24.00993,69.56567,348.37,0.41,0.37,2026-06-22,841,N20,VIIRS,n,2.0NRT,308.5,3.22,D
24.00996,69.54111,340.15,0.41,0.37,2026-06-22,841,N20,VIIRS,n,2.0NRT,307.83,3.3,D
24.01048,69.56969,346.33,0.41,0.37,2026-06-22,841,N20,VIIRS,n,2.0NRT,308.25,3.23,D
24.01105,69.57368,348.77,0.41,0.37,2026-06-22,841,N20,VIIRS,n,2.0NRT,308,3.23,D
24.01161,69.57769,343.65,0.41,0.37,2026-06-22,841,N20,VIIRS,n,2.0NRT,308.12,7.64,D
24.01221,69.55711,346.02,0.41,0.37,2026-06-22,841,N20,VIIRS,n,2.0NRT,308.37,5.51,D
24.01276,69.56111,347.94,0.41,0.37,2026-06-22,841,N20,VIIRS,n,2.0NRT,308.09,3.22,D
24.01332,69.56512,342.15,0.41,0.37,2026-06-22,841,N20,VIIRS,n,2.0NRT,308.1,3.22,D
24.01389,69.56911,344.77,0.41,0.37,2026-06-22,841,N20,VIIRS,n,2.0NRT,308.24,3.23,D
24.01445,69.57312,344.49,0.41,0.37,2026-06-22,841,N20,VIIRS,n,2.0NRT,308.52,3.23,D
24.0156,69.55656,346.49,0.41,0.37,2026-06-22,841,N20,VIIRS,n,2.0NRT,308.77,9.55,D
24.01616,69.56055,352.6,0.41,0.37,2026-06-22,841,N20,VIIRS,n,2.0NRT,308.54,3.94,D
24.01672,69.56455,350.47,0.41,0.37,2026-06-22,841,N20,VIIRS,n,2.0NRT,308.14,3.94,D
24.01675,69.53999,346.67,0.41,0.37,2026-06-22,841,N20,VIIRS,n,2.0NRT,308.37,9.35,D
24.01729,69.56856,342.85,0.41,0.37,2026-06-22,841,N20,VIIRS,n,2.0NRT,308.37,5.01,D
24.01894,69.60519,346.62,0.41,0.37,2026-06-22,841,N20,VIIRS,n,2.0NRT,309.02,8.04,D
24.01957,69.55998,350.28,0.41,0.37,2026-06-22,841,N20,VIIRS,n,2.0NRT,308.49,3.94,D
24.02013,69.56399,352.77,0.41,0.37,2026-06-22,841,N20,VIIRS,n,2.0NRT,308.49,3.94,D
24.02015,69.53943,340.86,0.41,0.37,2026-06-22,841,N20,VIIRS,n,2.0NRT,308.4,8.53,D
24.02069,69.568,350.08,0.41,0.37,2026-06-22,841,N20,VIIRS,n,2.0NRT,308.46,5.01,D
24.02078,69.44553,339.06,0.41,0.37,2026-06-22,841,N20,VIIRS,n,2.0NRT,306.9,3.56,D
24.02234,69.60464,341.74,0.41,0.37,2026-06-22,841,N20,VIIRS,n,2.0NRT,307.2,5.93,D
24.02297,69.55943,347.22,0.41,0.37,2026-06-22,841,N20,VIIRS,n,2.0NRT,308.23,3.34,D
24.02353,69.56343,350.91,0.41,0.37,2026-06-22,841,N20,VIIRS,n,2.0NRT,308.44,3.34,D
24.02361,69.44099,341.06,0.41,0.37,2026-06-22,841,N20,VIIRS,n,2.0NRT,307,5.06,D
24.02409,69.56743,347.02,0.41,0.37,2026-06-22,841,N20,VIIRS,n,2.0NRT,308.51,5.56,D
24.02417,69.44496,350.04,0.41,0.37,2026-06-22,841,N20,VIIRS,n,2.0NRT,307.3,3.56,D
24.02474,69.44894,345.1,0.41,0.37,2026-06-22,841,N20,VIIRS,n,2.0NRT,307.57,3.56,D
24.0253,69.45291,346.51,0.41,0.37,2026-06-22,841,N20,VIIRS,n,2.0NRT,308.18,5.35,D
24.02586,69.45689,352.98,0.41,0.37,2026-06-22,841,N20,VIIRS,n,2.0NRT,308.56,5.35,D
24.02637,69.55887,346.1,0.41,0.37,2026-06-22,841,N20,VIIRS,n,2.0NRT,307.63,3.34,D
24.02642,69.46086,347.17,0.41,0.37,2026-06-22,841,N20,VIIRS,n,2.0NRT,309.01,5.73,D
24.02693,69.56287,350.5,0.41,0.37,2026-06-22,841,N20,VIIRS,n,2.0NRT,308.08,3.34,D
24.02699,69.46484,350.76,0.41,0.37,2026-06-22,841,N20,VIIRS,n,2.0NRT,307.88,5.73,D
24.02755,69.46882,343.95,0.41,0.37,2026-06-22,841,N20,VIIRS,n,2.0NRT,307.38,4.1,D
24.02756,69.4444,349.33,0.41,0.37,2026-06-22,841,N20,VIIRS,n,2.0NRT,307.51,3.8,D
24.02812,69.44836,345.17,0.41,0.37,2026-06-22,841,N20,VIIRS,n,2.0NRT,307.77,3.8,D
24.02812,69.47279,342.05,0.41,0.37,2026-06-22,841,N20,VIIRS,n,2.0NRT,307.54,4.1,D
24.02869,69.45234,348.51,0.41,0.37,2026-06-22,841,N20,VIIRS,n,2.0NRT,308.34,3.51,D
24.02925,69.45631,352.38,0.41,0.37,2026-06-22,841,N20,VIIRS,n,2.0NRT,308.93,3.51,D
24.02976,69.5583,346.8,0.41,0.37,2026-06-22,841,N20,VIIRS,n,2.0NRT,308.15,3.79,D
24.02982,69.43588,342.38,0.41,0.37,2026-06-22,841,N20,VIIRS,n,2.0NRT,306.72,7.42,D
24.02982,69.4603,347.87,0.41,0.37,2026-06-22,841,N20,VIIRS,n,2.0NRT,308.66,3.34,D
24.03038,69.46427,341.82,0.41,0.37,2026-06-22,841,N20,VIIRS,n,2.0NRT,307.98,3.34,D
24.03094,69.46825,346.29,0.41,0.37,2026-06-22,841,N20,VIIRS,n,2.0NRT,308.46,3.47,D
24.03095,69.44383,351.15,0.41,0.37,2026-06-22,841,N20,VIIRS,n,2.0NRT,307.72,3.8,D
24.03151,69.44781,354.17,0.41,0.37,2026-06-22,841,N20,VIIRS,n,2.0NRT,308.3,3.8,D
24.03151,69.47223,347.64,0.41,0.37,2026-06-22,841,N20,VIIRS,n,2.0NRT,308.26,3.47,D
24.03208,69.45178,345.53,0.41,0.37,2026-06-22,841,N20,VIIRS,n,2.0NRT,308.25,3.51,D
24.03264,69.43135,341.75,0.41,0.37,2026-06-22,841,N20,VIIRS,n,2.0NRT,307.44,4.83,D
24.03264,69.45576,343.56,0.41,0.37,2026-06-22,841,N20,VIIRS,n,2.0NRT,308,3.51,D
24.03312,69.60696,343.06,0.41,0.37,2026-06-22,841,N20,VIIRS,n,2.0NRT,307.9,7.9,D
24.03316,69.55774,343.32,0.41,0.37,2026-06-22,841,N20,VIIRS,n,2.0NRT,308.6,3.79,D
24.03321,69.43532,345.2,0.41,0.37,2026-06-22,841,N20,VIIRS,n,2.0NRT,307.44,3.28,D
24.03321,69.45973,347.93,0.41,0.37,2026-06-22,841,N20,VIIRS,n,2.0NRT,308.63,3.34,D
24.03377,69.43929,348.43,0.41,0.37,2026-06-22,841,N20,VIIRS,n,2.0NRT,307.85,3.28,D
24.03377,69.46371,349.67,0.41,0.37,2026-06-22,841,N20,VIIRS,n,2.0NRT,308.27,3.34,D
24.03433,69.46769,347.63,0.41,0.37,2026-06-22,841,N20,VIIRS,n,2.0NRT,308.18,3.47,D
24.03434,69.44327,349.81,0.41,0.37,2026-06-22,841,N20,VIIRS,n,2.0NRT,308.01,4.91,D
24.0349,69.44724,342.25,0.41,0.37,2026-06-22,841,N20,VIIRS,n,2.0NRT,308.22,4.91,D
24.0349,69.47167,348.85,0.41,0.37,2026-06-22,841,N20,VIIRS,n,2.0NRT,308.11,3.47,D
24.03537,69.62302,347.61,0.41,0.37,2026-06-22,841,N20,VIIRS,n,2.0NRT,309.47,9.8,D
24.03546,69.47565,339.07,0.41,0.37,2026-06-22,841,N20,VIIRS,n,2.0NRT,307.26,5.75,D
24.03547,69.45122,348.75,0.41,0.37,2026-06-22,841,N20,VIIRS,n,2.0NRT,308.78,3.57,D
24.03603,69.43079,346.39,0.41,0.37,2026-06-22,841,N20,VIIRS,n,2.0NRT,308.23,4.83,D
24.03603,69.45519,351.09,0.41,0.37,2026-06-22,841,N20,VIIRS,n,2.0NRT,308.78,3.57,D
24.03659,69.38608,338.49,0.4,0.37,2026-06-22,841,N20,VIIRS,n,2.0NRT,307.73,5.57,D
24.03659,69.43476,347.75,0.41,0.37,2026-06-22,841,N20,VIIRS,n,2.0NRT,308.23,3.28,D
24.03659,69.45918,349.96,0.41,0.37,2026-06-22,841,N20,VIIRS,n,2.0NRT,308.74,4.59,D
24.037,69.3821,340.95,0.4,0.37,2026-06-22,841,N20,VIIRS,n,2.0NRT,306.77,3.91,D
24.03714,69.53661,342.53,0.41,0.37,2026-06-22,841,N20,VIIRS,n,2.0NRT,307.35,8,D
24.03716,69.43873,341.76,0.41,0.37,2026-06-22,841,N20,VIIRS,n,2.0NRT,307.6,3.28,D
24.03716,69.46315,349.79,0.41,0.37,2026-06-22,841,N20,VIIRS,n,2.0NRT,308.74,4.59,D
24.03756,69.38607,344.63,0.4,0.37,2026-06-22,841,N20,VIIRS,n,2.0NRT,308.17,3.74,D
24.0377,69.54061,340.44,0.41,0.37,2026-06-22,841,N20,VIIRS,n,2.0NRT,306.97,7.57,D
24.03772,69.46713,348.69,0.41,0.37,2026-06-22,841,N20,VIIRS,n,2.0NRT,307.97,3.89,D
24.03811,69.39004,341.98,0.4,0.37,2026-06-22,841,N20,VIIRS,n,2.0NRT,307.75,3.74,D
24.03829,69.47111,348.18,0.41,0.37,2026-06-22,841,N20,VIIRS,n,2.0NRT,308.05,3.89,D
24.03885,69.45065,346.21,0.41,0.37,2026-06-22,841,N20,VIIRS,n,2.0NRT,308.11,3.57,D
24.03885,69.47508,340.46,0.41,0.37,2026-06-22,841,N20,VIIRS,n,2.0NRT,307.77,3.6,D
24.03928,69.37363,337.43,0.4,0.37,2026-06-22,841,N20,VIIRS,n,2.0NRT,306.03,2.71,D
24.03942,69.43022,342.76,0.41,0.37,2026-06-22,841,N20,VIIRS,n,2.0NRT,308.26,7.03,D
24.03942,69.45462,346.1,0.41,0.37,2026-06-22,841,N20,VIIRS,n,2.0NRT,307.99,3.57,D
24.03983,69.37759,345.67,0.4,0.37,2026-06-22,841,N20,VIIRS,n,2.0NRT,307.3,3.91,D
24.04039,69.38155,349.88,0.4,0.37,2026-06-22,841,N20,VIIRS,n,2.0NRT,307.65,3.91,D
24.04055,69.46259,347.4,0.41,0.37,2026-06-22,841,N20,VIIRS,n,2.0NRT,307.64,4.59,D
24.04094,69.38551,348.73,0.4,0.37,2026-06-22,841,N20,VIIRS,n,2.0NRT,307.87,3.74,D
24.04111,69.46656,351.88,0.41,0.37,2026-06-22,841,N20,VIIRS,n,2.0NRT,307.92,3.89,D
24.04149,69.38947,349.94,0.4,0.37,2026-06-22,841,N20,VIIRS,n,2.0NRT,307.78,3.74,D
24.04168,69.47054,350.56,0.41,0.37,2026-06-22,841,N20,VIIRS,n,2.0NRT,308.03,3.89,D
24.04205,69.39343,342.64,0.4,0.37,2026-06-22,841,N20,VIIRS,n,2.0NRT,308.17,8.22,D
24.04225,69.47453,340.9,0.41,0.37,2026-06-22,841,N20,VIIRS,n,2.0NRT,307.49,3.6,D
24.04266,69.37305,353.87,0.4,0.37,2026-06-22,841,N20,VIIRS,n,2.0NRT,307.56,6.47,D
24.04321,69.37702,352.83,0.4,0.37,2026-06-22,841,N20,VIIRS,n,2.0NRT,307.72,4.83,D
24.04377,69.38098,354.99,0.4,0.37,2026-06-22,841,N20,VIIRS,n,2.0NRT,307.96,4.83,D
24.04394,69.46203,345.43,0.41,0.37,2026-06-22,841,N20,VIIRS,n,2.0NRT,308.3,7.21,D
24.04432,69.38494,354.4,0.4,0.37,2026-06-22,841,N20,VIIRS,n,2.0NRT,308.04,4.62,D
24.04451,69.466,346.22,0.41,0.37,2026-06-22,841,N20,VIIRS,n,2.0NRT,308.3,4.27,D
24.04488,69.3889,346.3,0.4,0.37,2026-06-22,841,N20,VIIRS,n,2.0NRT,307.92,4.62,D
24.04507,69.46999,342.47,0.41,0.37,2026-06-22,841,N20,VIIRS,n,2.0NRT,308.1,4.27,D
24.04543,69.39287,343.75,0.4,0.37,2026-06-22,841,N20,VIIRS,n,2.0NRT,307.77,4.97,D
24.04604,69.3725,351.17,0.4,0.37,2026-06-22,841,N20,VIIRS,n,2.0NRT,307.69,6.47,D
24.0466,69.37645,353.12,0.4,0.37,2026-06-22,841,N20,VIIRS,n,2.0NRT,308.23,4.83,D
24.04715,69.38041,350.01,0.4,0.37,2026-06-22,841,N20,VIIRS,n,2.0NRT,307.9,4.83,D
24.04771,69.38438,352.45,0.4,0.37,2026-06-22,841,N20,VIIRS,n,2.0NRT,307.89,4.62,D
24.04826,69.38834,353.21,0.4,0.37,2026-06-22,841,N20,VIIRS,n,2.0NRT,308.12,4.62,D
24.04881,69.3923,347.18,0.4,0.37,2026-06-22,841,N20,VIIRS,n,2.0NRT,307.72,4.97,D
24.04943,69.37193,344.85,0.4,0.37,2026-06-22,841,N20,VIIRS,n,2.0NRT,307.09,5.02,D
24.04998,69.37589,351.21,0.4,0.37,2026-06-22,841,N20,VIIRS,n,2.0NRT,307.73,5.12,D
24.05054,69.37985,354.35,0.4,0.37,2026-06-22,841,N20,VIIRS,n,2.0NRT,308.2,5.12,D
24.05109,69.38381,352.15,0.4,0.37,2026-06-22,841,N20,VIIRS,n,2.0NRT,308.17,4.75,D
24.05165,69.38778,349.15,0.4,0.37,2026-06-22,841,N20,VIIRS,n,2.0NRT,307.89,4.75,D
24.0522,69.39174,346.79,0.4,0.37,2026-06-22,841,N20,VIIRS,n,2.0NRT,307.29,4.67,D
24.05276,69.39571,354.85,0.41,0.37,2026-06-22,841,N20,VIIRS,n,2.0NRT,307.71,4.67,D
24.05281,69.37136,345.3,0.4,0.37,2026-06-22,841,N20,VIIRS,n,2.0NRT,307.26,5.02,D
24.05331,69.39967,347.85,0.41,0.37,2026-06-22,841,N20,VIIRS,n,2.0NRT,307.56,8.77,D
24.05336,69.37532,353.6,0.4,0.37,2026-06-22,841,N20,VIIRS,n,2.0NRT,307.51,5.12,D
24.05392,69.37929,356.12,0.4,0.37,2026-06-22,841,N20,VIIRS,l,2.0NRT,307.77,5.12,D
24.05447,69.38325,342.51,0.4,0.37,2026-06-22,841,N20,VIIRS,n,2.0NRT,307.14,4.75,D
24.05558,69.39117,340.62,0.4,0.37,2026-06-22,841,N20,VIIRS,n,2.0NRT,307.3,4.67,D
24.05619,69.3708,343.94,0.4,0.37,2026-06-22,841,N20,VIIRS,n,2.0NRT,306.89,8.13,D
24.05675,69.37476,349.11,0.4,0.37,2026-06-22,841,N20,VIIRS,n,2.0NRT,307.5,4.31,D
24.0573,69.37872,345.28,0.4,0.37,2026-06-22,841,N20,VIIRS,n,2.0NRT,307.33,4.31,D
24.06013,69.3742,351.41,0.4,0.37,2026-06-22,841,N20,VIIRS,n,2.0NRT,307.48,4.31,D
24.06068,69.37816,355.45,0.4,0.37,2026-06-22,841,N20,VIIRS,n,2.0NRT,307.7,4.31,D
24.06351,69.37363,351.29,0.4,0.37,2026-06-22,841,N20,VIIRS,n,2.0NRT,307.7,4.05,D
24.06407,69.37759,345.36,0.4,0.37,2026-06-22,841,N20,VIIRS,n,2.0NRT,307.55,4.05,D
24.06689,69.37306,350.81,0.4,0.37,2026-06-22,841,N20,VIIRS,n,2.0NRT,307.52,4.05,D
24.06745,69.37702,343.03,0.4,0.37,2026-06-22,841,N20,VIIRS,n,2.0NRT,307.21,4.05,D
24.06852,69.40932,340.46,0.41,0.37,2026-06-22,841,N20,VIIRS,n,2.0NRT,307.11,4.11,D
24.06963,69.41726,343.12,0.41,0.37,2026-06-22,841,N20,VIIRS,n,2.0NRT,306.89,4.62,D
24.07019,69.42123,347.77,0.41,0.37,2026-06-22,841,N20,VIIRS,n,2.0NRT,306.87,4.64,D
24.07023,69.39685,340.13,0.41,0.37,2026-06-22,841,N20,VIIRS,n,2.0NRT,306.57,8.29,D
24.07027,69.37251,348.61,0.4,0.37,2026-06-22,841,N20,VIIRS,n,2.0NRT,307.5,4.48,D
24.07083,69.37646,345.57,0.4,0.37,2026-06-22,841,N20,VIIRS,n,2.0NRT,307.2,4.48,D
24.07135,69.40479,348.72,0.41,0.37,2026-06-22,841,N20,VIIRS,n,2.0NRT,307.52,4.11,D
24.0719,69.40876,343.06,0.41,0.37,2026-06-22,841,N20,VIIRS,n,2.0NRT,306.55,4.11,D
24.07245,69.63783,346.26,0.41,0.37,2026-06-22,841,N20,VIIRS,n,2.0NRT,308.26,6.54,D
24.07246,69.41273,350.38,0.41,0.37,2026-06-22,841,N20,VIIRS,n,2.0NRT,307.11,4.62,D
24.07302,69.4167,345.71,0.41,0.37,2026-06-22,841,N20,VIIRS,n,2.0NRT,307.17,4.62,D
24.07353,69.4451,343.95,0.41,0.37,2026-06-22,841,N20,VIIRS,n,2.0NRT,307.49,3.6,D
24.07357,69.42068,352.06,0.41,0.37,2026-06-22,841,N20,VIIRS,n,2.0NRT,306.95,4.64,D
24.07362,69.39629,345.61,0.41,0.37,2026-06-22,841,N20,VIIRS,n,2.0NRT,307.15,3.55,D
24.07366,69.37193,348.83,0.4,0.37,2026-06-22,841,N20,VIIRS,n,2.0NRT,307.18,4.48,D
24.07408,69.44908,342.91,0.41,0.37,2026-06-22,841,N20,VIIRS,n,2.0NRT,307.9,3.6,D
24.07413,69.42464,344.54,0.41,0.37,2026-06-22,841,N20,VIIRS,n,2.0NRT,307.13,4.64,D
24.07417,69.40025,345.08,0.41,0.37,2026-06-22,841,N20,VIIRS,n,2.0NRT,306.81,3.55,D
24.07464,69.45306,341.48,0.41,0.37,2026-06-22,841,N20,VIIRS,n,2.0NRT,307.18,3.7,D
24.07469,69.42862,344.57,0.41,0.37,2026-06-22,841,N20,VIIRS,n,2.0NRT,307.32,5.2,D
24.07473,69.40422,346.26,0.41,0.37,2026-06-22,841,N20,VIIRS,n,2.0NRT,307.42,3.48,D
24.0752,69.45705,343.8,0.41,0.37,2026-06-22,841,N20,VIIRS,n,2.0NRT,308.25,3.7,D
24.07524,69.4326,347.15,0.41,0.37,2026-06-22,841,N20,VIIRS,n,2.0NRT,308.12,5.2,D
24.07529,69.40819,343.22,0.41,0.37,2026-06-22,841,N20,VIIRS,n,2.0NRT,306.5,3.48,D
24.07575,69.46103,350.21,0.41,0.37,2026-06-22,841,N20,VIIRS,n,2.0NRT,308.32,4.06,D
24.0758,69.43658,352.6,0.41,0.37,2026-06-22,841,N20,VIIRS,n,2.0NRT,308.1,13.75,D
24.07585,69.41216,344.62,0.41,0.37,2026-06-22,841,N20,VIIRS,n,2.0NRT,306.75,4.54,D
24.07586,69.63728,348.48,0.41,0.37,2026-06-22,841,N20,VIIRS,n,2.0NRT,307.84,6.54,D
24.07631,69.46501,349.8,0.41,0.37,2026-06-22,841,N20,VIIRS,n,2.0NRT,307.69,4.06,D
24.0764,69.41614,346.29,0.41,0.37,2026-06-22,841,N20,VIIRS,n,2.0NRT,306.85,4.54,D
24.07692,69.44453,345.16,0.41,0.37,2026-06-22,841,N20,VIIRS,n,2.0NRT,307.24,3.6,D
24.07696,69.42012,343.47,0.41,0.37,2026-06-22,841,N20,VIIRS,n,2.0NRT,306.89,3.7,D
24.077,69.39572,344.04,0.41,0.37,2026-06-22,841,N20,VIIRS,n,2.0NRT,306.61,3.55,D
24.07742,69.47298,341.19,0.41,0.37,2026-06-22,841,N20,VIIRS,n,2.0NRT,306.81,4.37,D
24.07747,69.44852,350.6,0.41,0.37,2026-06-22,841,N20,VIIRS,n,2.0NRT,307.96,3.6,D
24.07752,69.4241,345.13,0.41,0.37,2026-06-22,841,N20,VIIRS,n,2.0NRT,306.94,3.7,D
24.07756,69.39969,345.44,0.41,0.37,2026-06-22,841,N20,VIIRS,n,2.0NRT,306.41,3.55,D
24.07803,69.4525,348.94,0.41,0.37,2026-06-22,841,N20,VIIRS,n,2.0NRT,307.82,3.7,D
24.07808,69.42807,350.34,0.41,0.37,2026-06-22,841,N20,VIIRS,n,2.0NRT,307.37,3.83,D
24.07812,69.40366,343.81,0.41,0.37,2026-06-22,841,N20,VIIRS,n,2.0NRT,306.78,3.48,D
24.07859,69.45647,348.83,0.41,0.37,2026-06-22,841,N20,VIIRS,n,2.0NRT,308.16,3.7,D
24.07863,69.43204,345.89,0.41,0.37,2026-06-22,841,N20,VIIRS,n,2.0NRT,307.91,3.83,D
24.07868,69.40763,345.41,0.41,0.37,2026-06-22,841,N20,VIIRS,n,2.0NRT,306.53,3.48,D
24.07914,69.46046,347.67,0.41,0.37,2026-06-22,841,N20,VIIRS,n,2.0NRT,308.39,4.06,D
24.07919,69.43602,344.24,0.41,0.37,2026-06-22,841,N20,VIIRS,n,2.0NRT,307.29,5.25,D
24.0797,69.46445,347.95,0.41,0.37,2026-06-22,841,N20,VIIRS,n,2.0NRT,307.63,4.06,D
24.07979,69.41557,345.19,0.41,0.37,2026-06-22,841,N20,VIIRS,n,2.0NRT,307.42,4.54,D
24.08026,69.46843,348.04,0.41,0.37,2026-06-22,841,N20,VIIRS,n,2.0NRT,307.16,4.37,D
24.08031,69.44398,350.88,0.41,0.37,2026-06-22,841,N20,VIIRS,n,2.0NRT,307.68,4.04,D
24.08035,69.41954,347.89,0.41,0.37,2026-06-22,841,N20,VIIRS,n,2.0NRT,307.1,3.7,D
24.08082,69.47241,352.8,0.41,0.37,2026-06-22,841,N20,VIIRS,n,2.0NRT,307.22,4.37,D
24.08086,69.44796,347.3,0.41,0.37,2026-06-22,841,N20,VIIRS,n,2.0NRT,307.87,4.04,D
24.08091,69.42352,347.94,0.41,0.37,2026-06-22,841,N20,VIIRS,n,2.0NRT,307.02,3.7,D
24.08095,69.39912,341.06,0.41,0.37,2026-06-22,841,N20,VIIRS,n,2.0NRT,306.57,5.6,D
24.08142,69.45193,350.88,0.41,0.37,2026-06-22,841,N20,VIIRS,n,2.0NRT,307.86,4.17,D
24.08146,69.4275,341.53,0.41,0.37,2026-06-22,841,N20,VIIRS,n,2.0NRT,307.1,3.83,D
24.08198,69.45592,347.73,0.41,0.37,2026-06-22,841,N20,VIIRS,n,2.0NRT,307.34,4.17,D
24.08202,69.43148,345.35,0.41,0.37,2026-06-22,841,N20,VIIRS,n,2.0NRT,307.18,3.83,D
24.08254,69.45989,348.1,0.41,0.37,2026-06-22,841,N20,VIIRS,n,2.0NRT,307.6,4.31,D
24.08258,69.43546,348.67,0.41,0.37,2026-06-22,841,N20,VIIRS,n,2.0NRT,307.26,5.25,D
24.08262,69.41104,341.93,0.41,0.37,2026-06-22,841,N20,VIIRS,n,2.0NRT,306.81,4.35,D
24.0831,69.46388,350,0.41,0.37,2026-06-22,841,N20,VIIRS,n,2.0NRT,307.96,4.31,D
24.08314,69.43943,345.61,0.41,0.37,2026-06-22,841,N20,VIIRS,n,2.0NRT,307.66,5.25,D
24.08318,69.41501,345.4,0.41,0.37,2026-06-22,841,N20,VIIRS,n,2.0NRT,307.56,4.35,D
24.08365,69.46786,352.33,0.41,0.37,2026-06-22,841,N20,VIIRS,n,2.0NRT,308.25,3.84,D
24.0837,69.44341,349.89,0.41,0.37,2026-06-22,841,N20,VIIRS,n,2.0NRT,307.95,4.04,D
24.08373,69.41898,341.12,0.41,0.37,2026-06-22,841,N20,VIIRS,n,2.0NRT,307.28,3.35,D
24.08421,69.47185,346.72,0.41,0.37,2026-06-22,841,N20,VIIRS,n,2.0NRT,307.48,3.84,D
24.08426,69.44739,345.71,0.41,0.37,2026-06-22,841,N20,VIIRS,n,2.0NRT,307.46,4.04,D
24.08429,69.42297,340.65,0.41,0.37,2026-06-22,841,N20,VIIRS,n,2.0NRT,307.43,3.35,D
24.08433,69.39856,339.48,0.41,0.37,2026-06-22,841,N20,VIIRS,n,2.0NRT,306.36,5.6,D
24.08481,69.45136,345.06,0.41,0.37,2026-06-22,841,N20,VIIRS,n,2.0NRT,307.26,4.17,D
24.08485,69.42694,344.34,0.41,0.37,2026-06-22,841,N20,VIIRS,n,2.0NRT,308.01,3.71,D
24.08489,69.40253,339.76,0.41,0.37,2026-06-22,841,N20,VIIRS,n,2.0NRT,306.38,5.72,D
24.08537,69.45535,353.28,0.41,0.37,2026-06-22,841,N20,VIIRS,n,2.0NRT,307.75,4.17,D
24.08541,69.43092,348.01,0.41,0.37,2026-06-22,841,N20,VIIRS,n,2.0NRT,307.6,3.71,D
24.08545,69.4065,344.32,0.41,0.37,2026-06-22,841,N20,VIIRS,n,2.0NRT,306.4,5.72,D
24.08593,69.45933,351.44,0.41,0.37,2026-06-22,841,N20,VIIRS,n,2.0NRT,307.63,4.31,D
24.08649,69.46332,349.43,0.41,0.37,2026-06-22,841,N20,VIIRS,n,2.0NRT,307.23,4.31,D
24.08657,69.41444,343.09,0.41,0.37,2026-06-22,841,N20,VIIRS,n,2.0NRT,306.57,4.35,D
24.08684,69.56552,341.97,0.41,0.37,2026-06-22,841,N20,VIIRS,n,2.0NRT,308.21,4.89,D
24.08704,69.4673,344.18,0.41,0.37,2026-06-22,841,N20,VIIRS,n,2.0NRT,307.31,3.84,D
24.08709,69.44286,344.4,0.41,0.37,2026-06-22,841,N20,VIIRS,n,2.0NRT,306.99,5.53,D
24.08712,69.41842,343.67,0.41,0.37,2026-06-22,841,N20,VIIRS,n,2.0NRT,306.83,3.35,D
24.0876,69.47128,343.29,0.41,0.37,2026-06-22,841,N20,VIIRS,n,2.0NRT,308.03,3.84,D
24.08764,69.44683,353.03,0.41,0.37,2026-06-22,841,N20,VIIRS,n,2.0NRT,307.78,5.53,D
24.08768,69.4224,346.4,0.41,0.37,2026-06-22,841,N20,VIIRS,n,2.0NRT,306.32,3.35,D
24.08772,69.398,341.71,0.41,0.37,2026-06-22,841,N20,VIIRS,n,2.0NRT,306.36,5.76,D
24.0882,69.45081,349.91,0.41,0.37,2026-06-22,841,N20,VIIRS,n,2.0NRT,307.75,3.74,D
24.08824,69.42638,342.69,0.41,0.37,2026-06-22,841,N20,VIIRS,n,2.0NRT,307.24,3.71,D
24.08827,69.40197,342.24,0.41,0.37,2026-06-22,841,N20,VIIRS,n,2.0NRT,306.39,3.11,D
24.08876,69.4548,346.87,0.41,0.37,2026-06-22,841,N20,VIIRS,n,2.0NRT,307.31,3.74,D
24.0888,69.43035,341.84,0.41,0.37,2026-06-22,841,N20,VIIRS,n,2.0NRT,307.26,3.71,D
24.08883,69.40594,341.44,0.41,0.37,2026-06-22,841,N20,VIIRS,n,2.0NRT,306.36,3.11,D
24.08939,69.4099,343.18,0.41,0.37,2026-06-22,841,N20,VIIRS,n,2.0NRT,306.56,3.63,D
24.08942,69.38554,346.08,0.4,0.37,2026-06-22,841,N20,VIIRS,n,2.0NRT,306.76,10.38,D
24.08979,69.5118,341.95,0.41,0.37,2026-06-22,841,N20,VIIRS,n,2.0NRT,308.14,11.75,D
24.08988,69.46276,346.08,0.41,0.37,2026-06-22,841,N20,VIIRS,n,2.0NRT,307.18,4.15,D
24.08995,69.41389,347.21,0.41,0.37,2026-06-22,841,N20,VIIRS,n,2.0NRT,306.28,3.63,D
24.09044,69.46674,344.71,0.41,0.37,2026-06-22,841,N20,VIIRS,n,2.0NRT,307.67,3.39,D
24.09051,69.41786,348.87,0.41,0.37,2026-06-22,841,N20,VIIRS,n,2.0NRT,306.18,3.51,D
24.09099,69.47072,346.31,0.41,0.37,2026-06-22,841,N20,VIIRS,n,2.0NRT,307.91,3.39,D
24.09104,69.44627,347.64,0.41,0.37,2026-06-22,841,N20,VIIRS,n,2.0NRT,307.02,5.53,D
24.09107,69.42184,345.52,0.41,0.37,2026-06-22,841,N20,VIIRS,n,2.0NRT,305.81,3.51,D
24.0911,69.39743,341.47,0.41,0.37,2026-06-22,841,N20,VIIRS,n,2.0NRT,306.19,5.76,D
24.09159,69.45024,345.4,0.41,0.37,2026-06-22,841,N20,VIIRS,n,2.0NRT,307,3.74,D
24.09166,69.40141,340.08,0.41,0.37,2026-06-22,841,N20,VIIRS,n,2.0NRT,306.27,3.11,D
24.09215,69.45422,343.39,0.41,0.37,2026-06-22,841,N20,VIIRS,n,2.0NRT,307.35,3.74,D
24.09219,69.42979,343.11,0.41,0.37,2026-06-22,841,N20,VIIRS,n,2.0NRT,307.08,4.36,D
24.09222,69.40537,343.02,0.41,0.37,2026-06-22,841,N20,VIIRS,n,2.0NRT,306.19,3.11,D
24.09271,69.45821,342.33,0.41,0.37,2026-06-22,841,N20,VIIRS,n,2.0NRT,307.12,4.15,D
24.09275,69.43376,346.05,0.41,0.37,2026-06-22,841,N20,VIIRS,n,2.0NRT,307.24,4.81,D
24.09278,69.40936,345.03,0.41,0.37,2026-06-22,841,N20,VIIRS,n,2.0NRT,306.48,3.63,D
24.09327,69.46219,344.13,0.41,0.37,2026-06-22,841,N20,VIIRS,n,2.0NRT,306.94,4.15,D
24.09334,69.41332,344.21,0.41,0.37,2026-06-22,841,N20,VIIRS,n,2.0NRT,306.07,3.63,D
24.09383,69.46618,342.5,0.41,0.37,2026-06-22,841,N20,VIIRS,n,2.0NRT,307.12,3.39,D
24.0939,69.4173,341.39,0.41,0.37,2026-06-22,841,N20,VIIRS,n,2.0NRT,305.62,3.51,D
24.09446,69.42127,341.72,0.41,0.37,2026-06-22,841,N20,VIIRS,n,2.0NRT,305.79,3.51,D
24.09449,69.39687,341.76,0.41,0.37,2026-06-22,841,N20,VIIRS,n,2.0NRT,306.73,6.48,D
24.09501,69.42525,341.14,0.41,0.37,2026-06-22,841,N20,VIIRS,n,2.0NRT,306.85,4.36,D
24.09505,69.40084,345.55,0.41,0.37,2026-06-22,841,N20,VIIRS,n,2.0NRT,306.87,3.84,D
24.09558,69.42922,344.16,0.41,0.37,2026-06-22,841,N20,VIIRS,n,2.0NRT,307.26,4.36,D
24.0956,69.40481,350.8,0.41,0.37,2026-06-22,841,N20,VIIRS,n,2.0NRT,306.89,3.84,D
24.09563,69.38044,346.4,0.4,0.37,2026-06-22,841,N20,VIIRS,n,2.0NRT,306.79,11.06,D
24.0961,69.45765,345.8,0.41,0.37,2026-06-22,841,N20,VIIRS,n,2.0NRT,307.66,4.49,D
24.09614,69.4332,345.8,0.41,0.37,2026-06-22,841,N20,VIIRS,n,2.0NRT,306.93,4.81,D
24.09616,69.40878,340.64,0.41,0.37,2026-06-22,841,N20,VIIRS,n,2.0NRT,306.75,4.67,D
24.09619,69.3844,344.18,0.4,0.37,2026-06-22,841,N20,VIIRS,n,2.0NRT,306.62,11.48,D
24.09666,69.46163,340.89,0.41,0.37,2026-06-22,841,N20,VIIRS,n,2.0NRT,307.04,4.49,D
24.09669,69.43718,341.11,0.41,0.37,2026-06-22,841,N20,VIIRS,n,2.0NRT,307.3,4.81,D
24.09728,69.41673,347.28,0.41,0.37,2026-06-22,841,N20,VIIRS,n,2.0NRT,306.79,3.94,D
24.09781,69.44514,345.67,0.41,0.37,2026-06-22,841,N20,VIIRS,n,2.0NRT,307.38,15.08,D
24.09785,69.42071,347.77,0.41,0.37,2026-06-22,841,N20,VIIRS,n,2.0NRT,306.68,3.94,D
24.09787,69.39632,347.51,0.41,0.37,2026-06-22,841,N20,VIIRS,n,2.0NRT,306.87,6.48,D
24.09834,69.47359,342.42,0.41,0.37,2026-06-22,841,N20,VIIRS,n,2.0NRT,307.74,2.66,D
24.09837,69.44912,343.18,0.41,0.37,2026-06-22,841,N20,VIIRS,n,2.0NRT,307.17,7.06,D
24.0984,69.42468,341.22,0.41,0.37,2026-06-22,841,N20,VIIRS,n,2.0NRT,307.09,4.66,D
24.09843,69.40028,345.65,0.41,0.37,2026-06-22,841,N20,VIIRS,n,2.0NRT,306.85,3.84,D
24.09893,69.4531,342.84,0.41,0.37,2026-06-22,841,N20,VIIRS,n,2.0NRT,306.97,7.06,D
24.09896,69.42866,345.5,0.41,0.37,2026-06-22,841,N20,VIIRS,n,2.0NRT,307.61,4.66,D
24.09899,69.40424,343.39,0.41,0.37,2026-06-22,841,N20,VIIRS,n,2.0NRT,306.6,3.84,D
24.09949,69.45708,343.07,0.41,0.37,2026-06-22,841,N20,VIIRS,n,2.0NRT,307.18,4.49,D
24.09952,69.43264,343.93,0.41,0.37,2026-06-22,841,N20,VIIRS,n,2.0NRT,307.42,4.83,D
24.09955,69.40823,347.6,0.41,0.37,2026-06-22,841,N20,VIIRS,n,2.0NRT,306.7,4.67,D
24.10008,69.43661,344.18,0.41,0.37,2026-06-22,841,N20,VIIRS,n,2.0NRT,307.4,4.83,D
24.10011,69.41219,346.06,0.41,0.37,2026-06-22,841,N20,VIIRS,n,2.0NRT,306.71,4.67,D
24.10013,69.38781,348.75,0.41,0.37,2026-06-22,841,N20,VIIRS,n,2.0NRT,307.19,12.17,D
24.10064,69.4406,348.6,0.41,0.37,2026-06-22,841,N20,VIIRS,n,2.0NRT,307.63,6.52,D
24.10067,69.41617,348.02,0.41,0.37,2026-06-22,841,N20,VIIRS,n,2.0NRT,306.66,3.94,D
24.1012,69.44457,346.32,0.41,0.37,2026-06-22,841,N20,VIIRS,n,2.0NRT,307.7,6.52,D
24.10123,69.42014,340.05,0.41,0.37,2026-06-22,841,N20,VIIRS,n,2.0NRT,306.29,3.94,D
24.10235,69.42809,344.68,0.41,0.37,2026-06-22,841,N20,VIIRS,n,2.0NRT,307.45,4.66,D
24.10238,69.40369,347.26,0.41,0.37,2026-06-22,841,N20,VIIRS,n,2.0NRT,306.76,4.73,D
24.10291,69.43208,344.58,0.41,0.37,2026-06-22,841,N20,VIIRS,n,2.0NRT,307.2,4.83,D
24.10294,69.40766,345.93,0.41,0.37,2026-06-22,841,N20,VIIRS,n,2.0NRT,306.48,5.04,D
24.1035,69.41164,348.28,0.41,0.37,2026-06-22,841,N20,VIIRS,n,2.0NRT,306.93,5.04,D
24.10406,69.41561,343.47,0.41,0.37,2026-06-22,841,N20,VIIRS,n,2.0NRT,306.83,3.78,D
24.10408,69.39121,347.22,0.41,0.37,2026-06-22,841,N20,VIIRS,n,2.0NRT,307,6.5,D
24.10462,69.41959,344.89,0.41,0.37,2026-06-22,841,N20,VIIRS,n,2.0NRT,306.94,3.78,D
24.10464,69.39518,346.75,0.41,0.37,2026-06-22,841,N20,VIIRS,n,2.0NRT,306.98,6.5,D
24.1052,69.39915,347.91,0.41,0.37,2026-06-22,841,N20,VIIRS,n,2.0NRT,307.19,4.73,D
24.10576,69.40312,344.87,0.41,0.37,2026-06-22,841,N20,VIIRS,n,2.0NRT,306.71,4.73,D
24.10689,69.41106,348.47,0.41,0.37,2026-06-22,841,N20,VIIRS,n,2.0NRT,306.94,5.04,D
24.10745,69.41504,350.57,0.41,0.37,2026-06-22,841,N20,VIIRS,n,2.0NRT,307.15,3.78,D
24.10801,69.41901,344.29,0.41,0.37,2026-06-22,841,N20,VIIRS,n,2.0NRT,307.48,3.78,D
24.10803,69.39462,352.44,0.41,0.37,2026-06-22,841,N20,VIIRS,n,2.0NRT,306.49,15.78,D
24.10859,69.39858,347.99,0.41,0.37,2026-06-22,841,N20,VIIRS,n,2.0NRT,306.96,5.32,D
24.10915,69.40257,349.7,0.41,0.37,2026-06-22,841,N20,VIIRS,n,2.0NRT,307.43,5.32,D
24.10971,69.40653,351.12,0.41,0.37,2026-06-22,841,N20,VIIRS,n,2.0NRT,307.24,4.19,D
24.11027,69.41051,348.03,0.41,0.37,2026-06-22,841,N20,VIIRS,n,2.0NRT,307.89,4.19,D
24.11083,69.41448,342.49,0.41,0.37,2026-06-22,841,N20,VIIRS,n,2.0NRT,307.57,4.83,D
24.1114,69.41845,345.28,0.41,0.37,2026-06-22,841,N20,VIIRS,n,2.0NRT,307.8,4.83,D
24.11196,69.42243,346.45,0.41,0.37,2026-06-22,841,N20,VIIRS,n,2.0NRT,307.78,12.61,D
24.11254,69.40199,350.6,0.41,0.37,2026-06-22,841,N20,VIIRS,n,2.0NRT,307.53,5.32,D
24.1131,69.40597,347.43,0.41,0.37,2026-06-22,841,N20,VIIRS,n,2.0NRT,307.12,4.19,D
24.11366,69.40994,346.67,0.41,0.37,2026-06-22,841,N20,VIIRS,n,2.0NRT,307.64,4.19,D
24.11422,69.41392,343.24,0.41,0.37,2026-06-22,841,N20,VIIRS,n,2.0NRT,307.28,4.83,D
24.12151,69.49017,344.5,0.41,0.37,2026-06-22,841,N20,VIIRS,n,2.0NRT,308.38,5.32,D
24.15244,73.97913,341.72,0.44,0.46,2026-06-22,841,N20,VIIRS,n,2.0NRT,300.01,5.26,D
24.16811,69.49538,344.24,0.41,0.37,2026-06-22,841,N20,VIIRS,n,2.0NRT,307.72,2.3,D
24.17151,69.49483,343.9,0.41,0.37,2026-06-22,841,N20,VIIRS,n,2.0NRT,307.91,2.3,D
24.17491,69.49426,345.09,0.41,0.37,2026-06-22,841,N20,VIIRS,n,2.0NRT,308.67,2.35,D
24.1783,69.49369,342.26,0.41,0.37,2026-06-22,841,N20,VIIRS,n,2.0NRT,307.38,2.35,D
24.1817,69.49313,340.14,0.41,0.37,2026-06-22,841,N20,VIIRS,n,2.0NRT,306.84,1.74,D
24.18226,69.49713,341,0.41,0.37,2026-06-22,841,N20,VIIRS,n,2.0NRT,306.97,1.74,D
24.1851,69.49256,341.05,0.41,0.37,2026-06-22,841,N20,VIIRS,n,2.0NRT,306.96,1.74,D
24.18651,69.32939,341.99,0.4,0.37,2026-06-22,841,N20,VIIRS,n,2.0NRT,307.22,4.61,D
24.18707,69.33335,342.3,0.4,0.37,2026-06-22,841,N20,VIIRS,n,2.0NRT,307.1,4.61,D
24.1885,69.492,340.17,0.41,0.37,2026-06-22,841,N20,VIIRS,n,2.0NRT,307.56,3.89,D
24.36339,69.57025,341.94,0.41,0.37,2026-06-22,841,N20,VIIRS,n,2.0NRT,305.11,6.21,D
24.78915,77.11782,339.58,0.36,0.57,2026-06-22,841,N20,VIIRS,n,2.0NRT,302.03,2.4,D
25.11959,72.91308,347.98,0.4,0.44,2026-06-22,841,N20,VIIRS,n,2.0NRT,311.18,9.35,D
25.27078,72.89695,348.41,0.4,0.44,2026-06-22,841,N20,VIIRS,n,2.0NRT,311.78,14.05,D
25.48579,75.54922,336.97,0.58,0.52,2026-06-22,841,N20,VIIRS,n,2.0NRT,302.1,5.54,D
25.48984,73.04587,347.74,0.41,0.45,2026-06-22,841,N20,VIIRS,n,2.0NRT,310.38,11.32,D
25.60125,77.38911,336.37,0.38,0.59,2026-06-22,841,N20,VIIRS,n,2.0NRT,299.81,3.33,D
25.52983,68.39133,346.29,0.39,0.36,2026-06-22,843,N20,VIIRS,n,2.0NRT,305.7,33.37,D
25.5326,68.38686,338.81,0.39,0.36,2026-06-22,843,N20,VIIRS,n,2.0NRT,308.04,33.37,D
26.09518,68.88139,338.04,0.4,0.37,2026-06-22,843,N20,VIIRS,n,2.0NRT,307.11,2.37,D
26.72606,68.1499,344.57,0.39,0.36,2026-06-22,843,N20,VIIRS,n,2.0NRT,303.21,4.49,D
27.18586,67.90276,344.12,0.39,0.36,2026-06-22,843,N20,VIIRS,n,2.0NRT,310.98,3.9,D
27.19922,67.90495,341.47,0.39,0.36,2026-06-22,843,N20,VIIRS,n,2.0NRT,309.58,1.21,D
27.22539,71.15652,344.89,0.51,0.41,2026-06-22,843,N20,VIIRS,n,2.0NRT,309.89,4.21,D
27.24174,68.01053,339.53,0.39,0.36,2026-06-22,843,N20,VIIRS,l,2.0NRT,309.56,3.86,D
27.27695,68.06509,340.76,0.39,0.37,2026-06-22,843,N20,VIIRS,n,2.0NRT,309.72,6.74,D
27.30907,67.98646,342.64,0.39,0.36,2026-06-22,843,N20,VIIRS,n,2.0NRT,309.86,3.21,D
27.35915,68.00179,343.01,0.39,0.36,2026-06-22,843,N20,VIIRS,n,2.0NRT,312.34,2.88,D
27.36583,68.0006,342.47,0.39,0.36,2026-06-22,843,N20,VIIRS,n,2.0NRT,311.54,2.58,D
27.43397,70.67156,341.69,0.48,0.4,2026-06-22,843,N20,VIIRS,n,2.0NRT,307.82,1.66,D
27.48152,68.07413,343.4,0.4,0.37,2026-06-22,843,N20,VIIRS,n,2.0NRT,311.33,7.66,D
27.49553,68.10023,341.21,0.4,0.37,2026-06-22,843,N20,VIIRS,n,2.0NRT,310.43,7.01,D
27.53627,67.98644,342.1,0.39,0.36,2026-06-22,843,N20,VIIRS,n,2.0NRT,310.42,9.55,D
27.53682,68.10102,341.88,0.4,0.37,2026-06-22,843,N20,VIIRS,n,2.0NRT,310.22,7,D
27.55409,67.82482,342.47,0.39,0.36,2026-06-22,843,N20,VIIRS,n,2.0NRT,310.37,5.47,D
27.56525,67.99752,342.03,0.39,0.37,2026-06-22,843,N20,VIIRS,n,2.0NRT,310.72,9.15,D
27.56777,68.1115,342.6,0.4,0.37,2026-06-22,843,N20,VIIRS,n,2.0NRT,310.05,8.63,D
27.58364,68.22369,341.15,0.4,0.37,2026-06-22,843,N20,VIIRS,n,2.0NRT,308.57,5.24,D
27.65051,67.95428,342.12,0.39,0.36,2026-06-22,843,N20,VIIRS,n,2.0NRT,310.2,1.81,D
27.66877,68.13107,339.84,0.4,0.37,2026-06-22,843,N20,VIIRS,n,2.0NRT,308.01,6.15,D
27.69933,68.34878,341.23,0.4,0.37,2026-06-22,843,N20,VIIRS,n,2.0NRT,310.43,6.92,D
27.70563,67.95657,346.09,0.39,0.37,2026-06-22,843,N20,VIIRS,n,2.0NRT,312.13,10.12,D
27.72001,68.08084,342.51,0.4,0.37,2026-06-22,843,N20,VIIRS,n,2.0NRT,310.07,1.65,D
27.72339,68.29885,342.12,0.4,0.37,2026-06-22,843,N20,VIIRS,n,2.0NRT,309.13,8.85,D
27.7243,68.20766,342.6,0.4,0.37,2026-06-22,843,N20,VIIRS,n,2.0NRT,310.36,2.74,D
27.73198,69.33556,339.67,0.43,0.38,2026-06-22,843,N20,VIIRS,n,2.0NRT,307.72,5.11,D
27.77245,67.81026,339.43,0.39,0.36,2026-06-22,843,N20,VIIRS,n,2.0NRT,309.15,5.99,D
27.78313,68.37975,341.34,0.4,0.37,2026-06-22,843,N20,VIIRS,n,2.0NRT,310.32,5.83,D
27.82466,68.29786,341.84,0.4,0.37,2026-06-22,843,N20,VIIRS,n,2.0NRT,309.96,8.84,D
27.83795,68.22083,340.22,0.4,0.37,2026-06-22,843,N20,VIIRS,n,2.0NRT,308.69,2.95,D
27.84014,68.53356,348.32,0.41,0.37,2026-06-22,843,N20,VIIRS,n,2.0NRT,311.26,14.36,D
27.84574,68.20287,342.24,0.4,0.37,2026-06-22,843,N20,VIIRS,n,2.0NRT,310.71,9.06,D
27.85942,68.6231,342.93,0.41,0.37,2026-06-22,843,N20,VIIRS,n,2.0NRT,310.15,11.04,D
27.89281,69.07732,339.89,0.42,0.38,2026-06-22,843,N20,VIIRS,n,2.0NRT,307.95,5.76,D
27.89396,69.07636,342.87,0.42,0.38,2026-06-22,843,N20,VIIRS,n,2.0NRT,308.79,3.61,D
27.91778,68.33635,342.46,0.4,0.37,2026-06-22,843,N20,VIIRS,n,2.0NRT,310.94,9.05,D
27.92474,68.69241,341.05,0.41,0.37,2026-06-22,843,N20,VIIRS,n,2.0NRT,309.27,6.61,D
27.93188,68.36309,344.77,0.4,0.37,2026-06-22,843,N20,VIIRS,n,2.0NRT,311.11,9.31,D
27.99722,68.65955,340.88,0.41,0.37,2026-06-22,843,N20,VIIRS,n,2.0NRT,309.24,5.22,D
28.01761,69.72982,341.61,0.45,0.39,2026-06-22,843,N20,VIIRS,n,2.0NRT,307.82,4.51,D
28.01847,68.08564,341.98,0.4,0.37,2026-06-22,843,N20,VIIRS,n,2.0NRT,310.19,3.54,D
28.03079,67.6989,341,0.39,0.36,2026-06-22,843,N20,VIIRS,n,2.0NRT,309.9,6.48,D
28.03082,68.09996,342.34,0.4,0.37,2026-06-22,843,N20,VIIRS,n,2.0NRT,310.48,2.72,D
28.03657,68.74244,343.68,0.41,0.37,2026-06-22,843,N20,VIIRS,n,2.0NRT,310.46,8.81,D
28.05745,68.53857,342.34,0.41,0.37,2026-06-22,843,N20,VIIRS,n,2.0NRT,311.97,11.25,D
28.126,68.30009,342.41,0.4,0.37,2026-06-22,843,N20,VIIRS,l,2.0NRT,312.66,6.22,D
28.17818,68.08257,348.72,0.4,0.37,2026-06-22,843,N20,VIIRS,n,2.0NRT,310.93,6.23,D
28.24427,68.42262,343.74,0.41,0.37,2026-06-22,843,N20,VIIRS,n,2.0NRT,311.66,10.29,D
28.2763,68.32842,342.36,0.4,0.37,2026-06-22,843,N20,VIIRS,n,2.0NRT,311.52,8.59,D
28.29647,68.83301,343.45,0.42,0.37,2026-06-22,843,N20,VIIRS,n,2.0NRT,309.8,10.85,D
28.34741,68.40962,340.9,0.41,0.37,2026-06-22,843,N20,VIIRS,n,2.0NRT,310.5,6.41,D
28.34859,68.88059,345.42,0.42,0.38,2026-06-22,843,N20,VIIRS,n,2.0NRT,308.47,8.81,D
28.35441,68.59029,343.68,0.41,0.37,2026-06-22,843,N20,VIIRS,n,2.0NRT,311.83,13.2,D
28.3567,68.20175,344.17,0.4,0.37,2026-06-22,843,N20,VIIRS,n,2.0NRT,312.34,2.77,D
28.37449,67.73112,345.23,0.39,0.36,2026-06-22,843,N20,VIIRS,n,2.0NRT,311.99,2.59,D
28.37735,68.4001,341.56,0.41,0.37,2026-06-22,843,N20,VIIRS,n,2.0NRT,310.24,5.97,D
28.43066,67.86069,344.5,0.4,0.37,2026-06-22,843,N20,VIIRS,n,2.0NRT,313.35,7.12,D
28.44073,68.43129,341.28,0.41,0.37,2026-06-22,843,N20,VIIRS,n,2.0NRT,308.79,5.49,D
28.4442,68.45616,348.91,0.41,0.37,2026-06-22,843,N20,VIIRS,n,2.0NRT,310.6,10.21,D
28.45734,67.97584,343.18,0.4,0.37,2026-06-22,843,N20,VIIRS,l,2.0NRT,313.72,5.69,D
28.48753,67.88349,340.27,0.4,0.37,2026-06-22,843,N20,VIIRS,l,2.0NRT,310.72,1.89,D
28.49145,67.88692,340.06,0.4,0.37,2026-06-22,843,N20,VIIRS,l,2.0NRT,310.85,1.89,D
28.49343,69.59225,346.15,0.44,0.39,2026-06-22,843,N20,VIIRS,n,2.0NRT,310.94,8.97,D
28.50945,68.12474,341.51,0.4,0.37,2026-06-22,843,N20,VIIRS,n,2.0NRT,310.98,1.25,D
28.51282,68.12414,339.83,0.4,0.37,2026-06-22,843,N20,VIIRS,l,2.0NRT,310.89,1.25,D
28.51801,68.33346,347.76,0.41,0.37,2026-06-22,843,N20,VIIRS,n,2.0NRT,309.6,4.21,D
28.5214,68.33286,339.24,0.41,0.37,2026-06-22,843,N20,VIIRS,l,2.0NRT,309.63,4.21,D
28.54171,68.32925,336.58,0.41,0.37,2026-06-22,843,N20,VIIRS,l,2.0NRT,309.01,3.71,D
28.55839,68.29274,339.44,0.41,0.37,2026-06-22,843,N20,VIIRS,n,2.0NRT,308.79,3.8,D
29.86251,71.39226,332.01,0.56,0.43,2026-06-22,843,N20,VIIRS,l,2.0NRT,302.58,1.78,D
29.89398,72.16702,342.33,0.41,0.45,2026-06-22,843,N20,VIIRS,n,2.0NRT,291.91,4.11,D
29.94471,71.49063,342.32,0.57,0.43,2026-06-22,843,N20,VIIRS,n,2.0NRT,304.03,8.88,D
29.94868,71.49006,332.23,0.57,0.43,2026-06-22,843,N20,VIIRS,n,2.0NRT,301.54,4.44,D
29.98031,72.26819,346.96,0.42,0.45,2026-06-22,843,N20,VIIRS,n,2.0NRT,300.72,4.76,D
29.98438,71.52074,337.66,0.57,0.43,2026-06-22,843,N20,VIIRS,n,2.0NRT,304.24,6.88,D
29.98504,71.52663,334.56,0.57,0.43,2026-06-22,843,N20,VIIRS,l,2.0NRT,304.72,6.88,D
29.98754,72.65829,334.58,0.44,0.46,2026-06-22,843,N20,VIIRS,n,2.0NRT,300.58,3.74,D
30.01946,72.55324,339.57,0.43,0.46,2026-06-22,843,N20,VIIRS,n,2.0NRT,299.99,3.46,D
30.02294,71.51878,330.93,0.57,0.43,2026-06-22,843,N20,VIIRS,l,2.0NRT,303.19,2.69,D
30.02412,71.51498,332.41,0.57,0.43,2026-06-22,843,N20,VIIRS,l,2.0NRT,303.07,3.65,D
30.05997,71.56156,332.57,0.57,0.43,2026-06-22,843,N20,VIIRS,l,2.0NRT,304.08,2.87,D
30.06062,71.5675,336.31,0.57,0.43,2026-06-22,843,N20,VIIRS,n,2.0NRT,303.68,2.87,D
30.07253,72.2475,337.86,0.42,0.45,2026-06-22,843,N20,VIIRS,n,2.0NRT,301.57,2.98,D
30.0765,73.40866,346.27,0.48,0.48,2026-06-22,843,N20,VIIRS,n,2.0NRT,298.76,6.52,D
30.09968,73.37006,343.58,0.48,0.48,2026-06-22,843,N20,VIIRS,n,2.0NRT,301.72,6.18,D
30.13777,72.41224,331.44,0.43,0.46,2026-06-22,843,N20,VIIRS,l,2.0NRT,301.77,2.72,D
30.15416,72.3652,334.85,0.42,0.45,2026-06-22,843,N20,VIIRS,n,2.0NRT,302.52,3.25,D
30.17344,73.88311,341.51,0.52,0.5,2026-06-22,843,N20,VIIRS,n,2.0NRT,301.39,9.04,D
30.17344,73.88598,340.73,0.52,0.5,2026-06-22,843,N20,VIIRS,n,2.0NRT,300.86,7.49,D
30.21007,73.27872,348.8,0.48,0.48,2026-06-22,843,N20,VIIRS,n,2.0NRT,304.78,10.05,D
30.21054,73.27711,344.61,0.48,0.48,2026-06-22,843,N20,VIIRS,n,2.0NRT,304.81,7.66,D
30.21798,73.26761,338.06,0.48,0.48,2026-06-22,843,N20,VIIRS,n,2.0NRT,304.19,5.2,D
30.21836,73.26605,336.96,0.48,0.48,2026-06-22,843,N20,VIIRS,n,2.0NRT,303.34,4.6,D
30.22671,73.45564,340.82,0.49,0.49,2026-06-22,843,N20,VIIRS,n,2.0NRT,304.49,7.42,D
30.22887,73.45879,341.63,0.49,0.49,2026-06-22,843,N20,VIIRS,n,2.0NRT,304.9,5.79,D
30.22927,73.43464,336.57,0.49,0.48,2026-06-22,843,N20,VIIRS,n,2.0NRT,304.01,1.99,D
30.23078,73.43275,331.05,0.49,0.48,2026-06-22,843,N20,VIIRS,l,2.0NRT,301.74,1.21,D
30.23519,73.26038,342.08,0.48,0.48,2026-06-22,843,N20,VIIRS,n,2.0NRT,300.63,4.38,D
30.24168,73.18929,336.78,0.47,0.48,2026-06-22,843,N20,VIIRS,n,2.0NRT,300.59,1.75,D
30.2504,73.27865,343.85,0.48,0.48,2026-06-22,843,N20,VIIRS,n,2.0NRT,303.71,6.56,D
30.25043,72.87986,331.86,0.45,0.47,2026-06-22,843,N20,VIIRS,n,2.0NRT,301.04,2.18,D
30.25091,72.88459,330.51,0.45,0.47,2026-06-22,843,N20,VIIRS,l,2.0NRT,302.54,3.03,D
30.26859,73.19086,341.91,0.47,0.48,2026-06-22,843,N20,VIIRS,n,2.0NRT,300.6,5.42,D
30.29971,73.10236,339.99,0.47,0.48,2026-06-22,843,N20,VIIRS,n,2.0NRT,302.59,3.46,D
30.30011,73.10409,335.26,0.47,0.48,2026-06-22,843,N20,VIIRS,n,2.0NRT,301.46,2.38,D
30.30075,73.37935,343.84,0.49,0.48,2026-06-22,843,N20,VIIRS,n,2.0NRT,301.73,3.56,D
30.3028,73.44613,330.28,0.49,0.49,2026-06-22,843,N20,VIIRS,l,2.0NRT,301.51,4.02,D
30.31102,73.03366,331.39,0.46,0.47,2026-06-22,843,N20,VIIRS,l,2.0NRT,302.66,2.66,D
30.31801,73.29243,340.55,0.48,0.48,2026-06-22,843,N20,VIIRS,n,2.0NRT,302.83,3.27,D
30.31885,73.29031,335.48,0.48,0.48,2026-06-22,843,N20,VIIRS,n,2.0NRT,302.56,4.07,D
30.32084,73.1811,342.02,0.47,0.48,2026-06-22,843,N20,VIIRS,n,2.0NRT,302.64,3.36,D
30.32941,73.41402,330.24,0.49,0.48,2026-06-22,843,N20,VIIRS,l,2.0NRT,300.34,2.12,D
30.33107,73.41162,332.28,0.49,0.48,2026-06-22,843,N20,VIIRS,n,2.0NRT,302.04,2.06,D
30.33463,73.13938,346.5,0.47,0.48,2026-06-22,843,N20,VIIRS,n,2.0NRT,301.41,4.29,D
30.34273,73.48277,330.91,0.49,0.49,2026-06-22,843,N20,VIIRS,l,2.0NRT,301.56,2.29,D
30.34544,73.5558,333.05,0.5,0.49,2026-06-22,843,N20,VIIRS,n,2.0NRT,301.45,2.1,D
30.34684,73.55276,332.95,0.5,0.49,2026-06-22,843,N20,VIIRS,n,2.0NRT,301.53,2.26,D
30.35905,73.11637,334.44,0.47,0.48,2026-06-22,843,N20,VIIRS,n,2.0NRT,300.78,2.13,D
30.36725,72.97746,337.49,0.46,0.47,2026-06-22,843,N20,VIIRS,n,2.0NRT,300.31,3.1,D
30.37111,73.42433,332.51,0.49,0.49,2026-06-22,843,N20,VIIRS,n,2.0NRT,301.53,1.87,D
30.38556,72.94106,339.99,0.46,0.47,2026-06-22,843,N20,VIIRS,n,2.0NRT,301.82,2.5,D
30.39836,73.6633,340.01,0.51,0.49,2026-06-22,843,N20,VIIRS,n,2.0NRT,298.81,4.72,D
30.41409,73.13191,335.46,0.47,0.48,2026-06-22,843,N20,VIIRS,n,2.0NRT,301.56,5.05,D
30.41425,73.13425,337.04,0.47,0.48,2026-06-22,843,N20,VIIRS,n,2.0NRT,301.65,4.58,D
30.43609,73.57875,333.99,0.5,0.49,2026-06-22,843,N20,VIIRS,n,2.0NRT,299.73,3.97,D
30.4366,73.584,332.58,0.5,0.49,2026-06-22,843,N20,VIIRS,n,2.0NRT,299.81,3.97,D
30.43711,73.58924,339.54,0.5,0.49,2026-06-22,843,N20,VIIRS,n,2.0NRT,299.65,3.93,D
30.43828,73.38797,333.61,0.49,0.48,2026-06-22,843,N20,VIIRS,n,2.0NRT,301.76,2.47,D
30.43885,73.20403,336.93,0.48,0.48,2026-06-22,843,N20,VIIRS,n,2.0NRT,300.1,1.23,D
30.43964,73.3848,333.26,0.49,0.48,2026-06-22,843,N20,VIIRS,n,2.0NRT,301.84,1.77,D
30.4523,73.34495,346.63,0.49,0.48,2026-06-22,843,N20,VIIRS,n,2.0NRT,301.69,5.85,D
30.45806,75.9063,339.08,0.35,0.56,2026-06-22,843,N20,VIIRS,n,2.0NRT,283.66,5.62,D
30.45831,73.50539,340.15,0.5,0.49,2026-06-22,843,N20,VIIRS,n,2.0NRT,301.64,2.74,D
30.46996,73.4359,331.29,0.49,0.49,2026-06-22,843,N20,VIIRS,n,2.0NRT,300.86,1.99,D
30.47426,73.52975,341.84,0.5,0.49,2026-06-22,843,N20,VIIRS,n,2.0NRT,300.59,8.67,D
30.47837,73.47667,330,0.49,0.49,2026-06-22,843,N20,VIIRS,l,2.0NRT,300.58,3.12,D
30.48837,73.73131,341.4,0.51,0.5,2026-06-22,843,N20,VIIRS,n,2.0NRT,300.23,3.59,D
30.48838,72.79646,334.68,0.45,0.47,2026-06-22,843,N20,VIIRS,n,2.0NRT,300.36,6.04,D
30.4906,72.79467,339.74,0.45,0.47,2026-06-22,843,N20,VIIRS,n,2.0NRT,301.4,5.26,D
30.5088,72.87079,331.82,0.46,0.47,2026-06-22,843,N20,VIIRS,n,2.0NRT,298.7,2.51,D
30.5097,73.71246,331.8,0.51,0.49,2026-06-22,843,N20,VIIRS,n,2.0NRT,299.79,2.26,D
30.54608,73.61124,343.86,0.5,0.49,2026-06-22,843,N20,VIIRS,n,2.0NRT,300.11,4.86,D
30.55038,73.94984,331.88,0.53,0.5,2026-06-22,843,N20,VIIRS,n,2.0NRT,299.47,3.07,D
30.55156,73.38941,331.55,0.49,0.49,2026-06-22,843,N20,VIIRS,n,2.0NRT,301.1,4.13,D
30.55298,73.54122,336.93,0.5,0.49,2026-06-22,843,N20,VIIRS,n,2.0NRT,300.11,2.38,D
30.5542,73.53829,333.67,0.5,0.49,2026-06-22,843,N20,VIIRS,n,2.0NRT,299.55,3.09,D
30.55423,73.39137,335,0.49,0.49,2026-06-22,843,N20,VIIRS,n,2.0NRT,301.47,3.5,D
30.55744,72.91792,330.58,0.46,0.47,2026-06-22,843,N20,VIIRS,n,2.0NRT,296.65,1.37,D
30.55886,73.69571,340.02,0.51,0.49,2026-06-22,843,N20,VIIRS,n,2.0NRT,300.36,6.67,D
30.56178,72.8736,355.02,0.46,0.47,2026-06-22,843,N20,VIIRS,n,2.0NRT,296.73,10.32,D
30.56342,73.69517,347.79,0.51,0.49,2026-06-22,843,N20,VIIRS,n,2.0NRT,300.83,6.67,D
30.56362,73.69247,343.1,0.51,0.49,2026-06-22,843,N20,VIIRS,n,2.0NRT,300.59,5.43,D
30.5769,73.48791,330.48,0.5,0.49,2026-06-22,843,N20,VIIRS,n,2.0NRT,300.36,1.83,D
30.59542,73.7375,330.97,0.51,0.5,2026-06-22,843,N20,VIIRS,n,2.0NRT,298.94,2.24,D
30.59751,73.37038,334.68,0.49,0.49,2026-06-22,843,N20,VIIRS,n,2.0NRT,299.12,2.47,D
30.6159,73.91161,330.23,0.53,0.5,2026-06-22,843,N20,VIIRS,n,2.0NRT,299.86,3.13,D
30.62414,73.89947,331.59,0.53,0.5,2026-06-22,843,N20,VIIRS,n,2.0NRT,300.67,3.58,D
30.62675,73.87688,355.54,0.52,0.5,2026-06-22,843,N20,VIIRS,n,2.0NRT,299.27,15.88,D
30.62696,73.67935,339.14,0.51,0.49,2026-06-22,843,N20,VIIRS,n,2.0NRT,298.77,3.29,D
30.64363,73.61266,333.93,0.51,0.49,2026-06-22,843,N20,VIIRS,n,2.0NRT,299.27,3.45,D
30.64571,73.6825,331.34,0.51,0.49,2026-06-22,843,N20,VIIRS,n,2.0NRT,300.46,2.02,D
30.64613,73.59091,344.17,0.5,0.49,2026-06-22,843,N20,VIIRS,n,2.0NRT,300.4,7.77,D
30.65459,73.53657,331.53,0.5,0.49,2026-06-22,843,N20,VIIRS,n,2.0NRT,300.25,1.52,D
30.67855,73.64071,332.19,0.51,0.49,2026-06-22,843,N20,VIIRS,n,2.0NRT,299.67,2.34,D
30.67925,73.63873,346.58,0.51,0.49,2026-06-22,843,N20,VIIRS,n,2.0NRT,300.31,6.71,D
30.68309,73.64015,333.05,0.51,0.49,2026-06-22,843,N20,VIIRS,n,2.0NRT,299.78,2.34,D
30.68666,73.52002,332.54,0.5,0.49,2026-06-22,843,N20,VIIRS,n,2.0NRT,300.87,2.78,D
30.70127,73.48112,331.68,0.5,0.49,2026-06-22,843,N20,VIIRS,n,2.0NRT,300.2,2.43,D
30.72722,73.70886,341.84,0.51,0.5,2026-06-22,843,N20,VIIRS,n,2.0NRT,299.84,5.67,D
30.72899,73.87975,330.18,0.53,0.5,2026-06-22,843,N20,VIIRS,n,2.0NRT,299.45,3.44,D
30.75512,73.96095,339.37,0.53,0.5,2026-06-22,843,N20,VIIRS,n,2.0NRT,299.47,4.48,D
30.77728,73.8964,342.18,0.53,0.5,2026-06-22,843,N20,VIIRS,n,2.0NRT,298.74,5.15,D
30.85426,73.39482,336.41,0.49,0.49,2026-06-22,843,N20,VIIRS,n,2.0NRT,300.03,2.77,D
30.85614,70.71668,333.55,0.53,0.42,2026-06-22,843,N20,VIIRS,n,2.0NRT,302.78,2.53,D
30.85655,74.1692,335.43,0.55,0.51,2026-06-22,843,N20,VIIRS,n,2.0NRT,298.37,3.6,D
30.86835,71.41665,341.73,0.38,0.43,2026-06-22,843,N20,VIIRS,n,2.0NRT,309.18,5.58,D
30.93354,74.17789,332.83,0.55,0.51,2026-06-22,843,N20,VIIRS,n,2.0NRT,299.17,3.55,D
30.93509,74.1763,334.64,0.55,0.51,2026-06-22,843,N20,VIIRS,n,2.0NRT,298.48,2.39,D
30.99835,75.38102,337.15,0.33,0.55,2026-06-22,843,N20,VIIRS,n,2.0NRT,295.19,1.93,D
31.06558,74.62166,335.3,0.59,0.53,2026-06-22,843,N20,VIIRS,n,2.0NRT,298.09,3.12,D
31.17787,75.23053,338.39,0.32,0.55,2026-06-22,843,N20,VIIRS,n,2.0NRT,296.72,2.79,D
31.21065,75.25797,347.22,0.32,0.55,2026-06-22,843,N20,VIIRS,n,2.0NRT,296.63,4.35,D
31.22597,72.70588,341.65,0.46,0.47,2026-06-22,843,N20,VIIRS,n,2.0NRT,289.93,4.2,D
31.22852,75.47899,344.44,0.33,0.55,2026-06-22,843,N20,VIIRS,n,2.0NRT,297.44,5.53,D
31.2288,75.48249,367,0.33,0.55,2026-06-22,843,N20,VIIRS,h,2.0NRT,297.1,5.53,D
31.25099,75.63066,332.36,0.34,0.56,2026-06-22,843,N20,VIIRS,n,2.0NRT,298.53,4.8,D
31.25127,75.63426,356.06,0.34,0.56,2026-06-22,843,N20,VIIRS,n,2.0NRT,298.48,6.07,D
31.29275,72.74223,339.18,0.46,0.47,2026-06-22,843,N20,VIIRS,n,2.0NRT,299.47,4.26,D
31.31429,75.8978,332.06,0.35,0.57,2026-06-22,843,N20,VIIRS,n,2.0NRT,298.27,1.37,D
31.344,75.4675,345.99,0.33,0.55,2026-06-22,843,N20,VIIRS,n,2.0NRT,296.49,3.63,D
31.35539,75.48056,342.91,0.33,0.55,2026-06-22,843,N20,VIIRS,n,2.0NRT,295.44,2.98,D
31.3723,75.69179,334.31,0.34,0.56,2026-06-22,843,N20,VIIRS,n,2.0NRT,299.8,1.66,D
31.38438,75.91357,367,0.35,0.57,2026-06-22,843,N20,VIIRS,h,2.0NRT,297.53,6.25,D
31.38917,75.91249,334.85,0.35,0.57,2026-06-22,843,N20,VIIRS,n,2.0NRT,297.73,2.29,D
31.47396,75.77322,344.32,0.35,0.57,2026-06-22,843,N20,VIIRS,n,2.0NRT,298.38,2.14,D
31.47425,75.7769,332.12,0.35,0.57,2026-06-22,843,N20,VIIRS,n,2.0NRT,296,2.14,D
31.47547,75.46413,345.55,0.33,0.55,2026-06-22,843,N20,VIIRS,n,2.0NRT,298.06,3.35,D
31.47816,75.46555,337.64,0.33,0.56,2026-06-22,843,N20,VIIRS,n,2.0NRT,296.43,2.47,D
31.48168,76.01322,331.58,0.36,0.57,2026-06-22,843,N20,VIIRS,n,2.0NRT,297.56,4.42,D
31.58421,75.40052,337.85,0.33,0.55,2026-06-22,843,N20,VIIRS,n,2.0NRT,299.66,2,D
31.59104,72.65047,331.42,0.46,0.47,2026-06-22,843,N20,VIIRS,n,2.0NRT,301.26,2.24,D
31.62722,72.88446,334.22,0.47,0.48,2026-06-22,843,N20,VIIRS,n,2.0NRT,299.52,1.74,D
31.6511,70.28392,340.31,0.51,0.41,2026-06-22,843,N20,VIIRS,n,2.0NRT,307.39,8.01,D
31.74282,76.17405,331.35,0.37,0.58,2026-06-22,843,N20,VIIRS,n,2.0NRT,298.12,1.38,D
31.83657,74.15279,332.14,0.56,0.52,2026-06-22,843,N20,VIIRS,n,2.0NRT,300.7,2.27,D
31.97287,75.86607,345.77,0.36,0.57,2026-06-22,843,N20,VIIRS,n,2.0NRT,301,2.97,D
31.97315,75.86986,330.39,0.36,0.57,2026-06-22,843,N20,VIIRS,n,2.0NRT,298.42,2.97,D
32.05293,75.80651,331.85,0.35,0.57,2026-06-22,843,N20,VIIRS,n,2.0NRT,298.08,1.8,D
32.45869,72.93063,337.19,0.49,0.48,2026-06-22,843,N20,VIIRS,n,2.0NRT,301.07,5.85,D
32.45917,72.93582,340.54,0.49,0.48,2026-06-22,843,N20,VIIRS,n,2.0NRT,300.66,3.21,D
32.45966,72.94101,333.74,0.49,0.48,2026-06-22,843,N20,VIIRS,n,2.0NRT,300.16,3.21,D
32.46363,72.93525,334.39,0.49,0.48,2026-06-22,843,N20,VIIRS,n,2.0NRT,300.04,3.21,D
32.63043,73.29008,331.06,0.51,0.49,2026-06-22,843,N20,VIIRS,n,2.0NRT,300.47,4.85,D
32.63093,73.29556,342.38,0.51,0.49,2026-06-22,843,N20,VIIRS,n,2.0NRT,300.6,6.78,D
33.87616,72.29823,339.61,0.46,0.47,2026-06-22,845,N20,VIIRS,n,2.0NRT,309.58,3.79,D
33.96254,71.93973,337.7,0.44,0.46,2026-06-22,845,N20,VIIRS,l,2.0NRT,309.14,4.63,D
33.99329,72.07942,334.68,0.45,0.47,2026-06-22,845,N20,VIIRS,l,2.0NRT,305.54,1.53,D
36.29654,61.15731,367,0.43,0.38,2026-06-22,845,N20,VIIRS,h,2.0NRT,334.91,47.31,D
36.29914,61.15167,367,0.43,0.38,2026-06-22,845,N20,VIIRS,l,2.0NRT,325.31,1.11,D
37.03197,62.41521,318.71,0.61,0.53,2026-06-22,2106,N20,VIIRS,n,2.0NRT,296.47,3.74,N
37.0369,62.41579,316.3,0.61,0.53,2026-06-22,2106,N20,VIIRS,n,2.0NRT,297.64,3.62,N
27.66623,76.13123,307.74,0.44,0.46,2026-06-22,2108,N20,VIIRS,n,2.0NRT,293.96,1.76,N
28.2039,68.63475,324.18,0.39,0.36,2026-06-22,2108,N20,VIIRS,n,2.0NRT,297.89,1.85,N
28.31988,67.80472,311.33,0.41,0.37,2026-06-22,2108,N20,VIIRS,n,2.0NRT,297.11,0.86,N
28.37422,77.22603,306.13,0.5,0.49,2026-06-22,2108,N20,VIIRS,n,2.0NRT,294,1.36,N
28.47811,68.25436,311.21,0.4,0.37,2026-06-22,2108,N20,VIIRS,n,2.0NRT,297.45,0.75,N
28.74497,76.92742,305.49,0.47,0.48,2026-06-22,2108,N20,VIIRS,n,2.0NRT,293.12,1.06,N
28.88262,77.03226,309.03,0.47,0.48,2026-06-22,2108,N20,VIIRS,n,2.0NRT,293.55,1.13,N
29.47672,76.8589,308.21,0.45,0.47,2026-06-22,2108,N20,VIIRS,n,2.0NRT,295.25,2.44,N
30.8397,73.45079,316.23,0.44,0.38,2026-06-22,2108,N20,VIIRS,n,2.0NRT,291.23,3.14,N
30.84318,73.45164,321.3,0.44,0.38,2026-06-22,2108,N20,VIIRS,n,2.0NRT,294.38,3.45,N
30.93583,77.82563,306.61,0.48,0.48,2026-06-22,2108,N20,VIIRS,n,2.0NRT,287.73,1.74,N
30.95368,77.33708,299.05,0.45,0.47,2026-06-22,2108,N20,VIIRS,n,2.0NRT,286.77,1.1,N
31.26152,76.92533,304.43,0.42,0.45,2026-06-22,2108,N20,VIIRS,n,2.0NRT,289.23,0.8,N
31.29112,77.34846,305.25,0.44,0.46,2026-06-22,2108,N20,VIIRS,n,2.0NRT,287.63,1.4,N
31.29194,77.34457,313.8,0.44,0.46,2026-06-22,2108,N20,VIIRS,n,2.0NRT,288.33,1.4,N
31.30522,77.28212,299.81,0.44,0.46,2026-06-22,2108,N20,VIIRS,n,2.0NRT,287.3,1.61,N
31.30606,77.27821,310.75,0.44,0.46,2026-06-22,2108,N20,VIIRS,n,2.0NRT,287.77,1.61,N
31.30941,77.28304,311.58,0.44,0.46,2026-06-22,2108,N20,VIIRS,n,2.0NRT,287.35,1.61,N
31.31026,77.27904,324.32,0.44,0.46,2026-06-22,2108,N20,VIIRS,n,2.0NRT,287.35,1.61,N
31.32709,76.89386,301.1,0.42,0.45,2026-06-22,2108,N20,VIIRS,n,2.0NRT,289.08,0.47,N
31.32787,76.89514,301.83,0.42,0.45,2026-06-22,2108,N20,VIIRS,n,2.0NRT,289.83,0.71,N
31.3294,77.37561,298.7,0.44,0.46,2026-06-22,2108,N20,VIIRS,n,2.0NRT,286.82,3.88,N
31.33283,77.3802,298.06,0.44,0.46,2026-06-22,2108,N20,VIIRS,n,2.0NRT,286.63,4.09,N
31.33345,77.37739,343.98,0.44,0.46,2026-06-22,2108,N20,VIIRS,n,2.0NRT,288.02,5.61,N
31.33365,77.3763,337.44,0.44,0.46,2026-06-22,2108,N20,VIIRS,n,2.0NRT,289.03,3.88,N
31.59697,76.55398,313.3,0.39,0.44,2026-06-22,2108,N20,VIIRS,n,2.0NRT,291.19,1.77,N
31.63427,76.54323,313.89,0.39,0.44,2026-06-22,2108,N20,VIIRS,n,2.0NRT,291.38,1.56,N
31.79041,77.01215,297.1,0.41,0.45,2026-06-22,2108,N20,VIIRS,n,2.0NRT,285.72,0.21,N
32.00459,73.65844,328.82,0.43,0.38,2026-06-22,2108,N20,VIIRS,n,2.0NRT,295.74,1.86,N
32.08671,74.16449,310.29,0.45,0.39,2026-06-22,2108,N20,VIIRS,n,2.0NRT,296.86,2.76,N
32.0868,74.16663,307.91,0.45,0.39,2026-06-22,2108,N20,VIIRS,n,2.0NRT,296.65,1.58,N
32.08766,74.16193,310.4,0.45,0.39,2026-06-22,2108,N20,VIIRS,n,2.0NRT,296.62,1.58,N
32.19601,76.31531,300.74,0.56,0.43,2026-06-22,2108,N20,VIIRS,n,2.0NRT,289.8,0.69,N
32.29183,70.73849,318.24,0.38,0.36,2026-06-22,2108,N20,VIIRS,n,2.0NRT,299.19,3.2,N
32.2931,70.73042,316.25,0.38,0.36,2026-06-22,2108,N20,VIIRS,n,2.0NRT,298.78,2.39,N
32.43244,76.03453,300.2,0.54,0.42,2026-06-22,2108,N20,VIIRS,n,2.0NRT,288.64,0.91,N
32.57526,72.56569,307.73,0.4,0.37,2026-06-22,2108,N20,VIIRS,n,2.0NRT,296.12,2.21,N
32.60012,70.3094,305.44,0.39,0.36,2026-06-22,2108,N20,VIIRS,n,2.0NRT,293.3,0.61,N
32.64272,72.97673,309.01,0.41,0.37,2026-06-22,2108,N20,VIIRS,n,2.0NRT,295.79,2.22,N
32.72203,72.9235,309.03,0.41,0.37,2026-06-22,2108,N20,VIIRS,n,2.0NRT,293.81,1.25,N
32.72497,75.2459,311.11,0.49,0.4,2026-06-22,2108,N20,VIIRS,n,2.0NRT,292.04,1.56,N
32.72637,72.81793,309.03,0.4,0.37,2026-06-22,2108,N20,VIIRS,n,2.0NRT,294.32,1.34,N
32.7287,75.24633,316.84,0.49,0.4,2026-06-22,2108,N20,VIIRS,n,2.0NRT,292.49,1.56,N
32.72958,75.24179,305.51,0.49,0.4,2026-06-22,2108,N20,VIIRS,n,2.0NRT,291.88,1.81,N
32.89029,71.61964,310.79,0.39,0.36,2026-06-22,2108,N20,VIIRS,n,2.0NRT,295.82,1.84,N
32.94754,74.59425,314.22,0.46,0.39,2026-06-22,2108,N20,VIIRS,n,2.0NRT,292.35,0.92,N
32.94844,74.58945,303.82,0.46,0.39,2026-06-22,2108,N20,VIIRS,n,2.0NRT,291.58,0.92,N
33.1016,74.0223,329.38,0.43,0.38,2026-06-22,2108,N20,VIIRS,n,2.0NRT,293.04,3.39,N
33.10397,74.02145,321.52,0.43,0.38,2026-06-22,2108,N20,VIIRS,n,2.0NRT,292.54,3.23,N
33.10925,74.01994,314.93,0.43,0.38,2026-06-22,2108,N20,VIIRS,n,2.0NRT,292.68,1.37,N
33.11009,74.01539,322.95,0.43,0.38,2026-06-22,2108,N20,VIIRS,n,2.0NRT,293.32,2.38,N
33.11094,74.0108,337.5,0.43,0.38,2026-06-22,2108,N20,VIIRS,n,2.0NRT,293.86,2.38,N
33.11435,74.01183,307.12,0.43,0.38,2026-06-22,2108,N20,VIIRS,n,2.0NRT,292,2.38,N
33.21061,74.16422,305.53,0.44,0.38,2026-06-22,2108,N20,VIIRS,n,2.0NRT,290.32,1.29,N
33.2347,71.51632,306.82,0.39,0.36,2026-06-22,2108,N20,VIIRS,n,2.0NRT,293.55,1.06,N
33.27921,73.84854,303.24,0.43,0.38,2026-06-22,2108,N20,VIIRS,n,2.0NRT,291.44,0.73,N
33.4076,71.94113,310.04,0.39,0.36,2026-06-22,2108,N20,VIIRS,n,2.0NRT,294.22,1.23,N
33.53833,73.9059,315.47,0.43,0.38,2026-06-22,2108,N20,VIIRS,n,2.0NRT,291.16,2.21,N
33.54259,73.90208,326.46,0.43,0.38,2026-06-22,2108,N20,VIIRS,n,2.0NRT,290.92,2.54,N
33.54653,71.54922,308.46,0.38,0.36,2026-06-22,2108,N20,VIIRS,n,2.0NRT,294.71,1.02,N
33.67913,73.98441,305.25,0.43,0.38,2026-06-22,2108,N20,VIIRS,n,2.0NRT,289.41,0.59,N
33.67994,73.98,302.23,0.43,0.38,2026-06-22,2108,N20,VIIRS,n,2.0NRT,289.91,0.53,N
33.68604,73.98583,303.64,0.43,0.38,2026-06-22,2108,N20,VIIRS,n,2.0NRT,289.02,0.25,N
33.68824,72.71148,303.18,0.4,0.37,2026-06-22,2108,N20,VIIRS,n,2.0NRT,291.99,0.82,N
33.78586,72.60375,314.52,0.39,0.36,2026-06-22,2108,N20,VIIRS,n,2.0NRT,292.93,1.05,N
33.78657,72.59956,309.8,0.39,0.36,2026-06-22,2108,N20,VIIRS,n,2.0NRT,293.16,1.82,N
33.78916,72.60461,306.02,0.39,0.36,2026-06-22,2108,N20,VIIRS,n,2.0NRT,292.86,1.05,N
33.84975,72.87185,311.18,0.4,0.37,2026-06-22,2108,N20,VIIRS,n,2.0NRT,292.97,1.34,N
34.24949,71.48106,308.55,0.38,0.36,2026-06-22,2108,N20,VIIRS,n,2.0NRT,293.4,1.45,N
34.31969,73.00049,301.34,0.4,0.37,2026-06-22,2108,N20,VIIRS,n,2.0NRT,289.53,0.64,N
35.23568,71.343,301.2,0.38,0.36,2026-06-22,2108,N20,VIIRS,n,2.0NRT,287.19,0.68,N
36.47974,61.62178,307.71,0.33,0.55,2026-06-22,2108,N20,VIIRS,n,2.0NRT,295.94,2.66,N
36.49026,61.61911,308.17,0.33,0.55,2026-06-22,2108,N20,VIIRS,n,2.0NRT,295.4,0.75,N
36.49274,61.61925,305.06,0.33,0.56,2026-06-22,2108,N20,VIIRS,n,2.0NRT,294.77,0.63,N
23.69057,68.83242,308.65,0.38,0.36,2026-06-22,2110,N20,VIIRS,n,2.0NRT,296.21,2.31,N
24.66003,74.63452,308.45,0.41,0.45,2026-06-22,2110,N20,VIIRS,n,2.0NRT,295.83,1.99,N
24.69172,73.00367,310.11,0.5,0.41,2026-06-22,2110,N20,VIIRS,n,2.0NRT,297.18,3.44,N
24.8225,73.09648,309.77,0.51,0.41,2026-06-22,2110,N20,VIIRS,n,2.0NRT,296.46,3.42,N
24.93436,74.635,307.07,0.41,0.45,2026-06-22,2110,N20,VIIRS,n,2.0NRT,295.48,0.8,N
25.05298,67.49548,318.77,0.4,0.37,2026-06-22,2110,N20,VIIRS,n,2.0NRT,298.28,2.81,N
25.15776,67.70517,309.43,0.39,0.36,2026-06-22,2110,N20,VIIRS,n,2.0NRT,296.39,1.97,N
25.38698,68.58241,309.18,0.38,0.36,2026-06-22,2110,N20,VIIRS,n,2.0NRT,297.4,0.72,N
25.71431,72.88446,308.81,0.48,0.4,2026-06-22,2110,N20,VIIRS,n,2.0NRT,297.88,1.64,N
25.71518,72.87974,322.3,0.48,0.4,2026-06-22,2110,N20,VIIRS,n,2.0NRT,298.37,2.05,N
25.91465,68.66721,324.85,0.38,0.36,2026-06-22,2110,N20,VIIRS,n,2.0NRT,297.93,1.13,N
25.94197,72.19379,310.34,0.45,0.39,2026-06-22,2110,N20,VIIRS,n,2.0NRT,298.3,1.09,N
26.09571,68.88033,307.68,0.38,0.36,2026-06-22,2110,N20,VIIRS,n,2.0NRT,297.46,0.61,N
26.25759,74.0953,308.77,0.54,0.42,2026-06-22,2110,N20,VIIRS,n,2.0NRT,296.27,2.62,N
26.87716,73.51385,307.75,0.5,0.41,2026-06-22,2110,N20,VIIRS,n,2.0NRT,296.87,1.02,N
26.88084,73.5147,307.66,0.5,0.41,2026-06-22,2110,N20,VIIRS,n,2.0NRT,297.23,1.02,N
26.92766,73.46946,307.21,0.49,0.41,2026-06-22,2110,N20,VIIRS,n,2.0NRT,297.18,1.31,N
27.2553,68.02611,311.41,0.4,0.37,2026-06-22,2110,N20,VIIRS,n,2.0NRT,298.02,0.51,N
27.81518,67.81389,309.56,0.4,0.37,2026-06-22,2110,N20,VIIRS,n,2.0NRT,297.85,0.98,N
28.10304,67.82687,319.04,0.4,0.37,2026-06-22,2110,N20,VIIRS,n,2.0NRT,297.48,1.24,N
37.03092,62.41844,316.67,0.6,0.7,2026-06-22,2246,N20,VIIRS,n,2.0NRT,293.72,3.23,N
37.0323,62.41934,322.97,0.6,0.7,2026-06-22,2246,N20,VIIRS,n,2.0NRT,294.72,4.13,N
23.65487,74.42106,338.6,0.41,0.37,2026-06-23,824,N20,VIIRS,n,2.0NRT,306.84,6.33,D
23.65997,73.50748,341.01,0.39,0.36,2026-06-23,824,N20,VIIRS,n,2.0NRT,307.34,6.02,D
23.66987,70.90791,343.74,0.4,0.37,2026-06-23,824,N20,VIIRS,n,2.0NRT,306.41,8.82,D
23.67874,74.04182,339.88,0.4,0.37,2026-06-23,824,N20,VIIRS,n,2.0NRT,309.01,7.05,D
23.68211,74.04128,349.68,0.4,0.37,2026-06-23,824,N20,VIIRS,n,2.0NRT,309.37,11.5,D
24.27237,73.35856,337.17,0.39,0.36,2026-06-23,824,N20,VIIRS,l,2.0NRT,308.53,3.84,D
24.78449,77.19917,334.74,0.55,0.43,2026-06-23,824,N20,VIIRS,l,2.0NRT,305.65,6.77,D
24.99678,75.18616,337.63,0.45,0.39,2026-06-23,824,N20,VIIRS,n,2.0NRT,306.19,5.94,D
24.99998,75.18672,348.01,0.45,0.39,2026-06-23,824,N20,VIIRS,n,2.0NRT,306.57,10.82,D
25.0041,75.19055,350.99,0.45,0.39,2026-06-23,824,N20,VIIRS,n,2.0NRT,305.86,7.41,D
25.00467,75.19495,345.43,0.45,0.39,2026-06-23,824,N20,VIIRS,n,2.0NRT,304.68,7.41,D
25.00505,75.1938,345.27,0.45,0.39,2026-06-23,824,N20,VIIRS,n,2.0NRT,305.61,11.57,D
25.00627,75.23528,339.66,0.45,0.39,2026-06-23,824,N20,VIIRS,n,2.0NRT,305.63,5.3,D
25.00685,75.23408,337.67,0.45,0.39,2026-06-23,824,N20,VIIRS,n,2.0NRT,305.25,4.01,D
25.00764,75.18998,348.91,0.45,0.39,2026-06-23,824,N20,VIIRS,n,2.0NRT,305.91,6.33,D
25.00821,75.19438,347.95,0.45,0.39,2026-06-23,824,N20,VIIRS,n,2.0NRT,306.69,6.33,D
25.31355,75.32117,336.76,0.45,0.39,2026-06-23,824,N20,VIIRS,n,2.0NRT,305.99,7.67,D
25.46712,73.08424,344.74,0.39,0.36,2026-06-23,824,N20,VIIRS,n,2.0NRT,311.74,10.73,D
25.57139,76.05631,346.64,0.49,0.41,2026-06-23,824,N20,VIIRS,n,2.0NRT,306.65,12.04,D
25.76178,75.44393,346.08,0.46,0.39,2026-06-23,824,N20,VIIRS,n,2.0NRT,308.55,12.08,D
26.02434,73.66769,341.42,0.4,0.37,2026-06-23,824,N20,VIIRS,n,2.0NRT,310,8.38,D
26.28736,75.19103,341.18,0.46,0.39,2026-06-23,824,N20,VIIRS,n,2.0NRT,307.85,13.63,D
28.02871,72.57956,347.05,0.39,0.36,2026-06-23,824,N20,VIIRS,n,2.0NRT,316.01,17.54,D
28.20025,77.61732,336.63,0.43,0.46,2026-06-23,824,N20,VIIRS,n,2.0NRT,305.01,3.2,D
28.20087,77.61758,335.92,0.43,0.46,2026-06-23,824,N20,VIIRS,n,2.0NRT,304.62,3.29,D
28.88679,77.18929,332.68,0.41,0.45,2026-06-23,824,N20,VIIRS,n,2.0NRT,300.76,3.06,D
29.58673,77.07235,342.64,0.41,0.45,2026-06-23,826,N20,VIIRS,n,2.0NRT,303.85,3.33,D
29.59611,72.06526,331.65,0.39,0.36,2026-06-23,826,N20,VIIRS,n,2.0NRT,301,2.17,D
29.63032,77.01003,332.65,0.41,0.45,2026-06-23,826,N20,VIIRS,n,2.0NRT,300.54,1.76,D
29.63293,77.01098,331.89,0.41,0.45,2026-06-23,826,N20,VIIRS,n,2.0NRT,301.41,0.79,D
29.63666,72.37385,331.89,0.4,0.37,2026-06-23,826,N20,VIIRS,n,2.0NRT,301.08,0.83,D
29.63838,72.38609,335.89,0.4,0.37,2026-06-23,826,N20,VIIRS,n,2.0NRT,302.22,1.93,D
29.71802,71.96796,339.45,0.39,0.36,2026-06-23,826,N20,VIIRS,n,2.0NRT,304.33,2.16,D
29.72488,72.55966,340.19,0.4,0.37,2026-06-23,826,N20,VIIRS,n,2.0NRT,303.87,3.8,D
29.76327,72.09192,331.48,0.39,0.36,2026-06-23,826,N20,VIIRS,l,2.0NRT,302.76,2.82,D
29.76614,71.97573,333.8,0.39,0.36,2026-06-23,826,N20,VIIRS,l,2.0NRT,304.52,3.9,D
29.76672,71.97975,338.2,0.39,0.36,2026-06-23,826,N20,VIIRS,n,2.0NRT,304,3.76,D
29.79612,72.46653,337.32,0.4,0.37,2026-06-23,826,N20,VIIRS,n,2.0NRT,302.86,2.62,D
29.8238,72.40712,338.34,0.4,0.37,2026-06-23,826,N20,VIIRS,n,2.0NRT,304.13,2.94,D
29.85042,72.35169,340.11,0.4,0.37,2026-06-23,826,N20,VIIRS,n,2.0NRT,309.24,31.24,D
29.85342,72.08364,340.55,0.39,0.36,2026-06-23,826,N20,VIIRS,n,2.0NRT,303.87,2.89,D
29.85683,72.01241,338.24,0.39,0.36,2026-06-23,826,N20,VIIRS,n,2.0NRT,303.49,4,D
29.86242,72.29069,338.95,0.4,0.37,2026-06-23,826,N20,VIIRS,n,2.0NRT,303.42,2.99,D
29.86583,72.02731,343.81,0.39,0.36,2026-06-23,826,N20,VIIRS,n,2.0NRT,308.08,14.02,D
29.87915,72.19131,338.38,0.4,0.37,2026-06-23,826,N20,VIIRS,n,2.0NRT,303.62,2.13,D
29.88497,72.23204,337.5,0.4,0.37,2026-06-23,826,N20,VIIRS,n,2.0NRT,305.62,1.31,D
29.88535,72.40416,333.35,0.4,0.37,2026-06-23,826,N20,VIIRS,n,2.0NRT,303.29,2.56,D
29.88687,72.26936,339.38,0.4,0.37,2026-06-23,826,N20,VIIRS,n,2.0NRT,304.45,3.55,D
29.89236,72.60201,340.7,0.4,0.37,2026-06-23,826,N20,VIIRS,n,2.0NRT,305.51,5.55,D
29.89448,72.56757,334.4,0.4,0.37,2026-06-23,826,N20,VIIRS,l,2.0NRT,304.77,2.31,D
29.89506,72.57172,335.47,0.4,0.37,2026-06-23,826,N20,VIIRS,n,2.0NRT,303.13,2.31,D
29.89515,72.25525,337.85,0.4,0.37,2026-06-23,826,N20,VIIRS,n,2.0NRT,303.78,2.14,D
29.89843,72.5711,335.99,0.4,0.37,2026-06-23,826,N20,VIIRS,n,2.0NRT,304.08,4.64,D
29.899,72.57526,340.35,0.4,0.37,2026-06-23,826,N20,VIIRS,n,2.0NRT,305.39,5.2,D
29.90667,72.10355,343.34,0.39,0.36,2026-06-23,826,N20,VIIRS,n,2.0NRT,307.29,12.33,D
29.90723,71.91665,345.83,0.39,0.36,2026-06-23,826,N20,VIIRS,n,2.0NRT,307.72,23.03,D
29.90767,72.39159,334.17,0.4,0.37,2026-06-23,826,N20,VIIRS,n,2.0NRT,302.72,2.09,D
29.90781,71.92067,340.86,0.39,0.36,2026-06-23,826,N20,VIIRS,n,2.0NRT,304.02,6.98,D
29.91334,72.1023,336.98,0.39,0.36,2026-06-23,826,N20,VIIRS,n,2.0NRT,302.73,2.02,D
29.92854,72.41728,346.17,0.4,0.37,2026-06-23,826,N20,VIIRS,n,2.0NRT,305.53,19.44,D
29.92949,72.33793,335.15,0.4,0.37,2026-06-23,826,N20,VIIRS,n,2.0NRT,303.48,2.36,D
29.92999,72.47621,340.06,0.4,0.37,2026-06-23,826,N20,VIIRS,n,2.0NRT,306.02,3.77,D
29.93034,72.41787,349.53,0.4,0.37,2026-06-23,826,N20,VIIRS,n,2.0NRT,303.56,6.85,D
29.94394,72.3184,340.49,0.4,0.37,2026-06-23,826,N20,VIIRS,n,2.0NRT,304.83,4.6,D
29.94494,72.17982,340.21,0.4,0.37,2026-06-23,826,N20,VIIRS,n,2.0NRT,305.02,4.16,D
29.9518,72.32536,337.05,0.4,0.37,2026-06-23,826,N20,VIIRS,n,2.0NRT,303.89,2.51,D
29.95827,72.08135,340.64,0.39,0.36,2026-06-23,826,N20,VIIRS,n,2.0NRT,303.79,5.04,D
29.96185,71.29472,335.14,0.39,0.36,2026-06-23,826,N20,VIIRS,n,2.0NRT,304.02,0.83,D
29.96248,72.47541,333.99,0.4,0.37,2026-06-23,826,N20,VIIRS,l,2.0NRT,304.61,3.12,D
29.96438,72.53873,336.58,0.4,0.37,2026-06-23,826,N20,VIIRS,n,2.0NRT,303.62,2.02,D
29.96933,72.25486,336.48,0.4,0.37,2026-06-23,826,N20,VIIRS,n,2.0NRT,302.65,1.71,D
29.97267,72.25424,334.63,0.4,0.37,2026-06-23,826,N20,VIIRS,n,2.0NRT,303.01,1.71,D
29.97365,72.76269,331.02,0.41,0.37,2026-06-23,826,N20,VIIRS,l,2.0NRT,303.87,1.28,D
29.9763,72.57486,330.96,0.4,0.37,2026-06-23,826,N20,VIIRS,l,2.0NRT,302.71,1.01,D
29.9793,72.47231,338.03,0.4,0.37,2026-06-23,826,N20,VIIRS,n,2.0NRT,306.06,3.21,D
29.98428,72.60751,333.11,0.4,0.37,2026-06-23,826,N20,VIIRS,l,2.0NRT,303.77,1.8,D
29.98557,72.36964,341.19,0.4,0.37,2026-06-23,826,N20,VIIRS,n,2.0NRT,302.96,2.72,D
29.98777,72.16763,341.29,0.4,0.37,2026-06-23,826,N20,VIIRS,n,2.0NRT,306.96,2.88,D
29.98891,72.36903,334.03,0.4,0.37,2026-06-23,826,N20,VIIRS,l,2.0NRT,305.01,2.72,D
29.98896,72.27219,335.85,0.4,0.37,2026-06-23,826,N20,VIIRS,n,2.0NRT,304.96,3.34,D
29.992,72.56345,339.06,0.4,0.37,2026-06-23,826,N20,VIIRS,n,2.0NRT,305.29,6.73,D
29.99538,72.56284,351.95,0.4,0.37,2026-06-23,826,N20,VIIRS,n,2.0NRT,306.54,6.73,D
30.00656,73.02575,332.8,0.41,0.37,2026-06-23,826,N20,VIIRS,l,2.0NRT,303.88,2.59,D
30.00672,72.25209,341.98,0.4,0.37,2026-06-23,826,N20,VIIRS,n,2.0NRT,303.65,3.95,D
30.00775,72.72747,344.46,0.41,0.37,2026-06-23,826,N20,VIIRS,n,2.0NRT,305.59,4.65,D
30.01513,72.58054,332.1,0.4,0.37,2026-06-23,826,N20,VIIRS,l,2.0NRT,303.49,1.89,D
30.01781,72.55021,336.9,0.4,0.37,2026-06-23,826,N20,VIIRS,n,2.0NRT,305.94,2.77,D
30.01823,72.65263,338.7,0.4,0.37,2026-06-23,826,N20,VIIRS,n,2.0NRT,304.5,4.54,D
30.02909,72.55666,334.05,0.4,0.37,2026-06-23,826,N20,VIIRS,l,2.0NRT,304.56,1.74,D
30.05881,72.51352,341.5,0.4,0.37,2026-06-23,826,N20,VIIRS,n,2.0NRT,303.39,3.49,D
30.07145,72.30785,339.39,0.4,0.37,2026-06-23,826,N20,VIIRS,n,2.0NRT,304.15,3.53,D
30.07363,73.21339,338.1,0.42,0.38,2026-06-23,826,N20,VIIRS,n,2.0NRT,307.64,3.81,D
30.08068,73.03123,343.92,0.41,0.37,2026-06-23,826,N20,VIIRS,n,2.0NRT,304.13,3.9,D
30.09228,72.60556,339.7,0.4,0.37,2026-06-23,826,N20,VIIRS,n,2.0NRT,303.83,3.16,D
30.11801,73.09936,332.31,0.42,0.37,2026-06-23,826,N20,VIIRS,l,2.0NRT,303.41,1.77,D
30.12587,72.92779,333.04,0.41,0.37,2026-06-23,826,N20,VIIRS,l,2.0NRT,303.17,1.66,D
30.12697,72.91015,347.12,0.41,0.37,2026-06-23,826,N20,VIIRS,n,2.0NRT,306.65,7.84,D
30.12813,72.91866,336.9,0.41,0.37,2026-06-23,826,N20,VIIRS,n,2.0NRT,304.74,3.06,D
30.13133,73.14556,333,0.42,0.38,2026-06-23,826,N20,VIIRS,l,2.0NRT,304.12,1.68,D
30.13158,72.94423,336.2,0.41,0.37,2026-06-23,826,N20,VIIRS,n,2.0NRT,304.92,4.96,D
30.13216,72.94849,334.59,0.41,0.37,2026-06-23,826,N20,VIIRS,n,2.0NRT,302.48,2.78,D
30.13251,73.15421,338.95,0.42,0.38,2026-06-23,826,N20,VIIRS,n,2.0NRT,303.8,2.66,D
30.14128,72.48557,338.55,0.4,0.37,2026-06-23,826,N20,VIIRS,n,2.0NRT,304.16,4.31,D
30.14355,72.95519,338.5,0.41,0.37,2026-06-23,826,N20,VIIRS,n,2.0NRT,303.5,2.57,D
30.15169,72.81007,340.34,0.41,0.37,2026-06-23,826,N20,VIIRS,n,2.0NRT,303.54,2.82,D
30.15178,72.20545,337.41,0.4,0.37,2026-06-23,826,N20,VIIRS,n,2.0NRT,303.36,1.25,D
30.15199,72.91437,343.7,0.41,0.37,2026-06-23,826,N20,VIIRS,n,2.0NRT,306.38,4.71,D
30.15285,72.81853,346.38,0.41,0.37,2026-06-23,826,N20,VIIRS,n,2.0NRT,306.16,5.71,D
30.15625,72.81791,337.86,0.41,0.37,2026-06-23,826,N20,VIIRS,n,2.0NRT,302.09,3.42,D
30.16098,72.87788,343.77,0.41,0.37,2026-06-23,826,N20,VIIRS,n,2.0NRT,306.13,5.59,D
30.1633,73.40796,340.61,0.43,0.38,2026-06-23,826,N20,VIIRS,n,2.0NRT,307.69,6.4,D
30.16798,73.29588,341.79,0.42,0.38,2026-06-23,826,N20,VIIRS,n,2.0NRT,304.95,5.93,D
30.17877,72.77917,340.7,0.41,0.37,2026-06-23,826,N20,VIIRS,n,2.0NRT,302.66,2.04,D
30.18063,72.81784,339.67,0.41,0.37,2026-06-23,826,N20,VIIRS,n,2.0NRT,301.64,2.75,D
30.18216,72.77856,332.18,0.41,0.37,2026-06-23,826,N20,VIIRS,n,2.0NRT,301.73,2.04,D
30.20049,73.14313,337.49,0.42,0.38,2026-06-23,826,N20,VIIRS,n,2.0NRT,304.32,2.28,D
30.20067,73.22311,339.25,0.42,0.38,2026-06-23,826,N20,VIIRS,n,2.0NRT,307.19,3.24,D
30.20645,73.03165,336.33,0.42,0.37,2026-06-23,826,N20,VIIRS,n,2.0NRT,305.99,1.23,D
30.21158,72.2153,334.8,0.4,0.37,2026-06-23,826,N20,VIIRS,l,2.0NRT,305.03,2.71,D
30.2117,73.27924,344.34,0.42,0.38,2026-06-23,826,N20,VIIRS,n,2.0NRT,310.87,11.03,D
30.21945,73.44453,342.17,0.43,0.38,2026-06-23,826,N20,VIIRS,n,2.0NRT,309.59,6.24,D
30.22789,73.11169,338.1,0.42,0.37,2026-06-23,826,N20,VIIRS,n,2.0NRT,305.38,2.24,D
30.22827,72.50473,337.54,0.4,0.37,2026-06-23,826,N20,VIIRS,n,2.0NRT,304.17,2.54,D
30.2373,73.18102,336.73,0.42,0.38,2026-06-23,826,N20,VIIRS,n,2.0NRT,306.16,2.02,D
30.2426,73.22016,336.17,0.42,0.38,2026-06-23,826,N20,VIIRS,n,2.0NRT,303.72,1.26,D
30.24862,72.52663,338.73,0.4,0.37,2026-06-23,826,N20,VIIRS,n,2.0NRT,303.98,2.92,D
30.24917,72.80669,330.24,0.41,0.37,2026-06-23,826,N20,VIIRS,l,2.0NRT,303.12,1.74,D
30.252,72.52601,341.33,0.4,0.37,2026-06-23,826,N20,VIIRS,n,2.0NRT,306.51,8.65,D
30.25447,72.87103,338.59,0.41,0.37,2026-06-23,826,N20,VIIRS,n,2.0NRT,304.33,2.91,D
30.25574,73.37035,338.76,0.43,0.38,2026-06-23,826,N20,VIIRS,n,2.0NRT,308.41,3.59,D
30.26815,73.18147,337.22,0.42,0.38,2026-06-23,826,N20,VIIRS,n,2.0NRT,306.07,2.22,D
30.27107,73.25687,335.99,0.42,0.38,2026-06-23,826,N20,VIIRS,n,2.0NRT,305.84,4.18,D
30.28143,72.66232,332.82,0.41,0.37,2026-06-23,826,N20,VIIRS,n,2.0NRT,301.75,1.84,D
30.28715,72.95704,334,0.41,0.37,2026-06-23,826,N20,VIIRS,n,2.0NRT,303.9,0.95,D
30.2876,73.14243,342.5,0.42,0.38,2026-06-23,826,N20,VIIRS,n,2.0NRT,306.58,9.26,D
30.2908,73.47298,342.83,0.43,0.38,2026-06-23,826,N20,VIIRS,n,2.0NRT,308.1,6.12,D
30.29243,73.47437,348.23,0.43,0.38,2026-06-23,826,N20,VIIRS,n,2.0NRT,306.77,5.37,D
30.30738,73.29085,339.75,0.42,0.38,2026-06-23,826,N20,VIIRS,n,2.0NRT,308.22,4.51,D
30.3153,73.21774,340.43,0.42,0.38,2026-06-23,826,N20,VIIRS,n,2.0NRT,306.87,3.83,D
30.31913,73.14129,338.64,0.42,0.38,2026-06-23,826,N20,VIIRS,n,2.0NRT,306.51,6.07,D
30.31914,73.57032,349.6,0.43,0.38,2026-06-23,826,N20,VIIRS,n,2.0NRT,306.95,6.31,D
30.32147,73.15867,342.71,0.42,0.38,2026-06-23,826,N20,VIIRS,n,2.0NRT,309.53,4.05,D
30.32968,73.21968,338.21,0.42,0.38,2026-06-23,826,N20,VIIRS,n,2.0NRT,305.51,5.21,D
30.33094,73.07264,334.87,0.42,0.37,2026-06-23,826,N20,VIIRS,l,2.0NRT,305.65,1.8,D
30.33359,72.70905,335.75,0.41,0.37,2026-06-23,826,N20,VIIRS,n,2.0NRT,302.37,1.77,D
30.33867,72.95238,336.14,0.41,0.37,2026-06-23,826,N20,VIIRS,n,2.0NRT,306.08,4.37,D
30.34969,71.9509,341.27,0.39,0.36,2026-06-23,826,N20,VIIRS,n,2.0NRT,304.56,3.63,D
30.36218,73.30371,336.36,0.42,0.38,2026-06-23,826,N20,VIIRS,l,2.0NRT,306.89,2.2,D
30.3637,72.93031,343.84,0.41,0.37,2026-06-23,826,N20,VIIRS,n,2.0NRT,308.66,15.29,D
30.37281,73.6255,336.92,0.44,0.38,2026-06-23,826,N20,VIIRS,n,2.0NRT,306.38,2.44,D
30.37887,73.09538,339.25,0.42,0.38,2026-06-23,826,N20,VIIRS,n,2.0NRT,307.79,5.19,D
30.37945,73.09972,348.38,0.42,0.38,2026-06-23,826,N20,VIIRS,n,2.0NRT,307.21,7.95,D
30.38307,76.00192,330.33,0.56,0.43,2026-06-23,826,N20,VIIRS,l,2.0NRT,305.07,2.27,D
30.38367,76.0034,332.01,0.56,0.43,2026-06-23,826,N20,VIIRS,n,2.0NRT,304.57,2.78,D
30.38596,73.28188,339.71,0.42,0.38,2026-06-23,826,N20,VIIRS,n,2.0NRT,306.2,4.23,D
30.38637,73.12517,339.39,0.42,0.38,2026-06-23,826,N20,VIIRS,n,2.0NRT,307.9,3.42,D
30.38719,72.97448,348.49,0.42,0.37,2026-06-23,826,N20,VIIRS,n,2.0NRT,309.37,12.23,D
30.39081,73.05334,339.38,0.42,0.37,2026-06-23,826,N20,VIIRS,n,2.0NRT,306.77,2.96,D
30.39464,73.42971,337.24,0.43,0.38,2026-06-23,826,N20,VIIRS,l,2.0NRT,308.29,4.57,D
30.40149,73.65292,336.54,0.44,0.38,2026-06-23,826,N20,VIIRS,l,2.0NRT,307.52,4.25,D
30.41001,73.80055,339.29,0.44,0.38,2026-06-23,826,N20,VIIRS,n,2.0NRT,309.15,4.12,D
30.41521,72.84652,336.88,0.41,0.37,2026-06-23,826,N20,VIIRS,n,2.0NRT,305.5,3.3,D
30.41552,73.48081,338.76,0.43,0.38,2026-06-23,826,N20,VIIRS,n,2.0NRT,306.98,3.67,D
30.43122,73.6299,337.19,0.44,0.38,2026-06-23,826,N20,VIIRS,l,2.0NRT,307.43,4.89,D
30.43239,73.52827,343.17,0.43,0.38,2026-06-23,826,N20,VIIRS,n,2.0NRT,306.92,4.4,D
30.45222,73.79408,351.25,0.44,0.39,2026-06-23,826,N20,VIIRS,n,2.0NRT,311.47,12.94,D
30.45692,73.80267,335.44,0.44,0.39,2026-06-23,826,N20,VIIRS,n,2.0NRT,304.2,3,D
30.45985,73.62959,340.63,0.44,0.38,2026-06-23,826,N20,VIIRS,n,2.0NRT,307.77,3.92,D
30.46096,73.12975,337.91,0.42,0.38,2026-06-23,826,N20,VIIRS,n,2.0NRT,305.93,3.93,D
30.46307,73.436,336.97,0.43,0.38,2026-06-23,826,N20,VIIRS,l,2.0NRT,307.93,3.45,D
30.4631,73.12634,340.7,0.42,0.38,2026-06-23,826,N20,VIIRS,n,2.0NRT,307.69,4.92,D
30.46851,72.72472,337.54,0.41,0.37,2026-06-23,826,N20,VIIRS,n,2.0NRT,304.6,4.01,D
30.46909,72.72895,347.7,0.41,0.37,2026-06-23,826,N20,VIIRS,n,2.0NRT,305.19,4.01,D
30.4719,72.72409,338.21,0.41,0.37,2026-06-23,826,N20,VIIRS,n,2.0NRT,304.44,4.01,D
30.47249,72.72833,341.01,0.41,0.37,2026-06-23,826,N20,VIIRS,n,2.0NRT,303.85,4.01,D
30.47495,71.8064,348.49,0.39,0.36,2026-06-23,826,N20,VIIRS,n,2.0NRT,305.12,7.46,D
30.48062,73.30131,348.47,0.43,0.38,2026-06-23,826,N20,VIIRS,n,2.0NRT,308.13,7.78,D
30.48784,73.18008,352.01,0.42,0.38,2026-06-23,826,N20,VIIRS,n,2.0NRT,309.99,8.1,D
30.48865,72.31315,334.49,0.4,0.37,2026-06-23,826,N20,VIIRS,n,2.0NRT,302.52,2.16,D
30.49031,73.67075,331.78,0.44,0.38,2026-06-23,826,N20,VIIRS,l,2.0NRT,304.18,0.73,D
30.49138,72.1853,333.85,0.4,0.37,2026-06-23,826,N20,VIIRS,l,2.0NRT,305.19,2.1,D
30.49252,73.37785,338.28,0.43,0.38,2026-06-23,826,N20,VIIRS,l,2.0NRT,308.8,3.79,D
30.4926,73.41718,338.23,0.43,0.38,2026-06-23,826,N20,VIIRS,n,2.0NRT,308,2.83,D
30.49397,72.37611,333.18,0.4,0.37,2026-06-23,826,N20,VIIRS,n,2.0NRT,302.47,1.53,D
30.50163,72.33202,333.18,0.4,0.37,2026-06-23,826,N20,VIIRS,l,2.0NRT,304.32,1.8,D
30.50492,72.11094,335.87,0.4,0.37,2026-06-23,826,N20,VIIRS,n,2.0NRT,303.75,2.56,D
30.50913,73.7048,334.06,0.44,0.38,2026-06-23,826,N20,VIIRS,l,2.0NRT,304.62,2.23,D
30.52114,75.40934,336.21,0.52,0.42,2026-06-23,826,N20,VIIRS,n,2.0NRT,306.97,2.4,D
30.52326,73.50504,339.03,0.43,0.38,2026-06-23,826,N20,VIIRS,n,2.0NRT,306.87,3.07,D
30.5238,73.70694,336.02,0.44,0.38,2026-06-23,826,N20,VIIRS,n,2.0NRT,304.71,2.55,D
30.52406,73.60001,342.69,0.44,0.38,2026-06-23,826,N20,VIIRS,n,2.0NRT,307.93,4.66,D
30.52496,73.60162,346.97,0.44,0.38,2026-06-23,826,N20,VIIRS,n,2.0NRT,309.48,5.91,D
30.52552,73.69265,344.02,0.44,0.38,2026-06-23,826,N20,VIIRS,n,2.0NRT,307.91,6.39,D
30.52674,73.50443,339.27,0.43,0.38,2026-06-23,826,N20,VIIRS,n,2.0NRT,305.66,3.07,D
30.52855,72.83253,336.3,0.41,0.37,2026-06-23,826,N20,VIIRS,l,2.0NRT,307.06,2.85,D
30.52856,72.83167,335.19,0.41,0.37,2026-06-23,826,N20,VIIRS,l,2.0NRT,306.25,1.29,D
30.53244,73.88419,338.01,0.45,0.39,2026-06-23,826,N20,VIIRS,n,2.0NRT,305.7,3.73,D
30.53499,71.82497,335.5,0.39,0.36,2026-06-23,826,N20,VIIRS,n,2.0NRT,303.28,1.7,D
30.53869,76.14969,333.09,0.57,0.43,2026-06-23,826,N20,VIIRS,n,2.0NRT,302.26,3.23,D
30.53926,72.78242,337.43,0.41,0.37,2026-06-23,826,N20,VIIRS,n,2.0NRT,305.85,2.44,D
30.54133,73.89691,339.64,0.45,0.39,2026-06-23,826,N20,VIIRS,n,2.0NRT,306.51,1.98,D
30.54353,72.99195,339.52,0.42,0.37,2026-06-23,826,N20,VIIRS,n,2.0NRT,307.54,3.33,D
30.54539,73.67709,343.1,0.44,0.38,2026-06-23,826,N20,VIIRS,n,2.0NRT,314.84,33,D
30.54606,76.07067,334.17,0.56,0.43,2026-06-23,826,N20,VIIRS,n,2.0NRT,303.15,4.15,D
30.54672,76.07655,334.42,0.56,0.43,2026-06-23,826,N20,VIIRS,n,2.0NRT,302.87,5.73,D
30.54832,72.77204,333.88,0.41,0.37,2026-06-23,826,N20,VIIRS,l,2.0NRT,305.79,1.57,D
30.54891,73.67648,347.1,0.44,0.38,2026-06-23,826,N20,VIIRS,n,2.0NRT,305.85,33,D
30.55496,72.97757,342.66,0.42,0.37,2026-06-23,826,N20,VIIRS,n,2.0NRT,309.14,7.35,D
30.55813,73.47142,336.34,0.43,0.38,2026-06-23,826,N20,VIIRS,n,2.0NRT,305.61,2.77,D
30.55886,73.6981,340.33,0.44,0.38,2026-06-23,826,N20,VIIRS,n,2.0NRT,306.24,3.12,D
30.56163,72.87045,338.69,0.41,0.37,2026-06-23,826,N20,VIIRS,n,2.0NRT,307.52,6.67,D
30.56238,73.72557,345.1,0.44,0.38,2026-06-23,826,N20,VIIRS,n,2.0NRT,308.37,4.03,D
30.5628,73.47978,337.31,0.43,0.38,2026-06-23,826,N20,VIIRS,l,2.0NRT,308.91,2.62,D
30.56296,73.75829,334.25,0.44,0.38,2026-06-23,826,N20,VIIRS,l,2.0NRT,308.03,1.26,D
30.56528,73.60856,333.96,0.44,0.38,2026-06-23,826,N20,VIIRS,l,2.0NRT,306.6,3.87,D
30.56573,73.94513,340.79,0.45,0.39,2026-06-23,826,N20,VIIRS,n,2.0NRT,307.73,7.87,D
30.56626,72.90485,339.35,0.41,0.37,2026-06-23,826,N20,VIIRS,l,2.0NRT,309.94,4.92,D
30.56713,71.97803,344.94,0.39,0.37,2026-06-23,826,N20,VIIRS,n,2.0NRT,306.9,4.51,D
30.56809,73.94202,335.17,0.45,0.39,2026-06-23,826,N20,VIIRS,l,2.0NRT,308.31,8.63,D
30.56868,73.94668,337.53,0.45,0.39,2026-06-23,826,N20,VIIRS,n,2.0NRT,306.76,8.63,D
30.56928,73.94453,346.53,0.45,0.39,2026-06-23,826,N20,VIIRS,n,2.0NRT,308.42,7.87,D
30.57355,72.85512,338.17,0.41,0.37,2026-06-23,826,N20,VIIRS,l,2.0NRT,309.22,5.06,D
30.57465,73.90755,336.76,0.45,0.39,2026-06-23,826,N20,VIIRS,n,2.0NRT,305.92,3.56,D
30.57524,73.63006,339.78,0.44,0.38,2026-06-23,826,N20,VIIRS,n,2.0NRT,308.02,6.28,D
30.57722,72.75368,339.07,0.41,0.37,2026-06-23,826,N20,VIIRS,n,2.0NRT,304.8,3.89,D
30.57812,73.59706,344.7,0.44,0.38,2026-06-23,826,N20,VIIRS,n,2.0NRT,309.63,3.82,D
30.57941,73.85925,334.92,0.45,0.39,2026-06-23,826,N20,VIIRS,l,2.0NRT,307.87,4,D
30.58004,72.74881,339.4,0.41,0.37,2026-06-23,826,N20,VIIRS,n,2.0NRT,305.71,2.14,D
30.5817,73.65221,334.46,0.44,0.38,2026-06-23,826,N20,VIIRS,l,2.0NRT,307.48,3.97,D
30.58237,73.76907,346.38,0.44,0.39,2026-06-23,826,N20,VIIRS,n,2.0NRT,306.38,8.99,D
30.58526,73.96301,339.02,0.45,0.39,2026-06-23,826,N20,VIIRS,n,2.0NRT,307.43,3.15,D
30.5859,73.88187,332.97,0.45,0.39,2026-06-23,826,N20,VIIRS,l,2.0NRT,304.06,1.45,D
30.58853,73.53976,341.03,0.43,0.38,2026-06-23,826,N20,VIIRS,n,2.0NRT,306.84,9.28,D
30.59027,72.927,344.73,0.42,0.37,2026-06-23,826,N20,VIIRS,n,2.0NRT,309.25,6.73,D
30.59046,73.00668,339.5,0.42,0.37,2026-06-23,826,N20,VIIRS,n,2.0NRT,309.14,3.98,D
30.59115,73.42445,348.48,0.43,0.38,2026-06-23,826,N20,VIIRS,n,2.0NRT,309.35,5.9,D
30.59441,72.98378,340.48,0.42,0.37,2026-06-23,826,N20,VIIRS,n,2.0NRT,307.01,5.01,D
30.60117,73.74706,341.05,0.44,0.38,2026-06-23,826,N20,VIIRS,n,2.0NRT,306.96,6.2,D
30.60162,72.9073,339.43,0.41,0.37,2026-06-23,826,N20,VIIRS,n,2.0NRT,308.29,4.09,D
30.60337,73.65313,346.97,0.44,0.38,2026-06-23,826,N20,VIIRS,n,2.0NRT,308.28,6.15,D
30.60397,73.65769,336.98,0.44,0.38,2026-06-23,826,N20,VIIRS,n,2.0NRT,304.87,6.15,D
30.60542,73.95004,344.46,0.45,0.39,2026-06-23,826,N20,VIIRS,n,2.0NRT,304.83,3.46,D
30.60563,73.61553,350.6,0.44,0.38,2026-06-23,826,N20,VIIRS,n,2.0NRT,310.68,11.59,D
30.6072,73.99284,343.22,0.45,0.39,2026-06-23,826,N20,VIIRS,n,2.0NRT,307.04,5.02,D
30.60873,73.69422,340.73,0.44,0.38,2026-06-23,826,N20,VIIRS,n,2.0NRT,307.67,6.98,D
30.61073,73.87766,335.18,0.45,0.39,2026-06-23,826,N20,VIIRS,n,2.0NRT,303.92,1.52,D
30.61077,73.99224,335.52,0.45,0.39,2026-06-23,826,N20,VIIRS,l,2.0NRT,307.81,5.02,D
30.61427,73.87705,332.19,0.45,0.39,2026-06-23,826,N20,VIIRS,l,2.0NRT,303.33,1.04,D
30.61573,73.47519,343.19,0.43,0.38,2026-06-23,826,N20,VIIRS,n,2.0NRT,307.24,7.54,D
30.61623,73.47175,338.84,0.43,0.38,2026-06-23,826,N20,VIIRS,n,2.0NRT,308.16,7.86,D
30.62411,73.53822,340.28,0.43,0.38,2026-06-23,826,N20,VIIRS,n,2.0NRT,307.41,3.76,D
30.62435,73.53487,339.88,0.43,0.38,2026-06-23,826,N20,VIIRS,n,2.0NRT,307.08,4.23,D
30.62802,74.04224,340.64,0.45,0.39,2026-06-23,826,N20,VIIRS,n,2.0NRT,306.77,4.13,D
30.64134,72.99313,335.78,0.42,0.37,2026-06-23,826,N20,VIIRS,n,2.0NRT,304.93,3.03,D
30.64152,73.66991,334.43,0.44,0.38,2026-06-23,826,N20,VIIRS,l,2.0NRT,307.46,2.07,D
30.64179,73.67127,335.63,0.44,0.38,2026-06-23,826,N20,VIIRS,l,2.0NRT,306.65,3.12,D
30.648,73.88561,334.36,0.45,0.39,2026-06-23,826,N20,VIIRS,l,2.0NRT,305.86,2.84,D
30.64966,75.72016,339.37,0.54,0.42,2026-06-23,826,N20,VIIRS,n,2.0NRT,303.19,4.07,D
30.65543,74.05695,333.16,0.45,0.39,2026-06-23,826,N20,VIIRS,n,2.0NRT,301.57,1.49,D
30.65639,73.75792,334.65,0.44,0.39,2026-06-23,826,N20,VIIRS,n,2.0NRT,304.37,1.66,D
30.66159,73.87856,347.25,0.45,0.39,2026-06-23,826,N20,VIIRS,n,2.0NRT,305.42,9.04,D
30.66658,73.97324,331.77,0.45,0.39,2026-06-23,826,N20,VIIRS,l,2.0NRT,304.55,2.59,D
30.66695,73.55989,337.72,0.44,0.38,2026-06-23,826,N20,VIIRS,n,2.0NRT,305.29,6.22,D
30.67562,76.99711,339.08,0.42,0.45,2026-06-23,826,N20,VIIRS,l,2.0NRT,312.03,11.69,D
30.67609,77.00156,342.8,0.42,0.45,2026-06-23,826,N20,VIIRS,n,2.0NRT,309.26,11.69,D
30.67698,73.77798,335.98,0.44,0.39,2026-06-23,826,N20,VIIRS,n,2.0NRT,303.79,7.7,D
30.67857,74.00966,336.82,0.45,0.39,2026-06-23,826,N20,VIIRS,n,2.0NRT,304.18,2.66,D
30.67871,74.06755,335.46,0.45,0.39,2026-06-23,826,N20,VIIRS,n,2.0NRT,300.89,2.89,D
30.68043,73.91988,339.65,0.45,0.39,2026-06-23,826,N20,VIIRS,n,2.0NRT,304.31,4.18,D
30.68089,74.01096,333.42,0.45,0.39,2026-06-23,826,N20,VIIRS,l,2.0NRT,303.47,1.74,D
30.68861,74.01448,340.54,0.45,0.39,2026-06-23,826,N20,VIIRS,n,2.0NRT,308.21,30.04,D
30.6892,74.01921,353.43,0.45,0.39,2026-06-23,826,N20,VIIRS,n,2.0NRT,309.25,34.61,D
30.69453,72.92288,338.67,0.42,0.37,2026-06-23,826,N20,VIIRS,l,2.0NRT,309.91,5.93,D
30.69503,73.58288,339.17,0.44,0.38,2026-06-23,826,N20,VIIRS,n,2.0NRT,306.72,3.95,D
30.69526,73.80795,335.76,0.44,0.39,2026-06-23,826,N20,VIIRS,n,2.0NRT,303.87,2.66,D
30.6958,73.72764,333.86,0.44,0.38,2026-06-23,826,N20,VIIRS,l,2.0NRT,304.84,2.5,D
30.6982,73.80271,336.4,0.44,0.39,2026-06-23,826,N20,VIIRS,n,2.0NRT,302.77,2.18,D
30.7059,73.86308,337.96,0.45,0.39,2026-06-23,826,N20,VIIRS,n,2.0NRT,304.84,1.23,D
30.71041,73.67351,344.92,0.44,0.38,2026-06-23,826,N20,VIIRS,n,2.0NRT,306.22,4.73,D
30.71174,72.94639,341.74,0.42,0.37,2026-06-23,826,N20,VIIRS,n,2.0NRT,308.47,5.46,D
30.71607,75.20769,330.21,0.51,0.41,2026-06-23,826,N20,VIIRS,l,2.0NRT,303.2,2.43,D
30.71644,75.20965,333.55,0.51,0.41,2026-06-23,826,N20,VIIRS,l,2.0NRT,304.18,3.04,D
30.71713,76.27786,331.56,0.39,0.44,2026-06-23,826,N20,VIIRS,l,2.0NRT,302.4,1.66,D
30.72194,74.01852,330.87,0.45,0.39,2026-06-23,826,N20,VIIRS,l,2.0NRT,302.46,1.15,D
30.7261,73.96486,346.4,0.45,0.39,2026-06-23,826,N20,VIIRS,n,2.0NRT,302.9,8.06,D
30.72787,74.12422,334.5,0.46,0.39,2026-06-23,826,N20,VIIRS,n,2.0NRT,301.93,2.18,D
30.72909,74.04632,334.82,0.45,0.39,2026-06-23,826,N20,VIIRS,n,2.0NRT,300.64,8.4,D
30.73137,73.89214,338.6,0.45,0.39,2026-06-23,826,N20,VIIRS,n,2.0NRT,304.62,3.26,D
30.73382,73.96836,334.08,0.45,0.39,2026-06-23,826,N20,VIIRS,n,2.0NRT,303.92,2.31,D
30.73738,73.96776,334.4,0.45,0.39,2026-06-23,826,N20,VIIRS,n,2.0NRT,303.4,2.31,D
30.73783,73.85767,335.51,0.45,0.39,2026-06-23,826,N20,VIIRS,n,2.0NRT,303.29,2.11,D
30.74499,73.88506,332.12,0.45,0.39,2026-06-23,826,N20,VIIRS,l,2.0NRT,303.21,0.6,D
30.74582,73.04269,342.66,0.42,0.38,2026-06-23,826,N20,VIIRS,n,2.0NRT,306.13,5.78,D
30.74859,73.91312,337.55,0.45,0.39,2026-06-23,826,N20,VIIRS,n,2.0NRT,303.85,1.51,D
30.75116,75.31169,336.77,0.52,0.41,2026-06-23,826,N20,VIIRS,n,2.0NRT,304.95,3.44,D
30.75456,73.29366,341.56,0.43,0.38,2026-06-23,826,N20,VIIRS,n,2.0NRT,307.82,5.53,D
30.75759,72.7442,336.64,0.41,0.37,2026-06-23,826,N20,VIIRS,n,2.0NRT,305.22,2.71,D
30.75775,73.67664,335.53,0.44,0.38,2026-06-23,826,N20,VIIRS,n,2.0NRT,304.27,3.92,D
30.76467,73.81711,338.05,0.45,0.39,2026-06-23,826,N20,VIIRS,n,2.0NRT,304.43,3.55,D
30.76525,73.82175,333.71,0.45,0.39,2026-06-23,826,N20,VIIRS,n,2.0NRT,303.49,3.55,D
30.76553,73.81969,341.52,0.45,0.39,2026-06-23,826,N20,VIIRS,n,2.0NRT,303.73,7.2,D
30.77979,76.28036,341.66,0.39,0.44,2026-06-23,826,N20,VIIRS,n,2.0NRT,302.28,4.09,D
30.78023,76.28442,337.18,0.39,0.44,2026-06-23,826,N20,VIIRS,n,2.0NRT,302.28,4.09,D
30.78685,74.01244,348.46,0.45,0.39,2026-06-23,826,N20,VIIRS,n,2.0NRT,303.94,10.14,D
30.78926,74.01422,341.37,0.45,0.39,2026-06-23,826,N20,VIIRS,n,2.0NRT,302.35,4.01,D
30.78975,74.26617,339.15,0.46,0.39,2026-06-23,826,N20,VIIRS,n,2.0NRT,302.93,4.47,D
30.79336,74.26556,335.77,0.46,0.39,2026-06-23,826,N20,VIIRS,n,2.0NRT,303.24,3,D
30.79363,76.22093,338.4,0.38,0.44,2026-06-23,826,N20,VIIRS,n,2.0NRT,302.04,3.27,D
30.79597,73.80701,338.42,0.45,0.39,2026-06-23,826,N20,VIIRS,n,2.0NRT,304.48,4.26,D
30.80383,73.50544,335.73,0.43,0.38,2026-06-23,826,N20,VIIRS,n,2.0NRT,304.87,3.95,D
30.80602,73.82907,336.66,0.45,0.39,2026-06-23,826,N20,VIIRS,n,2.0NRT,302.96,0.66,D
30.80782,74.26317,332.48,0.46,0.39,2026-06-23,826,N20,VIIRS,l,2.0NRT,302.85,2.51,D
30.80839,73.87637,337.83,0.45,0.39,2026-06-23,826,N20,VIIRS,n,2.0NRT,303.19,6.06,D
30.80859,76.17291,337.17,0.57,0.43,2026-06-23,826,N20,VIIRS,n,2.0NRT,302.88,5.26,D
30.8159,76.16576,332.01,0.57,0.43,2026-06-23,826,N20,VIIRS,l,2.0NRT,302.46,3.47,D
30.81682,74.24686,334.18,0.46,0.39,2026-06-23,826,N20,VIIRS,n,2.0NRT,302.93,1.9,D
30.81753,74.24419,331.12,0.46,0.39,2026-06-23,826,N20,VIIRS,l,2.0NRT,301.95,2.44,D
30.82043,74.24625,336.77,0.46,0.39,2026-06-23,826,N20,VIIRS,n,2.0NRT,302.64,1.96,D
30.82174,74.24844,337.39,0.46,0.39,2026-06-23,826,N20,VIIRS,n,2.0NRT,302.18,2.44,D
30.82335,73.40973,334.82,0.43,0.38,2026-06-23,826,N20,VIIRS,l,2.0NRT,305.44,3.5,D
30.82438,73.35497,341.7,0.43,0.38,2026-06-23,826,N20,VIIRS,n,2.0NRT,310.02,28.43,D
30.82438,73.41008,334.75,0.43,0.38,2026-06-23,826,N20,VIIRS,l,2.0NRT,305.28,3.44,D
30.83097,73.99753,335.65,0.45,0.39,2026-06-23,826,N20,VIIRS,n,2.0NRT,302.57,4.82,D
30.8377,73.32059,335.59,0.43,0.38,2026-06-23,826,N20,VIIRS,n,2.0NRT,305.23,3.09,D
30.83828,73.32506,338.16,0.43,0.38,2026-06-23,826,N20,VIIRS,n,2.0NRT,306.1,3.09,D
30.83929,74.15194,340.82,0.46,0.39,2026-06-23,826,N20,VIIRS,n,2.0NRT,302.77,7.54,D
30.84134,73.54537,337.02,0.44,0.38,2026-06-23,826,N20,VIIRS,n,2.0NRT,304.65,3.46,D
30.84181,73.54593,336.8,0.44,0.38,2026-06-23,826,N20,VIIRS,n,2.0NRT,304.05,3.12,D
30.84743,73.84108,335.18,0.45,0.39,2026-06-23,826,N20,VIIRS,n,2.0NRT,302.57,3.01,D
30.84765,73.42446,338.39,0.43,0.38,2026-06-23,826,N20,VIIRS,n,2.0NRT,306.83,3.22,D
30.84945,74.02833,330.15,0.46,0.39,2026-06-23,826,N20,VIIRS,l,2.0NRT,302.23,2.59,D
30.85114,73.42385,342.46,0.43,0.38,2026-06-23,826,N20,VIIRS,n,2.0NRT,308.93,8.74,D
30.85128,74.15975,337.07,0.46,0.39,2026-06-23,826,N20,VIIRS,n,2.0NRT,302.09,3.4,D
30.85427,74.21341,338.87,0.46,0.39,2026-06-23,826,N20,VIIRS,n,2.0NRT,302.35,3.62,D
30.85653,75.61539,333.6,0.54,0.42,2026-06-23,826,N20,VIIRS,n,2.0NRT,303.71,3.31,D
30.8571,73.94488,336.36,0.45,0.39,2026-06-23,826,N20,VIIRS,n,2.0NRT,303.19,3.38,D
30.85898,76.20821,346.92,0.38,0.44,2026-06-23,826,N20,VIIRS,n,2.0NRT,303.11,5.32,D
30.86447,74.32585,336.16,0.47,0.4,2026-06-23,826,N20,VIIRS,l,2.0NRT,307.24,4.88,D
30.86511,76.04221,333.21,0.57,0.43,2026-06-23,826,N20,VIIRS,l,2.0NRT,306.38,2.95,D
30.86915,73.15591,337.7,0.42,0.38,2026-06-23,826,N20,VIIRS,n,2.0NRT,307.41,3.25,D
30.86972,74.01522,335.13,0.45,0.39,2026-06-23,826,N20,VIIRS,n,2.0NRT,301.95,2.39,D
30.87137,73.94248,333.95,0.45,0.39,2026-06-23,826,N20,VIIRS,n,2.0NRT,303.63,1.82,D
30.87965,75.4621,337.78,0.53,0.42,2026-06-23,826,N20,VIIRS,n,2.0NRT,302.63,9.48,D
30.88801,73.8829,340.99,0.45,0.39,2026-06-23,826,N20,VIIRS,n,2.0NRT,303.28,8.25,D
30.89423,74.03538,335.44,0.46,0.39,2026-06-23,826,N20,VIIRS,n,2.0NRT,300.74,4.33,D
30.89502,73.96837,331.9,0.45,0.39,2026-06-23,826,N20,VIIRS,n,2.0NRT,301.31,2.92,D
30.89634,76.2151,344.69,0.39,0.44,2026-06-23,826,N20,VIIRS,n,2.0NRT,302.15,5.32,D
30.89679,76.21913,350.45,0.39,0.44,2026-06-23,826,N20,VIIRS,n,2.0NRT,303.44,5.32,D
30.89866,73.9099,332.36,0.45,0.39,2026-06-23,826,N20,VIIRS,n,2.0NRT,301.92,3.97,D
30.89955,74.34004,345.86,0.47,0.4,2026-06-23,826,N20,VIIRS,n,2.0NRT,307.56,7.66,D
30.90086,74.05858,331.22,0.46,0.39,2026-06-23,826,N20,VIIRS,l,2.0NRT,301.84,2.06,D
30.90555,74.29911,341.51,0.47,0.4,2026-06-23,826,N20,VIIRS,n,2.0NRT,304.42,8.29,D
30.90796,74.28876,333.6,0.47,0.39,2026-06-23,826,N20,VIIRS,n,2.0NRT,302.98,5.71,D
30.90803,74.05739,336.6,0.46,0.39,2026-06-23,826,N20,VIIRS,n,2.0NRT,301.16,2.33,D
30.90979,74.05808,335.57,0.46,0.39,2026-06-23,826,N20,VIIRS,n,2.0NRT,301.02,1.76,D
30.91546,75.53579,338.02,0.53,0.42,2026-06-23,826,N20,VIIRS,n,2.0NRT,304.76,3.13,D
30.92064,75.4446,337.35,0.53,0.42,2026-06-23,826,N20,VIIRS,n,2.0NRT,303.38,3.17,D
30.92313,74.32116,335.12,0.47,0.4,2026-06-23,826,N20,VIIRS,n,2.0NRT,303.3,1.73,D
30.92447,75.44401,334.55,0.53,0.42,2026-06-23,826,N20,VIIRS,n,2.0NRT,302.17,3.17,D
30.92588,74.09935,336.15,0.46,0.39,2026-06-23,826,N20,VIIRS,n,2.0NRT,302.51,2.14,D
30.93014,73.98663,339.03,0.45,0.39,2026-06-23,826,N20,VIIRS,n,2.0NRT,302.71,3.3,D
30.93103,73.46077,339.83,0.43,0.38,2026-06-23,826,N20,VIIRS,n,2.0NRT,306.29,2.27,D
30.93548,74.05864,333.94,0.46,0.39,2026-06-23,826,N20,VIIRS,n,2.0NRT,301.99,2.39,D
30.94739,75.28257,337.03,0.52,0.41,2026-06-23,826,N20,VIIRS,n,2.0NRT,303.63,5.2,D
30.94783,75.27889,334,0.52,0.41,2026-06-23,826,N20,VIIRS,l,2.0NRT,305.92,4.09,D
30.94803,74.10053,336.23,0.46,0.39,2026-06-23,826,N20,VIIRS,n,2.0NRT,301.9,2.96,D
30.94961,75.80197,336.2,0.55,0.43,2026-06-23,826,N20,VIIRS,l,2.0NRT,306.89,4.05,D
30.95424,73.46775,340.66,0.43,0.38,2026-06-23,826,N20,VIIRS,n,2.0NRT,304.93,3.39,D
30.95867,73.67104,337.25,0.44,0.39,2026-06-23,826,N20,VIIRS,n,2.0NRT,303.61,2.87,D
30.96724,74.19575,337.75,0.46,0.39,2026-06-23,826,N20,VIIRS,n,2.0NRT,304.78,1.46,D
30.96962,74.12637,336.07,0.46,0.39,2026-06-23,826,N20,VIIRS,n,2.0NRT,302.36,2.66,D
30.98167,76.0898,337.46,0.57,0.43,2026-06-23,826,N20,VIIRS,n,2.0NRT,305.73,12.08,D
30.98512,75.47814,331.72,0.53,0.42,2026-06-23,826,N20,VIIRS,l,2.0NRT,304.36,2.67,D
30.99118,76.2511,333.39,0.39,0.44,2026-06-23,826,N20,VIIRS,n,2.0NRT,303.23,1.9,D
31.00497,73.44499,336.08,0.43,0.38,2026-06-23,826,N20,VIIRS,l,2.0NRT,307.84,4.1,D
31.00755,75.50306,332.99,0.53,0.42,2026-06-23,826,N20,VIIRS,n,2.0NRT,302.73,2.8,D
31.00767,73.68815,335.3,0.44,0.39,2026-06-23,826,N20,VIIRS,n,2.0NRT,300.82,2.39,D
31.01061,74.21825,332.49,0.46,0.39,2026-06-23,826,N20,VIIRS,l,2.0NRT,304.23,2.82,D
31.01237,77.14437,342.75,0.44,0.46,2026-06-23,826,N20,VIIRS,n,2.0NRT,296.39,5.62,D
31.01613,73.28628,339.9,0.43,0.38,2026-06-23,826,N20,VIIRS,n,2.0NRT,306.12,1.02,D
31.02197,73.05003,332.19,0.42,0.38,2026-06-23,826,N20,VIIRS,l,2.0NRT,305.1,2.39,D
31.02991,74.21747,344.1,0.47,0.39,2026-06-23,826,N20,VIIRS,n,2.0NRT,304.43,7.36,D
31.0323,74.21467,336.5,0.46,0.39,2026-06-23,826,N20,VIIRS,n,2.0NRT,303.78,5.79,D
31.03292,74.21953,332.27,0.47,0.39,2026-06-23,826,N20,VIIRS,l,2.0NRT,302.98,3.29,D
31.03598,73.71172,338.41,0.44,0.39,2026-06-23,826,N20,VIIRS,n,2.0NRT,303.57,3.45,D
31.03655,74.2114,334.46,0.47,0.39,2026-06-23,826,N20,VIIRS,l,2.0NRT,304.64,1.91,D
31.04531,73.2274,341.83,0.43,0.38,2026-06-23,826,N20,VIIRS,n,2.0NRT,304.65,4.01,D
31.06006,73.67442,339.91,0.44,0.39,2026-06-23,826,N20,VIIRS,n,2.0NRT,306.01,4.34,D
31.06454,75.38712,335.36,0.53,0.42,2026-06-23,826,N20,VIIRS,n,2.0NRT,305.83,3.91,D
31.07671,73.71901,343.58,0.44,0.39,2026-06-23,826,N20,VIIRS,n,2.0NRT,303.62,3.73,D
31.07988,73.69152,331.4,0.44,0.39,2026-06-23,826,N20,VIIRS,l,2.0NRT,303.12,1.26,D
31.08223,73.48408,337.43,0.44,0.38,2026-06-23,826,N20,VIIRS,n,2.0NRT,304.2,2.99,D
31.08858,76.04848,334.94,0.57,0.43,2026-06-23,826,N20,VIIRS,n,2.0NRT,304.45,3.03,D
31.09294,74.61777,337.45,0.48,0.4,2026-06-23,826,N20,VIIRS,n,2.0NRT,305.19,2.72,D
31.09456,74.68213,341.31,0.49,0.4,2026-06-23,826,N20,VIIRS,n,2.0NRT,305.8,7.09,D
31.0971,74.68464,340.6,0.49,0.4,2026-06-23,826,N20,VIIRS,n,2.0NRT,306.04,10.9,D
31.1169,74.62943,333.17,0.49,0.4,2026-06-23,826,N20,VIIRS,l,2.0NRT,304.04,3.99,D
31.1275,75.24031,336.36,0.52,0.41,2026-06-23,826,N20,VIIRS,n,2.0NRT,305.31,3.42,D
31.1282,75.34595,331.2,0.52,0.42,2026-06-23,826,N20,VIIRS,l,2.0NRT,304.81,3.54,D
31.13262,75.28391,341.61,0.52,0.42,2026-06-23,826,N20,VIIRS,n,2.0NRT,305.24,5.71,D
31.15317,75.39273,338.81,0.53,0.42,2026-06-23,826,N20,VIIRS,n,2.0NRT,303.36,6.33,D
31.157,75.39214,333.73,0.53,0.42,2026-06-23,826,N20,VIIRS,n,2.0NRT,303.06,6.33,D
31.15978,73.58318,334.27,0.44,0.38,2026-06-23,826,N20,VIIRS,l,2.0NRT,305.32,3.46,D
31.16837,75.323,337.39,0.52,0.42,2026-06-23,826,N20,VIIRS,n,2.0NRT,304.6,5.77,D
31.1699,75.43536,332.4,0.53,0.42,2026-06-23,826,N20,VIIRS,l,2.0NRT,302.48,4.66,D
31.17122,75.32629,337.29,0.52,0.42,2026-06-23,826,N20,VIIRS,n,2.0NRT,303.48,8.81,D
31.17219,75.32242,336.55,0.52,0.42,2026-06-23,826,N20,VIIRS,n,2.0NRT,303.46,5.77,D
31.18483,75.48246,335.19,0.53,0.42,2026-06-23,826,N20,VIIRS,n,2.0NRT,304.7,5.48,D
31.18545,75.48808,337.24,0.53,0.42,2026-06-23,826,N20,VIIRS,n,2.0NRT,305.48,5.48,D
31.18736,75.48384,339.92,0.53,0.42,2026-06-23,826,N20,VIIRS,n,2.0NRT,304.18,6.3,D
31.19016,77.12583,338.88,0.44,0.46,2026-06-23,826,N20,VIIRS,n,2.0NRT,301.58,2.91,D
31.19505,75.09589,335.36,0.51,0.41,2026-06-23,826,N20,VIIRS,n,2.0NRT,301.71,4.44,D
31.20459,75.55395,331.08,0.54,0.42,2026-06-23,826,N20,VIIRS,l,2.0NRT,304.23,2.28,D
31.20623,77.11497,332.79,0.44,0.46,2026-06-23,826,N20,VIIRS,n,2.0NRT,301.07,5.53,D
31.21181,72.74552,339.85,0.41,0.37,2026-06-23,826,N20,VIIRS,n,2.0NRT,305.66,3.77,D
31.21239,72.74986,338.96,0.41,0.37,2026-06-23,826,N20,VIIRS,n,2.0NRT,306.44,3.77,D
31.23178,75.21117,339.3,0.52,0.41,2026-06-23,826,N20,VIIRS,n,2.0NRT,302.51,8.9,D
31.2333,77.08617,340.84,0.43,0.46,2026-06-23,826,N20,VIIRS,n,2.0NRT,300.94,3.75,D
31.23565,75.27727,337.28,0.52,0.42,2026-06-23,826,N20,VIIRS,n,2.0NRT,303.29,7.96,D
31.25043,75.40424,333.86,0.53,0.42,2026-06-23,826,N20,VIIRS,l,2.0NRT,304.02,3.57,D
31.27611,75.42297,340.6,0.53,0.42,2026-06-23,826,N20,VIIRS,n,2.0NRT,306.63,4.92,D
31.28944,77.35474,332.39,0.45,0.47,2026-06-23,826,N20,VIIRS,l,2.0NRT,303.05,4.51,D
31.29937,75.37174,332.34,0.53,0.42,2026-06-23,826,N20,VIIRS,n,2.0NRT,301.8,3.2,D
31.30202,75.32622,343.1,0.53,0.42,2026-06-23,826,N20,VIIRS,n,2.0NRT,303.25,7.52,D
31.30444,77.28617,333.34,0.45,0.47,2026-06-23,826,N20,VIIRS,n,2.0NRT,300.73,2.64,D
31.30755,75.44434,342.23,0.53,0.42,2026-06-23,826,N20,VIIRS,n,2.0NRT,303.29,6.34,D
31.31141,75.44374,342.27,0.53,0.42,2026-06-23,826,N20,VIIRS,n,2.0NRT,303.38,6.84,D
31.32171,75.71461,333.09,0.55,0.43,2026-06-23,826,N20,VIIRS,l,2.0NRT,305.2,3.28,D
31.32918,72.76046,336.92,0.42,0.37,2026-06-23,826,N20,VIIRS,n,2.0NRT,305.6,10.05,D
31.33402,77.27831,349.81,0.45,0.47,2026-06-23,826,N20,VIIRS,n,2.0NRT,301.18,10.38,D
31.3344,77.45662,341.54,0.46,0.47,2026-06-23,826,N20,VIIRS,n,2.0NRT,301.73,6.97,D
31.33586,75.41722,341.57,0.53,0.42,2026-06-23,826,N20,VIIRS,n,2.0NRT,304.34,8.31,D
31.33714,75.42841,332.89,0.53,0.42,2026-06-23,826,N20,VIIRS,l,2.0NRT,304.1,2.77,D
31.33838,77.45249,342.51,0.46,0.47,2026-06-23,826,N20,VIIRS,n,2.0NRT,304.73,6.97,D
31.33972,75.41663,339.13,0.53,0.42,2026-06-23,826,N20,VIIRS,n,2.0NRT,304.68,5.1,D
31.3682,75.19303,331.65,0.52,0.41,2026-06-23,826,N20,VIIRS,l,2.0NRT,304.74,3.58,D
31.37729,75.17871,332.13,0.52,0.41,2026-06-23,826,N20,VIIRS,l,2.0NRT,303.19,3.54,D
31.38157,75.47308,342.87,0.54,0.42,2026-06-23,826,N20,VIIRS,n,2.0NRT,305.83,7.39,D
31.3909,75.87078,331.15,0.56,0.43,2026-06-23,826,N20,VIIRS,l,2.0NRT,304.96,1.1,D
31.40601,77.6442,353.38,0.47,0.48,2026-06-23,826,N20,VIIRS,n,2.0NRT,309.35,20.18,D
31.4062,77.64211,340.08,0.47,0.48,2026-06-23,826,N20,VIIRS,n,2.0NRT,311.09,11.29,D
31.40658,77.64622,336.19,0.47,0.48,2026-06-23,826,N20,VIIRS,n,2.0NRT,304.99,11.29,D
31.41398,75.89744,345.72,0.56,0.43,2026-06-23,826,N20,VIIRS,n,2.0NRT,304.65,11.84,D
31.42146,75.43101,338.58,0.53,0.42,2026-06-23,826,N20,VIIRS,n,2.0NRT,306.17,5.22,D
31.42152,75.39677,334.08,0.53,0.42,2026-06-23,826,N20,VIIRS,n,2.0NRT,301.77,3.83,D
31.46589,75.47588,333.05,0.54,0.42,2026-06-23,826,N20,VIIRS,n,2.0NRT,301.47,3.2,D
31.5049,75.0513,337.31,0.51,0.41,2026-06-23,826,N20,VIIRS,n,2.0NRT,302.64,3.61,D
31.52256,75.20386,334.9,0.52,0.42,2026-06-23,826,N20,VIIRS,n,2.0NRT,303.79,3.23,D
31.54395,74.99036,340.47,0.51,0.41,2026-06-23,826,N20,VIIRS,n,2.0NRT,303.43,12.1,D
31.59725,76.5547,349.76,0.41,0.45,2026-06-23,826,N20,VIIRS,n,2.0NRT,301.28,4.88,D
31.61297,75.68521,339.26,0.55,0.43,2026-06-23,826,N20,VIIRS,n,2.0NRT,301.89,3.72,D
31.61845,74.50851,335.7,0.49,0.4,2026-06-23,826,N20,VIIRS,n,2.0NRT,303.92,1.67,D
31.62029,75.25344,342.4,0.53,0.42,2026-06-23,826,N20,VIIRS,n,2.0NRT,304.65,10.76,D
31.63142,72.83041,344.37,0.42,0.38,2026-06-23,826,N20,VIIRS,n,2.0NRT,305.83,4.91,D
31.65575,75.64085,334.17,0.55,0.43,2026-06-23,826,N20,VIIRS,l,2.0NRT,307.68,4.42,D
31.66203,72.90188,338.51,0.42,0.38,2026-06-23,826,N20,VIIRS,n,2.0NRT,302.27,2.24,D
31.66575,73.91546,335.81,0.46,0.39,2026-06-23,826,N20,VIIRS,n,2.0NRT,304.29,3.12,D
31.68055,75.64896,340.29,0.55,0.43,2026-06-23,826,N20,VIIRS,n,2.0NRT,308.39,11.26,D
31.73129,72.68764,333.89,0.42,0.37,2026-06-23,826,N20,VIIRS,n,2.0NRT,303.7,3.2,D
31.73188,72.69202,345.83,0.42,0.37,2026-06-23,826,N20,VIIRS,n,2.0NRT,305.85,9.26,D
31.7424,74.48619,338.75,0.49,0.4,2026-06-23,826,N20,VIIRS,n,2.0NRT,303.22,4.33,D
31.74609,74.48559,344.76,0.49,0.4,2026-06-23,826,N20,VIIRS,n,2.0NRT,301.39,4.19,D
31.78809,73.09176,337.95,0.43,0.38,2026-06-23,826,N20,VIIRS,n,2.0NRT,302.66,2.59,D
31.83417,73.17173,349.2,0.43,0.38,2026-06-23,826,N20,VIIRS,n,2.0NRT,306.92,8.89,D
31.85896,74.06932,337.68,0.47,0.4,2026-06-23,826,N20,VIIRS,l,2.0NRT,309.6,15.82,D
31.85957,74.07426,338.84,0.47,0.4,2026-06-23,826,N20,VIIRS,n,2.0NRT,306.25,15.82,D
31.86258,74.06872,348.36,0.47,0.4,2026-06-23,826,N20,VIIRS,n,2.0NRT,308.19,14.34,D
31.90267,74.7713,336.1,0.5,0.41,2026-06-23,826,N20,VIIRS,n,2.0NRT,303.81,3,D
32.00523,73.66171,336.78,0.45,0.39,2026-06-23,826,N20,VIIRS,n,2.0NRT,302.61,4.45,D
32.01357,73.67004,351.61,0.45,0.39,2026-06-23,826,N20,VIIRS,n,2.0NRT,308.67,13.47,D
32.01713,73.66943,342.32,0.45,0.39,2026-06-23,826,N20,VIIRS,n,2.0NRT,304.9,13.47,D
32.04099,73.91705,333.86,0.46,0.39,2026-06-23,826,N20,VIIRS,l,2.0NRT,306.02,2.78,D
32.10726,75.77032,331.74,0.57,0.43,2026-06-23,826,N20,VIIRS,l,2.0NRT,305.66,7.04,D
32.1082,75.52393,338.46,0.55,0.43,2026-06-23,826,N20,VIIRS,n,2.0NRT,305.26,4.83,D
32.12783,73.9249,335.76,0.46,0.39,2026-06-23,826,N20,VIIRS,l,2.0NRT,305.83,3.23,D
32.26413,74.12737,339.3,0.47,0.4,2026-06-23,826,N20,VIIRS,n,2.0NRT,308.36,6.11,D
32.31435,75.30557,343.92,0.54,0.42,2026-06-23,826,N20,VIIRS,n,2.0NRT,306.53,8.63,D
32.33164,76.0946,347.13,0.4,0.44,2026-06-23,826,N20,VIIRS,n,2.0NRT,299.21,7.93,D
32.33509,74.43391,340.49,0.49,0.4,2026-06-23,826,N20,VIIRS,n,2.0NRT,309.32,7.87,D
32.37872,73.82189,342.35,0.46,0.39,2026-06-23,826,N20,VIIRS,n,2.0NRT,311.76,9.87,D
32.39032,74.86465,344.14,0.51,0.41,2026-06-23,826,N20,VIIRS,n,2.0NRT,306.59,10.56,D
32.49323,73.08633,337.18,0.43,0.38,2026-06-23,826,N20,VIIRS,l,2.0NRT,307.85,4.35,D
32.49392,74.21358,335.69,0.48,0.4,2026-06-23,826,N20,VIIRS,l,2.0NRT,306.62,2.61,D
32.55619,75.9179,343.77,0.39,0.44,2026-06-23,826,N20,VIIRS,n,2.0NRT,305.25,8.12,D
32.72974,72.74204,335.75,0.43,0.38,2026-06-23,826,N20,VIIRS,n,2.0NRT,304.18,4.17,D
32.83385,71.1321,339.49,0.39,0.36,2026-06-23,826,N20,VIIRS,n,2.0NRT,308.43,5.27,D
32.92111,75.00378,330.12,0.53,0.42,2026-06-23,826,N20,VIIRS,l,2.0NRT,303.4,5.24,D
32.92496,75.00323,338.93,0.53,0.42,2026-06-23,826,N20,VIIRS,n,2.0NRT,305.01,5.24,D
32.94694,74.08485,353.18,0.48,0.4,2026-06-23,826,N20,VIIRS,n,2.0NRT,312.32,12.13,D
32.94756,74.0899,349.85,0.48,0.4,2026-06-23,826,N20,VIIRS,n,2.0NRT,312.22,12.13,D
32.9506,74.0842,336.9,0.48,0.4,2026-06-23,826,N20,VIIRS,l,2.0NRT,307.91,5.49,D
32.98558,74.16477,347.32,0.48,0.4,2026-06-23,826,N20,VIIRS,n,2.0NRT,311.55,11.39,D
32.98927,74.16415,348.22,0.48,0.4,2026-06-23,826,N20,VIIRS,n,2.0NRT,309.95,11.39,D
32.99732,75.03961,344.11,0.53,0.42,2026-06-23,826,N20,VIIRS,n,2.0NRT,302.77,7.71,D
33.02296,74.06919,354.71,0.48,0.4,2026-06-23,826,N20,VIIRS,n,2.0NRT,311.34,12.16,D
33.02343,74.49033,339.28,0.5,0.41,2026-06-23,826,N20,VIIRS,n,2.0NRT,302.96,7.62,D
33.02662,74.06841,367,0.48,0.4,2026-06-23,826,N20,VIIRS,l,2.0NRT,327.34,82.79,D
33.02722,74.07346,339.16,0.48,0.4,2026-06-23,826,N20,VIIRS,n,2.0NRT,308.49,28.57,D
33.09362,74.01014,339.51,0.48,0.4,2026-06-23,826,N20,VIIRS,l,2.0NRT,312.06,4.95,D
33.09516,74.95264,337.66,0.53,0.42,2026-06-23,826,N20,VIIRS,n,2.0NRT,303.03,5.16,D
33.11629,74.01212,343.52,0.48,0.4,2026-06-23,826,N20,VIIRS,n,2.0NRT,312.57,19.62,D
33.14004,73.15685,334.68,0.44,0.39,2026-06-23,826,N20,VIIRS,n,2.0NRT,304.57,4.6,D
33.25327,73.88549,341.54,0.47,0.4,2026-06-23,826,N20,VIIRS,n,2.0NRT,309.96,8.29,D
33.25384,73.88799,347.96,0.47,0.4,2026-06-23,826,N20,VIIRS,n,2.0NRT,308.67,7.06,D
33.26947,71.31104,337.58,0.4,0.37,2026-06-23,826,N20,VIIRS,l,2.0NRT,309.72,5.01,D
33.49987,73.49995,339.22,0.46,0.39,2026-06-23,826,N20,VIIRS,n,2.0NRT,306.36,3.99,D
33.54195,73.93571,336.15,0.48,0.4,2026-06-23,826,N20,VIIRS,l,2.0NRT,309.55,1.95,D
33.5456,73.93499,333.1,0.48,0.4,2026-06-23,826,N20,VIIRS,l,2.0NRT,306.94,1.95,D
33.61111,73.76888,334.93,0.47,0.4,2026-06-23,826,N20,VIIRS,l,2.0NRT,305.36,2.22,D
33.67552,73.99373,343.13,0.48,0.4,2026-06-23,826,N20,VIIRS,n,2.0NRT,304.95,4.46,D
33.88645,73.1385,339.47,0.45,0.39,2026-06-23,826,N20,VIIRS,n,2.0NRT,305.67,4.2,D
34.05255,72.18649,346.48,0.42,0.38,2026-06-23,826,N20,VIIRS,n,2.0NRT,314.33,12.41,D
34.21407,72.93734,342.33,0.45,0.39,2026-06-23,826,N20,VIIRS,n,2.0NRT,310.98,27.35,D
34.21666,72.93384,332.8,0.45,0.39,2026-06-23,826,N20,VIIRS,l,2.0NRT,306.55,5.66,D
34.21729,72.93899,347.89,0.45,0.39,2026-06-23,826,N20,VIIRS,n,2.0NRT,307.54,11.02,D
34.21764,72.9369,344.95,0.45,0.39,2026-06-23,826,N20,VIIRS,n,2.0NRT,308,5.5,D
34.2183,72.94205,331.16,0.45,0.39,2026-06-23,826,N20,VIIRS,l,2.0NRT,305.64,5.5,D
34.24483,72.69929,335.17,0.44,0.38,2026-06-23,826,N20,VIIRS,n,2.0NRT,303.75,2.91,D
34.24519,72.95978,346.73,0.45,0.39,2026-06-23,826,N20,VIIRS,n,2.0NRT,308.53,14.13,D
34.30122,73.32692,342.41,0.46,0.39,2026-06-23,826,N20,VIIRS,n,2.0NRT,302.23,7.29,D
34.30269,72.87059,338.8,0.44,0.39,2026-06-23,826,N20,VIIRS,n,2.0NRT,306.56,5.1,D
34.46841,72.93111,332.15,0.45,0.39,2026-06-23,826,N20,VIIRS,l,2.0NRT,302.54,3.1,D
34.47429,72.94923,336.13,0.45,0.39,2026-06-23,826,N20,VIIRS,n,2.0NRT,304.4,1.68,D
34.61112,72.15991,346.59,0.42,0.38,2026-06-23,826,N20,VIIRS,n,2.0NRT,311.62,7.13,D
37.03294,62.41595,339.79,0.39,0.44,2026-06-23,828,N20,VIIRS,l,2.0NRT,310.59,7.3,D
37.0801,61.12646,346.71,0.45,0.47,2026-06-23,828,N20,VIIRS,n,2.0NRT,302.41,10.95,D
32.14573,76.32166,304.21,0.39,0.36,2026-06-23,2046,N20,VIIRS,n,2.0NRT,291.52,0.84,N
32.14902,76.32241,308.63,0.39,0.36,2026-06-23,2046,N20,VIIRS,n,2.0NRT,291.42,0.84,N
32.64267,70.31505,313.12,0.55,0.43,2026-06-23,2046,N20,VIIRS,n,2.0NRT,293.73,2.15,N
32.64363,72.97548,309.38,0.42,0.38,2026-06-23,2046,N20,VIIRS,n,2.0NRT,296.59,2.19,N
32.7187,72.77551,308.94,0.43,0.38,2026-06-23,2046,N20,VIIRS,n,2.0NRT,295.88,1.11,N
32.72341,72.92555,306.91,0.43,0.38,2026-06-23,2046,N20,VIIRS,n,2.0NRT,295.13,1.3,N
32.92376,75.00047,305.97,0.39,0.36,2026-06-23,2046,N20,VIIRS,n,2.0NRT,292.24,0.95,N
32.94621,74.58074,311.38,0.39,0.36,2026-06-23,2046,N20,VIIRS,n,2.0NRT,293.16,1.38,N
32.94952,74.58145,320.47,0.39,0.36,2026-06-23,2046,N20,VIIRS,n,2.0NRT,293.69,1.65,N
32.95015,74.57731,307.19,0.39,0.36,2026-06-23,2046,N20,VIIRS,n,2.0NRT,293.03,1.67,N
32.95284,74.58215,311.87,0.39,0.36,2026-06-23,2046,N20,VIIRS,n,2.0NRT,293.46,1.65,N
32.95615,74.58286,314.29,0.39,0.36,2026-06-23,2046,N20,VIIRS,n,2.0NRT,293.49,1.99,N
32.95676,74.57873,311.32,0.39,0.36,2026-06-23,2046,N20,VIIRS,n,2.0NRT,293.35,1.89,N
33.11582,74.04686,314.54,0.4,0.37,2026-06-23,2046,N20,VIIRS,n,2.0NRT,293.84,1.79,N
33.18925,74.19565,309.02,0.4,0.37,2026-06-23,2046,N20,VIIRS,n,2.0NRT,292.4,1.02,N
33.19328,74.30998,305.7,0.4,0.37,2026-06-23,2046,N20,VIIRS,n,2.0NRT,291.69,0.59,N
33.23731,71.51614,311.93,0.49,0.4,2026-06-23,2046,N20,VIIRS,n,2.0NRT,295.94,0.45,N
33.46069,73.71526,308.64,0.41,0.37,2026-06-23,2046,N20,VIIRS,n,2.0NRT,294.18,1.44,N
33.46132,73.71077,321.72,0.41,0.37,2026-06-23,2046,N20,VIIRS,n,2.0NRT,294.74,2.79,N
33.46408,73.71592,309.55,0.41,0.37,2026-06-23,2046,N20,VIIRS,n,2.0NRT,293.89,1.44,N
33.65033,73.93462,309.94,0.41,0.37,2026-06-23,2046,N20,VIIRS,n,2.0NRT,291.17,1.27,N
33.6807,73.98969,299.21,0.41,0.37,2026-06-23,2046,N20,VIIRS,n,2.0NRT,288.94,0.89,N
33.68957,72.71394,308.63,0.44,0.39,2026-06-23,2046,N20,VIIRS,n,2.0NRT,295.69,1.75,N
33.72484,73.52534,302.59,0.42,0.37,2026-06-23,2046,N20,VIIRS,n,2.0NRT,290.67,0.92,N
33.72577,73.49313,302.77,0.42,0.38,2026-06-23,2046,N20,VIIRS,n,2.0NRT,288.95,0.5,N
33.86973,73.2569,302.71,0.43,0.38,2026-06-23,2046,N20,VIIRS,n,2.0NRT,290.7,0.65,N
34.23677,73.0486,316.07,0.44,0.38,2026-06-23,2046,N20,VIIRS,n,2.0NRT,292.68,0.96,N
34.24025,73.04936,304.06,0.44,0.38,2026-06-23,2046,N20,VIIRS,n,2.0NRT,292,0.96,N
34.30446,72.86262,310.75,0.44,0.39,2026-06-23,2046,N20,VIIRS,n,2.0NRT,291.64,0.91,N
34.33289,73.34982,300.4,0.43,0.38,2026-06-23,2046,N20,VIIRS,n,2.0NRT,288.62,0.82,N
34.47843,71.47237,332.91,0.51,0.41,2026-06-23,2046,N20,VIIRS,n,2.0NRT,297.55,5.91,N
34.49284,72.80223,315.12,0.45,0.39,2026-06-23,2046,N20,VIIRS,n,2.0NRT,292.68,1.9,N
34.65536,69.07217,297.68,0.45,0.47,2026-06-23,2046,N20,VIIRS,n,2.0NRT,286.47,0.33,N
35.9519,62.87276,313.44,0.52,0.67,2026-06-23,2046,N20,VIIRS,n,2.0NRT,290.81,1.6,N
36.49544,60.88839,304.2,0.68,0.74,2026-06-23,2046,N20,VIIRS,n,2.0NRT,289.17,1.32,N
36.50176,60.89103,311.35,0.68,0.74,2026-06-23,2046,N20,VIIRS,n,2.0NRT,289.23,2.47,N
36.50903,60.87603,322.42,0.68,0.74,2026-06-23,2046,N20,VIIRS,n,2.0NRT,289.79,3.17,N
36.50949,60.87378,316.11,0.68,0.74,2026-06-23,2046,N20,VIIRS,n,2.0NRT,289.27,2.31,N
24.65894,73.88004,310.44,0.39,0.36,2026-06-23,2049,N20,VIIRS,n,2.0NRT,298.27,1.63,N
24.69161,74.6808,311.79,0.39,0.36,2026-06-23,2049,N20,VIIRS,n,2.0NRT,298.27,2.69,N
24.69163,73.00415,313.21,0.39,0.36,2026-06-23,2049,N20,VIIRS,n,2.0NRT,298.63,1.29,N
24.71406,74.66941,309.97,0.39,0.36,2026-06-23,2049,N20,VIIRS,n,2.0NRT,297.74,3.54,N
24.76526,74.60826,318.76,0.39,0.36,2026-06-23,2049,N20,VIIRS,n,2.0NRT,298.5,5.93,N
24.821,73.09254,311.89,0.39,0.36,2026-06-23,2049,N20,VIIRS,n,2.0NRT,298.31,1.16,N
24.9349,74.63284,310.55,0.39,0.36,2026-06-23,2049,N20,VIIRS,n,2.0NRT,296.46,2.67,N
26.25888,74.09509,316.24,0.38,0.36,2026-06-23,2049,N20,VIIRS,n,2.0NRT,298.95,1.07,N
26.27057,74.19168,312.69,0.38,0.36,2026-06-23,2049,N20,VIIRS,n,2.0NRT,300.51,2.25,N
26.29849,74.12566,309.23,0.38,0.36,2026-06-23,2049,N20,VIIRS,n,2.0NRT,299.2,1.15,N
26.60605,73.68488,311.29,0.38,0.36,2026-06-23,2049,N20,VIIRS,n,2.0NRT,298.35,1.07,N
26.8734,73.51694,311.56,0.39,0.36,2026-06-23,2049,N20,VIIRS,n,2.0NRT,296.98,1.06,N
26.87729,73.51372,308.35,0.39,0.36,2026-06-23,2049,N20,VIIRS,n,2.0NRT,296.56,0.99,N
26.88059,73.51435,310.11,0.39,0.36,2026-06-23,2049,N20,VIIRS,n,2.0NRT,296.94,0.99,N
27.28873,67.9622,312.47,0.42,0.46,2026-06-23,2049,N20,VIIRS,n,2.0NRT,297.21,1.62,N
27.76767,68.09573,309.26,0.42,0.45,2026-06-23,2049,N20,VIIRS,n,2.0NRT,296.8,4.73,N
27.93081,67.778,316.33,0.44,0.46,2026-06-23,2049,N20,VIIRS,n,2.0NRT,297.46,2.09,N
27.9313,67.7735,325.35,0.44,0.46,2026-06-23,2049,N20,VIIRS,n,2.0NRT,297.41,2.09,N
28.4725,67.96198,315.76,0.44,0.46,2026-06-23,2049,N20,VIIRS,n,2.0NRT,295.91,1.29,N
28.83741,77.13914,312.09,0.42,0.38,2026-06-23,2049,N20,VIIRS,n,2.0NRT,294.55,1.99,N
30.42579,73.38911,312.57,0.4,0.37,2026-06-23,2049,N20,VIIRS,n,2.0NRT,296.39,0.7,N
30.44669,70.57002,310.89,0.5,0.41,2026-06-23,2049,N20,VIIRS,n,2.0NRT,295.64,1.28,N
30.66471,73.11906,309.68,0.41,0.37,2026-06-23,2049,N20,VIIRS,n,2.0NRT,298.8,1.26,N
31.05207,76.92001,301.48,0.4,0.37,2026-06-23,2049,N20,VIIRS,n,2.0NRT,287.56,0.86,N
31.47627,73.07132,312.78,0.41,0.37,2026-06-23,2049,N20,VIIRS,n,2.0NRT,297.5,1.13,N
31.59074,76.55926,304.73,0.39,0.36,2026-06-23,2049,N20,VIIRS,n,2.0NRT,286.59,0.8,N
31.91095,74.54698,308.49,0.39,0.36,2026-06-23,2049,N20,VIIRS,n,2.0NRT,294.6,0.47,N
32.29266,70.73295,310.68,0.52,0.41,2026-06-23,2049,N20,VIIRS,n,2.0NRT,300.24,2.67,N
32.29364,70.73138,311.05,0.52,0.41,2026-06-23,2049,N20,VIIRS,n,2.0NRT,299.83,1.93,N
37.03143,62.41531,305.21,0.56,0.69,2026-06-23,2049,N20,VIIRS,n,2.0NRT,290.04,1.7,N
37.03781,62.41568,305.61,0.56,0.69,2026-06-23,2049,N20,VIIRS,n,2.0NRT,289.95,2.15,N
23.67499,71.54498,311.68,0.4,0.37,2026-06-23,2051,N20,VIIRS,n,2.0NRT,296.87,0.87,N
35.95161,62.87551,302.45,0.38,0.59,2026-06-23,2229,N20,VIIRS,n,2.0NRT,290.5,0.75,N
35.95266,62.87152,301.53,0.38,0.59,2026-06-23,2229,N20,VIIRS,n,2.0NRT,290.19,0.68,N
36.45928,65.79591,309.67,0.52,0.67,2026-06-23,2229,N20,VIIRS,n,2.0NRT,291.81,1.5,N
36.46035,65.796,308.36,0.52,0.67,2026-06-23,2229,N20,VIIRS,n,2.0NRT,291.99,1.83,N
36.49723,60.89146,306.96,0.57,0.52,2026-06-23,2229,N20,VIIRS,n,2.0NRT,291.92,1.15,N
36.50631,60.87444,318.15,0.57,0.52,2026-06-23,2229,N20,VIIRS,n,2.0NRT,291.87,2.85,N
36.50719,60.87558,313.43,0.57,0.52,2026-06-23,2229,N20,VIIRS,n,2.0NRT,291.7,1.92,N
36.51479,60.8855,302.76,0.57,0.52,2026-06-23,2229,N20,VIIRS,n,2.0NRT,291.62,1.42,N
36.51848,60.88636,324.13,0.57,0.52,2026-06-23,2229,N20,VIIRS,n,2.0NRT,292.06,4.21,N
36.51933,60.88744,324.87,0.57,0.52,2026-06-23,2229,N20,VIIRS,n,2.0NRT,291.88,1.42,N
37.02958,62.42109,306.93,0.34,0.56,2026-06-23,2229,N20,VIIRS,n,2.0NRT,291.74,1.95,N
37.03311,62.422,310.2,0.33,0.56,2026-06-23,2229,N20,VIIRS,n,2.0NRT,292.6,2.06,N
37.03404,62.41838,320.38,0.33,0.56,2026-06-23,2229,N20,VIIRS,n,2.0NRT,292.64,2.06,N
37.03539,62.41943,318.01,0.34,0.56,2026-06-23,2229,N20,VIIRS,n,2.0NRT,292.51,1.95,N
23.75887,68.66187,331.73,0.6,0.53,2026-06-24,805,N20,VIIRS,n,2.0NRT,299.49,6.42,D
24.83347,73.9738,355.53,0.44,0.38,2026-06-24,805,N20,VIIRS,l,2.0NRT,309.36,19.77,D
24.8805,74.2242,339.92,0.43,0.38,2026-06-24,805,N20,VIIRS,l,2.0NRT,306.64,10.66,D
25.11126,74.8374,333.08,0.41,0.37,2026-06-24,805,N20,VIIRS,l,2.0NRT,303.86,1.98,D
27.08633,67.83205,338.93,0.58,0.52,2026-06-24,805,N20,VIIRS,n,2.0NRT,305.97,5.49,D
27.28965,67.89264,336.8,0.57,0.52,2026-06-24,805,N20,VIIRS,n,2.0NRT,305.46,4.21,D
27.55145,67.88253,338.29,0.56,0.51,2026-06-24,805,N20,VIIRS,n,2.0NRT,306.02,4.92,D
27.55584,67.83437,337.72,0.56,0.52,2026-06-24,805,N20,VIIRS,n,2.0NRT,305.93,5.5,D
27.5586,69.41759,341.73,0.45,0.47,2026-06-24,805,N20,VIIRS,n,2.0NRT,309.87,8.94,D
27.55953,69.42208,347.21,0.45,0.47,2026-06-24,805,N20,VIIRS,n,2.0NRT,309.95,8.94,D
27.56069,69.42019,355.18,0.45,0.47,2026-06-24,805,N20,VIIRS,n,2.0NRT,310.24,10.67,D
27.56376,69.42101,346.88,0.45,0.47,2026-06-24,805,N20,VIIRS,n,2.0NRT,308.6,8.94,D
27.56491,69.41909,346.42,0.45,0.47,2026-06-24,805,N20,VIIRS,n,2.0NRT,307.09,3.34,D
27.56726,68.15929,338.47,0.54,0.51,2026-06-24,805,N20,VIIRS,n,2.0NRT,304.14,3.79,D
27.60509,67.73518,339.6,0.57,0.52,2026-06-24,805,N20,VIIRS,n,2.0NRT,305.24,12.19,D
27.70682,68.27432,332.74,0.53,0.5,2026-06-24,805,N20,VIIRS,l,2.0NRT,303.01,0.73,D
27.79006,67.93272,339.33,0.55,0.51,2026-06-24,805,N20,VIIRS,n,2.0NRT,306.39,6.36,D
27.79073,67.92834,338.72,0.55,0.51,2026-06-24,805,N20,VIIRS,n,2.0NRT,306.51,8.29,D
27.79576,68.78113,338.51,0.49,0.48,2026-06-24,805,N20,VIIRS,l,2.0NRT,309.16,7.49,D
27.92169,68.61584,336.32,0.5,0.49,2026-06-24,805,N20,VIIRS,l,2.0NRT,307.37,2.49,D
27.93304,68.01672,335.48,0.54,0.51,2026-06-24,805,N20,VIIRS,n,2.0NRT,304.72,3.96,D
27.98913,68.6992,342.17,0.49,0.49,2026-06-24,805,N20,VIIRS,n,2.0NRT,306.54,7.28,D
28.01984,68.40266,336.61,0.51,0.49,2026-06-24,805,N20,VIIRS,n,2.0NRT,304.01,6.17,D
28.021,68.39964,337.06,0.51,0.49,2026-06-24,805,N20,VIIRS,n,2.0NRT,303.68,3.78,D
28.21312,67.85337,345.56,0.54,0.51,2026-06-24,805,N20,VIIRS,n,2.0NRT,309.88,12.54,D
28.2145,67.85453,347.57,0.54,0.51,2026-06-24,805,N20,VIIRS,n,2.0NRT,309.24,11.59,D
28.30164,68.21343,337.02,0.51,0.5,2026-06-24,805,N20,VIIRS,l,2.0NRT,308.79,4.85,D
28.32308,68.43401,334.38,0.5,0.49,2026-06-24,805,N20,VIIRS,l,2.0NRT,306.68,2.99,D
28.44637,68.41692,336.7,0.5,0.49,2026-06-24,805,N20,VIIRS,l,2.0NRT,308.29,3.54,D
28.45751,67.76493,341.97,0.54,0.51,2026-06-24,805,N20,VIIRS,n,2.0NRT,310.53,2.52,D
28.49368,68.3989,335.12,0.5,0.49,2026-06-24,805,N20,VIIRS,l,2.0NRT,307.74,2.62,D
28.58069,68.22468,336.14,0.51,0.49,2026-06-24,805,N20,VIIRS,l,2.0NRT,309.21,5.45,D
29.49846,71.4928,344.61,0.49,0.4,2026-06-24,805,N20,VIIRS,n,2.0NRT,307.34,11.56,D
29.53821,69.95496,348.56,0.39,0.44,2026-06-24,805,N20,VIIRS,n,2.0NRT,306.13,6.2,D
29.54004,69.9538,344.25,0.39,0.44,2026-06-24,805,N20,VIIRS,n,2.0NRT,305.72,5.22,D
29.54076,69.95751,337.55,0.39,0.44,2026-06-24,805,N20,VIIRS,n,2.0NRT,305.29,5.31,D
29.60077,77.06241,336.45,0.4,0.37,2026-06-24,805,N20,VIIRS,n,2.0NRT,304.51,2.74,D
29.6124,77.04772,340.14,0.4,0.37,2026-06-24,805,N20,VIIRS,n,2.0NRT,306.04,4.05,D
29.61575,77.04711,340.85,0.4,0.37,2026-06-24,805,N20,VIIRS,n,2.0NRT,304.52,4.05,D
29.63013,77.02776,337.95,0.4,0.37,2026-06-24,805,N20,VIIRS,n,2.0NRT,306.34,2.31,D
29.76511,77.11644,332.07,0.4,0.37,2026-06-24,805,N20,VIIRS,l,2.0NRT,303.97,1.66,D
29.91048,71.33,344.78,0.49,0.4,2026-06-24,805,N20,VIIRS,n,2.0NRT,304.99,4.41,D
29.91533,72.12583,332.73,0.45,0.39,2026-06-24,805,N20,VIIRS,l,2.0NRT,302.76,1.61,D
30.05498,76.89184,333.16,0.39,0.37,2026-06-24,805,N20,VIIRS,l,2.0NRT,307,1.34,D
30.06516,76.91503,335.74,0.4,0.37,2026-06-24,805,N20,VIIRS,l,2.0NRT,308.12,2.3,D
30.10571,77.34739,332.89,0.4,0.37,2026-06-24,805,N20,VIIRS,l,2.0NRT,304.06,2.03,D
30.29716,71.75249,331.43,0.47,0.39,2026-06-24,805,N20,VIIRS,l,2.0NRT,303.3,1.81,D
30.30025,76.29034,337.32,0.39,0.36,2026-06-24,805,N20,VIIRS,n,2.0NRT,302.07,3.1,D
30.40665,77.60136,335.37,0.41,0.37,2026-06-24,805,N20,VIIRS,n,2.0NRT,303.96,3.03,D
30.41145,77.20761,342.96,0.4,0.37,2026-06-24,805,N20,VIIRS,n,2.0NRT,304.62,5.47,D
30.53132,76.20135,338.33,0.39,0.36,2026-06-24,805,N20,VIIRS,n,2.0NRT,306.28,3.55,D
30.59134,76.78572,334.26,0.4,0.37,2026-06-24,805,N20,VIIRS,n,2.0NRT,303.82,2.67,D
30.59468,76.78509,339.11,0.4,0.37,2026-06-24,805,N20,VIIRS,n,2.0NRT,302.73,2.67,D
30.67351,75.76199,337.1,0.38,0.36,2026-06-24,805,N20,VIIRS,n,2.0NRT,303.34,2.14,D
30.73954,74.13659,331.94,0.39,0.36,2026-06-24,805,N20,VIIRS,l,2.0NRT,300.28,0.98,D
30.74082,75.21976,343.62,0.38,0.36,2026-06-24,805,N20,VIIRS,n,2.0NRT,308.09,9.56,D
30.74955,75.7262,336.47,0.38,0.36,2026-06-24,805,N20,VIIRS,n,2.0NRT,302.65,8.28,D
30.75833,75.60204,332.47,0.38,0.36,2026-06-24,805,N20,VIIRS,n,2.0NRT,301.35,1.32,D
30.7652,75.71561,330.27,0.38,0.36,2026-06-24,805,N20,VIIRS,l,2.0NRT,302.6,1.22,D
30.79634,75.69701,339.3,0.38,0.36,2026-06-24,805,N20,VIIRS,n,2.0NRT,302.27,2.44,D
30.85406,73.30367,337.15,0.41,0.37,2026-06-24,805,N20,VIIRS,l,2.0NRT,306.79,10.02,D
30.85527,76.23468,336.32,0.39,0.36,2026-06-24,805,N20,VIIRS,n,2.0NRT,304.79,3.6,D
30.85612,76.56776,333.18,0.39,0.36,2026-06-24,805,N20,VIIRS,n,2.0NRT,303.06,0.84,D
30.86803,75.65413,330.83,0.38,0.36,2026-06-24,805,N20,VIIRS,l,2.0NRT,303.62,0.82,D
30.88,76.21738,334.7,0.39,0.36,2026-06-24,805,N20,VIIRS,n,2.0NRT,299.18,12.32,D
30.88837,75.60896,338.08,0.38,0.36,2026-06-24,805,N20,VIIRS,n,2.0NRT,302.53,2.74,D
30.97335,75.47312,340.02,0.38,0.36,2026-06-24,805,N20,VIIRS,n,2.0NRT,301.53,4.7,D
30.98563,75.48708,344.21,0.38,0.36,2026-06-24,805,N20,VIIRS,n,2.0NRT,305.49,17.38,D
31.10472,75.37663,343.21,0.38,0.36,2026-06-24,805,N20,VIIRS,n,2.0NRT,303.72,3.45,D
31.14823,75.28121,337.79,0.38,0.36,2026-06-24,805,N20,VIIRS,n,2.0NRT,305,3.36,D
31.1737,75.44914,331.85,0.38,0.36,2026-06-24,805,N20,VIIRS,n,2.0NRT,301.35,1.6,D
31.18088,75.45181,340.44,0.38,0.36,2026-06-24,805,N20,VIIRS,n,2.0NRT,304.37,4.25,D
31.18609,75.24042,348.32,0.38,0.36,2026-06-24,805,N20,VIIRS,n,2.0NRT,305.25,3.97,D
31.18938,75.23974,337.09,0.38,0.36,2026-06-24,805,N20,VIIRS,n,2.0NRT,303.64,3.97,D
31.20497,75.25301,341.88,0.38,0.36,2026-06-24,805,N20,VIIRS,n,2.0NRT,304.81,7.75,D
31.21143,75.31767,333.85,0.38,0.36,2026-06-24,805,N20,VIIRS,n,2.0NRT,298.6,2.86,D
31.21174,75.07455,330.61,0.38,0.36,2026-06-24,805,N20,VIIRS,l,2.0NRT,302.29,1.97,D
31.21452,76.84757,330.37,0.4,0.37,2026-06-24,805,N20,VIIRS,l,2.0NRT,301.03,4.34,D
31.24185,75.20446,332.19,0.38,0.36,2026-06-24,805,N20,VIIRS,l,2.0NRT,302.21,1.91,D
31.24429,75.22047,333.34,0.38,0.36,2026-06-24,805,N20,VIIRS,n,2.0NRT,301.53,2.04,D
31.25186,75.24779,336.82,0.38,0.36,2026-06-24,805,N20,VIIRS,n,2.0NRT,302.77,3.51,D
31.25514,75.24711,335.44,0.38,0.36,2026-06-24,805,N20,VIIRS,n,2.0NRT,301.78,1.17,D
31.28886,75.22363,336.5,0.38,0.36,2026-06-24,805,N20,VIIRS,n,2.0NRT,302.3,2.83,D
31.32074,75.18811,335.56,0.38,0.36,2026-06-24,805,N20,VIIRS,n,2.0NRT,303.16,2.35,D
31.32181,75.15071,338.62,0.38,0.36,2026-06-24,805,N20,VIIRS,n,2.0NRT,302.76,4.41,D
31.32696,75.38507,332.56,0.38,0.36,2026-06-24,805,N20,VIIRS,l,2.0NRT,304.74,2.08,D
31.32747,75.23215,340.57,0.38,0.36,2026-06-24,805,N20,VIIRS,n,2.0NRT,303.04,6.33,D
31.32797,75.30226,334.97,0.38,0.36,2026-06-24,805,N20,VIIRS,n,2.0NRT,302.24,2.4,D
31.34437,75.22936,337.47,0.38,0.36,2026-06-24,805,N20,VIIRS,n,2.0NRT,302.97,2.54,D
31.34765,75.22868,340.55,0.38,0.36,2026-06-24,805,N20,VIIRS,n,2.0NRT,302.23,5.41,D
31.36598,77.46487,331.89,0.41,0.37,2026-06-24,805,N20,VIIRS,n,2.0NRT,301.56,3.54,D
31.36878,77.4597,337.42,0.41,0.37,2026-06-24,805,N20,VIIRS,n,2.0NRT,303.61,3.18,D
31.3694,77.46426,330.03,0.41,0.37,2026-06-24,805,N20,VIIRS,l,2.0NRT,302.76,3.44,D
31.37156,77.45435,334.31,0.41,0.37,2026-06-24,805,N20,VIIRS,n,2.0NRT,301.55,3.18,D
31.37219,77.45906,344,0.41,0.37,2026-06-24,805,N20,VIIRS,n,2.0NRT,301.43,3.18,D
31.37677,77.46706,352.27,0.41,0.37,2026-06-24,805,N20,VIIRS,n,2.0NRT,307.89,7.03,D
31.37732,77.47118,337.26,0.42,0.37,2026-06-24,805,N20,VIIRS,n,2.0NRT,304.67,5.5,D
31.38016,77.46629,334.76,0.41,0.37,2026-06-24,805,N20,VIIRS,n,2.0NRT,302.39,7.03,D
31.38071,77.47038,335.16,0.42,0.37,2026-06-24,805,N20,VIIRS,n,2.0NRT,300.96,5.5,D
31.3852,77.60877,340.93,0.42,0.38,2026-06-24,805,N20,VIIRS,n,2.0NRT,304.17,2.18,D
31.38871,77.60871,336.58,0.42,0.38,2026-06-24,805,N20,VIIRS,n,2.0NRT,305.15,2.98,D
31.42027,75.12683,336.54,0.38,0.36,2026-06-24,805,N20,VIIRS,n,2.0NRT,303.09,9.54,D
31.46372,75.54807,332.85,0.38,0.36,2026-06-24,805,N20,VIIRS,n,2.0NRT,302.29,2.82,D
31.48587,75.08872,330.97,0.38,0.36,2026-06-24,805,N20,VIIRS,l,2.0NRT,303.79,2.33,D
31.48654,75.47341,332.14,0.38,0.36,2026-06-24,805,N20,VIIRS,l,2.0NRT,303.75,1.68,D
31.48988,76.63937,334.94,0.4,0.37,2026-06-24,805,N20,VIIRS,n,2.0NRT,300.58,13.33,D
31.49384,75.14085,334.27,0.38,0.36,2026-06-24,805,N20,VIIRS,n,2.0NRT,303.6,1.88,D
31.49923,75.06524,334.79,0.38,0.36,2026-06-24,805,N20,VIIRS,n,2.0NRT,302.69,2.53,D
32.00842,75.60175,344,0.39,0.36,2026-06-24,805,N20,VIIRS,n,2.0NRT,302.17,3.37,D
26.66738,70.83274,341.49,0.39,0.44,2026-06-24,807,N20,VIIRS,n,2.0NRT,305.64,3.96,D
32.62792,76.07918,332.93,0.39,0.36,2026-06-24,807,N20,VIIRS,n,2.0NRT,302.57,4.29,D
32.72075,73.30019,337.41,0.4,0.37,2026-06-24,807,N20,VIIRS,n,2.0NRT,304.05,4.12,D
32.94162,74.57767,334.46,0.38,0.36,2026-06-24,807,N20,VIIRS,n,2.0NRT,301.75,4.97,D
33.14921,75.09387,339.29,0.39,0.36,2026-06-24,807,N20,VIIRS,n,2.0NRT,302.77,9.31,D
33.15252,75.09325,345.61,0.39,0.36,2026-06-24,807,N20,VIIRS,n,2.0NRT,301.9,9.31,D
33.18823,74.19215,333.2,0.39,0.36,2026-06-24,807,N20,VIIRS,l,2.0NRT,301.06,4.42,D
33.20341,73.92141,341.22,0.39,0.36,2026-06-24,807,N20,VIIRS,n,2.0NRT,305.08,3.08,D
33.27019,71.59254,338.29,0.43,0.38,2026-06-24,807,N20,VIIRS,l,2.0NRT,310.94,4.61,D
33.35685,74.24873,338.04,0.38,0.36,2026-06-24,807,N20,VIIRS,l,2.0NRT,302.25,6.2,D
33.38831,73.60825,336.78,0.39,0.36,2026-06-24,807,N20,VIIRS,l,2.0NRT,306.12,4.62,D
33.64919,73.93944,334.53,0.39,0.36,2026-06-24,807,N20,VIIRS,l,2.0NRT,303.19,5.58,D
33.66964,71.6048,340.04,0.43,0.38,2026-06-24,807,N20,VIIRS,l,2.0NRT,309.04,2.64,D
33.68586,73.99942,331.27,0.39,0.36,2026-06-24,807,N20,VIIRS,l,2.0NRT,300.75,3.1,D
33.68914,73.99871,331.56,0.39,0.36,2026-06-24,807,N20,VIIRS,n,2.0NRT,299.8,2.41,D
33.69375,73.98483,341.97,0.39,0.36,2026-06-24,807,N20,VIIRS,n,2.0NRT,301.28,4.34,D
34.14838,72.89407,333.26,0.4,0.37,2026-06-24,807,N20,VIIRS,l,2.0NRT,307.08,2.65,D
34.18668,72.93807,348.94,0.39,0.37,2026-06-24,807,N20,VIIRS,n,2.0NRT,307.87,3.83,D
34.18736,72.94222,336.02,0.39,0.37,2026-06-24,807,N20,VIIRS,l,2.0NRT,304.58,3.83,D
34.18998,72.93721,336.22,0.39,0.37,2026-06-24,807,N20,VIIRS,l,2.0NRT,306.36,3.83,D
34.23669,72.88596,336.03,0.4,0.37,2026-06-24,807,N20,VIIRS,l,2.0NRT,307.59,3.73,D
34.31435,72.945,339.88,0.39,0.36,2026-06-24,807,N20,VIIRS,n,2.0NRT,304.35,3.59,D
34.37635,72.86782,340.57,0.39,0.37,2026-06-24,807,N20,VIIRS,l,2.0NRT,308.98,7.6,D
34.38039,72.87139,342.83,0.39,0.37,2026-06-24,807,N20,VIIRS,l,2.0NRT,310.67,6.88,D
34.383,72.86627,353.1,0.39,0.37,2026-06-24,807,N20,VIIRS,n,2.0NRT,311.96,6.88,D
34.38343,72.74406,334.24,0.4,0.37,2026-06-24,807,N20,VIIRS,l,2.0NRT,299.26,2.63,D
34.38372,72.87067,348.72,0.39,0.37,2026-06-24,807,N20,VIIRS,n,2.0NRT,311.29,6.88,D
34.3863,72.86546,346.96,0.39,0.37,2026-06-24,807,N20,VIIRS,n,2.0NRT,309.54,19.58,D
34.38704,72.86987,355.13,0.39,0.37,2026-06-24,807,N20,VIIRS,n,2.0NRT,311.61,19.58,D
34.47957,71.47143,338.75,0.43,0.38,2026-06-24,807,N20,VIIRS,l,2.0NRT,311.1,6.31,D
34.48042,71.47622,350.11,0.43,0.38,2026-06-24,807,N20,VIIRS,n,2.0NRT,313.03,6.36,D
34.48124,71.48084,346.45,0.43,0.38,2026-06-24,807,N20,VIIRS,n,2.0NRT,311.02,6.36,D
34.59762,71.92446,339.67,0.41,0.37,2026-06-24,807,N20,VIIRS,l,2.0NRT,309.22,4.01,D
36.52147,62.55216,367,0.35,0.57,2026-06-24,807,N20,VIIRS,h,2.0NRT,306.65,13.81,D
36.71707,67.23212,337.31,0.39,0.44,2026-06-24,807,N20,VIIRS,l,2.0NRT,308.32,2.98,D
36.74628,67.29095,335.26,0.39,0.44,2026-06-24,807,N20,VIIRS,l,2.0NRT,308.51,1.46,D
36.75233,67.27985,335.15,0.39,0.44,2026-06-24,807,N20,VIIRS,l,2.0NRT,309.35,1.7,D
37.02995,62.41829,340.35,0.34,0.56,2026-06-24,807,N20,VIIRS,n,2.0NRT,309.06,9.85,D
37.03283,62.41706,342.2,0.35,0.56,2026-06-24,807,N20,VIIRS,n,2.0NRT,308.79,9.47,D
36.48404,61.63819,338.65,0.49,0.65,2026-06-24,949,N20,VIIRS,n,2.0NRT,308.38,1.36,D
36.96999,60.90416,351.69,0.45,0.63,2026-06-24,949,N20,VIIRS,n,2.0NRT,308.44,19.69,D
36.97021,60.90926,367,0.45,0.63,2026-06-24,949,N20,VIIRS,h,2.0NRT,304.13,20.89,D
36.97055,60.90742,367,0.45,0.63,2026-06-24,949,N20,VIIRS,h,2.0NRT,308.38,29.29,D
36.97581,60.90378,339.07,0.45,0.63,2026-06-24,949,N20,VIIRS,n,2.0NRT,304.88,5.58,D
36.97604,60.90888,349.46,0.45,0.63,2026-06-24,949,N20,VIIRS,n,2.0NRT,303.89,8.58,D
36.97638,60.90707,367,0.45,0.63,2026-06-24,949,N20,VIIRS,h,2.0NRT,304.25,8.46,D
35.96702,68.68532,304.08,0.45,0.63,2026-06-24,2027,N20,VIIRS,n,2.0NRT,293.08,0.99,N
29.48767,76.99387,309.25,0.42,0.38,2026-06-24,2029,N20,VIIRS,n,2.0NRT,295.49,0.84,N
29.94772,71.36896,311.48,0.55,0.51,2026-06-24,2029,N20,VIIRS,n,2.0NRT,296.62,2.64,N
30.8273,73.48267,312.38,0.42,0.45,2026-06-24,2029,N20,VIIRS,n,2.0NRT,295.6,1,N
31.02681,77.83983,309.92,0.41,0.37,2026-06-24,2029,N20,VIIRS,n,2.0NRT,288.11,1.22,N
31.31615,77.42285,305.08,0.42,0.38,2026-06-24,2029,N20,VIIRS,n,2.0NRT,284.47,1.33,N
31.31677,77.41837,313.53,0.42,0.38,2026-06-24,2029,N20,VIIRS,n,2.0NRT,284.04,1.33,N
31.45759,77.66115,306.19,0.42,0.38,2026-06-24,2029,N20,VIIRS,n,2.0NRT,290.31,1.01,N
33.14074,74.07113,303.36,0.42,0.45,2026-06-24,2029,N20,VIIRS,n,2.0NRT,289.54,1.87,N
33.14485,74.0722,324.84,0.42,0.45,2026-06-24,2029,N20,VIIRS,n,2.0NRT,290.41,1.87,N
33.14534,74.06741,307.27,0.42,0.45,2026-06-24,2029,N20,VIIRS,n,2.0NRT,289.9,1.87,N
33.23839,71.5161,313.05,0.59,0.53,2026-06-24,2029,N20,VIIRS,n,2.0NRT,295.21,0.68,N
33.53057,73.77047,339.41,0.44,0.46,2026-06-24,2029,N20,VIIRS,n,2.0NRT,291.77,7.64,N
33.53111,73.76507,310.31,0.44,0.46,2026-06-24,2029,N20,VIIRS,n,2.0NRT,286.64,3.11,N
33.64211,73.93866,319.38,0.43,0.46,2026-06-24,2029,N20,VIIRS,n,2.0NRT,291.14,2.39,N
33.64257,73.93423,313.02,0.43,0.46,2026-06-24,2029,N20,VIIRS,n,2.0NRT,290.53,2.38,N
33.73948,72.6532,314.85,0.51,0.49,2026-06-24,2029,N20,VIIRS,n,2.0NRT,293.45,2.01,N
33.75898,73.49062,307.49,0.46,0.47,2026-06-24,2029,N20,VIIRS,n,2.0NRT,290.13,1.03,N
34.14375,72.89838,310.17,0.5,0.49,2026-06-24,2029,N20,VIIRS,n,2.0NRT,291.24,4.26,N
34.41039,71.08704,308.02,0.32,0.55,2026-06-24,2029,N20,VIIRS,n,2.0NRT,293.93,1.18,N
34.59518,71.92473,313.3,0.57,0.52,2026-06-24,2029,N20,VIIRS,n,2.0NRT,292.09,3.86,N
25.38926,68.58099,309.41,0.36,0.58,2026-06-24,2032,N20,VIIRS,n,2.0NRT,293.17,1.82,N
26.27168,74.18786,310.05,0.51,0.41,2026-06-24,2032,N20,VIIRS,n,2.0NRT,295.91,1.87,N
27.66808,76.12856,308.48,0.44,0.38,2026-06-24,2032,N20,VIIRS,n,2.0NRT,293.85,1.31,N
28.17152,76.85571,306.37,0.42,0.37,2026-06-24,2032,N20,VIIRS,n,2.0NRT,293.6,1.77,N
28.34914,77.2577,308.6,0.41,0.37,2026-06-24,2032,N20,VIIRS,n,2.0NRT,293.38,2,N
28.67516,76.95696,311.1,0.42,0.37,2026-06-24,2032,N20,VIIRS,n,2.0NRT,294.49,3.7,N
28.67576,76.95271,324.26,0.42,0.38,2026-06-24,2032,N20,VIIRS,n,2.0NRT,294.39,3.13,N
28.67859,76.95759,327.4,0.42,0.37,2026-06-24,2032,N20,VIIRS,n,2.0NRT,296.85,3.7,N
28.67919,76.95334,320.5,0.42,0.38,2026-06-24,2032,N20,VIIRS,n,2.0NRT,294.7,3.13,N
33.23817,71.51511,309.26,0.72,0.76,2026-06-24,2210,N20,VIIRS,n,2.0NRT,291.75,1.46,N
35.96721,68.68628,304.1,0.43,0.62,2026-06-24,2210,N20,VIIRS,n,2.0NRT,293.33,0.5,N
36.43816,61.78239,312.09,0.55,0.42,2026-06-24,2210,N20,VIIRS,n,2.0NRT,293.36,1.08,N
36.93074,62.48392,305.79,0.38,0.44,2026-06-24,2210,N20,VIIRS,n,2.0NRT,289.76,0.55,N
36.93463,62.4852,305.53,0.38,0.44,2026-06-24,2210,N20,VIIRS,n,2.0NRT,290.89,0.55,N
37.00931,60.87265,303.25,0.49,0.4,2026-06-24,2210,N20,VIIRS,n,2.0NRT,289.85,1.02,N
37.01292,60.87375,330.57,0.49,0.4,2026-06-24,2210,N20,VIIRS,n,2.0NRT,291.01,5.73,N
37.03387,62.42164,315.23,0.57,0.43,2026-06-24,2210,N20,VIIRS,n,2.0NRT,295.25,2.36,N
37.03518,62.4154,311.69,0.57,0.43,2026-06-24,2210,N20,VIIRS,n,2.0NRT,294.12,2.36,N
28.44268,68.39158,307.75,0.64,0.72,2026-06-24,2212,N20,VIIRS,n,2.0NRT,289.31,6.29,N
24.48115,72.42739,331.77,0.33,0.56,2026-06-25,746,N20,VIIRS,n,2.0NRT,294.92,2.59,D
27.33588,71.16908,337.19,0.35,0.56,2026-06-25,746,N20,VIIRS,n,2.0NRT,302.39,4.47,D
28.09709,76.58231,332.64,0.5,0.41,2026-06-25,746,N20,VIIRS,n,2.0NRT,302.34,4.59,D
28.0611,68.76427,331.3,0.47,0.64,2026-06-25,748,N20,VIIRS,n,2.0NRT,298.15,2.43,D
28.25986,68.67657,332.41,0.47,0.64,2026-06-25,748,N20,VIIRS,n,2.0NRT,297.85,2.9,D
28.29577,68.77325,333.5,0.46,0.63,2026-06-25,748,N20,VIIRS,n,2.0NRT,297.68,2.88,D
28.29657,68.77461,333.58,0.46,0.63,2026-06-25,748,N20,VIIRS,n,2.0NRT,297.35,3.08,D
28.48119,67.97346,335.33,0.51,0.66,2026-06-25,748,N20,VIIRS,n,2.0NRT,299.43,3.83,D
29.09285,75.8869,336.13,0.52,0.41,2026-06-25,748,N20,VIIRS,l,2.0NRT,307.97,5.11,D
29.27549,70.95396,330.14,0.32,0.55,2026-06-25,748,N20,VIIRS,l,2.0NRT,302.46,6.69,D
29.4115,70.63577,333.35,0.33,0.56,2026-06-25,748,N20,VIIRS,n,2.0NRT,297.93,2.07,D
29.41228,70.63911,333.63,0.33,0.56,2026-06-25,748,N20,VIIRS,n,2.0NRT,296.42,2.07,D
29.48341,71.86817,335.6,0.56,0.52,2026-06-25,748,N20,VIIRS,n,2.0NRT,298.88,7.36,D
29.48468,71.87382,342.08,0.56,0.52,2026-06-25,748,N20,VIIRS,n,2.0NRT,298.46,7.36,D
29.4931,71.88945,330.76,0.56,0.52,2026-06-25,748,N20,VIIRS,l,2.0NRT,301.44,9.5,D
29.49761,71.68681,333.03,0.58,0.52,2026-06-25,748,N20,VIIRS,n,2.0NRT,300.35,3.81,D
29.53364,72.13774,342.82,0.54,0.51,2026-06-25,748,N20,VIIRS,n,2.0NRT,297.6,7.11,D
29.57629,71.6566,332.98,0.58,0.52,2026-06-25,748,N20,VIIRS,n,2.0NRT,299.66,2.03,D
29.58908,71.53419,333.96,0.59,0.53,2026-06-25,748,N20,VIIRS,n,2.0NRT,299.99,2.78,D
29.58936,71.53701,333.26,0.59,0.53,2026-06-25,748,N20,VIIRS,n,2.0NRT,300.18,2.32,D
29.6131,72.23589,337.24,0.53,0.5,2026-06-25,748,N20,VIIRS,n,2.0NRT,298.7,5.65,D
29.61467,72.30934,342.54,0.53,0.5,2026-06-25,748,N20,VIIRS,n,2.0NRT,295.82,3.19,D
29.63877,71.73681,335.13,0.57,0.52,2026-06-25,748,N20,VIIRS,n,2.0NRT,298.84,3.5,D
29.64033,71.73891,336.13,0.57,0.52,2026-06-25,748,N20,VIIRS,n,2.0NRT,299.06,4.56,D
29.66092,71.82993,331.94,0.56,0.52,2026-06-25,748,N20,VIIRS,n,2.0NRT,298.59,2.31,D
29.71289,71.9521,341.23,0.55,0.51,2026-06-25,748,N20,VIIRS,n,2.0NRT,298.75,5.06,D
29.71808,76.78762,336.49,0.46,0.39,2026-06-25,748,N20,VIIRS,l,2.0NRT,302.8,3.47,D
29.77794,72.00391,330.65,0.55,0.51,2026-06-25,748,N20,VIIRS,n,2.0NRT,297.93,2.49,D
29.77912,71.3133,330.58,0.6,0.53,2026-06-25,748,N20,VIIRS,n,2.0NRT,300.55,2.07,D
29.82173,76.05742,332.66,0.49,0.41,2026-06-25,748,N20,VIIRS,l,2.0NRT,304.87,1.56,D
29.82418,72.06047,331.88,0.54,0.51,2026-06-25,748,N20,VIIRS,n,2.0NRT,300.33,2.86,D
29.86961,72.33761,331.66,0.52,0.5,2026-06-25,748,N20,VIIRS,n,2.0NRT,298.11,3.26,D
29.86965,72.35989,345.42,0.52,0.5,2026-06-25,748,N20,VIIRS,n,2.0NRT,298.81,9.21,D
29.88292,72.24239,331.25,0.53,0.5,2026-06-25,748,N20,VIIRS,n,2.0NRT,298.43,2.8,D
29.88741,72.39193,333.02,0.52,0.5,2026-06-25,748,N20,VIIRS,n,2.0NRT,297.92,2.63,D
29.89198,72.33118,338.56,0.52,0.5,2026-06-25,748,N20,VIIRS,n,2.0NRT,297.7,3.02,D
29.89258,72.32938,344.46,0.52,0.5,2026-06-25,748,N20,VIIRS,n,2.0NRT,298.17,7.2,D
29.90952,72.56774,330.69,0.5,0.49,2026-06-25,748,N20,VIIRS,n,2.0NRT,298.93,3.5,D
29.91045,71.47127,340.62,0.58,0.52,2026-06-25,748,N20,VIIRS,n,2.0NRT,301.3,4.64,D
29.91048,71.47019,340.53,0.58,0.52,2026-06-25,748,N20,VIIRS,n,2.0NRT,300.85,5.44,D
29.91487,72.61468,331.17,0.5,0.49,2026-06-25,748,N20,VIIRS,n,2.0NRT,298.33,3.22,D
29.93774,72.4272,333.63,0.51,0.5,2026-06-25,748,N20,VIIRS,n,2.0NRT,297.55,2.33,D
29.94449,72.45815,340.43,0.51,0.49,2026-06-25,748,N20,VIIRS,n,2.0NRT,297.68,3.59,D
29.94748,71.39005,330.6,0.59,0.53,2026-06-25,748,N20,VIIRS,n,2.0NRT,300.27,5.89,D
29.95022,71.35754,332.32,0.59,0.53,2026-06-25,748,N20,VIIRS,n,2.0NRT,300.27,2.69,D
29.96208,72.36512,340.26,0.52,0.5,2026-06-25,748,N20,VIIRS,n,2.0NRT,298.12,7.08,D
29.96589,72.94112,331.14,0.48,0.48,2026-06-25,748,N20,VIIRS,n,2.0NRT,298.33,3.16,D
29.96926,71.21709,330.48,0.6,0.53,2026-06-25,748,N20,VIIRS,l,2.0NRT,303.51,8.09,D
29.99041,72.33796,332.79,0.52,0.5,2026-06-25,748,N20,VIIRS,n,2.0NRT,298.01,3.3,D
29.99326,72.33396,330.81,0.52,0.5,2026-06-25,748,N20,VIIRS,n,2.0NRT,297.57,3.7,D
29.99327,72.48791,339.75,0.51,0.49,2026-06-25,748,N20,VIIRS,n,2.0NRT,298.17,4.21,D
29.99438,72.3392,334.23,0.52,0.5,2026-06-25,748,N20,VIIRS,n,2.0NRT,298.14,3.7,D
29.99487,72.33668,334.97,0.52,0.5,2026-06-25,748,N20,VIIRS,n,2.0NRT,297.65,3.41,D
29.99986,72.51861,342.86,0.5,0.49,2026-06-25,748,N20,VIIRS,n,2.0NRT,298.3,5.09,D
30.01801,72.6901,334.11,0.49,0.49,2026-06-25,748,N20,VIIRS,n,2.0NRT,297.87,4.28,D
30.02954,72.54797,331.32,0.5,0.49,2026-06-25,748,N20,VIIRS,n,2.0NRT,297.95,2.65,D
30.03289,71.41347,346.43,0.58,0.52,2026-06-25,748,N20,VIIRS,n,2.0NRT,301.7,8.76,D
30.03648,72.00546,330.83,0.54,0.51,2026-06-25,748,N20,VIIRS,n,2.0NRT,297.89,3.18,D
30.03801,73.06087,338.15,0.47,0.48,2026-06-25,748,N20,VIIRS,n,2.0NRT,297.74,4.82,D
30.04128,72.62509,344.07,0.5,0.49,2026-06-25,748,N20,VIIRS,n,2.0NRT,298.6,8.19,D
30.04136,73.06222,338.3,0.47,0.48,2026-06-25,748,N20,VIIRS,n,2.0NRT,298.23,3.9,D
30.0545,72.90389,337.98,0.48,0.48,2026-06-25,748,N20,VIIRS,n,2.0NRT,297.78,3.73,D
30.06267,72.83456,330.28,0.48,0.48,2026-06-25,748,N20,VIIRS,n,2.0NRT,296.81,2.28,D
30.06894,73.38926,346.39,0.45,0.47,2026-06-25,748,N20,VIIRS,n,2.0NRT,301.59,7.36,D
30.07314,73.3881,343.11,0.45,0.47,2026-06-25,748,N20,VIIRS,n,2.0NRT,300.69,6.49,D
30.07409,73.39265,337.05,0.45,0.47,2026-06-25,748,N20,VIIRS,n,2.0NRT,300.69,4.37,D
30.09088,73.01088,342.23,0.47,0.48,2026-06-25,748,N20,VIIRS,n,2.0NRT,300.05,5.14,D
30.10142,72.69551,330.2,0.49,0.49,2026-06-25,748,N20,VIIRS,n,2.0NRT,297.49,2.81,D
30.10376,74.20098,330.74,0.4,0.45,2026-06-25,748,N20,VIIRS,l,2.0NRT,300.79,2.08,D
30.10467,72.24773,330.89,0.52,0.5,2026-06-25,748,N20,VIIRS,n,2.0NRT,297.95,3.14,D
30.10839,72.55529,338.21,0.5,0.49,2026-06-25,748,N20,VIIRS,n,2.0NRT,297.84,3.04,D
30.11153,71.99529,330.42,0.54,0.51,2026-06-25,748,N20,VIIRS,n,2.0NRT,298.92,1.8,D
30.11683,73.13393,338.35,0.46,0.47,2026-06-25,748,N20,VIIRS,n,2.0NRT,300.89,4.37,D
30.11951,72.94925,332.29,0.47,0.48,2026-06-25,748,N20,VIIRS,n,2.0NRT,299.21,3.28,D
30.12411,72.90715,337.43,0.48,0.48,2026-06-25,748,N20,VIIRS,n,2.0NRT,298.68,4.85,D
30.12429,72.9099,349.78,0.48,0.48,2026-06-25,748,N20,VIIRS,n,2.0NRT,299.43,8.37,D
30.12515,72.91197,332.81,0.48,0.48,2026-06-25,748,N20,VIIRS,n,2.0NRT,298.64,4.85,D
30.12698,73.16087,342.17,0.46,0.47,2026-06-25,748,N20,VIIRS,n,2.0NRT,299.36,3.87,D
30.13503,72.72282,343.42,0.49,0.48,2026-06-25,748,N20,VIIRS,n,2.0NRT,298.44,7.39,D
30.1354,72.34438,343.02,0.51,0.5,2026-06-25,748,N20,VIIRS,n,2.0NRT,299.49,5.2,D
30.1419,73.38101,330.79,0.45,0.47,2026-06-25,748,N20,VIIRS,l,2.0NRT,301.11,2.08,D
30.14299,73.15147,331.7,0.46,0.47,2026-06-25,748,N20,VIIRS,n,2.0NRT,299.98,1.77,D
30.15429,73.22717,351.79,0.46,0.47,2026-06-25,748,N20,VIIRS,n,2.0NRT,300.09,13.71,D
30.16382,73.37978,337.73,0.45,0.47,2026-06-25,748,N20,VIIRS,n,2.0NRT,300.21,2.18,D
30.16543,73.3021,352.4,0.45,0.47,2026-06-25,748,N20,VIIRS,n,2.0NRT,301.39,6.61,D
30.16947,73.25718,331.56,0.45,0.47,2026-06-25,748,N20,VIIRS,n,2.0NRT,298.57,3.23,D
30.17521,73.28483,349.13,0.45,0.47,2026-06-25,748,N20,VIIRS,n,2.0NRT,301.2,10.3,D
30.17616,73.28943,336.05,0.45,0.47,2026-06-25,748,N20,VIIRS,n,2.0NRT,297.92,2.53,D
30.17641,72.93841,344.91,0.47,0.48,2026-06-25,748,N20,VIIRS,n,2.0NRT,298.32,6.1,D
30.1767,73.31352,334.48,0.45,0.47,2026-06-25,748,N20,VIIRS,n,2.0NRT,301.04,4.46,D
30.17942,73.28366,341.71,0.45,0.47,2026-06-25,748,N20,VIIRS,n,2.0NRT,301.04,9.36,D
30.18037,73.28826,342.8,0.45,0.47,2026-06-25,748,N20,VIIRS,n,2.0NRT,299.5,7.3,D
30.18229,72.98747,341.26,0.47,0.48,2026-06-25,748,N20,VIIRS,n,2.0NRT,298.68,3.24,D
30.19311,73.05986,338.61,0.47,0.47,2026-06-25,748,N20,VIIRS,n,2.0NRT,299.89,3.28,D
30.2095,72.8575,331.82,0.48,0.48,2026-06-25,748,N20,VIIRS,n,2.0NRT,299.05,1.9,D
30.21048,72.64671,343.01,0.49,0.49,2026-06-25,748,N20,VIIRS,n,2.0NRT,297.92,6.03,D
30.21953,73.26949,345.66,0.45,0.47,2026-06-25,748,N20,VIIRS,n,2.0NRT,302.06,7.27,D
30.24169,73.14079,332.15,0.46,0.47,2026-06-25,748,N20,VIIRS,n,2.0NRT,299.41,2.01,D
30.24811,73.36302,342.19,0.45,0.47,2026-06-25,748,N20,VIIRS,n,2.0NRT,299.84,3.88,D
30.25245,72.52567,344.36,0.5,0.49,2026-06-25,748,N20,VIIRS,n,2.0NRT,299.61,11.84,D
30.2536,72.52265,343.29,0.5,0.49,2026-06-25,748,N20,VIIRS,n,2.0NRT,299.02,8.16,D
30.25711,76.1636,338.29,0.48,0.4,2026-06-25,748,N20,VIIRS,n,2.0NRT,301.61,3.66,D
30.27216,73.30822,337.9,0.45,0.47,2026-06-25,748,N20,VIIRS,n,2.0NRT,299.98,3.59,D
30.27756,73.24854,339.22,0.45,0.47,2026-06-25,748,N20,VIIRS,n,2.0NRT,300.72,4.34,D
30.29304,75.21835,331.95,0.53,0.42,2026-06-25,748,N20,VIIRS,n,2.0NRT,299.4,1.72,D
30.3036,72.69631,330.33,0.49,0.48,2026-06-25,748,N20,VIIRS,n,2.0NRT,297.32,2.79,D
30.31975,71.85734,345.19,0.54,0.51,2026-06-25,748,N20,VIIRS,n,2.0NRT,299.59,11.57,D
30.32047,72.51699,335.43,0.5,0.49,2026-06-25,748,N20,VIIRS,n,2.0NRT,296.58,4.45,D
30.32146,71.85903,350.33,0.54,0.51,2026-06-25,748,N20,VIIRS,n,2.0NRT,298.72,10.16,D
30.32486,72.51574,339.01,0.5,0.49,2026-06-25,748,N20,VIIRS,n,2.0NRT,295.44,4.45,D
30.32544,73.16425,331.46,0.46,0.47,2026-06-25,748,N20,VIIRS,n,2.0NRT,299.96,2.17,D
30.32576,73.14449,340.33,0.46,0.47,2026-06-25,748,N20,VIIRS,n,2.0NRT,299.95,3.94,D
30.33134,73.44491,336.1,0.44,0.46,2026-06-25,748,N20,VIIRS,n,2.0NRT,300.52,2.55,D
30.33496,72.71354,330.36,0.48,0.48,2026-06-25,748,N20,VIIRS,n,2.0NRT,297.44,2.31,D
30.3414,73.49409,339.06,0.44,0.46,2026-06-25,748,N20,VIIRS,n,2.0NRT,299.56,12.67,D
30.34232,73.49854,342.51,0.44,0.46,2026-06-25,748,N20,VIIRS,n,2.0NRT,299.47,12.67,D
30.35151,71.99855,336.59,0.53,0.5,2026-06-25,748,N20,VIIRS,n,2.0NRT,299.4,4.36,D
30.3523,72.00064,334.9,0.53,0.5,2026-06-25,748,N20,VIIRS,n,2.0NRT,298.96,5.59,D
30.35658,73.50399,337.73,0.44,0.46,2026-06-25,748,N20,VIIRS,n,2.0NRT,298.62,2.82,D
30.3575,73.50571,342.75,0.44,0.46,2026-06-25,748,N20,VIIRS,n,2.0NRT,299.14,4.59,D
30.37146,76.27086,331.68,0.48,0.4,2026-06-25,748,N20,VIIRS,l,2.0NRT,302.42,4.45,D
30.41533,71.82933,333.99,0.54,0.51,2026-06-25,748,N20,VIIRS,n,2.0NRT,298.01,3.15,D
30.42616,73.22583,335.43,0.45,0.47,2026-06-25,748,N20,VIIRS,n,2.0NRT,300.28,2.71,D
30.42871,73.82585,337.36,0.42,0.45,2026-06-25,748,N20,VIIRS,n,2.0NRT,298.92,2.81,D
30.43102,73.81625,340.58,0.42,0.45,2026-06-25,748,N20,VIIRS,n,2.0NRT,300.74,4.2,D
30.45702,73.30898,340.29,0.45,0.47,2026-06-25,748,N20,VIIRS,n,2.0NRT,299.66,2.98,D
30.45818,73.5028,335.84,0.43,0.46,2026-06-25,748,N20,VIIRS,n,2.0NRT,298.81,2.79,D
30.45832,73.12407,342.94,0.46,0.47,2026-06-25,748,N20,VIIRS,n,2.0NRT,301.09,4.1,D
30.46637,73.9669,331.46,0.41,0.45,2026-06-25,748,N20,VIIRS,n,2.0NRT,300.49,2.81,D
30.47402,76.11013,331.74,0.48,0.4,2026-06-25,748,N20,VIIRS,l,2.0NRT,302.88,1.91,D
30.47433,73.81796,343.61,0.42,0.45,2026-06-25,748,N20,VIIRS,n,2.0NRT,300.14,5.99,D
30.4752,73.8222,337.19,0.42,0.45,2026-06-25,748,N20,VIIRS,n,2.0NRT,299.39,5.99,D
30.47838,73.47382,331.45,0.44,0.46,2026-06-25,748,N20,VIIRS,n,2.0NRT,299.26,2.55,D
30.47928,73.28839,333.09,0.45,0.47,2026-06-25,748,N20,VIIRS,n,2.0NRT,299.62,4.47,D
30.48306,73.53793,335.34,0.43,0.46,2026-06-25,748,N20,VIIRS,n,2.0NRT,299.47,4.11,D
30.486,73.21401,338.56,0.45,0.47,2026-06-25,748,N20,VIIRS,n,2.0NRT,299.29,2.75,D
30.4908,72.94742,333.09,0.47,0.47,2026-06-25,748,N20,VIIRS,n,2.0NRT,299.83,2.43,D
30.49701,73.8028,339.55,0.42,0.45,2026-06-25,748,N20,VIIRS,n,2.0NRT,298.79,3.78,D
30.50475,72.84234,331.6,0.47,0.48,2026-06-25,748,N20,VIIRS,n,2.0NRT,299.54,1.81,D
30.50985,75.36668,333.59,0.52,0.42,2026-06-25,748,N20,VIIRS,n,2.0NRT,297.85,5.04,D
30.51043,75.36836,332.75,0.52,0.42,2026-06-25,748,N20,VIIRS,n,2.0NRT,297.65,2.34,D
30.52113,76.1191,335.4,0.48,0.4,2026-06-25,748,N20,VIIRS,n,2.0NRT,301.59,4.04,D
30.52249,72.77308,330.11,0.48,0.48,2026-06-25,748,N20,VIIRS,n,2.0NRT,299.45,3.18,D
30.52262,72.7759,334.63,0.48,0.48,2026-06-25,748,N20,VIIRS,n,2.0NRT,299.24,3.32,D
30.52317,72.82182,331.05,0.47,0.48,2026-06-25,748,N20,VIIRS,n,2.0NRT,300.18,2.93,D
30.53021,73.72254,334.82,0.42,0.45,2026-06-25,748,N20,VIIRS,n,2.0NRT,297.68,2.1,D
30.53292,73.5891,337.72,0.43,0.46,2026-06-25,748,N20,VIIRS,n,2.0NRT,299.64,3.15,D
30.53411,72.10796,340.42,0.52,0.5,2026-06-25,748,N20,VIIRS,n,2.0NRT,297.69,4.34,D
30.53534,73.68474,340.91,0.42,0.45,2026-06-25,748,N20,VIIRS,n,2.0NRT,298.05,3.87,D
30.53959,72.7916,332.13,0.47,0.48,2026-06-25,748,N20,VIIRS,n,2.0NRT,299.46,2.08,D
30.54063,72.79356,335.31,0.47,0.48,2026-06-25,748,N20,VIIRS,n,2.0NRT,299.78,3.52,D
30.55927,73.43822,332.41,0.44,0.46,2026-06-25,748,N20,VIIRS,n,2.0NRT,298.08,2.26,D
30.55951,73.88509,336.43,0.41,0.45,2026-06-25,748,N20,VIIRS,n,2.0NRT,298.31,3.73,D
30.56151,73.51633,340.53,0.43,0.46,2026-06-25,748,N20,VIIRS,n,2.0NRT,300.57,7.22,D
30.56241,73.52073,342.11,0.43,0.46,2026-06-25,748,N20,VIIRS,n,2.0NRT,298.49,5.72,D
30.56265,72.85353,333.86,0.47,0.48,2026-06-25,748,N20,VIIRS,n,2.0NRT,299.36,2.85,D
30.56696,73.71248,344.43,0.42,0.45,2026-06-25,748,N20,VIIRS,n,2.0NRT,299.5,3.96,D
30.56741,73.63024,342.88,0.43,0.46,2026-06-25,748,N20,VIIRS,n,2.0NRT,298.4,4.09,D
30.56915,76.34134,330.21,0.47,0.4,2026-06-25,748,N20,VIIRS,l,2.0NRT,301.77,4.65,D
30.57369,73.85011,334.55,0.41,0.45,2026-06-25,748,N20,VIIRS,n,2.0NRT,298.76,4.09,D
30.58245,73.31818,335.83,0.44,0.46,2026-06-25,748,N20,VIIRS,n,2.0NRT,298.92,2.91,D
30.5825,75.31453,330.06,0.52,0.42,2026-06-25,748,N20,VIIRS,n,2.0NRT,298.35,1.05,D
30.58268,73.66264,336.12,0.42,0.45,2026-06-25,748,N20,VIIRS,n,2.0NRT,297.42,1.43,D
30.59113,73.6191,341.06,0.43,0.46,2026-06-25,748,N20,VIIRS,n,2.0NRT,298.71,5.54,D
30.59202,73.62346,338.93,0.43,0.46,2026-06-25,748,N20,VIIRS,n,2.0NRT,297.61,4.04,D
30.59487,73.02486,330.65,0.46,0.47,2026-06-25,748,N20,VIIRS,n,2.0NRT,299.6,3.59,D
30.60059,72.98846,343.88,0.46,0.47,2026-06-25,748,N20,VIIRS,n,2.0NRT,299.79,4.27,D
30.60191,75.43759,335.95,0.51,0.41,2026-06-25,748,N20,VIIRS,n,2.0NRT,299.04,9.02,D
30.61163,73.82635,335.77,0.41,0.45,2026-06-25,748,N20,VIIRS,n,2.0NRT,299.25,4.19,D
30.61571,73.90968,332.43,0.41,0.45,2026-06-25,748,N20,VIIRS,n,2.0NRT,297.78,2.2,D
30.61612,73.95364,339.05,0.41,0.45,2026-06-25,748,N20,VIIRS,n,2.0NRT,298.73,3.61,D
30.6188,73.68069,342.87,0.42,0.45,2026-06-25,748,N20,VIIRS,n,2.0NRT,298.65,5.07,D
30.6191,73.92639,335.98,0.41,0.45,2026-06-25,748,N20,VIIRS,n,2.0NRT,298.26,2.66,D
30.62446,75.29029,334.73,0.52,0.42,2026-06-25,748,N20,VIIRS,n,2.0NRT,295.97,5.23,D
30.62928,73.35272,339.26,0.44,0.46,2026-06-25,748,N20,VIIRS,n,2.0NRT,299.05,1.97,D
30.63038,72.80887,330.23,0.47,0.48,2026-06-25,748,N20,VIIRS,n,2.0NRT,299.39,3.42,D
30.63067,73.38076,337.6,0.44,0.46,2026-06-25,748,N20,VIIRS,n,2.0NRT,298.97,2.29,D
30.63091,72.00397,334.7,0.52,0.5,2026-06-25,748,N20,VIIRS,n,2.0NRT,297.41,3.56,D
30.63694,72.79679,333.88,0.47,0.48,2026-06-25,748,N20,VIIRS,n,2.0NRT,298.93,1.76,D
30.64167,76.01616,331.84,0.48,0.4,2026-06-25,748,N20,VIIRS,l,2.0NRT,302.33,2.6,D
30.64438,75.7044,335.71,0.5,0.41,2026-06-25,748,N20,VIIRS,n,2.0NRT,299.09,7.35,D
30.64535,75.70951,330.56,0.5,0.41,2026-06-25,748,N20,VIIRS,n,2.0NRT,299.33,5.5,D
30.66508,73.88331,335.99,0.41,0.45,2026-06-25,748,N20,VIIRS,n,2.0NRT,298.12,2.25,D
30.66792,73.73064,330.2,0.42,0.45,2026-06-25,748,N20,VIIRS,n,2.0NRT,297.9,1.99,D
30.67284,74.00386,335.02,0.4,0.45,2026-06-25,748,N20,VIIRS,n,2.0NRT,298.54,2.24,D
30.67299,74.0041,330.77,0.4,0.45,2026-06-25,748,N20,VIIRS,n,2.0NRT,298.16,1.84,D
30.67505,73.97295,342.75,0.41,0.45,2026-06-25,748,N20,VIIRS,n,2.0NRT,298.52,5.01,D
30.67798,75.78134,337.27,0.49,0.41,2026-06-25,748,N20,VIIRS,n,2.0NRT,299.28,2.79,D
30.68391,73.76676,334.29,0.42,0.45,2026-06-25,748,N20,VIIRS,n,2.0NRT,299.27,2.81,D
30.69468,73.71429,342.63,0.42,0.45,2026-06-25,748,N20,VIIRS,n,2.0NRT,299.34,8.2,D
30.69914,74.0491,332.62,0.4,0.44,2026-06-25,748,N20,VIIRS,n,2.0NRT,297.47,1.88,D
30.70078,76.08929,334.49,0.48,0.4,2026-06-25,748,N20,VIIRS,n,2.0NRT,300.95,3.21,D
30.70169,76.09421,334.41,0.48,0.4,2026-06-25,748,N20,VIIRS,n,2.0NRT,301.02,3.94,D
30.70194,73.58009,340.42,0.43,0.46,2026-06-25,748,N20,VIIRS,n,2.0NRT,298.68,3.49,D
30.70314,74.04801,332.9,0.4,0.44,2026-06-25,748,N20,VIIRS,n,2.0NRT,298.13,1.88,D
30.70366,73.58085,338.72,0.43,0.46,2026-06-25,748,N20,VIIRS,n,2.0NRT,298.25,3.32,D
30.70428,73.69807,339.19,0.42,0.45,2026-06-25,748,N20,VIIRS,n,2.0NRT,298.11,2.38,D
30.70767,73.77819,331.54,0.42,0.45,2026-06-25,748,N20,VIIRS,n,2.0NRT,296.86,2.04,D
30.71663,74.03137,330.6,0.4,0.44,2026-06-25,748,N20,VIIRS,n,2.0NRT,297.2,1.4,D
30.72025,73.09526,335.04,0.45,0.47,2026-06-25,748,N20,VIIRS,n,2.0NRT,299.7,1.27,D
30.72138,72.84659,332.77,0.47,0.48,2026-06-25,748,N20,VIIRS,n,2.0NRT,298.39,1.53,D
30.72745,73.98061,335.44,0.4,0.45,2026-06-25,748,N20,VIIRS,n,2.0NRT,298.08,1.77,D
30.73394,73.66383,341.81,0.42,0.45,2026-06-25,748,N20,VIIRS,n,2.0NRT,298.43,2.71,D
30.73911,73.73019,339.01,0.42,0.45,2026-06-25,748,N20,VIIRS,n,2.0NRT,299.83,10.08,D
30.73999,73.73444,342.95,0.42,0.45,2026-06-25,748,N20,VIIRS,n,2.0NRT,298.77,10.08,D
30.74054,76.07941,330.47,0.48,0.4,2026-06-25,748,N20,VIIRS,l,2.0NRT,300.91,3.26,D
30.74918,73.98344,343.01,0.4,0.45,2026-06-25,748,N20,VIIRS,n,2.0NRT,298.82,4.51,D
30.76192,72.9105,343.87,0.46,0.47,2026-06-25,748,N20,VIIRS,n,2.0NRT,298.99,5.2,D
30.77112,74.02962,333.69,0.4,0.44,2026-06-25,748,N20,VIIRS,n,2.0NRT,297.15,4.15,D
30.77253,73.99452,334.66,0.4,0.44,2026-06-25,748,N20,VIIRS,n,2.0NRT,297.81,1.9,D
30.77264,72.78347,345.45,0.47,0.48,2026-06-25,748,N20,VIIRS,n,2.0NRT,299.09,6.29,D
30.78158,75.69724,336.06,0.5,0.41,2026-06-25,748,N20,VIIRS,n,2.0NRT,298.01,4.56,D
30.78337,73.94431,344.45,0.41,0.45,2026-06-25,748,N20,VIIRS,n,2.0NRT,300.66,11.18,D
30.7837,75.69884,336.27,0.5,0.41,2026-06-25,748,N20,VIIRS,n,2.0NRT,297.26,4.69,D
30.78423,73.94846,342.29,0.4,0.45,2026-06-25,748,N20,VIIRS,n,2.0NRT,299.08,7.63,D
30.78629,73.91724,342.63,0.41,0.45,2026-06-25,748,N20,VIIRS,n,2.0NRT,299.06,5.12,D
30.78929,73.82818,345.89,0.41,0.45,2026-06-25,748,N20,VIIRS,n,2.0NRT,299.1,7.46,D
30.79031,73.91615,330.78,0.41,0.45,2026-06-25,748,N20,VIIRS,n,2.0NRT,298.15,1.6,D
30.79282,74.054,342.86,0.4,0.44,2026-06-25,748,N20,VIIRS,n,2.0NRT,297.92,3.66,D
30.79336,74.05453,338.66,0.4,0.44,2026-06-25,748,N20,VIIRS,n,2.0NRT,298.04,3.63,D
30.80728,73.38226,330.89,0.43,0.46,2026-06-25,748,N20,VIIRS,n,2.0NRT,299.87,1.99,D
30.80959,73.76022,334.05,0.41,0.45,2026-06-25,748,N20,VIIRS,n,2.0NRT,298.67,2.6,D
30.82429,73.48481,342.37,0.43,0.46,2026-06-25,748,N20,VIIRS,n,2.0NRT,299.69,4.75,D
30.839,73.34515,335.35,0.44,0.46,2026-06-25,748,N20,VIIRS,n,2.0NRT,299.14,2.59,D
30.84247,73.53055,330.52,0.43,0.46,2026-06-25,748,N20,VIIRS,n,2.0NRT,298.31,0.96,D
30.85648,74.19974,342.65,0.39,0.44,2026-06-25,748,N20,VIIRS,n,2.0NRT,298.6,3.68,D
30.85693,76.28177,338.12,0.47,0.4,2026-06-25,748,N20,VIIRS,n,2.0NRT,300.58,2.93,D
30.8633,74.12997,330.81,0.39,0.44,2026-06-25,748,N20,VIIRS,n,2.0NRT,297.98,2.45,D
30.86422,74.0094,336.03,0.4,0.44,2026-06-25,748,N20,VIIRS,n,2.0NRT,297.44,1.43,D
30.86433,73.90474,341.73,0.41,0.45,2026-06-25,748,N20,VIIRS,n,2.0NRT,297.5,5.38,D
30.87572,72.66486,331.37,0.47,0.48,2026-06-25,748,N20,VIIRS,n,2.0NRT,298.18,2.13,D
30.88222,73.49183,336.73,0.43,0.46,2026-06-25,748,N20,VIIRS,n,2.0NRT,297.96,2.93,D
30.88362,73.58327,337.92,0.42,0.45,2026-06-25,748,N20,VIIRS,n,2.0NRT,298.65,2.44,D
30.88632,76.21154,330.84,0.47,0.4,2026-06-25,748,N20,VIIRS,l,2.0NRT,299.65,4.59,D
30.897,74.0048,332.98,0.4,0.44,2026-06-25,748,N20,VIIRS,n,2.0NRT,296.72,2.28,D
30.89708,76.22909,331.56,0.47,0.4,2026-06-25,748,N20,VIIRS,n,2.0NRT,300.12,2.02,D
30.89778,74.00576,333.22,0.4,0.44,2026-06-25,748,N20,VIIRS,n,2.0NRT,297.04,1.9,D
30.93936,74.00311,330.42,0.4,0.44,2026-06-25,748,N20,VIIRS,n,2.0NRT,297.01,1.69,D
30.94051,74.05019,335.55,0.4,0.44,2026-06-25,748,N20,VIIRS,n,2.0NRT,298.12,3.99,D
30.94134,74.05426,341.36,0.4,0.44,2026-06-25,748,N20,VIIRS,n,2.0NRT,297.52,4.47,D
30.94699,73.56685,330.12,0.42,0.45,2026-06-25,748,N20,VIIRS,n,2.0NRT,298.68,0.71,D
30.99913,73.35082,342.38,0.43,0.46,2026-06-25,748,N20,VIIRS,n,2.0NRT,300.38,9.5,D
31.01756,73.51066,343.51,0.42,0.45,2026-06-25,748,N20,VIIRS,n,2.0NRT,298.88,2.4,D
31.01895,73.50748,338.57,0.42,0.45,2026-06-25,748,N20,VIIRS,n,2.0NRT,299.06,2.66,D
31.03167,73.31825,335,0.43,0.46,2026-06-25,748,N20,VIIRS,n,2.0NRT,298.64,1.76,D
31.05702,73.66936,343.94,0.41,0.45,2026-06-25,748,N20,VIIRS,n,2.0NRT,299.86,4.03,D
31.0696,75.23898,335.13,0.52,0.41,2026-06-25,748,N20,VIIRS,n,2.0NRT,295.6,7.15,D
31.10147,73.39689,333.46,0.43,0.46,2026-06-25,748,N20,VIIRS,n,2.0NRT,298.85,2.03,D
31.10433,73.396,337.47,0.43,0.46,2026-06-25,748,N20,VIIRS,n,2.0NRT,299.44,5.68,D
31.10558,73.39575,333.08,0.43,0.46,2026-06-25,748,N20,VIIRS,n,2.0NRT,299.69,2.76,D
31.11746,74.09253,330.53,0.39,0.44,2026-06-25,748,N20,VIIRS,n,2.0NRT,297.02,2.02,D
31.17408,73.64131,336.85,0.41,0.45,2026-06-25,748,N20,VIIRS,n,2.0NRT,298.2,2.77,D
31.17726,73.63594,331.42,0.41,0.45,2026-06-25,748,N20,VIIRS,n,2.0NRT,297.65,3.12,D
31.19666,75.28751,332.81,0.51,0.41,2026-06-25,748,N20,VIIRS,n,2.0NRT,294.04,4.51,D
31.22264,72.69863,343.19,0.47,0.47,2026-06-25,748,N20,VIIRS,n,2.0NRT,299.07,4.79,D
31.40205,74.17659,336.18,0.38,0.43,2026-06-25,748,N20,VIIRS,n,2.0NRT,298.43,2.72,D
31.55417,72.55335,340.82,0.47,0.47,2026-06-25,748,N20,VIIRS,n,2.0NRT,297.76,3.82,D
31.58031,72.59144,338.2,0.46,0.47,2026-06-25,748,N20,VIIRS,n,2.0NRT,297.65,5.36,D
31.74688,72.71793,341.01,0.45,0.47,2026-06-25,748,N20,VIIRS,n,2.0NRT,297.8,4.78,D
31.756,73.09466,341.12,0.43,0.46,2026-06-25,748,N20,VIIRS,n,2.0NRT,296.69,6.3,D
31.76251,72.97873,330.33,0.44,0.46,2026-06-25,748,N20,VIIRS,n,2.0NRT,298.03,1.58,D
31.79814,73.12964,332.91,0.43,0.46,2026-06-25,748,N20,VIIRS,n,2.0NRT,297.71,2.58,D
31.79905,73.13407,330.15,0.43,0.46,2026-06-25,748,N20,VIIRS,n,2.0NRT,297.93,2.29,D
31.87407,73.00612,338.68,0.43,0.46,2026-06-25,748,N20,VIIRS,n,2.0NRT,296.17,6.92,D
32.44636,72.47546,335.22,0.45,0.47,2026-06-25,748,N20,VIIRS,n,2.0NRT,298.2,1.92,D
32.44861,72.47181,332.65,0.45,0.47,2026-06-25,748,N20,VIIRS,n,2.0NRT,298.45,2.05,D
34.4814,71.48876,333.08,0.46,0.47,2026-06-25,750,N20,VIIRS,n,2.0NRT,302.79,3.93,D
34.57679,72.30094,331.59,0.42,0.45,2026-06-25,750,N20,VIIRS,n,2.0NRT,299.65,3.02,D
34.59026,71.92754,352.84,0.44,0.46,2026-06-25,750,N20,VIIRS,n,2.0NRT,301.72,7.39,D
37.03336,62.41794,337.44,0.61,0.71,2026-06-25,750,N20,VIIRS,l,2.0NRT,309.82,12.12,D
26.18383,61.87481,346.48,0.41,0.45,2026-06-25,928,N20,VIIRS,n,2.0NRT,312.45,2.39,D
28.39078,68.66859,335.3,0.57,0.69,2026-06-25,928,N20,VIIRS,n,2.0NRT,296.84,4.19,D
28.3925,68.6676,336.43,0.57,0.69,2026-06-25,928,N20,VIIRS,n,2.0NRT,296.33,4.86,D
32.55901,62.23067,346.87,0.51,0.5,2026-06-25,930,N20,VIIRS,l,2.0NRT,321.58,3.47,D
36.48269,61.63718,346.03,0.53,0.5,2026-06-25,930,N20,VIIRS,l,2.0NRT,319.01,1.83,D
33.23648,71.51025,302.11,0.56,0.69,2026-06-25,2010,N20,VIIRS,n,2.0NRT,290.47,1.25,N
33.27391,71.58956,305.68,0.55,0.68,2026-06-25,2010,N20,VIIRS,n,2.0NRT,290.93,1.22,N
33.72546,73.49957,303.01,0.43,0.62,2026-06-25,2010,N20,VIIRS,n,2.0NRT,288.04,0.88,N
34.20293,72.90567,301.34,0.47,0.64,2026-06-25,2010,N20,VIIRS,n,2.0NRT,288.41,2.1,N
26.26619,74.19,307.83,0.33,0.55,2026-06-25,2012,N20,VIIRS,n,2.0NRT,292.77,1.27,N
26.27127,74.19057,308.56,0.33,0.55,2026-06-25,2012,N20,VIIRS,n,2.0NRT,293.5,1.27,N
28.78255,76.94718,322.55,0.47,0.48,2026-06-25,2012,N20,VIIRS,n,2.0NRT,292.43,2.93,N
29.12341,75.77639,309.05,0.56,0.52,2026-06-25,2012,N20,VIIRS,n,2.0NRT,293.41,2.69,N
31.25943,76.92214,301.78,0.51,0.49,2026-06-25,2012,N20,VIIRS,n,2.0NRT,289.91,0.9,N
31.61631,74.37489,302.82,0.36,0.58,2026-06-25,2012,N20,VIIRS,n,2.0NRT,289.27,1.07,N
31.70777,77.17529,300.71,0.5,0.49,2026-06-25,2012,N20,VIIRS,n,2.0NRT,287.41,0.89,N
24.66153,74.63496,305.18,0.59,0.53,2026-06-25,2014,N20,VIIRS,n,2.0NRT,290.6,2.13,N
24.76588,74.60724,305.29,0.59,0.53,2026-06-25,2014,N20,VIIRS,n,2.0NRT,290.68,1.61,N
24.79599,70.46297,305.45,0.54,0.68,2026-06-25,2014,N20,VIIRS,n,2.0NRT,292.38,0.66,N
25.48451,68.74194,306.42,0.71,0.75,2026-06-25,2014,N20,VIIRS,n,2.0NRT,293.33,5.01,N
25.48495,68.73478,334.21,0.71,0.75,2026-06-25,2014,N20,VIIRS,n,2.0NRT,293.29,7.03,N
26.09422,68.87529,305.38,0.7,0.75,2026-06-25,2014,N20,VIIRS,n,2.0NRT,293.83,1.07,N
34.20233,72.92446,305.17,0.45,0.63,2026-06-25,2150,N20,VIIRS,n,2.0NRT,287.91,3.36,N
34.20353,72.92002,333,0.45,0.63,2026-06-25,2150,N20,VIIRS,n,2.0NRT,288.04,2.16,N
34.20921,72.92162,309.04,0.45,0.63,2026-06-25,2150,N20,VIIRS,n,2.0NRT,288.32,2.16,N
34.21016,72.91811,303.62,0.45,0.63,2026-06-25,2150,N20,VIIRS,n,2.0NRT,288.7,2.16,N
37.0349,62.41774,318.81,0.39,0.36,2026-06-25,2150,N20,VIIRS,n,2.0NRT,295.07,3.36,N
29.35408,65.89786,310.38,0.46,0.47,2026-06-25,2153,N20,VIIRS,n,2.0NRT,298.35,1.77,N
32.28807,70.73779,309.51,0.38,0.58,2026-06-25,2153,N20,VIIRS,n,2.0NRT,293.9,2.37,N
32.28959,70.73913,311.7,0.38,0.59,2026-06-25,2153,N20,VIIRS,n,2.0NRT,293.74,3.42,N
32.29512,70.73225,308.28,0.38,0.58,2026-06-25,2153,N20,VIIRS,n,2.0NRT,293.54,1.97,N
32.57575,72.56434,304.96,0.47,0.64,2026-06-25,2153,N20,VIIRS,n,2.0NRT,292.6,2.22,N
33.23643,71.51364,304.08,0.4,0.6,2026-06-25,2153,N20,VIIRS,n,2.0NRT,291.55,0.6,N
33.72759,73.50453,299.89,0.5,0.66,2026-06-25,2153,N20,VIIRS,n,2.0NRT,287.09,0.79,N
35.90975,62.96704,310.47,0.41,0.37,2026-06-25,2153,N20,VIIRS,n,2.0NRT,294.96,1.04,N
36.39209,61.78424,304.36,0.39,0.36,2026-06-25,2153,N20,VIIRS,n,2.0NRT,292.08,0.33,N
36.44017,61.78308,305.22,0.39,0.36,2026-06-25,2153,N20,VIIRS,n,2.0NRT,289.11,0.62,N
36.47662,61.62363,304.96,0.39,0.36,2026-06-25,2153,N20,VIIRS,n,2.0NRT,293.48,2.11,N
25.38582,68.58401,311.75,0.41,0.6,2026-06-25,2155,N20,VIIRS,n,2.0NRT,294.49,2.04,N
25.48232,68.73917,320.78,0.41,0.61,2026-06-25,2155,N20,VIIRS,n,2.0NRT,295,2.2,N
25.48247,68.74021,313.79,0.41,0.61,2026-06-25,2155,N20,VIIRS,n,2.0NRT,294.93,2.02,N
25.48327,68.73519,307.91,0.41,0.61,2026-06-25,2155,N20,VIIRS,n,2.0NRT,294.84,1.75,N
25.4834,68.73623,317.46,0.41,0.61,2026-06-25,2155,N20,VIIRS,n,2.0NRT,294.88,2.24,N
25.48775,68.74071,323.66,0.41,0.61,2026-06-25,2155,N20,VIIRS,n,2.0NRT,295.23,2.2,N
25.4879,68.74178,306.88,0.41,0.61,2026-06-25,2155,N20,VIIRS,n,2.0NRT,294.77,1.37,N
25.4887,68.73673,308,0.41,0.61,2026-06-25,2155,N20,VIIRS,n,2.0NRT,294.65,1.75,N
25.48883,68.73779,308.93,0.41,0.61,2026-06-25,2155,N20,VIIRS,n,2.0NRT,294.57,1.27,N
29.13934,77.15533,330.95,0.53,0.5,2026-06-26,729,N20,VIIRS,l,2.0NRT,303.88,7.87,D
29.14271,77.1487,332.78,0.54,0.5,2026-06-26,729,N20,VIIRS,l,2.0NRT,304.94,11.05,D
29.40826,75.73147,330.85,0.32,0.55,2026-06-26,729,N20,VIIRS,n,2.0NRT,296.51,2.65,D
29.53502,76.994,342.11,0.54,0.51,2026-06-26,729,N20,VIIRS,n,2.0NRT,298.71,3.53,D
29.61608,71.94532,333.14,0.53,0.67,2026-06-26,729,N20,VIIRS,n,2.0NRT,295.22,4.69,D
29.6279,76.7155,339,0.55,0.51,2026-06-26,729,N20,VIIRS,n,2.0NRT,300.69,3.85,D
29.63953,71.93477,343.18,0.53,0.67,2026-06-26,729,N20,VIIRS,n,2.0NRT,294.42,7.31,D
29.93944,71.44601,341.54,0.55,0.68,2026-06-26,729,N20,VIIRS,n,2.0NRT,295.43,6.56,D
29.94835,72.38908,333.76,0.49,0.65,2026-06-26,729,N20,VIIRS,n,2.0NRT,294.04,3.34,D
29.95004,72.38609,336.92,0.49,0.65,2026-06-26,729,N20,VIIRS,n,2.0NRT,294.47,4.02,D
29.95615,77.16982,331.46,0.51,0.5,2026-06-26,729,N20,VIIRS,n,2.0NRT,299.28,2.1,D
29.97156,72.69021,341.74,0.47,0.64,2026-06-26,729,N20,VIIRS,n,2.0NRT,294.39,6.72,D
30.01599,77.17776,344.8,0.51,0.49,2026-06-26,729,N20,VIIRS,n,2.0NRT,299.89,12.66,D
30.02763,72.6224,330.61,0.47,0.64,2026-06-26,729,N20,VIIRS,n,2.0NRT,293.48,2.29,D
30.07078,72.69429,337.08,0.47,0.64,2026-06-26,729,N20,VIIRS,n,2.0NRT,293.26,3.55,D
30.08077,72.78134,337.46,0.46,0.64,2026-06-26,729,N20,VIIRS,n,2.0NRT,292.33,3.87,D
30.0919,72.89639,331.36,0.45,0.63,2026-06-26,729,N20,VIIRS,n,2.0NRT,293.67,2.88,D
30.09836,72.58648,335.16,0.47,0.64,2026-06-26,729,N20,VIIRS,n,2.0NRT,293.81,2.69,D
30.0992,72.588,340.84,0.47,0.64,2026-06-26,729,N20,VIIRS,n,2.0NRT,293.91,3.54,D
30.33634,73.53995,334.49,0.41,0.61,2026-06-26,729,N20,VIIRS,n,2.0NRT,293.77,2.96,D
30.36535,72.83849,333.71,0.45,0.63,2026-06-26,729,N20,VIIRS,n,2.0NRT,293.42,3.27,D
30.41081,73.20917,331.24,0.43,0.62,2026-06-26,729,N20,VIIRS,n,2.0NRT,293.38,2.88,D
30.42605,73.22263,339.78,0.43,0.62,2026-06-26,729,N20,VIIRS,n,2.0NRT,293.22,7.65,D
30.43337,73.43903,342.06,0.41,0.61,2026-06-26,729,N20,VIIRS,n,2.0NRT,294.33,3.99,D
30.43376,73.4382,336.58,0.41,0.61,2026-06-26,729,N20,VIIRS,n,2.0NRT,294.26,5.36,D
30.44043,73.18538,347.7,0.43,0.62,2026-06-26,729,N20,VIIRS,n,2.0NRT,292.24,3.79,D
30.44491,73.55496,330.21,0.41,0.6,2026-06-26,729,N20,VIIRS,n,2.0NRT,292.95,2.13,D
30.4452,73.55536,333.84,0.41,0.6,2026-06-26,729,N20,VIIRS,n,2.0NRT,293.43,2.37,D
30.45027,73.55318,332.77,0.41,0.6,2026-06-26,729,N20,VIIRS,n,2.0NRT,293.61,2.1,D
30.45057,73.5536,333.75,0.41,0.6,2026-06-26,729,N20,VIIRS,n,2.0NRT,292.94,2.37,D
30.4884,73.8269,338.86,0.39,0.59,2026-06-26,729,N20,VIIRS,n,2.0NRT,290.16,3.52,D
30.49223,73.84261,331.4,0.39,0.59,2026-06-26,729,N20,VIIRS,n,2.0NRT,289.38,3.66,D
30.5137,73.62077,332.86,0.4,0.6,2026-06-26,729,N20,VIIRS,n,2.0NRT,291.38,3.94,D
30.51701,75.84791,341.51,0.6,0.53,2026-06-26,729,N20,VIIRS,n,2.0NRT,297.54,5.44,D
30.53916,76.14413,341.31,0.57,0.52,2026-06-26,729,N20,VIIRS,n,2.0NRT,299.53,7.56,D
30.55589,73.22773,330.58,0.42,0.61,2026-06-26,729,N20,VIIRS,n,2.0NRT,292.24,2.7,D
30.60897,73.68062,336.86,0.4,0.6,2026-06-26,729,N20,VIIRS,n,2.0NRT,292.23,3.12,D
30.60987,73.67747,331.28,0.4,0.6,2026-06-26,729,N20,VIIRS,n,2.0NRT,292.76,5.93,D
30.67105,76.15202,336.13,0.57,0.52,2026-06-26,729,N20,VIIRS,n,2.0NRT,299.52,2.85,D
30.67762,75.71738,341.71,0.6,0.53,2026-06-26,729,N20,VIIRS,n,2.0NRT,296.49,7.17,D
30.69497,73.55225,338.53,0.4,0.6,2026-06-26,729,N20,VIIRS,n,2.0NRT,293.15,4.11,D
30.70662,73.99965,331.48,0.38,0.59,2026-06-26,729,N20,VIIRS,n,2.0NRT,290.07,2,D
30.73823,74.01402,331.94,0.38,0.58,2026-06-26,729,N20,VIIRS,n,2.0NRT,288.57,2.3,D
30.73996,73.95171,333.58,0.38,0.59,2026-06-26,729,N20,VIIRS,n,2.0NRT,293.19,3.12,D
30.74089,73.95554,338.58,0.38,0.59,2026-06-26,729,N20,VIIRS,n,2.0NRT,292.94,3.12,D
30.74166,76.08499,332.32,0.57,0.52,2026-06-26,729,N20,VIIRS,n,2.0NRT,299.4,5.34,D
30.75939,76.1412,336.94,0.57,0.52,2026-06-26,729,N20,VIIRS,n,2.0NRT,301.07,5.95,D
30.76117,73.96956,330.57,0.38,0.59,2026-06-26,729,N20,VIIRS,n,2.0NRT,292.75,2.55,D
30.77158,75.60191,333.73,0.61,0.53,2026-06-26,729,N20,VIIRS,n,2.0NRT,295.02,4.89,D
30.8541,76.23432,341.23,0.56,0.51,2026-06-26,729,N20,VIIRS,n,2.0NRT,302.11,3.91,D
30.87535,75.48313,334.24,0.61,0.54,2026-06-26,729,N20,VIIRS,n,2.0NRT,295.34,7.35,D
30.87678,75.48936,332.07,0.61,0.54,2026-06-26,729,N20,VIIRS,n,2.0NRT,295.76,7.35,D
30.87821,75.4956,340.76,0.61,0.54,2026-06-26,729,N20,VIIRS,n,2.0NRT,295.38,10.9,D
30.8997,75.31223,332.27,0.63,0.54,2026-06-26,729,N20,VIIRS,n,2.0NRT,294.02,3.56,D
30.93735,76.26727,337.59,0.55,0.51,2026-06-26,729,N20,VIIRS,n,2.0NRT,300.96,4.92,D
30.95641,77.32153,333.15,0.48,0.48,2026-06-26,729,N20,VIIRS,n,2.0NRT,294.62,3.83,D
30.97141,77.604,336.44,0.46,0.47,2026-06-26,729,N20,VIIRS,n,2.0NRT,299.05,3.4,D
30.98161,76.16845,335.57,0.56,0.51,2026-06-26,729,N20,VIIRS,n,2.0NRT,301.7,6.92,D
30.98545,76.18541,332.32,0.56,0.51,2026-06-26,729,N20,VIIRS,n,2.0NRT,301.34,3.42,D
30.9862,76.16706,344.19,0.56,0.51,2026-06-26,729,N20,VIIRS,n,2.0NRT,303.57,6.92,D
30.99328,75.4717,330.65,0.61,0.53,2026-06-26,729,N20,VIIRS,n,2.0NRT,296.01,6.41,D
31.01912,75.45036,333.04,0.61,0.54,2026-06-26,729,N20,VIIRS,n,2.0NRT,295.43,4.02,D
31.02182,75.44888,342.5,0.61,0.54,2026-06-26,729,N20,VIIRS,n,2.0NRT,296.29,6.77,D
31.0239,75.44887,333.43,0.61,0.54,2026-06-26,729,N20,VIIRS,n,2.0NRT,295.76,4.02,D
31.03493,75.57031,333.75,0.6,0.53,2026-06-26,729,N20,VIIRS,n,2.0NRT,296.63,7.06,D
31.04435,76.1858,330.86,0.55,0.51,2026-06-26,729,N20,VIIRS,l,2.0NRT,301.95,3.66,D
31.04602,75.35426,341.17,0.62,0.54,2026-06-26,729,N20,VIIRS,n,2.0NRT,294.57,8.79,D
31.05771,76.0827,340.06,0.56,0.52,2026-06-26,729,N20,VIIRS,n,2.0NRT,300.32,8.21,D
31.05902,76.08841,339.06,0.56,0.52,2026-06-26,729,N20,VIIRS,n,2.0NRT,298.66,8.21,D
31.06096,76.08372,344.35,0.56,0.52,2026-06-26,729,N20,VIIRS,n,2.0NRT,300.25,11.52,D
31.07241,75.57843,330.09,0.6,0.53,2026-06-26,729,N20,VIIRS,n,2.0NRT,295.89,3.23,D
31.08056,75.3029,335.21,0.62,0.54,2026-06-26,729,N20,VIIRS,n,2.0NRT,293.83,8.88,D
31.08201,75.30921,341.14,0.62,0.54,2026-06-26,729,N20,VIIRS,n,2.0NRT,293.36,10.84,D
31.09055,75.21098,335.87,0.63,0.54,2026-06-26,729,N20,VIIRS,n,2.0NRT,293.81,5.91,D
31.0907,75.34712,336.67,0.62,0.54,2026-06-26,729,N20,VIIRS,n,2.0NRT,293.7,3.46,D
31.09122,75.20782,338.69,0.63,0.54,2026-06-26,729,N20,VIIRS,n,2.0NRT,294.22,5.03,D
31.10081,76.14254,341.84,0.56,0.51,2026-06-26,729,N20,VIIRS,n,2.0NRT,299.87,5.36,D
31.21213,75.30605,341.78,0.62,0.54,2026-06-26,729,N20,VIIRS,n,2.0NRT,294.13,4.33,D
31.21447,75.30482,342.2,0.62,0.54,2026-06-26,729,N20,VIIRS,n,2.0NRT,294.31,7.29,D
31.24942,75.45404,338.29,0.6,0.53,2026-06-26,729,N20,VIIRS,n,2.0NRT,295.36,4.31,D
31.25089,75.45419,339.24,0.6,0.53,2026-06-26,729,N20,VIIRS,n,2.0NRT,295.57,6.87,D
31.33139,75.50072,333.34,0.6,0.53,2026-06-26,729,N20,VIIRS,n,2.0NRT,295.61,4.47,D
33.56205,72.87628,350.76,0.37,0.58,2026-06-26,729,N20,VIIRS,n,2.0NRT,298.01,4.67,D
33.9248,72.59532,336.01,0.38,0.59,2026-06-26,729,N20,VIIRS,n,2.0NRT,299.53,2.66,D
34.46391,73.33096,332.41,0.34,0.56,2026-06-26,729,N20,VIIRS,n,2.0NRT,294.89,1.98,D
34.47902,71.49268,333.45,0.42,0.61,2026-06-26,729,N20,VIIRS,n,2.0NRT,297.7,2.98,D
30.85707,73.31509,335.35,0.41,0.61,2026-06-26,731,N20,VIIRS,n,2.0NRT,292.04,3.26,D
30.99092,73.29012,330.49,0.41,0.61,2026-06-26,731,N20,VIIRS,n,2.0NRT,293.19,2.66,D
31.31039,75.34201,331.23,0.61,0.54,2026-06-26,731,N20,VIIRS,n,2.0NRT,294.45,3.03,D
31.31272,75.33986,332.54,0.61,0.53,2026-06-26,731,N20,VIIRS,n,2.0NRT,293.73,5.03,D
31.34361,75.44949,335.14,0.6,0.53,2026-06-26,731,N20,VIIRS,n,2.0NRT,295.22,4.68,D
31.34532,75.45045,331.88,0.6,0.53,2026-06-26,731,N20,VIIRS,n,2.0NRT,295.09,3.22,D
31.38202,75.48341,340.04,0.6,0.53,2026-06-26,731,N20,VIIRS,n,2.0NRT,295.43,4.2,D
31.39346,75.64142,331.99,0.58,0.52,2026-06-26,731,N20,VIIRS,n,2.0NRT,297.29,5.38,D
31.39392,75.64294,332.34,0.59,0.52,2026-06-26,731,N20,VIIRS,n,2.0NRT,297.11,5.41,D
31.40789,75.12016,330.71,0.63,0.54,2026-06-26,731,N20,VIIRS,n,2.0NRT,292.44,4.33,D
31.48555,75.49587,330.53,0.59,0.53,2026-06-26,731,N20,VIIRS,n,2.0NRT,295.22,7.15,D
31.48625,75.49642,331.37,0.59,0.53,2026-06-26,731,N20,VIIRS,n,2.0NRT,295.4,5.75,D
31.71153,72.2263,339.63,0.45,0.63,2026-06-26,731,N20,VIIRS,n,2.0NRT,297.15,5.12,D
32.48218,74.24812,343.3,0.33,0.55,2026-06-26,731,N20,VIIRS,n,2.0NRT,295.35,3.81,D
32.58671,71.79415,334.17,0.45,0.63,2026-06-26,731,N20,VIIRS,n,2.0NRT,294.73,2.47,D
32.60692,73.25835,335.46,0.37,0.58,2026-06-26,731,N20,VIIRS,n,2.0NRT,297.96,3.64,D
32.6094,73.26139,331.28,0.38,0.58,2026-06-26,731,N20,VIIRS,n,2.0NRT,297.85,3.92,D
23.87122,74.02095,330.36,0.56,0.69,2026-06-26,907,N20,VIIRS,n,2.0NRT,289.18,3.27,D
24.24551,70.62391,336.87,0.34,0.56,2026-06-26,907,N20,VIIRS,n,2.0NRT,300.54,4.17,D
26.04642,68.6265,336.11,0.54,0.51,2026-06-26,907,N20,VIIRS,n,2.0NRT,301.23,2.44,D
26.37904,70.64154,341.43,0.36,0.58,2026-06-26,907,N20,VIIRS,n,2.0NRT,303.9,2.96,D
27.28928,67.6896,340.14,0.49,0.49,2026-06-26,907,N20,VIIRS,n,2.0NRT,306.1,16,D
27.57107,67.66669,342.95,0.49,0.49,2026-06-26,907,N20,VIIRS,n,2.0NRT,303.95,8.28,D
27.57306,67.6644,339.77,0.49,0.49,2026-06-26,907,N20,VIIRS,n,2.0NRT,304.04,7.3,D
28.04964,69.37005,333.44,0.63,0.54,2026-06-26,907,N20,VIIRS,n,2.0NRT,298.69,6.86,D
28.0498,69.37078,331.83,0.63,0.54,2026-06-26,907,N20,VIIRS,n,2.0NRT,298.75,4.55,D
28.43877,68.4535,340.62,0.56,0.52,2026-06-26,909,N20,VIIRS,n,2.0NRT,304.32,8.87,D
28.49014,67.96474,352.82,0.53,0.5,2026-06-26,909,N20,VIIRS,n,2.0NRT,309.24,17.27,D
28.60968,68.62736,345.2,0.58,0.52,2026-06-26,909,N20,VIIRS,n,2.0NRT,304.81,10.11,D
29.23797,69.91804,337.36,0.35,0.57,2026-06-26,909,N20,VIIRS,n,2.0NRT,304.39,2.37,D
29.48382,71.56183,330.81,0.45,0.63,2026-06-26,909,N20,VIIRS,n,2.0NRT,297.17,1.39,D
29.63546,71.93332,331.68,0.47,0.64,2026-06-26,909,N20,VIIRS,n,2.0NRT,295,1.97,D
29.72584,72.52344,348.25,0.51,0.66,2026-06-26,909,N20,VIIRS,n,2.0NRT,293,8.61,D
29.83771,72.13925,350.06,0.49,0.65,2026-06-26,909,N20,VIIRS,n,2.0NRT,294.36,5.42,D
29.83953,72.1409,342.7,0.49,0.65,2026-06-26,909,N20,VIIRS,n,2.0NRT,293.61,6.89,D
29.86205,71.36347,332.71,0.44,0.62,2026-06-26,909,N20,VIIRS,n,2.0NRT,299.99,3.11,D
29.86914,72.79198,336.4,0.54,0.68,2026-06-26,909,N20,VIIRS,n,2.0NRT,291.49,4.96,D
30.05209,72.84149,330.59,0.54,0.68,2026-06-26,909,N20,VIIRS,n,2.0NRT,292.97,2.86,D
30.3159,71.68963,346.33,0.46,0.64,2026-06-26,909,N20,VIIRS,n,2.0NRT,294.43,4.15,D
30.55503,75.28859,330.68,0.76,0.77,2026-06-26,909,N20,VIIRS,n,2.0NRT,288.69,5.48,D
30.84204,75.43098,330.55,0.78,0.78,2026-06-26,909,N20,VIIRS,n,2.0NRT,288.49,3.68,D
31.0751,75.35477,331.39,0.78,0.78,2026-06-26,909,N20,VIIRS,n,2.0NRT,288.66,6.08,D
31.20033,75.29371,332.49,0.77,0.78,2026-06-26,909,N20,VIIRS,n,2.0NRT,288.55,9.33,D
31.61713,65.85729,345.17,0.43,0.46,2026-06-26,909,N20,VIIRS,l,2.0NRT,317.8,3.59,D
32.76054,73.45673,338.83,0.62,0.71,2026-06-26,909,N20,VIIRS,n,2.0NRT,293.49,4.66,D
32.76266,73.45644,332.15,0.62,0.71,2026-06-26,909,N20,VIIRS,n,2.0NRT,293.13,4.27,D
34.577,72.07331,333.27,0.53,0.67,2026-06-26,909,N20,VIIRS,n,2.0NRT,300.1,6.74,D
34.57723,72.07834,342.35,0.53,0.67,2026-06-26,909,N20,VIIRS,n,2.0NRT,300.05,4.58,D
34.57819,72.09802,331.28,0.53,0.67,2026-06-26,909,N20,VIIRS,n,2.0NRT,297.9,4.58,D
34.58135,72.07175,333.56,0.53,0.67,2026-06-26,909,N20,VIIRS,n,2.0NRT,299.67,7.97,D
34.58157,72.07702,343.77,0.53,0.67,2026-06-26,909,N20,VIIRS,n,2.0NRT,300.05,7.97,D
34.5823,72.09459,336,0.53,0.67,2026-06-26,909,N20,VIIRS,n,2.0NRT,297.6,8.45,D
34.59404,72.07587,345.66,0.53,0.67,2026-06-26,909,N20,VIIRS,n,2.0NRT,298.57,6.51,D
32.28942,70.7401,309.36,0.41,0.45,2026-06-26,2131,N20,VIIRS,n,2.0NRT,293.48,4.41,N
32.29512,70.73311,311.84,0.41,0.45,2026-06-26,2131,N20,VIIRS,n,2.0NRT,294.53,4.97,N
32.89029,71.6162,309.79,0.44,0.46,2026-06-26,2131,N20,VIIRS,n,2.0NRT,295.53,3.33,N
33.54527,71.54973,307.98,0.43,0.46,2026-06-26,2131,N20,VIIRS,n,2.0NRT,293.74,1.16,N
33.69254,73.48985,303.16,0.54,0.51,2026-06-26,2131,N20,VIIRS,n,2.0NRT,290.65,2.07,N
33.69365,73.48868,311.76,0.54,0.51,2026-06-26,2131,N20,VIIRS,n,2.0NRT,290.91,2.26,N
33.69391,73.48403,315.05,0.54,0.51,2026-06-26,2131,N20,VIIRS,n,2.0NRT,290.74,2.81,N
33.69495,73.48297,310.34,0.54,0.51,2026-06-26,2131,N20,VIIRS,n,2.0NRT,290.44,2.26,N
34.09226,74.81575,306.75,0.63,0.54,2026-06-26,2131,N20,VIIRS,n,2.0NRT,286.94,2.11,N
34.34643,72.88419,302.39,0.48,0.48,2026-06-26,2131,N20,VIIRS,n,2.0NRT,290.6,0.52,N
34.36221,72.17232,311.1,0.44,0.46,2026-06-26,2131,N20,VIIRS,n,2.0NRT,294.69,3.15,N
34.43375,73.33202,301.88,0.51,0.49,2026-06-26,2131,N20,VIIRS,n,2.0NRT,289.8,0.8,N
34.43819,73.33331,310.46,0.51,0.49,2026-06-26,2131,N20,VIIRS,n,2.0NRT,290.13,2.23,N
34.4741,71.65781,310.85,0.41,0.45,2026-06-26,2131,N20,VIIRS,n,2.0NRT,293.62,1.91,N
34.47585,71.64971,315.72,0.41,0.45,2026-06-26,2131,N20,VIIRS,n,2.0NRT,293.44,2.61,N
34.47733,71.66276,307.61,0.41,0.45,2026-06-26,2131,N20,VIIRS,n,2.0NRT,293.55,1.43,N
34.47822,71.65865,310.72,0.41,0.45,2026-06-26,2131,N20,VIIRS,n,2.0NRT,293.63,1.43,N
34.47905,71.65476,327.7,0.41,0.45,2026-06-26,2131,N20,VIIRS,n,2.0NRT,294.34,2.5,N
34.47992,71.65073,316.9,0.41,0.45,2026-06-26,2131,N20,VIIRS,n,2.0NRT,293.46,2.5,N
34.49966,73.29133,302.14,0.51,0.49,2026-06-26,2131,N20,VIIRS,n,2.0NRT,289.81,0.86,N
34.50071,73.28672,310.7,0.5,0.49,2026-06-26,2131,N20,VIIRS,n,2.0NRT,290.25,2.06,N
34.50425,73.29185,307.25,0.51,0.49,2026-06-26,2131,N20,VIIRS,n,2.0NRT,290.18,2.23,N
34.50522,73.28758,308.86,0.5,0.49,2026-06-26,2131,N20,VIIRS,n,2.0NRT,290.32,1.98,N
34.50863,73.29328,321.8,0.51,0.49,2026-06-26,2131,N20,VIIRS,n,2.0NRT,290.15,2.23,N
34.54187,71.99672,327.86,0.43,0.46,2026-06-26,2131,N20,VIIRS,n,2.0NRT,296.32,3.52,N
34.54276,71.99255,327.75,0.43,0.46,2026-06-26,2131,N20,VIIRS,n,2.0NRT,295.65,3.52,N
34.54612,71.99725,330.57,0.43,0.46,2026-06-26,2131,N20,VIIRS,n,2.0NRT,295.05,3.52,N
34.59259,72.07178,323.86,0.43,0.46,2026-06-26,2131,N20,VIIRS,n,2.0NRT,292.25,2.76,N
34.59361,72.06714,303.29,0.43,0.46,2026-06-26,2131,N20,VIIRS,n,2.0NRT,291.34,1.11,N
34.59459,72.06262,312.19,0.43,0.46,2026-06-26,2131,N20,VIIRS,n,2.0NRT,291.73,1.11,N
35.90915,62.9653,299.52,0.42,0.38,2026-06-26,2131,N20,VIIRS,n,2.0NRT,279.1,0.94,N
36.65415,62.49239,306.06,0.44,0.38,2026-06-26,2131,N20,VIIRS,n,2.0NRT,287.24,1.05,N
37.03131,62.41877,312.16,0.44,0.39,2026-06-26,2131,N20,VIIRS,n,2.0NRT,287.77,3.27,N
37.03484,62.41947,310.75,0.44,0.39,2026-06-26,2131,N20,VIIRS,n,2.0NRT,288,3.27,N
24.68932,73.00339,307.3,0.4,0.6,2026-06-26,2133,N20,VIIRS,n,2.0NRT,290.06,1.09,N
24.82342,73.09526,306.8,0.4,0.6,2026-06-26,2133,N20,VIIRS,n,2.0NRT,289.73,4.26,N
25.15635,67.70306,307.56,0.56,0.43,2026-06-26,2133,N20,VIIRS,n,2.0NRT,296.01,3.2,N
25.38624,68.58472,310.13,0.42,0.45,2026-06-26,2133,N20,VIIRS,n,2.0NRT,296.33,1.12,N
25.38732,68.58567,306.5,0.42,0.45,2026-06-26,2133,N20,VIIRS,n,2.0NRT,295.84,1.11,N
25.86246,68.93359,307.86,0.43,0.46,2026-06-26,2133,N20,VIIRS,n,2.0NRT,296.3,0.74,N
25.86415,68.93243,307.57,0.43,0.46,2026-06-26,2133,N20,VIIRS,n,2.0NRT,296.21,0.72,N
25.94311,72.19532,313.66,0.34,0.56,2026-06-26,2133,N20,VIIRS,n,2.0NRT,292.76,1.34,N
26.09256,68.87913,312.79,0.42,0.45,2026-06-26,2133,N20,VIIRS,n,2.0NRT,296.63,1,N
26.09502,68.87836,313.4,0.42,0.45,2026-06-26,2133,N20,VIIRS,n,2.0NRT,296.7,1.01,N
26.25757,74.09464,305.12,0.43,0.62,2026-06-26,2133,N20,VIIRS,n,2.0NRT,289.12,1.08,N
26.25956,74.09677,309.99,0.43,0.62,2026-06-26,2133,N20,VIIRS,n,2.0NRT,289.29,1.2,N
26.87036,68.55319,310.69,0.39,0.44,2026-06-26,2133,N20,VIIRS,n,2.0NRT,297.89,0.57,N
27.28737,73.84024,302.74,0.39,0.6,2026-06-26,2133,N20,VIIRS,n,2.0NRT,289.54,0.41,N
27.633,67.88087,330.04,0.52,0.42,2026-06-26,2133,N20,VIIRS,n,2.0NRT,297.72,3.49,N
27.71424,69.44151,326.04,0.42,0.45,2026-06-26,2133,N20,VIIRS,n,2.0NRT,297.47,1.73,N
27.96975,67.82291,313.92,0.51,0.41,2026-06-26,2133,N20,VIIRS,n,2.0NRT,298.49,1.37,N
28.42642,69.69993,309.16,0.42,0.45,2026-06-26,2133,N20,VIIRS,n,2.0NRT,296.64,1.84,N