latitude,longitude,bright_ti4,scan,track,acq_date,acq_time,satellite,instrument,confidence,version,bright_ti5,frp,daynight,type
23.64025,77.77472,334.66,0.39,0.36,2023-11-11,801,N,VIIRS,n,2,304.48,3.71,D,0
23.67562,77.67253,334.35,0.38,0.36,2023-11-11,801,N,VIIRS,n,2,303.46,1.74,D,0
23.69549,75.52809,338.56,0.4,0.37,2023-11-11,801,N,VIIRS,l,2,309.43,4.22,D,0
23.71916,77.46425,333.37,0.38,0.36,2023-11-11,801,N,VIIRS,n,2,305.68,2.04,D,0
23.74342,77.62583,331.44,0.38,0.36,2023-11-11,801,N,VIIRS,n,2,302.57,1.67,D,0
24.05767,75.34496,348.12,0.41,0.37,2023-11-11,801,N,VIIRS,n,2,309.24,4.11,D,0
24.06164,75.34852,349.11,0.41,0.37,2023-11-11,801,N,VIIRS,n,2,309.52,2.16,D,0
24.06171,75.34827,355.82,0.41,0.37,2023-11-11,801,N,VIIRS,n,2,309.27,4.11,D,0
24.06437,75.34389,335.47,0.41,0.37,2023-11-11,801,N,VIIRS,l,2,310.07,2.16,D,0
24.06503,75.34786,336.49,0.41,0.37,2023-11-11,801,N,VIIRS,l,2,309.35,2.16,D,0
24.19466,74.36001,332.08,0.44,0.38,2023-11-11,801,N,VIIRS,n,2,305.5,1.09,D,0
24.22086,77.49856,336.54,0.38,0.36,2023-11-11,801,N,VIIRS,n,2,310.86,4.13,D,0
24.22417,77.49797,335.45,0.38,0.36,2023-11-11,801,N,VIIRS,n,2,308.22,1.48,D,0
24.31433,77.48965,336.68,0.38,0.36,2023-11-11,801,N,VIIRS,l,2,308.73,2.25,D,0
24.42078,72.8501,335.23,0.5,0.41,2023-11-11,801,N,VIIRS,n,2,303.2,3.75,D,0
24.46098,77.49832,332.92,0.39,0.36,2023-11-11,801,N,VIIRS,n,2,305.91,1.86,D,0
24.50128,77.06811,348.78,0.38,0.36,2023-11-11,801,N,VIIRS,n,2,308.84,10.74,D,0
24.50471,77.47494,347.35,0.38,0.36,2023-11-11,801,N,VIIRS,n,2,308.27,6,D,0
24.5732,77.4783,339.45,0.39,0.36,2023-11-11,801,N,VIIRS,n,2,307.62,4.43,D,0
24.71787,75.03703,336.2,0.41,0.37,2023-11-11,801,N,VIIRS,l,2,310.41,3.01,D,0
24.72127,75.03635,353.46,0.41,0.37,2023-11-11,801,N,VIIRS,n,2,309.48,3.01,D,0
24.72637,77.80688,334.69,0.39,0.36,2023-11-11,801,N,VIIRS,n,2,306.39,2.3,D,0
24.80406,76.28722,337.32,0.39,0.36,2023-11-11,801,N,VIIRS,n,2,305.14,3.25,D,0
24.81563,76.18671,336.09,0.39,0.36,2023-11-11,801,N,VIIRS,l,2,309.13,5.4,D,0
24.83938,68.0477,335.94,0.62,0.54,2023-11-11,801,N,VIIRS,n,2,303.87,2.22,D,0
24.84612,76.18488,334.26,0.39,0.36,2023-11-11,801,N,VIIRS,n,2,305.78,2.07,D,0
24.84713,72.52152,339.48,0.52,0.41,2023-11-11,801,N,VIIRS,n,2,310.2,4.96,D,0
24.86791,73.39437,344.74,0.47,0.4,2023-11-11,801,N,VIIRS,n,2,305.33,4.69,D,0
24.88633,76.25254,343.46,0.39,0.36,2023-11-11,801,N,VIIRS,n,2,304.92,4.3,D,0
24.89025,76.25572,332.43,0.39,0.36,2023-11-11,801,N,VIIRS,l,2,304.34,4.3,D,0
24.92068,74.63019,332.04,0.42,0.38,2023-11-11,801,N,VIIRS,n,2,304.46,1.04,D,0
24.94697,77.28687,334.4,0.38,0.36,2023-11-11,801,N,VIIRS,n,2,304.14,2.58,D,0
24.9754,76.84975,338.66,0.38,0.36,2023-11-11,801,N,VIIRS,n,2,307.8,2.84,D,0
24.97598,76.85355,337.5,0.38,0.36,2023-11-11,801,N,VIIRS,n,2,307.92,2.58,D,0
24.98838,76.89025,337.18,0.38,0.36,2023-11-11,801,N,VIIRS,n,2,307.38,7.14,D,0
24.99879,77.26975,339.97,0.38,0.36,2023-11-11,801,N,VIIRS,n,2,307.9,4.58,D,0
25.00153,77.26536,340.71,0.38,0.36,2023-11-11,801,N,VIIRS,n,2,307.44,3.11,D,0
25.00518,76.18683,335.11,0.39,0.36,2023-11-11,801,N,VIIRS,n,2,307.23,1.84,D,0
25.05427,68.50085,336.63,0.58,0.52,2023-11-11,801,N,VIIRS,n,2,302.09,7.79,D,0
25.05442,68.50451,341.44,0.58,0.52,2023-11-11,801,N,VIIRS,n,2,303.67,5.19,D,0
25.05914,76.90847,337.54,0.38,0.36,2023-11-11,801,N,VIIRS,n,2,304.88,2.15,D,0
25.07085,67.37309,340.21,0.34,0.56,2023-11-11,801,N,VIIRS,n,2,308.6,3.59,D,0
25.09341,76.95674,334.07,0.38,0.36,2023-11-11,801,N,VIIRS,n,2,306.16,2.09,D,0
25.09529,68.60124,330.03,0.57,0.52,2023-11-11,801,N,VIIRS,n,2,300.4,2.94,D,0
25.09564,68.60349,332.58,0.57,0.52,2023-11-11,801,N,VIIRS,n,2,300.67,2.71,D,0
25.09672,76.95614,332.96,0.38,0.36,2023-11-11,801,N,VIIRS,n,2,304.52,2.39,D,0
25.12936,76.96967,332.6,0.38,0.36,2023-11-11,801,N,VIIRS,l,2,306.51,0.78,D,0
25.22766,77.65208,334.77,0.39,0.36,2023-11-11,801,N,VIIRS,n,2,303.87,2.47,D,0
25.22771,76.83821,335.81,0.38,0.36,2023-11-11,801,N,VIIRS,n,2,304.8,2.22,D,0
25.25206,75.77946,333.51,0.39,0.36,2023-11-11,801,N,VIIRS,l,2,305.81,2.91,D,0
25.25262,77.02496,330.89,0.38,0.36,2023-11-11,801,N,VIIRS,n,2,302.14,0.64,D,0
25.2625,69.27661,331.93,0.51,0.5,2023-11-11,801,N,VIIRS,l,2,306.23,3.14,D,0
25.26566,77.7953,332.27,0.39,0.36,2023-11-11,801,N,VIIRS,n,2,299.33,3.9,D,0
25.26899,77.7947,333.25,0.39,0.36,2023-11-11,801,N,VIIRS,n,2,300.26,4.14,D,0
25.27591,76.86449,334.11,0.38,0.36,2023-11-11,801,N,VIIRS,n,2,303,2,D,0
25.31308,68.69522,340.81,0.56,0.51,2023-11-11,801,N,VIIRS,n,2,303.68,10.62,D,0
25.31382,68.6926,352.63,0.56,0.51,2023-11-11,801,N,VIIRS,n,2,303.45,10.67,D,0
25.31806,69.54486,341.71,0.49,0.49,2023-11-11,801,N,VIIRS,n,2,309.55,3.82,D,0
25.32145,74.62068,335.44,0.42,0.37,2023-11-11,801,N,VIIRS,n,2,309.61,2.62,D,0
25.32459,68.72691,340.86,0.55,0.51,2023-11-11,801,N,VIIRS,n,2,304.75,2.94,D,0
25.32672,68.72966,333.03,0.55,0.51,2023-11-11,801,N,VIIRS,n,2,304.24,4.46,D,0
25.35538,75.76772,337.57,0.39,0.36,2023-11-11,801,N,VIIRS,l,2,311.54,7.47,D,0
25.41639,75.67591,346.34,0.39,0.36,2023-11-11,801,N,VIIRS,n,2,307.76,8.41,D,0
25.41787,75.67572,345.53,0.39,0.36,2023-11-11,801,N,VIIRS,n,2,306.32,5.44,D,0
25.43797,76.5965,336.44,0.38,0.36,2023-11-11,801,N,VIIRS,n,2,304.96,2.44,D,0
25.44128,76.59589,336.96,0.38,0.36,2023-11-11,801,N,VIIRS,l,2,307.65,5.8,D,0
25.50434,74.58485,342.86,0.42,0.37,2023-11-11,801,N,VIIRS,n,2,306.08,3.5,D,0
25.50681,68.90331,340.75,0.54,0.51,2023-11-11,801,N,VIIRS,n,2,303.43,7.29,D,0
25.50793,68.9086,330.26,0.54,0.5,2023-11-11,801,N,VIIRS,n,2,303.65,6.48,D,0
25.50814,77.74064,344.86,0.39,0.36,2023-11-11,801,N,VIIRS,n,2,301.19,4.36,D,0
25.52601,75.58678,335.94,0.39,0.36,2023-11-11,801,N,VIIRS,n,2,308.78,3.52,D,0
25.59766,76.69215,333,0.38,0.36,2023-11-11,801,N,VIIRS,n,2,302.69,2.89,D,0
25.60097,76.69154,334.37,0.38,0.36,2023-11-11,801,N,VIIRS,n,2,302.47,2.89,D,0
25.60254,76.61287,340.33,0.38,0.36,2023-11-11,801,N,VIIRS,n,2,305.44,8.32,D,0
25.60816,76.69412,344.61,0.38,0.36,2023-11-11,801,N,VIIRS,n,2,301.95,6.81,D,0
25.62433,76.57744,337.97,0.38,0.36,2023-11-11,801,N,VIIRS,n,2,306.6,2.82,D,0
25.63561,76.54009,344.42,0.38,0.36,2023-11-11,801,N,VIIRS,n,2,306.32,3.37,D,0
25.66793,77.06701,341.29,0.38,0.36,2023-11-11,801,N,VIIRS,n,2,302.68,4.83,D,0
25.67124,77.06641,347.1,0.38,0.36,2023-11-11,801,N,VIIRS,n,2,303.71,4.83,D,0
25.67372,76.67804,334.97,0.38,0.36,2023-11-11,801,N,VIIRS,n,2,303.91,5.06,D,0
25.72924,76.55405,334.01,0.38,0.36,2023-11-11,801,N,VIIRS,n,2,301.99,1.84,D,0
25.7841,76.60648,330.37,0.38,0.36,2023-11-11,801,N,VIIRS,n,2,304.08,1.4,D,0
25.80258,76.63836,334.5,0.38,0.36,2023-11-11,801,N,VIIRS,n,2,305.05,3.12,D,0
25.80491,76.65363,334.17,0.38,0.36,2023-11-11,801,N,VIIRS,n,2,305.24,2.23,D,0
25.80764,76.58245,331.87,0.38,0.36,2023-11-11,801,N,VIIRS,n,2,302.36,1.59,D,0
25.80821,76.65302,334.62,0.38,0.36,2023-11-11,801,N,VIIRS,n,2,304.79,4.4,D,0
25.80861,76.63331,331.16,0.38,0.36,2023-11-11,801,N,VIIRS,l,2,304.31,1.63,D,0
25.82056,75.11974,335.48,0.4,0.37,2023-11-11,801,N,VIIRS,n,2,307.31,2.55,D,0
25.83409,76.64427,348.69,0.38,0.36,2023-11-11,801,N,VIIRS,n,2,306.41,5.84,D,0
25.83794,74.75578,335.29,0.41,0.37,2023-11-11,801,N,VIIRS,l,2,308.53,1.37,D,0
25.83935,76.61188,334.35,0.38,0.36,2023-11-11,801,N,VIIRS,n,2,302.96,1.91,D,0
25.84134,74.7551,336.78,0.41,0.37,2023-11-11,801,N,VIIRS,l,2,308.91,1.37,D,0
25.84343,76.6386,346.45,0.38,0.36,2023-11-11,801,N,VIIRS,n,2,308.36,11.18,D,0
25.8479,76.64562,348.25,0.38,0.36,2023-11-11,801,N,VIIRS,n,2,306.84,9.91,D,0
25.85335,76.63676,339.12,0.38,0.36,2023-11-11,801,N,VIIRS,n,2,305.62,3.57,D,0
25.92394,76.81284,345.94,0.38,0.36,2023-11-11,801,N,VIIRS,n,2,307.09,12.84,D,0
25.94851,73.51996,348.42,0.45,0.39,2023-11-11,801,N,VIIRS,n,2,312.47,9.53,D,0
26.25384,74.08684,354.87,0.43,0.38,2023-11-11,801,N,VIIRS,n,2,309.34,3.04,D,0
26.25457,74.09107,341.71,0.43,0.38,2023-11-11,801,N,VIIRS,n,2,308,3.04,D,0
26.01691,69.06953,339.16,0.51,0.49,2023-11-11,802,N,VIIRS,n,2,303.88,2.59,D,0
26.0628,68.17848,331.97,0.58,0.52,2023-11-11,802,N,VIIRS,n,2,304.64,1.65,D,0
26.07454,68.51162,330.46,0.55,0.51,2023-11-11,802,N,VIIRS,n,2,300.99,1.99,D,0
27.22219,74.25024,341.15,0.41,0.37,2023-11-11,802,N,VIIRS,n,2,303.36,11.28,D,0
27.22628,74.25365,343.93,0.41,0.37,2023-11-11,802,N,VIIRS,n,2,302.93,5.07,D,0
27.35521,70.37305,335.29,0.41,0.45,2023-11-11,802,N,VIIRS,n,2,307.87,1.39,D,0
27.77494,69.37775,330.99,0.45,0.47,2023-11-11,802,N,VIIRS,n,2,302.21,1.67,D,0
27.80038,69.56546,344.17,0.44,0.46,2023-11-11,802,N,VIIRS,n,2,302.09,4.19,D,0
27.80194,69.56409,340.1,0.44,0.46,2023-11-11,802,N,VIIRS,n,2,301.06,3.31,D,0
27.83423,69.44845,335.56,0.45,0.47,2023-11-11,802,N,VIIRS,n,2,301.15,2.78,D,0
27.91619,69.61617,340.71,0.44,0.46,2023-11-11,802,N,VIIRS,n,2,302.14,4.89,D,0
27.91656,69.61493,342.52,0.44,0.46,2023-11-11,802,N,VIIRS,n,2,301.71,4.93,D,0
27.9664,67.57561,340.49,0.57,0.52,2023-11-11,802,N,VIIRS,n,2,300.98,6.12,D,0
28.02442,73.06808,346.82,0.44,0.39,2023-11-11,802,N,VIIRS,n,2,302.56,2.65,D,0
28.02987,73.05759,336.55,0.44,0.39,2023-11-11,802,N,VIIRS,n,2,302.83,1.77,D,0
28.07259,67.72145,330.21,0.56,0.51,2023-11-11,802,N,VIIRS,n,2,304.86,5.41,D,0
28.07278,67.72033,332,0.56,0.51,2023-11-11,802,N,VIIRS,n,2,303.87,2.79,D,0
28.21922,73.266,338.68,0.43,0.38,2023-11-11,802,N,VIIRS,n,2,302.21,2.06,D,0
28.22751,73.20934,341.34,0.44,0.38,2023-11-11,802,N,VIIRS,n,2,303.4,2.17,D,0
28.22783,73.23212,330.62,0.43,0.38,2023-11-11,802,N,VIIRS,n,2,300.05,1.22,D,0
28.22827,73.21375,342.22,0.44,0.38,2023-11-11,802,N,VIIRS,n,2,302.53,2.17,D,0
28.22859,73.23653,337.36,0.43,0.38,2023-11-11,802,N,VIIRS,n,2,300.14,2.03,D,0
28.22936,73.24092,337.39,0.43,0.38,2023-11-11,802,N,VIIRS,n,2,301.47,2.03,D,0
28.22968,73.26368,337.33,0.43,0.38,2023-11-11,802,N,VIIRS,n,2,301.19,1.99,D,0
28.23044,73.26807,346.64,0.43,0.38,2023-11-11,802,N,VIIRS,n,2,301.15,1.99,D,0
28.23176,73.21297,335.49,0.44,0.38,2023-11-11,802,N,VIIRS,n,2,303.76,2.17,D,0
28.23208,73.23576,335.79,0.43,0.38,2023-11-11,802,N,VIIRS,n,2,301.47,3.35,D,0
28.23557,73.23499,345.32,0.43,0.38,2023-11-11,802,N,VIIRS,n,2,301.75,3.35,D,0
28.23589,73.25774,340.18,0.43,0.38,2023-11-11,802,N,VIIRS,n,2,302.72,2.31,D,0
28.23754,73.22543,337.11,0.44,0.38,2023-11-11,802,N,VIIRS,n,2,301.92,2.81,D,0
28.23937,73.25698,340.82,0.43,0.38,2023-11-11,802,N,VIIRS,n,2,303.33,2.31,D,0
28.23982,73.23862,352.17,0.43,0.38,2023-11-11,802,N,VIIRS,n,2,301.85,6.59,D,0
28.24058,73.24302,354.39,0.43,0.38,2023-11-11,802,N,VIIRS,n,2,301.87,3.28,D,0
28.24134,73.24741,345.33,0.43,0.38,2023-11-11,802,N,VIIRS,n,2,301.39,3.28,D,0
28.24361,73.2606,338.32,0.43,0.38,2023-11-11,802,N,VIIRS,n,2,302.43,4.2,D,0
28.24483,73.24665,347.18,0.43,0.38,2023-11-11,802,N,VIIRS,n,2,299.25,3.28,D,0
28.2468,73.23708,337.35,0.43,0.38,2023-11-11,802,N,VIIRS,n,2,301.02,4.51,D,0
28.24755,73.24149,343.3,0.43,0.38,2023-11-11,802,N,VIIRS,n,2,300.03,5.85,D,0
28.25028,73.23631,352.98,0.43,0.38,2023-11-11,802,N,VIIRS,n,2,301.48,4.51,D,0
28.25058,73.25906,337.66,0.43,0.38,2023-11-11,802,N,VIIRS,n,2,301.4,2.7,D,0
28.25226,73.22675,337.31,0.43,0.38,2023-11-11,802,N,VIIRS,n,2,301.41,3.51,D,0
28.25301,73.23115,338.45,0.43,0.38,2023-11-11,802,N,VIIRS,n,2,301.34,2.76,D,0
28.25331,73.2539,331.62,0.43,0.38,2023-11-11,802,N,VIIRS,n,2,300.54,4.43,D,0
28.26028,73.25236,342.77,0.43,0.38,2023-11-11,802,N,VIIRS,n,2,299.77,2.37,D,0
28.27481,73.42113,349.37,0.43,0.38,2023-11-11,802,N,VIIRS,n,2,304.39,4.29,D,0
28.27902,73.4247,351.2,0.43,0.38,2023-11-11,802,N,VIIRS,n,2,302.49,3.69,D,0
28.27976,73.42903,345.84,0.43,0.38,2023-11-11,802,N,VIIRS,n,2,302.25,3.69,D,0
28.2805,73.43336,335.28,0.43,0.38,2023-11-11,802,N,VIIRS,n,2,301.77,3.18,D,0
28.28322,73.42827,351.93,0.43,0.38,2023-11-11,802,N,VIIRS,n,2,303.8,3.69,D,0
28.2847,73.43693,340.78,0.43,0.38,2023-11-11,802,N,VIIRS,n,2,303.51,3.18,D,0
28.28472,73.37393,355.75,0.43,0.38,2023-11-11,802,N,VIIRS,n,2,303.07,3.78,D,0
28.28668,73.42751,357.59,0.43,0.38,2023-11-11,802,N,VIIRS,l,2,305.03,4.49,D,0
28.28742,73.43184,347.77,0.43,0.38,2023-11-11,802,N,VIIRS,n,2,303.83,4.05,D,0
28.28819,73.37317,339.51,0.43,0.38,2023-11-11,802,N,VIIRS,n,2,303.31,3.78,D,0
28.28894,73.37752,352.67,0.43,0.38,2023-11-11,802,N,VIIRS,n,2,302.78,6.07,D,0
28.29015,73.42675,336.23,0.43,0.38,2023-11-11,802,N,VIIRS,n,2,305.18,4.49,D,0
28.29089,73.43109,353.73,0.43,0.38,2023-11-11,802,N,VIIRS,n,2,304.75,4.05,D,0
28.29092,73.36806,346.28,0.43,0.38,2023-11-11,802,N,VIIRS,n,2,302.13,2.88,D,0
28.2916,73.36882,356.84,0.43,0.38,2023-11-11,802,N,VIIRS,l,2,302.79,5.1,D,0
28.29162,73.43542,353.59,0.43,0.38,2023-11-11,802,N,VIIRS,n,2,304.93,4.05,D,0
28.29166,73.37241,341.34,0.43,0.38,2023-11-11,802,N,VIIRS,n,2,302.86,2.88,D,0
28.29235,73.37315,343.38,0.43,0.38,2023-11-11,802,N,VIIRS,n,2,302.3,5.1,D,0
28.2924,73.37675,357.12,0.43,0.38,2023-11-11,802,N,VIIRS,l,2,302.54,7.59,D,0
28.29287,73.42166,349.17,0.43,0.38,2023-11-11,802,N,VIIRS,n,2,305.03,5.18,D,0
28.29291,73.3586,340.78,0.43,0.38,2023-11-11,802,N,VIIRS,n,2,303.75,2.54,D,0
28.29311,73.3775,356.84,0.43,0.38,2023-11-11,802,N,VIIRS,l,2,301.83,8.54,D,0
28.29355,73.35937,350.02,0.43,0.38,2023-11-11,802,N,VIIRS,n,2,303.21,4.33,D,0
28.29361,73.42599,351.96,0.43,0.38,2023-11-11,802,N,VIIRS,n,2,303.61,5.18,D,0
28.29365,73.36295,341.43,0.43,0.38,2023-11-11,802,N,VIIRS,n,2,302.62,2.54,D,0
28.29431,73.36372,335.13,0.43,0.38,2023-11-11,802,N,VIIRS,n,2,302.68,4.33,D,0
28.29435,73.43034,338.97,0.43,0.38,2023-11-11,802,N,VIIRS,n,2,303.49,5.66,D,0
28.29508,73.43465,355.88,0.43,0.38,2023-11-11,802,N,VIIRS,n,2,305.47,5.66,D,0
28.29513,73.37164,347.3,0.43,0.38,2023-11-11,802,N,VIIRS,n,2,300.27,2.88,D,0
28.29582,73.37239,350,0.43,0.38,2023-11-11,802,N,VIIRS,n,2,301.17,5.1,D,0
28.29582,73.43898,351.48,0.43,0.38,2023-11-11,802,N,VIIRS,n,2,305.39,6.77,D,0
28.29587,73.37599,356.43,0.43,0.38,2023-11-11,802,N,VIIRS,n,2,302.59,7.59,D,0
28.29634,73.42091,352.1,0.43,0.38,2023-11-11,802,N,VIIRS,n,2,303.16,5.18,D,0
28.29658,73.37674,352.19,0.43,0.38,2023-11-11,802,N,VIIRS,n,2,303.16,8.54,D,0
28.29702,73.35861,356.29,0.43,0.38,2023-11-11,802,N,VIIRS,n,2,303.22,4.15,D,0
28.29707,73.42525,367,0.43,0.38,2023-11-11,802,N,VIIRS,h,2,302.77,5.18,D,0
28.29778,73.36296,352.59,0.43,0.38,2023-11-11,802,N,VIIRS,n,2,302.61,4.15,D,0
28.29781,73.42957,357.14,0.43,0.38,2023-11-11,802,N,VIIRS,l,2,302.91,5.66,D,0
28.29853,73.36729,356.47,0.43,0.38,2023-11-11,802,N,VIIRS,n,2,302.59,6.52,D,0
28.29855,73.4339,345.21,0.43,0.38,2023-11-11,802,N,VIIRS,n,2,303.98,5.66,D,0
28.29928,73.43822,356.89,0.43,0.38,2023-11-11,802,N,VIIRS,l,2,305.49,6.77,D,0
28.29929,73.37164,339.86,0.43,0.38,2023-11-11,802,N,VIIRS,n,2,303.35,6.52,D,0
28.30002,73.44254,336.13,0.43,0.38,2023-11-11,802,N,VIIRS,n,2,304.81,6.77,D,0
28.30005,73.37598,356.58,0.43,0.38,2023-11-11,802,N,VIIRS,l,2,304.16,7.83,D,0
28.30049,73.35785,349.13,0.43,0.38,2023-11-11,802,N,VIIRS,n,2,303.03,4.15,D,0
28.30081,73.38032,349.12,0.43,0.38,2023-11-11,802,N,VIIRS,n,2,304.04,7.83,D,0
28.30125,73.3622,335.8,0.43,0.38,2023-11-11,802,N,VIIRS,n,2,302.66,4.15,D,0
28.30156,73.38465,344.51,0.43,0.38,2023-11-11,802,N,VIIRS,n,2,304.2,2,D,0
28.302,73.36654,357.28,0.43,0.38,2023-11-11,802,N,VIIRS,l,2,303.35,6.52,D,0
28.30201,73.43314,356.96,0.43,0.38,2023-11-11,802,N,VIIRS,n,2,303.98,7.84,D,0
28.30274,73.43745,349.81,0.43,0.38,2023-11-11,802,N,VIIRS,n,2,303.89,6.21,D,0
28.30294,73.4338,356.46,0.43,0.38,2023-11-11,802,N,VIIRS,n,2,303.65,8.69,D,0
28.30348,73.44178,357.17,0.43,0.38,2023-11-11,802,N,VIIRS,l,2,305.23,6.21,D,0
28.30369,73.43812,351.99,0.43,0.38,2023-11-11,802,N,VIIRS,n,2,303.89,5.36,D,0
28.30373,67.43411,335.06,0.57,0.52,2023-11-11,802,N,VIIRS,n,2,301.77,2.67,D,0
28.30421,73.44611,335.47,0.43,0.38,2023-11-11,802,N,VIIRS,n,2,305.05,2.85,D,0
28.30427,73.37955,336.01,0.43,0.38,2023-11-11,802,N,VIIRS,n,2,303.64,7.83,D,0
28.30444,73.44244,356.82,0.43,0.38,2023-11-11,802,N,VIIRS,l,2,305.34,5.36,D,0
28.30547,73.43237,355.74,0.43,0.38,2023-11-11,802,N,VIIRS,n,2,304.69,7.84,D,0
28.30591,73.34763,355.58,0.43,0.38,2023-11-11,802,N,VIIRS,n,2,301.71,5.53,D,0
28.3062,73.4367,345.26,0.43,0.38,2023-11-11,802,N,VIIRS,n,2,304.49,6.21,D,0
28.3064,73.43304,356.52,0.43,0.38,2023-11-11,802,N,VIIRS,l,2,303.99,8.69,D,0
28.30715,73.43737,343.4,0.43,0.38,2023-11-11,802,N,VIIRS,n,2,303.7,5.36,D,0
28.30863,73.34251,352.39,0.43,0.38,2023-11-11,802,N,VIIRS,n,2,302.66,8.67,D,0
28.30938,73.34687,357.11,0.43,0.38,2023-11-11,802,N,VIIRS,l,2,302.54,12.91,D,0
28.31016,73.45465,348.73,0.43,0.38,2023-11-11,802,N,VIIRS,n,2,304.62,4.22,D,0
28.31134,73.33739,339.65,0.43,0.38,2023-11-11,802,N,VIIRS,n,2,302.39,8.67,D,0
28.3121,73.34174,357.24,0.43,0.38,2023-11-11,802,N,VIIRS,l,2,303.6,8.67,D,0
28.31257,73.42721,339.66,0.43,0.38,2023-11-11,802,N,VIIRS,n,2,303.17,2.28,D,0
28.31285,73.34609,353.43,0.43,0.38,2023-11-11,802,N,VIIRS,n,2,303.03,12.91,D,0
28.31286,73.44957,350.71,0.43,0.38,2023-11-11,802,N,VIIRS,n,2,304.28,5.23,D,0
28.31332,73.43153,339.87,0.43,0.38,2023-11-11,802,N,VIIRS,n,2,303.6,2.28,D,0
28.31361,73.4539,356.58,0.43,0.38,2023-11-11,802,N,VIIRS,l,2,303.37,6.82,D,0
28.31407,73.43586,357.28,0.43,0.38,2023-11-11,802,N,VIIRS,l,2,304.32,6.97,D,0
28.31436,73.45821,353.74,0.43,0.38,2023-11-11,802,N,VIIRS,n,2,304.67,6.82,D,0
28.31481,73.33663,348.57,0.43,0.38,2023-11-11,802,N,VIIRS,n,2,302.28,8.99,D,0
28.31482,73.44018,357.29,0.43,0.38,2023-11-11,802,N,VIIRS,l,2,304.38,6.97,D,0
28.31557,73.34098,355.69,0.43,0.38,2023-11-11,802,N,VIIRS,l,2,303.89,8.99,D,0
28.31557,73.4445,355.93,0.43,0.38,2023-11-11,802,N,VIIRS,n,2,303.63,5.23,D,0
28.31632,73.34534,356.93,0.43,0.38,2023-11-11,802,N,VIIRS,l,2,303.81,15.61,D,0
28.31632,73.44882,367,0.43,0.38,2023-11-11,802,N,VIIRS,h,2,302.57,5.23,D,0
28.31678,73.43079,348.83,0.43,0.38,2023-11-11,802,N,VIIRS,n,2,304.74,4.12,D,0
28.31707,73.45314,352.56,0.43,0.38,2023-11-11,802,N,VIIRS,n,2,303.07,6.82,D,0
28.31753,73.4351,345.12,0.43,0.38,2023-11-11,802,N,VIIRS,n,2,305.24,7.67,D,0
28.31782,73.45746,345.9,0.43,0.38,2023-11-11,802,N,VIIRS,n,2,304.24,6.82,D,0
28.31828,73.33585,346.05,0.43,0.38,2023-11-11,802,N,VIIRS,n,2,299.83,8.99,D,0
28.31828,73.43944,356.93,0.43,0.38,2023-11-11,802,N,VIIRS,l,2,304.83,7.67,D,0
28.31857,73.46176,347.85,0.43,0.38,2023-11-11,802,N,VIIRS,n,2,303.49,5.42,D,0
28.31903,73.44375,347.29,0.43,0.38,2023-11-11,802,N,VIIRS,n,2,305.38,22.71,D,0
28.31904,73.34023,367,0.43,0.38,2023-11-11,802,N,VIIRS,h,2,299.28,8.99,D,0
28.31931,73.46606,356.13,0.43,0.38,2023-11-11,802,N,VIIRS,n,2,305.2,5.42,D,0
28.31949,73.4257,342.71,0.43,0.38,2023-11-11,802,N,VIIRS,n,2,304.67,4.12,D,0
28.3198,73.34457,357.16,0.43,0.38,2023-11-11,802,N,VIIRS,l,2,302.17,15.61,D,0
28.32024,73.43003,349.59,0.43,0.38,2023-11-11,802,N,VIIRS,n,2,305.1,4.12,D,0
28.32053,73.45238,356.79,0.43,0.38,2023-11-11,802,N,VIIRS,n,2,304.96,10.99,D,0
28.32099,73.43436,341.92,0.43,0.38,2023-11-11,802,N,VIIRS,n,2,304.18,7.67,D,0
28.32128,73.4567,347.94,0.43,0.38,2023-11-11,802,N,VIIRS,n,2,304.88,10.99,D,0
28.32174,73.43868,354.7,0.43,0.38,2023-11-11,802,N,VIIRS,n,2,305.19,7.67,D,0
28.32203,73.46101,348.59,0.43,0.38,2023-11-11,802,N,VIIRS,n,2,304.91,7.16,D,0
28.32251,73.33945,333.91,0.43,0.38,2023-11-11,802,N,VIIRS,n,2,298.67,1.09,D,0
28.32277,73.46532,356.93,0.43,0.38,2023-11-11,802,N,VIIRS,l,2,304.36,7.16,D,0
28.32295,73.42495,347.76,0.43,0.38,2023-11-11,802,N,VIIRS,n,2,304.58,10.05,D,0
28.32324,73.44732,356.39,0.43,0.38,2023-11-11,802,N,VIIRS,l,2,304.88,22.71,D,0
28.32327,73.34381,356.36,0.43,0.38,2023-11-11,802,N,VIIRS,l,2,300.91,6.55,D,0
28.32399,73.45164,355.76,0.43,0.38,2023-11-11,802,N,VIIRS,l,2,305.53,10.99,D,0
28.32402,73.34817,335.33,0.43,0.38,2023-11-11,802,N,VIIRS,n,2,301.5,6.55,D,0
28.3252,73.43793,339.76,0.43,0.38,2023-11-11,802,N,VIIRS,n,2,303.64,4.86,D,0
28.32595,73.44225,351.33,0.43,0.38,2023-11-11,802,N,VIIRS,n,2,303.61,6.87,D,0
28.3267,73.44657,353.72,0.43,0.38,2023-11-11,802,N,VIIRS,n,2,303.35,6.87,D,0
28.32745,73.45088,356.74,0.43,0.38,2023-11-11,802,N,VIIRS,l,2,306.21,14.28,D,0
28.32791,73.43285,353.83,0.43,0.38,2023-11-11,802,N,VIIRS,n,2,302.12,4.86,D,0
28.32819,73.4552,357.1,0.43,0.38,2023-11-11,802,N,VIIRS,l,2,305.38,14.28,D,0
28.32941,73.4415,357.82,0.43,0.38,2023-11-11,802,N,VIIRS,l,2,304.58,6.87,D,0
28.33043,73.46811,357.11,0.43,0.38,2023-11-11,802,N,VIIRS,l,2,305.3,4.92,D,0
28.33063,73.42777,351.72,0.43,0.38,2023-11-11,802,N,VIIRS,n,2,303.56,2.7,D,0
28.3309,73.45013,357.82,0.43,0.38,2023-11-11,802,N,VIIRS,l,2,304.54,14.28,D,0
28.33117,73.47241,342.81,0.43,0.38,2023-11-11,802,N,VIIRS,n,2,305.38,4.92,D,0
28.33137,73.4321,356.72,0.43,0.38,2023-11-11,802,N,VIIRS,n,2,303.43,7.15,D,0
28.33165,73.45444,357.82,0.43,0.38,2023-11-11,802,N,VIIRS,l,2,305.01,14.28,D,0
28.33212,73.43642,355.54,0.43,0.38,2023-11-11,802,N,VIIRS,n,2,303.56,7.15,D,0
28.3324,73.45876,336.91,0.43,0.38,2023-11-11,802,N,VIIRS,n,2,304.4,5.63,D,0
28.33287,73.44074,346.15,0.43,0.38,2023-11-11,802,N,VIIRS,n,2,304.62,6.27,D,0
28.33389,73.46737,349.93,0.43,0.38,2023-11-11,802,N,VIIRS,n,2,303.95,4.92,D,0
28.33409,73.42701,336.28,0.43,0.38,2023-11-11,802,N,VIIRS,n,2,302.87,2.7,D,0
28.33463,73.47167,348.09,0.43,0.38,2023-11-11,802,N,VIIRS,n,2,305.01,4.92,D,0
28.33483,73.43133,357.16,0.43,0.38,2023-11-11,802,N,VIIRS,l,2,303.04,7.15,D,0
28.33558,73.43565,355.62,0.43,0.38,2023-11-11,802,N,VIIRS,n,2,304.56,7.15,D,0
28.33585,73.458,350.42,0.43,0.38,2023-11-11,802,N,VIIRS,n,2,302.86,5.11,D,0
28.33633,73.43998,357.16,0.43,0.38,2023-11-11,802,N,VIIRS,l,2,304.91,6.27,D,0
28.3366,73.46231,356.93,0.43,0.38,2023-11-11,802,N,VIIRS,l,2,303.85,5.11,D,0
28.33707,73.44431,343.96,0.43,0.38,2023-11-11,802,N,VIIRS,n,2,304.47,6.27,D,0
28.33734,73.46661,349.42,0.43,0.38,2023-11-11,802,N,VIIRS,n,2,303.67,4.79,D,0
28.33809,73.47092,341.23,0.43,0.38,2023-11-11,802,N,VIIRS,n,2,304.85,4.79,D,0
28.33829,73.43057,356.36,0.43,0.38,2023-11-11,802,N,VIIRS,l,2,304.16,9.45,D,0
28.33904,73.4349,356.35,0.43,0.38,2023-11-11,802,N,VIIRS,l,2,304.07,9.45,D,0
28.33931,73.45724,335.98,0.43,0.38,2023-11-11,802,N,VIIRS,n,2,301.75,5.11,D,0
28.33978,73.43922,355.4,0.43,0.38,2023-11-11,802,N,VIIRS,l,2,305.66,10.75,D,0
28.34006,73.46156,353.32,0.43,0.38,2023-11-11,802,N,VIIRS,n,2,303.96,5.11,D,0
28.34053,73.44354,341.94,0.43,0.38,2023-11-11,802,N,VIIRS,n,2,304.64,10.75,D,0
28.3408,73.46587,352.34,0.43,0.38,2023-11-11,802,N,VIIRS,n,2,303.55,4.79,D,0
28.3425,73.43414,356.87,0.43,0.38,2023-11-11,802,N,VIIRS,l,2,304.62,9.45,D,0
28.34277,73.45649,335.28,0.43,0.38,2023-11-11,802,N,VIIRS,n,2,302.31,3.41,D,0
28.34324,73.43846,356.82,0.43,0.38,2023-11-11,802,N,VIIRS,l,2,304.24,10.75,D,0
28.34351,73.4608,356.35,0.43,0.38,2023-11-11,802,N,VIIRS,l,2,304.64,3.41,D,0
28.34399,73.44279,335.92,0.43,0.38,2023-11-11,802,N,VIIRS,n,2,303.73,10.75,D,0
28.34425,73.4651,349.54,0.43,0.38,2023-11-11,802,N,VIIRS,n,2,305.24,5.57,D,0
28.34521,73.42905,335.09,0.43,0.38,2023-11-11,802,N,VIIRS,l,2,306.03,8.81,D,0
28.34596,73.43338,356.32,0.43,0.38,2023-11-11,802,N,VIIRS,l,2,305.4,8.81,D,0
28.3467,73.43771,347.55,0.43,0.38,2023-11-11,802,N,VIIRS,n,2,305.18,8.01,D,0
28.34718,73.41964,335.57,0.43,0.38,2023-11-11,802,N,VIIRS,n,2,297.8,1.33,D,0
28.34745,73.44202,346.56,0.43,0.38,2023-11-11,802,N,VIIRS,n,2,305.3,8.01,D,0
28.34793,73.42397,336.88,0.43,0.38,2023-11-11,802,N,VIIRS,n,2,304.79,1.33,D,0
28.34867,73.42831,356.82,0.43,0.38,2023-11-11,802,N,VIIRS,l,2,304.86,8.81,D,0
28.34941,73.43262,356.21,0.43,0.38,2023-11-11,802,N,VIIRS,n,2,305.19,8.81,D,0
28.35016,73.43695,350.78,0.43,0.38,2023-11-11,802,N,VIIRS,n,2,305.58,8.01,D,0
28.35064,73.41888,336.25,0.43,0.38,2023-11-11,802,N,VIIRS,n,2,300.89,2.12,D,0
28.35091,73.44128,347.81,0.43,0.38,2023-11-11,802,N,VIIRS,n,2,305.99,8.01,D,0
28.35138,73.42321,346.25,0.43,0.38,2023-11-11,802,N,VIIRS,n,2,302.03,2.12,D,0
28.35213,73.42754,349.23,0.43,0.38,2023-11-11,802,N,VIIRS,n,2,299.78,2.83,D,0
28.35287,73.43187,345.52,0.43,0.38,2023-11-11,802,N,VIIRS,n,2,302.13,2.83,D,0
28.35362,73.4362,355.26,0.43,0.38,2023-11-11,802,N,VIIRS,n,2,304.6,4.45,D,0
28.35436,73.44051,344.25,0.43,0.38,2023-11-11,802,N,VIIRS,n,2,304.5,4.45,D,0
28.35633,73.43111,346.86,0.43,0.38,2023-11-11,802,N,VIIRS,n,2,299.59,2.83,D,0
28.35708,73.43542,352.93,0.43,0.38,2023-11-11,802,N,VIIRS,n,2,303.16,4.45,D,0
28.35782,73.43974,335.81,0.43,0.38,2023-11-11,802,N,VIIRS,n,2,304.65,4.45,D,0
29.18711,70.97166,332,0.53,0.42,2023-11-11,802,N,VIIRS,n,2,300.52,2.48,D,0
29.20601,71.02871,334.55,0.52,0.42,2023-11-11,802,N,VIIRS,n,2,300.95,6.82,D,0
29.21879,73.52998,335.57,0.42,0.37,2023-11-11,802,N,VIIRS,n,2,302.87,2.84,D,0
29.25635,70.33181,330.02,0.57,0.43,2023-11-11,802,N,VIIRS,n,2,300.57,3.12,D,0
29.30651,73.65118,348.37,0.41,0.37,2023-11-11,802,N,VIIRS,n,2,306.78,14.91,D,0
29.31399,73.78016,330.62,0.41,0.37,2023-11-11,802,N,VIIRS,n,2,302,1.66,D,0
29.31469,73.78434,331.17,0.41,0.37,2023-11-11,802,N,VIIRS,n,2,301.54,1.66,D,0
29.36863,73.51989,338.59,0.42,0.37,2023-11-11,802,N,VIIRS,n,2,303.63,3.05,D,0
29.38447,74.03227,332.78,0.4,0.37,2023-11-11,802,N,VIIRS,n,2,300.93,1.89,D,0
29.4108,74.04369,336.38,0.4,0.37,2023-11-11,802,N,VIIRS,n,2,301.38,1.99,D,0
29.42085,74.02016,335.91,0.4,0.37,2023-11-11,802,N,VIIRS,n,2,300.22,2.87,D,0
29.42154,74.0243,332.82,0.4,0.37,2023-11-11,802,N,VIIRS,n,2,300.67,2.52,D,0
29.48827,75.367,335.67,0.39,0.36,2023-11-11,802,N,VIIRS,n,2,301.97,3.36,D,0
29.49031,74.14571,347.74,0.4,0.37,2023-11-11,802,N,VIIRS,n,2,302.24,8,D,0
29.49367,74.14498,339.78,0.4,0.37,2023-11-11,802,N,VIIRS,n,2,300.53,4.15,D,0
29.50261,70.9267,332.56,0.52,0.42,2023-11-11,802,N,VIIRS,n,2,299.51,3.55,D,0
29.50656,76.09142,337.32,0.38,0.36,2023-11-11,802,N,VIIRS,n,2,301.03,8.56,D,0
29.50811,75.23737,333.59,0.39,0.36,2023-11-11,802,N,VIIRS,n,2,301.99,5.13,D,0
29.53292,77.17146,329.97,0.4,0.37,2023-11-11,802,N,VIIRS,n,2,296.29,1.33,D,0
29.54652,75.39679,331.45,0.38,0.36,2023-11-11,802,N,VIIRS,n,2,303.48,2.31,D,0
29.55393,76.13512,332.74,0.38,0.36,2023-11-11,802,N,VIIRS,n,2,300.06,2.11,D,0
29.5595,76.4032,332.31,0.39,0.36,2023-11-11,802,N,VIIRS,n,2,299.18,1.57,D,0
29.56371,75.22195,345.44,0.39,0.36,2023-11-11,802,N,VIIRS,n,2,302.66,4.22,D,0
29.56702,75.22127,338.65,0.39,0.36,2023-11-11,802,N,VIIRS,n,2,298.41,4.22,D,0
29.57187,76.16412,346.5,0.39,0.36,2023-11-11,802,N,VIIRS,n,2,300.61,4.26,D,0
29.57663,75.41516,340.13,0.38,0.36,2023-11-11,802,N,VIIRS,n,2,301.04,5.9,D,0
29.57994,75.4145,342.87,0.38,0.36,2023-11-11,802,N,VIIRS,n,2,299.5,5.76,D,0
29.58605,74.42899,335.71,0.39,0.37,2023-11-11,802,N,VIIRS,n,2,300.2,2.92,D,0
29.59277,75.10584,331.66,0.39,0.36,2023-11-11,802,N,VIIRS,n,2,298.4,1.83,D,0
29.59317,71.57727,335.85,0.49,0.4,2023-11-11,802,N,VIIRS,n,2,300.76,4.12,D,0
29.60242,76.37041,333.22,0.39,0.36,2023-11-11,802,N,VIIRS,n,2,300.33,2.48,D,0
29.60732,75.7266,338.36,0.38,0.36,2023-11-11,802,N,VIIRS,n,2,300.43,3.43,D,0
29.63304,76.23866,334.85,0.39,0.36,2023-11-11,802,N,VIIRS,n,2,301.79,2.17,D,0
29.64884,71.63894,332.44,0.48,0.4,2023-11-11,802,N,VIIRS,n,2,299.99,2.77,D,0
29.64976,71.64388,330.68,0.48,0.4,2023-11-11,802,N,VIIRS,n,2,300.46,2.77,D,0
29.65009,75.51886,338.58,0.38,0.36,2023-11-11,802,N,VIIRS,n,2,300.59,5.56,D,0
29.65279,75.51424,332,0.38,0.36,2023-11-11,802,N,VIIRS,n,2,300.15,2.4,D,0
29.66673,76.67,338.71,0.39,0.36,2023-11-11,802,N,VIIRS,n,2,304.75,5.36,D,0
29.67982,71.72413,331.58,0.48,0.4,2023-11-11,802,N,VIIRS,n,2,300.71,2.29,D,0
29.68666,76.83148,330.35,0.39,0.36,2023-11-11,802,N,VIIRS,n,2,303.14,2.25,D,0
29.71947,75.50488,345.07,0.38,0.36,2023-11-11,802,N,VIIRS,n,2,300.42,7.97,D,0
29.72193,74.95618,331.11,0.39,0.36,2023-11-11,802,N,VIIRS,n,2,300.89,2.32,D,0
29.72592,75.2873,333.79,0.39,0.36,2023-11-11,802,N,VIIRS,n,2,299.21,3.37,D,0
29.72762,75.25435,331.73,0.39,0.36,2023-11-11,802,N,VIIRS,n,2,299.93,1.5,D,0
29.73379,76.18678,330.3,0.39,0.36,2023-11-11,802,N,VIIRS,n,2,300.73,1.76,D,0
29.73393,76.93571,331.7,0.39,0.36,2023-11-11,802,N,VIIRS,n,2,301.64,2.86,D,0
29.75771,75.49318,332.09,0.38,0.36,2023-11-11,802,N,VIIRS,n,2,298.89,5.32,D,0
29.75933,75.57034,330.18,0.38,0.36,2023-11-11,802,N,VIIRS,n,2,298.85,1.55,D,0
29.76047,75.37834,333.2,0.38,0.36,2023-11-11,802,N,VIIRS,n,2,300.11,1.57,D,0
29.76133,75.36183,347.63,0.38,0.36,2023-11-11,802,N,VIIRS,n,2,301.89,6.12,D,0
29.76377,75.37767,338.07,0.38,0.36,2023-11-11,802,N,VIIRS,n,2,300.95,7.65,D,0
29.76714,75.57693,338.42,0.38,0.36,2023-11-11,802,N,VIIRS,n,2,303.54,4.61,D,0
29.76754,75.44632,343.27,0.38,0.36,2023-11-11,802,N,VIIRS,n,2,302.23,8.2,D,0
29.77144,76.07336,331.76,0.38,0.36,2023-11-11,802,N,VIIRS,n,2,299.93,1.65,D,0
29.77319,75.4166,333.3,0.38,0.36,2023-11-11,802,N,VIIRS,n,2,300.35,4.49,D,0
29.7738,75.42056,334.03,0.38,0.36,2023-11-11,802,N,VIIRS,n,2,300.86,7.95,D,0
29.78197,75.23098,332.25,0.39,0.36,2023-11-11,802,N,VIIRS,n,2,301.59,2.04,D,0
29.78319,75.45948,331.36,0.38,0.36,2023-11-11,802,N,VIIRS,n,2,299.8,3.82,D,0
29.78403,75.68771,332.16,0.38,0.36,2023-11-11,802,N,VIIRS,n,2,300.17,4.54,D,0
29.78446,75.35713,335.29,0.38,0.36,2023-11-11,802,N,VIIRS,n,2,299.43,2.76,D,0
29.78593,75.34457,340.53,0.38,0.36,2023-11-11,802,N,VIIRS,n,2,298.99,3.96,D,0
29.80201,75.10021,336.4,0.39,0.36,2023-11-11,802,N,VIIRS,n,2,300.66,2.39,D,0
29.81091,75.50694,333.29,0.38,0.36,2023-11-11,802,N,VIIRS,n,2,301.18,2.2,D,0
29.81422,75.50627,330.18,0.38,0.36,2023-11-11,802,N,VIIRS,n,2,298.04,2.2,D,0
29.81462,75.22464,336.87,0.39,0.36,2023-11-11,802,N,VIIRS,n,2,305.66,3.45,D,0
29.81482,75.51023,333.09,0.38,0.36,2023-11-11,802,N,VIIRS,n,2,299.42,5.89,D,0
29.8167,75.1505,338.26,0.39,0.36,2023-11-11,802,N,VIIRS,n,2,303.89,6.36,D,0
29.81813,75.50957,343.8,0.38,0.36,2023-11-11,802,N,VIIRS,n,2,304.18,13.21,D,0
29.81944,75.60722,340.13,0.38,0.36,2023-11-11,802,N,VIIRS,n,2,307.07,13.19,D,0
29.82143,75.5089,345,0.38,0.36,2023-11-11,802,N,VIIRS,n,2,299.97,13.21,D,0
29.82216,75.64747,340.05,0.38,0.36,2023-11-11,802,N,VIIRS,n,2,305.82,17.24,D,0
29.82274,75.60656,344.3,0.38,0.36,2023-11-11,802,N,VIIRS,n,2,305.73,13.19,D,0
29.83551,75.11794,336.77,0.39,0.36,2023-11-11,802,N,VIIRS,n,2,302.99,2.57,D,0
29.83646,75.51812,330.94,0.38,0.36,2023-11-11,802,N,VIIRS,n,2,299.59,1.47,D,0
29.83946,75.51785,334.16,0.38,0.36,2023-11-11,802,N,VIIRS,n,2,299.55,3.28,D,0
29.84798,75.41812,333.66,0.38,0.36,2023-11-11,802,N,VIIRS,n,2,300.77,1.82,D,0
29.85246,74.64854,335.87,0.39,0.36,2023-11-11,802,N,VIIRS,n,2,302.27,5.07,D,0
29.85366,75.58843,333.71,0.38,0.36,2023-11-11,802,N,VIIRS,n,2,300.8,1.89,D,0
29.85578,74.64784,335.87,0.39,0.36,2023-11-11,802,N,VIIRS,n,2,301.2,5.07,D,0
29.8597,74.52219,334.53,0.39,0.36,2023-11-11,802,N,VIIRS,n,2,302.98,2.55,D,0
29.86155,75.15358,336.56,0.39,0.36,2023-11-11,802,N,VIIRS,n,2,300.06,4.02,D,0
29.86581,75.46761,332.33,0.38,0.36,2023-11-11,802,N,VIIRS,n,2,300.89,3.62,D,0
29.87202,74.81423,332.58,0.39,0.36,2023-11-11,802,N,VIIRS,n,2,300.8,3.13,D,0
29.87576,77.78496,328.61,0.41,0.37,2023-11-11,802,N,VIIRS,n,2,296.88,1.73,D,0
29.88267,77.29932,345.52,0.4,0.37,2023-11-11,802,N,VIIRS,n,2,297.92,6.59,D,0
29.92953,74.57941,333.54,0.39,0.36,2023-11-11,802,N,VIIRS,n,2,302.75,4.43,D,0
29.93454,74.77636,332.51,0.39,0.36,2023-11-11,802,N,VIIRS,n,2,300.65,1.84,D,0
29.93535,74.61562,335.91,0.39,0.36,2023-11-11,802,N,VIIRS,n,2,301.4,3.34,D,0
29.95168,74.78218,344.09,0.39,0.36,2023-11-11,802,N,VIIRS,n,2,304.29,11.01,D,0
29.97036,74.51244,335.68,0.39,0.36,2023-11-11,802,N,VIIRS,n,2,299.52,3.43,D,0
29.99787,73.14133,331.08,0.42,0.38,2023-11-11,802,N,VIIRS,n,2,299.57,2.3,D,0
30.00575,76.77306,329.8,0.39,0.36,2023-11-11,802,N,VIIRS,n,2,299.22,1.48,D,0
30.01689,75.59249,337.9,0.38,0.36,2023-11-11,802,N,VIIRS,n,2,298.51,3.81,D,0
30.03568,74.8803,329.79,0.39,0.36,2023-11-11,802,N,VIIRS,n,2,299.78,2.08,D,0
30.05983,75.80869,334.21,0.38,0.36,2023-11-11,802,N,VIIRS,n,2,302.88,3.48,D,0
30.06043,75.81266,333.81,0.38,0.36,2023-11-11,802,N,VIIRS,n,2,301.86,4.39,D,0
30.09174,74.19767,331.52,0.4,0.37,2023-11-11,802,N,VIIRS,n,2,298.65,1.69,D,0
30.10762,75.81248,334.07,0.38,0.36,2023-11-11,802,N,VIIRS,n,2,303.39,6.94,D,0
30.1225,75.91188,330.48,0.38,0.36,2023-11-11,802,N,VIIRS,n,2,299.58,1.12,D,0
30.12375,76.05388,334.95,0.39,0.36,2023-11-11,802,N,VIIRS,n,2,301.73,2.87,D,0
30.12706,76.05323,332.53,0.39,0.36,2023-11-11,802,N,VIIRS,n,2,300.86,2.87,D,0
30.13105,75.99202,330.04,0.38,0.36,2023-11-11,802,N,VIIRS,n,2,300.12,3.03,D,0
30.13164,75.996,333.33,0.38,0.36,2023-11-11,802,N,VIIRS,n,2,301.29,4.49,D,0
30.13732,75.85161,332.96,0.38,0.36,2023-11-11,802,N,VIIRS,n,2,300.23,1.52,D,0
30.13741,75.96616,347.26,0.38,0.36,2023-11-11,802,N,VIIRS,n,2,300.81,6.07,D,0
30.14866,76.04183,337.64,0.39,0.36,2023-11-11,802,N,VIIRS,n,2,300.97,2.71,D,0
30.15134,75.92255,335.58,0.38,0.36,2023-11-11,802,N,VIIRS,n,2,301.46,3.11,D,0
30.15176,74.26912,345.54,0.39,0.37,2023-11-11,802,N,VIIRS,n,2,301.72,4.13,D,0
30.1535,76.02859,343.11,0.39,0.36,2023-11-11,802,N,VIIRS,n,2,302.63,10.05,D,0
30.15763,76.05647,345.37,0.39,0.36,2023-11-11,802,N,VIIRS,n,2,300.92,3.59,D,0
30.16095,76.05582,334.89,0.39,0.36,2023-11-11,802,N,VIIRS,n,2,298.79,3.59,D,0
30.16806,75.73907,329.29,0.38,0.36,2023-11-11,802,N,VIIRS,n,2,297.71,3.35,D,0
30.16851,76.03793,333.64,0.39,0.36,2023-11-11,802,N,VIIRS,n,2,301.25,3.23,D,0
30.17832,76.08114,332.39,0.39,0.36,2023-11-11,802,N,VIIRS,n,2,300.34,2.95,D,0
30.18175,76.03532,330.48,0.39,0.36,2023-11-11,802,N,VIIRS,l,2,301.04,2.45,D,0
30.18394,73.63416,331.89,0.41,0.37,2023-11-11,802,N,VIIRS,n,2,298.44,1.72,D,0
30.18531,74.41309,329.47,0.39,0.36,2023-11-11,802,N,VIIRS,n,2,298.32,3.59,D,0
30.1861,75.97296,334.74,0.38,0.36,2023-11-11,802,N,VIIRS,n,2,299.89,2.26,D,0
30.18835,74.30334,333.75,0.39,0.36,2023-11-11,802,N,VIIRS,n,2,297.62,1.83,D,0
30.18843,74.60443,345.33,0.39,0.36,2023-11-11,802,N,VIIRS,n,2,301.81,9.34,D,0
30.18913,74.29935,338.07,0.39,0.36,2023-11-11,802,N,VIIRS,n,2,303.89,18.89,D,0
30.18979,74.30341,332.98,0.39,0.36,2023-11-11,802,N,VIIRS,n,2,301.49,17.15,D,0
30.19331,75.97565,331.97,0.38,0.36,2023-11-11,802,N,VIIRS,l,2,302.44,9.8,D,0
30.19356,76.0002,333.5,0.39,0.36,2023-11-11,802,N,VIIRS,n,2,302.57,4.07,D,0
30.1939,75.97962,335.14,0.38,0.36,2023-11-11,802,N,VIIRS,l,2,306.9,9.8,D,0
30.19449,75.9836,333.25,0.38,0.36,2023-11-11,802,N,VIIRS,n,2,302.77,1.97,D,0
30.19487,76.0779,333.98,0.39,0.36,2023-11-11,802,N,VIIRS,n,2,302.89,2.35,D,0
30.19719,74.24289,329.79,0.39,0.37,2023-11-11,802,N,VIIRS,n,2,300.01,2.22,D,0
30.20009,75.88422,338.1,0.38,0.36,2023-11-11,802,N,VIIRS,n,2,301.46,4.49,D,0
30.20018,75.99889,336.67,0.39,0.36,2023-11-11,802,N,VIIRS,n,2,302.99,4.48,D,0
30.2034,75.88357,348.17,0.38,0.36,2023-11-11,802,N,VIIRS,n,2,301.78,4.49,D,0
30.20348,75.99824,337.52,0.39,0.36,2023-11-11,802,N,VIIRS,n,2,310.31,22.7,D,0
30.20382,75.97767,331.51,0.38,0.36,2023-11-11,802,N,VIIRS,n,2,300.84,1.61,D,0
30.20416,75.95708,347.69,0.38,0.36,2023-11-11,802,N,VIIRS,n,2,302.62,6.02,D,0
30.20747,75.95643,346.72,0.38,0.36,2023-11-11,802,N,VIIRS,n,2,300.72,6.02,D,0
30.20867,75.78843,334.8,0.38,0.36,2023-11-11,802,N,VIIRS,n,2,299.57,1.77,D,0
30.21484,76.02882,354.4,0.39,0.36,2023-11-11,802,N,VIIRS,n,2,303.07,6.79,D,0
30.21597,75.92205,337.25,0.38,0.36,2023-11-11,802,N,VIIRS,n,2,304.02,6.61,D,0
30.21815,76.02816,343.49,0.39,0.36,2023-11-11,802,N,VIIRS,n,2,303.87,6.79,D,0
30.22368,75.97375,332.48,0.38,0.36,2023-11-11,802,N,VIIRS,n,2,301.33,1.84,D,0
30.22633,76.12924,337.5,0.39,0.36,2023-11-11,802,N,VIIRS,n,2,303.29,4.41,D,0
30.23002,75.77189,344.4,0.38,0.36,2023-11-11,802,N,VIIRS,n,2,300.21,6.94,D,0
30.23742,76.02027,342.14,0.39,0.36,2023-11-11,802,N,VIIRS,n,2,300.62,3.52,D,0
30.23883,75.92178,338.29,0.38,0.36,2023-11-11,802,N,VIIRS,n,2,305.93,9.21,D,0
30.2398,76.01997,333.08,0.39,0.36,2023-11-11,802,N,VIIRS,n,2,301.15,2.43,D,0
30.24173,75.78185,338.89,0.38,0.36,2023-11-11,802,N,VIIRS,n,2,302.19,6.85,D,0
30.25408,75.9556,344.62,0.38,0.36,2023-11-11,802,N,VIIRS,n,2,301.18,4.05,D,0
30.25739,75.95494,340.4,0.38,0.36,2023-11-11,802,N,VIIRS,n,2,298.99,4.13,D,0
30.26606,75.78519,331.96,0.38,0.36,2023-11-11,802,N,VIIRS,n,2,299.22,2.33,D,0
30.26947,76.05931,333.85,0.39,0.36,2023-11-11,802,N,VIIRS,n,2,301.37,3.31,D,0
30.27355,74.54504,333.11,0.39,0.36,2023-11-11,802,N,VIIRS,n,2,297.85,2.38,D,0
30.28886,73.67326,333,0.4,0.37,2023-11-11,802,N,VIIRS,n,2,299.49,1.99,D,0
30.3407,73.98848,338.83,0.4,0.37,2023-11-11,802,N,VIIRS,n,2,300.93,8.46,D,0
30.53131,76.13623,328.06,0.39,0.36,2023-11-11,802,N,VIIRS,n,2,300.17,1.36,D,0
30.562,75.81818,339.8,0.38,0.36,2023-11-11,802,N,VIIRS,n,2,299.14,4.38,D,0
30.56531,75.81753,346.77,0.38,0.36,2023-11-11,802,N,VIIRS,n,2,298.67,4.38,D,0
30.57601,75.88938,332.33,0.39,0.36,2023-11-11,802,N,VIIRS,n,2,299.48,2.25,D,0
30.60043,76.37542,335.62,0.39,0.36,2023-11-11,802,N,VIIRS,n,2,300.3,7.76,D,0
30.60759,76.12653,334.91,0.39,0.36,2023-11-11,802,N,VIIRS,n,2,299.3,2.76,D,0
30.65189,76.47913,339.86,0.39,0.36,2023-11-11,802,N,VIIRS,n,2,300.32,3.76,D,0
30.68093,76.41932,336.12,0.39,0.36,2023-11-11,802,N,VIIRS,n,2,301.47,3.22,D,0
30.72636,76.4022,331.99,0.39,0.36,2023-11-11,802,N,VIIRS,n,2,301.61,2.28,D,0
30.04756,71.55766,331.58,0.48,0.4,2023-11-11,803,N,VIIRS,n,2,298,1.93,D,0
30.05058,71.86006,334.49,0.47,0.4,2023-11-11,803,N,VIIRS,n,2,297.03,3.87,D,0
30.1267,70.57515,340.99,0.53,0.42,2023-11-11,803,N,VIIRS,n,2,299.66,8.07,D,0
30.2174,70.62498,334.19,0.53,0.42,2023-11-11,803,N,VIIRS,n,2,298.65,6.26,D,0
30.23783,70.64826,334.21,0.53,0.42,2023-11-11,803,N,VIIRS,n,2,298.84,4.2,D,0
30.25273,73.33617,333.56,0.41,0.37,2023-11-11,803,N,VIIRS,n,2,301.22,7.49,D,0
30.25556,71.54252,334.66,0.48,0.4,2023-11-11,803,N,VIIRS,n,2,299.74,2.68,D,0
30.256,71.54008,333.28,0.48,0.4,2023-11-11,803,N,VIIRS,n,2,300.06,1.13,D,0
30.26192,71.84326,331.97,0.47,0.39,2023-11-11,803,N,VIIRS,n,2,298.44,2.25,D,0
30.28998,70.62942,334.72,0.53,0.42,2023-11-11,803,N,VIIRS,n,2,301.59,12.44,D,0
30.29714,70.66729,334.44,0.52,0.42,2023-11-11,803,N,VIIRS,n,2,303.49,6.02,D,0
30.2972,72.2034,331.67,0.45,0.39,2023-11-11,803,N,VIIRS,n,2,299.56,1.97,D,0
30.30708,70.64539,335.71,0.53,0.42,2023-11-11,803,N,VIIRS,n,2,298.66,4.26,D,0
30.30812,70.65079,333.89,0.53,0.42,2023-11-11,803,N,VIIRS,n,2,300.03,4.26,D,0
30.30925,70.64723,333.89,0.53,0.42,2023-11-11,803,N,VIIRS,n,2,299.15,4.01,D,0
30.31027,70.65264,338.04,0.53,0.42,2023-11-11,803,N,VIIRS,n,2,300.04,5.12,D,0
30.32784,70.69103,331.69,0.52,0.42,2023-11-11,803,N,VIIRS,n,2,300.41,3.27,D,0
30.36502,71.68457,330.8,0.47,0.4,2023-11-11,803,N,VIIRS,n,2,298.27,2.59,D,0
30.36773,73.9788,333.69,0.4,0.37,2023-11-11,803,N,VIIRS,n,2,302.21,11.55,D,0
30.37051,71.83917,332.06,0.46,0.39,2023-11-11,803,N,VIIRS,n,2,298.17,4.75,D,0
30.40858,73.9528,332.93,0.4,0.37,2023-11-11,803,N,VIIRS,n,2,298.13,2.39,D,0
30.44477,73.94061,345.43,0.4,0.37,2023-11-11,803,N,VIIRS,n,2,299.99,7.31,D,0
30.44812,73.93988,346.76,0.4,0.37,2023-11-11,803,N,VIIRS,n,2,298.39,7.31,D,0
30.47079,71.81264,344.51,0.46,0.39,2023-11-11,803,N,VIIRS,n,2,296.72,5.92,D,0
30.48322,70.70541,333.05,0.52,0.41,2023-11-11,803,N,VIIRS,n,2,301.93,3.83,D,0
30.48699,70.70445,333.63,0.52,0.41,2023-11-11,803,N,VIIRS,n,2,298.47,3.83,D,0
30.53098,70.74922,330.68,0.52,0.41,2023-11-11,803,N,VIIRS,n,2,298.86,2.44,D,0
30.60005,71.61407,332.32,0.47,0.4,2023-11-11,803,N,VIIRS,n,2,300.54,3.71,D,0
30.60106,71.61694,337.35,0.47,0.4,2023-11-11,803,N,VIIRS,n,2,299.95,3.44,D,0
30.63613,72.04122,334.05,0.45,0.39,2023-11-11,803,N,VIIRS,n,2,299.18,3.61,D,0
30.63708,73.76654,337.9,0.4,0.37,2023-11-11,803,N,VIIRS,n,2,299.44,3.78,D,0
30.65479,72.24921,332.16,0.44,0.39,2023-11-11,803,N,VIIRS,n,2,299.24,8.42,D,0
30.6583,72.24838,332.62,0.44,0.39,2023-11-11,803,N,VIIRS,n,2,300.4,9.54,D,0
30.68567,71.79447,334.92,0.46,0.39,2023-11-11,803,N,VIIRS,n,2,300.17,5.08,D,0
30.69543,71.9307,342.98,0.46,0.39,2023-11-11,803,N,VIIRS,n,2,299.79,4.51,D,0
30.7051,71.94312,344.68,0.45,0.39,2023-11-11,803,N,VIIRS,n,2,298.79,5.92,D,0
30.7078,71.93755,333.68,0.46,0.39,2023-11-11,803,N,VIIRS,n,2,298.57,5.92,D,0
30.71085,71.76841,340.45,0.46,0.39,2023-11-11,803,N,VIIRS,n,2,300.13,3.5,D,0
30.72111,75.95566,345.17,0.39,0.36,2023-11-11,803,N,VIIRS,n,2,299.22,6.11,D,0
30.72704,71.75449,332.53,0.46,0.39,2023-11-11,803,N,VIIRS,n,2,300.5,2.1,D,0
30.72819,76.40217,336.76,0.39,0.36,2023-11-11,803,N,VIIRS,n,2,303.61,5.59,D,0
30.72827,71.7562,335.84,0.46,0.39,2023-11-11,803,N,VIIRS,n,2,301.37,3.12,D,0
30.72876,71.76407,341.83,0.46,0.39,2023-11-11,803,N,VIIRS,n,2,302.75,5.08,D,0
30.72915,71.76096,333.17,0.46,0.39,2023-11-11,803,N,VIIRS,n,2,302.88,3.12,D,0
30.73008,72.02029,331.14,0.45,0.39,2023-11-11,803,N,VIIRS,n,2,298.17,3.41,D,0
30.73169,76.42652,337.26,0.39,0.36,2023-11-11,803,N,VIIRS,n,2,303.01,2.93,D,0
30.74198,75.8896,332.11,0.39,0.36,2023-11-11,803,N,VIIRS,n,2,298.42,1.53,D,0
30.761,71.83284,331.77,0.46,0.39,2023-11-11,803,N,VIIRS,n,2,299.97,1.01,D,0
30.7694,71.7562,337.26,0.46,0.39,2023-11-11,803,N,VIIRS,n,2,302.72,9.72,D,0
30.77107,73.70438,343.52,0.4,0.37,2023-11-11,803,N,VIIRS,n,2,299.31,5.31,D,0
30.78188,71.76315,333.31,0.46,0.39,2023-11-11,803,N,VIIRS,n,2,303.06,5.61,D,0
30.78264,71.78788,330.99,0.46,0.39,2023-11-11,803,N,VIIRS,l,2,303.91,1.13,D,0
30.78459,71.7575,332.72,0.46,0.39,2023-11-11,803,N,VIIRS,n,2,301.21,6.09,D,0
30.78574,76.00529,333.21,0.39,0.36,2023-11-11,803,N,VIIRS,n,2,298.38,4.44,D,0
30.79163,71.77574,334.77,0.46,0.39,2023-11-11,803,N,VIIRS,n,2,303.4,3.46,D,0
30.80809,75.97192,328.87,0.39,0.36,2023-11-11,803,N,VIIRS,n,2,298.99,1.86,D,0
30.81156,70.72713,332.6,0.51,0.41,2023-11-11,803,N,VIIRS,n,2,300.17,2.45,D,0
30.81395,71.77531,346.17,0.46,0.39,2023-11-11,803,N,VIIRS,n,2,304.22,5.42,D,0
30.8322,71.83542,342.12,0.46,0.39,2023-11-11,803,N,VIIRS,n,2,298.5,4.26,D,0
30.83576,71.83455,335.53,0.46,0.39,2023-11-11,803,N,VIIRS,n,2,298.02,4.26,D,0
30.87035,70.78956,332.65,0.51,0.41,2023-11-11,803,N,VIIRS,n,2,301.36,5.16,D,0
30.8848,71.89429,332.36,0.45,0.39,2023-11-11,803,N,VIIRS,n,2,301.71,5.49,D,0
30.88566,71.899,333.13,0.45,0.39,2023-11-11,803,N,VIIRS,n,2,299.03,6.81,D,0
30.89191,71.89259,332.75,0.45,0.39,2023-11-11,803,N,VIIRS,n,2,301.03,4.05,D,0
30.89461,71.887,332.61,0.45,0.39,2023-11-11,803,N,VIIRS,n,2,301.39,4.05,D,0
30.89547,71.89172,332.81,0.45,0.39,2023-11-11,803,N,VIIRS,n,2,299.72,4.05,D,0
30.92288,71.89983,334.66,0.45,0.39,2023-11-11,803,N,VIIRS,n,2,302.66,3.08,D,0
30.99652,72.23044,332.22,0.44,0.38,2023-11-11,803,N,VIIRS,n,2,299.85,3.7,D,0
31.00571,73.61884,332.38,0.4,0.37,2023-11-11,803,N,VIIRS,n,2,299.29,2.44,D,0
31.03811,72.26017,332.17,0.44,0.38,2023-11-11,803,N,VIIRS,n,2,299.54,2.41,D,0
31.04635,70.75067,331.54,0.51,0.41,2023-11-11,803,N,VIIRS,n,2,299.15,3.26,D,0
31.05679,72.16033,331.33,0.44,0.39,2023-11-11,803,N,VIIRS,n,2,298.4,2.61,D,0
31.0617,72.18787,336.51,0.44,0.38,2023-11-11,803,N,VIIRS,n,2,298.89,3.64,D,0
31.07873,72.22198,332.11,0.44,0.38,2023-11-11,803,N,VIIRS,n,2,298.77,2.64,D,0
31.09108,72.33278,330.41,0.44,0.38,2023-11-11,803,N,VIIRS,n,2,299.76,2.18,D,0
31.11964,72.22649,341.54,0.44,0.38,2023-11-11,803,N,VIIRS,n,2,300.92,7.09,D,0
31.14073,72.18474,337.42,0.44,0.38,2023-11-11,803,N,VIIRS,n,2,300.85,2.43,D,0
31.14076,72.10332,330.91,0.44,0.39,2023-11-11,803,N,VIIRS,n,2,299.83,2.18,D,0
31.16346,72.25067,336.65,0.44,0.38,2023-11-11,803,N,VIIRS,n,2,298.88,2.93,D,0
31.1678,72.31588,331.68,0.44,0.38,2023-11-11,803,N,VIIRS,n,2,298.72,2.62,D,0
31.20752,72.4379,331.52,0.43,0.38,2023-11-11,803,N,VIIRS,n,2,299.78,2.23,D,0
31.20862,72.13501,331.14,0.44,0.38,2023-11-11,803,N,VIIRS,n,2,298.52,5.74,D,0
31.2361,72.16666,341.73,0.44,0.38,2023-11-11,803,N,VIIRS,n,2,298.93,5.8,D,0
31.30411,70.87686,332.6,0.5,0.41,2023-11-11,803,N,VIIRS,n,2,298.57,2.13,D,0
31.30988,75.34353,326.67,0.38,0.36,2023-11-11,803,N,VIIRS,n,2,291.6,1.24,D,0
31.31855,70.8271,331.35,0.5,0.41,2023-11-11,803,N,VIIRS,n,2,300,2.79,D,0
31.31887,70.8731,333.22,0.5,0.41,2023-11-11,803,N,VIIRS,n,2,300.37,2.97,D,0
31.35485,77.55977,337.82,0.41,0.37,2023-11-11,803,N,VIIRS,n,2,296.49,5.77,D,0
31.3582,72.16023,330.85,0.44,0.38,2023-11-11,803,N,VIIRS,n,2,298.46,3.8,D,0
31.36528,73.54546,344.04,0.4,0.37,2023-11-11,803,N,VIIRS,n,2,299.58,4.1,D,0
31.38398,72.12064,331.69,0.44,0.38,2023-11-11,803,N,VIIRS,n,2,298.49,2.36,D,0
31.40071,72.17383,330.56,0.44,0.38,2023-11-11,803,N,VIIRS,n,2,299.27,2.54,D,0
31.42786,72.16256,332.08,0.44,0.38,2023-11-11,803,N,VIIRS,n,2,301.5,5.79,D,0
31.42921,72.45862,331.8,0.43,0.38,2023-11-11,803,N,VIIRS,n,2,298.37,2.7,D,0
31.43094,73.39182,329.22,0.4,0.37,2023-11-11,803,N,VIIRS,n,2,297.94,1.24,D,0
31.44292,72.14464,334.08,0.44,0.38,2023-11-11,803,N,VIIRS,n,2,300.19,2.75,D,0
31.45136,73.3223,328.4,0.4,0.37,2023-11-11,803,N,VIIRS,n,2,296.98,0.69,D,0
31.45952,72.30173,336.62,0.43,0.38,2023-11-11,803,N,VIIRS,n,2,299.78,8.49,D,0
31.48273,72.18428,334.85,0.44,0.38,2023-11-11,803,N,VIIRS,n,2,301.21,2.46,D,0
31.49562,72.19543,332.41,0.44,0.38,2023-11-11,803,N,VIIRS,n,2,298.87,3.43,D,0
31.50678,73.67508,331.78,0.4,0.37,2023-11-11,803,N,VIIRS,n,2,298.47,2.09,D,0
31.52056,72.21313,346.04,0.44,0.38,2023-11-11,803,N,VIIRS,n,2,300.26,6.88,D,0
31.5262,72.18333,332.86,0.44,0.38,2023-11-11,803,N,VIIRS,n,2,299.3,7.9,D,0
31.527,72.18789,342.53,0.44,0.38,2023-11-11,803,N,VIIRS,n,2,305.55,24.83,D,0
31.54824,73.65286,328.95,0.4,0.37,2023-11-11,803,N,VIIRS,n,2,299.39,1.52,D,0
31.61493,73.50493,328.54,0.4,0.37,2023-11-11,803,N,VIIRS,n,2,297.18,1.55,D,0
31.66124,72.20908,332.94,0.43,0.38,2023-11-11,803,N,VIIRS,n,2,299.53,4.45,D,0
31.7061,74.21195,330.76,0.39,0.36,2023-11-11,803,N,VIIRS,n,2,297.31,1.49,D,0
31.71758,72.25833,336.13,0.43,0.38,2023-11-11,803,N,VIIRS,n,2,300.24,2.95,D,0
31.7507,73.30904,334.79,0.4,0.37,2023-11-11,803,N,VIIRS,n,2,298.27,2.79,D,0
31.8228,73.17436,332.07,0.41,0.37,2023-11-11,803,N,VIIRS,n,2,299.36,2.11,D,0
31.94095,74.27988,340.59,0.39,0.36,2023-11-11,803,N,VIIRS,n,2,297.49,6.41,D,0
32.05951,73.75282,336.18,0.39,0.36,2023-11-11,803,N,VIIRS,n,2,296.08,3.2,D,0
32.80573,74.44654,338.58,0.38,0.36,2023-11-11,803,N,VIIRS,n,2,298.15,6.44,D,0
32.80636,74.45062,331.7,0.38,0.36,2023-11-11,803,N,VIIRS,n,2,304.12,33.88,D,0
33.69296,72.85328,335,0.4,0.37,2023-11-11,803,N,VIIRS,n,2,295.61,1.24,D,0
33.7898,72.42529,350.31,0.41,0.37,2023-11-11,803,N,VIIRS,n,2,297.15,3.46,D,0
33.82582,72.72402,338.61,0.4,0.37,2023-11-11,803,N,VIIRS,n,2,295.77,2.36,D,0
33.51538,70.17461,332.16,0.49,0.4,2023-11-11,804,N,VIIRS,n,2,299.14,4.82,D,0
35.29889,70.34258,329.29,0.46,0.39,2023-11-11,804,N,VIIRS,n,2,284.13,4.92,D,0
31.09938,72.05285,299.61,0.52,0.5,2023-11-11,2026,N,VIIRS,n,2,285.33,0.81,N,0
31.11969,71.9831,298.43,0.52,0.5,2023-11-11,2026,N,VIIRS,n,2,285.5,1.13,N,0
31.12132,71.98273,302.77,0.52,0.5,2023-11-11,2026,N,VIIRS,n,2,285.36,0.62,N,0
31.16535,72.04486,304.36,0.52,0.5,2023-11-11,2026,N,VIIRS,n,2,284.98,0.66,N,0
31.25165,76.92798,296.9,0.44,0.38,2023-11-11,2026,N,VIIRS,n,2,284.08,0.48,N,2
31.32762,76.89574,295.81,0.44,0.39,2023-11-11,2026,N,VIIRS,n,2,285.15,0.57,N,2
31.61482,74.37608,299.7,0.39,0.44,2023-11-11,2026,N,VIIRS,n,2,286.51,0.15,N,2
31.61553,74.37462,296.72,0.39,0.44,2023-11-11,2026,N,VIIRS,n,2,286.29,0.52,N,2
31.65319,74.1771,308.18,0.4,0.44,2023-11-11,2026,N,VIIRS,n,2,287.9,0.85,N,0
32.05843,74.26611,296.62,0.4,0.44,2023-11-11,2026,N,VIIRS,n,2,286.38,0.41,N,0
32.10157,74.17293,297.89,0.4,0.44,2023-11-11,2026,N,VIIRS,n,2,286.99,0.37,N,2
32.292,74.31173,297.97,0.4,0.44,2023-11-11,2026,N,VIIRS,n,2,286.14,0.57,N,2
32.29305,70.72887,301.14,0.64,0.54,2023-11-11,2026,N,VIIRS,n,2,287.23,0.82,N,2
32.29469,70.73017,298.02,0.63,0.54,2023-11-11,2026,N,VIIRS,n,2,287.21,1.21,N,2
32.71767,72.77319,300.14,0.49,0.48,2023-11-11,2026,N,VIIRS,n,2,284.46,0.76,N,2
32.89042,71.61642,301.67,0.57,0.52,2023-11-11,2026,N,VIIRS,n,2,288.45,2.07,N,2
33.68866,72.71429,299.8,0.5,0.49,2023-11-11,2026,N,VIIRS,n,2,285.91,0.86,N,2
33.68932,72.70972,305.37,0.51,0.49,2023-11-11,2026,N,VIIRS,n,2,286.79,1.84,N,2
33.80281,72.09945,295.92,0.55,0.51,2023-11-11,2026,N,VIIRS,n,2,285.79,0.96,N,0
33.84965,72.87264,296.73,0.5,0.49,2023-11-11,2026,N,VIIRS,n,2,285.42,0.4,N,0
28.09428,77.58227,298.78,0.4,0.37,2023-11-11,2027,N,VIIRS,n,2,287.08,0.56,N,0
28.14005,76.63757,299.82,0.42,0.38,2023-11-11,2027,N,VIIRS,n,2,285.14,0.22,N,0
28.16869,76.71315,337.29,0.42,0.38,2023-11-11,2027,N,VIIRS,n,2,295.53,5.31,N,0
28.16928,76.70885,304.23,0.42,0.38,2023-11-11,2027,N,VIIRS,n,2,287.24,5.31,N,0
28.42537,69.69925,304.29,0.33,0.55,2023-11-11,2027,N,VIIRS,n,2,289.34,0.58,N,2
28.72976,77.15648,300.47,0.41,0.37,2023-11-11,2027,N,VIIRS,n,2,288.37,0.53,N,2
29.4565,76.86525,299.34,0.43,0.38,2023-11-11,2027,N,VIIRS,n,2,288.82,2.38,N,2
29.45998,76.86587,332.9,0.43,0.38,2023-11-11,2027,N,VIIRS,n,2,291.13,2.38,N,2
29.54683,71.67145,295.97,0.52,0.5,2023-11-11,2027,N,VIIRS,n,2,284.77,0.53,N,0
29.75694,75.48832,296.53,0.49,0.4,2023-11-11,2027,N,VIIRS,n,2,284.39,0.48,N,0
29.90833,74.9502,300.14,0.52,0.41,2023-11-11,2027,N,VIIRS,n,2,287.1,0.61,N,2
29.96895,70.53912,296.86,0.61,0.54,2023-11-11,2027,N,VIIRS,n,2,286.52,0.7,N,0
30.32685,70.53655,300.82,0.62,0.54,2023-11-11,2027,N,VIIRS,n,2,289.43,1.04,N,2
23.63981,76.34618,296.98,0.4,0.37,2023-11-11,2028,N,VIIRS,n,2,286.32,0.36,N,0
24.30848,77.51035,300.41,0.39,0.36,2023-11-11,2028,N,VIIRS,n,2,286.22,0.35,N,0
24.57809,74.80346,304.85,0.46,0.39,2023-11-11,2028,N,VIIRS,n,2,290.09,0.99,N,2
24.65977,74.63518,303.04,0.47,0.4,2023-11-11,2028,N,VIIRS,n,2,290.78,1.19,N,2
24.71348,75.95205,302.52,0.42,0.38,2023-11-11,2028,N,VIIRS,n,2,290.79,0.87,N,2
24.72125,74.81762,298.21,0.46,0.39,2023-11-11,2028,N,VIIRS,n,2,285.16,0.24,N,0
24.82228,73.09211,303.16,0.57,0.43,2023-11-11,2028,N,VIIRS,n,2,291.3,1.41,N,2
25.05075,67.49264,306.22,0.42,0.61,2023-11-11,2028,N,VIIRS,n,2,292.64,1.08,N,2
25.05261,67.49504,304.12,0.42,0.61,2023-11-11,2028,N,VIIRS,n,2,292.13,1.21,N,2
25.29801,71.7677,298.21,0.46,0.47,2023-11-11,2028,N,VIIRS,n,2,287.17,0.53,N,0
25.40223,68.56475,307.52,0.36,0.58,2023-11-11,2028,N,VIIRS,n,2,288.6,0.82,N,2
25.63649,68.54765,301.96,0.37,0.58,2023-11-11,2028,N,VIIRS,n,2,287.97,0.35,N,0
25.79144,68.69821,300.24,0.36,0.57,2023-11-11,2028,N,VIIRS,n,2,289.65,0.68,N,2
25.79677,68.69882,305.89,0.36,0.57,2023-11-11,2028,N,VIIRS,n,2,289.37,0.71,N,2
25.79708,68.69517,301.68,0.36,0.57,2023-11-11,2028,N,VIIRS,n,2,290.58,0.71,N,2
26.09261,68.87846,305.95,0.35,0.57,2023-11-11,2028,N,VIIRS,n,2,291.19,0.6,N,2
26.09386,68.87988,304.96,0.35,0.57,2023-11-11,2028,N,VIIRS,n,2,291.03,0.77,N,2
26.09419,68.8763,300.42,0.35,0.57,2023-11-11,2028,N,VIIRS,n,2,290.23,0.99,N,2
26.36783,77.8332,298.21,0.39,0.36,2023-11-11,2028,N,VIIRS,n,2,287.64,0.2,N,0
32.29337,70.7305,298.31,0.67,0.74,2023-11-11,2206,N,VIIRS,n,2,286.38,0.95,N,2
32.89015,71.62044,303.71,0.72,0.76,2023-11-11,2206,N,VIIRS,n,2,286.97,1.1,N,2
37.03234,62.41988,296.44,0.57,0.43,2023-11-11,2206,N,VIIRS,n,2,278.75,3.23,N,2
25.39818,68.5667,303.91,0.76,0.77,2023-11-11,2208,N,VIIRS,n,2,287.99,0.84,N,2
25.40172,68.5657,303.16,0.75,0.77,2023-11-11,2208,N,VIIRS,n,2,288.09,0.84,N,2
25.63643,68.54924,297.77,0.74,0.76,2023-11-11,2208,N,VIIRS,n,2,287.17,0.54,N,0
26.08893,68.88327,297.8,0.76,0.77,2023-11-11,2208,N,VIIRS,n,2,287.36,0.57,N,0
26.16619,61.24417,300.72,0.53,0.5,2023-11-11,2209,N,VIIRS,n,2,286.87,0.75,N,2
23.64989,77.81357,333.15,0.5,0.41,2023-11-12,742,N,VIIRS,n,2,307.83,1.55,D,0
23.71233,77.81561,335.15,0.5,0.41,2023-11-12,742,N,VIIRS,n,2,306.05,2.55,D,0
24.32264,77.47526,332.71,0.51,0.41,2023-11-12,742,N,VIIRS,n,2,305.3,3.17,D,0
24.32319,77.47285,333.61,0.51,0.41,2023-11-12,742,N,VIIRS,n,2,305.83,2.28,D,0
24.49923,77.7365,331.55,0.5,0.41,2023-11-12,742,N,VIIRS,n,2,294.11,2.7,D,0
24.60987,77.47035,331.9,0.51,0.41,2023-11-12,742,N,VIIRS,n,2,299.66,2.2,D,0
24.97468,77.27533,330.57,0.51,0.41,2023-11-12,742,N,VIIRS,l,2,305.08,3.46,D,0
25.12678,77.12323,331.81,0.52,0.42,2023-11-12,742,N,VIIRS,n,2,306.09,2.54,D,0
25.19686,76.77545,334.92,0.54,0.42,2023-11-12,742,N,VIIRS,n,2,304.39,4.62,D,0
25.20525,76.73454,332.26,0.54,0.42,2023-11-12,742,N,VIIRS,n,2,305.83,4.47,D,0
25.26276,77.51143,335.9,0.5,0.41,2023-11-12,742,N,VIIRS,n,2,304.35,4.68,D,0
25.32651,77.65331,341.98,0.49,0.4,2023-11-12,742,N,VIIRS,n,2,302.78,5.75,D,0
25.32811,77.65005,333.64,0.49,0.4,2023-11-12,742,N,VIIRS,n,2,303.31,4.69,D,0
25.47736,77.04611,333.2,0.52,0.41,2023-11-12,742,N,VIIRS,l,2,303.24,3.66,D,0
25.5433,76.98557,339.6,0.52,0.42,2023-11-12,742,N,VIIRS,n,2,306.29,3.98,D,0
25.64238,76.67642,345.68,0.54,0.42,2023-11-12,742,N,VIIRS,n,2,306.91,10.73,D,0
25.78938,76.62371,334.24,0.54,0.42,2023-11-12,742,N,VIIRS,n,2,304.63,3.19,D,0
25.6494,68.85899,340.78,0.52,0.67,2023-11-12,743,N,VIIRS,n,2,303.05,3.28,D,0
25.66718,69.06295,367,0.5,0.66,2023-11-12,743,N,VIIRS,h,2,305.71,11.39,D,0
25.90874,68.508,343.95,0.53,0.67,2023-11-12,743,N,VIIRS,n,2,300.53,4.47,D,0
27.84953,69.43279,335.98,0.43,0.62,2023-11-12,743,N,VIIRS,n,2,300.71,2.65,D,0
27.85117,69.43252,331.35,0.43,0.62,2023-11-12,743,N,VIIRS,n,2,299.24,3.13,D,0
27.96802,67.58063,330.87,0.54,0.68,2023-11-12,743,N,VIIRS,n,2,299.79,1.62,D,0
28.55535,69.94403,337.55,0.38,0.59,2023-11-12,743,N,VIIRS,n,2,296.79,4.55,D,0
28.60706,77.68356,346.53,0.44,0.38,2023-11-12,743,N,VIIRS,n,2,299.97,5.01,D,0
28.60719,77.68214,331.76,0.44,0.39,2023-11-12,743,N,VIIRS,n,2,299.19,2.19,D,0
28.60797,77.68663,331.69,0.44,0.38,2023-11-12,743,N,VIIRS,n,2,298.77,3.23,D,0
28.73022,71.0375,335.89,0.33,0.55,2023-11-12,743,N,VIIRS,n,2,301.24,1.78,D,0
28.76785,76.26968,338.26,0.5,0.41,2023-11-12,743,N,VIIRS,n,2,302.47,4.28,D,0
28.77645,76.60901,332.94,0.49,0.4,2023-11-12,743,N,VIIRS,n,2,302.24,2.79,D,0
28.81915,76.7168,330.71,0.48,0.4,2023-11-12,743,N,VIIRS,n,2,300.47,1.49,D,0
29.13835,76.48359,334.95,0.49,0.4,2023-11-12,743,N,VIIRS,n,2,301.63,3.26,D,0
29.18265,76.74897,332.54,0.47,0.4,2023-11-12,743,N,VIIRS,n,2,301.09,2.56,D,0
29.2135,76.02557,339.01,0.51,0.41,2023-11-12,743,N,VIIRS,n,2,302.38,6.15,D,0
29.22866,76.71568,331.47,0.47,0.4,2023-11-12,743,N,VIIRS,n,2,299.59,2.49,D,0
29.23228,76.16664,335.52,0.5,0.41,2023-11-12,743,N,VIIRS,n,2,301.12,4.12,D,0
29.23517,76.18198,330.41,0.5,0.41,2023-11-12,743,N,VIIRS,n,2,301.88,2.6,D,0
29.2426,76.18018,331.98,0.5,0.41,2023-11-12,743,N,VIIRS,n,2,299.77,1.49,D,0
29.27075,76.63479,332,0.48,0.4,2023-11-12,743,N,VIIRS,n,2,298.45,2.91,D,0
29.28022,76.56104,330.33,0.48,0.4,2023-11-12,743,N,VIIRS,n,2,300.84,2.24,D,0
29.28322,76.56259,334.11,0.48,0.4,2023-11-12,743,N,VIIRS,n,2,301.47,3.49,D,0
29.31091,77.25146,330.3,0.45,0.39,2023-11-12,743,N,VIIRS,n,2,299.34,1.55,D,0
29.38314,76.37032,345.83,0.49,0.4,2023-11-12,743,N,VIIRS,n,2,302.27,10,D,0
29.38791,76.57346,334.46,0.48,0.4,2023-11-12,743,N,VIIRS,n,2,305.12,2.88,D,0
29.39059,76.57485,335.82,0.48,0.4,2023-11-12,743,N,VIIRS,n,2,306.52,9.96,D,0
29.39155,76.57259,334.06,0.48,0.4,2023-11-12,743,N,VIIRS,n,2,303.1,2.88,D,0
29.39514,76.57887,331.73,0.48,0.4,2023-11-12,743,N,VIIRS,n,2,303.07,2.88,D,0
29.39695,76.58863,338.76,0.48,0.4,2023-11-12,743,N,VIIRS,n,2,308.44,15.04,D,0
29.40059,76.58777,335.32,0.48,0.4,2023-11-12,743,N,VIIRS,n,2,299.64,5.05,D,0
29.41905,74.02822,336.23,0.43,0.46,2023-11-12,743,N,VIIRS,n,2,299.6,2.98,D,0
29.42143,74.01834,355.74,0.43,0.46,2023-11-12,743,N,VIIRS,n,2,304.61,15.26,D,0
29.42798,76.53015,339.53,0.48,0.4,2023-11-12,743,N,VIIRS,n,2,305.54,10.61,D,0
29.44926,76.24149,338.6,0.49,0.41,2023-11-12,743,N,VIIRS,n,2,303.02,6.33,D,0
29.45937,76.36764,336.76,0.49,0.4,2023-11-12,743,N,VIIRS,n,2,305.57,10.4,D,0
29.46046,74.10422,350.48,0.42,0.45,2023-11-12,743,N,VIIRS,n,2,303.11,7.96,D,0
29.46073,74.10056,336.91,0.42,0.45,2023-11-12,743,N,VIIRS,n,2,303.62,3.51,D,0
29.46161,74.10487,340.6,0.42,0.45,2023-11-12,743,N,VIIRS,n,2,301.02,4.78,D,0
29.46174,76.36952,333.53,0.49,0.4,2023-11-12,743,N,VIIRS,l,2,304.7,13.33,D,0
29.46251,74.10919,340.59,0.42,0.45,2023-11-12,743,N,VIIRS,n,2,302.04,4.78,D,0
29.46304,76.36675,335.81,0.49,0.4,2023-11-12,743,N,VIIRS,n,2,302.28,10.4,D,0
29.4728,75.95156,338.72,0.51,0.41,2023-11-12,743,N,VIIRS,n,2,302.36,4.45,D,0
29.48442,75.18185,330.81,0.56,0.43,2023-11-12,743,N,VIIRS,n,2,301.25,3.51,D,0
29.48872,74.95113,336.53,0.57,0.43,2023-11-12,743,N,VIIRS,n,2,302.29,4.82,D,0
29.49266,74.95012,331.45,0.57,0.43,2023-11-12,743,N,VIIRS,n,2,299.38,4.82,D,0
29.49391,74.59375,347.78,0.4,0.44,2023-11-12,743,N,VIIRS,n,2,305.47,5.24,D,0
29.49761,76.4593,333.54,0.48,0.4,2023-11-12,743,N,VIIRS,n,2,301.48,3.81,D,0
29.49928,75.27876,334.8,0.55,0.43,2023-11-12,743,N,VIIRS,n,2,302.17,6.4,D,0
29.50033,76.41216,336.7,0.49,0.4,2023-11-12,743,N,VIIRS,n,2,301.9,3.92,D,0
29.50045,75.24307,332.76,0.55,0.43,2023-11-12,743,N,VIIRS,n,2,301.27,2.67,D,0
29.50214,75.23081,341.17,0.55,0.43,2023-11-12,743,N,VIIRS,n,2,302.63,6.73,D,0
29.50459,77.20824,333.95,0.45,0.39,2023-11-12,743,N,VIIRS,n,2,301.65,6.7,D,0
29.5058,77.20459,332.96,0.45,0.39,2023-11-12,743,N,VIIRS,n,2,303.29,10.99,D,0
29.50678,74.76361,343.39,0.39,0.44,2023-11-12,743,N,VIIRS,n,2,302.61,5.28,D,0
29.51293,74.96943,339.01,0.57,0.43,2023-11-12,743,N,VIIRS,n,2,300.87,5.16,D,0
29.51408,74.96693,346.6,0.57,0.43,2023-11-12,743,N,VIIRS,n,2,301.53,9.14,D,0
29.51686,74.96841,339.84,0.57,0.43,2023-11-12,743,N,VIIRS,n,2,301.17,6.07,D,0
29.51863,76.34542,340.11,0.49,0.4,2023-11-12,743,N,VIIRS,n,2,302.94,7.53,D,0
29.51865,74.80225,339.96,0.39,0.44,2023-11-12,743,N,VIIRS,n,2,302.08,4.37,D,0
29.5188,74.57021,343.43,0.4,0.44,2023-11-12,743,N,VIIRS,n,2,302.38,3.39,D,0
29.51944,74.80621,338.73,0.39,0.44,2023-11-12,743,N,VIIRS,n,2,300.64,4.37,D,0
29.52166,77.38955,331.21,0.44,0.39,2023-11-12,743,N,VIIRS,n,2,299.32,1.66,D,0
29.52282,74.56915,353.07,0.4,0.44,2023-11-12,743,N,VIIRS,n,2,301.72,6.33,D,0
29.52473,74.9581,340.02,0.57,0.43,2023-11-12,743,N,VIIRS,n,2,301.76,4.66,D,0
29.52599,75.7383,332.28,0.52,0.42,2023-11-12,743,N,VIIRS,n,2,300.91,9.26,D,0
29.53006,74.563,339.32,0.4,0.44,2023-11-12,743,N,VIIRS,n,2,302.46,3.52,D,0
29.53159,76.87276,332.46,0.46,0.39,2023-11-12,743,N,VIIRS,n,2,304.52,2.83,D,0
29.53203,76.60443,334.11,0.48,0.4,2023-11-12,743,N,VIIRS,n,2,304.39,5.3,D,0
29.53247,74.55379,343.57,0.4,0.44,2023-11-12,743,N,VIIRS,n,2,303.87,8.25,D,0
29.53569,74.54867,339.11,0.4,0.44,2023-11-12,743,N,VIIRS,n,2,303.02,9.72,D,0
29.53629,76.68929,334.1,0.47,0.4,2023-11-12,743,N,VIIRS,n,2,301.97,4.58,D,0
29.53649,74.55274,345.75,0.4,0.44,2023-11-12,743,N,VIIRS,n,2,307.11,20.07,D,0
29.53719,74.22034,340.14,0.42,0.45,2023-11-12,743,N,VIIRS,n,2,301.63,6.61,D,0
29.53805,74.22459,336.3,0.42,0.45,2023-11-12,743,N,VIIRS,n,2,300.94,6.61,D,0
29.54447,75.30262,345.69,0.55,0.42,2023-11-12,743,N,VIIRS,n,2,302.37,12.23,D,0
29.54454,76.16879,330.29,0.5,0.41,2023-11-12,743,N,VIIRS,n,2,299.41,2.46,D,0
29.54637,75.24921,332.44,0.55,0.43,2023-11-12,743,N,VIIRS,n,2,301.04,6.73,D,0
29.54648,75.522,330.3,0.53,0.42,2023-11-12,743,N,VIIRS,n,2,301.57,2.6,D,0
29.55024,75.24823,333.21,0.55,0.43,2023-11-12,743,N,VIIRS,n,2,301.28,6.73,D,0
29.55682,75.79734,335.9,0.52,0.41,2023-11-12,743,N,VIIRS,n,2,301.85,4.77,D,0
29.55985,74.29008,342.2,0.41,0.45,2023-11-12,743,N,VIIRS,n,2,301.73,2.71,D,0
29.5628,75.7236,342.92,0.52,0.42,2023-11-12,743,N,VIIRS,n,2,305.33,16.04,D,0
29.56586,75.72595,346.76,0.52,0.42,2023-11-12,743,N,VIIRS,n,2,303.22,18.86,D,0
29.56588,74.87287,340.38,0.38,0.43,2023-11-12,743,N,VIIRS,n,2,301.02,1.86,D,0
29.56947,77.25195,329.96,0.45,0.39,2023-11-12,743,N,VIIRS,n,2,298.78,4.59,D,0
29.57222,74.30896,343.79,0.41,0.45,2023-11-12,743,N,VIIRS,n,2,301.76,8.75,D,0
29.57243,75.40629,332.24,0.54,0.42,2023-11-12,743,N,VIIRS,n,2,301.99,8.84,D,0
29.57318,77.45882,333.13,0.44,0.38,2023-11-12,743,N,VIIRS,n,2,299.64,4.26,D,0
29.5781,74.52953,353.81,0.4,0.44,2023-11-12,743,N,VIIRS,n,2,303.71,18.78,D,0
29.57942,75.61037,333.46,0.53,0.42,2023-11-12,743,N,VIIRS,n,2,302.79,5.74,D,0
29.58036,74.3068,337.97,0.41,0.45,2023-11-12,743,N,VIIRS,n,2,298.96,4.18,D,0
29.58323,75.60941,334.94,0.53,0.42,2023-11-12,743,N,VIIRS,n,2,301.97,13.65,D,0
29.58561,76.26441,342.39,0.49,0.4,2023-11-12,743,N,VIIRS,n,2,302.32,4.47,D,0
29.58746,75.50607,332.08,0.53,0.42,2023-11-12,743,N,VIIRS,n,2,300.42,5.2,D,0
29.58772,74.51414,341.51,0.4,0.44,2023-11-12,743,N,VIIRS,n,2,303.02,3.29,D,0
29.589,76.7719,333.81,0.47,0.39,2023-11-12,743,N,VIIRS,l,2,304.82,6.21,D,0
29.58916,75.92949,331.08,0.51,0.41,2023-11-12,743,N,VIIRS,n,2,302.2,4.01,D,0
29.58964,74.65012,335.15,0.39,0.44,2023-11-12,743,N,VIIRS,n,2,303.2,5.11,D,0
29.58975,75.93195,333.64,0.51,0.41,2023-11-12,743,N,VIIRS,n,2,302.57,4.54,D,0
29.59867,76.35527,331.73,0.49,0.4,2023-11-12,743,N,VIIRS,n,2,301.38,4.75,D,0
29.59959,76.36024,332.73,0.49,0.4,2023-11-12,743,N,VIIRS,n,2,303.93,8.63,D,0
29.60085,76.60831,334.08,0.47,0.4,2023-11-12,743,N,VIIRS,n,2,305.87,2.47,D,0
29.60163,75.70594,332.8,0.52,0.42,2023-11-12,743,N,VIIRS,n,2,302.11,3.4,D,0
29.6034,74.35801,344.51,0.41,0.45,2023-11-12,743,N,VIIRS,n,2,303.14,6.09,D,0
29.60568,75.72723,338.18,0.52,0.42,2023-11-12,743,N,VIIRS,n,2,303.96,8.53,D,0
29.60699,74.48328,334.75,0.4,0.44,2023-11-12,743,N,VIIRS,n,2,301.62,3.37,D,0
29.60745,74.35694,338.28,0.41,0.45,2023-11-12,743,N,VIIRS,n,2,299.78,3.5,D,0
29.60777,76.30096,330.13,0.49,0.4,2023-11-12,743,N,VIIRS,n,2,303.15,2.5,D,0
29.6202,75.84534,344.32,0.51,0.41,2023-11-12,743,N,VIIRS,n,2,303.23,11.41,D,0
29.63168,75.86446,332.83,0.51,0.41,2023-11-12,743,N,VIIRS,n,2,301.4,2.76,D,0
29.63246,75.84782,342.37,0.51,0.41,2023-11-12,743,N,VIIRS,n,2,304.66,14.95,D,0
29.63603,74.58719,339.97,0.4,0.44,2023-11-12,743,N,VIIRS,n,2,303.13,3.42,D,0
29.6379,75.73038,342.38,0.52,0.41,2023-11-12,743,N,VIIRS,n,2,305.73,12.26,D,0
29.64211,75.77375,330.61,0.52,0.41,2023-11-12,743,N,VIIRS,l,2,304.43,1.62,D,0
29.64582,75.58252,336.43,0.53,0.42,2023-11-12,743,N,VIIRS,n,2,304.49,7.22,D,0
29.64776,75.58514,335.05,0.53,0.42,2023-11-12,743,N,VIIRS,n,2,303.93,5.14,D,0
29.6513,75.96858,331.84,0.51,0.41,2023-11-12,743,N,VIIRS,n,2,303.44,5.14,D,0
29.65227,75.97375,330.68,0.51,0.41,2023-11-12,743,N,VIIRS,n,2,301.67,5.14,D,0
29.6541,76.10753,334.09,0.5,0.41,2023-11-12,743,N,VIIRS,n,2,300.14,3.44,D,0
29.65503,75.96767,331.77,0.51,0.41,2023-11-12,743,N,VIIRS,n,2,302.2,5.14,D,0
29.65601,75.97284,332.77,0.51,0.41,2023-11-12,743,N,VIIRS,n,2,301.57,5.14,D,0
29.66348,76.4585,342.79,0.48,0.4,2023-11-12,743,N,VIIRS,n,2,305.1,5.06,D,0
29.66536,75.67632,331.37,0.52,0.42,2023-11-12,743,N,VIIRS,l,2,301.56,5.51,D,0
29.67586,75.87001,343.16,0.51,0.41,2023-11-12,743,N,VIIRS,n,2,304.02,5.31,D,0
29.67961,75.86908,346.54,0.51,0.41,2023-11-12,743,N,VIIRS,n,2,302.81,5.95,D,0
29.68289,75.80234,343.11,0.51,0.41,2023-11-12,743,N,VIIRS,n,2,311.08,17.96,D,0
29.68501,75.79913,343.12,0.51,0.41,2023-11-12,743,N,VIIRS,n,2,307.88,36.6,D,0
29.68665,75.80141,335.64,0.51,0.41,2023-11-12,743,N,VIIRS,n,2,303.84,17.96,D,0
29.68811,75.16744,330.82,0.55,0.43,2023-11-12,743,N,VIIRS,n,2,304.19,2.63,D,0
29.69125,75.93164,335.25,0.51,0.41,2023-11-12,743,N,VIIRS,n,2,301.97,4.79,D,0
29.69896,75.3081,339.8,0.54,0.42,2023-11-12,743,N,VIIRS,n,2,300.78,6.87,D,0
29.70011,75.31142,333.07,0.54,0.42,2023-11-12,743,N,VIIRS,n,2,301.61,3.92,D,0
29.70563,76.00922,331.51,0.5,0.41,2023-11-12,743,N,VIIRS,l,2,302.2,2.47,D,0
29.70649,76.28477,333.98,0.49,0.4,2023-11-12,743,N,VIIRS,n,2,300.69,3.58,D,0
29.71647,75.59061,332.65,0.53,0.42,2023-11-12,743,N,VIIRS,n,2,302.95,3.52,D,0
29.71959,75.69078,334.17,0.52,0.42,2023-11-12,743,N,VIIRS,n,2,300.45,5.76,D,0
29.72066,76.04853,331.36,0.5,0.41,2023-11-12,743,N,VIIRS,n,2,299.64,18.86,D,0
29.72437,76.04761,340.8,0.5,0.41,2023-11-12,743,N,VIIRS,n,2,308.53,18.86,D,0
29.72465,76.15411,339.06,0.49,0.41,2023-11-12,743,N,VIIRS,n,2,306.82,17.3,D,0
29.72505,76.04993,333.93,0.5,0.41,2023-11-12,743,N,VIIRS,l,2,306.34,27.64,D,0
29.72755,77.06071,332.1,0.45,0.39,2023-11-12,743,N,VIIRS,n,2,300.64,2.45,D,0
29.72808,76.0467,337.15,0.5,0.41,2023-11-12,743,N,VIIRS,n,2,302.31,6.25,D,0
29.72861,75.33334,335.52,0.54,0.42,2023-11-12,743,N,VIIRS,n,2,300.9,7.06,D,0
29.73239,75.56968,347.14,0.53,0.42,2023-11-12,743,N,VIIRS,n,2,306.17,13.69,D,0
29.73445,75.2384,337.21,0.55,0.42,2023-11-12,743,N,VIIRS,n,2,302.19,6.6,D,0
29.73706,75.82477,341.52,0.51,0.41,2023-11-12,743,N,VIIRS,n,2,309.04,28.32,D,0
29.73924,75.66915,339.73,0.52,0.42,2023-11-12,743,N,VIIRS,n,2,302.46,16.94,D,0
29.74048,75.24861,333.16,0.55,0.42,2023-11-12,743,N,VIIRS,l,2,303.65,4.97,D,0
29.74058,75.35352,340.45,0.54,0.42,2023-11-12,743,N,VIIRS,n,2,304.58,7.92,D,0
29.74134,75.99228,334.7,0.5,0.41,2023-11-12,743,N,VIIRS,n,2,304.35,10.67,D,0
29.74712,75.24106,334.08,0.55,0.42,2023-11-12,743,N,VIIRS,n,2,302.94,4.38,D,0
29.74769,77.58288,328.87,0.43,0.38,2023-11-12,743,N,VIIRS,n,2,298.34,2.16,D,0
29.7498,75.54594,331.91,0.53,0.42,2023-11-12,743,N,VIIRS,l,2,304.31,7.71,D,0
29.75169,76.00589,339.27,0.5,0.41,2023-11-12,743,N,VIIRS,n,2,303.24,4.17,D,0
29.75488,76.06405,345.45,0.5,0.41,2023-11-12,743,N,VIIRS,n,2,305.34,15.38,D,0
29.76097,75.76379,331.64,0.52,0.41,2023-11-12,743,N,VIIRS,l,2,302.24,3.16,D,0
29.76307,76.71531,334.33,0.47,0.39,2023-11-12,743,N,VIIRS,n,2,303.16,5.27,D,0
29.76641,75.34122,330.71,0.54,0.42,2023-11-12,743,N,VIIRS,n,2,302.99,3.08,D,0
29.76791,75.92631,337.26,0.51,0.41,2023-11-12,743,N,VIIRS,n,2,303.69,3.93,D,0
29.76958,76.03904,333.56,0.5,0.41,2023-11-12,743,N,VIIRS,n,2,303.51,6.23,D,0
29.77237,75.35132,344.33,0.54,0.42,2023-11-12,743,N,VIIRS,n,2,306.32,19.95,D,0
29.77392,75.44308,332.14,0.53,0.42,2023-11-12,743,N,VIIRS,n,2,300.85,4.23,D,0
29.77437,76.06461,333.64,0.5,0.41,2023-11-12,743,N,VIIRS,n,2,302.87,3.84,D,0
29.77455,75.94093,342.39,0.51,0.41,2023-11-12,743,N,VIIRS,n,2,299.87,6.09,D,0
29.77503,75.57355,333.79,0.53,0.42,2023-11-12,743,N,VIIRS,n,2,302.1,4.55,D,0
29.7767,75.84786,342.05,0.51,0.41,2023-11-12,743,N,VIIRS,n,2,298.38,3.56,D,0
29.7791,75.92355,330.8,0.51,0.41,2023-11-12,743,N,VIIRS,n,2,298.57,2.32,D,0
29.78397,75.41187,342.42,0.54,0.42,2023-11-12,743,N,VIIRS,n,2,304.74,16.11,D,0
29.78656,75.92171,332.95,0.51,0.41,2023-11-12,743,N,VIIRS,n,2,301.38,6.77,D,0
29.78734,75.32435,332.06,0.54,0.42,2023-11-12,743,N,VIIRS,n,2,300.83,7.3,D,0
29.78779,75.41091,334.59,0.54,0.42,2023-11-12,743,N,VIIRS,n,2,302.42,6.21,D,0
29.78909,76.03963,334.32,0.5,0.41,2023-11-12,743,N,VIIRS,n,2,302.49,5.13,D,0
29.79157,75.34647,336.93,0.54,0.42,2023-11-12,743,N,VIIRS,n,2,301.01,4.64,D,0
29.79395,76.08651,336.48,0.5,0.41,2023-11-12,743,N,VIIRS,n,2,300.87,4.45,D,0
29.79946,76.07449,339.18,0.5,0.41,2023-11-12,743,N,VIIRS,n,2,300.85,3.61,D,0
29.80044,75.76802,332.9,0.51,0.41,2023-11-12,743,N,VIIRS,n,2,301.39,7.19,D,0
29.80066,75.43637,342.03,0.53,0.42,2023-11-12,743,N,VIIRS,n,2,303.18,16.19,D,0
29.80388,75.84661,332.82,0.51,0.41,2023-11-12,743,N,VIIRS,n,2,301.48,2.85,D,0
29.8041,76.07869,333.53,0.5,0.41,2023-11-12,743,N,VIIRS,n,2,302.1,4.7,D,0
29.80421,75.84941,330.66,0.51,0.41,2023-11-12,743,N,VIIRS,n,2,300.96,2.49,D,0
29.80496,76.06248,334.13,0.5,0.41,2023-11-12,743,N,VIIRS,n,2,302.12,3.31,D,0
29.80573,76.02483,352.4,0.5,0.41,2023-11-12,743,N,VIIRS,n,2,303.37,11.14,D,0
29.80781,76.0778,343.17,0.5,0.41,2023-11-12,743,N,VIIRS,n,2,303.24,4.7,D,0
29.8205,75.99973,336.37,0.5,0.41,2023-11-12,743,N,VIIRS,n,2,300.71,3.09,D,0
29.82164,76.00216,333.03,0.5,0.41,2023-11-12,743,N,VIIRS,n,2,299.82,5,D,0
29.8228,76.13787,334.12,0.49,0.41,2023-11-12,743,N,VIIRS,n,2,303.03,6.85,D,0
29.82301,75.94799,336.95,0.5,0.41,2023-11-12,743,N,VIIRS,n,2,301.12,6.91,D,0
29.82309,75.9506,343.35,0.5,0.41,2023-11-12,743,N,VIIRS,n,2,300.34,5.24,D,0
29.82488,76.27397,330.61,0.49,0.4,2023-11-12,743,N,VIIRS,n,2,301.08,3.12,D,0
29.82545,75.81682,330.06,0.51,0.41,2023-11-12,743,N,VIIRS,l,2,303.91,2.28,D,0
29.83026,75.6552,333.14,0.52,0.42,2023-11-12,743,N,VIIRS,l,2,304.17,8.61,D,0
29.84242,75.927,332.42,0.5,0.41,2023-11-12,743,N,VIIRS,n,2,300.61,2.49,D,0
29.85636,77.4997,336.03,0.43,0.38,2023-11-12,743,N,VIIRS,n,2,300.05,2.89,D,0
29.89554,75.91933,346.23,0.5,0.41,2023-11-12,743,N,VIIRS,n,2,303.91,12.43,D,0
29.90396,75.92268,335.48,0.5,0.41,2023-11-12,743,N,VIIRS,n,2,301.34,3.91,D,0
29.96948,77.25589,344.13,0.44,0.39,2023-11-12,743,N,VIIRS,n,2,298.36,5.95,D,0
30.15614,77.36451,330.64,0.44,0.38,2023-11-12,743,N,VIIRS,n,2,298.89,6.03,D,0
30.15693,77.36899,332.66,0.44,0.38,2023-11-12,743,N,VIIRS,n,2,301.77,6.03,D,0
28.90908,67.5908,342.55,0.52,0.66,2023-11-12,744,N,VIIRS,n,2,301.84,4.69,D,0
29.18551,70.89969,330.46,0.33,0.55,2023-11-12,744,N,VIIRS,n,2,298.59,1.79,D,0
29.27575,68.0312,352.86,0.48,0.64,2023-11-12,744,N,VIIRS,n,2,305.01,15.14,D,0
29.27701,68.03606,367,0.48,0.64,2023-11-12,744,N,VIIRS,h,2,302.92,15.14,D,0
29.27934,68.03123,354.15,0.48,0.64,2023-11-12,744,N,VIIRS,n,2,305.34,24.78,D,0
29.28056,68.03608,335.85,0.48,0.64,2023-11-12,744,N,VIIRS,n,2,300.6,19.98,D,0
29.50438,70.92245,334.81,0.32,0.55,2023-11-12,744,N,VIIRS,n,2,297.99,2.41,D,0
29.68069,71.72868,344.59,0.57,0.52,2023-11-12,744,N,VIIRS,n,2,302.51,6.62,D,0
29.80291,74.68468,332.84,0.39,0.44,2023-11-12,744,N,VIIRS,n,2,300.62,2.46,D,0
29.8206,75.30771,330.84,0.54,0.42,2023-11-12,744,N,VIIRS,n,2,303.58,3.11,D,0
29.83032,75.17049,340.56,0.55,0.43,2023-11-12,744,N,VIIRS,n,2,304.37,8.59,D,0
29.8337,75.14598,338.54,0.55,0.43,2023-11-12,744,N,VIIRS,n,2,306.95,8.73,D,0
29.84095,75.12038,330.47,0.55,0.43,2023-11-12,744,N,VIIRS,l,2,303.65,2.42,D,0
29.8539,75.03945,331.95,0.56,0.43,2023-11-12,744,N,VIIRS,n,2,300.94,3.68,D,0
29.85779,75.03845,332.6,0.56,0.43,2023-11-12,744,N,VIIRS,n,2,300.08,5.84,D,0
29.85794,75.04332,332.21,0.56,0.43,2023-11-12,744,N,VIIRS,n,2,300.33,7.75,D,0
29.86176,74.64429,330.79,0.39,0.44,2023-11-12,744,N,VIIRS,n,2,300.51,3.62,D,0
29.88442,75.61672,334.26,0.52,0.42,2023-11-12,744,N,VIIRS,n,2,302.05,4.19,D,0
29.8882,75.61579,331.53,0.52,0.42,2023-11-12,744,N,VIIRS,n,2,300.18,3.03,D,0
29.89084,74.83472,332.94,0.57,0.43,2023-11-12,744,N,VIIRS,n,2,301.82,2.04,D,0
29.89749,75.18172,334.88,0.55,0.42,2023-11-12,744,N,VIIRS,n,2,301.38,7.23,D,0
29.8976,75.18286,332.43,0.55,0.43,2023-11-12,744,N,VIIRS,n,2,301.6,5.26,D,0
29.90702,72.92302,333.13,0.48,0.48,2023-11-12,744,N,VIIRS,n,2,300.97,3.85,D,0
29.91226,74.64384,344.45,0.39,0.44,2023-11-12,744,N,VIIRS,n,2,303.65,3.45,D,0
29.91702,75.43328,340.55,0.53,0.42,2023-11-12,744,N,VIIRS,n,2,300.47,9.3,D,0
29.92208,75.28659,331.47,0.54,0.42,2023-11-12,744,N,VIIRS,n,2,298.38,2.03,D,0
29.93292,74.55852,338.18,0.39,0.44,2023-11-12,744,N,VIIRS,n,2,303.54,2.25,D,0
29.93608,75.74271,336.09,0.51,0.41,2023-11-12,744,N,VIIRS,n,2,302.68,14.54,D,0
29.93706,72.97726,333.18,0.48,0.48,2023-11-12,744,N,VIIRS,n,2,299.89,2.75,D,0
29.93848,75.10033,335.37,0.55,0.43,2023-11-12,744,N,VIIRS,n,2,298.4,3.37,D,0
29.93983,75.74177,341.98,0.51,0.41,2023-11-12,744,N,VIIRS,n,2,306.59,14.54,D,0
29.94166,74.454,331.51,0.4,0.44,2023-11-12,744,N,VIIRS,n,2,302.73,2.02,D,0
29.94329,75.90476,331.98,0.5,0.41,2023-11-12,744,N,VIIRS,n,2,299.34,2.74,D,0
29.94968,74.55836,341.03,0.39,0.44,2023-11-12,744,N,VIIRS,n,2,302.77,11.48,D,0
29.95568,74.75729,341.41,0.38,0.43,2023-11-12,744,N,VIIRS,n,2,302.3,4.63,D,0
29.95658,75.48454,333.07,0.53,0.42,2023-11-12,744,N,VIIRS,n,2,300.49,4.4,D,0
29.95658,75.93389,337.78,0.5,0.41,2023-11-12,744,N,VIIRS,n,2,299.88,4.86,D,0
29.95665,75.83083,339.73,0.51,0.41,2023-11-12,744,N,VIIRS,n,2,307.24,28.38,D,0
29.95933,75.47818,331.73,0.53,0.42,2023-11-12,744,N,VIIRS,n,2,300.59,2.49,D,0
29.96065,75.44372,344.69,0.53,0.42,2023-11-12,744,N,VIIRS,n,2,304.49,13.86,D,0
29.96301,73.07833,330.06,0.47,0.48,2023-11-12,744,N,VIIRS,n,2,301.62,2.01,D,0
29.96671,74.81304,333.63,0.57,0.43,2023-11-12,744,N,VIIRS,l,2,305.16,11.58,D,0
29.96825,75.66275,333.38,0.52,0.41,2023-11-12,744,N,VIIRS,n,2,301.23,3.86,D,0
29.96976,75.5321,335.23,0.52,0.42,2023-11-12,744,N,VIIRS,n,2,300.03,3.38,D,0
29.97263,75.7281,337.38,0.51,0.41,2023-11-12,744,N,VIIRS,n,2,301.85,8.71,D,0
29.97461,75.59829,347.22,0.52,0.42,2023-11-12,744,N,VIIRS,n,2,302.58,9.6,D,0
29.97614,75.5994,347.81,0.52,0.42,2023-11-12,744,N,VIIRS,n,2,306.19,26.07,D,0
29.97792,75.79823,339.39,0.51,0.41,2023-11-12,744,N,VIIRS,n,2,303.59,7.53,D,0
29.97838,75.59734,332.97,0.52,0.42,2023-11-12,744,N,VIIRS,n,2,306.77,41.56,D,0
29.97872,75.78159,342.68,0.51,0.41,2023-11-12,744,N,VIIRS,n,2,303.71,4.88,D,0
29.97944,74.73048,341.55,0.38,0.43,2023-11-12,744,N,VIIRS,n,2,304.07,6.24,D,0
29.98425,75.89465,333.77,0.5,0.41,2023-11-12,744,N,VIIRS,n,2,299.82,2.39,D,0
29.98477,75.00864,332.83,0.56,0.43,2023-11-12,744,N,VIIRS,n,2,300.07,4.89,D,0
29.98573,75.83998,333.58,0.51,0.41,2023-11-12,744,N,VIIRS,n,2,302.3,5.06,D,0
29.98577,75.98585,334.32,0.5,0.41,2023-11-12,744,N,VIIRS,n,2,302.9,7.87,D,0
29.98735,75.80683,332.7,0.51,0.41,2023-11-12,744,N,VIIRS,n,2,300.98,3.4,D,0
29.99187,75.74928,335.68,0.51,0.41,2023-11-12,744,N,VIIRS,n,2,301.6,6.87,D,0
29.99255,75.75069,333.82,0.51,0.41,2023-11-12,744,N,VIIRS,n,2,301.5,4.57,D,0
29.99447,74.72245,341.42,0.38,0.43,2023-11-12,744,N,VIIRS,n,2,302.21,3.94,D,0
29.99554,75.60425,342.92,0.52,0.42,2023-11-12,744,N,VIIRS,n,2,302.72,13.06,D,0
29.9965,75.0475,336,0.55,0.43,2023-11-12,744,N,VIIRS,n,2,302.22,9.58,D,0
29.99818,75.8858,334.16,0.5,0.41,2023-11-12,744,N,VIIRS,n,2,301.64,5.88,D,0
29.99957,74.89619,333.39,0.56,0.43,2023-11-12,744,N,VIIRS,n,2,300.85,2.9,D,0
30.0026,75.84668,337.81,0.51,0.41,2023-11-12,744,N,VIIRS,n,2,299.97,7.99,D,0
30.00439,75.83534,331.04,0.51,0.41,2023-11-12,744,N,VIIRS,n,2,302.15,6.82,D,0
30.00536,75.84055,333.36,0.51,0.41,2023-11-12,744,N,VIIRS,n,2,300.51,6.82,D,0
30.00545,72.63115,343.32,0.5,0.49,2023-11-12,744,N,VIIRS,n,2,300.15,10.16,D,0
30.00633,75.84576,337.45,0.51,0.41,2023-11-12,744,N,VIIRS,n,2,301.77,7.99,D,0
30.01078,74.91152,339.95,0.56,0.43,2023-11-12,744,N,VIIRS,n,2,302.78,5.71,D,0
30.01238,75.81537,334.46,0.51,0.41,2023-11-12,744,N,VIIRS,n,2,301.21,6.48,D,0
30.01255,74.98352,345.26,0.56,0.43,2023-11-12,744,N,VIIRS,n,2,305.06,19.35,D,0
30.01269,75.81693,340.9,0.51,0.41,2023-11-12,744,N,VIIRS,n,2,301.51,6.51,D,0
30.01461,75.76559,335.48,0.51,0.41,2023-11-12,744,N,VIIRS,n,2,302.15,3.41,D,0
30.01751,76.03149,332.74,0.5,0.41,2023-11-12,744,N,VIIRS,n,2,301.19,2.02,D,0
30.01866,73.16972,334.28,0.47,0.47,2023-11-12,744,N,VIIRS,n,2,300.78,3.67,D,0
30.01976,75.50264,334.41,0.53,0.42,2023-11-12,744,N,VIIRS,n,2,299.58,4.22,D,0
30.02476,74.92004,348.88,0.56,0.43,2023-11-12,744,N,VIIRS,n,2,304.62,16.03,D,0
30.02583,75.68015,334.81,0.52,0.41,2023-11-12,744,N,VIIRS,n,2,303.65,8.46,D,0
30.02616,75.88969,334.93,0.5,0.41,2023-11-12,744,N,VIIRS,n,2,302.79,2.92,D,0
30.02723,75.89316,331.44,0.5,0.41,2023-11-12,744,N,VIIRS,n,2,301.09,3.32,D,0
30.02732,75.93799,345.98,0.5,0.41,2023-11-12,744,N,VIIRS,n,2,301.05,7.02,D,0
30.02765,75.9362,344.99,0.5,0.41,2023-11-12,744,N,VIIRS,n,2,301.35,5.9,D,0
30.02794,75.5457,337.84,0.52,0.42,2023-11-12,744,N,VIIRS,n,2,299.39,5.7,D,0
30.02812,74.93733,334.35,0.56,0.43,2023-11-12,744,N,VIIRS,n,2,300.77,3.81,D,0
30.0286,75.75664,337.04,0.51,0.41,2023-11-12,744,N,VIIRS,n,2,302.54,5.77,D,0
30.02867,74.91904,330.11,0.56,0.43,2023-11-12,744,N,VIIRS,n,2,299.8,3.65,D,0
30.02885,75.69599,334.31,0.51,0.41,2023-11-12,744,N,VIIRS,n,2,301.73,6.69,D,0
30.02939,75.99118,333.95,0.5,0.41,2023-11-12,744,N,VIIRS,n,2,301.28,4.1,D,0
30.03006,75.80553,335.34,0.51,0.41,2023-11-12,744,N,VIIRS,n,2,304.5,6.19,D,0
30.03018,74.77815,337.17,0.57,0.43,2023-11-12,744,N,VIIRS,n,2,300.32,5.15,D,0
30.03034,74.90649,333.61,0.56,0.43,2023-11-12,744,N,VIIRS,n,2,303.54,5.85,D,0
30.03035,75.74522,332.62,0.51,0.41,2023-11-12,744,N,VIIRS,n,2,302.08,3.96,D,0
30.03146,74.91226,333.73,0.56,0.43,2023-11-12,744,N,VIIRS,n,2,303.82,5.85,D,0
30.03181,74.77582,335.63,0.57,0.43,2023-11-12,744,N,VIIRS,n,2,302.55,8.86,D,0
30.03317,76.01164,332.81,0.5,0.41,2023-11-12,744,N,VIIRS,n,2,300.52,2.57,D,0
30.03415,74.78752,344.57,0.57,0.43,2023-11-12,744,N,VIIRS,n,2,300.01,6.14,D,0
30.03431,75.60014,337.14,0.52,0.41,2023-11-12,744,N,VIIRS,n,2,300.6,5.82,D,0
30.03461,75.70561,334.06,0.51,0.41,2023-11-12,744,N,VIIRS,n,2,301.19,3.46,D,0
30.03488,75.91287,332.7,0.5,0.41,2023-11-12,744,N,VIIRS,n,2,301.38,1.36,D,0
30.03491,75.9791,333.79,0.5,0.41,2023-11-12,744,N,VIIRS,n,2,301.68,4.59,D,0
30.03525,74.783,331.61,0.57,0.43,2023-11-12,744,N,VIIRS,n,2,299.18,4.02,D,0
30.03561,75.71088,332.61,0.51,0.41,2023-11-12,744,N,VIIRS,n,2,301.56,4.66,D,0
30.03638,74.78885,332.48,0.57,0.43,2023-11-12,744,N,VIIRS,n,2,300.73,4.02,D,0
30.03687,76.01073,340.4,0.5,0.41,2023-11-12,744,N,VIIRS,n,2,301.26,2.57,D,0
30.03855,75.55989,336.79,0.52,0.42,2023-11-12,744,N,VIIRS,n,2,300.35,6.35,D,0
30.0394,75.94039,335.92,0.5,0.41,2023-11-12,744,N,VIIRS,n,2,304.96,6.8,D,0
30.03977,75.93861,331.33,0.5,0.41,2023-11-12,744,N,VIIRS,n,2,302.01,6.98,D,0
30.04074,75.94376,334.57,0.5,0.41,2023-11-12,744,N,VIIRS,n,2,304.84,6.98,D,0
30.04187,75.11312,341.1,0.55,0.43,2023-11-12,744,N,VIIRS,n,2,299.86,6.13,D,0
30.04275,76.14711,330.93,0.49,0.4,2023-11-12,744,N,VIIRS,n,2,300.71,3.12,D,0
30.04434,75.73625,330.19,0.51,0.41,2023-11-12,744,N,VIIRS,n,2,303.02,1.28,D,0
30.04708,76.03842,348.38,0.5,0.41,2023-11-12,744,N,VIIRS,n,2,301.5,6.89,D,0
30.04734,72.40173,345.43,0.51,0.5,2023-11-12,744,N,VIIRS,n,2,300.19,15.12,D,0
30.04923,76.18228,332.84,0.49,0.4,2023-11-12,744,N,VIIRS,n,2,300.81,4.63,D,0
30.0499,76.03951,343.67,0.5,0.41,2023-11-12,744,N,VIIRS,n,2,301.56,5.24,D,0
30.04997,73.32099,332.41,0.46,0.47,2023-11-12,744,N,VIIRS,n,2,299.23,2.8,D,0
30.05093,76.05872,337.6,0.49,0.41,2023-11-12,744,N,VIIRS,n,2,301.04,6.01,D,0
30.0527,76.05476,332.97,0.49,0.41,2023-11-12,744,N,VIIRS,n,2,301.43,2.22,D,0
30.05544,75.62832,332.33,0.52,0.41,2023-11-12,744,N,VIIRS,n,2,302.45,3.76,D,0
30.05638,75.92375,330.08,0.5,0.41,2023-11-12,744,N,VIIRS,n,2,302.08,4.31,D,0
30.05735,76.05184,341.15,0.49,0.41,2023-11-12,744,N,VIIRS,n,2,301.96,4.85,D,0
30.05838,76.14854,333.96,0.49,0.4,2023-11-12,744,N,VIIRS,n,2,302.93,10.76,D,0
30.05913,75.91769,334.89,0.5,0.41,2023-11-12,744,N,VIIRS,n,2,301.8,3.53,D,0
30.06009,75.92284,338.65,0.5,0.41,2023-11-12,744,N,VIIRS,n,2,302.31,4.31,D,0
30.06203,76.12657,333.44,0.49,0.4,2023-11-12,744,N,VIIRS,n,2,301.02,2.75,D,0
30.06426,74.62553,333.89,0.39,0.44,2023-11-12,744,N,VIIRS,n,2,300.24,2.89,D,0
30.06431,76.12946,331.41,0.49,0.4,2023-11-12,744,N,VIIRS,n,2,300.79,4.04,D,0
30.06521,74.5031,347.67,0.39,0.44,2023-11-12,744,N,VIIRS,n,2,301.65,10.16,D,0
30.06541,76.01262,333.01,0.5,0.41,2023-11-12,744,N,VIIRS,l,2,305.24,7.49,D,0
30.06733,76.02282,336.81,0.5,0.41,2023-11-12,744,N,VIIRS,n,2,300.96,14.25,D,0
30.06752,76.09353,332.32,0.49,0.4,2023-11-12,744,N,VIIRS,n,2,302.57,2.57,D,0
30.068,75.9853,334.88,0.5,0.41,2023-11-12,744,N,VIIRS,n,2,304.65,12.18,D,0
30.06845,76.09859,337.05,0.49,0.4,2023-11-12,744,N,VIIRS,n,2,302.54,6.53,D,0
30.06964,76.09649,349.17,0.49,0.4,2023-11-12,744,N,VIIRS,n,2,304.43,15.47,D,0
30.06982,75.4649,334.28,0.53,0.42,2023-11-12,744,N,VIIRS,n,2,301.08,3.87,D,0
30.07081,74.93033,330.77,0.56,0.43,2023-11-12,744,N,VIIRS,n,2,299.83,2.71,D,0
30.07117,74.76563,345.35,0.57,0.43,2023-11-12,744,N,VIIRS,n,2,303.32,14.61,D,0
30.07124,75.92009,333.73,0.5,0.41,2023-11-12,744,N,VIIRS,n,2,303.13,2.68,D,0
30.07205,75.90372,333.35,0.5,0.41,2023-11-12,744,N,VIIRS,n,2,301.79,2.18,D,0
30.07511,74.76462,334.53,0.57,0.43,2023-11-12,744,N,VIIRS,n,2,299.22,4.17,D,0
30.07512,75.07498,340.75,0.55,0.43,2023-11-12,744,N,VIIRS,n,2,299.74,6.12,D,0
30.07581,76.04733,334.11,0.49,0.41,2023-11-12,744,N,VIIRS,n,2,301.25,2.9,D,0
30.07592,75.92433,332.66,0.5,0.41,2023-11-12,744,N,VIIRS,n,2,301.6,2.68,D,0
30.07606,76.08964,341.57,0.49,0.4,2023-11-12,744,N,VIIRS,n,2,300.82,8.94,D,0
30.07746,76.01499,348.89,0.5,0.41,2023-11-12,744,N,VIIRS,n,2,302.41,9.94,D,0
30.08018,76.17286,336.65,0.49,0.4,2023-11-12,744,N,VIIRS,n,2,303.78,8.77,D,0
30.0802,76.009,352.57,0.5,0.41,2023-11-12,744,N,VIIRS,n,2,301.76,17.36,D,0
30.08091,75.6249,335.97,0.52,0.41,2023-11-12,744,N,VIIRS,n,2,302.46,3.94,D,0
30.08171,75.95514,331.16,0.5,0.41,2023-11-12,744,N,VIIRS,n,2,301.83,4.5,D,0
30.08226,76.1742,337.56,0.49,0.4,2023-11-12,744,N,VIIRS,n,2,303.11,7.86,D,0
30.08267,75.96027,333.44,0.5,0.41,2023-11-12,744,N,VIIRS,n,2,303.16,5.33,D,0
30.0828,75.62704,345.54,0.52,0.41,2023-11-12,744,N,VIIRS,n,2,302.4,7.79,D,0
30.08414,76.05058,349.22,0.49,0.41,2023-11-12,744,N,VIIRS,n,2,302.17,10.15,D,0
30.08445,75.9491,339.58,0.5,0.41,2023-11-12,744,N,VIIRS,n,2,303.9,6.63,D,0
30.08455,74.3699,340.15,0.4,0.44,2023-11-12,744,N,VIIRS,n,2,299.81,6.23,D,0
30.08467,75.62396,331.35,0.52,0.41,2023-11-12,744,N,VIIRS,n,2,300.41,2.51,D,0
30.08509,76.05566,332.91,0.49,0.41,2023-11-12,744,N,VIIRS,n,2,301.16,8.71,D,0
30.08816,75.94819,338.11,0.5,0.41,2023-11-12,744,N,VIIRS,n,2,302.47,6.63,D,0
30.09237,76.03265,332.6,0.49,0.41,2023-11-12,744,N,VIIRS,n,2,301.88,2.93,D,0
30.0939,75.83331,331.99,0.51,0.41,2023-11-12,744,N,VIIRS,n,2,304.38,2.01,D,0
30.09493,74.99028,330.76,0.56,0.43,2023-11-12,744,N,VIIRS,n,2,300.94,3.67,D,0
30.0971,75.89212,333.18,0.5,0.41,2023-11-12,744,N,VIIRS,n,2,303.08,11.34,D,0
30.09749,75.95661,336.2,0.5,0.41,2023-11-12,744,N,VIIRS,n,2,305.94,19.1,D,0
30.09806,75.89728,336.41,0.5,0.41,2023-11-12,744,N,VIIRS,n,2,307.73,11.34,D,0
30.09829,75.79407,337.69,0.51,0.41,2023-11-12,744,N,VIIRS,n,2,304.83,10.23,D,0
30.10108,75.93427,345.23,0.5,0.41,2023-11-12,744,N,VIIRS,n,2,302.87,15.04,D,0
30.10114,75.3371,332.81,0.53,0.42,2023-11-12,744,N,VIIRS,n,2,300.7,4.04,D,0
30.10264,74.14209,341.39,0.41,0.45,2023-11-12,744,N,VIIRS,n,2,302.71,5.54,D,0
30.10396,75.72423,334.71,0.51,0.41,2023-11-12,744,N,VIIRS,n,2,302.44,3.59,D,0
30.10431,75.72131,333.12,0.51,0.41,2023-11-12,744,N,VIIRS,n,2,303.07,1.98,D,0
30.10597,75.73472,339.2,0.51,0.41,2023-11-12,744,N,VIIRS,n,2,303.47,4.4,D,0
30.10605,75.83574,336.15,0.51,0.41,2023-11-12,744,N,VIIRS,n,2,303.28,3.72,D,0
30.10627,75.73183,334.14,0.51,0.41,2023-11-12,744,N,VIIRS,n,2,303.75,4.35,D,0
30.10838,75.91093,340.38,0.5,0.41,2023-11-12,744,N,VIIRS,n,2,298.79,4.98,D,0
30.10859,75.64577,347.55,0.52,0.41,2023-11-12,744,N,VIIRS,n,2,302.48,11.56,D,0
30.10872,75.97527,338.48,0.5,0.41,2023-11-12,744,N,VIIRS,n,2,301.5,6.01,D,0
30.10945,75.93757,332.63,0.5,0.41,2023-11-12,744,N,VIIRS,n,2,300.62,2.45,D,0
30.10956,75.959,342.66,0.5,0.41,2023-11-12,744,N,VIIRS,n,2,309.27,35.54,D,0
30.10972,74.2416,332.07,0.4,0.45,2023-11-12,744,N,VIIRS,n,2,299.34,4.16,D,0
30.10978,76.00172,334.32,0.5,0.41,2023-11-12,744,N,VIIRS,n,2,302.36,3.86,D,0
30.10983,74.26344,341.52,0.4,0.45,2023-11-12,744,N,VIIRS,n,2,301.03,7.98,D,0
30.11177,76.03318,335.13,0.49,0.41,2023-11-12,744,N,VIIRS,l,2,305.28,6,D,0
30.11252,75.9957,336.89,0.5,0.41,2023-11-12,744,N,VIIRS,n,2,303.87,3.86,D,0
30.11327,75.50483,334.38,0.52,0.42,2023-11-12,744,N,VIIRS,n,2,301.3,2.71,D,0
30.11357,76.0221,344.9,0.5,0.41,2023-11-12,744,N,VIIRS,n,2,302.99,5.61,D,0
30.11388,75.89877,331.45,0.5,0.41,2023-11-12,744,N,VIIRS,n,2,300.65,4.11,D,0
30.114,75.92031,346.5,0.5,0.41,2023-11-12,744,N,VIIRS,n,2,299.97,6.44,D,0
30.11422,75.9632,334.55,0.5,0.41,2023-11-12,744,N,VIIRS,n,2,300.78,7.74,D,0
30.1144,75.02711,334.21,0.55,0.43,2023-11-12,744,N,VIIRS,n,2,299.88,3.9,D,0
30.11493,75.69949,340.11,0.51,0.41,2023-11-12,744,N,VIIRS,n,2,304.21,6.86,D,0
30.11547,76.03228,338.07,0.49,0.41,2023-11-12,744,N,VIIRS,n,2,304.32,4.75,D,0
30.11868,75.69854,334.97,0.51,0.41,2023-11-12,744,N,VIIRS,n,2,301.29,6.86,D,0
30.12047,75.91332,333.47,0.5,0.41,2023-11-12,744,N,VIIRS,n,2,301.79,7.71,D,0
30.12285,76.03046,335.89,0.49,0.41,2023-11-12,744,N,VIIRS,n,2,302.51,4.54,D,0
30.12343,75.95022,333.99,0.5,0.41,2023-11-12,744,N,VIIRS,l,2,305.68,14.91,D,0
30.12714,75.9493,337.47,0.5,0.41,2023-11-12,744,N,VIIRS,n,2,302.23,14.91,D,0
30.12809,75.95443,338.15,0.5,0.41,2023-11-12,744,N,VIIRS,n,2,308.69,14.91,D,0
30.12894,75.93813,334.41,0.5,0.41,2023-11-12,744,N,VIIRS,n,2,301.05,2.89,D,0
30.12929,76.02357,333.69,0.49,0.41,2023-11-12,744,N,VIIRS,n,2,302.64,10.7,D,0
30.13084,75.94839,336.44,0.5,0.41,2023-11-12,744,N,VIIRS,n,2,303.63,2.95,D,0
30.13161,75.6011,330.73,0.52,0.41,2023-11-12,744,N,VIIRS,n,2,299.7,1.82,D,0
30.13179,75.95351,335.39,0.5,0.41,2023-11-12,744,N,VIIRS,n,2,303.59,2.95,D,0
30.13204,76.01756,338.77,0.5,0.41,2023-11-12,744,N,VIIRS,n,2,312.61,31.8,D,0
30.1329,75.62859,339.38,0.52,0.41,2023-11-12,744,N,VIIRS,n,2,301.05,4.82,D,0
30.13324,74.91426,330.65,0.56,0.43,2023-11-12,744,N,VIIRS,l,2,301.03,4.92,D,0
30.13412,76.09128,338.58,0.49,0.4,2023-11-12,744,N,VIIRS,l,2,311.1,37.08,D,0
30.1347,74.55685,341.48,0.39,0.44,2023-11-12,744,N,VIIRS,n,2,300.68,3.07,D,0
30.1355,75.9526,332.94,0.5,0.41,2023-11-12,744,N,VIIRS,n,2,303.16,2.95,D,0
30.13569,75.70534,332.01,0.51,0.41,2023-11-12,744,N,VIIRS,n,2,301.56,5.36,D,0
30.13577,75.89059,331.24,0.5,0.41,2023-11-12,744,N,VIIRS,n,2,303.43,6,D,0
30.13617,75.74915,331.08,0.51,0.41,2023-11-12,744,N,VIIRS,n,2,302.22,3.44,D,0
30.13618,75.89324,343.83,0.5,0.41,2023-11-12,744,N,VIIRS,n,2,307.26,16.69,D,0
30.13645,75.95773,338.39,0.5,0.41,2023-11-12,744,N,VIIRS,n,2,302.87,5.57,D,0
30.13675,75.89574,334.03,0.5,0.41,2023-11-12,744,N,VIIRS,n,2,306.01,10.85,D,0
30.13709,75.83617,343.18,0.5,0.41,2023-11-12,744,N,VIIRS,n,2,300.74,7,D,0
30.13829,75.86296,333.4,0.5,0.41,2023-11-12,744,N,VIIRS,n,2,302.04,1.99,D,0
30.13923,74.36842,344.27,0.4,0.44,2023-11-12,744,N,VIIRS,n,2,301.05,4.77,D,0
30.13943,75.70441,331.89,0.51,0.41,2023-11-12,744,N,VIIRS,n,2,299.52,4.93,D,0
30.13991,75.74822,341.12,0.51,0.41,2023-11-12,744,N,VIIRS,n,2,303.16,6.26,D,0
30.14089,75.58762,333.6,0.52,0.41,2023-11-12,744,N,VIIRS,n,2,301.1,5.07,D,0
30.14117,75.98331,333.58,0.5,0.41,2023-11-12,744,N,VIIRS,l,2,304.09,27.12,D,0
30.14175,76.23615,345.96,0.48,0.4,2023-11-12,744,N,VIIRS,n,2,304.69,9.43,D,0
30.14263,74.63845,341.24,0.39,0.44,2023-11-12,744,N,VIIRS,n,2,298.83,4.64,D,0
30.14298,75.97218,334,0.5,0.41,2023-11-12,744,N,VIIRS,n,2,301.34,3.3,D,0
30.14299,75.96937,336.05,0.5,0.41,2023-11-12,744,N,VIIRS,n,2,301.52,3.11,D,0
30.14428,75.05515,330.32,0.55,0.43,2023-11-12,744,N,VIIRS,l,2,300.85,3.35,D,0
30.14432,76.12568,333.02,0.49,0.4,2023-11-12,744,N,VIIRS,l,2,303.42,4.89,D,0
30.14475,75.95823,335.26,0.5,0.41,2023-11-12,744,N,VIIRS,n,2,303.1,3.34,D,0
30.14567,75.94472,333.58,0.5,0.41,2023-11-12,744,N,VIIRS,n,2,301.1,6.38,D,0
30.14651,75.94708,343.57,0.5,0.41,2023-11-12,744,N,VIIRS,n,2,300.77,6.16,D,0
30.14937,75.9438,333.24,0.5,0.41,2023-11-12,744,N,VIIRS,n,2,301.7,6.38,D,0
30.15021,75.94617,343.16,0.5,0.41,2023-11-12,744,N,VIIRS,n,2,302.89,6.16,D,0
30.15039,74.31796,349.72,0.4,0.44,2023-11-12,744,N,VIIRS,n,2,302.95,8.56,D,0
30.15067,75.31647,333.07,0.53,0.42,2023-11-12,744,N,VIIRS,n,2,300.47,4.03,D,0
30.1508,75.8056,333.19,0.51,0.41,2023-11-12,744,N,VIIRS,n,2,301.71,4.48,D,0
30.15133,74.40819,334.11,0.4,0.44,2023-11-12,744,N,VIIRS,n,2,299.77,2.67,D,0
30.15233,76.00191,334.95,0.5,0.41,2023-11-12,744,N,VIIRS,n,2,303.7,4.28,D,0
30.15243,76.04443,337.17,0.49,0.41,2023-11-12,744,N,VIIRS,n,2,301.04,3.87,D,0
30.15295,75.94013,340.72,0.5,0.41,2023-11-12,744,N,VIIRS,n,2,303.8,5.32,D,0
30.15346,76.00413,337.04,0.5,0.41,2023-11-12,744,N,VIIRS,n,2,302.88,7.91,D,0
30.15354,75.79947,338.54,0.51,0.41,2023-11-12,744,N,VIIRS,n,2,300.35,5.66,D,0
30.15429,74.31859,340.35,0.4,0.44,2023-11-12,744,N,VIIRS,n,2,300.17,9.07,D,0
30.15442,74.31689,350.27,0.4,0.44,2023-11-12,744,N,VIIRS,n,2,300.23,7.42,D,0
30.15453,75.90752,333.9,0.5,0.41,2023-11-12,744,N,VIIRS,n,2,303.39,2.48,D,0
30.15489,75.95038,334.49,0.5,0.41,2023-11-12,744,N,VIIRS,l,2,306.03,6.84,D,0
30.15586,75.9555,340.66,0.5,0.41,2023-11-12,744,N,VIIRS,n,2,304.77,12.59,D,0
30.1561,74.62244,341.41,0.39,0.44,2023-11-12,744,N,VIIRS,n,2,301.78,3.2,D,0
30.1581,74.71619,344.32,0.57,0.43,2023-11-12,744,N,VIIRS,n,2,303.93,12.82,D,0
30.15859,75.94946,333.88,0.5,0.41,2023-11-12,744,N,VIIRS,l,2,305.46,6.84,D,0
30.16149,75.96481,334.43,0.5,0.41,2023-11-12,744,N,VIIRS,n,2,302.34,6.49,D,0
30.16345,76.02047,331.22,0.49,0.41,2023-11-12,744,N,VIIRS,n,2,305,2.61,D,0
30.16401,74.32468,337.42,0.4,0.44,2023-11-12,744,N,VIIRS,n,2,300.34,2.81,D,0
30.16576,74.43858,340.85,0.39,0.44,2023-11-12,744,N,VIIRS,n,2,300.34,2.79,D,0
30.16614,74.96364,334.76,0.56,0.43,2023-11-12,744,N,VIIRS,n,2,301.13,4.65,D,0
30.16692,74.88515,339.43,0.56,0.43,2023-11-12,744,N,VIIRS,n,2,301.6,6.14,D,0
30.16759,74.70135,340.11,0.57,0.43,2023-11-12,744,N,VIIRS,n,2,302.55,10.59,D,0
30.16765,75.70837,345.21,0.51,0.41,2023-11-12,744,N,VIIRS,n,2,303.69,13.76,D,0
30.1677,74.96556,333,0.56,0.43,2023-11-12,744,N,VIIRS,n,2,300.1,4.59,D,0
30.16786,74.84852,343.9,0.56,0.43,2023-11-12,744,N,VIIRS,n,2,303.07,16.29,D,0
30.16893,74.88689,333.15,0.56,0.43,2023-11-12,744,N,VIIRS,n,2,302.24,3.98,D,0
30.16917,68.40974,337.51,0.43,0.62,2023-11-12,744,N,VIIRS,n,2,299.42,3.99,D,0
30.1692,76.00559,333.72,0.49,0.41,2023-11-12,744,N,VIIRS,l,2,304.61,2.74,D,0
30.16945,74.66882,332.52,0.38,0.43,2023-11-12,744,N,VIIRS,n,2,300.65,1.74,D,0
30.16976,74.43752,340.62,0.39,0.44,2023-11-12,744,N,VIIRS,n,2,300.6,3.4,D,0
30.16997,76.36866,330.37,0.48,0.4,2023-11-12,744,N,VIIRS,n,2,300.1,1.71,D,0
30.17194,75.87626,335.27,0.5,0.41,2023-11-12,744,N,VIIRS,n,2,304.7,4.94,D,0
30.17292,74.85329,338.35,0.56,0.43,2023-11-12,744,N,VIIRS,n,2,300.58,6.6,D,0
30.17317,76.04709,342.63,0.49,0.4,2023-11-12,744,N,VIIRS,n,2,306.14,17.52,D,0
30.17337,75.71794,338.92,0.51,0.41,2023-11-12,744,N,VIIRS,n,2,301.45,3.83,D,0
30.174,75.33353,335.76,0.53,0.42,2023-11-12,744,N,VIIRS,n,2,299.62,4.16,D,0
30.17417,74.67173,334.36,0.38,0.43,2023-11-12,744,N,VIIRS,n,2,300.84,2.6,D,0
30.17441,75.35636,331.17,0.53,0.42,2023-11-12,744,N,VIIRS,n,2,300.77,2.19,D,0
30.17494,74.39925,342.1,0.4,0.44,2023-11-12,744,N,VIIRS,n,2,305.03,9.08,D,0
30.17537,74.40185,342.98,0.4,0.44,2023-11-12,744,N,VIIRS,n,2,303.07,9.54,D,0
30.17566,75.87534,334.68,0.5,0.41,2023-11-12,744,N,VIIRS,n,2,301.64,4.94,D,0
30.17664,74.7052,334.52,0.57,0.43,2023-11-12,744,N,VIIRS,n,2,301.97,7.31,D,0
30.17683,74.85228,340.83,0.56,0.43,2023-11-12,744,N,VIIRS,n,2,303.93,34.82,D,0
30.17731,75.73892,337.32,0.51,0.41,2023-11-12,744,N,VIIRS,n,2,302.02,7.03,D,0
30.17775,74.32972,334.77,0.4,0.44,2023-11-12,744,N,VIIRS,n,2,297.93,3.61,D,0
30.17922,76.10659,333.08,0.49,0.4,2023-11-12,744,N,VIIRS,n,2,302.99,2.57,D,0
30.17965,75.79298,334.18,0.51,0.41,2023-11-12,744,N,VIIRS,n,2,301.25,2.74,D,0
30.18081,74.44893,332.99,0.39,0.44,2023-11-12,744,N,VIIRS,n,2,301.02,2.14,D,0
30.18124,75.75984,336.59,0.51,0.41,2023-11-12,744,N,VIIRS,n,2,302.02,2.7,D,0
30.18142,74.62415,347.61,0.39,0.44,2023-11-12,744,N,VIIRS,n,2,300.93,5.9,D,0
30.18232,76.03426,335.02,0.49,0.41,2023-11-12,744,N,VIIRS,n,2,304.43,3,D,0
30.18337,75.21558,333.99,0.54,0.42,2023-11-12,744,N,VIIRS,n,2,300.17,3.7,D,0
30.184,74.29778,367,0.4,0.44,2023-11-12,744,N,VIIRS,h,2,302.62,8,D,0
30.1841,76.02319,340.18,0.49,0.41,2023-11-12,744,N,VIIRS,n,2,302.04,4.72,D,0
30.18415,74.44653,341.76,0.39,0.44,2023-11-12,744,N,VIIRS,n,2,300.45,5.43,D,0
30.18453,74.63998,341.02,0.38,0.44,2023-11-12,744,N,VIIRS,n,2,303.3,6.59,D,0
30.18481,74.44788,331.35,0.39,0.44,2023-11-12,744,N,VIIRS,n,2,299.63,2.14,D,0
30.18498,75.75891,331.68,0.51,0.41,2023-11-12,744,N,VIIRS,n,2,302.28,2.7,D,0
30.18517,75.9053,338.06,0.5,0.41,2023-11-12,744,N,VIIRS,n,2,305.23,4.96,D,0
30.18601,76.03335,335.6,0.49,0.41,2023-11-12,744,N,VIIRS,n,2,303.76,13.66,D,0
30.18614,75.78592,339.72,0.51,0.41,2023-11-12,744,N,VIIRS,n,2,305.99,22.66,D,0
30.18635,75.27283,334.57,0.54,0.42,2023-11-12,744,N,VIIRS,n,2,300.91,2.98,D,0
30.18648,75.82935,335.36,0.5,0.41,2023-11-12,744,N,VIIRS,n,2,302.7,5.34,D,0
30.18676,75.29581,333.82,0.53,0.42,2023-11-12,744,N,VIIRS,n,2,300.81,4.31,D,0
30.18822,74.90987,340.6,0.56,0.43,2023-11-12,744,N,VIIRS,n,2,303.03,9.76,D,0
30.18835,75.96353,333.9,0.5,0.41,2023-11-12,744,N,VIIRS,n,2,303.65,13.21,D,0
30.18931,75.96865,332.54,0.5,0.41,2023-11-12,744,N,VIIRS,n,2,301.58,6.53,D,0
30.18944,75.98995,330.56,0.5,0.41,2023-11-12,744,N,VIIRS,n,2,303.5,2.39,D,0
30.1902,75.82842,342.81,0.5,0.41,2023-11-12,744,N,VIIRS,n,2,302.02,5.34,D,0
30.19153,76.22623,333.04,0.48,0.4,2023-11-12,744,N,VIIRS,n,2,301.43,2.52,D,0
30.19182,74.82406,336.02,0.56,0.43,2023-11-12,744,N,VIIRS,n,2,300.96,9.04,D,0
30.19221,74.19083,350.02,0.41,0.45,2023-11-12,744,N,VIIRS,n,2,302.85,6.11,D,0
30.19245,75.75704,334.02,0.51,0.41,2023-11-12,744,N,VIIRS,l,2,304.86,3.34,D,0
30.19301,75.96773,333.73,0.5,0.41,2023-11-12,744,N,VIIRS,n,2,302.37,6.53,D,0
30.19376,74.7501,334.35,0.57,0.43,2023-11-12,744,N,VIIRS,n,2,303.43,4.37,D,0
30.19417,74.2429,333.18,0.4,0.44,2023-11-12,744,N,VIIRS,n,2,300.04,2.01,D,0
30.19433,76.0366,334.25,0.49,0.4,2023-11-12,744,N,VIIRS,l,2,306.22,21.8,D,0
30.1944,75.7675,335.11,0.51,0.41,2023-11-12,744,N,VIIRS,l,2,306.51,17.92,D,0
30.19562,75.94032,334.26,0.5,0.41,2023-11-12,744,N,VIIRS,l,2,305.49,3.74,D,0
30.19654,74.74322,335.98,0.57,0.43,2023-11-12,744,N,VIIRS,n,2,304.57,17.28,D,0
30.19658,75.94544,331.77,0.5,0.41,2023-11-12,744,N,VIIRS,l,2,302.17,4.53,D,0
30.19699,75.73949,333.22,0.51,0.41,2023-11-12,744,N,VIIRS,n,2,302.34,3.03,D,0
30.19734,76.31061,332.63,0.48,0.4,2023-11-12,744,N,VIIRS,n,2,304.85,6.32,D,0
30.19821,74.24182,346.36,0.4,0.44,2023-11-12,744,N,VIIRS,n,2,305.98,13.06,D,0
30.19823,76.31554,333.98,0.48,0.4,2023-11-12,744,N,VIIRS,n,2,303.82,6.32,D,0
30.20045,74.2106,352.95,0.4,0.45,2023-11-12,744,N,VIIRS,n,2,302.33,8.47,D,0
30.20047,74.7422,343.9,0.57,0.43,2023-11-12,744,N,VIIRS,n,2,307.53,17.28,D,0
30.20073,75.73856,337.42,0.51,0.41,2023-11-12,744,N,VIIRS,n,2,303.19,4.71,D,0
30.20289,74.37046,353.95,0.4,0.44,2023-11-12,744,N,VIIRS,n,2,301.56,4.86,D,0
30.20312,76.14513,334.15,0.49,0.4,2023-11-12,744,N,VIIRS,n,2,302.94,3.58,D,0
30.20866,74.2303,349.75,0.4,0.45,2023-11-12,744,N,VIIRS,n,2,301.55,8.25,D,0
30.20884,74.67925,340.07,0.38,0.43,2023-11-12,744,N,VIIRS,n,2,301.58,6.14,D,0
30.20949,75.78556,335.12,0.51,0.41,2023-11-12,744,N,VIIRS,n,2,301.69,2.58,D,0
30.20978,75.82899,339,0.5,0.41,2023-11-12,744,N,VIIRS,n,2,302.38,8.06,D,0
30.21043,75.93666,347.73,0.5,0.41,2023-11-12,744,N,VIIRS,n,2,307.98,19.87,D,0
30.21075,75.83417,349.24,0.5,0.41,2023-11-12,744,N,VIIRS,n,2,303.67,14.07,D,0
30.21139,74.51713,338.79,0.39,0.44,2023-11-12,744,N,VIIRS,n,2,300.77,3.42,D,0
30.21258,76.23668,331.34,0.48,0.4,2023-11-12,744,N,VIIRS,l,2,302.89,3.86,D,0
30.2127,74.22923,338.5,0.4,0.45,2023-11-12,744,N,VIIRS,n,2,300.13,3.61,D,0
30.21439,75.749,343.02,0.51,0.41,2023-11-12,744,N,VIIRS,n,2,307.57,16.65,D,0
30.21486,75.75145,346.17,0.51,0.41,2023-11-12,744,N,VIIRS,n,2,306.08,15.22,D,0
30.21525,76.21004,339.94,0.48,0.4,2023-11-12,744,N,VIIRS,n,2,304.8,4.6,D,0
30.21581,75.90312,342.72,0.5,0.41,2023-11-12,744,N,VIIRS,n,2,305.09,7.59,D,0
30.21646,75.6163,332.65,0.52,0.41,2023-11-12,744,N,VIIRS,n,2,300.75,4.15,D,0
30.21651,74.18436,335.8,0.41,0.45,2023-11-12,744,N,VIIRS,n,2,298.78,2.69,D,0
30.21786,76.16246,345.73,0.49,0.4,2023-11-12,744,N,VIIRS,n,2,312.24,30.93,D,0
30.21813,75.74807,342.3,0.51,0.41,2023-11-12,744,N,VIIRS,n,2,301.58,10.06,D,0
30.21819,75.83232,332.95,0.5,0.41,2023-11-12,744,N,VIIRS,n,2,301.42,3.36,D,0
30.21859,75.75052,347.55,0.51,0.41,2023-11-12,744,N,VIIRS,n,2,303.2,13.49,D,0
30.2194,75.88069,337.22,0.5,0.41,2023-11-12,744,N,VIIRS,n,2,301.43,1.94,D,0
30.22053,75.76097,341.62,0.51,0.41,2023-11-12,744,N,VIIRS,n,2,306.41,10.79,D,0
30.22112,75.76371,343.49,0.51,0.41,2023-11-12,744,N,VIIRS,n,2,304.89,15.42,D,0
30.22174,75.08026,333.85,0.55,0.42,2023-11-12,744,N,VIIRS,n,2,301.01,7.32,D,0
30.22233,74.21352,354.83,0.4,0.45,2023-11-12,744,N,VIIRS,n,2,304.66,11.57,D,0
30.22341,74.57695,351.18,0.39,0.44,2023-11-12,744,N,VIIRS,n,2,305.4,19.14,D,0
30.22418,74.77901,338.44,0.57,0.43,2023-11-12,744,N,VIIRS,n,2,299.85,4.02,D,0
30.22656,76.02336,334.39,0.49,0.41,2023-11-12,744,N,VIIRS,n,2,302.77,3.58,D,0
30.2273,75.79746,332.35,0.51,0.41,2023-11-12,744,N,VIIRS,n,2,302.21,14.92,D,0
30.22738,74.57592,355.33,0.39,0.44,2023-11-12,744,N,VIIRS,n,2,303.13,19.14,D,0
30.22813,75.23653,337.3,0.54,0.42,2023-11-12,744,N,VIIRS,n,2,300.34,5.12,D,0
30.22836,76.01229,336.04,0.49,0.41,2023-11-12,744,N,VIIRS,n,2,304.84,8.84,D,0
30.22871,75.47336,335.29,0.52,0.42,2023-11-12,744,N,VIIRS,n,2,299.95,4.77,D,0
30.22913,74.74089,332.97,0.57,0.43,2023-11-12,744,N,VIIRS,n,2,302.49,4.8,D,0
30.22966,74.04844,334.34,0.41,0.45,2023-11-12,744,N,VIIRS,n,2,299.78,3.65,D,0
30.23025,76.02245,347.16,0.49,0.41,2023-11-12,744,N,VIIRS,n,2,304.7,9.38,D,0
30.23057,74.63342,333.93,0.38,0.43,2023-11-12,744,N,VIIRS,n,2,299.67,1.86,D,0
30.23103,75.79653,346.87,0.51,0.41,2023-11-12,744,N,VIIRS,n,2,304.89,14.92,D,0
30.23115,75.44448,332.62,0.52,0.42,2023-11-12,744,N,VIIRS,n,2,300.18,6.84,D,0
30.23179,75.94743,333.59,0.5,0.41,2023-11-12,744,N,VIIRS,n,2,300.73,2.69,D,0
30.23249,75.4724,335.83,0.52,0.42,2023-11-12,744,N,VIIRS,n,2,298.72,4.77,D,0
30.23269,74.41398,348.54,0.39,0.44,2023-11-12,744,N,VIIRS,n,2,306.27,11.42,D,0
30.2335,75.91486,333.36,0.5,0.41,2023-11-12,744,N,VIIRS,n,2,304.51,2.12,D,0
30.23355,75.78786,334.5,0.51,0.41,2023-11-12,744,N,VIIRS,n,2,304.46,14.84,D,0
30.23371,77.24914,333.67,0.44,0.38,2023-11-12,744,N,VIIRS,n,2,303.92,2.87,D,0
30.23549,75.94652,330.74,0.5,0.41,2023-11-12,744,N,VIIRS,n,2,300.68,2.69,D,0
30.23583,75.8225,342.57,0.5,0.41,2023-11-12,744,N,VIIRS,n,2,304.14,5.31,D,0
30.23652,75.80344,335.01,0.5,0.41,2023-11-12,744,N,VIIRS,n,2,304.44,9.28,D,0
30.23652,75.97299,336.88,0.5,0.41,2023-11-12,744,N,VIIRS,n,2,304.14,3.23,D,0
30.23669,74.41293,341.54,0.39,0.44,2023-11-12,744,N,VIIRS,n,2,299.74,11.42,D,0
30.23675,75.8251,337.06,0.5,0.41,2023-11-12,744,N,VIIRS,n,2,302.53,7.55,D,0
30.23728,75.78695,340.94,0.51,0.41,2023-11-12,744,N,VIIRS,n,2,306.17,14.84,D,0
30.23814,76.23045,332.61,0.48,0.4,2023-11-12,744,N,VIIRS,n,2,303.37,5.21,D,0
30.23987,74.77493,333.98,0.57,0.43,2023-11-12,744,N,VIIRS,n,2,301.03,4.72,D,0
30.24085,74.62244,340.06,0.38,0.44,2023-11-12,744,N,VIIRS,n,2,300.76,6.1,D,0
30.24164,74.62639,332.87,0.38,0.44,2023-11-12,744,N,VIIRS,n,2,298.46,5.6,D,0
30.24178,75.24464,341.47,0.54,0.42,2023-11-12,744,N,VIIRS,n,2,299.42,4.88,D,0
30.24195,74.2694,330.13,0.4,0.44,2023-11-12,744,N,VIIRS,n,2,301.21,2.48,D,0
30.24198,73.98229,343.75,0.42,0.45,2023-11-12,744,N,VIIRS,n,2,300.7,5.05,D,0
30.24207,74.77347,339.16,0.57,0.43,2023-11-12,744,N,VIIRS,n,2,299.56,5.06,D,0
30.24222,75.81289,348.73,0.5,0.41,2023-11-12,744,N,VIIRS,n,2,309.21,28.49,D,0
30.24285,75.25014,332.2,0.54,0.42,2023-11-12,744,N,VIIRS,n,2,299.31,3.42,D,0
30.24286,74.21727,344.12,0.4,0.44,2023-11-12,744,N,VIIRS,n,2,301.87,10.93,D,0
30.2432,75.81808,332.32,0.5,0.41,2023-11-12,744,N,VIIRS,n,2,301.39,7.32,D,0
30.24327,75.92051,334.15,0.5,0.41,2023-11-12,744,N,VIIRS,n,2,304.55,5.01,D,0
30.2442,74.21647,340.77,0.4,0.45,2023-11-12,744,N,VIIRS,n,2,300.93,5.49,D,0
30.24436,75.36723,333.68,0.53,0.42,2023-11-12,744,N,VIIRS,n,2,300.49,3.64,D,0
30.24502,74.22063,335.14,0.4,0.45,2023-11-12,744,N,VIIRS,n,2,299.42,5.49,D,0
30.24514,75.36444,335.69,0.53,0.42,2023-11-12,744,N,VIIRS,n,2,299.81,4.62,D,0
30.2456,75.24367,347.3,0.54,0.42,2023-11-12,744,N,VIIRS,n,2,300.96,7.99,D,0
30.2458,75.98136,339.86,0.5,0.41,2023-11-12,744,N,VIIRS,n,2,304.17,5.96,D,0
30.24659,75.94377,334.14,0.5,0.41,2023-11-12,744,N,VIIRS,n,2,303.42,4.69,D,0
30.24671,75.79549,335.57,0.5,0.41,2023-11-12,744,N,VIIRS,n,2,303.24,3.75,D,0
30.24681,75.20857,338.21,0.54,0.42,2023-11-12,744,N,VIIRS,n,2,300.98,5.78,D,0
30.24805,76.13937,339.97,0.49,0.4,2023-11-12,744,N,VIIRS,n,2,305.26,8.89,D,0
30.24854,75.97534,333.3,0.5,0.41,2023-11-12,744,N,VIIRS,n,2,303.16,5.96,D,0
30.24949,75.98045,336.29,0.5,0.41,2023-11-12,744,N,VIIRS,n,2,302.24,5.96,D,0
30.24953,75.70739,336.52,0.51,0.41,2023-11-12,744,N,VIIRS,n,2,303.32,13.53,D,0
30.25185,76.26334,338.43,0.48,0.4,2023-11-12,744,N,VIIRS,n,2,301.21,4.2,D,0
30.25225,74.88126,335.53,0.56,0.43,2023-11-12,744,N,VIIRS,n,2,301.28,9.38,D,0
30.2549,75.98174,345.38,0.49,0.41,2023-11-12,744,N,VIIRS,n,2,304.05,12.93,D,0
30.25662,73.96935,339.56,0.42,0.45,2023-11-12,744,N,VIIRS,n,2,301.53,5.47,D,0
30.25781,75.98373,341.74,0.49,0.41,2023-11-12,744,N,VIIRS,n,2,302.67,13.42,D,0
30.25866,75.77619,333.58,0.51,0.41,2023-11-12,744,N,VIIRS,l,2,306.83,21.9,D,0
30.25877,75.6941,342.07,0.51,0.41,2023-11-12,744,N,VIIRS,n,2,302.59,6.64,D,0
30.25994,76.12072,337.37,0.49,0.4,2023-11-12,744,N,VIIRS,n,2,302.09,5.03,D,0
30.26046,75.4314,331.27,0.53,0.42,2023-11-12,744,N,VIIRS,n,2,300.8,4.01,D,0
30.26081,75.9108,334.63,0.5,0.41,2023-11-12,744,N,VIIRS,n,2,304.21,4.6,D,0
30.26087,76.12574,332.95,0.49,0.4,2023-11-12,744,N,VIIRS,n,2,301.93,5.03,D,0
30.26151,75.6879,346.42,0.51,0.41,2023-11-12,744,N,VIIRS,n,2,301.63,7.13,D,0
30.2616,75.42847,346.4,0.52,0.42,2023-11-12,744,N,VIIRS,n,2,299.73,7.2,D,0
30.26238,75.77526,333.92,0.51,0.41,2023-11-12,744,N,VIIRS,n,2,302.04,9.59,D,0
30.26269,76.11479,346.44,0.49,0.4,2023-11-12,744,N,VIIRS,n,2,301.48,6.14,D,0
30.26292,75.94241,335.71,0.5,0.41,2023-11-12,744,N,VIIRS,n,2,304.51,7.43,D,0
30.26403,73.27518,344.03,0.45,0.47,2023-11-12,744,N,VIIRS,n,2,298.57,5.98,D,0
30.26425,75.43043,335.87,0.53,0.42,2023-11-12,744,N,VIIRS,n,2,299.41,4.01,D,0
30.26435,75.78566,345.43,0.5,0.41,2023-11-12,744,N,VIIRS,n,2,303.87,10.2,D,0
30.26504,75.66499,334.15,0.51,0.41,2023-11-12,744,N,VIIRS,n,2,301.85,3.92,D,0
30.26591,75.75257,333.15,0.51,0.41,2023-11-12,744,N,VIIRS,n,2,301.86,2.46,D,0
30.266,75.41865,332.56,0.53,0.42,2023-11-12,744,N,VIIRS,n,2,299.15,9.6,D,0
30.26709,75.41577,349.3,0.53,0.42,2023-11-12,744,N,VIIRS,n,2,305.87,13.9,D,0
30.26739,76.04764,332.47,0.49,0.4,2023-11-12,744,N,VIIRS,l,2,302.95,12.42,D,0
30.26764,74.00241,332.67,0.41,0.45,2023-11-12,744,N,VIIRS,n,2,301.2,3.22,D,0
30.26813,77.17723,334.93,0.44,0.38,2023-11-12,744,N,VIIRS,n,2,304.86,3.51,D,0
30.26814,75.42117,337.48,0.53,0.42,2023-11-12,744,N,VIIRS,n,2,300.04,13.9,D,0
30.2685,74.00667,342.85,0.41,0.45,2023-11-12,744,N,VIIRS,n,2,301.34,7.6,D,0
30.26878,75.41227,331.92,0.53,0.42,2023-11-12,744,N,VIIRS,l,2,302.87,9.6,D,0
30.26896,74.24089,333.53,0.4,0.44,2023-11-12,744,N,VIIRS,n,2,299.97,2.55,D,0
30.2698,75.41769,348.41,0.53,0.42,2023-11-12,744,N,VIIRS,n,2,304.86,9.6,D,0
30.26994,76.04975,341.52,0.49,0.4,2023-11-12,744,N,VIIRS,n,2,307.14,22.82,D,0
30.26998,75.8978,333.01,0.5,0.41,2023-11-12,744,N,VIIRS,n,2,303.53,6.83,D,0
30.27095,75.90294,333.98,0.5,0.41,2023-11-12,744,N,VIIRS,n,2,305.44,6.83,D,0
30.27107,76.04673,344.31,0.49,0.4,2023-11-12,744,N,VIIRS,n,2,304.39,12.42,D,0
30.27482,75.92342,335.53,0.5,0.41,2023-11-12,744,N,VIIRS,n,2,303.08,5.13,D,0
30.2755,76.08008,332.79,0.49,0.4,2023-11-12,744,N,VIIRS,n,2,306.08,5.71,D,0
30.27556,76.18488,330.44,0.48,0.4,2023-11-12,744,N,VIIRS,n,2,302.93,2.87,D,0
30.27578,75.21281,335.55,0.54,0.42,2023-11-12,744,N,VIIRS,n,2,299.24,4.22,D,0
30.27608,75.8478,332.15,0.5,0.41,2023-11-12,744,N,VIIRS,n,2,301.22,4.31,D,0
30.27643,76.08511,334.89,0.49,0.4,2023-11-12,744,N,VIIRS,n,2,306.91,10.46,D,0
30.27705,75.85296,342.68,0.5,0.41,2023-11-12,744,N,VIIRS,n,2,302.51,5.3,D,0
30.27727,75.66744,337.54,0.51,0.41,2023-11-12,744,N,VIIRS,n,2,302.81,8.2,D,0
30.27773,76.08202,344.11,0.49,0.4,2023-11-12,744,N,VIIRS,n,2,305.91,15.02,D,0
30.27846,75.79846,333,0.5,0.41,2023-11-12,744,N,VIIRS,l,2,303.22,5.58,D,0
30.27962,75.82529,346.76,0.5,0.41,2023-11-12,744,N,VIIRS,n,2,306.83,37.01,D,0
30.2798,75.84689,334.43,0.5,0.41,2023-11-12,744,N,VIIRS,n,2,302.82,4.31,D,0
30.28045,75.93274,343.33,0.5,0.41,2023-11-12,744,N,VIIRS,n,2,304.5,8.04,D,0
30.28174,75.85719,336.33,0.5,0.41,2023-11-12,744,N,VIIRS,n,2,302.04,5.3,D,0
30.28218,75.24593,332.78,0.54,0.42,2023-11-12,744,N,VIIRS,l,2,302.93,3.2,D,0
30.28286,76.20392,331.53,0.48,0.4,2023-11-12,744,N,VIIRS,n,2,301.51,2.24,D,0
30.28334,75.82437,345.45,0.5,0.41,2023-11-12,744,N,VIIRS,n,2,311.94,37.01,D,0
30.28369,75.4399,332.06,0.52,0.42,2023-11-12,744,N,VIIRS,n,2,298.41,3.84,D,0
30.28448,76.64587,340.81,0.46,0.39,2023-11-12,744,N,VIIRS,n,2,301.32,4.59,D,0
30.28549,73.98412,330.58,0.42,0.45,2023-11-12,744,N,VIIRS,l,2,301.64,2.03,D,0
30.28601,75.24496,333.05,0.54,0.42,2023-11-12,744,N,VIIRS,n,2,301.69,2.7,D,0
30.28688,75.8018,340.13,0.5,0.41,2023-11-12,744,N,VIIRS,n,2,302.37,7.81,D,0
30.28753,73.29482,335.12,0.45,0.47,2023-11-12,744,N,VIIRS,n,2,296.95,2.9,D,0
30.289,75.83378,339.43,0.5,0.41,2023-11-12,744,N,VIIRS,n,2,300.89,5.48,D,0
30.28949,73.3041,343.47,0.45,0.47,2023-11-12,744,N,VIIRS,n,2,296.8,5.73,D,0
30.28969,75.69186,333.84,0.51,0.41,2023-11-12,744,N,VIIRS,n,2,302.2,3.21,D,0
30.28997,75.83894,332.49,0.5,0.41,2023-11-12,744,N,VIIRS,n,2,301.01,4.32,D,0
30.2905,74.20026,339.46,0.4,0.45,2023-11-12,744,N,VIIRS,n,2,299.8,2.14,D,0
30.29232,76.05735,334.2,0.49,0.4,2023-11-12,744,N,VIIRS,n,2,304.58,5.35,D,0
30.2925,75.9351,332.77,0.5,0.41,2023-11-12,744,N,VIIRS,n,2,302.31,3.37,D,0
30.2929,75.99898,335.47,0.49,0.41,2023-11-12,744,N,VIIRS,n,2,304.19,3.95,D,0
30.29326,76.06239,345.14,0.49,0.4,2023-11-12,744,N,VIIRS,n,2,306.73,13.48,D,0
30.29335,75.79476,331.52,0.5,0.41,2023-11-12,744,N,VIIRS,l,2,303.48,38.08,D,0
30.29365,75.243,332.84,0.54,0.42,2023-11-12,744,N,VIIRS,n,2,302.03,9.01,D,0
30.29433,75.79995,338.49,0.5,0.41,2023-11-12,744,N,VIIRS,n,2,304.47,38.08,D,0
30.29471,75.2485,333.21,0.54,0.42,2023-11-12,744,N,VIIRS,n,2,300.79,8.48,D,0
30.29475,76.18538,337.14,0.48,0.4,2023-11-12,744,N,VIIRS,n,2,302.68,4.03,D,0
30.29688,75.89651,336.14,0.5,0.41,2023-11-12,744,N,VIIRS,n,2,304.03,3.94,D,0
30.29694,76.06149,340.86,0.49,0.4,2023-11-12,744,N,VIIRS,n,2,302.83,13.48,D,0
30.29805,75.79902,340.07,0.5,0.41,2023-11-12,744,N,VIIRS,n,2,303.99,5.57,D,0
30.29836,75.84227,332.62,0.5,0.41,2023-11-12,744,N,VIIRS,n,2,302.14,3.65,D,0
30.29933,75.84743,333.93,0.5,0.41,2023-11-12,744,N,VIIRS,n,2,302.29,5.65,D,0
30.301,74.59007,337.02,0.39,0.44,2023-11-12,744,N,VIIRS,n,2,300.4,3.14,D,0
30.30206,75.98608,336.36,0.49,0.41,2023-11-12,744,N,VIIRS,n,2,307.51,19.37,D,0
30.30492,70.65028,367,0.32,0.55,2023-11-12,744,N,VIIRS,h,2,299.71,12.31,D,0
30.30575,75.98517,343.82,0.49,0.41,2023-11-12,744,N,VIIRS,n,2,304.96,19.37,D,0
30.30643,70.65683,356.5,0.32,0.55,2023-11-12,744,N,VIIRS,n,2,300.13,5.87,D,0
30.31004,75.92542,348.2,0.5,0.41,2023-11-12,744,N,VIIRS,n,2,303.68,5.28,D,0
30.31009,74.00972,346.51,0.41,0.45,2023-11-12,744,N,VIIRS,n,2,300.64,8.53,D,0
30.3119,74.00846,351.21,0.41,0.45,2023-11-12,744,N,VIIRS,n,2,302.7,7.75,D,0
30.31359,74.02669,339.04,0.41,0.45,2023-11-12,744,N,VIIRS,n,2,301.19,3.15,D,0
30.31529,74.02547,336.85,0.41,0.45,2023-11-12,744,N,VIIRS,n,2,300.4,2.87,D,0
30.31597,75.9986,334.29,0.49,0.4,2023-11-12,744,N,VIIRS,n,2,302.6,2.52,D,0
30.3189,76.03497,340.16,0.49,0.4,2023-11-12,744,N,VIIRS,n,2,304.57,5.94,D,0
30.3206,76.00277,334.34,0.49,0.4,2023-11-12,744,N,VIIRS,n,2,304.23,4.63,D,0
30.32408,74.01494,340.28,0.41,0.45,2023-11-12,744,N,VIIRS,n,2,301.3,4.82,D,0
30.32669,74.02766,336.59,0.41,0.45,2023-11-12,744,N,VIIRS,n,2,300.19,2.44,D,0
30.32777,76.22646,332.25,0.48,0.4,2023-11-12,744,N,VIIRS,n,2,300.88,2.79,D,0
30.32987,75.82362,343.2,0.5,0.41,2023-11-12,744,N,VIIRS,n,2,300.11,4.41,D,0
30.33043,75.93108,332.27,0.5,0.41,2023-11-12,744,N,VIIRS,n,2,300.48,3.47,D,0
30.33054,76.24131,338.29,0.48,0.4,2023-11-12,744,N,VIIRS,n,2,303.88,5.32,D,0
30.33357,74.60241,339.92,0.38,0.43,2023-11-12,744,N,VIIRS,n,2,299.6,2.55,D,0
30.33592,74.57265,333.18,0.39,0.44,2023-11-12,744,N,VIIRS,n,2,299.23,1.51,D,0
30.3364,74.15294,344.53,0.41,0.45,2023-11-12,744,N,VIIRS,n,2,303.46,11.25,D,0
30.3375,76.09363,333.9,0.49,0.4,2023-11-12,744,N,VIIRS,n,2,300.81,3.2,D,0
30.33954,74.15271,334.77,0.41,0.45,2023-11-12,744,N,VIIRS,n,2,298.68,4.21,D,0
30.34264,77.41323,331.39,0.43,0.38,2023-11-12,744,N,VIIRS,n,2,300.39,3,D,0
30.34323,75.89575,336.19,0.5,0.41,2023-11-12,744,N,VIIRS,n,2,301.18,2.82,D,0
30.34639,75.99638,339.8,0.49,0.4,2023-11-12,744,N,VIIRS,n,2,302.46,5.65,D,0
30.34711,75.93763,333.98,0.5,0.41,2023-11-12,744,N,VIIRS,n,2,302.8,4.53,D,0
30.34778,75.79466,332.57,0.5,0.41,2023-11-12,744,N,VIIRS,n,2,299.41,2.69,D,0
30.34843,75.85934,336.55,0.5,0.41,2023-11-12,744,N,VIIRS,n,2,299.43,4.69,D,0
30.34865,75.86213,339.13,0.5,0.41,2023-11-12,744,N,VIIRS,n,2,300.68,4.72,D,0
30.34938,74.55662,342.37,0.39,0.44,2023-11-12,744,N,VIIRS,n,2,298.94,4.52,D,0
30.35289,76.01069,334.34,0.49,0.4,2023-11-12,744,N,VIIRS,n,2,301.78,6.05,D,0
30.35708,74.29987,346.13,0.4,0.44,2023-11-12,744,N,VIIRS,n,2,298.7,5.35,D,0
30.35779,75.86778,338.48,0.5,0.41,2023-11-12,744,N,VIIRS,n,2,300.43,3.8,D,0
30.35955,74.33366,367,0.4,0.44,2023-11-12,744,N,VIIRS,h,2,302.19,20.5,D,0
30.36355,74.3326,336.74,0.4,0.44,2023-11-12,744,N,VIIRS,n,2,300.73,20.5,D,0
30.36436,74.33668,351.33,0.4,0.44,2023-11-12,744,N,VIIRS,n,2,307.29,20.5,D,0
30.36587,75.40071,333.27,0.52,0.42,2023-11-12,744,N,VIIRS,n,2,301.3,3.69,D,0
30.36774,75.40163,335.27,0.52,0.42,2023-11-12,744,N,VIIRS,n,2,300.31,5.1,D,0
30.37706,74.57021,347.43,0.38,0.44,2023-11-12,744,N,VIIRS,n,2,300.29,5.14,D,0
30.37967,74.01345,335.61,0.41,0.45,2023-11-12,744,N,VIIRS,n,2,303.73,2.28,D,0
30.38192,75.99529,336.79,0.49,0.4,2023-11-12,744,N,VIIRS,n,2,304.26,8.43,D,0
30.38652,75.38416,339.22,0.53,0.42,2023-11-12,744,N,VIIRS,n,2,306.15,31.54,D,0
30.38926,75.3778,332.8,0.53,0.42,2023-11-12,744,N,VIIRS,n,2,299.37,5.62,D,0
30.39161,76.09607,333.44,0.49,0.4,2023-11-12,744,N,VIIRS,n,2,302.68,3.25,D,0
30.39262,76.09286,331.28,0.49,0.4,2023-11-12,744,N,VIIRS,n,2,302.28,2.61,D,0
30.39354,75.52306,334.25,0.52,0.41,2023-11-12,744,N,VIIRS,n,2,298.93,5.65,D,0
30.39472,75.52424,337.63,0.52,0.41,2023-11-12,744,N,VIIRS,n,2,298.32,5.1,D,0
30.39974,76.04904,331.99,0.49,0.4,2023-11-12,744,N,VIIRS,n,2,297.63,5.08,D,0
30.40107,75.52116,343.68,0.52,0.41,2023-11-12,744,N,VIIRS,n,2,300.62,7.46,D,0
30.40234,75.19662,333.14,0.54,0.42,2023-11-12,744,N,VIIRS,n,2,301.47,3.99,D,0
30.40738,76.1102,335.88,0.49,0.4,2023-11-12,744,N,VIIRS,n,2,303.96,8.43,D,0
30.40832,76.1152,333.52,0.49,0.4,2023-11-12,744,N,VIIRS,n,2,302.29,8.43,D,0
30.41016,75.66991,347.22,0.51,0.41,2023-11-12,744,N,VIIRS,n,2,301.99,8.95,D,0
30.41362,73.96849,341.97,0.41,0.45,2023-11-12,744,N,VIIRS,n,2,290.06,5.46,D,0
30.414,75.96082,335.32,0.49,0.41,2023-11-12,744,N,VIIRS,n,2,302.99,5.78,D,0
30.41631,76.0555,346.08,0.49,0.4,2023-11-12,744,N,VIIRS,n,2,301.08,6.98,D,0
30.41677,71.82787,356.17,0.54,0.51,2023-11-12,744,N,VIIRS,n,2,302.08,23.35,D,0
30.4172,75.39906,330.13,0.52,0.42,2023-11-12,744,N,VIIRS,n,2,299.27,2.38,D,0
30.41769,75.95991,336.08,0.49,0.41,2023-11-12,744,N,VIIRS,n,2,303.74,5.78,D,0
30.42064,75.99635,334.83,0.49,0.4,2023-11-12,744,N,VIIRS,n,2,299.92,2.87,D,0
30.42253,76.00647,337.57,0.49,0.4,2023-11-12,744,N,VIIRS,n,2,303.37,23.2,D,0
30.42365,76.0537,332.86,0.49,0.4,2023-11-12,744,N,VIIRS,l,2,304.35,17.32,D,0
30.42548,76.42815,336.2,0.47,0.4,2023-11-12,744,N,VIIRS,n,2,302.43,4.07,D,0
30.42674,75.67518,334.01,0.51,0.41,2023-11-12,744,N,VIIRS,n,2,299.51,4.17,D,0
30.42706,75.67666,338.74,0.51,0.41,2023-11-12,744,N,VIIRS,n,2,299.77,3.86,D,0
30.42731,70.70575,335.92,0.63,0.54,2023-11-12,744,N,VIIRS,n,2,298.25,5.17,D,0
30.42815,74.06275,343.49,0.41,0.45,2023-11-12,744,N,VIIRS,n,2,301.06,4.19,D,0
30.42865,75.93589,337.27,0.49,0.41,2023-11-12,744,N,VIIRS,n,2,300.36,7.08,D,0
30.42986,75.81753,330.64,0.5,0.41,2023-11-12,744,N,VIIRS,n,2,301.89,2.58,D,0
30.43036,74.06269,340.83,0.41,0.45,2023-11-12,744,N,VIIRS,n,2,303.35,6.99,D,0
30.43063,71.75802,340.23,0.55,0.51,2023-11-12,744,N,VIIRS,n,2,298.16,6.17,D,0
30.4311,75.71943,330.56,0.51,0.41,2023-11-12,744,N,VIIRS,n,2,298.57,9.12,D,0
30.43149,75.95117,335.01,0.49,0.41,2023-11-12,744,N,VIIRS,n,2,301.75,3.79,D,0
30.432,75.72305,344,0.51,0.41,2023-11-12,744,N,VIIRS,n,2,302.82,16.01,D,0
30.43207,75.72466,333.05,0.51,0.41,2023-11-12,744,N,VIIRS,n,2,302.92,9.12,D,0
30.43221,70.70428,343.4,0.63,0.54,2023-11-12,744,N,VIIRS,n,2,298.51,9.68,D,0
30.43221,74.06167,336.57,0.41,0.45,2023-11-12,744,N,VIIRS,n,2,300.98,3.62,D,0
30.43308,75.8974,343.55,0.5,0.41,2023-11-12,744,N,VIIRS,n,2,302.37,12.02,D,0
30.43334,73.9728,352.11,0.41,0.45,2023-11-12,744,N,VIIRS,n,2,304.87,52.32,D,0
30.43338,75.96134,331.4,0.49,0.4,2023-11-12,744,N,VIIRS,n,2,301.66,2.53,D,0
30.43411,76.17148,333.75,0.48,0.4,2023-11-12,744,N,VIIRS,n,2,302.48,8.46,D,0
30.43445,76.60191,339,0.46,0.39,2023-11-12,744,N,VIIRS,n,2,301.25,4.35,D,0
30.43548,74.50074,344.97,0.39,0.44,2023-11-12,744,N,VIIRS,n,2,298.86,4.69,D,0
30.43716,75.39964,332.44,0.52,0.42,2023-11-12,744,N,VIIRS,n,2,300.18,7.96,D,0
30.43742,73.97171,347.91,0.41,0.45,2023-11-12,744,N,VIIRS,n,2,304.52,62.1,D,0
30.43819,75.40504,336.69,0.52,0.42,2023-11-12,744,N,VIIRS,n,2,300.09,7.96,D,0
30.43849,74.41137,334.68,0.39,0.44,2023-11-12,744,N,VIIRS,n,2,298.99,2.55,D,0
30.43927,76.05511,330.85,0.49,0.4,2023-11-12,744,N,VIIRS,n,2,300.17,4.38,D,0
30.43992,75.3933,330.31,0.52,0.42,2023-11-12,744,N,VIIRS,n,2,300.09,4.05,D,0
30.44162,74.38504,352.78,0.39,0.44,2023-11-12,744,N,VIIRS,n,2,301.37,5.88,D,0
30.44197,75.40408,332.61,0.52,0.42,2023-11-12,744,N,VIIRS,n,2,300.52,5.42,D,0
30.44317,76.138,333.69,0.48,0.4,2023-11-12,744,N,VIIRS,n,2,300.46,3.09,D,0
30.44678,74.66075,338.8,0.57,0.43,2023-11-12,744,N,VIIRS,n,2,298.65,4.63,D,0
30.44889,75.72975,331.9,0.5,0.41,2023-11-12,744,N,VIIRS,n,2,299.2,6.98,D,0
30.45045,75.46952,344.66,0.52,0.41,2023-11-12,744,N,VIIRS,n,2,300.81,8.69,D,0
30.45138,75.61949,332.37,0.51,0.41,2023-11-12,744,N,VIIRS,l,2,303.18,7.86,D,0
30.45278,75.22997,339.15,0.53,0.42,2023-11-12,744,N,VIIRS,n,2,305.17,15.27,D,0
30.45329,75.7938,332.27,0.5,0.41,2023-11-12,744,N,VIIRS,n,2,299.74,13.85,D,0
30.45427,75.23293,334.5,0.53,0.42,2023-11-12,744,N,VIIRS,n,2,303.83,24.43,D,0
30.45427,75.79897,330.9,0.5,0.41,2023-11-12,744,N,VIIRS,l,2,300.92,13.85,D,0
30.45494,76.61191,332.8,0.46,0.39,2023-11-12,744,N,VIIRS,l,2,303.05,4.55,D,0
30.45512,75.61855,332.64,0.51,0.41,2023-11-12,744,N,VIIRS,n,2,298.65,7.86,D,0
30.45623,74.64594,331.84,0.57,0.43,2023-11-12,744,N,VIIRS,n,2,299.47,4.11,D,0
30.45737,75.65102,332.33,0.51,0.41,2023-11-12,744,N,VIIRS,l,2,304.13,14.48,D,0
30.45777,75.77645,345.62,0.5,0.41,2023-11-12,744,N,VIIRS,n,2,304.54,13.73,D,0
30.45798,75.79804,333.56,0.5,0.41,2023-11-12,744,N,VIIRS,n,2,301.3,13.85,D,0
30.45872,76.4454,330.61,0.47,0.4,2023-11-12,744,N,VIIRS,l,2,304.21,32.17,D,0
30.46134,71.71889,332.88,0.55,0.51,2023-11-12,744,N,VIIRS,n,2,298.91,4.04,D,0
30.46149,75.77553,342.54,0.5,0.41,2023-11-12,744,N,VIIRS,n,2,299.55,13.73,D,0
30.4622,74.15545,341.02,0.4,0.44,2023-11-12,744,N,VIIRS,n,2,301.78,4.98,D,0
30.46237,76.44645,342.06,0.47,0.4,2023-11-12,744,N,VIIRS,n,2,304.7,45.37,D,0
30.46309,75.66056,333.61,0.51,0.41,2023-11-12,744,N,VIIRS,n,2,301.86,2.82,D,0
30.46409,75.6658,332.66,0.51,0.41,2023-11-12,744,N,VIIRS,n,2,301.71,2.82,D,0
30.46494,74.60653,333.36,0.57,0.43,2023-11-12,744,N,VIIRS,n,2,299.46,13.49,D,0
30.4652,75.7746,341.75,0.5,0.41,2023-11-12,744,N,VIIRS,n,2,304.77,15.05,D,0
30.46688,76.10081,332.41,0.49,0.4,2023-11-12,744,N,VIIRS,n,2,301.6,3.63,D,0
30.46783,76.12672,333.91,0.48,0.4,2023-11-12,744,N,VIIRS,n,2,302.33,3.37,D,0
30.47005,74.61139,342.95,0.57,0.43,2023-11-12,744,N,VIIRS,n,2,302.82,13.49,D,0
30.4704,75.94507,330.55,0.49,0.4,2023-11-12,744,N,VIIRS,n,2,299.22,2.34,D,0
30.47049,75.84347,333.95,0.5,0.41,2023-11-12,744,N,VIIRS,n,2,301.44,4.95,D,0
30.47079,74.63596,330.58,0.57,0.43,2023-11-12,744,N,VIIRS,n,2,299.43,2.37,D,0
30.47079,75.68056,331.39,0.51,0.41,2023-11-12,744,N,VIIRS,n,2,300.04,2.86,D,0
30.47136,76.04192,332.31,0.49,0.4,2023-11-12,744,N,VIIRS,l,2,302.36,12.32,D,0
30.47277,75.69102,330.18,0.51,0.41,2023-11-12,744,N,VIIRS,l,2,300.62,3.02,D,0
30.47299,75.71281,333.56,0.51,0.41,2023-11-12,744,N,VIIRS,n,2,301.31,4.29,D,0
30.47361,75.77792,332.09,0.5,0.41,2023-11-12,744,N,VIIRS,n,2,301.14,2.36,D,0
30.47383,74.19162,331.83,0.4,0.44,2023-11-12,744,N,VIIRS,n,2,301.28,2.16,D,0
30.47437,75.575,339.43,0.51,0.41,2023-11-12,744,N,VIIRS,n,2,301.85,7.33,D,0
30.47495,75.72324,343.1,0.5,0.41,2023-11-12,744,N,VIIRS,n,2,300.85,8,D,0
30.47521,76.74546,333.67,0.46,0.39,2023-11-12,744,N,VIIRS,n,2,302.24,6.49,D,0
30.47593,76.41787,337.97,0.47,0.4,2023-11-12,744,N,VIIRS,n,2,304.21,4.24,D,0
30.47711,75.48519,346.2,0.52,0.41,2023-11-12,744,N,VIIRS,n,2,303.63,11.5,D,0
30.47733,75.77699,332.46,0.5,0.41,2023-11-12,744,N,VIIRS,n,2,298.16,2.36,D,0
30.48087,75.12178,334.57,0.54,0.42,2023-11-12,744,N,VIIRS,n,2,300.28,6.1,D,0
30.48176,75.98472,332.67,0.49,0.4,2023-11-12,744,N,VIIRS,n,2,301.88,2.8,D,0
30.48232,75.00388,330.49,0.55,0.42,2023-11-12,744,N,VIIRS,n,2,300.32,2.95,D,0
30.48318,75.80796,342.27,0.5,0.41,2023-11-12,744,N,VIIRS,n,2,300.4,4.47,D,0
30.48332,76.06528,330.81,0.49,0.4,2023-11-12,744,N,VIIRS,n,2,299.1,1.77,D,0
30.48413,75.98592,333.14,0.49,0.4,2023-11-12,744,N,VIIRS,n,2,300.41,3.98,D,0
30.48439,75.46092,337.36,0.52,0.41,2023-11-12,744,N,VIIRS,n,2,300.34,3.57,D,0
30.48494,75.69344,334.32,0.51,0.41,2023-11-12,744,N,VIIRS,n,2,300.53,4.43,D,0
30.48514,75.94141,331.08,0.49,0.4,2023-11-12,744,N,VIIRS,n,2,298.43,3.88,D,0
30.48573,75.7803,332.61,0.5,0.41,2023-11-12,744,N,VIIRS,n,2,300.98,3.88,D,0
30.48652,75.76385,332.72,0.5,0.41,2023-11-12,744,N,VIIRS,n,2,301.48,2.27,D,0
30.4867,75.78547,334.85,0.5,0.41,2023-11-12,744,N,VIIRS,n,2,299.55,4.85,D,0
30.48713,75.46325,331.81,0.52,0.41,2023-11-12,744,N,VIIRS,n,2,299.32,4.42,D,0
30.48883,76.07442,334.3,0.49,0.4,2023-11-12,744,N,VIIRS,n,2,300.75,3.52,D,0
30.48888,74.26562,338.17,0.4,0.44,2023-11-12,744,N,VIIRS,n,2,300.09,3.56,D,0
30.48944,74.12187,337.64,0.4,0.45,2023-11-12,744,N,VIIRS,n,2,300.36,5.11,D,0
30.49058,76.07214,342.12,0.49,0.4,2023-11-12,744,N,VIIRS,n,2,302.14,7.55,D,0
30.49249,76.07352,337.02,0.49,0.4,2023-11-12,744,N,VIIRS,n,2,301.04,3.52,D,0
30.49662,74.22031,342.19,0.4,0.44,2023-11-12,744,N,VIIRS,n,2,301.46,5.46,D,0
30.49811,75.94884,337.07,0.49,0.4,2023-11-12,744,N,VIIRS,n,2,300.76,3.96,D,0
30.50266,74.56657,336.71,0.38,0.43,2023-11-12,744,N,VIIRS,n,2,299.43,3.12,D,0
30.50391,76.40601,331.89,0.47,0.4,2023-11-12,744,N,VIIRS,n,2,301.25,4.34,D,0
30.5048,76.41087,332.66,0.47,0.4,2023-11-12,744,N,VIIRS,n,2,301.71,4.34,D,0
30.50655,75.82909,334.21,0.5,0.41,2023-11-12,744,N,VIIRS,n,2,302.54,3.37,D,0
30.50897,75.77989,339.84,0.5,0.41,2023-11-12,744,N,VIIRS,n,2,301.25,5.53,D,0
30.51146,75.44588,336.54,0.52,0.41,2023-11-12,744,N,VIIRS,n,2,300.71,10.61,D,0
30.51181,76.10357,337.52,0.48,0.4,2023-11-12,744,N,VIIRS,n,2,308.83,15.14,D,0
30.51392,76.37818,331.49,0.47,0.4,2023-11-12,744,N,VIIRS,n,2,300.28,4.51,D,0
30.51546,76.10268,345.35,0.48,0.4,2023-11-12,744,N,VIIRS,n,2,303.49,15.14,D,0
30.51578,75.61163,332.4,0.51,0.41,2023-11-12,744,N,VIIRS,n,2,300.72,2.5,D,0
30.51682,72.17034,346.4,0.52,0.5,2023-11-12,744,N,VIIRS,n,2,300.23,7.9,D,0
30.51699,75.61401,336.24,0.51,0.41,2023-11-12,744,N,VIIRS,n,2,300.41,4.69,D,0
30.52039,76.33073,334.59,0.47,0.4,2023-11-12,744,N,VIIRS,n,2,301.76,4.84,D,0
30.52085,74.42359,342.53,0.39,0.44,2023-11-12,744,N,VIIRS,n,2,300.29,4.7,D,0
30.5209,76.09088,334,0.48,0.4,2023-11-12,744,N,VIIRS,n,2,304.41,4.94,D,0
30.52176,75.1462,331.54,0.54,0.42,2023-11-12,744,N,VIIRS,n,2,297.85,3.42,D,0
30.52184,76.09589,333.06,0.48,0.4,2023-11-12,744,N,VIIRS,n,2,301.16,5.15,D,0
30.52188,74.51152,331.45,0.39,0.44,2023-11-12,744,N,VIIRS,n,2,298.92,2.21,D,0
30.52449,75.73804,335.29,0.5,0.41,2023-11-12,744,N,VIIRS,n,2,299.3,5.31,D,0
30.52756,76.34941,333.05,0.47,0.4,2023-11-12,744,N,VIIRS,n,2,302.07,3.48,D,0
30.53061,74.68804,331.86,0.57,0.43,2023-11-12,744,N,VIIRS,n,2,299,3.57,D,0
30.53115,76.14575,334.33,0.48,0.4,2023-11-12,744,N,VIIRS,l,2,304.76,12.54,D,0
30.53608,74.4785,333.18,0.39,0.44,2023-11-12,744,N,VIIRS,n,2,299.84,2.27,D,0
30.53704,75.66123,346.33,0.51,0.41,2023-11-12,744,N,VIIRS,n,2,304.27,19.08,D,0
30.53936,71.79554,334.01,0.54,0.51,2023-11-12,744,N,VIIRS,n,2,300.27,3.14,D,0
30.54167,75.80954,334.96,0.5,0.41,2023-11-12,744,N,VIIRS,n,2,299.93,2.67,D,0
30.54178,76.03851,332.56,0.49,0.4,2023-11-12,744,N,VIIRS,n,2,300.03,4.5,D,0
30.54594,76.24561,334.23,0.48,0.4,2023-11-12,744,N,VIIRS,n,2,304.95,2.77,D,0
30.54806,74.20225,336.23,0.4,0.44,2023-11-12,744,N,VIIRS,n,2,300.5,2.62,D,0
30.54924,76.07867,334,0.49,0.4,2023-11-12,744,N,VIIRS,n,2,302.48,6.92,D,0
30.54957,76.24472,336.3,0.48,0.4,2023-11-12,744,N,VIIRS,n,2,303.59,2.77,D,0
30.5532,76.24383,335.93,0.48,0.4,2023-11-12,744,N,VIIRS,n,2,303.43,4.56,D,0
30.55696,75.91294,333.42,0.49,0.41,2023-11-12,744,N,VIIRS,n,2,303.31,5.16,D,0
30.5579,75.91804,333.69,0.49,0.41,2023-11-12,744,N,VIIRS,l,2,303.84,8.45,D,0
30.55836,76.06595,345.39,0.49,0.4,2023-11-12,744,N,VIIRS,n,2,304.84,11.67,D,0
30.56279,76.00696,332.88,0.49,0.4,2023-11-12,744,N,VIIRS,n,2,299.83,3.4,D,0
30.56306,75.34242,346.37,0.52,0.42,2023-11-12,744,N,VIIRS,n,2,301.19,11.74,D,0
30.5652,75.89489,336.48,0.49,0.41,2023-11-12,744,N,VIIRS,n,2,305.84,13.37,D,0
30.5655,75.89197,343.11,0.49,0.41,2023-11-12,744,N,VIIRS,n,2,303.3,6.22,D,0
30.56773,76.30186,335.66,0.47,0.4,2023-11-12,744,N,VIIRS,n,2,301.69,4.63,D,0
30.57305,75.91142,332.08,0.49,0.4,2023-11-12,744,N,VIIRS,n,2,301.26,2.46,D,0
30.57491,76.38162,331.07,0.47,0.4,2023-11-12,744,N,VIIRS,n,2,304,1.8,D,0
30.5753,75.40718,331.8,0.52,0.42,2023-11-12,744,N,VIIRS,n,2,298.29,4.73,D,0
30.57686,75.45734,332.45,0.52,0.41,2023-11-12,744,N,VIIRS,n,2,300.76,10.84,D,0
30.57845,76.42129,331.94,0.47,0.4,2023-11-12,744,N,VIIRS,n,2,302.58,2.75,D,0
30.57935,75.42867,333.66,0.52,0.41,2023-11-12,744,N,VIIRS,n,2,298.93,3.62,D,0
30.58215,76.35954,341.16,0.47,0.4,2023-11-12,744,N,VIIRS,n,2,307.35,11.63,D,0
30.58257,75.38276,335.24,0.52,0.42,2023-11-12,744,N,VIIRS,n,2,300.18,8.8,D,0
30.5838,75.95412,334.01,0.49,0.4,2023-11-12,744,N,VIIRS,n,2,302.5,3.58,D,0
30.58523,75.36272,351.73,0.52,0.42,2023-11-12,744,N,VIIRS,n,2,304.51,19.95,D,0
30.58671,75.1852,335.55,0.53,0.42,2023-11-12,744,N,VIIRS,n,2,302.84,10.07,D,0
30.58699,75.92393,335.39,0.49,0.4,2023-11-12,744,N,VIIRS,n,2,303.71,13.39,D,0
30.58709,75.36463,341.87,0.52,0.42,2023-11-12,744,N,VIIRS,n,2,303.22,14.11,D,0
30.58785,75.59901,331.73,0.51,0.41,2023-11-12,744,N,VIIRS,n,2,299.05,3.43,D,0
30.58987,71.64157,342.34,0.55,0.51,2023-11-12,744,N,VIIRS,n,2,300.78,4.8,D,0
30.59138,76.02859,333.86,0.49,0.4,2023-11-12,744,N,VIIRS,n,2,301.19,3.17,D,0
30.59141,75.40871,334.05,0.52,0.42,2023-11-12,744,N,VIIRS,n,2,298.75,2.86,D,0
30.59312,75.56455,330.93,0.51,0.41,2023-11-12,744,N,VIIRS,n,2,298.43,2.45,D,0
30.59478,75.20619,335.42,0.53,0.42,2023-11-12,744,N,VIIRS,n,2,299.75,6.6,D,0
30.59641,75.51936,336.26,0.51,0.41,2023-11-12,744,N,VIIRS,n,2,299.34,4.65,D,0
30.59885,75.57417,331.92,0.51,0.41,2023-11-12,744,N,VIIRS,n,2,298.45,3.45,D,0
30.59992,71.62041,332.55,0.55,0.51,2023-11-12,744,N,VIIRS,n,2,300.04,3.05,D,0
30.60031,73.9152,340.25,0.41,0.45,2023-11-12,744,N,VIIRS,n,2,300.44,5.17,D,0
30.60172,75.92028,332.8,0.49,0.4,2023-11-12,744,N,VIIRS,n,2,301.88,3.18,D,0
30.60222,75.44529,334.08,0.52,0.41,2023-11-12,744,N,VIIRS,n,2,299.72,3.2,D,0
30.60237,75.09996,333.08,0.54,0.42,2023-11-12,744,N,VIIRS,n,2,300.77,5.42,D,0
30.60246,75.46764,333.15,0.52,0.41,2023-11-12,744,N,VIIRS,n,2,298.84,5.36,D,0
30.60392,75.4592,340.11,0.52,0.41,2023-11-12,744,N,VIIRS,n,2,299.86,6.05,D,0
30.60423,75.45599,330.32,0.52,0.41,2023-11-12,744,N,VIIRS,n,2,299.72,4.78,D,0
30.60473,75.1748,332.95,0.53,0.42,2023-11-12,744,N,VIIRS,n,2,298.22,3.02,D,0
30.6062,75.09897,334.04,0.54,0.42,2023-11-12,744,N,VIIRS,n,2,300.37,5.42,D,0
30.60649,75.94566,341.36,0.49,0.4,2023-11-12,744,N,VIIRS,n,2,303.65,13.41,D,0
30.60886,70.83186,334.07,0.61,0.54,2023-11-12,744,N,VIIRS,n,2,298.79,2.93,D,0
30.61431,76.02818,344.41,0.49,0.4,2023-11-12,744,N,VIIRS,n,2,302.19,6.5,D,0
30.61456,74.4325,335.18,0.39,0.44,2023-11-12,744,N,VIIRS,n,2,299.13,2.66,D,0
30.61486,75.4955,330.54,0.51,0.41,2023-11-12,744,N,VIIRS,n,2,301.39,3.71,D,0
30.61578,74.43248,332.55,0.39,0.44,2023-11-12,744,N,VIIRS,n,2,298.76,2.23,D,0
30.61683,75.32066,333.16,0.52,0.42,2023-11-12,744,N,VIIRS,n,2,301.04,4.63,D,0
30.61719,76.40681,332.89,0.47,0.4,2023-11-12,744,N,VIIRS,n,2,302.37,2.86,D,0
30.6214,74.53111,348.89,0.38,0.43,2023-11-12,744,N,VIIRS,n,2,299.74,5.39,D,0
30.62375,75.45976,344.42,0.52,0.41,2023-11-12,744,N,VIIRS,n,2,300.7,12.57,D,0
30.6251,75.98338,333.28,0.49,0.4,2023-11-12,744,N,VIIRS,n,2,301.58,2.71,D,0
30.62535,74.53007,356.79,0.38,0.43,2023-11-12,744,N,VIIRS,n,2,299.55,10.53,D,0
30.62566,75.22131,341.59,0.53,0.42,2023-11-12,744,N,VIIRS,n,2,302.24,10.59,D,0
30.62777,75.54218,343.8,0.51,0.41,2023-11-12,744,N,VIIRS,n,2,299.2,7.18,D,0
30.62886,75.69278,330.52,0.5,0.41,2023-11-12,744,N,VIIRS,n,2,299.11,2.02,D,0
30.6294,75.92404,339.89,0.49,0.4,2023-11-12,744,N,VIIRS,n,2,300.75,4.39,D,0
30.62961,73.88206,335.91,0.41,0.45,2023-11-12,744,N,VIIRS,n,2,299.82,4.07,D,0
30.63225,75.66753,332.16,0.5,0.41,2023-11-12,744,N,VIIRS,n,2,299.97,5.06,D,0
30.63242,75.67006,331.07,0.5,0.41,2023-11-12,744,N,VIIRS,n,2,299.44,5.11,D,0
30.63328,75.21935,332.71,0.53,0.42,2023-11-12,744,N,VIIRS,n,2,301.13,8.18,D,0
30.63432,75.99165,333.47,0.49,0.4,2023-11-12,744,N,VIIRS,n,2,302.33,2.7,D,0
30.63524,75.05988,332.39,0.54,0.42,2023-11-12,744,N,VIIRS,n,2,298.25,3.3,D,0
30.63539,75.06223,331.41,0.54,0.42,2023-11-12,744,N,VIIRS,n,2,298.6,3.26,D,0
30.63782,75.26403,334.72,0.53,0.42,2023-11-12,744,N,VIIRS,n,2,301.43,3.05,D,0
30.63799,75.99073,333,0.49,0.4,2023-11-12,744,N,VIIRS,n,2,299.92,4.6,D,0
30.6384,74.63918,332.48,0.57,0.43,2023-11-12,744,N,VIIRS,n,2,300.93,6.93,D,0
30.64081,76.00584,337.82,0.49,0.4,2023-11-12,744,N,VIIRS,n,2,300.89,6.85,D,0
30.64088,76.02686,332.63,0.49,0.4,2023-11-12,744,N,VIIRS,n,2,301.04,2.78,D,0
30.64166,75.98983,343.46,0.49,0.4,2023-11-12,744,N,VIIRS,n,2,300.67,4.6,D,0
30.6452,75.51006,336.08,0.51,0.41,2023-11-12,744,N,VIIRS,n,2,298.86,4.32,D,0
30.64533,75.98892,334.05,0.49,0.4,2023-11-12,744,N,VIIRS,n,2,300.44,6.09,D,0
30.64679,76.42487,345.16,0.47,0.4,2023-11-12,744,N,VIIRS,n,2,304.32,7.7,D,0
30.64727,76.02002,330.98,0.49,0.4,2023-11-12,744,N,VIIRS,n,2,301.99,7.4,D,0
30.64821,76.02503,343.86,0.49,0.4,2023-11-12,744,N,VIIRS,n,2,305.86,24.95,D,0
30.64894,75.77993,333.34,0.5,0.41,2023-11-12,744,N,VIIRS,n,2,300.63,3.43,D,0
30.65177,74.65215,330.12,0.57,0.43,2023-11-12,744,N,VIIRS,n,2,298.33,3.29,D,0
30.65187,76.02414,337.12,0.49,0.4,2023-11-12,744,N,VIIRS,n,2,300.48,5.51,D,0
30.65367,76.01318,330.02,0.49,0.4,2023-11-12,744,N,VIIRS,n,2,299.34,3.68,D,0
30.65438,75.28832,330.67,0.53,0.42,2023-11-12,744,N,VIIRS,n,2,300.59,3.04,D,0
30.65458,74.61641,331.25,0.57,0.43,2023-11-12,744,N,VIIRS,n,2,299.72,4.71,D,0
30.65471,75.31099,344.45,0.52,0.42,2023-11-12,744,N,VIIRS,n,2,300.03,6.07,D,0
30.65572,74.62228,331.83,0.57,0.43,2023-11-12,744,N,VIIRS,n,2,299.55,7.06,D,0
30.65767,74.61988,345.02,0.57,0.43,2023-11-12,744,N,VIIRS,n,2,299.24,12.32,D,0
30.65846,76.42709,339.32,0.47,0.4,2023-11-12,744,N,VIIRS,n,2,302.59,3.28,D,0
30.65979,75.70962,337.2,0.5,0.41,2023-11-12,744,N,VIIRS,n,2,301.28,3.25,D,0
30.66166,75.93195,333.61,0.49,0.4,2023-11-12,744,N,VIIRS,n,2,299.83,4.12,D,0
30.66195,75.49471,346.68,0.51,0.41,2023-11-12,744,N,VIIRS,n,2,300.87,11.27,D,0
30.66252,75.39383,333.59,0.52,0.41,2023-11-12,744,N,VIIRS,n,2,299.52,3.24,D,0
30.66297,75.74676,335.29,0.5,0.41,2023-11-12,744,N,VIIRS,n,2,300.28,5.9,D,0
30.66364,75.33707,329.97,0.52,0.42,2023-11-12,744,N,VIIRS,n,2,298.71,8.87,D,0
30.6637,75.27454,332.69,0.53,0.42,2023-11-12,744,N,VIIRS,n,2,300.21,9.59,D,0
30.66373,75.73033,341.74,0.5,0.41,2023-11-12,744,N,VIIRS,n,2,302.47,17.6,D,0
30.66469,75.48845,337.94,0.51,0.41,2023-11-12,744,N,VIIRS,n,2,299.11,7,D,0
30.66485,75.42694,350.49,0.52,0.41,2023-11-12,744,N,VIIRS,n,2,303.09,11.91,D,0
30.66498,74.49071,341.46,0.38,0.43,2023-11-12,744,N,VIIRS,n,2,301.93,7.22,D,0
30.66533,75.93103,330.68,0.49,0.4,2023-11-12,744,N,VIIRS,n,2,300.47,2.37,D,0
30.6669,75.85605,347.16,0.49,0.41,2023-11-12,744,N,VIIRS,n,2,308.32,26.14,D,0
30.66742,75.33611,354.26,0.52,0.42,2023-11-12,744,N,VIIRS,n,2,302.46,8.87,D,0
30.66798,75.52649,342.7,0.51,0.41,2023-11-12,744,N,VIIRS,n,2,300.72,9.13,D,0
30.66868,75.85823,334.42,0.49,0.41,2023-11-12,744,N,VIIRS,n,2,304.3,29.23,D,0
30.66925,76.01457,331.28,0.49,0.4,2023-11-12,744,N,VIIRS,n,2,299.51,4.26,D,0
30.67101,75.80943,346.53,0.5,0.41,2023-11-12,744,N,VIIRS,n,2,301.23,8.49,D,0
30.67192,75.71201,332.92,0.5,0.41,2023-11-12,744,N,VIIRS,n,2,300.46,4.92,D,0
30.67362,75.93428,341.07,0.49,0.4,2023-11-12,744,N,VIIRS,n,2,301.06,4.99,D,0
30.67399,75.55817,332.86,0.51,0.41,2023-11-12,744,N,VIIRS,n,2,301.11,8.32,D,0
30.67468,75.31156,335.54,0.52,0.42,2023-11-12,744,N,VIIRS,n,2,303.77,12.93,D,0
30.67549,76.56335,333.8,0.46,0.39,2023-11-12,744,N,VIIRS,n,2,302.18,3.26,D,0
30.67593,75.30868,330.9,0.52,0.42,2023-11-12,744,N,VIIRS,l,2,303.8,7.66,D,0
30.67688,75.40703,335.74,0.52,0.41,2023-11-12,744,N,VIIRS,n,2,299.99,3.16,D,0
30.67773,75.55723,335.42,0.51,0.41,2023-11-12,744,N,VIIRS,n,2,299.27,8.32,D,0
30.67898,75.87975,334.61,0.49,0.41,2023-11-12,744,N,VIIRS,n,2,302.66,3.14,D,0
30.6793,71.71168,336.91,0.55,0.51,2023-11-12,744,N,VIIRS,n,2,300.85,3.11,D,0
30.68089,75.88188,333,0.49,0.4,2023-11-12,744,N,VIIRS,n,2,302.15,2.51,D,0
30.68143,71.69907,341.76,0.55,0.51,2023-11-12,744,N,VIIRS,n,2,300.55,5.9,D,0
30.68346,75.56682,336.52,0.51,0.41,2023-11-12,744,N,VIIRS,n,2,300.02,5.28,D,0
30.68349,72.34286,330.68,0.5,0.49,2023-11-12,744,N,VIIRS,n,2,296.32,6.2,D,0
30.68792,74.31171,341.52,0.39,0.44,2023-11-12,744,N,VIIRS,n,2,300.46,6.03,D,0
30.68851,75.37331,346.01,0.52,0.42,2023-11-12,744,N,VIIRS,n,2,300.28,8.29,D,0
30.68966,75.37,332.24,0.52,0.42,2023-11-12,744,N,VIIRS,n,2,299.39,4.64,D,0
30.69067,75.37538,334.16,0.52,0.42,2023-11-12,744,N,VIIRS,n,2,299.88,10.09,D,0
30.69228,75.37236,338.27,0.52,0.42,2023-11-12,744,N,VIIRS,n,2,300.53,6.36,D,0
30.69268,74.44156,344.37,0.39,0.44,2023-11-12,744,N,VIIRS,n,2,302.14,4.89,D,0
30.69324,74.83749,330.2,0.55,0.43,2023-11-12,744,N,VIIRS,n,2,298.81,6.19,D,0
30.69421,75.51985,337.43,0.51,0.41,2023-11-12,744,N,VIIRS,n,2,299.62,10.6,D,0
30.69492,74.82504,329.72,0.55,0.43,2023-11-12,744,N,VIIRS,n,2,299.24,3.79,D,0
30.69529,74.82893,337.2,0.55,0.43,2023-11-12,744,N,VIIRS,n,2,298.38,5.84,D,0
30.69579,75.89948,332.53,0.49,0.4,2023-11-12,744,N,VIIRS,n,2,300.89,3.26,D,0
30.6964,76.45003,331.43,0.47,0.39,2023-11-12,744,N,VIIRS,l,2,302.14,4.18,D,0
30.69674,75.90456,336.33,0.49,0.4,2023-11-12,744,N,VIIRS,n,2,301.24,3.26,D,0
30.69674,76.01826,332.83,0.49,0.4,2023-11-12,744,N,VIIRS,n,2,299.9,3.68,D,0
30.69682,75.41615,333.11,0.52,0.41,2023-11-12,744,N,VIIRS,n,2,299.99,6.7,D,0
30.69688,75.59647,331.22,0.51,0.41,2023-11-12,744,N,VIIRS,n,2,299.48,3.1,D,0
30.69696,75.5136,346.55,0.51,0.41,2023-11-12,744,N,VIIRS,n,2,300.4,9.61,D,0
30.69773,75.41294,338.52,0.52,0.41,2023-11-12,744,N,VIIRS,n,2,300.03,5.15,D,0
30.69839,76.01508,333.72,0.49,0.4,2023-11-12,744,N,VIIRS,n,2,299.67,3.05,D,0
30.69845,75.13669,330.03,0.53,0.42,2023-11-12,744,N,VIIRS,n,2,299,2.86,D,0
30.69911,76.44434,340.2,0.47,0.39,2023-11-12,744,N,VIIRS,n,2,303.37,4.68,D,0
30.69966,74.80978,332.62,0.55,0.43,2023-11-12,744,N,VIIRS,n,2,299.47,4.08,D,0
30.69987,76.48934,334.71,0.46,0.39,2023-11-12,744,N,VIIRS,n,2,304.2,3.77,D,0
30.7,76.44916,332.79,0.47,0.39,2023-11-12,744,N,VIIRS,n,2,301.99,4.68,D,0
30.70042,75.90364,332.3,0.49,0.4,2023-11-12,744,N,VIIRS,n,2,299.71,3.99,D,0
30.70049,74.81157,332.54,0.55,0.43,2023-11-12,744,N,VIIRS,n,2,299.03,3.64,D,0
30.70059,74.43946,342.64,0.39,0.44,2023-11-12,744,N,VIIRS,n,2,300.94,5.69,D,0
30.70144,74.83931,333.9,0.55,0.43,2023-11-12,744,N,VIIRS,n,2,299.34,3.71,D,0
30.70169,74.29654,340.43,0.39,0.44,2023-11-12,744,N,VIIRS,n,2,300.2,4.93,D,0
30.7017,76.47888,334.55,0.46,0.39,2023-11-12,744,N,VIIRS,n,2,303.46,3.36,D,0
30.7021,74.84118,332.38,0.55,0.43,2023-11-12,744,N,VIIRS,n,2,299.13,3.34,D,0
30.70226,74.29935,340.08,0.39,0.44,2023-11-12,744,N,VIIRS,n,2,299.77,4.84,D,0
30.70474,71.8053,338.12,0.54,0.51,2023-11-12,744,N,VIIRS,n,2,299.23,4.97,D,0
30.7053,71.77309,337.29,0.54,0.51,2023-11-12,744,N,VIIRS,n,2,299.63,3.23,D,0
30.70543,75.48097,343.92,0.51,0.41,2023-11-12,744,N,VIIRS,n,2,300.72,10.49,D,0
30.70599,75.47795,338.68,0.51,0.41,2023-11-12,744,N,VIIRS,n,2,301.75,6.13,D,0
30.7073,75.61031,332.64,0.51,0.41,2023-11-12,744,N,VIIRS,n,2,301.12,4.99,D,0
30.70782,71.7748,342.93,0.54,0.51,2023-11-12,744,N,VIIRS,n,2,299.52,5.03,D,0
30.70866,76.06251,330.18,0.48,0.4,2023-11-12,744,N,VIIRS,n,2,300.33,1.86,D,0
30.71041,75.54343,339.81,0.51,0.41,2023-11-12,744,N,VIIRS,n,2,299.35,5.61,D,0
30.7107,76.46665,334.36,0.46,0.39,2023-11-12,744,N,VIIRS,n,2,304.93,7.71,D,0
30.7172,75.2754,335.62,0.53,0.42,2023-11-12,744,N,VIIRS,n,2,299.86,3.6,D,0
30.71918,75.96252,344.62,0.49,0.4,2023-11-12,744,N,VIIRS,n,2,300.65,6.98,D,0
30.71996,74.51675,336.86,0.57,0.43,2023-11-12,744,N,VIIRS,n,2,301.8,10.51,D,0
30.72234,76.46883,334.32,0.46,0.39,2023-11-12,744,N,VIIRS,n,2,302.43,3.33,D,0
30.72321,75.61179,329.68,0.51,0.41,2023-11-12,744,N,VIIRS,l,2,299.83,1.82,D,0
30.72449,75.31332,333.81,0.52,0.42,2023-11-12,744,N,VIIRS,l,2,306.49,16.58,D,0
30.72516,75.5425,333.22,0.51,0.41,2023-11-12,744,N,VIIRS,n,2,300.28,9.41,D,0
30.72538,75.53963,344.52,0.51,0.41,2023-11-12,744,N,VIIRS,n,2,300.18,8.2,D,0
30.72624,75.36372,334.79,0.52,0.42,2023-11-12,744,N,VIIRS,n,2,301.58,3.32,D,0
30.72713,74.59544,330.1,0.57,0.43,2023-11-12,744,N,VIIRS,n,2,299.34,2.18,D,0
30.72943,76.48717,334.76,0.46,0.39,2023-11-12,744,N,VIIRS,n,2,302.95,3.07,D,0
30.73004,71.80966,333.77,0.54,0.51,2023-11-12,744,N,VIIRS,n,2,299.92,3.1,D,0
30.73193,75.78343,331.12,0.5,0.41,2023-11-12,744,N,VIIRS,n,2,298.18,2.51,D,0
30.73385,75.79372,338.21,0.5,0.41,2023-11-12,744,N,VIIRS,n,2,298.81,5.77,D,0
30.73424,75.85789,330.48,0.49,0.41,2023-11-12,744,N,VIIRS,l,2,301.36,4.82,D,0
30.73612,74.32144,340.51,0.39,0.44,2023-11-12,744,N,VIIRS,n,2,301.88,6.13,D,0
30.73809,74.67236,329.23,0.56,0.43,2023-11-12,744,N,VIIRS,n,2,300.39,3.65,D,0
30.7384,75.55019,332.34,0.51,0.41,2023-11-12,744,N,VIIRS,n,2,300.38,4.17,D,0
30.73982,75.51666,346.17,0.51,0.41,2023-11-12,744,N,VIIRS,n,2,300.98,7.95,D,0
30.74099,75.91475,339.21,0.49,0.4,2023-11-12,744,N,VIIRS,n,2,301.15,8.31,D,0
30.74143,76.40884,331.42,0.47,0.39,2023-11-12,744,N,VIIRS,l,2,304.8,1.88,D,0
30.74314,75.5545,334.82,0.51,0.41,2023-11-12,744,N,VIIRS,n,2,300.51,3.64,D,0
30.74371,75.59837,334.24,0.51,0.41,2023-11-12,744,N,VIIRS,n,2,299.83,5.67,D,0
30.74373,75.90877,336.14,0.49,0.4,2023-11-12,744,N,VIIRS,n,2,303.28,8.31,D,0
30.74558,75.52627,335.83,0.51,0.41,2023-11-12,744,N,VIIRS,n,2,298.83,5.2,D,0
30.7459,75.79607,331.71,0.5,0.41,2023-11-12,744,N,VIIRS,n,2,299.02,3.05,D,0
30.746,76.39256,330.26,0.47,0.4,2023-11-12,744,N,VIIRS,n,2,302.45,5.18,D,0
30.74688,76.39741,334.69,0.47,0.4,2023-11-12,744,N,VIIRS,n,2,303.03,5.18,D,0
30.7474,75.90784,336.81,0.49,0.4,2023-11-12,744,N,VIIRS,n,2,301.92,8,D,0
30.74832,74.42374,329.58,0.39,0.44,2023-11-12,744,N,VIIRS,n,2,299.29,2.04,D,0
30.7493,76.45224,328.71,0.46,0.39,2023-11-12,744,N,VIIRS,n,2,300.21,1.66,D,0
30.74932,75.52532,346.68,0.51,0.41,2023-11-12,744,N,VIIRS,n,2,298.83,5.2,D,0
30.74941,71.79565,340.16,0.54,0.51,2023-11-12,744,N,VIIRS,n,2,299.37,6.04,D,0
30.75043,75.7788,331.77,0.5,0.41,2023-11-12,744,N,VIIRS,n,2,298.99,1.98,D,0
30.75058,75.65411,341.25,0.5,0.41,2023-11-12,744,N,VIIRS,n,2,302.84,15.91,D,0
30.75097,75.65668,332.47,0.5,0.41,2023-11-12,744,N,VIIRS,n,2,300.75,17.65,D,0
30.75177,75.49701,342.85,0.51,0.41,2023-11-12,744,N,VIIRS,n,2,302.93,16.04,D,0
30.75417,75.61217,340.07,0.51,0.41,2023-11-12,744,N,VIIRS,n,2,300.14,5.86,D,0
30.75753,75.50665,333.52,0.51,0.41,2023-11-12,744,N,VIIRS,n,2,300.89,3.6,D,0
30.76321,75.95159,329.67,0.49,0.4,2023-11-12,744,N,VIIRS,l,2,302.32,2.14,D,0
30.76577,71.73752,334.83,0.54,0.51,2023-11-12,744,N,VIIRS,n,2,299.03,4.36,D,0
30.7663,75.53209,329.55,0.51,0.41,2023-11-12,744,N,VIIRS,n,2,299.12,3.99,D,0
30.76672,76.38245,328.71,0.47,0.4,2023-11-12,744,N,VIIRS,n,2,303.25,1.93,D,0
30.76676,74.92357,340.94,0.55,0.42,2023-11-12,744,N,VIIRS,n,2,297.89,5.42,D,0
30.76687,75.95068,332.59,0.49,0.4,2023-11-12,744,N,VIIRS,n,2,300.97,2.14,D,0
30.76745,76.38436,332.71,0.47,0.4,2023-11-12,744,N,VIIRS,l,2,303.76,6.67,D,0
30.76781,75.95573,334.48,0.49,0.4,2023-11-12,744,N,VIIRS,n,2,303.86,10.79,D,0
30.76867,75.93965,331.05,0.49,0.4,2023-11-12,744,N,VIIRS,n,2,302.2,2.38,D,0
30.76875,75.96078,332.37,0.49,0.4,2023-11-12,744,N,VIIRS,n,2,299.81,10.79,D,0
30.76937,75.4033,339.84,0.52,0.41,2023-11-12,744,N,VIIRS,n,2,301.44,4.81,D,0
30.76945,73.69022,342.28,0.42,0.45,2023-11-12,744,N,VIIRS,n,2,300.27,6.63,D,0
30.77024,75.86488,343.5,0.49,0.4,2023-11-12,744,N,VIIRS,n,2,301.42,8.71,D,0
30.77032,76.38158,336.22,0.47,0.4,2023-11-12,744,N,VIIRS,n,2,306.55,10.75,D,0
30.77105,76.38348,333.71,0.47,0.4,2023-11-12,744,N,VIIRS,n,2,303.65,6.67,D,0
30.77241,75.41933,332.29,0.52,0.41,2023-11-12,744,N,VIIRS,n,2,299.32,3.33,D,0
30.77313,75.40234,332.17,0.52,0.41,2023-11-12,744,N,VIIRS,n,2,299.37,4.81,D,0
30.77407,71.75289,348.22,0.54,0.51,2023-11-12,744,N,VIIRS,n,2,301.66,7.35,D,0
30.7753,71.75848,350.39,0.54,0.51,2023-11-12,744,N,VIIRS,n,2,305.95,29.76,D,0
30.77552,75.5187,332.16,0.51,0.41,2023-11-12,744,N,VIIRS,n,2,299.43,2.46,D,0
30.77988,71.75713,346.5,0.54,0.51,2023-11-12,744,N,VIIRS,n,2,301.78,15.63,D,0
30.78073,75.98417,334.79,0.49,0.4,2023-11-12,744,N,VIIRS,n,2,299.89,4.64,D,0
30.78373,76.16586,336.61,0.48,0.4,2023-11-12,744,N,VIIRS,n,2,300.74,3.92,D,0
30.78434,75.9622,331.84,0.49,0.4,2023-11-12,744,N,VIIRS,n,2,299.21,3.23,D,0
30.78458,75.33754,335.52,0.52,0.42,2023-11-12,744,N,VIIRS,n,2,298.73,3.5,D,0
30.78672,75.33461,340.23,0.52,0.42,2023-11-12,744,N,VIIRS,n,2,298.54,5.28,D,0
30.78936,71.77799,335.61,0.54,0.51,2023-11-12,744,N,VIIRS,n,2,300.46,3.77,D,0
30.8002,74.84809,332.8,0.55,0.43,2023-11-12,744,N,VIIRS,n,2,300,3.46,D,0
30.80193,75.39258,332.12,0.52,0.41,2023-11-12,744,N,VIIRS,n,2,300.02,3.08,D,0
30.8036,75.60516,332.11,0.51,0.41,2023-11-12,744,N,VIIRS,n,2,300.3,2.99,D,0
30.8057,75.39162,332.17,0.52,0.41,2023-11-12,744,N,VIIRS,n,2,300.56,5.12,D,0
30.806,75.38833,339.2,0.52,0.41,2023-11-12,744,N,VIIRS,n,2,299.78,3.68,D,0
30.80793,74.84608,331.59,0.55,0.43,2023-11-12,744,N,VIIRS,n,2,300.24,7.42,D,0
30.80875,74.84715,338.82,0.55,0.43,2023-11-12,744,N,VIIRS,n,2,300.85,5.4,D,0
30.80985,75.57615,334.18,0.51,0.41,2023-11-12,744,N,VIIRS,n,2,301.68,5.48,D,0
30.81394,75.43426,332.8,0.51,0.41,2023-11-12,744,N,VIIRS,n,2,299.96,7.18,D,0
30.81401,75.43108,333.65,0.51,0.41,2023-11-12,744,N,VIIRS,n,2,300.93,5.57,D,0
30.81555,75.58569,335.2,0.51,0.41,2023-11-12,744,N,VIIRS,n,2,299.51,3.29,D,0
30.81709,71.79343,340.51,0.54,0.51,2023-11-12,744,N,VIIRS,n,2,300.57,3.81,D,0
30.81771,75.61801,329.14,0.5,0.41,2023-11-12,744,N,VIIRS,n,2,299.23,6.1,D,0
30.81801,75.3941,342.12,0.52,0.41,2023-11-12,744,N,VIIRS,n,2,305.21,17.32,D,0
30.81993,70.81984,340.71,0.61,0.53,2023-11-12,744,N,VIIRS,n,2,302.37,8.47,D,0
30.82106,70.81925,341.06,0.61,0.53,2023-11-12,744,N,VIIRS,n,2,301.62,12.11,D,0
30.82143,75.61707,342.43,0.5,0.41,2023-11-12,744,N,VIIRS,n,2,301.18,6.1,D,0
30.83002,74.83435,348.49,0.55,0.43,2023-11-12,744,N,VIIRS,n,2,301.95,9.54,D,0
30.83075,76.05781,335.43,0.48,0.4,2023-11-12,744,N,VIIRS,n,2,302.42,6.4,D,0
30.83238,75.40723,332.02,0.52,0.41,2023-11-12,744,N,VIIRS,n,2,300.5,2.98,D,0
30.83443,75.41789,345.16,0.51,0.41,2023-11-12,744,N,VIIRS,n,2,301.71,9.22,D,0
30.83545,75.42321,332.42,0.51,0.41,2023-11-12,744,N,VIIRS,n,2,299.01,3.51,D,0
30.83737,75.90905,343.58,0.49,0.4,2023-11-12,744,N,VIIRS,n,2,299.16,5.91,D,0
30.84976,76.01652,332.03,0.48,0.4,2023-11-12,744,N,VIIRS,n,2,300.69,2.02,D,0
30.85639,72.14975,338.81,0.51,0.49,2023-11-12,744,N,VIIRS,n,2,297.92,8.19,D,0
30.85665,71.86383,330.42,0.53,0.5,2023-11-12,744,N,VIIRS,n,2,300.03,2.03,D,0
30.85892,71.8605,330.47,0.53,0.5,2023-11-12,744,N,VIIRS,n,2,299.65,2.17,D,0
30.85979,75.15631,337.13,0.53,0.42,2023-11-12,744,N,VIIRS,n,2,298.62,5.84,D,0
30.86072,75.15455,332.68,0.53,0.42,2023-11-12,744,N,VIIRS,n,2,300.32,6.95,D,0
30.86359,75.15533,333.79,0.53,0.42,2023-11-12,744,N,VIIRS,n,2,297.79,4.39,D,0
30.86992,72.16821,342.37,0.51,0.49,2023-11-12,744,N,VIIRS,n,2,296.77,6.15,D,0
30.87523,72.10491,331.36,0.51,0.5,2023-11-12,744,N,VIIRS,n,2,298.9,2,D,0
30.8791,72.23235,331.76,0.5,0.49,2023-11-12,744,N,VIIRS,n,2,298.89,4.16,D,0
30.88021,74.94586,328.86,0.54,0.42,2023-11-12,744,N,VIIRS,n,2,297.71,2.5,D,0
30.88738,73.96533,330.81,0.41,0.45,2023-11-12,744,N,VIIRS,n,2,297.95,2.22,D,0
30.90511,75.17754,331.29,0.53,0.42,2023-11-12,744,N,VIIRS,n,2,299.23,4.35,D,0
30.90902,71.95571,340.01,0.52,0.5,2023-11-12,744,N,VIIRS,n,2,298.86,11.17,D,0
30.90915,76.09034,329.6,0.48,0.4,2023-11-12,744,N,VIIRS,n,2,299.98,2.9,D,0
30.91469,76.00282,332.08,0.48,0.4,2023-11-12,744,N,VIIRS,n,2,299.96,2.07,D,0
30.9164,76.00512,343.86,0.48,0.4,2023-11-12,744,N,VIIRS,n,2,299.79,5.61,D,0
30.91772,75.24277,334.79,0.52,0.42,2023-11-12,744,N,VIIRS,n,2,298.5,4.45,D,0
30.91834,76.00191,332.29,0.48,0.4,2023-11-12,744,N,VIIRS,n,2,299.04,2.07,D,0
30.92282,71.86501,331.51,0.53,0.5,2023-11-12,744,N,VIIRS,n,2,300.58,2.44,D,0
30.92351,74.81377,331.8,0.55,0.43,2023-11-12,744,N,VIIRS,n,2,298.88,3.34,D,0
30.92462,76.02921,328.51,0.48,0.4,2023-11-12,744,N,VIIRS,n,2,299.47,1.72,D,0
30.92791,76.29626,333.55,0.47,0.4,2023-11-12,744,N,VIIRS,n,2,302.39,8.65,D,0
30.93203,70.77702,344.2,0.61,0.53,2023-11-12,744,N,VIIRS,n,2,299.97,6.65,D,0
30.93538,70.77765,339.29,0.61,0.53,2023-11-12,744,N,VIIRS,n,2,299.03,6.98,D,0
30.94476,72.20489,330.26,0.5,0.49,2023-11-12,744,N,VIIRS,n,2,298.01,2.83,D,0
30.94497,71.83847,335.11,0.53,0.5,2023-11-12,744,N,VIIRS,n,2,300.05,2.05,D,0
30.9465,71.84056,331,0.53,0.5,2023-11-12,744,N,VIIRS,n,2,299.73,3.06,D,0
30.95275,75.17669,333.33,0.53,0.42,2023-11-12,744,N,VIIRS,n,2,299.42,3.6,D,0
30.95499,76.03459,333.04,0.48,0.4,2023-11-12,744,N,VIIRS,n,2,301.17,11.54,D,0
30.9591,76.23992,334.92,0.47,0.4,2023-11-12,744,N,VIIRS,n,2,298.32,2.6,D,0
30.95961,76.24261,333.48,0.47,0.4,2023-11-12,744,N,VIIRS,n,2,297.49,2.81,D,0
30.96071,75.26008,332.91,0.52,0.42,2023-11-12,744,N,VIIRS,n,2,298.44,4.4,D,0
30.96292,71.89697,340.4,0.52,0.5,2023-11-12,744,N,VIIRS,n,2,301.39,7.3,D,0
30.96381,71.87936,331.26,0.53,0.5,2023-11-12,744,N,VIIRS,n,2,299.86,4.14,D,0
30.96405,71.8992,356.5,0.53,0.5,2023-11-12,744,N,VIIRS,n,2,302.56,13.63,D,0
30.96413,71.90238,340.2,0.52,0.5,2023-11-12,744,N,VIIRS,n,2,300.17,7.3,D,0
30.96865,71.90105,334.4,0.52,0.5,2023-11-12,744,N,VIIRS,n,2,297.8,7.3,D,0
30.96975,71.90329,332.18,0.52,0.5,2023-11-12,744,N,VIIRS,n,2,297.97,1.9,D,0
30.98038,74.83466,332.55,0.55,0.42,2023-11-12,744,N,VIIRS,n,2,300.58,12.06,D,0
30.98471,75.2822,335.09,0.52,0.42,2023-11-12,744,N,VIIRS,n,2,300.85,4.68,D,0
30.9851,76.05315,336.87,0.48,0.4,2023-11-12,744,N,VIIRS,n,2,300.52,5.42,D,0
30.99033,72.17498,334.05,0.51,0.49,2023-11-12,744,N,VIIRS,n,2,298.17,4.22,D,0
30.99338,76.13911,328.76,0.48,0.4,2023-11-12,744,N,VIIRS,n,2,299.72,2.42,D,0
30.99373,72.19065,330.98,0.5,0.49,2023-11-12,744,N,VIIRS,n,2,299.28,3.22,D,0
30.99479,72.17368,339.87,0.51,0.49,2023-11-12,744,N,VIIRS,n,2,298.49,4.22,D,0
31.00156,72.205,337.96,0.5,0.49,2023-11-12,744,N,VIIRS,n,2,298.49,2.61,D,0
31.00206,71.94302,337.78,0.52,0.5,2023-11-12,744,N,VIIRS,n,2,299.97,4.05,D,0
31.00385,72.2375,338.06,0.5,0.49,2023-11-12,744,N,VIIRS,n,2,299.86,3.42,D,0
31.00821,72.19199,336.27,0.5,0.49,2023-11-12,744,N,VIIRS,n,2,299.68,3.8,D,0
31.01121,75.26167,333.98,0.52,0.42,2023-11-12,744,N,VIIRS,n,2,299.01,6.73,D,0
31.01159,75.56999,339.93,0.5,0.41,2023-11-12,744,N,VIIRS,n,2,299.24,6.53,D,0
31.01642,75.28857,343.63,0.52,0.41,2023-11-12,744,N,VIIRS,n,2,300.1,9.74,D,0
31.02267,72.19331,335.22,0.5,0.49,2023-11-12,744,N,VIIRS,n,2,298.27,3.13,D,0
31.0272,74.99329,336.09,0.54,0.42,2023-11-12,744,N,VIIRS,n,2,298.82,8.56,D,0
31.03483,71.93916,342.17,0.52,0.5,2023-11-12,744,N,VIIRS,n,2,301.95,6.07,D,0
31.03933,71.93782,343.71,0.52,0.5,2023-11-12,744,N,VIIRS,n,2,302.19,12.84,D,0
31.0441,72.30514,333,0.5,0.49,2023-11-12,744,N,VIIRS,n,2,299.01,3.15,D,0
31.04704,72.30717,340.22,0.5,0.49,2023-11-12,744,N,VIIRS,n,2,299.05,4.75,D,0
31.04852,72.30386,331.58,0.5,0.49,2023-11-12,744,N,VIIRS,n,2,298.05,3.15,D,0
31.05316,76.1346,327.67,0.47,0.4,2023-11-12,744,N,VIIRS,l,2,299.01,1.94,D,0
31.05643,76.13676,326.99,0.47,0.4,2023-11-12,744,N,VIIRS,l,2,299.99,1.74,D,0
31.05869,75.9858,332.64,0.48,0.4,2023-11-12,744,N,VIIRS,n,2,299.68,3.11,D,0
31.06448,72.1617,336.48,0.5,0.49,2023-11-12,744,N,VIIRS,n,2,298.48,3.4,D,0
31.08421,75.97947,340.89,0.48,0.4,2023-11-12,744,N,VIIRS,n,2,299.91,4.68,D,0
31.09126,72.17609,339.99,0.5,0.49,2023-11-12,744,N,VIIRS,n,2,298.09,5.22,D,0
31.09571,75.35247,330.28,0.51,0.41,2023-11-12,744,N,VIIRS,n,2,299.58,3.22,D,0
31.12467,72.22156,349.34,0.5,0.49,2023-11-12,744,N,VIIRS,n,2,299.78,9.5,D,0
31.12799,72.21508,340.36,0.5,0.49,2023-11-12,744,N,VIIRS,n,2,299.68,5.61,D,0
31.1291,72.22026,347.32,0.5,0.49,2023-11-12,744,N,VIIRS,n,2,299.55,10.4,D,0
31.13134,70.66512,331.56,0.61,0.54,2023-11-12,744,N,VIIRS,n,2,300.14,7.37,D,0
31.13493,70.66572,341.2,0.61,0.54,2023-11-12,744,N,VIIRS,n,2,301.63,4.61,D,0
31.13874,72.21585,332.95,0.5,0.49,2023-11-12,744,N,VIIRS,n,2,298.73,6.82,D,0
31.14017,72.20599,340.89,0.5,0.49,2023-11-12,744,N,VIIRS,n,2,300.85,8.15,D,0
31.14104,72.4283,340.73,0.49,0.48,2023-11-12,744,N,VIIRS,n,2,294,2.73,D,0
31.14128,72.21119,352.2,0.5,0.49,2023-11-12,744,N,VIIRS,n,2,299.9,8.15,D,0
31.14202,72.2094,347.57,0.5,0.49,2023-11-12,744,N,VIIRS,n,2,299.38,6.07,D,0
31.14239,72.21638,339.52,0.5,0.49,2023-11-12,744,N,VIIRS,n,2,296.79,5.73,D,0
31.14317,72.21456,333.03,0.5,0.49,2023-11-12,744,N,VIIRS,n,2,296.94,6.07,D,0
31.15838,72.15498,336.48,0.5,0.49,2023-11-12,744,N,VIIRS,n,2,298.85,3.19,D,0
31.18772,72.28906,340.06,0.49,0.49,2023-11-12,744,N,VIIRS,n,2,299.24,8.53,D,0
31.21762,76.08875,332.83,0.47,0.4,2023-11-12,744,N,VIIRS,n,2,299.57,2.88,D,0
31.22124,76.08785,334.14,0.47,0.4,2023-11-12,744,N,VIIRS,n,2,299.12,2.88,D,0
31.22953,72.1784,333.6,0.5,0.49,2023-11-12,744,N,VIIRS,n,2,299.2,2.92,D,0
31.231,70.76182,339.81,0.6,0.53,2023-11-12,744,N,VIIRS,n,2,299.84,11.27,D,0
31.23396,72.1771,331.69,0.5,0.49,2023-11-12,744,N,VIIRS,n,2,298.48,2.92,D,0
31.23611,73.70365,340.23,0.41,0.45,2023-11-12,744,N,VIIRS,n,2,299.1,5.85,D,0
31.23792,73.70392,331.59,0.41,0.45,2023-11-12,744,N,VIIRS,n,2,296.86,6.16,D,0
31.24807,73.52301,328.24,0.42,0.45,2023-11-12,744,N,VIIRS,n,2,297.48,2.14,D,0
31.30015,73.58674,342.05,0.42,0.45,2023-11-12,744,N,VIIRS,n,2,300.08,6.73,D,0
31.30394,73.56277,344.55,0.42,0.45,2023-11-12,744,N,VIIRS,n,2,302.07,9.75,D,0
31.30482,72.14808,340.21,0.5,0.49,2023-11-12,744,N,VIIRS,n,2,296.31,4.77,D,0
31.30482,73.56712,344.54,0.42,0.45,2023-11-12,744,N,VIIRS,n,2,298.84,9.75,D,0
31.30512,73.58994,337.22,0.42,0.45,2023-11-12,744,N,VIIRS,n,2,299.14,2.94,D,0
31.32826,73.91503,340.04,0.4,0.44,2023-11-12,744,N,VIIRS,n,2,299.92,3.29,D,0
31.33479,73.57809,328.72,0.42,0.45,2023-11-12,744,N,VIIRS,n,2,298.03,2.64,D,0
31.33516,73.63178,332.92,0.41,0.45,2023-11-12,744,N,VIIRS,n,2,298.57,2.77,D,0
31.34914,72.15711,331.32,0.5,0.49,2023-11-12,744,N,VIIRS,n,2,299.17,2.66,D,0
31.34914,72.20098,333.37,0.5,0.49,2023-11-12,744,N,VIIRS,n,2,298.74,4.92,D,0
31.34972,72.15399,330.01,0.5,0.49,2023-11-12,744,N,VIIRS,n,2,299.02,3.43,D,0
31.34999,72.19775,329.52,0.5,0.49,2023-11-12,744,N,VIIRS,n,2,298.82,3.02,D,0
31.35795,72.22023,337.44,0.49,0.49,2023-11-12,744,N,VIIRS,n,2,299.17,3.86,D,0
31.35893,72.21696,329.43,0.49,0.49,2023-11-12,744,N,VIIRS,n,2,298.22,5.4,D,0
31.37083,72.1643,337.3,0.5,0.49,2023-11-12,744,N,VIIRS,n,2,298.66,2.9,D,0
31.37274,70.72272,341.88,0.6,0.53,2023-11-12,744,N,VIIRS,n,2,301.41,9.16,D,0
31.37524,70.72194,343.04,0.6,0.53,2023-11-12,744,N,VIIRS,n,2,301.89,13.75,D,0
31.38305,72.17716,332.85,0.5,0.49,2023-11-12,744,N,VIIRS,n,2,298.77,5.59,D,0
31.39413,72.18487,343.72,0.5,0.49,2023-11-12,744,N,VIIRS,n,2,299.38,6.26,D,0
31.39731,73.83953,328.89,0.4,0.44,2023-11-12,744,N,VIIRS,n,2,298.72,1.82,D,0
31.40974,72.25648,336.7,0.49,0.49,2023-11-12,744,N,VIIRS,n,2,299.23,6.54,D,0
31.4141,72.23352,335.04,0.49,0.49,2023-11-12,744,N,VIIRS,n,2,298.3,3.03,D,0
31.42653,73.62557,329.17,0.41,0.45,2023-11-12,744,N,VIIRS,n,2,299.46,2.38,D,0
31.43487,73.7938,329.08,0.4,0.45,2023-11-12,744,N,VIIRS,n,2,298.75,2.48,D,0
31.4416,72.2309,341.13,0.49,0.49,2023-11-12,744,N,VIIRS,n,2,300.9,7.96,D,0
31.4427,72.23602,340.3,0.49,0.49,2023-11-12,744,N,VIIRS,n,2,298.59,7.98,D,0
31.4449,72.22451,339.91,0.49,0.49,2023-11-12,744,N,VIIRS,n,2,299,7.96,D,0
31.45167,73.7714,330.87,0.41,0.45,2023-11-12,744,N,VIIRS,n,2,297.69,2.94,D,0
31.45242,73.63839,334.39,0.41,0.45,2023-11-12,744,N,VIIRS,n,2,296.64,3,D,0
31.45368,72.24364,336.68,0.49,0.49,2023-11-12,744,N,VIIRS,n,2,299.35,3.08,D,0
31.46583,72.16929,329.93,0.5,0.49,2023-11-12,744,N,VIIRS,l,2,300.37,6.38,D,0
31.46624,72.16087,331.54,0.5,0.49,2023-11-12,744,N,VIIRS,n,2,299.92,5.67,D,0
31.46693,72.17444,329.68,0.49,0.49,2023-11-12,744,N,VIIRS,l,2,299.73,5.48,D,0
31.46805,72.1577,343.12,0.5,0.49,2023-11-12,744,N,VIIRS,n,2,299.83,5.74,D,0
31.46851,72.17114,354.42,0.49,0.49,2023-11-12,744,N,VIIRS,n,2,301.16,8.16,D,0
31.47066,72.15958,329.49,0.5,0.49,2023-11-12,744,N,VIIRS,n,2,299.19,3.39,D,0
31.48117,74.84638,339.58,0.54,0.42,2023-11-12,744,N,VIIRS,n,2,298.95,5.7,D,0
31.49616,72.19032,340.27,0.49,0.49,2023-11-12,744,N,VIIRS,n,2,301.56,15.52,D,0
31.49945,72.18392,340.43,0.49,0.49,2023-11-12,744,N,VIIRS,n,2,300.46,13.8,D,0
31.50057,72.18903,348.08,0.49,0.49,2023-11-12,744,N,VIIRS,n,2,300.41,15.52,D,0
31.51082,73.54494,333.72,0.42,0.45,2023-11-12,744,N,VIIRS,n,2,299.24,2.4,D,0
31.52158,73.91237,336.98,0.4,0.44,2023-11-12,744,N,VIIRS,n,2,299.24,2.42,D,0
31.52254,72.16077,337.21,0.49,0.49,2023-11-12,744,N,VIIRS,n,2,301.21,4.53,D,0
31.52694,72.15948,330.36,0.49,0.49,2023-11-12,744,N,VIIRS,n,2,299,3.49,D,0
31.53251,72.20686,346.14,0.49,0.49,2023-11-12,744,N,VIIRS,n,2,300.02,10.2,D,0
31.53799,72.18893,355.1,0.49,0.49,2023-11-12,744,N,VIIRS,n,2,300.32,12.54,D,0
31.54019,73.75315,349.41,0.4,0.45,2023-11-12,744,N,VIIRS,n,2,302.25,5.34,D,0
31.54398,73.36126,343.68,0.42,0.46,2023-11-12,744,N,VIIRS,n,2,299.37,7.27,D,0
31.54422,73.75204,347.77,0.4,0.45,2023-11-12,744,N,VIIRS,n,2,298.36,5.34,D,0
31.54641,72.76525,334.59,0.46,0.47,2023-11-12,744,N,VIIRS,n,2,296.31,5.14,D,0
31.55008,72.15813,336.16,0.49,0.49,2023-11-12,744,N,VIIRS,n,2,299.59,3.33,D,0
31.55068,72.76403,340.87,0.46,0.47,2023-11-12,744,N,VIIRS,n,2,293.59,5.14,D,0
31.56443,73.95713,331.02,0.39,0.44,2023-11-12,744,N,VIIRS,n,2,298.66,1.83,D,0
31.5666,72.14779,345.86,0.49,0.49,2023-11-12,744,N,VIIRS,n,2,300.17,6.13,D,0
31.56717,72.79951,342.82,0.45,0.47,2023-11-12,744,N,VIIRS,n,2,300.08,13.45,D,0
31.59384,70.9527,339.32,0.58,0.52,2023-11-12,744,N,VIIRS,n,2,299.36,5.9,D,0
31.5986,70.99586,331.07,0.57,0.52,2023-11-12,744,N,VIIRS,n,2,298.44,3.02,D,0
31.59888,72.36447,342.16,0.48,0.48,2023-11-12,744,N,VIIRS,n,2,298.15,6.88,D,0
31.60244,73.39142,328.64,0.42,0.45,2023-11-12,744,N,VIIRS,n,2,298.26,2.31,D,0
31.60623,72.14955,331.96,0.49,0.49,2023-11-12,744,N,VIIRS,n,2,298.49,3.31,D,0
31.60891,73.73937,328.36,0.4,0.45,2023-11-12,744,N,VIIRS,n,2,298.76,1.2,D,0
31.61826,73.36005,329.28,0.42,0.45,2023-11-12,744,N,VIIRS,n,2,297.34,1.77,D,0
31.62499,72.17126,331.01,0.49,0.49,2023-11-12,744,N,VIIRS,n,2,298.05,3.07,D,0
31.6316,72.18017,342.94,0.49,0.49,2023-11-12,744,N,VIIRS,n,2,299.85,10.3,D,0
31.63299,73.64782,340.57,0.41,0.45,2023-11-12,744,N,VIIRS,n,2,301.68,3.38,D,0
31.63381,72.19036,350.23,0.49,0.49,2023-11-12,744,N,VIIRS,n,2,300.05,9.64,D,0
31.63759,72.54697,331.15,0.47,0.48,2023-11-12,744,N,VIIRS,n,2,295.9,2.61,D,0
31.65136,72.22842,330.54,0.49,0.48,2023-11-12,744,N,VIIRS,n,2,298.57,1.65,D,0
31.68005,72.17524,331.27,0.49,0.49,2023-11-12,744,N,VIIRS,n,2,298.25,4.49,D,0
31.68968,72.21176,336.92,0.49,0.48,2023-11-12,744,N,VIIRS,n,2,299.8,4.25,D,0
31.69225,72.20947,341.44,0.49,0.48,2023-11-12,744,N,VIIRS,n,2,301.08,8,D,0
31.70396,74.7014,330.15,0.54,0.42,2023-11-12,744,N,VIIRS,n,2,298.51,3.54,D,0
31.70987,72.24731,343.29,0.48,0.48,2023-11-12,744,N,VIIRS,n,2,301.08,6.13,D,0
31.71246,74.20975,341.26,0.57,0.43,2023-11-12,744,N,VIIRS,n,2,299.53,5.23,D,0
31.72177,73.48335,340.32,0.41,0.45,2023-11-12,744,N,VIIRS,n,2,298.8,4.64,D,0
31.7461,73.75075,333.1,0.4,0.44,2023-11-12,744,N,VIIRS,n,2,298.61,2.26,D,0
31.7492,74.37361,331.83,0.56,0.43,2023-11-12,744,N,VIIRS,n,2,298.79,4.15,D,0
31.75078,73.25846,339.24,0.43,0.46,2023-11-12,744,N,VIIRS,n,2,299.38,5.05,D,0
31.75162,73.43014,339.77,0.42,0.45,2023-11-12,744,N,VIIRS,n,2,298.69,3,D,0
31.75994,73.30269,332.78,0.42,0.45,2023-11-12,744,N,VIIRS,n,2,299.33,2.34,D,0
31.76687,73.50362,334.23,0.41,0.45,2023-11-12,744,N,VIIRS,n,2,299.28,3.33,D,0
31.76839,73.4484,334.06,0.42,0.45,2023-11-12,744,N,VIIRS,n,2,297.91,1.75,D,0
31.77321,73.30363,329.97,0.42,0.45,2023-11-12,744,N,VIIRS,n,2,296.97,1.18,D,0
31.78902,73.50655,331.76,0.41,0.45,2023-11-12,744,N,VIIRS,n,2,298.61,2.65,D,0
31.80586,73.2907,328.6,0.42,0.45,2023-11-12,744,N,VIIRS,n,2,299.36,2.36,D,0
31.81739,72.33811,334.05,0.48,0.48,2023-11-12,744,N,VIIRS,n,2,299.8,3.59,D,0
31.82107,73.57906,331.71,0.41,0.45,2023-11-12,744,N,VIIRS,n,2,298.95,2.83,D,0
31.82396,73.61419,332.43,0.41,0.45,2023-11-12,744,N,VIIRS,n,2,296.25,2.42,D,0
31.82822,73.25166,342.42,0.42,0.46,2023-11-12,744,N,VIIRS,n,2,298.58,4.18,D,0
31.83184,73.22714,346.74,0.43,0.46,2023-11-12,744,N,VIIRS,n,2,298.5,4.87,D,0
31.83276,73.23158,335.38,0.43,0.46,2023-11-12,744,N,VIIRS,n,2,296.14,4.87,D,0
31.84202,73.44229,334.71,0.41,0.45,2023-11-12,744,N,VIIRS,n,2,295.5,2.01,D,0
31.84455,73.44077,341.36,0.41,0.45,2023-11-12,744,N,VIIRS,n,2,295.42,2.69,D,0
31.8461,73.44115,331.5,0.41,0.45,2023-11-12,744,N,VIIRS,n,2,295.47,2.04,D,0
31.8721,74.27656,336.04,0.56,0.43,2023-11-12,744,N,VIIRS,n,2,300.08,5.34,D,0
31.87266,73.23435,327.56,0.42,0.46,2023-11-12,744,N,VIIRS,l,2,297.84,3.87,D,0
31.87369,74.26372,333.55,0.56,0.43,2023-11-12,744,N,VIIRS,n,2,299.97,4.32,D,0
31.89597,74.29907,332.07,0.56,0.43,2023-11-12,744,N,VIIRS,n,2,298.23,3.32,D,0
31.89622,74.29475,331.9,0.56,0.43,2023-11-12,744,N,VIIRS,n,2,298.6,4.14,D,0
31.93885,74.28748,333.76,0.56,0.43,2023-11-12,744,N,VIIRS,n,2,298.75,3.6,D,0
31.94038,74.33627,332.38,0.56,0.43,2023-11-12,744,N,VIIRS,n,2,298.03,3.77,D,0
31.94947,73.81827,333.99,0.39,0.44,2023-11-12,744,N,VIIRS,n,2,294.72,3.22,D,0
32.03843,73.37993,331.32,0.41,0.45,2023-11-12,744,N,VIIRS,n,2,296.46,2.25,D,0
32.04251,73.37876,329.73,0.41,0.45,2023-11-12,744,N,VIIRS,n,2,296.47,2.25,D,0
32.08694,73.44009,335.96,0.41,0.45,2023-11-12,744,N,VIIRS,n,2,295.68,4.99,D,0
32.10319,73.43549,329.27,0.41,0.45,2023-11-12,744,N,VIIRS,n,2,296.73,2.21,D,0
32.11616,73.54014,327.54,0.4,0.45,2023-11-12,744,N,VIIRS,n,2,297.69,2.01,D,0
32.14842,73.40451,328.47,0.41,0.45,2023-11-12,744,N,VIIRS,n,2,297.61,1.83,D,0
32.21033,72.76929,329.02,0.44,0.46,2023-11-12,744,N,VIIRS,n,2,298.63,2.17,D,0
32.21713,72.8017,340.23,0.44,0.46,2023-11-12,744,N,VIIRS,n,2,298.58,4.32,D,0
32.65363,74.63954,325.65,0.52,0.42,2023-11-12,744,N,VIIRS,l,2,296.63,2.19,D,0
32.72802,73.35518,332.74,0.4,0.44,2023-11-12,744,N,VIIRS,n,2,295.13,2.63,D,0
33.48857,75.94926,326.76,0.45,0.39,2023-11-12,744,N,VIIRS,n,2,290.79,3.34,D,0
33.49125,75.9437,348.93,0.45,0.39,2023-11-12,744,N,VIIRS,n,2,304.78,21.69,D,0
34.05867,71.96706,325.58,0.45,0.47,2023-11-12,745,N,VIIRS,l,2,297.47,2.06,D,0
23.84332,70.32442,339.07,0.63,0.72,2023-11-12,923,N,VIIRS,n,2,305.47,4.87,D,0
24.1678,67.55853,339.41,0.43,0.62,2023-11-12,923,N,VIIRS,n,2,305.71,2.52,D,0
24.82957,67.7293,367,0.45,0.63,2023-11-12,923,N,VIIRS,h,2,310.36,13.41,D,0
25.05021,67.49599,336.41,0.44,0.62,2023-11-12,923,N,VIIRS,n,2,311.19,3.39,D,2
25.23965,61.98943,342.2,0.4,0.44,2023-11-12,923,N,VIIRS,n,2,314.06,2.75,D,0
26.04853,67.27652,338.18,0.43,0.62,2023-11-12,923,N,VIIRS,n,2,299.17,3.04,D,0
27.36333,62.77673,332.17,0.47,0.48,2023-11-12,924,N,VIIRS,n,2,301.49,1.05,D,0
27.93919,67.56537,339.87,0.47,0.64,2023-11-12,924,N,VIIRS,n,2,301.21,2.02,D,0
28.90089,67.58958,332.07,0.48,0.65,2023-11-12,924,N,VIIRS,n,2,302.13,1.69,D,0
28.90485,70.56414,330.72,0.72,0.76,2023-11-12,924,N,VIIRS,n,2,296.87,4.48,D,0
30.86053,70.72596,331.7,0.76,0.77,2023-11-12,925,N,VIIRS,n,2,294.47,6.05,D,0
31.12034,77.47721,309.14,0.47,0.48,2023-11-12,2007,N,VIIRS,n,2,280,1.66,N,0
31.12422,77.48319,298.59,0.47,0.48,2023-11-12,2007,N,VIIRS,n,2,279.11,1.66,N,0
31.12468,77.47854,307.81,0.47,0.48,2023-11-12,2007,N,VIIRS,n,2,280.41,1.66,N,0
31.61766,74.37437,300.93,0.36,0.58,2023-11-12,2007,N,VIIRS,n,2,286.02,0.36,N,2
31.62997,74.42667,297.55,0.36,0.57,2023-11-12,2007,N,VIIRS,n,2,285.79,0.28,N,2
31.64466,74.15301,298.04,0.37,0.58,2023-11-12,2007,N,VIIRS,n,2,285.88,0.41,N,0
31.68008,73.96715,302.59,0.38,0.59,2023-11-12,2007,N,VIIRS,n,2,286.47,0.66,N,0
32.02301,77.36286,295.12,0.49,0.49,2023-11-12,2007,N,VIIRS,n,2,278.91,0.47,N,0
32.08651,74.16344,297.21,0.38,0.59,2023-11-12,2007,N,VIIRS,n,2,286.43,0.42,N,2
32.88781,71.61542,304.2,0.54,0.68,2023-11-12,2007,N,VIIRS,n,2,287.56,0.83,N,2
32.89039,71.61559,303.08,0.54,0.68,2023-11-12,2007,N,VIIRS,n,2,287.65,1.26,N,2
33.09023,73.08776,296.35,0.45,0.63,2023-11-12,2007,N,VIIRS,n,2,283.28,0.31,N,0
33.69043,72.71041,300.59,0.47,0.64,2023-11-12,2007,N,VIIRS,n,2,286.28,0.82,N,2
33.79897,72.09742,295.08,0.52,0.66,2023-11-12,2007,N,VIIRS,n,2,284.86,0.46,N,0
33.80119,72.09821,295.93,0.51,0.66,2023-11-12,2007,N,VIIRS,n,2,285.15,0.71,N,0
33.85866,72.86138,295.93,0.47,0.64,2023-11-12,2007,N,VIIRS,n,2,285.48,0.37,N,0
29.46025,76.8636,302.55,0.49,0.49,2023-11-12,2008,N,VIIRS,n,2,289.29,0.91,N,2
29.65346,75.41013,296.16,0.6,0.53,2023-11-12,2008,N,VIIRS,n,2,285.57,3.33,N,0
29.65402,75.40383,337.59,0.6,0.53,2023-11-12,2008,N,VIIRS,n,2,287.54,7.11,N,0
29.91084,74.94598,319.23,0.32,0.55,2023-11-12,2008,N,VIIRS,n,2,286.74,1.07,N,2
29.92042,74.95393,302.9,0.32,0.55,2023-11-12,2008,N,VIIRS,n,2,292.11,1.33,N,2
30.03865,76.31657,325.34,0.54,0.51,2023-11-12,2008,N,VIIRS,n,2,286.22,3.19,N,0
30.04333,76.31718,337.72,0.54,0.51,2023-11-12,2008,N,VIIRS,n,2,289.61,5,N,0
30.54927,76.1049,339.07,0.56,0.51,2023-11-12,2008,N,VIIRS,n,2,290.96,19.93,N,0
23.93928,73.04652,299.35,0.36,0.58,2023-11-12,2009,N,VIIRS,n,2,285.15,0.66,N,0
24.6617,74.63602,296.15,0.59,0.53,2023-11-12,2009,N,VIIRS,n,2,285.19,1.73,N,2
25.28798,77.04656,300.71,0.43,0.46,2023-11-12,2009,N,VIIRS,n,2,287.2,0.33,N,0
25.9796,76.74275,298.13,0.45,0.47,2023-11-12,2009,N,VIIRS,n,2,286.9,0.41,N,0
25.98393,76.74338,299.43,0.45,0.47,2023-11-12,2009,N,VIIRS,n,2,287.45,0.34,N,0
26.18682,72.93839,307.71,0.39,0.59,2023-11-12,2009,N,VIIRS,n,2,286.07,1.07,N,0
26.18748,72.94084,316.81,0.39,0.59,2023-11-12,2009,N,VIIRS,n,2,285.83,1.07,N,0
26.18782,72.93687,299.46,0.39,0.59,2023-11-12,2009,N,VIIRS,n,2,286.07,1.07,N,0
26.19234,72.93903,313.53,0.39,0.59,2023-11-12,2009,N,VIIRS,n,2,286.11,1.07,N,0
26.259,74.09458,303.17,0.33,0.55,2023-11-12,2009,N,VIIRS,n,2,290.55,0.65,N,0
26.26604,74.18742,303.36,0.33,0.55,2023-11-12,2009,N,VIIRS,n,2,292.25,0.72,N,2
26.27115,74.18799,305.24,0.33,0.55,2023-11-12,2009,N,VIIRS,n,2,292.27,1.06,N,2
32.89022,71.61797,311.33,0.4,0.6,2023-11-12,2147,N,VIIRS,n,2,288.72,0.75,N,2
33.09286,73.08967,300.2,0.48,0.64,2023-11-12,2147,N,VIIRS,n,2,283.04,0.57,N,0
33.4078,71.94087,296.91,0.41,0.6,2023-11-12,2147,N,VIIRS,n,2,284.45,0.4,N,0
33.82832,72.83125,296.6,0.44,0.63,2023-11-12,2147,N,VIIRS,n,2,284.79,0.63,N,2
33.85725,72.86424,295.15,0.44,0.63,2023-11-12,2147,N,VIIRS,n,2,284.59,0.5,N,0
35.4876,62.98867,327.87,0.41,0.37,2023-11-12,2147,N,VIIRS,n,2,278.86,3.14,N,0
35.99223,62.78052,295.05,0.4,0.37,2023-11-12,2147,N,VIIRS,n,2,280.25,0.4,N,0
36.89722,62.47365,296.24,0.39,0.36,2023-11-12,2147,N,VIIRS,n,2,279.28,0.34,N,0
37.03281,62.42042,295.49,0.39,0.36,2023-11-12,2147,N,VIIRS,n,2,280.48,3.3,N,2
37.03354,62.41606,314.13,0.39,0.36,2023-11-12,2147,N,VIIRS,n,2,281.66,3.3,N,2
29.64922,75.41079,301.73,0.78,0.78,2023-11-12,2148,N,VIIRS,n,2,284.96,1.85,N,0
29.65156,75.4028,301.34,0.78,0.78,2023-11-12,2148,N,VIIRS,n,2,285.22,1.85,N,0
29.65847,75.4055,299.5,0.78,0.78,2023-11-12,2148,N,VIIRS,n,2,285.47,2.55,N,0
29.90768,74.95228,319.97,0.72,0.76,2023-11-12,2148,N,VIIRS,n,2,286.13,3.11,N,2
30.99724,71.94635,300.61,0.46,0.64,2023-11-12,2148,N,VIIRS,n,2,283.55,0.98,N,0
31.00066,71.952,296.79,0.46,0.64,2023-11-12,2148,N,VIIRS,n,2,284.3,0.84,N,0
31.02063,70.03981,300.94,0.36,0.58,2023-11-12,2148,N,VIIRS,n,2,282.54,0.54,N,0
31.02569,70.04195,295.6,0.36,0.58,2023-11-12,2148,N,VIIRS,n,2,282.17,0.54,N,0
32.29218,70.73047,304.46,0.37,0.58,2023-11-12,2148,N,VIIRS,n,2,287.46,0.96,N,2
32.29424,70.73359,301.87,0.37,0.58,2023-11-12,2148,N,VIIRS,n,2,288.18,0.53,N,2
26.09508,68.8802,298.39,0.4,0.6,2023-11-12,2149,N,VIIRS,n,2,279.22,0.75,N,2
25.05171,67.49408,298.53,0.35,0.56,2023-11-12,2150,N,VIIRS,n,2,267.28,0.38,N,2
25.05286,67.49414,296.81,0.35,0.56,2023-11-12,2150,N,VIIRS,n,2,266.02,1.44,N,2
25.13748,66.91315,298.4,0.32,0.54,2023-11-12,2150,N,VIIRS,n,2,284.97,0.97,N,2
25.40215,68.5661,297.13,0.4,0.6,2023-11-12,2150,N,VIIRS,n,2,274.62,0.7,N,2
25.63639,68.54948,304.92,0.39,0.59,2023-11-12,2150,N,VIIRS,n,2,284,0.54,N,0
25.79165,68.69863,300.46,0.39,0.6,2023-11-12,2150,N,VIIRS,n,2,282.66,0.5,N,2
25.79705,68.7002,300.8,0.39,0.6,2023-11-12,2150,N,VIIRS,n,2,282.33,0.5,N,2
24.50596,77.37447,334.91,0.33,0.55,2023-11-13,723,N,VIIRS,n,2,303.57,2.31,D,0
24.7311,77.14527,337.05,0.33,0.55,2023-11-13,723,N,VIIRS,n,2,305.61,2.27,D,0
24.77954,77.06481,333.98,0.34,0.56,2023-11-13,723,N,VIIRS,n,2,302.2,1.9,D,0
24.81144,74.31234,329.27,0.49,0.65,2023-11-13,723,N,VIIRS,n,2,299.72,2.08,D,0
24.97229,77.36863,338.77,0.32,0.54,2023-11-13,723,N,VIIRS,n,2,304.18,6.88,D,0
25.03427,76.61494,330.94,0.35,0.57,2023-11-13,723,N,VIIRS,n,2,301.43,1.76,D,0
25.69258,77.07116,331.27,0.32,0.55,2023-11-13,724,N,VIIRS,n,2,296.23,2.5,D,0
25.86556,76.67169,333.78,0.34,0.56,2023-11-13,724,N,VIIRS,n,2,302.17,1.72,D,0
26.54968,76.70437,330.13,0.32,0.55,2023-11-13,724,N,VIIRS,n,2,297.14,2.66,D,0
26.55376,76.70344,339.42,0.32,0.55,2023-11-13,724,N,VIIRS,n,2,296.59,4.33,D,0
27.88548,77.43341,344.95,0.55,0.51,2023-11-13,724,N,VIIRS,n,2,301.2,17.52,D,0
28.67565,76.50126,332.34,0.6,0.53,2023-11-13,724,N,VIIRS,n,2,296.63,5.91,D,0
28.90742,76.37446,332.67,0.6,0.53,2023-11-13,724,N,VIIRS,n,2,299.35,3.29,D,0
29.0187,76.40512,334.19,0.6,0.53,2023-11-13,724,N,VIIRS,n,2,296.32,4.59,D,0
29.36115,73.96245,350.9,0.41,0.6,2023-11-13,725,N,VIIRS,n,2,302.28,7.4,D,0
29.38811,74.02496,345.32,0.4,0.6,2023-11-13,725,N,VIIRS,n,2,303.96,5.5,D,0
29.43606,74.03211,346.16,0.4,0.6,2023-11-13,725,N,VIIRS,n,2,299.52,3.4,D,0
29.43644,74.03184,339.37,0.4,0.6,2023-11-13,725,N,VIIRS,n,2,299.54,3.63,D,0
29.46162,74.92817,330.01,0.36,0.57,2023-11-13,725,N,VIIRS,n,2,298.07,1.74,D,0
29.48078,77.47861,336.87,0.51,0.49,2023-11-13,725,N,VIIRS,n,2,296.62,4.37,D,0
29.49488,74.15319,335.86,0.39,0.6,2023-11-13,725,N,VIIRS,n,2,300.23,2.47,D,0
29.53724,74.20873,330.95,0.39,0.59,2023-11-13,725,N,VIIRS,n,2,298.74,2.3,D,0
29.55465,75.32256,351.62,0.34,0.56,2023-11-13,725,N,VIIRS,n,2,299.3,3.91,D,0
29.55544,75.32597,336.84,0.34,0.56,2023-11-13,725,N,VIIRS,n,2,299.76,3.91,D,0
29.57164,74.2321,346.88,0.39,0.59,2023-11-13,725,N,VIIRS,n,2,301.11,4.03,D,0
29.5761,75.61538,345.08,0.32,0.55,2023-11-13,725,N,VIIRS,n,2,299.73,2.26,D,0
29.57729,74.46912,338.2,0.38,0.58,2023-11-13,725,N,VIIRS,n,2,298.48,3.34,D,0
29.57821,74.47295,332.97,0.38,0.58,2023-11-13,725,N,VIIRS,n,2,296.84,3.34,D,0
29.58163,75.91514,336.11,0.62,0.54,2023-11-13,725,N,VIIRS,n,2,300.88,5.05,D,0
29.59126,74.45653,334.47,0.38,0.58,2023-11-13,725,N,VIIRS,n,2,299.01,3.46,D,0
29.6286,71.68317,331.12,0.54,0.68,2023-11-13,725,N,VIIRS,n,2,296.04,2.51,D,0
29.64413,74.45603,336.39,0.38,0.58,2023-11-13,725,N,VIIRS,n,2,300.77,2.97,D,0
29.64765,74.45547,336.21,0.38,0.58,2023-11-13,725,N,VIIRS,n,2,300.93,2.85,D,0
29.64819,75.25426,334.96,0.34,0.56,2023-11-13,725,N,VIIRS,n,2,299.55,2.2,D,0
29.65219,74.46587,331.78,0.37,0.58,2023-11-13,725,N,VIIRS,n,2,300.61,1.94,D,0
29.65922,75.32425,331.14,0.33,0.56,2023-11-13,725,N,VIIRS,n,2,302.25,1.69,D,0
29.69745,75.51065,367,0.33,0.55,2023-11-13,725,N,VIIRS,h,2,304.24,9.42,D,0
29.70291,75.4197,367,0.33,0.55,2023-11-13,725,N,VIIRS,h,2,303.07,8.42,D,0
29.70369,75.42306,367,0.33,0.55,2023-11-13,725,N,VIIRS,h,2,305.04,12.68,D,0
29.71424,75.26,330.6,0.34,0.56,2023-11-13,725,N,VIIRS,n,2,300.12,2.37,D,0
29.73897,75.39084,335.87,0.33,0.55,2023-11-13,725,N,VIIRS,n,2,298.74,1.84,D,0
29.74859,75.40952,346.53,0.33,0.55,2023-11-13,725,N,VIIRS,n,2,301.85,3.7,D,0
29.75033,75.82973,337.19,0.62,0.54,2023-11-13,725,N,VIIRS,n,2,299.27,2.65,D,0
29.7505,75.82945,339.9,0.62,0.54,2023-11-13,725,N,VIIRS,n,2,300.33,16.56,D,0
29.7537,75.3708,333.25,0.33,0.55,2023-11-13,725,N,VIIRS,n,2,300.56,2.99,D,0
29.75586,75.3713,332.75,0.33,0.55,2023-11-13,725,N,VIIRS,n,2,299.96,3.24,D,0
29.77499,75.32458,341.19,0.33,0.55,2023-11-13,725,N,VIIRS,n,2,302.9,2.02,D,0
29.77719,75.94959,337.53,0.61,0.54,2023-11-13,725,N,VIIRS,n,2,303.05,6.64,D,0
29.77812,75.94892,336.55,0.61,0.53,2023-11-13,725,N,VIIRS,n,2,302.21,2.38,D,0
29.79299,75.47004,347.51,0.33,0.55,2023-11-13,725,N,VIIRS,n,2,303.28,2.43,D,0
29.8045,75.15029,336.29,0.34,0.56,2023-11-13,725,N,VIIRS,n,2,302.23,2.75,D,0
29.80962,76.07208,341.51,0.6,0.53,2023-11-13,725,N,VIIRS,n,2,302.44,10.04,D,0
29.81134,76.0711,341.87,0.6,0.53,2023-11-13,725,N,VIIRS,n,2,302.79,6.86,D,0
29.81148,75.54926,330.77,0.32,0.55,2023-11-13,725,N,VIIRS,n,2,301.13,1,D,0
29.81462,75.14722,350.99,0.34,0.56,2023-11-13,725,N,VIIRS,n,2,301.29,4,D,0
29.81555,75.14571,343.03,0.34,0.56,2023-11-13,725,N,VIIRS,n,2,299.8,4.52,D,0
29.81591,76.02382,330.05,0.6,0.53,2023-11-13,725,N,VIIRS,n,2,302.14,3.31,D,0
29.8166,77.48634,330.33,0.5,0.49,2023-11-13,725,N,VIIRS,n,2,298.3,3.07,D,0
29.83154,75.14461,350.08,0.34,0.56,2023-11-13,725,N,VIIRS,n,2,301.45,2.85,D,0
29.86003,75.15071,348.1,0.34,0.56,2023-11-13,725,N,VIIRS,n,2,301.72,3.2,D,0
29.86917,75.57051,339.46,0.32,0.55,2023-11-13,725,N,VIIRS,n,2,301.2,1.98,D,0
29.8715,75.9744,342.74,0.61,0.53,2023-11-13,725,N,VIIRS,n,2,302.04,8.74,D,0
29.8732,75.9721,340.98,0.61,0.53,2023-11-13,725,N,VIIRS,n,2,300.76,8.06,D,0
29.87463,75.97829,339.73,0.61,0.53,2023-11-13,725,N,VIIRS,n,2,299.05,8.06,D,0
29.8772,75.87779,351.3,0.61,0.54,2023-11-13,725,N,VIIRS,n,2,303.58,11.77,D,0
29.88023,75.54971,340.39,0.32,0.55,2023-11-13,725,N,VIIRS,n,2,301.3,2.2,D,0
29.88091,75.87833,341.69,0.61,0.54,2023-11-13,725,N,VIIRS,n,2,304.15,18.77,D,0
29.89243,75.05032,351.78,0.34,0.56,2023-11-13,725,N,VIIRS,n,2,300.01,3.89,D,0
29.89623,75.05016,344.55,0.34,0.56,2023-11-13,725,N,VIIRS,n,2,298.45,2.1,D,0
29.89881,75.40819,336.93,0.33,0.55,2023-11-13,725,N,VIIRS,n,2,300.75,2.7,D,0
29.90458,75.56877,330.83,0.32,0.55,2023-11-13,725,N,VIIRS,n,2,299.01,2.77,D,0
29.90517,75.5667,350.25,0.32,0.55,2023-11-13,725,N,VIIRS,n,2,301.02,4.56,D,0
29.92342,75.46825,341.52,0.32,0.55,2023-11-13,725,N,VIIRS,n,2,298.77,2.28,D,0
29.92453,75.45023,335.37,0.32,0.55,2023-11-13,725,N,VIIRS,n,2,299.32,1.5,D,0
29.92621,75.95648,343.12,0.61,0.53,2023-11-13,725,N,VIIRS,n,2,302.88,15.92,D,0
29.92792,75.03946,367,0.34,0.56,2023-11-13,725,N,VIIRS,h,2,299.68,5.48,D,0
29.92878,75.49134,347.61,0.32,0.55,2023-11-13,725,N,VIIRS,n,2,301.08,3.74,D,0
29.92908,75.67221,334.14,0.63,0.54,2023-11-13,725,N,VIIRS,n,2,300.51,5.24,D,0
29.92913,72.8812,351.91,0.45,0.63,2023-11-13,725,N,VIIRS,n,2,298.12,5.55,D,0
29.9299,75.67713,331.08,0.63,0.54,2023-11-13,725,N,VIIRS,n,2,299.83,2.72,D,0
29.93011,72.87981,338.44,0.46,0.63,2023-11-13,725,N,VIIRS,n,2,297.34,4.53,D,0
29.93228,75.0118,343.33,0.34,0.56,2023-11-13,725,N,VIIRS,n,2,300.04,3.23,D,0
29.93313,75.75809,340.42,0.62,0.54,2023-11-13,725,N,VIIRS,n,2,302.88,13.01,D,0
29.93326,75.75987,345.43,0.62,0.54,2023-11-13,725,N,VIIRS,n,2,303.01,7.85,D,0
29.93561,75.90723,341.86,0.61,0.53,2023-11-13,725,N,VIIRS,n,2,302.7,4.61,D,0
29.94043,75.9058,336.69,0.61,0.53,2023-11-13,725,N,VIIRS,n,2,300.56,3.28,D,0
29.9473,75.16738,331.3,0.34,0.56,2023-11-13,725,N,VIIRS,n,2,299.74,2.65,D,0
29.9481,75.17081,340.37,0.34,0.56,2023-11-13,725,N,VIIRS,n,2,298.55,3.95,D,0
29.94931,75.53439,332.09,0.32,0.55,2023-11-13,725,N,VIIRS,n,2,299.48,2.29,D,0
29.94956,75.69355,331.42,0.63,0.54,2023-11-13,725,N,VIIRS,n,2,300.33,3.75,D,0
29.95529,75.83445,332.61,0.62,0.54,2023-11-13,725,N,VIIRS,n,2,302.83,5.03,D,0
29.95541,75.46922,335.05,0.32,0.55,2023-11-13,725,N,VIIRS,n,2,298.88,1.49,D,0
29.95565,75.83246,333.07,0.61,0.54,2023-11-13,725,N,VIIRS,n,2,302.2,3.77,D,0
29.9587,75.98646,340.82,0.6,0.53,2023-11-13,725,N,VIIRS,n,2,300.61,8.73,D,0
29.95955,74.66495,333.72,0.36,0.57,2023-11-13,725,N,VIIRS,n,2,299.16,1.83,D,0
29.9603,75.69547,338.62,0.63,0.54,2023-11-13,725,N,VIIRS,n,2,302.39,6.26,D,0
29.96095,75.31631,338.24,0.33,0.55,2023-11-13,725,N,VIIRS,n,2,301.35,2.01,D,0
29.96267,75.66048,341.3,0.63,0.54,2023-11-13,725,N,VIIRS,n,2,298.62,6.29,D,0
29.96297,75.31689,339.94,0.33,0.55,2023-11-13,725,N,VIIRS,n,2,300.28,2.26,D,0
29.96439,74.42672,334.21,0.37,0.58,2023-11-13,725,N,VIIRS,n,2,297.25,1.59,D,0
29.96716,75.09096,332.96,0.34,0.56,2023-11-13,725,N,VIIRS,n,2,299.81,2.82,D,0
29.96742,75.16125,367,0.34,0.56,2023-11-13,725,N,VIIRS,h,2,300.37,4.86,D,0
29.96744,74.42535,332.16,0.37,0.58,2023-11-13,725,N,VIIRS,n,2,295.99,0.83,D,0
29.96755,75.95745,334.85,0.6,0.53,2023-11-13,725,N,VIIRS,n,2,300.38,5.54,D,0
29.96855,75.30318,340.04,0.33,0.55,2023-11-13,725,N,VIIRS,n,2,301.22,2.82,D,0
29.97141,75.44668,344.89,0.32,0.55,2023-11-13,725,N,VIIRS,n,2,300.86,3.05,D,0
29.97531,76.06004,341.5,0.6,0.53,2023-11-13,725,N,VIIRS,n,2,303.3,7.57,D,0
29.9755,75.73869,344.51,0.62,0.54,2023-11-13,725,N,VIIRS,n,2,302.76,8.46,D,0
29.97718,75.95458,331.8,0.6,0.53,2023-11-13,725,N,VIIRS,n,2,300.67,4.07,D,0
29.97843,75.81896,330.73,0.62,0.54,2023-11-13,725,N,VIIRS,n,2,301.11,2.44,D,0
29.97972,75.95842,337.37,0.6,0.53,2023-11-13,725,N,VIIRS,n,2,300.6,3.77,D,0
29.97985,75.68963,341.52,0.63,0.54,2023-11-13,725,N,VIIRS,n,2,302.49,18.18,D,0
29.98131,74.75619,330.86,0.35,0.57,2023-11-13,725,N,VIIRS,n,2,299.06,1.41,D,0
29.98226,74.85258,332.9,0.35,0.57,2023-11-13,725,N,VIIRS,n,2,298.93,2.18,D,0
29.98425,75.70882,344.68,0.62,0.54,2023-11-13,725,N,VIIRS,n,2,302.15,12.01,D,0
29.98448,75.2111,367,0.33,0.56,2023-11-13,725,N,VIIRS,h,2,299.3,4.73,D,0
29.98493,75.16695,341.33,0.34,0.56,2023-11-13,725,N,VIIRS,n,2,301.19,4.05,D,0
29.98718,75.78942,345.81,0.62,0.54,2023-11-13,725,N,VIIRS,n,2,302,8.39,D,0
29.98827,75.99535,332.93,0.6,0.53,2023-11-13,725,N,VIIRS,n,2,301.2,10.09,D,0
29.98873,75.8914,330.17,0.61,0.53,2023-11-13,725,N,VIIRS,n,2,301,2.91,D,0
29.99018,75.48553,330.25,0.32,0.55,2023-11-13,725,N,VIIRS,l,2,300.28,2.43,D,0
29.9903,75.99023,336.34,0.6,0.53,2023-11-13,725,N,VIIRS,n,2,300.7,14.11,D,0
29.99036,75.48331,334.7,0.32,0.55,2023-11-13,725,N,VIIRS,n,2,300.19,2.69,D,0
29.99093,75.89552,334.51,0.61,0.53,2023-11-13,725,N,VIIRS,n,2,301.29,4.25,D,0
29.99168,75.99638,340.17,0.6,0.53,2023-11-13,725,N,VIIRS,n,2,299.46,14.11,D,0
29.99201,75.03478,367,0.34,0.56,2023-11-13,725,N,VIIRS,h,2,300.99,3.97,D,0
29.99246,75.31397,335.34,0.33,0.55,2023-11-13,725,N,VIIRS,n,2,299.04,2.65,D,0
29.99305,75.035,367,0.34,0.56,2023-11-13,725,N,VIIRS,h,2,300.46,4.64,D,0
29.99307,75.99394,341.91,0.6,0.53,2023-11-13,725,N,VIIRS,n,2,300.32,10.09,D,0
29.99395,74.53432,332.02,0.36,0.58,2023-11-13,725,N,VIIRS,n,2,299.3,2.29,D,0
29.99424,75.06773,348.13,0.34,0.56,2023-11-13,725,N,VIIRS,n,2,301.24,3.41,D,0
29.99596,75.69166,340.09,0.63,0.54,2023-11-13,725,N,VIIRS,n,2,300.58,7.53,D,0
29.9975,74.93946,352.08,0.35,0.56,2023-11-13,725,N,VIIRS,n,2,300.32,6.45,D,0
29.99824,75.86002,335.28,0.61,0.54,2023-11-13,725,N,VIIRS,n,2,302.44,4.69,D,0
29.99834,75.79284,334.66,0.62,0.54,2023-11-13,725,N,VIIRS,n,2,301.3,2.79,D,0
30.00075,74.51615,336.42,0.37,0.58,2023-11-13,725,N,VIIRS,n,2,300.46,5.12,D,0
30.00127,75.12135,356.75,0.34,0.56,2023-11-13,725,N,VIIRS,n,2,302.32,4.31,D,0
30.00227,75.76465,335.2,0.62,0.54,2023-11-13,725,N,VIIRS,n,2,302.31,3.92,D,0
30.00351,74.89578,335.64,0.35,0.57,2023-11-13,725,N,VIIRS,n,2,300.35,1.82,D,0
30.00448,75.13517,332.37,0.34,0.56,2023-11-13,725,N,VIIRS,n,2,299.7,0.99,D,0
30.00471,76.03178,330.37,0.6,0.53,2023-11-13,725,N,VIIRS,n,2,300.71,3.33,D,0
30.00718,75.19319,367,0.33,0.56,2023-11-13,725,N,VIIRS,h,2,302.62,7.49,D,0
30.00956,74.82876,333.8,0.35,0.57,2023-11-13,725,N,VIIRS,n,2,301.06,3.08,D,0
30.00991,75.03733,336.23,0.34,0.56,2023-11-13,725,N,VIIRS,n,2,301.38,2.44,D,0
30.01041,74.83235,341.06,0.35,0.57,2023-11-13,725,N,VIIRS,n,2,301.22,3.08,D,0
30.01047,74.53317,344.68,0.36,0.58,2023-11-13,725,N,VIIRS,n,2,300.7,3.24,D,0
30.01055,75.11478,367,0.34,0.56,2023-11-13,725,N,VIIRS,h,2,300.92,5.41,D,0
30.01156,75.53168,367,0.32,0.54,2023-11-13,725,N,VIIRS,h,2,300.26,6.99,D,0
30.01159,75.09593,332.37,0.34,0.56,2023-11-13,725,N,VIIRS,n,2,299.33,1.75,D,0
30.0121,75.11476,353.67,0.34,0.56,2023-11-13,725,N,VIIRS,n,2,300.17,4.48,D,0
30.01218,75.53291,367,0.32,0.55,2023-11-13,725,N,VIIRS,h,2,301.06,6.82,D,0
30.01607,75.06849,345.95,0.34,0.56,2023-11-13,725,N,VIIRS,n,2,301.14,3.93,D,0
30.01736,75.06866,347.01,0.34,0.56,2023-11-13,725,N,VIIRS,n,2,299.75,3.65,D,0
30.01818,74.63425,340.79,0.36,0.57,2023-11-13,725,N,VIIRS,n,2,298.49,2.5,D,0
30.01902,74.63459,343.85,0.36,0.57,2023-11-13,725,N,VIIRS,n,2,298.5,2.76,D,0
30.02295,74.93167,342.51,0.35,0.56,2023-11-13,725,N,VIIRS,n,2,299.26,2.95,D,0
30.02323,74.81683,345.64,0.35,0.57,2023-11-13,725,N,VIIRS,n,2,299.9,2.82,D,0
30.02509,75.0327,330.18,0.34,0.56,2023-11-13,725,N,VIIRS,n,2,300.33,0.87,D,0
30.0259,74.73461,335.19,0.35,0.57,2023-11-13,725,N,VIIRS,n,2,299.53,1.52,D,0
30.02711,76.07517,330.89,0.59,0.53,2023-11-13,725,N,VIIRS,n,2,302.27,3.05,D,0
30.03263,74.81007,347.01,0.35,0.57,2023-11-13,725,N,VIIRS,n,2,298.39,2.58,D,0
30.03385,75.19238,346.13,0.33,0.56,2023-11-13,725,N,VIIRS,n,2,301.01,2.45,D,0
30.03555,75.6592,357.31,0.63,0.54,2023-11-13,725,N,VIIRS,n,2,303.13,19.8,D,0
30.03574,75.65764,343.23,0.63,0.54,2023-11-13,725,N,VIIRS,n,2,303.82,13.78,D,0
30.0359,75.19213,349.88,0.33,0.56,2023-11-13,725,N,VIIRS,n,2,299.9,3.98,D,0
30.03592,73.3481,356.51,0.43,0.62,2023-11-13,725,N,VIIRS,n,2,299.48,7,D,0
30.03635,74.64046,338.39,0.36,0.57,2023-11-13,725,N,VIIRS,n,2,301.37,2.96,D,0
30.03775,74.80848,343.41,0.35,0.57,2023-11-13,725,N,VIIRS,n,2,299.09,2.67,D,0
30.03883,75.513,345.87,0.32,0.55,2023-11-13,725,N,VIIRS,n,2,298.94,2.72,D,0
30.03915,76.32228,333.08,0.57,0.52,2023-11-13,725,N,VIIRS,n,2,301.44,2.35,D,0
30.03966,73.34651,345.9,0.43,0.62,2023-11-13,725,N,VIIRS,n,2,297.36,4.38,D,0
30.04099,74.86897,333.23,0.35,0.57,2023-11-13,725,N,VIIRS,n,2,297.98,2.54,D,0
30.04182,74.87254,330.28,0.35,0.57,2023-11-13,725,N,VIIRS,n,2,297.63,3.41,D,0
30.04208,74.78004,335.22,0.35,0.57,2023-11-13,725,N,VIIRS,n,2,300.41,2.59,D,0
30.04214,74.77924,334.45,0.35,0.57,2023-11-13,725,N,VIIRS,n,2,300.03,2.94,D,0
30.04332,74.5069,350.4,0.37,0.58,2023-11-13,725,N,VIIRS,n,2,300.45,7.26,D,0
30.04421,74.51062,355.37,0.36,0.58,2023-11-13,725,N,VIIRS,n,2,300.45,10.09,D,0
30.04448,75.9722,337.9,0.6,0.53,2023-11-13,725,N,VIIRS,n,2,303.77,4.57,D,0
30.04909,74.05274,332.52,0.39,0.59,2023-11-13,725,N,VIIRS,n,2,299.91,3.46,D,0
30.05085,76.02271,340.88,0.6,0.53,2023-11-13,725,N,VIIRS,n,2,302.49,4.55,D,0
30.05161,75.33913,345.12,0.33,0.55,2023-11-13,725,N,VIIRS,n,2,301.67,2.48,D,0
30.05221,75.7953,330.25,0.61,0.54,2023-11-13,725,N,VIIRS,n,2,303.58,5.41,D,0
30.0528,75.3674,331.41,0.33,0.55,2023-11-13,725,N,VIIRS,n,2,298.74,1.12,D,0
30.05286,75.50527,355.7,0.32,0.55,2023-11-13,725,N,VIIRS,n,2,299.9,5.78,D,0
30.05361,75.50854,367,0.32,0.55,2023-11-13,725,N,VIIRS,h,2,299.6,5.78,D,0
30.05575,76.06671,342.82,0.59,0.53,2023-11-13,725,N,VIIRS,n,2,302.15,6.53,D,0
30.05602,75.79584,343.26,0.62,0.54,2023-11-13,725,N,VIIRS,n,2,304.4,9.68,D,0
30.0565,75.88934,333.27,0.61,0.53,2023-11-13,725,N,VIIRS,n,2,301,5.23,D,0
30.05706,75.79386,335.94,0.61,0.54,2023-11-13,725,N,VIIRS,n,2,301.86,5.41,D,0
30.05764,76.00763,332.8,0.6,0.53,2023-11-13,725,N,VIIRS,n,2,301.9,4.15,D,0
30.05925,75.08557,330.35,0.34,0.56,2023-11-13,725,N,VIIRS,n,2,300.85,2.27,D,0
30.05998,75.20307,331.74,0.33,0.55,2023-11-13,725,N,VIIRS,n,2,299.04,3.16,D,0
30.06521,76.01846,332.78,0.6,0.53,2023-11-13,725,N,VIIRS,n,2,301.5,4.59,D,0
30.06717,75.14223,350.63,0.34,0.56,2023-11-13,725,N,VIIRS,n,2,300.15,4.08,D,0
30.06812,76.12119,330.52,0.59,0.53,2023-11-13,725,N,VIIRS,n,2,303.35,3.18,D,0
30.06861,75.70927,340.27,0.62,0.54,2023-11-13,725,N,VIIRS,n,2,302.38,6.09,D,0
30.06906,75.68871,342.31,0.62,0.54,2023-11-13,725,N,VIIRS,n,2,302.31,19.75,D,0
30.07348,75.70782,332.12,0.62,0.54,2023-11-13,725,N,VIIRS,n,2,300.1,3.82,D,0
30.07348,76.05502,340.21,0.59,0.53,2023-11-13,725,N,VIIRS,n,2,301.65,7.55,D,0
30.07825,76.0536,343.6,0.59,0.53,2023-11-13,725,N,VIIRS,n,2,302.37,7.55,D,0
30.08303,76.05219,340.81,0.59,0.53,2023-11-13,725,N,VIIRS,n,2,300.62,9.18,D,0
30.08648,76.13506,341.24,0.59,0.53,2023-11-13,725,N,VIIRS,n,2,303.61,5.28,D,0
30.08903,75.41692,336.29,0.32,0.55,2023-11-13,725,N,VIIRS,n,2,299.25,2.55,D,0
30.08961,74.40678,336.92,0.37,0.58,2023-11-13,725,N,VIIRS,n,2,298.97,2.3,D,0
30.09053,75.41637,331.89,0.32,0.55,2023-11-13,725,N,VIIRS,n,2,298.99,2.21,D,0
30.0909,74.86795,332.13,0.35,0.56,2023-11-13,725,N,VIIRS,n,2,298.79,1.74,D,0
30.09145,75.83057,339.17,0.61,0.53,2023-11-13,725,N,VIIRS,n,2,303.23,5.89,D,0
30.09188,76.02358,341.03,0.6,0.53,2023-11-13,725,N,VIIRS,n,2,302.47,5.57,D,0
30.09191,76.069,332.69,0.59,0.53,2023-11-13,725,N,VIIRS,n,2,301.11,2.09,D,0
30.09287,75.16007,331.66,0.33,0.56,2023-11-13,725,N,VIIRS,n,2,298.22,2.18,D,0
30.09304,75.89172,336.4,0.61,0.53,2023-11-13,725,N,VIIRS,n,2,302.53,4.46,D,0
30.09463,76.0358,342.2,0.59,0.53,2023-11-13,725,N,VIIRS,n,2,303.82,8.39,D,0
30.09473,75.88951,335.23,0.61,0.53,2023-11-13,725,N,VIIRS,n,2,302.52,4.47,D,0
30.0979,75.15855,341.15,0.33,0.56,2023-11-13,725,N,VIIRS,n,2,300.18,2.71,D,0
30.09898,75.04735,341.49,0.34,0.56,2023-11-13,725,N,VIIRS,n,2,298.91,2.64,D,0
30.09994,75.01984,332.84,0.34,0.56,2023-11-13,725,N,VIIRS,n,2,297.56,2.38,D,0
30.10173,75.67211,339.15,0.62,0.54,2023-11-13,725,N,VIIRS,n,2,299.87,4.19,D,0
30.10347,76.09785,333.32,0.59,0.53,2023-11-13,725,N,VIIRS,n,2,299.18,3.3,D,0
30.10484,75.04926,350.83,0.34,0.56,2023-11-13,725,N,VIIRS,n,2,299.26,5.27,D,0
30.10532,75.30505,333.4,0.33,0.55,2023-11-13,725,N,VIIRS,n,2,299.35,1.44,D,0
30.10658,75.04762,355.81,0.34,0.56,2023-11-13,725,N,VIIRS,n,2,298.41,4.66,D,0
30.10721,75.51674,367,0.32,0.54,2023-11-13,725,N,VIIRS,h,2,301.2,13.9,D,0
30.10808,75.5165,367,0.32,0.54,2023-11-13,725,N,VIIRS,h,2,301.46,7.09,D,0
30.10826,75.95982,334.62,0.6,0.53,2023-11-13,725,N,VIIRS,n,2,301.17,4.11,D,0
30.11038,75.95743,342.03,0.6,0.53,2023-11-13,725,N,VIIRS,n,2,300.36,4.41,D,0
30.11101,75.97212,333.03,0.6,0.53,2023-11-13,725,N,VIIRS,n,2,301.64,6.18,D,0
30.1117,75.99811,342.11,0.6,0.53,2023-11-13,725,N,VIIRS,n,2,303.57,7.23,D,0
30.11406,75.99561,345.97,0.6,0.53,2023-11-13,725,N,VIIRS,n,2,300.95,7.64,D,0
30.11414,74.50801,334.66,0.36,0.58,2023-11-13,725,N,VIIRS,n,2,299.42,1.86,D,0
30.11462,75.97584,331.23,0.6,0.53,2023-11-13,725,N,VIIRS,n,2,299.71,3.16,D,0
30.11483,75.72939,345.09,0.62,0.54,2023-11-13,725,N,VIIRS,n,2,305.78,19.76,D,0
30.11652,76.07275,330.93,0.59,0.53,2023-11-13,725,N,VIIRS,l,2,302.05,4.09,D,0
30.11824,75.7216,340.34,0.62,0.54,2023-11-13,725,N,VIIRS,n,2,300.07,6.77,D,0
30.11847,76.07408,341.96,0.59,0.53,2023-11-13,725,N,VIIRS,n,2,302.1,4.46,D,0
30.12034,75.16264,367,0.33,0.56,2023-11-13,725,N,VIIRS,h,2,301.23,6.58,D,0
30.12346,75.24545,331.47,0.33,0.55,2023-11-13,725,N,VIIRS,n,2,298.12,0.45,D,0
30.12398,75.09788,337,0.34,0.56,2023-11-13,725,N,VIIRS,n,2,298.82,3.99,D,0
30.12454,75.72646,332.89,0.62,0.54,2023-11-13,725,N,VIIRS,n,2,298.83,6.77,D,0
30.1248,75.10131,348.83,0.34,0.56,2023-11-13,725,N,VIIRS,n,2,298.48,6.32,D,0
30.12693,75.09808,356.24,0.34,0.56,2023-11-13,725,N,VIIRS,n,2,299.42,5.92,D,0
30.12773,75.10154,335.25,0.34,0.56,2023-11-13,725,N,VIIRS,n,2,296.81,5.84,D,0
30.12917,74.33721,331.87,0.37,0.58,2023-11-13,725,N,VIIRS,n,2,297.69,2.62,D,0
30.13009,75.18159,333.58,0.33,0.55,2023-11-13,725,N,VIIRS,n,2,300.98,1.72,D,0
30.13309,75.1135,331.33,0.34,0.56,2023-11-13,725,N,VIIRS,n,2,298.24,3.53,D,0
30.13321,75.98994,331.53,0.6,0.53,2023-11-13,725,N,VIIRS,n,2,302.84,3.72,D,0
30.13368,75.49483,339.91,0.32,0.54,2023-11-13,725,N,VIIRS,n,2,299.08,2.22,D,0
30.13593,75.11375,367,0.34,0.56,2023-11-13,725,N,VIIRS,h,2,299.21,6.91,D,0
30.13812,75.11197,330.2,0.34,0.56,2023-11-13,725,N,VIIRS,n,2,296.61,3.53,D,0
30.13945,74.81853,331.29,0.35,0.57,2023-11-13,725,N,VIIRS,n,2,297.9,1.57,D,0
30.13997,74.47588,340.68,0.36,0.58,2023-11-13,725,N,VIIRS,n,2,297.05,3.35,D,0
30.14058,75.95506,353.07,0.6,0.53,2023-11-13,725,N,VIIRS,n,2,302.45,13.02,D,0
30.14077,74.2676,367,0.38,0.58,2023-11-13,725,N,VIIRS,h,2,302.72,12.77,D,0
30.14331,74.26637,367,0.37,0.58,2023-11-13,725,N,VIIRS,h,2,300.87,13.37,D,0
30.14466,75.542,335.94,0.63,0.54,2023-11-13,725,N,VIIRS,n,2,299.7,10.83,D,0
30.14557,74.29863,336.59,0.37,0.58,2023-11-13,725,N,VIIRS,n,2,297.87,1.92,D,0
30.14736,75.73287,330.57,0.62,0.54,2023-11-13,725,N,VIIRS,n,2,302.21,3.04,D,0
30.1481,74.29832,333.91,0.37,0.58,2023-11-13,725,N,VIIRS,n,2,296.88,1.7,D,0
30.14957,75.54053,330.11,0.63,0.54,2023-11-13,725,N,VIIRS,n,2,298.88,10.83,D,0
30.15363,75.32977,367,0.33,0.55,2023-11-13,725,N,VIIRS,h,2,302.35,7.15,D,0
30.1537,75.83202,333.52,0.61,0.53,2023-11-13,725,N,VIIRS,n,2,300.66,6.16,D,0
30.15462,74.60664,351.55,0.36,0.57,2023-11-13,725,N,VIIRS,n,2,300.24,3.03,D,0
30.15605,75.22454,332.23,0.33,0.55,2023-11-13,725,N,VIIRS,n,2,298.74,2.2,D,0
30.15676,75.07677,331.48,0.34,0.56,2023-11-13,725,N,VIIRS,n,2,296.14,2.09,D,0
30.15922,74.67194,332.29,0.35,0.57,2023-11-13,725,N,VIIRS,n,2,298.91,3.19,D,0
30.15979,74.60503,337.13,0.36,0.57,2023-11-13,725,N,VIIRS,n,2,299.11,3.03,D,0
30.1599,74.62863,331.79,0.36,0.57,2023-11-13,725,N,VIIRS,n,2,299.4,1.63,D,0
30.16002,74.14865,330.67,0.38,0.59,2023-11-13,725,N,VIIRS,n,2,298.4,2.6,D,0
30.16006,74.95267,330.17,0.34,0.56,2023-11-13,725,N,VIIRS,n,2,298.98,1.48,D,0
30.1603,74.90732,331.73,0.34,0.56,2023-11-13,725,N,VIIRS,n,2,300.4,2.2,D,0
30.16125,75.31673,367,0.33,0.55,2023-11-13,725,N,VIIRS,h,2,301.6,5.31,D,0
30.16143,76.04661,339.89,0.59,0.53,2023-11-13,725,N,VIIRS,n,2,300.57,7.47,D,0
30.16611,75.25285,332.77,0.33,0.55,2023-11-13,725,N,VIIRS,n,2,300.79,1.33,D,0
30.16715,75.02907,344.97,0.34,0.56,2023-11-13,725,N,VIIRS,n,2,301.73,3.98,D,0
30.16718,75.91426,341.66,0.6,0.53,2023-11-13,725,N,VIIRS,n,2,304.01,7.48,D,0
30.16871,75.15034,333.94,0.33,0.56,2023-11-13,725,N,VIIRS,n,2,298.51,1.89,D,0
30.17004,75.33187,334.56,0.33,0.55,2023-11-13,725,N,VIIRS,n,2,301.03,1.58,D,0
30.17052,74.71906,337.93,0.35,0.57,2023-11-13,725,N,VIIRS,n,2,298.2,2.27,D,0
30.17113,75.49745,340.46,0.32,0.54,2023-11-13,725,N,VIIRS,n,2,299.51,6.17,D,0
30.1715,74.26577,330.77,0.37,0.58,2023-11-13,725,N,VIIRS,n,2,298.96,2.21,D,0
30.1728,75.77946,340.88,0.61,0.54,2023-11-13,725,N,VIIRS,n,2,302.66,7.55,D,0
30.17296,74.47352,338.55,0.36,0.58,2023-11-13,725,N,VIIRS,n,2,298.23,2.58,D,0
30.17356,75.32948,344.05,0.32,0.55,2023-11-13,725,N,VIIRS,n,2,300.34,2.81,D,0
30.17362,75.77889,340.04,0.61,0.54,2023-11-13,725,N,VIIRS,n,2,301.86,5.09,D,0
30.175,75.33035,330.71,0.33,0.55,2023-11-13,725,N,VIIRS,n,2,298.61,1.58,D,0
30.1755,74.46068,344.09,0.36,0.58,2023-11-13,725,N,VIIRS,n,2,298.94,3.05,D,0
30.17558,74.37511,330.19,0.37,0.58,2023-11-13,725,N,VIIRS,n,2,302.51,1.44,D,0
30.17822,75.28156,335.08,0.33,0.55,2023-11-13,725,N,VIIRS,n,2,298.42,1.58,D,0
30.17869,75.2382,335.15,0.33,0.55,2023-11-13,725,N,VIIRS,n,2,298.6,2.17,D,0
30.17894,75.94363,336.96,0.6,0.53,2023-11-13,725,N,VIIRS,n,2,304.65,4.02,D,0
30.18526,75.24341,367,0.33,0.55,2023-11-13,725,N,VIIRS,h,2,300.14,5.1,D,0
30.18665,76.04561,334.62,0.59,0.53,2023-11-13,725,N,VIIRS,n,2,301.53,4.7,D,0
30.18909,74.19803,367,0.38,0.59,2023-11-13,725,N,VIIRS,h,2,302.6,10.05,D,0
30.18943,75.91367,338.19,0.6,0.53,2023-11-13,725,N,VIIRS,n,2,303.74,5,D,0
30.19024,75.24189,331.67,0.33,0.55,2023-11-13,725,N,VIIRS,n,2,299.75,5.1,D,0
30.19129,75.95309,342.53,0.6,0.53,2023-11-13,725,N,VIIRS,n,2,307.13,18.28,D,0
30.1938,75.05055,351.53,0.34,0.56,2023-11-13,725,N,VIIRS,n,2,296.73,3.4,D,0
30.19607,77.25518,338.77,0.5,0.49,2023-11-13,725,N,VIIRS,n,2,299.64,8.03,D,0
30.19618,76.04279,342.62,0.59,0.53,2023-11-13,725,N,VIIRS,n,2,303.66,5.93,D,0
30.19647,75.40411,335.8,0.32,0.55,2023-11-13,725,N,VIIRS,n,2,298.67,1.53,D,0
30.19703,75.06439,367,0.34,0.56,2023-11-13,725,N,VIIRS,h,2,296.58,5.81,D,0
30.1971,74.7842,331.16,0.35,0.57,2023-11-13,725,N,VIIRS,n,2,299.51,2.21,D,0
30.19719,77.26035,336.55,0.5,0.49,2023-11-13,725,N,VIIRS,n,2,298.51,9.22,D,0
30.19742,75.40524,330.56,0.32,0.55,2023-11-13,725,N,VIIRS,n,2,299.19,1.81,D,0
30.20218,76.45179,356.87,0.56,0.51,2023-11-13,725,N,VIIRS,n,2,302.74,9.7,D,0
30.2027,76.44941,340.77,0.56,0.51,2023-11-13,725,N,VIIRS,n,2,304.84,12.09,D,0
30.20349,76.38994,356.77,0.56,0.52,2023-11-13,725,N,VIIRS,n,2,303.51,14.5,D,0
30.20364,76.38776,340.94,0.56,0.52,2023-11-13,725,N,VIIRS,n,2,304.13,8.57,D,0
30.20684,76.45042,333.73,0.56,0.51,2023-11-13,725,N,VIIRS,n,2,301.64,9.7,D,0
30.21144,74.22004,367,0.38,0.58,2023-11-13,725,N,VIIRS,h,2,301.47,7.98,D,0
30.21329,74.73678,367,0.35,0.57,2023-11-13,725,N,VIIRS,h,2,301.74,7.49,D,0
30.2153,75.34885,337.18,0.32,0.55,2023-11-13,725,N,VIIRS,n,2,299.75,2.29,D,0
30.21974,75.66373,339.91,0.62,0.54,2023-11-13,725,N,VIIRS,n,2,300.76,7.89,D,0
30.22023,75.0411,337.59,0.34,0.56,2023-11-13,725,N,VIIRS,n,2,296.58,3.02,D,0
30.22042,75.21097,367,0.33,0.55,2023-11-13,725,N,VIIRS,h,2,302.29,7.23,D,0
30.22145,75.12315,335.59,0.33,0.56,2023-11-13,725,N,VIIRS,n,2,295.31,2.39,D,0
30.22226,75.37865,355.76,0.32,0.55,2023-11-13,725,N,VIIRS,n,2,301.36,3.21,D,0
30.23018,75.0602,335.94,0.34,0.56,2023-11-13,725,N,VIIRS,n,2,296.69,4.36,D,0
30.23193,74.4222,342.25,0.37,0.58,2023-11-13,725,N,VIIRS,n,2,299.84,3.86,D,0
30.2329,75.94669,340.68,0.6,0.53,2023-11-13,725,N,VIIRS,n,2,299.86,14.14,D,0
30.23305,75.05698,344.51,0.34,0.56,2023-11-13,725,N,VIIRS,n,2,293.21,3.42,D,0
30.23726,73.99215,330.75,0.39,0.59,2023-11-13,725,N,VIIRS,n,2,299.95,2.74,D,0
30.23835,75.44766,344.05,0.32,0.54,2023-11-13,725,N,VIIRS,n,2,292.1,2.24,D,0
30.23877,74.7981,333.6,0.35,0.57,2023-11-13,725,N,VIIRS,n,2,299.54,1.75,D,0
30.24256,76.14384,331.68,0.58,0.52,2023-11-13,725,N,VIIRS,n,2,304.95,4.14,D,0
30.24376,74.63297,352.36,0.36,0.57,2023-11-13,725,N,VIIRS,n,2,298.6,3.36,D,0
30.24413,74.63369,348.76,0.36,0.57,2023-11-13,725,N,VIIRS,n,2,298.49,3.93,D,0
30.24418,76.14409,331.8,0.58,0.52,2023-11-13,725,N,VIIRS,n,2,304,2.87,D,0
30.24477,75.75087,332.34,0.61,0.54,2023-11-13,725,N,VIIRS,n,2,301.7,6.43,D,0
30.24691,75.06246,344.64,0.34,0.56,2023-11-13,725,N,VIIRS,n,2,300.85,3.63,D,0
30.24773,75.37442,335.86,0.32,0.55,2023-11-13,725,N,VIIRS,n,2,301.09,7.2,D,0
30.2485,75.37774,367,0.32,0.55,2023-11-13,725,N,VIIRS,h,2,306.01,7.2,D,0
30.25007,76.41725,334.41,0.56,0.52,2023-11-13,725,N,VIIRS,n,2,302.51,3.79,D,0
30.2512,75.41219,367,0.32,0.55,2023-11-13,725,N,VIIRS,h,2,304.36,8.29,D,0
30.25179,74.52801,342.6,0.36,0.57,2023-11-13,725,N,VIIRS,n,2,299.8,3.76,D,0
30.25196,75.41547,334.3,0.32,0.55,2023-11-13,725,N,VIIRS,n,2,300.08,7.96,D,0
30.2525,73.3325,334.05,0.42,0.61,2023-11-13,725,N,VIIRS,n,2,285.85,3.76,D,0
30.25317,74.99758,332.08,0.34,0.56,2023-11-13,725,N,VIIRS,n,2,298.27,1.85,D,0
30.25344,75.37623,346.5,0.32,0.55,2023-11-13,725,N,VIIRS,n,2,299.87,7.2,D,0
30.25488,75.11884,352.64,0.33,0.55,2023-11-13,725,N,VIIRS,n,2,297.49,4.41,D,0
30.25866,75.65199,340.81,0.62,0.54,2023-11-13,725,N,VIIRS,n,2,302.05,4.39,D,0
30.25877,75.51294,336.95,0.63,0.54,2023-11-13,725,N,VIIRS,n,2,296.7,3.97,D,0
30.26079,75.65652,340.52,0.62,0.54,2023-11-13,725,N,VIIRS,n,2,300.76,12.21,D,0
30.26082,74.44932,338.76,0.36,0.58,2023-11-13,725,N,VIIRS,n,2,299.63,5.38,D,0
30.26107,74.72958,330.58,0.35,0.57,2023-11-13,725,N,VIIRS,n,2,299.34,2.37,D,0
30.26216,74.73216,337.25,0.35,0.57,2023-11-13,725,N,VIIRS,n,2,298.5,2.84,D,0
30.26283,74.36391,334.13,0.37,0.58,2023-11-13,725,N,VIIRS,n,2,297.66,3.53,D,0
30.26583,75.68378,340.05,0.62,0.54,2023-11-13,725,N,VIIRS,n,2,301.19,6.79,D,0
30.2686,75.66776,333.91,0.62,0.54,2023-11-13,725,N,VIIRS,n,2,301.45,3.74,D,0
30.26872,75.73524,340.86,0.61,0.54,2023-11-13,725,N,VIIRS,n,2,302.35,11.7,D,0
30.27097,75.72955,339.54,0.61,0.54,2023-11-13,725,N,VIIRS,n,2,299.76,3.99,D,0
30.27154,75.70911,338.46,0.62,0.54,2023-11-13,725,N,VIIRS,n,2,300.63,5.46,D,0
30.27256,75.70715,338.14,0.62,0.54,2023-11-13,725,N,VIIRS,n,2,300.86,3.98,D,0
30.27698,76.29188,333.32,0.57,0.52,2023-11-13,725,N,VIIRS,n,2,302.21,5.49,D,0
30.27729,75.47952,330.02,0.63,0.54,2023-11-13,725,N,VIIRS,n,2,299.37,6.45,D,0
30.27859,73.41225,330.48,0.42,0.61,2023-11-13,725,N,VIIRS,n,2,289.7,3.42,D,0
30.28025,75.99776,343.05,0.59,0.53,2023-11-13,725,N,VIIRS,n,2,301.76,6.74,D,0
30.28029,75.49252,335.63,0.63,0.54,2023-11-13,725,N,VIIRS,n,2,300.34,6.03,D,0
30.28038,75.42439,355.53,0.32,0.55,2023-11-13,725,N,VIIRS,n,2,298.57,2.99,D,0
30.28052,75.56165,340.3,0.63,0.54,2023-11-13,725,N,VIIRS,n,2,299.51,9.46,D,0
30.28137,75.51996,331.41,0.63,0.54,2023-11-13,725,N,VIIRS,n,2,299.93,6.29,D,0
30.282,75.56808,346.89,0.63,0.54,2023-11-13,725,N,VIIRS,n,2,299.32,9.46,D,0
30.28441,74.96926,347.65,0.34,0.56,2023-11-13,725,N,VIIRS,n,2,299.33,3.54,D,0
30.28452,75.60161,337.63,0.62,0.54,2023-11-13,725,N,VIIRS,n,2,296.32,7.17,D,0
30.28467,75.85892,334.6,0.6,0.53,2023-11-13,725,N,VIIRS,n,2,302.53,5.31,D,0
30.2854,75.56015,340.15,0.63,0.54,2023-11-13,725,N,VIIRS,n,2,298.63,9.46,D,0
30.2862,75.91119,330.9,0.6,0.53,2023-11-13,725,N,VIIRS,l,2,301.64,1.64,D,0
30.28701,74.03168,339.69,0.38,0.59,2023-11-13,725,N,VIIRS,n,2,298.65,2.34,D,0
30.28808,75.85129,333.83,0.6,0.53,2023-11-13,725,N,VIIRS,n,2,302.63,4.86,D,0
30.29148,75.72172,334.82,0.61,0.54,2023-11-13,725,N,VIIRS,n,2,300.29,5.31,D,0
30.2917,74.5788,367,0.36,0.57,2023-11-13,725,N,VIIRS,h,2,301.75,8.31,D,0
30.29232,74.02997,344.5,0.38,0.59,2023-11-13,725,N,VIIRS,n,2,297.34,2.93,D,0
30.29253,75.00401,367,0.34,0.56,2023-11-13,725,N,VIIRS,h,2,300.63,6.81,D,0
30.29389,75.68729,332.96,0.62,0.54,2023-11-13,725,N,VIIRS,n,2,300.99,5.08,D,0
30.29598,76.13445,340.4,0.58,0.52,2023-11-13,725,N,VIIRS,n,2,301.85,4.49,D,0
30.29932,74.54082,331.1,0.36,0.57,2023-11-13,725,N,VIIRS,n,2,294.64,1.81,D,0
30.29948,74.15407,367,0.38,0.59,2023-11-13,725,N,VIIRS,h,2,302.25,11.38,D,0
30.30018,74.99048,349.84,0.34,0.56,2023-11-13,725,N,VIIRS,n,2,299.74,4.91,D,0
30.3018,74.99742,342.99,0.34,0.56,2023-11-13,725,N,VIIRS,n,2,299.93,4.11,D,0
30.30495,75.55426,341.38,0.63,0.54,2023-11-13,725,N,VIIRS,n,2,303.78,15.63,D,0
30.30542,75.05924,367,0.33,0.56,2023-11-13,725,N,VIIRS,h,2,300.05,9.8,D,0
30.30587,75.31252,338.44,0.32,0.55,2023-11-13,725,N,VIIRS,n,2,300.1,3.91,D,0
30.30692,75.40223,331.07,0.32,0.55,2023-11-13,725,N,VIIRS,n,2,298.11,1.19,D,0
30.3089,75.72993,336.13,0.61,0.54,2023-11-13,725,N,VIIRS,n,2,298.35,5.03,D,0
30.30984,75.55278,341.5,0.63,0.54,2023-11-13,725,N,VIIRS,n,2,300.76,17.23,D,0
30.31153,75.91014,338.02,0.6,0.53,2023-11-13,725,N,VIIRS,n,2,302.14,7.18,D,0
30.31382,75.90762,339.62,0.6,0.53,2023-11-13,725,N,VIIRS,n,2,301.5,4.25,D,0
30.31429,75.00471,367,0.34,0.56,2023-11-13,725,N,VIIRS,h,2,303.08,5.72,D,0
30.31509,75.00817,335.42,0.34,0.56,2023-11-13,725,N,VIIRS,n,2,299.15,5.72,D,0
30.31625,75.00294,340.51,0.34,0.56,2023-11-13,725,N,VIIRS,n,2,301.21,5.63,D,0
30.31708,75.0064,367,0.34,0.56,2023-11-13,725,N,VIIRS,h,2,300.62,5.63,D,0
30.31819,76.1659,337.98,0.58,0.52,2023-11-13,725,N,VIIRS,n,2,301.21,5.25,D,0
30.31942,73.99353,339.58,0.38,0.59,2023-11-13,725,N,VIIRS,n,2,299.81,3.33,D,0
30.32202,74.54858,349.48,0.36,0.57,2023-11-13,725,N,VIIRS,n,2,295.4,4.83,D,0
30.32347,74.54906,351.09,0.36,0.57,2023-11-13,725,N,VIIRS,n,2,295.74,4.9,D,0
30.32377,73.98788,348.18,0.39,0.59,2023-11-13,725,N,VIIRS,n,2,298.94,11.23,D,0
30.32417,75.81886,353.4,0.6,0.53,2023-11-13,725,N,VIIRS,n,2,301.12,15.27,D,0
30.32443,75.39173,352.43,0.32,0.55,2023-11-13,725,N,VIIRS,n,2,300.95,4.86,D,0
30.32474,73.99184,367,0.38,0.59,2023-11-13,725,N,VIIRS,h,2,302.96,18.22,D,0
30.32819,75.90337,335.71,0.6,0.53,2023-11-13,725,N,VIIRS,n,2,302.62,7.57,D,0
30.32936,75.39023,367,0.32,0.55,2023-11-13,725,N,VIIRS,h,2,297.88,5.95,D,0
30.32989,76.06046,340.68,0.59,0.53,2023-11-13,725,N,VIIRS,n,2,303.35,5.23,D,0
30.33081,75.62179,337.02,0.62,0.54,2023-11-13,725,N,VIIRS,n,2,300.18,7.6,D,0
30.331,75.00694,348.28,0.34,0.56,2023-11-13,725,N,VIIRS,n,2,299.47,2.57,D,0
30.33212,75.87589,336.96,0.6,0.53,2023-11-13,725,N,VIIRS,n,2,300.83,6.45,D,0
30.333,75.0052,349.77,0.34,0.56,2023-11-13,725,N,VIIRS,n,2,299.85,4.16,D,0
30.3331,76.0575,332.34,0.59,0.53,2023-11-13,725,N,VIIRS,n,2,302.83,4.09,D,0
30.33754,75.67411,340.81,0.62,0.54,2023-11-13,725,N,VIIRS,n,2,300.43,8.39,D,0
30.3393,74.43581,344.96,0.36,0.58,2023-11-13,725,N,VIIRS,n,2,294.11,3.85,D,0
30.34012,75.08038,367,0.33,0.56,2023-11-13,725,N,VIIRS,h,2,302.36,5.84,D,0
30.34051,74.37108,337,0.37,0.58,2023-11-13,725,N,VIIRS,n,2,289.69,2.24,D,0
30.34125,75.48617,333.03,0.63,0.54,2023-11-13,725,N,VIIRS,n,2,298.53,4.64,D,0
30.34267,75.0808,367,0.33,0.56,2023-11-13,725,N,VIIRS,h,2,302.67,7.05,D,0
30.34796,75.51356,336.61,0.63,0.54,2023-11-13,725,N,VIIRS,n,2,299.26,7.56,D,0
30.34879,75.51849,339.48,0.63,0.54,2023-11-13,725,N,VIIRS,n,2,297.79,4.79,D,0
30.35042,75.03308,347.28,0.34,0.56,2023-11-13,725,N,VIIRS,n,2,300.15,3.97,D,0
30.35063,74.57509,331.58,0.36,0.57,2023-11-13,725,N,VIIRS,n,2,294.12,2.08,D,0
30.3549,74.9836,336.37,0.34,0.56,2023-11-13,725,N,VIIRS,n,2,297.46,3.02,D,0
30.35532,75.16682,335.47,0.33,0.55,2023-11-13,725,N,VIIRS,n,2,300.04,2.58,D,0
30.36309,75.37643,350.4,0.32,0.55,2023-11-13,725,N,VIIRS,n,2,301.1,3.5,D,0
30.36535,71.199,352.79,0.55,0.68,2023-11-13,725,N,VIIRS,n,2,295.85,6.96,D,0
30.36695,71.19537,328.62,0.55,0.68,2023-11-13,725,N,VIIRS,n,2,294.21,4.66,D,0
30.36849,71.20103,328.71,0.55,0.68,2023-11-13,725,N,VIIRS,n,2,294.59,4.66,D,0
30.37826,75.35066,340.25,0.32,0.55,2023-11-13,725,N,VIIRS,n,2,299.62,2.52,D,0
30.38045,75.47429,336.08,0.63,0.54,2023-11-13,725,N,VIIRS,n,2,298.96,3.7,D,0
30.38716,75.93803,342.61,0.59,0.53,2023-11-13,725,N,VIIRS,n,2,301.86,6.7,D,0
30.39004,75.08701,367,0.33,0.55,2023-11-13,725,N,VIIRS,h,2,300.9,9.38,D,0
30.39084,75.09042,338.48,0.33,0.55,2023-11-13,725,N,VIIRS,n,2,297.47,9.67,D,0
30.39232,74.36023,338.76,0.37,0.58,2023-11-13,725,N,VIIRS,n,2,298.85,3.23,D,0
30.39252,75.59447,339.54,0.62,0.54,2023-11-13,725,N,VIIRS,n,2,298.99,7.63,D,0
30.39324,74.36397,337.06,0.37,0.58,2023-11-13,725,N,VIIRS,n,2,299.36,3.23,D,0
30.39438,74.36208,367,0.37,0.58,2023-11-13,725,N,VIIRS,h,2,300.34,7,D,0
30.39577,75.51803,342.03,0.63,0.54,2023-11-13,725,N,VIIRS,n,2,298.25,8.22,D,0
30.39845,74.36234,336.57,0.37,0.58,2023-11-13,725,N,VIIRS,n,2,298.43,3.23,D,0
30.39985,75.62627,356.45,0.62,0.54,2023-11-13,725,N,VIIRS,n,2,301.72,21.16,D,0
30.40225,76.00482,344.43,0.59,0.53,2023-11-13,725,N,VIIRS,n,2,302.82,11.07,D,0
30.40602,75.22335,355.54,0.33,0.55,2023-11-13,725,N,VIIRS,n,2,302.09,4.29,D,0
30.40758,75.56944,334.33,0.62,0.54,2023-11-13,725,N,VIIRS,n,2,298.15,5.79,D,0
30.41155,75.92204,332.46,0.59,0.53,2023-11-13,725,N,VIIRS,n,2,302.2,2.91,D,0
30.41223,75.31765,354.66,0.32,0.55,2023-11-13,725,N,VIIRS,n,2,300.94,5.05,D,0
30.41281,75.2069,333.97,0.33,0.55,2023-11-13,725,N,VIIRS,n,2,300.22,2.47,D,0
30.41383,75.50565,331.92,0.63,0.54,2023-11-13,725,N,VIIRS,n,2,299.29,4.32,D,0
30.41443,75.92336,339.62,0.59,0.53,2023-11-13,725,N,VIIRS,n,2,301.76,6.56,D,0
30.4178,76.34032,331.91,0.56,0.52,2023-11-13,725,N,VIIRS,n,2,297.51,2.9,D,0
30.4183,75.66137,330.36,0.61,0.54,2023-11-13,725,N,VIIRS,n,2,299.29,4.31,D,0
30.41855,75.20872,367,0.33,0.55,2023-11-13,725,N,VIIRS,h,2,302.62,4.35,D,0
30.41914,74.91144,337.8,0.34,0.56,2023-11-13,725,N,VIIRS,n,2,299.36,3.48,D,0
30.42003,74.90991,347.48,0.34,0.56,2023-11-13,725,N,VIIRS,n,2,299.86,3.39,D,0
30.42013,75.39621,330.86,0.32,0.54,2023-11-13,725,N,VIIRS,n,2,300.84,4.66,D,0
30.42058,75.97347,336.04,0.59,0.53,2023-11-13,725,N,VIIRS,n,2,302.29,4,D,0
30.4206,75.39751,336.21,0.32,0.54,2023-11-13,725,N,VIIRS,n,2,300.55,1.68,D,0
30.42139,75.44637,334.73,0.63,0.54,2023-11-13,725,N,VIIRS,n,2,297.98,6.64,D,0
30.42157,75.44783,340.96,0.63,0.54,2023-11-13,725,N,VIIRS,n,2,297.18,5.11,D,0
30.42279,75.9706,341.59,0.59,0.53,2023-11-13,725,N,VIIRS,n,2,303.53,4.06,D,0
30.42694,75.1303,347.2,0.33,0.55,2023-11-13,725,N,VIIRS,n,2,297.6,5.76,D,0
30.4312,75.44341,347.7,0.63,0.54,2023-11-13,725,N,VIIRS,n,2,302.11,13,D,0
30.43137,75.44485,346.59,0.63,0.54,2023-11-13,725,N,VIIRS,n,2,300.67,7.74,D,0
30.43177,75.87682,336.7,0.6,0.53,2023-11-13,725,N,VIIRS,n,2,301.56,5.35,D,0
30.43288,75.9482,336.12,0.59,0.53,2023-11-13,725,N,VIIRS,n,2,301.02,4.02,D,0
30.4361,75.44193,345.46,0.63,0.54,2023-11-13,725,N,VIIRS,n,2,300.11,13,D,0
30.43628,75.44334,352.74,0.63,0.54,2023-11-13,725,N,VIIRS,n,2,300.61,14.86,D,0
30.43727,75.46933,338.61,0.63,0.54,2023-11-13,725,N,VIIRS,n,2,300.74,5.19,D,0
30.43763,74.9913,335.42,0.34,0.56,2023-11-13,725,N,VIIRS,n,2,298.96,2.03,D,0
30.43776,75.5876,331.49,0.62,0.54,2023-11-13,725,N,VIIRS,n,2,299.65,4.17,D,0
30.43993,75.86782,355.09,0.6,0.53,2023-11-13,725,N,VIIRS,n,2,302.74,19.46,D,0
30.44012,75.3691,337.14,0.32,0.54,2023-11-13,725,N,VIIRS,n,2,302.19,2.59,D,0
30.44161,75.00855,331.43,0.33,0.56,2023-11-13,725,N,VIIRS,n,2,296.36,2.42,D,0
30.44373,75.94057,340.81,0.59,0.53,2023-11-13,725,N,VIIRS,n,2,301.74,4.38,D,0
30.44579,75.93785,344.23,0.59,0.53,2023-11-13,725,N,VIIRS,n,2,301.66,7.32,D,0
30.44895,75.77274,334.16,0.6,0.53,2023-11-13,725,N,VIIRS,n,2,300.21,4,D,0
30.45079,74.76437,343.2,0.35,0.56,2023-11-13,725,N,VIIRS,n,2,296.27,4.34,D,0
30.45161,75.25941,333.83,0.32,0.55,2023-11-13,725,N,VIIRS,n,2,299.63,1.37,D,0
30.45542,75.71071,335.17,0.61,0.53,2023-11-13,725,N,VIIRS,n,2,298.58,6.19,D,0
30.45587,74.76276,367,0.35,0.56,2023-11-13,725,N,VIIRS,h,2,297.24,12.44,D,0
30.45686,75.8299,341.45,0.6,0.53,2023-11-13,725,N,VIIRS,n,2,303.65,11.44,D,0
30.45731,75.92142,331.86,0.59,0.53,2023-11-13,725,N,VIIRS,n,2,300.67,4.28,D,0
30.45934,74.73108,332.51,0.35,0.56,2023-11-13,725,N,VIIRS,n,2,294.09,1.86,D,0
30.46212,75.44097,336.42,0.63,0.54,2023-11-13,725,N,VIIRS,n,2,298.02,6.34,D,0
30.46224,75.01926,332.01,0.33,0.56,2023-11-13,725,N,VIIRS,n,2,295.72,1.24,D,0
30.46338,75.7684,353.52,0.6,0.53,2023-11-13,725,N,VIIRS,n,2,303.79,29.54,D,0
30.46513,74.77893,341.47,0.34,0.56,2023-11-13,725,N,VIIRS,n,2,298.24,4.43,D,0
30.46533,75.05501,340.59,0.33,0.55,2023-11-13,725,N,VIIRS,n,2,296.21,2.81,D,0
30.46558,74.87327,330.39,0.34,0.56,2023-11-13,725,N,VIIRS,n,2,298.35,3.05,D,0
30.46582,74.57156,337.05,0.35,0.57,2023-11-13,725,N,VIIRS,n,2,299.04,4.25,D,0
30.47291,75.55489,336.38,0.62,0.54,2023-11-13,725,N,VIIRS,n,2,299.41,8.03,D,0
30.47439,75.56126,340.8,0.62,0.54,2023-11-13,725,N,VIIRS,n,2,301.19,8.03,D,0
30.47567,75.00777,367,0.33,0.56,2023-11-13,725,N,VIIRS,h,2,301.47,4.52,D,0
30.47743,75.83028,339.07,0.6,0.53,2023-11-13,725,N,VIIRS,n,2,300.84,4.86,D,0
30.47764,75.70892,333.12,0.61,0.53,2023-11-13,725,N,VIIRS,n,2,296.55,2.93,D,0
30.48487,74.62787,334.24,0.35,0.57,2023-11-13,725,N,VIIRS,n,2,297.01,1.48,D,0
30.48654,75.18987,339.79,0.33,0.55,2023-11-13,725,N,VIIRS,n,2,298.35,2.68,D,0
30.48668,75.3654,337.98,0.32,0.54,2023-11-13,725,N,VIIRS,n,2,295.71,2.87,D,0
30.49026,75.49465,339.69,0.63,0.54,2023-11-13,725,N,VIIRS,n,2,299.97,23.05,D,0
30.49175,75.50109,342.01,0.63,0.54,2023-11-13,725,N,VIIRS,n,2,300.8,23.05,D,0
30.49504,75.77212,340.07,0.6,0.53,2023-11-13,725,N,VIIRS,n,2,300.57,10.04,D,0
30.49635,75.02709,339.17,0.33,0.55,2023-11-13,725,N,VIIRS,n,2,299.2,5.22,D,0
30.49715,75.03051,356.84,0.33,0.55,2023-11-13,725,N,VIIRS,n,2,299.83,5.22,D,0
30.49837,75.77592,341.16,0.6,0.53,2023-11-13,725,N,VIIRS,n,2,302.34,9.29,D,0
30.49838,76.0573,340.93,0.58,0.52,2023-11-13,725,N,VIIRS,n,2,303.37,9.31,D,0
30.50034,74.69246,343,0.35,0.57,2023-11-13,725,N,VIIRS,n,2,296.22,2.88,D,0
30.50219,76.40727,341.68,0.55,0.51,2023-11-13,725,N,VIIRS,n,2,303.22,6.41,D,0
30.50419,76.28159,331.93,0.56,0.52,2023-11-13,725,N,VIIRS,n,2,299.72,3.9,D,0
30.50466,76.28384,335.09,0.56,0.52,2023-11-13,725,N,VIIRS,n,2,300.46,3.64,D,0
30.51317,75.34322,342.23,0.32,0.55,2023-11-13,725,N,VIIRS,n,2,298.5,3.04,D,0
30.51476,75.24199,367,0.32,0.55,2023-11-13,725,N,VIIRS,h,2,301.66,7.22,D,0
30.52,76.06362,344.82,0.58,0.52,2023-11-13,725,N,VIIRS,n,2,302.64,7.63,D,0
30.52002,76.01888,331.35,0.58,0.52,2023-11-13,725,N,VIIRS,n,2,299.59,3.92,D,0
30.52207,75.18252,330.34,0.33,0.55,2023-11-13,725,N,VIIRS,n,2,297.97,2.1,D,0
30.52565,74.92186,367,0.34,0.56,2023-11-13,725,N,VIIRS,h,2,301.72,10.8,D,0
30.5267,75.27034,353.12,0.32,0.55,2023-11-13,725,N,VIIRS,n,2,300.75,5.86,D,0
30.52717,74.9185,331.49,0.34,0.56,2023-11-13,725,N,VIIRS,n,2,297.95,4.21,D,0
30.528,74.92195,367,0.34,0.56,2023-11-13,725,N,VIIRS,h,2,299.65,9.17,D,0
30.53069,75.46673,333,0.63,0.54,2023-11-13,725,N,VIIRS,n,2,298.38,1.51,D,0
30.53125,75.46837,334.93,0.63,0.54,2023-11-13,725,N,VIIRS,n,2,298.37,7.15,D,0
30.53161,74.34335,330.39,0.36,0.58,2023-11-13,725,N,VIIRS,n,2,298.11,1.87,D,0
30.53164,74.99409,355.53,0.33,0.56,2023-11-13,725,N,VIIRS,n,2,299.86,4.23,D,0
30.53243,74.99752,333.56,0.33,0.56,2023-11-13,725,N,VIIRS,n,2,299.08,4.23,D,0
30.53342,74.76238,337.47,0.34,0.56,2023-11-13,725,N,VIIRS,n,2,296.62,2.97,D,0
30.53427,74.76594,331.5,0.34,0.56,2023-11-13,725,N,VIIRS,n,2,293.94,2.97,D,0
30.53469,74.93761,339.39,0.34,0.56,2023-11-13,725,N,VIIRS,n,2,297.35,1.71,D,0
30.53716,74.93767,339.98,0.34,0.56,2023-11-13,725,N,VIIRS,n,2,295.87,2.23,D,0
30.53775,74.59563,342.63,0.35,0.57,2023-11-13,725,N,VIIRS,n,2,299.83,4.52,D,0
30.53858,75.29852,335.23,0.32,0.55,2023-11-13,725,N,VIIRS,n,2,300.14,1.83,D,0
30.5404,74.26366,334.41,0.37,0.58,2023-11-13,725,N,VIIRS,n,2,298.09,2.86,D,0
30.54288,74.594,340.05,0.35,0.57,2023-11-13,725,N,VIIRS,n,2,298.05,4.52,D,0
30.54486,75.07423,330.78,0.33,0.55,2023-11-13,725,N,VIIRS,n,2,297.77,1.1,D,0
30.54547,74.94991,331.19,0.34,0.56,2023-11-13,725,N,VIIRS,n,2,298.38,1.65,D,0
30.54572,76.00277,331.11,0.58,0.52,2023-11-13,725,N,VIIRS,n,2,298.14,2.9,D,0
30.54779,75.58665,330.76,0.62,0.54,2023-11-13,725,N,VIIRS,n,2,295.93,4.55,D,0
30.54956,76.10559,337.9,0.58,0.52,2023-11-13,725,N,VIIRS,n,2,302.66,4.96,D,0
30.55038,74.97055,333.55,0.33,0.56,2023-11-13,725,N,VIIRS,n,2,296.48,5.04,D,0
30.55275,75.03892,350.49,0.33,0.55,2023-11-13,725,N,VIIRS,n,2,298.75,4.23,D,0
30.55293,75.26937,345.26,0.32,0.55,2023-11-13,725,N,VIIRS,n,2,299.9,3.67,D,0
30.55582,75.03865,336.53,0.33,0.55,2023-11-13,725,N,VIIRS,n,2,296.68,3.11,D,0
30.55622,74.97244,367,0.33,0.56,2023-11-13,725,N,VIIRS,h,2,299.05,12.04,D,0
30.55988,74.29803,340.29,0.37,0.58,2023-11-13,725,N,VIIRS,n,2,297.6,3.32,D,0
30.56103,75.3269,344.11,0.32,0.54,2023-11-13,725,N,VIIRS,n,2,300.19,3.18,D,0
30.56239,74.67684,344.43,0.35,0.57,2023-11-13,725,N,VIIRS,n,2,298.12,3.36,D,0
30.56331,75.33672,339.36,0.32,0.54,2023-11-13,725,N,VIIRS,n,2,299.54,2.66,D,0
30.56824,75.35799,332.68,0.64,0.54,2023-11-13,725,N,VIIRS,n,2,298.76,4.77,D,0
30.5686,74.11047,367,0.37,0.58,2023-11-13,725,N,VIIRS,h,2,300.97,5.65,D,0
30.569,76.10403,341.75,0.58,0.52,2023-11-13,725,N,VIIRS,n,2,303.87,6.68,D,0
30.56972,76.1059,341.5,0.58,0.52,2023-11-13,725,N,VIIRS,n,2,302.41,5.82,D,0
30.57038,75.25336,356.67,0.32,0.55,2023-11-13,725,N,VIIRS,n,2,299.92,4.02,D,0
30.57643,74.94402,367,0.34,0.56,2023-11-13,725,N,VIIRS,h,2,301.48,7.31,D,0
30.57724,74.94746,350.65,0.34,0.56,2023-11-13,725,N,VIIRS,n,2,297.99,7.31,D,0
30.58108,75.18989,367,0.32,0.55,2023-11-13,725,N,VIIRS,h,2,302.11,7.81,D,0
30.58205,75.18913,367,0.32,0.55,2023-11-13,725,N,VIIRS,h,2,301.23,7.88,D,0
30.58228,75.15007,344.9,0.33,0.55,2023-11-13,725,N,VIIRS,n,2,298.61,1.96,D,0
30.58242,75.03773,340.54,0.33,0.55,2023-11-13,725,N,VIIRS,n,2,298.17,3.96,D,0
30.58316,75.17086,332.49,0.33,0.55,2023-11-13,725,N,VIIRS,n,2,296.58,4.66,D,0
30.5835,75.1492,339.43,0.33,0.55,2023-11-13,725,N,VIIRS,n,2,298.45,2.6,D,0
30.58393,75.1742,332.95,0.33,0.55,2023-11-13,725,N,VIIRS,n,2,297.1,3.1,D,0
30.58403,75.04453,367,0.33,0.55,2023-11-13,725,N,VIIRS,h,2,298.86,4.01,D,0
30.58427,75.15256,329.64,0.33,0.55,2023-11-13,725,N,VIIRS,n,2,297.39,2.97,D,0
30.58484,75.04794,331.63,0.33,0.55,2023-11-13,725,N,VIIRS,n,2,295.18,4.01,D,0
30.58703,75.17016,334.46,0.32,0.55,2023-11-13,725,N,VIIRS,n,2,297.19,3.31,D,0
30.58724,75.14854,333.39,0.33,0.55,2023-11-13,725,N,VIIRS,n,2,298.29,1.96,D,0
30.59125,75.22914,329.79,0.32,0.55,2023-11-13,725,N,VIIRS,n,2,299.55,1.33,D,0
30.59167,75.29988,367,0.32,0.55,2023-11-13,725,N,VIIRS,h,2,301.1,11.24,D,0
30.59519,75.00083,343.6,0.33,0.55,2023-11-13,725,N,VIIRS,n,2,297.2,3.85,D,0
30.59594,75.18533,351.23,0.32,0.55,2023-11-13,725,N,VIIRS,n,2,299.78,3.24,D,0
30.60071,75.36204,334.21,0.63,0.54,2023-11-13,725,N,VIIRS,n,2,299.08,2.95,D,0
30.60194,76.36327,337.31,0.56,0.51,2023-11-13,725,N,VIIRS,n,2,303.54,5.93,D,0
30.60321,76.36899,338.38,0.55,0.51,2023-11-13,725,N,VIIRS,n,2,302.27,5.93,D,0
30.61133,75.20559,332.95,0.32,0.55,2023-11-13,725,N,VIIRS,n,2,299.32,1.89,D,0
30.6216,75.02196,367,0.33,0.55,2023-11-13,725,N,VIIRS,h,2,300.42,4.51,D,0
30.62506,74.61741,367,0.35,0.57,2023-11-13,725,N,VIIRS,h,2,296.85,5.78,D,0
30.62592,74.621,342.88,0.35,0.57,2023-11-13,725,N,VIIRS,n,2,295.39,5.78,D,0
30.62715,74.30437,333.34,0.36,0.58,2023-11-13,725,N,VIIRS,n,2,296.37,1.43,D,0
30.63101,74.59618,340.8,0.35,0.57,2023-11-13,725,N,VIIRS,n,2,295.85,3.05,D,0
30.63268,75.20615,353.99,0.32,0.55,2023-11-13,725,N,VIIRS,n,2,299.59,3.64,D,0
30.63518,74.77473,329.81,0.34,0.56,2023-11-13,725,N,VIIRS,n,2,297.37,2.58,D,0
30.63953,74.60896,350.5,0.35,0.57,2023-11-13,725,N,VIIRS,n,2,295.88,3.31,D,0
30.64339,74.37141,331.54,0.36,0.57,2023-11-13,725,N,VIIRS,n,2,298.45,2.76,D,0
30.64429,74.37511,330.82,0.36,0.57,2023-11-13,725,N,VIIRS,n,2,299.09,3.64,D,0
30.64462,74.65359,330.78,0.35,0.56,2023-11-13,725,N,VIIRS,n,2,296.13,1.29,D,0
30.64628,75.28698,330.38,0.32,0.55,2023-11-13,725,N,VIIRS,n,2,301.14,1.79,D,0
30.64787,74.98669,337.78,0.33,0.55,2023-11-13,725,N,VIIRS,n,2,296.23,2.29,D,0
30.65268,74.4557,345.7,0.36,0.57,2023-11-13,725,N,VIIRS,n,2,299.76,3.51,D,0
30.65336,72.19698,331.12,0.48,0.65,2023-11-13,725,N,VIIRS,n,2,296.07,6.88,D,0
30.6631,75.88162,340.12,0.59,0.53,2023-11-13,725,N,VIIRS,n,2,301.32,7.31,D,0
30.66323,74.91555,367,0.33,0.56,2023-11-13,725,N,VIIRS,h,2,299.71,5.26,D,0
30.66822,75.81488,339.64,0.59,0.53,2023-11-13,725,N,VIIRS,n,2,298.96,6.23,D,0
30.66901,75.54107,339.47,0.62,0.54,2023-11-13,725,N,VIIRS,n,2,299.79,6.63,D,0
30.67177,75.01949,367,0.33,0.55,2023-11-13,725,N,VIIRS,h,2,295.11,4.45,D,0
30.6726,75.53993,337.42,0.62,0.54,2023-11-13,725,N,VIIRS,n,2,299.41,15.16,D,0
30.67287,75.15085,329.17,0.32,0.55,2023-11-13,725,N,VIIRS,n,2,298.45,1.62,D,0
30.67716,74.53421,342.25,0.35,0.57,2023-11-13,725,N,VIIRS,n,2,299.6,3.45,D,0
30.67873,71.70025,332.68,0.51,0.66,2023-11-13,725,N,VIIRS,n,2,294.45,3.92,D,0
30.68149,75.27967,343.95,0.32,0.54,2023-11-13,725,N,VIIRS,n,2,297.07,3.39,D,0
30.68321,75.1727,329.71,0.32,0.55,2023-11-13,725,N,VIIRS,n,2,297.83,1.7,D,0
30.68461,75.1635,340.41,0.32,0.55,2023-11-13,725,N,VIIRS,n,2,298.85,2.67,D,0
30.68586,75.16116,330.96,0.32,0.55,2023-11-13,725,N,VIIRS,n,2,298.57,1.75,D,0
30.69198,74.27158,328.95,0.36,0.58,2023-11-13,725,N,VIIRS,n,2,293.53,2.02,D,0
30.69418,74.51324,329.51,0.35,0.57,2023-11-13,725,N,VIIRS,n,2,296.82,4.93,D,0
30.69506,74.51687,367,0.35,0.57,2023-11-13,725,N,VIIRS,h,2,299.12,9.09,D,0
30.69631,75.14559,335.47,0.32,0.55,2023-11-13,725,N,VIIRS,n,2,298.05,1.68,D,0
30.69635,75.05554,334.92,0.33,0.55,2023-11-13,725,N,VIIRS,n,2,295.39,2.09,D,0
30.69697,75.23248,367,0.32,0.55,2023-11-13,725,N,VIIRS,h,2,300.05,6.25,D,0
30.69929,71.70452,333.99,0.51,0.66,2023-11-13,725,N,VIIRS,n,2,294.35,3.67,D,0
30.70159,75.19037,348.59,0.32,0.55,2023-11-13,725,N,VIIRS,n,2,300.46,6.07,D,0
30.70192,75.07913,341.63,0.33,0.55,2023-11-13,725,N,VIIRS,n,2,298.19,4.04,D,0
30.70237,75.19369,332.91,0.32,0.55,2023-11-13,725,N,VIIRS,n,2,298.97,7.32,D,0
30.7034,75.19141,367,0.32,0.55,2023-11-13,725,N,VIIRS,h,2,305.63,13.43,D,0
30.70429,75.08923,367,0.33,0.55,2023-11-13,725,N,VIIRS,h,2,298.17,9.2,D,0
30.70653,75.18884,357.56,0.32,0.55,2023-11-13,725,N,VIIRS,n,2,297.38,6.07,D,0
30.70732,75.19216,353.29,0.32,0.55,2023-11-13,725,N,VIIRS,n,2,297.15,7.32,D,0
30.70827,74.79972,333.9,0.34,0.56,2023-11-13,725,N,VIIRS,n,2,298.74,2.84,D,0
30.70909,75.01881,336.25,0.33,0.55,2023-11-13,725,N,VIIRS,n,2,298.97,6.91,D,0
30.7091,74.8032,333.24,0.34,0.56,2023-11-13,725,N,VIIRS,n,2,298.36,3.49,D,0
30.70989,75.02221,367,0.33,0.55,2023-11-13,725,N,VIIRS,h,2,303.5,6.91,D,0
30.71162,74.79966,343.39,0.34,0.56,2023-11-13,725,N,VIIRS,n,2,299.52,3.35,D,0
30.71244,74.80316,333.31,0.34,0.56,2023-11-13,725,N,VIIRS,n,2,297.97,3.26,D,0
30.71841,75.48513,341.43,0.62,0.54,2023-11-13,725,N,VIIRS,n,2,299.06,10.26,D,0
30.72166,75.40855,340.38,0.63,0.54,2023-11-13,725,N,VIIRS,n,2,299.82,6.55,D,0
30.72252,74.79996,367,0.34,0.56,2023-11-13,725,N,VIIRS,h,2,302.44,5.45,D,0
30.72333,74.80345,345.85,0.34,0.56,2023-11-13,725,N,VIIRS,n,2,300.25,5.45,D,0
30.72423,74.79842,355.83,0.34,0.56,2023-11-13,725,N,VIIRS,n,2,301.17,6.03,D,0
30.72506,74.8019,367,0.34,0.56,2023-11-13,725,N,VIIRS,h,2,301.05,6.03,D,0
30.72758,75.21077,332.24,0.32,0.55,2023-11-13,725,N,VIIRS,n,2,296.96,2.88,D,0
30.72882,75.03456,367,0.33,0.55,2023-11-13,725,N,VIIRS,h,2,302.11,5.3,D,0
30.72937,75.05978,330.36,0.33,0.55,2023-11-13,725,N,VIIRS,n,2,296.82,1.87,D,0
30.73068,75.82841,329.59,0.59,0.53,2023-11-13,725,N,VIIRS,l,2,300.19,2.92,D,0
30.73096,75.20264,342.82,0.32,0.55,2023-11-13,725,N,VIIRS,n,2,298.77,3.4,D,0
30.73239,75.82817,329.81,0.59,0.53,2023-11-13,725,N,VIIRS,n,2,299.75,6.4,D,0
30.73289,74.86781,348.15,0.34,0.56,2023-11-13,725,N,VIIRS,n,2,300.3,3.34,D,0
30.73434,75.05822,333.85,0.33,0.55,2023-11-13,725,N,VIIRS,n,2,297.36,2.19,D,0
30.73458,75.0364,337.58,0.33,0.55,2023-11-13,725,N,VIIRS,n,2,299.31,5.3,D,0
30.73501,74.86607,339.5,0.34,0.56,2023-11-13,725,N,VIIRS,n,2,298.51,1.75,D,0
30.73589,75.20112,341.24,0.32,0.55,2023-11-13,725,N,VIIRS,n,2,297.61,3.75,D,0
30.74363,74.76605,334.29,0.34,0.56,2023-11-13,725,N,VIIRS,n,2,298.51,1.66,D,0
30.74428,74.83701,332.01,0.34,0.56,2023-11-13,725,N,VIIRS,n,2,300.1,1.46,D,0
30.74723,75.29458,341.02,0.63,0.54,2023-11-13,725,N,VIIRS,n,2,301.5,13.09,D,0
30.7499,74.90582,330.51,0.33,0.56,2023-11-13,725,N,VIIRS,n,2,298.63,1.64,D,0
30.75045,74.72617,335.67,0.34,0.56,2023-11-13,725,N,VIIRS,n,2,298.9,1.21,D,0
30.75181,75.31413,342.36,0.63,0.54,2023-11-13,725,N,VIIRS,n,2,301.21,10.12,D,0
30.75333,75.36414,330.66,0.63,0.54,2023-11-13,725,N,VIIRS,n,2,299.59,3.77,D,0
30.75485,75.32716,331.71,0.63,0.54,2023-11-13,725,N,VIIRS,n,2,298.69,4.14,D,0
30.75755,75.36111,353.91,0.63,0.54,2023-11-13,725,N,VIIRS,n,2,301.03,31.49,D,0
30.76395,74.57546,345.47,0.35,0.57,2023-11-13,725,N,VIIRS,n,2,299.63,2.84,D,0
30.76401,75.52565,340.49,0.62,0.54,2023-11-13,725,N,VIIRS,n,2,301.15,3.81,D,0
30.76421,74.57649,342.98,0.35,0.57,2023-11-13,725,N,VIIRS,n,2,299.37,3.32,D,0
30.7658,75.52995,340.46,0.61,0.54,2023-11-13,725,N,VIIRS,n,2,300.54,12.25,D,0
30.76659,75.04327,355.15,0.33,0.55,2023-11-13,725,N,VIIRS,n,2,301.1,7.75,D,0
30.76837,75.04401,367,0.33,0.55,2023-11-13,725,N,VIIRS,h,2,301.47,7.48,D,0
30.76885,75.52418,333.84,0.62,0.54,2023-11-13,725,N,VIIRS,n,2,299.48,3.81,D,0
30.7707,75.35013,340.16,0.63,0.54,2023-11-13,725,N,VIIRS,n,2,301.43,4.67,D,0
30.77244,73.64534,330.63,0.39,0.6,2023-11-13,725,N,VIIRS,n,2,292.13,2.78,D,0
30.77274,73.64536,332.18,0.39,0.6,2023-11-13,725,N,VIIRS,n,2,292.48,4.61,D,0
30.77352,75.08933,330.02,0.33,0.55,2023-11-13,725,N,VIIRS,n,2,297.39,2.07,D,0
30.77509,75.0116,342.84,0.33,0.55,2023-11-13,725,N,VIIRS,n,2,299.5,3.02,D,0
30.77574,75.03682,367,0.33,0.55,2023-11-13,725,N,VIIRS,h,2,300.66,4.66,D,0
30.77589,75.01498,339.88,0.33,0.55,2023-11-13,725,N,VIIRS,n,2,298.58,3.02,D,0
30.77754,75.03753,367,0.33,0.55,2023-11-13,725,N,VIIRS,h,2,300.59,5.46,D,0
30.77814,76.36706,336.83,0.55,0.51,2023-11-13,725,N,VIIRS,n,2,302.31,12.18,D,0
30.77942,76.37273,340.57,0.55,0.51,2023-11-13,725,N,VIIRS,n,2,299.33,12.18,D,0
30.78107,74.41801,333.58,0.36,0.57,2023-11-13,725,N,VIIRS,n,2,297.76,1.81,D,0
30.78147,74.76548,340.76,0.34,0.56,2023-11-13,725,N,VIIRS,n,2,299.5,2.49,D,0
30.78347,75.60544,340.7,0.61,0.53,2023-11-13,725,N,VIIRS,n,2,298.98,5.42,D,0
30.79847,75.64764,328.36,0.6,0.53,2023-11-13,725,N,VIIRS,n,2,298.78,3.15,D,0
30.80051,74.93788,339.91,0.33,0.55,2023-11-13,725,N,VIIRS,n,2,298.59,2.77,D,0
30.80567,74.91417,353.52,0.33,0.55,2023-11-13,725,N,VIIRS,n,2,301.41,4.44,D,0
30.80791,74.83196,333.68,0.34,0.56,2023-11-13,725,N,VIIRS,n,2,299.88,2.38,D,0
30.80916,75.88259,335.49,0.59,0.53,2023-11-13,725,N,VIIRS,n,2,298.59,5.01,D,0
30.81053,75.88863,339.59,0.59,0.52,2023-11-13,725,N,VIIRS,n,2,298.07,6.46,D,0
30.8133,74.5753,328.28,0.35,0.57,2023-11-13,725,N,VIIRS,n,2,300.81,2.02,D,0
30.81671,74.98399,367,0.33,0.55,2023-11-13,725,N,VIIRS,h,2,300.69,5.77,D,0
30.82201,75.5937,340.71,0.61,0.53,2023-11-13,725,N,VIIRS,n,2,301.19,5.13,D,0
30.82423,75.42342,338.34,0.62,0.54,2023-11-13,725,N,VIIRS,n,2,299.68,6.31,D,0
30.8257,75.42983,337.2,0.62,0.54,2023-11-13,725,N,VIIRS,n,2,298.6,6.31,D,0
30.83529,75.35793,340.26,0.63,0.54,2023-11-13,725,N,VIIRS,n,2,300.41,11.07,D,0
30.83552,75.35629,343.59,0.63,0.54,2023-11-13,725,N,VIIRS,n,2,300.16,8.9,D,0
30.85619,74.4543,328.07,0.35,0.57,2023-11-13,725,N,VIIRS,n,2,296.37,1.25,D,0
30.8709,75.07927,329.55,0.32,0.55,2023-11-13,725,N,VIIRS,n,2,297.04,0.95,D,0
30.87294,74.96135,342.52,0.33,0.55,2023-11-13,725,N,VIIRS,n,2,299.51,2.34,D,0
30.87792,74.95978,367,0.33,0.55,2023-11-13,725,N,VIIRS,h,2,299.13,5.5,D,0
30.88295,75.15412,347.25,0.32,0.55,2023-11-13,725,N,VIIRS,n,2,301.27,4.12,D,0
30.88711,75.14927,328.08,0.32,0.55,2023-11-13,725,N,VIIRS,n,2,299.34,2.96,D,0
30.88787,75.15259,346.02,0.32,0.55,2023-11-13,725,N,VIIRS,n,2,299.34,2.96,D,0
30.90883,74.65598,335.34,0.34,0.56,2023-11-13,725,N,VIIRS,n,2,298.16,3.11,D,0
30.90975,74.79871,355.04,0.34,0.56,2023-11-13,725,N,VIIRS,n,2,300.55,3.49,D,0
30.91056,74.65652,341.83,0.34,0.56,2023-11-13,725,N,VIIRS,n,2,298.56,3.28,D,0
30.91056,74.80217,328.37,0.34,0.56,2023-11-13,725,N,VIIRS,n,2,297.77,3.49,D,0
30.92,75.13744,351.79,0.32,0.55,2023-11-13,725,N,VIIRS,n,2,300.85,5.58,D,0
30.93246,71.87502,330.73,0.49,0.65,2023-11-13,725,N,VIIRS,n,2,295.84,3.38,D,0
30.93832,71.87298,332.25,0.49,0.65,2023-11-13,725,N,VIIRS,n,2,295.78,3.14,D,0
30.94332,75.16917,336.47,0.32,0.55,2023-11-13,725,N,VIIRS,n,2,298.82,2,D,0
30.94643,75.45246,327.87,0.62,0.54,2023-11-13,725,N,VIIRS,n,2,297.1,3.42,D,0
30.95171,75.5656,329.21,0.61,0.53,2023-11-13,725,N,VIIRS,n,2,298.11,6.46,D,0
30.96115,75.17776,338.44,0.32,0.54,2023-11-13,725,N,VIIRS,n,2,297.79,2.04,D,0
30.96256,75.27369,341.86,0.63,0.54,2023-11-13,725,N,VIIRS,n,2,297.96,9.82,D,0
30.96913,75.18938,367,0.32,0.54,2023-11-13,725,N,VIIRS,h,2,301.32,12.46,D,0
30.97044,72.16509,328.73,0.47,0.64,2023-11-13,725,N,VIIRS,n,2,295.86,3.26,D,0
30.97199,75.29163,340.29,0.63,0.54,2023-11-13,725,N,VIIRS,n,2,297.12,10.55,D,0
30.98565,74.83498,331.45,0.33,0.55,2023-11-13,725,N,VIIRS,n,2,297.19,4.26,D,0
30.98655,75.05959,340.94,0.32,0.55,2023-11-13,725,N,VIIRS,n,2,296.67,2.74,D,0
30.99578,74.8096,335.88,0.33,0.56,2023-11-13,725,N,VIIRS,n,2,296.87,3.24,D,0
30.99791,75.29057,345.05,0.63,0.54,2023-11-13,725,N,VIIRS,n,2,301.7,18.16,D,0
31.00335,72.02525,330.04,0.48,0.65,2023-11-13,725,N,VIIRS,n,2,294.35,2.94,D,0
31.00484,74.82521,349.77,0.33,0.56,2023-11-13,725,N,VIIRS,n,2,296.94,6.29,D,0
31.00735,72.21052,338.16,0.47,0.64,2023-11-13,725,N,VIIRS,n,2,297.3,4.15,D,0
31.0077,74.76868,340.39,0.34,0.56,2023-11-13,725,N,VIIRS,n,2,298.82,6,D,0
31.00851,74.77216,367,0.34,0.56,2023-11-13,725,N,VIIRS,h,2,299.93,6,D,0
31.01435,75.58459,332.17,0.6,0.53,2023-11-13,725,N,VIIRS,n,2,298.01,4.48,D,0
31.01759,72.20174,354.47,0.47,0.64,2023-11-13,725,N,VIIRS,n,2,297.65,10.08,D,0
31.01819,74.92741,327.73,0.33,0.55,2023-11-13,725,N,VIIRS,n,2,299.08,2.01,D,0
31.0225,75.57542,335.96,0.6,0.53,2023-11-13,725,N,VIIRS,n,2,298.08,3.86,D,0
31.02317,74.92584,353.6,0.33,0.55,2023-11-13,725,N,VIIRS,n,2,299.79,5.13,D,0
31.02616,74.75542,339.19,0.34,0.56,2023-11-13,725,N,VIIRS,n,2,298.06,2.74,D,0
31.02753,74.7536,335.83,0.34,0.56,2023-11-13,725,N,VIIRS,n,2,297.54,2.94,D,0
31.03738,75.55082,332.48,0.6,0.53,2023-11-13,725,N,VIIRS,n,2,299.28,3.72,D,0
31.04311,77.79682,337.26,0.45,0.47,2023-11-13,725,N,VIIRS,n,2,296.27,11.26,D,0
31.05936,75.62395,334.39,0.6,0.53,2023-11-13,725,N,VIIRS,n,2,296.28,6.13,D,0
31.0651,74.94542,331.39,0.33,0.55,2023-11-13,725,N,VIIRS,n,2,297.41,1.43,D,0
31.07114,75.33687,335.29,0.62,0.54,2023-11-13,725,N,VIIRS,n,2,298.35,3.07,D,0
31.07214,75.33675,333.84,0.62,0.54,2023-11-13,725,N,VIIRS,n,2,298.09,5.59,D,0
31.07621,75.28727,347.14,0.62,0.54,2023-11-13,725,N,VIIRS,n,2,297.6,10.11,D,0
31.08479,74.83546,343.91,0.33,0.55,2023-11-13,725,N,VIIRS,n,2,297.82,3.24,D,0
31.09232,75.28918,328.85,0.62,0.54,2023-11-13,725,N,VIIRS,n,2,295.82,4.83,D,0
31.09546,74.85781,327.71,0.33,0.55,2023-11-13,725,N,VIIRS,n,2,297.26,2,D,0
31.10538,75.36768,329.33,0.62,0.54,2023-11-13,725,N,VIIRS,n,2,299.2,2.81,D,0
31.12836,72.1807,336.72,0.47,0.64,2023-11-13,725,N,VIIRS,n,2,297.4,3.26,D,0
31.13255,77.43814,327,0.47,0.48,2023-11-13,725,N,VIIRS,n,2,296.98,4.07,D,0
31.13276,75.28353,340.72,0.62,0.54,2023-11-13,725,N,VIIRS,n,2,298.18,7.06,D,0
31.27307,72.14272,329.38,0.47,0.64,2023-11-13,725,N,VIIRS,n,2,296.34,3.8,D,0
31.27313,73.74563,367,0.38,0.59,2023-11-13,725,N,VIIRS,h,2,298.77,8.07,D,0
31.27627,72.14025,338.68,0.47,0.64,2023-11-13,725,N,VIIRS,n,2,296.24,4.64,D,0
31.29797,73.8466,330.87,0.37,0.58,2023-11-13,725,N,VIIRS,n,2,295.58,2.22,D,0
31.33698,73.57921,333.85,0.38,0.59,2023-11-13,725,N,VIIRS,n,2,297.26,2.61,D,0
31.38206,72.16776,330.7,0.46,0.64,2023-11-13,725,N,VIIRS,n,2,295.52,2.04,D,0
31.38496,72.39107,330.03,0.45,0.63,2023-11-13,725,N,VIIRS,n,2,297.27,2.51,D,0
31.38595,72.46615,328.17,0.44,0.63,2023-11-13,725,N,VIIRS,n,2,294.66,3.18,D,0
31.3906,72.38912,341.77,0.45,0.63,2023-11-13,725,N,VIIRS,n,2,297.66,5.42,D,0
31.39497,73.90553,327.56,0.37,0.58,2023-11-13,725,N,VIIRS,n,2,295.45,2.1,D,0
31.3959,73.90932,327.05,0.37,0.58,2023-11-13,725,N,VIIRS,n,2,294.67,2.1,D,0
31.408,74.55289,338.49,0.34,0.56,2023-11-13,725,N,VIIRS,n,2,295.94,2.63,D,0
31.43498,73.83874,329.76,0.37,0.58,2023-11-13,725,N,VIIRS,n,2,297.47,1.62,D,0
31.45272,73.79547,331.24,0.37,0.58,2023-11-13,725,N,VIIRS,n,2,296.4,1.56,D,0
31.48281,72.65464,327.48,0.43,0.62,2023-11-13,725,N,VIIRS,n,2,296.08,2.81,D,0
31.49586,72.18132,329.48,0.46,0.63,2023-11-13,725,N,VIIRS,n,2,297.45,2.6,D,0
31.50984,73.87962,342.72,0.37,0.58,2023-11-13,725,N,VIIRS,n,2,297.13,2.63,D,0
31.55472,72.45393,329.86,0.44,0.62,2023-11-13,725,N,VIIRS,n,2,295.98,5.64,D,0
31.55521,72.45456,341.98,0.44,0.62,2023-11-13,725,N,VIIRS,n,2,297.27,6.13,D,0
31.56854,72.15083,334.87,0.46,0.63,2023-11-13,725,N,VIIRS,n,2,297.57,5.88,D,0
31.56976,72.15556,343.5,0.46,0.63,2023-11-13,725,N,VIIRS,n,2,297.05,6.66,D,0
31.61523,74.58905,329.69,0.33,0.55,2023-11-13,725,N,VIIRS,n,2,295.76,1.14,D,0
31.62685,72.42497,333.02,0.44,0.62,2023-11-13,725,N,VIIRS,n,2,294.93,2.51,D,0
31.63336,72.40276,333.61,0.44,0.62,2023-11-13,725,N,VIIRS,n,2,296.79,2.89,D,0
31.66467,73.49768,332.63,0.38,0.59,2023-11-13,725,N,VIIRS,n,2,294.61,3.9,D,0
31.67103,74.65475,333.6,0.33,0.55,2023-11-13,725,N,VIIRS,n,2,296.7,1.74,D,0
31.69339,72.18092,333.22,0.45,0.63,2023-11-13,725,N,VIIRS,n,2,295.75,3.01,D,0
31.69632,72.60223,334.52,0.43,0.62,2023-11-13,725,N,VIIRS,n,2,295.7,3.14,D,0
31.70524,73.84502,367,0.36,0.58,2023-11-13,725,N,VIIRS,h,2,299.9,8.78,D,0
31.70705,73.84305,367,0.36,0.58,2023-11-13,725,N,VIIRS,h,2,301.08,11.52,D,0
31.71302,72.62066,348.09,0.43,0.62,2023-11-13,725,N,VIIRS,n,2,296.22,3.69,D,0
31.71561,72.62072,355.24,0.43,0.62,2023-11-13,725,N,VIIRS,n,2,296.47,6.44,D,0
31.71634,72.57697,349.38,0.43,0.62,2023-11-13,725,N,VIIRS,n,2,296.72,7.56,D,0
31.71864,72.58585,338.96,0.43,0.62,2023-11-13,725,N,VIIRS,n,2,295.71,4.27,D,0
31.71953,72.57485,340.29,0.43,0.62,2023-11-13,725,N,VIIRS,n,2,295.91,7.32,D,0
31.72068,72.26311,339.07,0.45,0.63,2023-11-13,725,N,VIIRS,n,2,296.3,3.98,D,0
31.72178,72.58376,347.5,0.43,0.62,2023-11-13,725,N,VIIRS,n,2,296,5.57,D,0
31.73,74.21493,329.73,0.35,0.56,2023-11-13,725,N,VIIRS,n,2,296.27,1.35,D,0
31.74079,74.6103,328.55,0.33,0.55,2023-11-13,725,N,VIIRS,n,2,297.91,1.39,D,0
31.76195,72.80002,328.62,0.42,0.61,2023-11-13,725,N,VIIRS,n,2,295.19,4.01,D,0
31.77998,72.63712,338.32,0.42,0.61,2023-11-13,725,N,VIIRS,n,2,295.77,2.59,D,0
31.78423,74.18941,367,0.35,0.57,2023-11-13,725,N,VIIRS,h,2,300.58,7.35,D,0
31.78454,74.19019,367,0.35,0.56,2023-11-13,725,N,VIIRS,h,2,300.4,9.11,D,0
31.79969,74.70726,327.03,0.32,0.55,2023-11-13,725,N,VIIRS,n,2,295.6,1.93,D,0
31.80102,74.70802,330.51,0.32,0.55,2023-11-13,725,N,VIIRS,n,2,295.36,1.69,D,0
31.80141,74.6922,332.7,0.32,0.55,2023-11-13,725,N,VIIRS,n,2,296.45,2.1,D,0
31.80624,73.64547,332.81,0.37,0.58,2023-11-13,725,N,VIIRS,n,2,296.52,2.25,D,0
31.81054,74.39226,327.13,0.34,0.56,2023-11-13,725,N,VIIRS,n,2,297.48,1.96,D,0
31.81787,74.69422,330.68,0.32,0.55,2023-11-13,725,N,VIIRS,n,2,296,2.1,D,0
31.83817,74.39462,335.13,0.34,0.56,2023-11-13,725,N,VIIRS,n,2,297.36,1.64,D,0
31.83976,74.39472,336.71,0.34,0.56,2023-11-13,725,N,VIIRS,n,2,297.36,2.4,D,0
31.84644,74.72495,367,0.32,0.55,2023-11-13,725,N,VIIRS,h,2,301.54,10.12,D,0
31.865,73.81621,330.99,0.36,0.58,2023-11-13,725,N,VIIRS,n,2,298.4,2.55,D,0
31.91265,74.29118,332.66,0.34,0.56,2023-11-13,725,N,VIIRS,n,2,299.43,3.36,D,0
31.93756,73.19176,330.73,0.39,0.59,2023-11-13,725,N,VIIRS,n,2,295.29,1.56,D,0
31.94169,74.43693,355.21,0.33,0.56,2023-11-13,725,N,VIIRS,n,2,300.16,5.51,D,0
31.96658,74.41651,326.76,0.33,0.56,2023-11-13,725,N,VIIRS,n,2,296.07,1.64,D,0
32.07125,75.05965,328.34,0.61,0.54,2023-11-13,725,N,VIIRS,n,2,295.45,4.62,D,0
32.10431,73.35114,333,0.38,0.59,2023-11-13,725,N,VIIRS,n,2,296.04,2.79,D,0
32.02324,72.31824,328.59,0.44,0.62,2023-11-13,726,N,VIIRS,n,2,294.35,2.09,D,0
32.27323,73.92901,327.64,0.35,0.57,2023-11-13,726,N,VIIRS,n,2,296.5,2.38,D,0
32.42192,74.27249,335.24,0.33,0.55,2023-11-13,726,N,VIIRS,n,2,296.43,2.49,D,0
32.47046,73.58362,332.29,0.36,0.58,2023-11-13,726,N,VIIRS,n,2,295.36,1.85,D,0
33.48804,75.94474,338.82,0.51,0.49,2023-11-13,726,N,VIIRS,n,2,287.73,12.62,D,0
33.49324,75.94681,353.88,0.51,0.49,2023-11-13,726,N,VIIRS,n,2,285.18,12.62,D,0
34.14196,74.7608,326.13,0.57,0.52,2023-11-13,726,N,VIIRS,n,2,289,3.94,D,0
26.04911,66.36581,339,0.39,0.44,2023-11-13,904,N,VIIRS,l,2,310.09,1.57,D,0
26.74809,68.08835,333.93,0.5,0.49,2023-11-13,905,N,VIIRS,n,2,298.2,4.96,D,0
26.74849,68.08553,330.78,0.5,0.49,2023-11-13,905,N,VIIRS,n,2,298.05,2.86,D,0
28.57342,70.52602,333.09,0.37,0.58,2023-11-13,905,N,VIIRS,n,2,302.5,2,D,0
28.72396,70.66878,331.1,0.38,0.59,2023-11-13,905,N,VIIRS,n,2,298.42,2.05,D,0
28.9009,67.59876,341.34,0.5,0.49,2023-11-13,905,N,VIIRS,n,2,299.88,4.81,D,0
29.07859,70.97474,348.1,0.4,0.6,2023-11-13,905,N,VIIRS,n,2,300.26,5.33,D,0
29.14614,73.32621,332.18,0.55,0.68,2023-11-13,905,N,VIIRS,n,2,300.3,2.6,D,0
29.15166,73.32642,344.65,0.55,0.68,2023-11-13,905,N,VIIRS,n,2,298.67,6.11,D,0
29.15256,73.32581,330.9,0.55,0.68,2023-11-13,905,N,VIIRS,n,2,297.09,2.6,D,0
29.18412,71.05519,348.54,0.4,0.6,2023-11-13,905,N,VIIRS,n,2,298.32,3.99,D,0
29.18443,71.05945,333.51,0.4,0.6,2023-11-13,905,N,VIIRS,n,2,298.38,3.99,D,0
29.35331,73.68153,341.24,0.58,0.7,2023-11-13,905,N,VIIRS,n,2,297.53,4.96,D,0
29.38694,73.94672,354.84,0.61,0.71,2023-11-13,905,N,VIIRS,n,2,286.73,7.27,D,0
29.39027,74.01174,337.46,0.61,0.71,2023-11-13,905,N,VIIRS,n,2,295.53,2.94,D,0
29.44888,74.05119,367,0.61,0.71,2023-11-13,905,N,VIIRS,h,2,299.83,9.86,D,0
29.46102,74.95692,345.8,0.7,0.75,2023-11-13,905,N,VIIRS,n,2,298.21,14.1,D,0
29.46342,74.95948,367,0.7,0.75,2023-11-13,905,N,VIIRS,h,2,298.71,9.94,D,0
29.47918,74.12251,367,0.62,0.71,2023-11-13,905,N,VIIRS,h,2,303.16,17.48,D,0
29.48588,74.12213,337.55,0.62,0.71,2023-11-13,905,N,VIIRS,n,2,298.32,6.19,D,0
29.49155,75.27217,342.96,0.73,0.76,2023-11-13,905,N,VIIRS,n,2,297.41,8.83,D,0
29.49996,74.13472,335.24,0.62,0.72,2023-11-13,905,N,VIIRS,n,2,298.28,8.4,D,0
29.50292,74.13316,336.92,0.62,0.72,2023-11-13,905,N,VIIRS,n,2,298.12,7.42,D,0
29.54578,74.24005,367,0.63,0.72,2023-11-13,905,N,VIIRS,h,2,299.18,13.2,D,0
29.54812,74.23852,367,0.63,0.72,2023-11-13,905,N,VIIRS,h,2,297.77,8.45,D,0
29.54965,74.45329,337.68,0.65,0.73,2023-11-13,905,N,VIIRS,n,2,297.04,5.85,D,0
29.55077,74.45199,331.84,0.65,0.73,2023-11-13,905,N,VIIRS,n,2,296.86,7.96,D,0
29.56126,74.53603,337.68,0.66,0.73,2023-11-13,905,N,VIIRS,n,2,296.67,6.71,D,0
29.56365,74.45966,330.83,0.65,0.73,2023-11-13,905,N,VIIRS,n,2,296.98,3.62,D,0
29.5645,74.91478,334.89,0.69,0.74,2023-11-13,905,N,VIIRS,n,2,295.35,4.14,D,0
29.56474,74.45829,334.15,0.65,0.73,2023-11-13,905,N,VIIRS,n,2,296.64,6.41,D,0
29.57312,74.493,331.02,0.65,0.73,2023-11-13,905,N,VIIRS,n,2,295.89,3.54,D,0
29.57903,74.47161,367,0.65,0.73,2023-11-13,905,N,VIIRS,h,2,299.87,24.92,D,0
29.58297,75.69425,346.64,0.77,0.77,2023-11-13,905,N,VIIRS,n,2,295.89,12.18,D,0
29.58415,75.69437,351.55,0.77,0.77,2023-11-13,905,N,VIIRS,n,2,296.56,9.17,D,0
29.58763,74.35976,348.99,0.64,0.72,2023-11-13,905,N,VIIRS,n,2,298.61,5.48,D,0
29.58776,74.51344,367,0.66,0.73,2023-11-13,905,N,VIIRS,h,2,300.28,7.91,D,0
29.5889,74.38739,355.13,0.65,0.73,2023-11-13,905,N,VIIRS,n,2,299.95,8.97,D,0
29.5924,74.46393,367,0.65,0.73,2023-11-13,905,N,VIIRS,h,2,299.5,15.94,D,0
29.59271,74.47092,343.45,0.65,0.73,2023-11-13,905,N,VIIRS,n,2,296.37,15.94,D,0
29.65359,74.45388,337.26,0.65,0.73,2023-11-13,905,N,VIIRS,n,2,299.84,4.47,D,0
29.65414,74.45465,346.4,0.65,0.73,2023-11-13,905,N,VIIRS,n,2,300.53,7.99,D,0
29.65643,71.65054,354.87,0.44,0.63,2023-11-13,905,N,VIIRS,n,2,292.22,8.34,D,0
29.67625,75.38256,343.81,0.74,0.76,2023-11-13,905,N,VIIRS,n,2,297.87,13.14,D,0
29.68144,75.38842,336.39,0.74,0.76,2023-11-13,905,N,VIIRS,n,2,294.79,9.95,D,0
29.73009,75.47711,330.58,0.75,0.77,2023-11-13,905,N,VIIRS,n,2,296.19,3.33,D,0
29.74864,75.39565,346.83,0.74,0.76,2023-11-13,905,N,VIIRS,n,2,296.34,11.18,D,0
29.75134,75.39526,351.11,0.74,0.76,2023-11-13,905,N,VIIRS,n,2,295.99,8.22,D,0
29.76151,75.74058,344.72,0.78,0.78,2023-11-13,905,N,VIIRS,n,2,295.15,6.76,D,0
29.76232,75.7408,338.78,0.78,0.78,2023-11-13,905,N,VIIRS,n,2,293.79,7.87,D,0
29.76237,75.37904,337.51,0.74,0.76,2023-11-13,905,N,VIIRS,n,2,295.18,8.75,D,0
29.76517,75.37857,335.49,0.74,0.76,2023-11-13,905,N,VIIRS,n,2,294.83,8.13,D,0
29.77114,75.41893,338.07,0.74,0.76,2023-11-13,905,N,VIIRS,n,2,295.49,7.7,D,0
29.77372,75.41846,346.48,0.74,0.76,2023-11-13,905,N,VIIRS,n,2,295.34,11.11,D,0
29.77772,75.22786,336.58,0.72,0.76,2023-11-13,905,N,VIIRS,n,2,298,3.55,D,0
29.78134,75.2272,337.28,0.73,0.76,2023-11-13,905,N,VIIRS,n,2,298.35,7.11,D,0
29.80428,75.91001,330.17,0.8,0.78,2023-11-13,905,N,VIIRS,n,2,293.64,5.01,D,0
29.80441,75.90986,332.67,0.79,0.78,2023-11-13,905,N,VIIRS,n,2,293.74,5.03,D,0
29.84415,75.57067,337.77,0.76,0.77,2023-11-13,905,N,VIIRS,n,2,297.77,5.22,D,0
29.91127,75.18835,330.13,0.72,0.76,2023-11-13,905,N,VIIRS,n,2,295.1,3.92,D,0
29.91158,75.82736,344.11,0.79,0.78,2023-11-13,905,N,VIIRS,n,2,298.09,10.15,D,0
29.91207,75.8289,336.32,0.79,0.78,2023-11-13,905,N,VIIRS,n,2,297.97,9.28,D,0
29.91537,74.59467,367,0.67,0.73,2023-11-13,905,N,VIIRS,h,2,300.64,17.48,D,0
29.91589,75.73522,367,0.78,0.78,2023-11-13,905,N,VIIRS,h,2,299.39,14.6,D,0
29.91591,75.73354,367,0.78,0.78,2023-11-13,905,N,VIIRS,h,2,299.17,19.83,D,0
29.91628,75.38067,338.88,0.74,0.76,2023-11-13,905,N,VIIRS,n,2,297.64,5.71,D,0
29.91826,75.37865,338.97,0.74,0.76,2023-11-13,905,N,VIIRS,n,2,297.23,4.74,D,0
29.92227,74.59437,335.12,0.67,0.73,2023-11-13,905,N,VIIRS,n,2,298.21,6.83,D,0
29.92923,75.48356,330.26,0.75,0.77,2023-11-13,905,N,VIIRS,n,2,295.09,5.47,D,0
29.9345,72.88175,332.03,0.53,0.67,2023-11-13,905,N,VIIRS,n,2,296.81,5.94,D,0
29.9398,72.05184,332.3,0.47,0.64,2023-11-13,905,N,VIIRS,n,2,296.62,2.85,D,0
29.94083,75.60679,343.74,0.77,0.77,2023-11-13,905,N,VIIRS,n,2,296.58,5.31,D,0
29.94171,75.63177,331.42,0.77,0.77,2023-11-13,905,N,VIIRS,n,2,295.5,4.14,D,0
29.94287,75.66519,330.17,0.77,0.77,2023-11-13,905,N,VIIRS,n,2,294.91,5.67,D,0
29.94428,75.30548,336.45,0.73,0.76,2023-11-13,905,N,VIIRS,n,2,296.43,6.63,D,0
29.95172,75.0162,333.04,0.71,0.75,2023-11-13,905,N,VIIRS,n,2,296.84,3.86,D,0
29.95417,75.01621,333.09,0.71,0.75,2023-11-13,905,N,VIIRS,n,2,297.4,3.52,D,0
29.95472,75.31333,330.41,0.74,0.76,2023-11-13,905,N,VIIRS,n,2,293.23,10.28,D,0
29.95804,75.68145,345.85,0.77,0.78,2023-11-13,905,N,VIIRS,n,2,296.44,10.44,D,0
29.96024,75.53981,338.85,0.76,0.77,2023-11-13,905,N,VIIRS,n,2,295.09,8.5,D,0
29.96197,75.54031,335.03,0.76,0.77,2023-11-13,905,N,VIIRS,n,2,294.97,8.14,D,0
29.96755,75.72406,351.24,0.78,0.78,2023-11-13,905,N,VIIRS,n,2,294.87,16.75,D,0
29.97025,75.57304,341.8,0.76,0.77,2023-11-13,905,N,VIIRS,n,2,296.71,13.02,D,0
29.97051,75.62235,335.59,0.77,0.77,2023-11-13,905,N,VIIRS,n,2,295.62,4.72,D,0
29.97067,75.83392,343.27,0.79,0.78,2023-11-13,905,N,VIIRS,n,2,296.8,8.94,D,0
29.97079,75.83479,336.27,0.79,0.78,2023-11-13,905,N,VIIRS,n,2,296.49,12.48,D,0
29.97179,75.62284,334.3,0.77,0.77,2023-11-13,905,N,VIIRS,n,2,295.13,5.41,D,0
29.97596,75.57229,332.93,0.76,0.77,2023-11-13,905,N,VIIRS,n,2,295.16,4.93,D,0
29.97718,75.60549,335.36,0.77,0.77,2023-11-13,905,N,VIIRS,n,2,296.24,7.95,D,0
29.97898,75.18557,344.68,0.72,0.76,2023-11-13,905,N,VIIRS,n,2,296.43,10.92,D,0
29.98243,75.18549,345.68,0.72,0.76,2023-11-13,905,N,VIIRS,n,2,296.52,6.82,D,0
29.98387,75.79067,330.6,0.78,0.78,2023-11-13,905,N,VIIRS,n,2,296.7,6.37,D,0
29.98391,73.19796,332.87,0.55,0.68,2023-11-13,905,N,VIIRS,n,2,298.63,3.47,D,0
29.98422,75.79142,333.55,0.79,0.78,2023-11-13,905,N,VIIRS,n,2,296.32,10.22,D,0
29.9876,75.13842,353.97,0.72,0.75,2023-11-13,905,N,VIIRS,n,2,297.22,8.62,D,0
29.99153,75.13811,355.5,0.72,0.76,2023-11-13,905,N,VIIRS,n,2,296.1,10.91,D,0
29.99392,74.48981,346.71,0.66,0.73,2023-11-13,905,N,VIIRS,n,2,297.38,10.34,D,0
29.99423,74.49693,344.25,0.66,0.73,2023-11-13,905,N,VIIRS,n,2,296.35,10.47,D,0
29.99519,75.04496,338.42,0.71,0.75,2023-11-13,905,N,VIIRS,n,2,296.74,7.76,D,0
29.99575,75.25585,331.55,0.73,0.76,2023-11-13,905,N,VIIRS,n,2,295.14,3.17,D,0
29.99783,75.04515,350.57,0.71,0.75,2023-11-13,905,N,VIIRS,n,2,297.23,13.18,D,0
30.0011,74.49662,337.26,0.66,0.73,2023-11-13,905,N,VIIRS,n,2,295.31,10.47,D,0
30.00411,75.19254,332.69,0.72,0.76,2023-11-13,905,N,VIIRS,n,2,297.16,5.02,D,0
30.01397,75.43168,331.66,0.75,0.77,2023-11-13,905,N,VIIRS,n,2,293.74,6.51,D,0
30.02137,74.99013,339.91,0.71,0.75,2023-11-13,905,N,VIIRS,n,2,296.57,6.76,D,0
30.0215,75.43956,336.68,0.75,0.77,2023-11-13,905,N,VIIRS,n,2,295.85,6.51,D,0
30.0221,75.63739,331.22,0.77,0.77,2023-11-13,905,N,VIIRS,n,2,295.46,9.82,D,0
30.02329,75.63763,337.95,0.77,0.77,2023-11-13,905,N,VIIRS,n,2,295.72,13.56,D,0
30.0263,74.93663,338.82,0.7,0.75,2023-11-13,905,N,VIIRS,n,2,296.43,8.09,D,0
30.02674,75.12886,339.3,0.72,0.75,2023-11-13,905,N,VIIRS,n,2,294.97,8.13,D,0
30.03226,74.42422,367,0.65,0.73,2023-11-13,905,N,VIIRS,h,2,297.55,22.52,D,0
30.03247,74.42174,342.33,0.65,0.73,2023-11-13,905,N,VIIRS,n,2,295.79,11.65,D,0
30.03275,74.42878,353,0.65,0.73,2023-11-13,905,N,VIIRS,n,2,295.76,16.92,D,0
30.03673,75.60374,340.56,0.77,0.77,2023-11-13,905,N,VIIRS,n,2,295.92,7.22,D,0
30.03786,75.63708,344.8,0.77,0.77,2023-11-13,905,N,VIIRS,n,2,295.81,6.96,D,0
30.04063,74.82095,346.79,0.69,0.74,2023-11-13,905,N,VIIRS,n,2,296.89,7.08,D,0
30.04063,75.1205,339.44,0.72,0.75,2023-11-13,905,N,VIIRS,n,2,295.86,14.76,D,0
30.04124,75.13604,338.48,0.72,0.76,2023-11-13,905,N,VIIRS,n,2,295.71,7.36,D,0
30.04271,74.82299,352.26,0.69,0.74,2023-11-13,905,N,VIIRS,n,2,297.39,8.87,D,0
30.04486,75.23002,338.77,0.73,0.76,2023-11-13,905,N,VIIRS,n,2,294.57,8.14,D,0
30.04761,74.82061,331.62,0.69,0.74,2023-11-13,905,N,VIIRS,n,2,295.37,7.08,D,0
30.04858,75.73796,356.66,0.78,0.78,2023-11-13,905,N,VIIRS,n,2,298.05,12.65,D,0
30.04927,74.49897,338.3,0.66,0.73,2023-11-13,905,N,VIIRS,n,2,296.34,8.6,D,0
30.0495,74.50146,348.17,0.66,0.73,2023-11-13,905,N,VIIRS,n,2,297.23,7.13,D,0
30.04963,74.68717,341.88,0.68,0.74,2023-11-13,905,N,VIIRS,n,2,296.7,8.77,D,0
30.04991,74.69451,349.76,0.68,0.74,2023-11-13,905,N,VIIRS,n,2,296.85,8.77,D,0
30.05128,74.6968,367,0.68,0.74,2023-11-13,905,N,VIIRS,h,2,297.68,19.11,D,0
30.0531,75.87495,367,0.79,0.78,2023-11-13,905,N,VIIRS,h,2,297.77,15.48,D,0
30.05734,74.89528,340.15,0.7,0.75,2023-11-13,905,N,VIIRS,n,2,295.76,10.1,D,0
30.05825,75.59464,348.38,0.77,0.77,2023-11-13,905,N,VIIRS,n,2,296.68,6.21,D,0
30.05865,74.40185,335.69,0.65,0.73,2023-11-13,905,N,VIIRS,n,2,296.81,7.08,D,0
30.05897,74.40887,336.01,0.65,0.73,2023-11-13,905,N,VIIRS,n,2,296.78,9.46,D,0
30.05927,74.40624,355.63,0.65,0.73,2023-11-13,905,N,VIIRS,n,2,297.89,10.73,D,0
30.05955,74.88982,348.29,0.7,0.75,2023-11-13,905,N,VIIRS,n,2,296.93,14.28,D,0
30.06316,75.15077,337.59,0.72,0.76,2023-11-13,905,N,VIIRS,n,2,297.42,8.67,D,0
30.06628,75.14868,351.92,0.72,0.76,2023-11-13,905,N,VIIRS,n,2,297.28,12.22,D,0
30.06711,74.74032,330.36,0.68,0.74,2023-11-13,905,N,VIIRS,n,2,296.48,7.71,D,0
30.07076,74.5194,367,0.66,0.73,2023-11-13,905,N,VIIRS,h,2,301.05,20.48,D,0
30.07112,74.52197,367,0.66,0.73,2023-11-13,905,N,VIIRS,h,2,300.49,23.66,D,0
30.07178,74.68855,343.61,0.68,0.74,2023-11-13,905,N,VIIRS,n,2,297.64,5.77,D,0
30.07365,75.15618,330.24,0.72,0.76,2023-11-13,905,N,VIIRS,n,2,295.91,14.85,D,0
30.07738,75.15022,343.47,0.72,0.76,2023-11-13,905,N,VIIRS,n,2,296.8,11.75,D,0
30.0792,74.39114,335.94,0.65,0.73,2023-11-13,905,N,VIIRS,n,2,295.8,4.7,D,0
30.07957,75.33043,335.23,0.74,0.76,2023-11-13,905,N,VIIRS,n,2,295.46,4.93,D,0
30.08127,75.62721,330.97,0.77,0.77,2023-11-13,905,N,VIIRS,n,2,296.27,1.97,D,0
30.08156,74.44758,343.87,0.66,0.73,2023-11-13,905,N,VIIRS,n,2,296.53,12.62,D,0
30.08985,74.32056,335.96,0.65,0.73,2023-11-13,905,N,VIIRS,n,2,296.36,4.08,D,0
30.09063,75.23426,342.42,0.73,0.76,2023-11-13,905,N,VIIRS,n,2,295.77,7.89,D,0
30.09078,75.03888,339.89,0.71,0.75,2023-11-13,905,N,VIIRS,n,2,295.66,5.88,D,0
30.09091,75.24218,334.29,0.73,0.76,2023-11-13,905,N,VIIRS,n,2,295.54,7.89,D,0
30.0924,75.73487,334.24,0.78,0.78,2023-11-13,905,N,VIIRS,n,2,298.02,5.86,D,0
30.0948,75.05629,330.38,0.71,0.75,2023-11-13,905,N,VIIRS,n,2,294.11,5.21,D,0
30.09513,75.23605,355.24,0.73,0.76,2023-11-13,905,N,VIIRS,n,2,296.88,10.27,D,0
30.09614,74.99249,336.75,0.71,0.75,2023-11-13,905,N,VIIRS,n,2,297.84,9.88,D,0
30.09671,75.00782,343.88,0.71,0.75,2023-11-13,905,N,VIIRS,n,2,297.55,9.33,D,0
30.10124,75.57648,335.06,0.76,0.77,2023-11-13,905,N,VIIRS,n,2,294.27,5.14,D,0
30.10914,75.80266,338.72,0.79,0.78,2023-11-13,905,N,VIIRS,n,2,299.64,6.12,D,0
30.10962,75.80416,343.16,0.79,0.78,2023-11-13,905,N,VIIRS,n,2,299.69,8.82,D,0
30.11001,75.42816,346.64,0.75,0.77,2023-11-13,905,N,VIIRS,n,2,295.7,12.66,D,0
30.11105,75.27523,331.63,0.73,0.76,2023-11-13,905,N,VIIRS,n,2,295.36,6.55,D,0
30.1116,75.4262,354.39,0.75,0.77,2023-11-13,905,N,VIIRS,n,2,296.51,11.5,D,0
30.11194,75.47717,339.89,0.75,0.77,2023-11-13,905,N,VIIRS,n,2,297.96,7.93,D,0
30.11258,75.49353,354.67,0.76,0.77,2023-11-13,905,N,VIIRS,n,2,297.38,15.9,D,0
30.11381,75.49158,342.5,0.76,0.77,2023-11-13,905,N,VIIRS,n,2,296.46,9.98,D,0
30.11408,75.49979,338.15,0.76,0.77,2023-11-13,905,N,VIIRS,n,2,295.69,9.98,D,0
30.11721,75.25114,335.45,0.73,0.76,2023-11-13,905,N,VIIRS,n,2,295.84,4.89,D,0
30.12115,75.71681,343.95,0.78,0.78,2023-11-13,905,N,VIIRS,n,2,296.42,5.21,D,0
30.12116,75.7185,339.84,0.78,0.78,2023-11-13,905,N,VIIRS,n,2,296.2,5.45,D,0
30.12169,74.58177,330.05,0.67,0.74,2023-11-13,905,N,VIIRS,n,2,296.56,3.13,D,0
30.129,75.54243,331.31,0.76,0.77,2023-11-13,905,N,VIIRS,n,2,293.57,4.24,D,0
30.12996,75.54047,337.02,0.76,0.77,2023-11-13,905,N,VIIRS,n,2,293.61,4.95,D,0
30.13076,74.63219,337.82,0.67,0.74,2023-11-13,905,N,VIIRS,n,2,295.75,9.58,D,0
30.13232,73.0389,332.54,0.54,0.68,2023-11-13,905,N,VIIRS,n,2,297.71,5.17,D,0
30.13663,74.77182,337.29,0.69,0.74,2023-11-13,905,N,VIIRS,n,2,295.65,10.49,D,0
30.13783,74.32516,356.14,0.65,0.73,2023-11-13,905,N,VIIRS,n,2,297.5,10.49,D,0
30.13847,74.3391,337.9,0.65,0.73,2023-11-13,905,N,VIIRS,n,2,296.31,9.93,D,0
30.13909,74.32055,338.15,0.65,0.73,2023-11-13,905,N,VIIRS,n,2,295.92,6.64,D,0
30.13925,74.66835,331.92,0.68,0.74,2023-11-13,905,N,VIIRS,n,2,294.66,3.85,D,0
30.13937,74.32751,338.21,0.65,0.73,2023-11-13,905,N,VIIRS,n,2,296.39,6.64,D,0
30.13993,74.34151,342.44,0.65,0.73,2023-11-13,905,N,VIIRS,n,2,296.76,10.11,D,0
30.14003,75.62345,336.46,0.77,0.77,2023-11-13,905,N,VIIRS,n,2,298.55,8.9,D,0
30.14059,75.64024,330.83,0.77,0.77,2023-11-13,905,N,VIIRS,n,2,297.54,8.19,D,0
30.14255,75.69915,345.57,0.78,0.78,2023-11-13,905,N,VIIRS,n,2,297.42,7.81,D,0
30.14258,74.77478,333.33,0.69,0.74,2023-11-13,905,N,VIIRS,n,2,294.95,3.18,D,0
30.14619,74.66805,331.24,0.68,0.74,2023-11-13,905,N,VIIRS,n,2,294.05,6.55,D,0
30.14644,75.81857,334.38,0.79,0.78,2023-11-13,905,N,VIIRS,n,2,297.53,3.66,D,0
30.14731,75.62322,343.93,0.77,0.77,2023-11-13,905,N,VIIRS,n,2,296.78,8.9,D,0
30.15042,75.7158,351.95,0.78,0.78,2023-11-13,905,N,VIIRS,n,2,296.96,14.6,D,0
30.15122,74.624,341.82,0.67,0.74,2023-11-13,905,N,VIIRS,n,2,296.99,9.03,D,0
30.15143,75.53143,349.42,0.76,0.77,2023-11-13,905,N,VIIRS,n,2,293.79,15.83,D,0
30.15185,74.63855,336.11,0.67,0.74,2023-11-13,905,N,VIIRS,n,2,296.99,5.13,D,0
30.15699,74.42525,330.8,0.66,0.73,2023-11-13,905,N,VIIRS,n,2,297.26,4.59,D,0
30.1576,75.30329,331.36,0.74,0.76,2023-11-13,905,N,VIIRS,n,2,294.92,8.75,D,0
30.1578,75.50641,331.47,0.76,0.77,2023-11-13,905,N,VIIRS,n,2,288.6,7.33,D,0
30.15839,75.13703,340.73,0.72,0.76,2023-11-13,905,N,VIIRS,n,2,297.02,5.87,D,0
30.15853,74.64121,367,0.67,0.74,2023-11-13,905,N,VIIRS,h,2,298.2,21.34,D,0
30.15878,74.63825,367,0.67,0.74,2023-11-13,905,N,VIIRS,h,2,297.57,15.96,D,0
30.15913,74.80816,341.59,0.69,0.74,2023-11-13,905,N,VIIRS,n,2,295.31,6.75,D,0
30.1604,75.29925,332.72,0.74,0.76,2023-11-13,905,N,VIIRS,n,2,294.44,12.8,D,0
30.16296,75.25525,330.14,0.73,0.76,2023-11-13,905,N,VIIRS,n,2,293.94,3.32,D,0
30.16305,74.95491,357.07,0.7,0.75,2023-11-13,905,N,VIIRS,n,2,298.03,10.61,D,0
30.16477,75.30302,357.3,0.74,0.76,2023-11-13,905,N,VIIRS,l,2,296.25,8.75,D,0
30.16511,74.95135,367,0.7,0.75,2023-11-13,905,N,VIIRS,h,2,298.69,22.17,D,0
30.16783,75.30699,355.53,0.74,0.76,2023-11-13,905,N,VIIRS,n,2,296.18,24.26,D,0
30.16964,75.36332,341.83,0.74,0.76,2023-11-13,905,N,VIIRS,n,2,293.28,6.05,D,0
30.17009,74.9546,330.36,0.7,0.75,2023-11-13,905,N,VIIRS,n,2,295.86,10.61,D,0
30.17267,74.64786,349.72,0.68,0.74,2023-11-13,905,N,VIIRS,n,2,297.47,12.95,D,0
30.17296,74.64494,332,0.67,0.74,2023-11-13,905,N,VIIRS,n,2,296.67,8.31,D,0
30.17329,74.65225,346.11,0.68,0.74,2023-11-13,905,N,VIIRS,n,2,297.44,11.48,D,0
30.17346,75.34289,331.93,0.74,0.76,2023-11-13,905,N,VIIRS,n,2,292.76,4.21,D,0
30.17438,75.36709,338.16,0.74,0.76,2023-11-13,905,N,VIIRS,n,2,292.56,9.51,D,0
30.17788,74.45015,339.95,0.66,0.73,2023-11-13,905,N,VIIRS,n,2,296.18,10.41,D,0
30.17822,74.45725,367,0.66,0.73,2023-11-13,905,N,VIIRS,h,2,296.81,10.41,D,0
30.17871,74.45258,367,0.66,0.73,2023-11-13,905,N,VIIRS,h,2,298.52,16.79,D,0
30.17925,75.21879,346.2,0.73,0.76,2023-11-13,905,N,VIIRS,n,2,295.47,5.48,D,0
30.18316,75.22273,331.61,0.73,0.76,2023-11-13,905,N,VIIRS,n,2,295.02,7.16,D,0
30.18678,74.31806,339.12,0.65,0.73,2023-11-13,905,N,VIIRS,n,2,297.32,5.8,D,0
30.18777,75.15943,343.11,0.72,0.76,2023-11-13,905,N,VIIRS,n,2,296.02,5.91,D,0
30.18809,75.1673,332.71,0.72,0.76,2023-11-13,905,N,VIIRS,n,2,295.29,7.43,D,0
30.19162,75.16301,343.84,0.72,0.76,2023-11-13,905,N,VIIRS,n,2,295.85,8.04,D,0
30.19189,75.17089,332.26,0.72,0.76,2023-11-13,905,N,VIIRS,n,2,295.46,8.04,D,0
30.19309,74.78436,333.25,0.69,0.74,2023-11-13,905,N,VIIRS,n,2,296.81,5.93,D,0
30.19361,75.12785,344.41,0.72,0.76,2023-11-13,905,N,VIIRS,n,2,296.68,5.83,D,0
30.19485,75.05354,341,0.71,0.75,2023-11-13,905,N,VIIRS,n,2,296.94,7.58,D,0
30.19513,75.06126,335.14,0.71,0.75,2023-11-13,905,N,VIIRS,n,2,295.2,7.58,D,0
30.19595,75.36633,332.73,0.74,0.76,2023-11-13,905,N,VIIRS,n,2,294.13,5.63,D,0
30.19625,75.29779,337.79,0.74,0.76,2023-11-13,905,N,VIIRS,n,2,295.47,8.24,D,0
30.19677,74.23409,330.2,0.64,0.72,2023-11-13,905,N,VIIRS,n,2,295.86,2.99,D,0
30.19781,75.05771,346.28,0.71,0.75,2023-11-13,905,N,VIIRS,n,2,297.15,8.93,D,0
30.19805,74.58836,345.31,0.67,0.74,2023-11-13,905,N,VIIRS,n,2,297.38,9.24,D,0
30.19813,75.06541,345.38,0.71,0.75,2023-11-13,905,N,VIIRS,n,2,295.62,8.93,D,0
30.20012,74.00955,335.08,0.62,0.71,2023-11-13,905,N,VIIRS,n,2,295.82,4.61,D,0
30.2003,75.29375,351.91,0.74,0.76,2023-11-13,905,N,VIIRS,n,2,295.5,9.72,D,0
30.20204,75.25758,331.46,0.73,0.76,2023-11-13,905,N,VIIRS,n,2,295.46,3.83,D,0
30.2056,75.58378,341.68,0.77,0.77,2023-11-13,905,N,VIIRS,n,2,295.1,8.87,D,0
30.20778,75.30151,339.5,0.74,0.76,2023-11-13,905,N,VIIRS,n,2,294.38,9.72,D,0
30.20901,74.05608,334.26,0.62,0.72,2023-11-13,905,N,VIIRS,n,2,295.4,3.93,D,0
30.21058,75.29723,337.68,0.74,0.76,2023-11-13,905,N,VIIRS,n,2,293.88,7.95,D,0
30.21172,75.2217,355.95,0.73,0.76,2023-11-13,905,N,VIIRS,n,2,296.5,8.57,D,0
30.21203,75.79918,344.54,0.79,0.78,2023-11-13,905,N,VIIRS,n,2,295.94,9.61,D,0
30.21212,75.79536,347.77,0.79,0.78,2023-11-13,905,N,VIIRS,n,2,295.97,8.48,D,0
30.2147,74.83133,339.88,0.69,0.74,2023-11-13,905,N,VIIRS,n,2,294.88,3.56,D,0
30.21495,75.21732,352.83,0.73,0.76,2023-11-13,905,N,VIIRS,n,2,296.28,11.96,D,0
30.21588,74.8614,367,0.7,0.75,2023-11-13,905,N,VIIRS,h,2,296.12,9.24,D,0
30.21623,75.15842,333.58,0.72,0.76,2023-11-13,905,N,VIIRS,n,2,294.86,5.39,D,0
30.21651,74.37284,367,0.65,0.73,2023-11-13,905,N,VIIRS,h,2,298.19,16.25,D,0
30.21886,75.22145,334.6,0.73,0.76,2023-11-13,905,N,VIIRS,n,2,295,8.57,D,0
30.21983,75.24524,346.29,0.73,0.76,2023-11-13,905,N,VIIRS,n,2,295.42,7.55,D,0
30.22115,75.27709,331.95,0.73,0.76,2023-11-13,905,N,VIIRS,n,2,294.25,6.19,D,0
30.22294,75.24081,332.46,0.73,0.76,2023-11-13,905,N,VIIRS,n,2,294.28,7.95,D,0
30.22322,75.24876,342.03,0.73,0.76,2023-11-13,905,N,VIIRS,n,2,294.43,7.95,D,0
30.22631,74.77093,344.28,0.69,0.74,2023-11-13,905,N,VIIRS,n,2,296.26,8.93,D,0
30.23054,75.05975,330.13,0.71,0.75,2023-11-13,905,N,VIIRS,n,2,299.27,3.16,D,0
30.23095,75.26442,337.23,0.73,0.76,2023-11-13,905,N,VIIRS,n,2,295.46,4.58,D,0
30.23116,74.71876,367,0.68,0.74,2023-11-13,905,N,VIIRS,h,2,297.96,19.86,D,0
30.2348,74.80792,337.09,0.69,0.74,2023-11-13,905,N,VIIRS,n,2,296.69,10.8,D,0
30.23762,75.05946,367,0.71,0.75,2023-11-13,905,N,VIIRS,h,2,299.46,15.68,D,0
30.24483,74.88284,345.68,0.7,0.75,2023-11-13,905,N,VIIRS,n,2,296.09,10.14,D,0
30.24928,74.88036,336.49,0.7,0.75,2023-11-13,905,N,VIIRS,n,2,296.41,5.35,D,0
30.25093,74.85989,340.61,0.7,0.75,2023-11-13,905,N,VIIRS,n,2,296.59,5.22,D,0
30.2545,75.03334,337.09,0.71,0.75,2023-11-13,905,N,VIIRS,n,2,295.3,6.67,D,0
30.2555,74.85735,337.09,0.7,0.75,2023-11-13,905,N,VIIRS,n,2,296.65,7.57,D,0
30.25796,75.03533,335.48,0.71,0.75,2023-11-13,905,N,VIIRS,n,2,295.11,6.16,D,0
30.26411,74.08034,337.44,0.63,0.72,2023-11-13,905,N,VIIRS,n,2,296.79,8.93,D,0
30.26467,74.0437,348.16,0.62,0.72,2023-11-13,905,N,VIIRS,n,2,295.52,6.66,D,0
30.26614,74.07734,331.79,0.63,0.72,2023-11-13,905,N,VIIRS,n,2,295.29,5.68,D,0
30.26679,74.97884,331.63,0.71,0.75,2023-11-13,905,N,VIIRS,n,2,296.24,4.27,D,0
30.26902,75.13628,335.27,0.72,0.76,2023-11-13,905,N,VIIRS,n,2,295.8,6.09,D,0
30.26917,74.04643,332.74,0.62,0.72,2023-11-13,905,N,VIIRS,n,2,295.08,9.17,D,0
30.27062,75.36745,340.44,0.74,0.76,2023-11-13,905,N,VIIRS,n,2,296.4,10.41,D,0
30.27267,75.3736,332.06,0.75,0.77,2023-11-13,905,N,VIIRS,n,2,295.37,8.77,D,0
30.27359,75.25481,367,0.73,0.76,2023-11-13,905,N,VIIRS,h,2,299.76,23.9,D,0
30.27571,75.47159,342.04,0.76,0.77,2023-11-13,905,N,VIIRS,n,2,294.37,8.44,D,0
30.276,75.2527,367,0.73,0.76,2023-11-13,905,N,VIIRS,h,2,298.05,15.9,D,0
30.27722,74.02283,347.63,0.62,0.72,2023-11-13,905,N,VIIRS,n,2,295.07,6.53,D,0
30.28172,75.47324,348.8,0.76,0.77,2023-11-13,905,N,VIIRS,n,2,295.55,12.1,D,0
30.28294,75.47132,334.6,0.76,0.77,2023-11-13,905,N,VIIRS,n,2,293.58,4.92,D,0
30.29418,74.95462,339.3,0.71,0.75,2023-11-13,905,N,VIIRS,n,2,296.4,5.36,D,0
30.2972,75.24385,344.48,0.73,0.76,2023-11-13,905,N,VIIRS,n,2,299.67,10.1,D,0
30.29729,75.70517,334.37,0.78,0.78,2023-11-13,905,N,VIIRS,n,2,295.1,10.2,D,0
30.29736,75.70689,344.53,0.78,0.78,2023-11-13,905,N,VIIRS,n,2,295.23,15.92,D,0
30.29753,75.71367,351.54,0.78,0.78,2023-11-13,905,N,VIIRS,n,2,295.75,10.2,D,0
30.29766,75.7154,340.91,0.78,0.78,2023-11-13,905,N,VIIRS,n,2,294.67,15.43,D,0
30.30107,75.14848,367,0.72,0.76,2023-11-13,905,N,VIIRS,h,2,298.49,15.86,D,0
30.30189,75.24578,341.26,0.73,0.76,2023-11-13,905,N,VIIRS,n,2,298.42,10.55,D,0
30.30364,74.47977,337.71,0.66,0.73,2023-11-13,905,N,VIIRS,n,2,295.59,10.76,D,0
30.3049,75.14278,336.14,0.72,0.76,2023-11-13,905,N,VIIRS,n,2,295.2,14.65,D,0
30.30522,75.15066,367,0.72,0.76,2023-11-13,905,N,VIIRS,h,2,297.34,14.65,D,0
30.30819,75.14822,367,0.72,0.76,2023-11-13,905,N,VIIRS,h,2,295.7,15.86,D,0
30.31286,74.37252,330.83,0.65,0.73,2023-11-13,905,N,VIIRS,n,2,295.28,6.4,D,0
30.31358,75.00999,348.26,0.71,0.75,2023-11-13,905,N,VIIRS,n,2,296.02,9.03,D,0
30.31538,75.40656,339.48,0.75,0.77,2023-11-13,905,N,VIIRS,n,2,294.42,5.83,D,0
30.31696,75.40447,330.06,0.75,0.77,2023-11-13,905,N,VIIRS,n,2,293.2,7.36,D,0
30.31972,75.33339,337.69,0.74,0.76,2023-11-13,905,N,VIIRS,n,2,296.67,11.02,D,0
30.32197,75.33921,337.01,0.74,0.76,2023-11-13,905,N,VIIRS,n,2,295.89,10.57,D,0
30.33176,75.63622,336.3,0.77,0.78,2023-11-13,905,N,VIIRS,n,2,290.45,8.37,D,0
30.33353,75.25838,367,0.73,0.76,2023-11-13,905,N,VIIRS,h,2,298.53,16.94,D,0
30.33381,75.26638,346.35,0.74,0.76,2023-11-13,905,N,VIIRS,n,2,295.4,16.94,D,0
30.33865,74.49253,339.01,0.66,0.73,2023-11-13,905,N,VIIRS,n,2,296.04,4.61,D,0
30.34049,74.53569,339.42,0.67,0.73,2023-11-13,905,N,VIIRS,n,2,296.04,6.34,D,0
30.34055,75.46089,341.01,0.76,0.77,2023-11-13,905,N,VIIRS,n,2,294.73,5.79,D,0
30.34147,74.39955,335.89,0.65,0.73,2023-11-13,905,N,VIIRS,n,2,295.71,4.92,D,0
30.34422,74.30772,336.39,0.65,0.73,2023-11-13,905,N,VIIRS,n,2,295.73,9.2,D,0
30.35294,74.34941,336.69,0.65,0.73,2023-11-13,905,N,VIIRS,n,2,297.04,7.54,D,0
30.35304,74.50626,338.04,0.66,0.73,2023-11-13,905,N,VIIRS,n,2,295.55,7.32,D,0
30.35483,74.71076,333.39,0.68,0.74,2023-11-13,905,N,VIIRS,n,2,294.85,3.17,D,0
30.36052,75.41099,344.65,0.75,0.77,2023-11-13,905,N,VIIRS,n,2,292.4,10.8,D,0
30.36284,73.98497,349.18,0.62,0.71,2023-11-13,905,N,VIIRS,n,2,287.89,13.44,D,0
30.36467,74.61469,356.05,0.67,0.74,2023-11-13,905,N,VIIRS,n,2,297.91,12.59,D,0
30.36741,75.02094,349.3,0.71,0.75,2023-11-13,905,N,VIIRS,n,2,297.35,10.81,D,0
30.37015,75.09088,367,0.72,0.75,2023-11-13,905,N,VIIRS,h,2,297.92,16.66,D,0
30.37145,74.45522,367,0.66,0.73,2023-11-13,905,N,VIIRS,h,2,298.77,21.64,D,0
30.37939,75.14542,335.68,0.72,0.76,2023-11-13,905,N,VIIRS,n,2,296.93,5.13,D,0
30.39082,75.07447,335.12,0.72,0.75,2023-11-13,905,N,VIIRS,n,2,295.14,4.74,D,0
30.39239,74.46145,339.1,0.66,0.73,2023-11-13,905,N,VIIRS,n,2,295.86,4.77,D,0
30.39628,74.70165,330.46,0.68,0.74,2023-11-13,905,N,VIIRS,n,2,295.58,4.13,D,0
30.39735,75.24001,341.97,0.73,0.76,2023-11-13,905,N,VIIRS,n,2,296.4,14.04,D,0
30.407,75.30382,357.08,0.74,0.76,2023-11-13,905,N,VIIRS,n,2,292.41,14.54,D,0
30.41239,74.91156,339.15,0.7,0.75,2023-11-13,905,N,VIIRS,n,2,295.43,7.3,D,0
30.41543,75.33586,337.64,0.74,0.76,2023-11-13,905,N,VIIRS,n,2,286.81,14.05,D,0
30.43776,75.54042,335.42,0.76,0.77,2023-11-13,905,N,VIIRS,n,2,290.3,3.51,D,0
30.21561,70.63029,341.47,0.39,0.59,2023-11-13,906,N,VIIRS,n,2,296.44,5.35,D,0
30.33873,74.30689,331.35,0.65,0.73,2023-11-13,906,N,VIIRS,n,2,295.71,5.66,D,0
30.33892,74.49165,338.78,0.66,0.73,2023-11-13,906,N,VIIRS,n,2,296.38,9.63,D,0
30.33901,74.31389,339.09,0.65,0.73,2023-11-13,906,N,VIIRS,n,2,297.17,5.66,D,0
30.34052,74.5349,337.96,0.67,0.73,2023-11-13,906,N,VIIRS,n,2,296.22,7.51,D,0
30.35323,74.50536,340.34,0.66,0.73,2023-11-13,906,N,VIIRS,n,2,295.96,5.66,D,0
30.35385,74.7102,334.2,0.68,0.74,2023-11-13,906,N,VIIRS,n,2,294.97,4.02,D,0
30.35403,74.34832,342,0.65,0.73,2023-11-13,906,N,VIIRS,n,2,296.61,6.88,D,0
30.35524,73.89066,356.33,0.61,0.71,2023-11-13,906,N,VIIRS,l,2,287.37,22.8,D,0
30.35553,73.89725,349.62,0.61,0.71,2023-11-13,906,N,VIIRS,n,2,284.11,23.62,D,0
30.36423,74.61386,357.46,0.67,0.74,2023-11-13,906,N,VIIRS,n,2,297.84,11.56,D,0
30.36464,75.02075,348.4,0.71,0.75,2023-11-13,906,N,VIIRS,n,2,297.33,9.89,D,0
30.36698,75.09081,367,0.72,0.76,2023-11-13,906,N,VIIRS,h,2,298.03,22.01,D,0
30.37193,74.4541,367,0.66,0.73,2023-11-13,906,N,VIIRS,h,2,297.73,15.16,D,0
30.38302,75.14509,345.83,0.72,0.76,2023-11-13,906,N,VIIRS,n,2,297.36,8.71,D,0
30.39283,74.46026,339.34,0.66,0.73,2023-11-13,906,N,VIIRS,n,2,295.56,11.43,D,0
30.39535,74.70088,329.49,0.68,0.74,2023-11-13,906,N,VIIRS,n,2,295.68,3.27,D,0
30.40047,75.23969,356.51,0.73,0.76,2023-11-13,906,N,VIIRS,n,2,296.56,14.12,D,0
30.40069,74.843,342.51,0.7,0.75,2023-11-13,906,N,VIIRS,n,2,295.29,16.3,D,0
30.40073,75.24769,331.12,0.73,0.76,2023-11-13,906,N,VIIRS,n,2,294.27,13.8,D,0
30.40145,74.50307,343.7,0.66,0.73,2023-11-13,906,N,VIIRS,n,2,295.89,7.15,D,0
30.40259,75.3039,331.55,0.74,0.76,2023-11-13,906,N,VIIRS,n,2,289.92,3.84,D,0
30.40977,75.30362,345.54,0.74,0.76,2023-11-13,906,N,VIIRS,n,2,293.09,8.05,D,0
30.41025,74.91106,342.43,0.7,0.75,2023-11-13,906,N,VIIRS,n,2,295.78,5.2,D,0
30.41078,74.39509,328.55,0.66,0.73,2023-11-13,906,N,VIIRS,n,2,291.46,2.33,D,0
30.41128,74.75225,330.57,0.69,0.74,2023-11-13,906,N,VIIRS,n,2,294.41,3.71,D,0
30.4123,73.96741,344.44,0.62,0.71,2023-11-13,906,N,VIIRS,n,2,296.49,9.62,D,0
30.41332,74.62621,343.73,0.68,0.74,2023-11-13,906,N,VIIRS,n,2,296.25,5.62,D,0
30.41662,74.06158,341.12,0.63,0.72,2023-11-13,906,N,VIIRS,n,2,294.77,7.61,D,0
30.4171,74.72219,367,0.68,0.74,2023-11-13,906,N,VIIRS,h,2,296.85,9.86,D,0
30.41739,74.72962,345.5,0.69,0.74,2023-11-13,906,N,VIIRS,n,2,294.34,9.86,D,0
30.41837,73.95373,331.32,0.62,0.71,2023-11-13,906,N,VIIRS,n,2,296.73,3.11,D,0
30.42407,74.72188,330.7,0.68,0.74,2023-11-13,906,N,VIIRS,n,2,293.76,9.86,D,0
30.42583,74.26753,336.86,0.64,0.72,2023-11-13,906,N,VIIRS,n,2,292.23,4.57,D,0
30.42751,74.46581,339.43,0.66,0.73,2023-11-13,906,N,VIIRS,n,2,294.8,11.68,D,0
30.43233,74.26028,336.88,0.64,0.72,2023-11-13,906,N,VIIRS,n,2,290.68,4.57,D,0
30.43321,74.25766,330.61,0.64,0.72,2023-11-13,906,N,VIIRS,n,2,289.98,3.44,D,0
30.43412,74.62534,341.48,0.68,0.74,2023-11-13,906,N,VIIRS,n,2,295.25,8.2,D,0
30.43923,75.54042,336.9,0.76,0.77,2023-11-13,906,N,VIIRS,n,2,292.35,7,D,0
30.43942,75.12701,338.15,0.72,0.76,2023-11-13,906,N,VIIRS,n,2,295.34,14.65,D,0
30.4401,74.77348,335.47,0.69,0.74,2023-11-13,906,N,VIIRS,n,2,295.35,3.7,D,0
30.44498,74.72101,334.15,0.68,0.74,2023-11-13,906,N,VIIRS,n,2,295.72,3.54,D,0
30.44676,73.98585,348.78,0.62,0.71,2023-11-13,906,N,VIIRS,n,2,298.14,7.05,D,0
30.44732,75.56521,356.79,0.77,0.77,2023-11-13,906,N,VIIRS,l,2,294.82,22.01,D,0
30.44759,75.57359,335.91,0.77,0.77,2023-11-13,906,N,VIIRS,n,2,293.2,22.6,D,0
30.44841,75.59871,330.94,0.77,0.77,2023-11-13,906,N,VIIRS,n,2,293.93,7.23,D,0
30.44918,74.82577,347.53,0.69,0.75,2023-11-13,906,N,VIIRS,n,2,295.72,12.97,D,0
30.44947,73.98956,340.48,0.62,0.71,2023-11-13,906,N,VIIRS,n,2,296.29,11.12,D,0
30.45149,74.75582,332.66,0.69,0.74,2023-11-13,906,N,VIIRS,n,2,294.01,8.44,D,0
30.45316,74.75048,337.86,0.69,0.74,2023-11-13,906,N,VIIRS,n,2,293.58,8.21,D,0
30.45382,74.82343,357.04,0.7,0.75,2023-11-13,906,N,VIIRS,l,2,296.5,7.15,D,0
30.4577,74.86336,340.46,0.7,0.75,2023-11-13,906,N,VIIRS,n,2,296.98,4.34,D,0
30.45844,75.68304,336.5,0.78,0.78,2023-11-13,906,N,VIIRS,n,2,291.38,7.18,D,0
30.45984,73.97851,339.08,0.62,0.71,2023-11-13,906,N,VIIRS,n,2,297.8,6.02,D,0
30.46083,74.82314,331.58,0.7,0.75,2023-11-13,906,N,VIIRS,n,2,294.31,7.15,D,0
30.46101,74.94726,354.81,0.71,0.75,2023-11-13,906,N,VIIRS,n,2,295.89,12.48,D,0
30.46187,75.56464,332.64,0.77,0.77,2023-11-13,906,N,VIIRS,n,2,287.51,8.67,D,0
30.46421,74.92193,328.22,0.7,0.75,2023-11-13,906,N,VIIRS,n,2,294.35,4.9,D,0
30.46602,74.10687,346.71,0.63,0.72,2023-11-13,906,N,VIIRS,n,2,294.43,8.11,D,0
30.46862,74.16169,333.78,0.63,0.72,2023-11-13,906,N,VIIRS,n,2,290.62,11.88,D,0
30.47034,74.16566,342.3,0.64,0.72,2023-11-13,906,N,VIIRS,n,2,292.73,9.96,D,0
30.47089,75.12387,338.83,0.72,0.76,2023-11-13,906,N,VIIRS,n,2,295.5,6.94,D,0
30.4711,74.71759,354.09,0.69,0.74,2023-11-13,906,N,VIIRS,n,2,294.79,11.95,D,0
30.47176,74.20016,354.03,0.64,0.72,2023-11-13,906,N,VIIRS,n,2,295.52,16,D,0
30.47233,74.56261,329.21,0.67,0.74,2023-11-13,906,N,VIIRS,n,2,295,4.14,D,0
30.47255,74.71241,330.41,0.68,0.74,2023-11-13,906,N,VIIRS,n,2,293.59,4.67,D,0
30.4729,74.22789,338.59,0.64,0.72,2023-11-13,906,N,VIIRS,n,2,295.57,6.02,D,0
30.47316,74.58453,367,0.67,0.74,2023-11-13,906,N,VIIRS,h,2,296.88,9.66,D,0
30.47319,74.23484,328.13,0.64,0.72,2023-11-13,906,N,VIIRS,n,2,295.05,7.96,D,0
30.47412,75.00637,340.51,0.71,0.75,2023-11-13,906,N,VIIRS,n,2,296.09,4.6,D,0
30.47416,74.58696,367,0.67,0.74,2023-11-13,906,N,VIIRS,h,2,297.79,16.64,D,0
30.47425,74.61381,341.61,0.68,0.74,2023-11-13,906,N,VIIRS,n,2,295.63,6.23,D,0
30.47458,74.81498,367,0.69,0.75,2023-11-13,906,N,VIIRS,h,2,298.92,30.03,D,0
30.475,75.12566,330.61,0.72,0.76,2023-11-13,906,N,VIIRS,n,2,295.18,8.8,D,0
30.47542,74.61617,341.5,0.68,0.74,2023-11-13,906,N,VIIRS,n,2,295.46,7.08,D,0
30.47572,74.16828,330.02,0.64,0.72,2023-11-13,906,N,VIIRS,n,2,292.33,6.81,D,0
30.47691,74.81714,367,0.69,0.75,2023-11-13,906,N,VIIRS,h,2,300.89,27.42,D,0
30.47702,75.37408,335.45,0.75,0.77,2023-11-13,906,N,VIIRS,n,2,282.19,8.44,D,0
30.47786,75.01606,342.06,0.71,0.75,2023-11-13,906,N,VIIRS,n,2,296.19,12.8,D,0
30.47797,74.186,333.86,0.64,0.72,2023-11-13,906,N,VIIRS,n,2,294.65,7.5,D,0
30.47834,74.72475,339.94,0.69,0.74,2023-11-13,906,N,VIIRS,n,2,295.05,7.29,D,0
30.47984,74.71959,338.59,0.68,0.74,2023-11-13,906,N,VIIRS,n,2,295.08,14.36,D,0
30.48007,74.58419,342.37,0.67,0.74,2023-11-13,906,N,VIIRS,n,2,294.07,9.66,D,0
30.48032,74.90054,339.47,0.7,0.75,2023-11-13,906,N,VIIRS,n,2,295.99,6.09,D,0
30.48056,74.24842,340.15,0.64,0.72,2023-11-13,906,N,VIIRS,n,2,294.92,5.84,D,0
30.4812,75.00607,329.76,0.71,0.75,2023-11-13,906,N,VIIRS,n,2,296.29,4.6,D,0
30.48146,75.01384,339.08,0.71,0.75,2023-11-13,906,N,VIIRS,n,2,295.46,15.55,D,0
30.48243,74.13063,345.95,0.63,0.72,2023-11-13,906,N,VIIRS,n,2,296,5.73,D,0
30.48348,74.18864,335.41,0.64,0.72,2023-11-13,906,N,VIIRS,n,2,294.36,15.08,D,0
30.48463,75.00805,333.61,0.71,0.75,2023-11-13,906,N,VIIRS,n,2,296.73,7.76,D,0
30.48475,74.18567,350.01,0.64,0.72,2023-11-13,906,N,VIIRS,n,2,295.63,9.18,D,0
30.48504,74.19258,331.88,0.64,0.72,2023-11-13,906,N,VIIRS,n,2,294.1,10.03,D,0
30.48684,74.07565,343.99,0.63,0.72,2023-11-13,906,N,VIIRS,n,2,294.9,9.56,D,0
30.48728,74.59119,350.32,0.67,0.74,2023-11-13,906,N,VIIRS,n,2,296.1,8.56,D,0
30.48804,74.79924,367,0.69,0.74,2023-11-13,906,N,VIIRS,h,2,296.4,14.07,D,0
30.48807,74.74905,348.84,0.69,0.74,2023-11-13,906,N,VIIRS,n,2,296.31,15.2,D,0
30.48862,75.71465,337.64,0.78,0.78,2023-11-13,906,N,VIIRS,n,2,283.67,8.9,D,0
30.49029,74.80147,345.45,0.69,0.74,2023-11-13,906,N,VIIRS,n,2,294.93,8.9,D,0
30.49075,75.79208,347.65,0.79,0.78,2023-11-13,906,N,VIIRS,n,2,286.29,4.23,D,0
30.49154,74.18533,344.21,0.64,0.72,2023-11-13,906,N,VIIRS,n,2,296,9.18,D,0
30.49312,74.74648,336.03,0.69,0.74,2023-11-13,906,N,VIIRS,n,2,293.91,5.89,D,0
30.49511,75.43724,344.19,0.76,0.77,2023-11-13,906,N,VIIRS,n,2,292.22,9.31,D,0
30.49802,74.17809,367,0.64,0.72,2023-11-13,906,N,VIIRS,h,2,299.79,12.67,D,0
30.49814,74.69407,355.21,0.68,0.74,2023-11-13,906,N,VIIRS,n,2,296.69,11.74,D,0
30.49831,74.18499,350.36,0.64,0.72,2023-11-13,906,N,VIIRS,n,2,295.29,12.67,D,0
30.49978,74.69645,354.62,0.68,0.74,2023-11-13,906,N,VIIRS,n,2,296.19,12.79,D,0
30.50105,75.43881,367,0.75,0.77,2023-11-13,906,N,VIIRS,h,2,293.48,21.12,D,0
30.50106,74.96651,338.73,0.71,0.75,2023-11-13,906,N,VIIRS,n,2,295.02,6.85,D,0
30.50155,74.26141,335.12,0.64,0.72,2023-11-13,906,N,VIIRS,n,2,293.49,4.48,D,0
30.50234,75.43694,328.08,0.76,0.77,2023-11-13,906,N,VIIRS,n,2,292.19,8.85,D,0
30.5026,75.44516,331.31,0.76,0.77,2023-11-13,906,N,VIIRS,n,2,292.9,9.1,D,0
30.50427,74.96863,340.3,0.71,0.75,2023-11-13,906,N,VIIRS,n,2,293.71,8.4,D,0
30.5045,74.17085,329.04,0.64,0.72,2023-11-13,906,N,VIIRS,n,2,296.76,13.25,D,0
30.5048,74.17776,352.26,0.64,0.72,2023-11-13,906,N,VIIRS,n,2,295.19,12.67,D,0
30.5051,74.18466,330.21,0.64,0.72,2023-11-13,906,N,VIIRS,n,2,293.47,12.67,D,0
30.50568,75.31425,329.94,0.74,0.76,2023-11-13,906,N,VIIRS,n,2,291.31,8.41,D,0
30.50654,74.38102,334.08,0.66,0.73,2023-11-13,906,N,VIIRS,n,2,294.41,4.42,D,0
30.50671,75.81049,335.58,0.79,0.78,2023-11-13,906,N,VIIRS,n,2,294.43,7.83,D,0
30.50703,74.93541,338.89,0.71,0.75,2023-11-13,906,N,VIIRS,n,2,294.2,5.69,D,0
30.50731,75.61358,344.14,0.77,0.77,2023-11-13,906,N,VIIRS,n,2,294.42,8.45,D,0
30.50764,75.6119,332.67,0.77,0.78,2023-11-13,906,N,VIIRS,n,2,294.34,7.45,D,0
30.50789,75.62033,336.89,0.77,0.78,2023-11-13,906,N,VIIRS,n,2,294.07,7.45,D,0
30.50923,74.99714,353.1,0.71,0.75,2023-11-13,906,N,VIIRS,n,2,296.79,10.64,D,0
30.50925,74.28204,329.45,0.65,0.73,2023-11-13,906,N,VIIRS,n,2,293.92,7.76,D,0
30.50955,74.28904,353.14,0.65,0.73,2023-11-13,906,N,VIIRS,n,2,295.24,14.18,D,0
30.51229,74.04037,331.26,0.63,0.72,2023-11-13,906,N,VIIRS,n,2,295.45,6.01,D,0
30.51408,75.81027,339.48,0.79,0.78,2023-11-13,906,N,VIIRS,n,2,290.28,11.06,D,0
30.51654,75.27554,334.96,0.74,0.76,2023-11-13,906,N,VIIRS,n,2,290.83,13.27,D,0
30.51663,74.45925,347.87,0.66,0.73,2023-11-13,906,N,VIIRS,n,2,296.18,9.11,D,0
30.51898,74.51688,341.25,0.67,0.73,2023-11-13,906,N,VIIRS,n,2,296.18,6.18,D,0
30.51899,75.2814,335.77,0.74,0.76,2023-11-13,906,N,VIIRS,n,2,293.12,7.79,D,0
30.52,74.90417,340.79,0.7,0.75,2023-11-13,906,N,VIIRS,n,2,295.48,5.8,D,0
30.52055,74.07397,353.76,0.63,0.72,2023-11-13,906,N,VIIRS,n,2,299.3,28.7,D,0
30.52085,74.08076,367,0.63,0.72,2023-11-13,906,N,VIIRS,h,2,298.03,38.66,D,0
30.524,71.84135,331.24,0.46,0.64,2023-11-13,906,N,VIIRS,n,2,295.11,3.81,D,0
30.52654,71.84203,334.29,0.46,0.64,2023-11-13,906,N,VIIRS,n,2,294.81,4.23,D,0
30.52757,74.23221,335.26,0.64,0.72,2023-11-13,906,N,VIIRS,n,2,294.14,5.27,D,0
30.52788,74.23917,330.2,0.64,0.72,2023-11-13,906,N,VIIRS,n,2,293.46,5.27,D,0
30.52818,74.24615,330.55,0.64,0.72,2023-11-13,906,N,VIIRS,n,2,293.13,7.27,D,0
30.53279,75.26475,335.69,0.74,0.76,2023-11-13,906,N,VIIRS,n,2,294.49,4.87,D,0
30.53376,74.21798,367,0.64,0.72,2023-11-13,906,N,VIIRS,h,2,297.47,20.55,D,0
30.53529,74.2528,341.61,0.64,0.72,2023-11-13,906,N,VIIRS,n,2,294.94,7.27,D,0
30.53533,74.21326,340.44,0.64,0.72,2023-11-13,906,N,VIIRS,n,2,293.47,7,D,0
30.53667,74.2481,351.2,0.64,0.72,2023-11-13,906,N,VIIRS,n,2,294.94,5.93,D,0
30.5405,74.17133,348.96,0.64,0.72,2023-11-13,906,N,VIIRS,n,2,296.25,8.03,D,0
30.54149,74.55958,342.58,0.67,0.74,2023-11-13,906,N,VIIRS,n,2,296.5,9.89,D,0
30.54162,75.31284,335.47,0.74,0.76,2023-11-13,906,N,VIIRS,n,2,293.35,3.28,D,0
30.5424,74.21986,336.81,0.64,0.72,2023-11-13,906,N,VIIRS,n,2,293.46,7,D,0
30.54252,74.40342,331.27,0.66,0.73,2023-11-13,906,N,VIIRS,n,2,295.05,3.25,D,0
30.54516,74.1689,367,0.64,0.72,2023-11-13,906,N,VIIRS,h,2,296.04,11.82,D,0
30.54728,74.17097,345.69,0.64,0.72,2023-11-13,906,N,VIIRS,n,2,292.89,7.17,D,0
30.55048,75.36133,342.29,0.75,0.77,2023-11-13,906,N,VIIRS,n,2,295.12,10.5,D,0
30.55327,74.32469,351.66,0.65,0.73,2023-11-13,906,N,VIIRS,n,2,296.1,13.07,D,0
30.55593,74.57359,333.13,0.67,0.74,2023-11-13,906,N,VIIRS,n,2,295.68,7.41,D,0
30.55626,74.22614,343.27,0.64,0.72,2023-11-13,906,N,VIIRS,n,2,295.67,6.3,D,0
30.55853,74.3149,328.87,0.65,0.73,2023-11-13,906,N,VIIRS,n,2,293.78,7.97,D,0
30.55885,74.32194,357.2,0.65,0.73,2023-11-13,906,N,VIIRS,l,2,295.37,7.97,D,0
30.55901,74.29616,335,0.65,0.73,2023-11-13,906,N,VIIRS,n,2,294.72,3.82,D,0
30.55915,74.48623,367,0.66,0.73,2023-11-13,906,N,VIIRS,h,2,298.04,16.1,D,0
30.5592,74.48164,328.59,0.66,0.73,2023-11-13,906,N,VIIRS,n,2,294.99,9.31,D,0
30.55947,74.48888,351.14,0.67,0.73,2023-11-13,906,N,VIIRS,n,2,296.93,9.31,D,0
30.55983,74.31728,333.23,0.65,0.73,2023-11-13,906,N,VIIRS,n,2,294.03,11.27,D,0
30.5601,74.32434,352.66,0.65,0.73,2023-11-13,906,N,VIIRS,n,2,294.22,13.07,D,0
30.56079,75.04956,335.29,0.72,0.75,2023-11-13,906,N,VIIRS,n,2,295.38,4.28,D,0
30.5626,74.10614,331.2,0.63,0.72,2023-11-13,906,N,VIIRS,n,2,296.87,3.56,D,0
30.56268,74.57607,341.95,0.67,0.74,2023-11-13,906,N,VIIRS,n,2,294.76,10.91,D,0
30.56286,74.57332,348.59,0.67,0.74,2023-11-13,906,N,VIIRS,n,2,295.42,7.41,D,0
30.56326,75.52597,367,0.76,0.77,2023-11-13,906,N,VIIRS,h,2,296.96,13.84,D,0
30.56473,74.26773,344.12,0.65,0.73,2023-11-13,906,N,VIIRS,n,2,295.99,18.59,D,0
30.56528,74.28176,347.51,0.65,0.73,2023-11-13,906,N,VIIRS,n,2,296.14,7.47,D,0
30.56894,75.17919,343.13,0.73,0.76,2023-11-13,906,N,VIIRS,n,2,294.7,6.51,D,0
30.569,74.24426,339.13,0.64,0.72,2023-11-13,906,N,VIIRS,n,2,297.17,5.81,D,0
30.56964,74.25825,338.72,0.64,0.72,2023-11-13,906,N,VIIRS,n,2,296.83,5.79,D,0
30.56996,74.26524,343.92,0.65,0.73,2023-11-13,906,N,VIIRS,n,2,296.33,5.79,D,0
30.57037,75.31182,335.51,0.74,0.76,2023-11-13,906,N,VIIRS,n,2,295.11,6.32,D,0
30.5706,74.27922,367,0.65,0.73,2023-11-13,906,N,VIIRS,h,2,296.77,12.69,D,0
30.57065,74.13322,351.31,0.63,0.72,2023-11-13,906,N,VIIRS,n,2,297.8,11.48,D,0
30.57126,74.26041,349.61,0.65,0.73,2023-11-13,906,N,VIIRS,n,2,296.93,10.83,D,0
30.5721,74.28143,336.54,0.65,0.73,2023-11-13,906,N,VIIRS,n,2,294.74,7.47,D,0
30.57298,74.13512,341.23,0.63,0.72,2023-11-13,906,N,VIIRS,n,2,296.01,8.94,D,0
30.5736,75.33198,333.42,0.75,0.77,2023-11-13,906,N,VIIRS,n,2,295.7,3.72,D,0
30.57442,74.7086,332.64,0.69,0.74,2023-11-13,906,N,VIIRS,n,2,293.13,5.14,D,0
30.57524,75.45084,334.79,0.76,0.77,2023-11-13,906,N,VIIRS,n,2,295.71,4.13,D,0
30.57567,74.71306,328.98,0.69,0.74,2023-11-13,906,N,VIIRS,n,2,293.03,8.69,D,0
30.57598,74.72054,346.49,0.69,0.74,2023-11-13,906,N,VIIRS,n,2,294.45,8.61,D,0
30.57634,75.18684,327.81,0.73,0.76,2023-11-13,906,N,VIIRS,n,2,294.18,6.51,D,0
30.57659,75.1948,343,0.73,0.76,2023-11-13,906,N,VIIRS,n,2,294.33,10.28,D,0
30.57698,75.44673,332.59,0.76,0.77,2023-11-13,906,N,VIIRS,n,2,295.34,3.33,D,0
30.58033,75.19091,367,0.73,0.76,2023-11-13,906,N,VIIRS,h,2,295.7,9.5,D,0
30.58094,75.10734,328.9,0.72,0.76,2023-11-13,906,N,VIIRS,n,2,294.13,2.01,D,0
30.58172,75.61386,335.86,0.77,0.78,2023-11-13,906,N,VIIRS,n,2,293.97,2.95,D,0
30.58193,74.72324,345.45,0.69,0.74,2023-11-13,906,N,VIIRS,n,2,292.59,13.24,D,0
30.58295,74.72025,331.58,0.69,0.74,2023-11-13,906,N,VIIRS,n,2,291.98,8.61,D,0
30.58742,74.66071,330.33,0.68,0.74,2023-11-13,906,N,VIIRS,n,2,290.86,4.4,D,0
30.59088,75.1942,333.71,0.73,0.76,2023-11-13,906,N,VIIRS,n,2,294.39,5.05,D,0
30.59444,74.16164,367,0.64,0.72,2023-11-13,906,N,VIIRS,h,2,298.36,10.07,D,0
30.59817,71.64404,347.3,0.45,0.63,2023-11-13,906,N,VIIRS,n,2,296.96,10.91,D,0
30.59842,75.49149,345.76,0.76,0.77,2023-11-13,906,N,VIIRS,n,2,297.17,8.46,D,0
30.60018,75.04362,350.86,0.72,0.75,2023-11-13,906,N,VIIRS,n,2,295.91,8.49,D,0
30.60116,75.17424,327.69,0.73,0.76,2023-11-13,906,N,VIIRS,n,2,294.58,1.96,D,0
30.60338,75.60467,330.8,0.77,0.78,2023-11-13,906,N,VIIRS,n,2,295.89,3.39,D,0
30.60826,73.86274,335.78,0.61,0.71,2023-11-13,906,N,VIIRS,n,2,297.16,3.02,D,0
30.60892,75.18988,331.28,0.73,0.76,2023-11-13,906,N,VIIRS,n,2,295.17,4.62,D,0
30.61647,75.55361,329.03,0.77,0.77,2023-11-13,906,N,VIIRS,n,2,295.32,4.06,D,0
30.61722,75.57879,333.82,0.77,0.77,2023-11-13,906,N,VIIRS,n,2,295.72,6.96,D,0
30.6202,71.71095,337.21,0.46,0.63,2023-11-13,906,N,VIIRS,n,2,295.01,3.51,D,0
30.62239,71.65197,335.88,0.45,0.63,2023-11-13,906,N,VIIRS,n,2,294.21,2.31,D,0
30.62371,71.70756,337.49,0.46,0.63,2023-11-13,906,N,VIIRS,n,2,295.08,5.72,D,0
30.62411,72.06892,343.99,0.48,0.65,2023-11-13,906,N,VIIRS,n,2,296.03,5.28,D,0
30.62426,71.68118,332.05,0.46,0.63,2023-11-13,906,N,VIIRS,n,2,295.08,1.81,D,0
30.62752,74.46407,335.87,0.66,0.73,2023-11-13,906,N,VIIRS,n,2,296.3,5.81,D,0
30.62813,72.24151,332.65,0.49,0.65,2023-11-13,906,N,VIIRS,n,2,294.85,2.23,D,0
30.63268,75.16066,327.67,0.73,0.76,2023-11-13,906,N,VIIRS,n,2,295.17,2.95,D,0
30.63317,74.27141,345.35,0.65,0.73,2023-11-13,906,N,VIIRS,n,2,297.88,5.94,D,0
30.63441,74.46377,330.1,0.66,0.73,2023-11-13,906,N,VIIRS,n,2,294.37,5.81,D,0
30.63859,74.3989,332.43,0.66,0.73,2023-11-13,906,N,VIIRS,n,2,295.61,9.54,D,0
30.64151,74.30629,328.54,0.65,0.73,2023-11-13,906,N,VIIRS,n,2,297.36,4.34,D,0
30.64257,75.24026,335.54,0.74,0.76,2023-11-13,906,N,VIIRS,n,2,295.81,12.66,D,0
30.64425,71.65193,344.77,0.45,0.63,2023-11-13,906,N,VIIRS,n,2,295.61,3.78,D,0
30.65012,75.04945,336.22,0.72,0.75,2023-11-13,906,N,VIIRS,n,2,294.61,7.14,D,0
30.6598,75.11997,344.86,0.72,0.76,2023-11-13,906,N,VIIRS,n,2,296.07,5.56,D,0
30.66523,75.48502,337.21,0.76,0.77,2023-11-13,906,N,VIIRS,n,2,297.36,6.24,D,0
30.66552,74.56896,336.33,0.67,0.74,2023-11-13,906,N,VIIRS,n,2,294.14,4.99,D,0
30.66739,74.82282,330.28,0.7,0.75,2023-11-13,906,N,VIIRS,n,2,295.54,3.34,D,0
30.6674,74.25298,328.58,0.65,0.73,2023-11-13,906,N,VIIRS,n,2,296.12,4.16,D,0
30.67124,74.35181,332.3,0.65,0.73,2023-11-13,906,N,VIIRS,n,2,285.03,4.06,D,0
30.67458,74.62755,329.22,0.68,0.74,2023-11-13,906,N,VIIRS,n,2,291.81,3.23,D,0
30.67594,74.62997,333.43,0.68,0.74,2023-11-13,906,N,VIIRS,n,2,292.31,5.98,D,0
30.67598,74.3118,342.76,0.65,0.73,2023-11-13,906,N,VIIRS,n,2,292.65,9.49,D,0
30.6767,74.31599,367,0.65,0.73,2023-11-13,906,N,VIIRS,h,2,293.49,13.66,D,0
30.67803,71.92361,329.61,0.47,0.64,2023-11-13,906,N,VIIRS,n,2,292.67,3.63,D,0
30.68739,74.26191,337.58,0.65,0.73,2023-11-13,906,N,VIIRS,n,2,294.31,9.34,D,0
30.68756,74.24497,338.06,0.65,0.73,2023-11-13,906,N,VIIRS,n,2,295.37,5.95,D,0
30.68841,74.26603,345.65,0.65,0.73,2023-11-13,906,N,VIIRS,n,2,294.04,8.4,D,0
30.69102,74.50931,340.53,0.67,0.74,2023-11-13,906,N,VIIRS,n,2,293.64,7.28,D,0
30.69123,75.11663,347.36,0.73,0.76,2023-11-13,906,N,VIIRS,n,2,295.54,10.24,D,0
30.69172,74.51199,346.53,0.67,0.73,2023-11-13,906,N,VIIRS,n,2,294.64,6.57,D,0
30.69267,74.53383,348.01,0.67,0.74,2023-11-13,906,N,VIIRS,n,2,291.86,7.65,D,0
30.69459,74.42231,329.3,0.66,0.73,2023-11-13,906,N,VIIRS,n,2,294.88,11.18,D,0
30.69478,74.42508,347.02,0.66,0.73,2023-11-13,906,N,VIIRS,n,2,296.59,7.84,D,0
30.69512,75.11076,336.61,0.72,0.76,2023-11-13,906,N,VIIRS,n,2,295.13,13.07,D,0
30.69821,74.51626,328.27,0.67,0.74,2023-11-13,906,N,VIIRS,n,2,283.6,7.28,D,0
30.69849,74.52354,335.55,0.67,0.74,2023-11-13,906,N,VIIRS,n,2,283.47,13.52,D,0
30.7008,72.00373,345.76,0.48,0.64,2023-11-13,906,N,VIIRS,n,2,295.45,5.71,D,0
30.70167,74.79849,367,0.7,0.75,2023-11-13,906,N,VIIRS,h,2,296.93,11.14,D,0
30.70293,71.93707,335.92,0.47,0.64,2023-11-13,906,N,VIIRS,n,2,294.14,6.48,D,0
30.70402,74.80088,351.91,0.69,0.75,2023-11-13,906,N,VIIRS,n,2,296.01,12.4,D,0
30.70519,74.34306,356.19,0.65,0.73,2023-11-13,906,N,VIIRS,n,2,291.92,9.74,D,0
30.70568,74.53053,332.91,0.67,0.74,2023-11-13,906,N,VIIRS,n,2,283.99,9.06,D,0
30.70596,74.53785,354.65,0.67,0.74,2023-11-13,906,N,VIIRS,n,2,286.82,17.66,D,0
30.70598,75.02391,345.84,0.72,0.75,2023-11-13,906,N,VIIRS,n,2,293.86,8.58,D,0
30.70862,74.42886,333.77,0.66,0.73,2023-11-13,906,N,VIIRS,n,2,292.33,6.42,D,0
30.70922,74.81337,331.75,0.7,0.75,2023-11-13,906,N,VIIRS,n,2,293.77,10.13,D,0
30.70944,75.02151,352.06,0.72,0.75,2023-11-13,906,N,VIIRS,n,2,294.29,8.87,D,0
30.71242,71.79507,339.84,0.46,0.64,2023-11-13,906,N,VIIRS,n,2,294.99,3.74,D,0
30.71568,74.26471,367,0.65,0.73,2023-11-13,906,N,VIIRS,h,2,293.92,22.52,D,0
30.71932,74.83069,328.24,0.7,0.75,2023-11-13,906,N,VIIRS,n,2,292.92,3.83,D,0
30.72157,71.74952,345.08,0.46,0.64,2023-11-13,906,N,VIIRS,n,2,296.49,9.15,D,0
30.72519,74.86603,327.93,0.7,0.75,2023-11-13,906,N,VIIRS,n,2,294.37,8,D,0
30.7271,75.34064,333.52,0.75,0.77,2023-11-13,906,N,VIIRS,n,2,295.63,5.24,D,0
30.73199,74.32758,342.5,0.65,0.73,2023-11-13,906,N,VIIRS,n,2,289.97,4.26,D,0
30.73259,75.34253,333.99,0.75,0.77,2023-11-13,906,N,VIIRS,n,2,296.42,8.21,D,0
30.73265,75.54145,335.94,0.77,0.77,2023-11-13,906,N,VIIRS,n,2,294.99,6.82,D,0
30.73328,75.53944,339.88,0.77,0.77,2023-11-13,906,N,VIIRS,n,2,295,6,D,0
30.73418,75.19691,348.79,0.73,0.76,2023-11-13,906,N,VIIRS,n,2,295.52,12.22,D,0
30.7343,75.34038,344.3,0.75,0.77,2023-11-13,906,N,VIIRS,n,2,296.83,7.06,D,0
30.7364,75.40607,336.42,0.75,0.77,2023-11-13,906,N,VIIRS,n,2,295.11,4.98,D,0
30.73704,74.28487,336.97,0.65,0.73,2023-11-13,906,N,VIIRS,n,2,295.95,7.04,D,0
30.73955,74.87309,339.83,0.7,0.75,2023-11-13,906,N,VIIRS,n,2,292.87,7.19,D,0
30.7422,75.14642,327.73,0.73,0.76,2023-11-13,906,N,VIIRS,n,2,294.79,3.38,D,0
30.74393,72.0161,367,0.48,0.64,2023-11-13,906,N,VIIRS,h,2,295.27,6.92,D,0
30.74516,72.01722,351.99,0.48,0.65,2023-11-13,906,N,VIIRS,n,2,295,8.21,D,0
30.74942,70.92238,342.7,0.41,0.61,2023-11-13,906,N,VIIRS,n,2,295.92,5.63,D,0
30.76096,74.88004,335.75,0.7,0.75,2023-11-13,906,N,VIIRS,n,2,292.89,5.62,D,0
30.76183,74.90303,334.8,0.71,0.75,2023-11-13,906,N,VIIRS,n,2,291.76,7.79,D,0
30.766,74.88711,327.92,0.7,0.75,2023-11-13,906,N,VIIRS,n,2,292.25,5.27,D,0
30.7673,74.68301,339.3,0.68,0.74,2023-11-13,906,N,VIIRS,n,2,293.77,5.55,D,0
30.76818,74.35333,335.79,0.66,0.73,2023-11-13,906,N,VIIRS,n,2,295.9,7,D,0
30.76829,74.88741,327.66,0.7,0.75,2023-11-13,906,N,VIIRS,n,2,292.02,5.62,D,0
30.76973,74.57175,338.89,0.67,0.74,2023-11-13,906,N,VIIRS,n,2,279.86,6.08,D,0
30.77296,75.01115,336.46,0.72,0.75,2023-11-13,906,N,VIIRS,n,2,287.19,5.52,D,0
30.77313,71.76641,336.82,0.46,0.64,2023-11-13,906,N,VIIRS,n,2,295.15,5.23,D,0
30.77315,74.682,352.81,0.69,0.74,2023-11-13,906,N,VIIRS,n,2,295.31,8.33,D,0
30.77427,74.68275,336.08,0.68,0.74,2023-11-13,906,N,VIIRS,n,2,293.69,5.55,D,0
30.78732,74.83321,330.8,0.7,0.75,2023-11-13,906,N,VIIRS,n,2,295.09,7.89,D,0
30.79662,71.86015,339.83,0.47,0.64,2023-11-13,906,N,VIIRS,n,2,294.71,2.58,D,0
30.81222,74.60584,346.88,0.68,0.74,2023-11-13,906,N,VIIRS,n,2,295.88,10.59,D,0
30.81292,74.60691,346.48,0.68,0.74,2023-11-13,906,N,VIIRS,n,2,295.68,12.91,D,0
30.81536,75.38696,340.06,0.75,0.77,2023-11-13,906,N,VIIRS,n,2,296.38,6.85,D,0
30.8174,75.38679,335.56,0.75,0.77,2023-11-13,906,N,VIIRS,n,2,295.92,8.56,D,0
30.82209,74.87704,335.38,0.7,0.75,2023-11-13,906,N,VIIRS,n,2,294.78,6.04,D,0
30.82434,74.87766,335.03,0.7,0.75,2023-11-13,906,N,VIIRS,n,2,294.8,4.89,D,0
30.82473,74.75497,334.03,0.69,0.74,2023-11-13,906,N,VIIRS,n,2,295.74,3.36,D,0
30.83343,75.10344,328.72,0.72,0.76,2023-11-13,906,N,VIIRS,n,2,295.58,3.25,D,0
30.83692,72.03127,367,0.48,0.65,2023-11-13,906,N,VIIRS,h,2,296.96,9.68,D,0
30.83996,75.27177,352.17,0.74,0.76,2023-11-13,906,N,VIIRS,n,2,296.16,10.34,D,0
30.84201,74.65661,345.43,0.68,0.74,2023-11-13,906,N,VIIRS,n,2,296.74,9.87,D,0
30.84262,75.27127,351.11,0.74,0.76,2023-11-13,906,N,VIIRS,n,2,295.75,9.62,D,0
30.84352,70.75739,330.59,0.4,0.6,2023-11-13,906,N,VIIRS,n,2,296.55,2.73,D,0
30.85042,74.69368,345.03,0.69,0.74,2023-11-13,906,N,VIIRS,n,2,295.52,6.05,D,0
30.85392,74.97646,367,0.71,0.75,2023-11-13,906,N,VIIRS,h,2,297.63,25.97,D,0
30.85833,71.84274,340.89,0.47,0.64,2023-11-13,906,N,VIIRS,n,2,294.95,4.25,D,0
30.86088,71.88822,336.84,0.47,0.64,2023-11-13,906,N,VIIRS,n,2,294.54,3.15,D,0
30.86295,74.70602,330.74,0.69,0.74,2023-11-13,906,N,VIIRS,n,2,295.43,5.73,D,0
30.86497,74.70815,336.77,0.69,0.74,2023-11-13,906,N,VIIRS,n,2,295.67,3.79,D,0
30.87097,71.89536,356.28,0.47,0.64,2023-11-13,906,N,VIIRS,n,2,295.14,6.73,D,0
30.87345,71.89745,342.98,0.47,0.64,2023-11-13,906,N,VIIRS,n,2,294.62,9.15,D,0
30.87405,75.14124,367,0.73,0.76,2023-11-13,906,N,VIIRS,h,2,298.28,14.47,D,0
30.87743,75.23756,335.25,0.74,0.76,2023-11-13,906,N,VIIRS,n,2,295.39,7.01,D,0
30.87953,75.23572,345.15,0.74,0.76,2023-11-13,906,N,VIIRS,n,2,295.28,8.74,D,0
30.90641,71.94623,343.57,0.47,0.64,2023-11-13,906,N,VIIRS,n,2,294.96,8.56,D,0
30.90664,72.1652,346.6,0.49,0.65,2023-11-13,906,N,VIIRS,n,2,294.26,4.78,D,0
30.90995,74.65147,342.13,0.68,0.74,2023-11-13,906,N,VIIRS,n,2,295.73,9.79,D,0
30.92319,74.93501,328.81,0.71,0.75,2023-11-13,906,N,VIIRS,n,2,294.48,4.37,D,0
30.92344,75.12373,367,0.73,0.76,2023-11-13,906,N,VIIRS,h,2,298.71,20.31,D,0
30.92615,75.12146,367,0.73,0.76,2023-11-13,906,N,VIIRS,h,2,296.95,28.87,D,0
30.92692,74.93247,336.22,0.71,0.75,2023-11-13,906,N,VIIRS,n,2,294.77,6.14,D,0
30.94175,75.1609,336.31,0.73,0.76,2023-11-13,906,N,VIIRS,n,2,295.56,7.6,D,0
30.9489,75.16064,336.05,0.73,0.76,2023-11-13,906,N,VIIRS,n,2,295.01,5.92,D,0
30.95479,72.15126,367,0.49,0.65,2023-11-13,906,N,VIIRS,h,2,298.96,17.85,D,0
30.95509,72.15653,351.95,0.49,0.65,2023-11-13,906,N,VIIRS,n,2,297.36,22.72,D,0
30.95632,72.17762,338.11,0.49,0.65,2023-11-13,906,N,VIIRS,n,2,295.23,5.63,D,0
30.9641,71.90115,367,0.47,0.64,2023-11-13,906,N,VIIRS,h,2,295.99,11.66,D,0
30.96441,71.90624,352.75,0.47,0.64,2023-11-13,906,N,VIIRS,n,2,296.09,16.09,D,0
30.96569,71.89954,333.05,0.47,0.64,2023-11-13,906,N,VIIRS,n,2,294.7,9.3,D,0
30.96597,71.90463,367,0.47,0.64,2023-11-13,906,N,VIIRS,h,2,297.66,9.3,D,0
30.98158,75.19187,337.35,0.74,0.76,2023-11-13,906,N,VIIRS,n,2,295.98,7.91,D,0
30.98347,74.93039,337.77,0.71,0.75,2023-11-13,906,N,VIIRS,n,2,292.3,6.19,D,0
30.9846,74.82977,340.38,0.7,0.75,2023-11-13,906,N,VIIRS,n,2,294.82,6.92,D,0
30.98578,75.19154,348.11,0.74,0.76,2023-11-13,906,N,VIIRS,n,2,296.01,7.81,D,0
30.98784,74.93016,335.92,0.71,0.75,2023-11-13,906,N,VIIRS,n,2,291.01,6.27,D,0
30.99069,75.55516,332.03,0.77,0.77,2023-11-13,906,N,VIIRS,n,2,293.8,4.44,D,0
30.99168,75.55587,335.18,0.77,0.78,2023-11-13,906,N,VIIRS,n,2,293.31,7.47,D,0
30.99456,72.20576,336.32,0.49,0.65,2023-11-13,906,N,VIIRS,n,2,293.83,2.56,D,0
30.99483,72.20692,343.16,0.49,0.65,2023-11-13,906,N,VIIRS,n,2,294.6,8.83,D,0
31.00356,75.20724,338.16,0.74,0.76,2023-11-13,906,N,VIIRS,n,2,295.23,9.21,D,0
31.00786,75.20698,338.63,0.74,0.76,2023-11-13,906,N,VIIRS,n,2,296,7.07,D,0
31.00969,72.14616,347.3,0.49,0.65,2023-11-13,906,N,VIIRS,n,2,294.97,6.71,D,0
31.02077,72.23604,334.55,0.49,0.65,2023-11-13,906,N,VIIRS,n,2,294.44,2.53,D,0
31.02095,71.91597,367,0.47,0.64,2023-11-13,906,N,VIIRS,h,2,298.8,18.29,D,0
31.02423,72.18765,335.16,0.49,0.65,2023-11-13,906,N,VIIRS,n,2,294.65,8.39,D,0
31.026,72.21961,344.73,0.49,0.65,2023-11-13,906,N,VIIRS,n,2,293.97,7.03,D,0
31.03,74.92073,340.69,0.71,0.75,2023-11-13,906,N,VIIRS,n,2,295.25,19.1,D,0
31.03005,72.18192,335.64,0.49,0.65,2023-11-13,906,N,VIIRS,n,2,294.61,4.05,D,0
31.03265,74.92092,351,0.71,0.75,2023-11-13,906,N,VIIRS,n,2,295.11,9.7,D,0
31.03296,74.92868,337.72,0.71,0.75,2023-11-13,906,N,VIIRS,n,2,294.44,14.58,D,0
31.05629,72.21218,347.87,0.49,0.65,2023-11-13,906,N,VIIRS,n,2,294.79,4.73,D,0
31.06272,72.21711,334.58,0.49,0.65,2023-11-13,906,N,VIIRS,n,2,293.95,4.74,D,0
31.06884,72.21671,345.21,0.49,0.65,2023-11-13,906,N,VIIRS,n,2,293.36,4.74,D,0
31.06887,72.21403,338.55,0.49,0.65,2023-11-13,906,N,VIIRS,n,2,293.44,3.45,D,0
31.07957,75.03069,327.5,0.72,0.76,2023-11-13,906,N,VIIRS,n,2,294.62,3.03,D,0
31.09596,70.76051,337.7,0.41,0.6,2023-11-13,906,N,VIIRS,n,2,295.06,4.68,D,0
31.09624,70.76487,343.37,0.41,0.6,2023-11-13,906,N,VIIRS,n,2,295.53,6.77,D,0
31.0988,72.204,352.1,0.49,0.65,2023-11-13,906,N,VIIRS,n,2,296.79,12.37,D,0
31.09892,70.76032,337.72,0.41,0.6,2023-11-13,906,N,VIIRS,n,2,294.9,4.45,D,0
31.09918,72.20654,367,0.49,0.65,2023-11-13,906,N,VIIRS,h,2,296.55,11.17,D,0
31.09922,70.76468,342,0.41,0.6,2023-11-13,906,N,VIIRS,n,2,295.37,6.86,D,0
31.10923,74.95673,367,0.71,0.75,2023-11-13,906,N,VIIRS,h,2,296.38,10.77,D,0
31.11286,74.95847,367,0.71,0.75,2023-11-13,906,N,VIIRS,h,2,295.35,17.7,D,0
31.12977,72.20444,332.49,0.49,0.65,2023-11-13,906,N,VIIRS,n,2,295.93,3.22,D,0
31.22071,73.64238,329.48,0.6,0.71,2023-11-13,906,N,VIIRS,n,2,294.71,3.18,D,0
31.2468,73.49182,328.44,0.59,0.7,2023-11-13,906,N,VIIRS,n,2,296.13,3.67,D,0
31.25397,74.62205,343.06,0.68,0.74,2023-11-13,906,N,VIIRS,n,2,294.32,9.47,D,0
31.27301,72.13744,338.7,0.49,0.65,2023-11-13,906,N,VIIRS,n,2,296.03,4,D,0
31.27361,72.14019,333.35,0.49,0.65,2023-11-13,906,N,VIIRS,n,2,296.11,5.69,D,0
31.2792,73.84283,330.18,0.62,0.71,2023-11-13,906,N,VIIRS,n,2,294.28,3.02,D,0
31.30992,74.89372,327.76,0.71,0.75,2023-11-13,906,N,VIIRS,n,2,293.93,4.28,D,0
31.31281,73.68743,330.2,0.61,0.71,2023-11-13,906,N,VIIRS,n,2,294.97,5.36,D,0
31.3131,73.69405,351.62,0.61,0.71,2023-11-13,906,N,VIIRS,n,2,296.15,11.5,D,0
31.32072,72.1049,336.86,0.49,0.65,2023-11-13,906,N,VIIRS,n,2,296.49,4.4,D,0
31.32889,72.37529,334.56,0.51,0.66,2023-11-13,906,N,VIIRS,n,2,295.47,1.94,D,0
31.34779,73.79789,328.57,0.61,0.71,2023-11-13,906,N,VIIRS,n,2,295.21,2.65,D,0
31.35107,73.79886,331.21,0.61,0.71,2023-11-13,906,N,VIIRS,n,2,295.01,3.87,D,0
31.38548,72.38815,367,0.51,0.66,2023-11-13,906,N,VIIRS,h,2,299.69,17.4,D,0
31.41543,70.70584,345.74,0.41,0.6,2023-11-13,906,N,VIIRS,n,2,298.8,6.44,D,0
31.41573,70.71022,355.48,0.41,0.6,2023-11-13,906,N,VIIRS,n,2,299.51,6.44,D,0
31.41873,70.70632,367,0.41,0.6,2023-11-13,906,N,VIIRS,h,2,298.49,13.01,D,0
31.42478,72.22025,349.14,0.5,0.66,2023-11-13,906,N,VIIRS,n,2,295.77,4.85,D,0
31.43357,72.46867,336.99,0.51,0.66,2023-11-13,906,N,VIIRS,n,2,295.73,3.06,D,0
31.43418,72.1656,329.42,0.49,0.65,2023-11-13,906,N,VIIRS,n,2,296.54,3.4,D,0
31.43735,72.22482,340.74,0.5,0.66,2023-11-13,906,N,VIIRS,n,2,295.1,4.1,D,0
31.43754,72.46746,339.99,0.51,0.66,2023-11-13,906,N,VIIRS,n,2,295.97,5.43,D,0
31.48505,72.19729,331.38,0.5,0.66,2023-11-13,906,N,VIIRS,n,2,294.47,2.25,D,0
31.50371,73.8375,338.23,0.62,0.71,2023-11-13,906,N,VIIRS,n,2,294.02,7.39,D,0
31.50631,73.83778,345.39,0.62,0.71,2023-11-13,906,N,VIIRS,n,2,294.72,6.13,D,0
31.55063,73.77476,336.01,0.61,0.71,2023-11-13,906,N,VIIRS,n,2,294.28,4.15,D,0
31.5539,72.33488,343,0.51,0.66,2023-11-13,906,N,VIIRS,n,2,296.04,6,D,0
31.55405,73.77328,338.57,0.61,0.71,2023-11-13,906,N,VIIRS,n,2,294.56,5.31,D,0
31.56327,72.3953,332.34,0.51,0.66,2023-11-13,906,N,VIIRS,n,2,293.15,6.26,D,0
31.56858,72.14841,329.96,0.49,0.65,2023-11-13,906,N,VIIRS,n,2,296.68,2.24,D,0
31.5885,72.18656,351.61,0.5,0.66,2023-11-13,906,N,VIIRS,n,2,296.34,9.53,D,0
31.58876,72.19198,354.05,0.5,0.66,2023-11-13,906,N,VIIRS,n,2,296.17,9.53,D,0
31.58936,72.19024,367,0.5,0.66,2023-11-13,906,N,VIIRS,h,2,299.04,15.03,D,0
31.599,72.3652,331.93,0.51,0.66,2023-11-13,906,N,VIIRS,n,2,294.77,2.18,D,0
31.62403,72.48126,335.85,0.52,0.67,2023-11-13,906,N,VIIRS,n,2,294.82,4.94,D,0
31.64664,72.78561,335.81,0.54,0.68,2023-11-13,906,N,VIIRS,n,2,293.8,3.06,D,0
31.64918,72.40842,345.71,0.51,0.66,2023-11-13,906,N,VIIRS,n,2,295.8,9.52,D,0
31.64947,72.41399,343.55,0.51,0.66,2023-11-13,906,N,VIIRS,n,2,296.15,12.7,D,0
31.65244,72.23126,328.28,0.5,0.66,2023-11-13,906,N,VIIRS,n,2,297.28,3.08,D,0
31.68,72.28429,337.69,0.5,0.66,2023-11-13,906,N,VIIRS,n,2,295.57,3.03,D,0
31.68843,72.56451,330.38,0.52,0.67,2023-11-13,906,N,VIIRS,n,2,294.5,2.23,D,0
31.69413,73.85857,327.88,0.62,0.72,2023-11-13,906,N,VIIRS,n,2,294.56,3.57,D,0
31.70694,72.55761,348.23,0.52,0.67,2023-11-13,906,N,VIIRS,n,2,294.81,6,D,0
31.71208,74.56206,336.15,0.68,0.74,2023-11-13,906,N,VIIRS,n,2,295.97,5.49,D,0
31.71776,73.45772,327.62,0.59,0.7,2023-11-13,906,N,VIIRS,n,2,293.71,4.98,D,0
31.7199,74.19666,327.7,0.65,0.73,2023-11-13,906,N,VIIRS,n,2,294.96,10.75,D,0
31.7202,74.19391,327.24,0.65,0.73,2023-11-13,906,N,VIIRS,n,2,294.95,6.73,D,0
31.72046,74.20108,346.98,0.65,0.73,2023-11-13,906,N,VIIRS,n,2,295.19,6.73,D,0
31.72531,72.60021,341.07,0.53,0.67,2023-11-13,906,N,VIIRS,n,2,294.79,4.61,D,0
31.72644,74.18922,352.78,0.65,0.73,2023-11-13,906,N,VIIRS,n,2,295.29,10.75,D,0
31.72704,74.19362,349.18,0.65,0.73,2023-11-13,906,N,VIIRS,n,2,295.52,11.89,D,0
31.73521,72.28919,332.61,0.51,0.66,2023-11-13,906,N,VIIRS,n,2,295.55,5.35,D,0
31.73549,72.2947,333.31,0.51,0.66,2023-11-13,906,N,VIIRS,n,2,295.24,5.35,D,0
31.73619,72.29171,367,0.51,0.66,2023-11-13,906,N,VIIRS,h,2,296.9,6.55,D,0
31.73995,72.78036,330.89,0.54,0.68,2023-11-13,906,N,VIIRS,n,2,293.52,2.76,D,0
31.74474,72.35517,355.15,0.51,0.66,2023-11-13,906,N,VIIRS,n,2,296.51,7.63,D,0
31.7691,72.22643,350.05,0.5,0.66,2023-11-13,906,N,VIIRS,n,2,297.42,6.61,D,0
31.83432,72.39988,328.18,0.51,0.66,2023-11-13,906,N,VIIRS,n,2,294.47,2.03,D,0
31.83559,72.34293,353.98,0.51,0.66,2023-11-13,906,N,VIIRS,n,2,297.27,10.55,D,0
31.83746,72.34372,356.16,0.51,0.66,2023-11-13,906,N,VIIRS,n,2,297.34,8.32,D,0
31.83801,73.23245,340.52,0.57,0.69,2023-11-13,906,N,VIIRS,n,2,293.64,5.7,D,0
31.87794,72.44147,328.52,0.52,0.67,2023-11-13,906,N,VIIRS,n,2,294.49,3.64,D,0
31.88469,73.43482,337.77,0.59,0.7,2023-11-13,906,N,VIIRS,n,2,294.19,4.43,D,0
31.88673,73.43454,344.68,0.59,0.7,2023-11-13,906,N,VIIRS,n,2,294.91,5.69,D,0
32.00927,73.45299,331.89,0.59,0.7,2023-11-13,906,N,VIIRS,n,2,294.18,4.8,D,0
32.02153,73.59094,336.03,0.6,0.71,2023-11-13,906,N,VIIRS,n,2,294,6.8,D,0
32.03259,73.38038,329.52,0.59,0.7,2023-11-13,906,N,VIIRS,n,2,294.18,6.43,D,0
32.03944,73.38651,346.53,0.59,0.7,2023-11-13,906,N,VIIRS,n,2,295.2,6.43,D,0
32.06063,73.4736,367,0.6,0.7,2023-11-13,906,N,VIIRS,h,2,299.54,20.08,D,0
32.06288,73.47004,344.98,0.6,0.7,2023-11-13,906,N,VIIRS,n,2,296.13,10.15,D,0
32.06317,73.47656,351.28,0.6,0.7,2023-11-13,906,N,VIIRS,n,2,295.78,10.15,D,0
32.07716,72.38325,327.96,0.52,0.66,2023-11-13,906,N,VIIRS,n,2,294.21,2.86,D,0
32.75554,70.10034,336.14,0.39,0.59,2023-11-13,906,N,VIIRS,n,2,292.86,2.62,D,0
31.09428,77.7649,295.51,0.43,0.62,2023-11-13,1948,N,VIIRS,n,2,280.79,0.83,N,0
31.09455,77.76063,296.55,0.43,0.62,2023-11-13,1948,N,VIIRS,n,2,280.89,0.83,N,0
29.84699,76.51959,304.69,0.5,0.66,2023-11-13,1949,N,VIIRS,n,2,283.89,1.08,N,0
30.04285,76.3164,299.02,0.52,0.67,2023-11-13,1949,N,VIIRS,n,2,286.36,1.48,N,0
33.80184,72.09848,302.89,0.44,0.46,2023-11-13,2128,N,VIIRS,n,2,287.11,1.06,N,0
33.80277,72.10066,302.27,0.45,0.47,2023-11-13,2128,N,VIIRS,n,2,286.71,0.53,N,0
33.85098,72.87083,298.3,0.49,0.48,2023-11-13,2128,N,VIIRS,n,2,286.06,1.02,N,0
35.27044,71.01759,303.47,0.55,0.43,2023-11-13,2128,N,VIIRS,n,2,274.39,1.92,N,0
35.28765,71.36472,295.22,0.38,0.43,2023-11-13,2128,N,VIIRS,n,2,279.29,0.68,N,0
35.48663,62.98808,328.02,0.42,0.37,2023-11-13,2128,N,VIIRS,n,2,280.95,3.61,N,0
35.96831,68.68512,296.69,0.43,0.38,2023-11-13,2128,N,VIIRS,n,2,281.24,0.92,N,0
36.72663,66.61726,297.11,0.39,0.36,2023-11-13,2128,N,VIIRS,n,2,277.93,0.35,N,0
37.03521,62.41611,305.55,0.45,0.39,2023-11-13,2128,N,VIIRS,n,2,281.33,6.03,N,2
29.84991,76.52157,295.61,0.48,0.65,2023-11-13,2129,N,VIIRS,n,2,283.91,0.41,N,0
29.90858,74.95249,319.2,0.39,0.59,2023-11-13,2129,N,VIIRS,n,2,281.66,1.14,N,2
30.04092,76.32158,296.56,0.47,0.64,2023-11-13,2129,N,VIIRS,n,2,284.14,0.55,N,0
30.04333,76.32105,300.26,0.47,0.64,2023-11-13,2129,N,VIIRS,n,2,285.26,0.97,N,0
30.32753,70.53859,301.62,0.43,0.46,2023-11-13,2129,N,VIIRS,n,2,289.31,0.97,N,2
31.2578,76.92786,295.72,0.47,0.64,2023-11-13,2129,N,VIIRS,n,2,283.98,0.92,N,2
31.3281,76.89844,295.76,0.47,0.64,2023-11-13,2129,N,VIIRS,n,2,284.69,0.58,N,2
31.62584,74.44107,300.53,0.33,0.56,2023-11-13,2129,N,VIIRS,n,2,286.05,0.37,N,0
32.29301,70.73245,309.63,0.4,0.45,2023-11-13,2129,N,VIIRS,n,2,289.86,1.02,N,2
32.29821,74.31563,299.21,0.64,0.54,2023-11-13,2129,N,VIIRS,n,2,286.18,1.06,N,2
32.29908,74.31474,299.13,0.64,0.54,2023-11-13,2129,N,VIIRS,n,2,285.41,1.1,N,0
32.57362,72.56445,300.52,0.5,0.49,2023-11-13,2129,N,VIIRS,n,2,287.31,0.78,N,2
32.88912,71.61996,300.45,0.44,0.46,2023-11-13,2129,N,VIIRS,n,2,287.2,0.82,N,2
32.89008,71.61546,299.51,0.44,0.46,2023-11-13,2129,N,VIIRS,n,2,288.13,0.82,N,2
24.16209,68.43077,321.38,0.42,0.46,2023-11-13,2131,N,VIIRS,n,2,268.79,2.37,N,0
25.0005,66.95638,302.73,0.51,0.41,2023-11-13,2131,N,VIIRS,n,2,291.89,0.38,N,0
25.0507,67.49476,302.12,0.55,0.42,2023-11-13,2131,N,VIIRS,n,2,281.88,1.54,N,2
25.1569,66.78665,306.59,0.5,0.41,2023-11-13,2131,N,VIIRS,n,2,292.82,1.51,N,2
25.40123,68.56676,311.67,0.41,0.45,2023-11-13,2131,N,VIIRS,n,2,290.25,1.03,N,2
25.46752,63.46235,299.89,0.39,0.36,2023-11-13,2131,N,VIIRS,n,2,285.34,0.14,N,0
25.79465,68.69964,311.83,0.41,0.45,2023-11-13,2131,N,VIIRS,n,2,289.68,1.11,N,2
26.09479,68.87993,305.6,0.42,0.45,2023-11-13,2131,N,VIIRS,n,2,288.18,0.87,N,2
26.16769,61.24199,305.5,0.4,0.37,2023-11-13,2131,N,VIIRS,n,2,288.97,0.77,N,2
24.6485,77.46448,334.12,0.62,0.71,2023-11-14,704,N,VIIRS,n,2,299.98,7.91,D,0
29.44612,76.44713,336.47,0.55,0.68,2023-11-14,706,N,VIIRS,n,2,300.11,3.72,D,0
29.4489,76.44587,344.32,0.55,0.68,2023-11-14,706,N,VIIRS,n,2,298.79,8.18,D,0
29.50785,76.49232,325.39,0.54,0.68,2023-11-14,706,N,VIIRS,l,2,295.63,3.23,D,0
29.95061,75.00542,345.48,0.64,0.72,2023-11-14,706,N,VIIRS,n,2,296.87,8,D,0
29.95312,74.99982,331.79,0.64,0.72,2023-11-14,706,N,VIIRS,n,2,296.11,9.57,D,0
29.98085,74.76981,329.89,0.66,0.73,2023-11-14,706,N,VIIRS,n,2,296.13,4.4,D,0
30.02237,75.26231,339.83,0.61,0.71,2023-11-14,706,N,VIIRS,n,2,297.83,5.55,D,0
30.02902,75.13406,336.02,0.63,0.72,2023-11-14,706,N,VIIRS,n,2,294.19,4.37,D,0
30.03101,74.43106,340.24,0.68,0.74,2023-11-14,706,N,VIIRS,n,2,295.52,5.61,D,0
30.03143,74.43282,335.2,0.68,0.74,2023-11-14,706,N,VIIRS,n,2,295.79,7.48,D,0
30.0342,75.03429,343.42,0.63,0.72,2023-11-14,706,N,VIIRS,n,2,297.87,5.95,D,0
30.05353,74.689,330.67,0.66,0.73,2023-11-14,706,N,VIIRS,n,2,296.87,4.2,D,0
30.08172,75.52656,328.3,0.59,0.7,2023-11-14,706,N,VIIRS,n,2,296.35,2.89,D,0
30.08301,75.52908,331.73,0.59,0.7,2023-11-14,706,N,VIIRS,n,2,296.21,3.09,D,0
30.08802,74.92157,329.54,0.64,0.72,2023-11-14,706,N,VIIRS,n,2,296.37,3.31,D,0
30.11621,75.32624,333.68,0.61,0.71,2023-11-14,706,N,VIIRS,n,2,297.12,3.06,D,0
30.12335,74.83364,328.52,0.65,0.73,2023-11-14,706,N,VIIRS,n,2,295.74,5.96,D,0
30.13861,75.4057,328.59,0.6,0.71,2023-11-14,706,N,VIIRS,n,2,296.62,2.28,D,0
30.14338,75.32349,343.28,0.61,0.71,2023-11-14,706,N,VIIRS,n,2,297.5,6.14,D,0
30.14371,75.32215,341.98,0.61,0.71,2023-11-14,706,N,VIIRS,n,2,297.36,4.79,D,0
30.16526,75.65542,332.56,0.58,0.7,2023-11-14,706,N,VIIRS,n,2,296.82,5.85,D,0
30.1656,75.0343,330.89,0.63,0.72,2023-11-14,706,N,VIIRS,n,2,297.14,2.95,D,0
30.16922,75.03555,345.4,0.63,0.72,2023-11-14,706,N,VIIRS,n,2,298.88,6.22,D,0
30.17512,75.31217,332.55,0.61,0.71,2023-11-14,706,N,VIIRS,n,2,298.97,3.55,D,0
30.18005,75.40558,336.8,0.6,0.7,2023-11-14,706,N,VIIRS,n,2,296.46,5.79,D,0
30.19584,75.56585,330.6,0.59,0.7,2023-11-14,706,N,VIIRS,n,2,297.39,6.76,D,0
30.19683,75.56633,343.3,0.59,0.7,2023-11-14,706,N,VIIRS,n,2,297.29,4.77,D,0
30.20701,75.40269,333.91,0.6,0.7,2023-11-14,706,N,VIIRS,n,2,297,3,D,0
30.21133,74.86715,336.5,0.64,0.72,2023-11-14,706,N,VIIRS,n,2,297.18,6.03,D,0
30.212,75.19984,337.39,0.61,0.71,2023-11-14,706,N,VIIRS,n,2,298.7,6.36,D,0
30.2144,74.8641,332.79,0.64,0.72,2023-11-14,706,N,VIIRS,n,2,297.19,6.88,D,0
30.21626,74.87066,336.62,0.64,0.72,2023-11-14,706,N,VIIRS,n,2,296.73,9.19,D,0
30.2168,76.01917,334.45,0.55,0.68,2023-11-14,706,N,VIIRS,n,2,297.17,5.32,D,0
30.21781,74.86481,329.32,0.64,0.72,2023-11-14,706,N,VIIRS,n,2,296.89,6.03,D,0
30.22136,76.02084,340.08,0.55,0.68,2023-11-14,706,N,VIIRS,n,2,297.5,5.53,D,0
30.23199,75.90138,343.33,0.56,0.69,2023-11-14,706,N,VIIRS,n,2,295.33,6,D,0
30.23841,75.49202,337.72,0.59,0.7,2023-11-14,706,N,VIIRS,n,2,297.16,4.72,D,0
30.24231,75.43043,332.21,0.6,0.7,2023-11-14,706,N,VIIRS,n,2,297.34,2.69,D,0
30.25052,76.01981,332.84,0.55,0.68,2023-11-14,706,N,VIIRS,n,2,297.85,4.3,D,0
30.25203,76.05022,332.07,0.55,0.68,2023-11-14,706,N,VIIRS,n,2,297.26,2.28,D,0
30.25489,75.78537,367,0.57,0.69,2023-11-14,706,N,VIIRS,h,2,295.84,11.79,D,0
30.25712,75.78516,367,0.57,0.69,2023-11-14,706,N,VIIRS,h,2,295.26,11.28,D,0
30.25858,75.4648,332.33,0.59,0.7,2023-11-14,706,N,VIIRS,n,2,293.84,2.46,D,0
30.27587,74.02305,333.68,0.71,0.75,2023-11-14,706,N,VIIRS,n,2,294.87,6.11,D,0
30.28086,75.2715,335.87,0.61,0.71,2023-11-14,706,N,VIIRS,n,2,297.26,3.6,D,0
30.28365,74.59354,337.69,0.66,0.73,2023-11-14,706,N,VIIRS,n,2,295.44,5.5,D,0
30.28898,75.67751,346.13,0.57,0.69,2023-11-14,706,N,VIIRS,n,2,293.56,5.41,D,0
30.29012,75.25448,346.03,0.61,0.71,2023-11-14,706,N,VIIRS,n,2,298.29,8.04,D,0
30.29303,76.31757,328.88,0.53,0.67,2023-11-14,706,N,VIIRS,n,2,292.98,2.91,D,0
30.29503,75.96069,333.44,0.55,0.68,2023-11-14,706,N,VIIRS,n,2,297.25,3.11,D,0
30.29822,75.95993,336.37,0.55,0.68,2023-11-14,706,N,VIIRS,n,2,298.6,3.85,D,0
30.29942,75.61524,336.42,0.58,0.7,2023-11-14,706,N,VIIRS,n,2,297.29,8.07,D,0
30.29985,74.99089,332.84,0.63,0.72,2023-11-14,706,N,VIIRS,n,2,298.43,3.78,D,0
30.30254,74.48109,332.33,0.67,0.74,2023-11-14,706,N,VIIRS,n,2,296.89,7.14,D,0
30.30298,75.55202,355.66,0.58,0.7,2023-11-14,706,N,VIIRS,n,2,298.89,11.4,D,0
30.30362,75.55476,340.02,0.58,0.7,2023-11-14,706,N,VIIRS,n,2,297.79,8.36,D,0
30.30627,74.98856,331.17,0.63,0.72,2023-11-14,706,N,VIIRS,n,2,297.65,3.78,D,0
30.31104,75.45644,336.03,0.59,0.7,2023-11-14,706,N,VIIRS,n,2,295.92,4.15,D,0
30.31215,75.45891,330.53,0.59,0.7,2023-11-14,706,N,VIIRS,n,2,295.52,4.22,D,0
30.31255,75.56177,338.6,0.58,0.7,2023-11-14,706,N,VIIRS,n,2,296.4,4.22,D,0
30.32402,75.83172,335.24,0.56,0.69,2023-11-14,706,N,VIIRS,n,2,297.99,5.13,D,0
30.32963,75.70184,346.34,0.57,0.69,2023-11-14,706,N,VIIRS,n,2,293.63,5.46,D,0
30.32982,75.69865,338.4,0.57,0.69,2023-11-14,706,N,VIIRS,n,2,292.94,7.03,D,0
30.34023,75.18617,335.71,0.61,0.71,2023-11-14,706,N,VIIRS,n,2,296.87,2.69,D,0
30.34166,75.18771,340.36,0.61,0.71,2023-11-14,706,N,VIIRS,n,2,296.62,5.27,D,0
30.3471,75.43694,334.62,0.59,0.7,2023-11-14,706,N,VIIRS,n,2,296.24,4.17,D,0
30.34909,75.01554,329.52,0.62,0.72,2023-11-14,706,N,VIIRS,n,2,296.73,3.24,D,0
30.34976,75.04345,337.37,0.62,0.71,2023-11-14,706,N,VIIRS,n,2,297.12,3.46,D,0
30.35263,75.63531,329.99,0.58,0.69,2023-11-14,706,N,VIIRS,n,2,297.06,3.7,D,0
30.35269,74.53067,351.84,0.66,0.73,2023-11-14,706,N,VIIRS,n,2,296.08,8.84,D,0
30.35537,74.53162,334.86,0.66,0.73,2023-11-14,706,N,VIIRS,n,2,294.73,8.37,D,0
30.35973,75.35632,331.47,0.6,0.7,2023-11-14,706,N,VIIRS,n,2,297.76,3.28,D,0
30.36027,75.35846,335.39,0.6,0.7,2023-11-14,706,N,VIIRS,n,2,298.32,3.88,D,0
30.36501,75.62803,350.59,0.58,0.69,2023-11-14,706,N,VIIRS,n,2,298.25,7.99,D,0
30.36612,73.88023,336.06,0.72,0.75,2023-11-14,706,N,VIIRS,n,2,293.62,4.41,D,0
30.36748,73.881,338.55,0.72,0.75,2023-11-14,706,N,VIIRS,n,2,294.11,6.33,D,0
30.36934,75.04763,337.28,0.62,0.71,2023-11-14,706,N,VIIRS,n,2,296.55,6.77,D,0
30.37074,75.0429,340.19,0.62,0.71,2023-11-14,706,N,VIIRS,n,2,297.26,8.28,D,0
30.38396,75.89541,334.68,0.56,0.68,2023-11-14,706,N,VIIRS,n,2,296.11,3.59,D,0
30.38416,75.90484,329.6,0.56,0.68,2023-11-14,706,N,VIIRS,n,2,295.69,4.78,D,0
30.38552,75.90109,332.84,0.56,0.68,2023-11-14,706,N,VIIRS,n,2,295.57,3.59,D,0
30.38693,76.04012,345.32,0.55,0.68,2023-11-14,706,N,VIIRS,n,2,296.73,5.52,D,0
30.38724,75.89123,331.75,0.56,0.69,2023-11-14,706,N,VIIRS,n,2,296.28,10.2,D,0
30.3901,75.89326,329.39,0.56,0.68,2023-11-14,706,N,VIIRS,n,2,296.44,3.59,D,0
30.39466,75.35734,331.47,0.6,0.7,2023-11-14,706,N,VIIRS,n,2,297.27,3.66,D,0
30.3951,75.35935,342.13,0.6,0.7,2023-11-14,706,N,VIIRS,n,2,297.73,5.12,D,0
30.39531,75.71412,334.67,0.57,0.69,2023-11-14,706,N,VIIRS,n,2,296.71,6.15,D,0
30.40008,75.73164,348.57,0.57,0.69,2023-11-14,706,N,VIIRS,n,2,297.39,5.95,D,0
30.40009,75.53062,337.68,0.58,0.7,2023-11-14,706,N,VIIRS,n,2,296.61,4.63,D,0
30.40051,75.52798,328.04,0.58,0.7,2023-11-14,706,N,VIIRS,n,2,296,3.97,D,0
30.40097,75.3551,367,0.6,0.7,2023-11-14,706,N,VIIRS,h,2,296.52,11.38,D,0
30.40284,75.49007,329.82,0.59,0.7,2023-11-14,706,N,VIIRS,n,2,297.65,3.14,D,0
30.40633,75.52836,367,0.58,0.7,2023-11-14,706,N,VIIRS,h,2,299.51,16.63,D,0
30.40676,75.52575,345.37,0.58,0.7,2023-11-14,706,N,VIIRS,n,2,297.71,8.92,D,0
30.40747,75.48178,350.34,0.59,0.7,2023-11-14,706,N,VIIRS,n,2,297.88,6.82,D,0
30.40767,75.47933,336.74,0.59,0.7,2023-11-14,706,N,VIIRS,n,2,297.28,4.57,D,0
30.40842,75.53175,343.34,0.58,0.7,2023-11-14,706,N,VIIRS,n,2,296.29,10.9,D,0
30.40934,75.48536,331.99,0.58,0.7,2023-11-14,706,N,VIIRS,n,2,296.66,4.57,D,0
30.4102,75.4409,351.44,0.59,0.7,2023-11-14,706,N,VIIRS,n,2,298.74,8.7,D,0
30.41187,75.44469,349.77,0.59,0.7,2023-11-14,706,N,VIIRS,n,2,298.84,11.75,D,0
30.42092,75.5273,329.61,0.58,0.7,2023-11-14,706,N,VIIRS,n,2,297.34,2.76,D,0
30.43551,75.18337,345.42,0.61,0.71,2023-11-14,706,N,VIIRS,n,2,299.63,6.31,D,0
30.43683,75.6414,345.6,0.57,0.69,2023-11-14,706,N,VIIRS,n,2,298.67,4.66,D,0
30.43955,75.64444,333.1,0.57,0.69,2023-11-14,706,N,VIIRS,n,2,298.12,7.47,D,0
30.44083,76.0546,333.59,0.54,0.68,2023-11-14,706,N,VIIRS,n,2,297.2,3,D,0
30.44997,74.27312,337.38,0.68,0.74,2023-11-14,706,N,VIIRS,n,2,294.36,9.92,D,0
30.45135,74.30361,337.25,0.68,0.74,2023-11-14,706,N,VIIRS,n,2,294.73,3.66,D,0
30.45283,75.17027,344.47,0.61,0.71,2023-11-14,706,N,VIIRS,n,2,297.89,7.68,D,0
30.45456,75.17652,341.04,0.61,0.71,2023-11-14,706,N,VIIRS,n,2,297.26,7.68,D,0
30.45514,75.17213,367,0.61,0.71,2023-11-14,706,N,VIIRS,h,2,299.69,11.97,D,0
30.46062,75.78021,347.56,0.56,0.69,2023-11-14,706,N,VIIRS,n,2,298.92,8.03,D,0
30.46247,75.77695,337.71,0.56,0.69,2023-11-14,706,N,VIIRS,n,2,298.52,3.73,D,0
30.46401,76.10462,333.54,0.54,0.68,2023-11-14,706,N,VIIRS,n,2,298.28,5.2,D,0
30.46641,74.82201,353.03,0.63,0.72,2023-11-14,706,N,VIIRS,n,2,297.37,11.03,D,0
30.46656,76.10034,335.79,0.54,0.68,2023-11-14,706,N,VIIRS,n,2,297.85,4.2,D,0
30.46787,75.63026,328.95,0.57,0.69,2023-11-14,706,N,VIIRS,n,2,298.66,2.74,D,0
30.46857,74.8195,367,0.63,0.72,2023-11-14,706,N,VIIRS,h,2,299.22,11.02,D,0
30.46913,74.85692,330.94,0.63,0.72,2023-11-14,706,N,VIIRS,n,2,296.53,5.4,D,0
30.47112,74.8546,339.98,0.63,0.72,2023-11-14,706,N,VIIRS,n,2,296.2,4.31,D,0
30.47329,74.99726,336.63,0.62,0.71,2023-11-14,706,N,VIIRS,n,2,297.09,5.18,D,0
30.4775,75.28417,336.96,0.6,0.7,2023-11-14,706,N,VIIRS,n,2,297.34,6.53,D,0
30.47915,75.28631,343.71,0.6,0.7,2023-11-14,706,N,VIIRS,n,2,298.01,5.17,D,0
30.48069,75.54537,352.07,0.58,0.7,2023-11-14,706,N,VIIRS,n,2,299.22,12.6,D,0
30.48394,75.5573,367,0.58,0.7,2023-11-14,706,N,VIIRS,h,2,300.51,14.58,D,0
30.48982,75.7037,328.18,0.57,0.69,2023-11-14,706,N,VIIRS,n,2,296.76,2.34,D,0
30.49094,74.21095,342.3,0.68,0.74,2023-11-14,706,N,VIIRS,n,2,295.82,6.47,D,0
30.49145,74.20922,346.54,0.68,0.74,2023-11-14,706,N,VIIRS,n,2,296.79,8.46,D,0
30.49223,74.8126,335.96,0.63,0.72,2023-11-14,706,N,VIIRS,n,2,296.5,4.44,D,0
30.49371,75.44192,334.47,0.59,0.7,2023-11-14,706,N,VIIRS,n,2,298.8,4.66,D,0
30.49455,75.44525,338.58,0.58,0.7,2023-11-14,706,N,VIIRS,n,2,299.27,6.87,D,0
30.50156,74.74402,332.65,0.64,0.72,2023-11-14,706,N,VIIRS,n,2,295.39,2.96,D,0
30.50367,74.74078,342.11,0.64,0.72,2023-11-14,706,N,VIIRS,n,2,296.74,7.58,D,0
30.50676,75.49007,342.19,0.58,0.7,2023-11-14,706,N,VIIRS,n,2,297.94,7.32,D,0
30.50708,75.44079,341.58,0.58,0.7,2023-11-14,706,N,VIIRS,n,2,298.74,6.11,D,0
30.50786,75.49323,367,0.58,0.7,2023-11-14,706,N,VIIRS,h,2,299.83,9.87,D,0
30.50787,75.44346,331.12,0.59,0.7,2023-11-14,706,N,VIIRS,n,2,298.08,6.19,D,0
30.50838,75.49607,330.91,0.58,0.7,2023-11-14,706,N,VIIRS,n,2,298.15,8.75,D,0
30.51884,74.83159,341.79,0.63,0.72,2023-11-14,706,N,VIIRS,n,2,296.61,6.72,D,0
30.5212,74.91633,334.47,0.63,0.72,2023-11-14,706,N,VIIRS,n,2,296.69,7.71,D,0
30.52494,76.36555,337.61,0.52,0.67,2023-11-14,706,N,VIIRS,n,2,298.94,3.82,D,0
30.5259,75.03422,329.31,0.62,0.71,2023-11-14,706,N,VIIRS,n,2,295.65,2.87,D,0
30.52687,75.03244,329.26,0.62,0.71,2023-11-14,706,N,VIIRS,n,2,296.2,3.79,D,0
30.52874,75.74716,329.84,0.56,0.69,2023-11-14,706,N,VIIRS,n,2,297.25,2.25,D,0
30.57395,76.3777,334.79,0.52,0.67,2023-11-14,706,N,VIIRS,n,2,298.99,2.95,D,0
30.57783,76.0769,328.29,0.54,0.68,2023-11-14,706,N,VIIRS,n,2,298.44,2.48,D,0
30.58748,75.63364,334.27,0.57,0.69,2023-11-14,706,N,VIIRS,n,2,297.44,2.87,D,0
30.58817,74.26389,329.5,0.68,0.74,2023-11-14,706,N,VIIRS,n,2,295.56,4.16,D,0
30.59046,74.79578,341.48,0.63,0.72,2023-11-14,706,N,VIIRS,n,2,296.67,6.44,D,0
30.59147,74.67212,350.93,0.64,0.72,2023-11-14,706,N,VIIRS,n,2,296.36,7.83,D,0
30.60042,75.03237,337.29,0.61,0.71,2023-11-14,706,N,VIIRS,n,2,296.75,5.5,D,0
30.60303,75.03399,340.86,0.61,0.71,2023-11-14,706,N,VIIRS,n,2,296.49,4.02,D,0
30.60314,75.46565,353.86,0.58,0.7,2023-11-14,706,N,VIIRS,n,2,299.62,8.77,D,0
30.60366,75.41342,332.61,0.58,0.7,2023-11-14,706,N,VIIRS,n,2,298.22,2.63,D,0
30.60446,75.46582,367,0.58,0.7,2023-11-14,706,N,VIIRS,h,2,299.62,8.67,D,0
30.61047,75.89038,328.54,0.55,0.68,2023-11-14,706,N,VIIRS,n,2,296.52,3.59,D,0
30.61184,75.39644,332.82,0.59,0.7,2023-11-14,706,N,VIIRS,n,2,298.02,2.18,D,0
30.61284,75.3969,330.66,0.58,0.7,2023-11-14,706,N,VIIRS,n,2,297.07,4.48,D,0
30.62493,75.67147,354.32,0.56,0.69,2023-11-14,706,N,VIIRS,n,2,298.66,10.8,D,0
30.63012,75.51479,328.25,0.58,0.69,2023-11-14,706,N,VIIRS,n,2,297.28,1.49,D,0
30.63176,75.5149,328.47,0.58,0.69,2023-11-14,706,N,VIIRS,n,2,297.53,1.9,D,0
30.638,74.69663,328.07,0.64,0.72,2023-11-14,706,N,VIIRS,n,2,295.53,4.38,D,0
30.64017,75.6276,330.91,0.57,0.69,2023-11-14,706,N,VIIRS,n,2,297.92,2.83,D,0
30.64238,75.62725,327.24,0.57,0.69,2023-11-14,706,N,VIIRS,n,2,297.67,2.72,D,0
30.64509,75.95563,349.26,0.54,0.68,2023-11-14,706,N,VIIRS,n,2,300.2,8.35,D,0
30.64722,75.95149,352.78,0.54,0.68,2023-11-14,706,N,VIIRS,n,2,301.04,6.82,D,0
30.65248,74.99261,329.22,0.61,0.71,2023-11-14,706,N,VIIRS,n,2,295.98,2.93,D,0
30.6673,74.38718,332.97,0.66,0.73,2023-11-14,706,N,VIIRS,n,2,296.65,3.87,D,0
30.67634,75.2039,331.77,0.6,0.7,2023-11-14,706,N,VIIRS,n,2,296.03,3.48,D,0
30.68629,74.86043,335.96,0.62,0.72,2023-11-14,706,N,VIIRS,n,2,296.52,4.86,D,0
30.69397,75.49261,355.78,0.58,0.69,2023-11-14,706,N,VIIRS,n,2,300.22,11.21,D,0
30.70639,75.2872,333.8,0.59,0.7,2023-11-14,706,N,VIIRS,n,2,298.24,4.14,D,0
30.70743,75.2895,346.09,0.59,0.7,2023-11-14,706,N,VIIRS,n,2,299.74,6.66,D,0
30.71123,76.3791,357.1,0.51,0.66,2023-11-14,706,N,VIIRS,n,2,301.95,6.55,D,0
30.72723,75.56483,367,0.57,0.69,2023-11-14,706,N,VIIRS,h,2,300.16,10.04,D,0
30.73939,74.70264,333.47,0.63,0.72,2023-11-14,706,N,VIIRS,n,2,297.77,7.76,D,0
30.74365,74.70576,336.78,0.63,0.72,2023-11-14,706,N,VIIRS,n,2,297.71,5.78,D,0
30.74939,75.01742,338.74,0.61,0.71,2023-11-14,706,N,VIIRS,n,2,296.04,4.12,D,0
30.75578,75.44127,350.47,0.58,0.69,2023-11-14,706,N,VIIRS,n,2,297.06,5.09,D,0
30.76201,75.43903,336.02,0.58,0.69,2023-11-14,706,N,VIIRS,n,2,297.36,5.09,D,0
30.76762,75.38456,350.29,0.58,0.7,2023-11-14,706,N,VIIRS,n,2,298.33,6.32,D,0
30.77661,75.09007,355.41,0.6,0.71,2023-11-14,706,N,VIIRS,n,2,297.03,11.24,D,0
30.77771,75.44641,353.53,0.58,0.69,2023-11-14,706,N,VIIRS,n,2,297.95,7.12,D,0
30.78173,75.38603,329.93,0.58,0.7,2023-11-14,706,N,VIIRS,n,2,297.44,3.95,D,0
30.79552,75.96639,327.89,0.54,0.68,2023-11-14,706,N,VIIRS,n,2,297.41,1.85,D,0
30.80367,74.91808,332.56,0.61,0.71,2023-11-14,706,N,VIIRS,n,2,297.78,4.66,D,0
30.80644,74.91976,334.83,0.61,0.71,2023-11-14,706,N,VIIRS,n,2,297.61,6.23,D,0
30.82973,76.06892,333.14,0.53,0.67,2023-11-14,706,N,VIIRS,n,2,296.8,3.78,D,0
30.84488,76.05152,326.8,0.53,0.67,2023-11-14,706,N,VIIRS,n,2,299.62,2.11,D,0
30.85195,74.73753,356.1,0.63,0.72,2023-11-14,706,N,VIIRS,n,2,299.2,13.88,D,0
30.85426,74.82217,327.19,0.62,0.71,2023-11-14,706,N,VIIRS,n,2,295.84,2.53,D,0
30.85484,74.73074,327.81,0.63,0.72,2023-11-14,706,N,VIIRS,n,2,297.01,7.38,D,0
30.85667,74.73721,343.88,0.63,0.72,2023-11-14,706,N,VIIRS,n,2,298.18,7.38,D,0
30.86321,74.37379,337.99,0.66,0.73,2023-11-14,706,N,VIIRS,n,2,294.56,3.88,D,0
30.86869,74.37427,341.59,0.66,0.73,2023-11-14,706,N,VIIRS,n,2,294.68,6.86,D,0
30.91212,74.85848,343.87,0.62,0.71,2023-11-14,706,N,VIIRS,n,2,297.65,5.2,D,0
30.91306,74.8567,339.74,0.62,0.71,2023-11-14,706,N,VIIRS,n,2,297.48,5.05,D,0
30.93911,74.72821,330.64,0.63,0.72,2023-11-14,706,N,VIIRS,n,2,295.61,3.22,D,0
30.95182,75.32515,330.33,0.58,0.7,2023-11-14,706,N,VIIRS,n,2,295.5,2.63,D,0
30.97401,76.07384,329.47,0.53,0.67,2023-11-14,706,N,VIIRS,n,2,296.9,2.69,D,0
30.97906,76.16662,333.81,0.52,0.67,2023-11-14,706,N,VIIRS,n,2,297.62,2.93,D,0
30.98028,75.17613,328.76,0.59,0.7,2023-11-14,706,N,VIIRS,n,2,295.9,2.37,D,0
31.00001,75.55673,327.94,0.56,0.69,2023-11-14,706,N,VIIRS,n,2,297.09,3.04,D,0
31.00023,75.68298,367,0.55,0.68,2023-11-14,706,N,VIIRS,h,2,298.65,9.24,D,0
31.00176,75.68869,327.82,0.55,0.68,2023-11-14,706,N,VIIRS,n,2,296.26,9.24,D,0
31.00337,75.68481,367,0.55,0.68,2023-11-14,706,N,VIIRS,h,2,298.6,15.73,D,0
31.01343,75.57417,367,0.56,0.69,2023-11-14,706,N,VIIRS,h,2,299.45,16.46,D,0
31.01906,74.64574,330.34,0.63,0.72,2023-11-14,706,N,VIIRS,n,2,294.58,3.65,D,0
31.05216,75.61726,340.07,0.55,0.68,2023-11-14,706,N,VIIRS,n,2,296.73,5.77,D,0
31.05674,75.12796,337.22,0.59,0.7,2023-11-14,706,N,VIIRS,n,2,295.72,8.62,D,0
31.05728,75.13136,349.52,0.59,0.7,2023-11-14,706,N,VIIRS,n,2,296.93,8.1,D,0
31.05934,74.81513,326.65,0.61,0.71,2023-11-14,706,N,VIIRS,n,2,295.69,3.17,D,0
31.06216,74.80004,332.96,0.61,0.71,2023-11-14,706,N,VIIRS,n,2,296.45,4.04,D,0
31.06549,75.08427,331.46,0.59,0.7,2023-11-14,706,N,VIIRS,n,2,295.68,3.21,D,0
31.07748,75.25367,347.63,0.58,0.7,2023-11-14,706,N,VIIRS,n,2,297.11,9.27,D,0
31.09515,75.84967,339.68,0.54,0.68,2023-11-14,706,N,VIIRS,n,2,298.06,5.18,D,0
31.13019,74.59518,329.37,0.63,0.72,2023-11-14,706,N,VIIRS,n,2,294.78,4.87,D,0
31.17061,74.64896,329.6,0.62,0.72,2023-11-14,706,N,VIIRS,n,2,295.08,2.6,D,0
31.43806,75.38524,329.36,0.56,0.69,2023-11-14,706,N,VIIRS,n,2,295.11,2.71,D,0
31.42957,74.70622,345.98,0.61,0.71,2023-11-14,707,N,VIIRS,n,2,296.55,4.97,D,0
31.43104,74.70472,334.87,0.61,0.71,2023-11-14,707,N,VIIRS,n,2,295.47,6.63,D,0
31.48286,73.83126,329.37,0.68,0.74,2023-11-14,707,N,VIIRS,n,2,295.76,2.82,D,0
31.56326,73.77856,333.9,0.68,0.74,2023-11-14,707,N,VIIRS,n,2,295.24,5.62,D,0
31.56447,73.78419,339.69,0.68,0.74,2023-11-14,707,N,VIIRS,n,2,296.61,8.59,D,0
31.57346,73.86636,327.61,0.67,0.74,2023-11-14,707,N,VIIRS,n,2,295.79,3.38,D,0
31.72083,74.1963,328.25,0.64,0.72,2023-11-14,707,N,VIIRS,n,2,295.84,2.83,D,0
31.81023,74.18406,328.78,0.64,0.72,2023-11-14,707,N,VIIRS,n,2,296.35,2.13,D,0
31.81357,74.18091,333.07,0.64,0.72,2023-11-14,707,N,VIIRS,n,2,296.08,4.96,D,0
31.82807,74.37305,333.75,0.62,0.71,2023-11-14,707,N,VIIRS,n,2,296.43,3.56,D,0
31.93122,73.24219,327.37,0.71,0.75,2023-11-14,707,N,VIIRS,n,2,294.89,6.54,D,0
31.93192,73.62253,326,0.68,0.74,2023-11-14,707,N,VIIRS,n,2,296.52,3.86,D,0
23.70609,69.44786,339.28,0.45,0.39,2023-11-14,845,N,VIIRS,l,2,311.15,7.84,D,0
23.72767,69.44456,343.6,0.45,0.39,2023-11-14,845,N,VIIRS,n,2,309.17,6.77,D,0
23.73127,69.444,354.39,0.45,0.39,2023-11-14,845,N,VIIRS,n,2,312.57,6.77,D,0
23.73486,69.44346,342.9,0.45,0.39,2023-11-14,845,N,VIIRS,n,2,309.2,5.06,D,0
23.7848,70.35943,354.43,0.5,0.41,2023-11-14,845,N,VIIRS,n,2,313.51,16.61,D,0
23.7854,70.36438,336.28,0.5,0.41,2023-11-14,845,N,VIIRS,l,2,310.47,8.29,D,0
23.78856,70.35886,355.92,0.5,0.41,2023-11-14,845,N,VIIRS,n,2,311.82,16.61,D,0
24.51108,67.96925,333.31,0.41,0.37,2023-11-14,845,N,VIIRS,l,2,305.16,1.65,D,0
24.5145,67.9687,331.5,0.41,0.37,2023-11-14,845,N,VIIRS,n,2,303.94,1.65,D,0
24.81946,67.3163,335.41,0.4,0.37,2023-11-14,845,N,VIIRS,l,2,308.8,3.43,D,0
24.89081,67.59956,336.45,0.4,0.37,2023-11-14,845,N,VIIRS,n,2,309.61,2.03,D,0
25.03674,68.54539,335.58,0.43,0.38,2023-11-14,845,N,VIIRS,n,2,300.65,2.97,D,0
25.07896,68.48626,337.65,0.43,0.38,2023-11-14,845,N,VIIRS,n,2,303.84,3.59,D,0
25.16329,75.95528,331.04,0.37,0.58,2023-11-14,845,N,VIIRS,n,2,297.67,4.27,D,0
25.30283,68.87959,332.75,0.45,0.39,2023-11-14,845,N,VIIRS,n,2,302.04,2.09,D,0
25.35994,69.2399,332.72,0.46,0.39,2023-11-14,845,N,VIIRS,l,2,306.21,2.14,D,0
25.4509,68.88454,336.93,0.45,0.39,2023-11-14,845,N,VIIRS,n,2,308.59,5.95,D,0
25.59724,68.60646,342.99,0.44,0.38,2023-11-14,845,N,VIIRS,n,2,302.63,5.04,D,0
25.6326,68.93623,333.93,0.45,0.39,2023-11-14,845,N,VIIRS,n,2,305.7,3.31,D,0
25.63619,68.93566,333.34,0.45,0.39,2023-11-14,845,N,VIIRS,n,2,303.6,3.31,D,0
25.67587,69.50579,331.99,0.48,0.4,2023-11-14,845,N,VIIRS,n,2,304.93,2.1,D,0
25.76512,68.38186,334.98,0.43,0.38,2023-11-14,845,N,VIIRS,n,2,306.62,1.69,D,0
25.76525,68.38256,338.93,0.43,0.38,2023-11-14,845,N,VIIRS,n,2,306.77,2.35,D,0
26.17374,66.31211,331.13,0.39,0.36,2023-11-14,846,N,VIIRS,l,2,305.96,1.32,D,0
26.24052,68.02061,331.91,0.42,0.38,2023-11-14,846,N,VIIRS,n,2,300.58,1.99,D,0
26.2923,68.24045,331.26,0.43,0.38,2023-11-14,846,N,VIIRS,n,2,302.09,1.45,D,0
26.37171,68.24519,336.53,0.43,0.38,2023-11-14,846,N,VIIRS,n,2,300.8,3.66,D,0
26.40172,68.91962,337.03,0.46,0.39,2023-11-14,846,N,VIIRS,n,2,306.47,6.74,D,0
26.40225,68.04328,333.62,0.43,0.38,2023-11-14,846,N,VIIRS,n,2,302.14,4.17,D,0
26.53298,68.26964,333.17,0.43,0.38,2023-11-14,846,N,VIIRS,n,2,302.07,3.05,D,0
26.59675,68.12772,332.88,0.43,0.38,2023-11-14,846,N,VIIRS,n,2,301.16,2.55,D,0
27.02936,67.81905,331.52,0.42,0.38,2023-11-14,846,N,VIIRS,n,2,299.32,1.85,D,0
27.24795,69.07411,333.44,0.48,0.4,2023-11-14,846,N,VIIRS,l,2,306.96,2.46,D,0
27.25096,69.07565,336.04,0.48,0.4,2023-11-14,846,N,VIIRS,l,2,308.26,3.81,D,0
27.32956,68.38061,331.79,0.45,0.39,2023-11-14,846,N,VIIRS,n,2,300.51,1.05,D,0
27.43723,70.57121,335.07,0.57,0.43,2023-11-14,846,N,VIIRS,n,2,305.1,3.4,D,0
27.90415,67.57001,335.61,0.42,0.38,2023-11-14,846,N,VIIRS,n,2,304.24,4.43,D,0
28.68019,70.40318,330.23,0.38,0.43,2023-11-14,846,N,VIIRS,n,2,299.67,2.52,D,0
28.6907,70.22935,331.03,0.56,0.43,2023-11-14,846,N,VIIRS,n,2,298.47,2.48,D,0
28.72598,71.03929,338.13,0.42,0.45,2023-11-14,846,N,VIIRS,n,2,298.38,3.82,D,0
28.72968,71.03445,330.49,0.42,0.45,2023-11-14,846,N,VIIRS,l,2,302.14,2.44,D,0
28.80395,70.54906,332.76,0.39,0.44,2023-11-14,846,N,VIIRS,n,2,299.35,2.08,D,0
28.9869,67.58103,334.67,0.43,0.38,2023-11-14,846,N,VIIRS,l,2,304.98,12.64,D,0
28.9904,67.58044,338.93,0.43,0.38,2023-11-14,846,N,VIIRS,l,2,310.64,12.64,D,0
29.07371,70.93882,333.09,0.41,0.45,2023-11-14,846,N,VIIRS,n,2,299.2,2.13,D,0
29.07464,70.93913,333.99,0.41,0.45,2023-11-14,846,N,VIIRS,n,2,298.49,2.88,D,0
29.09313,71.07718,330.33,0.42,0.45,2023-11-14,846,N,VIIRS,n,2,298.55,2.45,D,0
29.15798,76.05015,328.82,0.42,0.61,2023-11-14,846,N,VIIRS,n,2,297.58,4.3,D,0
29.19565,70.99363,340.7,0.42,0.45,2023-11-14,846,N,VIIRS,n,2,297.89,2.83,D,0
29.19793,76.12701,350.43,0.42,0.61,2023-11-14,846,N,VIIRS,n,2,299.39,6.22,D,0
29.19926,76.12559,345.54,0.42,0.61,2023-11-14,846,N,VIIRS,n,2,298.75,3.72,D,0
29.20432,76.55628,356.23,0.45,0.63,2023-11-14,846,N,VIIRS,n,2,298.64,8.94,D,0
29.20567,75.71533,345.65,0.4,0.6,2023-11-14,846,N,VIIRS,n,2,293.5,5.58,D,0
29.27315,73.61536,338.83,0.6,0.53,2023-11-14,846,N,VIIRS,n,2,298.73,4.77,D,0
29.2909,71.33247,330.21,0.44,0.46,2023-11-14,846,N,VIIRS,n,2,300.59,1.45,D,0
29.30018,71.13534,334.55,0.43,0.46,2023-11-14,846,N,VIIRS,n,2,299.3,2.52,D,0
29.33505,73.92489,335.15,0.62,0.54,2023-11-14,846,N,VIIRS,n,2,299.3,5.18,D,0
29.35008,73.69599,348.65,0.6,0.53,2023-11-14,846,N,VIIRS,n,2,302.21,15.43,D,0
29.35049,73.69377,343.84,0.61,0.53,2023-11-14,846,N,VIIRS,n,2,300.57,18.14,D,0
29.35057,76.55336,330.03,0.45,0.63,2023-11-14,846,N,VIIRS,n,2,297.43,2.27,D,0
29.35113,73.94775,344.2,0.63,0.54,2023-11-14,846,N,VIIRS,n,2,297.94,6.19,D,0
29.35241,73.94954,336.74,0.63,0.54,2023-11-14,846,N,VIIRS,n,2,298.02,5.62,D,0
29.37515,73.74893,332.58,0.61,0.53,2023-11-14,846,N,VIIRS,n,2,299.3,2.7,D,0
29.3761,74.00506,339.14,0.63,0.54,2023-11-14,846,N,VIIRS,n,2,297.74,5.39,D,0
29.37777,74.00678,330.17,0.63,0.54,2023-11-14,846,N,VIIRS,n,2,297.94,6.48,D,0
29.40136,74.00239,340.23,0.63,0.54,2023-11-14,846,N,VIIRS,n,2,299.5,9.97,D,0
29.46022,74.03483,331.23,0.32,0.54,2023-11-14,846,N,VIIRS,n,2,297.08,2.55,D,0
29.48202,71.58949,337.76,0.46,0.47,2023-11-14,846,N,VIIRS,n,2,301.91,7.2,D,0
29.50482,76.09204,348.02,0.42,0.61,2023-11-14,846,N,VIIRS,n,2,297.16,4.67,D,0
29.50648,74.18199,367,0.33,0.55,2023-11-14,846,N,VIIRS,h,2,298.23,5.5,D,0
29.5178,74.99831,335.57,0.36,0.58,2023-11-14,846,N,VIIRS,n,2,296.06,1.98,D,0
29.52715,74.51136,337.22,0.34,0.56,2023-11-14,846,N,VIIRS,n,2,299.16,4.06,D,0
29.52994,74.61661,344.2,0.35,0.56,2023-11-14,846,N,VIIRS,n,2,294.28,5.84,D,0
29.53013,74.61736,352.04,0.35,0.56,2023-11-14,846,N,VIIRS,n,2,293.95,5.54,D,0
29.53022,74.62025,356.07,0.35,0.56,2023-11-14,846,N,VIIRS,n,2,295.97,5.84,D,0
29.53043,74.62099,340.62,0.35,0.56,2023-11-14,846,N,VIIRS,n,2,295.45,5.54,D,0
29.53905,74.5974,339.42,0.34,0.56,2023-11-14,846,N,VIIRS,n,2,297.62,4.29,D,0
29.53933,74.60104,342.38,0.34,0.56,2023-11-14,846,N,VIIRS,n,2,297.19,4.75,D,0
29.54393,74.52413,342.55,0.34,0.56,2023-11-14,846,N,VIIRS,n,2,297.39,2.43,D,0
29.54538,74.21602,352.65,0.33,0.55,2023-11-14,846,N,VIIRS,n,2,300.35,4.54,D,0
29.54752,75.24325,353.84,0.38,0.59,2023-11-14,846,N,VIIRS,n,2,290.95,6.66,D,0
29.54758,74.57099,333.54,0.34,0.56,2023-11-14,846,N,VIIRS,n,2,298.67,4.76,D,0
29.55494,74.53029,342.04,0.34,0.56,2023-11-14,846,N,VIIRS,n,2,297.71,2.36,D,0
29.55608,74.54468,367,0.34,0.56,2023-11-14,846,N,VIIRS,h,2,299.91,8.94,D,0
29.56273,74.56222,338.92,0.34,0.56,2023-11-14,846,N,VIIRS,n,2,297.95,3.86,D,0
29.5676,74.2346,367,0.33,0.55,2023-11-14,846,N,VIIRS,h,2,301.63,12.66,D,0
29.57012,74.45671,349.87,0.34,0.56,2023-11-14,846,N,VIIRS,n,2,298.07,2.52,D,0
29.57092,74.53234,335.95,0.34,0.56,2023-11-14,846,N,VIIRS,n,2,300.1,4.17,D,0
29.57504,74.45264,367,0.34,0.56,2023-11-14,846,N,VIIRS,h,2,300.43,14.14,D,0
29.57528,74.52106,367,0.34,0.56,2023-11-14,846,N,VIIRS,h,2,301.26,10.34,D,0
29.57996,74.44859,336.34,0.34,0.56,2023-11-14,846,N,VIIRS,n,2,296.68,9.23,D,0
29.58022,74.51695,347.49,0.34,0.56,2023-11-14,846,N,VIIRS,n,2,299.43,5.94,D,0
29.58024,74.45214,367,0.34,0.56,2023-11-14,846,N,VIIRS,h,2,302.8,14.14,D,0
29.58051,74.52055,367,0.34,0.56,2023-11-14,846,N,VIIRS,h,2,300.99,5.94,D,0
29.58104,74.27155,334.31,0.33,0.55,2023-11-14,846,N,VIIRS,n,2,297.77,3,D,0
29.58111,74.39846,352.65,0.34,0.56,2023-11-14,846,N,VIIRS,n,2,299.33,4.75,D,0
29.58394,74.3063,348.65,0.33,0.55,2023-11-14,846,N,VIIRS,n,2,299.14,4.16,D,0
29.58429,74.43742,347.6,0.34,0.56,2023-11-14,846,N,VIIRS,n,2,296.36,5.4,D,0
29.5866,74.5308,345.39,0.34,0.56,2023-11-14,846,N,VIIRS,n,2,299.35,3.98,D,0
29.58689,74.53439,346.71,0.34,0.56,2023-11-14,846,N,VIIRS,n,2,299.52,3.98,D,0
29.58706,74.28145,338.75,0.33,0.55,2023-11-14,846,N,VIIRS,n,2,298.96,2.14,D,0
29.58718,74.53799,351.86,0.34,0.56,2023-11-14,846,N,VIIRS,n,2,298.89,6.08,D,0
29.59123,74.45822,367,0.34,0.56,2023-11-14,846,N,VIIRS,h,2,302.76,14,D,0
29.5945,70.8196,332.7,0.41,0.45,2023-11-14,846,N,VIIRS,n,2,297.66,2.84,D,0
29.59544,70.82822,339.7,0.41,0.45,2023-11-14,846,N,VIIRS,n,2,297.8,3.36,D,0
29.59591,70.83251,338.18,0.41,0.45,2023-11-14,846,N,VIIRS,n,2,296.66,5.39,D,0
29.59681,70.82887,342.19,0.41,0.45,2023-11-14,846,N,VIIRS,n,2,298.1,4.48,D,0
29.60018,74.43941,345.83,0.34,0.56,2023-11-14,846,N,VIIRS,n,2,297.98,3.65,D,0
29.60614,74.37488,353.76,0.33,0.56,2023-11-14,846,N,VIIRS,n,2,299.75,6.1,D,0
29.61046,74.37425,367,0.33,0.56,2023-11-14,846,N,VIIRS,h,2,302.41,11.41,D,0
29.61133,74.37437,356.55,0.33,0.56,2023-11-14,846,N,VIIRS,n,2,297.62,6.89,D,0
29.61874,74.47345,343.17,0.34,0.56,2023-11-14,846,N,VIIRS,n,2,298.92,4.36,D,0
29.61896,74.47372,338.32,0.34,0.56,2023-11-14,846,N,VIIRS,n,2,298.61,4.38,D,0
29.62752,76.35353,330.37,0.44,0.62,2023-11-14,846,N,VIIRS,n,2,295.81,4.75,D,0
29.62773,74.45126,341.45,0.34,0.56,2023-11-14,846,N,VIIRS,n,2,300.28,2.71,D,0
29.62819,71.54788,340.61,0.45,0.47,2023-11-14,846,N,VIIRS,n,2,298.72,5.16,D,0
29.63048,74.48698,367,0.34,0.56,2023-11-14,846,N,VIIRS,h,2,301.68,7.74,D,0
29.63254,71.54733,331.37,0.45,0.47,2023-11-14,846,N,VIIRS,n,2,299.27,5.16,D,0
29.65636,71.65089,335.2,0.46,0.47,2023-11-14,846,N,VIIRS,n,2,299.65,6.4,D,0
29.65784,76.19437,344.19,0.43,0.62,2023-11-14,846,N,VIIRS,n,2,295.6,7.97,D,0
29.69858,75.57647,344.96,0.4,0.6,2023-11-14,846,N,VIIRS,n,2,293.22,6.53,D,0
29.71108,76.0398,367,0.42,0.61,2023-11-14,846,N,VIIRS,h,2,296.12,13.46,D,0
29.71139,76.0443,349.9,0.42,0.61,2023-11-14,846,N,VIIRS,n,2,295.29,15.95,D,0
29.72697,76.10188,336.03,0.43,0.62,2023-11-14,846,N,VIIRS,n,2,295.32,4.36,D,0
29.72729,76.10641,350.32,0.43,0.62,2023-11-14,846,N,VIIRS,n,2,296.18,8.98,D,0
29.72761,76.10422,350.82,0.43,0.62,2023-11-14,846,N,VIIRS,n,2,296.74,7.13,D,0
29.74853,75.4134,342.23,0.39,0.59,2023-11-14,846,N,VIIRS,n,2,292.77,3.88,D,0
29.76437,76.22516,347.77,0.43,0.62,2023-11-14,846,N,VIIRS,n,2,297.8,6.01,D,0
29.77834,75.36568,332.81,0.39,0.59,2023-11-14,846,N,VIIRS,n,2,297.57,2.24,D,0
29.78385,75.36517,331.04,0.39,0.59,2023-11-14,846,N,VIIRS,n,2,297.77,2.24,D,0
29.78727,76.13115,339.62,0.43,0.62,2023-11-14,846,N,VIIRS,n,2,296.27,4.48,D,0
29.80399,71.26826,340.69,0.44,0.46,2023-11-14,846,N,VIIRS,n,2,299.52,6.78,D,0
29.81718,75.44487,337.56,0.39,0.59,2023-11-14,846,N,VIIRS,n,2,296.1,4.14,D,0
29.81844,75.08004,330.77,0.37,0.58,2023-11-14,846,N,VIIRS,n,2,298.47,1.8,D,0
29.85067,76.0442,346.54,0.42,0.61,2023-11-14,846,N,VIIRS,n,2,295.38,8.19,D,0
29.85652,72.9138,330.84,0.55,0.51,2023-11-14,846,N,VIIRS,n,2,299.2,5.93,D,0
29.86176,75.0053,332.45,0.37,0.58,2023-11-14,846,N,VIIRS,n,2,299.22,1.71,D,0
29.8672,74.54897,338.76,0.35,0.56,2023-11-14,846,N,VIIRS,n,2,300.15,4.42,D,0
29.86748,74.55261,347.69,0.35,0.56,2023-11-14,846,N,VIIRS,n,2,300.1,6.59,D,0
29.87966,75.31495,367,0.38,0.59,2023-11-14,846,N,VIIRS,h,2,303.5,8.73,D,0
29.88,75.31554,367,0.38,0.59,2023-11-14,846,N,VIIRS,h,2,303.03,9.11,D,0
29.8815,75.80195,332.91,0.41,0.61,2023-11-14,846,N,VIIRS,n,2,294.85,3.45,D,0
29.89274,72.16429,341.62,0.5,0.49,2023-11-14,846,N,VIIRS,n,2,301.56,10.87,D,0
29.89324,72.16949,335.08,0.5,0.49,2023-11-14,846,N,VIIRS,n,2,297.05,7.84,D,0
29.89325,74.96625,337.28,0.37,0.58,2023-11-14,846,N,VIIRS,n,2,298.12,7.6,D,0
29.89773,75.87106,341.24,0.41,0.61,2023-11-14,846,N,VIIRS,n,2,291.69,3.83,D,0
29.89777,72.16894,345.84,0.5,0.49,2023-11-14,846,N,VIIRS,n,2,298.37,7.84,D,0
29.89965,75.58049,337.89,0.4,0.6,2023-11-14,846,N,VIIRS,n,2,297.69,1.95,D,0
29.90854,75.39938,335.93,0.39,0.59,2023-11-14,846,N,VIIRS,n,2,299.57,2.48,D,0
29.91404,72.91309,340.07,0.55,0.51,2023-11-14,846,N,VIIRS,n,2,298.65,7.87,D,0
29.91411,72.9118,341.4,0.55,0.51,2023-11-14,846,N,VIIRS,n,2,298.67,5.08,D,0
29.92204,75.06165,349.66,0.37,0.58,2023-11-14,846,N,VIIRS,n,2,297.34,6.58,D,0
29.92233,75.06557,344.66,0.37,0.58,2023-11-14,846,N,VIIRS,n,2,296.49,8.63,D,0
29.92645,74.62823,335.7,0.35,0.57,2023-11-14,846,N,VIIRS,n,2,299.84,2.32,D,0
29.92798,75.69773,350.87,0.41,0.6,2023-11-14,846,N,VIIRS,n,2,298.19,5.95,D,0
29.92799,75.45113,332.23,0.39,0.59,2023-11-14,846,N,VIIRS,n,2,299.53,3.04,D,0
29.93083,75.69778,342.44,0.4,0.6,2023-11-14,846,N,VIIRS,n,2,296.96,5.77,D,0
29.93089,75.49279,367,0.39,0.6,2023-11-14,846,N,VIIRS,h,2,299.44,9.63,D,0
29.93761,74.6346,335.58,0.35,0.57,2023-11-14,846,N,VIIRS,n,2,298.46,2.48,D,0
29.94169,75.40825,332.23,0.39,0.59,2023-11-14,846,N,VIIRS,n,2,298.57,2.31,D,0
29.94194,75.65335,332.47,0.4,0.6,2023-11-14,846,N,VIIRS,n,2,296.5,2.49,D,0
29.94428,75.68764,352.4,0.4,0.6,2023-11-14,846,N,VIIRS,n,2,298.27,5.87,D,0
29.94639,75.63582,342.05,0.4,0.6,2023-11-14,846,N,VIIRS,n,2,298.62,5.73,D,0
29.94641,75.55472,335.36,0.4,0.6,2023-11-14,846,N,VIIRS,n,2,298.46,2.69,D,0
29.94668,75.09902,336.51,0.37,0.58,2023-11-14,846,N,VIIRS,n,2,297.54,3.15,D,0
29.9467,75.91585,339.78,0.42,0.61,2023-11-14,846,N,VIIRS,n,2,293.61,6.68,D,0
29.94674,72.95504,346.26,0.55,0.51,2023-11-14,846,N,VIIRS,n,2,300.35,16.45,D,0
29.94702,75.92027,346.57,0.42,0.61,2023-11-14,846,N,VIIRS,n,2,294.82,8.38,D,0
29.94704,76.00098,354.04,0.42,0.61,2023-11-14,846,N,VIIRS,n,2,292.27,8.49,D,0
29.94811,75.91566,338.19,0.42,0.61,2023-11-14,846,N,VIIRS,n,2,293.11,7.33,D,0
29.94832,76.01897,348.16,0.42,0.61,2023-11-14,846,N,VIIRS,n,2,290.49,11.42,D,0
29.94841,75.9201,339.23,0.42,0.61,2023-11-14,846,N,VIIRS,n,2,293.54,8.14,D,0
29.94909,76.01895,352.11,0.42,0.61,2023-11-14,846,N,VIIRS,n,2,292.45,5.92,D,0
29.94926,76.11454,353.53,0.43,0.62,2023-11-14,846,N,VIIRS,n,2,296.89,4.9,D,0
29.94938,76.02346,336.76,0.42,0.61,2023-11-14,846,N,VIIRS,n,2,286.42,5.92,D,0
29.94942,76.11469,356.88,0.43,0.62,2023-11-14,846,N,VIIRS,n,2,297.04,5.26,D,0
29.952,75.63532,345.99,0.4,0.6,2023-11-14,846,N,VIIRS,n,2,297.38,5.73,D,0
29.95277,76.00052,347.8,0.42,0.61,2023-11-14,846,N,VIIRS,n,2,291.58,8.49,D,0
29.95294,74.4959,367,0.34,0.56,2023-11-14,846,N,VIIRS,h,2,301.46,8.27,D,0
29.95376,75.66093,367,0.4,0.6,2023-11-14,846,N,VIIRS,h,2,301.56,7.01,D,0
29.95494,75.67807,336.85,0.4,0.6,2023-11-14,846,N,VIIRS,n,2,297.13,4.58,D,0
29.95569,75.1461,343.27,0.38,0.58,2023-11-14,846,N,VIIRS,n,2,298.7,3.76,D,0
29.95787,75.55797,354.59,0.4,0.6,2023-11-14,846,N,VIIRS,n,2,300.17,7.66,D,0
29.95792,75.97758,347.61,0.42,0.61,2023-11-14,846,N,VIIRS,n,2,295.86,8.76,D,0
29.95817,75.56219,345.35,0.4,0.6,2023-11-14,846,N,VIIRS,n,2,298.5,9.28,D,0
29.95938,75.66045,367,0.4,0.6,2023-11-14,846,N,VIIRS,h,2,298.38,9.04,D,0
29.95988,75.50707,345.41,0.39,0.6,2023-11-14,846,N,VIIRS,n,2,301.33,4.59,D,0
29.96213,76.13202,329.83,0.43,0.62,2023-11-14,846,N,VIIRS,n,2,294.33,1.78,D,0
29.96364,75.9771,357.01,0.42,0.61,2023-11-14,846,N,VIIRS,l,2,295.16,8.76,D,0
29.96659,75.14513,353.27,0.38,0.58,2023-11-14,846,N,VIIRS,n,2,300.69,4.92,D,0
29.967,75.9409,333.77,0.42,0.61,2023-11-14,846,N,VIIRS,n,2,295.48,2.77,D,0
29.96737,72.60731,333.34,0.53,0.5,2023-11-14,846,N,VIIRS,n,2,297.1,2.99,D,0
29.96917,75.7202,356.21,0.41,0.6,2023-11-14,846,N,VIIRS,n,2,297.95,7.28,D,0
29.97174,75.59512,351.66,0.4,0.6,2023-11-14,846,N,VIIRS,n,2,300.44,9.29,D,0
29.97203,75.59937,367,0.4,0.6,2023-11-14,846,N,VIIRS,h,2,300.96,9.29,D,0
29.97241,75.68523,339.19,0.4,0.6,2023-11-14,846,N,VIIRS,n,2,298.35,5.38,D,0
29.97784,75.84653,343.56,0.41,0.61,2023-11-14,846,N,VIIRS,n,2,291.26,6.33,D,0
29.97809,75.1521,356.43,0.38,0.58,2023-11-14,846,N,VIIRS,n,2,300.08,4.74,D,0
29.9791,74.77305,341.31,0.36,0.57,2023-11-14,846,N,VIIRS,n,2,298.72,4.52,D,0
29.97926,75.15195,355.28,0.38,0.58,2023-11-14,846,N,VIIRS,n,2,299.16,6.11,D,0
29.98201,75.82412,349.86,0.41,0.61,2023-11-14,846,N,VIIRS,n,2,294.34,5.56,D,0
29.98533,75.87248,343,0.42,0.61,2023-11-14,846,N,VIIRS,n,2,295.28,3.48,D,0
29.98587,73.12369,350.53,0.57,0.52,2023-11-14,846,N,VIIRS,n,2,300.72,9.93,D,0
29.98809,75.4333,341.73,0.39,0.59,2023-11-14,846,N,VIIRS,n,2,300.17,3.49,D,0
29.9895,75.84996,330.72,0.41,0.61,2023-11-14,846,N,VIIRS,n,2,293,8.16,D,0
29.99041,76.12049,329.94,0.43,0.62,2023-11-14,846,N,VIIRS,n,2,292.39,6.84,D,0
29.99071,76.12508,356.88,0.43,0.62,2023-11-14,846,N,VIIRS,l,2,295.15,15.8,D,0
29.99659,75.78771,341.22,0.41,0.61,2023-11-14,846,N,VIIRS,n,2,292.45,4.15,D,0
29.99831,75.5126,367,0.4,0.6,2023-11-14,846,N,VIIRS,h,2,302.28,4.59,D,0
29.99889,75.73939,367,0.41,0.6,2023-11-14,846,N,VIIRS,h,2,299.16,10.81,D,0
29.9992,75.99219,367,0.42,0.61,2023-11-14,846,N,VIIRS,h,2,297.9,7.07,D,0
29.99946,75.51206,347.02,0.4,0.6,2023-11-14,846,N,VIIRS,n,2,301.38,3.81,D,0
29.99977,73.06196,340.86,0.56,0.52,2023-11-14,846,N,VIIRS,n,2,299.53,5.94,D,0
30.0016,74.64642,344.72,0.35,0.57,2023-11-14,846,N,VIIRS,n,2,302.26,3.74,D,0
30.00239,75.87103,340.7,0.42,0.61,2023-11-14,846,N,VIIRS,n,2,296.1,2.57,D,0
30.00454,75.73893,367,0.41,0.6,2023-11-14,846,N,VIIRS,h,2,296.91,10.81,D,0
30.00457,73.06142,353.15,0.56,0.52,2023-11-14,846,N,VIIRS,n,2,300.92,26.29,D,0
30.00463,75.28326,337.43,0.38,0.59,2023-11-14,846,N,VIIRS,n,2,298.85,4.04,D,0
30.00495,75.28332,342.47,0.38,0.59,2023-11-14,846,N,VIIRS,n,2,299.77,4.28,D,0
30.00524,75.99621,334.01,0.42,0.61,2023-11-14,846,N,VIIRS,n,2,296.21,3.05,D,0
30.00591,74.49802,342.08,0.34,0.56,2023-11-14,846,N,VIIRS,n,2,300.5,3.63,D,0
30.00689,74.64591,351.72,0.35,0.57,2023-11-14,846,N,VIIRS,n,2,299.31,3.74,D,0
30.00737,75.1614,346.87,0.38,0.59,2023-11-14,846,N,VIIRS,n,2,301.12,5.15,D,0
30.00821,74.52714,346.5,0.35,0.56,2023-11-14,846,N,VIIRS,n,2,300.14,4.43,D,0
30.0085,74.53078,340.41,0.35,0.56,2023-11-14,846,N,VIIRS,n,2,298.83,5.63,D,0
30.00884,74.46853,338.56,0.34,0.56,2023-11-14,846,N,VIIRS,n,2,298.2,3,D,0
30.00937,75.18945,352,0.38,0.59,2023-11-14,846,N,VIIRS,n,2,300.91,6.49,D,0
30.01182,75.45218,343.53,0.39,0.59,2023-11-14,846,N,VIIRS,n,2,302.24,8.16,D,0
30.01322,74.72802,339.41,0.35,0.57,2023-11-14,846,N,VIIRS,n,2,297.97,2.3,D,0
30.01431,75.48552,339.51,0.39,0.6,2023-11-14,846,N,VIIRS,n,2,300.77,4.65,D,0
30.01462,75.48969,332.95,0.39,0.6,2023-11-14,846,N,VIIRS,n,2,299.37,5.93,D,0
30.01632,75.44789,335.19,0.39,0.59,2023-11-14,846,N,VIIRS,n,2,300.82,3.63,D,0
30.0166,75.45205,340.9,0.39,0.6,2023-11-14,846,N,VIIRS,n,2,300.37,3.63,D,0
30.01756,74.44583,353.2,0.34,0.56,2023-11-14,846,N,VIIRS,n,2,299.04,3.27,D,0
30.01885,75.24529,336.46,0.38,0.59,2023-11-14,846,N,VIIRS,n,2,298.73,4.89,D,0
30.01888,75.48544,345.88,0.39,0.6,2023-11-14,846,N,VIIRS,n,2,301.51,3.87,D,0
30.01914,75.24934,355.5,0.38,0.59,2023-11-14,846,N,VIIRS,n,2,299.89,5.7,D,0
30.01942,75.25339,335.31,0.38,0.59,2023-11-14,846,N,VIIRS,n,2,298.45,5.7,D,0
30.02047,74.48198,346.14,0.34,0.56,2023-11-14,846,N,VIIRS,n,2,300.25,2.93,D,0
30.02489,75.33077,347.29,0.39,0.59,2023-11-14,846,N,VIIRS,n,2,299.52,5.21,D,0
30.02532,74.74583,331.01,0.36,0.57,2023-11-14,846,N,VIIRS,n,2,298.61,3.26,D,0
30.02571,74.48146,341.31,0.34,0.56,2023-11-14,846,N,VIIRS,n,2,298.2,2.93,D,0
30.02688,75.12755,346.28,0.38,0.58,2023-11-14,846,N,VIIRS,n,2,298.08,6.99,D,0
30.02804,75.14346,340.28,0.38,0.58,2023-11-14,846,N,VIIRS,n,2,298.53,3.4,D,0
30.02865,75.60309,331.19,0.4,0.6,2023-11-14,846,N,VIIRS,n,2,299.9,2.38,D,0
30.02957,75.99515,332.47,0.42,0.61,2023-11-14,846,N,VIIRS,n,2,296.72,3.4,D,0
30.02981,75.24428,342.3,0.38,0.59,2023-11-14,846,N,VIIRS,n,2,299.32,3.15,D,0
30.03087,75.10719,349.37,0.37,0.58,2023-11-14,846,N,VIIRS,n,2,301.27,8.93,D,0
30.03116,75.11117,367,0.37,0.58,2023-11-14,846,N,VIIRS,h,2,302.8,14.83,D,0
30.03184,75.35075,342.9,0.39,0.59,2023-11-14,846,N,VIIRS,n,2,299.96,5.79,D,0
30.03213,75.35486,351.27,0.39,0.59,2023-11-14,846,N,VIIRS,n,2,299.43,8.96,D,0
30.03249,75.6032,367,0.4,0.6,2023-11-14,846,N,VIIRS,h,2,301.75,7.72,D,0
30.03344,72.63113,344.29,0.53,0.5,2023-11-14,846,N,VIIRS,n,2,300.04,19.51,D,0
30.03356,74.52144,338.95,0.35,0.56,2023-11-14,846,N,VIIRS,n,2,298.8,2.06,D,0
30.03413,75.00378,367,0.37,0.58,2023-11-14,846,N,VIIRS,h,2,301.82,5.43,D,0
30.03631,75.10669,341.53,0.37,0.58,2023-11-14,846,N,VIIRS,n,2,300.06,4.32,D,0
30.03651,75.71013,335.85,0.41,0.6,2023-11-14,846,N,VIIRS,n,2,299.32,3.67,D,0
30.0366,75.11067,335.87,0.37,0.58,2023-11-14,846,N,VIIRS,n,2,300.22,5.8,D,0
30.0394,75.37907,351.36,0.39,0.59,2023-11-14,846,N,VIIRS,n,2,299.84,4.49,D,0
30.03951,74.65401,335.87,0.35,0.57,2023-11-14,846,N,VIIRS,n,2,298.16,2.52,D,0
30.03963,74.53188,343.23,0.35,0.56,2023-11-14,846,N,VIIRS,n,2,299.28,4.37,D,0
30.03969,75.3832,334.49,0.39,0.59,2023-11-14,846,N,VIIRS,n,2,297.74,4.49,D,0
30.0397,75.71044,367,0.41,0.6,2023-11-14,846,N,VIIRS,h,2,301.66,7.62,D,0
30.0399,74.53555,367,0.35,0.56,2023-11-14,846,N,VIIRS,h,2,301.01,6.5,D,0
30.04031,74.53136,349.37,0.35,0.56,2023-11-14,846,N,VIIRS,n,2,299.68,4.88,D,0
30.04041,75.16241,367,0.38,0.59,2023-11-14,846,N,VIIRS,h,2,301.63,5.86,D,0
30.04061,74.53502,367,0.35,0.56,2023-11-14,846,N,VIIRS,h,2,301.55,12.09,D,0
30.04411,75.89427,336.2,0.42,0.61,2023-11-14,846,N,VIIRS,n,2,296.36,4.01,D,0
30.04516,74.53502,367,0.35,0.56,2023-11-14,846,N,VIIRS,h,2,298.16,7.8,D,0
30.04572,75.08588,339.95,0.37,0.58,2023-11-14,846,N,VIIRS,n,2,300.68,4.37,D,0
30.04586,75.89046,330.65,0.42,0.61,2023-11-14,846,N,VIIRS,n,2,296.38,3.19,D,0
30.04596,72.41237,333.78,0.52,0.5,2023-11-14,846,N,VIIRS,n,2,297.34,2.46,D,0
30.04642,75.02238,342.07,0.37,0.58,2023-11-14,846,N,VIIRS,n,2,302.19,2.79,D,0
30.04672,75.0263,330.54,0.37,0.58,2023-11-14,846,N,VIIRS,n,2,299.56,2.79,D,0
30.04782,75.34107,344.58,0.39,0.59,2023-11-14,846,N,VIIRS,n,2,300.25,3.12,D,0
30.05013,75.89825,345.56,0.42,0.61,2023-11-14,846,N,VIIRS,n,2,296.76,4.01,D,0
30.05431,75.59271,330.83,0.4,0.6,2023-11-14,846,N,VIIRS,n,2,299.28,1.94,D,0
30.05457,74.51936,339.83,0.35,0.56,2023-11-14,846,N,VIIRS,n,2,298.57,2.89,D,0
30.05555,76.05571,352.51,0.43,0.62,2023-11-14,846,N,VIIRS,n,2,297.47,8.81,D,0
30.05656,76.05663,357.01,0.43,0.62,2023-11-14,846,N,VIIRS,l,2,297.18,15.63,D,0
30.06098,76.0507,352.52,0.43,0.62,2023-11-14,846,N,VIIRS,n,2,296.9,10.12,D,0
30.0611,75.2946,338.98,0.38,0.59,2023-11-14,846,N,VIIRS,n,2,299.89,3.46,D,0
30.0613,76.05524,353.85,0.43,0.62,2023-11-14,846,N,VIIRS,n,2,296.98,8.81,D,0
30.06199,75.30684,338.93,0.38,0.59,2023-11-14,846,N,VIIRS,n,2,299.2,2.83,D,0
30.06203,76.05158,367,0.43,0.62,2023-11-14,846,N,VIIRS,h,2,298.61,13.72,D,0
30.06271,75.39364,356.94,0.39,0.59,2023-11-14,846,N,VIIRS,n,2,300.65,7.21,D,0
30.0659,75.93354,342.63,0.42,0.61,2023-11-14,846,N,VIIRS,n,2,297.68,3.55,D,0
30.06864,74.70827,356.84,0.35,0.57,2023-11-14,846,N,VIIRS,n,2,299.27,7.93,D,0
30.06892,74.71203,349.82,0.35,0.57,2023-11-14,846,N,VIIRS,n,2,300.29,11,D,0
30.07018,75.34322,337.29,0.39,0.59,2023-11-14,846,N,VIIRS,n,2,298.31,3.58,D,0
30.07288,75.38026,367,0.39,0.59,2023-11-14,846,N,VIIRS,h,2,301.63,6.07,D,0
30.07298,74.15161,367,0.33,0.55,2023-11-14,846,N,VIIRS,h,2,300.15,8.28,D,0
30.07507,74.72281,340.28,0.36,0.57,2023-11-14,846,N,VIIRS,n,2,298.98,4.57,D,0
30.07534,74.72657,341.68,0.36,0.57,2023-11-14,846,N,VIIRS,n,2,298.69,5.8,D,0
30.07614,75.91473,334.75,0.42,0.61,2023-11-14,846,N,VIIRS,n,2,296.74,2.87,D,0
30.07754,74.54293,348.27,0.35,0.56,2023-11-14,846,N,VIIRS,n,2,299.27,3.5,D,0
30.08061,75.33403,353.1,0.39,0.59,2023-11-14,846,N,VIIRS,n,2,299.64,6.16,D,0
30.08102,74.45079,351.62,0.34,0.56,2023-11-14,846,N,VIIRS,n,2,300.46,5.93,D,0
30.08252,75.2084,342.1,0.38,0.59,2023-11-14,846,N,VIIRS,n,2,297.9,4.58,D,0
30.08254,75.21114,355.56,0.38,0.59,2023-11-14,846,N,VIIRS,n,2,299.59,5.31,D,0
30.0828,75.21243,332.1,0.38,0.59,2023-11-14,846,N,VIIRS,n,2,297.5,5.56,D,0
30.08283,74.27409,367,0.33,0.56,2023-11-14,846,N,VIIRS,h,2,300.32,4.92,D,0
30.08533,74.57546,334.36,0.35,0.57,2023-11-14,846,N,VIIRS,n,2,295.81,3.34,D,0
30.08625,74.45028,367,0.34,0.56,2023-11-14,846,N,VIIRS,h,2,298.78,5.93,D,0
30.08641,75.56853,330.7,0.4,0.6,2023-11-14,846,N,VIIRS,n,2,297.06,2.75,D,0
30.08671,75.57278,333.51,0.4,0.6,2023-11-14,846,N,VIIRS,n,2,297.74,2.75,D,0
30.08755,75.91378,339.27,0.42,0.61,2023-11-14,846,N,VIIRS,n,2,297.1,3.38,D,0
30.08801,74.27355,331.22,0.33,0.56,2023-11-14,846,N,VIIRS,n,2,297.22,2.4,D,0
30.08935,74.84374,345.98,0.36,0.57,2023-11-14,846,N,VIIRS,n,2,297.6,3.87,D,0
30.09027,75.32226,349.53,0.39,0.59,2023-11-14,846,N,VIIRS,n,2,299.49,8.41,D,0
30.09074,75.3208,367,0.39,0.59,2023-11-14,846,N,VIIRS,h,2,300.36,4.94,D,0
30.0916,75.40777,335.5,0.39,0.59,2023-11-14,846,N,VIIRS,n,2,298.53,3,D,0
30.09163,75.11364,343.05,0.37,0.58,2023-11-14,846,N,VIIRS,n,2,300.34,3.39,D,0
30.09204,74.25893,344.58,0.33,0.56,2023-11-14,846,N,VIIRS,n,2,298.73,3.3,D,0
30.0925,75.11472,340.98,0.38,0.58,2023-11-14,846,N,VIIRS,n,2,299.19,2.91,D,0
30.09471,74.84325,340.92,0.36,0.57,2023-11-14,846,N,VIIRS,n,2,298.2,3.87,D,0
30.09754,75.18676,332.53,0.38,0.59,2023-11-14,846,N,VIIRS,n,2,298.22,1.57,D,0
30.09778,75.34082,338.66,0.39,0.59,2023-11-14,846,N,VIIRS,n,2,298.6,2.8,D,0
30.10054,75.3918,355.49,0.39,0.59,2023-11-14,846,N,VIIRS,n,2,300.05,6.17,D,0
30.10145,75.39025,342.34,0.39,0.59,2023-11-14,846,N,VIIRS,n,2,299.32,6.4,D,0
30.1023,75.96198,337.91,0.42,0.61,2023-11-14,846,N,VIIRS,n,2,298.09,3.36,D,0
30.10251,74.45597,341.68,0.34,0.56,2023-11-14,846,N,VIIRS,n,2,298.17,3.13,D,0
30.1026,75.1851,344.72,0.38,0.59,2023-11-14,846,N,VIIRS,n,2,299.64,5.39,D,0
30.10298,74.66724,338.76,0.35,0.57,2023-11-14,846,N,VIIRS,n,2,298.28,1.64,D,0
30.1038,75.57557,331.14,0.4,0.6,2023-11-14,846,N,VIIRS,n,2,298.2,3.52,D,0
30.10518,74.91206,352.49,0.36,0.58,2023-11-14,846,N,VIIRS,n,2,303.29,15.41,D,0
30.10546,74.91592,344.82,0.37,0.58,2023-11-14,846,N,VIIRS,n,2,298.64,15.35,D,0
30.10771,74.87295,333.93,0.36,0.58,2023-11-14,846,N,VIIRS,n,2,298.12,2.7,D,0
30.11193,74.85707,339.16,0.36,0.58,2023-11-14,846,N,VIIRS,n,2,297.34,2.98,D,0
30.11274,74.32112,340.32,0.34,0.56,2023-11-14,846,N,VIIRS,n,2,298.14,2.41,D,0
30.11339,75.17719,330.42,0.38,0.59,2023-11-14,846,N,VIIRS,n,2,297.91,2.05,D,0
30.11381,75.79604,332.35,0.41,0.61,2023-11-14,846,N,VIIRS,n,2,297.43,2.24,D,0
30.11513,74.97371,343.13,0.37,0.58,2023-11-14,846,N,VIIRS,n,2,300.99,2.88,D,0
30.11639,75.75188,331.56,0.41,0.61,2023-11-14,846,N,VIIRS,n,2,298.45,1.63,D,0
30.11764,74.31705,337.68,0.34,0.56,2023-11-14,846,N,VIIRS,n,2,297.33,2.41,D,0
30.11766,74.9343,338.92,0.37,0.58,2023-11-14,846,N,VIIRS,n,2,298.41,1.7,D,0
30.11818,74.52054,349.93,0.35,0.56,2023-11-14,846,N,VIIRS,n,2,299.63,4.36,D,0
30.11831,74.65823,367,0.35,0.57,2023-11-14,846,N,VIIRS,h,2,301.09,4.27,D,0
30.11932,74.25546,367,0.33,0.56,2023-11-14,846,N,VIIRS,h,2,305.4,7.13,D,0
30.12,75.19282,336.01,0.38,0.59,2023-11-14,846,N,VIIRS,n,2,298.65,3.17,D,0
30.12288,75.15614,354.4,0.38,0.59,2023-11-14,846,N,VIIRS,n,2,298.94,3.69,D,0
30.12307,74.25584,367,0.33,0.56,2023-11-14,846,N,VIIRS,h,2,304.78,15.14,D,0
30.12335,75.69022,336.27,0.41,0.6,2023-11-14,846,N,VIIRS,n,2,299.27,3.82,D,0
30.12366,74.26291,367,0.33,0.56,2023-11-14,846,N,VIIRS,h,2,300.63,16.07,D,0
30.12449,74.25495,336.1,0.33,0.56,2023-11-14,846,N,VIIRS,n,2,298.55,7.13,D,0
30.12479,75.33979,336.27,0.39,0.59,2023-11-14,846,N,VIIRS,n,2,299.18,4.13,D,0
30.12503,74.26202,367,0.33,0.56,2023-11-14,846,N,VIIRS,h,2,299.7,16.9,D,0
30.12518,75.11171,367,0.38,0.58,2023-11-14,846,N,VIIRS,h,2,300.46,7.24,D,0
30.12583,75.68755,341.08,0.41,0.6,2023-11-14,846,N,VIIRS,n,2,298.84,4.26,D,0
30.12599,74.82872,347.67,0.36,0.57,2023-11-14,846,N,VIIRS,n,2,297.72,4.48,D,0
30.12654,75.52842,367,0.4,0.6,2023-11-14,846,N,VIIRS,h,2,300.06,6.89,D,0
30.12834,75.52663,336.8,0.4,0.6,2023-11-14,846,N,VIIRS,n,2,297.82,4.3,D,0
30.12838,75.72657,338.45,0.41,0.61,2023-11-14,846,N,VIIRS,n,2,298.26,2.14,D,0
30.12865,75.53085,347.1,0.4,0.6,2023-11-14,846,N,VIIRS,n,2,298.22,7.28,D,0
30.13062,75.11124,367,0.38,0.58,2023-11-14,846,N,VIIRS,h,2,299.15,8.58,D,0
30.131,74.61577,346.74,0.35,0.57,2023-11-14,846,N,VIIRS,n,2,298.26,7.94,D,0
30.13129,74.61948,367,0.35,0.57,2023-11-14,846,N,VIIRS,h,2,299.3,7.94,D,0
30.13262,74.7744,340.14,0.36,0.57,2023-11-14,846,N,VIIRS,n,2,298.71,2.48,D,0
30.13346,75.07495,335.89,0.37,0.58,2023-11-14,846,N,VIIRS,n,2,300.24,2.3,D,0
30.13405,75.39296,331.77,0.39,0.59,2023-11-14,846,N,VIIRS,n,2,297.94,3.76,D,0
30.13542,74.882,367,0.36,0.58,2023-11-14,846,N,VIIRS,h,2,299.75,6.25,D,0
30.13848,74.99517,335.41,0.37,0.58,2023-11-14,846,N,VIIRS,n,2,298.97,1.18,D,0
30.13904,75.3055,367,0.39,0.59,2023-11-14,846,N,VIIRS,h,2,300.37,7.78,D,0
30.13956,75.15866,367,0.38,0.59,2023-11-14,846,N,VIIRS,h,2,305.06,20.63,D,0
30.14109,74.26751,367,0.33,0.56,2023-11-14,846,N,VIIRS,h,2,300.8,9.81,D,0
30.14113,75.94076,355.46,0.42,0.61,2023-11-14,846,N,VIIRS,n,2,299.52,14.11,D,0
30.14144,75.94523,367,0.42,0.61,2023-11-14,846,N,VIIRS,h,2,300.22,14.11,D,0
30.14232,75.94287,367,0.42,0.61,2023-11-14,846,N,VIIRS,h,2,306.37,26.26,D,0
30.14425,75.3009,343.93,0.39,0.59,2023-11-14,846,N,VIIRS,n,2,299.53,7.52,D,0
30.14454,75.38368,335.06,0.39,0.59,2023-11-14,846,N,VIIRS,n,2,297.07,4.06,D,0
30.14483,75.38783,344.22,0.39,0.59,2023-11-14,846,N,VIIRS,n,2,297.23,6.29,D,0
30.14484,75.3091,346.69,0.39,0.59,2023-11-14,846,N,VIIRS,n,2,300.58,6.95,D,0
30.14618,75.56937,340.39,0.4,0.6,2023-11-14,846,N,VIIRS,n,2,298.18,4.31,D,0
30.14667,75.10574,340.86,0.38,0.58,2023-11-14,846,N,VIIRS,n,2,298.74,3.23,D,0
30.14684,75.25964,334.27,0.38,0.59,2023-11-14,846,N,VIIRS,n,2,298.83,3.89,D,0
30.1486,75.28404,342.15,0.38,0.59,2023-11-14,846,N,VIIRS,n,2,299.45,2.76,D,0
30.14921,75.37079,334.05,0.39,0.59,2023-11-14,846,N,VIIRS,n,2,298.76,4.94,D,0
30.1512,75.56038,334.94,0.4,0.6,2023-11-14,846,N,VIIRS,n,2,298.65,2.51,D,0
30.15145,74.26646,335.68,0.33,0.56,2023-11-14,846,N,VIIRS,n,2,299.76,2.67,D,0
30.1534,74.64327,367,0.35,0.57,2023-11-14,846,N,VIIRS,h,2,308.57,26.65,D,0
30.1541,75.28353,367,0.38,0.59,2023-11-14,846,N,VIIRS,h,2,300.42,9.9,D,0
30.15452,74.64353,367,0.35,0.57,2023-11-14,846,N,VIIRS,h,2,307.59,26.41,D,0
30.15565,75.15317,338.58,0.38,0.59,2023-11-14,846,N,VIIRS,n,2,299.15,2.95,D,0
30.15674,75.32041,367,0.39,0.59,2023-11-14,846,N,VIIRS,h,2,299.7,8,D,0
30.15754,75.25459,350.11,0.38,0.59,2023-11-14,846,N,VIIRS,n,2,299.96,4.62,D,0
30.15802,74.70699,337.44,0.36,0.57,2023-11-14,846,N,VIIRS,n,2,298.62,1.68,D,0
30.15912,74.72208,347.11,0.36,0.57,2023-11-14,846,N,VIIRS,n,2,299.39,3.94,D,0
30.15957,74.7072,347.01,0.35,0.57,2023-11-14,846,N,VIIRS,n,2,299.1,2.99,D,0
30.16017,76.04809,346.89,0.43,0.62,2023-11-14,846,N,VIIRS,n,2,304.32,22.23,D,0
30.1604,76.04585,342.26,0.43,0.62,2023-11-14,846,N,VIIRS,n,2,297.75,18.4,D,0
30.16049,76.05264,367,0.43,0.62,2023-11-14,846,N,VIIRS,h,2,299.03,22.23,D,0
30.16056,75.37394,332.96,0.39,0.59,2023-11-14,846,N,VIIRS,n,2,296.84,2.89,D,0
30.16061,74.66895,337.42,0.35,0.57,2023-11-14,846,N,VIIRS,n,2,298.8,1.3,D,0
30.16069,76.0504,367,0.43,0.62,2023-11-14,846,N,VIIRS,h,2,307.7,41.19,D,0
30.16076,74.72224,367,0.36,0.57,2023-11-14,846,N,VIIRS,h,2,300.26,6.19,D,0
30.16141,75.15667,345.14,0.38,0.59,2023-11-14,846,N,VIIRS,n,2,299.01,5.45,D,0
30.1619,74.66919,338.1,0.35,0.57,2023-11-14,846,N,VIIRS,n,2,299.39,1.93,D,0
30.16345,75.74106,352.65,0.41,0.61,2023-11-14,846,N,VIIRS,n,2,299.07,8.7,D,0
30.16363,75.82927,367,0.41,0.61,2023-11-14,846,N,VIIRS,h,2,301.01,6.03,D,0
30.16375,75.74542,341.18,0.41,0.61,2023-11-14,846,N,VIIRS,n,2,297.96,8.78,D,0
30.16444,74.72157,340.39,0.36,0.57,2023-11-14,846,N,VIIRS,n,2,298.23,1.83,D,0
30.16481,74.65347,337.49,0.35,0.57,2023-11-14,846,N,VIIRS,n,2,298.91,2.64,D,0
30.16526,75.20902,336.56,0.38,0.59,2023-11-14,846,N,VIIRS,n,2,297.79,3.86,D,0
30.16601,74.65373,342.37,0.35,0.57,2023-11-14,846,N,VIIRS,n,2,299.01,3.45,D,0
30.1665,74.82478,330.02,0.36,0.57,2023-11-14,846,N,VIIRS,n,2,297.46,1.79,D,0
30.16739,75.5504,332.3,0.4,0.6,2023-11-14,846,N,VIIRS,n,2,297.17,2.75,D,0
30.16768,75.63628,348.38,0.4,0.6,2023-11-14,846,N,VIIRS,n,2,298.29,3.67,D,0
30.16807,75.32353,335.02,0.39,0.59,2023-11-14,846,N,VIIRS,n,2,298.24,3.98,D,0
30.16908,76.18385,367,0.44,0.62,2023-11-14,846,N,VIIRS,h,2,299.94,9.31,D,0
30.16937,76.18847,332.49,0.44,0.62,2023-11-14,846,N,VIIRS,n,2,297.99,9.63,D,0
30.16972,76.18585,367,0.44,0.62,2023-11-14,846,N,VIIRS,h,2,301.85,13.51,D,0
30.17054,75.13169,341.47,0.38,0.58,2023-11-14,846,N,VIIRS,n,2,298.75,4.04,D,0
30.17126,74.45602,353.74,0.34,0.56,2023-11-14,846,N,VIIRS,n,2,300.1,4.97,D,0
30.17164,76.21369,329.52,0.44,0.62,2023-11-14,846,N,VIIRS,n,2,297.92,2.62,D,0
30.1718,75.29842,334.44,0.39,0.59,2023-11-14,846,N,VIIRS,n,2,299.84,2.44,D,0
30.1721,75.30254,337.72,0.39,0.59,2023-11-14,846,N,VIIRS,n,2,299.11,5.6,D,0
30.1727,75.31075,334.14,0.39,0.59,2023-11-14,846,N,VIIRS,n,2,298.55,2.87,D,0
30.17313,75.24094,367,0.38,0.59,2023-11-14,846,N,VIIRS,h,2,301.27,12.05,D,0
30.17343,75.245,337.15,0.38,0.59,2023-11-14,846,N,VIIRS,n,2,297.78,10.98,D,0
30.17359,75.32305,367,0.39,0.59,2023-11-14,846,N,VIIRS,h,2,299.7,3.98,D,0
30.17447,75.73573,335.01,0.41,0.61,2023-11-14,846,N,VIIRS,n,2,297.47,2.7,D,0
30.17488,76.67619,331.98,0.47,0.64,2023-11-14,846,N,VIIRS,n,2,299.24,2.8,D,0
30.17489,76.27743,333.84,0.44,0.62,2023-11-14,846,N,VIIRS,n,2,297.81,3.69,D,0
30.17612,76.2793,341.07,0.44,0.62,2023-11-14,846,N,VIIRS,n,2,298.43,5.34,D,0
30.1765,74.45547,367,0.34,0.56,2023-11-14,846,N,VIIRS,h,2,299.63,7.95,D,0
30.17821,75.31025,336.98,0.39,0.59,2023-11-14,846,N,VIIRS,n,2,298.53,3.41,D,0
30.18026,75.04284,330.07,0.37,0.58,2023-11-14,846,N,VIIRS,l,2,301.28,2.67,D,0
30.18121,75.35136,330.51,0.39,0.59,2023-11-14,846,N,VIIRS,n,2,298.08,1.83,D,0
30.18191,75.04272,332.56,0.37,0.58,2023-11-14,846,N,VIIRS,n,2,300.45,2.89,D,0
30.18293,74.33494,342.73,0.34,0.56,2023-11-14,846,N,VIIRS,n,2,297.43,2.65,D,0
30.18514,74.78452,348.77,0.36,0.57,2023-11-14,846,N,VIIRS,n,2,299.86,4.64,D,0
30.18574,75.65203,335.11,0.4,0.6,2023-11-14,846,N,VIIRS,n,2,297.6,2.65,D,0
30.18634,75.66064,331.59,0.41,0.6,2023-11-14,846,N,VIIRS,n,2,297.51,3.17,D,0
30.19115,75.11376,367,0.38,0.58,2023-11-14,846,N,VIIRS,h,2,301,8.55,D,0
30.19127,75.56973,367,0.4,0.6,2023-11-14,846,N,VIIRS,h,2,299.95,8.89,D,0
30.19186,75.42136,333.95,0.39,0.59,2023-11-14,846,N,VIIRS,n,2,297.9,2.22,D,0
30.19233,75.11373,367,0.38,0.58,2023-11-14,846,N,VIIRS,h,2,301.11,9.16,D,0
30.19289,76.19123,353.91,0.44,0.62,2023-11-14,846,N,VIIRS,n,2,298.99,7.93,D,0
30.19319,76.19589,344.62,0.44,0.62,2023-11-14,846,N,VIIRS,n,2,298.18,9.83,D,0
30.19616,74.36975,332.12,0.34,0.56,2023-11-14,846,N,VIIRS,n,2,298.39,2.52,D,0
30.19695,74.79876,345.13,0.36,0.57,2023-11-14,846,N,VIIRS,n,2,301.78,4.14,D,0
30.19899,75.59913,367,0.4,0.6,2023-11-14,846,N,VIIRS,h,2,300.84,11.62,D,0
30.19944,74.68786,331.27,0.35,0.57,2023-11-14,846,N,VIIRS,n,2,299.04,3.8,D,0
30.19965,75.15326,353.97,0.38,0.59,2023-11-14,846,N,VIIRS,n,2,299.44,6.32,D,0
30.19972,74.69161,346.23,0.35,0.57,2023-11-14,846,N,VIIRS,n,2,299.73,6.01,D,0
30.1999,75.08494,367,0.37,0.58,2023-11-14,846,N,VIIRS,h,2,298.72,6.38,D,0
30.20021,75.08892,341.45,0.37,0.58,2023-11-14,846,N,VIIRS,n,2,298.8,8.6,D,0
30.20058,75.15331,367,0.38,0.59,2023-11-14,846,N,VIIRS,h,2,300.58,11.21,D,0
30.20127,75.08486,367,0.37,0.58,2023-11-14,846,N,VIIRS,h,2,299.89,7.46,D,0
30.20179,75.18138,346.79,0.38,0.59,2023-11-14,846,N,VIIRS,n,2,298.89,3.88,D,0
30.20202,74.86784,338.02,0.36,0.58,2023-11-14,846,N,VIIRS,n,2,298.19,3.95,D,0
30.20247,75.56877,335.89,0.4,0.6,2023-11-14,846,N,VIIRS,n,2,297.23,4.09,D,0
30.20254,75.1815,345.39,0.38,0.59,2023-11-14,846,N,VIIRS,n,2,298.69,3.06,D,0
30.20277,75.57303,336.27,0.4,0.6,2023-11-14,846,N,VIIRS,n,2,297.16,4.09,D,0
30.20308,75.57729,332.42,0.4,0.6,2023-11-14,846,N,VIIRS,n,2,296.71,3.47,D,0
30.20333,75.27512,336.19,0.38,0.59,2023-11-14,846,N,VIIRS,n,2,298.6,3.89,D,0
30.20338,75.58156,333.27,0.4,0.6,2023-11-14,846,N,VIIRS,n,2,296.6,3.47,D,0
30.20348,75.27541,348.76,0.38,0.59,2023-11-14,846,N,VIIRS,n,2,299.7,4.11,D,0
30.20364,75.27921,343.32,0.38,0.59,2023-11-14,846,N,VIIRS,n,2,299.08,3.89,D,0
30.20372,75.83033,344.8,0.42,0.61,2023-11-14,846,N,VIIRS,n,2,300.05,4.5,D,0
30.20376,75.2795,330.2,0.38,0.59,2023-11-14,846,N,VIIRS,n,2,298.46,4.11,D,0
30.20511,75.15278,346.33,0.38,0.59,2023-11-14,846,N,VIIRS,n,2,297.26,6.32,D,0
30.20572,75.30818,331.15,0.39,0.59,2023-11-14,846,N,VIIRS,n,2,298.88,1.35,D,0
30.20587,75.07243,356.46,0.37,0.58,2023-11-14,846,N,VIIRS,n,2,299.25,5.89,D,0
30.20617,74.70615,333.81,0.36,0.57,2023-11-14,846,N,VIIRS,n,2,298.64,1.82,D,0
30.20773,74.3831,336.52,0.34,0.56,2023-11-14,846,N,VIIRS,n,2,297.56,1.4,D,0
30.20938,75.50848,333.59,0.4,0.6,2023-11-14,846,N,VIIRS,n,2,297.8,5.51,D,0
30.20967,74.61154,356.35,0.35,0.57,2023-11-14,846,N,VIIRS,n,2,302.89,11.69,D,0
30.20995,74.61526,342.21,0.35,0.57,2023-11-14,846,N,VIIRS,n,2,299.16,11.88,D,0
30.21003,75.21726,336.64,0.38,0.59,2023-11-14,846,N,VIIRS,n,2,299.3,2.08,D,0
30.21054,75.21738,333.22,0.38,0.59,2023-11-14,846,N,VIIRS,n,2,298.98,1.93,D,0
30.21191,74.85527,340.21,0.36,0.58,2023-11-14,846,N,VIIRS,n,2,298.19,3.21,D,0
30.21303,75.58568,340.35,0.4,0.6,2023-11-14,846,N,VIIRS,n,2,297.3,4.59,D,0
30.2136,75.50871,351.73,0.4,0.6,2023-11-14,846,N,VIIRS,n,2,299.27,7.53,D,0
30.21498,73.3217,341.54,0.59,0.53,2023-11-14,846,N,VIIRS,n,2,299.02,6.99,D,0
30.2151,75.8294,339.29,0.42,0.61,2023-11-14,846,N,VIIRS,n,2,298.6,3.22,D,0
30.21517,75.36542,348.7,0.39,0.59,2023-11-14,846,N,VIIRS,n,2,299.2,7.45,D,0
30.21545,75.36956,367,0.39,0.59,2023-11-14,846,N,VIIRS,h,2,299.8,7.45,D,0
30.21551,75.59341,346.62,0.4,0.6,2023-11-14,846,N,VIIRS,n,2,297.48,4.27,D,0
30.2156,75.36498,350.72,0.39,0.59,2023-11-14,846,N,VIIRS,n,2,299.36,9.4,D,0
30.21591,75.36913,367,0.39,0.59,2023-11-14,846,N,VIIRS,h,2,301.56,9.4,D,0
30.21773,75.31919,338.73,0.39,0.59,2023-11-14,846,N,VIIRS,n,2,299.22,2.39,D,0
30.21788,75.32365,336,0.39,0.59,2023-11-14,846,N,VIIRS,n,2,298.78,4.33,D,0
30.21804,75.3233,339.1,0.39,0.59,2023-11-14,846,N,VIIRS,n,2,298.63,3.53,D,0
30.21921,75.59374,343.84,0.4,0.6,2023-11-14,846,N,VIIRS,n,2,296.22,4.45,D,0
30.22042,75.36079,347.72,0.39,0.59,2023-11-14,846,N,VIIRS,n,2,297.88,3.05,D,0
30.22043,75.66209,338.57,0.41,0.6,2023-11-14,846,N,VIIRS,n,2,297.2,5.33,D,0
30.22083,74.03483,343.34,0.32,0.55,2023-11-14,846,N,VIIRS,n,2,298.32,2.5,D,0
30.22083,75.36037,333.48,0.39,0.59,2023-11-14,846,N,VIIRS,n,2,296.83,5.35,D,0
30.22115,75.53784,353.43,0.4,0.6,2023-11-14,846,N,VIIRS,n,2,298.89,6.27,D,0
30.22208,75.52866,336.1,0.4,0.6,2023-11-14,846,N,VIIRS,n,2,296.76,2.41,D,0
30.2227,75.53711,348.36,0.4,0.6,2023-11-14,846,N,VIIRS,n,2,297.89,6.2,D,0
30.22314,75.65391,332.06,0.41,0.6,2023-11-14,846,N,VIIRS,n,2,297.79,5.43,D,0
30.2237,75.66254,367,0.41,0.6,2023-11-14,846,N,VIIRS,h,2,298.56,8.13,D,0
30.22562,75.5204,334.68,0.4,0.6,2023-11-14,846,N,VIIRS,n,2,296.91,3.85,D,0
30.22618,75.52887,332.2,0.4,0.6,2023-11-14,846,N,VIIRS,n,2,295.49,3.98,D,0
30.22705,75.51971,346.57,0.4,0.6,2023-11-14,846,N,VIIRS,n,2,297.54,5.26,D,0
30.22852,75.39767,335.15,0.39,0.59,2023-11-14,846,N,VIIRS,n,2,299.74,3.56,D,0
30.22892,75.32266,337.34,0.39,0.59,2023-11-14,846,N,VIIRS,n,2,298.99,4.19,D,0
30.22929,75.57563,355.91,0.4,0.6,2023-11-14,846,N,VIIRS,n,2,298.29,6.69,D,0
30.22999,75.79714,367,0.41,0.61,2023-11-14,846,N,VIIRS,h,2,300.46,8.15,D,0
30.23051,75.42683,367,0.39,0.6,2023-11-14,846,N,VIIRS,h,2,299.14,10.22,D,0
30.23109,75.57491,353.16,0.4,0.6,2023-11-14,846,N,VIIRS,n,2,297.34,4.88,D,0
30.2314,75.57916,333.7,0.4,0.6,2023-11-14,846,N,VIIRS,n,2,296.59,4.88,D,0
30.23214,75.79342,340.92,0.41,0.61,2023-11-14,846,N,VIIRS,n,2,298.8,5.35,D,0
30.23243,75.79783,347.56,0.41,0.61,2023-11-14,846,N,VIIRS,n,2,299.76,5.35,D,0
30.23286,74.63561,367,0.35,0.57,2023-11-14,846,N,VIIRS,h,2,301.23,9.08,D,0
30.23322,74.03185,352.52,0.32,0.55,2023-11-14,846,N,VIIRS,n,2,298.7,4.45,D,0
30.23402,76.02152,367,0.43,0.62,2023-11-14,846,N,VIIRS,h,2,304.52,12.72,D,0
30.23565,75.50249,340.46,0.4,0.6,2023-11-14,846,N,VIIRS,n,2,298.95,2.9,D,0
30.23577,75.42216,350.6,0.39,0.6,2023-11-14,846,N,VIIRS,n,2,297.74,5.34,D,0
30.23587,74.47171,335.9,0.34,0.56,2023-11-14,846,N,VIIRS,n,2,296.67,2.89,D,0
30.23788,74.84122,331.5,0.36,0.58,2023-11-14,846,N,VIIRS,n,2,297.53,1.84,D,0
30.23809,74.70311,331.73,0.36,0.57,2023-11-14,846,N,VIIRS,n,2,297.64,2.46,D,0
30.23936,75.55763,334.07,0.4,0.6,2023-11-14,846,N,VIIRS,n,2,297.32,2.03,D,0
30.23946,75.64379,349.02,0.41,0.6,2023-11-14,846,N,VIIRS,n,2,299.24,7.06,D,0
30.24025,74.52662,334.51,0.35,0.56,2023-11-14,846,N,VIIRS,n,2,297.73,1.38,D,0
30.24082,76.12222,336.81,0.43,0.62,2023-11-14,846,N,VIIRS,n,2,300.01,2.67,D,0
30.24122,75.50201,348.31,0.4,0.6,2023-11-14,846,N,VIIRS,n,2,296.98,5.01,D,0
30.2414,75.34229,367,0.39,0.59,2023-11-14,846,N,VIIRS,h,2,309.59,21.23,D,0
30.2417,75.64296,336.17,0.4,0.6,2023-11-14,846,N,VIIRS,n,2,297.74,3.23,D,0
30.24202,75.64726,332.32,0.4,0.6,2023-11-14,846,N,VIIRS,n,2,298.47,3.23,D,0
30.24288,75.20631,367,0.38,0.59,2023-11-14,846,N,VIIRS,h,2,301.82,10.58,D,0
30.24301,74.43297,338.57,0.34,0.56,2023-11-14,846,N,VIIRS,n,2,298.49,2.18,D,0
30.24409,75.54438,355.67,0.4,0.6,2023-11-14,846,N,VIIRS,n,2,298.91,4.33,D,0
30.24582,75.56991,331.8,0.4,0.6,2023-11-14,846,N,VIIRS,n,2,297.5,1.53,D,0
30.24661,76.12175,347.26,0.43,0.62,2023-11-14,846,N,VIIRS,n,2,299.74,4.75,D,0
30.247,76.12304,354.55,0.43,0.62,2023-11-14,846,N,VIIRS,n,2,299.13,5.11,D,0
30.24709,75.67352,342.45,0.41,0.6,2023-11-14,846,N,VIIRS,n,2,298.38,2.62,D,0
30.24749,75.19367,352.6,0.38,0.59,2023-11-14,846,N,VIIRS,n,2,301.05,4.93,D,0
30.24785,76.13692,354.03,0.43,0.62,2023-11-14,846,N,VIIRS,n,2,301.4,16.11,D,0
30.24786,76.14024,367,0.43,0.62,2023-11-14,846,N,VIIRS,h,2,310.89,25.54,D,0
30.24796,75.51843,330.58,0.4,0.6,2023-11-14,846,N,VIIRS,n,2,296.62,2.3,D,0
30.24809,75.35833,330.09,0.39,0.59,2023-11-14,846,N,VIIRS,n,2,298.83,2.76,D,0
30.24813,76.14154,367,0.43,0.62,2023-11-14,846,N,VIIRS,h,2,305.97,16.11,D,0
30.24879,75.06049,367,0.37,0.58,2023-11-14,846,N,VIIRS,h,2,298.84,9.46,D,0
30.24899,75.617,344.26,0.4,0.6,2023-11-14,846,N,VIIRS,n,2,298.85,5.44,D,0
30.25267,75.50525,341.58,0.4,0.6,2023-11-14,846,N,VIIRS,n,2,297.8,4.26,D,0
30.25312,75.76511,367,0.41,0.61,2023-11-14,846,N,VIIRS,h,2,305.33,20.85,D,0
30.25575,73.33606,338.7,0.59,0.53,2023-11-14,846,N,VIIRS,n,2,298.38,10.65,D,0
30.25879,75.76461,340.83,0.41,0.61,2023-11-14,846,N,VIIRS,n,2,298.65,4.05,D,0
30.26278,76.01925,346.44,0.43,0.62,2023-11-14,846,N,VIIRS,n,2,298.84,3.15,D,0
30.26382,76.02032,339.08,0.43,0.62,2023-11-14,846,N,VIIRS,n,2,297.6,4.08,D,0
30.26429,76.125,348.87,0.43,0.62,2023-11-14,846,N,VIIRS,n,2,302.97,5.78,D,0
30.26437,76.1216,347.33,0.43,0.62,2023-11-14,846,N,VIIRS,n,2,301.63,4.18,D,0
30.26446,76.31461,347.8,0.44,0.63,2023-11-14,846,N,VIIRS,n,2,298.58,5.85,D,0
30.26472,75.43642,367,0.39,0.6,2023-11-14,846,N,VIIRS,h,2,303.46,10.39,D,0
30.26527,76.31299,367,0.44,0.63,2023-11-14,846,N,VIIRS,h,2,299.99,7.09,D,0
30.26763,75.39836,331.26,0.39,0.59,2023-11-14,846,N,VIIRS,n,2,298.35,3.08,D,0
30.26774,74.5524,339.01,0.35,0.57,2023-11-14,846,N,VIIRS,n,2,299.11,2.35,D,0
30.26793,75.40253,330.27,0.39,0.59,2023-11-14,846,N,VIIRS,n,2,298.63,5.54,D,0
30.26868,76.19129,345.03,0.44,0.62,2023-11-14,846,N,VIIRS,n,2,300,6.31,D,0
30.26897,76.19596,349.94,0.44,0.62,2023-11-14,846,N,VIIRS,n,2,299.74,6.31,D,0
30.26904,76.19454,367,0.44,0.62,2023-11-14,846,N,VIIRS,h,2,302.95,11.5,D,0
30.26965,73.973,367,0.32,0.55,2023-11-14,846,N,VIIRS,h,2,303.94,10.78,D,0
30.26999,74.37192,351.58,0.34,0.56,2023-11-14,846,N,VIIRS,n,2,297.92,5.18,D,0
30.27028,75.43594,341.53,0.39,0.6,2023-11-14,846,N,VIIRS,n,2,299.25,3.8,D,0
30.27054,74.51869,335.71,0.35,0.56,2023-11-14,846,N,VIIRS,n,2,298.55,2.09,D,0
30.27095,74.91995,367,0.37,0.58,2023-11-14,846,N,VIIRS,h,2,300.74,4.75,D,0
30.2717,75.70203,367,0.41,0.61,2023-11-14,846,N,VIIRS,h,2,302,17.82,D,0
30.27236,75.54618,338.84,0.4,0.6,2023-11-14,846,N,VIIRS,n,2,297.71,3.58,D,0
30.2727,74.91892,334.59,0.37,0.58,2023-11-14,846,N,VIIRS,n,2,298.85,2.16,D,0
30.27309,75.31873,345.44,0.39,0.59,2023-11-14,846,N,VIIRS,n,2,301.96,22.01,D,0
30.27339,75.32285,367,0.39,0.59,2023-11-14,846,N,VIIRS,h,2,305.53,22.01,D,0
30.27412,75.49064,353.28,0.4,0.6,2023-11-14,846,N,VIIRS,n,2,300.86,17.56,D,0
30.27442,75.49485,367,0.4,0.6,2023-11-14,846,N,VIIRS,h,2,298.94,23.73,D,0
30.27474,73.97248,349.15,0.32,0.55,2023-11-14,846,N,VIIRS,n,2,298.78,6,D,0
30.27826,75.54995,367,0.4,0.6,2023-11-14,846,N,VIIRS,h,2,301.57,14.37,D,0
30.28211,75.60554,333.14,0.4,0.6,2023-11-14,846,N,VIIRS,n,2,296.57,3.33,D,0
30.28359,74.99677,355.5,0.37,0.58,2023-11-14,846,N,VIIRS,n,2,299.87,4,D,0
30.28498,74.29453,346.51,0.34,0.56,2023-11-14,846,N,VIIRS,n,2,298.39,7.17,D,0
30.28594,75.04507,336.43,0.37,0.58,2023-11-14,846,N,VIIRS,n,2,296.04,4.6,D,0
30.28652,74.91068,367,0.37,0.58,2023-11-14,846,N,VIIRS,h,2,301.02,7.96,D,0
30.28689,75.04418,354.57,0.37,0.58,2023-11-14,846,N,VIIRS,n,2,296.49,4.3,D,0
30.28775,74.99722,367,0.37,0.58,2023-11-14,846,N,VIIRS,h,2,301.16,7.67,D,0
30.28802,74.009,337.07,0.32,0.55,2023-11-14,846,N,VIIRS,n,2,297.54,2.61,D,0
30.28833,74.90961,367,0.37,0.58,2023-11-14,846,N,VIIRS,h,2,300.78,6.29,D,0
30.28852,74.76215,336.93,0.36,0.57,2023-11-14,846,N,VIIRS,n,2,296.14,3.44,D,0
30.28864,75.70057,335.53,0.41,0.61,2023-11-14,846,N,VIIRS,n,2,298.28,4.53,D,0
30.289,74.99627,346.63,0.37,0.58,2023-11-14,846,N,VIIRS,n,2,298.92,4.74,D,0
30.28953,75.39226,346.45,0.39,0.59,2023-11-14,846,N,VIIRS,n,2,298.11,3.75,D,0
30.28996,75.47654,330.14,0.4,0.6,2023-11-14,846,N,VIIRS,n,2,296.87,4.01,D,0
30.29081,74.64771,367,0.35,0.57,2023-11-14,846,N,VIIRS,h,2,299.98,8.68,D,0
30.29109,74.65144,350.83,0.35,0.57,2023-11-14,846,N,VIIRS,n,2,298.65,10.61,D,0
30.29191,74.91019,356.4,0.37,0.58,2023-11-14,846,N,VIIRS,n,2,299.74,7.96,D,0
30.29208,74.4538,367,0.34,0.56,2023-11-14,846,N,VIIRS,h,2,309.39,23.18,D,0
30.29221,74.91409,367,0.37,0.58,2023-11-14,846,N,VIIRS,h,2,299.7,18.14,D,0
30.29244,75.59171,341.77,0.4,0.6,2023-11-14,846,N,VIIRS,n,2,296.42,4.6,D,0
30.29276,74.674,339.43,0.35,0.57,2023-11-14,846,N,VIIRS,n,2,298.75,2.77,D,0
30.29372,74.90912,345.86,0.37,0.58,2023-11-14,846,N,VIIRS,n,2,298.31,8.99,D,0
30.29383,75.22569,341.24,0.38,0.59,2023-11-14,846,N,VIIRS,n,2,299.66,4.22,D,0
30.29399,74.91301,367,0.37,0.58,2023-11-14,846,N,VIIRS,h,2,301.43,15.48,D,0
30.29404,75.22623,337.16,0.38,0.59,2023-11-14,846,N,VIIRS,n,2,299.45,4.51,D,0
30.29429,75.70009,350.51,0.41,0.61,2023-11-14,846,N,VIIRS,n,2,297.9,4.53,D,0
30.29439,75.15695,337.12,0.38,0.59,2023-11-14,846,N,VIIRS,n,2,298.4,4.57,D,0
30.29458,76.23157,345.5,0.44,0.62,2023-11-14,846,N,VIIRS,n,2,299.71,3.51,D,0
30.29462,75.15623,337.17,0.38,0.59,2023-11-14,846,N,VIIRS,n,2,297.76,4.15,D,0
30.29493,75.46761,330.56,0.4,0.6,2023-11-14,846,N,VIIRS,n,2,295.66,6.03,D,0
30.29553,75.47604,343.91,0.4,0.6,2023-11-14,846,N,VIIRS,n,2,296.57,7.91,D,0
30.29565,75.55702,345.28,0.4,0.6,2023-11-14,846,N,VIIRS,n,2,299.37,5.9,D,0
30.29723,75.66055,355.04,0.41,0.6,2023-11-14,846,N,VIIRS,n,2,299.23,16.05,D,0
30.29753,75.66489,367,0.41,0.6,2023-11-14,846,N,VIIRS,h,2,303.83,28.83,D,0
30.29808,74.6735,340.86,0.35,0.57,2023-11-14,846,N,VIIRS,n,2,297.43,2.97,D,0
30.2999,75.31585,340.19,0.39,0.59,2023-11-14,846,N,VIIRS,n,2,299.67,6.28,D,0
30.30024,75.70396,345.35,0.41,0.61,2023-11-14,846,N,VIIRS,n,2,298.72,7.9,D,0
30.30054,75.70831,356.68,0.41,0.61,2023-11-14,846,N,VIIRS,n,2,299.24,11.48,D,0
30.301,76.24047,367,0.44,0.62,2023-11-14,846,N,VIIRS,h,2,301.12,7.29,D,0
30.30171,75.48401,367,0.4,0.6,2023-11-14,846,N,VIIRS,h,2,300.17,14.24,D,0
30.30257,74.73399,348.51,0.36,0.57,2023-11-14,846,N,VIIRS,n,2,298.51,4.78,D,0
30.30298,74.19281,337.38,0.33,0.55,2023-11-14,846,N,VIIRS,n,2,297.53,3.11,D,0
30.30351,76.00792,346.28,0.43,0.62,2023-11-14,846,N,VIIRS,n,2,301.13,6.96,D,0
30.30424,74.3395,333.85,0.34,0.56,2023-11-14,846,N,VIIRS,n,2,296.11,2.54,D,0
30.30453,74.34309,336.94,0.34,0.56,2023-11-14,846,N,VIIRS,n,2,296.39,2.54,D,0
30.30472,75.14792,367,0.38,0.59,2023-11-14,846,N,VIIRS,h,2,301.49,9.08,D,0
30.305,75.14716,367,0.38,0.59,2023-11-14,846,N,VIIRS,h,2,300.41,9.64,D,0
30.30589,75.70348,356.36,0.41,0.61,2023-11-14,846,N,VIIRS,n,2,297.57,7.9,D,0
30.30598,75.3236,367,0.39,0.59,2023-11-14,846,N,VIIRS,h,2,300.89,11.67,D,0
30.30619,75.70785,350.22,0.41,0.61,2023-11-14,846,N,VIIRS,n,2,297.91,11.48,D,0
30.30652,74.36834,336.55,0.34,0.56,2023-11-14,846,N,VIIRS,n,2,298.01,3.24,D,0
30.30654,75.33187,345.92,0.39,0.59,2023-11-14,846,N,VIIRS,n,2,298.59,4.76,D,0
30.30672,74.64616,332.1,0.35,0.57,2023-11-14,846,N,VIIRS,n,2,299.31,1.64,D,0
30.3068,74.79121,339.6,0.36,0.57,2023-11-14,846,N,VIIRS,n,2,296.78,4.25,D,0
30.30683,75.32404,367,0.39,0.59,2023-11-14,846,N,VIIRS,h,2,301.04,12.49,D,0
30.30708,74.79504,344.84,0.36,0.57,2023-11-14,846,N,VIIRS,n,2,297.95,6.58,D,0
30.30729,75.48353,350.03,0.4,0.6,2023-11-14,846,N,VIIRS,n,2,298.18,5.74,D,0
30.30736,74.79887,367,0.36,0.57,2023-11-14,846,N,VIIRS,h,2,298.63,6.58,D,0
30.30744,75.33229,339.09,0.39,0.59,2023-11-14,846,N,VIIRS,n,2,298.59,5.62,D,0
30.3085,75.50043,354,0.4,0.6,2023-11-14,846,N,VIIRS,n,2,299.92,7.62,D,0
30.30876,75.36506,346.38,0.39,0.59,2023-11-14,846,N,VIIRS,n,2,298.59,4.22,D,0
30.30988,75.36542,344.86,0.39,0.59,2023-11-14,846,N,VIIRS,n,2,298.97,4.14,D,0
30.31019,75.60314,346.33,0.4,0.6,2023-11-14,846,N,VIIRS,n,2,299.21,4.59,D,0
30.31141,75.6203,367,0.4,0.6,2023-11-14,846,N,VIIRS,h,2,300.23,8.86,D,0
30.31158,76.13172,349.51,0.43,0.62,2023-11-14,846,N,VIIRS,n,2,300.39,7.88,D,0
30.31165,74.57056,337.74,0.35,0.57,2023-11-14,846,N,VIIRS,n,2,298.04,1.83,D,0
30.31182,75.4109,345.56,0.39,0.6,2023-11-14,846,N,VIIRS,n,2,297.77,2.46,D,0
30.31324,75.4112,344.22,0.39,0.6,2023-11-14,846,N,VIIRS,n,2,298.27,2.56,D,0
30.31379,74.52932,356.48,0.35,0.57,2023-11-14,846,N,VIIRS,n,2,298.96,6.44,D,0
30.31423,75.28141,336.41,0.39,0.59,2023-11-14,846,N,VIIRS,n,2,298.29,2.74,D,0
30.31475,75.66779,337.33,0.41,0.6,2023-11-14,846,N,VIIRS,n,2,297.36,3.4,D,0
30.31481,75.28196,336.23,0.39,0.59,2023-11-14,846,N,VIIRS,n,2,298.42,2.46,D,0
30.31506,75.67213,330.75,0.41,0.6,2023-11-14,846,N,VIIRS,n,2,296.09,3.56,D,0
30.31587,75.84864,350.82,0.42,0.61,2023-11-14,846,N,VIIRS,n,2,300.05,4.8,D,0
30.31639,75.77299,336.67,0.41,0.61,2023-11-14,846,N,VIIRS,n,2,298.03,2.39,D,0
30.31703,75.3226,340.21,0.39,0.59,2023-11-14,846,N,VIIRS,n,2,298.64,6.81,D,0
30.31705,74.6414,331.62,0.35,0.57,2023-11-14,846,N,VIIRS,n,2,296.79,2.32,D,0
30.31788,75.32307,347.01,0.39,0.59,2023-11-14,846,N,VIIRS,n,2,299.03,4.99,D,0
30.31836,75.02532,330.96,0.37,0.58,2023-11-14,846,N,VIIRS,n,2,297.55,4.19,D,0
30.31872,75.34745,338.92,0.39,0.59,2023-11-14,846,N,VIIRS,n,2,300.14,4.59,D,0
30.31956,75.3599,335.28,0.39,0.59,2023-11-14,846,N,VIIRS,n,2,297.71,3.75,D,0
30.31973,75.34786,354.58,0.39,0.59,2023-11-14,846,N,VIIRS,n,2,301.06,8.93,D,0
30.32008,75.66299,367,0.41,0.6,2023-11-14,846,N,VIIRS,h,2,302.23,12.13,D,0
30.32039,75.6673,367,0.41,0.6,2023-11-14,846,N,VIIRS,h,2,297.03,12.13,D,0
30.32064,74.61847,341.38,0.35,0.57,2023-11-14,846,N,VIIRS,n,2,297.41,5.02,D,0
30.32065,75.3603,334.33,0.39,0.59,2023-11-14,846,N,VIIRS,n,2,297.97,5.93,D,0
30.32093,74.6222,350.15,0.35,0.57,2023-11-14,846,N,VIIRS,n,2,297.91,5.02,D,0
30.32102,75.21911,344.11,0.38,0.59,2023-11-14,846,N,VIIRS,n,2,298.18,2.97,D,0
30.32151,75.52489,332.06,0.4,0.6,2023-11-14,846,N,VIIRS,n,2,297.79,4.68,D,0
30.32221,74.56954,333.06,0.35,0.57,2023-11-14,846,N,VIIRS,n,2,298.3,2.51,D,0
30.32267,75.66264,367,0.41,0.6,2023-11-14,846,N,VIIRS,h,2,301.39,20.41,D,0
30.32289,74.50986,333.67,0.35,0.56,2023-11-14,846,N,VIIRS,n,2,299.38,3.41,D,0
30.32311,75.39355,335.28,0.39,0.59,2023-11-14,846,N,VIIRS,n,2,297.55,2,D,0
30.32419,74.39211,342.43,0.34,0.56,2023-11-14,846,N,VIIRS,n,2,296.45,2.52,D,0
30.32494,75.52425,337.99,0.4,0.6,2023-11-14,846,N,VIIRS,n,2,298.69,4.28,D,0
30.32574,75.12909,337.23,0.38,0.59,2023-11-14,846,N,VIIRS,n,2,298.46,4.45,D,0
30.32602,75.1331,349.63,0.38,0.59,2023-11-14,846,N,VIIRS,n,2,298.96,6.18,D,0
30.32664,75.06461,343.67,0.37,0.58,2023-11-14,846,N,VIIRS,n,2,298.54,5.13,D,0
30.32693,75.0686,348.77,0.37,0.58,2023-11-14,846,N,VIIRS,n,2,300.04,7.74,D,0
30.32735,74.77772,339.67,0.36,0.57,2023-11-14,846,N,VIIRS,n,2,297.94,3.37,D,0
30.32757,75.68854,367,0.41,0.6,2023-11-14,846,N,VIIRS,h,2,299.65,9.05,D,0
30.32802,75.65781,355.31,0.41,0.6,2023-11-14,846,N,VIIRS,n,2,299.85,9.3,D,0
30.3283,75.16537,354.03,0.38,0.59,2023-11-14,846,N,VIIRS,n,2,298.58,6.93,D,0
30.32867,74.72388,349.75,0.36,0.57,2023-11-14,846,N,VIIRS,n,2,299.4,4.45,D,0
30.3292,75.63178,338.93,0.4,0.6,2023-11-14,846,N,VIIRS,n,2,298.61,2.61,D,0
30.32998,75.68819,367,0.41,0.61,2023-11-14,846,N,VIIRS,h,2,297.48,9.24,D,0
30.33021,75.41392,367,0.39,0.6,2023-11-14,846,N,VIIRS,h,2,299,5.86,D,0
30.33035,75.11655,355.09,0.38,0.59,2023-11-14,846,N,VIIRS,n,2,300.3,9.37,D,0
30.33063,75.12057,353.55,0.38,0.59,2023-11-14,846,N,VIIRS,n,2,299.41,9.37,D,0
30.3312,75.3672,336.11,0.39,0.59,2023-11-14,846,N,VIIRS,n,2,296.96,3.07,D,0
30.33197,75.63136,334.98,0.41,0.6,2023-11-14,846,N,VIIRS,n,2,298.28,2.13,D,0
30.33418,75.32939,338.44,0.39,0.59,2023-11-14,846,N,VIIRS,n,2,298,2.87,D,0
30.33433,75.4131,367,0.39,0.6,2023-11-14,846,N,VIIRS,h,2,298.54,8.73,D,0
30.3352,75.1851,344.39,0.38,0.59,2023-11-14,846,N,VIIRS,n,2,298.03,5.47,D,0
30.33549,75.18917,347.9,0.38,0.59,2023-11-14,846,N,VIIRS,n,2,297.61,7.98,D,0
30.33575,75.43407,347.18,0.39,0.6,2023-11-14,846,N,VIIRS,n,2,297.21,5.03,D,0
30.33634,74.97208,330.65,0.37,0.58,2023-11-14,846,N,VIIRS,n,2,297.89,5.3,D,0
30.33662,74.97602,367,0.37,0.58,2023-11-14,846,N,VIIRS,h,2,300.32,5.3,D,0
30.33666,75.90079,341.63,0.42,0.61,2023-11-14,846,N,VIIRS,n,2,299.84,4.4,D,0
30.33689,75.45089,367,0.4,0.6,2023-11-14,846,N,VIIRS,h,2,299.79,10.94,D,0
30.33776,75.90083,341.12,0.42,0.61,2023-11-14,846,N,VIIRS,n,2,300.05,4.31,D,0
30.33793,75.67458,367,0.41,0.6,2023-11-14,846,N,VIIRS,h,2,301.06,5.06,D,0
30.3387,74.37609,367,0.34,0.56,2023-11-14,846,N,VIIRS,h,2,300.4,6.59,D,0
30.34007,75.25433,335.89,0.38,0.59,2023-11-14,846,N,VIIRS,n,2,296.73,3.35,D,0
30.34008,75.02334,347.75,0.37,0.58,2023-11-14,846,N,VIIRS,n,2,297.99,4.4,D,0
30.34037,75.02731,340.17,0.37,0.58,2023-11-14,846,N,VIIRS,n,2,296.64,4.88,D,0
30.34043,75.6742,367,0.41,0.6,2023-11-14,846,N,VIIRS,h,2,301.9,7.72,D,0
30.34122,75.27072,342.9,0.39,0.59,2023-11-14,846,N,VIIRS,n,2,300.15,5.05,D,0
30.34246,75.45042,341.37,0.4,0.6,2023-11-14,846,N,VIIRS,n,2,296.46,1.88,D,0
30.34323,75.63039,334.32,0.41,0.6,2023-11-14,846,N,VIIRS,n,2,298.9,15.64,D,0
30.3436,75.46726,367,0.4,0.6,2023-11-14,846,N,VIIRS,h,2,302.89,14.15,D,0
30.34394,74.50783,367,0.35,0.56,2023-11-14,846,N,VIIRS,h,2,300.33,11.81,D,0
30.34408,75.64336,331.45,0.41,0.6,2023-11-14,846,N,VIIRS,n,2,296.1,5.12,D,0
30.34419,75.68279,335.69,0.41,0.6,2023-11-14,846,N,VIIRS,n,2,296.75,2.22,D,0
30.34438,75.316,330.3,0.39,0.59,2023-11-14,846,N,VIIRS,n,2,297.58,1.88,D,0
30.34515,75.40793,330.88,0.39,0.6,2023-11-14,846,N,VIIRS,n,2,298.23,1.85,D,0
30.34616,75.18411,367,0.38,0.59,2023-11-14,846,N,VIIRS,h,2,298.48,6.71,D,0
30.34665,75.6824,335.6,0.41,0.6,2023-11-14,846,N,VIIRS,n,2,297.22,2.42,D,0
30.34695,75.77483,335.62,0.41,0.61,2023-11-14,846,N,VIIRS,n,2,298.61,2.64,D,0
30.34702,75.64331,332.39,0.41,0.6,2023-11-14,846,N,VIIRS,n,2,296.16,3.91,D,0
30.34724,75.77925,344.67,0.41,0.61,2023-11-14,846,N,VIIRS,n,2,298.46,2.64,D,0
30.34761,75.20441,340.26,0.38,0.59,2023-11-14,846,N,VIIRS,n,2,297.07,6.03,D,0
30.34886,75.62991,357.3,0.41,0.6,2023-11-14,846,N,VIIRS,l,2,304.76,15.64,D,0
30.34922,74.85312,367,0.36,0.58,2023-11-14,846,N,VIIRS,h,2,300,14.35,D,0
30.35117,74.73706,342.56,0.36,0.57,2023-11-14,846,N,VIIRS,n,2,297.36,2.81,D,0
30.35282,75.27796,367,0.39,0.59,2023-11-14,846,N,VIIRS,h,2,301.27,7.18,D,0
30.35311,75.28206,337.9,0.39,0.59,2023-11-14,846,N,VIIRS,n,2,299.24,7.18,D,0
30.35476,75.91284,344.29,0.42,0.61,2023-11-14,846,N,VIIRS,n,2,300.81,3.21,D,0
30.35482,75.38608,352.88,0.39,0.59,2023-11-14,846,N,VIIRS,n,2,297.58,5.38,D,0
30.35511,75.39025,343.62,0.39,0.59,2023-11-14,846,N,VIIRS,n,2,297.2,5.38,D,0
30.35577,75.91286,346.17,0.42,0.61,2023-11-14,846,N,VIIRS,n,2,300.44,3.2,D,0
30.35579,75.76528,330.96,0.41,0.61,2023-11-14,846,N,VIIRS,n,2,297.12,1.76,D,0
30.35598,75.40278,330.92,0.39,0.6,2023-11-14,846,N,VIIRS,n,2,298.5,3.07,D,0
30.35611,75.76968,332.2,0.41,0.61,2023-11-14,846,N,VIIRS,n,2,296.86,1.76,D,0
30.35618,75.09409,367,0.38,0.58,2023-11-14,846,N,VIIRS,h,2,302.32,10.73,D,0
30.35619,75.4874,356.19,0.4,0.6,2023-11-14,846,N,VIIRS,n,2,299.81,6.16,D,0
30.35648,75.49164,334.69,0.4,0.6,2023-11-14,846,N,VIIRS,n,2,296.91,6.16,D,0
30.35684,75.17908,355.65,0.38,0.59,2023-11-14,846,N,VIIRS,n,2,297.76,6.05,D,0
30.35773,75.76503,334.53,0.41,0.61,2023-11-14,846,N,VIIRS,n,2,297.48,2.26,D,0
30.35802,75.76943,333.54,0.41,0.61,2023-11-14,846,N,VIIRS,n,2,296.24,2.26,D,0
30.35915,74.7709,336.21,0.36,0.57,2023-11-14,846,N,VIIRS,n,2,296.31,5.05,D,0
30.3592,75.36891,348.4,0.39,0.59,2023-11-14,846,N,VIIRS,n,2,309.45,22.11,D,0
30.35945,74.77473,354.26,0.36,0.57,2023-11-14,846,N,VIIRS,n,2,298.42,8.76,D,0
30.35949,75.37309,339.77,0.39,0.59,2023-11-14,846,N,VIIRS,n,2,297.53,22.11,D,0
30.36091,75.00951,356.42,0.37,0.58,2023-11-14,846,N,VIIRS,n,2,298.85,6.01,D,0
30.36184,76.19834,334.77,0.44,0.62,2023-11-14,846,N,VIIRS,n,2,299.74,3.04,D,0
30.36212,75.33108,351.4,0.39,0.59,2023-11-14,846,N,VIIRS,n,2,300.38,5.59,D,0
30.36265,75.49962,356.42,0.4,0.6,2023-11-14,846,N,VIIRS,n,2,299.67,12.76,D,0
30.36294,75.50385,367,0.4,0.6,2023-11-14,846,N,VIIRS,h,2,299.33,19.33,D,0
30.36294,76.20255,339.91,0.44,0.62,2023-11-14,846,N,VIIRS,n,2,301.03,5.36,D,0
30.36357,75.43163,348.91,0.39,0.6,2023-11-14,846,N,VIIRS,n,2,299,3.61,D,0
30.36382,74.49113,367,0.35,0.56,2023-11-14,846,N,VIIRS,h,2,298.34,7.65,D,0
30.36414,75.28107,330.02,0.39,0.59,2023-11-14,846,N,VIIRS,n,2,297.39,0.92,D,0
30.36445,75.69398,353.84,0.41,0.61,2023-11-14,846,N,VIIRS,n,2,297.65,8.06,D,0
30.36723,75.02088,352.43,0.37,0.58,2023-11-14,846,N,VIIRS,n,2,299.72,6.92,D,0
30.36752,75.02485,343.6,0.37,0.58,2023-11-14,846,N,VIIRS,n,2,299.03,5.96,D,0
30.36765,75.3306,367,0.39,0.59,2023-11-14,846,N,VIIRS,h,2,300.3,8.43,D,0
30.36797,74.54272,342.04,0.35,0.57,2023-11-14,846,N,VIIRS,n,2,298.39,3.5,D,0
30.36905,75.95247,348.52,0.42,0.61,2023-11-14,846,N,VIIRS,n,2,300.27,4.94,D,0
30.36923,74.8318,342.72,0.36,0.58,2023-11-14,846,N,VIIRS,n,2,298.89,4.18,D,0
30.36981,75.9525,348.81,0.42,0.61,2023-11-14,846,N,VIIRS,n,2,300.07,5.22,D,0
30.37068,75.96607,336.07,0.42,0.61,2023-11-14,846,N,VIIRS,n,2,298.79,1.88,D,0
30.37285,75.82159,367,0.42,0.61,2023-11-14,846,N,VIIRS,h,2,299.2,5.22,D,0
30.37295,75.02434,340.75,0.37,0.58,2023-11-14,846,N,VIIRS,n,2,298.21,5.96,D,0
30.37447,75.7592,337.06,0.41,0.61,2023-11-14,846,N,VIIRS,n,2,297.65,2.69,D,0
30.37527,76.13168,367,0.43,0.62,2023-11-14,846,N,VIIRS,h,2,300.29,10.46,D,0
30.37564,76.13132,367,0.43,0.62,2023-11-14,846,N,VIIRS,h,2,301.12,10.14,D,0
30.37575,75.69302,341.62,0.41,0.61,2023-11-14,846,N,VIIRS,n,2,298.46,4.28,D,0
30.37584,75.95654,355.06,0.42,0.61,2023-11-14,846,N,VIIRS,n,2,300.04,5.83,D,0
30.37642,75.96561,330.97,0.42,0.61,2023-11-14,846,N,VIIRS,n,2,298.78,5.92,D,0
30.37669,74.8584,346.7,0.36,0.58,2023-11-14,846,N,VIIRS,n,2,296.98,4.78,D,0
30.37692,75.71046,367,0.41,0.61,2023-11-14,846,N,VIIRS,h,2,303,17.48,D,0
30.37818,74.80774,352.21,0.36,0.58,2023-11-14,846,N,VIIRS,n,2,298.77,3.57,D,0
30.3802,74.69612,336.45,0.36,0.57,2023-11-14,846,N,VIIRS,n,2,297.76,2.82,D,0
30.38027,74.83469,351.49,0.36,0.58,2023-11-14,846,N,VIIRS,n,2,298.09,5.1,D,0
30.38047,75.05168,367,0.37,0.58,2023-11-14,846,N,VIIRS,h,2,299.44,6.23,D,0
30.38098,75.28373,342.68,0.39,0.59,2023-11-14,846,N,VIIRS,n,2,299.09,3.52,D,0
30.38127,75.28785,330.31,0.39,0.59,2023-11-14,846,N,VIIRS,n,2,297.27,3.52,D,0
30.38219,75.78962,338.59,0.41,0.61,2023-11-14,846,N,VIIRS,n,2,297.25,4.36,D,0
30.3835,74.73788,345.47,0.36,0.57,2023-11-14,846,N,VIIRS,n,2,297.08,4.78,D,0
30.38441,75.25452,338.9,0.38,0.59,2023-11-14,846,N,VIIRS,n,2,300.07,3.41,D,0
30.38484,75.33742,356.02,0.39,0.59,2023-11-14,846,N,VIIRS,n,2,299.32,6.49,D,0
30.38514,75.34156,346.97,0.39,0.59,2023-11-14,846,N,VIIRS,n,2,300.25,9.01,D,0
30.38588,75.51041,357.74,0.4,0.6,2023-11-14,846,N,VIIRS,n,2,298.47,6.4,D,0
30.38596,74.90841,330.12,0.37,0.58,2023-11-14,846,N,VIIRS,n,2,295.88,3.94,D,0
30.3865,74.77607,355.57,0.36,0.57,2023-11-14,846,N,VIIRS,n,2,297.36,4.05,D,0
30.38655,74.84579,335.19,0.36,0.58,2023-11-14,846,N,VIIRS,n,2,297.33,2.5,D,0
30.38685,74.84966,334.61,0.36,0.58,2023-11-14,846,N,VIIRS,n,2,296.89,4.16,D,0
30.38705,75.69208,330.98,0.41,0.61,2023-11-14,846,N,VIIRS,n,2,297.44,3.23,D,0
30.38921,74.8106,348.14,0.36,0.58,2023-11-14,846,N,VIIRS,n,2,299.53,3.62,D,0
30.38921,75.09515,337.51,0.38,0.58,2023-11-14,846,N,VIIRS,n,2,298.33,2.76,D,0
30.38973,76.2524,367,0.44,0.62,2023-11-14,846,N,VIIRS,h,2,300.5,8,D,0
30.391,75.92354,367,0.42,0.61,2023-11-14,846,N,VIIRS,h,2,298.96,8.43,D,0
30.39172,76.02389,332.17,0.43,0.62,2023-11-14,846,N,VIIRS,n,2,299.73,4.08,D,0
30.39271,75.60882,337.31,0.4,0.6,2023-11-14,846,N,VIIRS,n,2,297.08,5.26,D,0
30.39271,75.6916,338.89,0.41,0.61,2023-11-14,846,N,VIIRS,n,2,297.83,6.45,D,0
30.393,75.69596,349.82,0.41,0.61,2023-11-14,846,N,VIIRS,n,2,299.28,6.45,D,0
30.39415,76.24773,331.69,0.44,0.62,2023-11-14,846,N,VIIRS,n,2,297.94,7.69,D,0
30.39444,76.25244,367,0.44,0.62,2023-11-14,846,N,VIIRS,h,2,300.9,7.69,D,0
30.39671,76.10201,330.24,0.43,0.62,2023-11-14,846,N,VIIRS,n,2,298.94,1.08,D,0
30.39681,75.3489,331.33,0.39,0.59,2023-11-14,846,N,VIIRS,n,2,297.52,4.42,D,0
30.39994,75.31528,337.24,0.39,0.59,2023-11-14,846,N,VIIRS,n,2,297.56,1.79,D,0
30.40024,75.31942,330.55,0.39,0.59,2023-11-14,846,N,VIIRS,n,2,297.28,1.79,D,0
30.40063,75.24896,342.39,0.38,0.59,2023-11-14,846,N,VIIRS,n,2,298.43,4.66,D,0
30.40093,75.25306,345.96,0.38,0.59,2023-11-14,846,N,VIIRS,n,2,297.71,4.66,D,0
30.40097,75.90006,367,0.42,0.61,2023-11-14,846,N,VIIRS,h,2,299.79,11.9,D,0
30.40114,75.33183,352.95,0.39,0.59,2023-11-14,846,N,VIIRS,n,2,299.86,6.03,D,0
30.40116,76.26614,331.06,0.44,0.63,2023-11-14,846,N,VIIRS,n,2,298.58,2.37,D,0
30.40125,75.56918,342.14,0.4,0.6,2023-11-14,846,N,VIIRS,n,2,298.36,3.46,D,0
30.40265,75.50897,343.58,0.4,0.6,2023-11-14,846,N,VIIRS,n,2,298.86,4.89,D,0
30.40342,75.44086,341.76,0.4,0.6,2023-11-14,846,N,VIIRS,n,2,299.35,5.07,D,0
30.40431,75.69499,336.55,0.41,0.61,2023-11-14,846,N,VIIRS,n,2,297.94,3.2,D,0
30.40596,75.55588,331.29,0.4,0.6,2023-11-14,846,N,VIIRS,n,2,297.23,2.04,D,0
30.40678,75.18282,347.94,0.38,0.59,2023-11-14,846,N,VIIRS,n,2,300.07,4.89,D,0
30.40708,75.18687,340.3,0.38,0.59,2023-11-14,846,N,VIIRS,n,2,298.25,4.89,D,0
30.40726,75.65538,367,0.41,0.6,2023-11-14,846,N,VIIRS,h,2,302.65,14.21,D,0
30.40849,75.35622,342.55,0.39,0.59,2023-11-14,846,N,VIIRS,n,2,298.48,6.62,D,0
30.40879,75.36038,367,0.39,0.59,2023-11-14,846,N,VIIRS,h,2,300.41,6.62,D,0
30.40952,75.21942,342.37,0.38,0.59,2023-11-14,846,N,VIIRS,n,2,298.61,2.56,D,0
30.41139,75.63326,349.03,0.41,0.6,2023-11-14,846,N,VIIRS,n,2,299.94,5.81,D,0
30.41237,75.9855,367,0.43,0.62,2023-11-14,846,N,VIIRS,h,2,303,13.2,D,0
30.41399,75.58968,347.69,0.4,0.6,2023-11-14,846,N,VIIRS,n,2,299.99,5.57,D,0
30.41429,75.59397,343.69,0.4,0.6,2023-11-14,846,N,VIIRS,n,2,299.91,7.25,D,0
30.41433,75.3599,367,0.39,0.59,2023-11-14,846,N,VIIRS,h,2,301.35,14.91,D,0
30.41626,76.04489,339.27,0.43,0.62,2023-11-14,846,N,VIIRS,n,2,298.57,2.86,D,0
30.41872,75.99413,332.46,0.43,0.62,2023-11-14,846,N,VIIRS,n,2,300.28,7.02,D,0
30.41902,75.99869,367,0.43,0.62,2023-11-14,846,N,VIIRS,h,2,301,7.02,D,0
30.41944,75.66743,340.22,0.41,0.6,2023-11-14,846,N,VIIRS,n,2,297.77,7.95,D,0
30.41991,75.59349,337.5,0.4,0.6,2023-11-14,846,N,VIIRS,n,2,299.29,6.61,D,0
30.42064,75.52455,347.17,0.4,0.6,2023-11-14,846,N,VIIRS,n,2,297.19,7.03,D,0
30.42174,75.61933,367,0.41,0.6,2023-11-14,846,N,VIIRS,h,2,303.79,13.6,D,0
30.4245,75.34651,367,0.39,0.59,2023-11-14,846,N,VIIRS,h,2,304.43,12.01,D,0
30.42819,75.39649,345.1,0.39,0.6,2023-11-14,846,N,VIIRS,n,2,299.5,5.23,D,0
30.42828,75.63181,346.55,0.41,0.6,2023-11-14,846,N,VIIRS,n,2,296.85,3.43,D,0
30.4285,75.40069,367,0.39,0.6,2023-11-14,846,N,VIIRS,h,2,301.97,5.23,D,0
30.42973,75.41745,345.87,0.39,0.6,2023-11-14,846,N,VIIRS,n,2,300.22,4,D,0
30.43339,76.31131,337.87,0.45,0.63,2023-11-14,846,N,VIIRS,n,2,299.61,4.64,D,0
30.43346,75.87035,338.31,0.42,0.61,2023-11-14,846,N,VIIRS,n,2,298.94,4.03,D,0
30.43361,75.62701,367,0.41,0.6,2023-11-14,846,N,VIIRS,h,2,300.21,10.36,D,0
30.43377,75.87483,335.09,0.42,0.61,2023-11-14,846,N,VIIRS,n,2,298.67,5.9,D,0
30.43392,75.63134,367,0.41,0.6,2023-11-14,846,N,VIIRS,h,2,299.23,10.36,D,0
30.43411,75.71449,338.14,0.41,0.61,2023-11-14,846,N,VIIRS,n,2,297.48,3.82,D,0
30.43955,76.31561,351.6,0.45,0.63,2023-11-14,846,N,VIIRS,n,2,300.3,4.64,D,0
30.43992,75.5573,341.91,0.4,0.6,2023-11-14,846,N,VIIRS,n,2,296.82,3.52,D,0
30.44378,75.77116,335.73,0.41,0.61,2023-11-14,846,N,VIIRS,n,2,298.56,2.13,D,0
30.44397,75.53542,345.18,0.4,0.6,2023-11-14,846,N,VIIRS,n,2,297.3,6.08,D,0
30.44698,75.73546,367,0.41,0.61,2023-11-14,846,N,VIIRS,h,2,301.29,6.54,D,0
30.45639,75.7879,353.18,0.41,0.61,2023-11-14,846,N,VIIRS,n,2,300.14,5.58,D,0
30.46332,76.31858,341.22,0.45,0.63,2023-11-14,846,N,VIIRS,n,2,298.31,3.91,D,0
30.48046,76.22197,337.98,0.44,0.62,2023-11-14,846,N,VIIRS,n,2,302.59,3.62,D,0
30.22471,71.08719,334.67,0.44,0.46,2023-11-14,847,N,VIIRS,n,2,300.63,4.45,D,0
30.22903,71.85095,339.58,0.48,0.48,2023-11-14,847,N,VIIRS,n,2,297.87,4.85,D,0
30.25298,73.33468,341.05,0.59,0.53,2023-11-14,847,N,VIIRS,n,2,298.83,5.97,D,0
30.25532,73.30307,340.92,0.59,0.53,2023-11-14,847,N,VIIRS,n,2,299.42,5.59,D,0
30.25797,71.54589,344.8,0.46,0.47,2023-11-14,847,N,VIIRS,n,2,300.91,8.41,D,0
30.26962,71.61862,339.02,0.47,0.48,2023-11-14,847,N,VIIRS,n,2,298.02,4.75,D,0
30.31295,71.87646,338.69,0.48,0.48,2023-11-14,847,N,VIIRS,n,2,297.31,4.4,D,0
30.32215,70.63501,334.28,0.41,0.45,2023-11-14,847,N,VIIRS,n,2,299.65,4.07,D,0
30.32284,70.63097,348.02,0.41,0.45,2023-11-14,847,N,VIIRS,n,2,299.97,5.61,D,0
30.32584,70.63011,333.6,0.41,0.45,2023-11-14,847,N,VIIRS,n,2,297.38,4.98,D,0
30.33909,74.37535,367,0.34,0.56,2023-11-14,847,N,VIIRS,h,2,300.09,6.23,D,0
30.33993,73.91333,337.51,0.32,0.55,2023-11-14,847,N,VIIRS,n,2,299.99,2.57,D,0
30.34348,74.08925,353.83,0.33,0.55,2023-11-14,847,N,VIIRS,n,2,298.99,3.43,D,0
30.35253,73.94283,335.52,0.32,0.55,2023-11-14,847,N,VIIRS,n,2,298.65,1.68,D,0
30.36024,73.91122,349.06,0.32,0.55,2023-11-14,847,N,VIIRS,n,2,300.62,3.8,D,0
30.36345,74.49055,367,0.35,0.56,2023-11-14,847,N,VIIRS,h,2,297.75,7.8,D,0
30.36531,73.9107,367,0.32,0.55,2023-11-14,847,N,VIIRS,h,2,299.31,6.65,D,0
30.36724,73.93443,341.45,0.32,0.55,2023-11-14,847,N,VIIRS,n,2,299.18,6.19,D,0
30.36726,74.54222,343.86,0.35,0.57,2023-11-14,847,N,VIIRS,n,2,298.18,3.28,D,0
30.37178,74.46014,367,0.35,0.56,2023-11-14,847,N,VIIRS,h,2,299.29,5.13,D,0
30.3739,74.85841,355.61,0.36,0.58,2023-11-14,847,N,VIIRS,n,2,298.21,5.91,D,0
30.3762,74.44862,347.82,0.34,0.56,2023-11-14,847,N,VIIRS,n,2,298.79,4.32,D,0
30.37647,74.45229,341.13,0.34,0.56,2023-11-14,847,N,VIIRS,n,2,299.21,4.32,D,0
30.37764,74.83468,352.5,0.36,0.58,2023-11-14,847,N,VIIRS,n,2,298.27,5.7,D,0
30.37841,74.408,339.21,0.34,0.56,2023-11-14,847,N,VIIRS,n,2,298.8,2.04,D,0
30.38109,74.80718,354.81,0.36,0.58,2023-11-14,847,N,VIIRS,n,2,299.03,3.94,D,0
30.38176,74.18055,346.1,0.33,0.55,2023-11-14,847,N,VIIRS,n,2,298.56,2.78,D,0
30.38365,74.40748,341.98,0.34,0.56,2023-11-14,847,N,VIIRS,n,2,297.58,2.78,D,0
30.38381,74.69538,340.84,0.36,0.57,2023-11-14,847,N,VIIRS,n,2,297.52,3.37,D,0
30.38425,74.77592,344.11,0.36,0.57,2023-11-14,847,N,VIIRS,n,2,296.79,2.84,D,0
30.38657,74.73335,336.74,0.36,0.57,2023-11-14,847,N,VIIRS,n,2,296.45,3.55,D,0
30.38684,74.73716,347.39,0.36,0.57,2023-11-14,847,N,VIIRS,n,2,295.7,3.55,D,0
30.38712,74.74097,337.43,0.36,0.57,2023-11-14,847,N,VIIRS,n,2,296.4,5.46,D,0
30.38948,74.84913,341.16,0.36,0.58,2023-11-14,847,N,VIIRS,n,2,297.87,4.55,D,0
30.3896,74.7754,332.43,0.36,0.57,2023-11-14,847,N,VIIRS,n,2,294.61,1.36,D,0
30.39066,73.96983,339.2,0.32,0.55,2023-11-14,847,N,VIIRS,n,2,297.47,3.97,D,0
30.39209,74.81002,349.71,0.36,0.58,2023-11-14,847,N,VIIRS,n,2,299.83,4.52,D,0
30.39218,74.73666,331,0.36,0.57,2023-11-14,847,N,VIIRS,n,2,295.65,3.55,D,0
30.39239,73.92841,339.45,0.32,0.55,2023-11-14,847,N,VIIRS,n,2,298.34,3.47,D,0
30.39635,74.79411,342.6,0.36,0.57,2023-11-14,847,N,VIIRS,n,2,295.98,2.94,D,0
30.39808,74.74377,367,0.36,0.57,2023-11-14,847,N,VIIRS,h,2,299.92,12.69,D,0
30.40072,75.24919,353.71,0.39,0.59,2023-11-14,847,N,VIIRS,n,2,299.29,4.92,D,0
30.401,75.2533,333.87,0.39,0.59,2023-11-14,847,N,VIIRS,n,2,296.61,4.92,D,0
30.40103,74.42777,338.73,0.34,0.56,2023-11-14,847,N,VIIRS,n,2,297.26,2.05,D,0
30.40219,74.87528,367,0.37,0.58,2023-11-14,847,N,VIIRS,h,2,308.45,21.17,D,0
30.40354,74.19258,347.71,0.33,0.55,2023-11-14,847,N,VIIRS,n,2,299.67,3.31,D,0
30.40362,74.12887,347.73,0.33,0.55,2023-11-14,847,N,VIIRS,n,2,298.42,3.96,D,0
30.40563,71.9205,335.97,0.49,0.48,2023-11-14,847,N,VIIRS,n,2,298.93,4.42,D,0
30.40594,74.77773,367,0.36,0.57,2023-11-14,847,N,VIIRS,h,2,297.87,10.76,D,0
30.40673,74.16743,345.88,0.33,0.55,2023-11-14,847,N,VIIRS,n,2,297.24,4.48,D,0
30.40701,74.17094,345.63,0.33,0.55,2023-11-14,847,N,VIIRS,n,2,298.13,6.34,D,0
30.4073,75.18289,356.91,0.38,0.59,2023-11-14,847,N,VIIRS,n,2,300.53,4.65,D,0
30.40757,75.18695,330.12,0.38,0.59,2023-11-14,847,N,VIIRS,n,2,297.7,4.65,D,0
30.40777,74.95351,343.81,0.37,0.58,2023-11-14,847,N,VIIRS,n,2,297.18,3.19,D,0
30.4079,75.35664,367,0.39,0.59,2023-11-14,847,N,VIIRS,h,2,299.74,11.21,D,0
30.40817,75.36081,336.94,0.39,0.59,2023-11-14,847,N,VIIRS,n,2,298,11.21,D,0
30.40851,74.0617,343.39,0.33,0.55,2023-11-14,847,N,VIIRS,n,2,297.87,2.39,D,0
30.4098,75.21954,343.08,0.38,0.59,2023-11-14,847,N,VIIRS,n,2,298.94,2.65,D,0
30.41129,74.77722,336.62,0.36,0.57,2023-11-14,847,N,VIIRS,n,2,295.39,6.66,D,0
30.41146,74.56414,367,0.35,0.57,2023-11-14,847,N,VIIRS,h,2,299.8,5.77,D,0
30.41186,74.7849,354.44,0.36,0.57,2023-11-14,847,N,VIIRS,n,2,296.83,4.38,D,0
30.41203,74.29921,338.48,0.34,0.56,2023-11-14,847,N,VIIRS,n,2,297.63,3.95,D,0
30.41214,74.78874,337.2,0.36,0.57,2023-11-14,847,N,VIIRS,n,2,295.84,4.38,D,0
30.41232,74.30278,349.95,0.34,0.56,2023-11-14,847,N,VIIRS,n,2,298.24,3.95,D,0
30.41333,73.99516,334.34,0.32,0.55,2023-11-14,847,N,VIIRS,n,2,299.29,2.02,D,0
30.41371,75.36031,367,0.39,0.59,2023-11-14,847,N,VIIRS,h,2,305.01,11.21,D,0
30.41472,73.95018,351.97,0.32,0.55,2023-11-14,847,N,VIIRS,n,2,300.12,5.45,D,0
30.41474,74.20219,332.48,0.33,0.56,2023-11-14,847,N,VIIRS,n,2,297.27,1.04,D,0
30.41483,75.37698,337.26,0.39,0.59,2023-11-14,847,N,VIIRS,n,2,298.79,3.81,D,0
30.41496,74.27005,349.98,0.34,0.56,2023-11-14,847,N,VIIRS,n,2,298.68,4.46,D,0
30.41501,73.95358,352.93,0.32,0.55,2023-11-14,847,N,VIIRS,n,2,299.27,7.43,D,0
30.41552,74.76138,348.37,0.36,0.57,2023-11-14,847,N,VIIRS,n,2,296.42,4.23,D,0
30.41552,74.835,367,0.36,0.58,2023-11-14,847,N,VIIRS,h,2,300.94,7.36,D,0
30.41556,73.99321,335.5,0.32,0.55,2023-11-14,847,N,VIIRS,n,2,296.94,1.86,D,0
30.41677,75.40629,340.02,0.39,0.6,2023-11-14,847,N,VIIRS,n,2,300.3,2.75,D,0
30.41718,74.7113,367,0.36,0.57,2023-11-14,847,N,VIIRS,h,2,303.56,10.31,D,0
30.41749,73.95153,367,0.32,0.55,2023-11-14,847,N,VIIRS,h,2,302.23,10.47,D,0
30.41803,74.94466,367,0.37,0.58,2023-11-14,847,N,VIIRS,h,2,299.71,10.17,D,0
30.41853,72.05544,330.62,0.5,0.49,2023-11-14,847,N,VIIRS,n,2,297.98,5.6,D,0
30.41876,74.18753,367,0.33,0.55,2023-11-14,847,N,VIIRS,h,2,300.6,6.69,D,0
30.41896,75.52524,353.31,0.4,0.6,2023-11-14,847,N,VIIRS,n,2,297.93,6.03,D,0
30.41898,75.11267,337.06,0.38,0.59,2023-11-14,847,N,VIIRS,n,2,298.21,4.85,D,0
30.42,74.97221,336.23,0.37,0.58,2023-11-14,847,N,VIIRS,n,2,296.73,2.4,D,0
30.42032,74.90105,367,0.37,0.58,2023-11-14,847,N,VIIRS,h,2,302.66,13.57,D,0
30.42089,74.83448,367,0.36,0.58,2023-11-14,847,N,VIIRS,h,2,298.4,7.36,D,0
30.42096,73.96331,340.1,0.32,0.55,2023-11-14,847,N,VIIRS,n,2,297.93,1.79,D,0
30.42135,74.06924,335.06,0.33,0.55,2023-11-14,847,N,VIIRS,n,2,298.38,2.6,D,0
30.4234,75.59385,349.48,0.4,0.6,2023-11-14,847,N,VIIRS,n,2,301.2,4.95,D,0
30.42344,75.50768,337.6,0.4,0.6,2023-11-14,847,N,VIIRS,n,2,298.44,4.52,D,0
30.42396,75.34686,367,0.39,0.59,2023-11-14,847,N,VIIRS,h,2,305.13,13.96,D,0
30.42412,74.00098,338.05,0.32,0.55,2023-11-14,847,N,VIIRS,n,2,298.87,2.27,D,0
30.42474,74.5292,348.67,0.35,0.57,2023-11-14,847,N,VIIRS,n,2,300.08,3.4,D,0
30.42479,74.74124,345.96,0.36,0.57,2023-11-14,847,N,VIIRS,n,2,297.55,3.49,D,0
30.425,70.7185,331.86,0.42,0.45,2023-11-14,847,N,VIIRS,n,2,299.75,4.11,D,0
30.42506,75.61974,338.6,0.41,0.6,2023-11-14,847,N,VIIRS,n,2,296.65,8.32,D,0
30.42508,74.74507,333.28,0.36,0.57,2023-11-14,847,N,VIIRS,n,2,295.11,3.33,D,0
30.42531,74.33411,340.13,0.34,0.56,2023-11-14,847,N,VIIRS,n,2,297.75,4.34,D,0
30.42592,74.27618,330.18,0.34,0.56,2023-11-14,847,N,VIIRS,n,2,297.93,1.73,D,0
30.42693,73.97304,332.35,0.32,0.55,2023-11-14,847,N,VIIRS,n,2,300.21,1.83,D,0
30.42732,75.39691,347.76,0.39,0.6,2023-11-14,847,N,VIIRS,n,2,300.35,4.11,D,0
30.4276,75.40111,342.95,0.39,0.6,2023-11-14,847,N,VIIRS,n,2,300.7,4.11,D,0
30.42843,74.02662,356.12,0.33,0.55,2023-11-14,847,N,VIIRS,n,2,300.01,4.76,D,0
30.42873,75.41789,351.07,0.39,0.6,2023-11-14,847,N,VIIRS,n,2,300.28,3.4,D,0
30.42939,75.26313,347.93,0.39,0.59,2023-11-14,847,N,VIIRS,n,2,299.33,5.44,D,0
30.42981,73.97788,338.44,0.32,0.55,2023-11-14,847,N,VIIRS,n,2,299.62,2.41,D,0
30.43125,75.62789,367,0.41,0.6,2023-11-14,847,N,VIIRS,h,2,299.98,12.69,D,0
30.43126,74.0246,332.06,0.33,0.55,2023-11-14,847,N,VIIRS,n,2,298.67,2.52,D,0
30.43153,75.63223,367,0.41,0.6,2023-11-14,847,N,VIIRS,h,2,301.17,12.69,D,0
30.43154,74.02805,337.36,0.33,0.55,2023-11-14,847,N,VIIRS,n,2,297.8,4.03,D,0
30.43316,75.40062,341.3,0.39,0.6,2023-11-14,847,N,VIIRS,n,2,299,4.29,D,0
30.43465,73.97392,340.43,0.32,0.55,2023-11-14,847,N,VIIRS,n,2,300.24,7.9,D,0
30.43486,74.25735,334.67,0.34,0.56,2023-11-14,847,N,VIIRS,n,2,297.92,2.43,D,0
30.43491,73.97736,367,0.32,0.55,2023-11-14,847,N,VIIRS,h,2,304.93,17.65,D,0
30.43685,75.71504,346.74,0.41,0.61,2023-11-14,847,N,VIIRS,n,2,298.59,3.89,D,0
30.4376,73.94602,339.36,0.32,0.55,2023-11-14,847,N,VIIRS,n,2,298.9,2.15,D,0
30.43764,75.14343,347.22,0.38,0.59,2023-11-14,847,N,VIIRS,n,2,298.94,3.71,D,0
30.43768,74.99047,335.89,0.37,0.58,2023-11-14,847,N,VIIRS,n,2,298.25,3.56,D,0
30.43801,75.55798,343.47,0.4,0.6,2023-11-14,847,N,VIIRS,n,2,297.07,2.7,D,0
30.43888,75.32043,335.79,0.39,0.59,2023-11-14,847,N,VIIRS,n,2,296.45,2.27,D,0
30.43931,74.86398,346.1,0.37,0.58,2023-11-14,847,N,VIIRS,n,2,297.67,4.29,D,0
30.43957,75.4127,335.43,0.39,0.6,2023-11-14,847,N,VIIRS,n,2,299.19,2.67,D,0
30.44083,75.03411,367,0.37,0.58,2023-11-14,847,N,VIIRS,h,2,299.05,8.43,D,0
30.44111,74.74356,332.44,0.36,0.57,2023-11-14,847,N,VIIRS,n,2,296.8,3.22,D,0
30.44192,75.53177,338.63,0.4,0.6,2023-11-14,847,N,VIIRS,n,2,297.14,3.37,D,0
30.44213,75.45065,367,0.4,0.6,2023-11-14,847,N,VIIRS,h,2,300.81,7.17,D,0
30.4422,75.53606,335.6,0.4,0.6,2023-11-14,847,N,VIIRS,n,2,296.25,3.37,D,0
30.44221,75.20843,332.06,0.38,0.59,2023-11-14,847,N,VIIRS,n,2,297.76,2.76,D,0
30.44248,74.90687,343.74,0.37,0.58,2023-11-14,847,N,VIIRS,n,2,297.81,4.07,D,0
30.44325,74.84406,339.58,0.36,0.58,2023-11-14,847,N,VIIRS,n,2,296.55,2.64,D,0
30.44351,74.02159,330.85,0.33,0.55,2023-11-14,847,N,VIIRS,n,2,298.23,3.84,D,0
30.44378,74.02505,367,0.33,0.55,2023-11-14,847,N,VIIRS,h,2,300.01,7.03,D,0
30.44391,75.73648,367,0.41,0.61,2023-11-14,847,N,VIIRS,h,2,300.29,8.28,D,0
30.44515,74.79724,335.39,0.36,0.58,2023-11-14,847,N,VIIRS,n,2,296.8,2.89,D,0
30.44628,75.03362,337.39,0.37,0.58,2023-11-14,847,N,VIIRS,n,2,296.05,8.43,D,0
30.44887,75.06954,351.14,0.38,0.58,2023-11-14,847,N,VIIRS,n,2,298.94,16.06,D,0
30.44915,75.07355,367,0.38,0.58,2023-11-14,847,N,VIIRS,h,2,298.4,21.4,D,0
30.45002,75.08556,338.17,0.38,0.58,2023-11-14,847,N,VIIRS,n,2,297.66,3.61,D,0
30.45061,75.17081,355.48,0.38,0.59,2023-11-14,847,N,VIIRS,n,2,307.78,24.32,D,0
30.45064,74.72732,330.95,0.36,0.57,2023-11-14,847,N,VIIRS,n,2,296.3,1.66,D,0
30.45139,74.80831,336.65,0.36,0.58,2023-11-14,847,N,VIIRS,n,2,296.53,1.55,D,0
30.45221,74.96525,367,0.37,0.58,2023-11-14,847,N,VIIRS,h,2,300.91,19.56,D,0
30.45298,75.78899,344.61,0.42,0.61,2023-11-14,847,N,VIIRS,n,2,299.2,2.96,D,0
30.4532,74.01364,367,0.33,0.55,2023-11-14,847,N,VIIRS,h,2,302.2,8.12,D,0
30.45413,74.77319,353.08,0.36,0.57,2023-11-14,847,N,VIIRS,n,2,298.89,4.49,D,0
30.45442,74.77703,335.02,0.36,0.57,2023-11-14,847,N,VIIRS,n,2,297.61,4.49,D,0
30.45458,74.09742,347.54,0.33,0.55,2023-11-14,847,N,VIIRS,n,2,299.65,15.27,D,0
30.45531,71.75645,341.17,0.48,0.48,2023-11-14,847,N,VIIRS,n,2,300.96,19.77,D,0
30.4557,75.01273,367,0.37,0.58,2023-11-14,847,N,VIIRS,h,2,298.35,10.05,D,0
30.45585,74.46171,367,0.35,0.56,2023-11-14,847,N,VIIRS,h,2,301.12,6.77,D,0
30.45599,75.01671,367,0.37,0.58,2023-11-14,847,N,VIIRS,h,2,298.21,14.29,D,0
30.45612,74.46539,342.88,0.35,0.56,2023-11-14,847,N,VIIRS,n,2,299.3,6.77,D,0
30.45668,74.46296,367,0.35,0.56,2023-11-14,847,N,VIIRS,h,2,303.01,13.22,D,0
30.45673,74.19285,352.41,0.33,0.56,2023-11-14,847,N,VIIRS,n,2,298.91,5.56,D,0
30.457,74.19638,344.94,0.33,0.56,2023-11-14,847,N,VIIRS,n,2,298.72,5.56,D,0
30.45839,74.56969,367,0.35,0.57,2023-11-14,847,N,VIIRS,h,2,300.49,4.76,D,0
30.45927,75.29364,350.02,0.39,0.59,2023-11-14,847,N,VIIRS,n,2,297.1,4.31,D,0
30.45992,74.57074,353.33,0.35,0.57,2023-11-14,847,N,VIIRS,n,2,300.02,5.34,D,0
30.45999,74.10039,352.64,0.33,0.55,2023-11-14,847,N,VIIRS,n,2,315.45,44.02,D,0
30.46087,75.47881,345.72,0.4,0.6,2023-11-14,847,N,VIIRS,n,2,297.68,6.89,D,0
30.46176,74.39846,367,0.34,0.56,2023-11-14,847,N,VIIRS,h,2,299.44,8.12,D,0
30.46188,74.39619,340.18,0.34,0.56,2023-11-14,847,N,VIIRS,n,2,297.59,4.41,D,0
30.46217,74.39983,351.78,0.34,0.56,2023-11-14,847,N,VIIRS,n,2,297.74,4.41,D,0
30.46348,74.89706,337.46,0.37,0.58,2023-11-14,847,N,VIIRS,n,2,297.31,3.8,D,0
30.46375,75.52128,331.53,0.4,0.6,2023-11-14,847,N,VIIRS,n,2,297.63,4.12,D,0
30.46392,75.28077,337.79,0.39,0.59,2023-11-14,847,N,VIIRS,n,2,298.62,2.98,D,0
30.46403,75.52555,348.08,0.4,0.6,2023-11-14,847,N,VIIRS,n,2,298.29,4.12,D,0
30.46432,75.52982,344.69,0.4,0.6,2023-11-14,847,N,VIIRS,n,2,298.29,8.08,D,0
30.46433,74.29264,342.74,0.34,0.56,2023-11-14,847,N,VIIRS,n,2,296.5,5.18,D,0
30.465,75.45715,367,0.4,0.6,2023-11-14,847,N,VIIRS,h,2,301.6,13.95,D,0
30.46513,74.09987,367,0.33,0.55,2023-11-14,847,N,VIIRS,h,2,298.51,13.1,D,0
30.46759,74.13139,348,0.33,0.55,2023-11-14,847,N,VIIRS,n,2,299.25,4.95,D,0
30.46814,74.13842,337.52,0.33,0.55,2023-11-14,847,N,VIIRS,n,2,297.3,6.93,D,0
30.46891,75.04357,334.12,0.37,0.58,2023-11-14,847,N,VIIRS,n,2,296.4,2.19,D,0
30.46961,75.12836,339.8,0.38,0.59,2023-11-14,847,N,VIIRS,n,2,298.85,6.67,D,0
30.46978,74.15953,367,0.33,0.55,2023-11-14,847,N,VIIRS,h,2,299.9,5.11,D,0
30.47275,74.13087,355.31,0.33,0.55,2023-11-14,847,N,VIIRS,n,2,298.56,4.95,D,0
30.4735,74.78201,367,0.36,0.58,2023-11-14,847,N,VIIRS,h,2,300.3,6.14,D,0
30.47644,74.78273,367,0.36,0.57,2023-11-14,847,N,VIIRS,h,2,299.8,7.25,D,0
30.47729,74.86439,332.23,0.37,0.58,2023-11-14,847,N,VIIRS,n,2,295.76,1.69,D,0
30.47733,74.79427,331.52,0.36,0.58,2023-11-14,847,N,VIIRS,n,2,297.33,10.28,D,0
30.4774,74.68543,343.81,0.36,0.57,2023-11-14,847,N,VIIRS,n,2,297.72,3.78,D,0
30.47874,75.57607,367,0.4,0.6,2023-11-14,847,N,VIIRS,h,2,302.87,5.66,D,0
30.47968,74.79307,355.75,0.36,0.58,2023-11-14,847,N,VIIRS,n,2,298.74,6.23,D,0
30.48113,75.78219,355.15,0.42,0.61,2023-11-14,847,N,VIIRS,n,2,300.07,11.68,D,0
30.48167,74.99442,344.82,0.37,0.58,2023-11-14,847,N,VIIRS,n,2,298.94,4,D,0
30.48255,75.30824,334.96,0.39,0.59,2023-11-14,847,N,VIIRS,n,2,295.95,6.63,D,0
30.48269,74.79379,367,0.36,0.58,2023-11-14,847,N,VIIRS,h,2,302.55,10.28,D,0
30.48288,75.80885,349.49,0.42,0.61,2023-11-14,847,N,VIIRS,n,2,300.67,5.73,D,0
30.48302,75.72431,354.32,0.41,0.61,2023-11-14,847,N,VIIRS,n,2,300.62,7.29,D,0
30.48319,75.39622,332.74,0.39,0.6,2023-11-14,847,N,VIIRS,n,2,296.23,1.77,D,0
30.48406,75.57128,330.56,0.4,0.6,2023-11-14,847,N,VIIRS,n,2,299.75,5.66,D,0
30.48498,75.50237,367,0.4,0.6,2023-11-14,847,N,VIIRS,h,2,300.6,8.92,D,0
30.48504,74.79255,367,0.36,0.58,2023-11-14,847,N,VIIRS,h,2,298.55,16.88,D,0
30.48536,74.89902,367,0.37,0.58,2023-11-14,847,N,VIIRS,h,2,302.09,5.95,D,0
30.48545,71.98071,333.92,0.49,0.49,2023-11-14,847,N,VIIRS,n,2,298.02,3.19,D,0
30.48566,74.90292,335.72,0.37,0.58,2023-11-14,847,N,VIIRS,n,2,296.95,12.89,D,0
30.4857,74.29778,341.5,0.34,0.56,2023-11-14,847,N,VIIRS,n,2,297.52,4.85,D,0
30.48705,74.89798,355.93,0.37,0.58,2023-11-14,847,N,VIIRS,n,2,299.85,9.76,D,0
30.48732,74.90189,367,0.37,0.58,2023-11-14,847,N,VIIRS,h,2,298.8,13.6,D,0
30.4874,75.79059,367,0.42,0.61,2023-11-14,847,N,VIIRS,h,2,299.75,9.23,D,0
30.4875,74.82734,330.02,0.36,0.58,2023-11-14,847,N,VIIRS,n,2,296.11,2.3,D,0
30.48773,72.0545,333.77,0.5,0.49,2023-11-14,847,N,VIIRS,n,2,301.65,3.94,D,0
30.48775,74.78944,343.11,0.36,0.58,2023-11-14,847,N,VIIRS,n,2,297.63,3.02,D,0
30.48832,74.19683,367,0.33,0.56,2023-11-14,847,N,VIIRS,h,2,302.68,8.32,D,0
30.48841,74.91757,354.43,0.37,0.58,2023-11-14,847,N,VIIRS,n,2,298.17,4.89,D,0
30.4885,75.5536,367,0.4,0.6,2023-11-14,847,N,VIIRS,h,2,301.41,13.01,D,0
30.48859,75.01376,339.64,0.37,0.58,2023-11-14,847,N,VIIRS,n,2,297.3,11.58,D,0
30.48889,74.69583,339.3,0.36,0.57,2023-11-14,847,N,VIIRS,n,2,297.59,2.33,D,0
30.48889,75.01774,367,0.37,0.58,2023-11-14,847,N,VIIRS,h,2,304.17,11.58,D,0
30.48905,74.48071,354.43,0.35,0.56,2023-11-14,847,N,VIIRS,n,2,298.49,5.08,D,0
30.48909,75.48062,330.17,0.4,0.6,2023-11-14,847,N,VIIRS,n,2,297.4,1.11,D,0
30.48915,74.85064,344.96,0.37,0.58,2023-11-14,847,N,VIIRS,n,2,298.68,3.45,D,0
30.48981,75.01683,367,0.37,0.58,2023-11-14,847,N,VIIRS,h,2,306.19,26.78,D,0
30.49013,74.78819,345.04,0.36,0.58,2023-11-14,847,N,VIIRS,n,2,296.99,6.24,D,0
30.49043,74.15746,367,0.33,0.55,2023-11-14,847,N,VIIRS,h,2,301.31,6.28,D,0
30.49052,74.87012,367,0.37,0.58,2023-11-14,847,N,VIIRS,h,2,300.51,5.7,D,0
30.49075,74.82802,331.83,0.36,0.58,2023-11-14,847,N,VIIRS,n,2,296.07,4.3,D,0
30.49076,74.89852,330.46,0.37,0.58,2023-11-14,847,N,VIIRS,n,2,296.96,5.95,D,0
30.49082,74.22878,346.27,0.34,0.56,2023-11-14,847,N,VIIRS,n,2,297.84,3.63,D,0
30.49086,75.50614,367,0.4,0.6,2023-11-14,847,N,VIIRS,h,2,299.7,8.92,D,0
30.49137,74.23591,332.73,0.34,0.56,2023-11-14,847,N,VIIRS,n,2,296.06,4.76,D,0
30.49212,75.28659,344.96,0.39,0.59,2023-11-14,847,N,VIIRS,n,2,297.73,2.77,D,0
30.49221,74.2466,354.19,0.34,0.56,2023-11-14,847,N,VIIRS,n,2,297.11,4.5,D,0
30.49226,74.91809,354.63,0.37,0.58,2023-11-14,847,N,VIIRS,n,2,298.1,7.04,D,0
30.49255,74.85128,337.55,0.36,0.58,2023-11-14,847,N,VIIRS,n,2,298.81,3.74,D,0
30.49319,75.45895,332.88,0.4,0.6,2023-11-14,847,N,VIIRS,n,2,297.03,5.11,D,0
30.49336,74.12882,343.21,0.33,0.55,2023-11-14,847,N,VIIRS,n,2,300.44,5.58,D,0
30.49349,75.46319,367,0.4,0.6,2023-11-14,847,N,VIIRS,h,2,299.87,5.11,D,0
30.49364,74.13233,367,0.33,0.55,2023-11-14,847,N,VIIRS,h,2,301.95,16.04,D,0
30.49392,74.13584,354.02,0.33,0.55,2023-11-14,847,N,VIIRS,n,2,304.23,16.04,D,0
30.49405,74.20339,336.23,0.33,0.56,2023-11-14,847,N,VIIRS,n,2,300.17,3.62,D,0
30.49405,74.87073,367,0.37,0.58,2023-11-14,847,N,VIIRS,h,2,302.48,11.28,D,0
30.4942,74.13936,352,0.33,0.55,2023-11-14,847,N,VIIRS,n,2,296.17,17.92,D,0
30.49543,74.08978,349.56,0.33,0.55,2023-11-14,847,N,VIIRS,n,2,299.64,4.35,D,0
30.49585,75.26137,367,0.39,0.59,2023-11-14,847,N,VIIRS,h,2,299.67,7.05,D,0
30.49587,74.71816,367,0.36,0.57,2023-11-14,847,N,VIIRS,h,2,300.29,4.73,D,0
30.49591,74.86962,346.2,0.37,0.58,2023-11-14,847,N,VIIRS,n,2,297.53,5.7,D,0
30.49615,75.26548,344.59,0.39,0.59,2023-11-14,847,N,VIIRS,n,2,296.67,7.57,D,0
30.49642,75.7542,332.35,0.41,0.61,2023-11-14,847,N,VIIRS,n,2,298.48,2.51,D,0
30.49669,75.4289,351.39,0.4,0.6,2023-11-14,847,N,VIIRS,n,2,298.7,4.29,D,0
30.49675,74.90585,367,0.37,0.58,2023-11-14,847,N,VIIRS,h,2,301.21,8.27,D,0
30.49693,76.1185,344.89,0.43,0.62,2023-11-14,847,N,VIIRS,n,2,301.1,4.01,D,0
30.49706,74.90977,331.07,0.37,0.58,2023-11-14,847,N,VIIRS,n,2,297.13,8.71,D,0
30.49754,74.74109,346.58,0.36,0.57,2023-11-14,847,N,VIIRS,n,2,298.6,3.14,D,0
30.49768,74.24967,356.63,0.34,0.56,2023-11-14,847,N,VIIRS,n,2,304.43,20.8,D,0
30.49796,74.25324,346.8,0.34,0.56,2023-11-14,847,N,VIIRS,n,2,295.82,15.81,D,0
30.49796,74.92152,336.75,0.37,0.58,2023-11-14,847,N,VIIRS,n,2,297.68,2.19,D,0
30.49823,74.12478,338.41,0.33,0.55,2023-11-14,847,N,VIIRS,n,2,298.22,13.76,D,0
30.49839,74.90479,355.78,0.37,0.58,2023-11-14,847,N,VIIRS,n,2,298.94,7.21,D,0
30.49851,74.1283,353.63,0.33,0.55,2023-11-14,847,N,VIIRS,n,2,303.49,13.76,D,0
30.49867,74.90872,347.73,0.37,0.58,2023-11-14,847,N,VIIRS,n,2,297.78,8.14,D,0
30.49879,74.13182,353.92,0.33,0.55,2023-11-14,847,N,VIIRS,n,2,311.94,47.97,D,0
30.49907,74.13534,353.57,0.33,0.55,2023-11-14,847,N,VIIRS,n,2,305.24,47.97,D,0
30.49935,74.13885,343.66,0.33,0.55,2023-11-14,847,N,VIIRS,n,2,296.17,24.35,D,0
30.49945,75.63078,332.85,0.41,0.6,2023-11-14,847,N,VIIRS,n,2,298.28,5.12,D,0
30.49974,72.08501,332.39,0.5,0.49,2023-11-14,847,N,VIIRS,n,2,298.92,3.49,D,0
30.49974,75.6351,338.3,0.41,0.6,2023-11-14,847,N,VIIRS,n,2,296.63,5.12,D,0
30.50021,75.16986,330.32,0.38,0.59,2023-11-14,847,N,VIIRS,n,2,297.15,2.01,D,0
30.50123,75.1093,346.63,0.38,0.59,2023-11-14,847,N,VIIRS,n,2,299.24,5.23,D,0
30.50136,75.26089,353.47,0.39,0.59,2023-11-14,847,N,VIIRS,n,2,298.75,4.69,D,0
30.50157,75.10858,350.66,0.38,0.59,2023-11-14,847,N,VIIRS,n,2,298.9,5.7,D,0
30.50196,75.26911,367,0.39,0.59,2023-11-14,847,N,VIIRS,h,2,301.46,10.78,D,0
30.50225,75.42841,367,0.4,0.6,2023-11-14,847,N,VIIRS,h,2,297.44,8.69,D,0
30.50252,74.81034,367,0.36,0.58,2023-11-14,847,N,VIIRS,h,2,300.83,12.48,D,0
30.50315,75.44106,347.79,0.4,0.6,2023-11-14,847,N,VIIRS,n,2,297.88,5.29,D,0
30.50355,75.52649,367,0.4,0.6,2023-11-14,847,N,VIIRS,h,2,300.04,6.74,D,0
30.50392,72.03128,333.74,0.5,0.49,2023-11-14,847,N,VIIRS,n,2,299.97,2.33,D,0
30.50511,74.77129,333.93,0.36,0.57,2023-11-14,847,N,VIIRS,n,2,297.15,2.04,D,0
30.5061,75.02823,332.77,0.37,0.58,2023-11-14,847,N,VIIRS,n,2,297.04,3.35,D,0
30.50612,75.01533,346.03,0.37,0.58,2023-11-14,847,N,VIIRS,n,2,298.17,6.4,D,0
30.50695,75.02731,339.62,0.37,0.58,2023-11-14,847,N,VIIRS,n,2,297.15,2.72,D,0
30.50701,75.04016,335.85,0.37,0.58,2023-11-14,847,N,VIIRS,n,2,296.74,2.91,D,0
30.50718,75.74447,338.57,0.41,0.61,2023-11-14,847,N,VIIRS,n,2,297.41,2.94,D,0
30.50752,74.88033,346.41,0.37,0.58,2023-11-14,847,N,VIIRS,n,2,299.39,2.97,D,0
30.50778,74.24506,367,0.34,0.56,2023-11-14,847,N,VIIRS,h,2,296.69,7.21,D,0
30.50804,75.84264,339.25,0.42,0.61,2023-11-14,847,N,VIIRS,n,2,300.51,3.35,D,0
30.5085,74.97116,337.28,0.37,0.58,2023-11-14,847,N,VIIRS,n,2,297.4,3.67,D,0
30.50857,75.36036,367,0.39,0.59,2023-11-14,847,N,VIIRS,h,2,299.97,7.86,D,0
30.50873,75.21423,356.34,0.38,0.59,2023-11-14,847,N,VIIRS,n,2,297.55,8.35,D,0
30.50907,75.21481,367,0.38,0.59,2023-11-14,847,N,VIIRS,h,2,297.82,7.86,D,0
30.50918,75.3687,338.91,0.39,0.59,2023-11-14,847,N,VIIRS,n,2,298.17,5.24,D,0
30.50927,75.77542,367,0.41,0.61,2023-11-14,847,N,VIIRS,h,2,302.58,10.45,D,0
30.51015,74.20895,336.89,0.33,0.56,2023-11-14,847,N,VIIRS,n,2,298.09,1.74,D,0
30.51057,74.08474,352.33,0.33,0.55,2023-11-14,847,N,VIIRS,n,2,299.58,4.18,D,0
30.51065,75.32623,340.29,0.39,0.59,2023-11-14,847,N,VIIRS,n,2,299.57,2.95,D,0
30.51093,75.24707,352.75,0.39,0.59,2023-11-14,847,N,VIIRS,n,2,298.13,6.73,D,0
30.51102,74.56088,345.79,0.35,0.57,2023-11-14,847,N,VIIRS,n,2,298.48,4.35,D,0
30.51108,74.15542,343.57,0.33,0.55,2023-11-14,847,N,VIIRS,n,2,299.02,3.98,D,0
30.51121,75.25118,348.77,0.39,0.59,2023-11-14,847,N,VIIRS,n,2,297.12,6.73,D,0
30.51132,75.63848,346.95,0.41,0.6,2023-11-14,847,N,VIIRS,n,2,299.87,4.72,D,0
30.51149,75.2476,367,0.39,0.59,2023-11-14,847,N,VIIRS,h,2,298.82,7.4,D,0
30.51162,75.64285,343.35,0.41,0.6,2023-11-14,847,N,VIIRS,n,2,299.67,4.72,D,0
30.51171,75.32658,350.38,0.39,0.59,2023-11-14,847,N,VIIRS,n,2,300.55,4.82,D,0
30.51179,75.2517,340.28,0.39,0.59,2023-11-14,847,N,VIIRS,n,2,296.9,7.4,D,0
30.51184,74.23029,367,0.34,0.56,2023-11-14,847,N,VIIRS,h,2,299.3,7.07,D,0
30.51204,75.26355,344.31,0.39,0.59,2023-11-14,847,N,VIIRS,n,2,297.7,6.07,D,0
30.5127,75.26403,353.86,0.39,0.59,2023-11-14,847,N,VIIRS,n,2,298.25,6.97,D,0
30.51274,74.72809,342.19,0.36,0.57,2023-11-14,847,N,VIIRS,n,2,297.52,7.22,D,0
30.51301,74.73191,367,0.36,0.57,2023-11-14,847,N,VIIRS,h,2,300.49,7.22,D,0
30.51515,74.91111,367,0.37,0.58,2023-11-14,847,N,VIIRS,h,2,305,16.34,D,0
30.51571,74.08423,341.84,0.33,0.55,2023-11-14,847,N,VIIRS,n,2,297.5,3.9,D,0
30.51619,75.32571,337.81,0.39,0.59,2023-11-14,847,N,VIIRS,n,2,298.19,2.95,D,0
30.51628,74.09121,367,0.33,0.55,2023-11-14,847,N,VIIRS,h,2,301.41,7.26,D,0
30.51636,71.5593,346.33,0.47,0.48,2023-11-14,847,N,VIIRS,n,2,299.41,7.22,D,0
30.51653,71.55721,340.76,0.47,0.47,2023-11-14,847,N,VIIRS,n,2,299.16,3.96,D,0
30.51763,75.10783,367,0.38,0.59,2023-11-14,847,N,VIIRS,h,2,300.04,6.77,D,0
30.51769,76.45661,345.7,0.46,0.63,2023-11-14,847,N,VIIRS,n,2,300,3.6,D,0
30.51784,75.0263,339.83,0.37,0.58,2023-11-14,847,N,VIIRS,n,2,296.54,3.18,D,0
30.51794,74.17608,336.57,0.33,0.55,2023-11-14,847,N,VIIRS,n,2,299.08,3.97,D,0
30.51797,75.10708,367,0.38,0.59,2023-11-14,847,N,VIIRS,h,2,300.23,8.52,D,0
30.51812,75.03029,335.33,0.37,0.58,2023-11-14,847,N,VIIRS,n,2,296.36,3.18,D,0
30.51823,74.1796,355.41,0.33,0.56,2023-11-14,847,N,VIIRS,n,2,299.01,6.49,D,0
30.51867,71.80487,345.27,0.48,0.48,2023-11-14,847,N,VIIRS,n,2,299.91,5.41,D,0
30.51958,74.26192,336.33,0.34,0.56,2023-11-14,847,N,VIIRS,n,2,297.12,2.95,D,0
30.52004,74.82818,337.19,0.36,0.58,2023-11-14,847,N,VIIRS,n,2,297.67,3.49,D,0
30.52089,75.31275,335.37,0.39,0.59,2023-11-14,847,N,VIIRS,n,2,297.64,2.36,D,0
30.52147,75.07839,343.21,0.38,0.59,2023-11-14,847,N,VIIRS,n,2,297.4,2.04,D,0
30.52312,74.17557,367,0.33,0.55,2023-11-14,847,N,VIIRS,h,2,301.46,7.12,D,0
30.52412,75.03778,367,0.38,0.58,2023-11-14,847,N,VIIRS,h,2,298.38,4.77,D,0
30.5244,75.04179,330.03,0.38,0.58,2023-11-14,847,N,VIIRS,n,2,295.45,7.45,D,0
30.52581,75.60242,367,0.41,0.6,2023-11-14,847,N,VIIRS,h,2,302.27,12.81,D,0
30.52642,75.31226,340.98,0.39,0.59,2023-11-14,847,N,VIIRS,n,2,299.01,2.36,D,0
30.5274,75.31267,338.21,0.39,0.59,2023-11-14,847,N,VIIRS,n,2,299.25,3.17,D,0
30.52859,75.60198,367,0.41,0.6,2023-11-14,847,N,VIIRS,h,2,299.78,8.57,D,0
30.5289,75.10606,367,0.38,0.59,2023-11-14,847,N,VIIRS,h,2,300.42,10.32,D,0
30.52915,75.27032,367,0.39,0.59,2023-11-14,847,N,VIIRS,h,2,299.24,6.25,D,0
30.52943,75.27446,339.61,0.39,0.59,2023-11-14,847,N,VIIRS,n,2,296.38,6.25,D,0
30.52957,75.03729,331.14,0.38,0.58,2023-11-14,847,N,VIIRS,n,2,298.49,4.77,D,0
30.52966,74.81171,339.69,0.36,0.58,2023-11-14,847,N,VIIRS,n,2,297.28,4.31,D,0
30.52986,75.27084,367,0.39,0.59,2023-11-14,847,N,VIIRS,h,2,299.47,6.59,D,0
30.52989,75.19998,367,0.38,0.59,2023-11-14,847,N,VIIRS,h,2,298.04,6.38,D,0
30.53017,75.27496,336.3,0.39,0.59,2023-11-14,847,N,VIIRS,n,2,296.19,6.59,D,0
30.53057,74.20335,340.17,0.33,0.56,2023-11-14,847,N,VIIRS,n,2,298.54,2.08,D,0
30.53126,75.06133,341.68,0.38,0.58,2023-11-14,847,N,VIIRS,n,2,296.97,2.79,D,0
30.53397,75.42527,367,0.4,0.6,2023-11-14,847,N,VIIRS,h,2,300.88,7.07,D,0
30.5342,74.94894,367,0.37,0.58,2023-11-14,847,N,VIIRS,h,2,303.61,11.32,D,0
30.53467,75.26981,343.16,0.39,0.59,2023-11-14,847,N,VIIRS,n,2,297.39,6.25,D,0
30.53493,74.10435,344.5,0.33,0.55,2023-11-14,847,N,VIIRS,n,2,298.44,4.66,D,0
30.53494,75.11366,352.43,0.38,0.59,2023-11-14,847,N,VIIRS,n,2,299.04,4.99,D,0
30.53568,75.42553,367,0.4,0.6,2023-11-14,847,N,VIIRS,h,2,303.37,17.01,D,0
30.53579,75.12576,347.51,0.38,0.59,2023-11-14,847,N,VIIRS,n,2,298.21,8.55,D,0
30.53608,75.71989,337,0.41,0.61,2023-11-14,847,N,VIIRS,n,2,299.03,7.03,D,0
30.53645,75.63624,332.65,0.41,0.6,2023-11-14,847,N,VIIRS,n,2,301.04,3.19,D,0
30.53647,74.61507,340.58,0.35,0.57,2023-11-14,847,N,VIIRS,n,2,296.71,6.88,D,0
30.53673,75.38271,335.26,0.39,0.6,2023-11-14,847,N,VIIRS,n,2,297.11,2.06,D,0
30.53786,75.39951,343.33,0.39,0.6,2023-11-14,847,N,VIIRS,n,2,300.01,3.93,D,0
30.538,74.10313,367,0.33,0.55,2023-11-14,847,N,VIIRS,h,2,300.74,5.23,D,0
30.53817,75.38305,335.49,0.39,0.6,2023-11-14,847,N,VIIRS,n,2,297.47,1.87,D,0
30.53842,75.40793,338.5,0.39,0.6,2023-11-14,847,N,VIIRS,n,2,296.8,6.33,D,0
30.53922,75.63178,346.98,0.41,0.6,2023-11-14,847,N,VIIRS,n,2,300.3,12.93,D,0
30.53939,75.3998,339.69,0.39,0.6,2023-11-14,847,N,VIIRS,n,2,299.39,3.55,D,0
30.53952,75.63613,367,0.41,0.6,2023-11-14,847,N,VIIRS,h,2,306.12,23,D,0
30.53954,75.42479,367,0.4,0.6,2023-11-14,847,N,VIIRS,h,2,297.68,10.47,D,0
30.53961,74.94844,340.68,0.37,0.58,2023-11-14,847,N,VIIRS,n,2,298.21,5.25,D,0
30.5397,75.71963,351.65,0.41,0.61,2023-11-14,847,N,VIIRS,n,2,298.44,6,D,0
30.54001,75.40822,337.84,0.39,0.6,2023-11-14,847,N,VIIRS,n,2,297.24,5.54,D,0
30.54041,75.60966,367,0.41,0.6,2023-11-14,847,N,VIIRS,h,2,301.86,9.45,D,0
30.54121,74.60709,367,0.35,0.57,2023-11-14,847,N,VIIRS,h,2,299.06,6.17,D,0
30.54126,75.12527,351.62,0.38,0.59,2023-11-14,847,N,VIIRS,n,2,300.2,12.06,D,0
30.54181,75.6314,347.46,0.41,0.6,2023-11-14,847,N,VIIRS,n,2,300.93,11.6,D,0
30.54209,75.63575,367,0.41,0.6,2023-11-14,847,N,VIIRS,h,2,302.37,18.63,D,0
30.54236,75.46713,339.48,0.4,0.6,2023-11-14,847,N,VIIRS,n,2,300.82,4.54,D,0
30.54331,75.31493,367,0.39,0.59,2023-11-14,847,N,VIIRS,h,2,298.14,3.9,D,0
30.54332,75.60965,367,0.41,0.6,2023-11-14,847,N,VIIRS,h,2,300.66,9.78,D,0
30.54434,75.46737,337.6,0.4,0.6,2023-11-14,847,N,VIIRS,n,2,300.77,3.97,D,0
30.54503,74.23889,347.31,0.34,0.56,2023-11-14,847,N,VIIRS,n,2,298.74,3.01,D,0
30.54566,74.73656,367,0.36,0.57,2023-11-14,847,N,VIIRS,h,2,299.79,6.1,D,0
30.54629,75.70135,336.12,0.41,0.61,2023-11-14,847,N,VIIRS,n,2,298.92,2.03,D,0
30.54658,75.70575,337.71,0.41,0.61,2023-11-14,847,N,VIIRS,n,2,298.75,6.5,D,0
30.54673,75.12476,367,0.38,0.59,2023-11-14,847,N,VIIRS,h,2,300.81,12.06,D,0
30.54895,75.23537,337.69,0.39,0.59,2023-11-14,847,N,VIIRS,n,2,297.59,3.77,D,0
30.54931,74.24099,337.48,0.34,0.56,2023-11-14,847,N,VIIRS,n,2,297.06,2.88,D,0
30.54954,74.18008,331.94,0.33,0.56,2023-11-14,847,N,VIIRS,n,2,297.03,2.18,D,0
30.55018,74.25172,356.74,0.34,0.56,2023-11-14,847,N,VIIRS,n,2,298.55,5.52,D,0
30.55047,74.25529,343.24,0.34,0.56,2023-11-14,847,N,VIIRS,n,2,297.25,7.66,D,0
30.55073,74.95139,352.88,0.37,0.58,2023-11-14,847,N,VIIRS,n,2,300.26,5.74,D,0
30.55085,74.17734,331.38,0.33,0.56,2023-11-14,847,N,VIIRS,n,2,297.71,3.17,D,0
30.55101,74.73606,345.45,0.36,0.57,2023-11-14,847,N,VIIRS,n,2,296.68,6.1,D,0
30.55112,74.18088,367,0.33,0.56,2023-11-14,847,N,VIIRS,h,2,299.73,3.17,D,0
30.5513,74.25267,367,0.34,0.56,2023-11-14,847,N,VIIRS,h,2,301.27,6.84,D,0
30.55446,75.23488,343.36,0.39,0.59,2023-11-14,847,N,VIIRS,n,2,297.32,3.77,D,0
30.55451,75.07943,367,0.38,0.59,2023-11-14,847,N,VIIRS,h,2,297.63,7.26,D,0
30.55514,74.5117,367,0.35,0.57,2023-11-14,847,N,VIIRS,h,2,299.25,7.29,D,0
30.55626,75.42334,333.65,0.4,0.6,2023-11-14,847,N,VIIRS,n,2,299.16,1.8,D,0
30.55636,74.73556,335.49,0.36,0.57,2023-11-14,847,N,VIIRS,n,2,297.6,3.36,D,0
30.55694,74.74323,337.69,0.36,0.57,2023-11-14,847,N,VIIRS,n,2,297.5,5.44,D,0
30.55739,75.11976,367,0.38,0.59,2023-11-14,847,N,VIIRS,h,2,301.61,12.48,D,0
30.55981,71.59371,340.81,0.47,0.48,2023-11-14,847,N,VIIRS,n,2,300.4,4.97,D,0
30.55984,74.51266,334.43,0.35,0.57,2023-11-14,847,N,VIIRS,n,2,296.37,3.1,D,0
30.56007,74.23019,345.21,0.34,0.56,2023-11-14,847,N,VIIRS,n,2,299.71,3.1,D,0
30.56013,75.76677,346.65,0.41,0.61,2023-11-14,847,N,VIIRS,n,2,300.47,6.36,D,0
30.56044,75.7712,348.28,0.41,0.61,2023-11-14,847,N,VIIRS,n,2,299.21,6.36,D,0
30.56112,75.09503,367,0.38,0.59,2023-11-14,847,N,VIIRS,h,2,301.54,11.69,D,0
30.56121,74.65837,340.96,0.36,0.57,2023-11-14,847,N,VIIRS,n,2,297.33,2.73,D,0
30.56162,74.46403,367,0.35,0.56,2023-11-14,847,N,VIIRS,h,2,301.77,6.09,D,0
30.56188,74.46265,347.72,0.35,0.56,2023-11-14,847,N,VIIRS,n,2,299.23,4.89,D,0
30.56188,75.7666,353,0.42,0.61,2023-11-14,847,N,VIIRS,n,2,301.01,5.77,D,0
30.56216,75.77104,339.95,0.42,0.61,2023-11-14,847,N,VIIRS,n,2,298.96,5.77,D,0
30.56218,74.46634,335.87,0.35,0.56,2023-11-14,847,N,VIIRS,n,2,297.04,5.33,D,0
30.56298,75.43977,344.38,0.4,0.6,2023-11-14,847,N,VIIRS,n,2,300.07,4.74,D,0
30.56359,76.0715,367,0.43,0.62,2023-11-14,847,N,VIIRS,h,2,304.69,13.83,D,0
30.56374,76.07117,367,0.43,0.62,2023-11-14,847,N,VIIRS,h,2,304.69,10.82,D,0
30.56404,74.49731,336.81,0.35,0.57,2023-11-14,847,N,VIIRS,n,2,296.42,2.66,D,0
30.56442,74.70017,343.34,0.36,0.57,2023-11-14,847,N,VIIRS,n,2,297.58,2.49,D,0
30.56443,76.0854,342.39,0.43,0.62,2023-11-14,847,N,VIIRS,n,2,301.39,3.4,D,0
30.56467,76.08505,340.19,0.43,0.62,2023-11-14,847,N,VIIRS,n,2,301.53,3.19,D,0
30.56519,75.22979,367,0.39,0.59,2023-11-14,847,N,VIIRS,h,2,299.13,7.88,D,0
30.56628,74.31279,339.71,0.34,0.56,2023-11-14,847,N,VIIRS,n,2,297.67,3.72,D,0
30.56745,74.1223,343.4,0.33,0.55,2023-11-14,847,N,VIIRS,n,2,297.97,3,D,0
30.56827,75.43505,337.67,0.4,0.6,2023-11-14,847,N,VIIRS,n,2,298.01,4.74,D,0
30.56902,74.83144,367,0.36,0.58,2023-11-14,847,N,VIIRS,h,2,301.07,13.37,D,0
30.56972,75.06187,338.57,0.38,0.58,2023-11-14,847,N,VIIRS,n,2,297.71,2.71,D,0
30.5698,75.13901,332.07,0.38,0.59,2023-11-14,847,N,VIIRS,n,2,298.2,1.65,D,0
30.57001,75.0659,343.36,0.38,0.58,2023-11-14,847,N,VIIRS,n,2,298.17,2.71,D,0
30.57037,75.38396,367,0.39,0.6,2023-11-14,847,N,VIIRS,h,2,301.16,10.46,D,0
30.57128,75.23754,344.4,0.39,0.59,2023-11-14,847,N,VIIRS,n,2,298.38,4.23,D,0
30.57183,75.16747,331.98,0.38,0.59,2023-11-14,847,N,VIIRS,n,2,296.96,1.76,D,0
30.57258,71.58707,332.52,0.47,0.48,2023-11-14,847,N,VIIRS,n,2,299.34,3.63,D,0
30.57306,71.59203,336.53,0.47,0.48,2023-11-14,847,N,VIIRS,n,2,298.74,3.63,D,0
30.57403,76.34588,329.94,0.45,0.63,2023-11-14,847,N,VIIRS,n,2,299,1.95,D,0
30.57445,74.97707,343.4,0.37,0.58,2023-11-14,847,N,VIIRS,n,2,296.65,8,D,0
30.57475,74.98104,367,0.37,0.58,2023-11-14,847,N,VIIRS,h,2,298.88,14.1,D,0
30.57547,75.06538,330.33,0.38,0.58,2023-11-14,847,N,VIIRS,n,2,296.74,2.71,D,0
30.57599,74.57358,356.24,0.35,0.57,2023-11-14,847,N,VIIRS,n,2,298.33,5.06,D,0
30.57732,75.16697,340.59,0.38,0.59,2023-11-14,847,N,VIIRS,n,2,296.27,2.67,D,0
30.57949,74.56338,344.8,0.35,0.57,2023-11-14,847,N,VIIRS,n,2,297.34,3.84,D,0
30.5804,74.56186,342.34,0.35,0.57,2023-11-14,847,N,VIIRS,n,2,296.86,4.18,D,0
30.58134,75.14614,355.48,0.38,0.59,2023-11-14,847,N,VIIRS,n,2,297.82,5.48,D,0
30.58167,74.59342,367,0.35,0.57,2023-11-14,847,N,VIIRS,h,2,299.32,6.32,D,0
30.58194,74.59719,346.76,0.35,0.57,2023-11-14,847,N,VIIRS,n,2,298.21,6.32,D,0
30.58266,75.39983,331.31,0.39,0.6,2023-11-14,847,N,VIIRS,n,2,297.02,2.85,D,0
30.58307,74.59557,367,0.35,0.57,2023-11-14,847,N,VIIRS,h,2,303.26,12.61,D,0
30.5833,74.26031,332.28,0.34,0.56,2023-11-14,847,N,VIIRS,n,2,296.62,2.78,D,0
30.58485,71.5755,346.21,0.47,0.48,2023-11-14,847,N,VIIRS,n,2,300.89,6.39,D,0
30.58494,74.63871,347.06,0.36,0.57,2023-11-14,847,N,VIIRS,n,2,298.17,5.24,D,0
30.58606,75.61452,350.99,0.41,0.6,2023-11-14,847,N,VIIRS,n,2,298.22,6.84,D,0
30.58664,74.64083,348.78,0.36,0.57,2023-11-14,847,N,VIIRS,n,2,298.32,4.91,D,0
30.58683,73.91073,336.77,0.32,0.55,2023-11-14,847,N,VIIRS,n,2,297.94,2.65,D,0
30.58723,75.63192,339.21,0.41,0.6,2023-11-14,847,N,VIIRS,n,2,298.53,3.18,D,0
30.58724,74.74599,339.54,0.36,0.57,2023-11-14,847,N,VIIRS,n,2,298.67,2.91,D,0
30.58726,74.78693,345.02,0.36,0.58,2023-11-14,847,N,VIIRS,n,2,297.68,3.35,D,0
30.58935,74.74409,342.87,0.36,0.57,2023-11-14,847,N,VIIRS,n,2,298.87,3.72,D,0
30.58996,74.78455,346.85,0.36,0.58,2023-11-14,847,N,VIIRS,n,2,299.13,4.78,D,0
30.59043,74.28497,344.09,0.34,0.56,2023-11-14,847,N,VIIRS,n,2,298.96,4.63,D,0
30.59319,71.56946,330.67,0.47,0.48,2023-11-14,847,N,VIIRS,n,2,299.09,0.91,D,0
30.59397,74.26286,340.92,0.34,0.56,2023-11-14,847,N,VIIRS,n,2,297.64,2.75,D,0
30.59668,75.68826,342.87,0.41,0.61,2023-11-14,847,N,VIIRS,n,2,297.43,2.12,D,0
30.59709,74.44202,367,0.35,0.56,2023-11-14,847,N,VIIRS,h,2,299.78,7.51,D,0
30.5974,74.91939,341.4,0.37,0.58,2023-11-14,847,N,VIIRS,n,2,297.19,2.41,D,0
30.59778,74.66805,347.28,0.36,0.57,2023-11-14,847,N,VIIRS,n,2,297.4,7.53,D,0
30.59952,74.33502,338.64,0.34,0.56,2023-11-14,847,N,VIIRS,n,2,296.83,2.52,D,0
30.59986,75.32671,336.71,0.39,0.59,2023-11-14,847,N,VIIRS,n,2,297.77,3.63,D,0
30.60035,74.34591,352.6,0.34,0.56,2023-11-14,847,N,VIIRS,n,2,300.54,15.09,D,0
30.60063,74.34954,367,0.34,0.56,2023-11-14,847,N,VIIRS,h,2,302.21,15.09,D,0
30.60118,74.15444,336.88,0.33,0.55,2023-11-14,847,N,VIIRS,n,2,298.52,2.6,D,0
30.60147,75.11989,330.17,0.38,0.59,2023-11-14,847,N,VIIRS,n,2,298.45,1.78,D,0
30.60207,75.12799,342.02,0.38,0.59,2023-11-14,847,N,VIIRS,n,2,298.9,5.21,D,0
30.60224,74.30196,341.01,0.34,0.56,2023-11-14,847,N,VIIRS,n,2,299.24,3.2,D,0
30.60247,71.66388,337.03,0.47,0.48,2023-11-14,847,N,VIIRS,n,2,298.55,3.77,D,0
30.60288,75.13022,345.08,0.38,0.59,2023-11-14,847,N,VIIRS,n,2,299.12,5.44,D,0
30.60311,74.66755,348.6,0.36,0.57,2023-11-14,847,N,VIIRS,n,2,297.55,10.32,D,0
30.60339,74.67136,367,0.36,0.57,2023-11-14,847,N,VIIRS,h,2,302.97,10.32,D,0
30.60382,74.12218,336.14,0.33,0.55,2023-11-14,847,N,VIIRS,n,2,299.33,4.06,D,0
30.6061,75.83011,342.52,0.42,0.61,2023-11-14,847,N,VIIRS,n,2,300.39,3.47,D,0
30.60614,74.35267,347.08,0.34,0.56,2023-11-14,847,N,VIIRS,n,2,298.44,11.03,D,0
30.60745,74.30144,367,0.34,0.56,2023-11-14,847,N,VIIRS,h,2,299.45,6.52,D,0
30.60825,75.77608,337.39,0.42,0.61,2023-11-14,847,N,VIIRS,n,2,299.81,2.89,D,0
30.60917,75.53876,349.19,0.4,0.6,2023-11-14,847,N,VIIRS,n,2,299.7,3.9,D,0
30.60937,71.68842,341.67,0.48,0.48,2023-11-14,847,N,VIIRS,n,2,300.25,5.23,D,0
30.60946,75.14596,367,0.38,0.59,2023-11-14,847,N,VIIRS,h,2,299.25,5.59,D,0
30.6095,75.62568,338.77,0.41,0.6,2023-11-14,847,N,VIIRS,n,2,299.37,2.24,D,0
30.61053,74.34125,347.47,0.34,0.56,2023-11-14,847,N,VIIRS,n,2,297.92,2.77,D,0
30.61109,75.40587,349.84,0.4,0.6,2023-11-14,847,N,VIIRS,n,2,301.5,4.03,D,0
30.61146,75.18039,342,0.38,0.59,2023-11-14,847,N,VIIRS,n,2,298.76,3.33,D,0
30.6115,74.70902,340.32,0.36,0.57,2023-11-14,847,N,VIIRS,n,2,296.38,2.79,D,0
30.61166,75.17859,339.21,0.38,0.59,2023-11-14,847,N,VIIRS,n,2,298.2,2.84,D,0
30.61179,74.15695,353.56,0.33,0.55,2023-11-14,847,N,VIIRS,n,2,299.82,4.9,D,0
30.61395,75.60784,367,0.41,0.6,2023-11-14,847,N,VIIRS,h,2,301.31,9.17,D,0
30.61424,75.14323,339.16,0.38,0.59,2023-11-14,847,N,VIIRS,n,2,297.38,5.9,D,0
30.61508,75.54259,338.73,0.4,0.6,2023-11-14,847,N,VIIRS,n,2,300.54,3.11,D,0
30.61666,75.4054,367,0.4,0.6,2023-11-14,847,N,VIIRS,h,2,303.35,18.17,D,0
30.61671,74.42161,367,0.35,0.56,2023-11-14,847,N,VIIRS,h,2,302.45,10.27,D,0
30.61716,75.26088,342.03,0.39,0.59,2023-11-14,847,N,VIIRS,n,2,298.11,6.75,D,0
30.61744,75.26501,367,0.39,0.59,2023-11-14,847,N,VIIRS,h,2,299.17,11,D,0
30.61749,75.26253,367,0.39,0.59,2023-11-14,847,N,VIIRS,h,2,300.47,12.31,D,0
30.61799,75.50349,344.36,0.4,0.6,2023-11-14,847,N,VIIRS,n,2,297.79,5.73,D,0
30.61801,74.36985,367,0.34,0.56,2023-11-14,847,N,VIIRS,h,2,302.22,10.16,D,0
30.61823,75.3614,341.18,0.39,0.6,2023-11-14,847,N,VIIRS,n,2,299.13,2.99,D,0
30.61857,74.37716,334.61,0.34,0.56,2023-11-14,847,N,VIIRS,n,2,297.87,8.29,D,0
30.61911,74.96709,342.94,0.37,0.58,2023-11-14,847,N,VIIRS,n,2,296.69,5.48,D,0
30.61921,75.36289,336.1,0.39,0.6,2023-11-14,847,N,VIIRS,n,2,298.6,2.79,D,0
30.61937,75.21088,337.81,0.38,0.59,2023-11-14,847,N,VIIRS,n,2,297.52,2.88,D,0
30.61938,75.21261,352.8,0.38,0.59,2023-11-14,847,N,VIIRS,n,2,298.88,5.04,D,0
30.62196,74.4211,367,0.35,0.56,2023-11-14,847,N,VIIRS,h,2,299.16,10.27,D,0
30.62211,74.35477,336.4,0.34,0.56,2023-11-14,847,N,VIIRS,n,2,307.39,33.1,D,0
30.62239,74.35843,367,0.34,0.56,2023-11-14,847,N,VIIRS,h,2,299.84,18.64,D,0
30.62268,74.36207,341.86,0.34,0.56,2023-11-14,847,N,VIIRS,n,2,297.81,18.64,D,0
30.62325,72.16976,335.25,0.51,0.49,2023-11-14,847,N,VIIRS,n,2,298.5,3.72,D,0
30.62353,75.83318,357.07,0.42,0.61,2023-11-14,847,N,VIIRS,n,2,302.9,4.86,D,0
30.62422,74.45054,352.04,0.35,0.56,2023-11-14,847,N,VIIRS,n,2,298.83,2.98,D,0
30.62511,72.24043,340.33,0.51,0.5,2023-11-14,847,N,VIIRS,n,2,300.39,7.85,D,0
30.62518,76.03406,343.41,0.43,0.62,2023-11-14,847,N,VIIRS,n,2,300.92,6.81,D,0
30.62525,74.82414,351.28,0.36,0.58,2023-11-14,847,N,VIIRS,n,2,297.83,18.88,D,0
30.62553,74.82803,367,0.37,0.58,2023-11-14,847,N,VIIRS,h,2,310.5,44.31,D,0
30.62621,74.33971,367,0.34,0.56,2023-11-14,847,N,VIIRS,h,2,298.52,3.74,D,0
30.62665,74.41325,352.21,0.34,0.56,2023-11-14,847,N,VIIRS,n,2,298.42,5.17,D,0
30.62724,74.21989,332.34,0.34,0.56,2023-11-14,847,N,VIIRS,n,2,299.22,9.13,D,0
30.62782,74.22704,367,0.34,0.56,2023-11-14,847,N,VIIRS,h,2,299.58,13.87,D,0
30.62888,75.10743,346.83,0.38,0.59,2023-11-14,847,N,VIIRS,n,2,297.41,5.86,D,0
30.62924,75.83271,338.58,0.42,0.61,2023-11-14,847,N,VIIRS,n,2,298.77,4.86,D,0
30.62941,74.58884,367,0.35,0.57,2023-11-14,847,N,VIIRS,h,2,301.23,8.81,D,0
30.62982,72.19072,334.48,0.51,0.49,2023-11-14,847,N,VIIRS,n,2,298.97,3.02,D,0
30.63031,74.89452,338.68,0.37,0.58,2023-11-14,847,N,VIIRS,n,2,296.59,3.67,D,0
30.6306,74.89845,337.44,0.37,0.58,2023-11-14,847,N,VIIRS,n,2,296.19,4.79,D,0
30.63112,71.65193,340.35,0.47,0.48,2023-11-14,847,N,VIIRS,n,2,300.21,6.07,D,0
30.63115,74.33558,350.34,0.34,0.56,2023-11-14,847,N,VIIRS,n,2,298.6,7.84,D,0
30.63145,75.5658,335.3,0.4,0.6,2023-11-14,847,N,VIIRS,n,2,298.32,3.32,D,0
30.63303,71.65498,342.61,0.47,0.48,2023-11-14,847,N,VIIRS,n,2,299.9,6.25,D,0
30.63409,74.30611,367,0.34,0.56,2023-11-14,847,N,VIIRS,h,2,299.72,4.72,D,0
30.63437,74.30973,335.55,0.34,0.56,2023-11-14,847,N,VIIRS,n,2,298.01,4.72,D,0
30.63579,71.70221,341.89,0.48,0.48,2023-11-14,847,N,VIIRS,n,2,300.57,12.07,D,0
30.63652,74.98146,367,0.37,0.58,2023-11-14,847,N,VIIRS,h,2,299.21,7.44,D,0
30.63703,74.4791,330.45,0.35,0.57,2023-11-14,847,N,VIIRS,n,2,301.05,1.24,D,0
30.63723,74.34597,331.57,0.34,0.56,2023-11-14,847,N,VIIRS,n,2,296.38,1.8,D,0
30.63729,74.28034,336.08,0.34,0.56,2023-11-14,847,N,VIIRS,n,2,298.64,2.96,D,0
30.63803,71.70518,341.45,0.48,0.48,2023-11-14,847,N,VIIRS,n,2,299.3,9.8,D,0
30.63844,74.29477,335.42,0.34,0.56,2023-11-14,847,N,VIIRS,n,2,298.05,2.07,D,0
30.63876,75.55791,333.8,0.4,0.6,2023-11-14,847,N,VIIRS,n,2,298.68,5.77,D,0
30.63895,74.36782,367,0.34,0.56,2023-11-14,847,N,VIIRS,h,2,301.66,13.58,D,0
30.63993,74.18273,345.19,0.33,0.56,2023-11-14,847,N,VIIRS,n,2,298.11,3.2,D,0
30.64055,74.88566,367,0.37,0.58,2023-11-14,847,N,VIIRS,h,2,299.02,5.21,D,0
30.64084,74.88959,339.5,0.37,0.58,2023-11-14,847,N,VIIRS,n,2,297.02,12.87,D,0
30.64093,71.75787,339.87,0.48,0.48,2023-11-14,847,N,VIIRS,n,2,298.77,3.36,D,0
30.64124,75.63043,335.62,0.41,0.6,2023-11-14,847,N,VIIRS,n,2,299.13,2.76,D,0
30.64135,74.74866,345.12,0.36,0.57,2023-11-14,847,N,VIIRS,n,2,296.16,4.6,D,0
30.64149,75.76002,367,0.42,0.61,2023-11-14,847,N,VIIRS,h,2,301.22,4.19,D,0
30.64189,74.33818,347.49,0.34,0.56,2023-11-14,847,N,VIIRS,n,2,297.66,4.83,D,0
30.64195,75.21714,337.62,0.39,0.59,2023-11-14,847,N,VIIRS,n,2,297.58,2.4,D,0
30.64214,75.55618,337,0.4,0.6,2023-11-14,847,N,VIIRS,n,2,297.74,3.36,D,0
30.64215,75.46987,367,0.4,0.6,2023-11-14,847,N,VIIRS,h,2,302.38,10.3,D,0
30.64217,74.34181,342.06,0.34,0.56,2023-11-14,847,N,VIIRS,n,2,297.16,5.1,D,0
30.64228,75.68891,356.37,0.41,0.61,2023-11-14,847,N,VIIRS,n,2,304.38,23.04,D,0
30.64242,75.5605,340.63,0.4,0.6,2023-11-14,847,N,VIIRS,n,2,298.7,4.21,D,0
30.64263,75.65228,343.22,0.41,0.61,2023-11-14,847,N,VIIRS,n,2,298.27,2.69,D,0
30.64353,75.467,339.43,0.4,0.6,2023-11-14,847,N,VIIRS,n,2,298.28,12.22,D,0
30.64355,71.76073,341.54,0.48,0.48,2023-11-14,847,N,VIIRS,n,2,298.84,3.8,D,0
30.64366,75.62724,337.61,0.41,0.6,2023-11-14,847,N,VIIRS,n,2,298.88,5.45,D,0
30.64384,75.47125,367,0.4,0.6,2023-11-14,847,N,VIIRS,h,2,308.95,35.17,D,0
30.6439,74.36366,354.08,0.34,0.56,2023-11-14,847,N,VIIRS,n,2,298.58,5.43,D,0
30.64405,71.76582,339.84,0.48,0.48,2023-11-14,847,N,VIIRS,n,2,298.42,3.8,D,0
30.64485,75.68739,353.24,0.41,0.61,2023-11-14,847,N,VIIRS,n,2,301.22,17.13,D,0
30.64513,75.69179,367,0.41,0.61,2023-11-14,847,N,VIIRS,h,2,299.57,18.15,D,0
30.64534,74.38194,346.59,0.34,0.56,2023-11-14,847,N,VIIRS,n,2,297.12,5.04,D,0
30.64549,75.65341,335.05,0.41,0.61,2023-11-14,847,N,VIIRS,n,2,297.73,2.57,D,0
30.64563,74.38558,345,0.34,0.56,2023-11-14,847,N,VIIRS,n,2,297.6,4.35,D,0
30.64596,74.88517,356.45,0.37,0.58,2023-11-14,847,N,VIIRS,n,2,296.15,5.21,D,0
30.64634,71.76749,345.82,0.48,0.48,2023-11-14,847,N,VIIRS,n,2,299.55,8.76,D,0
30.64749,75.76399,335.31,0.42,0.61,2023-11-14,847,N,VIIRS,n,2,300.3,4.19,D,0
30.6476,75.29989,339.95,0.39,0.59,2023-11-14,847,N,VIIRS,n,2,298.64,2.99,D,0
30.64775,75.46938,356.34,0.4,0.6,2023-11-14,847,N,VIIRS,n,2,299.91,17.53,D,0
30.64803,75.47364,337.26,0.4,0.6,2023-11-14,847,N,VIIRS,n,2,297.47,14.25,D,0
30.64887,74.29375,332.24,0.34,0.56,2023-11-14,847,N,VIIRS,n,2,298.05,4.09,D,0
30.64888,74.2923,334.86,0.34,0.56,2023-11-14,847,N,VIIRS,n,2,299,2.04,D,0
30.64935,74.64023,343.35,0.36,0.57,2023-11-14,847,N,VIIRS,n,2,298.87,3.96,D,0
30.64972,75.49928,342.38,0.4,0.6,2023-11-14,847,N,VIIRS,n,2,298.53,5.18,D,0
30.65015,71.87382,339.98,0.49,0.48,2023-11-14,847,N,VIIRS,n,2,298.28,4.46,D,0
30.6506,74.31543,367,0.34,0.56,2023-11-14,847,N,VIIRS,h,2,299.34,7.23,D,0
30.65074,74.31766,367,0.34,0.56,2023-11-14,847,N,VIIRS,h,2,300.6,10.27,D,0
30.65087,74.38507,335.3,0.34,0.56,2023-11-14,847,N,VIIRS,n,2,297.56,4.35,D,0
30.65089,74.31905,341.38,0.34,0.56,2023-11-14,847,N,VIIRS,n,2,297.73,7.65,D,0
30.65104,71.79069,340.26,0.48,0.48,2023-11-14,847,N,VIIRS,n,2,299.92,3.34,D,0
30.65127,71.87056,340.78,0.49,0.48,2023-11-14,847,N,VIIRS,n,2,298.68,5.61,D,0
30.65241,75.37106,336.94,0.39,0.6,2023-11-14,847,N,VIIRS,n,2,297.53,2.88,D,0
30.65253,75.51351,339.33,0.4,0.6,2023-11-14,847,N,VIIRS,n,2,298.67,3.31,D,0
30.65269,71.78729,340.65,0.48,0.48,2023-11-14,847,N,VIIRS,n,2,300.41,4.15,D,0
30.6531,75.5509,337.99,0.4,0.6,2023-11-14,847,N,VIIRS,n,2,298.53,2.77,D,0
30.6535,74.28601,340,0.34,0.56,2023-11-14,847,N,VIIRS,n,2,298.31,2.21,D,0
30.65353,74.62459,367,0.36,0.57,2023-11-14,847,N,VIIRS,h,2,303.37,16.26,D,0
30.65369,74.21576,354.98,0.34,0.56,2023-11-14,847,N,VIIRS,n,2,299.87,5.12,D,0
30.65382,74.28815,331.52,0.34,0.56,2023-11-14,847,N,VIIRS,n,2,297.92,2.04,D,0
30.65617,75.51164,350.66,0.4,0.6,2023-11-14,847,N,VIIRS,n,2,297.59,3.86,D,0
30.65642,71.73024,346.35,0.48,0.48,2023-11-14,847,N,VIIRS,n,2,301.79,6.46,D,0
30.65652,74.59388,335.94,0.35,0.57,2023-11-14,847,N,VIIRS,n,2,298.35,2.34,D,0
30.65653,74.95568,330.69,0.37,0.58,2023-11-14,847,N,VIIRS,n,2,296.16,2.07,D,0
30.65783,74.3426,345.46,0.34,0.56,2023-11-14,847,N,VIIRS,n,2,298.26,2.23,D,0
30.65815,74.34395,335.69,0.34,0.56,2023-11-14,847,N,VIIRS,n,2,297.95,2.5,D,0
30.65848,75.21564,335.13,0.39,0.59,2023-11-14,847,N,VIIRS,n,2,297.17,2.05,D,0
30.66007,75.9483,367,0.43,0.62,2023-11-14,847,N,VIIRS,h,2,301.99,9.71,D,0
30.66059,74.45318,329.96,0.35,0.57,2023-11-14,847,N,VIIRS,n,2,297.88,0.9,D,0
30.66103,75.94717,349.79,0.43,0.62,2023-11-14,847,N,VIIRS,n,2,300.66,6.61,D,0
30.6613,75.95174,345.11,0.43,0.62,2023-11-14,847,N,VIIRS,n,2,299.67,8.28,D,0
30.66131,74.39007,367,0.34,0.56,2023-11-14,847,N,VIIRS,h,2,304.34,14.62,D,0
30.66164,74.38772,337.3,0.34,0.56,2023-11-14,847,N,VIIRS,n,2,298.93,6.52,D,0
30.66164,74.4544,335.35,0.35,0.56,2023-11-14,847,N,VIIRS,n,2,297.49,1.02,D,0
30.66194,74.39138,367,0.34,0.56,2023-11-14,847,N,VIIRS,h,2,301.43,13.27,D,0
30.66318,74.41577,353.18,0.35,0.56,2023-11-14,847,N,VIIRS,n,2,297.93,3.53,D,0
30.66343,71.70889,342.83,0.48,0.48,2023-11-14,847,N,VIIRS,n,2,301.83,10.08,D,0
30.66349,74.6849,354.1,0.36,0.57,2023-11-14,847,N,VIIRS,n,2,299.19,10.2,D,0
30.66378,74.68872,367,0.36,0.57,2023-11-14,847,N,VIIRS,h,2,299.5,10.2,D,0
30.66392,74.285,340.57,0.34,0.56,2023-11-14,847,N,VIIRS,n,2,297.49,1.59,D,0
30.66398,74.41705,341.61,0.35,0.56,2023-11-14,847,N,VIIRS,n,2,297.55,4.25,D,0
30.66407,74.69254,340.51,0.36,0.57,2023-11-14,847,N,VIIRS,n,2,297.05,10.65,D,0
30.66436,74.69636,367,0.36,0.57,2023-11-14,847,N,VIIRS,h,2,302.08,10.65,D,0
30.66448,74.91519,367,0.37,0.58,2023-11-14,847,N,VIIRS,h,2,300.25,7.26,D,0
30.66484,74.99493,341.75,0.37,0.58,2023-11-14,847,N,VIIRS,n,2,297.79,4.32,D,0
30.66513,74.99893,340.76,0.37,0.58,2023-11-14,847,N,VIIRS,n,2,297.47,6.1,D,0
30.66514,75.23164,337.22,0.39,0.59,2023-11-14,847,N,VIIRS,n,2,297.68,3.65,D,0
30.66658,75.25229,348.64,0.39,0.59,2023-11-14,847,N,VIIRS,n,2,302.1,6.16,D,0
30.66852,75.36118,336.05,0.39,0.6,2023-11-14,847,N,VIIRS,n,2,298.36,14.2,D,0
30.66869,75.44615,340.95,0.4,0.6,2023-11-14,847,N,VIIRS,n,2,297.79,4.1,D,0
30.66881,75.36539,367,0.39,0.6,2023-11-14,847,N,VIIRS,h,2,307.08,14.2,D,0
30.6697,74.98647,341.13,0.37,0.58,2023-11-14,847,N,VIIRS,n,2,297.32,2.71,D,0
30.67033,75.30627,337.58,0.39,0.59,2023-11-14,847,N,VIIRS,n,2,300.24,2.2,D,0
30.67058,72.22952,332.29,0.51,0.5,2023-11-14,847,N,VIIRS,n,2,298.25,2.85,D,0
30.67122,75.08326,339.52,0.38,0.59,2023-11-14,847,N,VIIRS,n,2,298.99,4.66,D,0
30.67298,74.33376,343.26,0.34,0.56,2023-11-14,847,N,VIIRS,n,2,296.81,4.35,D,0
30.6758,74.23156,339.43,0.34,0.56,2023-11-14,847,N,VIIRS,n,2,298.66,1.87,D,0
30.67893,75.03795,354.41,0.38,0.58,2023-11-14,847,N,VIIRS,n,2,300.04,8.18,D,0
30.67937,75.27615,346.32,0.39,0.59,2023-11-14,847,N,VIIRS,n,2,297.64,5.45,D,0
30.68016,71.74265,343.32,0.48,0.48,2023-11-14,847,N,VIIRS,n,2,299.32,4.56,D,0
30.68222,75.1599,347.41,0.38,0.59,2023-11-14,847,N,VIIRS,n,2,298.97,3.13,D,0
30.68258,71.91382,331.61,0.49,0.49,2023-11-14,847,N,VIIRS,n,2,298.51,3.48,D,0
30.68319,74.25979,331.05,0.34,0.56,2023-11-14,847,N,VIIRS,n,2,299.09,0.99,D,0
30.68562,74.36189,367,0.34,0.56,2023-11-14,847,N,VIIRS,h,2,302,15.53,D,0
30.68671,74.3765,331.52,0.34,0.56,2023-11-14,847,N,VIIRS,n,2,296.22,1.25,D,0
30.6871,75.72371,351.84,0.41,0.61,2023-11-14,847,N,VIIRS,n,2,300.08,5.3,D,0
30.6874,74.85768,367,0.37,0.58,2023-11-14,847,N,VIIRS,h,2,299.64,5.89,D,0
30.68772,75.15941,335.18,0.38,0.59,2023-11-14,847,N,VIIRS,n,2,298.66,3.13,D,0
30.68855,74.47282,336.95,0.35,0.57,2023-11-14,847,N,VIIRS,n,2,299.15,2.18,D,0
30.69113,74.36503,343.31,0.34,0.56,2023-11-14,847,N,VIIRS,n,2,297.58,9.57,D,0
30.69167,74.2336,349.75,0.34,0.56,2023-11-14,847,N,VIIRS,n,2,298.32,6.74,D,0
30.69191,74.44637,336.77,0.35,0.56,2023-11-14,847,N,VIIRS,n,2,297.28,3.38,D,0
30.69194,74.23719,367,0.34,0.56,2023-11-14,847,N,VIIRS,h,2,299.1,6.74,D,0
30.69213,75.22098,367,0.39,0.59,2023-11-14,847,N,VIIRS,h,2,301.8,11.03,D,0
30.69218,74.45007,345.94,0.35,0.57,2023-11-14,847,N,VIIRS,n,2,299.87,3.38,D,0
30.6972,74.89543,336.58,0.37,0.58,2023-11-14,847,N,VIIRS,n,2,297.71,1.9,D,0
30.69755,74.92015,330.21,0.37,0.58,2023-11-14,847,N,VIIRS,n,2,296.83,1.19,D,0
30.69773,74.31299,367,0.34,0.56,2023-11-14,847,N,VIIRS,h,2,300.92,11.82,D,0
30.69791,71.98058,343.61,0.5,0.49,2023-11-14,847,N,VIIRS,n,2,303.21,20.15,D,0
30.69963,74.26907,333.07,0.34,0.56,2023-11-14,847,N,VIIRS,n,2,298.29,1.55,D,0
30.7,71.95383,353.42,0.49,0.49,2023-11-14,847,N,VIIRS,n,2,300.73,11.41,D,0
30.70078,74.42323,343.19,0.35,0.56,2023-11-14,847,N,VIIRS,n,2,300.13,3.93,D,0
30.70245,75.96218,367,0.43,0.62,2023-11-14,847,N,VIIRS,h,2,304.36,14.5,D,0
30.70299,74.38229,367,0.34,0.56,2023-11-14,847,N,VIIRS,h,2,299.25,7.94,D,0
30.70382,74.46386,367,0.35,0.57,2023-11-14,847,N,VIIRS,h,2,301.8,6.82,D,0
30.70383,75.89333,331.05,0.42,0.61,2023-11-14,847,N,VIIRS,n,2,298.91,2.27,D,0
30.7039,71.99578,334.35,0.5,0.49,2023-11-14,847,N,VIIRS,n,2,299.39,7.14,D,0
30.7041,74.46757,342.32,0.35,0.57,2023-11-14,847,N,VIIRS,n,2,300.18,7.96,D,0
30.70439,72.00105,340.22,0.5,0.49,2023-11-14,847,N,VIIRS,n,2,299.44,7.14,D,0
30.70642,74.22131,331.24,0.34,0.56,2023-11-14,847,N,VIIRS,n,2,296.48,5.28,D,0
30.7067,74.22489,367,0.34,0.56,2023-11-14,847,N,VIIRS,h,2,300.76,13.67,D,0
30.70707,74.29747,352.41,0.34,0.56,2023-11-14,847,N,VIIRS,n,2,298.73,3.79,D,0
30.70967,75.98464,353.77,0.43,0.62,2023-11-14,847,N,VIIRS,n,2,299.87,8.77,D,0
30.71046,75.24429,346.25,0.39,0.59,2023-11-14,847,N,VIIRS,n,2,298.82,5.75,D,0
30.71076,74.48565,331.15,0.35,0.57,2023-11-14,847,N,VIIRS,n,2,298,1.36,D,0
30.71089,75.32795,367,0.39,0.59,2023-11-14,847,N,VIIRS,h,2,302.82,11.02,D,0
30.71349,74.9866,343.37,0.37,0.58,2023-11-14,847,N,VIIRS,n,2,297.03,4.28,D,0
30.71483,71.77435,337.84,0.48,0.48,2023-11-14,847,N,VIIRS,n,2,300.85,3.32,D,0
30.71491,75.23918,353.56,0.39,0.59,2023-11-14,847,N,VIIRS,n,2,298.67,5.88,D,0
30.71536,74.33691,345.25,0.34,0.56,2023-11-14,847,N,VIIRS,n,2,298.47,2.81,D,0
30.71543,72.021,338.95,0.5,0.49,2023-11-14,847,N,VIIRS,n,2,298.15,6.1,D,0
30.71568,75.23968,349.81,0.39,0.59,2023-11-14,847,N,VIIRS,n,2,298.6,5.75,D,0
30.71644,75.32747,339.6,0.39,0.59,2023-11-14,847,N,VIIRS,n,2,300.96,5.6,D,0
30.71733,74.36246,336.48,0.34,0.56,2023-11-14,847,N,VIIRS,n,2,296.48,2.12,D,0
30.7175,71.99411,333.27,0.5,0.49,2023-11-14,847,N,VIIRS,n,2,297.89,2.69,D,0
30.71847,75.2932,341,0.39,0.59,2023-11-14,847,N,VIIRS,n,2,300.01,5.93,D,0
30.71874,75.29736,336.78,0.39,0.59,2023-11-14,847,N,VIIRS,n,2,299.54,7.98,D,0
30.71958,75.29358,367,0.39,0.59,2023-11-14,847,N,VIIRS,h,2,301.72,9.39,D,0
30.71988,75.29774,337.8,0.39,0.59,2023-11-14,847,N,VIIRS,n,2,299.24,5.49,D,0
30.72075,74.27061,341.09,0.34,0.56,2023-11-14,847,N,VIIRS,n,2,298.1,3.27,D,0
30.72081,71.74268,333.48,0.48,0.48,2023-11-14,847,N,VIIRS,n,2,300.53,10.17,D,0
30.72084,75.54946,343.66,0.4,0.6,2023-11-14,847,N,VIIRS,n,2,299.97,4.16,D,0
30.72131,71.74776,343.03,0.48,0.48,2023-11-14,847,N,VIIRS,n,2,303.33,10.17,D,0
30.72267,74.79465,367,0.36,0.58,2023-11-14,847,N,VIIRS,h,2,302.25,10.96,D,0
30.72282,75.02921,338.36,0.38,0.58,2023-11-14,847,N,VIIRS,n,2,297.82,8.89,D,0
30.72313,75.36446,349.74,0.39,0.6,2023-11-14,847,N,VIIRS,n,2,301,5.94,D,0
30.7236,71.96151,340.58,0.5,0.49,2023-11-14,847,N,VIIRS,n,2,299.48,6.07,D,0
30.72388,74.6627,367,0.36,0.57,2023-11-14,847,N,VIIRS,h,2,301.69,6.89,D,0
30.72401,75.2927,367,0.39,0.59,2023-11-14,847,N,VIIRS,h,2,299.99,5.93,D,0
30.72413,74.73995,367,0.36,0.57,2023-11-14,847,N,VIIRS,h,2,303.42,12.81,D,0
30.7245,75.38558,330.26,0.4,0.6,2023-11-14,847,N,VIIRS,n,2,297.2,1.5,D,0
30.7247,75.36476,345.95,0.39,0.6,2023-11-14,847,N,VIIRS,n,2,300.56,5.28,D,0
30.72512,75.29311,335.94,0.39,0.59,2023-11-14,847,N,VIIRS,n,2,299.33,4.82,D,0
30.72567,74.26651,355.12,0.34,0.56,2023-11-14,847,N,VIIRS,n,2,298.25,3.27,D,0
30.72596,74.27013,343.27,0.34,0.56,2023-11-14,847,N,VIIRS,n,2,296.74,3.27,D,0
30.72725,74.70865,338.56,0.36,0.57,2023-11-14,847,N,VIIRS,n,2,296.88,7.14,D,0
30.72753,74.7125,367,0.36,0.57,2023-11-14,847,N,VIIRS,h,2,299.55,7.14,D,0
30.72805,74.79416,367,0.36,0.58,2023-11-14,847,N,VIIRS,h,2,298.89,11.87,D,0
30.72805,75.73811,340.08,0.41,0.61,2023-11-14,847,N,VIIRS,n,2,300.71,2.46,D,0
30.72855,75.03271,347.5,0.38,0.58,2023-11-14,847,N,VIIRS,n,2,298.46,7.19,D,0
30.73077,74.33176,353.68,0.34,0.56,2023-11-14,847,N,VIIRS,n,2,300.52,6.69,D,0
30.73121,75.31727,338.32,0.39,0.59,2023-11-14,847,N,VIIRS,n,2,300.78,2.38,D,0
30.73309,74.86433,367,0.37,0.58,2023-11-14,847,N,VIIRS,h,2,304.45,16.01,D,0
30.73321,71.73083,331.85,0.48,0.48,2023-11-14,847,N,VIIRS,n,2,299.76,2.39,D,0
30.73618,71.71509,340.35,0.48,0.48,2023-11-14,847,N,VIIRS,n,2,299.06,2.44,D,0
30.73661,75.61358,367,0.41,0.6,2023-11-14,847,N,VIIRS,h,2,299.6,6.73,D,0
30.73692,75.61794,340.39,0.41,0.6,2023-11-14,847,N,VIIRS,n,2,299.32,6.73,D,0
30.73801,70.72899,332.27,0.42,0.45,2023-11-14,847,N,VIIRS,n,2,298.75,3.45,D,0
30.739,74.94734,335.67,0.37,0.58,2023-11-14,847,N,VIIRS,n,2,297.32,11.23,D,0
30.73905,74.8717,342.2,0.37,0.58,2023-11-14,847,N,VIIRS,n,2,297.91,3.55,D,0
30.73928,74.95132,367,0.37,0.58,2023-11-14,847,N,VIIRS,h,2,301.26,10.55,D,0
30.74047,75.35075,335.14,0.39,0.6,2023-11-14,847,N,VIIRS,n,2,301.26,7.15,D,0
30.74143,75.05994,367,0.38,0.59,2023-11-14,847,N,VIIRS,h,2,300.07,6.74,D,0
30.7418,74.61507,331.63,0.36,0.57,2023-11-14,847,N,VIIRS,n,2,300.21,1.62,D,0
30.7428,71.70769,330.06,0.48,0.48,2023-11-14,847,N,VIIRS,l,2,301.01,3.04,D,0
30.74342,74.42654,367,0.35,0.56,2023-11-14,847,N,VIIRS,h,2,300.72,11.45,D,0
30.74414,71.75005,346.77,0.48,0.48,2023-11-14,847,N,VIIRS,n,2,302.05,7.67,D,0
30.74454,75.34987,367,0.39,0.6,2023-11-14,847,N,VIIRS,h,2,304.19,14.48,D,0
30.74459,71.70893,341.91,0.48,0.48,2023-11-14,847,N,VIIRS,n,2,302.95,8.94,D,0
30.74468,72.03881,339.18,0.5,0.49,2023-11-14,847,N,VIIRS,n,2,298.81,2.99,D,0
30.74471,74.95082,344.1,0.37,0.58,2023-11-14,847,N,VIIRS,n,2,296.84,10.55,D,0
30.74581,74.38922,335.34,0.34,0.56,2023-11-14,847,N,VIIRS,n,2,297.11,4.28,D,0
30.74603,75.35027,367,0.39,0.6,2023-11-14,847,N,VIIRS,h,2,301.49,7.15,D,0
30.74621,72.00658,337.01,0.5,0.49,2023-11-14,847,N,VIIRS,n,2,298.17,4.42,D,0
30.74654,71.74831,353.54,0.48,0.48,2023-11-14,847,N,VIIRS,n,2,302.07,7.8,D,0
30.74853,74.28978,354.47,0.34,0.56,2023-11-14,847,N,VIIRS,n,2,299.2,4.9,D,0
30.7486,71.7495,341.57,0.48,0.48,2023-11-14,847,N,VIIRS,n,2,301.68,5.91,D,0
30.74985,74.94637,336.96,0.37,0.58,2023-11-14,847,N,VIIRS,n,2,296.66,5.5,D,0
30.75005,71.71849,330.06,0.48,0.48,2023-11-14,847,N,VIIRS,l,2,301.44,3.39,D,0
30.75014,74.95034,341.29,0.37,0.58,2023-11-14,847,N,VIIRS,n,2,296.75,6.11,D,0
30.75069,75.44305,353.36,0.4,0.6,2023-11-14,847,N,VIIRS,n,2,298.91,7.64,D,0
30.75077,74.38505,354.69,0.34,0.56,2023-11-14,847,N,VIIRS,n,2,302.21,18.2,D,0
30.75106,74.3887,367,0.34,0.56,2023-11-14,847,N,VIIRS,h,2,300.47,21.78,D,0
30.75124,71.70149,339.38,0.48,0.48,2023-11-14,847,N,VIIRS,n,2,301.36,2.97,D,0
30.75155,74.97021,337.02,0.37,0.58,2023-11-14,847,N,VIIRS,n,2,297.48,3.75,D,0
30.75258,74.2748,331.4,0.34,0.56,2023-11-14,847,N,VIIRS,n,2,297.9,1.3,D,0
30.7527,74.83507,337.05,0.37,0.58,2023-11-14,847,N,VIIRS,n,2,298.39,2.76,D,0
30.75279,75.44328,352.35,0.4,0.6,2023-11-14,847,N,VIIRS,n,2,299.15,7.17,D,0
30.75299,71.70277,336.12,0.48,0.48,2023-11-14,847,N,VIIRS,n,2,300.94,2.94,D,0
30.75318,74.2741,330.81,0.34,0.56,2023-11-14,847,N,VIIRS,n,2,298.02,1.2,D,0
30.75358,71.75404,346.33,0.48,0.48,2023-11-14,847,N,VIIRS,n,2,300.08,5.91,D,0
30.75595,71.75228,354.86,0.48,0.48,2023-11-14,847,N,VIIRS,n,2,302.69,20.29,D,0
30.7576,71.81944,331.7,0.49,0.48,2023-11-14,847,N,VIIRS,n,2,299.54,2.59,D,0
30.75779,74.34016,367,0.34,0.56,2023-11-14,847,N,VIIRS,h,2,302.17,7.91,D,0
30.75795,74.33952,367,0.34,0.56,2023-11-14,847,N,VIIRS,h,2,303.53,7.47,D,0
30.75805,71.75349,346.22,0.48,0.48,2023-11-14,847,N,VIIRS,n,2,303.06,13.2,D,0
30.75819,74.69031,331.05,0.36,0.57,2023-11-14,847,N,VIIRS,n,2,300.08,3.05,D,0
30.75881,71.99438,335.67,0.5,0.49,2023-11-14,847,N,VIIRS,n,2,299.15,4.48,D,0
30.75964,71.8154,340.47,0.49,0.48,2023-11-14,847,N,VIIRS,n,2,300.35,4.8,D,0
30.76015,71.82054,340.14,0.49,0.48,2023-11-14,847,N,VIIRS,n,2,298.93,6.67,D,0
30.76099,71.73767,338.17,0.48,0.48,2023-11-14,847,N,VIIRS,n,2,299.54,2.22,D,0
30.76122,74.4509,367,0.35,0.57,2023-11-14,847,N,VIIRS,h,2,302.63,8.15,D,0
30.76151,74.45461,336.17,0.35,0.57,2023-11-14,847,N,VIIRS,n,2,298.67,9.05,D,0
30.76209,71.81886,342.25,0.49,0.48,2023-11-14,847,N,VIIRS,n,2,300.62,13.31,D,0
30.76214,74.96525,344.19,0.37,0.58,2023-11-14,847,N,VIIRS,n,2,297.14,6.74,D,0
30.76302,74.33965,367,0.34,0.56,2023-11-14,847,N,VIIRS,h,2,299.18,7.91,D,0
30.76318,74.339,367,0.34,0.56,2023-11-14,847,N,VIIRS,h,2,298.27,7.47,D,0
30.76347,71.73587,342.21,0.48,0.48,2023-11-14,847,N,VIIRS,n,2,301.12,4.39,D,0
30.76411,74.69747,367,0.36,0.57,2023-11-14,847,N,VIIRS,h,2,301.18,8.23,D,0
30.76443,75.07412,340.09,0.38,0.59,2023-11-14,847,N,VIIRS,n,2,298.19,3.82,D,0
30.76443,75.48057,351.71,0.4,0.6,2023-11-14,847,N,VIIRS,n,2,300.39,5.88,D,0
30.76453,74.77514,367,0.36,0.58,2023-11-14,847,N,VIIRS,h,2,300.59,9.62,D,0
30.76506,75.32271,345.16,0.39,0.59,2023-11-14,847,N,VIIRS,n,2,297.28,4.12,D,0
30.76868,74.34212,330.84,0.34,0.56,2023-11-14,847,N,VIIRS,n,2,297.63,1.96,D,0
30.76963,71.82458,341.49,0.49,0.48,2023-11-14,847,N,VIIRS,n,2,299.37,5.75,D,0
30.77083,74.37144,335.1,0.34,0.56,2023-11-14,847,N,VIIRS,n,2,298.71,2.83,D,0
30.77088,74.37204,338.33,0.34,0.56,2023-11-14,847,N,VIIRS,n,2,298.72,3.03,D,0
30.77154,71.82289,343.9,0.49,0.48,2023-11-14,847,N,VIIRS,n,2,300.47,10.63,D,0
30.77222,71.78127,331.99,0.48,0.48,2023-11-14,847,N,VIIRS,l,2,302.06,3.47,D,0
30.77261,74.32771,330.3,0.34,0.56,2023-11-14,847,N,VIIRS,n,2,298.17,0.89,D,0
30.77284,74.327,335.19,0.34,0.56,2023-11-14,847,N,VIIRS,n,2,298.41,1.76,D,0
30.77306,75.04084,336.36,0.38,0.59,2023-11-14,847,N,VIIRS,n,2,296.85,5.4,D,0
30.77478,75.22136,353.38,0.39,0.59,2023-11-14,847,N,VIIRS,n,2,298.67,6.42,D,0
30.77561,75.0002,367,0.38,0.58,2023-11-14,847,N,VIIRS,h,2,302.7,11.01,D,0
30.77592,74.29739,367,0.34,0.56,2023-11-14,847,N,VIIRS,h,2,299.51,10.72,D,0
30.7824,74.38509,367,0.34,0.56,2023-11-14,847,N,VIIRS,h,2,300.71,11.05,D,0
30.78388,74.96332,367,0.37,0.58,2023-11-14,847,N,VIIRS,h,2,303.08,8.33,D,0
30.78417,74.96732,341.24,0.37,0.58,2023-11-14,847,N,VIIRS,n,2,297.97,8.33,D,0
30.78467,74.54642,337.89,0.35,0.57,2023-11-14,847,N,VIIRS,n,2,298.77,6.79,D,0
30.78521,75.13367,367,0.38,0.59,2023-11-14,847,N,VIIRS,h,2,301.77,9.76,D,0
30.78676,71.74326,340.78,0.48,0.48,2023-11-14,847,N,VIIRS,n,2,301.68,4.57,D,0
30.78729,74.45165,336.92,0.35,0.57,2023-11-14,847,N,VIIRS,n,2,297.71,2.94,D,0
30.78756,74.45537,331.64,0.35,0.57,2023-11-14,847,N,VIIRS,n,2,297.52,2.94,D,0
30.78779,74.79646,338.83,0.36,0.58,2023-11-14,847,N,VIIRS,n,2,297.99,2.15,D,0
30.78798,74.87131,341.38,0.37,0.58,2023-11-14,847,N,VIIRS,n,2,300.21,3.19,D,0
30.7882,71.75856,339.99,0.48,0.48,2023-11-14,847,N,VIIRS,n,2,299.52,19.5,D,0
30.78868,71.76367,343.22,0.48,0.48,2023-11-14,847,N,VIIRS,n,2,305.51,19.5,D,0
30.78878,74.54561,367,0.35,0.57,2023-11-14,847,N,VIIRS,h,2,303.43,13.22,D,0
30.78931,74.96284,354.33,0.37,0.58,2023-11-14,847,N,VIIRS,n,2,297.89,8.33,D,0
30.7896,74.55694,331.38,0.35,0.57,2023-11-14,847,N,VIIRS,n,2,297.98,1.99,D,0
30.78987,74.5607,331.4,0.35,0.57,2023-11-14,847,N,VIIRS,n,2,299.24,1.99,D,0
30.78997,74.54593,367,0.35,0.57,2023-11-14,847,N,VIIRS,h,2,302.08,6.79,D,0
30.79033,74.79607,332.33,0.37,0.58,2023-11-14,847,N,VIIRS,n,2,297.02,1.76,D,0
30.79051,74.76105,367,0.36,0.58,2023-11-14,847,N,VIIRS,h,2,301.02,4.67,D,0
30.79086,74.55723,333.01,0.35,0.57,2023-11-14,847,N,VIIRS,n,2,298,4.11,D,0
30.79133,74.84335,367,0.37,0.58,2023-11-14,847,N,VIIRS,h,2,302.53,10.87,D,0
30.79241,74.30675,344.8,0.34,0.56,2023-11-14,847,N,VIIRS,n,2,299.03,2.49,D,0
30.79295,74.31401,351.59,0.34,0.56,2023-11-14,847,N,VIIRS,n,2,299.54,6.88,D,0
30.79328,74.76058,367,0.36,0.58,2023-11-14,847,N,VIIRS,h,2,301.34,9.84,D,0
30.79357,74.84303,367,0.37,0.58,2023-11-14,847,N,VIIRS,h,2,303.48,12.3,D,0
30.79408,74.5451,332.34,0.35,0.57,2023-11-14,847,N,VIIRS,n,2,296.5,1.81,D,0
30.79516,74.89445,367,0.37,0.58,2023-11-14,847,N,VIIRS,h,2,311.3,29.19,D,0
30.79572,74.56774,354.4,0.35,0.57,2023-11-14,847,N,VIIRS,n,2,304.61,13.12,D,0
30.79589,74.76055,330.17,0.36,0.58,2023-11-14,847,N,VIIRS,n,2,298.75,4.67,D,0
30.79599,74.57153,342.74,0.35,0.57,2023-11-14,847,N,VIIRS,n,2,299.13,13.17,D,0
30.79656,75.21534,367,0.39,0.59,2023-11-14,847,N,VIIRS,h,2,301.76,11.47,D,0
30.79679,74.8112,354.24,0.37,0.58,2023-11-14,847,N,VIIRS,n,2,297.75,12.79,D,0
30.79707,74.81511,367,0.37,0.58,2023-11-14,847,N,VIIRS,h,2,301.01,12.79,D,0
30.79708,74.89422,367,0.37,0.58,2023-11-14,847,N,VIIRS,h,2,310.63,33.43,D,0
30.79734,74.81903,348.23,0.37,0.58,2023-11-14,847,N,VIIRS,n,2,297.75,10.09,D,0
30.79974,74.8111,353.45,0.37,0.58,2023-11-14,847,N,VIIRS,n,2,297.75,14.58,D,0
30.80004,74.81502,367,0.37,0.58,2023-11-14,847,N,VIIRS,h,2,301.97,14.58,D,0
30.80033,74.81892,351.71,0.37,0.58,2023-11-14,847,N,VIIRS,n,2,298.42,13.23,D,0
30.80173,74.43155,343.93,0.35,0.57,2023-11-14,847,N,VIIRS,n,2,304.96,26.57,D,0
30.802,74.43526,367,0.35,0.57,2023-11-14,847,N,VIIRS,h,2,297.72,26.59,D,0
30.80272,75.07072,339.52,0.38,0.59,2023-11-14,847,N,VIIRS,n,2,298.56,2.47,D,0
30.80368,74.31663,342.66,0.34,0.56,2023-11-14,847,N,VIIRS,n,2,296.38,6.87,D,0
30.80374,75.0098,347.72,0.38,0.58,2023-11-14,847,N,VIIRS,n,2,298.37,5.04,D,0
30.80403,75.01379,351.48,0.38,0.58,2023-11-14,847,N,VIIRS,n,2,298.18,5.04,D,0
30.80493,75.0098,367,0.38,0.58,2023-11-14,847,N,VIIRS,h,2,299.11,5.66,D,0
30.80519,75.0138,341.28,0.38,0.58,2023-11-14,847,N,VIIRS,n,2,297.33,5.66,D,0
30.8053,74.4799,340.4,0.35,0.57,2023-11-14,847,N,VIIRS,n,2,299.69,2.57,D,0
30.80729,74.8063,339.75,0.37,0.58,2023-11-14,847,N,VIIRS,n,2,296.68,1.62,D,0
30.80882,71.88108,331.04,0.49,0.49,2023-11-14,847,N,VIIRS,n,2,299.2,3.43,D,0
30.81021,74.80622,335.27,0.37,0.58,2023-11-14,847,N,VIIRS,n,2,294.9,1.47,D,0
30.81097,71.80757,331.8,0.49,0.48,2023-11-14,847,N,VIIRS,n,2,298.14,2.41,D,0
30.81128,75.58959,339.16,0.41,0.6,2023-11-14,847,N,VIIRS,n,2,300.64,3.18,D,0
30.81196,73.82975,348.41,0.32,0.55,2023-11-14,847,N,VIIRS,n,2,299.4,3.14,D,0
30.81559,74.47514,341.86,0.35,0.57,2023-11-14,847,N,VIIRS,n,2,299.51,2.49,D,0
30.8156,74.87672,334.48,0.37,0.58,2023-11-14,847,N,VIIRS,n,2,298.91,2.27,D,0
30.81584,75.02495,367,0.38,0.58,2023-11-14,847,N,VIIRS,h,2,301.1,8.02,D,0
30.81636,71.86438,339.65,0.49,0.49,2023-11-14,847,N,VIIRS,n,2,299.32,4.32,D,0
30.81693,75.02493,367,0.38,0.59,2023-11-14,847,N,VIIRS,h,2,301.63,9.38,D,0
30.81763,74.87641,337.52,0.37,0.58,2023-11-14,847,N,VIIRS,n,2,299.16,2.77,D,0
30.81804,74.36681,350.82,0.34,0.56,2023-11-14,847,N,VIIRS,n,2,298.12,4.53,D,0
30.81949,75.0004,350.2,0.38,0.58,2023-11-14,847,N,VIIRS,n,2,299.77,4.97,D,0
30.82073,75.00034,355.11,0.38,0.58,2023-11-14,847,N,VIIRS,n,2,300.12,5.03,D,0
30.82093,71.81673,333.49,0.49,0.48,2023-11-14,847,N,VIIRS,n,2,298.34,2.89,D,0
30.82247,71.78535,349.68,0.48,0.48,2023-11-14,847,N,VIIRS,n,2,304.06,12.25,D,0
30.8278,74.7145,367,0.36,0.57,2023-11-14,847,N,VIIRS,h,2,301.89,11.74,D,0
30.82941,74.96725,332.67,0.37,0.58,2023-11-14,847,N,VIIRS,n,2,297.15,3.4,D,0
30.83024,74.97926,331.07,0.37,0.58,2023-11-14,847,N,VIIRS,n,2,297.7,2.14,D,0
30.83199,74.48107,367,0.35,0.57,2023-11-14,847,N,VIIRS,h,2,299.21,8.36,D,0
30.8321,75.72952,348.47,0.42,0.61,2023-11-14,847,N,VIIRS,n,2,299.34,5.81,D,0
30.83306,75.1831,351.85,0.38,0.59,2023-11-14,847,N,VIIRS,n,2,299.27,3.48,D,0
30.83314,75.18331,354.9,0.39,0.59,2023-11-14,847,N,VIIRS,n,2,298.88,4.07,D,0
30.83388,71.85698,335.98,0.49,0.49,2023-11-14,847,N,VIIRS,n,2,300.13,16.63,D,0
30.83438,71.86216,352.23,0.49,0.49,2023-11-14,847,N,VIIRS,n,2,306.97,16.63,D,0
30.83568,74.97876,349.06,0.37,0.58,2023-11-14,847,N,VIIRS,n,2,298.1,4.95,D,0
30.83597,74.60583,367,0.36,0.57,2023-11-14,847,N,VIIRS,h,2,305.31,8.59,D,0
30.83625,74.60962,341.34,0.36,0.57,2023-11-14,847,N,VIIRS,n,2,298.65,8.59,D,0
30.83767,74.70193,337.11,0.36,0.57,2023-11-14,847,N,VIIRS,n,2,297.87,1.09,D,0
30.83776,75.42327,336.21,0.4,0.6,2023-11-14,847,N,VIIRS,n,2,299.51,5.72,D,0
30.83888,71.8616,356.38,0.49,0.49,2023-11-14,847,N,VIIRS,n,2,301.76,27.86,D,0
30.83902,74.36478,343.69,0.34,0.56,2023-11-14,847,N,VIIRS,n,2,297.74,3.46,D,0
30.8393,74.36845,340.28,0.34,0.56,2023-11-14,847,N,VIIRS,n,2,296.5,3.46,D,0
30.83953,75.4269,340.1,0.4,0.6,2023-11-14,847,N,VIIRS,n,2,299.49,5.15,D,0
30.83986,72.21616,333.67,0.51,0.5,2023-11-14,847,N,VIIRS,n,2,297.88,2.63,D,0
30.83989,71.82482,331.29,0.49,0.48,2023-11-14,847,N,VIIRS,n,2,297.81,2.96,D,0
30.84024,75.12482,353.54,0.38,0.59,2023-11-14,847,N,VIIRS,n,2,298.29,6.26,D,0
30.84086,74.32034,348.48,0.34,0.56,2023-11-14,847,N,VIIRS,n,2,297.44,7,D,0
30.8437,74.35693,336.31,0.34,0.56,2023-11-14,847,N,VIIRS,n,2,296.99,8.18,D,0
30.84398,74.36061,367,0.34,0.56,2023-11-14,847,N,VIIRS,h,2,302.4,8.18,D,0
30.84556,72.17703,330.91,0.51,0.49,2023-11-14,847,N,VIIRS,n,2,297.97,3.84,D,0
30.84787,71.81339,336.11,0.49,0.48,2023-11-14,847,N,VIIRS,n,2,300.08,3.05,D,0
30.84854,75.00588,342.02,0.38,0.58,2023-11-14,847,N,VIIRS,n,2,300.12,4.81,D,0
30.84951,75.3455,336.14,0.39,0.6,2023-11-14,847,N,VIIRS,n,2,297.18,5.27,D,0
30.84978,75.34971,349.79,0.39,0.6,2023-11-14,847,N,VIIRS,n,2,297.55,5.27,D,0
30.85078,75.34922,354.69,0.39,0.6,2023-11-14,847,N,VIIRS,n,2,297.39,8.59,D,0
30.85255,74.4716,335.78,0.35,0.57,2023-11-14,847,N,VIIRS,n,2,296.94,3.13,D,0
30.85383,70.7365,336.93,0.42,0.45,2023-11-14,847,N,VIIRS,n,2,299.89,3.36,D,0
30.85399,75.00539,352.88,0.38,0.58,2023-11-14,847,N,VIIRS,n,2,299.55,4.81,D,0
30.85544,74.72359,367,0.36,0.58,2023-11-14,847,N,VIIRS,h,2,304.98,12.88,D,0
30.8608,74.7231,346.73,0.36,0.58,2023-11-14,847,N,VIIRS,n,2,298.93,4.69,D,0
30.86605,74.94385,354.72,0.37,0.58,2023-11-14,847,N,VIIRS,n,2,299.07,4.85,D,0
30.86691,74.95581,335.19,0.37,0.58,2023-11-14,847,N,VIIRS,n,2,297.99,2.76,D,0
30.86918,74.91153,367,0.37,0.58,2023-11-14,847,N,VIIRS,h,2,302.08,7.94,D,0
30.87023,74.63327,332.6,0.36,0.57,2023-11-14,847,N,VIIRS,n,2,298.31,2.18,D,0
30.87073,70.77509,342.53,0.43,0.46,2023-11-14,847,N,VIIRS,n,2,301.44,5.06,D,0
30.87074,70.77634,341.52,0.43,0.46,2023-11-14,847,N,VIIRS,n,2,301.12,5.15,D,0
30.87356,75.45458,333.59,0.4,0.6,2023-11-14,847,N,VIIRS,n,2,297.15,2.53,D,0
30.8746,74.91103,331.24,0.37,0.58,2023-11-14,847,N,VIIRS,n,2,300.75,2.66,D,0
30.87482,74.83945,344.85,0.37,0.58,2023-11-14,847,N,VIIRS,n,2,299.9,3.78,D,0
30.8773,74.65572,342.8,0.36,0.57,2023-11-14,847,N,VIIRS,n,2,298.95,5.1,D,0
30.87771,74.87884,341.87,0.37,0.58,2023-11-14,847,N,VIIRS,n,2,298.2,3.22,D,0
30.87818,75.35575,340.12,0.39,0.6,2023-11-14,847,N,VIIRS,n,2,297.72,2.31,D,0
30.87865,74.96684,344.59,0.37,0.58,2023-11-14,847,N,VIIRS,n,2,299.8,4.27,D,0
30.87941,71.85661,331.1,0.49,0.49,2023-11-14,847,N,VIIRS,n,2,299.09,1.52,D,0
30.88012,75.1419,349.32,0.38,0.59,2023-11-14,847,N,VIIRS,n,2,298.62,4.62,D,0
30.88084,71.85847,331.71,0.49,0.49,2023-11-14,847,N,VIIRS,n,2,299.62,2.62,D,0
30.8823,72.17262,332.59,0.51,0.49,2023-11-14,847,N,VIIRS,n,2,296.92,3.3,D,0
30.88832,74.61903,345.48,0.36,0.57,2023-11-14,847,N,VIIRS,n,2,296.55,7.41,D,0
30.8891,75.19083,367,0.39,0.59,2023-11-14,847,N,VIIRS,h,2,300.56,12.05,D,0
30.8895,74.60463,339.68,0.36,0.57,2023-11-14,847,N,VIIRS,n,2,298.68,2.24,D,0
30.88966,71.90482,339.21,0.49,0.49,2023-11-14,847,N,VIIRS,n,2,297.04,3.21,D,0
30.89094,70.76447,343.64,0.43,0.46,2023-11-14,847,N,VIIRS,n,2,301.85,6.58,D,0
30.89322,71.89381,330.87,0.49,0.49,2023-11-14,847,N,VIIRS,n,2,298.83,5.3,D,0
30.89439,74.95737,344.99,0.37,0.58,2023-11-14,847,N,VIIRS,n,2,297.28,5.96,D,0
30.89507,74.4889,350.87,0.35,0.57,2023-11-14,847,N,VIIRS,n,2,297.76,3.66,D,0
30.89546,72.17355,343.47,0.51,0.49,2023-11-14,847,N,VIIRS,n,2,300.23,12.5,D,0
30.89608,72.17097,343.14,0.51,0.49,2023-11-14,847,N,VIIRS,n,2,300.44,16.54,D,0
30.897,74.84535,354.5,0.37,0.58,2023-11-14,847,N,VIIRS,n,2,300.1,4.15,D,0
30.89773,71.89325,346.86,0.49,0.49,2023-11-14,847,N,VIIRS,n,2,298.37,5.3,D,0
30.89856,74.84437,356.36,0.37,0.58,2023-11-14,847,N,VIIRS,n,2,301.21,4.8,D,0
30.90016,75.26926,337.55,0.39,0.59,2023-11-14,847,N,VIIRS,n,2,299.36,4.14,D,0
30.90093,75.97089,336.67,0.43,0.62,2023-11-14,847,N,VIIRS,n,2,299.28,5.15,D,0
30.90162,75.2902,352.22,0.39,0.59,2023-11-14,847,N,VIIRS,n,2,298.36,5.59,D,0
30.90191,75.2944,344.72,0.39,0.59,2023-11-14,847,N,VIIRS,n,2,297.43,5.59,D,0
30.90368,72.16159,333.01,0.51,0.49,2023-11-14,847,N,VIIRS,n,2,297.76,3.42,D,0
30.90423,72.15906,334.31,0.51,0.49,2023-11-14,847,N,VIIRS,n,2,298.1,3.45,D,0
30.90599,75.43461,332.41,0.4,0.6,2023-11-14,847,N,VIIRS,n,2,299.23,3.03,D,0
30.9064,74.87945,332.02,0.37,0.58,2023-11-14,847,N,VIIRS,n,2,301.63,2.37,D,0
30.90924,75.40004,336.01,0.4,0.6,2023-11-14,847,N,VIIRS,n,2,299.93,3.43,D,0
30.91048,74.87986,335.83,0.37,0.58,2023-11-14,847,N,VIIRS,n,2,301.2,2.87,D,0
30.91175,74.75354,347.37,0.36,0.58,2023-11-14,847,N,VIIRS,n,2,296.14,5.17,D,0
30.91213,75.28088,337.96,0.39,0.59,2023-11-14,847,N,VIIRS,n,2,297.47,3.4,D,0
30.914,74.91071,334.56,0.37,0.58,2023-11-14,847,N,VIIRS,n,2,299.46,3.35,D,0
30.91635,75.03225,347.07,0.38,0.59,2023-11-14,847,N,VIIRS,n,2,299.22,3.58,D,0
30.91672,75.03158,344.21,0.38,0.59,2023-11-14,847,N,VIIRS,n,2,298.62,3.97,D,0
30.91725,75.0444,367,0.38,0.59,2023-11-14,847,N,VIIRS,h,2,300.1,5.89,D,0
30.91753,75.04374,367,0.38,0.59,2023-11-14,847,N,VIIRS,h,2,299.67,5.84,D,0
30.91897,74.74796,338.07,0.36,0.58,2023-11-14,847,N,VIIRS,n,2,297.06,2.79,D,0
30.92182,74.86606,339.27,0.37,0.58,2023-11-14,847,N,VIIRS,n,2,298.95,3.62,D,0
30.92711,75.10432,341.34,0.38,0.59,2023-11-14,847,N,VIIRS,n,2,298.7,4.5,D,0
30.92721,75.10487,341.24,0.38,0.59,2023-11-14,847,N,VIIRS,n,2,298.69,2.99,D,0
30.92787,71.87369,331.04,0.49,0.49,2023-11-14,847,N,VIIRS,n,2,299.73,1.95,D,0
30.93309,75.27876,339.31,0.39,0.59,2023-11-14,847,N,VIIRS,n,2,297.66,3.86,D,0
30.93431,74.6609,335.94,0.36,0.57,2023-11-14,847,N,VIIRS,n,2,298.64,2.5,D,0
30.93431,75.27902,342.36,0.39,0.59,2023-11-14,847,N,VIIRS,n,2,298.09,4.72,D,0
30.93459,74.89281,367,0.37,0.58,2023-11-14,847,N,VIIRS,h,2,301.37,5.96,D,0
30.93598,74.91269,340.96,0.37,0.58,2023-11-14,847,N,VIIRS,n,2,298.67,2.49,D,0
30.93935,74.73042,331.28,0.36,0.58,2023-11-14,847,N,VIIRS,n,2,297.49,1.52,D,0
30.94403,74.87198,340.75,0.37,0.58,2023-11-14,847,N,VIIRS,n,2,299.94,2.26,D,0
30.94444,74.65221,343.39,0.36,0.57,2023-11-14,847,N,VIIRS,n,2,298.57,2.9,D,0
30.94471,74.7299,330.11,0.36,0.58,2023-11-14,847,N,VIIRS,n,2,295.77,1.19,D,0
30.94474,76.60686,334.99,0.47,0.64,2023-11-14,847,N,VIIRS,n,2,298.84,2.77,D,0
30.95093,71.87614,340.2,0.49,0.49,2023-11-14,847,N,VIIRS,n,2,299.07,6.05,D,0
30.95143,71.88136,331.31,0.49,0.49,2023-11-14,847,N,VIIRS,n,2,298.01,6.05,D,0
30.95695,75.30201,348.13,0.39,0.6,2023-11-14,847,N,VIIRS,n,2,299.01,4.55,D,0
30.95715,74.75224,367,0.36,0.58,2023-11-14,847,N,VIIRS,h,2,299.61,6.09,D,0
30.96028,74.79521,367,0.37,0.58,2023-11-14,847,N,VIIRS,h,2,302.89,9.28,D,0
30.96033,75.48631,334.67,0.4,0.6,2023-11-14,847,N,VIIRS,n,2,297.49,2.01,D,0
30.96185,75.50793,352.4,0.4,0.6,2023-11-14,847,N,VIIRS,n,2,300.73,11.29,D,0
30.96333,74.6892,334.96,0.36,0.57,2023-11-14,847,N,VIIRS,n,2,297.81,2.37,D,0
30.96395,74.77122,343.4,0.37,0.58,2023-11-14,847,N,VIIRS,n,2,297.76,3.63,D,0
30.96477,75.50753,350.7,0.4,0.6,2023-11-14,847,N,VIIRS,n,2,307.52,17.61,D,0
30.96505,74.71242,351.59,0.36,0.58,2023-11-14,847,N,VIIRS,n,2,303.34,19.43,D,0
30.96505,75.51186,345.27,0.4,0.6,2023-11-14,847,N,VIIRS,n,2,298.22,17.61,D,0
30.96533,74.71631,344.28,0.36,0.58,2023-11-14,847,N,VIIRS,n,2,297.64,18.05,D,0
30.96567,74.79471,367,0.37,0.58,2023-11-14,847,N,VIIRS,h,2,296.93,9.28,D,0
30.96748,75.50748,354.87,0.4,0.6,2023-11-14,847,N,VIIRS,n,2,302.21,11.29,D,0
30.96779,75.5118,344.65,0.4,0.6,2023-11-14,847,N,VIIRS,n,2,298.32,11.29,D,0
30.96801,71.91109,347.9,0.49,0.49,2023-11-14,847,N,VIIRS,n,2,299.84,5.78,D,0
30.96848,71.86871,341.07,0.49,0.49,2023-11-14,847,N,VIIRS,n,2,300.89,8.04,D,0
30.96998,72.17552,338.19,0.51,0.5,2023-11-14,847,N,VIIRS,n,2,298.23,9.38,D,0
30.97048,72.18097,340.4,0.51,0.5,2023-11-14,847,N,VIIRS,n,2,298.65,9.38,D,0
30.97049,74.78639,333.73,0.37,0.58,2023-11-14,847,N,VIIRS,n,2,297.49,2.34,D,0
30.9756,75.33008,367,0.39,0.6,2023-11-14,847,N,VIIRS,h,2,300.26,6.57,D,0
30.97818,74.81726,334.95,0.37,0.58,2023-11-14,847,N,VIIRS,n,2,296.13,4.8,D,0
30.9788,75.13275,338.9,0.38,0.59,2023-11-14,847,N,VIIRS,n,2,297.46,3.23,D,0
30.97915,72.2241,335.22,0.52,0.5,2023-11-14,847,N,VIIRS,n,2,297.78,3.49,D,0
30.98341,74.59851,351.56,0.36,0.57,2023-11-14,847,N,VIIRS,n,2,297.62,4.66,D,0
30.9843,75.13226,342.31,0.38,0.59,2023-11-14,847,N,VIIRS,n,2,297.29,3.84,D,0
30.98459,74.9808,339.06,0.38,0.58,2023-11-14,847,N,VIIRS,n,2,297.92,2.55,D,0
30.98478,75.64215,332.38,0.41,0.61,2023-11-14,847,N,VIIRS,n,2,296.72,2.23,D,0
30.98684,74.59596,353.14,0.36,0.57,2023-11-14,847,N,VIIRS,n,2,298.26,5.95,D,0
30.98711,74.59978,330.01,0.36,0.57,2023-11-14,847,N,VIIRS,n,2,295.75,6.59,D,0
30.98874,74.59802,356.39,0.36,0.57,2023-11-14,847,N,VIIRS,n,2,297.85,6.44,D,0
30.99125,75.15236,341.02,0.38,0.59,2023-11-14,847,N,VIIRS,n,2,298.04,2.15,D,0
30.9924,75.16886,349.89,0.39,0.59,2023-11-14,847,N,VIIRS,n,2,298.38,4.75,D,0
30.99553,75.63236,339.53,0.41,0.61,2023-11-14,847,N,VIIRS,n,2,298.14,5.13,D,0
30.99582,75.63677,351.29,0.41,0.61,2023-11-14,847,N,VIIRS,n,2,298.27,9.78,D,0
30.99735,74.09052,339.44,0.33,0.55,2023-11-14,847,N,VIIRS,n,2,298.78,2.28,D,0
30.99936,75.26877,343.67,0.39,0.59,2023-11-14,847,N,VIIRS,n,2,298.96,5.77,D,0
30.99937,73.91674,353.78,0.32,0.55,2023-11-14,847,N,VIIRS,n,2,297.79,4.69,D,0
31.00053,74.68189,340.93,0.36,0.57,2023-11-14,847,N,VIIRS,n,2,297.41,2.72,D,0
31.00252,74.09,330.8,0.33,0.55,2023-11-14,847,N,VIIRS,n,2,297.09,1.36,D,0
31.00313,75.16379,344.2,0.39,0.59,2023-11-14,847,N,VIIRS,n,2,298.04,4.2,D,0
31.00344,74.67947,352.69,0.36,0.57,2023-11-14,847,N,VIIRS,n,2,298.16,4.1,D,0
31.00463,74.95476,367,0.37,0.58,2023-11-14,847,N,VIIRS,h,2,299.69,6.73,D,0
31.00492,74.95876,330.08,0.37,0.58,2023-11-14,847,N,VIIRS,n,2,296.9,7.71,D,0
31.00749,74.89622,340.52,0.37,0.58,2023-11-14,847,N,VIIRS,n,2,299.18,3.27,D,0
31.00771,74.92227,345.66,0.37,0.58,2023-11-14,847,N,VIIRS,n,2,297.67,4.07,D,0
31.00879,74.79079,339.28,0.37,0.58,2023-11-14,847,N,VIIRS,n,2,296.23,3.87,D,0
31.00938,74.92416,351.51,0.37,0.58,2023-11-14,847,N,VIIRS,n,2,297.36,5.93,D,0
31.00946,74.65779,346.03,0.36,0.57,2023-11-14,847,N,VIIRS,n,2,296.62,3.37,D,0
31.01045,75.3484,367,0.4,0.6,2023-11-14,847,N,VIIRS,h,2,300.45,5.76,D,0
31.01075,74.78459,367,0.37,0.58,2023-11-14,847,N,VIIRS,h,2,300.35,8.6,D,0
31.01102,74.78851,354.45,0.37,0.58,2023-11-14,847,N,VIIRS,n,2,296.71,8.6,D,0
31.01237,74.80813,367,0.37,0.58,2023-11-14,847,N,VIIRS,h,2,298.77,9.07,D,0
31.01251,74.65532,345.71,0.36,0.57,2023-11-14,847,N,VIIRS,n,2,296.11,6.17,D,0
31.01383,75.56461,334.09,0.41,0.6,2023-11-14,847,N,VIIRS,n,2,298.96,3.54,D,0
31.01388,74.78638,367,0.37,0.58,2023-11-14,847,N,VIIRS,h,2,301.15,12.21,D,0
31.01442,74.86564,330.01,0.37,0.58,2023-11-14,847,N,VIIRS,n,2,297.11,1.26,D,0
31.01518,72.16768,338.3,0.51,0.5,2023-11-14,847,N,VIIRS,n,2,299.14,3.1,D,0
31.01537,74.80598,367,0.37,0.58,2023-11-14,847,N,VIIRS,h,2,301.32,15.3,D,0
31.01596,72.17004,337.91,0.51,0.5,2023-11-14,847,N,VIIRS,n,2,298.22,3.27,D,0
31.01602,75.34792,348.02,0.4,0.6,2023-11-14,847,N,VIIRS,n,2,299.36,5.76,D,0
31.01687,75.04713,367,0.38,0.59,2023-11-14,847,N,VIIRS,h,2,298.89,5.59,D,0
31.01717,75.0512,336.42,0.38,0.59,2023-11-14,847,N,VIIRS,n,2,296.28,5.59,D,0
31.01732,74.64709,352.25,0.36,0.57,2023-11-14,847,N,VIIRS,n,2,297.09,3.67,D,0
31.01749,74.80372,343.19,0.37,0.58,2023-11-14,847,N,VIIRS,n,2,296.73,9.56,D,0
31.01774,75.04926,367,0.38,0.59,2023-11-14,847,N,VIIRS,h,2,300.34,13.57,D,0
31.01777,74.80764,367,0.37,0.58,2023-11-14,847,N,VIIRS,h,2,297.62,9.07,D,0
31.01842,70.76171,340.65,0.43,0.46,2023-11-14,847,N,VIIRS,n,2,301.23,5.2,D,0
31.02263,75.20377,337.92,0.39,0.59,2023-11-14,847,N,VIIRS,n,2,297.55,7.03,D,0
31.02825,74.90442,346.7,0.37,0.58,2023-11-14,847,N,VIIRS,n,2,296.73,3.06,D,0
31.02987,75.46722,340.79,0.4,0.6,2023-11-14,847,N,VIIRS,n,2,296.77,4.64,D,0
31.03002,74.9062,367,0.37,0.58,2023-11-14,847,N,VIIRS,h,2,298.02,6.59,D,0
31.0305,74.6808,346.38,0.36,0.57,2023-11-14,847,N,VIIRS,n,2,297.2,4.37,D,0
31.03077,74.68467,342.82,0.36,0.57,2023-11-14,847,N,VIIRS,n,2,296.63,4.37,D,0
31.03433,73.90269,367,0.32,0.55,2023-11-14,847,N,VIIRS,h,2,303.45,13.07,D,0
31.03798,74.786,348.63,0.37,0.58,2023-11-14,847,N,VIIRS,n,2,299.13,5.76,D,0
31.03801,72.21466,334.86,0.52,0.5,2023-11-14,847,N,VIIRS,n,2,297.39,5.37,D,0
31.03816,75.03709,333.18,0.38,0.59,2023-11-14,847,N,VIIRS,n,2,295.44,3.17,D,0
31.03825,74.78993,344.16,0.37,0.58,2023-11-14,847,N,VIIRS,n,2,298.72,7.49,D,0
31.03909,75.03914,339.33,0.38,0.59,2023-11-14,847,N,VIIRS,n,2,295.78,3.03,D,0
31.03944,73.90219,339.58,0.32,0.55,2023-11-14,847,N,VIIRS,n,2,295.51,5.45,D,0
31.04164,75.99276,338.57,0.43,0.62,2023-11-14,847,N,VIIRS,n,2,299.87,2.96,D,0
31.04213,72.20862,343.13,0.52,0.5,2023-11-14,847,N,VIIRS,n,2,300.1,14.78,D,0
31.04337,74.78551,347.98,0.37,0.58,2023-11-14,847,N,VIIRS,n,2,297.64,5.67,D,0
31.04364,74.78944,333.81,0.37,0.58,2023-11-14,847,N,VIIRS,n,2,297.3,7.01,D,0
31.04565,75.96448,332.12,0.43,0.62,2023-11-14,847,N,VIIRS,n,2,297.98,1.7,D,0
31.04674,72.20806,344.61,0.52,0.5,2023-11-14,847,N,VIIRS,n,2,299.44,15.45,D,0
31.04811,74.85253,330.96,0.37,0.58,2023-11-14,847,N,VIIRS,n,2,296.94,2.43,D,0
31.04937,74.94877,334.7,0.37,0.58,2023-11-14,847,N,VIIRS,n,2,297.92,3.25,D,0
31.04965,74.95277,336.23,0.38,0.58,2023-11-14,847,N,VIIRS,n,2,296.97,3.25,D,0
31.05135,72.20751,356.11,0.52,0.5,2023-11-14,847,N,VIIRS,n,2,300.4,15.45,D,0
31.05546,72.20147,347.59,0.52,0.5,2023-11-14,847,N,VIIRS,n,2,298.93,8.57,D,0
31.06868,75.70214,367,0.42,0.61,2023-11-14,847,N,VIIRS,h,2,306.99,16.72,D,0
31.06899,75.70661,335.77,0.42,0.61,2023-11-14,847,N,VIIRS,n,2,298.68,16.72,D,0
31.07042,75.09391,337.48,0.38,0.59,2023-11-14,847,N,VIIRS,n,2,298.06,4.06,D,0
31.07074,75.70062,352.62,0.42,0.61,2023-11-14,847,N,VIIRS,n,2,305.26,22.61,D,0
31.07102,75.70508,344.82,0.42,0.61,2023-11-14,847,N,VIIRS,n,2,298.85,22.05,D,0
31.0731,75.64677,340.58,0.41,0.61,2023-11-14,847,N,VIIRS,n,2,298.55,2.68,D,0
31.07313,72.3448,335.47,0.53,0.5,2023-11-14,847,N,VIIRS,n,2,298.86,3.97,D,0
31.07638,75.64787,350.63,0.41,0.61,2023-11-14,847,N,VIIRS,n,2,299.27,4.98,D,0
31.07887,74.82584,367,0.37,0.58,2023-11-14,847,N,VIIRS,h,2,301.12,11.58,D,0
31.08005,75.23475,356.31,0.39,0.59,2023-11-14,847,N,VIIRS,n,2,301.13,10.1,D,0
31.08033,75.23893,329.5,0.39,0.59,2023-11-14,847,N,VIIRS,n,2,296.02,10.1,D,0
31.0852,74.99014,367,0.38,0.59,2023-11-14,847,N,VIIRS,h,2,299.75,13.37,D,0
31.08549,74.99418,341.3,0.38,0.59,2023-11-14,847,N,VIIRS,n,2,296.23,12.94,D,0
31.0913,75.31853,340.45,0.39,0.6,2023-11-14,847,N,VIIRS,n,2,299.05,3.1,D,0
31.09779,74.93629,339.88,0.37,0.58,2023-11-14,847,N,VIIRS,n,2,297.97,2.88,D,0
31.10773,72.21186,337.94,0.52,0.5,2023-11-14,847,N,VIIRS,n,2,299.29,4.08,D,0
31.11003,73.6644,333.02,0.63,0.54,2023-11-14,847,N,VIIRS,n,2,296.94,4.91,D,0
31.11309,74.99583,341.25,0.38,0.59,2023-11-14,847,N,VIIRS,n,2,297.2,4.46,D,0
31.11514,74.87444,338.64,0.37,0.58,2023-11-14,847,N,VIIRS,n,2,296.81,4.43,D,0
31.1163,74.8735,339.66,0.37,0.58,2023-11-14,847,N,VIIRS,n,2,296.59,4,D,0
31.12005,73.36471,346.36,0.6,0.53,2023-11-14,847,N,VIIRS,n,2,299.13,13.26,D,0
31.12096,73.36312,350.37,0.6,0.53,2023-11-14,847,N,VIIRS,n,2,298.49,12.97,D,0
31.12168,75.69191,342.24,0.42,0.61,2023-11-14,847,N,VIIRS,n,2,298.02,3.03,D,0
31.12197,75.6964,329.73,0.42,0.61,2023-11-14,847,N,VIIRS,n,2,297.33,3.03,D,0
31.12539,74.86551,336.05,0.37,0.58,2023-11-14,847,N,VIIRS,n,2,297.79,3.16,D,0
31.1266,74.86452,339.15,0.37,0.58,2023-11-14,847,N,VIIRS,n,2,296.7,2.53,D,0
31.12963,73.7168,335.69,0.63,0.54,2023-11-14,847,N,VIIRS,n,2,297.26,5.59,D,0
31.13098,75.83639,337.85,0.42,0.61,2023-11-14,847,N,VIIRS,n,2,298.93,5.4,D,0
31.13328,73.71527,339.8,0.64,0.54,2023-11-14,847,N,VIIRS,n,2,297.26,8.54,D,0
31.13476,72.32339,330.81,0.53,0.5,2023-11-14,847,N,VIIRS,n,2,296.77,3.46,D,0
31.13668,72.32037,332.75,0.52,0.5,2023-11-14,847,N,VIIRS,n,2,297.43,1.87,D,0
31.13952,75.79002,332.67,0.42,0.61,2023-11-14,847,N,VIIRS,n,2,298.15,2.24,D,0
31.14081,73.6804,329.83,0.63,0.54,2023-11-14,847,N,VIIRS,n,2,296.53,6.7,D,0
31.1428,72.25498,342.81,0.52,0.5,2023-11-14,847,N,VIIRS,n,2,300.11,5.44,D,0
31.14925,72.17071,333.46,0.51,0.5,2023-11-14,847,N,VIIRS,n,2,297.76,2.75,D,0
31.15106,70.8466,330.9,0.43,0.46,2023-11-14,847,N,VIIRS,n,2,297.87,2.24,D,0
31.16311,75.15995,367,0.39,0.59,2023-11-14,847,N,VIIRS,h,2,304.01,10.72,D,0
31.16864,75.15948,337.53,0.39,0.59,2023-11-14,847,N,VIIRS,n,2,296.42,10.72,D,0
31.17328,75.57616,350.95,0.41,0.61,2023-11-14,847,N,VIIRS,n,2,298.68,3.67,D,0
31.17424,75.68321,335.29,0.42,0.61,2023-11-14,847,N,VIIRS,n,2,298.75,2.87,D,0
31.17605,73.54853,334.02,0.62,0.54,2023-11-14,847,N,VIIRS,n,2,296.48,4.67,D,0
31.17664,75.57601,367,0.41,0.61,2023-11-14,847,N,VIIRS,h,2,299.5,5.73,D,0
31.17872,75.86015,336.54,0.43,0.62,2023-11-14,847,N,VIIRS,n,2,298.19,2.73,D,0
31.17894,75.57568,330.94,0.41,0.61,2023-11-14,847,N,VIIRS,n,2,296.98,1.89,D,0
31.19014,75.14925,336.75,0.39,0.59,2023-11-14,847,N,VIIRS,n,2,297.91,3.03,D,0
31.19043,75.1534,337.37,0.39,0.59,2023-11-14,847,N,VIIRS,n,2,297.79,3.03,D,0
31.19993,72.16463,340.06,0.51,0.5,2023-11-14,847,N,VIIRS,n,2,299.11,5.53,D,0
31.20242,75.67644,336.85,0.42,0.61,2023-11-14,847,N,VIIRS,n,2,298.88,2.49,D,0
31.20505,70.75356,352.62,0.43,0.46,2023-11-14,847,N,VIIRS,n,2,302.78,13.33,D,0
31.23002,73.71209,347.16,0.64,0.54,2023-11-14,847,N,VIIRS,n,2,297.12,11.18,D,0
31.23044,73.71719,367,0.32,0.54,2023-11-14,847,N,VIIRS,h,2,298.57,6.66,D,0
31.23287,73.57423,339.65,0.62,0.54,2023-11-14,847,N,VIIRS,n,2,297.49,5.75,D,0
31.23669,72.56443,342.92,0.54,0.51,2023-11-14,847,N,VIIRS,n,2,302.01,6.74,D,0
31.2369,73.73371,335.14,0.32,0.54,2023-11-14,847,N,VIIRS,n,2,296.64,3.43,D,0
31.24946,70.89626,336.64,0.44,0.46,2023-11-14,847,N,VIIRS,n,2,298.92,2.82,D,0
31.25269,73.73899,340.48,0.32,0.54,2023-11-14,847,N,VIIRS,n,2,297.6,2.89,D,0
31.26137,74.37421,330.24,0.35,0.57,2023-11-14,847,N,VIIRS,n,2,296.35,1.52,D,0
31.2622,73.62518,342.78,0.63,0.54,2023-11-14,847,N,VIIRS,n,2,296.82,7.8,D,0
31.26731,75.8811,347.18,0.43,0.62,2023-11-14,847,N,VIIRS,n,2,298.05,4.77,D,0
31.26892,73.71146,367,0.32,0.54,2023-11-14,847,N,VIIRS,h,2,299.03,5.6,D,0
31.27019,73.79418,342.68,0.32,0.55,2023-11-14,847,N,VIIRS,n,2,297.85,7.36,D,0
31.27045,73.79762,367,0.32,0.55,2023-11-14,847,N,VIIRS,h,2,302.7,7.36,D,0
31.27119,75.94123,342.91,0.43,0.62,2023-11-14,847,N,VIIRS,n,2,297.1,5.92,D,0
31.27149,75.94588,343.14,0.43,0.62,2023-11-14,847,N,VIIRS,n,2,297.2,8.35,D,0
31.27253,73.69225,343.72,0.64,0.54,2023-11-14,847,N,VIIRS,n,2,298.87,6.44,D,0
31.27423,75.69419,345.55,0.42,0.61,2023-11-14,847,N,VIIRS,n,2,297.87,3.56,D,0
31.27846,73.8351,333.91,0.32,0.55,2023-11-14,847,N,VIIRS,n,2,298.23,2.4,D,0
31.2852,73.72352,336.64,0.32,0.54,2023-11-14,847,N,VIIRS,n,2,297.56,2.19,D,0
31.29565,73.79158,341.5,0.32,0.55,2023-11-14,847,N,VIIRS,n,2,297.61,2.95,D,0
31.30609,75.22363,330.62,0.39,0.59,2023-11-14,847,N,VIIRS,n,2,297.36,2.1,D,0
31.30892,73.70048,331.37,0.32,0.54,2023-11-14,847,N,VIIRS,n,2,298.08,2.84,D,0
31.31398,73.69996,348.9,0.32,0.54,2023-11-14,847,N,VIIRS,n,2,299.15,2.84,D,0
31.32726,75.71702,331.47,0.42,0.61,2023-11-14,847,N,VIIRS,n,2,296.16,1.68,D,0
31.33617,73.91358,332.54,0.33,0.55,2023-11-14,847,N,VIIRS,n,2,298.6,2.43,D,0
31.33681,70.91917,330.02,0.44,0.46,2023-11-14,847,N,VIIRS,n,2,302.66,3.1,D,0
31.34599,73.73695,331.94,0.32,0.55,2023-11-14,847,N,VIIRS,n,2,298.03,2.81,D,0
31.3475,72.17086,333.6,0.52,0.5,2023-11-14,847,N,VIIRS,n,2,297.36,4.41,D,0
31.34775,73.73779,338.84,0.32,0.55,2023-11-14,847,N,VIIRS,n,2,298.02,3.23,D,0
31.349,73.70904,346.18,0.32,0.54,2023-11-14,847,N,VIIRS,n,2,299.1,3.17,D,0
31.35057,73.70995,340.52,0.32,0.54,2023-11-14,847,N,VIIRS,n,2,298.62,2.78,D,0
31.35109,72.44437,330.78,0.54,0.51,2023-11-14,847,N,VIIRS,n,2,297.34,5.49,D,0
31.35342,72.34512,350.51,0.53,0.5,2023-11-14,847,N,VIIRS,n,2,299.1,8.66,D,0
31.35723,72.17527,344,0.52,0.5,2023-11-14,847,N,VIIRS,n,2,298.18,6.89,D,0
31.36185,73.54601,329.8,0.62,0.54,2023-11-14,847,N,VIIRS,n,2,299.29,4.51,D,0
31.36582,73.53213,329.44,0.62,0.54,2023-11-14,847,N,VIIRS,n,2,298.17,2.81,D,0
31.36698,72.44702,345.77,0.54,0.51,2023-11-14,847,N,VIIRS,n,2,297.92,8.65,D,0
31.3736,74.68969,329.36,0.36,0.58,2023-11-14,847,N,VIIRS,n,2,298.21,1.37,D,0
31.37459,74.85714,334.24,0.37,0.58,2023-11-14,847,N,VIIRS,n,2,298.06,1.83,D,0
31.37538,72.43447,344.41,0.54,0.51,2023-11-14,847,N,VIIRS,n,2,297.67,6.89,D,0
31.37615,72.49827,338.54,0.54,0.51,2023-11-14,847,N,VIIRS,n,2,298.36,4.84,D,0
31.37926,72.37067,333.33,0.53,0.5,2023-11-14,847,N,VIIRS,n,2,298.28,2.55,D,0
31.38387,72.53246,331.19,0.54,0.51,2023-11-14,847,N,VIIRS,n,2,297.47,4.1,D,0
31.38393,70.82829,330.27,0.43,0.46,2023-11-14,847,N,VIIRS,n,2,301.59,2.13,D,0
31.39632,72.40315,346.94,0.53,0.5,2023-11-14,847,N,VIIRS,n,2,299.78,6.08,D,0
31.39779,72.15926,340.55,0.52,0.5,2023-11-14,847,N,VIIRS,n,2,299.51,8.02,D,0
31.40078,72.24302,348.16,0.52,0.5,2023-11-14,847,N,VIIRS,n,2,297.51,11.07,D,0
31.4044,72.23132,367,0.52,0.5,2023-11-14,847,N,VIIRS,h,2,299.42,10.85,D,0
31.40443,72.49497,335.9,0.54,0.51,2023-11-14,847,N,VIIRS,n,2,296.65,4.11,D,0
31.40542,72.24248,344.65,0.52,0.5,2023-11-14,847,N,VIIRS,n,2,297.68,12.77,D,0
31.41267,72.16866,337.82,0.52,0.5,2023-11-14,847,N,VIIRS,n,2,298.35,5.46,D,0
31.41918,73.62813,330.72,0.63,0.54,2023-11-14,847,N,VIIRS,n,2,299.84,5.02,D,0
31.42187,72.37142,347.2,0.53,0.5,2023-11-14,847,N,VIIRS,n,2,298.55,7.7,D,0
31.42431,72.50435,340.69,0.54,0.51,2023-11-14,847,N,VIIRS,n,2,298.08,7.24,D,0
31.4265,72.42272,335.28,0.54,0.51,2023-11-14,847,N,VIIRS,n,2,298,3.63,D,0
31.4385,75.38362,342.79,0.4,0.6,2023-11-14,847,N,VIIRS,n,2,296.98,5.28,D,0
31.44144,72.17643,342.4,0.52,0.5,2023-11-14,847,N,VIIRS,n,2,299.57,6.6,D,0
31.44196,72.18197,341.82,0.52,0.5,2023-11-14,847,N,VIIRS,n,2,299.83,6.6,D,0
31.4452,72.17934,367,0.52,0.5,2023-11-14,847,N,VIIRS,h,2,301.08,19.96,D,0
31.44945,72.41429,330.9,0.54,0.51,2023-11-14,847,N,VIIRS,n,2,297.52,2.86,D,0
31.4512,72.41203,330.1,0.54,0.51,2023-11-14,847,N,VIIRS,n,2,297.74,2.82,D,0
31.45192,73.61098,340.64,0.63,0.54,2023-11-14,847,N,VIIRS,n,2,300.3,4.54,D,0
31.4534,73.61099,340.04,0.63,0.54,2023-11-14,847,N,VIIRS,n,2,299.59,6.5,D,0
31.45367,72.51268,336.71,0.54,0.51,2023-11-14,847,N,VIIRS,n,2,297.49,4.58,D,0
31.45479,72.5106,340.2,0.54,0.51,2023-11-14,847,N,VIIRS,n,2,298.25,5.67,D,0
31.45837,72.22269,341.36,0.52,0.5,2023-11-14,847,N,VIIRS,n,2,298.94,5.64,D,0
31.46235,75.32095,334.3,0.4,0.6,2023-11-14,847,N,VIIRS,n,2,297.2,2.63,D,0
31.46424,73.80479,336.25,0.32,0.55,2023-11-14,847,N,VIIRS,n,2,298.09,2.56,D,0
31.46658,73.80463,340.05,0.32,0.55,2023-11-14,847,N,VIIRS,n,2,297.94,1.88,D,0
31.46959,73.98517,331.72,0.33,0.55,2023-11-14,847,N,VIIRS,n,2,297.67,1.47,D,0
31.47143,73.80063,335.58,0.32,0.55,2023-11-14,847,N,VIIRS,n,2,297.24,1.88,D,0
31.48357,72.24228,330.42,0.52,0.5,2023-11-14,847,N,VIIRS,n,2,299.32,2.68,D,0
31.48496,73.91216,345.04,0.33,0.55,2023-11-14,847,N,VIIRS,n,2,299.77,6.03,D,0
31.4894,73.83389,351.14,0.33,0.55,2023-11-14,847,N,VIIRS,n,2,297.93,4.5,D,0
31.49105,72.48881,334.68,0.54,0.51,2023-11-14,847,N,VIIRS,n,2,297.28,2.48,D,0
31.49356,72.14554,341.18,0.52,0.5,2023-11-14,847,N,VIIRS,n,2,300.94,4.83,D,0
31.4945,74.60384,335.85,0.36,0.57,2023-11-14,847,N,VIIRS,n,2,297.59,2.91,D,0
31.49649,72.22943,350.87,0.52,0.5,2023-11-14,847,N,VIIRS,n,2,298.19,12.67,D,0
31.50445,73.89597,339.51,0.33,0.55,2023-11-14,847,N,VIIRS,n,2,299.13,3.87,D,0
31.50584,72.17764,332.56,0.52,0.5,2023-11-14,847,N,VIIRS,n,2,297.75,5.08,D,0
31.51012,73.9025,331.22,0.33,0.55,2023-11-14,847,N,VIIRS,n,2,298.36,2.2,D,0
31.51399,72.26702,330.69,0.53,0.5,2023-11-14,847,N,VIIRS,n,2,297.95,2.16,D,0
31.51404,72.21606,341.46,0.52,0.5,2023-11-14,847,N,VIIRS,n,2,298.12,7.92,D,0
31.51434,73.69196,334,0.32,0.55,2023-11-14,847,N,VIIRS,n,2,299.02,2,D,0
31.52173,73.85175,351.16,0.33,0.55,2023-11-14,847,N,VIIRS,n,2,305.52,14.86,D,0
31.522,73.85526,340.98,0.33,0.55,2023-11-14,847,N,VIIRS,n,2,297.43,14.86,D,0
31.52418,73.88332,337.27,0.33,0.55,2023-11-14,847,N,VIIRS,n,2,299.61,2.99,D,0
31.52437,74.60992,341.66,0.36,0.58,2023-11-14,847,N,VIIRS,n,2,299.23,3.66,D,0
31.52486,72.23172,338.95,0.52,0.5,2023-11-14,847,N,VIIRS,n,2,297.82,9.63,D,0
31.52609,73.908,347.97,0.33,0.55,2023-11-14,847,N,VIIRS,n,2,299.15,3.28,D,0
31.52724,74.60867,344.63,0.36,0.57,2023-11-14,847,N,VIIRS,n,2,298.72,3.31,D,0
31.53102,72.14668,337.45,0.52,0.5,2023-11-14,847,N,VIIRS,n,2,300.04,7.26,D,0
31.53248,73.47976,338.84,0.62,0.54,2023-11-14,847,N,VIIRS,n,2,298.83,6.34,D,0
31.53282,73.48087,337.18,0.62,0.54,2023-11-14,847,N,VIIRS,n,2,298.81,5.54,D,0
31.53431,72.14906,336.25,0.52,0.5,2023-11-14,847,N,VIIRS,n,2,299.3,5.34,D,0
31.53777,72.37299,339.35,0.53,0.5,2023-11-14,847,N,VIIRS,n,2,298.01,4.04,D,0
31.54962,72.43859,333.8,0.54,0.51,2023-11-14,847,N,VIIRS,n,2,297.89,6.64,D,0
31.55289,72.43497,331.42,0.54,0.51,2023-11-14,847,N,VIIRS,n,2,297.67,3.23,D,0
31.56384,74.86987,353.19,0.38,0.58,2023-11-14,847,N,VIIRS,n,2,300.29,5.45,D,0
31.56761,70.66657,341.59,0.43,0.46,2023-11-14,847,N,VIIRS,n,2,303.14,4.02,D,0
31.56942,72.44793,340.42,0.54,0.51,2023-11-14,847,N,VIIRS,n,2,299.16,10.98,D,0
31.56969,72.51496,337.77,0.54,0.51,2023-11-14,847,N,VIIRS,n,2,297.23,4.5,D,0
31.57012,72.51237,334.72,0.55,0.51,2023-11-14,847,N,VIIRS,n,2,296.96,6.12,D,0
31.57277,72.44432,342.11,0.54,0.51,2023-11-14,847,N,VIIRS,n,2,298.73,6.81,D,0
31.58022,72.52551,342.61,0.55,0.51,2023-11-14,847,N,VIIRS,n,2,298.29,9.1,D,0
31.58056,72.52292,341.1,0.55,0.51,2023-11-14,847,N,VIIRS,n,2,298.47,10.11,D,0
31.5813,72.36526,348.01,0.53,0.5,2023-11-14,847,N,VIIRS,n,2,299.01,6.3,D,0
31.58842,74.67495,333.58,0.37,0.58,2023-11-14,847,N,VIIRS,n,2,298.3,4.25,D,0
31.58848,72.39335,341.08,0.54,0.51,2023-11-14,847,N,VIIRS,n,2,301.03,15.13,D,0
31.5887,74.67889,348.68,0.37,0.58,2023-11-14,847,N,VIIRS,n,2,298.19,4.25,D,0
31.58876,72.45151,340.16,0.54,0.51,2023-11-14,847,N,VIIRS,n,2,297.75,5.87,D,0
31.59953,72.14687,331.87,0.52,0.5,2023-11-14,847,N,VIIRS,n,2,298.89,5.01,D,0
31.6007,72.47939,338.98,0.54,0.51,2023-11-14,847,N,VIIRS,n,2,297.98,5.73,D,0
31.60221,72.49685,336.8,0.54,0.51,2023-11-14,847,N,VIIRS,n,2,297.27,4.71,D,0
31.6093,73.88467,338.66,0.33,0.55,2023-11-14,847,N,VIIRS,n,2,297.49,2.56,D,0
31.61074,72.21882,338.35,0.52,0.5,2023-11-14,847,N,VIIRS,n,2,297.64,3.92,D,0
31.6197,72.42455,332.34,0.54,0.51,2023-11-14,847,N,VIIRS,n,2,297.2,5.39,D,0
31.62912,74.60023,337.42,0.36,0.58,2023-11-14,847,N,VIIRS,n,2,299.23,2.68,D,0
31.63163,74.60002,334.28,0.36,0.58,2023-11-14,847,N,VIIRS,n,2,299.69,2.52,D,0
31.6414,74.65823,338,0.36,0.58,2023-11-14,847,N,VIIRS,n,2,298.35,2.51,D,0
31.64389,74.65807,340.66,0.37,0.58,2023-11-14,847,N,VIIRS,n,2,298.01,2.38,D,0
31.65053,72.45015,340.1,0.54,0.51,2023-11-14,847,N,VIIRS,n,2,298.97,18.73,D,0
31.65163,72.22313,343.42,0.53,0.5,2023-11-14,847,N,VIIRS,n,2,301.34,6.97,D,0
31.6536,72.22511,341.6,0.53,0.5,2023-11-14,847,N,VIIRS,n,2,300.69,8.82,D,0
31.66163,72.85188,342.38,0.57,0.52,2023-11-14,847,N,VIIRS,n,2,297.76,5.9,D,0
31.6668,72.28985,342.85,0.53,0.5,2023-11-14,847,N,VIIRS,n,2,298.49,4.61,D,0
31.67488,72.22037,335.01,0.53,0.5,2023-11-14,847,N,VIIRS,n,2,298.2,4.69,D,0
31.69689,74.6413,345.94,0.36,0.58,2023-11-14,847,N,VIIRS,n,2,298.46,4.69,D,0
31.71219,72.54128,332.56,0.55,0.51,2023-11-14,847,N,VIIRS,n,2,298.18,3.84,D,0
31.72403,72.62358,340.25,0.56,0.51,2023-11-14,847,N,VIIRS,n,2,299.08,15.87,D,0
31.72759,74.54418,334.53,0.36,0.57,2023-11-14,847,N,VIIRS,n,2,297.62,3.12,D,0
31.73042,73.43701,333.3,0.62,0.54,2023-11-14,847,N,VIIRS,n,2,298.29,5.79,D,0
31.73359,74.21387,367,0.34,0.56,2023-11-14,847,N,VIIRS,h,2,299.49,8.88,D,0
31.73474,72.31055,335.84,0.53,0.5,2023-11-14,847,N,VIIRS,n,2,298.07,3.62,D,0
31.73569,74.09869,331.01,0.34,0.56,2023-11-14,847,N,VIIRS,n,2,297.67,1.42,D,0
31.7357,72.37408,342.76,0.54,0.51,2023-11-14,847,N,VIIRS,n,2,301.29,14.8,D,0
31.73829,74.54321,331.63,0.36,0.57,2023-11-14,847,N,VIIRS,n,2,297.97,1.74,D,0
31.74255,72.29238,335.66,0.53,0.5,2023-11-14,847,N,VIIRS,n,2,298.08,9.52,D,0
31.74307,72.29807,341.38,0.53,0.5,2023-11-14,847,N,VIIRS,n,2,301.55,20.34,D,0
31.74878,72.30892,341.72,0.53,0.5,2023-11-14,847,N,VIIRS,n,2,300.95,11.23,D,0
31.75043,72.30745,331.77,0.53,0.5,2023-11-14,847,N,VIIRS,n,2,299.47,3.91,D,0
31.75049,74.37486,344.35,0.35,0.57,2023-11-14,847,N,VIIRS,n,2,298.66,2.33,D,0
31.75552,74.37057,329.3,0.35,0.57,2023-11-14,847,N,VIIRS,l,2,299.32,2.33,D,0
31.76068,72.233,333.7,0.53,0.5,2023-11-14,847,N,VIIRS,n,2,299.7,4.25,D,0
31.7628,72.23134,333.5,0.53,0.5,2023-11-14,847,N,VIIRS,n,2,299.38,4.2,D,0
31.76594,73.57466,341.36,0.63,0.54,2023-11-14,847,N,VIIRS,n,2,299.98,7.26,D,0
31.76718,73.57563,342.61,0.63,0.54,2023-11-14,847,N,VIIRS,n,2,299.75,5.39,D,0
31.76801,72.31244,330.47,0.53,0.5,2023-11-14,847,N,VIIRS,n,2,300.96,2.66,D,0
31.77868,73.28425,329.93,0.61,0.53,2023-11-14,847,N,VIIRS,n,2,300.4,2.3,D,0
31.79345,74.60012,348.86,0.36,0.58,2023-11-14,847,N,VIIRS,n,2,297.93,4.09,D,0
31.79895,73.96843,329.36,0.33,0.56,2023-11-14,847,N,VIIRS,n,2,298.3,2.1,D,0
31.80404,73.28818,333.89,0.61,0.53,2023-11-14,847,N,VIIRS,n,2,299.44,7.33,D,0
31.82716,73.32544,338.06,0.61,0.54,2023-11-14,847,N,VIIRS,n,2,297.92,3.82,D,0
31.83167,73.25891,340.18,0.61,0.53,2023-11-14,847,N,VIIRS,n,2,298.83,14.42,D,0
31.83199,73.25854,340.03,0.61,0.53,2023-11-14,847,N,VIIRS,n,2,299.55,10.49,D,0
31.83221,73.26543,332.63,0.61,0.53,2023-11-14,847,N,VIIRS,n,2,296.97,14.42,D,0
31.83249,73.26506,339.53,0.61,0.53,2023-11-14,847,N,VIIRS,n,2,297.03,9.4,D,0
31.83411,73.47218,331.11,0.62,0.54,2023-11-14,847,N,VIIRS,n,2,300.37,4.87,D,0
31.83663,73.2584,343.02,0.61,0.53,2023-11-14,847,N,VIIRS,n,2,300.41,14.42,D,0
31.83696,73.25803,341.71,0.61,0.53,2023-11-14,847,N,VIIRS,n,2,298.86,12.3,D,0
31.84156,73.38369,341.51,0.62,0.54,2023-11-14,847,N,VIIRS,n,2,299.75,8.32,D,0
31.84205,73.38384,341.66,0.62,0.54,2023-11-14,847,N,VIIRS,n,2,299.97,5.88,D,0
31.84687,74.47358,337.15,0.36,0.57,2023-11-14,847,N,VIIRS,n,2,296.2,1.86,D,0
31.8485,74.27016,334.49,0.35,0.57,2023-11-14,847,N,VIIRS,n,2,298.14,1.94,D,0
31.85027,74.7104,333.88,0.37,0.58,2023-11-14,847,N,VIIRS,n,2,298.4,1.72,D,0
31.85196,73.32247,336.84,0.61,0.54,2023-11-14,847,N,VIIRS,n,2,297.73,4.57,D,0
31.85206,73.32279,336.56,0.61,0.54,2023-11-14,847,N,VIIRS,n,2,297.49,3.15,D,0
31.85219,74.71026,333.47,0.37,0.58,2023-11-14,847,N,VIIRS,n,2,298.2,1.71,D,0
31.85538,73.30256,356.39,0.61,0.53,2023-11-14,847,N,VIIRS,n,2,299.61,16.27,D,0
31.85541,73.30219,357.08,0.61,0.53,2023-11-14,847,N,VIIRS,n,2,299.45,19.63,D,0
31.85766,73.20336,338.29,0.6,0.53,2023-11-14,847,N,VIIRS,n,2,298.7,8.68,D,0
31.85798,74.40283,335.97,0.35,0.57,2023-11-14,847,N,VIIRS,n,2,297.61,2.57,D,0
31.85853,73.02882,339.02,0.59,0.53,2023-11-14,847,N,VIIRS,n,2,298.03,5.31,D,0
31.86382,73.28148,332.26,0.61,0.53,2023-11-14,847,N,VIIRS,n,2,299.72,4.32,D,0
31.86622,74.59731,334.83,0.36,0.58,2023-11-14,847,N,VIIRS,n,2,296.39,3.14,D,0
31.86879,73.28096,347.89,0.61,0.53,2023-11-14,847,N,VIIRS,n,2,300.06,18.75,D,0
31.87117,75.26392,337.2,0.4,0.6,2023-11-14,847,N,VIIRS,n,2,297.89,3.7,D,0
31.87275,75.26311,339.06,0.4,0.6,2023-11-14,847,N,VIIRS,n,2,297.32,3.14,D,0
31.87569,74.27892,347.02,0.35,0.57,2023-11-14,847,N,VIIRS,n,2,300.38,3.34,D,0
31.87601,73.00138,348.57,0.59,0.53,2023-11-14,847,N,VIIRS,n,2,302.72,26.35,D,0
31.87685,74.83369,337.14,0.38,0.58,2023-11-14,847,N,VIIRS,n,2,297.13,2.8,D,0
31.89202,74.21319,328.7,0.35,0.56,2023-11-14,847,N,VIIRS,n,2,298.2,1.42,D,0
31.89544,74.33027,337.47,0.35,0.57,2023-11-14,847,N,VIIRS,n,2,297.26,2.5,D,0
31.90088,74.86439,367,0.38,0.59,2023-11-14,847,N,VIIRS,h,2,299.69,8.86,D,0
31.90746,73.64814,342.08,0.32,0.55,2023-11-14,847,N,VIIRS,n,2,298.14,4.03,D,0
31.91781,73.3289,343.59,0.61,0.54,2023-11-14,847,N,VIIRS,n,2,302.41,25.54,D,0
31.92908,74.64323,328.16,0.37,0.58,2023-11-14,847,N,VIIRS,n,2,296.41,1.57,D,0
31.93667,73.31361,332.49,0.61,0.54,2023-11-14,847,N,VIIRS,n,2,298.37,8.66,D,0
31.93721,73.32019,340.89,0.61,0.54,2023-11-14,847,N,VIIRS,n,2,299.97,13.6,D,0
31.93742,73.319,344.36,0.61,0.54,2023-11-14,847,N,VIIRS,n,2,300.78,20.27,D,0
31.94419,73.46736,336.11,0.63,0.54,2023-11-14,847,N,VIIRS,n,2,298.56,5.17,D,0
31.95093,73.36431,333.35,0.62,0.54,2023-11-14,847,N,VIIRS,n,2,297.61,4.64,D,0
31.95102,73.36549,330.71,0.62,0.54,2023-11-14,847,N,VIIRS,n,2,298.25,3.19,D,0
31.95853,73.46484,336.15,0.63,0.54,2023-11-14,847,N,VIIRS,n,2,297.71,8.38,D,0
31.95928,73.46581,336.97,0.63,0.54,2023-11-14,847,N,VIIRS,n,2,297.45,4.16,D,0
31.95929,73.27679,329.64,0.61,0.53,2023-11-14,847,N,VIIRS,n,2,298.2,2.35,D,0
31.96867,74.81335,355.74,0.38,0.58,2023-11-14,847,N,VIIRS,n,2,298.65,6.07,D,0
31.96915,74.81057,350.85,0.38,0.58,2023-11-14,847,N,VIIRS,n,2,298.15,4.2,D,0
31.96942,74.81464,333.45,0.38,0.58,2023-11-14,847,N,VIIRS,n,2,296.33,4.2,D,0
31.97042,73.35555,340.4,0.62,0.54,2023-11-14,847,N,VIIRS,n,2,298.63,3.56,D,0
31.97047,73.35679,338.36,0.62,0.54,2023-11-14,847,N,VIIRS,n,2,298.4,7.09,D,0
31.98219,75.09737,328.73,0.39,0.59,2023-11-14,847,N,VIIRS,n,2,296.25,1.53,D,0
31.98306,74.38425,328.69,0.35,0.57,2023-11-14,847,N,VIIRS,n,2,297.24,1.73,D,0
31.98572,73.29388,338.13,0.61,0.54,2023-11-14,847,N,VIIRS,n,2,297.99,5.66,D,0
31.98604,74.81723,367,0.38,0.58,2023-11-14,847,N,VIIRS,h,2,299.2,7.34,D,0
31.98837,74.38374,336.2,0.35,0.57,2023-11-14,847,N,VIIRS,n,2,297.09,1.73,D,0
32.00304,73.38575,345.37,0.62,0.54,2023-11-14,847,N,VIIRS,n,2,306.11,26.52,D,0
32.00805,73.38522,342.01,0.62,0.54,2023-11-14,847,N,VIIRS,n,2,298.15,26.52,D,0
32.02176,74.70028,337.44,0.37,0.58,2023-11-14,847,N,VIIRS,n,2,298.08,2.17,D,0
32.02235,72.39935,330.93,0.54,0.51,2023-11-14,847,N,VIIRS,n,2,298.24,4.32,D,0
32.02839,73.26282,334.46,0.61,0.53,2023-11-14,847,N,VIIRS,n,2,297.88,4.8,D,0
32.03111,72.44564,333.27,0.55,0.51,2023-11-14,847,N,VIIRS,n,2,299.54,3.24,D,0
32.0412,73.48354,328.95,0.63,0.54,2023-11-14,847,N,VIIRS,n,2,298.77,3.64,D,0
32.04248,74.57448,348.89,0.36,0.58,2023-11-14,847,N,VIIRS,n,2,298.23,4.01,D,0
32.0442,73.39494,339.89,0.62,0.54,2023-11-14,847,N,VIIRS,n,2,299.03,10.29,D,0
32.04529,74.57415,352.21,0.36,0.58,2023-11-14,847,N,VIIRS,n,2,298.08,4.37,D,0
32.06926,73.33666,334.23,0.62,0.54,2023-11-14,847,N,VIIRS,n,2,298.75,3.27,D,0
32.06984,73.33847,348.82,0.62,0.54,2023-11-14,847,N,VIIRS,n,2,299.09,10.88,D,0
32.07048,73.55436,340.5,0.64,0.54,2023-11-14,847,N,VIIRS,n,2,300.64,17.57,D,0
32.07193,73.54903,340.26,0.63,0.54,2023-11-14,847,N,VIIRS,n,2,298.76,7.13,D,0
32.07248,73.55586,340.23,0.64,0.54,2023-11-14,847,N,VIIRS,n,2,298.85,10.42,D,0
32.07426,73.33612,340.51,0.62,0.54,2023-11-14,847,N,VIIRS,n,2,298.43,13.85,D,0
32.07483,73.33794,349.64,0.62,0.54,2023-11-14,847,N,VIIRS,n,2,297.68,10.88,D,0
32.0754,73.41692,332.26,0.62,0.54,2023-11-14,847,N,VIIRS,n,2,300.29,4.37,D,0
32.0765,73.41862,333.04,0.62,0.54,2023-11-14,847,N,VIIRS,n,2,300.35,4.2,D,0
32.09471,72.35571,331.69,0.54,0.51,2023-11-14,847,N,VIIRS,n,2,299,3.06,D,0
32.09606,72.35347,332.33,0.54,0.51,2023-11-14,847,N,VIIRS,n,2,298.41,3.85,D,0
32.10082,73.35346,340.27,0.62,0.54,2023-11-14,847,N,VIIRS,n,2,299.3,7.71,D,0
32.10357,73.7241,336.05,0.33,0.55,2023-11-14,847,N,VIIRS,n,2,299.09,2.18,D,0
32.11135,73.35908,337.35,0.62,0.54,2023-11-14,847,N,VIIRS,n,2,298.47,5.52,D,0
32.11448,73.52913,330.02,0.63,0.54,2023-11-14,847,N,VIIRS,n,2,299.22,4.67,D,0
32.11713,75.30311,333.69,0.4,0.6,2023-11-14,847,N,VIIRS,n,2,296.64,2.95,D,0
32.11823,73.4465,335.82,0.63,0.54,2023-11-14,847,N,VIIRS,n,2,299.14,7.59,D,0
32.12113,73.68346,352.61,0.32,0.55,2023-11-14,847,N,VIIRS,n,2,299.97,6.15,D,0
32.1214,73.68697,348.92,0.32,0.55,2023-11-14,847,N,VIIRS,n,2,298.41,7.45,D,0
32.13601,73.28947,338.91,0.61,0.54,2023-11-14,847,N,VIIRS,n,2,297.36,5.75,D,0
32.13699,73.5562,356.8,0.32,0.54,2023-11-14,847,N,VIIRS,n,2,299.96,4.41,D,0
32.13726,73.55964,344.91,0.32,0.54,2023-11-14,847,N,VIIRS,n,2,298.49,4.96,D,0
32.14175,73.82011,356.6,0.33,0.55,2023-11-14,847,N,VIIRS,n,2,299.89,5.83,D,0
32.14202,73.82368,367,0.33,0.55,2023-11-14,847,N,VIIRS,h,2,299.68,5.83,D,0
32.15084,74.38675,367,0.36,0.57,2023-11-14,847,N,VIIRS,h,2,299.52,7.28,D,0
32.16589,73.59843,333.1,0.32,0.55,2023-11-14,847,N,VIIRS,n,2,299.2,2.4,D,0
32.16675,73.49516,329.51,0.63,0.54,2023-11-14,847,N,VIIRS,n,2,297.54,3.6,D,0
32.16793,73.49612,331.05,0.63,0.54,2023-11-14,847,N,VIIRS,n,2,297.23,4.92,D,0
32.17097,73.59792,331.49,0.32,0.55,2023-11-14,847,N,VIIRS,n,2,296.92,2.4,D,0
32.17341,70.37658,331.46,0.42,0.45,2023-11-14,847,N,VIIRS,n,2,299.95,1.6,D,0
32.1853,73.5219,332.47,0.63,0.54,2023-11-14,847,N,VIIRS,n,2,297.98,4.96,D,0
32.19491,73.83643,328.63,0.33,0.55,2023-11-14,847,N,VIIRS,n,2,298.79,9.12,D,0
32.19937,73.59052,352.03,0.32,0.55,2023-11-14,847,N,VIIRS,n,2,299.81,3.68,D,0
32.19979,73.83236,367,0.33,0.55,2023-11-14,847,N,VIIRS,h,2,303.5,11.07,D,0
32.20155,73.83143,367,0.33,0.55,2023-11-14,847,N,VIIRS,h,2,302.6,12.83,D,0
32.20181,73.83501,338.51,0.33,0.55,2023-11-14,847,N,VIIRS,n,2,296.89,11.39,D,0
32.20575,73.60731,330.63,0.32,0.55,2023-11-14,847,N,VIIRS,n,2,299.17,6.67,D,0
32.20601,73.61077,367,0.32,0.55,2023-11-14,847,N,VIIRS,h,2,304.6,6.67,D,0
32.21069,73.5372,338.69,0.32,0.54,2023-11-14,847,N,VIIRS,n,2,299.22,2.76,D,0
32.21775,73.63057,330.98,0.32,0.55,2023-11-14,847,N,VIIRS,n,2,297.6,1.23,D,0
32.22045,72.46253,340.44,0.55,0.51,2023-11-14,847,N,VIIRS,n,2,299.48,5.71,D,0
32.22396,72.39062,332.7,0.55,0.51,2023-11-14,847,N,VIIRS,n,2,298.62,4.04,D,0
32.2288,73.57357,337.4,0.32,0.55,2023-11-14,847,N,VIIRS,n,2,297.75,2.81,D,0
32.22906,73.57703,337.06,0.32,0.55,2023-11-14,847,N,VIIRS,n,2,296.93,3.53,D,0
32.22969,72.40181,339.77,0.55,0.51,2023-11-14,847,N,VIIRS,n,2,299.84,8.5,D,0
32.27644,74.44521,338.58,0.36,0.57,2023-11-14,847,N,VIIRS,n,2,297.89,4,D,0
32.36984,71.84076,337.61,0.51,0.49,2023-11-14,847,N,VIIRS,n,2,298.44,4.64,D,0
32.37965,73.6319,340.92,0.32,0.55,2023-11-14,847,N,VIIRS,n,2,296.88,4.09,D,0
32.37992,73.63539,350.15,0.32,0.55,2023-11-14,847,N,VIIRS,n,2,298.35,4.09,D,0
32.47233,74.81672,351.37,0.38,0.59,2023-11-14,847,N,VIIRS,n,2,298.11,3.86,D,0
32.47298,74.81701,352.15,0.38,0.59,2023-11-14,847,N,VIIRS,n,2,298.05,5.3,D,0
32.57714,74.65126,328.37,0.37,0.58,2023-11-14,847,N,VIIRS,n,2,295.7,2.21,D,0
32.57813,74.65051,327.71,0.37,0.58,2023-11-14,847,N,VIIRS,n,2,295.29,1.18,D,0
32.73357,74.50303,332.17,0.37,0.58,2023-11-14,847,N,VIIRS,n,2,296.65,2.15,D,0
32.75699,74.60618,336.65,0.37,0.58,2023-11-14,847,N,VIIRS,n,2,296.01,3.19,D,0
32.75727,74.61023,331.29,0.37,0.58,2023-11-14,847,N,VIIRS,n,2,296.34,4.2,D,0
32.80485,74.24922,340.86,0.35,0.57,2023-11-14,847,N,VIIRS,n,2,298.83,2.56,D,0
34.44818,73.66124,367,0.34,0.56,2023-11-14,848,N,VIIRS,h,2,302.96,7.08,D,0
35.48418,62.98824,337.17,0.38,0.36,2023-11-14,848,N,VIIRS,n,2,302.68,3.52,D,0
34.50963,73.32524,318.76,0.45,0.39,2023-11-14,2109,N,VIIRS,n,2,285.43,1.13,N,0
34.5106,73.32,295.15,0.45,0.39,2023-11-14,2109,N,VIIRS,n,2,284.4,1.13,N,0
34.51219,73.33131,298.32,0.45,0.39,2023-11-14,2109,N,VIIRS,n,2,283.28,0.55,N,0
34.51574,73.33203,296.93,0.45,0.39,2023-11-14,2109,N,VIIRS,n,2,282.99,0.55,N,0
31.09979,72.84174,299.75,0.47,0.4,2023-11-14,2110,N,VIIRS,n,2,285.2,0.68,N,0
31.1613,72.03453,296.5,0.44,0.38,2023-11-14,2110,N,VIIRS,n,2,285.09,0.52,N,0
31.65252,74.17538,315.66,0.53,0.42,2023-11-14,2110,N,VIIRS,n,2,287.27,2.59,N,0
31.65355,74.17793,315.93,0.53,0.42,2023-11-14,2110,N,VIIRS,n,2,287.71,2.73,N,0
32.08465,74.16507,299.83,0.52,0.42,2023-11-14,2110,N,VIIRS,n,2,286.86,1.25,N,2
32.08572,74.15958,303.8,0.52,0.42,2023-11-14,2110,N,VIIRS,n,2,286.51,1.25,N,2
32.0895,74.16061,320.63,0.52,0.42,2023-11-14,2110,N,VIIRS,n,2,287.36,1.25,N,2
32.29394,70.72982,310.19,0.4,0.37,2023-11-14,2110,N,VIIRS,n,2,289.46,1.48,N,2
32.57535,72.56631,304.15,0.44,0.39,2023-11-14,2110,N,VIIRS,n,2,290.71,0.91,N,2
32.72092,72.92231,298.53,0.45,0.39,2023-11-14,2110,N,VIIRS,n,2,285.11,0.59,N,2
32.88942,71.61968,303.84,0.41,0.37,2023-11-14,2110,N,VIIRS,n,2,287.79,0.73,N,2
32.89017,71.61537,304.03,0.41,0.37,2023-11-14,2110,N,VIIRS,n,2,289.24,0.73,N,2
33.54467,71.55224,307.99,0.4,0.37,2023-11-14,2110,N,VIIRS,n,2,285.26,1.02,N,2
33.54804,71.55305,295.08,0.4,0.37,2023-11-14,2110,N,VIIRS,n,2,284.94,0.5,N,2
33.68826,72.71521,295.51,0.44,0.38,2023-11-14,2110,N,VIIRS,n,2,284.79,0.4,N,2
33.68918,72.71286,300.81,0.43,0.38,2023-11-14,2110,N,VIIRS,n,2,287.16,0.94,N,2
33.80087,72.09736,301.8,0.42,0.37,2023-11-14,2110,N,VIIRS,n,2,286.76,0.77,N,0
33.80313,70.20094,312.26,0.39,0.36,2023-11-14,2110,N,VIIRS,n,2,279.86,1.29,N,0
33.82788,72.82926,298.75,0.44,0.38,2023-11-14,2110,N,VIIRS,n,2,284.48,0.44,N,2
33.84895,72.87367,304.27,0.44,0.38,2023-11-14,2110,N,VIIRS,n,2,285.3,1.24,N,0
33.90385,71.91547,297.84,0.41,0.37,2023-11-14,2110,N,VIIRS,n,2,287.15,0.51,N,2
27.82297,73.22535,301.96,0.55,0.43,2023-11-14,2111,N,VIIRS,n,2,289.1,1.06,N,0
27.9001,69.5279,303.54,0.4,0.37,2023-11-14,2111,N,VIIRS,n,2,287.09,0.38,N,0
28.2398,76.77536,331.51,0.58,0.52,2023-11-14,2111,N,VIIRS,n,2,285.42,3.81,N,0
28.24424,76.77741,304.42,0.57,0.52,2023-11-14,2111,N,VIIRS,n,2,284.59,1.1,N,0
28.24451,76.77673,300.04,0.58,0.52,2023-11-14,2111,N,VIIRS,n,2,284.86,0.68,N,0
28.42548,69.70105,311.52,0.4,0.37,2023-11-14,2111,N,VIIRS,n,2,289.33,0.88,N,2
28.60697,68.63297,299.66,0.39,0.36,2023-11-14,2111,N,VIIRS,n,2,288.28,0.4,N,0
28.61027,68.63364,301.98,0.39,0.36,2023-11-14,2111,N,VIIRS,n,2,289.31,0.4,N,0
28.66498,77.01487,297.55,0.58,0.52,2023-11-14,2111,N,VIIRS,n,2,286.67,0.99,N,0
28.69607,77.6311,299.51,0.63,0.54,2023-11-14,2111,N,VIIRS,n,2,286.24,0.45,N,0
29.12595,75.77905,297.91,0.48,0.48,2023-11-14,2111,N,VIIRS,n,2,287.74,1.18,N,2
29.38547,68.0764,301.65,0.38,0.36,2023-11-14,2111,N,VIIRS,n,2,285.98,0.56,N,0
29.49123,71.63505,307.58,0.44,0.39,2023-11-14,2111,N,VIIRS,n,2,287.26,1.2,N,0
29.89709,70.00607,333.16,0.4,0.37,2023-11-14,2111,N,VIIRS,n,2,286.15,3.54,N,0
29.90825,74.95248,297.88,0.42,0.45,2023-11-14,2111,N,VIIRS,n,2,287.71,0.71,N,2
30.37258,71.6675,298.03,0.44,0.38,2023-11-14,2111,N,VIIRS,n,2,286.9,0.4,N,0
24.65739,73.87664,300.43,0.46,0.47,2023-11-14,2112,N,VIIRS,n,2,289.4,0.95,N,0
24.65941,74.63199,298.94,0.51,0.49,2023-11-14,2112,N,VIIRS,n,2,288.59,2.64,N,2
24.66245,74.63651,305.64,0.51,0.49,2023-11-14,2112,N,VIIRS,n,2,291.46,1.35,N,2
24.6893,73.00204,312.47,0.41,0.45,2023-11-14,2112,N,VIIRS,n,2,292.18,1.52,N,2
24.78095,67.35796,304.24,0.38,0.36,2023-11-14,2112,N,VIIRS,n,2,292.43,0.58,N,0
24.80582,67.15648,302.98,0.38,0.36,2023-11-14,2112,N,VIIRS,n,2,292.95,0.23,N,0
24.82109,67.31814,315.02,0.38,0.36,2023-11-14,2112,N,VIIRS,n,2,292.48,1.01,N,0
24.82245,73.09447,307.86,0.41,0.45,2023-11-14,2112,N,VIIRS,n,2,293.02,1.33,N,2
24.93412,74.63354,302.71,0.5,0.49,2023-11-14,2112,N,VIIRS,n,2,290.19,0.81,N,2
24.99979,66.95351,301.97,0.38,0.36,2023-11-14,2112,N,VIIRS,n,2,290.21,0.53,N,0
25.05126,67.49267,313.55,0.38,0.36,2023-11-14,2112,N,VIIRS,n,2,293.78,1.2,N,2
25.15844,66.78288,307.56,0.39,0.36,2023-11-14,2112,N,VIIRS,n,2,295.11,1.37,N,2
25.18857,68.59082,302.64,0.39,0.37,2023-11-14,2112,N,VIIRS,n,2,287.94,0.24,N,0
25.39952,68.56673,301.9,0.39,0.36,2023-11-14,2112,N,VIIRS,n,2,289.11,0.83,N,2
25.73263,73.27077,307.92,0.4,0.44,2023-11-14,2112,N,VIIRS,n,2,287.89,0.65,N,0
25.79499,68.69891,303.67,0.39,0.36,2023-11-14,2112,N,VIIRS,n,2,289.22,0.7,N,2
25.82929,68.53318,297.46,0.39,0.36,2023-11-14,2112,N,VIIRS,n,2,287.46,0.17,N,0
26.09482,68.87852,306.13,0.4,0.37,2023-11-14,2112,N,VIIRS,n,2,290.27,0.65,N,2
26.23734,73.03539,320.79,0.38,0.43,2023-11-14,2112,N,VIIRS,n,2,289.03,1.34,N,0
26.23809,73.03157,302.57,0.38,0.43,2023-11-14,2112,N,VIIRS,n,2,288.17,1.34,N,0
26.25679,74.09568,300.4,0.44,0.46,2023-11-14,2112,N,VIIRS,n,2,289.38,0.89,N,0
26.31297,72.90051,309.58,0.56,0.43,2023-11-14,2112,N,VIIRS,n,2,288.95,1.52,N,0
26.60523,73.68546,300.24,0.41,0.45,2023-11-14,2112,N,VIIRS,n,2,288.91,0.55,N,2
23.68951,68.83199,299.98,0.41,0.37,2023-11-14,2113,N,VIIRS,n,2,289.81,0.66,N,0
37.02893,62.42193,297.25,0.7,0.75,2023-11-14,2249,N,VIIRS,n,2,280.76,8.77,N,2
23.84065,74.13412,332.53,0.45,0.39,2023-11-15,826,N,VIIRS,n,2,304.27,2.35,D,0
24.16306,68.43157,335.59,0.42,0.38,2023-11-15,826,N,VIIRS,l,2,310.13,5.41,D,0
24.33217,74.52626,330.39,0.48,0.4,2023-11-15,826,N,VIIRS,n,2,304.8,2.25,D,0
24.42476,69.01521,333.04,0.4,0.37,2023-11-15,826,N,VIIRS,l,2,303.36,1.78,D,0
24.70653,69.26534,334.36,0.4,0.37,2023-11-15,826,N,VIIRS,n,2,307,3.48,D,0
24.70725,74.18214,333.95,0.46,0.39,2023-11-15,826,N,VIIRS,n,2,304.27,2.64,D,0
24.8255,68.04918,335.72,0.43,0.38,2023-11-15,826,N,VIIRS,n,2,304.96,9.95,D,0
24.82897,68.04847,349.5,0.43,0.38,2023-11-15,826,N,VIIRS,n,2,308.72,9.95,D,0
24.84439,68.05029,335.91,0.43,0.38,2023-11-15,826,N,VIIRS,n,2,307.79,2.11,D,0
24.88139,71.55714,338.26,0.39,0.36,2023-11-15,826,N,VIIRS,n,2,309.03,3.45,D,0
24.90751,77.14388,341.86,0.45,0.47,2023-11-15,826,N,VIIRS,n,2,303.24,2.6,D,0
24.97678,71.79015,335.33,0.39,0.36,2023-11-15,826,N,VIIRS,n,2,310.24,1.67,D,0
24.98226,66.91436,341.71,0.47,0.4,2023-11-15,826,N,VIIRS,n,2,308.09,3.89,D,0
24.99677,69.36696,334.9,0.39,0.36,2023-11-15,826,N,VIIRS,n,2,307.86,1.82,D,0
25.05449,68.50008,333.92,0.41,0.37,2023-11-15,826,N,VIIRS,n,2,302.45,5.12,D,0
25.08825,77.16441,333.63,0.45,0.47,2023-11-15,826,N,VIIRS,n,2,305.15,1.71,D,0
25.15921,66.74647,335.78,0.48,0.4,2023-11-15,826,N,VIIRS,n,2,307.92,1.86,D,0
25.16005,66.75124,340.17,0.48,0.4,2023-11-15,826,N,VIIRS,n,2,309.99,5.43,D,0
25.25817,77.79793,332.19,0.5,0.49,2023-11-15,826,N,VIIRS,n,2,300.06,2.76,D,0
25.28024,67.57141,333.19,0.44,0.38,2023-11-15,826,N,VIIRS,n,2,304.34,1.41,D,0
25.28188,69.07462,335.43,0.4,0.37,2023-11-15,826,N,VIIRS,n,2,304.75,2.54,D,0
25.40456,72.59866,334.63,0.41,0.37,2023-11-15,826,N,VIIRS,n,2,307.93,1.73,D,0
25.55165,69.05851,332.63,0.4,0.37,2023-11-15,826,N,VIIRS,n,2,302.37,1.73,D,0
26.12934,75.54026,330.5,0.56,0.43,2023-11-15,826,N,VIIRS,n,2,300.74,2.6,D,0
26.13098,75.53846,334.43,0.56,0.43,2023-11-15,826,N,VIIRS,n,2,303.61,2.02,D,0
25.15872,66.74846,348.24,0.48,0.4,2023-11-15,827,N,VIIRS,n,2,310.67,6.56,D,0
25.54786,68.53747,340.95,0.41,0.37,2023-11-15,827,N,VIIRS,n,2,300.15,3.43,D,0
25.55315,69.05848,335.04,0.4,0.37,2023-11-15,827,N,VIIRS,n,2,302.68,3.17,D,0
25.58956,68.6002,333.09,0.41,0.37,2023-11-15,827,N,VIIRS,n,2,302.57,4.79,D,0
25.61188,68.6082,330.88,0.41,0.37,2023-11-15,827,N,VIIRS,n,2,302.63,2.38,D,0
25.6441,68.67632,339.36,0.4,0.37,2023-11-15,827,N,VIIRS,n,2,301.76,7.23,D,0
25.67721,68.89982,335.03,0.4,0.37,2023-11-15,827,N,VIIRS,n,2,302.56,3.3,D,0
25.88566,70.10859,336.77,0.38,0.36,2023-11-15,827,N,VIIRS,n,2,310.94,2.08,D,0
25.88625,70.1124,355.58,0.38,0.36,2023-11-15,827,N,VIIRS,n,2,314.36,4.93,D,0
25.88684,70.11623,335.09,0.38,0.36,2023-11-15,827,N,VIIRS,l,2,309.95,4.93,D,0
25.88897,70.10796,336.51,0.38,0.36,2023-11-15,827,N,VIIRS,n,2,310.85,2.15,D,0
25.88955,70.11179,346.42,0.38,0.36,2023-11-15,827,N,VIIRS,n,2,313.79,5.84,D,0
26.09371,68.96139,333.28,0.4,0.37,2023-11-15,827,N,VIIRS,n,2,303.69,2.07,D,0
26.15292,66.32213,334.96,0.49,0.4,2023-11-15,827,N,VIIRS,n,2,307.29,1.88,D,0
26.22717,67.23781,344.37,0.44,0.39,2023-11-15,827,N,VIIRS,n,2,306.29,4.15,D,0
26.22986,67.23829,346.52,0.44,0.39,2023-11-15,827,N,VIIRS,n,2,308.25,9.48,D,0
26.37294,68.067,340.43,0.41,0.37,2023-11-15,827,N,VIIRS,n,2,301.77,3.63,D,0
26.38165,68.01388,341.7,0.42,0.37,2023-11-15,827,N,VIIRS,n,2,304.29,6.1,D,0
26.52007,68.0629,331.24,0.41,0.37,2023-11-15,827,N,VIIRS,n,2,300.81,1.07,D,0
26.88214,68.94546,334.62,0.39,0.36,2023-11-15,827,N,VIIRS,n,2,304.69,2.82,D,0
27.02154,69.01097,334.59,0.39,0.36,2023-11-15,827,N,VIIRS,n,2,305.81,1.73,D,0
27.34609,68.46,330.68,0.4,0.37,2023-11-15,827,N,VIIRS,n,2,300.53,1.8,D,0
27.37657,70.89713,331.29,0.39,0.36,2023-11-15,827,N,VIIRS,n,2,304.13,0.98,D,0
27.519,68.33796,333.61,0.4,0.37,2023-11-15,827,N,VIIRS,n,2,304.09,1.4,D,0
27.64417,68.45867,335.07,0.4,0.37,2023-11-15,827,N,VIIRS,n,2,299.44,2.72,D,0
27.96618,69.54684,330.89,0.38,0.36,2023-11-15,827,N,VIIRS,n,2,299.72,2.44,D,0
27.96647,67.57234,346.14,0.42,0.37,2023-11-15,827,N,VIIRS,n,2,306.71,10.99,D,0
28.01326,69.65389,332.39,0.38,0.36,2023-11-15,827,N,VIIRS,n,2,300.2,2.85,D,0
28.06792,72.60201,331.45,0.43,0.38,2023-11-15,827,N,VIIRS,n,2,304.47,1.83,D,0
28.55993,77.66727,336.88,0.53,0.5,2023-11-15,827,N,VIIRS,n,2,298.52,5.01,D,0
28.81349,77.52576,341.42,0.53,0.5,2023-11-15,827,N,VIIRS,n,2,300.08,12.54,D,0
28.87554,70.77496,332.94,0.39,0.36,2023-11-15,827,N,VIIRS,n,2,301.07,2.31,D,0
28.91079,76.46573,336.96,0.46,0.47,2023-11-15,827,N,VIIRS,n,2,299.62,3.37,D,0
28.95514,70.53033,333.65,0.39,0.36,2023-11-15,827,N,VIIRS,n,2,304.23,1.54,D,0
29.0091,76.69176,338.32,0.47,0.48,2023-11-15,827,N,VIIRS,n,2,298.9,3.73,D,0
29.00938,76.34467,330.89,0.45,0.47,2023-11-15,827,N,VIIRS,n,2,297.36,2.86,D,0
29.12856,71.06173,333.45,0.4,0.37,2023-11-15,827,N,VIIRS,n,2,300.51,1.52,D,0
29.17141,76.05262,340.66,0.43,0.46,2023-11-15,827,N,VIIRS,n,2,301.65,11.99,D,0
29.17336,76.05613,340.55,0.43,0.46,2023-11-15,827,N,VIIRS,n,2,298.67,15.54,D,0
29.17567,76.05206,345.84,0.43,0.46,2023-11-15,827,N,VIIRS,n,2,303.14,11.99,D,0
29.19759,73.4947,342.2,0.48,0.4,2023-11-15,827,N,VIIRS,n,2,301.15,3.5,D,0
29.20938,70.9678,332.87,0.4,0.37,2023-11-15,827,N,VIIRS,n,2,301.1,2.45,D,0
29.21848,73.52497,332.8,0.48,0.4,2023-11-15,827,N,VIIRS,l,2,303.3,2.44,D,0
29.22068,70.99921,331.68,0.4,0.37,2023-11-15,827,N,VIIRS,n,2,300.24,2.01,D,0
29.23197,73.54317,336.43,0.48,0.4,2023-11-15,827,N,VIIRS,n,2,303.41,5.08,D,0
29.24058,73.552,331.97,0.48,0.4,2023-11-15,827,N,VIIRS,n,2,300.96,1.82,D,0
29.24906,71.404,335.83,0.41,0.37,2023-11-15,827,N,VIIRS,n,2,303.55,3.75,D,0
29.2831,73.62209,330.18,0.49,0.4,2023-11-15,827,N,VIIRS,n,2,299.08,1.72,D,0
29.28648,75.67591,346.72,0.42,0.45,2023-11-15,827,N,VIIRS,n,2,302.51,4.83,D,0
29.28989,70.53021,330.47,0.39,0.36,2023-11-15,827,N,VIIRS,n,2,299.84,2.18,D,0
29.31188,71.50924,336.45,0.41,0.37,2023-11-15,827,N,VIIRS,n,2,301.85,3.41,D,0
29.33677,71.436,339.12,0.41,0.37,2023-11-15,827,N,VIIRS,n,2,301.29,5.65,D,0
29.34019,73.65442,333.65,0.49,0.4,2023-11-15,827,N,VIIRS,n,2,299.68,3.12,D,0
29.34093,73.7843,338.81,0.5,0.41,2023-11-15,827,N,VIIRS,n,2,302.65,6.38,D,0
29.35294,73.94628,332.46,0.51,0.41,2023-11-15,827,N,VIIRS,n,2,300.13,1.17,D,0
29.35357,73.95152,346.31,0.51,0.41,2023-11-15,827,N,VIIRS,n,2,301.36,9.12,D,0
29.35721,73.69543,349.55,0.49,0.41,2023-11-15,827,N,VIIRS,n,2,304.08,10.72,D,0
29.36155,73.69995,335.38,0.49,0.41,2023-11-15,827,N,VIIRS,n,2,302.57,6.44,D,0
29.36589,73.70447,337.61,0.49,0.41,2023-11-15,827,N,VIIRS,n,2,305.18,9.02,D,0
29.3664,73.74087,336.41,0.5,0.41,2023-11-15,827,N,VIIRS,n,2,300.42,3.4,D,0
29.37314,75.6078,334.18,0.41,0.45,2023-11-15,827,N,VIIRS,n,2,300.48,1.41,D,0
29.39058,74.01278,333.51,0.51,0.41,2023-11-15,827,N,VIIRS,n,2,301,4.56,D,0
29.39276,73.93206,338.15,0.51,0.41,2023-11-15,827,N,VIIRS,n,2,300.83,3.57,D,0
29.40023,73.96297,336.02,0.51,0.41,2023-11-15,827,N,VIIRS,n,2,301.51,4.33,D,0
29.40156,73.94137,332.26,0.51,0.41,2023-11-15,827,N,VIIRS,n,2,302.05,3.41,D,0
29.44564,74.05299,343.25,0.51,0.41,2023-11-15,827,N,VIIRS,n,2,309.72,36.21,D,0
29.44627,74.05832,334.69,0.51,0.41,2023-11-15,827,N,VIIRS,n,2,301.84,17.04,D,0
29.46279,74.03416,345.75,0.51,0.41,2023-11-15,827,N,VIIRS,n,2,301.75,7.71,D,0
29.46659,74.03357,344.07,0.51,0.41,2023-11-15,827,N,VIIRS,n,2,302.16,11.68,D,0
29.46914,74.08744,341.05,0.52,0.41,2023-11-15,827,N,VIIRS,n,2,314.42,50.72,D,0
29.47296,74.08686,342.13,0.52,0.41,2023-11-15,827,N,VIIRS,n,2,301.38,13.74,D,0
29.47359,74.09221,347.13,0.52,0.41,2023-11-15,827,N,VIIRS,n,2,302.97,13.74,D,0
29.48044,74.41847,332.95,0.54,0.42,2023-11-15,827,N,VIIRS,n,2,300.48,5.28,D,0
29.48322,71.58795,343.58,0.41,0.37,2023-11-15,827,N,VIIRS,n,2,306.39,5.88,D,0
29.49597,74.18186,332.18,0.52,0.42,2023-11-15,827,N,VIIRS,n,2,299.35,2.18,D,0
29.4972,74.12683,336.48,0.52,0.41,2023-11-15,827,N,VIIRS,n,2,301.46,4.3,D,0
29.50978,75.1958,336.79,0.39,0.44,2023-11-15,827,N,VIIRS,n,2,300.47,2.9,D,0
29.51046,75.19563,331.49,0.39,0.44,2023-11-15,827,N,VIIRS,n,2,300.1,1.91,D,0
29.5149,74.1602,338.89,0.52,0.42,2023-11-15,827,N,VIIRS,n,2,300.73,3.92,D,0
29.51597,75.24476,343.4,0.4,0.44,2023-11-15,827,N,VIIRS,n,2,305.41,7.14,D,0
29.51729,76.72332,336.41,0.48,0.48,2023-11-15,827,N,VIIRS,n,2,301.94,3.13,D,0
29.51895,74.9021,332.9,0.57,0.43,2023-11-15,827,N,VIIRS,n,2,301.44,4.73,D,0
29.51905,75.24443,346.94,0.4,0.44,2023-11-15,827,N,VIIRS,n,2,302.88,14.12,D,0
29.52005,75.24418,336.74,0.4,0.44,2023-11-15,827,N,VIIRS,n,2,300.7,7.14,D,0
29.52017,74.9501,338.31,0.57,0.43,2023-11-15,827,N,VIIRS,n,2,300.71,5,D,0
29.52618,74.22472,339.33,0.53,0.42,2023-11-15,827,N,VIIRS,n,2,301.21,8.37,D,0
29.52681,71.76553,330.4,0.42,0.37,2023-11-15,827,N,VIIRS,n,2,302.33,2.35,D,0
29.53244,74.59383,335.16,0.55,0.43,2023-11-15,827,N,VIIRS,n,2,301.6,4.93,D,0
29.53326,74.21812,342.99,0.52,0.42,2023-11-15,827,N,VIIRS,n,2,300.41,4.85,D,0
29.53374,74.57053,334.73,0.55,0.42,2023-11-15,827,N,VIIRS,n,2,303.3,5.88,D,0
29.53832,71.6932,334.49,0.42,0.37,2023-11-15,827,N,VIIRS,n,2,302.15,1.63,D,0
29.53896,75.80389,337.11,0.42,0.46,2023-11-15,827,N,VIIRS,n,2,302.7,2.97,D,0
29.54743,71.60413,336.72,0.41,0.37,2023-11-15,827,N,VIIRS,n,2,304.73,8.87,D,0
29.54998,74.50493,333.74,0.54,0.42,2023-11-15,827,N,VIIRS,n,2,301.06,3.37,D,0
29.5503,74.50849,335.97,0.54,0.42,2023-11-15,827,N,VIIRS,n,2,300.47,6.14,D,0
29.5598,75.64121,336.93,0.42,0.45,2023-11-15,827,N,VIIRS,n,2,302.74,4.02,D,0
29.56041,75.64164,341.82,0.42,0.45,2023-11-15,827,N,VIIRS,n,2,302.43,3.54,D,0
29.56463,74.25227,338.01,0.53,0.42,2023-11-15,827,N,VIIRS,n,2,302.98,26.57,D,0
29.56595,74.22984,343.55,0.53,0.42,2023-11-15,827,N,VIIRS,n,2,301.78,16.61,D,0
29.57043,74.23472,339.4,0.53,0.42,2023-11-15,827,N,VIIRS,n,2,305.27,16.61,D,0
29.57107,74.24017,340.13,0.53,0.42,2023-11-15,827,N,VIIRS,n,2,310.94,49.81,D,0
29.57195,74.45388,332.58,0.54,0.42,2023-11-15,827,N,VIIRS,n,2,300.83,3.56,D,0
29.57585,74.4533,330.89,0.54,0.42,2023-11-15,827,N,VIIRS,n,2,298.76,3.31,D,0
29.58046,74.42416,335.92,0.54,0.42,2023-11-15,827,N,VIIRS,n,2,303.32,5.23,D,0
29.58051,75.59063,341.47,0.41,0.45,2023-11-15,827,N,VIIRS,n,2,302.53,4.88,D,0
29.58436,74.42359,335.27,0.54,0.42,2023-11-15,827,N,VIIRS,n,2,303.45,5.23,D,0
29.58543,74.5378,332.51,0.55,0.42,2023-11-15,827,N,VIIRS,n,2,301.62,14.83,D,0
29.5855,74.50331,343.7,0.54,0.42,2023-11-15,827,N,VIIRS,n,2,305.66,26.73,D,0
29.58671,74.54915,339.58,0.55,0.42,2023-11-15,827,N,VIIRS,n,2,309.49,69.01,D,0
29.58942,74.50273,338.52,0.54,0.42,2023-11-15,827,N,VIIRS,n,2,299.53,8.16,D,0
29.59073,75.88729,334.86,0.43,0.46,2023-11-15,827,N,VIIRS,n,2,300.61,2.2,D,0
29.59192,74.55991,334.73,0.55,0.42,2023-11-15,827,N,VIIRS,n,2,300.7,4,D,0
29.59383,75.63708,342.58,0.42,0.45,2023-11-15,827,N,VIIRS,n,2,307.46,16.3,D,0
29.59676,74.2252,330.56,0.53,0.42,2023-11-15,827,N,VIIRS,l,2,300.96,2.93,D,0
29.60187,74.43805,343.7,0.54,0.42,2023-11-15,827,N,VIIRS,n,2,304.53,15.91,D,0
29.60248,74.47791,331.47,0.54,0.42,2023-11-15,827,N,VIIRS,l,2,302,2.96,D,0
29.60429,75.34196,354.46,0.4,0.44,2023-11-15,827,N,VIIRS,n,2,298.79,7.51,D,0
29.6045,74.35834,333.34,0.53,0.42,2023-11-15,827,N,VIIRS,n,2,301.41,3,D,0
29.60773,74.38611,347.52,0.54,0.42,2023-11-15,827,N,VIIRS,n,2,305.08,22.44,D,0
29.6109,76.20016,340.96,0.45,0.47,2023-11-15,827,N,VIIRS,n,2,301.4,3.53,D,0
29.61486,74.4134,341.06,0.54,0.42,2023-11-15,827,N,VIIRS,n,2,301.98,3.89,D,0
29.62267,74.51507,340.78,0.54,0.42,2023-11-15,827,N,VIIRS,n,2,302.04,6.21,D,0
29.62395,74.42341,339.03,0.54,0.42,2023-11-15,827,N,VIIRS,n,2,303.86,6.97,D,0
29.62785,74.42283,340.2,0.54,0.42,2023-11-15,827,N,VIIRS,n,2,300.83,5.31,D,0
29.64165,75.64823,334.96,0.42,0.45,2023-11-15,827,N,VIIRS,n,2,300.07,3.12,D,0
29.64347,75.58641,343.7,0.41,0.45,2023-11-15,827,N,VIIRS,n,2,309.93,27.74,D,0
29.64436,76.35041,334.04,0.46,0.47,2023-11-15,827,N,VIIRS,n,2,302.25,3.35,D,0
29.65996,75.98425,330.95,0.44,0.46,2023-11-15,827,N,VIIRS,n,2,301.95,2.16,D,0
29.66872,75.70219,334.23,0.42,0.45,2023-11-15,827,N,VIIRS,n,2,303.39,1.91,D,0
29.66883,75.69877,332.58,0.42,0.45,2023-11-15,827,N,VIIRS,n,2,303.36,3.84,D,0
29.68207,75.49917,340.45,0.41,0.45,2023-11-15,827,N,VIIRS,n,2,303.59,3.38,D,0
29.68229,76.0323,341.03,0.44,0.46,2023-11-15,827,N,VIIRS,n,2,301.91,3.53,D,0
29.69233,75.63791,344.45,0.42,0.45,2023-11-15,827,N,VIIRS,n,2,301.29,4.37,D,0
29.69451,75.49746,341.4,0.41,0.45,2023-11-15,827,N,VIIRS,n,2,304.55,4.75,D,0
29.69707,76.04896,341.67,0.44,0.46,2023-11-15,827,N,VIIRS,n,2,306.66,16.43,D,0
29.7086,75.63127,343.35,0.42,0.45,2023-11-15,827,N,VIIRS,n,2,304.33,4.04,D,0
29.71199,75.787,340.74,0.43,0.46,2023-11-15,827,N,VIIRS,n,2,304.37,3.73,D,0
29.71801,75.52033,330.14,0.41,0.45,2023-11-15,827,N,VIIRS,n,2,298.9,1.04,D,0
29.72126,76.19646,331.08,0.45,0.47,2023-11-15,827,N,VIIRS,n,2,302.91,2.26,D,0
29.7229,76.19788,333.03,0.45,0.47,2023-11-15,827,N,VIIRS,n,2,302.03,1.61,D,0
29.7271,76.10741,331.45,0.44,0.46,2023-11-15,827,N,VIIRS,n,2,302.37,1.82,D,0
29.72724,75.52779,340.93,0.41,0.45,2023-11-15,827,N,VIIRS,n,2,302.08,2.52,D,0
29.73042,75.40191,353.52,0.41,0.45,2023-11-15,827,N,VIIRS,n,2,301.68,9.57,D,0
29.73358,75.35442,341.65,0.4,0.44,2023-11-15,827,N,VIIRS,n,2,304.2,14.28,D,0
29.73925,75.72047,332.71,0.42,0.45,2023-11-15,827,N,VIIRS,n,2,301.74,1.48,D,0
29.75358,75.53731,332.41,0.41,0.45,2023-11-15,827,N,VIIRS,n,2,300.1,1.49,D,0
29.75721,75.49323,340.43,0.41,0.45,2023-11-15,827,N,VIIRS,n,2,301.15,3.86,D,0
29.75929,75.99564,333.63,0.44,0.46,2023-11-15,827,N,VIIRS,n,2,302.55,2.61,D,0
29.76184,75.56734,341.27,0.42,0.45,2023-11-15,827,N,VIIRS,n,2,303.47,3.25,D,0
29.76433,75.59724,332.4,0.42,0.45,2023-11-15,827,N,VIIRS,n,2,303.83,1.39,D,0
29.76927,75.84274,332.49,0.43,0.46,2023-11-15,827,N,VIIRS,n,2,300.55,1.75,D,0
29.77042,75.36667,333.04,0.4,0.45,2023-11-15,827,N,VIIRS,n,2,303.88,1.72,D,0
29.7733,75.59656,340.9,0.42,0.45,2023-11-15,827,N,VIIRS,n,2,304.35,7.68,D,0
29.77747,75.59599,340.76,0.42,0.45,2023-11-15,827,N,VIIRS,n,2,302.56,7.68,D,0
29.7796,75.81865,334.92,0.43,0.46,2023-11-15,827,N,VIIRS,n,2,300.61,2.78,D,0
29.78475,75.75093,334.6,0.43,0.46,2023-11-15,827,N,VIIRS,n,2,299.5,3.73,D,0
29.78513,75.75018,340.84,0.42,0.46,2023-11-15,827,N,VIIRS,n,2,300.99,4.32,D,0
29.78591,76.00143,342.08,0.44,0.46,2023-11-15,827,N,VIIRS,n,2,304.37,4.38,D,0
29.79795,75.31165,336.89,0.4,0.44,2023-11-15,827,N,VIIRS,n,2,305.06,1.86,D,0
29.80098,75.91254,331.6,0.43,0.46,2023-11-15,827,N,VIIRS,n,2,299.71,2.38,D,0
29.8024,75.91148,332.35,0.43,0.46,2023-11-15,827,N,VIIRS,n,2,299.47,2.14,D,0
29.80642,76.03138,337.68,0.44,0.46,2023-11-15,827,N,VIIRS,n,2,301.1,1.43,D,0
29.80956,75.93816,340.45,0.44,0.46,2023-11-15,827,N,VIIRS,n,2,300.81,4.02,D,0
29.81005,75.94272,337.55,0.44,0.46,2023-11-15,827,N,VIIRS,n,2,299.33,3.93,D,0
29.81071,75.83801,330.15,0.43,0.46,2023-11-15,827,N,VIIRS,l,2,302.46,3.89,D,0
29.81223,75.93871,343.76,0.44,0.46,2023-11-15,827,N,VIIRS,n,2,302.21,7.93,D,0
29.8163,76.25275,337.07,0.45,0.47,2023-11-15,827,N,VIIRS,n,2,303.91,17.03,D,0
29.81679,76.2575,342.12,0.45,0.47,2023-11-15,827,N,VIIRS,n,2,307.01,17.03,D,0
29.81782,75.82339,331.33,0.43,0.46,2023-11-15,827,N,VIIRS,n,2,300.82,2.39,D,0
29.82338,76.15151,330.76,0.45,0.47,2023-11-15,827,N,VIIRS,l,2,302.66,4.36,D,0
29.82641,75.95069,340.42,0.44,0.46,2023-11-15,827,N,VIIRS,n,2,301.56,4.06,D,0
29.83459,75.49609,335.89,0.41,0.45,2023-11-15,827,N,VIIRS,n,2,302.65,3.66,D,0
29.83933,76.07965,341.6,0.44,0.46,2023-11-15,827,N,VIIRS,n,2,299.88,4.52,D,0
29.8409,74.87423,333.77,0.57,0.43,2023-11-15,827,N,VIIRS,n,2,302.91,2.57,D,0
29.84457,75.87461,331.11,0.43,0.46,2023-11-15,827,N,VIIRS,l,2,302.69,2.63,D,0
29.85034,75.56403,330.36,0.42,0.45,2023-11-15,827,N,VIIRS,n,2,304.01,1.49,D,0
29.85038,76.0594,342.35,0.44,0.46,2023-11-15,827,N,VIIRS,n,2,301.34,4.58,D,0
29.85468,76.05884,335.89,0.44,0.46,2023-11-15,827,N,VIIRS,n,2,299.11,3.51,D,0
29.85929,75.11855,340.09,0.39,0.44,2023-11-15,827,N,VIIRS,n,2,301.04,2.13,D,0
29.86014,75.90008,331.82,0.43,0.46,2023-11-15,827,N,VIIRS,l,2,302.25,2.04,D,0
29.8644,75.89951,341.91,0.43,0.46,2023-11-15,827,N,VIIRS,n,2,304.79,5.26,D,0
29.86462,76.1141,338.78,0.45,0.47,2023-11-15,827,N,VIIRS,n,2,300.49,2.93,D,0
29.86866,75.89895,339.69,0.43,0.46,2023-11-15,827,N,VIIRS,n,2,301.51,5.26,D,0
29.86986,75.58784,340.04,0.42,0.45,2023-11-15,827,N,VIIRS,n,2,302.87,1.98,D,0
29.87073,75.55686,341.06,0.42,0.45,2023-11-15,827,N,VIIRS,n,2,302.61,6.56,D,0
29.87088,75.58871,345.6,0.42,0.45,2023-11-15,827,N,VIIRS,n,2,304,6.33,D,0
29.8712,75.56121,341.21,0.42,0.45,2023-11-15,827,N,VIIRS,n,2,303.25,6.56,D,0
29.87195,75.55766,343.94,0.42,0.45,2023-11-15,827,N,VIIRS,n,2,304.54,13,D,0
29.87404,75.58727,331.51,0.42,0.45,2023-11-15,827,N,VIIRS,l,2,301.6,1.28,D,0
29.87695,75.09111,332.95,0.39,0.44,2023-11-15,827,N,VIIRS,n,2,301.05,1.18,D,0
29.88378,76.13055,333.02,0.45,0.47,2023-11-15,827,N,VIIRS,n,2,299.81,2.22,D,0
29.88382,75.9616,337.78,0.44,0.46,2023-11-15,827,N,VIIRS,n,2,305.12,16.26,D,0
29.8881,75.96104,340.22,0.44,0.46,2023-11-15,827,N,VIIRS,n,2,301.38,6.66,D,0
29.8881,76.12998,344.67,0.45,0.47,2023-11-15,827,N,VIIRS,n,2,300.06,9.41,D,0
29.89002,76.10603,341.23,0.45,0.47,2023-11-15,827,N,VIIRS,n,2,301.48,6.75,D,0
29.89158,75.50227,331.61,0.41,0.45,2023-11-15,827,N,VIIRS,n,2,301.83,3.43,D,0
29.89204,75.50658,340.95,0.41,0.45,2023-11-15,827,N,VIIRS,n,2,302.11,3.43,D,0
29.90039,75.91318,339.32,0.44,0.46,2023-11-15,827,N,VIIRS,n,2,301.55,2.81,D,0
29.90294,76.06189,342.07,0.44,0.46,2023-11-15,827,N,VIIRS,n,2,301.27,7.87,D,0
29.9142,75.97765,330.96,0.44,0.46,2023-11-15,827,N,VIIRS,n,2,300.46,2.58,D,0
29.9162,75.95413,339.32,0.44,0.46,2023-11-15,827,N,VIIRS,n,2,302.71,3.66,D,0
29.91802,75.95711,343.91,0.44,0.46,2023-11-15,827,N,VIIRS,n,2,302.19,4.26,D,0
29.91804,75.84322,337.77,0.43,0.46,2023-11-15,827,N,VIIRS,n,2,303.51,2.4,D,0
29.92121,75.46327,336.59,0.41,0.45,2023-11-15,827,N,VIIRS,n,2,301.32,2.67,D,0
29.92139,75.96274,356.09,0.44,0.46,2023-11-15,827,N,VIIRS,n,2,303.82,8.98,D,0
29.92639,74.9044,333.15,0.38,0.43,2023-11-15,827,N,VIIRS,n,2,299.99,2.71,D,0
29.93054,75.92439,340.74,0.44,0.46,2023-11-15,827,N,VIIRS,n,2,303.14,7.28,D,0
29.9319,75.76849,341.09,0.43,0.46,2023-11-15,827,N,VIIRS,n,2,304.46,5.18,D,0
29.93225,75.98458,336.26,0.44,0.46,2023-11-15,827,N,VIIRS,n,2,300.07,4.11,D,0
29.9342,75.79086,343.58,0.43,0.46,2023-11-15,827,N,VIIRS,n,2,308.08,14.62,D,0
29.93724,75.65522,340.39,0.42,0.45,2023-11-15,827,N,VIIRS,n,2,302.78,7.86,D,0
29.9377,75.65963,341.35,0.42,0.45,2023-11-15,827,N,VIIRS,n,2,302.49,7.86,D,0
29.94,75.93241,346.93,0.44,0.46,2023-11-15,827,N,VIIRS,n,2,306.96,36.93,D,0
29.94001,75.68169,352.81,0.42,0.45,2023-11-15,827,N,VIIRS,n,2,303.28,7.79,D,0
29.94009,75.6014,347.53,0.42,0.45,2023-11-15,827,N,VIIRS,n,2,306.99,10.09,D,0
29.94055,75.60577,339.05,0.42,0.45,2023-11-15,827,N,VIIRS,n,2,300.43,10.09,D,0
29.94267,75.78973,330.41,0.43,0.46,2023-11-15,827,N,VIIRS,n,2,300.46,1.43,D,0
29.94422,75.68112,349.46,0.42,0.45,2023-11-15,827,N,VIIRS,n,2,300.87,7.79,D,0
29.94427,75.60084,346.79,0.42,0.45,2023-11-15,827,N,VIIRS,n,2,301.69,10.09,D,0
29.94429,74.88155,341.65,0.38,0.43,2023-11-15,827,N,VIIRS,n,2,302.82,6.2,D,0
29.94474,75.60521,352.3,0.42,0.45,2023-11-15,827,N,VIIRS,n,2,301.6,10.09,D,0
29.94668,75.1324,330.38,0.39,0.44,2023-11-15,827,N,VIIRS,n,2,299.13,4.22,D,0
29.95028,76.16641,341.86,0.45,0.47,2023-11-15,827,N,VIIRS,n,2,301.11,8.18,D,0
29.95232,75.06909,346.59,0.39,0.44,2023-11-15,827,N,VIIRS,n,2,300.45,4.77,D,0
29.95275,75.07317,348.27,0.39,0.44,2023-11-15,827,N,VIIRS,n,2,301.07,4.77,D,0
29.95366,75.98174,347.22,0.44,0.46,2023-11-15,827,N,VIIRS,n,2,302.18,7.36,D,0
29.95391,75.41534,342.52,0.41,0.45,2023-11-15,827,N,VIIRS,n,2,305.8,12.62,D,0
29.95615,75.92099,343.81,0.44,0.46,2023-11-15,827,N,VIIRS,n,2,301.1,3.9,D,0
29.95681,75.07261,336.11,0.39,0.44,2023-11-15,827,N,VIIRS,n,2,297.89,4.14,D,0
29.95896,75.94846,338.54,0.44,0.46,2023-11-15,827,N,VIIRS,n,2,302.17,4.62,D,0
29.9592,75.01847,337.05,0.39,0.44,2023-11-15,827,N,VIIRS,n,2,301.26,2.79,D,0
29.95943,75.95304,342.05,0.44,0.46,2023-11-15,827,N,VIIRS,n,2,303.33,9.26,D,0
29.95984,74.44787,332.89,0.54,0.42,2023-11-15,827,N,VIIRS,n,2,303.01,4.67,D,0
29.96169,76.0181,330.24,0.44,0.46,2023-11-15,827,N,VIIRS,n,2,300.28,2.59,D,0
29.96264,75.08842,335.99,0.39,0.44,2023-11-15,827,N,VIIRS,n,2,300.52,1.85,D,0
29.96339,75.74163,345.05,0.43,0.46,2023-11-15,827,N,VIIRS,n,2,305.45,5.29,D,0
29.96518,75.15074,337.47,0.4,0.44,2023-11-15,827,N,VIIRS,n,2,301.52,3.46,D,0
29.96628,75.23917,333.07,0.4,0.44,2023-11-15,827,N,VIIRS,n,2,301.09,1.64,D,0
29.96934,76.00771,354.41,0.44,0.46,2023-11-15,827,N,VIIRS,n,2,302.9,17.41,D,0
29.96993,75.68216,352.63,0.42,0.45,2023-11-15,827,N,VIIRS,n,2,308.04,19.84,D,0
29.97134,75.69545,337.59,0.42,0.45,2023-11-15,827,N,VIIRS,n,2,302.58,5.13,D,0
29.97222,75.6237,339.38,0.42,0.45,2023-11-15,827,N,VIIRS,n,2,305.34,9.35,D,0
29.97269,75.62809,334.43,0.42,0.45,2023-11-15,827,N,VIIRS,n,2,301.63,9.35,D,0
29.97273,74.99182,335.65,0.39,0.44,2023-11-15,827,N,VIIRS,n,2,302.56,2.82,D,0
29.97289,76.17301,344.03,0.45,0.47,2023-11-15,827,N,VIIRS,n,2,300.76,5.68,D,0
29.97414,75.68159,353.86,0.42,0.45,2023-11-15,827,N,VIIRS,n,2,303.96,24.58,D,0
29.97417,75.92786,340.22,0.44,0.46,2023-11-15,827,N,VIIRS,n,2,300.94,7.48,D,0
29.9744,75.52606,331.2,0.41,0.45,2023-11-15,827,N,VIIRS,n,2,302.49,2.55,D,0
29.97492,75.2422,332.15,0.4,0.44,2023-11-15,827,N,VIIRS,n,2,299.7,2.32,D,0
29.97514,75.77176,342.42,0.43,0.46,2023-11-15,827,N,VIIRS,n,2,307.29,4.3,D,0
29.97527,75.52754,332.82,0.42,0.45,2023-11-15,827,N,VIIRS,n,2,301.34,1.59,D,0
29.97556,75.98352,346.15,0.44,0.46,2023-11-15,827,N,VIIRS,n,2,300.46,4.78,D,0
29.97937,75.77119,339.26,0.43,0.46,2023-11-15,827,N,VIIRS,n,2,302.01,4.3,D,0
29.97986,75.81668,342.04,0.43,0.46,2023-11-15,827,N,VIIRS,n,2,305.41,6.14,D,0
29.97987,74.83498,332.41,0.57,0.43,2023-11-15,827,N,VIIRS,n,2,299.84,3.73,D,0
29.98203,76.17662,339.92,0.45,0.47,2023-11-15,827,N,VIIRS,n,2,300.09,4,D,0
29.98633,75.23214,334.31,0.4,0.44,2023-11-15,827,N,VIIRS,n,2,300.78,11.27,D,0
29.98678,75.23631,341.85,0.4,0.44,2023-11-15,827,N,VIIRS,n,2,304.4,11.27,D,0
29.98685,75.1982,340.37,0.4,0.44,2023-11-15,827,N,VIIRS,n,2,300.56,5.27,D,0
29.98845,75.6995,338.36,0.42,0.46,2023-11-15,827,N,VIIRS,n,2,301.84,3.44,D,0
29.98864,75.21487,338.9,0.4,0.44,2023-11-15,827,N,VIIRS,n,2,302.17,3.63,D,0
29.98867,75.69762,331.38,0.42,0.46,2023-11-15,827,N,VIIRS,l,2,301.38,2.39,D,0
29.99133,75.23993,341.3,0.4,0.44,2023-11-15,827,N,VIIRS,n,2,301.98,9.11,D,0
29.99319,75.98587,331.05,0.44,0.46,2023-11-15,827,N,VIIRS,n,2,300.9,6.35,D,0
29.99366,75.99048,356.73,0.44,0.46,2023-11-15,827,N,VIIRS,n,2,303.84,6.35,D,0
29.99383,74.99707,340.09,0.39,0.44,2023-11-15,827,N,VIIRS,n,2,299.94,2.42,D,0
29.99503,74.68286,339.71,0.56,0.43,2023-11-15,827,N,VIIRS,n,2,301.66,5.64,D,0
29.99561,75.05054,341.85,0.39,0.44,2023-11-15,827,N,VIIRS,n,2,304.95,8.27,D,0
29.9958,75.73009,342.07,0.43,0.46,2023-11-15,827,N,VIIRS,n,2,303.96,7.42,D,0
29.9967,75.73264,341.67,0.43,0.46,2023-11-15,827,N,VIIRS,n,2,303.41,6.41,D,0
29.99704,75.65786,334.55,0.42,0.45,2023-11-15,827,N,VIIRS,n,2,301.3,2.86,D,0
29.99747,75.53773,341.1,0.42,0.45,2023-11-15,827,N,VIIRS,n,2,305.29,12.36,D,0
29.99747,75.9853,347.83,0.44,0.46,2023-11-15,827,N,VIIRS,n,2,303.98,17.14,D,0
29.99828,74.89007,331.41,0.38,0.43,2023-11-15,827,N,VIIRS,l,2,301.7,4.91,D,0
29.99844,76.03679,352.66,0.44,0.46,2023-11-15,827,N,VIIRS,n,2,303.31,16.86,D,0
29.99953,75.23879,338.7,0.4,0.44,2023-11-15,827,N,VIIRS,n,2,301.58,7.05,D,0
29.99998,75.24297,338.75,0.4,0.44,2023-11-15,827,N,VIIRS,n,2,299.87,7.05,D,0
30.00165,75.53716,341.05,0.42,0.45,2023-11-15,827,N,VIIRS,n,2,300.01,12.36,D,0
30.00192,74.85,346.63,0.57,0.43,2023-11-15,827,N,VIIRS,n,2,302.14,9.81,D,0
30.00273,75.22984,336.29,0.4,0.44,2023-11-15,827,N,VIIRS,n,2,300.38,4.35,D,0
30.00508,75.97497,344.29,0.44,0.46,2023-11-15,827,N,VIIRS,n,2,312.39,25.78,D,0
30.00556,75.97958,331.53,0.44,0.46,2023-11-15,827,N,VIIRS,n,2,301.14,25.78,D,0
30.00608,76.02634,341.15,0.44,0.46,2023-11-15,827,N,VIIRS,n,2,302.95,3.9,D,0
30.00753,76.04031,338.11,0.44,0.46,2023-11-15,827,N,VIIRS,n,2,301.98,3.59,D,0
30.00801,76.04494,339.94,0.44,0.46,2023-11-15,827,N,VIIRS,n,2,301.5,3.59,D,0
30.00854,75.56272,341.55,0.42,0.45,2023-11-15,827,N,VIIRS,n,2,304.78,11.76,D,0
30.01138,75.23288,332.2,0.4,0.44,2023-11-15,827,N,VIIRS,n,2,300.8,1.48,D,0
30.01232,75.12736,341.18,0.39,0.44,2023-11-15,827,N,VIIRS,n,2,302.72,5.34,D,0
30.01417,75.53544,339.94,0.42,0.45,2023-11-15,827,N,VIIRS,n,2,301.1,2.84,D,0
30.01457,75.22395,341.17,0.4,0.44,2023-11-15,827,N,VIIRS,n,2,301.97,2.69,D,0
30.01481,76.19638,334.6,0.45,0.47,2023-11-15,827,N,VIIRS,n,2,298.69,3.38,D,0
30.01548,75.23232,347.35,0.4,0.44,2023-11-15,827,N,VIIRS,n,2,302.4,7.52,D,0
30.01684,75.24486,330.26,0.4,0.44,2023-11-15,827,N,VIIRS,n,2,299.44,3.79,D,0
30.01771,75.06401,333.43,0.39,0.44,2023-11-15,827,N,VIIRS,n,2,302.45,2.88,D,0
30.01776,75.21503,342.73,0.4,0.44,2023-11-15,827,N,VIIRS,n,2,303.24,10.06,D,0
30.01817,75.06811,336.88,0.39,0.44,2023-11-15,827,N,VIIRS,n,2,302.45,4.24,D,0
30.01821,75.1433,341.1,0.4,0.44,2023-11-15,827,N,VIIRS,n,2,300.37,3.29,D,0
30.01965,75.88231,332.65,0.44,0.46,2023-11-15,827,N,VIIRS,n,2,301.6,1.21,D,0
30.02435,75.55172,347.87,0.42,0.45,2023-11-15,827,N,VIIRS,n,2,305.6,8.76,D,0
30.02853,75.55116,347.39,0.42,0.45,2023-11-15,827,N,VIIRS,n,2,301.99,8.76,D,0
30.0294,75.93665,341.18,0.44,0.46,2023-11-15,827,N,VIIRS,n,2,302.22,3.6,D,0
30.03212,76.15097,330.03,0.45,0.47,2023-11-15,827,N,VIIRS,l,2,300.33,1.63,D,0
30.03279,76.14856,330.02,0.45,0.47,2023-11-15,827,N,VIIRS,n,2,300.25,1.03,D,0
30.03325,75.24258,334,0.4,0.44,2023-11-15,827,N,VIIRS,n,2,300.15,2.5,D,0
30.03503,75.18303,341.43,0.4,0.44,2023-11-15,827,N,VIIRS,n,2,300.17,2.92,D,0
30.03533,75.86636,342.34,0.43,0.46,2023-11-15,827,N,VIIRS,n,2,304.59,35.82,D,0
30.0359,75.15343,331.09,0.4,0.44,2023-11-15,827,N,VIIRS,n,2,299.67,1.34,D,0
30.03657,75.7518,347.01,0.43,0.46,2023-11-15,827,N,VIIRS,n,2,304.2,6.52,D,0
30.03777,75.59874,341.87,0.42,0.45,2023-11-15,827,N,VIIRS,n,2,301.11,4.09,D,0
30.03911,75.18245,337.44,0.4,0.44,2023-11-15,827,N,VIIRS,n,2,298.7,2.92,D,0
30.04008,75.22888,349.31,0.4,0.44,2023-11-15,827,N,VIIRS,n,2,302.41,6.28,D,0
30.04235,75.89313,341.84,0.44,0.46,2023-11-15,827,N,VIIRS,n,2,304.71,13.82,D,0
30.04373,75.90686,340.91,0.44,0.46,2023-11-15,827,N,VIIRS,n,2,303.8,5.21,D,0
30.0442,75.91143,340.75,0.44,0.46,2023-11-15,827,N,VIIRS,n,2,300.93,5.21,D,0
30.04744,75.94357,336.53,0.44,0.46,2023-11-15,827,N,VIIRS,n,2,302.35,4.48,D,0
30.04868,75.1938,341.64,0.4,0.44,2023-11-15,827,N,VIIRS,n,2,300.41,3.55,D,0
30.05172,75.94299,341.24,0.44,0.46,2023-11-15,827,N,VIIRS,n,2,302.05,4.48,D,0
30.05516,75.2523,344.74,0.4,0.44,2023-11-15,827,N,VIIRS,n,2,302.54,8.94,D,0
30.05585,75.73104,333.29,0.43,0.46,2023-11-15,827,N,VIIRS,n,2,301.92,4.88,D,0
30.05632,75.73552,341.76,0.43,0.46,2023-11-15,827,N,VIIRS,n,2,301.64,4.88,D,0
30.05869,76.01229,355.73,0.44,0.46,2023-11-15,827,N,VIIRS,n,2,303.46,6.75,D,0
30.06149,76.04018,352.86,0.44,0.46,2023-11-15,827,N,VIIRS,n,2,316.21,47.26,D,0
30.06555,75.90859,343.77,0.44,0.46,2023-11-15,827,N,VIIRS,n,2,308.86,17.6,D,0
30.06642,75.39264,342.78,0.41,0.45,2023-11-15,827,N,VIIRS,n,2,306.45,8.12,D,0
30.07056,75.39208,334.22,0.41,0.45,2023-11-15,827,N,VIIRS,n,2,300.47,8.12,D,0
30.07228,75.7652,334.15,0.43,0.46,2023-11-15,827,N,VIIRS,n,2,303.92,2.39,D,0
30.07881,75.95339,333.48,0.44,0.46,2023-11-15,827,N,VIIRS,n,2,302.07,1.59,D,0
30.07901,75.46944,347.98,0.41,0.45,2023-11-15,827,N,VIIRS,n,2,301.31,5.06,D,0
30.08235,76.16126,334.77,0.45,0.47,2023-11-15,827,N,VIIRS,n,2,302.12,2.73,D,0
30.08594,75.98051,351,0.44,0.46,2023-11-15,827,N,VIIRS,n,2,306.75,16.94,D,0
30.09208,75.78993,342.7,0.43,0.46,2023-11-15,827,N,VIIRS,n,2,304.74,5.33,D,0
30.09306,76.05022,330.02,0.45,0.47,2023-11-15,827,N,VIIRS,n,2,301.04,1.81,D,0
30.09592,76.38861,341.13,0.47,0.47,2023-11-15,827,N,VIIRS,n,2,302.08,4.35,D,0
30.1072,75.81082,342.99,0.43,0.46,2023-11-15,827,N,VIIRS,n,2,305.86,9.55,D,0
30.11174,76.06199,331.72,0.45,0.47,2023-11-15,827,N,VIIRS,l,2,303.54,3.42,D,0
30.11992,76.09895,352.94,0.45,0.47,2023-11-15,827,N,VIIRS,n,2,302.48,6.23,D,0
30.1231,75.96156,334.28,0.44,0.46,2023-11-15,827,N,VIIRS,n,2,302.75,2.61,D,0
30.14429,76.33803,333.65,0.46,0.47,2023-11-15,827,N,VIIRS,n,2,299.55,2.06,D,0
30.15123,77.12064,331.75,0.51,0.5,2023-11-15,827,N,VIIRS,n,2,300.87,3.99,D,0
30.16284,76.3455,341.41,0.46,0.47,2023-11-15,827,N,VIIRS,n,2,301.69,6.11,D,0
29.51725,70.39402,333.21,0.39,0.36,2023-11-15,828,N,VIIRS,n,2,302.25,1.98,D,0
29.52907,70.9114,332.9,0.4,0.37,2023-11-15,828,N,VIIRS,n,2,302.23,2.39,D,0
29.54458,70.84982,332.76,0.4,0.37,2023-11-15,828,N,VIIRS,n,2,302.39,1.85,D,0
29.59549,71.14011,335.64,0.4,0.37,2023-11-15,828,N,VIIRS,n,2,301.27,3.06,D,0
29.6428,71.64071,345.6,0.41,0.37,2023-11-15,828,N,VIIRS,n,2,305.07,15.78,D,0
29.64677,71.59187,339.86,0.41,0.37,2023-11-15,828,N,VIIRS,n,2,302.16,4.08,D,0
29.65769,71.64685,333.86,0.41,0.37,2023-11-15,828,N,VIIRS,n,2,304.62,4.2,D,0
29.65826,71.65114,335.95,0.41,0.37,2023-11-15,828,N,VIIRS,n,2,300.13,5.17,D,0
29.66112,71.64625,333.11,0.41,0.37,2023-11-15,828,N,VIIRS,n,2,299.86,4.2,D,0
29.6617,71.65053,333.19,0.41,0.37,2023-11-15,828,N,VIIRS,n,2,300.79,5.17,D,0
29.71331,71.66779,334.24,0.42,0.37,2023-11-15,828,N,VIIRS,n,2,301.63,2.65,D,0
29.73899,71.83134,335.61,0.42,0.38,2023-11-15,828,N,VIIRS,n,2,305.01,8.49,D,0
29.85781,72.90782,333.63,0.46,0.39,2023-11-15,828,N,VIIRS,n,2,301.16,2.89,D,0
29.87529,72.90009,337.16,0.46,0.39,2023-11-15,828,N,VIIRS,n,2,300.73,5.9,D,0
29.92772,72.55656,344,0.45,0.39,2023-11-15,828,N,VIIRS,n,2,298.72,4,D,0
29.95421,71.44862,333.13,0.41,0.37,2023-11-15,828,N,VIIRS,n,2,301.25,3.08,D,0
29.95994,74.45156,336.37,0.55,0.42,2023-11-15,828,N,VIIRS,n,2,304.16,9.67,D,0
29.96061,73.08009,340.74,0.47,0.4,2023-11-15,828,N,VIIRS,n,2,303.22,11.39,D,0
29.98068,73.00241,339.51,0.47,0.39,2023-11-15,828,N,VIIRS,n,2,299.84,3.69,D,0
29.98857,73.00609,340.23,0.47,0.39,2023-11-15,828,N,VIIRS,n,2,302.37,6.38,D,0
29.99412,71.25479,332.81,0.41,0.37,2023-11-15,828,N,VIIRS,n,2,301.84,2.46,D,0
29.99417,71.25563,332.93,0.41,0.37,2023-11-15,828,N,VIIRS,n,2,301.91,2.71,D,0
30.00293,74.84807,342.77,0.57,0.43,2023-11-15,828,N,VIIRS,n,2,301.78,10.08,D,0
30.00445,73.13294,345.35,0.47,0.4,2023-11-15,828,N,VIIRS,n,2,301.82,5.21,D,0
30.01426,73.21185,338.92,0.48,0.4,2023-11-15,828,N,VIIRS,n,2,301.83,5.15,D,0
30.01803,74.47195,340.38,0.55,0.42,2023-11-15,828,N,VIIRS,n,2,302.31,12.26,D,0
30.01983,74.55919,338.82,0.55,0.43,2023-11-15,828,N,VIIRS,n,2,301.73,3.98,D,0
30.01996,74.48909,332.54,0.55,0.43,2023-11-15,828,N,VIIRS,n,2,301.85,4.41,D,0
30.0206,74.49481,332.03,0.55,0.43,2023-11-15,828,N,VIIRS,n,2,298.92,5.52,D,0
30.02084,70.87012,342.49,0.4,0.37,2023-11-15,828,N,VIIRS,n,2,310.15,16.95,D,0
30.0219,74.50627,338.34,0.55,0.43,2023-11-15,828,N,VIIRS,n,2,300.46,5.64,D,0
30.02648,74.51143,344.91,0.55,0.43,2023-11-15,828,N,VIIRS,n,2,301.31,5.76,D,0
30.02678,74.69419,338.4,0.56,0.43,2023-11-15,828,N,VIIRS,n,2,300.33,4.78,D,0
30.03811,74.6509,343.74,0.56,0.43,2023-11-15,828,N,VIIRS,n,2,305.08,16.83,D,0
30.03822,74.98705,337.54,0.39,0.44,2023-11-15,828,N,VIIRS,n,2,302.33,3.28,D,0
30.03933,75.15353,340.2,0.4,0.44,2023-11-15,828,N,VIIRS,n,2,299.93,2.17,D,0
30.0429,74.41045,338.64,0.54,0.42,2023-11-15,828,N,VIIRS,n,2,301.01,5.07,D,0
30.0468,74.51427,332.43,0.55,0.43,2023-11-15,828,N,VIIRS,n,2,301.09,3,D,0
30.04689,75.18621,333.77,0.4,0.44,2023-11-15,828,N,VIIRS,n,2,299.04,2.73,D,0
30.04776,75.19456,344.25,0.4,0.44,2023-11-15,828,N,VIIRS,n,2,300.24,3.27,D,0
30.05185,75.19398,340.4,0.4,0.44,2023-11-15,828,N,VIIRS,n,2,299.84,6.55,D,0
30.05344,75.24899,339.17,0.4,0.44,2023-11-15,828,N,VIIRS,n,2,302.11,6.06,D,0
30.05579,75.23161,343.04,0.4,0.44,2023-11-15,828,N,VIIRS,n,2,302.75,5.5,D,0
30.05595,75.19341,344.75,0.4,0.44,2023-11-15,828,N,VIIRS,n,2,303.92,6.55,D,0
30.05798,75.25262,334.68,0.4,0.44,2023-11-15,828,N,VIIRS,n,2,302.02,5.89,D,0
30.06004,75.19283,336.63,0.4,0.44,2023-11-15,828,N,VIIRS,n,2,301.65,4.46,D,0
30.06253,75.25624,344.04,0.4,0.44,2023-11-15,828,N,VIIRS,n,2,304.24,8.74,D,0
30.0631,71.35161,332.93,0.41,0.37,2023-11-15,828,N,VIIRS,n,2,301.15,2.43,D,0
30.0644,74.85139,335.88,0.57,0.43,2023-11-15,828,N,VIIRS,n,2,301.78,4.59,D,0
30.06837,75.39325,354.88,0.41,0.45,2023-11-15,828,N,VIIRS,n,2,303.85,13.97,D,0
30.06867,75.19585,340.68,0.4,0.44,2023-11-15,828,N,VIIRS,n,2,300.85,3.79,D,0
30.06927,74.43887,338.78,0.55,0.42,2023-11-15,828,N,VIIRS,n,2,300.28,4.38,D,0
30.06942,74.40414,339.34,0.54,0.42,2023-11-15,828,N,VIIRS,n,2,304.48,7.52,D,0
30.07029,74.40642,342.28,0.54,0.42,2023-11-15,828,N,VIIRS,n,2,303.2,9.65,D,0
30.07161,74.41776,336,0.54,0.42,2023-11-15,828,N,VIIRS,n,2,301.09,7.19,D,0
30.07263,75.07759,340.41,0.39,0.44,2023-11-15,828,N,VIIRS,n,2,303.09,6.96,D,0
30.07448,74.68726,330.39,0.56,0.43,2023-11-15,828,N,VIIRS,l,2,300.63,7.01,D,0
30.07522,74.42061,332.52,0.55,0.42,2023-11-15,828,N,VIIRS,n,2,298.81,3.57,D,0
30.07669,75.07701,340.99,0.39,0.44,2023-11-15,828,N,VIIRS,n,2,300.64,6.96,D,0
30.08007,75.18581,352.86,0.4,0.44,2023-11-15,828,N,VIIRS,n,2,305.97,17.65,D,0
30.08048,75.47016,340.36,0.41,0.45,2023-11-15,828,N,VIIRS,n,2,300.85,4.08,D,0
30.08214,74.63039,336.79,0.56,0.43,2023-11-15,828,N,VIIRS,n,2,300.57,6.25,D,0
30.08246,74.83057,333.03,0.57,0.43,2023-11-15,828,N,VIIRS,n,2,301.69,4.74,D,0
30.08254,74.37914,342.32,0.54,0.42,2023-11-15,828,N,VIIRS,n,2,303.05,16.26,D,0
30.08324,72.6924,338.05,0.45,0.39,2023-11-15,828,N,VIIRS,n,2,300.16,3.19,D,0
30.08416,75.18525,340.24,0.4,0.44,2023-11-15,828,N,VIIRS,n,2,300.24,6.61,D,0
30.08437,74.63233,336.02,0.56,0.43,2023-11-15,828,N,VIIRS,n,2,300.15,6.82,D,0
30.08674,74.27554,332.98,0.54,0.42,2023-11-15,828,N,VIIRS,n,2,300.13,2.62,D,0
30.08825,75.18468,341.32,0.4,0.44,2023-11-15,828,N,VIIRS,n,2,303.12,6.61,D,0
30.0912,75.02087,331.19,0.39,0.44,2023-11-15,828,N,VIIRS,n,2,300.29,0.86,D,0
30.09449,71.04872,336.25,0.4,0.37,2023-11-15,828,N,VIIRS,n,2,304.41,2.97,D,0
30.09715,75.59177,332.15,0.42,0.45,2023-11-15,828,N,VIIRS,n,2,299.99,2.01,D,0
30.09871,75.40209,332.14,0.41,0.45,2023-11-15,828,N,VIIRS,n,2,301.33,2.65,D,0
30.09916,75.40638,341.91,0.41,0.45,2023-11-15,828,N,VIIRS,n,2,301.43,4.8,D,0
30.10009,74.39381,334.44,0.54,0.42,2023-11-15,828,N,VIIRS,n,2,301.17,4.67,D,0
30.10511,74.47423,335.95,0.55,0.43,2023-11-15,828,N,VIIRS,n,2,300.79,3.83,D,0
30.10603,75.80772,341.43,0.43,0.46,2023-11-15,828,N,VIIRS,n,2,306.54,11.61,D,0
30.10692,74.52656,331.07,0.55,0.43,2023-11-15,828,N,VIIRS,n,2,298.8,4.48,D,0
30.10741,75.09358,335.68,0.39,0.44,2023-11-15,828,N,VIIRS,n,2,300.9,3.94,D,0
30.11138,73.40314,330.5,0.49,0.4,2023-11-15,828,N,VIIRS,n,2,300.2,2.36,D,0
30.11236,75.17706,339.97,0.4,0.44,2023-11-15,828,N,VIIRS,n,2,301.52,5.25,D,0
30.11281,75.18124,342.24,0.4,0.44,2023-11-15,828,N,VIIRS,n,2,299.11,7.48,D,0
30.11329,75.10951,340.57,0.4,0.44,2023-11-15,828,N,VIIRS,n,2,299.51,4.02,D,0
30.11464,75.04664,348.98,0.39,0.44,2023-11-15,828,N,VIIRS,n,2,303.17,6.27,D,0
30.11464,75.15983,340.63,0.4,0.44,2023-11-15,828,N,VIIRS,n,2,299.45,2.97,D,0
30.1151,75.12605,340.26,0.4,0.44,2023-11-15,828,N,VIIRS,n,2,301.23,2.56,D,0
30.11645,75.17649,340.24,0.4,0.44,2023-11-15,828,N,VIIRS,n,2,305.1,6.61,D,0
30.11824,75.23142,342.53,0.4,0.44,2023-11-15,828,N,VIIRS,n,2,300.17,2.94,D,0
30.11922,74.83139,335.42,0.57,0.43,2023-11-15,828,N,VIIRS,n,2,299.85,2.8,D,0
30.12054,75.17593,340.51,0.4,0.44,2023-11-15,828,N,VIIRS,n,2,299.38,6.61,D,0
30.12068,74.76239,343.48,0.57,0.43,2023-11-15,828,N,VIIRS,n,2,302.55,17.19,D,0
30.12159,74.40796,333.44,0.54,0.42,2023-11-15,828,N,VIIRS,n,2,300.37,14.25,D,0
30.12278,70.57399,332.99,0.39,0.37,2023-11-15,828,N,VIIRS,n,2,301.57,2.28,D,0
30.12372,75.12906,330.91,0.4,0.44,2023-11-15,828,N,VIIRS,n,2,299.9,3.67,D,0
30.12468,75.73668,343.65,0.43,0.46,2023-11-15,828,N,VIIRS,n,2,305.24,17.24,D,0
30.12568,75.96274,333.4,0.44,0.46,2023-11-15,828,N,VIIRS,n,2,301.63,2.35,D,0
30.12704,74.63572,339.67,0.56,0.43,2023-11-15,828,N,VIIRS,n,2,301.1,10.93,D,0
30.1277,75.0157,331.57,0.39,0.44,2023-11-15,828,N,VIIRS,n,2,300.6,2.28,D,0
30.1278,75.12849,336.32,0.4,0.44,2023-11-15,828,N,VIIRS,n,2,299.21,3.13,D,0
30.128,75.72713,341.13,0.43,0.46,2023-11-15,828,N,VIIRS,n,2,301.42,3.72,D,0
30.12868,75.09897,337.43,0.39,0.44,2023-11-15,828,N,VIIRS,n,2,300.26,2.07,D,0
30.13168,75.55589,346.3,0.42,0.45,2023-11-15,828,N,VIIRS,n,2,300.2,3.76,D,0
30.1328,75.40611,338.61,0.41,0.45,2023-11-15,828,N,VIIRS,n,2,299.92,6.07,D,0
30.13305,75.56905,336.31,0.42,0.45,2023-11-15,828,N,VIIRS,n,2,300.5,3.51,D,0
30.13371,70.65178,331.73,0.4,0.37,2023-11-15,828,N,VIIRS,n,2,301,1.47,D,0
30.13468,74.24566,338.66,0.53,0.42,2023-11-15,828,N,VIIRS,n,2,303.31,7.2,D,0
30.13556,74.97736,331.95,0.39,0.44,2023-11-15,828,N,VIIRS,n,2,300.69,1.21,D,0
30.13663,74.33089,334.75,0.54,0.42,2023-11-15,828,N,VIIRS,n,2,303.31,9.77,D,0
30.13783,75.07686,351.23,0.39,0.44,2023-11-15,828,N,VIIRS,n,2,302.27,6.28,D,0
30.13861,75.07664,354.96,0.39,0.44,2023-11-15,828,N,VIIRS,n,2,302.13,7.18,D,0
30.13888,74.66974,342.51,0.56,0.43,2023-11-15,828,N,VIIRS,n,2,302.91,7.19,D,0
30.14109,75.28815,341.76,0.4,0.45,2023-11-15,828,N,VIIRS,n,2,301.74,10.43,D,0
30.14155,74.65741,348.42,0.56,0.43,2023-11-15,828,N,VIIRS,n,2,302.99,18.14,D,0
30.14281,75.58109,340.77,0.42,0.45,2023-11-15,828,N,VIIRS,n,2,300.62,5.43,D,0
30.14312,75.87654,345.98,0.44,0.46,2023-11-15,828,N,VIIRS,n,2,304.55,5.41,D,0
30.14407,76.01677,338.26,0.44,0.46,2023-11-15,828,N,VIIRS,n,2,301.7,2.68,D,0
30.14476,75.14314,340.95,0.4,0.44,2023-11-15,828,N,VIIRS,n,2,300.96,4.23,D,0
30.14534,74.87737,343.64,0.38,0.44,2023-11-15,828,N,VIIRS,n,2,304.69,13.09,D,0
30.14569,75.33057,340.9,0.41,0.45,2023-11-15,828,N,VIIRS,n,2,300.18,2.85,D,0
30.14596,75.14281,338.85,0.4,0.44,2023-11-15,828,N,VIIRS,n,2,300.94,4.48,D,0
30.14664,74.88943,330.07,0.39,0.44,2023-11-15,828,N,VIIRS,n,2,299.72,1.84,D,0
30.1468,75.91322,342.31,0.44,0.46,2023-11-15,828,N,VIIRS,n,2,305.97,9.23,D,0
30.14902,74.83613,342.48,0.38,0.43,2023-11-15,828,N,VIIRS,n,2,301.97,4.27,D,0
30.14938,75.36469,354.11,0.41,0.45,2023-11-15,828,N,VIIRS,n,2,301.12,7.98,D,0
30.15032,75.11708,331.92,0.4,0.44,2023-11-15,828,N,VIIRS,n,2,300.55,3.28,D,0
30.15167,75.34705,340.46,0.41,0.45,2023-11-15,828,N,VIIRS,n,2,300.11,7.97,D,0
30.15189,75.17173,356.38,0.4,0.44,2023-11-15,828,N,VIIRS,n,2,305.93,13.02,D,0
30.15213,75.35132,346.91,0.41,0.45,2023-11-15,828,N,VIIRS,n,2,300.16,7.97,D,0
30.15216,75.21422,334.21,0.4,0.44,2023-11-15,828,N,VIIRS,n,2,300.81,3.28,D,0
30.15255,75.63348,333.09,0.42,0.45,2023-11-15,828,N,VIIRS,n,2,300.94,2.92,D,0
30.15259,75.35558,340.51,0.41,0.45,2023-11-15,828,N,VIIRS,n,2,301,4.95,D,0
30.15305,75.59757,344.96,0.42,0.45,2023-11-15,828,N,VIIRS,n,2,301.56,7.04,D,0
30.15328,75.17135,348.51,0.4,0.44,2023-11-15,828,N,VIIRS,n,2,306.46,12.36,D,0
30.15445,75.37267,353.14,0.41,0.45,2023-11-15,828,N,VIIRS,n,2,301.37,10.94,D,0
30.15669,75.31612,342.83,0.41,0.45,2023-11-15,828,N,VIIRS,n,2,302.23,3.65,D,0
30.15679,74.33365,342.57,0.54,0.42,2023-11-15,828,N,VIIRS,n,2,307.43,29.93,D,0
30.1568,75.55247,334.25,0.42,0.45,2023-11-15,828,N,VIIRS,n,2,299.23,1.75,D,0
30.15731,74.33723,330.02,0.54,0.42,2023-11-15,828,N,VIIRS,l,2,301.58,34.05,D,0
30.15769,75.40269,346.69,0.41,0.45,2023-11-15,828,N,VIIRS,n,2,301.37,6.46,D,0
30.15772,75.56123,356.37,0.42,0.45,2023-11-15,828,N,VIIRS,n,2,300.5,10.39,D,0
30.15905,75.08224,334.17,0.39,0.44,2023-11-15,828,N,VIIRS,n,2,299.76,1.91,D,0
30.16023,76.04776,344.11,0.45,0.47,2023-11-15,828,N,VIIRS,n,2,303.68,10.69,D,0
30.16122,75.28106,333.65,0.4,0.45,2023-11-15,828,N,VIIRS,n,2,301.82,1.64,D,0
30.16191,75.52073,346.29,0.42,0.45,2023-11-15,828,N,VIIRS,n,2,304.09,12.78,D,0
30.16248,76.34261,341.45,0.46,0.47,2023-11-15,828,N,VIIRS,n,2,301.75,6.76,D,0
30.16284,75.52946,330.48,0.42,0.45,2023-11-15,828,N,VIIRS,n,2,299.21,0.98,D,0
30.16359,75.20409,332.41,0.4,0.44,2023-11-15,828,N,VIIRS,n,2,301.07,7.57,D,0
30.16555,75.02702,338.67,0.39,0.44,2023-11-15,828,N,VIIRS,n,2,303.32,1.71,D,0
30.16634,75.32774,334.53,0.41,0.45,2023-11-15,828,N,VIIRS,n,2,301.91,3.63,D,0
30.16637,75.19094,338.68,0.4,0.44,2023-11-15,828,N,VIIRS,n,2,301.95,6.97,D,0
30.16651,75.15275,352.37,0.4,0.44,2023-11-15,828,N,VIIRS,n,2,303.42,5.71,D,0
30.16656,75.56449,344.07,0.42,0.45,2023-11-15,828,N,VIIRS,n,2,301.23,4.98,D,0
30.16681,75.19512,340.98,0.4,0.44,2023-11-15,828,N,VIIRS,n,2,302.2,6.97,D,0
30.16681,75.33199,337.99,0.41,0.45,2023-11-15,828,N,VIIRS,n,2,302.73,3.63,D,0
30.16809,75.32784,335.99,0.41,0.45,2023-11-15,828,N,VIIRS,n,2,301.63,7.21,D,0
30.16842,75.542,336.46,0.42,0.45,2023-11-15,828,N,VIIRS,n,2,298.08,6.56,D,0
30.16872,75.87315,354.48,0.44,0.46,2023-11-15,828,N,VIIRS,n,2,306.33,10.7,D,0
30.16889,75.54639,340.29,0.42,0.45,2023-11-15,828,N,VIIRS,n,2,299.75,10.56,D,0
30.16954,74.83725,344.6,0.38,0.43,2023-11-15,828,N,VIIRS,n,2,304.47,7.16,D,0
30.16958,75.30173,331.72,0.41,0.45,2023-11-15,828,N,VIIRS,n,2,302.89,15.04,D,0
30.16986,76.32687,332.66,0.46,0.47,2023-11-15,828,N,VIIRS,n,2,300.74,1.93,D,0
30.16989,75.22451,343.49,0.4,0.44,2023-11-15,828,N,VIIRS,n,2,302.15,4.82,D,0
30.17002,75.30598,341.46,0.41,0.45,2023-11-15,828,N,VIIRS,n,2,304.98,15.04,D,0
30.17046,73.38138,334.85,0.49,0.4,2023-11-15,828,N,VIIRS,n,2,298.84,2.07,D,0
30.1706,75.15218,344.48,0.4,0.44,2023-11-15,828,N,VIIRS,n,2,300.1,7.89,D,0
30.17328,75.35275,346.59,0.41,0.45,2023-11-15,828,N,VIIRS,n,2,301.09,6.49,D,0
30.17386,75.26246,348.61,0.4,0.44,2023-11-15,828,N,VIIRS,n,2,301.45,7.31,D,0
30.17422,75.36129,340.62,0.41,0.45,2023-11-15,828,N,VIIRS,n,2,300.62,2.26,D,0
30.17487,75.3529,342.19,0.41,0.45,2023-11-15,828,N,VIIRS,n,2,300.47,5.88,D,0
30.17513,75.15577,340.06,0.4,0.44,2023-11-15,828,N,VIIRS,n,2,300.41,3.5,D,0
30.17531,75.35719,341.06,0.41,0.45,2023-11-15,828,N,VIIRS,n,2,301.56,5.88,D,0
30.17575,75.36147,339.02,0.41,0.45,2023-11-15,828,N,VIIRS,n,2,299.62,4.79,D,0
30.1766,74.79063,342.05,0.57,0.43,2023-11-15,828,N,VIIRS,n,2,302.19,15.9,D,0
30.17727,74.7966,344.4,0.57,0.43,2023-11-15,828,N,VIIRS,n,2,302.94,10.39,D,0
30.17819,75.55401,350.54,0.42,0.45,2023-11-15,828,N,VIIRS,n,2,304.96,12.71,D,0
30.17867,75.5584,341.68,0.42,0.45,2023-11-15,828,N,VIIRS,n,2,299.98,12.71,D,0
30.17994,74.78409,333.68,0.57,0.43,2023-11-15,828,N,VIIRS,n,2,302.22,6.39,D,0
30.18198,75.14213,336.5,0.4,0.44,2023-11-15,828,N,VIIRS,n,2,299.74,1.65,D,0
30.18238,75.55345,357.42,0.42,0.45,2023-11-15,828,N,VIIRS,n,2,302.11,12.78,D,0
30.18332,75.56221,336.53,0.42,0.45,2023-11-15,828,N,VIIRS,n,2,300.97,2.57,D,0
30.18373,75.31703,345.66,0.41,0.45,2023-11-15,828,N,VIIRS,n,2,307.67,18.62,D,0
30.18473,75.12907,340.52,0.4,0.44,2023-11-15,828,N,VIIRS,n,2,304.12,10.59,D,0
30.18569,75.9971,330.48,0.44,0.46,2023-11-15,828,N,VIIRS,l,2,303.73,2.89,D,0
30.18587,75.21799,341.02,0.4,0.44,2023-11-15,828,N,VIIRS,n,2,301.88,17.73,D,0
30.18605,74.00049,336.21,0.52,0.42,2023-11-15,828,N,VIIRS,n,2,299.99,4.01,D,0
30.18642,75.18389,336.46,0.4,0.44,2023-11-15,828,N,VIIRS,n,2,299.84,2.63,D,0
30.1869,75.47759,332.09,0.41,0.45,2023-11-15,828,N,VIIRS,n,2,300.76,3.48,D,0
30.18694,76.31975,337.26,0.46,0.47,2023-11-15,828,N,VIIRS,n,2,302.16,5.02,D,0
30.18718,75.67839,338.79,0.43,0.46,2023-11-15,828,N,VIIRS,n,2,300.04,2.71,D,0
30.18738,75.48193,339.68,0.41,0.45,2023-11-15,828,N,VIIRS,n,2,299.14,3.88,D,0
30.18771,75.478,341.09,0.42,0.45,2023-11-15,828,N,VIIRS,n,2,301.77,3.98,D,0
30.18809,75.23905,336.2,0.4,0.44,2023-11-15,828,N,VIIRS,n,2,299.08,4.38,D,0
30.18818,72.46638,336.27,0.45,0.39,2023-11-15,828,N,VIIRS,n,2,300.05,7.03,D,0
30.18851,75.61068,339.03,0.42,0.45,2023-11-15,828,N,VIIRS,n,2,298.91,2.57,D,0
30.18855,75.24328,345.58,0.4,0.44,2023-11-15,828,N,VIIRS,n,2,298.93,4.38,D,0
30.18862,75.36404,336.56,0.41,0.45,2023-11-15,828,N,VIIRS,n,2,300.82,3.26,D,0
30.18906,75.36832,337.13,0.41,0.45,2023-11-15,828,N,VIIRS,n,2,301.06,2.8,D,0
30.18998,75.21741,346.65,0.4,0.44,2023-11-15,828,N,VIIRS,n,2,305.56,17.73,D,0
30.19087,75.22583,330.41,0.4,0.44,2023-11-15,828,N,VIIRS,n,2,298.87,3.61,D,0
30.19129,75.38979,330.71,0.41,0.45,2023-11-15,828,N,VIIRS,n,2,299.35,1.3,D,0
30.19312,75.57425,335.71,0.42,0.45,2023-11-15,828,N,VIIRS,n,2,300.23,3.3,D,0
30.19365,75.37203,330.03,0.41,0.45,2023-11-15,828,N,VIIRS,n,2,303.07,1.91,D,0
30.19379,76.03386,330.47,0.45,0.47,2023-11-15,828,N,VIIRS,n,2,301.62,1.46,D,0
30.19587,75.2337,334.7,0.4,0.44,2023-11-15,828,N,VIIRS,n,2,299.3,4.28,D,0
30.19632,75.23791,341.07,0.4,0.44,2023-11-15,828,N,VIIRS,n,2,301.73,8.23,D,0
30.20071,70.614,343.73,0.4,0.37,2023-11-15,828,N,VIIRS,n,2,308.23,12.63,D,0
30.20129,70.6181,330.56,0.4,0.37,2023-11-15,828,N,VIIRS,n,2,300.26,12.63,D,0
30.20156,75.48933,342.54,0.42,0.45,2023-11-15,828,N,VIIRS,n,2,303.54,14.36,D,0
30.20214,75.29291,333.08,0.41,0.45,2023-11-15,828,N,VIIRS,n,2,301.44,4.77,D,0
30.20317,75.42312,341.28,0.41,0.45,2023-11-15,828,N,VIIRS,n,2,301,5.96,D,0
30.20344,74.35915,333.94,0.54,0.42,2023-11-15,828,N,VIIRS,n,2,301.56,6.11,D,0
30.20406,70.61337,333.65,0.4,0.37,2023-11-15,828,N,VIIRS,n,2,299.58,3.36,D,0
30.20523,74.82808,340.72,0.38,0.43,2023-11-15,828,N,VIIRS,n,2,302.49,4.6,D,0
30.20708,75.50185,343.06,0.42,0.45,2023-11-15,828,N,VIIRS,n,2,302.68,23.04,D,0
30.20919,75.56379,346.04,0.42,0.45,2023-11-15,828,N,VIIRS,n,2,300.46,6.23,D,0
30.21023,75.65793,339.23,0.42,0.46,2023-11-15,828,N,VIIRS,n,2,300.16,5.71,D,0
30.21031,75.33065,334.77,0.41,0.45,2023-11-15,828,N,VIIRS,n,2,301.93,4.58,D,0
30.21069,75.66239,340.43,0.43,0.46,2023-11-15,828,N,VIIRS,n,2,300.3,5.71,D,0
30.21108,75.10432,340.83,0.4,0.44,2023-11-15,828,N,VIIRS,n,2,302.52,4.8,D,0
30.21126,75.50127,347.44,0.42,0.45,2023-11-15,828,N,VIIRS,n,2,306.57,23.04,D,0
30.21258,75.71579,334.39,0.43,0.46,2023-11-15,828,N,VIIRS,n,2,301.33,3.01,D,0
30.21261,75.5144,340.84,0.42,0.45,2023-11-15,828,N,VIIRS,n,2,299.52,5.9,D,0
30.21328,75.81727,333.11,0.43,0.46,2023-11-15,828,N,VIIRS,n,2,300.9,4.85,D,0
30.21367,75.24407,346.86,0.4,0.44,2023-11-15,828,N,VIIRS,n,2,300.06,5.77,D,0
30.21564,75.71161,331.42,0.43,0.46,2023-11-15,828,N,VIIRS,n,2,300.12,5.1,D,0
30.2158,75.3429,333.43,0.41,0.45,2023-11-15,828,N,VIIRS,n,2,301.64,2.74,D,0
30.21671,74.82136,331.2,0.57,0.43,2023-11-15,828,N,VIIRS,l,2,302.82,8.03,D,0
30.21704,70.63199,332.5,0.4,0.37,2023-11-15,828,N,VIIRS,n,2,302.03,2.51,D,0
30.21745,75.60294,339.93,0.42,0.45,2023-11-15,828,N,VIIRS,n,2,298.83,4.66,D,0
30.21752,74.81851,346.65,0.38,0.43,2023-11-15,828,N,VIIRS,n,2,303.32,5.79,D,0
30.21762,70.63609,332.41,0.4,0.37,2023-11-15,828,N,VIIRS,n,2,301.86,4.33,D,0
30.21869,74.80282,335.15,0.57,0.43,2023-11-15,828,N,VIIRS,n,2,302.72,3.28,D,0
30.21972,74.80096,332.6,0.57,0.43,2023-11-15,828,N,VIIRS,l,2,302.8,3.97,D,0
30.22029,75.5891,333.09,0.42,0.45,2023-11-15,828,N,VIIRS,n,2,298.47,2.37,D,0
30.22062,75.63397,340.58,0.42,0.45,2023-11-15,828,N,VIIRS,n,2,300.48,4.54,D,0
30.22102,75.19606,334.48,0.4,0.44,2023-11-15,828,N,VIIRS,n,2,300.26,2.43,D,0
30.22107,75.63842,350.29,0.42,0.45,2023-11-15,828,N,VIIRS,n,2,300.38,8.58,D,0
30.2212,75.59792,331.97,0.42,0.45,2023-11-15,828,N,VIIRS,n,2,298.76,1.95,D,0
30.22128,74.82579,342.44,0.38,0.43,2023-11-15,828,N,VIIRS,n,2,308.47,10.27,D,0
30.22138,75.68356,355.87,0.43,0.46,2023-11-15,828,N,VIIRS,n,2,300.37,11.41,D,0
30.22197,74.82195,339.47,0.38,0.43,2023-11-15,828,N,VIIRS,n,2,304.67,5.79,D,0
30.22239,74.82595,341.52,0.38,0.43,2023-11-15,828,N,VIIRS,n,2,305.96,12.9,D,0
30.22288,75.49081,339.84,0.42,0.45,2023-11-15,828,N,VIIRS,n,2,300.17,4.9,D,0
30.22295,76.36949,338.12,0.47,0.47,2023-11-15,828,N,VIIRS,n,2,302.32,4.92,D,0
30.22322,75.29431,333.56,0.41,0.45,2023-11-15,828,N,VIIRS,n,2,300.91,2.49,D,0
30.22352,74.43147,343.32,0.55,0.43,2023-11-15,828,N,VIIRS,n,2,306.99,30.86,D,0
30.22512,75.15723,340.56,0.4,0.44,2023-11-15,828,N,VIIRS,n,2,300.6,2.9,D,0
30.22515,75.51267,342.59,0.42,0.45,2023-11-15,828,N,VIIRS,n,2,299.11,5.15,D,0
30.22643,75.28525,357.22,0.41,0.45,2023-11-15,828,N,VIIRS,n,2,304.68,12.61,D,0
30.22694,75.21227,331.47,0.4,0.44,2023-11-15,828,N,VIIRS,n,2,298.59,3.19,D,0
30.22824,75.58354,331.36,0.42,0.45,2023-11-15,828,N,VIIRS,n,2,298.8,4.9,D,0
30.22886,70.64242,340.92,0.4,0.37,2023-11-15,828,N,VIIRS,n,2,305.46,12.65,D,0
30.23031,75.48096,337.81,0.42,0.45,2023-11-15,828,N,VIIRS,n,2,301.75,4.88,D,0
30.23077,75.48532,330.91,0.42,0.45,2023-11-15,828,N,VIIRS,l,2,301.21,5.76,D,0
30.23098,75.32779,341.23,0.41,0.45,2023-11-15,828,N,VIIRS,n,2,302.99,6.67,D,0
30.23111,74.57124,332.74,0.56,0.43,2023-11-15,828,N,VIIRS,n,2,298.21,3.94,D,0
30.23144,75.33206,335.32,0.41,0.45,2023-11-15,828,N,VIIRS,n,2,299.23,6.67,D,0
30.23245,75.94399,342.35,0.44,0.46,2023-11-15,828,N,VIIRS,n,2,301.36,3.26,D,0
30.2326,75.50278,343.55,0.42,0.45,2023-11-15,828,N,VIIRS,n,2,300.18,6.48,D,0
30.23453,75.94476,341.41,0.44,0.46,2023-11-15,828,N,VIIRS,n,2,300.86,3.93,D,0
30.23555,75.37061,348.55,0.41,0.45,2023-11-15,828,N,VIIRS,n,2,303.86,14.63,D,0
30.238,75.59566,352.91,0.42,0.45,2023-11-15,828,N,VIIRS,n,2,303.57,16.36,D,0
30.23969,75.17643,342.16,0.4,0.44,2023-11-15,828,N,VIIRS,n,2,302.37,4.05,D,0
30.24203,75.67622,341.9,0.43,0.46,2023-11-15,828,N,VIIRS,n,2,304.02,7.74,D,0
30.24237,74.04743,331.5,0.52,0.42,2023-11-15,828,N,VIIRS,n,2,299.63,1.91,D,0
30.24246,75.24006,336.51,0.4,0.44,2023-11-15,828,N,VIIRS,n,2,300.18,3.13,D,0
30.2425,75.6807,341.36,0.43,0.46,2023-11-15,828,N,VIIRS,n,2,298.87,10.32,D,0
30.24262,75.80873,338.63,0.43,0.46,2023-11-15,828,N,VIIRS,n,2,301.02,3.79,D,0
30.24332,70.64009,343.07,0.4,0.37,2023-11-15,828,N,VIIRS,n,2,299.91,5.87,D,0
30.24336,75.20998,341.05,0.4,0.44,2023-11-15,828,N,VIIRS,n,2,303.24,15.57,D,0
30.2438,74.4343,330.9,0.55,0.43,2023-11-15,828,N,VIIRS,n,2,299.72,1.98,D,0
30.24457,75.57684,343.68,0.42,0.45,2023-11-15,828,N,VIIRS,n,2,303.06,18.73,D,0
30.246,75.54986,350.7,0.42,0.45,2023-11-15,828,N,VIIRS,n,2,300.69,10.55,D,0
30.24626,75.67565,343.54,0.43,0.46,2023-11-15,828,N,VIIRS,n,2,299.22,7.74,D,0
30.24723,76.17052,333.65,0.45,0.47,2023-11-15,828,N,VIIRS,n,2,303.41,2.58,D,0
30.24754,74.61037,344.12,0.56,0.43,2023-11-15,828,N,VIIRS,n,2,301.88,5.36,D,0
30.24785,76.17175,336.89,0.45,0.47,2023-11-15,828,N,VIIRS,n,2,301.74,3.79,D,0
30.24798,74.72415,334.31,0.57,0.43,2023-11-15,828,N,VIIRS,n,2,300.96,4.16,D,0
30.24831,75.14129,339.12,0.4,0.44,2023-11-15,828,N,VIIRS,n,2,300.43,4.04,D,0
30.24877,75.14545,340.56,0.4,0.44,2023-11-15,828,N,VIIRS,n,2,300.65,5.52,D,0
30.24889,71.82876,334.91,0.42,0.38,2023-11-15,828,N,VIIRS,n,2,303.01,2.91,D,0
30.24938,75.91932,341.32,0.44,0.46,2023-11-15,828,N,VIIRS,n,2,302.76,4.41,D,0
30.25015,75.58952,332,0.42,0.45,2023-11-15,828,N,VIIRS,n,2,299.22,3.84,D,0
30.25115,75.24314,337.7,0.4,0.44,2023-11-15,828,N,VIIRS,n,2,301.57,5.71,D,0
30.25155,75.14151,339.33,0.4,0.44,2023-11-15,828,N,VIIRS,n,2,309.22,15.45,D,0
30.25161,75.24737,340.58,0.4,0.44,2023-11-15,828,N,VIIRS,n,2,301.31,7.56,D,0
30.25167,74.39825,334.08,0.55,0.42,2023-11-15,828,N,VIIRS,n,2,303.26,14.05,D,0
30.25204,75.56689,357.79,0.42,0.45,2023-11-15,828,N,VIIRS,n,2,300.13,10.32,D,0
30.2524,75.14072,339.14,0.4,0.44,2023-11-15,828,N,VIIRS,n,2,302.16,7.98,D,0
30.25286,75.14489,341.01,0.4,0.44,2023-11-15,828,N,VIIRS,n,2,300.65,9.69,D,0
30.25347,75.12009,336.35,0.4,0.44,2023-11-15,828,N,VIIRS,n,2,300.59,2.23,D,0
30.25464,75.71545,334.59,0.43,0.46,2023-11-15,828,N,VIIRS,n,2,300.69,2.19,D,0
30.25481,75.59338,341.6,0.42,0.45,2023-11-15,828,N,VIIRS,n,2,299.94,3.84,D,0
30.25485,75.55312,334.83,0.42,0.45,2023-11-15,828,N,VIIRS,n,2,299.39,3.76,D,0
30.25719,75.53498,330.27,0.42,0.45,2023-11-15,828,N,VIIRS,n,2,299.69,5.56,D,0
30.25765,75.53938,341.21,0.42,0.45,2023-11-15,828,N,VIIRS,n,2,301.52,5.56,D,0
30.25904,75.55254,330.07,0.42,0.45,2023-11-15,828,N,VIIRS,l,2,300.61,3.76,D,0
30.26084,75.90377,341.25,0.44,0.46,2023-11-15,828,N,VIIRS,n,2,302.24,7.01,D,0
30.26091,75.53001,330.46,0.42,0.45,2023-11-15,828,N,VIIRS,n,2,299.74,3.99,D,0
30.26138,75.49442,344.13,0.42,0.45,2023-11-15,828,N,VIIRS,n,2,306.92,21.56,D,0
30.26236,75.04729,367,0.39,0.44,2023-11-15,828,N,VIIRS,h,2,301.75,9.52,D,0
30.26369,75.55638,339.77,0.42,0.45,2023-11-15,828,N,VIIRS,n,2,302.17,4.06,D,0
30.2639,75.80589,330.17,0.43,0.46,2023-11-15,828,N,VIIRS,l,2,303.22,2.74,D,0
30.26605,73.97004,332.18,0.52,0.42,2023-11-15,828,N,VIIRS,n,2,302.46,3.22,D,0
30.26742,75.51134,330.45,0.42,0.45,2023-11-15,828,N,VIIRS,n,2,299.41,1.91,D,0
30.26742,75.55141,337.96,0.42,0.45,2023-11-15,828,N,VIIRS,n,2,300.94,4.06,D,0
30.26835,75.5602,342.28,0.42,0.45,2023-11-15,828,N,VIIRS,n,2,302.25,4.3,D,0
30.26882,75.56461,333.85,0.42,0.45,2023-11-15,828,N,VIIRS,n,2,300.72,4.3,D,0
30.26893,75.22855,341.7,0.4,0.44,2023-11-15,828,N,VIIRS,n,2,300.86,3.96,D,0
30.26929,75.56902,350.38,0.42,0.45,2023-11-15,828,N,VIIRS,n,2,300.76,6.83,D,0
30.2695,75.07566,341.15,0.4,0.44,2023-11-15,828,N,VIIRS,n,2,302.99,7.49,D,0
30.26962,75.0379,330.62,0.39,0.44,2023-11-15,828,N,VIIRS,l,2,301.86,3.8,D,0
30.27051,76.40983,342.63,0.47,0.48,2023-11-15,828,N,VIIRS,n,2,301.45,5.29,D,0
30.27146,74.82703,339.55,0.38,0.43,2023-11-15,828,N,VIIRS,n,2,301.39,2.83,D,0
30.27146,75.3526,342.37,0.41,0.45,2023-11-15,828,N,VIIRS,n,2,301.02,3.65,D,0
30.27194,76.41302,331.32,0.47,0.48,2023-11-15,828,N,VIIRS,n,2,300.11,5.57,D,0
30.27319,75.18947,347.89,0.4,0.44,2023-11-15,828,N,VIIRS,n,2,300.81,5.34,D,0
30.2734,75.35321,337.02,0.41,0.45,2023-11-15,828,N,VIIRS,n,2,299.98,4.55,D,0
30.27343,75.73117,340.72,0.43,0.46,2023-11-15,828,N,VIIRS,n,2,300.06,2.9,D,0
30.27442,75.61768,349.94,0.42,0.45,2023-11-15,828,N,VIIRS,n,2,300.68,6.23,D,0
30.27489,75.62212,343.95,0.42,0.45,2023-11-15,828,N,VIIRS,n,2,301.94,9.27,D,0
30.2753,75.74921,330.72,0.43,0.46,2023-11-15,828,N,VIIRS,n,2,299.01,1.48,D,0
30.27641,75.97214,341.27,0.44,0.46,2023-11-15,828,N,VIIRS,n,2,301.93,27.4,D,0
30.27662,75.84579,347.83,0.44,0.46,2023-11-15,828,N,VIIRS,n,2,303.22,7.06,D,0
30.27688,75.97678,301.34,0.44,0.46,2023-11-15,828,N,VIIRS,l,2,311.54,27.4,D,0
30.27734,75.98145,343,0.44,0.46,2023-11-15,828,N,VIIRS,n,2,306.03,60.85,D,0
30.27743,75.93906,330.93,0.44,0.46,2023-11-15,828,N,VIIRS,n,2,303.09,2.28,D,0
30.27767,75.73061,331.89,0.43,0.46,2023-11-15,828,N,VIIRS,n,2,299.62,2.9,D,0
30.2795,74.82588,342.1,0.38,0.43,2023-11-15,828,N,VIIRS,n,2,314.77,52.67,D,0
30.28053,75.30015,331.41,0.41,0.45,2023-11-15,828,N,VIIRS,n,2,299.92,1.81,D,0
30.28112,75.26552,355,0.4,0.45,2023-11-15,828,N,VIIRS,n,2,307.15,15.16,D,0
30.28189,75.77127,339.56,0.43,0.46,2023-11-15,828,N,VIIRS,n,2,300.17,2.2,D,0
30.28195,75.39571,333.04,0.41,0.45,2023-11-15,828,N,VIIRS,n,2,301.42,4.15,D,0
30.28219,75.94313,341.43,0.44,0.46,2023-11-15,828,N,VIIRS,n,2,304.41,5.03,D,0
30.28348,74.86208,350.96,0.39,0.44,2023-11-15,828,N,VIIRS,n,2,310.43,32.77,D,0
30.28378,75.74808,345.73,0.43,0.46,2023-11-15,828,N,VIIRS,n,2,302.42,13.78,D,0
30.28383,74.02277,334.45,0.52,0.42,2023-11-15,828,N,VIIRS,n,2,303.51,10.76,D,0
30.28407,75.9617,341.36,0.44,0.46,2023-11-15,828,N,VIIRS,n,2,303.18,4.26,D,0
30.28443,75.39444,341.82,0.41,0.45,2023-11-15,828,N,VIIRS,n,2,302.29,8.39,D,0
30.2845,74.51029,343.8,0.55,0.43,2023-11-15,828,N,VIIRS,n,2,307.19,26,D,0
30.28515,74.00035,333.73,0.52,0.42,2023-11-15,828,N,VIIRS,n,2,300.89,5.18,D,0
30.28567,75.3908,341.16,0.41,0.45,2023-11-15,828,N,VIIRS,n,2,302.55,6.48,D,0
30.2857,76.10893,353.76,0.45,0.47,2023-11-15,828,N,VIIRS,n,2,303.71,11.41,D,0
30.28606,75.15361,340.68,0.4,0.44,2023-11-15,828,N,VIIRS,n,2,302.06,6.52,D,0
30.28677,74.50863,344.22,0.55,0.43,2023-11-15,828,N,VIIRS,n,2,307.13,40.41,D,0
30.28716,75.36439,340.84,0.41,0.45,2023-11-15,828,N,VIIRS,n,2,301.85,5.57,D,0
30.2875,74.86151,339.01,0.39,0.44,2023-11-15,828,N,VIIRS,n,2,299.34,4.3,D,0
30.28768,74.02218,332.69,0.52,0.42,2023-11-15,828,N,VIIRS,n,2,297.8,10.76,D,0
30.28773,73.98887,344.93,0.52,0.42,2023-11-15,828,N,VIIRS,n,2,303.79,14.49,D,0
30.28783,75.17038,367,0.4,0.44,2023-11-15,828,N,VIIRS,h,2,305.42,7.19,D,0
30.28811,75.05622,340.22,0.39,0.44,2023-11-15,828,N,VIIRS,n,2,302.09,5.3,D,0
30.28827,75.17458,342.34,0.4,0.44,2023-11-15,828,N,VIIRS,n,2,301.63,13.65,D,0
30.28848,75.25588,335.24,0.4,0.45,2023-11-15,828,N,VIIRS,n,2,301.98,3.63,D,0
30.28849,75.3773,331.42,0.41,0.45,2023-11-15,828,N,VIIRS,n,2,300.91,3.43,D,0
30.28864,75.33806,341.47,0.41,0.45,2023-11-15,828,N,VIIRS,n,2,301.52,6.6,D,0
30.28909,75.34235,341,0.41,0.45,2023-11-15,828,N,VIIRS,n,2,300.77,6.6,D,0
30.28919,74.95187,341.03,0.39,0.44,2023-11-15,828,N,VIIRS,n,2,302.61,6.58,D,0
30.28927,75.51727,332.44,0.42,0.45,2023-11-15,828,N,VIIRS,n,2,300.55,2.19,D,0
30.28949,75.22568,343.25,0.4,0.44,2023-11-15,828,N,VIIRS,n,2,301.73,4.09,D,0
30.29008,74.96004,350.95,0.39,0.44,2023-11-15,828,N,VIIRS,n,2,305.3,13.98,D,0
30.29193,75.16981,343.27,0.4,0.44,2023-11-15,828,N,VIIRS,n,2,300.82,7.19,D,0
30.29196,75.46374,340.51,0.42,0.45,2023-11-15,828,N,VIIRS,n,2,299.91,4.87,D,0
30.29234,75.3332,347.1,0.41,0.45,2023-11-15,828,N,VIIRS,n,2,300.78,5.72,D,0
30.29262,75.05978,349.33,0.39,0.44,2023-11-15,828,N,VIIRS,n,2,305.5,10.93,D,0
30.29321,75.46455,349.54,0.42,0.45,2023-11-15,828,N,VIIRS,n,2,300.43,7.16,D,0
30.29335,75.1441,330.99,0.4,0.44,2023-11-15,828,N,VIIRS,n,2,300.5,1.44,D,0
30.29469,75.15665,345.15,0.4,0.44,2023-11-15,828,N,VIIRS,n,2,301.58,16.69,D,0
30.296,74.02649,333.29,0.52,0.42,2023-11-15,828,N,VIIRS,n,2,301.47,2.68,D,0
30.29651,75.91308,332.37,0.44,0.46,2023-11-15,828,N,VIIRS,n,2,301.54,2.22,D,0
30.29665,75.41561,336.83,0.41,0.45,2023-11-15,828,N,VIIRS,n,2,298.08,5.64,D,0
30.29669,74.63779,331.18,0.56,0.43,2023-11-15,828,N,VIIRS,n,2,301.34,3.86,D,0
30.29716,75.25897,335.82,0.4,0.45,2023-11-15,828,N,VIIRS,n,2,302.12,3.01,D,0
30.29744,75.71426,353.11,0.43,0.46,2023-11-15,828,N,VIIRS,n,2,302.36,11.6,D,0
30.29748,75.54841,330.88,0.42,0.45,2023-11-15,828,N,VIIRS,n,2,299.71,1.61,D,0
30.29794,75.92696,337.96,0.44,0.46,2023-11-15,828,N,VIIRS,n,2,302.81,5.62,D,0
30.29879,74.25734,332.8,0.54,0.42,2023-11-15,828,N,VIIRS,n,2,300.65,3.14,D,0
30.29933,75.98327,341.75,0.44,0.46,2023-11-15,828,N,VIIRS,n,2,303.33,5.47,D,0
30.3002,75.65935,331.82,0.43,0.46,2023-11-15,828,N,VIIRS,n,2,297.99,2.48,D,0
30.30028,75.7413,342.52,0.43,0.46,2023-11-15,828,N,VIIRS,n,2,301.44,5.85,D,0
30.3008,75.41503,343.56,0.41,0.45,2023-11-15,828,N,VIIRS,n,2,300.32,5.64,D,0
30.30103,75.58714,341.28,0.42,0.45,2023-11-15,828,N,VIIRS,n,2,300.59,4.78,D,0
30.30149,75.58821,346.8,0.42,0.45,2023-11-15,828,N,VIIRS,n,2,300.34,5.45,D,0
30.30227,74.8104,355.38,0.38,0.43,2023-11-15,828,N,VIIRS,n,2,301.53,7.06,D,0
30.30228,75.38853,342.32,0.41,0.45,2023-11-15,828,N,VIIRS,n,2,301.89,6.72,D,0
30.30257,74.74045,338.05,0.57,0.43,2023-11-15,828,N,VIIRS,n,2,303.06,11.15,D,0
30.30289,75.47652,332.97,0.42,0.45,2023-11-15,828,N,VIIRS,n,2,298.96,2.55,D,0
30.30333,74.47678,340.32,0.55,0.43,2023-11-15,828,N,VIIRS,n,2,305.4,18.7,D,0
30.30352,74.15997,333.36,0.53,0.42,2023-11-15,828,N,VIIRS,n,2,301.91,2.48,D,0
30.30362,75.40147,339.99,0.41,0.45,2023-11-15,828,N,VIIRS,n,2,299.58,4.42,D,0
30.30394,75.65431,330.55,0.43,0.46,2023-11-15,828,N,VIIRS,n,2,298.7,2.48,D,0
30.30431,75.32718,336.61,0.41,0.45,2023-11-15,828,N,VIIRS,n,2,299.57,3.58,D,0
30.30554,75.37933,335.99,0.41,0.45,2023-11-15,828,N,VIIRS,n,2,300.33,4.38,D,0
30.30676,75.27057,355.45,0.41,0.45,2023-11-15,828,N,VIIRS,n,2,304.23,10.24,D,0
30.30733,75.39659,341.07,0.41,0.45,2023-11-15,828,N,VIIRS,n,2,301.23,4.42,D,0
30.30791,74.23312,338.79,0.54,0.42,2023-11-15,828,N,VIIRS,n,2,303.09,12.38,D,0
30.30826,75.52908,340.46,0.42,0.45,2023-11-15,828,N,VIIRS,n,2,299.62,3.78,D,0
30.3089,75.33089,344.29,0.41,0.45,2023-11-15,828,N,VIIRS,n,2,300.42,3.58,D,0
30.30931,75.4978,334.11,0.42,0.45,2023-11-15,828,N,VIIRS,n,2,299.56,5.27,D,0
30.31053,74.22134,342.59,0.54,0.42,2023-11-15,828,N,VIIRS,n,2,301.28,5.05,D,0
30.31068,75.11204,342.09,0.4,0.44,2023-11-15,828,N,VIIRS,n,2,303.18,28.94,D,0
30.31128,74.78169,335.06,0.57,0.43,2023-11-15,828,N,VIIRS,n,2,301.19,8.31,D,0
30.31193,74.78048,340.32,0.57,0.43,2023-11-15,828,N,VIIRS,n,2,300.52,7.35,D,0
30.3123,75.56878,340.08,0.42,0.45,2023-11-15,828,N,VIIRS,n,2,298.76,3.27,D,0
30.31275,75.5732,337.86,0.42,0.45,2023-11-15,828,N,VIIRS,n,2,298.91,5.15,D,0
30.31377,74.21516,337.38,0.54,0.42,2023-11-15,828,N,VIIRS,n,2,301.09,6.51,D,0
30.31415,74.35862,346.25,0.54,0.42,2023-11-15,828,N,VIIRS,n,2,302.19,9.83,D,0
30.31422,75.67233,338.55,0.43,0.46,2023-11-15,828,N,VIIRS,n,2,299.49,7.24,D,0
30.31441,74.22076,345.1,0.54,0.42,2023-11-15,828,N,VIIRS,n,2,299.35,8.78,D,0
30.31462,75.22647,336.89,0.4,0.44,2023-11-15,828,N,VIIRS,n,2,300.72,2.88,D,0
30.31467,75.6768,338.65,0.43,0.46,2023-11-15,828,N,VIIRS,n,2,298.89,7.24,D,0
30.31477,75.67553,343.77,0.43,0.46,2023-11-15,828,N,VIIRS,n,2,301.32,12.42,D,0
30.31507,75.23069,330.36,0.4,0.44,2023-11-15,828,N,VIIRS,n,2,298.67,2.93,D,0
30.31512,75.68129,334.61,0.43,0.46,2023-11-15,828,N,VIIRS,n,2,298.74,3.32,D,0
30.31525,75.68002,336.34,0.43,0.46,2023-11-15,828,N,VIIRS,n,2,298.65,3.3,D,0
30.31754,75.53673,341.62,0.42,0.45,2023-11-15,828,N,VIIRS,n,2,302.68,9.58,D,0
30.31754,75.6628,340.12,0.43,0.46,2023-11-15,828,N,VIIRS,n,2,298.52,3.44,D,0
30.31763,75.33403,340.45,0.41,0.45,2023-11-15,828,N,VIIRS,n,2,300.62,3.85,D,0
30.3177,74.18049,332.55,0.53,0.42,2023-11-15,828,N,VIIRS,n,2,300.39,3.73,D,0
30.31927,75.15322,333.06,0.4,0.44,2023-11-15,828,N,VIIRS,n,2,301.73,2.55,D,0
30.31962,73.31886,334.06,0.49,0.4,2023-11-15,828,N,VIIRS,n,2,299.39,3.58,D,0
30.32277,75.99911,337.84,0.45,0.47,2023-11-15,828,N,VIIRS,n,2,302.24,4.14,D,0
30.32328,76.0466,332.97,0.45,0.47,2023-11-15,828,N,VIIRS,l,2,303.21,2.16,D,0
30.32365,75.31149,337.36,0.41,0.45,2023-11-15,828,N,VIIRS,n,2,299.85,2.29,D,0
30.32432,75.43821,345.93,0.41,0.45,2023-11-15,828,N,VIIRS,n,2,301.65,13.52,D,0
30.32463,75.64823,337.23,0.43,0.46,2023-11-15,828,N,VIIRS,n,2,303.64,12.34,D,0
30.3259,74.35686,337.44,0.54,0.42,2023-11-15,828,N,VIIRS,n,2,300.09,5.95,D,0
30.32675,75.38077,341.29,0.41,0.45,2023-11-15,828,N,VIIRS,n,2,299.64,9.18,D,0
30.3278,75.67957,332.55,0.43,0.46,2023-11-15,828,N,VIIRS,n,2,298.09,2.17,D,0
30.32807,75.59808,341.77,0.42,0.45,2023-11-15,828,N,VIIRS,n,2,302.27,6.22,D,0
30.32918,74.90488,347.45,0.39,0.44,2023-11-15,828,N,VIIRS,n,2,300.69,4.24,D,0
30.32943,75.61141,335.04,0.42,0.45,2023-11-15,828,N,VIIRS,n,2,299.1,3.98,D,0
30.33018,74.72319,336.67,0.57,0.43,2023-11-15,828,N,VIIRS,n,2,301.02,6.56,D,0
30.3305,73.92162,339.6,0.52,0.41,2023-11-15,828,N,VIIRS,n,2,302.52,4.51,D,0
30.33079,75.62477,347.19,0.42,0.46,2023-11-15,828,N,VIIRS,n,2,303.54,12.23,D,0
30.33212,74.51965,338.73,0.56,0.43,2023-11-15,828,N,VIIRS,n,2,304.69,12.22,D,0
30.33247,73.91903,331.36,0.52,0.41,2023-11-15,828,N,VIIRS,n,2,301.12,2.24,D,0
30.33303,75.48124,333.02,0.42,0.45,2023-11-15,828,N,VIIRS,n,2,302.26,21.12,D,0
30.33348,75.48561,367,0.42,0.45,2023-11-15,828,N,VIIRS,h,2,306.6,21.12,D,0
30.33374,75.32746,333.07,0.41,0.45,2023-11-15,828,N,VIIRS,n,2,299.51,3.04,D,0
30.3346,75.37531,331.65,0.41,0.45,2023-11-15,828,N,VIIRS,n,2,298.35,2.22,D,0
30.33567,75.54766,337.55,0.42,0.45,2023-11-15,828,N,VIIRS,n,2,300.12,5.85,D,0
30.33579,74.13255,333.77,0.53,0.42,2023-11-15,828,N,VIIRS,n,2,301.6,2.63,D,0
30.33613,75.55209,340.27,0.42,0.45,2023-11-15,828,N,VIIRS,n,2,300.52,7.31,D,0
30.33642,74.1043,341.91,0.53,0.42,2023-11-15,828,N,VIIRS,n,2,303.54,20.83,D,0
30.33721,75.48067,340.24,0.42,0.45,2023-11-15,828,N,VIIRS,n,2,298.8,4.84,D,0
30.33767,75.48504,330.13,0.42,0.45,2023-11-15,828,N,VIIRS,n,2,299.4,4.84,D,0
30.33885,75.1803,340.97,0.4,0.44,2023-11-15,828,N,VIIRS,n,2,299.66,31.8,D,0
30.33974,75.30492,342.23,0.41,0.45,2023-11-15,828,N,VIIRS,n,2,302.18,3.47,D,0
30.33995,75.50694,349.61,0.42,0.45,2023-11-15,828,N,VIIRS,n,2,300.82,7.43,D,0
30.34012,73.91785,332.78,0.52,0.41,2023-11-15,828,N,VIIRS,n,2,301.31,3.82,D,0
30.34053,75.80631,341.97,0.43,0.46,2023-11-15,828,N,VIIRS,n,2,302.03,3.51,D,0
30.34077,74.74589,335.22,0.57,0.43,2023-11-15,828,N,VIIRS,n,2,300.96,10,D,0
30.34094,75.68235,330.64,0.43,0.46,2023-11-15,828,N,VIIRS,n,2,299.99,4.66,D,0
30.34175,75.86189,333.17,0.44,0.46,2023-11-15,828,N,VIIRS,n,2,299.94,2.23,D,0
30.34184,73.96731,335.67,0.52,0.42,2023-11-15,828,N,VIIRS,n,2,304.66,5.14,D,0
30.34196,75.65041,334.93,0.43,0.46,2023-11-15,828,N,VIIRS,n,2,298.17,2.43,D,0
30.34199,75.36555,346.6,0.41,0.45,2023-11-15,828,N,VIIRS,n,2,301.89,6.82,D,0
30.34236,75.44897,350.81,0.42,0.45,2023-11-15,828,N,VIIRS,n,2,298.36,6.47,D,0
30.34295,75.29581,347.39,0.41,0.45,2023-11-15,828,N,VIIRS,n,2,300.07,5.71,D,0
30.34398,73.96925,346.51,0.52,0.42,2023-11-15,828,N,VIIRS,n,2,307.63,17.53,D,0
30.34413,76.29614,334.37,0.46,0.47,2023-11-15,828,N,VIIRS,n,2,301.09,3.96,D,0
30.34424,75.42665,339.83,0.41,0.45,2023-11-15,828,N,VIIRS,n,2,299.56,10.46,D,0
30.34469,75.431,342.03,0.41,0.45,2023-11-15,828,N,VIIRS,n,2,302.33,10.46,D,0
30.34561,75.43969,338.91,0.41,0.45,2023-11-15,828,N,VIIRS,n,2,298.28,2.73,D,0
30.34567,73.96672,337.31,0.52,0.42,2023-11-15,828,N,VIIRS,n,2,304.93,8.97,D,0
30.34605,75.05649,337.32,0.39,0.44,2023-11-15,828,N,VIIRS,n,2,301.4,3.75,D,0
30.34663,75.29097,334.01,0.41,0.45,2023-11-15,828,N,VIIRS,n,2,300.57,2.67,D,0
30.34672,74.76327,335.7,0.57,0.43,2023-11-15,828,N,VIIRS,n,2,301.08,7.89,D,0
30.34702,74.84171,347.45,0.38,0.44,2023-11-15,828,N,VIIRS,n,2,308.93,20.78,D,0
30.34755,76.28585,339.93,0.46,0.47,2023-11-15,828,N,VIIRS,n,2,303.6,4.88,D,0
30.34756,75.66328,341.99,0.43,0.46,2023-11-15,828,N,VIIRS,n,2,302.35,7.22,D,0
30.348,75.30378,340.71,0.41,0.45,2023-11-15,828,N,VIIRS,n,2,302.54,7.12,D,0
30.34832,75.5058,345.47,0.42,0.45,2023-11-15,828,N,VIIRS,n,2,302.64,10.88,D,0
30.34846,75.2691,342.54,0.41,0.45,2023-11-15,828,N,VIIRS,n,2,302.52,4.39,D,0
30.34846,75.30804,340.42,0.41,0.45,2023-11-15,828,N,VIIRS,n,2,302.23,7.12,D,0
30.34984,75.32088,336.66,0.41,0.45,2023-11-15,828,N,VIIRS,n,2,306.27,20.86,D,0
30.34994,76.22176,343.01,0.46,0.47,2023-11-15,828,N,VIIRS,n,2,302.21,5.44,D,0
30.35179,75.66271,350.2,0.43,0.46,2023-11-15,828,N,VIIRS,n,2,299.79,7.22,D,0
30.35251,75.75397,338.41,0.43,0.46,2023-11-15,828,N,VIIRS,n,2,304.16,33.2,D,0
30.35297,75.75851,341.46,0.43,0.46,2023-11-15,828,N,VIIRS,n,2,303.31,38.41,D,0
30.35398,75.89765,339.97,0.44,0.46,2023-11-15,828,N,VIIRS,n,2,302.46,7.76,D,0
30.35452,74.87346,340.46,0.39,0.44,2023-11-15,828,N,VIIRS,n,2,300.79,5.19,D,0
30.35526,74.91871,345.91,0.39,0.44,2023-11-15,828,N,VIIRS,n,2,305.65,13.09,D,0
30.35527,75.17801,367,0.4,0.44,2023-11-15,828,N,VIIRS,h,2,301.6,25.14,D,0
30.35676,75.7534,340.33,0.43,0.46,2023-11-15,828,N,VIIRS,n,2,298.18,5.68,D,0
30.357,75.84123,340.63,0.44,0.46,2023-11-15,828,N,VIIRS,n,2,300.54,5.19,D,0
30.35715,75.50906,342.19,0.42,0.45,2023-11-15,828,N,VIIRS,n,2,304.81,19.79,D,0
30.35845,75.16902,348.81,0.4,0.44,2023-11-15,828,N,VIIRS,n,2,303.48,11.69,D,0
30.35848,74.50398,343.71,0.55,0.43,2023-11-15,828,N,VIIRS,n,2,300.07,4.99,D,0
30.35855,74.87289,340.89,0.39,0.44,2023-11-15,828,N,VIIRS,n,2,301.18,5.19,D,0
30.35874,74.76153,350.35,0.57,0.43,2023-11-15,828,N,VIIRS,n,2,301.9,7.33,D,0
30.35899,74.87693,335.47,0.39,0.44,2023-11-15,828,N,VIIRS,n,2,298.94,5.19,D,0
30.3593,74.91813,341.46,0.39,0.44,2023-11-15,828,N,VIIRS,n,2,300.5,5.37,D,0
30.35933,73.8819,336.34,0.52,0.41,2023-11-15,828,N,VIIRS,n,2,301.75,6.59,D,0
30.35938,75.17744,344.52,0.4,0.44,2023-11-15,828,N,VIIRS,n,2,306.69,25.14,D,0
30.3607,75.66604,337.7,0.43,0.46,2023-11-15,828,N,VIIRS,n,2,299.91,2.88,D,0
30.36081,75.58465,343.91,0.42,0.45,2023-11-15,828,N,VIIRS,n,2,301.5,5.65,D,0
30.3609,75.42436,336.21,0.41,0.45,2023-11-15,828,N,VIIRS,n,2,298.84,2.86,D,0
30.36114,74.45656,332.52,0.55,0.43,2023-11-15,828,N,VIIRS,n,2,300.18,9.46,D,0
30.36243,74.5034,346.62,0.55,0.43,2023-11-15,828,N,VIIRS,n,2,301.22,10.06,D,0
30.36277,75.81261,344.4,0.44,0.46,2023-11-15,828,N,VIIRS,n,2,307.08,27.83,D,0
30.36315,73.88131,331.64,0.52,0.41,2023-11-15,828,N,VIIRS,n,2,298.91,6.59,D,0
30.36326,75.07214,339.82,0.4,0.44,2023-11-15,828,N,VIIRS,n,2,301.3,9.12,D,0
30.36336,75.15264,341.52,0.4,0.44,2023-11-15,828,N,VIIRS,n,2,303.13,31.8,D,0
30.36346,74.88041,342.41,0.39,0.44,2023-11-15,828,N,VIIRS,n,2,306,19.86,D,0
30.36381,75.9528,340.12,0.44,0.46,2023-11-15,828,N,VIIRS,n,2,301.07,3.53,D,0
30.36481,75.15111,342.68,0.4,0.44,2023-11-15,828,N,VIIRS,n,2,310.08,38.39,D,0
30.36492,75.66547,349.41,0.43,0.46,2023-11-15,828,N,VIIRS,n,2,302.45,8.89,D,0
30.36505,75.50352,342.79,0.42,0.45,2023-11-15,828,N,VIIRS,n,2,303.07,7.38,D,0
30.36539,75.66996,338.55,0.43,0.46,2023-11-15,828,N,VIIRS,n,2,299.49,8.89,D,0
30.36572,74.49704,335.36,0.55,0.43,2023-11-15,828,N,VIIRS,n,2,302.64,49.08,D,0
30.36616,75.02126,330.57,0.39,0.44,2023-11-15,828,N,VIIRS,n,2,302.06,2.25,D,0
30.36627,74.83073,340.97,0.38,0.44,2023-11-15,828,N,VIIRS,n,2,303.54,3.13,D,0
30.36645,75.5167,338.54,0.42,0.45,2023-11-15,828,N,VIIRS,n,2,300.38,1.95,D,0
30.36764,75.73359,355.26,0.43,0.46,2023-11-15,828,N,VIIRS,n,2,300.66,11.49,D,0
30.36779,75.61073,336.02,0.42,0.45,2023-11-15,828,N,VIIRS,n,2,299.19,2.68,D,0
30.36835,75.04193,341.84,0.39,0.44,2023-11-15,828,N,VIIRS,n,2,302.86,4.27,D,0
30.36897,74.35049,334.23,0.54,0.42,2023-11-15,828,N,VIIRS,n,2,300.08,8.32,D,0
30.3691,75.70592,336.28,0.43,0.46,2023-11-15,828,N,VIIRS,n,2,300.25,3.32,D,0
30.36921,75.16889,355.16,0.4,0.44,2023-11-15,828,N,VIIRS,n,2,309.51,37.3,D,0
30.36924,75.50296,330.53,0.42,0.45,2023-11-15,828,N,VIIRS,n,2,298.12,7.38,D,0
30.36965,75.62856,339.71,0.42,0.46,2023-11-15,828,N,VIIRS,n,2,298.79,5.12,D,0
30.36981,75.13471,340.28,0.4,0.44,2023-11-15,828,N,VIIRS,n,2,302.01,5.5,D,0
30.37063,75.51614,330.18,0.42,0.45,2023-11-15,828,N,VIIRS,n,2,299.26,1.95,D,0
30.37066,74.87115,338.8,0.39,0.44,2023-11-15,828,N,VIIRS,n,2,301.53,4.22,D,0
30.37113,74.19308,331.99,0.53,0.42,2023-11-15,828,N,VIIRS,n,2,300.99,4.7,D,0
30.37136,75.76987,339.56,0.43,0.46,2023-11-15,828,N,VIIRS,n,2,299.17,3.83,D,0
30.37156,76.07554,336.77,0.45,0.47,2023-11-15,828,N,VIIRS,n,2,303.11,4,D,0
30.37161,74.84227,345.88,0.39,0.44,2023-11-15,828,N,VIIRS,n,2,304.22,3.7,D,0
30.37177,74.95784,333.69,0.39,0.44,2023-11-15,828,N,VIIRS,n,2,300.11,2.4,D,0
30.37229,75.77895,347.75,0.43,0.46,2023-11-15,828,N,VIIRS,n,2,301.04,4.95,D,0
30.37332,75.16831,342.54,0.4,0.44,2023-11-15,828,N,VIIRS,n,2,314.91,37.3,D,0
30.3738,75.70985,333.53,0.43,0.46,2023-11-15,828,N,VIIRS,n,2,299.72,5.77,D,0
30.37388,75.46679,340.93,0.42,0.45,2023-11-15,828,N,VIIRS,n,2,300.24,2.82,D,0
30.37389,75.58736,345.58,0.42,0.45,2023-11-15,828,N,VIIRS,n,2,301.59,3.66,D,0
30.37433,75.63246,341.15,0.43,0.46,2023-11-15,828,N,VIIRS,n,2,301.03,5.12,D,0
30.37469,74.87058,340.42,0.39,0.44,2023-11-15,828,N,VIIRS,n,2,300.74,4.22,D,0
30.37473,75.71889,338.77,0.43,0.46,2023-11-15,828,N,VIIRS,n,2,300.39,3.91,D,0
30.37474,74.0851,340.28,0.53,0.42,2023-11-15,828,N,VIIRS,n,2,301.93,8.29,D,0
30.37565,75.3653,336.62,0.41,0.45,2023-11-15,828,N,VIIRS,n,2,299.75,4.92,D,0
30.37649,75.27967,341.08,0.41,0.45,2023-11-15,828,N,VIIRS,n,2,301.1,3.54,D,0
30.37698,75.16354,367,0.4,0.44,2023-11-15,828,N,VIIRS,h,2,304.52,6.88,D,0
30.37742,75.16773,332.3,0.4,0.44,2023-11-15,828,N,VIIRS,n,2,301.35,6.88,D,0
30.37759,75.46185,334.68,0.42,0.45,2023-11-15,828,N,VIIRS,n,2,300.12,9.13,D,0
30.37806,75.46622,342.61,0.42,0.45,2023-11-15,828,N,VIIRS,n,2,305.65,12.16,D,0
30.37809,75.5868,332.16,0.42,0.45,2023-11-15,828,N,VIIRS,n,2,299.04,3.66,D,0
30.37811,71.42008,339.22,0.41,0.37,2023-11-15,828,N,VIIRS,n,2,302.16,6.18,D,0
30.3786,74.08451,345.24,0.53,0.42,2023-11-15,828,N,VIIRS,n,2,302.63,8.29,D,0
30.37874,75.27789,340.23,0.41,0.45,2023-11-15,828,N,VIIRS,n,2,300.19,2.36,D,0
30.37928,74.80028,332.55,0.38,0.43,2023-11-15,828,N,VIIRS,n,2,299.2,1.93,D,0
30.3799,75.72736,333.16,0.43,0.46,2023-11-15,828,N,VIIRS,n,2,300.09,3.85,D,0
30.38122,75.12461,339.17,0.4,0.44,2023-11-15,828,N,VIIRS,n,2,301.35,2.9,D,0
30.38136,75.61794,337.81,0.42,0.46,2023-11-15,828,N,VIIRS,n,2,299.08,2.47,D,0
30.38177,75.74547,338.18,0.43,0.46,2023-11-15,828,N,VIIRS,n,2,299.84,4.62,D,0
30.38209,75.34694,343.03,0.41,0.45,2023-11-15,828,N,VIIRS,n,2,302.46,7.85,D,0
30.38223,75.46565,340.54,0.42,0.45,2023-11-15,828,N,VIIRS,n,2,299.85,12.16,D,0
30.38353,75.34831,341.79,0.41,0.45,2023-11-15,828,N,VIIRS,n,2,302.29,10.06,D,0
30.38394,74.95612,341.22,0.39,0.44,2023-11-15,828,N,VIIRS,n,2,300.98,6.51,D,0
30.38398,75.11149,348.85,0.4,0.44,2023-11-15,828,N,VIIRS,n,2,309.59,23.01,D,0
30.38414,75.72678,345.83,0.43,0.46,2023-11-15,828,N,VIIRS,n,2,300.08,3.85,D,0
30.38519,75.16238,338.31,0.4,0.44,2023-11-15,828,N,VIIRS,n,2,300.66,4.9,D,0
30.38535,75.24387,341.07,0.4,0.45,2023-11-15,828,N,VIIRS,n,2,302.7,6.73,D,0
30.38563,75.16659,340.34,0.4,0.44,2023-11-15,828,N,VIIRS,n,2,301.01,4.9,D,0
30.38602,75.7449,340.41,0.43,0.46,2023-11-15,828,N,VIIRS,n,2,298.2,4.62,D,0
30.38606,75.01424,337.38,0.39,0.44,2023-11-15,828,N,VIIRS,n,2,299.1,3.55,D,0
30.38639,74.82786,338.47,0.38,0.44,2023-11-15,828,N,VIIRS,n,2,304.49,23.85,D,0
30.38684,74.83189,345.35,0.38,0.44,2023-11-15,828,N,VIIRS,n,2,315.53,23.85,D,0
30.38695,74.08888,343.25,0.53,0.42,2023-11-15,828,N,VIIRS,n,2,303.13,14.85,D,0
30.38745,75.67608,338.83,0.43,0.46,2023-11-15,828,N,VIIRS,n,2,299.73,3.32,D,0
30.38748,76.05909,351.55,0.45,0.47,2023-11-15,828,N,VIIRS,n,2,304.57,22.97,D,0
30.38819,74.3109,330.53,0.54,0.42,2023-11-15,828,N,VIIRS,l,2,301.29,3.89,D,0
30.38859,71.71184,333.69,0.42,0.38,2023-11-15,828,N,VIIRS,l,2,304.71,16.36,D,0
30.38886,75.64863,331.89,0.43,0.46,2023-11-15,828,N,VIIRS,n,2,297.99,5.45,D,0
30.38922,74.35329,337.25,0.54,0.42,2023-11-15,828,N,VIIRS,n,2,302.43,6,D,0
30.38927,75.53146,341.82,0.42,0.45,2023-11-15,828,N,VIIRS,n,2,300.11,3.14,D,0
30.38931,74.35706,332.34,0.55,0.42,2023-11-15,828,N,VIIRS,n,2,300.67,10.78,D,0
30.38959,75.41605,340.78,0.41,0.45,2023-11-15,828,N,VIIRS,n,2,300.54,3.59,D,0
30.38964,75.45577,342.4,0.42,0.45,2023-11-15,828,N,VIIRS,n,2,300.2,5.34,D,0
30.38975,73.97665,341.56,0.52,0.42,2023-11-15,828,N,VIIRS,n,2,307.15,56.19,D,0
30.3906,75.41756,336.06,0.41,0.45,2023-11-15,828,N,VIIRS,n,2,299.95,5.19,D,0
30.39065,74.15608,340.17,0.53,0.42,2023-11-15,828,N,VIIRS,n,2,303.6,7.94,D,0
30.39086,74.83132,335.58,0.38,0.44,2023-11-15,828,N,VIIRS,n,2,301.63,3.37,D,0
30.39139,75.34286,339.73,0.41,0.45,2023-11-15,828,N,VIIRS,n,2,300,5.79,D,0
30.39227,76.06325,333.39,0.45,0.47,2023-11-15,828,N,VIIRS,n,2,301.32,7.83,D,0
30.39247,75.482,341.98,0.42,0.45,2023-11-15,828,N,VIIRS,n,2,310.84,44.92,D,0
30.39261,75.11452,340.86,0.4,0.44,2023-11-15,828,N,VIIRS,n,2,302.23,2.68,D,0
30.39281,75.43933,330.86,0.42,0.45,2023-11-15,828,N,VIIRS,n,2,300.05,1.71,D,0
30.39321,71.66614,332.49,0.42,0.38,2023-11-15,828,N,VIIRS,n,2,301.88,1.22,D,0
30.39336,74.32169,331.88,0.54,0.42,2023-11-15,828,N,VIIRS,n,2,299.89,4.57,D,0
30.39347,74.78092,332.4,0.57,0.43,2023-11-15,828,N,VIIRS,n,2,300.77,7.32,D,0
30.394,74.82267,341.69,0.38,0.44,2023-11-15,828,N,VIIRS,n,2,304.64,20.45,D,0
30.39415,74.67769,342.17,0.57,0.43,2023-11-15,828,N,VIIRS,n,2,299.96,7.07,D,0
30.39421,75.41982,344.22,0.41,0.45,2023-11-15,828,N,VIIRS,n,2,300.8,8.08,D,0
30.39441,74.86364,354.14,0.39,0.44,2023-11-15,828,N,VIIRS,n,2,310.58,20.04,D,0
30.39446,74.78994,335.88,0.38,0.43,2023-11-15,828,N,VIIRS,n,2,300.88,2.81,D,0
30.39452,74.15551,339.05,0.53,0.42,2023-11-15,828,N,VIIRS,n,2,300.4,7.94,D,0
30.39491,74.79396,351.99,0.38,0.43,2023-11-15,828,N,VIIRS,n,2,303.62,11.93,D,0
30.39494,75.3774,340.41,0.41,0.45,2023-11-15,828,N,VIIRS,n,2,300.43,4.71,D,0
30.395,76.13512,342.05,0.45,0.47,2023-11-15,828,N,VIIRS,n,2,304.28,4.66,D,0
30.39515,74.52036,337.16,0.56,0.43,2023-11-15,828,N,VIIRS,n,2,299.7,4.52,D,0
30.39521,75.42134,342.47,0.41,0.45,2023-11-15,828,N,VIIRS,n,2,300.76,3.74,D,0
30.39573,76.0102,340.38,0.45,0.47,2023-11-15,828,N,VIIRS,n,2,302.43,3.6,D,0
30.3961,75.4372,331.93,0.41,0.45,2023-11-15,828,N,VIIRS,n,2,301.28,5.15,D,0
30.39614,74.76833,336.41,0.57,0.43,2023-11-15,828,N,VIIRS,n,2,300.82,19.81,D,0
30.39654,74.95849,336.08,0.39,0.44,2023-11-15,828,N,VIIRS,n,2,300.17,2.86,D,0
30.39664,75.48143,342.39,0.42,0.45,2023-11-15,828,N,VIIRS,n,2,298.35,9.25,D,0
30.39699,75.43876,334.9,0.42,0.45,2023-11-15,828,N,VIIRS,n,2,301.01,2.23,D,0
30.39772,75.24214,341.26,0.4,0.45,2023-11-15,828,N,VIIRS,n,2,304.89,7.35,D,0
30.39877,74.979,340.56,0.39,0.44,2023-11-15,828,N,VIIRS,n,2,300.73,4.84,D,0
30.40004,74.45474,343.79,0.55,0.43,2023-11-15,828,N,VIIRS,n,2,303.06,16.47,D,0
30.40026,75.30676,333.88,0.41,0.45,2023-11-15,828,N,VIIRS,n,2,301.41,3.65,D,0
30.40037,74.53144,332.36,0.56,0.43,2023-11-15,828,N,VIIRS,n,2,300.03,6.43,D,0
30.4006,74.95791,332.72,0.39,0.44,2023-11-15,828,N,VIIRS,n,2,299.84,2.86,D,0
30.40104,74.96201,339.98,0.39,0.44,2023-11-15,828,N,VIIRS,n,2,299.89,2.86,D,0
30.4012,74.45656,338.35,0.55,0.43,2023-11-15,828,N,VIIRS,n,2,304.58,26.84,D,0
30.40128,71.64681,332.02,0.42,0.38,2023-11-15,828,N,VIIRS,n,2,301.47,2.9,D,0
30.40132,74.52728,332.18,0.56,0.43,2023-11-15,828,N,VIIRS,n,2,300.15,3.51,D,0
30.40191,75.57008,340.26,0.42,0.45,2023-11-15,828,N,VIIRS,n,2,299.1,6.11,D,0
30.40195,75.57193,345.08,0.42,0.45,2023-11-15,828,N,VIIRS,n,2,298.43,4.79,D,0
30.40277,75.4957,338.47,0.42,0.45,2023-11-15,828,N,VIIRS,n,2,301.06,2.09,D,0
30.40319,73.95795,340.53,0.52,0.42,2023-11-15,828,N,VIIRS,n,2,301.08,7.11,D,0
30.40341,75.99968,350.25,0.45,0.47,2023-11-15,828,N,VIIRS,n,2,304.03,9.03,D,0
30.40383,75.18114,340.51,0.4,0.44,2023-11-15,828,N,VIIRS,n,2,303.61,4.16,D,0
30.40398,74.45416,343.66,0.55,0.43,2023-11-15,828,N,VIIRS,n,2,299.04,16.47,D,0
30.4044,75.30618,337.19,0.41,0.45,2023-11-15,828,N,VIIRS,n,2,299.3,3.65,D,0
30.40517,75.35406,341.44,0.41,0.45,2023-11-15,828,N,VIIRS,n,2,302.98,10.58,D,0
30.4054,75.80692,342.23,0.44,0.46,2023-11-15,828,N,VIIRS,n,2,303.35,7.3,D,0
30.40557,74.11423,335.22,0.53,0.42,2023-11-15,828,N,VIIRS,n,2,304.03,14.76,D,0
30.40596,75.61199,342.67,0.42,0.46,2023-11-15,828,N,VIIRS,n,2,308.36,26.35,D,0
30.40617,75.61005,347.65,0.42,0.46,2023-11-15,828,N,VIIRS,n,2,308.31,16.88,D,0
30.40705,71.6637,333.79,0.42,0.38,2023-11-15,828,N,VIIRS,n,2,302.21,3.44,D,0
30.40725,75.99443,332.31,0.45,0.47,2023-11-15,828,N,VIIRS,l,2,302.47,1.85,D,0
30.40741,74.41261,333.52,0.55,0.43,2023-11-15,828,N,VIIRS,n,2,300.39,1.94,D,0
30.40794,75.18056,339.65,0.4,0.44,2023-11-15,828,N,VIIRS,n,2,303.05,4.16,D,0
30.40794,75.58913,340.45,0.42,0.45,2023-11-15,828,N,VIIRS,n,2,299.43,4.26,D,0
30.40818,74.76662,344.88,0.57,0.43,2023-11-15,828,N,VIIRS,n,2,301.37,12.5,D,0
30.40838,75.59358,337.4,0.42,0.45,2023-11-15,828,N,VIIRS,n,2,298.55,4.26,D,0
30.40848,75.59171,349.96,0.42,0.45,2023-11-15,828,N,VIIRS,n,2,300.23,7.56,D,0
30.40874,75.51273,339.88,0.42,0.45,2023-11-15,828,N,VIIRS,n,2,300.72,8.47,D,0
30.40907,75.67773,352.37,0.43,0.46,2023-11-15,828,N,VIIRS,n,2,302.09,7.72,D,0
30.40918,74.92347,342.77,0.39,0.44,2023-11-15,828,N,VIIRS,n,2,302.15,4.08,D,0
30.40928,75.60249,330.41,0.42,0.46,2023-11-15,828,N,VIIRS,n,2,298.31,2.86,D,0
30.4107,75.16735,335.97,0.4,0.44,2023-11-15,828,N,VIIRS,n,2,301.32,4.1,D,0
30.41149,73.9956,333.14,0.52,0.42,2023-11-15,828,N,VIIRS,n,2,301.42,4.71,D,0
30.41212,74.00108,332.61,0.52,0.42,2023-11-15,828,N,VIIRS,n,2,300.59,4.71,D,0
30.41286,74.77204,343.19,0.57,0.43,2023-11-15,828,N,VIIRS,n,2,301.61,13.7,D,0
30.41301,74.49998,333.78,0.56,0.43,2023-11-15,828,N,VIIRS,n,2,300.32,4.46,D,0
30.41331,75.64272,341.37,0.43,0.46,2023-11-15,828,N,VIIRS,n,2,300.11,6.04,D,0
30.41364,74.28979,334.7,0.54,0.42,2023-11-15,828,N,VIIRS,n,2,299.91,3.88,D,0
30.41377,74.47038,335.56,0.55,0.43,2023-11-15,828,N,VIIRS,n,2,302.87,7.93,D,0
30.4142,75.64522,341.32,0.43,0.46,2023-11-15,828,N,VIIRS,n,2,299.86,6.52,D,0
30.41436,75.16257,336.64,0.4,0.44,2023-11-15,828,N,VIIRS,n,2,300.33,6.18,D,0
30.41464,74.4057,337.02,0.55,0.43,2023-11-15,828,N,VIIRS,n,2,301.88,7.1,D,0
30.41481,75.16678,340.29,0.4,0.44,2023-11-15,828,N,VIIRS,n,2,300,4.1,D,0
30.41519,75.20958,340.64,0.4,0.44,2023-11-15,828,N,VIIRS,n,2,301.61,2.82,D,0
30.41537,75.33081,338.19,0.41,0.45,2023-11-15,828,N,VIIRS,n,2,299.76,2.1,D,0
30.41633,75.02676,351.2,0.39,0.44,2023-11-15,828,N,VIIRS,n,2,304.57,14.13,D,0
30.41683,76.00268,343.53,0.45,0.47,2023-11-15,828,N,VIIRS,n,2,304.62,9.25,D,0
30.4169,75.2654,334.83,0.41,0.45,2023-11-15,828,N,VIIRS,n,2,302.92,2.84,D,0
30.4179,73.95016,335.5,0.52,0.42,2023-11-15,828,N,VIIRS,n,2,303.69,6.58,D,0
30.41803,71.69317,334.66,0.42,0.38,2023-11-15,828,N,VIIRS,n,2,302.77,3.18,D,0
30.41849,75.68559,330.42,0.43,0.46,2023-11-15,828,N,VIIRS,n,2,300.14,2.54,D,0
30.41861,75.48461,356.12,0.42,0.45,2023-11-15,828,N,VIIRS,n,2,307.3,20.76,D,0
30.41888,75.6556,340.66,0.43,0.46,2023-11-15,828,N,VIIRS,n,2,300.28,2.02,D,0
30.41922,75.57407,343.04,0.42,0.45,2023-11-15,828,N,VIIRS,n,2,299.91,5.38,D,0
30.41931,75.20901,331.14,0.4,0.44,2023-11-15,828,N,VIIRS,n,2,300.66,2.82,D,0
30.41985,75.65809,338.77,0.43,0.46,2023-11-15,828,N,VIIRS,n,2,299.95,3.43,D,0
30.42104,75.26482,330.43,0.41,0.45,2023-11-15,828,N,VIIRS,l,2,300.69,5.35,D,0
30.42149,75.2691,343.79,0.41,0.45,2023-11-15,828,N,VIIRS,n,2,305.65,12.35,D,0
30.42232,75.31677,346.1,0.41,0.45,2023-11-15,828,N,VIIRS,n,2,300.91,4.05,D,0
30.42284,75.2819,333.57,0.41,0.45,2023-11-15,828,N,VIIRS,n,2,298.81,3.57,D,0
30.42312,74.93809,341.6,0.39,0.44,2023-11-15,828,N,VIIRS,n,2,303.1,4.66,D,0
30.42321,75.32536,339.47,0.41,0.45,2023-11-15,828,N,VIIRS,n,2,299.45,3.96,D,0
30.42351,75.13145,333.54,0.4,0.44,2023-11-15,828,N,VIIRS,n,2,300.17,2.27,D,0
30.42357,74.94218,338.65,0.39,0.44,2023-11-15,828,N,VIIRS,n,2,300.4,4.66,D,0
30.42374,75.29047,345.16,0.41,0.45,2023-11-15,828,N,VIIRS,n,2,299.06,4.18,D,0
30.42472,74.28238,342.88,0.54,0.42,2023-11-15,828,N,VIIRS,n,2,300.89,10.7,D,0
30.42536,75.67751,342.57,0.43,0.46,2023-11-15,828,N,VIIRS,n,2,302.93,15.34,D,0
30.42749,74.79337,335.81,0.38,0.43,2023-11-15,828,N,VIIRS,l,2,309.69,18.3,D,0
30.42763,74.94161,344.18,0.39,0.44,2023-11-15,828,N,VIIRS,n,2,301.36,4.63,D,0
30.42764,74.9791,350.02,0.39,0.44,2023-11-15,828,N,VIIRS,n,2,304.29,10.26,D,0
30.42823,75.66345,345.51,0.43,0.46,2023-11-15,828,N,VIIRS,n,2,300.68,6.21,D,0
30.4284,74.80139,337.1,0.38,0.43,2023-11-15,828,N,VIIRS,n,2,304.04,24.43,D,0
30.4285,74.7936,347.12,0.38,0.43,2023-11-15,828,N,VIIRS,n,2,305.54,16.51,D,0
30.42885,74.80541,336.49,0.38,0.43,2023-11-15,828,N,VIIRS,n,2,298.98,9.88,D,0
30.42935,74.80166,345.98,0.38,0.43,2023-11-15,828,N,VIIRS,n,2,305.25,19.48,D,0
30.43026,76.00569,356.62,0.45,0.47,2023-11-15,828,N,VIIRS,n,2,309.9,16.54,D,0
30.4306,75.77327,342.34,0.43,0.46,2023-11-15,828,N,VIIRS,n,2,306.54,10.76,D,0
30.43081,74.71473,333.26,0.57,0.43,2023-11-15,828,N,VIIRS,n,2,302.2,6.39,D,0
30.43185,75.69952,336.13,0.43,0.46,2023-11-15,828,N,VIIRS,n,2,299.31,7.03,D,0
30.43207,74.71279,346.67,0.57,0.43,2023-11-15,828,N,VIIRS,n,2,302.9,10.16,D,0
30.43231,75.70403,341.56,0.43,0.46,2023-11-15,828,N,VIIRS,n,2,302.24,12.12,D,0
30.43234,75.77559,343.48,0.43,0.46,2023-11-15,828,N,VIIRS,n,2,306.47,13.88,D,0
30.43397,75.63538,349.29,0.43,0.46,2023-11-15,828,N,VIIRS,n,2,301.63,6.35,D,0
30.43433,75.27165,342.68,0.41,0.45,2023-11-15,828,N,VIIRS,n,2,302.77,3.33,D,0
30.43457,76.00513,367,0.45,0.47,2023-11-15,828,N,VIIRS,h,2,305.64,20.34,D,0
30.43489,75.04517,339.7,0.4,0.44,2023-11-15,828,N,VIIRS,n,2,299.19,4.36,D,0
30.43589,75.44671,340.98,0.42,0.45,2023-11-15,828,N,VIIRS,n,2,302.65,6.98,D,0
30.43615,75.53133,334.21,0.42,0.45,2023-11-15,828,N,VIIRS,n,2,300.88,2.34,D,0
30.43637,75.61691,341.29,0.43,0.46,2023-11-15,828,N,VIIRS,n,2,299.95,3.87,D,0
30.43653,74.79245,355.73,0.38,0.43,2023-11-15,828,N,VIIRS,n,2,302.29,3.51,D,0
30.43694,74.7686,336.44,0.57,0.43,2023-11-15,828,N,VIIRS,n,2,302.71,18.68,D,0
30.43707,74.2863,334.61,0.54,0.42,2023-11-15,828,N,VIIRS,n,2,300.15,4.53,D,0
30.43716,75.49991,341.72,0.42,0.45,2023-11-15,828,N,VIIRS,n,2,302.22,3.37,D,0
30.43739,70.71094,345.94,0.4,0.37,2023-11-15,828,N,VIIRS,n,2,296.18,5.63,D,0
30.43752,75.30161,330.31,0.41,0.45,2023-11-15,828,N,VIIRS,n,2,297.76,1.92,D,0
30.43762,75.1082,337.65,0.4,0.44,2023-11-15,828,N,VIIRS,n,2,304.51,9.53,D,0
30.43808,75.11239,339.89,0.4,0.44,2023-11-15,828,N,VIIRS,n,2,300.78,9.05,D,0
30.43832,74.85326,334.77,0.39,0.44,2023-11-15,828,N,VIIRS,n,2,301.59,3.85,D,0
30.43884,72.07217,341.25,0.43,0.38,2023-11-15,828,N,VIIRS,n,2,301.42,4.86,D,0
30.43895,74.85361,341.14,0.39,0.44,2023-11-15,828,N,VIIRS,n,2,301.35,3.94,D,0
30.43899,75.12077,342.78,0.4,0.44,2023-11-15,828,N,VIIRS,n,2,302.35,9,D,0
30.43927,75.73061,334.64,0.43,0.46,2023-11-15,828,N,VIIRS,n,2,301.08,2.77,D,0
30.43968,75.60741,355.58,0.42,0.46,2023-11-15,828,N,VIIRS,n,2,304.87,12.3,D,0
30.43988,75.0529,342.93,0.4,0.44,2023-11-15,828,N,VIIRS,n,2,301.46,8.22,D,0
30.44025,73.94123,334.17,0.52,0.42,2023-11-15,828,N,VIIRS,n,2,301.06,3.74,D,0
30.44035,75.53076,339.12,0.42,0.45,2023-11-15,828,N,VIIRS,n,2,298.98,3.88,D,0
30.44055,74.79187,333.76,0.38,0.43,2023-11-15,828,N,VIIRS,n,2,299.87,3.51,D,0
30.44059,74.75417,341,0.57,0.43,2023-11-15,828,N,VIIRS,n,2,302.18,6,D,0
30.44059,75.61634,332.65,0.43,0.46,2023-11-15,828,N,VIIRS,n,2,299.81,4.83,D,0
30.44098,74.28572,332.27,0.54,0.42,2023-11-15,828,N,VIIRS,n,2,298.62,4.53,D,0
30.44104,75.41503,341.12,0.41,0.45,2023-11-15,828,N,VIIRS,n,2,304.66,12.49,D,0
30.44115,74.95218,353.85,0.39,0.44,2023-11-15,828,N,VIIRS,n,2,307.74,23.05,D,0
30.44127,75.98523,330.27,0.45,0.47,2023-11-15,828,N,VIIRS,n,2,302.83,1.3,D,0
30.44159,74.32609,335.08,0.54,0.42,2023-11-15,828,N,VIIRS,n,2,300.48,3.22,D,0
30.44165,75.30105,333.22,0.41,0.45,2023-11-15,828,N,VIIRS,n,2,298.68,3.39,D,0
30.44284,76.12894,341.23,0.45,0.47,2023-11-15,828,N,VIIRS,n,2,301.26,2.62,D,0
30.4443,76.14326,343.49,0.46,0.47,2023-11-15,828,N,VIIRS,n,2,306.66,17.56,D,0
30.44521,75.41446,341.41,0.41,0.45,2023-11-15,828,N,VIIRS,n,2,301.07,15.4,D,0
30.44589,74.76561,333.32,0.57,0.43,2023-11-15,828,N,VIIRS,n,2,300.56,12.97,D,0
30.44632,71.69269,334.17,0.42,0.38,2023-11-15,828,N,VIIRS,l,2,304.7,2.58,D,0
30.44653,74.96446,330.61,0.39,0.44,2023-11-15,828,N,VIIRS,n,2,300.37,5.72,D,0
30.44658,74.9639,340.9,0.39,0.44,2023-11-15,828,N,VIIRS,n,2,302.14,9.32,D,0
30.44763,75.12381,342.09,0.4,0.44,2023-11-15,828,N,VIIRS,n,2,300.21,6.28,D,0
30.44794,75.96539,330.6,0.44,0.46,2023-11-15,828,N,VIIRS,l,2,303.45,5.31,D,0
30.44818,74.6741,333.48,0.57,0.43,2023-11-15,828,N,VIIRS,n,2,299.8,4.15,D,0
30.44854,75.78011,341.26,0.43,0.46,2023-11-15,828,N,VIIRS,n,2,301.4,6.13,D,0
30.4492,75.53403,336.09,0.42,0.45,2023-11-15,828,N,VIIRS,n,2,300.02,2.11,D,0
30.44925,75.96281,343.35,0.44,0.46,2023-11-15,828,N,VIIRS,n,2,303.8,5.37,D,0
30.44927,75.70175,340.02,0.43,0.46,2023-11-15,828,N,VIIRS,n,2,301.74,8.64,D,0
30.45059,74.96388,341.07,0.39,0.44,2023-11-15,828,N,VIIRS,n,2,302.07,5.72,D,0
30.45075,74.81084,342.58,0.38,0.44,2023-11-15,828,N,VIIRS,n,2,302.41,7.76,D,0
30.45085,75.30849,355.89,0.41,0.45,2023-11-15,828,N,VIIRS,n,2,302.8,17.38,D,0
30.45087,74.66164,332.45,0.57,0.43,2023-11-15,828,N,VIIRS,n,2,300.02,4.62,D,0
30.45102,74.968,340.17,0.39,0.44,2023-11-15,828,N,VIIRS,n,2,300.21,5.87,D,0
30.45109,74.96743,340.95,0.39,0.44,2023-11-15,828,N,VIIRS,n,2,303.32,7.66,D,0
30.45213,75.68763,344.1,0.43,0.46,2023-11-15,828,N,VIIRS,n,2,300.39,5.28,D,0
30.45219,75.12743,341,0.4,0.44,2023-11-15,828,N,VIIRS,n,2,302.09,6.62,D,0
30.45225,72.12083,330.11,0.44,0.38,2023-11-15,828,N,VIIRS,n,2,301.77,3.08,D,0
30.45259,75.69215,333.16,0.43,0.46,2023-11-15,828,N,VIIRS,n,2,300.29,8.9,D,0
30.45327,74.75843,332.37,0.57,0.43,2023-11-15,828,N,VIIRS,n,2,299.11,3.68,D,0
30.45422,74.84319,336.02,0.39,0.44,2023-11-15,828,N,VIIRS,n,2,300.83,2.42,D,0
30.45446,74.76946,331.52,0.38,0.43,2023-11-15,828,N,VIIRS,n,2,300.41,4.24,D,0
30.45477,74.81027,340.72,0.38,0.44,2023-11-15,828,N,VIIRS,n,2,301.17,5.89,D,0
30.45521,74.81431,341.26,0.38,0.44,2023-11-15,828,N,VIIRS,n,2,302.73,5.89,D,0
30.45579,75.08447,346.43,0.4,0.44,2023-11-15,828,N,VIIRS,n,2,302.53,6.57,D,0
30.45637,75.2816,340.92,0.41,0.45,2023-11-15,828,N,VIIRS,n,2,300.51,6.18,D,0
30.45655,74.42291,336.19,0.55,0.43,2023-11-15,828,N,VIIRS,n,2,299.45,3.21,D,0
30.45663,74.75185,332.64,0.57,0.43,2023-11-15,828,N,VIIRS,n,2,298.92,9.85,D,0
30.45683,75.69157,339.93,0.43,0.46,2023-11-15,828,N,VIIRS,n,2,300.6,11,D,0
30.45706,74.79357,331.18,0.38,0.43,2023-11-15,828,N,VIIRS,n,2,301.07,3.03,D,0
30.4575,74.7976,337.46,0.38,0.43,2023-11-15,828,N,VIIRS,n,2,300.27,3.03,D,0
30.4599,74.13752,333.75,0.53,0.42,2023-11-15,828,N,VIIRS,n,2,300.8,4.08,D,0
30.46049,75.24207,330.28,0.41,0.45,2023-11-15,828,N,VIIRS,n,2,300.64,3.08,D,0
30.46095,75.24633,341.68,0.41,0.45,2023-11-15,828,N,VIIRS,n,2,301.2,4.84,D,0
30.46189,75.37259,337.71,0.41,0.45,2023-11-15,828,N,VIIRS,n,2,300.71,2.43,D,0
30.46269,75.1473,356.44,0.4,0.44,2023-11-15,828,N,VIIRS,n,2,306.33,17.38,D,0
30.46282,75.38125,340.69,0.41,0.45,2023-11-15,828,N,VIIRS,n,2,302.2,8.03,D,0
30.46328,75.38556,340.29,0.41,0.45,2023-11-15,828,N,VIIRS,n,2,300.26,8.04,D,0
30.46336,74.77634,353.57,0.38,0.43,2023-11-15,828,N,VIIRS,n,2,302.98,11.13,D,0
30.46343,72.01258,337.58,0.43,0.38,2023-11-15,828,N,VIIRS,n,2,301,2.91,D,0
30.46399,71.93445,332.89,0.43,0.38,2023-11-15,828,N,VIIRS,n,2,301.08,4.43,D,0
30.46439,71.77517,333.49,0.42,0.38,2023-11-15,828,N,VIIRS,n,2,301.43,3.94,D,0
30.46495,74.15063,335.86,0.53,0.42,2023-11-15,828,N,VIIRS,n,2,300.68,8.73,D,0
30.46502,74.14812,342.9,0.53,0.42,2023-11-15,828,N,VIIRS,n,2,303.47,14.48,D,0
30.46546,75.17255,334.89,0.4,0.44,2023-11-15,828,N,VIIRS,n,2,298.76,1.36,D,0
30.4656,75.14764,339.97,0.4,0.44,2023-11-15,828,N,VIIRS,n,2,298.84,5.75,D,0
30.46595,74.95335,355.45,0.39,0.44,2023-11-15,828,N,VIIRS,n,2,303.26,7.42,D,0
30.46604,75.45147,334.12,0.42,0.45,2023-11-15,828,N,VIIRS,n,2,299.51,1.54,D,0
30.46649,75.29761,340.33,0.41,0.45,2023-11-15,828,N,VIIRS,n,2,300.73,3.28,D,0
30.46687,75.58114,346.74,0.42,0.45,2023-11-15,828,N,VIIRS,n,2,309.37,22.01,D,0
30.46691,75.16029,340.65,0.4,0.44,2023-11-15,828,N,VIIRS,n,2,310.37,17.41,D,0
30.46728,75.62634,333.93,0.43,0.46,2023-11-15,828,N,VIIRS,n,2,301.84,2.54,D,0
30.46734,75.58559,346.3,0.42,0.45,2023-11-15,828,N,VIIRS,n,2,305.33,22.01,D,0
30.46752,71.98888,335.85,0.43,0.38,2023-11-15,828,N,VIIRS,n,2,300.63,3.07,D,0
30.46752,74.13889,343.51,0.53,0.42,2023-11-15,828,N,VIIRS,n,2,301.4,7.36,D,0
30.46765,74.13636,339.01,0.53,0.42,2023-11-15,828,N,VIIRS,n,2,301.22,8.3,D,0
30.46818,75.15934,345.07,0.4,0.44,2023-11-15,828,N,VIIRS,n,2,307.36,39.55,D,0
30.46821,75.17296,333.1,0.4,0.44,2023-11-15,828,N,VIIRS,n,2,298.79,2.24,D,0
30.46866,74.75011,336.99,0.57,0.43,2023-11-15,828,N,VIIRS,n,2,302.94,12.06,D,0
30.46882,74.15004,336.83,0.53,0.42,2023-11-15,828,N,VIIRS,n,2,299.53,8.13,D,0
30.46882,74.90306,344.82,0.39,0.44,2023-11-15,828,N,VIIRS,n,2,303.93,6.45,D,0
30.46963,74.29304,335.96,0.54,0.42,2023-11-15,828,N,VIIRS,n,2,299.94,6.46,D,0
30.47095,74.77116,341.31,0.38,0.43,2023-11-15,828,N,VIIRS,n,2,306.09,15.12,D,0
30.47101,75.15971,341.06,0.4,0.44,2023-11-15,828,N,VIIRS,n,2,297.45,17.41,D,0
30.47106,75.26223,340.83,0.41,0.45,2023-11-15,828,N,VIIRS,n,2,301.64,3.44,D,0
30.47131,74.812,341.76,0.38,0.44,2023-11-15,828,N,VIIRS,n,2,307,18.9,D,0
30.47138,75.92204,340.94,0.44,0.46,2023-11-15,828,N,VIIRS,n,2,303.65,4.73,D,0
30.47152,75.2665,334.12,0.41,0.45,2023-11-15,828,N,VIIRS,n,2,300.63,3.44,D,0
30.4716,75.38443,341.87,0.41,0.45,2023-11-15,828,N,VIIRS,n,2,302.39,6.06,D,0
30.47219,76.33139,340.97,0.47,0.48,2023-11-15,828,N,VIIRS,n,2,303.11,12.77,D,0
30.47254,75.43283,341.14,0.42,0.45,2023-11-15,828,N,VIIRS,n,2,299.37,2.81,D,0
30.47395,72.01077,333.03,0.43,0.38,2023-11-15,828,N,VIIRS,n,2,300.92,2.4,D,0
30.47439,74.99398,334.86,0.39,0.44,2023-11-15,828,N,VIIRS,n,2,301.38,6,D,0
30.47497,74.77058,334.09,0.38,0.43,2023-11-15,828,N,VIIRS,n,2,302.09,3.82,D,0
30.47519,75.26167,337.64,0.41,0.45,2023-11-15,828,N,VIIRS,n,2,299.03,3.44,D,0
30.47576,75.38387,336.53,0.41,0.45,2023-11-15,828,N,VIIRS,n,2,301.39,3.04,D,0
30.47604,74.21165,336.25,0.54,0.42,2023-11-15,828,N,VIIRS,n,2,299.41,5.6,D,0
30.47622,75.3882,333.14,0.41,0.45,2023-11-15,828,N,VIIRS,n,2,302.36,3.04,D,0
30.47727,75.85077,343.25,0.44,0.46,2023-11-15,828,N,VIIRS,n,2,302.45,4.19,D,0
30.47788,74.8728,337.35,0.39,0.44,2023-11-15,828,N,VIIRS,n,2,299.98,6.15,D,0
30.47813,74.95163,339.96,0.39,0.44,2023-11-15,828,N,VIIRS,n,2,301.97,2.76,D,0
30.47814,74.65165,336.67,0.57,0.43,2023-11-15,828,N,VIIRS,n,2,300.21,6.01,D,0
30.47832,74.87687,340.2,0.39,0.44,2023-11-15,828,N,VIIRS,n,2,300.97,6.15,D,0
30.47833,75.03125,330.36,0.4,0.44,2023-11-15,828,N,VIIRS,n,2,300.1,1.62,D,0
30.47904,75.91161,346.78,0.44,0.46,2023-11-15,828,N,VIIRS,n,2,302.05,7.27,D,0
30.4799,74.1402,342.25,0.53,0.42,2023-11-15,828,N,VIIRS,n,2,303.43,10.13,D,0
30.48039,75.38763,335.21,0.41,0.45,2023-11-15,828,N,VIIRS,n,2,300.46,3.04,D,0
30.48147,75.89246,340.43,0.44,0.46,2023-11-15,828,N,VIIRS,n,2,301.89,8.13,D,0
30.48148,74.86816,342.16,0.39,0.44,2023-11-15,828,N,VIIRS,n,2,301.04,5.14,D,0
30.48178,74.15696,332.8,0.53,0.42,2023-11-15,828,N,VIIRS,n,2,301.5,6.43,D,0
30.48275,75.44919,341.08,0.42,0.45,2023-11-15,828,N,VIIRS,n,2,301.26,3.21,D,0
30.48351,75.29963,339.8,0.41,0.45,2023-11-15,828,N,VIIRS,n,2,299.95,5.62,D,0
30.48415,75.66506,340.95,0.43,0.46,2023-11-15,828,N,VIIRS,n,2,300.31,2.36,D,0
30.48501,74.90074,342.84,0.39,0.44,2023-11-15,828,N,VIIRS,n,2,300.72,3.41,D,0
30.48504,75.29596,340.24,0.41,0.45,2023-11-15,828,N,VIIRS,n,2,299.84,5.6,D,0
30.4852,74.78954,352.86,0.38,0.43,2023-11-15,828,N,VIIRS,n,2,303.83,9.71,D,0
30.4856,75.0218,341.02,0.39,0.44,2023-11-15,828,N,VIIRS,n,2,306.14,16.98,D,0
30.48599,75.43987,340.93,0.42,0.45,2023-11-15,828,N,VIIRS,n,2,303.01,11.86,D,0
30.48641,74.87572,340.64,0.39,0.44,2023-11-15,828,N,VIIRS,n,2,300.78,3.14,D,0
30.48652,74.80161,344.3,0.38,0.44,2023-11-15,828,N,VIIRS,n,2,300.5,4.41,D,0
30.4868,74.20187,344.81,0.54,0.42,2023-11-15,828,N,VIIRS,n,2,303.25,7.78,D,0
30.48703,74.99638,331.77,0.39,0.44,2023-11-15,828,N,VIIRS,n,2,300.4,2,D,0
30.48735,74.84669,342.07,0.39,0.44,2023-11-15,828,N,VIIRS,n,2,301.99,6.03,D,0
30.48741,74.44775,332.39,0.55,0.43,2023-11-15,828,N,VIIRS,n,2,299.26,4.25,D,0
30.48785,74.27882,337.14,0.54,0.42,2023-11-15,828,N,VIIRS,n,2,299.42,4.92,D,0
30.48792,75.61903,340.63,0.43,0.46,2023-11-15,828,N,VIIRS,n,2,304.88,7.94,D,0
30.48924,75.01707,334.85,0.39,0.44,2023-11-15,828,N,VIIRS,n,2,300.26,17.42,D,0
30.48943,74.19003,333.82,0.54,0.42,2023-11-15,828,N,VIIRS,n,2,300.45,5.32,D,0
30.48965,74.1217,337.33,0.53,0.42,2023-11-15,828,N,VIIRS,n,2,302.48,4.35,D,0
30.48968,75.02122,341.24,0.39,0.44,2023-11-15,828,N,VIIRS,n,2,300.86,16.98,D,0
30.48977,74.98342,332.76,0.39,0.44,2023-11-15,828,N,VIIRS,n,2,304.83,11.03,D,0
30.4902,75.76531,345.63,0.43,0.46,2023-11-15,828,N,VIIRS,n,2,308.01,12.98,D,0
30.49022,74.98755,341.15,0.39,0.44,2023-11-15,828,N,VIIRS,n,2,303.62,13.61,D,0
30.49044,74.27024,330.93,0.54,0.42,2023-11-15,828,N,VIIRS,n,2,300.38,5.36,D,0
30.49045,74.87514,338.16,0.39,0.44,2023-11-15,828,N,VIIRS,n,2,300.56,3.14,D,0
30.49069,74.20129,338.28,0.54,0.42,2023-11-15,828,N,VIIRS,n,2,301.86,7.78,D,0
30.49123,75.11417,339.56,0.4,0.44,2023-11-15,828,N,VIIRS,n,2,301.38,7.15,D,0
30.49161,75.77902,340.69,0.43,0.46,2023-11-15,828,N,VIIRS,n,2,302.98,4.53,D,0
30.49167,75.11837,340.06,0.4,0.44,2023-11-15,828,N,VIIRS,n,2,299.05,7.15,D,0
30.49236,74.78033,342.83,0.38,0.43,2023-11-15,828,N,VIIRS,n,2,308.06,14.57,D,0
30.49288,75.38593,341.19,0.41,0.45,2023-11-15,828,N,VIIRS,n,2,303.04,6.24,D,0
30.49355,75.6319,352.12,0.43,0.46,2023-11-15,828,N,VIIRS,n,2,306.26,16.62,D,0
30.4943,75.38672,347.85,0.41,0.45,2023-11-15,828,N,VIIRS,n,2,300.71,9.56,D,0
30.49442,74.91185,332,0.39,0.44,2023-11-15,828,N,VIIRS,n,2,300.57,1.85,D,0
30.49446,75.76476,332.65,0.43,0.46,2023-11-15,828,N,VIIRS,n,2,301.41,12.98,D,0
30.49521,75.94253,339.48,0.44,0.46,2023-11-15,828,N,VIIRS,n,2,301.55,2.37,D,0
30.49607,75.40412,340.61,0.41,0.45,2023-11-15,828,N,VIIRS,n,2,300.24,4.94,D,0
30.49664,71.65881,332.28,0.42,0.38,2023-11-15,828,N,VIIRS,n,2,301.29,4.88,D,0
30.4971,75.1304,335.53,0.4,0.44,2023-11-15,828,N,VIIRS,n,2,299.28,4.05,D,0
30.49763,74.26343,330.56,0.54,0.42,2023-11-15,828,N,VIIRS,l,2,301,5.02,D,0
30.49843,75.14303,337.39,0.4,0.44,2023-11-15,828,N,VIIRS,n,2,299.98,1.92,D,0
30.49888,74.27476,340.11,0.54,0.42,2023-11-15,828,N,VIIRS,n,2,301.52,8.89,D,0
30.49892,75.40271,355.01,0.41,0.45,2023-11-15,828,N,VIIRS,n,2,300.72,11.01,D,0
30.49944,74.46141,335.89,0.55,0.43,2023-11-15,828,N,VIIRS,n,2,299.59,4.92,D,0
30.49948,74.80795,335.18,0.38,0.44,2023-11-15,828,N,VIIRS,n,2,303.22,2.08,D,0
30.49952,75.94196,334.77,0.44,0.46,2023-11-15,828,N,VIIRS,n,2,301.91,2.17,D,0
30.50024,75.40355,340.57,0.41,0.45,2023-11-15,828,N,VIIRS,n,2,298.45,9.19,D,0
30.50049,75.045,330.54,0.4,0.44,2023-11-15,828,N,VIIRS,n,2,300.25,1.92,D,0
30.50134,74.08598,347.43,0.53,0.42,2023-11-15,828,N,VIIRS,n,2,311.34,61.49,D,0
30.502,75.63076,352.88,0.43,0.46,2023-11-15,828,N,VIIRS,n,2,309.34,21.68,D,0
30.5038,74.14228,340.75,0.53,0.42,2023-11-15,828,N,VIIRS,n,2,303.53,13.28,D,0
30.50406,74.28554,331.6,0.54,0.42,2023-11-15,828,N,VIIRS,n,2,301.13,5.7,D,0
30.50641,74.13053,344.77,0.53,0.42,2023-11-15,828,N,VIIRS,n,2,304.79,22.69,D,0
30.50761,71.71538,333.17,0.42,0.38,2023-11-15,828,N,VIIRS,n,2,301.59,5.35,D,0
30.50797,74.28496,336.97,0.54,0.42,2023-11-15,828,N,VIIRS,n,2,300.39,5.7,D,0
30.50857,75.40239,330.08,0.41,0.45,2023-11-15,828,N,VIIRS,n,2,298.75,1.78,D,0
30.50872,75.3627,341.22,0.41,0.45,2023-11-15,828,N,VIIRS,n,2,298.49,5.38,D,0
30.50893,74.54902,333.89,0.56,0.43,2023-11-15,828,N,VIIRS,n,2,303.26,6.74,D,0
30.50899,75.28391,332.68,0.41,0.45,2023-11-15,828,N,VIIRS,n,2,299.58,6.64,D,0
30.50944,75.28822,341.29,0.41,0.45,2023-11-15,828,N,VIIRS,n,2,302.04,6.64,D,0
30.50987,74.48351,345.85,0.56,0.43,2023-11-15,828,N,VIIRS,n,2,300.25,13.81,D,0
30.51002,74.44807,332.47,0.55,0.43,2023-11-15,828,N,VIIRS,n,2,300.31,3.43,D,0
30.51029,75.13709,341.07,0.4,0.44,2023-11-15,828,N,VIIRS,n,2,303.79,8.73,D,0
30.51037,75.09872,330.08,0.4,0.44,2023-11-15,828,N,VIIRS,n,2,299.96,2.36,D,0
30.51055,75.21867,338.21,0.4,0.45,2023-11-15,828,N,VIIRS,n,2,302.29,2.62,D,0
30.51059,74.54505,336.5,0.56,0.43,2023-11-15,828,N,VIIRS,n,2,300.99,9.17,D,0
30.51073,71.9906,333.47,0.43,0.38,2023-11-15,828,N,VIIRS,n,2,301.6,2.75,D,0
30.5111,74.83917,338.11,0.39,0.44,2023-11-15,828,N,VIIRS,n,2,299.93,2.34,D,0
30.51114,74.4797,340.87,0.55,0.43,2023-11-15,828,N,VIIRS,n,2,298.65,7.01,D,0
30.51166,74.07314,330.73,0.53,0.42,2023-11-15,828,N,VIIRS,l,2,301.41,30.06,D,0
30.51196,74.92181,331.25,0.39,0.44,2023-11-15,828,N,VIIRS,n,2,300.81,2.31,D,0
30.51289,75.7346,342.08,0.43,0.46,2023-11-15,828,N,VIIRS,n,2,300.2,4.89,D,0
30.51335,75.99244,350.21,0.45,0.47,2023-11-15,828,N,VIIRS,n,2,303.33,11.78,D,0
30.51379,74.78954,305.07,0.38,0.43,2023-11-15,828,N,VIIRS,l,2,315.72,46.61,D,0
30.51424,74.79356,343.82,0.38,0.43,2023-11-15,828,N,VIIRS,n,2,311.25,53.44,D,0
30.51513,74.80162,340.03,0.38,0.44,2023-11-15,828,N,VIIRS,n,2,301.12,2.34,D,0
30.51514,74.8386,330.13,0.39,0.44,2023-11-15,828,N,VIIRS,n,2,298.78,2.16,D,0
30.51542,75.42802,339.93,0.42,0.45,2023-11-15,828,N,VIIRS,n,2,300.3,3.44,D,0
30.51553,74.07256,337.57,0.53,0.42,2023-11-15,828,N,VIIRS,n,2,309.29,30.06,D,0
30.516,76.37872,340.65,0.47,0.48,2023-11-15,828,N,VIIRS,n,2,300.75,4.44,D,0
30.51645,75.5216,340.59,0.42,0.45,2023-11-15,828,N,VIIRS,n,2,302.02,3.56,D,0
30.51671,75.98247,341.13,0.45,0.47,2023-11-15,828,N,VIIRS,n,2,302.55,5.29,D,0
30.51719,75.98717,333.83,0.45,0.47,2023-11-15,828,N,VIIRS,n,2,299.88,5.29,D,0
30.51827,74.82991,344.4,0.39,0.44,2023-11-15,828,N,VIIRS,n,2,299.29,2.59,D,0
30.51871,74.79701,330.76,0.38,0.44,2023-11-15,828,N,VIIRS,n,2,298.68,9.16,D,0
30.51916,74.80105,342.23,0.38,0.44,2023-11-15,828,N,VIIRS,n,2,307.66,29.05,D,0
30.5197,75.22604,332.13,0.41,0.45,2023-11-15,828,N,VIIRS,n,2,298.84,2.11,D,0
30.52003,74.07752,332.64,0.53,0.42,2023-11-15,828,N,VIIRS,n,2,302.17,5.2,D,0
30.52051,75.27363,330.13,0.41,0.45,2023-11-15,828,N,VIIRS,l,2,300.16,4.41,D,0
30.52067,74.08307,333.61,0.53,0.42,2023-11-15,828,N,VIIRS,l,2,303.86,10.6,D,0
30.52082,71.60074,334.69,0.42,0.38,2023-11-15,828,N,VIIRS,n,2,300.37,2.13,D,0
30.52089,74.32942,330.05,0.55,0.42,2023-11-15,828,N,VIIRS,n,2,296.61,2.03,D,0
30.52133,74.58911,330.37,0.56,0.43,2023-11-15,828,N,VIIRS,n,2,300.21,3.06,D,0
30.522,75.53432,337.65,0.42,0.45,2023-11-15,828,N,VIIRS,n,2,301.89,2.91,D,0
30.52201,72.0764,331.05,0.43,0.38,2023-11-15,828,N,VIIRS,n,2,302.21,1.58,D,0
30.52276,75.29507,333.28,0.41,0.45,2023-11-15,828,N,VIIRS,n,2,298.66,1.67,D,0
30.52315,74.17356,340.43,0.54,0.42,2023-11-15,828,N,VIIRS,n,2,301.02,7.87,D,0
30.52383,75.22547,339.45,0.41,0.45,2023-11-15,828,N,VIIRS,n,2,297.93,2.44,D,0
30.52435,75.64268,347.84,0.43,0.46,2023-11-15,828,N,VIIRS,n,2,302.1,4.82,D,0
30.52455,75.64137,341.72,0.43,0.46,2023-11-15,828,N,VIIRS,n,2,302.6,3.87,D,0
30.52636,74.86589,340.88,0.39,0.44,2023-11-15,828,N,VIIRS,n,2,301.53,9.13,D,0
30.52636,75.32955,344.37,0.41,0.45,2023-11-15,828,N,VIIRS,n,2,309.2,15.76,D,0
30.52693,74.24176,345.55,0.54,0.42,2023-11-15,828,N,VIIRS,n,2,303.27,9.81,D,0
30.52708,74.6424,334.58,0.57,0.43,2023-11-15,828,N,VIIRS,n,2,300.06,4.5,D,0
30.52783,75.46633,340.75,0.42,0.45,2023-11-15,828,N,VIIRS,n,2,300.41,2.72,D,0
30.5285,72.09847,334.49,0.44,0.38,2023-11-15,828,N,VIIRS,n,2,302.56,2.73,D,0
30.52886,74.25875,336.7,0.54,0.42,2023-11-15,828,N,VIIRS,l,2,307.57,24.93,D,0
30.52942,75.72781,340.49,0.43,0.46,2023-11-15,828,N,VIIRS,n,2,300.68,7.02,D,0
30.5295,74.26443,331.9,0.54,0.42,2023-11-15,828,N,VIIRS,n,2,298.31,8.85,D,0
30.52982,75.20306,340.07,0.4,0.45,2023-11-15,828,N,VIIRS,n,2,300.43,5.38,D,0
30.52993,71.5366,351.54,0.42,0.37,2023-11-15,828,N,VIIRS,n,2,305.47,10.51,D,0
30.53006,75.32466,335.61,0.41,0.45,2023-11-15,828,N,VIIRS,n,2,299.7,15.76,D,0
30.53048,74.41564,335.69,0.55,0.43,2023-11-15,828,N,VIIRS,n,2,302.85,9.78,D,0
30.53049,74.7503,340.56,0.38,0.43,2023-11-15,828,N,VIIRS,n,2,301.71,3.12,D,0
30.53081,75.13421,341,0.4,0.44,2023-11-15,828,N,VIIRS,n,2,305.11,11.28,D,0
30.53082,74.83225,352.12,0.39,0.44,2023-11-15,828,N,VIIRS,n,2,301.27,6.22,D,0
30.53136,74.31624,332.49,0.54,0.42,2023-11-15,828,N,VIIRS,n,2,298.75,9.31,D,0
30.53246,75.72417,342.81,0.43,0.46,2023-11-15,828,N,VIIRS,n,2,301.31,7.16,D,0
30.53342,75.60505,338.43,0.43,0.46,2023-11-15,828,N,VIIRS,n,2,300.78,2.68,D,0
30.53463,74.30996,341.13,0.54,0.42,2023-11-15,828,N,VIIRS,n,2,300.7,9.31,D,0
30.53492,75.57765,340.7,0.42,0.46,2023-11-15,828,N,VIIRS,n,2,301.47,10.66,D,0
30.53528,74.31566,333.73,0.54,0.42,2023-11-15,828,N,VIIRS,n,2,300.93,9.31,D,0
30.53584,75.10365,332.21,0.4,0.44,2023-11-15,828,N,VIIRS,l,2,302.59,10.82,D,0
30.53619,75.46519,333.63,0.42,0.45,2023-11-15,828,N,VIIRS,n,2,302.58,2.33,D,0
30.5363,75.10784,341.37,0.4,0.44,2023-11-15,828,N,VIIRS,n,2,302.11,15.09,D,0
30.53631,74.99362,340.89,0.39,0.44,2023-11-15,828,N,VIIRS,n,2,302.37,1.94,D,0
30.53806,75.20189,340.54,0.4,0.45,2023-11-15,828,N,VIIRS,n,2,302.65,6.56,D,0
30.53854,75.61345,343.3,0.43,0.46,2023-11-15,828,N,VIIRS,n,2,305.76,17.48,D,0
30.53856,75.12885,346.77,0.4,0.44,2023-11-15,828,N,VIIRS,n,2,302.54,11.75,D,0
30.53872,74.10297,337.22,0.53,0.42,2023-11-15,828,N,VIIRS,n,2,302.36,6.03,D,0
30.53911,75.41147,343.39,0.42,0.45,2023-11-15,828,N,VIIRS,n,2,300.84,10.39,D,0
30.53993,75.46022,331.2,0.42,0.45,2023-11-15,828,N,VIIRS,n,2,300.86,2.97,D,0
30.54038,75.46462,340.59,0.42,0.45,2023-11-15,828,N,VIIRS,n,2,301.6,5.25,D,0
30.54129,74.15942,346.46,0.53,0.42,2023-11-15,828,N,VIIRS,n,2,303.79,16.02,D,0
30.54154,75.35379,330.91,0.41,0.45,2023-11-15,828,N,VIIRS,n,2,298.25,1.99,D,0
30.54215,74.9342,349.62,0.39,0.44,2023-11-15,828,N,VIIRS,n,2,304.51,3.27,D,0
30.54256,74.20497,338.98,0.54,0.42,2023-11-15,828,N,VIIRS,n,2,302.57,7.32,D,0
30.5426,75.24451,333.83,0.41,0.45,2023-11-15,828,N,VIIRS,n,2,300.84,2.56,D,0
30.54517,74.15884,349.21,0.53,0.42,2023-11-15,828,N,VIIRS,n,2,304.05,22.63,D,0
30.54562,75.59885,342.16,0.43,0.46,2023-11-15,828,N,VIIRS,n,2,310.08,39.29,D,0
30.54578,74.96712,334.85,0.39,0.44,2023-11-15,828,N,VIIRS,n,2,302.23,4.04,D,0
30.54617,74.44866,338.9,0.55,0.43,2023-11-15,828,N,VIIRS,n,2,300.44,8,D,0
30.5462,74.93363,332.63,0.39,0.44,2023-11-15,828,N,VIIRS,n,2,303.2,3.27,D,0
30.547,75.40597,341.03,0.42,0.45,2023-11-15,828,N,VIIRS,n,2,302.03,7.4,D,0
30.54761,75.29163,336.93,0.41,0.45,2023-11-15,828,N,VIIRS,n,2,308.66,16.47,D,0
30.54807,75.29594,339.18,0.41,0.45,2023-11-15,828,N,VIIRS,n,2,298.96,12.77,D,0
30.54898,74.99603,343.12,0.39,0.44,2023-11-15,828,N,VIIRS,n,2,301.51,7.59,D,0
30.54939,75.34831,342.76,0.41,0.45,2023-11-15,828,N,VIIRS,n,2,300.55,7.3,D,0
30.54965,74.30193,345.53,0.54,0.42,2023-11-15,828,N,VIIRS,n,2,300.31,3.65,D,0
30.55012,74.44808,343.99,0.55,0.43,2023-11-15,828,N,VIIRS,n,2,300.11,8,D,0
30.55407,75.15665,334.99,0.4,0.44,2023-11-15,828,N,VIIRS,n,2,299.22,2.64,D,0
30.55469,75.52088,356.6,0.42,0.45,2023-11-15,828,N,VIIRS,n,2,301.89,7.59,D,0
30.55524,74.53033,334.81,0.56,0.43,2023-11-15,828,N,VIIRS,n,2,300.69,4.13,D,0
30.5553,73.59165,330.9,0.5,0.41,2023-11-15,828,N,VIIRS,n,2,299.32,3.01,D,0
30.55551,74.31847,351.22,0.55,0.42,2023-11-15,828,N,VIIRS,n,2,306.22,38.28,D,0
30.55553,74.18013,330.5,0.54,0.42,2023-11-15,828,N,VIIRS,n,2,299.9,1.72,D,0
30.5558,75.40919,341.67,0.42,0.45,2023-11-15,828,N,VIIRS,n,2,301.4,5.1,D,0
30.55591,73.59692,334.15,0.5,0.41,2023-11-15,828,N,VIIRS,n,2,301.5,5.54,D,0
30.55618,74.28937,333.34,0.54,0.42,2023-11-15,828,N,VIIRS,n,2,301.77,7.24,D,0
30.55811,74.34135,343.06,0.55,0.42,2023-11-15,828,N,VIIRS,n,2,301.67,6.09,D,0
30.55834,74.63184,334.95,0.57,0.43,2023-11-15,828,N,VIIRS,n,2,301,7.59,D,0
30.55861,74.48824,335.34,0.56,0.43,2023-11-15,828,N,VIIRS,n,2,302.21,5.9,D,0
30.5588,74.71059,335.8,0.57,0.43,2023-11-15,828,N,VIIRS,n,2,301.16,4.67,D,0
30.55957,75.32499,341.5,0.41,0.45,2023-11-15,828,N,VIIRS,n,2,299.8,5.72,D,0
30.56021,76.37306,343.61,0.47,0.48,2023-11-15,828,N,VIIRS,n,2,301.38,6.14,D,0
30.56084,75.06614,345.98,0.4,0.44,2023-11-15,828,N,VIIRS,n,2,309.82,36.45,D,0
30.56094,75.18148,342.66,0.4,0.44,2023-11-15,828,N,VIIRS,n,2,301.55,5.06,D,0
30.56176,75.07451,342.45,0.4,0.44,2023-11-15,828,N,VIIRS,n,2,299.74,8.24,D,0
30.56211,75.0026,330.93,0.39,0.44,2023-11-15,828,N,VIIRS,n,2,300.29,1.56,D,0
30.56363,75.06598,354.53,0.4,0.44,2023-11-15,828,N,VIIRS,n,2,304.63,22.3,D,0
30.56406,75.07018,341.1,0.4,0.44,2023-11-15,828,N,VIIRS,n,2,299.65,5.85,D,0
30.56449,75.07436,346.28,0.4,0.44,2023-11-15,828,N,VIIRS,n,2,299.39,5.85,D,0
30.56493,75.06557,330.39,0.4,0.44,2023-11-15,828,N,VIIRS,l,2,301.06,3.52,D,0
30.565,74.96031,338.06,0.39,0.44,2023-11-15,828,N,VIIRS,n,2,302.63,13.54,D,0
30.56501,74.61881,333.77,0.57,0.43,2023-11-15,828,N,VIIRS,n,2,300.84,6.86,D,0
30.56505,75.18092,355.07,0.4,0.44,2023-11-15,828,N,VIIRS,n,2,300.44,5.06,D,0
30.56539,75.06976,331.11,0.4,0.44,2023-11-15,828,N,VIIRS,n,2,299.11,3.64,D,0
30.56582,76.07676,338.29,0.45,0.47,2023-11-15,828,N,VIIRS,n,2,301.58,3.53,D,0
30.56585,75.07394,336.77,0.4,0.44,2023-11-15,828,N,VIIRS,n,2,298.6,3.64,D,0
30.56665,76.07366,338,0.45,0.47,2023-11-15,828,N,VIIRS,n,2,302.22,3.5,D,0
30.56847,74.15535,331.47,0.53,0.42,2023-11-15,828,N,VIIRS,n,2,299.18,1.96,D,0
30.56884,74.15318,330.4,0.54,0.42,2023-11-15,828,N,VIIRS,n,2,299.16,2.64,D,0
30.56984,74.23537,333.55,0.54,0.42,2023-11-15,828,N,VIIRS,n,2,303.35,7.38,D,0
30.56988,76.10716,335.02,0.45,0.47,2023-11-15,828,N,VIIRS,n,2,303.64,3.51,D,0
30.57151,74.90509,341.02,0.39,0.44,2023-11-15,828,N,VIIRS,n,2,301.31,2.45,D,0
30.57206,71.58719,332.79,0.42,0.38,2023-11-15,828,N,VIIRS,l,2,302.86,1.69,D,0
30.57313,76.10487,342.22,0.45,0.47,2023-11-15,828,N,VIIRS,n,2,303.66,5.06,D,0
30.57423,76.1066,337.88,0.45,0.47,2023-11-15,828,N,VIIRS,n,2,301.92,3.51,D,0
30.57479,75.46886,330.15,0.42,0.45,2023-11-15,828,N,VIIRS,l,2,302.47,4.08,D,0
30.5756,75.201,340.31,0.4,0.45,2023-11-15,828,N,VIIRS,n,2,300.84,3.42,D,0
30.57705,74.29786,336.08,0.54,0.42,2023-11-15,828,N,VIIRS,n,2,299.82,5.08,D,0
30.57745,74.73231,333.77,0.57,0.43,2023-11-15,828,N,VIIRS,n,2,302.51,7.27,D,0
30.58187,74.12841,333.13,0.53,0.42,2023-11-15,828,N,VIIRS,n,2,302.4,5.34,D,0
30.58312,75.58926,336.76,0.43,0.46,2023-11-15,828,N,VIIRS,n,2,298.39,1.42,D,0
30.58314,75.88531,332.23,0.44,0.46,2023-11-15,828,N,VIIRS,n,2,302.27,1.99,D,0
30.58395,71.61288,334.62,0.42,0.38,2023-11-15,828,N,VIIRS,n,2,302.88,2.72,D,0
30.58496,75.64822,341.81,0.43,0.46,2023-11-15,828,N,VIIRS,n,2,304.23,7.62,D,0
30.58542,75.65274,341.19,0.43,0.46,2023-11-15,828,N,VIIRS,n,2,301.31,7.62,D,0
30.58557,74.65815,347.05,0.57,0.43,2023-11-15,828,N,VIIRS,n,2,301.13,7.16,D,0
30.58587,75.33452,340.52,0.41,0.45,2023-11-15,828,N,VIIRS,n,2,298.65,5.2,D,0
30.58629,74.31189,345.61,0.55,0.42,2023-11-15,828,N,VIIRS,n,2,301.69,10.99,D,0
30.58686,74.31383,332.57,0.55,0.42,2023-11-15,828,N,VIIRS,n,2,300.3,6.71,D,0
30.58759,75.09663,340.11,0.4,0.44,2023-11-15,828,N,VIIRS,n,2,300.3,3.01,D,0
30.58817,74.32909,334.23,0.55,0.42,2023-11-15,828,N,VIIRS,n,2,300.1,5.48,D,0
30.58827,75.26469,340.64,0.41,0.45,2023-11-15,828,N,VIIRS,n,2,304.19,8.18,D,0
30.58871,75.26898,331.73,0.41,0.45,2023-11-15,828,N,VIIRS,n,2,299.62,8.18,D,0
30.58956,74.65758,334.91,0.57,0.43,2023-11-15,828,N,VIIRS,n,2,299.86,7.16,D,0
30.59048,75.0452,337.71,0.4,0.44,2023-11-15,828,N,VIIRS,n,2,300.39,2.84,D,0
30.5906,75.96018,349.37,0.45,0.47,2023-11-15,828,N,VIIRS,n,2,302.61,5.52,D,0
30.59084,75.2639,337.37,0.41,0.45,2023-11-15,828,N,VIIRS,n,2,303.36,10.84,D,0
30.59086,71.6386,338.21,0.42,0.38,2023-11-15,828,N,VIIRS,n,2,303,3.3,D,0
30.59131,75.26819,340.64,0.41,0.45,2023-11-15,828,N,VIIRS,n,2,301.22,10.84,D,0
30.59168,74.93977,339.58,0.39,0.44,2023-11-15,828,N,VIIRS,n,2,297.97,2.57,D,0
30.59202,75.51131,356.65,0.42,0.45,2023-11-15,828,N,VIIRS,n,2,302.62,13.62,D,0
30.59241,75.26411,332.96,0.41,0.45,2023-11-15,828,N,VIIRS,n,2,301.03,4.87,D,0
30.59342,74.33615,333.84,0.55,0.42,2023-11-15,828,N,VIIRS,n,2,301.77,3.78,D,0
30.59436,75.65611,332.38,0.43,0.46,2023-11-15,828,N,VIIRS,n,2,300.6,1.82,D,0
30.59586,74.36301,341.03,0.55,0.43,2023-11-15,828,N,VIIRS,n,2,309.02,29.56,D,0
30.59654,74.98524,337.35,0.39,0.44,2023-11-15,828,N,VIIRS,n,2,298.99,3.89,D,0
30.59664,74.33367,341.72,0.55,0.42,2023-11-15,828,N,VIIRS,n,2,303.71,9.69,D,0
30.59673,74.36486,342.1,0.55,0.43,2023-11-15,828,N,VIIRS,n,2,308.19,31.51,D,0
30.59695,74.40981,344.43,0.55,0.43,2023-11-15,828,N,VIIRS,n,2,302.3,10.02,D,0
30.59698,74.9894,355.21,0.39,0.44,2023-11-15,828,N,VIIRS,n,2,300.64,5.61,D,0
30.59729,75.1897,341.6,0.4,0.45,2023-11-15,828,N,VIIRS,n,2,302,2.98,D,0
30.59735,74.33557,339.48,0.55,0.42,2023-11-15,828,N,VIIRS,n,2,303.63,9.79,D,0
30.59811,74.41159,352.27,0.55,0.43,2023-11-15,828,N,VIIRS,n,2,302.09,10.31,D,0
30.59818,75.19822,333.78,0.4,0.45,2023-11-15,828,N,VIIRS,n,2,300.4,3.35,D,0
30.5984,75.37241,334.34,0.41,0.45,2023-11-15,828,N,VIIRS,n,2,301.35,2.6,D,0
30.59892,74.93039,338.83,0.39,0.44,2023-11-15,828,N,VIIRS,n,2,299.49,3.49,D,0
30.59914,74.78131,340.69,0.38,0.44,2023-11-15,828,N,VIIRS,n,2,300.99,4.09,D,0
30.59938,76.37029,333.26,0.47,0.48,2023-11-15,828,N,VIIRS,n,2,301.8,2.79,D,0
30.60017,74.98052,331.58,0.39,0.44,2023-11-15,828,N,VIIRS,n,2,298.74,3.89,D,0
30.60106,74.98881,336.73,0.39,0.44,2023-11-15,828,N,VIIRS,n,2,300.03,5.61,D,0
30.60141,75.18912,346.18,0.4,0.45,2023-11-15,828,N,VIIRS,n,2,301.38,8,D,0
30.6015,74.99296,330.33,0.39,0.44,2023-11-15,828,N,VIIRS,l,2,300.45,5.61,D,0
30.6023,75.31958,340.56,0.41,0.45,2023-11-15,828,N,VIIRS,n,2,302.66,4.06,D,0
30.60244,74.49779,340.9,0.56,0.43,2023-11-15,828,N,VIIRS,n,2,301.51,7.53,D,0
30.6026,74.34646,335.62,0.55,0.42,2023-11-15,828,N,VIIRS,n,2,299.75,3.05,D,0
30.60282,75.73785,340.69,0.43,0.46,2023-11-15,828,N,VIIRS,n,2,302.58,4.06,D,0
30.60288,74.66776,343.14,0.57,0.43,2023-11-15,828,N,VIIRS,n,2,305.2,28.74,D,0
30.60329,75.74242,331.98,0.43,0.46,2023-11-15,828,N,VIIRS,n,2,300.99,4.06,D,0
30.60361,74.78477,341.27,0.38,0.44,2023-11-15,828,N,VIIRS,n,2,300.61,4.09,D,0
30.60372,75.01372,337.63,0.4,0.44,2023-11-15,828,N,VIIRS,n,2,304.73,8.84,D,0
30.60399,74.3931,338.29,0.55,0.43,2023-11-15,828,N,VIIRS,n,2,299.32,15,D,0
30.60413,74.4994,344.04,0.56,0.43,2023-11-15,828,N,VIIRS,n,2,301.68,14.36,D,0
30.60416,75.01788,340.28,0.4,0.44,2023-11-15,828,N,VIIRS,n,2,300.5,8.84,D,0
30.60571,75.27097,340.4,0.41,0.45,2023-11-15,828,N,VIIRS,n,2,300.31,6.05,D,0
30.60641,74.49721,342.63,0.56,0.43,2023-11-15,828,N,VIIRS,n,2,299.14,7.53,D,0
30.60793,74.39252,339.37,0.55,0.43,2023-11-15,828,N,VIIRS,n,2,301.64,15,D,0
30.60955,74.37856,342.47,0.55,0.43,2023-11-15,828,N,VIIRS,n,2,301.35,4.6,D,0
30.60955,74.69112,333.01,0.57,0.43,2023-11-15,828,N,VIIRS,n,2,300.86,4.41,D,0
30.61022,74.69711,337.74,0.57,0.43,2023-11-15,828,N,VIIRS,n,2,299.34,4.41,D,0
30.61114,74.89114,349.1,0.39,0.44,2023-11-15,828,N,VIIRS,n,2,312.42,41.59,D,0
30.61307,75.10159,331.78,0.4,0.44,2023-11-15,828,N,VIIRS,n,2,299.84,2.27,D,0
30.61321,74.44874,334.94,0.55,0.43,2023-11-15,828,N,VIIRS,n,2,301.09,9.14,D,0
30.61321,75.02505,340.44,0.4,0.44,2023-11-15,828,N,VIIRS,n,2,301.91,4.06,D,0
30.61355,74.69054,299.99,0.57,0.43,2023-11-15,828,N,VIIRS,l,2,305.62,30.37,D,0
30.61366,75.02923,334.38,0.4,0.44,2023-11-15,828,N,VIIRS,n,2,301.08,4.19,D,0
30.61422,74.69654,333.63,0.57,0.43,2023-11-15,828,N,VIIRS,n,2,302.74,30.37,D,0
30.61461,74.45045,337.4,0.55,0.43,2023-11-15,828,N,VIIRS,n,2,300.36,6.95,D,0
30.61476,75.31786,333.53,0.41,0.45,2023-11-15,828,N,VIIRS,n,2,301.73,3.33,D,0
30.6152,75.32219,331.31,0.41,0.45,2023-11-15,828,N,VIIRS,l,2,302.37,4.13,D,0
30.61538,75.0842,339.97,0.4,0.44,2023-11-15,828,N,VIIRS,n,2,300.73,16.47,D,0
30.61557,75.90466,337.65,0.44,0.46,2023-11-15,828,N,VIIRS,n,2,301.69,2.19,D,0
30.61566,75.16558,332.36,0.4,0.44,2023-11-15,828,N,VIIRS,n,2,299.7,2.35,D,0
30.61626,75.49905,337.3,0.42,0.45,2023-11-15,828,N,VIIRS,n,2,301.58,8.69,D,0
30.61635,75.49972,337.16,0.42,0.45,2023-11-15,828,N,VIIRS,n,2,306.13,21.27,D,0
30.61653,74.90286,340.21,0.39,0.44,2023-11-15,828,N,VIIRS,n,2,299.34,6.51,D,0
30.61674,75.50348,341.28,0.42,0.45,2023-11-15,828,N,VIIRS,n,2,303.8,8.69,D,0
30.61678,74.37161,335.36,0.55,0.43,2023-11-15,828,N,VIIRS,n,2,303.47,9.57,D,0
30.61684,71.67454,332.85,0.42,0.38,2023-11-15,828,N,VIIRS,n,2,301.8,1.46,D,0
30.61698,74.90696,335.93,0.39,0.44,2023-11-15,828,N,VIIRS,n,2,299.2,6.51,D,0
30.61729,74.41269,332.44,0.55,0.43,2023-11-15,828,N,VIIRS,n,2,300.78,8.13,D,0
30.61734,75.2215,341.08,0.41,0.45,2023-11-15,828,N,VIIRS,n,2,300.94,6.66,D,0
30.61743,75.96618,336.67,0.45,0.47,2023-11-15,828,N,VIIRS,n,2,300.93,2.9,D,0
30.61797,75.88544,342.55,0.44,0.46,2023-11-15,828,N,VIIRS,n,2,306.87,29.96,D,0
30.61933,74.39474,335.25,0.55,0.43,2023-11-15,828,N,VIIRS,n,2,299.45,5.56,D,0
30.61953,75.40549,343.09,0.42,0.45,2023-11-15,828,N,VIIRS,n,2,302.48,3.74,D,0
30.61974,74.25469,335.15,0.54,0.42,2023-11-15,828,N,VIIRS,n,2,300.01,3.21,D,0
30.6203,75.13053,335.44,0.4,0.44,2023-11-15,828,N,VIIRS,n,2,304.55,8.6,D,0
30.62075,75.13475,340.35,0.4,0.44,2023-11-15,828,N,VIIRS,n,2,300.34,8.6,D,0
30.62123,74.41211,335.91,0.55,0.43,2023-11-15,828,N,VIIRS,n,2,299.49,8.13,D,0
30.62175,74.45341,336.19,0.56,0.43,2023-11-15,828,N,VIIRS,n,2,299.43,5.15,D,0
30.62396,75.12573,343.43,0.4,0.44,2023-11-15,828,N,VIIRS,n,2,299.65,4.43,D,0
30.62486,75.13418,332.89,0.4,0.44,2023-11-15,828,N,VIIRS,n,2,298.23,8.6,D,0
30.62565,75.50745,343.83,0.42,0.45,2023-11-15,828,N,VIIRS,n,2,301.85,4.86,D,0
30.62642,74.95581,340.36,0.39,0.44,2023-11-15,828,N,VIIRS,n,2,301.33,4.51,D,0
30.62645,75.71622,342.28,0.43,0.46,2023-11-15,828,N,VIIRS,n,2,305.1,6.47,D,0
30.62705,74.61409,336.49,0.57,0.43,2023-11-15,828,N,VIIRS,n,2,302.75,4.16,D,0
30.62709,70.92078,331.44,0.4,0.37,2023-11-15,828,N,VIIRS,l,2,304.12,1.93,D,0
30.62824,74.89703,337.91,0.39,0.44,2023-11-15,828,N,VIIRS,n,2,301.42,2,D,0
30.62884,75.21124,338.53,0.41,0.45,2023-11-15,828,N,VIIRS,n,2,299.71,1.52,D,0
30.6294,75.71677,355.21,0.43,0.46,2023-11-15,828,N,VIIRS,n,2,302.39,11.09,D,0
30.62942,75.13784,337.86,0.4,0.44,2023-11-15,828,N,VIIRS,n,2,298.71,5.02,D,0
30.62946,74.61552,342.27,0.57,0.43,2023-11-15,828,N,VIIRS,n,2,302.37,6.79,D,0
30.63003,74.9511,339.97,0.39,0.44,2023-11-15,828,N,VIIRS,n,2,300.9,4.51,D,0
30.6307,75.71566,341.68,0.43,0.46,2023-11-15,828,N,VIIRS,n,2,300.78,6.47,D,0
30.63115,75.64751,332.06,0.43,0.46,2023-11-15,828,N,VIIRS,n,2,300.46,3.32,D,0
30.63129,71.6765,335.2,0.42,0.38,2023-11-15,828,N,VIIRS,n,2,302.85,24.2,D,0
30.63178,74.39877,344.33,0.55,0.43,2023-11-15,828,N,VIIRS,n,2,306.01,20.16,D,0
30.63185,75.69798,334.54,0.43,0.46,2023-11-15,828,N,VIIRS,n,2,301.29,1.69,D,0
30.632,75.64651,333.17,0.43,0.46,2023-11-15,828,N,VIIRS,n,2,300.63,2.75,D,0
30.63232,74.44,333.61,0.55,0.43,2023-11-15,828,N,VIIRS,n,2,302.09,11.52,D,0
30.63324,74.33991,335.87,0.55,0.43,2023-11-15,828,N,VIIRS,n,2,301.27,7.22,D,0
30.63334,72.21367,333.05,0.44,0.38,2023-11-15,828,N,VIIRS,l,2,303.23,12.41,D,0
30.63344,74.67381,335.88,0.57,0.43,2023-11-15,828,N,VIIRS,n,2,301.81,3.65,D,0
30.63371,75.29769,345.43,0.41,0.45,2023-11-15,828,N,VIIRS,n,2,306.3,13.42,D,0
30.63405,75.50631,341.56,0.42,0.45,2023-11-15,828,N,VIIRS,n,2,302.09,4.86,D,0
30.63507,75.31066,330.46,0.41,0.45,2023-11-15,828,N,VIIRS,n,2,299.95,2.33,D,0
30.63588,75.35898,338.29,0.41,0.45,2023-11-15,828,N,VIIRS,n,2,299.62,2.69,D,0
30.63589,71.65765,331.91,0.42,0.38,2023-11-15,828,N,VIIRS,l,2,302.51,2.84,D,0
30.63622,74.67512,333.46,0.57,0.43,2023-11-15,828,N,VIIRS,n,2,301.4,3.52,D,0
30.63628,75.12401,352.39,0.4,0.44,2023-11-15,828,N,VIIRS,n,2,303.61,6.99,D,0
30.63673,75.12823,350.93,0.4,0.44,2023-11-15,828,N,VIIRS,n,2,300.96,8.03,D,0
30.63717,74.33932,337.41,0.55,0.43,2023-11-15,828,N,VIIRS,n,2,301.29,7.22,D,0
30.63719,75.13245,343.37,0.4,0.44,2023-11-15,828,N,VIIRS,n,2,299.62,8.03,D,0
30.63724,75.0556,336.92,0.4,0.44,2023-11-15,828,N,VIIRS,n,2,299.77,3.36,D,0
30.63871,75.63731,342.46,0.43,0.46,2023-11-15,828,N,VIIRS,n,2,304.73,21.08,D,0
30.63936,71.65704,339.15,0.42,0.38,2023-11-15,828,N,VIIRS,n,2,303.13,2.84,D,0
30.64038,75.12344,330.96,0.4,0.44,2023-11-15,828,N,VIIRS,n,2,300,6.99,D,0
30.64084,74.8994,340.67,0.39,0.44,2023-11-15,828,N,VIIRS,n,2,300.74,8.59,D,0
30.64097,75.53242,339.25,0.42,0.45,2023-11-15,828,N,VIIRS,n,2,299.57,3.38,D,0
30.6427,72.09629,332.62,0.44,0.38,2023-11-15,828,N,VIIRS,n,2,301.56,3.29,D,0
30.6428,72.23089,338.56,0.44,0.38,2023-11-15,828,N,VIIRS,n,2,303.23,4.41,D,0
30.64283,72.25916,343.56,0.44,0.39,2023-11-15,828,N,VIIRS,n,2,306.68,17.88,D,0
30.64295,74.39123,333.27,0.55,0.43,2023-11-15,828,N,VIIRS,n,2,301.91,4.02,D,0
30.64298,75.26581,345.31,0.41,0.45,2023-11-15,828,N,VIIRS,n,2,301.06,4.59,D,0
30.64303,74.35601,340.06,0.55,0.43,2023-11-15,828,N,VIIRS,n,2,302.9,8.35,D,0
30.64314,72.09499,334.07,0.44,0.38,2023-11-15,828,N,VIIRS,n,2,300.72,3.42,D,0
30.64337,76.04922,342.12,0.45,0.47,2023-11-15,828,N,VIIRS,n,2,303.23,3.98,D,0
30.64367,74.36176,333.91,0.55,0.43,2023-11-15,828,N,VIIRS,n,2,300.84,8.35,D,0
30.64436,74.82013,338.67,0.39,0.44,2023-11-15,828,N,VIIRS,n,2,301.4,3.41,D,0
30.64461,71.69673,334.97,0.42,0.38,2023-11-15,828,N,VIIRS,n,2,305.77,4.79,D,0
30.64472,75.5274,339.96,0.42,0.45,2023-11-15,828,N,VIIRS,n,2,299.74,5.54,D,0
30.64517,75.53185,337.06,0.42,0.45,2023-11-15,828,N,VIIRS,n,2,299.19,3.72,D,0
30.64536,75.61812,331.59,0.43,0.46,2023-11-15,828,N,VIIRS,n,2,300.52,1.82,D,0
30.6461,75.33553,340.4,0.41,0.45,2023-11-15,828,N,VIIRS,n,2,299.94,3.69,D,0
30.6464,71.7644,340.55,0.43,0.38,2023-11-15,828,N,VIIRS,n,2,303.16,5.6,D,0
30.64709,74.84452,348.71,0.39,0.44,2023-11-15,828,N,VIIRS,n,2,301.21,3.77,D,0
30.6475,74.84495,342.57,0.39,0.44,2023-11-15,828,N,VIIRS,n,2,301.71,3.93,D,0
30.64883,74.40804,345.13,0.55,0.43,2023-11-15,828,N,VIIRS,n,2,299.91,6.48,D,0
30.64892,75.52682,332.64,0.42,0.45,2023-11-15,828,N,VIIRS,n,2,299.62,5.54,D,0
30.64959,74.34332,336.02,0.55,0.43,2023-11-15,828,N,VIIRS,n,2,300.63,6.37,D,0
30.65029,74.31403,336.51,0.55,0.42,2023-11-15,828,N,VIIRS,n,2,301.99,9.36,D,0
30.65032,72.1498,335,0.44,0.38,2023-11-15,828,N,VIIRS,n,2,301.83,3.68,D,0
30.65113,74.84396,339.04,0.39,0.44,2023-11-15,828,N,VIIRS,n,2,301.26,3.77,D,0
30.65131,75.50846,345.59,0.42,0.45,2023-11-15,828,N,VIIRS,n,2,301.17,4.25,D,0
30.65154,74.84438,334.82,0.39,0.44,2023-11-15,828,N,VIIRS,n,2,300.81,3.93,D,0
30.65275,71.73151,335.24,0.42,0.38,2023-11-15,828,N,VIIRS,n,2,301.95,3.17,D,0
30.65277,74.40746,335.29,0.55,0.43,2023-11-15,828,N,VIIRS,n,2,298.35,6.48,D,0
30.65299,74.81934,341.15,0.39,0.44,2023-11-15,828,N,VIIRS,n,2,304.34,5.58,D,0
30.65302,74.59221,335.04,0.56,0.43,2023-11-15,828,N,VIIRS,n,2,300.92,3.82,D,0
30.65318,72.15055,331.13,0.44,0.38,2023-11-15,828,N,VIIRS,n,2,299.3,3.68,D,0
30.65432,74.60409,333.89,0.57,0.43,2023-11-15,828,N,VIIRS,n,2,303.01,4.1,D,0
30.65515,74.83972,341.38,0.39,0.44,2023-11-15,828,N,VIIRS,n,2,303.86,4.45,D,0
30.65551,74.65236,334.77,0.57,0.43,2023-11-15,828,N,VIIRS,n,2,300.46,74.52,D,0
30.6566,74.47794,336.29,0.56,0.43,2023-11-15,828,N,VIIRS,n,2,308.9,14.96,D,0
30.6579,71.68987,346.17,0.42,0.38,2023-11-15,828,N,VIIRS,n,2,302.78,3.87,D,0
30.65916,75.5435,340.45,0.42,0.45,2023-11-15,828,N,VIIRS,n,2,299.88,4.81,D,0
30.6593,74.91821,350.13,0.39,0.44,2023-11-15,828,N,VIIRS,n,2,301.1,5.45,D,0
30.65935,74.91767,344.46,0.39,0.44,2023-11-15,828,N,VIIRS,n,2,299.61,4.75,D,0
30.65969,76.48442,341.4,0.48,0.48,2023-11-15,828,N,VIIRS,n,2,304.09,5.4,D,0
30.65981,74.92178,335.6,0.39,0.44,2023-11-15,828,N,VIIRS,n,2,299.39,4.94,D,0
30.66056,74.47736,334.28,0.56,0.43,2023-11-15,828,N,VIIRS,n,2,301.51,14.96,D,0
30.66321,75.29801,340.7,0.41,0.45,2023-11-15,828,N,VIIRS,n,2,300.77,4.23,D,0
30.66332,72.00447,343.96,0.43,0.38,2023-11-15,828,N,VIIRS,n,2,301.96,4.47,D,0
30.66336,74.91763,340.43,0.39,0.44,2023-11-15,828,N,VIIRS,n,2,301.42,7.97,D,0
30.66337,74.28878,332.09,0.54,0.42,2023-11-15,828,N,VIIRS,n,2,299.79,2.5,D,0
30.66361,75.06892,331.14,0.4,0.44,2023-11-15,828,N,VIIRS,n,2,299.3,1.14,D,0
30.66379,74.92175,343.28,0.39,0.44,2023-11-15,828,N,VIIRS,n,2,305.78,18.69,D,0
30.66549,75.35932,333.08,0.41,0.45,2023-11-15,828,N,VIIRS,n,2,300.24,1.55,D,0
30.66552,71.74741,332.99,0.42,0.38,2023-11-15,828,N,VIIRS,n,2,302.65,5.95,D,0
30.6656,73.88818,335.12,0.52,0.42,2023-11-15,828,N,VIIRS,n,2,302.38,4.3,D,0
30.66596,74.34676,337.71,0.55,0.43,2023-11-15,828,N,VIIRS,n,2,299.72,4.89,D,0
30.66682,71.89325,333.34,0.43,0.38,2023-11-15,828,N,VIIRS,n,2,301.98,2.41,D,0
30.66683,72.00386,334.56,0.43,0.38,2023-11-15,828,N,VIIRS,n,2,299.51,4.52,D,0
30.66689,75.33267,351.69,0.41,0.45,2023-11-15,828,N,VIIRS,n,2,301.89,9.84,D,0
30.66742,74.91705,342.6,0.39,0.44,2023-11-15,828,N,VIIRS,n,2,302.04,7.97,D,0
30.66782,75.22316,340.4,0.41,0.45,2023-11-15,828,N,VIIRS,n,2,300.9,4.91,D,0
30.66824,75.3855,356.73,0.42,0.45,2023-11-15,828,N,VIIRS,n,2,300.2,7.68,D,0
30.66989,74.24143,331.91,0.54,0.42,2023-11-15,828,N,VIIRS,n,2,300.68,3.12,D,0
30.67041,75.52842,342.22,0.42,0.45,2023-11-15,828,N,VIIRS,n,2,301.78,6.1,D,0
30.67055,75.17085,356.63,0.4,0.45,2023-11-15,828,N,VIIRS,n,2,300.23,6.4,D,0
30.67088,75.53287,335.14,0.42,0.45,2023-11-15,828,N,VIIRS,n,2,299.55,6.1,D,0
30.67124,75.79021,330.23,0.44,0.46,2023-11-15,828,N,VIIRS,n,2,301.73,1.38,D,0
30.67231,75.5056,353.51,0.42,0.45,2023-11-15,828,N,VIIRS,n,2,305.71,22.06,D,0
30.67409,70.71051,337.49,0.4,0.37,2023-11-15,828,N,VIIRS,n,2,303.05,2.25,D,0
30.67446,74.38657,346.81,0.55,0.43,2023-11-15,828,N,VIIRS,n,2,302.29,12.37,D,0
30.67471,70.71086,340.08,0.4,0.37,2023-11-15,828,N,VIIRS,n,2,302.79,3.26,D,0
30.67785,74.89886,344.13,0.39,0.44,2023-11-15,828,N,VIIRS,n,2,302.39,7.58,D,0
30.67829,74.90298,339.34,0.39,0.44,2023-11-15,828,N,VIIRS,n,2,300.58,4.47,D,0
30.6784,74.42139,345.04,0.55,0.43,2023-11-15,828,N,VIIRS,n,2,302.29,9.27,D,0
30.67873,74.9071,340.16,0.39,0.44,2023-11-15,828,N,VIIRS,n,2,299.84,4.47,D,0
30.67884,75.10599,334.68,0.4,0.44,2023-11-15,828,N,VIIRS,n,2,299.63,2.89,D,0
30.67925,75.57253,341.65,0.43,0.46,2023-11-15,828,N,VIIRS,n,2,302.26,2.79,D,0
30.68006,75.10504,340.93,0.4,0.44,2023-11-15,828,N,VIIRS,n,2,300.8,4.19,D,0
30.68034,74.96138,341.5,0.39,0.44,2023-11-15,828,N,VIIRS,n,2,301.81,5.65,D,0
30.68118,75.80293,341.47,0.44,0.46,2023-11-15,828,N,VIIRS,n,2,301.74,4.45,D,0
30.68233,75.90171,344.61,0.44,0.46,2023-11-15,828,N,VIIRS,n,2,303.1,5.17,D,0
30.68234,74.38542,332.86,0.55,0.43,2023-11-15,828,N,VIIRS,n,2,299.71,13.32,D,0
30.68234,74.42081,346.17,0.55,0.43,2023-11-15,828,N,VIIRS,n,2,301.95,16.34,D,0
30.68497,74.37328,334.99,0.55,0.43,2023-11-15,828,N,VIIRS,n,2,302.63,4.43,D,0
30.6864,74.90182,343.91,0.39,0.44,2023-11-15,828,N,VIIRS,n,2,308.28,16.42,D,0
30.68819,75.45407,340.88,0.42,0.45,2023-11-15,828,N,VIIRS,n,2,301.27,3.22,D,0
30.68888,74.81004,335.41,0.39,0.44,2023-11-15,828,N,VIIRS,n,2,301.88,2.43,D,0
30.68907,72.00928,333.84,0.43,0.38,2023-11-15,828,N,VIIRS,n,2,299.16,3.22,D,0
30.69197,75.86728,349.26,0.44,0.46,2023-11-15,828,N,VIIRS,n,2,301.6,6.67,D,0
30.69222,74.50847,335.64,0.56,0.43,2023-11-15,828,N,VIIRS,n,2,303.83,4.71,D,0
30.69245,72.31843,339.07,0.45,0.39,2023-11-15,828,N,VIIRS,n,2,301.59,3.48,D,0
30.69248,75.11694,340.89,0.4,0.44,2023-11-15,828,N,VIIRS,n,2,301.44,3.17,D,0
30.69283,75.41772,350.42,0.42,0.45,2023-11-15,828,N,VIIRS,n,2,305.49,20.88,D,0
30.69398,74.93424,339.52,0.39,0.44,2023-11-15,828,N,VIIRS,n,2,299.08,2.61,D,0
30.69591,74.37518,345.83,0.55,0.43,2023-11-15,828,N,VIIRS,n,2,301.24,8.62,D,0
30.696,71.92494,342.9,0.43,0.38,2023-11-15,828,N,VIIRS,n,2,305.37,14.9,D,0
30.69619,74.50789,332.51,0.56,0.43,2023-11-15,828,N,VIIRS,n,2,301.83,4.71,D,0
30.69646,75.33301,336.75,0.41,0.45,2023-11-15,828,N,VIIRS,n,2,301.4,2.48,D,0
30.69658,75.11636,337.46,0.4,0.44,2023-11-15,828,N,VIIRS,n,2,300.37,3.17,D,0
30.69662,74.73087,351.84,0.38,0.43,2023-11-15,828,N,VIIRS,n,2,304.51,10.73,D,0
30.69684,75.0394,340.24,0.4,0.44,2023-11-15,828,N,VIIRS,n,2,300.26,3.36,D,0
30.69725,74.88773,338.46,0.39,0.44,2023-11-15,828,N,VIIRS,n,2,301.47,2.8,D,0
30.69775,75.26698,342.54,0.41,0.45,2023-11-15,828,N,VIIRS,n,2,302.03,8.7,D,0
30.69818,74.56157,331.01,0.56,0.43,2023-11-15,828,N,VIIRS,n,2,301.15,3.27,D,0
30.69822,75.27129,340.55,0.41,0.45,2023-11-15,828,N,VIIRS,n,2,300.99,8.7,D,0
30.69838,75.33813,332.26,0.41,0.45,2023-11-15,828,N,VIIRS,n,2,299.46,2.9,D,0
30.69861,75.05618,341.19,0.4,0.44,2023-11-15,828,N,VIIRS,n,2,302.61,7.29,D,0
30.6996,74.83333,342.15,0.39,0.44,2023-11-15,828,N,VIIRS,n,2,301.8,3.19,D,0
30.69964,75.26762,354.74,0.41,0.45,2023-11-15,828,N,VIIRS,n,2,309.2,23.46,D,0
30.69977,71.76414,334.89,0.43,0.38,2023-11-15,828,N,VIIRS,n,2,303.11,5.15,D,0
30.69985,74.3746,344.04,0.55,0.43,2023-11-15,828,N,VIIRS,n,2,299.59,8.62,D,0
30.70082,75.0772,345.02,0.4,0.44,2023-11-15,828,N,VIIRS,n,2,304.32,10.02,D,0
30.7013,74.88715,347.55,0.39,0.44,2023-11-15,828,N,VIIRS,n,2,300.59,5.03,D,0
30.70213,71.78192,332.23,0.43,0.38,2023-11-15,828,N,VIIRS,n,2,301.47,3,D,0
30.7035,75.22345,330.61,0.41,0.45,2023-11-15,828,N,VIIRS,n,2,299.01,3.59,D,0
30.70438,75.23203,350.75,0.41,0.45,2023-11-15,828,N,VIIRS,n,2,301.19,12.42,D,0
30.70492,75.07663,345.93,0.4,0.44,2023-11-15,828,N,VIIRS,n,2,302.08,12.01,D,0
30.70512,75.1582,340.68,0.4,0.45,2023-11-15,828,N,VIIRS,n,2,299.85,3.78,D,0
30.70556,75.16245,332.1,0.4,0.45,2023-11-15,828,N,VIIRS,n,2,298.91,4.06,D,0
30.70757,74.90714,339.65,0.39,0.44,2023-11-15,828,N,VIIRS,n,2,299.4,3.63,D,0
30.70763,74.22757,337.84,0.54,0.42,2023-11-15,828,N,VIIRS,n,2,299.81,3.59,D,0
30.70777,75.18376,334.4,0.41,0.45,2023-11-15,828,N,VIIRS,n,2,298.66,2.4,D,0
30.70852,75.23145,353.3,0.41,0.45,2023-11-15,828,N,VIIRS,n,2,306.1,12.42,D,0
30.70947,71.94566,332.07,0.43,0.38,2023-11-15,828,N,VIIRS,n,2,299.86,2.65,D,0
30.71113,74.94019,337.32,0.39,0.44,2023-11-15,828,N,VIIRS,n,2,299.21,4.31,D,0
30.71115,75.38067,342.74,0.42,0.45,2023-11-15,828,N,VIIRS,n,2,303.75,7.61,D,0
30.71138,75.39293,354.45,0.42,0.45,2023-11-15,828,N,VIIRS,n,2,303.37,11.04,D,0
30.71145,75.17893,330.16,0.41,0.45,2023-11-15,828,N,VIIRS,n,2,300.41,2.4,D,0
30.71197,74.43421,333.88,0.55,0.43,2023-11-15,828,N,VIIRS,n,2,302.22,4.54,D,0
30.71207,75.80819,341.54,0.44,0.46,2023-11-15,828,N,VIIRS,n,2,303.39,8.02,D,0
30.71214,74.6868,345.37,0.57,0.43,2023-11-15,828,N,VIIRS,n,2,303.23,8.16,D,0
30.71248,75.39382,344.15,0.42,0.45,2023-11-15,828,N,VIIRS,n,2,301.5,11.94,D,0
30.71266,75.23088,337.01,0.41,0.45,2023-11-15,828,N,VIIRS,n,2,298.36,4.49,D,0
30.71281,74.6928,333.27,0.57,0.43,2023-11-15,828,N,VIIRS,n,2,300.68,2.3,D,0
30.71302,74.88129,330.62,0.39,0.44,2023-11-15,828,N,VIIRS,l,2,300.92,1.72,D,0
30.71404,74.43157,335.86,0.56,0.43,2023-11-15,828,N,VIIRS,n,2,301.63,5.66,D,0
30.71433,75.49992,336.28,0.42,0.45,2023-11-15,828,N,VIIRS,n,2,300.62,2.67,D,0
30.71476,75.50104,337.33,0.42,0.45,2023-11-15,828,N,VIIRS,n,2,301.05,2.93,D,0
30.71531,74.44324,334.29,0.56,0.43,2023-11-15,828,N,VIIRS,n,2,303.01,2.91,D,0
30.71659,74.43945,332.02,0.56,0.43,2023-11-15,828,N,VIIRS,l,2,304.42,3.29,D,0
30.72004,75.22115,339.64,0.41,0.45,2023-11-15,828,N,VIIRS,n,2,298.79,2.75,D,0
30.7207,75.14739,339.48,0.4,0.44,2023-11-15,828,N,VIIRS,n,2,302.4,5.57,D,0
30.72114,75.15165,338.82,0.4,0.45,2023-11-15,828,N,VIIRS,n,2,300.28,6.11,D,0
30.72159,74.84678,337.13,0.39,0.44,2023-11-15,828,N,VIIRS,n,2,302.7,2.2,D,0
30.72168,75.11713,336.09,0.4,0.44,2023-11-15,828,N,VIIRS,n,2,298.37,14.3,D,0
30.7219,71.70701,343.14,0.42,0.38,2023-11-15,828,N,VIIRS,n,2,305.67,11.33,D,0
30.72238,75.20343,341.75,0.41,0.45,2023-11-15,828,N,VIIRS,n,2,300.07,3.72,D,0
30.7229,75.45495,340.71,0.42,0.45,2023-11-15,828,N,VIIRS,n,2,301.65,2.93,D,0
30.723,75.83022,339.81,0.44,0.46,2023-11-15,828,N,VIIRS,n,2,303.44,7.28,D,0
30.72356,74.51958,336.87,0.56,0.43,2023-11-15,828,N,VIIRS,n,2,303.32,3.8,D,0
30.72444,75.80186,337.63,0.44,0.46,2023-11-15,828,N,VIIRS,n,2,300.29,4.87,D,0
30.72475,74.76374,336.72,0.38,0.44,2023-11-15,828,N,VIIRS,n,2,305.62,9.05,D,0
30.7252,74.76778,340.34,0.39,0.44,2023-11-15,828,N,VIIRS,n,2,301,9.05,D,0
30.72539,75.81111,333,0.44,0.46,2023-11-15,828,N,VIIRS,n,2,301.44,3.59,D,0
30.72558,75.48154,343.55,0.42,0.45,2023-11-15,828,N,VIIRS,n,2,302.31,4.62,D,0
30.72598,74.5215,340.96,0.56,0.43,2023-11-15,828,N,VIIRS,n,2,309.09,33.92,D,0
30.72646,71.9658,333.02,0.43,0.38,2023-11-15,828,N,VIIRS,n,2,301.31,3.84,D,0
30.72727,75.05215,332.09,0.4,0.44,2023-11-15,828,N,VIIRS,n,2,298.96,2.7,D,0
30.72753,74.519,341.03,0.56,0.43,2023-11-15,828,N,VIIRS,n,2,306.06,36.48,D,0
30.72774,75.75002,341.48,0.44,0.46,2023-11-15,828,N,VIIRS,n,2,300.79,3.97,D,0
30.72966,74.92078,338.15,0.39,0.44,2023-11-15,828,N,VIIRS,n,2,301.8,4.13,D,0
30.73059,71.71909,334.1,0.42,0.38,2023-11-15,828,N,VIIRS,n,2,304.54,3.56,D,0
30.73066,75.36466,334.94,0.42,0.45,2023-11-15,828,N,VIIRS,n,2,300.75,3.13,D,0
30.73125,74.40535,344.41,0.55,0.43,2023-11-15,828,N,VIIRS,n,2,301.44,14,D,0
30.73176,75.09427,335.12,0.4,0.44,2023-11-15,828,N,VIIRS,n,2,298.6,3.79,D,0
30.73221,75.09849,345.23,0.4,0.44,2023-11-15,828,N,VIIRS,n,2,299.98,7.07,D,0
30.73236,74.94559,342.15,0.39,0.44,2023-11-15,828,N,VIIRS,n,2,302.52,8.49,D,0
30.73483,74.29323,341.57,0.55,0.42,2023-11-15,828,N,VIIRS,n,2,302.84,6.51,D,0
30.73611,74.52373,334.65,0.56,0.43,2023-11-15,828,N,VIIRS,n,2,303.57,4.68,D,0
30.73755,75.18829,341.9,0.41,0.45,2023-11-15,828,N,VIIRS,n,2,301.13,3.77,D,0
30.73771,75.7627,344.56,0.44,0.46,2023-11-15,828,N,VIIRS,n,2,302.28,8.45,D,0
30.73803,75.52047,342.13,0.42,0.45,2023-11-15,828,N,VIIRS,n,2,304.21,4.25,D,0
30.73837,72.05653,332.46,0.44,0.38,2023-11-15,828,N,VIIRS,n,2,298.77,5.45,D,0
30.73875,74.29264,338.27,0.55,0.42,2023-11-15,828,N,VIIRS,n,2,300.52,6.51,D,0
30.74027,72.01584,330.19,0.43,0.38,2023-11-15,828,N,VIIRS,n,2,300.72,1.57,D,0
30.74072,75.76379,343.62,0.44,0.46,2023-11-15,828,N,VIIRS,n,2,302.12,13.27,D,0
30.74089,74.79852,341.77,0.39,0.44,2023-11-15,828,N,VIIRS,n,2,304.47,4.69,D,0
30.74117,75.76841,343.09,0.44,0.46,2023-11-15,828,N,VIIRS,n,2,305.84,36.05,D,0
30.74186,74.95688,341.88,0.39,0.44,2023-11-15,828,N,VIIRS,n,2,301.41,8.07,D,0
30.74217,71.89071,334.57,0.43,0.38,2023-11-15,828,N,VIIRS,n,2,301.54,4.98,D,0
30.74406,74.82704,342.4,0.39,0.44,2023-11-15,828,N,VIIRS,n,2,302.24,3.83,D,0
30.74449,75.13545,351.97,0.4,0.44,2023-11-15,828,N,VIIRS,n,2,300.66,5.53,D,0
30.74451,74.83113,337.27,0.39,0.44,2023-11-15,828,N,VIIRS,n,2,300.29,3.83,D,0
30.74493,74.79794,341.9,0.39,0.44,2023-11-15,828,N,VIIRS,n,2,303.81,4.69,D,0
30.74767,74.40884,335.02,0.55,0.43,2023-11-15,828,N,VIIRS,n,2,301.17,5.25,D,0
30.74864,75.05767,354.84,0.4,0.44,2023-11-15,828,N,VIIRS,n,2,301.14,8.85,D,0
30.74956,75.02773,351.13,0.4,0.44,2023-11-15,828,N,VIIRS,n,2,304.28,15.27,D,0
30.75024,72.00948,335.37,0.43,0.38,2023-11-15,828,N,VIIRS,n,2,302.57,3.69,D,0
30.75074,75.27367,342.58,0.41,0.45,2023-11-15,828,N,VIIRS,n,2,302.99,9.27,D,0
30.75229,75.0529,337.79,0.4,0.44,2023-11-15,828,N,VIIRS,n,2,301.89,3.84,D,0
30.75262,71.72431,330.16,0.42,0.38,2023-11-15,828,N,VIIRS,l,2,303.46,8.55,D,0
30.7532,71.72874,333.89,0.43,0.38,2023-11-15,828,N,VIIRS,n,2,304.85,4.9,D,0
30.75495,71.9901,336.09,0.43,0.38,2023-11-15,828,N,VIIRS,n,2,301.13,4.85,D,0
30.75583,74.89614,342.89,0.39,0.44,2023-11-15,828,N,VIIRS,n,2,305.81,13.8,D,0
30.75614,75.36559,338.5,0.42,0.45,2023-11-15,828,N,VIIRS,n,2,306.88,23.33,D,0
30.75671,75.29043,334.62,0.41,0.45,2023-11-15,828,N,VIIRS,n,2,301.83,3.25,D,0
30.7576,75.54503,355.46,0.42,0.46,2023-11-15,828,N,VIIRS,n,2,302.79,15.03,D,0
30.75979,75.4007,332.12,0.42,0.45,2023-11-15,828,N,VIIRS,n,2,300.45,2.22,D,0
30.76032,74.78745,342.21,0.39,0.44,2023-11-15,828,N,VIIRS,n,2,304.03,3.28,D,0
30.76047,75.20683,343.4,0.41,0.45,2023-11-15,828,N,VIIRS,n,2,306.26,17.01,D,0
30.76081,71.97982,340.58,0.43,0.38,2023-11-15,828,N,VIIRS,n,2,304.63,5.69,D,0
30.76087,75.28985,367,0.41,0.45,2023-11-15,828,N,VIIRS,h,2,302.78,13.11,D,0
30.76101,76.16209,340.64,0.46,0.47,2023-11-15,828,N,VIIRS,n,2,302.13,6.1,D,0
30.76149,76.16695,331.79,0.46,0.47,2023-11-15,828,N,VIIRS,n,2,300.94,6.87,D,0
30.76161,74.79967,343.05,0.39,0.44,2023-11-15,828,N,VIIRS,n,2,302.51,3.71,D,0
30.76274,75.55341,341.98,0.43,0.46,2023-11-15,828,N,VIIRS,n,2,301.1,4.7,D,0
30.76313,71.99796,333.51,0.43,0.38,2023-11-15,828,N,VIIRS,n,2,300.63,2.53,D,0
30.76413,75.2412,340.74,0.41,0.45,2023-11-15,828,N,VIIRS,n,2,300.08,7,D,0
30.76425,71.75867,340.9,0.43,0.38,2023-11-15,828,N,VIIRS,n,2,306.84,6.83,D,0
30.76431,71.84092,346.02,0.43,0.38,2023-11-15,828,N,VIIRS,n,2,304.62,5.58,D,0
30.7669,74.92823,346.08,0.39,0.44,2023-11-15,828,N,VIIRS,n,2,302.06,4.74,D,0
30.76717,74.54924,337.15,0.56,0.43,2023-11-15,828,N,VIIRS,n,2,304.16,4.56,D,0
30.76734,75.27139,346.47,0.41,0.45,2023-11-15,828,N,VIIRS,n,2,310.56,97.29,D,0
30.7675,75.51646,339.81,0.42,0.45,2023-11-15,828,N,VIIRS,n,2,300.92,4.05,D,0
30.76753,74.26506,332.5,0.54,0.42,2023-11-15,828,N,VIIRS,n,2,300.02,2.09,D,0
30.76761,74.92801,342.97,0.39,0.44,2023-11-15,828,N,VIIRS,n,2,302.59,4.64,D,0
30.76796,75.52094,335.42,0.42,0.45,2023-11-15,828,N,VIIRS,n,2,302.24,4.05,D,0
30.76882,74.27651,332.66,0.55,0.42,2023-11-15,828,N,VIIRS,n,2,298.88,6.08,D,0
30.76925,74.79443,339.96,0.39,0.44,2023-11-15,828,N,VIIRS,n,2,300.69,2.85,D,0
30.76993,75.45751,334.22,0.42,0.45,2023-11-15,828,N,VIIRS,n,2,300.25,2.56,D,0
30.77,75.02486,330.34,0.4,0.44,2023-11-15,828,N,VIIRS,n,2,299.97,2.25,D,0
30.77055,75.30171,332.38,0.41,0.45,2023-11-15,828,N,VIIRS,n,2,299.35,2.49,D,0
30.77085,74.84818,331.35,0.39,0.44,2023-11-15,828,N,VIIRS,n,2,302.54,1.92,D,0
30.77143,74.29947,341.23,0.55,0.42,2023-11-15,828,N,VIIRS,n,2,300.75,4.82,D,0
30.77195,75.19654,341.22,0.41,0.45,2023-11-15,828,N,VIIRS,n,2,301.78,5.4,D,0
30.77382,74.53624,332.36,0.56,0.43,2023-11-15,828,N,VIIRS,n,2,301.29,3.15,D,0
30.77469,71.75684,333.23,0.43,0.38,2023-11-15,828,N,VIIRS,n,2,302.54,6.21,D,0
30.77531,74.96918,330.7,0.4,0.44,2023-11-15,828,N,VIIRS,n,2,300.29,1.65,D,0
30.77536,74.29889,334.72,0.55,0.42,2023-11-15,828,N,VIIRS,n,2,300.67,3.37,D,0
30.77763,71.77911,335.81,0.43,0.38,2023-11-15,828,N,VIIRS,n,2,305.67,3.54,D,0
30.7799,71.74225,331.91,0.43,0.38,2023-11-15,828,N,VIIRS,l,2,303.26,6.4,D,0
30.78048,71.7467,333.87,0.43,0.38,2023-11-15,828,N,VIIRS,l,2,303.92,6.4,D,0
30.78056,74.90109,343.16,0.39,0.44,2023-11-15,828,N,VIIRS,n,2,305.29,7.47,D,0
30.78099,74.90522,330.98,0.39,0.44,2023-11-15,828,N,VIIRS,n,2,301.73,5.71,D,0
30.78244,74.99783,342.51,0.4,0.44,2023-11-15,828,N,VIIRS,n,2,302.47,12.96,D,0
30.78274,74.92178,341.28,0.39,0.44,2023-11-15,828,N,VIIRS,n,2,301.36,4.29,D,0
30.78304,72.01309,335.67,0.43,0.38,2023-11-15,828,N,VIIRS,n,2,300.7,3.53,D,0
30.78506,74.75091,345.42,0.39,0.44,2023-11-15,828,N,VIIRS,n,2,310.67,7.43,D,0
30.78647,74.4685,335.45,0.56,0.43,2023-11-15,828,N,VIIRS,n,2,302.7,4.44,D,0
30.78745,71.74548,338.09,0.43,0.38,2023-11-15,828,N,VIIRS,n,2,305.93,4.73,D,0
30.788,75.98035,346.74,0.45,0.47,2023-11-15,828,N,VIIRS,n,2,301.83,6.57,D,0
30.78864,74.74628,342.02,0.38,0.44,2023-11-15,828,N,VIIRS,n,2,304.04,7.43,D,0
30.78915,74.71335,340.94,0.38,0.43,2023-11-15,828,N,VIIRS,n,2,303.52,7.5,D,0
30.78949,72.06322,333.87,0.44,0.38,2023-11-15,828,N,VIIRS,n,2,300.2,3.05,D,0
30.79022,74.83708,335.45,0.39,0.44,2023-11-15,828,N,VIIRS,n,2,303.68,2.46,D,0
30.79172,75.62724,339.16,0.43,0.46,2023-11-15,828,N,VIIRS,n,2,301.39,3.88,D,0
30.79359,75.24151,335.03,0.41,0.45,2023-11-15,828,N,VIIRS,n,2,299.05,1.26,D,0
30.79418,72.01582,333.7,0.43,0.38,2023-11-15,828,N,VIIRS,n,2,299.54,4.26,D,0
30.79504,75.24173,346.03,0.41,0.45,2023-11-15,828,N,VIIRS,n,2,300.91,6.1,D,0
30.79538,74.92419,338.67,0.39,0.44,2023-11-15,828,N,VIIRS,n,2,301.73,2.42,D,0
30.79593,74.89053,346.09,0.39,0.44,2023-11-15,828,N,VIIRS,n,2,304.85,17.67,D,0
30.79601,75.12858,348.14,0.4,0.44,2023-11-15,828,N,VIIRS,n,2,301.93,8.06,D,0
30.79602,75.38239,354.99,0.42,0.45,2023-11-15,828,N,VIIRS,n,2,303.97,9.3,D,0
30.79689,75.01701,342.97,0.4,0.44,2023-11-15,828,N,VIIRS,n,2,305.93,19.82,D,0
30.79773,75.24094,341.12,0.41,0.45,2023-11-15,828,N,VIIRS,n,2,299.4,3.82,D,0
30.79924,71.83482,344.8,0.43,0.38,2023-11-15,828,N,VIIRS,n,2,301.62,3.79,D,0
30.8002,75.38183,338.63,0.42,0.45,2023-11-15,828,N,VIIRS,n,2,298.81,9.3,D,0
30.80032,74.59275,351.14,0.57,0.43,2023-11-15,828,N,VIIRS,n,2,306.25,15.95,D,0
30.80332,71.83869,332.84,0.43,0.38,2023-11-15,828,N,VIIRS,l,2,302.89,7.38,D,0
30.80438,75.20986,335.59,0.41,0.45,2023-11-15,828,N,VIIRS,n,2,299.11,5.48,D,0
30.80602,74.79332,332.26,0.39,0.44,2023-11-15,828,N,VIIRS,n,2,301.64,2.61,D,0
30.80714,71.73291,339.66,0.43,0.38,2023-11-15,828,N,VIIRS,n,2,307.43,4.68,D,0
30.80902,75.38507,340.13,0.42,0.45,2023-11-15,828,N,VIIRS,n,2,300.56,3.64,D,0
30.80925,75.13535,340.85,0.4,0.45,2023-11-15,828,N,VIIRS,n,2,301.04,5.43,D,0
30.80958,75.38558,343.3,0.42,0.45,2023-11-15,828,N,VIIRS,n,2,300.82,4.7,D,0
30.8101,74.75555,335.42,0.39,0.44,2023-11-15,828,N,VIIRS,n,2,308.19,9.34,D,0
30.81024,74.94734,356.7,0.39,0.44,2023-11-15,828,N,VIIRS,n,2,302.72,7.91,D,0
30.81054,74.75961,341.78,0.39,0.44,2023-11-15,828,N,VIIRS,n,2,302.78,9.75,D,0
30.81172,76.36753,335.9,0.47,0.48,2023-11-15,828,N,VIIRS,n,2,299.79,3.7,D,0
30.81273,74.34614,332.98,0.55,0.43,2023-11-15,828,N,VIIRS,n,2,300.82,5.31,D,0
30.81334,74.97651,341.01,0.4,0.44,2023-11-15,828,N,VIIRS,n,2,302.53,5.21,D,0
30.81431,74.94677,338.21,0.39,0.44,2023-11-15,828,N,VIIRS,n,2,300.53,3.33,D,0
30.81581,75.07844,330.57,0.4,0.44,2023-11-15,828,N,VIIRS,n,2,299.16,5.51,D,0
30.81626,75.08267,343.58,0.4,0.44,2023-11-15,828,N,VIIRS,n,2,300.41,5.51,D,0
30.81643,75.37514,346.09,0.42,0.45,2023-11-15,828,N,VIIRS,n,2,306.45,17.78,D,0
30.81705,75.37563,356.64,0.42,0.45,2023-11-15,828,N,VIIRS,n,2,306.05,16.82,D,0
30.81792,75.42854,351.98,0.42,0.45,2023-11-15,828,N,VIIRS,n,2,305.15,21.27,D,0
30.8182,75.42915,341.73,0.42,0.45,2023-11-15,828,N,VIIRS,n,2,305.81,17.4,D,0
30.81831,74.98428,335.51,0.4,0.44,2023-11-15,828,N,VIIRS,n,2,302.09,3.84,D,0
30.81858,75.06519,340.25,0.4,0.44,2023-11-15,828,N,VIIRS,n,2,301.07,6.08,D,0
30.81887,75.26914,338.23,0.41,0.45,2023-11-15,828,N,VIIRS,n,2,299.3,4.6,D,0
30.81965,74.99683,333.36,0.4,0.44,2023-11-15,828,N,VIIRS,n,2,299.59,2.39,D,0
30.82001,72.04863,332.01,0.44,0.38,2023-11-15,828,N,VIIRS,n,2,300.3,1.87,D,0
30.82001,74.42103,339.73,0.56,0.43,2023-11-15,828,N,VIIRS,n,2,301.35,4.94,D,0
30.82081,74.81609,331.17,0.39,0.44,2023-11-15,828,N,VIIRS,n,2,301.58,1.32,D,0
30.82161,74.60178,336.41,0.57,0.43,2023-11-15,828,N,VIIRS,n,2,305.36,45.59,D,0
30.82188,75.01781,344.46,0.4,0.44,2023-11-15,828,N,VIIRS,n,2,300.68,11.16,D,0
30.82512,75.91319,339.13,0.45,0.47,2023-11-15,828,N,VIIRS,n,2,301.65,4.08,D,0
30.82597,75.01723,341.05,0.4,0.44,2023-11-15,828,N,VIIRS,n,2,302.38,11.16,D,0
30.82615,75.79464,346.73,0.44,0.46,2023-11-15,828,N,VIIRS,n,2,300.32,5.7,D,0
30.82706,74.87354,331.22,0.39,0.44,2023-11-15,828,N,VIIRS,l,2,302.8,1.42,D,0
30.82719,72.18821,330.58,0.44,0.38,2023-11-15,828,N,VIIRS,n,2,297.57,3.62,D,0
30.82755,74.69146,354.77,0.38,0.43,2023-11-15,828,N,VIIRS,n,2,306.64,8.14,D,0
30.82833,74.96169,348.17,0.4,0.44,2023-11-15,828,N,VIIRS,n,2,303.31,4.31,D,0
30.8284,74.8859,333.12,0.39,0.44,2023-11-15,828,N,VIIRS,n,2,299.77,2.32,D,0
30.82953,74.50926,348.33,0.56,0.43,2023-11-15,828,N,VIIRS,n,2,301.2,7.76,D,0
30.82998,75.25443,333.14,0.41,0.45,2023-11-15,828,N,VIIRS,n,2,300.28,1.47,D,0
30.83073,72.1876,330.56,0.44,0.38,2023-11-15,828,N,VIIRS,n,2,295.34,3.62,D,0
30.83147,74.50983,344.97,0.56,0.43,2023-11-15,828,N,VIIRS,n,2,308,34.59,D,0
30.83156,74.69089,344.14,0.38,0.43,2023-11-15,828,N,VIIRS,n,2,304.98,8.14,D,0
30.83293,74.85182,331.88,0.39,0.44,2023-11-15,828,N,VIIRS,l,2,304.93,3.39,D,0
30.83331,75.36894,336.19,0.42,0.45,2023-11-15,828,N,VIIRS,n,2,298.41,3.73,D,0
30.83351,74.50868,341.25,0.56,0.43,2023-11-15,828,N,VIIRS,n,2,302.52,32.33,D,0
30.83381,74.71104,330.29,0.38,0.43,2023-11-15,828,N,VIIRS,l,2,303.71,3.26,D,0
30.83606,74.34763,341.64,0.55,0.43,2023-11-15,828,N,VIIRS,n,2,310.63,46.39,D,0
30.83738,74.96888,346.25,0.4,0.44,2023-11-15,828,N,VIIRS,n,2,302.67,4.24,D,0
30.83758,75.82137,347.5,0.44,0.46,2023-11-15,828,N,VIIRS,n,2,301.68,7.18,D,0
30.83918,74.98559,352.37,0.4,0.44,2023-11-15,828,N,VIIRS,n,2,307.85,21.32,D,0
30.83919,75.64015,351.12,0.43,0.46,2023-11-15,828,N,VIIRS,n,2,300.44,5.56,D,0
30.84026,75.63914,341.02,0.43,0.46,2023-11-15,828,N,VIIRS,n,2,301.36,4.34,D,0
30.84101,74.66602,335.37,0.57,0.43,2023-11-15,828,N,VIIRS,n,2,301.54,5.35,D,0
30.84212,74.66518,340.65,0.57,0.43,2023-11-15,828,N,VIIRS,n,2,301.36,5.53,D,0
30.84243,70.741,334.39,0.4,0.37,2023-11-15,828,N,VIIRS,n,2,302.37,2.67,D,0
30.84367,74.6534,342.6,0.57,0.43,2023-11-15,828,N,VIIRS,n,2,306.31,10.37,D,0
30.84379,75.43013,343.01,0.42,0.45,2023-11-15,828,N,VIIRS,n,2,299.57,3.23,D,0
30.84485,74.65253,345.87,0.57,0.43,2023-11-15,828,N,VIIRS,n,2,304.36,8.38,D,0
30.84597,74.82079,333.66,0.39,0.44,2023-11-15,828,N,VIIRS,n,2,301,1.3,D,0
30.84656,75.74041,332.67,0.44,0.46,2023-11-15,828,N,VIIRS,n,2,299.57,1.47,D,0
30.84682,75.09561,356.87,0.4,0.44,2023-11-15,828,N,VIIRS,n,2,303.58,15.65,D,0
30.84685,74.79163,332.82,0.39,0.44,2023-11-15,828,N,VIIRS,n,2,302.6,1.84,D,0
30.84695,74.44684,337.25,0.56,0.43,2023-11-15,828,N,VIIRS,n,2,302.45,5.31,D,0
30.84887,74.46447,333.6,0.56,0.43,2023-11-15,828,N,VIIRS,n,2,299.18,4.07,D,0
30.84913,74.84951,350.93,0.39,0.44,2023-11-15,828,N,VIIRS,n,2,306.71,10.97,D,0
30.85002,74.82022,332.44,0.39,0.44,2023-11-15,828,N,VIIRS,n,2,302.51,1.6,D,0
30.8507,75.45618,330.83,0.42,0.45,2023-11-15,828,N,VIIRS,n,2,299.75,3.07,D,0
30.85093,75.09505,343.89,0.4,0.44,2023-11-15,828,N,VIIRS,n,2,302.55,15.65,D,0
30.85138,75.0993,341.44,0.4,0.44,2023-11-15,828,N,VIIRS,n,2,301.42,17.71,D,0
30.8539,75.28191,342.2,0.41,0.45,2023-11-15,828,N,VIIRS,n,2,298.87,4.25,D,0
30.85555,71.90895,341.55,0.43,0.38,2023-11-15,828,N,VIIRS,n,2,300.31,4.09,D,0
30.85681,74.4633,339.03,0.56,0.43,2023-11-15,828,N,VIIRS,n,2,299.5,9.07,D,0
30.85905,71.90834,336.07,0.43,0.38,2023-11-15,828,N,VIIRS,n,2,301.39,4.09,D,0
30.86019,75.3831,340.86,0.42,0.45,2023-11-15,828,N,VIIRS,n,2,301.34,2.6,D,0
30.86023,71.8344,336.51,0.43,0.38,2023-11-15,828,N,VIIRS,n,2,302.95,2.76,D,0
30.8614,71.84339,332.86,0.43,0.38,2023-11-15,828,N,VIIRS,n,2,305.8,4.07,D,0
30.86198,71.84789,332.56,0.43,0.38,2023-11-15,828,N,VIIRS,n,2,301.49,3.93,D,0
30.86452,75.89968,333.72,0.45,0.47,2023-11-15,828,N,VIIRS,n,2,299.1,2.61,D,0
30.86494,74.88074,340.49,0.39,0.44,2023-11-15,828,N,VIIRS,n,2,304.1,2.6,D,0
30.86495,74.88233,338.97,0.39,0.44,2023-11-15,828,N,VIIRS,n,2,303.59,3.42,D,0
30.86599,75.15778,343.11,0.41,0.45,2023-11-15,828,N,VIIRS,n,2,300.94,4.68,D,0
30.86633,75.31998,331.34,0.41,0.45,2023-11-15,828,N,VIIRS,n,2,298.01,2.09,D,0
30.86645,75.16205,335.38,0.41,0.45,2023-11-15,828,N,VIIRS,n,2,300.76,4.68,D,0
30.86666,75.40459,331.74,0.42,0.45,2023-11-15,828,N,VIIRS,n,2,300.89,1.09,D,0
30.86691,75.16633,339.45,0.41,0.45,2023-11-15,828,N,VIIRS,n,2,299.94,3.43,D,0
30.86729,75.89817,330.12,0.45,0.47,2023-11-15,828,N,VIIRS,n,2,299.2,2.59,D,0
30.8719,75.29268,330.69,0.41,0.45,2023-11-15,828,N,VIIRS,n,2,299.71,2.08,D,0
30.87232,75.33691,341.4,0.42,0.45,2023-11-15,828,N,VIIRS,n,2,300.9,5.38,D,0
30.87453,75.6493,330.92,0.43,0.46,2023-11-15,828,N,VIIRS,n,2,301.19,1.91,D,0
30.87466,72.14366,338.14,0.44,0.38,2023-11-15,828,N,VIIRS,n,2,300.51,12.2,D,0
30.87646,75.37642,355.54,0.42,0.45,2023-11-15,828,N,VIIRS,n,2,302.04,13.33,D,0
30.8774,75.06987,339.21,0.4,0.44,2023-11-15,828,N,VIIRS,n,2,300.66,3.97,D,0
30.87868,73.67487,334.62,0.51,0.41,2023-11-15,828,N,VIIRS,n,2,300.41,3.63,D,0
30.87904,74.59268,342.48,0.57,0.43,2023-11-15,828,N,VIIRS,n,2,301.48,7.14,D,0
30.8793,75.24322,340.48,0.41,0.45,2023-11-15,828,N,VIIRS,n,2,299.49,4.41,D,0
30.87946,71.84483,336.78,0.43,0.38,2023-11-15,828,N,VIIRS,n,2,305.09,5.09,D,0
30.88183,71.89053,336.18,0.43,0.38,2023-11-15,828,N,VIIRS,n,2,303.52,3.32,D,0
30.88194,74.43572,339.16,0.56,0.43,2023-11-15,828,N,VIIRS,n,2,304.61,21.59,D,0
30.88345,75.24264,340.86,0.41,0.45,2023-11-15,828,N,VIIRS,n,2,299.16,4.41,D,0
30.88496,74.9554,342.53,0.4,0.44,2023-11-15,828,N,VIIRS,n,2,305.98,6.65,D,0
30.8859,74.43515,343.17,0.56,0.43,2023-11-15,828,N,VIIRS,n,2,300.77,21.59,D,0
30.89107,75.01408,334.59,0.4,0.44,2023-11-15,828,N,VIIRS,n,2,302.43,1.81,D,0
30.89151,74.89954,336.21,0.39,0.44,2023-11-15,828,N,VIIRS,n,2,303.61,2.72,D,0
30.89271,75.32968,337.78,0.41,0.45,2023-11-15,828,N,VIIRS,n,2,300.38,3.06,D,0
30.89362,75.45938,341.74,0.42,0.45,2023-11-15,828,N,VIIRS,n,2,301.71,4.99,D,0
30.89409,75.46383,338.05,0.42,0.45,2023-11-15,828,N,VIIRS,n,2,299.57,4.7,D,0
30.8982,72.18685,336.08,0.44,0.39,2023-11-15,828,N,VIIRS,n,2,299.95,5.37,D,0
30.90146,75.034,341.71,0.4,0.44,2023-11-15,828,N,VIIRS,n,2,301.54,7.93,D,0
30.90175,72.18624,337.03,0.44,0.39,2023-11-15,828,N,VIIRS,n,2,299.6,5.37,D,0
30.90227,75.18321,355.6,0.41,0.45,2023-11-15,828,N,VIIRS,n,2,302.07,11.42,D,0
30.90407,75.18056,338.07,0.41,0.45,2023-11-15,828,N,VIIRS,n,2,299.65,7.42,D,0
30.9045,75.18487,341.56,0.41,0.45,2023-11-15,828,N,VIIRS,n,2,300.3,7.42,D,0
30.9056,76.09775,343,0.46,0.47,2023-11-15,828,N,VIIRS,n,2,302.78,6.5,D,0
30.90696,75.97582,346,0.45,0.47,2023-11-15,828,N,VIIRS,n,2,302.36,5.16,D,0
30.90865,75.06302,345.59,0.4,0.44,2023-11-15,828,N,VIIRS,n,2,303.09,11.53,D,0
30.90997,75.07573,333.74,0.4,0.44,2023-11-15,828,N,VIIRS,n,2,299.51,2.81,D,0
30.91003,72.16591,345.82,0.44,0.38,2023-11-15,828,N,VIIRS,n,2,295.34,7.89,D,0
30.91034,71.83485,344.04,0.43,0.38,2023-11-15,828,N,VIIRS,n,2,306.96,11.77,D,0
30.9104,75.20151,333.67,0.41,0.45,2023-11-15,828,N,VIIRS,n,2,301.09,1.97,D,0
30.91066,75.00278,331.27,0.4,0.44,2023-11-15,828,N,VIIRS,n,2,300.28,1.93,D,0
30.9111,71.95027,347.96,0.43,0.38,2023-11-15,828,N,VIIRS,n,2,317.06,29.78,D,0
30.91298,74.46105,333.72,0.56,0.43,2023-11-15,828,N,VIIRS,n,2,300.16,4.83,D,0
30.91461,71.94966,332.18,0.43,0.38,2023-11-15,828,N,VIIRS,n,2,303.02,29.78,D,0
30.91484,75.12256,333.36,0.4,0.45,2023-11-15,828,N,VIIRS,n,2,298.22,2.28,D,0
30.91514,75.62539,331.1,0.43,0.46,2023-11-15,828,N,VIIRS,n,2,301.52,2.06,D,0
30.91554,74.85416,344.4,0.39,0.44,2023-11-15,828,N,VIIRS,n,2,304.15,3.76,D,0
30.91762,74.46636,334.15,0.56,0.43,2023-11-15,828,N,VIIRS,n,2,299.59,4.21,D,0
30.9192,74.4639,332.86,0.56,0.43,2023-11-15,828,N,VIIRS,n,2,299.68,2.87,D,0
30.92103,75.30576,353.65,0.41,0.45,2023-11-15,828,N,VIIRS,n,2,306.94,18.62,D,0
30.92163,75.14766,344.96,0.41,0.45,2023-11-15,828,N,VIIRS,n,2,301.41,4.68,D,0
30.92195,74.76163,330.61,0.39,0.44,2023-11-15,828,N,VIIRS,l,2,301.17,1.22,D,0
30.92214,75.48721,341.49,0.42,0.45,2023-11-15,828,N,VIIRS,n,2,302.11,5.19,D,0
30.92231,74.54395,331.82,0.57,0.43,2023-11-15,828,N,VIIRS,n,2,298.14,4.33,D,0
30.92253,75.27899,344.03,0.41,0.45,2023-11-15,828,N,VIIRS,n,2,299.46,6.13,D,0
30.92297,75.28334,341.65,0.41,0.45,2023-11-15,828,N,VIIRS,n,2,300.32,8.54,D,0
30.92326,71.8787,346.99,0.43,0.38,2023-11-15,828,N,VIIRS,n,2,303.5,6.7,D,0
30.92532,74.94543,351.87,0.4,0.44,2023-11-15,828,N,VIIRS,n,2,301.42,7.37,D,0
30.92646,75.61009,345.02,0.43,0.46,2023-11-15,828,N,VIIRS,n,2,300.92,4.54,D,0
30.92762,76.00707,330.48,0.45,0.47,2023-11-15,828,N,VIIRS,l,2,300.93,1.6,D,0
30.92778,74.7401,337.25,0.39,0.44,2023-11-15,828,N,VIIRS,n,2,300.68,2.23,D,0
30.93188,72.1953,352.26,0.44,0.39,2023-11-15,828,N,VIIRS,n,2,303.45,14.41,D,0
30.93377,71.87688,334.46,0.43,0.38,2023-11-15,828,N,VIIRS,n,2,302.9,1.57,D,0
30.93447,75.60441,344.33,0.43,0.46,2023-11-15,828,N,VIIRS,n,2,301.89,4.75,D,0
30.93495,74.7308,336.51,0.39,0.44,2023-11-15,828,N,VIIRS,n,2,300.54,3.46,D,0
30.93521,74.99932,330.22,0.4,0.44,2023-11-15,828,N,VIIRS,n,2,300.52,0.93,D,0
30.9354,74.73486,330.37,0.39,0.44,2023-11-15,828,N,VIIRS,n,2,299.69,1.2,D,0
30.93543,72.19469,347.99,0.44,0.39,2023-11-15,828,N,VIIRS,n,2,302.21,11.53,D,0
30.9356,75.04205,340.54,0.4,0.44,2023-11-15,828,N,VIIRS,n,2,300.46,8.46,D,0
30.93634,75.12824,338.76,0.4,0.45,2023-11-15,828,N,VIIRS,n,2,300.81,3.82,D,0
30.93679,75.13251,333.87,0.41,0.45,2023-11-15,828,N,VIIRS,n,2,299.97,4.16,D,0
30.93839,75.22835,341.14,0.41,0.45,2023-11-15,828,N,VIIRS,n,2,302.06,7.21,D,0
30.93943,74.73428,334.52,0.39,0.44,2023-11-15,828,N,VIIRS,n,2,300.67,1.98,D,0
30.93958,76.08361,346.18,0.46,0.47,2023-11-15,828,N,VIIRS,n,2,301.28,5.36,D,0
30.94017,72.20337,337.16,0.44,0.39,2023-11-15,828,N,VIIRS,n,2,301.34,21.19,D,0
30.94025,71.89886,334.46,0.43,0.38,2023-11-15,828,N,VIIRS,n,2,303.39,1.67,D,0
30.94028,71.89645,334.97,0.43,0.38,2023-11-15,828,N,VIIRS,n,2,302.99,2.46,D,0
30.94028,75.20613,330.93,0.41,0.45,2023-11-15,828,N,VIIRS,n,2,298.91,1.78,D,0
30.94123,74.7879,335.83,0.39,0.44,2023-11-15,828,N,VIIRS,n,2,302.31,2.41,D,0
30.94195,75.06265,342.95,0.4,0.44,2023-11-15,828,N,VIIRS,n,2,299.56,4.17,D,0
30.94276,75.31166,341.86,0.41,0.45,2023-11-15,828,N,VIIRS,n,2,300.49,5.42,D,0
30.94348,74.88377,339.6,0.39,0.44,2023-11-15,828,N,VIIRS,n,2,302.75,3.82,D,0
30.94371,72.20277,330.37,0.44,0.39,2023-11-15,828,N,VIIRS,n,2,298.02,3.74,D,0
30.94394,76.08305,346.65,0.46,0.47,2023-11-15,828,N,VIIRS,n,2,301.01,5.36,D,0
30.9443,75.00658,367,0.4,0.44,2023-11-15,828,N,VIIRS,h,2,303.89,17.58,D,0
30.94839,75.00601,351.45,0.4,0.44,2023-11-15,828,N,VIIRS,n,2,303.86,17.58,D,0
30.94876,74.67124,336.87,0.38,0.43,2023-11-15,828,N,VIIRS,n,2,301.27,2.97,D,0
30.94933,74.67111,349.11,0.38,0.43,2023-11-15,828,N,VIIRS,n,2,302.53,6.33,D,0
30.95109,74.65555,334.22,0.57,0.43,2023-11-15,828,N,VIIRS,n,2,299.61,3.31,D,0
30.95153,74.65338,334.65,0.57,0.43,2023-11-15,828,N,VIIRS,n,2,299.63,4.07,D,0
30.95196,71.90369,333.46,0.43,0.38,2023-11-15,828,N,VIIRS,n,2,302.61,2.69,D,0
30.95254,71.90822,331.42,0.43,0.38,2023-11-15,828,N,VIIRS,n,2,300.51,2.38,D,0
30.95278,74.67065,345.05,0.38,0.43,2023-11-15,828,N,VIIRS,n,2,301.92,2.97,D,0
30.95427,74.79437,344.94,0.39,0.44,2023-11-15,828,N,VIIRS,n,2,306.14,8.79,D,0
30.9556,75.11254,331.69,0.4,0.45,2023-11-15,828,N,VIIRS,n,2,299.03,2.37,D,0
30.95611,74.84838,339.97,0.39,0.44,2023-11-15,828,N,VIIRS,n,2,303.26,3.9,D,0
30.95699,75.36765,341.86,0.42,0.45,2023-11-15,828,N,VIIRS,n,2,303.41,11.58,D,0
30.95928,74.87731,349.79,0.39,0.44,2023-11-15,828,N,VIIRS,n,2,304.96,6,D,0
30.96054,75.19895,332.11,0.41,0.45,2023-11-15,828,N,VIIRS,n,2,299.86,3.35,D,0
30.96115,75.66353,335.04,0.43,0.46,2023-11-15,828,N,VIIRS,n,2,301.64,10.88,D,0
30.96117,75.36708,341.65,0.42,0.45,2023-11-15,828,N,VIIRS,n,2,298.03,11.58,D,0
30.96161,75.66811,341.11,0.43,0.46,2023-11-15,828,N,VIIRS,n,2,303.18,18.47,D,0
30.96294,75.06403,344.29,0.4,0.44,2023-11-15,828,N,VIIRS,n,2,300.65,7.2,D,0
30.96319,76.27942,343.13,0.47,0.48,2023-11-15,828,N,VIIRS,n,2,299.22,4.34,D,0
30.96341,75.02957,344.78,0.4,0.44,2023-11-15,828,N,VIIRS,n,2,305.74,13.98,D,0
30.96431,75.07674,353.79,0.4,0.44,2023-11-15,828,N,VIIRS,n,2,302.45,13.73,D,0
30.96521,75.12423,340.64,0.4,0.45,2023-11-15,828,N,VIIRS,n,2,300,5.89,D,0
30.96571,75.57969,340.32,0.43,0.46,2023-11-15,828,N,VIIRS,n,2,299.07,4,D,0
30.96609,75.17196,340.68,0.41,0.45,2023-11-15,828,N,VIIRS,n,2,301.15,3.26,D,0
30.96842,75.07617,355.04,0.4,0.44,2023-11-15,828,N,VIIRS,n,2,300.75,11.3,D,0
30.97022,75.17138,340.79,0.41,0.45,2023-11-15,828,N,VIIRS,n,2,299.17,5.93,D,0
30.972,74.80859,339.16,0.39,0.44,2023-11-15,828,N,VIIRS,n,2,303.58,8.69,D,0
30.97243,74.81271,340.96,0.39,0.44,2023-11-15,828,N,VIIRS,n,2,302.9,12.78,D,0
30.9734,75.24111,354.97,0.41,0.45,2023-11-15,828,N,VIIRS,n,2,303.83,17.47,D,0
30.97437,75.13164,348.61,0.41,0.45,2023-11-15,828,N,VIIRS,n,2,300.23,5.16,D,0
30.97711,75.19666,336.15,0.41,0.45,2023-11-15,828,N,VIIRS,n,2,299.9,3.56,D,0
30.97712,75.11823,335.27,0.4,0.45,2023-11-15,828,N,VIIRS,n,2,298.81,8.66,D,0
30.97732,72.1544,334.35,0.44,0.38,2023-11-15,828,N,VIIRS,n,2,288.46,4.51,D,0
30.97755,75.24054,356.04,0.41,0.45,2023-11-15,828,N,VIIRS,n,2,299.67,15.77,D,0
30.97758,75.12251,340.34,0.4,0.45,2023-11-15,828,N,VIIRS,n,2,300.38,8.66,D,0
30.97953,75.50459,332.45,0.43,0.46,2023-11-15,828,N,VIIRS,n,2,297.45,2.55,D,0
30.98037,74.73256,330.46,0.39,0.44,2023-11-15,828,N,VIIRS,n,2,299.05,3.23,D,0
30.98168,75.08295,351.42,0.4,0.44,2023-11-15,828,N,VIIRS,n,2,300.13,7.8,D,0
30.98448,75.22638,333.98,0.41,0.45,2023-11-15,828,N,VIIRS,n,2,297.92,2.03,D,0
30.98582,74.70699,348.11,0.39,0.44,2023-11-15,828,N,VIIRS,n,2,305.05,44.83,D,0
30.98586,75.2394,340.67,0.41,0.45,2023-11-15,828,N,VIIRS,n,2,300.09,6.03,D,0
30.98622,75.04787,339.84,0.4,0.44,2023-11-15,828,N,VIIRS,n,2,297.56,4.21,D,0
30.98631,75.20417,340.14,0.41,0.45,2023-11-15,828,N,VIIRS,n,2,300.16,3.94,D,0
30.98668,75.0521,341.79,0.4,0.44,2023-11-15,828,N,VIIRS,n,2,297.74,4.21,D,0
30.98677,75.28786,331.72,0.41,0.45,2023-11-15,828,N,VIIRS,n,2,300.76,1.82,D,0
30.9868,74.67801,330.64,0.38,0.43,2023-11-15,828,N,VIIRS,n,2,299.63,2.7,D,0
30.98724,75.25243,331.64,0.41,0.45,2023-11-15,828,N,VIIRS,n,2,299.62,1.43,D,0
30.98727,72.26927,333.22,0.45,0.39,2023-11-15,828,N,VIIRS,n,2,300.82,2.87,D,0
30.9876,75.06059,337.19,0.4,0.44,2023-11-15,828,N,VIIRS,n,2,298.63,8.6,D,0
30.98806,75.06483,342.11,0.4,0.44,2023-11-15,828,N,VIIRS,n,2,303.43,17.24,D,0
30.98884,72.27126,331.11,0.45,0.39,2023-11-15,828,N,VIIRS,n,2,300.19,2.8,D,0
30.98985,74.70641,367,0.39,0.44,2023-11-15,828,N,VIIRS,l,2,325.85,44.83,D,0
30.98997,75.15993,340.74,0.41,0.45,2023-11-15,828,N,VIIRS,n,2,300.74,8.79,D,0
30.99001,75.23882,340.9,0.41,0.45,2023-11-15,828,N,VIIRS,n,2,301.9,6.03,D,0
30.99049,75.02612,337.17,0.4,0.44,2023-11-15,828,N,VIIRS,n,2,298.77,2.98,D,0
30.99129,75.09459,336.1,0.4,0.44,2023-11-15,828,N,VIIRS,n,2,298.32,2.44,D,0
30.99204,75.08191,355.35,0.4,0.44,2023-11-15,828,N,VIIRS,n,2,302.76,9.94,D,0
30.99284,75.00864,346,0.4,0.44,2023-11-15,828,N,VIIRS,n,2,299.19,6.32,D,0
30.99402,75.08124,354.98,0.4,0.44,2023-11-15,828,N,VIIRS,n,2,305.54,22.71,D,0
30.99546,75.13306,354.12,0.41,0.45,2023-11-15,828,N,VIIRS,n,2,299.83,6.85,D,0
30.99555,75.25129,340.84,0.41,0.45,2023-11-15,828,N,VIIRS,n,2,300.65,5.05,D,0
30.99581,76.15862,329.86,0.46,0.47,2023-11-15,828,N,VIIRS,n,2,298.27,2.56,D,0
30.99616,75.08133,354.15,0.4,0.44,2023-11-15,828,N,VIIRS,n,2,298.49,9.94,D,0
30.99728,75.13322,336.77,0.41,0.45,2023-11-15,828,N,VIIRS,n,2,297.33,2.59,D,0
30.99747,74.70118,349.54,0.38,0.44,2023-11-15,828,N,VIIRS,n,2,304.28,13.84,D,0
30.99926,75.28613,331.76,0.41,0.45,2023-11-15,828,N,VIIRS,n,2,300.89,1.67,D,0
31.00027,75.08075,339.08,0.4,0.44,2023-11-15,828,N,VIIRS,n,2,299.14,3.8,D,0
31.00189,74.89674,340.13,0.39,0.44,2023-11-15,828,N,VIIRS,n,2,300.95,2.24,D,0
31.00214,72.24286,333.09,0.45,0.39,2023-11-15,828,N,VIIRS,n,2,296.63,6.96,D,0
31.00225,71.93207,342.17,0.43,0.38,2023-11-15,828,N,VIIRS,n,2,303.28,6.45,D,0
31.00272,72.24754,333.35,0.45,0.39,2023-11-15,828,N,VIIRS,n,2,300.39,9.71,D,0
31.00625,74.78284,335.82,0.39,0.44,2023-11-15,828,N,VIIRS,n,2,303.18,5.96,D,0
31.00669,74.78694,341.06,0.39,0.44,2023-11-15,828,N,VIIRS,n,2,304.05,5.96,D,0
31.00684,75.7746,334.91,0.44,0.46,2023-11-15,828,N,VIIRS,n,2,298.07,2.73,D,0
31.00698,75.16195,340.59,0.41,0.45,2023-11-15,828,N,VIIRS,n,2,299.3,2.88,D,0
31.00751,75.20564,367,0.41,0.45,2023-11-15,828,N,VIIRS,h,2,303.67,20.81,D,0
31.00843,75.20162,344.93,0.41,0.45,2023-11-15,828,N,VIIRS,n,2,306.69,19.22,D,0
31.0086,75.45522,340.73,0.42,0.45,2023-11-15,828,N,VIIRS,n,2,298.95,3.83,D,0
31.00887,75.20594,357.06,0.41,0.45,2023-11-15,828,N,VIIRS,n,2,301.87,19.22,D,0
31.00895,75.08386,343.85,0.4,0.44,2023-11-15,828,N,VIIRS,n,2,302.76,10.98,D,0
31.00974,74.62652,343.22,0.57,0.43,2023-11-15,828,N,VIIRS,n,2,300.7,17.9,D,0
31.0103,74.78226,339.61,0.39,0.44,2023-11-15,828,N,VIIRS,n,2,305.52,14.51,D,0
31.01074,74.78636,340.84,0.39,0.44,2023-11-15,828,N,VIIRS,n,2,300.89,14.51,D,0
31.01107,74.6386,341.52,0.57,0.43,2023-11-15,828,N,VIIRS,n,2,299.31,7.25,D,0
31.01118,75.20073,348.45,0.41,0.45,2023-11-15,828,N,VIIRS,n,2,302.94,20.81,D,0
31.01165,75.20506,338.42,0.41,0.45,2023-11-15,828,N,VIIRS,n,2,297.76,20.81,D,0
31.01203,75.11378,339.19,0.41,0.45,2023-11-15,828,N,VIIRS,n,2,306.49,21.06,D,0
31.01245,74.99731,338.48,0.4,0.44,2023-11-15,828,N,VIIRS,n,2,298.61,3.96,D,0
31.01258,75.20103,355.67,0.41,0.45,2023-11-15,828,N,VIIRS,n,2,299.55,9.59,D,0
31.01273,74.65374,339.88,0.38,0.43,2023-11-15,828,N,VIIRS,n,2,299.11,3.98,D,0
31.01279,71.93024,333.45,0.43,0.38,2023-11-15,828,N,VIIRS,n,2,303.42,3.12,D,0
31.01338,71.93478,341.89,0.43,0.38,2023-11-15,828,N,VIIRS,n,2,302.96,4.08,D,0
31.01656,74.80223,340.02,0.39,0.44,2023-11-15,828,N,VIIRS,n,2,300.81,4.6,D,0
31.017,74.80634,333.29,0.39,0.44,2023-11-15,828,N,VIIRS,n,2,298.94,5.67,D,0
31.01843,74.97511,340.51,0.4,0.44,2023-11-15,828,N,VIIRS,n,2,300.76,6.92,D,0
31.01928,72.29255,335.93,0.45,0.39,2023-11-15,828,N,VIIRS,n,2,301.73,3.99,D,0
31.02003,74.87309,332.69,0.39,0.44,2023-11-15,828,N,VIIRS,n,2,300.61,1.66,D,0
31.0201,76.18037,340.31,0.46,0.47,2023-11-15,828,N,VIIRS,n,2,299.67,7.95,D,0
31.02231,75.05177,341.12,0.4,0.44,2023-11-15,828,N,VIIRS,n,2,300.18,13.54,D,0
31.02387,74.6809,340.91,0.38,0.43,2023-11-15,828,N,VIIRS,n,2,300.74,2.85,D,0
31.02409,72.18673,334.58,0.44,0.39,2023-11-15,828,N,VIIRS,n,2,299.87,3.41,D,0
31.02527,74.96135,340.08,0.4,0.44,2023-11-15,828,N,VIIRS,n,2,298.77,2.46,D,0
31.0263,75.09009,341.1,0.4,0.45,2023-11-15,828,N,VIIRS,n,2,301.41,7.25,D,0
31.02803,74.94818,341.25,0.4,0.44,2023-11-15,828,N,VIIRS,n,2,302.66,14.34,D,0
31.02861,74.87608,335.44,0.39,0.44,2023-11-15,828,N,VIIRS,n,2,298.96,2.71,D,0
31.03022,75.62176,341.64,0.43,0.46,2023-11-15,828,N,VIIRS,n,2,300.37,3.37,D,0
31.03042,75.08952,347.86,0.4,0.45,2023-11-15,828,N,VIIRS,n,2,300.5,7.25,D,0
31.03139,76.159,340.69,0.46,0.47,2023-11-15,828,N,VIIRS,n,2,302.48,9.81,D,0
31.03152,75.18087,335.9,0.41,0.45,2023-11-15,828,N,VIIRS,n,2,298.48,2.99,D,0
31.03167,73.31232,334.27,0.49,0.41,2023-11-15,828,N,VIIRS,n,2,299.29,1.84,D,0
31.0325,70.78017,334.02,0.4,0.37,2023-11-15,828,N,VIIRS,n,2,303,5.19,D,0
31.03268,74.8755,331.78,0.39,0.44,2023-11-15,828,N,VIIRS,n,2,298.64,2.71,D,0
31.0339,74.9644,340.06,0.4,0.44,2023-11-15,828,N,VIIRS,n,2,299.05,3.45,D,0
31.03474,72.18491,330.78,0.44,0.39,2023-11-15,828,N,VIIRS,n,2,300.57,8.56,D,0
31.03591,74.79111,341.51,0.39,0.44,2023-11-15,828,N,VIIRS,n,2,302.53,4.54,D,0
31.03636,74.79522,341.16,0.39,0.44,2023-11-15,828,N,VIIRS,n,2,301.48,6.15,D,0
31.03677,74.12068,335.14,0.54,0.42,2023-11-15,828,N,VIIRS,n,2,299.29,5.36,D,0
31.03828,72.18431,344.46,0.44,0.39,2023-11-15,828,N,VIIRS,n,2,301.07,8.56,D,0
31.04007,72.28421,345.27,0.45,0.39,2023-11-15,828,N,VIIRS,n,2,297.23,7.23,D,0
31.04028,74.94644,334.11,0.4,0.44,2023-11-15,828,N,VIIRS,n,2,299.08,2.34,D,0
31.04437,74.94587,331.28,0.4,0.44,2023-11-15,828,N,VIIRS,n,2,299.98,2.04,D,0
31.0449,74.76066,336.33,0.39,0.44,2023-11-15,828,N,VIIRS,n,2,301.32,2.45,D,0
31.04599,72.21631,333.04,0.44,0.39,2023-11-15,828,N,VIIRS,n,2,297.59,2.56,D,0
31.04611,75.49179,339.46,0.43,0.46,2023-11-15,828,N,VIIRS,n,2,298.25,5.15,D,0
31.04625,74.8483,340.93,0.39,0.44,2023-11-15,828,N,VIIRS,n,2,302.84,14.99,D,0
31.04645,75.08295,339.78,0.4,0.45,2023-11-15,828,N,VIIRS,n,2,298.77,3.26,D,0
31.04656,75.49628,340.03,0.43,0.46,2023-11-15,828,N,VIIRS,n,2,300.11,5.15,D,0
31.04817,75.13921,332.25,0.41,0.45,2023-11-15,828,N,VIIRS,n,2,300.33,11.31,D,0
31.04862,75.14352,340.53,0.41,0.45,2023-11-15,828,N,VIIRS,n,2,302.34,17.1,D,0
31.04895,74.76008,347.42,0.39,0.44,2023-11-15,828,N,VIIRS,n,2,301.72,6.98,D,0
31.0506,75.53693,339.6,0.43,0.46,2023-11-15,828,N,VIIRS,n,2,299.21,5.04,D,0
31.05299,74.94891,342.97,0.4,0.44,2023-11-15,828,N,VIIRS,n,2,301.83,10.47,D,0
31.05346,74.91485,335.27,0.4,0.44,2023-11-15,828,N,VIIRS,n,2,299.92,1.52,D,0
31.05425,75.44522,350.06,0.42,0.45,2023-11-15,828,N,VIIRS,n,2,300.05,7.07,D,0
31.05618,74.86373,342.27,0.39,0.44,2023-11-15,828,N,VIIRS,n,2,304.93,12.26,D,0
31.05707,74.83415,337.26,0.39,0.44,2023-11-15,828,N,VIIRS,n,2,300,3.68,D,0
31.05796,74.99519,333.57,0.4,0.44,2023-11-15,828,N,VIIRS,n,2,298.71,3.33,D,0
31.05835,75.07696,354.02,0.4,0.44,2023-11-15,828,N,VIIRS,n,2,301.63,13.94,D,0
31.05841,74.9994,331.74,0.4,0.44,2023-11-15,828,N,VIIRS,n,2,298.41,3.33,D,0
31.05846,75.44463,347.21,0.42,0.45,2023-11-15,828,N,VIIRS,n,2,299.03,7.07,D,0
31.05889,74.96513,332.6,0.4,0.44,2023-11-15,828,N,VIIRS,n,2,300.28,1.84,D,0
31.0598,74.897,340.73,0.39,0.44,2023-11-15,828,N,VIIRS,n,2,300.76,7.29,D,0
31.06065,75.05934,337.72,0.4,0.44,2023-11-15,828,N,VIIRS,n,2,300.07,4.46,D,0
31.06077,75.96365,340.01,0.45,0.47,2023-11-15,828,N,VIIRS,n,2,299.7,7.61,D,0
31.06115,74.87146,340.94,0.39,0.44,2023-11-15,828,N,VIIRS,n,2,299.82,4.62,D,0
31.06243,74.77065,335.32,0.39,0.44,2023-11-15,828,N,VIIRS,n,2,303.29,12.4,D,0
31.06289,74.77475,355.97,0.39,0.44,2023-11-15,828,N,VIIRS,n,2,315.37,50.11,D,0
31.06298,74.96455,340.21,0.4,0.44,2023-11-15,828,N,VIIRS,n,2,299.03,3.04,D,0
31.06313,75.57661,356.02,0.43,0.46,2023-11-15,828,N,VIIRS,n,2,302.44,12.11,D,0
31.06425,75.13261,340.16,0.41,0.45,2023-11-15,828,N,VIIRS,n,2,299.95,5.64,D,0
31.06433,74.93879,342.45,0.4,0.44,2023-11-15,828,N,VIIRS,n,2,301.52,4.19,D,0
31.0647,74.7912,334.51,0.39,0.44,2023-11-15,828,N,VIIRS,n,2,299.58,2.7,D,0
31.0647,75.13691,334.26,0.41,0.45,2023-11-15,828,N,VIIRS,n,2,297.94,5.64,D,0
31.06519,75.10201,342.33,0.4,0.45,2023-11-15,828,N,VIIRS,n,2,298.7,6.85,D,0
31.06561,74.79942,346.01,0.39,0.44,2023-11-15,828,N,VIIRS,n,2,299.14,4.67,D,0
31.06607,74.80354,340.6,0.39,0.44,2023-11-15,828,N,VIIRS,n,2,298.82,4.67,D,0
31.06679,74.77053,334.84,0.39,0.44,2023-11-15,828,N,VIIRS,n,2,299.78,2.64,D,0
31.06693,74.77418,332.59,0.39,0.44,2023-11-15,828,N,VIIRS,n,2,299.11,3.35,D,0
31.06743,74.81592,340.76,0.39,0.44,2023-11-15,828,N,VIIRS,n,2,300.33,5.35,D,0
31.06795,72.24597,334.24,0.45,0.39,2023-11-15,828,N,VIIRS,n,2,301.39,7.26,D,0
31.06875,74.79062,341.2,0.39,0.44,2023-11-15,828,N,VIIRS,n,2,299.81,5.38,D,0
31.06894,74.79111,332.17,0.39,0.44,2023-11-15,828,N,VIIRS,n,2,299.42,7.31,D,0
31.06967,74.79885,349.72,0.39,0.44,2023-11-15,828,N,VIIRS,n,2,302.07,22.79,D,0
31.0698,74.79936,346.29,0.39,0.44,2023-11-15,828,N,VIIRS,n,2,303.01,19.72,D,0
31.07116,74.9634,342.57,0.4,0.44,2023-11-15,828,N,VIIRS,n,2,304.93,6.96,D,0
31.07317,72.1736,332.46,0.44,0.39,2023-11-15,828,N,VIIRS,n,2,299.46,2.13,D,0
31.07435,74.99288,339.22,0.4,0.44,2023-11-15,828,N,VIIRS,n,2,299.41,3.33,D,0
31.07496,75.69598,347.48,0.44,0.46,2023-11-15,828,N,VIIRS,n,2,300.57,4.95,D,0
31.07525,74.96283,341.41,0.4,0.44,2023-11-15,828,N,VIIRS,n,2,299.31,6.96,D,0
31.07662,74.97546,330.31,0.4,0.44,2023-11-15,828,N,VIIRS,n,2,299.27,1.46,D,0
31.07877,74.80645,354.76,0.39,0.44,2023-11-15,828,N,VIIRS,n,2,301.22,10.66,D,0
31.0798,74.77701,344.2,0.39,0.44,2023-11-15,828,N,VIIRS,n,2,299.52,4.46,D,0
31.08397,75.08205,332.84,0.4,0.45,2023-11-15,828,N,VIIRS,n,2,298.32,1.8,D,0
31.08442,75.70409,335.9,0.44,0.46,2023-11-15,828,N,VIIRS,n,2,299.48,3.73,D,0
31.0871,74.99539,347.55,0.4,0.44,2023-11-15,828,N,VIIRS,n,2,304.72,12.45,D,0
31.08843,72.2201,334.66,0.45,0.39,2023-11-15,828,N,VIIRS,n,2,300.43,11.03,D,0
31.08961,74.91038,347.66,0.4,0.44,2023-11-15,828,N,VIIRS,n,2,300.53,3.95,D,0
31.08985,72.21837,341.65,0.44,0.39,2023-11-15,828,N,VIIRS,n,2,300.54,9.84,D,0
31.09032,75.38151,347.56,0.42,0.45,2023-11-15,828,N,VIIRS,n,2,302.43,6.19,D,0
31.09304,74.70852,335.13,0.39,0.44,2023-11-15,828,N,VIIRS,n,2,299.69,1.69,D,0
31.09351,75.01596,340.04,0.4,0.44,2023-11-15,828,N,VIIRS,n,2,300.01,6.36,D,0
31.09596,75.01206,341.15,0.4,0.44,2023-11-15,828,N,VIIRS,n,2,301.15,5.46,D,0
31.09605,75.91194,342.48,0.45,0.47,2023-11-15,828,N,VIIRS,n,2,300.68,5.95,D,0
31.09678,75.69775,354,0.44,0.46,2023-11-15,828,N,VIIRS,n,2,299.46,7.83,D,0
31.09712,75.74477,343.07,0.44,0.46,2023-11-15,828,N,VIIRS,n,2,301.1,4.31,D,0
31.09776,74.90922,333.17,0.4,0.44,2023-11-15,828,N,VIIRS,n,2,298.84,1.46,D,0
31.09861,74.79942,334.42,0.39,0.44,2023-11-15,828,N,VIIRS,n,2,299.19,2.03,D,0
31.09936,74.96439,340.43,0.4,0.44,2023-11-15,828,N,VIIRS,n,2,300.57,21.92,D,0
31.1066,75.25424,340.28,0.41,0.45,2023-11-15,828,N,VIIRS,n,2,300.96,15.21,D,0
31.1068,74.91644,367,0.4,0.44,2023-11-15,828,N,VIIRS,h,2,302.18,9.21,D,0
31.10696,74.99761,337.58,0.4,0.44,2023-11-15,828,N,VIIRS,n,2,300.07,3.83,D,0
31.10701,73.66183,335.15,0.51,0.41,2023-11-15,828,N,VIIRS,n,2,299.85,5.08,D,0
31.10793,75.18787,347.98,0.41,0.45,2023-11-15,828,N,VIIRS,n,2,301.1,13.72,D,0
31.10837,75.81443,330.3,0.44,0.46,2023-11-15,828,N,VIIRS,n,2,298.3,1.61,D,0
31.10895,75.43773,336.79,0.42,0.45,2023-11-15,828,N,VIIRS,n,2,300.41,3.06,D,0
31.10917,70.75726,332.22,0.4,0.37,2023-11-15,828,N,VIIRS,n,2,297.71,3.09,D,0
31.10976,70.76147,333.69,0.4,0.37,2023-11-15,828,N,VIIRS,n,2,299.44,3.09,D,0
31.10977,75.18855,348.59,0.41,0.45,2023-11-15,828,N,VIIRS,n,2,298.68,10.37,D,0
31.11119,75.21824,345.59,0.41,0.45,2023-11-15,828,N,VIIRS,n,2,298.72,4.45,D,0
31.11222,75.42821,341.22,0.42,0.45,2023-11-15,828,N,VIIRS,n,2,301.89,5.07,D,0
31.11284,75.21898,339.81,0.41,0.45,2023-11-15,828,N,VIIRS,n,2,298.16,4.38,D,0
31.1129,75.90493,341.02,0.45,0.47,2023-11-15,828,N,VIIRS,n,2,302.03,7.6,D,0
31.11339,76.04604,335.73,0.46,0.47,2023-11-15,828,N,VIIRS,n,2,301.58,4,D,0
31.12096,73.6817,340.54,0.51,0.41,2023-11-15,828,N,VIIRS,n,2,301.28,8.03,D,0
31.12398,75.20419,342.98,0.41,0.45,2023-11-15,828,N,VIIRS,n,2,299.74,7.43,D,0
31.12577,75.09878,340.54,0.41,0.45,2023-11-15,828,N,VIIRS,n,2,300.38,6.44,D,0
31.12842,75.30016,340.26,0.42,0.45,2023-11-15,828,N,VIIRS,n,2,301.28,3.31,D,0
31.12912,75.29665,340.98,0.42,0.45,2023-11-15,828,N,VIIRS,n,2,302.63,4.59,D,0
31.12945,75.0939,333.55,0.41,0.45,2023-11-15,828,N,VIIRS,n,2,297.96,7.74,D,0
31.12989,75.0982,341.08,0.41,0.45,2023-11-15,828,N,VIIRS,n,2,299.64,6.44,D,0
31.13131,75.82574,337.67,0.44,0.46,2023-11-15,828,N,VIIRS,n,2,300.23,4.51,D,0
31.1342,75.18075,341,0.41,0.45,2023-11-15,828,N,VIIRS,n,2,298.89,2.7,D,0
31.13835,75.18017,331.56,0.41,0.45,2023-11-15,828,N,VIIRS,n,2,297.96,2.7,D,0
31.13844,75.38965,332.39,0.42,0.45,2023-11-15,828,N,VIIRS,n,2,302.63,2.46,D,0
31.14752,75.90039,338.78,0.45,0.47,2023-11-15,828,N,VIIRS,n,2,299.76,3.03,D,0
31.14828,75.07388,338.32,0.4,0.45,2023-11-15,828,N,VIIRS,n,2,298.33,4.81,D,0
31.14945,72.15724,331.5,0.44,0.39,2023-11-15,828,N,VIIRS,n,2,302.82,5.38,D,0
31.15004,72.1619,338.75,0.44,0.39,2023-11-15,828,N,VIIRS,n,2,303.65,5.38,D,0
31.1552,75.51498,338.6,0.43,0.46,2023-11-15,828,N,VIIRS,n,2,301.26,4.01,D,0
31.15601,75.10764,335.43,0.41,0.45,2023-11-15,828,N,VIIRS,n,2,298.84,2.43,D,0
31.15728,75.15995,342.5,0.41,0.45,2023-11-15,828,N,VIIRS,n,2,300.51,6.57,D,0
31.15943,75.5144,334.3,0.43,0.46,2023-11-15,828,N,VIIRS,n,2,301.01,3.52,D,0
31.16531,75.85957,342.64,0.45,0.47,2023-11-15,828,N,VIIRS,n,2,301.94,7.18,D,0
31.16998,75.44891,341.74,0.42,0.46,2023-11-15,828,N,VIIRS,n,2,302.08,5.43,D,0
31.17411,72.06768,339.02,0.44,0.38,2023-11-15,828,N,VIIRS,n,2,301.13,3.13,D,0
31.18032,74.98299,333.3,0.4,0.44,2023-11-15,828,N,VIIRS,n,2,296.93,1.99,D,0
31.18596,73.51686,330.32,0.51,0.41,2023-11-15,828,N,VIIRS,n,2,299.96,2.54,D,0
31.19539,75.88149,341.06,0.45,0.47,2023-11-15,828,N,VIIRS,n,2,300.98,7,D,0
31.19703,73.6796,331.91,0.52,0.41,2023-11-15,828,N,VIIRS,n,2,298.84,3.71,D,0
31.19859,75.64824,341.52,0.44,0.46,2023-11-15,828,N,VIIRS,n,2,301.91,7.04,D,0
31.20183,75.68066,349.46,0.44,0.46,2023-11-15,828,N,VIIRS,n,2,300.68,11.05,D,0
31.20428,73.44361,332.27,0.5,0.41,2023-11-15,828,N,VIIRS,n,2,300.32,2.61,D,0
31.20543,75.54505,343.43,0.43,0.46,2023-11-15,828,N,VIIRS,n,2,302.35,6.59,D,0
31.21366,73.58891,336.61,0.51,0.41,2023-11-15,828,N,VIIRS,n,2,301.35,21.97,D,0
31.21548,73.6712,330.11,0.52,0.41,2023-11-15,828,N,VIIRS,n,2,298.85,2.57,D,0
31.21745,73.58832,345.44,0.51,0.41,2023-11-15,828,N,VIIRS,n,2,309.1,21.97,D,0
31.21747,73.5555,335.88,0.51,0.41,2023-11-15,828,N,VIIRS,n,2,302.84,12.09,D,0
31.22822,73.61407,342.47,0.51,0.41,2023-11-15,828,N,VIIRS,n,2,303,15.8,D,0
31.23038,73.93842,330.77,0.53,0.42,2023-11-15,828,N,VIIRS,n,2,298.72,4.22,D,0
31.24154,72.1765,331.38,0.44,0.39,2023-11-15,828,N,VIIRS,n,2,300.2,2.31,D,0
31.24218,74.91441,331.22,0.4,0.44,2023-11-15,828,N,VIIRS,n,2,299.66,2.22,D,0
31.24282,73.70579,337.26,0.52,0.41,2023-11-15,828,N,VIIRS,n,2,299.88,4.27,D,0
31.24777,74.77384,339.76,0.39,0.44,2023-11-15,828,N,VIIRS,n,2,299.69,3.31,D,0
31.25218,75.29379,341.16,0.42,0.45,2023-11-15,828,N,VIIRS,n,2,301.15,4.09,D,0
31.25808,73.67015,333.88,0.52,0.41,2023-11-15,828,N,VIIRS,n,2,300.35,4.33,D,0
31.2599,72.17814,333.93,0.44,0.39,2023-11-15,828,N,VIIRS,n,2,302.02,4.42,D,0
31.26039,74.73854,340.9,0.39,0.44,2023-11-15,828,N,VIIRS,n,2,299.93,3.57,D,0
31.2604,73.67273,333.33,0.52,0.41,2023-11-15,828,N,VIIRS,n,2,298.75,3.41,D,0
31.26305,76.03362,330.35,0.46,0.47,2023-11-15,828,N,VIIRS,n,2,298.4,1.88,D,0
31.26449,73.60582,334.56,0.51,0.41,2023-11-15,828,N,VIIRS,n,2,299.83,6.3,D,0
31.2656,73.60278,340.32,0.51,0.41,2023-11-15,828,N,VIIRS,n,2,298.48,9.15,D,0
31.26892,75.00951,340.87,0.4,0.44,2023-11-15,828,N,VIIRS,n,2,299.47,5.09,D,0
31.26974,73.72132,350.04,0.52,0.41,2023-11-15,828,N,VIIRS,n,2,302.15,14.82,D,0
31.27151,73.71805,335.22,0.52,0.41,2023-11-15,828,N,VIIRS,n,2,301.89,9.4,D,0
31.27216,73.72352,333.12,0.52,0.41,2023-11-15,828,N,VIIRS,n,2,299.06,8.83,D,0
31.27711,76.04162,332.31,0.46,0.47,2023-11-15,828,N,VIIRS,n,2,298.92,2.74,D,0
31.28184,73.72503,340.06,0.52,0.41,2023-11-15,828,N,VIIRS,n,2,300.98,4.6,D,0
31.28649,73.91282,332.26,0.53,0.42,2023-11-15,828,N,VIIRS,n,2,298.52,3.64,D,0
31.28745,73.9159,330.81,0.53,0.42,2023-11-15,828,N,VIIRS,n,2,296.92,2.27,D,0
31.29209,73.71229,335.37,0.52,0.41,2023-11-15,828,N,VIIRS,n,2,300.73,4.41,D,0
31.29414,73.66193,332.65,0.52,0.41,2023-11-15,828,N,VIIRS,n,2,299.61,2.31,D,0
31.30237,75.12706,355.2,0.41,0.45,2023-11-15,828,N,VIIRS,n,2,300.37,9.24,D,0
31.32377,70.82297,334.29,0.4,0.37,2023-11-15,828,N,VIIRS,n,2,296.81,3.72,D,0
31.33651,73.36369,333.32,0.5,0.41,2023-11-15,828,N,VIIRS,n,2,301.66,4.74,D,0
31.33661,73.36617,332.55,0.5,0.41,2023-11-15,828,N,VIIRS,n,2,301.36,3.02,D,0
31.33922,73.7834,334.86,0.52,0.42,2023-11-15,828,N,VIIRS,n,2,301.38,6.27,D,0
31.34118,73.73262,332.77,0.52,0.42,2023-11-15,828,N,VIIRS,n,2,300.42,1.52,D,0
31.35071,73.58138,330.92,0.51,0.41,2023-11-15,828,N,VIIRS,n,2,300.37,6.78,D,0
31.35093,72.16402,353.49,0.45,0.39,2023-11-15,828,N,VIIRS,n,2,303.12,11.67,D,0
31.35452,73.58079,348.14,0.51,0.41,2023-11-15,828,N,VIIRS,n,2,303.83,6.78,D,0
31.35704,73.57806,346.46,0.51,0.41,2023-11-15,828,N,VIIRS,n,2,299.42,6.04,D,0
31.35804,72.1628,332.85,0.45,0.39,2023-11-15,828,N,VIIRS,n,2,301.67,5.97,D,0
31.36337,72.14753,342.5,0.44,0.39,2023-11-15,828,N,VIIRS,n,2,303.37,5.21,D,0
31.36374,74.81801,340.31,0.39,0.44,2023-11-15,828,N,VIIRS,n,2,300.93,4.18,D,0
31.36739,72.53127,332.74,0.46,0.39,2023-11-15,828,N,VIIRS,n,2,299.83,2.69,D,0
31.36812,72.15628,331.18,0.45,0.39,2023-11-15,828,N,VIIRS,n,2,301.63,2.5,D,0
31.37272,74.97948,345.94,0.4,0.44,2023-11-15,828,N,VIIRS,n,2,302.24,5.22,D,0
31.37275,74.94064,335.5,0.4,0.44,2023-11-15,828,N,VIIRS,n,2,300.23,2.32,D,0
31.37321,74.94489,346.91,0.4,0.44,2023-11-15,828,N,VIIRS,n,2,301.05,8,D,0
31.37413,74.91465,352.77,0.4,0.44,2023-11-15,828,N,VIIRS,n,2,301.21,7.27,D,0
31.37466,72.5004,330.56,0.46,0.39,2023-11-15,828,N,VIIRS,n,2,299.87,2.67,D,0
31.37507,73.75542,337.88,0.52,0.42,2023-11-15,828,N,VIIRS,n,2,300.86,9.65,D,0
31.37725,73.75848,330.4,0.52,0.42,2023-11-15,828,N,VIIRS,n,2,299.28,2.55,D,0
31.38362,72.22089,331.93,0.45,0.39,2023-11-15,828,N,VIIRS,n,2,295.11,2.95,D,0
31.38412,74.85338,334.5,0.4,0.44,2023-11-15,828,N,VIIRS,n,2,298.67,5.59,D,0
31.38612,72.38544,333.51,0.45,0.39,2023-11-15,828,N,VIIRS,n,2,300.98,1.88,D,0
31.38625,74.72206,332.09,0.39,0.44,2023-11-15,828,N,VIIRS,n,2,300.52,2.2,D,0
31.38711,72.66254,330.57,0.47,0.39,2023-11-15,828,N,VIIRS,n,2,300.23,2.82,D,0
31.39209,72.52219,332.96,0.46,0.39,2023-11-15,828,N,VIIRS,n,2,299.52,6.73,D,0
31.41307,72.39558,330.88,0.45,0.39,2023-11-15,828,N,VIIRS,n,2,299.63,4.2,D,0
31.41802,72.61236,336.55,0.46,0.39,2023-11-15,828,N,VIIRS,n,2,301.44,5.69,D,0
31.42036,73.62343,332.03,0.52,0.41,2023-11-15,828,N,VIIRS,n,2,300.06,3.65,D,0
31.42441,72.36922,343.45,0.45,0.39,2023-11-15,828,N,VIIRS,n,2,296.23,8.16,D,0
31.42451,72.42798,341.49,0.46,0.39,2023-11-15,828,N,VIIRS,n,2,298.55,8.13,D,0
31.43828,75.402,333.26,0.42,0.46,2023-11-15,828,N,VIIRS,n,2,298.3,1.8,D,0
31.45003,72.2986,335.4,0.45,0.39,2023-11-15,828,N,VIIRS,n,2,296.45,8,D,0
31.45189,72.16775,333.9,0.45,0.39,2023-11-15,828,N,VIIRS,n,2,301.54,4.06,D,0
31.45476,75.02494,343.29,0.41,0.45,2023-11-15,828,N,VIIRS,n,2,302.24,8.46,D,0
31.46436,72.29615,333.4,0.45,0.39,2023-11-15,828,N,VIIRS,n,2,299.19,5.36,D,0
31.47092,72.29018,340.01,0.45,0.39,2023-11-15,828,N,VIIRS,n,2,298.31,6.4,D,0
31.4771,73.98258,347.74,0.54,0.42,2023-11-15,828,N,VIIRS,n,2,300.75,7.55,D,0
31.47904,74.63364,337.18,0.39,0.44,2023-11-15,828,N,VIIRS,n,2,300.09,4.19,D,0
31.47922,72.18232,332.13,0.45,0.39,2023-11-15,828,N,VIIRS,n,2,303.06,3.22,D,0
31.47962,74.63403,335.38,0.39,0.44,2023-11-15,828,N,VIIRS,n,2,299.9,3.24,D,0
31.48553,74.61233,337.6,0.39,0.44,2023-11-15,828,N,VIIRS,n,2,302.39,2.4,D,0
31.48875,73.87736,333.8,0.53,0.42,2023-11-15,828,N,VIIRS,n,2,300.63,4.56,D,0
31.48942,73.91735,335.05,0.53,0.42,2023-11-15,828,N,VIIRS,n,2,301.48,4.59,D,0
31.49262,73.87677,337.12,0.53,0.42,2023-11-15,828,N,VIIRS,n,2,300.55,7.08,D,0
31.49516,75.63705,334.71,0.44,0.46,2023-11-15,828,N,VIIRS,n,2,297.26,1.99,D,0
31.4977,73.8108,332.01,0.53,0.42,2023-11-15,828,N,VIIRS,n,2,299.51,2.23,D,0
31.49994,72.14509,336.67,0.45,0.39,2023-11-15,828,N,VIIRS,n,2,301.37,3.84,D,0
31.50481,74.60122,332.7,0.39,0.44,2023-11-15,828,N,VIIRS,n,2,300.59,2.33,D,0
31.50879,74.94344,340.42,0.4,0.44,2023-11-15,828,N,VIIRS,n,2,300.6,3.07,D,0
31.50946,73.92005,331.06,0.53,0.42,2023-11-15,828,N,VIIRS,n,2,299.83,3.97,D,0
31.50971,74.95197,335.14,0.4,0.44,2023-11-15,828,N,VIIRS,n,2,297.89,3.09,D,0
31.51011,73.92323,345.31,0.53,0.42,2023-11-15,828,N,VIIRS,n,2,301.5,8.11,D,0
31.51011,73.92569,334.34,0.53,0.42,2023-11-15,828,N,VIIRS,n,2,300.46,3.97,D,0
31.51017,74.95624,334.17,0.4,0.44,2023-11-15,828,N,VIIRS,n,2,297.49,3.09,D,0
31.51026,72.25436,334.79,0.45,0.39,2023-11-15,828,N,VIIRS,n,2,300.21,4.58,D,0
31.51129,72.17683,330.28,0.45,0.39,2023-11-15,828,N,VIIRS,l,2,302.09,2.73,D,0
31.51155,74.94382,344.51,0.4,0.44,2023-11-15,828,N,VIIRS,n,2,300.48,4.9,D,0
31.512,74.5919,337.72,0.39,0.44,2023-11-15,828,N,VIIRS,n,2,298.91,4.22,D,0
31.51242,74.95236,340.47,0.4,0.44,2023-11-15,828,N,VIIRS,n,2,299.35,7.05,D,0
31.51539,72.15205,337.23,0.45,0.39,2023-11-15,828,N,VIIRS,n,2,301.04,3.37,D,0
31.5155,75.66749,339.67,0.44,0.46,2023-11-15,828,N,VIIRS,n,2,298.58,4.27,D,0
31.51571,72.13992,333.9,0.45,0.39,2023-11-15,828,N,VIIRS,n,2,302.47,4.24,D,0
31.51631,72.30194,330.24,0.45,0.39,2023-11-15,828,N,VIIRS,n,2,299.85,4.42,D,0
31.51635,72.3312,332.68,0.45,0.39,2023-11-15,828,N,VIIRS,n,2,301.29,4.41,D,0
31.51746,72.15405,331.6,0.45,0.39,2023-11-15,828,N,VIIRS,n,2,300.2,4.18,D,0
31.51767,72.42912,339.97,0.46,0.39,2023-11-15,828,N,VIIRS,n,2,298.99,3.76,D,0
31.51796,72.22883,355.19,0.45,0.39,2023-11-15,828,N,VIIRS,n,2,301.23,7.44,D,0
31.51911,72.2262,333.42,0.45,0.39,2023-11-15,828,N,VIIRS,n,2,301.1,10.34,D,0
31.51991,75.36892,331.87,0.42,0.45,2023-11-15,828,N,VIIRS,n,2,298.37,2.28,D,0
31.52127,72.42851,330.47,0.46,0.39,2023-11-15,828,N,VIIRS,n,2,297.54,3.76,D,0
31.52175,73.92145,340.85,0.53,0.42,2023-11-15,828,N,VIIRS,n,2,302.8,8.33,D,0
31.53095,74.73147,333.44,0.39,0.44,2023-11-15,828,N,VIIRS,n,2,300.48,2.35,D,0
31.53465,73.931,333,0.53,0.42,2023-11-15,828,N,VIIRS,n,2,300.7,6.28,D,0
31.53714,75.53754,333.36,0.43,0.46,2023-11-15,828,N,VIIRS,n,2,298.61,3.26,D,0
31.53765,73.74805,336.97,0.52,0.42,2023-11-15,828,N,VIIRS,n,2,301.34,6.52,D,0
31.54277,73.75856,333.02,0.52,0.42,2023-11-15,828,N,VIIRS,n,2,302.57,5.44,D,0
31.54533,72.20236,343.57,0.45,0.39,2023-11-15,828,N,VIIRS,n,2,302.08,4.98,D,0
31.54655,72.15387,333.59,0.45,0.39,2023-11-15,828,N,VIIRS,n,2,301.97,7.29,D,0
31.55069,72.18694,334.85,0.45,0.39,2023-11-15,828,N,VIIRS,n,2,304.28,2.29,D,0
31.55356,74.67352,341.21,0.39,0.44,2023-11-15,828,N,VIIRS,n,2,300.03,2.72,D,0
31.55622,73.77346,333.75,0.53,0.42,2023-11-15,828,N,VIIRS,n,2,301.53,4.39,D,0
31.56817,72.71558,337.94,0.47,0.4,2023-11-15,828,N,VIIRS,n,2,298.81,3.61,D,0
31.56846,72.35918,337.78,0.46,0.39,2023-11-15,828,N,VIIRS,n,2,299.46,5.28,D,0
31.57565,72.35796,332.44,0.46,0.39,2023-11-15,828,N,VIIRS,n,2,298.97,3,D,0
31.57686,72.33814,334.25,0.45,0.39,2023-11-15,828,N,VIIRS,n,2,300.89,4.25,D,0
31.57979,70.28927,335.41,0.4,0.37,2023-11-15,828,N,VIIRS,n,2,300.57,3.88,D,0
31.58044,72.36697,332.19,0.46,0.39,2023-11-15,828,N,VIIRS,n,2,300.45,3.33,D,0
31.58106,72.31296,337.42,0.45,0.39,2023-11-15,828,N,VIIRS,n,2,300.19,4.9,D,0
31.59269,73.39371,331.01,0.5,0.41,2023-11-15,828,N,VIIRS,n,2,301.28,3.33,D,0
31.60067,74.09573,335.38,0.55,0.42,2023-11-15,828,N,VIIRS,n,2,300.06,5.09,D,0
31.60321,72.34349,330.92,0.45,0.39,2023-11-15,828,N,VIIRS,n,2,300.11,4.12,D,0
31.60381,72.34829,342.13,0.45,0.39,2023-11-15,828,N,VIIRS,n,2,301.73,7.58,D,0
31.60443,72.47156,330.22,0.46,0.39,2023-11-15,828,N,VIIRS,n,2,297.17,2.08,D,0
31.60588,73.40797,334.86,0.51,0.41,2023-11-15,828,N,VIIRS,n,2,300.35,3.84,D,0
31.61014,72.16711,333.94,0.45,0.39,2023-11-15,828,N,VIIRS,l,2,305.23,3.28,D,0
31.6124,73.63323,332.41,0.52,0.41,2023-11-15,828,N,VIIRS,n,2,303.22,1.9,D,0
31.6143,72.82829,336.57,0.48,0.4,2023-11-15,828,N,VIIRS,n,2,299.22,4.12,D,0
31.62548,72.43332,333.18,0.46,0.39,2023-11-15,828,N,VIIRS,n,2,298.5,3.07,D,0
31.63098,72.53683,342.48,0.46,0.39,2023-11-15,828,N,VIIRS,n,2,299.19,6.22,D,0
31.63456,73.10302,330.8,0.49,0.4,2023-11-15,828,N,VIIRS,n,2,301.1,6.63,D,0
31.63511,75.49306,329.21,0.43,0.46,2023-11-15,828,N,VIIRS,n,2,297.57,3.06,D,0
31.63519,73.10819,332.36,0.49,0.4,2023-11-15,828,N,VIIRS,n,2,301.69,6.63,D,0
31.63555,72.1791,342.83,0.45,0.39,2023-11-15,828,N,VIIRS,n,2,301.84,4.51,D,0
31.63572,73.10614,339.86,0.49,0.4,2023-11-15,828,N,VIIRS,n,2,300.79,12.84,D,0
31.63787,73.65166,335.68,0.52,0.41,2023-11-15,828,N,VIIRS,n,2,304.66,3.47,D,0
31.64048,77.34412,331.44,0.55,0.51,2023-11-15,828,N,VIIRS,n,2,294.99,6.47,D,0
31.64096,77.34732,338.05,0.55,0.51,2023-11-15,828,N,VIIRS,n,2,295.78,4.74,D,0
31.64446,75.58566,340.51,0.44,0.46,2023-11-15,828,N,VIIRS,n,2,299.64,3.51,D,0
31.64652,72.42484,331.84,0.46,0.39,2023-11-15,828,N,VIIRS,n,2,299.8,2.83,D,0
31.65276,72.22955,334.21,0.45,0.39,2023-11-15,828,N,VIIRS,n,2,303.76,5.98,D,0
31.66558,72.45344,338.32,0.46,0.39,2023-11-15,828,N,VIIRS,n,2,300.75,4.04,D,0
31.66657,73.56353,335.81,0.51,0.41,2023-11-15,828,N,VIIRS,n,2,301.41,3.43,D,0
31.66835,73.44736,334.22,0.51,0.41,2023-11-15,828,N,VIIRS,n,2,300.31,3.95,D,0
31.6692,72.45283,340.45,0.46,0.39,2023-11-15,828,N,VIIRS,n,2,300.55,6.01,D,0
31.67386,74.6479,330.21,0.39,0.44,2023-11-15,828,N,VIIRS,n,2,300.46,2.25,D,0
31.67425,74.80479,332.96,0.4,0.44,2023-11-15,828,N,VIIRS,n,2,299.2,2.08,D,0
31.67585,73.45541,335.45,0.51,0.41,2023-11-15,828,N,VIIRS,n,2,301.48,3.34,D,0
31.67721,73.45695,339.76,0.51,0.41,2023-11-15,828,N,VIIRS,n,2,301.46,4.75,D,0
31.68138,72.1955,331.78,0.45,0.39,2023-11-15,828,N,VIIRS,n,2,300.19,2.53,D,0
31.68332,73.48726,331.13,0.51,0.41,2023-11-15,828,N,VIIRS,n,2,299.09,2.07,D,0
31.68528,72.7654,344.86,0.47,0.4,2023-11-15,828,N,VIIRS,n,2,300.46,4.23,D,0
31.6883,74.70487,342.53,0.39,0.44,2023-11-15,828,N,VIIRS,n,2,299.3,5.12,D,0
31.69054,74.68763,341.44,0.39,0.44,2023-11-15,828,N,VIIRS,n,2,300.44,4.71,D,0
31.69744,72.1782,340.74,0.45,0.39,2023-11-15,828,N,VIIRS,n,2,301.38,7.29,D,0
31.70053,74.20951,330.73,0.55,0.43,2023-11-15,828,N,VIIRS,l,2,300.79,5.16,D,0
31.70222,72.18709,332.47,0.45,0.39,2023-11-15,828,N,VIIRS,n,2,301.87,2.31,D,0
31.70371,72.73919,331.08,0.47,0.4,2023-11-15,828,N,VIIRS,n,2,299.02,3.09,D,0
31.70877,74.51003,342.19,0.38,0.43,2023-11-15,828,N,VIIRS,n,2,299.76,5.92,D,0
31.71736,72.54456,330.96,0.46,0.39,2023-11-15,828,N,VIIRS,n,2,300.68,2.29,D,0
31.71829,74.22485,335.31,0.56,0.43,2023-11-15,828,N,VIIRS,n,2,301.28,6.27,D,0
31.72995,72.73997,331.8,0.47,0.4,2023-11-15,828,N,VIIRS,n,2,300.62,2.49,D,0
31.73302,72.73434,334.14,0.47,0.4,2023-11-15,828,N,VIIRS,n,2,301.17,6,D,0
31.73343,74.14494,333.68,0.55,0.43,2023-11-15,828,N,VIIRS,n,2,301.78,9.05,D,0
31.7337,72.61735,332.91,0.47,0.4,2023-11-15,828,N,VIIRS,n,2,300.76,2.36,D,0
31.73526,74.64388,341.5,0.39,0.44,2023-11-15,828,N,VIIRS,n,2,303.73,9.37,D,0
31.73871,74.19186,342.01,0.55,0.43,2023-11-15,828,N,VIIRS,n,2,300.39,5.46,D,0
31.73972,73.40698,335.12,0.51,0.41,2023-11-15,828,N,VIIRS,n,2,301.35,14.28,D,0
31.73973,72.51576,341.09,0.46,0.39,2023-11-15,828,N,VIIRS,n,2,300.74,6.94,D,0
31.7428,75.59253,329.51,0.44,0.46,2023-11-15,828,N,VIIRS,n,2,297.07,1.71,D,0
31.74356,74.52985,342.07,0.38,0.44,2023-11-15,828,N,VIIRS,n,2,301.41,8.44,D,0
31.75556,72.61372,332.96,0.47,0.4,2023-11-15,828,N,VIIRS,n,2,302.97,4.46,D,0
31.75742,72.20842,332.91,0.45,0.39,2023-11-15,828,N,VIIRS,n,2,302.49,8.18,D,0
31.76046,74.88389,340.64,0.4,0.44,2023-11-15,828,N,VIIRS,n,2,302.77,4.06,D,0
31.76317,73.11497,332.15,0.49,0.4,2023-11-15,828,N,VIIRS,n,2,300.47,6.72,D,0
31.76396,72.23169,333.24,0.45,0.39,2023-11-15,828,N,VIIRS,n,2,303.2,2.67,D,0
31.76457,74.88331,334.15,0.4,0.44,2023-11-15,828,N,VIIRS,n,2,300.65,4.06,D,0
31.76565,73.46333,333.62,0.51,0.41,2023-11-15,828,N,VIIRS,n,2,302.15,2.54,D,0
31.77532,74.63393,335.48,0.39,0.44,2023-11-15,828,N,VIIRS,n,2,299.6,3.03,D,0
31.78564,74.19561,332.82,0.56,0.43,2023-11-15,828,N,VIIRS,n,2,302.42,7.01,D,0
31.79083,72.27116,340.92,0.45,0.39,2023-11-15,828,N,VIIRS,n,2,302.2,7.57,D,0
31.79749,74.19384,333.39,0.56,0.43,2023-11-15,828,N,VIIRS,n,2,300.6,3.36,D,0
31.81423,72.40041,347.43,0.46,0.39,2023-11-15,828,N,VIIRS,n,2,303.61,14.36,D,0
31.82276,73.42999,332.02,0.51,0.41,2023-11-15,828,N,VIIRS,n,2,302.39,5.6,D,0
31.82521,73.48482,334.43,0.51,0.41,2023-11-15,828,N,VIIRS,n,2,301.86,4.86,D,0
31.82656,73.42939,352.82,0.51,0.41,2023-11-15,828,N,VIIRS,n,2,302.98,5.6,D,0
31.82975,74.23115,334.28,0.56,0.43,2023-11-15,828,N,VIIRS,n,2,302.13,9.49,D,0
31.83099,74.73752,334.48,0.4,0.44,2023-11-15,828,N,VIIRS,n,2,298.73,2.33,D,0
31.83767,74.22998,342.05,0.56,0.43,2023-11-15,828,N,VIIRS,n,2,301.13,8.48,D,0
31.83855,74.89179,340.8,0.4,0.44,2023-11-15,828,N,VIIRS,n,2,299.53,5.06,D,0
31.83916,73.17752,333.11,0.5,0.41,2023-11-15,828,N,VIIRS,n,2,301.18,1.69,D,0
31.8423,74.57089,335.79,0.39,0.44,2023-11-15,828,N,VIIRS,n,2,298.71,2.26,D,0
31.84238,73.33375,336.8,0.5,0.41,2023-11-15,828,N,VIIRS,n,2,302.04,9.43,D,0
31.8462,74.41779,338.26,0.57,0.43,2023-11-15,828,N,VIIRS,n,2,299.21,5.69,D,0
31.85241,73.28864,331.01,0.5,0.41,2023-11-15,828,N,VIIRS,n,2,302.96,1.91,D,0
31.85339,72.41868,339,0.46,0.39,2023-11-15,828,N,VIIRS,n,2,301.03,3.67,D,0
31.85406,74.48998,342.15,0.38,0.43,2023-11-15,828,N,VIIRS,n,2,298.76,2.61,D,0
31.85814,73.01206,331.05,0.49,0.4,2023-11-15,828,N,VIIRS,n,2,298.47,2.27,D,0
31.86552,74.67295,333.02,0.39,0.44,2023-11-15,828,N,VIIRS,n,2,298.8,2.13,D,0
31.87588,74.30137,337.1,0.56,0.43,2023-11-15,828,N,VIIRS,n,2,299.82,4.82,D,0
31.87659,73.33655,333.2,0.51,0.41,2023-11-15,828,N,VIIRS,n,2,302.85,4.15,D,0
31.87701,73.33373,337.14,0.5,0.41,2023-11-15,828,N,VIIRS,n,2,302.09,3.32,D,0
31.88093,74.43745,330.86,0.57,0.43,2023-11-15,828,N,VIIRS,n,2,298.15,2.75,D,0
31.88191,74.43568,331.28,0.57,0.43,2023-11-15,828,N,VIIRS,n,2,298.43,3.98,D,0
31.88281,74.34481,336.36,0.57,0.43,2023-11-15,828,N,VIIRS,n,2,303.52,10.79,D,0
31.88333,73.16228,332.4,0.5,0.41,2023-11-15,828,N,VIIRS,n,2,300.22,3.66,D,0
31.88433,74.3429,340.29,0.57,0.43,2023-11-15,828,N,VIIRS,n,2,304.75,20.94,D,0
31.88628,73.67706,341.75,0.52,0.42,2023-11-15,828,N,VIIRS,n,2,303.2,5.99,D,0
31.8868,74.34424,335.04,0.57,0.43,2023-11-15,828,N,VIIRS,n,2,301.3,10.79,D,0
31.8883,73.17222,346.08,0.5,0.41,2023-11-15,828,N,VIIRS,n,2,300.26,7.79,D,0
31.89013,73.67647,344.28,0.52,0.42,2023-11-15,828,N,VIIRS,n,2,300.2,5.09,D,0
31.89307,73.46867,329.93,0.51,0.41,2023-11-15,828,N,VIIRS,n,2,299.84,2.08,D,0
31.89333,73.6703,335.79,0.52,0.42,2023-11-15,828,N,VIIRS,n,2,301,5.09,D,0
31.89841,74.55496,336.52,0.39,0.44,2023-11-15,828,N,VIIRS,n,2,299.34,3.79,D,0
31.8995,73.2027,333.4,0.5,0.41,2023-11-15,828,N,VIIRS,n,2,299.61,5.19,D,0
31.90081,74.38347,339.28,0.57,0.43,2023-11-15,828,N,VIIRS,n,2,301.23,6.29,D,0
31.90242,74.55801,332.37,0.39,0.44,2023-11-15,828,N,VIIRS,n,2,298.83,2.92,D,0
31.91755,74.35027,330.63,0.57,0.43,2023-11-15,828,N,VIIRS,n,2,299.06,3.31,D,0
31.9182,73.29725,338.75,0.5,0.41,2023-11-15,828,N,VIIRS,n,2,301.51,5.78,D,0
31.91849,74.78085,332.27,0.4,0.44,2023-11-15,828,N,VIIRS,n,2,298.13,1.32,D,0
31.92325,71.14525,329.53,0.42,0.37,2023-11-15,828,N,VIIRS,n,2,292.96,3.48,D,0
31.9245,73.28535,333.95,0.5,0.41,2023-11-15,828,N,VIIRS,n,2,301.02,3.6,D,0
31.92512,73.2907,335.7,0.5,0.41,2023-11-15,828,N,VIIRS,n,2,300.56,6.88,D,0
31.92698,74.71172,335.15,0.4,0.44,2023-11-15,828,N,VIIRS,n,2,298.91,2.4,D,0
31.92892,73.19261,331.91,0.5,0.41,2023-11-15,828,N,VIIRS,n,2,300.07,3.2,D,0
31.93017,73.23561,338.57,0.5,0.41,2023-11-15,828,N,VIIRS,n,2,300.08,4.33,D,0
31.93357,72.77268,335.73,0.48,0.4,2023-11-15,828,N,VIIRS,n,2,299.43,4.9,D,0
31.94087,74.30394,332.05,0.56,0.43,2023-11-15,828,N,VIIRS,n,2,301.95,3.55,D,0
31.94157,73.70582,333.72,0.53,0.42,2023-11-15,828,N,VIIRS,n,2,302.46,4.31,D,0
31.94278,72.33125,341.55,0.46,0.39,2023-11-15,828,N,VIIRS,n,2,300.54,6.26,D,0
31.94332,73.41386,334.63,0.51,0.41,2023-11-15,828,N,VIIRS,n,2,301.66,3.16,D,0
31.94645,73.2114,337.66,0.5,0.41,2023-11-15,828,N,VIIRS,n,2,301.5,5.23,D,0
31.94827,73.55776,332.42,0.52,0.41,2023-11-15,828,N,VIIRS,n,2,300.14,2.91,D,0
31.94839,73.35804,333.47,0.51,0.41,2023-11-15,828,N,VIIRS,n,2,301.64,3.97,D,0
31.94873,72.86882,345.28,0.48,0.4,2023-11-15,828,N,VIIRS,n,2,300.89,11.91,D,0
31.94958,73.2055,332.36,0.5,0.41,2023-11-15,828,N,VIIRS,n,2,299.56,3.91,D,0
31.95021,73.2108,332.91,0.5,0.41,2023-11-15,828,N,VIIRS,n,2,298.52,6.19,D,0
31.95963,73.19073,333.17,0.5,0.41,2023-11-15,828,N,VIIRS,n,2,299.95,4.03,D,0
31.96578,74.45756,336.25,0.38,0.43,2023-11-15,828,N,VIIRS,n,2,299.78,2.79,D,0
31.96959,72.24532,336.24,0.45,0.39,2023-11-15,828,N,VIIRS,n,2,302.2,6.65,D,0
31.96994,73.47619,343.7,0.51,0.41,2023-11-15,828,N,VIIRS,n,2,301.99,8.24,D,0
31.97311,73.47012,338.47,0.51,0.41,2023-11-15,828,N,VIIRS,n,2,300.24,6.3,D,0
31.97427,74.46047,334.85,0.38,0.43,2023-11-15,828,N,VIIRS,n,2,300.74,3.41,D,0
31.97694,74.44764,349.44,0.38,0.43,2023-11-15,828,N,VIIRS,n,2,303.95,13.08,D,0
31.97739,74.45172,355.09,0.38,0.43,2023-11-15,828,N,VIIRS,n,2,300.69,13.08,D,0
31.97818,74.6873,332.29,0.39,0.44,2023-11-15,828,N,VIIRS,n,2,299.11,2.24,D,0
31.98049,74.63163,340.38,0.39,0.44,2023-11-15,828,N,VIIRS,n,2,299.69,3.05,D,0
31.98116,73.31226,332.2,0.51,0.41,2023-11-15,828,N,VIIRS,n,2,300.55,4.55,D,0
31.98142,73.54139,340.78,0.52,0.41,2023-11-15,828,N,VIIRS,n,2,302.95,6.94,D,0
31.98177,73.31445,334.98,0.5,0.41,2023-11-15,828,N,VIIRS,n,2,301.1,8.9,D,0
31.98524,73.54079,346.67,0.52,0.41,2023-11-15,828,N,VIIRS,n,2,300.16,6.94,D,0
31.98678,74.46281,345.8,0.38,0.43,2023-11-15,828,N,VIIRS,n,2,300.08,4.82,D,0
31.9921,74.81877,337.31,0.4,0.44,2023-11-15,828,N,VIIRS,n,2,298.91,2.83,D,0
31.99311,73.31583,331.06,0.51,0.41,2023-11-15,828,N,VIIRS,n,2,298.47,3.65,D,0
31.99574,73.27171,337.6,0.5,0.41,2023-11-15,828,N,VIIRS,n,2,300.28,4.81,D,0
31.99603,74.9363,342.26,0.41,0.45,2023-11-15,828,N,VIIRS,n,2,301.01,5.14,D,0
31.99864,73.36434,331.66,0.51,0.41,2023-11-15,828,N,VIIRS,n,2,301.44,3.51,D,0
32.00243,73.36375,341.94,0.51,0.41,2023-11-15,828,N,VIIRS,n,2,300.61,3.51,D,0
32.00484,72.41305,342.15,0.46,0.39,2023-11-15,828,N,VIIRS,n,2,299.08,4.94,D,0
32.00963,74.44292,337.23,0.38,0.43,2023-11-15,828,N,VIIRS,n,2,300.13,2.77,D,0
32.01691,73.38904,337.33,0.51,0.41,2023-11-15,828,N,VIIRS,n,2,300.7,9.49,D,0
32.01748,72.45603,333.72,0.46,0.39,2023-11-15,828,N,VIIRS,n,2,299.24,2.73,D,0
32.02269,72.88814,333.03,0.48,0.4,2023-11-15,828,N,VIIRS,n,2,299.22,3.62,D,0
32.02331,73.34396,332.96,0.51,0.41,2023-11-15,828,N,VIIRS,n,2,302.06,5.08,D,0
32.02721,73.58273,338.34,0.52,0.42,2023-11-15,828,N,VIIRS,n,2,301.71,9.37,D,0
32.03162,74.77454,340.7,0.4,0.44,2023-11-15,828,N,VIIRS,n,2,300.1,3.98,D,0
32.03224,74.73991,332.69,0.4,0.44,2023-11-15,828,N,VIIRS,n,2,300.88,1.48,D,0
32.03271,73.39206,334.6,0.51,0.41,2023-11-15,828,N,VIIRS,n,2,299.94,35.54,D,0
32.03301,73.56491,343.09,0.52,0.42,2023-11-15,828,N,VIIRS,n,2,301.06,4.65,D,0
32.03309,74.77399,344.94,0.4,0.44,2023-11-15,828,N,VIIRS,n,2,300.51,5,D,0
32.03518,74.68794,336.45,0.4,0.44,2023-11-15,828,N,VIIRS,n,2,300.86,2.38,D,0
32.03594,73.6607,330.2,0.53,0.42,2023-11-15,828,N,VIIRS,l,2,302.03,3.5,D,0
32.03965,74.57252,344.3,0.39,0.44,2023-11-15,828,N,VIIRS,n,2,300.42,6.68,D,0
32.04599,73.40654,337.58,0.51,0.41,2023-11-15,828,N,VIIRS,n,2,303.49,11.68,D,0
32.04662,73.41198,335.85,0.51,0.41,2023-11-15,828,N,VIIRS,n,2,305.62,11.68,D,0
32.04967,74.17634,338.17,0.56,0.43,2023-11-15,828,N,VIIRS,n,2,300.04,5.68,D,0
32.04979,73.40594,331.51,0.51,0.41,2023-11-15,828,N,VIIRS,l,2,302.09,12.27,D,0
32.05159,73.52267,346.41,0.52,0.41,2023-11-15,828,N,VIIRS,n,2,302.19,9.82,D,0
32.0554,73.52208,345.74,0.52,0.41,2023-11-15,828,N,VIIRS,n,2,307.82,34.35,D,0
32.05549,73.32239,332.05,0.51,0.41,2023-11-15,828,N,VIIRS,n,2,299.86,4.94,D,0
32.0561,72.37941,330,0.46,0.39,2023-11-15,828,N,VIIRS,n,2,300.91,2.79,D,0
32.05739,73.40475,340.29,0.51,0.41,2023-11-15,828,N,VIIRS,n,2,304.71,16.16,D,0
32.06385,74.92729,335.41,0.41,0.45,2023-11-15,828,N,VIIRS,n,2,298.51,3.08,D,0
32.0646,72.41801,342.75,0.46,0.39,2023-11-15,828,N,VIIRS,n,2,301.92,6.98,D,0
32.06752,73.39211,332.87,0.51,0.41,2023-11-15,828,N,VIIRS,n,2,299.98,2.19,D,0
32.06822,72.4174,332.98,0.46,0.39,2023-11-15,828,N,VIIRS,n,2,300.83,5.64,D,0
32.07135,73.49161,332.54,0.52,0.41,2023-11-15,828,N,VIIRS,n,2,299.89,7.76,D,0
32.07705,73.6089,332.95,0.52,0.42,2023-11-15,828,N,VIIRS,n,2,301.91,1.54,D,0
32.08208,73.32739,332.76,0.51,0.41,2023-11-15,828,N,VIIRS,n,2,299.32,2.86,D,0
32.08326,73.32899,329.87,0.51,0.41,2023-11-15,828,N,VIIRS,n,2,299.02,2.91,D,0
32.08345,73.52893,334.42,0.52,0.41,2023-11-15,828,N,VIIRS,n,2,301.73,3.03,D,0
32.08488,75.0939,342.08,0.42,0.45,2023-11-15,828,N,VIIRS,n,2,298.29,5.2,D,0
32.08794,73.60155,332,0.52,0.42,2023-11-15,828,N,VIIRS,n,2,300.89,3.28,D,0
32.08966,73.32619,331.85,0.51,0.41,2023-11-15,828,N,VIIRS,n,2,299.79,2.65,D,0
32.09019,73.3224,333.6,0.51,0.41,2023-11-15,828,N,VIIRS,n,2,299.54,3.45,D,0
32.10258,73.52597,332.65,0.52,0.41,2023-11-15,828,N,VIIRS,n,2,301.35,3.52,D,0
32.10413,73.52409,335.25,0.52,0.41,2023-11-15,828,N,VIIRS,n,2,300.35,3.69,D,0
32.10562,73.46781,330.7,0.52,0.41,2023-11-15,828,N,VIIRS,n,2,299.7,2.17,D,0
32.10699,73.49723,334.13,0.52,0.41,2023-11-15,828,N,VIIRS,n,2,301.31,4.66,D,0
32.1074,72.49364,330.52,0.47,0.39,2023-11-15,828,N,VIIRS,n,2,299.75,2.43,D,0
32.11275,73.60181,329.52,0.52,0.42,2023-11-15,828,N,VIIRS,n,2,300.25,2.33,D,0
32.11345,73.39976,339.31,0.51,0.41,2023-11-15,828,N,VIIRS,n,2,300.37,5.24,D,0
32.11541,73.56902,332.98,0.52,0.42,2023-11-15,828,N,VIIRS,n,2,302.01,3.38,D,0
32.11663,73.39371,343.06,0.51,0.41,2023-11-15,828,N,VIIRS,n,2,302.35,7.55,D,0
32.11723,72.33131,333.06,0.46,0.39,2023-11-15,828,N,VIIRS,n,2,299.33,4.36,D,0
32.11734,73.57276,332.73,0.52,0.42,2023-11-15,828,N,VIIRS,n,2,300.34,5.64,D,0
32.12385,72.3252,339.82,0.46,0.39,2023-11-15,828,N,VIIRS,n,2,298.18,7.03,D,0
32.1243,73.35928,330.9,0.51,0.41,2023-11-15,828,N,VIIRS,n,2,299.34,3.11,D,0
32.12814,75.27045,340.03,0.43,0.46,2023-11-15,828,N,VIIRS,n,2,298.99,3.29,D,0
32.13007,73.30879,341.46,0.51,0.41,2023-11-15,828,N,VIIRS,n,2,299.76,5.25,D,0
32.13489,73.45205,335.34,0.51,0.41,2023-11-15,828,N,VIIRS,n,2,300.8,5.92,D,0
32.14615,72.35636,335.23,0.46,0.39,2023-11-15,828,N,VIIRS,n,2,299.44,3.56,D,0
32.15243,73.60699,339.23,0.52,0.42,2023-11-15,828,N,VIIRS,n,2,301.95,8.85,D,0
32.15354,74.29328,331.5,0.57,0.43,2023-11-15,828,N,VIIRS,n,2,300.78,2.48,D,0
32.15627,73.6064,334.63,0.52,0.42,2023-11-15,828,N,VIIRS,n,2,299.93,5.8,D,0
32.16378,75.28411,336.29,0.43,0.46,2023-11-15,828,N,VIIRS,n,2,298.3,2.53,D,0
32.16413,74.3907,343.25,0.57,0.43,2023-11-15,828,N,VIIRS,n,2,300.7,10.19,D,0
32.16798,72.44305,331.76,0.46,0.39,2023-11-15,828,N,VIIRS,n,2,301.79,2.21,D,0
32.16922,75.03834,334.9,0.41,0.45,2023-11-15,828,N,VIIRS,n,2,297.92,2.8,D,0
32.17874,73.42842,329.63,0.51,0.41,2023-11-15,828,N,VIIRS,n,2,298.24,1.7,D,0
32.17885,74.56573,332.14,0.39,0.44,2023-11-15,828,N,VIIRS,n,2,298.41,2.05,D,0
32.18444,73.64761,332.26,0.53,0.42,2023-11-15,828,N,VIIRS,n,2,299.79,3.92,D,0
32.18509,73.65323,333.83,0.53,0.42,2023-11-15,828,N,VIIRS,n,2,298.98,3.92,D,0
32.18744,74.45499,338.76,0.39,0.44,2023-11-15,828,N,VIIRS,n,2,299.2,2.11,D,0
32.19597,73.50974,331.21,0.52,0.41,2023-11-15,828,N,VIIRS,n,2,298.42,2.11,D,0
32.19997,73.45638,340.59,0.52,0.41,2023-11-15,828,N,VIIRS,n,2,305.22,31.64,D,0
32.20165,73.45835,332.5,0.52,0.41,2023-11-15,828,N,VIIRS,n,2,301.25,13.01,D,0
32.20317,73.45027,336.1,0.52,0.41,2023-11-15,828,N,VIIRS,n,2,299.74,3.96,D,0
32.20482,73.45226,337.37,0.52,0.41,2023-11-15,828,N,VIIRS,n,2,300.1,13.01,D,0
32.20699,73.44967,331.7,0.52,0.41,2023-11-15,828,N,VIIRS,n,2,299.81,3.85,D,0
32.20734,72.40308,334.55,0.46,0.39,2023-11-15,828,N,VIIRS,n,2,298.84,3.43,D,0
32.20745,73.50796,343.94,0.52,0.41,2023-11-15,828,N,VIIRS,n,2,301.78,6.89,D,0
32.20753,73.8522,349.83,0.54,0.42,2023-11-15,828,N,VIIRS,n,2,304.36,12.09,D,0
32.2081,73.51348,336.92,0.52,0.41,2023-11-15,828,N,VIIRS,n,2,300.52,6.89,D,0
32.20992,73.51099,349.47,0.52,0.41,2023-11-15,828,N,VIIRS,n,2,299.67,11.65,D,0
32.21469,73.81024,344.94,0.54,0.42,2023-11-15,828,N,VIIRS,n,2,301.45,6.55,D,0
32.21858,73.80965,347.23,0.54,0.42,2023-11-15,828,N,VIIRS,n,2,301.13,10.17,D,0
32.21988,73.85619,330.19,0.54,0.42,2023-11-15,828,N,VIIRS,n,2,298.27,2.83,D,0
32.22029,73.55111,340.71,0.52,0.42,2023-11-15,828,N,VIIRS,n,2,300.23,7.47,D,0
32.22721,73.49139,340.27,0.52,0.41,2023-11-15,828,N,VIIRS,n,2,299.87,4.87,D,0
32.23856,74.69827,340.46,0.4,0.44,2023-11-15,828,N,VIIRS,n,2,300.61,4.97,D,0
32.24147,74.69928,337.87,0.4,0.44,2023-11-15,828,N,VIIRS,n,2,299.57,2.81,D,0
32.24797,73.6071,340.53,0.53,0.42,2023-11-15,828,N,VIIRS,n,2,301.66,11.38,D,0
32.251,73.32588,333.08,0.51,0.41,2023-11-15,828,N,VIIRS,n,2,299.04,3.51,D,0
32.25504,73.6003,332.14,0.52,0.42,2023-11-15,828,N,VIIRS,n,2,299.93,3.73,D,0
32.25938,72.52608,329.88,0.47,0.4,2023-11-15,828,N,VIIRS,n,2,299.62,3.05,D,0
32.2706,74.46503,338.37,0.39,0.44,2023-11-15,828,N,VIIRS,n,2,300.1,3.34,D,0
32.27463,74.46444,338.1,0.39,0.44,2023-11-15,828,N,VIIRS,n,2,299.64,3.23,D,0
32.28008,73.31024,334.6,0.51,0.41,2023-11-15,828,N,VIIRS,n,2,302.9,10.35,D,0
32.28387,73.30965,334.45,0.51,0.41,2023-11-15,828,N,VIIRS,n,2,299.23,4.58,D,0
32.29837,73.88339,331.5,0.54,0.42,2023-11-15,828,N,VIIRS,n,2,299.04,2.49,D,0
32.30283,73.30665,337.99,0.51,0.41,2023-11-15,828,N,VIIRS,n,2,301.06,5.2,D,0
32.3058,73.30903,332.31,0.51,0.41,2023-11-15,828,N,VIIRS,n,2,299.23,3.25,D,0
32.3238,73.13073,332.39,0.5,0.41,2023-11-15,828,N,VIIRS,n,2,300.09,3.58,D,0
32.32447,74.50777,338.67,0.39,0.44,2023-11-15,828,N,VIIRS,n,2,299.31,3.51,D,0
32.32468,74.50835,339.88,0.39,0.44,2023-11-15,828,N,VIIRS,n,2,299.27,2.96,D,0
32.32766,73.93214,337.95,0.55,0.42,2023-11-15,828,N,VIIRS,n,2,301.36,5.15,D,0
32.33315,74.58733,328.35,0.39,0.44,2023-11-15,828,N,VIIRS,n,2,298.39,1.63,D,0
32.3563,74.45729,340.81,0.39,0.44,2023-11-15,828,N,VIIRS,n,2,299.25,5.35,D,0
32.35674,74.46144,339.44,0.39,0.44,2023-11-15,828,N,VIIRS,n,2,300.3,5.93,D,0
32.37201,74.45078,329.09,0.39,0.44,2023-11-15,828,N,VIIRS,n,2,300.08,1.93,D,0
32.37581,74.01814,332.67,0.55,0.43,2023-11-15,828,N,VIIRS,n,2,300.21,3.84,D,0
32.4169,73.41185,345.83,0.52,0.41,2023-11-15,828,N,VIIRS,n,2,303.83,19.35,D,0
32.41795,73.40825,329.94,0.52,0.41,2023-11-15,828,N,VIIRS,l,2,299.95,6.86,D,0
32.41859,73.41376,332,0.52,0.41,2023-11-15,828,N,VIIRS,n,2,301.3,10.31,D,0
32.42377,74.01694,335.15,0.55,0.43,2023-11-15,828,N,VIIRS,n,2,299.61,6.39,D,0
32.46514,74.21159,332.56,0.57,0.43,2023-11-15,828,N,VIIRS,n,2,298.28,3.59,D,0
32.48217,74.72258,330.91,0.4,0.44,2023-11-15,828,N,VIIRS,n,2,298.46,2.14,D,0
32.48306,74.73119,337.06,0.4,0.44,2023-11-15,828,N,VIIRS,n,2,298.77,3.5,D,0
32.492,73.38879,330.18,0.52,0.41,2023-11-15,828,N,VIIRS,n,2,298.8,2.6,D,0
32.49325,74.83101,330.37,0.41,0.45,2023-11-15,828,N,VIIRS,n,2,298.32,1.81,D,0
32.55663,73.88732,331.92,0.55,0.42,2023-11-15,828,N,VIIRS,n,2,298.66,3.6,D,0
32.69036,74.35562,328.74,0.39,0.44,2023-11-15,828,N,VIIRS,l,2,299.64,2.75,D,0
32.75841,74.61662,332.19,0.4,0.44,2023-11-15,828,N,VIIRS,n,2,298.19,4.44,D,0
32.75941,74.61562,340.76,0.4,0.44,2023-11-15,828,N,VIIRS,n,2,298.93,2.98,D,0
32.77816,74.56596,333.02,0.4,0.44,2023-11-15,828,N,VIIRS,n,2,298.77,3.56,D,0
32.78002,71.55688,331.07,0.44,0.38,2023-11-15,828,N,VIIRS,n,2,298.55,2.67,D,0
32.78501,73.44967,332.98,0.52,0.42,2023-11-15,828,N,VIIRS,n,2,299.66,2.8,D,0
32.82582,74.78726,333.09,0.41,0.45,2023-11-15,828,N,VIIRS,n,2,298,2.97,D,0
32.87286,71.55242,332.04,0.44,0.38,2023-11-15,828,N,VIIRS,n,2,299.04,3.88,D,0
33.35973,76.20612,334.07,0.5,0.49,2023-11-15,828,N,VIIRS,n,2,296.47,4.07,D,0
34.23939,74.51924,353.59,0.41,0.45,2023-11-15,829,N,VIIRS,n,2,291.35,12.83,D,0
34.24126,74.52029,338.53,0.41,0.45,2023-11-15,829,N,VIIRS,n,2,288.45,3.65,D,0
35.9663,68.68535,298.47,0.4,0.44,2023-11-15,2050,N,VIIRS,n,2,281.46,0.6,N,0
37.03472,62.41659,305.78,0.45,0.63,2023-11-15,2050,N,VIIRS,n,2,283.42,5.89,N,2
37.03497,62.41132,306.36,0.45,0.63,2023-11-15,2050,N,VIIRS,n,2,281.39,6.02,N,2
31.25072,76.92728,302.42,0.44,0.39,2023-11-15,2051,N,VIIRS,n,2,284.85,0.79,N,2
31.25852,76.92461,296.6,0.44,0.39,2023-11-15,2051,N,VIIRS,n,2,284.82,0.79,N,2
31.35259,72.07115,295.71,0.4,0.37,2023-11-15,2051,N,VIIRS,n,2,284.89,0.42,N,0
31.41827,73.76163,299.05,0.38,0.36,2023-11-15,2051,N,VIIRS,n,2,284.45,0.49,N,0
31.59947,74.32931,299.71,0.39,0.36,2023-11-15,2051,N,VIIRS,n,2,288.06,0.27,N,0
31.61141,74.36119,306.89,0.39,0.36,2023-11-15,2051,N,VIIRS,n,2,287.57,0.65,N,0
31.6214,74.40521,297.9,0.39,0.36,2023-11-15,2051,N,VIIRS,n,2,285.99,0.31,N,0
31.62609,74.43973,306.73,0.39,0.36,2023-11-15,2051,N,VIIRS,n,2,286.66,1,N,0
32.12564,73.98823,297.07,0.38,0.36,2023-11-15,2051,N,VIIRS,n,2,285.78,0.34,N,0
32.13272,74.91258,304.25,0.39,0.36,2023-11-15,2051,N,VIIRS,n,2,283.95,0.6,N,0
32.2891,70.73845,302.95,0.44,0.39,2023-11-15,2051,N,VIIRS,n,2,289.22,1.01,N,2
32.2925,70.73224,304.77,0.44,0.39,2023-11-15,2051,N,VIIRS,n,2,288.97,1.16,N,2
32.57492,72.5649,299.91,0.4,0.37,2023-11-15,2051,N,VIIRS,n,2,288.85,0.79,N,2
32.57548,72.56751,299.66,0.4,0.37,2023-11-15,2051,N,VIIRS,n,2,288.49,0.54,N,2
32.71893,72.7776,296.39,0.39,0.36,2023-11-15,2051,N,VIIRS,n,2,285.13,0.57,N,0
32.72146,72.9241,304.09,0.39,0.36,2023-11-15,2051,N,VIIRS,n,2,285.68,0.83,N,2
32.72552,73.14048,305.23,0.39,0.36,2023-11-15,2051,N,VIIRS,n,2,289.57,0.92,N,2
32.89009,71.61579,315.87,0.42,0.38,2023-11-15,2051,N,VIIRS,n,2,291.26,1.66,N,2
33.54605,71.55077,306.21,0.43,0.38,2023-11-15,2051,N,VIIRS,n,2,285.86,1.11,N,2
33.68803,72.71115,302.63,0.4,0.37,2023-11-15,2051,N,VIIRS,n,2,281.11,0.98,N,2
33.69139,72.71184,298.94,0.4,0.37,2023-11-15,2051,N,VIIRS,n,2,283.63,0.73,N,0
33.80182,72.09975,300.41,0.41,0.37,2023-11-15,2051,N,VIIRS,n,2,284.6,0.55,N,0
33.85003,72.87308,305.92,0.4,0.37,2023-11-15,2051,N,VIIRS,n,2,283.73,0.95,N,0
33.90348,71.91498,297.86,0.42,0.38,2023-11-15,2051,N,VIIRS,n,2,285.85,0.63,N,2
34.06452,73.47511,298.26,0.39,0.36,2023-11-15,2051,N,VIIRS,n,2,282.04,0.46,N,0
34.30792,73.33176,304.33,0.39,0.36,2023-11-15,2051,N,VIIRS,n,2,281.95,0.68,N,0
34.50639,73.32375,296.33,0.39,0.36,2023-11-15,2051,N,VIIRS,n,2,282.85,0.44,N,0
34.50849,73.33284,296.46,0.39,0.36,2023-11-15,2051,N,VIIRS,n,2,283.77,0.59,N,0
34.7989,73.16689,302.44,0.4,0.37,2023-11-15,2051,N,VIIRS,n,2,273.75,1.3,N,0
27.66656,76.13084,298.37,0.46,0.39,2023-11-15,2052,N,VIIRS,n,2,286.56,0.8,N,2
27.82315,73.22325,298.71,0.39,0.36,2023-11-15,2052,N,VIIRS,n,2,286.68,0.79,N,0
27.82645,73.22392,309.09,0.39,0.36,2023-11-15,2052,N,VIIRS,n,2,287.91,0.79,N,0
28.71096,76.83391,298.98,0.47,0.4,2023-11-15,2052,N,VIIRS,n,2,285.95,0.48,N,0
28.73025,77.1561,299.63,0.49,0.4,2023-11-15,2052,N,VIIRS,n,2,287.36,0.43,N,0
29.12368,75.777,298.83,0.43,0.38,2023-11-15,2052,N,VIIRS,n,2,287.14,0.83,N,2
29.12547,75.77859,298.07,0.43,0.38,2023-11-15,2052,N,VIIRS,n,2,287.7,0.92,N,2
29.51469,76.72413,322.45,0.46,0.39,2023-11-15,2052,N,VIIRS,n,2,286.06,2.74,N,0
29.51825,76.72498,332.67,0.46,0.39,2023-11-15,2052,N,VIIRS,n,2,287.31,3.01,N,0
29.51901,75.06728,295.96,0.4,0.37,2023-11-15,2052,N,VIIRS,n,2,284.76,0.29,N,0
29.52487,75.09436,309.25,0.4,0.37,2023-11-15,2052,N,VIIRS,n,2,284.37,1.06,N,0
29.91054,74.94986,313.53,0.4,0.37,2023-11-15,2052,N,VIIRS,n,2,287.03,1.06,N,2
29.92633,70.73132,303.42,0.42,0.38,2023-11-15,2052,N,VIIRS,n,2,286.83,0.95,N,0
30.18596,71.54694,301,0.4,0.37,2023-11-15,2052,N,VIIRS,n,2,286.19,0.31,N,0
30.21111,71.83717,306.32,0.4,0.37,2023-11-15,2052,N,VIIRS,n,2,285.68,0.83,N,0
30.23347,71.84995,296.59,0.4,0.37,2023-11-15,2052,N,VIIRS,n,2,281.33,0.44,N,0
31.13061,72.01092,306.43,0.4,0.37,2023-11-15,2052,N,VIIRS,n,2,285.08,0.85,N,0
31.16559,72.01235,309.93,0.4,0.37,2023-11-15,2052,N,VIIRS,n,2,285.63,1.26,N,0
31.16693,72.05128,309.43,0.4,0.37,2023-11-15,2052,N,VIIRS,n,2,284.56,1.15,N,0
31.1703,72.05194,310.21,0.4,0.37,2023-11-15,2052,N,VIIRS,n,2,285.03,0.99,N,0
24.57799,74.80469,299.33,0.44,0.38,2023-11-15,2053,N,VIIRS,n,2,289.18,0.51,N,2
24.66224,74.63515,307.87,0.43,0.38,2023-11-15,2053,N,VIIRS,n,2,292.36,1.43,N,2
24.68994,73.00497,301.88,0.39,0.36,2023-11-15,2053,N,VIIRS,n,2,290.96,0.98,N,2
24.69057,73.00114,313.82,0.39,0.36,2023-11-15,2053,N,VIIRS,n,2,292.6,1.39,N,2
24.82055,73.09295,305.78,0.39,0.36,2023-11-15,2053,N,VIIRS,n,2,290.53,1.16,N,2
24.82388,73.09361,300.46,0.39,0.36,2023-11-15,2053,N,VIIRS,n,2,290.33,0.56,N,0
24.93443,74.63219,302.84,0.43,0.38,2023-11-15,2053,N,VIIRS,n,2,290.14,1.29,N,2
25.05023,67.05363,320.58,0.55,0.43,2023-11-15,2053,N,VIIRS,n,2,290.33,2.6,N,0
25.05074,67.49332,301.48,0.52,0.42,2023-11-15,2053,N,VIIRS,n,2,291.39,0.7,N,2
25.30021,71.76828,306.58,0.38,0.36,2023-11-15,2053,N,VIIRS,n,2,287.8,0.7,N,0
25.39965,68.56667,299.2,0.47,0.39,2023-11-15,2053,N,VIIRS,n,2,289.04,0.85,N,2
25.46142,69.18279,300.05,0.44,0.38,2023-11-15,2053,N,VIIRS,n,2,287.33,0.54,N,0
25.46202,69.17841,301.22,0.44,0.38,2023-11-15,2053,N,VIIRS,n,2,288,0.54,N,0
25.79466,68.69581,300.46,0.47,0.39,2023-11-15,2053,N,VIIRS,n,2,290.38,0.61,N,2
26.09018,68.87859,302.38,0.46,0.39,2023-11-15,2053,N,VIIRS,n,2,289.45,1.07,N,2
26.09379,68.87919,315.33,0.46,0.39,2023-11-15,2053,N,VIIRS,n,2,290.72,1.07,N,2
26.25799,74.09698,300.8,0.4,0.37,2023-11-15,2053,N,VIIRS,n,2,289.14,0.87,N,0
26.25862,74.09575,302.11,0.4,0.37,2023-11-15,2053,N,VIIRS,n,2,290.13,0.92,N,0
26.87258,73.52016,295.4,0.39,0.36,2023-11-15,2053,N,VIIRS,n,2,285.35,0.48,N,2
26.8805,73.51371,296.45,0.39,0.36,2023-11-15,2053,N,VIIRS,n,2,286.29,0.55,N,2
27.12741,69.23252,298.12,0.45,0.39,2023-11-15,2053,N,VIIRS,n,2,285.67,0.71,N,0
35.9467,62.91896,298.01,0.45,0.63,2023-11-15,2231,N,VIIRS,n,2,280.43,0.59,N,2
37.03433,62.41925,319.66,0.4,0.6,2023-11-15,2231,N,VIIRS,n,2,282.98,7.6,N,2