{
  "type": "FeatureCollection",
  "features": [
    {
      "type": "Feature",
      "id": 1,
      "properties": {
        "id": 1,
        "date": "2025-10-15T00:00:00"
      },
      "geometry": {
        "type": "Polygon",
        "coordinates": [
          [
            [
              74.255985,
              31.848542
            ],
            [
              74.25528,
              31.851215
            ],
            [
              74.251504,
              31.851608
            ],
            [
              74.25192,
              31.848543
            ],
            [
              74.255985,
              31.848542
            ]
          ]
        ]
      }
    },
    {
      "type": "Feature",
      "id": "2",
      "properties": {
        "id": "2",
        "date": "2025-10-15T00:00:00"
      },
      "geometry": {
        "type": "Polygon",
        "coordinates": [
          [
            [
              74.26676169105572,
              31.85073413295215
            ],
            [
              74.26672666962045,
              31.851468095543375
            ],
            [
              74.26673542497795,
              31.85214742781708
            ],
            [
              74.2668492446412,
              31.852231806005143
            ],
            [
              74.26781772062948,
              31.852250398276865
            ],
            [
              74.26878619661777,
              31.85224667981813
            ],
            [
              74.26881577163984,
              31.850681014698623
            ],
            [
              74.26676169105572,
              31.85073413295215
            ]
          ]
        ]
      }
    },
    {
      "type": "Feature",
      "id": "3",
      "properties": {
        "id": "3",
        "date": "2025-10-15T00:00:00"
      },
      "geometry": {
        "type": "Polygon",
        "coordinates": [
          [
            [
              74.285006,
              31.84315
            ],
            [
              74.285064,
              31.846842
            ],
            [
              74.287872,
              31.846827
            ],
            [
              74.287829,
              31.844181
            ],
            [
              74.2864175,
              31.84409409572129
            ],
            [
              74.2863490546689,
              31.843734836429146
            ],
            [
              74.28567752733446,
              31.843622880166627
            ],
            [
              74.28571352472338,
              31.843160862036235
            ],
            [
              74.285006,
              31.84315
            ]
          ]
        ]
      }
    },
    {
      "type": "Feature",
      "id": "4",
      "properties": {
        "id": "4",
        "date": "2025-10-15T00:00:00"
      },
      "geometry": {
        "type": "Polygon",
        "coordinates": [
          [
            [
              74.278744,
              31.848779
            ],
            [
              74.278742,
              31.850109
            ],
            [
              74.280109,
              31.85015
            ],
            [
              74.280021,
              31.848974
            ],
            [
              74.278744,
              31.848779
            ]
          ]
        ]
      }
    },
    {
      "type": "Feature",
      "id": "5",
      "properties": {
        "id": "5",
        "date": "2025-10-15T00:00:00"
      },
      "geometry": {
        "type": "Polygon",
        "coordinates": [
          [
            [
              74.29473,
              31.847964
            ],
            [
              74.291433,
              31.847976
            ],
            [
              74.291407,
              31.850036
            ],
            [
              74.294805,
              31.850008
            ],
            [
              74.29473,
              31.847964
            ]
          ]
        ]
      }
    },
    {
      "type": "Feature",
      "id": "6",
      "properties": {
        "id": "6",
        "date": "2025-10-15T00:00:00"
      },
      "geometry": {
        "type": "Polygon",
        "coordinates": [
          [
            [
              74.288569,
              31.846896
            ],
            [
              74.284736,
              31.846979
            ],
            [
              74.285362,
              31.848477
            ],
            [
              74.288557,
              31.848494
            ],
            [
              74.288569,
              31.846896
            ]
          ]
        ]
      }
    },
    {
      "type": "Feature",
      "id": "7",
      "properties": {
        "id": "7",
        "date": "2025-10-15T00:00:00"
      },
      "geometry": {
        "type": "Polygon",
        "coordinates": [
          [
            [
              74.280867,
              31.845678
            ],
            [
              74.280872,
              31.84683
            ],
            [
              74.282901,
              31.846875
            ],
            [
              74.282895,
              31.845842
            ],
            [
              74.280867,
              31.845678
            ]
          ]
        ]
      }
    },
    {
      "type": "Feature",
      "id": "8",
      "properties": {
        "id": "8",
        "date": "2025-10-16T00:00:00"
      },
      "geometry": {
        "type": "Polygon",
        "coordinates": [
          [
            [
              74.25302010255461,
              31.841406299305504
            ],
            [
              74.2522813589872,
              31.846821355116663
            ],
            [
              74.25297843271096,
              31.846824220882333
            ],
            [
              74.25363101925302,
              31.846411394234956
            ],
            [
              74.25524760260244,
              31.845170043842387
            ],
            [
              74.25598948718172,
              31.845219312992906
            ],
            [
              74.25588706407461,
              31.841479775253667
            ],
            [
              74.25302010255461,
              31.841406299305504
            ]
          ]
        ]
      }
    },
    {
      "type": "Feature",
      "id": "9",
      "properties": {
        "id": "9",
        "date": "2025-10-16T00:00:00"
      },
      "geometry": {
        "type": "Polygon",
        "coordinates": [
          [
            [
              74.25879573077087,
              31.84525750651821
            ],
            [
              74.25897183323315,
              31.850671019337394
            ],
            [
              74.26673461528061,
              31.850685308622978
            ],
            [
              74.26670415056357,
              31.845771353778332
            ],
            [
              74.26591740377405,
              31.84577011620213
            ],
            [
              74.26590096151831,
              31.845200793064123
            ],
            [
              74.25879573077087,
              31.84525750651821
            ]
          ]
        ]
      }
    },
    {
      "type": "Feature",
      "id": "10",
      "properties": {
        "id": "10",
        "date": "2025-10-16T00:00:00"
      },
      "geometry": {
        "type": "Polygon",
        "coordinates": [
          [
            [
              74.25228632436992,
              31.881848851554736
            ],
            [
              74.2523829424094,
              31.883470603494445
            ],
            [
              74.256304,
              31.883242
            ],
            [
              74.25621342610606,
              31.881787729688593
            ],
            [
              74.25228632436992,
              31.881848851554736
            ]
          ]
        ]
      }
    },
    {
      "type": "Feature",
      "id": "11",
      "properties": {
        "id": "11",
        "date": "2025-10-16T00:00:00"
      },
      "geometry": {
        "type": "Polygon",
        "coordinates": [
          [
            [
              74.25194285284753,
              31.877991817944725
            ],
            [
              74.24967520601388,
              31.877930821297877
            ],
            [
              74.24912207326051,
              31.879566454972927
            ],
            [
              74.25001616906886,
              31.880008731452758
            ],
            [
              74.25038997056832,
              31.880605644315207
            ],
            [
              74.25116641170793,
              31.880513713629625
            ],
            [
              74.25124245569566,
              31.879098130464744
            ],
            [
              74.25200888971517,
              31.879008882176073
            ],
            [
              74.25194285284753,
              31.877991817944725
            ]
          ]
        ]
      }
    },
    {
      "type": "Feature",
      "id": "12",
      "properties": {
        "id": "12",
        "date": "2025-10-16T00:00:00"
      },
      "geometry": {
        "type": "Polygon",
        "coordinates": [
          [
            [
              74.25132870633055,
              31.879118096046632
            ],
            [
              74.2512838816438,
              31.881183902968438
            ],
            [
              74.25625308892639,
              31.88120207749939
            ],
            [
              74.2561392360789,
              31.879108272312934
            ],
            [
              74.25132870633055,
              31.879118096046632
            ]
          ]
        ]
      }
    },
    {
      "type": "Feature",
      "id": "13",
      "properties": {
        "id": "13",
        "date": "2025-10-16T00:00:00"
      },
      "geometry": {
        "type": "Polygon",
        "coordinates": [
          [
            [
              74.25201019129794,
              31.876343921653618
            ],
            [
              74.25213558860774,
              31.878957834076395
            ],
            [
              74.25623614715246,
              31.87894281831561
            ],
            [
              74.25615091170893,
              31.876335065372054
            ],
            [
              74.25201019129794,
              31.876343921653618
            ]
          ]
        ]
      }
    },
    {
      "type": "Feature",
      "id": "14",
      "properties": {
        "id": "14",
        "date": "2025-10-16T00:00:00"
      },
      "geometry": {
        "type": "Polygon",
        "coordinates": [
          [
            [
              74.25774540103556,
              31.874058374599677
            ],
            [
              74.25626262561303,
              31.874185508849045
            ],
            [
              74.25631120051784,
              31.87703620605587
            ],
            [
              74.25640835032738,
              31.88062747987701
            ],
            [
              74.25882864606207,
              31.880491190608836
            ],
            [
              74.25911083001725,
              31.880256761696327
            ],
            [
              74.26048421319491,
              31.88042581205973
            ],
            [
              74.26193830970723,
              31.878039414500645
            ],
            [
              74.26333461941314,
              31.877615850070416
            ],
            [
              74.26329568538861,
              31.87406981673779
            ],
            [
              74.25774540103556,
              31.874058374599677
            ]
          ]
        ]
      }
    },
    {
      "type": "Feature",
      "id": "15",
      "properties": {
        "id": "15",
        "date": "2025-10-17T00:00:00"
      },
      "geometry": {
        "type": "Polygon",
        "coordinates": [
          [
            [
              74.26745747813834,
              31.858304363595714
            ],
            [
              74.26737959173673,
              31.859313628591078
            ],
            [
              74.27378957594591,
              31.85930240945471
            ],
            [
              74.27382441192879,
              31.858412246321166
            ],
            [
              74.2730772082896,
              31.85834546866259
            ],
            [
              74.2715942078092,
              31.857062557478713
            ],
            [
              74.27047044702803,
              31.857050056666477
            ],
            [
              74.26746253929754,
              31.85709447892564
            ],
            [
              74.26745747813834,
              31.858304363595714
            ]
          ]
        ]
      }
    },
    {
      "type": "Feature",
      "id": "16",
      "properties": {
        "id": "16",
        "date": "2025-10-17T00:00:00"
      },
      "geometry": {
        "type": "Polygon",
        "coordinates": [
          [
            [
              74.26683070728382,
              31.864324060259165
            ],
            [
              74.26690813928886,
              31.866453413114876
            ],
            [
              74.26901413928887,
              31.866424413114874
            ],
            [
              74.26929443530535,
              31.8642614884442
            ],
            [
              74.26683070728382,
              31.864324060259165
            ]
          ]
        ]
      }
    },
    {
      "type": "Feature",
      "id": "17",
      "properties": {
        "id": "17",
        "date": "2025-10-17T00:00:00"
      },
      "geometry": {
        "type": "Polygon",
        "coordinates": [
          [
            [
              74.259702543934,
              31.861652176467693
            ],
            [
              74.259662543934,
              31.863811176467692
            ],
            [
              74.263199543934,
              31.863767176467693
            ],
            [
              74.263213543934,
              31.861661176467692
            ],
            [
              74.259702543934,
              31.861652176467693
            ]
          ]
        ]
      }
    },
    {
      "type": "Feature",
      "id": "18",
      "properties": {
        "id": "18",
        "date": "2025-10-17T00:00:00"
      },
      "geometry": {
        "type": "Polygon",
        "coordinates": [
          [
            [
              74.26465426035503,
              31.858322790718624
            ],
            [
              74.26465721893388,
              31.859393
            ],
            [
              74.26728068047372,
              31.85938972027767
            ],
            [
              74.26684111391256,
              31.85900481992092
            ],
            [
              74.26622346450452,
              31.858632524114704
            ],
            [
              74.26614006363165,
              31.858707691552205
            ],
            [
              74.26597964129911,
              31.85863813613033
            ],
            [
              74.26601073191023,
              31.85854033537708
            ],
            [
              74.26538072690309,
              31.85817631892086
            ],
            [
              74.26534397884588,
              31.858388205929366
            ],
            [
              74.26465426035503,
              31.858322790718624
            ]
          ]
        ]
      }
    },
    {
      "type": "Feature",
      "id": "19",
      "properties": {
        "id": "19",
        "date": "2025-10-17T00:00:00"
      },
      "geometry": {
        "type": "Polygon",
        "coordinates": [
          [
            [
              74.2632058579852,
              31.85833909303982
            ],
            [
              74.26318379881509,
              31.860221799752967
            ],
            [
              74.26389129881397,
              31.86022864769118
            ],
            [
              74.26388146300636,
              31.85998628581708
            ],
            [
              74.26461113683763,
              31.8599344294706
            ],
            [
              74.2645839585776,
              31.859416208983756
            ],
            [
              74.264587,
              31.85831527912134
            ],
            [
              74.2632058579852,
              31.85833909303982
            ]
          ]
        ]
      }
    },
    {
      "type": "Feature",
      "id": "20",
      "properties": {
        "id": "20",
        "date": "2025-10-17T00:00:00"
      },
      "geometry": {
        "type": "Polygon",
        "coordinates": [
          [
            [
              74.26317347928881,
              31.858347
            ],
            [
              74.26177915976258,
              31.858310908662787
            ],
            [
              74.261817,
              31.859383
            ],
            [
              74.263184,
              31.859415
            ],
            [
              74.26317347928881,
              31.858347
            ]
          ]
        ]
      }
    },
    {
      "type": "Feature",
      "id": "21",
      "properties": {
        "id": "21",
        "date": "2025-10-17T00:00:00"
      },
      "geometry": {
        "type": "Polygon",
        "coordinates": [
          [
            [
              74.26184811939115,
              31.86433195570323
            ],
            [
              74.26189913268965,
              31.866449610948777
            ],
            [
              74.26672665590445,
              31.866455724280925
            ],
            [
              74.26672263664761,
              31.86435501644573
            ],
            [
              74.26184811939115,
              31.86433195570323
            ]
          ]
        ]
      }
    },
    {
      "type": "Feature",
      "id": "22",
      "properties": {
        "id": "22",
        "date": "2025-10-17T00:00:00"
      },
      "geometry": {
        "type": "Polygon",
        "coordinates": [
          [
            [
              74.24118180769457,
              31.858938344058156
            ],
            [
              74.23771562085962,
              31.85894975248005
            ],
            [
              74.23768848150932,
              31.861893856153525
            ],
            [
              74.23849863490227,
              31.861961648562378
            ],
            [
              74.23883196462688,
              31.861801641104776
            ],
            [
              74.23937941815845,
              31.861810670474483
            ],
            [
              74.239848494158,
              31.862132461975254
            ],
            [
              74.24123366834536,
              31.862117957337386
            ],
            [
              74.24118180769457,
              31.858938344058156
            ]
          ]
        ]
      }
    },
    {
      "type": "Feature",
      "id": "23",
      "properties": {
        "id": "23",
        "date": "2025-10-17T00:00:00"
      },
      "geometry": {
        "type": "Polygon",
        "coordinates": [
          [
            [
              74.26242348119457,
              31.855047672478065
            ],
            [
              74.26243906231694,
              31.85695764178671
            ],
            [
              74.27041858838902,
              31.85688869168029
            ],
            [
              74.27030028412513,
              31.854989539908694
            ],
            [
              74.26242348119457,
              31.855047672478065
            ]
          ]
        ]
      }
    },
    {
      "type": "Feature",
      "id": "24",
      "properties": {
        "id": "24",
        "date": "2025-10-18T00:00:00"
      },
      "geometry": {
        "type": "Polygon",
        "coordinates": [
          [
            [
              74.22627221747517,
              31.84372914578105
            ],
            [
              74.22680963346201,
              31.848548351247267
            ],
            [
              74.23415396883046,
              31.848506772089923
            ],
            [
              74.23418856774651,
              31.843720035737327
            ],
            [
              74.22627221747517,
              31.84372914578105
            ]
          ]
        ]
      }
    },
    {
      "type": "Feature",
      "id": "25",
      "properties": {
        "id": "25",
        "date": "2025-10-18T00:00:00"
      },
      "geometry": {
        "type": "Polygon",
        "coordinates": [
          [
            [
              74.23764779837212,
              31.854161414623004
            ],
            [
              74.2377678606496,
              31.858829704341538
            ],
            [
              74.24469948890581,
              31.85883176812192
            ],
            [
              74.24467177189396,
              31.857281108508538
            ],
            [
              74.24049670221876,
              31.857341254124677
            ],
            [
              74.24049527092981,
              31.856789140830827
            ],
            [
              74.23973461756412,
              31.856740901918997
            ],
            [
              74.23972680937192,
              31.855729590126302
            ],
            [
              74.23841164018842,
              31.855679569981106
            ],
            [
              74.23836498592158,
              31.854300315237815
            ],
            [
              74.23764779837212,
              31.854161414623004
            ]
          ]
        ]
      }
    },
    {
      "type": "Feature",
      "id": "26",
      "properties": {
        "id": "26",
        "date": "2025-10-18T00:00:00"
      },
      "geometry": {
        "type": "Polygon",
        "coordinates": [
          [
            [
              74.24042741124657,
              31.84851347098045
            ],
            [
              74.2361769898375,
              31.848606278427503
            ],
            [
              74.23622664972876,
              31.85217863951676
            ],
            [
              74.24055471070513,
              31.852152511671964
            ],
            [
              74.24042741124657,
              31.84851347098045
            ]
          ]
        ]
      }
    },
    {
      "type": "Feature",
      "id": "27",
      "properties": {
        "id": "27",
        "date": "2025-10-18T00:00:00"
      },
      "geometry": {
        "type": "Polygon",
        "coordinates": [
          [
            [
              74.24181893333144,
              31.838716846673154
            ],
            [
              74.24183368417526,
              31.841435933250267
            ],
            [
              74.24604067205252,
              31.841422212628505
            ],
            [
              74.24606806397257,
              31.838772250162865
            ],
            [
              74.24181893333144,
              31.838716846673154
            ]
          ]
        ]
      }
    },
    {
      "type": "Feature",
      "id": "28",
      "properties": {
        "id": "28",
        "date": "2025-10-18T00:00:00"
      },
      "geometry": {
        "type": "Polygon",
        "coordinates": [
          [
            [
              74.28711023087928,
              31.852847131206676
            ],
            [
              74.28767405720473,
              31.853960226071067
            ],
            [
              74.28832636182075,
              31.855073321528362
            ],
            [
              74.292463,
              31.858379
            ],
            [
              74.29463075396087,
              31.856049011219923
            ],
            [
              74.2948630184346,
              31.855591769256286
            ],
            [
              74.29485934079847,
              31.854583412929202
            ],
            [
              74.294793,
              31.852717
            ],
            [
              74.28711023087928,
              31.852847131206676
            ]
          ]
        ]
      }
    },
    {
      "type": "Feature",
      "id": "29",
      "properties": {
        "id": "29",
        "date": "2025-10-18T00:00:00"
      },
      "geometry": {
        "type": "Polygon",
        "coordinates": [
          [
            [
              74.27154216425913,
              31.83054873214703
            ],
            [
              74.2686924476552,
              31.8305024837192
            ],
            [
              74.26874783574078,
              31.832187142784594
            ],
            [
              74.27147794222122,
              31.832171470664676
            ],
            [
              74.27154216425913,
              31.83054873214703
            ]
          ]
        ]
      }
    },
    {
      "type": "Feature",
      "id": "30",
      "properties": {
        "id": "30",
        "date": "2025-10-18T00:00:00"
      },
      "geometry": {
        "type": "Polygon",
        "coordinates": [
          [
            [
              74.2609828769239,
              31.852353379447827
            ],
            [
              74.25961336307637,
              31.852344439179355
            ],
            [
              74.25964476615307,
              31.85445896286517
            ],
            [
              74.26107784923116,
              31.854477221999677
            ],
            [
              74.2609291230774,
              31.853402070973985
            ],
            [
              74.2609828769239,
              31.852353379447827
            ]
          ]
        ]
      }
    },
    {
      "type": "Feature",
      "id": "31",
      "properties": {
        "id": "31",
        "date": "2025-10-18T00:00:00"
      },
      "geometry": {
        "type": "Polygon",
        "coordinates": [
          [
            [
              74.274294,
              31.818324
            ],
            [
              74.27423343244001,
              31.8202380985214
            ],
            [
              74.27429173418929,
              31.821829573156954
            ],
            [
              74.27357423558854,
              31.82184034621781
            ],
            [
              74.2735654212366,
              31.8223457528501
            ],
            [
              74.27641113909011,
              31.822372842195904
            ],
            [
              74.276562,
              31.819644
            ],
            [
              74.27552924060527,
              31.81888722069884
            ],
            [
              74.274294,
              31.818324
            ]
          ]
        ]
      }
    },
    {
      "type": "Feature",
      "id": "32",
      "properties": {
        "id": "32",
        "date": "2025-10-18T00:00:00"
      },
      "geometry": {
        "type": "Polygon",
        "coordinates": [
          [
            [
              74.253918,
              31.830017
            ],
            [
              74.25095,
              31.830094
            ],
            [
              74.2509496638308,
              31.83110210776148
            ],
            [
              74.25135406192632,
              31.831117714587503
            ],
            [
              74.25136099149427,
              31.831663979284748
            ],
            [
              74.2541019407964,
              31.831653406330943
            ],
            [
              74.25430097414149,
              31.83034675341461
            ],
            [
              74.25379009271879,
              31.830344693940127
            ],
            [
              74.253918,
              31.830017
            ]
          ]
        ]
      }
    },
    {
      "type": "Feature",
      "id": "33",
      "properties": {
        "id": "33",
        "date": "2025-10-20T00:00:00"
      },
      "geometry": {
        "type": "Polygon",
        "coordinates": [
          [
            [
              74.29055644197446,
              31.821818422565176
            ],
            [
              74.28563,
              31.821904
            ],
            [
              74.285697,
              31.82508
            ],
            [
              74.29060228583184,
              31.82506730767988
            ],
            [
              74.29055644197446,
              31.821818422565176
            ]
          ]
        ]
      }
    },
    {
      "type": "Feature",
      "id": "34",
      "properties": {
        "id": "34",
        "date": "2025-10-20T00:00:00"
      },
      "geometry": {
        "type": "Polygon",
        "coordinates": [
          [
            [
              74.30435328203642,
              31.82527665017951
            ],
            [
              74.30304906369554,
              31.828156066690013
            ],
            [
              74.30209020290816,
              31.82996064690338
            ],
            [
              74.30211297564168,
              31.831348223808174
            ],
            [
              74.30195861753526,
              31.837993180901222
            ],
            [
              74.31238800169996,
              31.837518530473574
            ],
            [
              74.31248177491761,
              31.83327913263168
            ],
            [
              74.31253154904043,
              31.831579275417013
            ],
            [
              74.310812451629,
              31.831525750510426
            ],
            [
              74.30892666335055,
              31.831576495109246
            ],
            [
              74.30906389547339,
              31.830435569004244
            ],
            [
              74.30902858018234,
              31.82928408030644
            ],
            [
              74.30935078383976,
              31.82759260378225
            ],
            [
              74.31600138057163,
              31.824606344081598
            ],
            [
              74.31142211615966,
              31.82465820510282
            ],
            [
              74.31146613612358,
              31.82570033065662
            ],
            [
              74.31020451658759,
              31.825803677307945
            ],
            [
              74.30964461988899,
              31.825384797233745
            ],
            [
              74.30435328203642,
              31.82527665017951
            ]
          ]
        ]
      }
    },
    {
      "type": "Feature",
      "id": "35",
      "properties": {
        "id": "35",
        "date": "2025-10-20T00:00:00"
      },
      "geometry": {
        "type": "Polygon",
        "coordinates": [
          [
            [
              74.291295,
              31.821792
            ],
            [
              74.29133,
              31.825002
            ],
            [
              74.29345824573907,
              31.825041576926132
            ],
            [
              74.29341670008856,
              31.82441825156145
            ],
            [
              74.29337515443797,
              31.8234305
            ],
            [
              74.293395,
              31.821834
            ],
            [
              74.291295,
              31.821792
            ]
          ]
        ]
      }
    },
    {
      "type": "Feature",
      "id": "36",
      "properties": {
        "id": "36",
        "date": "2025-10-20T00:00:00"
      },
      "geometry": {
        "type": "Polygon",
        "coordinates": [
          [
            [
              74.3053166772834,
              31.82349097843897
            ],
            [
              74.29835376367052,
              31.823483731528537
            ],
            [
              74.29833029524023,
              31.824991730838043
            ],
            [
              74.30432146185007,
              31.825054966298215
            ],
            [
              74.3053166772834,
              31.82349097843897
            ]
          ]
        ]
      }
    },
    {
      "type": "Feature",
      "id": "37",
      "properties": {
        "id": "37",
        "date": "2025-10-21T00:00:00"
      },
      "geometry": {
        "type": "Polygon",
        "coordinates": [
          [
            [
              74.13283039822268,
              31.91490502953011
            ],
            [
              74.134607,
              31.917646
            ],
            [
              74.13618860648029,
              31.916998130936243
            ],
            [
              74.13764850926279,
              31.916505217677926
            ],
            [
              74.1377383472337,
              31.915325767326088
            ],
            [
              74.137007405134,
              31.91536879217395
            ],
            [
              74.13702189819381,
              31.914740330327813
            ],
            [
              74.13283039822268,
              31.91490502953011
            ]
          ]
        ]
      }
    },
    {
      "type": "Feature",
      "id": "38",
      "properties": {
        "id": "38",
        "date": "2025-10-22T00:00:00"
      },
      "geometry": {
        "type": "Polygon",
        "coordinates": [
          [
            [
              74.2466499,
              31.833318
            ],
            [
              74.236915,
              31.833414
            ],
            [
              74.236846,
              31.838771
            ],
            [
              74.245873,
              31.83498
            ],
            [
              74.2466499,
              31.833318
            ]
          ]
        ]
      }
    },
    {
      "type": "Feature",
      "id": "39",
      "properties": {
        "id": "39",
        "date": "2025-10-23T00:00:00"
      },
      "geometry": {
        "type": "Polygon",
        "coordinates": [
          [
            [
              74.30171734313124,
              31.789730151184937
            ],
            [
              74.29630566421672,
              31.789772081933275
            ],
            [
              74.29621484680352,
              31.794099454014923
            ],
            [
              74.3017854816282,
              31.794095542416322
            ],
            [
              74.30171734313124,
              31.789730151184937
            ]
          ]
        ]
      }
    },
    {
      "type": "Feature",
      "id": "40",
      "properties": {
        "id": "40",
        "date": "2025-10-14T00:00:00"
      },
      "geometry": {
        "type": "Polygon",
        "coordinates": [
          [
            [
              70.886033,
              30.915534
            ],
            [
              70.884642,
              30.915878
            ],
            [
              70.88519662482669,
              30.916831767964098
            ],
            [
              70.88594135918123,
              30.916534529323393
            ],
            [
              70.88581313108486,
              30.916227928480406
            ],
            [
              70.886426,
              30.916036
            ],
            [
              70.886033,
              30.915534
            ]
          ]
        ]
      }
    },
    {
      "type": "Feature",
      "id": "41",
      "properties": {
        "id": "41",
        "date": "2025-10-14T00:00:00"
      },
      "geometry": {
        "type": "Polygon",
        "coordinates": [
          [
            [
              71.06475206800854,
              30.892103
            ],
            [
              71.064103,
              30.89216
            ],
            [
              71.06408667542351,
              30.893725201239427
            ],
            [
              71.06471726172377,
              30.8937139349828
            ],
            [
              71.06475206800854,
              30.892103
            ]
          ]
        ]
      }
    },
    {
      "type": "Feature",
      "id": "42",
      "properties": {
        "id": "42",
        "date": "2025-10-14T00:00:00"
      },
      "geometry": {
        "type": "Polygon",
        "coordinates": [
          [
            [
              71.06853,
              30.664081
            ],
            [
              71.067019,
              30.664119
            ],
            [
              71.068357,
              30.665866
            ],
            [
              71.06853,
              30.664081
            ]
          ]
        ]
      }
    },
    {
      "type": "Feature",
      "id": "43",
      "properties": {
        "id": "43",
        "date": "2025-10-15T00:00:00"
      },
      "geometry": {
        "type": "Polygon",
        "coordinates": [
          [
            [
              70.897007,
              30.949432
            ],
            [
              70.89613574834749,
              30.949687149291243
            ],
            [
              70.895336,
              30.949743
            ],
            [
              70.895227,
              30.950709
            ],
            [
              70.897517,
              30.950637
            ],
            [
              70.897007,
              30.949432
            ]
          ]
        ]
      }
    },
    {
      "type": "Feature",
      "id": "44",
      "properties": {
        "id": "44",
        "date": "2025-10-15T00:00:00"
      },
      "geometry": {
        "type": "Polygon",
        "coordinates": [
          [
            [
              70.92296033254188,
              30.94657861526112
            ],
            [
              70.92224607244452,
              30.94659017466563
            ],
            [
              70.922207,
              30.947073
            ],
            [
              70.92298584124646,
              30.947080319199394
            ],
            [
              70.92296033254188,
              30.94657861526112
            ]
          ]
        ]
      }
    },
    {
      "type": "Feature",
      "id": "45",
      "properties": {
        "id": "45",
        "date": "2025-10-15T00:00:00"
      },
      "geometry": {
        "type": "Polygon",
        "coordinates": [
          [
            [
              71.06377389365463,
              30.886677750626276
            ],
            [
              71.063732,
              30.887404
            ],
            [
              71.06471495711186,
              30.887406247980756
            ],
            [
              71.064728,
              30.88679
            ],
            [
              71.06448481313181,
              30.886768002477012
            ],
            [
              71.06444464683278,
              30.886683874053944
            ],
            [
              71.06377389365463,
              30.886677750626276
            ]
          ]
        ]
      }
    },
    {
      "type": "Feature",
      "id": "46",
      "properties": {
        "id": "46",
        "date": "2025-10-15T00:00:00"
      },
      "geometry": {
        "type": "Polygon",
        "coordinates": [
          [
            [
              71.06631616305768,
              30.88297194865443
            ],
            [
              71.0662097079901,
              30.883534397575307
            ],
            [
              71.0668247138328,
              30.883525480385437
            ],
            [
              71.06683722628834,
              30.88342520856119
            ],
            [
              71.06755203161434,
              30.88341285561633
            ],
            [
              71.06757812895228,
              30.88294940656767
            ],
            [
              71.06631616305768,
              30.88297194865443
            ]
          ]
        ]
      }
    },
    {
      "type": "Feature",
      "id": "47",
      "properties": {
        "id": "47",
        "date": "2025-10-15T00:00:00"
      },
      "geometry": {
        "type": "Polygon",
        "coordinates": [
          [
            [
              70.924419,
              30.932472
            ],
            [
              70.921308,
              30.932591
            ],
            [
              70.92125448641963,
              30.933503847555627
            ],
            [
              70.92253424074475,
              30.933814537812903
            ],
            [
              70.9225521562496,
              30.93394069072387
            ],
            [
              70.92329218124252,
              30.933965303087373
            ],
            [
              70.92331617439316,
              30.932887424397318
            ],
            [
              70.92440589241693,
              30.932843721342305
            ],
            [
              70.924419,
              30.932472
            ]
          ]
        ]
      }
    },
    {
      "type": "Feature",
      "id": "48",
      "properties": {
        "id": "48",
        "date": "2026-10-16T00:00:00"
      },
      "geometry": {
        "type": "Polygon",
        "coordinates": [
          [
            [
              70.884365,
              30.79489
            ],
            [
              70.88385776753401,
              30.796125562034177
            ],
            [
              70.885147,
              30.796115
            ],
            [
              70.885414,
              30.795199
            ],
            [
              70.884365,
              30.79489
            ]
          ]
        ]
      }
    },
    {
      "type": "Feature",
      "id": "49",
      "properties": {
        "id": "49",
        "date": "2025-10-17T00:00:00"
      },
      "geometry": {
        "type": "Polygon",
        "coordinates": [
          [
            [
              70.886463,
              31.259137
            ],
            [
              70.882792,
              31.261694
            ],
            [
              70.88351772585061,
              31.263221464593205
            ],
            [
              70.88418745537987,
              31.263001839955862
            ],
            [
              70.88435099171981,
              31.263424168593765
            ],
            [
              70.88651500827908,
              31.262723470990924
            ],
            [
              70.886463,
              31.259137
            ]
          ]
        ]
      }
    },
    {
      "type": "Feature",
      "id": "50",
      "properties": {
        "id": "50",
        "date": "2025-10-17T00:00:00"
      },
      "geometry": {
        "type": "Polygon",
        "coordinates": [
          [
            [
              70.886363,
              31.25825
            ],
            [
              70.88134313063995,
              31.25872610613189
            ],
            [
              70.88266808279943,
              31.261488627483903
            ],
            [
              70.886423,
              31.258921
            ],
            [
              70.886363,
              31.25825
            ]
          ]
        ]
      }
    },
    {
      "type": "Feature",
      "id": "51",
      "properties": {
        "id": "51",
        "date": "2025-10-17T00:00:00"
      },
      "geometry": {
        "type": "Polygon",
        "coordinates": [
          [
            [
              70.837958,
              31.282265
            ],
            [
              70.837225,
              31.282321
            ],
            [
              70.837343,
              31.283523
            ],
            [
              70.838038,
              31.283452
            ],
            [
              70.837958,
              31.282265
            ]
          ]
        ]
      }
    },
    {
      "type": "Feature",
      "id": "52",
      "properties": {
        "id": "52",
        "date": "2025-10-17T00:00:00"
      },
      "geometry": {
        "type": "Polygon",
        "coordinates": [
          [
            [
              70.85620701527844,
              31.272657733224715
            ],
            [
              70.85531239814605,
              31.272547231092332
            ],
            [
              70.8548252739193,
              31.272562705183617
            ],
            [
              70.854968,
              31.273387
            ],
            [
              70.85582537886432,
              31.273365538635087
            ],
            [
              70.85597181265892,
              31.273232922651182
            ],
            [
              70.85623,
              31.27319
            ],
            [
              70.85620701527844,
              31.272657733224715
            ]
          ]
        ]
      }
    },
    {
      "type": "Feature",
      "id": "53",
      "properties": {
        "id": "53",
        "date": "2025-10-17T00:00:00"
      },
      "geometry": {
        "type": "Polygon",
        "coordinates": [
          [
            [
              70.842118,
              31.300712
            ],
            [
              70.84214,
              31.30146
            ],
            [
              70.84337276029501,
              31.301887736028466
            ],
            [
              70.84394498750501,
              31.300806754779707
            ],
            [
              70.84369592225593,
              31.30068627293588
            ],
            [
              70.8433209893544,
              31.300662584245117
            ],
            [
              70.84220973067971,
              31.300633518140884
            ],
            [
              70.842118,
              31.300712
            ]
          ]
        ]
      }
    },
    {
      "type": "Feature",
      "id": "54",
      "properties": {
        "id": "54",
        "date": "2025-10-20T00:00:00"
      },
      "geometry": {
        "type": "Polygon",
        "coordinates": [
          [
            [
              70.84952,
              31.269607
            ],
            [
              70.846813,
              31.270184
            ],
            [
              70.846897,
              31.27064
            ],
            [
              70.849422,
              31.270606
            ],
            [
              70.84952,
              31.269607
            ]
          ]
        ]
      }
    },
    {
      "type": "Feature",
      "id": "55",
      "properties": {
        "id": "55",
        "date": "2025-10-21T00:00:00"
      },
      "geometry": {
        "type": "Polygon",
        "coordinates": [
          [
            [
              70.85785,
              31.296142
            ],
            [
              70.85810118871751,
              31.296724376356007
            ],
            [
              70.859441,
              31.296640168435232
            ],
            [
              70.859383,
              31.296187
            ],
            [
              70.85785,
              31.296142
            ]
          ]
        ]
      }
    },
    {
      "type": "Feature",
      "id": "56",
      "properties": {
        "id": "56",
        "date": "2025-10-22T00:00:00"
      },
      "geometry": {
        "type": "Polygon",
        "coordinates": [
          [
            [
              70.866604,
              31.276147
            ],
            [
              70.86533,
              31.276317
            ],
            [
              70.866281,
              31.278857
            ],
            [
              70.86716,
              31.278685
            ],
            [
              70.866604,
              31.276147
            ]
          ]
        ]
      }
    },
    {
      "type": "Feature",
      "id": "57",
      "properties": {
        "id": "57",
        "date": "2025-10-23T00:00:00"
      },
      "geometry": {
        "type": "Polygon",
        "coordinates": [
          [
            [
              70.9055365218396,
              31.351903739889877
            ],
            [
              70.90558435011559,
              31.352187019611893
            ],
            [
              70.90550300816237,
              31.35222413970226
            ],
            [
              70.90544275465828,
              31.352211343812872
            ],
            [
              70.90541262790622,
              31.352169409066747
            ],
            [
              70.90532657786389,
              31.352194430412535
            ],
            [
              70.90537760552124,
              31.352566457657538
            ],
            [
              70.90654466022865,
              31.35237884188757
            ],
            [
              70.9065969163198,
              31.351934553534008
            ],
            [
              70.9055365218396,
              31.351903739889877
            ]
          ]
        ]
      }
    },
    {
      "type": "Feature",
      "id": "58",
      "properties": {
        "id": "58",
        "date": "2025-10-24T00:00:00"
      },
      "geometry": {
        "type": "Polygon",
        "coordinates": [
          [
            [
              70.939251,
              31.233857
            ],
            [
              70.936241,
              31.234995
            ],
            [
              70.93674821383385,
              31.236596840077944
            ],
            [
              70.93790728480255,
              31.236229877633086
            ],
            [
              70.93772338217217,
              31.235735327284264
            ],
            [
              70.939855,
              31.235129
            ],
            [
              70.939251,
              31.233857
            ]
          ]
        ]
      }
    },
    {
      "type": "Feature",
      "id": "59",
      "properties": {
        "id": "59",
        "date": "2025-10-24T00:00:00"
      },
      "geometry": {
        "type": "Polygon",
        "coordinates": [
          [
            [
              70.89912263002351,
              31.284072323883283
            ],
            [
              70.89897414642141,
              31.28391296391018
            ],
            [
              70.897552,
              31.285416
            ],
            [
              70.89765,
              31.286878
            ],
            [
              70.89836966888025,
              31.28693379818725
            ],
            [
              70.89890407771352,
              31.286771907465376
            ],
            [
              70.89886133510485,
              31.2865470754329
            ],
            [
              70.899239,
              31.286513
            ],
            [
              70.89892608244926,
              31.285253081481528
            ],
            [
              70.89893172621285,
              31.284642912317743
            ],
            [
              70.89912263002351,
              31.284072323883283
            ]
          ]
        ]
      }
    },
    {
      "type": "Feature",
      "id": "60",
      "properties": {
        "id": "60",
        "date": "2025-10-24T00:00:00"
      },
      "geometry": {
        "type": "Polygon",
        "coordinates": [
          [
            [
              70.899207,
              31.285404
            ],
            [
              70.89943978752804,
              31.286676280313834
            ],
            [
              70.90004828977948,
              31.286479242333705
            ],
            [
              70.90067994953719,
              31.286460314133144
            ],
            [
              70.90130003054182,
              31.28656012553018
            ],
            [
              70.90175800900565,
              31.286857836485442
            ],
            [
              70.90203836997645,
              31.28603010496394
            ],
            [
              70.902601,
              31.285404
            ],
            [
              70.899207,
              31.285404
            ]
          ]
        ]
      }
    },
    {
      "type": "Feature",
      "id": "61",
      "properties": {
        "id": "61",
        "date": "2025-10-21T00:00:00"
      },
      "geometry": {
        "type": "Polygon",
        "coordinates": [
          [
            [
              74.13297972325044,
              31.90988228761897
            ],
            [
              74.13004134793647,
              31.910013150585925
            ],
            [
              74.13064451095138,
              31.911164060607113
            ],
            [
              74.13135166301555,
              31.912167848059624
            ],
            [
              74.1330822603208,
              31.911638128584073
            ],
            [
              74.1330450438068,
              31.91093186338743
            ],
            [
              74.13297972325044,
              31.90988228761897
            ]
          ]
        ]
      }
    },
    {
      "type": "Feature",
      "id": "62",
      "properties": {
        "id": "62",
        "date": "2025-10-21T00:00:00"
      },
      "geometry": {
        "type": "Polygon",
        "coordinates": [
          [
            [
              74.14975200084584,
              31.904399552092812
            ],
            [
              74.149925,
              31.909020833651482
            ],
            [
              74.155497,
              31.908625
            ],
            [
              74.1555458,
              31.904346
            ],
            [
              74.14975200084584,
              31.904399552092812
            ]
          ]
        ]
      }
    },
    {
      "type": "Feature",
      "id": "63",
      "properties": {
        "id": "63",
        "date": "2025-10-21T00:00:00"
      },
      "geometry": {
        "type": "Polygon",
        "coordinates": [
          [
            [
              74.15497818977553,
              31.89008788187445
            ],
            [
              74.15607597834693,
              31.89404568609752
            ],
            [
              74.161258,
              31.893996
            ],
            [
              74.16128264232938,
              31.890656373367705
            ],
            [
              74.16060089071551,
              31.890636389692773
            ],
            [
              74.16064906603711,
              31.8900483234197
            ],
            [
              74.15497818977553,
              31.89008788187445
            ]
          ]
        ]
      }
    },
    {
      "type": "Feature",
      "id": "64",
      "properties": {
        "id": "64",
        "date": "2025-10-21T00:00:00"
      },
      "geometry": {
        "type": "Polygon",
        "coordinates": [
          [
            [
              74.15057963749841,
              31.895613395907848
            ],
            [
              74.14694659599178,
              31.89729637826717
            ],
            [
              74.1433480458882,
              31.89900998344017
            ],
            [
              74.14348630555392,
              31.90207744353527
            ],
            [
              74.14566941901168,
              31.9021018319254
            ],
            [
              74.14544859752668,
              31.901580651486988
            ],
            [
              74.14600661066828,
              31.901589016599296
            ],
            [
              74.14607537816298,
              31.90213110929144
            ],
            [
              74.14978311357041,
              31.902164568881762
            ],
            [
              74.15028848154765,
              31.898878888147944
            ],
            [
              74.15057963749841,
              31.895613395907848
            ]
          ]
        ]
      }
    },
    {
      "type": "Feature",
      "id": "65",
      "properties": {
        "id": "65",
        "date": "2025-10-21T00:00:00"
      },
      "geometry": {
        "type": "Polygon",
        "coordinates": [
          [
            [
              74.13417469489555,
              31.902598824523682
            ],
            [
              74.1287921303775,
              31.90485712143768
            ],
            [
              74.12878117972372,
              31.906619138342908
            ],
            [
              74.13413197692242,
              31.906512096550824
            ],
            [
              74.13417469489555,
              31.902598824523682
            ]
          ]
        ]
      }
    },
    {
      "type": "Feature",
      "id": "66",
      "properties": {
        "id": "66",
        "date": "2025-10-21T00:00:00"
      },
      "geometry": {
        "type": "Polygon",
        "coordinates": [
          [
            [
              74.21728072832437,
              31.908945068831187
            ],
            [
              74.21725683699539,
              31.91122821179659
            ],
            [
              74.2193632601132,
              31.911220352339136
            ],
            [
              74.21942477109555,
              31.909010439455706
            ],
            [
              74.21728072832437,
              31.908945068831187
            ]
          ]
        ]
      }
    },
    {
      "type": "Feature",
      "id": "67",
      "properties": {
        "id": "67",
        "date": "2025-10-21T00:00:00"
      },
      "geometry": {
        "type": "Polygon",
        "coordinates": [
          [
            [
              74.10720223190599,
              31.93165111522451
            ],
            [
              74.10716530577494,
              31.938708432599885
            ],
            [
              74.10800984002287,
              31.938745245202817
            ],
            [
              74.10868965020056,
              31.93878205854854
            ],
            [
              74.10862852544511,
              31.937754859557728
            ],
            [
              74.11007115460437,
              31.937762336223738
            ],
            [
              74.11011362915931,
              31.939342416218174
            ],
            [
              74.110815,
              31.93928
            ],
            [
              74.110788,
              31.932441
            ],
            [
              74.1080273620359,
              31.931076205211248
            ],
            [
              74.10726475831945,
              31.93086562761096
            ],
            [
              74.10720223190599,
              31.93165111522451
            ]
          ]
        ]
      }
    },
    {
      "type": "Feature",
      "id": "68",
      "properties": {
        "id": "68",
        "date": "2025-10-21T00:00:00"
      },
      "geometry": {
        "type": "Polygon",
        "coordinates": [
          [
            [
              74.12872483284964,
              31.907132
            ],
            [
              74.1287813757333,
              31.90773963392776
            ],
            [
              74.12906970536957,
              31.90847844374536
            ],
            [
              74.12995541364606,
              31.90990359240684
            ],
            [
              74.13206974670972,
              31.90985081273736
            ],
            [
              74.13206863124361,
              31.908782755858965
            ],
            [
              74.13206751577755,
              31.90713752932642
            ],
            [
              74.12872483284964,
              31.907132
            ]
          ]
        ]
      }
    },
    {
      "type": "Feature",
      "id": "69",
      "properties": {
        "id": "69",
        "date": "2025-10-22T00:00:00"
      },
      "geometry": {
        "type": "Polygon",
        "coordinates": [
          [
            [
              74.23395375609682,
              31.835509330849643
            ],
            [
              74.22975459620372,
              31.835563101820703
            ],
            [
              74.22978790379571,
              31.839264733466614
            ],
            [
              74.23407644647561,
              31.83924610491673
            ],
            [
              74.23395375609682,
              31.835509330849643
            ]
          ]
        ]
      }
    },
    {
      "type": "Feature",
      "id": "70",
      "properties": {
        "id": "70",
        "date": "2025-10-22T00:00:00"
      },
      "geometry": {
        "type": "Polygon",
        "coordinates": [
          [
            [
              74.21902324864475,
              31.82411033059379
            ],
            [
              74.21917698983751,
              31.83073898937179
            ],
            [
              74.2281019437639,
              31.83057415385887
            ],
            [
              74.22817742615052,
              31.82412478888252
            ],
            [
              74.21902324864475,
              31.82411033059379
            ]
          ]
        ]
      }
    },
    {
      "type": "Feature",
      "id": "71",
      "properties": {
        "id": "71",
        "date": "2025-10-22T00:00:00"
      },
      "geometry": {
        "type": "Polygon",
        "coordinates": [
          [
            [
              74.238269,
              31.839108
            ],
            [
              74.234619,
              31.839276
            ],
            [
              74.234643,
              31.843676
            ],
            [
              74.238401,
              31.84373
            ],
            [
              74.238269,
              31.839108
            ]
          ]
        ]
      }
    },
    {
      "type": "Feature",
      "id": "72",
      "properties": {
        "id": "72",
        "date": "2025-10-22T00:00:00"
      },
      "geometry": {
        "type": "Polygon",
        "coordinates": [
          [
            [
              74.218008,
              31.837172
            ],
            [
              74.21781499424124,
              31.837883707664012
            ],
            [
              74.21829672967513,
              31.838647526512403
            ],
            [
              74.21962824119323,
              31.84007094231132
            ],
            [
              74.21939557994469,
              31.84068665316345
            ],
            [
              74.21953095934865,
              31.841510802135048
            ],
            [
              74.22633692886222,
              31.841517259063387
            ],
            [
              74.22632768021634,
              31.83719394424595
            ],
            [
              74.218008,
              31.837172
            ]
          ]
        ]
      }
    },
    {
      "type": "Feature",
      "id": "73",
      "properties": {
        "id": "73",
        "date": "2025-10-22T00:00:00"
      },
      "geometry": {
        "type": "Polygon",
        "coordinates": [
          [
            [
              74.130417,
              31.927331
            ],
            [
              74.125109,
              31.927356
            ],
            [
              74.125051,
              31.931655
            ],
            [
              74.131733,
              31.931752
            ],
            [
              74.130417,
              31.927331
            ]
          ]
        ]
      }
    },
    {
      "type": "Feature",
      "id": "74",
      "properties": {
        "id": "74",
        "date": "2025-10-22T00:00:00"
      },
      "geometry": {
        "type": "Polygon",
        "coordinates": [
          [
            [
              74.12492354968411,
              31.92946983996214
            ],
            [
              74.121381,
              31.929549
            ],
            [
              74.12290541056711,
              31.931119933356673
            ],
            [
              74.12496345710102,
              31.931085015404843
            ],
            [
              74.12492354968411,
              31.92946983996214
            ]
          ]
        ]
      }
    },
    {
      "type": "Feature",
      "id": "75",
      "properties": {
        "id": "75",
        "date": "2025-10-22T00:00:00"
      },
      "geometry": {
        "type": "Polygon",
        "coordinates": [
          [
            [
              74.12066212173941,
              31.92299339072835
            ],
            [
              74.11788951739027,
              31.923000242085866
            ],
            [
              74.117888,
              31.92513068905642
            ],
            [
              74.1185602385889,
              31.925149942814187
            ],
            [
              74.11993452935772,
              31.925104025045925
            ],
            [
              74.11998459783149,
              31.92406253130789
            ],
            [
              74.12067709130321,
              31.924065066271126
            ],
            [
              74.12066212173941,
              31.92299339072835
            ]
          ]
        ]
      }
    },
    {
      "type": "Feature",
      "id": "76",
      "properties": {
        "id": "76",
        "date": "2025-10-22T00:00:00"
      },
      "geometry": {
        "type": "Polygon",
        "coordinates": [
          [
            [
              74.1185880198744,
              31.929507835519907
            ],
            [
              74.11864354968408,
              31.93318697821213
            ],
            [
              74.12136287445205,
              31.933309032860752
            ],
            [
              74.12125845031464,
              31.929533014203443
            ],
            [
              74.1185880198744,
              31.929507835519907
            ]
          ]
        ]
      }
    },
    {
      "type": "Feature",
      "id": "77",
      "properties": {
        "id": "77",
        "date": "2025-10-23T00:00:00"
      },
      "geometry": {
        "type": "Polygon",
        "coordinates": [
          [
            [
              74.07212529513079,
              31.498988325251588
            ],
            [
              74.07149159206159,
              31.500537784781176
            ],
            [
              74.0833354,
              31.507331
            ],
            [
              74.088958,
              31.496632
            ],
            [
              74.08535096299504,
              31.498844572515196
            ],
            [
              74.07212529513079,
              31.498988325251588
            ]
          ]
        ]
      }
    },
    {
      "type": "Feature",
      "id": "78",
      "properties": {
        "id": "78",
        "date": "2025-10-23T00:00:00"
      },
      "geometry": {
        "type": "Polygon",
        "coordinates": [
          [
            [
              74.28390635989724,
              31.745138619438986
            ],
            [
              74.284009,
              31.748893
            ],
            [
              74.288244,
              31.74899
            ],
            [
              74.288262,
              31.745082612903776
            ],
            [
              74.28390635989724,
              31.745138619438986
            ]
          ]
        ]
      }
    },
    {
      "type": "Feature",
      "id": "79",
      "properties": {
        "id": "79",
        "date": "2025-10-23T00:00:00"
      },
      "geometry": {
        "type": "Polygon",
        "coordinates": [
          [
            [
              74.29807310957167,
              31.757131478960247
            ],
            [
              74.29455516435641,
              31.757184538149822
            ],
            [
              74.29464158217822,
              31.75977137691557
            ],
            [
              74.29541593465206,
              31.759575623343537
            ],
            [
              74.29546271352757,
              31.759425123334704
            ],
            [
              74.29593480857795,
              31.75946827579903
            ],
            [
              74.29661956171344,
              31.75930567037527
            ],
            [
              74.29707024653365,
              31.759382237743406
            ],
            [
              74.29762051369634,
              31.75943367723832
            ],
            [
              74.298047,
              31.759222
            ],
            [
              74.29807310957167,
              31.757131478960247
            ]
          ]
        ]
      }
    },
    {
      "type": "Feature",
      "id": "80",
      "properties": {
        "id": "80",
        "date": "2025-10-23T00:00:00"
      },
      "geometry": {
        "type": "Polygon",
        "coordinates": [
          [
            [
              74.31164249095592,
              31.778845402430093
            ],
            [
              74.30890836821564,
              31.778837269343466
            ],
            [
              74.308911,
              31.784145
            ],
            [
              74.31153308269185,
              31.78413834076161
            ],
            [
              74.31164249095592,
              31.778845402430093
            ]
          ]
        ]
      }
    },
    {
      "type": "Feature",
      "id": "81",
      "properties": {
        "id": "81",
        "date": "2025-10-23T00:00:00"
      },
      "geometry": {
        "type": "Polygon",
        "coordinates": [
          [
            [
              74.3079766707589,
              31.77324879179585
            ],
            [
              74.30793632579925,
              31.77875280518474
            ],
            [
              74.31336665054144,
              31.77875059937936
            ],
            [
              74.31346828772415,
              31.778149956132552
            ],
            [
              74.31343614494543,
              31.77770858389972
            ],
            [
              74.31378325415326,
              31.777710512838603
            ],
            [
              74.31372579278003,
              31.776146523358626
            ],
            [
              74.31400017689595,
              31.774683280900224
            ],
            [
              74.31413736895215,
              31.773931508253575
            ],
            [
              74.31417974801343,
              31.773381244958173
            ],
            [
              74.3079766707589,
              31.77324879179585
            ]
          ]
        ]
      }
    },
    {
      "type": "Feature",
      "id": "82",
      "properties": {
        "id": "82",
        "date": "2025-10-23T00:00:00"
      },
      "geometry": {
        "type": "Polygon",
        "coordinates": [
          [
            [
              74.30749035470149,
              31.786972684903063
            ],
            [
              74.30736754082986,
              31.784754425647293
            ],
            [
              74.30535220991021,
              31.784812712166502
            ],
            [
              74.30532754441381,
              31.784210653335528
            ],
            [
              74.30314188955252,
              31.784285956239284
            ],
            [
              74.30327195715134,
              31.786985611110524
            ],
            [
              74.30749035470149,
              31.786972684903063
            ]
          ]
        ]
      }
    },
    {
      "type": "Feature",
      "id": "83",
      "properties": {
        "id": "83",
        "date": "2025-10-24T00:00:00"
      },
      "geometry": {
        "type": "Polygon",
        "coordinates": [
          [
            [
              74.30527007971806,
              31.788624850612365
            ],
            [
              74.30189,
              31.788701
            ],
            [
              74.30186558450039,
              31.79245400880708
            ],
            [
              74.30538499376023,
              31.79235897664336
            ],
            [
              74.30529918497832,
              31.791328406348306
            ],
            [
              74.30530470462996,
              31.7897156359045
            ],
            [
              74.30527007971806,
              31.788624850612365
            ]
          ]
        ]
      }
    },
    {
      "type": "Feature",
      "id": "84",
      "properties": {
        "id": "84",
        "date": "2025-10-24T00:00:00"
      },
      "geometry": {
        "type": "Polygon",
        "coordinates": [
          [
            [
              74.30232173912212,
              31.795235522817983
            ],
            [
              74.296866,
              31.795222
            ],
            [
              74.296905,
              31.799307
            ],
            [
              74.3052546808647,
              31.799472134301833
            ],
            [
              74.3051783528221,
              31.79616640783226
            ],
            [
              74.30247439520973,
              31.79615742652446
            ],
            [
              74.30232173912212,
              31.795235522817983
            ]
          ]
        ]
      }
    },
    {
      "type": "Feature",
      "id": "85",
      "properties": {
        "id": "85",
        "date": "2025-10-24T00:00:00"
      },
      "geometry": {
        "type": "Polygon",
        "coordinates": [
          [
            [
              74.33011497481316,
              31.785337719144533
            ],
            [
              74.32392069995568,
              31.78531545048487
            ],
            [
              74.323861,
              31.792257
            ],
            [
              74.33029444106053,
              31.792335561506025
            ],
            [
              74.33011497481316,
              31.785337719144533
            ]
          ]
        ]
      }
    },
    {
      "type": "Feature",
      "id": "86",
      "properties": {
        "id": "86",
        "date": "2025-10-29T00:00:00"
      },
      "geometry": {
        "type": "Polygon",
        "coordinates": [
          [
            [
              74.32314196913126,
              31.792433472528746
            ],
            [
              74.315911536961,
              31.7924821211875
            ],
            [
              74.31602594087224,
              31.79790017108494
            ],
            [
              74.31595265695726,
              31.801723176128185
            ],
            [
              74.32249640652091,
              31.801895217893154
            ],
            [
              74.32314196913126,
              31.792433472528746
            ]
          ]
        ]
      }
    },
    {
      "type": "Feature",
      "id": "87",
      "properties": {
        "id": "87",
        "date": "2025-10-24T00:00:00"
      },
      "geometry": {
        "type": "Polygon",
        "coordinates": [
          [
            [
              74.33023000893148,
              31.792436092633984
            ],
            [
              74.32663677796054,
              31.79246701351053
            ],
            [
              74.32658387724524,
              31.795107618227707
            ],
            [
              74.32387765624705,
              31.795062980227186
            ],
            [
              74.323559,
              31.801612
            ],
            [
              74.330128,
              31.801291
            ],
            [
              74.33023000893148,
              31.792436092633984
            ]
          ]
        ]
      }
    },
    {
      "type": "Feature",
      "id": "88",
      "properties": {
        "id": "88",
        "date": "2025-10-24T00:00:00"
      },
      "geometry": {
        "type": "Polygon",
        "coordinates": [
          [
            [
              74.30182951017082,
              31.781607818309794
            ],
            [
              74.29831741121869,
              31.781602571412346
            ],
            [
              74.29828090104782,
              31.785340739074154
            ],
            [
              74.30182474491384,
              31.786680414188726
            ],
            [
              74.30182951017082,
              31.781607818309794
            ]
          ]
        ]
      }
    },
    {
      "type": "Feature",
      "id": "89",
      "properties": {
        "id": "89",
        "date": "2025-10-01T00:00:00"
      },
      "geometry": {
        "type": "Polygon",
        "coordinates": [
          [
            [
              70.8934555376561,
              30.90318110665736
            ],
            [
              70.891816,
              30.905732
            ],
            [
              70.895176,
              30.9055
            ],
            [
              70.89521153765754,
              30.903564382293407
            ],
            [
              70.8934555376561,
              30.90318110665736
            ]
          ]
        ]
      }
    },
    {
      "type": "Feature",
      "id": "90",
      "properties": {
        "id": "90",
        "date": "2025-10-14T00:00:00"
      },
      "geometry": {
        "type": "Polygon",
        "coordinates": [
          [
            [
              70.921916,
              30.921133
            ],
            [
              70.91998,
              30.921428
            ],
            [
              70.920136,
              30.921954
            ],
            [
              70.92199659780348,
              30.921663401550134
            ],
            [
              70.921916,
              30.921133
            ]
          ]
        ]
      }
    },
    {
      "type": "Feature",
      "id": "91",
      "properties": {
        "id": "91",
        "date": "2025-10-14T00:00:00"
      },
      "geometry": {
        "type": "Polygon",
        "coordinates": [
          [
            [
              71.064934,
              30.889412
            ],
            [
              71.06489604149509,
              30.89040938437875
            ],
            [
              71.06613951724508,
              30.890419126608595
            ],
            [
              71.06619870673033,
              30.88989556412126
            ],
            [
              71.06754827439316,
              30.88991504998177
            ],
            [
              71.067547,
              30.88945
            ],
            [
              71.064934,
              30.889412
            ]
          ]
        ]
      }
    },
    {
      "type": "Feature",
      "id": "92",
      "properties": {
        "id": "92",
        "date": "2025-10-15T00:00:00"
      },
      "geometry": {
        "type": "Polygon",
        "coordinates": [
          [
            [
              70.928211,
              30.950755
            ],
            [
              70.926998,
              30.951034
            ],
            [
              70.927068,
              30.95152
            ],
            [
              70.92797,
              30.951345
            ],
            [
              70.92796700837016,
              30.951096507990876
            ],
            [
              70.92841761187967,
              30.95096771016903
            ],
            [
              70.928211,
              30.950755
            ]
          ]
        ]
      }
    },
    {
      "type": "Feature",
      "id": "93",
      "properties": {
        "id": "93",
        "date": "2025-10-15T00:00:00"
      },
      "geometry": {
        "type": "Polygon",
        "coordinates": [
          [
            [
              70.91164454847379,
              30.941984170595052
            ],
            [
              70.909288,
              30.942077
            ],
            [
              70.909437,
              30.943111
            ],
            [
              70.913468,
              30.943003
            ],
            [
              70.91343513161749,
              30.942106047897347
            ],
            [
              70.91164454847379,
              30.941984170595052
            ]
          ]
        ]
      }
    },
    {
      "type": "Feature",
      "id": "94",
      "properties": {
        "id": "94",
        "date": "2025-10-16T00:00:00"
      },
      "geometry": {
        "type": "Polygon",
        "coordinates": [
          [
            [
              70.92175380025988,
              30.905457742218324
            ],
            [
              70.92087741265884,
              30.905682799210087
            ],
            [
              70.920085,
              30.905917
            ],
            [
              70.920787,
              30.906659
            ],
            [
              70.92207913633571,
              30.906346063282044
            ],
            [
              70.92175380025988,
              30.905457742218324
            ]
          ]
        ]
      }
    },
    {
      "type": "Feature",
      "id": "95",
      "properties": {
        "id": "95",
        "date": "2025-10-16T00:00:00"
      },
      "geometry": {
        "type": "Polygon",
        "coordinates": [
          [
            [
              70.880945,
              30.794252
            ],
            [
              70.880895,
              30.795007
            ],
            [
              70.88224636779219,
              30.794960140550252
            ],
            [
              70.88228458116328,
              30.795173064170157
            ],
            [
              70.88287035265111,
              30.795236582517305
            ],
            [
              70.883069,
              30.794348
            ],
            [
              70.880945,
              30.794252
            ]
          ]
        ]
      }
    },
    {
      "type": "Feature",
      "id": "96",
      "properties": {
        "id": "96",
        "date": "2025-10-16T00:00:00"
      },
      "geometry": {
        "type": "Polygon",
        "coordinates": [
          [
            [
              70.885682,
              30.809241
            ],
            [
              70.884385,
              30.809248
            ],
            [
              70.884362,
              30.810555
            ],
            [
              70.885694,
              30.810538
            ],
            [
              70.885682,
              30.809241
            ]
          ]
        ]
      }
    },
    {
      "type": "Feature",
      "id": "97",
      "properties": {
        "id": "97",
        "date": "2025-10-16T00:00:00"
      },
      "geometry": {
        "type": "Polygon",
        "coordinates": [
          [
            [
              70.89926,
              30.949226
            ],
            [
              70.898525,
              30.949664
            ],
            [
              70.899526,
              30.950633
            ],
            [
              70.899857,
              30.94984
            ],
            [
              70.89926,
              30.949226
            ]
          ]
        ]
      }
    },
    {
      "type": "Feature",
      "id": "98",
      "properties": {
        "id": "98",
        "date": "2025-10-16T00:00:00"
      },
      "geometry": {
        "type": "Polygon",
        "coordinates": [
          [
            [
              70.881981,
              30.949099
            ],
            [
              70.881109,
              30.949256
            ],
            [
              70.88140374539087,
              30.9507491550976
            ],
            [
              70.88213154550714,
              30.950712556684834
            ],
            [
              70.88198118202746,
              30.94989473912579
            ],
            [
              70.881981,
              30.949099
            ]
          ]
        ]
      }
    },
    {
      "type": "Feature",
      "id": "99",
      "properties": {
        "id": "99",
        "date": "2025-10-16T00:00:00"
      },
      "geometry": {
        "type": "Polygon",
        "coordinates": [
          [
            [
              70.87295998863138,
              30.79721040930541
            ],
            [
              70.8724822768609,
              30.797199852326553
            ],
            [
              70.87245950044576,
              30.797646476970666
            ],
            [
              70.87265398952289,
              30.79770183535389
            ],
            [
              70.87295392487816,
              30.797718375321015
            ],
            [
              70.87295998863138,
              30.79721040930541
            ]
          ]
        ]
      }
    },
    {
      "type": "Feature",
      "id": "100",
      "properties": {
        "id": "100",
        "date": "2025-10-16T00:00:00"
      },
      "geometry": {
        "type": "Polygon",
        "coordinates": [
          [
            [
              70.89898877263926,
              30.785295931736954
            ],
            [
              70.898957,
              30.785829
            ],
            [
              70.900018,
              30.785872
            ],
            [
              70.900184,
              30.785322
            ],
            [
              70.89898877263926,
              30.785295931736954
            ]
          ]
        ]
      }
    },
    {
      "type": "Feature",
      "id": "101",
      "properties": {
        "id": "101",
        "date": "2025-10-17T00:00:00"
      },
      "geometry": {
        "type": "Polygon",
        "coordinates": [
          [
            [
              70.85696770525125,
              31.270313491067984
            ],
            [
              70.85678096841332,
              31.270775828267865
            ],
            [
              70.858442,
              31.271275
            ],
            [
              70.858687,
              31.270318
            ],
            [
              70.8577152578963,
              31.270376147789918
            ],
            [
              70.85721963947654,
              31.270346902259668
            ],
            [
              70.85696770525125,
              31.270313491067984
            ]
          ]
        ]
      }
    },
    {
      "type": "Feature",
      "id": "102",
      "properties": {
        "id": "102",
        "date": "2025-10-17T00:00:00"
      },
      "geometry": {
        "type": "Polygon",
        "coordinates": [
          [
            [
              70.85724396771205,
              31.26723642807656
            ],
            [
              70.85696431148622,
              31.267235320681586
            ],
            [
              70.85673407570675,
              31.26624856396272
            ],
            [
              70.85633126133554,
              31.26624636141692
            ],
            [
              70.856458,
              31.268296
            ],
            [
              70.857279,
              31.268277
            ],
            [
              70.85724396771205,
              31.26723642807656
            ]
          ]
        ]
      }
    },
    {
      "type": "Feature",
      "id": "103",
      "properties": {
        "id": "103",
        "date": "2025-10-17T00:00:00"
      },
      "geometry": {
        "type": "Polygon",
        "coordinates": [
          [
            [
              70.87200527809128,
              31.267570826637403
            ],
            [
              70.8714187749927,
              31.26785966799316
            ],
            [
              70.87235732020952,
              31.269727808783397
            ],
            [
              70.87302432020952,
              31.269464808783397
            ],
            [
              70.87200527809128,
              31.267570826637403
            ]
          ]
        ]
      }
    },
    {
      "type": "Feature",
      "id": "104",
      "properties": {
        "id": "104",
        "date": "2025-10-20T00:00:00"
      },
      "geometry": {
        "type": "Polygon",
        "coordinates": [
          [
            [
              70.870269,
              31.302868
            ],
            [
              70.870202,
              31.30335
            ],
            [
              70.8714556,
              31.303684
            ],
            [
              70.8715,
              31.303134
            ],
            [
              70.870269,
              31.302868
            ]
          ]
        ]
      }
    },
    {
      "type": "Feature",
      "id": "105",
      "properties": {
        "id": "105",
        "date": "2025-10-20T00:00:00"
      },
      "geometry": {
        "type": "Polygon",
        "coordinates": [
          [
            [
              70.8946,
              31.260608
            ],
            [
              70.892627,
              31.263872
            ],
            [
              70.89447401655916,
              31.26452365211305
            ],
            [
              70.895415,
              31.261308
            ],
            [
              70.8946,
              31.260608
            ]
          ]
        ]
      }
    },
    {
      "type": "Feature",
      "id": "106",
      "properties": {
        "id": "106",
        "date": "2025-10-20T00:00:00"
      },
      "geometry": {
        "type": "Polygon",
        "coordinates": [
          [
            [
              70.94922012757507,
              31.18950038793358
            ],
            [
              70.94922775171777,
              31.190001775751263
            ],
            [
              70.94998745240434,
              31.190000665449215
            ],
            [
              70.94997345240434,
              31.189492277587227
            ],
            [
              70.94922012757507,
              31.18950038793358
            ]
          ]
        ]
      }
    },
    {
      "type": "Feature",
      "id": "107",
      "properties": {
        "id": "107",
        "date": "2025-10-21T00:00:00"
      },
      "geometry": {
        "type": "Polygon",
        "coordinates": [
          [
            [
              70.865237,
              31.266369
            ],
            [
              70.865556,
              31.268208
            ],
            [
              70.869369,
              31.268092
            ],
            [
              70.869246,
              31.267209
            ],
            [
              70.86708246832308,
              31.267382814529554
            ],
            [
              70.86701348316433,
              31.26656826705897
            ],
            [
              70.86630938352454,
              31.266554486776528
            ],
            [
              70.86620006626364,
              31.26639735338746
            ],
            [
              70.865237,
              31.266369
            ]
          ]
        ]
      }
    },
    {
      "type": "Feature",
      "id": "108",
      "properties": {
        "id": "108",
        "date": "2025-10-21T00:00:00"
      },
      "geometry": {
        "type": "Polygon",
        "coordinates": [
          [
            [
              70.84931167244785,
              31.26831748599412
            ],
            [
              70.849388,
              31.269477
            ],
            [
              70.85074426217541,
              31.269117017479495
            ],
            [
              70.850846696465,
              31.26833914698056
            ],
            [
              70.85050322731897,
              31.268440480245733
            ],
            [
              70.85012752868585,
              31.26845916952591
            ],
            [
              70.84931167244785,
              31.26831748599412
            ]
          ]
        ]
      }
    },
    {
      "type": "Feature",
      "id": "109",
      "properties": {
        "id": "109",
        "date": "2025-10-21T00:00:00"
      },
      "geometry": {
        "type": "Polygon",
        "coordinates": [
          [
            [
              70.85184857764884,
              31.278071309264863
            ],
            [
              70.85102565742825,
              31.278091620789873
            ],
            [
              70.85106888679783,
              31.278233543566035
            ],
            [
              70.85085685501491,
              31.278263890630917
            ],
            [
              70.85091411068774,
              31.27849054040442
            ],
            [
              70.85109165194856,
              31.278896228235475
            ],
            [
              70.85210497929269,
              31.278653775671767
            ],
            [
              70.85184857764884,
              31.278071309264863
            ]
          ]
        ]
      }
    },
    {
      "type": "Feature",
      "id": "110",
      "properties": {
        "id": "110",
        "date": "2025-10-22T00:00:00"
      },
      "geometry": {
        "type": "Polygon",
        "coordinates": [
          [
            [
              70.8440205330869,
              31.300567603377313
            ],
            [
              70.84400123380541,
              31.300717621321112
            ],
            [
              70.84481266103626,
              31.30123330179515
            ],
            [
              70.845309,
              31.302184
            ],
            [
              70.84546829338194,
              31.30214749074826
            ],
            [
              70.84527305367875,
              31.30096901905753
            ],
            [
              70.8440205330869,
              31.300567603377313
            ]
          ]
        ]
      }
    },
    {
      "type": "Feature",
      "id": "111",
      "properties": {
        "id": "111",
        "date": "2025-10-22T00:00:00"
      },
      "geometry": {
        "type": "Polygon",
        "coordinates": [
          [
            [
              70.865984,
              31.273571
            ],
            [
              70.86435185138737,
              31.27354145280106
            ],
            [
              70.8652955768356,
              31.27618315713657
            ],
            [
              70.866589,
              31.276077
            ],
            [
              70.865984,
              31.273571
            ]
          ]
        ]
      }
    },
    {
      "type": "Feature",
      "id": "112",
      "properties": {
        "id": "112",
        "date": "2025-10-22T00:00:00"
      },
      "geometry": {
        "type": "Polygon",
        "coordinates": [
          [
            [
              70.94273746109857,
              31.189631740003122
            ],
            [
              70.942148,
              31.189683
            ],
            [
              70.942105512396,
              31.19126172524627
            ],
            [
              70.94278933659737,
              31.191235181181167
            ],
            [
              70.94273746109857,
              31.189631740003122
            ]
          ]
        ]
      }
    },
    {
      "type": "Feature",
      "id": "113",
      "properties": {
        "id": "113",
        "date": "2025-10-23T00:00:00"
      },
      "geometry": {
        "type": "Polygon",
        "coordinates": [
          [
            [
              70.84646243273797,
              31.273801180206863
            ],
            [
              70.84587343244023,
              31.273833557125194
            ],
            [
              70.84535090431537,
              31.273869565373786
            ],
            [
              70.845354,
              31.273932
            ],
            [
              70.845979,
              31.274984
            ],
            [
              70.84660418482012,
              31.274801463337425
            ],
            [
              70.84658779940307,
              31.27463213973285
            ],
            [
              70.84688740833252,
              31.27456436052075
            ],
            [
              70.84646243273797,
              31.273801180206863
            ]
          ]
        ]
      }
    },
    {
      "type": "Feature",
      "id": "114",
      "properties": {
        "id": "114",
        "date": "2025-10-23T00:00:00"
      },
      "geometry": {
        "type": "Polygon",
        "coordinates": [
          [
            [
              70.844728,
              31.297834469301634
            ],
            [
              70.84264777279003,
              31.298019979617635
            ],
            [
              70.842717,
              31.29996
            ],
            [
              70.8451,
              31.300519
            ],
            [
              70.844728,
              31.297834469301634
            ]
          ]
        ]
      }
    },
    {
      "type": "Feature",
      "id": "115",
      "properties": {
        "id": "115",
        "date": "2025-10-03T00:00:00"
      },
      "geometry": {
        "type": "Polygon",
        "coordinates": [
          [
            [
              70.872378,
              31.278976
            ],
            [
              70.86911563176693,
              31.27955523911926
            ],
            [
              70.86919753274647,
              31.280582905709206
            ],
            [
              70.86933487725662,
              31.28164216254242
            ],
            [
              70.86963420784188,
              31.281623143821363
            ],
            [
              70.869777,
              31.281901
            ],
            [
              70.872887,
              31.281473
            ],
            [
              70.872378,
              31.278976
            ]
          ]
        ]
      }
    },
    {
      "type": "Feature",
      "id": "116",
      "properties": {
        "id": "116",
        "date": "2025-10-01T00:00:00"
      },
      "geometry": {
        "type": "Polygon",
        "coordinates": [
          [
            [
              74.26389466294927,
              31.862119050177547
            ],
            [
              74.26383666294927,
              31.863787050177546
            ],
            [
              74.26821823424315,
              31.863708270903853
            ],
            [
              74.26815071102833,
              31.862160940091
            ],
            [
              74.26389466294927,
              31.862119050177547
            ]
          ]
        ]
      }
    },
    {
      "type": "Feature",
      "id": "117",
      "properties": {
        "id": "117",
        "date": "2025-10-20T00:00:00"
      },
      "geometry": {
        "type": "Polygon",
        "coordinates": [
          [
            [
              74.289718,
              31.816979
            ],
            [
              74.287024,
              31.816974647245676
            ],
            [
              74.28767490786477,
              31.819073093534023
            ],
            [
              74.289729,
              31.819085
            ],
            [
              74.289718,
              31.816979
            ]
          ]
        ]
      }
    },
    {
      "type": "Feature",
      "id": "118",
      "properties": {
        "id": "118",
        "date": "2025-10-20T00:00:00"
      },
      "geometry": {
        "type": "Polygon",
        "coordinates": [
          [
            [
              74.287732,
              31.819141
            ],
            [
              74.28839855802553,
              31.821268520268656
            ],
            [
              74.28982415614388,
              31.821272210633975
            ],
            [
              74.289743,
              31.819154
            ],
            [
              74.287732,
              31.819141
            ]
          ]
        ]
      }
    },
    {
      "type": "Feature",
      "id": "119",
      "properties": {
        "id": "119",
        "date": "2025-10-20T00:00:00"
      },
      "geometry": {
        "type": "Polygon",
        "coordinates": [
          [
            [
              74.29119723593324,
              31.81531290883898
            ],
            [
              74.29124518427163,
              31.81691502996714
            ],
            [
              74.294086,
              31.816879211572346
            ],
            [
              74.29408611220771,
              31.815363545317382
            ],
            [
              74.29119723593324,
              31.81531290883898
            ]
          ]
        ]
      }
    },
    {
      "type": "Feature",
      "id": "120",
      "properties": {
        "id": "120",
        "date": "2025-10-20T00:00:00"
      },
      "geometry": {
        "type": "Polygon",
        "coordinates": [
          [
            [
              74.296209,
              31.807688970734265
            ],
            [
              74.29479464221889,
              31.8075963103216
            ],
            [
              74.29470028931041,
              31.808198078278764
            ],
            [
              74.29118014262481,
              31.80822642952821
            ],
            [
              74.29118257131296,
              31.813573738653474
            ],
            [
              74.296162,
              31.813558
            ],
            [
              74.296209,
              31.807688970734265
            ]
          ]
        ]
      }
    }
  ]
}