{"type": "FeatureCollection", "features": [{"type": "Feature", "geometry": {"geodesic": false, "type": "Point", "coordinates": [67.15310990671277, 27.721560510286373]}, "id": "0", "properties": {"classification": 1, "latitude": 27.721560510286373, "longitude": 67.15310990671277, "district": "Khuzdar"}}, {"type": "Feature", "geometry": {"geodesic": false, "type": "Point", "coordinates": [66.4829667047596, 27.584118271816088]}, "id": "1", "properties": {"classification": 1, "latitude": 27.584118271816088, "longitude": 66.4829667047596, "district": "Khuzdar"}}, {"type": "Feature", "geometry": {"geodesic": false, "type": "Point", "coordinates": [66.25928619901384, 27.647000341704455]}, "id": "2", "properties": {"classification": 1, "latitude": 27.647000341704455, "longitude": 66.25928619901384, "district": "Khuzdar"}}, {"type": "Feature", "geometry": {"geodesic": false, "type": "Point", "coordinates": [66.43715262526952, 28.04764895842176]}, "id": "3", "properties": {"classification": 1, "latitude": 28.04764895842176, "longitude": 66.43715262526952, "district": "Khuzdar"}}, {"type": "Feature", "geometry": {"geodesic": false, "type": "Point", "coordinates": [66.3302531064593, 27.421523205390454]}, "id": "4", "properties": {"classification": 1, "latitude": 27.421523205390454, "longitude": 66.3302531064593, "district": "Khuzdar"}}, {"type": "Feature", "geometry": {"geodesic": false, "type": "Point", "coordinates": [67.38667188058385, 28.172514782914373]}, "id": "5", "properties": {"classification": 1, "latitude": 28.172514782914373, "longitude": 67.38667188058385, "district": "Khuzdar"}}, {"type": "Feature", "geometry": {"geodesic": false, "type": "Point", "coordinates": [66.78839390136025, 27.71706893386578]}, "id": "6", "properties": {"classification": 1, "latitude": 27.71706893386578, "longitude": 66.78839390136025, "district": "Khuzdar"}}, {"type": "Feature", "geometry": {"geodesic": false, "type": "Point", "coordinates": [66.19909907497784, 27.647898656988573]}, "id": "7", "properties": {"classification": 1, "latitude": 27.647898656988573, "longitude": 66.19909907497784, "district": "Khuzdar"}}, {"type": "Feature", "geometry": {"geodesic": false, "type": "Point", "coordinates": [66.03021580156337, 27.6766447460804]}, "id": "8", "properties": {"classification": 1, "latitude": 27.6766447460804, "longitude": 66.03021580156337, "district": "Khuzdar"}}, {"type": "Feature", "geometry": {"geodesic": false, "type": "Point", "coordinates": [66.02123264872218, 27.648796972272695]}, "id": "9", "properties": {"classification": 1, "latitude": 27.648796972272695, "longitude": 66.02123264872218, "district": "Khuzdar"}}, {"type": "Feature", "geometry": {"geodesic": false, "type": "Point", "coordinates": [66.26377777543445, 27.647000341704455]}, "id": "10", "properties": {"classification": 1, "latitude": 27.647000341704455, "longitude": 66.26377777543445, "district": "Khuzdar"}}, {"type": "Feature", "geometry": {"geodesic": false, "type": "Point", "coordinates": [66.57369654845569, 27.78893415659534]}, "id": "11", "properties": {"classification": 1, "latitude": 27.78893415659534, "longitude": 66.57369654845569, "district": "Khuzdar"}}, {"type": "Feature", "geometry": {"geodesic": false, "type": "Point", "coordinates": [66.25928619901384, 27.63801718886326]}, "id": "12", "properties": {"classification": 1, "latitude": 27.63801718886326, "longitude": 66.25928619901384, "district": "Khuzdar"}}, {"type": "Feature", "geometry": {"geodesic": false, "type": "Point", "coordinates": [66.78929221664437, 27.686526214205713]}, "id": "13", "properties": {"classification": 1, "latitude": 27.686526214205713, "longitude": 66.78929221664437, "district": "Khuzdar"}}, {"type": "Feature", "geometry": {"geodesic": false, "type": "Point", "coordinates": [66.17214961645425, 27.65239023340917]}, "id": "14", "properties": {"classification": 1, "latitude": 27.65239023340917, "longitude": 66.17214961645425, "district": "Khuzdar"}}, {"type": "Feature", "geometry": {"geodesic": false, "type": "Point", "coordinates": [66.65005334760583, 28.490518393492685]}, "id": "15", "properties": {"classification": 1, "latitude": 28.490518393492685, "longitude": 66.65005334760583, "district": "Khuzdar"}}, {"type": "Feature", "geometry": {"geodesic": false, "type": "Point", "coordinates": [66.5979510611269, 27.79073078716358]}, "id": "16", "properties": {"classification": 1, "latitude": 27.79073078716358, "longitude": 66.5979510611269, "district": "Khuzdar"}}, {"type": "Feature", "geometry": {"geodesic": false, "type": "Point", "coordinates": [66.21077717367139, 27.61196604562379]}, "id": "17", "properties": {"classification": 1, "latitude": 27.61196604562379, "longitude": 66.21077717367139, "district": "Khuzdar"}}, {"type": "Feature", "geometry": {"geodesic": false, "type": "Point", "coordinates": [66.4685936602137, 27.99554667194283]}, "id": "18", "properties": {"classification": 1, "latitude": 27.99554667194283, "longitude": 66.4685936602137, "district": "Khuzdar"}}, {"type": "Feature", "geometry": {"geodesic": false, "type": "Point", "coordinates": [66.03380906269985, 27.681136322500997]}, "id": "19", "properties": {"classification": 1, "latitude": 27.681136322500997, "longitude": 66.03380906269985, "district": "Khuzdar"}}, {"type": "Feature", "geometry": {"geodesic": false, "type": "Point", "coordinates": [66.14609847321479, 27.30025064203432]}, "id": "20", "properties": {"classification": 1, "latitude": 27.30025064203432, "longitude": 66.14609847321479, "district": "Khuzdar"}}, {"type": "Feature", "geometry": {"geodesic": false, "type": "Point", "coordinates": [66.03830063912045, 27.662271701534486]}, "id": "21", "properties": {"classification": 1, "latitude": 27.662271701534486, "longitude": 66.03830063912045, "district": "Khuzdar"}}, {"type": "Feature", "geometry": {"geodesic": false, "type": "Point", "coordinates": [67.21509366131701, 27.82666339852836]}, "id": "22", "properties": {"classification": 1, "latitude": 27.82666339852836, "longitude": 67.21509366131701, "district": "Khuzdar"}}, {"type": "Feature", "geometry": {"geodesic": false, "type": "Point", "coordinates": [66.40660990560946, 27.530219354768917]}, "id": "23", "properties": {"classification": 1, "latitude": 27.530219354768917, "longitude": 66.40660990560946, "district": "Khuzdar"}}, {"type": "Feature", "geometry": {"geodesic": false, "type": "Point", "coordinates": [66.2017940208302, 27.665864962670966]}, "id": "24", "properties": {"classification": 1, "latitude": 27.665864962670966, "longitude": 66.2017940208302, "district": "Khuzdar"}}, {"type": "Feature", "geometry": {"geodesic": false, "type": "Point", "coordinates": [68.37571700839945, 26.801685659347985]}, "id": "0", "properties": {"classification": 1, "latitude": 26.801685659347985, "longitude": 68.37571700839945, "district": "Khairpur"}}, {"type": "Feature", "geometry": {"geodesic": false, "type": "Point", "coordinates": [68.92907922341706, 26.79360082179091]}, "id": "1", "properties": {"classification": 1, "latitude": 26.79360082179091, "longitude": 68.92907922341706, "district": "Khairpur"}}, {"type": "Feature", "geometry": {"geodesic": false, "type": "Point", "coordinates": [68.40985298919598, 27.351454613229134]}, "id": "2", "properties": {"classification": 1, "latitude": 27.351454613229134, "longitude": 68.40985298919598, "district": "Khairpur"}}, {"type": "Feature", "geometry": {"geodesic": false, "type": "Point", "coordinates": [68.54729522766627, 27.290369173909003]}, "id": "3", "properties": {"classification": 1, "latitude": 27.290369173909003, "longitude": 68.54729522766627, "district": "Khairpur"}}, {"type": "Feature", "geometry": {"geodesic": false, "type": "Point", "coordinates": [68.37212374726296, 27.37031923419564]}, "id": "4", "properties": {"classification": 1, "latitude": 27.37031923419564, "longitude": 68.37212374726296, "district": "Khairpur"}}, {"type": "Feature", "geometry": {"geodesic": false, "type": "Point", "coordinates": [68.4799215813573, 27.122384215778656]}, "id": "5", "properties": {"classification": 1, "latitude": 27.122384215778656, "longitude": 68.4799215813573, "district": "Khairpur"}}, {"type": "Feature", "geometry": {"geodesic": false, "type": "Point", "coordinates": [68.45027717698136, 26.84660142355396]}, "id": "6", "properties": {"classification": 1, "latitude": 26.84660142355396, "longitude": 68.45027717698136, "district": "Khairpur"}}, {"type": "Feature", "geometry": {"geodesic": false, "type": "Point", "coordinates": [68.93626574569002, 27.003806598274878]}, "id": "7", "properties": {"classification": 1, "latitude": 27.003806598274878, "longitude": 68.93626574569002, "district": "Khairpur"}}, {"type": "Feature", "geometry": {"geodesic": false, "type": "Point", "coordinates": [68.958723627793, 26.955297572932423]}, "id": "8", "properties": {"classification": 1, "latitude": 26.955297572932423, "longitude": 68.958723627793, "district": "Khairpur"}}, {"type": "Feature", "geometry": {"geodesic": false, "type": "Point", "coordinates": [68.35595407214882, 27.161011772995792]}, "id": "9", "properties": {"classification": 1, "latitude": 27.161011772995792, "longitude": 68.35595407214882, "district": "Khairpur"}}, {"type": "Feature", "geometry": {"geodesic": false, "type": "Point", "coordinates": [68.9901646627372, 27.154723566006957]}, "id": "10", "properties": {"classification": 1, "latitude": 27.154723566006957, "longitude": 68.9901646627372, "district": "Khairpur"}}, {"type": "Feature", "geometry": {"geodesic": false, "type": "Point", "coordinates": [68.68833072727304, 27.6398138194315]}, "id": "11", "properties": {"classification": 1, "latitude": 27.6398138194315, "longitude": 68.68833072727304, "district": "Khairpur"}}, {"type": "Feature", "geometry": {"geodesic": false, "type": "Point", "coordinates": [68.94075732211063, 27.01728132753667]}, "id": "12", "properties": {"classification": 1, "latitude": 27.01728132753667, "longitude": 68.94075732211063, "district": "Khairpur"}}, {"type": "Feature", "geometry": {"geodesic": false, "type": "Point", "coordinates": [68.45117549226548, 27.49967663510885]}, "id": "13", "properties": {"classification": 1, "latitude": 27.49967663510885, "longitude": 68.45117549226548, "district": "Khairpur"}}, {"type": "Feature", "geometry": {"geodesic": false, "type": "Point", "coordinates": [68.6362284407941, 27.574236803690773]}, "id": "14", "properties": {"classification": 1, "latitude": 27.574236803690773, "longitude": 68.6362284407941, "district": "Khairpur"}}, {"type": "Feature", "geometry": {"geodesic": false, "type": "Point", "coordinates": [68.7835521473897, 27.44937097919816]}, "id": "15", "properties": {"classification": 1, "latitude": 27.44937097919816, "longitude": 68.7835521473897, "district": "Khairpur"}}, {"type": "Feature", "geometry": {"geodesic": false, "type": "Point", "coordinates": [68.86529883824458, 27.574236803690773]}, "id": "16", "properties": {"classification": 1, "latitude": 27.574236803690773, "longitude": 68.86529883824458, "district": "Khairpur"}}, {"type": "Feature", "geometry": {"geodesic": false, "type": "Point", "coordinates": [68.33349619004582, 27.248148355555387]}, "id": "17", "properties": {"classification": 1, "latitude": 27.248148355555387, "longitude": 68.33349619004582, "district": "Khairpur"}}, {"type": "Feature", "geometry": {"geodesic": false, "type": "Point", "coordinates": [68.5490918582345, 27.33348830754674]}, "id": "18", "properties": {"classification": 1, "latitude": 27.33348830754674, "longitude": 68.5490918582345, "district": "Khairpur"}}, {"type": "Feature", "geometry": {"geodesic": false, "type": "Point", "coordinates": [68.36044564856941, 26.590581567579896]}, "id": "19", "properties": {"classification": 1, "latitude": 26.590581567579896, "longitude": 68.36044564856941, "district": "Khairpur"}}, {"type": "Feature", "geometry": {"geodesic": false, "type": "Point", "coordinates": [68.69731388011424, 27.433201304084008]}, "id": "20", "properties": {"classification": 1, "latitude": 27.433201304084008, "longitude": 68.69731388011424, "district": "Khairpur"}}, {"type": "Feature", "geometry": {"geodesic": false, "type": "Point", "coordinates": [68.52483734556328, 27.33528493811498]}, "id": "21", "properties": {"classification": 1, "latitude": 27.33528493811498, "longitude": 68.52483734556328, "district": "Khairpur"}}, {"type": "Feature", "geometry": {"geodesic": false, "type": "Point", "coordinates": [68.74851785130905, 27.41343836783338]}, "id": "22", "properties": {"classification": 1, "latitude": 27.41343836783338, "longitude": 68.74851785130905, "district": "Khairpur"}}, {"type": "Feature", "geometry": {"geodesic": false, "type": "Point", "coordinates": [68.68743241198892, 27.63801718886326]}, "id": "23", "properties": {"classification": 1, "latitude": 27.63801718886326, "longitude": 68.68743241198892, "district": "Khairpur"}}, {"type": "Feature", "geometry": {"geodesic": false, "type": "Point", "coordinates": [68.55717669579158, 27.539202507610113]}, "id": "24", "properties": {"classification": 1, "latitude": 27.539202507610113, "longitude": 68.55717669579158, "district": "Khairpur"}}, {"type": "Feature", "geometry": {"geodesic": false, "type": "Point", "coordinates": [73.10983855570932, 34.45533188004631]}, "id": "0", "properties": {"classification": 1, "latitude": 34.45533188004631, "longitude": 73.10983855570932, "district": "Mansehra"}}, {"type": "Feature", "geometry": {"geodesic": false, "type": "Point", "coordinates": [73.19697513826891, 34.40861948527209]}, "id": "1", "properties": {"classification": 1, "latitude": 34.40861948527209, "longitude": 73.19697513826891, "district": "Mansehra"}}, {"type": "Feature", "geometry": {"geodesic": false, "type": "Point", "coordinates": [73.25985720815729, 34.438263889648034]}, "id": "2", "properties": {"classification": 1, "latitude": 34.438263889648034, "longitude": 73.25985720815729, "district": "Mansehra"}}, {"type": "Feature", "geometry": {"geodesic": false, "type": "Point", "coordinates": [73.12061833911875, 34.40053464771502]}, "id": "3", "properties": {"classification": 1, "latitude": 34.40053464771502, "longitude": 73.12061833911875, "district": "Mansehra"}}, {"type": "Feature", "geometry": {"geodesic": false, "type": "Point", "coordinates": [73.23650101077017, 34.36550035163435]}, "id": "4", "properties": {"classification": 1, "latitude": 34.36550035163435, "longitude": 73.23650101077017, "district": "Mansehra"}}, {"type": "Feature", "geometry": {"geodesic": false, "type": "Point", "coordinates": [73.21224649809895, 34.39424644072618]}, "id": "5", "properties": {"classification": 1, "latitude": 34.39424644072618, "longitude": 73.21224649809895, "district": "Mansehra"}}, {"type": "Feature", "geometry": {"geodesic": false, "type": "Point", "coordinates": [73.12151665440287, 34.387059918453225]}, "id": "6", "properties": {"classification": 1, "latitude": 34.387059918453225, "longitude": 73.12151665440287, "district": "Mansehra"}}, {"type": "Feature", "geometry": {"geodesic": false, "type": "Point", "coordinates": [73.16553410332473, 34.422094214533885]}, "id": "7", "properties": {"classification": 1, "latitude": 34.422094214533885, "longitude": 73.16553410332473, "district": "Mansehra"}}, {"type": "Feature", "geometry": {"geodesic": false, "type": "Point", "coordinates": [72.82147934950696, 34.44365378135276]}, "id": "8", "properties": {"classification": 1, "latitude": 34.44365378135276, "longitude": 72.82147934950696, "district": "Mansehra"}}, {"type": "Feature", "geometry": {"geodesic": false, "type": "Point", "coordinates": [73.14487285178998, 34.336754262542534]}, "id": "9", "properties": {"classification": 1, "latitude": 34.336754262542534, "longitude": 73.14487285178998, "district": "Mansehra"}}, {"type": "Feature", "geometry": {"geodesic": false, "type": "Point", "coordinates": [73.25087405531609, 34.48946786084285]}, "id": "10", "properties": {"classification": 1, "latitude": 34.48946786084285, "longitude": 73.25087405531609, "district": "Mansehra"}}, {"type": "Feature", "geometry": {"geodesic": false, "type": "Point", "coordinates": [72.80261472854045, 34.549654984878856]}, "id": "11", "properties": {"classification": 1, "latitude": 34.549654984878856, "longitude": 72.80261472854045, "district": "Mansehra"}}, {"type": "Feature", "geometry": {"geodesic": false, "type": "Point", "coordinates": [73.32184096276153, 34.44814535777335]}, "id": "12", "properties": {"classification": 1, "latitude": 34.44814535777335, "longitude": 73.32184096276153, "district": "Mansehra"}}, {"type": "Feature", "geometry": {"geodesic": false, "type": "Point", "coordinates": [73.25177237060021, 34.38167002674851]}, "id": "13", "properties": {"classification": 1, "latitude": 34.38167002674851, "longitude": 73.25177237060021, "district": "Mansehra"}}, {"type": "Feature", "geometry": {"geodesic": false, "type": "Point", "coordinates": [73.02719354957033, 34.51731563465056]}, "id": "14", "properties": {"classification": 1, "latitude": 34.51731563465056, "longitude": 73.02719354957033, "district": "Mansehra"}}, {"type": "Feature", "geometry": {"geodesic": false, "type": "Point", "coordinates": [73.21224649809895, 34.40772116998797]}, "id": "15", "properties": {"classification": 1, "latitude": 34.40772116998797, "longitude": 73.21224649809895, "district": "Mansehra"}}, {"type": "Feature", "geometry": {"geodesic": false, "type": "Point", "coordinates": [73.02449860371796, 34.49395943726345]}, "id": "16", "properties": {"classification": 1, "latitude": 34.49395943726345, "longitude": 73.02449860371796, "district": "Mansehra"}}, {"type": "Feature", "geometry": {"geodesic": false, "type": "Point", "coordinates": [73.20775492167834, 34.43107736737508]}, "id": "17", "properties": {"classification": 1, "latitude": 34.43107736737508, "longitude": 73.20775492167834, "district": "Mansehra"}}, {"type": "Feature", "geometry": {"geodesic": false, "type": "Point", "coordinates": [73.20416166054187, 34.40412790885149]}, "id": "18", "properties": {"classification": 1, "latitude": 34.40412790885149, "longitude": 73.20416166054187, "district": "Mansehra"}}, {"type": "Feature", "geometry": {"geodesic": false, "type": "Point", "coordinates": [73.26434878457788, 34.4732981857287]}, "id": "19", "properties": {"classification": 1, "latitude": 34.4732981857287, "longitude": 73.26434878457788, "district": "Mansehra"}}, {"type": "Feature", "geometry": {"geodesic": false, "type": "Point", "coordinates": [73.20416166054187, 34.40143296299914]}, "id": "20", "properties": {"classification": 1, "latitude": 34.40143296299914, "longitude": 73.20416166054187, "district": "Mansehra"}}, {"type": "Feature", "geometry": {"geodesic": false, "type": "Point", "coordinates": [73.1412795906535, 34.62421515346078]}, "id": "21", "properties": {"classification": 1, "latitude": 34.62421515346078, "longitude": 73.1412795906535, "district": "Mansehra"}}, {"type": "Feature", "geometry": {"geodesic": false, "type": "Point", "coordinates": [73.19338187713244, 34.44365378135276]}, "id": "22", "properties": {"classification": 1, "latitude": 34.44365378135276, "longitude": 73.19338187713244, "district": "Mansehra"}}, {"type": "Feature", "geometry": {"geodesic": false, "type": "Point", "coordinates": [73.22033133565603, 34.45533188004631]}, "id": "23", "properties": {"classification": 1, "latitude": 34.45533188004631, "longitude": 73.22033133565603, "district": "Mansehra"}}, {"type": "Feature", "geometry": {"geodesic": false, "type": "Point", "coordinates": [73.22841617321309, 34.42119589924977]}, "id": "24", "properties": {"classification": 1, "latitude": 34.42119589924977, "longitude": 73.22841617321309, "district": "Mansehra"}}, {"type": "Feature", "geometry": {"geodesic": false, "type": "Point", "coordinates": [73.77010028953717, 31.677741021548748]}, "id": "0", "properties": {"classification": 1, "latitude": 31.677741021548748, "longitude": 73.77010028953717, "district": "Sheikhpura"}}, {"type": "Feature", "geometry": {"geodesic": false, "type": "Point", "coordinates": [73.76830365896893, 31.8088950530302]}, "id": "1", "properties": {"classification": 1, "latitude": 31.8088950530302, "longitude": 73.76830365896893, "district": "Sheikhpura"}}, {"type": "Feature", "geometry": {"geodesic": false, "type": "Point", "coordinates": [73.35867188941043, 31.631028626774533]}, "id": "2", "properties": {"classification": 1, "latitude": 31.631028626774533, "longitude": 73.35867188941043, "district": "Sheikhpura"}}, {"type": "Feature", "geometry": {"geodesic": false, "type": "Point", "coordinates": [73.2930948736697, 31.703792164788215]}, "id": "3", "properties": {"classification": 1, "latitude": 31.703792164788215, "longitude": 73.2930948736697, "district": "Sheikhpura"}}, {"type": "Feature", "geometry": {"geodesic": false, "type": "Point", "coordinates": [74.08271400841076, 31.664266292286953]}, "id": "4", "properties": {"classification": 1, "latitude": 31.664266292286953, "longitude": 74.08271400841076, "district": "Sheikhpura"}}, {"type": "Feature", "geometry": {"geodesic": false, "type": "Point", "coordinates": [73.57965744930382, 31.57982465557972]}, "id": "5", "properties": {"classification": 1, "latitude": 31.57982465557972, "longitude": 73.57965744930382, "district": "Sheikhpura"}}, {"type": "Feature", "geometry": {"geodesic": false, "type": "Point", "coordinates": [73.56708103532615, 31.5007729105772]}, "id": "6", "properties": {"classification": 1, "latitude": 31.5007729105772, "longitude": 73.56708103532615, "district": "Sheikhpura"}}, {"type": "Feature", "geometry": {"geodesic": false, "type": "Point", "coordinates": [73.92730546425808, 31.458552092223584]}, "id": "7", "properties": {"classification": 1, "latitude": 31.458552092223584, "longitude": 73.92730546425808, "district": "Sheikhpura"}}, {"type": "Feature", "geometry": {"geodesic": false, "type": "Point", "coordinates": [73.82938909828906, 31.494484703588366]}, "id": "8", "properties": {"classification": 1, "latitude": 31.494484703588366, "longitude": 73.82938909828906, "district": "Sheikhpura"}}, {"type": "Feature", "geometry": {"geodesic": false, "type": "Point", "coordinates": [73.77549018124189, 31.83943777269026]}, "id": "9", "properties": {"classification": 1, "latitude": 31.83943777269026, "longitude": 73.77549018124189, "district": "Sheikhpura"}}, {"type": "Feature", "geometry": {"geodesic": false, "type": "Point", "coordinates": [73.4862326597554, 31.67504607569639]}, "id": "10", "properties": {"classification": 1, "latitude": 31.67504607569639, "longitude": 73.4862326597554, "district": "Sheikhpura"}}, {"type": "Feature", "geometry": {"geodesic": false, "type": "Point", "coordinates": [73.9650347061911, 31.774759072233657]}, "id": "11", "properties": {"classification": 1, "latitude": 31.774759072233657, "longitude": 73.9650347061911, "district": "Sheikhpura"}}, {"type": "Feature", "geometry": {"geodesic": false, "type": "Point", "coordinates": [74.0521712887507, 31.71367363291353]}, "id": "12", "properties": {"classification": 1, "latitude": 31.71367363291353, "longitude": 74.0521712887507, "district": "Sheikhpura"}}, {"type": "Feature", "geometry": {"geodesic": false, "type": "Point", "coordinates": [73.98928921886233, 31.309431755059745]}, "id": "13", "properties": {"classification": 1, "latitude": 31.309431755059745, "longitude": 73.98928921886233, "district": "Sheikhpura"}}, {"type": "Feature", "geometry": {"geodesic": false, "type": "Point", "coordinates": [73.96144144505463, 31.453162200518868]}, "id": "14", "properties": {"classification": 1, "latitude": 31.453162200518868, "longitude": 73.96144144505463, "district": "Sheikhpura"}}, {"type": "Feature", "geometry": {"geodesic": false, "type": "Point", "coordinates": [74.52378681291344, 31.850217556099697]}, "id": "15", "properties": {"classification": 1, "latitude": 31.850217556099697, "longitude": 74.52378681291344, "district": "Sheikhpura"}}, {"type": "Feature", "geometry": {"geodesic": false, "type": "Point", "coordinates": [73.78177838823072, 31.295058710513832]}, "id": "16", "properties": {"classification": 1, "latitude": 31.295058710513832, "longitude": 73.78177838823072, "district": "Sheikhpura"}}, {"type": "Feature", "geometry": {"geodesic": false, "type": "Point", "coordinates": [73.7260828406153, 31.741521406721233]}, "id": "17", "properties": {"classification": 1, "latitude": 31.741521406721233, "longitude": 73.7260828406153, "district": "Sheikhpura"}}, {"type": "Feature", "geometry": {"geodesic": false, "type": "Point", "coordinates": [73.64433614976043, 31.650791563025162]}, "id": "18", "properties": {"classification": 1, "latitude": 31.650791563025162, "longitude": 73.64433614976043, "district": "Sheikhpura"}}, {"type": "Feature", "geometry": {"geodesic": false, "type": "Point", "coordinates": [73.89406779874567, 31.27799072011556]}, "id": "19", "properties": {"classification": 1, "latitude": 31.27799072011556, "longitude": 73.89406779874567, "district": "Sheikhpura"}}, {"type": "Feature", "geometry": {"geodesic": false, "type": "Point", "coordinates": [73.99018753414646, 31.322008169037417]}, "id": "20", "properties": {"classification": 1, "latitude": 31.322008169037417, "longitude": 73.99018753414646, "district": "Sheikhpura"}}, {"type": "Feature", "geometry": {"geodesic": false, "type": "Point", "coordinates": [73.70093001265997, 31.175582777725936]}, "id": "21", "properties": {"classification": 1, "latitude": 31.175582777725936, "longitude": 73.70093001265997, "district": "Sheikhpura"}}, {"type": "Feature", "geometry": {"geodesic": false, "type": "Point", "coordinates": [73.70182832794409, 31.26182104500141]}, "id": "22", "properties": {"classification": 1, "latitude": 31.26182104500141, "longitude": 73.70182832794409, "district": "Sheikhpura"}}, {"type": "Feature", "geometry": {"geodesic": false, "type": "Point", "coordinates": [73.9919841647147, 31.476518397905974]}, "id": "23", "properties": {"classification": 1, "latitude": 31.476518397905974, "longitude": 73.9919841647147, "district": "Sheikhpura"}}, {"type": "Feature", "geometry": {"geodesic": false, "type": "Point", "coordinates": [73.59492880913386, 31.646299986604564]}, "id": "24", "properties": {"classification": 1, "latitude": 31.646299986604564, "longitude": 73.59492880913386, "district": "Sheikhpura"}}, {"type": "Feature", "geometry": {"geodesic": false, "type": "Point", "coordinates": [73.19068693128008, 33.55791491121091]}, "id": "0", "properties": {"classification": 1, "latitude": 33.55791491121091, "longitude": 73.19068693128008, "district": "Islamabad Capital Territory"}}, {"type": "Feature", "geometry": {"geodesic": false, "type": "Point", "coordinates": [72.84483554689406, 33.61810203524691]}, "id": "1", "properties": {"classification": 1, "latitude": 33.61810203524691, "longitude": 72.84483554689406, "district": "Islamabad Capital Territory"}}, {"type": "Feature", "geometry": {"geodesic": false, "type": "Point", "coordinates": [72.86280185257645, 33.61810203524691]}, "id": "2", "properties": {"classification": 1, "latitude": 33.61810203524691, "longitude": 72.86280185257645, "district": "Islamabad Capital Territory"}}, {"type": "Feature", "geometry": {"geodesic": false, "type": "Point", "coordinates": [73.13319475309643, 33.68098410513528]}, "id": "3", "properties": {"classification": 1, "latitude": 33.68098410513528, "longitude": 73.13319475309643, "district": "Islamabad Capital Territory"}}, {"type": "Feature", "geometry": {"geodesic": false, "type": "Point", "coordinates": [73.15924589633589, 33.709730194227106]}, "id": "4", "properties": {"classification": 1, "latitude": 33.709730194227106, "longitude": 73.15924589633589, "district": "Islamabad Capital Territory"}}, {"type": "Feature", "geometry": {"geodesic": false, "type": "Point", "coordinates": [72.81788608837047, 33.61630540467868]}, "id": "5", "properties": {"classification": 1, "latitude": 33.61630540467868, "longitude": 72.81788608837047, "district": "Islamabad Capital Territory"}}, {"type": "Feature", "geometry": {"geodesic": false, "type": "Point", "coordinates": [72.80261472854045, 33.659424538316415]}, "id": "6", "properties": {"classification": 1, "latitude": 33.659424538316415, "longitude": 72.80261472854045, "district": "Islamabad Capital Territory"}}, {"type": "Feature", "geometry": {"geodesic": false, "type": "Point", "coordinates": [72.90592098621418, 33.640559917349904]}, "id": "7", "properties": {"classification": 1, "latitude": 33.640559917349904, "longitude": 72.90592098621418, "district": "Islamabad Capital Territory"}}, {"type": "Feature", "geometry": {"geodesic": false, "type": "Point", "coordinates": [72.9292771836013, 33.71242514007946]}, "id": "8", "properties": {"classification": 1, "latitude": 33.71242514007946, "longitude": 72.9292771836013, "district": "Islamabad Capital Territory"}}, {"type": "Feature", "geometry": {"geodesic": false, "type": "Point", "coordinates": [72.83136081763227, 33.620796981099275]}, "id": "9", "properties": {"classification": 1, "latitude": 33.620796981099275, "longitude": 72.83136081763227, "district": "Islamabad Capital Territory"}}, {"type": "Feature", "geometry": {"geodesic": false, "type": "Point", "coordinates": [73.21583975923542, 33.66571274530525]}, "id": "10", "properties": {"classification": 1, "latitude": 33.66571274530525, "longitude": 73.21583975923542, "district": "Islamabad Capital Territory"}}, {"type": "Feature", "geometry": {"geodesic": false, "type": "Point", "coordinates": [73.14666948235822, 33.63157676450871]}, "id": "11", "properties": {"classification": 1, "latitude": 33.63157676450871, "longitude": 73.14666948235822, "district": "Islamabad Capital Territory"}}, {"type": "Feature", "geometry": {"geodesic": false, "type": "Point", "coordinates": [73.11882170855051, 33.66661106058937]}, "id": "12", "properties": {"classification": 1, "latitude": 33.66661106058937, "longitude": 73.11882170855051, "district": "Islamabad Capital Territory"}}, {"type": "Feature", "geometry": {"geodesic": false, "type": "Point", "coordinates": [73.20685660639423, 33.563304802915624]}, "id": "13", "properties": {"classification": 1, "latitude": 33.563304802915624, "longitude": 73.20685660639423, "district": "Islamabad Capital Territory"}}, {"type": "Feature", "geometry": {"geodesic": false, "type": "Point", "coordinates": [73.02000702729737, 33.64684812433874]}, "id": "14", "properties": {"classification": 1, "latitude": 33.64684812433874, "longitude": 73.02000702729737, "district": "Islamabad Capital Territory"}}, {"type": "Feature", "geometry": {"geodesic": false, "type": "Point", "coordinates": [73.18080546315477, 33.58666100030273]}, "id": "15", "properties": {"classification": 1, "latitude": 33.58666100030273, "longitude": 73.18080546315477, "district": "Islamabad Capital Territory"}}, {"type": "Feature", "geometry": {"geodesic": false, "type": "Point", "coordinates": [72.92748055303306, 33.68278073570352]}, "id": "16", "properties": {"classification": 1, "latitude": 33.68278073570352, "longitude": 72.92748055303306, "district": "Islamabad Capital Territory"}}, {"type": "Feature", "geometry": {"geodesic": false, "type": "Point", "coordinates": [72.93197212945365, 33.71242514007946]}, "id": "17", "properties": {"classification": 1, "latitude": 33.71242514007946, "longitude": 72.93197212945365, "district": "Islamabad Capital Territory"}}, {"type": "Feature", "geometry": {"geodesic": false, "type": "Point", "coordinates": [72.87447995127, 33.61540708939456]}, "id": "18", "properties": {"classification": 1, "latitude": 33.61540708939456, "longitude": 72.87447995127, "district": "Islamabad Capital Territory"}}, {"type": "Feature", "geometry": {"geodesic": false, "type": "Point", "coordinates": [73.16463578804061, 33.655831277179935]}, "id": "19", "properties": {"classification": 1, "latitude": 33.655831277179935, "longitude": 73.16463578804061, "district": "Islamabad Capital Territory"}}, {"type": "Feature", "geometry": {"geodesic": false, "type": "Point", "coordinates": [72.94993843513605, 33.717815031784184]}, "id": "20", "properties": {"classification": 1, "latitude": 33.717815031784184, "longitude": 72.94993843513605, "district": "Islamabad Capital Territory"}}, {"type": "Feature", "geometry": {"geodesic": false, "type": "Point", "coordinates": [72.90861593206655, 33.632475079792826]}, "id": "21", "properties": {"classification": 1, "latitude": 33.632475079792826, "longitude": 72.90861593206655, "district": "Islamabad Capital Territory"}}, {"type": "Feature", "geometry": {"geodesic": false, "type": "Point", "coordinates": [72.88795468053179, 33.62798350337223]}, "id": "22", "properties": {"classification": 1, "latitude": 33.62798350337223, "longitude": 72.88795468053179, "district": "Islamabad Capital Territory"}}, {"type": "Feature", "geometry": {"geodesic": false, "type": "Point", "coordinates": [72.95532832684076, 33.671102637009966]}, "id": "23", "properties": {"classification": 1, "latitude": 33.671102637009966, "longitude": 72.95532832684076, "district": "Islamabad Capital Territory"}}, {"type": "Feature", "geometry": {"geodesic": false, "type": "Point", "coordinates": [72.88615804996356, 33.62349192695163]}, "id": "24", "properties": {"classification": 1, "latitude": 33.62349192695163, "longitude": 72.88615804996356, "district": "Islamabad Capital Territory"}}, {"type": "Feature", "geometry": {"geodesic": false, "type": "Point", "coordinates": [64.72137043260123, 29.141796974479337]}, "id": "0", "properties": {"classification": 1, "latitude": 29.141796974479337, "longitude": 64.72137043260123, "district": "Chagai"}}, {"type": "Feature", "geometry": {"geodesic": false, "type": "Point", "coordinates": [64.6827428753841, 29.15437338845701]}, "id": "1", "properties": {"classification": 1, "latitude": 29.15437338845701, "longitude": 64.6827428753841, "district": "Chagai"}}, {"type": "Feature", "geometry": {"geodesic": false, "type": "Point", "coordinates": [64.76179462038661, 29.433749441818183]}, "id": "2", "properties": {"classification": 1, "latitude": 29.433749441818183, "longitude": 64.76179462038661, "district": "Chagai"}}, {"type": "Feature", "geometry": {"geodesic": false, "type": "Point", "coordinates": [64.88037223789038, 28.91631983816534]}, "id": "3", "properties": {"classification": 1, "latitude": 28.91631983816534, "longitude": 64.88037223789038, "district": "Chagai"}}, {"type": "Feature", "geometry": {"geodesic": false, "type": "Point", "coordinates": [64.75999798981837, 29.396020199885164]}, "id": "4", "properties": {"classification": 1, "latitude": 29.396020199885164, "longitude": 64.75999798981837, "district": "Chagai"}}, {"type": "Feature", "geometry": {"geodesic": false, "type": "Point", "coordinates": [64.77706598021663, 29.45620732392117]}, "id": "5", "properties": {"classification": 1, "latitude": 29.45620732392117, "longitude": 64.77706598021663, "district": "Chagai"}}, {"type": "Feature", "geometry": {"geodesic": false, "type": "Point", "coordinates": [64.78604913305783, 29.41847808198815]}, "id": "6", "properties": {"classification": 1, "latitude": 29.41847808198815, "longitude": 64.78604913305783, "district": "Chagai"}}, {"type": "Feature", "geometry": {"geodesic": false, "type": "Point", "coordinates": [64.67735298367937, 29.16245822601409]}, "id": "7", "properties": {"classification": 1, "latitude": 29.16245822601409, "longitude": 64.67735298367937, "district": "Chagai"}}, {"type": "Feature", "geometry": {"geodesic": false, "type": "Point", "coordinates": [65.32503830352955, 29.012439573566127]}, "id": "8", "properties": {"classification": 1, "latitude": 29.012439573566127, "longitude": 65.32503830352955, "district": "Chagai"}}, {"type": "Feature", "geometry": {"geodesic": false, "type": "Point", "coordinates": [64.70789570333943, 29.244204916868963]}, "id": "9", "properties": {"classification": 1, "latitude": 29.244204916868963, "longitude": 64.70789570333943, "district": "Chagai"}}, {"type": "Feature", "geometry": {"geodesic": false, "type": "Point", "coordinates": [64.7842525024896, 29.41668145141991]}, "id": "10", "properties": {"classification": 1, "latitude": 29.41668145141991, "longitude": 64.7842525024896, "district": "Chagai"}}, {"type": "Feature", "geometry": {"geodesic": false, "type": "Point", "coordinates": [64.69262434350941, 29.165153171866447]}, "id": "11", "properties": {"classification": 1, "latitude": 29.165153171866447, "longitude": 64.69262434350941, "district": "Chagai"}}, {"type": "Feature", "geometry": {"geodesic": false, "type": "Point", "coordinates": [64.3656375800899, 29.015134519418485]}, "id": "12", "properties": {"classification": 1, "latitude": 29.015134519418485, "longitude": 64.3656375800899, "district": "Chagai"}}, {"type": "Feature", "geometry": {"geodesic": false, "type": "Point", "coordinates": [64.67016646140641, 29.183119477548836]}, "id": "13", "properties": {"classification": 1, "latitude": 29.183119477548836, "longitude": 64.67016646140641, "district": "Chagai"}}, {"type": "Feature", "geometry": {"geodesic": false, "type": "Point", "coordinates": [64.32790833815687, 29.10586436311456]}, "id": "14", "properties": {"classification": 1, "latitude": 29.10586436311456, "longitude": 64.32790833815687, "district": "Chagai"}}, {"type": "Feature", "geometry": {"geodesic": false, "type": "Point", "coordinates": [61.720099068357904, 28.75013151060323]}, "id": "15", "properties": {"classification": 1, "latitude": 28.75013151060323, "longitude": 61.720099068357904, "district": "Chagai"}}, {"type": "Feature", "geometry": {"geodesic": false, "type": "Point", "coordinates": [65.4013951026797, 29.05016881549915]}, "id": "16", "properties": {"classification": 1, "latitude": 29.05016881549915, "longitude": 65.4013951026797, "district": "Chagai"}}, {"type": "Feature", "geometry": {"geodesic": false, "type": "Point", "coordinates": [64.7384384229995, 29.263967853119592]}, "id": "17", "properties": {"classification": 1, "latitude": 29.263967853119592, "longitude": 64.7384384229995, "district": "Chagai"}}, {"type": "Feature", "geometry": {"geodesic": false, "type": "Point", "coordinates": [64.65309847100815, 29.16245822601409]}, "id": "18", "properties": {"classification": 1, "latitude": 29.16245822601409, "longitude": 64.65309847100815, "district": "Chagai"}}, {"type": "Feature", "geometry": {"geodesic": false, "type": "Point", "coordinates": [65.34839450091665, 29.029507563964398]}, "id": "19", "properties": {"classification": 1, "latitude": 29.029507563964398, "longitude": 65.34839450091665, "district": "Chagai"}}, {"type": "Feature", "geometry": {"geodesic": false, "type": "Point", "coordinates": [64.74472662998834, 29.21456051249302]}, "id": "20", "properties": {"classification": 1, "latitude": 29.21456051249302, "longitude": 64.74472662998834, "district": "Chagai"}}, {"type": "Feature", "geometry": {"geodesic": false, "type": "Point", "coordinates": [64.77706598021663, 29.45800395448941]}, "id": "21", "properties": {"classification": 1, "latitude": 29.45800395448941, "longitude": 64.77706598021663, "district": "Chagai"}}, {"type": "Feature", "geometry": {"geodesic": false, "type": "Point", "coordinates": [65.34749618563254, 29.027710933396158]}, "id": "22", "properties": {"classification": 1, "latitude": 29.027710933396158, "longitude": 65.34749618563254, "district": "Chagai"}}, {"type": "Feature", "geometry": {"geodesic": false, "type": "Point", "coordinates": [64.71328559504416, 29.243306601584845]}, "id": "23", "properties": {"classification": 1, "latitude": 29.243306601584845, "longitude": 64.71328559504416, "district": "Chagai"}}, {"type": "Feature", "geometry": {"geodesic": false, "type": "Point", "coordinates": [64.77616766493252, 29.424766288976986]}, "id": "24", "properties": {"classification": 1, "latitude": 29.424766288976986, "longitude": 64.77616766493252, "district": "Chagai"}}, {"type": "Feature", "geometry": {"geodesic": false, "type": "Point", "coordinates": [65.96913036224325, 29.655633316995704]}, "id": "0", "properties": {"classification": 1, "latitude": 29.655633316995704, "longitude": 65.96913036224325, "district": "Nushki"}}, {"type": "Feature", "geometry": {"geodesic": false, "type": "Point", "coordinates": [65.62417729314134, 29.157068334309372]}, "id": "1", "properties": {"classification": 1, "latitude": 29.157068334309372, "longitude": 65.62417729314134, "district": "Nushki"}}, {"type": "Feature", "geometry": {"geodesic": false, "type": "Point", "coordinates": [65.97092699281148, 29.526275916082493]}, "id": "2", "properties": {"classification": 1, "latitude": 29.526275916082493, "longitude": 65.97092699281148, "district": "Nushki"}}, {"type": "Feature", "geometry": {"geodesic": false, "type": "Point", "coordinates": [65.68436441717735, 29.193899260958272]}, "id": "3", "properties": {"classification": 1, "latitude": 29.193899260958272, "longitude": 65.68436441717735, "district": "Nushki"}}, {"type": "Feature", "geometry": {"geodesic": false, "type": "Point", "coordinates": [66.00236802775567, 29.56939504972023]}, "id": "4", "properties": {"classification": 1, "latitude": 29.56939504972023, "longitude": 66.00236802775567, "district": "Nushki"}}, {"type": "Feature", "geometry": {"geodesic": false, "type": "Point", "coordinates": [65.97002867752737, 29.659226578132184]}, "id": "5", "properties": {"classification": 1, "latitude": 29.659226578132184, "longitude": 65.97002867752737, "district": "Nushki"}}, {"type": "Feature", "geometry": {"geodesic": false, "type": "Point", "coordinates": [66.36438908725583, 29.60442934580089]}, "id": "6", "properties": {"classification": 1, "latitude": 29.60442934580089, "longitude": 66.36438908725583, "district": "Nushki"}}, {"type": "Feature", "geometry": {"geodesic": false, "type": "Point", "coordinates": [65.62327897785723, 29.148085181468176]}, "id": "7", "properties": {"classification": 1, "latitude": 29.148085181468176, "longitude": 65.62327897785723, "district": "Nushki"}}, {"type": "Feature", "geometry": {"geodesic": false, "type": "Point", "coordinates": [65.78856899013522, 29.25139143914192]}, "id": "8", "properties": {"classification": 1, "latitude": 29.25139143914192, "longitude": 65.78856899013522, "district": "Nushki"}}, {"type": "Feature", "geometry": {"geodesic": false, "type": "Point", "coordinates": [65.75712795519104, 29.25318806971016]}, "id": "9", "properties": {"classification": 1, "latitude": 29.25318806971016, "longitude": 65.75712795519104, "district": "Nushki"}}, {"type": "Feature", "geometry": {"geodesic": false, "type": "Point", "coordinates": [65.82090834036352, 29.2873240505067]}, "id": "10", "properties": {"classification": 1, "latitude": 29.2873240505067, "longitude": 65.82090834036352, "district": "Nushki"}}, {"type": "Feature", "geometry": {"geodesic": false, "type": "Point", "coordinates": [66.01943601815394, 29.509207925684223]}, "id": "11", "properties": {"classification": 1, "latitude": 29.509207925684223, "longitude": 66.01943601815394, "district": "Nushki"}}, {"type": "Feature", "geometry": {"geodesic": false, "type": "Point", "coordinates": [65.6637031656426, 29.189407684537674]}, "id": "12", "properties": {"classification": 1, "latitude": 29.189407684537674, "longitude": 65.6637031656426, "district": "Nushki"}}, {"type": "Feature", "geometry": {"geodesic": false, "type": "Point", "coordinates": [65.98170677622092, 29.42296965840875]}, "id": "13", "properties": {"classification": 1, "latitude": 29.42296965840875, "longitude": 65.98170677622092, "district": "Nushki"}}, {"type": "Feature", "geometry": {"geodesic": false, "type": "Point", "coordinates": [65.97541856923208, 29.640361957165673]}, "id": "14", "properties": {"classification": 1, "latitude": 29.640361957165673, "longitude": 65.97541856923208, "district": "Nushki"}}, {"type": "Feature", "geometry": {"geodesic": false, "type": "Point", "coordinates": [66.1559799413401, 29.51369950210482]}, "id": "15", "properties": {"classification": 1, "latitude": 29.51369950210482, "longitude": 66.1559799413401, "district": "Nushki"}}, {"type": "Feature", "geometry": {"geodesic": false, "type": "Point", "coordinates": [66.01853770286982, 29.445427540511737]}, "id": "16", "properties": {"classification": 1, "latitude": 29.445427540511737, "longitude": 66.01853770286982, "district": "Nushki"}}, {"type": "Feature", "geometry": {"geodesic": false, "type": "Point", "coordinates": [65.989791613778, 29.576581571993188]}, "id": "17", "properties": {"classification": 1, "latitude": 29.576581571993188, "longitude": 65.989791613778, "district": "Nushki"}}, {"type": "Feature", "geometry": {"geodesic": false, "type": "Point", "coordinates": [65.99697813605094, 29.55322537460608]}, "id": "18", "properties": {"classification": 1, "latitude": 29.55322537460608, "longitude": 65.99697813605094, "district": "Nushki"}}, {"type": "Feature", "geometry": {"geodesic": false, "type": "Point", "coordinates": [65.81012855695408, 29.29361225749554]}, "id": "19", "properties": {"classification": 1, "latitude": 29.29361225749554, "longitude": 65.81012855695408, "district": "Nushki"}}, {"type": "Feature", "geometry": {"geodesic": false, "type": "Point", "coordinates": [66.12274227582768, 29.59364956239146]}, "id": "20", "properties": {"classification": 1, "latitude": 29.59364956239146, "longitude": 66.12274227582768, "district": "Nushki"}}, {"type": "Feature", "geometry": {"geodesic": false, "type": "Point", "coordinates": [65.56668511495769, 29.141796974479337]}, "id": "21", "properties": {"classification": 1, "latitude": 29.141796974479337, "longitude": 65.56668511495769, "district": "Nushki"}}, {"type": "Feature", "geometry": {"geodesic": false, "type": "Point", "coordinates": [65.97272362337972, 29.658328262848062]}, "id": "22", "properties": {"classification": 1, "latitude": 29.658328262848062, "longitude": 65.97272362337972, "district": "Nushki"}}, {"type": "Feature", "geometry": {"geodesic": false, "type": "Point", "coordinates": [65.89187524780897, 29.3654774802251]}, "id": "23", "properties": {"classification": 1, "latitude": 29.3654774802251, "longitude": 65.89187524780897, "district": "Nushki"}}, {"type": "Feature", "geometry": {"geodesic": false, "type": "Point", "coordinates": [65.96374047053853, 29.60263271523265]}, "id": "24", "properties": {"classification": 1, "latitude": 29.60263271523265, "longitude": 65.96374047053853, "district": "Nushki"}}, {"type": "Feature", "geometry": {"geodesic": false, "type": "Point", "coordinates": [66.69946068823242, 30.592576158332367]}, "id": "0", "properties": {"classification": 1, "latitude": 30.592576158332367, "longitude": 66.69946068823242, "district": "Qilla Abdullah"}}, {"type": "Feature", "geometry": {"geodesic": false, "type": "Point", "coordinates": [66.50901784799908, 30.498253053499816]}, "id": "1", "properties": {"classification": 1, "latitude": 30.498253053499816, "longitude": 66.50901784799908, "district": "Qilla Abdullah"}}, {"type": "Feature", "geometry": {"geodesic": false, "type": "Point", "coordinates": [66.5925611694222, 30.56562669980878]}, "id": "2", "properties": {"classification": 1, "latitude": 30.56562669980878, "longitude": 66.5925611694222, "district": "Qilla Abdullah"}}, {"type": "Feature", "geometry": {"geodesic": false, "type": "Point", "coordinates": [66.63478198777581, 30.614135725151232]}, "id": "3", "properties": {"classification": 1, "latitude": 30.614135725151232, "longitude": 66.63478198777581, "district": "Qilla Abdullah"}}, {"type": "Feature", "geometry": {"geodesic": false, "type": "Point", "coordinates": [66.61052747510458, 30.47579517139683]}, "id": "4", "properties": {"classification": 1, "latitude": 30.47579517139683, "longitude": 66.61052747510458, "district": "Qilla Abdullah"}}, {"type": "Feature", "geometry": {"geodesic": false, "type": "Point", "coordinates": [66.53596730652266, 30.542270502421673]}, "id": "5", "properties": {"classification": 1, "latitude": 30.542270502421673, "longitude": 66.53596730652266, "district": "Qilla Abdullah"}}, {"type": "Feature", "geometry": {"geodesic": false, "type": "Point", "coordinates": [66.86475070051041, 30.599762680605323]}, "id": "6", "properties": {"classification": 1, "latitude": 30.599762680605323, "longitude": 66.86475070051041, "district": "Qilla Abdullah"}}, {"type": "Feature", "geometry": {"geodesic": false, "type": "Point", "coordinates": [66.82073325158855, 30.20809721672921]}, "id": "7", "properties": {"classification": 1, "latitude": 30.20809721672921, "longitude": 66.82073325158855, "district": "Qilla Abdullah"}}, {"type": "Feature", "geometry": {"geodesic": false, "type": "Point", "coordinates": [66.83420798085034, 30.261097818492264]}, "id": "8", "properties": {"classification": 1, "latitude": 30.261097818492264, "longitude": 66.83420798085034, "district": "Qilla Abdullah"}}, {"type": "Feature", "geometry": {"geodesic": false, "type": "Point", "coordinates": [66.5099161632832, 30.497354738215698]}, "id": "9", "properties": {"classification": 1, "latitude": 30.497354738215698, "longitude": 66.5099161632832, "district": "Qilla Abdullah"}}, {"type": "Feature", "geometry": {"geodesic": false, "type": "Point", "coordinates": [66.63568030305993, 30.62042393214007]}, "id": "10", "properties": {"classification": 1, "latitude": 30.62042393214007, "longitude": 66.63568030305993, "district": "Qilla Abdullah"}}, {"type": "Feature", "geometry": {"geodesic": false, "type": "Point", "coordinates": [66.5144077397038, 30.518015989750445]}, "id": "11", "properties": {"classification": 1, "latitude": 30.518015989750445, "longitude": 66.5144077397038, "district": "Qilla Abdullah"}}, {"type": "Feature", "geometry": {"geodesic": false, "type": "Point", "coordinates": [66.52518752311323, 30.519812620318685]}, "id": "12", "properties": {"classification": 1, "latitude": 30.519812620318685, "longitude": 66.52518752311323, "district": "Qilla Abdullah"}}, {"type": "Feature", "geometry": {"geodesic": false, "type": "Point", "coordinates": [66.65454492402644, 30.647373390663656]}, "id": "13", "properties": {"classification": 1, "latitude": 30.647373390663656, "longitude": 66.65454492402644, "district": "Qilla Abdullah"}}, {"type": "Feature", "geometry": {"geodesic": false, "type": "Point", "coordinates": [66.59076453885395, 30.571914906797616]}, "id": "14", "properties": {"classification": 1, "latitude": 30.571914906797616, "longitude": 66.59076453885395, "district": "Qilla Abdullah"}}, {"type": "Feature", "geometry": {"geodesic": false, "type": "Point", "coordinates": [66.5377639370909, 30.465015387987393]}, "id": "15", "properties": {"classification": 1, "latitude": 30.465015387987393, "longitude": 66.5377639370909, "district": "Qilla Abdullah"}}, {"type": "Feature", "geometry": {"geodesic": false, "type": "Point", "coordinates": [66.67340954499295, 30.653661597652494]}, "id": "16", "properties": {"classification": 1, "latitude": 30.653661597652494, "longitude": 66.67340954499295, "district": "Qilla Abdullah"}}, {"type": "Feature", "geometry": {"geodesic": false, "type": "Point", "coordinates": [66.64107019476465, 30.41381141679258]}, "id": "17", "properties": {"classification": 1, "latitude": 30.41381141679258, "longitude": 66.64107019476465, "district": "Qilla Abdullah"}}, {"type": "Feature", "geometry": {"geodesic": false, "type": "Point", "coordinates": [66.82073325158855, 30.20899553201333]}, "id": "18", "properties": {"classification": 1, "latitude": 30.20899553201333, "longitude": 66.82073325158855, "district": "Qilla Abdullah"}}, {"type": "Feature", "geometry": {"geodesic": false, "type": "Point", "coordinates": [66.62669715021873, 30.555745231683467]}, "id": "19", "properties": {"classification": 1, "latitude": 30.555745231683467, "longitude": 66.62669715021873, "district": "Qilla Abdullah"}}, {"type": "Feature", "geometry": {"geodesic": false, "type": "Point", "coordinates": [66.97883674159358, 31.22678674892075]}, "id": "20", "properties": {"classification": 1, "latitude": 31.22678674892075, "longitude": 66.97883674159358, "district": "Qilla Abdullah"}}, {"type": "Feature", "geometry": {"geodesic": false, "type": "Point", "coordinates": [66.5557302427733, 30.47310022554447]}, "id": "21", "properties": {"classification": 1, "latitude": 30.47310022554447, "longitude": 66.5557302427733, "district": "Qilla Abdullah"}}, {"type": "Feature", "geometry": {"geodesic": false, "type": "Point", "coordinates": [66.53956056765914, 30.55125365526287]}, "id": "22", "properties": {"classification": 1, "latitude": 30.55125365526287, "longitude": 66.53956056765914, "district": "Qilla Abdullah"}}, {"type": "Feature", "geometry": {"geodesic": false, "type": "Point", "coordinates": [66.57818812487628, 30.579101429070572]}, "id": "23", "properties": {"classification": 1, "latitude": 30.579101429070572, "longitude": 66.57818812487628, "district": "Qilla Abdullah"}}, {"type": "Feature", "geometry": {"geodesic": false, "type": "Point", "coordinates": [66.59166285413808, 30.571914906797616]}, "id": "24", "properties": {"classification": 1, "latitude": 30.571914906797616, "longitude": 66.59166285413808, "district": "Qilla Abdullah"}}, {"type": "Feature", "geometry": {"geodesic": false, "type": "Point", "coordinates": [66.95907380534295, 30.157791560818517]}, "id": "0", "properties": {"classification": 1, "latitude": 30.157791560818517, "longitude": 66.95907380534295, "district": "Quetta"}}, {"type": "Feature", "geometry": {"geodesic": false, "type": "Point", "coordinates": [66.87103890749924, 30.24492814337811]}, "id": "1", "properties": {"classification": 1, "latitude": 30.24492814337811, "longitude": 66.87103890749924, "district": "Quetta"}}, {"type": "Feature", "geometry": {"geodesic": false, "type": "Point", "coordinates": [66.94829402193352, 30.342844509347138]}, "id": "2", "properties": {"classification": 1, "latitude": 30.342844509347138, "longitude": 66.94829402193352, "district": "Quetta"}}, {"type": "Feature", "geometry": {"geodesic": false, "type": "Point", "coordinates": [66.58447633186512, 29.953873991323388]}, "id": "3", "properties": {"classification": 1, "latitude": 29.953873991323388, "longitude": 66.58447633186512, "district": "Quetta"}}, {"type": "Feature", "geometry": {"geodesic": false, "type": "Point", "coordinates": [66.95907380534295, 30.159588191386757]}, "id": "4", "properties": {"classification": 1, "latitude": 30.159588191386757, "longitude": 66.95907380534295, "district": "Quetta"}}, {"type": "Feature", "geometry": {"geodesic": false, "type": "Point", "coordinates": [66.97524348045711, 30.2260635224116]}, "id": "5", "properties": {"classification": 1, "latitude": 30.2260635224116, "longitude": 66.97524348045711, "district": "Quetta"}}, {"type": "Feature", "geometry": {"geodesic": false, "type": "Point", "coordinates": [66.88631026732928, 30.250318035082827]}, "id": "6", "properties": {"classification": 1, "latitude": 30.250318035082827, "longitude": 66.88631026732928, "district": "Quetta"}}, {"type": "Feature", "geometry": {"geodesic": false, "type": "Point", "coordinates": [66.91595467170522, 30.297928745141164]}, "id": "7", "properties": {"classification": 1, "latitude": 30.297928745141164, "longitude": 66.91595467170522, "district": "Quetta"}}, {"type": "Feature", "geometry": {"geodesic": false, "type": "Point", "coordinates": [67.00039630841245, 30.419201308497296]}, "id": "8", "properties": {"classification": 1, "latitude": 30.419201308497296, "longitude": 67.00039630841245, "district": "Quetta"}}, {"type": "Feature", "geometry": {"geodesic": false, "type": "Point", "coordinates": [66.8782254297722, 30.250318035082827]}, "id": "9", "properties": {"classification": 1, "latitude": 30.250318035082827, "longitude": 66.8782254297722, "district": "Quetta"}}, {"type": "Feature", "geometry": {"geodesic": false, "type": "Point", "coordinates": [66.9563788594906, 30.052688672576533]}, "id": "10", "properties": {"classification": 1, "latitude": 30.052688672576533, "longitude": 66.9563788594906, "district": "Quetta"}}, {"type": "Feature", "geometry": {"geodesic": false, "type": "Point", "coordinates": [66.9797350568777, 30.39404848054195]}, "id": "11", "properties": {"classification": 1, "latitude": 30.39404848054195, "longitude": 66.9797350568777, "district": "Quetta"}}, {"type": "Feature", "geometry": {"geodesic": false, "type": "Point", "coordinates": [66.9653620123318, 30.22875846826396]}, "id": "12", "properties": {"classification": 1, "latitude": 30.22875846826396, "longitude": 66.9653620123318, "district": "Quetta"}}, {"type": "Feature", "geometry": {"geodesic": false, "type": "Point", "coordinates": [66.86295406994216, 30.238639936389273]}, "id": "13", "properties": {"classification": 1, "latitude": 30.238639936389273, "longitude": 66.86295406994216, "district": "Quetta"}}, {"type": "Feature", "geometry": {"geodesic": false, "type": "Point", "coordinates": [66.9150563564211, 30.248521404514587]}, "id": "14", "properties": {"classification": 1, "latitude": 30.248521404514587, "longitude": 66.9150563564211, "district": "Quetta"}}, {"type": "Feature", "geometry": {"geodesic": false, "type": "Point", "coordinates": [66.74257982187015, 30.068858347690686]}, "id": "15", "properties": {"classification": 1, "latitude": 30.068858347690686, "longitude": 66.74257982187015, "district": "Quetta"}}, {"type": "Feature", "geometry": {"geodesic": false, "type": "Point", "coordinates": [66.96446369704768, 30.39225184997371]}, "id": "16", "properties": {"classification": 1, "latitude": 30.39225184997371, "longitude": 66.96446369704768, "district": "Quetta"}}, {"type": "Feature", "geometry": {"geodesic": false, "type": "Point", "coordinates": [66.90966646471638, 30.269182656049338]}, "id": "17", "properties": {"classification": 1, "latitude": 30.269182656049338, "longitude": 66.90966646471638, "district": "Quetta"}}, {"type": "Feature", "geometry": {"geodesic": false, "type": "Point", "coordinates": [66.94919233721764, 30.2628944490605]}, "id": "18", "properties": {"classification": 1, "latitude": 30.2628944490605, "longitude": 66.94919233721764, "district": "Quetta"}}, {"type": "Feature", "geometry": {"geodesic": false, "type": "Point", "coordinates": [66.98692157915066, 30.205402270876853]}, "id": "19", "properties": {"classification": 1, "latitude": 30.205402270876853, "longitude": 66.98692157915066, "district": "Quetta"}}, {"type": "Feature", "geometry": {"geodesic": false, "type": "Point", "coordinates": [66.97883674159358, 30.39764174167843]}, "id": "20", "properties": {"classification": 1, "latitude": 30.39764174167843, "longitude": 66.97883674159358, "district": "Quetta"}}, {"type": "Feature", "geometry": {"geodesic": false, "type": "Point", "coordinates": [66.98063337216182, 30.201809009740373]}, "id": "21", "properties": {"classification": 1, "latitude": 30.201809009740373, "longitude": 66.98063337216182, "district": "Quetta"}}, {"type": "Feature", "geometry": {"geodesic": false, "type": "Point", "coordinates": [66.9653620123318, 30.37608217485956]}, "id": "22", "properties": {"classification": 1, "latitude": 30.37608217485956, "longitude": 66.9653620123318, "district": "Quetta"}}, {"type": "Feature", "geometry": {"geodesic": false, "type": "Point", "coordinates": [66.76863096510962, 30.127248841158455]}, "id": "23", "properties": {"classification": 1, "latitude": 30.127248841158455, "longitude": 66.76863096510962, "district": "Quetta"}}, {"type": "Feature", "geometry": {"geodesic": false, "type": "Point", "coordinates": [66.88900521318163, 30.278165808890535]}, "id": "24", "properties": {"classification": 1, "latitude": 30.278165808890535, "longitude": 66.88900521318163, "district": "Quetta"}}, {"type": "Feature", "geometry": {"geodesic": false, "type": "Point", "coordinates": [66.90517488829579, 30.62401719327655]}, "id": "0", "properties": {"classification": 1, "latitude": 30.62401719327655, "longitude": 66.90517488829579, "district": "Pishin"}}, {"type": "Feature", "geometry": {"geodesic": false, "type": "Point", "coordinates": [67.12166887176859, 30.718340298109098]}, "id": "1", "properties": {"classification": 1, "latitude": 30.718340298109098, "longitude": 67.12166887176859, "district": "Pishin"}}, {"type": "Feature", "geometry": {"geodesic": false, "type": "Point", "coordinates": [66.93481929267173, 30.607847518162398]}, "id": "2", "properties": {"classification": 1, "latitude": 30.607847518162398, "longitude": 66.93481929267173, "district": "Pishin"}}, {"type": "Feature", "geometry": {"geodesic": false, "type": "Point", "coordinates": [67.06148174773259, 30.6401868683907]}, "id": "3", "properties": {"classification": 1, "latitude": 30.6401868683907, "longitude": 67.06148174773259, "district": "Pishin"}}, {"type": "Feature", "geometry": {"geodesic": false, "type": "Point", "coordinates": [67.08393962983557, 30.664441381061927]}, "id": "4", "properties": {"classification": 1, "latitude": 30.664441381061927, "longitude": 67.08393962983557, "district": "Pishin"}}, {"type": "Feature", "geometry": {"geodesic": false, "type": "Point", "coordinates": [67.11897392591624, 30.49106653122686]}, "id": "5", "properties": {"classification": 1, "latitude": 30.49106653122686, "longitude": 67.11897392591624, "district": "Pishin"}}, {"type": "Feature", "geometry": {"geodesic": false, "type": "Point", "coordinates": [66.94649739136528, 30.64108518367482]}, "id": "6", "properties": {"classification": 1, "latitude": 30.64108518367482, "longitude": 66.94649739136528, "district": "Pishin"}}, {"type": "Feature", "geometry": {"geodesic": false, "type": "Point", "coordinates": [66.96087043591119, 30.650966651800136]}, "id": "7", "properties": {"classification": 1, "latitude": 30.650966651800136, "longitude": 66.96087043591119, "district": "Pishin"}}, {"type": "Feature", "geometry": {"geodesic": false, "type": "Point", "coordinates": [67.2555178491024, 30.793798781975138]}, "id": "8", "properties": {"classification": 1, "latitude": 30.793798781975138, "longitude": 67.2555178491024, "district": "Pishin"}}, {"type": "Feature", "geometry": {"geodesic": false, "type": "Point", "coordinates": [67.03722723506135, 30.62132224742419]}, "id": "9", "properties": {"classification": 1, "latitude": 30.62132224742419, "longitude": 67.03722723506135, "district": "Pishin"}}, {"type": "Feature", "geometry": {"geodesic": false, "type": "Point", "coordinates": [66.93661592323997, 30.66354306577781]}, "id": "10", "properties": {"classification": 1, "latitude": 30.66354306577781, "longitude": 66.93661592323997, "district": "Pishin"}}, {"type": "Feature", "geometry": {"geodesic": false, "type": "Point", "coordinates": [67.0255491363678, 30.429082776622614]}, "id": "11", "properties": {"classification": 1, "latitude": 30.429082776622614, "longitude": 67.0255491363678, "district": "Pishin"}}, {"type": "Feature", "geometry": {"geodesic": false, "type": "Point", "coordinates": [67.0857362604038, 30.47310022554447]}, "id": "12", "properties": {"classification": 1, "latitude": 30.47310022554447, "longitude": 67.0857362604038, "district": "Pishin"}}, {"type": "Feature", "geometry": {"geodesic": false, "type": "Point", "coordinates": [67.1126857189274, 30.48926990065862]}, "id": "13", "properties": {"classification": 1, "latitude": 30.48926990065862, "longitude": 67.1126857189274, "district": "Pishin"}}, {"type": "Feature", "geometry": {"geodesic": false, "type": "Point", "coordinates": [67.08393962983557, 30.48657495480626]}, "id": "14", "properties": {"classification": 1, "latitude": 30.48657495480626, "longitude": 67.08393962983557, "district": "Pishin"}}, {"type": "Feature", "geometry": {"geodesic": false, "type": "Point", "coordinates": [66.97434516517299, 30.54316881770579]}, "id": "15", "properties": {"classification": 1, "latitude": 30.54316881770579, "longitude": 66.97434516517299, "district": "Pishin"}}, {"type": "Feature", "geometry": {"geodesic": false, "type": "Point", "coordinates": [66.97524348045711, 30.664441381061927]}, "id": "16", "properties": {"classification": 1, "latitude": 30.664441381061927, "longitude": 66.97524348045711, "district": "Pishin"}}, {"type": "Feature", "geometry": {"geodesic": false, "type": "Point", "coordinates": [66.98781989443478, 30.686000947880796]}, "id": "17", "properties": {"classification": 1, "latitude": 30.686000947880796, "longitude": 66.98781989443478, "district": "Pishin"}}, {"type": "Feature", "geometry": {"geodesic": false, "type": "Point", "coordinates": [67.01387103767425, 30.686000947880796]}, "id": "18", "properties": {"classification": 1, "latitude": 30.686000947880796, "longitude": 67.01387103767425, "district": "Pishin"}}, {"type": "Feature", "geometry": {"geodesic": false, "type": "Point", "coordinates": [66.94020918437644, 30.62132224742419]}, "id": "19", "properties": {"classification": 1, "latitude": 30.62132224742419, "longitude": 66.94020918437644, "district": "Pishin"}}, {"type": "Feature", "geometry": {"geodesic": false, "type": "Point", "coordinates": [67.5043511828035, 30.8656640047047]}, "id": "20", "properties": {"classification": 1, "latitude": 30.8656640047047, "longitude": 67.5043511828035, "district": "Pishin"}}, {"type": "Feature", "geometry": {"geodesic": false, "type": "Point", "coordinates": [67.52860569547474, 30.875545472830016]}, "id": "21", "properties": {"classification": 1, "latitude": 30.875545472830016, "longitude": 67.52860569547474, "district": "Pishin"}}, {"type": "Feature", "geometry": {"geodesic": false, "type": "Point", "coordinates": [67.46931688672285, 31.027360755846214]}, "id": "22", "properties": {"classification": 1, "latitude": 31.027360755846214, "longitude": 67.46931688672285, "district": "Pishin"}}, {"type": "Feature", "geometry": {"geodesic": false, "type": "Point", "coordinates": [66.95548054420648, 30.669831272766643]}, "id": "23", "properties": {"classification": 1, "latitude": 30.669831272766643, "longitude": 66.95548054420648, "district": "Pishin"}}, {"type": "Feature", "geometry": {"geodesic": false, "type": "Point", "coordinates": [67.0713632158579, 30.652763282368372]}, "id": "24", "properties": {"classification": 1, "latitude": 30.652763282368372, "longitude": 67.0713632158579, "district": "Pishin"}}, {"type": "Feature", "geometry": {"geodesic": false, "type": "Point", "coordinates": [65.50559967563757, 28.555197093949293]}, "id": "0", "properties": {"classification": 1, "latitude": 28.555197093949293, "longitude": 65.50559967563757, "district": "Kharan"}}, {"type": "Feature", "geometry": {"geodesic": false, "type": "Point", "coordinates": [65.66100821979025, 28.93159119799537]}, "id": "1", "properties": {"classification": 1, "latitude": 28.93159119799537, "longitude": 65.66100821979025, "district": "Kharan"}}, {"type": "Feature", "geometry": {"geodesic": false, "type": "Point", "coordinates": [65.95206237184497, 29.051965446067385]}, "id": "2", "properties": {"classification": 1, "latitude": 29.051965446067385, "longitude": 65.95206237184497, "district": "Kharan"}}, {"type": "Feature", "geometry": {"geodesic": false, "type": "Point", "coordinates": [65.2540713960841, 28.59382465116643]}, "id": "3", "properties": {"classification": 1, "latitude": 28.59382465116643, "longitude": 65.2540713960841, "district": "Kharan"}}, {"type": "Feature", "geometry": {"geodesic": false, "type": "Point", "coordinates": [64.85521940993503, 28.438416107013754]}, "id": "4", "properties": {"classification": 1, "latitude": 28.438416107013754, "longitude": 64.85521940993503, "district": "Kharan"}}, {"type": "Feature", "geometry": {"geodesic": false, "type": "Point", "coordinates": [65.49931146864873, 28.529145950709825]}, "id": "5", "properties": {"classification": 1, "latitude": 28.529145950709825, "longitude": 65.49931146864873, "district": "Kharan"}}, {"type": "Feature", "geometry": {"geodesic": false, "type": "Point", "coordinates": [65.46248054199984, 28.397093603944256]}, "id": "6", "properties": {"classification": 1, "latitude": 28.397093603944256, "longitude": 65.46248054199984, "district": "Kharan"}}, {"type": "Feature", "geometry": {"geodesic": false, "type": "Point", "coordinates": [65.73736501894041, 28.731266889636718]}, "id": "7", "properties": {"classification": 1, "latitude": 28.731266889636718, "longitude": 65.73736501894041, "district": "Kharan"}}, {"type": "Feature", "geometry": {"geodesic": false, "type": "Point", "coordinates": [65.49661652279637, 28.52106111315275]}, "id": "8", "properties": {"classification": 1, "latitude": 28.52106111315275, "longitude": 65.49661652279637, "district": "Kharan"}}, {"type": "Feature", "geometry": {"geodesic": false, "type": "Point", "coordinates": [65.56848174552594, 28.582146552472878]}, "id": "9", "properties": {"classification": 1, "latitude": 28.582146552472878, "longitude": 65.56848174552594, "district": "Kharan"}}, {"type": "Feature", "geometry": {"geodesic": false, "type": "Point", "coordinates": [65.49032831580755, 28.57585834548404]}, "id": "10", "properties": {"classification": 1, "latitude": 28.57585834548404, "longitude": 65.49032831580755, "district": "Kharan"}}, {"type": "Feature", "geometry": {"geodesic": false, "type": "Point", "coordinates": [65.49122663109166, 28.512077960311554]}, "id": "11", "properties": {"classification": 1, "latitude": 28.512077960311554, "longitude": 65.49122663109166, "district": "Kharan"}}, {"type": "Feature", "geometry": {"geodesic": false, "type": "Point", "coordinates": [65.49392157694402, 28.40517844150133]}, "id": "12", "properties": {"classification": 1, "latitude": 28.40517844150133, "longitude": 65.49392157694402, "district": "Kharan"}}, {"type": "Feature", "geometry": {"geodesic": false, "type": "Point", "coordinates": [65.50559967563757, 28.4959082851974]}, "id": "13", "properties": {"classification": 1, "latitude": 28.4959082851974, "longitude": 65.50559967563757, "district": "Kharan"}}, {"type": "Feature", "geometry": {"geodesic": false, "type": "Point", "coordinates": [65.23341014454935, 28.585739813609354]}, "id": "14", "properties": {"classification": 1, "latitude": 28.585739813609354, "longitude": 65.23341014454935, "district": "Kharan"}}, {"type": "Feature", "geometry": {"geodesic": false, "type": "Point", "coordinates": [65.48583673938694, 28.53453584241454]}, "id": "15", "properties": {"classification": 1, "latitude": 28.53453584241454, "longitude": 65.48583673938694, "district": "Kharan"}}, {"type": "Feature", "geometry": {"geodesic": false, "type": "Point", "coordinates": [65.86762073513773, 27.91379998108795]}, "id": "16", "properties": {"classification": 1, "latitude": 27.91379998108795, "longitude": 65.86762073513773, "district": "Kharan"}}, {"type": "Feature", "geometry": {"geodesic": false, "type": "Point", "coordinates": [65.4705653795569, 28.524654374289227]}, "id": "17", "properties": {"classification": 1, "latitude": 28.524654374289227, "longitude": 65.4705653795569, "district": "Kharan"}}, {"type": "Feature", "geometry": {"geodesic": false, "type": "Point", "coordinates": [64.98008523442765, 28.503094807470358]}, "id": "18", "properties": {"classification": 1, "latitude": 28.503094807470358, "longitude": 64.98008523442765, "district": "Kharan"}}, {"type": "Feature", "geometry": {"geodesic": false, "type": "Point", "coordinates": [65.230715198697, 28.543518995255738]}, "id": "19", "properties": {"classification": 1, "latitude": 28.543518995255738, "longitude": 65.230715198697, "district": "Kharan"}}, {"type": "Feature", "geometry": {"geodesic": false, "type": "Point", "coordinates": [64.48511351287779, 28.322533435362335]}, "id": "20", "properties": {"classification": 1, "latitude": 28.322533435362335, "longitude": 64.48511351287779, "district": "Kharan"}}, {"type": "Feature", "geometry": {"geodesic": false, "type": "Point", "coordinates": [65.54332891757059, 28.55609540923341]}, "id": "21", "properties": {"classification": 1, "latitude": 28.55609540923341, "longitude": 65.54332891757059, "district": "Kharan"}}, {"type": "Feature", "geometry": {"geodesic": false, "type": "Point", "coordinates": [65.3780389052926, 28.356669416158876]}, "id": "22", "properties": {"classification": 1, "latitude": 28.356669416158876, "longitude": 65.3780389052926, "district": "Kharan"}}, {"type": "Feature", "geometry": {"geodesic": false, "type": "Point", "coordinates": [65.49122663109166, 28.511179645027433]}, "id": "23", "properties": {"classification": 1, "latitude": 28.511179645027433, "longitude": 65.49122663109166, "district": "Kharan"}}, {"type": "Feature", "geometry": {"geodesic": false, "type": "Point", "coordinates": [65.44990412802215, 28.436619476445514]}, "id": "24", "properties": {"classification": 1, "latitude": 28.436619476445514, "longitude": 65.44990412802215, "district": "Kharan"}}, {"type": "Feature", "geometry": {"geodesic": false, "type": "Point", "coordinates": [66.70485057993713, 29.596344508243817]}, "id": "0", "properties": {"classification": 1, "latitude": 29.596344508243817, "longitude": 66.70485057993713, "district": "Mastung"}}, {"type": "Feature", "geometry": {"geodesic": false, "type": "Point", "coordinates": [66.74976634414311, 30.049993726724175]}, "id": "1", "properties": {"classification": 1, "latitude": 30.049993726724175, "longitude": 66.74976634414311, "district": "Mastung"}}, {"type": "Feature", "geometry": {"geodesic": false, "type": "Point", "coordinates": [66.78030906380317, 29.700549081201682]}, "id": "2", "properties": {"classification": 1, "latitude": 29.700549081201682, "longitude": 66.78030906380317, "district": "Mastung"}}, {"type": "Feature", "geometry": {"geodesic": false, "type": "Point", "coordinates": [66.52967909953382, 29.497529826990668]}, "id": "3", "properties": {"classification": 1, "latitude": 29.497529826990668, "longitude": 66.52967909953382, "district": "Mastung"}}, {"type": "Feature", "geometry": {"geodesic": false, "type": "Point", "coordinates": [66.52249257726086, 29.450817432216454]}, "id": "4", "properties": {"classification": 1, "latitude": 29.450817432216454, "longitude": 66.52249257726086, "district": "Mastung"}}, {"type": "Feature", "geometry": {"geodesic": false, "type": "Point", "coordinates": [66.58537464714924, 29.5909546165391]}, "id": "5", "properties": {"classification": 1, "latitude": 29.5909546165391, "longitude": 66.58537464714924, "district": "Mastung"}}, {"type": "Feature", "geometry": {"geodesic": false, "type": "Point", "coordinates": [66.56381508033037, 29.505614664547746]}, "id": "6", "properties": {"classification": 1, "latitude": 29.505614664547746, "longitude": 66.56381508033037, "district": "Mastung"}}, {"type": "Feature", "geometry": {"geodesic": false, "type": "Point", "coordinates": [66.56381508033037, 29.49663151170655]}, "id": "7", "properties": {"classification": 1, "latitude": 29.49663151170655, "longitude": 66.56381508033037, "district": "Mastung"}}, {"type": "Feature", "geometry": {"geodesic": false, "type": "Point", "coordinates": [66.72371520090364, 29.62419228205152]}, "id": "8", "properties": {"classification": 1, "latitude": 29.62419228205152, "longitude": 66.72371520090364, "district": "Mastung"}}, {"type": "Feature", "geometry": {"geodesic": false, "type": "Point", "coordinates": [66.77132591096198, 29.917941379958606]}, "id": "9", "properties": {"classification": 1, "latitude": 29.917941379958606, "longitude": 66.77132591096198, "district": "Mastung"}}, {"type": "Feature", "geometry": {"geodesic": false, "type": "Point", "coordinates": [66.80097031533792, 29.617005759778564]}, "id": "10", "properties": {"classification": 1, "latitude": 29.617005759778564, "longitude": 66.80097031533792, "district": "Mastung"}}, {"type": "Feature", "geometry": {"geodesic": false, "type": "Point", "coordinates": [66.57639149430804, 29.579276517845546]}, "id": "11", "properties": {"classification": 1, "latitude": 29.579276517845546, "longitude": 66.57639149430804, "district": "Mastung"}}, {"type": "Feature", "geometry": {"geodesic": false, "type": "Point", "coordinates": [66.56561171089861, 29.547835482901363]}, "id": "12", "properties": {"classification": 1, "latitude": 29.547835482901363, "longitude": 66.56561171089861, "district": "Mastung"}}, {"type": "Feature", "geometry": {"geodesic": false, "type": "Point", "coordinates": [66.99410810142362, 29.676294568530455]}, "id": "13", "properties": {"classification": 1, "latitude": 29.676294568530455, "longitude": 66.99410810142362, "district": "Mastung"}}, {"type": "Feature", "geometry": {"geodesic": false, "type": "Point", "coordinates": [66.88541195204516, 29.878415507457348]}, "id": "14", "properties": {"classification": 1, "latitude": 29.878415507457348, "longitude": 66.88541195204516, "district": "Mastung"}}, {"type": "Feature", "geometry": {"geodesic": false, "type": "Point", "coordinates": [66.5557302427733, 29.53166580778721]}, "id": "15", "properties": {"classification": 1, "latitude": 29.53166580778721, "longitude": 66.5557302427733, "district": "Mastung"}}, {"type": "Feature", "geometry": {"geodesic": false, "type": "Point", "coordinates": [66.87193722278336, 29.87033066990027]}, "id": "16", "properties": {"classification": 1, "latitude": 29.87033066990027, "longitude": 66.87193722278336, "district": "Mastung"}}, {"type": "Feature", "geometry": {"geodesic": false, "type": "Point", "coordinates": [66.57279823317157, 29.51190287153658]}, "id": "17", "properties": {"classification": 1, "latitude": 29.51190287153658, "longitude": 66.57279823317157, "district": "Mastung"}}, {"type": "Feature", "geometry": {"geodesic": false, "type": "Point", "coordinates": [66.67430786027707, 29.858652571206715]}, "id": "18", "properties": {"classification": 1, "latitude": 29.858652571206715, "longitude": 66.67430786027707, "district": "Mastung"}}, {"type": "Feature", "geometry": {"geodesic": false, "type": "Point", "coordinates": [66.83151303499798, 29.862245832343195]}, "id": "19", "properties": {"classification": 1, "latitude": 29.862245832343195, "longitude": 66.83151303499798, "district": "Mastung"}}, {"type": "Feature", "geometry": {"geodesic": false, "type": "Point", "coordinates": [66.56201844976212, 29.521784339661895]}, "id": "20", "properties": {"classification": 1, "latitude": 29.521784339661895, "longitude": 66.56201844976212, "district": "Mastung"}}, {"type": "Feature", "geometry": {"geodesic": false, "type": "Point", "coordinates": [66.72281688561952, 29.993399863824646]}, "id": "21", "properties": {"classification": 1, "latitude": 29.993399863824646, "longitude": 66.72281688561952, "district": "Mastung"}}, {"type": "Feature", "geometry": {"geodesic": false, "type": "Point", "coordinates": [66.748868028859, 30.009569538938795]}, "id": "22", "properties": {"classification": 1, "latitude": 30.009569538938795, "longitude": 66.748868028859, "district": "Mastung"}}, {"type": "Feature", "geometry": {"geodesic": false, "type": "Point", "coordinates": [66.56381508033037, 29.509207925684223]}, "id": "23", "properties": {"classification": 1, "latitude": 29.509207925684223, "longitude": 66.56381508033037, "district": "Mastung"}}, {"type": "Feature", "geometry": {"geodesic": false, "type": "Point", "coordinates": [66.70035900351654, 29.58915798597086]}, "id": "24", "properties": {"classification": 1, "latitude": 29.58915798597086, "longitude": 66.70035900351654, "district": "Mastung"}}, {"type": "Feature", "geometry": {"geodesic": false, "type": "Point", "coordinates": [67.4989612910988, 30.325776518948867]}, "id": "0", "properties": {"classification": 1, "latitude": 30.325776518948867, "longitude": 67.4989612910988, "district": "Ziarat"}}, {"type": "Feature", "geometry": {"geodesic": false, "type": "Point", "coordinates": [67.49806297581466, 30.32667483423299]}, "id": "1", "properties": {"classification": 1, "latitude": 30.32667483423299, "longitude": 67.49806297581466, "district": "Ziarat"}}, {"type": "Feature", "geometry": {"geodesic": false, "type": "Point", "coordinates": [67.49985960638291, 30.325776518948867]}, "id": "2", "properties": {"classification": 1, "latitude": 30.325776518948867, "longitude": 67.49985960638291, "district": "Ziarat"}}, {"type": "Feature", "geometry": {"geodesic": false, "type": "Point", "coordinates": [67.50255455223527, 30.325776518948867]}, "id": "3", "properties": {"classification": 1, "latitude": 30.325776518948867, "longitude": 67.50255455223527, "district": "Ziarat"}}, {"type": "Feature", "geometry": {"geodesic": false, "type": "Point", "coordinates": [67.51872422734942, 30.291640538152325]}, "id": "4", "properties": {"classification": 1, "latitude": 30.291640538152325, "longitude": 67.51872422734942, "district": "Ziarat"}}, {"type": "Feature", "geometry": {"geodesic": false, "type": "Point", "coordinates": [67.73072663440162, 30.47130359497623]}, "id": "5", "properties": {"classification": 1, "latitude": 30.47130359497623, "longitude": 67.73072663440162, "district": "Ziarat"}}, {"type": "Feature", "geometry": {"geodesic": false, "type": "Point", "coordinates": [67.77474408332348, 30.47130359497623]}, "id": "6", "properties": {"classification": 1, "latitude": 30.47130359497623, "longitude": 67.77474408332348, "district": "Ziarat"}}, {"type": "Feature", "geometry": {"geodesic": false, "type": "Point", "coordinates": [67.39026514172032, 30.31858999667591]}, "id": "7", "properties": {"classification": 1, "latitude": 30.31858999667591, "longitude": 67.39026514172032, "district": "Ziarat"}}, {"type": "Feature", "geometry": {"geodesic": false, "type": "Point", "coordinates": [67.49716466053054, 30.328471464801225]}, "id": "8", "properties": {"classification": 1, "latitude": 30.328471464801225, "longitude": 67.49716466053054, "district": "Ziarat"}}, {"type": "Feature", "geometry": {"geodesic": false, "type": "Point", "coordinates": [67.51962254263354, 30.298827060425282]}, "id": "9", "properties": {"classification": 1, "latitude": 30.298827060425282, "longitude": 67.51962254263354, "district": "Ziarat"}}, {"type": "Feature", "geometry": {"geodesic": false, "type": "Point", "coordinates": [67.51602928149705, 30.304216952129998]}, "id": "10", "properties": {"classification": 1, "latitude": 30.304216952129998, "longitude": 67.51602928149705, "district": "Ziarat"}}, {"type": "Feature", "geometry": {"geodesic": false, "type": "Point", "coordinates": [67.49716466053054, 30.330268095369465]}, "id": "11", "properties": {"classification": 1, "latitude": 30.330268095369465, "longitude": 67.49716466053054, "district": "Ziarat"}}, {"type": "Feature", "geometry": {"geodesic": false, "type": "Point", "coordinates": [67.49806297581466, 30.328471464801225]}, "id": "12", "properties": {"classification": 1, "latitude": 30.328471464801225, "longitude": 67.49806297581466, "district": "Ziarat"}}, {"type": "Feature", "geometry": {"geodesic": false, "type": "Point", "coordinates": [67.5223174884859, 30.276369178322295]}, "id": "13", "properties": {"classification": 1, "latitude": 30.276369178322295, "longitude": 67.5223174884859, "district": "Ziarat"}}, {"type": "Feature", "geometry": {"geodesic": false, "type": "Point", "coordinates": [67.51872422734942, 30.300623690993522]}, "id": "14", "properties": {"classification": 1, "latitude": 30.300623690993522, "longitude": 67.51872422734942, "district": "Ziarat"}}, {"type": "Feature", "geometry": {"geodesic": false, "type": "Point", "coordinates": [67.52141917320178, 30.290742222868207]}, "id": "15", "properties": {"classification": 1, "latitude": 30.290742222868207, "longitude": 67.52141917320178, "district": "Ziarat"}}, {"type": "Feature", "geometry": {"geodesic": false, "type": "Point", "coordinates": [67.51513096621294, 30.306911897982356]}, "id": "16", "properties": {"classification": 1, "latitude": 30.306911897982356, "longitude": 67.51513096621294, "district": "Ziarat"}}, {"type": "Feature", "geometry": {"geodesic": false, "type": "Point", "coordinates": [67.49626634524643, 30.329369780085347]}, "id": "17", "properties": {"classification": 1, "latitude": 30.329369780085347, "longitude": 67.49626634524643, "district": "Ziarat"}}, {"type": "Feature", "geometry": {"geodesic": false, "type": "Point", "coordinates": [67.51513096621294, 30.306013582698238]}, "id": "18", "properties": {"classification": 1, "latitude": 30.306013582698238, "longitude": 67.51513096621294, "district": "Ziarat"}}, {"type": "Feature", "geometry": {"geodesic": false, "type": "Point", "coordinates": [67.7756423986076, 30.47130359497623]}, "id": "19", "properties": {"classification": 1, "latitude": 30.47130359497623, "longitude": 67.7756423986076, "district": "Ziarat"}}, {"type": "Feature", "geometry": {"geodesic": false, "type": "Point", "coordinates": [67.51243602036058, 30.304216952129998]}, "id": "20", "properties": {"classification": 1, "latitude": 30.304216952129998, "longitude": 67.51243602036058, "district": "Ziarat"}}, {"type": "Feature", "geometry": {"geodesic": false, "type": "Point", "coordinates": [67.49985960638291, 30.328471464801225]}, "id": "21", "properties": {"classification": 1, "latitude": 30.328471464801225, "longitude": 67.49985960638291, "district": "Ziarat"}}, {"type": "Feature", "geometry": {"geodesic": false, "type": "Point", "coordinates": [67.49626634524643, 30.330268095369465]}, "id": "22", "properties": {"classification": 1, "latitude": 30.330268095369465, "longitude": 67.49626634524643, "district": "Ziarat"}}, {"type": "Feature", "geometry": {"geodesic": false, "type": "Point", "coordinates": [67.51243602036058, 30.310505159118836]}, "id": "23", "properties": {"classification": 1, "latitude": 30.310505159118836, "longitude": 67.51243602036058, "district": "Ziarat"}}, {"type": "Feature", "geometry": {"geodesic": false, "type": "Point", "coordinates": [67.5223174884859, 30.27996243945877]}, "id": "24", "properties": {"classification": 1, "latitude": 30.27996243945877, "longitude": 67.5223174884859, "district": "Ziarat"}}, {"type": "Feature", "geometry": {"geodesic": false, "type": "Point", "coordinates": [68.08556117162884, 30.819849925214605]}, "id": "0", "properties": {"classification": 1, "latitude": 30.819849925214605, "longitude": 68.08556117162884, "district": "Qilla Saifullah"}}, {"type": "Feature", "geometry": {"geodesic": false, "type": "Point", "coordinates": [69.02789390467021, 30.844104437885832]}, "id": "1", "properties": {"classification": 1, "latitude": 30.844104437885832, "longitude": 69.02789390467021, "district": "Qilla Saifullah"}}, {"type": "Feature", "geometry": {"geodesic": false, "type": "Point", "coordinates": [68.28858042583985, 30.744391441348565]}, "id": "2", "properties": {"classification": 1, "latitude": 30.744391441348565, "longitude": 68.28858042583985, "district": "Qilla Saifullah"}}, {"type": "Feature", "geometry": {"geodesic": false, "type": "Point", "coordinates": [68.4107513044801, 30.708458829983783]}, "id": "3", "properties": {"classification": 1, "latitude": 30.708458829983783, "longitude": 68.4107513044801, "district": "Qilla Saifullah"}}, {"type": "Feature", "geometry": {"geodesic": false, "type": "Point", "coordinates": [68.82397633517509, 30.855782536579387]}, "id": "4", "properties": {"classification": 1, "latitude": 30.855782536579387, "longitude": 68.82397633517509, "district": "Qilla Saifullah"}}, {"type": "Feature", "geometry": {"geodesic": false, "type": "Point", "coordinates": [69.16174288200402, 30.990529829197314]}, "id": "5", "properties": {"classification": 1, "latitude": 30.990529829197314, "longitude": 69.16174288200402, "district": "Qilla Saifullah"}}, {"type": "Feature", "geometry": {"geodesic": false, "type": "Point", "coordinates": [68.2400714004974, 30.79020552083866]}, "id": "6", "properties": {"classification": 1, "latitude": 30.79020552083866, "longitude": 68.2400714004974, "district": "Qilla Saifullah"}}, {"type": "Feature", "geometry": {"geodesic": false, "type": "Point", "coordinates": [68.67934757443184, 30.875545472830016]}, "id": "7", "properties": {"classification": 1, "latitude": 30.875545472830016, "longitude": 68.67934757443184, "district": "Qilla Saifullah"}}, {"type": "Feature", "geometry": {"geodesic": false, "type": "Point", "coordinates": [68.0927476939018, 30.821646555782845]}, "id": "8", "properties": {"classification": 1, "latitude": 30.821646555782845, "longitude": 68.0927476939018, "district": "Qilla Saifullah"}}, {"type": "Feature", "geometry": {"geodesic": false, "type": "Point", "coordinates": [67.79271038900588, 30.840511176749352]}, "id": "9", "properties": {"classification": 1, "latitude": 30.840511176749352, "longitude": 67.79271038900588, "district": "Qilla Saifullah"}}, {"type": "Feature", "geometry": {"geodesic": false, "type": "Point", "coordinates": [68.00740774191044, 30.871952211693536]}, "id": "10", "properties": {"classification": 1, "latitude": 30.871952211693536, "longitude": 68.00740774191044, "district": "Qilla Saifullah"}}, {"type": "Feature", "geometry": {"geodesic": false, "type": "Point", "coordinates": [68.22120677953089, 30.768645954019792]}, "id": "11", "properties": {"classification": 1, "latitude": 30.768645954019792, "longitude": 68.22120677953089, "district": "Qilla Saifullah"}}, {"type": "Feature", "geometry": {"geodesic": false, "type": "Point", "coordinates": [68.26881748958922, 30.800985304248094]}, "id": "12", "properties": {"classification": 1, "latitude": 30.800985304248094, "longitude": 68.26881748958922, "district": "Qilla Saifullah"}}, {"type": "Feature", "geometry": {"geodesic": false, "type": "Point", "coordinates": [69.07011472302383, 30.86476568942058]}, "id": "13", "properties": {"classification": 1, "latitude": 30.86476568942058, "longitude": 69.07011472302383, "district": "Qilla Saifullah"}}, {"type": "Feature", "geometry": {"geodesic": false, "type": "Point", "coordinates": [68.13317188168718, 30.830629708624038]}, "id": "14", "properties": {"classification": 1, "latitude": 30.830629708624038, "longitude": 68.13317188168718, "district": "Qilla Saifullah"}}, {"type": "Feature", "geometry": {"geodesic": false, "type": "Point", "coordinates": [68.16640954719959, 30.79020552083866]}, "id": "15", "properties": {"classification": 1, "latitude": 30.79020552083866, "longitude": 68.16640954719959, "district": "Qilla Saifullah"}}, {"type": "Feature", "geometry": {"geodesic": false, "type": "Point", "coordinates": [69.09257260512682, 30.892613463228287]}, "id": "16", "properties": {"classification": 1, "latitude": 30.892613463228287, "longitude": 69.09257260512682, "district": "Qilla Saifullah"}}, {"type": "Feature", "geometry": {"geodesic": false, "type": "Point", "coordinates": [67.58969113479486, 31.5376038372261]}, "id": "17", "properties": {"classification": 1, "latitude": 31.5376038372261, "longitude": 67.58969113479486, "district": "Qilla Saifullah"}}, {"type": "Feature", "geometry": {"geodesic": false, "type": "Point", "coordinates": [68.58682110016753, 30.691390839585512]}, "id": "18", "properties": {"classification": 1, "latitude": 30.691390839585512, "longitude": 68.58682110016753, "district": "Qilla Saifullah"}}, {"type": "Feature", "geometry": {"geodesic": false, "type": "Point", "coordinates": [68.07657801878764, 30.819849925214605]}, "id": "19", "properties": {"classification": 1, "latitude": 30.819849925214605, "longitude": 68.07657801878764, "district": "Qilla Saifullah"}}, {"type": "Feature", "geometry": {"geodesic": false, "type": "Point", "coordinates": [68.45117549226548, 30.78930720555454]}, "id": "20", "properties": {"classification": 1, "latitude": 30.78930720555454, "longitude": 68.45117549226548, "district": "Qilla Saifullah"}}, {"type": "Feature", "geometry": {"geodesic": false, "type": "Point", "coordinates": [68.31103830794284, 30.796493727827496]}, "id": "21", "properties": {"classification": 1, "latitude": 30.796493727827496, "longitude": 68.31103830794284, "district": "Qilla Saifullah"}}, {"type": "Feature", "geometry": {"geodesic": false, "type": "Point", "coordinates": [68.44668391584489, 30.815358348794007]}, "id": "22", "properties": {"classification": 1, "latitude": 30.815358348794007, "longitude": 68.44668391584489, "district": "Qilla Saifullah"}}, {"type": "Feature", "geometry": {"geodesic": false, "type": "Point", "coordinates": [68.82217970460684, 30.80817182652105]}, "id": "23", "properties": {"classification": 1, "latitude": 30.80817182652105, "longitude": 68.82217970460684, "district": "Qilla Saifullah"}}, {"type": "Feature", "geometry": {"geodesic": false, "type": "Point", "coordinates": [68.84014601028923, 30.839612861465234]}, "id": "24", "properties": {"classification": 1, "latitude": 30.839612861465234, "longitude": 68.84014601028923, "district": "Qilla Saifullah"}}, {"type": "Feature", "geometry": {"geodesic": false, "type": "Point", "coordinates": [63.43857620687855, 25.470382408282855]}, "id": "0", "properties": {"classification": 1, "latitude": 25.470382408282855, "longitude": 63.43857620687855, "district": "Gwadar"}}, {"type": "Feature", "geometry": {"geodesic": false, "type": "Point", "coordinates": [61.997678491150836, 25.489247029249363]}, "id": "1", "properties": {"classification": 1, "latitude": 25.489247029249363, "longitude": 61.997678491150836, "district": "Gwadar"}}, {"type": "Feature", "geometry": {"geodesic": false, "type": "Point", "coordinates": [62.00396669813968, 25.485653768112886]}, "id": "2", "properties": {"classification": 1, "latitude": 25.485653768112886, "longitude": 62.00396669813968, "district": "Gwadar"}}, {"type": "Feature", "geometry": {"geodesic": false, "type": "Point", "coordinates": [62.01384816626499, 25.468585777714615]}, "id": "3", "properties": {"classification": 1, "latitude": 25.468585777714615, "longitude": 62.01384816626499, "district": "Gwadar"}}, {"type": "Feature", "geometry": {"geodesic": false, "type": "Point", "coordinates": [62.004865013423796, 25.489247029249363]}, "id": "4", "properties": {"classification": 1, "latitude": 25.489247029249363, "longitude": 62.004865013423796, "district": "Gwadar"}}, {"type": "Feature", "geometry": {"geodesic": false, "type": "Point", "coordinates": [62.00306838285555, 25.490145344533484]}, "id": "5", "properties": {"classification": 1, "latitude": 25.490145344533484, "longitude": 62.00306838285555, "district": "Gwadar"}}, {"type": "Feature", "geometry": {"geodesic": false, "type": "Point", "coordinates": [62.30220737246736, 25.38773740214386]}, "id": "6", "properties": {"classification": 1, "latitude": 25.38773740214386, "longitude": 62.30220737246736, "district": "Gwadar"}}, {"type": "Feature", "geometry": {"geodesic": false, "type": "Point", "coordinates": [62.01115322041263, 25.47667061527169]}, "id": "7", "properties": {"classification": 1, "latitude": 25.47667061527169, "longitude": 62.01115322041263, "district": "Gwadar"}}, {"type": "Feature", "geometry": {"geodesic": false, "type": "Point", "coordinates": [62.005763328707914, 25.491043659817603]}, "id": "8", "properties": {"classification": 1, "latitude": 25.491043659817603, "longitude": 62.005763328707914, "district": "Gwadar"}}, {"type": "Feature", "geometry": {"geodesic": false, "type": "Point", "coordinates": [62.00666164399203, 25.484755452828765]}, "id": "9", "properties": {"classification": 1, "latitude": 25.484755452828765, "longitude": 62.00666164399203, "district": "Gwadar"}}, {"type": "Feature", "geometry": {"geodesic": false, "type": "Point", "coordinates": [62.009356589844394, 25.47846724583993]}, "id": "10", "properties": {"classification": 1, "latitude": 25.47846724583993, "longitude": 62.009356589844394, "district": "Gwadar"}}, {"type": "Feature", "geometry": {"geodesic": false, "type": "Point", "coordinates": [62.005763328707914, 25.47846724583993]}, "id": "11", "properties": {"classification": 1, "latitude": 25.47846724583993, "longitude": 62.005763328707914, "district": "Gwadar"}}, {"type": "Feature", "geometry": {"geodesic": false, "type": "Point", "coordinates": [62.01205153569675, 25.472179038851092]}, "id": "12", "properties": {"classification": 1, "latitude": 25.472179038851092, "longitude": 62.01205153569675, "district": "Gwadar"}}, {"type": "Feature", "geometry": {"geodesic": false, "type": "Point", "coordinates": [62.01294985098087, 25.47667061527169]}, "id": "13", "properties": {"classification": 1, "latitude": 25.47667061527169, "longitude": 62.01294985098087, "district": "Gwadar"}}, {"type": "Feature", "geometry": {"geodesic": false, "type": "Point", "coordinates": [62.01115322041263, 25.47577229998757]}, "id": "14", "properties": {"classification": 1, "latitude": 25.47577229998757, "longitude": 62.01115322041263, "district": "Gwadar"}}, {"type": "Feature", "geometry": {"geodesic": false, "type": "Point", "coordinates": [61.82789690245225, 25.5736886659566]}, "id": "15", "properties": {"classification": 1, "latitude": 25.5736886659566, "longitude": 61.82789690245225, "district": "Gwadar"}}, {"type": "Feature", "geometry": {"geodesic": false, "type": "Point", "coordinates": [62.30849557945619, 25.38594077157562]}, "id": "16", "properties": {"classification": 1, "latitude": 25.38594077157562, "longitude": 62.30849557945619, "district": "Gwadar"}}, {"type": "Feature", "geometry": {"geodesic": false, "type": "Point", "coordinates": [62.00396669813968, 25.490145344533484]}, "id": "17", "properties": {"classification": 1, "latitude": 25.490145344533484, "longitude": 62.00396669813968, "district": "Gwadar"}}, {"type": "Feature", "geometry": {"geodesic": false, "type": "Point", "coordinates": [61.82789690245225, 25.576383611808957]}, "id": "18", "properties": {"classification": 1, "latitude": 25.576383611808957, "longitude": 61.82789690245225, "district": "Gwadar"}}, {"type": "Feature", "geometry": {"geodesic": false, "type": "Point", "coordinates": [62.008458274560276, 25.522484694761786]}, "id": "19", "properties": {"classification": 1, "latitude": 25.522484694761786, "longitude": 62.008458274560276, "district": "Gwadar"}}, {"type": "Feature", "geometry": {"geodesic": false, "type": "Point", "coordinates": [64.72047211731712, 25.343719953222003]}, "id": "20", "properties": {"classification": 1, "latitude": 25.343719953222003, "longitude": 64.72047211731712, "district": "Gwadar"}}, {"type": "Feature", "geometry": {"geodesic": false, "type": "Point", "coordinates": [62.61571940662507, 25.316770494698417]}, "id": "21", "properties": {"classification": 1, "latitude": 25.316770494698417, "longitude": 62.61571940662507, "district": "Gwadar"}}, {"type": "Feature", "geometry": {"geodesic": false, "type": "Point", "coordinates": [62.29771579604676, 25.392228978564457]}, "id": "22", "properties": {"classification": 1, "latitude": 25.392228978564457, "longitude": 62.29771579604676, "district": "Gwadar"}}, {"type": "Feature", "geometry": {"geodesic": false, "type": "Point", "coordinates": [62.01205153569675, 25.429958220497475]}, "id": "23", "properties": {"classification": 1, "latitude": 25.429958220497475, "longitude": 62.01205153569675, "district": "Gwadar"}}, {"type": "Feature", "geometry": {"geodesic": false, "type": "Point", "coordinates": [62.005763328707914, 25.48026387640817]}, "id": "24", "properties": {"classification": 1, "latitude": 25.48026387640817, "longitude": 62.005763328707914, "district": "Gwadar"}}, {"type": "Feature", "geometry": {"geodesic": false, "type": "Point", "coordinates": [64.41504492071647, 26.120762673985386]}, "id": "0", "properties": {"classification": 1, "latitude": 26.120762673985386, "longitude": 64.41504492071647, "district": "Kech"}}, {"type": "Feature", "geometry": {"geodesic": false, "type": "Point", "coordinates": [61.82789690245225, 26.121660989269508]}, "id": "1", "properties": {"classification": 1, "latitude": 26.121660989269508, "longitude": 61.82789690245225, "district": "Kech"}}, {"type": "Feature", "geometry": {"geodesic": false, "type": "Point", "coordinates": [62.78639931060778, 26.00038842591337]}, "id": "2", "properties": {"classification": 1, "latitude": 26.00038842591337, "longitude": 62.78639931060778, "district": "Kech"}}, {"type": "Feature", "geometry": {"geodesic": false, "type": "Point", "coordinates": [62.68039810708167, 25.896183852955506]}, "id": "3", "properties": {"classification": 1, "latitude": 25.896183852955506, "longitude": 62.68039810708167, "district": "Kech"}}, {"type": "Feature", "geometry": {"geodesic": false, "type": "Point", "coordinates": [61.80993059676986, 26.113576151712433]}, "id": "4", "properties": {"classification": 1, "latitude": 26.113576151712433, "longitude": 61.80993059676986, "district": "Kech"}}, {"type": "Feature", "geometry": {"geodesic": false, "type": "Point", "coordinates": [62.69656778219583, 25.91235352806966]}, "id": "5", "properties": {"classification": 1, "latitude": 25.91235352806966, "longitude": 62.69656778219583, "district": "Kech"}}, {"type": "Feature", "geometry": {"geodesic": false, "type": "Point", "coordinates": [62.516006410087805, 25.85216640403365]}, "id": "6", "properties": {"classification": 1, "latitude": 25.85216640403365, "longitude": 62.516006410087805, "district": "Kech"}}, {"type": "Feature", "geometry": {"geodesic": false, "type": "Point", "coordinates": [62.51870135594016, 25.87372597085252]}, "id": "7", "properties": {"classification": 1, "latitude": 25.87372597085252, "longitude": 62.51870135594016, "district": "Kech"}}, {"type": "Feature", "geometry": {"geodesic": false, "type": "Point", "coordinates": [62.739686915833566, 25.839589990055977]}, "id": "8", "properties": {"classification": 1, "latitude": 25.839589990055977, "longitude": 62.739686915833566, "district": "Kech"}}, {"type": "Feature", "geometry": {"geodesic": false, "type": "Point", "coordinates": [62.5483457603161, 25.876420916704877]}, "id": "9", "properties": {"classification": 1, "latitude": 25.876420916704877, "longitude": 62.5483457603161, "district": "Kech"}}, {"type": "Feature", "geometry": {"geodesic": false, "type": "Point", "coordinates": [62.68488968350227, 25.915946789206135]}, "id": "10", "properties": {"classification": 1, "latitude": 25.915946789206135, "longitude": 62.68488968350227, "district": "Kech"}}, {"type": "Feature", "geometry": {"geodesic": false, "type": "Point", "coordinates": [62.78370436475542, 26.007574948186328]}, "id": "11", "properties": {"classification": 1, "latitude": 26.007574948186328, "longitude": 62.78370436475542, "district": "Kech"}}, {"type": "Feature", "geometry": {"geodesic": false, "type": "Point", "coordinates": [62.964265736863446, 26.015659785743402]}, "id": "12", "properties": {"classification": 1, "latitude": 26.015659785743402, "longitude": 62.964265736863446, "district": "Kech"}}, {"type": "Feature", "geometry": {"geodesic": false, "type": "Point", "coordinates": [63.57332349949648, 26.02194799273224]}, "id": "13", "properties": {"classification": 1, "latitude": 26.02194799273224, "longitude": 63.57332349949648, "district": "Kech"}}, {"type": "Feature", "geometry": {"geodesic": false, "type": "Point", "coordinates": [62.774721211914226, 26.01835473159576]}, "id": "14", "properties": {"classification": 1, "latitude": 26.01835473159576, "longitude": 62.774721211914226, "district": "Kech"}}, {"type": "Feature", "geometry": {"geodesic": false, "type": "Point", "coordinates": [61.82789690245225, 26.123457619837748]}, "id": "15", "properties": {"classification": 1, "latitude": 26.123457619837748, "longitude": 61.82789690245225, "district": "Kech"}}, {"type": "Feature", "geometry": {"geodesic": false, "type": "Point", "coordinates": [63.14482710897147, 26.299527415525173]}, "id": "16", "properties": {"classification": 1, "latitude": 26.299527415525173, "longitude": 63.14482710897147, "district": "Kech"}}, {"type": "Feature", "geometry": {"geodesic": false, "type": "Point", "coordinates": [62.71992397958294, 25.870132709716042]}, "id": "17", "properties": {"classification": 1, "latitude": 25.870132709716042, "longitude": 62.71992397958294, "district": "Kech"}}, {"type": "Feature", "geometry": {"geodesic": false, "type": "Point", "coordinates": [62.601346362079155, 25.879115862557235]}, "id": "18", "properties": {"classification": 1, "latitude": 25.879115862557235, "longitude": 62.601346362079155, "district": "Kech"}}, {"type": "Feature", "geometry": {"geodesic": false, "type": "Point", "coordinates": [62.73519533941297, 25.843183251192457]}, "id": "19", "properties": {"classification": 1, "latitude": 25.843183251192457, "longitude": 62.73519533941297, "district": "Kech"}}, {"type": "Feature", "geometry": {"geodesic": false, "type": "Point", "coordinates": [62.71273745730998, 25.77670792016761]}, "id": "20", "properties": {"classification": 1, "latitude": 25.77670792016761, "longitude": 62.71273745730998, "district": "Kech"}}, {"type": "Feature", "geometry": {"geodesic": false, "type": "Point", "coordinates": [62.52319293236076, 25.841386620624217]}, "id": "21", "properties": {"classification": 1, "latitude": 25.841386620624217, "longitude": 62.52319293236076, "district": "Kech"}}, {"type": "Feature", "geometry": {"geodesic": false, "type": "Point", "coordinates": [62.72261892543529, 25.85575966517013]}, "id": "22", "properties": {"classification": 1, "latitude": 25.85575966517013, "longitude": 62.72261892543529, "district": "Kech"}}, {"type": "Feature", "geometry": {"geodesic": false, "type": "Point", "coordinates": [62.666025062535766, 25.80186074812296]}, "id": "23", "properties": {"classification": 1, "latitude": 25.80186074812296, "longitude": 62.666025062535766, "district": "Kech"}}, {"type": "Feature", "geometry": {"geodesic": false, "type": "Point", "coordinates": [62.68039810708167, 25.906963636364942]}, "id": "24", "properties": {"classification": 1, "latitude": 25.906963636364942, "longitude": 62.68039810708167, "district": "Kech"}}, {"type": "Feature", "geometry": {"geodesic": false, "type": "Point", "coordinates": [64.1168042463888, 26.241136922057404]}, "id": "0", "properties": {"classification": 1, "latitude": 26.241136922057404, "longitude": 64.1168042463888, "district": "Panjgur"}}, {"type": "Feature", "geometry": {"geodesic": false, "type": "Point", "coordinates": [63.40533854136613, 26.624717548376438]}, "id": "1", "properties": {"classification": 1, "latitude": 26.624717548376438, "longitude": 63.40533854136613, "district": "Panjgur"}}, {"type": "Feature", "geometry": {"geodesic": false, "type": "Point", "coordinates": [63.32718511164773, 26.63729396235411]}, "id": "2", "properties": {"classification": 1, "latitude": 26.63729396235411, "longitude": 63.32718511164773, "district": "Panjgur"}}, {"type": "Feature", "geometry": {"geodesic": false, "type": "Point", "coordinates": [64.22729702633549, 27.01907795810491]}, "id": "3", "properties": {"classification": 1, "latitude": 27.01907795810491, "longitude": 64.22729702633549, "district": "Panjgur"}}, {"type": "Feature", "geometry": {"geodesic": false, "type": "Point", "coordinates": [63.95780244109964, 26.69837940167424]}, "id": "4", "properties": {"classification": 1, "latitude": 26.69837940167424, "longitude": 63.95780244109964, "district": "Panjgur"}}, {"type": "Feature", "geometry": {"geodesic": false, "type": "Point", "coordinates": [63.843716400016454, 26.881635719634623]}, "id": "5", "properties": {"classification": 1, "latitude": 26.881635719634623, "longitude": 63.843716400016454, "district": "Panjgur"}}, {"type": "Feature", "geometry": {"geodesic": false, "type": "Point", "coordinates": [65.22532530699227, 26.976857139751292]}, "id": "6", "properties": {"classification": 1, "latitude": 26.976857139751292, "longitude": 65.22532530699227, "district": "Panjgur"}}, {"type": "Feature", "geometry": {"geodesic": false, "type": "Point", "coordinates": [63.93893782013313, 26.707362554515434]}, "id": "7", "properties": {"classification": 1, "latitude": 26.707362554515434, "longitude": 63.93893782013313, "district": "Panjgur"}}, {"type": "Feature", "geometry": {"geodesic": false, "type": "Point", "coordinates": [65.11752747289793, 27.09633307253919]}, "id": "8", "properties": {"classification": 1, "latitude": 27.09633307253919, "longitude": 65.11752747289793, "district": "Panjgur"}}, {"type": "Feature", "geometry": {"geodesic": false, "type": "Point", "coordinates": [64.07009185161458, 26.26449311944451]}, "id": "9", "properties": {"classification": 1, "latitude": 26.26449311944451, "longitude": 64.07009185161458, "district": "Panjgur"}}, {"type": "Feature", "geometry": {"geodesic": false, "type": "Point", "coordinates": [64.92618631738048, 26.99662007600192]}, "id": "10", "properties": {"classification": 1, "latitude": 26.99662007600192, "longitude": 64.92618631738048, "district": "Panjgur"}}, {"type": "Feature", "geometry": {"geodesic": false, "type": "Point", "coordinates": [63.97576874678202, 26.737006958891378]}, "id": "11", "properties": {"classification": 1, "latitude": 26.737006958891378, "longitude": 63.97576874678202, "district": "Panjgur"}}, {"type": "Feature", "geometry": {"geodesic": false, "type": "Point", "coordinates": [65.22083373057168, 26.948111050659467]}, "id": "12", "properties": {"classification": 1, "latitude": 26.948111050659467, "longitude": 65.22083373057168, "district": "Panjgur"}}, {"type": "Feature", "geometry": {"geodesic": false, "type": "Point", "coordinates": [63.97037885507731, 26.709159185083674]}, "id": "13", "properties": {"classification": 1, "latitude": 26.709159185083674, "longitude": 63.97037885507731, "district": "Panjgur"}}, {"type": "Feature", "geometry": {"geodesic": false, "type": "Point", "coordinates": [63.340659840909524, 26.631005755365276]}, "id": "14", "properties": {"classification": 1, "latitude": 26.631005755365276, "longitude": 63.340659840909524, "district": "Panjgur"}}, {"type": "Feature", "geometry": {"geodesic": false, "type": "Point", "coordinates": [64.20663577480074, 27.01638301225255]}, "id": "15", "properties": {"classification": 1, "latitude": 27.01638301225255, "longitude": 64.20663577480074, "district": "Panjgur"}}, {"type": "Feature", "geometry": {"geodesic": false, "type": "Point", "coordinates": [64.83096489726381, 26.957094203500663]}, "id": "16", "properties": {"classification": 1, "latitude": 26.957094203500663, "longitude": 64.83096489726381, "district": "Panjgur"}}, {"type": "Feature", "geometry": {"geodesic": false, "type": "Point", "coordinates": [64.10063457127464, 26.26179817359215]}, "id": "17", "properties": {"classification": 1, "latitude": 26.26179817359215, "longitude": 64.10063457127464, "district": "Panjgur"}}, {"type": "Feature", "geometry": {"geodesic": false, "type": "Point", "coordinates": [63.951514234110796, 26.71634570735663]}, "id": "18", "properties": {"classification": 1, "latitude": 26.71634570735663, "longitude": 63.951514234110796, "district": "Panjgur"}}, {"type": "Feature", "geometry": {"geodesic": false, "type": "Point", "coordinates": [64.00990472757857, 26.952602627080065]}, "id": "19", "properties": {"classification": 1, "latitude": 26.952602627080065, "longitude": 64.00990472757857, "district": "Panjgur"}}, {"type": "Feature", "geometry": {"geodesic": false, "type": "Point", "coordinates": [65.25946128778882, 27.028061110946105]}, "id": "20", "properties": {"classification": 1, "latitude": 27.028061110946105, "longitude": 65.25946128778882, "district": "Panjgur"}}, {"type": "Feature", "geometry": {"geodesic": false, "type": "Point", "coordinates": [63.34335478676188, 26.631005755365276]}, "id": "21", "properties": {"classification": 1, "latitude": 26.631005755365276, "longitude": 63.34335478676188, "district": "Panjgur"}}, {"type": "Feature", "geometry": {"geodesic": false, "type": "Point", "coordinates": [63.923666460303096, 26.687599618264805]}, "id": "22", "properties": {"classification": 1, "latitude": 26.687599618264805, "longitude": 63.923666460303096, "district": "Panjgur"}}, {"type": "Feature", "geometry": {"geodesic": false, "type": "Point", "coordinates": [65.11752747289793, 27.114299378221578]}, "id": "23", "properties": {"classification": 1, "latitude": 27.114299378221578, "longitude": 65.11752747289793, "district": "Panjgur"}}, {"type": "Feature", "geometry": {"geodesic": false, "type": "Point", "coordinates": [64.39168872332937, 26.43607133871134]}, "id": "24", "properties": {"classification": 1, "latitude": 26.43607133871134, "longitude": 64.39168872332937, "district": "Panjgur"}}, {"type": "Feature", "geometry": {"geodesic": false, "type": "Point", "coordinates": [69.2246249518924, 31.057005160222158]}, "id": "0", "properties": {"classification": 1, "latitude": 31.057005160222158, "longitude": 69.2246249518924, "district": "Zhob"}}, {"type": "Feature", "geometry": {"geodesic": false, "type": "Point", "coordinates": [69.29199859820136, 30.726425135666176]}, "id": "1", "properties": {"classification": 1, "latitude": 30.726425135666176, "longitude": 69.29199859820136, "district": "Zhob"}}, {"type": "Feature", "geometry": {"geodesic": false, "type": "Point", "coordinates": [69.48244143843469, 31.045327061528603]}, "id": "2", "properties": {"classification": 1, "latitude": 31.045327061528603, "longitude": 69.48244143843469, "district": "Zhob"}}, {"type": "Feature", "geometry": {"geodesic": false, "type": "Point", "coordinates": [69.17791255711818, 30.654559912936612]}, "id": "3", "properties": {"classification": 1, "latitude": 30.654559912936612, "longitude": 69.17791255711818, "district": "Zhob"}}, {"type": "Feature", "geometry": {"geodesic": false, "type": "Point", "coordinates": [69.54981508474366, 31.098327663291656]}, "id": "4", "properties": {"classification": 1, "latitude": 31.098327663291656, "longitude": 69.54981508474366, "district": "Zhob"}}, {"type": "Feature", "geometry": {"geodesic": false, "type": "Point", "coordinates": [69.20396370035765, 30.619525616855952]}, "id": "5", "properties": {"classification": 1, "latitude": 30.619525616855952, "longitude": 69.20396370035765, "district": "Zhob"}}, {"type": "Feature", "geometry": {"geodesic": false, "type": "Point", "coordinates": [69.33242278598674, 31.065089997779236]}, "id": "6", "properties": {"classification": 1, "latitude": 31.065089997779236, "longitude": 69.33242278598674, "district": "Zhob"}}, {"type": "Feature", "geometry": {"geodesic": false, "type": "Point", "coordinates": [69.38542338774978, 31.358839095686317]}, "id": "7", "properties": {"classification": 1, "latitude": 31.358839095686317, "longitude": 69.38542338774978, "district": "Zhob"}}, {"type": "Feature", "geometry": {"geodesic": false, "type": "Point", "coordinates": [69.5884426419608, 31.231278325341346]}, "id": "8", "properties": {"classification": 1, "latitude": 31.231278325341346, "longitude": 69.5884426419608, "district": "Zhob"}}, {"type": "Feature", "geometry": {"geodesic": false, "type": "Point", "coordinates": [69.22193000604003, 31.05790347550628]}, "id": "9", "properties": {"classification": 1, "latitude": 31.05790347550628, "longitude": 69.22193000604003, "district": "Zhob"}}, {"type": "Feature", "geometry": {"geodesic": false, "type": "Point", "coordinates": [69.56867970571017, 31.1648029943165]}, "id": "10", "properties": {"classification": 1, "latitude": 31.1648029943165, "longitude": 69.56867970571017, "district": "Zhob"}}, {"type": "Feature", "geometry": {"geodesic": false, "type": "Point", "coordinates": [69.71330846645341, 31.346262681708644]}, "id": "11", "properties": {"classification": 1, "latitude": 31.346262681708644, "longitude": 69.71330846645341, "district": "Zhob"}}, {"type": "Feature", "geometry": {"geodesic": false, "type": "Point", "coordinates": [69.19228560166408, 31.046225376812725]}, "id": "12", "properties": {"classification": 1, "latitude": 31.046225376812725, "longitude": 69.19228560166408, "district": "Zhob"}}, {"type": "Feature", "geometry": {"geodesic": false, "type": "Point", "coordinates": [69.28840533706487, 30.73540828850737]}, "id": "13", "properties": {"classification": 1, "latitude": 30.73540828850737, "longitude": 69.28840533706487, "district": "Zhob"}}, {"type": "Feature", "geometry": {"geodesic": false, "type": "Point", "coordinates": [69.33781267769145, 31.269905882558486]}, "id": "14", "properties": {"classification": 1, "latitude": 31.269905882558486, "longitude": 69.33781267769145, "district": "Zhob"}}, {"type": "Feature", "geometry": {"geodesic": false, "type": "Point", "coordinates": [69.35218572223737, 31.296855341082072]}, "id": "15", "properties": {"classification": 1, "latitude": 31.296855341082072, "longitude": 69.35218572223737, "district": "Zhob"}}, {"type": "Feature", "geometry": {"geodesic": false, "type": "Point", "coordinates": [69.40788126985277, 30.75606954004212]}, "id": "16", "properties": {"classification": 1, "latitude": 30.75606954004212, "longitude": 69.40788126985277, "district": "Zhob"}}, {"type": "Feature", "geometry": {"geodesic": false, "type": "Point", "coordinates": [69.19947212393704, 31.05610684493804]}, "id": "17", "properties": {"classification": 1, "latitude": 31.05610684493804, "longitude": 69.19947212393704, "district": "Zhob"}}, {"type": "Feature", "geometry": {"geodesic": false, "type": "Point", "coordinates": [69.46717007860467, 31.48280660489481]}, "id": "18", "properties": {"classification": 1, "latitude": 31.48280660489481, "longitude": 69.46717007860467, "district": "Zhob"}}, {"type": "Feature", "geometry": {"geodesic": false, "type": "Point", "coordinates": [69.20037043922116, 31.045327061528603]}, "id": "19", "properties": {"classification": 1, "latitude": 31.045327061528603, "longitude": 69.20037043922116, "district": "Zhob"}}, {"type": "Feature", "geometry": {"geodesic": false, "type": "Point", "coordinates": [69.22731989774475, 31.04083548510801]}, "id": "20", "properties": {"classification": 1, "latitude": 31.04083548510801, "longitude": 69.22731989774475, "district": "Zhob"}}, {"type": "Feature", "geometry": {"geodesic": false, "type": "Point", "coordinates": [69.54442519303893, 31.10820913141697]}, "id": "21", "properties": {"classification": 1, "latitude": 31.10820913141697, "longitude": 69.54442519303893, "district": "Zhob"}}, {"type": "Feature", "geometry": {"geodesic": false, "type": "Point", "coordinates": [69.33960930825968, 31.286075557672635]}, "id": "22", "properties": {"classification": 1, "latitude": 31.286075557672635, "longitude": 69.33960930825968, "district": "Zhob"}}, {"type": "Feature", "geometry": {"geodesic": false, "type": "Point", "coordinates": [69.26145587854128, 30.69767904657435]}, "id": "23", "properties": {"classification": 1, "latitude": 30.69767904657435, "longitude": 69.26145587854128, "district": "Zhob"}}, {"type": "Feature", "geometry": {"geodesic": false, "type": "Point", "coordinates": [69.3863217030339, 31.39297507648286]}, "id": "24", "properties": {"classification": 1, "latitude": 31.39297507648286, "longitude": 69.3863217030339, "district": "Zhob"}}, {"type": "Feature", "geometry": {"geodesic": false, "type": "Point", "coordinates": [69.85703891191254, 30.871053896409418]}, "id": "0", "properties": {"classification": 1, "latitude": 30.871053896409418, "longitude": 69.85703891191254, "district": "Musakhel"}}, {"type": "Feature", "geometry": {"geodesic": false, "type": "Point", "coordinates": [69.88129342458376, 30.311403474402955]}, "id": "1", "properties": {"classification": 1, "latitude": 30.311403474402955, "longitude": 69.88129342458376, "district": "Musakhel"}}, {"type": "Feature", "geometry": {"geodesic": false, "type": "Point", "coordinates": [69.88219173986788, 30.911478084194798]}, "id": "2", "properties": {"classification": 1, "latitude": 30.911478084194798, "longitude": 69.88219173986788, "district": "Musakhel"}}, {"type": "Feature", "geometry": {"geodesic": false, "type": "Point", "coordinates": [69.82290293111599, 30.458727180998558]}, "id": "3", "properties": {"classification": 1, "latitude": 30.458727180998558, "longitude": 69.82290293111599, "district": "Musakhel"}}, {"type": "Feature", "geometry": {"geodesic": false, "type": "Point", "coordinates": [69.88937826214084, 30.272775917185815]}, "id": "4", "properties": {"classification": 1, "latitude": 30.272775917185815, "longitude": 69.88937826214084, "district": "Musakhel"}}, {"type": "Feature", "geometry": {"geodesic": false, "type": "Point", "coordinates": [69.86332711890137, 30.906088192490078]}, "id": "5", "properties": {"classification": 1, "latitude": 30.906088192490078, "longitude": 69.86332711890137, "district": "Musakhel"}}, {"type": "Feature", "geometry": {"geodesic": false, "type": "Point", "coordinates": [69.84446249793486, 30.35542092332481]}, "id": "6", "properties": {"classification": 1, "latitude": 30.35542092332481, "longitude": 69.84446249793486, "district": "Musakhel"}}, {"type": "Feature", "geometry": {"geodesic": false, "type": "Point", "coordinates": [69.83907260623015, 30.88183367981885]}, "id": "7", "properties": {"classification": 1, "latitude": 30.88183367981885, "longitude": 69.83907260623015, "district": "Musakhel"}}, {"type": "Feature", "geometry": {"geodesic": false, "type": "Point", "coordinates": [69.91812435123266, 30.261996133776382]}, "id": "8", "properties": {"classification": 1, "latitude": 30.261996133776382, "longitude": 69.91812435123266, "district": "Musakhel"}}, {"type": "Feature", "geometry": {"geodesic": false, "type": "Point", "coordinates": [69.90375130668674, 30.271877601901696]}, "id": "9", "properties": {"classification": 1, "latitude": 30.271877601901696, "longitude": 69.90375130668674, "district": "Musakhel"}}, {"type": "Feature", "geometry": {"geodesic": false, "type": "Point", "coordinates": [69.89746309969792, 30.88632525623945]}, "id": "10", "properties": {"classification": 1, "latitude": 30.88632525623945, "longitude": 69.89746309969792, "district": "Musakhel"}}, {"type": "Feature", "geometry": {"geodesic": false, "type": "Point", "coordinates": [70.19750040459382, 30.836917915612876]}, "id": "11", "properties": {"classification": 1, "latitude": 30.836917915612876, "longitude": 70.19750040459382, "district": "Musakhel"}}, {"type": "Feature", "geometry": {"geodesic": false, "type": "Point", "coordinates": [69.85883554248078, 30.36081081502953]}, "id": "12", "properties": {"classification": 1, "latitude": 30.36081081502953, "longitude": 69.85883554248078, "district": "Musakhel"}}, {"type": "Feature", "geometry": {"geodesic": false, "type": "Point", "coordinates": [69.8561405966284, 30.350929346904213]}, "id": "13", "properties": {"classification": 1, "latitude": 30.350929346904213, "longitude": 69.8561405966284, "district": "Musakhel"}}, {"type": "Feature", "geometry": {"geodesic": false, "type": "Point", "coordinates": [69.89836141498203, 31.045327061528603]}, "id": "14", "properties": {"classification": 1, "latitude": 31.045327061528603, "longitude": 69.89836141498203, "district": "Musakhel"}}, {"type": "Feature", "geometry": {"geodesic": false, "type": "Point", "coordinates": [69.85254733549193, 30.894410093796527]}, "id": "15", "properties": {"classification": 1, "latitude": 30.894410093796527, "longitude": 69.85254733549193, "district": "Musakhel"}}, {"type": "Feature", "geometry": {"geodesic": false, "type": "Point", "coordinates": [69.87320858702668, 31.065089997779236]}, "id": "16", "properties": {"classification": 1, "latitude": 31.065089997779236, "longitude": 69.87320858702668, "district": "Musakhel"}}, {"type": "Feature", "geometry": {"geodesic": false, "type": "Point", "coordinates": [69.94417549447212, 30.854884221295265]}, "id": "17", "properties": {"classification": 1, "latitude": 30.854884221295265, "longitude": 69.94417549447212, "district": "Musakhel"}}, {"type": "Feature", "geometry": {"geodesic": false, "type": "Point", "coordinates": [70.18672062118439, 30.815358348794007]}, "id": "18", "properties": {"classification": 1, "latitude": 30.815358348794007, "longitude": 70.18672062118439, "district": "Musakhel"}}, {"type": "Feature", "geometry": {"geodesic": false, "type": "Point", "coordinates": [70.22894143953802, 31.084852934029865]}, "id": "19", "properties": {"classification": 1, "latitude": 31.084852934029865, "longitude": 70.22894143953802, "district": "Musakhel"}}, {"type": "Feature", "geometry": {"geodesic": false, "type": "Point", "coordinates": [69.85883554248078, 30.96358037067373]}, "id": "20", "properties": {"classification": 1, "latitude": 30.96358037067373, "longitude": 69.85883554248078, "district": "Musakhel"}}, {"type": "Feature", "geometry": {"geodesic": false, "type": "Point", "coordinates": [69.8417675520825, 30.416506362644938]}, "id": "21", "properties": {"classification": 1, "latitude": 30.416506362644938, "longitude": 69.8417675520825, "district": "Musakhel"}}, {"type": "Feature", "geometry": {"geodesic": false, "type": "Point", "coordinates": [69.87949679401552, 30.253012980935186]}, "id": "22", "properties": {"classification": 1, "latitude": 30.253012980935186, "longitude": 69.87949679401552, "district": "Musakhel"}}, {"type": "Feature", "geometry": {"geodesic": false, "type": "Point", "coordinates": [69.88488668572023, 30.26469107962874]}, "id": "23", "properties": {"classification": 1, "latitude": 30.26469107962874, "longitude": 69.88488668572023, "district": "Musakhel"}}, {"type": "Feature", "geometry": {"geodesic": false, "type": "Point", "coordinates": [69.88219173986788, 30.90429156192184]}, "id": "24", "properties": {"classification": 1, "latitude": 30.90429156192184, "longitude": 69.88219173986788, "district": "Musakhel"}}, {"type": "Feature", "geometry": {"geodesic": false, "type": "Point", "coordinates": [68.49429462590322, 30.410218155656104]}, "id": "0", "properties": {"classification": 1, "latitude": 30.410218155656104, "longitude": 68.49429462590322, "district": "Loralai"}}, {"type": "Feature", "geometry": {"geodesic": false, "type": "Point", "coordinates": [68.47543000493671, 30.006874593086437]}, "id": "1", "properties": {"classification": 1, "latitude": 30.006874593086437, "longitude": 68.47543000493671, "district": "Loralai"}}, {"type": "Feature", "geometry": {"geodesic": false, "type": "Point", "coordinates": [69.20665864621, 30.03831562803062]}, "id": "2", "properties": {"classification": 1, "latitude": 30.03831562803062, "longitude": 69.20665864621, "district": "Loralai"}}, {"type": "Feature", "geometry": {"geodesic": false, "type": "Point", "coordinates": [68.63802507136234, 30.394946795826073]}, "id": "3", "properties": {"classification": 1, "latitude": 30.394946795826073, "longitude": 68.63802507136234, "district": "Loralai"}}, {"type": "Feature", "geometry": {"geodesic": false, "type": "Point", "coordinates": [68.42153108788953, 30.438065929463807]}, "id": "4", "properties": {"classification": 1, "latitude": 30.438065929463807, "longitude": 68.42153108788953, "district": "Loralai"}}, {"type": "Feature", "geometry": {"geodesic": false, "type": "Point", "coordinates": [69.0916742898427, 30.086824653373075]}, "id": "5", "properties": {"classification": 1, "latitude": 30.086824653373075, "longitude": 69.0916742898427, "district": "Loralai"}}, {"type": "Feature", "geometry": {"geodesic": false, "type": "Point", "coordinates": [69.70971520531693, 30.22786015297984]}, "id": "6", "properties": {"classification": 1, "latitude": 30.22786015297984, "longitude": 69.70971520531693, "district": "Loralai"}}, {"type": "Feature", "geometry": {"geodesic": false, "type": "Point", "coordinates": [68.59400762244049, 30.188334280478582]}, "id": "7", "properties": {"classification": 1, "latitude": 30.188334280478582, "longitude": 68.59400762244049, "district": "Loralai"}}, {"type": "Feature", "geometry": {"geodesic": false, "type": "Point", "coordinates": [68.69911051068247, 30.401235002814907]}, "id": "8", "properties": {"classification": 1, "latitude": 30.401235002814907, "longitude": 68.69911051068247, "district": "Loralai"}}, {"type": "Feature", "geometry": {"geodesic": false, "type": "Point", "coordinates": [69.2246249518924, 30.48657495480626]}, "id": "9", "properties": {"classification": 1, "latitude": 30.48657495480626, "longitude": 69.2246249518924, "district": "Loralai"}}, {"type": "Feature", "geometry": {"geodesic": false, "type": "Point", "coordinates": [69.717800042874, 30.226961837695722]}, "id": "10", "properties": {"classification": 1, "latitude": 30.226961837695722, "longitude": 69.717800042874, "district": "Loralai"}}, {"type": "Feature", "geometry": {"geodesic": false, "type": "Point", "coordinates": [68.5670581639169, 30.221571945991002]}, "id": "11", "properties": {"classification": 1, "latitude": 30.221571945991002, "longitude": 68.5670581639169, "district": "Loralai"}}, {"type": "Feature", "geometry": {"geodesic": false, "type": "Point", "coordinates": [69.08089450643327, 30.24941971979871]}, "id": "12", "properties": {"classification": 1, "latitude": 30.24941971979871, "longitude": 69.08089450643327, "district": "Loralai"}}, {"type": "Feature", "geometry": {"geodesic": false, "type": "Point", "coordinates": [69.0916742898427, 30.052688672576533]}, "id": "13", "properties": {"classification": 1, "latitude": 30.052688672576533, "longitude": 69.0916742898427, "district": "Loralai"}}, {"type": "Feature", "geometry": {"geodesic": false, "type": "Point", "coordinates": [68.4709384285161, 30.237741621105155]}, "id": "14", "properties": {"classification": 1, "latitude": 30.237741621105155, "longitude": 68.4709384285161, "district": "Loralai"}}, {"type": "Feature", "geometry": {"geodesic": false, "type": "Point", "coordinates": [69.70073205247573, 30.235944990536915]}, "id": "15", "properties": {"classification": 1, "latitude": 30.235944990536915, "longitude": 69.70073205247573, "district": "Loralai"}}, {"type": "Feature", "geometry": {"geodesic": false, "type": "Point", "coordinates": [69.26145587854128, 30.333861356505942]}, "id": "16", "properties": {"classification": 1, "latitude": 30.333861356505942, "longitude": 69.26145587854128, "district": "Loralai"}}, {"type": "Feature", "geometry": {"geodesic": false, "type": "Point", "coordinates": [68.981181509896, 30.37698049014368]}, "id": "17", "properties": {"classification": 1, "latitude": 30.37698049014368, "longitude": 68.981181509896, "district": "Loralai"}}, {"type": "Feature", "geometry": {"geodesic": false, "type": "Point", "coordinates": [68.7233650233537, 30.334759671790064]}, "id": "18", "properties": {"classification": 1, "latitude": 30.334759671790064, "longitude": 68.7233650233537, "district": "Loralai"}}, {"type": "Feature", "geometry": {"geodesic": false, "type": "Point", "coordinates": [69.1006574426839, 30.09401117564603]}, "id": "19", "properties": {"classification": 1, "latitude": 30.09401117564603, "longitude": 69.1006574426839, "district": "Loralai"}}, {"type": "Feature", "geometry": {"geodesic": false, "type": "Point", "coordinates": [69.22282832132414, 30.479388432533305]}, "id": "20", "properties": {"classification": 1, "latitude": 30.479388432533305, "longitude": 69.22282832132414, "district": "Loralai"}}, {"type": "Feature", "geometry": {"geodesic": false, "type": "Point", "coordinates": [69.08987765927446, 30.255707926787544]}, "id": "21", "properties": {"classification": 1, "latitude": 30.255707926787544, "longitude": 69.08987765927446, "district": "Loralai"}}, {"type": "Feature", "geometry": {"geodesic": false, "type": "Point", "coordinates": [68.5670581639169, 30.217080369570407]}, "id": "22", "properties": {"classification": 1, "latitude": 30.217080369570407, "longitude": 68.5670581639169, "district": "Loralai"}}, {"type": "Feature", "geometry": {"geodesic": false, "type": "Point", "coordinates": [68.77546730983264, 30.403929948667265]}, "id": "23", "properties": {"classification": 1, "latitude": 30.403929948667265, "longitude": 68.77546730983264, "district": "Loralai"}}, {"type": "Feature", "geometry": {"geodesic": false, "type": "Point", "coordinates": [69.71510509702165, 30.22786015297984]}, "id": "24", "properties": {"classification": 1, "latitude": 30.22786015297984, "longitude": 69.71510509702165, "district": "Loralai"}}, {"type": "Feature", "geometry": {"geodesic": false, "type": "Point", "coordinates": [68.15832470964251, 29.32235834658736]}, "id": "0", "properties": {"classification": 1, "latitude": 29.32235834658736, "longitude": 68.15832470964251, "district": "Sibi"}}, {"type": "Feature", "geometry": {"geodesic": false, "type": "Point", "coordinates": [67.8681688728719, 30.111079166044302]}, "id": "1", "properties": {"classification": 1, "latitude": 30.111079166044302, "longitude": 67.8681688728719, "district": "Sibi"}}, {"type": "Feature", "geometry": {"geodesic": false, "type": "Point", "coordinates": [68.04334035327521, 29.47327531431944]}, "id": "2", "properties": {"classification": 1, "latitude": 29.47327531431944, "longitude": 68.04334035327521, "district": "Sibi"}}, {"type": "Feature", "geometry": {"geodesic": false, "type": "Point", "coordinates": [68.14934155680132, 29.49573319642243]}, "id": "3", "properties": {"classification": 1, "latitude": 29.49573319642243, "longitude": 68.14934155680132, "district": "Sibi"}}, {"type": "Feature", "geometry": {"geodesic": false, "type": "Point", "coordinates": [67.82774468508653, 29.60532766108501]}, "id": "4", "properties": {"classification": 1, "latitude": 29.60532766108501, "longitude": 67.82774468508653, "district": "Sibi"}}, {"type": "Feature", "geometry": {"geodesic": false, "type": "Point", "coordinates": [68.15383313322192, 29.30978193260969]}, "id": "5", "properties": {"classification": 1, "latitude": 29.30978193260969, "longitude": 68.15383313322192, "district": "Sibi"}}, {"type": "Feature", "geometry": {"geodesic": false, "type": "Point", "coordinates": [68.01549257946752, 29.371765687213937]}, "id": "6", "properties": {"classification": 1, "latitude": 29.371765687213937, "longitude": 68.01549257946752, "district": "Sibi"}}, {"type": "Feature", "geometry": {"geodesic": false, "type": "Point", "coordinates": [67.94991556372679, 29.829906482114893]}, "id": "7", "properties": {"classification": 1, "latitude": 29.829906482114893, "longitude": 67.94991556372679, "district": "Sibi"}}, {"type": "Feature", "geometry": {"geodesic": false, "type": "Point", "coordinates": [67.98135659867097, 29.351104435679186]}, "id": "8", "properties": {"classification": 1, "latitude": 29.351104435679186, "longitude": 67.98135659867097, "district": "Sibi"}}, {"type": "Feature", "geometry": {"geodesic": false, "type": "Point", "coordinates": [68.15832470964251, 29.511004556252463]}, "id": "9", "properties": {"classification": 1, "latitude": 29.511004556252463, "longitude": 68.15832470964251, "district": "Sibi"}}, {"type": "Feature", "geometry": {"geodesic": false, "type": "Point", "coordinates": [67.96339029298858, 30.067061717122446]}, "id": "10", "properties": {"classification": 1, "latitude": 30.067061717122446, "longitude": 67.96339029298858, "district": "Sibi"}}, {"type": "Feature", "geometry": {"geodesic": false, "type": "Point", "coordinates": [67.91218632179377, 29.617904075062686]}, "id": "11", "properties": {"classification": 1, "latitude": 29.617904075062686, "longitude": 67.91218632179377, "district": "Sibi"}}, {"type": "Feature", "geometry": {"geodesic": false, "type": "Point", "coordinates": [68.02537404759283, 29.466088792046484]}, "id": "12", "properties": {"classification": 1, "latitude": 29.466088792046484, "longitude": 68.02537404759283, "district": "Sibi"}}, {"type": "Feature", "geometry": {"geodesic": false, "type": "Point", "coordinates": [67.8627789811672, 29.609819237505608]}, "id": "13", "properties": {"classification": 1, "latitude": 29.609819237505608, "longitude": 67.8627789811672, "district": "Sibi"}}, {"type": "Feature", "geometry": {"geodesic": false, "type": "Point", "coordinates": [68.01998415588811, 29.508309610400104]}, "id": "14", "properties": {"classification": 1, "latitude": 29.508309610400104, "longitude": 68.01998415588811, "district": "Sibi"}}, {"type": "Feature", "geometry": {"geodesic": false, "type": "Point", "coordinates": [68.14934155680132, 29.546038852333123]}, "id": "15", "properties": {"classification": 1, "latitude": 29.546038852333123, "longitude": 68.14934155680132, "district": "Sibi"}}, {"type": "Feature", "geometry": {"geodesic": false, "type": "Point", "coordinates": [68.02178078645635, 29.46159721562589]}, "id": "16", "properties": {"classification": 1, "latitude": 29.46159721562589, "longitude": 68.02178078645635, "district": "Sibi"}}, {"type": "Feature", "geometry": {"geodesic": false, "type": "Point", "coordinates": [67.88883012440667, 29.57029336500435]}, "id": "17", "properties": {"classification": 1, "latitude": 29.57029336500435, "longitude": 67.88883012440667, "district": "Sibi"}}, {"type": "Feature", "geometry": {"geodesic": false, "type": "Point", "coordinates": [67.82504973923417, 29.617904075062686]}, "id": "18", "properties": {"classification": 1, "latitude": 29.617904075062686, "longitude": 67.82504973923417, "district": "Sibi"}}, {"type": "Feature", "geometry": {"geodesic": false, "type": "Point", "coordinates": [67.98405154452333, 29.4391393335229]}, "id": "19", "properties": {"classification": 1, "latitude": 29.4391393335229, "longitude": 67.98405154452333, "district": "Sibi"}}, {"type": "Feature", "geometry": {"geodesic": false, "type": "Point", "coordinates": [67.86547392701955, 29.508309610400104]}, "id": "20", "properties": {"classification": 1, "latitude": 29.508309610400104, "longitude": 67.86547392701955, "district": "Sibi"}}, {"type": "Feature", "geometry": {"geodesic": false, "type": "Point", "coordinates": [68.11700220657302, 29.581073148413786]}, "id": "21", "properties": {"classification": 1, "latitude": 29.581073148413786, "longitude": 68.11700220657302, "district": "Sibi"}}, {"type": "Feature", "geometry": {"geodesic": false, "type": "Point", "coordinates": [67.65975972695618, 29.882907083877942]}, "id": "22", "properties": {"classification": 1, "latitude": 29.882907083877942, "longitude": 67.65975972695618, "district": "Sibi"}}, {"type": "Feature", "geometry": {"geodesic": false, "type": "Point", "coordinates": [67.84571099076892, 29.581971463697904]}, "id": "23", "properties": {"classification": 1, "latitude": 29.581971463697904, "longitude": 67.84571099076892, "district": "Sibi"}}, {"type": "Feature", "geometry": {"geodesic": false, "type": "Point", "coordinates": [68.12329041356186, 29.302595410336732]}, "id": "24", "properties": {"classification": 1, "latitude": 29.302595410336732, "longitude": 68.12329041356186, "district": "Sibi"}}, {"type": "Feature", "geometry": {"geodesic": false, "type": "Point", "coordinates": [69.47705154672998, 29.766126096942404]}, "id": "0", "properties": {"classification": 1, "latitude": 29.766126096942404, "longitude": 69.47705154672998, "district": "Barkhan"}}, {"type": "Feature", "geometry": {"geodesic": false, "type": "Point", "coordinates": [69.3539823528056, 29.66551478512102]}, "id": "1", "properties": {"classification": 1, "latitude": 29.66551478512102, "longitude": 69.3539823528056, "district": "Barkhan"}}, {"type": "Feature", "geometry": {"geodesic": false, "type": "Point", "coordinates": [69.36835539735151, 29.6646164698369]}, "id": "2", "properties": {"classification": 1, "latitude": 29.6646164698369, "longitude": 69.36835539735151, "district": "Barkhan"}}, {"type": "Feature", "geometry": {"geodesic": false, "type": "Point", "coordinates": [69.94597212504037, 30.147011777409084]}, "id": "3", "properties": {"classification": 1, "latitude": 30.147011777409084, "longitude": 69.94597212504037, "district": "Barkhan"}}, {"type": "Feature", "geometry": {"geodesic": false, "type": "Point", "coordinates": [69.6207819921891, 29.737380007850582]}, "id": "4", "properties": {"classification": 1, "latitude": 29.737380007850582, "longitude": 69.6207819921891, "district": "Barkhan"}}, {"type": "Feature", "geometry": {"geodesic": false, "type": "Point", "coordinates": [69.62886682974617, 29.972738612289895]}, "id": "5", "properties": {"classification": 1, "latitude": 29.972738612289895, "longitude": 69.62886682974617, "district": "Barkhan"}}, {"type": "Feature", "geometry": {"geodesic": false, "type": "Point", "coordinates": [69.92980244992621, 30.138028624567887]}, "id": "6", "properties": {"classification": 1, "latitude": 30.138028624567887, "longitude": 69.92980244992621, "district": "Barkhan"}}, {"type": "Feature", "geometry": {"geodesic": false, "type": "Point", "coordinates": [69.98639631282575, 30.184741019342102]}, "id": "7", "properties": {"classification": 1, "latitude": 30.184741019342102, "longitude": 69.98639631282575, "district": "Barkhan"}}, {"type": "Feature", "geometry": {"geodesic": false, "type": "Point", "coordinates": [69.90105636083439, 30.072451608827162]}, "id": "8", "properties": {"classification": 1, "latitude": 30.072451608827162, "longitude": 69.90105636083439, "district": "Barkhan"}}, {"type": "Feature", "geometry": {"geodesic": false, "type": "Point", "coordinates": [69.49591616769648, 29.804753654159544]}, "id": "9", "properties": {"classification": 1, "latitude": 29.804753654159544, "longitude": 69.49591616769648, "district": "Barkhan"}}, {"type": "Feature", "geometry": {"geodesic": false, "type": "Point", "coordinates": [69.72139330401049, 30.023942583484708]}, "id": "10", "properties": {"classification": 1, "latitude": 30.023942583484708, "longitude": 69.72139330401049, "district": "Barkhan"}}, {"type": "Feature", "geometry": {"geodesic": false, "type": "Point", "coordinates": [69.55071340002777, 29.918839695242724]}, "id": "11", "properties": {"classification": 1, "latitude": 29.918839695242724, "longitude": 69.55071340002777, "district": "Barkhan"}}, {"type": "Feature", "geometry": {"geodesic": false, "type": "Point", "coordinates": [69.59652747951787, 29.903568335412693]}, "id": "12", "properties": {"classification": 1, "latitude": 29.903568335412693, "longitude": 69.59652747951787, "district": "Barkhan"}}, {"type": "Feature", "geometry": {"geodesic": false, "type": "Point", "coordinates": [69.83098776867307, 30.19192754161506]}, "id": "13", "properties": {"classification": 1, "latitude": 30.19192754161506, "longitude": 69.83098776867307, "district": "Barkhan"}}, {"type": "Feature", "geometry": {"geodesic": false, "type": "Point", "coordinates": [69.1608445667199, 29.652040055859228]}, "id": "14", "properties": {"classification": 1, "latitude": 29.652040055859228, "longitude": 69.1608445667199, "district": "Barkhan"}}, {"type": "Feature", "geometry": {"geodesic": false, "type": "Point", "coordinates": [69.76271580707999, 30.123655580021975]}, "id": "15", "properties": {"classification": 1, "latitude": 30.123655580021975, "longitude": 69.76271580707999, "district": "Barkhan"}}, {"type": "Feature", "geometry": {"geodesic": false, "type": "Point", "coordinates": [69.90464962197086, 30.12904547172669]}, "id": "16", "properties": {"classification": 1, "latitude": 30.12904547172669, "longitude": 69.90464962197086, "district": "Barkhan"}}, {"type": "Feature", "geometry": {"geodesic": false, "type": "Point", "coordinates": [69.6531213424174, 29.749956421828255]}, "id": "17", "properties": {"classification": 1, "latitude": 29.749956421828255, "longitude": 69.6531213424174, "district": "Barkhan"}}, {"type": "Feature", "geometry": {"geodesic": false, "type": "Point", "coordinates": [69.33871099297556, 29.66641310040514]}, "id": "18", "properties": {"classification": 1, "latitude": 29.66641310040514, "longitude": 69.33871099297556, "district": "Barkhan"}}, {"type": "Feature", "geometry": {"geodesic": false, "type": "Point", "coordinates": [69.91453109009618, 30.13353704814729]}, "id": "19", "properties": {"classification": 1, "latitude": 30.13353704814729, "longitude": 69.91453109009618, "district": "Barkhan"}}, {"type": "Feature", "geometry": {"geodesic": false, "type": "Point", "coordinates": [69.46178018689994, 29.83709300438785]}, "id": "20", "properties": {"classification": 1, "latitude": 29.83709300438785, "longitude": 69.46178018689994, "district": "Barkhan"}}, {"type": "Feature", "geometry": {"geodesic": false, "type": "Point", "coordinates": [69.91542940538031, 30.110180850760184]}, "id": "21", "properties": {"classification": 1, "latitude": 30.110180850760184, "longitude": 69.91542940538031, "district": "Barkhan"}}, {"type": "Feature", "geometry": {"geodesic": false, "type": "Point", "coordinates": [69.93249739577857, 30.128147156442573]}, "id": "22", "properties": {"classification": 1, "latitude": 30.128147156442573, "longitude": 69.93249739577857, "district": "Barkhan"}}, {"type": "Feature", "geometry": {"geodesic": false, "type": "Point", "coordinates": [69.41866105326221, 29.788583979045395]}, "id": "23", "properties": {"classification": 1, "latitude": 29.788583979045395, "longitude": 69.41866105326221, "district": "Barkhan"}}, {"type": "Feature", "geometry": {"geodesic": false, "type": "Point", "coordinates": [69.38901664888625, 29.670904676825735]}, "id": "24", "properties": {"classification": 1, "latitude": 29.670904676825735, "longitude": 69.38901664888625, "district": "Barkhan"}}, {"type": "Feature", "geometry": {"geodesic": false, "type": "Point", "coordinates": [68.17359606947255, 29.749058106544133]}, "id": "0", "properties": {"classification": 1, "latitude": 29.749058106544133, "longitude": 68.17359606947255, "district": "Kohlu"}}, {"type": "Feature", "geometry": {"geodesic": false, "type": "Point", "coordinates": [68.10173084674298, 29.611615868073848]}, "id": "1", "properties": {"classification": 1, "latitude": 29.611615868073848, "longitude": 68.10173084674298, "district": "Kohlu"}}, {"type": "Feature", "geometry": {"geodesic": false, "type": "Point", "coordinates": [68.45476875340196, 29.377155578918654]}, "id": "2", "properties": {"classification": 1, "latitude": 29.377155578918654, "longitude": 68.45476875340196, "district": "Kohlu"}}, {"type": "Feature", "geometry": {"geodesic": false, "type": "Point", "coordinates": [68.10891736901594, 29.75354968296473]}, "id": "3", "properties": {"classification": 1, "latitude": 29.75354968296473, "longitude": 68.10891736901594, "district": "Kohlu"}}, {"type": "Feature", "geometry": {"geodesic": false, "type": "Point", "coordinates": [68.10173084674298, 29.617904075062686]}, "id": "4", "properties": {"classification": 1, "latitude": 29.617904075062686, "longitude": 68.10173084674298, "district": "Kohlu"}}, {"type": "Feature", "geometry": {"geodesic": false, "type": "Point", "coordinates": [69.45818692576347, 29.402308406874]}, "id": "5", "properties": {"classification": 1, "latitude": 29.402308406874, "longitude": 69.45818692576347, "district": "Kohlu"}}, {"type": "Feature", "geometry": {"geodesic": false, "type": "Point", "coordinates": [69.1931839169482, 29.338528021701514]}, "id": "6", "properties": {"classification": 1, "latitude": 29.338528021701514, "longitude": 69.1931839169482, "district": "Kohlu"}}, {"type": "Feature", "geometry": {"geodesic": false, "type": "Point", "coordinates": [68.14484998038073, 29.784092402624797]}, "id": "7", "properties": {"classification": 1, "latitude": 29.784092402624797, "longitude": 68.14484998038073, "district": "Kohlu"}}, {"type": "Feature", "geometry": {"geodesic": false, "type": "Point", "coordinates": [68.12059546770949, 29.746363160691775]}, "id": "8", "properties": {"classification": 1, "latitude": 29.746363160691775, "longitude": 68.12059546770949, "district": "Kohlu"}}, {"type": "Feature", "geometry": {"geodesic": false, "type": "Point", "coordinates": [69.03238548109081, 29.595446192959695]}, "id": "9", "properties": {"classification": 1, "latitude": 29.595446192959695, "longitude": 69.03238548109081, "district": "Kohlu"}}, {"type": "Feature", "geometry": {"geodesic": false, "type": "Point", "coordinates": [69.0368770575114, 29.592751247107337]}, "id": "10", "properties": {"classification": 1, "latitude": 29.592751247107337, "longitude": 69.0368770575114, "district": "Kohlu"}}, {"type": "Feature", "geometry": {"geodesic": false, "type": "Point", "coordinates": [69.01621580597666, 29.543343906480764]}, "id": "11", "properties": {"classification": 1, "latitude": 29.543343906480764, "longitude": 69.01621580597666, "district": "Kohlu"}}, {"type": "Feature", "geometry": {"geodesic": false, "type": "Point", "coordinates": [68.09364600918592, 29.60802260693737]}, "id": "12", "properties": {"classification": 1, "latitude": 29.60802260693737, "longitude": 68.09364600918592, "district": "Kohlu"}}, {"type": "Feature", "geometry": {"geodesic": false, "type": "Point", "coordinates": [69.35488066808972, 29.939500946777475]}, "id": "13", "properties": {"classification": 1, "latitude": 29.939500946777475, "longitude": 69.35488066808972, "district": "Kohlu"}}, {"type": "Feature", "geometry": {"geodesic": false, "type": "Point", "coordinates": [68.52753229141564, 29.609819237505608]}, "id": "14", "properties": {"classification": 1, "latitude": 29.609819237505608, "longitude": 68.52753229141564, "district": "Kohlu"}}, {"type": "Feature", "geometry": {"geodesic": false, "type": "Point", "coordinates": [69.23989631172242, 29.51369950210482]}, "id": "15", "properties": {"classification": 1, "latitude": 29.51369950210482, "longitude": 69.23989631172242, "district": "Kohlu"}}, {"type": "Feature", "geometry": {"geodesic": false, "type": "Point", "coordinates": [69.23809968115418, 29.526275916082493]}, "id": "16", "properties": {"classification": 1, "latitude": 29.526275916082493, "longitude": 69.23809968115418, "district": "Kohlu"}}, {"type": "Feature", "geometry": {"geodesic": false, "type": "Point", "coordinates": [68.89584155790465, 29.306188671473212]}, "id": "17", "properties": {"classification": 1, "latitude": 29.306188671473212, "longitude": 68.89584155790465, "district": "Kohlu"}}, {"type": "Feature", "geometry": {"geodesic": false, "type": "Point", "coordinates": [69.25516767155246, 29.2136621972089]}, "id": "18", "properties": {"classification": 1, "latitude": 29.2136621972089, "longitude": 69.25516767155246, "district": "Kohlu"}}, {"type": "Feature", "geometry": {"geodesic": false, "type": "Point", "coordinates": [68.16551123191547, 29.769719358078884]}, "id": "19", "properties": {"classification": 1, "latitude": 29.769719358078884, "longitude": 68.16551123191547, "district": "Kohlu"}}, {"type": "Feature", "geometry": {"geodesic": false, "type": "Point", "coordinates": [68.18257922231375, 29.70234571176992]}, "id": "20", "properties": {"classification": 1, "latitude": 29.70234571176992, "longitude": 68.18257922231375, "district": "Kohlu"}}, {"type": "Feature", "geometry": {"geodesic": false, "type": "Point", "coordinates": [68.2778006424304, 29.273849321244906]}, "id": "21", "properties": {"classification": 1, "latitude": 29.273849321244906, "longitude": 68.2778006424304, "district": "Kohlu"}}, {"type": "Feature", "geometry": {"geodesic": false, "type": "Point", "coordinates": [68.15383313322192, 29.7382783231347]}, "id": "22", "properties": {"classification": 1, "latitude": 29.7382783231347, "longitude": 68.15383313322192, "district": "Kohlu"}}, {"type": "Feature", "geometry": {"geodesic": false, "type": "Point", "coordinates": [69.36027055979444, 29.936806000925117]}, "id": "23", "properties": {"classification": 1, "latitude": 29.936806000925117, "longitude": 69.36027055979444, "district": "Kohlu"}}, {"type": "Feature", "geometry": {"geodesic": false, "type": "Point", "coordinates": [68.1116123148683, 29.752651367680613]}, "id": "24", "properties": {"classification": 1, "latitude": 29.752651367680613, "longitude": 68.1116123148683, "district": "Kohlu"}}, {"type": "Feature", "geometry": {"geodesic": false, "type": "Point", "coordinates": [69.43393241309224, 29.113949200671634]}, "id": "0", "properties": {"classification": 1, "latitude": 29.113949200671634, "longitude": 69.43393241309224, "district": "Dera Bugti"}}, {"type": "Feature", "geometry": {"geodesic": false, "type": "Point", "coordinates": [68.85901063125574, 28.4590773585485]}, "id": "1", "properties": {"classification": 1, "latitude": 28.4590773585485, "longitude": 68.85901063125574, "district": "Dera Bugti"}}, {"type": "Feature", "geometry": {"geodesic": false, "type": "Point", "coordinates": [68.73055154562665, 28.47704366423089]}, "id": "2", "properties": {"classification": 1, "latitude": 28.47704366423089, "longitude": 68.73055154562665, "district": "Dera Bugti"}}, {"type": "Feature", "geometry": {"geodesic": false, "type": "Point", "coordinates": [68.6362284407941, 28.550705517528694]}, "id": "3", "properties": {"classification": 1, "latitude": 28.550705517528694, "longitude": 68.6362284407941, "district": "Dera Bugti"}}, {"type": "Feature", "geometry": {"geodesic": false, "type": "Point", "coordinates": [69.18150581825465, 29.019626095839083]}, "id": "4", "properties": {"classification": 1, "latitude": 29.019626095839083, "longitude": 69.18150581825465, "district": "Dera Bugti"}}, {"type": "Feature", "geometry": {"geodesic": false, "type": "Point", "coordinates": [68.7143818705125, 28.470755457242056]}, "id": "5", "properties": {"classification": 1, "latitude": 28.470755457242056, "longitude": 68.7143818705125, "district": "Dera Bugti"}}, {"type": "Feature", "geometry": {"geodesic": false, "type": "Point", "coordinates": [68.56166827221219, 28.565078562074607]}, "id": "6", "properties": {"classification": 1, "latitude": 28.565078562074607, "longitude": 68.56166827221219, "district": "Dera Bugti"}}, {"type": "Feature", "geometry": {"geodesic": false, "type": "Point", "coordinates": [68.9308758539853, 28.454585782127904]}, "id": "7", "properties": {"classification": 1, "latitude": 28.454585782127904, "longitude": 68.9308758539853, "district": "Dera Bugti"}}, {"type": "Feature", "geometry": {"geodesic": false, "type": "Point", "coordinates": [69.28750702178075, 28.436619476445514]}, "id": "8", "properties": {"classification": 1, "latitude": 28.436619476445514, "longitude": 69.28750702178075, "district": "Dera Bugti"}}, {"type": "Feature", "geometry": {"geodesic": false, "type": "Point", "coordinates": [68.89224829676817, 28.421348116615484]}, "id": "9", "properties": {"classification": 1, "latitude": 28.421348116615484, "longitude": 68.89224829676817, "district": "Dera Bugti"}}, {"type": "Feature", "geometry": {"geodesic": false, "type": "Point", "coordinates": [69.19587886280057, 28.752826456455587]}, "id": "10", "properties": {"classification": 1, "latitude": 28.752826456455587, "longitude": 69.19587886280057, "district": "Dera Bugti"}}, {"type": "Feature", "geometry": {"geodesic": false, "type": "Point", "coordinates": [69.14826815274223, 29.029507563964398]}, "id": "11", "properties": {"classification": 1, "latitude": 29.029507563964398, "longitude": 69.14826815274223, "district": "Dera Bugti"}}, {"type": "Feature", "geometry": {"geodesic": false, "type": "Point", "coordinates": [69.35757561394207, 28.410568333206047]}, "id": "12", "properties": {"classification": 1, "latitude": 28.410568333206047, "longitude": 69.35757561394207, "district": "Dera Bugti"}}, {"type": "Feature", "geometry": {"geodesic": false, "type": "Point", "coordinates": [68.70180545653483, 28.510281329743314]}, "id": "13", "properties": {"classification": 1, "latitude": 28.510281329743314, "longitude": 68.70180545653483, "district": "Dera Bugti"}}, {"type": "Feature", "geometry": {"geodesic": false, "type": "Point", "coordinates": [69.18599739467525, 28.44650094457083]}, "id": "14", "properties": {"classification": 1, "latitude": 28.44650094457083, "longitude": 69.18599739467525, "district": "Dera Bugti"}}, {"type": "Feature", "geometry": {"geodesic": false, "type": "Point", "coordinates": [69.32433794842966, 28.486026817072087]}, "id": "15", "properties": {"classification": 1, "latitude": 28.486026817072087, "longitude": 69.32433794842966, "district": "Dera Bugti"}}, {"type": "Feature", "geometry": {"geodesic": false, "type": "Point", "coordinates": [69.06023325489852, 29.04837218493091]}, "id": "16", "properties": {"classification": 1, "latitude": 29.04837218493091, "longitude": 69.06023325489852, "district": "Dera Bugti"}}, {"type": "Feature", "geometry": {"geodesic": false, "type": "Point", "coordinates": [68.90123144960936, 28.421348116615484]}, "id": "17", "properties": {"classification": 1, "latitude": 28.421348116615484, "longitude": 68.90123144960936, "district": "Dera Bugti"}}, {"type": "Feature", "geometry": {"geodesic": false, "type": "Point", "coordinates": [68.71617850108073, 28.70611406168137]}, "id": "18", "properties": {"classification": 1, "latitude": 28.70611406168137, "longitude": 68.71617850108073, "district": "Dera Bugti"}}, {"type": "Feature", "geometry": {"geodesic": false, "type": "Point", "coordinates": [69.17701424183406, 28.420449801331362]}, "id": "19", "properties": {"classification": 1, "latitude": 28.420449801331362, "longitude": 69.17701424183406, "district": "Dera Bugti"}}, {"type": "Feature", "geometry": {"geodesic": false, "type": "Point", "coordinates": [69.45279703405875, 29.004354736009052]}, "id": "20", "properties": {"classification": 1, "latitude": 29.004354736009052, "longitude": 69.45279703405875, "district": "Dera Bugti"}}, {"type": "Feature", "geometry": {"geodesic": false, "type": "Point", "coordinates": [68.8895533509158, 28.44200936815023]}, "id": "21", "properties": {"classification": 1, "latitude": 28.44200936815023, "longitude": 68.8895533509158, "district": "Dera Bugti"}}, {"type": "Feature", "geometry": {"geodesic": false, "type": "Point", "coordinates": [68.65329643119237, 28.548908886960454]}, "id": "22", "properties": {"classification": 1, "latitude": 28.548908886960454, "longitude": 68.65329643119237, "district": "Dera Bugti"}}, {"type": "Feature", "geometry": {"geodesic": false, "type": "Point", "coordinates": [69.28391376064428, 28.427636323604318]}, "id": "23", "properties": {"classification": 1, "latitude": 28.427636323604318, "longitude": 69.28391376064428, "district": "Dera Bugti"}}, {"type": "Feature", "geometry": {"geodesic": false, "type": "Point", "coordinates": [69.29020196763311, 28.44021273758199]}, "id": "24", "properties": {"classification": 1, "latitude": 28.44021273758199, "longitude": 69.29020196763311, "district": "Dera Bugti"}}, {"type": "Feature", "geometry": {"geodesic": false, "type": "Point", "coordinates": [66.30060870208335, 29.161559910729967]}, "id": "0", "properties": {"classification": 1, "latitude": 29.161559910729967, "longitude": 66.30060870208335, "district": "Kalat"}}, {"type": "Feature", "geometry": {"geodesic": false, "type": "Point", "coordinates": [66.44703409339483, 29.193899260958272]}, "id": "1", "properties": {"classification": 1, "latitude": 29.193899260958272, "longitude": 66.44703409339483, "district": "Kalat"}}, {"type": "Feature", "geometry": {"geodesic": false, "type": "Point", "coordinates": [66.13981026622595, 28.324330065930575]}, "id": "2", "properties": {"classification": 1, "latitude": 28.324330065930575, "longitude": 66.13981026622595, "district": "Kalat"}}, {"type": "Feature", "geometry": {"geodesic": false, "type": "Point", "coordinates": [67.2555178491024, 29.361884219088623]}, "id": "3", "properties": {"classification": 1, "latitude": 29.361884219088623, "longitude": 67.2555178491024, "district": "Kalat"}}, {"type": "Feature", "geometry": {"geodesic": false, "type": "Point", "coordinates": [66.21976032651258, 28.44021273758199]}, "id": "4", "properties": {"classification": 1, "latitude": 28.44021273758199, "longitude": 66.21976032651258, "district": "Kalat"}}, {"type": "Feature", "geometry": {"geodesic": false, "type": "Point", "coordinates": [66.62579883493461, 29.396918515169283]}, "id": "5", "properties": {"classification": 1, "latitude": 29.396918515169283, "longitude": 66.62579883493461, "district": "Kalat"}}, {"type": "Feature", "geometry": {"geodesic": false, "type": "Point", "coordinates": [66.17035298588601, 28.689046071283098]}, "id": "6", "properties": {"classification": 1, "latitude": 28.689046071283098, "longitude": 66.17035298588601, "district": "Kalat"}}, {"type": "Feature", "geometry": {"geodesic": false, "type": "Point", "coordinates": [66.31767669248161, 28.01441129290934]}, "id": "7", "properties": {"classification": 1, "latitude": 28.01441129290934, "longitude": 66.31767669248161, "district": "Kalat"}}, {"type": "Feature", "geometry": {"geodesic": false, "type": "Point", "coordinates": [66.59974769169514, 29.396020199885164]}, "id": "8", "properties": {"classification": 1, "latitude": 29.396020199885164, "longitude": 66.59974769169514, "district": "Kalat"}}, {"type": "Feature", "geometry": {"geodesic": false, "type": "Point", "coordinates": [66.50183132572612, 29.3978168304534]}, "id": "9", "properties": {"classification": 1, "latitude": 29.3978168304534, "longitude": 66.50183132572612, "district": "Kalat"}}, {"type": "Feature", "geometry": {"geodesic": false, "type": "Point", "coordinates": [66.26737103657092, 28.080886623934184]}, "id": "10", "properties": {"classification": 1, "latitude": 28.080886623934184, "longitude": 66.26737103657092, "district": "Kalat"}}, {"type": "Feature", "geometry": {"geodesic": false, "type": "Point", "coordinates": [66.32665984532281, 28.018004554045817]}, "id": "11", "properties": {"classification": 1, "latitude": 28.018004554045817, "longitude": 66.32665984532281, "district": "Kalat"}}, {"type": "Feature", "geometry": {"geodesic": false, "type": "Point", "coordinates": [66.17664119287485, 27.99554667194283]}, "id": "12", "properties": {"classification": 1, "latitude": 27.99554667194283, "longitude": 66.17664119287485, "district": "Kalat"}}, {"type": "Feature", "geometry": {"geodesic": false, "type": "Point", "coordinates": [66.45691556152015, 29.13461045220638]}, "id": "13", "properties": {"classification": 1, "latitude": 29.13461045220638, "longitude": 66.45691556152015, "district": "Kalat"}}, {"type": "Feature", "geometry": {"geodesic": false, "type": "Point", "coordinates": [66.59884937641102, 29.38434210119161]}, "id": "14", "properties": {"classification": 1, "latitude": 29.38434210119161, "longitude": 66.59884937641102, "district": "Kalat"}}, {"type": "Feature", "geometry": {"geodesic": false, "type": "Point", "coordinates": [66.4596105073725, 29.118440777092232]}, "id": "15", "properties": {"classification": 1, "latitude": 29.118440777092232, "longitude": 66.4596105073725, "district": "Kalat"}}, {"type": "Feature", "geometry": {"geodesic": false, "type": "Point", "coordinates": [66.25838788372972, 28.458179043264384]}, "id": "16", "properties": {"classification": 1, "latitude": 28.458179043264384, "longitude": 66.25838788372972, "district": "Kalat"}}, {"type": "Feature", "geometry": {"geodesic": false, "type": "Point", "coordinates": [66.51530605498792, 29.428359550113466]}, "id": "17", "properties": {"classification": 1, "latitude": 29.428359550113466, "longitude": 66.51530605498792, "district": "Kalat"}}, {"type": "Feature", "geometry": {"geodesic": false, "type": "Point", "coordinates": [67.5043511828035, 29.08699974214805]}, "id": "18", "properties": {"classification": 1, "latitude": 29.08699974214805, "longitude": 67.5043511828035, "district": "Kalat"}}, {"type": "Feature", "geometry": {"geodesic": false, "type": "Point", "coordinates": [66.500933010442, 28.1231074422878]}, "id": "19", "properties": {"classification": 1, "latitude": 28.1231074422878, "longitude": 66.500933010442, "district": "Kalat"}}, {"type": "Feature", "geometry": {"geodesic": false, "type": "Point", "coordinates": [67.260009425523, 29.36368084965686]}, "id": "20", "properties": {"classification": 1, "latitude": 29.36368084965686, "longitude": 67.260009425523, "district": "Kalat"}}, {"type": "Feature", "geometry": {"geodesic": false, "type": "Point", "coordinates": [66.27006598242329, 28.116819235298966]}, "id": "21", "properties": {"classification": 1, "latitude": 28.116819235298966, "longitude": 66.27006598242329, "district": "Kalat"}}, {"type": "Feature", "geometry": {"geodesic": false, "type": "Point", "coordinates": [66.51350942441967, 29.402308406874]}, "id": "22", "properties": {"classification": 1, "latitude": 29.402308406874, "longitude": 66.51350942441967, "district": "Kalat"}}, {"type": "Feature", "geometry": {"geodesic": false, "type": "Point", "coordinates": [66.31408343134514, 28.118615865867202]}, "id": "23", "properties": {"classification": 1, "latitude": 28.118615865867202, "longitude": 66.31408343134514, "district": "Kalat"}}, {"type": "Feature", "geometry": {"geodesic": false, "type": "Point", "coordinates": [66.49733974930552, 28.119514181151324]}, "id": "24", "properties": {"classification": 1, "latitude": 28.119514181151324, "longitude": 66.49733974930552, "district": "Kalat"}}, {"type": "Feature", "geometry": {"geodesic": false, "type": "Point", "coordinates": [68.4709384285161, 28.572265084347563]}, "id": "0", "properties": {"classification": 1, "latitude": 28.572265084347563, "longitude": 68.4709384285161, "district": "Jafarabad"}}, {"type": "Feature", "geometry": {"geodesic": false, "type": "Point", "coordinates": [68.77546730983264, 28.40967001792193]}, "id": "1", "properties": {"classification": 1, "latitude": 28.40967001792193, "longitude": 68.77546730983264, "district": "Jafarabad"}}, {"type": "Feature", "geometry": {"geodesic": false, "type": "Point", "coordinates": [67.68311592434328, 28.021597815182297]}, "id": "2", "properties": {"classification": 1, "latitude": 28.021597815182297, "longitude": 67.68311592434328, "district": "Jafarabad"}}, {"type": "Feature", "geometry": {"geodesic": false, "type": "Point", "coordinates": [68.00830605719456, 28.150955216095507]}, "id": "3", "properties": {"classification": 1, "latitude": 28.150955216095507, "longitude": 68.00830605719456, "district": "Jafarabad"}}, {"type": "Feature", "geometry": {"geodesic": false, "type": "Point", "coordinates": [68.89224829676817, 28.408771702637807]}, "id": "4", "properties": {"classification": 1, "latitude": 28.408771702637807, "longitude": 68.89224829676817, "district": "Jafarabad"}}, {"type": "Feature", "geometry": {"geodesic": false, "type": "Point", "coordinates": [67.95081387901091, 28.150955216095507]}, "id": "5", "properties": {"classification": 1, "latitude": 28.150955216095507, "longitude": 67.95081387901091, "district": "Jafarabad"}}, {"type": "Feature", "geometry": {"geodesic": false, "type": "Point", "coordinates": [67.89152507025902, 28.053038850126477]}, "id": "6", "properties": {"classification": 1, "latitude": 28.053038850126477, "longitude": 67.89152507025902, "district": "Jafarabad"}}, {"type": "Feature", "geometry": {"geodesic": false, "type": "Point", "coordinates": [68.61556718925935, 28.49411165462916]}, "id": "7", "properties": {"classification": 1, "latitude": 28.49411165462916, "longitude": 68.61556718925935, "district": "Jafarabad"}}, {"type": "Feature", "geometry": {"geodesic": false, "type": "Point", "coordinates": [68.20683373498497, 28.283905878145195]}, "id": "8", "properties": {"classification": 1, "latitude": 28.283905878145195, "longitude": 68.20683373498497, "district": "Jafarabad"}}, {"type": "Feature", "geometry": {"geodesic": false, "type": "Point", "coordinates": [68.43051424073073, 28.22371875410919]}, "id": "9", "properties": {"classification": 1, "latitude": 28.22371875410919, "longitude": 68.43051424073073, "district": "Jafarabad"}}, {"type": "Feature", "geometry": {"geodesic": false, "type": "Point", "coordinates": [68.39278499879771, 28.221023808256827]}, "id": "10", "properties": {"classification": 1, "latitude": 28.221023808256827, "longitude": 68.39278499879771, "district": "Jafarabad"}}, {"type": "Feature", "geometry": {"geodesic": false, "type": "Point", "coordinates": [68.22120677953089, 28.170718152346137]}, "id": "11", "properties": {"classification": 1, "latitude": 28.170718152346137, "longitude": 68.22120677953089, "district": "Jafarabad"}}, {"type": "Feature", "geometry": {"geodesic": false, "type": "Point", "coordinates": [67.78103229031233, 27.88325726142789]}, "id": "12", "properties": {"classification": 1, "latitude": 27.88325726142789, "longitude": 67.78103229031233, "district": "Jafarabad"}}, {"type": "Feature", "geometry": {"geodesic": false, "type": "Point", "coordinates": [67.72713337326515, 27.95242753830509]}, "id": "13", "properties": {"classification": 1, "latitude": 27.95242753830509, "longitude": 67.72713337326515, "district": "Jafarabad"}}, {"type": "Feature", "geometry": {"geodesic": false, "type": "Point", "coordinates": [68.15922302492663, 28.321635120078216]}, "id": "14", "properties": {"classification": 1, "latitude": 28.321635120078216, "longitude": 68.15922302492663, "district": "Jafarabad"}}, {"type": "Feature", "geometry": {"geodesic": false, "type": "Point", "coordinates": [68.71707681636487, 28.385415505250702]}, "id": "15", "properties": {"classification": 1, "latitude": 28.385415505250702, "longitude": 68.71707681636487, "district": "Jafarabad"}}, {"type": "Feature", "geometry": {"geodesic": false, "type": "Point", "coordinates": [68.16551123191547, 28.111429343594246]}, "id": "16", "properties": {"classification": 1, "latitude": 28.111429343594246, "longitude": 68.16551123191547, "district": "Jafarabad"}}, {"type": "Feature", "geometry": {"geodesic": false, "type": "Point", "coordinates": [67.71455695928748, 27.97219047455572]}, "id": "17", "properties": {"classification": 1, "latitude": 27.97219047455572, "longitude": 67.71455695928748, "district": "Jafarabad"}}, {"type": "Feature", "geometry": {"geodesic": false, "type": "Point", "coordinates": [68.46465022152728, 28.605502749859983]}, "id": "18", "properties": {"classification": 1, "latitude": 28.605502749859983, "longitude": 68.46465022152728, "district": "Jafarabad"}}, {"type": "Feature", "geometry": {"geodesic": false, "type": "Point", "coordinates": [68.01100100304691, 28.03058096802349]}, "id": "19", "properties": {"classification": 1, "latitude": 28.03058096802349, "longitude": 68.01100100304691, "district": "Jafarabad"}}, {"type": "Feature", "geometry": {"geodesic": false, "type": "Point", "coordinates": [68.17988427646138, 28.27402441001988]}, "id": "20", "properties": {"classification": 1, "latitude": 28.27402441001988, "longitude": 68.17988427646138, "district": "Jafarabad"}}, {"type": "Feature", "geometry": {"geodesic": false, "type": "Point", "coordinates": [68.50148114817617, 28.44650094457083]}, "id": "21", "properties": {"classification": 1, "latitude": 28.44650094457083, "longitude": 68.50148114817617, "district": "Jafarabad"}}, {"type": "Feature", "geometry": {"geodesic": false, "type": "Point", "coordinates": [67.74150641781105, 28.06741189467239]}, "id": "22", "properties": {"classification": 1, "latitude": 28.06741189467239, "longitude": 67.74150641781105, "district": "Jafarabad"}}, {"type": "Feature", "geometry": {"geodesic": false, "type": "Point", "coordinates": [68.19785058214377, 28.24078674450746]}, "id": "23", "properties": {"classification": 1, "latitude": 28.24078674450746, "longitude": 68.19785058214377, "district": "Jafarabad"}}, {"type": "Feature", "geometry": {"geodesic": false, "type": "Point", "coordinates": [67.68311592434328, 28.006326455352262]}, "id": "24", "properties": {"classification": 1, "latitude": 28.006326455352262, "longitude": 67.68311592434328, "district": "Jafarabad"}}, {"type": "Feature", "geometry": {"geodesic": false, "type": "Point", "coordinates": [68.02627236287695, 28.618977479121778]}, "id": "0", "properties": {"classification": 1, "latitude": 28.618977479121778, "longitude": 68.02627236287695, "district": "Nasirabad"}}, {"type": "Feature", "geometry": {"geodesic": false, "type": "Point", "coordinates": [68.17359606947255, 28.68545281014662]}, "id": "1", "properties": {"classification": 1, "latitude": 28.68545281014662, "longitude": 68.17359606947255, "district": "Nasirabad"}}, {"type": "Feature", "geometry": {"geodesic": false, "type": "Point", "coordinates": [67.9597970318521, 28.396195288660135]}, "id": "2", "properties": {"classification": 1, "latitude": 28.396195288660135, "longitude": 67.9597970318521, "district": "Nasirabad"}}, {"type": "Feature", "geometry": {"geodesic": false, "type": "Point", "coordinates": [68.08915443276531, 28.59921454287115]}, "id": "3", "properties": {"classification": 1, "latitude": 28.59921454287115, "longitude": 68.08915443276531, "district": "Nasirabad"}}, {"type": "Feature", "geometry": {"geodesic": false, "type": "Point", "coordinates": [68.42512434902602, 28.452789151559667]}, "id": "4", "properties": {"classification": 1, "latitude": 28.452789151559667, "longitude": 68.42512434902602, "district": "Nasirabad"}}, {"type": "Feature", "geometry": {"geodesic": false, "type": "Point", "coordinates": [67.90499979952081, 28.268634518315164]}, "id": "5", "properties": {"classification": 1, "latitude": 28.268634518315164, "longitude": 67.90499979952081, "district": "Nasirabad"}}, {"type": "Feature", "geometry": {"geodesic": false, "type": "Point", "coordinates": [68.15113818736955, 28.469857141957938]}, "id": "6", "properties": {"classification": 1, "latitude": 28.469857141957938, "longitude": 68.15113818736955, "district": "Nasirabad"}}, {"type": "Feature", "geometry": {"geodesic": false, "type": "Point", "coordinates": [68.37032711669472, 28.628858947247092]}, "id": "7", "properties": {"classification": 1, "latitude": 28.628858947247092, "longitude": 68.37032711669472, "district": "Nasirabad"}}, {"type": "Feature", "geometry": {"geodesic": false, "type": "Point", "coordinates": [67.83313457679125, 28.427636323604318]}, "id": "8", "properties": {"classification": 1, "latitude": 28.427636323604318, "longitude": 67.83313457679125, "district": "Nasirabad"}}, {"type": "Feature", "geometry": {"geodesic": false, "type": "Point", "coordinates": [67.85738908946247, 28.185989512176167]}, "id": "9", "properties": {"classification": 1, "latitude": 28.185989512176167, "longitude": 67.85738908946247, "district": "Nasirabad"}}, {"type": "Feature", "geometry": {"geodesic": false, "type": "Point", "coordinates": [68.40805635862775, 28.398890234512493]}, "id": "10", "properties": {"classification": 1, "latitude": 28.398890234512493, "longitude": 68.40805635862775, "district": "Nasirabad"}}, {"type": "Feature", "geometry": {"geodesic": false, "type": "Point", "coordinates": [68.19246069043906, 28.433924530593156]}, "id": "11", "properties": {"classification": 1, "latitude": 28.433924530593156, "longitude": 68.19246069043906, "district": "Nasirabad"}}, {"type": "Feature", "geometry": {"geodesic": false, "type": "Point", "coordinates": [68.14484998038073, 28.425839693036078]}, "id": "12", "properties": {"classification": 1, "latitude": 28.425839693036078, "longitude": 68.14484998038073, "district": "Nasirabad"}}, {"type": "Feature", "geometry": {"geodesic": false, "type": "Point", "coordinates": [68.33978439703466, 28.76180960929678]}, "id": "13", "properties": {"classification": 1, "latitude": 28.76180960929678, "longitude": 68.33978439703466, "district": "Nasirabad"}}, {"type": "Feature", "geometry": {"geodesic": false, "type": "Point", "coordinates": [67.90949137594141, 28.48512850178797]}, "id": "14", "properties": {"classification": 1, "latitude": 28.48512850178797, "longitude": 67.90949137594141, "district": "Nasirabad"}}, {"type": "Feature", "geometry": {"geodesic": false, "type": "Point", "coordinates": [68.38110690010416, 28.468958826673816]}, "id": "15", "properties": {"classification": 1, "latitude": 28.468958826673816, "longitude": 68.38110690010416, "district": "Nasirabad"}}, {"type": "Feature", "geometry": {"geodesic": false, "type": "Point", "coordinates": [68.0747813882194, 28.302770499111706]}, "id": "16", "properties": {"classification": 1, "latitude": 28.302770499111706, "longitude": 68.0747813882194, "district": "Nasirabad"}}, {"type": "Feature", "geometry": {"geodesic": false, "type": "Point", "coordinates": [68.2544444450433, 28.420449801331362]}, "id": "17", "properties": {"classification": 1, "latitude": 28.420449801331362, "longitude": 68.2544444450433, "district": "Nasirabad"}}, {"type": "Feature", "geometry": {"geodesic": false, "type": "Point", "coordinates": [68.11879883714126, 28.344093002181204]}, "id": "18", "properties": {"classification": 1, "latitude": 28.344093002181204, "longitude": 68.11879883714126, "district": "Nasirabad"}}, {"type": "Feature", "geometry": {"geodesic": false, "type": "Point", "coordinates": [68.02717067816107, 28.3899070816713]}, "id": "19", "properties": {"classification": 1, "latitude": 28.3899070816713, "longitude": 68.02717067816107, "district": "Nasirabad"}}, {"type": "Feature", "geometry": {"geodesic": false, "type": "Point", "coordinates": [68.26522422845274, 28.5327392118463]}, "id": "20", "properties": {"classification": 1, "latitude": 28.5327392118463, "longitude": 68.26522422845274, "district": "Nasirabad"}}, {"type": "Feature", "geometry": {"geodesic": false, "type": "Point", "coordinates": [67.8906267549749, 28.246176636212176]}, "id": "21", "properties": {"classification": 1, "latitude": 28.246176636212176, "longitude": 67.8906267549749, "district": "Nasirabad"}}, {"type": "Feature", "geometry": {"geodesic": false, "type": "Point", "coordinates": [68.22030846424677, 28.437517791729633]}, "id": "22", "properties": {"classification": 1, "latitude": 28.437517791729633, "longitude": 68.22030846424677, "district": "Nasirabad"}}, {"type": "Feature", "geometry": {"geodesic": false, "type": "Point", "coordinates": [68.01908584060399, 28.508484699175074]}, "id": "23", "properties": {"classification": 1, "latitude": 28.508484699175074, "longitude": 68.01908584060399, "district": "Nasirabad"}}, {"type": "Feature", "geometry": {"geodesic": false, "type": "Point", "coordinates": [68.20054552799614, 28.420449801331362]}, "id": "24", "properties": {"classification": 1, "latitude": 28.420449801331362, "longitude": 68.20054552799614, "district": "Nasirabad"}}, {"type": "Feature", "geometry": {"geodesic": false, "type": "Point", "coordinates": [67.5591484151348, 28.381822244114222]}, "id": "0", "properties": {"classification": 1, "latitude": 28.381822244114222, "longitude": 67.5591484151348, "district": "Jhal Magsi"}}, {"type": "Feature", "geometry": {"geodesic": false, "type": "Point", "coordinates": [67.79630365014235, 28.627062316678852]}, "id": "1", "properties": {"classification": 1, "latitude": 28.627062316678852, "longitude": 67.79630365014235, "district": "Jhal Magsi"}}, {"type": "Feature", "geometry": {"geodesic": false, "type": "Point", "coordinates": [67.53130064132709, 28.581248237188756]}, "id": "2", "properties": {"classification": 1, "latitude": 28.581248237188756, "longitude": 67.53130064132709, "district": "Jhal Magsi"}}, {"type": "Feature", "geometry": {"geodesic": false, "type": "Point", "coordinates": [67.72533674269691, 28.360262677295356]}, "id": "3", "properties": {"classification": 1, "latitude": 28.360262677295356, "longitude": 67.72533674269691, "district": "Jhal Magsi"}}, {"type": "Feature", "geometry": {"geodesic": false, "type": "Point", "coordinates": [67.61753890860257, 28.385415505250702]}, "id": "4", "properties": {"classification": 1, "latitude": 28.385415505250702, "longitude": 67.61753890860257, "district": "Jhal Magsi"}}, {"type": "Feature", "geometry": {"geodesic": false, "type": "Point", "coordinates": [67.7064721217304, 27.892240414269082]}, "id": "5", "properties": {"classification": 1, "latitude": 27.892240414269082, "longitude": 67.7064721217304, "district": "Jhal Magsi"}}, {"type": "Feature", "geometry": {"geodesic": false, "type": "Point", "coordinates": [67.78282892088056, 28.40517844150133]}, "id": "6", "properties": {"classification": 1, "latitude": 28.40517844150133, "longitude": 67.78282892088056, "district": "Jhal Magsi"}}, {"type": "Feature", "geometry": {"geodesic": false, "type": "Point", "coordinates": [67.68670918547977, 28.455484097412025]}, "id": "7", "properties": {"classification": 1, "latitude": 28.455484097412025, "longitude": 67.68670918547977, "district": "Jhal Magsi"}}, {"type": "Feature", "geometry": {"geodesic": false, "type": "Point", "coordinates": [67.66874287979738, 27.957817430009808]}, "id": "8", "properties": {"classification": 1, "latitude": 27.957817430009808, "longitude": 67.66874287979738, "district": "Jhal Magsi"}}, {"type": "Feature", "geometry": {"geodesic": false, "type": "Point", "coordinates": [67.40104492512977, 28.309058706100544]}, "id": "9", "properties": {"classification": 1, "latitude": 28.309058706100544, "longitude": 67.40104492512977, "district": "Jhal Magsi"}}, {"type": "Feature", "geometry": {"geodesic": false, "type": "Point", "coordinates": [67.73072663440162, 28.36834751485243]}, "id": "10", "properties": {"classification": 1, "latitude": 28.36834751485243, "longitude": 67.73072663440162, "district": "Jhal Magsi"}}, {"type": "Feature", "geometry": {"geodesic": false, "type": "Point", "coordinates": [67.40014660984563, 28.302770499111706]}, "id": "11", "properties": {"classification": 1, "latitude": 28.302770499111706, "longitude": 67.40014660984563, "district": "Jhal Magsi"}}, {"type": "Feature", "geometry": {"geodesic": false, "type": "Point", "coordinates": [67.74150641781105, 28.450094205707305]}, "id": "12", "properties": {"classification": 1, "latitude": 28.450094205707305, "longitude": 67.74150641781105, "district": "Jhal Magsi"}}, {"type": "Feature", "geometry": {"geodesic": false, "type": "Point", "coordinates": [67.60226754877253, 27.97398710512396]}, "id": "13", "properties": {"classification": 1, "latitude": 27.97398710512396, "longitude": 67.60226754877253, "district": "Jhal Magsi"}}, {"type": "Feature", "geometry": {"geodesic": false, "type": "Point", "coordinates": [67.54747031644125, 28.389008766387178]}, "id": "14", "properties": {"classification": 1, "latitude": 28.389008766387178, "longitude": 67.54747031644125, "district": "Jhal Magsi"}}, {"type": "Feature", "geometry": {"geodesic": false, "type": "Point", "coordinates": [67.79001544315351, 28.14826027024315]}, "id": "15", "properties": {"classification": 1, "latitude": 28.14826027024315, "longitude": 67.79001544315351, "district": "Jhal Magsi"}}, {"type": "Feature", "geometry": {"geodesic": false, "type": "Point", "coordinates": [67.35523084563967, 28.60999432628058]}, "id": "16", "properties": {"classification": 1, "latitude": 28.60999432628058, "longitude": 67.35523084563967, "district": "Jhal Magsi"}}, {"type": "Feature", "geometry": {"geodesic": false, "type": "Point", "coordinates": [67.81426995582474, 28.1967692955856]}, "id": "17", "properties": {"classification": 1, "latitude": 28.1967692955856, "longitude": 67.81426995582474, "district": "Jhal Magsi"}}, {"type": "Feature", "geometry": {"geodesic": false, "type": "Point", "coordinates": [67.76216766934581, 28.41146664849017]}, "id": "18", "properties": {"classification": 1, "latitude": 28.41146664849017, "longitude": 67.76216766934581, "district": "Jhal Magsi"}}, {"type": "Feature", "geometry": {"geodesic": false, "type": "Point", "coordinates": [67.51962254263354, 28.65041851406596]}, "id": "19", "properties": {"classification": 1, "latitude": 28.65041851406596, "longitude": 67.51962254263354, "district": "Jhal Magsi"}}, {"type": "Feature", "geometry": {"geodesic": false, "type": "Point", "coordinates": [67.60855575576137, 28.05573379597884]}, "id": "20", "properties": {"classification": 1, "latitude": 28.05573379597884, "longitude": 67.60855575576137, "district": "Jhal Magsi"}}, {"type": "Feature", "geometry": {"geodesic": false, "type": "Point", "coordinates": [67.67503108678622, 28.081784939218302]}, "id": "21", "properties": {"classification": 1, "latitude": 28.081784939218302, "longitude": 67.67503108678622, "district": "Jhal Magsi"}}, {"type": "Feature", "geometry": {"geodesic": false, "type": "Point", "coordinates": [67.59418271121545, 28.585739813609354]}, "id": "22", "properties": {"classification": 1, "latitude": 28.585739813609354, "longitude": 67.59418271121545, "district": "Jhal Magsi"}}, {"type": "Feature", "geometry": {"geodesic": false, "type": "Point", "coordinates": [67.688505816048, 28.404280126217213]}, "id": "23", "properties": {"classification": 1, "latitude": 28.404280126217213, "longitude": 67.688505816048, "district": "Jhal Magsi"}}, {"type": "Feature", "geometry": {"geodesic": false, "type": "Point", "coordinates": [67.63999679070555, 27.86798590159786]}, "id": "24", "properties": {"classification": 1, "latitude": 27.86798590159786, "longitude": 67.63999679070555, "district": "Jhal Magsi"}}, {"type": "Feature", "geometry": {"geodesic": false, "type": "Point", "coordinates": [67.95261050957915, 29.221747034765976]}, "id": "0", "properties": {"classification": 1, "latitude": 29.221747034765976, "longitude": 67.95261050957915, "district": "Kachhi"}}, {"type": "Feature", "geometry": {"geodesic": false, "type": "Point", "coordinates": [67.9229661052032, 29.174136324707643]}, "id": "1", "properties": {"classification": 1, "latitude": 29.174136324707643, "longitude": 67.9229661052032, "district": "Kachhi"}}, {"type": "Feature", "geometry": {"geodesic": false, "type": "Point", "coordinates": [67.54836863172537, 28.905540054755903]}, "id": "2", "properties": {"classification": 1, "latitude": 28.905540054755903, "longitude": 67.54836863172537, "district": "Kachhi"}}, {"type": "Feature", "geometry": {"geodesic": false, "type": "Point", "coordinates": [68.06669655066233, 29.210967251356543]}, "id": "3", "properties": {"classification": 1, "latitude": 29.210967251356543, "longitude": 68.06669655066233, "district": "Kachhi"}}, {"type": "Feature", "geometry": {"geodesic": false, "type": "Point", "coordinates": [68.09454432447004, 28.86242092111817]}, "id": "4", "properties": {"classification": 1, "latitude": 28.86242092111817, "longitude": 68.09454432447004, "district": "Kachhi"}}, {"type": "Feature", "geometry": {"geodesic": false, "type": "Point", "coordinates": [67.74240473309519, 29.563106842731393]}, "id": "5", "properties": {"classification": 1, "latitude": 29.563106842731393, "longitude": 67.74240473309519, "district": "Kachhi"}}, {"type": "Feature", "geometry": {"geodesic": false, "type": "Point", "coordinates": [68.08645948691296, 28.827386625037505]}, "id": "6", "properties": {"classification": 1, "latitude": 28.827386625037505, "longitude": 68.08645948691296, "district": "Kachhi"}}, {"type": "Feature", "geometry": {"geodesic": false, "type": "Point", "coordinates": [68.10532410787947, 28.805827058218636]}, "id": "7", "properties": {"classification": 1, "latitude": 28.805827058218636, "longitude": 68.10532410787947, "district": "Kachhi"}}, {"type": "Feature", "geometry": {"geodesic": false, "type": "Point", "coordinates": [68.0469336144117, 28.861522605834047]}, "id": "8", "properties": {"classification": 1, "latitude": 28.861522605834047, "longitude": 68.0469336144117, "district": "Kachhi"}}, {"type": "Feature", "geometry": {"geodesic": false, "type": "Point", "coordinates": [67.91308463707789, 29.112152570103394]}, "id": "9", "properties": {"classification": 1, "latitude": 29.112152570103394, "longitude": 67.91308463707789, "district": "Kachhi"}}, {"type": "Feature", "geometry": {"geodesic": false, "type": "Point", "coordinates": [68.09544263975415, 29.168746433002923]}, "id": "10", "properties": {"classification": 1, "latitude": 29.168746433002923, "longitude": 68.09544263975415, "district": "Kachhi"}}, {"type": "Feature", "geometry": {"geodesic": false, "type": "Point", "coordinates": [67.86547392701955, 28.652215144634198]}, "id": "11", "properties": {"classification": 1, "latitude": 28.652215144634198, "longitude": 67.86547392701955, "district": "Kachhi"}}, {"type": "Feature", "geometry": {"geodesic": false, "type": "Point", "coordinates": [67.79181207372176, 29.267561114256072]}, "id": "12", "properties": {"classification": 1, "latitude": 29.267561114256072, "longitude": 67.79181207372176, "district": "Kachhi"}}, {"type": "Feature", "geometry": {"geodesic": false, "type": "Point", "coordinates": [67.67772603263857, 29.12113572294459]}, "id": "13", "properties": {"classification": 1, "latitude": 29.12113572294459, "longitude": 67.67772603263857, "district": "Kachhi"}}, {"type": "Feature", "geometry": {"geodesic": false, "type": "Point", "coordinates": [67.77115082218701, 28.676469657305425]}, "id": "14", "properties": {"classification": 1, "latitude": 28.676469657305425, "longitude": 67.77115082218701, "district": "Kachhi"}}, {"type": "Feature", "geometry": {"geodesic": false, "type": "Point", "coordinates": [67.82954131565478, 29.144491920331696]}, "id": "15", "properties": {"classification": 1, "latitude": 29.144491920331696, "longitude": 67.82954131565478, "district": "Kachhi"}}, {"type": "Feature", "geometry": {"geodesic": false, "type": "Point", "coordinates": [67.75498114707285, 29.069931751749778]}, "id": "16", "properties": {"classification": 1, "latitude": 29.069931751749778, "longitude": 67.75498114707285, "district": "Kachhi"}}, {"type": "Feature", "geometry": {"geodesic": false, "type": "Point", "coordinates": [67.77204913747113, 29.192102630390032]}, "id": "17", "properties": {"classification": 1, "latitude": 29.192102630390032, "longitude": 67.77204913747113, "district": "Kachhi"}}, {"type": "Feature", "geometry": {"geodesic": false, "type": "Point", "coordinates": [67.79181207372176, 28.680062918441905]}, "id": "18", "properties": {"classification": 1, "latitude": 28.680062918441905, "longitude": 67.79181207372176, "district": "Kachhi"}}, {"type": "Feature", "geometry": {"geodesic": false, "type": "Point", "coordinates": [67.80259185713119, 28.67287639616895]}, "id": "19", "properties": {"classification": 1, "latitude": 28.67287639616895, "longitude": 67.80259185713119, "district": "Kachhi"}}, {"type": "Feature", "geometry": {"geodesic": false, "type": "Point", "coordinates": [67.80888006412002, 29.191204315105914]}, "id": "20", "properties": {"classification": 1, "latitude": 29.191204315105914, "longitude": 67.80888006412002, "district": "Kachhi"}}, {"type": "Feature", "geometry": {"geodesic": false, "type": "Point", "coordinates": [67.7989985959947, 29.174136324707643]}, "id": "21", "properties": {"classification": 1, "latitude": 29.174136324707643, "longitude": 67.7989985959947, "district": "Kachhi"}}, {"type": "Feature", "geometry": {"geodesic": false, "type": "Point", "coordinates": [68.16281628606312, 29.265764483687832]}, "id": "22", "properties": {"classification": 1, "latitude": 29.265764483687832, "longitude": 68.16281628606312, "district": "Kachhi"}}, {"type": "Feature", "geometry": {"geodesic": false, "type": "Point", "coordinates": [68.36314059442176, 29.01154125828201]}, "id": "23", "properties": {"classification": 1, "latitude": 29.01154125828201, "longitude": 68.36314059442176, "district": "Kachhi"}}, {"type": "Feature", "geometry": {"geodesic": false, "type": "Point", "coordinates": [67.47830003956403, 28.945065927257165]}, "id": "24", "properties": {"classification": 1, "latitude": 28.945065927257165, "longitude": 67.47830003956403, "district": "Kachhi"}}, {"type": "Feature", "geometry": {"geodesic": false, "type": "Point", "coordinates": [66.2520996767409, 25.75694498391698]}, "id": "0", "properties": {"classification": 1, "latitude": 25.75694498391698, "longitude": 66.2520996767409, "district": "Awaran"}}, {"type": "Feature", "geometry": {"geodesic": false, "type": "Point", "coordinates": [66.22155695708084, 26.241136922057404]}, "id": "1", "properties": {"classification": 1, "latitude": 26.241136922057404, "longitude": 66.22155695708084, "district": "Awaran"}}, {"type": "Feature", "geometry": {"geodesic": false, "type": "Point", "coordinates": [65.62148234728899, 26.34174823387879]}, "id": "2", "properties": {"classification": 1, "latitude": 26.34174823387879, "longitude": 65.62148234728899, "district": "Awaran"}}, {"type": "Feature", "geometry": {"geodesic": false, "type": "Point", "coordinates": [65.50020978393286, 26.26359480416039]}, "id": "3", "properties": {"classification": 1, "latitude": 26.26359480416039, "longitude": 65.50020978393286, "district": "Awaran"}}, {"type": "Feature", "geometry": {"geodesic": false, "type": "Point", "coordinates": [66.26287946015033, 26.34264654916291]}, "id": "4", "properties": {"classification": 1, "latitude": 26.34264654916291, "longitude": 66.26287946015033, "district": "Awaran"}}, {"type": "Feature", "geometry": {"geodesic": false, "type": "Point", "coordinates": [65.02140773749714, 26.32288361291228]}, "id": "5", "properties": {"classification": 1, "latitude": 26.32288361291228, "longitude": 65.02140773749714, "district": "Awaran"}}, {"type": "Feature", "geometry": {"geodesic": false, "type": "Point", "coordinates": [66.23952326276321, 26.3606128548453]}, "id": "6", "properties": {"classification": 1, "latitude": 26.3606128548453, "longitude": 66.23952326276321, "district": "Awaran"}}, {"type": "Feature", "geometry": {"geodesic": false, "type": "Point", "coordinates": [66.275455874128, 26.047999135971708]}, "id": "7", "properties": {"classification": 1, "latitude": 26.047999135971708, "longitude": 66.275455874128, "district": "Awaran"}}, {"type": "Feature", "geometry": {"geodesic": false, "type": "Point", "coordinates": [65.64753349052846, 26.37588421467533]}, "id": "8", "properties": {"classification": 1, "latitude": 26.37588421467533, "longitude": 65.64753349052846, "district": "Awaran"}}, {"type": "Feature", "geometry": {"geodesic": false, "type": "Point", "coordinates": [65.1938842720481, 26.428884816438384]}, "id": "9", "properties": {"classification": 1, "latitude": 26.428884816438384, "longitude": 65.1938842720481, "district": "Awaran"}}, {"type": "Feature", "geometry": {"geodesic": false, "type": "Point", "coordinates": [65.53883734114999, 26.280662794558662]}, "id": "10", "properties": {"classification": 1, "latitude": 26.280662794558662, "longitude": 65.53883734114999, "district": "Awaran"}}, {"type": "Feature", "geometry": {"geodesic": false, "type": "Point", "coordinates": [66.26198114486621, 26.336358342174073]}, "id": "11", "properties": {"classification": 1, "latitude": 26.336358342174073, "longitude": 66.26198114486621, "district": "Awaran"}}, {"type": "Feature", "geometry": {"geodesic": false, "type": "Point", "coordinates": [66.26018451429796, 26.109982890575953]}, "id": "12", "properties": {"classification": 1, "latitude": 26.109982890575953, "longitude": 66.26018451429796, "district": "Awaran"}}, {"type": "Feature", "geometry": {"geodesic": false, "type": "Point", "coordinates": [65.62956718484607, 26.419901663597187]}, "id": "13", "properties": {"classification": 1, "latitude": 26.419901663597187, "longitude": 65.62956718484607, "district": "Awaran"}}, {"type": "Feature", "geometry": {"geodesic": false, "type": "Point", "coordinates": [66.25030304617265, 26.35881622427706]}, "id": "14", "properties": {"classification": 1, "latitude": 26.35881622427706, "longitude": 66.25030304617265, "district": "Awaran"}}, {"type": "Feature", "geometry": {"geodesic": false, "type": "Point", "coordinates": [65.67358463376792, 26.576208523033984]}, "id": "15", "properties": {"classification": 1, "latitude": 26.576208523033984, "longitude": 65.67358463376792, "district": "Awaran"}}, {"type": "Feature", "geometry": {"geodesic": false, "type": "Point", "coordinates": [66.26287946015033, 26.105491314155355]}, "id": "16", "properties": {"classification": 1, "latitude": 26.105491314155355, "longitude": 66.26287946015033, "district": "Awaran"}}, {"type": "Feature", "geometry": {"geodesic": false, "type": "Point", "coordinates": [65.63675370711903, 26.36151117012942]}, "id": "17", "properties": {"classification": 1, "latitude": 26.36151117012942, "longitude": 65.63675370711903, "district": "Awaran"}}, {"type": "Feature", "geometry": {"geodesic": false, "type": "Point", "coordinates": [64.69981086578235, 26.232153769216207]}, "id": "18", "properties": {"classification": 1, "latitude": 26.232153769216207, "longitude": 64.69981086578235, "district": "Awaran"}}, {"type": "Feature", "geometry": {"geodesic": false, "type": "Point", "coordinates": [65.63944865297138, 26.45313932910961]}, "id": "19", "properties": {"classification": 1, "latitude": 26.45313932910961, "longitude": 65.63944865297138, "district": "Awaran"}}, {"type": "Feature", "geometry": {"geodesic": false, "type": "Point", "coordinates": [65.61519414030015, 26.3974437814942]}, "id": "20", "properties": {"classification": 1, "latitude": 26.3974437814942, "longitude": 65.61519414030015, "district": "Awaran"}}, {"type": "Feature", "geometry": {"geodesic": false, "type": "Point", "coordinates": [65.69873746172327, 26.696582771106]}, "id": "21", "properties": {"classification": 1, "latitude": 26.696582771106, "longitude": 65.69873746172327, "district": "Awaran"}}, {"type": "Feature", "geometry": {"geodesic": false, "type": "Point", "coordinates": [65.69155093945031, 26.51332645314562]}, "id": "22", "properties": {"classification": 1, "latitude": 26.51332645314562, "longitude": 65.69155093945031, "district": "Awaran"}}, {"type": "Feature", "geometry": {"geodesic": false, "type": "Point", "coordinates": [64.62165743606396, 26.21149251768146]}, "id": "23", "properties": {"classification": 1, "latitude": 26.21149251768146, "longitude": 64.62165743606396, "district": "Awaran"}}, {"type": "Feature", "geometry": {"geodesic": false, "type": "Point", "coordinates": [65.60082109575424, 27.124180846346892]}, "id": "24", "properties": {"classification": 1, "latitude": 27.124180846346892, "longitude": 65.60082109575424, "district": "Awaran"}}, {"type": "Feature", "geometry": {"geodesic": false, "type": "Point", "coordinates": [66.35989751083524, 25.99859179534513]}, "id": "0", "properties": {"classification": 1, "latitude": 25.99859179534513, "longitude": 66.35989751083524, "district": "Lasbela"}}, {"type": "Feature", "geometry": {"geodesic": false, "type": "Point", "coordinates": [66.67790112141354, 25.45960262487342]}, "id": "1", "properties": {"classification": 1, "latitude": 25.45960262487342, "longitude": 66.67790112141354, "district": "Lasbela"}}, {"type": "Feature", "geometry": {"geodesic": false, "type": "Point", "coordinates": [66.65903650044703, 25.425466644076877]}, "id": "2", "properties": {"classification": 1, "latitude": 25.425466644076877, "longitude": 66.65903650044703, "district": "Lasbela"}}, {"type": "Feature", "geometry": {"geodesic": false, "type": "Point", "coordinates": [66.44972903924719, 25.6841814459033]}, "id": "3", "properties": {"classification": 1, "latitude": 25.6841814459033, "longitude": 66.44972903924719, "district": "Lasbela"}}, {"type": "Feature", "geometry": {"geodesic": false, "type": "Point", "coordinates": [66.95368391363824, 25.052665801167276]}, "id": "4", "properties": {"classification": 1, "latitude": 25.052665801167276, "longitude": 66.95368391363824, "district": "Lasbela"}}, {"type": "Feature", "geometry": {"geodesic": false, "type": "Point", "coordinates": [66.34013457458461, 26.202509364840264]}, "id": "5", "properties": {"classification": 1, "latitude": 26.202509364840264, "longitude": 66.34013457458461, "district": "Lasbela"}}, {"type": "Feature", "geometry": {"geodesic": false, "type": "Point", "coordinates": [66.54225551351149, 25.96176086869623]}, "id": "6", "properties": {"classification": 1, "latitude": 25.96176086869623, "longitude": 66.54225551351149, "district": "Lasbela"}}, {"type": "Feature", "geometry": {"geodesic": false, "type": "Point", "coordinates": [66.93481929267173, 25.0814118902591]}, "id": "7", "properties": {"classification": 1, "latitude": 25.0814118902591, "longitude": 66.93481929267173, "district": "Lasbela"}}, {"type": "Feature", "geometry": {"geodesic": false, "type": "Point", "coordinates": [66.34642278157344, 26.0246429385846]}, "id": "8", "properties": {"classification": 1, "latitude": 26.0246429385846, "longitude": 66.34642278157344, "district": "Lasbela"}}, {"type": "Feature", "geometry": {"geodesic": false, "type": "Point", "coordinates": [66.49105154231668, 25.70663932800629]}, "id": "9", "properties": {"classification": 1, "latitude": 25.70663932800629, "longitude": 66.49105154231668, "district": "Lasbela"}}, {"type": "Feature", "geometry": {"geodesic": false, "type": "Point", "coordinates": [67.00039630841245, 25.11644618633976]}, "id": "10", "properties": {"classification": 1, "latitude": 25.11644618633976, "longitude": 67.00039630841245, "district": "Lasbela"}}, {"type": "Feature", "geometry": {"geodesic": false, "type": "Point", "coordinates": [66.4227795807236, 25.970744021537428]}, "id": "11", "properties": {"classification": 1, "latitude": 25.970744021537428, "longitude": 66.4227795807236, "district": "Lasbela"}}, {"type": "Feature", "geometry": {"geodesic": false, "type": "Point", "coordinates": [66.70215563408478, 25.469484092998734]}, "id": "12", "properties": {"classification": 1, "latitude": 25.469484092998734, "longitude": 66.70215563408478, "district": "Lasbela"}}, {"type": "Feature", "geometry": {"geodesic": false, "type": "Point", "coordinates": [66.61861231266165, 25.846776512328933]}, "id": "13", "properties": {"classification": 1, "latitude": 25.846776512328933, "longitude": 66.61861231266165, "district": "Lasbela"}}, {"type": "Feature", "geometry": {"geodesic": false, "type": "Point", "coordinates": [66.24940473088853, 26.199814418987906]}, "id": "14", "properties": {"classification": 1, "latitude": 26.199814418987906, "longitude": 66.24940473088853, "district": "Lasbela"}}, {"type": "Feature", "geometry": {"geodesic": false, "type": "Point", "coordinates": [66.25030304617265, 26.19262789671495]}, "id": "15", "properties": {"classification": 1, "latitude": 26.19262789671495, "longitude": 66.25030304617265, "district": "Lasbela"}}, {"type": "Feature", "geometry": {"geodesic": false, "type": "Point", "coordinates": [66.68059606726591, 25.4218733829404]}, "id": "16", "properties": {"classification": 1, "latitude": 25.4218733829404, "longitude": 66.68059606726591, "district": "Lasbela"}}, {"type": "Feature", "geometry": {"geodesic": false, "type": "Point", "coordinates": [66.23772663219498, 26.218679039954417]}, "id": "17", "properties": {"classification": 1, "latitude": 26.218679039954417, "longitude": 66.23772663219498, "district": "Lasbela"}}, {"type": "Feature", "geometry": {"geodesic": false, "type": "Point", "coordinates": [66.28084576583272, 26.290544262683976]}, "id": "18", "properties": {"classification": 1, "latitude": 26.290544262683976, "longitude": 66.28084576583272, "district": "Lasbela"}}, {"type": "Feature", "geometry": {"geodesic": false, "type": "Point", "coordinates": [66.3302531064593, 26.39924041206244]}, "id": "19", "properties": {"classification": 1, "latitude": 26.39924041206244, "longitude": 66.3302531064593, "district": "Lasbela"}}, {"type": "Feature", "geometry": {"geodesic": false, "type": "Point", "coordinates": [66.31947332304986, 26.254611651319195]}, "id": "20", "properties": {"classification": 1, "latitude": 26.254611651319195, "longitude": 66.31947332304986, "district": "Lasbela"}}, {"type": "Feature", "geometry": {"geodesic": false, "type": "Point", "coordinates": [66.2610828295821, 26.232153769216207]}, "id": "21", "properties": {"classification": 1, "latitude": 26.232153769216207, "longitude": 66.2610828295821, "district": "Lasbela"}}, {"type": "Feature", "geometry": {"geodesic": false, "type": "Point", "coordinates": [66.69766405766417, 25.34282163793788]}, "id": "22", "properties": {"classification": 1, "latitude": 25.34282163793788, "longitude": 66.69766405766417, "district": "Lasbela"}}, {"type": "Feature", "geometry": {"geodesic": false, "type": "Point", "coordinates": [67.24024648927237, 26.3237819281964]}, "id": "23", "properties": {"classification": 1, "latitude": 26.3237819281964, "longitude": 67.24024648927237, "district": "Lasbela"}}, {"type": "Feature", "geometry": {"geodesic": false, "type": "Point", "coordinates": [66.2386249474791, 26.195322842567307]}, "id": "24", "properties": {"classification": 1, "latitude": 26.195322842567307, "longitude": 66.2386249474791, "district": "Lasbela"}}, {"type": "Feature", "geometry": {"geodesic": false, "type": "Point", "coordinates": [67.177364419384, 25.14159901429511]}, "id": "0", "properties": {"classification": 1, "latitude": 25.14159901429511, "longitude": 67.177364419384, "district": "Karachi"}}, {"type": "Feature", "geometry": {"geodesic": false, "type": "Point", "coordinates": [67.402841555698, 24.831680241273872]}, "id": "1", "properties": {"classification": 1, "latitude": 24.831680241273872, "longitude": 67.402841555698, "district": "Karachi"}}, {"type": "Feature", "geometry": {"geodesic": false, "type": "Point", "coordinates": [67.32558644126372, 24.846053285819785]}, "id": "2", "properties": {"classification": 1, "latitude": 24.846053285819785, "longitude": 67.32558644126372, "district": "Karachi"}}, {"type": "Feature", "geometry": {"geodesic": false, "type": "Point", "coordinates": [67.12795707875743, 25.135310807306272]}, "id": "3", "properties": {"classification": 1, "latitude": 25.135310807306272, "longitude": 67.12795707875743, "district": "Karachi"}}, {"type": "Feature", "geometry": {"geodesic": false, "type": "Point", "coordinates": [67.33007801768431, 24.937681444799978]}, "id": "4", "properties": {"classification": 1, "latitude": 24.937681444799978, "longitude": 67.33007801768431, "district": "Karachi"}}, {"type": "Feature", "geometry": {"geodesic": false, "type": "Point", "coordinates": [67.11987224120035, 25.10207314179385]}, "id": "5", "properties": {"classification": 1, "latitude": 25.10207314179385, "longitude": 67.11987224120035, "district": "Karachi"}}, {"type": "Feature", "geometry": {"geodesic": false, "type": "Point", "coordinates": [67.26090774080711, 25.127225969749198]}, "id": "6", "properties": {"classification": 1, "latitude": 25.127225969749198, "longitude": 67.26090774080711, "district": "Karachi"}}, {"type": "Feature", "geometry": {"geodesic": false, "type": "Point", "coordinates": [67.25461953381829, 24.865816222070414]}, "id": "7", "properties": {"classification": 1, "latitude": 24.865816222070414, "longitude": 67.25461953381829, "district": "Karachi"}}, {"type": "Feature", "geometry": {"geodesic": false, "type": "Point", "coordinates": [67.25372121853415, 24.912528616844632]}, "id": "8", "properties": {"classification": 1, "latitude": 24.912528616844632, "longitude": 67.25372121853415, "district": "Karachi"}}, {"type": "Feature", "geometry": {"geodesic": false, "type": "Point", "coordinates": [67.32199318012724, 24.968224164460043]}, "id": "9", "properties": {"classification": 1, "latitude": 24.968224164460043, "longitude": 67.32199318012724, "district": "Karachi"}}, {"type": "Feature", "geometry": {"geodesic": false, "type": "Point", "coordinates": [67.22317849887409, 25.09937819594149]}, "id": "10", "properties": {"classification": 1, "latitude": 25.09937819594149, "longitude": 67.22317849887409, "district": "Karachi"}}, {"type": "Feature", "geometry": {"geodesic": false, "type": "Point", "coordinates": [67.20161893205523, 25.06434389986083]}, "id": "11", "properties": {"classification": 1, "latitude": 25.06434389986083, "longitude": 67.20161893205523, "district": "Karachi"}}, {"type": "Feature", "geometry": {"geodesic": false, "type": "Point", "coordinates": [67.18544925694107, 25.171243418671054]}, "id": "12", "properties": {"classification": 1, "latitude": 25.171243418671054, "longitude": 67.18544925694107, "district": "Karachi"}}, {"type": "Feature", "geometry": {"geodesic": false, "type": "Point", "coordinates": [67.25731447967064, 25.1227343933286]}, "id": "13", "properties": {"classification": 1, "latitude": 25.1227343933286, "longitude": 67.25731447967064, "district": "Karachi"}}, {"type": "Feature", "geometry": {"geodesic": false, "type": "Point", "coordinates": [67.35792579149202, 25.0122416133819]}, "id": "14", "properties": {"classification": 1, "latitude": 25.0122416133819, "longitude": 67.35792579149202, "district": "Karachi"}}, {"type": "Feature", "geometry": {"geodesic": false, "type": "Point", "coordinates": [67.39565503342504, 25.49194197510172]}, "id": "15", "properties": {"classification": 1, "latitude": 25.49194197510172, "longitude": 67.39565503342504, "district": "Karachi"}}, {"type": "Feature", "geometry": {"geodesic": false, "type": "Point", "coordinates": [67.40014660984563, 25.034699495484887]}, "id": "16", "properties": {"classification": 1, "latitude": 25.034699495484887, "longitude": 67.40014660984563, "district": "Karachi"}}, {"type": "Feature", "geometry": {"geodesic": false, "type": "Point", "coordinates": [67.52591074962237, 24.773289747806107]}, "id": "17", "properties": {"classification": 1, "latitude": 24.773289747806107, "longitude": 67.52591074962237, "district": "Karachi"}}, {"type": "Feature", "geometry": {"geodesic": false, "type": "Point", "coordinates": [67.48279161598464, 24.84066339411507]}, "id": "18", "properties": {"classification": 1, "latitude": 24.84066339411507, "longitude": 67.48279161598464, "district": "Karachi"}}, {"type": "Feature", "geometry": {"geodesic": false, "type": "Point", "coordinates": [67.51602928149705, 24.80562909803441]}, "id": "19", "properties": {"classification": 1, "latitude": 24.80562909803441, "longitude": 67.51602928149705, "district": "Karachi"}}, {"type": "Feature", "geometry": {"geodesic": false, "type": "Point", "coordinates": [67.35343421507143, 25.57099372010424]}, "id": "20", "properties": {"classification": 1, "latitude": 25.57099372010424, "longitude": 67.35343421507143, "district": "Karachi"}}, {"type": "Feature", "geometry": {"geodesic": false, "type": "Point", "coordinates": [67.26719594779595, 25.098479880657372]}, "id": "21", "properties": {"classification": 1, "latitude": 25.098479880657372, "longitude": 67.26719594779595, "district": "Karachi"}}, {"type": "Feature", "geometry": {"geodesic": false, "type": "Point", "coordinates": [67.50884275922411, 24.851443177524505]}, "id": "22", "properties": {"classification": 1, "latitude": 24.851443177524505, "longitude": 67.50884275922411, "district": "Karachi"}}, {"type": "Feature", "geometry": {"geodesic": false, "type": "Point", "coordinates": [67.32109486484312, 24.920613454401707]}, "id": "23", "properties": {"classification": 1, "latitude": 24.920613454401707, "longitude": 67.32109486484312, "district": "Karachi"}}, {"type": "Feature", "geometry": {"geodesic": false, "type": "Point", "coordinates": [67.41901123081215, 24.96552921860768]}, "id": "24", "properties": {"classification": 1, "latitude": 24.96552921860768, "longitude": 67.41901123081215, "district": "Karachi"}}, {"type": "Feature", "geometry": {"geodesic": false, "type": "Point", "coordinates": [68.2867837952716, 24.87839263604809]}, "id": "0", "properties": {"classification": 1, "latitude": 24.87839263604809, "longitude": 68.2867837952716, "district": "Thatta"}}, {"type": "Feature", "geometry": {"geodesic": false, "type": "Point", "coordinates": [68.30654673152223, 24.738255451725443]}, "id": "1", "properties": {"classification": 1, "latitude": 24.738255451725443, "longitude": 68.30654673152223, "district": "Thatta"}}, {"type": "Feature", "geometry": {"geodesic": false, "type": "Point", "coordinates": [67.87086381872427, 24.51726989183204]}, "id": "2", "properties": {"classification": 1, "latitude": 24.51726989183204, "longitude": 67.87086381872427, "district": "Thatta"}}, {"type": "Feature", "geometry": {"geodesic": false, "type": "Point", "coordinates": [68.47812495078907, 24.307064115348073]}, "id": "3", "properties": {"classification": 1, "latitude": 24.307064115348073, "longitude": 68.47812495078907, "district": "Thatta"}}, {"type": "Feature", "geometry": {"geodesic": false, "type": "Point", "coordinates": [67.76486261519817, 24.60979636609635]}, "id": "4", "properties": {"classification": 1, "latitude": 24.60979636609635, "longitude": 67.76486261519817, "district": "Thatta"}}, {"type": "Feature", "geometry": {"geodesic": false, "type": "Point", "coordinates": [68.04962856026405, 24.529846305809716]}, "id": "5", "properties": {"classification": 1, "latitude": 24.529846305809716, "longitude": 68.04962856026405, "district": "Thatta"}}, {"type": "Feature", "geometry": {"geodesic": false, "type": "Point", "coordinates": [67.79271038900588, 24.76430659496491]}, "id": "6", "properties": {"classification": 1, "latitude": 24.76430659496491, "longitude": 67.79271038900588, "district": "Thatta"}}, {"type": "Feature", "geometry": {"geodesic": false, "type": "Point", "coordinates": [68.12239209827774, 24.774188063090225]}, "id": "7", "properties": {"classification": 1, "latitude": 24.774188063090225, "longitude": 68.12239209827774, "district": "Thatta"}}, {"type": "Feature", "geometry": {"geodesic": false, "type": "Point", "coordinates": [68.25264781447507, 24.436421516261284]}, "id": "8", "properties": {"classification": 1, "latitude": 24.436421516261284, "longitude": 68.25264781447507, "district": "Thatta"}}, {"type": "Feature", "geometry": {"geodesic": false, "type": "Point", "coordinates": [68.41344625033246, 24.392404067339427]}, "id": "9", "properties": {"classification": 1, "latitude": 24.392404067339427, "longitude": 68.41344625033246, "district": "Thatta"}}, {"type": "Feature", "geometry": {"geodesic": false, "type": "Point", "coordinates": [67.99123806679629, 24.453489506659555]}, "id": "10", "properties": {"classification": 1, "latitude": 24.453489506659555, "longitude": 67.99123806679629, "district": "Thatta"}}, {"type": "Feature", "geometry": {"geodesic": false, "type": "Point", "coordinates": [68.03166225458166, 24.3358102044399]}, "id": "11", "properties": {"classification": 1, "latitude": 24.3358102044399, "longitude": 68.03166225458166, "district": "Thatta"}}, {"type": "Feature", "geometry": {"geodesic": false, "type": "Point", "coordinates": [68.20413878913261, 24.285504548529204]}, "id": "12", "properties": {"classification": 1, "latitude": 24.285504548529204, "longitude": 68.20413878913261, "district": "Thatta"}}, {"type": "Feature", "geometry": {"geodesic": false, "type": "Point", "coordinates": [67.75498114707285, 24.59183006041396]}, "id": "13", "properties": {"classification": 1, "latitude": 24.59183006041396, "longitude": 67.75498114707285, "district": "Thatta"}}, {"type": "Feature", "geometry": {"geodesic": false, "type": "Point", "coordinates": [68.09813758560651, 24.369047869952322]}, "id": "14", "properties": {"classification": 1, "latitude": 24.369047869952322, "longitude": 68.09813758560651, "district": "Thatta"}}, {"type": "Feature", "geometry": {"geodesic": false, "type": "Point", "coordinates": [68.28498716470337, 24.282809602676846]}, "id": "15", "properties": {"classification": 1, "latitude": 24.282809602676846, "longitude": 68.28498716470337, "district": "Thatta"}}, {"type": "Feature", "geometry": {"geodesic": false, "type": "Point", "coordinates": [68.0837645410606, 24.438218146829524]}, "id": "16", "properties": {"classification": 1, "latitude": 24.438218146829524, "longitude": 68.0837645410606, "district": "Thatta"}}, {"type": "Feature", "geometry": {"geodesic": false, "type": "Point", "coordinates": [67.90320316895257, 24.228012370345557]}, "id": "17", "properties": {"classification": 1, "latitude": 24.228012370345557, "longitude": 67.90320316895257, "district": "Thatta"}}, {"type": "Feature", "geometry": {"geodesic": false, "type": "Point", "coordinates": [68.0882561174812, 24.412167003590056]}, "id": "18", "properties": {"classification": 1, "latitude": 24.412167003590056, "longitude": 68.0882561174812, "district": "Thatta"}}, {"type": "Feature", "geometry": {"geodesic": false, "type": "Point", "coordinates": [67.69120076190036, 24.194774704833133]}, "id": "19", "properties": {"classification": 1, "latitude": 24.194774704833133, "longitude": 67.69120076190036, "district": "Thatta"}}, {"type": "Feature", "geometry": {"geodesic": false, "type": "Point", "coordinates": [68.31642819964755, 24.382522599214113]}, "id": "20", "properties": {"classification": 1, "latitude": 24.382522599214113, "longitude": 68.31642819964755, "district": "Thatta"}}, {"type": "Feature", "geometry": {"geodesic": false, "type": "Point", "coordinates": [67.63460689900084, 24.55769407961742]}, "id": "21", "properties": {"classification": 1, "latitude": 24.55769407961742, "longitude": 67.63460689900084, "district": "Thatta"}}, {"type": "Feature", "geometry": {"geodesic": false, "type": "Point", "coordinates": [67.6516748893991, 24.872104429059252]}, "id": "22", "properties": {"classification": 1, "latitude": 24.872104429059252, "longitude": 67.6516748893991, "district": "Thatta"}}, {"type": "Feature", "geometry": {"geodesic": false, "type": "Point", "coordinates": [68.08645948691296, 24.709509362633618]}, "id": "23", "properties": {"classification": 1, "latitude": 24.709509362633618, "longitude": 68.08645948691296, "district": "Thatta"}}, {"type": "Feature", "geometry": {"geodesic": false, "type": "Point", "coordinates": [68.04962856026405, 24.42833667870421]}, "id": "24", "properties": {"classification": 1, "latitude": 24.42833667870421, "longitude": 68.04962856026405, "district": "Thatta"}}, {"type": "Feature", "geometry": {"geodesic": false, "type": "Point", "coordinates": [70.27834878016459, 24.506490108422607]}, "id": "0", "properties": {"classification": 1, "latitude": 24.506490108422607, "longitude": 70.27834878016459, "district": "Tharparkar"}}, {"type": "Feature", "geometry": {"geodesic": false, "type": "Point", "coordinates": [70.0995840386248, 24.885579158321047]}, "id": "1", "properties": {"classification": 1, "latitude": 24.885579158321047, "longitude": 70.0995840386248, "district": "Tharparkar"}}, {"type": "Feature", "geometry": {"geodesic": false, "type": "Point", "coordinates": [70.99161111575549, 24.813713935591483]}, "id": "2", "properties": {"classification": 1, "latitude": 24.813713935591483, "longitude": 70.99161111575549, "district": "Tharparkar"}}, {"type": "Feature", "geometry": {"geodesic": false, "type": "Point", "coordinates": [70.97005154893662, 24.384319229782353]}, "id": "3", "properties": {"classification": 1, "latitude": 24.384319229782353, "longitude": 70.97005154893662, "district": "Tharparkar"}}, {"type": "Feature", "geometry": {"geodesic": false, "type": "Point", "coordinates": [70.79488006853332, 24.35287819483817]}, "id": "4", "properties": {"classification": 1, "latitude": 24.35287819483817, "longitude": 70.79488006853332, "district": "Tharparkar"}}, {"type": "Feature", "geometry": {"geodesic": false, "type": "Point", "coordinates": [70.35111231817827, 24.85952801508158]}, "id": "5", "properties": {"classification": 1, "latitude": 24.85952801508158, "longitude": 70.35111231817827, "district": "Tharparkar"}}, {"type": "Feature", "geometry": {"geodesic": false, "type": "Point", "coordinates": [71.0014925838808, 24.404082166032982]}, "id": "6", "properties": {"classification": 1, "latitude": 24.404082166032982, "longitude": 71.0014925838808, "district": "Tharparkar"}}, {"type": "Feature", "geometry": {"geodesic": false, "type": "Point", "coordinates": [70.33763758891648, 25.167650157534574]}, "id": "7", "properties": {"classification": 1, "latitude": 25.167650157534574, "longitude": 70.33763758891648, "district": "Tharparkar"}}, {"type": "Feature", "geometry": {"geodesic": false, "type": "Point", "coordinates": [69.80583494071772, 24.927799976674663]}, "id": "8", "properties": {"classification": 1, "latitude": 24.927799976674663, "longitude": 69.80583494071772, "district": "Tharparkar"}}, {"type": "Feature", "geometry": {"geodesic": false, "type": "Point", "coordinates": [69.47255997030938, 24.73196724473661]}, "id": "9", "properties": {"classification": 1, "latitude": 24.73196724473661, "longitude": 69.47255997030938, "district": "Tharparkar"}}, {"type": "Feature", "geometry": {"geodesic": false, "type": "Point", "coordinates": [71.09312074286099, 24.402285535464742]}, "id": "10", "properties": {"classification": 1, "latitude": 24.402285535464742, "longitude": 71.09312074286099, "district": "Tharparkar"}}, {"type": "Feature", "geometry": {"geodesic": false, "type": "Point", "coordinates": [70.55053831125281, 25.005055091108943]}, "id": "11", "properties": {"classification": 1, "latitude": 25.005055091108943, "longitude": 70.55053831125281, "district": "Tharparkar"}}, {"type": "Feature", "geometry": {"geodesic": false, "type": "Point", "coordinates": [70.76972724057796, 24.245080360743827]}, "id": "12", "properties": {"classification": 1, "latitude": 24.245080360743827, "longitude": 70.76972724057796, "district": "Tharparkar"}}, {"type": "Feature", "geometry": {"geodesic": false, "type": "Point", "coordinates": [70.66372603705186, 24.2576567747215]}, "id": "13", "properties": {"classification": 1, "latitude": 24.2576567747215, "longitude": 70.66372603705186, "district": "Tharparkar"}}, {"type": "Feature", "geometry": {"geodesic": false, "type": "Point", "coordinates": [70.3529089487465, 25.162260265829858]}, "id": "14", "properties": {"classification": 1, "latitude": 25.162260265829858, "longitude": 70.3529089487465, "district": "Tharparkar"}}, {"type": "Feature", "geometry": {"geodesic": false, "type": "Point", "coordinates": [70.99250943103961, 24.390607436771187]}, "id": "15", "properties": {"classification": 1, "latitude": 24.390607436771187, "longitude": 70.99250943103961, "district": "Tharparkar"}}, {"type": "Feature", "geometry": {"geodesic": false, "type": "Point", "coordinates": [70.476876457955, 24.7086110473495]}, "id": "16", "properties": {"classification": 1, "latitude": 24.7086110473495, "longitude": 70.476876457955, "district": "Tharparkar"}}, {"type": "Feature", "geometry": {"geodesic": false, "type": "Point", "coordinates": [70.38165503783833, 24.951156174061772]}, "id": "17", "properties": {"classification": 1, "latitude": 24.951156174061772, "longitude": 70.38165503783833, "district": "Tharparkar"}}, {"type": "Feature", "geometry": {"geodesic": false, "type": "Point", "coordinates": [70.77062555586208, 25.212565921740552]}, "id": "18", "properties": {"classification": 1, "latitude": 25.212565921740552, "longitude": 70.77062555586208, "district": "Tharparkar"}}, {"type": "Feature", "geometry": {"geodesic": false, "type": "Point", "coordinates": [69.32343963314554, 24.283707917960967]}, "id": "19", "properties": {"classification": 1, "latitude": 24.283707917960967, "longitude": 69.32343963314554, "district": "Tharparkar"}}, {"type": "Feature", "geometry": {"geodesic": false, "type": "Point", "coordinates": [70.63677657852828, 24.287301179097444]}, "id": "20", "properties": {"classification": 1, "latitude": 24.287301179097444, "longitude": 70.63677657852828, "district": "Tharparkar"}}, {"type": "Feature", "geometry": {"geodesic": false, "type": "Point", "coordinates": [69.74474950139759, 24.397793959044144]}, "id": "21", "properties": {"classification": 1, "latitude": 24.397793959044144, "longitude": 69.74474950139759, "district": "Tharparkar"}}, {"type": "Feature", "geometry": {"geodesic": false, "type": "Point", "coordinates": [70.3987230282366, 25.111056294635045]}, "id": "22", "properties": {"classification": 1, "latitude": 25.111056294635045, "longitude": 70.3987230282366, "district": "Tharparkar"}}, {"type": "Feature", "geometry": {"geodesic": false, "type": "Point", "coordinates": [70.13731328055782, 24.76879817138551]}, "id": "23", "properties": {"classification": 1, "latitude": 24.76879817138551, "longitude": 70.13731328055782, "district": "Tharparkar"}}, {"type": "Feature", "geometry": {"geodesic": false, "type": "Point", "coordinates": [70.45621520642025, 24.606203104959874]}, "id": "24", "properties": {"classification": 1, "latitude": 24.606203104959874, "longitude": 70.45621520642025, "district": "Tharparkar"}}, {"type": "Feature", "geometry": {"geodesic": false, "type": "Point", "coordinates": [69.46806839388879, 25.350008160210837]}, "id": "0", "properties": {"classification": 1, "latitude": 25.350008160210837, "longitude": 69.46806839388879, "district": "Umerkot"}}, {"type": "Feature", "geometry": {"geodesic": false, "type": "Point", "coordinates": [69.56688307514193, 25.199091192478758]}, "id": "1", "properties": {"classification": 1, "latitude": 25.199091192478758, "longitude": 69.56688307514193, "district": "Umerkot"}}, {"type": "Feature", "geometry": {"geodesic": false, "type": "Point", "coordinates": [69.70702025946457, 25.405703707826248]}, "id": "2", "properties": {"classification": 1, "latitude": 25.405703707826248, "longitude": 69.70702025946457, "district": "Umerkot"}}, {"type": "Feature", "geometry": {"geodesic": false, "type": "Point", "coordinates": [69.49411953712824, 24.904443779287554]}, "id": "3", "properties": {"classification": 1, "latitude": 24.904443779287554, "longitude": 69.49411953712824, "district": "Umerkot"}}, {"type": "Feature", "geometry": {"geodesic": false, "type": "Point", "coordinates": [69.70612194418045, 25.40121213140565]}, "id": "4", "properties": {"classification": 1, "latitude": 25.40121213140565, "longitude": 69.70612194418045, "district": "Umerkot"}}, {"type": "Feature", "geometry": {"geodesic": false, "type": "Point", "coordinates": [69.45908524104759, 25.057157377587874]}, "id": "5", "properties": {"classification": 1, "latitude": 25.057157377587874, "longitude": 69.45908524104759, "district": "Umerkot"}}, {"type": "Feature", "geometry": {"geodesic": false, "type": "Point", "coordinates": [69.70522362889633, 25.482958822260528]}, "id": "6", "properties": {"classification": 1, "latitude": 25.482958822260528, "longitude": 69.70522362889633, "district": "Umerkot"}}, {"type": "Feature", "geometry": {"geodesic": false, "type": "Point", "coordinates": [69.48783133013941, 25.276346306913037]}, "id": "7", "properties": {"classification": 1, "latitude": 25.276346306913037, "longitude": 69.48783133013941, "district": "Umerkot"}}, {"type": "Feature", "geometry": {"geodesic": false, "type": "Point", "coordinates": [69.35667729865796, 25.405703707826248]}, "id": "8", "properties": {"classification": 1, "latitude": 25.405703707826248, "longitude": 69.35667729865796, "district": "Umerkot"}}, {"type": "Feature", "geometry": {"geodesic": false, "type": "Point", "coordinates": [69.47615323144585, 25.06883547628143]}, "id": "9", "properties": {"classification": 1, "latitude": 25.06883547628143, "longitude": 69.47615323144585, "district": "Umerkot"}}, {"type": "Feature", "geometry": {"geodesic": false, "type": "Point", "coordinates": [69.27672723837132, 25.492840290385843]}, "id": "10", "properties": {"classification": 1, "latitude": 25.492840290385843, "longitude": 69.27672723837132, "district": "Umerkot"}}, {"type": "Feature", "geometry": {"geodesic": false, "type": "Point", "coordinates": [69.69893542190749, 25.239515380264137]}, "id": "11", "properties": {"classification": 1, "latitude": 25.239515380264137, "longitude": 69.69893542190749, "district": "Umerkot"}}, {"type": "Feature", "geometry": {"geodesic": false, "type": "Point", "coordinates": [69.47615323144585, 25.31048228770958]}, "id": "12", "properties": {"classification": 1, "latitude": 25.31048228770958, "longitude": 69.47615323144585, "district": "Umerkot"}}, {"type": "Feature", "geometry": {"geodesic": false, "type": "Point", "coordinates": [69.64144324372384, 25.21615918287703]}, "id": "13", "properties": {"classification": 1, "latitude": 25.21615918287703, "longitude": 69.64144324372384, "district": "Umerkot"}}, {"type": "Feature", "geometry": {"geodesic": false, "type": "Point", "coordinates": [69.45369534934287, 25.12093776276036]}, "id": "14", "properties": {"classification": 1, "latitude": 25.12093776276036, "longitude": 69.45369534934287, "district": "Umerkot"}}, {"type": "Feature", "geometry": {"geodesic": false, "type": "Point", "coordinates": [69.4779498620141, 25.1227343933286]}, "id": "15", "properties": {"classification": 1, "latitude": 25.1227343933286, "longitude": 69.4779498620141, "district": "Umerkot"}}, {"type": "Feature", "geometry": {"geodesic": false, "type": "Point", "coordinates": [69.50669595110593, 25.372466042313825]}, "id": "16", "properties": {"classification": 1, "latitude": 25.372466042313825, "longitude": 69.50669595110593, "district": "Umerkot"}}, {"type": "Feature", "geometry": {"geodesic": false, "type": "Point", "coordinates": [69.59383253366552, 25.098479880657372]}, "id": "17", "properties": {"classification": 1, "latitude": 25.098479880657372, "longitude": 69.59383253366552, "district": "Umerkot"}}, {"type": "Feature", "geometry": {"geodesic": false, "type": "Point", "coordinates": [69.66300281054272, 25.389534032712096]}, "id": "18", "properties": {"classification": 1, "latitude": 25.389534032712096, "longitude": 69.66300281054272, "district": "Umerkot"}}, {"type": "Feature", "geometry": {"geodesic": false, "type": "Point", "coordinates": [69.55879823758485, 25.04727590946256]}, "id": "19", "properties": {"classification": 1, "latitude": 25.04727590946256, "longitude": 69.55879823758485, "district": "Umerkot"}}, {"type": "Feature", "geometry": {"geodesic": false, "type": "Point", "coordinates": [69.46178018689994, 24.944867967072934]}, "id": "20", "properties": {"classification": 1, "latitude": 24.944867967072934, "longitude": 69.46178018689994, "district": "Umerkot"}}, {"type": "Feature", "geometry": {"geodesic": false, "type": "Point", "coordinates": [69.75193602367055, 25.482060506976406]}, "id": "21", "properties": {"classification": 1, "latitude": 25.482060506976406, "longitude": 69.75193602367055, "district": "Umerkot"}}, {"type": "Feature", "geometry": {"geodesic": false, "type": "Point", "coordinates": [69.49052627599177, 25.038292756621363]}, "id": "22", "properties": {"classification": 1, "latitude": 25.038292756621363, "longitude": 69.49052627599177, "district": "Umerkot"}}, {"type": "Feature", "geometry": {"geodesic": false, "type": "Point", "coordinates": [69.56149318343721, 25.132615861453914]}, "id": "23", "properties": {"classification": 1, "latitude": 25.132615861453914, "longitude": 69.56149318343721, "district": "Umerkot"}}, {"type": "Feature", "geometry": {"geodesic": false, "type": "Point", "coordinates": [69.79775010316064, 25.5368577393077]}, "id": "24", "properties": {"classification": 1, "latitude": 25.5368577393077, "longitude": 69.79775010316064, "district": "Umerkot"}}, {"type": "Feature", "geometry": {"geodesic": false, "type": "Point", "coordinates": [68.26702085902097, 25.8728276555684]}, "id": "0", "properties": {"classification": 1, "latitude": 25.8728276555684, "longitude": 68.26702085902097, "district": "Jamshoro"}}, {"type": "Feature", "geometry": {"geodesic": false, "type": "Point", "coordinates": [68.32990292890935, 25.79736917170236]}, "id": "1", "properties": {"classification": 1, "latitude": 25.79736917170236, "longitude": 68.32990292890935, "district": "Jamshoro"}}, {"type": "Feature", "geometry": {"geodesic": false, "type": "Point", "coordinates": [67.5825046125219, 25.090395043100298]}, "id": "2", "properties": {"classification": 1, "latitude": 25.090395043100298, "longitude": 67.5825046125219, "district": "Jamshoro"}}, {"type": "Feature", "geometry": {"geodesic": false, "type": "Point", "coordinates": [68.25264781447507, 25.883607438977833]}, "id": "3", "properties": {"classification": 1, "latitude": 25.883607438977833, "longitude": 68.25264781447507, "district": "Jamshoro"}}, {"type": "Feature", "geometry": {"geodesic": false, "type": "Point", "coordinates": [67.90499979952081, 26.30401899194577]}, "id": "4", "properties": {"classification": 1, "latitude": 26.30401899194577, "longitude": 67.90499979952081, "district": "Jamshoro"}}, {"type": "Feature", "geometry": {"geodesic": false, "type": "Point", "coordinates": [67.73521821082223, 26.471105634792]}, "id": "5", "properties": {"classification": 1, "latitude": 26.471105634792, "longitude": 67.73521821082223, "district": "Jamshoro"}}, {"type": "Feature", "geometry": {"geodesic": false, "type": "Point", "coordinates": [67.79810028071059, 26.538479281100965]}, "id": "6", "properties": {"classification": 1, "latitude": 26.538479281100965, "longitude": 67.79810028071059, "district": "Jamshoro"}}, {"type": "Feature", "geometry": {"geodesic": false, "type": "Point", "coordinates": [67.94722061787444, 26.41630840246071]}, "id": "7", "properties": {"classification": 1, "latitude": 26.41630840246071, "longitude": 67.94722061787444, "district": "Jamshoro"}}, {"type": "Feature", "geometry": {"geodesic": false, "type": "Point", "coordinates": [67.77294745275525, 26.51152982257738]}, "id": "8", "properties": {"classification": 1, "latitude": 26.51152982257738, "longitude": 67.77294745275525, "district": "Jamshoro"}}, {"type": "Feature", "geometry": {"geodesic": false, "type": "Point", "coordinates": [67.71276032871924, 26.288747632115737]}, "id": "9", "properties": {"classification": 1, "latitude": 26.288747632115737, "longitude": 67.71276032871924, "district": "Jamshoro"}}, {"type": "Feature", "geometry": {"geodesic": false, "type": "Point", "coordinates": [67.87805034099722, 25.483857137544646]}, "id": "10", "properties": {"classification": 1, "latitude": 25.483857137544646, "longitude": 67.87805034099722, "district": "Jamshoro"}}, {"type": "Feature", "geometry": {"geodesic": false, "type": "Point", "coordinates": [67.79271038900588, 26.540275911669205]}, "id": "11", "properties": {"classification": 1, "latitude": 26.540275911669205, "longitude": 67.79271038900588, "district": "Jamshoro"}}, {"type": "Feature", "geometry": {"geodesic": false, "type": "Point", "coordinates": [67.64718331297851, 25.414686860667445]}, "id": "12", "properties": {"classification": 1, "latitude": 25.414686860667445, "longitude": 67.64718331297851, "district": "Jamshoro"}}, {"type": "Feature", "geometry": {"geodesic": false, "type": "Point", "coordinates": [68.36403890970588, 25.57548529652484]}, "id": "13", "properties": {"classification": 1, "latitude": 25.57548529652484, "longitude": 68.36403890970588, "district": "Jamshoro"}}, {"type": "Feature", "geometry": {"geodesic": false, "type": "Point", "coordinates": [68.36583554027413, 25.613214538457857]}, "id": "14", "properties": {"classification": 1, "latitude": 25.613214538457857, "longitude": 68.36583554027413, "district": "Jamshoro"}}, {"type": "Feature", "geometry": {"geodesic": false, "type": "Point", "coordinates": [68.31463156907931, 25.484755452828765]}, "id": "15", "properties": {"classification": 1, "latitude": 25.484755452828765, "longitude": 68.31463156907931, "district": "Jamshoro"}}, {"type": "Feature", "geometry": {"geodesic": false, "type": "Point", "coordinates": [67.59867428763606, 25.62938421357201]}, "id": "16", "properties": {"classification": 1, "latitude": 25.62938421357201, "longitude": 67.59867428763606, "district": "Jamshoro"}}, {"type": "Feature", "geometry": {"geodesic": false, "type": "Point", "coordinates": [68.31463156907931, 25.355398051915554]}, "id": "17", "properties": {"classification": 1, "latitude": 25.355398051915554, "longitude": 68.31463156907931, "district": "Jamshoro"}}, {"type": "Feature", "geometry": {"geodesic": false, "type": "Point", "coordinates": [68.33978439703466, 25.767724767326417]}, "id": "18", "properties": {"classification": 1, "latitude": 25.767724767326417, "longitude": 68.33978439703466, "district": "Jamshoro"}}, {"type": "Feature", "geometry": {"geodesic": false, "type": "Point", "coordinates": [67.7846255514488, 26.2914425779681]}, "id": "19", "properties": {"classification": 1, "latitude": 26.2914425779681, "longitude": 67.7846255514488, "district": "Jamshoro"}}, {"type": "Feature", "geometry": {"geodesic": false, "type": "Point", "coordinates": [67.90140653838434, 26.404630303767156]}, "id": "20", "properties": {"classification": 1, "latitude": 26.404630303767156, "longitude": 67.90140653838434, "district": "Jamshoro"}}, {"type": "Feature", "geometry": {"geodesic": false, "type": "Point", "coordinates": [67.91667789821436, 26.440562915131938]}, "id": "21", "properties": {"classification": 1, "latitude": 26.440562915131938, "longitude": 67.91667789821436, "district": "Jamshoro"}}, {"type": "Feature", "geometry": {"geodesic": false, "type": "Point", "coordinates": [67.70826875229864, 25.600638124480184]}, "id": "22", "properties": {"classification": 1, "latitude": 25.600638124480184, "longitude": 67.70826875229864, "district": "Jamshoro"}}, {"type": "Feature", "geometry": {"geodesic": false, "type": "Point", "coordinates": [67.5501652622936, 25.45690767902106]}, "id": "23", "properties": {"classification": 1, "latitude": 25.45690767902106, "longitude": 67.5501652622936, "district": "Jamshoro"}}, {"type": "Feature", "geometry": {"geodesic": false, "type": "Point", "coordinates": [68.36314059442176, 25.58446844936603]}, "id": "24", "properties": {"classification": 1, "latitude": 25.58446844936603, "longitude": 68.36314059442176, "district": "Jamshoro"}}, {"type": "Feature", "geometry": {"geodesic": false, "type": "Point", "coordinates": [67.99752627378513, 26.916670015715283]}, "id": "0", "properties": {"classification": 1, "latitude": 26.916670015715283, "longitude": 67.99752627378513, "district": "Dadu"}}, {"type": "Feature", "geometry": {"geodesic": false, "type": "Point", "coordinates": [67.40912976268683, 26.88882224190758]}, "id": "1", "properties": {"classification": 1, "latitude": 26.88882224190758, "longitude": 67.40912976268683, "district": "Dadu"}}, {"type": "Feature", "geometry": {"geodesic": false, "type": "Point", "coordinates": [67.71096369815099, 26.652565322184145]}, "id": "2", "properties": {"classification": 1, "latitude": 26.652565322184145, "longitude": 67.71096369815099, "district": "Dadu"}}, {"type": "Feature", "geometry": {"geodesic": false, "type": "Point", "coordinates": [67.60586080990902, 26.840313216565125]}, "id": "3", "properties": {"classification": 1, "latitude": 26.840313216565125, "longitude": 67.60586080990902, "district": "Dadu"}}, {"type": "Feature", "geometry": {"geodesic": false, "type": "Point", "coordinates": [67.86906718815604, 27.187961231519377]}, "id": "4", "properties": {"classification": 1, "latitude": 27.187961231519377, "longitude": 67.86906718815604, "district": "Dadu"}}, {"type": "Feature", "geometry": {"geodesic": false, "type": "Point", "coordinates": [67.55196189286184, 27.09453644197095]}, "id": "5", "properties": {"classification": 1, "latitude": 27.09453644197095, "longitude": 67.55196189286184, "district": "Dadu"}}, {"type": "Feature", "geometry": {"geodesic": false, "type": "Point", "coordinates": [67.82235479338182, 26.94092452838651]}, "id": "6", "properties": {"classification": 1, "latitude": 26.94092452838651, "longitude": 67.82235479338182, "district": "Dadu"}}, {"type": "Feature", "geometry": {"geodesic": false, "type": "Point", "coordinates": [67.91308463707789, 27.1888595468035]}, "id": "7", "properties": {"classification": 1, "latitude": 27.1888595468035, "longitude": 67.91308463707789, "district": "Dadu"}}, {"type": "Feature", "geometry": {"geodesic": false, "type": "Point", "coordinates": [67.50524949808762, 26.578903468886345]}, "id": "8", "properties": {"classification": 1, "latitude": 26.578903468886345, "longitude": 67.50524949808762, "district": "Dadu"}}, {"type": "Feature", "geometry": {"geodesic": false, "type": "Point", "coordinates": [67.71815022042395, 26.96158577992126]}, "id": "9", "properties": {"classification": 1, "latitude": 26.96158577992126, "longitude": 67.71815022042395, "district": "Dadu"}}, {"type": "Feature", "geometry": {"geodesic": false, "type": "Point", "coordinates": [67.91488126764612, 27.15023198958636]}, "id": "10", "properties": {"classification": 1, "latitude": 27.15023198958636, "longitude": 67.91488126764612, "district": "Dadu"}}, {"type": "Feature", "geometry": {"geodesic": false, "type": "Point", "coordinates": [67.64538668241028, 26.802583974632103]}, "id": "11", "properties": {"classification": 1, "latitude": 26.802583974632103, "longitude": 67.64538668241028, "district": "Dadu"}}, {"type": "Feature", "geometry": {"geodesic": false, "type": "Point", "coordinates": [67.67503108678622, 26.56542873962455]}, "id": "12", "properties": {"classification": 1, "latitude": 26.56542873962455, "longitude": 67.67503108678622, "district": "Dadu"}}, {"type": "Feature", "geometry": {"geodesic": false, "type": "Point", "coordinates": [68.08106959520823, 27.048722362480852]}, "id": "13", "properties": {"classification": 1, "latitude": 27.048722362480852, "longitude": 68.08106959520823, "district": "Dadu"}}, {"type": "Feature", "geometry": {"geodesic": false, "type": "Point", "coordinates": [67.6373018448532, 26.706464239231316]}, "id": "14", "properties": {"classification": 1, "latitude": 26.706464239231316, "longitude": 67.6373018448532, "district": "Dadu"}}, {"type": "Feature", "geometry": {"geodesic": false, "type": "Point", "coordinates": [67.78821881258527, 26.9588908340689]}, "id": "15", "properties": {"classification": 1, "latitude": 26.9588908340689, "longitude": 67.78821881258527, "district": "Dadu"}}, {"type": "Feature", "geometry": {"geodesic": false, "type": "Point", "coordinates": [67.76486261519817, 26.765753047983203]}, "id": "16", "properties": {"classification": 1, "latitude": 26.765753047983203, "longitude": 67.76486261519817, "district": "Dadu"}}, {"type": "Feature", "geometry": {"geodesic": false, "type": "Point", "coordinates": [67.40643481683448, 26.79000756065443]}, "id": "17", "properties": {"classification": 1, "latitude": 26.79000756065443, "longitude": 67.40643481683448, "district": "Dadu"}}, {"type": "Feature", "geometry": {"geodesic": false, "type": "Point", "coordinates": [67.70287886059393, 27.18706291623526]}, "id": "18", "properties": {"classification": 1, "latitude": 27.18706291623526, "longitude": 67.70287886059393, "district": "Dadu"}}, {"type": "Feature", "geometry": {"geodesic": false, "type": "Point", "coordinates": [67.76216766934581, 26.7010743475266]}, "id": "19", "properties": {"classification": 1, "latitude": 26.7010743475266, "longitude": 67.76216766934581, "district": "Dadu"}}, {"type": "Feature", "geometry": {"geodesic": false, "type": "Point", "coordinates": [67.66694624922914, 27.11160443236922]}, "id": "20", "properties": {"classification": 1, "latitude": 27.11160443236922, "longitude": 67.66694624922914, "district": "Dadu"}}, {"type": "Feature", "geometry": {"geodesic": false, "type": "Point", "coordinates": [67.84750762133716, 26.646277115195307]}, "id": "21", "properties": {"classification": 1, "latitude": 26.646277115195307, "longitude": 67.84750762133716, "district": "Dadu"}}, {"type": "Feature", "geometry": {"geodesic": false, "type": "Point", "coordinates": [67.52501243433825, 26.91936496156764]}, "id": "22", "properties": {"classification": 1, "latitude": 26.91936496156764, "longitude": 67.52501243433825, "district": "Dadu"}}, {"type": "Feature", "geometry": {"geodesic": false, "type": "Point", "coordinates": [67.9642886082727, 27.043332470776136]}, "id": "23", "properties": {"classification": 1, "latitude": 27.043332470776136, "longitude": 67.9642886082727, "district": "Dadu"}}, {"type": "Feature", "geometry": {"geodesic": false, "type": "Point", "coordinates": [67.85649077417835, 27.010094805263712]}, "id": "24", "properties": {"classification": 1, "latitude": 27.010094805263712, "longitude": 67.85649077417835, "district": "Dadu"}}, {"type": "Feature", "geometry": {"geodesic": false, "type": "Point", "coordinates": [68.44848054641312, 24.787662792352016]}, "id": "0", "properties": {"classification": 1, "latitude": 24.787662792352016, "longitude": 68.44848054641312, "district": "Tando Muhammad Khan"}}, {"type": "Feature", "geometry": {"geodesic": false, "type": "Point", "coordinates": [68.54639691238215, 24.95025785877765]}, "id": "1", "properties": {"classification": 1, "latitude": 24.95025785877765, "longitude": 68.54639691238215, "district": "Tando Muhammad Khan"}}, {"type": "Feature", "geometry": {"geodesic": false, "type": "Point", "coordinates": [68.55088848880276, 25.005055091108943]}, "id": "2", "properties": {"classification": 1, "latitude": 25.005055091108943, "longitude": 68.55088848880276, "district": "Tando Muhammad Khan"}}, {"type": "Feature", "geometry": {"geodesic": false, "type": "Point", "coordinates": [68.70180545653483, 24.864019591502178]}, "id": "3", "properties": {"classification": 1, "latitude": 24.864019591502178, "longitude": 68.70180545653483, "district": "Tando Muhammad Khan"}}, {"type": "Feature", "geometry": {"geodesic": false, "type": "Point", "coordinates": [68.66138126874945, 24.85503643866098]}, "id": "4", "properties": {"classification": 1, "latitude": 24.85503643866098, "longitude": 68.66138126874945, "district": "Tando Muhammad Khan"}}, {"type": "Feature", "geometry": {"geodesic": false, "type": "Point", "coordinates": [68.41614119618482, 24.830781925989754]}, "id": "5", "properties": {"classification": 1, "latitude": 24.830781925989754, "longitude": 68.41614119618482, "district": "Tando Muhammad Khan"}}, {"type": "Feature", "geometry": {"geodesic": false, "type": "Point", "coordinates": [68.43500581715134, 24.79934089104557]}, "id": "6", "properties": {"classification": 1, "latitude": 24.79934089104557, "longitude": 68.43500581715134, "district": "Tando Muhammad Khan"}}, {"type": "Feature", "geometry": {"geodesic": false, "type": "Point", "coordinates": [68.66766947573828, 24.892765680594003]}, "id": "7", "properties": {"classification": 1, "latitude": 24.892765680594003, "longitude": 68.66766947573828, "district": "Tando Muhammad Khan"}}, {"type": "Feature", "geometry": {"geodesic": false, "type": "Point", "coordinates": [68.53382049840448, 24.921511769685825]}, "id": "8", "properties": {"classification": 1, "latitude": 24.921511769685825, "longitude": 68.53382049840448, "district": "Tando Muhammad Khan"}}, {"type": "Feature", "geometry": {"geodesic": false, "type": "Point", "coordinates": [68.42692097959426, 24.94846122820941]}, "id": "9", "properties": {"classification": 1, "latitude": 24.94846122820941, "longitude": 68.42692097959426, "district": "Tando Muhammad Khan"}}, {"type": "Feature", "geometry": {"geodesic": false, "type": "Point", "coordinates": [68.52932892198388, 24.924206715538183]}, "id": "10", "properties": {"classification": 1, "latitude": 24.924206715538183, "longitude": 68.52932892198388, "district": "Tando Muhammad Khan"}}, {"type": "Feature", "geometry": {"geodesic": false, "type": "Point", "coordinates": [68.3092416773746, 25.014936559234258]}, "id": "11", "properties": {"classification": 1, "latitude": 25.014936559234258, "longitude": 68.3092416773746, "district": "Tando Muhammad Khan"}}, {"type": "Feature", "geometry": {"geodesic": false, "type": "Point", "coordinates": [68.44488728527665, 24.811018989739125]}, "id": "12", "properties": {"classification": 1, "latitude": 24.811018989739125, "longitude": 68.44488728527665, "district": "Tando Muhammad Khan"}}, {"type": "Feature", "geometry": {"geodesic": false, "type": "Point", "coordinates": [68.58592278488341, 24.91791850854935]}, "id": "13", "properties": {"classification": 1, "latitude": 24.91791850854935, "longitude": 68.58592278488341, "district": "Tando Muhammad Khan"}}, {"type": "Feature", "geometry": {"geodesic": false, "type": "Point", "coordinates": [68.49878620232381, 24.871206113775134]}, "id": "14", "properties": {"classification": 1, "latitude": 24.871206113775134, "longitude": 68.49878620232381, "district": "Tando Muhammad Khan"}}, {"type": "Feature", "geometry": {"geodesic": false, "type": "Point", "coordinates": [68.43500581715134, 24.851443177524505]}, "id": "15", "properties": {"classification": 1, "latitude": 24.851443177524505, "longitude": 68.43500581715134, "district": "Tando Muhammad Khan"}}, {"type": "Feature", "geometry": {"geodesic": false, "type": "Point", "coordinates": [68.43141255601485, 25.005055091108943]}, "id": "16", "properties": {"classification": 1, "latitude": 25.005055091108943, "longitude": 68.43141255601485, "district": "Tando Muhammad Khan"}}, {"type": "Feature", "geometry": {"geodesic": false, "type": "Point", "coordinates": [68.28498716470337, 25.031106234348407]}, "id": "17", "properties": {"classification": 1, "latitude": 25.031106234348407, "longitude": 68.28498716470337, "district": "Tando Muhammad Khan"}}, {"type": "Feature", "geometry": {"geodesic": false, "type": "Point", "coordinates": [68.53921039010919, 24.984393839574192]}, "id": "18", "properties": {"classification": 1, "latitude": 24.984393839574192, "longitude": 68.53921039010919, "district": "Tando Muhammad Khan"}}, {"type": "Feature", "geometry": {"geodesic": false, "type": "Point", "coordinates": [68.38020858482004, 25.032902864916647]}, "id": "19", "properties": {"classification": 1, "latitude": 25.032902864916647, "longitude": 68.38020858482004, "district": "Tando Muhammad Khan"}}, {"type": "Feature", "geometry": {"geodesic": false, "type": "Point", "coordinates": [68.47004011323199, 24.79934089104557]}, "id": "20", "properties": {"classification": 1, "latitude": 24.79934089104557, "longitude": 68.47004011323199, "district": "Tando Muhammad Khan"}}, {"type": "Feature", "geometry": {"geodesic": false, "type": "Point", "coordinates": [68.54460028181391, 24.918816823833467]}, "id": "21", "properties": {"classification": 1, "latitude": 24.918816823833467, "longitude": 68.54460028181391, "district": "Tando Muhammad Khan"}}, {"type": "Feature", "geometry": {"geodesic": false, "type": "Point", "coordinates": [68.28768211055574, 25.00685172167718]}, "id": "22", "properties": {"classification": 1, "latitude": 25.00685172167718, "longitude": 68.28768211055574, "district": "Tando Muhammad Khan"}}, {"type": "Feature", "geometry": {"geodesic": false, "type": "Point", "coordinates": [68.59310930715637, 24.882884212468685]}, "id": "23", "properties": {"classification": 1, "latitude": 24.882884212468685, "longitude": 68.59310930715637, "district": "Tando Muhammad Khan"}}, {"type": "Feature", "geometry": {"geodesic": false, "type": "Point", "coordinates": [68.60748235170227, 24.935884814231738]}, "id": "24", "properties": {"classification": 1, "latitude": 24.935884814231738, "longitude": 68.60748235170227, "district": "Tando Muhammad Khan"}}, {"type": "Feature", "geometry": {"geodesic": false, "type": "Point", "coordinates": [68.54100702067743, 25.6105195926055]}, "id": "0", "properties": {"classification": 1, "latitude": 25.6105195926055, "longitude": 68.54100702067743, "district": "Hyderabad"}}, {"type": "Feature", "geometry": {"geodesic": false, "type": "Point", "coordinates": [68.54460028181391, 25.410195284246846]}, "id": "1", "properties": {"classification": 1, "latitude": 25.410195284246846, "longitude": 68.54460028181391, "district": "Hyderabad"}}, {"type": "Feature", "geometry": {"geodesic": false, "type": "Point", "coordinates": [68.58682110016753, 25.633875789992608]}, "id": "2", "properties": {"classification": 1, "latitude": 25.633875789992608, "longitude": 68.58682110016753, "district": "Hyderabad"}}, {"type": "Feature", "geometry": {"geodesic": false, "type": "Point", "coordinates": [68.51495587743797, 25.324855332255492]}, "id": "3", "properties": {"classification": 1, "latitude": 25.324855332255492, "longitude": 68.51495587743797, "district": "Hyderabad"}}, {"type": "Feature", "geometry": {"geodesic": false, "type": "Point", "coordinates": [68.42692097959426, 25.47846724583993]}, "id": "4", "properties": {"classification": 1, "latitude": 25.47846724583993, "longitude": 68.42692097959426, "district": "Hyderabad"}}, {"type": "Feature", "geometry": {"geodesic": false, "type": "Point", "coordinates": [68.32002146078403, 25.32934690867609]}, "id": "5", "properties": {"classification": 1, "latitude": 25.32934690867609, "longitude": 68.32002146078403, "district": "Hyderabad"}}, {"type": "Feature", "geometry": {"geodesic": false, "type": "Point", "coordinates": [68.65599137704473, 25.110157979350927]}, "id": "6", "properties": {"classification": 1, "latitude": 25.110157979350927, "longitude": 68.65599137704473, "district": "Hyderabad"}}, {"type": "Feature", "geometry": {"geodesic": false, "type": "Point", "coordinates": [68.47632832022083, 25.138904068442752]}, "id": "7", "properties": {"classification": 1, "latitude": 25.138904068442752, "longitude": 68.47632832022083, "district": "Hyderabad"}}, {"type": "Feature", "geometry": {"geodesic": false, "type": "Point", "coordinates": [68.53831207482507, 25.471280723566974]}, "id": "8", "properties": {"classification": 1, "latitude": 25.471280723566974, "longitude": 68.53831207482507, "district": "Hyderabad"}}, {"type": "Feature", "geometry": {"geodesic": false, "type": "Point", "coordinates": [68.52932892198388, 25.70304606686981]}, "id": "9", "properties": {"classification": 1, "latitude": 25.70304606686981, "longitude": 68.52932892198388, "district": "Hyderabad"}}, {"type": "Feature", "geometry": {"geodesic": false, "type": "Point", "coordinates": [68.5347188136886, 25.17842994094401]}, "id": "10", "properties": {"classification": 1, "latitude": 25.17842994094401, "longitude": 68.5347188136886, "district": "Hyderabad"}}, {"type": "Feature", "geometry": {"geodesic": false, "type": "Point", "coordinates": [68.52483734556328, 25.657231987379713]}, "id": "11", "properties": {"classification": 1, "latitude": 25.657231987379713, "longitude": 68.52483734556328, "district": "Hyderabad"}}, {"type": "Feature", "geometry": {"geodesic": false, "type": "Point", "coordinates": [68.47183674380022, 25.74167362408695]}, "id": "12", "properties": {"classification": 1, "latitude": 25.74167362408695, "longitude": 68.47183674380022, "district": "Hyderabad"}}, {"type": "Feature", "geometry": {"geodesic": false, "type": "Point", "coordinates": [68.47812495078907, 25.277244622197156]}, "id": "13", "properties": {"classification": 1, "latitude": 25.277244622197156, "longitude": 68.47812495078907, "district": "Hyderabad"}}, {"type": "Feature", "geometry": {"geodesic": false, "type": "Point", "coordinates": [68.54190533596156, 25.167650157534574]}, "id": "14", "properties": {"classification": 1, "latitude": 25.167650157534574, "longitude": 68.54190533596156, "district": "Hyderabad"}}, {"type": "Feature", "geometry": {"geodesic": false, "type": "Point", "coordinates": [68.48081989664142, 25.490145344533484]}, "id": "15", "properties": {"classification": 1, "latitude": 25.490145344533484, "longitude": 68.48081989664142, "district": "Hyderabad"}}, {"type": "Feature", "geometry": {"geodesic": false, "type": "Point", "coordinates": [68.34337765817114, 25.076920313838503]}, "id": "16", "properties": {"classification": 1, "latitude": 25.076920313838503, "longitude": 68.34337765817114, "district": "Hyderabad"}}, {"type": "Feature", "geometry": {"geodesic": false, "type": "Point", "coordinates": [68.50597272459677, 25.565603828399524]}, "id": "17", "properties": {"classification": 1, "latitude": 25.565603828399524, "longitude": 68.50597272459677, "district": "Hyderabad"}}, {"type": "Feature", "geometry": {"geodesic": false, "type": "Point", "coordinates": [68.46465022152728, 25.432653166349834]}, "id": "18", "properties": {"classification": 1, "latitude": 25.432653166349834, "longitude": 68.46465022152728, "district": "Hyderabad"}}, {"type": "Feature", "geometry": {"geodesic": false, "type": "Point", "coordinates": [68.58502446959929, 25.19459961605816]}, "id": "19", "properties": {"classification": 1, "latitude": 25.19459961605816, "longitude": 68.58502446959929, "district": "Hyderabad"}}, {"type": "Feature", "geometry": {"geodesic": false, "type": "Point", "coordinates": [68.47902326607318, 25.30868565714134]}, "id": "20", "properties": {"classification": 1, "latitude": 25.30868565714134, "longitude": 68.47902326607318, "district": "Hyderabad"}}, {"type": "Feature", "geometry": {"geodesic": false, "type": "Point", "coordinates": [68.4430906547084, 25.265566523503605]}, "id": "21", "properties": {"classification": 1, "latitude": 25.265566523503605, "longitude": 68.4430906547084, "district": "Hyderabad"}}, {"type": "Feature", "geometry": {"geodesic": false, "type": "Point", "coordinates": [68.45027717698136, 25.51080659606823]}, "id": "22", "properties": {"classification": 1, "latitude": 25.51080659606823, "longitude": 68.45027717698136, "district": "Hyderabad"}}, {"type": "Feature", "geometry": {"geodesic": false, "type": "Point", "coordinates": [68.67036442159065, 25.539552685160057]}, "id": "23", "properties": {"classification": 1, "latitude": 25.539552685160057, "longitude": 68.67036442159065, "district": "Hyderabad"}}, {"type": "Feature", "geometry": {"geodesic": false, "type": "Point", "coordinates": [68.47632832022083, 25.391330663280336]}, "id": "24", "properties": {"classification": 1, "latitude": 25.391330663280336, "longitude": 68.47632832022083, "district": "Hyderabad"}}, {"type": "Feature", "geometry": {"geodesic": false, "type": "Point", "coordinates": [68.79433193079913, 25.57189203538836]}, "id": "0", "properties": {"classification": 1, "latitude": 25.57189203538836, "longitude": 68.79433193079913, "district": "Tando Allahyar"}}, {"type": "Feature", "geometry": {"geodesic": false, "type": "Point", "coordinates": [68.77636562511675, 25.429059905213357]}, "id": "1", "properties": {"classification": 1, "latitude": 25.429059905213357, "longitude": 68.77636562511675, "district": "Tando Allahyar"}}, {"type": "Feature", "geometry": {"geodesic": false, "type": "Point", "coordinates": [68.72965323034254, 25.26915978464008]}, "id": "2", "properties": {"classification": 1, "latitude": 25.26915978464008, "longitude": 68.72965323034254, "district": "Tando Allahyar"}}, {"type": "Feature", "geometry": {"geodesic": false, "type": "Point", "coordinates": [68.89314661205229, 25.615909484310215]}, "id": "3", "properties": {"classification": 1, "latitude": 25.615909484310215, "longitude": 68.89314661205229, "district": "Tando Allahyar"}}, {"type": "Feature", "geometry": {"geodesic": false, "type": "Point", "coordinates": [68.89494324262053, 25.2332271732753]}, "id": "4", "properties": {"classification": 1, "latitude": 25.2332271732753, "longitude": 68.89494324262053, "district": "Tando Allahyar"}}, {"type": "Feature", "geometry": {"geodesic": false, "type": "Point", "coordinates": [68.7880437238103, 25.358991313052034]}, "id": "5", "properties": {"classification": 1, "latitude": 25.358991313052034, "longitude": 68.7880437238103, "district": "Tando Allahyar"}}, {"type": "Feature", "geometry": {"geodesic": false, "type": "Point", "coordinates": [68.7925353002309, 25.48026387640817]}, "id": "6", "properties": {"classification": 1, "latitude": 25.48026387640817, "longitude": 68.7925353002309, "district": "Tando Allahyar"}}, {"type": "Feature", "geometry": {"geodesic": false, "type": "Point", "coordinates": [68.74851785130905, 25.35090647549496]}, "id": "7", "properties": {"classification": 1, "latitude": 25.35090647549496, "longitude": 68.74851785130905, "district": "Tando Allahyar"}}, {"type": "Feature", "geometry": {"geodesic": false, "type": "Point", "coordinates": [68.79343361551501, 25.593451602207228]}, "id": "8", "properties": {"classification": 1, "latitude": 25.593451602207228, "longitude": 68.79343361551501, "district": "Tando Allahyar"}}, {"type": "Feature", "geometry": {"geodesic": false, "type": "Point", "coordinates": [68.67485599801124, 25.40300876197389]}, "id": "9", "properties": {"classification": 1, "latitude": 25.40300876197389, "longitude": 68.67485599801124, "district": "Tando Allahyar"}}, {"type": "Feature", "geometry": {"geodesic": false, "type": "Point", "coordinates": [68.8751803063699, 25.42007675237216]}, "id": "10", "properties": {"classification": 1, "latitude": 25.42007675237216, "longitude": 68.8751803063699, "district": "Tando Allahyar"}}, {"type": "Feature", "geometry": {"geodesic": false, "type": "Point", "coordinates": [68.81050160591329, 25.279939568049514]}, "id": "11", "properties": {"classification": 1, "latitude": 25.279939568049514, "longitude": 68.81050160591329, "district": "Tando Allahyar"}}, {"type": "Feature", "geometry": {"geodesic": false, "type": "Point", "coordinates": [68.94884215966769, 25.23412548855942]}, "id": "12", "properties": {"classification": 1, "latitude": 25.23412548855942, "longitude": 68.94884215966769, "district": "Tando Allahyar"}}, {"type": "Feature", "geometry": {"geodesic": false, "type": "Point", "coordinates": [68.86080726182398, 25.509908280784114]}, "id": "13", "properties": {"classification": 1, "latitude": 25.509908280784114, "longitude": 68.86080726182398, "district": "Tando Allahyar"}}, {"type": "Feature", "geometry": {"geodesic": false, "type": "Point", "coordinates": [68.89494324262053, 25.396720554985052]}, "id": "14", "properties": {"classification": 1, "latitude": 25.396720554985052, "longitude": 68.89494324262053, "district": "Tando Allahyar"}}, {"type": "Feature", "geometry": {"geodesic": false, "type": "Point", "coordinates": [68.68563578142067, 25.398517185553292]}, "id": "15", "properties": {"classification": 1, "latitude": 25.398517185553292, "longitude": 68.68563578142067, "district": "Tando Allahyar"}}, {"type": "Feature", "geometry": {"geodesic": false, "type": "Point", "coordinates": [68.96680846535008, 25.352703106063196]}, "id": "16", "properties": {"classification": 1, "latitude": 25.352703106063196, "longitude": 68.96680846535008, "district": "Tando Allahyar"}}, {"type": "Feature", "geometry": {"geodesic": false, "type": "Point", "coordinates": [68.81229823648152, 25.313177233561937]}, "id": "17", "properties": {"classification": 1, "latitude": 25.313177233561937, "longitude": 68.81229823648152, "district": "Tando Allahyar"}}, {"type": "Feature", "geometry": {"geodesic": false, "type": "Point", "coordinates": [68.76109426528672, 25.437144742770432]}, "id": "18", "properties": {"classification": 1, "latitude": 25.437144742770432, "longitude": 68.76109426528672, "district": "Tando Allahyar"}}, {"type": "Feature", "geometry": {"geodesic": false, "type": "Point", "coordinates": [68.8060100294927, 25.17753162565989]}, "id": "19", "properties": {"classification": 1, "latitude": 25.17753162565989, "longitude": 68.8060100294927, "district": "Tando Allahyar"}}, {"type": "Feature", "geometry": {"geodesic": false, "type": "Point", "coordinates": [68.90392639546172, 25.25388842481005]}, "id": "20", "properties": {"classification": 1, "latitude": 25.25388842481005, "longitude": 68.90392639546172, "district": "Tando Allahyar"}}, {"type": "Feature", "geometry": {"geodesic": false, "type": "Point", "coordinates": [68.72875491505842, 25.348211529642597]}, "id": "21", "properties": {"classification": 1, "latitude": 25.348211529642597, "longitude": 68.72875491505842, "district": "Tando Allahyar"}}, {"type": "Feature", "geometry": {"geodesic": false, "type": "Point", "coordinates": [68.69372061897775, 25.445229580327506]}, "id": "22", "properties": {"classification": 1, "latitude": 25.445229580327506, "longitude": 68.69372061897775, "district": "Tando Allahyar"}}, {"type": "Feature", "geometry": {"geodesic": false, "type": "Point", "coordinates": [68.82667128102744, 25.66172356380031]}, "id": "23", "properties": {"classification": 1, "latitude": 25.66172356380031, "longitude": 68.82667128102744, "district": "Tando Allahyar"}}, {"type": "Feature", "geometry": {"geodesic": false, "type": "Point", "coordinates": [68.89224829676817, 25.563807197831284]}, "id": "24", "properties": {"classification": 1, "latitude": 25.563807197831284, "longitude": 68.89224829676817, "district": "Tando Allahyar"}}, {"type": "Feature", "geometry": {"geodesic": false, "type": "Point", "coordinates": [69.0458602103526, 25.034699495484887]}, "id": "0", "properties": {"classification": 1, "latitude": 25.034699495484887, "longitude": 69.0458602103526, "district": "Badin"}}, {"type": "Feature", "geometry": {"geodesic": false, "type": "Point", "coordinates": [68.58861773073576, 24.46247265950075]}, "id": "1", "properties": {"classification": 1, "latitude": 24.46247265950075, "longitude": 68.58861773073576, "district": "Badin"}}, {"type": "Feature", "geometry": {"geodesic": false, "type": "Point", "coordinates": [69.15545467501519, 24.566677232458616]}, "id": "2", "properties": {"classification": 1, "latitude": 24.566677232458616, "longitude": 69.15545467501519, "district": "Badin"}}, {"type": "Feature", "geometry": {"geodesic": false, "type": "Point", "coordinates": [68.97489330290716, 25.16136195054574]}, "id": "3", "properties": {"classification": 1, "latitude": 25.16136195054574, "longitude": 68.97489330290716, "district": "Badin"}}, {"type": "Feature", "geometry": {"geodesic": false, "type": "Point", "coordinates": [68.50597272459677, 24.52265978353676]}, "id": "4", "properties": {"classification": 1, "latitude": 24.52265978353676, "longitude": 68.50597272459677, "district": "Badin"}}, {"type": "Feature", "geometry": {"geodesic": false, "type": "Point", "coordinates": [68.64161833249882, 24.571168808879214]}, "id": "5", "properties": {"classification": 1, "latitude": 24.571168808879214, "longitude": 68.64161833249882, "district": "Badin"}}, {"type": "Feature", "geometry": {"geodesic": false, "type": "Point", "coordinates": [68.78534877795795, 24.88108758190045]}, "id": "6", "properties": {"classification": 1, "latitude": 24.88108758190045, "longitude": 68.78534877795795, "district": "Badin"}}, {"type": "Feature", "geometry": {"geodesic": false, "type": "Point", "coordinates": [68.63443181022586, 25.009546667529538]}, "id": "7", "properties": {"classification": 1, "latitude": 25.009546667529538, "longitude": 68.63443181022586, "district": "Badin"}}, {"type": "Feature", "geometry": {"geodesic": false, "type": "Point", "coordinates": [68.55088848880276, 24.510083369559084]}, "id": "8", "properties": {"classification": 1, "latitude": 24.510083369559084, "longitude": 68.55088848880276, "district": "Badin"}}, {"type": "Feature", "geometry": {"geodesic": false, "type": "Point", "coordinates": [68.92458764699647, 24.670881805416478]}, "id": "9", "properties": {"classification": 1, "latitude": 24.670881805416478, "longitude": 68.92458764699647, "district": "Badin"}}, {"type": "Feature", "geometry": {"geodesic": false, "type": "Point", "coordinates": [69.05843662433028, 24.489422118024336]}, "id": "10", "properties": {"classification": 1, "latitude": 24.489422118024336, "longitude": 69.05843662433028, "district": "Badin"}}, {"type": "Feature", "geometry": {"geodesic": false, "type": "Point", "coordinates": [68.85002747841455, 24.722984091895412]}, "id": "11", "properties": {"classification": 1, "latitude": 24.722984091895412, "longitude": 68.85002747841455, "district": "Badin"}}, {"type": "Feature", "geometry": {"geodesic": false, "type": "Point", "coordinates": [69.00094444614663, 24.507388423706725]}, "id": "12", "properties": {"classification": 1, "latitude": 24.507388423706725, "longitude": 69.00094444614663, "district": "Badin"}}, {"type": "Feature", "geometry": {"geodesic": false, "type": "Point", "coordinates": [68.64610990891941, 24.45887939836427]}, "id": "13", "properties": {"classification": 1, "latitude": 24.45887939836427, "longitude": 68.64610990891941, "district": "Badin"}}, {"type": "Feature", "geometry": {"geodesic": false, "type": "Point", "coordinates": [69.01621580597666, 24.867612852638654]}, "id": "14", "properties": {"classification": 1, "latitude": 24.867612852638654, "longitude": 69.01621580597666, "district": "Badin"}}, {"type": "Feature", "geometry": {"geodesic": false, "type": "Point", "coordinates": [69.10245407325213, 24.5612873407539]}, "id": "15", "properties": {"classification": 1, "latitude": 24.5612873407539, "longitude": 69.10245407325213, "district": "Badin"}}, {"type": "Feature", "geometry": {"geodesic": false, "type": "Point", "coordinates": [68.62904191852115, 24.724780722463652]}, "id": "16", "properties": {"classification": 1, "latitude": 24.724780722463652, "longitude": 68.62904191852115, "district": "Badin"}}, {"type": "Feature", "geometry": {"geodesic": false, "type": "Point", "coordinates": [68.60568572113404, 24.772391432521985]}, "id": "17", "properties": {"classification": 1, "latitude": 24.772391432521985, "longitude": 68.60568572113404, "district": "Badin"}}, {"type": "Feature", "geometry": {"geodesic": false, "type": "Point", "coordinates": [68.66946610630653, 24.437319831545405]}, "id": "18", "properties": {"classification": 1, "latitude": 24.437319831545405, "longitude": 68.66946610630653, "district": "Badin"}}, {"type": "Feature", "geometry": {"geodesic": false, "type": "Point", "coordinates": [69.2803204995078, 24.88108758190045]}, "id": "19", "properties": {"classification": 1, "latitude": 24.88108758190045, "longitude": 69.2803204995078, "district": "Badin"}}, {"type": "Feature", "geometry": {"geodesic": false, "type": "Point", "coordinates": [69.00184276143075, 24.908935355708152]}, "id": "20", "properties": {"classification": 1, "latitude": 24.908935355708152, "longitude": 69.00184276143075, "district": "Badin"}}, {"type": "Feature", "geometry": {"geodesic": false, "type": "Point", "coordinates": [69.02789390467021, 24.342098411428736]}, "id": "21", "properties": {"classification": 1, "latitude": 24.342098411428736, "longitude": 69.02789390467021, "district": "Badin"}}, {"type": "Feature", "geometry": {"geodesic": false, "type": "Point", "coordinates": [69.09347092041094, 24.684356534678273]}, "id": "22", "properties": {"classification": 1, "latitude": 24.684356534678273, "longitude": 69.09347092041094, "district": "Badin"}}, {"type": "Feature", "geometry": {"geodesic": false, "type": "Point", "coordinates": [69.15096309859459, 24.89456231116224]}, "id": "23", "properties": {"classification": 1, "latitude": 24.89456231116224, "longitude": 69.15096309859459, "district": "Badin"}}, {"type": "Feature", "geometry": {"geodesic": false, "type": "Point", "coordinates": [69.03058885052258, 24.525354729389118]}, "id": "24", "properties": {"classification": 1, "latitude": 24.525354729389118, "longitude": 69.03058885052258, "district": "Badin"}}, {"type": "Feature", "geometry": {"geodesic": false, "type": "Point", "coordinates": [69.32523626371378, 24.95654606576649]}, "id": "0", "properties": {"classification": 1, "latitude": 24.95654606576649, "longitude": 69.32523626371378, "district": "Mirpurkhas"}}, {"type": "Feature", "geometry": {"geodesic": false, "type": "Point", "coordinates": [69.33152447070262, 24.998766884120105]}, "id": "1", "properties": {"classification": 1, "latitude": 24.998766884120105, "longitude": 69.33152447070262, "district": "Mirpurkhas"}}, {"type": "Feature", "geometry": {"geodesic": false, "type": "Point", "coordinates": [69.04406357978436, 25.40300876197389]}, "id": "2", "properties": {"classification": 1, "latitude": 25.40300876197389, "longitude": 69.04406357978436, "district": "Mirpurkhas"}}, {"type": "Feature", "geometry": {"geodesic": false, "type": "Point", "coordinates": [69.05843662433028, 25.23502380384354]}, "id": "3", "properties": {"classification": 1, "latitude": 25.23502380384354, "longitude": 69.05843662433028, "district": "Mirpurkhas"}}, {"type": "Feature", "geometry": {"geodesic": false, "type": "Point", "coordinates": [69.34859246110088, 25.108361348782687]}, "id": "4", "properties": {"classification": 1, "latitude": 25.108361348782687, "longitude": 69.34859246110088, "district": "Mirpurkhas"}}, {"type": "Feature", "geometry": {"geodesic": false, "type": "Point", "coordinates": [69.37554191962447, 24.944867967072934]}, "id": "5", "properties": {"classification": 1, "latitude": 24.944867967072934, "longitude": 69.37554191962447, "district": "Mirpurkhas"}}, {"type": "Feature", "geometry": {"geodesic": false, "type": "Point", "coordinates": [68.93896069154238, 25.489247029249363]}, "id": "6", "properties": {"classification": 1, "latitude": 25.489247029249363, "longitude": 68.93896069154238, "district": "Mirpurkhas"}}, {"type": "Feature", "geometry": {"geodesic": false, "type": "Point", "coordinates": [69.01531749069254, 25.540451000444175]}, "id": "7", "properties": {"classification": 1, "latitude": 25.540451000444175, "longitude": 69.01531749069254, "district": "Mirpurkhas"}}, {"type": "Feature", "geometry": {"geodesic": false, "type": "Point", "coordinates": [69.124013640071, 25.554824044990088]}, "id": "8", "properties": {"classification": 1, "latitude": 25.554824044990088, "longitude": 69.124013640071, "district": "Mirpurkhas"}}, {"type": "Feature", "geometry": {"geodesic": false, "type": "Point", "coordinates": [69.3997964322957, 24.959241011618847]}, "id": "9", "properties": {"classification": 1, "latitude": 24.959241011618847, "longitude": 69.3997964322957, "district": "Mirpurkhas"}}, {"type": "Feature", "geometry": {"geodesic": false, "type": "Point", "coordinates": [69.14377657632163, 25.183819832648727]}, "id": "10", "properties": {"classification": 1, "latitude": 25.183819832648727, "longitude": 69.14377657632163, "district": "Mirpurkhas"}}, {"type": "Feature", "geometry": {"geodesic": false, "type": "Point", "coordinates": [69.34320256939617, 25.041886017757843]}, "id": "11", "properties": {"classification": 1, "latitude": 25.041886017757843, "longitude": 69.34320256939617, "district": "Mirpurkhas"}}, {"type": "Feature", "geometry": {"geodesic": false, "type": "Point", "coordinates": [69.06472483131911, 25.376957618734423]}, "id": "12", "properties": {"classification": 1, "latitude": 25.376957618734423, "longitude": 69.06472483131911, "district": "Mirpurkhas"}}, {"type": "Feature", "geometry": {"geodesic": false, "type": "Point", "coordinates": [69.38272844189743, 24.80562909803441]}, "id": "13", "properties": {"classification": 1, "latitude": 24.80562909803441, "longitude": 69.38272844189743, "district": "Mirpurkhas"}}, {"type": "Feature", "geometry": {"geodesic": false, "type": "Point", "coordinates": [69.22282832132414, 25.123632708612718]}, "id": "14", "properties": {"classification": 1, "latitude": 25.123632708612718, "longitude": 69.22282832132414, "district": "Mirpurkhas"}}, {"type": "Feature", "geometry": {"geodesic": false, "type": "Point", "coordinates": [68.96321520421361, 25.393127293848575]}, "id": "15", "properties": {"classification": 1, "latitude": 25.393127293848575, "longitude": 68.96321520421361, "district": "Mirpurkhas"}}, {"type": "Feature", "geometry": {"geodesic": false, "type": "Point", "coordinates": [69.19228560166408, 25.129920915601556]}, "id": "16", "properties": {"classification": 1, "latitude": 25.129920915601556, "longitude": 69.19228560166408, "district": "Mirpurkhas"}}, {"type": "Feature", "geometry": {"geodesic": false, "type": "Point", "coordinates": [69.00363939199899, 25.569197089536]}, "id": "17", "properties": {"classification": 1, "latitude": 25.569197089536, "longitude": 69.00363939199899, "district": "Mirpurkhas"}}, {"type": "Feature", "geometry": {"geodesic": false, "type": "Point", "coordinates": [69.05394504790968, 25.639265681697324]}, "id": "18", "properties": {"classification": 1, "latitude": 25.639265681697324, "longitude": 69.05394504790968, "district": "Mirpurkhas"}}, {"type": "Feature", "geometry": {"geodesic": false, "type": "Point", "coordinates": [69.22372663660828, 24.95385111991413]}, "id": "19", "properties": {"classification": 1, "latitude": 24.95385111991413, "longitude": 69.22372663660828, "district": "Mirpurkhas"}}, {"type": "Feature", "geometry": {"geodesic": false, "type": "Point", "coordinates": [69.06652146188735, 25.21615918287703]}, "id": "20", "properties": {"classification": 1, "latitude": 25.21615918287703, "longitude": 69.06652146188735, "district": "Mirpurkhas"}}, {"type": "Feature", "geometry": {"geodesic": false, "type": "Point", "coordinates": [69.38811833360214, 25.088598412532058]}, "id": "21", "properties": {"classification": 1, "latitude": 25.088598412532058, "longitude": 69.38811833360214, "district": "Mirpurkhas"}}, {"type": "Feature", "geometry": {"geodesic": false, "type": "Point", "coordinates": [69.1698277195611, 25.02571634264369]}, "id": "22", "properties": {"classification": 1, "latitude": 25.02571634264369, "longitude": 69.1698277195611, "district": "Mirpurkhas"}}, {"type": "Feature", "geometry": {"geodesic": false, "type": "Point", "coordinates": [69.4465088270699, 24.927799976674663]}, "id": "23", "properties": {"classification": 1, "latitude": 24.927799976674663, "longitude": 69.4465088270699, "district": "Mirpurkhas"}}, {"type": "Feature", "geometry": {"geodesic": false, "type": "Point", "coordinates": [69.17791255711818, 25.14249732957923]}, "id": "24", "properties": {"classification": 1, "latitude": 25.14249732957923, "longitude": 69.17791255711818, "district": "Mirpurkhas"}}, {"type": "Feature", "geometry": {"geodesic": false, "type": "Point", "coordinates": [68.30295347038576, 25.905167005796702]}, "id": "0", "properties": {"classification": 1, "latitude": 25.905167005796702, "longitude": 68.30295347038576, "district": "Matiari"}}, {"type": "Feature", "geometry": {"geodesic": false, "type": "Point", "coordinates": [68.39188668351359, 25.878217547273117]}, "id": "1", "properties": {"classification": 1, "latitude": 25.878217547273117, "longitude": 68.39188668351359, "district": "Matiari"}}, {"type": "Feature", "geometry": {"geodesic": false, "type": "Point", "coordinates": [68.46375190624316, 25.81443716210063]}, "id": "2", "properties": {"classification": 1, "latitude": 25.81443716210063, "longitude": 68.46375190624316, "district": "Matiari"}}, {"type": "Feature", "geometry": {"geodesic": false, "type": "Point", "coordinates": [68.39817489050243, 25.846776512328933]}, "id": "3", "properties": {"classification": 1, "latitude": 25.846776512328933, "longitude": 68.39817489050243, "district": "Matiari"}}, {"type": "Feature", "geometry": {"geodesic": false, "type": "Point", "coordinates": [68.36493722499, 25.866539448579562]}, "id": "4", "properties": {"classification": 1, "latitude": 25.866539448579562, "longitude": 68.36493722499, "district": "Matiari"}}, {"type": "Feature", "geometry": {"geodesic": false, "type": "Point", "coordinates": [68.36673385555825, 25.96804907568507]}, "id": "5", "properties": {"classification": 1, "latitude": 25.96804907568507, "longitude": 68.36673385555825, "district": "Matiari"}}, {"type": "Feature", "geometry": {"geodesic": false, "type": "Point", "coordinates": [68.4242260337419, 25.868336079147802]}, "id": "6", "properties": {"classification": 1, "latitude": 25.868336079147802, "longitude": 68.4242260337419, "district": "Matiari"}}, {"type": "Feature", "geometry": {"geodesic": false, "type": "Point", "coordinates": [68.49609125647146, 25.885404069546073]}, "id": "7", "properties": {"classification": 1, "latitude": 25.885404069546073, "longitude": 68.49609125647146, "district": "Matiari"}}, {"type": "Feature", "geometry": {"geodesic": false, "type": "Point", "coordinates": [68.45476875340196, 25.99859179534513]}, "id": "8", "properties": {"classification": 1, "latitude": 25.99859179534513, "longitude": 68.45476875340196, "district": "Matiari"}}, {"type": "Feature", "geometry": {"geodesic": false, "type": "Point", "coordinates": [68.35146249572821, 25.94828613943444]}, "id": "9", "properties": {"classification": 1, "latitude": 25.94828613943444, "longitude": 68.35146249572821, "district": "Matiari"}}, {"type": "Feature", "geometry": {"geodesic": false, "type": "Point", "coordinates": [68.47812495078907, 25.81892873852123]}, "id": "10", "properties": {"classification": 1, "latitude": 25.81892873852123, "longitude": 68.47812495078907, "district": "Matiari"}}, {"type": "Feature", "geometry": {"geodesic": false, "type": "Point", "coordinates": [68.44039570885604, 25.831505152498902]}, "id": "11", "properties": {"classification": 1, "latitude": 25.831505152498902, "longitude": 68.44039570885604, "district": "Matiari"}}, {"type": "Feature", "geometry": {"geodesic": false, "type": "Point", "coordinates": [68.4520738075496, 25.916845104490257]}, "id": "12", "properties": {"classification": 1, "latitude": 25.916845104490257, "longitude": 68.4520738075496, "district": "Matiari"}}, {"type": "Feature", "geometry": {"geodesic": false, "type": "Point", "coordinates": [68.28858042583985, 25.88899733068255]}, "id": "13", "properties": {"classification": 1, "latitude": 25.88899733068255, "longitude": 68.28858042583985, "district": "Matiari"}}, {"type": "Feature", "geometry": {"geodesic": false, "type": "Point", "coordinates": [68.39009005294535, 25.994998534208655]}, "id": "14", "properties": {"classification": 1, "latitude": 25.994998534208655, "longitude": 68.39009005294535, "district": "Matiari"}}, {"type": "Feature", "geometry": {"geodesic": false, "type": "Point", "coordinates": [68.39458162936594, 25.73987699351871]}, "id": "15", "properties": {"classification": 1, "latitude": 25.73987699351871, "longitude": 68.39458162936594, "district": "Matiari"}}, {"type": "Feature", "geometry": {"geodesic": false, "type": "Point", "coordinates": [68.39009005294535, 25.809047270395915]}, "id": "16", "properties": {"classification": 1, "latitude": 25.809047270395915, "longitude": 68.39009005294535, "district": "Matiari"}}, {"type": "Feature", "geometry": {"geodesic": false, "type": "Point", "coordinates": [68.39547994465008, 25.8728276555684]}, "id": "17", "properties": {"classification": 1, "latitude": 25.8728276555684, "longitude": 68.39547994465008, "district": "Matiari"}}, {"type": "Feature", "geometry": {"geodesic": false, "type": "Point", "coordinates": [68.32541135248874, 25.899777114091986]}, "id": "18", "properties": {"classification": 1, "latitude": 25.899777114091986, "longitude": 68.32541135248874, "district": "Matiari"}}, {"type": "Feature", "geometry": {"geodesic": false, "type": "Point", "coordinates": [68.5023794634603, 25.639265681697324]}, "id": "19", "properties": {"classification": 1, "latitude": 25.639265681697324, "longitude": 68.5023794634603, "district": "Matiari"}}, {"type": "Feature", "geometry": {"geodesic": false, "type": "Point", "coordinates": [68.38200521538828, 25.858454611022488]}, "id": "20", "properties": {"classification": 1, "latitude": 25.858454611022488, "longitude": 68.38200521538828, "district": "Matiari"}}, {"type": "Feature", "geometry": {"geodesic": false, "type": "Point", "coordinates": [68.51495587743797, 25.98152380494686]}, "id": "21", "properties": {"classification": 1, "latitude": 25.98152380494686, "longitude": 68.51495587743797, "district": "Matiari"}}, {"type": "Feature", "geometry": {"geodesic": false, "type": "Point", "coordinates": [68.37661532368357, 25.979727174378624]}, "id": "22", "properties": {"classification": 1, "latitude": 25.979727174378624, "longitude": 68.37661532368357, "district": "Matiari"}}, {"type": "Feature", "geometry": {"geodesic": false, "type": "Point", "coordinates": [68.29307200226044, 25.92672657261557]}, "id": "23", "properties": {"classification": 1, "latitude": 25.92672657261557, "longitude": 68.29307200226044, "district": "Matiari"}}, {"type": "Feature", "geometry": {"geodesic": false, "type": "Point", "coordinates": [68.36134396385353, 25.89259059181903]}, "id": "24", "properties": {"classification": 1, "latitude": 25.89259059181903, "longitude": 68.36134396385353, "district": "Matiari"}}, {"type": "Feature", "geometry": {"geodesic": false, "type": "Point", "coordinates": [68.22749498651972, 26.109084575291835]}, "id": "0", "properties": {"classification": 1, "latitude": 26.109084575291835, "longitude": 68.22749498651972, "district": "Nawabshah"}}, {"type": "Feature", "geometry": {"geodesic": false, "type": "Point", "coordinates": [68.06939149651468, 26.30671393779813]}, "id": "1", "properties": {"classification": 1, "latitude": 26.30671393779813, "longitude": 68.06939149651468, "district": "Nawabshah"}}, {"type": "Feature", "geometry": {"geodesic": false, "type": "Point", "coordinates": [68.47273505908434, 26.389358943937125]}, "id": "2", "properties": {"classification": 1, "latitude": 26.389358943937125, "longitude": 68.47273505908434, "district": "Nawabshah"}}, {"type": "Feature", "geometry": {"geodesic": false, "type": "Point", "coordinates": [68.17449438475667, 26.34354486444703]}, "id": "3", "properties": {"classification": 1, "latitude": 26.34354486444703, "longitude": 68.17449438475667, "district": "Nawabshah"}}, {"type": "Feature", "geometry": {"geodesic": false, "type": "Point", "coordinates": [68.06579823537821, 26.404630303767156]}, "id": "4", "properties": {"classification": 1, "latitude": 26.404630303767156, "longitude": 68.06579823537821, "district": "Nawabshah"}}, {"type": "Feature", "geometry": {"geodesic": false, "type": "Point", "coordinates": [68.24096971578152, 26.182746428589635]}, "id": "5", "properties": {"classification": 1, "latitude": 26.182746428589635, "longitude": 68.24096971578152, "district": "Nawabshah"}}, {"type": "Feature", "geometry": {"geodesic": false, "type": "Point", "coordinates": [68.21491857254205, 26.147712132508975]}, "id": "6", "properties": {"classification": 1, "latitude": 26.147712132508975, "longitude": 68.21491857254205, "district": "Nawabshah"}}, {"type": "Feature", "geometry": {"geodesic": false, "type": "Point", "coordinates": [68.43320918658308, 26.18813632029435]}, "id": "7", "properties": {"classification": 1, "latitude": 26.18813632029435, "longitude": 68.43320918658308, "district": "Nawabshah"}}, {"type": "Feature", "geometry": {"geodesic": false, "type": "Point", "coordinates": [68.58861773073576, 26.408223564903633]}, "id": "8", "properties": {"classification": 1, "latitude": 26.408223564903633, "longitude": 68.58861773073576, "district": "Nawabshah"}}, {"type": "Feature", "geometry": {"geodesic": false, "type": "Point", "coordinates": [68.0469336144117, 26.520512975418576]}, "id": "9", "properties": {"classification": 1, "latitude": 26.520512975418576, "longitude": 68.0469336144117, "district": "Nawabshah"}}, {"type": "Feature", "geometry": {"geodesic": false, "type": "Point", "coordinates": [68.4287176101625, 26.085728377904726]}, "id": "10", "properties": {"classification": 1, "latitude": 26.085728377904726, "longitude": 68.4287176101625, "district": "Nawabshah"}}, {"type": "Feature", "geometry": {"geodesic": false, "type": "Point", "coordinates": [68.11790052185714, 26.242035237341522]}, "id": "11", "properties": {"classification": 1, "latitude": 26.242035237341522, "longitude": 68.11790052185714, "district": "Nawabshah"}}, {"type": "Feature", "geometry": {"geodesic": false, "type": "Point", "coordinates": [68.46195527567491, 26.17286496046432]}, "id": "12", "properties": {"classification": 1, "latitude": 26.17286496046432, "longitude": 68.46195527567491, "district": "Nawabshah"}}, {"type": "Feature", "geometry": {"geodesic": false, "type": "Point", "coordinates": [68.82577296574333, 26.37408758410709]}, "id": "13", "properties": {"classification": 1, "latitude": 26.37408758410709, "longitude": 68.82577296574333, "district": "Nawabshah"}}, {"type": "Feature", "geometry": {"geodesic": false, "type": "Point", "coordinates": [68.58682110016753, 26.331866765753475]}, "id": "14", "properties": {"classification": 1, "latitude": 26.331866765753475, "longitude": 68.58682110016753, "district": "Nawabshah"}}, {"type": "Feature", "geometry": {"geodesic": false, "type": "Point", "coordinates": [67.95800040128387, 26.222272301090893]}, "id": "15", "properties": {"classification": 1, "latitude": 26.222272301090893, "longitude": 67.95800040128387, "district": "Nawabshah"}}, {"type": "Feature", "geometry": {"geodesic": false, "type": "Point", "coordinates": [68.31912314549992, 25.951879400570917]}, "id": "16", "properties": {"classification": 1, "latitude": 25.951879400570917, "longitude": 68.31912314549992, "district": "Nawabshah"}}, {"type": "Feature", "geometry": {"geodesic": false, "type": "Point", "coordinates": [67.97506839168213, 26.353426332572344]}, "id": "17", "properties": {"classification": 1, "latitude": 26.353426332572344, "longitude": 67.97506839168213, "district": "Nawabshah"}}, {"type": "Feature", "geometry": {"geodesic": false, "type": "Point", "coordinates": [68.30115683981752, 25.940201301877362]}, "id": "18", "properties": {"classification": 1, "latitude": 25.940201301877362, "longitude": 68.30115683981752, "district": "Nawabshah"}}, {"type": "Feature", "geometry": {"geodesic": false, "type": "Point", "coordinates": [68.43590413243545, 26.184543059157875]}, "id": "19", "properties": {"classification": 1, "latitude": 26.184543059157875, "longitude": 68.43590413243545, "district": "Nawabshah"}}, {"type": "Feature", "geometry": {"geodesic": false, "type": "Point", "coordinates": [68.16730786248371, 25.994100218924537]}, "id": "20", "properties": {"classification": 1, "latitude": 25.994100218924537, "longitude": 68.16730786248371, "district": "Nawabshah"}}, {"type": "Feature", "geometry": {"geodesic": false, "type": "Point", "coordinates": [68.15473144850604, 26.148610447793093]}, "id": "21", "properties": {"classification": 1, "latitude": 26.148610447793093, "longitude": 68.15473144850604, "district": "Nawabshah"}}, {"type": "Feature", "geometry": {"geodesic": false, "type": "Point", "coordinates": [67.96249197770446, 26.333663396321715]}, "id": "22", "properties": {"classification": 1, "latitude": 26.333663396321715, "longitude": 67.96249197770446, "district": "Nawabshah"}}, {"type": "Feature", "geometry": {"geodesic": false, "type": "Point", "coordinates": [68.27869895771454, 26.477393841780838]}, "id": "23", "properties": {"classification": 1, "latitude": 26.477393841780838, "longitude": 68.27869895771454, "district": "Nawabshah"}}, {"type": "Feature", "geometry": {"geodesic": false, "type": "Point", "coordinates": [68.4889047341985, 26.221373985806775]}, "id": "24", "properties": {"classification": 1, "latitude": 26.221373985806775, "longitude": 68.4889047341985, "district": "Nawabshah"}}, {"type": "Feature", "geometry": {"geodesic": false, "type": "Point", "coordinates": [68.78085720153734, 26.03721935256227]}, "id": "0", "properties": {"classification": 1, "latitude": 26.03721935256227, "longitude": 68.78085720153734, "district": "Sanghar"}}, {"type": "Feature", "geometry": {"geodesic": false, "type": "Point", "coordinates": [69.53723867076599, 25.659028617947953]}, "id": "1", "properties": {"classification": 1, "latitude": 25.659028617947953, "longitude": 69.53723867076599, "district": "Sanghar"}}, {"type": "Feature", "geometry": {"geodesic": false, "type": "Point", "coordinates": [69.2803204995078, 25.98601538136746]}, "id": "2", "properties": {"classification": 1, "latitude": 25.98601538136746, "longitude": 69.2803204995078, "district": "Sanghar"}}, {"type": "Feature", "geometry": {"geodesic": false, "type": "Point", "coordinates": [68.9901646627372, 26.255509966603316]}, "id": "3", "properties": {"classification": 1, "latitude": 26.255509966603316, "longitude": 68.9901646627372, "district": "Sanghar"}}, {"type": "Feature", "geometry": {"geodesic": false, "type": "Point", "coordinates": [69.18779402524349, 25.708435958574526]}, "id": "4", "properties": {"classification": 1, "latitude": 25.708435958574526, "longitude": 69.18779402524349, "district": "Sanghar"}}, {"type": "Feature", "geometry": {"geodesic": false, "type": "Point", "coordinates": [68.84284095614159, 25.89079396125079]}, "id": "5", "properties": {"classification": 1, "latitude": 25.89079396125079, "longitude": 68.84284095614159, "district": "Sanghar"}}, {"type": "Feature", "geometry": {"geodesic": false, "type": "Point", "coordinates": [68.8706887299493, 25.831505152498902]}, "id": "6", "properties": {"classification": 1, "latitude": 25.831505152498902, "longitude": 68.8706887299493, "district": "Sanghar"}}, {"type": "Feature", "geometry": {"geodesic": false, "type": "Point", "coordinates": [69.14916646802635, 25.787487703577046]}, "id": "7", "properties": {"classification": 1, "latitude": 25.787487703577046, "longitude": 69.14916646802635, "district": "Sanghar"}}, {"type": "Feature", "geometry": {"geodesic": false, "type": "Point", "coordinates": [68.60209245999756, 26.074948594495293]}, "id": "8", "properties": {"classification": 1, "latitude": 26.074948594495293, "longitude": 68.60209245999756, "district": "Sanghar"}}, {"type": "Feature", "geometry": {"geodesic": false, "type": "Point", "coordinates": [68.77367067926438, 26.124355935121866]}, "id": "9", "properties": {"classification": 1, "latitude": 26.124355935121866, "longitude": 68.77367067926438, "district": "Sanghar"}}, {"type": "Feature", "geometry": {"geodesic": false, "type": "Point", "coordinates": [68.87338367580166, 25.77760623545173]}, "id": "10", "properties": {"classification": 1, "latitude": 25.77760623545173, "longitude": 68.87338367580166, "district": "Sanghar"}}, {"type": "Feature", "geometry": {"geodesic": false, "type": "Point", "coordinates": [68.49968451760793, 26.072253648642935]}, "id": "11", "properties": {"classification": 1, "latitude": 26.072253648642935, "longitude": 68.49968451760793, "district": "Sanghar"}}, {"type": "Feature", "geometry": {"geodesic": false, "type": "Point", "coordinates": [68.70270377181895, 25.876420916704877]}, "id": "12", "properties": {"classification": 1, "latitude": 25.876420916704877, "longitude": 68.70270377181895, "district": "Sanghar"}}, {"type": "Feature", "geometry": {"geodesic": false, "type": "Point", "coordinates": [69.05753830904615, 25.818030423237108]}, "id": "13", "properties": {"classification": 1, "latitude": 25.818030423237108, "longitude": 69.05753830904615, "district": "Sanghar"}}, {"type": "Feature", "geometry": {"geodesic": false, "type": "Point", "coordinates": [68.68653409670479, 25.802759063407077]}, "id": "14", "properties": {"classification": 1, "latitude": 25.802759063407077, "longitude": 68.68653409670479, "district": "Sanghar"}}, {"type": "Feature", "geometry": {"geodesic": false, "type": "Point", "coordinates": [68.8572140006875, 25.904268690512584]}, "id": "15", "properties": {"classification": 1, "latitude": 25.904268690512584, "longitude": 68.8572140006875, "district": "Sanghar"}}, {"type": "Feature", "geometry": {"geodesic": false, "type": "Point", "coordinates": [68.91829944000763, 25.840488305340095]}, "id": "16", "properties": {"classification": 1, "latitude": 25.840488305340095, "longitude": 68.91829944000763, "district": "Sanghar"}}, {"type": "Feature", "geometry": {"geodesic": false, "type": "Point", "coordinates": [69.15814962086755, 25.667113455505028]}, "id": "17", "properties": {"classification": 1, "latitude": 25.667113455505028, "longitude": 69.15814962086755, "district": "Sanghar"}}, {"type": "Feature", "geometry": {"geodesic": false, "type": "Point", "coordinates": [68.63802507136234, 25.874624286136637]}, "id": "18", "properties": {"classification": 1, "latitude": 25.874624286136637, "longitude": 68.63802507136234, "district": "Sanghar"}}, {"type": "Feature", "geometry": {"geodesic": false, "type": "Point", "coordinates": [69.05394504790968, 25.9878120119357]}, "id": "19", "properties": {"classification": 1, "latitude": 25.9878120119357, "longitude": 69.05394504790968, "district": "Sanghar"}}, {"type": "Feature", "geometry": {"geodesic": false, "type": "Point", "coordinates": [68.68653409670479, 25.712029219711006]}, "id": "20", "properties": {"classification": 1, "latitude": 25.712029219711006, "longitude": 68.68653409670479, "district": "Sanghar"}}, {"type": "Feature", "geometry": {"geodesic": false, "type": "Point", "coordinates": [69.67647753980451, 25.505416704363515]}, "id": "21", "properties": {"classification": 1, "latitude": 25.505416704363515, "longitude": 69.67647753980451, "district": "Sanghar"}}, {"type": "Feature", "geometry": {"geodesic": false, "type": "Point", "coordinates": [69.2156417990512, 25.69675785988097]}, "id": "22", "properties": {"classification": 1, "latitude": 25.69675785988097, "longitude": 69.2156417990512, "district": "Sanghar"}}, {"type": "Feature", "geometry": {"geodesic": false, "type": "Point", "coordinates": [69.03328379637493, 25.83869167477186]}, "id": "23", "properties": {"classification": 1, "latitude": 25.83869167477186, "longitude": 69.03328379637493, "district": "Sanghar"}}, {"type": "Feature", "geometry": {"geodesic": false, "type": "Point", "coordinates": [68.99555455444191, 26.143220556088377]}, "id": "24", "properties": {"classification": 1, "latitude": 26.143220556088377, "longitude": 68.99555455444191, "district": "Sanghar"}}, {"type": "Feature", "geometry": {"geodesic": false, "type": "Point", "coordinates": [68.07118812708292, 26.899602025317012]}, "id": "0", "properties": {"classification": 1, "latitude": 26.899602025317012, "longitude": 68.07118812708292, "district": "Naushehro Feroze"}}, {"type": "Feature", "geometry": {"geodesic": false, "type": "Point", "coordinates": [68.4655485368114, 26.99662007600192]}, "id": "1", "properties": {"classification": 1, "latitude": 26.99662007600192, "longitude": 68.4655485368114, "district": "Naushehro Feroze"}}, {"type": "Feature", "geometry": {"geodesic": false, "type": "Point", "coordinates": [67.8816436021337, 26.533987704680367]}, "id": "2", "properties": {"classification": 1, "latitude": 26.533987704680367, "longitude": 67.8816436021337, "district": "Naushehro Feroze"}}, {"type": "Feature", "geometry": {"geodesic": false, "type": "Point", "coordinates": [67.88972843969078, 26.499851723883825]}, "id": "3", "properties": {"classification": 1, "latitude": 26.499851723883825, "longitude": 67.88972843969078, "district": "Naushehro Feroze"}}, {"type": "Feature", "geometry": {"geodesic": false, "type": "Point", "coordinates": [68.05322182140053, 26.99841670657016]}, "id": "4", "properties": {"classification": 1, "latitude": 26.99841670657016, "longitude": 68.05322182140053, "district": "Naushehro Feroze"}}, {"type": "Feature", "geometry": {"geodesic": false, "type": "Point", "coordinates": [68.1574263943584, 26.532191074112127]}, "id": "5", "properties": {"classification": 1, "latitude": 26.532191074112127, "longitude": 68.1574263943584, "district": "Naushehro Feroze"}}, {"type": "Feature", "geometry": {"geodesic": false, "type": "Point", "coordinates": [68.14484998038073, 26.7010743475266]}, "id": "6", "properties": {"classification": 1, "latitude": 26.7010743475266, "longitude": 68.14484998038073, "district": "Naushehro Feroze"}}, {"type": "Feature", "geometry": {"geodesic": false, "type": "Point", "coordinates": [68.05771339782113, 26.898703710032894]}, "id": "7", "properties": {"classification": 1, "latitude": 26.898703710032894, "longitude": 68.05771339782113, "district": "Naushehro Feroze"}}, {"type": "Feature", "geometry": {"geodesic": false, "type": "Point", "coordinates": [68.2086303655532, 26.60854787326229]}, "id": "8", "properties": {"classification": 1, "latitude": 26.60854787326229, "longitude": 68.2086303655532, "district": "Naushehro Feroze"}}, {"type": "Feature", "geometry": {"geodesic": false, "type": "Point", "coordinates": [67.99662795850101, 26.58698830644342]}, "id": "9", "properties": {"classification": 1, "latitude": 26.58698830644342, "longitude": 67.99662795850101, "district": "Naushehro Feroze"}}, {"type": "Feature", "geometry": {"geodesic": false, "type": "Point", "coordinates": [68.10891736901594, 26.560937163203953]}, "id": "10", "properties": {"classification": 1, "latitude": 26.560937163203953, "longitude": 68.10891736901594, "district": "Naushehro Feroze"}}, {"type": "Feature", "geometry": {"geodesic": false, "type": "Point", "coordinates": [68.04603529912758, 26.94541610480711]}, "id": "11", "properties": {"classification": 1, "latitude": 26.94541610480711, "longitude": 68.04603529912758, "district": "Naushehro Feroze"}}, {"type": "Feature", "geometry": {"geodesic": false, "type": "Point", "coordinates": [68.38470016124063, 26.916670015715283]}, "id": "12", "properties": {"classification": 1, "latitude": 26.916670015715283, "longitude": 68.38470016124063, "district": "Naushehro Feroze"}}, {"type": "Feature", "geometry": {"geodesic": false, "type": "Point", "coordinates": [68.04154372270698, 26.987636923160725]}, "id": "13", "properties": {"classification": 1, "latitude": 26.987636923160725, "longitude": 68.04154372270698, "district": "Naushehro Feroze"}}, {"type": "Feature", "geometry": {"geodesic": false, "type": "Point", "coordinates": [68.00650942662632, 26.696582771106]}, "id": "14", "properties": {"classification": 1, "latitude": 26.696582771106, "longitude": 68.00650942662632, "district": "Naushehro Feroze"}}, {"type": "Feature", "geometry": {"geodesic": false, "type": "Point", "coordinates": [67.84750762133716, 26.657056898604743]}, "id": "15", "properties": {"classification": 1, "latitude": 26.657056898604743, "longitude": 67.84750762133716, "district": "Naushehro Feroze"}}, {"type": "Feature", "geometry": {"geodesic": false, "type": "Point", "coordinates": [68.161917970779, 26.78821093008619]}, "id": "16", "properties": {"classification": 1, "latitude": 26.78821093008619, "longitude": 68.161917970779, "district": "Naushehro Feroze"}}, {"type": "Feature", "geometry": {"geodesic": false, "type": "Point", "coordinates": [68.01728921003576, 26.931941375545314]}, "id": "17", "properties": {"classification": 1, "latitude": 26.931941375545314, "longitude": 68.01728921003576, "district": "Naushehro Feroze"}}, {"type": "Feature", "geometry": {"geodesic": false, "type": "Point", "coordinates": [68.27420738129393, 26.739701904743736]}, "id": "18", "properties": {"classification": 1, "latitude": 26.739701904743736, "longitude": 68.27420738129393, "district": "Naushehro Feroze"}}, {"type": "Feature", "geometry": {"geodesic": false, "type": "Point", "coordinates": [68.2778006424304, 26.94541610480711]}, "id": "19", "properties": {"classification": 1, "latitude": 26.94541610480711, "longitude": 68.2778006424304, "district": "Naushehro Feroze"}}, {"type": "Feature", "geometry": {"geodesic": false, "type": "Point", "coordinates": [68.0101026877628, 26.85019468469044]}, "id": "20", "properties": {"classification": 1, "latitude": 26.85019468469044, "longitude": 68.0101026877628, "district": "Naushehro Feroze"}}, {"type": "Feature", "geometry": {"geodesic": false, "type": "Point", "coordinates": [68.04423866855934, 26.758566525710247]}, "id": "21", "properties": {"classification": 1, "latitude": 26.758566525710247, "longitude": 68.04423866855934, "district": "Naushehro Feroze"}}, {"type": "Feature", "geometry": {"geodesic": false, "type": "Point", "coordinates": [67.96069534713622, 26.577106838318105]}, "id": "22", "properties": {"classification": 1, "latitude": 26.577106838318105, "longitude": 67.96069534713622, "district": "Naushehro Feroze"}}, {"type": "Feature", "geometry": {"geodesic": false, "type": "Point", "coordinates": [68.38380184595651, 27.07297687515208]}, "id": "23", "properties": {"classification": 1, "latitude": 27.07297687515208, "longitude": 68.38380184595651, "district": "Naushehro Feroze"}}, {"type": "Feature", "geometry": {"geodesic": false, "type": "Point", "coordinates": [68.34068271231878, 26.82683848730333]}, "id": "24", "properties": {"classification": 1, "latitude": 26.82683848730333, "longitude": 68.34068271231878, "district": "Naushehro Feroze"}}, {"type": "Feature", "geometry": {"geodesic": false, "type": "Point", "coordinates": [68.28947874112397, 27.442184456925204]}, "id": "0", "properties": {"classification": 1, "latitude": 27.442184456925204, "longitude": 68.28947874112397, "district": "Qambar Shahdadkot"}}, {"type": "Feature", "geometry": {"geodesic": false, "type": "Point", "coordinates": [68.06669655066233, 27.48260864471058]}, "id": "1", "properties": {"classification": 1, "latitude": 27.48260864471058, "longitude": 68.06669655066233, "district": "Qambar Shahdadkot"}}, {"type": "Feature", "geometry": {"geodesic": false, "type": "Point", "coordinates": [68.13856177339188, 27.533812615905394]}, "id": "2", "properties": {"classification": 1, "latitude": 27.533812615905394, "longitude": 68.13856177339188, "district": "Qambar Shahdadkot"}}, {"type": "Feature", "geometry": {"geodesic": false, "type": "Point", "coordinates": [67.71186201343511, 27.520337886643603]}, "id": "3", "properties": {"classification": 1, "latitude": 27.520337886643603, "longitude": 67.71186201343511, "district": "Qambar Shahdadkot"}}, {"type": "Feature", "geometry": {"geodesic": false, "type": "Point", "coordinates": [68.02178078645635, 27.42960804294753]}, "id": "4", "properties": {"classification": 1, "latitude": 27.42960804294753, "longitude": 68.02178078645635, "district": "Qambar Shahdadkot"}}, {"type": "Feature", "geometry": {"geodesic": false, "type": "Point", "coordinates": [68.06220497424172, 27.68922116005807]}, "id": "5", "properties": {"classification": 1, "latitude": 27.68922116005807, "longitude": 68.06220497424172, "district": "Qambar Shahdadkot"}}, {"type": "Feature", "geometry": {"geodesic": false, "type": "Point", "coordinates": [67.78552386673292, 27.278691075215452]}, "id": "6", "properties": {"classification": 1, "latitude": 27.278691075215452, "longitude": 67.78552386673292, "district": "Qambar Shahdadkot"}}, {"type": "Feature", "geometry": {"geodesic": false, "type": "Point", "coordinates": [68.304750100954, 27.7503065993782]}, "id": "7", "properties": {"classification": 1, "latitude": 27.7503065993782, "longitude": 68.304750100954, "district": "Qambar Shahdadkot"}}, {"type": "Feature", "geometry": {"geodesic": false, "type": "Point", "coordinates": [68.00381448077395, 27.57513511897489]}, "id": "8", "properties": {"classification": 1, "latitude": 27.57513511897489, "longitude": 68.00381448077395, "district": "Qambar Shahdadkot"}}, {"type": "Feature", "geometry": {"geodesic": false, "type": "Point", "coordinates": [67.64808162826263, 27.845528019494868]}, "id": "9", "properties": {"classification": 1, "latitude": 27.845528019494868, "longitude": 67.64808162826263, "district": "Qambar Shahdadkot"}}, {"type": "Feature", "geometry": {"geodesic": false, "type": "Point", "coordinates": [67.94362735673795, 27.80779877756185]}, "id": "10", "properties": {"classification": 1, "latitude": 27.80779877756185, "longitude": 67.94362735673795, "district": "Qambar Shahdadkot"}}, {"type": "Feature", "geometry": {"geodesic": false, "type": "Point", "coordinates": [68.01279763361515, 27.775459427333548]}, "id": "11", "properties": {"classification": 1, "latitude": 27.775459427333548, "longitude": 68.01279763361515, "district": "Qambar Shahdadkot"}}, {"type": "Feature", "geometry": {"geodesic": false, "type": "Point", "coordinates": [67.6193355391708, 27.741323446537006]}, "id": "12", "properties": {"classification": 1, "latitude": 27.741323446537006, "longitude": 67.6193355391708, "district": "Qambar Shahdadkot"}}, {"type": "Feature", "geometry": {"geodesic": false, "type": "Point", "coordinates": [67.77654071389172, 27.381099017605077]}, "id": "13", "properties": {"classification": 1, "latitude": 27.381099017605077, "longitude": 67.77654071389172, "district": "Qambar Shahdadkot"}}, {"type": "Feature", "geometry": {"geodesic": false, "type": "Point", "coordinates": [68.09544263975415, 27.07207855986796]}, "id": "14", "properties": {"classification": 1, "latitude": 27.07207855986796, "longitude": 68.09544263975415, "district": "Qambar Shahdadkot"}}, {"type": "Feature", "geometry": {"geodesic": false, "type": "Point", "coordinates": [68.04423866855934, 27.626339090169704]}, "id": "15", "properties": {"classification": 1, "latitude": 27.626339090169704, "longitude": 68.04423866855934, "district": "Qambar Shahdadkot"}}, {"type": "Feature", "geometry": {"geodesic": false, "type": "Point", "coordinates": [68.00291616548984, 27.237368572145954]}, "id": "16", "properties": {"classification": 1, "latitude": 27.237368572145954, "longitude": 68.00291616548984, "district": "Qambar Shahdadkot"}}, {"type": "Feature", "geometry": {"geodesic": false, "type": "Point", "coordinates": [68.0056111113422, 27.83834149722191]}, "id": "17", "properties": {"classification": 1, "latitude": 27.83834149722191, "longitude": 68.0056111113422, "district": "Qambar Shahdadkot"}}, {"type": "Feature", "geometry": {"geodesic": false, "type": "Point", "coordinates": [67.80708343355178, 27.738628500684644]}, "id": "18", "properties": {"classification": 1, "latitude": 27.738628500684644, "longitude": 67.80708343355178, "district": "Qambar Shahdadkot"}}, {"type": "Feature", "geometry": {"geodesic": false, "type": "Point", "coordinates": [67.99393301264864, 27.41074342198102]}, "id": "19", "properties": {"classification": 1, "latitude": 27.41074342198102, "longitude": 67.99393301264864, "district": "Qambar Shahdadkot"}}, {"type": "Feature", "geometry": {"geodesic": false, "type": "Point", "coordinates": [68.26252928260038, 27.65328854869329]}, "id": "20", "properties": {"classification": 1, "latitude": 27.65328854869329, "longitude": 68.26252928260038, "district": "Qambar Shahdadkot"}}, {"type": "Feature", "geometry": {"geodesic": false, "type": "Point", "coordinates": [68.46375190624316, 27.573338488406655]}, "id": "21", "properties": {"classification": 1, "latitude": 27.573338488406655, "longitude": 68.46375190624316, "district": "Qambar Shahdadkot"}}, {"type": "Feature", "geometry": {"geodesic": false, "type": "Point", "coordinates": [67.98405154452333, 27.699102628183386]}, "id": "22", "properties": {"classification": 1, "latitude": 27.699102628183386, "longitude": 67.98405154452333, "district": "Qambar Shahdadkot"}}, {"type": "Feature", "geometry": {"geodesic": false, "type": "Point", "coordinates": [68.01908584060399, 27.647000341704455]}, "id": "23", "properties": {"classification": 1, "latitude": 27.647000341704455, "longitude": 68.01908584060399, "district": "Qambar Shahdadkot"}}, {"type": "Feature", "geometry": {"geodesic": false, "type": "Point", "coordinates": [68.18437585288198, 27.30025064203432]}, "id": "24", "properties": {"classification": 1, "latitude": 27.30025064203432, "longitude": 68.18437585288198, "district": "Qambar Shahdadkot"}}, {"type": "Feature", "geometry": {"geodesic": false, "type": "Point", "coordinates": [68.53651544425684, 28.25695641962161]}, "id": "0", "properties": {"classification": 1, "latitude": 28.25695641962161, "longitude": 68.53651544425684, "district": "Jacobabad"}}, {"type": "Feature", "geometry": {"geodesic": false, "type": "Point", "coordinates": [68.36763217084237, 28.16173499950494]}, "id": "1", "properties": {"classification": 1, "latitude": 28.16173499950494, "longitude": 68.36763217084237, "district": "Jacobabad"}}, {"type": "Feature", "geometry": {"geodesic": false, "type": "Point", "coordinates": [68.84823084784631, 28.261447996042207]}, "id": "2", "properties": {"classification": 1, "latitude": 28.261447996042207, "longitude": 68.84823084784631, "district": "Jacobabad"}}, {"type": "Feature", "geometry": {"geodesic": false, "type": "Point", "coordinates": [68.50866767044913, 28.290194085134033]}, "id": "3", "properties": {"classification": 1, "latitude": 28.290194085134033, "longitude": 68.50866767044913, "district": "Jacobabad"}}, {"type": "Feature", "geometry": {"geodesic": false, "type": "Point", "coordinates": [68.89314661205229, 28.337804795192366]}, "id": "4", "properties": {"classification": 1, "latitude": 28.337804795192366, "longitude": 68.89314661205229, "district": "Jacobabad"}}, {"type": "Feature", "geometry": {"geodesic": false, "type": "Point", "coordinates": [68.4242260337419, 28.18149793575557]}, "id": "5", "properties": {"classification": 1, "latitude": 28.18149793575557, "longitude": 68.4242260337419, "district": "Jacobabad"}}, {"type": "Feature", "geometry": {"geodesic": false, "type": "Point", "coordinates": [68.29486863282868, 28.188684458028526]}, "id": "6", "properties": {"classification": 1, "latitude": 28.188684458028526, "longitude": 68.29486863282868, "district": "Jacobabad"}}, {"type": "Feature", "geometry": {"geodesic": false, "type": "Point", "coordinates": [68.48441315777791, 28.286600823997553]}, "id": "7", "properties": {"classification": 1, "latitude": 28.286600823997553, "longitude": 68.48441315777791, "district": "Jacobabad"}}, {"type": "Feature", "geometry": {"geodesic": false, "type": "Point", "coordinates": [68.21222362668969, 28.085378200354782]}, "id": "8", "properties": {"classification": 1, "latitude": 28.085378200354782, "longitude": 68.21222362668969, "district": "Jacobabad"}}, {"type": "Feature", "geometry": {"geodesic": false, "type": "Point", "coordinates": [68.0702898117988, 28.000936563647546]}, "id": "9", "properties": {"classification": 1, "latitude": 28.000936563647546, "longitude": 68.0702898117988, "district": "Jacobabad"}}, {"type": "Feature", "geometry": {"geodesic": false, "type": "Point", "coordinates": [68.5023794634603, 28.097056299048337]}, "id": "10", "properties": {"classification": 1, "latitude": 28.097056299048337, "longitude": 68.5023794634603, "district": "Jacobabad"}}, {"type": "Feature", "geometry": {"geodesic": false, "type": "Point", "coordinates": [68.27061412015746, 28.045852327853524]}, "id": "11", "properties": {"classification": 1, "latitude": 28.045852327853524, "longitude": 68.27061412015746, "district": "Jacobabad"}}, {"type": "Feature", "geometry": {"geodesic": false, "type": "Point", "coordinates": [68.64700822420353, 28.373737406557147]}, "id": "12", "properties": {"classification": 1, "latitude": 28.373737406557147, "longitude": 68.64700822420353, "district": "Jacobabad"}}, {"type": "Feature", "geometry": {"geodesic": false, "type": "Point", "coordinates": [68.25534276032742, 27.903918512962637]}, "id": "13", "properties": {"classification": 1, "latitude": 27.903918512962637, "longitude": 68.25534276032742, "district": "Jacobabad"}}, {"type": "Feature", "geometry": {"geodesic": false, "type": "Point", "coordinates": [68.34337765817114, 28.025191076318773]}, "id": "14", "properties": {"classification": 1, "latitude": 28.025191076318773, "longitude": 68.34337765817114, "district": "Jacobabad"}}, {"type": "Feature", "geometry": {"geodesic": false, "type": "Point", "coordinates": [68.84912916313043, 28.250668212632775]}, "id": "15", "properties": {"classification": 1, "latitude": 28.250668212632775, "longitude": 68.84912916313043, "district": "Jacobabad"}}, {"type": "Feature", "geometry": {"geodesic": false, "type": "Point", "coordinates": [68.51944745385856, 28.234498537518622]}, "id": "16", "properties": {"classification": 1, "latitude": 28.234498537518622, "longitude": 68.51944745385856, "district": "Jacobabad"}}, {"type": "Feature", "geometry": {"geodesic": false, "type": "Point", "coordinates": [68.60209245999756, 28.261447996042207]}, "id": "17", "properties": {"classification": 1, "latitude": 28.261447996042207, "longitude": 68.60209245999756, "district": "Jacobabad"}}, {"type": "Feature", "geometry": {"geodesic": false, "type": "Point", "coordinates": [68.05771339782113, 27.931766286770344]}, "id": "18", "properties": {"classification": 1, "latitude": 27.931766286770344, "longitude": 68.05771339782113, "district": "Jacobabad"}}, {"type": "Feature", "geometry": {"geodesic": false, "type": "Point", "coordinates": [68.2490545533386, 28.009919716488742]}, "id": "19", "properties": {"classification": 1, "latitude": 28.009919716488742, "longitude": 68.2490545533386, "district": "Jacobabad"}}, {"type": "Feature", "geometry": {"geodesic": false, "type": "Point", "coordinates": [68.89314661205229, 28.100649560184813]}, "id": "20", "properties": {"classification": 1, "latitude": 28.100649560184813, "longitude": 68.89314661205229, "district": "Jacobabad"}}, {"type": "Feature", "geometry": {"geodesic": false, "type": "Point", "coordinates": [68.69731388011424, 28.24348169035982]}, "id": "21", "properties": {"classification": 1, "latitude": 28.24348169035982, "longitude": 68.69731388011424, "district": "Jacobabad"}}, {"type": "Feature", "geometry": {"geodesic": false, "type": "Point", "coordinates": [68.68833072727304, 28.10963271302601]}, "id": "22", "properties": {"classification": 1, "latitude": 28.10963271302601, "longitude": 68.68833072727304, "district": "Jacobabad"}}, {"type": "Feature", "geometry": {"geodesic": false, "type": "Point", "coordinates": [68.54010870539331, 28.340499741044724]}, "id": "23", "properties": {"classification": 1, "latitude": 28.340499741044724, "longitude": 68.54010870539331, "district": "Jacobabad"}}, {"type": "Feature", "geometry": {"geodesic": false, "type": "Point", "coordinates": [68.83206117273215, 28.08986977677538]}, "id": "24", "properties": {"classification": 1, "latitude": 28.08986977677538, "longitude": 68.83206117273215, "district": "Jacobabad"}}, {"type": "Feature", "geometry": {"geodesic": false, "type": "Point", "coordinates": [68.57783794732633, 27.726950401991093]}, "id": "0", "properties": {"classification": 1, "latitude": 27.726950401991093, "longitude": 68.57783794732633, "district": "Shikarpur"}}, {"type": "Feature", "geometry": {"geodesic": false, "type": "Point", "coordinates": [68.81409486704977, 27.76647627449235]}, "id": "1", "properties": {"classification": 1, "latitude": 27.76647627449235, "longitude": 68.81409486704977, "district": "Shikarpur"}}, {"type": "Feature", "geometry": {"geodesic": false, "type": "Point", "coordinates": [68.48980304948262, 27.961410691146288]}, "id": "2", "properties": {"classification": 1, "latitude": 27.961410691146288, "longitude": 68.48980304948262, "district": "Shikarpur"}}, {"type": "Feature", "geometry": {"geodesic": false, "type": "Point", "coordinates": [68.76109426528672, 27.93985112432742]}, "id": "3", "properties": {"classification": 1, "latitude": 27.93985112432742, "longitude": 68.76109426528672, "district": "Shikarpur"}}, {"type": "Feature", "geometry": {"geodesic": false, "type": "Point", "coordinates": [68.61646550454347, 27.831154974948955]}, "id": "4", "properties": {"classification": 1, "latitude": 27.831154974948955, "longitude": 68.61646550454347, "district": "Shikarpur"}}, {"type": "Feature", "geometry": {"geodesic": false, "type": "Point", "coordinates": [68.4107513044801, 27.771866166197068]}, "id": "5", "properties": {"classification": 1, "latitude": 27.771866166197068, "longitude": 68.4107513044801, "district": "Shikarpur"}}, {"type": "Feature", "geometry": {"geodesic": false, "type": "Point", "coordinates": [68.38829342237712, 27.80151057057301]}, "id": "6", "properties": {"classification": 1, "latitude": 27.80151057057301, "longitude": 68.38829342237712, "district": "Shikarpur"}}, {"type": "Feature", "geometry": {"geodesic": false, "type": "Point", "coordinates": [68.7368397526155, 27.99285172609047]}, "id": "7", "properties": {"classification": 1, "latitude": 27.99285172609047, "longitude": 68.7368397526155, "district": "Shikarpur"}}, {"type": "Feature", "geometry": {"geodesic": false, "type": "Point", "coordinates": [69.0826911370015, 27.981173627396917]}, "id": "8", "properties": {"classification": 1, "latitude": 27.981173627396917, "longitude": 69.0826911370015, "district": "Shikarpur"}}, {"type": "Feature", "geometry": {"geodesic": false, "type": "Point", "coordinates": [68.40895467391186, 27.947935961884493]}, "id": "9", "properties": {"classification": 1, "latitude": 27.947935961884493, "longitude": 68.40895467391186, "district": "Shikarpur"}}, {"type": "Feature", "geometry": {"geodesic": false, "type": "Point", "coordinates": [68.64880485477178, 27.944342700748017]}, "id": "10", "properties": {"classification": 1, "latitude": 27.944342700748017, "longitude": 68.64880485477178, "district": "Shikarpur"}}, {"type": "Feature", "geometry": {"geodesic": false, "type": "Point", "coordinates": [68.66856779102241, 27.79073078716358]}, "id": "11", "properties": {"classification": 1, "latitude": 27.79073078716358, "longitude": 68.66856779102241, "district": "Shikarpur"}}, {"type": "Feature", "geometry": {"geodesic": false, "type": "Point", "coordinates": [68.86440052296047, 27.959614060578048]}, "id": "12", "properties": {"classification": 1, "latitude": 27.959614060578048, "longitude": 68.86440052296047, "district": "Shikarpur"}}, {"type": "Feature", "geometry": {"geodesic": false, "type": "Point", "coordinates": [68.72875491505842, 27.97847868154456]}, "id": "13", "properties": {"classification": 1, "latitude": 27.97847868154456, "longitude": 68.72875491505842, "district": "Shikarpur"}}, {"type": "Feature", "geometry": {"geodesic": false, "type": "Point", "coordinates": [68.64251664778294, 28.102446190753053]}, "id": "14", "properties": {"classification": 1, "latitude": 28.102446190753053, "longitude": 68.64251664778294, "district": "Shikarpur"}}, {"type": "Feature", "geometry": {"geodesic": false, "type": "Point", "coordinates": [68.49070136476674, 27.802408885857133]}, "id": "15", "properties": {"classification": 1, "latitude": 27.802408885857133, "longitude": 68.49070136476674, "district": "Shikarpur"}}, {"type": "Feature", "geometry": {"geodesic": false, "type": "Point", "coordinates": [68.37212374726296, 27.82307013739188]}, "id": "16", "properties": {"classification": 1, "latitude": 27.82307013739188, "longitude": 68.37212374726296, "district": "Shikarpur"}}, {"type": "Feature", "geometry": {"geodesic": false, "type": "Point", "coordinates": [68.69012735784128, 27.88056231557553]}, "id": "17", "properties": {"classification": 1, "latitude": 27.88056231557553, "longitude": 68.69012735784128, "district": "Shikarpur"}}, {"type": "Feature", "geometry": {"geodesic": false, "type": "Point", "coordinates": [68.37481869311532, 27.82576508324424]}, "id": "18", "properties": {"classification": 1, "latitude": 27.82576508324424, "longitude": 68.37481869311532, "district": "Shikarpur"}}, {"type": "Feature", "geometry": {"geodesic": false, "type": "Point", "coordinates": [68.71258523994426, 28.01441129290934]}, "id": "19", "properties": {"classification": 1, "latitude": 28.01441129290934, "longitude": 68.71258523994426, "district": "Shikarpur"}}, {"type": "Feature", "geometry": {"geodesic": false, "type": "Point", "coordinates": [68.56526153334866, 27.888647153132606]}, "id": "20", "properties": {"classification": 1, "latitude": 27.888647153132606, "longitude": 68.56526153334866, "district": "Shikarpur"}}, {"type": "Feature", "geometry": {"geodesic": false, "type": "Point", "coordinates": [68.69372061897775, 27.836544866653675]}, "id": "21", "properties": {"classification": 1, "latitude": 27.836544866653675, "longitude": 68.69372061897775, "district": "Shikarpur"}}, {"type": "Feature", "geometry": {"geodesic": false, "type": "Point", "coordinates": [68.65329643119237, 27.88056231557553]}, "id": "22", "properties": {"classification": 1, "latitude": 27.88056231557553, "longitude": 68.65329643119237, "district": "Shikarpur"}}, {"type": "Feature", "geometry": {"geodesic": false, "type": "Point", "coordinates": [68.48171821192554, 28.01081803177286]}, "id": "23", "properties": {"classification": 1, "latitude": 28.01081803177286, "longitude": 68.48171821192554, "district": "Shikarpur"}}, {"type": "Feature", "geometry": {"geodesic": false, "type": "Point", "coordinates": [68.4430906547084, 27.93805449375918]}, "id": "24", "properties": {"classification": 1, "latitude": 27.93805449375918, "longitude": 68.4430906547084, "district": "Shikarpur"}}, {"type": "Feature", "geometry": {"geodesic": false, "type": "Point", "coordinates": [69.69264721491867, 27.894037044837322]}, "id": "0", "properties": {"classification": 1, "latitude": 27.894037044837322, "longitude": 69.69264721491867, "district": "Ghotki"}}, {"type": "Feature", "geometry": {"geodesic": false, "type": "Point", "coordinates": [69.83637766037778, 28.076395047513586]}, "id": "1", "properties": {"classification": 1, "latitude": 28.076395047513586, "longitude": 69.83637766037778, "district": "Ghotki"}}, {"type": "Feature", "geometry": {"geodesic": false, "type": "Point", "coordinates": [69.49142459127589, 27.649695287556813]}, "id": "2", "properties": {"classification": 1, "latitude": 27.649695287556813, "longitude": 69.49142459127589, "district": "Ghotki"}}, {"type": "Feature", "geometry": {"geodesic": false, "type": "Point", "coordinates": [69.66479944111096, 27.983868573249275]}, "id": "3", "properties": {"classification": 1, "latitude": 27.983868573249275, "longitude": 69.66479944111096, "district": "Ghotki"}}, {"type": "Feature", "geometry": {"geodesic": false, "type": "Point", "coordinates": [69.43393241309224, 27.953325853589213]}, "id": "4", "properties": {"classification": 1, "latitude": 27.953325853589213, "longitude": 69.43393241309224, "district": "Ghotki"}}, {"type": "Feature", "geometry": {"geodesic": false, "type": "Point", "coordinates": [69.66120617997447, 28.018004554045817]}, "id": "5", "properties": {"classification": 1, "latitude": 28.018004554045817, "longitude": 69.66120617997447, "district": "Ghotki"}}, {"type": "Feature", "geometry": {"geodesic": false, "type": "Point", "coordinates": [69.67917248565686, 28.168921521777897]}, "id": "6", "properties": {"classification": 1, "latitude": 28.168921521777897, "longitude": 69.67917248565686, "district": "Ghotki"}}, {"type": "Feature", "geometry": {"geodesic": false, "type": "Point", "coordinates": [69.5471201388913, 27.806900462277728]}, "id": "7", "properties": {"classification": 1, "latitude": 27.806900462277728, "longitude": 69.5471201388913, "district": "Ghotki"}}, {"type": "Feature", "geometry": {"geodesic": false, "type": "Point", "coordinates": [69.73217308741992, 27.962309006430406]}, "id": "8", "properties": {"classification": 1, "latitude": 27.962309006430406, "longitude": 69.73217308741992, "district": "Ghotki"}}, {"type": "Feature", "geometry": {"geodesic": false, "type": "Point", "coordinates": [69.41776273797808, 28.009919716488742]}, "id": "9", "properties": {"classification": 1, "latitude": 28.009919716488742, "longitude": 69.41776273797808, "district": "Ghotki"}}, {"type": "Feature", "geometry": {"geodesic": false, "type": "Point", "coordinates": [69.40069474757982, 27.87876568500729]}, "id": "10", "properties": {"classification": 1, "latitude": 27.87876568500729, "longitude": 69.40069474757982, "district": "Ghotki"}}, {"type": "Feature", "geometry": {"geodesic": false, "type": "Point", "coordinates": [69.61269715463202, 28.011716347056982]}, "id": "11", "properties": {"classification": 1, "latitude": 28.011716347056982, "longitude": 69.61269715463202, "district": "Ghotki"}}, {"type": "Feature", "geometry": {"geodesic": false, "type": "Point", "coordinates": [69.46986502445702, 27.625440774885586]}, "id": "12", "properties": {"classification": 1, "latitude": 27.625440774885586, "longitude": 69.46986502445702, "district": "Ghotki"}}, {"type": "Feature", "geometry": {"geodesic": false, "type": "Point", "coordinates": [69.48872964542353, 27.887748837848488]}, "id": "13", "properties": {"classification": 1, "latitude": 27.887748837848488, "longitude": 69.48872964542353, "district": "Ghotki"}}, {"type": "Feature", "geometry": {"geodesic": false, "type": "Point", "coordinates": [69.657612918838, 27.657780125113888]}, "id": "14", "properties": {"classification": 1, "latitude": 27.657780125113888, "longitude": 69.657612918838, "district": "Ghotki"}}, {"type": "Feature", "geometry": {"geodesic": false, "type": "Point", "coordinates": [69.58484938082432, 27.949732592452733]}, "id": "15", "properties": {"classification": 1, "latitude": 27.949732592452733, "longitude": 69.58484938082432, "district": "Ghotki"}}, {"type": "Feature", "geometry": {"geodesic": false, "type": "Point", "coordinates": [69.21923506018767, 27.936257863190942]}, "id": "16", "properties": {"classification": 1, "latitude": 27.936257863190942, "longitude": 69.21923506018767, "district": "Ghotki"}}, {"type": "Feature", "geometry": {"geodesic": false, "type": "Point", "coordinates": [69.51118752752652, 28.097954614332455]}, "id": "17", "properties": {"classification": 1, "latitude": 28.097954614332455, "longitude": 69.51118752752652, "district": "Ghotki"}}, {"type": "Feature", "geometry": {"geodesic": false, "type": "Point", "coordinates": [69.66479944111096, 27.659576755682128]}, "id": "18", "properties": {"classification": 1, "latitude": 27.659576755682128, "longitude": 69.66479944111096, "district": "Ghotki"}}, {"type": "Feature", "geometry": {"geodesic": false, "type": "Point", "coordinates": [69.56778139042605, 28.044055697285284]}, "id": "19", "properties": {"classification": 1, "latitude": 28.044055697285284, "longitude": 69.56778139042605, "district": "Ghotki"}}, {"type": "Feature", "geometry": {"geodesic": false, "type": "Point", "coordinates": [69.52735720264067, 27.932664602054462]}, "id": "20", "properties": {"classification": 1, "latitude": 27.932664602054462, "longitude": 69.52735720264067, "district": "Ghotki"}}, {"type": "Feature", "geometry": {"geodesic": false, "type": "Point", "coordinates": [69.82110630054775, 28.113225974162486]}, "id": "21", "properties": {"classification": 1, "latitude": 28.113225974162486, "longitude": 69.82110630054775, "district": "Ghotki"}}, {"type": "Feature", "geometry": {"geodesic": false, "type": "Point", "coordinates": [69.61718873105262, 27.949732592452733]}, "id": "22", "properties": {"classification": 1, "latitude": 27.949732592452733, "longitude": 69.61718873105262, "district": "Ghotki"}}, {"type": "Feature", "geometry": {"geodesic": false, "type": "Point", "coordinates": [69.66120617997447, 27.999139933079306]}, "id": "23", "properties": {"classification": 1, "latitude": 27.999139933079306, "longitude": 69.66120617997447, "district": "Ghotki"}}, {"type": "Feature", "geometry": {"geodesic": false, "type": "Point", "coordinates": [69.76541075293234, 28.054835480694717]}, "id": "24", "properties": {"classification": 1, "latitude": 28.054835480694717, "longitude": 69.76541075293234, "district": "Ghotki"}}, {"type": "Feature", "geometry": {"geodesic": false, "type": "Point", "coordinates": [69.1608445667199, 27.514947994938886]}, "id": "0", "properties": {"classification": 1, "latitude": 27.514947994938886, "longitude": 69.1608445667199, "district": "Sukkur"}}, {"type": "Feature", "geometry": {"geodesic": false, "type": "Point", "coordinates": [69.07101303830795, 27.84642633477899]}, "id": "1", "properties": {"classification": 1, "latitude": 27.84642633477899, "longitude": 69.07101303830795, "district": "Sukkur"}}, {"type": "Feature", "geometry": {"geodesic": false, "type": "Point", "coordinates": [69.20935359206236, 27.623644144317346]}, "id": "2", "properties": {"classification": 1, "latitude": 27.623644144317346, "longitude": 69.20935359206236, "district": "Sukkur"}}, {"type": "Feature", "geometry": {"geodesic": false, "type": "Point", "coordinates": [69.23450642001771, 27.781747634322382]}, "id": "3", "properties": {"classification": 1, "latitude": 27.781747634322382, "longitude": 69.23450642001771, "district": "Sukkur"}}, {"type": "Feature", "geometry": {"geodesic": false, "type": "Point", "coordinates": [69.10874228024097, 27.65688180982977]}, "id": "4", "properties": {"classification": 1, "latitude": 27.65688180982977, "longitude": 69.10874228024097, "district": "Sukkur"}}, {"type": "Feature", "geometry": {"geodesic": false, "type": "Point", "coordinates": [69.07191135359207, 27.783544264890622]}, "id": "5", "properties": {"classification": 1, "latitude": 27.783544264890622, "longitude": 69.07191135359207, "district": "Sukkur"}}, {"type": "Feature", "geometry": {"geodesic": false, "type": "Point", "coordinates": [69.18779402524349, 27.735933554832286]}, "id": "6", "properties": {"classification": 1, "latitude": 27.735933554832286, "longitude": 69.18779402524349, "district": "Sukkur"}}, {"type": "Feature", "geometry": {"geodesic": false, "type": "Point", "coordinates": [69.09975912739978, 27.6353222430109]}, "id": "7", "properties": {"classification": 1, "latitude": 27.6353222430109, "longitude": 69.09975912739978, "district": "Sukkur"}}, {"type": "Feature", "geometry": {"geodesic": false, "type": "Point", "coordinates": [69.05214841734144, 27.535609246473634]}, "id": "8", "properties": {"classification": 1, "latitude": 27.535609246473634, "longitude": 69.05214841734144, "district": "Sukkur"}}, {"type": "Feature", "geometry": {"geodesic": false, "type": "Point", "coordinates": [69.05753830904615, 27.57513511897489]}, "id": "9", "properties": {"classification": 1, "latitude": 27.57513511897489, "longitude": 69.05753830904615, "district": "Sukkur"}}, {"type": "Feature", "geometry": {"geodesic": false, "type": "Point", "coordinates": [69.01172422955607, 27.495185058688257]}, "id": "10", "properties": {"classification": 1, "latitude": 27.495185058688257, "longitude": 69.01172422955607, "district": "Sukkur"}}, {"type": "Feature", "geometry": {"geodesic": false, "type": "Point", "coordinates": [69.17701424183406, 27.88325726142789]}, "id": "11", "properties": {"classification": 1, "latitude": 27.88325726142789, "longitude": 69.17701424183406, "district": "Sukkur"}}, {"type": "Feature", "geometry": {"geodesic": false, "type": "Point", "coordinates": [68.9991478155784, 27.328996731126143]}, "id": "12", "properties": {"classification": 1, "latitude": 27.328996731126143, "longitude": 68.9991478155784, "district": "Sukkur"}}, {"type": "Feature", "geometry": {"geodesic": false, "type": "Point", "coordinates": [69.16533614314051, 27.526626093632437]}, "id": "13", "properties": {"classification": 1, "latitude": 27.526626093632437, "longitude": 69.16533614314051, "district": "Sukkur"}}, {"type": "Feature", "geometry": {"geodesic": false, "type": "Point", "coordinates": [68.77816225568499, 27.71078072687694]}, "id": "14", "properties": {"classification": 1, "latitude": 27.71078072687694, "longitude": 68.77816225568499, "district": "Sukkur"}}, {"type": "Feature", "geometry": {"geodesic": false, "type": "Point", "coordinates": [68.95602868194065, 27.775459427333548]}, "id": "15", "properties": {"classification": 1, "latitude": 27.775459427333548, "longitude": 68.95602868194065, "district": "Sukkur"}}, {"type": "Feature", "geometry": {"geodesic": false, "type": "Point", "coordinates": [69.09077597455858, 27.87876568500729]}, "id": "16", "properties": {"classification": 1, "latitude": 27.87876568500729, "longitude": 69.09077597455858, "district": "Sukkur"}}, {"type": "Feature", "geometry": {"geodesic": false, "type": "Point", "coordinates": [69.18779402524349, 27.56435533556546]}, "id": "17", "properties": {"classification": 1, "latitude": 27.56435533556546, "longitude": 69.18779402524349, "district": "Sukkur"}}, {"type": "Feature", "geometry": {"geodesic": false, "type": "Point", "coordinates": [69.06202988546676, 27.52752440891656]}, "id": "18", "properties": {"classification": 1, "latitude": 27.52752440891656, "longitude": 69.06202988546676, "district": "Sukkur"}}, {"type": "Feature", "geometry": {"geodesic": false, "type": "Point", "coordinates": [69.23360810473359, 27.789832471879457]}, "id": "19", "properties": {"classification": 1, "latitude": 27.789832471879457, "longitude": 69.23360810473359, "district": "Sukkur"}}, {"type": "Feature", "geometry": {"geodesic": false, "type": "Point", "coordinates": [69.18060750297053, 27.796120678868295]}, "id": "20", "properties": {"classification": 1, "latitude": 27.796120678868295, "longitude": 69.18060750297053, "district": "Sukkur"}}, {"type": "Feature", "geometry": {"geodesic": false, "type": "Point", "coordinates": [69.09975912739978, 27.702695889319866]}, "id": "21", "properties": {"classification": 1, "latitude": 27.702695889319866, "longitude": 69.09975912739978, "district": "Sukkur"}}, {"type": "Feature", "geometry": {"geodesic": false, "type": "Point", "coordinates": [69.11952206365041, 27.76467964392411]}, "id": "22", "properties": {"classification": 1, "latitude": 27.76467964392411, "longitude": 69.11952206365041, "district": "Sukkur"}}, {"type": "Feature", "geometry": {"geodesic": false, "type": "Point", "coordinates": [69.21654011433532, 27.850019595915466]}, "id": "23", "properties": {"classification": 1, "latitude": 27.850019595915466, "longitude": 69.21654011433532, "district": "Sukkur"}}, {"type": "Feature", "geometry": {"geodesic": false, "type": "Point", "coordinates": [69.03058885052258, 27.819476876255404]}, "id": "24", "properties": {"classification": 1, "latitude": 27.819476876255404, "longitude": 69.03058885052258, "district": "Sukkur"}}, {"type": "Feature", "geometry": {"geodesic": false, "type": "Point", "coordinates": [69.00992759898783, 28.32792332706705]}, "id": "0", "properties": {"classification": 1, "latitude": 28.32792332706705, "longitude": 69.00992759898783, "district": "Kashmore"}}, {"type": "Feature", "geometry": {"geodesic": false, "type": "Point", "coordinates": [69.00723265313546, 28.392602027523658]}, "id": "1", "properties": {"classification": 1, "latitude": 28.392602027523658, "longitude": 69.00723265313546, "district": "Kashmore"}}, {"type": "Feature", "geometry": {"geodesic": false, "type": "Point", "coordinates": [69.20755696149412, 28.316245228373496]}, "id": "2", "properties": {"classification": 1, "latitude": 28.316245228373496, "longitude": 69.20755696149412, "district": "Kashmore"}}, {"type": "Feature", "geometry": {"geodesic": false, "type": "Point", "coordinates": [69.45369534934287, 28.373737406557147]}, "id": "3", "properties": {"classification": 1, "latitude": 28.373737406557147, "longitude": 69.45369534934287, "district": "Kashmore"}}, {"type": "Feature", "geometry": {"geodesic": false, "type": "Point", "coordinates": [69.27313397723485, 28.060225372399433]}, "id": "4", "properties": {"classification": 1, "latitude": 28.060225372399433, "longitude": 69.27313397723485, "district": "Kashmore"}}, {"type": "Feature", "geometry": {"geodesic": false, "type": "Point", "coordinates": [69.26954071609836, 28.22012549297271]}, "id": "5", "properties": {"classification": 1, "latitude": 28.22012549297271, "longitude": 69.26954071609836, "district": "Kashmore"}}, {"type": "Feature", "geometry": {"geodesic": false, "type": "Point", "coordinates": [69.50849258167416, 28.408771702637807]}, "id": "6", "properties": {"classification": 1, "latitude": 28.408771702637807, "longitude": 69.50849258167416, "district": "Kashmore"}}, {"type": "Feature", "geometry": {"geodesic": false, "type": "Point", "coordinates": [69.54352687775481, 28.212938970699753]}, "id": "7", "properties": {"classification": 1, "latitude": 28.212938970699753, "longitude": 69.54352687775481, "district": "Kashmore"}}, {"type": "Feature", "geometry": {"geodesic": false, "type": "Point", "coordinates": [69.48244143843469, 28.245278320928055]}, "id": "8", "properties": {"classification": 1, "latitude": 28.245278320928055, "longitude": 69.48244143843469, "district": "Kashmore"}}, {"type": "Feature", "geometry": {"geodesic": false, "type": "Point", "coordinates": [69.66390112582684, 28.316245228373496]}, "id": "9", "properties": {"classification": 1, "latitude": 28.316245228373496, "longitude": 69.66390112582684, "district": "Kashmore"}}, {"type": "Feature", "geometry": {"geodesic": false, "type": "Point", "coordinates": [69.63695166730325, 28.31355028252114]}, "id": "10", "properties": {"classification": 1, "latitude": 28.31355028252114, "longitude": 69.63695166730325, "district": "Kashmore"}}, {"type": "Feature", "geometry": {"geodesic": false, "type": "Point", "coordinates": [69.21294685319883, 28.119514181151324]}, "id": "11", "properties": {"classification": 1, "latitude": 28.119514181151324, "longitude": 69.21294685319883, "district": "Kashmore"}}, {"type": "Feature", "geometry": {"geodesic": false, "type": "Point", "coordinates": [69.03957200336377, 28.209345709563276]}, "id": "12", "properties": {"classification": 1, "latitude": 28.209345709563276, "longitude": 69.03957200336377, "district": "Kashmore"}}, {"type": "Feature", "geometry": {"geodesic": false, "type": "Point", "coordinates": [69.42854252138753, 28.28031261700872]}, "id": "13", "properties": {"classification": 1, "latitude": 28.28031261700872, "longitude": 69.42854252138753, "district": "Kashmore"}}, {"type": "Feature", "geometry": {"geodesic": false, "type": "Point", "coordinates": [69.54891676945954, 28.338703110476487]}, "id": "14", "properties": {"classification": 1, "latitude": 28.338703110476487, "longitude": 69.54891676945954, "district": "Kashmore"}}, {"type": "Feature", "geometry": {"geodesic": false, "type": "Point", "coordinates": [69.09077597455858, 28.35127952445416]}, "id": "15", "properties": {"classification": 1, "latitude": 28.35127952445416, "longitude": 69.09077597455858, "district": "Kashmore"}}, {"type": "Feature", "geometry": {"geodesic": false, "type": "Point", "coordinates": [69.00274107671487, 28.1599383689367]}, "id": "16", "properties": {"classification": 1, "latitude": 28.1599383689367, "longitude": 69.00274107671487, "district": "Kashmore"}}, {"type": "Feature", "geometry": {"geodesic": false, "type": "Point", "coordinates": [69.02969053523846, 28.08986977677538]}, "id": "17", "properties": {"classification": 1, "latitude": 28.08986977677538, "longitude": 69.02969053523846, "district": "Kashmore"}}, {"type": "Feature", "geometry": {"geodesic": false, "type": "Point", "coordinates": [69.63784998258737, 28.40158518036485]}, "id": "18", "properties": {"classification": 1, "latitude": 28.40158518036485, "longitude": 69.63784998258737, "district": "Kashmore"}}, {"type": "Feature", "geometry": {"geodesic": false, "type": "Point", "coordinates": [69.56239149872133, 28.452789151559667]}, "id": "19", "properties": {"classification": 1, "latitude": 28.452789151559667, "longitude": 69.56239149872133, "district": "Kashmore"}}, {"type": "Feature", "geometry": {"geodesic": false, "type": "Point", "coordinates": [69.52915383320891, 28.22371875410919]}, "id": "20", "properties": {"classification": 1, "latitude": 28.22371875410919, "longitude": 69.52915383320891, "district": "Kashmore"}}, {"type": "Feature", "geometry": {"geodesic": false, "type": "Point", "coordinates": [69.73037645685169, 28.3899070816713]}, "id": "21", "properties": {"classification": 1, "latitude": 28.3899070816713, "longitude": 69.73037645685169, "district": "Kashmore"}}, {"type": "Feature", "geometry": {"geodesic": false, "type": "Point", "coordinates": [69.33511773183909, 28.159040053652582]}, "id": "22", "properties": {"classification": 1, "latitude": 28.159040053652582, "longitude": 69.33511773183909, "district": "Kashmore"}}, {"type": "Feature", "geometry": {"geodesic": false, "type": "Point", "coordinates": [69.02519895881785, 28.151853531379626]}, "id": "23", "properties": {"classification": 1, "latitude": 28.151853531379626, "longitude": 69.02519895881785, "district": "Kashmore"}}, {"type": "Feature", "geometry": {"geodesic": false, "type": "Point", "coordinates": [69.16803108899286, 27.971292159271602]}, "id": "24", "properties": {"classification": 1, "latitude": 27.971292159271602, "longitude": 69.16803108899286, "district": "Kashmore"}}, {"type": "Feature", "geometry": {"geodesic": false, "type": "Point", "coordinates": [70.26217910505044, 28.867810812822885]}, "id": "0", "properties": {"classification": 1, "latitude": 28.867810812822885, "longitude": 70.26217910505044, "district": "Rajanpur"}}, {"type": "Feature", "geometry": {"geodesic": false, "type": "Point", "coordinates": [69.96214180015451, 28.640537045940647]}, "id": "1", "properties": {"classification": 1, "latitude": 28.640537045940647, "longitude": 69.96214180015451, "district": "Rajanpur"}}, {"type": "Feature", "geometry": {"geodesic": false, "type": "Point", "coordinates": [70.49933434005798, 29.47866520602416]}, "id": "2", "properties": {"classification": 1, "latitude": 29.47866520602416, "longitude": 70.49933434005798, "district": "Rajanpur"}}, {"type": "Feature", "geometry": {"geodesic": false, "type": "Point", "coordinates": [69.90464962197086, 28.48063692536737]}, "id": "3", "properties": {"classification": 1, "latitude": 28.48063692536737, "longitude": 69.90464962197086, "district": "Rajanpur"}}, {"type": "Feature", "geometry": {"geodesic": false, "type": "Point", "coordinates": [69.83098776867307, 28.5740617149158]}, "id": "4", "properties": {"classification": 1, "latitude": 28.5740617149158, "longitude": 69.83098776867307, "district": "Rajanpur"}}, {"type": "Feature", "geometry": {"geodesic": false, "type": "Point", "coordinates": [69.9109378289597, 28.74474161889851]}, "id": "5", "properties": {"classification": 1, "latitude": 28.74474161889851, "longitude": 69.9109378289597, "district": "Rajanpur"}}, {"type": "Feature", "geometry": {"geodesic": false, "type": "Point", "coordinates": [70.5181989610245, 29.561310212163153]}, "id": "6", "properties": {"classification": 1, "latitude": 29.561310212163153, "longitude": 70.5181989610245, "district": "Rajanpur"}}, {"type": "Feature", "geometry": {"geodesic": false, "type": "Point", "coordinates": [70.35560389459887, 28.888472064357632]}, "id": "7", "properties": {"classification": 1, "latitude": 28.888472064357632, "longitude": 70.35560389459887, "district": "Rajanpur"}}, {"type": "Feature", "geometry": {"geodesic": false, "type": "Point", "coordinates": [70.06275311197591, 28.83726809316282]}, "id": "8", "properties": {"classification": 1, "latitude": 28.83726809316282, "longitude": 70.06275311197591, "district": "Rajanpur"}}, {"type": "Feature", "geometry": {"geodesic": false, "type": "Point", "coordinates": [70.61701364227764, 29.525377600798375]}, "id": "9", "properties": {"classification": 1, "latitude": 29.525377600798375, "longitude": 70.61701364227764, "district": "Rajanpur"}}, {"type": "Feature", "geometry": {"geodesic": false, "type": "Point", "coordinates": [70.34662074175768, 29.032202509816756]}, "id": "10", "properties": {"classification": 1, "latitude": 29.032202509816756, "longitude": 70.34662074175768, "district": "Rajanpur"}}, {"type": "Feature", "geometry": {"geodesic": false, "type": "Point", "coordinates": [70.34662074175768, 29.12383066879695]}, "id": "11", "properties": {"classification": 1, "latitude": 29.12383066879695, "longitude": 70.34662074175768, "district": "Rajanpur"}}, {"type": "Feature", "geometry": {"geodesic": false, "type": "Point", "coordinates": [70.49933434005798, 29.348409489826828]}, "id": "12", "properties": {"classification": 1, "latitude": 29.348409489826828, "longitude": 70.49933434005798, "district": "Rajanpur"}}, {"type": "Feature", "geometry": {"geodesic": false, "type": "Point", "coordinates": [70.25409426749336, 29.202882413799465]}, "id": "13", "properties": {"classification": 1, "latitude": 29.202882413799465, "longitude": 70.25409426749336, "district": "Rajanpur"}}, {"type": "Feature", "geometry": {"geodesic": false, "type": "Point", "coordinates": [70.55323325710516, 29.27295100596079]}, "id": "14", "properties": {"classification": 1, "latitude": 29.27295100596079, "longitude": 70.55323325710516, "district": "Rajanpur"}}, {"type": "Feature", "geometry": {"geodesic": false, "type": "Point", "coordinates": [70.5226905374451, 29.525377600798375]}, "id": "15", "properties": {"classification": 1, "latitude": 29.525377600798375, "longitude": 70.5226905374451, "district": "Rajanpur"}}, {"type": "Feature", "geometry": {"geodesic": false, "type": "Point", "coordinates": [70.59455576017466, 29.572988310856708]}, "id": "16", "properties": {"classification": 1, "latitude": 29.572988310856708, "longitude": 70.59455576017466, "district": "Rajanpur"}}, {"type": "Feature", "geometry": {"geodesic": false, "type": "Point", "coordinates": [69.90734456782323, 28.586638128893473]}, "id": "17", "properties": {"classification": 1, "latitude": 28.586638128893473, "longitude": 69.90734456782323, "district": "Rajanpur"}}, {"type": "Feature", "geometry": {"geodesic": false, "type": "Point", "coordinates": [69.89386983856143, 28.793250644240963]}, "id": "18", "properties": {"classification": 1, "latitude": 28.793250644240963, "longitude": 69.89386983856143, "district": "Rajanpur"}}, {"type": "Feature", "geometry": {"geodesic": false, "type": "Point", "coordinates": [70.20738187271914, 28.907336685324143]}, "id": "19", "properties": {"classification": 1, "latitude": 28.907336685324143, "longitude": 70.20738187271914, "district": "Rajanpur"}}, {"type": "Feature", "geometry": {"geodesic": false, "type": "Point", "coordinates": [70.02771881589524, 28.64862188349772]}, "id": "20", "properties": {"classification": 1, "latitude": 28.64862188349772, "longitude": 70.02771881589524, "district": "Rajanpur"}}, {"type": "Feature", "geometry": {"geodesic": false, "type": "Point", "coordinates": [70.26397573561867, 29.350206120395068]}, "id": "21", "properties": {"classification": 1, "latitude": 29.350206120395068, "longitude": 70.26397573561867, "district": "Rajanpur"}}, {"type": "Feature", "geometry": {"geodesic": false, "type": "Point", "coordinates": [70.13282170413723, 29.525377600798375]}, "id": "22", "properties": {"classification": 1, "latitude": 29.525377600798375, "longitude": 70.13282170413723, "district": "Rajanpur"}}, {"type": "Feature", "geometry": {"geodesic": false, "type": "Point", "coordinates": [70.26128078976632, 29.66731141568926]}, "id": "23", "properties": {"classification": 1, "latitude": 29.66731141568926, "longitude": 70.26128078976632, "district": "Rajanpur"}}, {"type": "Feature", "geometry": {"geodesic": false, "type": "Point", "coordinates": [70.41309607278252, 28.954049080098358]}, "id": "24", "properties": {"classification": 1, "latitude": 28.954049080098358, "longitude": 70.41309607278252, "district": "Rajanpur"}}, {"type": "Feature", "geometry": {"geodesic": false, "type": "Point", "coordinates": [70.66642098290423, 30.503642945204533]}, "id": "0", "properties": {"classification": 1, "latitude": 30.503642945204533, "longitude": 70.66642098290423, "district": "Dera Ghazi Khan"}}, {"type": "Feature", "geometry": {"geodesic": false, "type": "Point", "coordinates": [70.73469294449731, 30.9393258580025]}, "id": "1", "properties": {"classification": 1, "latitude": 30.9393258580025, "longitude": 70.73469294449731, "district": "Dera Ghazi Khan"}}, {"type": "Feature", "geometry": {"geodesic": false, "type": "Point", "coordinates": [70.63947152438064, 30.83152802390816]}, "id": "2", "properties": {"classification": 1, "latitude": 30.83152802390816, "longitude": 70.63947152438064, "district": "Dera Ghazi Khan"}}, {"type": "Feature", "geometry": {"geodesic": false, "type": "Point", "coordinates": [70.61791195756177, 30.964478685957847]}, "id": "3", "properties": {"classification": 1, "latitude": 30.964478685957847, "longitude": 70.61791195756177, "district": "Dera Ghazi Khan"}}, {"type": "Feature", "geometry": {"geodesic": false, "type": "Point", "coordinates": [70.73828620563378, 30.97885173050376]}, "id": "4", "properties": {"classification": 1, "latitude": 30.97885173050376, "longitude": 70.73828620563378, "district": "Dera Ghazi Khan"}}, {"type": "Feature", "geometry": {"geodesic": false, "type": "Point", "coordinates": [70.24780606050453, 30.507236206341013]}, "id": "5", "properties": {"classification": 1, "latitude": 30.507236206341013, "longitude": 70.24780606050453, "district": "Dera Ghazi Khan"}}, {"type": "Feature", "geometry": {"geodesic": false, "type": "Point", "coordinates": [70.71852326938316, 30.84949432959055]}, "id": "6", "properties": {"classification": 1, "latitude": 30.84949432959055, "longitude": 70.71852326938316, "district": "Dera Ghazi Khan"}}, {"type": "Feature", "geometry": {"geodesic": false, "type": "Point", "coordinates": [70.6789973968819, 30.557541862251703]}, "id": "7", "properties": {"classification": 1, "latitude": 30.557541862251703, "longitude": 70.6789973968819, "district": "Dera Ghazi Khan"}}, {"type": "Feature", "geometry": {"geodesic": false, "type": "Point", "coordinates": [70.44543542301082, 29.7427698995553]}, "id": "8", "properties": {"classification": 1, "latitude": 29.7427698995553, "longitude": 70.44543542301082, "district": "Dera Ghazi Khan"}}, {"type": "Feature", "geometry": {"geodesic": false, "type": "Point", "coordinates": [70.62689511040297, 30.479388432533305]}, "id": "9", "properties": {"classification": 1, "latitude": 30.479388432533305, "longitude": 70.62689511040297, "district": "Dera Ghazi Khan"}}, {"type": "Feature", "geometry": {"geodesic": false, "type": "Point", "coordinates": [70.74906598904322, 30.688695893733154]}, "id": "10", "properties": {"classification": 1, "latitude": 30.688695893733154, "longitude": 70.74906598904322, "district": "Dera Ghazi Khan"}}, {"type": "Feature", "geometry": {"geodesic": false, "type": "Point", "coordinates": [70.62509847983472, 31.18187098471477]}, "id": "11", "properties": {"classification": 1, "latitude": 31.18187098471477, "longitude": 70.62509847983472, "district": "Dera Ghazi Khan"}}, {"type": "Feature", "geometry": {"geodesic": false, "type": "Point", "coordinates": [70.74996430432734, 30.41740467792906]}, "id": "12", "properties": {"classification": 1, "latitude": 30.41740467792906, "longitude": 70.74996430432734, "district": "Dera Ghazi Khan"}}, {"type": "Feature", "geometry": {"geodesic": false, "type": "Point", "coordinates": [70.73648957506555, 30.654559912936612]}, "id": "13", "properties": {"classification": 1, "latitude": 30.654559912936612, "longitude": 70.73648957506555, "district": "Dera Ghazi Khan"}}, {"type": "Feature", "geometry": {"geodesic": false, "type": "Point", "coordinates": [70.70145527898488, 30.202707325024495]}, "id": "14", "properties": {"classification": 1, "latitude": 30.202707325024495, "longitude": 70.70145527898488, "district": "Dera Ghazi Khan"}}, {"type": "Feature", "geometry": {"geodesic": false, "type": "Point", "coordinates": [70.56311472523048, 30.068858347690686]}, "id": "15", "properties": {"classification": 1, "latitude": 30.068858347690686, "longitude": 70.56311472523048, "district": "Dera Ghazi Khan"}}, {"type": "Feature", "geometry": {"geodesic": false, "type": "Point", "coordinates": [70.75984577245265, 30.131740417579053]}, "id": "16", "properties": {"classification": 1, "latitude": 30.131740417579053, "longitude": 70.75984577245265, "district": "Dera Ghazi Khan"}}, {"type": "Feature", "geometry": {"geodesic": false, "type": "Point", "coordinates": [70.47148656625029, 30.956393848400772]}, "id": "17", "properties": {"classification": 1, "latitude": 30.956393848400772, "longitude": 70.47148656625029, "district": "Dera Ghazi Khan"}}, {"type": "Feature", "geometry": {"geodesic": false, "type": "Point", "coordinates": [69.43303409780812, 28.48153524065149]}, "id": "18", "properties": {"classification": 1, "latitude": 28.48153524065149, "longitude": 69.43303409780812, "district": "Dera Ghazi Khan"}}, {"type": "Feature", "geometry": {"geodesic": false, "type": "Point", "coordinates": [70.62779342568709, 31.145938373349992]}, "id": "19", "properties": {"classification": 1, "latitude": 31.145938373349992, "longitude": 70.62779342568709, "district": "Dera Ghazi Khan"}}, {"type": "Feature", "geometry": {"geodesic": false, "type": "Point", "coordinates": [70.4948427636374, 29.658328262848062]}, "id": "20", "properties": {"classification": 1, "latitude": 29.658328262848062, "longitude": 70.4948427636374, "district": "Dera Ghazi Khan"}}, {"type": "Feature", "geometry": {"geodesic": false, "type": "Point", "coordinates": [69.53454372491362, 28.48512850178797]}, "id": "21", "properties": {"classification": 1, "latitude": 28.48512850178797, "longitude": 69.53454372491362, "district": "Dera Ghazi Khan"}}, {"type": "Feature", "geometry": {"geodesic": false, "type": "Point", "coordinates": [70.64935299250595, 31.05790347550628]}, "id": "22", "properties": {"classification": 1, "latitude": 31.05790347550628, "longitude": 70.64935299250595, "district": "Dera Ghazi Khan"}}, {"type": "Feature", "geometry": {"geodesic": false, "type": "Point", "coordinates": [70.68259065801837, 29.70234571176992]}, "id": "23", "properties": {"classification": 1, "latitude": 29.70234571176992, "longitude": 70.68259065801837, "district": "Dera Ghazi Khan"}}, {"type": "Feature", "geometry": {"geodesic": false, "type": "Point", "coordinates": [70.65743783006303, 30.66533969634605]}, "id": "24", "properties": {"classification": 1, "latitude": 30.66533969634605, "longitude": 70.65743783006303, "district": "Dera Ghazi Khan"}}, {"type": "Feature", "geometry": {"geodesic": false, "type": "Point", "coordinates": [70.81194805893158, 28.72857194378436]}, "id": "0", "properties": {"classification": 1, "latitude": 28.72857194378436, "longitude": 70.81194805893158, "district": "Rahim Yar Khan"}}, {"type": "Feature", "geometry": {"geodesic": false, "type": "Point", "coordinates": [70.35560389459887, 28.579451606620516]}, "id": "1", "properties": {"classification": 1, "latitude": 28.579451606620516, "longitude": 70.35560389459887, "district": "Rahim Yar Khan"}}, {"type": "Feature", "geometry": {"geodesic": false, "type": "Point", "coordinates": [70.50562254704683, 28.85703102941345]}, "id": "2", "properties": {"classification": 1, "latitude": 28.85703102941345, "longitude": 70.50562254704683, "district": "Rahim Yar Khan"}}, {"type": "Feature", "geometry": {"geodesic": false, "type": "Point", "coordinates": [70.64036983966476, 28.680062918441905]}, "id": "3", "properties": {"classification": 1, "latitude": 28.680062918441905, "longitude": 70.64036983966476, "district": "Rahim Yar Khan"}}, {"type": "Feature", "geometry": {"geodesic": false, "type": "Point", "coordinates": [70.8999829567753, 28.973812016348987]}, "id": "4", "properties": {"classification": 1, "latitude": 28.973812016348987, "longitude": 70.8999829567753, "district": "Rahim Yar Khan"}}, {"type": "Feature", "geometry": {"geodesic": false, "type": "Point", "coordinates": [69.95136201674508, 28.10783608245777]}, "id": "5", "properties": {"classification": 1, "latitude": 28.10783608245777, "longitude": 69.95136201674508, "district": "Rahim Yar Khan"}}, {"type": "Feature", "geometry": {"geodesic": false, "type": "Point", "coordinates": [69.95585359316568, 28.199464241437962]}, "id": "6", "properties": {"classification": 1, "latitude": 28.199464241437962, "longitude": 69.95585359316568, "district": "Rahim Yar Khan"}}, {"type": "Feature", "geometry": {"geodesic": false, "type": "Point", "coordinates": [70.48855455664855, 28.548010571676336]}, "id": "7", "properties": {"classification": 1, "latitude": 28.548010571676336, "longitude": 70.48855455664855, "district": "Rahim Yar Khan"}}, {"type": "Feature", "geometry": {"geodesic": false, "type": "Point", "coordinates": [70.72570979165612, 28.901946793619427]}, "id": "8", "properties": {"classification": 1, "latitude": 28.901946793619427, "longitude": 70.72570979165612, "district": "Rahim Yar Khan"}}, {"type": "Feature", "geometry": {"geodesic": false, "type": "Point", "coordinates": [70.37806177670186, 28.48243355593561]}, "id": "9", "properties": {"classification": 1, "latitude": 28.48243355593561, "longitude": 70.37806177670186, "district": "Rahim Yar Khan"}}, {"type": "Feature", "geometry": {"geodesic": false, "type": "Point", "coordinates": [70.91255937075297, 28.96842212464427]}, "id": "10", "properties": {"classification": 1, "latitude": 28.96842212464427, "longitude": 70.91255937075297, "district": "Rahim Yar Khan"}}, {"type": "Feature", "geometry": {"geodesic": false, "type": "Point", "coordinates": [70.13461833470546, 28.139277117401953]}, "id": "11", "properties": {"classification": 1, "latitude": 28.139277117401953, "longitude": 70.13461833470546, "district": "Rahim Yar Khan"}}, {"type": "Feature", "geometry": {"geodesic": false, "type": "Point", "coordinates": [70.61791195756177, 28.553400463381053]}, "id": "12", "properties": {"classification": 1, "latitude": 28.553400463381053, "longitude": 70.61791195756177, "district": "Rahim Yar Khan"}}, {"type": "Feature", "geometry": {"geodesic": false, "type": "Point", "coordinates": [70.56491135579871, 28.935184459131847]}, "id": "13", "properties": {"classification": 1, "latitude": 28.935184459131847, "longitude": 70.56491135579871, "district": "Rahim Yar Khan"}}, {"type": "Feature", "geometry": {"geodesic": false, "type": "Point", "coordinates": [70.88740654279762, 28.590231390029953]}, "id": "14", "properties": {"classification": 1, "latitude": 28.590231390029953, "longitude": 70.88740654279762, "district": "Rahim Yar Khan"}}, {"type": "Feature", "geometry": {"geodesic": false, "type": "Point", "coordinates": [70.45801183698849, 28.86062429054993]}, "id": "15", "properties": {"classification": 1, "latitude": 28.86062429054993, "longitude": 70.45801183698849, "district": "Rahim Yar Khan"}}, {"type": "Feature", "geometry": {"geodesic": false, "type": "Point", "coordinates": [70.2693656273234, 28.439314422297873]}, "id": "16", "properties": {"classification": 1, "latitude": 28.439314422297873, "longitude": 70.2693656273234, "district": "Rahim Yar Khan"}}, {"type": "Feature", "geometry": {"geodesic": false, "type": "Point", "coordinates": [70.25050100635688, 28.40158518036485]}, "id": "17", "properties": {"classification": 1, "latitude": 28.40158518036485, "longitude": 70.25050100635688, "district": "Rahim Yar Khan"}}, {"type": "Feature", "geometry": {"geodesic": false, "type": "Point", "coordinates": [70.52628379858157, 28.655808405770678]}, "id": "18", "properties": {"classification": 1, "latitude": 28.655808405770678, "longitude": 70.52628379858157, "district": "Rahim Yar Khan"}}, {"type": "Feature", "geometry": {"geodesic": false, "type": "Point", "coordinates": [70.66821761347246, 28.49950154633388]}, "id": "19", "properties": {"classification": 1, "latitude": 28.49950154633388, "longitude": 70.66821761347246, "district": "Rahim Yar Khan"}}, {"type": "Feature", "geometry": {"geodesic": false, "type": "Point", "coordinates": [70.05107501328234, 28.136582171549595]}, "id": "20", "properties": {"classification": 1, "latitude": 28.136582171549595, "longitude": 70.05107501328234, "district": "Rahim Yar Khan"}}, {"type": "Feature", "geometry": {"geodesic": false, "type": "Point", "coordinates": [70.08071941765829, 28.33061827291941]}, "id": "21", "properties": {"classification": 1, "latitude": 28.33061827291941, "longitude": 70.08071941765829, "district": "Rahim Yar Khan"}}, {"type": "Feature", "geometry": {"geodesic": false, "type": "Point", "coordinates": [69.97112495299571, 28.004529824784026]}, "id": "22", "properties": {"classification": 1, "latitude": 28.004529824784026, "longitude": 69.97112495299571, "district": "Rahim Yar Khan"}}, {"type": "Feature", "geometry": {"geodesic": false, "type": "Point", "coordinates": [69.89027657742496, 28.21832886240447]}, "id": "23", "properties": {"classification": 1, "latitude": 28.21832886240447, "longitude": 69.89027657742496, "district": "Rahim Yar Khan"}}, {"type": "Feature", "geometry": {"geodesic": false, "type": "Point", "coordinates": [70.22265323254918, 28.477941979515013]}, "id": "24", "properties": {"classification": 1, "latitude": 28.477941979515013, "longitude": 70.22265323254918, "district": "Rahim Yar Khan"}}, {"type": "Feature", "geometry": {"geodesic": false, "type": "Point", "coordinates": [71.03922182581383, 28.882183857368798]}, "id": "0", "properties": {"classification": 1, "latitude": 28.882183857368798, "longitude": 71.03922182581383, "district": "Bahawalpur"}}, {"type": "Feature", "geometry": {"geodesic": false, "type": "Point", "coordinates": [71.62941496748034, 28.9468625578254]}, "id": "1", "properties": {"classification": 1, "latitude": 28.9468625578254, "longitude": 71.62941496748034, "district": "Bahawalpur"}}, {"type": "Feature", "geometry": {"geodesic": false, "type": "Point", "coordinates": [72.1935569659074, 29.150780127320534]}, "id": "2", "properties": {"classification": 1, "latitude": 29.150780127320534, "longitude": 72.1935569659074, "district": "Bahawalpur"}}, {"type": "Feature", "geometry": {"geodesic": false, "type": "Point", "coordinates": [71.49017609844182, 29.361884219088623]}, "id": "3", "properties": {"classification": 1, "latitude": 29.361884219088623, "longitude": 71.49017609844182, "district": "Bahawalpur"}}, {"type": "Feature", "geometry": {"geodesic": false, "type": "Point", "coordinates": [71.44705696480409, 29.129220560501665]}, "id": "4", "properties": {"classification": 1, "latitude": 29.129220560501665, "longitude": 71.44705696480409, "district": "Bahawalpur"}}, {"type": "Feature", "geometry": {"geodesic": false, "type": "Point", "coordinates": [71.69499198322107, 29.1400003439111]}, "id": "5", "properties": {"classification": 1, "latitude": 29.1400003439111, "longitude": 71.69499198322107, "district": "Bahawalpur"}}, {"type": "Feature", "geometry": {"geodesic": false, "type": "Point", "coordinates": [72.16930245323618, 29.615209129210328]}, "id": "6", "properties": {"classification": 1, "latitude": 29.615209129210328, "longitude": 72.16930245323618, "district": "Bahawalpur"}}, {"type": "Feature", "geometry": {"geodesic": false, "type": "Point", "coordinates": [71.14701965990817, 29.166051487150565]}, "id": "7", "properties": {"classification": 1, "latitude": 29.166051487150565, "longitude": 71.14701965990817, "district": "Bahawalpur"}}, {"type": "Feature", "geometry": {"geodesic": false, "type": "Point", "coordinates": [71.34015744599387, 29.124728984081067]}, "id": "8", "properties": {"classification": 1, "latitude": 29.124728984081067, "longitude": 71.34015744599387, "district": "Bahawalpur"}}, {"type": "Feature", "geometry": {"geodesic": false, "type": "Point", "coordinates": [71.03922182581383, 28.733063520204958]}, "id": "9", "properties": {"classification": 1, "latitude": 28.733063520204958, "longitude": 71.03922182581383, "district": "Bahawalpur"}}, {"type": "Feature", "geometry": {"geodesic": false, "type": "Point", "coordinates": [71.8252476994184, 29.370867371929815]}, "id": "10", "properties": {"classification": 1, "latitude": 29.370867371929815, "longitude": 71.8252476994184, "district": "Bahawalpur"}}, {"type": "Feature", "geometry": {"geodesic": false, "type": "Point", "coordinates": [70.97005154893662, 29.23522176402777]}, "id": "11", "properties": {"classification": 1, "latitude": 29.23522176402777, "longitude": 70.97005154893662, "district": "Bahawalpur"}}, {"type": "Feature", "geometry": {"geodesic": false, "type": "Point", "coordinates": [72.58073085336292, 29.7427698995553]}, "id": "12", "properties": {"classification": 1, "latitude": 29.7427698995553, "longitude": 72.58073085336292, "district": "Bahawalpur"}}, {"type": "Feature", "geometry": {"geodesic": false, "type": "Point", "coordinates": [72.39837285068666, 29.735583377282342]}, "id": "13", "properties": {"classification": 1, "latitude": 29.735583377282342, "longitude": 72.39837285068666, "district": "Bahawalpur"}}, {"type": "Feature", "geometry": {"geodesic": false, "type": "Point", "coordinates": [71.39136141718868, 29.107660993682796]}, "id": "14", "properties": {"classification": 1, "latitude": 29.107660993682796, "longitude": 71.39136141718868, "district": "Bahawalpur"}}, {"type": "Feature", "geometry": {"geodesic": false, "type": "Point", "coordinates": [72.06869114141479, 29.563106842731393]}, "id": "15", "properties": {"classification": 1, "latitude": 29.563106842731393, "longitude": 72.06869114141479, "district": "Bahawalpur"}}, {"type": "Feature", "geometry": {"geodesic": false, "type": "Point", "coordinates": [71.80817970902014, 29.441834279375257]}, "id": "16", "properties": {"classification": 1, "latitude": 29.441834279375257, "longitude": 71.80817970902014, "district": "Bahawalpur"}}, {"type": "Feature", "geometry": {"geodesic": false, "type": "Point", "coordinates": [71.95550341561574, 29.497529826990668]}, "id": "17", "properties": {"classification": 1, "latitude": 29.497529826990668, "longitude": 71.95550341561574, "district": "Bahawalpur"}}, {"type": "Feature", "geometry": {"geodesic": false, "type": "Point", "coordinates": [71.66624589412925, 29.127423929933425]}, "id": "18", "properties": {"classification": 1, "latitude": 29.127423929933425, "longitude": 71.66624589412925, "district": "Bahawalpur"}}, {"type": "Feature", "geometry": {"geodesic": false, "type": "Point", "coordinates": [71.40753109230283, 29.352002750963308]}, "id": "19", "properties": {"classification": 1, "latitude": 29.352002750963308, "longitude": 71.40753109230283, "district": "Bahawalpur"}}, {"type": "Feature", "geometry": {"geodesic": false, "type": "Point", "coordinates": [71.72283975702878, 29.21635714306126]}, "id": "20", "properties": {"classification": 1, "latitude": 29.21635714306126, "longitude": 71.72283975702878, "district": "Bahawalpur"}}, {"type": "Feature", "geometry": {"geodesic": false, "type": "Point", "coordinates": [72.20882832573744, 29.579276517845546]}, "id": "21", "properties": {"classification": 1, "latitude": 29.579276517845546, "longitude": 72.20882832573744, "district": "Bahawalpur"}}, {"type": "Feature", "geometry": {"geodesic": false, "type": "Point", "coordinates": [72.19804854232801, 29.08430479629569]}, "id": "22", "properties": {"classification": 1, "latitude": 29.08430479629569, "longitude": 72.19804854232801, "district": "Bahawalpur"}}, {"type": "Feature", "geometry": {"geodesic": false, "type": "Point", "coordinates": [72.52952688216811, 29.751753052396495]}, "id": "23", "properties": {"classification": 1, "latitude": 29.751753052396495, "longitude": 72.52952688216811, "district": "Bahawalpur"}}, {"type": "Feature", "geometry": {"geodesic": false, "type": "Point", "coordinates": [71.83692579811196, 29.157068334309372]}, "id": "24", "properties": {"classification": 1, "latitude": 29.157068334309372, "longitude": 71.83692579811196, "district": "Bahawalpur"}}, {"type": "Feature", "geometry": {"geodesic": false, "type": "Point", "coordinates": [73.50060570430131, 30.114672427180782]}, "id": "0", "properties": {"classification": 1, "latitude": 30.114672427180782, "longitude": 73.50060570430131, "district": "Bahawalnagar"}}, {"type": "Feature", "geometry": {"geodesic": false, "type": "Point", "coordinates": [73.28141677497615, 29.81822838342134]}, "id": "1", "properties": {"classification": 1, "latitude": 29.81822838342134, "longitude": 73.28141677497615, "district": "Bahawalnagar"}}, {"type": "Feature", "geometry": {"geodesic": false, "type": "Point", "coordinates": [72.7963265215516, 29.896381813139737]}, "id": "2", "properties": {"classification": 1, "latitude": 29.896381813139737, "longitude": 72.7963265215516, "district": "Bahawalnagar"}}, {"type": "Feature", "geometry": {"geodesic": false, "type": "Point", "coordinates": [73.82849078300494, 30.28804727701585]}, "id": "3", "properties": {"classification": 1, "latitude": 30.28804727701585, "longitude": 73.82849078300494, "district": "Bahawalnagar"}}, {"type": "Feature", "geometry": {"geodesic": false, "type": "Point", "coordinates": [73.12960149195995, 29.49663151170655]}, "id": "4", "properties": {"classification": 1, "latitude": 29.49663151170655, "longitude": 73.12960149195995, "district": "Bahawalnagar"}}, {"type": "Feature", "geometry": {"geodesic": false, "type": "Point", "coordinates": [73.76291376726421, 30.1524016691138]}, "id": "5", "properties": {"classification": 1, "latitude": 30.1524016691138, "longitude": 73.76291376726421, "district": "Bahawalnagar"}}, {"type": "Feature", "geometry": {"geodesic": false, "type": "Point", "coordinates": [73.30926454878386, 29.936806000925117]}, "id": "6", "properties": {"classification": 1, "latitude": 29.936806000925117, "longitude": 73.30926454878386, "district": "Bahawalnagar"}}, {"type": "Feature", "geometry": {"geodesic": false, "type": "Point", "coordinates": [72.62295167171654, 29.23522176402777]}, "id": "7", "properties": {"classification": 1, "latitude": 29.23522176402777, "longitude": 72.62295167171654, "district": "Bahawalnagar"}}, {"type": "Feature", "geometry": {"geodesic": false, "type": "Point", "coordinates": [72.80081809797221, 29.316968454882645]}, "id": "8", "properties": {"classification": 1, "latitude": 29.316968454882645, "longitude": 72.80081809797221, "district": "Bahawalnagar"}}, {"type": "Feature", "geometry": {"geodesic": false, "type": "Point", "coordinates": [72.88705636524767, 29.500224772843026]}, "id": "9", "properties": {"classification": 1, "latitude": 29.500224772843026, "longitude": 72.88705636524767, "district": "Bahawalnagar"}}, {"type": "Feature", "geometry": {"geodesic": false, "type": "Point", "coordinates": [72.68313879575254, 29.905364965980933]}, "id": "10", "properties": {"classification": 1, "latitude": 29.905364965980933, "longitude": 72.68313879575254, "district": "Bahawalnagar"}}, {"type": "Feature", "geometry": {"geodesic": false, "type": "Point", "coordinates": [73.27962014440791, 30.112875796612542]}, "id": "11", "properties": {"classification": 1, "latitude": 30.112875796612542, "longitude": 73.27962014440791, "district": "Bahawalnagar"}}, {"type": "Feature", "geometry": {"geodesic": false, "type": "Point", "coordinates": [72.99036262292142, 29.520886024377777]}, "id": "12", "properties": {"classification": 1, "latitude": 29.520886024377777, "longitude": 72.99036262292142, "district": "Bahawalnagar"}}, {"type": "Feature", "geometry": {"geodesic": false, "type": "Point", "coordinates": [73.3802314562293, 29.980823449846973]}, "id": "13", "properties": {"classification": 1, "latitude": 29.980823449846973, "longitude": 73.3802314562293, "district": "Bahawalnagar"}}, {"type": "Feature", "geometry": {"geodesic": false, "type": "Point", "coordinates": [72.91131087791891, 29.299900464484374]}, "id": "14", "properties": {"classification": 1, "latitude": 29.299900464484374, "longitude": 72.91131087791891, "district": "Bahawalnagar"}}, {"type": "Feature", "geometry": {"geodesic": false, "type": "Point", "coordinates": [72.67774890404783, 29.903568335412693]}, "id": "15", "properties": {"classification": 1, "latitude": 29.903568335412693, "longitude": 72.67774890404783, "district": "Bahawalnagar"}}, {"type": "Feature", "geometry": {"geodesic": false, "type": "Point", "coordinates": [72.94185359757897, 29.94399252319807]}, "id": "16", "properties": {"classification": 1, "latitude": 29.94399252319807, "longitude": 72.94185359757897, "district": "Bahawalnagar"}}, {"type": "Feature", "geometry": {"geodesic": false, "type": "Point", "coordinates": [72.96071821854548, 29.623293966767402]}, "id": "17", "properties": {"classification": 1, "latitude": 29.623293966767402, "longitude": 72.96071821854548, "district": "Bahawalnagar"}}, {"type": "Feature", "geometry": {"geodesic": false, "type": "Point", "coordinates": [73.21853470508778, 30.04460383501946]}, "id": "18", "properties": {"classification": 1, "latitude": 30.04460383501946, "longitude": 73.21853470508778, "district": "Bahawalnagar"}}, {"type": "Feature", "geometry": {"geodesic": false, "type": "Point", "coordinates": [73.29668813480617, 29.933212739788637]}, "id": "19", "properties": {"classification": 1, "latitude": 29.933212739788637, "longitude": 73.29668813480617, "district": "Bahawalnagar"}}, {"type": "Feature", "geometry": {"geodesic": false, "type": "Point", "coordinates": [73.56708103532615, 30.103892643771346]}, "id": "20", "properties": {"classification": 1, "latitude": 30.103892643771346, "longitude": 73.56708103532615, "district": "Bahawalnagar"}}, {"type": "Feature", "geometry": {"geodesic": false, "type": "Point", "coordinates": [73.63175973578277, 30.274572547754055]}, "id": "21", "properties": {"classification": 1, "latitude": 30.274572547754055, "longitude": 73.63175973578277, "district": "Bahawalnagar"}}, {"type": "Feature", "geometry": {"geodesic": false, "type": "Point", "coordinates": [72.81608945780224, 29.59364956239146]}, "id": "22", "properties": {"classification": 1, "latitude": 29.59364956239146, "longitude": 72.81608945780224, "district": "Bahawalnagar"}}, {"type": "Feature", "geometry": {"geodesic": false, "type": "Point", "coordinates": [73.00563398275146, 29.297205518632015]}, "id": "23", "properties": {"classification": 1, "latitude": 29.297205518632015, "longitude": 73.00563398275146, "district": "Bahawalnagar"}}, {"type": "Feature", "geometry": {"geodesic": false, "type": "Point", "coordinates": [73.05144806224155, 29.75983788995357]}, "id": "24", "properties": {"classification": 1, "latitude": 29.75983788995357, "longitude": 73.05144806224155, "district": "Bahawalnagar"}}, {"type": "Feature", "geometry": {"geodesic": false, "type": "Point", "coordinates": [70.67181087460894, 29.55142874403784]}, "id": "0", "properties": {"classification": 1, "latitude": 29.55142874403784, "longitude": 70.67181087460894, "district": "Muzaffargarh"}}, {"type": "Feature", "geometry": {"geodesic": false, "type": "Point", "coordinates": [71.34464902241446, 30.234148359968678]}, "id": "1", "properties": {"classification": 1, "latitude": 30.234148359968678, "longitude": 71.34464902241446, "district": "Muzaffargarh"}}, {"type": "Feature", "geometry": {"geodesic": false, "type": "Point", "coordinates": [71.04820497865502, 29.89099192143502]}, "id": "2", "properties": {"classification": 1, "latitude": 29.89099192143502, "longitude": 71.04820497865502, "district": "Muzaffargarh"}}, {"type": "Feature", "geometry": {"geodesic": false, "type": "Point", "coordinates": [71.42998897440582, 30.36081081502953]}, "id": "3", "properties": {"classification": 1, "latitude": 30.36081081502953, "longitude": 71.42998897440582, "district": "Muzaffargarh"}}, {"type": "Feature", "geometry": {"geodesic": false, "type": "Point", "coordinates": [70.8353042563187, 29.731091800861744]}, "id": "4", "properties": {"classification": 1, "latitude": 29.731091800861744, "longitude": 70.8353042563187, "district": "Muzaffargarh"}}, {"type": "Feature", "geometry": {"geodesic": false, "type": "Point", "coordinates": [70.79488006853332, 29.41757976670403]}, "id": "5", "properties": {"classification": 1, "latitude": 29.41757976670403, "longitude": 70.79488006853332, "district": "Muzaffargarh"}}, {"type": "Feature", "geometry": {"geodesic": false, "type": "Point", "coordinates": [70.86854192183111, 29.74456653012354]}, "id": "6", "properties": {"classification": 1, "latitude": 29.74456653012354, "longitude": 70.86854192183111, "district": "Muzaffargarh"}}, {"type": "Feature", "geometry": {"geodesic": false, "type": "Point", "coordinates": [70.6933704414278, 29.039389032089712]}, "id": "7", "properties": {"classification": 1, "latitude": 29.039389032089712, "longitude": 70.6933704414278, "district": "Muzaffargarh"}}, {"type": "Feature", "geometry": {"geodesic": false, "type": "Point", "coordinates": [71.32488608616383, 30.616830671003594]}, "id": "8", "properties": {"classification": 1, "latitude": 30.616830671003594, "longitude": 71.32488608616383, "district": "Muzaffargarh"}}, {"type": "Feature", "geometry": {"geodesic": false, "type": "Point", "coordinates": [70.94579703626539, 29.592751247107337]}, "id": "9", "properties": {"classification": 1, "latitude": 29.592751247107337, "longitude": 70.94579703626539, "district": "Muzaffargarh"}}, {"type": "Feature", "geometry": {"geodesic": false, "type": "Point", "coordinates": [71.00688247558551, 29.81373680700074]}, "id": "10", "properties": {"classification": 1, "latitude": 29.81373680700074, "longitude": 71.00688247558551, "district": "Muzaffargarh"}}, {"type": "Feature", "geometry": {"geodesic": false, "type": "Point", "coordinates": [70.91345768603709, 29.42117302784051]}, "id": "11", "properties": {"classification": 1, "latitude": 29.42117302784051, "longitude": 70.91345768603709, "district": "Muzaffargarh"}}, {"type": "Feature", "geometry": {"geodesic": false, "type": "Point", "coordinates": [71.06167970791681, 30.31858999667591]}, "id": "12", "properties": {"classification": 1, "latitude": 30.31858999667591, "longitude": 71.06167970791681, "district": "Muzaffargarh"}}, {"type": "Feature", "geometry": {"geodesic": false, "type": "Point", "coordinates": [70.90267790262766, 30.410218155656104]}, "id": "13", "properties": {"classification": 1, "latitude": 30.410218155656104, "longitude": 70.90267790262766, "district": "Muzaffargarh"}}, {"type": "Feature", "geometry": {"geodesic": false, "type": "Point", "coordinates": [71.09671400399748, 29.959263883028104]}, "id": "14", "properties": {"classification": 1, "latitude": 29.959263883028104, "longitude": 71.09671400399748, "district": "Muzaffargarh"}}, {"type": "Feature", "geometry": {"geodesic": false, "type": "Point", "coordinates": [70.76613397944149, 29.28822236579082]}, "id": "15", "properties": {"classification": 1, "latitude": 29.28822236579082, "longitude": 70.76613397944149, "district": "Muzaffargarh"}}, {"type": "Feature", "geometry": {"geodesic": false, "type": "Point", "coordinates": [71.08773085115628, 30.37518385957544]}, "id": "16", "properties": {"classification": 1, "latitude": 30.37518385957544, "longitude": 71.08773085115628, "district": "Muzaffargarh"}}, {"type": "Feature", "geometry": {"geodesic": false, "type": "Point", "coordinates": [70.84338909387577, 29.935009370356877]}, "id": "17", "properties": {"classification": 1, "latitude": 29.935009370356877, "longitude": 70.84338909387577, "district": "Muzaffargarh"}}, {"type": "Feature", "geometry": {"geodesic": false, "type": "Point", "coordinates": [70.98172964763017, 30.453337289293838]}, "id": "18", "properties": {"classification": 1, "latitude": 30.453337289293838, "longitude": 70.98172964763017, "district": "Muzaffargarh"}}, {"type": "Feature", "geometry": {"geodesic": false, "type": "Point", "coordinates": [71.35183554468742, 30.498253053499816]}, "id": "19", "properties": {"classification": 1, "latitude": 30.498253053499816, "longitude": 71.35183554468742, "district": "Muzaffargarh"}}, {"type": "Feature", "geometry": {"geodesic": false, "type": "Point", "coordinates": [70.55413157238928, 29.01333788885025]}, "id": "20", "properties": {"classification": 1, "latitude": 29.01333788885025, "longitude": 70.55413157238928, "district": "Muzaffargarh"}}, {"type": "Feature", "geometry": {"geodesic": false, "type": "Point", "coordinates": [70.96645828780014, 29.884703714446182]}, "id": "21", "properties": {"classification": 1, "latitude": 29.884703714446182, "longitude": 70.96645828780014, "district": "Muzaffargarh"}}, {"type": "Feature", "geometry": {"geodesic": false, "type": "Point", "coordinates": [70.8999829567753, 30.010467854222917]}, "id": "22", "properties": {"classification": 1, "latitude": 30.010467854222917, "longitude": 70.8999829567753, "district": "Muzaffargarh"}}, {"type": "Feature", "geometry": {"geodesic": false, "type": "Point", "coordinates": [70.9556785043907, 30.429981091906733]}, "id": "23", "properties": {"classification": 1, "latitude": 30.429981091906733, "longitude": 70.9556785043907, "district": "Muzaffargarh"}}, {"type": "Feature", "geometry": {"geodesic": false, "type": "Point", "coordinates": [71.02125552013143, 30.062570140701848]}, "id": "24", "properties": {"classification": 1, "latitude": 30.062570140701848, "longitude": 71.02125552013143, "district": "Muzaffargarh"}}, {"type": "Feature", "geometry": {"geodesic": false, "type": "Point", "coordinates": [71.33207260843679, 29.432851126534064]}, "id": "0", "properties": {"classification": 1, "latitude": 29.432851126534064, "longitude": 71.33207260843679, "district": "Multan"}}, {"type": "Feature", "geometry": {"geodesic": false, "type": "Point", "coordinates": [71.78841677276951, 30.19552080275154]}, "id": "1", "properties": {"classification": 1, "latitude": 30.19552080275154, "longitude": 71.78841677276951, "district": "Multan"}}, {"type": "Feature", "geometry": {"geodesic": false, "type": "Point", "coordinates": [71.26739390798018, 29.956568937175746]}, "id": "2", "properties": {"classification": 1, "latitude": 29.956568937175746, "longitude": 71.26739390798018, "district": "Multan"}}, {"type": "Feature", "geometry": {"geodesic": false, "type": "Point", "coordinates": [71.34914059883506, 29.441834279375257]}, "id": "3", "properties": {"classification": 1, "latitude": 29.441834279375257, "longitude": 71.34914059883506, "district": "Multan"}}, {"type": "Feature", "geometry": {"geodesic": false, "type": "Point", "coordinates": [71.45963337878176, 29.83260142796725]}, "id": "4", "properties": {"classification": 1, "latitude": 29.83260142796725, "longitude": 71.45963337878176, "district": "Multan"}}, {"type": "Feature", "geometry": {"geodesic": false, "type": "Point", "coordinates": [71.18385058655707, 29.483156782444755]}, "id": "5", "properties": {"classification": 1, "latitude": 29.483156782444755, "longitude": 71.18385058655707, "district": "Multan"}}, {"type": "Feature", "geometry": {"geodesic": false, "type": "Point", "coordinates": [71.26290233155959, 29.89368686728738]}, "id": "6", "properties": {"classification": 1, "latitude": 29.89368686728738, "longitude": 71.26290233155959, "district": "Multan"}}, {"type": "Feature", "geometry": {"geodesic": false, "type": "Point", "coordinates": [71.48748115258947, 29.8900936061509]}, "id": "7", "properties": {"classification": 1, "latitude": 29.8900936061509, "longitude": 71.48748115258947, "district": "Multan"}}, {"type": "Feature", "geometry": {"geodesic": false, "type": "Point", "coordinates": [71.40842940758695, 30.034722366894144]}, "id": "8", "properties": {"classification": 1, "latitude": 30.034722366894144, "longitude": 71.40842940758695, "district": "Multan"}}, {"type": "Feature", "geometry": {"geodesic": false, "type": "Point", "coordinates": [71.31859787917499, 29.911653172969768]}, "id": "9", "properties": {"classification": 1, "latitude": 29.911653172969768, "longitude": 71.31859787917499, "district": "Multan"}}, {"type": "Feature", "geometry": {"geodesic": false, "type": "Point", "coordinates": [71.32398777087971, 29.520886024377777]}, "id": "10", "properties": {"classification": 1, "latitude": 29.520886024377777, "longitude": 71.32398777087971, "district": "Multan"}}, {"type": "Feature", "geometry": {"geodesic": false, "type": "Point", "coordinates": [71.22517308962657, 30.006874593086437]}, "id": "11", "properties": {"classification": 1, "latitude": 30.006874593086437, "longitude": 71.22517308962657, "district": "Multan"}}, {"type": "Feature", "geometry": {"geodesic": false, "type": "Point", "coordinates": [71.4434637036676, 30.046400465587695]}, "id": "12", "properties": {"classification": 1, "latitude": 30.046400465587695, "longitude": 71.4434637036676, "district": "Multan"}}, {"type": "Feature", "geometry": {"geodesic": false, "type": "Point", "coordinates": [71.67163578583397, 30.141621885704367]}, "id": "13", "properties": {"classification": 1, "latitude": 30.141621885704367, "longitude": 71.67163578583397, "district": "Multan"}}, {"type": "Feature", "geometry": {"geodesic": false, "type": "Point", "coordinates": [71.47131147747531, 30.351827662188335]}, "id": "14", "properties": {"classification": 1, "latitude": 30.351827662188335, "longitude": 71.47131147747531, "district": "Multan"}}, {"type": "Feature", "geometry": {"geodesic": false, "type": "Point", "coordinates": [71.46232832463411, 30.389556904121353]}, "id": "15", "properties": {"classification": 1, "latitude": 30.389556904121353, "longitude": 71.46232832463411, "district": "Multan"}}, {"type": "Feature", "geometry": {"geodesic": false, "type": "Point", "coordinates": [71.19283373939827, 29.768821042794766]}, "id": "16", "properties": {"classification": 1, "latitude": 29.768821042794766, "longitude": 71.19283373939827, "district": "Multan"}}, {"type": "Feature", "geometry": {"geodesic": false, "type": "Point", "coordinates": [71.5530581683302, 30.05358698786065]}, "id": "17", "properties": {"classification": 1, "latitude": 30.05358698786065, "longitude": 71.5530581683302, "district": "Multan"}}, {"type": "Feature", "geometry": {"geodesic": false, "type": "Point", "coordinates": [71.46143000935, 30.093112860361913]}, "id": "18", "properties": {"classification": 1, "latitude": 30.093112860361913, "longitude": 71.46143000935, "district": "Multan"}}, {"type": "Feature", "geometry": {"geodesic": false, "type": "Point", "coordinates": [71.45963337878176, 30.337454617642422]}, "id": "19", "properties": {"classification": 1, "latitude": 30.337454617642422, "longitude": 71.45963337878176, "district": "Multan"}}, {"type": "Feature", "geometry": {"geodesic": false, "type": "Point", "coordinates": [71.57102447401257, 30.345539455199496]}, "id": "20", "properties": {"classification": 1, "latitude": 30.345539455199496, "longitude": 71.57102447401257, "district": "Multan"}}, {"type": "Feature", "geometry": {"geodesic": false, "type": "Point", "coordinates": [71.50904071940833, 30.314996735539435]}, "id": "21", "properties": {"classification": 1, "latitude": 30.314996735539435, "longitude": 71.50904071940833, "district": "Multan"}}, {"type": "Feature", "geometry": {"geodesic": false, "type": "Point", "coordinates": [71.70128019020991, 30.215283739002167]}, "id": "22", "properties": {"classification": 1, "latitude": 30.215283739002167, "longitude": 71.70128019020991, "district": "Multan"}}, {"type": "Feature", "geometry": {"geodesic": false, "type": "Point", "coordinates": [71.48658283730535, 30.00597627780232]}, "id": "23", "properties": {"classification": 1, "latitude": 30.00597627780232, "longitude": 71.48658283730535, "district": "Multan"}}, {"type": "Feature", "geometry": {"geodesic": false, "type": "Point", "coordinates": [71.23505455775188, 29.828109851546653]}, "id": "24", "properties": {"classification": 1, "latitude": 29.828109851546653, "longitude": 71.23505455775188, "district": "Multan"}}, {"type": "Feature", "geometry": {"geodesic": false, "type": "Point", "coordinates": [71.71205997361935, 29.935009370356877]}, "id": "0", "properties": {"classification": 1, "latitude": 29.935009370356877, "longitude": 71.71205997361935, "district": "Lodhran"}}, {"type": "Feature", "geometry": {"geodesic": false, "type": "Point", "coordinates": [71.89441797629561, 29.898178443707977]}, "id": "1", "properties": {"classification": 1, "latitude": 29.898178443707977, "longitude": 71.89441797629561, "district": "Lodhran"}}, {"type": "Feature", "geometry": {"geodesic": false, "type": "Point", "coordinates": [71.92675732652391, 29.72121033273643]}, "id": "2", "properties": {"classification": 1, "latitude": 29.72121033273643, "longitude": 71.92675732652391, "district": "Lodhran"}}, {"type": "Feature", "geometry": {"geodesic": false, "type": "Point", "coordinates": [71.78572182691714, 29.87212730046851]}, "id": "3", "properties": {"classification": 1, "latitude": 29.87212730046851, "longitude": 71.78572182691714, "district": "Lodhran"}}, {"type": "Feature", "geometry": {"geodesic": false, "type": "Point", "coordinates": [71.6599576871404, 29.859550886490837]}, "id": "4", "properties": {"classification": 1, "latitude": 29.859550886490837, "longitude": 71.6599576871404, "district": "Lodhran"}}, {"type": "Feature", "geometry": {"geodesic": false, "type": "Point", "coordinates": [71.80817970902014, 29.600836084664415]}, "id": "5", "properties": {"classification": 1, "latitude": 29.600836084664415, "longitude": 71.80817970902014, "district": "Lodhran"}}, {"type": "Feature", "geometry": {"geodesic": false, "type": "Point", "coordinates": [71.65636442600393, 29.59364956239146]}, "id": "6", "properties": {"classification": 1, "latitude": 29.59364956239146, "longitude": 71.65636442600393, "district": "Lodhran"}}, {"type": "Feature", "geometry": {"geodesic": false, "type": "Point", "coordinates": [71.5261087098066, 29.60263271523265]}, "id": "7", "properties": {"classification": 1, "latitude": 29.60263271523265, "longitude": 71.5261087098066, "district": "Lodhran"}}, {"type": "Feature", "geometry": {"geodesic": false, "type": "Point", "coordinates": [71.80997633958837, 29.708633918758757]}, "id": "8", "properties": {"classification": 1, "latitude": 29.708633918758757, "longitude": 71.80997633958837, "district": "Lodhran"}}, {"type": "Feature", "geometry": {"geodesic": false, "type": "Point", "coordinates": [71.69768692907343, 29.711328864611115]}, "id": "9", "properties": {"classification": 1, "latitude": 29.711328864611115, "longitude": 71.69768692907343, "district": "Lodhran"}}, {"type": "Feature", "geometry": {"geodesic": false, "type": "Point", "coordinates": [71.83692579811196, 29.826313220978413]}, "id": "10", "properties": {"classification": 1, "latitude": 29.826313220978413, "longitude": 71.83692579811196, "district": "Lodhran"}}, {"type": "Feature", "geometry": {"geodesic": false, "type": "Point", "coordinates": [71.9860461352758, 29.60532766108501]}, "id": "11", "properties": {"classification": 1, "latitude": 29.60532766108501, "longitude": 71.9860461352758, "district": "Lodhran"}}, {"type": "Feature", "geometry": {"geodesic": false, "type": "Point", "coordinates": [71.9680798295934, 29.79666881660247]}, "id": "12", "properties": {"classification": 1, "latitude": 29.79666881660247, "longitude": 71.9680798295934, "district": "Lodhran"}}, {"type": "Feature", "geometry": {"geodesic": false, "type": "Point", "coordinates": [71.80817970902014, 29.880212138025584]}, "id": "13", "properties": {"classification": 1, "latitude": 29.880212138025584, "longitude": 71.80817970902014, "district": "Lodhran"}}, {"type": "Feature", "geometry": {"geodesic": false, "type": "Point", "coordinates": [71.69589029850519, 29.59364956239146]}, "id": "14", "properties": {"classification": 1, "latitude": 29.59364956239146, "longitude": 71.69589029850519, "district": "Lodhran"}}, {"type": "Feature", "geometry": {"geodesic": false, "type": "Point", "coordinates": [71.97436803658225, 29.837991319671968]}, "id": "15", "properties": {"classification": 1, "latitude": 29.837991319671968, "longitude": 71.97436803658225, "district": "Lodhran"}}, {"type": "Feature", "geometry": {"geodesic": false, "type": "Point", "coordinates": [71.4749047386118, 29.503818033979506]}, "id": "16", "properties": {"classification": 1, "latitude": 29.503818033979506, "longitude": 71.4749047386118, "district": "Lodhran"}}, {"type": "Feature", "geometry": {"geodesic": false, "type": "Point", "coordinates": [71.9222657501033, 29.931416109220397]}, "id": "17", "properties": {"classification": 1, "latitude": 29.931416109220397, "longitude": 71.9222657501033, "district": "Lodhran"}}, {"type": "Feature", "geometry": {"geodesic": false, "type": "Point", "coordinates": [71.6824155692434, 29.485851728297114]}, "id": "18", "properties": {"classification": 1, "latitude": 29.485851728297114, "longitude": 71.6824155692434, "district": "Lodhran"}}, {"type": "Feature", "geometry": {"geodesic": false, "type": "Point", "coordinates": [71.54048175435251, 29.874822246320868]}, "id": "19", "properties": {"classification": 1, "latitude": 29.874822246320868, "longitude": 71.54048175435251, "district": "Lodhran"}}, {"type": "Feature", "geometry": {"geodesic": false, "type": "Point", "coordinates": [71.47310810804355, 29.797567131886588]}, "id": "20", "properties": {"classification": 1, "latitude": 29.797567131886588, "longitude": 71.47310810804355, "district": "Lodhran"}}, {"type": "Feature", "geometry": {"geodesic": false, "type": "Point", "coordinates": [71.4892777831577, 29.8164317528531]}, "id": "21", "properties": {"classification": 1, "latitude": 29.8164317528531, "longitude": 71.4892777831577, "district": "Lodhran"}}, {"type": "Feature", "geometry": {"geodesic": false, "type": "Point", "coordinates": [71.53329523207955, 29.784990717908915]}, "id": "22", "properties": {"classification": 1, "latitude": 29.784990717908915, "longitude": 71.53329523207955, "district": "Lodhran"}}, {"type": "Feature", "geometry": {"geodesic": false, "type": "Point", "coordinates": [71.40483614645046, 29.59005630125498]}, "id": "23", "properties": {"classification": 1, "latitude": 29.59005630125498, "longitude": 71.40483614645046, "district": "Lodhran"}}, {"type": "Feature", "geometry": {"geodesic": false, "type": "Point", "coordinates": [71.57371941986494, 29.765227781658286]}, "id": "24", "properties": {"classification": 1, "latitude": 29.765227781658286, "longitude": 71.57371941986494, "district": "Lodhran"}}, {"type": "Feature", "geometry": {"geodesic": false, "type": "Point", "coordinates": [72.0228770619247, 30.085926338088957]}, "id": "0", "properties": {"classification": 1, "latitude": 30.085926338088957, "longitude": 72.0228770619247, "district": "Vihari"}}, {"type": "Feature", "geometry": {"geodesic": false, "type": "Point", "coordinates": [72.18457381306621, 30.04011225859886]}, "id": "1", "properties": {"classification": 1, "latitude": 30.04011225859886, "longitude": 72.18457381306621, "district": "Vihari"}}, {"type": "Feature", "geometry": {"geodesic": false, "type": "Point", "coordinates": [72.05701304272124, 29.8119401764325]}, "id": "2", "properties": {"classification": 1, "latitude": 29.8119401764325, "longitude": 72.05701304272124, "district": "Vihari"}}, {"type": "Feature", "geometry": {"geodesic": false, "type": "Point", "coordinates": [72.14594625584907, 30.014061115359393]}, "id": "3", "properties": {"classification": 1, "latitude": 30.014061115359393, "longitude": 72.14594625584907, "district": "Vihari"}}, {"type": "Feature", "geometry": {"geodesic": false, "type": "Point", "coordinates": [72.26182892750049, 29.90895822711741]}, "id": "4", "properties": {"classification": 1, "latitude": 29.90895822711741, "longitude": 72.26182892750049, "district": "Vihari"}}, {"type": "Feature", "geometry": {"geodesic": false, "type": "Point", "coordinates": [72.74871581149327, 30.052688672576533]}, "id": "5", "properties": {"classification": 1, "latitude": 30.052688672576533, "longitude": 72.74871581149327, "district": "Vihari"}}, {"type": "Feature", "geometry": {"geodesic": false, "type": "Point", "coordinates": [72.6759522734796, 30.260199503208142]}, "id": "6", "properties": {"classification": 1, "latitude": 30.260199503208142, "longitude": 72.6759522734796, "district": "Vihari"}}, {"type": "Feature", "geometry": {"geodesic": false, "type": "Point", "coordinates": [72.31033795284294, 30.084129707520717]}, "id": "7", "properties": {"classification": 1, "latitude": 30.084129707520717, "longitude": 72.31033795284294, "district": "Vihari"}}, {"type": "Feature", "geometry": {"geodesic": false, "type": "Point", "coordinates": [72.37950822972014, 29.973636927574017]}, "id": "8", "properties": {"classification": 1, "latitude": 29.973636927574017, "longitude": 72.37950822972014, "district": "Vihari"}}, {"type": "Feature", "geometry": {"geodesic": false, "type": "Point", "coordinates": [72.55827297125994, 29.96914535115342]}, "id": "9", "properties": {"classification": 1, "latitude": 29.96914535115342, "longitude": 72.55827297125994, "district": "Vihari"}}, {"type": "Feature", "geometry": {"geodesic": false, "type": "Point", "coordinates": [72.20523506460096, 30.104790959055464]}, "id": "10", "properties": {"classification": 1, "latitude": 30.104790959055464, "longitude": 72.20523506460096, "district": "Vihari"}}, {"type": "Feature", "geometry": {"geodesic": false, "type": "Point", "coordinates": [72.32381268210474, 30.162283137239115]}, "id": "11", "properties": {"classification": 1, "latitude": 30.162283137239115, "longitude": 72.32381268210474, "district": "Vihari"}}, {"type": "Feature", "geometry": {"geodesic": false, "type": "Point", "coordinates": [72.46844144284798, 30.101197697918987]}, "id": "12", "properties": {"classification": 1, "latitude": 30.101197697918987, "longitude": 72.46844144284798, "district": "Vihari"}}, {"type": "Feature", "geometry": {"geodesic": false, "type": "Point", "coordinates": [72.71547814598085, 30.20630058616097]}, "id": "13", "properties": {"classification": 1, "latitude": 30.20630058616097, "longitude": 72.71547814598085, "district": "Vihari"}}, {"type": "Feature", "geometry": {"geodesic": false, "type": "Point", "coordinates": [72.10552206806369, 30.025739214052948]}, "id": "14", "properties": {"classification": 1, "latitude": 30.025739214052948, "longitude": 72.10552206806369, "district": "Vihari"}}, {"type": "Feature", "geometry": {"geodesic": false, "type": "Point", "coordinates": [72.59600221319296, 30.215283739002167]}, "id": "15", "properties": {"classification": 1, "latitude": 30.215283739002167, "longitude": 72.59600221319296, "district": "Vihari"}}, {"type": "Feature", "geometry": {"geodesic": false, "type": "Point", "coordinates": [72.28159186375112, 29.923331271663322]}, "id": "16", "properties": {"classification": 1, "latitude": 29.923331271663322, "longitude": 72.28159186375112, "district": "Vihari"}}, {"type": "Feature", "geometry": {"geodesic": false, "type": "Point", "coordinates": [72.62295167171654, 30.259301187924024]}, "id": "17", "properties": {"classification": 1, "latitude": 30.259301187924024, "longitude": 72.62295167171654, "district": "Vihari"}}, {"type": "Feature", "geometry": {"geodesic": false, "type": "Point", "coordinates": [72.87897152769061, 30.046400465587695]}, "id": "18", "properties": {"classification": 1, "latitude": 30.046400465587695, "longitude": 72.87897152769061, "district": "Vihari"}}, {"type": "Feature", "geometry": {"geodesic": false, "type": "Point", "coordinates": [72.18098055192974, 29.880212138025584]}, "id": "19", "properties": {"classification": 1, "latitude": 29.880212138025584, "longitude": 72.18098055192974, "district": "Vihari"}}, {"type": "Feature", "geometry": {"geodesic": false, "type": "Point", "coordinates": [72.5843241144994, 30.073349924111284]}, "id": "20", "properties": {"classification": 1, "latitude": 30.073349924111284, "longitude": 72.5843241144994, "district": "Vihari"}}, {"type": "Feature", "geometry": {"geodesic": false, "type": "Point", "coordinates": [72.78824168399453, 30.145215146840844]}, "id": "21", "properties": {"classification": 1, "latitude": 30.145215146840844, "longitude": 72.78824168399453, "district": "Vihari"}}, {"type": "Feature", "geometry": {"geodesic": false, "type": "Point", "coordinates": [72.53761171972519, 30.23235172940044]}, "id": "22", "properties": {"classification": 1, "latitude": 30.23235172940044, "longitude": 72.53761171972519, "district": "Vihari"}}, {"type": "Feature", "geometry": {"geodesic": false, "type": "Point", "coordinates": [72.22409968556747, 29.85685594063848]}, "id": "23", "properties": {"classification": 1, "latitude": 29.85685594063848, "longitude": 72.22409968556747, "district": "Vihari"}}, {"type": "Feature", "geometry": {"geodesic": false, "type": "Point", "coordinates": [72.16930245323618, 29.857754255922597]}, "id": "24", "properties": {"classification": 1, "latitude": 29.857754255922597, "longitude": 72.16930245323618, "district": "Vihari"}}, {"type": "Feature", "geometry": {"geodesic": false, "type": "Point", "coordinates": [72.92119234604422, 30.08143476166836]}, "id": "0", "properties": {"classification": 1, "latitude": 30.08143476166836, "longitude": 72.92119234604422, "district": "Pakpattan"}}, {"type": "Feature", "geometry": {"geodesic": false, "type": "Point", "coordinates": [73.0721093137763, 30.164079767807355]}, "id": "1", "properties": {"classification": 1, "latitude": 30.164079767807355, "longitude": 73.0721093137763, "district": "Pakpattan"}}, {"type": "Feature", "geometry": {"geodesic": false, "type": "Point", "coordinates": [73.13049980724406, 30.105689274339586]}, "id": "2", "properties": {"classification": 1, "latitude": 30.105689274339586, "longitude": 73.13049980724406, "district": "Pakpattan"}}, {"type": "Feature", "geometry": {"geodesic": false, "type": "Point", "coordinates": [73.34070558372804, 30.399438372246667]}, "id": "3", "properties": {"classification": 1, "latitude": 30.399438372246667, "longitude": 73.34070558372804, "district": "Pakpattan"}}, {"type": "Feature", "geometry": {"geodesic": false, "type": "Point", "coordinates": [72.96341316439783, 30.141621885704367]}, "id": "4", "properties": {"classification": 1, "latitude": 30.141621885704367, "longitude": 72.96341316439783, "district": "Pakpattan"}}, {"type": "Feature", "geometry": {"geodesic": false, "type": "Point", "coordinates": [73.44221521083354, 30.582694690207052]}, "id": "5", "properties": {"classification": 1, "latitude": 30.582694690207052, "longitude": 73.44221521083354, "district": "Pakpattan"}}, {"type": "Feature", "geometry": {"geodesic": false, "type": "Point", "coordinates": [73.41526575230996, 30.255707926787544]}, "id": "6", "properties": {"classification": 1, "latitude": 30.255707926787544, "longitude": 73.41526575230996, "district": "Pakpattan"}}, {"type": "Feature", "geometry": {"geodesic": false, "type": "Point", "coordinates": [73.39909607719581, 30.28445401587937]}, "id": "7", "properties": {"classification": 1, "latitude": 30.28445401587937, "longitude": 73.39909607719581, "district": "Pakpattan"}}, {"type": "Feature", "geometry": {"geodesic": false, "type": "Point", "coordinates": [73.26434878457788, 30.270979286617578]}, "id": "8", "properties": {"classification": 1, "latitude": 30.270979286617578, "longitude": 73.26434878457788, "district": "Pakpattan"}}, {"type": "Feature", "geometry": {"geodesic": false, "type": "Point", "coordinates": [73.27962014440791, 30.211690477865687]}, "id": "9", "properties": {"classification": 1, "latitude": 30.211690477865687, "longitude": 73.27962014440791, "district": "Pakpattan"}}, {"type": "Feature", "geometry": {"geodesic": false, "type": "Point", "coordinates": [73.18978861599595, 30.501846314636293]}, "id": "10", "properties": {"classification": 1, "latitude": 30.501846314636293, "longitude": 73.18978861599595, "district": "Pakpattan"}}, {"type": "Feature", "geometry": {"geodesic": false, "type": "Point", "coordinates": [72.97688789365964, 30.331166410653584]}, "id": "11", "properties": {"classification": 1, "latitude": 30.331166410653584, "longitude": 72.97688789365964, "district": "Pakpattan"}}, {"type": "Feature", "geometry": {"geodesic": false, "type": "Point", "coordinates": [73.55450462134849, 30.50993115219337]}, "id": "12", "properties": {"classification": 1, "latitude": 30.50993115219337, "longitude": 73.55450462134849, "district": "Pakpattan"}}, {"type": "Feature", "geometry": {"geodesic": false, "type": "Point", "coordinates": [73.24458584832725, 30.382370381848396]}, "id": "13", "properties": {"classification": 1, "latitude": 30.382370381848396, "longitude": 73.24458584832725, "district": "Pakpattan"}}, {"type": "Feature", "geometry": {"geodesic": false, "type": "Point", "coordinates": [73.17900883258652, 30.235944990536915]}, "id": "14", "properties": {"classification": 1, "latitude": 30.235944990536915, "longitude": 73.17900883258652, "district": "Pakpattan"}}, {"type": "Feature", "geometry": {"geodesic": false, "type": "Point", "coordinates": [73.42155395929879, 30.465913703271514]}, "id": "15", "properties": {"classification": 1, "latitude": 30.465913703271514, "longitude": 73.42155395929879, "district": "Pakpattan"}}, {"type": "Feature", "geometry": {"geodesic": false, "type": "Point", "coordinates": [73.25716226230492, 30.297928745141164]}, "id": "16", "properties": {"classification": 1, "latitude": 30.297928745141164, "longitude": 73.25716226230492, "district": "Pakpattan"}}, {"type": "Feature", "geometry": {"geodesic": false, "type": "Point", "coordinates": [72.91400582377126, 30.197317433319775]}, "id": "17", "properties": {"classification": 1, "latitude": 30.197317433319775, "longitude": 72.91400582377126, "district": "Pakpattan"}}, {"type": "Feature", "geometry": {"geodesic": false, "type": "Point", "coordinates": [73.10983855570932, 30.36350576088189]}, "id": "18", "properties": {"classification": 1, "latitude": 30.36350576088189, "longitude": 73.10983855570932, "district": "Pakpattan"}}, {"type": "Feature", "geometry": {"geodesic": false, "type": "Point", "coordinates": [73.58055576458796, 30.386861958268994]}, "id": "19", "properties": {"classification": 1, "latitude": 30.386861958268994, "longitude": 73.58055576458796, "district": "Pakpattan"}}, {"type": "Feature", "geometry": {"geodesic": false, "type": "Point", "coordinates": [73.15655095048353, 30.352725977472453]}, "id": "20", "properties": {"classification": 1, "latitude": 30.352725977472453, "longitude": 73.15655095048353, "district": "Pakpattan"}}, {"type": "Feature", "geometry": {"geodesic": false, "type": "Point", "coordinates": [73.21404312866719, 30.28625064644761]}, "id": "21", "properties": {"classification": 1, "latitude": 30.28625064644761, "longitude": 73.21404312866719, "district": "Pakpattan"}}, {"type": "Feature", "geometry": {"geodesic": false, "type": "Point", "coordinates": [73.13858464480114, 30.300623690993522]}, "id": "22", "properties": {"classification": 1, "latitude": 30.300623690993522, "longitude": 73.13858464480114, "district": "Pakpattan"}}, {"type": "Feature", "geometry": {"geodesic": false, "type": "Point", "coordinates": [73.11163518627755, 30.304216952129998]}, "id": "23", "properties": {"classification": 1, "latitude": 30.304216952129998, "longitude": 73.11163518627755, "district": "Pakpattan"}}, {"type": "Feature", "geometry": {"geodesic": false, "type": "Point", "coordinates": [72.92209066132834, 30.22786015297984]}, "id": "24", "properties": {"classification": 1, "latitude": 30.22786015297984, "longitude": 72.92209066132834, "district": "Pakpattan"}}, {"type": "Feature", "geometry": {"geodesic": false, "type": "Point", "coordinates": [72.33638909608241, 30.24582645866223]}, "id": "0", "properties": {"classification": 1, "latitude": 30.24582645866223, "longitude": 72.33638909608241, "district": "Khanewal"}}, {"type": "Feature", "geometry": {"geodesic": false, "type": "Point", "coordinates": [71.71744986532406, 30.402133318099025]}, "id": "1", "properties": {"classification": 1, "latitude": 30.402133318099025, "longitude": 71.71744986532406, "district": "Khanewal"}}, {"type": "Feature", "geometry": {"geodesic": false, "type": "Point", "coordinates": [72.29776153886527, 30.466812018555633]}, "id": "2", "properties": {"classification": 1, "latitude": 30.466812018555633, "longitude": 72.29776153886527, "district": "Khanewal"}}, {"type": "Feature", "geometry": {"geodesic": false, "type": "Point", "coordinates": [71.93304553351275, 30.550355339978747]}, "id": "3", "properties": {"classification": 1, "latitude": 30.550355339978747, "longitude": 71.93304553351275, "district": "Khanewal"}}, {"type": "Feature", "geometry": {"geodesic": false, "type": "Point", "coordinates": [71.77224709765535, 30.122757264737857]}, "id": "4", "properties": {"classification": 1, "latitude": 30.122757264737857, "longitude": 71.77224709765535, "district": "Khanewal"}}, {"type": "Feature", "geometry": {"geodesic": false, "type": "Point", "coordinates": [72.36154192403775, 30.389556904121353]}, "id": "5", "properties": {"classification": 1, "latitude": 30.389556904121353, "longitude": 72.36154192403775, "district": "Khanewal"}}, {"type": "Feature", "geometry": {"geodesic": false, "type": "Point", "coordinates": [71.71565323475582, 30.02124763763235]}, "id": "6", "properties": {"classification": 1, "latitude": 30.02124763763235, "longitude": 71.71565323475582, "district": "Khanewal"}}, {"type": "Feature", "geometry": {"geodesic": false, "type": "Point", "coordinates": [72.38849138256134, 30.461422126850916]}, "id": "7", "properties": {"classification": 1, "latitude": 30.461422126850916, "longitude": 72.38849138256134, "district": "Khanewal"}}, {"type": "Feature", "geometry": {"geodesic": false, "type": "Point", "coordinates": [71.829739275839, 30.226961837695722]}, "id": "8", "properties": {"classification": 1, "latitude": 30.226961837695722, "longitude": 71.829739275839, "district": "Khanewal"}}, {"type": "Feature", "geometry": {"geodesic": false, "type": "Point", "coordinates": [72.20164180346448, 30.314996735539435]}, "id": "9", "properties": {"classification": 1, "latitude": 30.314996735539435, "longitude": 72.20164180346448, "district": "Khanewal"}}, {"type": "Feature", "geometry": {"geodesic": false, "type": "Point", "coordinates": [71.94113037106982, 30.26828434076522]}, "id": "10", "properties": {"classification": 1, "latitude": 30.26828434076522, "longitude": 71.94113037106982, "district": "Khanewal"}}, {"type": "Feature", "geometry": {"geodesic": false, "type": "Point", "coordinates": [71.8620786260673, 30.293437168720565]}, "id": "11", "properties": {"classification": 1, "latitude": 30.293437168720565, "longitude": 71.8620786260673, "district": "Khanewal"}}, {"type": "Feature", "geometry": {"geodesic": false, "type": "Point", "coordinates": [71.77314541293947, 29.992501548540524]}, "id": "12", "properties": {"classification": 1, "latitude": 29.992501548540524, "longitude": 71.77314541293947, "district": "Khanewal"}}, {"type": "Feature", "geometry": {"geodesic": false, "type": "Point", "coordinates": [71.93753710993334, 30.048197096155935]}, "id": "13", "properties": {"classification": 1, "latitude": 30.048197096155935, "longitude": 71.93753710993334, "district": "Khanewal"}}, {"type": "Feature", "geometry": {"geodesic": false, "type": "Point", "coordinates": [72.01748717021998, 30.15868987610264]}, "id": "14", "properties": {"classification": 1, "latitude": 30.15868987610264, "longitude": 72.01748717021998, "district": "Khanewal"}}, {"type": "Feature", "geometry": {"geodesic": false, "type": "Point", "coordinates": [71.90519775970505, 30.270080971333456]}, "id": "15", "properties": {"classification": 1, "latitude": 30.270080971333456, "longitude": 71.90519775970505, "district": "Khanewal"}}, {"type": "Feature", "geometry": {"geodesic": false, "type": "Point", "coordinates": [72.33010088909357, 30.500947999352174]}, "id": "16", "properties": {"classification": 1, "latitude": 30.500947999352174, "longitude": 72.33010088909357, "district": "Khanewal"}}, {"type": "Feature", "geometry": {"geodesic": false, "type": "Point", "coordinates": [72.5016791083604, 30.60515257231004]}, "id": "17", "properties": {"classification": 1, "latitude": 30.60515257231004, "longitude": 72.5016791083604, "district": "Khanewal"}}, {"type": "Feature", "geometry": {"geodesic": false, "type": "Point", "coordinates": [71.8800449317497, 30.19102922633094]}, "id": "18", "properties": {"classification": 1, "latitude": 30.19102922633094, "longitude": 71.8800449317497, "district": "Khanewal"}}, {"type": "Feature", "geometry": {"geodesic": false, "type": "Point", "coordinates": [71.99413097283288, 30.34194619406302]}, "id": "19", "properties": {"classification": 1, "latitude": 30.34194619406302, "longitude": 71.99413097283288, "district": "Khanewal"}}, {"type": "Feature", "geometry": {"geodesic": false, "type": "Point", "coordinates": [71.74889090026825, 30.35991249974541]}, "id": "20", "properties": {"classification": 1, "latitude": 30.35991249974541, "longitude": 71.74889090026825, "district": "Khanewal"}}, {"type": "Feature", "geometry": {"geodesic": false, "type": "Point", "coordinates": [72.20074348818036, 30.236843305821036]}, "id": "21", "properties": {"classification": 1, "latitude": 30.236843305821036, "longitude": 72.20074348818036, "district": "Khanewal"}}, {"type": "Feature", "geometry": {"geodesic": false, "type": "Point", "coordinates": [72.42711893977848, 30.559338492819943]}, "id": "22", "properties": {"classification": 1, "latitude": 30.559338492819943, "longitude": 72.42711893977848, "district": "Khanewal"}}, {"type": "Feature", "geometry": {"geodesic": false, "type": "Point", "coordinates": [72.16930245323618, 30.297030429857042]}, "id": "23", "properties": {"classification": 1, "latitude": 30.297030429857042, "longitude": 72.16930245323618, "district": "Khanewal"}}, {"type": "Feature", "geometry": {"geodesic": false, "type": "Point", "coordinates": [72.37142339216307, 30.30511526741412]}, "id": "24", "properties": {"classification": 1, "latitude": 30.30511526741412, "longitude": 72.37142339216307, "district": "Khanewal"}}, {"type": "Feature", "geometry": {"geodesic": false, "type": "Point", "coordinates": [71.31859787917499, 30.986936568060834]}, "id": "0", "properties": {"classification": 1, "latitude": 30.986936568060834, "longitude": 71.31859787917499, "district": "Layyah"}}, {"type": "Feature", "geometry": {"geodesic": false, "type": "Point", "coordinates": [71.63210991333271, 31.021072548857376]}, "id": "1", "properties": {"classification": 1, "latitude": 31.021072548857376, "longitude": 71.63210991333271, "district": "Layyah"}}, {"type": "Feature", "geometry": {"geodesic": false, "type": "Point", "coordinates": [71.34285239184622, 31.087547879882223]}, "id": "2", "properties": {"classification": 1, "latitude": 31.087547879882223, "longitude": 71.34285239184622, "district": "Layyah"}}, {"type": "Feature", "geometry": {"geodesic": false, "type": "Point", "coordinates": [71.15420618218113, 31.084852934029865]}, "id": "3", "properties": {"classification": 1, "latitude": 31.084852934029865, "longitude": 71.15420618218113, "district": "Layyah"}}, {"type": "Feature", "geometry": {"geodesic": false, "type": "Point", "coordinates": [70.85955876898991, 31.08844619516634]}, "id": "4", "properties": {"classification": 1, "latitude": 31.08844619516634, "longitude": 70.85955876898991, "district": "Layyah"}}, {"type": "Feature", "geometry": {"geodesic": false, "type": "Point", "coordinates": [71.35003891411918, 30.740798180212085]}, "id": "5", "properties": {"classification": 1, "latitude": 30.740798180212085, "longitude": 71.35003891411918, "district": "Layyah"}}, {"type": "Feature", "geometry": {"geodesic": false, "type": "Point", "coordinates": [71.07605275246273, 31.038140539255647]}, "id": "6", "properties": {"classification": 1, "latitude": 31.038140539255647, "longitude": 71.07605275246273, "district": "Layyah"}}, {"type": "Feature", "geometry": {"geodesic": false, "type": "Point", "coordinates": [70.94849198211774, 31.18366761528301]}, "id": "7", "properties": {"classification": 1, "latitude": 31.18366761528301, "longitude": 70.94849198211774, "district": "Layyah"}}, {"type": "Feature", "geometry": {"geodesic": false, "type": "Point", "coordinates": [70.80476153665863, 30.94022417328662]}, "id": "8", "properties": {"classification": 1, "latitude": 30.94022417328662, "longitude": 70.80476153665863, "district": "Layyah"}}, {"type": "Feature", "geometry": {"geodesic": false, "type": "Point", "coordinates": [71.04461171751853, 31.113599023121687]}, "id": "9", "properties": {"classification": 1, "latitude": 31.113599023121687, "longitude": 71.04461171751853, "district": "Layyah"}}, {"type": "Feature", "geometry": {"geodesic": false, "type": "Point", "coordinates": [71.1488162904764, 31.303143548070906]}, "id": "10", "properties": {"classification": 1, "latitude": 31.303143548070906, "longitude": 71.1488162904764, "district": "Layyah"}}, {"type": "Feature", "geometry": {"geodesic": false, "type": "Point", "coordinates": [71.11827357081634, 30.801883619532216]}, "id": "11", "properties": {"classification": 1, "latitude": 30.801883619532216, "longitude": 71.11827357081634, "district": "Layyah"}}, {"type": "Feature", "geometry": {"geodesic": false, "type": "Point", "coordinates": [70.90627116376413, 31.01927591828914]}, "id": "12", "properties": {"classification": 1, "latitude": 31.01927591828914, "longitude": 70.90627116376413, "district": "Layyah"}}, {"type": "Feature", "geometry": {"geodesic": false, "type": "Point", "coordinates": [70.94310209041303, 31.320211538469177]}, "id": "13", "properties": {"classification": 1, "latitude": 31.320211538469177, "longitude": 70.94310209041303, "district": "Layyah"}}, {"type": "Feature", "geometry": {"geodesic": false, "type": "Point", "coordinates": [71.01766225899496, 30.913274714763034]}, "id": "14", "properties": {"classification": 1, "latitude": 30.913274714763034, "longitude": 71.01766225899496, "district": "Layyah"}}, {"type": "Feature", "geometry": {"geodesic": false, "type": "Point", "coordinates": [71.03293361882498, 30.845901068454072]}, "id": "15", "properties": {"classification": 1, "latitude": 30.845901068454072, "longitude": 71.03293361882498, "district": "Layyah"}}, {"type": "Feature", "geometry": {"geodesic": false, "type": "Point", "coordinates": [71.00688247558551, 31.189057506987726]}, "id": "16", "properties": {"classification": 1, "latitude": 31.189057506987726, "longitude": 71.00688247558551, "district": "Layyah"}}, {"type": "Feature", "geometry": {"geodesic": false, "type": "Point", "coordinates": [71.24134276474072, 31.136955220508796]}, "id": "17", "properties": {"classification": 1, "latitude": 31.136955220508796, "longitude": 71.24134276474072, "district": "Layyah"}}, {"type": "Feature", "geometry": {"geodesic": false, "type": "Point", "coordinates": [71.31680124860675, 31.10820913141697]}, "id": "18", "properties": {"classification": 1, "latitude": 31.10820913141697, "longitude": 71.31680124860675, "district": "Layyah"}}, {"type": "Feature", "geometry": {"geodesic": false, "type": "Point", "coordinates": [71.45065022594056, 30.882731995102972]}, "id": "19", "properties": {"classification": 1, "latitude": 30.882731995102972, "longitude": 71.45065022594056, "district": "Layyah"}}, {"type": "Feature", "geometry": {"geodesic": false, "type": "Point", "coordinates": [70.95837345024307, 31.061496736642756]}, "id": "20", "properties": {"classification": 1, "latitude": 31.061496736642756, "longitude": 70.95837345024307, "district": "Layyah"}}, {"type": "Feature", "geometry": {"geodesic": false, "type": "Point", "coordinates": [71.29883494292436, 30.779425737429225]}, "id": "21", "properties": {"classification": 1, "latitude": 30.779425737429225, "longitude": 71.29883494292436, "district": "Layyah"}}, {"type": "Feature", "geometry": {"geodesic": false, "type": "Point", "coordinates": [70.99879763802845, 30.968071947094327]}, "id": "22", "properties": {"classification": 1, "latitude": 30.968071947094327, "longitude": 70.99879763802845, "district": "Layyah"}}, {"type": "Feature", "geometry": {"geodesic": false, "type": "Point", "coordinates": [70.85327056200109, 31.106412500848734]}, "id": "23", "properties": {"classification": 1, "latitude": 31.106412500848734, "longitude": 70.85327056200109, "district": "Layyah"}}, {"type": "Feature", "geometry": {"geodesic": false, "type": "Point", "coordinates": [70.80655816722687, 30.88632525623945]}, "id": "24", "properties": {"classification": 1, "latitude": 30.88632525623945, "longitude": 70.80655816722687, "district": "Layyah"}}, {"type": "Feature", "geometry": {"geodesic": false, "type": "Point", "coordinates": [71.47939631503239, 31.701995534219975]}, "id": "0", "properties": {"classification": 1, "latitude": 31.701995534219975, "longitude": 71.47939631503239, "district": "Bhakkar"}}, {"type": "Feature", "geometry": {"geodesic": false, "type": "Point", "coordinates": [71.29793662764024, 31.851115871383815]}, "id": "1", "properties": {"classification": 1, "latitude": 31.851115871383815, "longitude": 71.29793662764024, "district": "Bhakkar"}}, {"type": "Feature", "geometry": {"geodesic": false, "type": "Point", "coordinates": [71.31949619445912, 31.76936918052894]}, "id": "2", "properties": {"classification": 1, "latitude": 31.76936918052894, "longitude": 71.31949619445912, "district": "Bhakkar"}}, {"type": "Feature", "geometry": {"geodesic": false, "type": "Point", "coordinates": [71.41292098400754, 31.891540059169195]}, "id": "3", "properties": {"classification": 1, "latitude": 31.891540059169195, "longitude": 71.41292098400754, "district": "Bhakkar"}}, {"type": "Feature", "geometry": {"geodesic": false, "type": "Point", "coordinates": [70.96645828780014, 31.57802802501148]}, "id": "4", "properties": {"classification": 1, "latitude": 31.57802802501148, "longitude": 70.96645828780014, "district": "Bhakkar"}}, {"type": "Feature", "geometry": {"geodesic": false, "type": "Point", "coordinates": [71.60066887838852, 31.20073560568128]}, "id": "5", "properties": {"classification": 1, "latitude": 31.20073560568128, "longitude": 71.60066887838852, "district": "Bhakkar"}}, {"type": "Feature", "geometry": {"geodesic": false, "type": "Point", "coordinates": [70.85237224671697, 31.48460323546305]}, "id": "6", "properties": {"classification": 1, "latitude": 31.48460323546305, "longitude": 70.85237224671697, "district": "Bhakkar"}}, {"type": "Feature", "geometry": {"geodesic": false, "type": "Point", "coordinates": [71.3374625001415, 32.12150877190379]}, "id": "7", "properties": {"classification": 1, "latitude": 32.12150877190379, "longitude": 71.3374625001415, "district": "Bhakkar"}}, {"type": "Feature", "geometry": {"geodesic": false, "type": "Point", "coordinates": [71.32488608616383, 31.809793368314317]}, "id": "8", "properties": {"classification": 1, "latitude": 31.809793368314317, "longitude": 71.32488608616383, "district": "Bhakkar"}}, {"type": "Feature", "geometry": {"geodesic": false, "type": "Point", "coordinates": [71.36980185036981, 31.623842104501577]}, "id": "9", "properties": {"classification": 1, "latitude": 31.623842104501577, "longitude": 71.36980185036981, "district": "Bhakkar"}}, {"type": "Feature", "geometry": {"geodesic": false, "type": "Point", "coordinates": [71.21888488263772, 31.50346785642956]}, "id": "10", "properties": {"classification": 1, "latitude": 31.50346785642956, "longitude": 71.21888488263772, "district": "Bhakkar"}}, {"type": "Feature", "geometry": {"geodesic": false, "type": "Point", "coordinates": [70.950288612686, 31.480111659042453]}, "id": "11", "properties": {"classification": 1, "latitude": 31.480111659042453, "longitude": 70.950288612686, "district": "Bhakkar"}}, {"type": "Feature", "geometry": {"geodesic": false, "type": "Point", "coordinates": [71.0059841603014, 31.66875786870755]}, "id": "12", "properties": {"classification": 1, "latitude": 31.66875786870755, "longitude": 71.0059841603014, "district": "Bhakkar"}}, {"type": "Feature", "geometry": {"geodesic": false, "type": "Point", "coordinates": [71.08593422058804, 31.44238241710943]}, "id": "13", "properties": {"classification": 1, "latitude": 31.44238241710943, "longitude": 71.08593422058804, "district": "Bhakkar"}}, {"type": "Feature", "geometry": {"geodesic": false, "type": "Point", "coordinates": [71.32488608616383, 32.07838963826605]}, "id": "14", "properties": {"classification": 1, "latitude": 32.07838963826605, "longitude": 71.32488608616383, "district": "Bhakkar"}}, {"type": "Feature", "geometry": {"geodesic": false, "type": "Point", "coordinates": [71.0562898162121, 31.662469661718717]}, "id": "15", "properties": {"classification": 1, "latitude": 31.662469661718717, "longitude": 71.0562898162121, "district": "Bhakkar"}}, {"type": "Feature", "geometry": {"geodesic": false, "type": "Point", "coordinates": [71.00059426859669, 31.350754258129243]}, "id": "16", "properties": {"classification": 1, "latitude": 31.350754258129243, "longitude": 71.00059426859669, "district": "Bhakkar"}}, {"type": "Feature", "geometry": {"geodesic": false, "type": "Point", "coordinates": [70.93411893757184, 31.419026219722326]}, "id": "17", "properties": {"classification": 1, "latitude": 31.419026219722326, "longitude": 70.93411893757184, "district": "Bhakkar"}}, {"type": "Feature", "geometry": {"geodesic": false, "type": "Point", "coordinates": [71.29883494292436, 31.691215750810542]}, "id": "18", "properties": {"classification": 1, "latitude": 31.691215750810542, "longitude": 71.29883494292436, "district": "Bhakkar"}}, {"type": "Feature", "geometry": {"geodesic": false, "type": "Point", "coordinates": [71.2727837996849, 31.44417904767767]}, "id": "19", "properties": {"classification": 1, "latitude": 31.44417904767767, "longitude": 71.2727837996849, "district": "Bhakkar"}}, {"type": "Feature", "geometry": {"geodesic": false, "type": "Point", "coordinates": [71.19552868525062, 31.905014788430986]}, "id": "20", "properties": {"classification": 1, "latitude": 31.905014788430986, "longitude": 71.19552868525062, "district": "Bhakkar"}}, {"type": "Feature", "geometry": {"geodesic": false, "type": "Point", "coordinates": [71.40124288531399, 31.41004306688113]}, "id": "21", "properties": {"classification": 1, "latitude": 31.41004306688113, "longitude": 71.40124288531399, "district": "Bhakkar"}}, {"type": "Feature", "geometry": {"geodesic": false, "type": "Point", "coordinates": [71.09940894984983, 31.50346785642956]}, "id": "22", "properties": {"classification": 1, "latitude": 31.50346785642956, "longitude": 71.09940894984983, "district": "Bhakkar"}}, {"type": "Feature", "geometry": {"geodesic": false, "type": "Point", "coordinates": [71.25212254815015, 31.961608651330515]}, "id": "23", "properties": {"classification": 1, "latitude": 31.961608651330515, "longitude": 71.25212254815015, "district": "Bhakkar"}}, {"type": "Feature", "geometry": {"geodesic": false, "type": "Point", "coordinates": [71.1164769402481, 32.01730419894593]}, "id": "24", "properties": {"classification": 1, "latitude": 32.01730419894593, "longitude": 71.1164769402481, "district": "Bhakkar"}}, {"type": "Feature", "geometry": {"geodesic": false, "type": "Point", "coordinates": [71.65905937185629, 32.332612863671876]}, "id": "0", "properties": {"classification": 1, "latitude": 32.332612863671876, "longitude": 71.65905937185629, "district": "Mianwali"}}, {"type": "Feature", "geometry": {"geodesic": false, "type": "Point", "coordinates": [71.5395834390684, 32.6236670157266]}, "id": "1", "properties": {"classification": 1, "latitude": 32.6236670157266, "longitude": 71.5395834390684, "district": "Mianwali"}}, {"type": "Feature", "geometry": {"geodesic": false, "type": "Point", "coordinates": [71.71744986532406, 32.56976809867943]}, "id": "2", "properties": {"classification": 1, "latitude": 32.56976809867943, "longitude": 71.71744986532406, "district": "Mianwali"}}, {"type": "Feature", "geometry": {"geodesic": false, "type": "Point", "coordinates": [71.41741256042815, 32.151153176279735]}, "id": "3", "properties": {"classification": 1, "latitude": 32.151153176279735, "longitude": 71.41741256042815, "district": "Mianwali"}}, {"type": "Feature", "geometry": {"geodesic": false, "type": "Point", "coordinates": [71.55485479889843, 32.827584585221736]}, "id": "4", "properties": {"classification": 1, "latitude": 32.827584585221736, "longitude": 71.55485479889843, "district": "Mianwali"}}, {"type": "Feature", "geometry": {"geodesic": false, "type": "Point", "coordinates": [71.4569384329294, 32.92370432062253]}, "id": "5", "properties": {"classification": 1, "latitude": 32.92370432062253, "longitude": 71.4569384329294, "district": "Mianwali"}}, {"type": "Feature", "geometry": {"geodesic": false, "type": "Point", "coordinates": [71.39315804775691, 32.83477110749469]}, "id": "6", "properties": {"classification": 1, "latitude": 32.83477110749469, "longitude": 71.39315804775691, "district": "Mianwali"}}, {"type": "Feature", "geometry": {"geodesic": false, "type": "Point", "coordinates": [71.5350918626478, 32.65061647425019]}, "id": "7", "properties": {"classification": 1, "latitude": 32.65061647425019, "longitude": 71.5350918626478, "district": "Mianwali"}}, {"type": "Feature", "geometry": {"geodesic": false, "type": "Point", "coordinates": [71.37788668792689, 32.81860143238054]}, "id": "8", "properties": {"classification": 1, "latitude": 32.81860143238054, "longitude": 71.37788668792689, "district": "Mianwali"}}, {"type": "Feature", "geometry": {"geodesic": false, "type": "Point", "coordinates": [71.74889090026825, 32.73775305680978]}, "id": "9", "properties": {"classification": 1, "latitude": 32.73775305680978, "longitude": 71.74889090026825, "district": "Mianwali"}}, {"type": "Feature", "geometry": {"geodesic": false, "type": "Point", "coordinates": [71.27008885383253, 32.862618881302396]}, "id": "10", "properties": {"classification": 1, "latitude": 32.862618881302396, "longitude": 71.27008885383253, "district": "Mianwali"}}, {"type": "Feature", "geometry": {"geodesic": false, "type": "Point", "coordinates": [71.62402507577563, 32.91382285249721]}, "id": "11", "properties": {"classification": 1, "latitude": 32.91382285249721, "longitude": 71.62402507577563, "district": "Mianwali"}}, {"type": "Feature", "geometry": {"geodesic": false, "type": "Point", "coordinates": [71.56024469060314, 32.4116646086744]}, "id": "12", "properties": {"classification": 1, "latitude": 32.4116646086744, "longitude": 71.56024469060314, "district": "Mianwali"}}, {"type": "Feature", "geometry": {"geodesic": false, "type": "Point", "coordinates": [71.3599203822445, 32.89316160096246]}, "id": "13", "properties": {"classification": 1, "latitude": 32.89316160096246, "longitude": 71.3599203822445, "district": "Mianwali"}}, {"type": "Feature", "geometry": {"geodesic": false, "type": "Point", "coordinates": [71.32758103201618, 32.611090601748934]}, "id": "14", "properties": {"classification": 1, "latitude": 32.611090601748934, "longitude": 71.32758103201618, "district": "Mianwali"}}, {"type": "Feature", "geometry": {"geodesic": false, "type": "Point", "coordinates": [71.7839251963489, 32.61827712402189]}, "id": "15", "properties": {"classification": 1, "latitude": 32.61827712402189, "longitude": 71.7839251963489, "district": "Mianwali"}}, {"type": "Feature", "geometry": {"geodesic": false, "type": "Point", "coordinates": [71.49017609844182, 32.83477110749469]}, "id": "16", "properties": {"classification": 1, "latitude": 32.83477110749469, "longitude": 71.49017609844182, "district": "Mianwali"}}, {"type": "Feature", "geometry": {"geodesic": false, "type": "Point", "coordinates": [71.71565323475582, 32.70451539129736]}, "id": "17", "properties": {"classification": 1, "latitude": 32.70451539129736, "longitude": 71.71565323475582, "district": "Mianwali"}}, {"type": "Feature", "geometry": {"geodesic": false, "type": "Point", "coordinates": [71.3051231499132, 32.90663633022425]}, "id": "18", "properties": {"classification": 1, "latitude": 32.90663633022425, "longitude": 71.3051231499132, "district": "Mianwali"}}, {"type": "Feature", "geometry": {"geodesic": false, "type": "Point", "coordinates": [71.66355094827689, 32.31554487327361]}, "id": "19", "properties": {"classification": 1, "latitude": 32.31554487327361, "longitude": 71.66355094827689, "district": "Mianwali"}}, {"type": "Feature", "geometry": {"geodesic": false, "type": "Point", "coordinates": [71.30691978048144, 32.19067904878099]}, "id": "20", "properties": {"classification": 1, "latitude": 32.19067904878099, "longitude": 71.30691978048144, "district": "Mianwali"}}, {"type": "Feature", "geometry": {"geodesic": false, "type": "Point", "coordinates": [71.47041316219119, 32.47095341742629]}, "id": "21", "properties": {"classification": 1, "latitude": 32.47095341742629, "longitude": 71.47041316219119, "district": "Mianwali"}}, {"type": "Feature", "geometry": {"geodesic": false, "type": "Point", "coordinates": [71.81716286186133, 32.75931262362865]}, "id": "22", "properties": {"classification": 1, "latitude": 32.75931262362865, "longitude": 71.81716286186133, "district": "Mianwali"}}, {"type": "Feature", "geometry": {"geodesic": false, "type": "Point", "coordinates": [71.19552868525062, 32.63085353799956]}, "id": "23", "properties": {"classification": 1, "latitude": 32.63085353799956, "longitude": 71.19552868525062, "district": "Mianwali"}}, {"type": "Feature", "geometry": {"geodesic": false, "type": "Point", "coordinates": [71.34914059883506, 32.244577965828164]}, "id": "24", "properties": {"classification": 1, "latitude": 32.244577965828164, "longitude": 71.34914059883506, "district": "Mianwali"}}, {"type": "Feature", "geometry": {"geodesic": false, "type": "Point", "coordinates": [72.69122363330962, 33.442930554843606]}, "id": "0", "properties": {"classification": 1, "latitude": 33.442930554843606, "longitude": 72.69122363330962, "district": "Attock"}}, {"type": "Feature", "geometry": {"geodesic": false, "type": "Point", "coordinates": [72.36872844631071, 33.4564052841054]}, "id": "1", "properties": {"classification": 1, "latitude": 33.4564052841054, "longitude": 72.36872844631071, "district": "Attock"}}, {"type": "Feature", "geometry": {"geodesic": false, "type": "Point", "coordinates": [72.56815443938525, 33.935207330541104]}, "id": "2", "properties": {"classification": 1, "latitude": 33.935207330541104, "longitude": 72.56815443938525, "district": "Attock"}}, {"type": "Feature", "geometry": {"geodesic": false, "type": "Point", "coordinates": [72.49898416250805, 33.99449613929299]}, "id": "3", "properties": {"classification": 1, "latitude": 33.99449613929299, "longitude": 72.49898416250805, "district": "Attock"}}, {"type": "Feature", "geometry": {"geodesic": false, "type": "Point", "coordinates": [72.46035660529091, 33.973834887758244]}, "id": "4", "properties": {"classification": 1, "latitude": 33.973834887758244, "longitude": 72.46035660529091, "district": "Attock"}}, {"type": "Feature", "geometry": {"geodesic": false, "type": "Point", "coordinates": [71.91957080425095, 33.148283141652406]}, "id": "5", "properties": {"classification": 1, "latitude": 33.148283141652406, "longitude": 71.91957080425095, "district": "Attock"}}, {"type": "Feature", "geometry": {"geodesic": false, "type": "Point", "coordinates": [72.47113638870034, 33.92622417769991]}, "id": "6", "properties": {"classification": 1, "latitude": 33.92622417769991, "longitude": 72.47113638870034, "district": "Attock"}}, {"type": "Feature", "geometry": {"geodesic": false, "type": "Point", "coordinates": [72.43610209261968, 33.90196966502868]}, "id": "7", "properties": {"classification": 1, "latitude": 33.90196966502868, "longitude": 72.43610209261968, "district": "Attock"}}, {"type": "Feature", "geometry": {"geodesic": false, "type": "Point", "coordinates": [72.76578380189154, 33.799561722639055]}, "id": "8", "properties": {"classification": 1, "latitude": 33.799561722639055, "longitude": 72.76578380189154, "district": "Attock"}}, {"type": "Feature", "geometry": {"geodesic": false, "type": "Point", "coordinates": [72.22769294670395, 33.56150817234739]}, "id": "9", "properties": {"classification": 1, "latitude": 33.56150817234739, "longitude": 72.22769294670395, "district": "Attock"}}, {"type": "Feature", "geometry": {"geodesic": false, "type": "Point", "coordinates": [71.96897814487752, 33.20128374341546]}, "id": "10", "properties": {"classification": 1, "latitude": 33.20128374341546, "longitude": 71.96897814487752, "district": "Attock"}}, {"type": "Feature", "geometry": {"geodesic": false, "type": "Point", "coordinates": [72.31123626812706, 33.17702923074423]}, "id": "11", "properties": {"classification": 1, "latitude": 33.17702923074423, "longitude": 72.31123626812706, "district": "Attock"}}, {"type": "Feature", "geometry": {"geodesic": false, "type": "Point", "coordinates": [72.47203470398446, 33.2399113006326]}, "id": "12", "properties": {"classification": 1, "latitude": 33.2399113006326, "longitude": 72.47203470398446, "district": "Attock"}}, {"type": "Feature", "geometry": {"geodesic": false, "type": "Point", "coordinates": [72.02018211607233, 33.235419724212]}, "id": "13", "properties": {"classification": 1, "latitude": 33.235419724212, "longitude": 72.02018211607233, "district": "Attock"}}, {"type": "Feature", "geometry": {"geodesic": false, "type": "Point", "coordinates": [72.38489812142487, 33.36657375569345]}, "id": "14", "properties": {"classification": 1, "latitude": 33.36657375569345, "longitude": 72.38489812142487, "district": "Attock"}}, {"type": "Feature", "geometry": {"geodesic": false, "type": "Point", "coordinates": [72.05431809686888, 33.61989866581515]}, "id": "15", "properties": {"classification": 1, "latitude": 33.61989866581515, "longitude": 72.05431809686888, "district": "Attock"}}, {"type": "Feature", "geometry": {"geodesic": false, "type": "Point", "coordinates": [72.23398115369278, 33.50311767887962]}, "id": "16", "properties": {"classification": 1, "latitude": 33.50311767887962, "longitude": 72.23398115369278, "district": "Attock"}}, {"type": "Feature", "geometry": {"geodesic": false, "type": "Point", "coordinates": [72.1935569659074, 33.54803344308559]}, "id": "17", "properties": {"classification": 1, "latitude": 33.54803344308559, "longitude": 72.1935569659074, "district": "Attock"}}, {"type": "Feature", "geometry": {"geodesic": false, "type": "Point", "coordinates": [72.5609679171123, 33.34052261245398]}, "id": "18", "properties": {"classification": 1, "latitude": 33.34052261245398, "longitude": 72.5609679171123, "district": "Attock"}}, {"type": "Feature", "geometry": {"geodesic": false, "type": "Point", "coordinates": [72.46844144284798, 33.771713948831355]}, "id": "19", "properties": {"classification": 1, "latitude": 33.771713948831355, "longitude": 72.46844144284798, "district": "Attock"}}, {"type": "Feature", "geometry": {"geodesic": false, "type": "Point", "coordinates": [72.01209727851527, 33.60911888240572]}, "id": "20", "properties": {"classification": 1, "latitude": 33.60911888240572, "longitude": 72.01209727851527, "district": "Attock"}}, {"type": "Feature", "geometry": {"geodesic": false, "type": "Point", "coordinates": [72.50437405421276, 33.53186376797144]}, "id": "21", "properties": {"classification": 1, "latitude": 33.53186376797144, "longitude": 72.50437405421276, "district": "Attock"}}, {"type": "Feature", "geometry": {"geodesic": false, "type": "Point", "coordinates": [72.16211593096322, 33.53366039853968]}, "id": "22", "properties": {"classification": 1, "latitude": 33.53366039853968, "longitude": 72.16211593096322, "district": "Attock"}}, {"type": "Feature", "geometry": {"geodesic": false, "type": "Point", "coordinates": [72.76219054075507, 33.57588121689329]}, "id": "23", "properties": {"classification": 1, "latitude": 33.57588121689329, "longitude": 72.76219054075507, "district": "Attock"}}, {"type": "Feature", "geometry": {"geodesic": false, "type": "Point", "coordinates": [72.36423686989012, 33.56599974876798]}, "id": "24", "properties": {"classification": 1, "latitude": 33.56599974876798, "longitude": 72.36423686989012, "district": "Attock"}}, {"type": "Feature", "geometry": {"geodesic": false, "type": "Point", "coordinates": [73.17541557145005, 33.12762189011765]}, "id": "0", "properties": {"classification": 1, "latitude": 33.12762189011765, "longitude": 73.17541557145005, "district": "Rawalpindi"}}, {"type": "Feature", "geometry": {"geodesic": false, "type": "Point", "coordinates": [73.05324469280978, 33.21206352682489]}, "id": "1", "properties": {"classification": 1, "latitude": 33.21206352682489, "longitude": 73.05324469280978, "district": "Rawalpindi"}}, {"type": "Feature", "geometry": {"geodesic": false, "type": "Point", "coordinates": [73.30297634179502, 33.91274944843812]}, "id": "2", "properties": {"classification": 1, "latitude": 33.91274944843812, "longitude": 73.30297634179502, "district": "Rawalpindi"}}, {"type": "Feature", "geometry": {"geodesic": false, "type": "Point", "coordinates": [73.29129824310147, 33.219250049097845]}, "id": "3", "properties": {"classification": 1, "latitude": 33.219250049097845, "longitude": 73.29129824310147, "district": "Rawalpindi"}}, {"type": "Feature", "geometry": {"geodesic": false, "type": "Point", "coordinates": [72.6067819966024, 33.18870732943778]}, "id": "4", "properties": {"classification": 1, "latitude": 33.18870732943778, "longitude": 72.6067819966024, "district": "Rawalpindi"}}, {"type": "Feature", "geometry": {"geodesic": false, "type": "Point", "coordinates": [72.94904011985193, 33.3459125041587]}, "id": "5", "properties": {"classification": 1, "latitude": 33.3459125041587, "longitude": 72.94904011985193, "district": "Rawalpindi"}}, {"type": "Feature", "geometry": {"geodesic": false, "type": "Point", "coordinates": [73.30477297236325, 33.412387835183544]}, "id": "6", "properties": {"classification": 1, "latitude": 33.412387835183544, "longitude": 73.30477297236325, "district": "Rawalpindi"}}, {"type": "Feature", "geometry": {"geodesic": false, "type": "Point", "coordinates": [73.2787218291238, 33.405201312910584]}, "id": "7", "properties": {"classification": 1, "latitude": 33.405201312910584, "longitude": 73.2787218291238, "district": "Rawalpindi"}}, {"type": "Feature", "geometry": {"geodesic": false, "type": "Point", "coordinates": [72.98227778536435, 33.088096017616394]}, "id": "8", "properties": {"classification": 1, "latitude": 33.088096017616394, "longitude": 72.98227778536435, "district": "Rawalpindi"}}, {"type": "Feature", "geometry": {"geodesic": false, "type": "Point", "coordinates": [72.81159788138164, 33.38454006137584]}, "id": "9", "properties": {"classification": 1, "latitude": 33.38454006137584, "longitude": 72.81159788138164, "district": "Rawalpindi"}}, {"type": "Feature", "geometry": {"geodesic": false, "type": "Point", "coordinates": [73.182602093723, 33.15007977222064]}, "id": "10", "properties": {"classification": 1, "latitude": 33.15007977222064, "longitude": 73.182602093723, "district": "Rawalpindi"}}, {"type": "Feature", "geometry": {"geodesic": false, "type": "Point", "coordinates": [73.13588969894879, 33.43215077143417]}, "id": "11", "properties": {"classification": 1, "latitude": 33.43215077143417, "longitude": 73.13588969894879, "district": "Rawalpindi"}}, {"type": "Feature", "geometry": {"geodesic": false, "type": "Point", "coordinates": [72.77566527001686, 33.218351733813726]}, "id": "12", "properties": {"classification": 1, "latitude": 33.218351733813726, "longitude": 72.77566527001686, "district": "Rawalpindi"}}, {"type": "Feature", "geometry": {"geodesic": false, "type": "Point", "coordinates": [72.89424288752063, 33.10516400801467]}, "id": "13", "properties": {"classification": 1, "latitude": 33.10516400801467, "longitude": 72.89424288752063, "district": "Rawalpindi"}}, {"type": "Feature", "geometry": {"geodesic": false, "type": "Point", "coordinates": [73.40448596890052, 33.25518266046263]}, "id": "14", "properties": {"classification": 1, "latitude": 33.25518266046263, "longitude": 73.40448596890052, "district": "Rawalpindi"}}, {"type": "Feature", "geometry": {"geodesic": false, "type": "Point", "coordinates": [72.81968271893871, 33.37915016967112]}, "id": "15", "properties": {"classification": 1, "latitude": 33.37915016967112, "longitude": 72.81968271893871, "district": "Rawalpindi"}}, {"type": "Feature", "geometry": {"geodesic": false, "type": "Point", "coordinates": [72.78913999927865, 33.14379156523181]}, "id": "16", "properties": {"classification": 1, "latitude": 33.14379156523181, "longitude": 72.78913999927865, "district": "Rawalpindi"}}, {"type": "Feature", "geometry": {"geodesic": false, "type": "Point", "coordinates": [73.27063699156672, 33.42226930330886]}, "id": "17", "properties": {"classification": 1, "latitude": 33.42226930330886, "longitude": 73.27063699156672, "district": "Rawalpindi"}}, {"type": "Feature", "geometry": {"geodesic": false, "type": "Point", "coordinates": [73.34070558372804, 33.52288061513025]}, "id": "18", "properties": {"classification": 1, "latitude": 33.52288061513025, "longitude": 73.34070558372804, "district": "Rawalpindi"}}, {"type": "Feature", "geometry": {"geodesic": false, "type": "Point", "coordinates": [73.42424890515115, 33.19769048227898]}, "id": "19", "properties": {"classification": 1, "latitude": 33.19769048227898, "longitude": 73.42424890515115, "district": "Rawalpindi"}}, {"type": "Feature", "geometry": {"geodesic": false, "type": "Point", "coordinates": [72.76578380189154, 33.284827064838574]}, "id": "20", "properties": {"classification": 1, "latitude": 33.284827064838574, "longitude": 72.76578380189154, "district": "Rawalpindi"}}, {"type": "Feature", "geometry": {"geodesic": false, "type": "Point", "coordinates": [73.27602688327143, 33.41867604217238]}, "id": "21", "properties": {"classification": 1, "latitude": 33.41867604217238, "longitude": 73.27602688327143, "district": "Rawalpindi"}}, {"type": "Feature", "geometry": {"geodesic": false, "type": "Point", "coordinates": [73.11522844741404, 33.28752201069093]}, "id": "22", "properties": {"classification": 1, "latitude": 33.28752201069093, "longitude": 73.11522844741404, "district": "Rawalpindi"}}, {"type": "Feature", "geometry": {"geodesic": false, "type": "Point", "coordinates": [73.18439872429124, 33.48694800376546]}, "id": "23", "properties": {"classification": 1, "latitude": 33.48694800376546, "longitude": 73.18439872429124, "district": "Rawalpindi"}}, {"type": "Feature", "geometry": {"geodesic": false, "type": "Point", "coordinates": [72.99485419934202, 33.559711541779144]}, "id": "24", "properties": {"classification": 1, "latitude": 33.559711541779144, "longitude": 72.99485419934202, "district": "Rawalpindi"}}, {"type": "Feature", "geometry": {"geodesic": false, "type": "Point", "coordinates": [72.60857862717063, 32.788957028004596]}, "id": "0", "properties": {"classification": 1, "latitude": 32.788957028004596, "longitude": 72.60857862717063, "district": "Chakwal"}}, {"type": "Feature", "geometry": {"geodesic": false, "type": "Point", "coordinates": [72.33728741136653, 32.82219469351702]}, "id": "1", "properties": {"classification": 1, "latitude": 32.82219469351702, "longitude": 72.33728741136653, "district": "Chakwal"}}, {"type": "Feature", "geometry": {"geodesic": false, "type": "Point", "coordinates": [72.89334457223651, 32.723380012263874]}, "id": "2", "properties": {"classification": 1, "latitude": 32.723380012263874, "longitude": 72.89334457223651, "district": "Chakwal"}}, {"type": "Feature", "geometry": {"geodesic": false, "type": "Point", "coordinates": [72.39388127426606, 32.95065377914611]}, "id": "3", "properties": {"classification": 1, "latitude": 32.95065377914611, "longitude": 72.39388127426606, "district": "Chakwal"}}, {"type": "Feature", "geometry": {"geodesic": false, "type": "Point", "coordinates": [72.9014294097936, 32.99736617392033]}, "id": "4", "properties": {"classification": 1, "latitude": 32.99736617392033, "longitude": 72.9014294097936, "district": "Chakwal"}}, {"type": "Feature", "geometry": {"geodesic": false, "type": "Point", "coordinates": [72.5519847642711, 32.87609361056419]}, "id": "5", "properties": {"classification": 1, "latitude": 32.87609361056419, "longitude": 72.5519847642711, "district": "Chakwal"}}, {"type": "Feature", "geometry": {"geodesic": false, "type": "Point", "coordinates": [72.38130486028838, 32.79165197385696]}, "id": "6", "properties": {"classification": 1, "latitude": 32.79165197385696, "longitude": 72.38130486028838, "district": "Chakwal"}}, {"type": "Feature", "geometry": {"geodesic": false, "type": "Point", "coordinates": [73.00204072161497, 32.991077966931485]}, "id": "7", "properties": {"classification": 1, "latitude": 32.991077966931485, "longitude": 73.00204072161497, "district": "Chakwal"}}, {"type": "Feature", "geometry": {"geodesic": false, "type": "Point", "coordinates": [72.2115232715898, 32.73415979567331]}, "id": "8", "properties": {"classification": 1, "latitude": 32.73415979567331, "longitude": 72.2115232715898, "district": "Chakwal"}}, {"type": "Feature", "geometry": {"geodesic": false, "type": "Point", "coordinates": [71.83243422169136, 32.91561948306545]}, "id": "9", "properties": {"classification": 1, "latitude": 32.91561948306545, "longitude": 71.83243422169136, "district": "Chakwal"}}, {"type": "Feature", "geometry": {"geodesic": false, "type": "Point", "coordinates": [72.72086803768556, 32.9731116612491]}, "id": "10", "properties": {"classification": 1, "latitude": 32.9731116612491, "longitude": 72.72086803768556, "district": "Chakwal"}}, {"type": "Feature", "geometry": {"geodesic": false, "type": "Point", "coordinates": [72.1189967973255, 32.98748470579501]}, "id": "11", "properties": {"classification": 1, "latitude": 32.98748470579501, "longitude": 72.1189967973255, "district": "Chakwal"}}, {"type": "Feature", "geometry": {"geodesic": false, "type": "Point", "coordinates": [72.02197874664058, 33.02251900187567]}, "id": "12", "properties": {"classification": 1, "latitude": 33.02251900187567, "longitude": 72.02197874664058, "district": "Chakwal"}}, {"type": "Feature", "geometry": {"geodesic": false, "type": "Point", "coordinates": [72.92298897661246, 33.04587519926278]}, "id": "13", "properties": {"classification": 1, "latitude": 33.04587519926278, "longitude": 72.92298897661246, "district": "Chakwal"}}, {"type": "Feature", "geometry": {"geodesic": false, "type": "Point", "coordinates": [73.13139812252818, 32.95424704028259]}, "id": "14", "properties": {"classification": 1, "latitude": 32.95424704028259, "longitude": 73.13139812252818, "district": "Chakwal"}}, {"type": "Feature", "geometry": {"geodesic": false, "type": "Point", "coordinates": [72.20882832573744, 32.73326148038919]}, "id": "15", "properties": {"classification": 1, "latitude": 32.73326148038919, "longitude": 72.20882832573744, "district": "Chakwal"}}, {"type": "Feature", "geometry": {"geodesic": false, "type": "Point", "coordinates": [72.59690052847708, 33.048570145115136]}, "id": "16", "properties": {"classification": 1, "latitude": 33.048570145115136, "longitude": 72.59690052847708, "district": "Chakwal"}}, {"type": "Feature", "geometry": {"geodesic": false, "type": "Point", "coordinates": [72.01209727851527, 32.95873861670319]}, "id": "17", "properties": {"classification": 1, "latitude": 32.95873861670319, "longitude": 72.01209727851527, "district": "Chakwal"}}, {"type": "Feature", "geometry": {"geodesic": false, "type": "Point", "coordinates": [72.41723747165317, 33.00455269619328]}, "id": "18", "properties": {"classification": 1, "latitude": 33.00455269619328, "longitude": 72.41723747165317, "district": "Chakwal"}}, {"type": "Feature", "geometry": {"geodesic": false, "type": "Point", "coordinates": [72.48101785682566, 32.850940782608845]}, "id": "19", "properties": {"classification": 1, "latitude": 32.850940782608845, "longitude": 72.48101785682566, "district": "Chakwal"}}, {"type": "Feature", "geometry": {"geodesic": false, "type": "Point", "coordinates": [73.0766008901969, 32.93807736516844]}, "id": "20", "properties": {"classification": 1, "latitude": 32.93807736516844, "longitude": 73.0766008901969, "district": "Chakwal"}}, {"type": "Feature", "geometry": {"geodesic": false, "type": "Point", "coordinates": [72.36154192403775, 32.95155209443023]}, "id": "21", "properties": {"classification": 1, "latitude": 32.95155209443023, "longitude": 72.36154192403775, "district": "Chakwal"}}, {"type": "Feature", "geometry": {"geodesic": false, "type": "Point", "coordinates": [72.37771159915191, 32.82668626993762]}, "id": "22", "properties": {"classification": 1, "latitude": 32.82668626993762, "longitude": 72.37771159915191, "district": "Chakwal"}}, {"type": "Feature", "geometry": {"geodesic": false, "type": "Point", "coordinates": [72.47293301926858, 32.823991324085256]}, "id": "23", "properties": {"classification": 1, "latitude": 32.823991324085256, "longitude": 72.47293301926858, "district": "Chakwal"}}, {"type": "Feature", "geometry": {"geodesic": false, "type": "Point", "coordinates": [72.43879703847203, 32.874296979995954]}, "id": "24", "properties": {"classification": 1, "latitude": 32.874296979995954, "longitude": 72.43879703847203, "district": "Chakwal"}}, {"type": "Feature", "geometry": {"geodesic": false, "type": "Point", "coordinates": [73.70901485021705, 32.91022959136073]}, "id": "0", "properties": {"classification": 1, "latitude": 32.91022959136073, "longitude": 73.70901485021705, "district": "Jhelum"}}, {"type": "Feature", "geometry": {"geodesic": false, "type": "Point", "coordinates": [73.51497874884723, 32.982993129374414]}, "id": "1", "properties": {"classification": 1, "latitude": 32.982993129374414, "longitude": 73.51497874884723, "district": "Jhelum"}}, {"type": "Feature", "geometry": {"geodesic": false, "type": "Point", "coordinates": [73.1781105173024, 32.96772176954438]}, "id": "2", "properties": {"classification": 1, "latitude": 32.96772176954438, "longitude": 73.1781105173024, "district": "Jhelum"}}, {"type": "Feature", "geometry": {"geodesic": false, "type": "Point", "coordinates": [73.28231509026027, 32.64073500612488]}, "id": "3", "properties": {"classification": 1, "latitude": 32.64073500612488, "longitude": 73.28231509026027, "district": "Jhelum"}}, {"type": "Feature", "geometry": {"geodesic": false, "type": "Point", "coordinates": [72.61127357302298, 32.4808348855516]}, "id": "4", "properties": {"classification": 1, "latitude": 32.4808348855516, "longitude": 72.61127357302298, "district": "Jhelum"}}, {"type": "Feature", "geometry": {"geodesic": false, "type": "Point", "coordinates": [73.31734938634094, 32.64881984368195]}, "id": "5", "properties": {"classification": 1, "latitude": 32.64881984368195, "longitude": 73.31734938634094, "district": "Jhelum"}}, {"type": "Feature", "geometry": {"geodesic": false, "type": "Point", "coordinates": [73.17361894088181, 32.55898831527]}, "id": "6", "properties": {"classification": 1, "latitude": 32.55898831527, "longitude": 73.17361894088181, "district": "Jhelum"}}, {"type": "Feature", "geometry": {"geodesic": false, "type": "Point", "coordinates": [73.28680666668086, 32.94706051800963]}, "id": "7", "properties": {"classification": 1, "latitude": 32.94706051800963, "longitude": 73.28680666668086, "district": "Jhelum"}}, {"type": "Feature", "geometry": {"geodesic": false, "type": "Point", "coordinates": [73.44760510253826, 32.61648049345365]}, "id": "8", "properties": {"classification": 1, "latitude": 32.61648049345365, "longitude": 73.44760510253826, "district": "Jhelum"}}, {"type": "Feature", "geometry": {"geodesic": false, "type": "Point", "coordinates": [73.70631990436468, 32.974908291817336]}, "id": "9", "properties": {"classification": 1, "latitude": 32.974908291817336, "longitude": 73.70631990436468, "district": "Jhelum"}}, {"type": "Feature", "geometry": {"geodesic": false, "type": "Point", "coordinates": [73.55450462134849, 32.95873861670319]}, "id": "10", "properties": {"classification": 1, "latitude": 32.95873861670319, "longitude": 73.55450462134849, "district": "Jhelum"}}, {"type": "Feature", "geometry": {"geodesic": false, "type": "Point", "coordinates": [73.51497874884723, 32.81141491010759]}, "id": "11", "properties": {"classification": 1, "latitude": 32.81141491010759, "longitude": 73.51497874884723, "district": "Jhelum"}}, {"type": "Feature", "geometry": {"geodesic": false, "type": "Point", "coordinates": [73.52216527112019, 32.81770311709642]}, "id": "12", "properties": {"classification": 1, "latitude": 32.81770311709642, "longitude": 73.52216527112019, "district": "Jhelum"}}, {"type": "Feature", "geometry": {"geodesic": false, "type": "Point", "coordinates": [73.573369242315, 32.77907555987928]}, "id": "13", "properties": {"classification": 1, "latitude": 32.77907555987928, "longitude": 73.573369242315, "district": "Jhelum"}}, {"type": "Feature", "geometry": {"geodesic": false, "type": "Point", "coordinates": [72.76758043245978, 32.46197026458509]}, "id": "14", "properties": {"classification": 1, "latitude": 32.46197026458509, "longitude": 72.76758043245978, "district": "Jhelum"}}, {"type": "Feature", "geometry": {"geodesic": false, "type": "Point", "coordinates": [72.67505395819548, 32.50778434407518]}, "id": "15", "properties": {"classification": 1, "latitude": 32.50778434407518, "longitude": 72.67505395819548, "district": "Jhelum"}}, {"type": "Feature", "geometry": {"geodesic": false, "type": "Point", "coordinates": [73.66409908601106, 32.924602635906645]}, "id": "16", "properties": {"classification": 1, "latitude": 32.924602635906645, "longitude": 73.66409908601106, "district": "Jhelum"}}, {"type": "Feature", "geometry": {"geodesic": false, "type": "Point", "coordinates": [73.37484156452457, 32.94616220272551]}, "id": "17", "properties": {"classification": 1, "latitude": 32.94616220272551, "longitude": 73.37484156452457, "district": "Jhelum"}}, {"type": "Feature", "geometry": {"geodesic": false, "type": "Point", "coordinates": [73.36765504225163, 32.6371417449884]}, "id": "18", "properties": {"classification": 1, "latitude": 32.6371417449884, "longitude": 73.36765504225163, "district": "Jhelum"}}, {"type": "Feature", "geometry": {"geodesic": false, "type": "Point", "coordinates": [73.16733073389297, 32.62187038515837]}, "id": "19", "properties": {"classification": 1, "latitude": 32.62187038515837, "longitude": 73.16733073389297, "district": "Jhelum"}}, {"type": "Feature", "geometry": {"geodesic": false, "type": "Point", "coordinates": [73.1870936701436, 32.60120913362361]}, "id": "20", "properties": {"classification": 1, "latitude": 32.60120913362361, "longitude": 73.1870936701436, "district": "Jhelum"}}, {"type": "Feature", "geometry": {"geodesic": false, "type": "Point", "coordinates": [73.29668813480617, 32.664989518796105]}, "id": "21", "properties": {"classification": 1, "latitude": 32.664989518796105, "longitude": 73.29668813480617, "district": "Jhelum"}}, {"type": "Feature", "geometry": {"geodesic": false, "type": "Point", "coordinates": [72.85471701501938, 32.54641190129232]}, "id": "22", "properties": {"classification": 1, "latitude": 32.54641190129232, "longitude": 72.85471701501938, "district": "Jhelum"}}, {"type": "Feature", "geometry": {"geodesic": false, "type": "Point", "coordinates": [73.62726815936216, 32.909331276076614]}, "id": "23", "properties": {"classification": 1, "latitude": 32.909331276076614, "longitude": 73.62726815936216, "district": "Jhelum"}}, {"type": "Feature", "geometry": {"geodesic": false, "type": "Point", "coordinates": [73.49341918202836, 32.81410985595994]}, "id": "24", "properties": {"classification": 1, "latitude": 32.81410985595994, "longitude": 73.49341918202836, "district": "Jhelum"}}, {"type": "Feature", "geometry": {"geodesic": false, "type": "Point", "coordinates": [72.15942098511087, 32.60929397118069]}, "id": "0", "properties": {"classification": 1, "latitude": 32.60929397118069, "longitude": 72.15942098511087, "district": "Khushab"}}, {"type": "Feature", "geometry": {"geodesic": false, "type": "Point", "coordinates": [71.89711292214797, 32.304765089864176]}, "id": "1", "properties": {"classification": 1, "latitude": 32.304765089864176, "longitude": 71.89711292214797, "district": "Khushab"}}, {"type": "Feature", "geometry": {"geodesic": false, "type": "Point", "coordinates": [71.85579041907847, 31.966998543035235]}, "id": "2", "properties": {"classification": 1, "latitude": 31.966998543035235, "longitude": 71.85579041907847, "district": "Khushab"}}, {"type": "Feature", "geometry": {"geodesic": false, "type": "Point", "coordinates": [72.01030064794702, 32.09186436752785]}, "id": "3", "properties": {"classification": 1, "latitude": 32.09186436752785, "longitude": 72.01030064794702, "district": "Khushab"}}, {"type": "Feature", "geometry": {"geodesic": false, "type": "Point", "coordinates": [71.7057717666305, 32.050541864458346]}, "id": "4", "properties": {"classification": 1, "latitude": 32.050541864458346, "longitude": 71.7057717666305, "district": "Khushab"}}, {"type": "Feature", "geometry": {"geodesic": false, "type": "Point", "coordinates": [72.14325130999671, 32.603005764191856]}, "id": "5", "properties": {"classification": 1, "latitude": 32.603005764191856, "longitude": 72.14325130999671, "district": "Khushab"}}, {"type": "Feature", "geometry": {"geodesic": false, "type": "Point", "coordinates": [71.85040052737375, 32.21583187673634]}, "id": "6", "properties": {"classification": 1, "latitude": 32.21583187673634, "longitude": 71.85040052737375, "district": "Khushab"}}, {"type": "Feature", "geometry": {"geodesic": false, "type": "Point", "coordinates": [72.46754312756386, 32.51497086634814]}, "id": "7", "properties": {"classification": 1, "latitude": 32.51497086634814, "longitude": 72.46754312756386, "district": "Khushab"}}, {"type": "Feature", "geometry": {"geodesic": false, "type": "Point", "coordinates": [72.33010088909357, 32.47813993969924]}, "id": "8", "properties": {"classification": 1, "latitude": 32.47813993969924, "longitude": 72.33010088909357, "district": "Khushab"}}, {"type": "Feature", "geometry": {"geodesic": false, "type": "Point", "coordinates": [71.97167309072988, 31.946337291500484]}, "id": "9", "properties": {"classification": 1, "latitude": 31.946337291500484, "longitude": 71.97167309072988, "district": "Khushab"}}, {"type": "Feature", "geometry": {"geodesic": false, "type": "Point", "coordinates": [71.85848536493083, 32.05593175616307]}, "id": "10", "properties": {"classification": 1, "latitude": 32.05593175616307, "longitude": 71.85848536493083, "district": "Khushab"}}, {"type": "Feature", "geometry": {"geodesic": false, "type": "Point", "coordinates": [71.83063759112312, 32.2876970994659]}, "id": "11", "properties": {"classification": 1, "latitude": 32.2876970994659, "longitude": 71.83063759112312, "district": "Khushab"}}, {"type": "Feature", "geometry": {"geodesic": false, "type": "Point", "coordinates": [72.00580907152643, 32.28500215361355]}, "id": "12", "properties": {"classification": 1, "latitude": 32.28500215361355, "longitude": 72.00580907152643, "district": "Khushab"}}, {"type": "Feature", "geometry": {"geodesic": false, "type": "Point", "coordinates": [71.80817970902014, 32.321833080262444]}, "id": "13", "properties": {"classification": 1, "latitude": 32.321833080262444, "longitude": 71.80817970902014, "district": "Khushab"}}, {"type": "Feature", "geometry": {"geodesic": false, "type": "Point", "coordinates": [71.79021340333775, 32.33171454838776]}, "id": "14", "properties": {"classification": 1, "latitude": 32.33171454838776, "longitude": 71.79021340333775, "district": "Khushab"}}, {"type": "Feature", "geometry": {"geodesic": false, "type": "Point", "coordinates": [72.35076214062832, 32.401783140549085]}, "id": "15", "properties": {"classification": 1, "latitude": 32.401783140549085, "longitude": 72.35076214062832, "district": "Khushab"}}, {"type": "Feature", "geometry": {"geodesic": false, "type": "Point", "coordinates": [71.92945227237627, 32.26074764094232]}, "id": "16", "properties": {"classification": 1, "latitude": 32.26074764094232, "longitude": 71.92945227237627, "district": "Khushab"}}, {"type": "Feature", "geometry": {"geodesic": false, "type": "Point", "coordinates": [71.83063759112312, 32.267035847931155]}, "id": "17", "properties": {"classification": 1, "latitude": 32.267035847931155, "longitude": 71.83063759112312, "district": "Khushab"}}, {"type": "Feature", "geometry": {"geodesic": false, "type": "Point", "coordinates": [71.85489210379434, 31.95981202076228]}, "id": "18", "properties": {"classification": 1, "latitude": 31.95981202076228, "longitude": 71.85489210379434, "district": "Khushab"}}, {"type": "Feature", "geometry": {"geodesic": false, "type": "Point", "coordinates": [72.51695046819043, 32.42244439208383]}, "id": "19", "properties": {"classification": 1, "latitude": 32.42244439208383, "longitude": 72.51695046819043, "district": "Khushab"}}, {"type": "Feature", "geometry": {"geodesic": false, "type": "Point", "coordinates": [72.04982652044828, 32.31464655798949]}, "id": "20", "properties": {"classification": 1, "latitude": 32.31464655798949, "longitude": 72.04982652044828, "district": "Khushab"}}, {"type": "Feature", "geometry": {"geodesic": false, "type": "Point", "coordinates": [71.71385660418758, 31.978676641728786]}, "id": "21", "properties": {"classification": 1, "latitude": 31.978676641728786, "longitude": 71.71385660418758, "district": "Khushab"}}, {"type": "Feature", "geometry": {"geodesic": false, "type": "Point", "coordinates": [71.7929083491901, 32.03077892820772]}, "id": "22", "properties": {"classification": 1, "latitude": 32.03077892820772, "longitude": 71.7929083491901, "district": "Khushab"}}, {"type": "Feature", "geometry": {"geodesic": false, "type": "Point", "coordinates": [72.11270859033665, 32.36944379032078]}, "id": "23", "properties": {"classification": 1, "latitude": 32.36944379032078, "longitude": 72.11270859033665, "district": "Khushab"}}, {"type": "Feature", "geometry": {"geodesic": false, "type": "Point", "coordinates": [71.89531629157973, 32.057728386731306]}, "id": "24", "properties": {"classification": 1, "latitude": 32.057728386731306, "longitude": 71.89531629157973, "district": "Khushab"}}, {"type": "Feature", "geometry": {"geodesic": false, "type": "Point", "coordinates": [72.66068091364956, 31.33458458301509]}, "id": "0", "properties": {"classification": 1, "latitude": 31.33458458301509, "longitude": 72.66068091364956, "district": "Jhang"}}, {"type": "Feature", "geometry": {"geodesic": false, "type": "Point", "coordinates": [72.29326996244467, 31.031852332266812]}, "id": "1", "properties": {"classification": 1, "latitude": 31.031852332266812, "longitude": 72.29326996244467, "district": "Jhang"}}, {"type": "Feature", "geometry": {"geodesic": false, "type": "Point", "coordinates": [72.2851851248876, 31.096531032723416]}, "id": "2", "properties": {"classification": 1, "latitude": 31.096531032723416, "longitude": 72.2851851248876, "district": "Jhang"}}, {"type": "Feature", "geometry": {"geodesic": false, "type": "Point", "coordinates": [72.48461111796213, 31.56455329574969]}, "id": "3", "properties": {"classification": 1, "latitude": 31.56455329574969, "longitude": 72.48461111796213, "district": "Jhang"}}, {"type": "Feature", "geometry": {"geodesic": false, "type": "Point", "coordinates": [72.23667609954515, 31.44507736296179]}, "id": "4", "properties": {"classification": 1, "latitude": 31.44507736296179, "longitude": 72.23667609954515, "district": "Jhang"}}, {"type": "Feature", "geometry": {"geodesic": false, "type": "Point", "coordinates": [72.50257742364452, 31.610367375239782]}, "id": "5", "properties": {"classification": 1, "latitude": 31.610367375239782, "longitude": 72.50257742364452, "district": "Jhang"}}, {"type": "Feature", "geometry": {"geodesic": false, "type": "Point", "coordinates": [71.78931508805363, 30.701272307710827]}, "id": "6", "properties": {"classification": 1, "latitude": 30.701272307710827, "longitude": 71.78931508805363, "district": "Jhang"}}, {"type": "Feature", "geometry": {"geodesic": false, "type": "Point", "coordinates": [72.68583374160491, 31.451365569950628]}, "id": "7", "properties": {"classification": 1, "latitude": 31.451365569950628, "longitude": 72.68583374160491, "district": "Jhang"}}, {"type": "Feature", "geometry": {"geodesic": false, "type": "Point", "coordinates": [72.58342579921528, 31.324703114889775]}, "id": "8", "properties": {"classification": 1, "latitude": 31.324703114889775, "longitude": 72.58342579921528, "district": "Jhang"}}, {"type": "Feature", "geometry": {"geodesic": false, "type": "Point", "coordinates": [71.94292700163807, 30.842307807317592]}, "id": "9", "properties": {"classification": 1, "latitude": 30.842307807317592, "longitude": 71.94292700163807, "district": "Jhang"}}, {"type": "Feature", "geometry": {"geodesic": false, "type": "Point", "coordinates": [72.85920859143998, 31.803505161325482]}, "id": "10", "properties": {"classification": 1, "latitude": 31.803505161325482, "longitude": 72.85920859143998, "district": "Jhang"}}, {"type": "Feature", "geometry": {"geodesic": false, "type": "Point", "coordinates": [72.49089932495097, 31.627435365638053]}, "id": "11", "properties": {"classification": 1, "latitude": 31.627435365638053, "longitude": 72.49089932495097, "district": "Jhang"}}, {"type": "Feature", "geometry": {"geodesic": false, "type": "Point", "coordinates": [71.97077477544576, 30.839612861465234]}, "id": "12", "properties": {"classification": 1, "latitude": 30.839612861465234, "longitude": 71.97077477544576, "district": "Jhang"}}, {"type": "Feature", "geometry": {"geodesic": false, "type": "Point", "coordinates": [71.95460510033162, 30.82344318635108]}, "id": "13", "properties": {"classification": 1, "latitude": 30.82344318635108, "longitude": 71.95460510033162, "district": "Jhang"}}, {"type": "Feature", "geometry": {"geodesic": false, "type": "Point", "coordinates": [72.19894685761213, 31.61485895166038]}, "id": "14", "properties": {"classification": 1, "latitude": 31.61485895166038, "longitude": 72.19894685761213, "district": "Jhang"}}, {"type": "Feature", "geometry": {"geodesic": false, "type": "Point", "coordinates": [72.16750582266795, 31.270804197842605]}, "id": "15", "properties": {"classification": 1, "latitude": 31.270804197842605, "longitude": 72.16750582266795, "district": "Jhang"}}, {"type": "Feature", "geometry": {"geodesic": false, "type": "Point", "coordinates": [72.17379402965678, 30.9024949313536]}, "id": "16", "properties": {"classification": 1, "latitude": 30.9024949313536, "longitude": 72.17379402965678, "district": "Jhang"}}, {"type": "Feature", "geometry": {"geodesic": false, "type": "Point", "coordinates": [71.75877236839356, 30.691390839585512]}, "id": "17", "properties": {"classification": 1, "latitude": 30.691390839585512, "longitude": 71.75877236839356, "district": "Jhang"}}, {"type": "Feature", "geometry": {"geodesic": false, "type": "Point", "coordinates": [72.2573373510799, 31.44777230881415]}, "id": "18", "properties": {"classification": 1, "latitude": 31.44777230881415, "longitude": 72.2573373510799, "district": "Jhang"}}, {"type": "Feature", "geometry": {"geodesic": false, "type": "Point", "coordinates": [72.23577778426103, 31.496281334156606]}, "id": "19", "properties": {"classification": 1, "latitude": 31.496281334156606, "longitude": 72.23577778426103, "district": "Jhang"}}, {"type": "Feature", "geometry": {"geodesic": false, "type": "Point", "coordinates": [72.44778019131323, 31.244753054603137]}, "id": "20", "properties": {"classification": 1, "latitude": 31.244753054603137, "longitude": 72.44778019131323, "district": "Jhang"}}, {"type": "Feature", "geometry": {"geodesic": false, "type": "Point", "coordinates": [72.54839150313462, 31.215108650227194]}, "id": "21", "properties": {"classification": 1, "latitude": 31.215108650227194, "longitude": 72.54839150313462, "district": "Jhang"}}, {"type": "Feature", "geometry": {"geodesic": false, "type": "Point", "coordinates": [72.51784878347456, 31.269905882558486]}, "id": "22", "properties": {"classification": 1, "latitude": 31.269905882558486, "longitude": 72.51784878347456, "district": "Jhang"}}, {"type": "Feature", "geometry": {"geodesic": false, "type": "Point", "coordinates": [72.95892158797724, 31.812488314166675]}, "id": "23", "properties": {"classification": 1, "latitude": 31.812488314166675, "longitude": 72.95892158797724, "district": "Jhang"}}, {"type": "Feature", "geometry": {"geodesic": false, "type": "Point", "coordinates": [72.99036262292142, 31.745114667857713]}, "id": "24", "properties": {"classification": 1, "latitude": 31.745114667857713, "longitude": 72.99036262292142, "district": "Jhang"}}, {"type": "Feature", "geometry": {"geodesic": false, "type": "Point", "coordinates": [72.39298295898195, 31.885251852180357]}, "id": "0", "properties": {"classification": 1, "latitude": 31.885251852180357, "longitude": 72.39298295898195, "district": "Sargodha"}}, {"type": "Feature", "geometry": {"geodesic": false, "type": "Point", "coordinates": [72.98766767706907, 31.9930496862747]}, "id": "1", "properties": {"classification": 1, "latitude": 31.9930496862747, "longitude": 72.98766767706907, "district": "Sargodha"}}, {"type": "Feature", "geometry": {"geodesic": false, "type": "Point", "coordinates": [72.4414919843244, 31.830454619849068]}, "id": "2", "properties": {"classification": 1, "latitude": 31.830454619849068, "longitude": 72.4414919843244, "district": "Sargodha"}}, {"type": "Feature", "geometry": {"geodesic": false, "type": "Point", "coordinates": [72.28249017903524, 31.807996737746077]}, "id": "3", "properties": {"classification": 1, "latitude": 31.807996737746077, "longitude": 72.28249017903524, "district": "Sargodha"}}, {"type": "Feature", "geometry": {"geodesic": false, "type": "Point", "coordinates": [72.8232759800752, 32.36495221390018]}, "id": "4", "properties": {"classification": 1, "latitude": 32.36495221390018, "longitude": 72.8232759800752, "district": "Sargodha"}}, {"type": "Feature", "geometry": {"geodesic": false, "type": "Point", "coordinates": [72.23038789255631, 31.78913211677957]}, "id": "5", "properties": {"classification": 1, "latitude": 31.78913211677957, "longitude": 72.23038789255631, "district": "Sargodha"}}, {"type": "Feature", "geometry": {"geodesic": false, "type": "Point", "coordinates": [72.8053096743928, 31.95711707490992]}, "id": "6", "properties": {"classification": 1, "latitude": 31.95711707490992, "longitude": 72.8053096743928, "district": "Sargodha"}}, {"type": "Feature", "geometry": {"geodesic": false, "type": "Point", "coordinates": [73.08199078190161, 32.06940648542486]}, "id": "7", "properties": {"classification": 1, "latitude": 32.06940648542486, "longitude": 73.08199078190161, "district": "Sargodha"}}, {"type": "Feature", "geometry": {"geodesic": false, "type": "Point", "coordinates": [72.40376274239138, 31.977778326444668]}, "id": "8", "properties": {"classification": 1, "latitude": 31.977778326444668, "longitude": 72.40376274239138, "district": "Sargodha"}}, {"type": "Feature", "geometry": {"geodesic": false, "type": "Point", "coordinates": [72.34177898778712, 31.86459060064561]}, "id": "9", "properties": {"classification": 1, "latitude": 31.86459060064561, "longitude": 72.34177898778712, "district": "Sargodha"}}, {"type": "Feature", "geometry": {"geodesic": false, "type": "Point", "coordinates": [72.92658223774893, 31.983168218149384]}, "id": "10", "properties": {"classification": 1, "latitude": 31.983168218149384, "longitude": 72.92658223774893, "district": "Sargodha"}}, {"type": "Feature", "geometry": {"geodesic": false, "type": "Point", "coordinates": [72.32740594324122, 31.684029228537586]}, "id": "11", "properties": {"classification": 1, "latitude": 31.684029228537586, "longitude": 72.32740594324122, "district": "Sargodha"}}, {"type": "Feature", "geometry": {"geodesic": false, "type": "Point", "coordinates": [72.89154794166828, 32.205052093326906]}, "id": "12", "properties": {"classification": 1, "latitude": 32.205052093326906, "longitude": 72.89154794166828, "district": "Sargodha"}}, {"type": "Feature", "geometry": {"geodesic": false, "type": "Point", "coordinates": [72.76668211717566, 32.21134030031574]}, "id": "13", "properties": {"classification": 1, "latitude": 32.21134030031574, "longitude": 72.76668211717566, "district": "Sargodha"}}, {"type": "Feature", "geometry": {"geodesic": false, "type": "Point", "coordinates": [73.07839752076514, 31.985863164001742]}, "id": "14", "properties": {"classification": 1, "latitude": 31.985863164001742, "longitude": 73.07839752076514, "district": "Sargodha"}}, {"type": "Feature", "geometry": {"geodesic": false, "type": "Point", "coordinates": [72.91041256263479, 32.436817436629745]}, "id": "15", "properties": {"classification": 1, "latitude": 32.436817436629745, "longitude": 72.91041256263479, "district": "Sargodha"}}, {"type": "Feature", "geometry": {"geodesic": false, "type": "Point", "coordinates": [72.88525973467944, 32.38112188901433]}, "id": "16", "properties": {"classification": 1, "latitude": 32.38112188901433, "longitude": 72.88525973467944, "district": "Sargodha"}}, {"type": "Feature", "geometry": {"geodesic": false, "type": "Point", "coordinates": [72.49898416250805, 31.912201310703942]}, "id": "17", "properties": {"classification": 1, "latitude": 31.912201310703942, "longitude": 72.49898416250805, "district": "Sargodha"}}, {"type": "Feature", "geometry": {"geodesic": false, "type": "Point", "coordinates": [72.94634517399956, 32.34518927764955]}, "id": "18", "properties": {"classification": 1, "latitude": 32.34518927764955, "longitude": 72.94634517399956, "district": "Sargodha"}}, {"type": "Feature", "geometry": {"geodesic": false, "type": "Point", "coordinates": [72.39028801312958, 31.925676039965737]}, "id": "19", "properties": {"classification": 1, "latitude": 31.925676039965737, "longitude": 72.39028801312958, "district": "Sargodha"}}, {"type": "Feature", "geometry": {"geodesic": false, "type": "Point", "coordinates": [72.48461111796213, 32.07299974656134]}, "id": "20", "properties": {"classification": 1, "latitude": 32.07299974656134, "longitude": 72.48461111796213, "district": "Sargodha"}}, {"type": "Feature", "geometry": {"geodesic": false, "type": "Point", "coordinates": [72.30674469170647, 31.737029830300635]}, "id": "21", "properties": {"classification": 1, "latitude": 31.737029830300635, "longitude": 72.30674469170647, "district": "Sargodha"}}, {"type": "Feature", "geometry": {"geodesic": false, "type": "Point", "coordinates": [73.10714360985696, 32.138576762302066]}, "id": "22", "properties": {"classification": 1, "latitude": 32.138576762302066, "longitude": 73.10714360985696, "district": "Sargodha"}}, {"type": "Feature", "geometry": {"geodesic": false, "type": "Point", "coordinates": [72.55467971012345, 32.244577965828164]}, "id": "23", "properties": {"classification": 1, "latitude": 32.244577965828164, "longitude": 72.55467971012345, "district": "Sargodha"}}, {"type": "Feature", "geometry": {"geodesic": false, "type": "Point", "coordinates": [72.34896551006008, 31.905014788430986]}, "id": "24", "properties": {"classification": 1, "latitude": 31.905014788430986, "longitude": 72.34896551006008, "district": "Sargodha"}}, {"type": "Feature", "geometry": {"geodesic": false, "type": "Point", "coordinates": [73.43772363441295, 32.29308699117062]}, "id": "0", "properties": {"classification": 1, "latitude": 32.29308699117062, "longitude": 73.43772363441295, "district": "Mandi Bahauddin"}}, {"type": "Feature", "geometry": {"geodesic": false, "type": "Point", "coordinates": [73.58864060214502, 32.38202020429845]}, "id": "1", "properties": {"classification": 1, "latitude": 32.38202020429845, "longitude": 73.58864060214502, "district": "Mandi Bahauddin"}}, {"type": "Feature", "geometry": {"geodesic": false, "type": "Point", "coordinates": [73.25267068588433, 32.495207930097514]}, "id": "2", "properties": {"classification": 1, "latitude": 32.495207930097514, "longitude": 73.25267068588433, "district": "Mandi Bahauddin"}}, {"type": "Feature", "geometry": {"geodesic": false, "type": "Point", "coordinates": [73.65242098731751, 32.43412249077738]}, "id": "3", "properties": {"classification": 1, "latitude": 32.43412249077738, "longitude": 73.65242098731751, "district": "Mandi Bahauddin"}}, {"type": "Feature", "geometry": {"geodesic": false, "type": "Point", "coordinates": [73.27512856798731, 32.34249433179719]}, "id": "4", "properties": {"classification": 1, "latitude": 32.34249433179719, "longitude": 73.27512856798731, "district": "Mandi Bahauddin"}}, {"type": "Feature", "geometry": {"geodesic": false, "type": "Point", "coordinates": [73.29578981952206, 32.24098470469169]}, "id": "5", "properties": {"classification": 1, "latitude": 32.24098470469169, "longitude": 73.29578981952206, "district": "Mandi Bahauddin"}}, {"type": "Feature", "geometry": {"geodesic": false, "type": "Point", "coordinates": [73.22572122736074, 32.55180179299704]}, "id": "6", "properties": {"classification": 1, "latitude": 32.55180179299704, "longitude": 73.22572122736074, "district": "Mandi Bahauddin"}}, {"type": "Feature", "geometry": {"geodesic": false, "type": "Point", "coordinates": [73.55899619776908, 32.63175185328368]}, "id": "7", "properties": {"classification": 1, "latitude": 32.63175185328368, "longitude": 73.55899619776908, "district": "Mandi Bahauddin"}}, {"type": "Feature", "geometry": {"geodesic": false, "type": "Point", "coordinates": [73.62547152879392, 32.50778434407518]}, "id": "8", "properties": {"classification": 1, "latitude": 32.50778434407518, "longitude": 73.62547152879392, "district": "Mandi Bahauddin"}}, {"type": "Feature", "geometry": {"geodesic": false, "type": "Point", "coordinates": [73.2329077496337, 32.39369830299201]}, "id": "9", "properties": {"classification": 1, "latitude": 32.39369830299201, "longitude": 73.2329077496337, "district": "Mandi Bahauddin"}}, {"type": "Feature", "geometry": {"geodesic": false, "type": "Point", "coordinates": [73.21673807451954, 32.09096605224373]}, "id": "10", "properties": {"classification": 1, "latitude": 32.09096605224373, "longitude": 73.21673807451954, "district": "Mandi Bahauddin"}}, {"type": "Feature", "geometry": {"geodesic": false, "type": "Point", "coordinates": [73.24278921775901, 32.18349252650804]}, "id": "11", "properties": {"classification": 1, "latitude": 32.18349252650804, "longitude": 73.24278921775901, "district": "Mandi Bahauddin"}}, {"type": "Feature", "geometry": {"geodesic": false, "type": "Point", "coordinates": [73.48443602918717, 32.31105329685301]}, "id": "12", "properties": {"classification": 1, "latitude": 32.31105329685301, "longitude": 73.48443602918717, "district": "Mandi Bahauddin"}}, {"type": "Feature", "geometry": {"geodesic": false, "type": "Point", "coordinates": [73.50509728072191, 32.576954620952385]}, "id": "13", "properties": {"classification": 1, "latitude": 32.576954620952385, "longitude": 73.50509728072191, "district": "Mandi Bahauddin"}}, {"type": "Feature", "geometry": {"geodesic": false, "type": "Point", "coordinates": [73.30387465707913, 32.42334270736795]}, "id": "14", "properties": {"classification": 1, "latitude": 32.42334270736795, "longitude": 73.30387465707913, "district": "Mandi Bahauddin"}}, {"type": "Feature", "geometry": {"geodesic": false, "type": "Point", "coordinates": [73.08199078190161, 32.244577965828164]}, "id": "15", "properties": {"classification": 1, "latitude": 32.244577965828164, "longitude": 73.08199078190161, "district": "Mandi Bahauddin"}}, {"type": "Feature", "geometry": {"geodesic": false, "type": "Point", "coordinates": [73.56708103532615, 32.54461527072409]}, "id": "16", "properties": {"classification": 1, "latitude": 32.54461527072409, "longitude": 73.56708103532615, "district": "Mandi Bahauddin"}}, {"type": "Feature", "geometry": {"geodesic": false, "type": "Point", "coordinates": [73.12870317667583, 32.32362971083069]}, "id": "17", "properties": {"classification": 1, "latitude": 32.32362971083069, "longitude": 73.12870317667583, "district": "Mandi Bahauddin"}}, {"type": "Feature", "geometry": {"geodesic": false, "type": "Point", "coordinates": [73.35328199770571, 32.18798410292864]}, "id": "18", "properties": {"classification": 1, "latitude": 32.18798410292864, "longitude": 73.35328199770571, "district": "Mandi Bahauddin"}}, {"type": "Feature", "geometry": {"geodesic": false, "type": "Point", "coordinates": [73.05593963866215, 32.31554487327361]}, "id": "19", "properties": {"classification": 1, "latitude": 32.31554487327361, "longitude": 73.05593963866215, "district": "Mandi Bahauddin"}}, {"type": "Feature", "geometry": {"geodesic": false, "type": "Point", "coordinates": [73.52575853225666, 32.30656172043241]}, "id": "20", "properties": {"classification": 1, "latitude": 32.30656172043241, "longitude": 73.52575853225666, "district": "Mandi Bahauddin"}}, {"type": "Feature", "geometry": {"geodesic": false, "type": "Point", "coordinates": [73.30836623349974, 32.50239445237047]}, "id": "21", "properties": {"classification": 1, "latitude": 32.50239445237047, "longitude": 73.30836623349974, "district": "Mandi Bahauddin"}}, {"type": "Feature", "geometry": {"geodesic": false, "type": "Point", "coordinates": [73.6102001689639, 32.522157388621096]}, "id": "22", "properties": {"classification": 1, "latitude": 32.522157388621096, "longitude": 73.6102001689639, "district": "Mandi Bahauddin"}}, {"type": "Feature", "geometry": {"geodesic": false, "type": "Point", "coordinates": [73.24009427190666, 32.4853264619722]}, "id": "23", "properties": {"classification": 1, "latitude": 32.4853264619722, "longitude": 73.24009427190666, "district": "Mandi Bahauddin"}}, {"type": "Feature", "geometry": {"geodesic": false, "type": "Point", "coordinates": [73.22841617321309, 32.38651178071905]}, "id": "24", "properties": {"classification": 1, "latitude": 32.38651178071905, "longitude": 73.22841617321309, "district": "Mandi Bahauddin"}}, {"type": "Feature", "geometry": {"geodesic": false, "type": "Point", "coordinates": [74.22105456216516, 32.59222598078242]}, "id": "0", "properties": {"classification": 1, "latitude": 32.59222598078242, "longitude": 74.22105456216516, "district": "Gujrat"}}, {"type": "Feature", "geometry": {"geodesic": false, "type": "Point", "coordinates": [74.18781689665275, 32.828482900505854]}, "id": "1", "properties": {"classification": 1, "latitude": 32.828482900505854, "longitude": 74.18781689665275, "district": "Gujrat"}}, {"type": "Feature", "geometry": {"geodesic": false, "type": "Point", "coordinates": [73.9326953559628, 32.715295174706796]}, "id": "2", "properties": {"classification": 1, "latitude": 32.715295174706796, "longitude": 73.9326953559628, "district": "Gujrat"}}, {"type": "Feature", "geometry": {"geodesic": false, "type": "Point", "coordinates": [73.98659427300997, 32.52036075805286]}, "id": "3", "properties": {"classification": 1, "latitude": 32.52036075805286, "longitude": 73.98659427300997, "district": "Gujrat"}}, {"type": "Feature", "geometry": {"geodesic": false, "type": "Point", "coordinates": [73.71440474192175, 32.76200756948101]}, "id": "4", "properties": {"classification": 1, "latitude": 32.76200756948101, "longitude": 73.71440474192175, "district": "Gujrat"}}, {"type": "Feature", "geometry": {"geodesic": false, "type": "Point", "coordinates": [74.22644445386989, 32.75571936249217]}, "id": "5", "properties": {"classification": 1, "latitude": 32.75571936249217, "longitude": 74.22644445386989, "district": "Gujrat"}}, {"type": "Feature", "geometry": {"geodesic": false, "type": "Point", "coordinates": [73.9650347061911, 32.80063512669815]}, "id": "6", "properties": {"classification": 1, "latitude": 32.80063512669815, "longitude": 73.9650347061911, "district": "Gujrat"}}, {"type": "Feature", "geometry": {"geodesic": false, "type": "Point", "coordinates": [73.92640714897396, 32.86800877300711]}, "id": "7", "properties": {"classification": 1, "latitude": 32.86800877300711, "longitude": 73.92640714897396, "district": "Gujrat"}}, {"type": "Feature", "geometry": {"geodesic": false, "type": "Point", "coordinates": [73.70003169737585, 32.68385413976261]}, "id": "8", "properties": {"classification": 1, "latitude": 32.68385413976261, "longitude": 73.70003169737585, "district": "Gujrat"}}, {"type": "Feature", "geometry": {"geodesic": false, "type": "Point", "coordinates": [73.73057441703591, 32.587734404361825]}, "id": "9", "properties": {"classification": 1, "latitude": 32.587734404361825, "longitude": 73.73057441703591, "district": "Gujrat"}}, {"type": "Feature", "geometry": {"geodesic": false, "type": "Point", "coordinates": [73.71081148078528, 32.645226582545476]}, "id": "10", "properties": {"classification": 1, "latitude": 32.645226582545476, "longitude": 73.71081148078528, "district": "Gujrat"}}, {"type": "Feature", "geometry": {"geodesic": false, "type": "Point", "coordinates": [74.02342519965887, 32.55629336941764]}, "id": "11", "properties": {"classification": 1, "latitude": 32.55629336941764, "longitude": 74.02342519965887, "district": "Gujrat"}}, {"type": "Feature", "geometry": {"geodesic": false, "type": "Point", "coordinates": [73.86622002493796, 32.773685668174565]}, "id": "12", "properties": {"classification": 1, "latitude": 32.773685668174565, "longitude": 73.86622002493796, "district": "Gujrat"}}, {"type": "Feature", "geometry": {"geodesic": false, "type": "Point", "coordinates": [74.30729282944064, 32.66588783408022]}, "id": "13", "properties": {"classification": 1, "latitude": 32.66588783408022, "longitude": 74.30729282944064, "district": "Gujrat"}}, {"type": "Feature", "geometry": {"geodesic": false, "type": "Point", "coordinates": [73.71889631834236, 32.824889639369374]}, "id": "14", "properties": {"classification": 1, "latitude": 32.824889639369374, "longitude": 73.71889631834236, "district": "Gujrat"}}, {"type": "Feature", "geometry": {"geodesic": false, "type": "Point", "coordinates": [73.90125432101861, 32.645226582545476]}, "id": "15", "properties": {"classification": 1, "latitude": 32.645226582545476, "longitude": 73.90125432101861, "district": "Gujrat"}}, {"type": "Feature", "geometry": {"geodesic": false, "type": "Point", "coordinates": [73.91472905028041, 32.96502682369202]}, "id": "16", "properties": {"classification": 1, "latitude": 32.96502682369202, "longitude": 73.91472905028041, "district": "Gujrat"}}, {"type": "Feature", "geometry": {"geodesic": false, "type": "Point", "coordinates": [73.99647574113528, 32.83656773806293]}, "id": "17", "properties": {"classification": 1, "latitude": 32.83656773806293, "longitude": 73.99647574113528, "district": "Gujrat"}}, {"type": "Feature", "geometry": {"geodesic": false, "type": "Point", "coordinates": [73.91113578914393, 32.84285594505177]}, "id": "18", "properties": {"classification": 1, "latitude": 32.84285594505177, "longitude": 73.91113578914393, "district": "Gujrat"}}, {"type": "Feature", "geometry": {"geodesic": false, "type": "Point", "coordinates": [74.04678139704598, 32.9039413843719]}, "id": "19", "properties": {"classification": 1, "latitude": 32.9039413843719, "longitude": 74.04678139704598, "district": "Gujrat"}}, {"type": "Feature", "geometry": {"geodesic": false, "type": "Point", "coordinates": [73.80513458561784, 32.603904079475974]}, "id": "20", "properties": {"classification": 1, "latitude": 32.603904079475974, "longitude": 73.80513458561784, "district": "Gujrat"}}, {"type": "Feature", "geometry": {"geodesic": false, "type": "Point", "coordinates": [73.8635250790856, 32.827584585221736]}, "id": "21", "properties": {"classification": 1, "latitude": 32.827584585221736, "longitude": 73.8635250790856, "district": "Gujrat"}}, {"type": "Feature", "geometry": {"geodesic": false, "type": "Point", "coordinates": [74.07462917085368, 32.716193489990914]}, "id": "22", "properties": {"classification": 1, "latitude": 32.716193489990914, "longitude": 74.07462917085368, "district": "Gujrat"}}, {"type": "Feature", "geometry": {"geodesic": false, "type": "Point", "coordinates": [73.8635250790856, 32.677565932773774]}, "id": "23", "properties": {"classification": 1, "latitude": 32.677565932773774, "longitude": 73.8635250790856, "district": "Gujrat"}}, {"type": "Feature", "geometry": {"geodesic": false, "type": "Point", "coordinates": [73.84735540397145, 32.73954968737802]}, "id": "24", "properties": {"classification": 1, "latitude": 32.73954968737802, "longitude": 73.84735540397145, "district": "Gujrat"}}, {"type": "Feature", "geometry": {"geodesic": false, "type": "Point", "coordinates": [74.5166002906405, 32.21942513787282]}, "id": "0", "properties": {"classification": 1, "latitude": 32.21942513787282, "longitude": 74.5166002906405, "district": "Sialkot"}}, {"type": "Feature", "geometry": {"geodesic": false, "type": "Point", "coordinates": [74.41059908711439, 32.723380012263874]}, "id": "1", "properties": {"classification": 1, "latitude": 32.723380012263874, "longitude": 74.41059908711439, "district": "Sialkot"}}, {"type": "Feature", "geometry": {"geodesic": false, "type": "Point", "coordinates": [74.74926394922744, 32.32991791781952]}, "id": "2", "properties": {"classification": 1, "latitude": 32.32991791781952, "longitude": 74.74926394922744, "district": "Sialkot"}}, {"type": "Feature", "geometry": {"geodesic": false, "type": "Point", "coordinates": [74.44832832904741, 32.58863271964594]}, "id": "3", "properties": {"classification": 1, "latitude": 32.58863271964594, "longitude": 74.44832832904741, "district": "Sialkot"}}, {"type": "Feature", "geometry": {"geodesic": false, "type": "Point", "coordinates": [74.40341256484143, 32.32362971083069]}, "id": "4", "properties": {"classification": 1, "latitude": 32.32362971083069, "longitude": 74.40341256484143, "district": "Sialkot"}}, {"type": "Feature", "geometry": {"geodesic": false, "type": "Point", "coordinates": [74.59655035092713, 32.309256666284774]}, "id": "5", "properties": {"classification": 1, "latitude": 32.309256666284774, "longitude": 74.59655035092713, "district": "Sialkot"}}, {"type": "Feature", "geometry": {"geodesic": false, "type": "Point", "coordinates": [74.59924529677949, 32.14396665400678]}, "id": "6", "properties": {"classification": 1, "latitude": 32.14396665400678, "longitude": 74.59924529677949, "district": "Sialkot"}}, {"type": "Feature", "geometry": {"geodesic": false, "type": "Point", "coordinates": [74.5219901823452, 32.40357977111732]}, "id": "7", "properties": {"classification": 1, "latitude": 32.40357977111732, "longitude": 74.5219901823452, "district": "Sialkot"}}, {"type": "Feature", "geometry": {"geodesic": false, "type": "Point", "coordinates": [74.38903952029551, 32.43771575191386]}, "id": "8", "properties": {"classification": 1, "latitude": 32.43771575191386, "longitude": 74.38903952029551, "district": "Sialkot"}}, {"type": "Feature", "geometry": {"geodesic": false, "type": "Point", "coordinates": [74.4294637080809, 32.4898180383928]}, "id": "9", "properties": {"classification": 1, "latitude": 32.4898180383928, "longitude": 74.4294637080809, "district": "Sialkot"}}, {"type": "Feature", "geometry": {"geodesic": false, "type": "Point", "coordinates": [74.37017489932902, 32.545513586008205]}, "id": "10", "properties": {"classification": 1, "latitude": 32.545513586008205, "longitude": 74.37017489932902, "district": "Sialkot"}}, {"type": "Feature", "geometry": {"geodesic": false, "type": "Point", "coordinates": [74.618109917746, 32.74943115550334]}, "id": "11", "properties": {"classification": 1, "latitude": 32.74943115550334, "longitude": 74.618109917746, "district": "Sialkot"}}, {"type": "Feature", "geometry": {"geodesic": false, "type": "Point", "coordinates": [74.4384468609221, 32.43591912134563]}, "id": "12", "properties": {"classification": 1, "latitude": 32.43591912134563, "longitude": 74.4384468609221, "district": "Sialkot"}}, {"type": "Feature", "geometry": {"geodesic": false, "type": "Point", "coordinates": [74.22015624688105, 32.304765089864176]}, "id": "13", "properties": {"classification": 1, "latitude": 32.304765089864176, "longitude": 74.22015624688105, "district": "Sialkot"}}, {"type": "Feature", "geometry": {"geodesic": false, "type": "Point", "coordinates": [74.62080486359835, 32.28410383832942]}, "id": "14", "properties": {"classification": 1, "latitude": 32.28410383832942, "longitude": 74.62080486359835, "district": "Sialkot"}}, {"type": "Feature", "geometry": {"geodesic": false, "type": "Point", "coordinates": [74.61990654831423, 32.35147748463839]}, "id": "15", "properties": {"classification": 1, "latitude": 32.35147748463839, "longitude": 74.61990654831423, "district": "Sialkot"}}, {"type": "Feature", "geometry": {"geodesic": false, "type": "Point", "coordinates": [74.5489396408688, 32.626361961578965]}, "id": "16", "properties": {"classification": 1, "latitude": 32.626361961578965, "longitude": 74.5489396408688, "district": "Sialkot"}}, {"type": "Feature", "geometry": {"geodesic": false, "type": "Point", "coordinates": [74.452819905468, 32.382918519582574]}, "id": "17", "properties": {"classification": 1, "latitude": 32.382918519582574, "longitude": 74.452819905468, "district": "Sialkot"}}, {"type": "Feature", "geometry": {"geodesic": false, "type": "Point", "coordinates": [74.61451665660952, 32.46736015628981]}, "id": "18", "properties": {"classification": 1, "latitude": 32.46736015628981, "longitude": 74.61451665660952, "district": "Sialkot"}}, {"type": "Feature", "geometry": {"geodesic": false, "type": "Point", "coordinates": [74.21386803989222, 32.382918519582574]}, "id": "19", "properties": {"classification": 1, "latitude": 32.382918519582574, "longitude": 74.21386803989222, "district": "Sialkot"}}, {"type": "Feature", "geometry": {"geodesic": false, "type": "Point", "coordinates": [74.41778560938734, 32.475444993846885]}, "id": "20", "properties": {"classification": 1, "latitude": 32.475444993846885, "longitude": 74.41778560938734, "district": "Sialkot"}}, {"type": "Feature", "geometry": {"geodesic": false, "type": "Point", "coordinates": [74.36747995347665, 32.561683261122354]}, "id": "21", "properties": {"classification": 1, "latitude": 32.561683261122354, "longitude": 74.36747995347665, "district": "Sialkot"}}, {"type": "Feature", "geometry": {"geodesic": false, "type": "Point", "coordinates": [74.86873988201535, 32.46646184100569]}, "id": "22", "properties": {"classification": 1, "latitude": 32.46646184100569, "longitude": 74.86873988201535, "district": "Sialkot"}}, {"type": "Feature", "geometry": {"geodesic": false, "type": "Point", "coordinates": [74.71692459899914, 32.39369830299201]}, "id": "23", "properties": {"classification": 1, "latitude": 32.39369830299201, "longitude": 74.71692459899914, "district": "Sialkot"}}, {"type": "Feature", "geometry": {"geodesic": false, "type": "Point", "coordinates": [74.25608885824583, 32.26883247849939]}, "id": "24", "properties": {"classification": 1, "latitude": 32.26883247849939, "longitude": 74.25608885824583, "district": "Sialkot"}}, {"type": "Feature", "geometry": {"geodesic": false, "type": "Point", "coordinates": [72.31123626812706, 30.894410093796527]}, "id": "0", "properties": {"classification": 1, "latitude": 30.894410093796527, "longitude": 72.31123626812706, "district": "Toba Tek Singh"}}, {"type": "Feature", "geometry": {"geodesic": false, "type": "Point", "coordinates": [72.59690052847708, 30.784815629133945]}, "id": "1", "properties": {"classification": 1, "latitude": 30.784815629133945, "longitude": 72.59690052847708, "district": "Toba Tek Singh"}}, {"type": "Feature", "geometry": {"geodesic": false, "type": "Point", "coordinates": [72.46125492057503, 31.05790347550628]}, "id": "2", "properties": {"classification": 1, "latitude": 31.05790347550628, "longitude": 72.46125492057503, "district": "Toba Tek Singh"}}, {"type": "Feature", "geometry": {"geodesic": false, "type": "Point", "coordinates": [72.60947694245475, 30.81086677237341]}, "id": "3", "properties": {"classification": 1, "latitude": 30.81086677237341, "longitude": 72.60947694245475, "district": "Toba Tek Singh"}}, {"type": "Feature", "geometry": {"geodesic": false, "type": "Point", "coordinates": [72.2627272427846, 30.65905148935721]}, "id": "4", "properties": {"classification": 1, "latitude": 30.65905148935721, "longitude": 72.2627272427846, "district": "Toba Tek Singh"}}, {"type": "Feature", "geometry": {"geodesic": false, "type": "Point", "coordinates": [72.54928981841874, 30.62401719327655]}, "id": "5", "properties": {"classification": 1, "latitude": 30.62401719327655, "longitude": 72.54928981841874, "district": "Toba Tek Singh"}}, {"type": "Feature", "geometry": {"geodesic": false, "type": "Point", "coordinates": [72.5196454140428, 30.933037651013663]}, "id": "6", "properties": {"classification": 1, "latitude": 30.933037651013663, "longitude": 72.5196454140428, "district": "Toba Tek Singh"}}, {"type": "Feature", "geometry": {"geodesic": false, "type": "Point", "coordinates": [72.48371280267801, 31.1648029943165]}, "id": "7", "properties": {"classification": 1, "latitude": 31.1648029943165, "longitude": 72.48371280267801, "district": "Toba Tek Singh"}}, {"type": "Feature", "geometry": {"geodesic": false, "type": "Point", "coordinates": [72.26811713448933, 30.721933559245578]}, "id": "8", "properties": {"classification": 1, "latitude": 30.721933559245578, "longitude": 72.26811713448933, "district": "Toba Tek Singh"}}, {"type": "Feature", "geometry": {"geodesic": false, "type": "Point", "coordinates": [72.27260871090992, 30.776730791576867]}, "id": "9", "properties": {"classification": 1, "latitude": 30.776730791576867, "longitude": 72.27260871090992, "district": "Toba Tek Singh"}}, {"type": "Feature", "geometry": {"geodesic": false, "type": "Point", "coordinates": [72.42083073278965, 30.933935966297785]}, "id": "10", "properties": {"classification": 1, "latitude": 30.933935966297785, "longitude": 72.42083073278965, "district": "Toba Tek Singh"}}, {"type": "Feature", "geometry": {"geodesic": false, "type": "Point", "coordinates": [72.44688187602911, 31.161209733180023]}, "id": "11", "properties": {"classification": 1, "latitude": 31.161209733180023, "longitude": 72.44688187602911, "district": "Toba Tek Singh"}}, {"type": "Feature", "geometry": {"geodesic": false, "type": "Point", "coordinates": [72.6211550411483, 30.679712740891958]}, "id": "12", "properties": {"classification": 1, "latitude": 30.679712740891958, "longitude": 72.6211550411483, "district": "Toba Tek Singh"}}, {"type": "Feature", "geometry": {"geodesic": false, "type": "Point", "coordinates": [72.33998235721889, 30.760561116462718]}, "id": "13", "properties": {"classification": 1, "latitude": 30.760561116462718, "longitude": 72.33998235721889, "district": "Toba Tek Singh"}}, {"type": "Feature", "geometry": {"geodesic": false, "type": "Point", "coordinates": [72.48011954154154, 30.633898661401865]}, "id": "14", "properties": {"classification": 1, "latitude": 30.633898661401865, "longitude": 72.48011954154154, "district": "Toba Tek Singh"}}, {"type": "Feature", "geometry": {"geodesic": false, "type": "Point", "coordinates": [72.63822303154657, 30.817154979362247]}, "id": "15", "properties": {"classification": 1, "latitude": 30.817154979362247, "longitude": 72.63822303154657, "district": "Toba Tek Singh"}}, {"type": "Feature", "geometry": {"geodesic": false, "type": "Point", "coordinates": [72.60408705075002, 30.919562921751872]}, "id": "16", "properties": {"classification": 1, "latitude": 30.919562921751872, "longitude": 72.60408705075002, "district": "Toba Tek Singh"}}, {"type": "Feature", "geometry": {"geodesic": false, "type": "Point", "coordinates": [72.43879703847203, 31.085751249313983]}, "id": "17", "properties": {"classification": 1, "latitude": 31.085751249313983, "longitude": 72.43879703847203, "district": "Toba Tek Singh"}}, {"type": "Feature", "geometry": {"geodesic": false, "type": "Point", "coordinates": [72.2941682777288, 30.704865568847307]}, "id": "18", "properties": {"classification": 1, "latitude": 30.704865568847307, "longitude": 72.2941682777288, "district": "Toba Tek Singh"}}, {"type": "Feature", "geometry": {"geodesic": false, "type": "Point", "coordinates": [72.50437405421276, 30.898003354933003]}, "id": "19", "properties": {"classification": 1, "latitude": 30.898003354933003, "longitude": 72.50437405421276, "district": "Toba Tek Singh"}}, {"type": "Feature", "geometry": {"geodesic": false, "type": "Point", "coordinates": [72.6903253180255, 30.969868577662563]}, "id": "20", "properties": {"classification": 1, "latitude": 30.969868577662563, "longitude": 72.6903253180255, "district": "Toba Tek Singh"}}, {"type": "Feature", "geometry": {"geodesic": false, "type": "Point", "coordinates": [72.34896551006008, 30.986038252776716]}, "id": "21", "properties": {"classification": 1, "latitude": 30.986038252776716, "longitude": 72.34896551006008, "district": "Toba Tek Singh"}}, {"type": "Feature", "geometry": {"geodesic": false, "type": "Point", "coordinates": [72.50527236949688, 30.951003956696056]}, "id": "22", "properties": {"classification": 1, "latitude": 30.951003956696056, "longitude": 72.50527236949688, "district": "Toba Tek Singh"}}, {"type": "Feature", "geometry": {"geodesic": false, "type": "Point", "coordinates": [72.24116767596574, 30.671627903334883]}, "id": "23", "properties": {"classification": 1, "latitude": 30.671627903334883, "longitude": 72.24116767596574, "district": "Toba Tek Singh"}}, {"type": "Feature", "geometry": {"geodesic": false, "type": "Point", "coordinates": [72.52952688216811, 31.176481093010054]}, "id": "24", "properties": {"classification": 1, "latitude": 31.176481093010054, "longitude": 72.52952688216811, "district": "Toba Tek Singh"}}, {"type": "Feature", "geometry": {"geodesic": false, "type": "Point", "coordinates": [72.89873446394124, 30.482981693669785]}, "id": "0", "properties": {"classification": 1, "latitude": 30.482981693669785, "longitude": 72.89873446394124, "district": "Sahiwal"}}, {"type": "Feature", "geometry": {"geodesic": false, "type": "Point", "coordinates": [72.57174770052173, 30.289843907584086]}, "id": "1", "properties": {"classification": 1, "latitude": 30.289843907584086, "longitude": 72.57174770052173, "district": "Sahiwal"}}, {"type": "Feature", "geometry": {"geodesic": false, "type": "Point", "coordinates": [72.5609679171123, 30.41560804736082]}, "id": "2", "properties": {"classification": 1, "latitude": 30.41560804736082, "longitude": 72.5609679171123, "district": "Sahiwal"}}, {"type": "Feature", "geometry": {"geodesic": false, "type": "Point", "coordinates": [72.48101785682566, 30.412014786224344]}, "id": "3", "properties": {"classification": 1, "latitude": 30.412014786224344, "longitude": 72.48101785682566, "district": "Sahiwal"}}, {"type": "Feature", "geometry": {"geodesic": false, "type": "Point", "coordinates": [72.72535961410617, 30.331166410653584]}, "id": "4", "properties": {"classification": 1, "latitude": 30.331166410653584, "longitude": 72.72535961410617, "district": "Sahiwal"}}, {"type": "Feature", "geometry": {"geodesic": false, "type": "Point", "coordinates": [72.95981990326136, 30.500049684068056]}, "id": "5", "properties": {"classification": 1, "latitude": 30.500049684068056, "longitude": 72.95981990326136, "district": "Sahiwal"}}, {"type": "Feature", "geometry": {"geodesic": false, "type": "Point", "coordinates": [73.14487285178998, 30.50903283690925]}, "id": "6", "properties": {"classification": 1, "latitude": 30.50903283690925, "longitude": 73.14487285178998, "district": "Sahiwal"}}, {"type": "Feature", "geometry": {"geodesic": false, "type": "Point", "coordinates": [72.91131087791891, 30.66084811992545]}, "id": "7", "properties": {"classification": 1, "latitude": 30.66084811992545, "longitude": 72.91131087791891, "district": "Sahiwal"}}, {"type": "Feature", "geometry": {"geodesic": false, "type": "Point", "coordinates": [72.90502267093007, 30.45064234344148]}, "id": "8", "properties": {"classification": 1, "latitude": 30.45064234344148, "longitude": 72.90502267093007, "district": "Sahiwal"}}, {"type": "Feature", "geometry": {"geodesic": false, "type": "Point", "coordinates": [72.96251484911372, 30.765052692883312]}, "id": "9", "properties": {"classification": 1, "latitude": 30.765052692883312, "longitude": 72.96251484911372, "district": "Sahiwal"}}, {"type": "Feature", "geometry": {"geodesic": false, "type": "Point", "coordinates": [73.04965143167331, 30.54945702469463]}, "id": "10", "properties": {"classification": 1, "latitude": 30.54945702469463, "longitude": 73.04965143167331, "district": "Sahiwal"}}, {"type": "Feature", "geometry": {"geodesic": false, "type": "Point", "coordinates": [72.52054372932692, 30.522507566171043]}, "id": "11", "properties": {"classification": 1, "latitude": 30.522507566171043, "longitude": 72.52054372932692, "district": "Sahiwal"}}, {"type": "Feature", "geometry": {"geodesic": false, "type": "Point", "coordinates": [72.97329463252315, 30.628508769697145]}, "id": "12", "properties": {"classification": 1, "latitude": 30.628508769697145, "longitude": 72.97329463252315, "district": "Sahiwal"}}, {"type": "Feature", "geometry": {"geodesic": false, "type": "Point", "coordinates": [73.02000702729737, 30.7138487216885]}, "id": "13", "properties": {"classification": 1, "latitude": 30.7138487216885, "longitude": 73.02000702729737, "district": "Sahiwal"}}, {"type": "Feature", "geometry": {"geodesic": false, "type": "Point", "coordinates": [72.98766767706907, 30.684204317312556]}, "id": "14", "properties": {"classification": 1, "latitude": 30.684204317312556, "longitude": 72.98766767706907, "district": "Sahiwal"}}, {"type": "Feature", "geometry": {"geodesic": false, "type": "Point", "coordinates": [72.94814180456781, 30.742594810780325]}, "id": "15", "properties": {"classification": 1, "latitude": 30.742594810780325, "longitude": 72.94814180456781, "district": "Sahiwal"}}, {"type": "Feature", "geometry": {"geodesic": false, "type": "Point", "coordinates": [73.27063699156672, 30.761459431746836]}, "id": "16", "properties": {"classification": 1, "latitude": 30.761459431746836, "longitude": 73.27063699156672, "district": "Sahiwal"}}, {"type": "Feature", "geometry": {"geodesic": false, "type": "Point", "coordinates": [73.06222784565098, 30.6770177950396]}, "id": "17", "properties": {"classification": 1, "latitude": 30.6770177950396, "longitude": 73.06222784565098, "district": "Sahiwal"}}, {"type": "Feature", "geometry": {"geodesic": false, "type": "Point", "coordinates": [73.02899018013856, 30.453337289293838]}, "id": "18", "properties": {"classification": 1, "latitude": 30.453337289293838, "longitude": 73.02899018013856, "district": "Sahiwal"}}, {"type": "Feature", "geometry": {"geodesic": false, "type": "Point", "coordinates": [72.90322604036183, 30.422794569633776]}, "id": "19", "properties": {"classification": 1, "latitude": 30.422794569633776, "longitude": 72.90322604036183, "district": "Sahiwal"}}, {"type": "Feature", "geometry": {"geodesic": false, "type": "Point", "coordinates": [73.26165383872552, 30.67432284918724]}, "id": "20", "properties": {"classification": 1, "latitude": 30.67432284918724, "longitude": 73.26165383872552, "district": "Sahiwal"}}, {"type": "Feature", "geometry": {"geodesic": false, "type": "Point", "coordinates": [72.80800462024516, 30.39674342639431]}, "id": "21", "properties": {"classification": 1, "latitude": 30.39674342639431, "longitude": 72.80800462024516, "district": "Sahiwal"}}, {"type": "Feature", "geometry": {"geodesic": false, "type": "Point", "coordinates": [72.44239029960852, 30.364404076166007]}, "id": "22", "properties": {"classification": 1, "latitude": 30.364404076166007, "longitude": 72.44239029960852, "district": "Sahiwal"}}, {"type": "Feature", "geometry": {"geodesic": false, "type": "Point", "coordinates": [73.31734938634094, 30.652763282368372]}, "id": "23", "properties": {"classification": 1, "latitude": 30.652763282368372, "longitude": 73.31734938634094, "district": "Sahiwal"}}, {"type": "Feature", "geometry": {"geodesic": false, "type": "Point", "coordinates": [72.86190353729233, 30.54316881770579]}, "id": "24", "properties": {"classification": 1, "latitude": 30.54316881770579, "longitude": 72.86190353729233, "district": "Sahiwal"}}, {"type": "Feature", "geometry": {"geodesic": false, "type": "Point", "coordinates": [74.31807261285007, 31.17019288602122]}, "id": "0", "properties": {"classification": 1, "latitude": 31.17019288602122, "longitude": 74.31807261285007, "district": "Kasur"}}, {"type": "Feature", "geometry": {"geodesic": false, "type": "Point", "coordinates": [73.9919841647147, 31.16390467903238]}, "id": "1", "properties": {"classification": 1, "latitude": 31.16390467903238, "longitude": 73.9919841647147, "district": "Kasur"}}, {"type": "Feature", "geometry": {"geodesic": false, "type": "Point", "coordinates": [73.77549018124189, 31.031852332266812]}, "id": "2", "properties": {"classification": 1, "latitude": 31.031852332266812, "longitude": 73.77549018124189, "district": "Kasur"}}, {"type": "Feature", "geometry": {"geodesic": false, "type": "Point", "coordinates": [73.82399920658435, 31.025564125277974]}, "id": "3", "properties": {"classification": 1, "latitude": 31.025564125277974, "longitude": 73.82399920658435, "district": "Kasur"}}, {"type": "Feature", "geometry": {"geodesic": false, "type": "Point", "coordinates": [74.50132893081046, 31.264515990853766]}, "id": "4", "properties": {"classification": 1, "latitude": 31.264515990853766, "longitude": 74.50132893081046, "district": "Kasur"}}, {"type": "Feature", "geometry": {"geodesic": false, "type": "Point", "coordinates": [73.88418633062035, 30.880037049250614]}, "id": "5", "properties": {"classification": 1, "latitude": 30.880037049250614, "longitude": 73.88418633062035, "district": "Kasur"}}, {"type": "Feature", "geometry": {"geodesic": false, "type": "Point", "coordinates": [73.83657562056202, 30.97885173050376]}, "id": "6", "properties": {"classification": 1, "latitude": 30.97885173050376, "longitude": 73.83657562056202, "district": "Kasur"}}, {"type": "Feature", "geometry": {"geodesic": false, "type": "Point", "coordinates": [74.40071761898908, 31.05341189908568]}, "id": "7", "properties": {"classification": 1, "latitude": 31.05341189908568, "longitude": 74.40071761898908, "district": "Kasur"}}, {"type": "Feature", "geometry": {"geodesic": false, "type": "Point", "coordinates": [74.06474770272837, 30.96268205538961]}, "id": "8", "properties": {"classification": 1, "latitude": 30.96268205538961, "longitude": 74.06474770272837, "district": "Kasur"}}, {"type": "Feature", "geometry": {"geodesic": false, "type": "Point", "coordinates": [73.78357501879896, 31.119887230110525]}, "id": "9", "properties": {"classification": 1, "latitude": 31.119887230110525, "longitude": 73.78357501879896, "district": "Kasur"}}, {"type": "Feature", "geometry": {"geodesic": false, "type": "Point", "coordinates": [73.98749258829409, 31.039937169823887]}, "id": "10", "properties": {"classification": 1, "latitude": 31.039937169823887, "longitude": 73.98749258829409, "district": "Kasur"}}, {"type": "Feature", "geometry": {"geodesic": false, "type": "Point", "coordinates": [74.33603891853247, 31.05161526851744]}, "id": "11", "properties": {"classification": 1, "latitude": 31.05161526851744, "longitude": 74.33603891853247, "district": "Kasur"}}, {"type": "Feature", "geometry": {"geodesic": false, "type": "Point", "coordinates": [74.05576454988717, 30.783018998565705]}, "id": "12", "properties": {"classification": 1, "latitude": 30.783018998565705, "longitude": 74.05576454988717, "district": "Kasur"}}, {"type": "Feature", "geometry": {"geodesic": false, "type": "Point", "coordinates": [74.10876515165023, 31.22499011835251]}, "id": "13", "properties": {"classification": 1, "latitude": 31.22499011835251, "longitude": 74.10876515165023, "district": "Kasur"}}, {"type": "Feature", "geometry": {"geodesic": false, "type": "Point", "coordinates": [74.0934937918202, 30.930342705161305]}, "id": "14", "properties": {"classification": 1, "latitude": 30.930342705161305, "longitude": 74.0934937918202, "district": "Kasur"}}, {"type": "Feature", "geometry": {"geodesic": false, "type": "Point", "coordinates": [73.7260828406153, 31.07407315062043]}, "id": "15", "properties": {"classification": 1, "latitude": 31.07407315062043, "longitude": 73.7260828406153, "district": "Kasur"}}, {"type": "Feature", "geometry": {"geodesic": false, "type": "Point", "coordinates": [74.11325672807082, 30.841409492033474]}, "id": "16", "properties": {"classification": 1, "latitude": 30.841409492033474, "longitude": 74.11325672807082, "district": "Kasur"}}, {"type": "Feature", "geometry": {"geodesic": false, "type": "Point", "coordinates": [73.89316948346155, 31.025564125277974]}, "id": "17", "properties": {"classification": 1, "latitude": 31.025564125277974, "longitude": 73.89316948346155, "district": "Kasur"}}, {"type": "Feature", "geometry": {"geodesic": false, "type": "Point", "coordinates": [73.8680166555062, 31.106412500848734]}, "id": "18", "properties": {"classification": 1, "latitude": 31.106412500848734, "longitude": 73.8680166555062, "district": "Kasur"}}, {"type": "Feature", "geometry": {"geodesic": false, "type": "Point", "coordinates": [73.77459186595776, 30.956393848400772]}, "id": "19", "properties": {"classification": 1, "latitude": 30.956393848400772, "longitude": 73.77459186595776, "district": "Kasur"}}, {"type": "Feature", "geometry": {"geodesic": false, "type": "Point", "coordinates": [73.88059306948387, 31.07586978118867]}, "id": "20", "properties": {"classification": 1, "latitude": 31.07586978118867, "longitude": 73.88059306948387, "district": "Kasur"}}, {"type": "Feature", "geometry": {"geodesic": false, "type": "Point", "coordinates": [74.2542922276776, 31.024665809993856]}, "id": "21", "properties": {"classification": 1, "latitude": 31.024665809993856, "longitude": 74.2542922276776, "district": "Kasur"}}, {"type": "Feature", "geometry": {"geodesic": false, "type": "Point", "coordinates": [73.82579583715258, 30.987834883344956]}, "id": "22", "properties": {"classification": 1, "latitude": 30.987834883344956, "longitude": 73.82579583715258, "district": "Kasur"}}, {"type": "Feature", "geometry": {"geodesic": false, "type": "Point", "coordinates": [74.21476635517634, 31.009394450163825]}, "id": "23", "properties": {"classification": 1, "latitude": 31.009394450163825, "longitude": 74.21476635517634, "district": "Kasur"}}, {"type": "Feature", "geometry": {"geodesic": false, "type": "Point", "coordinates": [73.99288247999881, 30.834222969760518]}, "id": "24", "properties": {"classification": 1, "latitude": 30.834222969760518, "longitude": 73.99288247999881, "district": "Kasur"}}, {"type": "Feature", "geometry": {"geodesic": false, "type": "Point", "coordinates": [73.22482291207662, 31.171091201305337]}, "id": "0", "properties": {"classification": 1, "latitude": 31.171091201305337, "longitude": 73.22482291207662, "district": "Faisalabad"}}, {"type": "Feature", "geometry": {"geodesic": false, "type": "Point", "coordinates": [72.87986984297473, 31.09203945630282]}, "id": "1", "properties": {"classification": 1, "latitude": 31.09203945630282, "longitude": 72.87986984297473, "district": "Faisalabad"}}, {"type": "Feature", "geometry": {"geodesic": false, "type": "Point", "coordinates": [72.77207200888039, 30.981546676356118]}, "id": "2", "properties": {"classification": 1, "latitude": 30.981546676356118, "longitude": 72.77207200888039, "district": "Faisalabad"}}, {"type": "Feature", "geometry": {"geodesic": false, "type": "Point", "coordinates": [73.25267068588433, 31.331889637162732]}, "id": "3", "properties": {"classification": 1, "latitude": 31.331889637162732, "longitude": 73.25267068588433, "district": "Faisalabad"}}, {"type": "Feature", "geometry": {"geodesic": false, "type": "Point", "coordinates": [73.54282652265493, 31.29955028693443]}, "id": "4", "properties": {"classification": 1, "latitude": 31.29955028693443, "longitude": 73.54282652265493, "district": "Faisalabad"}}, {"type": "Feature", "geometry": {"geodesic": false, "type": "Point", "coordinates": [72.97509126309139, 31.2797873506838]}, "id": "5", "properties": {"classification": 1, "latitude": 31.2797873506838, "longitude": 72.97509126309139, "district": "Faisalabad"}}, {"type": "Feature", "geometry": {"geodesic": false, "type": "Point", "coordinates": [73.20775492167834, 31.213312019658954]}, "id": "6", "properties": {"classification": 1, "latitude": 31.213312019658954, "longitude": 73.20775492167834, "district": "Faisalabad"}}, {"type": "Feature", "geometry": {"geodesic": false, "type": "Point", "coordinates": [72.78464842285806, 31.03544559340329]}, "id": "7", "properties": {"classification": 1, "latitude": 31.03544559340329, "longitude": 72.78464842285806, "district": "Faisalabad"}}, {"type": "Feature", "geometry": {"geodesic": false, "type": "Point", "coordinates": [72.7505124420615, 31.055208529653918]}, "id": "8", "properties": {"classification": 1, "latitude": 31.055208529653918, "longitude": 72.7505124420615, "district": "Faisalabad"}}, {"type": "Feature", "geometry": {"geodesic": false, "type": "Point", "coordinates": [72.9436502281472, 31.14504005806587]}, "id": "9", "properties": {"classification": 1, "latitude": 31.14504005806587, "longitude": 72.9436502281472, "district": "Faisalabad"}}, {"type": "Feature", "geometry": {"geodesic": false, "type": "Point", "coordinates": [73.54282652265493, 31.348957627561003]}, "id": "10", "properties": {"classification": 1, "latitude": 31.348957627561003, "longitude": 73.54282652265493, "district": "Faisalabad"}}, {"type": "Feature", "geometry": {"geodesic": false, "type": "Point", "coordinates": [73.14936442821057, 31.69660564251526]}, "id": "11", "properties": {"classification": 1, "latitude": 31.69660564251526, "longitude": 73.14936442821057, "district": "Faisalabad"}}, {"type": "Feature", "geometry": {"geodesic": false, "type": "Point", "coordinates": [73.37394324924045, 31.361534041538675]}, "id": "12", "properties": {"classification": 1, "latitude": 31.361534041538675, "longitude": 73.37394324924045, "district": "Faisalabad"}}, {"type": "Feature", "geometry": {"geodesic": false, "type": "Point", "coordinates": [72.94005696701073, 30.776730791576867]}, "id": "13", "properties": {"classification": 1, "latitude": 30.776730791576867, "longitude": 72.94005696701073, "district": "Faisalabad"}}, {"type": "Feature", "geometry": {"geodesic": false, "type": "Point", "coordinates": [73.14307622122175, 31.236668217046063]}, "id": "14", "properties": {"classification": 1, "latitude": 31.236668217046063, "longitude": 73.14307622122175, "district": "Faisalabad"}}, {"type": "Feature", "geometry": {"geodesic": false, "type": "Point", "coordinates": [73.3568752588422, 31.55467182762437]}, "id": "15", "properties": {"classification": 1, "latitude": 31.55467182762437, "longitude": 73.3568752588422, "district": "Faisalabad"}}, {"type": "Feature", "geometry": {"geodesic": false, "type": "Point", "coordinates": [73.38921460907049, 31.40734812102877]}, "id": "16", "properties": {"classification": 1, "latitude": 31.40734812102877, "longitude": 73.38921460907049, "district": "Faisalabad"}}, {"type": "Feature", "geometry": {"geodesic": false, "type": "Point", "coordinates": [73.09007561945869, 31.57623139444324]}, "id": "17", "properties": {"classification": 1, "latitude": 31.57623139444324, "longitude": 73.09007561945869, "district": "Faisalabad"}}, {"type": "Feature", "geometry": {"geodesic": false, "type": "Point", "coordinates": [72.96251484911372, 31.22409180306839]}, "id": "18", "properties": {"classification": 1, "latitude": 31.22409180306839, "longitude": 72.96251484911372, "district": "Faisalabad"}}, {"type": "Feature", "geometry": {"geodesic": false, "type": "Point", "coordinates": [73.31555275577269, 31.11090407726933]}, "id": "19", "properties": {"classification": 1, "latitude": 31.11090407726933, "longitude": 73.31555275577269, "district": "Faisalabad"}}, {"type": "Feature", "geometry": {"geodesic": false, "type": "Point", "coordinates": [73.00114240633086, 30.980648361072]}, "id": "20", "properties": {"classification": 1, "latitude": 30.980648361072, "longitude": 73.00114240633086, "district": "Faisalabad"}}, {"type": "Feature", "geometry": {"geodesic": false, "type": "Point", "coordinates": [72.98048115479611, 31.35434751926572]}, "id": "21", "properties": {"classification": 1, "latitude": 31.35434751926572, "longitude": 72.98048115479611, "district": "Faisalabad"}}, {"type": "Feature", "geometry": {"geodesic": false, "type": "Point", "coordinates": [73.099957087584, 31.602282537682708]}, "id": "22", "properties": {"classification": 1, "latitude": 31.602282537682708, "longitude": 73.099957087584, "district": "Faisalabad"}}, {"type": "Feature", "geometry": {"geodesic": false, "type": "Point", "coordinates": [72.82686924121167, 31.272600828410845]}, "id": "23", "properties": {"classification": 1, "latitude": 31.272600828410845, "longitude": 72.82686924121167, "district": "Faisalabad"}}, {"type": "Feature", "geometry": {"geodesic": false, "type": "Point", "coordinates": [73.01371882030853, 31.31571996204858]}, "id": "24", "properties": {"classification": 1, "latitude": 31.31571996204858, "longitude": 73.01371882030853, "district": "Faisalabad"}}, {"type": "Feature", "geometry": {"geodesic": false, "type": "Point", "coordinates": [74.38903952029551, 31.291465449377352]}, "id": "0", "properties": {"classification": 1, "latitude": 31.291465449377352, "longitude": 74.38903952029551, "district": "Lahore"}}, {"type": "Feature", "geometry": {"geodesic": false, "type": "Point", "coordinates": [74.10247694466139, 31.366923933243392]}, "id": "1", "properties": {"classification": 1, "latitude": 31.366923933243392, "longitude": 74.10247694466139, "district": "Lahore"}}, {"type": "Feature", "geometry": {"geodesic": false, "type": "Point", "coordinates": [74.23902086784756, 31.56006171932909]}, "id": "2", "properties": {"classification": 1, "latitude": 31.56006171932909, "longitude": 74.23902086784756, "district": "Lahore"}}, {"type": "Feature", "geometry": {"geodesic": false, "type": "Point", "coordinates": [74.084510638979, 31.364228987391034]}, "id": "3", "properties": {"classification": 1, "latitude": 31.364228987391034, "longitude": 74.084510638979, "district": "Lahore"}}, {"type": "Feature", "geometry": {"geodesic": false, "type": "Point", "coordinates": [74.3010046224518, 31.267210936706125]}, "id": "4", "properties": {"classification": 1, "latitude": 31.267210936706125, "longitude": 74.3010046224518, "district": "Lahore"}}, {"type": "Feature", "geometry": {"geodesic": false, "type": "Point", "coordinates": [74.57948236052886, 31.453162200518868]}, "id": "5", "properties": {"classification": 1, "latitude": 31.453162200518868, "longitude": 74.57948236052886, "district": "Lahore"}}, {"type": "Feature", "geometry": {"geodesic": false, "type": "Point", "coordinates": [74.41239571768263, 31.395670022335217]}, "id": "6", "properties": {"classification": 1, "latitude": 31.395670022335217, "longitude": 74.41239571768263, "district": "Lahore"}}, {"type": "Feature", "geometry": {"geodesic": false, "type": "Point", "coordinates": [74.13212134903733, 31.387585184778143]}, "id": "7", "properties": {"classification": 1, "latitude": 31.387585184778143, "longitude": 74.13212134903733, "district": "Lahore"}}, {"type": "Feature", "geometry": {"geodesic": false, "type": "Point", "coordinates": [74.44653169847916, 31.41183969744937]}, "id": "8", "properties": {"classification": 1, "latitude": 31.41183969744937, "longitude": 74.44653169847916, "district": "Lahore"}}, {"type": "Feature", "geometry": {"geodesic": false, "type": "Point", "coordinates": [74.52019355177697, 31.382195293073426]}, "id": "9", "properties": {"classification": 1, "latitude": 31.382195293073426, "longitude": 74.52019355177697, "district": "Lahore"}}, {"type": "Feature", "geometry": {"geodesic": false, "type": "Point", "coordinates": [74.43934517620622, 31.39656833761934]}, "id": "10", "properties": {"classification": 1, "latitude": 31.39656833761934, "longitude": 74.43934517620622, "district": "Lahore"}}, {"type": "Feature", "geometry": {"geodesic": false, "type": "Point", "coordinates": [74.26686864165526, 31.357042465118077]}, "id": "11", "properties": {"classification": 1, "latitude": 31.357042465118077, "longitude": 74.26686864165526, "district": "Lahore"}}, {"type": "Feature", "geometry": {"geodesic": false, "type": "Point", "coordinates": [74.4573114818886, 31.35434751926572]}, "id": "12", "properties": {"classification": 1, "latitude": 31.35434751926572, "longitude": 74.4573114818886, "district": "Lahore"}}, {"type": "Feature", "geometry": {"geodesic": false, "type": "Point", "coordinates": [74.46539631944567, 31.50616280228192]}, "id": "13", "properties": {"classification": 1, "latitude": 31.50616280228192, "longitude": 74.46539631944567, "district": "Lahore"}}, {"type": "Feature", "geometry": {"geodesic": false, "type": "Point", "coordinates": [74.49234577796926, 31.5420954136467]}, "id": "14", "properties": {"classification": 1, "latitude": 31.5420954136467, "longitude": 74.49234577796926, "district": "Lahore"}}, {"type": "Feature", "geometry": {"geodesic": false, "type": "Point", "coordinates": [74.36209006177194, 31.33458458301509]}, "id": "15", "properties": {"classification": 1, "latitude": 31.33458458301509, "longitude": 74.36209006177194, "district": "Lahore"}}, {"type": "Feature", "geometry": {"geodesic": false, "type": "Point", "coordinates": [74.59655035092713, 31.46573861449654]}, "id": "16", "properties": {"classification": 1, "latitude": 31.46573861449654, "longitude": 74.59655035092713, "district": "Lahore"}}, {"type": "Feature", "geometry": {"geodesic": false, "type": "Point", "coordinates": [74.14110450187853, 31.38848350006226]}, "id": "17", "properties": {"classification": 1, "latitude": 31.38848350006226, "longitude": 74.14110450187853, "district": "Lahore"}}, {"type": "Feature", "geometry": {"geodesic": false, "type": "Point", "coordinates": [74.23812255256344, 31.415432958585846]}, "id": "18", "properties": {"classification": 1, "latitude": 31.415432958585846, "longitude": 74.23812255256344, "district": "Lahore"}}, {"type": "Feature", "geometry": {"geodesic": false, "type": "Point", "coordinates": [74.5633126854147, 31.40555149046053]}, "id": "19", "properties": {"classification": 1, "latitude": 31.40555149046053, "longitude": 74.5633126854147, "district": "Lahore"}}, {"type": "Feature", "geometry": {"geodesic": false, "type": "Point", "coordinates": [74.23542760671108, 31.518739216259593]}, "id": "20", "properties": {"classification": 1, "latitude": 31.518739216259593, "longitude": 74.23542760671108, "district": "Lahore"}}, {"type": "Feature", "geometry": {"geodesic": false, "type": "Point", "coordinates": [74.35759848535133, 31.308533439775623]}, "id": "21", "properties": {"classification": 1, "latitude": 31.308533439775623, "longitude": 74.35759848535133, "district": "Lahore"}}, {"type": "Feature", "geometry": {"geodesic": false, "type": "Point", "coordinates": [74.53905817274348, 31.423517796142924]}, "id": "22", "properties": {"classification": 1, "latitude": 31.423517796142924, "longitude": 74.53905817274348, "district": "Lahore"}}, {"type": "Feature", "geometry": {"geodesic": false, "type": "Point", "coordinates": [74.3288523962595, 31.269007567274365]}, "id": "23", "properties": {"classification": 1, "latitude": 31.269007567274365, "longitude": 74.3288523962595, "district": "Lahore"}}, {"type": "Feature", "geometry": {"geodesic": false, "type": "Point", "coordinates": [74.11954493505966, 31.340872790003928]}, "id": "24", "properties": {"classification": 1, "latitude": 31.340872790003928, "longitude": 74.11954493505966, "district": "Lahore"}}, {"type": "Feature", "geometry": {"geodesic": false, "type": "Point", "coordinates": [73.77549018124189, 31.926574355249855]}, "id": "0", "properties": {"classification": 1, "latitude": 31.926574355249855, "longitude": 73.77549018124189, "district": "Hafizabad"}}, {"type": "Feature", "geometry": {"geodesic": false, "type": "Point", "coordinates": [73.47545287634597, 32.100847520369044]}, "id": "1", "properties": {"classification": 1, "latitude": 32.100847520369044, "longitude": 73.47545287634597, "district": "Hafizabad"}}, {"type": "Feature", "geometry": {"geodesic": false, "type": "Point", "coordinates": [73.69284517510289, 31.950828867921082]}, "id": "2", "properties": {"classification": 1, "latitude": 31.950828867921082, "longitude": 73.69284517510289, "district": "Hafizabad"}}, {"type": "Feature", "geometry": {"geodesic": false, "type": "Point", "coordinates": [73.51048717242662, 31.885251852180357]}, "id": "3", "properties": {"classification": 1, "latitude": 31.885251852180357, "longitude": 73.51048717242662, "district": "Hafizabad"}}, {"type": "Feature", "geometry": {"geodesic": false, "type": "Point", "coordinates": [73.57067429646264, 31.85650576308853]}, "id": "4", "properties": {"classification": 1, "latitude": 31.85650576308853, "longitude": 73.57067429646264, "district": "Hafizabad"}}, {"type": "Feature", "geometry": {"geodesic": false, "type": "Point", "coordinates": [73.19787345355303, 32.003829469684135]}, "id": "5", "properties": {"classification": 1, "latitude": 32.003829469684135, "longitude": 73.19787345355303, "district": "Hafizabad"}}, {"type": "Feature", "geometry": {"geodesic": false, "type": "Point", "coordinates": [73.60750522311153, 32.263442586794675]}, "id": "6", "properties": {"classification": 1, "latitude": 32.263442586794675, "longitude": 73.60750522311153, "district": "Hafizabad"}}, {"type": "Feature", "geometry": {"geodesic": false, "type": "Point", "coordinates": [73.3757398798087, 31.773860756949535]}, "id": "7", "properties": {"classification": 1, "latitude": 31.773860756949535, "longitude": 73.3757398798087, "district": "Hafizabad"}}, {"type": "Feature", "geometry": {"geodesic": false, "type": "Point", "coordinates": [73.3020780265109, 31.915794571840422]}, "id": "8", "properties": {"classification": 1, "latitude": 31.915794571840422, "longitude": 73.3020780265109, "district": "Hafizabad"}}, {"type": "Feature", "geometry": {"geodesic": false, "type": "Point", "coordinates": [73.24009427190666, 31.815183260019033]}, "id": "9", "properties": {"classification": 1, "latitude": 31.815183260019033, "longitude": 73.24009427190666, "district": "Hafizabad"}}, {"type": "Feature", "geometry": {"geodesic": false, "type": "Point", "coordinates": [73.62008163708921, 32.04784691860599]}, "id": "10", "properties": {"classification": 1, "latitude": 32.04784691860599, "longitude": 73.62008163708921, "district": "Hafizabad"}}, {"type": "Feature", "geometry": {"geodesic": false, "type": "Point", "coordinates": [73.55001304492788, 32.20325546275867]}, "id": "11", "properties": {"classification": 1, "latitude": 32.20325546275867, "longitude": 73.55001304492788, "district": "Hafizabad"}}, {"type": "Feature", "geometry": {"geodesic": false, "type": "Point", "coordinates": [73.61738669123685, 32.16552622082565]}, "id": "12", "properties": {"classification": 1, "latitude": 32.16552622082565, "longitude": 73.61738669123685, "district": "Hafizabad"}}, {"type": "Feature", "geometry": {"geodesic": false, "type": "Point", "coordinates": [73.60660690782741, 31.982269902865266]}, "id": "13", "properties": {"classification": 1, "latitude": 31.982269902865266, "longitude": 73.60660690782741, "district": "Hafizabad"}}, {"type": "Feature", "geometry": {"geodesic": false, "type": "Point", "coordinates": [73.35597694355806, 31.773860756949535]}, "id": "14", "properties": {"classification": 1, "latitude": 31.773860756949535, "longitude": 73.35597694355806, "district": "Hafizabad"}}, {"type": "Feature", "geometry": {"geodesic": false, "type": "Point", "coordinates": [73.32723085446625, 31.813386629450797]}, "id": "15", "properties": {"classification": 1, "latitude": 31.813386629450797, "longitude": 73.32723085446625, "district": "Hafizabad"}}, {"type": "Feature", "geometry": {"geodesic": false, "type": "Point", "coordinates": [73.64523446504455, 32.209543669747504]}, "id": "16", "properties": {"classification": 1, "latitude": 32.209543669747504, "longitude": 73.64523446504455, "district": "Hafizabad"}}, {"type": "Feature", "geometry": {"geodesic": false, "type": "Point", "coordinates": [73.5185720099837, 32.14576328457502]}, "id": "17", "properties": {"classification": 1, "latitude": 32.14576328457502, "longitude": 73.5185720099837, "district": "Hafizabad"}}, {"type": "Feature", "geometry": {"geodesic": false, "type": "Point", "coordinates": [73.48443602918717, 32.01011767667297]}, "id": "18", "properties": {"classification": 1, "latitude": 32.01011767667297, "longitude": 73.48443602918717, "district": "Hafizabad"}}, {"type": "Feature", "geometry": {"geodesic": false, "type": "Point", "coordinates": [73.34609547543275, 31.97059180417171]}, "id": "19", "properties": {"classification": 1, "latitude": 31.97059180417171, "longitude": 73.34609547543275, "district": "Hafizabad"}}, {"type": "Feature", "geometry": {"geodesic": false, "type": "Point", "coordinates": [73.44131689554942, 31.931065931670453]}, "id": "20", "properties": {"classification": 1, "latitude": 31.931065931670453, "longitude": 73.44131689554942, "district": "Hafizabad"}}, {"type": "Feature", "geometry": {"geodesic": false, "type": "Point", "coordinates": [73.36316346583102, 32.00472778496825]}, "id": "21", "properties": {"classification": 1, "latitude": 32.00472778496825, "longitude": 73.36316346583102, "district": "Hafizabad"}}, {"type": "Feature", "geometry": {"geodesic": false, "type": "Point", "coordinates": [73.23919595662254, 31.90321815786275]}, "id": "22", "properties": {"classification": 1, "latitude": 31.90321815786275, "longitude": 73.23919595662254, "district": "Hafizabad"}}, {"type": "Feature", "geometry": {"geodesic": false, "type": "Point", "coordinates": [73.37753651037694, 31.82416641286023]}, "id": "23", "properties": {"classification": 1, "latitude": 31.82416641286023, "longitude": 73.37753651037694, "district": "Hafizabad"}}, {"type": "Feature", "geometry": {"geodesic": false, "type": "Point", "coordinates": [73.38651966321814, 32.003829469684135]}, "id": "24", "properties": {"classification": 1, "latitude": 32.003829469684135, "longitude": 73.38651966321814, "district": "Hafizabad"}}, {"type": "Feature", "geometry": {"geodesic": false, "type": "Point", "coordinates": [70.57928440034463, 31.42890768784764]}, "id": "0", "properties": {"classification": 1, "latitude": 31.42890768784764, "longitude": 70.57928440034463, "district": "Dera Ismail Khan"}}, {"type": "Feature", "geometry": {"geodesic": false, "type": "Point", "coordinates": [70.55682651824164, 32.03796545048068]}, "id": "1", "properties": {"classification": 1, "latitude": 32.03796545048068, "longitude": 70.55682651824164, "district": "Dera Ismail Khan"}}, {"type": "Feature", "geometry": {"geodesic": false, "type": "Point", "coordinates": [70.88920317336586, 32.08647447582313]}, "id": "2", "properties": {"classification": 1, "latitude": 32.08647447582313, "longitude": 70.88920317336586, "district": "Dera Ismail Khan"}}, {"type": "Feature", "geometry": {"geodesic": false, "type": "Point", "coordinates": [70.78230365455563, 31.272600828410845]}, "id": "3", "properties": {"classification": 1, "latitude": 31.272600828410845, "longitude": 70.78230365455563, "district": "Dera Ismail Khan"}}, {"type": "Feature", "geometry": {"geodesic": false, "type": "Point", "coordinates": [70.39962134352072, 31.979574957012908]}, "id": "4", "properties": {"classification": 1, "latitude": 31.979574957012908, "longitude": 70.39962134352072, "district": "Dera Ismail Khan"}}, {"type": "Feature", "geometry": {"geodesic": false, "type": "Point", "coordinates": [71.23774950360423, 32.3613589527637]}, "id": "5", "properties": {"classification": 1, "latitude": 32.3613589527637, "longitude": 71.23774950360423, "district": "Dera Ismail Khan"}}, {"type": "Feature", "geometry": {"geodesic": false, "type": "Point", "coordinates": [70.80655816722687, 31.574434763875004]}, "id": "6", "properties": {"classification": 1, "latitude": 31.574434763875004, "longitude": 70.80655816722687, "district": "Dera Ismail Khan"}}, {"type": "Feature", "geometry": {"geodesic": false, "type": "Point", "coordinates": [70.80565985194275, 31.330991321878614]}, "id": "7", "properties": {"classification": 1, "latitude": 31.330991321878614, "longitude": 70.80565985194275, "district": "Dera Ismail Khan"}}, {"type": "Feature", "geometry": {"geodesic": false, "type": "Point", "coordinates": [70.70145527898488, 31.855607447804413]}, "id": "8", "properties": {"classification": 1, "latitude": 31.855607447804413, "longitude": 70.70145527898488, "district": "Dera Ismail Khan"}}, {"type": "Feature", "geometry": {"geodesic": false, "type": "Point", "coordinates": [71.21349499093301, 32.32812128725128]}, "id": "9", "properties": {"classification": 1, "latitude": 32.32812128725128, "longitude": 71.21349499093301, "district": "Dera Ismail Khan"}}, {"type": "Feature", "geometry": {"geodesic": false, "type": "Point", "coordinates": [70.52358885272922, 31.43339926426824]}, "id": "10", "properties": {"classification": 1, "latitude": 31.43339926426824, "longitude": 70.52358885272922, "district": "Dera Ismail Khan"}}, {"type": "Feature", "geometry": {"geodesic": false, "type": "Point", "coordinates": [71.12456177780518, 32.12420371775615]}, "id": "11", "properties": {"classification": 1, "latitude": 32.12420371775615, "longitude": 71.12456177780518, "district": "Dera Ismail Khan"}}, {"type": "Feature", "geometry": {"geodesic": false, "type": "Point", "coordinates": [70.89369474978646, 31.987659794569982]}, "id": "12", "properties": {"classification": 1, "latitude": 31.987659794569982, "longitude": 70.89369474978646, "district": "Dera Ismail Khan"}}, {"type": "Feature", "geometry": {"geodesic": false, "type": "Point", "coordinates": [70.9233391541624, 31.99215137099058]}, "id": "13", "properties": {"classification": 1, "latitude": 31.99215137099058, "longitude": 70.9233391541624, "district": "Dera Ismail Khan"}}, {"type": "Feature", "geometry": {"geodesic": false, "type": "Point", "coordinates": [70.61252206585705, 32.05144017974247]}, "id": "14", "properties": {"classification": 1, "latitude": 32.05144017974247, "longitude": 70.61252206585705, "district": "Dera Ismail Khan"}}, {"type": "Feature", "geometry": {"geodesic": false, "type": "Point", "coordinates": [71.00867910615376, 31.84213271854262]}, "id": "15", "properties": {"classification": 1, "latitude": 31.84213271854262, "longitude": 71.00867910615376, "district": "Dera Ismail Khan"}}, {"type": "Feature", "geometry": {"geodesic": false, "type": "Point", "coordinates": [70.33943421948472, 31.99843957797942]}, "id": "16", "properties": {"classification": 1, "latitude": 31.99843957797942, "longitude": 70.33943421948472, "district": "Dera Ismail Khan"}}, {"type": "Feature", "geometry": {"geodesic": false, "type": "Point", "coordinates": [71.16318933502232, 32.240086389407566]}, "id": "17", "properties": {"classification": 1, "latitude": 32.240086389407566, "longitude": 71.16318933502232, "district": "Dera Ismail Khan"}}, {"type": "Feature", "geometry": {"geodesic": false, "type": "Point", "coordinates": [70.93052567643537, 31.816979890587273]}, "id": "18", "properties": {"classification": 1, "latitude": 31.816979890587273, "longitude": 70.93052567643537, "district": "Dera Ismail Khan"}}, {"type": "Feature", "geometry": {"geodesic": false, "type": "Point", "coordinates": [70.7805070239874, 31.78733548621133]}, "id": "19", "properties": {"classification": 1, "latitude": 31.78733548621133, "longitude": 70.7805070239874, "district": "Dera Ismail Khan"}}, {"type": "Feature", "geometry": {"geodesic": false, "type": "Point", "coordinates": [70.80655816722687, 31.868183861782086]}, "id": "20", "properties": {"classification": 1, "latitude": 31.868183861782086, "longitude": 70.80655816722687, "district": "Dera Ismail Khan"}}, {"type": "Feature", "geometry": {"geodesic": false, "type": "Point", "coordinates": [70.45801183698849, 31.379500347221068]}, "id": "21", "properties": {"classification": 1, "latitude": 31.379500347221068, "longitude": 70.45801183698849, "district": "Dera Ismail Khan"}}, {"type": "Feature", "geometry": {"geodesic": false, "type": "Point", "coordinates": [70.5181989610245, 31.945438976216366]}, "id": "22", "properties": {"classification": 1, "latitude": 31.945438976216366, "longitude": 70.5181989610245, "district": "Dera Ismail Khan"}}, {"type": "Feature", "geometry": {"geodesic": false, "type": "Point", "coordinates": [70.63857320909652, 31.71187700234529]}, "id": "23", "properties": {"classification": 1, "latitude": 31.71187700234529, "longitude": 70.63857320909652, "district": "Dera Ismail Khan"}}, {"type": "Feature", "geometry": {"geodesic": false, "type": "Point", "coordinates": [70.36728199329242, 31.940947399795768]}, "id": "24", "properties": {"classification": 1, "latitude": 31.940947399795768, "longitude": 70.36728199329242, "district": "Dera Ismail Khan"}}, {"type": "Feature", "geometry": {"geodesic": false, "type": "Point", "coordinates": [71.44166707309937, 34.2064985463452]}, "id": "0", "properties": {"classification": 1, "latitude": 34.2064985463452, "longitude": 71.44166707309937, "district": "Mohmand"}}, {"type": "Feature", "geometry": {"geodesic": false, "type": "Point", "coordinates": [71.26469896212782, 34.50204427482053]}, "id": "1", "properties": {"classification": 1, "latitude": 34.50204427482053, "longitude": 71.26469896212782, "district": "Mohmand"}}, {"type": "Feature", "geometry": {"geodesic": false, "type": "Point", "coordinates": [71.38956478662044, 34.589180857380114]}, "id": "2", "properties": {"classification": 1, "latitude": 34.589180857380114, "longitude": 71.38956478662044, "district": "Mohmand"}}, {"type": "Feature", "geometry": {"geodesic": false, "type": "Point", "coordinates": [71.14612134462405, 34.46970492459222]}, "id": "3", "properties": {"classification": 1, "latitude": 34.46970492459222, "longitude": 71.14612134462405, "district": "Mohmand"}}, {"type": "Feature", "geometry": {"geodesic": false, "type": "Point", "coordinates": [71.5674312128761, 34.27387219265417]}, "id": "4", "properties": {"classification": 1, "latitude": 34.27387219265417, "longitude": 71.5674312128761, "district": "Mohmand"}}, {"type": "Feature", "geometry": {"geodesic": false, "type": "Point", "coordinates": [71.25841075513898, 34.41311106169269]}, "id": "5", "properties": {"classification": 1, "latitude": 34.41311106169269, "longitude": 71.25841075513898, "district": "Mohmand"}}, {"type": "Feature", "geometry": {"geodesic": false, "type": "Point", "coordinates": [71.60695708537736, 34.40861948527209]}, "id": "6", "properties": {"classification": 1, "latitude": 34.40861948527209, "longitude": 71.60695708537736, "district": "Mohmand"}}, {"type": "Feature", "geometry": {"geodesic": false, "type": "Point", "coordinates": [71.47041316219119, 34.1651760432757]}, "id": "7", "properties": {"classification": 1, "latitude": 34.1651760432757, "longitude": 71.47041316219119, "district": "Mohmand"}}, {"type": "Feature", "geometry": {"geodesic": false, "type": "Point", "coordinates": [71.41202266872342, 34.181345718389856]}, "id": "8", "properties": {"classification": 1, "latitude": 34.181345718389856, "longitude": 71.41202266872342, "district": "Mohmand"}}, {"type": "Feature", "geometry": {"geodesic": false, "type": "Point", "coordinates": [71.45424348707704, 34.127446801342685]}, "id": "9", "properties": {"classification": 1, "latitude": 34.127446801342685, "longitude": 71.45424348707704, "district": "Mohmand"}}, {"type": "Feature", "geometry": {"geodesic": false, "type": "Point", "coordinates": [71.31859787917499, 34.51372237351408]}, "id": "10", "properties": {"classification": 1, "latitude": 34.51372237351408, "longitude": 71.31859787917499, "district": "Mohmand"}}, {"type": "Feature", "geometry": {"geodesic": false, "type": "Point", "coordinates": [71.50365082770361, 34.2064985463452]}, "id": "11", "properties": {"classification": 1, "latitude": 34.2064985463452, "longitude": 71.50365082770361, "district": "Mohmand"}}, {"type": "Feature", "geometry": {"geodesic": false, "type": "Point", "coordinates": [71.61234697708208, 34.390653179589705]}, "id": "12", "properties": {"classification": 1, "latitude": 34.390653179589705, "longitude": 71.61234697708208, "district": "Mohmand"}}, {"type": "Feature", "geometry": {"geodesic": false, "type": "Point", "coordinates": [71.56563458230787, 34.26488903981297]}, "id": "13", "properties": {"classification": 1, "latitude": 34.26488903981297, "longitude": 71.56563458230787, "district": "Mohmand"}}, {"type": "Feature", "geometry": {"geodesic": false, "type": "Point", "coordinates": [71.30781809576555, 34.46700997873986]}, "id": "14", "properties": {"classification": 1, "latitude": 34.46700997873986, "longitude": 71.30781809576555, "district": "Mohmand"}}, {"type": "Feature", "geometry": {"geodesic": false, "type": "Point", "coordinates": [71.56383795173963, 34.30351659703011]}, "id": "15", "properties": {"classification": 1, "latitude": 34.30351659703011, "longitude": 71.56383795173963, "district": "Mohmand"}}, {"type": "Feature", "geometry": {"geodesic": false, "type": "Point", "coordinates": [71.41920919099638, 34.147209737593315]}, "id": "16", "properties": {"classification": 1, "latitude": 34.147209737593315, "longitude": 71.41920919099638, "district": "Mohmand"}}, {"type": "Feature", "geometry": {"geodesic": false, "type": "Point", "coordinates": [71.65097453429922, 34.37448350447555]}, "id": "17", "properties": {"classification": 1, "latitude": 34.37448350447555, "longitude": 71.65097453429922, "district": "Mohmand"}}, {"type": "Feature", "geometry": {"geodesic": false, "type": "Point", "coordinates": [71.66534757884513, 34.36550035163435]}, "id": "18", "properties": {"classification": 1, "latitude": 34.36550035163435, "longitude": 71.66534757884513, "district": "Mohmand"}}, {"type": "Feature", "geometry": {"geodesic": false, "type": "Point", "coordinates": [71.41651424514403, 34.14451479174095]}, "id": "19", "properties": {"classification": 1, "latitude": 34.14451479174095, "longitude": 71.41651424514403, "district": "Mohmand"}}, {"type": "Feature", "geometry": {"geodesic": false, "type": "Point", "coordinates": [71.27458043025314, 34.57390949755008]}, "id": "20", "properties": {"classification": 1, "latitude": 34.57390949755008, "longitude": 71.27458043025314, "district": "Mohmand"}}, {"type": "Feature", "geometry": {"geodesic": false, "type": "Point", "coordinates": [71.51173566526069, 34.22805811316407]}, "id": "21", "properties": {"classification": 1, "latitude": 34.22805811316407, "longitude": 71.51173566526069, "district": "Mohmand"}}, {"type": "Feature", "geometry": {"geodesic": false, "type": "Point", "coordinates": [71.6455846425945, 34.36999192805495]}, "id": "22", "properties": {"classification": 1, "latitude": 34.36999192805495, "longitude": 71.6455846425945, "district": "Mohmand"}}, {"type": "Feature", "geometry": {"geodesic": false, "type": "Point", "coordinates": [71.3051231499132, 34.505637535957]}, "id": "23", "properties": {"classification": 1, "latitude": 34.505637535957, "longitude": 71.3051231499132, "district": "Mohmand"}}, {"type": "Feature", "geometry": {"geodesic": false, "type": "Point", "coordinates": [71.47939631503239, 34.158887836286866]}, "id": "24", "properties": {"classification": 1, "latitude": 34.158887836286866, "longitude": 71.47939631503239, "district": "Mohmand"}}, {"type": "Feature", "geometry": {"geodesic": false, "type": "Point", "coordinates": [70.36997693914478, 32.305663405148294]}, "id": "0", "properties": {"classification": 1, "latitude": 32.305663405148294, "longitude": 70.36997693914478, "district": "South Waziristan"}}, {"type": "Feature", "geometry": {"geodesic": false, "type": "Point", "coordinates": [70.32326454437056, 32.279612261908824]}, "id": "1", "properties": {"classification": 1, "latitude": 32.279612261908824, "longitude": 70.32326454437056, "district": "South Waziristan"}}, {"type": "Feature", "geometry": {"geodesic": false, "type": "Point", "coordinates": [70.03580365345232, 32.510479289927545]}, "id": "2", "properties": {"classification": 1, "latitude": 32.510479289927545, "longitude": 70.03580365345232, "district": "South Waziristan"}}, {"type": "Feature", "geometry": {"geodesic": false, "type": "Point", "coordinates": [69.55520497644838, 32.25715437980584]}, "id": "3", "properties": {"classification": 1, "latitude": 32.25715437980584, "longitude": 69.55520497644838, "district": "South Waziristan"}}, {"type": "Feature", "geometry": {"geodesic": false, "type": "Point", "coordinates": [70.14719474868313, 32.33890107066072]}, "id": "4", "properties": {"classification": 1, "latitude": 32.33890107066072, "longitude": 70.14719474868313, "district": "South Waziristan"}}, {"type": "Feature", "geometry": {"geodesic": false, "type": "Point", "coordinates": [69.71061352060104, 32.12420371775615]}, "id": "5", "properties": {"classification": 1, "latitude": 32.12420371775615, "longitude": 69.71061352060104, "district": "South Waziristan"}}, {"type": "Feature", "geometry": {"geodesic": false, "type": "Point", "coordinates": [70.07982110237417, 32.375731997309614]}, "id": "6", "properties": {"classification": 1, "latitude": 32.375731997309614, "longitude": 70.07982110237417, "district": "South Waziristan"}}, {"type": "Feature", "geometry": {"geodesic": false, "type": "Point", "coordinates": [69.52196731093595, 32.26523921736292]}, "id": "7", "properties": {"classification": 1, "latitude": 32.26523921736292, "longitude": 69.52196731093595, "district": "South Waziristan"}}, {"type": "Feature", "geometry": {"geodesic": false, "type": "Point", "coordinates": [69.48513638428705, 32.23649312827109]}, "id": "8", "properties": {"classification": 1, "latitude": 32.23649312827109, "longitude": 69.48513638428705, "district": "South Waziristan"}}, {"type": "Feature", "geometry": {"geodesic": false, "type": "Point", "coordinates": [69.73307140270404, 32.135881816449704]}, "id": "9", "properties": {"classification": 1, "latitude": 32.135881816449704, "longitude": 69.73307140270404, "district": "South Waziristan"}}, {"type": "Feature", "geometry": {"geodesic": false, "type": "Point", "coordinates": [69.48603469957116, 32.317341503841845]}, "id": "10", "properties": {"classification": 1, "latitude": 32.317341503841845, "longitude": 69.48603469957116, "district": "South Waziristan"}}, {"type": "Feature", "geometry": {"geodesic": false, "type": "Point", "coordinates": [69.71151183588518, 32.12510203304027]}, "id": "11", "properties": {"classification": 1, "latitude": 32.12510203304027, "longitude": 69.71151183588518, "district": "South Waziristan"}}, {"type": "Feature", "geometry": {"geodesic": false, "type": "Point", "coordinates": [70.11755034430719, 32.147559915143255]}, "id": "12", "properties": {"classification": 1, "latitude": 32.147559915143255, "longitude": 70.11755034430719, "district": "South Waziristan"}}, {"type": "Feature", "geometry": {"geodesic": false, "type": "Point", "coordinates": [69.55251003059601, 32.231103236566376]}, "id": "13", "properties": {"classification": 1, "latitude": 32.231103236566376, "longitude": 69.55251003059601, "district": "South Waziristan"}}, {"type": "Feature", "geometry": {"geodesic": false, "type": "Point", "coordinates": [69.70252868304398, 32.186187472360395]}, "id": "14", "properties": {"classification": 1, "latitude": 32.186187472360395, "longitude": 69.70252868304398, "district": "South Waziristan"}}, {"type": "Feature", "geometry": {"geodesic": false, "type": "Point", "coordinates": [69.98729462810986, 32.54820853186057]}, "id": "15", "properties": {"classification": 1, "latitude": 32.54820853186057, "longitude": 69.98729462810986, "district": "South Waziristan"}}, {"type": "Feature", "geometry": {"geodesic": false, "type": "Point", "coordinates": [69.42944083667165, 31.93465919280693]}, "id": "16", "properties": {"classification": 1, "latitude": 31.93465919280693, "longitude": 69.42944083667165, "district": "South Waziristan"}}, {"type": "Feature", "geometry": {"geodesic": false, "type": "Point", "coordinates": [70.48406298022796, 32.45119048117566]}, "id": "17", "properties": {"classification": 1, "latitude": 32.45119048117566, "longitude": 70.48406298022796, "district": "South Waziristan"}}, {"type": "Feature", "geometry": {"geodesic": false, "type": "Point", "coordinates": [70.34482411118944, 32.31105329685301]}, "id": "18", "properties": {"classification": 1, "latitude": 32.31105329685301, "longitude": 70.34482411118944, "district": "South Waziristan"}}, {"type": "Feature", "geometry": {"geodesic": false, "type": "Point", "coordinates": [70.34841737232591, 32.47454667856276]}, "id": "19", "properties": {"classification": 1, "latitude": 32.47454667856276, "longitude": 70.34841737232591, "district": "South Waziristan"}}, {"type": "Feature", "geometry": {"geodesic": false, "type": "Point", "coordinates": [69.6621044952586, 32.04784691860599]}, "id": "20", "properties": {"classification": 1, "latitude": 32.04784691860599, "longitude": 69.6621044952586, "district": "South Waziristan"}}, {"type": "Feature", "geometry": {"geodesic": false, "type": "Point", "coordinates": [70.39423145181601, 32.47005510214217]}, "id": "21", "properties": {"classification": 1, "latitude": 32.47005510214217, "longitude": 70.39423145181601, "district": "South Waziristan"}}, {"type": "Feature", "geometry": {"geodesic": false, "type": "Point", "coordinates": [70.45891015227261, 32.45747868816449]}, "id": "22", "properties": {"classification": 1, "latitude": 32.45747868816449, "longitude": 70.45891015227261, "district": "South Waziristan"}}, {"type": "Feature", "geometry": {"geodesic": false, "type": "Point", "coordinates": [69.34859246110088, 32.03167724349184]}, "id": "23", "properties": {"classification": 1, "latitude": 32.03167724349184, "longitude": 69.34859246110088, "district": "South Waziristan"}}, {"type": "Feature", "geometry": {"geodesic": false, "type": "Point", "coordinates": [69.47705154672998, 32.32362971083069]}, "id": "24", "properties": {"classification": 1, "latitude": 32.32362971083069, "longitude": 69.47705154672998, "district": "South Waziristan"}}, {"type": "Feature", "geometry": {"geodesic": false, "type": "Point", "coordinates": [70.22714480896977, 32.96772176954438]}, "id": "0", "properties": {"classification": 1, "latitude": 32.96772176954438, "longitude": 70.22714480896977, "district": "North Waziristan"}}, {"type": "Feature", "geometry": {"geodesic": false, "type": "Point", "coordinates": [70.68887886500721, 32.975806607101454]}, "id": "1", "properties": {"classification": 1, "latitude": 32.975806607101454, "longitude": 70.68887886500721, "district": "North Waziristan"}}, {"type": "Feature", "geometry": {"geodesic": false, "type": "Point", "coordinates": [70.5137073846039, 33.207571950404294]}, "id": "2", "properties": {"classification": 1, "latitude": 33.207571950404294, "longitude": 70.5137073846039, "district": "North Waziristan"}}, {"type": "Feature", "geometry": {"geodesic": false, "type": "Point", "coordinates": [70.57569113920815, 32.994671228067965]}, "id": "3", "properties": {"classification": 1, "latitude": 32.994671228067965, "longitude": 70.57569113920815, "district": "North Waziristan"}}, {"type": "Feature", "geometry": {"geodesic": false, "type": "Point", "coordinates": [70.64036983966476, 32.994671228067965]}, "id": "4", "properties": {"classification": 1, "latitude": 32.994671228067965, "longitude": 70.64036983966476, "district": "North Waziristan"}}, {"type": "Feature", "geometry": {"geodesic": false, "type": "Point", "coordinates": [70.5181989610245, 32.956043670850825]}, "id": "5", "properties": {"classification": 1, "latitude": 32.956043670850825, "longitude": 70.5181989610245, "district": "North Waziristan"}}, {"type": "Feature", "geometry": {"geodesic": false, "type": "Point", "coordinates": [70.0070575643605, 32.98389144465853]}, "id": "6", "properties": {"classification": 1, "latitude": 32.98389144465853, "longitude": 70.0070575643605, "district": "North Waziristan"}}, {"type": "Feature", "geometry": {"geodesic": false, "type": "Point", "coordinates": [70.7481676737591, 33.05934992852457]}, "id": "7", "properties": {"classification": 1, "latitude": 33.05934992852457, "longitude": 70.7481676737591, "district": "North Waziristan"}}, {"type": "Feature", "geometry": {"geodesic": false, "type": "Point", "coordinates": [70.50652086233094, 33.21475847267725]}, "id": "8", "properties": {"classification": 1, "latitude": 33.21475847267725, "longitude": 70.50652086233094, "district": "North Waziristan"}}, {"type": "Feature", "geometry": {"geodesic": false, "type": "Point", "coordinates": [70.27116225789163, 32.97041671539674]}, "id": "9", "properties": {"classification": 1, "latitude": 32.97041671539674, "longitude": 70.27116225789163, "district": "North Waziristan"}}, {"type": "Feature", "geometry": {"geodesic": false, "type": "Point", "coordinates": [70.48316466494384, 32.94885714857787]}, "id": "10", "properties": {"classification": 1, "latitude": 32.94885714857787, "longitude": 70.48316466494384, "district": "North Waziristan"}}, {"type": "Feature", "geometry": {"geodesic": false, "type": "Point", "coordinates": [70.04658343686175, 33.106960638582905]}, "id": "11", "properties": {"classification": 1, "latitude": 33.106960638582905, "longitude": 70.04658343686175, "district": "North Waziristan"}}, {"type": "Feature", "geometry": {"geodesic": false, "type": "Point", "coordinates": [70.18941556703676, 32.97670492238558]}, "id": "12", "properties": {"classification": 1, "latitude": 32.97670492238558, "longitude": 70.18941556703676, "district": "North Waziristan"}}, {"type": "Feature", "geometry": {"geodesic": false, "type": "Point", "coordinates": [70.48316466494384, 32.94256894158904]}, "id": "13", "properties": {"classification": 1, "latitude": 32.94256894158904, "longitude": 70.48316466494384, "district": "North Waziristan"}}, {"type": "Feature", "geometry": {"geodesic": false, "type": "Point", "coordinates": [70.25858584391396, 32.94706051800963]}, "id": "14", "properties": {"classification": 1, "latitude": 32.94706051800963, "longitude": 70.25858584391396, "district": "North Waziristan"}}, {"type": "Feature", "geometry": {"geodesic": false, "type": "Point", "coordinates": [70.19750040459382, 32.96502682369202]}, "id": "15", "properties": {"classification": 1, "latitude": 32.96502682369202, "longitude": 70.19750040459382, "district": "North Waziristan"}}, {"type": "Feature", "geometry": {"geodesic": false, "type": "Point", "coordinates": [70.26846731203928, 32.927297581759]}, "id": "16", "properties": {"classification": 1, "latitude": 32.927297581759, "longitude": 70.26846731203928, "district": "North Waziristan"}}, {"type": "Feature", "geometry": {"geodesic": false, "type": "Point", "coordinates": [69.83907260623015, 32.64073500612488]}, "id": "17", "properties": {"classification": 1, "latitude": 32.64073500612488, "longitude": 69.83907260623015, "district": "North Waziristan"}}, {"type": "Feature", "geometry": {"geodesic": false, "type": "Point", "coordinates": [70.49753770948975, 33.2587759215991]}, "id": "18", "properties": {"classification": 1, "latitude": 33.2587759215991, "longitude": 70.49753770948975, "district": "North Waziristan"}}, {"type": "Feature", "geometry": {"geodesic": false, "type": "Point", "coordinates": [70.08431267879477, 33.00814595732976]}, "id": "19", "properties": {"classification": 1, "latitude": 33.00814595732976, "longitude": 70.08431267879477, "district": "North Waziristan"}}, {"type": "Feature", "geometry": {"geodesic": false, "type": "Point", "coordinates": [70.7113367471102, 32.998264489204445]}, "id": "20", "properties": {"classification": 1, "latitude": 32.998264489204445, "longitude": 70.7113367471102, "district": "North Waziristan"}}, {"type": "Feature", "geometry": {"geodesic": false, "type": "Point", "coordinates": [70.85506719256932, 33.075519603638725]}, "id": "21", "properties": {"classification": 1, "latitude": 33.075519603638725, "longitude": 70.85506719256932, "district": "North Waziristan"}}, {"type": "Feature", "geometry": {"geodesic": false, "type": "Point", "coordinates": [70.19570377402559, 32.978501552953816]}, "id": "22", "properties": {"classification": 1, "latitude": 32.978501552953816, "longitude": 70.19570377402559, "district": "North Waziristan"}}, {"type": "Feature", "geometry": {"geodesic": false, "type": "Point", "coordinates": [70.61701364227764, 33.001857750340925]}, "id": "23", "properties": {"classification": 1, "latitude": 33.001857750340925, "longitude": 70.61701364227764, "district": "North Waziristan"}}, {"type": "Feature", "geometry": {"geodesic": false, "type": "Point", "coordinates": [70.54245347369573, 33.017129110170956]}, "id": "24", "properties": {"classification": 1, "latitude": 33.017129110170956, "longitude": 70.54245347369573, "district": "North Waziristan"}}, {"type": "Feature", "geometry": {"geodesic": false, "type": "Point", "coordinates": [70.3151797068135, 33.61181382825808]}, "id": "0", "properties": {"classification": 1, "latitude": 33.61181382825808, "longitude": 70.3151797068135, "district": "Kurram"}}, {"type": "Feature", "geometry": {"geodesic": false, "type": "Point", "coordinates": [70.02682050061112, 33.90646124144928]}, "id": "1", "properties": {"classification": 1, "latitude": 33.90646124144928, "longitude": 70.02682050061112, "district": "Kurram"}}, {"type": "Feature", "geometry": {"geodesic": false, "type": "Point", "coordinates": [70.35021400289415, 33.710628509511224]}, "id": "2", "properties": {"classification": 1, "latitude": 33.710628509511224, "longitude": 70.35021400289415, "district": "Kurram"}}, {"type": "Feature", "geometry": {"geodesic": false, "type": "Point", "coordinates": [70.0304137617476, 33.82112128945793]}, "id": "3", "properties": {"classification": 1, "latitude": 33.82112128945793, "longitude": 70.0304137617476, "district": "Kurram"}}, {"type": "Feature", "geometry": {"geodesic": false, "type": "Point", "coordinates": [70.02412555475877, 33.91095281786988]}, "id": "4", "properties": {"classification": 1, "latitude": 33.91095281786988, "longitude": 70.02412555475877, "district": "Kurram"}}, {"type": "Feature", "geometry": {"geodesic": false, "type": "Point", "coordinates": [70.5640130405146, 33.47976148149251]}, "id": "5", "properties": {"classification": 1, "latitude": 33.47976148149251, "longitude": 70.5640130405146, "district": "Kurram"}}, {"type": "Feature", "geometry": {"geodesic": false, "type": "Point", "coordinates": [70.30799318454054, 33.56779637933622]}, "id": "6", "properties": {"classification": 1, "latitude": 33.56779637933622, "longitude": 70.30799318454054, "district": "Kurram"}}, {"type": "Feature", "geometry": {"geodesic": false, "type": "Point", "coordinates": [70.14000822641019, 33.85885053139095]}, "id": "7", "properties": {"classification": 1, "latitude": 33.85885053139095, "longitude": 70.14000822641019, "district": "Kurram"}}, {"type": "Feature", "geometry": {"geodesic": false, "type": "Point", "coordinates": [70.21636502556034, 33.562406487631506]}, "id": "8", "properties": {"classification": 1, "latitude": 33.562406487631506, "longitude": 70.21636502556034, "district": "Kurram"}}, {"type": "Feature", "geometry": {"geodesic": false, "type": "Point", "coordinates": [70.16516105436553, 33.86693536894802]}, "id": "9", "properties": {"classification": 1, "latitude": 33.86693536894802, "longitude": 70.16516105436553, "district": "Kurram"}}, {"type": "Feature", "geometry": {"geodesic": false, "type": "Point", "coordinates": [70.16695768493376, 33.84357917156091]}, "id": "10", "properties": {"classification": 1, "latitude": 33.84357917156091, "longitude": 70.16695768493376, "district": "Kurram"}}, {"type": "Feature", "geometry": {"geodesic": false, "type": "Point", "coordinates": [70.05107501328234, 33.911851133153995]}, "id": "11", "properties": {"classification": 1, "latitude": 33.911851133153995, "longitude": 70.05107501328234, "district": "Kurram"}}, {"type": "Feature", "geometry": {"geodesic": false, "type": "Point", "coordinates": [70.17504252249084, 33.85166400911799]}, "id": "12", "properties": {"classification": 1, "latitude": 33.85166400911799, "longitude": 70.17504252249084, "district": "Kurram"}}, {"type": "Feature", "geometry": {"geodesic": false, "type": "Point", "coordinates": [70.6331833173918, 33.40250636705823]}, "id": "13", "properties": {"classification": 1, "latitude": 33.40250636705823, "longitude": 70.6331833173918, "district": "Kurram"}}, {"type": "Feature", "geometry": {"geodesic": false, "type": "Point", "coordinates": [70.65114962307419, 33.411489519899426]}, "id": "14", "properties": {"classification": 1, "latitude": 33.411489519899426, "longitude": 70.65114962307419, "district": "Kurram"}}, {"type": "Feature", "geometry": {"geodesic": false, "type": "Point", "coordinates": [70.05197332856648, 33.938800591677584]}, "id": "15", "properties": {"classification": 1, "latitude": 33.938800591677584, "longitude": 70.05197332856648, "district": "Kurram"}}, {"type": "Feature", "geometry": {"geodesic": false, "type": "Point", "coordinates": [70.12383855129603, 33.85435895497035]}, "id": "16", "properties": {"classification": 1, "latitude": 33.85435895497035, "longitude": 70.12383855129603, "district": "Kurram"}}, {"type": "Feature", "geometry": {"geodesic": false, "type": "Point", "coordinates": [70.05197332856648, 33.930715754120506]}, "id": "17", "properties": {"classification": 1, "latitude": 33.930715754120506, "longitude": 70.05197332856648, "district": "Kurram"}}, {"type": "Feature", "geometry": {"geodesic": false, "type": "Point", "coordinates": [70.3061965539723, 33.62169529638339]}, "id": "18", "properties": {"classification": 1, "latitude": 33.62169529638339, "longitude": 70.3061965539723, "district": "Kurram"}}, {"type": "Feature", "geometry": {"geodesic": false, "type": "Point", "coordinates": [70.11216045260248, 33.819324658889684]}, "id": "19", "properties": {"classification": 1, "latitude": 33.819324658889684, "longitude": 70.11216045260248, "district": "Kurram"}}, {"type": "Feature", "geometry": {"geodesic": false, "type": "Point", "coordinates": [70.64755636193772, 33.405201312910584]}, "id": "20", "properties": {"classification": 1, "latitude": 33.405201312910584, "longitude": 70.64755636193772, "district": "Kurram"}}, {"type": "Feature", "geometry": {"geodesic": false, "type": "Point", "coordinates": [69.88129342458376, 33.899274719176326]}, "id": "21", "properties": {"classification": 1, "latitude": 33.899274719176326, "longitude": 69.88129342458376, "district": "Kurram"}}, {"type": "Feature", "geometry": {"geodesic": false, "type": "Point", "coordinates": [70.15977116266082, 33.819324658889684]}, "id": "22", "properties": {"classification": 1, "latitude": 33.819324658889684, "longitude": 70.15977116266082, "district": "Kurram"}}, {"type": "Feature", "geometry": {"geodesic": false, "type": "Point", "coordinates": [70.72840473750847, 33.43215077143417]}, "id": "23", "properties": {"classification": 1, "latitude": 33.43215077143417, "longitude": 70.72840473750847, "district": "Kurram"}}, {"type": "Feature", "geometry": {"geodesic": false, "type": "Point", "coordinates": [70.18043241419556, 33.88939325105101]}, "id": "24", "properties": {"classification": 1, "latitude": 33.88939325105101, "longitude": 70.18043241419556, "district": "Kurram"}}, {"type": "Feature", "geometry": {"geodesic": false, "type": "Point", "coordinates": [71.00059426859669, 33.78518867809314]}, "id": "0", "properties": {"classification": 1, "latitude": 33.78518867809314, "longitude": 71.00059426859669, "district": "Orakzai"}}, {"type": "Feature", "geometry": {"geodesic": false, "type": "Point", "coordinates": [71.03652687996147, 33.521083984562004]}, "id": "1", "properties": {"classification": 1, "latitude": 33.521083984562004, "longitude": 71.03652687996147, "district": "Orakzai"}}, {"type": "Feature", "geometry": {"geodesic": false, "type": "Point", "coordinates": [71.58899077969497, 33.528270506834964]}, "id": "2", "properties": {"classification": 1, "latitude": 33.528270506834964, "longitude": 71.58899077969497, "district": "Orakzai"}}, {"type": "Feature", "geometry": {"geodesic": false, "type": "Point", "coordinates": [71.61953349935503, 33.49233789547018]}, "id": "3", "properties": {"classification": 1, "latitude": 33.49233789547018, "longitude": 71.61953349935503, "district": "Orakzai"}}, {"type": "Feature", "geometry": {"geodesic": false, "type": "Point", "coordinates": [70.93142399171948, 33.73039144576185]}, "id": "4", "properties": {"classification": 1, "latitude": 33.73039144576185, "longitude": 70.93142399171948, "district": "Orakzai"}}, {"type": "Feature", "geometry": {"geodesic": false, "type": "Point", "coordinates": [71.3742934267904, 33.61091551297396]}, "id": "5", "properties": {"classification": 1, "latitude": 33.61091551297396, "longitude": 71.3742934267904, "district": "Orakzai"}}, {"type": "Feature", "geometry": {"geodesic": false, "type": "Point", "coordinates": [71.6222284452074, 33.49413452603842]}, "id": "6", "properties": {"classification": 1, "latitude": 33.49413452603842, "longitude": 71.6222284452074, "district": "Orakzai"}}, {"type": "Feature", "geometry": {"geodesic": false, "type": "Point", "coordinates": [71.04371340223442, 33.493236210754304]}, "id": "7", "properties": {"classification": 1, "latitude": 33.493236210754304, "longitude": 71.04371340223442, "district": "Orakzai"}}, {"type": "Feature", "geometry": {"geodesic": false, "type": "Point", "coordinates": [71.29703831235612, 33.601034044848646]}, "id": "8", "properties": {"classification": 1, "latitude": 33.601034044848646, "longitude": 71.29703831235612, "district": "Orakzai"}}, {"type": "Feature", "geometry": {"geodesic": false, "type": "Point", "coordinates": [70.95657681967482, 33.74206954445541]}, "id": "9", "properties": {"classification": 1, "latitude": 33.74206954445541, "longitude": 70.95657681967482, "district": "Orakzai"}}, {"type": "Feature", "geometry": {"geodesic": false, "type": "Point", "coordinates": [71.14252808348756, 33.77530720996783]}, "id": "10", "properties": {"classification": 1, "latitude": 33.77530720996783, "longitude": 71.14252808348756, "district": "Orakzai"}}, {"type": "Feature", "geometry": {"geodesic": false, "type": "Point", "coordinates": [71.59258404083145, 33.51569409285729]}, "id": "11", "properties": {"classification": 1, "latitude": 33.51569409285729, "longitude": 71.59258404083145, "district": "Orakzai"}}, {"type": "Feature", "geometry": {"geodesic": false, "type": "Point", "coordinates": [71.2682922232643, 33.61900035053103]}, "id": "12", "properties": {"classification": 1, "latitude": 33.61900035053103, "longitude": 71.2682922232643, "district": "Orakzai"}}, {"type": "Feature", "geometry": {"geodesic": false, "type": "Point", "coordinates": [71.09222242757687, 33.54174523609675]}, "id": "13", "properties": {"classification": 1, "latitude": 33.54174523609675, "longitude": 71.09222242757687, "district": "Orakzai"}}, {"type": "Feature", "geometry": {"geodesic": false, "type": "Point", "coordinates": [71.63031328276446, 33.516592408141406]}, "id": "14", "properties": {"classification": 1, "latitude": 33.516592408141406, "longitude": 71.63031328276446, "district": "Orakzai"}}, {"type": "Feature", "geometry": {"geodesic": false, "type": "Point", "coordinates": [70.95747513495894, 33.76183248070604]}, "id": "15", "properties": {"classification": 1, "latitude": 33.76183248070604, "longitude": 70.95747513495894, "district": "Orakzai"}}, {"type": "Feature", "geometry": {"geodesic": false, "type": "Point", "coordinates": [71.01317068257435, 33.477964850924266]}, "id": "16", "properties": {"classification": 1, "latitude": 33.477964850924266, "longitude": 71.01317068257435, "district": "Orakzai"}}, {"type": "Feature", "geometry": {"geodesic": false, "type": "Point", "coordinates": [71.69678861378931, 33.50581262473197]}, "id": "17", "properties": {"classification": 1, "latitude": 33.50581262473197, "longitude": 71.69678861378931, "district": "Orakzai"}}, {"type": "Feature", "geometry": {"geodesic": false, "type": "Point", "coordinates": [71.13264661536225, 33.58666100030273]}, "id": "18", "properties": {"classification": 1, "latitude": 33.58666100030273, "longitude": 71.13264661536225, "district": "Orakzai"}}, {"type": "Feature", "geometry": {"geodesic": false, "type": "Point", "coordinates": [71.68960209151636, 33.49054126490194]}, "id": "19", "properties": {"classification": 1, "latitude": 33.49054126490194, "longitude": 71.68960209151636, "district": "Orakzai"}}, {"type": "Feature", "geometry": {"geodesic": false, "type": "Point", "coordinates": [71.03113698825675, 33.49054126490194]}, "id": "20", "properties": {"classification": 1, "latitude": 33.49054126490194, "longitude": 71.03113698825675, "district": "Orakzai"}}, {"type": "Feature", "geometry": {"geodesic": false, "type": "Point", "coordinates": [71.49736262071478, 33.687272312124115]}, "id": "21", "properties": {"classification": 1, "latitude": 33.687272312124115, "longitude": 71.49736262071478, "district": "Orakzai"}}, {"type": "Feature", "geometry": {"geodesic": false, "type": "Point", "coordinates": [71.67433073168633, 33.57588121689329]}, "id": "22", "properties": {"classification": 1, "latitude": 33.57588121689329, "longitude": 71.67433073168633, "district": "Orakzai"}}, {"type": "Feature", "geometry": {"geodesic": false, "type": "Point", "coordinates": [71.296139997072, 33.62169529638339]}, "id": "23", "properties": {"classification": 1, "latitude": 33.62169529638339, "longitude": 71.296139997072, "district": "Orakzai"}}, {"type": "Feature", "geometry": {"geodesic": false, "type": "Point", "coordinates": [71.09581568871336, 33.536355344392035]}, "id": "24", "properties": {"classification": 1, "latitude": 33.536355344392035, "longitude": 71.09581568871336, "district": "Orakzai"}}, {"type": "Feature", "geometry": {"geodesic": false, "type": "Point", "coordinates": [71.36081869752861, 33.88939325105101]}, "id": "0", "properties": {"classification": 1, "latitude": 33.88939325105101, "longitude": 71.36081869752861, "district": "Khyber"}}, {"type": "Feature", "geometry": {"geodesic": false, "type": "Point", "coordinates": [71.49915925128302, 33.75015438201248]}, "id": "1", "properties": {"classification": 1, "latitude": 33.75015438201248, "longitude": 71.49915925128302, "district": "Khyber"}}, {"type": "Feature", "geometry": {"geodesic": false, "type": "Point", "coordinates": [70.70864180125784, 33.80405329905965]}, "id": "2", "properties": {"classification": 1, "latitude": 33.80405329905965, "longitude": 70.70864180125784, "district": "Khyber"}}, {"type": "Feature", "geometry": {"geodesic": false, "type": "Point", "coordinates": [70.6655226676201, 33.814833082469086]}, "id": "3", "properties": {"classification": 1, "latitude": 33.814833082469086, "longitude": 70.6655226676201, "district": "Khyber"}}, {"type": "Feature", "geometry": {"geodesic": false, "type": "Point", "coordinates": [71.4111243534393, 33.8795117829257]}, "id": "4", "properties": {"classification": 1, "latitude": 33.8795117829257, "longitude": 71.4111243534393, "district": "Khyber"}}, {"type": "Feature", "geometry": {"geodesic": false, "type": "Point", "coordinates": [70.85686382313756, 33.7321880763301]}, "id": "5", "properties": {"classification": 1, "latitude": 33.7321880763301, "longitude": 70.85686382313756, "district": "Khyber"}}, {"type": "Feature", "geometry": {"geodesic": false, "type": "Point", "coordinates": [70.95478018910659, 33.8058499296279]}, "id": "6", "properties": {"classification": 1, "latitude": 33.8058499296279, "longitude": 70.95478018910659, "district": "Khyber"}}, {"type": "Feature", "geometry": {"geodesic": false, "type": "Point", "coordinates": [71.39046310190456, 34.07264956901139]}, "id": "7", "properties": {"classification": 1, "latitude": 34.07264956901139, "longitude": 71.39046310190456, "district": "Khyber"}}, {"type": "Feature", "geometry": {"geodesic": false, "type": "Point", "coordinates": [71.3742934267904, 33.89388482747161]}, "id": "8", "properties": {"classification": 1, "latitude": 33.89388482747161, "longitude": 71.3742934267904, "district": "Khyber"}}, {"type": "Feature", "geometry": {"geodesic": false, "type": "Point", "coordinates": [70.94400040569715, 33.79417183093434]}, "id": "9", "properties": {"classification": 1, "latitude": 33.79417183093434, "longitude": 70.94400040569715, "district": "Khyber"}}, {"type": "Feature", "geometry": {"geodesic": false, "type": "Point", "coordinates": [70.97723807120957, 33.92622417769991]}, "id": "10", "properties": {"classification": 1, "latitude": 33.92622417769991, "longitude": 70.97723807120957, "district": "Khyber"}}, {"type": "Feature", "geometry": {"geodesic": false, "type": "Point", "coordinates": [70.87123686768348, 33.745662805591884]}, "id": "11", "properties": {"classification": 1, "latitude": 33.745662805591884, "longitude": 70.87123686768348, "district": "Khyber"}}, {"type": "Feature", "geometry": {"geodesic": false, "type": "Point", "coordinates": [70.98622122405077, 33.92352923184755]}, "id": "12", "properties": {"classification": 1, "latitude": 33.92352923184755, "longitude": 70.98622122405077, "district": "Khyber"}}, {"type": "Feature", "geometry": {"geodesic": false, "type": "Point", "coordinates": [71.40124288531399, 33.90915618730164]}, "id": "13", "properties": {"classification": 1, "latitude": 33.90915618730164, "longitude": 71.40124288531399, "district": "Khyber"}}, {"type": "Feature", "geometry": {"geodesic": false, "type": "Point", "coordinates": [70.94400040569715, 33.803154983775535]}, "id": "14", "properties": {"classification": 1, "latitude": 33.803154983775535, "longitude": 70.94400040569715, "district": "Khyber"}}, {"type": "Feature", "geometry": {"geodesic": false, "type": "Point", "coordinates": [70.72391316108786, 33.81213813661673]}, "id": "15", "properties": {"classification": 1, "latitude": 33.81213813661673, "longitude": 70.72391316108786, "district": "Khyber"}}, {"type": "Feature", "geometry": {"geodesic": false, "type": "Point", "coordinates": [71.41651424514403, 33.88939325105101]}, "id": "16", "properties": {"classification": 1, "latitude": 33.88939325105101, "longitude": 71.41651424514403, "district": "Khyber"}}, {"type": "Feature", "geometry": {"geodesic": false, "type": "Point", "coordinates": [71.36081869752861, 33.92532586241579]}, "id": "17", "properties": {"classification": 1, "latitude": 33.92532586241579, "longitude": 71.36081869752861, "district": "Khyber"}}, {"type": "Feature", "geometry": {"geodesic": false, "type": "Point", "coordinates": [71.39136141718868, 33.88130841349393]}, "id": "18", "properties": {"classification": 1, "latitude": 33.88130841349393, "longitude": 71.39136141718868, "district": "Khyber"}}, {"type": "Feature", "geometry": {"geodesic": false, "type": "Point", "coordinates": [71.37609005735864, 33.88849493576689]}, "id": "19", "properties": {"classification": 1, "latitude": 33.88849493576689, "longitude": 71.37609005735864, "district": "Khyber"}}, {"type": "Feature", "geometry": {"geodesic": false, "type": "Point", "coordinates": [70.75265925017969, 33.784290362809024]}, "id": "20", "properties": {"classification": 1, "latitude": 33.784290362809024, "longitude": 70.75265925017969, "district": "Khyber"}}, {"type": "Feature", "geometry": {"geodesic": false, "type": "Point", "coordinates": [71.02574709655202, 33.82112128945793]}, "id": "21", "properties": {"classification": 1, "latitude": 33.82112128945793, "longitude": 71.02574709655202, "district": "Khyber"}}, {"type": "Feature", "geometry": {"geodesic": false, "type": "Point", "coordinates": [70.90986442490062, 33.79776509207082]}, "id": "22", "properties": {"classification": 1, "latitude": 33.79776509207082, "longitude": 70.90986442490062, "district": "Khyber"}}, {"type": "Feature", "geometry": {"geodesic": false, "type": "Point", "coordinates": [71.44166707309937, 33.85974884667507]}, "id": "23", "properties": {"classification": 1, "latitude": 33.85974884667507, "longitude": 71.44166707309937, "district": "Khyber"}}, {"type": "Feature", "geometry": {"geodesic": false, "type": "Point", "coordinates": [71.36800521980157, 33.92352923184755]}, "id": "24", "properties": {"classification": 1, "latitude": 33.92352923184755, "longitude": 71.36800521980157, "district": "Khyber"}}, {"type": "Feature", "geometry": {"geodesic": false, "type": "Point", "coordinates": [71.63929643560566, 34.785013589318176]}, "id": "0", "properties": {"classification": 1, "latitude": 34.785013589318176, "longitude": 71.63929643560566, "district": "Bajaur"}}, {"type": "Feature", "geometry": {"geodesic": false, "type": "Point", "coordinates": [71.24763097172955, 34.60984210891487]}, "id": "1", "properties": {"classification": 1, "latitude": 34.60984210891487, "longitude": 71.24763097172955, "district": "Bajaur"}}, {"type": "Feature", "geometry": {"geodesic": false, "type": "Point", "coordinates": [71.3599203822445, 34.67991070107619]}, "id": "2", "properties": {"classification": 1, "latitude": 34.67991070107619, "longitude": 71.3599203822445, "district": "Bajaur"}}, {"type": "Feature", "geometry": {"geodesic": false, "type": "Point", "coordinates": [71.27547874553726, 34.60445221721015]}, "id": "3", "properties": {"classification": 1, "latitude": 34.60445221721015, "longitude": 71.27547874553726, "district": "Bajaur"}}, {"type": "Feature", "geometry": {"geodesic": false, "type": "Point", "coordinates": [71.38956478662044, 34.742792770964556]}, "id": "4", "properties": {"classification": 1, "latitude": 34.742792770964556, "longitude": 71.38956478662044, "district": "Bajaur"}}, {"type": "Feature", "geometry": {"geodesic": false, "type": "Point", "coordinates": [71.41381929929166, 34.81914957011472]}, "id": "5", "properties": {"classification": 1, "latitude": 34.81914957011472, "longitude": 71.41381929929166, "district": "Bajaur"}}, {"type": "Feature", "geometry": {"geodesic": false, "type": "Point", "coordinates": [71.54946490719371, 34.86586196488893]}, "id": "6", "properties": {"classification": 1, "latitude": 34.86586196488893, "longitude": 71.54946490719371, "district": "Bajaur"}}, {"type": "Feature", "geometry": {"geodesic": false, "type": "Point", "coordinates": [71.51982050281777, 34.8829299552872]}, "id": "7", "properties": {"classification": 1, "latitude": 34.8829299552872, "longitude": 71.51982050281777, "district": "Bajaur"}}, {"type": "Feature", "geometry": {"geodesic": false, "type": "Point", "coordinates": [71.52790534037484, 34.77603043647698]}, "id": "8", "properties": {"classification": 1, "latitude": 34.77603043647698, "longitude": 71.52790534037484, "district": "Bajaur"}}, {"type": "Feature", "geometry": {"geodesic": false, "type": "Point", "coordinates": [71.64109306617391, 34.76884391420402]}, "id": "9", "properties": {"classification": 1, "latitude": 34.76884391420402, "longitude": 71.64109306617391, "district": "Bajaur"}}, {"type": "Feature", "geometry": {"geodesic": false, "type": "Point", "coordinates": [71.34375070713034, 34.747284347385154]}, "id": "10", "properties": {"classification": 1, "latitude": 34.747284347385154, "longitude": 71.34375070713034, "district": "Bajaur"}}, {"type": "Feature", "geometry": {"geodesic": false, "type": "Point", "coordinates": [71.38147994906336, 34.71045342073625]}, "id": "11", "properties": {"classification": 1, "latitude": 34.71045342073625, "longitude": 71.38147994906336, "district": "Bajaur"}}, {"type": "Feature", "geometry": {"geodesic": false, "type": "Point", "coordinates": [71.35003891411918, 34.73470793340748]}, "id": "12", "properties": {"classification": 1, "latitude": 34.73470793340748, "longitude": 71.35003891411918, "district": "Bajaur"}}, {"type": "Feature", "geometry": {"geodesic": false, "type": "Point", "coordinates": [71.20990172979653, 34.71404668187273]}, "id": "13", "properties": {"classification": 1, "latitude": 34.71404668187273, "longitude": 71.20990172979653, "district": "Bajaur"}}, {"type": "Feature", "geometry": {"geodesic": false, "type": "Point", "coordinates": [71.50095588185125, 34.871251856593645]}, "id": "14", "properties": {"classification": 1, "latitude": 34.871251856593645, "longitude": 71.50095588185125, "district": "Bajaur"}}, {"type": "Feature", "geometry": {"geodesic": false, "type": "Point", "coordinates": [71.5126339805448, 34.6574528189732]}, "id": "15", "properties": {"classification": 1, "latitude": 34.6574528189732, "longitude": 71.5126339805448, "district": "Bajaur"}}, {"type": "Feature", "geometry": {"geodesic": false, "type": "Point", "coordinates": [71.50814240412421, 34.85418386619538]}, "id": "16", "properties": {"classification": 1, "latitude": 34.85418386619538, "longitude": 71.50814240412421, "district": "Bajaur"}}, {"type": "Feature", "geometry": {"geodesic": false, "type": "Point", "coordinates": [71.50904071940833, 34.76704728363578]}, "id": "17", "properties": {"classification": 1, "latitude": 34.76704728363578, "longitude": 71.50904071940833, "district": "Bajaur"}}, {"type": "Feature", "geometry": {"geodesic": false, "type": "Point", "coordinates": [71.6545677954357, 34.71404668187273]}, "id": "18", "properties": {"classification": 1, "latitude": 34.71404668187273, "longitude": 71.6545677954357, "district": "Bajaur"}}, {"type": "Feature", "geometry": {"geodesic": false, "type": "Point", "coordinates": [71.31051304161792, 34.630503360449616]}, "id": "19", "properties": {"classification": 1, "latitude": 34.630503360449616, "longitude": 71.31051304161792, "district": "Bajaur"}}, {"type": "Feature", "geometry": {"geodesic": false, "type": "Point", "coordinates": [71.40124288531399, 34.72841972641864]}, "id": "20", "properties": {"classification": 1, "latitude": 34.72841972641864, "longitude": 71.40124288531399, "district": "Bajaur"}}, {"type": "Feature", "geometry": {"geodesic": false, "type": "Point", "coordinates": [71.2179865673536, 34.631401675733734]}, "id": "21", "properties": {"classification": 1, "latitude": 34.631401675733734, "longitude": 71.2179865673536, "district": "Bajaur"}}, {"type": "Feature", "geometry": {"geodesic": false, "type": "Point", "coordinates": [71.48748115258947, 34.71584331244097]}, "id": "22", "properties": {"classification": 1, "latitude": 34.71584331244097, "longitude": 71.48748115258947, "district": "Bajaur"}}, {"type": "Feature", "geometry": {"geodesic": false, "type": "Point", "coordinates": [71.42549739798521, 34.81465799369412]}, "id": "23", "properties": {"classification": 1, "latitude": 34.81465799369412, "longitude": 71.42549739798521, "district": "Bajaur"}}, {"type": "Feature", "geometry": {"geodesic": false, "type": "Point", "coordinates": [71.521617133386, 34.70955510545213]}, "id": "24", "properties": {"classification": 1, "latitude": 34.70955510545213, "longitude": 71.521617133386, "district": "Bajaur"}}, {"type": "Feature", "geometry": {"geodesic": false, "type": "Point", "coordinates": [70.39063819067952, 32.026287351787126]}, "id": "0", "properties": {"classification": 1, "latitude": 32.026287351787126, "longitude": 70.39063819067952, "district": "Tank"}}, {"type": "Feature", "geometry": {"geodesic": false, "type": "Point", "coordinates": [70.34841737232591, 32.05144017974247]}, "id": "1", "properties": {"classification": 1, "latitude": 32.05144017974247, "longitude": 70.34841737232591, "district": "Tank"}}, {"type": "Feature", "geometry": {"geodesic": false, "type": "Point", "coordinates": [70.41219775749839, 32.15294980684797]}, "id": "2", "properties": {"classification": 1, "latitude": 32.15294980684797, "longitude": 70.41219775749839, "district": "Tank"}}, {"type": "Feature", "geometry": {"geodesic": false, "type": "Point", "coordinates": [70.51280906931979, 32.06311827843602]}, "id": "3", "properties": {"classification": 1, "latitude": 32.06311827843602, "longitude": 70.51280906931979, "district": "Tank"}}, {"type": "Feature", "geometry": {"geodesic": false, "type": "Point", "coordinates": [70.49214781778504, 32.03706713519656]}, "id": "4", "properties": {"classification": 1, "latitude": 32.03706713519656, "longitude": 70.49214781778504, "district": "Tank"}}, {"type": "Feature", "geometry": {"geodesic": false, "type": "Point", "coordinates": [70.44992699943141, 32.178102634803324]}, "id": "5", "properties": {"classification": 1, "latitude": 32.178102634803324, "longitude": 70.44992699943141, "district": "Tank"}}, {"type": "Feature", "geometry": {"geodesic": false, "type": "Point", "coordinates": [70.40051965880484, 32.293985306454736]}, "id": "6", "properties": {"classification": 1, "latitude": 32.293985306454736, "longitude": 70.40051965880484, "district": "Tank"}}, {"type": "Feature", "geometry": {"geodesic": false, "type": "Point", "coordinates": [70.45531689113614, 32.02808398235536]}, "id": "7", "properties": {"classification": 1, "latitude": 32.02808398235536, "longitude": 70.45531689113614, "district": "Tank"}}, {"type": "Feature", "geometry": {"geodesic": false, "type": "Point", "coordinates": [70.30350160811993, 32.08377952997077]}, "id": "8", "properties": {"classification": 1, "latitude": 32.08377952997077, "longitude": 70.30350160811993, "district": "Tank"}}, {"type": "Feature", "geometry": {"geodesic": false, "type": "Point", "coordinates": [70.53257200557042, 32.03706713519656]}, "id": "9", "properties": {"classification": 1, "latitude": 32.03706713519656, "longitude": 70.53257200557042, "district": "Tank"}}, {"type": "Feature", "geometry": {"geodesic": false, "type": "Point", "coordinates": [70.20109366573031, 32.02898229763948]}, "id": "10", "properties": {"classification": 1, "latitude": 32.02898229763948, "longitude": 70.20109366573031, "district": "Tank"}}, {"type": "Feature", "geometry": {"geodesic": false, "type": "Point", "coordinates": [70.43914721602198, 32.22212008372518]}, "id": "11", "properties": {"classification": 1, "latitude": 32.22212008372518, "longitude": 70.43914721602198, "district": "Tank"}}, {"type": "Feature", "geometry": {"geodesic": false, "type": "Point", "coordinates": [70.36818030857654, 32.08827110639137]}, "id": "12", "properties": {"classification": 1, "latitude": 32.08827110639137, "longitude": 70.36818030857654, "district": "Tank"}}, {"type": "Feature", "geometry": {"geodesic": false, "type": "Point", "coordinates": [70.23433133124273, 32.11522056491496]}, "id": "13", "properties": {"classification": 1, "latitude": 32.11522056491496, "longitude": 70.23433133124273, "district": "Tank"}}, {"type": "Feature", "geometry": {"geodesic": false, "type": "Point", "coordinates": [70.48406298022796, 32.188882418212756]}, "id": "14", "properties": {"classification": 1, "latitude": 32.188882418212756, "longitude": 70.48406298022796, "district": "Tank"}}, {"type": "Feature", "geometry": {"geodesic": false, "type": "Point", "coordinates": [70.23882290766333, 32.09815257451668]}, "id": "15", "properties": {"classification": 1, "latitude": 32.09815257451668, "longitude": 70.23882290766333, "district": "Tank"}}, {"type": "Feature", "geometry": {"geodesic": false, "type": "Point", "coordinates": [70.2145683949921, 32.08198289940253]}, "id": "16", "properties": {"classification": 1, "latitude": 32.08198289940253, "longitude": 70.2145683949921, "district": "Tank"}}, {"type": "Feature", "geometry": {"geodesic": false, "type": "Point", "coordinates": [70.32236622908644, 32.08557616053901]}, "id": "17", "properties": {"classification": 1, "latitude": 32.08557616053901, "longitude": 70.32236622908644, "district": "Tank"}}, {"type": "Feature", "geometry": {"geodesic": false, "type": "Point", "coordinates": [70.34482411118944, 32.03616881991244]}, "id": "18", "properties": {"classification": 1, "latitude": 32.03616881991244, "longitude": 70.34482411118944, "district": "Tank"}}, {"type": "Feature", "geometry": {"geodesic": false, "type": "Point", "coordinates": [70.47328319681853, 32.08827110639137]}, "id": "19", "properties": {"classification": 1, "latitude": 32.08827110639137, "longitude": 70.47328319681853, "district": "Tank"}}, {"type": "Feature", "geometry": {"geodesic": false, "type": "Point", "coordinates": [70.40950281164604, 32.332612863671876]}, "id": "20", "properties": {"classification": 1, "latitude": 32.332612863671876, "longitude": 70.40950281164604, "district": "Tank"}}, {"type": "Feature", "geometry": {"geodesic": false, "type": "Point", "coordinates": [70.2927218247105, 32.132288555313224]}, "id": "21", "properties": {"classification": 1, "latitude": 32.132288555313224, "longitude": 70.2927218247105, "district": "Tank"}}, {"type": "Feature", "geometry": {"geodesic": false, "type": "Point", "coordinates": [70.4400455313061, 32.127796978892626]}, "id": "22", "properties": {"classification": 1, "latitude": 32.127796978892626, "longitude": 70.4400455313061, "district": "Tank"}}, {"type": "Feature", "geometry": {"geodesic": false, "type": "Point", "coordinates": [70.47867308852324, 32.04155871161716]}, "id": "23", "properties": {"classification": 1, "latitude": 32.04155871161716, "longitude": 70.47867308852324, "district": "Tank"}}, {"type": "Feature", "geometry": {"geodesic": false, "type": "Point", "coordinates": [70.168754315502, 32.0756946924137]}, "id": "24", "properties": {"classification": 1, "latitude": 32.0756946924137, "longitude": 70.168754315502, "district": "Tank"}}, {"type": "Feature", "geometry": {"geodesic": false, "type": "Point", "coordinates": [70.52089390687686, 32.80333007255051]}, "id": "0", "properties": {"classification": 1, "latitude": 32.80333007255051, "longitude": 70.52089390687686, "district": "Bannu"}}, {"type": "Feature", "geometry": {"geodesic": false, "type": "Point", "coordinates": [70.49663939420563, 32.73236316510506]}, "id": "1", "properties": {"classification": 1, "latitude": 32.73236316510506, "longitude": 70.49663939420563, "district": "Bannu"}}, {"type": "Feature", "geometry": {"geodesic": false, "type": "Point", "coordinates": [70.68618391915486, 32.94885714857787]}, "id": "2", "properties": {"classification": 1, "latitude": 32.94885714857787, "longitude": 70.68618391915486, "district": "Bannu"}}, {"type": "Feature", "geometry": {"geodesic": false, "type": "Point", "coordinates": [70.77332050171445, 32.98568807522677]}, "id": "3", "properties": {"classification": 1, "latitude": 32.98568807522677, "longitude": 70.77332050171445, "district": "Bannu"}}, {"type": "Feature", "geometry": {"geodesic": false, "type": "Point", "coordinates": [70.70415022483724, 32.87250034942771]}, "id": "4", "properties": {"classification": 1, "latitude": 32.87250034942771, "longitude": 70.70415022483724, "district": "Bannu"}}, {"type": "Feature", "geometry": {"geodesic": false, "type": "Point", "coordinates": [70.75086261961145, 32.78356713629988]}, "id": "5", "properties": {"classification": 1, "latitude": 32.78356713629988, "longitude": 70.75086261961145, "district": "Bannu"}}, {"type": "Feature", "geometry": {"geodesic": false, "type": "Point", "coordinates": [70.56221640994636, 32.89675486209894]}, "id": "6", "properties": {"classification": 1, "latitude": 32.89675486209894, "longitude": 70.56221640994636, "district": "Bannu"}}, {"type": "Feature", "geometry": {"geodesic": false, "type": "Point", "coordinates": [70.47597814267088, 32.81051659482346]}, "id": "7", "properties": {"classification": 1, "latitude": 32.81051659482346, "longitude": 70.47597814267088, "district": "Bannu"}}, {"type": "Feature", "geometry": {"geodesic": false, "type": "Point", "coordinates": [70.61970858813001, 32.85633067431356]}, "id": "8", "properties": {"classification": 1, "latitude": 32.85633067431356, "longitude": 70.61970858813001, "district": "Bannu"}}, {"type": "Feature", "geometry": {"geodesic": false, "type": "Point", "coordinates": [70.54155515841161, 32.92011105948605]}, "id": "9", "properties": {"classification": 1, "latitude": 32.92011105948605, "longitude": 70.54155515841161, "district": "Bannu"}}, {"type": "Feature", "geometry": {"geodesic": false, "type": "Point", "coordinates": [70.53436863613865, 32.94885714857787]}, "id": "10", "properties": {"classification": 1, "latitude": 32.94885714857787, "longitude": 70.53436863613865, "district": "Bannu"}}, {"type": "Feature", "geometry": {"geodesic": false, "type": "Point", "coordinates": [70.59545407545878, 32.850940782608845]}, "id": "11", "properties": {"classification": 1, "latitude": 32.850940782608845, "longitude": 70.59545407545878, "district": "Bannu"}}, {"type": "Feature", "geometry": {"geodesic": false, "type": "Point", "coordinates": [70.69965864841664, 32.859025620165916]}, "id": "12", "properties": {"classification": 1, "latitude": 32.859025620165916, "longitude": 70.69965864841664, "district": "Bannu"}}, {"type": "Feature", "geometry": {"geodesic": false, "type": "Point", "coordinates": [70.77691376285092, 32.88507676340539]}, "id": "13", "properties": {"classification": 1, "latitude": 32.88507676340539, "longitude": 70.77691376285092, "district": "Bannu"}}, {"type": "Feature", "geometry": {"geodesic": false, "type": "Point", "coordinates": [70.50202928591035, 32.85543235902944]}, "id": "14", "properties": {"classification": 1, "latitude": 32.85543235902944, "longitude": 70.50202928591035, "district": "Bannu"}}, {"type": "Feature", "geometry": {"geodesic": false, "type": "Point", "coordinates": [70.74187946677026, 32.84285594505177]}, "id": "15", "properties": {"classification": 1, "latitude": 32.84285594505177, "longitude": 70.74187946677026, "district": "Bannu"}}, {"type": "Feature", "geometry": {"geodesic": false, "type": "Point", "coordinates": [70.77332050171445, 32.76380420004925]}, "id": "16", "properties": {"classification": 1, "latitude": 32.76380420004925, "longitude": 70.77332050171445, "district": "Bannu"}}, {"type": "Feature", "geometry": {"geodesic": false, "type": "Point", "coordinates": [70.59275912960642, 32.87160203414359]}, "id": "17", "properties": {"classification": 1, "latitude": 32.87160203414359, "longitude": 70.59275912960642, "district": "Bannu"}}, {"type": "Feature", "geometry": {"geodesic": false, "type": "Point", "coordinates": [70.80745648251099, 32.81949974766466]}, "id": "18", "properties": {"classification": 1, "latitude": 32.81949974766466, "longitude": 70.80745648251099, "district": "Bannu"}}, {"type": "Feature", "geometry": {"geodesic": false, "type": "Point", "coordinates": [70.64306478551711, 32.8994498079513]}, "id": "19", "properties": {"classification": 1, "latitude": 32.8994498079513, "longitude": 70.64306478551711, "district": "Bannu"}}, {"type": "Feature", "geometry": {"geodesic": false, "type": "Point", "coordinates": [70.74457441262263, 32.79165197385696]}, "id": "20", "properties": {"classification": 1, "latitude": 32.79165197385696, "longitude": 70.74457441262263, "district": "Bannu"}}, {"type": "Feature", "geometry": {"geodesic": false, "type": "Point", "coordinates": [70.46430004397733, 32.81949974766466]}, "id": "21", "properties": {"classification": 1, "latitude": 32.81949974766466, "longitude": 70.46430004397733, "district": "Bannu"}}, {"type": "Feature", "geometry": {"geodesic": false, "type": "Point", "coordinates": [70.71313337767843, 32.78716039743636]}, "id": "22", "properties": {"classification": 1, "latitude": 32.78716039743636, "longitude": 70.71313337767843, "district": "Bannu"}}, {"type": "Feature", "geometry": {"geodesic": false, "type": "Point", "coordinates": [70.61431869642529, 32.88417844812127]}, "id": "23", "properties": {"classification": 1, "latitude": 32.88417844812127, "longitude": 70.61431869642529, "district": "Bannu"}}, {"type": "Feature", "geometry": {"geodesic": false, "type": "Point", "coordinates": [70.69965864841664, 32.93897568045256]}, "id": "24", "properties": {"classification": 1, "latitude": 32.93897568045256, "longitude": 70.69965864841664, "district": "Bannu"}}, {"type": "Feature", "geometry": {"geodesic": false, "type": "Point", "coordinates": [70.79038849211271, 32.7476345249351]}, "id": "0", "properties": {"classification": 1, "latitude": 32.7476345249351, "longitude": 70.79038849211271, "district": "Lakki Marwat"}}, {"type": "Feature", "geometry": {"geodesic": false, "type": "Point", "coordinates": [70.6152170117094, 32.51946244276874]}, "id": "1", "properties": {"classification": 1, "latitude": 32.51946244276874, "longitude": 70.6152170117094, "district": "Lakki Marwat"}}, {"type": "Feature", "geometry": {"geodesic": false, "type": "Point", "coordinates": [70.88920317336586, 32.53473380259877]}, "id": "2", "properties": {"classification": 1, "latitude": 32.53473380259877, "longitude": 70.88920317336586, "district": "Lakki Marwat"}}, {"type": "Feature", "geometry": {"geodesic": false, "type": "Point", "coordinates": [70.71942158466727, 32.638938375556634]}, "id": "3", "properties": {"classification": 1, "latitude": 32.638938375556634, "longitude": 70.71942158466727, "district": "Lakki Marwat"}}, {"type": "Feature", "geometry": {"geodesic": false, "type": "Point", "coordinates": [70.7481676737591, 32.68565077033085]}, "id": "4", "properties": {"classification": 1, "latitude": 32.68565077033085, "longitude": 70.7481676737591, "district": "Lakki Marwat"}}, {"type": "Feature", "geometry": {"geodesic": false, "type": "Point", "coordinates": [70.8496773008646, 32.71709180527503]}, "id": "5", "properties": {"classification": 1, "latitude": 32.71709180527503, "longitude": 70.8496773008646, "district": "Lakki Marwat"}}, {"type": "Feature", "geometry": {"geodesic": false, "type": "Point", "coordinates": [70.7068451706896, 32.603904079475974]}, "id": "6", "properties": {"classification": 1, "latitude": 32.603904079475974, "longitude": 70.7068451706896, "district": "Lakki Marwat"}}, {"type": "Feature", "geometry": {"geodesic": false, "type": "Point", "coordinates": [70.74996430432734, 32.657802996523145]}, "id": "7", "properties": {"classification": 1, "latitude": 32.657802996523145, "longitude": 70.74996430432734, "district": "Lakki Marwat"}}, {"type": "Feature", "geometry": {"geodesic": false, "type": "Point", "coordinates": [70.87662675938819, 32.279612261908824]}, "id": "8", "properties": {"classification": 1, "latitude": 32.279612261908824, "longitude": 70.87662675938819, "district": "Lakki Marwat"}}, {"type": "Feature", "geometry": {"geodesic": false, "type": "Point", "coordinates": [70.81913458120454, 32.754821047208054]}, "id": "9", "properties": {"classification": 1, "latitude": 32.754821047208054, "longitude": 70.81913458120454, "district": "Lakki Marwat"}}, {"type": "Feature", "geometry": {"geodesic": false, "type": "Point", "coordinates": [70.72031989995139, 32.701820445445]}, "id": "10", "properties": {"classification": 1, "latitude": 32.701820445445, "longitude": 70.72031989995139, "district": "Lakki Marwat"}}, {"type": "Feature", "geometry": {"geodesic": false, "type": "Point", "coordinates": [70.72660810694023, 32.65241310481843]}, "id": "11", "properties": {"classification": 1, "latitude": 32.65241310481843, "longitude": 70.72660810694023, "district": "Lakki Marwat"}}, {"type": "Feature", "geometry": {"geodesic": false, "type": "Point", "coordinates": [70.74008283620202, 32.676667617489656]}, "id": "12", "properties": {"classification": 1, "latitude": 32.676667617489656, "longitude": 70.74008283620202, "district": "Lakki Marwat"}}, {"type": "Feature", "geometry": {"geodesic": false, "type": "Point", "coordinates": [70.89459306507058, 32.72876990396859]}, "id": "13", "properties": {"classification": 1, "latitude": 32.72876990396859, "longitude": 70.89459306507058, "district": "Lakki Marwat"}}, {"type": "Feature", "geometry": {"geodesic": false, "type": "Point", "coordinates": [70.70504854012137, 32.60120913362361]}, "id": "14", "properties": {"classification": 1, "latitude": 32.60120913362361, "longitude": 70.70504854012137, "district": "Lakki Marwat"}}, {"type": "Feature", "geometry": {"geodesic": false, "type": "Point", "coordinates": [70.66642098290423, 32.48891972310867]}, "id": "15", "properties": {"classification": 1, "latitude": 32.48891972310867, "longitude": 70.66642098290423, "district": "Lakki Marwat"}}, {"type": "Feature", "geometry": {"geodesic": false, "type": "Point", "coordinates": [70.9691532336525, 32.51137760521166]}, "id": "16", "properties": {"classification": 1, "latitude": 32.51137760521166, "longitude": 70.9691532336525, "district": "Lakki Marwat"}}, {"type": "Feature", "geometry": {"geodesic": false, "type": "Point", "coordinates": [70.64575973136947, 32.7063120218656]}, "id": "17", "properties": {"classification": 1, "latitude": 32.7063120218656, "longitude": 70.64575973136947, "district": "Lakki Marwat"}}, {"type": "Feature", "geometry": {"geodesic": false, "type": "Point", "coordinates": [70.7760154475668, 32.62007375459012]}, "id": "18", "properties": {"classification": 1, "latitude": 32.62007375459012, "longitude": 70.7760154475668, "district": "Lakki Marwat"}}, {"type": "Feature", "geometry": {"geodesic": false, "type": "Point", "coordinates": [70.59904733659526, 32.69193897731969]}, "id": "19", "properties": {"classification": 1, "latitude": 32.69193897731969, "longitude": 70.59904733659526, "district": "Lakki Marwat"}}, {"type": "Feature", "geometry": {"geodesic": false, "type": "Point", "coordinates": [70.83171099518222, 32.76739746118573]}, "id": "20", "properties": {"classification": 1, "latitude": 32.76739746118573, "longitude": 70.83171099518222, "district": "Lakki Marwat"}}, {"type": "Feature", "geometry": {"geodesic": false, "type": "Point", "coordinates": [70.71852326938316, 32.69104066203557]}, "id": "21", "properties": {"classification": 1, "latitude": 32.69104066203557, "longitude": 70.71852326938316, "district": "Lakki Marwat"}}, {"type": "Feature", "geometry": {"geodesic": false, "type": "Point", "coordinates": [70.81643963535218, 32.684752455046734]}, "id": "22", "properties": {"classification": 1, "latitude": 32.684752455046734, "longitude": 70.81643963535218, "district": "Lakki Marwat"}}, {"type": "Feature", "geometry": {"geodesic": false, "type": "Point", "coordinates": [70.87842338995642, 32.62097206987425]}, "id": "23", "properties": {"classification": 1, "latitude": 32.62097206987425, "longitude": 70.87842338995642, "district": "Lakki Marwat"}}, {"type": "Feature", "geometry": {"geodesic": false, "type": "Point", "coordinates": [70.49933434005798, 32.6371417449884]}, "id": "24", "properties": {"classification": 1, "latitude": 32.6371417449884, "longitude": 70.49933434005798, "district": "Lakki Marwat"}}, {"type": "Feature", "geometry": {"geodesic": false, "type": "Point", "coordinates": [70.7302013680767, 33.42226930330886]}, "id": "0", "properties": {"classification": 1, "latitude": 33.42226930330886, "longitude": 70.7302013680767, "district": "Hangu"}}, {"type": "Feature", "geometry": {"geodesic": false, "type": "Point", "coordinates": [70.53796189727512, 33.28662369540681]}, "id": "1", "properties": {"classification": 1, "latitude": 33.28662369540681, "longitude": 70.53796189727512, "district": "Hangu"}}, {"type": "Feature", "geometry": {"geodesic": false, "type": "Point", "coordinates": [70.72660810694023, 33.28213211898621]}, "id": "2", "properties": {"classification": 1, "latitude": 33.28213211898621, "longitude": 70.72660810694023, "district": "Hangu"}}, {"type": "Feature", "geometry": {"geodesic": false, "type": "Point", "coordinates": [70.7939817532492, 33.280335488417975]}, "id": "3", "properties": {"classification": 1, "latitude": 33.280335488417975, "longitude": 70.7939817532492, "district": "Hangu"}}, {"type": "Feature", "geometry": {"geodesic": false, "type": "Point", "coordinates": [70.9691532336525, 33.3090815775098]}, "id": "4", "properties": {"classification": 1, "latitude": 33.3090815775098, "longitude": 70.9691532336525, "district": "Hangu"}}, {"type": "Feature", "geometry": {"geodesic": false, "type": "Point", "coordinates": [70.99161111575549, 33.46449012166248]}, "id": "5", "properties": {"classification": 1, "latitude": 33.46449012166248, "longitude": 70.99161111575549, "district": "Hangu"}}, {"type": "Feature", "geometry": {"geodesic": false, "type": "Point", "coordinates": [70.95388187382247, 33.446523815980086]}, "id": "6", "properties": {"classification": 1, "latitude": 33.446523815980086, "longitude": 70.95388187382247, "district": "Hangu"}}, {"type": "Feature", "geometry": {"geodesic": false, "type": "Point", "coordinates": [70.75804914188441, 33.43304908671829]}, "id": "7", "properties": {"classification": 1, "latitude": 33.43304908671829, "longitude": 70.75804914188441, "district": "Hangu"}}, {"type": "Feature", "geometry": {"geodesic": false, "type": "Point", "coordinates": [70.77781207813504, 33.36747207097757]}, "id": "8", "properties": {"classification": 1, "latitude": 33.36747207097757, "longitude": 70.77781207813504, "district": "Hangu"}}, {"type": "Feature", "geometry": {"geodesic": false, "type": "Point", "coordinates": [70.7760154475668, 33.47616822035603]}, "id": "9", "properties": {"classification": 1, "latitude": 33.47616822035603, "longitude": 70.7760154475668, "district": "Hangu"}}, {"type": "Feature", "geometry": {"geodesic": false, "type": "Point", "coordinates": [70.85596550785344, 33.485151373197226]}, "id": "10", "properties": {"classification": 1, "latitude": 33.485151373197226, "longitude": 70.85596550785344, "district": "Hangu"}}, {"type": "Feature", "geometry": {"geodesic": false, "type": "Point", "coordinates": [70.70325190955312, 33.334234405465146]}, "id": "11", "properties": {"classification": 1, "latitude": 33.334234405465146, "longitude": 70.70325190955312, "district": "Hangu"}}, {"type": "Feature", "geometry": {"geodesic": false, "type": "Point", "coordinates": [71.04820497865502, 33.37465859325052]}, "id": "12", "properties": {"classification": 1, "latitude": 33.37465859325052, "longitude": 71.04820497865502, "district": "Hangu"}}, {"type": "Feature", "geometry": {"geodesic": false, "type": "Point", "coordinates": [70.74726935847498, 33.35938723342049]}, "id": "13", "properties": {"classification": 1, "latitude": 33.35938723342049, "longitude": 70.74726935847498, "district": "Hangu"}}, {"type": "Feature", "geometry": {"geodesic": false, "type": "Point", "coordinates": [70.96645828780014, 33.454608653537164]}, "id": "14", "properties": {"classification": 1, "latitude": 33.454608653537164, "longitude": 70.96645828780014, "district": "Hangu"}}, {"type": "Feature", "geometry": {"geodesic": false, "type": "Point", "coordinates": [70.67630245102954, 33.35220071114754]}, "id": "15", "properties": {"classification": 1, "latitude": 33.35220071114754, "longitude": 70.67630245102954, "district": "Hangu"}}, {"type": "Feature", "geometry": {"geodesic": false, "type": "Point", "coordinates": [70.95388187382247, 33.4519137076848]}, "id": "16", "properties": {"classification": 1, "latitude": 33.4519137076848, "longitude": 70.95388187382247, "district": "Hangu"}}, {"type": "Feature", "geometry": {"geodesic": false, "type": "Point", "coordinates": [70.75265925017969, 33.372861962682286]}, "id": "17", "properties": {"classification": 1, "latitude": 33.372861962682286, "longitude": 70.75265925017969, "district": "Hangu"}}, {"type": "Feature", "geometry": {"geodesic": false, "type": "Point", "coordinates": [70.6376748938124, 33.37465859325052]}, "id": "18", "properties": {"classification": 1, "latitude": 33.37465859325052, "longitude": 70.6376748938124, "district": "Hangu"}}, {"type": "Feature", "geometry": {"geodesic": false, "type": "Point", "coordinates": [70.78230365455563, 33.42226930330886]}, "id": "19", "properties": {"classification": 1, "latitude": 33.42226930330886, "longitude": 70.78230365455563, "district": "Hangu"}}, {"type": "Feature", "geometry": {"geodesic": false, "type": "Point", "coordinates": [71.02125552013143, 33.32794619847631]}, "id": "20", "properties": {"classification": 1, "latitude": 33.32794619847631, "longitude": 71.02125552013143, "district": "Hangu"}}, {"type": "Feature", "geometry": {"geodesic": false, "type": "Point", "coordinates": [71.02664541183616, 33.38633669194408]}, "id": "21", "properties": {"classification": 1, "latitude": 33.38633669194408, "longitude": 71.02664541183616, "district": "Hangu"}}, {"type": "Feature", "geometry": {"geodesic": false, "type": "Point", "coordinates": [70.7436760973385, 33.43664234785477]}, "id": "22", "properties": {"classification": 1, "latitude": 33.43664234785477, "longitude": 70.7436760973385, "district": "Hangu"}}, {"type": "Feature", "geometry": {"geodesic": false, "type": "Point", "coordinates": [71.18654553240943, 33.4653884369466]}, "id": "23", "properties": {"classification": 1, "latitude": 33.4653884369466, "longitude": 71.18654553240943, "district": "Hangu"}}, {"type": "Feature", "geometry": {"geodesic": false, "type": "Point", "coordinates": [70.75355756546381, 33.30818326222568]}, "id": "24", "properties": {"classification": 1, "latitude": 33.30818326222568, "longitude": 70.75355756546381, "district": "Hangu"}}, {"type": "Feature", "geometry": {"geodesic": false, "type": "Point", "coordinates": [70.927830730583, 33.19769048227898]}, "id": "0", "properties": {"classification": 1, "latitude": 33.19769048227898, "longitude": 70.927830730583, "district": "Karak"}}, {"type": "Feature", "geometry": {"geodesic": false, "type": "Point", "coordinates": [70.98801785461902, 33.055756667388096]}, "id": "1", "properties": {"classification": 1, "latitude": 33.055756667388096, "longitude": 70.98801785461902, "district": "Karak"}}, {"type": "Feature", "geometry": {"geodesic": false, "type": "Point", "coordinates": [71.02125552013143, 33.00275606562504]}, "id": "2", "properties": {"classification": 1, "latitude": 33.00275606562504, "longitude": 71.02125552013143, "district": "Karak"}}, {"type": "Feature", "geometry": {"geodesic": false, "type": "Point", "coordinates": [70.94040714456068, 32.936280734600196]}, "id": "3", "properties": {"classification": 1, "latitude": 32.936280734600196, "longitude": 70.94040714456068, "district": "Karak"}}, {"type": "Feature", "geometry": {"geodesic": false, "type": "Point", "coordinates": [71.0194588895632, 32.88777170925774]}, "id": "4", "properties": {"classification": 1, "latitude": 32.88777170925774, "longitude": 71.0194588895632, "district": "Karak"}}, {"type": "Feature", "geometry": {"geodesic": false, "type": "Point", "coordinates": [70.98532290876665, 32.850940782608845]}, "id": "5", "properties": {"classification": 1, "latitude": 32.850940782608845, "longitude": 70.98532290876665, "district": "Karak"}}, {"type": "Feature", "geometry": {"geodesic": false, "type": "Point", "coordinates": [71.04101845638206, 32.84465257562]}, "id": "6", "properties": {"classification": 1, "latitude": 32.84465257562, "longitude": 71.04101845638206, "district": "Karak"}}, {"type": "Feature", "geometry": {"geodesic": false, "type": "Point", "coordinates": [70.82721941876162, 33.03060383943275]}, "id": "7", "properties": {"classification": 1, "latitude": 33.03060383943275, "longitude": 70.82721941876162, "district": "Karak"}}, {"type": "Feature", "geometry": {"geodesic": false, "type": "Point", "coordinates": [71.35003891411918, 32.959636931987305]}, "id": "8", "properties": {"classification": 1, "latitude": 32.959636931987305, "longitude": 71.35003891411918, "district": "Karak"}}, {"type": "Feature", "geometry": {"geodesic": false, "type": "Point", "coordinates": [71.08144264416744, 33.3045900010892]}, "id": "9", "properties": {"classification": 1, "latitude": 33.3045900010892, "longitude": 71.08144264416744, "district": "Karak"}}, {"type": "Feature", "geometry": {"geodesic": false, "type": "Point", "coordinates": [71.00688247558551, 32.835669422778814]}, "id": "10", "properties": {"classification": 1, "latitude": 32.835669422778814, "longitude": 71.00688247558551, "district": "Karak"}}, {"type": "Feature", "geometry": {"geodesic": false, "type": "Point", "coordinates": [70.95118692797011, 32.963230193123785]}, "id": "11", "properties": {"classification": 1, "latitude": 32.963230193123785, "longitude": 70.95118692797011, "district": "Karak"}}, {"type": "Feature", "geometry": {"geodesic": false, "type": "Point", "coordinates": [70.90177958734354, 33.09977411630995]}, "id": "12", "properties": {"classification": 1, "latitude": 33.09977411630995, "longitude": 70.90177958734354, "district": "Karak"}}, {"type": "Feature", "geometry": {"geodesic": false, "type": "Point", "coordinates": [71.03113698825675, 32.84016099919941]}, "id": "13", "properties": {"classification": 1, "latitude": 32.84016099919941, "longitude": 71.03113698825675, "district": "Karak"}}, {"type": "Feature", "geometry": {"geodesic": false, "type": "Point", "coordinates": [71.39854793946164, 33.014434164318594]}, "id": "14", "properties": {"classification": 1, "latitude": 33.014434164318594, "longitude": 71.39854793946164, "district": "Karak"}}, {"type": "Feature", "geometry": {"geodesic": false, "type": "Point", "coordinates": [70.98172964763017, 32.909331276076614]}, "id": "15", "properties": {"classification": 1, "latitude": 32.909331276076614, "longitude": 70.98172964763017, "district": "Karak"}}, {"type": "Feature", "geometry": {"geodesic": false, "type": "Point", "coordinates": [70.98352627819841, 32.92011105948605]}, "id": "16", "properties": {"classification": 1, "latitude": 32.92011105948605, "longitude": 70.98352627819841, "district": "Karak"}}, {"type": "Feature", "geometry": {"geodesic": false, "type": "Point", "coordinates": [71.02125552013143, 32.95065377914611]}, "id": "17", "properties": {"classification": 1, "latitude": 32.95065377914611, "longitude": 71.02125552013143, "district": "Karak"}}, {"type": "Feature", "geometry": {"geodesic": false, "type": "Point", "coordinates": [70.90627116376413, 33.00455269619328]}, "id": "18", "properties": {"classification": 1, "latitude": 33.00455269619328, "longitude": 70.90627116376413, "district": "Karak"}}, {"type": "Feature", "geometry": {"geodesic": false, "type": "Point", "coordinates": [70.90716947904825, 32.940772311020794]}, "id": "19", "properties": {"classification": 1, "latitude": 32.940772311020794, "longitude": 70.90716947904825, "district": "Karak"}}, {"type": "Feature", "geometry": {"geodesic": false, "type": "Point", "coordinates": [71.23505455775188, 33.160859555630076]}, "id": "20", "properties": {"classification": 1, "latitude": 33.160859555630076, "longitude": 71.23505455775188, "district": "Karak"}}, {"type": "Feature", "geometry": {"geodesic": false, "type": "Point", "coordinates": [71.39764962417752, 32.9731116612491]}, "id": "21", "properties": {"classification": 1, "latitude": 32.9731116612491, "longitude": 71.39764962417752, "district": "Karak"}}, {"type": "Feature", "geometry": {"geodesic": false, "type": "Point", "coordinates": [71.22876635076304, 33.13840167352709]}, "id": "22", "properties": {"classification": 1, "latitude": 33.13840167352709, "longitude": 71.22876635076304, "district": "Karak"}}, {"type": "Feature", "geometry": {"geodesic": false, "type": "Point", "coordinates": [70.97094986422074, 32.908432960792496]}, "id": "23", "properties": {"classification": 1, "latitude": 32.908432960792496, "longitude": 70.97094986422074, "district": "Karak"}}, {"type": "Feature", "geometry": {"geodesic": false, "type": "Point", "coordinates": [71.03023867297263, 33.001857750340925]}, "id": "24", "properties": {"classification": 1, "latitude": 33.001857750340925, "longitude": 71.03023867297263, "district": "Karak"}}, {"type": "Feature", "geometry": {"geodesic": false, "type": "Point", "coordinates": [71.59887224782028, 33.45371033825304]}, "id": "0", "properties": {"classification": 1, "latitude": 33.45371033825304, "longitude": 71.59887224782028, "district": "Kohat"}}, {"type": "Feature", "geometry": {"geodesic": false, "type": "Point", "coordinates": [71.50814240412421, 33.408794574047064]}, "id": "1", "properties": {"classification": 1, "latitude": 33.408794574047064, "longitude": 71.50814240412421, "district": "Kohat"}}, {"type": "Feature", "geometry": {"geodesic": false, "type": "Point", "coordinates": [71.50185419713537, 33.508507570584335]}, "id": "2", "properties": {"classification": 1, "latitude": 33.508507570584335, "longitude": 71.50185419713537, "district": "Kohat"}}, {"type": "Feature", "geometry": {"geodesic": false, "type": "Point", "coordinates": [71.4749047386118, 33.23272477835964]}, "id": "3", "properties": {"classification": 1, "latitude": 33.23272477835964, "longitude": 71.4749047386118, "district": "Kohat"}}, {"type": "Feature", "geometry": {"geodesic": false, "type": "Point", "coordinates": [71.56383795173963, 33.50401599416374]}, "id": "4", "properties": {"classification": 1, "latitude": 33.50401599416374, "longitude": 71.56383795173963, "district": "Kohat"}}, {"type": "Feature", "geometry": {"geodesic": false, "type": "Point", "coordinates": [71.544075015489, 33.50940588586845]}, "id": "5", "properties": {"classification": 1, "latitude": 33.50940588586845, "longitude": 71.544075015489, "district": "Kohat"}}, {"type": "Feature", "geometry": {"geodesic": false, "type": "Point", "coordinates": [71.5853975185585, 33.46808338279895]}, "id": "6", "properties": {"classification": 1, "latitude": 33.46808338279895, "longitude": 71.5853975185585, "district": "Kohat"}}, {"type": "Feature", "geometry": {"geodesic": false, "type": "Point", "coordinates": [71.4290906591217, 33.563304802915624]}, "id": "7", "properties": {"classification": 1, "latitude": 33.563304802915624, "longitude": 71.4290906591217, "district": "Kohat"}}, {"type": "Feature", "geometry": {"geodesic": false, "type": "Point", "coordinates": [71.42729402855346, 33.45371033825304]}, "id": "8", "properties": {"classification": 1, "latitude": 33.45371033825304, "longitude": 71.42729402855346, "district": "Kohat"}}, {"type": "Feature", "geometry": {"geodesic": false, "type": "Point", "coordinates": [71.97436803658225, 33.628881818656346]}, "id": "9", "properties": {"classification": 1, "latitude": 33.628881818656346, "longitude": 71.97436803658225, "district": "Kohat"}}, {"type": "Feature", "geometry": {"geodesic": false, "type": "Point", "coordinates": [71.54587164605724, 33.239012985348474]}, "id": "10", "properties": {"classification": 1, "latitude": 33.239012985348474, "longitude": 71.54587164605724, "district": "Kohat"}}, {"type": "Feature", "geometry": {"geodesic": false, "type": "Point", "coordinates": [71.56922784344434, 33.42226930330886]}, "id": "11", "properties": {"classification": 1, "latitude": 33.42226930330886, "longitude": 71.56922784344434, "district": "Kohat"}}, {"type": "Feature", "geometry": {"geodesic": false, "type": "Point", "coordinates": [71.53329523207955, 33.42316761859298]}, "id": "12", "properties": {"classification": 1, "latitude": 33.42316761859298, "longitude": 71.53329523207955, "district": "Kohat"}}, {"type": "Feature", "geometry": {"geodesic": false, "type": "Point", "coordinates": [71.8530954732261, 33.543541866664995]}, "id": "13", "properties": {"classification": 1, "latitude": 33.543541866664995, "longitude": 71.8530954732261, "district": "Kohat"}}, {"type": "Feature", "geometry": {"geodesic": false, "type": "Point", "coordinates": [71.44166707309937, 33.481558112060746]}, "id": "14", "properties": {"classification": 1, "latitude": 33.481558112060746, "longitude": 71.44166707309937, "district": "Kohat"}}, {"type": "Feature", "geometry": {"geodesic": false, "type": "Point", "coordinates": [71.8342308522596, 33.55342333479031]}, "id": "15", "properties": {"classification": 1, "latitude": 33.55342333479031, "longitude": 71.8342308522596, "district": "Kohat"}}, {"type": "Feature", "geometry": {"geodesic": false, "type": "Point", "coordinates": [71.48119294560063, 33.41328615046766]}, "id": "16", "properties": {"classification": 1, "latitude": 33.41328615046766, "longitude": 71.48119294560063, "district": "Kohat"}}, {"type": "Feature", "geometry": {"geodesic": false, "type": "Point", "coordinates": [71.39675130889339, 33.485151373197226]}, "id": "17", "properties": {"classification": 1, "latitude": 33.485151373197226, "longitude": 71.39675130889339, "district": "Kohat"}}, {"type": "Feature", "geometry": {"geodesic": false, "type": "Point", "coordinates": [71.49736262071478, 33.539948605528515]}, "id": "18", "properties": {"classification": 1, "latitude": 33.539948605528515, "longitude": 71.49736262071478, "district": "Kohat"}}, {"type": "Feature", "geometry": {"geodesic": false, "type": "Point", "coordinates": [71.47310810804355, 33.488744634333706]}, "id": "19", "properties": {"classification": 1, "latitude": 33.488744634333706, "longitude": 71.47310810804355, "district": "Kohat"}}, {"type": "Feature", "geometry": {"geodesic": false, "type": "Point", "coordinates": [71.55126153776195, 33.50221936359549]}, "id": "20", "properties": {"classification": 1, "latitude": 33.50221936359549, "longitude": 71.55126153776195, "district": "Kohat"}}, {"type": "Feature", "geometry": {"geodesic": false, "type": "Point", "coordinates": [71.42280245213286, 33.48425305791311]}, "id": "21", "properties": {"classification": 1, "latitude": 33.48425305791311, "longitude": 71.42280245213286, "district": "Kohat"}}, {"type": "Feature", "geometry": {"geodesic": false, "type": "Point", "coordinates": [71.56473626702375, 33.516592408141406]}, "id": "22", "properties": {"classification": 1, "latitude": 33.516592408141406, "longitude": 71.56473626702375, "district": "Kohat"}}, {"type": "Feature", "geometry": {"geodesic": false, "type": "Point", "coordinates": [71.19283373939827, 33.32165799148747]}, "id": "23", "properties": {"classification": 1, "latitude": 33.32165799148747, "longitude": 71.19283373939827, "district": "Kohat"}}, {"type": "Feature", "geometry": {"geodesic": false, "type": "Point", "coordinates": [71.94202868635394, 33.5345587138238]}, "id": "24", "properties": {"classification": 1, "latitude": 33.5345587138238, "longitude": 71.94202868635394, "district": "Kohat"}}, {"type": "Feature", "geometry": {"geodesic": false, "type": "Point", "coordinates": [71.43448055082641, 33.89118988161925]}, "id": "0", "properties": {"classification": 1, "latitude": 33.89118988161925, "longitude": 71.43448055082641, "district": "Peshawar"}}, {"type": "Feature", "geometry": {"geodesic": false, "type": "Point", "coordinates": [71.69948355964168, 33.91454607900636]}, "id": "1", "properties": {"classification": 1, "latitude": 33.91454607900636, "longitude": 71.69948355964168, "district": "Peshawar"}}, {"type": "Feature", "geometry": {"geodesic": false, "type": "Point", "coordinates": [71.67882230810692, 34.05647989389724]}, "id": "2", "properties": {"classification": 1, "latitude": 34.05647989389724, "longitude": 71.67882230810692, "district": "Peshawar"}}, {"type": "Feature", "geometry": {"geodesic": false, "type": "Point", "coordinates": [71.5674312128761, 33.751951012580726]}, "id": "3", "properties": {"classification": 1, "latitude": 33.751951012580726, "longitude": 71.5674312128761, "district": "Peshawar"}}, {"type": "Feature", "geometry": {"geodesic": false, "type": "Point", "coordinates": [71.47670136918003, 33.97203825719001]}, "id": "4", "properties": {"classification": 1, "latitude": 33.97203825719001, "longitude": 71.47670136918003, "district": "Peshawar"}}, {"type": "Feature", "geometry": {"geodesic": false, "type": "Point", "coordinates": [71.59168572554732, 33.92712249298403]}, "id": "5", "properties": {"classification": 1, "latitude": 33.92712249298403, "longitude": 71.59168572554732, "district": "Peshawar"}}, {"type": "Feature", "geometry": {"geodesic": false, "type": "Point", "coordinates": [71.50993903469245, 33.91274944843812]}, "id": "6", "properties": {"classification": 1, "latitude": 33.91274944843812, "longitude": 71.50993903469245, "district": "Peshawar"}}, {"type": "Feature", "geometry": {"geodesic": false, "type": "Point", "coordinates": [71.51802387224953, 33.95497026679173]}, "id": "7", "properties": {"classification": 1, "latitude": 33.95497026679173, "longitude": 71.51802387224953, "district": "Peshawar"}}, {"type": "Feature", "geometry": {"geodesic": false, "type": "Point", "coordinates": [71.54676996134135, 33.73398470689833]}, "id": "8", "properties": {"classification": 1, "latitude": 33.73398470689833, "longitude": 71.54676996134135, "district": "Peshawar"}}, {"type": "Feature", "geometry": {"geodesic": false, "type": "Point", "coordinates": [71.54048175435251, 33.91095281786988]}, "id": "9", "properties": {"classification": 1, "latitude": 33.91095281786988, "longitude": 71.54048175435251, "district": "Peshawar"}}, {"type": "Feature", "geometry": {"geodesic": false, "type": "Point", "coordinates": [71.49017609844182, 34.00707255327067]}, "id": "10", "properties": {"classification": 1, "latitude": 34.00707255327067, "longitude": 71.49017609844182, "district": "Peshawar"}}, {"type": "Feature", "geometry": {"geodesic": false, "type": "Point", "coordinates": [71.61594023821856, 33.938800591677584]}, "id": "11", "properties": {"classification": 1, "latitude": 33.938800591677584, "longitude": 71.61594023821856, "district": "Peshawar"}}, {"type": "Feature", "geometry": {"geodesic": false, "type": "Point", "coordinates": [71.53239691679543, 33.830104442299124]}, "id": "12", "properties": {"classification": 1, "latitude": 33.830104442299124, "longitude": 71.53239691679543, "district": "Peshawar"}}, {"type": "Feature", "geometry": {"geodesic": false, "type": "Point", "coordinates": [71.62133012992328, 33.75823921956956]}, "id": "13", "properties": {"classification": 1, "latitude": 33.75823921956956, "longitude": 71.62133012992328, "district": "Peshawar"}}, {"type": "Feature", "geometry": {"geodesic": false, "type": "Point", "coordinates": [71.43358223554229, 33.892088196903366]}, "id": "14", "properties": {"classification": 1, "latitude": 33.892088196903366, "longitude": 71.43358223554229, "district": "Peshawar"}}, {"type": "Feature", "geometry": {"geodesic": false, "type": "Point", "coordinates": [71.46053169406588, 34.016055706111864]}, "id": "15", "properties": {"classification": 1, "latitude": 34.016055706111864, "longitude": 71.46053169406588, "district": "Peshawar"}}, {"type": "Feature", "geometry": {"geodesic": false, "type": "Point", "coordinates": [71.59258404083145, 33.822019604742046]}, "id": "16", "properties": {"classification": 1, "latitude": 33.822019604742046, "longitude": 71.59258404083145, "district": "Peshawar"}}, {"type": "Feature", "geometry": {"geodesic": false, "type": "Point", "coordinates": [71.52251544867012, 34.02953043537366]}, "id": "17", "properties": {"classification": 1, "latitude": 34.02953043537366, "longitude": 71.52251544867012, "district": "Peshawar"}}, {"type": "Feature", "geometry": {"geodesic": false, "type": "Point", "coordinates": [71.56563458230787, 34.09420913583026]}, "id": "18", "properties": {"classification": 1, "latitude": 34.09420913583026, "longitude": 71.56563458230787, "district": "Peshawar"}}, {"type": "Feature", "geometry": {"geodesic": false, "type": "Point", "coordinates": [71.4156159298599, 34.05647989389724]}, "id": "19", "properties": {"classification": 1, "latitude": 34.05647989389724, "longitude": 71.4156159298599, "district": "Peshawar"}}, {"type": "Feature", "geometry": {"geodesic": false, "type": "Point", "coordinates": [71.4659215857706, 34.07624283014787]}, "id": "20", "properties": {"classification": 1, "latitude": 34.07624283014787, "longitude": 71.4659215857706, "district": "Peshawar"}}, {"type": "Feature", "geometry": {"geodesic": false, "type": "Point", "coordinates": [71.57102447401257, 34.06725967730667]}, "id": "21", "properties": {"classification": 1, "latitude": 34.06725967730667, "longitude": 71.57102447401257, "district": "Peshawar"}}, {"type": "Feature", "geometry": {"geodesic": false, "type": "Point", "coordinates": [71.51802387224953, 33.85076569383387]}, "id": "22", "properties": {"classification": 1, "latitude": 33.85076569383387, "longitude": 71.51802387224953, "district": "Peshawar"}}, {"type": "Feature", "geometry": {"geodesic": false, "type": "Point", "coordinates": [71.44166707309937, 34.04570011048781]}, "id": "23", "properties": {"classification": 1, "latitude": 34.04570011048781, "longitude": 71.44166707309937, "district": "Peshawar"}}, {"type": "Feature", "geometry": {"geodesic": false, "type": "Point", "coordinates": [71.65277116486746, 34.0223439131007]}, "id": "24", "properties": {"classification": 1, "latitude": 34.0223439131007, "longitude": 71.65277116486746, "district": "Peshawar"}}, {"type": "Feature", "geometry": {"geodesic": false, "type": "Point", "coordinates": [71.81806117714545, 34.04839505634016]}, "id": "0", "properties": {"classification": 1, "latitude": 34.04839505634016, "longitude": 71.81806117714545, "district": "Charsadda"}}, {"type": "Feature", "geometry": {"geodesic": false, "type": "Point", "coordinates": [71.8620786260673, 34.07534451486375]}, "id": "1", "properties": {"classification": 1, "latitude": 34.07534451486375, "longitude": 71.8620786260673, "district": "Charsadda"}}, {"type": "Feature", "geometry": {"geodesic": false, "type": "Point", "coordinates": [71.6599576871404, 34.15619289043451]}, "id": "2", "properties": {"classification": 1, "latitude": 34.15619289043451, "longitude": 71.6599576871404, "district": "Charsadda"}}, {"type": "Feature", "geometry": {"geodesic": false, "type": "Point", "coordinates": [71.604262139525, 34.17685414196926]}, "id": "3", "properties": {"classification": 1, "latitude": 34.17685414196926, "longitude": 71.604262139525, "district": "Charsadda"}}, {"type": "Feature", "geometry": {"geodesic": false, "type": "Point", "coordinates": [71.70667008191462, 34.20290528520872]}, "id": "4", "properties": {"classification": 1, "latitude": 34.20290528520872, "longitude": 71.70667008191462, "district": "Charsadda"}}, {"type": "Feature", "geometry": {"geodesic": false, "type": "Point", "coordinates": [71.52880365565896, 34.18763392537869]}, "id": "5", "properties": {"classification": 1, "latitude": 34.18763392537869, "longitude": 71.52880365565896, "district": "Charsadda"}}, {"type": "Feature", "geometry": {"geodesic": false, "type": "Point", "coordinates": [71.76326394481416, 34.24961767998294]}, "id": "6", "properties": {"classification": 1, "latitude": 34.24961767998294, "longitude": 71.76326394481416, "district": "Charsadda"}}, {"type": "Feature", "geometry": {"geodesic": false, "type": "Point", "coordinates": [71.74080606271117, 34.069954623159035]}, "id": "7", "properties": {"classification": 1, "latitude": 34.069954623159035, "longitude": 71.74080606271117, "district": "Charsadda"}}, {"type": "Feature", "geometry": {"geodesic": false, "type": "Point", "coordinates": [71.82794264527077, 34.175057511401015]}, "id": "8", "properties": {"classification": 1, "latitude": 34.175057511401015, "longitude": 71.82794264527077, "district": "Charsadda"}}, {"type": "Feature", "geometry": {"geodesic": false, "type": "Point", "coordinates": [71.75877236839356, 34.05737820918136]}, "id": "9", "properties": {"classification": 1, "latitude": 34.05737820918136, "longitude": 71.75877236839356, "district": "Charsadda"}}, {"type": "Feature", "geometry": {"geodesic": false, "type": "Point", "coordinates": [71.74799258498413, 34.28824523720008]}, "id": "10", "properties": {"classification": 1, "latitude": 34.28824523720008, "longitude": 71.74799258498413, "district": "Charsadda"}}, {"type": "Feature", "geometry": {"geodesic": false, "type": "Point", "coordinates": [71.72463638759702, 34.197515393504005]}, "id": "11", "properties": {"classification": 1, "latitude": 34.197515393504005, "longitude": 71.72463638759702, "district": "Charsadda"}}, {"type": "Feature", "geometry": {"geodesic": false, "type": "Point", "coordinates": [71.84411232038491, 34.11756533321737]}, "id": "12", "properties": {"classification": 1, "latitude": 34.11756533321737, "longitude": 71.84411232038491, "district": "Charsadda"}}, {"type": "Feature", "geometry": {"geodesic": false, "type": "Point", "coordinates": [71.87196009419262, 34.10588723452381]}, "id": "13", "properties": {"classification": 1, "latitude": 34.10588723452381, "longitude": 71.87196009419262, "district": "Charsadda"}}, {"type": "Feature", "geometry": {"geodesic": false, "type": "Point", "coordinates": [71.77134878237123, 34.36550035163435]}, "id": "14", "properties": {"classification": 1, "latitude": 34.36550035163435, "longitude": 71.77134878237123, "district": "Charsadda"}}, {"type": "Feature", "geometry": {"geodesic": false, "type": "Point", "coordinates": [71.68600883037988, 34.202006969924604]}, "id": "15", "properties": {"classification": 1, "latitude": 34.202006969924604, "longitude": 71.68600883037988, "district": "Charsadda"}}, {"type": "Feature", "geometry": {"geodesic": false, "type": "Point", "coordinates": [71.68960209151636, 34.18673561009457]}, "id": "16", "properties": {"classification": 1, "latitude": 34.18673561009457, "longitude": 71.68960209151636, "district": "Charsadda"}}, {"type": "Feature", "geometry": {"geodesic": false, "type": "Point", "coordinates": [71.62492339105975, 34.107683865092056]}, "id": "17", "properties": {"classification": 1, "latitude": 34.107683865092056, "longitude": 71.62492339105975, "district": "Charsadda"}}, {"type": "Feature", "geometry": {"geodesic": false, "type": "Point", "coordinates": [71.74260269327941, 34.09959902753498]}, "id": "18", "properties": {"classification": 1, "latitude": 34.09959902753498, "longitude": 71.74260269327941, "district": "Charsadda"}}, {"type": "Feature", "geometry": {"geodesic": false, "type": "Point", "coordinates": [71.75517910725708, 34.06456473145432]}, "id": "19", "properties": {"classification": 1, "latitude": 34.06456473145432, "longitude": 71.75517910725708, "district": "Charsadda"}}, {"type": "Feature", "geometry": {"geodesic": false, "type": "Point", "coordinates": [71.70487345134639, 34.082531037136704]}, "id": "20", "properties": {"classification": 1, "latitude": 34.082531037136704, "longitude": 71.70487345134639, "district": "Charsadda"}}, {"type": "Feature", "geometry": {"geodesic": false, "type": "Point", "coordinates": [71.7470942697, 34.313398065155425]}, "id": "21", "properties": {"classification": 1, "latitude": 34.313398065155425, "longitude": 71.7470942697, "district": "Charsadda"}}, {"type": "Feature", "geometry": {"geodesic": false, "type": "Point", "coordinates": [71.81177297015661, 34.20739686162932]}, "id": "22", "properties": {"classification": 1, "latitude": 34.20739686162932, "longitude": 71.81177297015661, "district": "Charsadda"}}, {"type": "Feature", "geometry": {"geodesic": false, "type": "Point", "coordinates": [71.82614601470253, 34.158887836286866]}, "id": "23", "properties": {"classification": 1, "latitude": 34.158887836286866, "longitude": 71.82614601470253, "district": "Charsadda"}}, {"type": "Feature", "geometry": {"geodesic": false, "type": "Point", "coordinates": [71.72912796401762, 34.21009180748168]}, "id": "24", "properties": {"classification": 1, "latitude": 34.21009180748168, "longitude": 71.72912796401762, "district": "Charsadda"}}, {"type": "Feature", "geometry": {"geodesic": false, "type": "Point", "coordinates": [72.19535359647564, 33.784290362809024]}, "id": "0", "properties": {"classification": 1, "latitude": 33.784290362809024, "longitude": 72.19535359647564, "district": "Nowshera"}}, {"type": "Feature", "geometry": {"geodesic": false, "type": "Point", "coordinates": [71.9034011291368, 34.07444619957963]}, "id": "1", "properties": {"classification": 1, "latitude": 34.07444619957963, "longitude": 71.9034011291368, "district": "Nowshera"}}, {"type": "Feature", "geometry": {"geodesic": false, "type": "Point", "coordinates": [71.77404372822359, 33.95856352792821]}, "id": "2", "properties": {"classification": 1, "latitude": 33.95856352792821, "longitude": 71.77404372822359, "district": "Nowshera"}}, {"type": "Feature", "geometry": {"geodesic": false, "type": "Point", "coordinates": [72.1702007685203, 33.790578569797866]}, "id": "3", "properties": {"classification": 1, "latitude": 33.790578569797866, "longitude": 72.1702007685203, "district": "Nowshera"}}, {"type": "Feature", "geometry": {"geodesic": false, "type": "Point", "coordinates": [71.76685720595063, 33.93700396110935]}, "id": "4", "properties": {"classification": 1, "latitude": 33.93700396110935, "longitude": 71.76685720595063, "district": "Nowshera"}}, {"type": "Feature", "geometry": {"geodesic": false, "type": "Point", "coordinates": [72.11450522090489, 33.98191972531532]}, "id": "5", "properties": {"classification": 1, "latitude": 33.98191972531532, "longitude": 72.11450522090489, "district": "Nowshera"}}, {"type": "Feature", "geometry": {"geodesic": false, "type": "Point", "coordinates": [71.9222657501033, 34.10319228867146]}, "id": "6", "properties": {"classification": 1, "latitude": 34.10319228867146, "longitude": 71.9222657501033, "district": "Nowshera"}}, {"type": "Feature", "geometry": {"geodesic": false, "type": "Point", "coordinates": [71.7515858461206, 33.972936572474126]}, "id": "7", "properties": {"classification": 1, "latitude": 33.972936572474126, "longitude": 71.7515858461206, "district": "Nowshera"}}, {"type": "Feature", "geometry": {"geodesic": false, "type": "Point", "coordinates": [72.12348837374608, 33.96754668076941]}, "id": "8", "properties": {"classification": 1, "latitude": 33.96754668076941, "longitude": 72.12348837374608, "district": "Nowshera"}}, {"type": "Feature", "geometry": {"geodesic": false, "type": "Point", "coordinates": [72.22230305499923, 33.95856352792821]}, "id": "9", "properties": {"classification": 1, "latitude": 33.95856352792821, "longitude": 72.22230305499923, "district": "Nowshera"}}, {"type": "Feature", "geometry": {"geodesic": false, "type": "Point", "coordinates": [72.18457381306621, 34.07444619957963]}, "id": "10", "properties": {"classification": 1, "latitude": 34.07444619957963, "longitude": 72.18457381306621, "district": "Nowshera"}}, {"type": "Feature", "geometry": {"geodesic": false, "type": "Point", "coordinates": [72.07138608726716, 34.02054728253246]}, "id": "11", "properties": {"classification": 1, "latitude": 34.02054728253246, "longitude": 72.07138608726716, "district": "Nowshera"}}, {"type": "Feature", "geometry": {"geodesic": false, "type": "Point", "coordinates": [72.19715022704389, 33.77440889468371]}, "id": "12", "properties": {"classification": 1, "latitude": 33.77440889468371, "longitude": 72.19715022704389, "district": "Nowshera"}}, {"type": "Feature", "geometry": {"geodesic": false, "type": "Point", "coordinates": [72.20164180346448, 34.05288663276076]}, "id": "13", "properties": {"classification": 1, "latitude": 34.05288663276076, "longitude": 72.20164180346448, "district": "Nowshera"}}, {"type": "Feature", "geometry": {"geodesic": false, "type": "Point", "coordinates": [71.7515858461206, 33.96215678906469]}, "id": "14", "properties": {"classification": 1, "latitude": 33.96215678906469, "longitude": 71.7515858461206, "district": "Nowshera"}}, {"type": "Feature", "geometry": {"geodesic": false, "type": "Point", "coordinates": [71.91507922783036, 34.089717559409664]}, "id": "15", "properties": {"classification": 1, "latitude": 34.089717559409664, "longitude": 71.91507922783036, "district": "Nowshera"}}, {"type": "Feature", "geometry": {"geodesic": false, "type": "Point", "coordinates": [72.13875973357612, 33.98461467116768]}, "id": "16", "properties": {"classification": 1, "latitude": 33.98461467116768, "longitude": 72.13875973357612, "district": "Nowshera"}}, {"type": "Feature", "geometry": {"geodesic": false, "type": "Point", "coordinates": [71.90968933612564, 34.09870071225086]}, "id": "17", "properties": {"classification": 1, "latitude": 34.09870071225086, "longitude": 71.90968933612564, "district": "Nowshera"}}, {"type": "Feature", "geometry": {"geodesic": false, "type": "Point", "coordinates": [72.22679463141984, 33.8013583532073]}, "id": "18", "properties": {"classification": 1, "latitude": 33.8013583532073, "longitude": 72.22679463141984, "district": "Nowshera"}}, {"type": "Feature", "geometry": {"geodesic": false, "type": "Point", "coordinates": [72.00850401737878, 34.04210684935133]}, "id": "19", "properties": {"classification": 1, "latitude": 34.04210684935133, "longitude": 72.00850401737878, "district": "Nowshera"}}, {"type": "Feature", "geometry": {"geodesic": false, "type": "Point", "coordinates": [71.71116165833523, 33.98820793230416]}, "id": "20", "properties": {"classification": 1, "latitude": 33.98820793230416, "longitude": 71.71116165833523, "district": "Nowshera"}}, {"type": "Feature", "geometry": {"geodesic": false, "type": "Point", "coordinates": [72.2393710453975, 33.98641130173592]}, "id": "21", "properties": {"classification": 1, "latitude": 33.98641130173592, "longitude": 72.2393710453975, "district": "Nowshera"}}, {"type": "Feature", "geometry": {"geodesic": false, "type": "Point", "coordinates": [72.16930245323618, 34.00527592270243]}, "id": "22", "properties": {"classification": 1, "latitude": 34.00527592270243, "longitude": 72.16930245323618, "district": "Nowshera"}}, {"type": "Feature", "geometry": {"geodesic": false, "type": "Point", "coordinates": [71.72104312646054, 33.99719108514535]}, "id": "23", "properties": {"classification": 1, "latitude": 33.99719108514535, "longitude": 71.72104312646054, "district": "Nowshera"}}, {"type": "Feature", "geometry": {"geodesic": false, "type": "Point", "coordinates": [71.77134878237123, 33.99808940042947]}, "id": "24", "properties": {"classification": 1, "latitude": 33.99808940042947, "longitude": 71.77134878237123, "district": "Nowshera"}}, {"type": "Feature", "geometry": {"geodesic": false, "type": "Point", "coordinates": [72.19894685761213, 36.29418326663897]}, "id": "0", "properties": {"classification": 1, "latitude": 36.29418326663897, "longitude": 72.19894685761213, "district": "Chitral"}}, {"type": "Feature", "geometry": {"geodesic": false, "type": "Point", "coordinates": [71.8063830784519, 35.567446201786275]}, "id": "1", "properties": {"classification": 1, "latitude": 35.567446201786275, "longitude": 71.8063830784519, "district": "Chitral"}}, {"type": "Feature", "geometry": {"geodesic": false, "type": "Point", "coordinates": [71.7749420435077, 35.7893300769638]}, "id": "2", "properties": {"classification": 1, "latitude": 35.7893300769638, "longitude": 71.7749420435077, "district": "Chitral"}}, {"type": "Feature", "geometry": {"geodesic": false, "type": "Point", "coordinates": [71.70667008191462, 35.359037055870544]}, "id": "3", "properties": {"classification": 1, "latitude": 35.359037055870544, "longitude": 71.70667008191462, "district": "Chitral"}}, {"type": "Feature", "geometry": {"geodesic": false, "type": "Point", "coordinates": [71.73451785572233, 35.50456413189791]}, "id": "4", "properties": {"classification": 1, "latitude": 35.50456413189791, "longitude": 71.73451785572233, "district": "Chitral"}}, {"type": "Feature", "geometry": {"geodesic": false, "type": "Point", "coordinates": [71.88094324703381, 35.93306052242292]}, "id": "5", "properties": {"classification": 1, "latitude": 35.93306052242292, "longitude": 71.88094324703381, "district": "Chitral"}}, {"type": "Feature", "geometry": {"geodesic": false, "type": "Point", "coordinates": [72.3956779048343, 36.275318645672456]}, "id": "6", "properties": {"classification": 1, "latitude": 36.275318645672456, "longitude": 72.3956779048343, "district": "Chitral"}}, {"type": "Feature", "geometry": {"geodesic": false, "type": "Point", "coordinates": [71.78482351163302, 35.516242230591466]}, "id": "7", "properties": {"classification": 1, "latitude": 35.516242230591466, "longitude": 71.78482351163302, "district": "Chitral"}}, {"type": "Feature", "geometry": {"geodesic": false, "type": "Point", "coordinates": [71.75248416140472, 35.67524403588062]}, "id": "8", "properties": {"classification": 1, "latitude": 35.67524403588062, "longitude": 71.75248416140472, "district": "Chitral"}}, {"type": "Feature", "geometry": {"geodesic": false, "type": "Point", "coordinates": [72.26991376505757, 36.31125125703724]}, "id": "9", "properties": {"classification": 1, "latitude": 36.31125125703724, "longitude": 72.26991376505757, "district": "Chitral"}}, {"type": "Feature", "geometry": {"geodesic": false, "type": "Point", "coordinates": [71.8063830784519, 35.58181924633219]}, "id": "10", "properties": {"classification": 1, "latitude": 35.58181924633219, "longitude": 71.8063830784519, "district": "Chitral"}}, {"type": "Feature", "geometry": {"geodesic": false, "type": "Point", "coordinates": [71.78482351163302, 35.72734632235955]}, "id": "11", "properties": {"classification": 1, "latitude": 35.72734632235955, "longitude": 71.78482351163302, "district": "Chitral"}}, {"type": "Feature", "geometry": {"geodesic": false, "type": "Point", "coordinates": [72.10552206806369, 36.16482586572576]}, "id": "12", "properties": {"classification": 1, "latitude": 36.16482586572576, "longitude": 72.10552206806369, "district": "Chitral"}}, {"type": "Feature", "geometry": {"geodesic": false, "type": "Point", "coordinates": [71.7973999256107, 35.56564957121804]}, "id": "13", "properties": {"classification": 1, "latitude": 35.56564957121804, "longitude": 71.7973999256107, "district": "Chitral"}}, {"type": "Feature", "geometry": {"geodesic": false, "type": "Point", "coordinates": [73.02539691900209, 36.793646564609425]}, "id": "14", "properties": {"classification": 1, "latitude": 36.793646564609425, "longitude": 73.02539691900209, "district": "Chitral"}}, {"type": "Feature", "geometry": {"geodesic": false, "type": "Point", "coordinates": [71.6366014897533, 35.67704066644886]}, "id": "15", "properties": {"classification": 1, "latitude": 35.67704066644886, "longitude": 71.6366014897533, "district": "Chitral"}}, {"type": "Feature", "geometry": {"geodesic": false, "type": "Point", "coordinates": [71.9815545588552, 36.004027429868366]}, "id": "16", "properties": {"classification": 1, "latitude": 36.004027429868366, "longitude": 71.9815545588552, "district": "Chitral"}}, {"type": "Feature", "geometry": {"geodesic": false, "type": "Point", "coordinates": [71.8063830784519, 35.90072117219462]}, "id": "17", "properties": {"classification": 1, "latitude": 35.90072117219462, "longitude": 71.8063830784519, "district": "Chitral"}}, {"type": "Feature", "geometry": {"geodesic": false, "type": "Point", "coordinates": [72.33998235721889, 36.263640546978905]}, "id": "18", "properties": {"classification": 1, "latitude": 36.263640546978905, "longitude": 72.33998235721889, "district": "Chitral"}}, {"type": "Feature", "geometry": {"geodesic": false, "type": "Point", "coordinates": [72.04713157459592, 36.081282544302645]}, "id": "19", "properties": {"classification": 1, "latitude": 36.081282544302645, "longitude": 72.04713157459592, "district": "Chitral"}}, {"type": "Feature", "geometry": {"geodesic": false, "type": "Point", "coordinates": [71.79380666447422, 35.64020973979996]}, "id": "20", "properties": {"classification": 1, "latitude": 35.64020973979996, "longitude": 71.79380666447422, "district": "Chitral"}}, {"type": "Feature", "geometry": {"geodesic": false, "type": "Point", "coordinates": [71.4892777831577, 35.98965438532245]}, "id": "21", "properties": {"classification": 1, "latitude": 35.98965438532245, "longitude": 71.4892777831577, "district": "Chitral"}}, {"type": "Feature", "geometry": {"geodesic": false, "type": "Point", "coordinates": [72.82417429535931, 36.57355932000014]}, "id": "22", "properties": {"classification": 1, "latitude": 36.57355932000014, "longitude": 72.82417429535931, "district": "Chitral"}}, {"type": "Feature", "geometry": {"geodesic": false, "type": "Point", "coordinates": [72.20972664102156, 36.23758940373944]}, "id": "23", "properties": {"classification": 1, "latitude": 36.23758940373944, "longitude": 72.20972664102156, "district": "Chitral"}}, {"type": "Feature", "geometry": {"geodesic": false, "type": "Point", "coordinates": [72.00401244095819, 36.01750215913015]}, "id": "24", "properties": {"classification": 1, "latitude": 36.01750215913015, "longitude": 72.00401244095819, "district": "Chitral"}}, {"type": "Feature", "geometry": {"geodesic": false, "type": "Point", "coordinates": [71.604262139525, 35.01767724790513]}, "id": "0", "properties": {"classification": 1, "latitude": 35.01767724790513, "longitude": 71.604262139525, "district": "Upper Dir"}}, {"type": "Feature", "geometry": {"geodesic": false, "type": "Point", "coordinates": [72.06599619556243, 35.39227472138297]}, "id": "1", "properties": {"classification": 1, "latitude": 35.39227472138297, "longitude": 72.06599619556243, "district": "Upper Dir"}}, {"type": "Feature", "geometry": {"geodesic": false, "type": "Point", "coordinates": [71.56563458230787, 35.05360985926991]}, "id": "2", "properties": {"classification": 1, "latitude": 35.05360985926991, "longitude": 71.56563458230787, "district": "Upper Dir"}}, {"type": "Feature", "geometry": {"geodesic": false, "type": "Point", "coordinates": [71.96897814487752, 34.99162610466566]}, "id": "3", "properties": {"classification": 1, "latitude": 34.99162610466566, "longitude": 71.96897814487752, "district": "Upper Dir"}}, {"type": "Feature", "geometry": {"geodesic": false, "type": "Point", "coordinates": [71.98784276584404, 35.06618627324758]}, "id": "4", "properties": {"classification": 1, "latitude": 35.06618627324758, "longitude": 71.98784276584404, "district": "Upper Dir"}}, {"type": "Feature", "geometry": {"geodesic": false, "type": "Point", "coordinates": [72.23757441482927, 35.451563530134855]}, "id": "5", "properties": {"classification": 1, "latitude": 35.451563530134855, "longitude": 72.23757441482927, "district": "Upper Dir"}}, {"type": "Feature", "geometry": {"geodesic": false, "type": "Point", "coordinates": [71.9447236322063, 35.04283007586047]}, "id": "6", "properties": {"classification": 1, "latitude": 35.04283007586047, "longitude": 71.9447236322063, "district": "Upper Dir"}}, {"type": "Feature", "geometry": {"geodesic": false, "type": "Point", "coordinates": [71.63929643560566, 34.9889311588133]}, "id": "7", "properties": {"classification": 1, "latitude": 34.9889311588133, "longitude": 71.63929643560566, "district": "Upper Dir"}}, {"type": "Feature", "geometry": {"geodesic": false, "type": "Point", "coordinates": [71.9078927055574, 35.13535655012478]}, "id": "8", "properties": {"classification": 1, "latitude": 35.13535655012478, "longitude": 71.9078927055574, "district": "Upper Dir"}}, {"type": "Feature", "geometry": {"geodesic": false, "type": "Point", "coordinates": [71.90879102084152, 35.253934167628564]}, "id": "9", "properties": {"classification": 1, "latitude": 35.253934167628564, "longitude": 71.90879102084152, "district": "Upper Dir"}}, {"type": "Feature", "geometry": {"geodesic": false, "type": "Point", "coordinates": [72.04174168289121, 35.137153180693026]}, "id": "10", "properties": {"classification": 1, "latitude": 35.137153180693026, "longitude": 72.04174168289121, "district": "Upper Dir"}}, {"type": "Feature", "geometry": {"geodesic": false, "type": "Point", "coordinates": [71.70936502776699, 35.06349132739523]}, "id": "11", "properties": {"classification": 1, "latitude": 35.06349132739523, "longitude": 71.70936502776699, "district": "Upper Dir"}}, {"type": "Feature", "geometry": {"geodesic": false, "type": "Point", "coordinates": [72.04802988988004, 35.01677893262101]}, "id": "12", "properties": {"classification": 1, "latitude": 35.01677893262101, "longitude": 72.04802988988004, "district": "Upper Dir"}}, {"type": "Feature", "geometry": {"geodesic": false, "type": "Point", "coordinates": [72.22769294670395, 35.438987116157186]}, "id": "13", "properties": {"classification": 1, "latitude": 35.438987116157186, "longitude": 72.22769294670395, "district": "Upper Dir"}}, {"type": "Feature", "geometry": {"geodesic": false, "type": "Point", "coordinates": [72.20972664102156, 35.43808880087307]}, "id": "14", "properties": {"classification": 1, "latitude": 35.43808880087307, "longitude": 72.20972664102156, "district": "Upper Dir"}}, {"type": "Feature", "geometry": {"geodesic": false, "type": "Point", "coordinates": [71.77134878237123, 35.09313573177117]}, "id": "15", "properties": {"classification": 1, "latitude": 35.09313573177117, "longitude": 71.77134878237123, "district": "Upper Dir"}}, {"type": "Feature", "geometry": {"geodesic": false, "type": "Point", "coordinates": [71.66175431770866, 35.080559317793494]}, "id": "16", "properties": {"classification": 1, "latitude": 35.080559317793494, "longitude": 71.66175431770866, "district": "Upper Dir"}}, {"type": "Feature", "geometry": {"geodesic": false, "type": "Point", "coordinates": [71.7973999256107, 35.01677893262101]}, "id": "17", "properties": {"classification": 1, "latitude": 35.01677893262101, "longitude": 71.7973999256107, "district": "Upper Dir"}}, {"type": "Feature", "geometry": {"geodesic": false, "type": "Point", "coordinates": [72.24296430653398, 35.48659782621552]}, "id": "18", "properties": {"classification": 1, "latitude": 35.48659782621552, "longitude": 72.24296430653398, "district": "Upper Dir"}}, {"type": "Feature", "geometry": {"geodesic": false, "type": "Point", "coordinates": [72.1746923449409, 35.462343313544295]}, "id": "19", "properties": {"classification": 1, "latitude": 35.462343313544295, "longitude": 72.1746923449409, "district": "Upper Dir"}}, {"type": "Feature", "geometry": {"geodesic": false, "type": "Point", "coordinates": [71.63570317446919, 34.990727789381545]}, "id": "20", "properties": {"classification": 1, "latitude": 34.990727789381545, "longitude": 71.63570317446919, "district": "Upper Dir"}}, {"type": "Feature", "geometry": {"geodesic": false, "type": "Point", "coordinates": [71.99772423396935, 35.269205527458595]}, "id": "21", "properties": {"classification": 1, "latitude": 35.269205527458595, "longitude": 71.99772423396935, "district": "Upper Dir"}}, {"type": "Feature", "geometry": {"geodesic": false, "type": "Point", "coordinates": [72.23398115369278, 35.471326466385484]}, "id": "22", "properties": {"classification": 1, "latitude": 35.471326466385484, "longitude": 72.23398115369278, "district": "Upper Dir"}}, {"type": "Feature", "geometry": {"geodesic": false, "type": "Point", "coordinates": [72.04353831345945, 35.138051495977145]}, "id": "23", "properties": {"classification": 1, "latitude": 35.138051495977145, "longitude": 72.04353831345945, "district": "Upper Dir"}}, {"type": "Feature", "geometry": {"geodesic": false, "type": "Point", "coordinates": [71.73631448629057, 35.12098350557888]}, "id": "24", "properties": {"classification": 1, "latitude": 35.12098350557888, "longitude": 71.73631448629057, "district": "Upper Dir"}}, {"type": "Feature", "geometry": {"geodesic": false, "type": "Point", "coordinates": [72.06869114141479, 34.740097825112194]}, "id": "0", "properties": {"classification": 1, "latitude": 34.740097825112194, "longitude": 72.06869114141479, "district": "Lower Dir"}}, {"type": "Feature", "geometry": {"geodesic": false, "type": "Point", "coordinates": [72.13067489601904, 34.7032668984633]}, "id": "1", "properties": {"classification": 1, "latitude": 34.7032668984633, "longitude": 72.13067489601904, "district": "Lower Dir"}}, {"type": "Feature", "geometry": {"geodesic": false, "type": "Point", "coordinates": [71.91597754311448, 34.75177592380575]}, "id": "2", "properties": {"classification": 1, "latitude": 34.75177592380575, "longitude": 71.91597754311448, "district": "Lower Dir"}}, {"type": "Feature", "geometry": {"geodesic": false, "type": "Point", "coordinates": [71.9312489029445, 34.75447086965811]}, "id": "3", "properties": {"classification": 1, "latitude": 34.75447086965811, "longitude": 71.9312489029445, "district": "Lower Dir"}}, {"type": "Feature", "geometry": {"geodesic": false, "type": "Point", "coordinates": [72.0408433676071, 34.63229999101785]}, "id": "4", "properties": {"classification": 1, "latitude": 34.63229999101785, "longitude": 72.0408433676071, "district": "Lower Dir"}}, {"type": "Feature", "geometry": {"geodesic": false, "type": "Point", "coordinates": [71.82614601470253, 34.81465799369412]}, "id": "5", "properties": {"classification": 1, "latitude": 34.81465799369412, "longitude": 71.82614601470253, "district": "Lower Dir"}}, {"type": "Feature", "geometry": {"geodesic": false, "type": "Point", "coordinates": [71.95640173089986, 34.75267423908987]}, "id": "6", "properties": {"classification": 1, "latitude": 34.75267423908987, "longitude": 71.95640173089986, "district": "Lower Dir"}}, {"type": "Feature", "geometry": {"geodesic": false, "type": "Point", "coordinates": [71.65636442600393, 34.820047885398836]}, "id": "7", "properties": {"classification": 1, "latitude": 34.820047885398836, "longitude": 71.65636442600393, "district": "Lower Dir"}}, {"type": "Feature", "geometry": {"geodesic": false, "type": "Point", "coordinates": [72.03725010647061, 34.727521411134525]}, "id": "8", "properties": {"classification": 1, "latitude": 34.727521411134525, "longitude": 72.03725010647061, "district": "Lower Dir"}}, {"type": "Feature", "geometry": {"geodesic": false, "type": "Point", "coordinates": [71.66983915526573, 34.87035354130953]}, "id": "9", "properties": {"classification": 1, "latitude": 34.87035354130953, "longitude": 71.66983915526573, "district": "Lower Dir"}}, {"type": "Feature", "geometry": {"geodesic": false, "type": "Point", "coordinates": [71.88633313873854, 34.64757135084788]}, "id": "10", "properties": {"classification": 1, "latitude": 34.64757135084788, "longitude": 71.88633313873854, "district": "Lower Dir"}}, {"type": "Feature", "geometry": {"geodesic": false, "type": "Point", "coordinates": [72.00760570209466, 34.74818266266927]}, "id": "11", "properties": {"classification": 1, "latitude": 34.74818266266927, "longitude": 72.00760570209466, "district": "Lower Dir"}}, {"type": "Feature", "geometry": {"geodesic": false, "type": "Point", "coordinates": [71.87016346362438, 34.63948651329081]}, "id": "12", "properties": {"classification": 1, "latitude": 34.63948651329081, "longitude": 71.87016346362438, "district": "Lower Dir"}}, {"type": "Feature", "geometry": {"geodesic": false, "type": "Point", "coordinates": [71.90879102084152, 34.72931804170276]}, "id": "13", "properties": {"classification": 1, "latitude": 34.72931804170276, "longitude": 71.90879102084152, "district": "Lower Dir"}}, {"type": "Feature", "geometry": {"geodesic": false, "type": "Point", "coordinates": [71.80997633958837, 34.935930557050256]}, "id": "14", "properties": {"classification": 1, "latitude": 34.935930557050256, "longitude": 71.80997633958837, "district": "Lower Dir"}}, {"type": "Feature", "geometry": {"geodesic": false, "type": "Point", "coordinates": [72.15043783226967, 34.74548771681691]}, "id": "15", "properties": {"classification": 1, "latitude": 34.74548771681691, "longitude": 72.15043783226967, "district": "Lower Dir"}}, {"type": "Feature", "geometry": {"geodesic": false, "type": "Point", "coordinates": [71.9492152086269, 34.83801419108122]}, "id": "16", "properties": {"classification": 1, "latitude": 34.83801419108122, "longitude": 71.9492152086269, "district": "Lower Dir"}}, {"type": "Feature", "geometry": {"geodesic": false, "type": "Point", "coordinates": [71.94202868635394, 34.61792694647194]}, "id": "17", "properties": {"classification": 1, "latitude": 34.61792694647194, "longitude": 71.94202868635394, "district": "Lower Dir"}}, {"type": "Feature", "geometry": {"geodesic": false, "type": "Point", "coordinates": [72.05072483573241, 34.66374102596204]}, "id": "18", "properties": {"classification": 1, "latitude": 34.66374102596204, "longitude": 72.05072483573241, "district": "Lower Dir"}}, {"type": "Feature", "geometry": {"geodesic": false, "type": "Point", "coordinates": [71.67612736225456, 34.88023500943484]}, "id": "19", "properties": {"classification": 1, "latitude": 34.88023500943484, "longitude": 71.67612736225456, "district": "Lower Dir"}}, {"type": "Feature", "geometry": {"geodesic": false, "type": "Point", "coordinates": [71.72463638759702, 34.79938663386409]}, "id": "20", "properties": {"classification": 1, "latitude": 34.79938663386409, "longitude": 71.72463638759702, "district": "Lower Dir"}}, {"type": "Feature", "geometry": {"geodesic": false, "type": "Point", "coordinates": [71.68421219981164, 34.94401539460733]}, "id": "21", "properties": {"classification": 1, "latitude": 34.94401539460733, "longitude": 71.68421219981164, "district": "Lower Dir"}}, {"type": "Feature", "geometry": {"geodesic": false, "type": "Point", "coordinates": [72.05611472743712, 34.70955510545213]}, "id": "22", "properties": {"classification": 1, "latitude": 34.70955510545213, "longitude": 72.05611472743712, "district": "Lower Dir"}}, {"type": "Feature", "geometry": {"geodesic": false, "type": "Point", "coordinates": [71.68331388452752, 34.80836978670528]}, "id": "23", "properties": {"classification": 1, "latitude": 34.80836978670528, "longitude": 71.68331388452752, "district": "Lower Dir"}}, {"type": "Feature", "geometry": {"geodesic": false, "type": "Point", "coordinates": [71.9402320557857, 34.75177592380575]}, "id": "24", "properties": {"classification": 1, "latitude": 34.75177592380575, "longitude": 71.9402320557857, "district": "Lower Dir"}}, {"type": "Feature", "geometry": {"geodesic": false, "type": "Point", "coordinates": [72.09564059993838, 34.4732981857287]}, "id": "0", "properties": {"classification": 1, "latitude": 34.4732981857287, "longitude": 72.09564059993838, "district": "Malakand"}}, {"type": "Feature", "geometry": {"geodesic": false, "type": "Point", "coordinates": [71.92675732652391, 34.46162008703514]}, "id": "1", "properties": {"classification": 1, "latitude": 34.46162008703514, "longitude": 71.92675732652391, "district": "Malakand"}}, {"type": "Feature", "geometry": {"geodesic": false, "type": "Point", "coordinates": [71.9034011291368, 34.49126449141109]}, "id": "2", "properties": {"classification": 1, "latitude": 34.49126449141109, "longitude": 71.9034011291368, "district": "Malakand"}}, {"type": "Feature", "geometry": {"geodesic": false, "type": "Point", "coordinates": [71.78931508805363, 34.47419650101282]}, "id": "3", "properties": {"classification": 1, "latitude": 34.47419650101282, "longitude": 71.78931508805363, "district": "Malakand"}}, {"type": "Feature", "geometry": {"geodesic": false, "type": "Point", "coordinates": [71.9034011291368, 34.383466657316745]}, "id": "4", "properties": {"classification": 1, "latitude": 34.383466657316745, "longitude": 71.9034011291368, "district": "Malakand"}}, {"type": "Feature", "geometry": {"geodesic": false, "type": "Point", "coordinates": [71.95280846976338, 34.499349328968165]}, "id": "5", "properties": {"classification": 1, "latitude": 34.499349328968165, "longitude": 71.95280846976338, "district": "Malakand"}}, {"type": "Feature", "geometry": {"geodesic": false, "type": "Point", "coordinates": [71.73361954043821, 34.50024764425228]}, "id": "6", "properties": {"classification": 1, "latitude": 34.50024764425228, "longitude": 71.73361954043821, "district": "Malakand"}}, {"type": "Feature", "geometry": {"geodesic": false, "type": "Point", "coordinates": [72.17648897550913, 34.53168867919647]}, "id": "7", "properties": {"classification": 1, "latitude": 34.53168867919647, "longitude": 72.17648897550913, "district": "Malakand"}}, {"type": "Feature", "geometry": {"geodesic": false, "type": "Point", "coordinates": [71.8387224286802, 34.55234993073122]}, "id": "8", "properties": {"classification": 1, "latitude": 34.55234993073122, "longitude": 71.8387224286802, "district": "Malakand"}}, {"type": "Feature", "geometry": {"geodesic": false, "type": "Point", "coordinates": [71.8342308522596, 34.333161001406054]}, "id": "9", "properties": {"classification": 1, "latitude": 34.333161001406054, "longitude": 71.8342308522596, "district": "Malakand"}}, {"type": "Feature", "geometry": {"geodesic": false, "type": "Point", "coordinates": [71.94202868635394, 34.42119589924977]}, "id": "10", "properties": {"classification": 1, "latitude": 34.42119589924977, "longitude": 71.94202868635394, "district": "Malakand"}}, {"type": "Feature", "geometry": {"geodesic": false, "type": "Point", "coordinates": [72.10552206806369, 34.549654984878856]}, "id": "11", "properties": {"classification": 1, "latitude": 34.549654984878856, "longitude": 72.10552206806369, "district": "Malakand"}}, {"type": "Feature", "geometry": {"geodesic": false, "type": "Point", "coordinates": [71.94562194749042, 34.52719710277587]}, "id": "12", "properties": {"classification": 1, "latitude": 34.52719710277587, "longitude": 71.94562194749042, "district": "Malakand"}}, {"type": "Feature", "geometry": {"geodesic": false, "type": "Point", "coordinates": [72.00580907152643, 34.49485775254757]}, "id": "13", "properties": {"classification": 1, "latitude": 34.49485775254757, "longitude": 72.00580907152643, "district": "Malakand"}}, {"type": "Feature", "geometry": {"geodesic": false, "type": "Point", "coordinates": [71.84590895095316, 34.502942590104645]}, "id": "14", "properties": {"classification": 1, "latitude": 34.502942590104645, "longitude": 71.84590895095316, "district": "Malakand"}}, {"type": "Feature", "geometry": {"geodesic": false, "type": "Point", "coordinates": [71.93214721822862, 34.51731563465056]}, "id": "15", "properties": {"classification": 1, "latitude": 34.51731563465056, "longitude": 71.93214721822862, "district": "Malakand"}}, {"type": "Feature", "geometry": {"geodesic": false, "type": "Point", "coordinates": [71.81356960072485, 34.45623019533043]}, "id": "16", "properties": {"classification": 1, "latitude": 34.45623019533043, "longitude": 71.81356960072485, "district": "Malakand"}}, {"type": "Feature", "geometry": {"geodesic": false, "type": "Point", "coordinates": [71.9078927055574, 34.584689280959516]}, "id": "17", "properties": {"classification": 1, "latitude": 34.584689280959516, "longitude": 71.9078927055574, "district": "Malakand"}}, {"type": "Feature", "geometry": {"geodesic": false, "type": "Point", "coordinates": [71.8665702024879, 34.34753404595197]}, "id": "18", "properties": {"classification": 1, "latitude": 34.34753404595197, "longitude": 71.8665702024879, "district": "Malakand"}}, {"type": "Feature", "geometry": {"geodesic": false, "type": "Point", "coordinates": [71.73811111685882, 34.41131443112445]}, "id": "19", "properties": {"classification": 1, "latitude": 34.41131443112445, "longitude": 71.73811111685882, "district": "Malakand"}}, {"type": "Feature", "geometry": {"geodesic": false, "type": "Point", "coordinates": [72.0920473388019, 34.515519004082314]}, "id": "20", "properties": {"classification": 1, "latitude": 34.515519004082314, "longitude": 72.0920473388019, "district": "Malakand"}}, {"type": "Feature", "geometry": {"geodesic": false, "type": "Point", "coordinates": [71.84501063566903, 34.40502622413562]}, "id": "21", "properties": {"classification": 1, "latitude": 34.40502622413562, "longitude": 71.84501063566903, "district": "Malakand"}}, {"type": "Feature", "geometry": {"geodesic": false, "type": "Point", "coordinates": [71.80997633958837, 34.425687475670365]}, "id": "22", "properties": {"classification": 1, "latitude": 34.425687475670365, "longitude": 71.80997633958837, "district": "Malakand"}}, {"type": "Feature", "geometry": {"geodesic": false, "type": "Point", "coordinates": [71.74080606271117, 34.55863813772005]}, "id": "23", "properties": {"classification": 1, "latitude": 34.55863813772005, "longitude": 71.74080606271117, "district": "Malakand"}}, {"type": "Feature", "geometry": {"geodesic": false, "type": "Point", "coordinates": [71.90429944442093, 34.38436497260086]}, "id": "24", "properties": {"classification": 1, "latitude": 34.38436497260086, "longitude": 71.90429944442093, "district": "Malakand"}}, {"type": "Feature", "geometry": {"geodesic": false, "type": "Point", "coordinates": [72.19535359647564, 34.67452080937147]}, "id": "0", "properties": {"classification": 1, "latitude": 34.67452080937147, "longitude": 72.19535359647564, "district": "Swat"}}, {"type": "Feature", "geometry": {"geodesic": false, "type": "Point", "coordinates": [72.3354907807983, 34.778725382329334]}, "id": "1", "properties": {"classification": 1, "latitude": 34.778725382329334, "longitude": 72.3354907807983, "district": "Swat"}}, {"type": "Feature", "geometry": {"geodesic": false, "type": "Point", "coordinates": [72.22320137028335, 34.66823260238264]}, "id": "2", "properties": {"classification": 1, "latitude": 34.66823260238264, "longitude": 72.22320137028335, "district": "Swat"}}, {"type": "Feature", "geometry": {"geodesic": false, "type": "Point", "coordinates": [72.41813578693728, 34.80747147142116]}, "id": "3", "properties": {"classification": 1, "latitude": 34.80747147142116, "longitude": 72.41813578693728, "district": "Swat"}}, {"type": "Feature", "geometry": {"geodesic": false, "type": "Point", "coordinates": [72.4325088314832, 34.84699734392242]}, "id": "4", "properties": {"classification": 1, "latitude": 34.84699734392242, "longitude": 72.4325088314832, "district": "Swat"}}, {"type": "Feature", "geometry": {"geodesic": false, "type": "Point", "coordinates": [72.2851851248876, 34.743691086248674]}, "id": "5", "properties": {"classification": 1, "latitude": 34.743691086248674, "longitude": 72.2851851248876, "district": "Swat"}}, {"type": "Feature", "geometry": {"geodesic": false, "type": "Point", "coordinates": [72.14414962528083, 34.615232000619585]}, "id": "6", "properties": {"classification": 1, "latitude": 34.615232000619585, "longitude": 72.14414962528083, "district": "Swat"}}, {"type": "Feature", "geometry": {"geodesic": false, "type": "Point", "coordinates": [72.30584637642235, 34.64038482857493]}, "id": "7", "properties": {"classification": 1, "latitude": 34.64038482857493, "longitude": 72.30584637642235, "district": "Swat"}}, {"type": "Feature", "geometry": {"geodesic": false, "type": "Point", "coordinates": [72.44867850659735, 34.9979143116545]}, "id": "8", "properties": {"classification": 1, "latitude": 34.9979143116545, "longitude": 72.44867850659735, "district": "Swat"}}, {"type": "Feature", "geometry": {"geodesic": false, "type": "Point", "coordinates": [72.44957682188146, 34.98982947409743]}, "id": "9", "properties": {"classification": 1, "latitude": 34.98982947409743, "longitude": 72.44957682188146, "district": "Swat"}}, {"type": "Feature", "geometry": {"geodesic": false, "type": "Point", "coordinates": [72.27081208034168, 34.74548771681691]}, "id": "10", "properties": {"classification": 1, "latitude": 34.74548771681691, "longitude": 72.27081208034168, "district": "Swat"}}, {"type": "Feature", "geometry": {"geodesic": false, "type": "Point", "coordinates": [72.38579643670899, 34.816454624262356]}, "id": "11", "properties": {"classification": 1, "latitude": 34.816454624262356, "longitude": 72.38579643670899, "district": "Swat"}}, {"type": "Feature", "geometry": {"geodesic": false, "type": "Point", "coordinates": [72.64540955381953, 35.32220612922165]}, "id": "12", "properties": {"classification": 1, "latitude": 35.32220612922165, "longitude": 72.64540955381953, "district": "Swat"}}, {"type": "Feature", "geometry": {"geodesic": false, "type": "Point", "coordinates": [72.27350702619404, 34.73201298755512]}, "id": "13", "properties": {"classification": 1, "latitude": 34.73201298755512, "longitude": 72.27350702619404, "district": "Swat"}}, {"type": "Feature", "geometry": {"geodesic": false, "type": "Point", "coordinates": [72.50347573892864, 34.94401539460733]}, "id": "14", "properties": {"classification": 1, "latitude": 34.94401539460733, "longitude": 72.50347573892864, "district": "Swat"}}, {"type": "Feature", "geometry": {"geodesic": false, "type": "Point", "coordinates": [72.1612176156791, 34.63679156743845]}, "id": "15", "properties": {"classification": 1, "latitude": 34.63679156743845, "longitude": 72.1612176156791, "district": "Swat"}}, {"type": "Feature", "geometry": {"geodesic": false, "type": "Point", "coordinates": [72.42532230921024, 34.804776525568805]}, "id": "16", "properties": {"classification": 1, "latitude": 34.804776525568805, "longitude": 72.42532230921024, "district": "Swat"}}, {"type": "Feature", "geometry": {"geodesic": false, "type": "Point", "coordinates": [72.42172904807377, 34.85777712733186]}, "id": "17", "properties": {"classification": 1, "latitude": 34.85777712733186, "longitude": 72.42172904807377, "district": "Swat"}}, {"type": "Feature", "geometry": {"geodesic": false, "type": "Point", "coordinates": [72.41813578693728, 34.87664174829836]}, "id": "18", "properties": {"classification": 1, "latitude": 34.87664174829836, "longitude": 72.41813578693728, "district": "Swat"}}, {"type": "Feature", "geometry": {"geodesic": false, "type": "Point", "coordinates": [72.23577778426103, 34.785013589318176]}, "id": "19", "properties": {"classification": 1, "latitude": 34.785013589318176, "longitude": 72.23577778426103, "district": "Swat"}}, {"type": "Feature", "geometry": {"geodesic": false, "type": "Point", "coordinates": [72.47562796512094, 35.044626706428716]}, "id": "20", "properties": {"classification": 1, "latitude": 35.044626706428716, "longitude": 72.47562796512094, "district": "Swat"}}, {"type": "Feature", "geometry": {"geodesic": false, "type": "Point", "coordinates": [72.43969535375615, 34.891014792844274]}, "id": "21", "properties": {"classification": 1, "latitude": 34.891014792844274, "longitude": 72.43969535375615, "district": "Swat"}}, {"type": "Feature", "geometry": {"geodesic": false, "type": "Point", "coordinates": [72.22320137028335, 34.681707331644425]}, "id": "22", "properties": {"classification": 1, "latitude": 34.681707331644425, "longitude": 72.22320137028335, "district": "Swat"}}, {"type": "Feature", "geometry": {"geodesic": false, "type": "Point", "coordinates": [72.3956779048343, 34.793996742159365]}, "id": "23", "properties": {"classification": 1, "latitude": 34.793996742159365, "longitude": 72.3956779048343, "district": "Swat"}}, {"type": "Feature", "geometry": {"geodesic": false, "type": "Point", "coordinates": [72.22769294670395, 34.75177592380575]}, "id": "24", "properties": {"classification": 1, "latitude": 34.75177592380575, "longitude": 72.22769294670395, "district": "Swat"}}, {"type": "Feature", "geometry": {"geodesic": false, "type": "Point", "coordinates": [72.88705636524767, 35.55846304894508]}, "id": "0", "properties": {"classification": 1, "latitude": 35.55846304894508, "longitude": 72.88705636524767, "district": "Kohistan"}}, {"type": "Feature", "geometry": {"geodesic": false, "type": "Point", "coordinates": [73.35328199770571, 35.49558097905671]}, "id": "1", "properties": {"classification": 1, "latitude": 35.49558097905671, "longitude": 73.35328199770571, "district": "Kohistan"}}, {"type": "Feature", "geometry": {"geodesic": false, "type": "Point", "coordinates": [73.12690654610759, 35.30962971524397]}, "id": "2", "properties": {"classification": 1, "latitude": 35.30962971524397, "longitude": 73.12690654610759, "district": "Kohistan"}}, {"type": "Feature", "geometry": {"geodesic": false, "type": "Point", "coordinates": [73.12600823082347, 35.304239823539255]}, "id": "3", "properties": {"classification": 1, "latitude": 35.304239823539255, "longitude": 73.12600823082347, "district": "Kohistan"}}, {"type": "Feature", "geometry": {"geodesic": false, "type": "Point", "coordinates": [73.03438007184327, 35.0437283911446]}, "id": "4", "properties": {"classification": 1, "latitude": 35.0437283911446, "longitude": 73.03438007184327, "district": "Kohistan"}}, {"type": "Feature", "geometry": {"geodesic": false, "type": "Point", "coordinates": [73.49880907373307, 35.516242230591466]}, "id": "5", "properties": {"classification": 1, "latitude": 35.516242230591466, "longitude": 73.49880907373307, "district": "Kohistan"}}, {"type": "Feature", "geometry": {"geodesic": false, "type": "Point", "coordinates": [73.03887164826388, 35.03833849943988]}, "id": "6", "properties": {"classification": 1, "latitude": 35.03833849943988, "longitude": 73.03887164826388, "district": "Kohistan"}}, {"type": "Feature", "geometry": {"geodesic": false, "type": "Point", "coordinates": [73.32094264747741, 35.176679053194285]}, "id": "7", "properties": {"classification": 1, "latitude": 35.176679053194285, "longitude": 73.32094264747741, "district": "Kohistan"}}, {"type": "Feature", "geometry": {"geodesic": false, "type": "Point", "coordinates": [73.02360028843384, 35.114695298590036]}, "id": "8", "properties": {"classification": 1, "latitude": 35.114695298590036, "longitude": 73.02360028843384, "district": "Kohistan"}}, {"type": "Feature", "geometry": {"geodesic": false, "type": "Point", "coordinates": [73.12870317667583, 35.311426345812215]}, "id": "9", "properties": {"classification": 1, "latitude": 35.311426345812215, "longitude": 73.12870317667583, "district": "Kohistan"}}, {"type": "Feature", "geometry": {"geodesic": false, "type": "Point", "coordinates": [73.03887164826388, 35.037440184155756]}, "id": "10", "properties": {"classification": 1, "latitude": 35.037440184155756, "longitude": 73.03887164826388, "district": "Kohistan"}}, {"type": "Feature", "geometry": {"geodesic": false, "type": "Point", "coordinates": [73.27512856798731, 35.35274884888171]}, "id": "11", "properties": {"classification": 1, "latitude": 35.35274884888171, "longitude": 73.27512856798731, "district": "Kohistan"}}, {"type": "Feature", "geometry": {"geodesic": false, "type": "Point", "coordinates": [73.03617670241152, 35.039236814724]}, "id": "12", "properties": {"classification": 1, "latitude": 35.039236814724, "longitude": 73.03617670241152, "district": "Kohistan"}}, {"type": "Feature", "geometry": {"geodesic": false, "type": "Point", "coordinates": [73.58235239515619, 35.474021412237846]}, "id": "13", "properties": {"classification": 1, "latitude": 35.474021412237846, "longitude": 73.58235239515619, "district": "Kohistan"}}, {"type": "Feature", "geometry": {"geodesic": false, "type": "Point", "coordinates": [72.87986984297473, 35.555768103092724]}, "id": "14", "properties": {"classification": 1, "latitude": 35.555768103092724, "longitude": 72.87986984297473, "district": "Kohistan"}}, {"type": "Feature", "geometry": {"geodesic": false, "type": "Point", "coordinates": [73.0352783871274, 35.041033445292236]}, "id": "15", "properties": {"classification": 1, "latitude": 35.041033445292236, "longitude": 73.0352783871274, "district": "Kohistan"}}, {"type": "Feature", "geometry": {"geodesic": false, "type": "Point", "coordinates": [73.07749920548102, 35.01228735620041]}, "id": "16", "properties": {"classification": 1, "latitude": 35.01228735620041, "longitude": 73.07749920548102, "district": "Kohistan"}}, {"type": "Feature", "geometry": {"geodesic": false, "type": "Point", "coordinates": [73.09456719587929, 35.41742754933831]}, "id": "17", "properties": {"classification": 1, "latitude": 35.41742754933831, "longitude": 73.09456719587929, "district": "Kohistan"}}, {"type": "Feature", "geometry": {"geodesic": false, "type": "Point", "coordinates": [73.62816647464628, 35.44258037729366]}, "id": "18", "properties": {"classification": 1, "latitude": 35.44258037729366, "longitude": 73.62816647464628, "district": "Kohistan"}}, {"type": "Feature", "geometry": {"geodesic": false, "type": "Point", "coordinates": [73.03707501769564, 35.03564355358752]}, "id": "19", "properties": {"classification": 1, "latitude": 35.03564355358752, "longitude": 73.03707501769564, "district": "Kohistan"}}, {"type": "Feature", "geometry": {"geodesic": false, "type": "Point", "coordinates": [73.12780486139171, 35.30962971524397]}, "id": "20", "properties": {"classification": 1, "latitude": 35.30962971524397, "longitude": 73.12780486139171, "district": "Kohistan"}}, {"type": "Feature", "geometry": {"geodesic": false, "type": "Point", "coordinates": [73.11522844741404, 34.906286152674305]}, "id": "21", "properties": {"classification": 1, "latitude": 34.906286152674305, "longitude": 73.11522844741404, "district": "Kohistan"}}, {"type": "Feature", "geometry": {"geodesic": false, "type": "Point", "coordinates": [73.03707501769564, 35.04283007586047]}, "id": "22", "properties": {"classification": 1, "latitude": 35.04283007586047, "longitude": 73.03707501769564, "district": "Kohistan"}}, {"type": "Feature", "geometry": {"geodesic": false, "type": "Point", "coordinates": [73.24189090247489, 35.2557307981968]}, "id": "23", "properties": {"classification": 1, "latitude": 35.2557307981968, "longitude": 73.24189090247489, "district": "Kohistan"}}, {"type": "Feature", "geometry": {"geodesic": false, "type": "Point", "coordinates": [73.0218036578656, 35.00869409506393]}, "id": "24", "properties": {"classification": 1, "latitude": 35.00869409506393, "longitude": 73.0218036578656, "district": "Kohistan"}}, {"type": "Feature", "geometry": {"geodesic": false, "type": "Point", "coordinates": [72.08935239294955, 34.25680420225589]}, "id": "0", "properties": {"classification": 1, "latitude": 34.25680420225589, "longitude": 72.08935239294955, "district": "Mardan"}}, {"type": "Feature", "geometry": {"geodesic": false, "type": "Point", "coordinates": [72.28698175545584, 34.22626148259583]}, "id": "1", "properties": {"classification": 1, "latitude": 34.22626148259583, "longitude": 72.28698175545584, "district": "Mardan"}}, {"type": "Feature", "geometry": {"geodesic": false, "type": "Point", "coordinates": [72.01299559379939, 34.2388378965735]}, "id": "2", "properties": {"classification": 1, "latitude": 34.2388378965735, "longitude": 72.01299559379939, "district": "Mardan"}}, {"type": "Feature", "geometry": {"geodesic": false, "type": "Point", "coordinates": [71.97975792828696, 34.36550035163435]}, "id": "3", "properties": {"classification": 1, "latitude": 34.36550035163435, "longitude": 71.97975792828696, "district": "Mardan"}}, {"type": "Feature", "geometry": {"geodesic": false, "type": "Point", "coordinates": [71.91597754311448, 34.22715979787995]}, "id": "4", "properties": {"classification": 1, "latitude": 34.22715979787995, "longitude": 71.91597754311448, "district": "Mardan"}}, {"type": "Feature", "geometry": {"geodesic": false, "type": "Point", "coordinates": [72.00401244095819, 34.32777110970134]}, "id": "5", "properties": {"classification": 1, "latitude": 34.32777110970134, "longitude": 72.00401244095819, "district": "Mardan"}}, {"type": "Feature", "geometry": {"geodesic": false, "type": "Point", "coordinates": [71.94202868635394, 34.16158278213923]}, "id": "6", "properties": {"classification": 1, "latitude": 34.16158278213923, "longitude": 71.94202868635394, "district": "Mardan"}}, {"type": "Feature", "geometry": {"geodesic": false, "type": "Point", "coordinates": [72.2160148480104, 34.274770507938285]}, "id": "7", "properties": {"classification": 1, "latitude": 34.274770507938285, "longitude": 72.2160148480104, "district": "Mardan"}}, {"type": "Feature", "geometry": {"geodesic": false, "type": "Point", "coordinates": [71.97796129771872, 34.20470191577696]}, "id": "8", "properties": {"classification": 1, "latitude": 34.20470191577696, "longitude": 71.97796129771872, "district": "Mardan"}}, {"type": "Feature", "geometry": {"geodesic": false, "type": "Point", "coordinates": [72.03725010647061, 34.09061587469378]}, "id": "9", "properties": {"classification": 1, "latitude": 34.09061587469378, "longitude": 72.03725010647061, "district": "Mardan"}}, {"type": "Feature", "geometry": {"geodesic": false, "type": "Point", "coordinates": [72.10911532920018, 34.20739686162932]}, "id": "10", "properties": {"classification": 1, "latitude": 34.20739686162932, "longitude": 72.10911532920018, "district": "Mardan"}}, {"type": "Feature", "geometry": {"geodesic": false, "type": "Point", "coordinates": [71.9402320557857, 34.325974479133095]}, "id": "11", "properties": {"classification": 1, "latitude": 34.325974479133095, "longitude": 71.9402320557857, "district": "Mardan"}}, {"type": "Feature", "geometry": {"geodesic": false, "type": "Point", "coordinates": [72.2941682777288, 34.24243115770998]}, "id": "12", "properties": {"classification": 1, "latitude": 34.24243115770998, "longitude": 72.2941682777288, "district": "Mardan"}}, {"type": "Feature", "geometry": {"geodesic": false, "type": "Point", "coordinates": [72.28249017903524, 34.233448004868784]}, "id": "13", "properties": {"classification": 1, "latitude": 34.233448004868784, "longitude": 72.28249017903524, "district": "Mardan"}}, {"type": "Feature", "geometry": {"geodesic": false, "type": "Point", "coordinates": [72.10372543749546, 34.11576870264913]}, "id": "14", "properties": {"classification": 1, "latitude": 34.11576870264913, "longitude": 72.10372543749546, "district": "Mardan"}}, {"type": "Feature", "geometry": {"geodesic": false, "type": "Point", "coordinates": [72.17559066022501, 34.104988919239695]}, "id": "15", "properties": {"classification": 1, "latitude": 34.104988919239695, "longitude": 72.17559066022501, "district": "Mardan"}}, {"type": "Feature", "geometry": {"geodesic": false, "type": "Point", "coordinates": [71.8845365081703, 34.198413708788124]}, "id": "16", "properties": {"classification": 1, "latitude": 34.198413708788124, "longitude": 71.8845365081703, "district": "Mardan"}}, {"type": "Feature", "geometry": {"geodesic": false, "type": "Point", "coordinates": [72.0875557623813, 34.30261828174599]}, "id": "17", "properties": {"classification": 1, "latitude": 34.30261828174599, "longitude": 72.0875557623813, "district": "Mardan"}}, {"type": "Feature", "geometry": {"geodesic": false, "type": "Point", "coordinates": [72.23038789255631, 34.363703721066116]}, "id": "18", "properties": {"classification": 1, "latitude": 34.363703721066116, "longitude": 72.23038789255631, "district": "Mardan"}}, {"type": "Feature", "geometry": {"geodesic": false, "type": "Point", "coordinates": [71.8845365081703, 34.34034752367901]}, "id": "19", "properties": {"classification": 1, "latitude": 34.34034752367901, "longitude": 71.8845365081703, "district": "Mardan"}}, {"type": "Feature", "geometry": {"geodesic": false, "type": "Point", "coordinates": [72.05701304272124, 34.12205690963797]}, "id": "20", "properties": {"classification": 1, "latitude": 34.12205690963797, "longitude": 72.05701304272124, "district": "Mardan"}}, {"type": "Feature", "geometry": {"geodesic": false, "type": "Point", "coordinates": [72.1612176156791, 34.26399072452885]}, "id": "21", "properties": {"classification": 1, "latitude": 34.26399072452885, "longitude": 72.1612176156791, "district": "Mardan"}}, {"type": "Feature", "geometry": {"geodesic": false, "type": "Point", "coordinates": [72.08575913181306, 34.193922132367526]}, "id": "22", "properties": {"classification": 1, "latitude": 34.193922132367526, "longitude": 72.08575913181306, "district": "Mardan"}}, {"type": "Feature", "geometry": {"geodesic": false, "type": "Point", "coordinates": [71.91238428197799, 34.205600231061084]}, "id": "23", "properties": {"classification": 1, "latitude": 34.205600231061084, "longitude": 71.91238428197799, "district": "Mardan"}}, {"type": "Feature", "geometry": {"geodesic": false, "type": "Point", "coordinates": [72.15852266982675, 34.290940183052435]}, "id": "24", "properties": {"classification": 1, "latitude": 34.290940183052435, "longitude": 72.15852266982675, "district": "Mardan"}}, {"type": "Feature", "geometry": {"geodesic": false, "type": "Point", "coordinates": [72.62205335643242, 34.15259962929803]}, "id": "0", "properties": {"classification": 1, "latitude": 34.15259962929803, "longitude": 72.62205335643242, "district": "Swabi"}}, {"type": "Feature", "geometry": {"geodesic": false, "type": "Point", "coordinates": [72.3085413222747, 34.10409060395558]}, "id": "1", "properties": {"classification": 1, "latitude": 34.10409060395558, "longitude": 72.3085413222747, "district": "Swabi"}}, {"type": "Feature", "geometry": {"geodesic": false, "type": "Point", "coordinates": [72.62744324813714, 34.11487038736501]}, "id": "2", "properties": {"classification": 1, "latitude": 34.11487038736501, "longitude": 72.62744324813714, "district": "Swabi"}}, {"type": "Feature", "geometry": {"geodesic": false, "type": "Point", "coordinates": [72.42532230921024, 34.11127712622853]}, "id": "3", "properties": {"classification": 1, "latitude": 34.11127712622853, "longitude": 72.42532230921024, "district": "Swabi"}}, {"type": "Feature", "geometry": {"geodesic": false, "type": "Point", "coordinates": [72.26182892750049, 34.18763392537869]}, "id": "4", "properties": {"classification": 1, "latitude": 34.18763392537869, "longitude": 72.26182892750049, "district": "Swabi"}}, {"type": "Feature", "geometry": {"geodesic": false, "type": "Point", "coordinates": [72.37681328386779, 34.13373500833152]}, "id": "5", "properties": {"classification": 1, "latitude": 34.13373500833152, "longitude": 72.37681328386779, "district": "Swabi"}}, {"type": "Feature", "geometry": {"geodesic": false, "type": "Point", "coordinates": [72.52323867517927, 34.10678554980793]}, "id": "6", "properties": {"classification": 1, "latitude": 34.10678554980793, "longitude": 72.52323867517927, "district": "Swabi"}}, {"type": "Feature", "geometry": {"geodesic": false, "type": "Point", "coordinates": [72.30225311528586, 34.22536316731171]}, "id": "7", "properties": {"classification": 1, "latitude": 34.22536316731171, "longitude": 72.30225311528586, "district": "Swabi"}}, {"type": "Feature", "geometry": {"geodesic": false, "type": "Point", "coordinates": [72.61307020359122, 34.05737820918136]}, "id": "8", "properties": {"classification": 1, "latitude": 34.05737820918136, "longitude": 72.61307020359122, "district": "Swabi"}}, {"type": "Feature", "geometry": {"geodesic": false, "type": "Point", "coordinates": [72.37052507687895, 34.298126705325394]}, "id": "9", "properties": {"classification": 1, "latitude": 34.298126705325394, "longitude": 72.37052507687895, "district": "Swabi"}}, {"type": "Feature", "geometry": {"geodesic": false, "type": "Point", "coordinates": [72.63193482455773, 34.112175441512655]}, "id": "10", "properties": {"classification": 1, "latitude": 34.112175441512655, "longitude": 72.63193482455773, "district": "Swabi"}}, {"type": "Feature", "geometry": {"geodesic": false, "type": "Point", "coordinates": [72.38130486028838, 34.027733804805415]}, "id": "11", "properties": {"classification": 1, "latitude": 34.027733804805415, "longitude": 72.38130486028838, "district": "Swabi"}}, {"type": "Feature", "geometry": {"geodesic": false, "type": "Point", "coordinates": [72.31662615983178, 34.22715979787995]}, "id": "12", "properties": {"classification": 1, "latitude": 34.22715979787995, "longitude": 72.31662615983178, "district": "Swabi"}}, {"type": "Feature", "geometry": {"geodesic": false, "type": "Point", "coordinates": [72.31033795284294, 34.07444619957963]}, "id": "13", "properties": {"classification": 1, "latitude": 34.07444619957963, "longitude": 72.31033795284294, "district": "Swabi"}}, {"type": "Feature", "geometry": {"geodesic": false, "type": "Point", "coordinates": [72.35255877119657, 34.201108654640485]}, "id": "14", "properties": {"classification": 1, "latitude": 34.201108654640485, "longitude": 72.35255877119657, "district": "Swabi"}}, {"type": "Feature", "geometry": {"geodesic": false, "type": "Point", "coordinates": [72.363338554606, 34.18673561009457]}, "id": "15", "properties": {"classification": 1, "latitude": 34.18673561009457, "longitude": 72.363338554606, "district": "Swabi"}}, {"type": "Feature", "geometry": {"geodesic": false, "type": "Point", "coordinates": [72.35076214062832, 34.313398065155425]}, "id": "16", "properties": {"classification": 1, "latitude": 34.313398065155425, "longitude": 72.35076214062832, "district": "Swabi"}}, {"type": "Feature", "geometry": {"geodesic": false, "type": "Point", "coordinates": [72.42532230921024, 34.06097147031784]}, "id": "17", "properties": {"classification": 1, "latitude": 34.06097147031784, "longitude": 72.42532230921024, "district": "Swabi"}}, {"type": "Feature", "geometry": {"geodesic": false, "type": "Point", "coordinates": [72.41094926466434, 34.11846364850149]}, "id": "18", "properties": {"classification": 1, "latitude": 34.11846364850149, "longitude": 72.41094926466434, "district": "Swabi"}}, {"type": "Feature", "geometry": {"geodesic": false, "type": "Point", "coordinates": [72.24925251352282, 33.99988603099771]}, "id": "19", "properties": {"classification": 1, "latitude": 33.99988603099771, "longitude": 72.24925251352282, "district": "Swabi"}}, {"type": "Feature", "geometry": {"geodesic": false, "type": "Point", "coordinates": [72.30315143056998, 34.19122718651517]}, "id": "20", "properties": {"classification": 1, "latitude": 34.19122718651517, "longitude": 72.30315143056998, "district": "Swabi"}}, {"type": "Feature", "geometry": {"geodesic": false, "type": "Point", "coordinates": [72.39837285068666, 34.258600832824136]}, "id": "21", "properties": {"classification": 1, "latitude": 34.258600832824136, "longitude": 72.39837285068666, "district": "Swabi"}}, {"type": "Feature", "geometry": {"geodesic": false, "type": "Point", "coordinates": [72.27710028733053, 34.08792092884143]}, "id": "22", "properties": {"classification": 1, "latitude": 34.08792092884143, "longitude": 72.27710028733053, "district": "Swabi"}}, {"type": "Feature", "geometry": {"geodesic": false, "type": "Point", "coordinates": [72.43340714676732, 34.09241250526202]}, "id": "23", "properties": {"classification": 1, "latitude": 34.09241250526202, "longitude": 72.43340714676732, "district": "Swabi"}}, {"type": "Feature", "geometry": {"geodesic": false, "type": "Point", "coordinates": [72.27260871090992, 34.136429954183875]}, "id": "24", "properties": {"classification": 1, "latitude": 34.136429954183875, "longitude": 72.27260871090992, "district": "Swabi"}}, {"type": "Feature", "geometry": {"geodesic": false, "type": "Point", "coordinates": [72.53312014330459, 34.406822854703854]}, "id": "0", "properties": {"classification": 1, "latitude": 34.406822854703854, "longitude": 72.53312014330459, "district": "Buner"}}, {"type": "Feature", "geometry": {"geodesic": false, "type": "Point", "coordinates": [72.566357808817, 34.50833248180936]}, "id": "1", "properties": {"classification": 1, "latitude": 34.50833248180936, "longitude": 72.566357808817, "district": "Buner"}}, {"type": "Feature", "geometry": {"geodesic": false, "type": "Point", "coordinates": [72.30943963755882, 34.52001058050291]}, "id": "2", "properties": {"classification": 1, "latitude": 34.52001058050291, "longitude": 72.30943963755882, "district": "Buner"}}, {"type": "Feature", "geometry": {"geodesic": false, "type": "Point", "coordinates": [72.43520377733556, 34.24961767998294]}, "id": "3", "properties": {"classification": 1, "latitude": 34.24961767998294, "longitude": 72.43520377733556, "district": "Buner"}}, {"type": "Feature", "geometry": {"geodesic": false, "type": "Point", "coordinates": [72.45317008301795, 34.48497628442225]}, "id": "4", "properties": {"classification": 1, "latitude": 34.48497628442225, "longitude": 72.45317008301795, "district": "Buner"}}, {"type": "Feature", "geometry": {"geodesic": false, "type": "Point", "coordinates": [72.57713759222645, 34.39424644072618]}, "id": "5", "properties": {"classification": 1, "latitude": 34.39424644072618, "longitude": 72.57713759222645, "district": "Buner"}}, {"type": "Feature", "geometry": {"geodesic": false, "type": "Point", "coordinates": [72.42981388563084, 34.49755269839993]}, "id": "6", "properties": {"classification": 1, "latitude": 34.49755269839993, "longitude": 72.42981388563084, "district": "Buner"}}, {"type": "Feature", "geometry": {"geodesic": false, "type": "Point", "coordinates": [72.45317008301795, 34.25680420225589]}, "id": "7", "properties": {"classification": 1, "latitude": 34.25680420225589, "longitude": 72.45317008301795, "district": "Buner"}}, {"type": "Feature", "geometry": {"geodesic": false, "type": "Point", "coordinates": [72.5106622612016, 34.46521334817162]}, "id": "8", "properties": {"classification": 1, "latitude": 34.46521334817162, "longitude": 72.5106622612016, "district": "Buner"}}, {"type": "Feature", "geometry": {"geodesic": false, "type": "Point", "coordinates": [72.53042519745223, 34.19032887123105]}, "id": "9", "properties": {"classification": 1, "latitude": 34.19032887123105, "longitude": 72.53042519745223, "district": "Buner"}}, {"type": "Feature", "geometry": {"geodesic": false, "type": "Point", "coordinates": [72.53581508915694, 34.514620688798196]}, "id": "10", "properties": {"classification": 1, "latitude": 34.514620688798196, "longitude": 72.53581508915694, "district": "Buner"}}, {"type": "Feature", "geometry": {"geodesic": false, "type": "Point", "coordinates": [72.22679463141984, 34.518213949934676]}, "id": "11", "properties": {"classification": 1, "latitude": 34.518213949934676, "longitude": 72.22679463141984, "district": "Buner"}}, {"type": "Feature", "geometry": {"geodesic": false, "type": "Point", "coordinates": [72.6121718883071, 34.4966543831158]}, "id": "12", "properties": {"classification": 1, "latitude": 34.4966543831158, "longitude": 72.6121718883071, "district": "Buner"}}, {"type": "Feature", "geometry": {"geodesic": false, "type": "Point", "coordinates": [72.506170684781, 34.371788558623194]}, "id": "13", "properties": {"classification": 1, "latitude": 34.371788558623194, "longitude": 72.506170684781, "district": "Buner"}}, {"type": "Feature", "geometry": {"geodesic": false, "type": "Point", "coordinates": [72.40286442710726, 34.511027427661716]}, "id": "14", "properties": {"classification": 1, "latitude": 34.511027427661716, "longitude": 72.40286442710726, "district": "Buner"}}, {"type": "Feature", "geometry": {"geodesic": false, "type": "Point", "coordinates": [72.39657622011842, 34.502942590104645]}, "id": "15", "properties": {"classification": 1, "latitude": 34.502942590104645, "longitude": 72.39657622011842, "district": "Buner"}}, {"type": "Feature", "geometry": {"geodesic": false, "type": "Point", "coordinates": [72.37860991443603, 34.514620688798196]}, "id": "16", "properties": {"classification": 1, "latitude": 34.514620688798196, "longitude": 72.37860991443603, "district": "Buner"}}, {"type": "Feature", "geometry": {"geodesic": false, "type": "Point", "coordinates": [72.37681328386779, 34.56402802942477]}, "id": "17", "properties": {"classification": 1, "latitude": 34.56402802942477, "longitude": 72.37681328386779, "district": "Buner"}}, {"type": "Feature", "geometry": {"geodesic": false, "type": "Point", "coordinates": [72.4325088314832, 34.213685068618155]}, "id": "18", "properties": {"classification": 1, "latitude": 34.213685068618155, "longitude": 72.4325088314832, "district": "Buner"}}, {"type": "Feature", "geometry": {"geodesic": false, "type": "Point", "coordinates": [72.57623927694232, 34.27027893151769]}, "id": "19", "properties": {"classification": 1, "latitude": 34.27027893151769, "longitude": 72.57623927694232, "district": "Buner"}}, {"type": "Feature", "geometry": {"geodesic": false, "type": "Point", "coordinates": [72.57893422279469, 34.45982345646691]}, "id": "20", "properties": {"classification": 1, "latitude": 34.45982345646691, "longitude": 72.57893422279469, "district": "Buner"}}, {"type": "Feature", "geometry": {"geodesic": false, "type": "Point", "coordinates": [72.52323867517927, 34.59007917266424]}, "id": "21", "properties": {"classification": 1, "latitude": 34.59007917266424, "longitude": 72.52323867517927, "district": "Buner"}}, {"type": "Feature", "geometry": {"geodesic": false, "type": "Point", "coordinates": [72.55467971012345, 34.46521334817162]}, "id": "22", "properties": {"classification": 1, "latitude": 34.46521334817162, "longitude": 72.55467971012345, "district": "Buner"}}, {"type": "Feature", "geometry": {"geodesic": false, "type": "Point", "coordinates": [72.46664481227974, 34.50743416652524]}, "id": "23", "properties": {"classification": 1, "latitude": 34.50743416652524, "longitude": 72.46664481227974, "district": "Buner"}}, {"type": "Feature", "geometry": {"geodesic": false, "type": "Point", "coordinates": [72.47023807341623, 34.53168867919647]}, "id": "24", "properties": {"classification": 1, "latitude": 34.53168867919647, "longitude": 72.47023807341623, "district": "Buner"}}, {"type": "Feature", "geometry": {"geodesic": false, "type": "Point", "coordinates": [72.82507261064343, 33.935207330541104]}, "id": "0", "properties": {"classification": 1, "latitude": 33.935207330541104, "longitude": 72.82507261064343, "district": "Haripur"}}, {"type": "Feature", "geometry": {"geodesic": false, "type": "Point", "coordinates": [72.93287044473777, 33.91634270957459]}, "id": "1", "properties": {"classification": 1, "latitude": 33.91634270957459, "longitude": 72.93287044473777, "district": "Haripur"}}, {"type": "Feature", "geometry": {"geodesic": false, "type": "Point", "coordinates": [72.77386863944862, 33.92083428599519]}, "id": "2", "properties": {"classification": 1, "latitude": 33.92083428599519, "longitude": 72.77386863944862, "district": "Haripur"}}, {"type": "Feature", "geometry": {"geodesic": false, "type": "Point", "coordinates": [72.90412435564595, 33.977428148894724]}, "id": "3", "properties": {"classification": 1, "latitude": 33.977428148894724, "longitude": 72.90412435564595, "district": "Haripur"}}, {"type": "Feature", "geometry": {"geodesic": false, "type": "Point", "coordinates": [72.85471701501938, 34.17954908782161]}, "id": "4", "properties": {"classification": 1, "latitude": 34.17954908782161, "longitude": 72.85471701501938, "district": "Haripur"}}, {"type": "Feature", "geometry": {"geodesic": false, "type": "Point", "coordinates": [72.85831027615585, 33.865138738379784]}, "id": "5", "properties": {"classification": 1, "latitude": 33.865138738379784, "longitude": 72.85831027615585, "district": "Haripur"}}, {"type": "Feature", "geometry": {"geodesic": false, "type": "Point", "coordinates": [73.02539691900209, 34.085225982989066]}, "id": "6", "properties": {"classification": 1, "latitude": 34.085225982989066, "longitude": 73.02539691900209, "district": "Haripur"}}, {"type": "Feature", "geometry": {"geodesic": false, "type": "Point", "coordinates": [72.89603951808887, 33.848969063265635]}, "id": "7", "properties": {"classification": 1, "latitude": 33.848969063265635, "longitude": 72.89603951808887, "district": "Haripur"}}, {"type": "Feature", "geometry": {"geodesic": false, "type": "Point", "coordinates": [72.84303891632582, 33.880410098209815]}, "id": "8", "properties": {"classification": 1, "latitude": 33.880410098209815, "longitude": 72.84303891632582, "district": "Haripur"}}, {"type": "Feature", "geometry": {"geodesic": false, "type": "Point", "coordinates": [72.90502267093007, 33.911851133153995]}, "id": "9", "properties": {"classification": 1, "latitude": 33.911851133153995, "longitude": 72.90502267093007, "district": "Haripur"}}, {"type": "Feature", "geometry": {"geodesic": false, "type": "Point", "coordinates": [72.79452989098337, 33.99359782400887]}, "id": "10", "properties": {"classification": 1, "latitude": 33.99359782400887, "longitude": 72.79452989098337, "district": "Haripur"}}, {"type": "Feature", "geometry": {"geodesic": false, "type": "Point", "coordinates": [72.77207200888039, 33.94688542923466]}, "id": "11", "properties": {"classification": 1, "latitude": 33.94688542923466, "longitude": 72.77207200888039, "district": "Haripur"}}, {"type": "Feature", "geometry": {"geodesic": false, "type": "Point", "coordinates": [72.9202940307601, 34.06456473145432]}, "id": "12", "properties": {"classification": 1, "latitude": 34.06456473145432, "longitude": 72.9202940307601, "district": "Haripur"}}, {"type": "Feature", "geometry": {"geodesic": false, "type": "Point", "coordinates": [72.99665082991027, 34.027733804805415]}, "id": "13", "properties": {"classification": 1, "latitude": 34.027733804805415, "longitude": 72.99665082991027, "district": "Haripur"}}, {"type": "Feature", "geometry": {"geodesic": false, "type": "Point", "coordinates": [72.88166647354296, 33.977428148894724]}, "id": "14", "properties": {"classification": 1, "latitude": 33.977428148894724, "longitude": 72.88166647354296, "district": "Haripur"}}, {"type": "Feature", "geometry": {"geodesic": false, "type": "Point", "coordinates": [72.83854733990522, 33.98461467116768]}, "id": "15", "properties": {"classification": 1, "latitude": 33.98461467116768, "longitude": 72.83854733990522, "district": "Haripur"}}, {"type": "Feature", "geometry": {"geodesic": false, "type": "Point", "coordinates": [72.91759908490775, 33.937902276393466]}, "id": "16", "properties": {"classification": 1, "latitude": 33.937902276393466, "longitude": 72.91759908490775, "district": "Haripur"}}, {"type": "Feature", "geometry": {"geodesic": false, "type": "Point", "coordinates": [72.93646370587425, 33.96305510434881]}, "id": "17", "properties": {"classification": 1, "latitude": 33.96305510434881, "longitude": 72.93646370587425, "district": "Haripur"}}, {"type": "Feature", "geometry": {"geodesic": false, "type": "Point", "coordinates": [72.84124228575759, 34.007970868554786]}, "id": "18", "properties": {"classification": 1, "latitude": 34.007970868554786, "longitude": 72.84124228575759, "district": "Haripur"}}, {"type": "Feature", "geometry": {"geodesic": false, "type": "Point", "coordinates": [72.64810449967189, 33.996292769861235]}, "id": "19", "properties": {"classification": 1, "latitude": 33.996292769861235, "longitude": 72.64810449967189, "district": "Haripur"}}, {"type": "Feature", "geometry": {"geodesic": false, "type": "Point", "coordinates": [72.85202206916702, 33.80405329905965]}, "id": "20", "properties": {"classification": 1, "latitude": 33.80405329905965, "longitude": 72.85202206916702, "district": "Haripur"}}, {"type": "Feature", "geometry": {"geodesic": false, "type": "Point", "coordinates": [72.85831027615585, 34.13014174719504]}, "id": "21", "properties": {"classification": 1, "latitude": 34.13014174719504, "longitude": 72.85831027615585, "district": "Haripur"}}, {"type": "Feature", "geometry": {"geodesic": false, "type": "Point", "coordinates": [72.81788608837047, 33.90646124144928]}, "id": "22", "properties": {"classification": 1, "latitude": 33.90646124144928, "longitude": 72.81788608837047, "district": "Haripur"}}, {"type": "Feature", "geometry": {"geodesic": false, "type": "Point", "coordinates": [72.8556153303035, 34.00258097685007]}, "id": "23", "properties": {"classification": 1, "latitude": 34.00258097685007, "longitude": 72.8556153303035, "district": "Haripur"}}, {"type": "Feature", "geometry": {"geodesic": false, "type": "Point", "coordinates": [72.7594955949027, 34.259499148108254]}, "id": "24", "properties": {"classification": 1, "latitude": 34.259499148108254, "longitude": 72.7594955949027, "district": "Haripur"}}, {"type": "Feature", "geometry": {"geodesic": false, "type": "Point", "coordinates": [73.22661954264485, 34.062768100886075]}, "id": "0", "properties": {"classification": 1, "latitude": 34.062768100886075, "longitude": 73.22661954264485, "district": "Abbottabad"}}, {"type": "Feature", "geometry": {"geodesic": false, "type": "Point", "coordinates": [73.24368753304313, 34.08432766770495]}, "id": "1", "properties": {"classification": 1, "latitude": 34.08432766770495, "longitude": 73.24368753304313, "district": "Abbottabad"}}, {"type": "Feature", "geometry": {"geodesic": false, "type": "Point", "coordinates": [73.09636382644753, 34.14810805287743]}, "id": "2", "properties": {"classification": 1, "latitude": 34.14810805287743, "longitude": 73.09636382644753, "district": "Abbottabad"}}, {"type": "Feature", "geometry": {"geodesic": false, "type": "Point", "coordinates": [73.26255215400964, 34.11307375679677]}, "id": "3", "properties": {"classification": 1, "latitude": 34.11307375679677, "longitude": 73.26255215400964, "district": "Abbottabad"}}, {"type": "Feature", "geometry": {"geodesic": false, "type": "Point", "coordinates": [73.24368753304313, 34.09959902753498]}, "id": "4", "properties": {"classification": 1, "latitude": 34.09959902753498, "longitude": 73.24368753304313, "district": "Abbottabad"}}, {"type": "Feature", "geometry": {"geodesic": false, "type": "Point", "coordinates": [73.22212796622426, 34.26578735509709]}, "id": "5", "properties": {"classification": 1, "latitude": 34.26578735509709, "longitude": 73.22212796622426, "district": "Abbottabad"}}, {"type": "Feature", "geometry": {"geodesic": false, "type": "Point", "coordinates": [73.23560269548605, 34.275668823222404]}, "id": "6", "properties": {"classification": 1, "latitude": 34.275668823222404, "longitude": 73.23560269548605, "district": "Abbottabad"}}, {"type": "Feature", "geometry": {"geodesic": false, "type": "Point", "coordinates": [73.25806057758903, 34.00707255327067]}, "id": "7", "properties": {"classification": 1, "latitude": 34.00707255327067, "longitude": 73.25806057758903, "district": "Abbottabad"}}, {"type": "Feature", "geometry": {"geodesic": false, "type": "Point", "coordinates": [73.10714360985696, 34.28195703021124]}, "id": "8", "properties": {"classification": 1, "latitude": 34.28195703021124, "longitude": 73.10714360985696, "district": "Abbottabad"}}, {"type": "Feature", "geometry": {"geodesic": false, "type": "Point", "coordinates": [73.20685660639423, 34.082531037136704]}, "id": "9", "properties": {"classification": 1, "latitude": 34.082531037136704, "longitude": 73.20685660639423, "district": "Abbottabad"}}, {"type": "Feature", "geometry": {"geodesic": false, "type": "Point", "coordinates": [73.23560269548605, 34.10409060395558]}, "id": "10", "properties": {"classification": 1, "latitude": 34.10409060395558, "longitude": 73.23560269548605, "district": "Abbottabad"}}, {"type": "Feature", "geometry": {"geodesic": false, "type": "Point", "coordinates": [73.12690654610759, 34.04839505634016]}, "id": "11", "properties": {"classification": 1, "latitude": 34.04839505634016, "longitude": 73.12690654610759, "district": "Abbottabad"}}, {"type": "Feature", "geometry": {"geodesic": false, "type": "Point", "coordinates": [73.2472807941796, 34.09959902753498]}, "id": "12", "properties": {"classification": 1, "latitude": 34.09959902753498, "longitude": 73.2472807941796, "district": "Abbottabad"}}, {"type": "Feature", "geometry": {"geodesic": false, "type": "Point", "coordinates": [73.10714360985696, 34.27297387737005]}, "id": "13", "properties": {"classification": 1, "latitude": 34.27297387737005, "longitude": 73.10714360985696, "district": "Abbottabad"}}, {"type": "Feature", "geometry": {"geodesic": false, "type": "Point", "coordinates": [73.14666948235822, 34.050191686908406]}, "id": "14", "properties": {"classification": 1, "latitude": 34.050191686908406, "longitude": 73.14666948235822, "district": "Abbottabad"}}, {"type": "Feature", "geometry": {"geodesic": false, "type": "Point", "coordinates": [73.35867188941043, 34.429280736806845]}, "id": "15", "properties": {"classification": 1, "latitude": 34.429280736806845, "longitude": 73.35867188941043, "district": "Abbottabad"}}, {"type": "Feature", "geometry": {"geodesic": false, "type": "Point", "coordinates": [73.1367880142329, 34.05827652446548]}, "id": "16", "properties": {"classification": 1, "latitude": 34.05827652446548, "longitude": 73.1367880142329, "district": "Abbottabad"}}, {"type": "Feature", "geometry": {"geodesic": false, "type": "Point", "coordinates": [73.32094264747741, 34.425687475670365]}, "id": "17", "properties": {"classification": 1, "latitude": 34.425687475670365, "longitude": 73.32094264747741, "district": "Abbottabad"}}, {"type": "Feature", "geometry": {"geodesic": false, "type": "Point", "coordinates": [73.17990714787064, 34.04390347991957]}, "id": "18", "properties": {"classification": 1, "latitude": 34.04390347991957, "longitude": 73.17990714787064, "district": "Abbottabad"}}, {"type": "Feature", "geometry": {"geodesic": false, "type": "Point", "coordinates": [73.16553410332473, 34.053784948044886]}, "id": "19", "properties": {"classification": 1, "latitude": 34.053784948044886, "longitude": 73.16553410332473, "district": "Abbottabad"}}, {"type": "Feature", "geometry": {"geodesic": false, "type": "Point", "coordinates": [73.14487285178998, 34.073547884295515]}, "id": "20", "properties": {"classification": 1, "latitude": 34.073547884295515, "longitude": 73.14487285178998, "district": "Abbottabad"}}, {"type": "Feature", "geometry": {"geodesic": false, "type": "Point", "coordinates": [73.16553410332473, 34.04570011048781]}, "id": "21", "properties": {"classification": 1, "latitude": 34.04570011048781, "longitude": 73.16553410332473, "district": "Abbottabad"}}, {"type": "Feature", "geometry": {"geodesic": false, "type": "Point", "coordinates": [73.25356900116844, 34.011564129691266]}, "id": "22", "properties": {"classification": 1, "latitude": 34.011564129691266, "longitude": 73.25356900116844, "district": "Abbottabad"}}, {"type": "Feature", "geometry": {"geodesic": false, "type": "Point", "coordinates": [73.21314481338307, 33.99898771571359]}, "id": "23", "properties": {"classification": 1, "latitude": 33.99898771571359, "longitude": 73.21314481338307, "district": "Abbottabad"}}, {"type": "Feature", "geometry": {"geodesic": false, "type": "Point", "coordinates": [73.19877176883715, 34.29633007475715]}, "id": "24", "properties": {"classification": 1, "latitude": 34.29633007475715, "longitude": 73.19877176883715, "district": "Abbottabad"}}, {"type": "Feature", "geometry": {"geodesic": false, "type": "Point", "coordinates": [73.02719354957033, 34.61882526175606]}, "id": "0", "properties": {"classification": 1, "latitude": 34.61882526175606, "longitude": 73.02719354957033, "district": "Battagram"}}, {"type": "Feature", "geometry": {"geodesic": false, "type": "Point", "coordinates": [72.98048115479611, 34.71674162772509]}, "id": "1", "properties": {"classification": 1, "latitude": 34.71674162772509, "longitude": 72.98048115479611, "district": "Battagram"}}, {"type": "Feature", "geometry": {"geodesic": false, "type": "Point", "coordinates": [72.97958283951199, 34.83082766880827]}, "id": "2", "properties": {"classification": 1, "latitude": 34.83082766880827, "longitude": 72.97958283951199, "district": "Battagram"}}, {"type": "Feature", "geometry": {"geodesic": false, "type": "Point", "coordinates": [73.05953289979863, 34.92245582778846]}, "id": "3", "properties": {"classification": 1, "latitude": 34.92245582778846, "longitude": 73.05953289979863, "district": "Battagram"}}, {"type": "Feature", "geometry": {"geodesic": false, "type": "Point", "coordinates": [73.1134318168458, 34.86586196488893]}, "id": "4", "properties": {"classification": 1, "latitude": 34.86586196488893, "longitude": 73.1134318168458, "district": "Battagram"}}, {"type": "Feature", "geometry": {"geodesic": false, "type": "Point", "coordinates": [73.04965143167331, 34.66104608010968]}, "id": "5", "properties": {"classification": 1, "latitude": 34.66104608010968, "longitude": 73.04965143167331, "district": "Battagram"}}, {"type": "Feature", "geometry": {"geodesic": false, "type": "Point", "coordinates": [73.02899018013856, 34.623316838176656]}, "id": "6", "properties": {"classification": 1, "latitude": 34.623316838176656, "longitude": 73.02899018013856, "district": "Battagram"}}, {"type": "Feature", "geometry": {"geodesic": false, "type": "Point", "coordinates": [73.01192218974029, 34.673622494087354]}, "id": "7", "properties": {"classification": 1, "latitude": 34.673622494087354, "longitude": 73.01192218974029, "district": "Battagram"}}, {"type": "Feature", "geometry": {"geodesic": false, "type": "Point", "coordinates": [72.84124228575759, 34.762555707215185]}, "id": "8", "properties": {"classification": 1, "latitude": 34.762555707215185, "longitude": 72.84124228575759, "district": "Battagram"}}, {"type": "Feature", "geometry": {"geodesic": false, "type": "Point", "coordinates": [73.05504132337803, 34.60085895607367]}, "id": "9", "properties": {"classification": 1, "latitude": 34.60085895607367, "longitude": 73.05504132337803, "district": "Battagram"}}, {"type": "Feature", "geometry": {"geodesic": false, "type": "Point", "coordinates": [73.07570257491278, 34.82633609238767]}, "id": "10", "properties": {"classification": 1, "latitude": 34.82633609238767, "longitude": 73.07570257491278, "district": "Battagram"}}, {"type": "Feature", "geometry": {"geodesic": false, "type": "Point", "coordinates": [73.0442615399686, 34.92694740420906]}, "id": "11", "properties": {"classification": 1, "latitude": 34.92694740420906, "longitude": 73.0442615399686, "district": "Battagram"}}, {"type": "Feature", "geometry": {"geodesic": false, "type": "Point", "coordinates": [73.0442615399686, 34.6161303159037]}, "id": "12", "properties": {"classification": 1, "latitude": 34.6161303159037, "longitude": 73.0442615399686, "district": "Battagram"}}, {"type": "Feature", "geometry": {"geodesic": false, "type": "Point", "coordinates": [73.06043121508274, 34.60085895607367]}, "id": "13", "properties": {"classification": 1, "latitude": 34.60085895607367, "longitude": 73.06043121508274, "district": "Battagram"}}, {"type": "Feature", "geometry": {"geodesic": false, "type": "Point", "coordinates": [73.0721093137763, 34.82184451596707]}, "id": "14", "properties": {"classification": 1, "latitude": 34.82184451596707, "longitude": 73.0721093137763, "district": "Battagram"}}, {"type": "Feature", "geometry": {"geodesic": false, "type": "Point", "coordinates": [73.099957087584, 34.863167019036574]}, "id": "15", "properties": {"classification": 1, "latitude": 34.863167019036574, "longitude": 73.099957087584, "district": "Battagram"}}, {"type": "Feature", "geometry": {"geodesic": false, "type": "Point", "coordinates": [73.03887164826388, 34.67901238579207]}, "id": "16", "properties": {"classification": 1, "latitude": 34.67901238579207, "longitude": 73.03887164826388, "district": "Battagram"}}, {"type": "Feature", "geometry": {"geodesic": false, "type": "Point", "coordinates": [73.05324469280978, 34.596367379653074]}, "id": "17", "properties": {"classification": 1, "latitude": 34.596367379653074, "longitude": 73.05324469280978, "district": "Battagram"}}, {"type": "Feature", "geometry": {"geodesic": false, "type": "Point", "coordinates": [72.89334457223651, 34.76165739193107]}, "id": "18", "properties": {"classification": 1, "latitude": 34.76165739193107, "longitude": 72.89334457223651, "district": "Battagram"}}, {"type": "Feature", "geometry": {"geodesic": false, "type": "Point", "coordinates": [72.98766767706907, 34.82992935352415]}, "id": "19", "properties": {"classification": 1, "latitude": 34.82992935352415, "longitude": 72.98766767706907, "district": "Battagram"}}, {"type": "Feature", "geometry": {"geodesic": false, "type": "Point", "coordinates": [73.07480425962866, 34.62241852289254]}, "id": "20", "properties": {"classification": 1, "latitude": 34.62241852289254, "longitude": 73.07480425962866, "district": "Battagram"}}, {"type": "Feature", "geometry": {"geodesic": false, "type": "Point", "coordinates": [72.9849727312167, 34.630503360449616]}, "id": "21", "properties": {"classification": 1, "latitude": 34.630503360449616, "longitude": 72.9849727312167, "district": "Battagram"}}, {"type": "Feature", "geometry": {"geodesic": false, "type": "Point", "coordinates": [73.0766008901969, 34.81914957011472]}, "id": "22", "properties": {"classification": 1, "latitude": 34.81914957011472, "longitude": 73.0766008901969, "district": "Battagram"}}, {"type": "Feature", "geometry": {"geodesic": false, "type": "Point", "coordinates": [72.96880305610256, 34.71135173602037]}, "id": "23", "properties": {"classification": 1, "latitude": 34.71135173602037, "longitude": 72.96880305610256, "district": "Battagram"}}, {"type": "Feature", "geometry": {"geodesic": false, "type": "Point", "coordinates": [72.89064962638416, 34.762555707215185]}, "id": "24", "properties": {"classification": 1, "latitude": 34.762555707215185, "longitude": 72.89064962638416, "district": "Battagram"}}, {"type": "Feature", "geometry": {"geodesic": false, "type": "Point", "coordinates": [72.63103650927361, 34.6942837456221]}, "id": "0", "properties": {"classification": 1, "latitude": 34.6942837456221, "longitude": 72.63103650927361, "district": "Shangla"}}, {"type": "Feature", "geometry": {"geodesic": false, "type": "Point", "coordinates": [72.51156057648572, 34.66284271067792]}, "id": "1", "properties": {"classification": 1, "latitude": 34.66284271067792, "longitude": 72.51156057648572, "district": "Shangla"}}, {"type": "Feature", "geometry": {"geodesic": false, "type": "Point", "coordinates": [72.66966406649075, 34.70236858317918]}, "id": "2", "properties": {"classification": 1, "latitude": 34.70236858317918, "longitude": 72.66966406649075, "district": "Shangla"}}, {"type": "Feature", "geometry": {"geodesic": false, "type": "Point", "coordinates": [72.62384998700065, 34.69608037619034]}, "id": "3", "properties": {"classification": 1, "latitude": 34.69608037619034, "longitude": 72.62384998700065, "district": "Shangla"}}, {"type": "Feature", "geometry": {"geodesic": false, "type": "Point", "coordinates": [72.59690052847708, 34.67811407050795]}, "id": "4", "properties": {"classification": 1, "latitude": 34.67811407050795, "longitude": 72.59690052847708, "district": "Shangla"}}, {"type": "Feature", "geometry": {"geodesic": false, "type": "Point", "coordinates": [72.63283313984185, 34.67901238579207]}, "id": "5", "properties": {"classification": 1, "latitude": 34.67901238579207, "longitude": 72.63283313984185, "district": "Shangla"}}, {"type": "Feature", "geometry": {"geodesic": false, "type": "Point", "coordinates": [72.62923987870538, 34.6942837456221]}, "id": "6", "properties": {"classification": 1, "latitude": 34.6942837456221, "longitude": 72.62923987870538, "district": "Shangla"}}, {"type": "Feature", "geometry": {"geodesic": false, "type": "Point", "coordinates": [72.51784878347456, 34.643079774427285]}, "id": "7", "properties": {"classification": 1, "latitude": 34.643079774427285, "longitude": 72.51784878347456, "district": "Shangla"}}, {"type": "Feature", "geometry": {"geodesic": false, "type": "Point", "coordinates": [72.61666346472771, 34.700571952610936]}, "id": "8", "properties": {"classification": 1, "latitude": 34.700571952610936, "longitude": 72.61666346472771, "district": "Shangla"}}, {"type": "Feature", "geometry": {"geodesic": false, "type": "Point", "coordinates": [72.61396851887534, 34.7032668984633]}, "id": "9", "properties": {"classification": 1, "latitude": 34.7032668984633, "longitude": 72.61396851887534, "district": "Shangla"}}, {"type": "Feature", "geometry": {"geodesic": false, "type": "Point", "coordinates": [72.59510389790883, 34.67811407050795]}, "id": "10", "properties": {"classification": 1, "latitude": 34.67811407050795, "longitude": 72.59510389790883, "district": "Shangla"}}, {"type": "Feature", "geometry": {"geodesic": false, "type": "Point", "coordinates": [72.67146069705899, 34.76075907664695]}, "id": "11", "properties": {"classification": 1, "latitude": 34.76075907664695, "longitude": 72.67146069705899, "district": "Shangla"}}, {"type": "Feature", "geometry": {"geodesic": false, "type": "Point", "coordinates": [72.71188488484437, 34.52719710277587]}, "id": "12", "properties": {"classification": 1, "latitude": 34.52719710277587, "longitude": 72.71188488484437, "district": "Shangla"}}, {"type": "Feature", "geometry": {"geodesic": false, "type": "Point", "coordinates": [72.67685058876371, 34.747284347385154]}, "id": "13", "properties": {"classification": 1, "latitude": 34.747284347385154, "longitude": 72.67685058876371, "district": "Shangla"}}, {"type": "Feature", "geometry": {"geodesic": false, "type": "Point", "coordinates": [72.51245889176984, 34.661944395393796]}, "id": "14", "properties": {"classification": 1, "latitude": 34.661944395393796, "longitude": 72.51245889176984, "district": "Shangla"}}, {"type": "Feature", "geometry": {"geodesic": false, "type": "Point", "coordinates": [72.75590233376623, 34.78321695874993]}, "id": "15", "properties": {"classification": 1, "latitude": 34.78321695874993, "longitude": 72.75590233376623, "district": "Shangla"}}, {"type": "Feature", "geometry": {"geodesic": false, "type": "Point", "coordinates": [72.76758043245978, 34.77153886005638]}, "id": "16", "properties": {"classification": 1, "latitude": 34.77153886005638, "longitude": 72.76758043245978, "district": "Shangla"}}, {"type": "Feature", "geometry": {"geodesic": false, "type": "Point", "coordinates": [72.63552808569422, 34.99971094222274]}, "id": "17", "properties": {"classification": 1, "latitude": 34.99971094222274, "longitude": 72.63552808569422, "district": "Shangla"}}, {"type": "Feature", "geometry": {"geodesic": false, "type": "Point", "coordinates": [72.51156057648572, 34.65835113425732]}, "id": "18", "properties": {"classification": 1, "latitude": 34.65835113425732, "longitude": 72.51156057648572, "district": "Shangla"}}, {"type": "Feature", "geometry": {"geodesic": false, "type": "Point", "coordinates": [72.77207200888039, 34.77603043647698]}, "id": "19", "properties": {"classification": 1, "latitude": 34.77603043647698, "longitude": 72.77207200888039, "district": "Shangla"}}, {"type": "Feature", "geometry": {"geodesic": false, "type": "Point", "coordinates": [72.68403711103667, 34.71763994300921]}, "id": "20", "properties": {"classification": 1, "latitude": 34.71763994300921, "longitude": 72.68403711103667, "district": "Shangla"}}, {"type": "Feature", "geometry": {"geodesic": false, "type": "Point", "coordinates": [72.64001966211481, 34.987134528245065]}, "id": "21", "properties": {"classification": 1, "latitude": 34.987134528245065, "longitude": 72.64001966211481, "district": "Shangla"}}, {"type": "Feature", "geometry": {"geodesic": false, "type": "Point", "coordinates": [72.77476695473274, 34.76525065306755]}, "id": "22", "properties": {"classification": 1, "latitude": 34.76525065306755, "longitude": 72.77476695473274, "district": "Shangla"}}, {"type": "Feature", "geometry": {"geodesic": false, "type": "Point", "coordinates": [72.51156057648572, 34.661944395393796]}, "id": "23", "properties": {"classification": 1, "latitude": 34.661944395393796, "longitude": 72.51156057648572, "district": "Shangla"}}, {"type": "Feature", "geometry": {"geodesic": false, "type": "Point", "coordinates": [72.6031887354659, 34.665537656530276]}, "id": "24", "properties": {"classification": 1, "latitude": 34.665537656530276, "longitude": 72.6031887354659, "district": "Shangla"}}, {"type": "Feature", "geometry": {"geodesic": false, "type": "Point", "coordinates": [73.31285780992033, 30.77403584572451]}, "id": "0", "properties": {"classification": 1, "latitude": 30.77403584572451, "longitude": 73.31285780992033, "district": "Okara"}}, {"type": "Feature", "geometry": {"geodesic": false, "type": "Point", "coordinates": [74.03151003721595, 30.66354306577781]}, "id": "1", "properties": {"classification": 1, "latitude": 30.66354306577781, "longitude": 74.03151003721595, "district": "Okara"}}, {"type": "Feature", "geometry": {"geodesic": false, "type": "Point", "coordinates": [73.9695262826117, 30.81176508765753]}, "id": "2", "properties": {"classification": 1, "latitude": 30.81176508765753, "longitude": 73.9695262826117, "district": "Okara"}}, {"type": "Feature", "geometry": {"geodesic": false, "type": "Point", "coordinates": [73.52216527112019, 31.03724222397153]}, "id": "3", "properties": {"classification": 1, "latitude": 31.03724222397153, "longitude": 73.52216527112019, "district": "Okara"}}, {"type": "Feature", "geometry": {"geodesic": false, "type": "Point", "coordinates": [73.6057085925433, 30.75337459418976]}, "id": "4", "properties": {"classification": 1, "latitude": 30.75337459418976, "longitude": 73.6057085925433, "district": "Okara"}}, {"type": "Feature", "geometry": {"geodesic": false, "type": "Point", "coordinates": [73.70362495851232, 30.341047878778898]}, "id": "5", "properties": {"classification": 1, "latitude": 30.341047878778898, "longitude": 73.70362495851232, "district": "Okara"}}, {"type": "Feature", "geometry": {"geodesic": false, "type": "Point", "coordinates": [73.53384336981374, 30.9438174344231]}, "id": "6", "properties": {"classification": 1, "latitude": 30.9438174344231, "longitude": 73.53384336981374, "district": "Okara"}}, {"type": "Feature", "geometry": {"geodesic": false, "type": "Point", "coordinates": [73.4404185802653, 30.765951008167434]}, "id": "7", "properties": {"classification": 1, "latitude": 30.765951008167434, "longitude": 73.4404185802653, "district": "Okara"}}, {"type": "Feature", "geometry": {"geodesic": false, "type": "Point", "coordinates": [73.27962014440791, 30.956393848400772]}, "id": "8", "properties": {"classification": 1, "latitude": 30.956393848400772, "longitude": 73.27962014440791, "district": "Okara"}}, {"type": "Feature", "geometry": {"geodesic": false, "type": "Point", "coordinates": [73.33351906145508, 30.52699914259164]}, "id": "9", "properties": {"classification": 1, "latitude": 30.52699914259164, "longitude": 73.33351906145508, "district": "Okara"}}, {"type": "Feature", "geometry": {"geodesic": false, "type": "Point", "coordinates": [73.66948897771579, 30.607847518162398]}, "id": "10", "properties": {"classification": 1, "latitude": 30.607847518162398, "longitude": 73.66948897771579, "district": "Okara"}}, {"type": "Feature", "geometry": {"geodesic": false, "type": "Point", "coordinates": [73.6245732135098, 30.729120081518534]}, "id": "11", "properties": {"classification": 1, "latitude": 30.729120081518534, "longitude": 73.6245732135098, "district": "Okara"}}, {"type": "Feature", "geometry": {"geodesic": false, "type": "Point", "coordinates": [73.71979463362648, 30.951902271980174]}, "id": "12", "properties": {"classification": 1, "latitude": 30.951902271980174, "longitude": 73.71979463362648, "district": "Okara"}}, {"type": "Feature", "geometry": {"geodesic": false, "type": "Point", "coordinates": [73.75662556027538, 30.839612861465234]}, "id": "13", "properties": {"classification": 1, "latitude": 30.839612861465234, "longitude": 73.75662556027538, "district": "Okara"}}, {"type": "Feature", "geometry": {"geodesic": false, "type": "Point", "coordinates": [73.59043723271327, 30.90069830078536]}, "id": "14", "properties": {"classification": 1, "latitude": 30.90069830078536, "longitude": 73.59043723271327, "district": "Okara"}}, {"type": "Feature", "geometry": {"geodesic": false, "type": "Point", "coordinates": [73.35777357412631, 30.569219960945258]}, "id": "15", "properties": {"classification": 1, "latitude": 30.569219960945258, "longitude": 73.35777357412631, "district": "Okara"}}, {"type": "Feature", "geometry": {"geodesic": false, "type": "Point", "coordinates": [73.91832231141689, 30.515321043898087]}, "id": "16", "properties": {"classification": 1, "latitude": 30.515321043898087, "longitude": 73.91832231141689, "district": "Okara"}}, {"type": "Feature", "geometry": {"geodesic": false, "type": "Point", "coordinates": [73.26704373043023, 30.94202080385486]}, "id": "17", "properties": {"classification": 1, "latitude": 30.94202080385486, "longitude": 73.26704373043023, "district": "Okara"}}, {"type": "Feature", "geometry": {"geodesic": false, "type": "Point", "coordinates": [73.9326953559628, 30.726425135666176]}, "id": "18", "properties": {"classification": 1, "latitude": 30.726425135666176, "longitude": 73.9326953559628, "district": "Okara"}}, {"type": "Feature", "geometry": {"geodesic": false, "type": "Point", "coordinates": [73.9461700852246, 30.667136326914285]}, "id": "19", "properties": {"classification": 1, "latitude": 30.667136326914285, "longitude": 73.9461700852246, "district": "Okara"}}, {"type": "Feature", "geometry": {"geodesic": false, "type": "Point", "coordinates": [73.70542158908056, 30.464117072703274]}, "id": "20", "properties": {"classification": 1, "latitude": 30.464117072703274, "longitude": 73.70542158908056, "district": "Okara"}}, {"type": "Feature", "geometry": {"geodesic": false, "type": "Point", "coordinates": [73.45479162481122, 30.921359552320112]}, "id": "21", "properties": {"classification": 1, "latitude": 30.921359552320112, "longitude": 73.45479162481122, "district": "Okara"}}, {"type": "Feature", "geometry": {"geodesic": false, "type": "Point", "coordinates": [73.91113578914393, 30.745289756632683]}, "id": "22", "properties": {"classification": 1, "latitude": 30.745289756632683, "longitude": 73.91113578914393, "district": "Okara"}}, {"type": "Feature", "geometry": {"geodesic": false, "type": "Point", "coordinates": [73.86981328607443, 30.50993115219337]}, "id": "23", "properties": {"classification": 1, "latitude": 30.50993115219337, "longitude": 73.86981328607443, "district": "Okara"}}, {"type": "Feature", "geometry": {"geodesic": false, "type": "Point", "coordinates": [73.84286382755084, 30.63839023782246]}, "id": "24", "properties": {"classification": 1, "latitude": 30.63839023782246, "longitude": 73.84286382755084, "district": "Okara"}}, {"type": "Feature", "geometry": {"geodesic": false, "type": "Point", "coordinates": [74.71782291428326, 32.09006773695961]}, "id": "0", "properties": {"classification": 1, "latitude": 32.09006773695961, "longitude": 74.71782291428326, "district": "Narowal"}}, {"type": "Feature", "geometry": {"geodesic": false, "type": "Point", "coordinates": [75.11487826986409, 32.38202020429845]}, "id": "1", "properties": {"classification": 1, "latitude": 32.38202020429845, "longitude": 75.11487826986409, "district": "Narowal"}}, {"type": "Feature", "geometry": {"geodesic": false, "type": "Point", "coordinates": [74.82202748724113, 32.378426943161976]}, "id": "2", "properties": {"classification": 1, "latitude": 32.378426943161976, "longitude": 74.82202748724113, "district": "Narowal"}}, {"type": "Feature", "geometry": {"geodesic": false, "type": "Point", "coordinates": [74.8624516750265, 32.25356111866936]}, "id": "3", "properties": {"classification": 1, "latitude": 32.25356111866936, "longitude": 74.8624516750265, "district": "Narowal"}}, {"type": "Feature", "geometry": {"geodesic": false, "type": "Point", "coordinates": [75.18494686202541, 32.2966802523071]}, "id": "4", "properties": {"classification": 1, "latitude": 32.2966802523071, "longitude": 75.18494686202541, "district": "Narowal"}}, {"type": "Feature", "geometry": {"geodesic": false, "type": "Point", "coordinates": [74.78699319116046, 32.297578567591216]}, "id": "5", "properties": {"classification": 1, "latitude": 32.297578567591216, "longitude": 74.78699319116046, "district": "Narowal"}}, {"type": "Feature", "geometry": {"geodesic": false, "type": "Point", "coordinates": [74.76812857019395, 32.16283127497329]}, "id": "6", "properties": {"classification": 1, "latitude": 32.16283127497329, "longitude": 74.76812857019395, "district": "Narowal"}}, {"type": "Feature", "geometry": {"geodesic": false, "type": "Point", "coordinates": [75.20201485242369, 32.251764488101124]}, "id": "7", "properties": {"classification": 1, "latitude": 32.251764488101124, "longitude": 75.20201485242369, "district": "Narowal"}}, {"type": "Feature", "geometry": {"geodesic": false, "type": "Point", "coordinates": [74.95138488815434, 32.15564475270033]}, "id": "8", "properties": {"classification": 1, "latitude": 32.15564475270033, "longitude": 74.95138488815434, "district": "Narowal"}}, {"type": "Feature", "geometry": {"geodesic": false, "type": "Point", "coordinates": [74.83370558593468, 32.232001551850495]}, "id": "9", "properties": {"classification": 1, "latitude": 32.232001551850495, "longitude": 74.83370558593468, "district": "Narowal"}}, {"type": "Feature", "geometry": {"geodesic": false, "type": "Point", "coordinates": [74.94779162701786, 32.081084584118415]}, "id": "10", "properties": {"classification": 1, "latitude": 32.081084584118415, "longitude": 74.94779162701786, "district": "Narowal"}}, {"type": "Feature", "geometry": {"geodesic": false, "type": "Point", "coordinates": [74.80855275797934, 32.352375799922505]}, "id": "11", "properties": {"classification": 1, "latitude": 32.352375799922505, "longitude": 74.80855275797934, "district": "Narowal"}}, {"type": "Feature", "geometry": {"geodesic": false, "type": "Point", "coordinates": [74.79058645229695, 32.097254259232564]}, "id": "12", "properties": {"classification": 1, "latitude": 32.097254259232564, "longitude": 74.79058645229695, "district": "Narowal"}}, {"type": "Feature", "geometry": {"geodesic": false, "type": "Point", "coordinates": [75.34754192845105, 32.24188301997581]}, "id": "13", "properties": {"classification": 1, "latitude": 32.24188301997581, "longitude": 75.34754192845105, "district": "Narowal"}}, {"type": "Feature", "geometry": {"geodesic": false, "type": "Point", "coordinates": [74.80495949684286, 32.00562610025237]}, "id": "14", "properties": {"classification": 1, "latitude": 32.00562610025237, "longitude": 74.80495949684286, "district": "Narowal"}}, {"type": "Feature", "geometry": {"geodesic": false, "type": "Point", "coordinates": [74.68817850990732, 32.0298806129236]}, "id": "15", "properties": {"classification": 1, "latitude": 32.0298806129236, "longitude": 74.68817850990732, "district": "Narowal"}}, {"type": "Feature", "geometry": {"geodesic": false, "type": "Point", "coordinates": [75.04750462355513, 32.06760985485662]}, "id": "16", "properties": {"classification": 1, "latitude": 32.06760985485662, "longitude": 75.04750462355513, "district": "Narowal"}}, {"type": "Feature", "geometry": {"geodesic": false, "type": "Point", "coordinates": [74.99450402179208, 32.1816958959398]}, "id": "17", "properties": {"classification": 1, "latitude": 32.1816958959398, "longitude": 74.99450402179208, "district": "Narowal"}}, {"type": "Feature", "geometry": {"geodesic": false, "type": "Point", "coordinates": [75.00618212048563, 32.27601900077235]}, "id": "18", "properties": {"classification": 1, "latitude": 32.27601900077235, "longitude": 75.00618212048563, "district": "Narowal"}}, {"type": "Feature", "geometry": {"geodesic": false, "type": "Point", "coordinates": [74.71422965314679, 32.22571334486165]}, "id": "19", "properties": {"classification": 1, "latitude": 32.22571334486165, "longitude": 74.71422965314679, "district": "Narowal"}}, {"type": "Feature", "geometry": {"geodesic": false, "type": "Point", "coordinates": [74.82202748724113, 32.18708578764451]}, "id": "20", "properties": {"classification": 1, "latitude": 32.18708578764451, "longitude": 74.82202748724113, "district": "Narowal"}}, {"type": "Feature", "geometry": {"geodesic": false, "type": "Point", "coordinates": [75.08882712662462, 32.39729156412849]}, "id": "21", "properties": {"classification": 1, "latitude": 32.39729156412849, "longitude": 75.08882712662462, "district": "Narowal"}}, {"type": "Feature", "geometry": {"geodesic": false, "type": "Point", "coordinates": [74.84987526104884, 32.30296845929593]}, "id": "22", "properties": {"classification": 1, "latitude": 32.30296845929593, "longitude": 74.84987526104884, "district": "Narowal"}}, {"type": "Feature", "geometry": {"geodesic": false, "type": "Point", "coordinates": [75.27118512930089, 32.23739144355521]}, "id": "23", "properties": {"classification": 1, "latitude": 32.23739144355521, "longitude": 75.27118512930089, "district": "Narowal"}}, {"type": "Feature", "geometry": {"geodesic": false, "type": "Point", "coordinates": [75.1058951170229, 32.15923801383681]}, "id": "24", "properties": {"classification": 1, "latitude": 32.15923801383681, "longitude": 75.1058951170229, "district": "Narowal"}}, {"type": "Feature", "geometry": {"geodesic": false, "type": "Point", "coordinates": [74.10247694466139, 32.14306833872266]}, "id": "0", "properties": {"classification": 1, "latitude": 32.14306833872266, "longitude": 74.10247694466139, "district": "Gujranwala"}}, {"type": "Feature", "geometry": {"geodesic": false, "type": "Point", "coordinates": [74.01893362323828, 32.0208974600824]}, "id": "1", "properties": {"classification": 1, "latitude": 32.0208974600824, "longitude": 74.01893362323828, "district": "Gujranwala"}}, {"type": "Feature", "geometry": {"geodesic": false, "type": "Point", "coordinates": [74.05666286517129, 32.444902274186816]}, "id": "2", "properties": {"classification": 1, "latitude": 32.444902274186816, "longitude": 74.05666286517129, "district": "Gujranwala"}}, {"type": "Feature", "geometry": {"geodesic": false, "type": "Point", "coordinates": [73.94347513937224, 32.2185268225887]}, "id": "3", "properties": {"classification": 1, "latitude": 32.2185268225887, "longitude": 73.94347513937224, "district": "Gujranwala"}}, {"type": "Feature", "geometry": {"geodesic": false, "type": "Point", "coordinates": [74.00456057869236, 32.17989926537156]}, "id": "4", "properties": {"classification": 1, "latitude": 32.17989926537156, "longitude": 74.00456057869236, "district": "Gujranwala"}}, {"type": "Feature", "geometry": {"geodesic": false, "type": "Point", "coordinates": [74.45551485132036, 32.127796978892626]}, "id": "5", "properties": {"classification": 1, "latitude": 32.127796978892626, "longitude": 74.45551485132036, "district": "Gujranwala"}}, {"type": "Feature", "geometry": {"geodesic": false, "type": "Point", "coordinates": [73.93628861709928, 32.20235714747455]}, "id": "6", "properties": {"classification": 1, "latitude": 32.20235714747455, "longitude": 73.93628861709928, "district": "Gujranwala"}}, {"type": "Feature", "geometry": {"geodesic": false, "type": "Point", "coordinates": [74.18242700494802, 32.29129036060238]}, "id": "7", "properties": {"classification": 1, "latitude": 32.29129036060238, "longitude": 74.18242700494802, "district": "Gujranwala"}}, {"type": "Feature", "geometry": {"geodesic": false, "type": "Point", "coordinates": [73.86711834022208, 32.08827110639137]}, "id": "8", "properties": {"classification": 1, "latitude": 32.08827110639137, "longitude": 73.86711834022208, "district": "Gujranwala"}}, {"type": "Feature", "geometry": {"geodesic": false, "type": "Point", "coordinates": [74.26058043466642, 31.939150769227528]}, "id": "9", "properties": {"classification": 1, "latitude": 31.939150769227528, "longitude": 74.26058043466642, "district": "Gujranwala"}}, {"type": "Feature", "geometry": {"geodesic": false, "type": "Point", "coordinates": [74.0800190625584, 31.964303597182877]}, "id": "10", "properties": {"classification": 1, "latitude": 31.964303597182877, "longitude": 74.0800190625584, "district": "Gujranwala"}}, {"type": "Feature", "geometry": {"geodesic": false, "type": "Point", "coordinates": [74.05127297346658, 32.15654306798445]}, "id": "11", "properties": {"classification": 1, "latitude": 32.15654306798445, "longitude": 74.05127297346658, "district": "Gujranwala"}}, {"type": "Feature", "geometry": {"geodesic": false, "type": "Point", "coordinates": [74.0934937918202, 31.910404680135702]}, "id": "12", "properties": {"classification": 1, "latitude": 31.910404680135702, "longitude": 74.0934937918202, "district": "Gujranwala"}}, {"type": "Feature", "geometry": {"geodesic": false, "type": "Point", "coordinates": [74.0521712887507, 32.11701719548319]}, "id": "13", "properties": {"classification": 1, "latitude": 32.11701719548319, "longitude": 74.0521712887507, "district": "Gujranwala"}}, {"type": "Feature", "geometry": {"geodesic": false, "type": "Point", "coordinates": [74.11056178221847, 31.99035474042234]}, "id": "14", "properties": {"classification": 1, "latitude": 31.99035474042234, "longitude": 74.11056178221847, "district": "Gujranwala"}}, {"type": "Feature", "geometry": {"geodesic": false, "type": "Point", "coordinates": [73.9138307349963, 32.06311827843602]}, "id": "15", "properties": {"classification": 1, "latitude": 32.06311827843602, "longitude": 73.9138307349963, "district": "Gujranwala"}}, {"type": "Feature", "geometry": {"geodesic": false, "type": "Point", "coordinates": [74.04588308176186, 32.340697701228954]}, "id": "16", "properties": {"classification": 1, "latitude": 32.340697701228954, "longitude": 74.04588308176186, "district": "Gujranwala"}}, {"type": "Feature", "geometry": {"geodesic": false, "type": "Point", "coordinates": [74.0342049830683, 31.966100227751113]}, "id": "17", "properties": {"classification": 1, "latitude": 31.966100227751113, "longitude": 74.0342049830683, "district": "Gujranwala"}}, {"type": "Feature", "geometry": {"geodesic": false, "type": "Point", "coordinates": [73.97222122846406, 32.22032345315694]}, "id": "18", "properties": {"classification": 1, "latitude": 32.22032345315694, "longitude": 73.97222122846406, "district": "Gujranwala"}}, {"type": "Feature", "geometry": {"geodesic": false, "type": "Point", "coordinates": [74.1815286896639, 31.995744632127057]}, "id": "19", "properties": {"classification": 1, "latitude": 31.995744632127057, "longitude": 74.1815286896639, "district": "Gujranwala"}}, {"type": "Feature", "geometry": {"geodesic": false, "type": "Point", "coordinates": [74.04139150534127, 32.16283127497329]}, "id": "20", "properties": {"classification": 1, "latitude": 32.16283127497329, "longitude": 74.04139150534127, "district": "Gujranwala"}}, {"type": "Feature", "geometry": {"geodesic": false, "type": "Point", "coordinates": [74.18691858136863, 31.97059180417171]}, "id": "21", "properties": {"classification": 1, "latitude": 31.97059180417171, "longitude": 74.18691858136863, "district": "Gujranwala"}}, {"type": "Feature", "geometry": {"geodesic": false, "type": "Point", "coordinates": [73.93449198653104, 32.13049192474499]}, "id": "22", "properties": {"classification": 1, "latitude": 32.13049192474499, "longitude": 73.93449198653104, "district": "Gujranwala"}}, {"type": "Feature", "geometry": {"geodesic": false, "type": "Point", "coordinates": [74.01444204681768, 32.35057916935427]}, "id": "23", "properties": {"classification": 1, "latitude": 32.35057916935427, "longitude": 74.01444204681768, "district": "Gujranwala"}}, {"type": "Feature", "geometry": {"geodesic": false, "type": "Point", "coordinates": [74.10247694466139, 32.22930660599813]}, "id": "24", "properties": {"classification": 1, "latitude": 32.22930660599813, "longitude": 74.10247694466139, "district": "Gujranwala"}}]}