point_id,district,hist_mean_ndvi,hist_std_ndvi
0,Khuzdar,0.2560469132316958,0.033768030575140884
1,Khuzdar,0.18853064182194623,0.04766928087690847
2,Khuzdar,0.19759047619047618,0.030143590309736967
3,Khuzdar,0.11946066252587993,0.01804319755705676
4,Khuzdar,0.12198592132505175,0.02534787945918276
5,Khuzdar,0.24751759834368534,0.04556242641311217
6,Khuzdar,0.2814844720496894,0.032463813726623346
7,Khuzdar,0.20052650103519665,0.019908334218742413
8,Khuzdar,0.15572298136645962,0.03876237649067812
9,Khuzdar,0.18625942028985504,0.02521202092930836
10,Khuzdar,0.21405983436853007,0.03367279585203534
11,Khuzdar,0.12738198757763974,0.01106137789742657
12,Khuzdar,0.1991958592132505,0.030273326945989616
13,Khuzdar,0.12467225672877845,0.012662053692109066
14,Khuzdar,0.15099171842650103,0.02090446064261846
15,Khuzdar,0.2823701863354038,0.019075561206710664
16,Khuzdar,0.16960393374741198,0.02438443494845565
17,Khuzdar,0.22232173913043476,0.027174648172251098
18,Khuzdar,0.13877556935817809,0.01603104078243737
19,Khuzdar,0.1601486542443064,0.03010394189644686
20,Khuzdar,0.1067113871635611,0.013400806937128421
21,Khuzdar,0.20232525879917185,0.0490860443412037
22,Khuzdar,0.1926337474120083,0.052789974568069165
23,Khuzdar,0.160472049689441,0.034305551141003435
24,Khuzdar,0.2002055900621118,0.022464595088345675
25,Khairpur,0.32473540372670806,0.05198042281034116
26,Khairpur,0.24964368530020703,0.03413502158194493
27,Khairpur,0.42375797101449275,0.030753171650052476
28,Khairpur,0.2972242236024845,0.02096568588970268
29,Khairpur,0.353524402409185,0.0398930779349913
30,Khairpur,0.30440869565217393,0.04096401869027464
31,Khairpur,0.2088207039337474,0.02007767829531235
32,Khairpur,0.37180186335403725,0.041214407614736485
33,Khairpur,0.23816252587991724,0.05433772135422948
34,Khairpur,0.4172710144927536,0.035991561291114256
35,Khairpur,0.24881801242236026,0.029024545728101835
36,Khairpur,0.5269718426501036,0.04595396491080566
37,Khairpur,0.3397784679089027,0.03577165598372271
38,Khairpur,0.49097598343685306,0.03588282303752306
39,Khairpur,0.36892753623188407,0.030276498972207848
40,Khairpur,0.4356225672877847,0.039858265649285185
41,Khairpur,0.34845569358178047,0.027426173527549374
42,Khairpur,0.40206687370600414,0.05771551929489144
43,Khairpur,0.36011966873706003,0.01584261994587933
44,Khairpur,0.35236252587991723,0.04763606599485337
45,Khairpur,0.38596853002070397,0.04933814435912063
46,Khairpur,0.38546604554865427,0.025301698566398294
47,Khairpur,0.42987018633540375,0.022830758480294283
48,Khairpur,0.45572505175983447,0.022071504796458172
49,Khairpur,0.5143165631469979,0.018170139712450233
50,Mansehra,0.45128612836438914,0.027995363272936665
51,Mansehra,0.4699610766045548,0.02394603357628986
52,Mansehra,0.49960165631469977,0.015557339197618555
53,Mansehra,0.4919331262939959,0.03834685433894583
54,Mansehra,0.5207749482401657,0.024629447055596044
55,Mansehra,0.40194327122153206,0.02049078518236687
56,Mansehra,0.44092256728778473,0.03812313705998386
57,Mansehra,0.49890517598343675,0.023389740441193504
58,Mansehra,0.20090493130058348,0.039999670977647714
59,Mansehra,0.4774155279503105,0.029779562207502795
60,Mansehra,0.46178012422360254,0.019166487793459835
61,Mansehra,0.37399254658385095,0.0472977123425622
62,Mansehra,0.49434575569358197,0.028481235083068407
63,Mansehra,0.4548252587991719,0.03603369822432456
64,Mansehra,0.538594824016563,0.02742059548651819
65,Mansehra,0.4248853002070394,0.026384042492001287
66,Mansehra,0.49869544513457553,0.02296966785412954
67,Mansehra,0.4960279503105591,0.018741340176639962
68,Mansehra,0.44971656314699804,0.025418732655041777
69,Mansehra,0.5140281573498965,0.014295735141732956
70,Mansehra,0.4366708074534162,0.028299575632746418
71,Mansehra,0.4275614906832298,0.019627571505699704
72,Mansehra,0.4811265010351968,0.02844970859873853
73,Mansehra,0.47127971014492753,0.023935733723374392
74,Mansehra,0.43667432712215337,0.02473116639466767
75,Sheikhpura,0.4555863354037267,0.04516967757103195
76,Sheikhpura,0.47206376811594214,0.030267866428113226
77,Sheikhpura,0.3384737060041408,0.029269655004303247
78,Sheikhpura,0.3986432712215321,0.04288972928737143
79,Sheikhpura,0.4541136645962733,0.02721782040440303
80,Sheikhpura,0.3874488612836439,0.030866479911859517
81,Sheikhpura,0.4275231884057971,0.04019386657579698
82,Sheikhpura,0.435603519668737,0.029385108275896195
83,Sheikhpura,0.44982857142857147,0.04364562633026531
84,Sheikhpura,0.48461946169772263,0.029216450696527303
85,Sheikhpura,0.40432939958592135,0.041809512926475466
86,Sheikhpura,0.4941805383022774,0.01958799564869601
87,Sheikhpura,0.4125306418219462,0.02295992569484556
88,Sheikhpura,0.46899047619047624,0.041044835105371415
89,Sheikhpura,0.4099498964803314,0.035141860230768845
90,Sheikhpura,0.42435983436853014,0.033873129027501885
91,Sheikhpura,0.42567846790890274,0.041615628328262946
92,Sheikhpura,0.3672469979296067,0.04517895670285789
93,Sheikhpura,0.4490592132505176,0.024510930340183562
94,Sheikhpura,0.4069449275362319,0.08904945551574268
95,Sheikhpura,0.3507097308488613,0.053814541015837714
96,Sheikhpura,0.4508298136645963,0.05108691481934275
97,Sheikhpura,0.47171055900621106,0.028224107179353367
98,Sheikhpura,0.35721532091097313,0.07701888839925333
99,Sheikhpura,0.40536853002070394,0.03239490159982001
100,Islamabad Capital Territory,0.38707722567287783,0.04944714049135837
101,Islamabad Capital Territory,0.3586954451345757,0.04865164838323799
102,Islamabad Capital Territory,0.34436956521739126,0.044279659237197046
103,Islamabad Capital Territory,0.491888612836439,0.042333424189755865
104,Islamabad Capital Territory,0.39853995859213254,0.024405357887112886
105,Islamabad Capital Territory,0.3051329192546584,0.05511716203800127
106,Islamabad Capital Territory,0.3625180124223602,0.05743904404873728
107,Islamabad Capital Territory,0.2356138716356108,0.05441531911176811
108,Islamabad Capital Territory,0.45783561076604556,0.025770004866373687
109,Islamabad Capital Territory,0.36338778467908905,0.04041228432212013
110,Islamabad Capital Territory,0.4512761904761905,0.043850260792096196
111,Islamabad Capital Territory,0.38870910973084893,0.03900290965750204
112,Islamabad Capital Territory,0.4158869565217392,0.03414633557681311
113,Islamabad Capital Territory,0.3775070393374741,0.040884730776748576
114,Islamabad Capital Territory,0.31509668737060037,0.034896941177763284
115,Islamabad Capital Territory,0.42654699792960665,0.04325471755458066
116,Islamabad Capital Territory,0.39159254658385095,0.03597399819982418
117,Islamabad Capital Territory,0.4465159420289855,0.029288718987376523
118,Islamabad Capital Territory,0.34211780538302267,0.04470152572166842
119,Islamabad Capital Territory,0.4487364389233955,0.038981281494013115
120,Islamabad Capital Territory,0.47535507246376807,0.04394134969730197
121,Islamabad Capital Territory,0.2659534161490683,0.06974451423257334
122,Islamabad Capital Territory,0.31823664596273293,0.07082972632697074
123,Islamabad Capital Territory,0.43938964803312636,0.05607523748845338
124,Islamabad Capital Territory,0.24819399585921326,0.03504605078372588
125,Chagai,0.12933975155279503,0.05980687416118403
126,Chagai,0.1371666666666667,0.021324352729301395
127,Chagai,0.09811925465838509,0.021539129581024455
128,Chagai,0.09026956521739132,0.02120481961326756
129,Chagai,0.12346293995859214,0.057574140198721264
130,Chagai,0.15169192546583854,0.03824585726294878
131,Chagai,0.08910814658711416,0.036208853369153186
132,Chagai,0.18343602484472052,0.025903228967420425
133,Chagai,0.17721200828157352,0.02599793436834823
134,Chagai,0.10590124223602486,0.03918518344210481
135,Chagai,0.0737508261855467,0.020481731177209663
136,Chagai,0.16854554865424426,0.05003912334912308
137,Chagai,0.07024865424430642,0.009427210671852293
138,Chagai,0.1106337474120083,0.028288608584551237
139,Chagai,0.0937712215320911,0.013354977917983579
140,Chagai,0.11026438923395444,0.04118201213342697
141,Chagai,0.15985341614906837,0.018614267859387943
142,Chagai,0.09643916987084689,0.03554710107453571
143,Chagai,0.11646273291925467,0.037130151655754735
144,Chagai,0.1416262939958592,0.018670895567754555
145,Chagai,0.14826604554865425,0.07146688653586222
146,Chagai,0.16576811594202898,0.042595259645498276
147,Chagai,0.17115383022774328,0.023522466721857045
148,Chagai,0.1414095238095238,0.06269047305645874
149,Chagai,0.07820973084886129,0.02390395256916255
150,Nushki,0.1476393374741201,0.018899777860115968
151,Nushki,0.11114099378881988,0.04251813623021575
152,Nushki,0.18611552795031058,0.036990222475334296
153,Nushki,0.1379146997929607,0.016610731963891557
154,Nushki,0.09076107660455486,0.013610882981015347
155,Nushki,0.15238985507246375,0.018501940999418286
156,Nushki,0.09307867494824018,0.01265797316487327
157,Nushki,0.1673987577639752,0.03383370961983615
158,Nushki,0.1511418219461698,0.029103969235345434
159,Nushki,0.1291888198757764,0.03046604385534696
160,Nushki,0.14221242236024847,0.031027507078259256
161,Nushki,0.16482339544513458,0.032424409291420236
162,Nushki,0.16027577639751553,0.03055514415326944
163,Nushki,0.0977513457556936,0.014786447353204868
164,Nushki,0.15514741200828158,0.022968331977760215
165,Nushki,0.0851567287784679,0.01402426567997186
166,Nushki,0.11431262939958588,0.015779041849215764
167,Nushki,0.17933685300207042,0.029722224034021492
168,Nushki,0.13544927536231882,0.013388961394170073
169,Nushki,0.15672008281573502,0.024340184118533132
170,Nushki,0.11746873706004142,0.018868066680583166
171,Nushki,0.11881552795031057,0.04671174498540266
172,Nushki,0.15229171842650102,0.01773286323671138
173,Nushki,0.1430465838509317,0.024690996088895082
174,Nushki,0.13310124223602482,0.016124897184041257
175,Qilla Abdullah,0.1401919254658385,0.03205341211708468
176,Qilla Abdullah,0.2056142857142858,0.03888692224224208
177,Qilla Abdullah,0.21709399585921332,0.028976244238614512
178,Qilla Abdullah,0.1834144927536232,0.01565717324883657
179,Qilla Abdullah,0.11038716356107663,0.019276342483968742
180,Qilla Abdullah,0.16856356107660456,0.02536680922601628
181,Qilla Abdullah,0.09518592132505177,0.01641666790660484
182,Qilla Abdullah,0.15141552795031055,0.014638380294360834
183,Qilla Abdullah,0.16250144927536234,0.019181865804853013
184,Qilla Abdullah,0.2184134575569358,0.043598722376478195
185,Qilla Abdullah,0.17201821946169776,0.019350807717729818
186,Qilla Abdullah,0.2234012422360249,0.06734019312240634
187,Qilla Abdullah,0.13433809523809523,0.014691125333671796
188,Qilla Abdullah,0.1955101449275362,0.04006908278167909
189,Qilla Abdullah,0.19250372670807453,0.025927472718029945
190,Qilla Abdullah,0.11481200828157351,0.026090090215673652
191,Qilla Abdullah,0.10643892339544514,0.026147143594465398
192,Qilla Abdullah,0.07589482401656315,0.00785961298553432
193,Qilla Abdullah,0.15141552795031055,0.014638380294360834
194,Qilla Abdullah,0.10346314699792963,0.016872135757444413
195,Qilla Abdullah,0.17482608695652177,0.030121947095471623
196,Qilla Abdullah,0.13914906832298132,0.038796497321485074
197,Qilla Abdullah,0.2185190476190476,0.03510384739136842
198,Qilla Abdullah,0.34970496894409936,0.030159234628993135
199,Qilla Abdullah,0.19250372670807453,0.025927472718029945
200,Quetta,0.29832380952380955,0.024658799582090763
201,Quetta,0.21811242236024841,0.03859270769926532
202,Quetta,0.14707391304347828,0.019722919164582898
203,Quetta,0.13581904761904762,0.019824325249368464
204,Quetta,0.25699503105590066,0.028569864819030667
205,Quetta,0.18264389233954453,0.015983421394772244
206,Quetta,0.22820227743271224,0.026675302115354845
207,Quetta,0.18415962732919255,0.023097185279835078
208,Quetta,0.16858198757763976,0.029320078233898764
209,Quetta,0.2236658385093168,0.040246972642518086
210,Quetta,0.3065393374741201,0.06824432772199987
211,Quetta,0.3267128364389234,0.023683817907401896
212,Quetta,0.3372420289855072,0.028764529119138765
213,Quetta,0.20738157349896483,0.040118207054037666
214,Quetta,0.214355486542443,0.025807845503986362
215,Quetta,0.10913581780538302,0.01496514063285272
216,Quetta,0.2423312629399586,0.031548211504737064
217,Quetta,0.16428012422360244,0.024323232202100302
218,Quetta,0.1342,0.009409765039512841
219,Quetta,0.2375966873706004,0.022330184846706933
220,Quetta,0.2703583850931676,0.02991412618928196
221,Quetta,0.23805714285714286,0.030015189070094636
222,Quetta,0.3488610766045549,0.04374788132367077
223,Quetta,0.17088674948240165,0.03312017073841869
224,Quetta,0.17830703933747416,0.020142327199027504
225,Pishin,0.10307329192546584,0.024882657164650344
226,Pishin,0.07648281573498965,0.008947159821654548
227,Pishin,0.13630869565217393,0.022392821553052427
228,Pishin,0.20925051759834373,0.01445673724375492
229,Pishin,0.27424803312629403,0.046633134014377284
230,Pishin,0.17217971014492756,0.015375607167399694
231,Pishin,0.1955097308488613,0.022666793202750134
232,Pishin,0.11942008281573498,0.024563022986916986
233,Pishin,0.1498737060041408,0.023528248582684715
234,Pishin,0.17297867494824018,0.016656665244970933
235,Pishin,0.15342443064182193,0.0236136553619694
236,Pishin,0.2614517598343685,0.026323587061101494
237,Pishin,0.123339751552795,0.010742258141340121
238,Pishin,0.2100697722567288,0.03122173344993304
239,Pishin,0.14357784679089028,0.030764671520775094
240,Pishin,0.18621677018633545,0.014085091145422623
241,Pishin,0.12936335403726706,0.018293877078326037
242,Pishin,0.1630057971014493,0.024220520568046265
243,Pishin,0.1557097308488613,0.019938742442393447
244,Pishin,0.13802815734989646,0.019563677768685974
245,Pishin,0.11080724637681161,0.010528488957354927
246,Pishin,0.11527267080745343,0.022326916575870128
247,Pishin,0.10193747412008282,0.010333117534779264
248,Pishin,0.19902277432712218,0.03346494636973616
249,Pishin,0.2624010351966874,0.04251672522071787
250,Kharan,0.1240407867494824,0.04651234144890455
251,Kharan,0.07523333333333335,0.006034755510546577
252,Kharan,0.0805134575569358,0.008588099554897354
253,Kharan,0.1332438923395445,0.024667758023438076
254,Kharan,0.0941159420289855,0.015636210074773473
255,Kharan,0.12937556935817807,0.04536635558691923
256,Kharan,0.1068761904761905,0.04143522585341085
257,Kharan,0.08161925465838511,0.01313687216716883
258,Kharan,0.1291262939958592,0.021892732357699382
259,Kharan,0.10918385093167701,0.011550888642548137
260,Kharan,0.11388778467908901,0.03303027094175893
261,Kharan,0.1181335403726708,0.02343393742518655
262,Kharan,0.11349420289855074,0.028308361507387435
263,Kharan,0.13422008281573497,0.027160178408148775
264,Kharan,0.13614989648033127,0.029606343568133967
265,Kharan,0.11202111801242234,0.0330275487997586
266,Kharan,0.1469832298136646,0.029992558361869166
267,Kharan,0.17772546583850934,0.03979209802733097
268,Kharan,0.11842132505175981,0.032913894842126735
269,Kharan,0.11526604554865427,0.02110045925795579
270,Kharan,0.07583167701863355,0.021929295508917545
271,Kharan,0.14433747412008283,0.02244687945155382
272,Kharan,0.06871035196687372,0.026380739218290792
273,Kharan,0.1181335403726708,0.02343393742518655
274,Kharan,0.0997424430641822,0.03834690453733147
275,Mastung,0.2502395445134576,0.049706067333105404
276,Mastung,0.11771511387163565,0.01625205054299858
277,Mastung,0.14073043478260866,0.014956045721637319
278,Mastung,0.16567308488612834,0.01627082182455578
279,Mastung,0.19462049689440994,0.0189839940039637
280,Mastung,0.23291490683229812,0.021792660701256024
281,Mastung,0.18909337474120086,0.023016406795171328
282,Mastung,0.17265714285714284,0.01488234847497392
283,Mastung,0.10952256728778467,0.026924668471329863
284,Mastung,0.21352111801242238,0.024163117004987758
285,Mastung,0.11981387163561076,0.01475388602956368
286,Mastung,0.15062215320910977,0.021705524870236213
287,Mastung,0.18854927536231883,0.022576177455889877
288,Mastung,0.11279710144927536,0.026290333050500943
289,Mastung,0.17799316770186335,0.037949652429123494
290,Mastung,0.1745826086956522,0.020838111433350622
291,Mastung,0.14091614906832298,0.02084707268516757
292,Mastung,0.18944782608695654,0.02030609783158077
293,Mastung,0.09107080745341616,0.012273589509472736
294,Mastung,0.16882256728778466,0.0240599788612755
295,Mastung,0.16119275362318844,0.019816090217597844
296,Mastung,0.1267776397515528,0.021206178361374364
297,Mastung,0.22588571428571433,0.03277253468794873
298,Mastung,0.2122418219461698,0.022288836900670874
299,Mastung,0.22325300207039334,0.046976948141711765
300,Ziarat,0.18140745341614908,0.017787721788805905
301,Ziarat,0.18140745341614908,0.017787721788805905
302,Ziarat,0.24320600414078675,0.016493865311072744
303,Ziarat,0.22077391304347826,0.01508389942833645
304,Ziarat,0.19585507246376807,0.012381358569543824
305,Ziarat,0.14061739130434786,0.01755853023396187
306,Ziarat,0.15011469979296063,0.008027319281651004
307,Ziarat,0.1261186335403727,0.014952090690274039
308,Ziarat,0.2317962732919255,0.02687131515490292
309,Ziarat,0.24800703933747417,0.015756987826470302
310,Ziarat,0.20019937888198758,0.010273159226663445
311,Ziarat,0.24007018633540372,0.02826806843447183
312,Ziarat,0.2698086956521739,0.025172143527992814
313,Ziarat,0.1794267080745342,0.019430176076024833
314,Ziarat,0.27750455486542447,0.01847449336704877
315,Ziarat,0.21163954451345757,0.015487648007503537
316,Ziarat,0.23657846790890272,0.015112107273855112
317,Ziarat,0.24007018633540372,0.02826806843447183
318,Ziarat,0.21306708074534159,0.014084660279292057
319,Ziarat,0.1476552795031056,0.007875899117983212
320,Ziarat,0.13747163561076606,0.012702758272404904
321,Ziarat,0.25119420289855077,0.026616076573211796
322,Ziarat,0.24007018633540372,0.02826806843447183
323,Ziarat,0.14634886128364394,0.013788065087928307
324,Ziarat,0.17083126293995862,0.009614548924882966
325,Qilla Saifullah,0.31252091097308493,0.041615296711295394
326,Qilla Saifullah,0.16633602484472054,0.023230289457157147
327,Qilla Saifullah,0.35826563146997936,0.033538249819075695
328,Qilla Saifullah,0.19547494824016565,0.019589146576986145
329,Qilla Saifullah,0.11883540372670807,0.029323087319888037
330,Qilla Saifullah,0.15752732919254658,0.0199551571788789
331,Qilla Saifullah,0.156496066252588,0.050993499713797345
332,Qilla Saifullah,0.12347639751552796,0.018936115128379418
333,Qilla Saifullah,0.28645921325051765,0.028669804045603257
334,Qilla Saifullah,0.11440910973084885,0.028517792103828925
335,Qilla Saifullah,0.15228012422360246,0.0328023975390916
336,Qilla Saifullah,0.27124761904761907,0.040495298989052804
337,Qilla Saifullah,0.13191076604554866,0.038273476998205665
338,Qilla Saifullah,0.22903850931677022,0.025683738319274015
339,Qilla Saifullah,0.20342546583850937,0.022356201244033723
340,Qilla Saifullah,0.2916246376811594,0.03347157706218093
341,Qilla Saifullah,0.2562689440993789,0.02792177128198462
342,Qilla Saifullah,0.10405942028985507,0.015936322920101772
343,Qilla Saifullah,0.11520207039337478,0.016370137060448667
344,Qilla Saifullah,0.2296954451345756,0.02988474859715062
345,Qilla Saifullah,0.07837681159420289,0.0198296867683455
346,Qilla Saifullah,0.14679730848861283,0.0617301484218995
347,Qilla Saifullah,0.0973385093167702,0.019336191131888093
348,Qilla Saifullah,0.17782691511387164,0.04514814433343047
349,Qilla Saifullah,0.1010086956521739,0.034887601784933366
350,Gwadar,0.1266298136645963,0.025303714152763564
351,Gwadar,0.16804525056052513,0.07346428698924314
352,Gwadar,0.2834920827619585,0.07366611493302994
353,Gwadar,0.16936790890269154,0.02958478655965493
354,Gwadar,0.3177345755693582,0.07409933693018536
355,Gwadar,0.29757087915535124,0.06854834446365599
356,Gwadar,0.054925294532208555,0.06630345787589245
357,Gwadar,0.23359666854884242,0.06196067772398018
358,Gwadar,0.29757038396386226,0.06908716852608901
359,Gwadar,0.2479388481084134,0.06523728120029187
360,Gwadar,0.2097462262375306,0.04686063792110762
361,Gwadar,0.1623382834556748,0.03886227945243351
362,Gwadar,0.23648014757154506,0.0728791699596145
363,Gwadar,0.23359666854884242,0.06196067772398018
364,Gwadar,0.23392890663511784,0.08292128390600666
365,Gwadar,0.08161812535290795,0.02915414497508413
366,Gwadar,0.06646224111866969,0.084666326043737
367,Gwadar,0.29757038396386226,0.06908716852608901
368,Gwadar,0.07178674948240164,0.025033233054901446
369,Gwadar,0.20699917184265018,0.06373645590804759
370,Gwadar,0.13134927536231883,0.0435285532178545
371,Gwadar,0.1582213949611465,0.06309162562510973
372,Gwadar,0.12410556182947491,0.07472625187371656
373,Gwadar,0.10671117332905007,0.0444923669470174
374,Gwadar,0.1623382834556748,0.03886227945243351
375,Kech,0.10396853002070394,0.016364904018797193
376,Kech,0.12135093167701864,0.04329282501419495
377,Kech,0.11322670193160876,0.11712816196755149
378,Kech,0.18659730848861283,0.08195231079654605
379,Kech,0.1464648033126294,0.03902725114111403
380,Kech,0.15295859213250515,0.06702242611229971
381,Kech,0.08767660455486542,0.053317723497806536
382,Kech,0.07381925465838508,0.03205944759322545
383,Kech,0.0825304347826087,0.012163308232251627
384,Kech,0.07186790890269153,0.04804039439014675
385,Kech,0.17158115942028987,0.08105864487605706
386,Kech,0.15749968408878473,0.12788604099343132
387,Kech,0.25009627329192546,0.07006752290676402
388,Kech,0.1746679089026915,0.01744403189530506
389,Kech,0.08703641675554719,0.12741234657788772
390,Kech,0.11390952380952384,0.0373122100914492
391,Kech,0.24048447204968942,0.04566741604116952
392,Kech,0.11937453416149069,0.08547348595504066
393,Kech,0.10534244306418218,0.0481290036445491
394,Kech,0.13245734989648034,0.08134452615623285
395,Kech,0.12669958592132508,0.06302211750500442
396,Kech,0.060239958592132506,0.02577242082289807
397,Kech,0.13027018633540374,0.09434350672088546
398,Kech,0.054384679089026916,0.012009391156703875
399,Kech,0.19108819875776398,0.06839209209496924
400,Panjgur,0.07582836438923396,0.008319792323952833
401,Panjgur,0.10035900621118013,0.0185207563756924
402,Panjgur,0.12583664596273295,0.03155973306939294
403,Panjgur,0.12027660455486541,0.02208452308354233
404,Panjgur,0.06995797101449276,0.014956074992926642
405,Panjgur,0.0865447204968944,0.014529521485104564
406,Panjgur,0.15756915113871633,0.017848382053551715
407,Panjgur,0.09132919254658385,0.026194695295972733
408,Panjgur,0.07286873706004142,0.009291172887965994
409,Panjgur,0.07367370600414079,0.010402071093917864
410,Panjgur,0.09018509316770187,0.008729635105151573
411,Panjgur,0.07721035196687372,0.01246456375785294
412,Panjgur,0.1257041407867495,0.010329161139967477
413,Panjgur,0.07882463768115942,0.013616326803788428
414,Panjgur,0.18873084886128363,0.02829323790268043
415,Panjgur,0.11346086956521739,0.018165478146013464
416,Panjgur,0.09542608695652173,0.01321898193817753
417,Panjgur,0.07189875776397517,0.008920736279530933
418,Panjgur,0.06787329192546585,0.018429315045556234
419,Panjgur,0.0943368530020704,0.02614918108950836
420,Panjgur,0.12712836438923394,0.012780502468624685
421,Panjgur,0.17744513457556937,0.01531369529595104
422,Panjgur,0.06398281573498965,0.010330153800978788
423,Panjgur,0.0836008281573499,0.010050705511740485
424,Panjgur,0.08033395445134577,0.009465651347890368
425,Zhob,0.16802608695652174,0.04065377373098988
426,Zhob,0.12325610766045553,0.010135414134918594
427,Zhob,0.2744275362318841,0.02346301549861614
428,Zhob,0.12577163561076604,0.024044959973626722
429,Zhob,0.24379089026915116,0.018650673126568398
430,Zhob,0.2028378881987578,0.018706424030640673
431,Zhob,0.1494395445134576,0.03498581536581875
432,Zhob,0.24204140786749478,0.023498150712361023
433,Zhob,0.2688952380952381,0.014286273383004368
434,Zhob,0.23351511387163562,0.046759568041021514
435,Zhob,0.1741202898550725,0.03428503987969543
436,Zhob,0.15013209109730852,0.014743297717077133
437,Zhob,0.23177308488612838,0.02398537716598742
438,Zhob,0.14591387163561076,0.016737931640494176
439,Zhob,0.14360517598343683,0.032166075611335186
440,Zhob,0.1711351966873706,0.022592070687380165
441,Zhob,0.13636169772256726,0.012851701175201811
442,Zhob,0.2417325051759835,0.027759930693846555
443,Zhob,0.26950351966873703,0.01574533505117414
444,Zhob,0.2575672877846791,0.033993776008376754
445,Zhob,0.22009792960662528,0.024147540115218472
446,Zhob,0.2695089026915114,0.019090630549312825
447,Zhob,0.159079917184265,0.02618379168373177
448,Zhob,0.12179233954451345,0.01623986896387799
449,Zhob,0.18200766045548653,0.04509472090456635
450,Musakhel,0.17043975155279506,0.02764504613024978
451,Musakhel,0.22860683229813666,0.031499264310813124
452,Musakhel,0.19323436853002074,0.02231671424780499
453,Musakhel,0.24403788819875777,0.04481033767632269
454,Musakhel,0.23310600414078672,0.028387037002695927
455,Musakhel,0.20750082815734994,0.020333125257839438
456,Musakhel,0.21701490683229818,0.04529264613984803
457,Musakhel,0.16292422360248449,0.019837285918995303
458,Musakhel,0.24132153209109736,0.024449410807993052
459,Musakhel,0.2696600414078676,0.02252365914336019
460,Musakhel,0.1585695652173913,0.020583593530316767
461,Musakhel,0.2013331262939959,0.030061328152839337
462,Musakhel,0.2385033126293996,0.0315283008492675
463,Musakhel,0.1952968944099379,0.022158192866392635
464,Musakhel,0.17584202898550724,0.03229168415930804
465,Musakhel,0.20026749482401654,0.024241231082565318
466,Musakhel,0.1893215320910973,0.028309755440223017
467,Musakhel,0.19717888198757766,0.030420695239705902
468,Musakhel,0.2955115942028985,0.047501375305612444
469,Musakhel,0.26167412008281576,0.03738097631632027
470,Musakhel,0.22699358178053833,0.01783850961473751
471,Musakhel,0.2376848861283644,0.05352136771334099
472,Musakhel,0.2879542443064183,0.022472620427118284
473,Musakhel,0.2891051759834368,0.027719665757175743
474,Musakhel,0.13019358178053833,0.018285016403082593
475,Loralai,0.25158799171842655,0.05407141237270755
476,Loralai,0.28344327122153207,0.03409161895787527
477,Loralai,0.12499523809523809,0.029844439207889054
478,Loralai,0.23121138716356113,0.05102308969316408
479,Loralai,0.2060892339544513,0.0543419511626973
480,Loralai,0.19112629399585926,0.02515680569116265
481,Loralai,0.29360165631469987,0.05305401060414704
482,Loralai,0.26255300207039334,0.04435915715306992
483,Loralai,0.21299482401656317,0.023783056328619042
484,Loralai,0.2091801242236025,0.024485214181504306
485,Loralai,0.20559648033126296,0.024182657928642506
486,Loralai,0.21301180124223604,0.0496556259499662
487,Loralai,0.1549511387163561,0.041481098598293555
488,Loralai,0.17272194616977224,0.03485581482255536
489,Loralai,0.32285217391304355,0.04301291172670393
490,Loralai,0.19889151138716357,0.036529608598984256
491,Loralai,0.1996656314699793,0.02091468203378281
492,Loralai,0.26813871635610764,0.03769357114199488
493,Loralai,0.10662111801242237,0.01696950568807806
494,Loralai,0.15061884057971017,0.02875740295232971
495,Loralai,0.21344906832298138,0.017325787364781638
496,Loralai,0.20629565217391307,0.041912013981840884
497,Loralai,0.1949803312629399,0.04570598523564195
498,Loralai,0.19359668737060046,0.02448275942117709
499,Loralai,0.23351180124223606,0.03462382642971308
500,Sibi,0.12022380952380955,0.02299104471006666
501,Sibi,0.3470250517598344,0.02208093619165117
502,Sibi,0.17723271221532091,0.05260270149824263
503,Sibi,0.18592774327122155,0.034449088420432976
504,Sibi,0.17677308488612836,0.048030033336379514
505,Sibi,0.11266645962732923,0.022437982107019555
506,Sibi,0.12129627329192545,0.03594781988393215
507,Sibi,0.23874554865424433,0.08412073346860542
508,Sibi,0.10238985507246376,0.028072419217747186
509,Sibi,0.26946542443064186,0.04045713186034825
510,Sibi,0.37420786749482404,0.02965050527532748
511,Sibi,0.297423602484472,0.02597164187345718
512,Sibi,0.14793291925465843,0.02844451339351017
513,Sibi,0.23096376811594202,0.027707466475712504
514,Sibi,0.17222298136645964,0.02632412545133243
515,Sibi,0.2009509316770186,0.030810400659631466
516,Sibi,0.12446811594202899,0.030118235704356424
517,Sibi,0.1721091097308489,0.01777731716259817
518,Sibi,0.15161035196687372,0.022106540627005785
519,Sibi,0.11043374741200829,0.021383910793873286
520,Sibi,0.18861428571428573,0.07190784422640398
521,Sibi,0.1290231884057971,0.026707402015382534
522,Sibi,0.22727722567287784,0.04124504407591468
523,Sibi,0.1867894409937888,0.06350979510518594
524,Sibi,0.0993302277432712,0.019767644123932622
525,Barkhan,0.24045051759834365,0.0491417423268299
526,Barkhan,0.17886024844720497,0.05420530886048828
527,Barkhan,0.24120041407867496,0.06186330611332372
528,Barkhan,0.24092070393374745,0.04660577130177211
529,Barkhan,0.24033768115942034,0.04856756061106321
530,Barkhan,0.2548672877846791,0.03302882399851849
531,Barkhan,0.1804966873706004,0.04535066668300061
532,Barkhan,0.31394616977225676,0.04496821822999837
533,Barkhan,0.23234948240165637,0.06254857572542263
534,Barkhan,0.4009289855072464,0.03872679274417771
535,Barkhan,0.20691946169772257,0.029821867631558478
536,Barkhan,0.22813457556935815,0.05162504619544818
537,Barkhan,0.22808674948240165,0.01971337460490764
538,Barkhan,0.2673925465838509,0.02752992584901803
539,Barkhan,0.16706521739130434,0.016993423137252012
540,Barkhan,0.19142153209109733,0.029146356004998764
541,Barkhan,0.22687267080745346,0.0490694760825802
542,Barkhan,0.22082919254658387,0.07119085288004742
543,Barkhan,0.22859482401656314,0.05694384722377165
544,Barkhan,0.21116149068322984,0.04357845226714296
545,Barkhan,0.3102561076604555,0.0398061283111062
546,Barkhan,0.24442256728778466,0.06795006709872937
547,Barkhan,0.17434534161490683,0.042198070850376884
548,Barkhan,0.1841327122153209,0.018538723810650724
549,Barkhan,0.1737345755693582,0.03595794861682442
550,Kohlu,0.2129933747412008,0.04159884747556652
551,Kohlu,0.14432422360248448,0.022598921265507728
552,Kohlu,0.20479420289855077,0.03742450989189718
553,Kohlu,0.3247250517598344,0.047384711773961675
554,Kohlu,0.13522712215320912,0.038386853046597454
555,Kohlu,0.22302608695652176,0.048555316250230095
556,Kohlu,0.16538405797101452,0.030434821127846973
557,Kohlu,0.4022836438923395,0.06159953678872748
558,Kohlu,0.3189745341614907,0.06252388875046526
559,Kohlu,0.2240426501035197,0.03430389048964839
560,Kohlu,0.1739012422360249,0.027878351930007143
561,Kohlu,0.184779917184265,0.04466945177234945
562,Kohlu,0.14428571428571427,0.03173793557247373
563,Kohlu,0.216039751552795,0.029726196541079098
564,Kohlu,0.1448689440993789,0.015712581802727263
565,Kohlu,0.16203436853002065,0.02108224369032868
566,Kohlu,0.18915817805383023,0.029397436038093635
567,Kohlu,0.17019482401656316,0.035422911210339726
568,Kohlu,0.2067149068322982,0.023863782748187505
569,Kohlu,0.24799316770186333,0.04741473266648909
570,Kohlu,0.12797722567287784,0.01752833468150212
571,Kohlu,0.1600792960662526,0.02428515262191631
572,Kohlu,0.15366853002070396,0.03888320719990793
573,Kohlu,0.21970766045548656,0.03775216448038352
574,Kohlu,0.3543598343685301,0.054238168708282145
575,Dera Bugti,0.1592913043478261,0.022095415922921826
576,Dera Bugti,0.27290993788819884,0.03600620934794864
577,Dera Bugti,0.3164132505175984,0.03198870222282261
578,Dera Bugti,0.37880910973084886,0.031721833793603854
579,Dera Bugti,0.2026169772256729,0.04829329358459172
580,Dera Bugti,0.19835010351966872,0.019327374987949855
581,Dera Bugti,0.26292587991718425,0.02877351224144229
582,Dera Bugti,0.3468821946169773,0.01694380443127096
583,Dera Bugti,0.2816142857142857,0.04342624302640051
584,Dera Bugti,0.371544513457557,0.026909986143173786
585,Dera Bugti,0.14447122153209113,0.04086902456530166
586,Dera Bugti,0.19455445134575572,0.0376558754705848
587,Dera Bugti,0.39259089026915117,0.026709295105883653
588,Dera Bugti,0.2662567287784679,0.02392301280901148
589,Dera Bugti,0.39204824016563145,0.017228900617326882
590,Dera Bugti,0.12362070393374738,0.03682515162316471
591,Dera Bugti,0.1607884057971015,0.017784593800184142
592,Dera Bugti,0.3543271221532091,0.021572952759504698
593,Dera Bugti,0.12747453416149068,0.013769180995247614
594,Dera Bugti,0.3448374741200828,0.06109495814140582
595,Dera Bugti,0.14021035196687368,0.011643201906939906
596,Dera Bugti,0.37930745341614913,0.019950807137836868
597,Dera Bugti,0.2438552795031056,0.05439021773863769
598,Dera Bugti,0.30541925465838515,0.06175006086095499
599,Dera Bugti,0.22840662525879915,0.042470428945419275
600,Kalat,0.13815383022774327,0.020119430584379948
601,Kalat,0.12087018633540371,0.019774943628476847
602,Kalat,0.12883188405797102,0.025940102326179323
603,Kalat,0.12042132505175981,0.02704053637493148
604,Kalat,0.15478385093167704,0.018756690582590625
605,Kalat,0.1866016563146998,0.024277822815616485
606,Kalat,0.12135652173913042,0.01838903759237241
607,Kalat,0.1405144927536232,0.01651913972868136
608,Kalat,0.20179772256728779,0.03886831920085313
609,Kalat,0.1316325051759834,0.020405137371363354
610,Kalat,0.1297018633540373,0.02104054372585981
611,Kalat,0.171164182194617,0.037650871716008665
612,Kalat,0.10597681159420291,0.017996086797873637
613,Kalat,0.11233209109730849,0.014045463036625277
614,Kalat,0.13996853002070392,0.028540760331123433
615,Kalat,0.14547453416149067,0.021679271057050503
616,Kalat,0.14468447204968943,0.02813569234075183
617,Kalat,0.17173913043478262,0.02065835444186129
618,Kalat,0.17751718426501034,0.029120396047713337
619,Kalat,0.1148714285714286,0.03324848659386041
620,Kalat,0.13028633540372667,0.02398431131552997
621,Kalat,0.15355714285714286,0.02413024953897959
622,Kalat,0.12307287784679088,0.02080370434586911
623,Kalat,0.11941552795031059,0.029126328364545494
624,Kalat,0.10520227743271222,0.020917678219010846
625,Jafarabad,0.3531033126293996,0.01732887817292621
626,Jafarabad,0.3512946169772257,0.027235784070520925
627,Jafarabad,0.24484318652362133,0.02932273630913829
628,Jafarabad,0.368868115942029,0.028636544474134686
629,Jafarabad,0.3211948240165632,0.020793351374223158
630,Jafarabad,0.23000207039337475,0.024734144673259167
631,Jafarabad,0.2431855072463768,0.03297280961600126
632,Jafarabad,0.2896840579710145,0.031875470300299906
633,Jafarabad,0.2787863354037267,0.032385536143084655
634,Jafarabad,0.3808192546583851,0.02156031332285236
635,Jafarabad,0.25709026915113875,0.02759075052687676
636,Jafarabad,0.3331804159608507,0.05819350698275471
637,Jafarabad,0.31563221288515403,0.04358241202203703
638,Jafarabad,0.25115271150950497,0.040127901011324976
639,Jafarabad,0.3756683229813665,0.02957328638345645
640,Jafarabad,0.2013530798669929,0.04982399279126086
641,Jafarabad,0.31650103519668743,0.018039951657394186
642,Jafarabad,0.28698301127214165,0.04107244894929794
643,Jafarabad,0.3327004140786749,0.02176834107497676
644,Jafarabad,0.3383245178162798,0.03842420852284813
645,Jafarabad,0.2519871635610766,0.033014183932999173
646,Jafarabad,0.3445448365478915,0.053533531887139406
647,Jafarabad,0.3240525879917184,0.014984443993866864
648,Jafarabad,0.2154551219400804,0.03812262633674655
649,Jafarabad,0.295972463768116,0.043836497628341936
650,Nasirabad,0.13481449275362317,0.07024252266880991
651,Nasirabad,0.19448737060041407,0.07550663949364994
652,Nasirabad,0.3556695652173913,0.023341826148807136
653,Nasirabad,0.20081925465838513,0.0711959703129639
654,Nasirabad,0.28176252587991724,0.039808787718005945
655,Nasirabad,0.28118881987577643,0.03599227946967313
656,Nasirabad,0.3962875776397516,0.025892714950829124
657,Nasirabad,0.2613706004140787,0.031145183503955662
658,Nasirabad,0.23209979296066252,0.044397843358334264
659,Nasirabad,0.23267536231884062,0.050020071771641916
660,Nasirabad,0.2800738320957674,0.03817860187926656
661,Nasirabad,0.3707915113871636,0.01800973174259465
662,Nasirabad,0.41316231884057975,0.024937293915725064
663,Nasirabad,0.12765507246376814,0.03291499999198916
664,Nasirabad,0.21753167701863355,0.04574338393385582
665,Nasirabad,0.35111469979296067,0.017763364858945915
666,Nasirabad,0.31796977225672884,0.03967092963571886
667,Nasirabad,0.3675997929606626,0.019368361051080064
668,Nasirabad,0.36090020703933756,0.031256282529191486
669,Nasirabad,0.4467616977225673,0.029314995565710832
670,Nasirabad,0.3542060041407867,0.02241259774589656
671,Nasirabad,0.25005051759834374,0.03945606602127026
672,Nasirabad,0.37648985507246374,0.018014591126189843
673,Nasirabad,0.25773995859213245,0.04245422480440572
674,Nasirabad,0.3697293995859214,0.02158723029584322
675,Jhal Magsi,0.17380683229813665,0.037068113960550576
676,Jhal Magsi,0.11680641821946174,0.04606218558919146
677,Jhal Magsi,0.10999254658385095,0.03216757573261561
678,Jhal Magsi,0.16349565217391304,0.0427382198732378
679,Jhal Magsi,0.1845832298136646,0.053278121637130485
680,Jhal Magsi,0.3192187518485655,0.03818978997881129
681,Jhal Magsi,0.2579414078674949,0.04375880496753284
682,Jhal Magsi,0.1358128364389234,0.05299945304096493
683,Jhal Magsi,0.28407431418219464,0.04223404271019694
684,Jhal Magsi,0.16924368530020706,0.060286976880397594
685,Jhal Magsi,0.2013871635610766,0.0580410068173088
686,Jhal Magsi,0.19619482401656316,0.050795811154623234
687,Jhal Magsi,0.174879917184265,0.055551072106337085
688,Jhal Magsi,0.27745926030491247,0.03628905558606505
689,Jhal Magsi,0.17685486542443063,0.04443758035695996
690,Jhal Magsi,0.2541517075792248,0.052869955785035776
691,Jhal Magsi,0.3098548654244307,0.03882251406466109
692,Jhal Magsi,0.25926171475177684,0.06833127342463248
693,Jhal Magsi,0.23550745341614907,0.057353767778987624
694,Jhal Magsi,0.16573312629399592,0.056235580466054556
695,Jhal Magsi,0.23538079239600979,0.04496800784689207
696,Jhal Magsi,0.25365909041614015,0.04897598371166954
697,Jhal Magsi,0.1149186335403727,0.035278381947892457
698,Jhal Magsi,0.0908658385093168,0.03424785120885163
699,Jhal Magsi,0.31055847920195745,0.04783246052848157
700,Kachhi,0.09812194616977225,0.021626528730674333
701,Kachhi,0.12416915113871636,0.031248779179459302
702,Kachhi,0.15170559006211182,0.04318814895937476
703,Kachhi,0.11109233954451346,0.04206643539421969
704,Kachhi,0.07528509316770188,0.00867275614792779
705,Kachhi,0.12823333333333334,0.0186685550335301
706,Kachhi,0.07858053830227743,0.021623712892483264
707,Kachhi,0.07693002070393376,0.012342230959390252
708,Kachhi,0.0721855072463768,0.00849383750741477
709,Kachhi,0.1064977225672878,0.03259816648833761
710,Kachhi,0.13937329192546585,0.03013701317369159
711,Kachhi,0.13185983436853002,0.03237013036184905
712,Kachhi,0.17688488612836442,0.043691232116174164
713,Kachhi,0.10734327122153209,0.02634144240277737
714,Kachhi,0.10671821946169772,0.034258025142275106
715,Kachhi,0.1813418219461698,0.027635449826150408
716,Kachhi,0.1562329192546584,0.037097917782192
717,Kachhi,0.14800008469791076,0.039474867921295016
718,Kachhi,0.08846252587991721,0.017761753501153933
719,Kachhi,0.09100207039337474,0.02068775897372268
720,Kachhi,0.15661614906832302,0.030013293995199124
721,Kachhi,0.13649875776397516,0.03277856052853611
722,Kachhi,0.13075403726708076,0.03755961786757825
723,Kachhi,0.1986120082815735,0.026441710943192084
724,Kachhi,0.11602236024844721,0.02118061734792027
725,Awaran,0.08714534161490685,0.020442586614824357
726,Awaran,0.1476569358178054,0.0206240737631561
727,Awaran,0.10959296066252587,0.02037478344177442
728,Awaran,0.2072389233954452,0.016674820967297995
729,Awaran,0.1531378881987578,0.0287519520843261
730,Awaran,0.08073167701863354,0.013946243007312308
731,Awaran,0.2078815734989648,0.015072752121670105
732,Awaran,0.14912256728778467,0.03194416027219431
733,Awaran,0.11418364389233956,0.030024692478669464
734,Awaran,0.11964182194616979,0.021997564840234782
735,Awaran,0.19173312629399586,0.02064576962817857
736,Awaran,0.16995734989648034,0.022055932451474067
737,Awaran,0.11292960662525882,0.01878876430930181
738,Awaran,0.16984720496894412,0.024207851092665083
739,Awaran,0.1730169772256729,0.015129894323226013
740,Awaran,0.11407060041407868,0.018181951123695056
741,Awaran,0.10107494824016565,0.027187138443075343
742,Awaran,0.13384679089026916,0.019192755440067353
743,Awaran,0.08877080745341616,0.012007882994741561
744,Awaran,0.08407908902691512,0.009944229813240188
745,Awaran,0.12494616977225674,0.016684275771461036
746,Awaran,0.13417225672877847,0.013493888654240378
747,Awaran,0.10211221532091098,0.010986453710167725
748,Awaran,0.09876749482401656,0.013737744290156976
749,Awaran,0.21380579710144923,0.013306393456542156
750,Lasbela,0.11882091097308489,0.042531564099663535
751,Lasbela,0.23777184265010354,0.06831849213810427
752,Lasbela,0.2358351966873706,0.034401533786717606
753,Lasbela,0.0783552795031056,0.014569771368223607
754,Lasbela,0.42030476190476196,0.07083808010110872
755,Lasbela,0.3125645962732919,0.05561099262906154
756,Lasbela,0.16507018633540377,0.03555026145784759
757,Lasbela,0.3723273291925467,0.0654884034600382
758,Lasbela,0.0841654244306418,0.013181721747818561
759,Lasbela,0.08670269151138718,0.0175518358862059
760,Lasbela,0.32204306418219464,0.06057994291867987
761,Lasbela,0.13927122153209112,0.04540119771680506
762,Lasbela,0.24875155279503106,0.04553945270034808
763,Lasbela,0.4041509316770186,0.10601818226182458
764,Lasbela,0.13132753623188403,0.05590328386649525
765,Lasbela,0.19551718426501033,0.09017883731547037
766,Lasbela,0.23398157349896484,0.05402786242220727
767,Lasbela,0.1471173913043478,0.023403894223618504
768,Lasbela,0.2672515527950311,0.045204595941764604
769,Lasbela,0.27116066252587995,0.02416349141116404
770,Lasbela,0.23015051759834368,0.03447423724367961
771,Lasbela,0.15540828157349895,0.03247586047999684
772,Lasbela,0.19560993788819878,0.05369498859017554
773,Lasbela,0.15651304347826087,0.027672817307158502
774,Lasbela,0.14082525879917182,0.05146916559422366
775,Karachi,0.2299262939958592,0.08104652467501554
776,Karachi,0.19516066252587994,0.05464620198386603
777,Karachi,0.35371325051759844,0.07154473196053365
778,Karachi,0.157931884057971,0.04302154156556159
779,Karachi,0.37812173913043484,0.03853850809716421
780,Karachi,0.17391180124223607,0.05219521496023778
781,Karachi,0.20779855072463768,0.050761784942750056
782,Karachi,0.3302778467908903,0.0946580798079193
783,Karachi,0.32702298136645963,0.042016817939073386
784,Karachi,0.2955828157349897,0.04455595107372972
785,Karachi,0.2116726708074534,0.03461598163323113
786,Karachi,0.17562567287784675,0.03411414889907211
787,Karachi,0.21548778467908902,0.048276421414170226
788,Karachi,0.21809026915113874,0.053137236163949254
789,Karachi,0.2102954451345756,0.02582282913960128
790,Karachi,0.14679751552795034,0.03556919114945928
791,Karachi,0.19617805383022777,0.04619170566946998
792,Karachi,0.31569813664596275,0.05179052727656402
793,Karachi,0.18575921325051764,0.06044853567205297
794,Karachi,0.2249041407867495,0.04994174929794206
795,Karachi,0.1314513457556936,0.02571045674342677
796,Karachi,0.19592360248447205,0.05174576500377381
797,Karachi,0.18288819875776402,0.05327510005763954
798,Karachi,0.2882935817805383,0.0359712137642873
799,Karachi,0.242332298136646,0.06454525855246757
800,Thatta,0.2891258799171843,0.017890607141282176
801,Thatta,0.2885488612836439,0.022874663638477902
802,Thatta,0.31096873706004147,0.025815055455314928
803,Thatta,0.170264182194617,0.04322840135163924
804,Thatta,0.3620645962732919,0.030338004375224204
805,Thatta,0.30486997929606624,0.023661922958251248
806,Thatta,0.31953726708074537,0.050650655564575826
807,Thatta,0.3011105590062111,0.018752347112503582
808,Thatta,0.3360993788819875,0.0216602854373565
809,Thatta,0.17142443064182192,0.03703029529700525
810,Thatta,0.2962026915113871,0.03698805597691371
811,Thatta,0.34829937888198764,0.02771796408406527
812,Thatta,0.30837950310559004,0.03785673797163528
813,Thatta,0.3115567287784679,0.03797015807063357
814,Thatta,0.24648695652173913,0.04033721992836396
815,Thatta,0.22372836438923396,0.03800021913461293
816,Thatta,0.3341300207039338,0.025621649379436392
817,Thatta,0.25281656314699796,0.02976893351298879
818,Thatta,0.22737722567287785,0.032876934824719005
819,Thatta,0.2848716920760399,0.05319014188887262
820,Thatta,0.1936217955957087,0.04808362317394172
821,Thatta,0.3512737060041407,0.02918124601914526
822,Thatta,0.18662505175983435,0.059542575178587756
823,Thatta,0.23584182194616976,0.020130048580164123
824,Thatta,0.3335592132505176,0.0307837411178913
825,Tharparkar,0.17013913043478265,0.023229771437390065
826,Tharparkar,0.17455859213250519,0.03067864415458487
827,Tharparkar,0.1949225672877847,0.028316736486602635
828,Tharparkar,0.17094285714285717,0.030291766320645223
829,Tharparkar,0.18196770186335404,0.03294262350743858
830,Tharparkar,0.16257432712215322,0.027552650860793147
831,Tharparkar,0.1967482401656315,0.03899292456562015
832,Tharparkar,0.15013395445134575,0.02537591888372791
833,Tharparkar,0.1779629399585922,0.023362951430399025
834,Tharparkar,0.1455335403726708,0.020356470892065565
835,Tharparkar,0.19173954451345762,0.0404355975986958
836,Tharparkar,0.17033167701863353,0.037002823488984156
837,Tharparkar,0.2126975155279503,0.04381011423848836
838,Tharparkar,0.19639730848861284,0.03794631836742386
839,Tharparkar,0.17650351966873706,0.028265027106800802
840,Tharparkar,0.1956474120082816,0.0403728636285674
841,Tharparkar,0.17131180124223602,0.028005620751341134
842,Tharparkar,0.16502008281573502,0.027503683907006728
843,Tharparkar,0.1821623188405797,0.028959747559776206
844,Tharparkar,0.1768935817805383,0.054317976972753236
845,Tharparkar,0.1991879917184265,0.040055214859911814
846,Tharparkar,0.19442380952380955,0.033861831152493665
847,Tharparkar,0.1567532091097308,0.031445164243741816
848,Tharparkar,0.14947950310559005,0.02428952073657479
849,Tharparkar,0.18704761904761907,0.03224789495045511
850,Umerkot,0.35848658949745904,0.06799048791331955
851,Umerkot,0.3983109730848862,0.04538112267353375
852,Umerkot,0.42608509316770177,0.050910173676069724
853,Umerkot,0.24802275132275137,0.03951414137352312
854,Umerkot,0.433572463768116,0.046485119182357273
855,Umerkot,0.30456795355823485,0.045723056728934175
856,Umerkot,0.39665320910973084,0.03512065029641798
857,Umerkot,0.33608881987577643,0.0391414061355324
858,Umerkot,0.20643271221532095,0.02285920655985117
859,Umerkot,0.26514493184955135,0.03537033098671942
860,Umerkot,0.2641285714285714,0.0385232387477231
861,Umerkot,0.3295443064182195,0.07432678943505869
862,Umerkot,0.3056805383022775,0.031878332046148795
863,Umerkot,0.2597333333333333,0.05770652413684552
864,Umerkot,0.33833167701863354,0.046100285137428434
865,Umerkot,0.2602754313319531,0.04162380021137678
866,Umerkot,0.27024037267080747,0.04134727406856462
867,Umerkot,0.2685351966873706,0.05189546905244368
868,Umerkot,0.2896461697722567,0.07067759627317548
869,Umerkot,0.2920173913043479,0.06272574984758496
870,Umerkot,0.2882339262187089,0.034308910688763766
871,Umerkot,0.31084327122153216,0.0656257987341442
872,Umerkot,0.3230592132505176,0.03643176063494471
873,Umerkot,0.3146281573498965,0.05409630682858702
874,Umerkot,0.30826501035196685,0.0534953940888655
875,Jamshoro,0.18398819875776398,0.03216086311760393
876,Jamshoro,0.22950844155844158,0.052516266108140745
877,Jamshoro,0.218712215320911,0.06666075927493953
878,Jamshoro,0.2518055806512329,0.057767056931340356
879,Jamshoro,0.2661873706004141,0.05017984374034009
880,Jamshoro,0.21425188405797102,0.021912162521865147
881,Jamshoro,0.28397391304347824,0.026678732102591224
882,Jamshoro,0.32193897000170296,0.06320415934635103
883,Jamshoro,0.293592546583851,0.029540920418856014
884,Jamshoro,0.1637285714285715,0.03246894879464627
885,Jamshoro,0.17444202898550726,0.03543476767984382
886,Jamshoro,0.3142575569358178,0.0377081462026926
887,Jamshoro,0.14041739130434785,0.023735570001241164
888,Jamshoro,0.2755372670807453,0.034786626723705284
889,Jamshoro,0.24057819499341238,0.06661470685818392
890,Jamshoro,0.2857496894409938,0.07903781529948531
891,Jamshoro,0.12169109730848862,0.02460317891605822
892,Jamshoro,0.46570848861283637,0.02264661263366636
893,Jamshoro,0.3112899680030115,0.07702817906406266
894,Jamshoro,0.12139233954451348,0.027862146727781447
895,Jamshoro,0.23228861283643892,0.04200216351555881
896,Jamshoro,0.2392579992471297,0.06100185638704627
897,Jamshoro,0.17991594202898548,0.044658197068034776
898,Jamshoro,0.158892132505176,0.026639803789668154
899,Jamshoro,0.31259937888198763,0.036625601754892954
900,Dadu,0.34367950310559003,0.06160788284781958
901,Dadu,0.3016956521739131,0.05071934527255946
902,Dadu,0.21247432712215322,0.022721806832306752
903,Dadu,0.15737912766104986,0.07107961711091706
904,Dadu,0.31560124223602487,0.024780252081584048
905,Dadu,0.14934049187527446,0.05264128324585508
906,Dadu,0.35719917184265004,0.0296582487908742
907,Dadu,0.41285921325051755,0.0245010809888337
908,Dadu,0.15360269151138717,0.04803569483387331
909,Dadu,0.3171840579710145,0.023242789139363732
910,Dadu,0.21894513457556933,0.021752382067741792
911,Dadu,0.23646316671596174,0.036865341749743236
912,Dadu,0.3908438923395445,0.0435103227933856
913,Dadu,0.32583457556935824,0.06346396656148219
914,Dadu,0.19739036722240386,0.04222335382647624
915,Dadu,0.3335033126293997,0.029151666311924403
916,Dadu,0.1850608695652174,0.024551475589894515
917,Dadu,0.16201573498964802,0.04836097394986383
918,Dadu,0.39648311594202895,0.03860464868038571
919,Dadu,0.3475561076604554,0.02032839979334071
920,Dadu,0.29074554865424435,0.030366503729908456
921,Dadu,0.23632670807453415,0.034031807261095205
922,Dadu,0.07247701863354038,0.018439219315655557
923,Dadu,0.3290408996800301,0.04315680840024769
924,Dadu,0.4244424430641823,0.02455694336205724
925,Tando Muhammad Khan,0.3539821946169772,0.02883327406990718
926,Tando Muhammad Khan,0.34242567287784675,0.0368743714616264
927,Tando Muhammad Khan,0.39362153209109724,0.024758295162657932
928,Tando Muhammad Khan,0.30749855072463766,0.02405497545520303
929,Tando Muhammad Khan,0.3059409937888199,0.022617740608750686
930,Tando Muhammad Khan,0.242096480331263,0.0261376466665074
931,Tando Muhammad Khan,0.131348033126294,0.04180169638905981
932,Tando Muhammad Khan,0.3156896480331263,0.017786928179755895
933,Tando Muhammad Khan,0.3582875776397516,0.024305442861204476
934,Tando Muhammad Khan,0.41478053830227746,0.030859216374512936
935,Tando Muhammad Khan,0.2974648033126294,0.02275712219689845
936,Tando Muhammad Khan,0.35762298136645965,0.027302431858469457
937,Tando Muhammad Khan,0.27145983436853,0.020544936441058446
938,Tando Muhammad Khan,0.325044099378882,0.03205992443343709
939,Tando Muhammad Khan,0.22140559006211177,0.03150316414638189
940,Tando Muhammad Khan,0.29818260869565216,0.02538026448220716
941,Tando Muhammad Khan,0.3618246376811594,0.022307224814687165
942,Tando Muhammad Khan,0.3993285714285715,0.033116373299666595
943,Tando Muhammad Khan,0.39417287784679095,0.03209595739995933
944,Tando Muhammad Khan,0.34923664596273296,0.028809289878671582
945,Tando Muhammad Khan,0.21261200828157353,0.03980085958404726
946,Tando Muhammad Khan,0.3631378881987578,0.02622626609514713
947,Tando Muhammad Khan,0.3566792960662526,0.042908580361270404
948,Tando Muhammad Khan,0.2883691511387164,0.04353621534788535
949,Tando Muhammad Khan,0.3094975155279503,0.02775620234316301
950,Hyderabad,0.47542587991718427,0.04244561032811272
951,Hyderabad,0.47592132505175994,0.03373707123512507
952,Hyderabad,0.4610207039337474,0.03438469583138682
953,Hyderabad,0.37393167701863356,0.027535402727285344
954,Hyderabad,0.45014720496894406,0.0884905795574971
955,Hyderabad,0.4512057971014493,0.02339556409577839
956,Hyderabad,0.29318364389233953,0.042410469286846615
957,Hyderabad,0.35194679089026903,0.041884930304730214
958,Hyderabad,0.4362585921325053,0.0656740974270533
959,Hyderabad,0.4721546583850933,0.03856332781511968
960,Hyderabad,0.3756283643892339,0.02694672548301579
961,Hyderabad,0.42750434782608693,0.05530401110943547
962,Hyderabad,0.36800415019762855,0.035358949173684706
963,Hyderabad,0.31832505175983433,0.04352527646172834
964,Hyderabad,0.4814498964803312,0.030687122247189755
965,Hyderabad,0.44699151138716364,0.06993154489385782
966,Hyderabad,0.28763064182194614,0.017552178065943676
967,Hyderabad,0.47740890269151126,0.04211657976679184
968,Hyderabad,0.5271103519668738,0.030888042423863008
969,Hyderabad,0.43505507246376807,0.0898786579044097
970,Hyderabad,0.2647701863354038,0.023757197876853008
971,Hyderabad,0.4182674948240166,0.022525460559668847
972,Hyderabad,0.48566997929606626,0.0388528304257327
973,Hyderabad,0.45723747412008275,0.056626109680550415
974,Hyderabad,0.3565002070393375,0.048093153196897116
975,Tando Allahyar,0.3610428571428571,0.05541460116195474
976,Tando Allahyar,0.42346563146997923,0.04521488930219118
977,Tando Allahyar,0.2539981366459628,0.055653133039926875
978,Tando Allahyar,0.37427329192546577,0.05161972383239951
979,Tando Allahyar,0.39282049689440995,0.04225982360195593
980,Tando Allahyar,0.3796345755693582,0.032708782314553854
981,Tando Allahyar,0.44625693581780534,0.031232379600670428
982,Tando Allahyar,0.4635341614906833,0.04297133867991901
983,Tando Allahyar,0.23266501035196688,0.039135068910692954
984,Tando Allahyar,0.4119929606625259,0.05021819513891854
985,Tando Allahyar,0.3826496894409937,0.05009495550149076
986,Tando Allahyar,0.4101844720496894,0.039877156055414635
987,Tando Allahyar,0.40987846790890275,0.04755620670205235
988,Tando Allahyar,0.4111279503105591,0.07112111848524662
989,Tando Allahyar,0.34937929606625256,0.05970434084393327
990,Tando Allahyar,0.31783975155279504,0.024653566707498013
991,Tando Allahyar,0.3434621118012423,0.04362212034782379
992,Tando Allahyar,0.2983916431394692,0.07420421271175287
993,Tando Allahyar,0.3072689440993789,0.058069384193881544
994,Tando Allahyar,0.2945946169772256,0.03430976156692118
995,Tando Allahyar,0.4753457556935819,0.041294394084922685
996,Tando Allahyar,0.37029482401656316,0.026095075604004394
997,Tando Allahyar,0.36395859213250514,0.022258524544052086
998,Tando Allahyar,0.432828364389234,0.031502866274755195
999,Tando Allahyar,0.33512546583850944,0.02272779869130594
1000,Badin,0.30720848861283645,0.024782885708239978
1001,Badin,0.34652484472049694,0.03777262474837308
1002,Badin,0.31309019386410697,0.04580682541740745
1003,Badin,0.2418505175983437,0.032186017684806466
1004,Badin,0.26574099378881993,0.05604465253539668
1005,Badin,0.3492635610766046,0.041005094266819
1006,Badin,0.334255486542443,0.04253644969251153
1007,Badin,0.36925983436853,0.031307228355646075
1008,Badin,0.29040456427630346,0.046722210556913314
1009,Badin,0.37487287784679096,0.03121498695749521
1010,Badin,0.30175072463768116,0.041305065381875734
1011,Badin,0.305524016563147,0.024415338616915867
1012,Badin,0.3016231978166761,0.038334245555696735
1013,Badin,0.14042970073404856,0.03293085028717793
1014,Badin,0.27144389233954447,0.029101181316088284
1015,Badin,0.327007453416149,0.036089194551142796
1016,Badin,0.2976492753623189,0.045572123532969334
1017,Badin,0.2973385093167702,0.04003507136290258
1018,Badin,0.21866102955015998,0.07361217387047446
1019,Badin,0.341883850931677,0.037687626841290685
1020,Badin,0.2950095238095238,0.028761750732392562
1021,Badin,0.34485838509316763,0.05087299738154307
1022,Badin,0.2493817805383023,0.0414185976532074
1023,Badin,0.3585258799171843,0.07245724891349355
1024,Badin,0.31068012422360247,0.031656460178106596
1025,Mirpurkhas,0.33839378881987575,0.03356518369567364
1026,Mirpurkhas,0.23966574440052704,0.03737783475462016
1027,Mirpurkhas,0.30166832298136653,0.058962580521703924
1028,Mirpurkhas,0.3619958592132505,0.03317766177615469
1029,Mirpurkhas,0.2530095708639187,0.04155241483479378
1030,Mirpurkhas,0.27660672877846787,0.03499607374750679
1031,Mirpurkhas,0.3898209109730849,0.0427752235209386
1032,Mirpurkhas,0.35381884057971014,0.058320130090209726
1033,Mirpurkhas,0.2694041407867495,0.021044925838519597
1034,Mirpurkhas,0.19147765692640697,0.02912838631202179
1035,Mirpurkhas,0.31128881987577645,0.03191016969283049
1036,Mirpurkhas,0.35652525879917185,0.04246744942569365
1037,Mirpurkhas,0.24401118012422365,0.08727689259400184
1038,Mirpurkhas,0.3291824016563146,0.04709201969907253
1039,Mirpurkhas,0.31094989648033133,0.046397798284989064
1040,Mirpurkhas,0.4335859213250518,0.025891674213911194
1041,Mirpurkhas,0.30732049689441,0.05115965120229291
1042,Mirpurkhas,0.30880890269151146,0.03530342257444411
1043,Mirpurkhas,0.3502376811594204,0.05751110794300494
1044,Mirpurkhas,0.30333860342556,0.0406173355319862
1045,Mirpurkhas,0.3329995859213251,0.03103272493565041
1046,Mirpurkhas,0.33637971014492757,0.05765438563678198
1047,Mirpurkhas,0.30533084886128364,0.033015894717489315
1048,Mirpurkhas,0.36132443064182196,0.043051445724657515
1049,Mirpurkhas,0.27848778467908897,0.05484370306926699
1050,Matiari,0.2975432360427702,0.06282151932856438
1051,Matiari,0.5145594202898551,0.033565430017169065
1052,Matiari,0.442075569358178,0.03199321127231553
1053,Matiari,0.48136501035196694,0.049335106038882734
1054,Matiari,0.4533194616977226,0.03604928934464774
1055,Matiari,0.46756708074534165,0.023883016516750937
1056,Matiari,0.5154910973084886,0.03484789032917988
1057,Matiari,0.5142478260869566,0.030838449310747074
1058,Matiari,0.4008420289855072,0.0523863425282577
1059,Matiari,0.29155270361108865,0.032740835737332954
1060,Matiari,0.46496107660455505,0.02990467811419818
1061,Matiari,0.3497298136645963,0.0265734375901106
1062,Matiari,0.4548824016563146,0.039998493973723695
1063,Matiari,0.19482532826042145,0.03875023157099186
1064,Matiari,0.420516563146998,0.05943960540906674
1065,Matiari,0.35077930547713165,0.053607985338050716
1066,Matiari,0.34166712824787365,0.05108345522876689
1067,Matiari,0.47977826086956527,0.03476375625219783
1068,Matiari,0.252749924406348,0.044813417417671454
1069,Matiari,0.43684865424430636,0.03847590903245539
1070,Matiari,0.4010544513457557,0.03647125929739342
1071,Matiari,0.28402416149068327,0.03690107699295642
1072,Matiari,0.47160455486542446,0.039185558148008295
1073,Matiari,0.33935979672501415,0.05606372814683615
1074,Matiari,0.4067296066252588,0.031051807855917178
1075,Nawabshah,0.3963631469979297,0.06935388577429506
1076,Nawabshah,0.4527896480331263,0.03578050758659743
1077,Nawabshah,0.33817142857142857,0.03880096193152263
1078,Nawabshah,0.3697273291925466,0.023145792047760013
1079,Nawabshah,0.353204347826087,0.0727498788557475
1080,Nawabshah,0.4273581780538303,0.043960404066739615
1081,Nawabshah,0.3698635610766046,0.031628721075891354
1082,Nawabshah,0.32753209109730846,0.03799755608678288
1083,Nawabshah,0.27449565217391303,0.05980119340714928
1084,Nawabshah,0.3225552795031057,0.03528240389176642
1085,Nawabshah,0.578395238095238,0.03014912791960087
1086,Nawabshah,0.36606066252587993,0.021600022274062745
1087,Nawabshah,0.39041884057971027,0.032245560070610406
1088,Nawabshah,0.40891242236024844,0.030474083122636594
1089,Nawabshah,0.4435697722567288,0.03315884596272343
1090,Nawabshah,0.3454703933747413,0.02936003913101724
1091,Nawabshah,0.32097080790155325,0.029854043343927616
1092,Nawabshah,0.15293185582533408,0.03538479104625642
1093,Nawabshah,0.30867011956297674,0.03895744707262091
1094,Nawabshah,0.2867010351966874,0.06289148820542753
1095,Nawabshah,0.21123549245785272,0.024804052384007395
1096,Nawabshah,0.4845817805383023,0.03305853486155199
1097,Nawabshah,0.2396097684923772,0.03521670591532795
1098,Nawabshah,0.4332374741200828,0.02622071452063189
1099,Nawabshah,0.43738695652173915,0.03707570095148821
1100,Sanghar,0.2775900056465273,0.028753901502717227
1101,Sanghar,0.4343045548654245,0.029302165736874535
1102,Sanghar,0.20772028985507243,0.03125969227917443
1103,Sanghar,0.4234101449275363,0.03546297181357325
1104,Sanghar,0.3024391304347826,0.05565781952471827
1105,Sanghar,0.28638799171842655,0.03424167282038763
1106,Sanghar,0.39071821946169777,0.06624707709028847
1107,Sanghar,0.379251966873706,0.06269935536190216
1108,Sanghar,0.29850207039337473,0.06425277417607966
1109,Sanghar,0.45722919254658395,0.03552929698905578
1110,Sanghar,0.35488923395445143,0.06027345209982218
1111,Sanghar,0.427344099378882,0.027932178618373635
1112,Sanghar,0.46845403726708074,0.02761798104632703
1113,Sanghar,0.4237124223602485,0.04518448616167166
1114,Sanghar,0.4244933747412008,0.04029043433798136
1115,Sanghar,0.30763498964803315,0.03893151737648738
1116,Sanghar,0.33992443064182193,0.05547577243905127
1117,Sanghar,0.4071614906832298,0.03180329078385112
1118,Sanghar,0.31493064182194613,0.032958060663092766
1119,Sanghar,0.2755202898550725,0.03212302786934483
1120,Sanghar,0.3775619047619047,0.06930754006671647
1121,Sanghar,0.3523892339544514,0.060437831068668096
1122,Sanghar,0.4779351966873707,0.04411977408800908
1123,Sanghar,0.34842111801242237,0.05016534212590341
1124,Sanghar,0.4879374741200828,0.02710557483937152
1125,Naushehro Feroze,0.3588159420289856,0.029910889870634123
1126,Naushehro Feroze,0.47085652173913056,0.02652880155772603
1127,Naushehro Feroze,0.1379529245426761,0.0416139951844212
1128,Naushehro Feroze,0.30866418219461694,0.05990418518931041
1129,Naushehro Feroze,0.42854153961980057,0.048498393794541454
1130,Naushehro Feroze,0.3455312629399586,0.03468692864016366
1131,Naushehro Feroze,0.5073370600414079,0.01927909884326148
1132,Naushehro Feroze,0.41139047619047614,0.05189956254138236
1133,Naushehro Feroze,0.3746233954451346,0.043133008181346896
1134,Naushehro Feroze,0.3616927536231884,0.02799137687688996
1135,Naushehro Feroze,0.46752028985507255,0.0551374740190169
1136,Naushehro Feroze,0.4291391304347826,0.03429189255553071
1137,Naushehro Feroze,0.39338364389233954,0.0396953815456997
1138,Naushehro Feroze,0.3627869565217392,0.04984445475313364
1139,Naushehro Feroze,0.41788550724637685,0.02184503204462607
1140,Naushehro Feroze,0.2828680124223602,0.02051063389497862
1141,Naushehro Feroze,0.4108175983436853,0.031298426616106455
1142,Naushehro Feroze,0.396932298136646,0.03244386172174395
1143,Naushehro Feroze,0.4772939958592133,0.04217137411999031
1144,Naushehro Feroze,0.31777412008281575,0.07220042140194739
1145,Naushehro Feroze,0.35393146997929614,0.048688748455177434
1146,Naushehro Feroze,0.4752509316770186,0.03036895688742499
1147,Naushehro Feroze,0.3038320910973084,0.03315057151138715
1148,Naushehro Feroze,0.3255534161490684,0.033580071085097474
1149,Naushehro Feroze,0.44984575569358176,0.045363875953782586
1150,Qambar Shahdadkot,0.3354805288913984,0.05425827494515651
1151,Qambar Shahdadkot,0.3952763975155279,0.019525735298652334
1152,Qambar Shahdadkot,0.3292554865424431,0.017130832929592662
1153,Qambar Shahdadkot,0.2661625569358178,0.023619203847796907
1154,Qambar Shahdadkot,0.37176666666666663,0.03178800622396101
1155,Qambar Shahdadkot,0.29222443064182196,0.028516148219770394
1156,Qambar Shahdadkot,0.3934761904761905,0.04927642295690261
1157,Qambar Shahdadkot,0.3462184265010352,0.028695880352463683
1158,Qambar Shahdadkot,0.33415320910973084,0.039841348389662634
1159,Qambar Shahdadkot,0.31905504109417154,0.04578504077914846
1160,Qambar Shahdadkot,0.25557639751552796,0.0608686129261714
1161,Qambar Shahdadkot,0.38755569358178055,0.029926130274998797
1162,Qambar Shahdadkot,0.24159340297383777,0.04579339875681338
1163,Qambar Shahdadkot,0.22231210333145113,0.05342012369092565
1164,Qambar Shahdadkot,0.17779689440993784,0.09367644817816471
1165,Qambar Shahdadkot,0.36689358178053827,0.021204296548832467
1166,Qambar Shahdadkot,0.34023188405797106,0.01626005380607523
1167,Qambar Shahdadkot,0.2885265010351967,0.0281160442327469
1168,Qambar Shahdadkot,0.344348364389234,0.06652586737510457
1169,Qambar Shahdadkot,0.36199689440993793,0.06716154804074129
1170,Qambar Shahdadkot,0.3212689440993789,0.023405656017587862
1171,Qambar Shahdadkot,0.3035372805248581,0.03942661874084521
1172,Qambar Shahdadkot,0.3203913043478262,0.03662908988690428
1173,Qambar Shahdadkot,0.41159772256728777,0.025847179089428678
1174,Qambar Shahdadkot,0.2622871635610767,0.0568189108950341
1175,Jacobabad,0.3005626811594203,0.05412777477243395
1176,Jacobabad,0.28386314699792964,0.050699252410773776
1177,Jacobabad,0.3461917184265011,0.022712157159202138
1178,Jacobabad,0.2936221532091097,0.09328024960822254
1179,Jacobabad,0.21103706004140793,0.03769245493111892
1180,Jacobabad,0.31368074534161494,0.020932189966129368
1181,Jacobabad,0.37883750235271973,0.044069117772961165
1182,Jacobabad,0.27397101449275363,0.032788657841634455
1183,Jacobabad,0.3238095238095238,0.043268736836148555
1184,Jacobabad,0.25426935817805385,0.03109502191558722
1185,Jacobabad,0.3286038198757765,0.047498370043648014
1186,Jacobabad,0.3090202898550724,0.04870051591972826
1187,Jacobabad,0.3354361942405421,0.04051793867470929
1188,Jacobabad,0.3875296066252587,0.019949349835534775
1189,Jacobabad,0.4185018633540373,0.019376080821597697
1190,Jacobabad,0.3785418219461698,0.03540248704136481
1191,Jacobabad,0.3093486542443064,0.04620695060213656
1192,Jacobabad,0.2948800847875383,0.04000035705132849
1193,Jacobabad,0.3104209109730849,0.022157141614160124
1194,Jacobabad,0.30740186335403735,0.06961503859808132
1195,Jacobabad,0.2962043101825711,0.05140483977426453
1196,Jacobabad,0.3668631469979296,0.04285816850974651
1197,Jacobabad,0.3922652173913044,0.03201079657410122
1198,Jacobabad,0.3523099378881988,0.044917290232379864
1199,Jacobabad,0.2225581780538302,0.022697342594138997
1200,Shikarpur,0.3139238095238095,0.05069912191051415
1201,Shikarpur,0.3771633540372671,0.027214010948095238
1202,Shikarpur,0.23258530020703935,0.03704303459323251
1203,Shikarpur,0.385472463768116,0.02616852414666494
1204,Shikarpur,0.2691182194616977,0.042755505933609834
1205,Shikarpur,0.27771283643892336,0.0226469774035831
1206,Shikarpur,0.3596231884057971,0.021901920808132046
1207,Shikarpur,0.3949424430641822,0.03209833305322459
1208,Shikarpur,0.3318967156032373,0.04064238076372347
1209,Shikarpur,0.3974706004140787,0.05111107497994753
1210,Shikarpur,0.24580786749482406,0.018934443979593027
1211,Shikarpur,0.18074720496894411,0.05409286865768737
1212,Shikarpur,0.14058847167325425,0.025127098346015307
1213,Shikarpur,0.40271697722567296,0.023554593110713583
1214,Shikarpur,0.31400186335403724,0.019540896665471638
1215,Shikarpur,0.3787097308488613,0.02671265203843565
1216,Shikarpur,0.27012587991718423,0.02150077936551848
1217,Shikarpur,0.33090973084886127,0.029795202968118228
1218,Shikarpur,0.32416169772256737,0.021122236803967537
1219,Shikarpur,0.3457144927536232,0.027585020720310334
1220,Shikarpur,0.3095064182194617,0.028430391409086465
1221,Shikarpur,0.3451929606625259,0.022701095286468697
1222,Shikarpur,0.35101614906832296,0.01605921171572831
1223,Shikarpur,0.33177888198757766,0.03990607879995331
1224,Shikarpur,0.4033101449275362,0.01907652041096489
1225,Ghotki,0.3314786749482402,0.038239711491854116
1226,Ghotki,0.41576542443064196,0.0461893627963385
1227,Ghotki,0.3016828157349897,0.05394981929559665
1228,Ghotki,0.3899977225672879,0.04208288934155435
1229,Ghotki,0.4504958592132506,0.031066424251482972
1230,Ghotki,0.3174585921325052,0.04035631435618042
1231,Ghotki,0.3841670807453416,0.044208317033501865
1232,Ghotki,0.2610701863354037,0.040084603306563334
1233,Ghotki,0.3216293995859214,0.04337722129021908
1234,Ghotki,0.48280455486542434,0.03413502292686262
1235,Ghotki,0.30826915113871634,0.02333528233715878
1236,Ghotki,0.41557122153209114,0.026755420864580604
1237,Ghotki,0.23414120082815734,0.047596027292821044
1238,Ghotki,0.28954451345755694,0.023529953595038636
1239,Ghotki,0.26162650103519675,0.060983261840371
1240,Ghotki,0.4806871635610766,0.03239644247536056
1241,Ghotki,0.4371035196687371,0.029518850855001787
1242,Ghotki,0.34111656314699795,0.021699829220665916
1243,Ghotki,0.22968115942028988,0.04229022524412388
1244,Ghotki,0.4516246376811595,0.04794176295674396
1245,Ghotki,0.32525859213250524,0.029677285336677864
1246,Ghotki,0.3638134575569359,0.0362006168581988
1247,Ghotki,0.3472055900621118,0.045449545644428616
1248,Ghotki,0.3765300207039338,0.022745150361842995
1249,Ghotki,0.4652631469979297,0.03679366060168157
1250,Sukkur,0.1853095238095238,0.07071718257324303
1251,Sukkur,0.4088900621118013,0.0383876268938034
1252,Sukkur,0.32470434782608704,0.05873262582120563
1253,Sukkur,0.42807722567287787,0.04585894282830492
1254,Sukkur,0.43591180124223605,0.04950746035798112
1255,Sukkur,0.39595320910973086,0.02643395651239798
1256,Sukkur,0.31378799171842653,0.03789897622343275
1257,Sukkur,0.27582091097308487,0.03232870270623059
1258,Sukkur,0.3615128364389234,0.0446340484353629
1259,Sukkur,0.36080372670807453,0.03086616294451122
1260,Sukkur,0.4154991718426502,0.04204108098143265
1261,Sukkur,0.281103933747412,0.037527371806711965
1262,Sukkur,0.44815424430641826,0.04104716731278507
1263,Sukkur,0.2658718426501035,0.08332502022035934
1264,Sukkur,0.4353716356107661,0.05053751508925036
1265,Sukkur,0.2876376058723885,0.04518086453419849
1266,Sukkur,0.3902848861283643,0.028028745118528074
1267,Sukkur,0.3340370600414079,0.040232209404185724
1268,Sukkur,0.3692971014492754,0.050055300237692564
1269,Sukkur,0.4710550724637682,0.042834738925586244
1270,Sukkur,0.4747921325051761,0.02547216734129477
1271,Sukkur,0.3781047619047619,0.04882359701740023
1272,Sukkur,0.4346915113871636,0.03212630789232203
1273,Sukkur,0.401116149068323,0.052448078722102574
1274,Sukkur,0.28729192546583854,0.029798491307955192
1275,Kashmore,0.24888158290984377,0.040475583007940866
1276,Kashmore,0.3425954451345755,0.01686384913489829
1277,Kashmore,0.37166749482401656,0.02707710067375518
1278,Kashmore,0.3834453416149069,0.029567831530131396
1279,Kashmore,0.14649112554112553,0.07618605052025597
1280,Kashmore,0.3372784679089027,0.03638180699022956
1281,Kashmore,0.301427536231884,0.03518430504516393
1282,Kashmore,0.28443871635610773,0.0494027774580382
1283,Kashmore,0.26074283832109924,0.06938535697648832
1284,Kashmore,0.19638998682476944,0.10238253611190141
1285,Kashmore,0.11380901517392202,0.1337456708026877
1286,Kashmore,0.341312215320911,0.05097525192299609
1287,Kashmore,0.17402753623188408,0.04715396878934776
1288,Kashmore,0.3674571428571429,0.0424860042887153
1289,Kashmore,0.2630776397515528,0.050752025666519575
1290,Kashmore,0.3315055900621119,0.03381224831333942
1291,Kashmore,0.39536693017127805,0.047497744229785865
1292,Kashmore,0.34966439517766745,0.04936801453223095
1293,Kashmore,0.25659252305665353,0.046889497039415
1294,Kashmore,0.43260559006211186,0.01810910528433176
1295,Kashmore,0.28428799171842656,0.039984797270849866
1296,Kashmore,0.38431802183323927,0.06138440055446144
1297,Kashmore,0.34867308488612836,0.03219654613860144
1298,Kashmore,0.32002639258601995,0.04065936196150325
1299,Kashmore,0.4450242236024846,0.07844993186403826
1300,Rajanpur,0.3140184265010352,0.05927765827337478
1301,Rajanpur,0.35845341614906834,0.05699068223359681
1302,Rajanpur,0.43930041407867504,0.033889111822080896
1303,Rajanpur,0.42949420289855084,0.06020495365768869
1304,Rajanpur,0.3955275362318841,0.053143067260589844
1305,Rajanpur,0.37295051759834363,0.08240615371165776
1306,Rajanpur,0.4674434782608695,0.032046657884614464
1307,Rajanpur,0.4292946169772257,0.06350388638587348
1308,Rajanpur,0.10577391304347827,0.024094796580428443
1309,Rajanpur,0.42216231884057964,0.02226291387697372
1310,Rajanpur,0.3966455486542444,0.05388784729167166
1311,Rajanpur,0.39865093167701865,0.028082367185353545
1312,Rajanpur,0.4563778467908903,0.03568454183632616
1313,Rajanpur,0.19975175983436852,0.03443910579719107
1314,Rajanpur,0.3984041407867495,0.05546780021833134
1315,Rajanpur,0.47661635610766045,0.030779505344285845
1316,Rajanpur,0.45998985507246376,0.05186454029298421
1317,Rajanpur,0.37321759834368534,0.039675722264568634
1318,Rajanpur,0.10900786749482402,0.024112277339123203
1319,Rajanpur,0.36982960662525877,0.02875653067991934
1320,Rajanpur,0.2755985507246377,0.07616466572169706
1321,Rajanpur,0.37264596273291933,0.07800830368853662
1322,Rajanpur,0.36473209109730853,0.05965819414532729
1323,Rajanpur,0.13446501035196687,0.03870837777760873
1324,Rajanpur,0.42423354037267075,0.06697358443483152
1325,Dera Ghazi Khan,0.3939252587991719,0.0473452347850665
1326,Dera Ghazi Khan,0.35252712215320914,0.03156588615278502
1327,Dera Ghazi Khan,0.28422194616977225,0.09384048732236372
1328,Dera Ghazi Khan,0.36558033126294,0.0875911277138764
1329,Dera Ghazi Khan,0.3797908902691512,0.037760881947163046
1330,Dera Ghazi Khan,0.20046501035196687,0.02575388407096419
1331,Dera Ghazi Khan,0.36505714285714286,0.03536219155237249
1332,Dera Ghazi Khan,0.39220144927536227,0.07128053770181943
1333,Dera Ghazi Khan,0.39411014492753627,0.03256465706266584
1334,Dera Ghazi Khan,0.3554942028985507,0.038497801318182374
1335,Dera Ghazi Khan,0.2968850931677019,0.08626292108330061
1336,Dera Ghazi Khan,0.32300952380952386,0.11092201222546207
1337,Dera Ghazi Khan,0.4608026915113871,0.036556293484842545
1338,Dera Ghazi Khan,0.2885979296066253,0.036972196836929636
1339,Dera Ghazi Khan,0.4440525879917184,0.03143966002282658
1340,Dera Ghazi Khan,0.3537971014492754,0.04651440619310139
1341,Dera Ghazi Khan,0.40062070393374744,0.049915156729937016
1342,Dera Ghazi Khan,0.18923933747412006,0.025709134691436167
1343,Dera Ghazi Khan,0.2452987577639752,0.08750051189894728
1344,Dera Ghazi Khan,0.3541515527950311,0.10055390062961941
1345,Dera Ghazi Khan,0.4423815734989649,0.03562988347527712
1346,Dera Ghazi Khan,0.38492753623188414,0.02859596091594508
1347,Dera Ghazi Khan,0.4068194616977226,0.05625692623354595
1348,Dera Ghazi Khan,0.2876312629399586,0.07937153573696598
1349,Dera Ghazi Khan,0.3909786749482402,0.0855353424687287
1350,Rahim Yar Khan,0.3996660455486542,0.042723146591662715
1351,Rahim Yar Khan,0.4709432712215322,0.04311008207253338
1352,Rahim Yar Khan,0.4688144927536232,0.020175345327062923
1353,Rahim Yar Khan,0.5052743271221533,0.030115378750326115
1354,Rahim Yar Khan,0.47103913043478274,0.030289077515849222
1355,Rahim Yar Khan,0.325531884057971,0.050561777525477386
1356,Rahim Yar Khan,0.3977169772256729,0.04969257517893228
1357,Rahim Yar Khan,0.46199958592132506,0.05794333198630901
1358,Rahim Yar Khan,0.5087931677018633,0.03584575327502326
1359,Rahim Yar Khan,0.49600020703933756,0.03751103320095803
1360,Rahim Yar Khan,0.4480192546583851,0.02218054695436123
1361,Rahim Yar Khan,0.32235217391304355,0.03427932877044639
1362,Rahim Yar Khan,0.4734424430641822,0.028163412783508757
1363,Rahim Yar Khan,0.3425451345755694,0.034224416779411924
1364,Rahim Yar Khan,0.21104223602484465,0.04650471132703161
1365,Rahim Yar Khan,0.4343037267080746,0.04532822883035182
1366,Rahim Yar Khan,0.4347142857142857,0.02009653156312097
1367,Rahim Yar Khan,0.442747619047619,0.028484246379228945
1368,Rahim Yar Khan,0.5098795031055899,0.037417004436208316
1369,Rahim Yar Khan,0.4953314699792961,0.03417320625509745
1370,Rahim Yar Khan,0.4387414078674949,0.03700203680275514
1371,Rahim Yar Khan,0.4066273291925465,0.03831437182786708
1372,Rahim Yar Khan,0.17466107660455488,0.04212752167636763
1373,Rahim Yar Khan,0.38935734989648035,0.041533858325201234
1374,Rahim Yar Khan,0.4300221532091098,0.03214839309938343
1375,Bahawalpur,0.43153685300207034,0.03411761151199297
1376,Bahawalpur,0.24034099378881982,0.06354046203159443
1377,Bahawalpur,0.16442939958592134,0.07570121350174273
1378,Bahawalpur,0.2012308488612837,0.03131533505438451
1379,Bahawalpur,0.48443374741200834,0.038026718317213284
1380,Bahawalpur,0.3971656314699793,0.05472696194288235
1381,Bahawalpur,0.3440219461697723,0.05617233499498425
1382,Bahawalpur,0.4646683229813664,0.043942679873773864
1383,Bahawalpur,0.27431739130434785,0.08796995195841037
1384,Bahawalpur,0.25038695652173915,0.13246583285740582
1385,Bahawalpur,0.23383995859213247,0.048372656920645164
1386,Bahawalpur,0.4891407867494825,0.024968688483457874
1387,Bahawalpur,0.3374113871635611,0.03382885290697924
1388,Bahawalpur,0.48033975155279507,0.029522585122079115
1389,Bahawalpur,0.39044824016563145,0.056402030821185216
1390,Bahawalpur,0.32884906832298144,0.049723122508048494
1391,Bahawalpur,0.48453519668737066,0.03213300429032096
1392,Bahawalpur,0.34559792960662533,0.07357993820942338
1393,Bahawalpur,0.5020118012422361,0.03632312196388112
1394,Bahawalpur,0.45523416149068324,0.035117882683815965
1395,Bahawalpur,0.2592600414078675,0.05778879025146023
1396,Bahawalpur,0.4877486542443064,0.037083003258218526
1397,Bahawalpur,0.11335383022774329,0.04055750703900342
1398,Bahawalpur,0.43217660455486556,0.03187965915852964
1399,Bahawalpur,0.4793190476190476,0.03889081353711844
1400,Bahawalnagar,0.4907997929606624,0.02066489678826284
1401,Bahawalnagar,0.4707639751552796,0.039690975783334186
1402,Bahawalnagar,0.4537349896480331,0.03856382605896927
1403,Bahawalnagar,0.42419730848861287,0.02755987569891001
1404,Bahawalnagar,0.5019451345755694,0.024509914424147006
1405,Bahawalnagar,0.40336273291925473,0.039312228125249905
1406,Bahawalnagar,0.46491387163561065,0.021376225880417602
1407,Bahawalnagar,0.38570289855072465,0.06673608119946374
1408,Bahawalnagar,0.32564803312629403,0.0644902870369665
1409,Bahawalnagar,0.3301260869565218,0.043570551055209794
1410,Bahawalnagar,0.38941221532091097,0.03419505063890167
1411,Bahawalnagar,0.33822463768115946,0.05716284089836763
1412,Bahawalnagar,0.391344099378882,0.03785784933534986
1413,Bahawalnagar,0.3236625258799172,0.03201327416407859
1414,Bahawalnagar,0.3999681159420291,0.035560306760897865
1415,Bahawalnagar,0.4000372670807454,0.03863488993934701
1416,Bahawalnagar,0.4765583850931677,0.03759582198245349
1417,Bahawalnagar,0.3054995859213251,0.038960268460408135
1418,Bahawalnagar,0.2736304347826087,0.027605465519133184
1419,Bahawalnagar,0.42776749482401655,0.037298317634566376
1420,Bahawalnagar,0.35220351966873703,0.033602839400403046
1421,Bahawalnagar,0.3936730848861284,0.03648828914337815
1422,Bahawalnagar,0.48788157349896477,0.03838404677841512
1423,Bahawalnagar,0.35298612836438925,0.04709273112409146
1424,Bahawalnagar,0.41701283643892334,0.049658698984873885
1425,Muzaffargarh,0.37564244306418226,0.02861844648420932
1426,Muzaffargarh,0.30737867494824017,0.06741313991946209
1427,Muzaffargarh,0.4611701863354038,0.031091056043978237
1428,Muzaffargarh,0.1896706004140787,0.0689753719076253
1429,Muzaffargarh,0.4532703933747413,0.04195705164103951
1430,Muzaffargarh,0.378,0.037111205449274175
1431,Muzaffargarh,0.4834838509316771,0.02576775610594424
1432,Muzaffargarh,0.4179067381893469,0.056150935947599165
1433,Muzaffargarh,0.3818610766045549,0.042313132690510576
1434,Muzaffargarh,0.4956360248447205,0.026205338780780466
1435,Muzaffargarh,0.4157105590062112,0.026300185375416736
1436,Muzaffargarh,0.4364293995859214,0.02658810174472556
1437,Muzaffargarh,0.2836608695652174,0.07352763595218638
1438,Muzaffargarh,0.5022664596273292,0.03610319558150024
1439,Muzaffargarh,0.25576900997553176,0.025317395254793238
1440,Muzaffargarh,0.4907196687370601,0.02555296098574798
1441,Muzaffargarh,0.41234120082815745,0.02647125870347501
1442,Muzaffargarh,0.4011465838509317,0.049509974702075465
1443,Muzaffargarh,0.46960207039337487,0.02895348794467339
1444,Muzaffargarh,0.15283975155279503,0.04285260440157688
1445,Muzaffargarh,0.18319875776397515,0.11222342254184227
1446,Muzaffargarh,0.4499136645962734,0.03229487201210525
1447,Muzaffargarh,0.4804968944099379,0.03565837041901191
1448,Muzaffargarh,0.3530962732919255,0.023918026557248773
1449,Muzaffargarh,0.3753430641821946,0.03844492095060779
1450,Multan,0.4754608695652174,0.033752555598825784
1451,Multan,0.46826997929606645,0.0404007771454865
1452,Multan,0.4369571428571429,0.03136468923523966
1453,Multan,0.46953250517598344,0.02905633954886941
1454,Multan,0.3151302277432711,0.04581516046849206
1455,Multan,0.2507393374741201,0.06721493811764849
1456,Multan,0.4316391304347826,0.028660608534912663
1457,Multan,0.4831563146997931,0.03424101729267616
1458,Multan,0.5188933747412009,0.025774440856333083
1459,Multan,0.463152795031056,0.024730913912627772
1460,Multan,0.4283840579710146,0.05160495177305129
1461,Multan,0.34848799171842654,0.033957021994038675
1462,Multan,0.5036283643892341,0.02889198550136575
1463,Multan,0.47236335403726715,0.03747101923503342
1464,Multan,0.36354347826086963,0.07335493334048222
1465,Multan,0.1444287784679089,0.0635729735077703
1466,Multan,0.44668799171842655,0.039534975653787205
1467,Multan,0.48125093167701866,0.02642007859492777
1468,Multan,0.4546857142857143,0.03480046829641748
1469,Multan,0.37659399585921316,0.05113066138941209
1470,Multan,0.4190915113871636,0.043000249419423896
1471,Multan,0.4268805383022775,0.03594917671578158
1472,Multan,0.4860430641821947,0.026623740685833182
1473,Multan,0.4409703933747412,0.01671890830988604
1474,Multan,0.5108496894409937,0.03722885010058433
1475,Lodhran,0.4891306418219462,0.02214417209301624
1476,Lodhran,0.48229503105590055,0.043255102381707905
1477,Lodhran,0.4735277432712216,0.027630619797167497
1478,Lodhran,0.47521449275362315,0.0322316927135846
1479,Lodhran,0.49297184265010363,0.023295610272135725
1480,Lodhran,0.4141213250517598,0.016453356736201834
1481,Lodhran,0.46090641821946177,0.03433773622326785
1482,Lodhran,0.45636107660455494,0.04813089848632638
1483,Lodhran,0.4215490683229814,0.05511721793525611
1484,Lodhran,0.4857739130434783,0.04175795790432263
1485,Lodhran,0.4545755693581781,0.04077365004827696
1486,Lodhran,0.4552695652173912,0.04513602332189146
1487,Lodhran,0.4723648033126294,0.028435469087918473
1488,Lodhran,0.35729337474120076,0.040095420317452085
1489,Lodhran,0.44222525879917185,0.022946431436506876
1490,Lodhran,0.42673312629399585,0.043306264258611595
1491,Lodhran,0.4906830227743272,0.02890462764253131
1492,Lodhran,0.49875031055900626,0.0275885031249327
1493,Lodhran,0.44930641821946177,0.02650126150427421
1494,Lodhran,0.43125072463768127,0.023799814909489958
1495,Lodhran,0.491631884057971,0.021028260857081607
1496,Lodhran,0.38305879917184266,0.02132704084072154
1497,Lodhran,0.42450124223602487,0.023128848197537896
1498,Lodhran,0.41032091097308493,0.04462617439180768
1499,Lodhran,0.49630683229813666,0.028066105804414345
1500,Vihari,0.49011946169772264,0.028577266071829074
1501,Vihari,0.5018215320910973,0.030043104043962737
1502,Vihari,0.47642153209109733,0.023233407657748107
1503,Vihari,0.5056128364389234,0.027909363368665733
1504,Vihari,0.4447935817805383,0.01879295683513875
1505,Vihari,0.4725585921325052,0.029683151903405973
1506,Vihari,0.44038757763975156,0.03348849025740676
1507,Vihari,0.38579461697722567,0.02125003364645074
1508,Vihari,0.4988859213250517,0.022471700445661515
1509,Vihari,0.47982401656314705,0.03365901944109904
1510,Vihari,0.3850817805383023,0.03805335681549856
1511,Vihari,0.4286420289855074,0.03830451887012055
1512,Vihari,0.44652132505176,0.028516012147365197
1513,Vihari,0.41606066252588,0.01888253752014046
1514,Vihari,0.478075569358178,0.0211963778386685
1515,Vihari,0.4798981366459628,0.016604638408941382
1516,Vihari,0.49592173913043486,0.03080657422942317
1517,Vihari,0.46279233954451343,0.01941847630224227
1518,Vihari,0.4885627329192546,0.027545982263206984
1519,Vihari,0.4646983436853003,0.031232774933406645
1520,Vihari,0.4465291925465839,0.021586573824702002
1521,Vihari,0.4462677018633541,0.023102508499064603
1522,Vihari,0.4678813664596273,0.031846781903130145
1523,Vihari,0.21134886128364394,0.027835165635456127
1524,Vihari,0.4403532091097309,0.02842290163728279
1525,Pakpattan,0.47196211180124226,0.036343125201055385
1526,Pakpattan,0.38833002070393374,0.01423147230757626
1527,Pakpattan,0.36680952380952386,0.05916335030487975
1528,Pakpattan,0.49207846790890275,0.016669665252416564
1529,Pakpattan,0.47486293995859213,0.029272614602179347
1530,Pakpattan,0.5109828157349897,0.01921713013678909
1531,Pakpattan,0.3613246376811594,0.06081696164341401
1532,Pakpattan,0.4926699792960663,0.024261765602484435
1533,Pakpattan,0.4302643892339545,0.03467395372750272
1534,Pakpattan,0.47876356107660445,0.03018165831812412
1535,Pakpattan,0.3113076604554865,0.016784974028746204
1536,Pakpattan,0.489192546583851,0.017223047209905362
1537,Pakpattan,0.4815706004140787,0.03323559377114137
1538,Pakpattan,0.4701202898550726,0.027594403543294368
1539,Pakpattan,0.4837635610766047,0.02308131592033918
1540,Pakpattan,0.5001948240165631,0.022092897939854046
1541,Pakpattan,0.44375113871635624,0.024345573539129157
1542,Pakpattan,0.4460403726708075,0.03556349852191543
1543,Pakpattan,0.4624285714285715,0.02429861344038722
1544,Pakpattan,0.47134761904761907,0.037893554250469495
1545,Pakpattan,0.4785828157349898,0.02879279321281352
1546,Pakpattan,0.45311014492753626,0.02219945134843686
1547,Pakpattan,0.46684472049689446,0.01959911685458393
1548,Pakpattan,0.46813209109730847,0.021256821644493547
1549,Pakpattan,0.46641677018633537,0.019593658154819206
1550,Khanewal,0.45901200828157346,0.030749806653772374
1551,Khanewal,0.5022039337474121,0.029045466418379795
1552,Khanewal,0.4803985507246376,0.016908592629075726
1553,Khanewal,0.5031544513457556,0.020481620636641915
1554,Khanewal,0.3604513457556936,0.08522505009124524
1555,Khanewal,0.5079494824016564,0.027213447199532167
1556,Khanewal,0.451275569358178,0.02338105694539537
1557,Khanewal,0.49173623188405796,0.022615999112334147
1558,Khanewal,0.42199503105590064,0.06151877818135998
1559,Khanewal,0.4455631469979297,0.03766785181365793
1560,Khanewal,0.4297151138716357,0.023859379749159176
1561,Khanewal,0.430684265010352,0.04221670174633947
1562,Khanewal,0.44902277432712223,0.020646744754600207
1563,Khanewal,0.46397888198757764,0.03429979103858733
1564,Khanewal,0.3765304347826087,0.025728483717975564
1565,Khanewal,0.4336252587991719,0.027414873576581757
1566,Khanewal,0.45834741200828155,0.02315086625861508
1567,Khanewal,0.31069461697722567,0.11370735681475228
1568,Khanewal,0.3932302277432712,0.04721263517441063
1569,Khanewal,0.47290062111801245,0.035189753393219884
1570,Khanewal,0.5112070393374741,0.02846088722890614
1571,Khanewal,0.3501931677018633,0.02880116593453876
1572,Khanewal,0.4663169772256729,0.018495041602432063
1573,Khanewal,0.4193747412008282,0.026728350353316898
1574,Khanewal,0.515688198757764,0.020916128831639624
1575,Layyah,0.35116521739130435,0.06279775761672343
1576,Layyah,0.1386496894409938,0.027193822919727904
1577,Layyah,0.1750871635610766,0.05010964258054798
1578,Layyah,0.29341739130434785,0.0364486032232869
1579,Layyah,0.4424600414078676,0.04654594278800547
1580,Layyah,0.30031242236024847,0.03454240554293567
1581,Layyah,0.46541552795031055,0.02781335716103909
1582,Layyah,0.37305010351966866,0.028034123357224293
1583,Layyah,0.36016583850931677,0.03685638625562505
1584,Layyah,0.41458840579710143,0.0259170931546422
1585,Layyah,0.4467939958592133,0.02858591368497362
1586,Layyah,0.3134939958592132,0.05912512011002166
1587,Layyah,0.40601428571428566,0.029636791883560713
1588,Layyah,0.40807660455486555,0.04012889340853353
1589,Layyah,0.4624436853002071,0.033326719439521084
1590,Layyah,0.40871821946169784,0.03689814311557713
1591,Layyah,0.4319269151138717,0.029997404263104637
1592,Layyah,0.4394830227743271,0.035726501370546046
1593,Layyah,0.2394457556935818,0.043153997471136525
1594,Layyah,0.14199482401656313,0.03664832289249741
1595,Layyah,0.3905805383022775,0.04120327836279906
1596,Layyah,0.42956190476190476,0.03425427903486982
1597,Layyah,0.38403768115942033,0.01730353225568144
1598,Layyah,0.40323519668737057,0.049188634081014496
1599,Layyah,0.3566821381517034,0.03825955402375339
1600,Bhakkar,0.23089958592132506,0.029783548334295595
1601,Bhakkar,0.2466354037267081,0.022137187029378617
1602,Bhakkar,0.22847888198757763,0.035294309689957414
1603,Bhakkar,0.231648447204969,0.0325453025841076
1604,Bhakkar,0.468296480331263,0.042064273433676774
1605,Bhakkar,0.12337412008281574,0.031067852372393488
1606,Bhakkar,0.3113670807453416,0.07576714273491546
1607,Bhakkar,0.43818861283643895,0.030518890893517128
1608,Bhakkar,0.2340149068322981,0.022310246156743468
1609,Bhakkar,0.3056730848861284,0.03690583862602227
1610,Bhakkar,0.32779089026915115,0.040468191521098824
1611,Bhakkar,0.4463492753623188,0.030627473252008465
1612,Bhakkar,0.4810436853002069,0.027296352710991123
1613,Bhakkar,0.30259109730848865,0.04382476088803946
1614,Bhakkar,0.3428407867494824,0.05493387111968759
1615,Bhakkar,0.38163933747412004,0.03632389886461339
1616,Bhakkar,0.3796376811594202,0.03282957208909021
1617,Bhakkar,0.4759732919254659,0.02950679123104834
1618,Bhakkar,0.29924099378881985,0.04237750726413453
1619,Bhakkar,0.3135509316770187,0.037587285260040015
1620,Bhakkar,0.1615521739130435,0.025873867380670223
1621,Bhakkar,0.23003374741200827,0.038280686541797886
1622,Bhakkar,0.35243850931677023,0.03440552606423499
1623,Bhakkar,0.22499440993788825,0.03330967574762373
1624,Bhakkar,0.38476356107660453,0.06703595986066664
1625,Mianwali,0.382188198757764,0.030712333373861388
1626,Mianwali,0.20348343685300213,0.04656081181918714
1627,Mianwali,0.4503950310559007,0.04555310291845646
1628,Mianwali,0.3118180124223603,0.06289479168365407
1629,Mianwali,0.47381532091097317,0.029582774582839123
1630,Mianwali,0.3533095238095238,0.0614762435590652
1631,Mianwali,0.4146865424430641,0.024558621731479775
1632,Mianwali,0.32116397515527956,0.030519495890114733
1633,Mianwali,0.4357281573498964,0.022901360912780656
1634,Mianwali,0.31348467908902694,0.04061491390669567
1635,Mianwali,0.4018192546583851,0.04993691816111324
1636,Mianwali,0.203144099378882,0.021533355473309125
1637,Mianwali,0.46154099378881985,0.03455331470965558
1638,Mianwali,0.38878178053830226,0.022027676501061206
1639,Mianwali,0.28345734989648036,0.0727955463865289
1640,Mianwali,0.25303064182194623,0.043861695692750655
1641,Mianwali,0.3755726708074535,0.05464513412452164
1642,Mianwali,0.2719074534161491,0.03315812122312917
1643,Mianwali,0.1982577639751553,0.036213183840240755
1644,Mianwali,0.23030600414078672,0.02140217680891025
1645,Mianwali,0.4012082815734989,0.03854825585359432
1646,Mianwali,0.10856556355895963,0.1075312233720941
1647,Mianwali,0.2832175983436853,0.04462293368030725
1648,Mianwali,0.19825445134575573,0.04692771190077011
1649,Mianwali,0.42865838509316767,0.05085527885197532
1650,Attock,0.36341904761904753,0.058103471736278084
1651,Attock,0.358948033126294,0.03505660334217148
1652,Attock,0.27995776397515526,0.032708152321256595
1653,Attock,0.16426604554865426,0.028376866566976033
1654,Attock,0.2927018633540373,0.031924967183995956
1655,Attock,0.23904078674948243,0.04327344533499328
1656,Attock,0.3887652173913043,0.03769301766747239
1657,Attock,0.3587053830227744,0.05538499565766802
1658,Attock,0.39437639751552805,0.05398708207696055
1659,Attock,0.3184933747412009,0.05151711755388164
1660,Attock,0.2530333333333334,0.04154207006254211
1661,Attock,0.30947971014492764,0.048262793320233775
1662,Attock,0.29374968944099383,0.04043853727244511
1663,Attock,0.2657136645962733,0.044702327551830116
1664,Attock,0.3244544513457558,0.04843934949939389
1665,Attock,0.2687149068322982,0.04855350571877257
1666,Attock,0.3567811594202899,0.05056270361372455
1667,Attock,0.2883573498964804,0.04312601417477611
1668,Attock,0.31051801242236027,0.03910118474953858
1669,Attock,0.28693126293995863,0.03779844597325029
1670,Attock,0.27472546583850943,0.047970525995380126
1671,Attock,0.37237971014492754,0.0374920732843126
1672,Attock,0.27502318840579715,0.04197802517715151
1673,Attock,0.36786190476190483,0.04297881557651767
1674,Attock,0.30055175983436855,0.03672060931720524
1675,Rawalpindi,0.37395362318840586,0.04836027472288099
1676,Rawalpindi,0.3245892339544514,0.05849596095654347
1677,Rawalpindi,0.5201780538302279,0.019996006509039627
1678,Rawalpindi,0.36981159420289855,0.04686615692123926
1679,Rawalpindi,0.2584134575569359,0.063264123839724
1680,Rawalpindi,0.34883229813664596,0.06481453886184567
1681,Rawalpindi,0.3676370600414079,0.06885224382760176
1682,Rawalpindi,0.34363498964803313,0.045431362258969474
1683,Rawalpindi,0.3713869565217392,0.05610753616375177
1684,Rawalpindi,0.30546231884057967,0.06248434638189895
1685,Rawalpindi,0.3602132505175984,0.05139325232820195
1686,Rawalpindi,0.3689138716356108,0.044045875879119956
1687,Rawalpindi,0.30187329192546586,0.043155034523740025
1688,Rawalpindi,0.31485590062111807,0.04745048048706087
1689,Rawalpindi,0.3584575569358178,0.05198757767767975
1690,Rawalpindi,0.2999975155279503,0.07316253326888479
1691,Rawalpindi,0.3165064182194618,0.05001887978451592
1692,Rawalpindi,0.3215031055900621,0.044416100656819196
1693,Rawalpindi,0.4621095238095238,0.04627201710788243
1694,Rawalpindi,0.3409051759834369,0.06680822874920167
1695,Rawalpindi,0.377248033126294,0.04089308698208175
1696,Rawalpindi,0.3985349896480332,0.05268254615794844
1697,Rawalpindi,0.34322898550724645,0.05107481729407079
1698,Rawalpindi,0.3626929606625259,0.03898732698292575
1699,Rawalpindi,0.32662939958592135,0.04755129691541378
1700,Chakwal,0.316591718426501,0.031136377138084193
1701,Chakwal,0.2795099378881988,0.0445084187893969
1702,Chakwal,0.3431002070393375,0.07314549253126881
1703,Chakwal,0.26713436853002076,0.03777807814373715
1704,Chakwal,0.3370753623188406,0.036866772334873975
1705,Chakwal,0.2970656314699793,0.049779536695921174
1706,Chakwal,0.27558716356107665,0.03779481864802754
1707,Chakwal,0.3240012422360248,0.04099504421818295
1708,Chakwal,0.26877888198757766,0.04293591632616371
1709,Chakwal,0.22197929606625263,0.03552672041889954
1710,Chakwal,0.3094095238095238,0.03966572406184887
1711,Chakwal,0.2994329192546584,0.043244042849906475
1712,Chakwal,0.27786190476190475,0.035491383744641586
1713,Chakwal,0.34811221532091097,0.06637235583088662
1714,Chakwal,0.3107968944099379,0.04462059921217126
1715,Chakwal,0.274824016563147,0.04263501558788962
1716,Chakwal,0.3739490683229814,0.04833196604376913
1717,Chakwal,0.21618322981366467,0.03718786299551977
1718,Chakwal,0.25199296066252586,0.04129415520912724
1719,Chakwal,0.25480331262939965,0.0349480946576403
1720,Chakwal,0.24948488612836445,0.04138586269662848
1721,Chakwal,0.3301577639751553,0.051910270414729204
1722,Chakwal,0.3024109730848861,0.049975843415094444
1723,Chakwal,0.24213913043478263,0.03880214624534455
1724,Chakwal,0.26888799171842653,0.0407141508916042
1725,Jhelum,0.5249231884057971,0.03590281253147384
1726,Jhelum,0.30997142857142856,0.04211351936191104
1727,Jhelum,0.29892401656314704,0.0533470470534765
1728,Jhelum,0.4460236024844721,0.02553872708807115
1729,Jhelum,0.27157080745341616,0.02814104577594857
1730,Jhelum,0.46314306418219475,0.013097311882535613
1731,Jhelum,0.5167774327122153,0.018369809699529248
1732,Jhelum,0.28459233954451346,0.03676439997114861
1733,Jhelum,0.48450766045548654,0.018501126512951275
1734,Jhelum,0.44043850931677014,0.04134810673829193
1735,Jhelum,0.2759354037267081,0.044059791376098854
1736,Jhelum,0.2872664596273292,0.04672363691670425
1737,Jhelum,0.29663975155279504,0.04040873199176514
1738,Jhelum,0.35366397515527953,0.035743560075258536
1739,Jhelum,0.35995320910973083,0.039148899000154
1740,Jhelum,0.27747453416149065,0.031009175864927657
1741,Jhelum,0.45535983436853006,0.03144185599781296
1742,Jhelum,0.3313469979296066,0.04121085016845593
1743,Jhelum,0.4498287784679088,0.027156000803678287
1744,Jhelum,0.3178592132505176,0.023369943739096635
1745,Jhelum,0.4789598343685301,0.018582414875241583
1746,Jhelum,0.42340103519668737,0.02281257010435243
1747,Jhelum,0.18617867494824014,0.016219815198871602
1748,Jhelum,0.3968331262939958,0.05581386198448572
1749,Jhelum,0.29698053830227744,0.04700474398022007
1750,Khushab,0.40961366459627335,0.04882483761181523
1751,Khushab,0.3901465838509317,0.0418713081415163
1752,Khushab,0.22050393374741203,0.035695251582189794
1753,Khushab,0.28336666666666666,0.03611307758597756
1754,Khushab,0.297684265010352,0.023886532923042703
1755,Khushab,0.3664554865424431,0.06851466616374671
1756,Khushab,0.36979192546583856,0.0272375543715697
1757,Khushab,0.3592747412008282,0.06278357294986009
1758,Khushab,0.39752028985507254,0.05089920407339657
1759,Khushab,0.23222422360248446,0.04887269449784208
1760,Khushab,0.19610124223602488,0.05301989836924932
1761,Khushab,0.2509345755693582,0.0500830948282029
1762,Khushab,0.4820414078674948,0.030256884765929557
1763,Khushab,0.2844269151138716,0.06874220727192172
1764,Khushab,0.3692041407867494,0.0450226003293888
1765,Khushab,0.34088281573498974,0.03618076976235069
1766,Khushab,0.25770062111801245,0.03426816364866722
1767,Khushab,0.2309811594202898,0.02717930776540214
1768,Khushab,0.29544430641821956,0.030586402031494337
1769,Khushab,0.21487204968944104,0.03157911809347234
1770,Khushab,0.35960703933747407,0.029821310136536425
1771,Khushab,0.377088198757764,0.0384415035658654
1772,Khushab,0.23844616977225672,0.03827270510231507
1773,Khushab,0.23652712215320912,0.03724963838998991
1774,Khushab,0.26538033126294003,0.05519327104979734
1775,Jhang,0.42990993788819876,0.0247972212247953
1776,Jhang,0.4591608695652174,0.04079399802118176
1777,Jhang,0.46992567287784676,0.028158224643885524
1778,Jhang,0.3658254658385094,0.053314447539802856
1779,Jhang,0.43641242236024846,0.05350590928445857
1780,Jhang,0.45073913043478264,0.02985542283056364
1781,Jhang,0.48777515527950305,0.038707432713539124
1782,Jhang,0.4873107660455488,0.024524753739597272
1783,Jhang,0.40861138716356105,0.031093951709061842
1784,Jhang,0.35619958592132506,0.06545037258694718
1785,Jhang,0.3172093167701864,0.08955139905550383
1786,Jhang,0.44876853002070394,0.04726677817674054
1787,Jhang,0.40823271221532104,0.08128425678869482
1788,Jhang,0.3411339544513458,0.039914175719720106
1789,Jhang,0.48048592132505175,0.03643020291967581
1790,Jhang,0.4111248447204969,0.05271041368764143
1791,Jhang,0.4837171842650104,0.030958357893185514
1792,Jhang,0.4778366459627329,0.031968190615340945
1793,Jhang,0.44796563146997925,0.03049947312696071
1794,Jhang,0.4727523809523811,0.036454565293935766
1795,Jhang,0.39809378881987584,0.022999369267786545
1796,Jhang,0.4048465838509317,0.02514556144365441
1797,Jhang,0.2901006211180125,0.04627662530547905
1798,Jhang,0.49810786749482405,0.029695130073073665
1799,Jhang,0.43151325051759837,0.0329015645633722
1800,Sargodha,0.3928710144927537,0.03297008069116456
1801,Sargodha,0.4653629399585922,0.03990935813463933
1802,Sargodha,0.44798757763975156,0.03104819130398993
1803,Sargodha,0.25561904761904763,0.05848281027007492
1804,Sargodha,0.3349944099378882,0.02624650866512424
1805,Sargodha,0.47802236024844735,0.030698971113238906
1806,Sargodha,0.4618337474120081,0.031531202489082255
1807,Sargodha,0.4159447204968944,0.040743091767406064
1808,Sargodha,0.4249608695652174,0.023268964981257356
1809,Sargodha,0.3470418219461698,0.04713964458303139
1810,Sargodha,0.48805465838509315,0.017067115827016033
1811,Sargodha,0.3795229813664597,0.030653898168699664
1812,Sargodha,0.40530766045548666,0.024726509055587216
1813,Sargodha,0.45936501035196686,0.04799592806257859
1814,Sargodha,0.4898892339544514,0.024891622810951315
1815,Sargodha,0.45448219461697736,0.03066294408394417
1816,Sargodha,0.532537474120083,0.01671366057099418
1817,Sargodha,0.4756933747412009,0.01942817135358512
1818,Sargodha,0.4466902691511387,0.027456407659226936
1819,Sargodha,0.40526397515527957,0.032824269406383895
1820,Sargodha,0.4515223602484473,0.03327554315185426
1821,Sargodha,0.3680530020703934,0.03530302847688913
1822,Sargodha,0.47283830227743273,0.03360510440234174
1823,Sargodha,0.3785267080745342,0.0218576627438568
1824,Sargodha,0.3402020703933748,0.04025832924250876
1825,Mandi Bahauddin,0.4836865424430642,0.02627936564663907
1826,Mandi Bahauddin,0.47325403726708093,0.03653792088453199
1827,Mandi Bahauddin,0.5240602484472051,0.013370290460604286
1828,Mandi Bahauddin,0.4594532091097309,0.02444734916664684
1829,Mandi Bahauddin,0.5309534161490683,0.028605551852752382
1830,Mandi Bahauddin,0.4755345755693582,0.021644006977321852
1831,Mandi Bahauddin,0.3921896480331263,0.018121007547344612
1832,Mandi Bahauddin,0.4762780538302277,0.024480716221056548
1833,Mandi Bahauddin,0.37008385093167706,0.031151056621559134
1834,Mandi Bahauddin,0.48264078674948246,0.020101250973817746
1835,Mandi Bahauddin,0.4704898550724637,0.02221214810659877
1836,Mandi Bahauddin,0.49882484472049693,0.03068783635716562
1837,Mandi Bahauddin,0.48977950310559004,0.019555186669246872
1838,Mandi Bahauddin,0.4528877846790889,0.019896516762399282
1839,Mandi Bahauddin,0.5039227743271222,0.026515171467463076
1840,Mandi Bahauddin,0.500192132505176,0.017868988904229763
1841,Mandi Bahauddin,0.5090380952380953,0.01890508401586522
1842,Mandi Bahauddin,0.47914265010351964,0.01815192294090254
1843,Mandi Bahauddin,0.4965915113871637,0.024481406726724574
1844,Mandi Bahauddin,0.5236281573498964,0.034206148052968836
1845,Mandi Bahauddin,0.4694,0.029203377419024183
1846,Mandi Bahauddin,0.495552795031056,0.01570436607016663
1847,Mandi Bahauddin,0.5091380952380953,0.0177695982668951
1848,Mandi Bahauddin,0.4647291925465839,0.023859526267006135
1849,Mandi Bahauddin,0.5205643892339544,0.023444066143043917
1850,Gujrat,0.4769993788819877,0.0176094394590588
1851,Gujrat,0.44321966873706015,0.043317767354957896
1852,Gujrat,0.3523544513457557,0.026185899411068442
1853,Gujrat,0.5029971014492755,0.018658645850174873
1854,Gujrat,0.3610231884057971,0.043494637440290695
1855,Gujrat,0.36020351966873704,0.04795279206328859
1856,Gujrat,0.40116873706004136,0.021501122091231718
1857,Gujrat,0.37800766045548656,0.06743888804181483
1858,Gujrat,0.4591134575569359,0.020516213063774047
1859,Gujrat,0.45601138716356115,0.025313453232043693
1860,Gujrat,0.36283561076604554,0.02646303442976029
1861,Gujrat,0.3271082815734989,0.01906028229479392
1862,Gujrat,0.45339917184265016,0.02869563531648473
1863,Gujrat,0.4520173913043478,0.024463547718630886
1864,Gujrat,0.364388198757764,0.050443572842582655
1865,Gujrat,0.36102877846790893,0.046839397241986214
1866,Gujrat,0.4043343685300207,0.054722918118503106
1867,Gujrat,0.38739999999999997,0.055996747748366396
1868,Gujrat,0.3572966873706004,0.05194723904887637
1869,Gujrat,0.5064610766045549,0.02081449975145304
1870,Gujrat,0.3850132505175983,0.031918580439217796
1871,Gujrat,0.3802503105590062,0.05204128668641239
1872,Gujrat,0.3434298136645963,0.04376203894203514
1873,Gujrat,0.3015592132505176,0.042723420685678096
1874,Gujrat,0.38330082815734995,0.03817263278834816
1875,Sialkot,0.42192732919254655,0.03263697123687371
1876,Sialkot,0.35575424430641833,0.04268583389361311
1877,Sialkot,0.4216581780538303,0.0337991221747316
1878,Sialkot,0.4285884057971015,0.02639548438091555
1879,Sialkot,0.47730414078674954,0.024840295016481113
1880,Sialkot,0.4302619047619048,0.03230528820861013
1881,Sialkot,0.460471221532091,0.01801122685640442
1882,Sialkot,0.43204182194616986,0.022859056756294734
1883,Sialkot,0.5041993788819875,0.018808232190664763
1884,Sialkot,0.5146331262939958,0.01963570507088277
1885,Sialkot,0.3248954451345756,0.031057365652124233
1886,Sialkot,0.48812981366459623,0.03338158060967059
1887,Sialkot,0.4956950310559006,0.025743986388144766
1888,Sialkot,0.4754076604554867,0.022080802394321024
1889,Sialkot,0.3971151138716356,0.04268970826839623
1890,Sialkot,0.43487577639751557,0.034553847826609405
1891,Sialkot,0.471524016563147,0.027039610363587797
1892,Sialkot,0.48485734989648044,0.02290656040768839
1893,Sialkot,0.4476084886128365,0.030203282688001182
1894,Sialkot,0.4949331262939958,0.02085638906332051
1895,Sialkot,0.35986418219461697,0.030864243290840455
1896,Sialkot,0.49953312629399593,0.025085445752047214
1897,Sialkot,0.5146993788819875,0.020795849203863064
1898,Sialkot,0.46499585921325054,0.022752802103430066
1899,Sialkot,0.4495556935817805,0.03490841638696756
1900,Toba Tek Singh,0.45059834368530033,0.023346651541994803
1901,Toba Tek Singh,0.4962635610766045,0.02368944137558793
1902,Toba Tek Singh,0.40751511387163564,0.026197751489946762
1903,Toba Tek Singh,0.5340279503105589,0.027527007681500733
1904,Toba Tek Singh,0.3955047619047619,0.07684987171854883
1905,Toba Tek Singh,0.5004853002070394,0.023403930396605977
1906,Toba Tek Singh,0.48736149068322987,0.034588481806784865
1907,Toba Tek Singh,0.35086666666666666,0.034221818564250904
1908,Toba Tek Singh,0.3225687370600414,0.049408925822011035
1909,Toba Tek Singh,0.3916180124223602,0.03720736848374948
1910,Toba Tek Singh,0.42992318840579713,0.0440646976313204
1911,Toba Tek Singh,0.2994457556935818,0.04367293054098937
1912,Toba Tek Singh,0.4935575569358178,0.02460956132126728
1913,Toba Tek Singh,0.4738426501035197,0.03433422886822922
1914,Toba Tek Singh,0.497861076604555,0.026604914631298746
1915,Toba Tek Singh,0.44168985507246383,0.02887456950233414
1916,Toba Tek Singh,0.4161768115942029,0.028054754544604252
1917,Toba Tek Singh,0.3454737060041408,0.02827508365194867
1918,Toba Tek Singh,0.32044968944099383,0.05123746780500479
1919,Toba Tek Singh,0.458420910973085,0.020200271993269195
1920,Toba Tek Singh,0.44223726708074534,0.0185949146244366
1921,Toba Tek Singh,0.26458240165631475,0.05207907793178753
1922,Toba Tek Singh,0.4500811594202898,0.03335865897221459
1923,Toba Tek Singh,0.3400140786749482,0.04890337895604456
1924,Toba Tek Singh,0.4268418219461698,0.03176328076565872
1925,Sahiwal,0.4718225672877847,0.02002695189205716
1926,Sahiwal,0.28811904761904766,0.0863062701255656
1927,Sahiwal,0.5123919254658386,0.015496330514142892
1928,Sahiwal,0.48388840579710146,0.020488244384279947
1929,Sahiwal,0.47862587991718425,0.0266352075150585
1930,Sahiwal,0.45452339544513454,0.03412696490323468
1931,Sahiwal,0.37010807453416145,0.021617257023418462
1932,Sahiwal,0.4738821946169773,0.018592743975889045
1933,Sahiwal,0.4132173913043478,0.026237931894936298
1934,Sahiwal,0.42668964803312626,0.0636598940955707
1935,Sahiwal,0.49515279503105586,0.020585249492992497
1936,Sahiwal,0.5015890269151139,0.024966405067147774
1937,Sahiwal,0.4662279503105591,0.03571126380229882
1938,Sahiwal,0.4791372670807453,0.02689207763186301
1939,Sahiwal,0.47390766045548655,0.026230388261508916
1940,Sahiwal,0.44317888198757754,0.024537662050765262
1941,Sahiwal,0.4724070393374743,0.016881790701223778
1942,Sahiwal,0.4812790890269152,0.030787690232777738
1943,Sahiwal,0.43565879917184264,0.022468403860910785
1944,Sahiwal,0.33190289855072463,0.02990227869563659
1945,Sahiwal,0.49141221532091106,0.03325557515120108
1946,Sahiwal,0.4658409937888199,0.027314560194451387
1947,Sahiwal,0.4838293995859213,0.03418001857556332
1948,Sahiwal,0.4463579710144928,0.027453593487211648
1949,Sahiwal,0.40378115942028986,0.03500869419511696
1950,Kasur,0.4817594202898551,0.019938206832546213
1951,Kasur,0.4525035196687371,0.02769810044786975
1952,Kasur,0.4682223602484473,0.02901954560256418
1953,Kasur,0.4303919254658385,0.04745162757731958
1954,Kasur,0.49129006211180126,0.024086922705645247
1955,Kasur,0.4589604554865426,0.05105358347679181
1956,Kasur,0.48763498964803326,0.03491856324375705
1957,Kasur,0.46837018633540384,0.019360690551180018
1958,Kasur,0.376636231884058,0.05184522702850739
1959,Kasur,0.5075668737060041,0.025694875903967393
1960,Kasur,0.5013809523809524,0.028513568158602922
1961,Kasur,0.47963913043478257,0.02859384317462137
1962,Kasur,0.48218260869565216,0.030295199405688592
1963,Kasur,0.43339130434782613,0.04689804504304477
1964,Kasur,0.475389440993789,0.02383286115072682
1965,Kasur,0.48360082815734984,0.03128431178507121
1966,Kasur,0.5007561076604555,0.0221822604311934
1967,Kasur,0.46473726708074536,0.04000732167151583
1968,Kasur,0.49560269151138703,0.024816530686106928
1969,Kasur,0.38914057971014493,0.031644119522544624
1970,Kasur,0.5209103519668737,0.023103521036135423
1971,Kasur,0.4862325051759835,0.02500428112120757
1972,Kasur,0.4878991718426502,0.026567389745548127
1973,Kasur,0.49414244306418215,0.017062450668089917
1974,Kasur,0.49166149068322984,0.021893864445578136
1975,Faisalabad,0.4196184265010353,0.04257973881693549
1976,Faisalabad,0.39586252587991716,0.02111563094800945
1977,Faisalabad,0.41413209109730853,0.027069071207452777
1978,Faisalabad,0.4037416149068323,0.0244919280701073
1979,Faisalabad,0.4817913043478261,0.02856869339234823
1980,Faisalabad,0.4773737060041408,0.024480410949491962
1981,Faisalabad,0.3921757763975156,0.04267555047007611
1982,Faisalabad,0.4256954451345757,0.026998905285687023
1983,Faisalabad,0.4210579710144927,0.017086662625205473
1984,Faisalabad,0.5098869565217392,0.02192798333924328
1985,Faisalabad,0.4962521739130435,0.02547090641386692
1986,Faisalabad,0.47179068322981377,0.023081689451769114
1987,Faisalabad,0.4805950310559006,0.030767807769377258
1988,Faisalabad,0.4873670807453416,0.02526382950453221
1989,Faisalabad,0.39165569358178054,0.027996056285772015
1990,Faisalabad,0.44754016563147,0.01966769138116042
1991,Faisalabad,0.4727776397515529,0.027678070978315043
1992,Faisalabad,0.49519875776397526,0.01690206492174473
1993,Faisalabad,0.47922049689440993,0.023221922547833795
1994,Faisalabad,0.49025258799171845,0.02654428959866026
1995,Faisalabad,0.49861407867494817,0.02346645354911257
1996,Faisalabad,0.4658971014492754,0.028056768781029643
1997,Faisalabad,0.47493105590062124,0.022025912949843594
1998,Faisalabad,0.47591242236024833,0.023039973454541195
1999,Faisalabad,0.47348095238095245,0.024825143857245362
2000,Lahore,0.2786679089026915,0.03899557276472868
2001,Lahore,0.4805242236024844,0.02614610181212958
2002,Lahore,0.4680616977225673,0.022947684031133533
2003,Lahore,0.5003271221532092,0.02316328101479043
2004,Lahore,0.4869287784679089,0.027356421920328843
2005,Lahore,0.4923861283643893,0.026426056115853403
2006,Lahore,0.47432049689440997,0.024073168207952394
2007,Lahore,0.486452795031056,0.019314431658622594
2008,Lahore,0.4620293995859212,0.024381795067130372
2009,Lahore,0.4977223602484472,0.02908725217134969
2010,Lahore,0.5167233954451346,0.021928542305427918
2011,Lahore,0.4085498964803313,0.03245436749111638
2012,Lahore,0.45711490683229816,0.05458911809942865
2013,Lahore,0.3469393374741201,0.06954112900072486
2014,Lahore,0.3968861283643893,0.025874562546675004
2015,Lahore,0.45057763975155285,0.017764144325880273
2016,Lahore,0.4989482401656315,0.029307712387860896
2017,Lahore,0.3525931677018634,0.019849264927422883
2018,Lahore,0.28285983436853,0.031593569643532236
2019,Lahore,0.44061821946169777,0.041303882543288095
2020,Lahore,0.46910372670807454,0.031290738854788114
2021,Lahore,0.40314844720496895,0.02516787196511399
2022,Lahore,0.5046795031055901,0.027207142222012853
2023,Lahore,0.43499503105590065,0.03605729146351879
2024,Lahore,0.31812774327122156,0.024548938796461205
2025,Hafizabad,0.4216734989648033,0.04383592638045315
2026,Hafizabad,0.4877952380952381,0.043567594784868706
2027,Hafizabad,0.4690964803312629,0.02778838425369939
2028,Hafizabad,0.3846913043478261,0.09298465986884316
2029,Hafizabad,0.47098902691511396,0.01895442067767399
2030,Hafizabad,0.35770641821946175,0.04775220937380059
2031,Hafizabad,0.47305776397515525,0.04122536441178699
2032,Hafizabad,0.2991734989648033,0.045652888861694524
2033,Hafizabad,0.33888840579710144,0.09225734139263822
2034,Hafizabad,0.4905546583850932,0.02905170971522453
2035,Hafizabad,0.4866933747412009,0.028160242370615735
2036,Hafizabad,0.5022151138716356,0.01850703143820357
2037,Hafizabad,0.40265258799171844,0.061164924755552706
2038,Hafizabad,0.4534461697722567,0.032521321962211
2039,Hafizabad,0.4081142857142856,0.0418857897471204
2040,Hafizabad,0.41309440993788826,0.07478795609152986
2041,Hafizabad,0.3942712215320911,0.03945769298209039
2042,Hafizabad,0.43949813664596277,0.04457567715601665
2043,Hafizabad,0.467867701863354,0.039530780580771654
2044,Hafizabad,0.4688173913043479,0.018987441069149007
2045,Hafizabad,0.41495879917184264,0.04090324530957058
2046,Hafizabad,0.4837987577639752,0.017188207335459494
2047,Hafizabad,0.4396213250517598,0.030334934286954756
2048,Hafizabad,0.3555136645962733,0.06038300877884933
2049,Hafizabad,0.45909813664596266,0.026895114775669984
2050,Dera Ismail Khan,0.12871325051759838,0.02760418666742849
2051,Dera Ismail Khan,0.17055424430641825,0.03541995527705147
2052,Dera Ismail Khan,0.1825927536231884,0.04446300986501927
2053,Dera Ismail Khan,0.20424368530020706,0.09866573168082565
2054,Dera Ismail Khan,0.21888447204968944,0.0318581451798013
2055,Dera Ismail Khan,0.32866521739130433,0.04954464181918462
2056,Dera Ismail Khan,0.43472877846790886,0.048876993579315485
2057,Dera Ismail Khan,0.14606876484454126,0.11236692265743084
2058,Dera Ismail Khan,0.16825238095238096,0.05631569813693078
2059,Dera Ismail Khan,0.36856873706004145,0.05246393037766529
2060,Dera Ismail Khan,0.1483985507246377,0.05817115153016449
2061,Dera Ismail Khan,0.31737681159420295,0.07163165834427267
2062,Dera Ismail Khan,0.434343685300207,0.03283707494312569
2063,Dera Ismail Khan,0.463496066252588,0.02435763681020813
2064,Dera Ismail Khan,0.21424037267080748,0.05969986493865081
2065,Dera Ismail Khan,0.29946583850931685,0.05617219433886722
2066,Dera Ismail Khan,0.21713209109730852,0.04819833677414625
2067,Dera Ismail Khan,0.4205084886128365,0.035032201856846544
2068,Dera Ismail Khan,0.023710100114613025,0.08213502950975304
2069,Dera Ismail Khan,0.36794409937888206,0.05621068802273581
2070,Dera Ismail Khan,0.3893654244306418,0.04532014462690854
2071,Dera Ismail Khan,0.14890766045548656,0.03036116485070152
2072,Dera Ismail Khan,0.21627929606625257,0.04888599424897678
2073,Dera Ismail Khan,0.1971962732919255,0.04335447621791586
2074,Dera Ismail Khan,0.18008674948240164,0.036402233134064835
2075,Mohmand,0.5318730848861284,0.02722017387727001
2076,Mohmand,0.25135921325051763,0.0402713638952001
2077,Mohmand,0.27113602484472055,0.04749851660191315
2078,Mohmand,0.18999855072463767,0.04104135257271624
2079,Mohmand,0.5722600414078676,0.02625522938687931
2080,Mohmand,0.1830743271221532,0.03485343957568789
2081,Mohmand,0.3406821946169772,0.040055240232208265
2082,Mohmand,0.460635403726708,0.023014126205774733
2083,Mohmand,0.4323855072463768,0.026430728015755793
2084,Mohmand,0.4892989648033127,0.018240849614574502
2085,Mohmand,0.2211273291925466,0.040490004237358795
2086,Mohmand,0.4860151138716355,0.0210101209967822
2087,Mohmand,0.2704896480331263,0.043123622222024885
2088,Mohmand,0.5606685300207038,0.021548722232196175
2089,Mohmand,0.23646583850931677,0.03356943483640727
2090,Mohmand,0.3685060041407867,0.06161471407322565
2091,Mohmand,0.448560248447205,0.02102462107400765
2092,Mohmand,0.4130674948240166,0.026905165050905625
2093,Mohmand,0.45193064182194626,0.034475494250276684
2094,Mohmand,0.43809461697722557,0.024777606661844174
2095,Mohmand,0.2849544513457557,0.04281176813140864
2096,Mohmand,0.41830703933747415,0.028368060849548418
2097,Mohmand,0.40909358178053834,0.02538992202549932
2098,Mohmand,0.2346544513457557,0.03959285505753393
2099,Mohmand,0.45341904761904755,0.04307115214438885
2100,South Waziristan,0.19098612836438922,0.020774739217961625
2101,South Waziristan,0.318960248447205,0.021029601163551643
2102,South Waziristan,0.24532194616977226,0.02112960185785177
2103,South Waziristan,0.29879896480331264,0.03561164248885335
2104,South Waziristan,0.3432770186335403,0.03637663051622915
2105,South Waziristan,0.17002173913043478,0.023416653854442596
2106,South Waziristan,0.25871552795031055,0.017915810786036133
2107,South Waziristan,0.29707971014492757,0.04180159274118121
2108,South Waziristan,0.2506383022774327,0.04018966823832423
2109,South Waziristan,0.17690848861283645,0.0665547862604654
2110,South Waziristan,0.1676503105590062,0.03714422452249463
2111,South Waziristan,0.21170310559006209,0.03217579593121957
2112,South Waziristan,0.4103813664596274,0.029328787602553457
2113,South Waziristan,0.18152008281573498,0.026629791042244912
2114,South Waziristan,0.21428861283643894,0.01989142291318546
2115,South Waziristan,0.3120304347826087,0.026459729021275864
2116,South Waziristan,0.25505341614906835,0.042463080226966446
2117,South Waziristan,0.17282546583850933,0.01670453488716682
2118,South Waziristan,0.3204016563146999,0.029428404019587517
2119,South Waziristan,0.21687867494824017,0.020729970801946895
2120,South Waziristan,0.1446530020703934,0.018362984260750406
2121,South Waziristan,0.19988447204968948,0.02891264233509346
2122,South Waziristan,0.16570931677018633,0.018838742144138755
2123,South Waziristan,0.12046708074534163,0.01591699385123614
2124,South Waziristan,0.2288492753623188,0.042423845138093275
2125,North Waziristan,0.3295310559006211,0.030830443477200754
2126,North Waziristan,0.3627033126293996,0.01476188633452186
2127,North Waziristan,0.3124536231884058,0.027768360519676696
2128,North Waziristan,0.4334383022774328,0.020380176042261534
2129,North Waziristan,0.21448674948240168,0.07361000667125872
2130,North Waziristan,0.30922236024844724,0.04229298425096621
2131,North Waziristan,0.3188022774327123,0.033710140760554494
2132,North Waziristan,0.30382587991718424,0.04682829235366687
2133,North Waziristan,0.3028175983436853,0.07239717143672966
2134,North Waziristan,0.26038033126293997,0.03719733906747466
2135,North Waziristan,0.3549111801242236,0.05207298693432623
2136,North Waziristan,0.2220728778467909,0.033814127226894225
2137,North Waziristan,0.357839751552795,0.04924804602643073
2138,North Waziristan,0.37266314699792963,0.05289052406193441
2139,North Waziristan,0.3580182194616978,0.04379666943824058
2140,North Waziristan,0.32745507246376804,0.040124595698950924
2141,North Waziristan,0.20294554865424427,0.043489777017688434
2142,North Waziristan,0.37851635610766055,0.05680611141897027
2143,North Waziristan,0.36845383022774325,0.029399718541386004
2144,North Waziristan,0.16745465838509316,0.03934717907962233
2145,North Waziristan,0.19585238095238094,0.04811233708606695
2146,North Waziristan,0.2074337474120083,0.0369067903583031
2147,North Waziristan,0.42163498964803314,0.041009669473495165
2148,North Waziristan,0.19518302277432711,0.027779695020016065
2149,North Waziristan,0.42258012422360236,0.014786582803493481
2150,Kurram,0.3770993788819876,0.02019570369012552
2151,Kurram,0.39397867494824024,0.04440644136963964
2152,Kurram,0.39313457556935816,0.038402542206919944
2153,Kurram,0.363055486542443,0.03417847558311124
2154,Kurram,0.3998616977225673,0.04490954184396162
2155,Kurram,0.34526832298136645,0.04241976608142117
2156,Kurram,0.4276163561076605,0.02838680914273101
2157,Kurram,0.4085865424430642,0.0307823195090221
2158,Kurram,0.2814169772256729,0.05691069697201249
2159,Kurram,0.4077304347826087,0.024727050396965086
2160,Kurram,0.466952380952381,0.019281361843264722
2161,Kurram,0.3954316770186336,0.041798298451375844
2162,Kurram,0.4212451345755694,0.024125109272865073
2163,Kurram,0.36785569358178055,0.03328720919798731
2164,Kurram,0.4234842650103521,0.042746032785367115
2165,Kurram,0.38360496894409934,0.04398717155778543
2166,Kurram,0.24742774327122158,0.05789549753908193
2167,Kurram,0.35702815734989646,0.04548680249107963
2168,Kurram,0.37077556935817807,0.02832420342308053
2169,Kurram,0.4390256728778468,0.027970419926467597
2170,Kurram,0.36873167701863363,0.03640681526767601
2171,Kurram,0.3388674948240166,0.025691220225704366
2172,Kurram,0.334792546583851,0.02141397303918621
2173,Kurram,0.389028364389234,0.0485603921641372
2174,Kurram,0.32033478260869575,0.021227829077372255
2175,Orakzai,0.373427950310559,0.026865201678941915
2176,Orakzai,0.35095031055900616,0.02951342444805284
2177,Orakzai,0.36668157349896485,0.03959329104129489
2178,Orakzai,0.363812215320911,0.030854349663927885
2179,Orakzai,0.41307991718426496,0.033222694542577355
2180,Orakzai,0.45062277432712217,0.03289200398842514
2181,Orakzai,0.2979109730848862,0.05440530935372562
2182,Orakzai,0.3516105590062112,0.02861453726446951
2183,Orakzai,0.43682836438923395,0.014947976615423414
2184,Orakzai,0.4214494824016563,0.027028775219167026
2185,Orakzai,0.412775569358178,0.022846634564247834
2186,Orakzai,0.39040724637681157,0.02718999952287812
2187,Orakzai,0.33688198757763976,0.03466994240616081
2188,Orakzai,0.46314554865424434,0.018826938505788673
2189,Orakzai,0.3163399585921326,0.04266125090707918
2190,Orakzai,0.4158182194616978,0.02455440860865551
2191,Orakzai,0.40261469979296066,0.029295237615303026
2192,Orakzai,0.2688171842650104,0.03613654400633207
2193,Orakzai,0.4676627329192546,0.027547618085208204
2194,Orakzai,0.3003751552795031,0.040184764027633206
2195,Orakzai,0.352427536231884,0.028738414224273576
2196,Orakzai,0.3268732919254658,0.0295834597321099
2197,Orakzai,0.2563590062111802,0.033944616045120765
2198,Orakzai,0.2721304347826087,0.050538579080889906
2199,Orakzai,0.4571144927536233,0.023618814326593764
2200,Khyber,0.47001159420289856,0.02776164576002969
2201,Khyber,0.35953643892339543,0.03794986322715442
2202,Khyber,0.4418525879917185,0.028941512001634674
2203,Khyber,0.4245306418219461,0.025434368401936774
2204,Khyber,0.4281453416149069,0.028799590562152165
2205,Khyber,0.39745900621118,0.020200913589279015
2206,Khyber,0.3948931677018634,0.03489153099573419
2207,Khyber,0.41091842650103516,0.023415530102222647
2208,Khyber,0.46138592132505174,0.03814940209014717
2209,Khyber,0.39171055900621116,0.04001368180294779
2210,Khyber,0.3623656314699793,0.019429402125266646
2211,Khyber,0.4000033126293996,0.029525368861976486
2212,Khyber,0.30930993788819877,0.02310108180266547
2213,Khyber,0.3625093167701863,0.04449092530591972
2214,Khyber,0.41053788819875786,0.03961289537686332
2215,Khyber,0.4406979296066253,0.026302765232034158
2216,Khyber,0.30374223602484474,0.052939853964695915
2217,Khyber,0.2967120082815735,0.026522381077143397
2218,Khyber,0.43238944099378884,0.02352845468752066
2219,Khyber,0.43263519668737066,0.034473871640931915
2220,Khyber,0.4273774327122154,0.02550086344775773
2221,Khyber,0.4259913043478261,0.046685190946810465
2222,Khyber,0.3865627329192546,0.04158976075654476
2223,Khyber,0.40924658385093177,0.05204544461559599
2224,Khyber,0.36365424430641824,0.05896143543011106
2225,Bajaur,0.3697155279503106,0.034810108269291144
2226,Bajaur,0.3061188405797101,0.03451311500387045
2227,Bajaur,0.30469710144927536,0.041141641510598674
2228,Bajaur,0.3558815734989648,0.044251484215346616
2229,Bajaur,0.29686418219461697,0.03520308716752463
2230,Bajaur,0.48375445134575573,0.024368636870005775
2231,Bajaur,0.36991511387163556,0.03823772852369819
2232,Bajaur,0.5289815734989648,0.03975366402045456
2233,Bajaur,0.31317163561076605,0.04649914659361779
2234,Bajaur,0.3772645962732919,0.04611179519894044
2235,Bajaur,0.38495010351966874,0.039694922055765317
2236,Bajaur,0.3616710144927536,0.0434968402400804
2237,Bajaur,0.33270289855072466,0.048832281728692285
2238,Bajaur,0.3002002070393375,0.030896338912097553
2239,Bajaur,0.43563043478260866,0.02947909289334511
2240,Bajaur,0.34195962732919255,0.03102395843854612
2241,Bajaur,0.4919670807453415,0.03072681895568192
2242,Bajaur,0.3072014492753623,0.04309661461479702
2243,Bajaur,0.41686583850931686,0.044167568325544984
2244,Bajaur,0.2639351966873706,0.043209727897080254
2245,Bajaur,0.2555679089026916,0.0428718028316741
2246,Bajaur,0.2318337474120083,0.036061956190958436
2247,Bajaur,0.40535652173913045,0.055331536882731534
2248,Bajaur,0.39447184265010354,0.04277359891871963
2249,Bajaur,0.3156378881987578,0.047913170015254504
2250,Tank,0.25284202898550723,0.04804175497566723
2251,Tank,0.29287743271221534,0.05427348287694069
2252,Tank,0.13023167701863353,0.023401057144015625
2253,Tank,0.20138219461697723,0.05382326592822158
2254,Tank,0.16544347826086958,0.044001376155862415
2255,Tank,0.14254844720496895,0.029438614583565576
2256,Tank,0.27798302277432707,0.067178996369131
2257,Tank,0.1647053830227743,0.03293818146999478
2258,Tank,0.25315093167701863,0.05750566669103532
2259,Tank,0.17753830227743272,0.05889947537858262
2260,Tank,0.2728966873706004,0.044706539483797714
2261,Tank,0.22775383022774326,0.04300798058351477
2262,Tank,0.25284078674948246,0.050757251150752414
2263,Tank,0.23148488612836435,0.0768641493625681
2264,Tank,0.1706631469979296,0.034030377623066634
2265,Tank,0.44143995859213253,0.05721826063671333
2266,Tank,0.3542679089026915,0.04044298007860344
2267,Tank,0.2524047619047619,0.045804197904692624
2268,Tank,0.32588944099378886,0.0491581963847352
2269,Tank,0.22241614906832297,0.048935232604793794
2270,Tank,0.18274223602484474,0.026691116148197667
2271,Tank,0.28801594202898556,0.027846809194387156
2272,Tank,0.16316376811594205,0.04224391205534933
2273,Tank,0.2106600414078675,0.036444583506620186
2274,Tank,0.3637184265010352,0.029669359023964767
2275,Bannu,0.2318186335403727,0.04820109924463479
2276,Bannu,0.2384807453416149,0.03000264277288786
2277,Bannu,0.4168432712215321,0.021662159989265743
2278,Bannu,0.2874391304347827,0.028926588274919562
2279,Bannu,0.34976459627329193,0.04036780651059409
2280,Bannu,0.3573650103519669,0.0437524220998184
2281,Bannu,0.29709089026915114,0.05779559406962105
2282,Bannu,0.1545304347826087,0.02462448337294543
2283,Bannu,0.31435341614906837,0.03582411440384737
2284,Bannu,0.30564927536231884,0.03847219433370026
2285,Bannu,0.2575252587991718,0.06745262764740799
2286,Bannu,0.3259136645962733,0.05429474063754101
2287,Bannu,0.3471989648033126,0.05369530377511264
2288,Bannu,0.3813844720496895,0.07999326273020842
2289,Bannu,0.3124633540372671,0.05096865219225186
2290,Bannu,0.30161387163561076,0.04040513494038725
2291,Bannu,0.3178817805383023,0.04099100875614112
2292,Bannu,0.35903933747412015,0.04009495951057888
2293,Bannu,0.3567293995859214,0.018688629424165014
2294,Bannu,0.46173209109730856,0.0215098061937335
2295,Bannu,0.3485797101449276,0.04372378481762704
2296,Bannu,0.2040049689440994,0.0314488449737955
2297,Bannu,0.3428335403726709,0.041400644098735374
2298,Bannu,0.33572505175983436,0.0433007011174746
2299,Bannu,0.3858018633540372,0.04342195398626503
2300,Lakki Marwat,0.33781490683229815,0.02937592436274424
2301,Lakki Marwat,0.165807867494824,0.026435263957800548
2302,Lakki Marwat,0.16710248447204967,0.033937765066208096
2303,Lakki Marwat,0.24088240165631478,0.07070727380959715
2304,Lakki Marwat,0.2930929606625259,0.06525948233830701
2305,Lakki Marwat,0.30375507246376815,0.03071166373212227
2306,Lakki Marwat,0.2338517598343686,0.04477915339550905
2307,Lakki Marwat,0.23959855072463773,0.051061667787531795
2308,Lakki Marwat,0.21327308488612834,0.03292304821039433
2309,Lakki Marwat,0.33430207039337473,0.033556911984258204
2310,Lakki Marwat,0.17043312629399585,0.026407852704208812
2311,Lakki Marwat,0.2221312629399586,0.05030962287637969
2312,Lakki Marwat,0.2431942028985508,0.04883060913396207
2313,Lakki Marwat,0.31855631469979295,0.03420656941936065
2314,Lakki Marwat,0.254907867494824,0.04540790120053595
2315,Lakki Marwat,0.15603478260869566,0.021528098397534143
2316,Lakki Marwat,0.15414720496894413,0.03241228201406224
2317,Lakki Marwat,0.14598550724637682,0.025661755880801003
2318,Lakki Marwat,0.20631138716356107,0.0421920008484417
2319,Lakki Marwat,0.1351300207039338,0.025100265151141086
2320,Lakki Marwat,0.32526273291925467,0.038362215263784846
2321,Lakki Marwat,0.17682877846790893,0.027423852050957247
2322,Lakki Marwat,0.2788020703933748,0.04177542432182992
2323,Lakki Marwat,0.2569631469979296,0.06427169784151927
2324,Lakki Marwat,0.17120041407867495,0.0338746045867313
2325,Hangu,0.39161801242236033,0.021686875718373525
2326,Hangu,0.3388879917184265,0.04069917569165217
2327,Hangu,0.21112857142857142,0.04129176039150007
2328,Hangu,0.22094368530020705,0.031801179074137015
2329,Hangu,0.21793333333333334,0.05728623680305896
2330,Hangu,0.42551677018633544,0.03775675925393309
2331,Hangu,0.33739109730848865,0.045424113391147804
2332,Hangu,0.334327950310559,0.033577052499213556
2333,Hangu,0.28739109730848866,0.032351601704125404
2334,Hangu,0.40435134575569365,0.03542329333022611
2335,Hangu,0.31615507246376817,0.04345217986554471
2336,Hangu,0.24492339544513464,0.055095010833093296
2337,Hangu,0.34775175983436857,0.04095712658634666
2338,Hangu,0.29968592132505173,0.050690965178019916
2339,Hangu,0.3737900621118012,0.03794174498490453
2340,Hangu,0.2557496894409938,0.05569913565248529
2341,Hangu,0.30784658385093167,0.03559153362160178
2342,Hangu,0.36830641821946175,0.03222146607869962
2343,Hangu,0.22951759834368532,0.027457469447430074
2344,Hangu,0.27037805383022784,0.01559782786741789
2345,Hangu,0.26496749482401655,0.05127571722129123
2346,Hangu,0.2572546583850932,0.049059211728452394
2347,Hangu,0.34964927536231877,0.04070839051695835
2348,Hangu,0.3419482401656315,0.05541771482315596
2349,Hangu,0.23793416149068322,0.054279617890408687
2350,Karak,0.23700124223602487,0.04149372975140692
2351,Karak,0.23172070393374739,0.02795846799908465
2352,Karak,0.23384927536231884,0.03140618993869884
2353,Karak,0.2208521739130435,0.0350757817758744
2354,Karak,0.1906360248447206,0.025432953275788622
2355,Karak,0.18933850931677018,0.02184534414322245
2356,Karak,0.12933126293995859,0.015261354573350875
2357,Karak,0.21975921325051764,0.034604831876359064
2358,Karak,0.21707971014492755,0.036224746551631146
2359,Karak,0.26094989648033134,0.03591144532006749
2360,Karak,0.16680351966873708,0.021976141230050455
2361,Karak,0.23398985507246378,0.024544174769950702
2362,Karak,0.2182795031055901,0.04481791390375508
2363,Karak,0.1532407867494824,0.019964683621075438
2364,Karak,0.20721739130434788,0.02201264237933857
2365,Karak,0.2080656314699793,0.025956151247213337
2366,Karak,0.18791904761904762,0.02342026132857766
2367,Karak,0.15535445134575568,0.020547542977289262
2368,Karak,0.20993519668737062,0.03666665665606206
2369,Karak,0.2202561076604555,0.03285556508688347
2370,Karak,0.24257701863354036,0.030113774119854102
2371,Karak,0.2252331262939959,0.030629028469089183
2372,Karak,0.3270761904761904,0.025637186435463824
2373,Karak,0.1705006211180124,0.021123193141168485
2374,Karak,0.24163126293995862,0.04152933451649674
2375,Kohat,0.2911395445134575,0.02997102278948647
2376,Kohat,0.23930289855072462,0.039822915406489204
2377,Kohat,0.37189213250517594,0.04497002251355912
2378,Kohat,0.22678281573498965,0.036288555657655513
2379,Kohat,0.401751966873706,0.024443522396673127
2380,Kohat,0.4025399585921325,0.02749898023851068
2381,Kohat,0.30901635610766054,0.050916100901398906
2382,Kohat,0.450791718426501,0.041397557722742666
2383,Kohat,0.2806012422360248,0.03511680085515473
2384,Kohat,0.22063333333333335,0.034513069908064624
2385,Kohat,0.23644616977225677,0.046895237257954706
2386,Kohat,0.2952770186335404,0.04633693700802912
2387,Kohat,0.30132629399585925,0.02903588352604836
2388,Kohat,0.3318310559006211,0.0328742881761825
2389,Kohat,0.40747391304347824,0.015784465609496555
2390,Kohat,0.25453457556935827,0.03536137067619077
2391,Kohat,0.2199714285714286,0.03287500975238115
2392,Kohat,0.3666341614906832,0.047548329526978406
2393,Kohat,0.3834956521739131,0.06668020144360884
2394,Kohat,0.46870683229813664,0.013905924134214907
2395,Kohat,0.42857991718426486,0.02384455063846553
2396,Kohat,0.3956173913043478,0.027259959765693887
2397,Kohat,0.43169648033126296,0.027172692995188878
2398,Kohat,0.25805610766045556,0.01764634315600923
2399,Kohat,0.27695569358178057,0.04491139881060761
2400,Peshawar,0.3717623188405797,0.056136374081107984
2401,Peshawar,0.4652799171842649,0.0620018846605533
2402,Peshawar,0.5588612836438923,0.025517662630788786
2403,Peshawar,0.4143407867494823,0.03219796860986554
2404,Peshawar,0.3013300207039337,0.03552161850269476
2405,Peshawar,0.47988695652173907,0.020535666923356993
2406,Peshawar,0.45537142857142865,0.034014238322005654
2407,Peshawar,0.38781469979296074,0.025201340164579585
2408,Peshawar,0.4274240165631471,0.02843356708512495
2409,Peshawar,0.45519627329192547,0.030266507687491003
2410,Peshawar,0.3498339544513458,0.02407026458652528
2411,Peshawar,0.2081579710144928,0.040763579003577535
2412,Peshawar,0.32829689440993803,0.029756401313106615
2413,Peshawar,0.3224668737060042,0.04525347681138086
2414,Peshawar,0.36379503105590066,0.04736816272195687
2415,Peshawar,0.3771306418219462,0.03561890632079712
2416,Peshawar,0.3003954451345755,0.04340929842353159
2417,Peshawar,0.5399857142857144,0.023629802404882834
2418,Peshawar,0.5258281573498965,0.028071108304933663
2419,Peshawar,0.313752380952381,0.023612874216083657
2420,Peshawar,0.45639461697722566,0.022071586854333004
2421,Peshawar,0.5133774327122153,0.033263776070765506
2422,Peshawar,0.37583933747412007,0.02843133900917076
2423,Peshawar,0.3934095238095239,0.02229224757918439
2424,Peshawar,0.41587391304347826,0.04833969832779836
2425,Charsadda,0.40507184265010354,0.0577067284114253
2426,Charsadda,0.48551739130434785,0.030328138505968737
2427,Charsadda,0.5215830227743271,0.023612483859464045
2428,Charsadda,0.5328792960662526,0.024167284563657812
2429,Charsadda,0.5124809523809524,0.020355740859335992
2430,Charsadda,0.4559639751552795,0.020563222150654203
2431,Charsadda,0.5603995859213252,0.021083047039130387
2432,Charsadda,0.521748033126294,0.03183743124126762
2433,Charsadda,0.48165900621118013,0.022827742366136036
2434,Charsadda,0.4616743271221532,0.02379501721724547
2435,Charsadda,0.5375741200828157,0.020644131177795986
2436,Charsadda,0.5320376811594203,0.024526069553369625
2437,Charsadda,0.5169407867494824,0.02716709368598792
2438,Charsadda,0.5015428571428572,0.026607466557279864
2439,Charsadda,0.4700937888198758,0.019842855798110917
2440,Charsadda,0.5319374741200826,0.023280893201401823
2441,Charsadda,0.5123126293995859,0.021774463786978723
2442,Charsadda,0.5394304347826087,0.026522897744779287
2443,Charsadda,0.17849296066252587,0.05126598612248118
2444,Charsadda,0.5070581780538302,0.02711562200058983
2445,Charsadda,0.38038322981366457,0.0792066429868736
2446,Charsadda,0.5213490683229814,0.025853156657202628
2447,Charsadda,0.5113633540372671,0.018675134659566352
2448,Charsadda,0.48750993788819885,0.018898783522243036
2449,Charsadda,0.5340304347826086,0.024101948156570248
2450,Nowshera,0.262459420289855,0.0522134453118695
2451,Nowshera,0.49212650103519673,0.021242853019342315
2452,Nowshera,0.44037805383022777,0.038640642395198065
2453,Nowshera,0.3138389233954451,0.056356443783482264
2454,Nowshera,0.4708530020703933,0.04848421162483649
2455,Nowshera,0.407004347826087,0.07832085613382946
2456,Nowshera,0.5177312629399585,0.01962130321530474
2457,Nowshera,0.42835113871635616,0.023642312290158018
2458,Nowshera,0.3674111801242236,0.04398821965580787
2459,Nowshera,0.3308987577639752,0.02636419727068711
2460,Nowshera,0.2897737060041409,0.0296736742109223
2461,Nowshera,0.4825068322981368,0.021679235982624744
2462,Nowshera,0.33667329192546586,0.03952285330719001
2463,Nowshera,0.2418888198757764,0.025051220930842756
2464,Nowshera,0.4340565217391304,0.02031979856447154
2465,Nowshera,0.4247904761904763,0.026693132872507144
2466,Nowshera,0.419428364389234,0.023291537632842304
2467,Nowshera,0.49985113871635617,0.0158006466801566
2468,Nowshera,0.33627639751552796,0.02427928119802364
2469,Nowshera,0.45352215320910977,0.03345058803336795
2470,Nowshera,0.5235314699792961,0.02343004787843486
2471,Nowshera,0.4390836438923395,0.02530318741531173
2472,Nowshera,0.4687886128364389,0.032637456673843684
2473,Nowshera,0.48079503105590066,0.030847788583071044
2474,Nowshera,0.4573300207039338,0.01912601233019079
2475,Chitral,0.20613830227743274,0.02764153654334988
2476,Chitral,0.4699337474120083,0.01920236364291711
2477,Chitral,0.49177929606625254,0.021259874182511573
2478,Chitral,0.36704409937888194,0.027082807650309706
2479,Chitral,0.34997971014492757,0.0297195523357984
2480,Chitral,0.4208766045548654,0.020341653187475838
2481,Chitral,0.2054968944099379,0.03339462625122496
2482,Chitral,0.3697202898550725,0.019802170763169126
2483,Chitral,0.25688530020703937,0.0815687031979301
2484,Chitral,0.2555643892339545,0.03393874872856473
2485,Chitral,0.3891507246376812,0.032574893296800383
2486,Chitral,0.3062416149068323,0.02459024905312645
2487,Chitral,0.1260631469979296,0.025743180344856478
2488,Chitral,0.3534115942028985,0.018260451110917356
2489,Chitral,0.26933788819875776,0.029648090286156933
2490,Chitral,0.3321689440993789,0.023441950001398405
2491,Chitral,0.4438538302277433,0.021385022831539216
2492,Chitral,0.3321757763975155,0.023764130905062807
2493,Chitral,0.43802417654808967,0.03441682552260108
2494,Chitral,0.48549937888198763,0.021953796083025792
2495,Chitral,0.36111946169772263,0.03013695099573177
2496,Chitral,0.3280741200828158,0.02615503458161713
2497,Chitral,0.25717619047619056,0.02039774126724622
2498,Chitral,0.16559337474120087,0.02536208682363122
2499,Chitral,0.4642180124223604,0.023123667781657413
2500,Upper Dir,0.37044557688688123,0.02680665594495837
2501,Upper Dir,0.4194068322981367,0.025298262826288595
2502,Upper Dir,0.21735465838509316,0.03189723192653947
2503,Upper Dir,0.43585797101449275,0.021453455233154266
2504,Upper Dir,0.3675919254658385,0.030250306284565744
2505,Upper Dir,0.3447171842650103,0.0144681718325589
2506,Upper Dir,0.5218391304347827,0.030265851039254433
2507,Upper Dir,0.5440180124223604,0.026748604064512002
2508,Upper Dir,0.46436169772256736,0.023161473540060977
2509,Upper Dir,0.4464739130434783,0.03512949827585562
2510,Upper Dir,0.5389138716356108,0.021295025789082118
2511,Upper Dir,0.40602256728778474,0.04173412712893307
2512,Upper Dir,0.43301014492753637,0.02015450480592621
2513,Upper Dir,0.35909834368530025,0.020981548567238245
2514,Upper Dir,0.36912753623188405,0.012103679193515161
2515,Upper Dir,0.45099689440993795,0.04197502043718139
2516,Upper Dir,0.43150600414078677,0.02721417725802979
2517,Upper Dir,0.45410517598343686,0.039276681609839874
2518,Upper Dir,0.34783271221532097,0.01895362731806412
2519,Upper Dir,0.38327971014492757,0.021464499591211095
2520,Upper Dir,0.48252546583850936,0.0336880629745286
2521,Upper Dir,0.4415271221532092,0.016691121598057673
2522,Upper Dir,0.3848886128364389,0.014362230706079303
2523,Upper Dir,0.5399325051759836,0.034162531323630015
2524,Upper Dir,0.48261304347826084,0.02821402711333382
2525,Lower Dir,0.4407474120082816,0.040821791356724396
2526,Lower Dir,0.35113809523809525,0.06028796413021569
2527,Lower Dir,0.4003523809523809,0.0464706375261417
2528,Lower Dir,0.44744927536231893,0.030102347615311196
2529,Lower Dir,0.5679826086956522,0.025338941974285486
2530,Lower Dir,0.4556447204968944,0.0661566737547984
2531,Lower Dir,0.47293747412008275,0.03881703112835038
2532,Lower Dir,0.3489581780538303,0.04932721506577201
2533,Lower Dir,0.45458902691511377,0.05046360628879653
2534,Lower Dir,0.4418654244306418,0.035423268295926735
2535,Lower Dir,0.45147370600414083,0.04834157967670241
2536,Lower Dir,0.4773163561076605,0.035230862359930545
2537,Lower Dir,0.5269451345755694,0.041653373091745924
2538,Lower Dir,0.3675743271221532,0.024102448206569874
2539,Lower Dir,0.4588937888198758,0.042971580196711524
2540,Lower Dir,0.3945265010351967,0.04663888159713012
2541,Lower Dir,0.49337391304347833,0.032357741055999395
2542,Lower Dir,0.5030055900621118,0.017765962744791162
2543,Lower Dir,0.4770511387163562,0.03260223433306944
2544,Lower Dir,0.4448780538302279,0.027872762240641263
2545,Lower Dir,0.4916016563146998,0.043338001309532456
2546,Lower Dir,0.4010614906832298,0.07782138188913983
2547,Lower Dir,0.32056997929606623,0.044296642730736135
2548,Lower Dir,0.33397474120082815,0.051004156566615465
2549,Lower Dir,0.4502089026915114,0.03560954358005691
2550,Malakand,0.310855900621118,0.050776233119696486
2551,Malakand,0.47399109730848865,0.02152741864019549
2552,Malakand,0.45035962732919255,0.015811208574214163
2553,Malakand,0.27394637681159417,0.043192546885548244
2554,Malakand,0.47493043478260877,0.01513955515081922
2555,Malakand,0.29028695652173914,0.04789281603066549
2556,Malakand,0.43045527950310564,0.05122345799104546
2557,Malakand,0.3368327122153209,0.04785883880664222
2558,Malakand,0.44848654244306424,0.04175491784125177
2559,Malakand,0.43903043478260856,0.025314161544229708
2560,Malakand,0.5146124223602485,0.02559914820903684
2561,Malakand,0.2856577639751553,0.05739480759969163
2562,Malakand,0.38079523809523813,0.0661004780477131
2563,Malakand,0.3103076604554866,0.047970745051342446
2564,Malakand,0.5363291925465838,0.018777899117345814
2565,Malakand,0.5266670807453416,0.025010439968721425
2566,Malakand,0.2839223602484472,0.03884729139082301
2567,Malakand,0.3971886128364389,0.04590517576960138
2568,Malakand,0.48076521739130434,0.020350140504713392
2569,Malakand,0.3578633540372671,0.04138124422283007
2570,Malakand,0.38171076604554866,0.052368407195827485
2571,Malakand,0.5449188405797102,0.023777984809203647
2572,Malakand,0.340064596273292,0.0420541397408318
2573,Malakand,0.5198055900621119,0.027866575135796788
2574,Malakand,0.5179472049689441,0.012445465686000995
2575,Swat,0.5490621118012422,0.022203553653372777
2576,Swat,0.4727910973084886,0.028283517138999122
2577,Swat,0.4483238095238095,0.026452979176923557
2578,Swat,0.5711975155279503,0.03853301522523769
2579,Swat,0.5312627329192547,0.024509344641251256
2580,Swat,0.5795505175983438,0.026466883958769
2581,Swat,0.43809523809523815,0.06724976619980756
2582,Swat,0.5096830227743271,0.03125489897413654
2583,Swat,0.4933993788819876,0.022536853537486533
2584,Swat,0.5644594202898551,0.015231140333239484
2585,Swat,0.3093873706004141,0.052763615898358325
2586,Swat,0.599952380952381,0.03622446580313451
2587,Swat,0.36365900621118014,0.02948974582120394
2588,Swat,0.3776933747412008,0.08596667456666097
2589,Swat,0.5629412008281575,0.031293045308890745
2590,Swat,0.4560115942028986,0.0468188752678386
2591,Swat,0.4329983436853002,0.039496759706617826
2592,Swat,0.4961604554865424,0.05584908309582454
2593,Swat,0.6431710144927537,0.03839466549097989
2594,Swat,0.4943393374741201,0.021668562336018705
2595,Swat,0.5256004140786751,0.021044930348096163
2596,Swat,0.5663169772256729,0.021164745844380682
2597,Swat,0.39066376811594206,0.018274759842498458
2598,Swat,0.3335933747412008,0.016779429301122004
2599,Swat,0.3578954451345756,0.03796371664597156
2600,Kohistan,0.35591801242236026,0.028216474359939007
2601,Kohistan,0.3320614906832298,0.0264472614208966
2602,Kohistan,0.38422877846790887,0.028348691621261156
2603,Kohistan,0.39072320722755516,0.025685664084283445
2604,Kohistan,0.5124188405797103,0.03784239524536759
2605,Kohistan,0.3685699792960663,0.026572183738051303
2606,Kohistan,0.4240053830227743,0.03007794518842907
2607,Kohistan,0.36502753623188405,0.0391949774204356
2608,Kohistan,0.4947995859213251,0.02162394560858397
2609,Kohistan,0.4102068322981366,0.02879667525678472
2610,Kohistan,0.4240053830227743,0.03007794518842907
2611,Kohistan,0.43780020703933753,0.03129727377157282
2612,Kohistan,0.3523614906832298,0.02419489003339355
2613,Kohistan,0.35093623188405804,0.029735861888998533
2614,Kohistan,0.2531991718426501,0.020679004892656883
2615,Kohistan,0.3601730848861284,0.02348531711382787
2616,Kohistan,0.399531884057971,0.02218769601000274
2617,Kohistan,0.3860387163561077,0.034376316195026985
2618,Kohistan,0.3533797101449275,0.033278923078685095
2619,Kohistan,0.36532960662525876,0.028566068748924218
2620,Kohistan,0.3662668737060042,0.026291233473518052
2621,Kohistan,0.4466204968944099,0.03863134405891768
2622,Kohistan,0.3601730848861284,0.02348531711382787
2623,Kohistan,0.521005571240354,0.03672612727360457
2624,Kohistan,0.44711407867494823,0.03063481407609465
2625,Mardan,0.519561076604555,0.018312220634528677
2626,Mardan,0.44068447204968947,0.04186741254571272
2627,Mardan,0.5000188405797102,0.021813830264450804
2628,Mardan,0.4589712215320911,0.02503311812954654
2629,Mardan,0.4738643892339546,0.018984101663659467
2630,Mardan,0.42415962732919255,0.034580234172866466
2631,Mardan,0.4624151138716357,0.024500809704021864
2632,Mardan,0.5265366459627329,0.022518211614179093
2633,Mardan,0.5427149068322981,0.023430234545305094
2634,Mardan,0.4177718426501035,0.027310147068435688
2635,Mardan,0.408088198757764,0.026168505014263977
2636,Mardan,0.5252020703933747,0.027434432464522075
2637,Mardan,0.3736267080745342,0.04487399213571895
2638,Mardan,0.4573180124223602,0.027875543080552432
2639,Mardan,0.4379124223602484,0.04961762149784358
2640,Mardan,0.4700271221532091,0.021616519610554236
2641,Mardan,0.5176045548654244,0.020880372136191917
2642,Mardan,0.54375983436853,0.022679204391420734
2643,Mardan,0.4206623188405797,0.052740172880914815
2644,Mardan,0.48573333333333335,0.02762889850584245
2645,Mardan,0.5010706004140786,0.032728009266083824
2646,Mardan,0.48164948240165634,0.03452234700916583
2647,Mardan,0.4466792960662526,0.021189298889821358
2648,Mardan,0.5147786749482401,0.02842929205083095
2649,Mardan,0.49105983436853007,0.028535436792655505
2650,Swabi,0.3497242236024845,0.05096330807154127
2651,Swabi,0.47899130434782605,0.02747893537710396
2652,Swabi,0.4253215320910974,0.0455957153098349
2653,Swabi,0.411687784679089,0.022426983157199133
2654,Swabi,0.46766211180124223,0.025024053462119163
2655,Swabi,0.3998343685300207,0.02723542206005565
2656,Swabi,0.4344668737060043,0.016886165472009034
2657,Swabi,0.4317178053830228,0.026000310969313545
2658,Swabi,0.4637902691511388,0.023368863985039467
2659,Swabi,0.3637693581780539,0.03206148398032381
2660,Swabi,0.4399722567287786,0.04803789706442567
2661,Swabi,0.4497652173913044,0.01667117549957579
2662,Swabi,0.4419695652173913,0.019569788101950793
2663,Swabi,0.3080501035196687,0.03645005549183601
2664,Swabi,0.4787436853002071,0.022932880749934954
2665,Swabi,0.4890509316770186,0.0251568875134654
2666,Swabi,0.39665051759834374,0.03776889976312619
2667,Swabi,0.4217258799171843,0.03860028270108678
2668,Swabi,0.4013045548654244,0.0267692734364839
2669,Swabi,0.2939521739130435,0.040713998757699814
2670,Swabi,0.5019233954451346,0.018276137434507712
2671,Swabi,0.40290207039337467,0.03492259907596094
2672,Swabi,0.3305751552795031,0.03853008880768927
2673,Swabi,0.32625672877846795,0.02977475801308734
2674,Swabi,0.47600351966873705,0.022845207869127474
2675,Buner,0.47036438923395446,0.0162258650822352
2676,Buner,0.5192277432712216,0.03506769522900414
2677,Buner,0.44876728778467917,0.03920473081642976
2678,Buner,0.36806811594202904,0.03786438605905283
2679,Buner,0.44744865424430647,0.031430006327089324
2680,Buner,0.48868467908902696,0.027278739379641995
2681,Buner,0.4823138716356108,0.0172419092958748
2682,Buner,0.42549585921325056,0.03979438017193883
2683,Buner,0.48426956521739145,0.023675363053918794
2684,Buner,0.3502416149068323,0.04977376752201836
2685,Buner,0.46756397515527953,0.03538746740441434
2686,Buner,0.5012285714285715,0.04215677478441704
2687,Buner,0.4700103519668737,0.03713467030104711
2688,Buner,0.4877904761904762,0.026445594614500172
2689,Buner,0.4220902691511387,0.040136107481695084
2690,Buner,0.4982345755693582,0.029976434603154457
2691,Buner,0.43773664596273293,0.029178264635558938
2692,Buner,0.45362919254658385,0.027992292000751418
2693,Buner,0.4389296066252588,0.03716999266480538
2694,Buner,0.4919219461697723,0.031221987541367204
2695,Buner,0.4628130434782609,0.03715754202253641
2696,Buner,0.5083124223602485,0.031429572210515205
2697,Buner,0.464496066252588,0.025643353429843745
2698,Buner,0.4576184265010352,0.027015975273593132
2699,Buner,0.4779262939958592,0.04014960997296953
2700,Haripur,0.38679399585921326,0.03897542219051413
2701,Haripur,0.4172221532091097,0.05194701176694023
2702,Haripur,0.4575579710144928,0.03185636191219699
2703,Haripur,0.4285287784679091,0.02939942794113584
2704,Haripur,0.4340670807453417,0.0509903558307072
2705,Haripur,0.39939896480331266,0.03397772747494783
2706,Haripur,0.4264335403726708,0.06541162382450136
2707,Haripur,0.43242919254658385,0.03514291094450146
2708,Haripur,0.32555362318840586,0.03838013003798337
2709,Haripur,0.4056031055900622,0.04156874616081154
2710,Haripur,0.4254426501035196,0.04949128588869274
2711,Haripur,0.4327521739130435,0.04892051132317929
2712,Haripur,0.34526492702991557,0.041294642548363916
2713,Haripur,0.4432260869565217,0.05003363533350688
2714,Haripur,0.43508136645962736,0.04885561612742496
2715,Haripur,0.4207325051759834,0.04978053968087524
2716,Haripur,0.4265281573498965,0.04895149157619747
2717,Haripur,0.3909277432712215,0.0330992461315232
2718,Haripur,0.39829937888198763,0.04991338924512316
2719,Haripur,0.3352091097308489,0.06271856379490057
2720,Haripur,0.3904393374741201,0.03712698968400422
2721,Haripur,0.4534490683229813,0.04634783347012018
2722,Haripur,0.38341014492753633,0.03663735051741664
2723,Haripur,0.38283954451345764,0.04862963531737071
2724,Haripur,0.5252944099378882,0.032008664833694384
2725,Abbottabad,0.4886341614906833,0.03738814008195434
2726,Abbottabad,0.5168163561076605,0.045999437094262005
2727,Abbottabad,0.5015900621118012,0.03676867390292207
2728,Abbottabad,0.4679689440993788,0.03949533398493599
2729,Abbottabad,0.4546639751552795,0.037410281094802135
2730,Abbottabad,0.4707478260869564,0.019462728991225975
2731,Abbottabad,0.5094132505175984,0.01787898742975818
2732,Abbottabad,0.5367221532091097,0.020843285079609836
2733,Abbottabad,0.5218687370600414,0.031909837271288044
2734,Abbottabad,0.43013436853002074,0.032811199149659215
2735,Abbottabad,0.46885093167701875,0.023395119453931905
2736,Abbottabad,0.4919664596273292,0.020192060987655525
2737,Abbottabad,0.46355921325051747,0.04177948444952623
2738,Abbottabad,0.48702318840579717,0.039935112423890855
2739,Abbottabad,0.465064596273292,0.026754115455870874
2740,Abbottabad,0.41045320910973093,0.02015021171910257
2741,Abbottabad,0.41907681159420285,0.03962615200174406
2742,Abbottabad,0.49638592132505177,0.021465019216576845
2743,Abbottabad,0.4651714285714285,0.027085360263606903
2744,Abbottabad,0.40596770186335407,0.030584016659406615
2745,Abbottabad,0.5004770186335405,0.03084959506679177
2746,Abbottabad,0.4850041407867495,0.036176011183880474
2747,Abbottabad,0.50147867494824,0.02119381364452119
2748,Abbottabad,0.50830082815735,0.03616011359411256
2749,Abbottabad,0.49624679089026913,0.032612104167055976
2750,Battagram,0.4765631469979296,0.019562303193092455
2751,Battagram,0.5326985507246377,0.02820306068142296
2752,Battagram,0.4567815734989648,0.029614866025082842
2753,Battagram,0.44687826086956517,0.020863097341427335
2754,Battagram,0.42182670807453426,0.02644834576609749
2755,Battagram,0.5387948240165632,0.02248051558783056
2756,Battagram,0.4765275362318841,0.02145350394779189
2757,Battagram,0.46699461697722566,0.038823491897277435
2758,Battagram,0.48266956521739146,0.04537208829903284
2759,Battagram,0.49894306418219464,0.027335062010090252
2760,Battagram,0.5099612836438924,0.030032401469158528
2761,Battagram,0.4417057971014493,0.026076224028745022
2762,Battagram,0.5045995859213249,0.022819854533351988
2763,Battagram,0.5197608695652174,0.028192449267441043
2764,Battagram,0.48821759834368533,0.02435057587534177
2765,Battagram,0.4753979296066254,0.023071939321329282
2766,Battagram,0.4556281573498965,0.01351326880946177
2767,Battagram,0.5106461697722567,0.021046739240350255
2768,Battagram,0.4654331262939959,0.02673848592790434
2769,Battagram,0.454803933747412,0.031908181799048446
2770,Battagram,0.5287948240165632,0.02890887962106556
2771,Battagram,0.5258103519668738,0.024846784310416856
2772,Battagram,0.39620269151138726,0.01155975201082389
2773,Battagram,0.5109869565217391,0.017928151782573863
2774,Battagram,0.5189631469979297,0.0214595596163353
2775,Shangla,0.5510089026915113,0.023651157780064443
2776,Shangla,0.5611416149068323,0.019907416256781503
2777,Shangla,0.5640070393374741,0.02337465975482239
2778,Shangla,0.5320610766045549,0.023668841423428292
2779,Shangla,0.5435981366459627,0.024465416595358648
2780,Shangla,0.557368530020704,0.03382872809268808
2781,Shangla,0.5524155279503106,0.02646317644526108
2782,Shangla,0.5387434782608695,0.016746349926024882
2783,Shangla,0.5405821946169773,0.01883744252769578
2784,Shangla,0.5247786749482403,0.029500326726854226
2785,Shangla,0.5426587991718428,0.02464505064375394
2786,Shangla,0.5703372670807454,0.026053065789912847
2787,Shangla,0.5639813664596275,0.0236826560042173
2788,Shangla,0.5451184265010353,0.018586619851163135
2789,Shangla,0.5538995859213249,0.0324440195192447
2790,Shangla,0.540484265010352,0.017817146092715935
2791,Shangla,0.5608728778467909,0.025560589287736288
2792,Shangla,0.4068130434782609,0.020966301722133904
2793,Shangla,0.6076037267080745,0.016310303358722345
2794,Shangla,0.5583556935817806,0.02174616766507866
2795,Shangla,0.5607024844720498,0.024016396699285198
2796,Shangla,0.4808797101449276,0.022175662632771473
2797,Shangla,0.5414312629399586,0.02748496565667076
2798,Shangla,0.5611416149068323,0.019907416256781503
2799,Shangla,0.5492093167701865,0.017642823676139563
2800,Okara,0.5112459627329192,0.016291789204496403
2801,Okara,0.46397743271221537,0.025854714724905116
2802,Okara,0.4985364389233955,0.02305801516065786
2803,Okara,0.4637490683229813,0.014775663338761921
2804,Okara,0.4560157349896481,0.019935982722314748
2805,Okara,0.35377349896480326,0.06384956050467513
2806,Okara,0.33232339544513456,0.023586514158533512
2807,Okara,0.4573565217391304,0.03147858821307034
2808,Okara,0.5009956521739131,0.016628820040960127
2809,Okara,0.48501325051759825,0.022653366105426863
2810,Okara,0.47942008281573495,0.026779409393095775
2811,Okara,0.4965710144927537,0.02638471303398138
2812,Okara,0.49460973084886134,0.03457598308600622
2813,Okara,0.18395817805383025,0.026091072604060517
2814,Okara,0.45273954451345755,0.018241690603971596
2815,Okara,0.3658393374741201,0.04708350800476867
2816,Okara,0.4217778467908902,0.02296332408726509
2817,Okara,0.4930898550724637,0.032868799966263545
2818,Okara,0.5063424430641822,0.03375560202033822
2819,Okara,0.4636931677018633,0.03999089818067038
2820,Okara,0.43528426501035195,0.040291172755226784
2821,Okara,0.4823652173913045,0.01517440008235111
2822,Okara,0.5134784679089028,0.025253930530679387
2823,Okara,0.4873498964803313,0.029437811484821365
2824,Okara,0.49409937888198757,0.022557113010098075
2825,Narowal,0.43420248447204973,0.02695969044260763
2826,Narowal,0.4169024844720497,0.03969177562251997
2827,Narowal,0.46136853002070394,0.030723423642116957
2828,Narowal,0.4527190476190477,0.026213839582945653
2829,Narowal,0.41922298136645963,0.036913594070590895
2830,Narowal,0.36037619047619046,0.03229156162304919
2831,Narowal,0.4168718426501035,0.03580441075792138
2832,Narowal,0.4145151138716357,0.03787295016210778
2833,Narowal,0.4628271221532091,0.022938974837081065
2834,Narowal,0.4521124223602484,0.029631957835589237
2835,Narowal,0.48233809523809523,0.027148510591519372
2836,Narowal,0.42302256728778465,0.04252675838690656
2837,Narowal,0.4715948240165632,0.01817075401329032
2838,Narowal,0.501216563146998,0.01789029096440955
2839,Narowal,0.4726169772256729,0.032841561594728945
2840,Narowal,0.4230813664596274,0.042795030181466215
2841,Narowal,0.2956221532091097,0.04094835959568799
2842,Narowal,0.4423273291925466,0.03793117455758252
2843,Narowal,0.45153395445134575,0.02863746489739346
2844,Narowal,0.3486451345755694,0.02916221082873829
2845,Narowal,0.40328674948240173,0.04382848305249882
2846,Narowal,0.4184691511387164,0.03781520430550552
2847,Narowal,0.43696563146997935,0.035216391798937735
2848,Narowal,0.44751469979296066,0.03875104989535297
2849,Narowal,0.4861198757763974,0.021508836568682573
2850,Gujranwala,0.5473182194616979,0.03663199488280003
2851,Gujranwala,0.49987722567287785,0.03450973673900206
2852,Gujranwala,0.4465923395445135,0.04219600964122317
2853,Gujranwala,0.4426933747412009,0.06046294954999499
2854,Gujranwala,0.4980592132505177,0.022764628471289884
2855,Gujranwala,0.4427548654244307,0.03237615331945489
2856,Gujranwala,0.4338701863354037,0.041322577720247625
2857,Gujranwala,0.47655983436853006,0.028618653829705666
2858,Gujranwala,0.4718923395445135,0.024940737352787973
2859,Gujranwala,0.5041573498964803,0.015231139168112848
2860,Gujranwala,0.528396894409938,0.022188397540252928
2861,Gujranwala,0.49101345755693576,0.017808029631415246
2862,Gujranwala,0.46426376811594205,0.04173060854457988
2863,Gujranwala,0.4831737060041408,0.02320623922718993
2864,Gujranwala,0.5106509316770186,0.018414194680862108
2865,Gujranwala,0.5177155279503106,0.026167599183830458
2866,Gujranwala,0.48364078674948247,0.02418653987060011
2867,Gujranwala,0.5255196687370599,0.021866521058816528
2868,Gujranwala,0.49792028985507253,0.02364893704001026
2869,Gujranwala,0.3766331262939959,0.018122522240611425
2870,Gujranwala,0.5057002070393376,0.02171222191686767
2871,Gujranwala,0.47567308488612847,0.01687178960271362
2872,Gujranwala,0.5127024844720497,0.021871531491133897
2873,Gujranwala,0.47216459627329205,0.018922992803702778
2874,Gujranwala,0.48720455486542447,0.030011473170710415
2875,Shigar,-0.008055850384949763,0.012316817713828846
2876,Shigar,-0.04940786749482403,0.003900793482145043
2877,Shigar,0.013370351164389201,0.01530235540528241
2878,Shigar,0.024148198555400572,0.015492993005364263
2879,Shigar,0.09569585921325052,0.02052686001642113
2880,Shigar,-0.05188814777308191,0.007392365759016628
2881,Shigar,0.007134229124826088,0.010951140255552567
2882,Shigar,-0.03799648033126294,0.009389847446521623
2883,Shigar,-0.02586600252749322,0.003894557421122462
2884,Shigar,-0.04519981178242048,0.0043034737866399185
2885,Shigar,0.09664880481837004,0.02254499411667317
2886,Shigar,0.0037593190755256405,0.00968354835930985
2887,Shigar,-0.07008095238095238,0.005200904848704737
2888,Shigar,-0.03798216735137298,0.004370097475875563
2889,Shigar,-0.004802772538165064,0.016105551132388745
2890,Shigar,-0.05505236571746026,0.006021217508342842
2891,Shigar,0.1353130578013514,0.015556979243830824
2892,Shigar,-0.03662256728778467,0.003980026109182437
2893,Shigar,0.14769875776397515,0.020408603430048813
2894,Shigar,-0.03508445077603692,0.0051725510918861056
2895,Shigar,-0.048645962732919254,0.0035230157876765446
2896,Shigar,0.16933436853002068,0.028197340185332112
2897,Shigar,0.17305265951439863,0.019266090981580802
2898,Shigar,0.08695507246376813,0.013185559245052644
2899,Shigar,-0.03780380602834019,0.0025264804671159863
2900,Azad Kashmir,0.5972552795031055,0.03138755402036309
2901,Azad Kashmir,0.5105910973084886,0.03121454021583757
2902,Azad Kashmir,0.3833111801242236,0.03973833743837887
2903,Azad Kashmir,0.38835507246376816,0.057686010688966484
2904,Azad Kashmir,0.4270138716356107,0.02354234393781574
2905,Azad Kashmir,0.1579969370655134,0.025678350987317692
2906,Azad Kashmir,0.5334366459627328,0.035296968080279725
2907,Azad Kashmir,0.4937774327122153,0.04760018324154629
2908,Azad Kashmir,0.40494699792960664,0.032733740661465234
2909,Azad Kashmir,0.4578811594202899,0.02758180586261154
2910,Azad Kashmir,0.4805906832298138,0.03297074105278183
2911,Azad Kashmir,0.5391832298136647,0.03131671265710365
2912,Azad Kashmir,0.1471710706985797,0.033378768383984174
2913,Azad Kashmir,0.48464478637304725,0.03346305703664042
2914,Azad Kashmir,0.1954029975890225,0.05742536542297357
2915,Azad Kashmir,0.3901335403726709,0.05219771222455772
2916,Azad Kashmir,0.5528937888198759,0.03505291126968365
2917,Azad Kashmir,0.5301103519668737,0.03145463237263663
2918,Azad Kashmir,0.5820925465838509,0.0313064932305686
2919,Azad Kashmir,0.34560828157349893,0.028380307253061215
2920,Azad Kashmir,0.10755403726708075,0.01946715325719711
2921,Azad Kashmir,0.5772987577639752,0.03317685575172797
2922,Azad Kashmir,0.006834161490683229,0.009836803211755169
2923,Azad Kashmir,0.5730656314699794,0.026317647063378132
2924,Azad Kashmir,0.652179089026915,0.040394376962586256
2925,Diamer,0.013175447016751366,0.009675630704946207
2926,Diamer,0.36878674948240164,0.026570794211071523
2927,Diamer,0.1575618765292678,0.02100231135276521
2928,Diamer,0.10446107660455488,0.021605757888215563
2929,Diamer,0.1926536231884058,0.0235912460185736
2930,Diamer,0.01760806512328252,0.012823394426123482
2931,Diamer,0.4081927536231884,0.03136975509135508
2932,Diamer,0.28535424430641826,0.027784880061477606
2933,Diamer,0.15986356107660463,0.025929585694835815
2934,Diamer,0.32497515527950305,0.018840301899984726
2935,Diamer,0.2140325051759835,0.018187137927436595
2936,Diamer,0.4023660455486543,0.022331427010257046
2937,Diamer,0.22661656314699796,0.029806213420734605
2938,Diamer,0.15314317881403575,0.025560129868555544
2939,Diamer,0.17976004140786747,0.013038398087226444
2940,Diamer,0.43247453416149073,0.04864757215428955
2941,Diamer,0.3897774327122153,0.024858056619138015
2942,Diamer,0.3854962732919254,0.048978533259900835
2943,Diamer,0.026540739384536376,0.013549101097523249
2944,Diamer,0.17112383506762394,0.02069086422780891
2945,Diamer,-0.015035752556622125,0.01087436593604237
2946,Diamer,0.28875031055900624,0.01720214617589483
2947,Diamer,0.1712002070393375,0.023593556087966622
2948,Diamer,0.203895652173913,0.0232420816909474
2949,Diamer,0.18698281573498965,0.014332244470812891
2950,Ghizer,-0.03426599849425937,0.004843307822381348
2951,Ghizer,0.15711594202898552,0.018752618604713906
2952,Ghizer,0.10768896570669739,0.032595371121920604
2953,Ghizer,0.003199525065093878,0.010882619439802196
2954,Ghizer,0.13433374741200832,0.016992398998878146
2955,Ghizer,0.03670973084886128,0.01177417986008932
2956,Ghizer,-0.01557003352065464,0.023648209674746175
2957,Ghizer,0.014763975155279505,0.010216883925806436
2958,Ghizer,0.01374386548198088,0.012171290005356607
2959,Ghizer,0.14557991718426502,0.011037582707333434
2960,Ghizer,-0.01839829309062228,0.008192128883945507
2961,Ghizer,0.08132759897107723,0.014056565667383053
2962,Ghizer,-0.026402936194240542,0.005870238725905513
2963,Ghizer,-0.029257579817540583,0.005331427282354884
2964,Ghizer,0.04223925622686493,0.016692594540144944
2965,Ghizer,0.047006997839979206,0.013621105970397826
2966,Ghizer,0.025156314699792966,0.01235569404872761
2967,Ghizer,0.025536476461929802,0.013811271663440318
2968,Ghizer,0.04050926886433098,0.011967174745643306
2969,Ghizer,-0.011074496796291503,0.008578915060267565
2970,Ghizer,-0.010738780581229094,0.006603457419251504
2971,Ghizer,-0.04366499018579764,0.011456952345208752
2972,Ghizer,-0.03735587537354122,0.0041696285480790065
2973,Ghizer,0.08293534726143423,0.013238611435114298
2974,Ghizer,0.04000637663553043,0.016610745982110247
2975,Hunza,-0.05468364389233954,0.005340709113179738
2976,Hunza,0.011387163561076604,0.008541682253568664
2977,Hunza,0.08621045548654245,0.014536843312533024
2978,Hunza,-0.04465637398833051,0.0040574898863504644
2979,Hunza,-0.038517805383022775,0.004122807800754472
2980,Hunza,0.01565459250894034,0.025993116372529237
2981,Hunza,0.036323188405797104,0.006020481041949645
2982,Hunza,-0.03620218332392246,0.00482097630538276
2983,Hunza,-0.008368896596846906,0.015506032756891566
2984,Hunza,0.07115507246376812,0.007139680206868988
2985,Hunza,-0.04922047607559771,0.004224426084509914
2986,Hunza,0.1124896480331263,0.008717399872590561
2987,Hunza,-0.04753879164313947,0.009429074463436323
2988,Hunza,0.017065424430641823,0.014389546937925036
2989,Hunza,-0.06463893280632411,0.006354299820412781
2990,Hunza,0.06143747412008282,0.008989145841419221
2991,Hunza,0.06986583850931678,0.01979022437924017
2992,Hunza,-0.07170573122529644,0.008367857928033828
2993,Hunza,-0.03866176634734054,0.006553398902204082
2994,Hunza,-0.017263354037267083,0.009938668047245774
2995,Hunza,-0.0349328735807015,0.004409489344376021
2996,Hunza,-0.011902851496329756,0.01760231869906159
2997,Hunza,-0.04681372942533658,0.004463708206177724
2998,Hunza,0.045191200828157356,0.007064763052000522
2999,Hunza,-0.03389968003011482,0.00465071464111804
3000,Gilgit,0.14828053830227744,0.01544610173815642
3001,Gilgit,0.11936107660455487,0.00987878341831034
3002,Gilgit,0.3204585921325052,0.03576838094684534
3003,Gilgit,0.13738778467908902,0.02050545198943283
3004,Gilgit,0.08220560126553915,0.015479463691075819
3005,Gilgit,0.04292295591227268,0.015542478154172685
3006,Gilgit,-0.018956653491436104,0.009835236968942028
3007,Gilgit,0.27627874082439297,0.03779899670006407
3008,Gilgit,0.14305424430641822,0.010561005952803987
3009,Gilgit,0.12351697722567287,0.008750806030517923
3010,Gilgit,-0.03370207039337474,0.005168810333948864
3011,Gilgit,0.09699399585921327,0.00691458522545068
3012,Gilgit,-0.004440891053391054,0.013322950154869721
3013,Gilgit,0.15406128364389235,0.014561080028225095
3014,Gilgit,0.004721566831410927,0.007821046112730356
3015,Gilgit,0.15469707317182477,0.024048119420994093
3016,Gilgit,0.12326418219461699,0.007384383302670132
3017,Gilgit,0.25333391680782985,0.02448713335138888
3018,Gilgit,0.21685913902403064,0.039585418523547425
3019,Gilgit,0.12559089026915116,0.018263791391247466
3020,Gilgit,0.049842460093391786,0.018699544039129323
3021,Gilgit,0.40763562958780364,0.04577582033853679
3022,Gilgit,0.15130931677018636,0.01775463655124795
3023,Gilgit,0.14127142857142858,0.015245943729418841
3024,Gilgit,0.38850129870129874,0.03180043614415475
3025,Nagar,-0.009867908902691513,0.007203799903968983
3026,Nagar,0.03469171842650103,0.015686606990039473
3027,Nagar,0.11630194805194809,0.012632904265108385
3028,Nagar,0.15018217485413138,0.037499739818479164
3029,Nagar,-0.06604198184148495,0.0058330237146923735
3030,Nagar,-0.05229692264257482,0.0047345992483885675
3031,Nagar,0.11205797101449276,0.021822744678779753
3032,Nagar,0.09574824016563145,0.01131956333107581
3033,Nagar,-0.04583768115942029,0.010620760231927935
3034,Nagar,0.11838426501035199,0.027639136231238225
3035,Nagar,-0.023597258558278496,0.005621748871841932
3036,Nagar,-0.028522407302842088,0.011915167793924993
3037,Nagar,-0.046000000000000006,0.0032782292917952955
3038,Nagar,0.1887002070393375,0.025678938960932488
3039,Nagar,0.23946668548842467,0.028825714762150557
3040,Nagar,-0.04923386706461241,0.0062499027048408045
3041,Nagar,0.005940708101422387,0.01498561674534596
3042,Nagar,0.1584093364882185,0.030241193684657705
3043,Nagar,-0.024209316770186333,0.0069108851515320095
3044,Nagar,0.12722960662525878,0.017786948734054772
3045,Nagar,-0.039988550097245744,0.007099373866427917
3046,Nagar,-0.026095749705517507,0.009018226148827519
3047,Nagar,-0.04460294566364557,0.003562853479374255
3048,Nagar,0.007969358178053831,0.013631904846161174
3049,Nagar,-0.06043847973972198,0.004543439595973547
3050,Astore,0.1976050536420102,0.019841810592427206
3051,Astore,0.16765755693581783,0.029677455264649145
3052,Astore,0.16229565217391304,0.026005823731328308
3053,Astore,0.10942629399585924,0.021984342805951077
3054,Astore,-0.03329678147939018,0.003615358296905311
3055,Astore,-0.02148429082304859,0.006280304346053847
3056,Astore,0.15321189535102583,0.017872285004708218
3057,Astore,0.1291935817805383,0.0203422608614163
3058,Astore,0.09634956526220499,0.010948681590298727
3059,Astore,0.15429958592132506,0.020616634077673883
3060,Astore,-0.004902390363259929,0.0107211179435854
3061,Astore,0.34328240165631474,0.03686054790498362
3062,Astore,0.21293339396628216,0.03090213938354413
3063,Astore,0.008322551758551004,0.01101165958015167
3064,Astore,0.2144260117048692,0.023828088197930922
3065,Astore,0.09514244588744589,0.014821914030436598
3066,Astore,0.08775734989648032,0.026785266351262098
3067,Astore,0.18709511122285172,0.034843182411366906
3068,Astore,0.16956873706004144,0.019941571941791997
3069,Astore,0.12395727604348725,0.020870861035363286
3070,Astore,0.13682379533392305,0.02440399931100272
3071,Astore,0.11228070769809906,0.023713447365394883
3072,Astore,0.2502594391116131,0.028611105968632793
3073,Astore,0.23010117519471554,0.027930819523289362
3074,Astore,0.024602219803657774,0.020101857836408023
3075,Kharmang,0.03663146997929607,0.011200616190690193
3076,Kharmang,0.13035320910973086,0.01865061776675928
3077,Kharmang,0.12319347781273245,0.017427288800706445
3078,Kharmang,0.0021248447204968946,0.009377149360752887
3079,Kharmang,-0.001201283459920269,0.008755740174094405
3080,Kharmang,0.03024538512901867,0.011548813209085339
3081,Kharmang,0.10739917184265012,0.018468488397169466
3082,Kharmang,-0.01248985507246377,0.008413169181050445
3083,Kharmang,0.06647888198757765,0.017934723823767797
3084,Kharmang,0.0985756352343309,0.013514070120950995
3085,Kharmang,0.13835776184157872,0.024946536304225657
3086,Kharmang,0.12234265010351968,0.01695409923869951
3087,Kharmang,0.000803312629399586,0.008302858082884286
3088,Kharmang,-0.007998062255205112,0.011129099589639162
3089,Kharmang,0.013573837756446452,0.01570925939977414
3090,Kharmang,-0.0038922344785867567,0.010452794173768563
3091,Kharmang,0.10950890269151138,0.016029781529932605
3092,Kharmang,0.12070305667482305,0.02152415798409251
3093,Kharmang,0.1383761904761905,0.026056590249578255
3094,Kharmang,0.12170372670807453,0.021737045129206763
3095,Kharmang,-0.009565207980425375,0.010162962109558782
3096,Kharmang,0.12470188100670775,0.017709368965511292
3097,Kharmang,0.06296418219461698,0.016468156213149503
3098,Kharmang,0.04913623188405798,0.014227981716958672
3099,Kharmang,0.05044361942405421,0.016995825026793115
3100,Skardu,0.09764981754105152,0.01522232765112388
3101,Skardu,0.0018179017324980058,0.00941966108068182
3102,Skardu,0.0825235984512382,0.014797830261430405
3103,Skardu,0.11418033126293999,0.015539981197132985
3104,Skardu,0.11164509657393687,0.020099850474992728
3105,Skardu,-0.010065811552691251,0.01022330430900692
3106,Skardu,-0.03194285714285714,0.004992277100893913
3107,Skardu,0.37071437982307553,0.037494999942954535
3108,Skardu,0.12165196687370601,0.019237005554655923
3109,Skardu,0.008217504234895538,0.01020701870709896
3110,Skardu,0.06327945605119518,0.011065579509493327
3111,Skardu,0.01822912720058784,0.013047521280009975
3112,Skardu,-0.03098328941589811,0.0026770842068085834
3113,Skardu,0.04216621315192744,0.014469944766421524
3114,Skardu,0.11873312629399586,0.015571006503865283
3115,Skardu,0.1720910973084886,0.01664617098640892
3116,Skardu,0.20875362318840585,0.024493014258600558
3117,Skardu,0.09400044206365718,0.019406225330096685
3118,Skardu,0.12370496894409934,0.01547374589776495
3119,Skardu,-0.02244460801448379,0.006386226408768778
3120,Skardu,-0.06619517221908526,0.00834326188599388
3121,Skardu,-0.015188904936243504,0.010379341528969055
3122,Skardu,0.06260227743271221,0.014259230301371705
3123,Skardu,0.09188989264936745,0.01666739750111478
3124,Skardu,-0.028087484446104913,0.004485839990076687
3125,Ghanche,-0.0051095775859751015,0.008209460599452075
3126,Ghanche,-0.03139233954451345,0.004407001627479528
3127,Ghanche,-0.024912911725955205,0.015773055754066304
3128,Ghanche,-0.046252653867871266,0.005070163380659116
3129,Ghanche,-0.08077931488801056,0.00511332334434156
3130,Ghanche,0.09770081883609835,0.02388107055642092
3131,Ghanche,-0.03899576655941482,0.00463865859287643
3132,Ghanche,0.07401697722567288,0.013228873520317154
3133,Ghanche,-0.04626625258799172,0.005034965848541604
3134,Ghanche,-0.03776052037679368,0.004521418104289825
3135,Ghanche,0.04393650950498775,0.011056013964224634
3136,Ghanche,-0.02825741241858831,0.0071960459217898405
3137,Ghanche,0.10344446597033287,0.019185333031258786
3138,Ghanche,-0.05075011396126304,0.004872286363109153
3139,Ghanche,0.02492615283267457,0.01581952007313967
3140,Ghanche,-0.035185262115386334,0.0034862237751039724
3141,Ghanche,0.09300600414078676,0.010952413166715153
3142,Ghanche,0.021652638888888888,0.01749646310476759
3143,Ghanche,0.06599347032884302,0.011476171445162636
3144,Ghanche,0.003808945264535326,0.008707428841434195
3145,Ghanche,-0.0014272620563376864,0.010431480104592092
3146,Ghanche,0.09978902691511388,0.018191543085726923
3147,Ghanche,0.06497619047619047,0.008397103052173654
3148,Ghanche,0.07277432712215323,0.014614247312510696
3149,Ghanche,-0.041344475621066724,0.003783874598455136
