point_id,district,modis_current_ndvi
0,Khuzdar,0.2936913043478261
1,Khuzdar,0.3139391304347826
2,Khuzdar,0.2609391304347826
3,Khuzdar,0.16591739130434782
4,Khuzdar,0.21341304347826087
5,Khuzdar,0.3311608695652174
6,Khuzdar,0.34148260869565217
7,Khuzdar,0.22610000000000002
8,Khuzdar,0.2666217391304348
9,Khuzdar,0.26678695652173917
10,Khuzdar,0.27064347826086954
11,Khuzdar,0.1676304347826087
12,Khuzdar,0.23679565217391307
13,Khuzdar,0.17625652173913042
14,Khuzdar,0.17147391304347825
15,Khuzdar,0.3020478260869565
16,Khuzdar,0.20345652173913042
17,Khuzdar,0.2944695652173913
18,Khuzdar,0.15918260869565218
19,Khuzdar,0.24737826086956521
20,Khuzdar,0.19747391304347825
21,Khuzdar,0.3375173913043479
22,Khuzdar,0.3828086956521739
23,Khuzdar,0.28241304347826085
24,Khuzdar,0.1919391304347826
25,Khairpur,0.36053478260869565
26,Khairpur,0.3314130434782609
27,Khairpur,0.4156
28,Khairpur,0.2982565217391305
29,Khairpur,0.39150869565217394
30,Khairpur,0.35451304347826085
31,Khairpur,0.1726434782608696
32,Khairpur,0.2543
33,Khairpur,0.3219782608695652
34,Khairpur,0.2615
35,Khairpur,0.2443304347826087
36,Khairpur,0.5082434782608696
37,Khairpur,0.46103478260869574
38,Khairpur,0.5169826086956523
39,Khairpur,0.37643043478260874
40,Khairpur,0.468
41,Khairpur,0.38270000000000004
42,Khairpur,0.49755652173913045
43,Khairpur,0.3423304347826087
44,Khairpur,0.4196782608695652
45,Khairpur,0.43846521739130434
46,Khairpur,0.3991869565217392
47,Khairpur,0.4428608695652174
48,Khairpur,0.4392434782608696
49,Khairpur,0.5154608695652174
50,Mansehra,0.4656173913043478
51,Mansehra,0.4806826086956522
52,Mansehra,0.49766086956521743
53,Mansehra,0.5243739130434784
54,Mansehra,0.5252086956521739
55,Mansehra,0.3953304347826087
56,Mansehra,0.467104347826087
57,Mansehra,0.5357000000000001
58,Mansehra,0.14276666666666668
59,Mansehra,0.4960086956521739
60,Mansehra,0.48665652173913043
61,Mansehra,0.4085695652173913
62,Mansehra,0.546495652173913
63,Mansehra,0.5099434782608696
64,Mansehra,0.5536217391304348
65,Mansehra,0.45852608695652175
66,Mansehra,0.5146217391304349
67,Mansehra,0.4831608695652174
68,Mansehra,0.47396086956521744
69,Mansehra,0.5073739130434783
70,Mansehra,0.45401304347826094
71,Mansehra,0.4713478260869565
72,Mansehra,0.48715652173913043
73,Mansehra,0.49386956521739134
74,Mansehra,0.4496565217391304
75,Sheikhpura,0.5076913043478262
76,Sheikhpura,0.5152608695652174
77,Sheikhpura,0.3914956521739131
78,Sheikhpura,0.36184782608695654
79,Sheikhpura,0.4839521739130435
80,Sheikhpura,0.4610826086956522
81,Sheikhpura,0.4667217391304348
82,Sheikhpura,0.46664782608695654
83,Sheikhpura,0.4925130434782609
84,Sheikhpura,0.5403434782608696
85,Sheikhpura,0.4992695652173913
86,Sheikhpura,0.5084913043478261
87,Sheikhpura,0.44087391304347834
88,Sheikhpura,0.5208347826086958
89,Sheikhpura,0.4574826086956522
90,Sheikhpura,0.5060869565217391
91,Sheikhpura,0.5063869565217392
92,Sheikhpura,0.4455217391304348
93,Sheikhpura,0.5130956521739131
94,Sheikhpura,0.4690260869565217
95,Sheikhpura,0.4179521739130435
96,Sheikhpura,0.5183304347826088
97,Sheikhpura,0.5002130434782609
98,Sheikhpura,0.4769347826086957
99,Sheikhpura,0.45243478260869574
100,Islamabad Capital Territory,0.493404347826087
101,Islamabad Capital Territory,0.39955217391304354
102,Islamabad Capital Territory,0.445004347826087
103,Islamabad Capital Territory,0.5335347826086957
104,Islamabad Capital Territory,0.3958521739130435
105,Islamabad Capital Territory,0.27942608695652177
106,Islamabad Capital Territory,0.41567391304347834
107,Islamabad Capital Territory,0.33691304347826084
108,Islamabad Capital Territory,0.47189565217391305
109,Islamabad Capital Territory,0.45137826086956523
110,Islamabad Capital Territory,0.5106652173913043
111,Islamabad Capital Territory,0.4448086956521739
112,Islamabad Capital Territory,0.48436956521739133
113,Islamabad Capital Territory,0.44491304347826094
114,Islamabad Capital Territory,0.3430217391304348
115,Islamabad Capital Territory,0.49229130434782614
116,Islamabad Capital Territory,0.4428652173913043
117,Islamabad Capital Territory,0.4471086956521739
118,Islamabad Capital Territory,0.326604347826087
119,Islamabad Capital Territory,0.47472608695652174
120,Islamabad Capital Territory,0.5461608695652175
121,Islamabad Capital Territory,0.4175739130434783
122,Islamabad Capital Territory,0.273
123,Islamabad Capital Territory,0.5060347826086957
124,Islamabad Capital Territory,0.37212173913043484
125,Chagai,0.28412608695652175
126,Chagai,0.17358260869565217
127,Chagai,0.16539565217391305
128,Chagai,0.14272608695652175
129,Chagai,0.2494521739130435
130,Chagai,0.24154347826086955
131,Chagai,0.1899391304347826
132,Chagai,0.24221739130434786
133,Chagai,0.22027391304347826
134,Chagai,0.21648695652173916
135,Chagai,0.13259565217391306
136,Chagai,0.23105652173913047
137,Chagai,0.07911304347826088
138,Chagai,0.20104347826086957
139,Chagai,0.09622608695652174
140,Chagai,0.17882173913043478
141,Chagai,0.17747391304347826
142,Chagai,0.1771391304347826
143,Chagai,0.24079565217391305
144,Chagai,0.17644782608695653
145,Chagai,0.3212478260869565
146,Chagai,0.23022608695652175
147,Chagai,0.21910869565217392
148,Chagai,0.2543913043478261
149,Chagai,0.14104782608695654
150,Nushki,0.1418608695652174
151,Nushki,0.19801304347826088
152,Nushki,0.25295652173913047
153,Nushki,0.13054347826086957
154,Nushki,0.12556521739130436
155,Nushki,0.15990000000000001
156,Nushki,0.1376304347826087
157,Nushki,0.21680869565217392
158,Nushki,0.19005652173913043
159,Nushki,0.12686086956521742
160,Nushki,0.1606608695652174
161,Nushki,0.21391739130434786
162,Nushki,0.18333043478260871
163,Nushki,0.09124347826086956
164,Nushki,0.19072608695652177
165,Nushki,0.10850434782608695
166,Nushki,0.1381608695652174
167,Nushki,0.19501304347826087
168,Nushki,0.15520869565217393
169,Nushki,0.1661
170,Nushki,0.1540521739130435
171,Nushki,0.20431304347826088
172,Nushki,0.16624347826086958
173,Nushki,0.14062608695652176
174,Nushki,0.14230869565217394
175,Qilla Abdullah,0.25511739130434785
176,Qilla Abdullah,0.1769
177,Qilla Abdullah,0.3195652173913044
178,Qilla Abdullah,0.18565217391304348
179,Qilla Abdullah,0.13410434782608696
180,Qilla Abdullah,0.25347391304347827
181,Qilla Abdullah,0.10971304347826089
182,Qilla Abdullah,0.15614347826086958
183,Qilla Abdullah,0.20059565217391306
184,Qilla Abdullah,0.16355652173913043
185,Qilla Abdullah,0.22333478260869566
186,Qilla Abdullah,0.19560434782608696
187,Qilla Abdullah,0.15162608695652174
188,Qilla Abdullah,0.2736913043478261
189,Qilla Abdullah,0.2692695652173913
190,Qilla Abdullah,0.12137391304347826
191,Qilla Abdullah,0.2003
192,Qilla Abdullah,0.08170434782608696
193,Qilla Abdullah,0.15614347826086958
194,Qilla Abdullah,0.14675652173913042
195,Qilla Abdullah,0.13601739130434784
196,Qilla Abdullah,0.15642173913043478
197,Qilla Abdullah,0.25702608695652174
198,Qilla Abdullah,0.37126521739130436
199,Qilla Abdullah,0.2692695652173913
200,Quetta,0.27246521739130436
201,Quetta,0.2747391304347826
202,Quetta,0.1454434782608696
203,Quetta,0.18733043478260872
204,Quetta,0.26961739130434786
205,Quetta,0.20450000000000002
206,Quetta,0.21530000000000002
207,Quetta,0.18786956521739132
208,Quetta,0.2144304347826087
209,Quetta,0.2831608695652174
210,Quetta,0.23422608695652175
211,Quetta,0.33927391304347826
212,Quetta,0.3322478260869565
213,Quetta,0.22738260869565216
214,Quetta,0.25070434782608697
215,Quetta,0.1318217391304348
216,Quetta,0.23669130434782612
217,Quetta,0.22611739130434785
218,Quetta,0.1471913043478261
219,Quetta,0.20434347826086957
220,Quetta,0.25188695652173915
221,Quetta,0.15711304347826088
222,Quetta,0.35458695652173916
223,Quetta,0.18784782608695652
224,Quetta,0.18834347826086958
225,Pishin,0.12904782608695653
226,Pishin,0.08471304347826088
227,Pishin,0.1517391304347826
228,Pishin,0.2539391304347826
229,Pishin,0.22384347826086956
230,Pishin,0.2055608695652174
231,Pishin,0.21106521739130435
232,Pishin,0.20595652173913045
233,Pishin,0.19389565217391305
234,Pishin,0.17584347826086957
235,Pishin,0.19448695652173914
236,Pishin,0.312504347826087
237,Pishin,0.12637391304347825
238,Pishin,0.2207086956521739
239,Pishin,0.19112608695652175
240,Pishin,0.2146608695652174
241,Pishin,0.17959565217391305
242,Pishin,0.19415217391304349
243,Pishin,0.13151304347826087
244,Pishin,0.1514826086956522
245,Pishin,0.1642391304347826
246,Pishin,0.1774826086956522
247,Pishin,0.1141608695652174
248,Pishin,0.19849565217391305
249,Pishin,0.32021304347826085
250,Kharan,0.1769434782608696
251,Kharan,0.08906086956521739
252,Kharan,0.10062608695652174
253,Kharan,0.17274347826086958
254,Kharan,0.17170869565217392
255,Kharan,0.18863478260869565
256,Kharan,0.1920130434782609
257,Kharan,0.09052608695652174
258,Kharan,0.18004347826086958
259,Kharan,0.14316521739130436
260,Kharan,0.16241739130434782
261,Kharan,0.1408608695652174
262,Kharan,0.16552173913043478
263,Kharan,0.16652173913043478
264,Kharan,0.21503478260869566
265,Kharan,0.15136521739130435
266,Kharan,0.21440434782608697
267,Kharan,0.2403391304347826
268,Kharan,0.20278260869565218
269,Kharan,0.18950434782608697
270,Kharan,0.16660434782608696
271,Kharan,0.1670608695652174
272,Kharan,0.17854782608695655
273,Kharan,0.1408608695652174
274,Kharan,0.1849
275,Mastung,0.3461608695652174
276,Mastung,0.1327695652173913
277,Mastung,0.17939130434782607
278,Mastung,0.2014217391304348
279,Mastung,0.20796956521739132
280,Mastung,0.2312782608695652
281,Mastung,0.2352695652173913
282,Mastung,0.20970434782608696
283,Mastung,0.14200000000000002
284,Mastung,0.2560869565217392
285,Mastung,0.15556521739130436
286,Mastung,0.19752608695652177
287,Mastung,0.21994347826086957
288,Mastung,0.22621739130434787
289,Mastung,0.18914347826086958
290,Mastung,0.19278695652173913
291,Mastung,0.1789826086956522
292,Mastung,0.2559130434782609
293,Mastung,0.13451304347826087
294,Mastung,0.18162173913043478
295,Mastung,0.23108695652173916
296,Mastung,0.20222608695652175
297,Mastung,0.2061521739130435
298,Mastung,0.23335652173913046
299,Mastung,0.29143478260869565
300,Ziarat,0.1918
301,Ziarat,0.1918
302,Ziarat,0.2714521739130435
303,Ziarat,0.26327391304347825
304,Ziarat,0.22212173913043481
305,Ziarat,0.21987391304347825
306,Ziarat,0.19996956521739132
307,Ziarat,0.13659130434782607
308,Ziarat,0.26954347826086955
309,Ziarat,0.24194347826086957
310,Ziarat,0.17535217391304347
311,Ziarat,0.22914782608695652
312,Ziarat,0.3267086956521739
313,Ziarat,0.20725652173913045
314,Ziarat,0.2674217391304348
315,Ziarat,0.2263217391304348
316,Ziarat,0.17470000000000002
317,Ziarat,0.22914782608695652
318,Ziarat,0.16160869565217392
319,Ziarat,0.19053478260869566
320,Ziarat,0.14247391304347826
321,Ziarat,0.3215869565217392
322,Ziarat,0.22914782608695652
323,Ziarat,0.12400869565217393
324,Ziarat,0.17293478260869566
325,Qilla Saifullah,0.33214347826086954
326,Qilla Saifullah,0.22029130434782612
327,Qilla Saifullah,0.41951739130434784
328,Qilla Saifullah,0.2408478260869565
329,Qilla Saifullah,0.19528260869565217
330,Qilla Saifullah,0.17835217391304348
331,Qilla Saifullah,0.2830739130434783
332,Qilla Saifullah,0.20968260869565217
333,Qilla Saifullah,0.2652913043478261
334,Qilla Saifullah,0.1678
335,Qilla Saifullah,0.20328695652173914
336,Qilla Saifullah,0.3912260869565218
337,Qilla Saifullah,0.23666086956521742
338,Qilla Saifullah,0.28630869565217393
339,Qilla Saifullah,0.24615652173913047
340,Qilla Saifullah,0.33565217391304353
341,Qilla Saifullah,0.2934608695652174
342,Qilla Saifullah,0.13887826086956523
343,Qilla Saifullah,0.13977826086956524
344,Qilla Saifullah,0.22025652173913046
345,Qilla Saifullah,0.1659608695652174
346,Qilla Saifullah,0.26335652173913043
347,Qilla Saifullah,0.22496521739130437
348,Qilla Saifullah,0.25708260869565214
349,Qilla Saifullah,0.2508521739130435
350,Gwadar,0.2027608695652174
351,Gwadar,-0.07095333333333334
352,Gwadar,0.31472173913043483
353,Gwadar,0.2363391304347826
354,Gwadar,0.2542304347826087
355,Gwadar,0.2377521739130435
356,Gwadar,0.20549130434782611
357,Gwadar,0.44358695652173913
358,Gwadar,0.3683782608695652
359,Gwadar,0.2843434782608696
360,Gwadar,0.33056956521739134
361,Gwadar,0.06428260869565218
362,Gwadar,0.4110782608695652
363,Gwadar,0.44358695652173913
364,Gwadar,0.4891260869565217
365,Gwadar,0.13874782608695654
366,Gwadar,0.2438521739130435
367,Gwadar,0.3683782608695652
368,Gwadar,0.13267391304347825
369,Gwadar,0.24571739130434786
370,Gwadar,0.3071913043478261
371,Gwadar,0.20784347826086957
372,Gwadar,0.23012608695652176
373,Gwadar,0.27314782608695654
374,Gwadar,0.06428260869565218
375,Kech,0.15306956521739132
376,Kech,0.11580434782608695
377,Kech,0.47085652173913045
378,Kech,0.3497608695652174
379,Kech,0.22517826086956522
380,Kech,0.38203043478260873
381,Kech,0.24921304347826087
382,Kech,0.17318695652173913
383,Kech,0.1300826086956522
384,Kech,0.2383
385,Kech,0.3500565217391305
386,Kech,0.39390000000000003
387,Kech,0.2701782608695652
388,Kech,0.22825652173913047
389,Kech,0.4316130434782609
390,Kech,0.12813913043478262
391,Kech,0.28552608695652176
392,Kech,0.33977391304347826
393,Kech,0.2586391304347826
394,Kech,0.2586391304347826
395,Kech,0.25397391304347827
396,Kech,0.1895217391304348
397,Kech,0.31205652173913045
398,Kech,0.10512608695652176
399,Kech,0.3526739130434783
400,Panjgur,0.11039130434782608
401,Panjgur,0.1327608695652174
402,Panjgur,0.18969565217391307
403,Panjgur,0.18232608695652175
404,Panjgur,0.19418260869565218
405,Panjgur,0.14004347826086957
406,Panjgur,0.20814347826086957
407,Panjgur,0.16100869565217393
408,Panjgur,0.10522608695652175
409,Panjgur,0.10770869565217393
410,Panjgur,0.09791739130434783
411,Panjgur,0.13833478260869567
412,Panjgur,0.14506521739130435
413,Panjgur,0.1672695652173913
414,Panjgur,0.22562173913043482
415,Panjgur,0.12087826086956523
416,Panjgur,0.1368608695652174
417,Panjgur,0.11290869565217393
418,Panjgur,0.15743478260869564
419,Panjgur,0.11379565217391306
420,Panjgur,0.17858260869565218
421,Panjgur,0.2046521739130435
422,Panjgur,0.16256521739130436
423,Panjgur,0.13555217391304347
424,Panjgur,0.10607391304347825
425,Zhob,0.28930869565217393
426,Zhob,0.16219565217391305
427,Zhob,0.33354782608695654
428,Zhob,0.18015652173913044
429,Zhob,0.2729782608695652
430,Zhob,0.23732608695652177
431,Zhob,0.2837869565217392
432,Zhob,0.30157391304347825
433,Zhob,0.3077304347826087
434,Zhob,0.3629608695652174
435,Zhob,0.2843652173913044
436,Zhob,0.18362173913043478
437,Zhob,0.30418260869565217
438,Zhob,0.19477826086956523
439,Zhob,0.1889
440,Zhob,0.24180000000000001
441,Zhob,0.1382608695652174
442,Zhob,0.34658260869565216
443,Zhob,0.2986086956521739
444,Zhob,0.3291782608695652
445,Zhob,0.31378695652173916
446,Zhob,0.3079217391304348
447,Zhob,0.17278695652173914
448,Zhob,0.18175652173913043
449,Zhob,0.2850913043478261
450,Musakhel,0.25288695652173915
451,Musakhel,0.331
452,Musakhel,0.27929565217391306
453,Musakhel,0.3249391304347826
454,Musakhel,0.3142739130434783
455,Musakhel,0.24976956521739133
456,Musakhel,0.341804347826087
457,Musakhel,0.22746521739130435
458,Musakhel,0.3239130434782609
459,Musakhel,0.3399521739130435
460,Musakhel,0.2396782608695652
461,Musakhel,0.20367391304347826
462,Musakhel,0.30726521739130436
463,Musakhel,0.25500869565217393
464,Musakhel,0.3028608695652174
465,Musakhel,0.29308695652173916
466,Musakhel,0.28474782608695653
467,Musakhel,0.30828260869565216
468,Musakhel,0.31345652173913047
469,Musakhel,0.26199130434782614
470,Musakhel,0.29252173913043483
471,Musakhel,0.3352391304347826
472,Musakhel,0.34891304347826085
473,Musakhel,0.33681739130434785
474,Musakhel,0.21737391304347825
475,Loralai,0.3237434782608696
476,Loralai,0.3529521739130435
477,Loralai,0.22741304347826086
478,Loralai,0.3038130434782609
479,Loralai,0.2661826086956522
480,Loralai,0.262204347826087
481,Loralai,0.39983913043478264
482,Loralai,0.37390869565217394
483,Loralai,0.2659739130434783
484,Loralai,0.2433913043478261
485,Loralai,0.30085652173913047
486,Loralai,0.32651739130434787
487,Loralai,0.22585217391304352
488,Loralai,0.2831391304347826
489,Loralai,0.39581739130434784
490,Loralai,0.30163913043478263
491,Loralai,0.28531739130434786
492,Loralai,0.3462130434782609
493,Loralai,0.18488695652173914
494,Loralai,0.249
495,Loralai,0.2601478260869565
496,Loralai,0.24154782608695652
497,Loralai,0.3589391304347826
498,Loralai,0.2340478260869565
499,Loralai,0.35708260869565217
500,Sibi,0.21114347826086957
501,Sibi,0.3930608695652174
502,Sibi,0.22551304347826087
503,Sibi,0.23170869565217392
504,Sibi,0.2146478260869565
505,Sibi,0.20034782608695653
506,Sibi,0.22683478260869566
507,Sibi,0.39411304347826087
508,Sibi,0.27789565217391304
509,Sibi,0.3701478260869565
510,Sibi,0.4002652173913044
511,Sibi,0.33583913043478264
512,Sibi,0.2303521739130435
513,Sibi,0.24593478260869567
514,Sibi,0.2105521739130435
515,Sibi,0.28800000000000003
516,Sibi,0.20237391304347827
517,Sibi,0.2499086956521739
518,Sibi,0.1917826086956522
519,Sibi,0.23038695652173916
520,Sibi,0.2842521739130435
521,Sibi,0.21460434782608695
522,Sibi,0.27267391304347827
523,Sibi,0.26119565217391305
524,Sibi,0.20270000000000002
525,Barkhan,0.3166826086956522
526,Barkhan,0.3093
527,Barkhan,0.31574347826086957
528,Barkhan,0.34171739130434786
529,Barkhan,0.34575652173913046
530,Barkhan,0.3510086956521739
531,Barkhan,0.33271739130434785
532,Barkhan,0.4101565217391304
533,Barkhan,0.3482826086956522
534,Barkhan,0.4437913043478261
535,Barkhan,0.3152739130434783
536,Barkhan,0.32452608695652174
537,Barkhan,0.27081304347826085
538,Barkhan,0.3484434782608696
539,Barkhan,0.2199695652173913
540,Barkhan,0.2701608695652174
541,Barkhan,0.3457826086956522
542,Barkhan,0.3424478260869565
543,Barkhan,0.33630000000000004
544,Barkhan,0.3595478260869565
545,Barkhan,0.3797956521739131
546,Barkhan,0.37291739130434787
547,Barkhan,0.32782608695652177
548,Barkhan,0.30894347826086954
549,Barkhan,0.2822391304347826
550,Kohlu,0.31413913043478264
551,Kohlu,0.2029
552,Kohlu,0.29876956521739134
553,Kohlu,0.43618260869565223
554,Kohlu,0.26158695652173913
555,Kohlu,0.2687652173913044
556,Kohlu,0.22118260869565215
557,Kohlu,0.45703478260869573
558,Kohlu,0.39761739130434787
559,Kohlu,0.29070434782608695
560,Kohlu,0.2438695652173913
561,Kohlu,0.2926608695652174
562,Kohlu,0.2456913043478261
563,Kohlu,0.3183
564,Kohlu,0.17329130434782608
565,Kohlu,0.2098304347826087
566,Kohlu,0.2668478260869565
567,Kohlu,0.3069
568,Kohlu,0.314
569,Kohlu,0.3308521739130435
570,Kohlu,0.24706956521739132
571,Kohlu,0.19006956521739132
572,Kohlu,0.28927391304347827
573,Kohlu,0.316704347826087
574,Kohlu,0.44753043478260873
575,Dera Bugti,0.24682173913043481
576,Dera Bugti,0.31173478260869564
577,Dera Bugti,0.346804347826087
578,Dera Bugti,0.4138782608695652
579,Dera Bugti,0.2735130434782609
580,Dera Bugti,0.20401304347826088
581,Dera Bugti,0.30064347826086957
582,Dera Bugti,0.3911869565217392
583,Dera Bugti,0.3454086956521739
584,Dera Bugti,0.3531782608695652
585,Dera Bugti,0.2613086956521739
586,Dera Bugti,0.30462608695652177
587,Dera Bugti,0.4130478260869565
588,Dera Bugti,0.2677695652173913
589,Dera Bugti,0.38821304347826086
590,Dera Bugti,0.1729521739130435
591,Dera Bugti,0.19850869565217394
592,Dera Bugti,0.33821739130434786
593,Dera Bugti,0.19735652173913043
594,Dera Bugti,0.29711304347826084
595,Dera Bugti,0.19589565217391305
596,Dera Bugti,0.40921739130434787
597,Dera Bugti,0.4039739130434783
598,Dera Bugti,0.40923478260869567
599,Dera Bugti,0.3180826086956522
600,Kalat,0.18938695652173915
601,Kalat,0.14869130434782607
602,Kalat,0.1085
603,Kalat,0.22991739130434785
604,Kalat,0.18212608695652177
605,Kalat,0.20036521739130436
606,Kalat,0.13923478260869565
607,Kalat,0.2018826086956522
608,Kalat,0.17173913043478262
609,Kalat,0.1481695652173913
610,Kalat,0.15977391304347827
611,Kalat,0.25727391304347824
612,Kalat,0.17246956521739132
613,Kalat,0.11873913043478261
614,Kalat,0.17652608695652175
615,Kalat,0.1640304347826087
616,Kalat,0.18247391304347826
617,Kalat,0.1855521739130435
618,Kalat,0.2939217391304348
619,Kalat,0.2226913043478261
620,Kalat,0.20020000000000002
621,Kalat,0.22229565217391306
622,Kalat,0.17171739130434782
623,Kalat,0.19713913043478262
624,Kalat,0.20421304347826089
625,Jafarabad,0.37610000000000005
626,Jafarabad,0.2743521739130435
627,Jafarabad,0.21381304347826086
628,Jafarabad,0.4130347826086957
629,Jafarabad,0.31139130434782614
630,Jafarabad,0.24023913043478262
631,Jafarabad,0.2860956521739131
632,Jafarabad,0.2523913043478261
633,Jafarabad,0.29591739130434785
634,Jafarabad,0.37748260869565214
635,Jafarabad,0.19996666666666668
636,Jafarabad,0.39729565217391305
637,Jafarabad,0.2967478260869565
638,Jafarabad,0.16680526315789473
639,Jafarabad,0.3964565217391305
640,Jafarabad,0.14121764705882353
641,Jafarabad,0.3032782608695652
642,Jafarabad,0.15342380952380952
643,Jafarabad,0.38004782608695653
644,Jafarabad,0.2658521739130435
645,Jafarabad,0.28042173913043483
646,Jafarabad,0.2205
647,Jafarabad,0.32548260869565215
648,Jafarabad,0.15805
649,Jafarabad,0.3027565217391305
650,Nasirabad,0.24780869565217392
651,Nasirabad,0.16631304347826087
652,Nasirabad,0.38670000000000004
653,Nasirabad,0.19813913043478262
654,Nasirabad,0.2187391304347826
655,Nasirabad,0.3336
656,Nasirabad,0.4223217391304348
657,Nasirabad,0.38073913043478264
658,Nasirabad,0.2898521739130435
659,Nasirabad,0.27946521739130437
660,Nasirabad,0.2206695652173913
661,Nasirabad,0.3742086956521739
662,Nasirabad,0.45658695652173914
663,Nasirabad,0.2358913043478261
664,Nasirabad,0.2802913043478261
665,Nasirabad,0.41264782608695655
666,Nasirabad,0.34875652173913047
667,Nasirabad,0.38353043478260873
668,Nasirabad,0.40283913043478264
669,Nasirabad,0.4649913043478261
670,Nasirabad,0.35500000000000004
671,Nasirabad,0.2827130434782609
672,Nasirabad,0.38053043478260873
673,Nasirabad,0.3460173913043479
674,Nasirabad,0.3770913043478261
675,Jhal Magsi,0.2951173913043479
676,Jhal Magsi,0.2919826086956522
677,Jhal Magsi,0.2563782608695652
678,Jhal Magsi,0.24956086956521742
679,Jhal Magsi,0.3405304347826087
680,Jhal Magsi,0.3153391304347826
681,Jhal Magsi,0.31799130434782613
682,Jhal Magsi,0.27000434782608695
683,Jhal Magsi,0.31328260869565216
684,Jhal Magsi,0.25900869565217394
685,Jhal Magsi,0.2790782608695652
686,Jhal Magsi,0.32998260869565216
687,Jhal Magsi,0.2484086956521739
688,Jhal Magsi,0.2265521739130435
689,Jhal Magsi,0.3484521739130435
690,Jhal Magsi,0.23985652173913047
691,Jhal Magsi,0.37570000000000003
692,Jhal Magsi,0.2767521739130435
693,Jhal Magsi,0.32527391304347825
694,Jhal Magsi,0.2893521739130435
695,Jhal Magsi,0.2957739130434783
696,Jhal Magsi,0.1911409090909091
697,Jhal Magsi,0.2861
698,Jhal Magsi,0.24129565217391305
699,Jhal Magsi,0.32000434782608694
700,Kachhi,0.2717782608695652
701,Kachhi,0.26435652173913043
702,Kachhi,0.31471304347826085
703,Kachhi,0.30828260869565216
704,Kachhi,0.19806521739130437
705,Kachhi,0.18863478260869565
706,Kachhi,0.24050000000000002
707,Kachhi,0.1693
708,Kachhi,0.1950913043478261
709,Kachhi,0.24972608695652176
710,Kachhi,0.21123478260869566
711,Kachhi,0.2775913043478261
712,Kachhi,0.27036086956521743
713,Kachhi,0.23211739130434786
714,Kachhi,0.24439565217391307
715,Kachhi,0.23970869565217393
716,Kachhi,0.25448695652173914
717,Kachhi,0.25243043478260874
718,Kachhi,0.16039130434782609
719,Kachhi,0.2565869565217392
720,Kachhi,0.23221304347826086
721,Kachhi,0.24440434782608697
722,Kachhi,0.24343478260869567
723,Kachhi,0.24392608695652176
724,Kachhi,0.24337391304347827
725,Awaran,0.20574782608695652
726,Awaran,0.2300391304347826
727,Awaran,0.23020000000000002
728,Awaran,0.2821347826086957
729,Awaran,0.2058782608695652
730,Awaran,0.09656521739130436
731,Awaran,0.21130434782608695
732,Awaran,0.24509565217391305
733,Awaran,0.2018913043478261
734,Awaran,0.16519130434782608
735,Awaran,0.2603086956521739
736,Awaran,0.20223478260869565
737,Awaran,0.21799565217391306
738,Awaran,0.24146521739130436
739,Awaran,0.1814304347826087
740,Awaran,0.20773043478260872
741,Awaran,0.20722173913043482
742,Awaran,0.21123478260869566
743,Awaran,0.10350000000000001
744,Awaran,0.1474826086956522
745,Awaran,0.19088695652173915
746,Awaran,0.16500869565217394
747,Awaran,0.1628130434782609
748,Awaran,0.1348608695652174
749,Awaran,0.23902608695652175
750,Lasbela,0.32530000000000003
751,Lasbela,0.45209130434782613
752,Lasbela,0.290504347826087
753,Lasbela,0.1678826086956522
754,Lasbela,0.4391652173913043
755,Lasbela,0.41145652173913044
756,Lasbela,0.3102782608695652
757,Lasbela,0.4345913043478261
758,Lasbela,0.1965304347826087
759,Lasbela,0.14928695652173912
760,Lasbela,0.33865217391304353
761,Lasbela,0.29380434782608694
762,Lasbela,0.3442782608695652
763,Lasbela,0.46277826086956525
764,Lasbela,0.2842217391304348
765,Lasbela,0.4128130434782609
766,Lasbela,0.37707391304347826
767,Lasbela,0.1737217391304348
768,Lasbela,0.32856521739130434
769,Lasbela,0.24748260869565217
770,Lasbela,0.32023913043478264
771,Lasbela,0.30938260869565215
772,Lasbela,0.32455217391304353
773,Lasbela,0.2548086956521739
774,Lasbela,0.3298913043478261
775,Karachi,0.40309130434782614
776,Karachi,0.2520695652173913
777,Karachi,0.2913826086956522
778,Karachi,0.2694391304347826
779,Karachi,0.4143913043478261
780,Karachi,0.24544347826086957
781,Karachi,0.31016086956521743
782,Karachi,0.313004347826087
783,Karachi,0.31359565217391305
784,Karachi,0.36556086956521744
785,Karachi,0.29184782608695653
786,Karachi,0.24139565217391307
787,Karachi,0.34114347826086955
788,Karachi,0.3222434782608696
789,Karachi,0.26205652173913047
790,Karachi,0.27867391304347827
791,Karachi,0.31147391304347827
792,Karachi,0.4215478260869565
793,Karachi,0.3244086956521739
794,Karachi,0.32987391304347824
795,Karachi,0.20602608695652175
796,Karachi,0.3090260869565218
797,Karachi,0.26833913043478264
798,Karachi,0.3309347826086957
799,Karachi,0.34235652173913045
800,Thatta,0.31807391304347826
801,Thatta,0.34017391304347827
802,Thatta,0.31190869565217394
803,Thatta,0.2627086956521739
804,Thatta,0.31801304347826087
805,Thatta,0.32769565217391305
806,Thatta,0.41068695652173914
807,Thatta,0.31445652173913047
808,Thatta,0.2902608695652174
809,Thatta,0.29007826086956523
810,Thatta,0.31370434782608697
811,Thatta,0.34691739130434784
812,Thatta,0.28619130434782614
813,Thatta,0.35534782608695653
814,Thatta,0.2760130434782609
815,Thatta,0.25776086956521743
816,Thatta,0.35810000000000003
817,Thatta,0.21839565217391305
818,Thatta,0.2789304347826087
819,Thatta,0.3655521739130435
820,Thatta,0.21299565217391306
821,Thatta,0.44054782608695653
822,Thatta,0.3161
823,Thatta,0.22167391304347825
824,Thatta,0.35864347826086956
825,Tharparkar,0.22235217391304352
826,Tharparkar,0.23067826086956522
827,Tharparkar,0.23202608695652177
828,Tharparkar,0.2531434782608696
829,Tharparkar,0.26125652173913044
830,Tharparkar,0.22995652173913045
831,Tharparkar,0.24196086956521742
832,Tharparkar,0.2050695652173913
833,Tharparkar,0.2095608695652174
834,Tharparkar,0.20260434782608697
835,Tharparkar,0.22519565217391305
836,Tharparkar,0.2464782608695652
837,Tharparkar,0.30270434782608696
838,Tharparkar,0.2989434782608696
839,Tharparkar,0.21899565217391306
840,Tharparkar,0.26055652173913046
841,Tharparkar,0.2539217391304348
842,Tharparkar,0.22546521739130437
843,Tharparkar,0.2046130434782609
844,Tharparkar,0.34715217391304354
845,Tharparkar,0.2581913043478261
846,Tharparkar,0.2684739130434783
847,Tharparkar,0.20223478260869565
848,Tharparkar,0.1933304347826087
849,Tharparkar,0.22618695652173915
850,Umerkot,0.24329565217391305
851,Umerkot,0.4410521739130435
852,Umerkot,0.3995782608695652
853,Umerkot,0.34088695652173917
854,Umerkot,0.4090608695652174
855,Umerkot,0.3404565217391305
856,Umerkot,0.31515652173913045
857,Umerkot,0.3772956521739131
858,Umerkot,0.21163478260869567
859,Umerkot,0.36233043478260873
860,Umerkot,0.28
861,Umerkot,0.41422608695652174
862,Umerkot,0.3136434782608696
863,Umerkot,0.37747391304347827
864,Umerkot,0.35802608695652177
865,Umerkot,0.3445521739130435
866,Umerkot,0.3533782608695652
867,Umerkot,0.32960869565217393
868,Umerkot,0.2651695652173913
869,Umerkot,0.36113913043478263
870,Umerkot,0.36474347826086956
871,Umerkot,0.35624347826086955
872,Umerkot,0.3279608695652174
873,Umerkot,0.422104347826087
874,Umerkot,0.410195652173913
875,Jamshoro,0.1739521739130435
876,Jamshoro,0.23793043478260872
877,Jamshoro,0.29949565217391305
878,Jamshoro,0.27104347826086955
879,Jamshoro,0.34200434782608696
880,Jamshoro,0.25061304347826086
881,Jamshoro,0.3377391304347826
882,Jamshoro,0.43039130434782613
883,Jamshoro,0.31636521739130435
884,Jamshoro,0.25698695652173914
885,Jamshoro,0.2879695652173913
886,Jamshoro,0.4171826086956522
887,Jamshoro,0.19679565217391307
888,Jamshoro,0.35668695652173915
889,Jamshoro,0.3235913043478261
890,Jamshoro,0.3218695652173913
891,Jamshoro,0.21182608695652175
892,Jamshoro,0.43654347826086964
893,Jamshoro,0.33388260869565217
894,Jamshoro,0.22267391304347825
895,Jamshoro,0.21166521739130437
896,Jamshoro,0.2400695652173913
897,Jamshoro,0.24266521739130437
898,Jamshoro,0.23473913043478262
899,Jamshoro,0.33639565217391304
900,Dadu,0.4215260869565217
901,Dadu,0.37811304347826086
902,Dadu,0.25501304347826087
903,Dadu,0.3596173913043479
904,Dadu,0.3157565217391305
905,Dadu,0.2500391304347826
906,Dadu,0.43538695652173914
907,Dadu,0.4319434782608696
908,Dadu,0.21465652173913047
909,Dadu,0.3223347826086957
910,Dadu,0.1898
911,Dadu,0.12719130434782608
912,Dadu,0.4152217391304348
913,Dadu,0.4315521739130435
914,Dadu,0.16446521739130435
915,Dadu,0.34364347826086955
916,Dadu,0.1995304347826087
917,Dadu,0.25174347826086957
918,Dadu,0.36956500000000003
919,Dadu,0.3712086956521739
920,Dadu,0.2001105263157895
921,Dadu,0.27892173913043483
922,Dadu,0.1942913043478261
923,Dadu,0.4367521739130435
924,Dadu,0.4542869565217391
925,Tando Muhammad Khan,0.3776434782608696
926,Tando Muhammad Khan,0.4230913043478261
927,Tando Muhammad Khan,0.39656956521739134
928,Tando Muhammad Khan,0.3797913043478261
929,Tando Muhammad Khan,0.3581565217391305
930,Tando Muhammad Khan,0.31921739130434784
931,Tando Muhammad Khan,0.27898695652173916
932,Tando Muhammad Khan,0.2990478260869565
933,Tando Muhammad Khan,0.4022869565217392
934,Tando Muhammad Khan,0.44115652173913045
935,Tando Muhammad Khan,0.3284521739130435
936,Tando Muhammad Khan,0.3274478260869565
937,Tando Muhammad Khan,0.2981956521739131
938,Tando Muhammad Khan,0.3558913043478261
939,Tando Muhammad Khan,0.26913478260869567
940,Tando Muhammad Khan,0.34650434782608697
941,Tando Muhammad Khan,0.3569652173913044
942,Tando Muhammad Khan,0.3916260869565218
943,Tando Muhammad Khan,0.37559565217391305
944,Tando Muhammad Khan,0.3358695652173913
945,Tando Muhammad Khan,0.2728260869565218
946,Tando Muhammad Khan,0.39914782608695654
947,Tando Muhammad Khan,0.3394304347826087
948,Tando Muhammad Khan,0.36178695652173914
949,Tando Muhammad Khan,0.34618260869565215
950,Hyderabad,0.5248260869565218
951,Hyderabad,0.4486
952,Hyderabad,0.4740217391304348
953,Hyderabad,0.41426956521739133
954,Hyderabad,0.5796956521739131
955,Hyderabad,0.4077
956,Hyderabad,0.31138695652173914
957,Hyderabad,0.36703913043478265
958,Hyderabad,0.4688478260869565
959,Hyderabad,0.3728391304347826
960,Hyderabad,0.33502608695652175
961,Hyderabad,0.43760000000000004
962,Hyderabad,0.28364347826086955
963,Hyderabad,0.2626695652173913
964,Hyderabad,0.5230739130434783
965,Hyderabad,0.49982608695652175
966,Hyderabad,0.28750000000000003
967,Hyderabad,0.5632347826086957
968,Hyderabad,0.5378608695652174
969,Hyderabad,0.5562
970,Hyderabad,0.23597826086956522
971,Hyderabad,0.4472739130434783
972,Hyderabad,0.5116217391304348
973,Hyderabad,0.5091391304347826
974,Hyderabad,0.4170304347826087
975,Tando Allahyar,0.46886086956521744
976,Tando Allahyar,0.48929130434782614
977,Tando Allahyar,0.30114347826086957
978,Tando Allahyar,0.30562608695652177
979,Tando Allahyar,0.4899347826086957
980,Tando Allahyar,0.38705652173913047
981,Tando Allahyar,0.48783043478260874
982,Tando Allahyar,0.4003434782608696
983,Tando Allahyar,0.3427695652173913
984,Tando Allahyar,0.5146304347826087
985,Tando Allahyar,0.45180000000000003
986,Tando Allahyar,0.4213826086956522
987,Tando Allahyar,0.3133782608695652
988,Tando Allahyar,0.48703913043478264
989,Tando Allahyar,0.4826652173913043
990,Tando Allahyar,0.3193217391304348
991,Tando Allahyar,0.34669130434782613
992,Tando Allahyar,0.17485652173913044
993,Tando Allahyar,0.3309478260869565
994,Tando Allahyar,0.36476956521739134
995,Tando Allahyar,0.5263521739130436
996,Tando Allahyar,0.36534347826086955
997,Tando Allahyar,0.33618260869565214
998,Tando Allahyar,0.45882173913043484
999,Tando Allahyar,0.3250608695652174
1000,Badin,0.3509478260869565
1001,Badin,0.36838260869565215
1002,Badin,0.3064782608695652
1003,Badin,0.2949652173913044
1004,Badin,0.3165652173913044
1005,Badin,0.38952608695652174
1006,Badin,0.37820000000000004
1007,Badin,0.4024695652173913
1008,Badin,0.32948695652173915
1009,Badin,0.33052608695652175
1010,Badin,0.4091347826086957
1011,Badin,0.34386086956521744
1012,Badin,0.3458608695652174
1013,Badin,0.1948130434782609
1014,Badin,0.329204347826087
1015,Badin,0.34154347826086956
1016,Badin,0.4017782608695652
1017,Badin,0.35580869565217393
1018,Badin,0.3227695652173913
1019,Badin,0.3944086956521739
1020,Badin,0.3178956521739131
1021,Badin,0.3910217391304348
1022,Badin,0.2843652173913044
1023,Badin,0.3138173913043479
1024,Badin,0.3651304347826087
1025,Mirpurkhas,0.3584695652173913
1026,Mirpurkhas,0.25973478260869565
1027,Mirpurkhas,0.3229565217391305
1028,Mirpurkhas,0.40404347826086956
1029,Mirpurkhas,0.20957391304347825
1030,Mirpurkhas,0.38496956521739134
1031,Mirpurkhas,0.4337695652173913
1032,Mirpurkhas,0.35408695652173916
1033,Mirpurkhas,0.29734347826086954
1034,Mirpurkhas,0.27291304347826084
1035,Mirpurkhas,0.3971826086956522
1036,Mirpurkhas,0.39865652173913046
1037,Mirpurkhas,0.24330000000000002
1038,Mirpurkhas,0.3784608695652174
1039,Mirpurkhas,0.3413652173913044
1040,Mirpurkhas,0.471295652173913
1041,Mirpurkhas,0.3630652173913044
1042,Mirpurkhas,0.29053478260869564
1043,Mirpurkhas,0.4480347826086957
1044,Mirpurkhas,0.335304347826087
1045,Mirpurkhas,0.3535913043478261
1046,Mirpurkhas,0.38554782608695654
1047,Mirpurkhas,0.3510173913043479
1048,Mirpurkhas,0.40274782608695653
1049,Mirpurkhas,0.3253913043478261
1050,Matiari,0.1973826086956522
1051,Matiari,0.5210391304347827
1052,Matiari,0.4738913043478261
1053,Matiari,0.5259782608695652
1054,Matiari,0.4914521739130435
1055,Matiari,0.45117826086956525
1056,Matiari,0.5678130434782609
1057,Matiari,0.5329304347826087
1058,Matiari,0.4626434782608696
1059,Matiari,0.29102608695652177
1060,Matiari,0.5026086956521739
1061,Matiari,0.3380782608695652
1062,Matiari,0.49918260869565223
1063,Matiari,0.20508260869565217
1064,Matiari,0.26634347826086957
1065,Matiari,0.41592173913043484
1066,Matiari,0.28292608695652177
1067,Matiari,0.5139043478260871
1068,Matiari,0.1788304347826087
1069,Matiari,0.5482478260869565
1070,Matiari,0.4210304347826087
1071,Matiari,0.19855652173913044
1072,Matiari,0.486795652173913
1073,Matiari,0.3319217391304348
1074,Matiari,0.43410000000000004
1075,Nawabshah,0.5311739130434783
1076,Nawabshah,0.4845869565217391
1077,Nawabshah,0.3221695652173913
1078,Nawabshah,0.40098695652173916
1079,Nawabshah,0.46261304347826093
1080,Nawabshah,0.28152608695652176
1081,Nawabshah,0.33064782608695653
1082,Nawabshah,0.40139565217391304
1083,Nawabshah,0.43873913043478263
1084,Nawabshah,0.2798826086956522
1085,Nawabshah,0.6083086956521739
1086,Nawabshah,0.4174695652173913
1087,Nawabshah,0.4484608695652174
1088,Nawabshah,0.4522086956521739
1089,Nawabshah,0.4825478260869565
1090,Nawabshah,0.35256521739130436
1091,Nawabshah,0.3257913043478261
1092,Nawabshah,0.26617391304347826
1093,Nawabshah,0.24873478260869566
1094,Nawabshah,0.3290608695652174
1095,Nawabshah,0.1866304347826087
1096,Nawabshah,0.5342043478260871
1097,Nawabshah,0.28110434782608695
1098,Nawabshah,0.43583043478260874
1099,Nawabshah,0.4653695652173913
1100,Sanghar,0.29257826086956523
1101,Sanghar,0.4656434782608696
1102,Sanghar,0.28393913043478264
1103,Sanghar,0.4874869565217391
1104,Sanghar,0.3761260869565218
1105,Sanghar,0.33455217391304354
1106,Sanghar,0.4563521739130435
1107,Sanghar,0.4809304347826087
1108,Sanghar,0.4271130434782609
1109,Sanghar,0.509308695652174
1110,Sanghar,0.45462608695652174
1111,Sanghar,0.4705217391304348
1112,Sanghar,0.4508130434782609
1113,Sanghar,0.4382913043478261
1114,Sanghar,0.44700869565217394
1115,Sanghar,0.3205608695652174
1116,Sanghar,0.35124347826086955
1117,Sanghar,0.5053434782608697
1118,Sanghar,0.29104347826086957
1119,Sanghar,0.3062391304347826
1120,Sanghar,0.46374347826086965
1121,Sanghar,0.45102608695652174
1122,Sanghar,0.5042347826086957
1123,Sanghar,0.4234913043478261
1124,Sanghar,0.5304608695652174
1125,Naushehro Feroze,0.4278434782608696
1126,Naushehro Feroze,0.31276521739130436
1127,Naushehro Feroze,0.1781826086956522
1128,Naushehro Feroze,0.3742521739130435
1129,Naushehro Feroze,0.48971304347826095
1130,Naushehro Feroze,0.36834347826086955
1131,Naushehro Feroze,0.5173217391304348
1132,Naushehro Feroze,0.4596739130434783
1133,Naushehro Feroze,0.38621739130434785
1134,Naushehro Feroze,0.4081739130434783
1135,Naushehro Feroze,0.5168434782608696
1136,Naushehro Feroze,0.48052173913043483
1137,Naushehro Feroze,0.2603217391304348
1138,Naushehro Feroze,0.42806086956521744
1139,Naushehro Feroze,0.48203913043478264
1140,Naushehro Feroze,0.3238913043478261
1141,Naushehro Feroze,0.4418260869565217
1142,Naushehro Feroze,0.43533478260869574
1143,Naushehro Feroze,0.49879130434782615
1144,Naushehro Feroze,0.12561363636363637
1145,Naushehro Feroze,0.46099565217391303
1146,Naushehro Feroze,0.4211304347826087
1147,Naushehro Feroze,0.3630086956521739
1148,Naushehro Feroze,0.29374347826086955
1149,Naushehro Feroze,0.5022782608695652
1150,Qambar Shahdadkot,0.4041739130434783
1151,Qambar Shahdadkot,0.4107217391304348
1152,Qambar Shahdadkot,0.32358260869565214
1153,Qambar Shahdadkot,0.3073217391304348
1154,Qambar Shahdadkot,0.40637826086956524
1155,Qambar Shahdadkot,0.2985086956521739
1156,Qambar Shahdadkot,0.40652608695652176
1157,Qambar Shahdadkot,0.40823478260869567
1158,Qambar Shahdadkot,0.29241739130434785
1159,Qambar Shahdadkot,0.27914782608695654
1160,Qambar Shahdadkot,0.3262913043478261
1161,Qambar Shahdadkot,0.41540434782608704
1162,Qambar Shahdadkot,0.2945695652173913
1163,Qambar Shahdadkot,0.27790476190476193
1164,Qambar Shahdadkot,0.31603478260869566
1165,Qambar Shahdadkot,0.3750652173913044
1166,Qambar Shahdadkot,0.33563043478260873
1167,Qambar Shahdadkot,0.3252521739130435
1168,Qambar Shahdadkot,0.39021739130434785
1169,Qambar Shahdadkot,0.4403782608695652
1170,Qambar Shahdadkot,0.3713391304347826
1171,Qambar Shahdadkot,0.2805086956521739
1172,Qambar Shahdadkot,0.38980000000000004
1173,Qambar Shahdadkot,0.4252086956521739
1174,Qambar Shahdadkot,0.37083043478260874
1175,Jacobabad,0.31346521739130434
1176,Jacobabad,0.23600526315789477
1177,Jacobabad,0.332704347826087
1178,Jacobabad,0.3665304347826087
1179,Jacobabad,0.16037391304347826
1180,Jacobabad,0.3246782608695652
1181,Jacobabad,0.37369565217391304
1182,Jacobabad,0.31324347826086957
1183,Jacobabad,0.38526521739130437
1184,Jacobabad,0.32173478260869565
1185,Jacobabad,0.20158636363636365
1186,Jacobabad,0.28191304347826085
1187,Jacobabad,0.37690869565217394
1188,Jacobabad,0.35176521739130434
1189,Jacobabad,0.41076521739130434
1190,Jacobabad,0.4139347826086957
1191,Jacobabad,0.2909695652173913
1192,Jacobabad,0.36018695652173915
1193,Jacobabad,0.3214086956521739
1194,Jacobabad,0.38427826086956524
1195,Jacobabad,0.36570434782608696
1196,Jacobabad,0.35271739130434787
1197,Jacobabad,0.40387391304347825
1198,Jacobabad,0.4321347826086957
1199,Jacobabad,0.22622608695652177
1200,Shikarpur,0.43770000000000003
1201,Shikarpur,0.3776478260869565
1202,Shikarpur,0.2702
1203,Shikarpur,0.398204347826087
1204,Shikarpur,0.3220217391304348
1205,Shikarpur,0.1771090909090909
1206,Shikarpur,0.3574869565217392
1207,Shikarpur,0.43825652173913043
1208,Shikarpur,0.4108
1209,Shikarpur,0.47011304347826094
1210,Shikarpur,0.23973478260869566
1211,Shikarpur,0.044830434782608695
1212,Shikarpur,0.13857391304347827
1213,Shikarpur,0.429495652173913
1214,Shikarpur,0.32927391304347825
1215,Shikarpur,0.44112173913043484
1216,Shikarpur,0.29770434782608696
1217,Shikarpur,0.3428434782608696
1218,Shikarpur,0.3300347826086957
1219,Shikarpur,0.3732478260869565
1220,Shikarpur,0.3618608695652174
1221,Shikarpur,0.3254608695652174
1222,Shikarpur,0.35580869565217393
1223,Shikarpur,0.3317304347826087
1224,Shikarpur,0.43182608695652175
1225,Ghotki,0.37132608695652175
1226,Ghotki,0.4443434782608696
1227,Ghotki,0.35042173913043484
1228,Ghotki,0.45872608695652173
1229,Ghotki,0.5058782608695652
1230,Ghotki,0.41178695652173913
1231,Ghotki,0.4563869565217391
1232,Ghotki,0.31667391304347825
1233,Ghotki,0.3599478260869565
1234,Ghotki,0.5185913043478261
1235,Ghotki,0.32046521739130435
1236,Ghotki,0.4070695652173913
1237,Ghotki,0.2780086956521739
1238,Ghotki,0.35058260869565216
1239,Ghotki,0.4181565217391304
1240,Ghotki,0.4978608695652174
1241,Ghotki,0.4684347826086957
1242,Ghotki,0.407304347826087
1243,Ghotki,0.34091739130434784
1244,Ghotki,0.49007826086956524
1245,Ghotki,0.40058260869565215
1246,Ghotki,0.4109304347826087
1247,Ghotki,0.3748782608695652
1248,Ghotki,0.37339130434782614
1249,Ghotki,0.5028869565217391
1250,Sukkur,0.3723
1251,Sukkur,0.4751
1252,Sukkur,0.11269565217391306
1253,Sukkur,0.4326260869565217
1254,Sukkur,0.49501739130434785
1255,Sukkur,0.47201739130434783
1256,Sukkur,0.3472217391304348
1257,Sukkur,0.2863434782608696
1258,Sukkur,0.32630434782608697
1259,Sukkur,0.36786521739130434
1260,Sukkur,0.4048304347826087
1261,Sukkur,0.2934782608695652
1262,Sukkur,0.5481478260869566
1263,Sukkur,0.38580000000000003
1264,Sukkur,0.43054347826086964
1265,Sukkur,0.1837521739130435
1266,Sukkur,0.4626217391304348
1267,Sukkur,0.22790869565217392
1268,Sukkur,0.36234347826086954
1269,Sukkur,0.5212782608695652
1270,Sukkur,0.5136391304347826
1271,Sukkur,0.4445521739130435
1272,Sukkur,0.4731826086956522
1273,Sukkur,0.47066521739130435
1274,Sukkur,0.35018695652173915
1275,Kashmore,0.14440952380952382
1276,Kashmore,0.3557391304347826
1277,Kashmore,0.33404347826086955
1278,Kashmore,0.40642608695652177
1279,Kashmore,0.21801739130434786
1280,Kashmore,0.3387695652173913
1281,Kashmore,0.35364347826086956
1282,Kashmore,0.43441304347826093
1283,Kashmore,0.3447652173913044
1284,Kashmore,0.4307391304347826
1285,Kashmore,0.3505739130434783
1286,Kashmore,0.31976521739130437
1287,Kashmore,0.2788260869565218
1288,Kashmore,0.3896304347826087
1289,Kashmore,0.4249173913043478
1290,Kashmore,0.4000391304347826
1291,Kashmore,0.4130826086956522
1292,Kashmore,0.3067347826086957
1293,Kashmore,0.2916608695652174
1294,Kashmore,0.41796086956521744
1295,Kashmore,0.34593913043478264
1296,Kashmore,0.49276956521739135
1297,Kashmore,0.33127826086956524
1298,Kashmore,0.39880000000000004
1299,Kashmore,0.5427826086956522
1300,Rajanpur,0.43294782608695653
1301,Rajanpur,0.4528695652173913
1302,Rajanpur,0.43187391304347833
1303,Rajanpur,0.5090086956521739
1304,Rajanpur,0.44502608695652174
1305,Rajanpur,0.45518260869565225
1306,Rajanpur,0.4721434782608696
1307,Rajanpur,0.46001304347826094
1308,Rajanpur,0.2005391304347826
1309,Rajanpur,0.4203521739130435
1310,Rajanpur,0.39542608695652176
1311,Rajanpur,0.3700695652173913
1312,Rajanpur,0.49124782608695655
1313,Rajanpur,0.2611695652173913
1314,Rajanpur,0.44918260869565224
1315,Rajanpur,0.48140000000000005
1316,Rajanpur,0.4659260869565217
1317,Rajanpur,0.4405739130434783
1318,Rajanpur,0.20595217391304352
1319,Rajanpur,0.3844173913043479
1320,Rajanpur,0.3976782608695652
1321,Rajanpur,0.32555217391304353
1322,Rajanpur,0.3272478260869565
1323,Rajanpur,0.3617739130434783
1324,Rajanpur,0.3876608695652174
1325,Dera Ghazi Khan,0.4345130434782609
1326,Dera Ghazi Khan,0.39429565217391305
1327,Dera Ghazi Khan,0.2778652173913044
1328,Dera Ghazi Khan,0.3323913043478261
1329,Dera Ghazi Khan,0.4312130434782609
1330,Dera Ghazi Khan,0.2569347826086957
1331,Dera Ghazi Khan,0.4208913043478261
1332,Dera Ghazi Khan,0.41142173913043484
1333,Dera Ghazi Khan,0.45245217391304354
1334,Dera Ghazi Khan,0.3027739130434783
1335,Dera Ghazi Khan,0.19516521739130435
1336,Dera Ghazi Khan,0.3975391304347826
1337,Dera Ghazi Khan,0.5181652173913043
1338,Dera Ghazi Khan,0.32252608695652174
1339,Dera Ghazi Khan,0.49121304347826095
1340,Dera Ghazi Khan,0.4266347826086957
1341,Dera Ghazi Khan,0.4800260869565217
1342,Dera Ghazi Khan,0.21901304347826087
1343,Dera Ghazi Khan,0.4301434782608696
1344,Dera Ghazi Khan,0.31220434782608697
1345,Dera Ghazi Khan,0.4912
1346,Dera Ghazi Khan,0.4206347826086957
1347,Dera Ghazi Khan,0.3814130434782609
1348,Dera Ghazi Khan,0.3433304347826087
1349,Dera Ghazi Khan,0.4246913043478261
1350,Rahim Yar Khan,0.4397521739130435
1351,Rahim Yar Khan,0.5012478260869565
1352,Rahim Yar Khan,0.4687695652173913
1353,Rahim Yar Khan,0.5428478260869565
1354,Rahim Yar Khan,0.46732173913043484
1355,Rahim Yar Khan,0.3798608695652174
1356,Rahim Yar Khan,0.4743217391304348
1357,Rahim Yar Khan,0.5365913043478261
1358,Rahim Yar Khan,0.5615869565217392
1359,Rahim Yar Khan,0.49485217391304354
1360,Rahim Yar Khan,0.447404347826087
1361,Rahim Yar Khan,0.4108739130434783
1362,Rahim Yar Khan,0.4653652173913043
1363,Rahim Yar Khan,0.3829565217391305
1364,Rahim Yar Khan,0.3372
1365,Rahim Yar Khan,0.5153521739130436
1366,Rahim Yar Khan,0.42111739130434783
1367,Rahim Yar Khan,0.4630608695652174
1368,Rahim Yar Khan,0.553595652173913
1369,Rahim Yar Khan,0.5209913043478261
1370,Rahim Yar Khan,0.46370869565217393
1371,Rahim Yar Khan,0.4645260869565217
1372,Rahim Yar Khan,0.1268521739130435
1373,Rahim Yar Khan,0.4256826086956522
1374,Rahim Yar Khan,0.48524782608695655
1375,Bahawalpur,0.46949565217391304
1376,Bahawalpur,0.34597391304347824
1377,Bahawalpur,0.48976521739130435
1378,Bahawalpur,0.23011304347826086
1379,Bahawalpur,0.5281869565217391
1380,Bahawalpur,0.4532913043478261
1381,Bahawalpur,0.4114652173913043
1382,Bahawalpur,0.5212130434782609
1383,Bahawalpur,0.4145086956521739
1384,Bahawalpur,0.498495652173913
1385,Bahawalpur,0.34002608695652176
1386,Bahawalpur,0.5262217391304348
1387,Bahawalpur,0.36830869565217395
1388,Bahawalpur,0.5064304347826087
1389,Bahawalpur,0.4653913043478261
1390,Bahawalpur,0.4186434782608696
1391,Bahawalpur,0.4825521739130435
1392,Bahawalpur,0.43502608695652173
1393,Bahawalpur,0.5358782608695652
1394,Bahawalpur,0.49331304347826094
1395,Bahawalpur,0.2921
1396,Bahawalpur,0.4999826086956522
1397,Bahawalpur,0.47333913043478265
1398,Bahawalpur,0.49047826086956525
1399,Bahawalpur,0.5709739130434783
1400,Bahawalnagar,0.5369826086956522
1401,Bahawalnagar,0.5476217391304348
1402,Bahawalnagar,0.45127826086956524
1403,Bahawalnagar,0.47587826086956525
1404,Bahawalnagar,0.5044086956521739
1405,Bahawalnagar,0.4901347826086957
1406,Bahawalnagar,0.4977304347826087
1407,Bahawalnagar,0.5129695652173913
1408,Bahawalnagar,0.4377130434782609
1409,Bahawalnagar,0.4327608695652174
1410,Bahawalnagar,0.3932478260869565
1411,Bahawalnagar,0.4499260869565217
1412,Bahawalnagar,0.4512739130434783
1413,Bahawalnagar,0.34360434782608695
1414,Bahawalnagar,0.4960347826086957
1415,Bahawalnagar,0.39773478260869566
1416,Bahawalnagar,0.5654608695652175
1417,Bahawalnagar,0.39450869565217395
1418,Bahawalnagar,0.30426521739130435
1419,Bahawalnagar,0.49115652173913044
1420,Bahawalnagar,0.37170434782608697
1421,Bahawalnagar,0.48000000000000004
1422,Bahawalnagar,0.5748478260869565
1423,Bahawalnagar,0.45977826086956525
1424,Bahawalnagar,0.4806304347826087
1425,Muzaffargarh,0.3432695652173913
1426,Muzaffargarh,0.498804347826087
1427,Muzaffargarh,0.4793913043478261
1428,Muzaffargarh,0.4029608695652174
1429,Muzaffargarh,0.49726956521739135
1430,Muzaffargarh,0.2918782608695652
1431,Muzaffargarh,0.5135695652173913
1432,Muzaffargarh,0.5113391304347826
1433,Muzaffargarh,0.4164260869565217
1434,Muzaffargarh,0.5003869565217391
1435,Muzaffargarh,0.4393565217391304
1436,Muzaffargarh,0.4733739130434783
1437,Muzaffargarh,0.41425217391304353
1438,Muzaffargarh,0.5291695652173913
1439,Muzaffargarh,0.27350434782608696
1440,Muzaffargarh,0.4775521739130435
1441,Muzaffargarh,0.49833478260869574
1442,Muzaffargarh,0.5031304347826088
1443,Muzaffargarh,0.5555434782608696
1444,Muzaffargarh,0.23437391304347827
1445,Muzaffargarh,-0.0028956521739130435
1446,Muzaffargarh,0.4901695652173913
1447,Muzaffargarh,0.5384434782608696
1448,Muzaffargarh,0.4093086956521739
1449,Muzaffargarh,0.3954130434782609
1450,Multan,0.5041826086956522
1451,Multan,0.5200434782608696
1452,Multan,0.4869478260869565
1453,Multan,0.4935304347826087
1454,Multan,0.3838478260869565
1455,Multan,0.39288260869565217
1456,Multan,0.49121304347826095
1457,Multan,0.5429739130434783
1458,Multan,0.5419608695652174
1459,Multan,0.4831826086956522
1460,Multan,0.47700000000000004
1461,Multan,0.3954478260869565
1462,Multan,0.5289173913043478
1463,Multan,0.520795652173913
1464,Multan,0.5230173913043479
1465,Multan,0.2264782608695652
1466,Multan,0.5312434782608696
1467,Multan,0.49534782608695654
1468,Multan,0.5149173913043479
1469,Multan,0.4659478260869565
1470,Multan,0.4411260869565217
1471,Multan,0.38073478260869564
1472,Multan,0.5241521739130435
1473,Multan,0.4816130434782609
1474,Multan,0.5605565217391304
1475,Lodhran,0.5163217391304348
1476,Lodhran,0.5340565217391304
1477,Lodhran,0.5349695652173914
1478,Lodhran,0.5198086956521739
1479,Lodhran,0.5314695652173913
1480,Lodhran,0.3926782608695652
1481,Lodhran,0.5141130434782609
1482,Lodhran,0.5145260869565217
1483,Lodhran,0.49329130434782614
1484,Lodhran,0.5538391304347826
1485,Lodhran,0.4959782608695652
1486,Lodhran,0.511804347826087
1487,Lodhran,0.493304347826087
1488,Lodhran,0.40320869565217393
1489,Lodhran,0.4839739130434783
1490,Lodhran,0.4722173913043478
1491,Lodhran,0.5049173913043479
1492,Lodhran,0.5394782608695652
1493,Lodhran,0.461704347826087
1494,Lodhran,0.44606521739130434
1495,Lodhran,0.5167652173913043
1496,Lodhran,0.3926434782608696
1497,Lodhran,0.4297434782608696
1498,Lodhran,0.46676521739130433
1499,Lodhran,0.5498782608695653
1500,Vihari,0.5029521739130435
1501,Vihari,0.5089521739130435
1502,Vihari,0.511804347826087
1503,Vihari,0.4974217391304348
1504,Vihari,0.4841086956521739
1505,Vihari,0.5167782608695652
1506,Vihari,0.48955652173913045
1507,Vihari,0.40846521739130437
1508,Vihari,0.49435217391304354
1509,Vihari,0.5461521739130435
1510,Vihari,0.42007826086956523
1511,Vihari,0.4615217391304348
1512,Vihari,0.441895652173913
1513,Vihari,0.43352608695652173
1514,Vihari,0.4561217391304348
1515,Vihari,0.5279826086956523
1516,Vihari,0.5396347826086957
1517,Vihari,0.4916521739130435
1518,Vihari,0.5358521739130435
1519,Vihari,0.5363608695652174
1520,Vihari,0.49433043478260874
1521,Vihari,0.48931304347826093
1522,Vihari,0.5137565217391304
1523,Vihari,0.28347391304347824
1524,Vihari,0.47950000000000004
1525,Pakpattan,0.5016304347826087
1526,Pakpattan,0.4291869565217391
1527,Pakpattan,0.4921130434782609
1528,Pakpattan,0.49679130434782615
1529,Pakpattan,0.5205173913043478
1530,Pakpattan,0.5218173913043478
1531,Pakpattan,0.40664347826086955
1532,Pakpattan,0.5291434782608696
1533,Pakpattan,0.49691304347826093
1534,Pakpattan,0.5505130434782609
1535,Pakpattan,0.31578260869565217
1536,Pakpattan,0.5057565217391304
1537,Pakpattan,0.5180913043478261
1538,Pakpattan,0.5031869565217392
1539,Pakpattan,0.5487391304347826
1540,Pakpattan,0.5151434782608696
1541,Pakpattan,0.45406956521739134
1542,Pakpattan,0.516
1543,Pakpattan,0.5322478260869565
1544,Pakpattan,0.5617391304347826
1545,Pakpattan,0.5087086956521739
1546,Pakpattan,0.5119
1547,Pakpattan,0.5314
1548,Pakpattan,0.5046521739130435
1549,Pakpattan,0.5032434782608696
1550,Khanewal,0.5081565217391304
1551,Khanewal,0.5720086956521739
1552,Khanewal,0.524704347826087
1553,Khanewal,0.5427217391304349
1554,Khanewal,0.4709347826086957
1555,Khanewal,0.5235826086956522
1556,Khanewal,0.4838173913043478
1557,Khanewal,0.5228695652173914
1558,Khanewal,0.5118869565217391
1559,Khanewal,0.5011608695652174
1560,Khanewal,0.4733347826086957
1561,Khanewal,0.4512130434782609
1562,Khanewal,0.4826826086956522
1563,Khanewal,0.5129826086956523
1564,Khanewal,0.4218913043478261
1565,Khanewal,0.47793913043478264
1566,Khanewal,0.4859347826086957
1567,Khanewal,0.45408695652173914
1568,Khanewal,0.46005217391304354
1569,Khanewal,0.41213478260869574
1570,Khanewal,0.5615565217391304
1571,Khanewal,0.4461652173913043
1572,Khanewal,0.514704347826087
1573,Khanewal,0.4295913043478261
1574,Khanewal,0.5293434782608696
1575,Layyah,0.4241695652173913
1576,Layyah,0.17411739130434783
1577,Layyah,0.2974391304347826
1578,Layyah,0.3839782608695652
1579,Layyah,0.5719217391304349
1580,Layyah,0.3377521739130435
1581,Layyah,0.5136608695652174
1582,Layyah,0.4289217391304348
1583,Layyah,0.3415
1584,Layyah,0.47400000000000003
1585,Layyah,0.5025260869565217
1586,Layyah,0.4221826086956522
1587,Layyah,0.48450000000000004
1588,Layyah,0.5166130434782609
1589,Layyah,0.5113130434782609
1590,Layyah,0.4931086956521739
1591,Layyah,0.48016956521739135
1592,Layyah,0.5045826086956522
1593,Layyah,0.29602173913043484
1594,Layyah,0.19287391304347826
1595,Layyah,0.46616521739130434
1596,Layyah,0.498704347826087
1597,Layyah,0.3954391304347826
1598,Layyah,0.5013521739130435
1599,Layyah,0.4442347826086957
1600,Bhakkar,0.2870217391304348
1601,Bhakkar,0.28737391304347826
1602,Bhakkar,0.3216869565217392
1603,Bhakkar,0.2631
1604,Bhakkar,0.4866608695652174
1605,Bhakkar,0.2082
1606,Bhakkar,0.4423391304347826
1607,Bhakkar,0.49742608695652174
1608,Bhakkar,0.2761130434782609
1609,Bhakkar,0.36760000000000004
1610,Bhakkar,0.4018478260869565
1611,Bhakkar,0.5115869565217391
1612,Bhakkar,0.5443913043478261
1613,Bhakkar,0.4221695652173913
1614,Bhakkar,0.46430434782608704
1615,Bhakkar,0.3498826086956522
1616,Bhakkar,0.4484608695652174
1617,Bhakkar,0.5385869565217392
1618,Bhakkar,0.38265652173913045
1619,Bhakkar,0.3712565217391305
1620,Bhakkar,0.17601304347826088
1621,Bhakkar,0.32383913043478263
1622,Bhakkar,0.4433608695652174
1623,Bhakkar,0.3108391304347826
1624,Bhakkar,0.4712608695652174
1625,Mianwali,0.37189565217391307
1626,Mianwali,0.2210304347826087
1627,Mianwali,0.5074217391304349
1628,Mianwali,0.4624652173913043
1629,Mianwali,0.5440695652173914
1630,Mianwali,0.4468217391304348
1631,Mianwali,0.40618260869565215
1632,Mianwali,0.3959130434782609
1633,Mianwali,0.4324521739130435
1634,Mianwali,0.33771739130434786
1635,Mianwali,0.4637739130434783
1636,Mianwali,0.24937826086956522
1637,Mianwali,0.44470000000000004
1638,Mianwali,0.4127391304347826
1639,Mianwali,0.46080000000000004
1640,Mianwali,0.31019565217391304
1641,Mianwali,0.4441739130434783
1642,Mianwali,0.3101695652173913
1643,Mianwali,0.24641739130434787
1644,Mianwali,0.27537826086956524
1645,Mianwali,0.4734695652173913
1646,Mianwali,0.2685347826086957
1647,Mianwali,0.32755217391304353
1648,Mianwali,0.2953869565217392
1649,Mianwali,0.5004478260869565
1650,Attock,0.4504086956521739
1651,Attock,0.47818695652173915
1652,Attock,0.34125652173913046
1653,Attock,0.1907
1654,Attock,0.38930434782608697
1655,Attock,0.2579739130434783
1656,Attock,0.4687565217391304
1657,Attock,0.44791304347826094
1658,Attock,0.4670434782608696
1659,Attock,0.34379565217391306
1660,Attock,0.26458695652173914
1661,Attock,0.38315652173913045
1662,Attock,0.3794739130434783
1663,Attock,0.2863913043478261
1664,Attock,0.41799565217391305
1665,Attock,0.3496608695652174
1666,Attock,0.43009565217391305
1667,Attock,0.34608260869565216
1668,Attock,0.3670913043478261
1669,Attock,0.3342695652173913
1670,Attock,0.3157695652173913
1671,Attock,0.4120695652173913
1672,Attock,0.3753347826086957
1673,Attock,0.4261086956521739
1674,Attock,0.38127826086956523
1675,Rawalpindi,0.4143478260869565
1676,Rawalpindi,0.3591086956521739
1677,Rawalpindi,0.5570913043478262
1678,Rawalpindi,0.4306826086956522
1679,Rawalpindi,0.4049913043478261
1680,Rawalpindi,0.4621739130434783
1681,Rawalpindi,0.4645782608695652
1682,Rawalpindi,0.35168260869565215
1683,Rawalpindi,0.4594782608695652
1684,Rawalpindi,0.40800434782608697
1685,Rawalpindi,0.41532608695652173
1686,Rawalpindi,0.4499086956521739
1687,Rawalpindi,0.3945347826086957
1688,Rawalpindi,0.37793043478260874
1689,Rawalpindi,0.440495652173913
1690,Rawalpindi,0.32908260869565215
1691,Rawalpindi,0.36053478260869565
1692,Rawalpindi,0.36930434782608695
1693,Rawalpindi,0.5282086956521739
1694,Rawalpindi,0.41559565217391303
1695,Rawalpindi,0.46274347826086965
1696,Rawalpindi,0.4773521739130435
1697,Rawalpindi,0.4320695652173913
1698,Rawalpindi,0.4032826086956522
1699,Rawalpindi,0.3824739130434783
1700,Chakwal,0.34816521739130435
1701,Chakwal,0.3549
1702,Chakwal,0.458004347826087
1703,Chakwal,0.3101478260869565
1704,Chakwal,0.40096521739130436
1705,Chakwal,0.36310000000000003
1706,Chakwal,0.3506391304347826
1707,Chakwal,0.3742086956521739
1708,Chakwal,0.36280434782608695
1709,Chakwal,0.2227521739130435
1710,Chakwal,0.3647173913043479
1711,Chakwal,0.36943043478260873
1712,Chakwal,0.3664304347826087
1713,Chakwal,0.45972173913043485
1714,Chakwal,0.35929130434782613
1715,Chakwal,0.3781652173913044
1716,Chakwal,0.4638304347826087
1717,Chakwal,0.2442086956521739
1718,Chakwal,0.2894
1719,Chakwal,0.30784782608695654
1720,Chakwal,0.29835652173913046
1721,Chakwal,0.4346739130434783
1722,Chakwal,0.3581739130434783
1723,Chakwal,0.2958826086956522
1724,Chakwal,0.35476956521739134
1725,Jhelum,0.6060260869565217
1726,Jhelum,0.35546086956521744
1727,Jhelum,0.3876217391304348
1728,Jhelum,0.4778565217391304
1729,Jhelum,0.2976695652173913
1730,Jhelum,0.506704347826087
1731,Jhelum,0.5438478260869565
1732,Jhelum,0.36474347826086956
1733,Jhelum,0.5183695652173913
1734,Jhelum,0.5096695652173914
1735,Jhelum,0.38304782608695653
1736,Jhelum,0.36126521739130435
1737,Jhelum,0.3483826086956522
1738,Jhelum,0.415895652173913
1739,Jhelum,0.39911739130434787
1740,Jhelum,0.2874695652173913
1741,Jhelum,0.5188782608695652
1742,Jhelum,0.38633913043478263
1743,Jhelum,0.4838217391304348
1744,Jhelum,0.35316521739130435
1745,Jhelum,0.49675217391304355
1746,Jhelum,0.4119130434782609
1747,Jhelum,0.19350434782608697
1748,Jhelum,0.4622695652173913
1749,Jhelum,0.36843043478260873
1750,Khushab,0.4707173913043478
1751,Khushab,0.44878260869565223
1752,Khushab,0.3421391304347826
1753,Khushab,0.34283478260869565
1754,Khushab,0.34824347826086954
1755,Khushab,0.4615782608695652
1756,Khushab,0.35524782608695654
1757,Khushab,0.4627173913043478
1758,Khushab,0.45959130434782614
1759,Khushab,0.3483304347826087
1760,Khushab,0.37420434782608697
1761,Khushab,0.30386956521739134
1762,Khushab,0.527504347826087
1763,Khushab,0.38948695652173915
1764,Khushab,0.3773565217391305
1765,Khushab,0.3964695652173913
1766,Khushab,0.30666521739130437
1767,Khushab,0.24866521739130437
1768,Khushab,0.3484086956521739
1769,Khushab,0.22590869565217392
1770,Khushab,0.39586086956521743
1771,Khushab,0.4419565217391304
1772,Khushab,0.3482130434782609
1773,Khushab,0.24068260869565217
1774,Khushab,0.3967217391304348
1775,Jhang,0.4572347826086957
1776,Jhang,0.5244565217391304
1777,Jhang,0.5006347826086958
1778,Jhang,0.42792608695652173
1779,Jhang,0.5086565217391305
1780,Jhang,0.49000434782608704
1781,Jhang,0.5625652173913044
1782,Jhang,0.5038086956521739
1783,Jhang,0.46580000000000005
1784,Jhang,0.46118695652173913
1785,Jhang,0.3536608695652174
1786,Jhang,0.4934913043478261
1787,Jhang,0.49105652173913045
1788,Jhang,0.42936521739130434
1789,Jhang,0.5142260869565217
1790,Jhang,0.4893565217391304
1791,Jhang,0.5164869565217391
1792,Jhang,0.523813043478261
1793,Jhang,0.49000000000000005
1794,Jhang,0.5292826086956522
1795,Jhang,0.45724347826086964
1796,Jhang,0.4451
1797,Jhang,0.35896086956521744
1798,Jhang,0.5297913043478262
1799,Jhang,0.5148869565217391
1800,Sargodha,0.454595652173913
1801,Sargodha,0.5585173913043479
1802,Sargodha,0.49829565217391303
1803,Sargodha,0.3505913043478261
1804,Sargodha,0.40292173913043483
1805,Sargodha,0.5303217391304348
1806,Sargodha,0.5498000000000001
1807,Sargodha,0.4530434782608696
1808,Sargodha,0.48020869565217394
1809,Sargodha,0.4253217391304348
1810,Sargodha,0.5461652173913043
1811,Sargodha,0.4078
1812,Sargodha,0.40731304347826086
1813,Sargodha,0.47632608695652173
1814,Sargodha,0.5278826086956522
1815,Sargodha,0.5116
1816,Sargodha,0.5627
1817,Sargodha,0.5146913043478262
1818,Sargodha,0.4592869565217391
1819,Sargodha,0.4574260869565217
1820,Sargodha,0.5010826086956522
1821,Sargodha,0.444904347826087
1822,Sargodha,0.5292826086956522
1823,Sargodha,0.3857086956521739
1824,Sargodha,0.4108217391304348
1825,Mandi Bahauddin,0.5231434782608696
1826,Mandi Bahauddin,0.5375608695652174
1827,Mandi Bahauddin,0.532608695652174
1828,Mandi Bahauddin,0.49046521739130433
1829,Mandi Bahauddin,0.542404347826087
1830,Mandi Bahauddin,0.5086782608695652
1831,Mandi Bahauddin,0.3911304347826087
1832,Mandi Bahauddin,0.5375521739130436
1833,Mandi Bahauddin,0.4234304347826087
1834,Mandi Bahauddin,0.49459565217391305
1835,Mandi Bahauddin,0.5041130434782609
1836,Mandi Bahauddin,0.5614869565217391
1837,Mandi Bahauddin,0.537508695652174
1838,Mandi Bahauddin,0.4464173913043478
1839,Mandi Bahauddin,0.545995652173913
1840,Mandi Bahauddin,0.5074000000000001
1841,Mandi Bahauddin,0.5568434782608697
1842,Mandi Bahauddin,0.5055826086956522
1843,Mandi Bahauddin,0.5581260869565218
1844,Mandi Bahauddin,0.5895260869565218
1845,Mandi Bahauddin,0.5168739130434783
1846,Mandi Bahauddin,0.5332
1847,Mandi Bahauddin,0.5241521739130435
1848,Mandi Bahauddin,0.5073782608695653
1849,Mandi Bahauddin,0.568895652173913
1850,Gujrat,0.49960000000000004
1851,Gujrat,0.5262695652173913
1852,Gujrat,0.41418695652173915
1853,Gujrat,0.532408695652174
1854,Gujrat,0.49030869565217394
1855,Gujrat,0.4576826086956522
1856,Gujrat,0.43160434782608703
1857,Gujrat,0.49363913043478264
1858,Gujrat,0.5212478260869565
1859,Gujrat,0.5097782608695652
1860,Gujrat,0.37822173913043483
1861,Gujrat,0.33611739130434787
1862,Gujrat,0.5200695652173913
1863,Gujrat,0.4848739130434783
1864,Gujrat,0.4674434782608696
1865,Gujrat,0.4513913043478261
1866,Gujrat,0.5046652173913043
1867,Gujrat,0.409604347826087
1868,Gujrat,0.4631391304347826
1869,Gujrat,0.5557173913043478
1870,Gujrat,0.46113043478260873
1871,Gujrat,0.4805869565217391
1872,Gujrat,0.45047391304347834
1873,Gujrat,0.4162434782608696
1874,Gujrat,0.4407434782608696
1875,Sialkot,0.46883913043478265
1876,Sialkot,0.4444434782608696
1877,Sialkot,0.5072608695652174
1878,Sialkot,0.48744347826086964
1879,Sialkot,0.5620434782608696
1880,Sialkot,0.5240521739130435
1881,Sialkot,0.5087304347826087
1882,Sialkot,0.4856260869565217
1883,Sialkot,0.5476304347826088
1884,Sialkot,0.5620217391304348
1885,Sialkot,0.4458869565217391
1886,Sialkot,0.5663782608695652
1887,Sialkot,0.5650086956521739
1888,Sialkot,0.5228652173913043
1889,Sialkot,0.46857391304347834
1890,Sialkot,0.5715652173913043
1891,Sialkot,0.5299304347826087
1892,Sialkot,0.5643043478260871
1893,Sialkot,0.500295652173913
1894,Sialkot,0.5508695652173913
1895,Sialkot,0.4557695652173913
1896,Sialkot,0.5667652173913044
1897,Sialkot,0.5735478260869565
1898,Sialkot,0.5460739130434783
1899,Sialkot,0.5354782608695652
1900,Toba Tek Singh,0.4815652173913043
1901,Toba Tek Singh,0.523913043478261
1902,Toba Tek Singh,0.42966086956521743
1903,Toba Tek Singh,0.574808695652174
1904,Toba Tek Singh,0.5057826086956522
1905,Toba Tek Singh,0.504104347826087
1906,Toba Tek Singh,0.5223304347826088
1907,Toba Tek Singh,0.40259130434782614
1908,Toba Tek Singh,0.4406913043478261
1909,Toba Tek Singh,0.4098695652173913
1910,Toba Tek Singh,0.4654608695652174
1911,Toba Tek Singh,0.35181304347826087
1912,Toba Tek Singh,0.5189782608695652
1913,Toba Tek Singh,0.48142173913043484
1914,Toba Tek Singh,0.5213608695652174
1915,Toba Tek Singh,0.44881739130434783
1916,Toba Tek Singh,0.4892260869565217
1917,Toba Tek Singh,0.38023913043478264
1918,Toba Tek Singh,0.38327391304347824
1919,Toba Tek Singh,0.4688913043478261
1920,Toba Tek Singh,0.46799565217391303
1921,Toba Tek Singh,0.355404347826087
1922,Toba Tek Singh,0.4885304347826087
1923,Toba Tek Singh,0.4581782608695652
1924,Toba Tek Singh,0.4664086956521739
1925,Sahiwal,0.4901652173913043
1926,Sahiwal,0.4249565217391304
1927,Sahiwal,0.539904347826087
1928,Sahiwal,0.515208695652174
1929,Sahiwal,0.5176086956521739
1930,Sahiwal,0.5078913043478261
1931,Sahiwal,0.4291913043478261
1932,Sahiwal,0.4952478260869565
1933,Sahiwal,0.4325739130434783
1934,Sahiwal,0.5296347826086957
1935,Sahiwal,0.5291869565217391
1936,Sahiwal,0.5386173913043478
1937,Sahiwal,0.49525217391304355
1938,Sahiwal,0.5061434782608696
1939,Sahiwal,0.5358
1940,Sahiwal,0.4990304347826087
1941,Sahiwal,0.5164347826086957
1942,Sahiwal,0.48569130434782615
1943,Sahiwal,0.4979173913043478
1944,Sahiwal,0.4169
1945,Sahiwal,0.5484869565217392
1946,Sahiwal,0.4987652173913043
1947,Sahiwal,0.5192434782608696
1948,Sahiwal,0.4794347826086957
1949,Sahiwal,0.49450434782608704
1950,Kasur,0.5089608695652175
1951,Kasur,0.4324913043478261
1952,Kasur,0.4859521739130435
1953,Kasur,0.48661739130434783
1954,Kasur,0.5230652173913043
1955,Kasur,0.4971652173913043
1956,Kasur,0.5299913043478262
1957,Kasur,0.5384608695652174
1958,Kasur,0.47118695652173914
1959,Kasur,0.5331782608695652
1960,Kasur,0.5444130434782609
1961,Kasur,0.5260130434782609
1962,Kasur,0.5796260869565217
1963,Kasur,0.5070695652173913
1964,Kasur,0.5271521739130435
1965,Kasur,0.5228695652173914
1966,Kasur,0.5550217391304348
1967,Kasur,0.48274782608695654
1968,Kasur,0.5303347826086957
1969,Kasur,0.43073478260869574
1970,Kasur,0.5399434782608696
1971,Kasur,0.5329652173913043
1972,Kasur,0.5264695652173913
1973,Kasur,0.5335130434782609
1974,Kasur,0.5358521739130435
1975,Faisalabad,0.476195652173913
1976,Faisalabad,0.41826956521739134
1977,Faisalabad,0.47838260869565224
1978,Faisalabad,0.4378391304347826
1979,Faisalabad,0.5187739130434783
1980,Faisalabad,0.5085304347826087
1981,Faisalabad,0.4564782608695652
1982,Faisalabad,0.4466521739130435
1983,Faisalabad,0.44046956521739133
1984,Faisalabad,0.5464652173913044
1985,Faisalabad,0.5222695652173913
1986,Faisalabad,0.5014913043478261
1987,Faisalabad,0.5308260869565218
1988,Faisalabad,0.5199173913043478
1989,Faisalabad,0.43235217391304354
1990,Faisalabad,0.4900695652173913
1991,Faisalabad,0.5039521739130435
1992,Faisalabad,0.5095391304347826
1993,Faisalabad,0.5236913043478261
1994,Faisalabad,0.4938173913043478
1995,Faisalabad,0.521713043478261
1996,Faisalabad,0.4765695652173913
1997,Faisalabad,0.5085652173913043
1998,Faisalabad,0.49834782608695655
1999,Faisalabad,0.5243782608695652
2000,Lahore,0.363004347826087
2001,Lahore,0.5029086956521739
2002,Lahore,0.48619565217391303
2003,Lahore,0.5515434782608696
2004,Lahore,0.5221782608695652
2005,Lahore,0.5271478260869565
2006,Lahore,0.47780869565217393
2007,Lahore,0.4817434782608696
2008,Lahore,0.4831304347826087
2009,Lahore,0.5324217391304348
2010,Lahore,0.5196434782608697
2011,Lahore,0.4098347826086957
2012,Lahore,0.5037652173913043
2013,Lahore,0.3810217391304348
2014,Lahore,0.3924608695652174
2015,Lahore,0.46743913043478263
2016,Lahore,0.5434869565217392
2017,Lahore,0.35324782608695654
2018,Lahore,0.29680869565217394
2019,Lahore,0.49637391304347833
2020,Lahore,0.45709130434782613
2021,Lahore,0.38777391304347825
2022,Lahore,0.5564652173913043
2023,Lahore,0.534395652173913
2024,Lahore,0.3249608695652174
2025,Hafizabad,0.45737826086956523
2026,Hafizabad,0.5559000000000001
2027,Hafizabad,0.5284434782608696
2028,Hafizabad,0.5130565217391304
2029,Hafizabad,0.538813043478261
2030,Hafizabad,0.4846304347826087
2031,Hafizabad,0.5362
2032,Hafizabad,0.4055739130434783
2033,Hafizabad,0.5078913043478261
2034,Hafizabad,0.5327478260869565
2035,Hafizabad,0.5413347826086957
2036,Hafizabad,0.5447173913043478
2037,Hafizabad,0.48933043478260874
2038,Hafizabad,0.48508260869565223
2039,Hafizabad,0.47948260869565223
2040,Hafizabad,0.5141086956521739
2041,Hafizabad,0.48123478260869573
2042,Hafizabad,0.5468739130434783
2043,Hafizabad,0.5508086956521739
2044,Hafizabad,0.5076391304347826
2045,Hafizabad,0.48232608695652174
2046,Hafizabad,0.5305434782608697
2047,Hafizabad,0.5165608695652174
2048,Hafizabad,0.409404347826087
2049,Hafizabad,0.5401086956521739
2050,Dera Ismail Khan,0.26588260869565217
2051,Dera Ismail Khan,0.2116782608695652
2052,Dera Ismail Khan,0.25221304347826085
2053,Dera Ismail Khan,0.411204347826087
2054,Dera Ismail Khan,0.20378260869565218
2055,Dera Ismail Khan,0.38526521739130437
2056,Dera Ismail Khan,0.48017391304347834
2057,Dera Ismail Khan,-0.026621052631578948
2058,Dera Ismail Khan,0.24809565217391305
2059,Dera Ismail Khan,0.45968695652173913
2060,Dera Ismail Khan,0.30207826086956524
2061,Dera Ismail Khan,0.4280130434782609
2062,Dera Ismail Khan,0.49082608695652175
2063,Dera Ismail Khan,0.5252304347826088
2064,Dera Ismail Khan,0.282904347826087
2065,Dera Ismail Khan,0.37453478260869566
2066,Dera Ismail Khan,0.314104347826087
2067,Dera Ismail Khan,0.4648652173913043
2068,Dera Ismail Khan,0.2742782608695652
2069,Dera Ismail Khan,0.3894
2070,Dera Ismail Khan,0.415304347826087
2071,Dera Ismail Khan,0.2716217391304348
2072,Dera Ismail Khan,0.25855652173913046
2073,Dera Ismail Khan,0.2681695652173913
2074,Dera Ismail Khan,0.2034130434782609
2075,Mohmand,0.5865956521739131
2076,Mohmand,0.30283043478260874
2077,Mohmand,0.35697826086956524
2078,Mohmand,0.17453478260869565
2079,Mohmand,0.6023304347826087
2080,Mohmand,0.20600869565217392
2081,Mohmand,0.3344565217391305
2082,Mohmand,0.4945347826086957
2083,Mohmand,0.44585652173913043
2084,Mohmand,0.4940304347826087
2085,Mohmand,0.22744347826086955
2086,Mohmand,0.520408695652174
2087,Mohmand,0.2608304347826087
2088,Mohmand,0.591413043478261
2089,Mohmand,0.28272608695652174
2090,Mohmand,0.45244782608695655
2091,Mohmand,0.44697391304347833
2092,Mohmand,0.4491347826086957
2093,Mohmand,0.49225217391304354
2094,Mohmand,0.3536565217391305
2095,Mohmand,0.2881565217391305
2096,Mohmand,0.4106
2097,Mohmand,0.4516739130434783
2098,Mohmand,0.22306521739130436
2099,Mohmand,0.5141826086956522
2100,South Waziristan,0.23110434782608696
2101,South Waziristan,0.3337086956521739
2102,South Waziristan,0.3037739130434783
2103,South Waziristan,0.3672173913043479
2104,South Waziristan,0.40920869565217394
2105,South Waziristan,0.1802217391304348
2106,South Waziristan,0.3187695652173913
2107,South Waziristan,0.35718695652173915
2108,South Waziristan,0.2739695652173913
2109,South Waziristan,0.27538695652173917
2110,South Waziristan,0.2737782608695652
2111,South Waziristan,0.2807391304347826
2112,South Waziristan,0.462704347826087
2113,South Waziristan,0.1913
2114,South Waziristan,0.24462608695652177
2115,South Waziristan,0.29076956521739133
2116,South Waziristan,0.2676782608695652
2117,South Waziristan,0.20697391304347826
2118,South Waziristan,0.34256521739130436
2119,South Waziristan,0.21710869565217392
2120,South Waziristan,0.16470869565217394
2121,South Waziristan,0.20615652173913046
2122,South Waziristan,0.17256521739130437
2123,South Waziristan,0.21760434782608695
2124,South Waziristan,0.27033478260869565
2125,North Waziristan,0.3952304347826087
2126,North Waziristan,0.3989695652173913
2127,North Waziristan,0.36264347826086957
2128,North Waziristan,0.4727434782608696
2129,North Waziristan,0.35622608695652175
2130,North Waziristan,0.3765652173913044
2131,North Waziristan,0.32673913043478264
2132,North Waziristan,0.3643217391304348
2133,North Waziristan,0.4248608695652174
2134,North Waziristan,0.2448782608695652
2135,North Waziristan,0.4481
2136,North Waziristan,0.2866304347826087
2137,North Waziristan,0.4609608695652174
2138,North Waziristan,0.4619521739130435
2139,North Waziristan,0.39781739130434784
2140,North Waziristan,0.3806
2141,North Waziristan,0.24979565217391306
2142,North Waziristan,0.4118
2143,North Waziristan,0.4300478260869565
2144,North Waziristan,0.2052913043478261
2145,North Waziristan,0.2724565217391305
2146,North Waziristan,0.2676652173913044
2147,North Waziristan,0.4828391304347826
2148,North Waziristan,0.2229521739130435
2149,North Waziristan,0.4350695652173913
2150,Kurram,0.41943913043478265
2151,Kurram,0.4328
2152,Kurram,0.4549826086956522
2153,Kurram,0.4176130434782609
2154,Kurram,0.4539130434782609
2155,Kurram,0.41026521739130434
2156,Kurram,0.45318260869565224
2157,Kurram,0.4536130434782609
2158,Kurram,0.35849565217391305
2159,Kurram,0.4637565217391304
2160,Kurram,0.48256086956521743
2161,Kurram,0.4412304347826087
2162,Kurram,0.45179565217391304
2163,Kurram,0.39862608695652174
2164,Kurram,0.4750260869565217
2165,Kurram,0.4536217391304348
2166,Kurram,0.34046521739130436
2167,Kurram,0.42784782608695654
2168,Kurram,0.41300000000000003
2169,Kurram,0.4862391304347826
2170,Kurram,0.4322869565217391
2171,Kurram,0.3914173913043479
2172,Kurram,0.37847391304347827
2173,Kurram,0.454095652173913
2174,Kurram,0.371504347826087
2175,Orakzai,0.3701521739130435
2176,Orakzai,0.33230000000000004
2177,Orakzai,0.40783478260869566
2178,Orakzai,0.38870000000000005
2179,Orakzai,0.462904347826087
2180,Orakzai,0.47716956521739134
2181,Orakzai,0.3594913043478261
2182,Orakzai,0.3528260869565218
2183,Orakzai,0.43461739130434784
2184,Orakzai,0.44154782608695653
2185,Orakzai,0.4586565217391304
2186,Orakzai,0.4330869565217391
2187,Orakzai,0.3436347826086957
2188,Orakzai,0.483304347826087
2189,Orakzai,0.3304391304347826
2190,Orakzai,0.4357130434782609
2191,Orakzai,0.4407739130434783
2192,Orakzai,0.2586217391304348
2193,Orakzai,0.5174739130434783
2194,Orakzai,0.2765739130434783
2195,Orakzai,0.35922608695652175
2196,Orakzai,0.30336521739130434
2197,Orakzai,0.2863478260869565
2198,Orakzai,0.36105652173913044
2199,Orakzai,0.48486956521739133
2200,Khyber,0.47778695652173914
2201,Khyber,0.37749130434782613
2202,Khyber,0.45145217391304354
2203,Khyber,0.4502521739130435
2204,Khyber,0.4629478260869565
2205,Khyber,0.400704347826087
2206,Khyber,0.3923956521739131
2207,Khyber,0.41318695652173915
2208,Khyber,0.5026478260869566
2209,Khyber,0.4250521739130435
2210,Khyber,0.416895652173913
2211,Khyber,0.4248608695652174
2212,Khyber,0.31203478260869566
2213,Khyber,0.38111304347826086
2214,Khyber,0.40683913043478265
2215,Khyber,0.453495652173913
2216,Khyber,0.35728695652173914
2217,Khyber,0.3385565217391305
2218,Khyber,0.41305652173913043
2219,Khyber,0.4466478260869565
2220,Khyber,0.45364782608695653
2221,Khyber,0.4629130434782609
2222,Khyber,0.4065608695652174
2223,Khyber,0.45610869565217393
2224,Khyber,0.45509130434782613
2225,Bajaur,0.381
2226,Bajaur,0.30268695652173916
2227,Bajaur,0.3336
2228,Bajaur,0.37894347826086955
2229,Bajaur,0.29278695652173914
2230,Bajaur,0.5012173913043478
2231,Bajaur,0.4371521739130435
2232,Bajaur,0.5850478260869565
2233,Bajaur,0.40677391304347826
2234,Bajaur,0.4196347826086957
2235,Bajaur,0.3862956521739131
2236,Bajaur,0.3767913043478261
2237,Bajaur,0.32860869565217393
2238,Bajaur,0.2639173913043479
2239,Bajaur,0.4527347826086957
2240,Bajaur,0.3561304347826087
2241,Bajaur,0.520904347826087
2242,Bajaur,0.3769
2243,Bajaur,0.46265217391304353
2244,Bajaur,0.2825739130434783
2245,Bajaur,0.2982217391304348
2246,Bajaur,0.18899130434782607
2247,Bajaur,0.4554217391304348
2248,Bajaur,0.42979130434782614
2249,Bajaur,0.3593869565217392
2250,Tank,0.3538869565217392
2251,Tank,0.4229304347826087
2252,Tank,0.2086
2253,Tank,0.3108304347826087
2254,Tank,0.22321304347826088
2255,Tank,0.271804347826087
2256,Tank,0.35107826086956523
2257,Tank,0.2869
2258,Tank,0.36839130434782613
2259,Tank,0.24770434782608697
2260,Tank,0.3325782608695652
2261,Tank,0.2657304347826087
2262,Tank,0.3234217391304348
2263,Tank,0.39171739130434785
2264,Tank,0.20346956521739132
2265,Tank,0.5716695652173913
2266,Tank,0.34468260869565215
2267,Tank,0.3745608695652174
2268,Tank,0.467704347826087
2269,Tank,0.3156826086956522
2270,Tank,0.21267391304347827
2271,Tank,0.3342913043478261
2272,Tank,0.20923043478260872
2273,Tank,0.24200869565217392
2274,Tank,0.36807826086956524
2275,Bannu,0.20835652173913047
2276,Bannu,0.3075608695652174
2277,Bannu,0.4492739130434783
2278,Bannu,0.362504347826087
2279,Bannu,0.40459130434782614
2280,Bannu,0.4230347826086957
2281,Bannu,0.3695913043478261
2282,Bannu,0.1877826086956522
2283,Bannu,0.36768695652173916
2284,Bannu,0.3453521739130435
2285,Bannu,0.34593913043478264
2286,Bannu,0.3634695652173913
2287,Bannu,0.40389565217391304
2288,Bannu,0.3259565217391305
2289,Bannu,0.36118695652173916
2290,Bannu,0.3485217391304348
2291,Bannu,0.38415652173913045
2292,Bannu,0.423895652173913
2293,Bannu,0.38586521739130436
2294,Bannu,0.4857826086956522
2295,Bannu,0.41823043478260874
2296,Bannu,0.27187826086956524
2297,Bannu,0.36988695652173914
2298,Bannu,0.3997695652173913
2299,Bannu,0.45833913043478264
2300,Lakki Marwat,0.3918565217391305
2301,Lakki Marwat,0.18052608695652175
2302,Lakki Marwat,0.18480000000000002
2303,Lakki Marwat,0.3357869565217392
2304,Lakki Marwat,0.4413826086956522
2305,Lakki Marwat,0.379004347826087
2306,Lakki Marwat,0.2808304347826087
2307,Lakki Marwat,0.2994869565217392
2308,Lakki Marwat,0.23996086956521742
2309,Lakki Marwat,0.3943695652173913
2310,Lakki Marwat,0.23708695652173917
2311,Lakki Marwat,0.30817826086956523
2312,Lakki Marwat,0.29316521739130436
2313,Lakki Marwat,0.3895391304347826
2314,Lakki Marwat,0.2997608695652174
2315,Lakki Marwat,0.1695304347826087
2316,Lakki Marwat,0.1704521739130435
2317,Lakki Marwat,0.18797391304347827
2318,Lakki Marwat,0.24959130434782612
2319,Lakki Marwat,0.12788260869565218
2320,Lakki Marwat,0.4283434782608696
2321,Lakki Marwat,0.24669565217391307
2322,Lakki Marwat,0.3515913043478261
2323,Lakki Marwat,0.361004347826087
2324,Lakki Marwat,0.2576869565217392
2325,Hangu,0.4235652173913043
2326,Hangu,0.43117826086956523
2327,Hangu,0.27585652173913044
2328,Hangu,0.23121739130434785
2329,Hangu,0.24758695652173915
2330,Hangu,0.4887391304347826
2331,Hangu,0.42096086956521744
2332,Hangu,0.4176391304347826
2333,Hangu,0.2982
2334,Hangu,0.4566826086956522
2335,Hangu,0.36151304347826085
2336,Hangu,0.26932173913043483
2337,Hangu,0.40367391304347827
2338,Hangu,0.36965652173913044
2339,Hangu,0.4208782608695652
2340,Hangu,0.29733043478260873
2341,Hangu,0.3747173913043479
2342,Hangu,0.3612
2343,Hangu,0.2578304347826087
2344,Hangu,0.29791304347826086
2345,Hangu,0.3488478260869565
2346,Hangu,0.2716608695652174
2347,Hangu,0.39943913043478263
2348,Hangu,0.3625521739130435
2349,Hangu,0.2762
2350,Karak,0.28843478260869565
2351,Karak,0.24453478260869566
2352,Karak,0.2806347826086957
2353,Karak,0.21947391304347827
2354,Karak,0.18550869565217393
2355,Karak,0.16176521739130437
2356,Karak,0.1463695652173913
2357,Karak,0.30890434782608694
2358,Karak,0.32688695652173916
2359,Karak,0.21660869565217392
2360,Karak,0.16377826086956523
2361,Karak,0.27352608695652175
2362,Karak,0.30867826086956524
2363,Karak,0.1608217391304348
2364,Karak,0.22166521739130435
2365,Karak,0.18536521739130435
2366,Karak,0.18480000000000002
2367,Karak,0.18570869565217393
2368,Karak,0.26290434782608696
2369,Karak,0.2674173913043479
2370,Karak,0.23745217391304352
2371,Karak,0.23220434782608695
2372,Karak,0.3370565217391305
2373,Karak,0.16924347826086958
2374,Karak,0.26078695652173917
2375,Kohat,0.33121739130434785
2376,Kohat,0.23160434782608696
2377,Kohat,0.3610695652173913
2378,Kohat,0.2572434782608696
2379,Kohat,0.43309565217391305
2380,Kohat,0.4176565217391304
2381,Kohat,0.3536782608695652
2382,Kohat,0.4871347826086957
2383,Kohat,0.3201913043478261
2384,Kohat,0.23596956521739132
2385,Kohat,0.2804478260869565
2386,Kohat,0.38050869565217393
2387,Kohat,0.3156217391304348
2388,Kohat,0.34469565217391307
2389,Kohat,0.38953043478260874
2390,Kohat,0.2778217391304348
2391,Kohat,0.24049565217391305
2392,Kohat,0.3811478260869565
2393,Kohat,0.43481304347826094
2394,Kohat,0.47390000000000004
2395,Kohat,0.41343913043478264
2396,Kohat,0.4248173913043478
2397,Kohat,0.48290434782608704
2398,Kohat,0.24743478260869567
2399,Kohat,0.2969434782608696
2400,Peshawar,0.4077
2401,Peshawar,0.45206521739130434
2402,Peshawar,0.6076608695652175
2403,Peshawar,0.4840086956521739
2404,Peshawar,0.2239304347826087
2405,Peshawar,0.48218695652173915
2406,Peshawar,0.4703260869565217
2407,Peshawar,0.3480478260869565
2408,Peshawar,0.4107739130434783
2409,Peshawar,0.47594347826086963
2410,Peshawar,0.3275782608695652
2411,Peshawar,0.2535695652173913
2412,Peshawar,0.3531
2413,Peshawar,0.36959565217391305
2414,Peshawar,0.39790000000000003
2415,Peshawar,0.29452173913043483
2416,Peshawar,0.32202608695652174
2417,Peshawar,0.5004000000000001
2418,Peshawar,0.5654347826086957
2419,Peshawar,0.3278956521739131
2420,Peshawar,0.4523347826086957
2421,Peshawar,0.5187913043478262
2422,Peshawar,0.39658695652173914
2423,Peshawar,0.3645652173913044
2424,Peshawar,0.35152608695652177
2425,Charsadda,0.43285217391304354
2426,Charsadda,0.554508695652174
2427,Charsadda,0.5634391304347827
2428,Charsadda,0.5867652173913044
2429,Charsadda,0.5604869565217391
2430,Charsadda,0.436
2431,Charsadda,0.5632304347826087
2432,Charsadda,0.5764521739130435
2433,Charsadda,0.5350086956521739
2434,Charsadda,0.4874913043478261
2435,Charsadda,0.5471434782608696
2436,Charsadda,0.6038347826086957
2437,Charsadda,0.5664304347826087
2438,Charsadda,0.5405695652173913
2439,Charsadda,0.5037521739130435
2440,Charsadda,0.5790826086956522
2441,Charsadda,0.5551826086956522
2442,Charsadda,0.5774217391304348
2443,Charsadda,0.21725652173913046
2444,Charsadda,0.5539782608695653
2445,Charsadda,0.536404347826087
2446,Charsadda,0.5568130434782609
2447,Charsadda,0.5489869565217391
2448,Charsadda,0.5269
2449,Charsadda,0.5784521739130435
2450,Nowshera,0.30768260869565217
2451,Nowshera,0.5367478260869565
2452,Nowshera,0.5072565217391304
2453,Nowshera,0.3611913043478261
2454,Nowshera,0.5297434782608696
2455,Nowshera,0.43509565217391305
2456,Nowshera,0.5347347826086957
2457,Nowshera,0.45055217391304353
2458,Nowshera,0.40121739130434786
2459,Nowshera,0.36590869565217393
2460,Nowshera,0.3495782608695652
2461,Nowshera,0.4947260869565217
2462,Nowshera,0.3712913043478261
2463,Nowshera,0.2888
2464,Nowshera,0.44889130434782615
2465,Nowshera,0.4668695652173913
2466,Nowshera,0.43166086956521743
2467,Nowshera,0.5346000000000001
2468,Nowshera,0.3542173913043479
2469,Nowshera,0.4987521739130435
2470,Nowshera,0.5506347826086957
2471,Nowshera,0.49779565217391303
2472,Nowshera,0.4966086956521739
2473,Nowshera,0.5193739130434784
2474,Nowshera,0.46205217391304354
2475,Chitral,0.19952173913043478
2476,Chitral,0.411504347826087
2477,Chitral,0.4787434782608696
2478,Chitral,0.3591739130434783
2479,Chitral,0.3425521739130435
2480,Chitral,0.3962695652173913
2481,Chitral,0.24674347826086956
2482,Chitral,0.36306086956521744
2483,Chitral,0.3738565217391305
2484,Chitral,0.2563391304347826
2485,Chitral,0.38061304347826086
2486,Chitral,0.2861782608695652
2487,Chitral,0.10557826086956523
2488,Chitral,0.31942608695652175
2489,Chitral,0.24721739130434786
2490,Chitral,0.3470173913043479
2491,Chitral,0.41448260869565223
2492,Chitral,0.3159130434782609
2493,Chitral,0.46276086956521745
2494,Chitral,0.47510869565217395
2495,Chitral,0.34799565217391304
2496,Chitral,0.35646086956521744
2497,Chitral,0.28373478260869567
2498,Chitral,0.1769
2499,Chitral,0.46674782608695653
2500,Upper Dir,0.4142217391304348
2501,Upper Dir,0.47269130434782614
2502,Upper Dir,0.3247
2503,Upper Dir,0.45480434782608703
2504,Upper Dir,0.42004347826086963
2505,Upper Dir,0.2847217391304348
2506,Upper Dir,0.5513173913043479
2507,Upper Dir,0.5797913043478261
2508,Upper Dir,0.5129869565217391
2509,Upper Dir,0.5078652173913043
2510,Upper Dir,0.5611739130434783
2511,Upper Dir,0.46435652173913045
2512,Upper Dir,0.46663043478260874
2513,Upper Dir,0.29918260869565216
2514,Upper Dir,0.3676478260869565
2515,Upper Dir,0.5264304347826088
2516,Upper Dir,0.4851260869565217
2517,Upper Dir,0.5259304347826087
2518,Upper Dir,0.3210521739130435
2519,Upper Dir,0.3295347826086957
2520,Upper Dir,0.5490652173913043
2521,Upper Dir,0.4537521739130435
2522,Upper Dir,0.37251739130434786
2523,Upper Dir,0.5992826086956522
2524,Upper Dir,0.5617217391304348
2525,Lower Dir,0.5115391304347826
2526,Lower Dir,0.5216434782608697
2527,Lower Dir,0.5062130434782609
2528,Lower Dir,0.5253608695652174
2529,Lower Dir,0.5935826086956523
2530,Lower Dir,0.5364434782608696
2531,Lower Dir,0.5703869565217391
2532,Lower Dir,0.3778956521739131
2533,Lower Dir,0.5753478260869566
2534,Lower Dir,0.5093695652173913
2535,Lower Dir,0.5257434782608696
2536,Lower Dir,0.5536782608695652
2537,Lower Dir,0.6095826086956522
2538,Lower Dir,0.4014173913043479
2539,Lower Dir,0.5582695652173914
2540,Lower Dir,0.4895347826086957
2541,Lower Dir,0.5912913043478262
2542,Lower Dir,0.5095391304347826
2543,Lower Dir,0.5020260869565217
2544,Lower Dir,0.4902086956521739
2545,Lower Dir,0.5451086956521739
2546,Lower Dir,0.5084304347826087
2547,Lower Dir,0.4014086956521739
2548,Lower Dir,0.4019521739130435
2549,Lower Dir,0.5194
2550,Malakand,0.42309565217391304
2551,Malakand,0.5025826086956522
2552,Malakand,0.45350869565217394
2553,Malakand,0.36528260869565216
2554,Malakand,0.47840434782608704
2555,Malakand,0.4516913043478261
2556,Malakand,0.5024434782608697
2557,Malakand,0.42094347826086964
2558,Malakand,0.5405739130434783
2559,Malakand,0.48882608695652174
2560,Malakand,0.545695652173913
2561,Malakand,0.43614347826086963
2562,Malakand,0.49993043478260873
2563,Malakand,0.4156826086956522
2564,Malakand,0.5549217391304349
2565,Malakand,0.5505695652173913
2566,Malakand,0.3731521739130435
2567,Malakand,0.44141304347826094
2568,Malakand,0.5337347826086957
2569,Malakand,0.43613913043478264
2570,Malakand,0.5104260869565217
2571,Malakand,0.5500478260869566
2572,Malakand,0.4622869565217391
2573,Malakand,0.5508565217391305
2574,Malakand,0.5352956521739131
2575,Swat,0.5812347826086958
2576,Swat,0.43396521739130434
2577,Swat,0.49069565217391303
2578,Swat,0.6251826086956522
2579,Swat,0.5467217391304349
2580,Swat,0.5488782608695653
2581,Swat,0.5868826086956522
2582,Swat,0.5570869565217391
2583,Swat,0.5178434782608696
2584,Swat,0.5929478260869565
2585,Swat,0.2644347826086957
2586,Swat,0.6054739130434783
2587,Swat,0.412004347826087
2588,Swat,0.30184347826086955
2589,Swat,0.5907869565217392
2590,Swat,0.5563217391304348
2591,Swat,0.4147608695652174
2592,Swat,0.5066565217391304
2593,Swat,0.6569608695652174
2594,Swat,0.5273
2595,Swat,0.5375565217391304
2596,Swat,0.6068434782608696
2597,Swat,0.3919217391304348
2598,Swat,0.3399739130434783
2599,Swat,0.41697826086956524
2600,Kohistan,0.37194782608695653
2601,Kohistan,0.3012521739130435
2602,Kohistan,0.3899956521739131
2603,Kohistan,0.3400347826086957
2604,Kohistan,0.5251217391304348
2605,Kohistan,0.32399130434782614
2606,Kohistan,0.44291304347826094
2607,Kohistan,0.3533521739130435
2608,Kohistan,0.4969521739130435
2609,Kohistan,0.4106826086956522
2610,Kohistan,0.44291304347826094
2611,Kohistan,0.4083217391304348
2612,Kohistan,0.35148695652173917
2613,Kohistan,0.3659782608695652
2614,Kohistan,0.2696391304347826
2615,Kohistan,0.376604347826087
2616,Kohistan,0.39840434782608697
2617,Kohistan,0.40984347826086964
2618,Kohistan,0.3627478260869565
2619,Kohistan,0.3834608695652174
2620,Kohistan,0.3688782608695652
2621,Kohistan,0.4955347826086957
2622,Kohistan,0.376604347826087
2623,Kohistan,0.5039826086956523
2624,Kohistan,0.4896304347826087
2625,Mardan,0.5665652173913043
2626,Mardan,0.5280565217391304
2627,Mardan,0.5225826086956522
2628,Mardan,0.49734782608695655
2629,Mardan,0.4806434782608696
2630,Mardan,0.4972478260869565
2631,Mardan,0.4995304347826087
2632,Mardan,0.5831000000000001
2633,Mardan,0.5546434782608696
2634,Mardan,0.4346086956521739
2635,Mardan,0.4414
2636,Mardan,0.5479739130434783
2637,Mardan,0.4793347826086957
2638,Mardan,0.5232434782608696
2639,Mardan,0.5587391304347826
2640,Mardan,0.5189956521739131
2641,Mardan,0.5570565217391305
2642,Mardan,0.5815391304347827
2643,Mardan,0.5707739130434784
2644,Mardan,0.5117478260869566
2645,Mardan,0.5560260869565218
2646,Mardan,0.5564826086956522
2647,Mardan,0.45024347826086963
2648,Mardan,0.5607130434782609
2649,Mardan,0.5823347826086958
2650,Swabi,0.44270000000000004
2651,Swabi,0.5301652173913043
2652,Swabi,0.4836391304347826
2653,Swabi,0.48070869565217395
2654,Swabi,0.5381347826086957
2655,Swabi,0.4723130434782609
2656,Swabi,0.45096521739130435
2657,Swabi,0.433995652173913
2658,Swabi,0.48771304347826094
2659,Swabi,0.46642173913043483
2660,Swabi,0.5198260869565218
2661,Swabi,0.4719478260869565
2662,Swabi,0.46919130434782613
2663,Swabi,0.3995782608695652
2664,Swabi,0.5038434782608696
2665,Swabi,0.5388347826086958
2666,Swabi,0.4771391304347826
2667,Swabi,0.43899130434782613
2668,Swabi,0.4426652173913043
2669,Swabi,0.4617130434782609
2670,Swabi,0.5512391304347827
2671,Swabi,0.4895695652173913
2672,Swabi,0.4385913043478261
2673,Swabi,0.38782173913043483
2674,Swabi,0.5206304347826087
2675,Buner,0.5204913043478261
2676,Buner,0.5947217391304348
2677,Buner,0.47515217391304354
2678,Buner,0.44454782608695653
2679,Buner,0.49154347826086964
2680,Buner,0.5515434782608696
2681,Buner,0.5252304347826088
2682,Buner,0.47950434782608703
2683,Buner,0.5561782608695652
2684,Buner,0.45713043478260873
2685,Buner,0.5334521739130436
2686,Buner,0.5545260869565217
2687,Buner,0.5243695652173913
2688,Buner,0.5726391304347827
2689,Buner,0.4951478260869565
2690,Buner,0.5726608695652174
2691,Buner,0.4580434782608696
2692,Buner,0.5035652173913043
2693,Buner,0.5179565217391304
2694,Buner,0.5504869565217392
2695,Buner,0.5641347826086958
2696,Buner,0.5468652173913043
2697,Buner,0.534804347826087
2698,Buner,0.465504347826087
2699,Buner,0.5633304347826087
2700,Haripur,0.43898695652173914
2701,Haripur,0.5424391304347826
2702,Haripur,0.5147260869565218
2703,Haripur,0.4405695652173913
2704,Haripur,0.5005782608695653
2705,Haripur,0.4138565217391304
2706,Haripur,0.4391913043478261
2707,Haripur,0.4760304347826087
2708,Haripur,0.3597565217391305
2709,Haripur,0.4750434782608696
2710,Haripur,0.5191086956521739
2711,Haripur,0.5204173913043478
2712,Haripur,0.22201052631578946
2713,Haripur,0.5074739130434783
2714,Haripur,0.5063478260869565
2715,Haripur,0.505395652173913
2716,Haripur,0.4970086956521739
2717,Haripur,0.41169130434782614
2718,Haripur,0.4684652173913043
2719,Haripur,0.4628086956521739
2720,Haripur,0.42729130434782614
2721,Haripur,0.5380652173913043
2722,Haripur,0.4315521739130435
2723,Haripur,0.4221304347826087
2724,Haripur,0.5956521739130435
2725,Abbottabad,0.5190695652173913
2726,Abbottabad,0.5726260869565217
2727,Abbottabad,0.5404260869565217
2728,Abbottabad,0.4658739130434783
2729,Abbottabad,0.4838782608695652
2730,Abbottabad,0.49169565217391303
2731,Abbottabad,0.4960652173913043
2732,Abbottabad,0.5622260869565218
2733,Abbottabad,0.557404347826087
2734,Abbottabad,0.4645782608695652
2735,Abbottabad,0.49804347826086964
2736,Abbottabad,0.518295652173913
2737,Abbottabad,0.5063869565217392
2738,Abbottabad,0.530595652173913
2739,Abbottabad,0.5100608695652175
2740,Abbottabad,0.40966521739130435
2741,Abbottabad,0.4376521739130435
2742,Abbottabad,0.5057521739130435
2743,Abbottabad,0.4718695652173913
2744,Abbottabad,0.4065304347826087
2745,Abbottabad,0.5314130434782609
2746,Abbottabad,0.5227086956521739
2747,Abbottabad,0.5173173913043478
2748,Abbottabad,0.5758391304347826
2749,Abbottabad,0.5266217391304349
2750,Battagram,0.491395652173913
2751,Battagram,0.5841478260869565
2752,Battagram,0.5040913043478261
2753,Battagram,0.4505826086956522
2754,Battagram,0.4436086956521739
2755,Battagram,0.5713695652173914
2756,Battagram,0.49308260869565224
2757,Battagram,0.5301739130434783
2758,Battagram,0.5558217391304349
2759,Battagram,0.5412739130434783
2760,Battagram,0.5527304347826087
2761,Battagram,0.46587826086956524
2762,Battagram,0.5172695652173913
2763,Battagram,0.5515913043478261
2764,Battagram,0.5251
2765,Battagram,0.4856217391304348
2766,Battagram,0.45805217391304354
2767,Battagram,0.5382130434782609
2768,Battagram,0.4831217391304348
2769,Battagram,0.5042565217391304
2770,Battagram,0.5686347826086957
2771,Battagram,0.5679347826086957
2772,Battagram,0.41478695652173914
2773,Battagram,0.5543913043478261
2774,Battagram,0.5259434782608696
2775,Shangla,0.5871391304347826
2776,Shangla,0.5505608695652174
2777,Shangla,0.615995652173913
2778,Shangla,0.5728565217391304
2779,Shangla,0.5919782608695652
2780,Shangla,0.6173652173913043
2781,Shangla,0.5835173913043479
2782,Shangla,0.564213043478261
2783,Shangla,0.5676391304347826
2784,Shangla,0.5856217391304348
2785,Shangla,0.5910260869565217
2786,Shangla,0.6154739130434783
2787,Shangla,0.6365565217391305
2788,Shangla,0.5635
2789,Shangla,0.5950434782608697
2790,Shangla,0.5771782608695653
2791,Shangla,0.6134913043478262
2792,Shangla,0.44621739130434784
2793,Shangla,0.632195652173913
2794,Shangla,0.5858478260869565
2795,Shangla,0.6037478260869565
2796,Shangla,0.5504739130434784
2797,Shangla,0.595108695652174
2798,Shangla,0.5505608695652174
2799,Shangla,0.5925304347826087
2800,Okara,0.5392782608695652
2801,Okara,0.5171826086956522
2802,Okara,0.5630652173913043
2803,Okara,0.47684347826086965
2804,Okara,0.48156086956521743
2805,Okara,0.38303478260869567
2806,Okara,0.3754217391304348
2807,Okara,0.4697608695652174
2808,Okara,0.5269521739130435
2809,Okara,0.514913043478261
2810,Okara,0.5492913043478261
2811,Okara,0.5387391304347826
2812,Okara,0.5412913043478261
2813,Okara,0.23090000000000002
2814,Okara,0.4663739130434783
2815,Okara,0.4156086956521739
2816,Okara,0.4538869565217391
2817,Okara,0.5090826086956523
2818,Okara,0.5731608695652174
2819,Okara,0.5200173913043479
2820,Okara,0.47895652173913045
2821,Okara,0.5195739130434783
2822,Okara,0.5465826086956522
2823,Okara,0.5322521739130435
2824,Okara,0.5148173913043478
2825,Narowal,0.5084652173913043
2826,Narowal,0.46534347826086964
2827,Narowal,0.5404391304347826
2828,Narowal,0.5242521739130436
2829,Narowal,0.48353913043478264
2830,Narowal,0.2456695652173913
2831,Narowal,0.5056608695652174
2832,Narowal,0.49783043478260874
2833,Narowal,0.5238217391304348
2834,Narowal,0.533604347826087
2835,Narowal,0.5418826086956522
2836,Narowal,0.5197565217391305
2837,Narowal,0.5324304347826088
2838,Narowal,0.5365173913043478
2839,Narowal,0.5537521739130435
2840,Narowal,0.5099913043478261
2841,Narowal,0.3509
2842,Narowal,0.526508695652174
2843,Narowal,0.4948565217391304
2844,Narowal,0.3682695652173913
2845,Narowal,0.4889913043478261
2846,Narowal,0.5113869565217392
2847,Narowal,0.5204739130434783
2848,Narowal,0.5285391304347826
2849,Narowal,0.5523869565217391
2850,Gujranwala,0.5896043478260871
2851,Gujranwala,0.5563260869565217
2852,Gujranwala,0.5285913043478261
2853,Gujranwala,0.5257826086956522
2854,Gujranwala,0.5097739130434783
2855,Gujranwala,0.4961521739130435
2856,Gujranwala,0.47500000000000003
2857,Gujranwala,0.49690869565217394
2858,Gujranwala,0.5091434782608696
2859,Gujranwala,0.5482782608695652
2860,Gujranwala,0.5743565217391304
2861,Gujranwala,0.4744913043478261
2862,Gujranwala,0.4941826086956522
2863,Gujranwala,0.5204478260869565
2864,Gujranwala,0.5200391304347827
2865,Gujranwala,0.5686478260869565
2866,Gujranwala,0.46053478260869574
2867,Gujranwala,0.5703
2868,Gujranwala,0.528904347826087
2869,Gujranwala,0.3869347826086957
2870,Gujranwala,0.5677347826086957
2871,Gujranwala,0.504495652173913
2872,Gujranwala,0.5645826086956522
2873,Gujranwala,0.5077304347826087
2874,Gujranwala,0.532504347826087
2875,Shigar,-0.016895652173913044
2876,Shigar,-0.04636086956521739
2877,Shigar,0.004840909090909091
2878,Shigar,0.02277777777777778
2879,Shigar,0.11732173913043478
2880,Shigar,-0.03056666666666667
2881,Shigar,0.01852857142857143
2882,Shigar,-0.04877826086956522
2883,Shigar,-0.025843478260869565
2884,Shigar,-0.04720454545454546
2885,Shigar,0.09012608695652174
2886,Shigar,-0.00030434782608695655
2887,Shigar,-0.05117826086956522
2888,Shigar,-0.03446956521739131
2889,Shigar,0.0019823529411764707
2890,Shigar,-0.045020000000000004
2891,Shigar,0.16071304347826088
2892,Shigar,-0.04044782608695652
2893,Shigar,0.13812608695652176
2894,Shigar,-0.0379875
2895,Shigar,-0.04588695652173913
2896,Shigar,0.2353478260869565
2897,Shigar,0.1789695652173913
2898,Shigar,0.09672173913043479
2899,Shigar,-0.03417826086956522
2900,Azad Kashmir,0.6550565217391304
2901,Azad Kashmir,0.5408130434782609
2902,Azad Kashmir,0.44654782608695653
2903,Azad Kashmir,0.5043
2904,Azad Kashmir,0.47000000000000003
2905,Azad Kashmir,0.14477619047619047
2906,Azad Kashmir,0.6109
2907,Azad Kashmir,0.5806304347826087
2908,Azad Kashmir,0.4201217391304348
2909,Azad Kashmir,0.5575434782608696
2910,Azad Kashmir,0.5473434782608696
2911,Azad Kashmir,0.5732260869565218
2912,Azad Kashmir,0.13264347826086959
2913,Azad Kashmir,0.5181913043478261
2914,Azad Kashmir,0.29507826086956523
2915,Azad Kashmir,0.46256521739130435
2916,Azad Kashmir,0.6015260869565218
2917,Azad Kashmir,0.5801130434782609
2918,Azad Kashmir,0.6390869565217391
2919,Azad Kashmir,0.3577
2920,Azad Kashmir,0.06264782608695653
2921,Azad Kashmir,0.6336304347826087
2922,Azad Kashmir,-0.001591304347826087
2923,Azad Kashmir,0.6474478260869565
2924,Azad Kashmir,0.7124739130434783
2925,Diamer,0.02606521739130435
2926,Diamer,0.3681695652173913
2927,Diamer,0.15247391304347827
2928,Diamer,0.09719565217391304
2929,Diamer,0.1603217391304348
2930,Diamer,0.04562608695652174
2931,Diamer,0.442304347826087
2932,Diamer,0.26338260869565217
2933,Diamer,0.1844913043478261
2934,Diamer,0.36581739130434787
2935,Diamer,0.2174782608695652
2936,Diamer,0.436
2937,Diamer,0.3025521739130435
2938,Diamer,0.12211250000000001
2939,Diamer,0.1885304347826087
2940,Diamer,0.4588739130434783
2941,Diamer,0.3579478260869565
2942,Diamer,0.4388217391304348
2943,Diamer,0.014266666666666667
2944,Diamer,0.1917590909090909
2945,Diamer,-0.01995909090909091
2946,Diamer,0.28406521739130436
2947,Diamer,0.1943
2948,Diamer,0.22841304347826086
2949,Diamer,0.1598434782608696
2950,Ghizer,-0.034340909090909096
2951,Ghizer,0.20347391304347826
2952,Ghizer,0.11535000000000001
2953,Ghizer,0.0020818181818181816
2954,Ghizer,0.1346304347826087
2955,Ghizer,0.04296521739130435
2956,Ghizer,-0.013813043478260869
2957,Ghizer,0.007677272727272727
2958,Ghizer,0.01838
2959,Ghizer,0.1981217391304348
2960,Ghizer,-0.02338695652173913
2961,Ghizer,0.07985652173913044
2962,Ghizer,-0.019930434782608697
2963,Ghizer,-0.0263
2964,Ghizer,0.04575652173913044
2965,Ghizer,0.023786956521739133
2966,Ghizer,0.01922608695652174
2967,Ghizer,0.01401764705882353
2968,Ghizer,0.044417391304347825
2969,Ghizer,-0.009054545454545456
2970,Ghizer,-0.0092
2971,Ghizer,-0.04368095238095238
2972,Ghizer,-0.03784375
2973,Ghizer,0.08646521739130435
2974,Ghizer,0.02816818181818182
2975,Hunza,-0.04980869565217391
2976,Hunza,0.01777391304347826
2977,Hunza,0.06293043478260871
2978,Hunza,-0.042
2979,Hunza,-0.03566521739130435
2980,Hunza,-0.01078695652173913
2981,Hunza,0.04194347826086956
2982,Hunza,-0.03381739130434783
2983,Hunza,-0.038834782608695655
2984,Hunza,0.07593478260869566
2985,Hunza,-0.048155555555555556
2986,Hunza,0.09967391304347827
2987,Hunza,-0.06044782608695653
2988,Hunza,-0.0004652173913043479
2989,Hunza,-0.07010000000000001
2990,Hunza,0.06244782608695653
2991,Hunza,0.06615652173913045
2992,Hunza,-0.07118260869565218
2993,Hunza,-0.03943888888888889
2994,Hunza,-0.03030454545454546
2995,Hunza,-0.033185714285714284
2996,Hunza,-0.012660869565217392
2997,Hunza,-0.03819
2998,Hunza,0.051800000000000006
2999,Hunza,-0.03225217391304348
3000,Gilgit,0.15682608695652175
3001,Gilgit,0.1280521739130435
3002,Gilgit,0.4102782608695652
3003,Gilgit,0.1445304347826087
3004,Gilgit,0.09936190476190476
3005,Gilgit,0.044427272727272725
3006,Gilgit,-0.015586956521739132
3007,Gilgit,0.2636260869565218
3008,Gilgit,0.1512695652173913
3009,Gilgit,0.13059565217391306
3010,Gilgit,-0.029504347826086956
3011,Gilgit,0.10521304347826088
3012,Gilgit,-0.01182
3013,Gilgit,0.1451913043478261
3014,Gilgit,-0.005333333333333334
3015,Gilgit,0.158
3016,Gilgit,0.12510000000000002
3017,Gilgit,0.24825652173913046
3018,Gilgit,0.20578947368421055
3019,Gilgit,0.13477391304347824
3020,Gilgit,0.03493181818181818
3021,Gilgit,0.4297608695652174
3022,Gilgit,0.13644347826086958
3023,Gilgit,0.14274347826086958
3024,Gilgit,0.3953434782608696
3025,Nagar,-0.010404347826086957
3026,Nagar,0.04330869565217391
3027,Nagar,0.1335304347826087
3028,Nagar,0.1567136363636364
3029,Nagar,-0.06106190476190476
3030,Nagar,-0.05624347826086957
3031,Nagar,0.10653913043478261
3032,Nagar,0.11167826086956523
3033,Nagar,-0.042734782608695655
3034,Nagar,0.13140434782608695
3035,Nagar,-0.026630434782608695
3036,Nagar,-0.03197826086956522
3037,Nagar,-0.04701304347826087
3038,Nagar,0.21402608695652175
3039,Nagar,0.21411739130434787
3040,Nagar,-0.04816363636363637
3041,Nagar,0.003552173913043478
3042,Nagar,0.16703478260869567
3043,Nagar,-0.016813043478260868
3044,Nagar,0.13879130434782608
3045,Nagar,-0.050495652173913046
3046,Nagar,-0.02314375
3047,Nagar,-0.0413125
3048,Nagar,-0.000982608695652174
3049,Nagar,-0.05586818181818182
3050,Astore,0.18908695652173912
3051,Astore,0.1411913043478261
3052,Astore,0.1983217391304348
3053,Astore,0.08339130434782609
3054,Astore,-0.03513478260869565
3055,Astore,-0.030215
3056,Astore,0.1745695652173913
3057,Astore,0.11307826086956523
3058,Astore,0.10794782608695654
3059,Astore,0.1406608695652174
3060,Astore,-0.020608695652173912
3061,Astore,0.44470434782608703
3062,Astore,0.27048000000000005
3063,Astore,0.004065
3064,Astore,0.18596818181818184
3065,Astore,0.08584347826086956
3066,Astore,0.0922304347826087
3067,Astore,0.1947235294117647
3068,Astore,0.18031304347826088
3069,Astore,0.15635454545454547
3070,Astore,0.13529444444444444
3071,Astore,0.08615217391304347
3072,Astore,0.27200434782608696
3073,Astore,0.20471818181818183
3074,Astore,0.032411764705882355
3075,Kharmang,0.03384782608695652
3076,Kharmang,0.1264695652173913
3077,Kharmang,0.10766956521739131
3078,Kharmang,-0.0015130434782608696
3079,Kharmang,-0.010195238095238096
3080,Kharmang,0.018756521739130436
3081,Kharmang,0.12325652173913043
3082,Kharmang,-0.00995217391304348
3083,Kharmang,0.0574304347826087
3084,Kharmang,0.10770869565217393
3085,Kharmang,0.08679090909090909
3086,Kharmang,0.11934347826086958
3087,Kharmang,-0.0014304347826086957
3088,Kharmang,-0.010581818181818182
3089,Kharmang,-0.0021956521739130434
3090,Kharmang,-0.012123529411764707
3091,Kharmang,0.1229608695652174
3092,Kharmang,0.13161
3093,Kharmang,0.17815652173913044
3094,Kharmang,0.12914782608695652
3095,Kharmang,-0.018969565217391304
3096,Kharmang,0.13022608695652174
3097,Kharmang,0.07632173913043479
3098,Kharmang,0.04372608695652174
3099,Kharmang,0.0391304347826087
3100,Skardu,0.10488571428571429
3101,Skardu,4.347826086956522e-05
3102,Skardu,0.08677826086956522
3103,Skardu,0.12086521739130436
3104,Skardu,0.148315
3105,Skardu,-0.02036
3106,Skardu,-0.02744782608695652
3107,Skardu,0.40541304347826085
3108,Skardu,0.1156608695652174
3109,Skardu,0.009273913043478261
3110,Skardu,0.051608695652173915
3111,Skardu,0.005125
3112,Skardu,-0.028286956521739133
3113,Skardu,0.04143913043478261
3114,Skardu,0.13933478260869567
3115,Skardu,0.17331304347826088
3116,Skardu,0.2076304347826087
3117,Skardu,0.10186315789473685
3118,Skardu,0.13648695652173914
3119,Skardu,-0.03704285714285715
3120,Skardu,-0.06850869565217392
3121,Skardu,-0.019594736842105265
3122,Skardu,0.03638260869565218
3123,Skardu,0.09252
3124,Skardu,-0.029972727272727276
3125,Ghanche,-0.013104347826086956
3126,Ghanche,-0.03088695652173913
3127,Ghanche,-0.03435217391304348
3128,Ghanche,-0.0463
3129,Ghanche,-0.07261739130434783
3130,Ghanche,0.09913809523809525
3131,Ghanche,-0.026971428571428573
3132,Ghanche,0.08698695652173913
3133,Ghanche,-0.043891304347826086
3134,Ghanche,-0.031286956521739136
3135,Ghanche,0.044152173913043484
3136,Ghanche,0.003221739130434783
3137,Ghanche,0.10210000000000001
3138,Ghanche,-0.051105000000000005
3139,Ghanche,0.02874782608695652
3140,Ghanche,-0.029395652173913045
3141,Ghanche,0.12065652173913043
3142,Ghanche,0.022241176470588236
3143,Ghanche,0.06379565217391304
3144,Ghanche,-0.00955909090909091
3145,Ghanche,-0.009055
3146,Ghanche,0.07622608695652174
3147,Ghanche,0.07088260869565217
3148,Ghanche,0.10363478260869566
3149,Ghanche,-0.039288888888888894
