district,flooded,VV_during,VH_during,VV_change,VH_change,jrc_occurrence,precip_total_mm,hist_mean_precip_mm,precip_anomaly_pct
Abbottabad,1,-10.187412643765253,-15.677489310466823,-0.2636731166861441,-1.3806577736640016,0,200.19384002685547,210.4574002504349,-4.876787516792587
Abbottabad,1,-10.773812247347523,-18.3475856911902,1.2424763117478914,4.001388333214301,0,206.67298698425293,208.6228083372116,-0.9346156196915185
Abbottabad,1,-6.699301445978477,-13.778753868030744,0.6579922888637144,0.660379034553058,0,243.50255966186523,250.65440905094147,-2.8532709303440718
Abbottabad,1,-7.5825713511368,-14.362027337104376,-0.5281584757922149,-0.0651911437552552,0,204.21190643310547,217.9890278339386,-6.3200985562119065
Abbottabad,1,-11.889513534760509,-16.837017922085142,0.0400246613577941,0.4520564003539178,0,175.58644485473633,241.3923378407955,-27.260970076630958
Abbottabad,1,-8.048067315827483,-13.326612722882878,-2.219631887862759,-2.414982372590769,0,199.1472511291504,220.56054419875144,-9.708578271508577
Abbottabad,1,-7.049541897252884,-14.824499019158807,-0.0056505011447471,1.0407169171995443,0,179.64523887634277,221.6825756430626,-18.962851114832464
Abbottabad,1,-8.809646966027778,-12.82111111860615,1.5801413756536,-1.8368802808322224,0,217.61908721923828,223.1838966667652,-2.4933740877531663
Abbottabad,1,-7.888469929628779,-15.325762894793272,-0.8007663595523171,-0.6208012283080677,0,194.8350887298584,211.6855392754078,-7.96013303659187
Abbottabad,1,-11.485461086511544,-17.47352831548778,1.143380900874087,-0.0342436856834567,0,206.67298698425293,208.6228083372116,-0.9346156196915185
Abbottabad,1,-8.628538154969881,-13.756060296999213,-0.870516180472162,-2.121192505855433,0,182.81911849975586,202.78984701633453,-9.8479922986332
Abbottabad,1,-7.964439444626364,-13.108143404988386,1.3942591067463503,0.2136602520804018,0,130.1124267578125,205.47580358982086,-36.67749463214257
Abbottabad,1,-10.04313583408164,-16.095903086074664,-0.9552651966169848,-0.6827258452565346,0,258.7103958129883,234.17865028381348,10.475654163794811
Abbottabad,1,-11.090125370081736,-15.88512228277026,-0.1476523195030967,-0.1190818725638251,0,229.20140838623047,212.70319632291793,7.7564476456035845
Abbottabad,1,-14.594977954737,-19.43828096258016,1.1744906987274517,-0.3031815593620557,0,181.82699012756348,206.56693955659867,-11.97672264600528
Astore,1,-2.692399845461844,-15.91087926147634,0.4183153545289211,0.8546019256977502,0,31.829551219940186,36.29066156521439,-12.292722570674504
Astore,1,-5.772504667875104,-16.27244586115552,-12.81418495867686,-6.296959596924388,0,38.49757099151611,38.23107431530953,0.6970682382835055
Astore,1,-13.106421045041676,-19.55494460500435,16.603722816132642,16.778453077469297,0,23.18127202987671,15.034984941780568,54.182209823559624
Astore,1,-12.00965294361701,-20.45948885518157,-0.5971370621888994,-0.0929817853705365,0,38.56802225112915,41.28962883204222,-6.591501686740775
Astore,1,-14.24473013769473,-24.076739493295648,11.224853729755615,15.375165348293589,0,147.33465337753296,133.83043731451033,10.09054168394207
Astore,1,0.6183496382463588,-13.275885749105466,-16.87433152011346,-7.981219620419306,0,26.354044914245605,68.28261067122222,-61.40445619289634
Astore,1,-10.335067046390847,-18.047620833134246,7.562759167612448,1.7542286213227811,0,38.085697174072266,33.531886477768424,13.58053833124781
Astore,1,-15.961092129889847,-21.12155003985193,3.1579684482246773,0.4725199956729717,0,36.18486738204956,39.5119310900569,-8.42040268906165
Astore,1,-15.498317847869927,-20.93595667242566,17.445320185952525,9.127597735135652,0,32.848220348358154,34.86621995419264,-5.787835929692802
Astore,1,-5.468934792380534,-15.378220173662484,-12.89085223611736,-8.351134195089003,0,38.085697174072266,33.531886477768424,13.58053833124781
Astore,1,-8.631038579296593,-16.706595635220893,-5.057347427290752,-0.8616553544943777,0,17.19619131088257,39.47940659672022,-56.44262973215216
Astore,1,-10.35340626468583,-16.797096797614127,-4.314084846787939,-3.723553908957623,0,30.201661586761475,21.933614534139632,37.69577987135974
Astore,1,-14.211712876286724,-20.392525999428702,-5.71012790722404,-2.5181071122068204,0,6.119752407073975,30.26271505728364,-79.7779135299327
Astore,1,-7.274589135454487,-16.555456935581248,-1.213062144527047,-0.9382622251492804,0,27.599334716796875,68.0774032920599,-59.458890348104866
Astore,1,1.0564646772741564,-8.312798714086277,-8.618770264150804,-7.222627696051228,0,12.6732816696167,25.702833911869675,-50.69305698713586
Attock,0,-8.532722951750577,-17.952248589978772,-4.370414153324662,-3.261291438622763,0,151.7975471019745,136.43869214206933,11.256964368958085
Attock,0,-13.305966842558204,-20.179087720048532,-0.36774580301811,0.289827185742542,0,105.78529739379883,123.35280381441116,-14.241675809042242
Attock,0,-8.295875806102481,-14.307553396261165,-2.35273597529301,-4.724670354410371,0,155.97370529174805,160.39334783256055,-2.7555023949162165
Attock,0,-10.325288224269167,-20.685903749830217,-1.344941669669792,0.3889305036360966,0,120.26140356063843,116.4232307240367,3.2967413915007433
Attock,0,-9.05391486872196,-16.250238671916648,-0.8812122042117956,1.0486278825900983,0,77.15302467346191,101.01646934747696,-23.62332085863093
Attock,0,-9.661381305596922,-15.8615439454515,-3.5313561936005247,-4.6616692345109385,0,152.8358860015869,157.74469983577728,-3.1118724364753745
Attock,0,-10.023881538096024,-17.356523083233306,-4.206928958101974,-2.037097159064704,0,105.78529739379883,123.35280381441116,-14.241675809042242
Attock,0,-9.217737734896456,-15.514957238692846,-2.8264511373603725,-2.6137146881609308,0,163.07000160217285,172.46643063426018,-5.448265495801791
Attock,0,-14.144649831077746,-20.62181018778068,1.5353120329973926,-0.4697209872664594,0,124.91742610931396,129.08762814104557,-3.230520299881178
Attock,0,-10.554143133260666,-15.167809390367308,-2.994871548455528,-7.082844941522255,0,105.78529739379883,123.35280381441116,-14.241675809042242
Attock,0,-7.890376246336233,-17.995800145582304,-4.558971249840038,-2.2526892311911766,0,118.9420394897461,139.88180802464484,-14.969615299231412
Attock,0,-8.005437850765073,-16.387732189370304,-4.605284782236746,-7.392963880138005,0,101.5995864868164,124.89669654965401,-18.653103489871402
Attock,0,-11.971943631695368,-19.906042151631244,-2.1247312356979826,-1.7968553564040377,0,121.73668670654297,163.7739366710186,-25.667850952937695
Attock,0,-12.061398433304973,-18.355632287728515,-0.1783552325819872,-3.7395286367901655,0,135.3691577911377,155.84445704817773,-13.13829163055206
Attock,0,-10.815961451756165,-21.631060766857075,-1.7876257307223575,1.957673510453436,0,135.8064615726471,141.5430159635842,-4.05286997163674
Awaran,1,-11.071635844698276,-23.14080068930904,0.0374236409894628,2.3907987688074925,0,35.14060401916504,11.359081438975409,209.36131770822772
Awaran,1,-9.348274557658163,-16.548194967137444,2.3406892355593545,2.281198010473254,0,55.168800354003906,15.262125084083527,261.4752208494085
Awaran,1,-13.74639714893972,-21.086702160142472,-1.8394830615708135,-0.0308219459272329,0,15.203048586845398,7.1286450594733655,113.26701582149661
Awaran,1,-8.988895036653474,-19.075281445187954,-0.3079849585014163,1.4851312711834836,0,34.71401929855347,9.753106968966312,255.9278023814461
Awaran,1,-15.47339086580785,-22.60505390652338,1.8544292032240768,1.6413775473323824,0,55.75931739807129,20.753811774076894,168.67024720595646
Awaran,1,-13.600429392579793,-21.247390727521363,-1.6900821704824054,0.8391411466882879,0,49.35530066490173,17.80974574612919,177.12524012662405
Awaran,1,-13.03229970171965,-19.2042194591888,6.694485726080483,2.777461842530617,0,54.50921130180359,15.27609133562073,256.82695333654635
Awaran,1,-11.382116473463896,-19.53990996556572,0.1962154976410328,0.8393799768426291,0,36.064473390579224,18.346303218300456,96.57624188073419
Awaran,1,-10.938855297606178,-18.829713262937386,-0.5967222392589999,0.7821030581533783,0,64.45956182479858,21.541900170058945,199.2287649461436
Awaran,1,-8.159679431719171,-14.055716529134596,0.3853497469834188,-0.0661049142469494,0,41.35471320152283,18.892012177500874,118.90052162243221
Awaran,1,-13.579148511974052,-18.853310691022504,-1.8388790815387197,-4.259053024441119,0,42.03824472427368,20.5646393364761,104.420043728699
Awaran,1,-10.189698930861988,-17.270393966966143,1.4881514147370185,-1.675215103065245,0,42.7721848487854,17.53593099513091,143.91168544551002
Awaran,1,-3.071539202060591,-15.992690806758407,-3.9932662791725377,-1.683304545264514,0,36.75894021987915,15.55290410023881,136.347758482705
Awaran,1,-15.450767569017074,-22.708211217537876,0.7196459341990185,-0.4070821897834733,0,50.0297886133194,16.364529704279267,205.72090684791746
Awaran,1,-18.343825480247503,-26.827812286403635,7.725553220274449,7.29050034863635,0,13.938443899154663,10.973808247279067,27.015559093723656
Azad Kashmir,1,-7.4530942445690815,-13.481417436062085,-0.1334311882689647,-0.7647762624530028,0,78.92653131484985,180.64729021787645,-56.30904221167251
Azad Kashmir,1,-10.359175030552692,-17.20833552522617,-1.6996586804528224,-0.8484514930037719,0,226.91345405578613,239.36783087849616,-5.203028651344512
Azad Kashmir,1,-9.143351590760258,-15.776636865849571,-0.8085679308381888,0.2553468556676144,0,82.72024345397949,219.75439825057984,-62.35786673099671
Azad Kashmir,1,-9.892444476638456,-17.811421084757452,-0.8186782300209288,-0.5705729590287092,0,87.02774429321289,242.4725587427616,-64.10820888579794
Azad Kashmir,1,-7.640357283939249,-15.02803412527688,-1.3923360810431884,-2.7627715666426558,0,257.9844741821289,241.541594684124,6.8074732716359225
Azad Kashmir,1,-3.151819118094948,-13.301985623663208,-2.110877734193068,-1.7117756632229175,0,65.34656047821045,111.53371092677116,-41.410933129343704
Azad Kashmir,1,-12.77237520646448,-16.52254785094253,-0.1930315117535439,-1.9034634935725732,0,229.23147010803223,237.9014756888151,-3.6443681383984385
Azad Kashmir,1,-9.263978932311804,-13.976446272946756,-1.291947143549173,-1.1742256732948668,0,247.94256591796875,233.20981866270304,6.317378633433111
Azad Kashmir,1,-6.744280763034427,-12.788166953808831,2.1918117168537234,-1.4546019039757088,0,122.18035459518433,172.00925738215446,-28.968733163160415
Azad Kashmir,1,-12.21295366005361,-15.845245418091954,-0.2456016364612168,-2.9735233461265107,0,212.62376308441162,239.68258507549763,-11.289440149588986
Azad Kashmir,1,-8.506572133998791,-16.39927010000249,-1.462039792476066,-0.695105287374993,0,152.67938375473022,171.34769396185874,-10.894987715028135
Azad Kashmir,1,-7.905511397723179,-16.493973794034336,-3.527876673695242,-1.413705471396728,0,240.89301681518555,237.68885261416435,1.348049841539038
Azad Kashmir,1,-10.96175825438057,-18.722136601513256,-1.5880431215559572,-5.120277265248106,0,45.739381313323975,47.86937454044819,-4.449594855943723
Azad Kashmir,1,-6.36170781394317,-15.388347047373673,0.5668985735508638,0.1795441119665621,0,60.72237157821655,148.8229379966855,-59.19824430588185
Azad Kashmir,1,-6.678548768926031,-12.179567418028473,1.589838778547672,-1.0064548029470828,12,175.79730606079102,182.88636000156401,-3.8762070286227877
Badin,1,-8.451872263321087,-15.72352605286654,-3.8440801615642,-6.091665827851424,0,150.69781827926636,75.48155049867928,99.64854627874018
Badin,1,-12.06940675572991,-22.829877075055247,1.2191797074252315,2.258762510563084,0,179.30592286586761,73.99878491414711,142.30927990763246
Badin,1,-4.677565928823719,-12.344955692227256,-5.639043758244859,-10.662536641652247,0,148.07626676559448,65.75303842062131,125.20064520570529
Badin,1,-13.188054774451777,-24.67001036396567,2.0852800209116573,3.7183312911631496,0,148.89677333831787,74.26643665889279,100.4899925685188
Badin,1,-19.10195801473298,-27.63221896732857,2.7322102260368126,1.2669383843867728,3,155.18822360038757,62.46843102849088,148.42663893640716
Badin,1,-14.106807966073289,-25.9199085928875,2.86757239892996,6.961516150193628,0,128.9534091949463,57.27655534511432,125.1416978865961
Badin,1,-9.63839999765461,-25.11223971445499,0.4914239621500798,2.7906546292537264,0,174.19986295700073,75.64160536900162,130.2963588718185
Badin,1,-11.05815569383182,-20.11788192577006,1.1402361838436494,0.843485073686324,0,174.08255231380463,84.92321484675631,104.98817976678825
Badin,1,-10.36926768962279,-18.18846597852005,-3.5535770726274998,-3.647333977494469,0,173.22087812423706,78.34433900555595,121.10197153102887
Badin,1,-19.73486962751479,-25.942255977506345,9.031794521714268,1.4416893827246469,1,179.30592286586761,73.99878491414711,142.30927990763246
Badin,1,-10.289087019997972,-21.02796650437922,-0.3607316619518137,-0.0370281317137966,0,162.12278079986572,79.91020620465278,102.88119440546019
Badin,1,-17.608228028115587,-27.47625135118364,3.984642843901142,0.9205316320851722,1,169.1358687877655,70.9666285310872,138.33155426522046
Badin,1,-13.32331791278303,-26.101577369951222,1.6602467340357876,4.732436703831034,0,150.5623695254326,61.56716041094624,144.54980304510454
Badin,1,-18.971771916826405,-27.34059242579412,5.496984220539229,1.0019313580558205,16,126.42034041881561,54.73619700986892,130.96295929368654
Badin,1,-17.927721371415366,-27.180018801993228,3.0500472375614205,4.294001344736884,14,146.46499240398407,59.30770928596612,146.95776344651676
Bahawalnagar,0,-14.232781525120048,-23.967410311490003,-3.131322956431026,-2.389118094175423,0,34.7874641418457,39.10556320548058,-11.042160525716968
Bahawalnagar,0,-10.735110587193372,-16.841653925712283,-3.514622977209891,-3.422452974075874,0,26.404422283172607,43.808788888156414,-39.72802500753229
Bahawalnagar,0,-13.169865281904077,-20.85519925359799,-7.114098865451485,-6.463817427303386,0,47.32294178009033,44.770477798581126,5.701221222146749
Bahawalnagar,0,-10.608165146094953,-20.79220976354764,-4.572093458192367,-4.642867856369325,0,34.7874641418457,39.10556320548058,-11.042160525716968
Bahawalnagar,0,-8.462995539904254,-13.576305178404054,-5.563567967514324,-6.253866917172653,0,45.028414249420166,43.18463563323021,4.269524540740101
Bahawalnagar,0,-14.000974223766548,-20.157251482799747,-4.893858292135189,-5.9771044612690005,0,24.31580638885498,41.57570785582065,-41.514389909657936
Bahawalnagar,0,-6.660323807971896,-12.374630973780905,-8.40637788428636,-8.563642170444854,0,25.14801597595215,42.51596864461899,-40.85042214101126
Bahawalnagar,0,-7.155902551402477,-13.977851750881474,-4.699130940920728,-6.232654485570926,0,21.216492176055908,52.20247917175293,-59.357309245312095
Bahawalnagar,0,-9.959351116829016,-15.006135264405124,-3.0522726042544104,-5.152187762393218,0,25.893197536468506,42.40456090271473,-38.93770626260434
Bahawalnagar,0,-9.58332894985139,-17.78674034350844,-2.221030293542876,-0.2750138150584043,0,26.404422283172607,43.808788888156414,-39.72802500753229
Bahawalnagar,0,-9.08708797944775,-18.32444969364823,-3.004519600480803,2.3751870116709224,0,25.893197536468506,42.40456090271473,-38.93770626260434
Bahawalnagar,0,-5.66267031928331,-13.565740583646278,-8.738621812638446,-7.165689152321843,0,21.049774646759033,42.506911805272104,-50.479172085730674
Bahawalnagar,0,-10.50253799913567,-14.639738856407686,-4.285316926235119,-7.410485531723911,0,25.311410903930664,42.7510645866394,-40.7934956739276
Bahawalnagar,0,-8.166253842538374,-14.092756439536856,-7.656514470073279,-7.965692996829631,0,21.767980337142944,48.893565313518046,-55.47884430689174
Bahawalnagar,0,-14.590649363709629,-20.284377677830907,-5.856967366110194,-7.839002039228323,0,60.862667083740234,50.380351758003236,20.80635597005695
Bahawalpur,0,-13.56850200442561,-21.408651652472425,2.098946178214192,0.5760234295290338,0,85.81556987762451,37.83915732335299,126.790383158618
Bahawalpur,0,-9.718803445111837,-15.58660448682346,0.4832945051213073,-5.165563842226071,0,100.35636901855469,49.16589650958777,104.11784619646738
Bahawalpur,0,-14.752225756969084,-19.001505035869528,-5.555449498418716,-7.907597601572263,0,44.568740367889404,35.4637800231576,25.673970284009016
Bahawalpur,0,-14.21148446339912,-20.825415744267293,-1.1321622204766977,-2.919692231915338,0,80.21458721160889,45.09076153738424,77.89583603529047
Bahawalpur,0,-14.158133514602044,-21.948672879585917,-2.7504095603380048,-3.248568334590221,0,42.18169403076172,44.48378359079361,-5.175120851249555
Bahawalpur,0,-14.392481354570432,-20.443073707277367,-2.364264220385497,-4.746817833370297,0,50.91799187660217,41.74656048379838,21.969310253387636
Bahawalpur,0,-10.684729781814912,-16.53591516633953,-1.8100503715274456,-1.5903006687855203,0,101.55708575248718,48.398790900409224,109.83393151589762
Bahawalpur,0,-12.86753585196796,-19.682043421536925,-5.249311968766689,-6.186031651470049,0,90.04881477355957,50.481257021427155,78.38069035273362
Bahawalpur,0,-14.331322721015676,-20.07246331889656,-2.854602264701489,-3.5560600889141547,0,99.42090392112732,42.01408743746579,136.63706624380796
Bahawalpur,0,-16.476878024835038,-25.098639947969595,-4.344969645686653,-1.5737172831075306,0,53.1359338760376,40.82848422303796,30.144272772328417
Bahawalpur,0,-11.024190927156328,-23.747003443481155,-3.617394665434569,1.3223728809445632,0,26.48885142803192,37.12440242022276,-28.648409937495284
Bahawalpur,0,-7.247975165922342,-14.813541352377928,-4.711729520095358,-3.976345338518307,0,129.09868049621582,62.482178854197265,106.61680316473723
Bahawalpur,0,-17.372305350150867,-26.553856804175503,-3.151184980474504,-0.2880765514622823,0,50.369794845581055,45.81969186387723,9.930453035828855
Bahawalpur,0,-15.098124013867851,-19.77627152000603,-1.4203494751313563,-5.554492797500792,0,47.64815807342529,38.279073471017185,24.475735050123053
Bahawalpur,0,-14.761213497123236,-18.092541712330444,-3.702595715906291,-10.106211147726022,0,24.92375373840332,43.593441009521484,-42.82682632701652
Bajaur,1,-8.786155220383232,-15.03548907755576,-3.838082753554147,-2.008608311836424,0,223.7652702331543,75.48272548913955,196.4456685726718
Bajaur,1,-10.285167251520424,-16.29682964662839,-2.921873936129657,-2.799546695087152,0,164.1690182685852,70.68335393965245,132.2598025112791
Bajaur,1,-9.440226448068504,-17.856372166188805,-0.3469291835365133,0.4625653116073387,0,129.4675064086914,48.70136171877384,165.8396025070139
Bajaur,1,-8.362796808972728,-14.73752964529881,2.2138875122604773,-1.3166342075368718,0,221.18644332885742,76.08482087254524,190.71034247341083
Bajaur,1,-6.651515952321493,-17.72291468215794,-4.841079331246199,0.9935227362163772,0,149.70022583007812,58.334480279684065,156.623912842528
Bajaur,1,-7.833623578194778,-15.343784328309363,-1.1489473630464495,-1.4114410010519247,0,156.15823602676392,72.14305003285408,116.45638208482892
Bajaur,1,-7.862613817493031,-16.391224150733937,-2.01461066351396,-0.5839838303739988,0,134.20496225357056,62.47884840965271,114.80063360584678
Bajaur,1,-7.825436253731292,-16.02516041445776,1.6487751517275804,3.4412200354818303,0,214.8334560394287,77.7843043088913,176.19126756768037
Bajaur,1,-10.267204818224188,-18.131659403679578,-3.8808264749710393,-2.6338483802377297,0,192.77744340896606,70.4327640235424,173.70421434054398
Bajaur,1,-7.047278826019755,-18.011153812021632,-3.5779769135198345,-1.577069089131463,0,164.1690182685852,70.68335393965245,132.2598025112791
Bajaur,1,-7.987776331569799,-15.23542289501151,-6.967649143784481,-3.0329066636159325,0,138.22395038604736,61.782169681787494,123.7278993243156
Bajaur,1,-10.5886939549114,-17.322122218650076,-5.19108777381388,-3.049571670122699,0,161.98140335083008,74.02369330525399,118.82372537514702
Bajaur,1,-7.69018253696222,-16.94666614859218,-0.5430549612656064,0.2711287781917448,0,152.77343273162842,76.63669217824936,99.34763412843097
Bajaur,1,-7.499905496586201,-14.3630707207099,11.58949216600318,2.583049910021172,0,142.57090187072754,57.52712858915329,147.83246681568113
Bajaur,1,-10.063920820333747,-16.625341841314423,-0.9651474613774838,-2.219137872121024,0,77.49985074996948,32.89557524509728,135.59354160106983
Bannu,1,-11.46734555362531,-15.132504092801884,-1.4314665696030424,-3.5388347723125406,0,72.21183729171753,42.83899598121643,68.56566228438263
Bannu,1,-11.283188267203936,-15.617189038263213,-1.5778235068978752,-3.9732641589928672,0,49.91629648208618,44.93790318369865,11.078383604229796
Bannu,1,-9.320925341477226,-14.038903218963398,-2.56534779897302,-0.6409749997844827,0,98.3059778213501,52.9336696267128,85.71540290820933
Bannu,1,-12.13449008848227,-19.25024124916589,-0.2272725786400506,0.4922896145867028,0,72.21183729171753,42.83899598121643,68.56566228438263
Bannu,1,-11.577148216924837,-16.76793429299913,-0.5141209490486531,-0.6721347060023284,0,95.19965767860413,78.7172391295433,20.938766058519985
Bannu,1,-14.368931178301573,-19.681439771155503,-1.0359262905670494,-2.597380737113152,0,78.58135151863098,85.66827217638493,-8.272514990336772
Bannu,1,-9.42755301037183,-14.22013286295515,-1.9425232731363116,-2.482582613036943,0,44.72036647796631,38.99205212593078,14.69097941686952
Bannu,1,-7.773187665100182,-14.376244388124451,-1.6190339935611222,-3.0858776119108,0,76.72868824005127,56.667807906866074,35.400840572755854
Bannu,1,-10.361848798535233,-16.451468903333765,-2.2857315586189166,-2.6459804190660137,0,82.580153465271,51.95564705133438,58.94355696057121
Bannu,1,-13.144139592444793,-20.285461297926467,-1.152261923657294,0.8478683362978359,0,49.91629648208618,44.93790318369865,11.078383604229796
Bannu,1,-9.900037718047326,-17.874339235995294,-0.1753978247935883,1.197322979700484,0,55.32927227020264,44.75392069816589,23.63000024815735
Bannu,1,-7.308998514113203,-15.786162907320268,-4.442551126218239,-2.234228865129797,0,49.91629648208618,44.93790318369865,11.078383604229796
Bannu,1,-7.7097385286687325,-14.34652912861,0.4929674439834652,-0.9504696239262316,0,66.50605010986328,49.51672979593277,34.31026318568799
Bannu,1,-11.007770382169683,-18.006838950330476,0.3255855342470539,-0.080424510347818,0,83.29047513008118,79.35023094713688,4.9656366918065915
Bannu,1,-19.32904574540272,-26.501422586174357,5.779663275307311,8.652710174639449,0,104.02929353713989,92.38019382655621,12.609953744473481
Barkhan,1,-10.707816219760874,-18.26007002916654,-0.5480434124861429,-2.0908353012487915,0,60.14446830749512,36.74014099761844,63.702333944210466
Barkhan,1,-8.56506112573565,-14.364912741511633,-1.0938339744824432,-4.053323926797495,0,94.32042002677917,40.64831172525883,132.04019065856687
Barkhan,1,-10.01038452467654,-17.456544648220348,-8.310211408462084,-7.046789843287165,0,86.6815357208252,48.76079475879669,77.76891486205199
Barkhan,1,-12.582926039634131,-18.21125752558539,-5.007236719079094,-7.588352675331166,0,66.96727752685547,39.71770330369473,68.6081317814413
Barkhan,1,-10.339111911994818,-17.26184239485235,0.1029291688414275,0.3538940406608404,0,94.41102313995361,30.944057624042035,205.10227290489794
Barkhan,1,-8.311965917640439,-15.084503936104756,1.940731244227136,0.7471620570877491,0,66.18717527389526,37.04601954892278,78.66204272361522
Barkhan,1,-11.464436031809267,-17.720730616479152,-1.00628124111266,-3.3351007469414213,0,94.32042002677917,40.64831172525883,132.04019065856687
Barkhan,1,-10.424313127745023,-17.030240955421643,1.4372691867322516,1.5090213220769222,0,99.12058353424072,47.80483727157116,107.34425466434188
Barkhan,1,-12.772745019284304,-19.084376772364003,-5.423869742410204,-7.588851363595424,0,93.78618335723877,43.16939149647951,117.2515759572082
Barkhan,1,-7.3013661296450945,-15.097715710326284,-2.154584046954472,-3.0781187806821397,0,94.32042002677917,40.64831172525883,132.04019065856687
Barkhan,1,-9.08627802492234,-18.189944087627996,-1.1223330887518053,0.3969305055223131,0,86.43062210083008,49.286648616194725,75.36315519012689
Barkhan,1,-14.304910742553258,-22.894281067821066,-3.168005026718408,-3.441956464630969,0,90.89596772193909,40.202917258441445,126.09296518862341
Barkhan,1,-6.114296664689389,-14.012049128139294,-1.088925711315893,-1.4132058868313084,0,79.32654047012329,29.711693486571313,166.98761047052474
Barkhan,1,-14.033228732083929,-22.733252847450427,-2.345877051918311,-2.9485929384660032,0,60.26026391983032,35.69223839342594,68.83296378220287
Barkhan,1,-12.63621008851628,-19.38806820942984,-2.8143593428441385,-1.2243186679037166,0,55.68946027755737,37.60964389815926,48.07228813002134
Battagram,1,-10.068034919935014,-15.262791251384142,7.287765723207294,5.586237792895705,0,102.41590309143066,148.20101360082626,-30.893925349738854
Battagram,1,-10.69820108089717,-17.160273783807767,-2.289163356614526,0.1547633572368951,0,147.05883288383484,139.982128739357,5.055434010190315
Battagram,1,-8.705711754168131,-13.620413370587334,-3.765240952170551,-4.903652925622032,0,113.87326312065125,172.6670698883012,-34.05038772342858
Battagram,1,-9.358989464596275,-16.72875636887666,-0.221562329313965,0.1100509753512035,0,102.41590309143066,148.20101360082626,-30.893925349738854
Battagram,1,-12.331526946867346,-16.917452136237838,-0.0117955768215765,-0.2179001143529539,0,115.96514129638672,148.0715059041977,-21.683013495239116
Battagram,1,-5.562590397468163,-12.4111633182026,1.5486525722129727,0.2825082770299207,0,161.64385890960693,122.71830207109451,31.719438895073402
Battagram,1,-4.893250812703932,-12.05501421735186,0.55328657374492,2.7687409251728567,0,136.08416533470154,139.19901304244996,-2.2376938166928846
Battagram,1,-11.487063187360562,-17.69530689332187,-1.6721474651613626,-3.837794752081322,0,168.53176951408386,173.41702868938447,-2.817058516237656
Battagram,1,-7.731208224594413,-16.155490499087655,-1.1026818847727975,-0.5084789048979133,0,162.0699269771576,138.24182753562928,17.236533881460048
Battagram,1,-4.353493167383769,-13.78966325671064,-1.6171462276898128,-1.247479702110546,0,66.81725597381592,152.06010859012605,-56.058655624191324
Battagram,1,-11.313049751941868,-18.151280054349904,-3.619349900992241,-5.269829994119526,0,152.01491951942444,151.47251363992692,0.3580886501869925
Battagram,1,-8.169488148725726,-14.39331110934202,-0.3261244481796073,0.2224718083450696,0,66.81725597381592,152.06010859012605,-56.058655624191324
Battagram,1,-8.886326309798608,-13.32781655809848,-0.5954338185642278,-4.453334624171792,0,116.7505521774292,177.97256832122804,-34.39969244771328
Battagram,1,-11.63225923588496,-19.42675427270521,-1.881772922171887,-0.3852388650936547,0,98.63475406169891,181.69364827089012,-45.713702707624265
Battagram,1,-7.553566341770743,-15.253657417672091,-2.189331489949101,0.8467928735261196,0,111.82148551940918,178.71457755565643,-37.430126266792634
Bhakkar,0,-11.592594605264864,-14.799458363094397,0.3330473745993387,-1.9801565196251156,0,101.74611854553223,43.13063957095146,135.9021789559976
Bhakkar,0,-10.680730090580546,-17.808415561361084,-2.3595180502858426,-2.7095680025484725,0,99.2491044998169,69.04120672293939,43.75343249445368
Bhakkar,0,-19.629563719128736,-27.49579083844761,8.066623861076613,3.1163877264203705,0,106.77792930603027,88.44661182994022,20.725856080656197
Bhakkar,0,-15.72186920877412,-23.42876077170501,1.6664519305868095,-0.37036795371192,0,193.11924171447754,89.24745958372951,116.38626199023446
Bhakkar,0,-12.007393524125188,-19.99695255582644,1.661083021348576,3.536721828632338,0,119.57589721679688,93.61640647407621,27.72963812695506
Bhakkar,0,-10.712783805094173,-16.864839759731666,-0.6833118717932862,-1.8873201356878653,0,212.24046325683594,115.12252330034971,84.36050320327821
Bhakkar,0,-16.93123719247966,-24.85743576334761,0.3718108288758799,0.4309266123464041,0,83.32413864135742,56.05603390643373,48.64437034635453
Bhakkar,0,-7.328614992574628,-14.39530161289419,-1.5167106742137912,1.1535923382233424,0,117.19220924377441,52.18520665168762,124.56979048867008
Bhakkar,0,-13.911778895565153,-17.621836758645856,1.4726389750551905,-1.8837209033076616,0,145.2060775756836,67.234968444705,115.96809061508392
Bhakkar,0,-10.388219594356196,-16.628319171701126,-2.6665838723083795,-5.927663895653698,0,83.03342056274414,61.954093103576454,34.02410785664593
Bhakkar,0,-9.790020354466607,-15.460314629020775,1.0440188631506224,-0.1247952340828266,0,108.36975479125977,44.95419370532036,141.06706373522198
Bhakkar,0,-11.272624090872243,-17.519297699954947,-0.5597395481287766,-0.8858497280955042,0,99.2491044998169,69.04120672293939,43.75343249445368
Bhakkar,0,-11.480065602518854,-18.427486673124672,-2.95445335142272,-6.010090924781284,0,226.8095484972,100.95249344632029,124.66958542019766
Bhakkar,0,-9.611654279408896,-14.700186004871105,-1.5473440497779087,-3.0200014160621382,0,108.58942890167236,45.60403884649277,138.11362249557325
Bhakkar,0,-10.591003996517829,-19.11092947978109,-1.675110807014569,0.763677979397432,0,101.98407793045044,52.86832721233368,92.90203285769654
Buner,1,-8.871859769870412,-13.921075529048435,-1.5406185503758074,-2.79467402244199,0,161.28872299194336,130.0833514690399,23.988751189525114
Buner,1,-8.66310978678326,-14.735774958876254,-4.393314462366504,-3.512876611334603,0,76.60706901550293,163.169262945652,-53.05055153615604
Buner,1,-10.903274881109702,-17.504605962100285,0.4481629308714225,0.5522816112448368,0,188.36445236206055,147.4519636750221,27.746316608714565
Buner,1,-9.977797429225031,-18.39436318010506,-3.231321043894564,-2.081940468895347,0,164.62551498413086,128.73992099761963,27.87448812181168
Buner,1,-7.336491367362114,-15.627180165456316,0.7490092784919531,0.2491840912459011,0,145.70969200134277,122.20963007211685,19.22930452809517
Buner,1,-10.13277169746124,-16.52021869440388,-0.7486447719275588,0.3047450395664661,0,130.54981994628906,185.14703609347345,-29.488571515463203
Buner,1,-8.586623479453145,-14.794250356525149,-1.6639484637329949,-4.66719406601738,0,159.2663059234619,142.9237325310707,11.434471450595824
Buner,1,-10.01799213348686,-15.393866526369605,1.6101795528083205,0.3782061647473362,0,156.14023303985596,193.97788330316544,-19.506167207822102
Buner,1,-7.649037426539463,-14.173284064449032,3.509596995368393,-0.6932154986436938,0,129.4983320236206,151.7943939089775,-14.688330254624935
Buner,1,-7.156508972202774,-13.91379275977338,-2.6357369685864,-2.4583759373682064,0,76.60706901550293,163.169262945652,-53.05055153615604
Buner,1,-6.452747298046197,-14.66950243185122,-4.9177344459374135,-3.409469276385881,0,129.4849328994751,143.17706327438356,-9.563075301152777
Buner,1,-7.57680491907611,-13.133975499748814,-3.425535604770964,-4.961280442498282,0,76.60706901550293,163.169262945652,-53.05055153615604
Buner,1,-8.418197179278673,-14.234541756324454,-0.293871398582354,-2.9141056615673198,0,113.26140213012695,195.0147326886654,-41.921617629297245
Buner,1,-8.730206694514173,-17.72953922104405,-2.488469080226164,0.0728812629548869,0,121.63152885437012,198.92398577928543,-38.85527259174998
Buner,1,-6.863193615321604,-13.434718337030144,2.8019250622411827,0.7197271455737919,0,200.57601165771484,140.57281733751296,42.6847775101037
Chagai,1,-21.22597748971541,-26.346920201535223,-1.345261313300803,-0.1194953197503387,0,0.0,0.018671513348817826,-100.0
Chagai,1,-11.90330808341042,-24.19725510765791,-1.3936506936278177,0.5643155053138322,0,4.398120045661926,0.21941332668066024,1904.4908448350825
Chagai,1,-9.501776467670398,-18.2244631255728,1.5634566172106623,0.1174057001910142,0,0.0,0.022083168476819993,-100.0
Chagai,1,-22.14795410821762,-27.015312326818474,-1.931620234084427,-2.31778704145696,0,0.0,0.018604019284248353,-100.0
Chagai,1,-9.47681655580408,-14.82071195011854,-0.1702016268540056,-0.3462847360849235,0,2.310170888900757,0.17381844960618764,1229.0711625462104
Chagai,1,-21.33593010177964,-29.007304808205436,1.2795098464843555,1.207147917735135,0,0.0,0.027440173923969267,-100.0
Chagai,1,-12.770807476766654,-24.63734940026668,0.4571757371875211,2.0063358749524447,0,0.0,0.19839436411857606,-100.0
Chagai,1,-8.723499960576873,-16.710034009861133,-0.6562987834377108,-0.3149696588409654,0,0.0,0.030894396454095842,-100.0
Chagai,1,-16.149741902509348,-26.336548539188005,1.590802915633322,0.0924924286960049,0,2.609229564666748,0.17950022220611572,1353.6079858835126
Chagai,1,-11.069825640145869,-22.725126254362067,-1.555977843674535,0.1183572576466431,0,4.198995590209961,0.2178401842713356,1827.5578581864445
Chagai,1,-11.841224495804871,-20.47861097618649,-0.9206800574976626,-0.4105876319901824,0,0.0,0.041932841390371324,-100.0
Chagai,1,-12.86228691033602,-25.684301070431545,0.2867966189874309,2.834734763947573,0,4.2570942640304565,0.25541332066059114,1566.7471583001516
Chagai,1,-14.04154350069708,-26.26709779083697,-0.3422364105976392,1.9848705567620328,0,0.0,0.0271697036921978,-100.0
Chagai,1,-14.07531675605587,-21.906693678650463,-0.2100209564210864,-1.3306337510511277,0,0.0,0.017482701689004898,-100.0
Chagai,1,-9.32627381603784,-22.366626222163784,-0.7749802686336018,0.0905871889545082,0,0.0,0.019201391935348512,-100.0
Chakwal,0,-12.82207795550496,-17.072652639419424,0.7079626792120113,-2.9756722193442435,0,141.38596725463867,191.46331065297127,-26.155059801038423
Chakwal,0,-8.367099519950134,-17.125532919506874,-5.640370678657824,-2.483041281923466,0,176.41877365112305,167.65923032164574,5.224611441119329
Chakwal,0,-5.037989082299395,-10.304152028985731,1.5866967544886026,0.8306320541449246,0,112.19537830352783,138.01834595799446,-18.709808087633352
Chakwal,0,-9.294428255921568,-15.289556861339538,-1.131969706065,-3.4266560353319058,0,194.88254928588867,181.81617591977118,7.186584636937475
Chakwal,0,-7.923319090803261,-13.442713473523826,-2.232601226532715,-4.021189686069393,0,151.41812896728516,129.11857902407647,17.27059739330816
Chakwal,0,-9.9101723520915,-14.693362802771029,-1.0924343269642272,0.1051115281523848,0,141.38596725463867,191.46331065297127,-26.155059801038423
Chakwal,0,-9.64854906522934,-14.566116685253824,-4.807091933098199,-4.162600637671567,0,166.7119369506836,154.9377173155546,7.599324321494273
Chakwal,0,-8.300016786300755,-17.48692313003367,-3.7752784004435256,0.3813434622588261,0,176.41877365112305,167.65923032164574,5.224611441119329
Chakwal,0,-9.671034104200626,-18.259337022014662,-1.9360870169588864,-0.4715473461383901,0,194.88254928588867,181.81617591977118,7.186584636937475
Chakwal,0,-9.586384403041162,-16.422010895702634,-3.0790462046895968,-4.072323254029527,0,161.65288162231445,151.1499016791582,6.948717681239805
Chakwal,0,-8.342444838211065,-14.326286389724018,-2.3698654333619995,-2.876952895385145,0,182.52669525146484,178.16119848489762,2.4503072519111244
Chakwal,0,-11.05930067176037,-14.85145821035026,-0.5672775793959541,-1.6004377153112532,0,176.41877365112305,167.65923032164574,5.224611441119329
Chakwal,0,-9.034448473539008,-14.325830789812793,0.3558081593103992,0.1960212726000421,0,111.51039123535156,133.29273821040988,-16.341735692062752
Chakwal,0,-11.538897491994256,-15.379162187606514,-0.2102539902585114,-2.273347139505937,0,155.50876998901367,177.56700397779642,-12.422484749216686
Chakwal,0,-9.533886529330625,-18.341160426049505,-5.322927996873561,-1.7460872405928178,0,200.55881690979004,177.36542631760238,13.076613110976892
Charsadda,1,-10.74485929130147,-17.161354389558895,1.0467203820602489,0.8877144097170522,0,31.904958724975586,21.07235946059227,51.40667462816169
Charsadda,1,-8.581368956842955,-14.20276374669875,-1.3788140932668735,-1.4921747974215815,0,59.13371706008911,45.324263226985934,30.468126451266986
Charsadda,1,-8.452024819688429,-16.0473899517516,-2.028928792995309,-0.365817158040663,0,76.67428255081177,61.568452823162076,24.535015961887012
Charsadda,1,-9.818412122870532,-16.58535035089659,-0.027342791338567,-1.801474111092652,0,47.07865905761719,35.16678863763809,33.87249982567397
Charsadda,1,-9.434099878933008,-15.787692299076063,-1.0695527722420977,0.625700317554001,0,60.49167585372925,58.52731988430023,3.35630603504868
Charsadda,1,-7.808019599083343,-13.315168664958373,-1.4656092092071449,-1.9507349192847057,0,67.89529657363892,60.61755915880203,12.005988884790183
Charsadda,1,-10.507485759437852,-18.966866638604508,-2.068005317578276,-1.7138613703149588,0,59.33066701889038,50.89274072647095,16.579822921642336
Charsadda,1,-9.62368413184345,-14.962028733987342,-0.3705725941352469,-1.066926724824846,0,35.1539306640625,28.908270052075387,21.60509985805506
Charsadda,1,-13.221735624604698,-20.042591500838576,0.5995331242805193,-0.6651413692689729,0,47.07865905761719,35.16678863763809,33.87249982567397
Charsadda,1,-9.412505051745931,-20.589942565479184,-1.1928411276012143,1.0133643782560249,0,59.13371706008911,45.324263226985934,30.468126451266986
Charsadda,1,-8.04497005681186,-14.245437876496494,-4.201401378966528,-3.2826288221145514,0,40.38579559326172,38.42026639580727,5.1158656142710806
Charsadda,1,-8.376084027302188,-15.399855471055544,-3.799072165478135,-0.5682442864664701,0,59.33066701889038,50.89274072647095,16.579822921642336
Charsadda,1,-9.451958955473184,-15.443803155717774,-0.5516947028222212,-1.0433012567476858,0,33.0153694152832,22.047423815727235,49.74706202060728
Charsadda,1,-10.855184020694727,-16.198159572004016,0.100956923748587,0.1417568947573606,0,63.249338150024414,60.411440569162366,4.697616137150488
Charsadda,1,-8.836222010280943,-14.413204862066127,-1.230264357004657,-0.959816559611138,0,75.8800573348999,72.64617669582367,4.451549670145469
Chitral,1,0.9468438065385738,-11.983636230677863,-0.7978536434065142,-1.549746967005996,0,0.0,0.0,0.0
Chitral,1,-7.233286439878243,-15.374100884114473,2.661454384470637,0.0083510050810424,0,9.23790454864502,0.36600740626454353,2423.9665620230726
Chitral,1,-7.9197305765698545,-15.925269369316853,1.7415088505634388,-1.6448757347397365,0,11.12728500366211,7.886664568632841,41.089872744404445
Chitral,1,-10.3361577085841,-22.92463951450939,-1.6045765724619727,-0.5081703104415567,0,0.11502069234848022,2.6486335139721633,-95.65735720922811
Chitral,1,-9.478744551524803,-16.488871848863827,-0.7646706373004264,-3.012995642821973,0,2.6203091144561768,2.1850548331742177,19.91960451855881
Chitral,1,-11.588163700929076,-18.537544220952988,-3.422713805673407,-3.7819283451238697,0,27.283517837524414,1.8961686372756958,1338.8761263725876
Chitral,1,-7.549427897819029,-16.218582895160655,-2.7164465033334704,-0.7669798884339407,0,21.459054946899414,2.59254352375865,727.7220710180495
Chitral,1,-3.615321343081992,-17.37259455645151,-4.585662856208243,-1.2211860978700635,0,198.48515129089355,80.19175485372543,147.5131659769042
Chitral,1,1.772188363937134,-8.234634545285049,-2.940417977644697,-1.1342561024429791,0,0.0,0.0,0.0
Chitral,1,-9.538981901000836,-19.428460426429915,-3.851455174198144,-4.311608175462922,0,9.23790454864502,0.36600740626454353,2423.9665620230726
Chitral,1,-10.023100837960843,-18.503851380672224,-2.0554735330985423,-5.327818750590325,0,3.1576740741729736,0.18750690389424562,1584.0308322481342
Chitral,1,-5.009722250280621,-11.345755007549588,2.413136027876706,2.9444268287321407,0,14.22056770324707,1.094398321583867,1199.3959715386227
Chitral,1,-8.023838524165075,-15.386448193213178,-0.6345292765165151,-0.879772788308598,0,81.18130493164062,34.575545710325244,134.79399461046705
Chitral,1,-5.38499496152811,-14.48558156960095,-5.304193013170623,-4.781175113138563,0,0.0,1.9159893155097962,-100.0
Chitral,1,-2.683391030375123,-11.747440590892136,6.9655140432953,4.697511159464978,0,0.0,2.949655848741531,-100.0
Dadu,1,-12.115326118054435,-21.001976526813383,-0.9674307441411932,-0.0908851168074313,0,80.35916197299957,15.090446893664193,432.5167805781736
Dadu,1,-21.548844472904317,-29.025872006839585,6.01882871095601,2.2232574778780503,2,98.16816282272339,23.897306908226163,310.7917398379772
Dadu,1,-11.250020848395623,-20.288149807402625,-2.336867665941721,-6.002373155513286,0,79.14970141649246,14.865455735260912,432.44046348844256
Dadu,1,-10.782740009340426,-16.878838147630066,0.520258900972399,-2.080145709740574,0,77.46893846988678,16.461008683798717,370.62084686300784
Dadu,1,-10.42635440450508,-16.920045697659194,3.617097419167032,3.134534797063205,0,84.80957913398743,31.71728384362068,167.39231376852354
Dadu,1,-10.738338141452523,-18.159096615299354,-3.1997141369211093,0.0437391901549197,0,70.35938000679016,15.205567809511559,362.72116167064917
Dadu,1,-10.233379867354358,-17.88956356816356,-1.8190931619685244,-1.1570024962661982,0,78.36602473258972,24.041582809461033,225.96033860861488
Dadu,1,-15.441308347134262,-25.01934098257944,-3.7589211221628833,-1.0167246816427848,0,82.0840550661087,15.586445124167222,426.6374366457369
Dadu,1,-14.887595850733913,-21.522883344020254,-3.718153079167152,-5.15460744783849,0,84.65487241744995,16.414194566391963,415.74186034556135
Dadu,1,-17.594625875992705,-28.163773891413072,2.4392347315699965,5.660819253779366,1,97.71987307071686,24.42681996857773,300.0515547927325
Dadu,1,-11.616050337050217,-23.077166462136763,-0.2702397890241315,0.8994729269046644,0,100.85936212539673,33.34328101109713,202.48781483690598
Dadu,1,-20.31623370977838,-26.294188665192213,8.517167391401102,5.898610754669971,1,98.16816282272339,23.897306908226163,310.7917398379772
Dadu,1,-10.334866936471078,-20.33858874465665,-0.4626021840515797,1.381103635900626,0,60.95079565048218,14.915479802509072,308.6411999983338
Dadu,1,-11.864454087016394,-20.317787361975647,0.1370645752851409,1.177129953168837,0,95.52057528495789,21.205226579075678,350.4576969680348
Dadu,1,-5.618564880390477,-14.003923278063931,-1.4264111994349875,2.2607200744159144,0,93.87581467628479,33.415443980973215,180.9354103741305
Dera Bugti,1,-10.709882733904482,-19.89607530628276,0.1655042262261368,-0.3129165666580924,0,104.88749945163727,19.544927779398858,436.6481812339717
Dera Bugti,1,-10.073848513386489,-16.44643476464289,0.4074302936147731,2.227731297534941,0,103.05146074295044,39.84841369688511,158.6086902400479
Dera Bugti,1,-8.81535967526834,-15.762217739178745,2.280182923763864,3.615031823912206,0,108.17877674102783,23.65801615307573,357.26055828634526
Dera Bugti,1,-15.326117411895662,-24.06011998897535,-2.2530751799375217,-3.0080753317904723,0,67.38779401779175,14.833470642566681,354.29552962752507
Dera Bugti,1,-10.590831019268904,-20.62705066790793,-1.3151023378066888,0.2104224900600186,0,90.60700607299805,19.955787938678988,354.0387297731325
Dera Bugti,1,-7.102181114881182,-15.912874477015384,0.5870138701158556,2.3051050406957057,0,77.8386869430542,20.589809044008142,278.04472482811155
Dera Bugti,1,-9.924331481582955,-19.50045377990201,-1.097298251571857,-0.2435419288699094,0,112.90719890594482,33.85369815556332,233.5151107779057
Dera Bugti,1,-8.200776245135263,-12.941273442008884,2.043247447450048,0.2993378745265627,0,96.83898591995239,23.67520729228854,309.03120603930114
Dera Bugti,1,-12.488669187736187,-18.24656575565449,-4.026390794448101,-5.149008345332398,0,102.18766021728516,21.913471025414765,366.3234779135179
Dera Bugti,1,-11.62009622980754,-17.505232524416108,1.4404397904395123,1.96673088570798,0,106.07304811477661,39.31838331818581,169.77978025285435
Dera Bugti,1,-10.102772789607853,-17.68641559404244,-0.6682945302844523,0.3407193630198826,0,108.6611213684082,28.261583235487343,284.48348934664506
Dera Bugti,1,-13.61676034817478,-20.884677058374407,2.75796121649314,3.445587831276992,0,106.07304811477661,39.31838331818581,169.77978025285435
Dera Bugti,1,-12.655953117440465,-19.6009292078466,2.2963343479004106,-2.80486024632328,0,94.00554180145264,21.65941260148975,334.01704160244344
Dera Bugti,1,-9.915945323282036,-20.01322326480044,1.0362432010125795,0.2663287231781659,0,79.3731255531311,26.444188407063486,200.15338089154523
Dera Bugti,1,-8.7944524091456,-14.364123376827042,3.404729039837825,0.9672746501564048,0,72.22659349441528,37.24950610026717,93.89946621036471
Dera Ghazi Khan,1,-9.514069991214486,-17.690308398877175,0.3225159012482628,-1.8359361674541892,0,144.74921798706055,52.56754431128502,175.3585313590277
Dera Ghazi Khan,1,-10.87233055397091,-18.97277814889117,-2.630793202225769,-2.13398414124741,0,64.66095447540283,35.71658605337143,81.03901189990478
Dera Ghazi Khan,1,-12.98389298639653,-21.972480888320632,-1.9996281786977264,0.1265572748227299,0,60.39747667312622,15.144185263596592,298.81628243355516
Dera Ghazi Khan,1,-6.55317424495953,-14.705748010102544,-2.227464769158905,0.3606276731334201,0,140.07746696472168,52.97454962432384,164.42408280598875
Dera Ghazi Khan,1,-10.887669962669538,-17.337812322676605,0.348444208459707,-0.8256263154666179,0,164.9503378868103,49.788223238289355,231.30392522213197
Dera Ghazi Khan,1,-8.929102545521415,-15.11538619490916,-2.53619581264336,-2.8058103221979,0,184.67955875396729,57.0076346218586,223.95583500171233
Dera Ghazi Khan,1,-10.398619819990046,-18.744029642671585,-2.363713493050497,-4.108075069455836,0,56.43054008483887,37.267169973254205,51.42158668162292
Dera Ghazi Khan,1,-5.841919511997018,-16.671498777558664,-1.2402730917762117,-3.1783298413824923,0,114.96563005447388,44.81097823679447,156.55684070756382
Dera Ghazi Khan,1,-7.338802294755689,-16.984132564853688,-0.724050406823527,2.6421355717634043,0,59.301100730895996,36.93116448819637,60.57197641262927
Dera Ghazi Khan,1,-11.719496995176383,-15.846544429157,0.1703373499723621,-1.667785234522439,0,64.66095447540283,35.71658605337143,81.03901189990478
Dera Ghazi Khan,1,-11.75825224947816,-18.770862669920536,1.7930039527434882,-4.439661260466121,0,78.32645201683044,21.340249061584473,267.036259936766
Dera Ghazi Khan,1,-7.492389528272401,-17.181520830894506,-2.1158821961570364,-4.553991252938502,0,63.643850326538086,36.497621071338656,74.37807851130655
Dera Ghazi Khan,1,-17.337378503073435,-25.682272675951733,-1.5857941017245594,-1.1500060499023377,0,92.05733299255371,36.50566287040711,152.17274733334295
Dera Ghazi Khan,1,-8.381446903047422,-16.903832993868974,0.9670783602355008,4.280203068494785,0,66.04504203796387,30.178101492812857,118.85088448553662
Dera Ghazi Khan,1,-12.165298363905835,-20.649708761962124,-8.793310706501948,-6.960858719126641,0,66.39007663726807,40.073421341180804,65.6710967402311
Dera Ismail Khan,1,-7.076372725334061,-14.728914855332388,-0.3220338758316723,0.7719692259658828,0,237.4050350189209,96.19528052806854,146.79488818544397
Dera Ismail Khan,1,-17.605542060267176,-22.967684721853846,-2.3211825308338803,-2.2698057898378465,0,179.70354056358337,42.09123685061932,326.93813251757484
Dera Ismail Khan,1,-15.343987526735498,-25.435767817437075,0.7188447400026075,1.942035135701527,0,126.7122597694397,39.30980939269066,222.3425952123818
Dera Ismail Khan,1,-12.800808689070124,-21.697521652119654,-2.665875719940635,-1.57886513254347,0,225.66045570373535,83.69511599540711,169.62201201336387
Dera Ismail Khan,1,-10.513361177400265,-21.42557106311184,-3.3560991276671306,-1.5098252034987247,0,132.40678930282593,37.99108978584409,248.52064010062222
Dera Ismail Khan,1,-10.064765349296684,-17.564036799968722,0.9318505450053642,1.845580799825516,0,162.16793251037598,48.53974613435567,234.09307922934536
Dera Ismail Khan,1,-6.646793541731398,-17.867397645561887,-4.081174488425901,0.9607934708415478,0,194.33651733398438,47.83612419962883,306.2547302598823
Dera Ismail Khan,1,-18.52514829134348,-26.9546483799424,4.380697188978774,0.9733004446036552,0,154.5206446647644,40.65019229352474,280.12278896249734
Dera Ismail Khan,1,-9.5057351058044,-16.51574768558608,-2.2809173819229187,-3.07293656217848,0,171.46203565597534,53.916212952136995,218.01572526651162
Dera Ismail Khan,1,-12.199782446675489,-20.06480952418461,-3.690596520563279,-5.377606531968155,0,179.70354056358337,42.09123685061932,326.93813251757484
Dera Ismail Khan,1,-14.924276844252232,-23.14424571087523,2.5765744121420635,2.3895636829670366,16,141.2403712272644,43.23662256151438,226.66837245743787
Dera Ismail Khan,1,-18.101019587666244,-25.5263680108678,4.035117888419922,8.401199395207946,0,179.70354056358337,42.09123685061932,326.93813251757484
Dera Ismail Khan,1,-14.951907475047888,-22.38130788431932,-0.4623763495583528,-1.053940233357512,0,129.42823123931885,43.861517855152485,195.08379456164832
Dera Ismail Khan,1,-12.54159935229184,-18.51920794300908,0.1378808478604476,1.4111841715625992,0,163.78188848495483,49.34058101959526,231.94154811413753
Dera Ismail Khan,1,-13.23054080939212,-24.74731267097074,-0.7599847599542873,1.01626786000811,0,249.60466146469116,70.94241774082184,251.841210679606
Diamer,1,-7.774635071595571,-14.4787782261977,-4.539876470786862,-7.38629405773856,0,44.52425956726074,27.85431635826826,59.84689408485225
Diamer,1,-9.701415170101129,-17.568071597052988,-0.0057503239882681,0.00663304822449,0,24.36659836769104,21.20992738008499,14.882988192453675
Diamer,1,-12.254848188842274,-20.57853200014078,12.13103598252647,13.301403990388083,0,50.861846923828125,41.29472239017487,23.16791100629734
Diamer,1,-11.472489591623528,-18.74933754265657,1.9639676613967865,1.271293034390247,0,30.398744106292725,21.246896535158157,43.073808713619
Diamer,1,-6.071805587287016,-17.10644204777933,-0.6558709429789626,-2.711046958371579,0,10.572751998901367,22.7943772777915,-53.61684212710487
Diamer,1,-9.359127301605064,-18.57888520412085,-1.3024717492305218,3.1142769806538286,0,96.7411961555481,82.58178578615188,17.145924170327884
Diamer,1,-3.788408196181166,-13.618204308646296,-3.3520040928514128,-0.6417759788777193,0,29.8650860786438,31.16481771469116,-4.170509347900551
Diamer,1,-9.543620917185052,-17.93908947685663,0.0100779103008967,0.6998524723773301,0,38.60434818267822,34.61546122133732,11.523425719609111
Diamer,1,-8.643846899646512,-18.472704885397725,-3.296661962990502,-0.9304537327810998,0,55.93583297729492,35.48444861769676,57.63478130923716
Diamer,1,-3.188041567941605,-13.980436492445946,-2.1802667496961474,1.393584653740458,0,24.36659836769104,21.20992738008499,14.882988192453675
Diamer,1,-8.04584592279192,-16.07705739819292,3.079551356647503,2.550626790732148,0,43.38428282737732,41.224487936496736,5.239106654781466
Diamer,1,-11.295199799120262,-15.575107542419529,0.0420954182470154,-0.1036329477755266,0,32.71785879135132,22.924284079670905,42.721398311257566
Diamer,1,-8.726183443570145,-19.478232664042128,-5.781790768281306,0.3212115712148424,0,46.83856678009033,38.76427943110466,20.829194989516093
Diamer,1,-5.8784441875897535,-16.93166360559416,-2.496149665314324,-2.047939641588954,0,9.909608840942383,24.755332577228547,-59.96980121342486
Diamer,1,-0.4052532096717889,-10.96036643347692,-11.312977660485396,-6.60700064163392,0,34.60231161117554,18.6141449034214,85.89256606042326
Faisalabad,0,-7.962577662474947,-16.487467419362275,1.636115537740599,2.4330882244880563,0,38.71143960952759,59.525257886201146,-34.96636388617564
Faisalabad,0,-10.264163590205026,-17.304102399101527,0.0467010897023971,0.5120951600381893,0,65.5856990814209,51.3047153274063,27.835616400712954
Faisalabad,0,-8.417718308310665,-17.371507994056145,-4.222155471926754,-1.3054004877062049,0,51.14699459075928,49.166826508939266,4.0274474120471995
Faisalabad,0,-8.421423645250501,-16.084460131605482,-2.0662189314673043,-0.1122608130080671,0,37.16090774536133,67.89528477862477,-45.267321778639094
Faisalabad,0,-6.763326892087342,-12.56723203194543,-5.947104499466082,-5.591192576381111,0,50.51898193359375,52.76922170030885,-4.264303497775346
Faisalabad,0,-13.417981813379484,-17.800909480414276,-0.7895740678355736,-1.226456010520231,0,64.20369720458984,62.96390129327774,1.9690582791833227
Faisalabad,0,-9.526483192907332,-15.304935958238095,-2.1875311380583597,-3.1077793324582927,0,62.256465911865234,49.662970767961816,25.357917476873197
Faisalabad,0,-7.3646433204607185,-16.06931701499321,-4.407261184380005,-2.2745115686529225,0,48.07849407196045,51.36212903261185,-6.393105236285061
Faisalabad,0,-11.298833143726815,-17.503115520317518,0.4112507852183782,0.2042124648817243,0,41.30123519897461,63.97775687202811,-35.4443837698348
Faisalabad,0,-10.243032594338692,-15.063284700727644,1.5259809976665617,-1.150704750649206,0,65.5856990814209,51.3047153274063,27.835616400712954
Faisalabad,0,-10.255192504146766,-15.90367906564005,-1.0790861683551682,-0.2252168946085166,0,46.09774351119995,49.448749999701974,-6.7767263854439586
Faisalabad,0,-9.103933835351729,-16.08233575390153,-4.126708708227968,-2.712096264346385,0,69.71934700012207,57.53343017091974,21.18058456274991
Faisalabad,0,-12.222425223696234,-17.524737815044375,-0.3272387252444435,-1.0986922947804842,0,37.50522804260254,64.67275064298883,-42.0076807160382
Faisalabad,0,-11.077794614180558,-16.334089801685565,-0.7013509029319369,-1.582399528805773,0,38.71730375289917,42.42411975339055,-8.737520123078403
Faisalabad,0,-10.41931602849379,-15.027692083199485,-0.3120684923900985,-3.6023330024699103,0,42.54263687133789,51.44744457099587,-17.30855200663975
Ghanche,1,-2.965797278629939,-13.061701130514454,-6.717178627839452,-4.5059183838793295,0,0.0,6.743265980668366,-100.0
Ghanche,1,-5.59572222682125,-19.988045341027213,-5.616486637435182,0.3174379232057411,0,0.0,2.5487759709358215,-100.0
Ghanche,1,-4.47992697783922,-9.929780518694386,1.7235185946625724,2.1894784190067984,0,0.0,0.6145448446273803,-100.0
Ghanche,1,-13.20560961083632,-19.097925448035085,13.132485336270452,16.567590735494104,0,0.0,2.497601401805878,-100.0
Ghanche,1,-10.037993127327557,-17.209435506189948,0.6200880152733053,1.1389474314067982,0,0.0,0.0,0.0
Ghanche,1,3.454824796138426,-11.567950604976916,-15.908048521885354,-9.19981312975986,0,47.567092418670654,49.543844962865116,-3.989905397282161
Ghanche,1,-12.100440758860074,-21.13130966217044,-2.2039059025537533,-1.0387864883102085,0,0.0,9.698499941825867,-100.0
Ghanche,1,3.76131828895795,-8.548824046640624,-0.7958355540342184,-0.9591527602518948,13,13.327619552612305,15.88379751443863,-16.09299010203774
Ghanche,1,-16.101628172143165,-21.461951450450314,9.989886404313731,10.588208533530173,0,24.118633270263672,24.18606732189655,-0.2788136274301576
Ghanche,1,-12.81478304235828,-16.81929012219048,1.3145277786014926,-0.5443726600555507,0,0.0,2.5487759709358215,-100.0
Ghanche,1,-3.985665445992998,-13.022776565300225,-9.257874554354242,-10.005458479510306,0,0.0,2.0251808762550354,-100.0
Ghanche,1,-6.356442652619652,-13.83406946872388,0.1613193074097543,1.198864617900096,0,0.0,4.3620090133976195,-100.0
Ghanche,1,-12.674501921251004,-24.290118932674613,-5.158489848511884,-1.0121385913530645,0,10.566714763641357,10.656340718269348,-0.8410575168109536
Ghanche,1,-5.99829885925367,-9.564362044959344,9.826980642838452,11.23294524761081,0,10.242637634277344,4.25334519892931,140.81369264022382
Ghanche,1,-10.176965485661997,-17.741590410562658,0.6007384031383651,1.7181308390918597,0,0.0,0.6026193633500952,-100.0
Ghizer,1,-8.226985167362919,-15.522934383835524,0.731273935314519,0.806739136343575,0,110.58337020874023,37.55567181706429,194.45184937017726
Ghizer,1,-6.303015465851508,-12.468218284763209,-1.53731630830515,-2.486598845522419,0,0.0,8.182741987705231,-100.0
Ghizer,1,-9.84320529441404,-22.47006904294307,-4.480016095518092,-1.7938827789047913,0,18.02769184112549,12.466443204879761,44.60974589824368
Ghizer,1,-3.6745150316409614,-15.687009086529262,-0.901955702485198,1.9931648567200304,0,122.1359977722168,36.60631862282753,233.64731108485012
Ghizer,1,-6.016625768766476,-11.995888285240351,0.659543879471256,-0.3442637994739268,0,1.9301538467407227,1.2273013978265226,57.2681209488484
Ghizer,1,-9.2588500398652,-16.458220430736667,-4.539405527900591,-4.102274428264238,0,112.31535840034485,38.61280325651169,190.87595027538933
Ghizer,1,-9.907418146669276,-17.752615572603773,-0.7690258367575229,2.903661832799424,0,5.677142262458801,6.6055269032716755,-14.054664440970654
Ghizer,1,-7.526271528062859,-16.91452231812116,-2.878303423617611,-2.5076407406535672,0,15.078755855560303,26.719070774316787,-43.56556789372152
Ghizer,1,-6.420334277724214,-13.569010791178616,-0.6509447368301418,-1.0012213626569846,0,14.917108058929443,6.15015557706356,142.54846681539937
Ghizer,1,-5.357188494609511,-13.024108945085452,-1.8627157995224015,1.0615219376875515,0,0.0,8.182741987705231,-100.0
Ghizer,1,-6.428630403615629,-13.47624193025231,-0.4010066869321251,-0.4515956445667708,0,16.795697689056396,25.204640418291092,-33.36267683125643
Ghizer,1,-5.764073525212302,-14.186777369716015,-1.8280024495279337,-1.6162955632236589,0,9.265269041061401,14.896760499477386,-37.803463770620134
Ghizer,1,-9.561637577774956,-19.119597483631303,-1.0608889125085987,2.5102771308203806,0,31.194337368011475,16.43304113149643,89.82692928470048
Ghizer,1,-8.141255075430035,-16.979664372588537,4.936401650374429,8.734614526195685,0,21.145938873291016,37.840634524822235,-44.11843474923772
Ghizer,1,-10.275991422595188,-19.2656797893458,-4.593616700923489,-3.181483290686792,0,88.66869497299194,79.46336356401443,11.58437171057055
Ghotki,1,-12.911678728876694,-20.063857786331468,-2.7776212493157395,-2.133888599417837,0,106.29936599731445,28.40418332144234,274.23841690624846
Ghotki,1,-14.554937955320147,-18.814714471360546,4.202301730439604,-1.7799359383229465,0,105.8494176864624,24.85525252595544,325.8633766682825
Ghotki,1,-12.521396211615665,-21.48433485048544,1.4694115091748117,1.7104890050470587,2,75.41948425769806,17.927805591747166,320.68441601361656
Ghotki,1,-12.900892826175053,-21.29693296741469,-2.9162726917276665,-3.195023906845577,0,122.58058595657349,30.39918782711029,303.23638464858897
Ghotki,1,-11.521637172555565,-18.66071840896046,-0.189965307245238,0.3370279182093441,0,62.98997378349304,14.837344460748136,324.5367083721189
Ghotki,1,-16.43488293803334,-23.53147188408926,-3.3619150200319545,-2.7435390621138502,0,138.32127618789673,32.411028082296255,326.7722573831325
Ghotki,1,-10.04719544602804,-19.654486327498905,-4.161617311733247,-2.208070858635516,0,114.66741466522217,27.024120184671016,324.3150706910538
Ghotki,1,-9.964830701364866,-19.10880346909454,-3.826473030423733,-1.1126090524693026,0,110.65868830680847,27.45804796930276,303.01003345365785
Ghotki,1,-8.667926682033677,-16.54535185101922,-4.280677804800916,-3.9364581636584175,0,79.30281138420105,20.642564131319524,284.17132135188774
Ghotki,1,-7.613288742159386,-12.55465184743991,-6.269829911433919,-6.473415338966248,0,87.73649883270264,22.7191181934107,286.1791557479952
Ghotki,1,-9.857265333157589,-21.727131666814117,-1.512001473466924,2.50767590430355,0,85.74931573867798,22.44550763142319,282.03330994675713
Ghotki,1,-7.922287924732134,-15.632193830218096,-4.460873321641475,-3.7216328109755743,0,112.446542263031,26.3349815450012,326.9854606538547
Ghotki,1,-14.167302179015248,-20.19808441141359,-2.3767127652569684,-3.561211715127527,0,129.68786478042603,31.373704373836517,313.3648460351295
Ghotki,1,-14.774642857139956,-20.871918328952358,-5.155492963392039,-5.741036691609068,0,146.16456031799316,36.37206383496523,301.8594077619596
Ghotki,1,-14.01053487767166,-22.27039206267534,-3.4517142916117827,-2.959449794282449,0,138.11626386642456,30.463988100923597,353.37551803415124
Gilgit,1,-12.692957410448946,-22.27580590608792,0.0327700627702434,0.0231052273663756,0,14.264147758483887,6.3556795556098225,124.43151253422897
Gilgit,1,-8.775750509316396,-18.385830918572147,1.0001679251858953,1.22188512729047,0,16.220780611038208,8.53017667606473,90.15761603804697
Gilgit,1,-17.326064642952144,-22.88066662339069,2.8110770632453,2.009999062076922,0,19.02062201499939,18.96802801191807,0.2772771267960746
Gilgit,1,-10.494069172650995,-17.971327110223548,4.413918840129387,3.014158789759396,0,15.229213953018188,10.353061181306838,47.098656970322736
Gilgit,1,-12.522454558571336,-18.99316832480686,-3.862763183267738,-4.205345465677475,0,0.0,0.0,0.0
Gilgit,1,-11.965265807329946,-21.081411685819937,4.718474840023063,7.221173892582657,0,127.4325304031372,108.88845415711403,17.030342096018853
Gilgit,1,-11.806304889345052,-20.230834549241603,13.629826371908443,15.04486189181191,0,41.55270862579346,27.206870490312575,52.728733135951586
Gilgit,1,-11.503557043721562,-22.348570691971577,-1.169221605708891,3.2000494679219464,0,17.536922454833984,17.079351830482484,2.6790865888414372
Gilgit,1,-5.966197698666619,-15.582584968300262,-2.973866103422182,-2.1614631422267525,0,15.844007968902588,8.101526588201523,95.56817837241508
Gilgit,1,-13.907420002757638,-20.809757378705925,1.4832992288688605,2.31191803402875,0,13.777038097381592,6.910676310956478,99.35875271048211
Gilgit,1,-13.165335571962736,-16.150053920816923,16.83469219230712,7.387546005086886,0,113.128653049469,98.34776401519775,15.029207000564993
Gilgit,1,0.4453794385131469,-6.838147125668295,2.2559598977055426,3.735255643888971,0,16.220780611038208,8.53017667606473,90.15761603804697
Gilgit,1,-12.06541415440486,-18.008321197595542,10.445990238360013,2.116266943787592,0,113.128653049469,98.34776401519775,15.029207000564993
Gilgit,1,-11.99661310898563,-23.74477937211978,-2.130722247272505,1.1797534832880388,0,17.885189294815063,15.910241223871708,12.413061770428381
Gilgit,1,-5.518071275956672,-14.123893811651191,-1.2890749086427895,-6.18347506481685,0,28.694251537322998,11.731643848121166,144.58849849860053
Gujranwala,0,-8.557087062597,-17.046412055496674,0.6167374058523638,0.0194273983006851,0,40.54189872741699,127.39415724873543,-68.17601403158588
Gujranwala,0,-10.121364447114551,-18.55544001488211,-0.8060277180470177,0.7050409606828865,0,55.206172943115234,142.30006669452413,-61.20439418933904
Gujranwala,0,-8.712985119263895,-17.38308634860013,-5.456235841285665,-1.7395310351981372,0,33.011834144592285,114.31197052896023,-71.12127978213013
Gujranwala,0,-10.885885618989544,-16.72049588949843,-4.0302494111051885,-3.256633609656504,0,55.69571781158447,125.72878625951708,-55.70169770300429
Gujranwala,0,-9.04873666677113,-16.08237464529749,-4.471794820654461,-2.616008670851059,1,74.0485668182373,118.20511467196047,-37.35586905546785
Gujranwala,0,-10.727042563395637,-19.2737582889563,-2.2157929440402704,1.494177322416007,0,59.43479537963867,105.66614138260483,-43.752279962195104
Gujranwala,0,-6.956269117353591,-15.150150895393049,-0.1150158319876375,1.1476647000399876,0,48.246466636657715,132.2575799319893,-63.520830593250345
Gujranwala,0,-10.224022378217375,-17.09081303603435,-2.160395986778996,-1.4072796022980043,0,52.947322845458984,129.0836806923151,-58.982171439885846
Gujranwala,0,-10.151023517439643,-18.12099405127012,2.367040142321698,0.9954477775479056,0,48.195799827575684,116.65507333949208,-58.68520892587736
Gujranwala,0,-7.328956097188721,-14.648044795575244,-0.2542263358554892,-1.3500151951659518,0,55.206172943115234,142.30006669452413,-61.20439418933904
Gujranwala,0,-9.343234954015408,-15.064673439085778,-2.135582395322336,-3.110827552611484,0,59.28437042236328,139.31876230239868,-57.44695872786794
Gujranwala,0,-10.170765761952598,-16.743798869724287,-2.7565003071050587,-4.618280913709135,0,55.206172943115234,142.30006669452413,-61.20439418933904
Gujranwala,0,-10.292529554697488,-18.37795232866237,-4.159755186176131,-1.731469633417614,2,28.771600246429443,120.30784942358733,-76.08501823922677
Gujranwala,0,-10.619234696870814,-15.381978562283392,-1.365093350928868,-2.383695664411841,0,62.956085205078125,146.96540527120231,-57.16264988423484
Gujranwala,0,-10.093747801198838,-18.041308676427157,-4.440708844874674,-0.6832635405586771,0,53.906888008117676,98.97573476657271,-45.535248477565474
Gujrat,0,-9.19108856400517,-14.229146363826166,-3.6038904300846175,-4.785927661619931,0,162.34394073486328,166.95636304318904,-2.7626514043867854
Gujrat,0,-10.998728865793112,-18.66031164599012,0.8088666674789433,0.3013751207346757,0,167.1759490966797,166.88228125944732,0.17597304819665385
Gujrat,0,-9.212536231979133,-15.167928413164976,-1.3446791501862236,-2.1078284800183877,0,172.81202697753906,162.14064063988627,6.581561720453479
Gujrat,0,-7.994249176558592,-15.534167733999382,-4.625151317116842,-1.8808938255060816,0,167.2622184753418,155.71953470539302,7.412482828044967
Gujrat,0,-10.171715612999376,-14.472912609687096,-0.6134798719131069,-0.7902018342559369,0,68.79694175720215,155.04653158560396,-55.62819686861674
Gujrat,0,-9.322493677620123,-16.258206827274236,-3.330934074460954,-2.022509727038262,0,168.46042728424072,159.24500163048506,5.786948136142632
Gujrat,0,-8.02673674606912,-14.721519027456551,-5.452567964043025,-3.229954619211192,0,185.89462852478027,192.09273020401596,-3.2266195980726975
Gujrat,0,-9.348266203114733,-16.23683194124163,-4.94309982754087,-7.477187686927738,0,167.1759490966797,166.88228125944732,0.17597304819665385
Gujrat,0,-9.081983516655969,-14.394643334117134,-0.5983112291201227,-2.249100792014257,0,188.59585189819336,189.16417296379805,-0.3004380040365555
Gujrat,0,-9.712724825398304,-15.958149411424422,-0.6674175907669699,-0.5261839884301338,0,168.6910743713379,183.56071785874664,-8.100667539800762
Gujrat,0,-9.586095693210822,-17.151362237287593,-2.5870522550118373,-1.4250620794412183,0,186.28414344787598,168.11538761854172,10.807312814553091
Gujrat,0,-13.734004979611116,-17.36777776568726,-0.65476188692503,-4.558904542021779,0,167.0690393447876,171.5637323040515,-2.619838644742384
Gujrat,0,-11.771412471711985,-15.764676582792774,-0.0982281931283104,-1.6109447356344797,0,152.41463375091553,188.80088666528462,-19.27228921274952
Gujrat,0,-9.99531610757669,-16.708629916747217,0.7354830600831441,0.9767187980877292,0,156.35651969909668,154.49383844025434,1.2056670205411961
Gujrat,0,-7.833843689221448,-14.380914313150251,-0.5240734364042634,-2.239753599494016,0,156.35651969909668,154.49383844025434,1.2056670205411961
Gwadar,1,-12.707806238527716,-22.798320353586764,-2.326186599365954,1.7359789469379798,0,8.26449429988861,3.5992064418154768,129.61990187258928
Gwadar,1,-16.24089463335797,-22.853053554748808,-1.1169714501493928,-0.671680571399996,0,1.8898358941078186,0.21452583223581315,780.9362837154524
Gwadar,1,-9.285433118860832,-18.983501936945064,1.1929941933799046,-0.1659409579977087,0,6.785222291946411,1.9274374931719649,252.03332486699935
Gwadar,1,-10.61757887579639,-20.943211476253573,0.6429232476638305,2.494927621405907,0,1.8414521217346191,0.4242297437041998,334.06954582104873
Gwadar,1,-15.359976248621503,-24.379915097048904,-1.056179103310949,2.3286436739017766,0,13.483664631843567,9.445564658753574,42.75128188707838
Gwadar,1,-6.4894600983863135,-13.752117253984451,0.2381416273501519,-0.0346556254153682,0,3.0636232495307922,0.4398927837610245,596.4477169498493
Gwadar,1,-10.287642660220646,-20.219788220099325,-0.3029146120367318,-0.9375409496191692,0,1.8919302225112915,0.4208653919398785,349.53333268646566
Gwadar,1,-17.35216240743515,-24.78591677405161,0.3794902855829178,-2.5030695123375324,0,11.115674257278442,5.20934123842707,113.37965298343087
Gwadar,1,-15.018326554054047,-25.783248211574552,-2.593038993282436,-2.419205021931049,0,1.7330847382545471,0.4149525061249733,317.6585784332112
Gwadar,1,-16.696573832734337,-25.35459993299006,-0.5616511013095966,-0.5317228950067054,0,1.882741093635559,0.266812521032989,605.6419565117691
Gwadar,1,-17.508643881658855,-24.368135056052047,-3.562459836972522,-2.3825497874688075,0,7.457125902175903,2.473010103031993,201.54045440547202
Gwadar,1,-17.52668420564796,-27.535064244184625,-1.5128529467783025,1.4349824693215965,0,2.22260582447052,0.3033430766314268,632.7036598798229
Gwadar,1,-18.625970647800425,-28.32274948071663,-0.5952937683143205,-0.6940509843850933,0,1.3746678829193115,0.6308689326047897,117.90070993723786
Gwadar,1,-8.389081664414505,-12.085709831726245,0.549369329358063,-2.499956895575398,0,1.434315800666809,0.21712980084121228,560.579890512463
Gwadar,1,-19.049101814028223,-26.149767631614708,-1.9953590388192275,-2.294074662715051,97,2.10276460647583,0.4421819083974697,375.5428855279378
Hafizabad,0,-5.21884275893707,-12.439188120589357,-1.0392920199971811,-2.396494311192466,0,51.65988254547119,90.89391124248505,-43.1646390398429
Hafizabad,0,-9.045371014624765,-16.727567883347305,-2.133776016372158,-0.9960678136092512,0,80.75281620025635,71.27653167545796,13.295097701928832
Hafizabad,0,-11.043451760527171,-19.54193826348065,-2.062384051567306,2.0276001089668547,0,66.1626787185669,64.22053708955646,3.0241753137350624
Hafizabad,0,-9.784792692507027,-15.46688204533826,-3.624480405794511,-4.9025831198782,0,48.173051834106445,84.31878732442856,-42.86794988078545
Hafizabad,0,-9.064720656863615,-18.398012751387174,-4.85078248450904,-1.6565986458676356,0,53.80239295959473,57.16042731851339,-5.8747537701332915
Hafizabad,0,-9.06409873138054,-16.67788864606417,-4.579327159304341,-2.627889705213036,0,56.1873779296875,56.638852529227734,-0.7971111337526765
Hafizabad,0,-12.12066085862738,-16.997257706987632,-1.53155915880113,-2.7294967317610386,0,80.75281620025635,71.27653167545796,13.295097701928832
Hafizabad,0,-9.443331803963936,-16.75131804842805,-4.2232647953302695,-1.621762246330395,0,58.73956871032715,90.42302613258362,-35.03914741340364
Hafizabad,0,-10.003277620744694,-19.1197389128395,-4.552834515283575,0.7525570530874148,0,70.31554222106934,94.53087994456291,-25.61632530840136
Hafizabad,0,-9.452050036868908,-16.288362183979647,-2.561094492974547,-2.026042393767636,0,80.75281620025635,71.27653167545796,13.295097701928832
Hafizabad,0,-12.154460186007228,-18.37629773452195,-1.6414508671831491,-0.6037322149445465,0,50.90331840515137,64.70455477684736,-21.329621105181243
Hafizabad,0,-8.381243654152136,-21.25356228790934,-5.394299157620697,1.4949095355114466,0,91.61919021606445,79.70134969949723,14.953122577599718
Hafizabad,0,-10.352226698460822,-18.243964281623164,-3.2667002170753,-1.4476711199126804,0,52.792155265808105,75.2946175351739,-29.88588428496069
Hafizabad,0,-6.674073062493756,-13.553381181857938,-2.1870261581413715,-3.4153871153496294,0,56.096229553222656,95.46444354392588,-41.23861463937492
Hafizabad,0,-10.304512658985336,-16.37407658442956,-2.7514107964147563,-2.580141635733387,0,59.091421127319336,102.06157983541489,-42.10218848012101
Hangu,1,-10.897239176958236,-18.327269887817376,0.3145208281483533,-0.0815538957918455,0,110.77339124679565,62.32672755122185,77.73015782957476
Hangu,1,-14.347103006768974,-19.957577819571597,2.347423450794036,-1.1604944958089085,0,87.32595682144165,82.61839324831962,5.697960693780229
Hangu,1,-9.323884389296568,-13.805051468785628,-5.421738985472102,-7.537812696223931,0,143.69636726379395,102.85958178639412,39.701488931001634
Hangu,1,-9.55918255022253,-17.810161595008005,-0.8670380084440517,0.4980467725225459,0,110.77339124679565,62.32672755122185,77.73015782957476
Hangu,1,-11.242765005822967,-18.41886615651938,-1.5000329453555032,-0.7089197158060401,0,123.74551582336426,79.19709837436676,56.25006264549739
Hangu,1,-8.765527435968114,-14.229095682977244,0.0525052660813294,-5.422711346596602,0,131.9411859512329,79.08188061118126,66.8412345932223
Hangu,1,-9.258416955529556,-16.16631151429162,-0.8547208602600378,-0.7674061450113854,0,78.33177947998047,76.99903394579887,1.7308600717247224
Hangu,1,-8.295072906920623,-15.136554498620605,-0.1010315013032201,0.2554118437862094,0,147.04191398620605,101.5440978884697,44.805968090541896
Hangu,1,-8.062433888815274,-16.353772235886993,0.7155550808259923,0.5554241503572364,0,104.9132022857666,63.35162324309349,65.60460003241369
Hangu,1,-6.905859280811755,-14.870656133655071,1.0171857157857334,0.6485297090871533,0,87.32595682144165,82.61839324831962,5.697960693780229
Hangu,1,-11.239603834126331,-14.717628309699895,0.9296002349673298,-1.8393411282601893,0,99.99005126953125,87.07761520147324,14.828651471658072
Hangu,1,-5.229627361114528,-13.464661344943966,-0.3964194549873552,-1.335041289474704,0,87.32595682144165,82.61839324831962,5.697960693780229
Hangu,1,-11.80633480759928,-17.460082389489617,-0.2368840760319113,-2.698247877298737,0,123.74551582336426,79.19709837436676,56.25006264549739
Hangu,1,-6.478593443931725,-13.502693178311947,-1.132757075234311,0.8512065229419719,0,110.19005060195923,61.432944524288175,79.36638306242087
Hangu,1,-14.085323473561262,-19.88421110009339,2.890632593988125,2.5795593135544337,0,121.43671989440918,70.12781510353088,73.16484153275002
Haripur,1,-6.72092443165431,-13.319182907857597,-1.2630705807435776,-2.478255136541064,0,180.8014621734619,187.4194596707821,-3.5311154503087563
Haripur,1,-9.603000225589888,-16.372190515093436,-0.0826860117770742,0.9158364538707496,0,148.38776016235352,159.04691179394723,-6.70189160629736
Haripur,1,-9.194046668249616,-15.372246510963862,-1.559297457773079,-0.707517602063632,0,151.0132942199707,157.98354993462561,-4.412013603656354
Haripur,1,-8.68301044147158,-13.629104093671357,0.6964135138878298,0.2964504786281026,0,180.8014621734619,187.4194596707821,-3.5311154503087563
Haripur,1,-11.170058700061528,-18.14101842938656,0.783226964561786,1.692959552423023,0,114.63498306274414,208.4874014019966,-45.01587036345194
Haripur,1,-8.615441463358833,-14.921933363304568,0.5899194163256443,0.0873980472388726,0,114.9599142074585,189.65963987112045,-39.38620030831162
Haripur,1,-4.6667617661917244,-13.485003777164462,-1.6908897251034158,-1.977951258933107,0,140.14349174499512,163.24851123690604,-14.153280367978944
Haripur,1,-12.735286334707473,-19.264697242168197,0.4319197076589169,-0.2049304918008481,0,127.54820251464844,181.70353108644485,-29.80422463338492
Haripur,1,-11.483365083050426,-17.438811120170932,0.9023914826831304,-0.333605784455365,0,86.03829956054688,147.23621923327445,-41.56444656852289
Haripur,1,-9.9298918316061,-15.944829984670289,-0.6603819923461707,1.1831368193695333,0,148.38776016235352,159.04691179394723,-6.70189160629736
Haripur,1,-8.700996334407497,-14.846964826870371,-2.614388928454021,-2.6569241028983424,0,134.06762027740479,163.70216963887214,-18.10272241769387
Haripur,1,-8.200841658723842,-15.88959011544873,-7.087942584196936,-4.205660544865953,0,148.38776016235352,159.04691179394723,-6.70189160629736
Haripur,1,-21.995833835219813,-26.58509622977284,1.622607654553228,-1.9742680021952808,97,175.23682403564453,189.7417731165886,-7.644573381335154
Haripur,1,-8.717600513026465,-15.092035809084743,-3.5921139811107228,-2.054876714742001,0,109.62201690673828,197.219950145483,-44.41636516697549
Haripur,1,-11.403374182398988,-17.971942431679913,7.279342163511107,6.542265466737854,0,114.9599142074585,189.65963987112045,-39.38620030831162
Hunza,1,-11.447552291816178,-16.905078735443166,2.6956991222107245,4.144132702804392,0,20.959689140319824,21.65501517057419,-3.2109237734416567
Hunza,1,-14.496323759228588,-24.158955477634183,-2.182709560801232,1.4633701070408345,0,7.83308744430542,7.580713623762131,3.3291565025251755
Hunza,1,-4.1057526725036375,-9.579475493789287,1.3395737266888317,-1.2081666692106356,0,11.484446048736572,17.848672318458558,-35.65658081548337
Hunza,1,-21.176167370571328,-21.23896873389603,17.0736722206165,14.947343709706718,0,26.27593493461609,25.84161169528961,1.6807126600607725
Hunza,1,-2.2457467059280987,-11.765128363400851,14.528012973783468,8.719352927615077,0,36.71639108657837,29.1653728723526,25.890353767373846
Hunza,1,-10.398816671720123,-13.3278926340214,-3.57451829851297,-4.808475506311622,0,13.354739665985107,18.981599473953246,-29.643760082965482
Hunza,1,-13.990574122092848,-19.804316781820845,1.093818380024782,1.190314021340484,0,4.953996181488037,10.22621710896492,-51.555926021313745
Hunza,1,-13.202588548673951,-18.736847499275207,11.111964979978158,11.37048911561808,0,0.0,0.5929782040417194,-100.0
Hunza,1,-11.461106976340645,-19.18942646845964,1.2943419731970458,3.715948439814701,0,8.438908815383911,4.780100321769714,76.54250428492291
Hunza,1,-5.284452748237287,-12.098871357246765,1.6256845985205146,-0.5709124327317863,0,0.0,0.0,0.0
Hunza,1,0.5990364441480335,-8.588238285787893,-15.459037615898112,-6.149950661440661,0,0.0,0.7115414425730705,-100.0
Hunza,1,-3.1467936171756854,-11.445274094665944,1.086617532053766,0.5393957905442086,0,0.0,7.204516094816427e-10,0.0
Hunza,1,-1.7868362964834943,-12.231498233414111,0.4310031172041875,2.488945158060956,0,5.726780891418457,14.795060658454895,-61.29261634256438
Hunza,1,-10.884621226718004,-19.52973846148375,4.918610949489516,6.216482368964609,0,30.919153928756714,30.90585778951645,0.043021421151993894
Hunza,1,-11.022921203625428,-13.640621552323026,2.420720957152602,1.8786063060499136,0,20.102840900421143,37.416675937175754,-46.27304431271581
Hyderabad,1,-7.67542104024531,-17.535270036149683,0.3486227218005497,1.5477182887152523,0,117.75960350036621,52.5331007280387,124.16267432985144
Hyderabad,1,-4.301068071988231,-11.21212973026229,0.0849301055364133,0.544895763081108,0,113.89364051818848,50.62365789315663,124.9810567987122
Hyderabad,1,-10.052234883143562,-19.02277597840145,-2.5507798669911814,0.2104638368228784,0,120.84990382194519,54.16957730362192,123.09552674664279
Hyderabad,1,-4.822177806584216,-10.959708120953897,1.1648052024215056,-1.0200032411598965,0,101.99024152755737,40.77364547015168,150.1376571840241
Hyderabad,1,-6.825160854024573,-14.48763615318362,-3.687045491681011,-6.994680045546209,0,132.98931550979614,58.34508174499497,127.93577715949365
Hyderabad,1,-4.753281388105921,-12.231014497524216,0.6265762087884541,-0.0221884497557116,0,87.05693507194519,33.50861506876536,159.80463499696899
Hyderabad,1,-9.498114586130834,-16.7262865118524,1.705550833857357,-1.2217235183380275,0,113.50628089904785,50.18002616199665,126.19813017357635
Hyderabad,1,-13.950133007835026,-26.24046088840684,2.939113337492781,5.936858109881374,0,120.5551061630249,54.23846785943024,122.26864238766369
Hyderabad,1,-8.552271248974545,-18.053886881976,-2.5200251214603053,-1.6941859531693169,0,132.31969261169434,56.11373669230379,135.80623998943645
Hyderabad,1,-8.294905964490729,-14.445231028304558,0.1772533420922784,-1.1149355441516455,0,113.89364051818848,50.62365789315663,124.9810567987122
Hyderabad,1,-9.995694321653088,-17.38493948506233,-2.20456605753561,1.0133233540193594,0,118.05273914337158,52.979059354169294,122.82905846662825
Hyderabad,1,-8.688187967491476,-14.657871026728165,0.8054533996561606,0.0363904479211694,0,113.89364051818848,50.62365789315663,124.9810567987122
Hyderabad,1,-1.395865414934106,-10.30022959819728,-2.980928182305352,0.3860615132339955,0,111.13836336135864,50.587985389819366,119.69319889881365
Hyderabad,1,-7.118600361803735,-15.38932146395668,-3.2563573781286115,-4.508590413531248,0,116.54398453235626,47.98744429876096,142.8634953067618
Hyderabad,1,-10.788564727251972,-18.9400403532485,0.4732523183595916,0.0106254407598669,0,87.05693507194519,33.50861506876536,159.80463499696899
Islamabad Capital Territory,0,-10.635991863264524,-15.95722588633701,3.0422704811956454,-0.2216547681044574,0,192.1021671295166,209.84940737485886,-8.457131457912553
Islamabad Capital Territory,0,-9.184769083918855,-15.981998420629283,-0.3418971750721145,1.831556075873987,0,186.50049018859863,218.88442879915237,-14.794994229703354
Islamabad Capital Territory,0,-10.22654116707425,-16.284080825565745,-0.7021365638389501,0.3873238257104852,0,180.23656558990479,228.37630106210707,-21.079129160214684
Islamabad Capital Territory,0,-10.02789401206972,-17.2995968396241,1.320647348626542,-0.2642578715556709,0,192.1021671295166,209.84940737485886,-8.457131457912553
Islamabad Capital Territory,0,-8.204272812379141,-14.86738886206752,-3.41545967507731,-3.517148578638631,0,213.65682983398438,226.7326669037342,-5.7670724065983645
Islamabad Capital Territory,0,-8.059025764806194,-13.446642187474438,0.4477509385685927,-0.3648441950305958,0,204.4008502960205,210.24584412574768,-2.780075798421629
Islamabad Capital Territory,0,-6.291155060635445,-13.13310084694232,-0.2012929424426541,-0.4047903277180715,0,189.2418441772461,212.13750351071357,-10.79283905700869
Islamabad Capital Territory,0,-8.100834935456398,-12.994579842949936,-1.2617866908947288,-2.154785018985997,0,186.50049018859863,218.88442879915237,-14.794994229703354
Islamabad Capital Territory,0,-4.218954704312756,-15.626100051715438,-0.300120687531237,-0.9966344740660862,0,192.43904495239258,230.32644082307814,-16.449434001278306
Islamabad Capital Territory,0,-7.882911287470544,-18.90844412988332,-0.053511217412395,5.111659799686784,0,186.50049018859863,218.88442879915237,-14.794994229703354
Islamabad Capital Territory,0,-8.64715998160968,-16.28942550547725,-1.5340828669760178,-0.5582703154860731,0,186.50049018859863,218.88442879915237,-14.794994229703354
Islamabad Capital Territory,0,-9.079790718644537,-13.238731527150003,-0.4888715427827534,-2.6160820796962483,0,161.4192771911621,216.1429181933403,-25.31826694096347
Islamabad Capital Territory,0,-11.370251904706016,-16.470904662364294,-0.5159655600926509,-1.673038440918095,0,185.33782196044922,210.60448265075684,-11.997209352949554
Islamabad Capital Territory,0,-4.780352793164366,-12.095991421380266,0.4888557464896399,0.4379399741864986,0,214.05200481414795,199.97661752700805,7.038516533183654
Islamabad Capital Territory,0,-11.56820251266653,-19.42035288091132,0.5493436847859154,-1.085971884265117,0,241.9886236190796,203.2239102780819,19.074878191229526
Jacobabad,1,-11.629766731684692,-18.9388533738841,0.249564145954654,1.5418237707021163,1,67.33746409416199,13.398542134810123,402.5730666563766
Jacobabad,1,-10.294245740972816,-17.41271096536101,-2.6160109865979404,-1.2696727066204012,0,69.31978213787079,13.251774608233609,423.0981071380503
Jacobabad,1,-13.884203232850664,-26.791187092261133,3.806822850018909,12.325341316167542,1,59.363025426864624,11.997058963030577,394.8131505379293
Jacobabad,1,-9.78127149332212,-22.98694328426513,1.090377685725354,4.813359184012619,0,67.22380924224854,13.288301971180408,405.887128303098
Jacobabad,1,-19.744632998307416,-28.156152423547496,8.899656550458793,2.0889129528668064,10,60.896464824676514,11.384807964717037,434.8923320744836
Jacobabad,1,-10.649641331772134,-18.629470344671702,-2.355292575097261,-2.0712060183528465,0,57.61189317703247,13.268383790650114,334.20430163943615
Jacobabad,1,-8.487493331072393,-17.83579702802622,-3.3335327196619517,-3.3119632309756355,0,68.80821228027344,14.588751439216868,371.652509585612
Jacobabad,1,-12.886862336346647,-19.28764238327781,2.2798045951514467,4.639578547779699,3,67.99426317214966,14.17446103448383,379.6955807119033
Jacobabad,1,-17.92603091821286,-27.8797853069798,6.2401381780389205,8.700870832757442,0,59.75941514968872,11.487747719157777,420.2013189237235
Jacobabad,1,-15.571103945756224,-26.446385250560787,1.834333112075456,5.359992267557715,1,71.82355308532715,14.113988279107435,408.88205137342834
Jacobabad,1,-17.671054447082376,-26.133328840058503,9.412936321664247,7.105298756473314,1,58.666463136672974,12.594384773937055,365.8144418302825
Jacobabad,1,-8.955626487637488,-14.962888118988062,0.673438340418647,-1.1019534398797646,0,67.701327085495,13.405797356268886,405.0152951464402
Jacobabad,1,-10.666147670976592,-15.411369775411735,-1.0354873652795682,-2.918369992972016,0,59.32000994682312,11.65083526492308,409.1481305672272
Jacobabad,1,-11.301276020612724,-19.910842919960835,0.1240403372425511,0.9360816696373035,0,68.69239115715027,17.113815259479452,301.38560639832264
Jacobabad,1,-9.462655765665032,-16.8973377982923,1.6605749317758276,2.096227262149758,0,59.2924987077713,11.665232810913585,408.2838865616065
Jafarabad,1,-7.092123354273818,-21.23168934950573,-5.307627227018253,1.409663452415014,0,52.44360899925232,14.127113235439174,271.22664853915563
Jafarabad,1,-11.864493648907104,-23.7683139797607,-1.269118909049979,3.878388280206746,42,51.656312346458435,13.315061276912456,287.9539963967532
Jafarabad,1,-20.37099160730984,-27.03695941571068,4.65336498188605,2.229433316462419,0,57.22569394111633,11.322269970178604,405.4259798771926
Jafarabad,1,-12.947730882688468,-24.440054463755683,2.846484369182811,9.50902173973678,0,54.01759433746338,14.172921020840295,281.1324021211595
Jafarabad,1,-10.290414580972154,-19.85567422833773,-1.4071180129341805,-2.0954532712944065,0,39.776246190071106,8.356701761254225,375.9802051868516
Jafarabad,1,-17.46531639342736,-26.48940974663888,5.3379687682089205,7.18347085233906,0,49.2415452003479,13.524248104239813,264.0982095330743
Jafarabad,1,-22.854049807013155,-26.88796824877092,10.351646232164793,7.848223561556789,4,56.14962077140808,14.668723189178854,282.78465035613846
Jafarabad,1,-14.180250962818748,-25.83983210511076,1.0652838147852108,8.296725191322487,1,64.89141094684601,13.01885127335554,398.4419099990271
Jafarabad,1,-12.43480228342711,-21.40885479655931,1.8777255680888505,4.653909761826178,0,55.668471813201904,16.275191352836554,242.0449603715388
Jafarabad,1,-8.393787922858321,-18.41519515400937,-2.3477391003186323,0.9531518771886311,1,56.14962077140808,14.668723189178854,282.78465035613846
Jafarabad,1,-22.647964919501927,-28.288035442498703,9.686200971397104,3.215206263517885,2,62.708850383758545,13.631303018023027,360.0356275614019
Jafarabad,1,-11.77439506442423,-20.80396670634122,1.5975776657201557,4.234488428850003,3,55.7030953168869,12.838514980464243,333.8749100004763
Jafarabad,1,-19.791386810109543,-27.88651807473127,7.528025674464356,8.891204095864662,0,34.885301530361176,8.614983831866994,304.9375159744324
Jafarabad,1,-18.525861575495632,-28.614688492661227,5.814468164106124,6.341257756793223,0,56.70348143577576,13.461734379618429,321.2197316983684
Jafarabad,1,-9.93425873169728,-16.731455759774548,-1.3215775857115375,-0.2554494237460289,0,49.48164415359497,12.923475354863331,282.88187035520724
Jamshoro,1,-11.035119575448832,-18.27905666037698,0.2975397542909164,1.3374338952963107,0,113.77009010314941,46.81103138360195,143.0411950782256
Jamshoro,1,-5.009833580210327,-11.28112729805088,1.1086598454235137,2.127034697654187,0,83.09491991996765,29.929824524978176,177.6324994843191
Jamshoro,1,-12.292906697349084,-20.79930827297447,-0.1958204941961341,0.2990513666826118,0,91.4522762298584,31.65451714522205,188.9075066610588
Jamshoro,1,-14.49650787593638,-23.13362878911752,0.253096193200685,-2.834214187746188,0,112.63092517852783,44.15322218178771,155.09106609434667
Jamshoro,1,-11.948011372586272,-21.28339918624694,-3.479020822522152,-0.7892592333258861,0,95.30326080322266,47.7335362453945,99.65682054913302
Jamshoro,1,-9.317556586612652,-16.6325230570411,1.896903581412724,0.5999581020395937,0,110.81408834457397,50.56152102595661,119.1668409019691
Jamshoro,1,-9.666039626594204,-15.611810663093271,0.97384243497555,1.0539146200213878,0,87.50495529174805,30.77423664908856,184.34484432399293
Jamshoro,1,-10.186093060892084,-16.872939008591196,2.023084850004921,2.97235157239259,0,85.95744037628174,30.04806321247015,186.06649210125735
Jamshoro,1,-11.415330383431604,-19.2823838458334,-1.9085512804823197,-0.9427135851509229,0,101.83385968208313,44.702791267540306,127.80201592473482
Jamshoro,1,-7.882621642956003,-15.207356867267269,3.517437761791678,5.484227737334841,0,84.46574354171753,30.186964718159288,179.80866685449254
Jamshoro,1,-9.024139160500098,-15.012310544867944,1.74410825575268,1.3028585173144265,0,93.6241397857666,31.85721975499764,193.88672491132627
Jamshoro,1,-12.331933066840374,-21.886527415165396,-2.1757704029535745,-4.401819967898941,0,85.45086359977722,31.00958991567604,175.56270119064004
Jamshoro,1,-10.033867445846376,-16.91859126444369,-1.688307701481138,1.5311291331922412,0,104.03761124610901,48.091643524495886,116.33199371345371
Jamshoro,1,-6.360096437047534,-14.334428357934502,-5.553804532475721,-9.787685637822303,0,102.20170712471008,48.029381156386805,112.78997285418824
Jamshoro,1,-10.651145711129406,-17.07128003402748,-0.1902076847681506,0.6456166664767053,0,121.794677734375,52.13491936272476,133.6143974578684
Jhal Magsi,1,-10.48780956186401,-22.154048712097097,-1.090668086546886,0.0048040515669498,0,59.42663836479187,10.531901478068903,464.2536486743527
Jhal Magsi,1,-11.327451600407944,-17.4608246341119,-1.3370071792547158,-1.6684004489654178,0,66.61883926391602,10.08794864793308,560.3804359924605
Jhal Magsi,1,-16.50184414002301,-25.29796239463408,-3.834184737302412,-0.3989073795101205,0,58.38586902618408,10.853528869198636,437.94364699096224
Jhal Magsi,1,-12.400541311050864,-21.63031566540124,-8.98975607446191,-7.390504524808023,0,51.089282393455505,9.327462633000687,447.72969245356126
Jhal Magsi,1,-11.249256035861364,-19.385180236713605,-0.759716039753636,1.3626428642934556,0,68.24187207221985,12.381865734449821,451.1436930086541
Jhal Magsi,1,-21.72110309591388,-28.792294037588952,8.613379763768938,9.1612309136599,1,48.14854335784912,9.403289561397106,412.0393564770263
Jhal Magsi,1,-12.63324996786634,-20.252609295485552,-4.39078617144888,-5.733885929620644,0,60.72979164123535,9.746748348046093,523.0774559128706
Jhal Magsi,1,-11.786166709026862,-20.16860345474176,0.0141248240885349,1.880169535717812,0,56.04375433921814,9.732890128414146,475.818216375466
Jhal Magsi,1,-7.949275161133309,-15.13185892733538,-2.690901819084789,-5.667896718725537,0,38.59916591644287,8.844651758339023,336.41250069625784
Jhal Magsi,1,-10.737684244890874,-14.334242985526885,-2.3461496278947926,-4.7591549739386725,0,66.61883926391602,10.08794864793308,560.3804359924605
Jhal Magsi,1,-15.280465311342663,-26.69160846242443,-6.013643671976137,-3.094598116796565,0,56.92399740219116,9.706318954401649,486.4632892202363
Jhal Magsi,1,-10.000283923998287,-15.673360613588684,-3.739431384653305,-4.999061946665792,0,63.648128032684326,9.750394965335726,552.7748697254214
Jhal Magsi,1,-11.964475841665973,-21.93393982071564,-2.458034948626455,-2.57931317172498,0,68.88563549518585,13.071331305013155,426.99785421831234
Jhal Magsi,1,-15.957464669080606,-27.469494379758203,-4.425593293583285,-3.935445745885829,0,47.09601032733917,9.265466849785298,408.29613975069685
Jhal Magsi,1,-12.591077089485674,-20.61406797932864,1.461018656829534,-0.1371424000115091,0,43.75566232204437,7.492690967093222,483.977939490801
Jhang,0,-9.646721919629238,-16.076029325090325,-0.8730882393416781,0.8820127043686217,0,70.15447473526001,51.74051719307899,35.58904808289032
Jhang,0,-10.658950058271753,-18.30654633245055,-4.250533774281905,-2.190959313079585,0,117.16335105895996,65.35610034018755,79.26918902613298
Jhang,0,-10.278662936419602,-18.583596357448823,-4.689055880521151,-2.141955123467941,0,53.56912040710449,36.08245844189078,48.4630557903232
Jhang,0,-14.088394008231388,-20.172521146470327,-3.617635661163531,-6.629968839641997,0,54.009873390197754,52.07956922501326,3.706451865691298
Jhang,0,-9.920298824312283,-17.637682948276776,-1.1580432712328843,1.1132205578540564,0,42.278263092041016,71.8691045820713,-41.17324358235028
Jhang,0,-23.63840014640435,-27.591921140582865,-1.1404443364685797,-0.7905619747263053,3,106.69868469238281,57.23416688144207,86.42480620606254
Jhang,0,-8.654011805083833,-17.616294044184695,-4.671277991282874,-1.5016403091899448,0,98.17327499389648,62.75221987068653,56.44589975653786
Jhang,0,-9.07919807871642,-14.795778856908647,-3.0643023679336814,-3.7593141397113072,0,51.802894592285156,50.25998010635376,3.069866885475241
Jhang,0,-17.80533791789893,-21.9783315137874,0.9741318489899912,-3.804827502697197,0,93.82204055786133,55.39146440923214,69.37996053815094
Jhang,0,-9.105937835800924,-17.12766260102987,-4.202710050424937,-0.5693147510704115,0,117.16335105895996,65.35610034018755,79.26918902613298
Jhang,0,-8.617405476735138,-15.862378148829276,-2.080363198353508,-1.98694193890338,0,53.79389667510986,45.022073629125956,19.483383013947154
Jhang,0,-10.678395094108147,-16.004707473828955,-2.2112175483889818,-2.79375714529462,0,117.16335105895996,65.35610034018755,79.26918902613298
Jhang,0,-20.06052591251327,-25.524747233868823,3.3275745528822505,-1.0097919315954833,0,85.32985067367554,51.739032444357875,64.92355315195061
Jhang,0,-9.642101693609575,-16.290921793985873,-3.966336979977317,-3.3187339708727706,0,72.7821626663208,49.61888884007931,46.68237110447246
Jhang,0,-9.565333983619697,-14.701018347306288,-3.1500988960926684,-7.041276788411597,0,78.1859998703003,55.15888626873493,41.7468791689827
Jhelum,0,-8.195831468459263,-14.055915548103386,0.4263549925939394,0.5130341248686108,0,249.3138198852539,199.45439704656602,24.997906076268332
Jhelum,0,-12.282530624950178,-18.383972593606316,-0.6409849314742875,-0.887916366982406,0,181.66543197631836,180.75985556542872,0.5009831458743615
Jhelum,0,-9.618230595192436,-14.843089227341071,0.1398493201344344,-1.783420188225115,0,169.7829818725586,161.65955607518555,5.025020477969737
Jhelum,0,-12.195505457585764,-18.93623234117168,-2.019894395883231,-1.525524957832367,0,173.966947555542,164.59858353734018,5.691643158081337
Jhelum,0,-8.513460095442634,-16.83083133962944,-5.01493107581898,-1.550242688757436,0,143.22543001174927,124.74284480214119,14.816549389204587
Jhelum,0,-8.706484178285269,-16.87942500621464,-2.0820411605033264,-4.900714893778364,0,117.79858303070068,109.84358772411943,7.2421116893603585
Jhelum,0,-10.416242954762172,-17.446426455767803,0.1120081310253908,2.178486677451822,0,180.25010871887207,169.5640882819891,6.302054016951915
Jhelum,0,-8.787977765428025,-14.83859327595444,-1.732586604998989,-0.3503434107545686,0,186.40250873565674,176.4814940273762,5.6215609251027665
Jhelum,0,-8.168593176548761,-14.265381530180854,-1.604177169888121,-3.331377471553118,0,239.75336837768555,201.693886500597,18.869923396005316
Jhelum,0,-12.655710276677253,-16.959691869048307,-1.317075717427416,-3.162286535372523,0,181.66543197631836,180.75985556542872,0.5009831458743615
Jhelum,0,-9.570575597844025,-17.19870146795705,-4.415621033602948,-5.0763472877819,0,178.6568546295166,179.32571366727353,-0.3729855713821125
Jhelum,0,-11.274328983027598,-14.842689603325043,0.2102524024695888,-1.4872968809111384,0,191.05222511291504,196.2415064394474,-2.6443342291267857
Jhelum,0,-10.952697695341854,-19.92709049161773,-0.7958538747704011,1.81980677149188,0,112.07361602783203,120.11282458975911,-6.6930476319949195
Jhelum,0,-10.679794579087234,-18.091169382760206,-1.789521558746399,-1.808497082469387,0,236.5222568511963,193.4974314749241,22.2353470267371
Jhelum,0,-9.8728851558695,-16.175269154384313,-1.018402215872234,-2.029752630105616,0,155.46328163146973,189.69487180113794,-18.04560652833782
Kachhi,1,-15.231567136160294,-26.94950030822671,0.223251319259079,1.9196957008668711,0,48.17367613315582,9.100447796238587,429.3550077070609
Kachhi,1,-14.949605866343385,-22.482393071455054,3.572672032000506,1.8539998081203883,0,55.487703800201416,12.110768706910312,358.16830577022375
Kachhi,1,-7.310376103032665,-18.01691223544605,1.8242952844682143,4.041543537421774,0,41.50632119178772,12.156815016525798,241.4243050944234
Kachhi,1,-17.971257307526404,-26.74729381722323,3.1184010847781973,-0.914852152771978,0,59.589519023895264,12.646074414486066,371.2096186594911
Kachhi,1,-15.66392378773928,-22.535466083091976,-2.859886064963378,-4.403454518725372,0,50.06465137004852,14.831080963555724,237.5657613431679
Kachhi,1,-10.727003836253708,-15.40905927145079,-1.725532868956197,-5.933743454768855,0,43.303741216659546,10.712746756803245,304.22631281897
Kachhi,1,-13.87023489290851,-22.853265508072404,3.20929711141814,5.065176939682935,2,65.11546301841736,14.615742184454575,345.51595257115787
Kachhi,1,-15.941065964904992,-25.901550446981226,-1.3474836650495163,-1.1400726641396377,0,55.726353883743286,12.159092504018918,358.3101400480684
Kachhi,1,-7.508471226260135,-11.391387998035686,2.536725094638185,0.7202630405260102,0,41.278331995010376,9.877527247346006,317.90147434016404
Kachhi,1,-11.656289402565,-17.408809379843255,-4.357064863129525,-7.025831072250352,0,44.47260308265686,8.698836030997336,411.24774537861936
Kachhi,1,-8.027935346574322,-21.652923938108096,-3.9438610337755815,-3.278588809340107,0,69.88697123527527,16.29898064415902,328.781239520769
Kachhi,1,-16.541957817265107,-27.529673469181457,-3.2545379293682863,-0.9350554590158175,0,70.05058979988098,16.545740053988993,323.375379833751
Kachhi,1,-11.175097752479823,-26.06801558797501,-2.0694587856675444,-1.061408353036942,0,47.48165011405945,8.907072862912901,433.07804757904955
Kachhi,1,-8.952948613048392,-15.398640471930506,1.9543061866001492,2.5275314905149955,0,52.38056015968323,11.51698561697267,354.81137080252665
Kachhi,1,-10.242085835271112,-17.837393224523225,-3.1124635136847303,-3.630957748052939,0,41.80895280838013,7.516680573264603,456.21563801828415
Kalat,1,-10.409704777348006,-16.91063624825869,3.132707099895065,1.0448594202373869,0,45.54026818275452,12.702439636643977,258.51591887419823
Kalat,1,-9.005185439571552,-15.915306653023992,0.9679397187438106,0.9316860994311468,0,25.584033727645874,1.8606460362672805,1275.0081008944114
Kalat,1,-3.0835560180856847,-12.11950233244998,0.787256723283869,1.4486681539882422,0,34.39064288139343,8.545397404022514,302.44638435662415
Kalat,1,-11.191781309463384,-17.443051712520237,1.2623521445665151,2.4369436020311657,0,41.025742053985596,9.150780292926356,348.3305329240491
Kalat,1,-7.023584536301538,-14.533783368640936,-0.0108763008445222,0.668827448082661,0,51.51854991912842,15.340664319507777,235.829980019936
Kalat,1,-17.405651781802703,-25.242662109283508,-3.4962174945340188,-1.136300982189269,0,27.7613468170166,5.489345978735036,405.73140998144777
Kalat,1,-11.958264475601172,-16.279055699706003,7.089604726936929,3.7710833267972426,0,22.377403259277344,1.6773080870509147,1234.1259982011925
Kalat,1,-12.570344987228244,-26.474769819474822,-1.4858754167738244,3.025073024969412,0,36.06861877441406,2.235665610153228,1513.3279776103006
Kalat,1,-9.628949661635955,-14.578696613378057,2.1465410785994896,0.5268387163013095,0,41.00694787502289,9.605130747426301,326.9275343910411
Kalat,1,-9.70582925526674,-15.621450552516452,-0.0510936713071537,-1.917108947037061,0,25.584033727645874,1.8606460362672805,1275.0081008944114
Kalat,1,-15.55734500629108,-28.0669977748936,-0.1184892684423513,0.7007600561375682,0,34.080278396606445,2.4279420853592457,1303.669329763433
Kalat,1,-8.553517837546657,-15.680688717136944,-0.7052002800402679,1.1097498018899277,0,28.87642741203308,2.9200686872005464,888.8954851852046
Kalat,1,-9.822055497736171,-19.40479136969124,-1.2371960324573197,-0.1332046459071385,0,37.30304288864136,6.098715010572232,511.6541406505446
Kalat,1,-9.79057903378012,-19.2557015070764,2.12274263245647,2.4637886988834445,0,47.89638710021973,9.639440968632698,396.8793030226271
Kalat,1,-7.038383113833584,-15.543257364376238,0.8904092916078703,3.445005555062753,0,59.40347146987915,15.445361183490604,284.6039646737102
Karachi,1,-6.861170474589977,-12.554073401441808,-1.4361659658630055,-0.7870611411123747,0,124.1914963722229,58.03614566687029,113.98991084812364
Karachi,1,-9.88275203426177,-14.642366393181325,-5.806117139994578,-7.140237911076923,0,125.15615749359131,56.202158353454436,122.68923678426427
Karachi,1,-15.062472507338883,-22.37872406650857,-0.9112669849688206,-1.735328566813493,0,114.187246799469,47.25055511943064,141.663291596996
Karachi,1,-9.663393859120854,-13.03057594063582,1.840864808745636,0.6440680154467451,0,121.62693357467651,58.10330305364914,109.32877682078319
Karachi,1,-10.49288252936216,-16.968157382573512,1.1175890247326272,1.3112928214390234,0,113.29014587402344,51.007336532860066,122.10559024394342
Karachi,1,-9.52683824432502,-17.082023937937112,-1.7407022677591382,-0.6318602068023225,0,107.86312627792358,46.867170991306196,130.14644152072262
Karachi,1,-12.676798870502548,-16.56017097998771,-0.8692475365976868,-4.326563857066262,0,123.77040815353394,56.55443138435366,118.85183021710344
Karachi,1,-13.003874070921723,-18.50053733835973,-0.9624890603472752,-5.1191680604310505,0,125.4266477227211,55.27207232081564,126.92590028958443
Karachi,1,-8.218005589016617,-15.064842583573403,-2.1910284007625425,-3.202522287700001,0,114.65656852722168,48.63036417523399,135.77156057081902
Karachi,1,-11.594233641262488,-17.713077459674572,-2.261633150450161,-3.293601430192876,0,125.15615749359131,56.202158353454436,122.68923678426427
Karachi,1,-10.953949700366689,-17.775867523991554,-1.0228891853504152,-3.839276612812444,0,117.89725232124329,53.265275553055105,121.33979613756287
Karachi,1,-8.063119332880042,-15.448800201109997,-7.547840289024005,-9.488986095243153,0,126.53950214385986,53.60334536251612,136.06642698898924
Karachi,1,-13.538780341629476,-19.91042071890256,-0.3583254923165881,0.1442182478256661,0,115.63176250457764,47.722515747137365,142.3002238969638
Karachi,1,-6.05855061404467,-16.027326132981557,-4.99956090529486,-1.412923681422967,0,117.04835176467896,51.9615303558996,125.25963142921472
Karachi,1,-11.27438030494627,-22.18332803289747,0.9214061076651276,2.175465645175734,25,87.70078182220459,42.24310244768858,107.60970842709334
Karak,1,-11.940169249392966,-22.547990880287937,-3.124794743382667,-1.5797506851668714,0,108.0226936340332,118.36747482120991,-8.739547078115969
Karak,1,-10.72258288857714,-16.586370701180577,1.3516905773108192,-0.2468757981100715,0,120.66382694244385,110.41038792431354,9.286661527861902
Karak,1,-8.61218458646751,-14.698035726356714,-0.0519074537525021,-0.2699801799007169,0,139.70713233947754,135.41546495854854,3.1692594211766756
Karak,1,-8.05938121433001,-15.689901436372882,-0.0917859524907473,-0.5762164833122476,0,118.51836490631104,101.18567916154862,17.129583838726635
Karak,1,-8.103215752449005,-16.24524343849673,1.0273665295476366,2.172650734404172,0,97.84754419326782,101.94338806271553,-4.01776314019301
Karak,1,-9.642506999100544,-17.419899397812525,-1.785297286182324,-0.5257429458986032,0,79.52291011810303,111.71746451258659,-28.817834825508754
Karak,1,-10.84655644446164,-19.30678182339543,-3.225995348936415,-0.2482566062078142,0,85.1414098739624,83.77998399734497,1.6250013567209274
Karak,1,-10.746014395902233,-18.46494173951768,-4.46711048952109,-3.01149052902052,0,89.40747928619385,103.97450464963913,-14.010189721539435
Karak,1,-8.717737395533106,-14.281228426416618,1.1757535659252865,-2.5572762755699188,0,108.0226936340332,118.36747482120991,-8.739547078115969
Karak,1,-7.509124691099693,-15.54646681387238,-2.1030308659411823,0.4175130159906945,0,120.66382694244385,110.41038792431354,9.286661527861902
Karak,1,-12.438545327262135,-19.517319424401418,-0.7909764230670504,0.6480320406545736,0,112.14854383468628,102.58683006763458,9.320605540445833
Karak,1,-10.51048450675075,-19.86278588972545,-1.7496795615413046,0.3768779128182444,0,118.51836490631104,101.18567916154862,17.129583838726635
Karak,1,-11.621038369078803,-17.652328406708783,0.6134406037654685,-1.2963731761530006,0,90.23377561569214,98.60767078399658,-8.49213362583905
Karak,1,-10.147142651102763,-15.82431472543093,-3.0073530299293445,-4.855358388183387,0,124.46282458305359,93.82015243768691,32.66107691065499
Karak,1,-9.835715350226636,-16.62069629288668,0.7758383076231112,1.4167675374072353,0,70.97798252105713,65.94344552755356,7.634628359538709
Kashmore,1,-6.1297516573975255,-13.489947420604649,-5.5185769986654645,-3.152422448539792,0,73.47589254379272,17.422366297990084,321.7331405336668
Kashmore,1,-18.577517380725677,-28.23634790088427,3.918201529857584,9.074342219787042,20,66.9522156715393,15.695158991962671,326.57876677658913
Kashmore,1,-16.957743825182362,-26.577784857933903,-1.898771058451324,1.7164435196878998,36,51.209190368652344,11.258798476029188,354.8370812185731
Kashmore,1,-20.97362119781279,-31.24060240551012,6.074638475923837,3.006731225779099,38,61.200636863708496,14.646805232018233,317.8429076801171
Kashmore,1,-10.214125027884457,-16.900576334720718,-1.2780044160806163,-0.8574058744417599,0,87.4117431640625,19.508206939697267,348.07676807133043
Kashmore,1,-13.313145380236628,-24.09198049344321,-0.501191919786832,-0.3798599979325878,1,54.70159649848938,12.134508131630719,350.7936861148916
Kashmore,1,-14.715290156176962,-19.71667163620165,3.901470210428643,2.662085295245401,5,61.795937061309814,13.870954382233322,345.50602185283975
Kashmore,1,-19.294756164671934,-26.368748881035213,5.717549625022645,5.342405113197234,27,61.200636863708496,14.646805232018233,317.8429076801171
Kashmore,1,-10.24911402588309,-19.94662544033991,-0.4755578092385342,3.0591340146076824,0,54.8124315738678,12.550350972265004,336.7402289784379
Kashmore,1,-21.622818217636954,-27.93535888241543,4.535662534416087,1.6334820861018216,59,66.9522156715393,15.695158991962671,326.57876677658913
Kashmore,1,-7.395669627110025,-13.691972707180897,-0.3520570286138413,-3.153571369364464,0,56.65283918380737,13.40774555588141,322.5381436997525
Kashmore,1,-22.914164570321944,-27.70670182136002,11.986274427715884,8.461777925723787,13,70.13722467422485,15.685915757715701,347.13503347565313
Kashmore,1,-15.153373576157508,-21.293395837988868,-0.1252968729975183,-1.523828079202822,0,51.46520161628723,11.253796843905002,357.31411656111885
Kashmore,1,-7.832642901913173,-17.94813231285743,-6.589099334415074,-2.1932055617505988,0,55.3475706577301,11.748514158977196,371.102727619716
Kashmore,1,-15.098653416765057,-26.53420259460376,1.1047831651101774,1.2485360709253257,34,55.626747131347656,13.678418685495853,306.67527738665024
Kasur,0,-8.148537807936666,-17.053319547965632,-3.3927949006530085,0.8295031664229242,0,49.24176216125488,84.06974169214955,-41.42748488324059
Kasur,0,-8.932360638248472,-16.660624659886988,-2.766760780428825,-0.027944222543585,0,28.743480682373047,87.25584034943022,-67.05838764801864
Kasur,0,-8.403431311830198,-16.079642222873456,1.858374696324658,-3.349636291493443,0,23.420366287231445,71.58317366330884,-67.28230240616455
Kasur,0,-10.073224244131069,-17.813541180520243,-0.6558454977746742,-0.4647392703666,0,45.202077865600586,87.03089468479156,-48.062032420425595
Kasur,0,-10.988824216205105,-23.45655835978923,-1.2934388902012677,1.2810326668606535,13,37.12898826599121,106.00997092140605,-64.9759471271641
Kasur,0,-5.507879069045601,-14.158161380708302,-6.745847897189429,-3.56039542598001,0,21.741056442260742,63.26877665845677,-65.63698938004559
Kasur,0,-12.971311892597036,-19.25220598688854,-2.119106576098876,-3.1017329034345025,0,28.14423370361328,87.81601452181204,-67.95090980060053
Kasur,0,-9.954461801540834,-16.319364110880585,0.1714364262813799,-0.7243466651677757,0,18.171611785888672,95.4915469288826,-80.97044987717919
Kasur,0,-8.499860724626387,-14.713087793075475,-2.932016377646121,-4.168987877991231,0,34.61031150817871,86.90364477960392,-60.17392412486977
Kasur,0,-12.8390599375361,-20.59013190742477,0.0312488285532541,1.6369978750502412,0,28.743480682373047,87.25584034943022,-67.05838764801864
Kasur,0,-12.05519819671703,-18.702914986845943,-1.1335203648456351,-2.037014996278323,0,18.153564453125,92.01601501703263,-80.27129902358335
Kasur,0,-10.329654494688487,-17.254973771315495,-2.7453592470773,-1.0358848203221775,0,28.743480682373047,87.25584034943022,-67.05838764801864
Kasur,0,-6.984307417470989,-15.480578754675774,-3.329366110612576,-5.683347780092907,0,23.219951629638672,78.32595168199623,-70.35471496865841
Kasur,0,-13.680107123383982,-18.10694678210758,3.674000603531006,2.1717955381271583,0,49.01889610290527,88.79117638338357,-44.79305478367477
Kasur,0,-9.877039809870382,-18.18835898800792,-3.7719456948838648,-1.128381458176687,0,46.96944808959961,73.50996766674798,-36.104654129992085
Kech,1,-15.60209779791103,-19.67345178538959,2.790354993164428,-1.1467222738793836,0,2.0420732498168945,0.32385522881522777,530.5512673942277
Kech,1,-11.319905515925836,-18.66922385256312,-0.0609496260602409,-0.6567000868756523,0,0.03660024702548981,0.4532469272613525,-91.92487696571074
Kech,1,-9.93444781202486,-16.87771520924015,-0.6830635895890254,-0.4246483531243861,0,4.944920063018799,0.9241833969950676,435.0583097572343
Kech,1,-8.63559373416533,-18.26713228176493,0.1067494640741486,-0.1473245992782885,0,19.04900288581848,5.469097942043322,248.3024639105574
Kech,1,-6.809053674159925,-14.639873532679433,1.8140134905321637,0.6253753316134905,0,5.067515850067139,0.5354968924075365,846.3203095883772
Kech,1,-7.009169706807743,-18.377453484189324,0.9379324397715916,1.9803752011611309,0,2.920229911804199,1.0281539529561996,184.02652184605316
Kech,1,-5.651980539773049,-14.858130264221762,-2.214445320865788,0.9786772753179528,0,5.229748785495758,5.006105714850127,4.467406071394282
Kech,1,-12.30832275070905,-22.48454889077036,-2.5905535036974108,-1.6479274338854673,0,16.672307312488556,5.518853554981979,202.09729514272277
Kech,1,-9.828740129486665,-15.650662143135191,-0.9121372591035896,0.7357238163237216,0,0.0,0.3675691173877567,-100.0
Kech,1,-9.748766167520753,-14.6107382672474,1.4403503479623083,1.2478301611711018,0,0.13378353416919708,3.4798471447080375,-96.1554767032613
Kech,1,-8.946916025889728,-15.743447172046256,2.2031650841828245,0.8131227853257315,0,2.5078136920928955,0.8445813775062561,196.929787807726
Kech,1,-6.530287152450784,-14.346844456994887,-1.574871313907833,-0.1320932469927065,0,0.026029106229543686,0.26688527800142764,-90.2470805342045
Kech,1,-9.676686516231708,-18.750894047778075,-0.0545876709247767,0.9682419911969724,0,4.1974886655807495,0.6708125218749046,525.732008378268
Kech,1,-9.60651877800088,-15.969969047531908,1.4335683816770342,0.730369556716207,0,12.187427461147308,6.349140960723162,91.95395938664387
Kech,1,-9.73956985194828,-14.97888963618443,1.7077463309253211,-0.3658668926390742,0,4.907904386520386,0.5942065812647342,725.9592776764937
Khairpur,1,-12.978917447142928,-19.359695334195894,-1.7244421514403283,-2.1268633066523,0,170.62544226646423,55.23016718346626,208.9352268293383
Khairpur,1,-16.881820772360484,-24.343327309581653,-1.3042722207094997,-0.4928932669582195,0,119.96224266290665,27.72154506811639,332.7401029348822
Khairpur,1,-26.69958298963345,-27.571392178485755,1.1161219687217925,-0.2722338902928811,0,204.14378452301025,66.65778340809047,206.25648511773446
Khairpur,1,-14.339603554226471,-20.406912341841466,-2.8505542699329567,-2.575603252798356,0,183.0159478187561,56.97602014578879,221.2157454144034
Khairpur,1,-13.812598299474974,-19.06719455659866,-2.585951068132868,-5.740715857287459,0,124.93481636047363,31.554198503005317,295.93722004561283
Khairpur,1,-13.845081041154138,-22.159872207053088,-2.0425737463149094,-1.535253358152744,0,176.16725730895996,52.49726257249713,235.57417792152174
Khairpur,1,-15.410056103370318,-24.18336506719696,-4.854825963332919,-2.60990346467657,0,119.96224266290665,27.72154506811639,332.7401029348822
Khairpur,1,-14.66516153341068,-19.159172259760627,-1.5758814391011775,-4.375355702134019,0,180.66676211357117,54.882306440919635,229.18944889471345
Khairpur,1,-11.920866870730784,-18.67358979843899,-3.7443053806828406,-5.870682633900799,0,149.51076555252075,44.28844436071813,237.58414347271614
Khairpur,1,-22.85347210696858,-27.11223692582013,-1.6386107845900106,-0.3558280133305018,12,147.7467610836029,34.61866377614206,326.78354669894765
Khairpur,1,-13.083284718007777,-21.088176981818076,-2.527628675615725,-1.857347196167808,0,154.47242641448975,42.52182980012149,263.27793780419205
Khairpur,1,-12.528577052258097,-18.62314049832866,-0.8966645073915132,-1.4341948409276064,0,147.7467610836029,34.61866377614206,326.78354669894765
Khairpur,1,-11.716188017436778,-17.047553021418903,-2.4040051044013264,-4.831106635703918,0,152.91805982589722,52.07118436559104,193.6711766574421
Khairpur,1,-15.329720011186186,-19.72546872195317,-0.4573259096790192,-1.9332655719728464,0,134.1896665096283,29.604143233271316,353.28002047637733
Khairpur,1,-12.928993958570148,-17.99556049398558,-2.521858687679956,-4.0491938948368364,0,222.6162462234497,73.13252121508121,204.4011645226068
Khanewal,0,-8.814537760586699,-16.389502645056403,-5.285380668110086,-3.307622040532376,0,27.2384672164917,35.04897014349699,-22.28454329764224
Khanewal,0,-9.52362261756664,-15.354518648546415,-4.106460992553391,-5.260593534667967,0,34.76200723648071,21.994216466136276,58.050673412269795
Khanewal,0,-11.436652499749876,-22.67182831776041,-4.158835202414938,2.4804107991266733,0,39.31146574020386,27.4869943583617,43.01842255897683
Khanewal,0,-9.63566834238277,-16.71792070317232,-4.745493584607479,-2.371928152662644,0,25.350045204162598,32.77537385821343,-22.65520657727009
Khanewal,0,-10.819874972745236,-14.542625558595374,-2.5487080608004438,-5.036118952347747,0,46.33241081237793,31.166616582195275,48.660380539498476
Khanewal,0,-13.521385079361128,-18.96221530211529,-1.524518658076058,-6.066317418782866,0,46.33241081237793,31.166616582195275,48.660380539498476
Khanewal,0,-8.81688560487097,-15.764420722821356,-0.3942953192374485,0.074255709980175,0,35.058395862579346,24.82159102037549,41.24153376711707
Khanewal,0,-8.98215632706264,-15.103027957028315,-3.7591963940270174,-2.7498867476170297,0,21.697670459747314,21.567142744036392,0.6052156155317099
Khanewal,0,-9.735619762810977,-15.154859332720726,-2.357855862739047,-3.634860581827674,0,33.605838775634766,34.02440043538809,-1.230180853732209
Khanewal,0,-8.662868485453723,-17.568494987373594,-4.8275982394379575,-2.081887739514276,0,22.1288423538208,24.53884398108348,-9.821170178678766
Khanewal,0,-10.3165334658828,-15.59051738194013,0.6317859991454462,-3.195829480950509,0,26.43791675567627,28.72993381023407,-7.9778013750290855
Khanewal,0,-7.168571119990123,-16.27083833193132,-2.967188726017742,-1.330630624794054,0,26.203086376190186,23.370116777718067,12.1221884572403
Khanewal,0,-10.916893456524344,-15.774066850836787,-1.1272057123876476,-4.317551773384771,0,28.936291694641113,31.869525191187858,-9.203882012518354
Khanewal,0,-15.61714539744603,-25.473219150177076,3.677886672140764,6.852441644131424,0,30.306349754333496,27.267748840898275,11.143570857883557
Khanewal,0,-7.742534252697411,-14.337088897696653,-5.422339923766069,-4.346693480645154,8,52.58994245529175,32.13309859083965,63.66284224542178
Kharan,1,-4.870775220881125,-16.46351165760955,-7.89366950319096,-1.6042303868360897,0,23.060128688812256,1.4841412772624565,1453.7691082446922
Kharan,1,-9.06777183179,-17.21434552790339,1.3672136826406147,1.476266413306487,0,13.320139050483704,3.9504998179356337,237.17604516798215
Kharan,1,-10.319995396019609,-19.010924634817314,1.4175215768258749,3.912361999945908,0,17.56545877456665,4.053570679266704,333.33298379157077
Kharan,1,-11.810002089996406,-26.60135103092156,-2.0393056939896823,1.835407001472511,0,15.29539167881012,3.8176113162757246,300.653456091794
Kharan,1,-12.859424827992186,-22.08605426111473,-1.4265990165937907,-0.3385412255736248,0,10.088815212249756,1.204231421276927,737.7804327304392
Kharan,1,-17.138720387650004,-25.12761308256449,-1.317108425502898,-1.1755218092000987,0,0.0,0.2964214213192463,-100.0
Kharan,1,-12.934329606255766,-20.64955985769804,0.2005947725491026,-0.584082474915224,0,9.104724109172821,2.3490369133651257,287.593913802308
Kharan,1,-14.65142790506536,-27.07934952931259,-3.877745809718016,0.2904865621563601,0,6.402370095252991,1.0293942838907242,521.9550851841176
Kharan,1,-19.38662760937651,-28.22655919112378,-3.737737987689133,0.8165388074707671,0,6.56566321849823,0.5995755344629288,995.0518893969612
Kharan,1,-13.270560079927504,-19.114260630548483,2.0424846472503937,-1.1767995390115864,0,13.320139050483704,3.9504998179356337,237.17604516798215
Kharan,1,-18.00192186133488,-27.06666970243492,-1.5668083879911947,-0.2916718751954974,1,8.939800262451172,0.8881108000874519,906.6086643210367
Kharan,1,-6.7115469987771394,-19.75071077025004,-3.248853493032154,0.2054542643002435,0,12.636542558670044,3.736777923841146,238.1668061686835
Kharan,1,-20.59727596061434,-24.15088567542119,0.9113991279025662,-1.7023064348398762,0,9.133703112602234,0.8281570762395859,1002.8950152881206
Kharan,1,-10.864785955562912,-23.2129341869812,-1.1609775766757888,0.7600917653611177,0,0.0,0.6343531120568514,-100.0
Kharan,1,-9.669287430149009,-17.748234581514925,-0.4053880606224602,1.1971269292513362,0,9.703639447689056,3.7570558655716013,158.2777524446722
Kharmang,1,-9.428906350038275,-18.441160722980865,1.9348301411871267,2.0997373865823583,0,8.662890434265137,17.933257788419724,-51.693716019299416
Kharmang,1,-15.661646296076398,-21.78259729225092,18.983324619359877,8.103617714141366,0,2.6244752407073975,2.1192722615087405,23.83851232210229
Kharmang,1,-7.169446189699531,-19.22248131242151,-7.87901616096768,-5.736901457854675,0,0.0,0.1398975109681487,-100.0
Kharmang,1,-10.984404737273136,-19.297198103095557,9.241120903965475,7.890195634961742,0,10.813650131225586,23.551329885341694,-54.08475791443106
Kharmang,1,4.894743562076396,-5.529965242928498,-22.02518608759456,-18.49931027104618,0,7.935055255889893,11.870114737111725,-33.15098100036836
Kharmang,1,-16.728817530307047,-25.428621140827943,-1.716893920694801,0.1777838726546612,96,15.34717082977295,17.99503523907624,-14.71441636053844
Kharmang,1,-11.166535061902476,-15.0424010841727,-4.545527187738497,-9.24124532119014,0,0.0,0.0,0.0
Kharmang,1,-8.812704350726872,-18.081613985427705,0.5480282353350407,3.787257371733787,0,3.3918704986572266,2.5670134774642066,32.132944701476404
Kharmang,1,-11.92230727667283,-22.56038524808256,-1.35316881174853,-0.1440904266523404,0,8.662890434265137,17.933257788419724,-51.693716019299416
Kharmang,1,-0.8140188278892138,-16.346450622505262,-20.38041430920344,-8.767255104446981,0,2.6244752407073975,2.1192722615087405,23.83851232210229
Kharmang,1,-5.183401245018821,-16.959351985165945,-11.38243453225795,-8.305806764918511,0,3.3918704986572266,2.5670134774642066,32.132944701476404
Kharmang,1,-8.33523672757082,-16.055339874560165,-11.140497674952664,-9.5305572814455,0,2.6244752407073975,2.1192722615087405,23.83851232210229
Kharmang,1,-6.1480705861046605,-15.88077817308438,-3.962775246225521,-0.615228556273884,0,12.107592582702637,10.431422033300624,16.068476033767112
Kharmang,1,6.612952590179347,-11.015831022815476,-24.472700443125728,-13.278429807263857,0,7.109882354736328,9.654374462366103,-26.355846435711676
Kharmang,1,-8.508243000996384,-18.85873702054794,0.8122266933055942,6.213159370290766,0,0.0,7.288526696478948,-100.0
Khushab,0,-9.57640142061958,-17.942557105796247,-5.519442736987312,-2.217117402141721,0,93.20003128051758,94.47355672121049,-1.3480231769521016
Khushab,0,-7.2309169716583295,-19.114113851801317,-6.345177363138806,0.0082403439291205,0,80.0660514831543,109.95212897360325,-27.180990281346762
Khushab,0,-22.652503857999463,-26.14992874411305,7.13522149133515,2.603650067444235,0,64.54860591888428,74.02991468906403,-12.807401994183799
Khushab,0,-13.449648282304103,-24.05484209098128,0.2672112380795326,5.453829272647663,0,61.15146446228027,74.40747383236885,-17.815427251236592
Khushab,0,-9.221991131680864,-19.251339184501667,-1.56736673848609,1.9592206616424548,0,95.71675157546997,99.80995682701469,-4.100998920016409
Khushab,0,-13.254973099046577,-15.894213424795822,-0.9632765136059104,-4.060673622459568,0,76.64396286010742,78.27926164865494,-2.089057502723156
Khushab,0,-10.70416610760332,-19.634171318882945,0.350166952612744,3.602524833674405,0,77.2967414855957,92.65381982624531,-16.57468452941163
Khushab,0,-11.63799819766102,-16.604843456255033,-0.1275270678506661,-0.4984159600447242,0,63.1746244430542,68.03341510891914,-7.141770934306603
Khushab,0,-16.846755987313152,-25.46272973377529,2.901027961024454,6.252338669321418,0,78.70697593688965,82.20522421002389,-4.255506029880361
Khushab,0,-8.931174490506406,-15.091529451186966,-3.7103366090688015,-4.240624392226975,0,80.0660514831543,109.95212897360325,-27.180990281346762
Khushab,0,-13.685799900566526,-20.796585478027573,-3.732086910020527,-6.224628810731417,0,86.80639553070068,102.56779974102975,-15.366815170184545
Khushab,0,-11.126575987944616,-15.067003089206686,-0.8621681834576904,-0.985874874773014,0,72.6974048614502,95.12926650047302,-23.580400085300024
Khushab,0,-14.180072625304918,-19.220796885896316,-0.8944403350511703,-2.678899921488899,0,68.21219301223755,65.10043986439705,4.779926455677142
Khushab,0,-11.606668129334224,-16.80073849200766,0.3291043179045836,2.072604635235121,0,110.4791431427002,117.65410365201532,-6.098351257289295
Khushab,0,-12.38280781732578,-17.353396747443682,-1.1543893908496017,-2.0707397585669085,0,91.71907901763916,106.74651679843664,-14.07768443552396
Khuzdar,1,-4.01017852342866,-16.473750400206256,-1.5393329483906593,3.1377919113761017,0,83.35872650146484,14.479161182045937,475.7151636990484
Khuzdar,1,-13.167649995283169,-21.72644995356809,-1.078342657630346,0.7234546096972672,0,104.48426294326782,30.88491616435349,238.3019153662481
Khuzdar,1,-7.542296911576312,-13.693589731205638,-1.4758475007730647,-1.1332341222514302,0,47.94271957874298,9.061439513445658,429.0850257026383
Khuzdar,1,-12.414514923048504,-18.868233968791163,1.138033539488104,2.042287405592994,0,71.92643618583679,26.90629629425239,167.32195096357955
Khuzdar,1,-9.831672836770212,-21.561067444607843,0.4828964200582071,2.7641646293265865,0,70.51181864738464,28.815833583951463,144.698174154695
Khuzdar,1,-8.471602878347028,-16.18287193392036,1.351908075970102,0.87771136942,0,87.84345483779907,24.507173229620093,258.43976787836505
Khuzdar,1,-9.800844401905891,-15.349964454474788,0.9160362247600862,-0.4672189719554183,0,90.6247034072876,20.1784109635395,349.11714589933746
Khuzdar,1,-10.971267789819413,-15.89169682828184,0.6543298839150626,-0.7287364352786057,0,117.79155445098877,28.970175711682533,306.59592687070955
Khuzdar,1,0.0906308926565667,-10.236067955573905,1.548001862960536,6.131608386449061,0,88.28393256664276,15.442146652564407,471.70764242147544
Khuzdar,1,-10.840692065038631,-17.116980472582956,3.101459468694536,1.132413488523058,0,104.48426294326782,30.88491616435349,238.3019153662481
Khuzdar,1,-6.878966720649308,-16.33368869527887,0.8849226302528255,1.0827692401141604,0,142.56163501739502,34.80852770917117,309.5595085448949
Khuzdar,1,-6.191837006957485,-13.354108034811702,-4.58229062272668,-1.6224656523784944,0,120.70291209220886,30.941299197915942,290.10292140654144
Khuzdar,1,-10.493804919782718,-16.936057068496435,0.6666730562352754,1.7833879226145086,0,51.54330387711525,9.586118895234176,437.68688288166817
Khuzdar,1,-6.379974250165313,-13.82929333827406,0.1323536866151524,-0.0643915801847008,0,68.9152524471283,20.13925686123257,242.19362175070108
Khuzdar,1,-9.469521852789036,-15.918384493059186,1.438666897852281,0.0296060864664102,0,65.03829622268677,15.498966807735268,319.62988262048066
Khyber,1,-8.094425130682264,-18.25867117357407,-0.2947835568317529,1.038252600474916,0,20.243240356445312,16.86847012937069,20.00637995735376
Khyber,1,-10.946534097951442,-16.95386517550483,-0.3708150393317382,-2.3485864415825297,0,53.81416940689087,31.54890995025635,70.57378366396968
Khyber,1,-10.039483978705505,-15.254669652800196,0.8647688930654169,-3.301375966754144,0,103.30311584472656,79.57586348056793,29.817147218204827
Khyber,1,-11.406719328060078,-18.52383653501491,-1.6485392175765323,0.7820537711265985,0,104.05392837524414,80.08187636733055,29.9344284816146
Khyber,1,-8.13910105902835,-15.991904368635833,-9.127634693341076,-6.02402378901138,0,119.55227947235107,93.0649116575718,28.46117547743275
Khyber,1,-1.3430722445930112,-11.117636057739468,2.500880764309965,2.98586144909617,0,125.37153124809265,89.13366457223893,40.65564548452344
Khyber,1,-9.225751815303203,-20.144193817363703,1.474212291084645,0.8118350005260702,0,34.35734748840332,23.330319076776505,47.26479897398126
Khyber,1,-7.978623943129646,-16.08164173635397,0.963892716817032,-3.516359759638956,0,99.57906913757324,79.8029546290636,24.781180847791983
Khyber,1,-9.14241745088799,-14.933792048959903,-3.3332461675808998,-2.4173143901742016,0,64.73009634017944,58.28845179378986,11.051322085511089
Khyber,1,-11.326483320629356,-18.089710414755658,1.119912102892254,0.6126191254759377,0,53.81416940689087,31.54890995025635,70.57378366396968
Khyber,1,-9.433844466688583,-14.65079714797212,-2.017401922570592,-5.858116447964759,0,115.071035861969,79.55732750296593,44.63914195418278
Khyber,1,-12.916289731044309,-22.194851858172363,-1.643286362975683,-0.7722861899129541,0,53.81416940689087,31.54890995025635,70.57378366396968
Khyber,1,-8.770268853057463,-15.38950546743035,-2.057624478469592,-1.8446239912479143,0,17.56093406677246,12.078477048873902,45.39030041382327
Khyber,1,-14.400665918707192,-20.64689970034493,1.923788960890361,0.1861710250461854,0,115.35807275772095,71.00472308397293,62.465351243316626
Khyber,1,-5.161386881934446,-11.300671947596696,-3.0454568459498166,-2.8273769810384586,0,13.748216152191162,70.59743584394455,-80.52589872728302
Kohat,0,-8.030671907079025,-12.657285198667026,0.3285937298026118,-0.4698409457768591,0,80.70454359054565,96.63266943693161,-16.48316862112727
Kohat,0,-10.710191732293747,-15.620092821764873,1.5560818218634669,1.1872888524621883,0,71.20472717285156,77.65608170330525,-8.307597278860772
Kohat,0,-4.457856162613978,-10.947239698131256,-0.5607833149790293,1.4088435032206572,0,111.69300651550293,97.48361214995384,14.576187783944173
Kohat,0,-9.280565327821073,-15.304727149034,-1.6136843845408857,-0.8508748385550611,0,85.78966474533081,96.1410526394844,-10.766875970216237
Kohat,0,-9.524712710487591,-16.889101200406294,-0.8085134161826719,-3.415771924194708,0,106.42497062683105,104.05819070935249,2.2744772913544873
Kohat,0,-8.546723606263075,-15.441156304379778,0.7512437657579465,2.675644938229185,0,65.25153636932373,92.50265011191368,-29.45981948584217
Kohat,0,-4.672726721700887,-16.69633339610266,-5.176751903028871,-0.1219716430407196,0,82.12712478637695,83.54109725654125,-1.692547161335713
Kohat,0,-10.354935508590664,-19.13546314294704,-1.4565316120387308,0.7822219151049374,0,87.26016044616699,97.22887494564057,-10.252833332738817
Kohat,0,-8.197095214465552,-13.843400280938477,2.371080562266757,-0.2519849445145485,0,84.75274324417114,94.80848021507263,-10.606368700447572
Kohat,0,-9.115048525611588,-16.0218123761053,1.5559421777091949,0.1921017675259104,0,72.09325218200684,88.46449512243271,-18.50600392594619
Kohat,0,-11.250813300224788,-16.969181746417348,-0.3304580850557954,-2.129990616065246,0,73.13748741149902,81.75115332603454,-10.536445743074797
Kohat,0,-11.338370578168574,-18.70312773145826,0.5437313562104702,0.6161803629001348,0,72.09325218200684,88.46449512243271,-18.50600392594619
Kohat,0,-12.996903884154314,-17.688004844633845,0.5127976879944036,-2.5393811540296056,0,87.99726295471191,95.8589137300849,-8.201272546765399
Kohat,0,-11.788354850741996,-17.948865968948425,0.6523832958737117,-0.9285508553191342,0,104.4784631729126,114.14137018918991,-8.465735955561946
Kohat,0,-11.424212253997082,-20.255966905133697,0.0404967966172336,1.0509937361583042,0,101.08102989196777,85.88609373569489,17.691963268272104
Kohistan,1,-9.59736981082772,-14.485216998500384,-0.8909202033949892,-0.1070422293968373,0,66.43297863006592,75.16052687168121,-11.611877410752475
Kohistan,1,-7.826241165612756,-16.36283686313582,-0.3557807238830834,-0.9619195217715236,0,35.29146146774292,30.00030360221863,17.637014397190935
Kohistan,1,-8.343231868586665,-17.31494594144442,-3.702845282370776,-3.814992919449111,0,77.63484382629395,44.037588441371916,76.29222347098025
Kohistan,1,-3.096751473053147,-8.927573215258954,-0.9784097891492972,-2.399734880457702,0,57.29209899902344,43.57065877914429,31.49238640028805
Kohistan,1,-11.797317105015336,-15.788895629470929,0.7951611483905907,-2.949808705729952,0,35.29146146774292,30.00030360221863,17.637014397190935
Kohistan,1,-12.740482308044976,-22.80858759772751,10.543963968925835,14.888014361261078,0,88.10622835159302,48.633812880516054,81.16249402047319
Kohistan,1,-10.194096052032249,-17.81067314259993,0.6777227203783998,1.7398489242139377,0,35.96636199951172,30.269800397753716,18.81929027249462
Kohistan,1,-5.162726818133442,-12.08439878240909,-2.268523802316359,-3.03457271774162,0,68.93055629730225,48.63998295068741,41.71583153552087
Kohistan,1,-2.974665172129842,-9.640912741024778,-1.781970110032547,0.8915130836063536,0,56.95682239532471,68.1123762845993,-16.378159884868015
Kohistan,1,-11.684486590270906,-16.98716623615045,1.4076633069980389,0.8555197574699918,0,63.546483516693115,45.9273897126317,38.36293313054437
Kohistan,1,-6.975775473180515,-12.18973882820367,2.323752526285367,-0.7093333370450097,0,69.65677547454834,61.82542706131935,12.666873138557932
Kohistan,1,-6.747994356100081,-13.597800572194556,-2.284222617111011,1.892635352780724,0,34.31933832168579,59.029605424404146,-41.86080344779432
Kohistan,1,-9.092005340516682,-18.30620467616585,-4.7391024520786935,-4.504203619842567,0,126.16649627685547,157.82651180028915,-20.060010933711634
Kohistan,1,-6.862142420235823,-13.990002175002664,-0.655050008977855,-3.930421519492107,0,66.22046327590942,31.0303442299366,113.40550651069823
Kohistan,1,-6.189043936830048,-13.678354466717114,2.1787060208605205,0.3229568297008569,0,55.53053045272827,63.51126065254211,-12.565850713426837
Kohlu,1,-11.09091546908768,-18.44446130928977,2.701730005063109,2.161048227867724,0,63.66628074645996,46.09957592841238,38.106000899719255
Kohlu,1,-11.399214991427794,-16.204170563312317,2.034312303266807,1.5357075076923472,0,54.7001690864563,31.2892407764215,74.82101747791998
Kohlu,1,-6.60917221253138,-13.089617289696264,2.63191223744262,1.7846055069814888,0,66.54005670547485,35.065302789397535,89.76039392876463
Kohlu,1,-8.612261729866095,-13.33617144735343,3.613717446970124,2.1503711382685413,0,57.56168794631958,33.24086486017332,73.16543413792348
Kohlu,1,-8.551849128986959,-15.099145677445811,1.6139459053666965,1.7319312834907876,0,102.6692008972168,40.411801730748266,154.057469600764
Kohlu,1,-7.089323933872711,-12.88399115027412,1.2275901939994256,-0.2136655599238217,0,107.23879909515381,30.597608554374894,250.4809825401229
Kohlu,1,-9.26223918547279,-15.566763412476558,1.1277878072626937,0.943897934260182,0,41.28454399108887,29.8688757320866,38.21927668586133
Kohlu,1,-6.555698528741319,-16.963356181123814,-0.4874715486807339,0.8227062509230976,0,66.56517601013184,44.02963859550655,51.18265362488157
Kohlu,1,-8.186477619059742,-14.860246846223951,2.0457860706164555,2.9225576422677038,0,69.37555122375488,40.439104764070365,71.55560596236093
Kohlu,1,-4.873914462479687,-11.247256833068228,2.637150972649236,1.1313010580273186,0,68.61581039428711,29.153990929816793,135.35649221908534
Kohlu,1,-16.678826352353482,-22.20453087408637,1.5112372235420288,-2.7978558222886853,0,77.52720642089844,45.93279132917523,68.78400849907703
Kohlu,1,-7.807209033302552,-17.194417323634134,-1.0058573836871112,2.879101091148847,0,57.579519748687744,31.399747454735916,83.37574157782987
Kohlu,1,-5.627884091990355,-16.37367477536889,-2.7401766084723835,0.5341600904694186,0,82.71575117111206,27.277327894303017,203.2399342473263
Kohlu,1,-6.958804186859245,-14.194290358121057,2.301090681770857,3.179183553274413,0,69.35783529281616,33.71140694851056,105.73996036045163
Kohlu,1,-8.559688595782376,-17.812821501827862,0.4201242805094072,2.418040427709077,0,102.0102596282959,29.61875714820344,244.41100657217635
Kurram,1,-22.83678202926504,-25.776420532363154,2.152801153999416,-0.3615148307252447,64,99.37625122070312,64.34775720834732,54.43623139644072
Kurram,1,-6.797877509468312,-14.884338615376024,-0.1128055713487006,1.516423192019133,0,14.362444877624512,74.66825383901596,-80.76499162737915
Kurram,1,-9.60582464288568,-15.575788841358897,2.206351397289504,-1.0601267200655506,0,102.13123893737793,58.932599091529845,73.30177272303074
Kurram,1,-8.973545062068466,-18.34472939991648,0.8004021761357105,-0.6962306575536168,19,93.50720357894897,62.53608385324478,49.52519860115483
Kurram,1,-10.506417798788087,-16.219477556700696,-0.3691262504092627,-1.433774376854366,0,103.85236406326294,55.07670219540596,88.55951776997543
Kurram,1,-8.629448436980192,-16.31588081302278,-0.1030004502442878,-0.8987829041291953,0,103.85236406326294,55.07670219540596,88.55951776997543
Kurram,1,-6.044091507403127,-16.009488886628045,-1.8067292851721577,-1.0157313131089083,0,112.09349822998047,73.52809833288192,52.44988075511265
Kurram,1,-8.356147617937772,-15.816615348985303,-0.5471934735248887,2.1224105539563194,0,122.44293022155762,67.31528916954994,81.89468058757839
Kurram,1,-6.559703777223897,-12.784740406023316,-0.4161456971171873,1.089136010870147,0,21.153762340545654,78.69843709468842,-73.12047974333485
Kurram,1,-8.27963510494222,-15.775226127987764,1.1054966142569294,2.2421086359887976,0,126.13380432128906,74.19225543737411,70.009394616341
Kurram,1,-8.289589143316697,-14.323501803627297,-2.0861934104739426,-3.0170209005711683,0,92.63873147964478,64.94896422028542,42.633116003890095
Kurram,1,-5.465362172650732,-12.17708230255354,1.298439805982344,-0.3118572425238621,0,126.08615684509277,73.9314393401146,70.54470732680495
Kurram,1,-9.365368523939278,-16.141310463538616,-3.095570153828426,-3.1812530537939487,0,14.564107894897461,55.41153591275215,-73.71646958526962
Kurram,1,-10.24232951082687,-17.411553228259237,-0.5893609607900174,-0.9827466889574517,0,70.65673875808716,58.812729853391644,20.138512417669194
Kurram,1,-10.868676762550862,-16.67211490999751,1.2270640237603416,-0.7518495750337131,0,116.8862771987915,72.8466203391552,60.455319209867184
Lahore,0,1.2875928295299708,-19.07062629481813,0.4956058690444924,0.7440236588868672,0,52.37583065032959,112.97455354519188,-53.63926742195241
Lahore,0,-5.233762668105858,-10.699263798932506,-0.65825552286024,-0.0099678577578021,0,117.89204788208008,149.6665221363306,-21.230181473253776
Lahore,0,-9.545027719158712,-15.696194284934377,-2.140031692177992,-4.316952302932185,0,88.17683744430542,131.2716402463615,-32.828722731870144
Lahore,0,-9.917100394516806,-16.27113483500702,-0.5615147887659706,0.2687141351504003,0,52.560991287231445,117.0585063174367,-55.09852898285094
Lahore,0,-10.297937317535771,-17.963396756987017,1.3008446145338972,6.021747747845968,0,86.73979091644287,140.95653411448,-38.46344799738349
Lahore,0,-9.173373135544722,-14.950761070859016,-2.495559294772318,-2.5102404675022782,0,58.08009910583496,99.71172174029053,-41.7519845288495
Lahore,0,-6.50782951925253,-15.097609655615976,-0.1925527128937583,3.519533624963529,0,111.0780029296875,140.25062087103726,-20.800348519080323
Lahore,0,-7.375574722440808,-13.023707495036438,-3.2374054271455144,-1.8842518687095196,0,51.9952449798584,120.5439906783402,-56.866165880800644
Lahore,0,-8.489910055626668,-15.690907550877276,-4.784903984497992,-1.089266537166484,0,52.9893798828125,123.41313043758274,-57.0634180537116
Lahore,0,-7.167441671840836,-13.427492838726277,-1.4459708030710452,-0.4117334253673324,0,111.0780029296875,140.25062087103726,-20.800348519080323
Lahore,0,-6.68971722775734,-14.68772707849828,0.3570573239652077,0.1610134807961714,0,108.93269443511963,139.43201911374928,-21.873974767408452
Lahore,0,-10.709548339132947,-17.076055221134276,-1.277293454934565,-1.55790749537017,0,117.89204788208008,149.6665221363306,-21.230181473253776
Lahore,0,-4.881331824611995,-9.67335049031716,-2.018548494613479,-3.3231250234704337,0,72.11871719360352,135.46631505284458,-46.762619795577635
Lahore,0,-9.456425805487662,-15.175975240868846,-1.7406736819181994,-1.4829707036982267,0,64.1261854171753,122.10219554454088,-47.481545985974414
Lahore,0,-0.499796838024226,-14.785951534387902,-3.388417362662957,0.7725149852407931,0,60.73537063598633,132.8819491609931,-54.2937389017357
Lakki Marwat,1,-16.53200199509436,-25.54758220840151,0.3110369782152915,0.776009370206932,0,163.83684539794922,106.5463309943676,53.770518298382505
Lakki Marwat,1,-17.077195735358274,-26.62802739686885,1.405388803359827,5.904962305033472,0,122.68754005432129,74.57203065156936,64.52219281457818
Lakki Marwat,1,-10.808716755327929,-17.178066359931886,-0.494512129024395,-2.4162028169237075,0,79.17056703567505,67.92686984539031,16.552650248534544
Lakki Marwat,1,-11.11214023275754,-17.835725385140965,-0.1598315510862669,0.1508996272918814,0,143.35465288162231,104.87241042852402,36.694343436804985
Lakki Marwat,1,-9.171532374266008,-14.709306535611647,-1.0771744913339898,-3.4292737198544785,0,111.75634765625,70.94700641930103,57.520878323975126
Lakki Marwat,1,-7.340032579818054,-17.753376905146382,-4.409733204412312,-1.1339739676265204,0,159.08098316192627,95.85742417275905,65.95582922739771
Lakki Marwat,1,-13.766637827428893,-24.388147294432123,0.118899529990978,6.260544354411628,0,135.55226707458496,78.30494945645333,73.10817261936656
Lakki Marwat,1,-11.640389084230556,-21.76777819652243,0.1388995071042025,4.332235653435284,0,124.11970853805542,86.57637026309968,43.3644170584469
Lakki Marwat,1,-8.794390143245202,-15.498183575899777,-4.590110964943495,-8.587789033607162,0,108.28397560119629,69.74169808626175,55.264323313812305
Lakki Marwat,1,-22.362880007615512,-27.3500519360404,9.31735863119932,5.953832700285865,0,122.68754005432129,74.57203065156936,64.52219281457818
Lakki Marwat,1,-11.686976252559004,-18.08303301403581,-1.856117076353037,-4.716482394916049,0,117.29054832458496,71.18029226064682,64.77952618555199
Lakki Marwat,1,-12.776609514640873,-23.00013513280763,-1.6557845573103496,1.4257979954871942,0,120.49587106704712,73.71351327896119,63.4651038962733
Lakki Marwat,1,-0.9962696873164518,-11.92037486198,-0.914167912899206,1.2558344862524962,0,151.73269319534302,79.04265316724778,91.96305679958525
Lakki Marwat,1,-14.595748771678942,-20.19132283618586,5.034154908968292,3.8409745214584983,1,102.30396962165833,84.89927212893963,20.50040837368493
Lakki Marwat,1,-11.80635295483751,-16.860059124346023,-4.646258461332312,-6.299548524884322,0,158.4367275238037,67.05274856090546,136.28670102895518
Lasbela,1,-23.360517095223077,-29.79457190943159,2.8822616928578952,0.8610954029413236,99,30.309020042419434,13.131438510854423,130.81264110832987
Lasbela,1,-11.490835436845092,-14.99242334596035,-0.5369121166602202,-2.305431644383731,0,81.74937915802002,31.963723924290388,155.7567427113701
Lasbela,1,-9.579852768619531,-18.57004354380204,-1.255143219568886,-3.6146268752318953,0,63.594277143478394,25.872565339680296,145.7981120486146
Lasbela,1,-16.072512885777716,-27.568618146700604,-2.1440709627028696,-1.269834626507958,0,27.23526096343994,12.390928532252246,119.80000039988532
Lasbela,1,-6.677237671289465,-14.078694120471988,0.3242163866895033,0.9207269663218884,0,93.75814533233643,35.60860041274536,163.3019670685446
Lasbela,1,-5.28069384926245,-15.897429579283951,-1.4278995786665796,4.734910012642747,0,69.96443367004395,20.538322040735512,240.6531143648306
Lasbela,1,-13.350843415585976,-20.0825374129798,0.5854742631274679,-1.7714583906970738,0,63.53669357299805,23.258256722742225,173.1790878843944
Lasbela,1,-8.843847952659686,-16.827523540944178,3.3808634795772106,3.4989722067721285,0,95.81196737289429,37.27195648981724,157.06181375015896
Lasbela,1,-9.377366833178344,-16.65382022993473,1.829389003828263,0.9663783691928352,0,71.45800030231476,31.91182107226923,123.92329206311076
Lasbela,1,-12.5366827015694,-19.582071515760976,-3.792737332685167,-4.0307686339646445,0,59.62575721740723,26.04271043307235,128.95373110506517
Lasbela,1,-12.405221976410154,-16.836373950858764,-2.0462320515735613,-2.485945900107218,0,26.389307737350464,12.928376851200301,104.119264475961
Lasbela,1,-11.314566108567249,-16.137551337965533,-0.8664465149865901,-3.486232981362086,0,88.56190252304077,33.96314710557927,160.75882263717648
Lasbela,1,-9.015395853266392,-17.643997531716593,0.802133182211815,2.143134330157378,0,96.3661937713623,36.06790476434617,167.1799052398025
Lasbela,1,-8.881265420270278,-17.50259500928268,0.5677796820872114,0.0994699292797278,0,16.639910340309143,9.315746837929964,78.6213239775703
Lasbela,1,-13.460728698787747,-21.088905595975785,-4.985740115113565,-6.18035406820125,0,94.50519275665283,33.49750629724004,182.12605415478168
Layyah,1,-8.854356951705125,-15.49213818076739,-3.258673901003739,-2.585960400843112,0,130.423095703125,56.360711348056796,131.40782396746974
Layyah,1,-16.270155937600578,-26.66855502917319,4.4215493896493285,4.229728017833978,0,149.02160835266113,64.42830500602722,131.29835301226734
Layyah,1,-10.519814877315616,-19.561383410210126,-3.3146874711829266,-3.398585766118437,0,143.42794799804688,56.24353939890862,155.01230813512785
Layyah,1,-18.7186522433792,-28.10262742431556,0.3923349123252642,2.7660167245500134,0,115.99458360671997,49.46985177397728,134.47530050562395
Layyah,1,-7.802482796199699,-14.64146547775944,-6.457215139783092,-4.986659487657278,0,154.16620016098022,52.91461303979158,191.34900796694447
Layyah,1,-9.180786328504023,-19.28858716025294,-1.4325142907410855,0.5833246435589139,8,166.02896881103516,53.22937507629395,211.9123013807037
Layyah,1,-8.835536483568054,-18.276394188923344,-6.615847453255407,-2.069662870300004,0,150.07791137695312,69.57983637452125,115.69167045628275
Layyah,1,-9.830220363089284,-15.488526887447671,-3.151947370455483,-3.56275637033842,0,160.95032787322998,64.78627116680146,148.43276974351633
Layyah,1,-8.451782550945905,-14.940981895678249,-1.9823618272551915,-2.587338915881432,0,114.05959701538086,49.83608963489532,128.86947561695553
Layyah,1,-12.11039988230414,-19.296375934197915,-2.1879373698832723,-2.7605059993535868,0,126.4632477760315,61.840922576189044,104.4976732360787
Layyah,1,-6.813298178377978,-14.583156009391026,-5.599159108763712,-6.4385683044369415,0,152.72429084777832,66.20339021980763,130.6895316700627
Layyah,1,-10.44764695605275,-18.38517072801507,-2.995016573795276,-1.57206464625202,0,149.02160835266113,64.42830500602722,131.29835301226734
Layyah,1,-9.652658176333878,-15.48300321136577,4.931806171046054,-0.6831744589319193,0,147.01506233215332,61.99304727315903,137.14766219567022
Layyah,1,-10.302767744748952,-18.467619068048148,-1.4640579241215512,0.8959342141567355,0,128.17297506332397,52.737781757116316,143.03823709086626
Layyah,1,-9.27480111860564,-15.651127773633998,-3.276687568081062,-3.152990467333222,0,108.79083013534546,51.07001191880554,113.02291902400232
Lodhran,0,-7.544059308011519,-14.629183487478713,-7.520541690420311,-7.450694018337284,0,57.3486533164978,31.117915058135985,84.29465216212684
Lodhran,0,-8.601397445484789,-16.76075900840086,-4.550503972220172,-3.0820286590078574,0,68.89776659011841,31.408333303034304,119.36142209577964
Lodhran,0,-7.655627360883368,-14.71863116779422,-5.647492901447418,-5.817564458202211,0,46.868950843811035,19.770818369463086,137.0612585071452
Lodhran,0,-6.3899740642766805,-14.55884569188881,-6.5772026692281855,-5.421285122354181,0,43.32879424095154,28.3897835791111,52.62107976346957
Lodhran,0,-9.738876925358138,-14.955201655783494,-3.1473980896352707,-2.5694982745337462,0,31.377171516418457,29.438605840876697,6.585113731337041
Lodhran,0,-11.352440188137818,-18.64069612657295,-0.8116125735944255,-0.512196457500405,0,84.02152252197266,30.016086772829293,179.92164054519372
Lodhran,0,-9.195329820682565,-15.34067144634357,-2.5525492824251206,-0.7629818224806257,0,82.76658272743225,33.01967349331826,150.65839231929596
Lodhran,0,-9.233665051851863,-14.979579751282907,-2.9179475802788115,-1.9628607222555363,0,40.59601974487305,19.559514946490527,107.5512601203692
Lodhran,0,-9.83694132448342,-16.1936507419074,-3.6183767074197055,-4.370674097361711,0,56.31214094161987,30.361128547787665,85.47446565757909
Lodhran,0,-9.666569333460297,-17.074252217047547,-3.21742942815745,-2.8839252472324404,0,68.89776659011841,31.408333303034304,119.36142209577964
Lodhran,0,-8.000332542617006,-14.28174945118552,-5.696004819904825,-4.716361084666403,0,43.83029770851135,21.977695928514002,99.43081318021898
Lodhran,0,-9.23161335578159,-17.872462748071648,-4.570915974865061,-1.1427942215072342,0,68.89776659011841,31.408333303034304,119.36142209577964
Lodhran,0,-9.395400180795406,-14.772297533506624,-3.328071650750122,-4.573772052026985,0,43.32879424095154,28.3897835791111,52.62107976346957
Lodhran,0,-7.162671111341097,-17.99830146971576,2.0766844414174264,-1.1938705412135846,0,51.427292346954346,34.78754164464772,47.83249955481335
Lodhran,0,-9.524950086169834,-14.379450434694975,-3.175103091281011,-4.628108700319876,0,45.288243770599365,17.88493285923032,153.2200938469072
Loralai,1,-4.534152125041942,-13.4010600098867,0.8442830311458573,3.1807627058081795,0,32.07981824874878,18.349882340058684,74.82301877607672
Loralai,1,-6.161072496837702,-12.773102996355474,1.5511340394632942,2.068025030518408,0,45.42287540435791,17.82054580418626,154.89048373416
Loralai,1,-13.117200499340925,-28.288584192615577,-2.0057317456936428,-0.3539728370417023,0,49.73928904533386,24.719086292525752,101.2181536838334
Loralai,1,-6.32500390225735,-15.390268777988132,0.940612170471403,2.355426881016257,0,24.635568976402283,17.14911174606532,43.65507287603191
Loralai,1,-12.471515190336778,-21.7193624708424,4.610116796330804,5.400517878909575,0,38.18778991699219,22.1772104779724,72.19383815165733
Loralai,1,-11.436403119579534,-18.79516705626345,1.149771896915544,1.943655656262301,0,30.43215298652649,11.80605711133685,157.76728589008604
Loralai,1,-9.068253263828518,-14.66513970438534,-0.3903414158653913,1.2988180688700126,0,52.31358289718628,27.05990657955408,93.32506837519301
Loralai,1,-7.682667848636365,-14.9627226368264,1.4728225996312163,-0.4840194447644634,0,74.8737096786499,32.01151660680771,133.89616492811504
Loralai,1,-6.858625370638429,-15.37926742674107,0.780310898013286,1.9605229111981612,0,62.81103801727295,31.744405968487264,97.86490281035844
Loralai,1,-10.20811018390778,-17.049397376482922,0.4868577111713943,-0.1797955363916905,0,45.42287540435791,17.82054580418626,154.89048373416
Loralai,1,-8.92036557687625,-16.690085651999837,0.669427743995092,0.9794165154312786,0,31.427273988723755,15.33315609926358,104.96285164822096
Loralai,1,-12.33115476325776,-18.385656357114684,-1.5085121345718164,-3.124883454652881,0,50.75678992271423,18.07781950570643,180.7683189153005
Loralai,1,-8.966008150680498,-16.867958229981987,0.4741552431380409,-0.7304820550061635,0,47.04182243347168,17.956071922183035,161.98281359831233
Loralai,1,-7.331020622720098,-13.667980548015109,0.2345292537581702,0.6340718439112507,0,52.29981708526611,13.860147691145539,277.3395367112682
Loralai,1,-10.21769206414702,-20.827829838283183,2.301431670414024,2.160455954626368,0,61.3785138130188,25.685619319346735,138.96061469223645
Lower Dir,1,-11.539277106952856,-15.734291892613328,0.5939808152024071,-4.262132559490482,0,121.82081604003906,96.04870361089706,26.83233761649445
Lower Dir,1,-7.797658447232468,-15.616723133125102,-3.814005978989133,0.3192636327138149,0,284.1659812927246,94.33765802383422,201.2222131070189
Lower Dir,1,-8.381746818764565,-14.07228928327664,-3.9667621090079273,-3.8003021273255246,0,132.56211280822754,95.06708344221116,39.44060131897141
Lower Dir,1,-5.893799542131971,-10.171758704290411,-0.907563237229775,-1.6214001532074107,0,255.9525761604309,95.13586691617965,169.0389907162357
Lower Dir,1,-12.273239667407044,-16.579893567331286,-1.1700362110924036,-1.4266028866000688,0,156.47403812408447,101.39565750956535,54.32025588405814
Lower Dir,1,-8.734399926462366,-15.617855397585895,-3.4528922429054667,-1.7811674254444263,0,123.30902099609375,99.54527580738068,23.872298304437603
Lower Dir,1,-8.890290851843908,-13.448492073360775,-4.720830755119353,-7.0497642792962,0,273.8150906562805,105.90889278650283,158.53833748243648
Lower Dir,1,-6.905845569632776,-13.971384213470753,-3.200478613129878,-3.476339455984796,0,203.6596179008484,91.56973904371262,122.40930249198097
Lower Dir,1,-6.994266229482903,-13.793946324420936,-5.332537681786247,-7.917810980146875,0,188.08476638793945,93.33849775791168,101.50824247864732
Lower Dir,1,-11.561235418987485,-15.40807752854009,1.2383386230491134,-2.196241686958075,0,284.1659812927246,94.33765802383422,201.2222131070189
Lower Dir,1,-7.484576978920526,-13.448796183606923,5.18481471347968,2.483366168074969,0,203.6596179008484,91.56973904371262,122.40930249198097
Lower Dir,1,-9.001277756665438,-15.790140346669354,-2.627585755162958,-1.0590745457489703,0,284.1659812927246,94.33765802383422,201.2222131070189
Lower Dir,1,-7.118186572853858,-15.31035461297687,-1.3677103171537528,-1.0405351888824654,0,132.6887264251709,101.58087853193283,30.6237240146127
Lower Dir,1,-7.83493671878911,-14.44902099788809,4.782097782855706,1.0220488594193426,0,214.92677545547485,78.54436787366868,173.63741191623646
Lower Dir,1,-7.277322627570565,-15.333074784158349,-3.904119249654437,-1.0727159214807287,0,228.62372207641602,97.6422400712967,134.14428213596787
Malakand,1,-8.871945288610686,-15.964015829416056,-3.472269794939127,-3.4664899821836883,0,190.78151559829712,86.07878195047378,121.63593777159278
Malakand,1,-11.633016843330772,-17.75069759914721,0.8139575913691868,0.8397518183314965,0,194.37863874435425,100.94150594472885,92.5656219660399
Malakand,1,-7.846909106210379,-14.26620787732726,-0.219642997425538,-1.5432943226840925,0,136.27190780639648,116.02636023759842,17.44909305724948
Malakand,1,-9.446191823602692,-14.707037679043108,-1.5741805578679866,-5.74672270651315,0,149.6447467803955,91.37414610385895,63.77143115548704
Malakand,1,-6.862785022892496,-14.880615476982973,-4.85352621379332,-4.748323773149688,0,123.73542976379395,89.88020371198654,37.66705531764658
Malakand,1,-13.170254102561511,-19.6670419111292,-1.9042651034394569,0.8191957601747788,0,142.368257522583,121.54217314720154,17.13486260456993
Malakand,1,-6.409358026887979,-14.245209735841785,8.363815520428718,6.139686469343875,0,191.73358535766602,104.80344430208206,82.94588182142118
Malakand,1,-8.192870802766166,-16.36426624640748,-2.23033928799708,-0.1992857065970632,0,149.6447467803955,91.37414610385895,63.77143115548704
Malakand,1,-9.894843887677716,-16.345129738508206,-0.986750165357142,0.8481911365861485,0,122.00916814804077,79.95427216291428,52.59868528280231
Malakand,1,-8.988231097710234,-16.761631027530417,-2.2903585120588605,-0.8744612878175424,0,194.37863874435425,100.94150594472885,92.5656219660399
Malakand,1,-9.427429575128215,-16.759703107601222,-4.221942102013493,-0.6916748245466273,0,115.1784725189209,86.78196755647659,32.72166529753342
Malakand,1,-6.143481769102266,-13.736324031409051,6.99895712268027,2.1381607480595197,0,194.37863874435425,100.94150594472885,92.5656219660399
Malakand,1,-7.34300550336918,-13.15416034764171,-3.3092749876745264,-5.2547520409884605,0,134.00672912597656,112.79858300685882,18.801784165877475
Malakand,1,-9.53159912004599,-19.721075891176916,-3.4535674996746675,-1.286431283637853,0,91.38979434967041,53.444794577360156,70.99849493739883
Malakand,1,-7.149056578935298,-17.1600380574013,-2.093176119570062,-1.4411978003034491,0,97.43231964111328,84.8368751168251,14.846662500172897
Mandi Bahauddin,0,-6.14320070844351,-16.108821214936473,0.2469573003451426,0.8952884109511743,0,160.3061466217041,152.32340201437472,5.240655409321839
Mandi Bahauddin,0,-6.047750651648968,-14.26672377662093,-1.5547548955866617,-2.623611026752444,0,93.05953121185303,118.5646673887968,-21.51158244581198
Mandi Bahauddin,0,-9.637322518201357,-17.502721831522564,-3.2246411232434333,0.3887513710094268,0,93.17890071868896,97.24552494585514,-4.181811172730477
Mandi Bahauddin,0,-8.297990519551199,-20.162569115345672,-5.275422573582421,1.9926239055814283,0,140.41632747650146,147.02689397931098,-4.496161432710216
Mandi Bahauddin,0,-11.551164995031815,-19.96763435789757,-0.3180433494186516,0.1817821785196756,0,71.76241207122803,122.48414809703827,-41.41085749776033
Mandi Bahauddin,0,-11.437853566230345,-18.560446571732896,0.462134445556396,0.0546823598585675,0,159.06359004974365,171.55672932267188,-7.282220477303782
Mandi Bahauddin,0,-9.736026795440496,-16.180517933405973,-3.8504313138561783,-3.324574508428629,0,95.35396194458008,116.93166441246868,-18.453258641538437
Mandi Bahauddin,0,-8.175566538939027,-20.246904204293067,-4.719489940413252,0.3768204232911358,0,110.17040061950684,114.4467930957675,-3.7365769372692177
Mandi Bahauddin,0,-9.125925316052024,-14.30839081039446,-2.0302847435617952,-5.483664387771682,0,151.9600019454956,148.38801847845315,2.4071912972954292
Mandi Bahauddin,0,-8.056551032157472,-14.420128967290772,-1.5119730408923893,-4.709920684606377,0,93.05953121185303,118.5646673887968,-21.51158244581198
Mandi Bahauddin,0,-9.45901047754139,-16.43591020398373,-1.4532956363524931,-1.6856946255289529,0,99.64307022094727,104.26062777712941,-4.4288603038654015
Mandi Bahauddin,0,-9.472829783673104,-16.843832510314435,-3.217212899037362,-2.3792185427721755,0,93.05953121185303,118.5646673887968,-21.51158244581198
Mandi Bahauddin,0,-9.846055184163134,-15.243897553236785,-1.454432157875816,-2.1089185027671853,0,133.37658500671387,149.8958572000265,-11.020499500042035
Mandi Bahauddin,0,-7.612323650981602,-14.8397939962225,-2.013044896236475,-0.5973245737076205,0,131.0641860961914,134.69003962278367,-2.691998262638368
Mandi Bahauddin,0,-21.061528331275063,-26.11906110409144,9.71023557256783,9.23585870049775,14,98.75897121429443,118.30492548942566,-16.52167413509616
Mansehra,1,-9.405699961883998,-13.1593028105735,-1.8349302148981208,-5.38590921980882,0,111.79638290405273,169.2829078555107,-33.95884775356344
Mansehra,1,-11.42754697213574,-16.682545384539807,-0.916090699612484,-1.2126552575397795,0,92.70833539962769,137.48614143133165,-32.568959726074304
Mansehra,1,-10.290885864647937,-15.470091759927575,-1.6954209924788266,-3.063388533766428,0,39.882437229156494,61.538371144235136,-35.19094430419833
Mansehra,1,-9.043983742378746,-16.240245364878483,2.357797093285732,-0.2784625637435667,0,121.08354187011719,181.9566356897354,-33.4547259509768
Mansehra,1,-6.938643782341115,-15.88978673252386,-5.197142176244073,-8.318667248976784,0,36.66869592666626,45.14762835949659,-18.780460327428983
Mansehra,1,-9.648146778355844,-15.193604284986488,-1.6293033072171994,-3.119762797248063,0,154.70708465576172,216.35482652187346,-28.493814007832714
Mansehra,1,-8.234440980304774,-18.44779214196173,-4.621236192039966,1.4248667020180503,0,89.42211675643921,128.24481472969055,-30.2723334702306
Mansehra,1,-6.645048467341335,-14.098860669484182,-1.9125569210929123,-4.36856922300273,0,94.74954175949097,188.4918063879013,-49.732806122880554
Mansehra,1,-8.953800749863076,-14.787454490949573,-1.1240690584068496,-2.4770190893045907,0,131.22703516483307,212.493239402771,-38.244136362334636
Mansehra,1,-6.919841566416817,-12.916995412325118,-0.93687902255392,-2.2436311988493784,0,92.70833539962769,137.48614143133165,-32.568959726074304
Mansehra,1,-6.960832463615979,-15.054977847171436,-0.5760324603261173,-2.4029704646139365,0,114.66118621826172,193.6633469223976,-40.79355332828812
Mansehra,1,-6.344774192519709,-16.205661894283732,-1.9806116566707648,-1.9591773740367628,0,89.46820616722107,133.18072892427443,-32.82195788394279
Mansehra,1,-7.851529460212845,-15.26983331280843,-2.451372431145373,-1.179063318684829,0,102.69261538982391,202.4662778377533,-49.279150836112656
Mansehra,1,-7.91759625877183,-14.292697747338837,-0.9794900238321508,0.9242453620251824,0,111.82148551940918,178.71457755565643,-37.430126266792634
Mansehra,1,-5.779663099050685,-12.484269679175377,5.310986653612135,4.304697500442781,0,108.37141418457031,131.6781239271164,-17.699758355796668
Mardan,1,-8.840952103106673,-15.238918568768032,-1.2202951496598224,0.8688891581016982,0,108.35428977012634,93.24261224269867,16.206836299366962
Mardan,1,-8.444287888241979,-14.496049274642829,-1.6788098380101797,-1.356965920785283,0,113.40334391593933,105.94229467511177,7.042559596908875
Mardan,1,-10.824126204381804,-18.270152555302538,-1.9843940460720688,-3.0365484283893664,0,91.92086410522461,94.81016762256623,-3.047461669769181
Mardan,1,-9.829492721113684,-14.49521786803688,-0.83376917934776,-2.4798030690357304,0,109.04849529266357,88.80048717260361,22.801685851906907
Mardan,1,-9.56086799874333,-14.92011429873013,-0.0208408745949846,-1.798711878104875,0,113.2175931930542,100.2436639904976,12.942393250696066
Mardan,1,-9.18702600740275,-14.867105663891667,-2.7774370533697117,-1.0869987311802376,0,113.2175931930542,100.2436639904976,12.942393250696066
Mardan,1,-8.643370495153972,-16.414191862901916,-0.4461251654550739,-1.6362303784922076,0,96.71544432640076,116.85353299975395,-17.233615583874215
Mardan,1,-8.826955804845142,-13.981331069352777,-1.7428577903998743,-2.060276787756889,0,127.53044128417969,110.33236721158028,15.587514803900929
Mardan,1,-9.077429369442523,-14.77701080802481,-2.7934889956743216,-4.945558234630754,0,108.35428977012634,93.24261224269867,16.206836299366962
Mardan,1,-8.005045466799071,-14.508707318682731,-2.3852491367654025,-1.9374475092388683,0,113.40334391593933,105.94229467511177,7.042559596908875
Mardan,1,-11.380020143753535,-15.61269702088092,2.220626650958033,-0.4493956482008379,0,91.20258641242981,94.30972496271133,-3.294610976238172
Mardan,1,-7.066575115930053,-13.09273698973002,-3.232112826426711,-1.7698146873601068,0,113.40334391593933,105.94229467511177,7.042559596908875
Mardan,1,-9.17933241477447,-16.967430903290392,-0.6232502863207667,-2.2206405159914238,0,109.04849529266357,88.80048717260361,22.801685851906907
Mardan,1,-8.935631066973405,-14.94791071232185,-2.515367203866445,0.0882790835036413,0,84.31520557403564,71.7478653371334,17.51597790101493
Mardan,1,-10.646928600884696,-16.380126075834333,-2.6161562470304247,-3.691562310859716,0,122.55860185623169,103.26729224920273,18.68094842699616
Mastung,1,-11.118777894459695,-19.22330855025123,0.3592306988625893,2.976900264231915,0,13.918037593364716,0.5803122733799683,2298.370365717161
Mastung,1,-12.627859905659763,-21.001807752950956,1.4248307981822297,5.128084892695863,0,17.89250099658966,1.3748329667840153,1201.4308958886459
Mastung,1,-10.530474399951045,-16.747187658513862,10.905477555937482,5.773040781053357,0,15.438962578773499,0.7689539190381766,1907.787748592903
Mastung,1,-6.559291341256658,-12.50720113349373,-2.252169016575249,-1.1093895394891522,0,20.981434285640717,1.473503479361534,1323.9148111636582
Mastung,1,-7.558112261523484,-14.69172598941332,1.1266979195015638,0.8376943124545022,0,50.83213424682617,11.178315491043032,354.73876889194065
Mastung,1,-12.522844042510435,-18.381868491919416,1.8606865080279107,3.195603352543859,0,48.56632328033447,10.012275248300284,385.06780003455503
Mastung,1,-11.7219889842285,-20.03289030019213,-0.6374358281577397,0.3467421854960797,0,15.766529560089111,1.899571961039328,730.0043316844203
Mastung,1,-16.96617055325181,-23.97449846996812,0.0720892624396611,-3.640045922274261,0,12.975803196430206,1.086403474304825,1094.38159977657
Mastung,1,-14.028671059790756,-21.06522376411261,2.048883795373744,3.6010025439933244,0,46.025710582733154,5.221067843772471,781.5382592208833
Mastung,1,-4.560031183086152,-13.90453893497616,-6.33084934828345,-2.494813877262485,0,17.89250099658966,1.3748329667840153,1201.4308958886459
Mastung,1,-10.892288211614831,-19.566280278504944,-1.2306562356802877,-0.0917265631238848,0,12.975803196430206,1.086403474304825,1094.38159977657
Mastung,1,-11.65461102139215,-19.696452811746664,10.761680282342516,7.164572229058496,0,17.89250099658966,1.3748329667840153,1201.4308958886459
Mastung,1,-10.039983172185888,-16.695666700783768,1.5049350290935486,2.793717071192709,0,46.185070514678955,5.059372637234628,812.861610049798
Mastung,1,-10.40539774683752,-17.448886662003957,1.0245475096468135,1.2584595263488012,0,26.6376953125,6.60850849961862,303.0818045257455
Mastung,1,-5.776969329658743,-10.60816849600866,2.5839923645148826,1.2413736802757178,0,31.659274101257324,7.525318723067175,320.7034315266
Matiari,1,-18.37975482920103,-26.71022240302228,6.1544514538150406,6.207405949342132,6,95.33789587020874,33.48309030034579,184.73445854316543
Matiari,1,-8.951638381082844,-20.182398566472244,-1.3617391709694964,-1.4437823579812168,0,94.83595514297485,35.51033920450136,167.06575399582005
Matiari,1,-9.09744846811498,-19.177999676379947,-1.5643201551826635,-2.064752029271851,0,102.61590492725372,38.16142189437524,168.89958453665136
Matiari,1,-17.332401881045474,-26.264474396798175,4.721383810594247,7.242872578189182,16,95.33789587020874,33.48309030034579,184.73445854316543
Matiari,1,-10.16192616276643,-22.062431474954085,-4.273383825329155,-1.5260294299485686,0,94.19915008544922,35.03566384012811,168.86646279999465
Matiari,1,-18.827455285240887,-27.557897543850988,1.9813864932381904,3.2341073317743287,80,98.4859424829483,37.53228487805463,162.40326908669945
Matiari,1,-7.9532011869426675,-13.952550618907429,-1.9269823790798988,-3.532065106146528,0,100.22966766357422,35.06609838521108,185.8306805693715
Matiari,1,-9.967460199508476,-16.97255464428761,-2.3752224361400103,-3.9471584545942697,0,95.33789587020874,33.48309030034579,184.73445854316543
Matiari,1,-8.160872922001804,-13.650407193703938,-2.859478995934392,-4.797038355167217,0,96.5631914138794,36.60154397105798,163.82272695992012
Matiari,1,-7.918048151264462,-14.67044835280885,-0.2704917607430763,-1.8172069433379596,0,94.83595514297485,35.51033920450136,167.06575399582005
Matiari,1,-11.192028561793236,-17.39981000409541,1.341022852064686,0.7240766067829121,0,95.33789587020874,33.48309030034579,184.73445854316543
Matiari,1,-18.022947839833428,-25.830183717836253,5.107191097654487,2.221589908906441,0,94.83595514297485,35.51033920450136,167.06575399582005
Matiari,1,-15.63592219499848,-26.274373692319287,1.7852788630579166,8.472325815177417,0,102.79469156265259,34.50306758065708,197.9291372349767
Matiari,1,-20.19193746350858,-26.18554967741064,5.844269637306702,4.439695496937222,7,104.02191591262817,35.438693177560346,193.52638764483135
Matiari,1,-16.316906592960475,-24.426970392375942,-0.2478533230215767,-1.120230604233555,0,100.53326570987701,36.34707974847406,176.59241514195554
Mianwali,1,-9.058925445832177,-17.18529228966549,-5.264372379256214,-2.6007559450154005,0,100.63508796691895,108.13051053918898,-6.931829448408566
Mianwali,1,-7.647355180378847,-12.434118377161187,-4.058783918837106,-2.728906639007027,0,129.94673323631287,145.51002546548844,-10.695683805558003
Mianwali,1,-12.16269304770071,-26.966340521071736,-5.144927008765048,-0.4695115128903211,0,169.42737698554993,138.79571110308171,22.06960549358653
Mianwali,1,-12.93287101622219,-17.131401144576934,-3.5368550514700203,-8.609865344253581,0,150.93437719345093,118.25611045733095,27.63346994057522
Mianwali,1,-12.033175420047804,-20.32987625395085,-0.6537386665029068,-4.790108039449951,0,175.5126247406006,103.46093629188836,69.64144249133504
Mianwali,1,-9.08602424053626,-15.48179630760502,0.4809810550693356,2.4801521413231846,0,196.3695673942566,110.35955327972769,77.936174584288
Mianwali,1,-8.559508810666705,-12.94227526958763,-5.000937978982943,-6.520219017252954,0,121.81029057502747,141.0916125833988,-13.665817305032371
Mianwali,1,-7.55482544944844,-15.249744301756692,-9.110023235416794,-4.477898519083546,0,75.14185047149658,115.17432595565916,-34.75815912269774
Mianwali,1,-11.989390019997494,-17.164934068721447,0.18121950493137,1.2422760790686578,0,96.27365684509277,110.04257808700204,-12.512357926604793
Mianwali,1,-8.957322862565835,-13.107420236205948,-4.159526766705371,-2.5460172807240884,0,129.94673323631287,145.51002546548844,-10.695683805558003
Mianwali,1,-8.763145896999513,-14.321549309816662,2.274864259582173,0.919609339293924,0,105.77323746681213,128.67420097887515,-17.797634131664623
Mianwali,1,-6.400184461510726,-15.56003705449784,-7.671552917354253,-2.619354051878636,5,132.67908096313477,145.3328424334526,-8.70674601724105
Mianwali,1,-10.156691711572291,-15.092805722725275,2.187434682972797,0.7080725717128189,0,100.32758855819702,112.0567094475031,-10.467129498212682
Mianwali,1,-9.3721964636806,-15.319429880610423,-0.9129953076138336,-0.3240989805806116,0,142.383305311203,138.4154380172491,2.8666363743756906
Mianwali,1,-21.14104699989177,-28.66782444723661,6.03814165529348,1.7694393059848998,71,248.94508981704712,126.24526876360179,97.19161934155693
Mirpurkhas,1,-13.279644667294598,-21.62175867131505,5.204026366668643,4.7472587164960665,0,118.2126590013504,48.48618768323213,143.80687500871844
Mirpurkhas,1,-6.904924991366803,-15.26235595755184,-7.193565330316945,-10.490969912223893,0,133.89951038360596,61.675657579489055,117.1026878976249
Mirpurkhas,1,-17.808040015002288,-23.403939117041016,8.556231634755607,6.809253395891791,2,134.89162302017212,60.076951632089916,124.53140406698029
Mirpurkhas,1,-10.190207344952276,-20.230333810773867,-1.1703227282190838,-0.1674439037656405,0,117.77145087718964,45.42480329349637,159.2668373625107
Mirpurkhas,1,-7.979235089464493,-15.46741021173046,-2.8290225012234247,-1.4386539477967872,0,134.0455504655838,49.251028765179214,172.16802131117075
Mirpurkhas,1,-9.927961510191764,-16.22818518998156,-0.3765749349344514,-2.409361136046293,0,122.80074489116669,46.07192879794165,166.54135846956996
Mirpurkhas,1,-7.9489432483344835,-16.606413622226277,-2.4333784446509767,-1.739603447817835,0,141.830216050148,61.882030341774225,129.1945097257156
Mirpurkhas,1,-16.773731598811253,-25.081377266443692,3.817169448018216,1.3771727642255307,2,126.73809385299683,54.95252621658146,130.63197013635138
Mirpurkhas,1,-14.574357556106277,-23.345488552858807,3.3978211514619634,3.655488739036638,0,142.766441822052,53.81061022905633,165.31280952647856
Mirpurkhas,1,-9.343867262449232,-14.567816593491148,-1.5524923997895217,-1.1803623209205067,0,125.55637836456299,55.083055468834935,127.9401120651353
Mirpurkhas,1,-16.302308348883464,-20.861804237770983,-0.4259736872673834,-2.61013852075007,0,126.73809385299683,54.95252621658146,130.63197013635138
Mirpurkhas,1,-17.315229880983534,-22.84463794922417,3.2412203546830973,-1.0652013545699577,0,125.55637836456299,55.083055468834935,127.9401120651353
Mirpurkhas,1,-8.724595978224064,-14.980403050612365,-3.9953261673906,-5.040988579625282,0,120.10910284519196,47.76679569669068,151.4489429181309
Mirpurkhas,1,-10.555965764413134,-16.726567832489696,-2.8561316864270623,-3.124049334010948,0,128.20674419403076,61.39268046282232,108.83066715366692
Mirpurkhas,1,-11.108414420952736,-16.49164795800993,-3.480646619215058,-3.762067503675592,0,137.92301565408707,61.41195825152099,124.58657821853633
Mohmand,1,-9.101185680738997,-16.987108462013325,1.400867768869034,1.2180317308783746,0,30.391836166381836,14.70607700496912,106.661750486636
Mohmand,1,-9.280812908167992,-15.620056810974738,-2.27471123107188,-2.5988348985280894,0,78.06189703941345,26.796193359792234,191.31711355891898
Mohmand,1,-6.57079441719197,-13.471531961053524,-0.2636126412566097,-0.2703514057343934,0,77.5992341041565,32.66987528502941,137.5253453744142
Mohmand,1,-14.270554219764868,-25.07189366997422,-0.447808608461635,1.9713035591305363,0,37.72679615020752,16.221016696095468,132.57972577815465
Mohmand,1,-10.239241523658569,-16.657086090153836,-3.2691559242785466,-3.391505031859971,0,25.02998161315918,13.071164188534022,91.49007121427937
Mohmand,1,-10.75721889089139,-18.05066717126757,-1.4843598644790976,-1.4703113897269304,0,118.76104640960693,49.37352396845817,140.53589224353593
Mohmand,1,-13.264139927905203,-22.02440516113742,2.1327822058715373,0.9736889054904978,0,67.88778686523438,28.708599013090133,136.47196031502574
Mohmand,1,-10.495806027904,-19.919231598995545,-1.0062464211407516,3.1882028375029066,0,40.07263946533203,18.036580687761308,122.17425885230703
Mohmand,1,-11.40528990060658,-18.836813830371923,0.9329069056793742,1.2796686942493274,0,26.67914581298828,13.362014885246754,99.66409289399321
Mohmand,1,-9.38866584953987,-17.569423761795782,-3.497688914824637,1.306861175988569,0,78.06189703941345,26.796193359792234,191.31711355891898
Mohmand,1,-6.819128442624518,-15.027993676444632,-1.855900501847339,-1.0569705840962929,0,44.93666076660156,17.96318049430847,150.15982431863603
Mohmand,1,-9.5193617555295,-18.190829676895795,3.161100668312068,2.047714866434255,0,78.06189703941345,26.796193359792234,191.31711355891898
Mohmand,1,-10.890305263717972,-20.437888332542137,-0.5040293981147208,1.9384826235500616,0,49.27403402328491,18.332476592063905,168.78001875979785
Mohmand,1,-11.18366211265391,-18.45963571735604,1.820735439105425,0.2851079720364389,0,0.0,11.180454090237617,-100.0
Mohmand,1,-9.292354397598192,-14.266005366954124,-0.8465948796687641,-1.3660600478580864,0,77.54460525512695,33.43048881101422,131.95773682369435
Multan,0,-7.873671959071959,-14.551139883823163,-3.356194556952928,-1.7696469794870249,0,48.166831970214844,22.031053903955033,118.63153792006243
Multan,0,-9.00178111182125,-15.674795822367592,-3.280551771925614,-2.4495891293534733,0,39.07771062850952,21.602455084770916,80.89476624375965
Multan,0,-6.891923708742237,-12.479376019022787,-0.7455950959261051,0.8677561442927608,0,57.95367431640625,21.90621213018894,164.55360685812187
Multan,0,-9.377499139408542,-18.132049624762097,-0.1677128910593932,0.0981644569729702,0,52.449950218200684,17.08307325653732,207.02877304661348
Multan,0,-8.702682403788701,-14.970689100517586,-5.205638139691807,-3.4234459404112343,0,68.44610214233398,17.1272915892303,299.6317910846636
Multan,0,-6.103161531900106,-21.4380823201423,-6.335792853162268,4.603312381864406,4,56.32306671142578,25.533218291401862,120.58741702134819
Multan,0,-8.911402903084552,-16.264926071713813,0.156300519527667,-3.2058874768142367,0,35.775694370269775,17.269514883868396,107.16096897248784
Multan,0,-16.801032011568154,-24.3795610701886,-1.966430649537376,-1.8368694161209584,0,55.26321315765381,19.572619568929078,182.34960048670456
Multan,0,-11.160019320953245,-16.89248153490388,-1.215826881283089,-4.516828898689518,0,48.166831970214844,22.031053903955033,118.63153792006243
Multan,0,-7.975503618173475,-14.038178585481578,-3.747725160635549,-2.7682546233643244,0,39.07771062850952,21.602455084770916,80.89476624375965
Multan,0,-7.078520381586879,-14.41268592899466,-7.787437938774284,-5.198396050281646,0,45.18358898162842,16.382138736825436,175.81007405376295
Multan,0,-9.81410775691644,-17.890998496741602,-5.325003077595072,-3.835583276472949,0,39.07771062850952,21.602455084770916,80.89476624375965
Multan,0,-10.48242511599581,-15.969542829708567,-3.469883118499053,-3.1886697064661185,0,51.94700837135315,17.307545995898543,200.1408078514614
Multan,0,-10.235853054856149,-18.135528684995773,-2.7307499203189,0.3460321503457599,0,52.8525333404541,25.384604293107987,108.20704049660431
Multan,0,-8.181629738744594,-15.017368083030954,-5.137287102165427,-4.801474983797048,0,48.564454317092896,20.216440407931806,140.2225779471984
Musakhel,1,-9.574635890305547,-18.63283769990103,-1.33630268961684,-0.8504785933863097,0,86.70381736755371,29.13271782398224,197.61664493993268
Musakhel,1,-9.520329964293476,-18.285100379178843,-0.05203617901374,0.500158637176046,0,83.02012825012207,35.50222302824259,133.84487271143055
Musakhel,1,-9.575539483826937,-16.350269418949416,-0.1766851931425286,0.2577103763482533,0,125.40115261077881,45.56778742037714,175.19693123107743
Musakhel,1,-7.844630543025524,-16.17190632102413,0.6751779456142799,0.8997799186998741,0,119.42941474914551,43.15285228043795,176.759028517995
Musakhel,1,-9.744462774259029,-17.944088797347494,0.8356661039103486,1.3539969926203916,0,79.15724468231201,28.26824088022113,180.0218273847283
Musakhel,1,-13.97487359509081,-20.59061246679155,1.8992473137233252,2.3282968990608914,0,57.538761615753174,23.70813797134906,142.6962492174119
Musakhel,1,-7.868620500067616,-16.143058017956626,-0.5249336114184526,0.8682375129000857,0,76.4005994796753,31.853008285164833,139.85363892696435
Musakhel,1,-10.05007534241918,-15.841248920868509,-2.2358543709211105,-5.090717227574606,0,69.90457344055176,31.56504919566214,121.46194991566325
Musakhel,1,-8.952408609266222,-14.791193971405532,0.1661396965731292,0.0620628147146629,0,58.59433937072754,31.579751233756543,85.54401818116379
Musakhel,1,-5.910062511439084,-16.03584700770751,-2.8012975032105283,-1.988850884716129,0,83.02012825012207,35.50222302824259,133.84487271143055
Musakhel,1,-9.70818574328498,-16.877958391644178,-2.9231443226836635,-1.4172111000837404,0,65.97431468963623,28.695958922058345,129.90803293533543
Musakhel,1,-7.060145562306594,-15.13026029196848,-2.215403404808272,0.1254886615812012,0,80.85343074798584,34.38949205949903,135.1108606317801
Musakhel,1,-8.083176919441929,-16.70158397399881,-0.7322204415483142,0.0919479013631949,0,128.51135063171387,47.89027816057205,168.34538358876551
Musakhel,1,-6.415369405527168,-16.67697222112021,-2.0025111927128663,0.3266155279959619,0,165.92908573150635,56.85910721719265,191.82499313203056
Musakhel,1,-11.236385601573671,-17.12571570889494,-0.3292011259093979,-0.7913136054912329,0,147.4669952392578,49.526569415442644,197.7533008641556
Muzaffargarh,1,-18.14181933009849,-26.629461338650504,5.15965513289129,10.233585490952487,7,83.43065643310547,26.274922540783884,217.52959995830457
Muzaffargarh,1,-7.511184915793702,-15.65597905913907,-4.032457412500754,-4.076713809043284,0,56.93145942687988,19.441302967071532,192.8376741173513
Muzaffargarh,1,-9.593233600276584,-16.842863187170785,-4.67330060570294,-2.90301497167739,0,84.19727087020874,36.58563440740109,130.13751772793108
Muzaffargarh,1,-12.512451495910026,-20.28795132280372,-0.9099129897426472,1.6705031885956174,0,83.51727104187012,20.87492006570101,300.0842675277832
Muzaffargarh,1,-12.861978879671604,-17.58310666589548,1.0175191618049109,-1.6233574689910704,0,46.53060436248779,17.236936751008034,169.9470621412278
Muzaffargarh,1,-8.71835546277037,-14.063141835560875,-4.110903945378828,-5.309936440811246,2,124.94710803031921,36.30893726199865,244.1221843777022
Muzaffargarh,1,-9.705552583645922,-17.29184924265659,-4.213281716359779,-1.229534733731974,0,56.659539222717285,34.04899987000972,66.40588398786676
Muzaffargarh,1,-9.690491083292676,-15.708761537584424,-5.019507407517628,-3.357453701456164,0,73.38108825683594,33.99087960124016,115.88464057917061
Muzaffargarh,1,-9.95997433048477,-14.187256395108886,-2.9753986396341183,-2.4958937676954456,0,59.258501052856445,19.13730541318655,209.64913697841916
Muzaffargarh,1,-8.858989371974582,-17.135800651895238,-3.467084482374881,-0.9822928776548993,0,56.93145942687988,19.441302967071532,192.8376741173513
Muzaffargarh,1,-7.598489806929567,-14.798749565489924,-3.823661323550271,-2.28637310440687,0,47.85562324523926,18.432555163651706,159.62555283495757
Muzaffargarh,1,-8.607859806564312,-14.34251673482952,-2.2691008190140938,-3.300645956276224,0,56.93145942687988,19.441302967071532,192.8376741173513
Muzaffargarh,1,-10.521498007312417,-17.57635552982612,-1.5737150091145296,-3.421889870654727,0,103.5817928314209,42.49747676253319,143.73633618347225
Muzaffargarh,1,-9.078878226437451,-15.38342655340725,-2.729788877315784,-3.557539808372677,0,79.48167514801025,28.73889805302024,176.56479730494516
Muzaffargarh,1,-7.464803985485004,-13.92748116006694,-4.85539601037911,-3.896509807610888,17,42.89931583404541,15.451410656236112,177.64012483048893
Nagar,1,-7.156750451840118,-18.044578381161003,-3.679368071067088,-2.504659729659373,0,54.44038200378418,46.141169583797456,17.98656708281839
Nagar,1,-7.943662762696969,-16.258582888434006,0.5585919690408918,-1.4982013270288412,0,87.87376117706299,70.78633280992509,24.139445693593046
Nagar,1,-4.257022271205532,-13.910815388553234,1.190223975259209,0.8294812976384929,0,20.806684970855713,13.201853311061859,57.60427328352263
Nagar,1,-4.760866739139098,-15.807758625873626,-9.37662996695446,-5.519110962359067,0,51.7932333946228,45.87697168588638,12.895929027844929
Nagar,1,-11.745240498642932,-20.19410730691345,10.007665875163685,15.451029490396984,0,17.386011600494385,8.377541223168373,107.53119724929292
Nagar,1,-9.124587178690668,-16.8402931803572,8.646597748051377,12.213657265641263,0,24.70402479171753,30.014195257425307,-17.69219670946892
Nagar,1,-18.42861313071183,-20.89461269350368,-1.1451155811900158,-0.9449223335142314,0,15.041046142578125,24.7738445520401,-39.28658868032046
Nagar,1,-6.511354574841692,-17.059430736176125,2.015211628840313,3.979939797881002,0,29.48655891418457,22.55641530752182,30.723603516697867
Nagar,1,-9.840312197278989,-24.08581039956814,-3.417923055691162,4.0596479039677895,0,55.60275363922119,47.93303272724152,16.00090892563279
Nagar,1,-15.59887370832544,-22.80918077348346,17.15319503757801,11.590759028152036,0,87.87376117706299,70.78633280992509,24.139445693593046
Nagar,1,-3.467305674644208,-18.821284700227288,3.792793285526358,9.883325972672226,0,22.428848266601562,15.957510221004487,40.553557265337105
Nagar,1,-17.962151774009882,-22.66310158767721,14.730899183285525,9.22378068112542,0,87.87376117706299,70.78633280992509,24.139445693593046
Nagar,1,-8.935732605161125,-21.76306438502924,6.774582198851691,13.781535917371524,0,100.10221290588379,79.70787096619605,25.58635890342239
Nagar,1,-11.446985494102387,-17.00628657089459,0.3891996961662762,0.1121724401465584,0,18.156414031982422,17.13916794061661,5.935212811324001
Nagar,1,-7.255103185361006,-15.41690579893703,-2.678570825815787,-0.1740371364074082,0,13.420294284820557,15.059426444489509,-10.884426214444158
Narowal,0,-10.095340883421166,-15.990552505496318,-2.6392918109343384,-1.2443501141321818,0,259.8736572265625,218.6614856660366,18.847476241641182
Narowal,0,-11.11131520189725,-18.6148118330908,-3.931543645764864,-2.233093253277488,0,124.548583984375,158.8299150109291,-21.583673972371773
Narowal,0,-10.890559114835163,-19.267017809550644,-0.8666273772232973,2.4937389797262317,0,248.86931324005127,222.1173863828182,12.044049001695997
Narowal,0,-8.556413338566184,-16.761014558081555,-4.870254411063108,-4.553237314705935,0,198.46985387802124,197.88338741660118,0.296369730211551
Narowal,0,-11.235527462613426,-16.681287006492674,0.8878921883827715,-0.6179542955630204,0,210.82437705993652,205.3715258449316,2.655115499858618
Narowal,0,-10.186779480645267,-16.124539944187923,1.007282869839985,0.6068336647122194,0,59.53068399429321,135.13132662177085,-55.94605227186285
Narowal,0,-10.852317821565816,-17.2834475463168,-1.9607258631031783,-3.193979108917098,0,121.6395435333252,166.8888731598854,-27.113449069315582
Narowal,0,-7.938594176988613,-18.448852569710965,-5.439465222358671,-0.3282988681486891,0,10.943431377410889,149.55103373527527,-92.68247694176279
Narowal,0,-6.698782715291353,-18.919373055950096,-6.302566302689488,0.471920434637525,0,62.28972911834717,133.94015092253684,-53.4943564798789
Narowal,0,-9.18211040905334,-17.16239427062643,-6.262088164916246,-3.122019250018077,0,121.6395435333252,166.8888731598854,-27.113449069315582
Narowal,0,-10.473450581399495,-19.772584538180688,-1.5701899422305257,2.114084564217123,0,11.04006290435791,164.64999195337296,-93.29482936902643
Narowal,0,-9.577787325128211,-14.956832930425222,-3.3456314053649194,-4.129098176534249,0,124.548583984375,158.8299150109291,-21.583673972371773
Narowal,0,-8.185047574159588,-15.908408643682971,-4.425022558022052,-1.5407924186084294,0,198.46985387802124,197.88338741660118,0.296369730211551
Narowal,0,-6.94042279430536,-15.85457909225908,-8.304953589439041,-3.444539162044773,0,288.7015609741211,251.53048666119577,14.77795984348954
Narowal,0,-8.260046398967457,-14.624000731775803,-5.582468556179759,-5.807410717043563,0,288.7015609741211,251.53048666119577,14.77795984348954
Nasirabad,1,-9.010652541919882,-17.629023122000024,-2.3593265963955137,-1.0522340237507173,0,39.284308195114136,8.187351396982558,379.81705304101564
Nasirabad,1,-8.609158146624306,-14.71075011639774,-3.863275810426885,-3.0636922179479527,0,56.623907685279846,13.392561678262428,322.8011716174252
Nasirabad,1,-7.556826373055419,-17.738549152052574,-3.955351473048136,-0.1433947955596224,0,48.20946669578552,11.153972075518686,332.21792532185145
Nasirabad,1,-13.286834658604086,-19.424493949285324,0.2889816539375989,1.0619194406350516,0,39.284308195114136,8.187351396982558,379.81705304101564
Nasirabad,1,-20.21582725119034,-26.179786435391943,8.174521290864124,5.859105150150853,2,62.63928663730621,11.46769746838836,446.22374552499747
Nasirabad,1,-15.710579993120009,-25.344222477457453,2.9947392450035317,6.221901855241647,0,52.314626812934875,11.816174189199227,342.73743747577737
Nasirabad,1,-8.24126557018832,-15.799266471275756,-3.267719825397036,-2.216989597346151,0,51.5804899930954,9.926204304210842,419.63961663789445
Nasirabad,1,-9.739140486592031,-18.307042246790047,-5.038331044895443,-5.145682095535758,0,69.37057447433472,15.094403506629169,359.57811081351116
Nasirabad,1,-17.85899675322416,-21.78165157380227,-0.0955271630403871,-5.089628581911015,0,71.53131079673767,16.28243040260859,339.3159315164505
Nasirabad,1,-7.68660823001168,-14.920029781716623,-3.9363144119538855,-3.3960432393357287,0,56.623907685279846,13.392561678262428,322.8011716174252
Nasirabad,1,-14.263516415168446,-20.879277717546127,3.594029296187296,3.2683534443962152,1,43.04021596908569,8.605049267027061,400.1739633729669
Nasirabad,1,-7.061476939469021,-16.08467554741972,1.4063044328503451,-1.5766833247914178,0,60.21274018287659,13.213728107954376,355.68320833414026
Nasirabad,1,-13.557662283359752,-22.726981829852303,1.953326758732114,3.903800854547711,0,45.443644523620605,9.881306646740995,359.8950943254919
Nasirabad,1,-13.487388032853586,-20.63687060796408,-4.443622240946029,-5.345188768179384,0,69.21363019943237,16.520127023092936,318.96548436147583
Nasirabad,1,-9.009637998413147,-17.13016253855791,-3.630582179370535,-3.5647844235973487,0,45.544355630874634,12.254698325681966,271.64811748509624
Naushehro Feroze,1,-8.234459566594092,-14.829529080482022,0.3137223492318046,-4.136332738964793,0,84.89386320114136,24.254655619345613,250.0105898573537
Naushehro Feroze,1,-6.539267834393496,-14.874891248830997,-1.2135313039906217,-0.6630005827764425,0,80.95075416564941,23.73189809807627,241.10526613213187
Naushehro Feroze,1,-7.083213099845915,-13.67430755718206,-2.2115210263936778,-5.156697830373016,0,77.77464818954468,20.28221146867145,283.46236705833525
Naushehro Feroze,1,-8.132942350177363,-15.410840705312406,-3.385244883890349,-1.1271100274609047,0,84.89386320114136,24.254655619345613,250.0105898573537
Naushehro Feroze,1,-20.80485648998886,-25.818208117889267,4.016279491429874,0.1262167464317869,0,102.6047101020813,29.60052199754864,246.63142126540362
Naushehro Feroze,1,-6.961120978597415,-13.63163830630176,-5.312931557458833,-4.5649454810315735,0,77.50950694084167,20.224509649397806,283.24541996077295
Naushehro Feroze,1,-19.78529557544874,-26.14962623475108,8.11067043613399,7.614687724011528,0,74.0384076833725,21.12152768868691,250.5352869102781
Naushehro Feroze,1,-10.678750314010806,-23.51522129038961,-1.4880916327170652,3.5553501938611447,0,80.95075416564941,23.73189809807627,241.10526613213187
Naushehro Feroze,1,-7.54433249470072,-14.894420956566744,-1.9336852715596395,-1.3924778779616211,0,107.36610150337219,33.03925438048318,224.96526788084864
Naushehro Feroze,1,-7.200926068587896,-14.997923056468515,-2.1300367619976166,-1.1594376982387509,0,80.95075416564941,23.73189809807627,241.10526613213187
Naushehro Feroze,1,-18.539197674731604,-23.427766797730023,5.901300600887497,4.971182257029,0,78.84422421455383,23.67441893308351,233.0355200582093
Naushehro Feroze,1,-8.352172308599405,-15.131269681895205,0.5159079564705245,-3.4183894366630003,0,89.78123545646667,25.82190300085349,247.69410857712208
Naushehro Feroze,1,-10.997446665523116,-23.939759923145264,-2.4991389360912937,2.521115067353385,0,75.68667876720428,19.513141134707258,287.8754232581415
Naushehro Feroze,1,-21.33650944347981,-25.18294410162868,9.768125189804328,6.397538034064496,5,68.61054992675781,18.795614214612943,265.03489134936314
Naushehro Feroze,1,-6.797571487053096,-13.360274509583132,-3.932362285761977,-7.224810960257102,0,110.85781335830688,23.944271627394482,362.98260846437773
Nawabshah,1,-17.57720006365413,-22.168900688791204,9.348501373561078,5.188368653832889,5,85.94766759872437,35.44018681170419,142.51471374959002
Nawabshah,1,-12.807552931173127,-22.11858789643424,-0.4115105758282276,2.829496662042917,0,91.46671962738037,34.45068775736727,165.5004169193117
Nawabshah,1,-7.697680755113433,-17.34133268383633,-2.330211054596262,0.4978301292773253,0,96.40729570388794,37.54223965186393,156.79686826862346
Nawabshah,1,-7.871306384817745,-18.28238033209001,-4.776543351820307,-7.110397143342713,0,89.50331354141235,33.97473250189796,163.44081895688907
Nawabshah,1,-18.29628299433918,-24.460788420251816,6.107214436552123,2.0986634415893377,6,96.62672662734985,33.20949035906233,190.96118483788172
Nawabshah,1,-10.370530001860743,-14.561179055777432,-2.563245111291531,-2.334068798503262,0,135.4306583404541,43.88958415691741,208.57129531291986
Nawabshah,1,-19.80546489243982,-26.161211628940933,7.248316946129634,3.633841605803124,0,89.34455156326294,32.73919542552903,172.89782293670774
Nawabshah,1,-19.53691725721788,-25.69291876419872,4.584572591603825,-0.977288918634912,0,121.18843841552734,42.23075373666361,186.96726364681194
Nawabshah,1,-9.711524137684176,-14.537245079734475,-3.3186650877140984,-6.432047476336649,0,91.63414096832275,34.18452599593438,168.05736893710608
Nawabshah,1,-20.645965158088075,-26.31391808871492,13.470607378209628,5.94293088003873,0,87.0413727760315,34.06760751325637,155.49599496284557
Nawabshah,1,-15.329427412250975,-23.993630115408607,0.5926413874693726,1.0394658666919234,0,89.50331354141235,33.97473250189796,163.44081895688907
Nawabshah,1,-18.420844579905264,-25.76295614737093,7.837176239789741,7.293128454768119,0,99.30372142791748,35.336336411931555,181.02438314569278
Nawabshah,1,-8.78694379699325,-15.326719364496416,-3.636267279263596,-4.6110837899983,1,101.78148078918457,35.365871293284,187.79576769118913
Nawabshah,1,-17.861825902157346,-25.045421418687628,7.697885415140883,1.620446506266461,0,129.37762331962585,44.835047303047034,188.56359277406904
Nawabshah,1,-7.936979514639848,-14.83460032531424,-5.544230362108893,-8.700861448818006,0,118.10480833053589,41.73728192443959,182.97196866904426
North Waziristan,1,-0.6750945718749566,-11.75998392365825,-1.573157244916141,-0.7261433530068331,0,15.128966331481934,34.89900709092617,-56.64929293814922
North Waziristan,1,-5.92749747030427,-12.779980729184398,0.119971083253084,-1.1156759548140904,0,67.43382549285889,32.1934154510498,109.46465153842485
North Waziristan,1,-12.826317317818193,-17.91436145085665,0.0311330559980653,-1.257477350815318,0,96.42757892608643,47.37056725621223,103.56011023583594
North Waziristan,1,-9.904303625304443,-18.46788403015161,-1.5609725151534235,-0.0086850759396028,0,72.34122085571289,37.13339048027992,94.8144780750103
North Waziristan,1,-6.766649363868132,-13.546409601722395,-2.184849327359242,-1.459008178533649,0,51.9631781578064,33.10075322389603,56.98488129959909
North Waziristan,1,-10.520195658476611,-17.98748330579599,1.234165464130566,3.081326262857488,0,118.68134117126465,69.78076118826866,70.0774527968563
North Waziristan,1,-8.614785501352042,-15.61769305448767,1.6749774669577038,0.6904855622293322,0,77.27429485321045,35.63922264575958,116.8237383325887
North Waziristan,1,-9.319296749590764,-16.338250489865693,1.2762142120021682,0.6613365238628344,0,54.708539962768555,30.196927124261855,81.1725402973627
North Waziristan,1,-8.504293956099188,-16.365198600356656,-1.7420900208401395,-0.9133848191253832,0,45.3049635887146,35.782869783043864,26.610760577350035
North Waziristan,1,-6.865188459772531,-12.59834076138571,3.447503723142906,-0.3508609540349887,0,77.27429485321045,35.63922264575958,116.8237383325887
North Waziristan,1,-4.102627431645924,-12.10407337066614,-1.1124928762036888,1.1631522395491949,0,39.132508277893066,35.66440676450729,9.724265249344286
North Waziristan,1,-6.188486166910119,-14.800273309149574,1.7748573092483868,1.8976917795054824,0,67.43382549285889,32.1934154510498,109.46465153842485
North Waziristan,1,-12.403032521900334,-17.97408126756094,-0.8636148179013805,-0.5785835595953017,0,70.55383586883545,37.2159449249506,89.57959017596838
North Waziristan,1,-11.58178973473821,-16.994982471367052,0.979483725689148,1.3807717969520468,0,107.30028915405273,63.57067543268204,68.78897136727457
North Waziristan,1,-8.34189055871854,-15.598518754700027,2.0023326044799585,-1.5079598449224072,0,5.4545440673828125,27.219026857614516,-79.9605470984834
Nowshera,1,-9.923829812763373,-15.895670466412412,0.1798359109876681,-0.6393691714261323,0,75.63186120986938,91.1124029636383,-16.990597602773125
Nowshera,1,-9.9709479076997,-16.734704736499808,-2.300509421136958,-1.5141276280200984,0,70.73211479187012,76.02581535279751,-6.9630303027491305
Nowshera,1,-11.192921464065622,-17.187386975185298,0.4611841085872346,0.146071287941865,0,15.795194625854492,60.977686405181885,-74.0967630013063
Nowshera,1,-10.315581839610594,-14.473224027658874,0.4663566871608502,-0.3345032262152507,0,75.63186120986938,91.1124029636383,-16.990597602773125
Nowshera,1,-8.847981631286489,-18.401291274149614,-1.1746185074828634,1.5751725478923575,0,42.06180953979492,43.52881708741188,-3.370198516240413
Nowshera,1,-9.414610808735098,-14.734183174092887,-0.5756604359422433,-2.226269074506824,0,82.33644390106201,92.70377217531204,-11.183286322636775
Nowshera,1,-10.040815005161448,-17.254226484169394,-0.4677323479599433,-2.9849858651096675,0,70.73211479187012,76.02581535279751,-6.9630303027491305
Nowshera,1,-11.375444512976706,-16.4385189678869,-0.0382007810654716,-0.9726028939079114,0,65.33651208877563,82.25496979355812,-20.568310640979007
Nowshera,1,-11.230127709902042,-19.50543624192233,-1.498060934627155,2.307079592093757,0,17.708044052124023,58.94580910503864,-69.95877345483692
Nowshera,1,-7.945081183802177,-13.855861400909284,1.4696648178789289,2.566906418216925,0,70.73211479187012,76.02581535279751,-6.9630303027491305
Nowshera,1,-9.47435258370736,-15.468239764128166,-2.2287915758164374,0.4748910749783182,0,61.92210245132446,77.31798045039177,-19.912416115091762
Nowshera,1,-12.7028917331461,-16.44729721858598,2.0524792472583844,0.7045213431028934,0,59.13900804519653,75.22240582108498,-21.3811265411299
Nowshera,1,-7.488914470252892,-17.528022654114896,-3.006215169527797,-2.326174473901116,0,100.92114639282227,87.59386693239212,15.214854563638102
Nowshera,1,-9.023714694946907,-14.028387157239774,-0.6403623805932099,-4.326265841297403,0,68.84831428527832,94.6198896497488,-27.23695351988703
Nowshera,1,-7.239303842151401,-13.964315560827352,-1.7078059206222616,-1.2880817639556843,0,16.75340986251831,58.45977796912193,-71.34198855259534
Nushki,1,-15.880299755239582,-21.34042326180792,6.748484877395775,4.685352603287868,0,9.80207622051239,0.31047396782184933,3057.1330405829203
Nushki,1,-17.260557171082162,-27.377604319030358,1.1947750349402284,1.9046183602124709,0,3.7039013504981995,0.07129936232686304,5094.85901363062
Nushki,1,-22.29413746236313,-26.498847089692,-0.68313022398317,-1.216616976257928,0,0.08105172961950302,0.004354359582066536,1761.3926592859993
Nushki,1,-8.242744738005433,-16.680772933288573,-2.375232583554169,-1.0859754908812604,0,5.662427067756653,0.18508807470757346,2959.3149108622483
Nushki,1,-10.675495785616356,-18.905978670895816,-1.3030716747698603,-1.281568272327437,0,13.296597242355347,0.6509487270250475,1942.6489353659515
Nushki,1,-8.404250070571447,-18.39633008523386,-7.94654546368405,-4.284992351784212,0,3.7076187133789062,0.030140897643047993,12200.956518572928
Nushki,1,-18.68247418667455,-27.120894814355943,-2.468024601837211,-0.46477778493173,0,1.9103345572948456,0.07295181361615732,2518.6251754428567
Nushki,1,-13.483141134974568,-25.53610141622556,2.7273104517897533,2.9117717391642834,0,2.535009205341339,0.06656210870642099,3708.4869223753976
Nushki,1,-10.233674477694649,-20.815364277625388,-2.33270268594962,-3.2136637136784323,0,2.959256410598755,0.26447014694151677,1018.9377874294242
Nushki,1,-14.244412416637712,-23.27709896350175,-6.175036808687105,-3.040932000035632,0,3.7039013504981995,0.07129936232686304,5094.85901363062
Nushki,1,-15.874084801585951,-23.41038680254163,2.6258811667896964,2.0236718852738704,0,3.779255211353302,0.10077170850071297,3650.313721560614
Nushki,1,-9.284954200681938,-24.47961921035616,-5.078988871083668,2.1839810746635067,0,3.7039013504981995,0.07129936232686304,5094.85901363062
Nushki,1,-21.29717388579014,-27.60786042190602,-1.6722690689844697,-1.8174235317763705,0,0.0,0.0,0.0
Nushki,1,-9.809061149938064,-19.644232910086743,-0.5638525171363717,-0.6106782139066098,0,12.776670813560486,0.3879164741268141,3193.66543205475
Nushki,1,-22.906189488125012,-26.947160965478385,-1.146748546217509,-0.5025348010563278,0,0.0,0.02699764221906662,-100.0
Okara,0,-10.7738418592194,-16.689769850740078,5.513220981221803,-0.8089142758810368,0,54.64037227630615,68.9818020974606,-20.790164050646617
Okara,0,-5.545195162454645,-16.609124336440377,0.2072306594092667,-1.4903512642808288,0,36.348254680633545,53.031512438645585,-31.459140029833417
Okara,0,-9.554322128301903,-15.468488315315003,-1.0987841650695491,-2.298100969636538,0,28.951551914215088,49.10938181588426,-41.046800338971465
Okara,0,-10.073275580366497,-18.65403500538032,2.336153912781235,-2.793904754861998,0,43.08983516693115,58.13742076382041,-25.882788398919725
Okara,0,-11.80568351908494,-18.235720939289717,-0.3912737563484842,-1.86611660614669,0,16.519795417785645,40.72018727660179,-59.43094439725704
Okara,0,-7.671288241765664,-13.748749193341991,2.7190344587399906,-3.1038597946207904,0,18.266552925109863,45.584260910749435,-59.92793881012044
Okara,0,-12.509578166795285,-17.083770711127748,-1.970694771653397,-2.593992315051885,0,31.53211545944214,49.173228067019956,-35.87544137540475
Okara,0,-9.767135235178642,-16.038967314839837,-0.5743829756283958,-1.1137470629729125,0,34.071993827819824,54.17038527391851,-37.10217556044499
Okara,0,-7.331370739288527,-14.178552735104422,-3.001251369887072,-2.4215417815352005,0,38.03750038146973,55.94846227429807,-32.013322913177525
Okara,0,-12.452260390810682,-19.95349906845101,-2.515806809847655,0.3640240895912399,0,36.348254680633545,53.031512438645585,-31.459140029833417
Okara,0,-6.379237529835004,-14.550029063363956,-5.392975982685101,-2.093134143391234,0,22.753201961517334,39.35148919634521,-42.179565688125095
Okara,0,-8.321554930496472,-13.884166328788226,0.7551473436469163,-7.48209885773403,0,28.170581340789795,53.603670546785,-47.44654413879613
Okara,0,-11.563927258783838,-16.413584337528203,0.8476414396309515,-2.0172944091251743,0,32.1305046081543,52.58439361080527,-38.897261332016235
Okara,0,-10.762352207929524,-18.17605273817977,6.080209214034458,-0.7259652124480382,0,13.456101894378662,39.18241614364088,-65.6578046513282
Okara,0,-10.688823178706862,-19.364383846090693,-3.138647245484883,-3.235745474910125,0,10.238458633422852,39.02904313653708,-73.76707751300695
Orakzai,1,-9.69626031173364,-14.957718011287966,-1.6725124554771504,-3.7887030140230458,0,96.97529029846191,76.2078087925911,27.251120108166432
Orakzai,1,-11.706921352877778,-16.84457580842398,-0.0066001200189749,1.450341274036294,0,130.18572235107422,107.01856161355973,21.647796782365937
Orakzai,1,-2.427708388692964,-11.058758906389318,1.0318965213006586,1.8687625025223904,0,106.78625822067261,73.55010929703712,45.18844260232032
Orakzai,1,-11.428659367988857,-16.377921312699733,-0.6034825739681562,-0.1911649421445354,0,93.8074426651001,71.62729350328445,30.96605787680444
Orakzai,1,-9.668313028946177,-14.506311402797689,-2.7543485895298723,-5.863943693793926,0,123.35944557189941,94.30668065547943,30.806688046370084
Orakzai,1,-9.341119605628435,-17.323507675478233,0.1682327443719806,2.0421791802609466,0,94.09946060180664,68.56678130030632,37.23768101301593
Orakzai,1,-10.004489911594533,-14.988741373128065,2.317214896024653,2.133579543077788,0,100.91000843048096,108.88445988893508,-7.323773719948898
Orakzai,1,-3.83345065759836,-12.674011923503777,0.3553493339937388,1.1202197688527349,0,77.08796882629395,72.54043262526393,6.268967576361304
Orakzai,1,-8.925284986431897,-14.044007625310332,0.8147287861087058,-0.0138264772798386,0,122.6033787727356,86.10394790172577,42.3899620870674
Orakzai,1,-8.08460561872949,-14.043434562849896,-0.3243288653583924,-0.4359977813647298,0,130.18572235107422,107.01856161355973,21.647796782365937
Orakzai,1,-10.893772272655095,-18.38793576568333,1.9140521800746324,0.9309564892177526,0,133.2031421661377,114.65106546878815,16.18133823832631
Orakzai,1,-5.454949749334716,-10.309434752744444,0.4937751473717124,-1.3911051866849906,0,103.23903465270996,96.90690393447876,6.534241071732633
Orakzai,1,-7.75562953853374,-13.80489082620982,0.2404782737999351,0.4671040441427738,0,112.12964344024658,99.46132152676583,12.736933029862877
Orakzai,1,-9.225986638806722,-13.654540121124588,-0.8963222398536779,-1.4848839884839666,0,108.18905735015869,104.40619236826896,3.6232189835508413
Orakzai,1,-5.186528374576632,-11.88403518755996,-4.863922382595618,-3.5239478895477703,0,75.19340133666992,69.29794962406159,8.507397036407149
Pakpattan,0,-6.622603360381849,-15.22106826141648,-6.060162993447804,-3.350569395007817,0,16.69140863418579,34.73593535274267,-51.94772081222256
Pakpattan,0,-9.447132789755717,-14.374249258771252,4.250100104647188,-2.633446223229688,0,10.142330169677734,40.228103740513326,-74.78794865624378
Pakpattan,0,-9.192514493839347,-14.855736993558745,-1.457659708238804,-2.350033495845089,0,33.22861289978027,39.94697866588831,-16.81820751025912
Pakpattan,0,-7.415878664410808,-18.405950663138366,-3.874683035707628,0.4218445604536569,0,10.55856990814209,38.035013841837646,-72.23986836958134
Pakpattan,0,-10.073364880938223,-16.69006017703496,3.670549818025078,0.8617130357151819,0,13.79284381866455,38.57337582968175,-64.24258047943235
Pakpattan,0,-11.027914026240335,-13.965340191495317,0.834647515114181,-4.75080455247619,0,22.69343137741089,53.0178986646235,-57.19666009216391
Pakpattan,0,-8.915516772618934,-16.03781411323444,-2.4266972393985675,-6.21071584498484,0,11.193330764770508,38.62237307429314,-71.01853181512367
Pakpattan,0,-9.385130917908384,-14.423434863361038,0.7317712056598165,1.6807238004459926,0,21.444682121276855,45.20838830471039,-52.56481612054621
Pakpattan,0,-10.709362161845952,-19.230523985469706,-1.5692232797591377,-2.1232029110941824,0,10.418604373931885,44.121360066533086,-76.38648410153023
Pakpattan,0,-8.56912952989722,-17.75116356200849,-2.6630655444199345,-0.9824017937786031,0,10.142330169677734,40.228103740513326,-74.78794865624378
Pakpattan,0,-8.178466327195705,-16.820453041220343,-1.4926750157979305,-0.3548708262337392,0,10.340522289276123,42.98251672387123,-75.94249225631476
Pakpattan,0,-9.556354451047564,-14.29397436161468,3.70103594008392,-3.799108241692288,0,13.607630252838135,41.54464676678181,-67.24576735667783
Pakpattan,0,-9.767353736408744,-15.04579257253041,1.8281268668141468,-0.894951398531667,0,21.0357346534729,42.15805756747723,-50.10269479374475
Pakpattan,0,-10.462957315016997,-19.24813426747611,3.172341277780029,0.5618564788252556,0,13.399620532989502,33.955499176681045,-60.53770123281916
Pakpattan,0,-7.103185265109664,-16.884097602433805,-0.113776572868657,0.5508744434632149,0,14.73617172241211,33.93369654715061,-56.57363263699753
Panjgur,1,-13.00821398391825,-22.203795423400567,0.2508349546225989,-1.6455714835205484,0,14.005344271659851,3.4114490121603014,310.53945762451724
Panjgur,1,-7.46890522612596,-18.49230263187821,-1.4207458654945544,0.2981546077536805,0,16.25460797548294,10.305816626548767,57.72265861600449
Panjgur,1,-15.537510377093229,-24.357584781523627,0.4372231382904576,-1.724823755945028,0,15.757100105285645,2.3737380218226463,563.8095678809048
Panjgur,1,-7.490429340021205,-16.89309067020353,-0.772054826510491,3.461444180173242,0,22.544607162475586,7.690445254254155,193.15086990580284
Panjgur,1,-6.343347672131285,-14.689443869639137,-2.231730333086676,0.8403159133315974,0,19.587313294410706,8.358966954052448,134.32696171761663
Panjgur,1,-13.345541770209476,-21.839408382768926,1.3805802018926343,-1.8202358347578704,0,14.70267379283905,1.9023410081863403,672.872672647494
Panjgur,1,-12.211972723400866,-21.989129990263816,0.2781763585735035,2.27093349336074,0,18.510830998420715,10.23527492582798,80.85328564755955
Panjgur,1,-8.259718961665431,-13.094664882915822,-5.472110044504582,-9.963735809563795,0,11.682881355285645,3.2433330222964285,260.21220377220556
Panjgur,1,-11.036807046377175,-20.312669169602565,0.1482871195945776,-0.4950517511160761,0,19.755683064460754,8.700052514916582,127.07544616068536
Panjgur,1,-10.490356529016967,-19.39558878563413,-2.3245153805439926,-1.928132342847114,0,16.25460797548294,10.305816626548767,57.72265861600449
Panjgur,1,-6.996142595214278,-15.275282721558051,0.9708086654304192,-0.1552602570370105,0,13.282113671302795,3.4864379561506214,280.96515235187456
Panjgur,1,-10.997116506294589,-15.935718243203231,-0.3032084923884195,0.8080302427226282,0,15.855294167995453,11.072366025751716,43.196983653898116
Panjgur,1,-15.902129122542863,-27.30249076166627,1.0460808252410487,-0.825548927696989,0,14.162635803222656,2.153355103149079,557.7008958026075
Panjgur,1,-11.78599389232186,-19.89149670709044,-0.5815479019636562,-1.5898072108848282,0,16.2298367023468,3.72552632689476,335.63876022517417
Panjgur,1,-9.475632117610932,-16.41607670377571,-0.2923868959635811,-1.6931876366336347,0,14.05312204360962,2.158299055695534,551.1202424207547
Peshawar,1,-11.377837784041269,-15.8610523024814,-1.380844938434624,-3.2413099644014167,0,89.29729843139648,73.38696899414063,21.680047091911057
Peshawar,1,-8.108826937511463,-16.060940859317256,-3.854780654900498,-0.3175661482962049,0,72.27713251113892,45.884855604171754,57.51849179747147
Peshawar,1,-11.175415344106296,-19.495064251444884,-3.442745050373171,-0.1951272578206904,0,94.27318859100342,67.0324375808239,40.63816264675468
Peshawar,1,-9.58980418822339,-15.477419619810492,-1.096271112497405,-1.71010521391654,0,99.83193874359131,73.1775323331356,36.42430341749348
Peshawar,1,-6.868578943721431,-15.6322867550037,1.6187108226917717,0.5098980162325422,0,41.105445861816406,36.121410223841664,13.798009565764591
Peshawar,1,-9.754351335665016,-14.796106573806938,-0.8776710408291812,-2.728260917139952,0,29.5321102142334,19.730415073037147,49.67809904106318
Peshawar,1,-9.715486019628225,-18.278316506756017,-3.32049182724238,-1.4019601272853492,0,49.4666862487793,44.413698515295984,11.377092884401588
Peshawar,1,-9.720091777874575,-16.640018158624713,-0.78982866748545,-0.5892241774360407,0,66.31248903274536,43.33071661293506,53.03806217908197
Peshawar,1,-14.10063709080062,-22.381961786712917,-0.3459949357599825,-0.564549539174326,0,43.28958511352539,31.314871740341186,38.23970116332253
Peshawar,1,-11.111012655405617,-16.8219039047872,-1.975895111218584,-0.5333447907143736,0,72.27713251113892,45.884855604171754,57.51849179747147
Peshawar,1,-9.263331740316511,-18.36787077600354,-4.204448394700176,-1.9686515090428929,0,47.027581214904785,44.789026671648024,4.997997745447306
Peshawar,1,-10.930430645748563,-16.849061669877678,-0.0340231096698833,-0.2967538995346181,0,49.79013776779175,46.37042252272367,7.374776978562695
Peshawar,1,-8.357389586701858,-15.9980052091387,-1.565507306378377,-3.5710233332792995,0,47.027581214904785,44.789026671648024,4.997997745447306
Peshawar,1,-10.611472180142702,-15.689551649095955,-0.362745157195885,-1.6035522087010534,0,51.290804386138916,42.55185470581055,20.53717691213832
Peshawar,1,-10.623900099641062,-18.29664567019287,-0.5315397355777716,1.278650387812334,0,30.079235076904297,31.534347146749496,-4.614371951553752
Pishin,1,-10.064034912466187,-19.054606786596796,0.2312093645211455,-0.2462302848206476,0,24.01403260231018,3.228273334604819,643.8661511370999
Pishin,1,-12.938149074146391,-22.07951220216099,0.9502948281324244,-1.7074254809297464,0,29.043094158172607,3.34621266191607,767.9392821836459
Pishin,1,-12.130194107612189,-19.152642331225923,2.280048758278433,-1.5497486726102745,0,9.501707255840302,0.6759227957300027,1305.7385423106455
Pishin,1,-12.862201247181536,-19.692808507691403,-1.5117892980230785,-2.270003723945752,0,30.25500750541687,3.325241830216328,809.8588629100877
Pishin,1,-8.867164104320086,-15.244924497417582,1.851825880745153,1.610031659196018,0,39.72120189666748,11.134514196460168,256.7394247815092
Pishin,1,-9.91378402551815,-15.723484928368473,-0.6981384082915234,-1.324194637517934,0,19.75094962120056,4.4426608920097355,344.5747740216513
Pishin,1,-11.510324728962598,-20.37723873368612,-0.7622496731008983,2.0886605397830813,0,33.73396348953247,4.1444329279991505,713.958485408969
Pishin,1,-15.571600410395623,-25.051746811051075,0.7413432224866767,-0.58295498748668,0,14.621073484420776,1.114871073266886,1211.4586820857155
Pishin,1,-10.67887704008523,-17.161341815499263,1.363655648360334,-0.1501736102373101,0,23.090017557144165,2.044018707081159,1029.638269804121
Pishin,1,-12.477300678452636,-21.057355255673023,-1.1485811321330337,-0.9770686418990272,0,29.043094158172607,3.34621266191607,767.9392821836459
Pishin,1,-11.623975925299993,-23.759029057374377,0.6347033900862797,1.96317869730396,0,14.850765943527222,1.09867609392968,1251.696466827623
Pishin,1,-13.918971911223544,-24.34326551192371,0.1551415497245969,0.140660871452134,0,29.043094158172607,3.34621266191607,767.9392821836459
Pishin,1,-9.395933337360688,-20.32458031469292,2.203231116000941,-0.0240022039027003,0,21.348543643951416,2.3482904420587145,809.1100172956219
Pishin,1,-7.921374656525112,-15.5449631025281,0.9418350315960904,1.331534196283343,0,22.054099798202515,4.464721708084872,393.9635937054305
Pishin,1,-4.717985868540605,-9.963762019851377,0.7249578513474697,-0.2845162172993252,0,34.75948095321655,9.839482180496635,253.26534786673207
Qambar Shahdadkot,1,-12.45185776020911,-22.123671744649705,-1.1343667845789938,1.7457255151013555,0,45.28648257255554,9.007982112423997,402.7372613239926
Qambar Shahdadkot,1,-22.73872768463036,-26.2728949889025,8.384329203052173,5.077613480547647,5,65.6774372458458,17.452028291503666,276.3312558794106
Qambar Shahdadkot,1,-19.657888889705635,-27.84868352370087,5.10855124211832,8.385295330028637,71,45.288655519485474,10.07741960463486,349.40726194090473
Qambar Shahdadkot,1,-20.733352482828398,-27.52702951110947,8.80375452735839,8.709189365299078,0,46.66654598712921,10.280466207644167,353.93414116209755
Qambar Shahdadkot,1,-7.378448135519307,-16.232277765497475,2.0198775204593336,3.5057074281026743,0,47.36367416381836,12.187532397795076,288.6239857084378
Qambar Shahdadkot,1,-21.48331648576398,-28.16307071611299,10.739582967631,8.398668856868923,2,45.49065065383911,9.249545664825565,391.8149745109347
Qambar Shahdadkot,1,-8.970260197751696,-13.618705558660242,-0.5946979016807603,-0.8292355554669797,1,66.4351897239685,18.570225347508675,257.75112299798366
Qambar Shahdadkot,1,-21.934206502786537,-28.27333252604845,8.070701254159339,7.943107577592869,0,41.22252434492111,11.326798578351736,263.93800119044556
Qambar Shahdadkot,1,-11.601126904164929,-25.52835700485124,-3.578299144106042,4.3815261590510985,0,40.7829794883728,10.331609958782792,294.73982903994187
Qambar Shahdadkot,1,-9.369183339027064,-18.74437616462671,-3.774388663952936,0.7658576599217355,0,41.677785754203796,11.139431126229464,274.1464468151088
Qambar Shahdadkot,1,-15.822380636160842,-25.0002702477868,3.7333288693794593,2.8133999776828738,0,43.64374363422394,11.254421900262134,287.79196320343567
Qambar Shahdadkot,1,-10.99680468967595,-22.156159009589413,-2.3105741892820646,2.808024666889903,0,40.1351643204689,11.083038191311061,262.13142666903633
Qambar Shahdadkot,1,-20.90694852872814,-26.17315261584023,8.950233460473703,5.045906788887933,19,40.23816853761673,10.002601056918502,302.2770508255469
Qambar Shahdadkot,1,-9.613717866258856,-16.727608650659555,1.8043329619691888,0.8504779049728963,0,51.41418695449829,10.491343938530918,390.06292478576125
Qambar Shahdadkot,1,-10.606267058656073,-19.42101925361658,0.1726983668387678,0.9562195314862478,0,72.01542294025421,14.119518134190002,410.0416477094282
Qilla Abdullah,1,-12.134929639151746,-20.132289409060725,0.6354019987600577,-1.55950504328392,0,15.809298038482666,0.9301052123286354,1599.732226949046
Qilla Abdullah,1,-11.873464927446712,-16.355013392752976,1.6784334772060705,0.8065890628494667,0,6.7185269594192505,0.1317040753427136,5001.229359787571
Qilla Abdullah,1,-11.629523189672764,-17.29419657460914,1.48963166364274,-1.1651035473634828,0,9.334580421447754,0.3500759808433941,2566.444124203872
Qilla Abdullah,1,-9.616607081284313,-19.42222832914304,-0.1639359332072238,-1.6792595140453912,0,17.752423882484436,1.0101348191601573,1657.4311414434849
Qilla Abdullah,1,-11.283033479836613,-17.776913967271664,-0.6405297985532741,-1.0285318130464771,0,14.840798139572144,1.135247669526143,1207.2740458270885
Qilla Abdullah,1,-19.59943785786749,-25.98021894652229,1.9488306448999888,-0.8431144586857613,0,8.17853957414627,0.5334034422878176,1433.2746146271093
Qilla Abdullah,1,-12.280610121787564,-23.64326529706414,0.0867148169287617,2.446463442218242,0,8.109692752361298,0.16607534501963528,4783.140692197557
Qilla Abdullah,1,-17.947662061070947,-28.09920372312472,-1.0997776524099123,-0.4942057940528812,0,19.718588829040527,1.2557695065508596,1470.2395006548848
Qilla Abdullah,1,-10.482835460990035,-17.804573239203066,-1.950955765278316,-2.3527491197009027,0,8.832110166549683,0.10320108867890668,8458.156003595419
Qilla Abdullah,1,-13.077692275800096,-24.75659158897308,-0.0310172957279224,0.6893166259768542,0,4.84699410200119,0.11185272000730037,4233.371688846581
Qilla Abdullah,1,-9.550607230016828,-17.172090173496365,-5.791281672159434,-7.017944718209968,0,7.779209792613983,0.20328927366426797,3726.670070877099
Qilla Abdullah,1,-8.40791843363144,-20.81595559494071,-2.95217922491055,0.6597729848298144,0,4.84699410200119,0.11185272000730037,4233.371688846581
Qilla Abdullah,1,-13.624613937302268,-28.576648918460457,0.3504828189115709,5.279085206571146,0,1.5160923451185226,0.056961150467395784,2561.625217675905
Qilla Abdullah,1,-11.970544809841671,-20.801411018905657,1.3176498706327635,-0.9620178867580584,0,22.978360176086426,1.8594362871996055,1135.770235004549
Qilla Abdullah,1,-13.095614634217895,-22.06280937909198,1.4648523354366674,0.3125320943376053,0,11.832160711288452,0.49236908016901,2303.10799110841
Qilla Saifullah,1,-9.732228280527988,-16.216739714347753,-2.856624373910593,-8.095289834616377,0,16.58657455444336,7.602296210336499,118.17848312581324
Qilla Saifullah,1,-18.062210366774973,-28.54564440100892,-0.9636515144004604,1.0206294258857262,0,23.27208662033081,8.5601956599392,171.86395667615037
Qilla Saifullah,1,-8.838627135648574,-14.792474099960137,2.5118587275529665,0.919906114089029,0,22.54899549484253,9.067747971974313,148.67249910931253
Qilla Saifullah,1,-9.977669724070411,-20.82196234395653,-0.2275531304316604,0.8351361411335034,0,10.670096397399902,6.874624035542365,55.209889911573875
Qilla Saifullah,1,-9.86136944377274,-17.315408349408635,0.2303383626512705,-2.233625352256265,0,19.16540503501892,3.797294348086871,404.712126008212
Qilla Saifullah,1,-16.408569467522202,-22.98521114733604,1.0983273221147272,-1.0790684787176694,0,6.760525822639465,0.5629851951789533,1100.8354536730812
Qilla Saifullah,1,-7.356870064332705,-18.28601923626441,-3.253195139078967,0.2571585526726672,0,27.602720260620117,10.000296753644943,176.01901164142336
Qilla Saifullah,1,-19.123004787676592,-24.78160455568274,-2.913192651569382,-3.0184052751370203,0,23.27208662033081,8.5601956599392,171.86395667615037
Qilla Saifullah,1,-14.176741956649964,-21.262326418972705,0.8830872419213787,-1.7428188647694114,0,11.359169006347656,4.186722432362148,171.31411718495067
Qilla Saifullah,1,-23.676232722038225,-27.571599840543207,0.7146138437067506,-0.930244124668654,0,28.13346004486084,8.862767094373703,217.43427019221383
Qilla Saifullah,1,-10.684063908253307,-22.01861163816084,-0.9923358659223211,2.6429951309464386,0,34.63376331329346,8.98143379688263,285.6150821410553
Qilla Saifullah,1,-12.562470406215658,-22.700720583295805,2.15045421891395,4.118489605677063,0,17.41878604888916,8.12298783492297,114.43816490775703
Qilla Saifullah,1,-9.299084657330138,-17.744739639837213,-3.2388801749217144,-4.361953969357085,0,22.66626286506653,8.9049342289567,154.53599411617554
Qilla Saifullah,1,-12.906313140848496,-18.74664680980131,-1.569325790514469,-2.94572487646084,0,35.97153902053833,11.533442425262184,211.88900671796267
Qilla Saifullah,1,-9.857584408991782,-18.948645216606568,-0.0126092678928717,1.9322529182633623,0,12.242711544036865,5.304022398218512,130.81937866908112
Quetta,1,-9.06477320994492,-16.816381211327105,-0.4544581686577054,1.6729340257487308,0,44.80872106552124,3.8601601778529586,1060.7995264705332
Quetta,1,-10.80867699551909,-17.930209898043888,0.9933221589798292,-0.8942467575206692,0,19.680980920791626,0.477102088322863,4025.108944707275
Quetta,1,-17.093358198725987,-27.575007058596427,-0.999799880150313,-0.0298683711059233,0,12.744329035282135,0.31335789446529816,3967.020253958678
Quetta,1,-9.352982391814066,-17.32149726952106,-0.2023645415185342,0.27403398928681,0,40.24092245101929,3.4089346280980863,1080.4545067932415
Quetta,1,-5.017832243513344,-14.781961331341984,-1.3946864481407095,1.0553870033930224,0,20.462157607078552,1.2238761212443934,1571.9141138462087
Quetta,1,-6.090545794862271,-14.289431537840912,-2.285420667496833,-1.1515430611172448,0,28.539113521575928,3.412075402852497,736.4150891189923
Quetta,1,-16.85483123788971,-25.895709368348037,0.4915427923127957,-0.5143393466420214,0,19.85579788684845,0.3847497230191948,5060.7049203406095
Quetta,1,-3.9044603786185257,-10.55350353686194,-0.0472399043484066,-2.54037191510686,0,22.196354031562805,1.544934804803961,1336.7178448270722
Quetta,1,-13.000861453675483,-24.62664900121729,0.1874624093110544,0.716162831800677,0,15.245339632034302,0.47897151545184896,3082.932416691263
Quetta,1,-17.11783645946494,-27.81001639279837,3.2665856510649487,3.76918931487085,0,19.680980920791626,0.477102088322863,4025.108944707275
Quetta,1,-9.656885991313125,-17.575970821329445,0.816907073258923,1.5536045434163412,0,22.196354031562805,1.544934804803961,1336.7178448270722
Quetta,1,-10.636079782959644,-18.494945690450816,-0.4872822474497607,-0.2995178727200454,0,19.680980920791626,0.477102088322863,4025.108944707275
Quetta,1,-10.073278213010308,-15.562973430187265,1.2343733038855476,1.3042620713738362,0,12.670305609703064,0.4314555341072264,2836.6422743703197
Quetta,1,-10.41652949440198,-17.87817496661257,-1.8127257079073225,-0.4837079824729251,0,28.091073989868164,3.1097232831401924,803.3303426760806
Quetta,1,-10.378500467697052,-18.97302878546478,2.310924939206336,1.840539857201396,0,9.159406691789627,0.19574023594377649,4579.368371876558
Rahim Yar Khan,0,-9.564773974891333,-17.113848707225998,-0.3268523629846207,1.0492683043002202,2,69.17496871948242,33.018785358592865,109.50185770985729
Rahim Yar Khan,0,-7.174078396109934,-14.28974487310114,-2.5332690870993613,-1.264948223127849,0,68.61579751968384,23.918313148710876,186.87557142123134
Rahim Yar Khan,0,-10.028242884725302,-18.469129646986083,-6.420526922712508,-5.699297066188514,0,109.90832328796387,40.39750698208809,172.06709398353786
Rahim Yar Khan,0,-13.011778879648922,-19.365933711341366,-0.711969136075135,-3.4263366669623387,0,121.98342800140381,42.04210865050554,190.14583691661957
Rahim Yar Khan,0,-10.07383571128832,-17.4186872407179,-5.198430953453272,-9.72967447601262,0,124.09637641906738,50.69835522174835,144.77396924670464
Rahim Yar Khan,0,-8.56129951402929,-15.35979995855783,-2.661362569621817,-3.3573432985919496,0,60.07447814941406,14.182459941506385,323.5829214197186
Rahim Yar Khan,0,-7.147751025352025,-15.928836445274674,-4.96090829385716,-3.8139139377093567,0,69.45182800292969,22.074322894215584,214.62721794800345
Rahim Yar Khan,0,-6.454571935131455,-16.07904943185037,-3.0733859938231145,-1.1963563983814218,0,109.79709815979004,31.36613133251667,250.04985790506296
Rahim Yar Khan,0,-11.38975410360844,-18.330629992363207,-1.7376808485928166,-3.6015142139114147,0,71.8086986541748,24.49809881746769,193.11947506299387
Rahim Yar Khan,0,-10.200969997776085,-16.393848550535715,-0.6769026597040959,-4.589445594013739,0,68.61579751968384,23.918313148710876,186.87557142123134
Rahim Yar Khan,0,-8.781986160826778,-13.395711391478798,-1.5902075840969534,-3.583925113425224,0,89.2682991027832,27.36172933280468,226.25240172870633
Rahim Yar Khan,0,-7.7269359047437,-15.09631465101232,0.9161933725997242,-7.747614774805401,0,69.64876127243042,22.779179748427122,205.7562302138627
Rahim Yar Khan,0,-10.438436540301929,-19.055343664448163,-5.9221559542941655,-6.824199799956311,0,105.76757526397705,42.98940570950508,146.03172227754604
Rahim Yar Khan,0,-11.880242706740836,-20.21365096362884,-3.9832787544030097,-5.234223387781441,0,84.57613563537598,23.14735467135906,265.3814305615866
Rahim Yar Khan,0,-13.582611625312056,-19.604116794406387,-2.4629084956074365,-3.243502891194637,0,107.88198375701904,34.70719793252647,210.8346112145098
Rajanpur,1,-10.44632066232914,-20.3540064393742,0.2021829694216492,-0.2356913423306288,0,78.04218864440918,34.17813820717856,128.33949635096766
Rajanpur,1,-10.97281402432404,-22.87491047272131,0.3406643966125209,-2.0165181018523946,0,99.18501114845276,36.58309451602399,171.12252930109045
Rajanpur,1,-8.734285953224557,-13.153593632624755,-1.7695520166038232,-2.54401419470717,0,109.92741680145264,39.213717204332355,180.32898852370923
Rajanpur,1,-6.694881340223532,-19.808473693413408,-7.058882948630011,-0.7180960680998467,0,117.25730895996094,42.2789557762444,177.34201757614173
Rajanpur,1,-12.001336439540603,-22.87202638985805,-5.952924733068334,-4.978515980275219,0,45.200167655944824,11.588369329726628,290.0476967022167
Rajanpur,1,-6.897413554503605,-15.141723120147422,-6.85256623410412,-3.878210684500072,0,102.39789867401123,30.403056202828886,236.8013333622806
Rajanpur,1,-12.924331064531454,-22.84645976782397,-5.23651754588952,-4.392306484123086,0,72.40488910675049,23.173046401143075,212.45304503070824
Rajanpur,1,-6.867921149602623,-19.43666775559499,-1.3577012558894026,-5.393563479089799,0,94.42346096038818,33.410458107758316,182.61648091099326
Rajanpur,1,-9.69378639859963,-17.145478803857703,-4.562902466023894,-3.188036269019541,18,51.733312129974365,12.398192103207112,317.26496653163014
Rajanpur,1,-14.701516491970557,-23.51381035386073,-1.7443146521073718,-2.079439340431236,0,75.9286994934082,33.43725482784212,127.07814946035832
Rajanpur,1,-7.986421694265143,-15.64461598033332,-2.13039784560476,-5.68338579100239,0,94.59794044494629,36.2652939196676,160.84978286538413
Rajanpur,1,-15.62805981435271,-25.22250012759839,2.30814441656452,0.4293626347881876,0,85.01673316955566,34.93693020641804,143.34345538446243
Rajanpur,1,-6.009311746870594,-13.636050850574255,-7.508576402282047,-4.962472969169578,0,151.48768615722656,56.0870241522789,170.09399847267773
Rajanpur,1,-9.43748465543703,-17.080646448848086,-1.067908122309419,-0.5950253483686012,0,153.00245666503906,49.10520922392607,211.58090777564595
Rajanpur,1,-8.25498278192492,-15.85057646032462,-3.993127477144789,-3.671686389631585,2,51.63818383216858,13.485998049378395,282.9022045168449
Rawalpindi,0,-8.601801295958898,-15.598856550794212,-5.757971868581157,-4.105037752581309,0,272.6346311569214,210.79188685715198,29.338294382116604
Rawalpindi,0,-8.787586731565806,-15.461840476310034,-2.7188100265554453,-2.5871776376994333,0,275.19791984558105,205.60278204679489,33.849317166800994
Rawalpindi,0,-9.884631671768856,-14.458835739369723,0.9002175757756721,0.1976856648529601,0,178.93490505218506,237.46865599751473,-24.649042922928853
Rawalpindi,0,-9.532983599083924,-15.010540423180055,-0.4870473980897447,-0.839659115196234,0,182.44782543182373,192.33261305093765,-5.139423555014052
Rawalpindi,0,-8.514659591809444,-15.029459987489869,-6.029284768667887,-3.428401992635946,0,212.5048885345459,194.65352990031244,9.170837355672742
Rawalpindi,0,-10.919487222860385,-14.00373278097391,-0.3208594318098452,-2.54815005951283,0,242.4865837097168,186.71699243187905,29.868514135468665
Rawalpindi,0,-8.260751060365823,-18.52435130199449,-2.829097171102012,0.0026911145002976,0,249.88562965393066,201.63109265565873,23.932091208115406
Rawalpindi,0,-8.852805088440341,-15.314649577611034,-6.01702915998322,-2.404596593062374,0,282.13903522491455,208.18498918414116,35.523236488179506
Rawalpindi,0,-10.437597219339482,-16.244829082834396,-2.702231747941786,-1.3942408132325284,0,277.1276969909668,212.7362628698349,30.268198403264492
Rawalpindi,0,-13.251553956054542,-22.192687321411423,-0.2226198370163992,4.974812394235887,0,249.88562965393066,201.63109265565873,23.932091208115406
Rawalpindi,0,-7.987774305491082,-14.862953945339273,-0.8282756365490913,0.4244626707293015,0,272.03498458862305,227.64065145850182,19.50193554871906
Rawalpindi,0,-9.784208496164872,-15.195111188929792,-1.832659346923997,-3.7617108410039286,0,277.53781509399414,207.55872769355773,33.71531911862285
Rawalpindi,0,-11.90307587117356,-18.360420846346777,-4.305798552898111,-1.728672334867518,0,176.2699317932129,181.77941966056824,-3.030864482702752
Rawalpindi,0,-8.549987215262554,-16.622370366443143,-1.999065180860189,-2.544028711871789,0,223.26385879516602,186.3681218057871,19.797236046531445
Rawalpindi,0,-10.29764273996593,-14.549695263382612,-2.7635291711834338,-4.247346128662986,0,190.92503929138184,205.62533404827118,-7.149067903003823
Sahiwal,0,-10.216316371832988,-18.257063905454515,4.090470646503013,2.683756844313578,0,37.972636699676514,47.72309419624507,-20.43131875832087
Sahiwal,0,-9.83101236066209,-15.969502449069244,3.091874817778537,-1.939905352633824,0,37.972636699676514,47.72309419624507,-20.43131875832087
Sahiwal,0,-9.459361525630838,-17.176758392656282,-1.84008229235708,-0.1186766260415268,0,30.753780841827393,30.664527404785623,0.2910641206485381
Sahiwal,0,-10.415362077361692,-18.15433361791627,1.1152293760408725,-3.7176968205223737,0,44.51128911972046,55.321223684586585,-19.54030269919346
Sahiwal,0,-10.300548952657474,-16.14065587345057,-2.731249365848127,-3.3090140383199795,0,38.29987955093384,41.67528430521488,-8.099296286885016
Sahiwal,0,-7.4658269141689715,-14.172532782901342,-1.5314585966449543,-3.809952604580865,0,24.210567474365234,51.8539224145934,-53.31005573543346
Sahiwal,0,-9.016444378942492,-14.256752241936566,-0.1913036573724564,-0.0157418735369301,0,33.078898906707764,36.86189676849172,-10.262623992310486
Sahiwal,0,-9.31402099068579,-13.978099608615606,-2.2967202859934925,-4.68223019278844,0,32.97071981430054,32.2874921052251,2.1160754971268636
Sahiwal,0,-8.747947132613831,-16.38562668484626,-2.364267036616773,-2.4420932378273648,0,37.972636699676514,47.72309419624507,-20.43131875832087
Sahiwal,0,-8.27359448922244,-15.265556033459786,-4.887153659343781,-5.127233459435574,0,37.972636699676514,47.72309419624507,-20.43131875832087
Sahiwal,0,-8.139141602829891,-16.50818646483119,-0.9922306532801652,2.1424449244871635,0,26.20255136489868,33.30306611538399,-21.320903984889558
Sahiwal,0,-10.193132896429526,-15.47189789800045,-1.506454576787947,-2.0396638424480718,0,37.972636699676514,47.72309419624507,-20.43131875832087
Sahiwal,0,-6.970676043457965,-11.912933758513214,-2.4464638707724404,-3.56723588469494,0,29.039494514465332,52.28347963988781,-44.45760933572086
Sahiwal,0,-9.974078873033646,-16.921091380571895,-0.263196918475435,-4.606620834122253,4,37.93026828765869,49.810506449639796,-23.85086803723317
Sahiwal,0,-12.006525098752622,-17.68095081049334,0.018728509478656,-4.179927084612384,0,41.136406898498535,50.090950708091256,-17.876569885399043
Sanghar,1,-17.302017151269,-23.51011075356269,1.582610287721403,-0.0206908054720358,0,191.55222487449646,62.70632015615702,205.4751489123833
Sanghar,1,-18.40270095878426,-28.41274369066365,6.348962264625264,0.8430552625228991,2,148.31485843658447,53.98170730397105,174.75021788663213
Sanghar,1,-10.873129065717286,-17.054875144999777,-2.323429449944712,-6.692761902502824,0,134.45451247692108,44.69357507266104,200.8363333171049
Sanghar,1,-12.684958910925817,-17.019260363782152,-2.916919387329381,-0.3725852945204124,0,185.12445855140686,64.2337123349309,188.2045141437893
Sanghar,1,-9.480380130824743,-14.78244597678809,2.2590878375961614,-5.492375685042418,0,150.68308889865875,55.679339316487315,170.62657486318213
Sanghar,1,-13.692185333803623,-17.625355410957347,0.5095361902515485,-1.229128612728104,0,191.26741647720337,64.92324859201908,194.60543122100577
Sanghar,1,-9.062949734688512,-14.270583268140944,-3.8613257450423575,-4.970269953249618,0,141.0871575474739,52.064751172438264,170.98402349066023
Sanghar,1,-11.863882999098095,-17.888218036602282,-1.4255177428344972,-2.740813326113884,0,144.9052432179451,52.720267347618936,174.8568065152075
Sanghar,1,-7.290094259625,-16.16797936878888,-5.328736728395734,-1.8634049804826736,0,125.22843289375305,49.61170483613387,152.41711267004268
Sanghar,1,-13.76100740079818,-25.36611945692096,-1.258038011112694,1.436766177672162,2,137.81150889396667,50.41617885269225,173.34778642512586
Sanghar,1,-13.26798621690896,-22.565353354557203,-2.663172111527718,-1.5516311345847775,0,143.78110748529434,52.44002561047673,174.18199326082905
Sanghar,1,-7.315516222872924,-14.491135433491028,-0.9521953574486092,-0.3614670002412925,0,148.31485843658447,53.98170730397105,174.75021788663213
Sanghar,1,-13.705977849021345,-19.59758229326959,-1.7043902031067295,-1.263721820365863,0,188.7081172466278,65.73348958343267,187.08063187046957
Sanghar,1,-8.82449186904459,-17.2418421887631,-3.308792849343666,-4.776131157682681,0,140.72318172454834,46.57583541627973,202.1377511896676
Sanghar,1,-11.856390620219804,-17.22265974799469,-2.712546952346262,-3.829511609902731,0,211.56578922271729,74.90198666751385,182.45684612058045
Sargodha,0,-9.351685574823744,-16.525141623837992,-1.8319854810847165,-0.9542928914663626,0,119.50311851501465,90.58360673636199,31.92576760916699
Sargodha,0,-12.343626683932383,-19.95521769816812,0.3371182332855724,0.0175479039614501,0,94.68356895446777,78.6273558050394,20.420644933349386
Sargodha,0,-9.009399485590563,-16.398509431461086,-2.868862350888559,-0.215729046882771,0,65.47989845275879,53.519053381681445,22.34876051670098
Sargodha,0,-9.273222626844236,-15.329933158180914,-2.168983650016028,-1.5577106042520086,0,116.23906421661377,90.82364210486412,27.983266826500135
Sargodha,0,-8.67675502948747,-18.148060480181265,-5.003363419907172,-0.1632542957488887,0,65.77358341217041,72.70568612776697,-9.534471215105036
Sargodha,0,-6.999349376784501,-14.868993133794136,-2.324201691281933,1.071849954135896,0,79.68752861022949,78.73309457823635,1.2122399571691327
Sargodha,0,-15.250175831318874,-24.4706500309168,-1.2655286771654597,0.1176756330482113,0,120.81143474578857,93.39186318516731,29.359700754932682
Sargodha,0,-12.128652928171118,-20.359488109535796,-0.2851090021782809,-1.5407680117831752,0,95.33202123641968,72.0847809523344,32.24985909225051
Sargodha,0,-9.300787747047025,-16.085906559096546,-1.4759135422249263,-0.2326648778737166,0,98.19877099990845,77.61724477410317,26.516692631522343
Sargodha,0,-9.99680710435116,-16.998434511531336,-1.497966381670503,0.8551605409151115,0,94.68356895446777,78.6273558050394,20.420644933349386
Sargodha,0,-8.80759183383725,-16.247690047443868,-4.297760433247387,-2.339115510347206,0,91.75352144241333,70.77894864976406,29.633914027796436
Sargodha,0,-7.837926793072722,-17.02051929621942,0.559476961079806,2.0535378864585248,0,88.73533058166504,73.14851049482823,21.308458615762017
Sargodha,0,-9.130856902601517,-15.391112098388142,0.402700112916504,-0.9907654089346992,0,96.58352851867676,87.73988390155137,10.079389467905397
Sargodha,0,-9.005327851054846,-17.12006254607715,-3.7971320146129823,-0.5947954803710118,0,66.54884338378906,83.0722824677825,-19.89043588684546
Sargodha,0,-9.700346423408932,-16.346737345717933,-1.918635761545607,-0.474876771882581,0,94.26015758514404,90.0691115938127,4.653144587715951
Shangla,1,-8.954558036099655,-14.796468449827904,-3.0845952103781986,-1.1983515427277407,0,226.2494888305664,112.00193491578102,102.00498232525442
Shangla,1,-13.793802928700876,-19.209925118776155,-0.8736460052138924,1.4463612717022585,0,166.3225040435791,115.71012301445008,43.7406682411084
Shangla,1,-8.064101668700344,-14.544901512601992,9.008074113817583,5.472149327030655,0,141.7362995147705,100.5434998869896,40.97012703365351
Shangla,1,-8.726232064740222,-15.589697956563404,-3.9323164576104777,-2.838325198261563,0,226.2494888305664,112.00193491578102,102.00498232525442
Shangla,1,-8.368733279608346,-14.47736291090056,-1.3955956359129722,-0.1618598820955554,0,137.4069366455078,156.3662333726883,-12.12493024756329
Shangla,1,-7.947200459934988,-17.51714019450293,-4.532909639119634,-4.152247789116903,0,180.37883377075195,151.27682621479033,19.23758468771757
Shangla,1,-8.279297324232008,-14.493819766242927,-1.327793078956402,-3.893745440270454,0,130.12714529037476,124.67394177913665,4.373972165649982
Shangla,1,-10.685962619246766,-14.58778730854504,0.2412747001081054,-1.5138090171559302,0,172.30410385131836,134.84399633407594,27.7803302598916
Shangla,1,-10.1023057981703,-14.120512577633978,4.123604067730474,4.631765300598941,0,152.8640217781067,129.15810523033142,18.35418420353862
Shangla,1,-9.360617623343495,-13.699309940182571,-3.771806502528525,-3.6736477477213327,0,166.3225040435791,115.71012301445008,43.7406682411084
Shangla,1,-5.737701380950973,-14.311334233023892,-2.3317341802388736,1.01751906881708,0,166.3225040435791,115.71012301445008,43.7406682411084
Shangla,1,-10.755854380978944,-18.973550745462862,-0.5002562856528119,2.023081035218219,0,173.96767234802246,134.21028618812562,29.623203473516185
Shangla,1,-7.513015269008263,-12.259593477256404,-1.6069420307349835,-7.321794435779177,0,180.6230354309082,130.75012595653533,38.14367986991607
Shangla,1,-9.266842922286264,-14.238472451416287,-0.6217704804799258,-2.793734320186907,0,172.9518027305603,130.96069419384003,32.06390191744678
Shangla,1,-6.695275878057146,-13.539525998446829,-3.0182485805439576,-2.6981266646311326,0,137.4069366455078,156.3662333726883,-12.12493024756329
Sheikhpura,0,-10.009536845434354,-17.45060731172957,-3.610415873164959,-0.4641687301746131,0,47.33228302001953,114.82560642808676,-58.77898276142535
Sheikhpura,0,-8.345700972999296,-14.816104604071574,-1.9369069559887784,-0.9812536628242174,0,57.349782943725586,110.88221411630511,-48.27864558731574
Sheikhpura,0,-9.252736211554788,-17.197946748486004,-3.437419730639718,-1.227773908954422,0,69.71192741394043,89.47697969973088,-22.08953895417404
Sheikhpura,0,-8.837433532013684,-16.43398066998045,-3.616211737761038,-2.91589449693069,0,53.79338073730469,129.0999449983239,-58.3319878734239
Sheikhpura,0,-8.416710987643619,-16.21764993116255,-3.598706473579835,-3.5618166654425387,0,52.32119560241699,91.30614347551018,-42.69696034588253
Sheikhpura,0,-11.650865268981525,-17.58005668942571,-2.739430323826713,-1.7450430880184022,3,63.78962993621826,116.96744219511747,-45.46377287637995
Sheikhpura,0,-10.29667598092092,-16.306613447498542,-1.8848143854152168,-0.6203503197528804,0,42.781614780426025,98.38115389380837,-56.51442061087831
Sheikhpura,0,-10.108283069705958,-15.125071095428666,2.3304835506116524,-1.850828263921663,0,68.18624591827393,80.70887470496818,-15.515801493294024
Sheikhpura,0,-11.517150064581047,-16.786819148241594,-2.1015741057740502,-1.3684863745058315,0,46.956932067871094,85.85242415517568,-45.30505978142464
Sheikhpura,0,-9.993913557444898,-18.351303317093876,-3.3274330190685597,-0.3223845446198368,0,52.66824293136597,108.68776432126761,-51.54169996938649
Sheikhpura,0,-10.04609551401412,-18.856899098010054,-2.64440449717957,0.0603519262731957,0,65.39558362960815,108.50215854644776,-39.72877175377712
Sheikhpura,0,-8.371817851289729,-16.75638737789781,-4.53072485386469,-2.217711804481702,0,58.579078674316406,105.0107428483665,-44.21610867099239
Sheikhpura,0,-12.133292121789816,-17.59389707745086,-2.0751262261504437,-0.3249523287345255,0,46.8341760635376,78.21408416330814,-40.12053383409879
Sheikhpura,0,-10.010019480645871,-15.620785942183812,-2.643978136462593,-2.19319531979205,0,57.516855239868164,126.89495678544044,-54.67364763981898
Sheikhpura,0,-9.022182174161104,-20.33764585699406,-3.687361902647434,1.3879179731127174,0,48.56839179992676,59.55996313989162,-18.454630863602755
Shigar,1,-12.448804389184303,-16.89409157799427,24.08352716520143,13.961718469688856,0,0.0,3.7466699961572885,-100.0
Shigar,1,-15.944862636461966,-22.199179668883662,9.23720507286256,11.583321525275146,0,0.0,6.6799027425237,-100.0
Shigar,1,-0.961537886223151,-6.899500687030999,0.5381453071295771,-0.6618750221362282,0,17.967846393585205,17.186089837551116,4.548774988514105
Shigar,1,-6.078488658390021,-14.655203503544104,-1.894015968657624,-10.786553713324851,0,0.0,4.060020007751882,-100.0
Shigar,1,-13.1020534930708,-22.568907781487155,-2.8311872515513645,-5.78807256706639,0,4.503655433654785,7.333743155002594,-38.589948700580145
Shigar,1,0.3116899901561642,-9.624892474440426,1.0515970231345213,5.331689472473494,0,68.45095586776733,43.76530612707138,56.40460886763098
Shigar,1,-10.533151147699492,-17.979268209225765,-3.5550392242570563,-1.0110170775947722,0,48.02598690986633,53.39367216154933,-10.053036313820833
Shigar,1,-13.86622619795466,-18.98739413280909,13.44366766636235,9.697370000914738,0,19.308389902114868,26.006469608005137,-25.755436269706177
Shigar,1,-15.98867838837102,-15.43030542978832,13.71203324722215,9.330788732191218,0,0.0,2.3091856978833674,-100.0
Shigar,1,-8.68713266743151,-22.646034947865395,1.7891324129167083,10.303133384551527,0,0.0,6.6799027425237,-100.0
Shigar,1,-17.65201935178699,-23.71605098326258,18.46340291328901,8.988088687050542,0,38.67907190322876,46.55761045590043,-16.922128252553374
Shigar,1,-8.016412165822315,-15.924968341354123,1.9521820205786,-0.0394993776136978,0,30.294722318649292,34.09866758883,-11.15570061578241
Shigar,1,-17.79793143535217,-23.40673461933544,5.970853967770189,7.347910468825816,0,23.0965313911438,26.212384578585624,-11.886950529435394
Shigar,1,-17.63026514752891,-26.17597944221419,13.851019111254708,17.014743391726252,0,32.78303074836731,37.9751578129828,-13.672430514141078
Shigar,1,-6.90100152047898,-16.43843367884633,-0.2040919837302643,1.2831146483014546,0,25.623145580291748,19.11299111098051,34.06141106595881
Shikarpur,1,-21.93896705856462,-26.672112213010188,3.2476474760118776,-0.5241820687462422,15,55.347779393196106,12.70950169443134,335.48347310458837
Shikarpur,1,-10.707481040730157,-18.708045073728616,0.9664990445492592,0.927458264400304,0,64.35794270038605,13.593442546674396,373.44844750994343
Shikarpur,1,-8.447467832100495,-15.940369246956218,-2.276030560412016,-1.6473362282057715,0,69.54695343971252,13.278632349229884,423.7508774293763
Shikarpur,1,-10.65413680943088,-17.218344314306293,-0.8363637869410141,-0.0005207465827581,0,55.347779393196106,12.70950169443134,335.48347310458837
Shikarpur,1,-21.582718834178987,-26.43770438527356,7.081050464718597,0.8791811006107011,26,53.70108151435852,13.473637098062317,298.5641079948741
Shikarpur,1,-16.934902656190964,-24.972102071864384,3.21412855333395,6.098335301770149,1,73.31685161590576,13.264778318087338,452.7182577633713
Shikarpur,1,-18.29886911203841,-25.78639459300184,3.798911279386264,2.4982592552497707,0,55.60349416732788,12.586985601243077,341.75385536181545
Shikarpur,1,-17.160144364802605,-21.939108658172916,-0.0146619792527999,0.1144742927075874,15,76.72131955623627,15.084922237779391,408.59605602799707
Shikarpur,1,-19.96397033992951,-25.857274753284194,5.420258624995919,2.927734726066653,1,55.347779393196106,12.70950169443134,335.48347310458837
Shikarpur,1,-9.98347124383277,-18.09663252639369,-2.9949021556932465,-1.6338900736138982,0,76.72131955623627,15.084922237779391,408.59605602799707
Shikarpur,1,-16.311817960391934,-25.999060531053036,5.650762312662106,7.083282304451753,0,76.72131955623627,15.084922237779391,408.59605602799707
Shikarpur,1,-11.278360683833403,-19.796429312308614,-0.8224739237079461,1.480277808746468,0,79.53664755821228,15.303288195582718,419.73567080289627
Shikarpur,1,-7.445596926228932,-16.277405683526688,-5.092758399822527,-3.828445530376385,0,51.70067071914673,12.097575658396817,327.3638965279937
Shikarpur,1,-11.772155446602904,-18.41090661303227,-1.3275116394240565,0.3359683460124039,0,50.82785785198212,13.637321438244545,272.71144544148035
Shikarpur,1,-10.755649055594812,-19.747073684985764,-1.217839914607607,0.9118989244924478,0,69.07457709312439,14.421676074883726,378.96358741146736
Sialkot,1,-3.308008860798851,-15.198660476438205,-4.6468924684648005,-0.6627275026170132,0,29.050199508666992,163.74043833613396,-82.25838418177959
Sialkot,1,-7.731956508382002,-12.815001161259463,-4.356445175568261,-4.473129732836258,0,100.96598434448242,202.0690227031708,-50.033912673098655
Sialkot,1,-9.035754648277631,-19.355469327054315,-4.800136277625304,0.0749544858522419,0,102.26776123046875,165.6468872576952,-38.2615858809518
Sialkot,1,-10.18440704018829,-19.21652122962287,-3.068757494812859,0.9190692421253956,0,30.10784339904785,160.3461215108633,-81.22321692888089
Sialkot,1,-9.899090693575118,-18.80198710210557,-2.9383974085449864,-7.043289424705161,0,47.52919292449951,146.2948227107525,-67.51136366700271
Sialkot,1,-10.311184943732007,-16.009675817544856,-3.658545066152588,-2.1015640545433563,0,128.34571743011475,188.89212011098863,-32.05342956884502
Sialkot,1,-7.797781464916419,-16.314212960440766,-5.075537640022567,-0.5834972604853021,0,100.96598434448242,202.0690227031708,-50.033912673098655
Sialkot,1,-10.33634712524686,-17.56845741900937,0.4795530014409639,0.2831546544244823,0,76.32759761810303,178.11472840607166,-57.146947756005375
Sialkot,1,-7.584753345793185,-13.066997872208631,-2.409799392906608,-2.2902437197579246,0,190.7105369567871,244.4482165902853,-21.983256978948155
Sialkot,1,-8.093711290652424,-14.01830662690652,-2.2219692156774684,-3.40588270668596,0,100.96598434448242,202.0690227031708,-50.033912673098655
Sialkot,1,-9.20961024963446,-16.29478717873014,-3.23173968405478,-0.7876129263234546,0,188.9460153579712,242.70901251137258,-22.151215810695213
Sialkot,1,-9.198390609458228,-14.58396203608964,-2.030289795256051,-2.668046564579676,0,84.63948631286621,174.16588130295276,-51.40294661636966
Sialkot,1,-14.856501187582786,-21.382925457272787,2.9382858654666717,3.5513965751507364,0,161.08971977233887,194.4516139000654,-17.156912950525694
Sialkot,1,-7.305351668231168,-14.192493256061132,-5.506756524665841,-5.172959186501023,0,122.04785537719727,276.22552267313006,-55.81586589244256
Sialkot,1,-11.110473939757078,-16.57907824283701,1.148142835251699,0.6181568661640853,0,122.04785537719727,276.22552267313006,-55.81586589244256
Sibi,1,-9.983110117524127,-23.69776218755755,-1.0382821961852289,3.353025483873978,0,78.19432473182678,17.424485213076697,348.76117587189117
Sibi,1,-10.536274337169774,-17.05765674744451,2.1857078191968604,2.866512900068216,0,98.24045896530151,26.037352874595673,277.30586299789917
Sibi,1,-8.15669948501175,-17.104333668411815,-2.007223850130936,1.6165716456915344,0,80.38404655456543,37.35798279012088,115.17234216356715
Sibi,1,-10.870434279151556,-16.60363391592953,0.5668803029393263,0.0106806195658357,0,74.82232904434204,19.208143185731025,289.5344194431277
Sibi,1,-13.647506593540514,-18.58475734424853,-3.428526762618473,-7.956791666944298,0,84.17891764640808,21.727696473500693,287.42679302922653
Sibi,1,-10.415279970883384,-18.46175751844172,-4.611439360115805,-8.891487919215368,0,79.80202722549438,17.04634298728779,368.1474923096777
Sibi,1,-10.878474754110414,-14.461629224396248,2.0001824306493994,-0.0271542838094518,0,93.9758129119873,46.72931557521224,101.10676083138945
Sibi,1,-11.498344598592393,-19.91579639890374,-2.367303545558478,-1.776054780507739,0,55.40351724624634,18.849251124868168,193.92954064446332
Sibi,1,-7.24820576806408,-15.228401041107237,-0.0895776547056499,2.4719505146934218,0,76.47715640068054,43.65803358703852,75.17315856247264
Sibi,1,-13.685479722318355,-21.25321326038986,0.5840897894210997,2.871080592788836,0,63.601762771606445,26.736913185473533,137.87997638471595
Sibi,1,-10.254965042252238,-17.703258484818768,1.8217948753269864,-0.738178667503739,0,59.937732219696045,41.219193836953494,45.412189420262656
Sibi,1,-5.156469389686879,-15.451344768953096,-1.9443125014423224,-1.05452031733949,0,92.94877815246582,31.93543225675821,191.05219996762654
Sibi,1,-8.200934958332931,-15.762234396113485,1.869353735791191,3.4142665302083017,0,82.35245609283447,42.088124921126294,95.66672605910591
Sibi,1,-7.731062132860883,-13.25810316063292,0.1084729899770433,1.476904893609893,0,52.180336475372314,28.888308164221236,80.62787262841073
Sibi,1,-9.361664130170531,-17.508259199506266,-0.4222333468124351,0.3212825282267921,0,57.09866428375244,11.998540887329728,375.8800659174129
Skardu,1,-13.882346906540691,-24.50556394465229,-1.8553424702154453,-1.1301342212703105,0,5.285122871398926,12.304435277916491,-57.04700986249688
Skardu,1,-7.065150731455462,-15.118456354365044,3.872833278167516,3.670565819883985,0,0.0,8.06520894151181,-100.0
Skardu,1,-8.721253795910549,-18.219349346236584,-7.406949447086607,-4.14414223697279,0,5.900093078613281,9.569044334130012,-38.34187748959051
Skardu,1,-20.348243748358165,-26.63006399603836,0.5552599082794352,0.4584317709127568,0,0.0,1.5234585221551242,-100.0
Skardu,1,-8.255750465734733,-12.821824195343508,-1.8098418784139876,-4.412358568709623,0,7.5405731201171875,11.873040062189101,-36.48995471571846
Skardu,1,-0.3364280394036586,-16.647294559653012,-12.433539879463575,-0.9559460980426592,0,6.663557529449463,15.35635498489719,-56.60716663555251
Skardu,1,-16.272598108457682,-22.11357316225844,6.934067108414439,4.724074094628584,0,20.17844033241272,20.414774247817697,-1.1576611748730972
Skardu,1,-8.725156760517162,-15.786599210118805,-1.573187356640311,0.9936397673766209,0,16.772067546844482,14.04379369020462,19.426900713749458
Skardu,1,-12.212526857380318,-21.307827920453907,-2.395645601223041,-2.427318983282209,0,3.655211925506592,10.516935507254676,-65.24451516332687
Skardu,1,-6.107205520042667,-15.913232185002824,12.701601144821543,11.402612880375909,0,0.0,8.06520894151181,-100.0
Skardu,1,-13.896281203572409,-23.855720354967545,-2.5254755855897564,-3.080228000138778,0,3.655211925506592,10.516935507254676,-65.24451516332687
Skardu,1,-1.7589935700477746,-14.529608622048046,-7.036938284509601,-4.079592644312795,0,0.0,8.06520894151181,-100.0
Skardu,1,-18.649676044363343,-25.531094963893526,4.205925682978016,8.457470087546017,0,49.96912360191345,48.923310494422914,2.137658095745089
Skardu,1,-4.470722485385694,-16.81487120122856,-6.549541031189519,-2.4379262579890764,0,0.0,0.0,0.0
Skardu,1,-8.51081884982442,-16.352312792939973,0.9042890333810742,0.5646690887806258,0,4.357850074768066,7.662431760132312,-43.127061862501776
South Waziristan,1,-8.503561207825712,-17.213780587585493,-2.3862012718948518,1.579754706239818,0,42.46928691864014,20.027408643066885,112.0558264703018
South Waziristan,1,-7.598014845573948,-14.258440434427856,0.6631058670798824,0.6590524373919635,0,88.81971502304077,27.204264907538892,226.4918766411031
South Waziristan,1,-12.032010478997003,-21.450121343494445,0.3742236123540934,1.6231135579050535,0,36.49071407318115,10.154822886362671,259.3436781865101
South Waziristan,1,-6.810822583921653,-17.99829967240127,-0.2772102852342053,-0.4308687616778179,0,157.72169017791748,51.9724137544632,203.47193594481254
South Waziristan,1,-14.084595338180575,-19.46557137201799,1.4948420881046989,0.4584580839225722,0,30.831848621368408,10.558227632194757,192.0172750145503
South Waziristan,1,-10.161101383797988,-18.9115531190889,1.0166990061304677,0.8183373971402119,0,24.078948736190796,8.947507462650538,169.11348033743735
South Waziristan,1,-8.99538067132468,-17.754239308523182,-2.397349309114197,0.1893035720545981,0,133.0680751800537,41.2276088654995,222.7644746853342
South Waziristan,1,-9.077976583248002,-15.609700073310895,1.5226089578518742,0.9150937571264706,0,48.15778160095215,44.858133780956265,7.355740290285305
South Waziristan,1,-9.406791771923716,-16.81472746135578,0.7487703501299023,1.9465695194111523,0,64.00991535186768,25.772045385837554,148.36955854129792
South Waziristan,1,-9.265878974174775,-15.668271290843618,1.4344897256529077,1.5636419575234566,0,88.81971502304077,27.204264907538892,226.4918766411031
South Waziristan,1,-2.8546829164002285,-12.361368765777652,1.3400633318161064,1.9098126621098288,0,74.12100458145142,25.704951745271682,188.35301974486555
South Waziristan,1,-9.570861147953796,-14.486012322879205,0.1552268688705247,-2.9329695918467564,0,88.81971502304077,27.204264907538892,226.4918766411031
South Waziristan,1,-11.273260490460046,-19.53723632131794,0.8306176523069873,0.9745004501578372,0,31.591711044311523,11.692079940438271,170.197528628318
South Waziristan,1,-10.144093369098428,-18.447971487031197,-1.6284940368796956,-1.646615630295717,0,160.86385440826416,50.972337905317545,215.590496765271
South Waziristan,1,-7.72357115962177,-15.918648938251682,-1.0410821425468164,-0.218888517242199,0,92.56054306030273,54.40280730724335,70.13927707362807
Sukkur,1,-17.912881614680565,-24.26847947649112,-1.128976267229632,1.192465050571606,0,143.21449184417725,32.80265036961064,336.5942697632002
Sukkur,1,-15.846729597174916,-24.20575953753681,-2.5180981676997085,-0.9669958866914534,0,117.8850736618042,27.8630876544863,323.0868994981009
Sukkur,1,-20.127343320813008,-25.09887743338289,-0.8733581402654025,-1.2344698893071886,0,143.21449184417725,32.80265036961064,336.5942697632002
Sukkur,1,-13.996907238796323,-21.313030265654383,-4.134848534484481,-2.214146035437345,0,130.5538682937622,29.307262056926266,345.4659327786236
Sukkur,1,-15.683881317129726,-20.80192048623012,-3.0310138848699086,-3.2536614391703544,0,133.67728853225708,30.832133729662747,333.56483110881766
Sukkur,1,-14.680939444381805,-21.8558339967748,0.4269206403689729,-0.0594452686788429,0,49.02778697013855,11.856110047316179,313.5233797128661
Sukkur,1,-13.263186113723991,-20.193972433314507,-3.888554456545414,-2.005441799546194,0,114.25580263137817,27.040742692770436,322.53204333002805
Sukkur,1,-9.213173900151396,-17.250955208990646,-1.16741212515797,0.8101393295913901,0,84.80793023109436,19.2715655695647,340.0676734070338
Sukkur,1,-15.49394169337231,-23.54917241071576,0.135876246115032,1.538182712958438,0,122.85912990570068,27.75714548714459,342.62163039279926
Sukkur,1,-12.859667251397696,-18.64418317138628,0.2712676193659646,-3.3850691918952123,0,114.25580263137817,27.040742692770436,322.53204333002805
Sukkur,1,-14.254675434856864,-20.64731908476675,-4.33859467636514,-3.551756315896021,0,134.85729503631592,30.753016311721876,338.5172942691591
Sukkur,1,-17.040454233548374,-23.040215635273437,-0.7639579864601522,-1.6815602940545131,0,117.8850736618042,27.8630876544863,323.0868994981009
Sukkur,1,-8.104068482222637,-14.482913668218014,-1.565582980343731,-4.238098546125649,0,72.84093928337097,16.667096448037775,337.0343659464848
Sukkur,1,-7.341274637449922,-13.154734789810062,-6.2221065535099935,-5.797892965438171,0,85.70980548858643,19.95847563100404,329.4406400228407
Sukkur,1,-13.038838248359658,-22.457577476426856,-3.0338052981703445,-6.034109797288302,0,146.9005641937256,35.48686420172453,313.9575797925441
Swabi,1,-10.24558100737056,-15.625375905803542,-0.9049033372515858,-2.336275487118732,0,106.04022598266602,99.61758332252502,6.447298203718558
Swabi,1,-9.745885025501243,-20.920360476809726,-4.434399402892668,3.0746849338223257,0,123.29782485961914,128.79118757843972,-4.2653249978573795
Swabi,1,-8.521844338610759,-14.90838896022496,-1.1271947614936018,-0.8373752193667414,0,128.92401313781738,183.54820492863655,-29.760134026947867
Swabi,1,-10.698420833943045,-15.82115044086633,-2.892986625061045,-4.107708739366597,0,106.04022598266602,99.61758332252502,6.447298203718558
Swabi,1,-8.634507673201508,-18.032225494926173,-4.275115980615897,-1.3191978508344313,0,105.64533233642578,171.66238065548242,-38.457493171756404
Swabi,1,-7.272750365881352,-15.595548536925104,-1.6272041197779146,-4.357664426106242,0,106.83642768859863,143.72778469324112,-25.667519389782484
Swabi,1,-8.057039331621231,-16.046284638877676,0.0848909354759381,-2.938742757200949,0,120.69880485534668,127.02435151934624,-4.979790558534091
Swabi,1,-8.566475511144755,-14.7840511295253,-3.5150000941561075,-3.925922278106137,0,113.74134635925293,147.10542993545533,-22.68038888220604
Swabi,1,-11.939763099268252,-21.83304756359036,-1.4032606058159125,4.121764600431551,0,103.74137306213379,100.51238204240799,3.2125305898764065
Swabi,1,-12.205446104899394,-19.5844827998344,-2.645220127362787,-4.003537782018213,0,123.29782485961914,128.79118757843972,-4.2653249978573795
Swabi,1,-8.727958186229213,-15.328617238346084,-3.810307826335212,-2.935295081086068,0,139.4328727722168,138.4637255549431,0.6999286010754769
Swabi,1,-13.030610523421633,-25.034731491136387,2.0502401427585184,7.601868337844394,0,123.29782485961914,128.79118757843972,-4.2653249978573795
Swabi,1,-7.65063481074788,-13.660183652404488,-0.1490412368605431,-5.689825238663609,0,145.11361503601074,136.58657107949256,6.242959237592616
Swabi,1,-8.167852531609471,-14.54783304266472,-0.9098849406157594,-3.185956611000464,0,111.78884887695312,191.31367681622504,-41.56776936322387
Swabi,1,-9.90495309348277,-16.187905289650516,-0.7635925405609321,-1.1935363098779137,0,100.74232482910156,91.45451259613037,10.155663148068845
Swat,1,-8.924901589279852,-16.601915578187224,-0.5655646764175462,0.1580634840839287,0,195.09445190429688,108.40139883756638,79.97410918712899
Swat,1,-12.147463027853544,-16.347168189641753,6.809140153025238,0.4635867512609497,0,191.8244390487671,89.59015377759934,114.11330482248808
Swat,1,-8.57273441722427,-16.732799380795868,-1.3633943689195736,-1.2299110262552908,0,60.8746771812439,49.282312002778056,23.52236473364394
Swat,1,-7.873330416731367,-15.1732748742891,-2.107854026086141,-1.3319896207491695,0,271.660005569458,119.0902628660202,128.1126928698469
Swat,1,-7.998134268987311,-15.241634284687509,-5.090172070592489,-0.9151775300191858,0,45.95598268508911,43.40206648111344,5.884319367804804
Swat,1,-15.364302482923748,-18.24914748888551,0.5822068576581625,-2.445786935503285,0,101.85042381286621,88.94389370679855,14.510866983869333
Swat,1,-6.202422749243262,-13.443438383158144,3.183985945359633,4.625756959072541,0,169.29525756835938,83.45166004896164,102.86625510988365
Swat,1,-5.00970121030534,-12.038876556045553,-7.1798333881738765,-6.322020701851368,0,73.58397722244263,42.73939672112465,72.1689655625685
Swat,1,-10.105763707475662,-15.99117273255944,-5.025710841730659,-3.923213620664917,0,234.8004379272461,117.57771071791649,99.69808605183806
Swat,1,-6.409397031594036,-12.721691224161273,-1.7660887074403853,-1.6393565020621157,0,191.8244390487671,89.59015377759934,114.11330482248808
Swat,1,-8.303606778957871,-15.72836144758838,-0.4713842443907214,-0.6929205286968312,0,83.8729395866394,40.45590459704399,107.31940225300953
Swat,1,-13.94586470294325,-18.958068669489165,-0.0267832812789698,-2.0752037562625887,0,191.8244390487671,89.59015377759934,114.11330482248808
Swat,1,-10.00941140042447,-18.259722737968836,-0.3958506187597077,2.479066334506129,0,177.75537109375,94.7534443795681,87.59779368197808
Swat,1,-14.698874031331712,-20.05566482085659,-0.698402787618221,0.4895170419051453,0,146.07786750793457,107.79648367166519,35.51264617579713
Swat,1,-11.442435798216836,-17.826414783007326,-2.388470598826622,-1.8553076455690447,0,51.20594930648804,41.51980967521668,23.328959614795757
Tando Allahyar,1,-19.081864932870523,-26.28507143996916,3.143439013546031,1.8837775144001832,0,121.7185411453247,54.72501512626186,122.41846962398274
Tando Allahyar,1,-6.85021734903377,-14.266688912760277,-2.7335966832219114,-6.307340392095309,0,126.59309756755829,49.245620468072595,157.06468182207672
Tando Allahyar,1,-8.84460821530364,-14.65088686620767,-2.2449899816620373,-3.554922620914006,0,117.95183229446411,45.643803577777,158.41806126755915
Tando Allahyar,1,-19.703055317662315,-26.43129173278291,6.352412141738871,3.961635964512983,0,127.72855186462402,56.651336448593064,125.46432241810979
Tando Allahyar,1,-7.377166395961314,-14.512098166929729,-1.3797646785305506,-2.2307678449676835,0,124.25508975982666,55.31661033201963,124.62527803859756
Tando Allahyar,1,-8.71887146935219,-12.51196679411429,0.7562803703276524,0.8502005444927434,0,120.40393567085266,53.14829374039546,126.54336987555901
Tando Allahyar,1,-6.766943855103982,-14.18452084974924,-2.02851768026202,-3.811860633374359,0,127.67894053459167,56.67682118937373,125.27540863306224
Tando Allahyar,1,-7.5137984627339325,-14.607718220900583,1.359279558665042,1.543503688106325,0,127.72855186462402,56.651336448593064,125.46432241810979
Tando Allahyar,1,-10.674427603377422,-15.700238913346077,0.3965791761370152,-2.291337653503348,0,125.62599635124207,55.723928422806786,125.44353908082626
Tando Allahyar,1,-6.668806107122938,-15.031015819917902,-4.062214415065039,-5.230941297521989,0,126.59309756755829,49.245620468072595,157.06468182207672
Tando Allahyar,1,-7.103862226683588,-16.57494886267306,-0.5677519663667967,-1.8843447348787663,0,126.59309756755829,49.245620468072595,157.06468182207672
Tando Allahyar,1,-10.531958514950617,-14.178455499005084,1.2062028142234578,-2.8415175769183865,0,123.30996823310852,49.25948350355029,150.32736736718152
Tando Allahyar,1,-7.711915471322845,-13.255282805348417,-1.3455707708861198,-8.08831373288365,0,122.70547842979431,55.780577861890194,119.97885847222072
Tando Allahyar,1,-9.03268921775643,-13.654671834249296,-2.750790334887345,-6.602067728499087,0,128.28150510787964,59.26121008498594,116.46791370596776
Tando Allahyar,1,-7.806853723575988,-13.577619933979587,-4.644347672283094,-2.773695843306328,0,120.67697298526764,44.455202609859406,171.45748056607334
Tando Muhammad Khan,1,-11.001316813885609,-21.666493547062853,-1.6716476157195803,-2.7661722621995217,0,147.5514678955078,57.157884437800384,158.14718187492466
Tando Muhammad Khan,1,-8.557885110404463,-17.555528517036358,-2.3787405251008598,-0.876860978914138,0,141.6158766746521,58.464577146270315,142.22509353030756
Tando Muhammad Khan,1,-11.653036500412606,-19.50140626049028,-2.092366768203876,-2.338858079871152,0,133.70461463928223,57.163401047792284,133.89898464490688
Tando Muhammad Khan,1,-11.538399453363004,-18.422329973558057,0.2327366062151359,1.314624512770159,0,147.5514678955078,57.157884437800384,158.14718187492466
Tando Muhammad Khan,1,-13.65412163742884,-25.90307733891735,5.116236700971072,9.657071122946649,0,150.71651697158813,65.43950446592643,130.31426995304406
Tando Muhammad Khan,1,-7.8487677186875535,-13.918513224120046,-2.065894658074275,-1.628519919335007,0,124.24632477760315,51.908489976997956,139.35646140479145
Tando Muhammad Khan,1,-10.398842209895726,-19.251546506801837,-2.6934324480521354,-0.3107771779059796,0,141.6158766746521,58.464577146270315,142.22509353030756
Tando Muhammad Khan,1,-8.567260959368777,-20.289650180743187,-3.971621911290239,1.922699204508021,0,137.81649732589722,57.14174563179258,141.18356168877474
Tando Muhammad Khan,1,-11.475073832105169,-17.353463157581203,-0.8152490567526733,-3.597185189451441,0,149.18581247329712,61.26226902920753,143.51989379004385
Tando Muhammad Khan,1,-9.542918411894124,-18.566185790438396,-1.36538591929871,-2.1783633378882854,0,141.6158766746521,58.464577146270315,142.22509353030756
Tando Muhammad Khan,1,-10.681437156104945,-17.607695924415584,1.980148108865885,1.729155724761732,0,144.99676823616028,61.27188530017156,136.64486171074986
Tando Muhammad Khan,1,-9.983703298933362,-16.514648991218237,-0.3762140738567936,-1.343998673084549,0,141.6158766746521,58.464577146270315,142.22509353030756
Tando Muhammad Khan,1,-8.177036151246682,-20.51461402924304,-3.2842075955823606,0.5040792813676518,0,130.22358059883118,55.817933534644546,133.30061210167383
Tando Muhammad Khan,1,-8.999394710869765,-14.172115892993885,-0.1496487028376023,-0.7190830922813127,0,118.42590165138245,50.93501883326098,132.5038929288652
Tando Muhammad Khan,1,-9.126885987480994,-15.450150034819444,-1.1744748068275577,-6.26519149693193,0,111.51293992996216,49.13638576234225,126.94575150340997
Tank,1,-15.26311906429472,-18.78793508579985,-0.5064328438950803,-6.77328610116243,0,123.90127849578857,57.913907527923584,113.94045711049412
Tank,1,-17.251740507047387,-26.01167529173449,1.7827557866271988,7.599668444715256,4,149.30090522766113,51.56138172745705,189.55955062809466
Tank,1,-17.65841882390757,-20.84294891765461,7.112455052606041,6.436852265305971,0,189.01932907104492,42.65865851342678,343.09721791075833
Tank,1,-10.272059334543933,-18.093010873784262,-1.0115454946046505,-2.4935529461927537,0,120.02441596984863,31.159380900859833,285.19512422833986
Tank,1,-7.511201891936182,-13.929937861463824,-5.535580467144829,-5.223019617657219,0,158.9591474533081,34.81627734303474,356.5656054699055
Tank,1,-6.503365296991344,-14.863341479891766,0.382232674761072,-1.50798980009327,0,93.05585670471191,24.72923689633608,276.2989415920845
Tank,1,-10.346174145643406,-17.02804580983872,-4.481513072929712,-5.592439770270698,0,193.3500461578369,40.74076601266861,374.5861825418634
Tank,1,-16.77957865825554,-23.619804529804107,5.71549951461853,1.1378530641289686,0,199.471097946167,43.69543028473854,356.50333832697385
Tank,1,-10.600613940031703,-17.496381374681842,-0.2913226067529884,-6.589799534299779,0,188.82548332214355,43.60463988780975,333.03988705782706
Tank,1,-12.539680724872625,-17.11247449550882,3.887826776791723,-0.030494729817498,0,145.00629043579102,33.77610815763474,329.316159692051
Tank,1,-11.388433086373109,-18.647185326970416,-1.699943094845228,-1.806753770080704,0,204.61160278320312,49.307086542248726,314.97402732948314
Tank,1,-9.286021653594664,-14.694227579184862,1.3104208881251669,0.6126296958074651,0,145.00629043579102,33.77610815763474,329.316159692051
Tank,1,-9.204510171332595,-14.982549185937092,-0.4184810768207097,-2.3559880189105726,0,122.10896873474121,30.556868974864482,299.6121750405311
Tank,1,-8.61952246647871,-14.61963998035947,-0.907355581485584,-0.8409584997953843,0,132.41096115112305,28.39963344782591,366.241796375226
Tank,1,-13.931753646398592,-19.64286324385072,0.3234521866389048,-0.1680644535097251,0,178.0678653717041,72.785280251503,144.64818264957776
Tharparkar,1,-9.412615749155115,-16.066530281658235,-6.625744812483447,-8.630360630813716,0,155.71355298161507,79.91815076479688,94.84128635544616
Tharparkar,1,-11.990509729770936,-17.85115902162734,-3.879963579363931,-4.17613411356723,0,173.6680200099945,88.11626670854166,97.08962544274449
Tharparkar,1,-11.714562258651007,-15.444929887479422,-4.334722843083867,-4.039462404339265,0,159.76169538497925,82.39040636224672,93.9081289180119
Tharparkar,1,-8.527026601995441,-16.94631668142779,-5.659910309142221,-7.850652485434896,0,174.84317684173584,87.16369447642937,100.5917462447815
Tharparkar,1,-11.287200313391292,-20.09604480472644,-3.94839518663996,-2.6286678605876723,0,164.3447141647339,90.74411173076369,81.10785485711953
Tharparkar,1,-10.629153309781511,-16.144639718386102,-2.772267920287968,-0.2805995534387371,0,206.6458125114441,106.04617670103907,94.86399127241644
Tharparkar,1,-11.832458868798945,-17.468704967775064,-3.9425949521372026,-2.731421590081478,0,151.05199074745178,75.36761318696662,100.42029243082533
Tharparkar,1,-10.86923129568634,-18.834675300546493,-3.213838130848496,-0.5277652685087411,0,164.18181848526,76.12552142292262,115.6725043275989
Tharparkar,1,-9.114606916112509,-17.218368269216484,-10.020607146501275,-5.691000092977856,0,169.0235195159912,84.63340495461598,99.71253621029284
Tharparkar,1,-9.246931169831209,-15.563838341727124,-5.827568778793562,-9.193270869870137,0,167.89582204818726,97.8266306752339,71.62588641693074
Tharparkar,1,-9.76008710852075,-18.4821356879692,-9.07257369948806,-8.065968302771484,0,219.55224478244781,113.57514765090309,93.31011169563912
Tharparkar,1,-12.75117063954686,-17.79014038400905,-3.185831002301976,-5.958384439740222,0,172.09151363372803,98.71288576843217,74.33540950006542
Tharparkar,1,-11.76315580065207,-17.82590927989984,-5.251097698739295,-6.954171886058681,0,225.24061465263367,110.74055929556489,103.39486822661772
Tharparkar,1,-23.26941073203299,-29.81639209048287,2.689643358146657,2.409081991171604,24,128.1818037033081,68.91917208246886,85.98860060292863
Tharparkar,1,-7.749105408378549,-15.265895969373911,-7.918016571181278,-8.972297623209418,0,158.9546902179718,91.72463844651357,73.29552114905462
Thatta,1,-11.955144234824616,-22.02256516982428,0.989019065920198,-1.3758021478740687,0,80.3338553905487,39.51627237619832,103.29310068966898
Thatta,1,-15.513201443197186,-24.241350095165213,4.762490152719243,3.4491539229729966,0,65.58481955528259,28.410244557261468,130.8491904147286
Thatta,1,-22.57984128807273,-29.925091732450987,8.480417174912269,3.958728165373465,25,4.54195074737072,2.3037505239248275,97.15462677932422
Thatta,1,-13.870234282311202,-23.186496204925756,-1.9215116593072068,-4.064513569145333,4,143.24901723861694,65.23262869510799,119.59718641441113
Thatta,1,-22.09679995489131,-30.162305247310588,4.784345199801258,1.623049451197506,38,216.77572011947632,116.48364240638912,86.09970948812482
Thatta,1,-17.10318426868572,-24.30356011068068,3.615490135192335,-1.2432635581185352,2,124.5720329284668,58.34411259870976,113.51260200882997
Thatta,1,-10.790903527581412,-17.142494090021557,0.2411636140938231,-2.42455491205747,0,80.22261762619019,34.420549541059884,133.06605703808862
Thatta,1,-14.53120746403529,-23.99526683479547,4.810916579351712,4.398387177586319,0,193.09345245361328,112.2959921605885,71.95043984960805
Thatta,1,-9.530676266445973,-18.46170880956888,-2.2585007041468543,0.4105481036765894,0,85.25406408309937,42.54791847495362,100.37187984480431
Thatta,1,-17.046122989285074,-25.62430025409824,4.059984382649528,1.203710313938419,0,68.78375911712646,30.680157664697617,124.19623741462411
Thatta,1,-9.77729634241198,-20.228268480616755,-2.731359889158277,0.7076839253438862,0,121.88982677459717,52.1779123628512,133.60426137205584
Thatta,1,-9.922383134316773,-17.310082276858875,0.342117771329109,-1.037580041030612,0,105.66742932796478,45.624293551500884,131.6034312042267
Thatta,1,-15.863398156543775,-24.54756159121997,3.942062482771471,-3.275292295308386,14,230.10164165496826,137.75307703763247,67.03920275559963
Thatta,1,-9.692430426938188,-20.97139518071917,3.5441015266962435,6.023273331532874,45,110.71358013153076,60.283015937358144,83.65633903681345
Thatta,1,-17.08695631161896,-27.12770988105389,3.566581618814448,-0.0735471752336458,49,134.608238697052,72.02908415719867,86.88039737292578
Toba Tek Singh,0,-9.348255063748487,-16.276357978048953,-3.415063898000339,-2.624968633070452,0,32.29105186462402,29.20420631095767,10.5698662747364
Toba Tek Singh,0,-9.030462936754295,-18.321713226639307,-2.656576869120352,-0.6011556037752435,0,44.62345027923584,49.84595609977841,-10.477290896153137
Toba Tek Singh,0,-10.158360050396263,-18.232320903345634,2.274194561965526,1.3684144913125351,0,54.54165267944336,49.84656077772379,9.419088957121767
Toba Tek Singh,0,-10.938345217747743,-18.904392813310707,-4.382222951267266,0.248095505777826,0,33.04215717315674,35.04449548125267,-5.713702767292215
Toba Tek Singh,0,-12.089788592623872,-16.117354229712802,-1.278353415670562,-2.0785953087198124,0,30.800748348236084,33.19610967636108,-7.2157892942218265
Toba Tek Singh,0,-11.295704283207908,-17.748377154333323,-1.6791351551681792,-1.3651217935591298,0,53.75721979141235,47.78047432857566,12.508761260375842
Toba Tek Singh,0,-9.538147733185983,-17.008516665763032,-5.025167436045322,-1.6919074391679985,0,57.610031604766846,50.75030558481812,13.516620128491997
Toba Tek Singh,0,-9.517773444553653,-17.07024360081811,0.0994059310019093,1.7515200352749094,0,64.2634048461914,62.90808167606592,2.154450007082532
Toba Tek Singh,0,-11.725301666717776,-15.991324960067905,-1.1072865471950593,-2.2529330397155025,0,58.861270904541016,58.6514203405939,0.35779280830454524
Toba Tek Singh,0,-7.243120842860549,-15.957751054933023,-4.823492447552425,-3.366296614942346,0,44.62345027923584,49.84595609977841,-10.477290896153137
Toba Tek Singh,0,-10.770620025542062,-15.290407632328444,-0.9238117239221016,-3.448921258861896,0,48.64510726928711,51.93269947916269,-6.3304858843216625
Toba Tek Singh,0,-8.063819729239118,-15.112012653132592,-2.3238711550236992,-1.8809284223919656,0,51.39765644073486,50.897874765470625,0.9819303410351669
Toba Tek Singh,0,-9.72215835788818,-15.403668154493218,-3.409313997538799,-3.849661420170023,0,46.710259437561035,43.79422786235809,6.65848381747432
Toba Tek Singh,0,-17.003085186133553,-24.643923482294085,-4.119806280114219,-1.9338626094905715,6,38.8561315536499,34.88272875921102,11.390745322324243
Toba Tek Singh,0,-13.41826250729122,-17.48898854665231,-4.340969760322839,-7.267419536095538,0,55.47476100921631,50.9655526265502,8.847561049140992
Umerkot,1,-11.63113160377993,-18.222619161091565,-2.056304333771367,-1.755513497185664,0,179.83134841918945,67.23163280561566,167.48026325513942
Umerkot,1,-12.185915258707931,-18.547820618059355,-4.162194508634011,-5.059656911003028,0,221.09806263446808,81.44911229759455,171.45546022236732
Umerkot,1,-17.239916182251644,-28.603698111755453,4.991348979768555,7.882876381809936,2,132.91794741153717,63.67343226214871,108.74946220003213
Umerkot,1,-19.178110470813767,-28.487909648192765,5.7747453270531,7.018124044991353,1,149.79498529434204,59.49676520805806,151.76996559479215
Umerkot,1,-10.47650044267505,-18.578964517386424,-8.302163882302906,-8.469158623438481,0,204.7549409866333,96.92161622047425,111.25828166222816
Umerkot,1,-19.688733857177844,-28.831199687507013,10.53458000558321,6.4087271410485975,1,151.39030003547668,58.293628403916955,159.7029970179455
Umerkot,1,-7.134182107793227,-14.049404935092705,-2.1626078498307804,-2.8433752236494723,0,142.50674605369568,60.57178987078369,135.2691679702743
Umerkot,1,-12.738314469940663,-17.51971077912075,-4.367618722434555,-4.9807416590426,0,190.44245076179504,68.84378745406866,176.6298279112764
Umerkot,1,-9.975525569884434,-17.049245410758086,-6.384824784078395,-7.931411030449869,0,209.01002407073975,97.7976526297629,113.71681062939074
Umerkot,1,-12.13439563415532,-17.685453799228366,-1.8389062160931784,-3.081889540113611,0,221.09806263446808,81.44911229759455,171.45546022236732
Umerkot,1,-11.643279632563988,-18.987372349107545,-5.300234817264414,-3.959073611645355,0,218.46100425720215,82.5566390760243,164.61954689801146
Umerkot,1,-14.535671566978785,-16.8982686043156,0.7649586853034158,-3.263270237364079,0,221.09806263446808,81.44911229759455,171.45546022236732
Umerkot,1,-12.319635816607184,-16.06588905289201,-0.1639398190173349,-4.797589096088505,0,219.29080510139465,79.00684767961502,177.5592389037628
Umerkot,1,-11.705819911177402,-16.343970413433663,-3.695872388111887,-8.389982131964963,0,217.35571384429932,77.68035627603531,179.80782306395577
Umerkot,1,-8.46266893963511,-12.725362911672669,-1.1198319674500183,-9.071167298138798,0,162.61338686943054,60.46422998048365,168.94146658597668
Upper Dir,1,-5.245170741119434,-12.965961070776231,1.3177068464043034,1.2228685612849954,0,120.61226081848145,67.53253518044949,78.59874576928132
Upper Dir,1,-7.957954133974468,-13.29962234010515,-1.307586641338775,-1.957370109483376,0,193.4825210571289,81.38115957379341,137.74854286966277
Upper Dir,1,-10.320529049585415,-16.255007759670534,-0.9810009576309467,-0.4451793731295943,0,116.11212873458862,47.21728190481663,145.91023466504123
Upper Dir,1,-3.858154204482495,-14.373343489919634,-2.434980704179416,-0.6523646641639793,0,111.35328674316406,57.81815195381641,92.59226208425008
Upper Dir,1,-7.478317225732287,-16.584425108415207,-0.2433943778074621,2.2318962714724293,0,235.93891716003418,93.58094224929809,152.1228270297779
Upper Dir,1,-12.157689974034795,-17.764859928951672,-2.295979545999833,-4.57683648978098,0,121.35142087936401,77.38457940220833,56.81602435110088
Upper Dir,1,-6.460879994469815,-13.906190587338854,-2.1822642126002947,-0.8077535798767901,0,250.4761552810669,80.44888277053833,211.34820852079662
Upper Dir,1,-12.229882092998476,-16.655225641593063,0.0762852691242965,-2.6060929131925192,0,304.8911323547363,132.26478476524352,130.5157286543708
Upper Dir,1,-6.60362148176859,-12.152421762693884,-1.7482399823041703,-0.3243294403570367,0,111.35328674316406,57.81815195381641,92.59226208425008
Upper Dir,1,-9.028290485646629,-18.06979196778596,-0.4091381700105003,-0.9832035875450628,0,193.4825210571289,81.38115957379341,137.74854286966277
Upper Dir,1,-7.991064915714127,-19.258829765691036,-4.896730047834789,1.9600094189790875,0,161.58390617370605,71.03593679070472,127.4678331473061
Upper Dir,1,-8.23887206518324,-16.17234058599954,3.980173128824899,1.4692996934540383,0,193.4825210571289,81.38115957379341,137.74854286966277
Upper Dir,1,-7.384283710339091,-16.235487081868122,-4.4193533975628085,-0.441998157916462,0,101.8995680809021,46.01562272012234,121.44559186057057
Upper Dir,1,-6.502325623371279,-13.592685835412468,-5.993074717213419,-3.4875100236911685,0,253.20678615570068,88.64774649143219,185.63251315155892
Upper Dir,1,-12.789807611870405,-18.63674337591352,-1.054512724353561,-2.302555177524482,0,92.30373668670654,47.816957449913026,93.03557066212801
Vihari,0,-6.485242085629155,-15.781683766576922,-2.3400142019537693,-1.3217937334511909,0,15.901968002319336,26.987493076920508,-41.07652771972891
Vihari,0,-6.986592186122879,-15.44578623132361,-5.023052344297712,-4.153020866417059,0,11.115177631378174,24.309018809348345,-54.27549865935482
Vihari,0,-9.094305312334336,-18.75456760175876,-3.055183642456745,3.0295131419670795,0,23.81477975845337,34.56282073073089,-31.09711749516179
Vihari,0,-9.98820484703018,-18.060938857862464,-2.6531128655928686,-1.6495345728211497,0,20.60625696182251,27.18240593224764,-24.192667075961683
Vihari,0,-8.977078203024657,-20.75548768155984,4.011475641198354,4.135280649034517,0,31.428061485290527,31.751837369054556,-1.0197075526708939
Vihari,0,-7.642268945697124,-17.741657720766057,-4.666492610905818,0.1901478826885636,0,18.808684825897217,35.279748087376355,-46.687020612181584
Vihari,0,-5.777371697523579,-16.703907487113923,-8.140099942388744,-3.4560709218425103,0,16.221582889556885,26.601133055239917,-39.01920322013674
Vihari,0,-11.10008063356566,-17.500656416445143,-3.3328698982131524,-7.315973991673847,0,15.841407775878906,23.884976630378514,-33.67626847191158
Vihari,0,-10.05990065101836,-16.591541135659213,2.316025290005072,-0.7533928190430359,0,14.81190538406372,29.965853621065616,-50.570721023441365
Vihari,0,-8.252723779304672,-14.508179469076792,-6.535872706295459,-6.908992749664728,0,11.115177631378174,24.309018809348345,-54.27549865935482
Vihari,0,-7.735764387678142,-16.111166845580584,-4.241044483721126,-2.4688712762828047,0,19.3823903799057,22.028975607827306,-12.014109394089228
Vihari,0,-9.062635509686702,-19.061958568962933,-4.92976342445705,-1.7126600495114097,0,13.114537239074707,23.91029489710927,-45.15108535670867
Vihari,0,-10.343063899941887,-16.502630110930326,-2.3402962457449394,-0.613091851113559,0,26.663708209991455,29.544587875902653,-9.7509556674538
Vihari,0,-8.30271848838445,-15.81588432352477,-4.311817879474543,-3.635280757169653,0,20.60625696182251,27.18240593224764,-24.192667075961683
Vihari,0,-7.281059868144037,-14.912194429980516,0.9228442964526558,-3.693884139899957,0,14.966667652130127,34.54096983075142,-56.66981058879974
Zhob,1,-8.697556259121104,-17.452547207977126,-1.445512352048297,-0.1220026631924895,0,48.08915710449219,18.80708317235112,155.69705128538783
Zhob,1,-12.355871265960175,-22.62698761445868,-1.314885732390346,0.0260896904901422,0,45.05177354812622,16.95794522985816,165.6676439124402
Zhob,1,-8.756097881504083,-18.37146696826789,-1.8803939948909765,0.2656800706694469,0,46.40917444229126,14.859810614585877,212.31336418741176
Zhob,1,-9.323067536049066,-18.42838028279623,-0.9891405689141256,-1.1065766792090803,0,47.03597021102905,19.662696685083212,139.21423884198006
Zhob,1,-16.032251765744142,-25.95609665553595,-1.5688938147480656,-0.6621344689061353,0,16.347726821899414,3.677785830551875,344.49915180205954
Zhob,1,-10.023913423377277,-18.080940265231483,-0.4583581742560341,-1.162514148833946,0,34.58736801147461,15.673131747543811,120.67936752267082
Zhob,1,-10.311823277392712,-19.46589891413308,-1.0986158089103064,0.0586546419923514,0,4.48054838180542,4.979383323527872,-10.01800643395797
Zhob,1,-9.67144932383022,-18.08707121938611,3.3388264419639446,0.4576214752165057,0,4.046631336212158,3.0901161551550103,30.95402027077413
Zhob,1,-5.768403647474288,-12.687032464508867,0.3597424259144652,-0.3075570332728414,0,58.781168937683105,17.180521446466447,242.13844510390433
Zhob,1,-16.66828570481763,-25.559013419577777,1.8056610920864744,0.3434688379862471,0,45.05177354812622,16.95794522985816,165.6676439124402
Zhob,1,-9.0246926255612,-15.27782068305302,0.8454723059027707,-2.0506065574701573,0,63.783212661743164,16.31390774026513,290.9744598120829
Zhob,1,-13.937607595498465,-22.61702466177689,0.3782549942930853,1.5477751133269884,0,42.79678440093994,17.090883902460337,150.40708628755638
Zhob,1,0.5274306304486096,-14.537875809942811,-1.704940896815349,2.296635895123188,0,51.855854988098145,18.070098499953748,186.9705164486562
Zhob,1,-15.69742958971086,-25.677139681644466,-0.7521940378687155,-0.5449522945865297,0,2.7429834604263306,0.8790169166895794,212.05127095352614
Zhob,1,-11.188572978476364,-18.22833269501832,-0.1635895319094835,1.61808994604392,0,60.892459869384766,23.241691843420266,161.9966751113407
Ziarat,1,-6.113381308924188,-14.518083584188172,-4.612416642421925,-1.5831639689612444,0,44.123955726623535,11.953011548626819,269.14509408043335
Ziarat,1,-9.236674261136429,-16.77079005849391,1.25114391250262,0.9037956260024648,0,47.344558238983154,14.167612473810369,234.1745712377597
Ziarat,1,-11.108382239983705,-16.526016719074327,1.64865900973634,1.9225896005927616,0,56.08711814880371,16.14759725290933,247.340333489544
Ziarat,1,-10.525313911891248,-18.729612932029557,-0.4008337596575639,1.860068709708848,0,50.66847848892212,16.561820429126964,205.9354417332796
Ziarat,1,-10.143520720810043,-16.666159906013622,1.094729535128769,1.135048523953568,0,47.07861518859863,18.72917572632432,151.3651207961516
Ziarat,1,-9.793889110195892,-15.268763639703684,-1.886248020705775,-1.5203204221989637,0,41.78749656677246,6.157790712383758,578.6118352924015
Ziarat,1,-3.187218055056543,-9.589551815130022,-1.823197866624452,-0.4861942159824579,0,47.6469931602478,16.518089387293365,188.45341639148972
Ziarat,1,-2.2025454085225977,-14.415105012408231,-7.097967992403383,-0.4770989913467165,0,33.210283517837524,6.642336894459731,399.978908711145
Ziarat,1,-10.756882094661488,-17.545898885423487,5.036309037442768,1.9650597829165868,0,33.85294437408447,4.569997358458932,640.7650753106818
Ziarat,1,-7.637377571374531,-16.259262099187353,1.2133038877027769,3.3114767538791767,0,47.344558238983154,14.167612473810369,234.1745712377597
Ziarat,1,-9.266961804175995,-16.9870072168651,-0.1737666695366488,0.1247781925154463,0,33.08216428756714,10.246745811268557,222.8553230156837
Ziarat,1,-10.357999154346889,-19.49430681472857,-1.1712852199171522,0.9118685886693676,0,49.26151371002197,14.998990872261128,228.43218673547798
Ziarat,1,-6.663217409189941,-14.406252387737515,-3.07771058263542,-1.5483816492868012,0,33.006484270095825,4.224864843480463,681.2435543595976
Ziarat,1,-1.4070343796626728,-6.838291761039892,4.16068466433507,1.831848329450696,0,57.7265625,18.884516499005258,205.68197233453526
Ziarat,1,1.278642458286413,-6.572223187798346,-2.3139964595840623,0.4382918516851601,0,47.07861518859863,18.72917572632432,151.3651207961516
