district,flooded,VV_during,VH_during,VV_change,VH_change,jrc_occurrence,year
Abbottabad,0,-9.675972601767143,-13.520402690636903,0.4142419482992228,-2.960622052955774,0,2024
Abbottabad,0,-9.460099754674445,-15.601644025476224,4.455394779324979,-1.1311558674613043,0,2024
Abbottabad,0,-7.932009336153532,-13.141480535272049,3.6691560999740958,3.2066237064272123,0,2024
Abbottabad,0,-8.361532646232188,-15.461606347312687,-4.802263326876261,-3.5645882683999783,0,2024
Abbottabad,0,-10.353066899777353,-16.60618778043787,1.3438123582170984,0.4809093773325621,0,2024
Abbottabad,0,-8.577607292573948,-15.623509601604049,0.9772758674607527,-1.6562375507287612,0,2024
Abbottabad,0,-5.911778358451315,-13.71038189535613,-1.4741650914158013,-0.6912690603632949,0,2024
Abbottabad,0,-7.276758426413627,-15.798678126369754,-1.367253013998349,1.575189036522298,0,2024
Abbottabad,0,-10.261782307717155,-13.678077344246894,-4.367588442472769,-6.158282537053694,0,2024
Abbottabad,0,-11.214125069047443,-16.775565974156986,2.5665196323698627,2.159476806750469,0,2024
Abbottabad,0,-8.936972790931815,-14.749304368025207,0.30246229566694716,-0.7615152129535616,0,2024
Abbottabad,0,-8.676779261667352,-13.11028517665274,2.353712149353094,2.3688777335014706,0,2024
Abbottabad,0,-10.94576853387775,-16.46508065859424,-0.35688489675983703,1.1240059730975478,0,2024
Abbottabad,0,-10.316910370525296,-16.294672083282205,-7.425327123659233,-4.045130948323656,0,2024
Abbottabad,0,-16.025004665310252,-22.622413024700236,-0.9958429663966726,-2.128212822920048,0,2024
Astore,0,-3.540986344298571,-13.539003687254805,-3.943099245286125,-3.068499869866315,0,2024
Astore,0,-16.02824422721216,-20.49939740381837,2.3957620832700446,-0.5731933772433706,0,2024
Astore,0,0.7155794152403321,-5.5716351855749355,-0.17287816095282138,-3.652256651914575,0,2024
Astore,0,-11.345117668071293,-20.23424315184597,-4.86273968015967,0.9959045748388711,0,2024
Astore,0,-10.114465813719155,-19.857007022696493,1.7195448435530114,4.642817517258182,0,2024
Astore,0,-11.715694923595105,-17.23048839771472,-1.8835604074436052,1.4212651303126993,0,2024
Astore,0,-2.4923983516448365,-13.240923369760427,-4.477632774768293,-4.604469930667953,0,2024
Astore,0,-12.254325604364952,-20.479172934856816,-2.4922402156645393,0.3255584852838602,0,2024
Astore,0,0.6193270307543431,-8.209402796686003,-1.1728692347922882,-5.713511033816376,0,2024
Astore,0,-17.20635839876153,-21.320625923093584,-2.4240051955661954,0.010369339871157734,0,2024
Astore,0,-9.595199616177975,-16.345286878337593,-2.6194060082646633,0.8110546959385623,0,2024
Astore,0,-12.536896832680844,-16.20365943325412,-2.734028945303315,-1.6584126976084548,0,2024
Astore,0,-13.905134514719453,-21.393598477427396,-5.800216774941713,-2.8494852120761642,0,2024
Astore,0,-5.007749536715718,-15.504315544738159,-3.1377074257719215,1.8061740210665995,0,2024
Astore,0,-13.398421894623754,-19.700436353797393,14.098683180017835,6.658386415665474,0,2024
Attock,0,-9.694402456801376,-18.46780272823743,0.48005887864767693,-1.7302715408784124,0,2024
Attock,0,-10.503652933296541,-16.447796961414817,-2.5496414078173597,-3.629465887693442,0,2024
Attock,0,-10.296024642086566,-16.52731510581134,-2.7181597601757357,-4.841045425714043,0,2024
Attock,0,-11.273114243173364,-18.635639589999307,2.054449817351287,0.28576323900974643,0,2024
Attock,0,-8.726497208844114,-15.646287616455552,-1.701265126844076,-0.734719699579351,0,2024
Attock,0,-8.972217946923143,-16.913509444714656,-5.299789970969952,-2.588833335013568,0,2024
Attock,0,-10.044550654864349,-19.3304065141806,-3.2222257697896666,0.16563650348718184,0,2024
Attock,0,-9.688764391693562,-15.030423712067815,-2.6080892513823635,-2.5657600521875956,0,2024
Attock,0,-11.112914394326339,-20.760668382415396,-0.7058825777870883,-0.5003990887597425,0,2024
Attock,0,-12.593602151533776,-19.04129326784681,-0.5531684837534101,-0.25918384959060603,0,2024
Attock,0,-11.716741196185676,-19.50994042530097,-2.3131808292469973,2.0233345318218916,0,2024
Attock,0,-9.1886837245168,-16.217019514813565,-2.0162044524489886,0.7696152964877037,0,2024
Attock,0,-12.385236873036735,-18.85788509361214,-1.0499180872966036,-2.1170239408139864,0,2024
Attock,0,-12.175365694416353,-19.127412316688456,-0.8115511020571518,-0.13529714877124022,0,2024
Attock,0,-10.820374547114971,-19.874023697959217,-2.3869150025154866,2.1699001668266007,0,2024
Azad Kashmir,0,-8.899111587166477,-13.514487428081248,-0.28549400338513564,-1.427927819388449,0,2024
Azad Kashmir,0,-10.261956892630113,-15.014038691431168,-4.3051690928724575,-2.7563507158256186,0,2024
Azad Kashmir,0,-9.95876805704716,-14.76515486254546,-1.709207129425165,-1.6208029615595034,0,2024
Azad Kashmir,0,-9.07527924905375,-15.582665601368625,0.39075293691344726,1.6403785903741248,0,2024
Azad Kashmir,0,-7.864393413436008,-16.683160585036365,9.13999310540752,6.613338877503839,0,2024
Azad Kashmir,0,-4.516466875219846,-12.747748693644738,5.225584091194866,1.5803248733413504,0,2024
Azad Kashmir,0,-10.962439940698324,-16.207710050797502,0.632359253008719,1.0118897227334678,0,2024
Azad Kashmir,0,-10.410151984808845,-14.625124518497216,-1.0532634566096153,-0.19591650690755458,0,2024
Azad Kashmir,0,-4.744320460086342,-12.576018568082583,10.585281968852525,4.579264358815365,0,2024
Azad Kashmir,0,-10.71411328732633,-15.509058720038514,-1.7415119792875675,-2.8412527240965595,0,2024
Azad Kashmir,0,-10.38514041077314,-17.463305788824073,-4.395428328370945,-2.818813092149874,0,2024
Azad Kashmir,0,-10.643760080799861,-15.517375662703031,-5.352562483882238,-4.878288346880435,0,2024
Azad Kashmir,0,-9.003589980281363,-21.37057609432155,4.75433642348063,3.836192528299506,0,2024
Azad Kashmir,0,-7.756818539103945,-15.854530771795215,-2.128018612534172,0.7143551576627303,0,2024
Azad Kashmir,0,-9.225940462650296,-14.911757404124707,1.1247161182520173,0.873554485613095,12,2024
Bahawalnagar,0,-11.450416109612853,-19.39821534123267,-5.341099434801436,-6.034196845609536,0,2024
Bahawalnagar,0,-9.139704288780251,-19.386985660505015,-6.311433009881249,-1.3213694589187917,0,2024
Bahawalnagar,0,-13.638549613395462,-19.68390315546945,-4.161411082858269,-8.890065705320854,0,2024
Bahawalnagar,0,-12.472888351100057,-21.748080124863883,-3.8113168263292536,-2.6540229752507436,0,2024
Bahawalnagar,0,-8.62601385028291,-16.72184718990689,-4.1434624116345695,-1.5430114188840314,0,2024
Bahawalnagar,0,-13.419172334374412,-19.4332528528516,-3.7822188100036556,-7.203660318651423,0,2024
Bahawalnagar,0,-8.17729521903647,-14.330674011910729,-5.227080650296834,-2.321476732331659,0,2024
Bahawalnagar,0,-10.436967817524415,-18.173943626433218,3.2070245676842646,-2.2222714213071235,0,2024
Bahawalnagar,0,-9.120677866246574,-18.675037487838303,-1.9817919896725655,-3.2492184976358622,0,2024
Bahawalnagar,0,-9.61086596493811,-21.62796212788374,-3.1279950084324835,2.6605655025818713,0,2024
Bahawalnagar,0,-10.032255184409005,-18.69355734764648,-3.770321134034827,-0.891669465026343,0,2024
Bahawalnagar,0,-10.394917203154426,-18.900149528777597,-3.780891482230235,0.8669808643703334,0,2024
Bahawalnagar,0,-7.331413931721224,-14.827313874602147,-7.426915625861337,-4.100402635860583,0,2024
Bahawalnagar,0,-10.84019731089285,-20.602329705669007,-4.08357578383287,-0.9655035569566977,0,2024
Bahawalnagar,0,-15.527693237341955,-20.72789622367916,-4.3799027532520665,-8.454971198266243,0,2024
Bahawalpur,0,-17.72946878371521,-23.97133953202244,5.944128994046078,2.165089880551939,0,2024
Bahawalpur,0,-6.391027874931485,-18.394880483137644,-4.19672729332839,-1.833025545028324,0,2024
Bahawalpur,0,-13.327383870252111,-21.23435276092413,-2.9961756484333915,-4.32539063647091,0,2024
Bahawalpur,0,-11.256990074727899,-17.03272861721794,-2.5057509903502844,-4.990928372694391,0,2024
Bahawalpur,0,-13.337657032127744,-20.134514174741156,-4.073298140446219,-1.880005066706289,0,2024
Bahawalpur,0,-13.822452788250356,-20.399845515179933,-2.1454928830710323,-3.0035670951800917,0,2024
Bahawalpur,0,-11.639719115459428,-18.446308614562433,-2.987144028774509,-2.0321236779292953,0,2024
Bahawalpur,0,-13.548355380907248,-19.941560327497655,-0.9907531771900668,-6.918122728264258,0,2024
Bahawalpur,0,-12.081280568312694,-18.94318921798091,-5.492819509331968,-5.264205910087057,0,2024
Bahawalpur,0,-16.53401437818753,-22.390686851764848,-2.297997600423777,-2.9932250808625582,0,2024
Bahawalpur,0,-11.114204279445637,-22.241187000746102,-3.6909393945396936,-7.216447810338792,0,2024
Bahawalpur,0,-7.383202876539346,-15.217909935909137,-3.065808123884719,-2.165342166653712,0,2024
Bahawalpur,0,-15.110786694156594,-23.079176053256905,-2.271555787671115,-0.30540670369702383,0,2024
Bahawalpur,0,-14.303066948652745,-19.092820980229085,-1.113105843529178,-5.360614235261892,0,2024
Bahawalpur,0,-13.359245137934032,-20.315899056376118,-4.679801743849875,-13.153883044795926,0,2024
Bajaur,0,-8.365964246571767,-16.572551534683353,-4.179020427099278,-0.3330324114683272,0,2024
Bajaur,0,-10.964723500874634,-18.02500692028787,-1.1842002393655946,0.9814200780880675,0,2024
Bajaur,0,-9.197746068579846,-18.720755212123812,-0.7259822279443959,2.624691747868244,0,2024
Bajaur,0,-8.862348820875637,-16.658791513503225,-0.7001977964417403,-1.2238139868304998,0,2024
Bajaur,0,-8.949085634758505,-16.603855655077737,0.904527936270318,0.4662643906272237,0,2024
Bajaur,0,-7.561664342784942,-13.751369886927057,-2.2040705250076105,-1.6818053469173648,0,2024
Bajaur,0,-9.528377238988124,-16.72212991637221,0.6660999586029313,-0.8909082079974162,0,2024
Bajaur,0,-9.623552754784932,-16.068750782209552,-0.9210831432784659,2.368383919183451,0,2024
Bajaur,0,-10.959904659181788,-17.834110190210367,1.5708881256894056,-0.3171709469468027,0,2024
Bajaur,0,-10.204463025453114,-18.54692170096284,1.3683224983136562,-0.0921789985612449,0,2024
Bajaur,0,-8.148193631714827,-15.063092059010243,-4.151009347295149,-1.5828242605261966,0,2024
Bajaur,0,-10.897776822785115,-17.743684233205165,0.5760925735057576,-0.03562375642448501,0,2024
Bajaur,0,-9.2290764839169,-14.755949297525088,-0.5509203373685398,-0.9940446275906751,0,2024
Bajaur,0,-7.448516166429927,-16.19043222839147,2.2223740256596454,0.13714829139319562,0,2024
Bajaur,0,-9.505086262301276,-15.447582170824376,-3.3636978752115922,-2.0437892199048235,0,2024
Bannu,0,-8.618926577492411,-15.732397166895993,-4.083651940959983,-1.1138488923053487,0,2024
Bannu,0,-12.408426173897253,-18.87294180840184,0.8624970169048876,-0.12994768308474747,0,2024
Bannu,0,-11.128235298401425,-15.128205455765043,2.425494337127766,-0.24381807540672007,0,2024
Bannu,0,-10.756776942058647,-20.548808053504217,-3.1041629498748105,2.2228442323876187,0,2024
Bannu,0,-11.71695750541894,-19.416130911564903,-1.85626725171565,0.9859800048836078,0,2024
Bannu,0,-13.320626984253684,-20.039353411684402,-2.7962799176478317,-4.992922205915086,0,2024
Bannu,0,-11.242793285059378,-17.38607591031802,-0.286409182628363,0.9402215702952219,0,2024
Bannu,0,-11.253671534633991,-17.03324024393813,-2.3602606595647497,-0.9091206314182401,0,2024
Bannu,0,-10.3999624712293,-17.022371205809158,-2.241854793050342,-0.8412905021303061,0,2024
Bannu,0,-12.283507444012368,-21.588312533528477,-2.398853773048142,2.932688814077114,0,2024
Bannu,0,-10.305868390665303,-14.50389370141568,0.6799967090075167,-1.023111598180769,0,2024
Bannu,0,-9.333781188914248,-16.381811739708855,-3.667699577689662,0.4564882401223098,0,2024
Bannu,0,-8.231484714948577,-14.921487851505244,0.23978201500754448,-1.0232002170851793,0,2024
Bannu,0,-12.078602270888362,-18.053185581231673,-0.33717199454401303,-2.040434961848952,0,2024
Bannu,0,-22.170060479927415,-32.245320446120814,6.939502822428235,13.177050067500417,0,2024
Barkhan,0,-11.462750020211152,-19.3563921101522,1.6021885494903376,0.4586752347043799,0,2024
Barkhan,0,-8.148104291282628,-16.216631521201272,-2.7772307634843045,-3.337016496373149,0,2024
Barkhan,0,-13.021334060955795,-17.411949319615495,-2.583462207049326,-6.912044863084731,0,2024
Barkhan,0,-14.735044817576535,-20.191747844296415,-0.5863775395107282,-4.120468211946957,0,2024
Barkhan,0,-9.457303828542184,-16.856881790945014,-1.1670454347447254,-1.0888413933726682,0,2024
Barkhan,0,-8.467622882329168,-14.901636272601426,0.4783674313169133,-0.22820633978452243,0,2024
Barkhan,0,-12.699104883379476,-20.172792214806577,0.7493672468133141,1.5824027050967189,0,2024
Barkhan,0,-8.656615527239719,-17.169422884770107,-0.7102030832251245,1.3653177034327086,0,2024
Barkhan,0,-12.475300894192682,-19.76347024951513,-3.576777494326379,-7.636490089856892,0,2024
Barkhan,0,-7.762407233569996,-14.47075726594672,-1.9424044681881716,-5.142392050078321,0,2024
Barkhan,0,-10.574618227377282,-17.355454818251044,-0.29186251776747874,0.2298108828737746,0,2024
Barkhan,0,-16.217120108275264,-22.8857798993066,-0.39468639763776636,-5.309539304192018,0,2024
Barkhan,0,-6.992930019388698,-13.764461897854922,0.44146031404412334,0.11315208119876274,0,2024
Barkhan,0,-14.327217525087677,-22.548604977815586,-2.3051765395485813,-5.011513408247769,0,2024
Barkhan,0,-14.240020919087296,-19.083215285163313,-0.12688091144332425,-1.447330900898507,0,2024
Battagram,0,-9.540935557948384,-14.60792594049181,7.1160017182053625,5.4299936452836235,0,2024
Battagram,0,-10.734985274528224,-19.979002564979183,-1.2644266115672167,3.53862117379974,0,2024
Battagram,0,-7.1341300048958445,-14.704494268107407,-0.13776814547015626,-3.0717016130587034,0,2024
Battagram,0,-8.701401707092838,-15.773872564137786,0.757117997677935,-0.5602748782560205,0,2024
Battagram,0,-12.158610164527069,-16.466854754571482,-0.1273232708750811,-0.7536452323203839,0,2024
Battagram,0,-5.859716523380069,-12.316613452220524,3.8026178508701087,0.39774778160050595,0,2024
Battagram,0,-3.1290480949404653,-11.340869189117292,3.350201228748851,0.1687987815855223,0,2024
Battagram,0,-9.658166036256286,-16.63207263259228,-5.764901872716063,-5.332396818857038,0,2024
Battagram,0,-7.8704485169947045,-13.59483917083277,0.9407636123381504,-3.065282254893418,0,2024
Battagram,0,-6.120351278461086,-13.088811634570684,4.541906705877524,0.25776484400773825,0,2024
Battagram,0,-14.931184126166933,-18.78485975764205,-1.960316885405895,-6.1166867798087345,0,2024
Battagram,0,-6.218935993888677,-14.89910306452066,0.22457285626554313,2.495408393403462,0,2024
Battagram,0,-9.679503872187993,-15.824789014004619,1.6853523187632469,-0.7577446160704255,0,2024
Battagram,0,-12.265620156663386,-19.823285205185794,-1.8793135986125247,1.4251990071887128,0,2024
Battagram,0,-7.264621714328158,-13.817525900622037,-0.9645369297536766,-0.5746043268650212,0,2024
Bhakkar,0,-10.61000190949817,-15.913329871207724,0.9146328662435135,-5.215091258606629,0,2024
Bhakkar,0,-12.763863547922679,-22.009803690980327,-1.6686242085205691,2.934452033758326,0,2024
Bhakkar,0,-19.975911137872124,-30.16571804681528,4.344520671596879,1.2586409603859074,0,2024
Bhakkar,0,-18.24796106274173,-25.30417541397518,5.602018424636626,4.1628900615866335,0,2024
Bhakkar,0,-9.14466841955414,-22.15615294675038,-1.5971509618407538,5.393396169164305,0,2024
Bhakkar,0,-9.497142936809166,-16.768619303658113,-3.058118921728994,-1.7322340579736917,0,2024
Bhakkar,0,-16.253153540555182,-28.104847975630772,-3.166441128280489,-0.2579133043719146,0,2024
Bhakkar,0,-7.460674498908465,-13.861435138723202,-1.0243243430913056,-1.5379257068774983,0,2024
Bhakkar,0,-12.88866505860131,-19.255812910581312,0.20203485124441833,1.4685635680282019,0,2024
Bhakkar,0,-13.186071449792703,-23.663096773338765,-2.8669622423521766,3.5449958813305784,0,2024
Bhakkar,0,-8.489313949339818,-14.515729343843452,-0.08576825327508786,-0.4573011031593648,0,2024
Bhakkar,0,-13.108230882768265,-24.169672415569234,0.43161407214871517,5.045840665250044,0,2024
Bhakkar,0,-12.326399211820064,-20.57267544829807,-2.8167931166888938,-3.1313938104410752,0,2024
Bhakkar,0,-8.886122837125082,-15.329208095366877,-2.5357772399353244,-2.2941002830443473,0,2024
Bhakkar,0,-9.7417726984345,-15.23086849147079,-1.9648042318906072,-1.839349505130894,0,2024
Buner,0,-8.22640415097647,-14.874797636591634,-1.4950381677210647,-0.5722358217989445,0,2024
Buner,0,-7.282067143950135,-14.632626487990343,-2.8533780436880942,-1.249729070559507,0,2024
Buner,0,-10.527636338463187,-16.01194825722571,-0.8787772404728624,-0.3804295132010971,0,2024
Buner,0,-11.402529441355744,-16.73633085746602,-1.8602153546858151,-3.4838452752446436,0,2024
Buner,0,-10.438643070642453,-13.722651901460276,4.455918487836881,-1.7043558866650788,0,2024
Buner,0,-9.760748009072838,-16.090656930810333,-0.4020037839549495,0.7937396406954011,0,2024
Buner,0,-7.941204829932799,-15.753499970200743,-1.782999937982634,-3.997665763268845,0,2024
Buner,0,-9.16086054557942,-14.704524406124454,-0.8583661886106686,-1.5089634288289755,0,2024
Buner,0,-9.653002633725034,-14.566727553195792,3.1004933361576645,1.5128627101319179,0,2024
Buner,0,-8.1879312078695,-15.04228777297038,-2.9554266412749435,0.24412206176826956,0,2024
Buner,0,-8.60579505712445,-16.41153454691698,-2.895528714269851,-0.6172413238558541,0,2024
Buner,0,-8.050211641001807,-15.521558716679639,-3.258630754736698,-1.3004430748793219,0,2024
Buner,0,-8.668404455724128,-16.13242479414472,-0.36085297617065315,0.9752675538187638,0,2024
Buner,0,-11.37669870446646,-16.44324746580027,1.2228113000618617,-0.30170272839742296,0,2024
Buner,0,-4.551004423993276,-12.605774412926259,-2.11748636956702,-0.6576365292987152,0,2024
Chakwal,0,-11.288927021214349,-16.993785057633914,-1.0826201316657666,-1.2405062773621047,0,2024
Chakwal,0,-8.844484229735466,-18.0606336138415,-0.8096801968217804,0.09871428424748885,0,2024
Chakwal,0,-2.7031761745322913,-9.352119735425415,-0.9282566485250081,1.3703818685910276,0,2024
Chakwal,0,-8.641891740108537,-15.607209492365529,0.862285742836649,-0.9856502865199932,0,2024
Chakwal,0,-10.885177318967674,-16.98870317056914,2.0906796438085955,-0.07016418900918353,0,2024
Chakwal,0,-9.62074774096967,-15.342190209059485,1.8201122250361355,-0.007653865773754376,0,2024
Chakwal,0,-9.74936105306653,-15.264573435085342,-4.184986457873544,-3.124756585593719,0,2024
Chakwal,0,-8.69437997009209,-18.613088216691903,-1.688086783851837,1.8287057466969614,0,2024
Chakwal,0,-11.070459427034425,-15.684675733376409,-1.56678568700584,-1.7214850769127565,0,2024
Chakwal,0,-11.643590350774364,-20.09988562448152,0.9412845683307562,0.9182730286531537,0,2024
Chakwal,0,-8.603459756353313,-15.582012142966594,-4.039627901812613,-0.15266756486251865,0,2024
Chakwal,0,-9.07661136155678,-14.169076779987641,-0.40370946364947535,-2.590825297066175,0,2024
Chakwal,0,-7.727670691369588,-13.439202222735114,-1.4759631333479346,-0.6755583611817251,0,2024
Chakwal,0,-10.43615418119656,-15.123455672512794,-1.4415694018177945,-1.4892792890499962,0,2024
Chakwal,0,-9.776703212229371,-16.430593023447724,-2.5559169820101033,-2.3298853144866207,0,2024
Charsadda,0,-8.961267923163803,-13.377330767765383,-0.562055428458768,-2.8624351577304346,0,2024
Charsadda,0,-8.36341282145375,-14.548368028661228,0.20717365270065002,-0.5487437691625754,0,2024
Charsadda,0,-9.220065455494588,-14.829174860332053,-2.09815386232785,-3.946239002936764,0,2024
Charsadda,0,-7.265397522657215,-14.017168893800033,-1.7055282527346076,-2.6615142321237286,0,2024
Charsadda,0,-8.16551343710075,-15.975098772784069,-3.7846796502960167,-3.4204808098064596,0,2024
Charsadda,0,-8.645670002431006,-14.946479779329389,0.18780610128776765,0.9386220960047726,0,2024
Charsadda,0,-12.651434313308117,-19.334141257527175,-0.7020510273554859,-2.5497702247329848,0,2024
Charsadda,0,-10.506549752188192,-16.78667251384932,-0.1519155578213045,-1.5502856335381772,0,2024
Charsadda,0,-12.057025592343056,-17.318509571813173,-1.5395253840424772,-1.9516870841335106,0,2024
Charsadda,0,-9.21973686691414,-14.490242094797273,-2.1538892543368178,-5.838197527734666,0,2024
Charsadda,0,-8.189054007294288,-12.657396115672896,-3.5153364504830975,-2.1120961711181536,0,2024
Charsadda,0,-10.010194265455413,-15.516415071880182,-3.139852537422735,-1.3486999813049039,0,2024
Charsadda,0,-8.191439633249573,-15.499332471675366,-0.9338267381588867,-1.4805124530652236,0,2024
Charsadda,0,-8.2498357929573,-14.314636447370766,-5.155861298419529,-3.574836164543324,0,2024
Charsadda,0,-9.039295782777042,-12.55094049285358,-2.160394240808966,-4.751930586173785,0,2024
Chitral,0,0.2432065285487596,-12.954323826912834,0.6774145289289726,-1.9908764487735304,0,2024
Chitral,0,-9.247759183534697,-16.80626182140561,-0.6286993596079657,-0.55451587918947,0,2024
Chitral,0,-7.834185278674841,-15.676034422750131,0.3729809498392598,-1.225054170024805,0,2024
Chitral,0,-13.400912299828711,-22.23326302959365,-1.7292331354787969,-2.4460021175927125,0,2024
Chitral,0,-9.516069652548417,-16.642845723080143,-2.2255198525052755,-0.40597027473683767,0,2024
Chitral,0,-10.03288959155624,-20.766483854813615,-2.539425758234513,1.3964601921653745,0,2024
Chitral,0,-9.271935386125993,-14.971196918963363,0.6540120872095692,-3.730454518648104,0,2024
Chitral,0,-7.151827481715787,-14.715694483199055,-0.680944421326239,-3.3884799112672503,0,2024
Chitral,0,-0.5994363112770731,-7.960533586997304,-0.11202701166728124,0.46665552746106975,0,2024
Chitral,0,-11.634447361007963,-20.372474284417635,-3.1071492580066984,0.046838873483423527,0,2024
Chitral,0,-9.797151608239467,-16.19178697462887,-8.78552282243676,-9.465781463454086,0,2024
Chitral,0,-5.640346716246953,-10.256006998425196,1.4975679384106941,-0.8282009900224718,0,2024
Chitral,0,-8.725384550289832,-16.70432017554117,0.021666162426416946,-0.8003849771321718,0,2024
Chitral,0,-4.795482013585193,-13.056482820584801,-2.107777902745961,-1.3414898749914528,0,2024
Chitral,0,-2.2329670685997067,-10.480902386035753,-0.855336244333941,0.6662743738637804,0,2024
Dadu,0,-14.101561446813918,-25.52903200396315,0.07346961822368314,2.1609334372367464,0,2024
Dadu,0,-16.621162949084628,-26.486607812347373,-2.784518993533702,-5.404398752804465,2,2024
Dadu,0,-11.79361901122599,-21.071580454995583,0.24589861866779295,2.0088298842276515,0,2024
Dadu,0,-10.879555845308207,-20.13889081111897,0.005696199977375471,-0.7357014260798032,0,2024
Dadu,0,-8.16341351723213,-14.90955899273738,0.5337637172292835,1.8131606850835773,0,2024
Dadu,0,-7.930170721324065,-14.540522685549504,-0.1532933988658689,-0.3238777680712097,0,2024
Dadu,0,-13.23662610181687,-18.630381176377206,1.420829737093614,-0.2900376500681645,0,2024
Dadu,0,-15.390501912705698,-23.91912508361987,-4.6545424175925305,-2.0668556996552105,0,2024
Dadu,0,-17.836900621752058,-25.725933817867226,-1.437669746824799,-0.20333446011063572,0,2024
Dadu,0,-13.783108326766351,-27.21510360851838,0.27149223569830205,-0.6404698353083909,1,2024
Dadu,0,-11.449808945498127,-21.9742591658876,0.014160993869479555,2.1943146812841015,0,2024
Dadu,0,-12.638967538776098,-18.95242564225827,-2.986625807665586,-3.9972076155449656,1,2024
Dadu,0,-11.418481688255032,-20.250549490319333,1.9818955005113814,0.1491802267988369,0,2024
Dadu,0,-11.139969298587362,-20.271415087706288,-3.798340470766231,-1.2658888816673723,0,2024
Dadu,0,-5.112061266881711,-13.45408787075818,0.7521966574035552,1.2676051978636504,0,2024
Dera Bugti,0,-10.222429780309618,-18.735221815499973,-1.3992433826096295,-0.6592862084579956,0,2024
Dera Bugti,0,-11.637301968346229,-16.4284569463234,1.7352429428958693,0.06848342311002042,0,2024
Dera Bugti,0,-9.047898812396678,-17.065764145810725,1.1531487919743526,2.7328803191719935,0,2024
Dera Bugti,0,-15.10608033769347,-24.326315173004822,-3.208227733266611,-4.0315182747892955,0,2024
Dera Bugti,0,-11.39757828929205,-22.554900847689325,0.13462628394538712,3.1753172278148014,0,2024
Dera Bugti,0,-9.529397656336416,-14.023696344483216,1.7804421177416874,0.14864406182659806,0,2024
Dera Bugti,0,-13.02210140260036,-18.079713180041164,1.112473802074506,-2.3929609424215705,0,2024
Dera Bugti,0,-8.568806277641976,-13.188178117529723,2.2779907283551637,1.4693882885699558,0,2024
Dera Bugti,0,-12.653026669478349,-20.673245174991337,-3.3427426156826137,-4.552099459119578,0,2024
Dera Bugti,0,-11.817232318891993,-16.89072309724482,1.623245497392185,1.3852788645168506,0,2024
Dera Bugti,0,-9.09916952867802,-17.453125878882467,-0.9282918987890127,1.3586931519641112,0,2024
Dera Bugti,0,-13.756736200593089,-21.108876655307604,1.8530499398526779,2.5751855300475626,0,2024
Dera Bugti,0,-11.937608786359503,-19.703219720594713,-0.7480073139443313,-1.3252083180954877,0,2024
Dera Bugti,0,-9.90259662339776,-20.69433516875373,0.10724430390079931,1.9221670959453974,0,2024
Dera Bugti,0,-6.893037835215674,-13.84011531768753,-0.21526196411315368,0.5976441183200993,0,2024
Dera Ghazi Khan,0,-10.335954137388809,-21.033578691713988,0.16494403246963252,1.1969223970054585,0,2024
Dera Ghazi Khan,0,-11.372561243778698,-20.060285323166994,-1.897843207028993,1.7850900923539896,0,2024
Dera Ghazi Khan,0,-14.11541056057847,-21.09738248906245,1.1347577233125712,0.18922246603385062,0,2024
Dera Ghazi Khan,0,-11.947359964099117,-17.56072999683211,-1.9189588399449473,-2.227751894449163,0,2024
Dera Ghazi Khan,0,-8.837790640902874,-15.357940750869169,-4.3854052931943865,-8.986870439405426,0,2024
Dera Ghazi Khan,0,-10.866833548789527,-19.158940344636903,-2.39327467594622,-0.5279411816377575,0,2024
Dera Ghazi Khan,0,-12.684938668028629,-19.553241537337357,-1.38548630013414,-1.3615661243879167,0,2024
Dera Ghazi Khan,0,-9.282585874368682,-20.640360765518558,-0.10192356791135992,0.21596432783931618,0,2024
Dera Ghazi Khan,0,-8.81479291557864,-16.691902811700977,0.46337421156040115,1.6928637986936241,0,2024
Dera Ghazi Khan,0,-11.37435055094377,-18.475078568475674,-0.39695759217764603,-2.454234108999124,0,2024
Dera Ghazi Khan,0,-9.675631777609448,-20.217225978321313,-0.011972142787454843,-1.9753257022593438,0,2024
Dera Ghazi Khan,0,-9.917843463532037,-18.07368628363578,-1.9723261203939426,-2.41112011700066,0,2024
Dera Ghazi Khan,0,-19.350851972338184,-25.462516312512683,6.1943826370477915,0.17359167855249424,0,2024
Dera Ghazi Khan,0,-8.184169875952367,-15.212429672901639,-1.2302867417030825,-1.6704342065870073,0,2024
Dera Ghazi Khan,0,-10.145432358682516,-17.74531748977645,-2.7710779728302626,-4.622799765707509,0,2024
Dera Ismail Khan,0,-6.828427778993438,-13.548466783319938,-0.015208283891973373,0.2655349781593337,0,2024
Dera Ismail Khan,0,-15.873542738795713,-22.927114956413597,-1.382686220197332,-2.5254107513317123,0,2024
Dera Ismail Khan,0,-11.014718583971352,-20.767271139835422,1.0600886744553026,4.832803559761544,0,2024
Dera Ismail Khan,0,-15.105194006684037,-22.548330981328185,-1.2810647786301175,-1.090743162790691,0,2024
Dera Ismail Khan,0,-8.168837067715895,-18.48183598866052,1.2173326182077329,-0.1612769821206257,0,2024
Dera Ismail Khan,0,-10.388522822942551,-16.431439771343495,1.3743595923924925,0.14250066617336188,0,2024
Dera Ismail Khan,0,-7.762058917926344,-17.43513121455569,0.5805089183321366,3.1430480490365813,0,2024
Dera Ismail Khan,0,-14.33315079934716,-24.67399245483233,1.7764459315210512,6.531305025035721,0,2024
Dera Ismail Khan,0,-12.862490485834021,-18.05384557826536,1.3425629123748664,-0.8522148373566836,0,2024
Dera Ismail Khan,0,-13.0520228057492,-21.011559876632546,-0.5349532847704133,-1.6054267318523259,0,2024
Dera Ismail Khan,0,-12.475482855052146,-23.63181089264679,1.562504857562498,3.7453729173680053,16,2024
Dera Ismail Khan,0,-11.293388067076037,-22.702084567644732,-0.028987492019624028,3.7072131343280255,0,2024
Dera Ismail Khan,0,-8.182779070587253,-15.624083934283993,-3.440448541446271,-5.407891026506158,0,2024
Dera Ismail Khan,0,-10.042034276154986,-18.85449486891551,-3.610672031926125,0.3815585872319893,0,2024
Dera Ismail Khan,0,-13.111761934471254,-24.518111345864533,-0.8826537710179245,2.8340078921302165,0,2024
Diamer,0,-8.41102816606873,-15.697361033345654,5.026182226594456,2.1606637213930604,0,2024
Diamer,0,-9.048341586485435,-17.405937305086436,5.044310686878153,4.7336536844573125,0,2024
Diamer,0,-1.764474924976085,-10.634541146896012,-1.552162911601422,-0.5112675899261916,0,2024
Diamer,0,-10.64089903103743,-17.141747371269062,-5.025923712473917,-4.691498600811688,0,2024
Diamer,0,-7.067096485356627,-16.249737540769974,7.3237933832895905,4.382387097503578,0,2024
Diamer,0,-9.793993719007414,-18.98856484713305,0.23433551778324535,4.7965834558092055,0,2024
Diamer,0,-6.599920942201624,-14.124867865535048,-3.80147212156918,-3.2590696182243626,0,2024
Diamer,0,-9.275676737345343,-16.036667789085516,6.500335308716611,4.295584741223593,0,2024
Diamer,0,-10.809835392695337,-18.604426383143903,-8.848697634650609,-6.968992160993132,0,2024
Diamer,0,-6.475636447355395,-14.198914956725162,8.46567155968566,4.179806137007567,0,2024
Diamer,0,-6.055055105573934,-14.284633965487734,-2.2911722212288224,-1.5982198238363505,0,2024
Diamer,0,-10.490845708849234,-14.741538350521596,-2.4773670268502226,-1.7116723589163794,0,2024
Diamer,0,-7.74827658983191,-17.769305514454235,-5.510683630645213,1.611853106646425,0,2024
Diamer,0,-7.118381132785658,-15.241164046279398,-9.803524324826594,-6.579670233297708,0,2024
Diamer,0,-9.207651344791541,-16.134904937259176,-1.5561594819079012,-3.208549353094188,0,2024
Faisalabad,0,-7.945272795583076,-15.053484673159918,0.5657726592171963,-0.5244648772076026,0,2024
Faisalabad,0,-9.523880454187502,-16.829519818856756,1.301842290011468,1.3123939234884467,0,2024
Faisalabad,0,-10.589305785738915,-20.02884574486366,-2.503378368941302,1.9929071118577788,0,2024
Faisalabad,0,-12.040307608198775,-15.401271956823287,1.7406289365978989,-0.1724719600273268,0,2024
Faisalabad,0,-9.002092129636427,-16.232232721984918,-1.518234840430333,-0.7114241977054334,0,2024
Faisalabad,0,-9.238831862548363,-15.944576886591374,-3.6728957126801873,-6.706186713577001,0,2024
Faisalabad,0,-8.358884179182345,-16.932004412580206,-4.808635303480871,-1.3201530443785217,0,2024
Faisalabad,0,-10.039123031479772,-16.830683058706285,-0.9724715734679119,1.3828248014048263,0,2024
Faisalabad,0,-11.007015359372213,-15.382107475136188,-1.1123173565617375,-3.3418671351844935,0,2024
Faisalabad,0,-9.358360650222254,-17.330820136971575,-4.124447124474555,-2.4370728832591055,0,2024
Faisalabad,0,-9.322437233450476,-16.074420187794423,0.582538583023716,0.7252527672318116,0,2024
Faisalabad,0,-7.785835785700951,-12.950691860797853,-5.215419589855224,-5.160220744393776,0,2024
Faisalabad,0,-10.57879506347146,-16.464411687631713,-3.508141351735638,-3.2518427798333924,0,2024
Faisalabad,0,-10.872190032720177,-17.445086563563677,0.31469151895754166,0.12035259140039756,0,2024
Faisalabad,0,-9.262849513717363,-17.289822841446416,-1.2729705148838626,0.006987663269271138,0,2024
Ghanche,0,-7.338892414983905,-16.32609301290418,1.0257050569708257,1.3460278572270727,0,2024
Ghanche,0,-12.298083368100055,-21.9608455369124,3.5039775774617947,3.747378984637873,0,2024
Ghanche,0,-6.74128307865899,-11.724063118427647,-0.18819525409700866,2.5400886278306896,0,2024
Ghanche,0,-11.69640675085192,-16.64382965812771,9.85258827710968,9.130837661346593,0,2024
Ghanche,0,-10.353732712921467,-17.8832211942532,0.7068711134362999,1.5825134156774148,0,2024
Ghanche,0,-11.572151018262492,-16.988606191567794,13.647953924520081,6.947661245034045,0,2024
Ghanche,0,-11.454841359811738,-23.79654789586158,0.07963414249325496,4.90478541482333,0,2024
Ghanche,0,0.30511260655355255,-8.263441078177465,3.3953890010310057,0.08325562299738998,13,2024
Ghanche,0,-17.80466429812845,-23.209027353279495,15.530732751483358,16.620474453474575,0,2024
Ghanche,0,-11.20913211611084,-18.470750393820317,5.800368058233898,6.362419702143805,0,2024
Ghanche,0,1.2835309386249045,-12.508299239860925,-4.258957443787146,2.5423093333364513,0,2024
Ghanche,0,-7.0823206318256275,-14.5785457480126,-0.5736014930576427,1.4634808159218888,0,2024
Ghanche,0,-15.055133103954422,-23.936414087472247,2.672550435619989,2.0445543415085474,0,2024
Ghanche,0,-12.848623990960416,-17.332164423697883,1.269446795520178,4.469343882224049,0,2024
Ghanche,0,-10.340676615690073,-17.705088105713706,-1.4487270392016693,1.9397593583080024,0,2024
Ghizer,0,-7.037176158935575,-14.385517832724219,0.14359606177451933,-0.5492519846309261,0,2024
Ghizer,0,-5.459948166143247,-12.619298604150407,4.860778796086501,0.9910451328911112,0,2024
Ghizer,0,-12.324598889235796,-22.980450943243635,-1.027287577407039,2.2974904434169012,0,2024
Ghizer,0,-2.792275448407695,-14.323738899123741,-1.8846616152094322,-0.5251698752299152,0,2024
Ghizer,0,-5.931697361017072,-11.315569871902944,-11.203678781919528,-11.669602907509557,0,2024
Ghizer,0,-10.440366482605901,-16.88811184996264,-2.951741126328484,-1.9759690801933303,0,2024
Ghizer,0,-10.849982992876438,-19.24170712241916,0.15821061165364014,4.2411031392659275,0,2024
Ghizer,0,-8.014366395749473,-14.622799042657004,-5.033515948482993,-6.329173575977649,0,2024
Ghizer,0,-6.140549614372333,-13.50310263090243,0.1387595879779795,-0.44269442717611085,0,2024
Ghizer,0,-6.001392707832616,-14.348804410348915,13.274566129753476,12.487896203137646,0,2024
Ghizer,0,-6.945078201535154,-11.157603263951183,2.1927277799373224,-1.790436395363697,0,2024
Ghizer,0,-8.018988024762093,-16.972727852410912,-9.5724822592928,-8.503159460237313,0,2024
Ghizer,0,-12.602148903021835,-20.049927401337854,0.3244487829177274,5.524520722077206,0,2024
Ghizer,0,-6.888475189349462,-15.475209084798815,5.488974494788691,10.021726198536218,0,2024
Ghizer,0,-9.522826585900127,-16.88925187386289,-3.854025305731801,-3.922774618453385,0,2024
Ghotki,0,-13.55137874151181,-18.959929194122772,-0.38247610236677865,-2.0755989420400525,0,2024
Ghotki,0,-8.63450857622866,-16.63657176875551,-0.18290604348380057,0.9353538709848017,0,2024
Ghotki,0,-9.868928983283386,-18.509210876692357,-0.36322883407825657,0.21413534758813668,2,2024
Ghotki,0,-14.730502758023182,-20.212874822978918,0.39436767818960483,-1.8521948287746888,0,2024
Ghotki,0,-8.035727161152536,-15.105445616246872,-2.9056834537427854,-1.106315755125241,0,2024
Ghotki,0,-17.51454600354826,-23.13090822454943,-0.03809133535532183,-0.3360865212686157,0,2024
Ghotki,0,-14.024026352216561,-20.776318516670838,-1.020750873512295,-0.06313166522755509,0,2024
Ghotki,0,-11.965236280601383,-20.394167945396507,-4.770995065205058,-2.231659305240253,0,2024
Ghotki,0,-8.92287344485063,-16.34329455537872,-3.4075629482202743,-3.109204162096951,0,2024
Ghotki,0,-9.359092683195415,-14.038162325331516,-3.4764023635591883,-6.668310608235878,0,2024
Ghotki,0,-17.09659046002766,-27.24770933734972,5.380078410318637,4.787110802737949,0,2024
Ghotki,0,-9.894583570138739,-15.31302706561686,-0.3365650150841901,-4.212280831018292,0,2024
Ghotki,0,-13.974995332163333,-20.607306536759143,-0.6845423689703516,0.14807865213948546,0,2024
Ghotki,0,-15.241393959666777,-22.49123606563669,-1.3069829659817316,-0.8253091676112945,0,2024
Ghotki,0,-16.777971857351837,-24.311731246861214,-1.8369845113413454,-3.0507728386482995,0,2024
Gilgit,0,-11.475608546299824,-21.573287739678364,-1.9540630335361175,-1.2700360291997121,0,2024
Gilgit,0,-8.026033672191257,-16.960813770517003,-1.227580335072611,-0.03569567041393995,0,2024
Gilgit,0,-16.047503564255358,-21.75271337842925,0.3127157485426153,-1.7449601764634899,0,2024
Gilgit,0,-9.369204642643162,-14.577617731750008,0.56237744661418,-2.501566432544722,0,2024
Gilgit,0,-12.03017576592711,-17.090070720354902,-6.150087259358989,-6.4621612416981264,0,2024
Gilgit,0,-11.237933962670395,-20.808716268073162,2.887378510948855,9.361849412645924,0,2024
Gilgit,0,1.5585798884870257,-9.060973754863072,0.0034765410059349744,1.5063041790279366,0,2024
Gilgit,0,-12.127510839481351,-19.271607667859243,-3.073968381797707,-1.9321616107316544,0,2024
Gilgit,0,-9.222806798759613,-15.762294217432647,-1.7136753292537357,-3.399029860151259,0,2024
Gilgit,0,-12.689544643579117,-19.546283491052,1.3281845854789847,-0.8788662872750947,0,2024
Gilgit,0,4.778083113169106,-11.899851343859043,-0.503686177395668,5.264317613863726,0,2024
Gilgit,0,2.3894486543670954,-5.6294365278728,0.21974964645951145,0.48915695120909497,0,2024
Gilgit,0,-1.823274321070302,-10.507582737142542,-7.564839796079644,-9.397201706954533,0,2024
Gilgit,0,-12.768340092181818,-21.816727369534767,-0.4753255190972201,-1.4094550986009224,0,2024
Gilgit,0,-5.5833126172873015,-15.597448859859028,3.027440758193932,5.0065243985205505,0,2024
Gujranwala,0,-9.378432295546213,-17.523258754399063,-4.123679848582457,-1.525539829537852,0,2024
Gujranwala,0,-11.637748141468062,-16.42239030869835,-1.525860749232475,-4.4802352621120605,0,2024
Gujranwala,0,-10.842284299387169,-17.50476534842153,-3.7938136520477475,-2.235460641931688,0,2024
Gujranwala,0,-10.347800100110877,-18.879534373720052,-3.847200954730667,-0.026971321743086918,0,2024
Gujranwala,0,-8.455008495162016,-17.067023809542874,-5.077668982340825,0.35728682028297243,1,2024
Gujranwala,0,-9.680837681971672,-17.90952661386908,-3.01686541354775,-1.808689632801343,0,2024
Gujranwala,0,-5.7126033887715275,-14.716992658304367,-1.2243263467024246,-0.14680866850257424,0,2024
Gujranwala,0,-10.036954916631963,-19.536133797672676,-3.6198043591232025,-0.20574294209939126,0,2024
Gujranwala,0,-9.969477226820162,-16.745527918964427,-1.146675929301166,0.974566345627645,0,2024
Gujranwala,0,-8.845098971833004,-15.451334267482688,0.5032528365781879,0.07218959172719686,0,2024
Gujranwala,0,-9.047704895863154,-17.452041937817462,-3.228638981807274,0.5995965323385377,0,2024
Gujranwala,0,-10.321696558311722,-16.395855739374117,-1.7356360566148048,-2.7228092281715206,0,2024
Gujranwala,0,-8.06879333675552,-16.468151813176956,-4.959777830612092,-1.20396359614573,2,2024
Gujranwala,0,-8.135422000474598,-12.867555583308324,-4.082086490095531,-4.066193168100426,0,2024
Gujranwala,0,-9.560257903771598,-19.947449653738516,-2.6856790847555896,2.354450445002236,0,2024
Gujrat,0,-9.894143646340627,-14.341106466834779,-3.448847132590494,-3.547880637331934,0,2024
Gujrat,0,-9.667770756941362,-15.007304580866819,-4.414591807199351,-3.27778944098516,0,2024
Gujrat,0,-8.550838042761644,-13.814936930757627,-1.3201939802961729,-2.968781247855693,0,2024
Gujrat,0,-8.735856256680528,-14.778515131077924,-2.7895076242939734,-2.255734864271478,0,2024
Gujrat,0,-8.245584294853412,-15.36935265609145,-2.276046602188451,0.6012195591187037,0,2024
Gujrat,0,-8.54336918152626,-15.5203174034385,-3.638166844598498,-1.6105465566872574,0,2024
Gujrat,0,-9.383420284763018,-14.524857263455422,-3.8408815293518916,-5.01299714509326,0,2024
Gujrat,0,-9.577851574286234,-17.014687942348985,-6.057235782353816,-4.084517182982427,0,2024
Gujrat,0,-7.562982691154378,-15.924393249198776,-2.377070934327314,0.3703010592421627,0,2024
Gujrat,0,-8.362937614573726,-18.528920483981366,-3.344749309162461,2.1168246767239367,0,2024
Gujrat,0,-8.130798126760949,-13.95837030919471,-4.168897506083658,-3.7022699386530995,0,2024
Gujrat,0,-13.011528031164936,-21.058538007742204,1.7558163924994812,-0.6349639995802612,0,2024
Gujrat,0,-9.461537267029598,-14.422959147270745,-2.492254078641137,-2.7195017002188138,0,2024
Gujrat,0,-10.383722640602452,-17.29357837905018,-1.1552729353393243,1.7885693497757167,0,2024
Gujrat,0,-8.622834033178226,-16.72293770252147,-0.3845102070768096,0.13053926632721868,0,2024
Gwadar,0,-15.014048382118489,-22.258341018137315,0.5526419881413673,-2.4496321281960363,0,2024
Gwadar,0,-15.024209740518913,-24.32831608753451,-0.04822420813050954,1.8221162330707088,0,2024
Gwadar,0,-11.56988916915197,-19.64730462404415,0.9690441089956412,1.5807882301807687,0,2024
Gwadar,0,-10.837257514868108,-19.633087111332742,-1.522054211921617,-2.4124228608792606,0,2024
Gwadar,0,-14.565536155329678,-22.57526932626989,-0.587307192248673,-1.7195338609565738,0,2024
Gwadar,0,-10.507427080130983,-16.609498220311792,5.187363953139179,3.315365686127162,0,2024
Gwadar,0,-9.884915871413268,-18.865241444344335,-2.4571344609970946,-0.6353412850740163,0,2024
Gwadar,0,-17.578720545881183,-28.222609624916096,-0.8658005469879626,0.30104608448261416,0,2024
Gwadar,0,-20.98945469590832,-31.122542655241812,0.9716640753670021,3.1247496386713287,0,2024
Gwadar,0,-16.31277574718126,-26.74659549085762,-0.012418938767702059,-0.8098731547800249,0,2024
Gwadar,0,-21.034403983843063,-30.202400147179663,-0.2199167483078135,-1.7045120059495922,0,2024
Gwadar,0,-18.075841739042534,-28.8278587844181,0.34482780439768845,1.7669979168233034,0,2024
Gwadar,0,-19.226963193345888,-32.8481236254224,-1.4838518023719018,3.758894432194488,0,2024
Gwadar,0,-9.90858567000558,-11.953311462158068,0.6485696432947794,-3.143323592914504,0,2024
Gwadar,0,-17.950221382531428,-25.97056850827557,-0.9698135619499766,-7.142127395931041,97,2024
Hafizabad,0,-4.39573180584021,-14.506861079477929,-2.0584809768506513,1.65363372064993,0,2024
Hafizabad,0,-8.760701576105204,-17.017410989269237,-2.4852665644650482,-0.2744065999674632,0,2024
Hafizabad,0,-9.949159189578747,-19.8737747645163,-0.7512025050439846,3.011169451045312,0,2024
Hafizabad,0,-9.223849919386094,-17.02813697356083,1.1629376027551448,1.7179813304577607,0,2024
Hafizabad,0,-11.659345294489047,-22.492692029039798,-1.7368084764967922,2.878831428691349,0,2024
Hafizabad,0,-9.812111294360037,-17.54197247857928,-1.28675105001418,1.7113405329539653,0,2024
Hafizabad,0,-11.084703537774846,-19.686495735493267,-1.9346363997561724,1.3920243593508665,0,2024
Hafizabad,0,-10.579423232310946,-18.435048496757766,-3.099870383231524,-0.5217208317980067,0,2024
Hafizabad,0,-10.271538786123525,-16.76377792844768,-1.2000008567793046,-0.4348268641403621,0,2024
Hafizabad,0,-9.360885711675918,-16.659102164332392,-2.3006244130498903,-0.9431398432620313,0,2024
Hafizabad,0,-13.40198884250429,-20.072706628630485,1.4793919065269243,2.098410666715715,0,2024
Hafizabad,0,-9.85256943803415,-21.236509770917593,-4.238114165378169,0.831181591013884,0,2024
Hafizabad,0,-9.200523295222181,-18.37449756928724,-4.374810686903807,0.01867720838727749,0,2024
Hafizabad,0,-9.696011021791131,-14.530321844595274,-2.7656376240330243,-1.357366224978989,0,2024
Hafizabad,0,-8.986057843590178,-17.586342993003434,-4.6393718395206065,0.5093608356180148,0,2024
Hangu,0,-10.845272971499318,-17.191767828520014,2.0109039251272947,-0.598219379097312,0,2024
Hangu,0,-15.926337752796943,-19.59672671882197,2.955192528526137,-1.1798213176942234,0,2024
Hangu,0,-10.601617249245653,-16.979743376255236,-0.6675059565134287,-3.0362589051405315,0,2024
Hangu,0,-9.984357422070671,-15.977242500453725,0.24717677745932853,-0.6851843460556655,0,2024
Hangu,0,-12.126638184327337,-18.620317857087976,-0.25465804981172013,-0.5369689160140183,0,2024
Hangu,0,-5.787225707042397,-13.664081127501614,-2.8890137626239873,-4.39176324847438,0,2024
Hangu,0,-9.7387421246145,-15.896438795400238,-1.5331357157309817,-1.2741517607296995,0,2024
Hangu,0,-9.517067424893511,-15.418077997773185,0.7260796216769556,-0.30887957773410335,0,2024
Hangu,0,-8.598987379906506,-16.26390196090948,2.400755254891811,-0.30768460374887496,0,2024
Hangu,0,-8.288233149717215,-15.125787287612233,0.9046613449901946,1.460382907030855,0,2024
Hangu,0,-11.256822536907725,-16.643831245106355,0.3218142558858883,-0.02850566314310754,0,2024
Hangu,0,-7.774804060201284,-13.962048864779625,2.527136040736101,-0.6122295511208833,0,2024
Hangu,0,-12.784946609741374,-18.59793986814332,-0.6178286802900814,-1.2786927394200802,0,2024
Hangu,0,-5.602626088899067,-15.883847328444531,-0.95315601681909,0.5917558404033585,0,2024
Hangu,0,-13.953238569263597,-18.100234598069974,0.5466607446111986,-1.2161269739584668,0,2024
Haripur,0,-8.24143086396921,-14.22900690851332,1.307443277624392,1.0310143911157148,0,2024
Haripur,0,-8.417813848361295,-14.090499583299362,-1.7100429684621332,0.5035940711913387,0,2024
Haripur,0,-8.935590153477662,-14.337478138814475,0.1985687201283639,-0.720755108117082,0,2024
Haripur,0,-6.799008605958244,-12.817824259047907,-1.3670131737782985,-0.3532855826691268,0,2024
Haripur,0,-10.965272018737583,-17.380812090363744,0.904653470330345,0.7702755862185029,0,2024
Haripur,0,-8.819082563802857,-16.012326332083084,1.3629701485490546,0.4588943641886498,0,2024
Haripur,0,-7.3086634846915,-12.864962899534026,5.296894423649418,0.22018190913901137,0,2024
Haripur,0,-11.94632046488327,-18.18635941207407,-1.2359677793292274,-1.1633165691960805,0,2024
Haripur,0,-10.94662488438069,-16.82709134907229,-0.584816587539903,-1.2184109029219528,0,2024
Haripur,0,-10.147188380226734,-15.36660801161183,0.16659122412402994,-0.9799343426762945,0,2024
Haripur,0,-8.590809066158343,-14.99657421460168,0.17066341849748845,-0.12046281145780924,0,2024
Haripur,0,-8.786650010186838,-14.16272506977468,-5.854009060329659,-2.3793031634413566,0,2024
Haripur,0,-18.067128855568363,-28.83076926931608,-3.8979209748934203,0.9734545321357189,97,2024
Haripur,0,-8.774279439360521,-15.636499173325358,-3.541767128200366,-1.447567107110249,0,2024
Haripur,0,-11.207513159120513,-18.24576668766304,7.388545054898848,4.6531147840640905,0,2024
Hunza,0,-10.73798401829311,-16.037489915347656,0.6497100702686147,-0.46039517635170313,0,2024
Hunza,0,-15.900646241924083,-21.019028234434582,2.1896773792674598,0.5539518702968032,0,2024
Hunza,0,-5.28294916810411,-10.233699934643877,-0.1385394332206289,-1.6578329303402626,0,2024
Hunza,0,-16.45288592133702,-19.008176790371223,10.685054786795899,10.271742418118968,0,2024
Hunza,0,-6.52140379494622,-11.838083596434355,5.94947528947294,6.075319097707672,0,2024
Hunza,0,-11.503801887149567,-16.578425130386886,0.39371945647143747,1.4763126115450138,0,2024
Hunza,0,-13.539044253966779,-20.05169382165392,-0.06715814302468992,-0.37436959656290014,0,2024
Hunza,0,-14.494215840932114,-22.303758275774346,10.395647863390888,14.863787981756902,0,2024
Hunza,0,-13.319901498413296,-19.798047939547388,0.5144390568384125,0.5624424667225476,0,2024
Hunza,0,-5.403417418067865,-12.46657644444804,-0.9233934323544579,-0.9298807591593086,0,2024
Hunza,0,-17.373569602164626,-17.353356286135877,20.848586429377235,14.834679528398732,0,2024
Hunza,0,-2.7758459666936677,-10.055727984909183,-1.603243431179453,-1.3289696667856248,0,2024
Hunza,0,-3.020473934136763,-11.984560479269355,1.058569859497677,1.8844737432587362,0,2024
Hunza,0,-4.933957361621645,-13.89035347547047,-6.167680912473766,-5.529299953232744,0,2024
Hunza,0,-11.950509497192286,-18.738046172927888,5.630786275435177,9.952898246661324,0,2024
Hyderabad,0,-8.639483603266882,-19.531359840504003,2.2102013775199145,2.9902246742423486,0,2024
Hyderabad,0,-3.094961370467905,-11.728289359960819,-0.7852750611255894,0.5395597318314032,0,2024
Hyderabad,0,-10.522016550946967,-18.22743696952481,-2.0767415811617713,-1.7925871232830097,0,2024
Hyderabad,0,-4.311756580802195,-11.677447348118957,0.5955408437630823,0.09234507532249836,0,2024
Hyderabad,0,-8.26520068920749,-16.03218799396241,-2.1226695909429285,-3.4533998548537923,0,2024
Hyderabad,0,-5.269967146795928,-12.03266124712179,-1.4627785090947238,-3.203468332150635,0,2024
Hyderabad,0,-9.755165752317378,-15.569881550727278,-2.5132235164700134,-2.2147219488213388,0,2024
Hyderabad,0,-8.104010123653259,-18.143076267909755,0.9888895695887703,-1.043804035201937,0,2024
Hyderabad,0,-9.168937950043176,-21.67461749314979,-2.2720798096441825,3.432749443840514,0,2024
Hyderabad,0,-8.23055196808466,-15.316055132814714,-0.18744406496087507,-0.7770004026385813,0,2024
Hyderabad,0,-11.374445152794653,-17.08256800967732,0.6450435797852574,0.27895596749411666,0,2024
Hyderabad,0,-8.78109310672313,-14.866867884569274,0.6097487065751928,-0.31934189127094115,0,2024
Hyderabad,0,0.3077514699591917,-11.479200115465115,-1.1412504907213012,0.6706544806480466,0,2024
Hyderabad,0,-6.6598815120101245,-13.565844412869088,-2.480222236185859,-7.547132772552311,0,2024
Hyderabad,0,-7.510206979837293,-15.651619864589694,-2.507949101854954,-3.94906374528831,0,2024
Islamabad Capital Territory,0,-9.165697286801887,-16.42840400544128,0.06257845087853475,2.4148549432706883,0,2024
Islamabad Capital Territory,0,-7.987873487842567,-17.297294874835455,-5.118043753618087,-0.9423084941758617,0,2024
Islamabad Capital Territory,0,-9.090719299856016,-16.203169546219208,0.011461278934445929,1.5749742410648473,0,2024
Islamabad Capital Territory,0,-9.617691258421985,-16.806062840287346,0.5391558916551453,-0.7492910552276548,0,2024
Islamabad Capital Territory,0,-7.515867470841618,-15.830147530305553,-5.3989607631369765,-3.052427822832673,0,2024
Islamabad Capital Territory,0,-7.667507721250646,-13.71482062206808,-0.8158029532581432,0.08992190218328489,0,2024
Islamabad Capital Territory,0,-5.1303993450492555,-13.597871937583617,-2.301546026931951,-0.35038087755389213,0,2024
Islamabad Capital Territory,0,-7.34238431768527,-14.369366689322309,-2.9777089563557917,-1.261083501123526,0,2024
Islamabad Capital Territory,0,-2.5719508250322427,-16.282294471130427,-2.4922624417104497,1.1468374597922537,0,2024
Islamabad Capital Territory,0,-7.471933175540466,-16.19123406383249,-6.904876732392486,-2.0203819323715493,0,2024
Islamabad Capital Territory,0,-9.609143522107628,-15.9244912563451,0.2572454767147132,-1.7800855079684865,0,2024
Islamabad Capital Territory,0,-8.549683433209468,-16.03431643396739,-2.3671772533490927,-0.001243737886753138,0,2024
Islamabad Capital Territory,0,-10.208571303873338,-16.17352865931768,-1.1082690697024358,-0.8422663327460747,0,2024
Islamabad Capital Territory,0,-4.692607679525439,-14.068281694169677,-0.6729969372920888,1.053283871185073,0,2024
Islamabad Capital Territory,0,-11.729484859714166,-17.557583944900713,1.7652514328962923,-0.2726616946914362,0,2024
Jacobabad,0,-9.044674994564748,-17.13824248729012,-3.596920708507268,-0.3799536670999544,1,2024
Jacobabad,0,-8.775917373927518,-17.325032789970642,-3.397548765782018,-3.4633127914556354,0,2024
Jacobabad,0,-9.348168586584872,-19.356073776694018,-0.2971806242341799,4.600090767445677,1,2024
Jacobabad,0,-8.875069424533645,-17.820177565884755,-0.672323112965552,0.9829619479902476,0,2024
Jacobabad,0,-20.117136828158166,-30.639452531605507,7.423916846404499,4.323843464688778,10,2024
Jacobabad,0,-10.809083919616185,-17.4744562899581,-1.8139615333190324,-2.891673897033801,0,2024
Jacobabad,0,-9.54201411462705,-17.394879966797262,-2.357391033221891,-2.239449997972418,0,2024
Jacobabad,0,-10.054740028627961,-16.77946709333815,-2.923780257914224,-1.9672586505330294,3,2024
Jacobabad,0,-9.21492402959404,-24.149325274033828,-3.8863259293118926,6.501416519806533,0,2024
Jacobabad,0,-10.28222716522081,-23.38593079274473,-4.197772942815842,3.509482766198378,1,2024
Jacobabad,0,-13.224571645611183,-20.764746335415605,3.8267344729945254,-0.7504326885479706,1,2024
Jacobabad,0,-9.120771524014462,-16.06931986825125,1.9027746533119094,-0.6422285723680474,0,2024
Jacobabad,0,-9.36120886778462,-16.278128622193012,-3.879824228938599,-3.180014339540687,0,2024
Jacobabad,0,-8.21646625874859,-17.617090251436963,-4.269750013893702,-0.28648757545558823,0,2024
Jacobabad,0,-9.52063389682522,-17.096594266865136,-3.9290725401402877,-1.6087831871081768,0,2024
Jamshoro,0,-9.608190712660928,-18.320282450130975,0.47016373002887235,1.226683158019103,0,2024
Jamshoro,0,-5.165290373158413,-12.622029690316568,0.844408873406584,2.196345580899541,0,2024
Jamshoro,0,-12.916721866644396,-21.28836954294156,0.8101017397057468,1.6941604137284152,0,2024
Jamshoro,0,-14.527984416364031,-26.53362246454958,-0.5181783721994311,-0.02825057830196087,0,2024
Jamshoro,0,-14.80455475461275,-24.334124492762808,-0.45872792765781334,-0.6612689691681162,0,2024
Jamshoro,0,-9.41063968643639,-18.23210095151009,0.7886730777808904,3.169670015900641,0,2024
Jamshoro,0,-8.672242798347408,-15.035108695365267,0.8262843047920416,1.0581787055620868,0,2024
Jamshoro,0,-10.34641107832382,-15.710118454417826,1.3223552400455674,1.5843709513775242,0,2024
Jamshoro,0,-14.651362275618794,-20.812802846586862,0.06131442046203439,-4.199194207225393,0,2024
Jamshoro,0,-6.72457301940536,-15.484844228278087,1.8051799813657645,2.1395237121328297,0,2024
Jamshoro,0,-8.735118690111591,-16.723239214888665,-0.15202137708229735,1.9721242951746802,0,2024
Jamshoro,0,-13.961016830389898,-22.943544580577253,0.08922721782096232,-1.6699916484785504,0,2024
Jamshoro,0,-11.798655036302241,-17.216573342359016,1.9560736428225134,0.3494979861516647,0,2024
Jamshoro,0,-8.480884730076138,-16.188499878767416,-4.202202109223862,-4.815168628434932,0,2024
Jamshoro,0,-10.820352771585382,-17.85511882257542,0.7180804364619604,1.8952738345169777,0,2024
Jhang,0,-9.106321049122313,-18.29999473636476,-2.048661145216716,0.7036951626243386,0,2024
Jhang,0,-11.248292717212106,-18.599529626206976,-3.277442870822922,0.12987524349874136,0,2024
Jhang,0,-9.793166332157618,-17.215096709523017,-4.259506844917947,-4.0498584906139286,0,2024
Jhang,0,-13.251269323075055,-19.821978512800356,-3.0054709678644738,-5.424032236039153,0,2024
Jhang,0,-10.814320649509579,-16.734411678911517,-0.2532288144880983,-0.37187049664023775,0,2024
Jhang,0,-22.982711752410506,-31.560652746200525,0.3471186925603824,0.10623949700229574,3,2024
Jhang,0,-9.867022106405866,-21.0762847988579,-2.4457531236432803,4.209030223787355,0,2024
Jhang,0,-6.1493175068608075,-14.981118765608105,-6.5294282842363405,-1.645140165870977,0,2024
Jhang,0,-15.855631532478238,-23.23285910242832,-0.20987510025300438,0.23955885347028527,0,2024
Jhang,0,-8.143634420144602,-17.389919232243106,-3.586484809036264,-2.7069335245579715,0,2024
Jhang,0,-10.90617188328774,-19.21867974801266,-0.018203591280595788,2.930958932882433,0,2024
Jhang,0,-9.31875416493465,-16.09174000136937,-2.3419249210532165,-1.4451368999537557,0,2024
Jhang,0,-21.860315543524255,-36.231366189383046,7.5350437689307554,10.52518764254976,0,2024
Jhang,0,-13.000036686296013,-17.68642150360114,3.6629544894608568,1.8352822671915998,0,2024
Jhang,0,-9.056925535722472,-15.708746377309426,-2.920717266450831,-4.790400351351421,0,2024
Jhelum,0,-8.041829193852458,-12.622203637606315,-0.07121640167090781,-0.676651106503602,0,2024
Jhelum,0,-12.01120968374031,-18.387596157220084,-2.599015490688645,-0.739205475615762,0,2024
Jhelum,0,-8.452343250606702,-15.776766603572785,2.4416113526676746,-0.722564993964852,0,2024
Jhelum,0,-10.20407218543442,-18.6021682763741,-1.2421997019286124,0.19438414655475356,0,2024
Jhelum,0,-10.88095959594854,-23.77794684767084,-0.4580102422384229,5.54197694185773,0,2024
Jhelum,0,-9.981130659523242,-20.788466670899545,-5.578598406284449,-3.3706310303743194,0,2024
Jhelum,0,-10.917861177823305,-15.104407197156391,0.3829474278883609,-0.26378726653152995,0,2024
Jhelum,0,-9.688793256438224,-15.493555593457913,0.15733090290207485,-0.15281417736889402,0,2024
Jhelum,0,-8.7703287308237,-14.996982293705866,-2.6596040275645265,-2.29522366443976,0,2024
Jhelum,0,-10.739486391381767,-16.174692344617647,-2.8412079109505584,-4.124551771828539,0,2024
Jhelum,0,-10.024948281752879,-20.074929878295116,-2.394556997334176,-2.9516274282331167,0,2024
Jhelum,0,-8.559030096087671,-14.72105572986257,-1.358212203882724,-2.1795612465189116,0,2024
Jhelum,0,-11.6112123289959,-18.744819277998737,-2.7738138953721894,-3.0841431771970527,0,2024
Jhelum,0,-10.15045948701632,-17.898135077933368,-3.048238550583889,-3.2869319963716457,0,2024
Jhelum,0,-9.38522726075777,-16.441310863474108,-1.0936910513194356,-1.6278694931885056,0,2024
Karachi,0,-7.224612684567449,-12.803620396936513,0.6233304121517547,2.711540253602049,0,2024
Karachi,0,-12.539949203570252,-22.30092437548768,-5.071520233127728,-2.1484706265301305,0,2024
Karachi,0,-14.60826174792228,-23.083829676763298,0.21968287889167293,0.03187696941802187,0,2024
Karachi,0,-11.16750575182943,-15.299922399340725,2.923466079186106,1.4948627450933571,0,2024
Karachi,0,-11.020886457092429,-15.826708561030603,1.5096618831740987,-1.174574805050991,0,2024
Karachi,0,-10.044745428254014,-16.35017970292582,-2.107373589897348,-2.331055947620598,0,2024
Karachi,0,-12.135165058969005,-19.590599323282298,-2.134419804958476,-0.49624392177253895,0,2024
Karachi,0,-14.90942270323008,-23.02421662090183,-0.6830604104376672,-0.4006192408901299,0,2024
Karachi,0,-9.900682765096162,-13.853240328977892,0.020555004756902306,-3.103770902297404,0,2024
Karachi,0,-13.835149435277721,-20.928126030773857,-0.949158764438085,-0.17788671742966855,0,2024
Karachi,0,-11.729420056091659,-17.07849841053432,-2.4317615223593307,-2.247044940547436,0,2024
Karachi,0,-11.046540903018174,-18.958968899149923,-2.1870417913029208,-2.779411588505525,0,2024
Karachi,0,-12.711739922586533,-21.475698171492116,1.0211667138589018,2.7214232568464425,0,2024
Karachi,0,-5.233124481898561,-16.083836661305455,0.6309521708903274,-0.9500589562062949,0,2024
Karachi,0,-9.505149814027199,-18.611030984094768,1.7919989799757552,-1.5648373941877622,25,2024
Karak,0,-15.134132671594886,-23.481414076022666,1.4075566058401225,1.5709882039566878,0,2024
Karak,0,-11.130779994818173,-16.581865839654526,1.3356846245184464,-0.6022498195072465,0,2024
Karak,0,-8.424229578609772,-13.529148773111302,1.205207877592553,-1.0541936603665008,0,2024
Karak,0,-11.292113820772908,-18.079350441931886,1.4804519772602998,2.154143884273017,0,2024
Karak,0,-7.847424744929285,-14.216268734776543,-1.1683403347889971,-0.9080236659580763,0,2024
Karak,0,-7.097756864634919,-15.000737220622586,-1.2248474304538988,0.6689411549507884,0,2024
Karak,0,-12.685220466523354,-18.87332740040727,-0.13846638870518113,-0.4266917399975725,0,2024
Karak,0,-13.450175700780099,-20.187948298671913,-0.9829302408384475,-4.197773699383937,0,2024
Karak,0,-8.400414635766161,-16.564944110934775,-0.5337079327411676,-0.7129456574995174,0,2024
Karak,0,-10.635251237331612,-15.761952491531662,1.9047142181197412,-0.5313143233197088,0,2024
Karak,0,-11.53099215871853,-18.945051472564487,-1.408806551225796,-0.9737024824492337,0,2024
Karak,0,-12.180548788048426,-19.20628507962804,0.2574790390250641,0.7002644596122565,0,2024
Karak,0,-10.86576051148377,-18.38973023978567,0.5621934261881734,0.9976328342106555,0,2024
Karak,0,-13.996180728115107,-20.604256113097275,-1.446480061091414,-0.9691159702181196,0,2024
Karak,0,-9.495460592207092,-17.2721040161885,-0.34534778818533773,-0.696532196801563,0,2024
Kashmore,0,-10.299327141374446,-16.86265009326162,0.3741930637881925,1.4628009278281482,0,2024
Kashmore,0,-18.066954239613402,-29.779755982113052,5.872573873279773,12.893234321561849,20,2024
Kashmore,0,-18.9461231218395,-24.221476745604917,-0.2550397318046578,-2.219580633941362,36,2024
Kashmore,0,-19.904579082148967,-32.90727176463247,-2.5271146548355894,1.299968080733585,38,2024
Kashmore,0,-9.172130275376063,-18.240234190589785,-4.8460673880646095,-2.735444333261121,0,2024
Kashmore,0,-12.711101279024806,-22.2796715472321,-0.50597519924764,-2.6691842835171222,1,2024
Kashmore,0,-10.219109103864845,-17.957373729892986,-1.3510287578055706,1.9446050875506309,5,2024
Kashmore,0,-11.383518578129841,-21.602508095894898,-2.593827392779401,0.06363873538225562,27,2024
Kashmore,0,-11.214269337254041,-19.25937359740162,-0.6753627534696385,-0.49117410240959813,0,2024
Kashmore,0,-22.481306753406756,-33.61127378037855,10.672044846176751,11.672740027381778,59,2024
Kashmore,0,-9.491618812729344,-17.061124172246586,-0.16510961140309988,-4.016887241681054,0,2024
Kashmore,0,-15.062925320115113,-22.727644293562165,2.0746846633182603,3.9347763229094035,13,2024
Kashmore,0,-12.651830804744364,-22.349993050693385,-2.3084506469436974,1.4319052199524336,0,2024
Kashmore,0,-9.9204645157282,-16.170057137868568,-2.975230625310358,-3.0897303555794977,0,2024
Kashmore,0,-15.1583265591204,-24.848190749065388,1.993301495627506,5.367061186613661,34,2024
Kasur,0,-13.244606372992108,-17.255710757727197,-2.3817631719778074,-4.126185596500857,0,2024
Kasur,0,-8.543859180363565,-16.138110560363998,-3.4316980010981943,-1.3458111403187587,0,2024
Kasur,0,-7.947424143408758,-15.11453934636247,-1.1659524038757203,-4.628602062457759,0,2024
Kasur,0,-9.793480882212116,-16.390891128030553,-1.202425905427777,-0.656139210988357,0,2024
Kasur,0,-9.00602853943649,-15.635025851939918,-2.0438718165832412,-4.220100742013891,13,2024
Kasur,0,-6.775593577631964,-14.164945705925913,-5.7025306425532225,-4.1205922311929015,0,2024
Kasur,0,-13.528845804487093,-18.901712160742406,-1.246447766071114,-5.071162362532913,0,2024
Kasur,0,-8.697644002736846,-14.95787203852278,-3.89568244357368,-3.7461454836042307,0,2024
Kasur,0,-10.488949410278373,-17.301147116271093,-0.2654615032990293,-1.6065688852662525,0,2024
Kasur,0,-8.448534218027548,-19.10253496539909,2.0034159924369304,0.8997199394524991,0,2024
Kasur,0,-10.088246209732068,-17.28471917783071,-5.636821772955306,-6.037040599108646,0,2024
Kasur,0,-10.601782671956927,-16.76536770598166,-1.4692329266842226,-0.6266708744289389,0,2024
Kasur,0,-12.255665906855826,-17.94546794388397,3.312179860948101,0.7277611996923383,0,2024
Kasur,0,-9.630078539537944,-16.468587295046817,-3.4508596983781192,-2.9510961657921797,0,2024
Kasur,0,-11.138524967064045,-18.77641812776155,-3.4316650164481235,-0.772391026958001,0,2024
Kech,0,-14.636816562425672,-20.605702914157522,0.6555226498712905,-1.1268836019561341,0,2024
Kech,0,-10.936614250768567,-19.054020691247224,-0.13569585195741674,-1.56111945268443,0,2024
Kech,0,-11.147846451980001,-18.58093089968808,-1.1693416645425643,0.1945165130999733,0,2024
Kech,0,-8.874047082647833,-17.97401914009577,-1.172223394484412,-1.2468358885391737,0,2024
Kech,0,-6.838848625712542,-14.921620500443192,1.8520968326558087,-0.28051392097688854,0,2024
Kech,0,-8.444435487951205,-16.99934836199826,2.733033280101327,-0.3484059145313303,0,2024
Kech,0,-7.2182792744901905,-15.533789241319749,0.9012366049517198,1.1613951664048443,0,2024
Kech,0,-15.236709616506227,-18.799990370046164,1.3097343987000567,-2.413375298368315,0,2024
Kech,0,-9.184035388207947,-16.157611409420568,2.442504607910676,0.36750359787984266,0,2024
Kech,0,-9.264900573469681,-14.240447685766718,0.45807239407017164,-0.6999548405278198,0,2024
Kech,0,-8.39692797737219,-15.949275205211089,2.7460239190136146,0.3057374440402132,0,2024
Kech,0,-7.583151585547704,-15.454465614544157,-2.2005085318983024,-0.749882383760708,0,2024
Kech,0,-8.380888785679995,-17.486888208305366,-1.7324343541137317,-0.684046817901578,0,2024
Kech,0,-10.148463941948897,-17.329365764674172,1.2759479477799012,2.09990377901406,0,2024
Kech,0,-9.356735093058061,-16.57000491800317,-0.6497463455662533,-1.7231825025433416,0,2024
Khairpur,0,-14.285641023138446,-20.474271237874838,-2.3961362994883544,-1.226380709770602,0,2024
Khairpur,0,-17.67988096900678,-22.749856441611556,-0.3967207545523195,-0.9094188576813913,0,2024
Khairpur,0,-27.748526595900984,-32.2287467697825,1.0848802632124404,-0.1497970840518974,0,2024
Khairpur,0,-15.7541549854785,-21.30542328624333,-0.1695069274036456,1.147783019104125,0,2024
Khairpur,0,-11.107798819752073,-17.152596010187082,-3.819067575568228,-0.2577437473714994,0,2024
Khairpur,0,-15.630929961778392,-21.159450582867713,-0.02891705768329622,-4.640709731937044,0,2024
Khairpur,0,-18.514620112347572,-21.26559961654381,0.5035370217949264,-1.9909748537945973,0,2024
Khairpur,0,-15.700284763519424,-20.67787328752726,0.8106592079541262,-2.9440833618317797,0,2024
Khairpur,0,-12.312228494329455,-17.562982726243646,-1.2244850182244722,-5.42734219184733,0,2024
Khairpur,0,-24.96973719745249,-28.040778730966274,-2.549464688181512,-5.354208091092502,12,2024
Khairpur,0,-12.195483018660877,-18.922758128701062,-4.143347617691745,-2.1398431745583473,0,2024
Khairpur,0,-15.04169766060571,-22.573061235713443,1.8174816732233374,2.4545055793691937,0,2024
Khairpur,0,-13.91262931246986,-19.949666752713675,-1.095851380364408,-1.9746128832887386,0,2024
Khairpur,0,-14.55231797672075,-20.702224673274408,-0.855633993771951,-6.364575916546912,0,2024
Khairpur,0,-13.108606965717964,-17.983140695072937,-1.848145459815358,-5.294205149946478,0,2024
Khanewal,0,-10.242937536282888,-15.039587549446615,2.3135876366432147,-1.1160418090915272,0,2024
Khanewal,0,-6.073087643198029,-13.396422081425154,-4.930850774578033,-2.9878487227867154,0,2024
Khanewal,0,-10.408563153002714,-20.340229229220274,-2.4643606396450792,-0.007406718475095886,0,2024
Khanewal,0,-11.536186142292244,-16.437735120307707,-3.747769528661726,-1.711626806192129,0,2024
Khanewal,0,-12.654698862025088,-20.54036750407502,-1.0724477769970786,-0.08434914679317984,0,2024
Khanewal,0,-14.1435157529123,-22.587335230983694,0.24904556812026968,0.7640128327051308,0,2024
Khanewal,0,-8.72616224432948,-15.620741823025043,-0.4676645967161477,-1.1801713097585989,0,2024
Khanewal,0,-11.094055438081377,-16.812337623676083,-1.9354252109365984,-2.3281577074920854,0,2024
Khanewal,0,-9.811514654257703,-16.38364784069448,-3.79928145762832,-0.6439985709050688,0,2024
Khanewal,0,-4.855243317562358,-15.100977867404087,-9.488940522590886,-2.6264736703114764,0,2024
Khanewal,0,-5.491613166422045,-13.215143859591489,-8.52020286630843,-4.944448837615369,0,2024
Khanewal,0,-6.088512967166231,-14.532487442265893,-6.153375172316217,-2.2480846050706447,0,2024
Khanewal,0,-9.324596568232542,-15.085339391702828,0.33401122437142483,-3.6057689697086417,0,2024
Khanewal,0,-13.051953960202974,-19.553721556926735,2.3886268443685683,3.6317446348608566,0,2024
Khanewal,0,-10.72852997050456,-16.72238370701585,-0.7742989609837743,-2.2149487172688005,8,2024
Kharan,0,-5.587231005702451,-16.700823243453282,-4.006165762340581,0.1830321810919635,0,2024
Kharan,0,-9.060694077354697,-19.124263159295783,-0.2543665236261461,1.2463135865127022,0,2024
Kharan,0,-11.039681295884126,-18.37211250022362,0.11447835135052387,1.1484296398802876,0,2024
Kharan,0,-14.751591303156628,-24.441822402035672,0.5457120847116332,0.21407609468051803,0,2024
Kharan,0,-13.403829584013625,-22.093144749122523,-0.01591395376428295,-1.0561111666798482,0,2024
Kharan,0,-16.899729021541198,-26.915266706743033,-1.3644092060778945,1.8598438162381896,0,2024
Kharan,0,-13.61234205913078,-20.46819006673429,0.951177018705911,-1.5136448222444479,0,2024
Kharan,0,-20.79004097821962,-32.762978242496004,1.9775004464827894,-0.2239213995735838,0,2024
Kharan,0,-19.899945046414587,-39.14348361119195,-1.2298683756558297,5.239584072164483,0,2024
Kharan,0,-10.021428374867094,-20.594009921478815,-0.9226520023900928,0.9360219905800449,0,2024
Kharan,0,-13.918801116613228,-25.68805468200379,-1.6309772981969122,-1.3021336622552688,1,2024
Kharan,0,-7.809701064523413,-20.689187785087867,-1.608102572442112,0.7085524363452933,0,2024
Kharan,0,-18.785074968214758,-26.673031463075908,0.2624131717753144,0.8062269231512467,0,2024
Kharan,0,-11.556672850930266,-21.593276932221052,0.1824674408243503,-4.533023811576221,0,2024
Kharan,0,-9.595382971678259,-18.072959009333303,-0.2949028659748105,0.9259721866374804,0,2024
Kharmang,0,-9.08156865125796,-15.55641617378254,3.823961594590311,1.8556713197298365,0,2024
Kharmang,0,1.8297410998022612,-13.6580045289719,-17.979770018326068,-8.620230221570255,0,2024
Kharmang,0,-14.527318327597484,-22.244399002019627,6.6678031305367655,-0.3066412155099485,0,2024
Kharmang,0,-1.4828197608506122,-11.059052491887078,-8.14456620533391,-6.892745710302423,0,2024
Kharmang,0,-0.34455868919375715,-10.445801086545824,1.270572417836476,1.6632908138066096,0,2024
Kharmang,0,-18.873085282360368,-28.302344581792976,1.0016104237253387,3.2995998100864554,96,2024
Kharmang,0,-15.00745320191493,-21.000063383103157,6.135281128234631,4.075742375682271,0,2024
Kharmang,0,-8.207669456075546,-14.262506615563904,-4.834221421940134,1.2425473185928713,0,2024
Kharmang,0,-13.543854643078124,-21.260417555909203,0.09252440754073454,0.07862642583258506,0,2024
Kharmang,0,-16.957843241738214,-22.727359255003975,13.6206372991617,4.4851564954611405,0,2024
Kharmang,0,-12.141925667791506,-20.538271423958008,6.11798725262055,2.140616451998117,0,2024
Kharmang,0,-19.814590570479517,-22.994022839150166,11.095492154451742,2.2057523023752275,0,2024
Kharmang,0,-6.586104877336554,-15.96727248743589,0.7232208873774733,2.2198969445959627,0,2024
Kharmang,0,-13.94911107173093,-18.60010993366928,17.494064703885087,10.69328823606938,0,2024
Kharmang,0,-6.306034534234603,-18.43583174401346,-3.192547924698629,6.6897103210615825,0,2024
Khushab,0,-16.417813561422264,-21.011585689875965,-0.9280235093779083,-1.6302629164302722,0,2024
Khushab,0,-8.25667964373132,-19.352079782055164,-4.7817707154820255,1.6655956853297766,0,2024
Khushab,0,-22.353680311668775,-27.445346755130615,4.973517700135552,3.3948069453819976,0,2024
Khushab,0,-11.626136913242696,-17.832123797391922,-1.7204679796318523,-0.6188146799354222,0,2024
Khushab,0,-9.848732706021057,-18.83763595694823,-3.621613391039837,0.6700190858093116,0,2024
Khushab,0,-10.80698167565193,-15.767322670729405,-3.3669107362313646,-1.7928118805834519,0,2024
Khushab,0,-9.302972061023853,-15.21462578314588,-2.175271770812733,-2.878121281166859,0,2024
Khushab,0,-13.191453652465704,-17.120653368793725,-1.9928924513382995,-6.7517372015442625,0,2024
Khushab,0,-15.683197416593478,-26.68056652032913,-2.073131921491461,-3.031298140174993,0,2024
Khushab,0,-8.946514932508677,-15.802580661720985,-3.9988916253756237,-2.4321185445167046,0,2024
Khushab,0,-11.704049584506606,-16.650208020030675,-1.3174982661125902,-2.3225456111406473,0,2024
Khushab,0,-10.709264315373227,-15.985155166670694,-7.624616835916006,-6.746870596651583,0,2024
Khushab,0,-14.470498864247245,-27.477379572690637,0.9441566707237072,8.508832834620371,0,2024
Khushab,0,-11.086012465693637,-14.988960825900413,1.5779531951956418,-0.26422951364820335,0,2024
Khushab,0,-10.083053013415032,-15.514504245521636,-1.9166814608475828,-3.0336352438629426,0,2024
Khyber,0,-7.918313279853699,-17.714032587118293,-0.7244169182695899,0.6257937313445936,0,2024
Khyber,0,-11.571988500699254,-18.788616457662584,-0.4634918331824398,-0.6452396779107019,0,2024
Khyber,0,-10.277583511816037,-16.603539180362876,0.05446728261432909,-2.2082475258470033,0,2024
Khyber,0,-12.342209736235638,-17.594509373061946,2.3522364227461097,-1.8472649724527983,0,2024
Khyber,0,-9.522118753067584,-13.484844127311847,2.5573110993301302,-0.4653326844796428,0,2024
Khyber,0,-2.464853124723877,-10.752740314225965,0.552106772205331,-0.26131575152775177,0,2024
Khyber,0,-9.916581814483456,-20.46381256756538,-0.1701210831373281,-0.3788435976273341,0,2024
Khyber,0,-7.827139967908513,-15.644913038918133,0.36479143677336623,-2.369696873389188,0,2024
Khyber,0,-9.979460199671646,-17.8725326177288,-1.4414299095842331,-0.3313963065388066,0,2024
Khyber,0,-11.78884996326616,-20.44068720263524,1.6868521165185193,0.9801542444297624,0,2024
Khyber,0,-9.201769536030287,-16.02770475440444,-3.6881107571270455,-3.5775197044393465,0,2024
Khyber,0,-14.753541981128915,-21.786390468948227,1.3202260823116063,1.2469635885038244,0,2024
Khyber,0,-10.89561412159408,-15.920079862671155,0.6171423126045354,0.12356536305589572,0,2024
Khyber,0,-12.255754839913156,-21.098125878637617,-0.06292854778292423,2.887007564831574,0,2024
Khyber,0,-3.971830769915009,-12.860825131573417,-2.868562957780436,-1.757256077851995,0,2024
Kohat,0,-9.970045580531064,-14.936580798401433,0.2465405952322932,-0.5192641509744114,0,2024
Kohat,0,-11.154369812333414,-15.895439856122684,1.4983930504043244,-0.5859851659970143,0,2024
Kohat,0,-6.573120713730552,-12.252897382595194,1.432165823545195,1.1968987987873287,0,2024
Kohat,0,-11.089618202912119,-16.999407819153117,0.787848133205511,-0.22519847281884253,0,2024
Kohat,0,-9.159076924881273,-16.201140231616847,-4.174357260352513,-8.55485426244222,0,2024
Kohat,0,-8.173770111346135,-13.693298002384598,-0.07972424458966998,-0.5114030216521392,0,2024
Kohat,0,-3.928633225711615,-15.06247439823493,-1.5383288669303106,-2.570925269992145,0,2024
Kohat,0,-11.559022794154503,-17.69324613562064,1.1629023796125022,0.09275082376123578,0,2024
Kohat,0,-7.3733172631065385,-14.106446253433003,-0.3941723542764599,-0.14250203072314704,0,2024
Kohat,0,-10.571149510046663,-15.549342785083114,2.884498213280522,0.024127107273701043,0,2024
Kohat,0,-8.5818537990319,-16.16013679776612,-0.8535275675969061,-1.1969408384235365,0,2024
Kohat,0,-10.16873347006811,-17.14887481507303,-1.08700996582788,-2.859450438662307,0,2024
Kohat,0,-13.450923690081197,-21.380248095990275,2.1835020893150983,0.9727525905009031,0,2024
Kohat,0,-11.576974727161286,-17.411476311495804,-0.30670890037422893,-0.9494564942114465,0,2024
Kohat,0,-11.631494083358344,-18.87825660769772,0.2806907681236428,3.0419319990589244,0,2024
Kohistan,0,-9.432732335983882,-16.06254423439579,1.1097877201281516,1.0845673822682542,0,2024
Kohistan,0,-6.904314145586608,-15.13581903980219,2.2568894137264577,3.762233830565787,0,2024
Kohistan,0,-7.963491374528463,-14.633340443869312,-3.178335188538224,-4.212288752481687,0,2024
Kohistan,0,-1.4826392653828164,-8.708086203110982,1.2128238327402137,-1.020096387626067,0,2024
Kohistan,0,-10.496115465606838,-15.742470744053662,-1.7732657052066259,-0.5176550728782203,0,2024
Kohistan,0,-16.920509051346663,-25.94897550431748,12.928858549129053,17.13409231779221,0,2024
Kohistan,0,-9.326782738039872,-16.522844952483453,-10.553149251247406,-7.252840975726912,0,2024
Kohistan,0,-6.722515653396629,-13.153223448977924,9.11629085819408,5.513926496912719,0,2024
Kohistan,0,-3.4505834507474176,-10.681753202160932,-0.7706869387350017,0.8126008797170154,0,2024
Kohistan,0,-11.069241293577141,-15.916222416355552,6.464911041320552,4.094146292767505,0,2024
Kohistan,0,-6.440586317884756,-13.995513622535872,6.953032034313983,11.317521788632565,0,2024
Kohistan,0,-7.225852641350035,-16.672345347602082,-1.5637777958042198,5.067692830713369,0,2024
Kohistan,0,-10.539505967989701,-17.068915280092533,-4.962922650605183,-5.605258635744995,0,2024
Kohistan,0,-8.219024719639798,-15.216284022340353,-1.338330213635608,-3.411950829527349,0,2024
Kohistan,0,-5.493555326341941,-15.334472594716669,-2.742325591839741,0.151370560253401,0,2024
Kohlu,0,-11.063265555150398,-17.33165044383656,2.633233765083233,0.5028841433647457,0,2024
Kohlu,0,-10.140277628428752,-16.373417405653527,-1.0116433276816164,-3.7480243220564944,0,2024
Kohlu,0,-6.13180027652143,-11.644043129469082,1.2800462979899168,0.9469548520753506,0,2024
Kohlu,0,-6.65833526337868,-14.96277386865471,-0.7788101477167846,2.1388801194169904,0,2024
Kohlu,0,-8.41972162609935,-15.94509299341479,0.743307858861801,2.8653982759520265,0,2024
Kohlu,0,-7.058481680533349,-14.970374414949688,0.4181258457476096,-0.6962472829585309,0,2024
Kohlu,0,-11.333802873014758,-17.332451698962853,0.8941068944369306,1.3798922018999562,0,2024
Kohlu,0,-6.00537538324827,-16.896694343467367,-2.4883136530744805,-0.28324828785473244,0,2024
Kohlu,0,-8.803099177518181,-15.719250053730885,3.1012585650060727,2.870076627899614,0,2024
Kohlu,0,-4.261844611772929,-12.713518146240453,-2.275685934138928,2.962987555103979,0,2024
Kohlu,0,-14.868933952035427,-22.19936278562411,-1.253032657841171,-3.1994340823934238,0,2024
Kohlu,0,-9.107398496446358,-15.905201242966688,-2.687077381496561,-0.1484122132663881,0,2024
Kohlu,0,-7.071016781793719,-17.36884126669794,-1.4251615503377204,0.9605029697530547,0,2024
Kohlu,0,-7.517947895590751,-15.894895810900866,0.07076228105789717,3.4286422519493733,0,2024
Kohlu,0,-8.852599595368522,-16.525973253546375,-2.463217312733553,-1.3842370768025312,0,2024
Kurram,0,-23.40354013513643,-28.377053307300404,1.3242319542621281,-0.15989874644000324,64,2024
Kurram,0,-4.321979026188246,-13.715004169647198,-0.21753057640670814,-1.7736664248352323,0,2024
Kurram,0,-9.059521608798246,-17.192332154765953,1.102779998213304,2.201665023864626,0,2024
Kurram,0,-9.577912644012626,-16.701040851768454,-0.38511525095730015,-2.0327591702563375,19,2024
Kurram,0,-12.189546384064593,-16.92352462894729,1.4227118086940092,0.48453516078697945,0,2024
Kurram,0,-8.848631697701503,-15.220618776357853,0.5272799054685606,-0.32612655103126187,0,2024
Kurram,0,-9.629749304853824,-16.56695006801314,4.091822323348763,1.946262021605694,0,2024
Kurram,0,-8.526485874990367,-15.761354761320426,-0.6844646191975894,0.28234031539770577,0,2024
Kurram,0,-9.327664404661023,-14.53102379228409,3.8923706601645103,3.2880761338360927,0,2024
Kurram,0,-9.393474264347022,-15.780492292852035,-0.9791266696790402,0.3500622998519525,0,2024
Kurram,0,-7.585746497342287,-16.096407847146825,-6.506227427854702,-2.2188369779122254,0,2024
Kurram,0,-6.006577367044877,-12.562266446844568,1.2217897325597624,1.9630107392438276,0,2024
Kurram,0,-9.823483179395131,-17.040039255613724,-0.5662648817721525,-0.05587347341088744,0,2024
Kurram,0,-13.186836353693945,-17.794560427925845,2.601716164603962,-0.7303456583888135,0,2024
Kurram,0,-11.698810427396236,-18.29067006460872,0.3255667411556882,-0.46070951063290977,0,2024
Lahore,0,1.0795653254712627,-17.091361200821105,0.675128042333849,-0.26950142107844854,0,2024
Lahore,0,-6.708212204149092,-10.348166093496387,0.38726242856739557,-0.6217885534568328,0,2024
Lahore,0,-10.903919912747194,-17.014231941088013,-0.7475668360217469,-2.7044986696946403,0,2024
Lahore,0,-10.383516184368544,-16.183188455837104,-3.062490960104535,-5.610091393418642,0,2024
Lahore,0,-7.914699268011345,-13.35395078370355,-3.8055935021631946,-2.379461259596841,0,2024
Lahore,0,-8.3547919023651,-15.163987366918729,-2.3776169986866016,-1.548598645410248,0,2024
Lahore,0,-7.949044540891599,-14.180190386547405,2.0532814219257984,-0.054469932833182355,0,2024
Lahore,0,-7.839763021524727,-15.17910667549646,-2.502285756155591,-1.3125179551560002,0,2024
Lahore,0,-9.93374634997737,-14.251542868837003,-2.2069067770682924,-3.327213254403862,0,2024
Lahore,0,-7.232623820118852,-15.753649540023694,-1.6244526097188592,0.7431696496508433,0,2024
Lahore,0,-7.261659297199334,-13.074896493032206,0.7505344240913194,-0.3206638130782338,0,2024
Lahore,0,-11.787975350587441,-19.02948763169857,-0.17603044964702974,0.8300442160595409,0,2024
Lahore,0,-6.477171824680364,-11.558370314892707,2.6093353430244046,2.716762341254883,0,2024
Lahore,0,-9.354857360925173,-17.22420829757706,-5.770133583522917,-2.3697782460335155,0,2024
Lahore,0,-1.003173444278036,-14.896302335228828,-1.1737572019723017,-0.07266240874676022,0,2024
Lakki Marwat,0,-15.083871688337872,-24.566943212182885,3.036878358167332,5.5239204835295155,0,2024
Lakki Marwat,0,-18.307674867784186,-26.569323362870072,4.149756710276559,7.537331682686009,0,2024
Lakki Marwat,0,-10.800682453622063,-16.914292977365054,2.8200040835799474,-0.3437650167173736,0,2024
Lakki Marwat,0,-12.876162460976706,-18.224878771236476,0.9924323071946315,-1.3260164656334013,0,2024
Lakki Marwat,0,-10.26185378535279,-15.158684290750394,-0.13709377110471443,-1.45421222704746,0,2024
Lakki Marwat,0,-10.531175876961871,-19.221832263939277,-0.03775472370378985,-0.2003749158043675,0,2024
Lakki Marwat,0,-16.946646194891198,-26.531697925873317,4.174078349830321,8.08131832242423,0,2024
Lakki Marwat,0,-13.903325750324942,-22.046966571500782,2.4214717172656997,5.1549366291832825,0,2024
Lakki Marwat,0,-9.244781221100407,-17.46742282695738,-3.192869249273615,-1.2640963417970816,0,2024
Lakki Marwat,0,-16.973752790914872,-28.852137572574286,3.8981628776694848,9.819389437850987,0,2024
Lakki Marwat,0,-11.74343016019132,-17.656798432692028,-1.2472273337449593,0.0041355177242010654,0,2024
Lakki Marwat,0,-17.054485928838446,-26.653171672817813,5.379979728243576,10.238289220332035,0,2024
Lakki Marwat,0,-3.241737218185654,-12.573094382529035,1.5078017767856977,0.23438242685505628,0,2024
Lakki Marwat,0,-11.843750751014543,-18.269287406936442,0.8023441396883122,0.3697474905880327,1,2024
Lakki Marwat,0,-14.542160712644487,-20.495920151371507,-1.765177867606857,-3.3604911531629043,0,2024
Layyah,0,-10.972135122717976,-17.795337516802924,-1.6124043085659459,-1.9222735209740804,0,2024
Layyah,0,-13.378748984951663,-23.04435782122896,-2.002641311689624,2.6455585379187063,0,2024
Layyah,0,-12.28342306122481,-20.103408997454384,-1.4113578670442344,-3.0153648184032456,0,2024
Layyah,0,-21.410538536457416,-28.20728942331428,3.9635424519186806,1.6368071726042999,0,2024
Layyah,0,-7.286960840845186,-13.701941037231919,-5.5699210371269565,-5.862161198094995,0,2024
Layyah,0,-8.400390280428226,-13.018193745928315,-4.4131145225454596,-6.111337177098164,8,2024
Layyah,0,-10.199674696670256,-19.71822724561099,4.564210260861106,0.8983014898879418,0,2024
Layyah,0,-9.110925757213135,-16.050253147046817,-4.007105232372437,-2.3890051512711885,0,2024
Layyah,0,-10.393133983008198,-14.724472036328672,-0.41711585017981534,-2.5845644580532774,0,2024
Layyah,0,-12.397257413142976,-20.63284557920058,-1.6548969620021268,-2.9485989816616076,0,2024
Layyah,0,-7.795316683190821,-13.310173511106532,-5.125837122932074,-6.445749954399867,0,2024
Layyah,0,-11.408512080920655,-23.72093019707273,-0.19337325256799254,5.44045039149189,0,2024
Layyah,0,-8.18214503440139,-15.248650921348574,-4.296546241854722,-1.0918193441503092,0,2024
Layyah,0,-10.949987806109718,-17.684462863357616,-1.2409516451530784,-0.32864496202966365,0,2024
Layyah,0,-9.682155669639123,-16.85320106153146,-2.528121905259008,-2.3346514432782897,0,2024
Lodhran,0,-9.09873102615503,-17.259308022426325,-5.211632685155692,-2.737098135638714,0,2024
Lodhran,0,-10.312417942083416,-18.05868035287191,-4.039464794236144,-0.889586236167311,0,2024
Lodhran,0,-7.424364915744295,-14.868348114468564,-6.131463310493746,-3.935290818942466,0,2024
Lodhran,0,-8.143042770270792,-15.458946355997934,-2.713496473045531,0.10867499925051405,0,2024
Lodhran,0,-7.458303482392469,-14.782832045174677,-5.029179067112785,-1.8090681772054058,0,2024
Lodhran,0,-10.447060178757162,-17.396451849909937,-0.21299620162558952,0.17482683747968508,0,2024
Lodhran,0,-9.465624483866263,-17.274218858123383,-3.307147602304882,0.8464817185178575,0,2024
Lodhran,0,-8.931298714670106,-16.620816065973656,-2.6284647331159903,-0.42880637690550927,0,2024
Lodhran,0,-7.706533997250814,-15.027524961262099,-5.288461448216969,-3.0128497625674235,0,2024
Lodhran,0,-8.208883239165448,-18.10974911860923,-6.842739619695836,-1.855998363740916,0,2024
Lodhran,0,-8.145174349307847,-14.444751966901183,-4.104159212712389,-2.1290092627839847,0,2024
Lodhran,0,-11.033970565991552,-17.719338494119476,-1.7883200069286005,-0.7434921983156286,0,2024
Lodhran,0,-7.966863610374411,-14.485265975723411,-5.266775518582337,-2.8444364604530854,0,2024
Lodhran,0,-5.283816667243313,-17.25849946288173,-6.976759600419532,-0.955834616362786,0,2024
Lodhran,0,-9.277093710993407,-15.852316629211497,-3.8901697534839723,-2.9550640113380275,0,2024
Lower Dir,0,-9.413324509125715,-17.271499526234976,-1.4353976403518036,-1.3513773836041096,0,2024
Lower Dir,0,-9.102530584489921,-16.000653832941513,-1.202014612844577,0.9118130482882485,0,2024
Lower Dir,0,-8.969084235560985,-14.830006435103567,-1.3403833031762282,-2.19968219018833,0,2024
Lower Dir,0,-8.284968311074179,-13.196067726499226,0.6693101927257272,0.8828044095630787,0,2024
Lower Dir,0,-11.256355218699333,-19.010469466351804,-1.5687336404693628,-0.369693003438762,0,2024
Lower Dir,0,-8.654362929280225,-16.134252912204673,-0.8105309379604826,-3.748641290375488,0,2024
Lower Dir,0,-7.945633032013015,-15.70264835237825,-0.38831460964984643,-1.0400250381793068,0,2024
Lower Dir,0,-9.289535941819981,-16.049345414615626,-0.37876270431428516,1.0139831957539762,0,2024
Lower Dir,0,-5.9033539587685775,-15.596168418986846,-2.0800572798045964,-0.4256858364971343,0,2024
Lower Dir,0,-11.140229342094198,-15.826562513909078,-0.4046088720711616,-0.7446061842047342,0,2024
Lower Dir,0,-7.308705293562016,-16.04796132849268,0.6734887099011244,-0.5295471411657502,0,2024
Lower Dir,0,-10.937938110385243,-16.928270367839296,-0.9042744800804101,-0.17622057334404317,0,2024
Lower Dir,0,-8.06672776948853,-13.56065083246381,-3.7849768719707786,-1.7786426845954768,0,2024
Lower Dir,0,-6.023141261778192,-13.829290855053618,-0.33903716498449654,-0.9983346922917846,0,2024
Lower Dir,0,-9.311328583450525,-15.476887985744572,1.4284952566574454,-0.23269565672090842,0,2024
Malakand,0,-11.350637352964497,-18.313839172805046,0.714860459674707,0.6950313349980917,0,2024
Malakand,0,-12.570124788762456,-17.207973177642558,1.6499274791936607,-0.4148873014116923,0,2024
Malakand,0,-9.443424327741731,-15.514698091037372,0.09528522674283835,-0.7667494065262677,0,2024
Malakand,0,-9.101880327377813,-16.22872178770541,-1.3738213474774472,1.0774856310155414,0,2024
Malakand,0,-8.520584618384401,-16.214745013477366,2.137690511416163,-4.368621801207986,0,2024
Malakand,0,-14.791200911445035,-21.782270454484284,2.4393110861058247,1.1601570353206867,0,2024
Malakand,0,-5.771430215559716,-14.316086105073612,-0.7736352662815644,2.2256182579644204,0,2024
Malakand,0,-9.508188130510206,-14.750887195544141,-2.364201938892311,-2.5781089710646903,0,2024
Malakand,0,-9.773029359959668,-16.102279341093645,1.4266510864616642,-1.1684831151485398,0,2024
Malakand,0,-11.059879417426915,-18.07039506719294,0.22648805641941294,0.5902174426763693,0,2024
Malakand,0,-10.027200320844525,-17.544943963688752,0.2670161185859552,-0.13548673296820368,0,2024
Malakand,0,-6.924329285379631,-13.651516061137668,0.651457172345248,-1.3624318045573336,0,2024
Malakand,0,-6.632475828541742,-14.723160962646698,-2.395039157208001,0.11302507349716251,0,2024
Malakand,0,-9.453170672065518,-18.40661908124824,-0.51963092305337,-0.46152231526480136,0,2024
Malakand,0,-10.775851422612899,-17.3429233981374,-0.4397679912161152,-1.9249686727225281,0,2024
Mandi Bahauddin,0,-3.8712800552459274,-13.828271562301964,-3.635127495013296,-2.1389580955019483,0,2024
Mandi Bahauddin,0,-10.481126301945658,-19.660965789416856,-4.3616085987779485,1.4658865633715905,0,2024
Mandi Bahauddin,0,-10.423078964066805,-18.222514216289703,-2.2361051974803274,1.9199610717276734,0,2024
Mandi Bahauddin,0,-13.510544650699437,-25.70199963710984,1.3050891364947894,9.02556897448741,0,2024
Mandi Bahauddin,0,-10.715305737294031,-21.359706102535963,-1.2484939965831803,-0.37114882693481377,0,2024
Mandi Bahauddin,0,-9.617960535739373,-16.222261011992117,-0.1355643296259803,0.5077453682232065,0,2024
Mandi Bahauddin,0,-9.360449849414952,-16.43273375725093,-1.5367169229507525,-1.7850166204272568,0,2024
Mandi Bahauddin,0,-9.074141296363422,-19.159021789555425,-3.9387686852982444,1.2652642687544677,0,2024
Mandi Bahauddin,0,-11.161487801893008,-18.88920497668784,-1.5222244722939031,1.4086764556474307,0,2024
Mandi Bahauddin,0,-10.247903092197152,-17.509158703912107,-2.0450455547113826,0.4456221580120925,0,2024
Mandi Bahauddin,0,-9.34794923229522,-16.68841830287265,-0.07927791626703495,-0.1646029835290328,0,2024
Mandi Bahauddin,0,-7.269690605308994,-14.551061459883556,-2.2759439803951382,-4.3495668497923035,0,2024
Mandi Bahauddin,0,-10.697621745185511,-15.931605748948929,-0.7395080733952906,-0.7846481300801891,0,2024
Mandi Bahauddin,0,-9.510084331367775,-14.680327841535235,-3.0776132372283644,-3.5683603209648176,0,2024
Mandi Bahauddin,0,-21.07057963411411,-30.216935732210434,9.194546834125616,12.48527094335767,14,2024
Mansehra,0,-8.316699319401849,-14.923701085970372,-2.140452587384086,-3.9473708747686196,0,2024
Mansehra,0,-9.653722425425531,-16.705212136461377,-5.840584248781687,-4.087858617975229,0,2024
Mansehra,0,-12.145101346892883,-17.399420209372103,-1.9856731861169337,-5.014738234707501,0,2024
Mansehra,0,-10.435307052348938,-16.627763742770664,4.348577439205657,2.0762530273918536,0,2024
Mansehra,0,-6.835271861391545,-15.801113494732503,-3.1019724782162914,-0.27557401980692653,0,2024
Mansehra,0,-9.666180432148707,-18.12221116155812,-0.6542814278659463,2.8253128538135712,0,2024
Mansehra,0,-9.451299999684675,-16.61891405923025,-1.8840772627744187,0.39583889062252453,0,2024
Mansehra,0,-8.065437125765971,-15.96896154327436,0.3424449596761221,-0.7639246474600156,0,2024
Mansehra,0,-7.304504296564465,-14.364784718345101,-4.104322827543777,-3.4792481686218313,0,2024
Mansehra,0,-6.87885288394334,-12.413540278644668,4.340688035286,-1.9705696139648872,0,2024
Mansehra,0,-8.81906593935229,-17.41136780045317,0.8834589241781208,1.4470507339938106,0,2024
Mansehra,0,-5.736118122706588,-17.08495528312155,-13.359496038327823,-8.617579588949646,0,2024
Mansehra,0,-9.447333928307234,-14.524203374360127,-0.7071591536382531,-0.5447085115046875,0,2024
Mansehra,0,-7.363852776706625,-14.115418141806854,4.924449927542139,5.432171694899818,0,2024
Mansehra,0,-7.604791329640062,-11.518451968667772,10.32286686845416,2.761145120622375,0,2024
Mardan,0,-8.936011265711596,-13.772408751517819,-0.44874523012460266,-1.662638911471916,0,2024
Mardan,0,-7.459484492381088,-15.835140461567413,-2.6884754791593357,-2.3030417520335718,0,2024
Mardan,0,-10.999491224303469,-17.720307404628343,-0.9092194982947444,-0.5512796606419599,0,2024
Mardan,0,-11.078586588774979,-19.61682545319154,-0.7349446809258886,1.433710588959503,0,2024
Mardan,0,-9.171698656965056,-16.44505048131814,0.6003924115681656,0.8487269530001242,0,2024
Mardan,0,-8.161102386248622,-14.921312775561109,-5.856810466740988,-3.3307363635861797,0,2024
Mardan,0,-9.30968780540444,-16.03012551942952,-3.0136619574957493,-3.058541412801592,0,2024
Mardan,0,-9.803818628424384,-16.012894314507214,-1.2906022183430164,-0.7841819847242419,0,2024
Mardan,0,-9.165756783566163,-14.248933603251624,-4.214029176812151,-4.462231567288411,0,2024
Mardan,0,-8.081615402069302,-14.688144215527252,-3.8287508618647426,-0.8900213268679593,0,2024
Mardan,0,-6.049828782272204,-17.047328349198796,-4.176793680356653,1.3304176617701255,0,2024
Mardan,0,-7.019400286493374,-14.539872701382034,-0.8994046963551057,-1.8457394597225552,0,2024
Mardan,0,-9.72116065397503,-15.042419822623916,-1.5211289340133618,-3.9469140679469774,0,2024
Mardan,0,-6.6292533482324085,-14.163810767759104,-1.3083946388879797,-0.7965837067780246,0,2024
Mardan,0,-11.912684147542018,-18.345227247166548,-0.6074362427583395,-4.5270698688373905,0,2024
Mastung,0,-9.193279745225135,-14.614181375508526,-0.5017431475375069,-3.4064350565696664,0,2024
Mastung,0,-13.650146604195214,-18.662022735852307,1.6810642259019808,-1.5824525069458488,0,2024
Mastung,0,-11.691544682926192,-17.219837669113268,4.6866788629452545,3.5678203194112186,0,2024
Mastung,0,-7.065854385521517,-11.088404462446643,-0.9855994959275947,-1.605408312031507,0,2024
Mastung,0,-6.2276838320126995,-14.976564527646294,0.00580896812944065,-0.8692544081264231,0,2024
Mastung,0,-12.077836573631362,-17.139179371660024,1.365617037691809,-0.43010546729220067,0,2024
Mastung,0,-12.358442514390802,-20.65975584853243,1.2695669238925795,-0.9167882173052497,0,2024
Mastung,0,-16.689978600983654,-26.144947107817742,0.3088974726423537,0.8407662303896046,0,2024
Mastung,0,-15.22573370273241,-19.270788967739303,5.506220037714225,0.4343089521893475,0,2024
Mastung,0,-4.480044777793265,-12.005345001073133,-3.505220528039273,-4.486587585858059,0,2024
Mastung,0,-14.052699443209205,-21.264706314962233,0.5880018723602696,-0.9022881586256908,0,2024
Mastung,0,-9.140780064659952,-15.273829739676255,2.7751417801135396,2.883538591332334,0,2024
Mastung,0,-8.92283841795474,-15.089976927511888,0.6452778618706958,-1.749547229489508,0,2024
Mastung,0,-10.714152718420465,-15.453339954547852,1.6490143312158239,-1.2751724411584728,0,2024
Mastung,0,-5.956185411898584,-10.82232192752822,2.2544542598026576,0.899036884806856,0,2024
Matiari,0,-19.900773126655036,-29.123342431989236,6.6734156580130914,9.630512489047625,6,2024
Matiari,0,-11.14434500972441,-19.75734387047391,-0.8976578738145182,-1.798183451495273,0,2024
Matiari,0,-5.957864433285737,-16.291025928553452,-6.153942819927037,-4.008520222517593,0,2024
Matiari,0,-19.827257578664046,-31.610855253513424,8.109154550272443,13.721215812858485,16,2024
Matiari,0,-15.984720595424152,-25.94649059742669,1.3029489991127523,3.4126391350986367,0,2024
Matiari,0,-20.54668162734805,-27.286965793186297,5.6223379137458345,2.1107621866181283,80,2024
Matiari,0,-8.168495521884317,-18.982505201252124,-3.7748640600307795,-0.21105173903850272,0,2024
Matiari,0,-8.108461040368619,-14.04019849595754,-1.7514299117632035,-3.978556706190936,0,2024
Matiari,0,-6.836242735595574,-14.808167500371137,-4.135902991763519,-4.208040363969012,0,2024
Matiari,0,-10.945440973115652,-16.494387911037887,2.6535908438909814,1.0097084280873005,0,2024
Matiari,0,-11.598244990741849,-17.29612683683736,0.9851921785966589,0.4440954711565368,0,2024
Matiari,0,-7.490938201148261,-15.15201462857081,-1.5625759239704848,-4.847431786743989,0,2024
Matiari,0,-16.158543585839226,-28.387237577832273,5.361285187419048,11.85886180312935,0,2024
Matiari,0,-20.462944294910105,-30.946571884781946,10.584968905714437,16.416803952844848,7,2024
Matiari,0,-17.27289228401624,-25.929950710670106,0.4747235784812176,-2.308756477507501,0,2024
Mianwali,0,-17.77702923543999,-27.582842584695406,4.0592618669524185,9.585737616048775,0,2024
Mianwali,0,-6.868006135112871,-16.511968472432656,-5.917371401498521,0.2148065075493868,0,2024
Mianwali,0,-12.142030164723625,-19.07621772968757,-2.907379053203316,-4.606914676823386,0,2024
Mianwali,0,-15.260803481846786,-24.312551215323083,-0.17691997896068656,-2.3323344052242945,0,2024
Mianwali,0,-13.614100073548569,-22.600505238218876,-2.088737138461024,-5.31728560340763,0,2024
Mianwali,0,-10.250515822671389,-16.658753502956188,-1.9125664914299492,-2.3686550996345943,0,2024
Mianwali,0,-12.796172618712768,-20.997022668733663,-3.0919499392341,1.7535119210927057,0,2024
Mianwali,0,-8.287683683608979,-16.72369066520142,-4.332842566983068,-0.8244190263363471,0,2024
Mianwali,0,-9.819513241888643,-15.1698459911273,-1.5580869179867367,0.14933802595822598,0,2024
Mianwali,0,-10.063036329260406,-15.908553919954034,-2.8986825497228317,-0.4705438489116709,0,2024
Mianwali,0,-8.381861649780493,-15.263990957178043,2.6509942345584694,0.9718683756942745,0,2024
Mianwali,0,-4.18241801894141,-17.444428636353095,-8.606392067060492,-1.5059295197529892,5,2024
Mianwali,0,-7.207347910263029,-16.81255307504047,1.105573872895591,1.3813983778037837,0,2024
Mianwali,0,-11.169630884607404,-17.74394807335173,-0.4714062037972795,-1.441673072249774,0,2024
Mianwali,0,-21.704711196022878,-27.498164581078242,5.435848906876124,-1.4592637705469507,71,2024
Mohmand,0,-8.383552332423907,-15.665204624828581,-0.23592326962040389,-1.0839454792757817,0,2024
Mohmand,0,-10.04045065100567,-17.737532710509388,-1.2649553456300957,1.858979440244184,0,2024
Mohmand,0,-7.869858057078915,-14.900714674814601,0.5356259029804527,-1.5327019587180786,0,2024
Mohmand,0,-12.137242863374087,-21.522404426046247,0.5199841472781443,0.2165527087763799,0,2024
Mohmand,0,-10.744629114775453,-20.031006662354592,-2.9354226115544932,1.0447851975172853,0,2024
Mohmand,0,-11.643510867631715,-19.25418469441184,-2.1969617183397183,1.1110386192781405,0,2024
Mohmand,0,-13.924541196926501,-21.375036567854522,1.305269590090031,0.9716516504570549,0,2024
Mohmand,0,-10.39931754123992,-18.191639652741912,1.673591902062146,2.4007220299544834,0,2024
Mohmand,0,-9.587215402812959,-16.69689447732355,-0.3901113958840554,-1.180786544075353,0,2024
Mohmand,0,-8.451157439987613,-16.228037951514857,-3.871310698639709,-1.1173231199112337,0,2024
Mohmand,0,-7.057598489483134,-15.697509804454,-1.6952427354980735,0.115829670975236,0,2024
Mohmand,0,-10.52467493998406,-18.835643196535703,0.8425603201813061,0.4562475684229348,0,2024
Mohmand,0,-11.484939650780284,-20.970184329350435,1.4625450563546494,3.123878356981674,0,2024
Mohmand,0,-11.298206254325935,-19.37938399215183,1.2082245581816284,1.596082118073216,0,2024
Mohmand,0,-11.335958314052295,-15.641608771325213,0.4911157435211013,-0.35523805119566276,0,2024
Multan,0,-9.980826986519364,-16.02059358596796,-1.4313143089871652,-1.681229251190441,0,2024
Multan,0,-10.025020681536695,-15.563886599241807,-3.183495733537306,-4.639527182489216,0,2024
Multan,0,-7.989413392982239,-12.665885006824713,0.602136025754044,1.9676056111638829,0,2024
Multan,0,-10.728343439116884,-17.621055962057014,-0.41391169725039667,-0.20234982679747304,0,2024
Multan,0,-6.172117191553031,-15.118951771407037,-4.8257243952856825,-2.9758502954972705,0,2024
Multan,0,-9.07180699706334,-17.284400067861352,-5.05801208892367,-0.8386694734753632,4,2024
Multan,0,-8.858821503157536,-18.744617134411122,-3.9232534155039716,-0.2648362183632713,0,2024
Multan,0,-16.030914529122505,-24.268100399426313,-2.0864303786179903,-0.5075833131544805,0,2024
Multan,0,-11.859284303416091,-17.744350855736784,0.05025953775012404,-0.7623310932846081,0,2024
Multan,0,-8.45114781385035,-16.953137557000304,-4.154631218578716,-0.4648764890509298,0,2024
Multan,0,-8.58085324220939,-13.97479427749129,-5.7046118610381065,-4.731540618303692,0,2024
Multan,0,-12.277504030974963,-18.462293965350256,-1.5333281538835966,-6.899448791953976,0,2024
Multan,0,-8.7968178451931,-16.19703139089352,-5.827075821128544,-6.50226447051358,0,2024
Multan,0,-9.48771208009984,-15.494568804206521,-1.1635953126977405,-0.8041826844517228,0,2024
Multan,0,-7.5656958736503634,-13.561711571183384,-8.919011502646452,-7.092635717042636,0,2024
Musakhel,0,-12.0898532508042,-20.412911366704243,-0.8483590418617428,-0.004622181070285336,0,2024
Musakhel,0,-10.447575215365521,-19.9194968217544,1.155168235536017,1.2613938284221895,0,2024
Musakhel,0,-8.507643990778796,-16.151138838902646,-1.3369887192525933,-1.4599606895012869,0,2024
Musakhel,0,-8.342554853680369,-15.151492350203826,0.5045285836811182,-1.1708098836925185,0,2024
Musakhel,0,-9.850866890051906,-17.764748724363596,0.7661439004216408,0.5842560937746804,0,2024
Musakhel,0,-13.74460348814921,-20.650142351403527,1.7612029027441167,1.3807247344509683,0,2024
Musakhel,0,-9.619309355270364,-14.711720243635982,1.1104765484811665,-1.5714759349984124,0,2024
Musakhel,0,-11.266694476907874,-21.467192949072903,-1.1238971336170849,3.544853096908092,0,2024
Musakhel,0,-8.178702994276364,-14.258548397831603,0.2703731133435321,-0.6805689184450774,0,2024
Musakhel,0,-9.847866468193484,-17.302171446399452,2.572465934180431,0.8078848934436813,0,2024
Musakhel,0,-9.997888153817568,-15.898604246654726,-0.9986012432857034,-1.6227147710270966,0,2024
Musakhel,0,-9.628934051296369,-13.35165395554436,1.0125021314913596,-1.4134050600010575,0,2024
Musakhel,0,-9.107888204386615,-16.064648590979576,-0.5774407731627704,-0.21669039226161857,0,2024
Musakhel,0,-7.435028720696415,-15.9783210879725,-0.07240890454470694,0.5052067684877439,0,2024
Musakhel,0,-10.452776385700322,-16.334381101877142,-0.30342861700637513,-2.2164509053026045,0,2024
Muzaffargarh,0,-11.081323272590847,-22.616206326207276,-4.186390037553064,4.47253693297251,7,2024
Muzaffargarh,0,-7.662261929264304,-15.97178855243229,0.3998619260891392,0.8769717710515899,0,2024
Muzaffargarh,0,-9.763340608465143,-18.327304414949904,-0.7421041512044404,3.849169814083382,0,2024
Muzaffargarh,0,-16.735138016776588,-26.18851410759209,3.110193073873482,5.217953302195308,0,2024
Muzaffargarh,0,-10.260732228961409,-21.215835074933707,-2.6640168985107238,0.02279422825154853,0,2024
Muzaffargarh,0,-8.173224499996909,-16.32411639212334,-5.763452613713801,-4.51838465573233,2,2024
Muzaffargarh,0,-11.191456985576753,-17.940626354444458,-1.6508999313018826,0.7461158119338975,0,2024
Muzaffargarh,0,-9.429834612942255,-14.529767892275677,-4.524089773218888,-2.269059568071425,0,2024
Muzaffargarh,0,-9.226723562363567,-16.73985462377847,-3.1134819917884187,-0.24045058529446095,0,2024
Muzaffargarh,0,-6.202330300167197,-14.672187819901762,-8.686907722451704,-5.852790505435518,0,2024
Muzaffargarh,0,-7.600349707632439,-15.029972167272701,-2.596770399801848,-2.9222515775815925,0,2024
Muzaffargarh,0,-9.813241172792459,-15.872045100051443,-0.8800803892936937,-2.48899386838543,0,2024
Muzaffargarh,0,-9.513288971197555,-15.939097906266955,-2.152631796369004,-3.4665759233777145,0,2024
Muzaffargarh,0,-9.116394570420724,-14.907007767357836,6.139058709159562,-4.778229117715888,0,2024
Muzaffargarh,0,-10.67888944501243,-18.25737595671327,-3.10809931382048,0.05171310492020709,17,2024
Nagar,0,-8.199628715494189,-17.728814786262742,-1.7584256085746492,0.0741107279398392,0,2024
Nagar,0,-9.180991582723365,-17.83093974130335,1.1563089870693304,2.149131816000512,0,2024
Nagar,0,-6.448704744070332,-13.318394027792255,3.491042022632522,-0.12349248335018537,0,2024
Nagar,0,-10.560395920018289,-16.951004451848693,-2.5065534341211606,-2.3160149547927666,0,2024
Nagar,0,-14.071604343412677,-23.91948759320169,13.069771058889723,18.509851503699494,0,2024
Nagar,0,-7.76890924338286,-19.425151569305143,3.9367149651673534,13.304567565455567,0,2024
Nagar,0,-17.87475198953224,-23.10059441980483,-1.0441207912161232,1.8375100387961893,0,2024
Nagar,0,-5.324439689936503,-13.11063868093967,1.3249676469692502,0.3257700806329442,0,2024
Nagar,0,-10.478786791522566,-21.66370663970926,-0.7908840504764818,3.6367521402847345,0,2024
Nagar,0,-0.07110208773210529,-12.053593835233954,-4.914348640116982,0.33180639843901005,0,2024
Nagar,0,-0.2668250373176897,-14.919438073086939,3.390511215120615,10.44963037960081,0,2024
Nagar,0,-3.3998764233456957,-13.301944225209631,-0.22408735523002932,-1.4299252766293993,0,2024
Nagar,0,-10.572636165678963,-23.494974758609168,7.539215553490523,15.39256051448247,0,2024
Nagar,0,-11.811519137861929,-17.446714217833296,0.31136260402157134,-0.5267334666908532,0,2024
Nagar,0,-8.050265689729596,-14.756633671562684,-2.884868204418721,-3.088729090630915,0,2024
Narowal,0,-8.337890258721737,-16.331252720823294,-4.733933606982422,-3.510470135378103,0,2024
Narowal,0,-10.859367391221095,-17.844967754703262,-2.3808123861788246,-1.1771449624341557,0,2024
Narowal,0,-9.335699131056401,-16.169950639747437,-0.541088140223053,-0.11384471997477519,0,2024
Narowal,0,-12.927820366651764,-20.04308921192536,-0.8634357245025193,0.6049372649683811,0,2024
Narowal,0,-8.17921770103246,-16.57668740978465,-5.254441803602097,-2.315689324517944,0,2024
Narowal,0,-9.267981132184238,-16.452358372088252,-1.1597771425688315,-0.867418027107945,0,2024
Narowal,0,-9.298020840590333,-15.852617649804923,-2.2227815270884843,-3.925573939061838,0,2024
Narowal,0,-11.044675686225958,-17.577341761404313,-3.2801061585391764,-1.4970720674463394,0,2024
Narowal,0,-10.496134658539741,-16.908831603791686,-3.174340659843473,0.05172215734510743,0,2024
Narowal,0,-9.834470522651673,-19.355114033119897,-5.372577870588632,0.06839843887818375,0,2024
Narowal,0,-10.792295001732166,-17.469060416891097,-2.2767053877907184,-1.063484848082986,0,2024
Narowal,0,-11.4765414846,-16.665263806328376,-2.23943423240857,-3.420247253461554,0,2024
Narowal,0,-9.777473029215018,-16.86665936242403,-2.095577494624525,-2.5008443478789175,0,2024
Narowal,0,-11.017860589289352,-16.977378119504127,-4.713250781449856,-2.967341501387132,0,2024
Narowal,0,-13.307529948308963,-20.18257615514983,-0.45650248087947,2.0552102648349866,0,2024
Nasirabad,0,-11.381479390345424,-18.195507329564393,-0.4451381876466822,0.8364230147102134,0,2024
Nasirabad,0,-7.57869478189909,-16.532354869569616,-2.820480876582172,-0.0032496096095471216,0,2024
Nasirabad,0,-9.977941431280973,-15.804518038371395,-1.1371322624293132,-0.6983424066913564,0,2024
Nasirabad,0,-12.047617990615972,-22.19466167263139,-0.2997601502866729,3.3201119390169573,0,2024
Nasirabad,0,-11.887327871012879,-22.426902344172284,-1.0693251732086964,4.374375590472525,2,2024
Nasirabad,0,-11.056169395224074,-22.61076478259797,0.2519446146172193,6.67752416836591,0,2024
Nasirabad,0,-10.138808861749823,-24.80277686314119,-1.9743634414313682,5.519686569948885,0,2024
Nasirabad,0,-12.377640009661349,-20.22758947763708,-2.56817147454022,-2.6512304065615915,0,2024
Nasirabad,0,-15.847277249036264,-21.067248717866008,-0.10258544359395927,0.6497470239312264,0,2024
Nasirabad,0,-10.662580349487637,-21.63321136503653,-1.5300996367907551,4.312758812066818,0,2024
Nasirabad,0,-10.165587590270135,-17.0795161056678,-1.0437698188079985,0.16271883962367895,1,2024
Nasirabad,0,-7.152828325292339,-14.067006769542846,-0.39640316741215553,-4.009245013486012,0,2024
Nasirabad,0,-13.03947588356232,-23.095042308106578,-0.5658247846453204,4.92469064189395,0,2024
Nasirabad,0,-11.672376846464871,-17.889191386715517,-5.205483923136235,-6.8797807970951474,0,2024
Nasirabad,0,-9.507011570529684,-18.49230551697409,-5.207172465068997,-0.7018707777225792,0,2024
Naushehro Feroze,0,-9.873548156761618,-15.056131526709635,-2.0308534206474533,-0.489645752944476,0,2024
Naushehro Feroze,0,-8.986638735683883,-17.792126890971247,-3.7160145407735197,-2.0972069810044047,0,2024
Naushehro Feroze,0,-8.565098846487594,-15.127123459331028,-5.278589500176631,-3.76480448546576,0,2024
Naushehro Feroze,0,-9.30486243913296,-15.76367917646237,-4.289675507966956,-3.262945724345398,0,2024
Naushehro Feroze,0,-19.48954011279583,-30.995745300800078,1.7039289621756026,2.74382239239981,0,2024
Naushehro Feroze,0,-11.94009182829074,-20.599590856290646,-4.413876760710526,-3.4328372027880363,0,2024
Naushehro Feroze,0,-10.160962585265292,-20.963449154619457,-0.9582482159884957,0.687910432317949,0,2024
Naushehro Feroze,0,-9.459758754564039,-18.15110462516034,-3.8288436105065156,0.15872106930185126,0,2024
Naushehro Feroze,0,-9.147235184196482,-15.532926972124312,-2.5446266838716074,-1.7158467062558422,0,2024
Naushehro Feroze,0,-9.314364671936833,-15.63703471027318,-1.1629176171818951,-1.7967924745082051,0,2024
Naushehro Feroze,0,-10.087186678708807,-19.08156026899753,-4.499181311564477,-0.4530482102295039,0,2024
Naushehro Feroze,0,-9.914167659101349,-16.5527047222838,-2.9932510230316094,-2.480466847100921,0,2024
Naushehro Feroze,0,-9.247731520885667,-16.463440487707363,-3.391408611991645,-4.17908394655127,0,2024
Naushehro Feroze,0,-14.071944213540966,-24.122595381331028,0.5383745011947845,5.141879559747487,5,2024
Naushehro Feroze,0,-8.850407069198692,-14.038225614567015,-3.5836519312832227,-2.94676462098014,0,2024
Nawabshah,0,-9.084370949368335,-20.097192358795635,0.8830980671837771,3.6167693657705478,5,2024
Nawabshah,0,-10.640770706470555,-15.39296392656333,-3.3039287958556685,-5.766406100782508,0,2024
Nawabshah,0,-7.61439898493785,-14.192333195624776,-3.3190380701291637,-1.1421211043079644,0,2024
Nawabshah,0,-7.643728800500581,-21.22357733920341,-0.7624868798565014,-1.7155770229113116,0,2024
Nawabshah,0,-19.287841849200316,-26.079473040527606,11.564665484876969,10.756110458226658,6,2024
Nawabshah,0,-10.324572022523688,-16.580055369156383,-0.9669232612185166,0.8445935307747199,0,2024
Nawabshah,0,-7.864950736862163,-14.731827383231781,-5.724981808541031,-4.8691602130322735,0,2024
Nawabshah,0,-18.996012644249184,-27.677071489123236,5.220069650694137,1.4914357926146984,0,2024
Nawabshah,0,-8.124881837277272,-14.709092127018243,-5.604839493906109,-3.1937437301826055,0,2024
Nawabshah,0,-11.141680101594336,-21.77902603632178,0.7270022978649937,3.652375684322628,0,2024
Nawabshah,0,-13.143531353583406,-20.447296319442607,-1.1511510054410454,-3.2143934455689234,0,2024
Nawabshah,0,-8.500290577241657,-16.171682184530088,-1.9207025147618086,-1.9071338552390884,0,2024
Nawabshah,0,-8.713889220685534,-14.756557770611034,-3.5670784199220584,-3.4460988105411214,1,2024
Nawabshah,0,-10.456536296328244,-18.349041830922086,0.60632436268566,1.963118796701668,0,2024
Nawabshah,0,-7.726137952089969,-14.04539135085687,-5.451720945735715,-9.36344880089599,0,2024
North Waziristan,0,-2.3396617285100887,-11.806177861675678,-0.28141260043385596,-0.4059434854748236,0,2024
North Waziristan,0,-6.643634468359329,-15.343727808142113,1.9649382531673298,1.2952176166838054,0,2024
North Waziristan,0,-12.908371841006172,-18.31201176555632,1.1291772678122527,0.33874822462961873,0,2024
North Waziristan,0,-9.803280919908492,-18.622578027784474,-1.105614811791991,1.1966418099673781,0,2024
North Waziristan,0,-7.5182374909626715,-13.64636475512041,0.03920585536880061,-2.081746097533699,0,2024
North Waziristan,0,-9.577978674987644,-16.504699753702376,0.16848887284587022,-1.2139638072546148,0,2024
North Waziristan,0,-8.502555834185436,-17.330106866925178,0.7722692842223227,1.560220226977325,0,2024
North Waziristan,0,-8.86150161860413,-15.69817408603111,-0.5609161697194818,-2.1306719064955146,0,2024
North Waziristan,0,-8.783370892174299,-17.14222975781929,-1.097629407689249,0.7808133897916925,0,2024
North Waziristan,0,-3.7964341607537317,-15.839005091290566,-2.898240989932905,2.708377728286635,0,2024
North Waziristan,0,-4.109274154305112,-12.300420535546818,2.823550763379819,0.287661997114105,0,2024
North Waziristan,0,-6.711364295439996,-14.432698909777406,1.6880111764345251,2.531708323992394,0,2024
North Waziristan,0,-13.042492925183854,-19.4174083188717,2.0720646256784327,0.46350093199048814,0,2024
North Waziristan,0,-9.657084729624897,-16.770264680591275,-0.894758973038325,1.4051056618460684,0,2024
North Waziristan,0,-13.346179030916453,-15.30690601118594,4.308413124378333,0.8484328650040833,0,2024
Nowshera,0,-8.925814173410112,-13.598227100143786,-0.046040727120514546,-1.6012845373417708,0,2024
Nowshera,0,-11.16672890510516,-16.818709912229657,-0.08270285568419666,0.6896546550739089,0,2024
Nowshera,0,-11.745865947153774,-17.191363619508536,1.7806743233235434,-0.20990770039731999,0,2024
Nowshera,0,-9.005741195996372,-16.706230704537234,-0.7429121258123637,-0.026597237723869682,0,2024
Nowshera,0,-9.311683945339396,-17.33252769379441,-1.5072259811223816,0.41712467852213564,0,2024
Nowshera,0,-8.471245041793528,-14.37709170091755,-1.2976388577942028,-1.7754171333565232,0,2024
Nowshera,0,-11.876805782144693,-18.158780101653367,1.4363702307279684,0.1252360188713837,0,2024
Nowshera,0,-10.040344247244793,-17.507957204809458,-1.1497361285797254,1.1220474738582595,0,2024
Nowshera,0,-10.902142884930186,-16.04629193329012,-2.2988365103578694,-0.6938636363334147,0,2024
Nowshera,0,-7.567181936379103,-13.765788928625284,-1.3926179625814585,-0.4069222314018255,0,2024
Nowshera,0,-9.102378970879641,-15.034232328672136,-2.314074975608417,-0.7548860067976904,0,2024
Nowshera,0,-10.79667817181411,-18.060972139405745,-1.378816671213558,0.62531517224539,0,2024
Nowshera,0,-8.730525370205896,-15.773773428973799,0.810157652286259,-3.655630147165388,0,2024
Nowshera,0,-9.318573395949322,-15.646034283227644,-2.3493509913890556,1.1407238667273862,0,2024
Nowshera,0,-7.730576515571721,-14.031848264239986,1.8868479640989557,1.2360249182955378,0,2024
Nushki,0,-16.38283910462125,-19.894988937638793,4.840862494640186,-0.007087140679836068,0,2024
Nushki,0,-15.541949266921904,-27.702558355095384,-0.8244903681343239,-2.4649919381581853,0,2024
Nushki,0,-20.42946672253936,-32.671223818831365,3.4419860746800666,1.9542721889598376,0,2024
Nushki,0,-8.341852834940905,-18.773421535456748,-2.386611060082579,1.3659160461033224,0,2024
Nushki,0,-10.21471547821761,-16.316781882936823,1.5403068097909554,-0.8105417842402289,0,2024
Nushki,0,-10.356745970488143,-19.599390278840254,-2.0529939182286707,-3.2939754404693993,0,2024
Nushki,0,-21.682865599834816,-32.28250808454013,0.4437946449619581,4.216837055811194,0,2024
Nushki,0,-12.27712783632847,-21.58936915809062,-2.17094907854783,-4.5996223192418455,0,2024
Nushki,0,-16.198651383183236,-23.929185851973614,-0.03336011064188327,-4.32993448258042,0,2024
Nushki,0,-13.043678357793882,-21.42847480513437,3.053365272683239,1.961330710698057,0,2024
Nushki,0,-14.913749978078886,-20.23899738667565,0.29152433610510897,-3.79955782719081,0,2024
Nushki,0,-15.043791573825718,-26.949216291878653,0.7301095640061632,0.4568515388715291,0,2024
Nushki,0,-21.45466895438628,-30.149927444595114,2.538801687547963,-0.43429862780577366,0,2024
Nushki,0,-9.869452803171608,-17.876163529253343,-1.187097523755174,-1.6845841076377326,0,2024
Nushki,0,-22.597919943556263,-30.76638873198785,0.3347049159196658,-2.2503870646677804,0,2024
Okara,0,-11.286813434028675,-16.656529853775297,5.345851035142035,1.0803977524517876,0,2024
Okara,0,-11.035948099672662,-16.72155475833754,0.3787458230627365,-1.4662473677151873,0,2024
Okara,0,-9.565932420898855,-17.278982730308567,0.8500087351281689,0.8871848499633295,0,2024
Okara,0,-9.45569553956469,-19.12091276813767,-2.252123277816862,0.25561650569134997,0,2024
Okara,0,-9.717620343110005,-15.800199221374243,3.83812585255256,-1.5780480765914753,0,2024
Okara,0,-12.055487507025703,-17.592007910963005,6.903555419075042,0.882380430818003,0,2024
Okara,0,-9.712303868646604,-17.020990283006213,-3.0951539482548736,-0.506288531058221,0,2024
Okara,0,-9.657868739048187,-15.698540265138604,-2.2052837208316465,-1.2040513087482978,0,2024
Okara,0,-10.306865982812823,-20.387769039548296,3.17651779339303,1.810507689361284,0,2024
Okara,0,-12.461759921087205,-17.27135064843146,-1.6862953396565903,-1.241503731732088,0,2024
Okara,0,-8.994268900173214,-17.563984991146047,-3.0675126278615608,0.32368832345189347,0,2024
Okara,0,-10.643944399415286,-17.77661579583292,-2.6165202817208844,-1.0415906767222474,0,2024
Okara,0,-11.816594690230149,-18.661792689064626,3.1225322583247124,-1.2664211798359446,0,2024
Okara,0,-9.267808850833099,-17.390407237922084,-5.921238708813828,-1.0885722373174715,0,2024
Okara,0,-10.285041811154507,-16.754367023511808,-2.6062457074875223,-1.9250574411865244,0,2024
Orakzai,0,-9.119821658312357,-17.63641995762916,-1.3936789278767936,-0.043044664903916896,0,2024
Orakzai,0,-10.476328520497955,-15.722884082399714,-0.32070212269384335,-1.9209539431529183,0,2024
Orakzai,0,-3.6793430542893466,-11.975601555389321,1.9042885011681336,1.2590757916076694,0,2024
Orakzai,0,-11.120137851269597,-15.711665233753735,-0.39024583338802543,-2.088867620861354,0,2024
Orakzai,0,-10.90630603468405,-16.4490859348785,-2.380213098222171,-5.023982538184775,0,2024
Orakzai,0,-9.471155517156186,-15.6351987692676,-0.5563054216675507,-1.3360157771063363,0,2024
Orakzai,0,-7.792128402481916,-14.572139401789507,-2.497943732942673,-1.18912162554496,0,2024
Orakzai,0,-4.4259656071642315,-10.23381670815494,1.3932753132842182,-0.5199336644453325,0,2024
Orakzai,0,-8.414910770553618,-14.102330236155922,-0.26006450741859055,-1.6461875094372047,0,2024
Orakzai,0,-8.28999656915996,-14.038566039316667,-0.22826282909938023,-0.29809394980307324,0,2024
Orakzai,0,-9.859395023274574,-15.992257614970786,-0.20391969359374862,1.0498759902189718,0,2024
Orakzai,0,-3.065978753360124,-11.346516422567253,-0.054956344795160206,0.8540461889264197,0,2024
Orakzai,0,-8.313521095349934,-15.801519363682988,-1.3280128011792822,1.06131285159646,0,2024
Orakzai,0,-8.641226352906452,-14.965246062115366,-2.3372791831961095,-0.5765336431568322,0,2024
Orakzai,0,-6.249685920866686,-12.808167621080845,0.12602061943803466,2.6415618667006715,0,2024
Pakpattan,0,-7.693139776365177,-15.113854948628829,-4.916428157588852,-2.571964419144729,0,2024
Pakpattan,0,-10.895922775768693,-18.438987988176557,-2.54246137156559,0.34607786173007327,0,2024
Pakpattan,0,-9.41368830168351,-16.82222368821823,-3.2849036814877834,-1.8534005778937477,0,2024
Pakpattan,0,-8.48536340199205,-15.593070084241209,-4.742575775103353,-3.2726012024157605,0,2024
Pakpattan,0,-10.070918346232851,-17.742828556574604,3.2837170332163312,-0.647623829701228,0,2024
Pakpattan,0,-9.306329685379588,-15.1959827746791,-3.4276513627331067,-2.6596381272651524,0,2024
Pakpattan,0,-10.124300715346246,-18.42627563412416,0.7295093060724014,2.3853280934846204,0,2024
Pakpattan,0,-8.628911796726499,-13.89990650689516,-0.4970707880778349,2.3223870021476465,0,2024
Pakpattan,0,-9.966732994167383,-21.354210743528352,-3.628108500849601,0.11163969001374241,0,2024
Pakpattan,0,-10.251439459503459,-19.39576888572872,2.879211714509383,-2.6637169852143963,0,2024
Pakpattan,0,-10.24476349563411,-17.216803657127116,7.151605367787488,-2.288985737259843,0,2024
Pakpattan,0,-9.730402769877504,-17.026879156150493,-0.22299225805829614,0.23636240728491487,0,2024
Pakpattan,0,-9.790085488155796,-16.074944222086174,-3.507106610914038,-2.100482898327922,0,2024
Pakpattan,0,-10.578335507803212,-20.74133392567625,3.963653698197967,-4.168095980247031,0,2024
Pakpattan,0,-6.446934325041152,-16.211846026859348,-7.166929691756051,-3.9749876805818616,0,2024
Panjgur,0,-13.17621098602435,-23.331197259763286,-1.0276850826786106,-1.2705742351502387,0,2024
Panjgur,0,-7.979791047264837,-16.34589678507285,-2.7022020627517156,-1.8118262941482257,0,2024
Panjgur,0,-13.7813665435406,-27.07879248029238,-1.0322117384769385,0.6832382664167298,0,2024
Panjgur,0,-7.619661843510776,-17.084858481126926,-0.45845808336944405,-0.027544788118245123,0,2024
Panjgur,0,-5.8410015870463905,-14.982944985343682,0.14736606848012368,0.14917345506461466,0,2024
Panjgur,0,-11.759060560112616,-23.377969419883108,-0.8042213782019232,-0.3141614927224481,0,2024
Panjgur,0,-10.307419544158723,-19.895112118741686,-1.2503846056587875,0.12233094309392101,0,2024
Panjgur,0,-10.265194428135626,-19.4542236936432,-1.7857593042302735,-2.8572339640316855,0,2024
Panjgur,0,-11.883631967151032,-20.289106039958888,1.668392217054814,0.03226692489629457,0,2024
Panjgur,0,-11.756158420491973,-20.306614642677058,-1.9233250309380594,-0.23978707134529387,0,2024
Panjgur,0,-6.113892270859864,-15.825791160862964,-0.03738793905433102,-0.17914715226597444,0,2024
Panjgur,0,-9.339669545614656,-16.81870242801956,-1.655643557776461,-0.9987561834121017,0,2024
Panjgur,0,-15.912118977677721,-27.262694721417553,-0.04207368656746446,-1.42079917874252,0,2024
Panjgur,0,-12.668118106503954,-21.507943586411166,0.6095464551996006,1.1189031140587993,0,2024
Panjgur,0,-7.753544664858177,-15.199019611251323,-2.8153942616422896,-2.9323628914589897,0,2024
Peshawar,0,-12.360197022758221,-18.01747050050725,-1.1074336867508734,-0.514387028955074,0,2024
Peshawar,0,-9.633875162626582,-15.112825163931888,-3.278462039483097,-2.469163911605147,0,2024
Peshawar,0,-10.951013436057718,-16.778443084255155,-0.2758513934772182,-0.9395233619465735,0,2024
Peshawar,0,-9.486228817772094,-15.806408885003865,0.3460117011613022,-2.106423875668643,0,2024
Peshawar,0,-6.22411668725013,-15.159450659882683,0.7504524813406492,0.5044630747267149,0,2024
Peshawar,0,-9.372744035723015,-15.838980818582307,0.9813261773600317,1.0772132967290808,0,2024
Peshawar,0,-8.050990898160405,-15.442383080338427,-2.707314802616054,-6.229149084672731,0,2024
Peshawar,0,-5.859804893583897,-13.928814792324768,-3.929554011015659,-4.127909322556388,0,2024
Peshawar,0,-16.309799567374654,-23.129610707557916,2.20841790037813,-1.3972100982251874,0,2024
Peshawar,0,-9.470127009856391,-17.315959112255506,-3.8576744848517492,-0.9291100017043448,0,2024
Peshawar,0,-11.287828557348785,-16.96418932724152,0.3551637182313865,-1.433763061206914,0,2024
Peshawar,0,-9.365016414033162,-15.342474190031709,-1.9277329840552806,-0.7050304779171874,0,2024
Peshawar,0,-4.592714842595319,-15.337170014538177,-2.3842834356118967,0.28421272777442397,0,2024
Peshawar,0,-10.36881334997475,-16.29011358278492,1.3036466246237826,-0.4117199705140884,0,2024
Peshawar,0,-11.02513606555586,-16.188024364445695,-0.798619783546112,-2.1336489083261228,0,2024
Pishin,0,-10.227223445433921,-20.71959474739312,0.08762731300020654,1.3918823926484087,0,2024
Pishin,0,-13.489760240547524,-22.393798500574324,2.9913234266749544,0.8708885559028339,0,2024
Pishin,0,-13.263859680523522,-22.063125097385104,1.605247797605239,3.2192694565845272,0,2024
Pishin,0,-13.047527701836824,-20.706535755140465,0.6013423525898638,-0.2120652787677173,0,2024
Pishin,0,-8.498090863794346,-14.739344663851679,-0.35826835430503934,-1.5587735696914073,0,2024
Pishin,0,-11.384147559909664,-18.714420460471757,0.10798481811091598,0.24489474678949108,0,2024
Pishin,0,-12.105758019088446,-18.71554228053446,0.40427970489277776,0.2209286645159665,0,2024
Pishin,0,-15.733949456728194,-27.256694078504207,4.213514109309692,2.321488176176633,0,2024
Pishin,0,-10.662347801191935,-16.158937671655845,0.22984373470864305,-1.1448946523581576,0,2024
Pishin,0,-11.66555134141932,-21.843806644944564,-1.025727904668825,-0.055656207063968566,0,2024
Pishin,0,-12.163722578555628,-21.77955504739915,-0.43670120088841813,-0.7303259654664771,0,2024
Pishin,0,-12.371404036276527,-23.26128781303957,-1.9533216842524048,-0.5631500670684737,0,2024
Pishin,0,-10.874025775847858,-19.045295926210716,4.717844947176589,-0.9961274323656006,0,2024
Pishin,0,-6.545029451633502,-15.218494714162553,-1.3674838814672974,-1.040222845766447,0,2024
Pishin,0,-6.1460011621717205,-10.709021363041247,0.8557802707123505,-0.6184488165120783,0,2024
Qambar Shahdadkot,0,-15.33249426280381,-22.30767032237592,2.289832149625461,3.8416902946781946,0,2024
Qambar Shahdadkot,0,-17.048836892113528,-25.75322833813499,4.642059391809376,6.301162108089301,5,2024
Qambar Shahdadkot,0,-11.709701602431705,-17.078422864514103,3.3337627453032113,-0.6926371133426166,71,2024
Qambar Shahdadkot,0,-10.718869508591292,-18.47712326246299,-2.460327407371647,-0.5009510229479233,0,2024
Qambar Shahdadkot,0,-6.58789769735595,-13.324206523523635,-0.5642743265781593,-0.4388210485690003,0,2024
Qambar Shahdadkot,0,-14.212209079065607,-25.791794852860285,1.8510586497494206,6.19739784175535,2,2024
Qambar Shahdadkot,0,-8.01050139458911,-13.444762597469321,-1.3082440845637358,-1.293075215423654,1,2024
Qambar Shahdadkot,0,-9.938694537333122,-19.985602806279058,-3.6657789554366484,-0.11600907976456654,0,2024
Qambar Shahdadkot,0,-9.773208300284889,-21.679329232886523,-3.192365879934739,3.659116939041194,0,2024
Qambar Shahdadkot,0,-9.258703377220602,-20.218755725044993,-4.512618625021444,0.8258470349544034,0,2024
Qambar Shahdadkot,0,-12.411257315942741,-24.870623621077648,0.9274042724874718,6.207060387199007,0,2024
Qambar Shahdadkot,0,-9.349625062287314,-20.522307313865937,-5.61932591922597,1.9100511922235057,0,2024
Qambar Shahdadkot,0,-9.375220647260559,-18.90179382520127,-0.8828505307357553,1.0382143517229139,19,2024
Qambar Shahdadkot,0,-9.327011172152815,-17.163363130250758,1.218149733010021,1.6121841322953916,0,2024
Qambar Shahdadkot,0,-9.097330709849189,-17.614807994923996,0.8083627588981805,-0.9161566963407495,0,2024
Qilla Abdullah,0,-9.987087275264797,-17.794594844207246,-2.3880696776669357,-2.176716268607521,0,2024
Qilla Abdullah,0,-10.223597541663171,-15.731109554484581,0.519967312441219,0.8650685817220545,0,2024
Qilla Abdullah,0,-10.002443287123555,-19.175573284248717,0.8272772735809593,-0.11185187853201128,0,2024
Qilla Abdullah,0,-9.78682243724725,-19.09775984129372,0.9266903615451323,-0.16324978442617422,0,2024
Qilla Abdullah,0,-11.935356056834115,-20.27009435398324,1.331517645455035,2.810524595099075,0,2024
Qilla Abdullah,0,-16.202035324773593,-26.611163672904915,1.4073398524916207,-0.23340055651035385,0,2024
Qilla Abdullah,0,-14.958506445112405,-25.288636884433863,5.076353815981756,4.053989715856218,0,2024
Qilla Abdullah,0,-18.785060842969244,-28.295844907909455,3.016911932285888,1.0340411924441781,0,2024
Qilla Abdullah,0,-11.279121278832358,-20.373248196488877,0.8767144697794205,-0.9902073032127525,0,2024
Qilla Abdullah,0,-11.839752369511915,-22.68034427260315,0.5824637968421147,-0.3272912085894113,0,2024
Qilla Abdullah,0,-13.903817430749035,-22.914812565325274,4.2151961931870865,1.932000258484198,0,2024
Qilla Abdullah,0,-12.551923371876128,-20.519169011671323,1.0469143486777845,3.2485614207617317,0,2024
Qilla Abdullah,0,-13.994711594152502,-23.675784820978624,-1.0721324171468574,-3.4533263126083718,0,2024
Qilla Abdullah,0,-11.838425359045985,-22.58248601495961,0.35554358306946554,2.389512672137588,0,2024
Qilla Abdullah,0,-11.334840476960276,-21.43950598995417,-1.1540909480713122,0.43393259855033506,0,2024
Quetta,0,-8.34268210396419,-18.371760247229293,-1.825797506728069,1.290880789351835,0,2024
Quetta,0,-9.1066576888289,-17.485379132280112,-0.15616786577349373,-2.8475380101422623,0,2024
Quetta,0,-16.68252115745432,-27.966586004143068,0.39492187007902757,0.4953194083867878,0,2024
Quetta,0,-11.139134291583419,-18.95060736614037,0.9985642649869728,-0.430054001294625,0,2024
Quetta,0,-5.349932848652834,-14.702775242416603,-1.0034828427696212,-0.3420886788851192,0,2024
Quetta,0,-7.289952753944262,-15.650245978885135,-2.6864338804898535,-1.425268801640609,0,2024
Quetta,0,-19.816759145169435,-31.446155894390206,3.4204258818741913,0.29585841747255515,0,2024
Quetta,0,-4.4315831010028885,-13.186326504774271,1.2608325263757716,1.7435482399377076,0,2024
Quetta,0,-13.731926813676926,-23.486959285117926,-1.8482400003339539,-3.3020897746987004,0,2024
Quetta,0,-16.19410976993359,-25.365546527205165,0.40619123967437254,-2.6903582773116206,0,2024
Quetta,0,-11.347192413933353,-16.781461574548132,2.5050856160043242,-0.7537231437379006,0,2024
Quetta,0,-10.777148510905384,-19.813288937874,0.6110584473362479,-1.3650643645326852,0,2024
Quetta,0,-8.93771498397486,-16.146019746620375,-0.9707358449344614,-1.2490145155735277,0,2024
Quetta,0,-10.719652873999458,-19.33003698572314,1.698190093945776,1.1844360382075791,0,2024
Quetta,0,-8.93504331616592,-17.307567399093834,0.34083600041187445,-0.5727739219579036,0,2024
Rahim Yar Khan,0,-8.025579323713774,-17.703987412184382,0.6863961968820451,3.706889301241297,2,2024
Rahim Yar Khan,0,-8.058592245467748,-14.269938276731574,-2.203957610251882,-1.4045386940066518,0,2024
Rahim Yar Khan,0,-13.040767084124289,-19.147450383744513,-2.5676068657571136,-3.4713772039138497,0,2024
Rahim Yar Khan,0,-11.72997159818469,-20.215441783982534,-3.407519335994131,0.4463235669223309,0,2024
Rahim Yar Khan,0,-14.522931479472767,-20.1644921197732,-0.1772583453090455,-3.182285979523744,0,2024
Rahim Yar Khan,0,-9.547496073363215,-14.550768950437924,-4.096847000427173,-3.05716200561033,0,2024
Rahim Yar Khan,0,-7.642896703140114,-14.843602533907898,-7.206457793278227,-3.7967690394278613,0,2024
Rahim Yar Khan,0,-5.87386363562619,-14.009212629701588,-4.458480747469256,-3.9978047361693125,0,2024
Rahim Yar Khan,0,-9.589070948309626,-18.873340291316282,-2.6452185415758898,-2.105836506111043,0,2024
Rahim Yar Khan,0,-7.943750326458224,-14.255458698043878,-0.2661319814389085,-8.20303556143099,0,2024
Rahim Yar Khan,0,-6.343320756101511,-13.848050693199232,-4.111160986441854,-1.704071994492848,0,2024
Rahim Yar Khan,0,-10.253553339916369,-18.176677373828625,-1.7837699814647578,-4.68201983410129,0,2024
Rahim Yar Khan,0,-13.878018366508632,-19.390615435440708,-2.740107386283656,-6.135507128334872,0,2024
Rahim Yar Khan,0,-14.293500398365085,-23.075489666184748,-2.1353990391595,0.1232917952364545,0,2024
Rahim Yar Khan,0,-13.300827530530132,-19.04139397494629,-1.2923209409611882,-0.33972163056160554,0,2024
Rajanpur,0,-8.448320114418186,-22.416011288247617,-0.13962736487813565,0.6106492700757506,0,2024
Rajanpur,0,-15.631244917758362,-24.51243415753999,2.3872679044759906,2.9189409479086166,0,2024
Rajanpur,0,-8.221768176651121,-15.936284624038684,-4.551885267581367,-0.9625384745404695,0,2024
Rajanpur,0,-10.944858422487885,-18.639958273014926,-0.944133263187867,-0.5047805636013649,0,2024
Rajanpur,0,-14.433413274864195,-31.29968968375978,-4.315974494524573,0.21773574123217188,0,2024
Rajanpur,0,-10.906869197597807,-16.303895516074995,-1.9897506848225603,-2.626902551573771,0,2024
Rajanpur,0,-12.949891565607011,-21.170356528888455,-2.897764651539994,-4.7401955500381945,0,2024
Rajanpur,0,-11.592408489082862,-27.768511085269864,-1.4681389417859396,-2.8774757208500894,0,2024
Rajanpur,0,-10.478516195508318,-15.763252403722028,-4.721550595107567,-2.948777989111221,18,2024
Rajanpur,0,-14.266906396948176,-18.62590627373106,-0.8204444359515648,-1.9587788094796217,0,2024
Rajanpur,0,-10.576514115281897,-18.021912049458575,-1.3214142768501382,-1.7744424408057888,0,2024
Rajanpur,0,-12.497663614515059,-20.682052828360284,-1.1124035660695917,-6.2024012496428185,0,2024
Rajanpur,0,-8.53781152368417,-13.854467936997235,-5.499566174434044,-8.080167308059163,0,2024
Rajanpur,0,-9.927556704527497,-15.28264703709628,-1.431604572055555,-1.0322417718198391,0,2024
Rajanpur,0,-9.532985913397471,-16.456824549825445,-4.1995453689777165,-2.8868884520323768,2,2024
Rawalpindi,0,-9.39065335877208,-15.054970705400606,-4.149422001632839,-6.0352717393333,0,2024
Rawalpindi,0,-9.828671690278362,-15.011697017295523,-1.7198528501623294,-4.414843320743012,0,2024
Rawalpindi,0,-8.983494845169275,-15.204299491515982,-2.2966707786450957,0.44228244828928887,0,2024
Rawalpindi,0,-8.51177587097519,-13.446328077330744,0.5161582858102784,-0.6292173192696193,0,2024
Rawalpindi,0,-8.475378647791354,-14.311095143153612,-3.859539701152725,-2.3114532175292766,0,2024
Rawalpindi,0,-11.096352549174245,-15.860363873243202,0.7764358719557531,0.6360654876641689,0,2024
Rawalpindi,0,-9.576147032448105,-15.897928288201403,-2.6678482869626876,-5.1303605811571735,0,2024
Rawalpindi,0,-9.475617038471507,-15.890481517005824,-4.687512651977537,-3.326769457471645,0,2024
Rawalpindi,0,-9.509972388259406,-18.219204307838254,-3.145098179351553,-1.537321804854269,0,2024
Rawalpindi,0,-10.844686401888254,-19.19933037211463,-3.101924270479408,2.1196548426337785,0,2024
Rawalpindi,0,-8.337038930467717,-14.804085505560513,-1.2503965278325246,-1.1873921823941114,0,2024
Rawalpindi,0,-11.10222838919757,-16.204285681685263,0.9385872879907708,-1.16987957037718,0,2024
Rawalpindi,0,-10.810081144916058,-17.12658463287209,-1.0177720796432723,-2.905248221900756,0,2024
Rawalpindi,0,-8.77562299231515,-17.41862333522411,-2.7468082179786926,-0.2003137415982934,0,2024
Rawalpindi,0,-8.714045631800936,-16.006442478500396,-2.1129997310403645,-2.28860245856038,0,2024
Sahiwal,0,-10.294276492652223,-18.85656324642462,1.2876579948101927,0.8939540463411788,0,2024
Sahiwal,0,-10.435174508462866,-18.999267547020523,1.6433703080619892,1.6055991902125264,0,2024
Sahiwal,0,-11.928172245498168,-16.812713425656966,1.087530836450112,0.4579160029162139,0,2024
Sahiwal,0,-10.115696616812205,-18.928298807692705,-1.405328495649563,3.0465476577593087,0,2024
Sahiwal,0,-9.360672409605517,-17.05526812527818,-3.2730394935473743,-1.4569157171289575,0,2024
Sahiwal,0,-6.879376523373648,-16.402413218066698,-1.2602718932103558,-0.26488623357283814,0,2024
Sahiwal,0,-9.078802044926038,-13.382125885627099,-2.2074091599844845,-1.1505979143811569,0,2024
Sahiwal,0,-9.395851122636305,-15.674530248437971,1.9917228199014279,-2.6277781496719115,0,2024
Sahiwal,0,-10.758213420253274,-16.982713878103056,-2.742488347065475,-2.254575328590164,0,2024
Sahiwal,0,-10.3045379310668,-15.606763411085765,-1.3923934435526526,-3.188371284891762,0,2024
Sahiwal,0,-9.708794846232262,-19.13475651792051,-1.204177561409569,0.3965076523479425,0,2024
Sahiwal,0,-9.600801296506727,-16.148010861365663,-2.1983590346709843,-2.3523975944395374,0,2024
Sahiwal,0,-8.759111674954536,-14.826058570954846,1.699510446473159,-3.935997169561535,0,2024
Sahiwal,0,-10.899420747723614,-20.930101251878686,-4.129025198444495,0.6606004084780892,4,2024
Sahiwal,0,-14.053830948463474,-21.91144534536979,-2.3308241197730624,-0.05247113967061523,0,2024
Sanghar,0,-15.375122040350488,-21.82399958594107,-2.0732987907074243,-1.0194094213194056,0,2024
Sanghar,0,-16.601922333280875,-29.871608427733662,1.1201814745873815,-0.178134031042962,2,2024
Sanghar,0,-10.717510745115877,-18.103043949959073,-1.5503851402747273,-2.1031243628027596,0,2024
Sanghar,0,-11.915408015904266,-17.704539094166037,-4.408877735696024,-3.0104568382681762,0,2024
Sanghar,0,-5.537993228543449,-14.798822833485701,-4.439546358846981,-5.059469239954598,0,2024
Sanghar,0,-12.926289712265152,-18.419788633965542,-2.3252477196381705,-1.4571714714383752,0,2024
Sanghar,0,-11.346553958954974,-18.27008006054004,-0.9738199425531455,-3.013098097489081,0,2024
Sanghar,0,-10.112181098480221,-16.26516514152059,-4.134889885077815,-2.431582149845404,0,2024
Sanghar,0,-10.113155306859337,-17.206802285719284,-1.5960066140589984,-0.5922391803830891,0,2024
Sanghar,0,-13.01429561076632,-21.67988773325132,-0.4192333414439222,-2.164165505593445,2,2024
Sanghar,0,-15.74306787470656,-20.888151892942325,-0.47730147999329553,-1.358302722318566,0,2024
Sanghar,0,-7.150159387786791,-14.706663190955476,-0.9216911731063986,-4.651541373124806,0,2024
Sanghar,0,-14.895704420956024,-18.427571154035483,0.11956336682446,-2.5618954182712663,0,2024
Sanghar,0,-6.66490965560568,-14.205106674737728,-3.278148108933568,-5.167724158082393,0,2024
Sanghar,0,-12.91388884776423,-18.425801903777366,-2.9376692732168674,-3.949027251760512,0,2024
Sargodha,0,-9.812061644969305,-15.719074690446462,0.40592259998820523,-0.16834662159603297,0,2024
Sargodha,0,-10.962183675057167,-16.91456700012034,-1.9676757566809755,-2.3484732787343354,0,2024
Sargodha,0,-9.843066112428273,-17.46128861621782,-0.9474740257861551,1.583047449325969,0,2024
Sargodha,0,-8.495152254336126,-14.468786861025608,-3.910594174027711,-2.3361599483414555,0,2024
Sargodha,0,-8.984719498133341,-15.086978554677838,-1.9680430063093741,-4.242935726044696,0,2024
Sargodha,0,-7.819549506835768,-15.235009496797373,-0.21339954955062268,1.557450352434266,0,2024
Sargodha,0,-14.03296835963544,-22.956459657010065,-1.3497007528978155,-0.8500069558237726,0,2024
Sargodha,0,-10.64387408580909,-17.490007348870968,-3.3716077202746693,-1.2007784618984303,0,2024
Sargodha,0,-10.218757740641623,-17.010638199639125,-1.6848723431343284,1.81506498292865,0,2024
Sargodha,0,-11.64024834836858,-15.764090149394766,0.0700626426596358,-1.859197626008319,0,2024
Sargodha,0,-11.512629061426281,-16.340473945261195,0.675646279361322,-1.301882994135159,0,2024
Sargodha,0,-9.264642053083234,-17.360789278133204,3.6229670753830305,5.149283394082673,0,2024
Sargodha,0,-9.388059919042629,-16.61791945152307,-1.985802727119264,-0.038998879512782025,0,2024
Sargodha,0,-9.671747884209804,-16.639864825945747,-5.1072969848865455,-2.4719236569730256,0,2024
Sargodha,0,-13.049998935059605,-18.193101708476235,1.095488952606546,-0.2517953995464772,0,2024
Shangla,0,-9.745549796493599,-14.931146674866483,-4.570811989800639,-2.533981076945281,0,2024
Shangla,0,-13.47984244025579,-17.822446445512135,-0.2860481044945722,-1.9508729543183705,0,2024
Shangla,0,-8.193292824830849,-13.543061124982913,11.139591026820757,4.801847730615652,0,2024
Shangla,0,-8.562548083562458,-15.87196387546098,-5.198706464953975,-3.932115088149141,0,2024
Shangla,0,-7.389934204210119,-15.211281344249002,0.6885797999987435,1.1370442835748236,0,2024
Shangla,0,-7.314542714660558,-17.410180791684294,-6.564948493850723,-3.4742286681601193,0,2024
Shangla,0,-8.434483199667387,-14.74448657235254,-0.6097626003541485,-1.6699851974254099,0,2024
Shangla,0,-8.711084778330338,-14.551354879646745,-3.1082652139758142,-0.8130652169191634,0,2024
Shangla,0,-9.822880307982771,-15.473210236686551,8.710664979860182,7.47456680739659,0,2024
Shangla,0,-9.428055864992688,-14.43472814697028,-5.399816232266653,-5.055471839958759,0,2024
Shangla,0,-6.38198900362674,-12.260423403722589,-0.16546436042315182,-1.0343864510388112,0,2024
Shangla,0,-12.697609143465014,-17.94554137738112,1.715399550931485,0.6157976224004145,0,2024
Shangla,0,-7.875009017504915,-15.645954769416257,0.9331933321488508,-1.7800437754348337,0,2024
Shangla,0,-7.049461709825288,-13.21352409684812,0.1702554330895989,-1.9469404981816183,0,2024
Shangla,0,-5.764253183740351,-12.386550152163109,1.935511772461298,-1.936630996337266,0,2024
Sheikhpura,0,-10.871443413484522,-15.710970170163389,-1.163083547181369,-2.583923971517354,0,2024
Sheikhpura,0,-8.706509486349972,-15.006225949468275,-5.552552303001388,-2.5078036198510265,0,2024
Sheikhpura,0,-8.65160696173777,-19.803350204949282,-2.6735864562066602,3.630980209884605,0,2024
Sheikhpura,0,-9.260077971529398,-18.6586941894708,-3.1713560301195827,0.9035686467418742,0,2024
Sheikhpura,0,-10.346626605196986,-17.649184704840486,-0.6283456803106837,1.8735514277347232,0,2024
Sheikhpura,0,-10.513005118537466,-17.680602723197158,-4.303914615142258,-2.7632623345807517,3,2024
Sheikhpura,0,-9.092124150832056,-17.38600770088271,-4.146196079205209,-1.0885703533710078,0,2024
Sheikhpura,0,-8.80526729736604,-16.60063051474146,-2.35952701859366,-1.4305003836714079,0,2024
Sheikhpura,0,-10.589613185522813,-16.288320281248936,-1.8012440258280105,-2.9423705160675446,0,2024
Sheikhpura,0,-10.632995568813497,-16.439627644763636,-1.8877964332781207,-3.345511393035519,0,2024
Sheikhpura,0,-8.705109657542348,-17.796734146654103,-4.607084766398696,0.4184016877260568,0,2024
Sheikhpura,0,-9.878936942564957,-20.233573851037747,-2.6245798676547984,2.3852065498261865,0,2024
Sheikhpura,0,-9.60111393114451,-16.70085654628008,-4.668674033215623,-2.027516449034767,0,2024
Sheikhpura,0,-9.837570792993214,-15.551819429849163,-1.6667515572814349,-2.884207423942259,0,2024
Sheikhpura,0,-10.08955490838121,-16.749377275899246,-0.7949750836836422,-2.260695193049262,0,2024
Shigar,0,4.291716706925776,-6.8987039555543825,-17.756978059866242,-8.038442822242622,0,2024
Shigar,0,-18.30638694501253,-27.874374437460368,14.040918718672453,20.247624256052084,0,2024
Shigar,0,-0.714163370610959,-9.082274784224634,-3.2424872419874466,1.6662396026126842,0,2024
Shigar,0,-5.755964907820785,-13.660195302381657,-4.472017569260546,0.58210470283686,0,2024
Shigar,0,-14.471739579762597,-22.773610086750825,1.797037588917627,1.8798295656870785,0,2024
Shigar,0,-0.38386052747182553,-10.65105335907723,1.0717424761642422,6.294138028811357,0,2024
Shigar,0,-12.57978605283899,-19.518599373314927,5.192745331002864,2.502559010090703,0,2024
Shigar,0,-4.397743323108136,-16.234966591962557,-8.259144322285495,3.1153368382547484,0,2024
Shigar,0,-3.060826529983549,-11.646405156642896,-6.571881433913536,-0.15931416115642527,0,2024
Shigar,0,-15.88827996089335,-24.01811165769173,19.793686222843036,26.675787602291468,0,2024
Shigar,0,-3.6269453798214792,-15.677840526407138,-11.080443303098665,-6.5466294284352635,0,2024
Shigar,0,-7.243464903224376,-14.826944792902307,-1.2678665436863197,-2.1158025610649034,0,2024
Shigar,0,-20.577929904673834,-22.44486466651687,20.479694784415795,18.535122264846827,0,2024
Shigar,0,-19.586066866406433,-26.320081040024526,14.842603636356817,16.160787274825566,0,2024
Shigar,0,-8.829320943457704,-16.57344336780739,1.3902159269171817,2.5994382694859404,0,2024
Shikarpur,0,-20.153021536080058,-26.869289394037665,1.3421529589630978,-6.307212009520718,15,2024
Shikarpur,0,-9.297792463902923,-17.65834092542996,-0.49729871946232507,-2.6958844899751817,0,2024
Shikarpur,0,-8.963241141172645,-16.91940754560968,-3.683003192083346,0.7875743684016356,0,2024
Shikarpur,0,-11.197504693555015,-18.134971572039582,-1.0157915525680998,0.9799726259224322,0,2024
Shikarpur,0,-19.99274609220415,-28.006326858459232,7.511741510027623,-0.6122956239921002,26,2024
Shikarpur,0,-14.318342829644546,-25.936054130118997,1.063408438718799,4.996622852377772,1,2024
Shikarpur,0,-11.11350242083206,-21.521770044835463,-3.7179573955534195,-0.7982500488275406,0,2024
Shikarpur,0,-16.4184708674331,-24.22042047956669,-1.6454815947403816,2.541568091973005,15,2024
Shikarpur,0,-14.5082646658365,-27.502674827419888,2.5927429842527694,9.955148187240926,1,2024
Shikarpur,0,-8.598679874491623,-16.995521891356603,-5.306190367872247,-2.79686135441111,0,2024
Shikarpur,0,-15.53789105701095,-23.043630582047694,5.809753751424443,4.504402263416196,0,2024
Shikarpur,0,-10.374466889845456,-18.668184630473355,-1.231179154145389,-0.585315534147604,0,2024
Shikarpur,0,-10.414755135504418,-17.153088828800193,-2.9331791440172204,-2.454930355097993,0,2024
Shikarpur,0,-11.124779918680442,-18.917743290455746,-0.6920920568618811,1.833387095762646,0,2024
Shikarpur,0,-9.556301431073909,-16.865102809276856,-4.086420297030028,-2.5203881341929915,0,2024
Sialkot,0,-7.752611291538473,-16.365885168985614,3.71243810355673,-2.062700049383178,0,2024
Sialkot,0,-7.8130888232640725,-13.473414942777286,-2.267614273620252,-2.4833390304968113,0,2024
Sialkot,0,-8.725260380607606,-15.669056468994143,-2.0327959503000397,-3.9915732213223762,0,2024
Sialkot,0,-9.753206473564479,-17.620060262598727,-4.849174666134333,-1.7412248914819344,0,2024
Sialkot,0,-5.2319693996786185,-13.319116255982141,-6.400907143296713,-6.527251188079873,0,2024
Sialkot,0,-9.440560066548745,-18.15370113710499,-5.286358345507264,0.3850696695687361,0,2024
Sialkot,0,-8.730433842863071,-13.957374590207607,-3.304022233055564,-3.7345793419654996,0,2024
Sialkot,0,-11.099570852783295,-16.951621851631955,-0.10561544259993916,1.0751013792191166,0,2024
Sialkot,0,-9.0192920788629,-14.501595029301363,1.0329577242596768,-0.4067468425663243,0,2024
Sialkot,0,-8.227353892035627,-16.572439103121614,-1.343533703570003,-0.04286869127573212,0,2024
Sialkot,0,-9.143164577287097,-16.28723737948317,-4.334209131501277,-3.8231292558209944,0,2024
Sialkot,0,-9.741396246213286,-15.004020841171162,-2.611855204753617,-2.8415818614653574,0,2024
Sialkot,0,-13.526694771494249,-22.038493903435487,0.8522866572119874,3.457001740461731,0,2024
Sialkot,0,-6.983314400652478,-17.371173687879626,-4.812144154453607,0.40618559732541115,0,2024
Sialkot,0,-9.45037299092063,-15.451081104583821,-0.8941970423630856,-1.436889325762369,0,2024
Sibi,0,-11.723768729829501,-21.250285195564143,-3.692414482423647,-7.3472203477878,0,2024
Sibi,0,-8.769127117053312,-17.06924534397161,0.3228601286686139,0.6802819771940669,0,2024
Sibi,0,-7.851132454112599,-15.68675770768457,-1.0836951335312017,1.2664612919565084,0,2024
Sibi,0,-9.767405568543763,-18.003922461134064,-0.6637828802832022,-0.5724697790282605,0,2024
Sibi,0,-12.288451027175338,-17.89192752961337,-4.914360413834434,-7.786849573815914,0,2024
Sibi,0,-9.827773214336105,-16.336943037570844,-1.9169812248467881,-3.0003823635316067,0,2024
Sibi,0,-10.100002486823819,-16.650700351284414,0.7750412778986,-0.9765901758485143,0,2024
Sibi,0,-12.977005486447894,-22.20954504762693,0.9618957779945578,-1.4132596146274103,0,2024
Sibi,0,-5.552436520346491,-15.306366497152075,2.5386024680547177,3.885065129377267,0,2024
Sibi,0,-13.557561716197528,-22.029355946617454,0.4254251223426504,-0.07352368258366582,0,2024
Sibi,0,-10.662915579988535,-18.232121486612552,1.2518532335767958,-0.17318591318614196,0,2024
Sibi,0,-7.58518939894275,-16.738096321414652,0.9751020887437631,1.0802990505230774,0,2024
Sibi,0,-7.844715717459006,-14.384918577394934,0.49705798213674335,-0.2717222448201362,0,2024
Sibi,0,-7.973199528897943,-14.20250017097149,0.722388628588762,1.0927567934078315,0,2024
Sibi,0,-9.808768534172735,-16.664734589715046,0.31370411935244746,-0.02995998530134969,0,2024
Skardu,0,-11.899956584653895,-21.956096361178567,-2.929005345366093,0.1334883783143539,0,2024
Skardu,0,-4.678343491703456,-12.951762242755754,-3.5378545335966516,0.838441885973813,0,2024
Skardu,0,-12.386744489649393,-22.868694208519436,3.58822815855863,6.447278807252854,0,2024
Skardu,0,-16.78393778224343,-26.674890563169633,0.5865652294813266,-0.5131187852406782,0,2024
Skardu,0,-5.066307751305733,-14.731785330308739,-6.939712505754744,-3.7675911759351273,0,2024
Skardu,0,-8.28703200224252,-17.685746251602733,5.074799262086567,5.250016477236628,0,2024
Skardu,0,-13.388157938233675,-21.266433616816744,-0.8585706345055808,0.8452961351910169,0,2024
Skardu,0,-9.372849526973159,-17.09544024520896,0.7153336072266345,1.3634787839334042,0,2024
Skardu,0,-9.240813488181844,-19.68975879423085,-6.17732683159524,-3.2920997617705545,0,2024
Skardu,0,3.595193930364733,-6.814694355339692,-14.567106931560739,-12.68583645791287,0,2024
Skardu,0,-11.416244836541342,-21.794093580544285,-4.377296134836531,-2.858899455697422,0,2024
Skardu,0,-7.489898857535894,-17.4719357913486,4.386209229079209,6.803118026401767,0,2024
Skardu,0,-16.91225753261927,-24.430529426352514,1.3757923035332986,1.9321999387795152,0,2024
Skardu,0,-8.343665768415589,-16.006118170932776,1.4720279085598404,0.7036379535013335,0,2024
Skardu,0,-5.963915158661493,-15.165688670193443,-4.312227813473479,-3.5149785902193145,0,2024
South Waziristan,0,-9.353399756150376,-15.650706385428524,-0.5132939268232111,-1.9726319339616083,0,2024
South Waziristan,0,-8.424454164751378,-14.343209820584988,0.7922025722598942,-0.6989776496184597,0,2024
South Waziristan,0,-10.465118051570352,-20.404163632098363,-0.2745955422892141,-1.5456259833219406,0,2024
South Waziristan,0,-6.915484888667905,-15.767103592476976,-0.9739468081945715,-1.6423796612773653,0,2024
South Waziristan,0,-13.463945825140266,-19.407527896756704,-1.0265639613146753,-2.96126447860647,0,2024
South Waziristan,0,-12.567399460924593,-19.13534233206188,1.9174116658688352,-1.164316058175558,0,2024
South Waziristan,0,-9.326923324448773,-17.76110182522226,-1.1818386594046597,-0.5805422815397918,0,2024
South Waziristan,0,-8.813239076873474,-15.700369524556104,1.2707867183293882,0.24551641120899426,0,2024
South Waziristan,0,-9.767462308572398,-15.594708789462144,0.57136491083061,0.26555319621576245,0,2024
South Waziristan,0,-8.826212308036187,-14.80744386581139,-0.4766810089419806,-0.3763235217183052,0,2024
South Waziristan,0,-3.88032258265095,-10.496166579221796,2.789283999005161,0.2091805601873986,0,2024
South Waziristan,0,-10.030501776863325,-18.0208661444705,0.7466604528160232,0.9355284582361065,0,2024
South Waziristan,0,-11.769099394443952,-18.533735276935865,0.9045499589626953,-2.0347677643502706,0,2024
South Waziristan,0,-12.321049919201872,-18.397343669458806,1.361987904980765,-0.947575465220222,0,2024
South Waziristan,0,-8.091641905604718,-14.365041811422989,1.8158218982160284,-2.118511457170319,0,2024
Sukkur,0,-17.26916142292764,-21.461695417670917,0.32342415107174105,-2.1157233100783728,0,2024
Sukkur,0,-15.51687735017952,-22.764421027374397,-2.71275015628051,-1.0695304583399476,0,2024
Sukkur,0,-18.885896979422338,-22.74373946500518,-1.3835806244598743,0.21320598693635517,0,2024
Sukkur,0,-14.883092494359255,-20.937101797709275,-4.168221322638649,-1.7873495541707882,0,2024
Sukkur,0,-15.957235701550301,-20.653629081837114,0.2943001754178045,-1.3141986159685608,0,2024
Sukkur,0,-12.079063547350843,-19.526780689196052,-2.071422793925146,-0.8997048170387814,0,2024
Sukkur,0,-14.987465157097096,-20.63655608089347,-1.7010190676368726,-0.9487986465101059,0,2024
Sukkur,0,-9.576703995736617,-14.879262911313452,-1.526686261081716,-1.0263528587187576,0,2024
Sukkur,0,-8.052562694110836,-14.369099419574496,-4.965822368950347,-3.557560664562626,0,2024
Sukkur,0,-13.032131015558324,-19.776127908353892,-3.0970448166858198,-3.9492291595245703,0,2024
Sukkur,0,-16.43898775577206,-19.52910854719322,-0.30189281591827566,-2.472963493780096,0,2024
Sukkur,0,-14.735548359389764,-21.214698511802503,-1.2144828893196689,-0.653339619976748,0,2024
Sukkur,0,-7.855544878714907,-14.484682121289666,-2.4023875738848357,-2.5321819440208735,0,2024
Sukkur,0,-8.895624198709012,-13.968714919606636,-0.8963200785604304,-2.120526304972355,0,2024
Sukkur,0,-16.546189544083497,-22.137063878517207,-1.779737414618559,-5.482849135445228,0,2024
Swabi,0,-9.693909470856493,-16.373017183973435,-0.47126201360235065,-0.9020032851704833,0,2024
Swabi,0,-11.363889510057824,-19.785592172093015,-3.2720500181910346,0.6113743508688927,0,2024
Swabi,0,-8.43237617180808,-14.078342816202884,-0.3728516671790274,-0.5002383666281247,0,2024
Swabi,0,-11.527881653671432,-19.668439364376397,-2.0009041520554653,-0.5683821200041805,0,2024
Swabi,0,-9.689234080819137,-17.058388856628564,-3.0491060745333947,-0.6672614807440027,0,2024
Swabi,0,-8.112701023453422,-15.155559281546118,-1.2162331255900973,-2.7817151974718115,0,2024
Swabi,0,-9.054573074740578,-15.783748722739912,-0.6595634518630575,-1.4979936075039255,0,2024
Swabi,0,-8.952866671195766,-15.325171602409753,-0.7995364664384272,-2.8910703553116264,0,2024
Swabi,0,-11.628045868488794,-17.943923085470868,-1.1527603389884185,-2.9686160824109784,0,2024
Swabi,0,-10.865596368778347,-19.753527504530183,-3.2998085688866077,-2.167874107041179,0,2024
Swabi,0,-8.373554700901874,-15.217793702706238,-1.6617774626958592,-5.089762693490194,0,2024
Swabi,0,-10.8985082113119,-19.431241057747084,-0.7611706055576999,1.5645602071524998,0,2024
Swabi,0,-8.172977723557848,-14.506882220751647,-3.9746406261834775,-6.8123435417038944,0,2024
Swabi,0,-9.214219469262321,-13.220642941702007,-1.9018235117674784,-3.8296886320307486,0,2024
Swabi,0,-9.371449234938025,-15.996718387394857,-0.8264621363221334,0.8387395489826268,0,2024
Swat,0,-9.13293678180563,-15.531374974337472,-0.5571686255069448,0.5817419611003736,0,2024
Swat,0,-9.500224529877425,-17.717601147057927,3.0587725459977264,4.931847576322596,0,2024
Swat,0,-11.005404746979037,-18.62694655417802,-0.38858918826496947,-0.12696275881222618,0,2024
Swat,0,-7.618522979674038,-14.879109819262336,-1.8112035581587822,-1.1450794833088445,0,2024
Swat,0,-8.963034055852575,-18.012121185621425,-3.0286051497595814,0.7326006731791566,0,2024
Swat,0,-12.525846605710631,-20.66729807650445,0.40142990826570646,0.8854934252042845,0,2024
Swat,0,-9.075976323043818,-12.603690428363517,4.607897733289706,4.320837677326329,0,2024
Swat,0,-7.484595112066588,-13.37802800484755,-2.9393996162479166,-3.872743246382626,0,2024
Swat,0,-9.028499235724194,-17.04654655152666,-4.811206206942963,-4.376695188594777,0,2024
Swat,0,-7.404618826289542,-14.073180799031366,-0.5499674162016266,-1.4649801267441056,0,2024
Swat,0,-9.076806652146264,-15.482608834075611,-0.21092612991124682,-0.6031634702343442,0,2024
Swat,0,-14.518409174307106,-20.354246302637236,1.1075046499014807,0.7529691220701835,0,2024
Swat,0,-10.874660247514665,-16.7833958318461,-1.4604512624019552,-1.6479458788318908,0,2024
Swat,0,-14.763036082293642,-20.23675501824238,-0.10699921563822734,-2.566267937393551,0,2024
Swat,0,-12.589285566369853,-19.51536781510022,-0.13192636000095703,3.701677382142684,0,2024
Tando Allahyar,0,-15.549900612756673,-23.01536194821485,-0.7899228745814,-3.1368769490965747,0,2024
Tando Allahyar,0,-6.270064478721627,-14.58269837313076,-5.328499358643731,-5.113527226871941,0,2024
Tando Allahyar,0,-9.106989840772293,-15.524416224243303,0.8040049930014508,-2.974361991126216,0,2024
Tando Allahyar,0,-11.268657213051295,-22.688605271554984,-3.0477252558415984,0.7219940669873424,0,2024
Tando Allahyar,0,-10.110357576687194,-16.561934894120675,0.31699270691503223,-0.5495641824016424,0,2024
Tando Allahyar,0,-7.524260630082823,-14.55500658185268,-0.5739983446605859,0.3523783094581816,0,2024
Tando Allahyar,0,-6.453562481532222,-15.05811313818775,-3.9888111219035878,-5.420706854189564,0,2024
Tando Allahyar,0,-9.083959853655497,-16.994146413824293,-3.594677688721049,-3.7746398793561333,0,2024
Tando Allahyar,0,-10.493018008017382,-17.163497034872137,0.8048710790843447,-0.4312168937917278,0,2024
Tando Allahyar,0,-7.551334077217893,-14.424215787857314,-4.649839679599312,-7.133606290245037,0,2024
Tando Allahyar,0,-7.77533096467985,-15.140661719595162,1.120530935403699,-3.3359980733262624,0,2024
Tando Allahyar,0,-9.204112662507107,-17.53713710541744,-0.3666968450014849,0.1708226783818212,0,2024
Tando Allahyar,0,-6.421734730796475,-14.64275391032034,-2.2280118514048635,-6.511888985901951,0,2024
Tando Allahyar,0,-8.784339292936641,-15.877034324292417,-2.6325516368447186,-1.9644897191209552,0,2024
Tando Allahyar,0,-11.07418328094767,-14.981882857575751,-1.8319680908658196,-3.154487172791125,0,2024
Tando Muhammad Khan,0,-10.056148686554621,-18.17256870588737,-0.20413376807976036,-1.352100717561676,0,2024
Tando Muhammad Khan,0,-12.125360167612214,-17.941978191423075,-0.22101762395194058,-2.151739984274311,0,2024
Tando Muhammad Khan,0,-8.186098288056954,-18.450639031350775,-2.8260683786872747,0.5389179140343145,0,2024
Tando Muhammad Khan,0,-9.592301088374082,-17.617735352212623,-0.2055668644066575,0.9689419360193448,0,2024
Tando Muhammad Khan,0,-9.571223329642127,-19.23291250114652,1.0175925526233307,2.59235060426267,0,2024
Tando Muhammad Khan,0,-6.813204445371097,-14.575419977504573,-1.9885991593461618,-0.05059346434645917,0,2024
Tando Muhammad Khan,0,-11.423709512754458,-17.74597896511186,0.00036204889266677753,-1.0920819272475413,0,2024
Tando Muhammad Khan,0,-9.865334848497302,-19.61814531355408,0.7297265001294981,1.4170295963160129,0,2024
Tando Muhammad Khan,0,-8.884914525543026,-16.258264992103193,-1.6084524947704057,-1.8711454487041905,0,2024
Tando Muhammad Khan,0,-9.74441240326879,-16.599173798723722,-3.3648217943632712,-1.5890883870068357,0,2024
Tando Muhammad Khan,0,-9.419510148147467,-16.529942309837224,0.8541777322097985,-0.15778137168778628,0,2024
Tando Muhammad Khan,0,-9.562554623276288,-15.864985207436039,-0.31444866493576207,-0.4893105853194406,0,2024
Tando Muhammad Khan,0,-11.019847140206114,-16.94866036977708,-1.9799528163500177,-3.1978701520586696,0,2024
Tando Muhammad Khan,0,-10.072421125337893,-15.820702463513442,0.4106210732212272,1.4467548533935553,0,2024
Tando Muhammad Khan,0,-11.034730023719092,-16.81133469321464,1.2649545445752626,0.17163516575854487,0,2024
Tank,0,-14.755374209332189,-21.877845642762637,1.8818444084609922,1.7227060725597028,0,2024
Tank,0,-13.958323191248493,-24.50400994535618,2.4606465102207746,8.459228177407873,4,2024
Tank,0,-14.82592292918299,-27.12967899169145,2.0265964702765267,10.817089784285763,0,2024
Tank,0,-9.613814861346352,-14.018205009206364,-0.39252296966235534,-1.1790063910714963,0,2024
Tank,0,-10.069373124618826,-14.269440709646064,-0.25599656565191786,-0.17259476842611932,0,2024
Tank,0,-8.333100608678954,-17.676298042378704,-0.6084334692431135,-0.2046164310818881,0,2024
Tank,0,-13.754954055423575,-26.024013040923265,2.4621553326945005,10.267723259712515,0,2024
Tank,0,-14.300856711276607,-22.103118313137013,-0.25467126346320157,-3.453786243581689,0,2024
Tank,0,-11.815577941937697,-20.121857034812983,2.6738982951578087,4.57223094614619,0,2024
Tank,0,-11.248717661434577,-18.074464778826393,5.487251873335236,2.6514958285692103,0,2024
Tank,0,-13.519000789308748,-24.136563999480728,1.8519378308464578,7.770329516828156,0,2024
Tank,0,-10.979245210533662,-15.000295958185363,2.4707487965166415,1.3703528059081904,0,2024
Tank,0,-11.260317480445307,-17.724994787492253,0.15945298764195215,0.6991372131548594,0,2024
Tank,0,-8.597000125706607,-14.259186285565619,-1.381179384711194,-0.0878991545968244,0,2024
Tank,0,-13.663627726624133,-22.68271429421527,0.6950959049805618,1.9268410588418412,0,2024
Tharparkar,0,-9.090720079293895,-15.807103964826883,-6.09404894751847,-2.310187456137079,0,2024
Tharparkar,0,-10.780421278384848,-16.518760912133178,-4.704770766108878,-6.150109298726367,0,2024
Tharparkar,0,-12.255435416053572,-14.89928906940961,-1.6613380294995714,-2.5988984870045773,0,2024
Tharparkar,0,-11.57044676693151,-20.20098473994633,-4.254022908428903,-2.3460117402778913,0,2024
Tharparkar,0,-9.3822209149358,-16.35507874606377,-5.563550298050565,-9.437232802889351,0,2024
Tharparkar,0,-11.13861654168458,-17.878525894714176,-2.9845690265587788,-3.5986417316385193,0,2024
Tharparkar,0,-11.25186000724604,-16.365717704593507,-2.4539552951867147,-2.201043496082896,0,2024
Tharparkar,0,-10.244227372571599,-18.504650785946218,-4.879916202626589,-1.4549325829255153,0,2024
Tharparkar,0,-10.13803662693144,-18.83770111371136,-6.621635832746053,-5.546960825682586,0,2024
Tharparkar,0,-9.703927078138037,-17.381123789826745,-4.96903494816174,-3.9999398624267215,0,2024
Tharparkar,0,-11.690456684629744,-19.46097960454103,-5.004402282648574,-6.360788981357992,0,2024
Tharparkar,0,-10.547187987317264,-18.01451744492336,-3.507779835756404,-3.8084274730052705,0,2024
Tharparkar,0,-10.968138508112306,-17.76112791195469,-4.870460388449855,-4.7435699430159595,0,2024
Tharparkar,0,-20.192008426382007,-32.45462790289679,4.908278870251868,-1.0133869148116332,24,2024
Tharparkar,0,-9.325808397898282,-16.348459925279712,-4.637312153602114,-8.196562280688994,0,2024
Toba Tek Singh,0,-9.981832689154256,-19.323136490449446,-0.9697280483542468,1.1869737525515092,0,2024
Toba Tek Singh,0,-11.987590519356182,-21.32690568929438,0.9678495981383861,3.4909316189610173,0,2024
Toba Tek Singh,0,-11.85054255740583,-18.701820762928087,1.5495441801942569,2.5885954102261444,0,2024
Toba Tek Singh,0,-9.425699401210917,-16.68271641419314,-5.652737072600303,-2.567220115387485,0,2024
Toba Tek Singh,0,-8.798217672624046,-18.41631765254094,-3.3620025164422866,-0.5081483507010276,0,2024
Toba Tek Singh,0,-10.234846702543425,-16.477478086786064,-1.995567223905173,1.2829250753223924,0,2024
Toba Tek Singh,0,-10.42199918043242,-16.563453117454333,-1.8094469358890848,-3.046832338472207,0,2024
Toba Tek Singh,0,-7.686996519298843,-13.785017942179653,-1.4598040444611513,1.8209928086767277,0,2024
Toba Tek Singh,0,-10.38859275010013,-17.61548701676448,-1.9268446628243243,-1.6613825008163943,0,2024
Toba Tek Singh,0,-9.488723244037772,-15.587140368939831,-0.11176878896114317,-3.2579339251083894,0,2024
Toba Tek Singh,0,-9.635134146148355,-15.373616354895127,-3.2563753318207542,-3.4252215488906046,0,2024
Toba Tek Singh,0,-10.662005134977015,-17.437350165215392,3.5902170181024005,2.014481827092675,0,2024
Toba Tek Singh,0,-10.63021363881376,-17.145875131038583,-1.412903984795884,0.6750469609055649,0,2024
Toba Tek Singh,0,-7.9332858382921625,-14.579602911283285,-0.8467046805407801,-8.074972438397328,6,2024
Toba Tek Singh,0,-12.751863481664989,-19.205622914722213,-2.285797989215663,-1.955363527057557,0,2024
Umerkot,0,-11.68579255805314,-19.769774481822086,-3.335366380622631,0.006796795755562357,0,2024
Umerkot,0,-12.75596586496647,-22.412144743814157,-2.0900813961772897,-1.3327692284212063,0,2024
Umerkot,0,-13.718951044744905,-24.08901233716302,0.011399065460274471,0.3863218353727653,2,2024
Umerkot,0,-8.715627091556355,-26.081913374890465,0.8956474759833357,0.3521372760314172,1,2024
Umerkot,0,-12.771995750010475,-22.639899509570736,-3.318573744484514,-2.50224683142433,0,2024
Umerkot,0,-8.796632278265296,-25.088802918258754,-0.7417647894867212,1.2580704559770375,1,2024
Umerkot,0,-8.026046170384182,-14.988677076840112,-0.49525251626765154,-2.5355998383758056,0,2024
Umerkot,0,-11.268534911564046,-17.177475466391236,-3.787163274641795,-4.294221728480647,0,2024
Umerkot,0,-11.125020698968518,-16.28460403045093,-4.063916780048764,-4.9973122960355525,0,2024
Umerkot,0,-12.882635856620311,-17.918046949192593,-0.8175859307826396,-2.3377379712425395,0,2024
Umerkot,0,-14.238999254143776,-20.34937892994524,-2.6240094869054733,-1.8005275734685142,0,2024
Umerkot,0,-13.284596136585607,-17.34014605153875,-0.4380514539097238,-1.2903130235690803,0,2024
Umerkot,0,-10.596085798742623,-15.5452131439805,-5.03762148892168,-4.132754674638118,0,2024
Umerkot,0,-14.304362789455219,-18.184269771411802,-0.26497321726801104,-4.355101578200021,0,2024
Umerkot,0,-7.224406387850658,-14.778438086430763,-3.609856304924607,-5.090214815218614,0,2024
Upper Dir,0,-5.29523705734201,-10.858611207249478,-0.5646289837232912,0.8286568325595454,0,2024
Upper Dir,0,-7.855439894409628,-18.205456695128973,0.012332803365563194,-0.3246752173524037,0,2024
Upper Dir,0,-10.949656351980266,-16.253220628378045,-0.0386837943018552,-1.013105964626483,0,2024
Upper Dir,0,-5.289183013159078,-13.079310746287451,1.2746396874141297,-1.5762681011860362,0,2024
Upper Dir,0,-9.215929331831699,-13.982201449028167,1.9345212085632433,-2.8610166070095886,0,2024
Upper Dir,0,-15.150387344504411,-24.187420894528636,1.8851077849763413,1.7205297502547268,0,2024
Upper Dir,0,-7.2585878627234575,-12.738344075922713,-0.9617243084004166,-2.3501542938482487,0,2024
Upper Dir,0,-13.362463723494532,-18.21334625874909,2.6459784141256364,-1.002676667591146,0,2024
Upper Dir,0,-8.301200153476213,-13.873659619415456,0.34998297638335973,-0.024219841497796324,0,2024
Upper Dir,0,-10.68071728834079,-18.190850056055446,-0.4077940402035338,-1.7721046033316306,0,2024
Upper Dir,0,-10.858741425759874,-18.50652406261092,-1.8092878430066968,1.5825093175016818,0,2024
Upper Dir,0,-7.290470805547297,-17.310281443569654,-0.1110529114569685,1.2409906504255623,0,2024
Upper Dir,0,-8.826522115544627,-17.02482072615986,-2.792623754632018,0.11642232283725207,0,2024
Upper Dir,0,-9.019210604723988,-14.790765210914556,1.23086974964348,-1.3249490921331546,0,2024
Upper Dir,0,-13.203065681608392,-19.636473012499096,-1.1163208833380676,-1.36548557735194,0,2024
Vihari,0,-7.761192355220958,-15.264254468930746,-0.10185493887340424,1.4982347323985152,0,2024
Vihari,0,-7.779000865018725,-15.102752574606109,-2.1381592117637016,-5.429575148438859,0,2024
Vihari,0,-13.000951839210312,-19.98520926494198,0.5397131975101868,0.6885794726065271,0,2024
Vihari,0,-9.098147215320529,-16.161243819265096,-4.016087119571493,-4.5783379896069185,0,2024
Vihari,0,-9.741656096102187,-17.253290638336058,2.8140623885443423,0.8786332946547901,0,2024
Vihari,0,-9.815101069837194,-17.80517587626754,-2.718451532362028,-1.8533719447332189,0,2024
Vihari,0,-7.665122895438559,-17.378676289484545,-7.178397350055681,-1.1803452127181835,0,2024
Vihari,0,-12.830696618715312,-17.752631367532835,1.3061064947967953,-2.3292758425259237,0,2024
Vihari,0,-10.937079696912772,-17.85301187848591,3.039830000616848,3.1322226261615036,0,2024
Vihari,0,-8.57430905226089,-16.527980464503884,-1.7602823134923788,-2.3782871494513564,0,2024
Vihari,0,-5.413563020068984,-14.58955504933937,-8.009958258682751,-3.6131405713721563,0,2024
Vihari,0,-9.955454324164947,-15.125574254361226,-3.337100302498154,-4.676105226979935,0,2024
Vihari,0,-9.458567996309997,-16.456365361172935,-2.329506988173353,-1.67398193734968,0,2024
Vihari,0,-11.678543223703453,-16.591459536099237,0.6282398109020253,-3.030698668577383,0,2024
Vihari,0,-9.563387740355873,-17.031785615790504,1.1586572197390552,0.9057229158913067,0,2024
Zhob,0,-10.359482291113144,-17.51332968990954,0.4200489805818055,0.653276214774241,0,2024
Zhob,0,-13.18855900097199,-21.623037498915362,0.9710865044379737,0.5052273132721403,0,2024
Zhob,0,-9.261590845481987,-16.168187437248513,0.5809030328332252,-2.8814891156894973,0,2024
Zhob,0,-10.604819076773884,-18.24666525633735,0.7182204894161561,-1.0825205500243023,0,2024
Zhob,0,-18.83777198879409,-26.895823436108138,3.881002340631486,2.2446924491665357,0,2024
Zhob,0,-10.801854973746245,-18.74859607108946,-0.6153076936332091,-0.5321340018596032,0,2024
Zhob,0,-11.978824280672406,-19.63804422418108,1.2793935928041122,-0.20413806798526934,0,2024
Zhob,0,-8.04813969365247,-17.6332484283979,2.3833210311784425,2.0878400930640666,0,2024
Zhob,0,-3.1968645314143593,-7.707639629754823,1.39808611457919,-5.311464261038076,0,2024
Zhob,0,-17.2977652211925,-25.97358367999619,1.8447325075431724,-1.4415714848109857,0,2024
Zhob,0,-9.094035562047212,-17.511832950518983,-1.9380093667987115,0.9141688863702839,0,2024
Zhob,0,-14.436530690485615,-23.184222478003193,0.9542827880270899,0.511759961992329,0,2024
Zhob,0,-3.1089889364055887,-14.171144360190798,1.861614091376866,-1.793053799019539,0,2024
Zhob,0,-17.754820452449714,-24.814637253710746,2.721783107435831,0.03324394946544018,0,2024
Zhob,0,-12.004138531243642,-18.85243299570281,0.4296294764579667,0.270620376284743,0,2024
