district,flooded,VV_during,VH_during,VV_change,VH_change,jrc_occurrence,year
Astore,0,-15.547776563124069,-19.510076146985384,-3.2643474675890456,-6.772658748279838,0,2021
Astore,0,-17.249896522939785,-22.083960942694787,2.2663855514090905,-0.1228255214739633,0,2021
Astore,0,2.1374276951141273,-3.5547816994023007,3.0426391088579705,-0.31670521007759866,0,2021
Astore,0,-11.053462499463919,-19.88618304596729,-1.795629647615785,-0.19603536271963762,0,2021
Astore,0,-10.385689021829123,-17.699429473692877,1.1330966971996048,4.142698265135875,0,2021
Astore,0,-14.150183012812604,-21.474818782055152,-2.503132092668185,0.5286064535716974,0,2021
Astore,0,-2.819588586379744,-14.452921594235569,-0.4717331395835971,-1.1747752251234669,0,2021
Astore,0,-11.604084590214953,-16.689924619398226,-1.223247268878545,-3.3187753998941325,0,2021
Astore,0,2.4608977427141285,-6.325895972053846,-3.697031717847823,-6.7250748890860965,0,2021
Astore,0,-19.442845214445963,-24.16104862150283,-1.5468900779942807,-1.1870422629111061,0,2021
Astore,0,-15.584111279304807,-18.11638250866793,0.6402061243214447,2.3782056103872424,0,2021
Astore,0,-14.582841355599312,-19.311163981185068,-0.9043076743087202,-0.37783117054925697,0,2021
Astore,0,-14.202469451312403,-20.826904050822463,-5.602740193270904,-4.321180649611339,0,2021
Astore,0,-4.253980973786683,-14.544292413107126,-0.36317411197952865,2.2147609675016042,0,2021
Astore,0,-5.534509421339898,-14.722991531987077,-2.8557368821042086,-2.7965529842083647,0,2021
Attock,0,-9.61704336841422,-20.802302907844684,0.7046573015446516,1.7732187057572126,0,2021
Attock,0,-13.129884580673988,-20.81759531755746,-1.1489134538589614,1.3977267275731045,0,2021
Attock,0,-10.7611841106905,-16.3930155520687,1.0848607153408523,-1.378343184471305,0,2021
Attock,0,-7.015542459306234,-17.557424068493326,-3.925669442913504,0.4045306594708791,0,2021
Attock,0,-9.185345416565827,-15.311603896607872,-0.11218765317605417,-0.012890096769298864,0,2021
Attock,0,-10.809129237634973,-21.285328921749013,0.1537831616331875,0.17861281668315954,0,2021
Attock,0,-11.022732869968918,-21.022307604267745,-0.2496040896476135,3.4055556367078594,0,2021
Attock,0,-9.042523485241867,-15.214743015173251,-2.7224459717640777,-2.7210798364380864,0,2021
Attock,0,-11.308092557715792,-21.396450409606757,-0.09460066672994749,0.7433812543886482,0,2021
Attock,0,-12.165710160600396,-19.9840361294388,-1.2623466117683488,1.5084249879018579,0,2021
Attock,0,-11.803318603702985,-17.131312218700003,-0.9684161883439835,-0.7957561255935168,0,2021
Attock,0,-9.19453323540885,-16.23211787938651,-5.485659142278314,-2.5060456851764954,0,2021
Attock,0,-11.665305012841205,-18.956403224808078,-1.7065441132809838,-3.205788058309494,0,2021
Attock,0,-13.043894533038806,-19.711580303549397,-1.5677115099606862,-2.4757413815616687,0,2021
Attock,0,-13.034243959739268,-21.56138121684225,0.2746636903296107,3.3887817840266905,0,2021
Awaran,0,-10.52806056130898,-21.26627363254488,-1.2341717479604633,2.77142254176324,0,2021
Awaran,0,-7.5964964076393215,-15.51045618377961,-2.1096783192154724,-0.8253533707413112,0,2021
Awaran,0,-15.113130025357073,-22.847265915409594,0.29052891695372907,1.2747856666443198,0,2021
Awaran,0,-10.939203953584213,-20.481152514974962,1.0579646669770675,0.37025829141063227,0,2021
Awaran,0,-15.43065244628943,-21.499800522738003,1.0422346216463545,-0.010568392856239228,0,2021
Awaran,0,-15.847389378648899,-23.008677325881507,0.6175244829981743,-0.5165447601747672,0,2021
Awaran,0,-3.5677482897687947,-16.655250784180218,-5.975894831154554,0.790527078164013,0,2021
Awaran,0,-12.446570118951932,-16.970871760253498,2.258161837377317,-1.568989619178165,0,2021
Awaran,0,-10.922732854235576,-20.012954292939583,0.429403124602203,1.9782800319964409,0,2021
Awaran,0,-9.27500264987071,-14.210666750568947,0.9233620008575656,-0.5974809781985986,0,2021
Awaran,0,-12.88088924849326,-20.91120817199605,-2.207860287016704,-0.7825938510641564,0,2021
Awaran,0,-9.627662751328637,-18.707025048317586,1.1578667729342218,-0.1768425607928883,0,2021
Awaran,0,-12.393605136304998,-20.514798450122417,5.415161460655461,4.219391899536493,0,2021
Awaran,0,-13.173748493876484,-21.918299874172874,-1.4149414061150516,-0.862451781305559,0,2021
Awaran,0,-2.74760117510002,-12.73976385771536,-8.823617840068717,-5.506481295938016,0,2021
Azad Kashmir,0,-6.9156890724029605,-14.336761371030743,-0.549583492214313,0.9110879434235795,0,2021
Azad Kashmir,0,-11.568403625173925,-17.61196454320976,-3.5656957680168446,-1.7750806560188366,0,2021
Azad Kashmir,0,-11.231272490324482,-15.721005386896076,0.3982706193080432,-0.9264413136317966,0,2021
Azad Kashmir,0,-9.885258599099194,-15.45558792167945,-0.26289035318791143,-2.311449289763468,0,2021
Azad Kashmir,0,-8.440774746155897,-16.272120661077572,9.25420307172078,6.292956434730902,0,2021
Azad Kashmir,0,-6.928225279668088,-14.708681012046126,3.14576877902038,0.6311414729434404,0,2021
Azad Kashmir,0,-11.136739866664879,-17.347977734072778,0.2586299623762578,-0.108607447585225,0,2021
Azad Kashmir,0,-9.524111749172974,-16.24795748260654,-1.1305187046910845,0.4855228985684832,0,2021
Azad Kashmir,0,-5.993203419464782,-12.489258965367679,7.703705190024031,8.710553646108405,0,2021
Azad Kashmir,0,-12.256635587627425,-20.071137021025308,-0.8471721356225981,-2.730031280677,0,2021
Azad Kashmir,0,-11.313145353442694,-15.591975943378884,-2.2030737721035667,-4.10684874322401,0,2021
Azad Kashmir,0,-11.075598412037582,-15.303916603350864,-2.841095697408395,-5.932839636110231,0,2021
Azad Kashmir,0,-11.483353860072128,-19.329347608198837,4.166831279946842,0.2580959288737148,0,2021
Azad Kashmir,0,-5.567664247818172,-15.561201289975884,0.9461140394649963,0.301600140345478,0,2021
Azad Kashmir,0,-6.891679432227089,-13.89838963853408,-0.6705962317308982,1.4678605313125601,12,2021
Badin,0,-9.381427737279857,-13.718917171432135,-3.053747875441646,-2.074852282420345,0,2021
Badin,0,-12.36295617980037,-23.29018753168139,2.896111149743078,2.096695504010345,0,2021
Badin,0,-10.648620504880423,-15.990427382186702,-1.6201182299246089,-6.380964224859788,0,2021
Badin,0,-11.486590905703189,-22.340071482385113,-1.1286401460634519,-2.2561277817477077,0,2021
Badin,0,-18.517829930554996,-27.727453017063755,4.122672978413981,-0.1461343270169806,3,2021
Badin,0,-11.735361054111076,-20.25133798113197,0.5375620019261973,-0.6821478152059335,0,2021
Badin,0,-12.353657865822756,-25.473158833104,1.3291285697296455,6.498852693918458,0,2021
Badin,0,-9.152809527594151,-21.06236809617331,-2.8382303679230674,2.502383405818499,0,2021
Badin,0,-13.936903881040578,-21.834182527357676,4.879277775351113,4.000346389706706,0,2021
Badin,0,-15.489103748235816,-26.030164074047292,5.07934050255907,6.420645790094515,1,2021
Badin,0,-10.167889088067884,-19.93723458812225,-3.543024262010391,0.11433639249683125,0,2021
Badin,0,-16.426811901677006,-27.820408841334867,0.5123822032997296,1.4210220468442678,1,2021
Badin,0,-8.035740704801924,-18.846317658395677,-2.9863149278671948,0.13443789771243075,0,2021
Badin,0,-22.803934806955503,-29.88417782183447,10.02768801272377,2.84112326771843,16,2021
Badin,0,-18.1103947884375,-25.974098981730634,1.197224516368511,-0.20033747309403793,14,2021
Bahawalnagar,0,-16.670154791932752,-26.20425820863309,-1.7858270836965886,0.17397738934575102,0,2021
Bahawalnagar,0,-12.761208787418465,-18.220984617242163,-1.1829045291137632,-0.2515165897697571,0,2021
Bahawalnagar,0,-20.249270211444518,-27.654053464300688,1.394190857284073,0.14588894880717262,0,2021
Bahawalnagar,0,-15.98036136649203,-24.269828484173807,-0.3451279853869629,-2.3578258490710517,0,2021
Bahawalnagar,0,-7.531377375452994,-13.745360337989167,-4.659321471897826,-6.5018448004443155,0,2021
Bahawalnagar,0,-21.004393765079712,-26.033208583578404,2.633525560420548,-1.4207036651423657,0,2021
Bahawalnagar,0,-8.685668301364043,-15.24497456782425,-3.341416090873828,-3.117562766352048,0,2021
Bahawalnagar,0,-9.332671810150769,-16.900825808450573,-3.313139392074868,-0.014207094833068368,0,2021
Bahawalnagar,0,-11.006113461913042,-18.918209682566985,0.9291828936260167,1.9287032781116196,0,2021
Bahawalnagar,0,-11.866174807140066,-20.254492090086927,-0.0004092721639530339,2.543941667132774,0,2021
Bahawalnagar,0,-11.036997261759609,-17.9852186243454,-1.295945804797558,1.8513540255751906,0,2021
Bahawalnagar,0,-12.510455333537978,-18.65275739352961,-1.4230429034007326,-3.896657311349397,0,2021
Bahawalnagar,0,-9.115311579348749,-13.534379008658084,-4.241788813579454,-5.96991408853466,0,2021
Bahawalnagar,0,-8.912250954707204,-16.59099643432472,-5.028635544041704,-2.1061280849030126,0,2021
Bahawalnagar,0,-20.250709319551717,-25.825876849023505,-0.6412171942756721,-1.5222902114898709,0,2021
Bahawalpur,0,-15.002758520411556,-25.027999294061516,3.8713810646541003,-0.1896922388682185,0,2021
Bahawalpur,0,-10.014008693062092,-17.358545885340014,1.3523344109270852,0.48176515776982143,0,2021
Bahawalpur,0,-18.82778907449666,-24.585151477597122,-1.6757276813583637,-3.163082501846567,0,2021
Bahawalpur,0,-14.724493613612976,-20.962485335320686,-0.7675010318270292,-2.9638137862653195,0,2021
Bahawalpur,0,-17.018555911868095,-22.266985703673285,-1.9428168296650092,-3.79656126543221,0,2021
Bahawalpur,0,-18.81011986678979,-24.03047962555648,2.758042456691687,-1.478585542975857,0,2021
Bahawalpur,0,-13.082315409217744,-18.85314836042572,0.8060172660272471,-0.15913409492859643,0,2021
Bahawalpur,0,-14.737044747206953,-24.662839108348535,-2.174246213947404,0.9952327884572156,0,2021
Bahawalpur,0,-16.666442990913687,-23.624670460392732,-0.36783346343799295,-1.4754567658651538,0,2021
Bahawalpur,0,-19.05539214945939,-25.310390355525673,-0.8078056350961802,-0.09815926291405574,0,2021
Bahawalpur,0,-13.302772055706232,-22.988548115819867,0.22178791154776434,4.773004142267304,0,2021
Bahawalpur,0,-7.2553185140349,-14.762802836729003,-4.286950079461399,-3.357150088156592,0,2021
Bahawalpur,0,-18.389133240354226,-26.513375808547615,-2.9724968737093462,-1.7279451392159437,0,2021
Bahawalpur,0,-17.559341855916653,-23.72873422018543,0.5728196730179782,0.6745377781768767,0,2021
Bahawalpur,0,-17.5912998595528,-26.323868838116283,-0.7992304267805395,-5.30415396218519,0,2021
Bajaur,0,-10.288429937762,-15.374827965611683,-1.8058573818113928,-3.447394539309361,0,2021
Bajaur,0,-9.45116517265653,-15.870634118147226,-3.6322332104470547,-2.5410997805772304,0,2021
Bajaur,0,-9.75785079220772,-17.58725226815085,-1.0742460261984341,1.4428093121272916,0,2021
Bajaur,0,-8.894860830922001,-17.369422786863367,-0.010485142103712874,-0.14663524206588363,0,2021
Bajaur,0,-8.387855395883218,-15.604419495005237,1.2197096448449027,-1.0687180376142127,0,2021
Bajaur,0,-6.407246017704456,-13.314520212812898,-3.238331226462324,-2.7600752762609666,0,2021
Bajaur,0,-10.770090569400143,-18.114439176391038,0.4112469456281076,2.209763856410399,0,2021
Bajaur,0,-10.320865334830925,-15.572254639803834,1.252654329049907,0.09189400316187601,0,2021
Bajaur,0,-11.490523890624779,-18.84906693137875,0.09055263064093033,0.5971151449403891,0,2021
Bajaur,0,-9.0764991230193,-18.318631565619867,-4.351174766134005,-1.3814168173406784,0,2021
Bajaur,0,-8.010823652354413,-15.839692002961023,-1.4918787822737567,0.08148043710582442,0,2021
Bajaur,0,-11.810329552303363,-21.25773163773266,-1.719770658457037,-1.5403917951607227,0,2021
Bajaur,0,-9.349000735733684,-17.11531488810408,-0.4542146951521673,0.01672480381136765,0,2021
Bajaur,0,-7.424578374703538,-16.07653472207177,2.101961683512287,-0.5588000870424494,0,2021
Bajaur,0,-10.174065418358332,-16.836368486086826,-2.8050149540578655,-1.0799375587022055,0,2021
Bannu,0,-9.558485243155467,-16.130102984240015,-2.2145925767297747,-0.7021773024323075,0,2021
Bannu,0,-12.439150770067943,-17.437873003124515,0.4867360648644343,-0.17695061587398797,0,2021
Bannu,0,-8.980885285192338,-14.986954188809761,-3.0723554544732767,-4.599090040871104,0,2021
Bannu,0,-13.662059935909603,-21.56043200977375,1.6569397493934694,4.068678344691833,0,2021
Bannu,0,-10.63522687377511,-18.760823493321173,-0.661412994809373,1.7654937200767868,0,2021
Bannu,0,-15.30357245805553,-20.30375168412226,-0.8203934088393687,-5.945130076026356,0,2021
Bannu,0,-9.766206872487977,-16.117366856634817,-2.132994076854043,0.07924258161397901,0,2021
Bannu,0,-10.264183956851218,-16.459663979075742,-2.1385360370841155,0.3823308745161995,0,2021
Bannu,0,-9.467193627060604,-16.312939798058082,-2.353997934005749,-2.4155802364484202,0,2021
Bannu,0,-12.919524539689126,-23.996442859047562,-2.138122790857482,3.733589889975775,0,2021
Bannu,0,-9.946631126485817,-14.799019509187236,1.3819142312345143,-0.7488249247259304,0,2021
Bannu,0,-8.82902196916973,-15.67791716222187,-4.04474527876971,-1.890445128512713,0,2021
Bannu,0,-8.398360468185096,-14.197407942049818,0.7172246764029548,-1.3021850997927693,0,2021
Bannu,0,-11.563118399096442,-18.918921973235125,0.7323257775674019,-0.10820481741938792,0,2021
Bannu,0,-15.287136726436735,-27.428354600905458,0.5235687858083544,3.733638258267817,0,2021
Barkhan,0,-10.980080849575618,-22.091998903840768,-0.4872917539804007,2.518056956291879,0,2021
Barkhan,0,-9.124781249830566,-16.6990865522301,-2.8230606813726222,-3.6154915813183237,0,2021
Barkhan,0,-14.202001963445932,-19.989448618635617,-2.1985932126428818,-3.5830537194164442,0,2021
Barkhan,0,-14.948754965483587,-21.693468588899552,-4.219338985796298,-4.189800688231056,0,2021
Barkhan,0,-10.651242444131944,-16.856951843745815,0.6382627756661758,0.36843232859057906,0,2021
Barkhan,0,-6.499882997864347,-14.990392480847238,-2.2292711148497943,0.1768325137250013,0,2021
Barkhan,0,-10.591093717636538,-20.44630685637159,-0.8959436379682426,2.346223350130238,0,2021
Barkhan,0,-8.695485449127709,-16.373939838259524,-0.6672264055262147,-0.05708878084785951,0,2021
Barkhan,0,-17.47816340640069,-26.391578311209088,-0.4122105597673489,0.36045860908764027,0,2021
Barkhan,0,-8.26380433241885,-14.929758015633176,-2.3935835732610684,-1.9055041325726592,0,2021
Barkhan,0,-10.32219940495734,-18.987173738044834,0.6287251721363329,2.5425499363129838,0,2021
Barkhan,0,-17.351665604353734,-25.724974345308635,0.21547883144075541,-0.7242424551983042,0,2021
Barkhan,0,-7.102624485237695,-11.940427832948426,2.217288301867634,-1.6774154322894113,0,2021
Barkhan,0,-15.335794052784692,-25.69447238938885,-2.472144660222874,-1.03985020168426,0,2021
Barkhan,0,-14.8190300750787,-20.969199754359977,-2.0632874790329403,0.33719103076767354,0,2021
Battagram,0,-8.10708009964871,-15.182608110690333,5.617487129279008,6.154762746063483,0,2021
Battagram,0,-12.00400301684799,-18.707793940341105,-1.4349946617290517,1.0040367855755008,0,2021
Battagram,0,-7.928989167773441,-14.331748739378476,-3.800644837239677,-6.989837479868569,0,2021
Battagram,0,-8.975414948084477,-15.450910822771558,1.5231308658660563,0.9437819543916426,0,2021
Battagram,0,-11.439607138605524,-18.498431122050953,-0.6175771431807533,0.9970412365619907,0,2021
Battagram,0,-6.601852659223126,-13.013032451998878,3.5039770451814256,1.6554766271336447,0,2021
Battagram,0,-1.8397492520811114,-9.992494216993974,3.0354018997933663,1.9541553340527837,0,2021
Battagram,0,-12.628814093776196,-17.58606692624468,-0.09045801432253597,-0.9856633022454702,0,2021
Battagram,0,-9.326617449377121,-16.60166151884131,2.0846644246979444,1.664810734706439,0,2021
Battagram,0,-4.437708778792016,-12.915409219706767,0.928162317433399,-0.4532806409935475,0,2021
Battagram,0,-12.57124496961733,-20.23563001639822,-0.33600528808467445,-1.8325036356016646,0,2021
Battagram,0,-8.448546776174963,-12.25083081609883,4.2499602896454745,-1.0991698950757467,0,2021
Battagram,0,-10.032499948402666,-14.13675660568057,-1.9263441100125576,-1.9036964948620039,0,2021
Battagram,0,-13.886777984361004,-22.378815954170364,0.24515022744413528,1.8355168520150968,0,2021
Battagram,0,-8.285740747452197,-12.831171065757173,0.8555934710386826,-0.4067014880375339,0,2021
Bhakkar,0,-9.80351471533194,-16.526322405094913,-1.9489666045493337,0.637385769157996,0,2021
Bhakkar,0,-14.703723248281639,-23.832130488928314,0.1113258892292226,5.246588027372692,0,2021
Bhakkar,0,-20.68609028886692,-25.550299359022652,6.682648587582044,-0.7861142347931072,0,2021
Bhakkar,0,-17.678630913330164,-26.509092243899126,2.755486813442957,1.518588223735236,0,2021
Bhakkar,0,-11.172485046612604,-20.103430940950098,-3.6210241424391114,0.13853532349991582,0,2021
Bhakkar,0,-8.179416426263664,-16.42673480218686,-2.8177482001327476,0.2597870686948376,0,2021
Bhakkar,0,-20.537795756602037,-26.47006490481013,8.6944429878577,2.0353234694008187,0,2021
Bhakkar,0,-8.381253871914724,-15.289533618569424,0.1748784302453661,0.6364186928333435,0,2021
Bhakkar,0,-13.721410231164043,-21.589662228571363,0.47571586223936535,2.049791973373811,0,2021
Bhakkar,0,-11.156949463201059,-25.41803807762509,0.8483186828164335,10.155942184904465,0,2021
Bhakkar,0,-8.11042175108246,-16.682503822467424,-0.22347110375647183,1.3346769303041395,0,2021
Bhakkar,0,-11.10831710883456,-20.27599901340471,-3.316636677859,-0.4761287266146823,0,2021
Bhakkar,0,-11.970079665639023,-20.214146398672664,-0.9615146475228826,-0.4470700325143788,0,2021
Bhakkar,0,-11.9957200328761,-17.71806027994528,1.715115897332609,0.9352349601817807,0,2021
Bhakkar,0,-13.197278666535295,-20.569201105739307,-0.3545524355169096,-0.06298273473171534,0,2021
Buner,0,-8.970048597803885,-16.194352783394844,-1.667303181266865,0.8240360774264062,0,2021
Buner,0,-9.507511959002223,-17.10168849378455,1.0277897600922241,0.14836673566510328,0,2021
Buner,0,-12.07737263811011,-17.270785473468628,0.9001361545205313,1.6853094249503329,0,2021
Buner,0,-13.865375948035801,-18.51043108707845,1.2720947975832342,0.06812472281972148,0,2021
Buner,0,-7.864008878213596,-15.999636751057633,-0.45311654043278793,2.0503726452430993,0,2021
Buner,0,-9.979864500923103,-16.05678818937247,-0.823057011118296,-0.5340415034556116,0,2021
Buner,0,-9.456690308710197,-16.27948298828491,-1.0829593339240695,-3.054808811738919,0,2021
Buner,0,-9.306870669530165,-14.852451542995336,-1.2593118604632085,-0.046733624264360785,0,2021
Buner,0,-10.092292329692757,-14.981300281255187,5.220485213866186,0.647372846174477,0,2021
Buner,0,-8.573856651715456,-15.994563510805065,-1.7986423933175875,-1.4765877343689873,0,2021
Buner,0,-7.405266010130747,-15.290431871491817,-3.7891931135268972,-2.6935712011916824,0,2021
Buner,0,-9.495794781184607,-17.73527301601407,-3.16909310607738,1.06744253280187,0,2021
Buner,0,-8.302380699320095,-16.21398163940428,-0.7747395454231416,-0.5770787194016691,0,2021
Buner,0,-10.607086610962893,-17.795922268463777,-0.5391101281880903,0.6633752395445001,0,2021
Buner,0,-6.444575308129428,-15.39206278046283,4.260060816776967,4.698018052837945,0,2021
Chagai,0,-24.40587354547688,-26.986987208142775,2.3212877615650704,1.549847203132007,0,2021
Chagai,0,-12.78758796534304,-21.36230351107613,0.8329957691222241,-0.6689728856320905,0,2021
Chagai,0,-10.10026223222241,-16.377027638971736,0.023777591021824307,-2.9630092117065487,0,2021
Chagai,0,-26.132593596989217,-30.119387232359177,1.261102281653514,0.17245823091868218,0,2021
Chagai,0,-8.880167652183932,-14.935467898795057,1.104666496829247,-0.14996157629763118,0,2021
Chagai,0,-19.16993634673231,-27.627386087637717,-0.5547489602910929,0.828117530835847,0,2021
Chagai,0,-13.177749524987092,-23.060300482877985,-1.5991398996741566,-0.9133067270429933,0,2021
Chagai,0,-9.206312257480132,-17.29743304373929,-0.5048194953600174,1.3682313018448173,0,2021
Chagai,0,-13.270678265589604,-26.309477096106132,-1.524311868804638,0.2169539944911847,0,2021
Chagai,0,-13.651938487969812,-21.994770069524748,0.549644726748026,-1.4454748481110826,0,2021
Chagai,0,-13.235083543094529,-21.16239089062205,0.37654750423965666,-0.67541525583934,0,2021
Chagai,0,-13.540003712341273,-21.801746236050548,0.015530301281058811,-0.5721277331291397,0,2021
Chagai,0,-13.274580541710126,-25.061222685831467,-0.8780027530532291,-0.5932087405379711,0,2021
Chagai,0,-12.377106087867231,-22.83570296548549,-1.1380330594592518,0.5472433670760921,0,2021
Chagai,0,-11.041388114174907,-22.125950187618706,0.8770677114314331,0.9220877621101877,0,2021
Chakwal,0,-10.670239304115173,-17.475192214898115,-0.9303332580914105,-0.580346600309678,0,2021
Chakwal,0,-11.44845396014263,-17.79314720062969,-0.8453266282569185,-1.3467280930992374,0,2021
Chakwal,0,-4.59115894201725,-10.572623982759433,1.7020439478475495,1.303866645024975,0,2021
Chakwal,0,-9.41340608275538,-16.20651608243584,-0.32875697807448034,-1.5242118828367026,0,2021
Chakwal,0,-9.433025562114599,-17.578675384011817,0.10453772973156639,1.3142899340928693,0,2021
Chakwal,0,-9.218041357220635,-15.616498926870028,-1.177722456562229,0.0028710700447778237,0,2021
Chakwal,0,-13.335394245812838,-23.20888341917641,0.6005587030369419,-1.644267869110159,0,2021
Chakwal,0,-9.251304707895727,-22.423869286382427,-1.5772135486249041,3.855785719834145,0,2021
Chakwal,0,-11.257657933877054,-17.985861332419404,-0.3034116262596722,-0.4991700425355603,0,2021
Chakwal,0,-12.698383475767166,-21.145554143265326,-0.4705856216699509,3.5246843039499858,0,2021
Chakwal,0,-9.60642407464736,-16.847147512490423,-1.4169116258042678,0.3393889347316801,0,2021
Chakwal,0,-11.742624930034864,-16.44101619354258,0.9473904204168146,0.06470996359270487,0,2021
Chakwal,0,-8.921327408678401,-15.538616892025757,1.2300328916439964,-0.15214789935525275,0,2021
Chakwal,0,-12.780745478247379,-18.089985007538935,0.4203899654113954,-0.964490573955505,0,2021
Chakwal,0,-11.484996058805546,-19.539716050197097,-2.005871479910157,1.1630191542536146,0,2021
Charsadda,0,-9.839324923922305,-14.725137753303516,-0.48801180788565723,-1.7446503087612317,0,2021
Charsadda,0,-8.349161878969007,-13.694433020322787,-1.7893594076037367,-2.084020469802006,0,2021
Charsadda,0,-8.004056332514516,-16.861725290858374,-1.895002813269599,0.42326427216625007,0,2021
Charsadda,0,-10.044925573242125,-14.73630672175954,0.17681247632149422,-2.7779254542173675,0,2021
Charsadda,0,-7.657852364708437,-14.10682822150832,-3.8878704356973115,-3.2156587703228645,0,2021
Charsadda,0,-8.165965268150774,-14.005562039403538,-0.4545038144816296,-3.4421462625529475,0,2021
Charsadda,0,-12.01285094922384,-20.293950608259685,2.088907333057076,0.18331358682425503,0,2021
Charsadda,0,-8.20283273095636,-15.038004899221676,-2.079650675377696,-1.5927356505657642,0,2021
Charsadda,0,-12.957905152266497,-19.423373582244146,-0.09686593673800914,-0.14770418031989507,0,2021
Charsadda,0,-11.361583178411689,-13.76656636686647,2.326417042652647,-2.5676778605572466,0,2021
Charsadda,0,-8.526377040314554,-14.208426179926512,-0.5574894843184666,-2.3720836941522805,0,2021
Charsadda,0,-9.942110922880255,-14.729422690694594,-3.879071808529927,-3.063725328519265,0,2021
Charsadda,0,-9.113690190510045,-14.647538874128198,-0.8042107351606056,-2.3977241812591075,0,2021
Charsadda,0,-9.947516453050504,-16.466064461321373,-1.3177316182887804,-1.1288043595226078,0,2021
Charsadda,0,-9.207884791878534,-16.404628185488722,0.5587415641548343,0.7224374918803544,0,2021
Chitral,0,-2.2137423219623473,-13.055172531414176,1.2635463129016082,0.24216617531391726,0,2021
Chitral,0,-10.51729459632817,-17.269846659410806,0.7669378103300559,-1.0007163836081823,0,2021
Chitral,0,-3.461774912899056,-13.38897795368166,-2.764116517365694,-2.561324032656998,0,2021
Chitral,0,-11.770721304786232,-20.50333568046161,-3.515599210506478,-4.513923812614273,0,2021
Chitral,0,-7.251802396134682,-16.211693169060737,-0.8529612589760163,0.702694822962334,0,2021
Chitral,0,-12.360986547248709,-19.848067865688066,-1.1353872966900198,-1.221548556556538,0,2021
Chitral,0,-8.937828016763245,-14.897535890581109,0.4809999203148525,-1.2952005529103356,0,2021
Chitral,0,-8.299836442441194,-19.429285498186843,-0.043973662082608556,-0.3927617428599035,0,2021
Chitral,0,-2.4013720621787256,-7.081433827790757,0.06475605162457443,-0.6132823685278188,0,2021
Chitral,0,-12.930715828974883,-19.29135680753334,0.07933385906618895,-1.229098137111393,0,2021
Chitral,0,-10.516086264722379,-17.52163809473407,-6.349296733754375,-5.9847689309006675,0,2021
Chitral,0,-4.4665492020753526,-7.827511672251378,0.9447635519714948,-2.834592197749151,0,2021
Chitral,0,-9.03428644499201,-17.18713244472999,-0.938999140922256,-0.10919067789394177,0,2021
Chitral,0,-5.785523182601398,-12.488766278508397,-2.9484436174113746,-6.671622851074098,0,2021
Chitral,0,-3.1996500810053923,-10.633789088050268,2.2024720724972213,0.3611385069282562,0,2021
Dadu,0,-14.329843025686648,-24.63280255647744,-3.208022144255624,1.5401628363793698,0,2021
Dadu,0,-14.424562725212667,-28.681005703298585,-0.12213483957709315,3.3830492992241368,2,2021
Dadu,0,-12.052702202559232,-23.180920499223987,-3.3646917645641246,-0.13024365342510436,0,2021
Dadu,0,-11.952620509751048,-25.36789507984043,0.9878158502191905,3.3876449424256876,0,2021
Dadu,0,-8.557389272874255,-13.755710022236192,1.406243640363086,1.1671937274761266,0,2021
Dadu,0,-8.682289518478179,-13.167713743232763,0.41220698064085326,-5.831870766636694,0,2021
Dadu,0,-10.982504747302391,-19.34605532044271,-1.4183534703621081,-1.2291900961087485,0,2021
Dadu,0,-20.585500074664406,-26.088126481864705,2.208909057874191,2.7260935063018934,0,2021
Dadu,0,-21.650726539424383,-27.663411666925132,1.1962795692855934,0.8095136723378396,0,2021
Dadu,0,-16.555341286701367,-28.105906402386623,2.7913686613711732,0.7608138234525939,1,2021
Dadu,0,-10.78553085695265,-20.64837491205334,0.047427466230173465,0.029101767060765837,0,2021
Dadu,0,-14.44951740790621,-26.449401833430887,3.63346643065562,4.254482896335201,1,2021
Dadu,0,-12.794670036309022,-17.165369092691634,2.3077648217614453,-1.1680369349700044,0,2021
Dadu,0,-12.887136293868727,-21.06894172134487,-1.1782001972956202,-0.07361298582721787,0,2021
Dadu,0,-3.8698329892027172,-12.252149479716472,-1.3080654894666757,0.41326803825056047,0,2021
Dera Bugti,0,-14.281466033680957,-20.429979792744987,3.8174913152594527,-1.864460409761481,0,2021
Dera Bugti,0,-9.31176543621315,-14.329150137417539,-0.2832139867247072,0.39196034208729813,0,2021
Dera Bugti,0,-5.916116501212294,-13.730250254588427,0.6285434683148603,2.2590801721380007,0,2021
Dera Bugti,0,-16.766073751667204,-24.54027886392553,-1.326133789422851,-2.128379467026221,0,2021
Dera Bugti,0,-10.923802648243841,-20.064464265885597,-1.1074817548069156,0.6507193582893613,0,2021
Dera Bugti,0,-8.362304196447345,-12.267267861788723,-0.3035809836798471,-0.06715713902971565,0,2021
Dera Bugti,0,-13.010823790799257,-19.981916407298357,1.0381331255433075,-0.21973601902056572,0,2021
Dera Bugti,0,-4.803651378383915,-11.683605885841285,-0.6248908342617163,-1.0153405822934598,0,2021
Dera Bugti,0,-14.673910665049316,-25.96003811523454,-2.984131208421285,2.0679370806360353,0,2021
Dera Bugti,0,-9.162119940448768,-16.053575579527138,0.5141509429648963,0.3543261497588368,0,2021
Dera Bugti,0,-14.354692160781878,-19.050737454466358,6.836750308947252,6.202599884689903,0,2021
Dera Bugti,0,-11.04563168253528,-17.09815167065844,-1.5166152098909347,-0.4300478058367325,0,2021
Dera Bugti,0,-12.271444772950497,-23.65876925798101,0.8441569623789835,1.8977863945410327,0,2021
Dera Bugti,0,-10.158463413684796,-20.300873272302788,2.3974446784918086,0.6334935147131944,0,2021
Dera Bugti,0,-6.908633819666205,-14.357681674850571,0.8570321283670275,1.5077112351901292,0,2021
Dera Ghazi Khan,0,-7.878157359518214,-19.17268337111576,-2.201170098190291,-0.34280792548293704,0,2021
Dera Ghazi Khan,0,-14.163462396240586,-20.830710626686262,0.8421688432571788,0.6023645433390641,0,2021
Dera Ghazi Khan,0,-15.619948941925049,-22.44027154164654,0.02083503685266308,-0.036772277021068334,0,2021
Dera Ghazi Khan,0,-12.07981832731083,-17.42340573609152,2.6053129395849375,-0.8122086951322665,0,2021
Dera Ghazi Khan,0,-12.448735884137466,-21.99145746879216,1.0152448593139258,3.2580037265106974,0,2021
Dera Ghazi Khan,0,-11.83517913120366,-17.187045918723662,-1.3562528642321254,-1.0804391292112925,0,2021
Dera Ghazi Khan,0,-12.048435276479545,-19.885338465169013,0.911329297660016,-0.6211707899353556,0,2021
Dera Ghazi Khan,0,-8.2473246747808,-20.080978017175923,-2.8197010902007236,-0.7578487353008541,0,2021
Dera Ghazi Khan,0,-6.628745504389299,-15.0976233694366,0.27829205970235016,3.0202243684060974,0,2021
Dera Ghazi Khan,0,-12.347534489747884,-18.596048434319982,-0.06966314937029416,-1.3215481449085758,0,2021
Dera Ghazi Khan,0,-10.809673829184444,-23.875173771440696,-1.6029052671313764,0.9442583876771806,0,2021
Dera Ghazi Khan,0,-8.821350524927158,-18.870110607828245,-0.10898029268744658,-1.92712419951188,0,2021
Dera Ghazi Khan,0,-20.670489065136437,-27.676389878958055,-1.9816254697339097,0.38613872150514084,0,2021
Dera Ghazi Khan,0,-9.151108583017594,-15.546854126582964,2.052978223499915,1.54778466853797,0,2021
Dera Ghazi Khan,0,-19.534109281757665,-26.24977699822027,0.604756430487555,-0.26600438949501637,0,2021
Diamer,0,-6.512948077660255,-15.906139833065899,3.070151075319039,1.4671755626742709,0,2021
Diamer,0,-7.545570200195946,-17.0742728129859,0.09012431437463775,2.920014342164162,0,2021
Diamer,0,-1.2758910899414333,-7.57830857832219,0.38932769720164506,0.05939422089353741,0,2021
Diamer,0,-10.693765258540882,-16.51346878861521,-3.597243987306868,-5.305415572210745,0,2021
Diamer,0,-8.595421018710727,-16.259457156939902,7.973251975623398,-0.6918900612235106,0,2021
Diamer,0,-9.53797725127943,-17.77953536304746,-0.22777122203053146,1.8892794884940258,0,2021
Diamer,0,-5.521926267955944,-12.1329973874529,-6.969858093729886,-7.393927234088839,0,2021
Diamer,0,-7.010641392788036,-16.499348233859898,1.9647091139482802,5.152058741840694,0,2021
Diamer,0,-10.34356027321428,-18.091020127702325,-6.462756222850505,-4.267748703885683,0,2021
Diamer,0,-4.634198829281136,-15.095098987420723,6.244685455947593,4.118606882687676,0,2021
Diamer,0,-6.584940632204335,-12.290459398367837,-1.6367993009617283,-1.23316613666697,0,2021
Diamer,0,-9.009987533911797,-16.197538285523116,-2.1163443680681784,0.07735490679297641,0,2021
Diamer,0,-1.1819026547962814,-9.048002709394414,-2.359596480756462,1.7888773936492264,0,2021
Diamer,0,-7.659055395728308,-15.731927805779852,-10.512014214230906,-6.885227274177909,0,2021
Diamer,0,-12.318405034050679,-18.033124947639617,0.5344365875844783,1.7427162125607936,0,2021
Faisalabad,0,-7.0521905828238305,-14.887769501806144,0.7019355464901,2.0993499790306505,0,2021
Faisalabad,0,-10.411690620888452,-17.234467073315194,1.1503296199044861,-0.5369667192846208,0,2021
Faisalabad,0,-10.24062076710842,-18.01059693812777,-1.8362030403752279,2.6391462735214866,0,2021
Faisalabad,0,-9.997123015896527,-17.00970219062488,-0.713946095614995,1.6815026580015235,0,2021
Faisalabad,0,-7.894184188329673,-16.837833261984386,-3.084602928325838,-0.030175669549493023,0,2021
Faisalabad,0,-14.398529468334086,-18.83847646952961,1.114649497883315,-0.9168796051383694,0,2021
Faisalabad,0,-11.595041907096434,-18.589798547288915,1.9651458165768219,3.731865618826882,0,2021
Faisalabad,0,-8.84900652678995,-16.655180006262636,-1.4892913535364762,1.571491622677195,0,2021
Faisalabad,0,-10.515858771667975,-17.87201104528014,-0.7513442596214883,0.15593534861796599,0,2021
Faisalabad,0,-11.200096344017998,-16.05375235306068,-0.7702456243077656,-1.6380886038738112,0,2021
Faisalabad,0,-9.743633650353942,-16.3050927210061,0.08518303862971877,-0.7728005326272047,0,2021
Faisalabad,0,-11.84678882128601,-15.815583374848385,-1.3143259374432184,-0.8073206889273425,0,2021
Faisalabad,0,-11.518100487835865,-16.180335098094474,-1.694998894548787,-2.073923245475619,0,2021
Faisalabad,0,-10.699753799489491,-20.671011853475477,-0.8686142031861692,1.6440556023706598,0,2021
Faisalabad,0,-12.169194874484361,-19.600459272917494,2.8707324604422944,4.764121559707837,0,2021
Ghanche,0,-6.060690454497579,-15.51143221722507,0.629194664460524,4.748258675515251,0,2021
Ghanche,0,-15.670891773365138,-21.861963866831935,1.0425875106440259,1.3969370228824047,0,2021
Ghanche,0,-6.595090105334586,-13.697598974305453,1.460287759048648,5.477300918336564,0,2021
Ghanche,0,-11.438581998151172,-17.904571117180097,1.8365594102317253,5.955751416054049,0,2021
Ghanche,0,-13.963768148374918,-17.08690998378161,6.633864164480455,2.631328111232545,0,2021
Ghanche,0,-10.636790855926035,-20.563397765387972,-1.3804078077383473,2.0255117606785653,0,2021
Ghanche,0,-12.002448961740534,-22.00361837818529,1.0554668842840957,3.417999512093157,0,2021
Ghanche,0,-8.677490422221956,-17.60636664958572,-1.6175042102471338,-3.0291098616472176,13,2021
Ghanche,0,-14.98236763641436,-20.40395091094821,6.3441994170495395,10.83719506484279,0,2021
Ghanche,0,-12.977932645592507,-18.627593102327836,2.369720972687004,4.729729168746351,0,2021
Ghanche,0,-6.787153444071075,-13.502980587937095,1.7660691542605802,-0.6299157832944502,0,2021
Ghanche,0,-6.541457452854131,-15.361130728694372,-0.053015037892376604,2.427058347366195,0,2021
Ghanche,0,-19.19094055009111,-25.572703724678462,1.9371834152481533,2.1799033252313436,0,2021
Ghanche,0,-19.254812542977454,-22.102892100929065,-0.021383125283591653,2.8426598092802244,0,2021
Ghanche,0,-10.095228577557487,-19.4375671327744,-1.9487546234724569,3.4039618110130263,0,2021
Ghizer,0,-10.944460079095784,-16.536177388957697,2.734746613177899,3.1318273840945725,0,2021
Ghizer,0,-7.828869795597907,-14.981280219094979,5.666088367440745,3.6436222071744435,0,2021
Ghizer,0,-11.250246530981887,-24.34589963650593,-4.122036820520611,0.19782450782555472,0,2021
Ghizer,0,-3.216609892545719,-16.31565134211868,-0.09295480662688815,3.489167246812354,0,2021
Ghizer,0,-6.397272948044401,-12.401585286461916,-9.188725355952384,-6.847840463867197,0,2021
Ghizer,0,-9.455153505735476,-15.439444264274268,-2.166975351048441,-2.044604885406546,0,2021
Ghizer,0,-11.353113291364394,-18.761739434436834,0.19301408965657885,4.6078965551115285,0,2021
Ghizer,0,-5.85963185637556,-19.27438896273188,-9.818491251987759,-0.8530355770451798,0,2021
Ghizer,0,-4.472973150072146,-12.021761612689987,-2.7675377695904517,-1.874660060641821,0,2021
Ghizer,0,-4.556920368256822,-12.44155994009587,13.00468764913309,11.84468895326069,0,2021
Ghizer,0,-5.400790671467452,-12.773546332759217,-0.21676473105696026,0.1045684408355676,0,2021
Ghizer,0,-7.173984371729318,-17.16910094450224,-9.82791668860618,-7.528229841222796,0,2021
Ghizer,0,-9.25939712265713,-17.734812203837897,-0.584420812801234,3.4520408327103898,0,2021
Ghizer,0,-5.36033438471791,-16.17663661688674,2.737519241191836,9.3350465658472,0,2021
Ghizer,0,-9.482186051413207,-17.377278239700086,-2.71124757029399,-2.6362760902603988,0,2021
Ghotki,0,-15.464832281848594,-23.461305164602667,-1.583820644126554,1.3411434767826975,0,2021
Ghotki,0,-11.720125373298115,-18.852267015216412,0.06849764441051143,0.04593516378525919,0,2021
Ghotki,0,-13.989126191654758,-19.843060765464088,1.6940784189718663,1.0845083497141559,2,2021
Ghotki,0,-14.91659222267338,-20.886390566259397,-1.5864746717543134,-0.8496167437222226,0,2021
Ghotki,0,-9.642277476921599,-15.19305859506603,-2.8303685981014066,-4.087613898918374,0,2021
Ghotki,0,-17.67689643882155,-26.42900623122751,-1.0309996302325075,1.0681255528731484,0,2021
Ghotki,0,-14.493729995985591,-22.087659389652693,-0.5548347926554875,-2.3927121318661015,0,2021
Ghotki,0,-12.909351277427831,-19.541480054858305,1.406873539641449,0.6638714502508805,0,2021
Ghotki,0,-8.53750190739688,-16.62795036374681,-4.9433642997360305,-1.7108862749648353,0,2021
Ghotki,0,-8.367001984055793,-15.17069047432626,-3.8233777755503198,-1.740801887800231,0,2021
Ghotki,0,-10.28853256794449,-19.149128497773546,-0.43019652983397094,-5.756642412975761,0,2021
Ghotki,0,-8.427069775443673,-14.902123903336687,-3.682008908609527,-3.058986191752105,0,2021
Ghotki,0,-15.067115577743234,-23.1515300278264,-2.4096779733268114,-0.1646923071208164,0,2021
Ghotki,0,-18.90543070655537,-25.922646996190394,1.4272392378154528,1.0196168248579554,0,2021
Ghotki,0,-18.70139380963044,-24.818434982219838,0.05886688269655593,0.24330997182176972,0,2021
Gilgit,0,-12.493010417736771,-22.144174542498874,-0.34345663831333795,-0.4750496488548954,0,2021
Gilgit,0,-8.37232275355079,-16.25851042732714,-1.936580749336482,-1.114708804714219,0,2021
Gilgit,0,-18.118639803357688,-21.654815158993536,2.1884025177527597,-3.804768738265139,0,2021
Gilgit,0,-8.627449600200148,-14.008918462586404,0.42978152534407243,-2.5059498826925157,0,2021
Gilgit,0,-10.955001531577475,-19.543909358205028,-2.748595693913904,-2.0028996734619824,0,2021
Gilgit,0,-0.400755872063159,-10.756298972755731,1.4099534483727447,9.018344689682998,0,2021
Gilgit,0,3.565850408381013,-8.860221669609622,0.71093390373106,3.537073594964621,0,2021
Gilgit,0,-10.112991355638986,-18.291738443029754,-0.9318370251386927,-0.061307902923992685,0,2021
Gilgit,0,-8.231781031662983,-15.4331633740631,-0.2011076716991802,1.300997292139023,0,2021
Gilgit,0,-12.060893413685426,-20.493026327275583,-0.04833094010919581,1.0855757474012009,0,2021
Gilgit,0,6.049914462887536,-8.375144168872179,0.010995872962569209,7.474305837933815,0,2021
Gilgit,0,4.0839039174089855,-4.194254956601963,-0.6435564803243241,0.4293900633457701,0,2021
Gilgit,0,0.03496387626129512,-8.777920575584197,0.5440066396788545,1.8247739317550948,0,2021
Gilgit,0,-13.039211199888388,-21.562061461854114,0.42300715915154363,0.18539713736014463,0,2021
Gilgit,0,-7.591216316036792,-13.941199165628523,3.5351379415048108,5.348776628217191,0,2021
Gujranwala,0,-9.403600368371048,-14.563000603077136,-3.7852270922829945,-4.109604369480049,0,2021
Gujranwala,0,-10.438142676193374,-16.164127361354932,-1.8944208506576299,-3.024179920320389,0,2021
Gujranwala,0,-10.911199191975825,-20.050860543621685,-0.6473726395008725,3.206461151915935,0,2021
Gujranwala,0,-9.771305486916406,-17.9825402844282,-2.3827137354498795,-0.8967184807436652,0,2021
Gujranwala,0,-8.994011669082678,-16.46880843069204,-4.328199473332791,-3.15347583635873,1,2021
Gujranwala,0,-10.275925742829571,-18.759292186651944,0.6716108893269794,-2.1112266064117087,0,2021
Gujranwala,0,-6.217323741823638,-14.826591816471527,-0.16916304555511363,-0.822561610187801,0,2021
Gujranwala,0,-11.01095666026665,-18.50596469429125,-2.11461281581888,0.4811528443714188,0,2021
Gujranwala,0,-10.866141357404668,-17.890494895380748,-2.8658057057579,-1.0214577064009767,0,2021
Gujranwala,0,-8.444710169997672,-14.5374777983333,-0.522710307419187,-1.4937336900239,0,2021
Gujranwala,0,-10.75347806123846,-17.99460813707037,-1.3659208084859724,1.492017435735388,0,2021
Gujranwala,0,-12.243867027672168,-18.58163664611255,-1.8443349566869127,-3.6900446476182154,0,2021
Gujranwala,0,-10.377560775672611,-16.39344976264951,-4.592165439865619,-2.5378450863363042,2,2021
Gujranwala,0,-10.406623801019467,-16.001536287840604,0.25000310652678337,-2.0263458399351286,0,2021
Gujranwala,0,-12.033830652066113,-17.56259159674219,0.10972566435866504,-1.6694202723288143,0,2021
Gujrat,0,-8.260369149909096,-16.15522222019339,-2.9974218513041375,-1.158664704202529,0,2021
Gujrat,0,-10.10837988969222,-17.150215962595833,-1.3287143401395873,0.11449472153463702,0,2021
Gujrat,0,-9.735955074260488,-18.04692108269716,0.07941380978735957,1.5918799789814955,0,2021
Gujrat,0,-11.523785594164096,-17.598303997911955,1.4826505391838012,-0.25602899197468076,0,2021
Gujrat,0,-10.03543215620956,-15.223316923397078,-1.0699006596273222,-1.7729729572975153,0,2021
Gujrat,0,-11.576397520446044,-17.018743104228207,0.932326645912859,-0.37729275146421415,0,2021
Gujrat,0,-11.493764893485043,-17.089508317860304,-0.982857250165825,-2.2291572943653186,0,2021
Gujrat,0,-13.112866814039872,-19.468768386323568,-2.740385929931726,-3.117602003996641,0,2021
Gujrat,0,-8.33647195773397,-14.614640631192676,-1.3295807027664512,-0.30063635177200076,0,2021
Gujrat,0,-9.368637706701643,-17.952561482767827,-3.5388179475221424,-1.4341985287999037,0,2021
Gujrat,0,-10.323311384032536,-16.83521749521522,-1.569531153845519,-1.0080642474730936,0,2021
Gujrat,0,-13.73917987346722,-20.014567562380655,1.7124463738504474,-2.079786508787631,0,2021
Gujrat,0,-11.285728564695864,-16.88473221655738,-1.1339922059551473,-2.1006422629005677,0,2021
Gujrat,0,-7.31611049571093,-15.143627380005647,-2.450227884991291,-1.226335331920012,0,2021
Gujrat,0,-10.822378353305318,-17.258167426280096,1.4947843483859575,1.2991628123757124,0,2021
Gwadar,0,-18.535501416074315,-25.26648473981893,2.0692665693727363,0.5031482178096525,0,2021
Gwadar,0,-18.277939237062448,-25.954721385932054,0.8114918435981942,0.7280073868130579,0,2021
Gwadar,0,-9.609752845844298,-20.654725843832875,-0.799114096499915,1.5208799711453835,0,2021
Gwadar,0,-11.107831046032599,-20.464218736122238,0.6174717352321117,1.568690124534303,0,2021
Gwadar,0,-15.260380058186849,-23.632019133077925,-1.4874880543167617,2.1084619640543636,0,2021
Gwadar,0,-7.701418443945519,-16.536252860212684,-0.9707380758266453,0.8581357326103216,0,2021
Gwadar,0,-12.958116415135388,-21.879443438970306,-0.0190608760711104,-1.948719899859249,0,2021
Gwadar,0,-15.71777030025501,-31.056165346180688,-0.3349893819361629,4.341761588079567,0,2021
Gwadar,0,-22.412344226019556,-27.045518555200825,0.5301170509188182,-0.7931981875551912,0,2021
Gwadar,0,-17.546720904697796,-26.20903406101172,-0.46767875572945883,-1.3585149342499179,0,2021
Gwadar,0,-25.16382166961273,-28.0756964404387,4.185553347354208,0.44924053487003235,0,2021
Gwadar,0,-19.979481433477538,-25.875019982404485,0.5780983008665466,-2.3675003217893114,0,2021
Gwadar,0,-19.13338826406297,-28.48080178636963,2.0379716341642506,-1.138027176691626,0,2021
Gwadar,0,-8.73573931302165,-13.75670589263272,2.1017728204349977,1.8917492251580619,0,2021
Gwadar,0,-17.275057007217672,-27.099864821975707,-4.054011128153423,-1.8705223322466296,97,2021
Hafizabad,0,-7.39189532503238,-14.026049226658996,-2.191468313761881,-2.223034824808339,0,2021
Hafizabad,0,-8.58124189245305,-16.38855023544948,-3.7409338604975204,-0.6834902290324933,0,2021
Hafizabad,0,-12.222154971950276,-19.031012087041887,2.506782615758622,3.1097945575031716,0,2021
Hafizabad,0,-9.398928463452913,-16.662287300969155,-1.0351787252476203,0.2885791172270338,0,2021
Hafizabad,0,-9.633527494949627,-17.82222243948911,-3.452946891111564,0.6068779661124779,0,2021
Hafizabad,0,-12.04234154782323,-16.59026741072709,2.735250638006759,-0.18967697434146302,0,2021
Hafizabad,0,-10.707036646915846,-17.938645135457534,-1.6022785797577832,-1.1403851618346437,0,2021
Hafizabad,0,-10.23758582110398,-17.027069104826936,-4.936247136454071,-1.0928279400398893,0,2021
Hafizabad,0,-10.293061766269119,-18.59693713341072,-3.558358695208705,-0.25891167267237947,0,2021
Hafizabad,0,-11.489585317649546,-19.258893941504716,-1.3648784447527014,0.08457364519890831,0,2021
Hafizabad,0,-11.347281107917087,-16.39517634440975,0.8485459586068202,-2.1560305672788083,0,2021
Hafizabad,0,-10.896855685049506,-23.183468853320903,-3.765448764224603,4.158802766836686,0,2021
Hafizabad,0,-10.909529231051362,-18.404125540946442,-2.1189895079353835,0.30187000259031294,0,2021
Hafizabad,0,-8.934334305384533,-15.71210000482188,-1.169019478340191,0.005067959186098037,0,2021
Hafizabad,0,-11.951877019386274,-15.514006342808935,-2.7494985725648977,-5.54363837869184,0,2021
Hangu,0,-10.257826694630669,-17.648503986951006,-0.3157078363851351,-0.05315851634293978,0,2021
Hangu,0,-15.526183707680271,-20.867325211741612,1.7415971090751974,0.8691220038707748,0,2021
Hangu,0,-9.527903652794574,-14.809068581241135,-2.5928434572805124,-3.6050165108875944,0,2021
Hangu,0,-8.265073661390302,-15.519715168611587,-1.2963202968767433,0.04492200452413897,0,2021
Hangu,0,-10.964709921644458,-17.403585655554956,-0.5717101940383351,-1.3543213822587106,0,2021
Hangu,0,-8.537550753223908,-14.129321931538954,-0.6995525237312314,-4.557861974011317,0,2021
Hangu,0,-8.88337521426831,-16.890264450189797,-1.6904916424036838,0.44397903383836734,0,2021
Hangu,0,-9.296513662435453,-14.856678396853606,1.534104385746419,0.9083877190868996,0,2021
Hangu,0,-8.978489227328195,-18.62156552205313,2.8674981897808127,2.380756623151587,0,2021
Hangu,0,-6.8625889728904435,-13.468708153980241,-0.33758388839255016,-1.5681369527151432,0,2021
Hangu,0,-10.845133632481243,-16.735405013548895,-0.26430275978397333,-0.05687951795811941,0,2021
Hangu,0,-5.512321657570094,-14.845620147042084,0.44111571487171375,-1.1583193129451637,0,2021
Hangu,0,-12.471063639594934,-19.823046919424613,-0.7448948156326054,-0.5935993586728507,0,2021
Hangu,0,-6.013169235067157,-13.128247796629182,-0.40013126641992525,0.5519352982297185,0,2021
Hangu,0,-14.015152689556288,-20.067165895628143,1.8564989945747499,0.9700746461512608,0,2021
Haripur,0,-8.159772204616653,-12.927299718555485,0.6048829800883286,-1.1633718508517887,0,2021
Haripur,0,-10.13630205104494,-15.56109259711386,0.3838652612289728,-0.12144207017028741,0,2021
Haripur,0,-11.048744638389728,-17.130844309136144,-0.056850702939483355,-1.403147229526283,0,2021
Haripur,0,-7.9972798536497836,-13.250204275690772,1.1038070458766,0.18307691003554005,0,2021
Haripur,0,-12.318502917187015,-19.544655941286997,0.5194738116476945,1.0517470120342516,0,2021
Haripur,0,-9.487472122939954,-14.631779470064803,0.8761400867118745,-3.2797451299546623,0,2021
Haripur,0,-5.625066898843376,-15.668837438192693,-2.160152892672409,-0.047667679874892954,0,2021
Haripur,0,-14.276029037150256,-17.942483566524217,0.26898015724305324,-0.2560945125111189,0,2021
Haripur,0,-10.727723252593517,-17.76619063248034,-0.2944011649126246,0.41432587406995225,0,2021
Haripur,0,-10.156427475719509,-15.507130340078168,-0.625294845546005,0.27446193645618955,0,2021
Haripur,0,-8.857084378578687,-15.692894074303789,-1.0324172283999946,0.7018588442518237,0,2021
Haripur,0,-9.918023656668266,-15.29930709177296,-5.033790718665324,-4.029429525580138,0,2021
Haripur,0,-19.113492818205703,-29.670393059356456,-2.660130463373328,0.9086733932847082,97,2021
Haripur,0,-8.818359622164607,-14.94700865631539,-2.6643820173284034,-3.811491183965323,0,2021
Haripur,0,-10.159448934035984,-18.031034821435863,5.336768220875066,4.023010129551368,0,2021
Hunza,0,-7.983862517859636,-14.412314787703997,-1.1801982249541076,1.7303837455133309,0,2021
Hunza,0,-8.621715939912226,-19.86609783019564,-1.6674630761751867,4.109169607837238,0,2021
Hunza,0,-10.06394991887344,-15.220503855609964,2.5248698410226043,-2.1160452524290765,0,2021
Hunza,0,-15.500146999613431,-20.45323147854421,12.419988867921539,12.421593050538586,0,2021
Hunza,0,-19.22730118989102,-20.526376164971904,8.469007184591476,5.507428386299093,0,2021
Hunza,0,-11.993130484592559,-18.4406548158465,-1.610569229394411,-2.7407653378377113,0,2021
Hunza,0,8.084531832186402,-2.4461817120002873,0.29675641641863315,-0.17665047857766547,0,2021
Hunza,0,-14.612796412144158,-23.51475107870852,11.375798185045927,16.13119124568525,0,2021
Hunza,0,-8.977817156402315,-17.164227466874905,0.04532290442158349,1.5298266062834571,0,2021
Hunza,0,-8.45924406900749,-14.147579298407852,0.6704552694823915,-1.166734065446036,0,2021
Hunza,0,-17.628597639871202,-18.407674325357636,2.5319072053789107,2.4828813621722468,0,2021
Hunza,0,-7.745677831809372,-16.54089405507663,-0.606879742334721,2.244401167959907,0,2021
Hunza,0,0.4426335310285829,-8.643038618130525,-2.7371121500893896,0.27115938097792913,0,2021
Hunza,0,-3.757837576494352,-14.659159285326997,0.2286553464242509,2.6598642912603356,0,2021
Hunza,0,-8.075095223378062,-12.142580632973921,-0.23811117163473838,-0.5042419793536475,0,2021
Hyderabad,0,-7.598457767896195,-17.77319901777888,-0.039029484254888835,0.23882821842967772,0,2021
Hyderabad,0,-3.134540201535496,-11.671755979039222,-1.26133796571398,0.13969921466396684,0,2021
Hyderabad,0,-11.653246245738673,-18.44179862848015,0.48369850064463016,-0.41996390504657555,0,2021
Hyderabad,0,-3.685884957788396,-11.522901214584175,-3.323637717568454,-1.426123748350312,0,2021
Hyderabad,0,-9.786281951324984,-18.026395758033104,-2.1703813272148835,-1.4617387453890025,0,2021
Hyderabad,0,-4.903970523609128,-10.705400347834,0.3521133197691855,-2.1029234563661845,0,2021
Hyderabad,0,-6.821452562166339,-18.759245985272994,-5.77461406384057,-1.751656702015353,0,2021
Hyderabad,0,-12.283913435551018,-19.945703337491565,1.4817532963152669,3.760187354044451,0,2021
Hyderabad,0,-9.518701032486229,-18.53541192987855,-4.527803745237609,-3.2042615682684925,0,2021
Hyderabad,0,-8.254918577005437,-14.984727232529927,-0.5360884871815124,-0.06546809379016238,0,2021
Hyderabad,0,-12.118899271990589,-17.490301401550788,0.15626239645311557,-0.2143569030620327,0,2021
Hyderabad,0,-9.892154053218414,-16.246577006926003,1.4054054065542196,1.3735608674647484,0,2021
Hyderabad,0,-4.098920664687957,-10.913882918171733,3.0844349387877417,0.5458487754321002,0,2021
Hyderabad,0,-6.761369836259039,-15.133124311126007,-4.495565789953716,-3.1337846204432864,0,2021
Hyderabad,0,-8.241243210137656,-14.659699010894514,-3.0390311106912034,-2.74300269675399,0,2021
Jacobabad,0,-9.165517033493622,-17.231334127935952,-3.0474972402038603,-0.46863499836044653,1,2021
Jacobabad,0,-10.466988725468356,-17.539996726376913,-0.6187201271479115,-0.5582593769057702,0,2021
Jacobabad,0,-7.406088021096489,-18.680936818518354,-1.7396210549427558,3.582272337533162,1,2021
Jacobabad,0,-9.255100099034548,-20.14391090837303,2.3164725762044265,3.923893559068137,0,2021
Jacobabad,0,-17.06902701874242,-27.42466773428569,5.316344414017436,3.780064418993394,10,2021
Jacobabad,0,-10.42671530712732,-19.86362343719186,-1.6514575153213222,-0.5384134702145538,0,2021
Jacobabad,0,-9.041388836306169,-17.984247172912387,-2.646374816174493,-0.8091268630694195,0,2021
Jacobabad,0,-10.211464162270197,-18.069879531528493,0.37591892214383016,2.8542151956688535,3,2021
Jacobabad,0,-9.032057126875848,-17.612861157051487,-2.802505224555219,-0.039936998721131545,0,2021
Jacobabad,0,-8.393609099457203,-22.22041585181333,-4.655068195173758,0.2078587371035816,1,2021
Jacobabad,0,-11.419219186998681,-24.22837527350182,1.027911669859975,3.5309705177029436,1,2021
Jacobabad,0,-9.321331056620895,-15.79593756447617,0.934997118377705,0.37087156843116276,0,2021
Jacobabad,0,-9.519964005782196,-16.820173705484013,-2.103867875551259,-2.6347260468579243,0,2021
Jacobabad,0,-9.333620084495557,-17.32555237387883,-0.7892273252289606,-1.5853258371316556,0,2021
Jacobabad,0,-7.989069947625254,-19.62474581192354,-1.2441220342059225,3.795399038928778,0,2021
Jafarabad,0,-9.414041344436662,-20.822648740545773,-0.44520957834758157,0.6389098539839111,0,2021
Jafarabad,0,-14.765134021124172,-26.880447385982883,0.6564338553663198,5.654727893095682,42,2021
Jafarabad,0,-18.015549476136734,-27.24857833736765,2.5925742704711183,0.5682423501838478,0,2021
Jafarabad,0,-9.66746592728576,-21.17214471179175,-1.474989992738589,6.029523957608342,0,2021
Jafarabad,0,-10.478884250649513,-19.722289573163803,-0.7088440129694646,1.0715615845471014,0,2021
Jafarabad,0,-13.317734782433568,-23.514362681367274,2.9881190367825603,3.3797828321604264,0,2021
Jafarabad,0,-10.294263618672247,-18.35767327541886,-2.2765960249014885,0.24102049859969554,4,2021
Jafarabad,0,-9.484299613062532,-17.723831976685588,-2.8992851139136526,-1.2586293360705803,1,2021
Jafarabad,0,-8.122765694212442,-18.340083104943936,-4.502462094874309,-0.6655476696417146,0,2021
Jafarabad,0,-7.48022357348674,-16.868462421113055,-3.841525503219711,-1.303388494072017,1,2021
Jafarabad,0,-14.689162856400229,-26.84272906883066,-0.2841782029048545,0.9494623104110609,2,2021
Jafarabad,0,-12.798931324045792,-17.166046377375423,3.347942738032385,-1.6317597807981201,3,2021
Jafarabad,0,-10.726836319183956,-19.968539997236462,-0.7394973287901507,0.9688684365472326,0,2021
Jafarabad,0,-13.709769036512846,-25.892903450643765,3.774286193747143,3.223418898435341,0,2021
Jafarabad,0,-10.249327441053964,-16.482510552390156,-0.820659232003484,0.022623534712817417,0,2021
Jamshoro,0,-10.76470981984607,-17.052337893868525,0.38017363142549243,-0.9746989871972076,0,2021
Jamshoro,0,-4.548259338951682,-10.538899714342051,2.0133228023835965,0.8474355165381482,0,2021
Jamshoro,0,-11.390993061599309,-22.02921525458776,-0.5882498642754861,2.0574961062257806,0,2021
Jamshoro,0,-15.981075877968976,-26.41384185308045,0.9301724665313884,0.8883285156661671,0,2021
Jamshoro,0,-15.37005429384851,-24.867121629054097,0.1412118232569366,-0.6327194726556087,0,2021
Jamshoro,0,-7.706176664351391,-17.73792443772207,-1.7327785890757017,1.6621527608573885,0,2021
Jamshoro,0,-7.460273866552845,-15.964701540219492,0.5213654880891463,1.6709253429770428,0,2021
Jamshoro,0,-8.749295820217823,-13.839296756622153,0.6006061707957446,0.022612064729178982,0,2021
Jamshoro,0,-13.776570916987334,-20.65439645370189,-0.7264987455826333,-1.5463721679703788,0,2021
Jamshoro,0,-6.326451708521633,-13.189006155482152,1.9304654389505558,2.1415226527226405,0,2021
Jamshoro,0,-8.08140377142873,-13.632363772758357,0.8029442095172854,1.5097833436073582,0,2021
Jamshoro,0,-16.455673774840246,-24.00551843257348,2.1473904376346873,0.973183344311142,0,2021
Jamshoro,0,-10.376778677706449,-15.498419989157188,0.9437808061104516,-0.1793419414544033,0,2021
Jamshoro,0,-11.076107450496423,-18.478952404218248,-0.3852450388819584,-3.680899467905359,0,2021
Jamshoro,0,-10.488978018963058,-16.939289702007066,0.7175597283274247,0.05797464456406587,0,2021
Jhal Magsi,0,-13.159362151349008,-24.83748232625373,1.4544570200601932,5.748135889392369,0,2021
Jhal Magsi,0,-12.857396763634437,-18.831685693908277,-0.4630520562762577,-0.523250877464065,0,2021
Jhal Magsi,0,-19.01729690222659,-25.805920652945133,-2.3726684788862045,-0.47142011038272,0,2021
Jhal Magsi,0,-20.668156438757855,-27.615776513383288,0.9486233601100587,-2.484539507364463,0,2021
Jhal Magsi,0,-12.259825952442345,-18.58928467230896,0.6755133801475175,-1.4123580947840786,0,2021
Jhal Magsi,0,-14.499222349559977,-28.14910526404121,2.660112096219434,7.019892614615742,1,2021
Jhal Magsi,0,-17.626638138043617,-25.09022291117067,2.2903008128586997,0.18782997507796395,0,2021
Jhal Magsi,0,-14.77507203416247,-25.675483314512555,1.304569123708724,-1.0523615392387669,0,2021
Jhal Magsi,0,-12.435582085502446,-19.18527190934217,1.0178388163577488,-1.92394618001358,0,2021
Jhal Magsi,0,-10.92148257178623,-16.14108437356916,-2.8640113092881645,-3.2428065402959483,0,2021
Jhal Magsi,0,-21.254146805052912,-29.326305715832188,-0.5231151935066976,-0.5680723030677655,0,2021
Jhal Magsi,0,-11.979083233031982,-17.686996464112994,-0.9320873505315497,-3.4509229897174976,0,2021
Jhal Magsi,0,-16.406708354968227,-24.582315279355047,1.7278025432699913,1.293268186189028,0,2021
Jhal Magsi,0,-22.298809883616716,-31.8007678724977,-0.2487752103166514,0.7618605231000437,0,2021
Jhal Magsi,0,-13.319728033855798,-25.297117938136175,0.7353810973317092,6.3064486002358215,0,2021
Jhang,0,-10.298226280106476,-17.776762212420344,-1.5799393169278204,1.6815152243075104,0,2021
Jhang,0,-9.63705525088404,-17.341399184611525,-4.70111287291107,-0.09758149161848095,0,2021
Jhang,0,-9.427228808783095,-14.276303161269105,-0.5152516609020985,-8.708563315788737,0,2021
Jhang,0,-13.379007540145135,-19.274977663319458,-3.6947451697996243,-6.81619354948668,0,2021
Jhang,0,-11.461771700254403,-16.81343084716252,2.363461239036729,1.0720506510148446,0,2021
Jhang,0,-23.314061089302342,-26.77402087902309,8.157365855738302,5.021363525816302,3,2021
Jhang,0,-8.605575622493124,-17.949209049548614,-4.511362879531047,-0.9037835884240835,0,2021
Jhang,0,-9.931864658499402,-15.033074978366434,-1.7300411163209475,0.7323730254220528,0,2021
Jhang,0,-16.58473868831161,-24.682654383670297,3.4511855489308267,-1.4316650615826916,0,2021
Jhang,0,-8.984751111437749,-17.57134331967788,-3.2068421638803404,0.7831598047283741,0,2021
Jhang,0,-10.653910811931446,-16.807910807923992,0.27121843769519316,0.3045068948811718,0,2021
Jhang,0,-9.72566943602179,-16.127585971038908,-0.5968422301119336,-1.21504159064418,0,2021
Jhang,0,-22.7001645890386,-26.819166466380068,8.371796726463064,1.7677343744606304,0,2021
Jhang,0,-9.464126189676495,-17.56848250988803,-3.915891707459057,-1.6751091033745205,0,2021
Jhang,0,-9.033662554335306,-17.239674731189382,-2.578688960655221,-5.539288986459546,0,2021
Jhelum,0,-7.792915732565272,-12.74997786874721,-2.2625054859810563,-2.492083291387315,0,2021
Jhelum,0,-12.241439963084279,-18.287607090047594,-2.6124410543115015,-0.1714819860652277,0,2021
Jhelum,0,-10.6874377682901,-15.823132623561868,1.2746634543318223,-1.191949121114547,0,2021
Jhelum,0,-12.613428188175174,-18.96432973242517,-0.01904220844664195,-1.7290381390158274,0,2021
Jhelum,0,-10.70543536685829,-21.186142154309557,-3.9018522450167463,1.979944517459387,0,2021
Jhelum,0,-12.629074605781973,-22.485484494580007,-0.7649829472080505,0.4606577683706625,0,2021
Jhelum,0,-9.73905182251843,-17.693180962246714,-0.7482548962539504,3.376763815379894,0,2021
Jhelum,0,-8.489432429760225,-16.801685801967853,-0.39572117066541956,1.6584139091253647,0,2021
Jhelum,0,-6.78024717439802,-16.160996472591503,-3.1735755560234606,-2.1902144264910532,0,2021
Jhelum,0,-11.60861768855206,-17.166442772694907,-2.6137893277958124,-1.8012641316605134,0,2021
Jhelum,0,-11.446478128317871,-16.48189842868359,0.3633216218756914,-1.5360648579626286,0,2021
Jhelum,0,-10.413108867305985,-15.803740101664225,0.055024327309523,-0.6147877065088387,0,2021
Jhelum,0,-12.130379328995115,-19.06984526215982,1.0112087220655894,3.0066407557677266,0,2021
Jhelum,0,-11.023512220523074,-18.55846017641466,-1.8683779204884878,-1.4724568412401702,0,2021
Jhelum,0,-8.053233216318064,-15.070120955956702,-3.7731824538016046,-1.2370468719379861,0,2021
Kachhi,0,-14.736042554811535,-25.17579293359922,1.4597698111287034,3.3264004574227464,0,2021
Kachhi,0,-13.524651802181065,-21.224582933264898,1.2047680221234582,2.757572511065476,0,2021
Kachhi,0,-6.986800100734467,-15.315400057522295,0.6191598808730596,2.198413138979376,0,2021
Kachhi,0,-12.144366656809474,-25.873318879260218,1.5091045762200554,4.863146247983117,0,2021
Kachhi,0,-19.115992994500214,-27.12941571755817,-0.8549564761846469,-1.5763918464430802,0,2021
Kachhi,0,-10.23024844882936,-16.924621027507666,-1.7613790032532783,-2.521548347835534,0,2021
Kachhi,0,-10.649152439910754,-21.24803328676831,0.5575270453520389,2.669100161736587,2,2021
Kachhi,0,-20.865496284237786,-27.492244320241213,4.652377250324232,-0.40890663563052243,0,2021
Kachhi,0,-6.091268117061564,-10.808680503722874,1.3008301526418586,0.3739893315839353,0,2021
Kachhi,0,-14.170616407619702,-21.552033800058762,-0.46759991409189716,-1.6065136313802348,0,2021
Kachhi,0,-12.782839356947349,-24.337285385165547,1.0452079604410045,-1.4229393862277213,0,2021
Kachhi,0,-21.205377748668276,-26.47456999372483,1.144444543436805,-3.121574616238,0,2021
Kachhi,0,-11.974609795406156,-26.081581520386493,-3.054781754071408,-0.008170415357543703,0,2021
Kachhi,0,-8.428744876532747,-15.145762347926642,1.027174199641311,1.747196444768063,0,2021
Kachhi,0,-16.02129242047216,-24.156510556871773,3.253024859206201,3.645511416660373,0,2021
Kalat,0,-7.3913237598788495,-15.672480326747447,0.44143521583876133,2.6016563442592666,0,2021
Kalat,0,-9.769205872071272,-15.555477369627187,0.2521198094582928,-0.5899415867030697,0,2021
Kalat,0,-3.0973115083270244,-8.882703152323076,0.4247348157225801,-1.7620110384262215,0,2021
Kalat,0,-9.731653918898667,-16.797434172761548,0.6254627126537553,2.229375342597592,0,2021
Kalat,0,-6.638072446969577,-13.06866387878924,0.38098064658655506,1.5952929745205502,0,2021
Kalat,0,-21.51190696640898,-26.90878676092823,1.4148108903614869,0.9899517500414099,0,2021
Kalat,0,-5.504896053675495,-13.44758112789658,-1.4820152838465983,-0.8659857161469979,0,2021
Kalat,0,-13.612835637946112,-24.12082340506353,2.198627092351064,-1.279692368340541,0,2021
Kalat,0,-6.631599064543241,-13.383077914926542,0.047292751658496,-0.3723977742553082,0,2021
Kalat,0,-11.040580699558422,-16.264213721405845,-0.8222815666001093,-1.1107461522820792,0,2021
Kalat,0,-16.30518712368962,-24.54887301368076,0.6709316176871774,0.5952078754271,0,2021
Kalat,0,-6.583376986366776,-14.023534052597654,1.5338531990237954,1.881737140614847,0,2021
Kalat,0,-9.717865986121803,-17.065195391813617,0.7208523929514623,-0.8803819291778368,0,2021
Kalat,0,-8.812195045470677,-16.040064769982607,1.6736626631629559,-0.426398977241103,0,2021
Kalat,0,-6.159231277834688,-12.785809370430037,0.40776497574299864,0.8911342284720192,0,2021
Karak,0,-14.817045793252914,-24.35612661266024,2.0965916385219874,2.896437131608927,0,2021
Karak,0,-9.875246379321133,-17.423816976394264,0.3666270247844228,0.6249898021959517,0,2021
Karak,0,-7.571367277942684,-14.224819256539362,-0.36706643079306556,1.3213004105028219,0,2021
Karak,0,-9.89704225430405,-17.390070294683735,0.6753414103966264,0.29845298340167403,0,2021
Karak,0,-8.317804560369394,-15.076030916219223,1.469047673365587,2.430141714693205,0,2021
Karak,0,-8.733906149635587,-15.110559324906557,1.1010327115895553,-0.7312772745263025,0,2021
Karak,0,-13.830858710865105,-19.55296526894916,-0.26467436596547245,-1.7971700751785775,0,2021
Karak,0,-13.84961156279287,-19.25240790246778,-0.21519075332582815,-3.707255428730459,0,2021
Karak,0,-8.866620205157925,-17.160671022189856,-0.048143269340711115,-0.5440265771669992,0,2021
Karak,0,-9.873186840540424,-15.174473081692998,1.7786050366458603,-0.3850407119458179,0,2021
Karak,0,-12.643901799865688,-17.763995992526795,1.6811053471530997,-1.8240267812597217,0,2021
Karak,0,-11.412469736183112,-18.62933617018346,-1.1104354995556758,-1.7065406206806735,0,2021
Karak,0,-10.489411880091211,-18.77004980856293,-0.957346699027374,0.9985305665157824,0,2021
Karak,0,-11.997448965039814,-17.113158706840288,-2.126127286152295,-2.752029678203577,0,2021
Karak,0,-8.594551058972158,-17.33504407078895,0.8337433016626488,-0.05117818631897464,0,2021
Kashmore,0,-12.031794160693064,-16.640716009821702,-0.9498894428785931,0.9011835868756854,0,2021
Kashmore,0,-17.21671804145028,-25.168651685473606,6.768461600460617,9.706121785599386,20,2021
Kashmore,0,-17.271193480340067,-25.29732106394748,0.21905172653704597,1.1603630203563249,36,2021
Kashmore,0,-21.151214433219288,-30.541726366927044,6.825766485605474,1.0571011344503276,38,2021
Kashmore,0,-9.609099668554286,-17.26695907304759,-0.37484734340358195,-1.0077682487218738,0,2021
Kashmore,0,-13.779146414395797,-22.118136240692277,-0.9681134617777296,-1.7957834121201763,1,2021
Kashmore,0,-11.380092789240894,-20.189170921811844,0.9327740371413,3.687246513901311,5,2021
Kashmore,0,-8.375229473380234,-16.27872661083077,-5.362692635871774,-6.261931786540043,27,2021
Kashmore,0,-11.053513117051732,-19.675767267442943,-1.435185665821912,-1.0788502761313126,0,2021
Kashmore,0,-21.827515350176974,-27.265484057718403,-0.44504499113935836,-1.3600353449229559,59,2021
Kashmore,0,-9.535433448506884,-15.904441686700663,-1.394096456988077,-3.351723966690704,0,2021
Kashmore,0,-16.35405399441839,-24.358407213302222,5.349371723455082,7.212600448595715,13,2021
Kashmore,0,-12.933407345312641,-20.86871709049308,0.20274126222681588,-0.046175953087391974,0,2021
Kashmore,0,-9.091155609601326,-15.933476461020787,-4.0226025127549825,-3.881566420271364,0,2021
Kashmore,0,-17.3588814226154,-27.615496998865915,3.583575284858723,7.8567970670994,34,2021
Kasur,0,-11.732503095186555,-18.882641022766038,0.3967075568763825,0.6170396670152414,0,2021
Kasur,0,-9.065127769287905,-16.27856670343614,-3.172167547756775,-1.79676501867063,0,2021
Kasur,0,-7.61829028942304,-14.248408623207522,-1.6740452063847862,-2.974147487613516,0,2021
Kasur,0,-10.347209457451108,-18.047837571925832,0.5401073734655046,-0.6100123336497738,0,2021
Kasur,0,-9.145988434622703,-17.236832823545818,-1.3144601069171795,-2.463744806979811,13,2021
Kasur,0,-10.092976166981193,-21.80539235899502,-1.4013563040531398,2.119625234489593,0,2021
Kasur,0,-11.65752527244431,-18.84400919065152,-3.7321589215165627,-6.735030841118842,0,2021
Kasur,0,-9.508314563231,-18.30155114074901,-2.4662778975897837,-0.13162956066457454,0,2021
Kasur,0,-9.097168271767325,-14.302151191530958,-2.116935961632498,-2.252737044729203,0,2021
Kasur,0,-7.985572673238882,-14.71822905221914,0.440885379260731,-0.06590728115001099,0,2021
Kasur,0,-12.825025013930942,-21.914722941420113,-1.5632347668517426,-1.4523089346728888,0,2021
Kasur,0,-10.476485276606846,-17.016518937910835,-2.0794448954918927,-2.27893662698542,0,2021
Kasur,0,-8.750139690670808,-18.644147548455933,2.572224027346251,-1.8545714581600237,0,2021
Kasur,0,-9.234085685889182,-17.19719995680131,-1.694273240676882,0.12370620907304541,0,2021
Kasur,0,-9.967954491737208,-17.774882443472343,-2.705149894983899,-0.19772423004348738,0,2021
Kech,0,-14.802764709943567,-18.615043712208795,0.3042544130123179,-1.660150254704348,0,2021
Kech,0,-11.436734753144513,-18.83211927703418,-0.3061863420203981,0.820384446573847,0,2021
Kech,0,-10.073808641909942,-19.95447394601812,1.0528050835248912,2.3960767609199713,0,2021
Kech,0,-9.859434202007566,-18.356601863561437,0.6833986993852577,0.8720224015453368,0,2021
Kech,0,-6.554450869733554,-14.016584225029913,1.5508221695801279,-0.3808598212626464,0,2021
Kech,0,-11.237546949544651,-17.150844694195026,-0.08928525068081505,1.4594982253329452,0,2021
Kech,0,-7.505834580607324,-13.457684895094221,1.7891165393058106,1.5012117532639273,0,2021
Kech,0,-17.051315915293763,-25.3729956621724,0.35407645051794034,1.1837435654884487,0,2021
Kech,0,-9.810260193095303,-15.69773890619166,0.4301963765709722,3.3411321718448495,0,2021
Kech,0,-8.59654369704634,-13.63120721502241,1.242688762296309,-1.5576981601113289,0,2021
Kech,0,-8.102605590088892,-15.768183579364866,0.972302264696383,1.612105792501147,0,2021
Kech,0,-7.5641637469178455,-15.038042042343566,0.23718802424055685,0.320238969251573,0,2021
Kech,0,-9.859867387801888,-18.114350081203526,0.41375526365430204,2.344776794931816,0,2021
Kech,0,-9.470145441101327,-16.29316091184382,0.6141945076859887,1.0867938478826673,0,2021
Kech,0,-9.151294874346704,-16.195292308651688,1.7075406003236813,0.98196080739649,0,2021
Khairpur,0,-15.320129977228067,-21.664327908661235,-1.0168029361603992,-0.14341635582309564,0,2021
Khairpur,0,-19.56845766415797,-24.42421485833367,0.6451837354826466,0.2151726868166577,0,2021
Khairpur,0,-26.40182299602022,-27.986471683878726,-0.10391436722705905,0.08915038171419098,0,2021
Khairpur,0,-16.748896821618253,-22.8494540185163,-0.3283339933446783,-0.8171416559334652,0,2021
Khairpur,0,-17.389950987173943,-21.64735657478273,2.546614817220581,-2.8722708584650256,0,2021
Khairpur,0,-17.991090505383752,-23.06269451378911,2.449596212135143,0.15930421951716411,0,2021
Khairpur,0,-19.291805737116807,-23.722094184510613,1.2479951594301966,-0.5708105719311831,0,2021
Khairpur,0,-18.215917612370873,-20.494693012271156,1.7100510787701282,-2.4732708801662966,0,2021
Khairpur,0,-14.18700585822382,-25.403658819373963,-0.0988699754293787,0.4014854628963853,0,2021
Khairpur,0,-19.708550443002835,-26.94140269067321,-2.7653604084503627,-0.5314769131218604,12,2021
Khairpur,0,-15.992175218122508,-24.502841476632284,0.45641356458765614,1.7230462792489227,0,2021
Khairpur,0,-14.329483536019325,-21.542895010175037,1.0131822147273457,0.6234423349622276,0,2021
Khairpur,0,-14.867671979174279,-21.20374113081538,-0.15747266547490923,-1.6683321925141854,0,2021
Khairpur,0,-14.541037600205074,-21.364188204453768,-1.3033347514761378,0.4475776804606859,0,2021
Khairpur,0,-14.999201888154087,-24.16355626519832,-0.26502266861210444,2.393400851100548,0,2021
Khanewal,0,-10.755472568162448,-18.93003830134196,-1.1715013297172145,0.9340887492423882,0,2021
Khanewal,0,-9.641704109226488,-15.58803010499497,0.6204572532263342,-2.701653628092746,0,2021
Khanewal,0,-12.214489512615359,-18.127854458123593,-2.548545368909064,-0.030118242379433724,0,2021
Khanewal,0,-11.622166464692409,-17.46836309562791,-0.306764985310938,-0.6431349419882189,0,2021
Khanewal,0,-11.179166740171437,-24.227465160354818,-4.477318127969896,2.365678032051356,0,2021
Khanewal,0,-14.518158677350515,-20.92276886994917,-0.5677098977606168,-1.065229145481215,0,2021
Khanewal,0,-9.306153925727436,-15.999134624548416,1.2648459706955766,-0.0823650231507802,0,2021
Khanewal,0,-9.748410553720685,-18.03691142221192,-2.3844929065476865,0.9173591487230119,0,2021
Khanewal,0,-10.877256826836463,-14.238924971603497,-0.01857147365742229,-2.3858503142442853,0,2021
Khanewal,0,-10.529468672267598,-18.081978587724652,-1.763687515219761,-1.4466849204698384,0,2021
Khanewal,0,-12.084024795251576,-19.392872464896264,2.179666179514504,1.3391189093240001,0,2021
Khanewal,0,-7.81544020312053,-15.669479923820461,1.6283914091692804,-2.569514016711274,0,2021
Khanewal,0,-14.00190354218839,-21.768450930740364,2.92828355558472,6.6592177009204185,0,2021
Khanewal,0,-10.64830860597934,-18.036033328836577,-0.3318853773959116,0.6732635960317346,0,2021
Khanewal,0,-12.821844417447009,-17.743837980742605,0.026230561291594512,-0.008882662129494179,8,2021
Kharan,0,-6.936232622947989,-15.428121644775677,2.3429934001744313,1.2404901548250393,0,2021
Kharan,0,-8.933836690759907,-15.676754625906435,-1.2367248864885987,-1.0324743730655737,0,2021
Kharan,0,-3.776187391764587,-13.076335225774145,-6.102708161363999,-3.6835543033136453,0,2021
Kharan,0,-13.071933154720533,-26.88112781416971,0.22603622022002057,3.979266056358938,0,2021
Kharan,0,-13.794600654696287,-22.565227520291458,0.21722849832218394,0.6031604112885915,0,2021
Kharan,0,-16.84532714074129,-25.528438592233613,-0.8013008578766367,-1.0842831182652475,0,2021
Kharan,0,-11.837335395581034,-19.913039246365074,-0.665289838397527,-1.269189348575317,0,2021
Kharan,0,-17.944926643359988,-27.457085462982477,0.6983561598146188,-0.14525702804543172,0,2021
Kharan,0,-23.8186142581594,-27.509714926924254,1.4229880224646578,-0.7442631630426675,0,2021
Kharan,0,-10.456126798371521,-20.20854627029113,0.5858033684859443,1.438178302295725,0,2021
Kharan,0,-19.171979856457593,-27.0559339968933,-0.46690203487228743,0.6406386176786327,1,2021
Kharan,0,-11.445938663442503,-19.58493860285244,0.7587382810526719,2.7584990867922947,0,2021
Kharan,0,-19.523286730531783,-25.526998264576747,-0.008807251512710224,-0.322052675791209,0,2021
Kharan,0,-11.47313223262596,-21.921474332299017,-0.6934387348551265,-0.5484389305923649,0,2021
Kharan,0,-10.510287807380834,-17.492143902405864,0.3929667119799696,0.5876234359021524,0,2021
Kharmang,0,-9.684822794021695,-16.858537778166077,2.47905507132322,0.7569976886330068,0,2021
Kharmang,0,2.20970846289629,-14.595466298114438,0.0825889359057701,1.746668942037882,0,2021
Kharmang,0,-15.894919505020397,-24.11072252699324,0.825849842313847,2.5396409315234116,0,2021
Kharmang,0,-1.546643252582842,-7.037767979698486,1.6918264458128982,-0.48501719319332715,0,2021
Kharmang,0,-10.12997005192002,-16.124837869937885,2.849323193870238,-2.014981033080989,0,2021
Kharmang,0,-17.754159148873224,-27.144925650683447,1.388898867889143,1.4880101630256917,96,2021
Kharmang,0,-16.674563763227574,-22.716497530003465,0.8885238912577123,-1.8211231297392771,0,2021
Kharmang,0,-5.21210608264096,-12.575351438592477,-2.563475546471028,1.1253702017546932,0,2021
Kharmang,0,-14.148011530579241,-26.47467192616084,-1.849676621560647,2.4080064520030042,0,2021
Kharmang,0,-19.53783273964808,-26.065634026460724,-1.02664091931317,0.025962914105310375,0,2021
Kharmang,0,-14.371306311100769,-24.0921177561161,-2.0866917825929985,-1.3402106669294298,0,2021
Kharmang,0,-20.420504252903328,-26.27146264014688,-1.4032228457764546,0.5098859387182273,0,2021
Kharmang,0,-10.136771527079611,-18.502094348142123,-0.33438267580025105,1.826962437577393,0,2021
Kharmang,0,-14.880241224691744,-22.118622482746943,0.6302807747429924,3.86421267888284,0,2021
Kharmang,0,-5.064481616793471,-15.429157978049261,-1.725300946768603,4.506927280011581,0,2021
Khushab,0,-13.604329565153481,-19.635256393147024,-0.417795774152502,-1.8780599012186912,0,2021
Khushab,0,-9.209704565070144,-16.069199427380614,-2.0865299977686895,0.48637847463480277,0,2021
Khushab,0,-23.90086607640146,-25.475748496206613,7.174494294724379,-0.23210477651852557,0,2021
Khushab,0,-11.522257421561395,-19.694717655270534,-1.944282907697831,2.0001268160277803,0,2021
Khushab,0,-8.787228870922181,-15.427094550690871,-5.226193002828063,-2.7712935945024597,0,2021
Khushab,0,-17.936053964047794,-24.32499923343717,3.0811235255948297,4.411917242649629,0,2021
Khushab,0,-8.238908897759694,-16.210464412150607,-4.008498527950339,-1.762299494712444,0,2021
Khushab,0,-12.465173195230577,-17.86968472250254,0.0004409575212385164,0.7268323958860172,0,2021
Khushab,0,-21.62165671911778,-26.843400770767797,8.012155286193229,5.8154506658750975,0,2021
Khushab,0,-10.872121885471469,-15.48239959189818,-1.3368256194362171,-1.960160207086446,0,2021
Khushab,0,-11.928878008552513,-18.179087460813818,-6.171385447909351,-7.84302107365788,0,2021
Khushab,0,-11.039039132653386,-15.738944237340645,-0.49649494151835327,-1.3011559870776015,0,2021
Khushab,0,-17.371899271192042,-25.078820315462785,2.209057244878,0.447137129110029,0,2021
Khushab,0,-10.817974292101336,-17.224930227714488,1.3532631647340967,2.2418244309587916,0,2021
Khushab,0,-13.661648948497591,-18.313344905315212,-0.060615122015713396,-1.6443170277601027,0,2021
Khuzdar,0,-4.5836809509227034,-15.992515302992953,2.2159041253923966,4.161002718425014,0,2021
Khuzdar,0,-13.603226723026085,-23.339010188854097,-0.8899596445656162,0.7598117094927019,0,2021
Khuzdar,0,-7.539444352067068,-14.59368098299283,-0.9457694265130243,3.1646097485392204,0,2021
Khuzdar,0,-11.007370568938875,-18.222880256999076,0.8735933348995779,1.936142084470326,0,2021
Khuzdar,0,-9.201254655124147,-20.804953855456553,-1.5865057960902433,3.178373865897541,0,2021
Khuzdar,0,-8.307207185470428,-16.771970343899817,-0.011800849931280055,1.2022827454756193,0,2021
Khuzdar,0,-7.724152566866619,-15.708618865341467,-0.9191010197941152,-0.7067298452924753,0,2021
Khuzdar,0,-10.058934401123363,-17.272542868102565,-1.7395698415096952,1.5625647936660165,0,2021
Khuzdar,0,-0.5313831830085315,-5.575274824144966,2.270905552407596,1.6342255580604244,0,2021
Khuzdar,0,-7.874063602027522,-15.496543790196501,1.8942321392109287,-0.07981958947273426,0,2021
Khuzdar,0,-7.542755899305127,-15.937069633521126,-0.6795538705827964,1.1146037432436362,0,2021
Khuzdar,0,-7.876398486054231,-16.379016515175344,2.723695319093851,1.2584973654016256,0,2021
Khuzdar,0,-9.29598514700188,-17.87987038636091,1.6068438797946492,0.7870475604103255,0,2021
Khuzdar,0,-5.244348864534976,-14.325392758043465,0.30558738158884946,0.5594180556388029,0,2021
Khuzdar,0,-8.56065829422706,-17.451277620335325,0.1527751798491792,3.1901960484507033,0,2021
Khyber,0,-8.43627533214613,-17.934043808346487,-0.3051828037235449,0.7284250561614414,0,2021
Khyber,0,-11.832157105199748,-20.199513287991053,-1.1157477116042323,1.2175282001787089,0,2021
Khyber,0,-8.8366819403254,-16.08179498729634,-0.5437032927127721,-2.5074145034380564,0,2021
Khyber,0,-10.712156234947452,-18.637519906713585,-0.044809734008335766,-1.4396979638409917,0,2021
Khyber,0,-9.3319953357447,-14.844940094037758,1.9519447494329905,-0.18411284980196108,0,2021
Khyber,0,-1.0153961164430827,-12.587405257773788,1.7982364131002937,4.382641723032517,0,2021
Khyber,0,-9.09730785741948,-19.1499399989662,-0.7608344421087896,-1.9395918016503337,0,2021
Khyber,0,-8.462840185948409,-16.710328312580046,1.7227079528616231,-0.14094801058890738,0,2021
Khyber,0,-11.53969791958151,-16.793066157687505,-1.456815167288438,-1.6002146524231193,0,2021
Khyber,0,-10.813987167774986,-19.035602289423935,-0.40263229583214866,0.9660198950696355,0,2021
Khyber,0,-10.488588015527062,-15.102338801225805,0.26884229703603957,-2.72191783968659,0,2021
Khyber,0,-15.404598191736955,-23.260272707980803,1.0682575853397243,-0.5351008269170521,0,2021
Khyber,0,-10.214051187744808,-15.961309866230584,0.7897916909716045,-0.9548516492323689,0,2021
Khyber,0,-10.436610430993232,-18.358996364315722,-2.5999627840728223,1.5212437955519036,0,2021
Khyber,0,-6.020317881309317,-13.670709654642323,1.5391162664170634,1.1551614891695579,0,2021
Kohat,0,-9.325627806165413,-14.635872153114905,0.5304204467116325,0.36953418862213105,0,2021
Kohat,0,-9.748198769783338,-14.805078265913066,0.637493522027734,-0.9550306547428349,0,2021
Kohat,0,-4.3123505725399545,-10.52835254558513,-0.7770344381878234,-0.6690980420728057,0,2021
Kohat,0,-9.058140994171648,-14.361078690628169,-0.5405158003994615,-2.857737988546603,0,2021
Kohat,0,-9.49865453254509,-14.82581468118857,-2.3214320963420896,-6.245583634094023,0,2021
Kohat,0,-8.545550598536238,-14.6498098226025,0.04293663394102687,-0.7081350772022201,0,2021
Kohat,0,-6.11410596388907,-15.920600627424406,0.12077719538296172,-0.4819869985504326,0,2021
Kohat,0,-11.572116819005064,-19.35444546453191,0.20344106565128683,-0.22871543722454035,0,2021
Kohat,0,-7.632172119137389,-14.636058593614012,0.8283222072880303,1.3794506127094799,0,2021
Kohat,0,-10.05175240109063,-15.597542984455576,1.5217800195832236,1.1891065962810465,0,2021
Kohat,0,-10.193154338626261,-18.098871801070125,0.19976907399358979,1.2887018653515767,0,2021
Kohat,0,-10.438753457757704,-17.822516164546947,0.4448387234884468,-0.9915741041280164,0,2021
Kohat,0,-13.27637655081217,-20.863175596855974,0.7033051045424941,1.430184282631508,0,2021
Kohat,0,-11.53257848271112,-18.282304892647268,0.09459060229142935,-0.12745255178688453,0,2021
Kohat,0,-12.058747202456686,-19.009103611420212,0.5190891486339773,0.2008250071945703,0,2021
Kohlu,0,-9.417560611560699,-16.356511634883603,-0.4845209260657928,0.4625763152025151,0,2021
Kohlu,0,-7.49156532058342,-16.532046768691437,-2.2507853193016745,0.008044071380368223,0,2021
Kohlu,0,-5.991335759147704,-10.808093893472094,1.1854937246452364,-0.5106113893061561,0,2021
Kohlu,0,-9.252398913109104,-13.850752490807672,6.342733798928144,3.89691746916521,0,2021
Kohlu,0,-7.22490233623109,-13.68224713117115,-0.27646479711572436,1.5743819964132069,0,2021
Kohlu,0,-6.125019439108243,-13.384248236006997,0.06880601038624867,1.9437399963127149,0,2021
Kohlu,0,-10.036455971881132,-16.765795237117253,0.19043375343781932,1.5068483694584707,0,2021
Kohlu,0,-8.50457654464553,-16.840807682072867,0.8730785521689262,1.8838553555151911,0,2021
Kohlu,0,-2.6730121119679677,-10.238616377715315,-4.410980802757635,-1.625862956864653,0,2021
Kohlu,0,-5.5973006012647195,-13.177486290445737,7.3801273330851025,5.9563335897704475,0,2021
Kohlu,0,-16.045562102449132,-27.037737797832406,-0.05586145941741805,3.0644158326807265,0,2021
Kohlu,0,-10.04372194471155,-16.30673060803134,5.837821744074187,5.2307492044389114,0,2021
Kohlu,0,-7.88095201814556,-16.004401856313475,1.2327518785028904,0.9315891389184259,0,2021
Kohlu,0,-5.768092950076983,-12.329622457473006,-0.141028045624509,-0.12827184837619754,0,2021
Kohlu,0,-13.203391243736826,-22.40191949714896,12.371406073218395,11.699645932851755,0,2021
Kurram,0,-21.74944050283015,-25.578868367260753,1.2569102120806228,-0.7038205014332917,64,2021
Kurram,0,-5.869566648675665,-13.99514695173761,1.2645744782454376,-0.3828872538200869,0,2021
Kurram,0,-9.825738799828839,-13.339135950763925,1.580683517306559,-2.7144358972070926,0,2021
Kurram,0,-9.648440788718734,-17.033911750050542,1.2177127917301789,-0.4827306575219126,19,2021
Kurram,0,-10.677151649212536,-17.566542780978487,0.15643122597566972,1.1083579333949558,0,2021
Kurram,0,-8.615950116049673,-15.572013987892216,1.5478989322082413,-1.799115533006475,0,2021
Kurram,0,-7.875490482206727,-15.597296689223377,-0.7074806107258684,-0.7941328945285235,0,2021
Kurram,0,-9.124246697351435,-15.116839143106654,1.3367479035878747,0.07387162638464595,0,2021
Kurram,0,-10.015271599462373,-14.832912564326161,4.442588882907474,3.035108844709626,0,2021
Kurram,0,-8.720403900823516,-14.537441909300377,-0.5265333728387809,-0.19723355601974113,0,2021
Kurram,0,-7.195513899415066,-16.559782064140002,-4.643926412854625,-0.9901445289435848,0,2021
Kurram,0,-4.940388368733341,-12.929200049010925,-0.418942528262118,0.48591903968442374,0,2021
Kurram,0,-9.837397223042931,-18.084513616986598,-0.626238623780015,-2.034701972431048,0,2021
Kurram,0,-11.896532282341607,-18.169948918431043,1.2714374810603655,0.9016899740974971,0,2021
Kurram,0,-9.919848216257792,-17.64065566786315,-1.266216529673498,-1.8322310090957359,0,2021
Lahore,0,1.8832183064259034,-15.860125169469963,-1.9981160228828505,-2.4795023005098606,0,2021
Lahore,0,-6.348235519800235,-10.60794442969672,-1.423930285798062,-0.7686674064752346,0,2021
Lahore,0,-10.632854068073836,-16.422195451672522,-2.6492860721312788,-4.907120106064603,0,2021
Lahore,0,-10.371381948468933,-17.597121944713884,-2.004677589821302,0.34071149314747373,0,2021
Lahore,0,-11.973741621664068,-16.115646644134863,0.622839064872398,-1.8255352131546765,0,2021
Lahore,0,-10.89342088512031,-18.402483965951163,-0.43853777328041943,-0.15032549130998163,0,2021
Lahore,0,-3.8793172565952263,-13.425168577138747,-2.725373932543639,-1.883757482268221,0,2021
Lahore,0,-10.264087330781999,-17.11951518340494,0.9660937429424248,0.5168285301609252,0,2021
Lahore,0,-9.560432186838057,-15.859771561269566,-3.34000851676333,-2.908987984059662,0,2021
Lahore,0,-6.206204765186722,-14.132538962440528,-2.4453480345597134,-0.27207172729470486,0,2021
Lahore,0,-4.170678879363842,-12.516154613731725,-2.7528900126330544,0.8942789325010203,0,2021
Lahore,0,-11.517545169413399,-16.259958853497388,-1.3788634245578635,-1.2269571709733142,0,2021
Lahore,0,-5.102671174853968,-14.931633615909268,-0.7177759239812049,2.1255695400214503,0,2021
Lahore,0,-8.88382412173975,-17.54013951106525,-4.352493490711431,-0.7835237597358109,0,2021
Lahore,0,-1.3167768370752284,-14.759312518971692,-3.46512279830558,0.9128304910463143,0,2021
Lakki Marwat,0,-20.075520817896365,-26.535756298865184,5.2648501436651465,0.97601523744083,0,2021
Lakki Marwat,0,-16.171062635640663,-26.63351448129251,3.484613495366041,4.951360014676947,0,2021
Lakki Marwat,0,-8.619294790300565,-18.143269022405857,-3.743267755000552,-1.2569825417936862,0,2021
Lakki Marwat,0,-12.256482962818819,-20.10321825656451,-0.21246709180833356,2.364830295935395,0,2021
Lakki Marwat,0,-11.536251943693077,-17.625658944855054,0.16431974503863245,-0.7442275239824987,0,2021
Lakki Marwat,0,-12.126420588140071,-19.99619814218019,0.810311161391148,-1.784382912676577,0,2021
Lakki Marwat,0,-16.86401924216988,-25.803100049502206,1.4508581365146433,5.7048203760516785,0,2021
Lakki Marwat,0,-12.038109623892908,-23.20687867706148,-0.6637050617342766,5.842379164403351,0,2021
Lakki Marwat,0,-14.234930265729158,-19.09463411056887,1.5845525539671161,-5.021307267934471,0,2021
Lakki Marwat,0,-17.00206127772436,-27.156669034120657,2.986582201177715,3.1762165840452248,0,2021
Lakki Marwat,0,-12.635130354487554,-19.647365092229926,0.42657700932786113,0.36717780480461926,0,2021
Lakki Marwat,0,-16.499662014712086,-27.922409466825165,2.155085565172513,6.30406451528566,0,2021
Lakki Marwat,0,-4.9822537789244254,-14.857978977756067,3.7034167500810744,1.458210818736708,0,2021
Lakki Marwat,0,-13.081282123354235,-16.15018760218635,5.618608670359167,1.661825988203267,1,2021
Lakki Marwat,0,-13.878139012586297,-18.60053578258283,-1.6051656538715235,-4.543717019636766,0,2021
Lasbela,0,-20.544655166579894,-28.879902582158685,1.558077745100043,-0.23415118124022172,99,2021
Lasbela,0,-12.313038374521355,-18.696870134013942,-0.11135821910820098,-0.01420965001770469,0,2021
Lasbela,0,-15.822765568298339,-26.289606912333632,-1.5855531402373213,-0.17012024416082028,0,2021
Lasbela,0,-17.183898511319008,-24.902361045519825,1.7230341359548476,-0.5743237049809693,0,2021
Lasbela,0,-5.82955559541122,-13.005772531734118,-0.13119793490062648,1.784088768434911,0,2021
Lasbela,0,-10.125682621960756,-14.746603946799297,4.862615915158008,1.5818969778686913,0,2021
Lasbela,0,-14.9474974897698,-22.294221338911267,-0.8369786862611104,0.3352067815643416,0,2021
Lasbela,0,-11.455090193481576,-18.632561983522184,4.20003787017443,3.311401630071199,0,2021
Lasbela,0,-7.390478158328663,-17.684948956261138,0.5226778239664931,1.64572634782105,0,2021
Lasbela,0,-17.42811876469574,-24.346864173311687,-0.47578661551842316,1.0291918470129957,0,2021
Lasbela,0,-17.459455009674496,-23.292673067082738,1.7182000106770374,-0.8185797796498697,0,2021
Lasbela,0,-10.11728126308814,-16.337088134342398,-2.2701476698817977,-3.581195704299379,0,2021
Lasbela,0,-9.358866553598263,-14.589096412679389,0.3145908349934725,-0.19193744769070875,0,2021
Lasbela,0,-11.171304661430565,-16.513861583284925,0.44713969359868955,-1.3122932809548864,0,2021
Lasbela,0,-19.761930730208196,-25.330043345314778,0.5071619794967468,-2.006995707423666,0,2021
Layyah,0,-14.443922307128684,-18.6047646861962,1.0491804288964008,-1.199534768131418,0,2021
Layyah,0,-22.89362109877313,-25.589249028830828,7.680386823717715,2.3182750401150436,0,2021
Layyah,0,-14.553110920661759,-23.373585188913037,0.09272592222889031,0.7202959883751205,0,2021
Layyah,0,-22.601658330974367,-26.842987631580005,5.727251810032122,1.2914676171769237,0,2021
Layyah,0,-9.436118236454238,-15.005971507058831,-3.383097462080489,-3.6776787170076446,0,2021
Layyah,0,-9.91605636714834,-18.01994176821703,-3.0798717995547094,-4.661401683674963,8,2021
Layyah,0,-9.216249834303966,-15.188230809741963,-2.5166237974198786,-5.974625933317679,0,2021
Layyah,0,-12.083485431150171,-16.935452645527526,-0.24558244796661732,-2.1029619098258294,0,2021
Layyah,0,-9.619935139891574,-17.003085997567165,-3.9129907808145585,-0.04714452897619381,0,2021
Layyah,0,-17.632069723189904,-23.13461801612952,2.08510305039243,-1.0771713316045926,0,2021
Layyah,0,-10.119811438231471,-16.18144202145745,-3.553425880588941,-2.873763091423278,0,2021
Layyah,0,-13.364488685110313,-20.586532339002922,2.0436050675367117,2.0223556771819133,0,2021
Layyah,0,-10.015829683490896,-16.85444206406332,1.0449406101230778,1.5156332605320166,0,2021
Layyah,0,-10.945040871535202,-17.541063488030204,-1.6845253210799171,0.6443788646327455,0,2021
Layyah,0,-11.551879073027047,-21.726463195543573,-0.8932575552135997,3.293702482024287,0,2021
Lodhran,0,-7.442389391721928,-15.514943665238775,-5.920708578081285,-3.4821817223593037,0,2021
Lodhran,0,-9.30216800398859,-18.801679538109553,-2.001657610336526,-0.5886399875895982,0,2021
Lodhran,0,-7.025750766794687,-14.459606970830654,-5.551409585810781,-3.6513443814744537,0,2021
Lodhran,0,-7.7148589978476165,-14.446451416067877,-5.163331614706451,-4.055086910541991,0,2021
Lodhran,0,-8.305613752483683,-14.967326283933481,-3.900021886637692,-2.659661648805365,0,2021
Lodhran,0,-12.180042595798293,-18.979015793907465,1.8163959405381203,2.852915299608881,0,2021
Lodhran,0,-10.010957363206668,-16.178759284835223,-1.4666830264487807,-0.5650399670922859,0,2021
Lodhran,0,-8.617101885305928,-13.800454219727516,-3.2690063981264927,-2.560025600813532,0,2021
Lodhran,0,-10.724980388690614,-16.947839451574293,-1.3186150682682634,-1.1244598935751675,0,2021
Lodhran,0,-9.10962659811832,-18.162435504589848,-3.6439165923050414,0.6328068063585626,0,2021
Lodhran,0,-7.6061014960443,-14.27392141613324,-5.157748248542376,-3.0420204307737837,0,2021
Lodhran,0,-9.540650747274256,-19.026578998662746,-1.1440480461141984,2.7722473945078256,0,2021
Lodhran,0,-7.856358476388216,-16.00813134390648,-5.384141457761427,-3.484460359675481,0,2021
Lodhran,0,-6.659167087008652,-15.68008763587282,-4.181644355724507,-3.057602266332669,0,2021
Lodhran,0,-8.885068994212245,-15.083496710545514,-2.4271916842244714,-1.6399696079568358,0,2021
Loralai,0,0.28908592068487193,-11.212616961906711,-7.745190430627771,-1.5154548363899032,0,2021
Loralai,0,-6.8403730935398706,-10.165347305417145,0.43834231663586465,-1.6222978989735122,0,2021
Loralai,0,-15.122787120218423,-27.110038427684657,0.22469301926248164,-1.0861900695523872,0,2021
Loralai,0,-6.011016636858829,-12.50337002353177,-0.306336908986081,-1.4326516842563404,0,2021
Loralai,0,-8.95725477372076,-17.40114467089393,0.048129940278798244,0.21160539257233069,0,2021
Loralai,0,-11.17001539586926,-17.080974405151114,-0.29734108233475,1.1603965793132147,0,2021
Loralai,0,-8.68407489372461,-16.40819150228433,0.7412959511295831,-0.23659164817463108,0,2021
Loralai,0,-6.594822661300057,-14.800516071092417,-1.6115683969833672,1.7929906657104873,0,2021
Loralai,0,-8.29612977517645,-14.028144593592863,0.7443518418424171,-0.17773702296327265,0,2021
Loralai,0,-10.083642787650298,-17.946271955121343,-0.061526502858075816,-1.218702035012491,0,2021
Loralai,0,-6.707310077509962,-15.380751933103374,0.6990029292390441,2.072549900053369,0,2021
Loralai,0,-11.871417700296439,-20.516452212930822,-0.8126171018482129,-2.711850210198776,0,2021
Loralai,0,-7.99756959150767,-14.543887978819104,-3.544228941097673,-0.7183866492436142,0,2021
Loralai,0,-6.3539504786040055,-11.051672839499576,0.6692090712188525,-3.105908909540986,0,2021
Loralai,0,-10.196750372411532,-18.667063639987045,2.025905065798696,2.0488711892392537,0,2021
Malakand,0,-12.489484124097437,-18.751154742615924,-0.9277074254751589,1.2357219835744715,0,2021
Malakand,0,-12.186382836934158,-17.471943699796206,0.26128561035605813,-2.1844172482870405,0,2021
Malakand,0,-10.3308583445037,-16.027378178179802,0.34137080891422755,0.7648597572822773,0,2021
Malakand,0,-9.732560018246824,-16.31046588172548,-0.7458041443152084,-1.7770935748435797,0,2021
Malakand,0,-7.339009643616063,-14.928584422777549,-4.597788760512078,-4.807128742713784,0,2021
Malakand,0,-14.443216577932876,-23.774793767227354,1.8852949963955599,2.491505746414081,0,2021
Malakand,0,-6.8693013077286365,-13.727754101163045,1.3669171342648445,-0.5452050112906885,0,2021
Malakand,0,-10.582748660397522,-16.70675873257205,-0.18099192413362708,-1.158890018115084,0,2021
Malakand,0,-9.674519189964915,-17.98926294918715,-1.4001731475346215,1.6308463883344544,0,2021
Malakand,0,-10.386078037908002,-15.324674971401137,-0.4915206218777719,-1.8634369294278983,0,2021
Malakand,0,-8.228435818486222,-17.6832210258469,-0.5326425970513178,-0.22234780991405145,0,2021
Malakand,0,-8.195577262279835,-15.061451024372293,4.017891287379319,-0.9893806430790271,0,2021
Malakand,0,-8.850249173941606,-17.583184081325392,0.7464995632962825,1.6964816627149517,0,2021
Malakand,0,-13.510204429508134,-23.61173279441776,-0.16971194180044336,0.24120719956014725,0,2021
Malakand,0,-11.92828372262556,-16.344397953433848,2.738713763332955,0.5688109104589039,0,2021
Mandi Bahauddin,0,-6.978188550307099,-17.524202809204706,-0.25661522239879986,1.9434511376411088,0,2021
Mandi Bahauddin,0,-8.800128640153272,-15.248450684502144,-1.5279042759444668,-5.65863063086419,0,2021
Mandi Bahauddin,0,-11.906298790535041,-17.015240414797084,0.10506819302954007,-0.8386587497457185,0,2021
Mandi Bahauddin,0,-8.865800247647195,-19.26906195224232,-4.980959128839011,1.0541755251237568,0,2021
Mandi Bahauddin,0,-12.636973234493418,-18.691530199055315,0.6321170224354358,0.47741972028480717,0,2021
Mandi Bahauddin,0,-8.123420470884087,-18.1899305916275,-1.914216222908589,1.529004459016349,0,2021
Mandi Bahauddin,0,-9.897171497718784,-16.536254634228335,-2.786038680775045,-2.0744996400240225,0,2021
Mandi Bahauddin,0,-10.888405582832391,-18.30412055194356,-2.017639666966124,-0.8846292998559449,0,2021
Mandi Bahauddin,0,-10.409492293791816,-15.980909610755322,2.426686944144153,-3.2467609458695605,0,2021
Mandi Bahauddin,0,-11.090005394335506,-15.222406372182679,1.355064533890424,-1.9397617897452584,0,2021
Mandi Bahauddin,0,-10.489488299186636,-18.209899878124848,-1.037760832319801,1.1521876659822219,0,2021
Mandi Bahauddin,0,-10.412849110927294,-16.71334647322147,0.2781377588568006,-2.1605638884052425,0,2021
Mandi Bahauddin,0,-8.291166301030383,-15.35113504933084,-2.5839799388004927,-3.1007160317345424,0,2021
Mandi Bahauddin,0,-9.678858776196035,-16.835965457267605,-3.641792309494196,-1.4238426953137093,0,2021
Mandi Bahauddin,0,-21.500650597485162,-24.697855523028686,11.026122021594034,8.135088529164822,14,2021
Mansehra,0,-8.790600201117947,-16.539281703130996,-2.088900174559482,-1.9518028727743513,0,2021
Mansehra,0,-10.10204181553344,-17.53369273327675,-4.709889976052581,-2.770628962158618,0,2021
Mansehra,0,-9.896312482389277,-16.60475168347604,-3.92041278766391,-7.295706467852003,0,2021
Mansehra,0,-9.411627052523336,-14.05454145398456,1.6364868796877392,-2.51357824803784,0,2021
Mansehra,0,-7.897476185942358,-16.43958878342802,0.22766066640160787,2.156094754492713,0,2021
Mansehra,0,-10.982193025950519,-17.882179987632732,-1.1974898405867176,-2.301397296076086,0,2021
Mansehra,0,-8.905723066911978,-16.36797225021949,-2.739559023869665,0.9615911633145231,0,2021
Mansehra,0,-9.307963704794592,-18.430970175123882,1.605052030455706,1.9366999011978763,0,2021
Mansehra,0,-7.684667698270649,-15.060618262830364,-3.61503839364852,-1.9109446174090188,0,2021
Mansehra,0,-8.48562461506696,-13.15862155342961,2.9611419893145463,-1.3462863595710868,0,2021
Mansehra,0,-12.250883671573309,-22.899044150856973,6.046179399259805,9.843373312194716,0,2021
Mansehra,0,-8.1229158800503,-16.4577168983869,-10.659648176407472,-7.14211266844298,0,2021
Mansehra,0,-9.666599059045147,-15.486112919240103,0.3486232838096228,-1.128367437997973,0,2021
Mansehra,0,-6.660671072225748,-12.95669115505969,1.6442798863617378,1.3949211389047136,0,2021
Mansehra,0,-6.216790105734545,-11.325334889474089,6.305902020073072,0.9158905972062907,0,2021
Mardan,0,-10.0244807753833,-14.336492038771091,0.6669079840288568,-1.9818675349013901,0,2021
Mardan,0,-9.54776084383695,-13.617857836603013,-1.4501277476533456,-5.23421901601729,0,2021
Mardan,0,-11.464476142436457,-16.784206128241017,0.8154286100622734,-2.0343418940128686,0,2021
Mardan,0,-9.858660908548625,-17.804359714310955,-2.5896452393781964,-0.1964950724109613,0,2021
Mardan,0,-9.676338080960456,-15.309335752285836,-0.27836856972539437,0.46137456659922904,0,2021
Mardan,0,-8.424179207935033,-16.556029986771094,-3.5830323566977764,-1.3597110557560868,0,2021
Mardan,0,-9.6087325683053,-16.15912549514887,-1.9616977779593192,-2.8441386880213173,0,2021
Mardan,0,-13.30607252504639,-20.19797126872013,0.23402051643014055,2.061968628050593,0,2021
Mardan,0,-8.609790981211681,-13.633720688399553,-2.489011423322255,-4.971901693999914,0,2021
Mardan,0,-8.625420465602339,-14.37356027793108,-0.9828724777793738,-0.9171955918887917,0,2021
Mardan,0,-8.734404606294703,-16.768598771629808,-0.10383306582497909,1.6478712883133788,0,2021
Mardan,0,-7.535395938052207,-15.800241198922606,-3.6929906529448813,-1.6854834041628202,0,2021
Mardan,0,-9.601641891845983,-15.018973877409184,-1.6555284304946944,-3.7334379464764567,0,2021
Mardan,0,-9.247028147864146,-13.801216828793933,-0.8507207784673714,-2.3806009921630533,0,2021
Mardan,0,-11.791173658959075,-17.631599380949353,0.9539925893133976,-0.7916156917012103,0,2021
Mastung,0,-8.15831525736735,-14.622573242716676,-0.851251144130936,-1.6688313640638555,0,2021
Mastung,0,-11.636257961220354,-16.5503222197556,-1.4668644470244967,-1.897382470889248,0,2021
Mastung,0,-5.453325881099352,-13.332658095422492,-5.177514734261977,-5.342948877543929,0,2021
Mastung,0,-4.274961040707484,-10.935361049758988,-1.8565676241955353,-0.42897586399601373,0,2021
Mastung,0,-6.406084756659428,-13.99191708238958,-0.2048606865088205,-1.1312016116794048,0,2021
Mastung,0,-10.93021131848825,-16.280598940110632,1.3283345771803923,1.3435151950225368,0,2021
Mastung,0,-11.420068575570433,-18.10561776351342,-0.3346050617864904,-1.7818763380179021,0,2021
Mastung,0,-17.20937871963756,-25.476011086512763,1.1101471030994752,-1.5210456829602421,0,2021
Mastung,0,-12.206051299155604,-18.472421253621572,-0.5951782899843749,-0.22383649936528371,0,2021
Mastung,0,-6.104419008982605,-12.732295194106296,1.9993662769931575,3.710230530935444,0,2021
Mastung,0,-15.082629392831684,-21.61369036523145,2.127406460248615,-0.7883979022365182,0,2021
Mastung,0,-3.97471080143422,-12.918179854719472,-6.114891159495004,-3.027016674265848,0,2021
Mastung,0,-8.210359729115227,-14.656952831882705,-0.8729988363155137,-1.1601178955613314,0,2021
Mastung,0,-9.384089987453079,-15.192800443751691,-0.2182378904041098,0.22526545651727226,0,2021
Mastung,0,-4.3243921088142265,-9.705482435828293,1.304138471652744,-1.0605526772010574,0,2021
Matiari,0,-10.876008884229375,-19.77966870125859,-1.6824513642712517,-1.1828317785637488,6,2021
Matiari,0,-14.380353264477908,-24.046849484148133,2.744656455598429,3.0737611894847845,0,2021
Matiari,0,-6.141210892032053,-15.88382164824321,-4.012397774920508,-3.3475097409109154,0,2021
Matiari,0,-17.522209249391366,-25.133744634223305,6.007702387830783,6.324734421910865,16,2021
Matiari,0,-14.762418332805218,-27.245546936350337,1.299964088287986,4.4740708661939905,0,2021
Matiari,0,-21.369931074136566,-25.726348744304985,7.997404939814073,2.6191709743902614,80,2021
Matiari,0,-9.230798214339195,-15.510519927332142,-4.507515687477426,-6.078317088653831,0,2021
Matiari,0,-10.523884409081337,-18.512237639473128,-1.7211189324674372,0.14172158690296044,0,2021
Matiari,0,-8.654704196624206,-15.082248821263324,-2.272355881769734,-4.405942483399052,0,2021
Matiari,0,-12.701409023571102,-18.379656202283,2.141888086224446,-0.09093961231330638,0,2021
Matiari,0,-10.910570702019994,-18.82563582738807,0.9971553680495422,1.8863157404315096,0,2021
Matiari,0,-10.211800633568487,-23.022501100790198,0.2753341714587627,1.7089916894574166,0,2021
Matiari,0,-10.273922518638669,-15.720681136010125,-2.9870515346269126,-2.4613502037167763,0,2021
Matiari,0,-12.424012231445394,-20.194594614096133,1.3927206823250362,0.4975692303282031,7,2021
Matiari,0,-15.627568965902356,-20.632374738302815,2.318862506489534,0.27829589324641546,0,2021
Mianwali,0,-12.860493721249147,-21.11718624078187,4.058569664633497,5.78574129999512,0,2021
Mianwali,0,-12.597223943659815,-18.334901111887078,1.128347718977924,1.546857058212339,0,2021
Mianwali,0,-12.542483639269816,-25.664714693125884,-2.6632278093469424,-0.7007741868210964,0,2021
Mianwali,0,-13.460349069185709,-15.552477011498432,0.5150083483909995,-4.079447917683389,0,2021
Mianwali,0,-14.043377207354478,-20.469776986689315,0.5561354843296442,-6.448978038072095,0,2021
Mianwali,0,-11.646501122286486,-22.969009038937,-0.12378729324952964,5.032281393904775,0,2021
Mianwali,0,-9.495832723942982,-16.31346649203742,-3.9734068522171953,-1.3574087592646151,0,2021
Mianwali,0,-8.494280883881139,-15.5887540347974,-4.499011414393882,-1.9949014967856407,0,2021
Mianwali,0,-10.103113448640041,-15.773027714347634,-2.0165608944168874,-2.680886095539421,0,2021
Mianwali,0,-11.079808462463802,-17.879306725412107,0.4500081601173882,2.196521077994552,0,2021
Mianwali,0,-8.74510101855536,-15.88986110942734,1.1452446892098962,3.2928433654634937,0,2021
Mianwali,0,-9.43123152473135,-19.098820201150055,1.552855724373118,4.09651442161719,5,2021
Mianwali,0,-7.574206896852844,-15.424254970184581,0.7143848861808797,0.9562060036272122,0,2021
Mianwali,0,-10.220089714663247,-16.954833344896333,-1.3398516111281076,-2.34947682019914,0,2021
Mianwali,0,-23.733847114162163,-28.001849288602905,0.669838795214055,-0.240685350832905,71,2021
Mirpurkhas,0,-10.850366893088122,-19.343712800036787,-1.0346065445820898,-4.004082436358605,0,2021
Mirpurkhas,0,-15.178051959797507,-26.779355558971766,5.264442502784281,8.958550264373784,0,2021
Mirpurkhas,0,-7.18978830987285,-15.368948601455596,-3.561777717298031,-3.8190298855219353,2,2021
Mirpurkhas,0,-14.379880805969698,-20.433931033315787,2.581540080424336,-2.7993275849669246,0,2021
Mirpurkhas,0,-10.374472103772753,-16.53534728405879,-1.1066009150496825,-0.6548359546691422,0,2021
Mirpurkhas,0,-11.481949066461619,-18.097869502564762,0.6908825755226946,0.34914408480960546,0,2021
Mirpurkhas,0,-8.67359013331339,-18.03486213109624,-2.1808763452600584,-0.561501708657353,0,2021
Mirpurkhas,0,-16.925067062742208,-25.348953875346105,-0.03564472636939797,0.6051996455454365,2,2021
Mirpurkhas,0,-10.63524109171481,-14.876534998057718,-2.7125026483024612,-4.323465698189384,0,2021
Mirpurkhas,0,-10.153766125273494,-17.472672082952283,-1.1434934213505752,-2.1222838327322755,0,2021
Mirpurkhas,0,-15.962166217092351,-23.726232284280584,-0.9783634434714532,-1.4783881069371994,0,2021
Mirpurkhas,0,-13.956299582297135,-22.502620140160438,-4.8102115254406925,-3.6711333133341597,0,2021
Mirpurkhas,0,-9.708084832714857,-17.202641388305416,0.6154833674265916,-2.792416492926794,0,2021
Mirpurkhas,0,-13.02399313071884,-20.508775473545576,-1.9198696002157813,-0.8868589107779705,0,2021
Mirpurkhas,0,-12.165734259704342,-20.882452989249472,-0.1833726216749021,0.704060260102402,0,2021
Mohmand,0,-9.056142254494663,-17.255040017540104,0.36047440608317416,1.3573240498083994,0,2021
Mohmand,0,-10.190415198296188,-17.473393283571774,-1.0703431044396954,1.5919039859442439,0,2021
Mohmand,0,-7.039960903423249,-15.083130993941248,0.9385966819860121,-0.18244855179311337,0,2021
Mohmand,0,-17.52721555886597,-25.666098377102685,1.7816483508408307,0.4470935430672114,0,2021
Mohmand,0,-13.319747574153649,-19.73188034777724,2.450055066067131,0.18194591778633296,0,2021
Mohmand,0,-12.360513920673556,-17.507591646909944,0.624424266946038,-0.4274746572418415,0,2021
Mohmand,0,-11.174082363852296,-21.14058451989775,-0.5156710060235348,1.2168425530587825,0,2021
Mohmand,0,-10.296688964007783,-18.596913215037784,-1.0954599564359881,0.9508092689291949,0,2021
Mohmand,0,-10.950546266125926,-20.8230068168761,-1.2291975996038182,0.8680251748699597,0,2021
Mohmand,0,-9.138140072317437,-17.794964727495966,-3.3070879380018496,-1.207150551713866,0,2021
Mohmand,0,-7.673161765114935,-16.38874985308028,0.855912328072546,-0.2122546314686673,0,2021
Mohmand,0,-9.460932934205617,-19.328272529043737,-0.26329643449575,0.9163233090843903,0,2021
Mohmand,0,-11.796805175186524,-20.53882617668713,0.2562393442667066,2.9410913565954573,0,2021
Mohmand,0,-10.187465859009437,-18.53569369649723,0.04661793917478718,0.09714973110655833,0,2021
Mohmand,0,-11.754194036142726,-15.220075858750134,2.504585190224299,0.16444221758788835,0,2021
Multan,0,-9.128526035016822,-16.364869270867207,-1.7892369048141727,1.2275712940257186,0,2021
Multan,0,-9.635330650797034,-18.600627435641005,-2.774220583442677,1.0735303503681628,0,2021
Multan,0,-7.912610177824748,-12.731278077613224,0.3902425984854423,1.3078562574326131,0,2021
Multan,0,-10.174999575960257,-16.939258742174555,-1.6510196521277365,-2.6488480632019424,0,2021
Multan,0,-9.346240519121022,-16.179781393203452,3.4458468841303507,-4.539869043147714,0,2021
Multan,0,-10.215875625173299,-19.062124453679402,-2.4006534858284567,0.061620908556921705,4,2021
Multan,0,-7.566339594569335,-15.035876743434676,-5.232336544476457,-3.701316866858578,0,2021
Multan,0,-16.76779431332298,-21.781062108732712,-0.2972339406324309,-2.3718802482792825,0,2021
Multan,0,-12.986811499573532,-19.378651593902173,2.7141499441220756,-0.9738786483754893,0,2021
Multan,0,-9.135374018844992,-15.86056519306885,-1.182767684446592,1.8106118949383312,0,2021
Multan,0,-7.390826399066203,-14.66325076266698,-4.406791791742405,-2.647832591144411,0,2021
Multan,0,-13.877309198709145,-21.303600957272288,-0.5170479777115595,0.025772739315254256,0,2021
Multan,0,-7.118691380356577,-14.895487611468763,-6.91121568718925,-4.233933087535235,0,2021
Multan,0,-8.58780769339503,-15.494117503777732,-2.9254679496415505,-0.7173408853098042,0,2021
Multan,0,-6.467558853219285,-15.092640456631186,-5.3548571345056315,-2.9063636219967304,0,2021
Musakhel,0,-11.488475867887992,-18.148041191402534,0.675517827255117,-1.3760281159358065,0,2021
Musakhel,0,-11.981201452041415,-19.401133300452084,1.3853760271004347,1.7967694059671082,0,2021
Musakhel,0,-9.798761280238091,-16.978682462556982,0.545816348189069,2.5408646865849676,0,2021
Musakhel,0,-8.18852491781333,-14.386516369678588,0.870508939934675,-0.43315569965426093,0,2021
Musakhel,0,-9.063883989081335,-16.26495546851098,-0.786103272564139,-1.4456676575521819,0,2021
Musakhel,0,-13.866270080242494,-21.48719391749492,1.6936489532756234,2.0593018906876246,0,2021
Musakhel,0,-8.368678129389313,-16.486433187936854,-0.284745035727628,-0.16597786355912447,0,2021
Musakhel,0,-11.397984481529448,-21.508452989684578,0.8126181626935267,-0.35380793026556034,0,2021
Musakhel,0,-9.206442302321186,-14.57357974460657,0.6118162022363478,-0.3042120126522345,0,2021
Musakhel,0,-9.074333959576624,-16.92609536783293,2.6131392104742073,-0.3606256656988833,0,2021
Musakhel,0,-10.148382187767542,-15.945141165624069,-1.098286517303503,-2.001306564197346,0,2021
Musakhel,0,-8.78776848943297,-14.359936861586744,0.038587898076542615,-0.41375229176192896,0,2021
Musakhel,0,-8.762033627541406,-15.546668201045602,-0.8747284101300927,-1.5666203346974399,0,2021
Musakhel,0,-7.493597355689226,-14.316117011356017,-0.6356385704812508,-0.9341675632702469,0,2021
Musakhel,0,-11.23485142279484,-18.379779675001274,1.7541695815613423,-0.4621536128619823,0,2021
Muzaffargarh,0,-11.71862395915914,-18.814222850993634,-0.5352799155392756,0.6347668758344476,7,2021
Muzaffargarh,0,-7.005313976337398,-15.864193327713732,-4.064136789980768,-3.3139641573043797,0,2021
Muzaffargarh,0,-10.874348949708843,-14.305069303053298,-0.5741952630385683,-1.3602031560486338,0,2021
Muzaffargarh,0,-18.778069778751743,-26.609870633772125,5.41536515617606,6.993281977043054,0,2021
Muzaffargarh,0,-11.513913803481568,-21.803950097878882,-1.1717053738610375,0.6266149141380666,0,2021
Muzaffargarh,0,-9.40636213065098,-14.853305879131707,-5.042957006212795,-3.6364579694152575,2,2021
Muzaffargarh,0,-10.416909205108347,-16.97320388848629,-1.590711930186913,-2.2889764563898325,0,2021
Muzaffargarh,0,-10.339010039623224,-17.984026183994043,-2.6514963431562375,-0.35325259149802335,0,2021
Muzaffargarh,0,-9.84958723098998,-16.231362484957835,-2.344267073267302,-0.7354887625226105,0,2021
Muzaffargarh,0,-7.542667507008174,-15.172203277705778,-4.253132019252952,-2.344751852290676,0,2021
Muzaffargarh,0,-9.182846782365672,-15.66355688063291,-2.031438942126792,-2.0645962354232807,0,2021
Muzaffargarh,0,-10.237151216097299,-15.774154347798948,-1.670339349748419,-0.9357507538268024,0,2021
Muzaffargarh,0,-9.184245144805331,-15.226245010637104,-3.4332022901763857,-5.042335865022206,0,2021
Muzaffargarh,0,-9.952319022042015,-15.823622654852706,-3.891287878227999,-2.703294196047331,0,2021
Muzaffargarh,0,-9.65375947003868,-15.43947652345906,-3.877880974446283,-1.9579109530601535,17,2021
Nagar,0,-6.4736084619988485,-16.659764227853508,-2.2455704241695518,-1.225099905819956,0,2021
Nagar,0,-8.626466971325812,-16.961689423806558,-0.1987206466573994,0.746826243868064,0,2021
Nagar,0,-10.41573131660674,-18.968728143658023,-0.9096765887076934,-1.340054716542383,0,2021
Nagar,0,-13.932006888652058,-20.0645907068811,-1.287536542196392,2.0079319825951814,0,2021
Nagar,0,-5.583633082289551,-15.184300062653195,10.235708912032896,15.341409847554539,0,2021
Nagar,0,-6.830692114310395,-14.307202694226229,6.980358575703869,8.858781859253542,0,2021
Nagar,0,-20.10711179025781,-21.693092493408148,2.1806316384516293,-0.18707412606959295,0,2021
Nagar,0,-2.072818491772014,-12.705448883425447,-0.13994059515674673,-0.16491779146911867,0,2021
Nagar,0,-10.890428883086559,-24.640362181263917,-3.136338304086676,4.636279890395443,0,2021
Nagar,0,-0.12671288006422185,-11.146553597083793,-2.6173312570959624,-1.7755995092663959,0,2021
Nagar,0,1.0994817490620408,-16.298725001220603,1.1272218390857613,12.03427895705201,0,2021
Nagar,0,0.7135095722768491,-12.797423854185489,-1.8832469131918672,2.330845139295997,0,2021
Nagar,0,-16.360438530780726,-23.33589344353848,13.72628036987727,16.54673275701433,0,2021
Nagar,0,-13.192011015475343,-19.425396013258137,-0.20367491668371507,1.384317146698752,0,2021
Nagar,0,-7.976887277931822,-15.278830016980397,-3.9093928565908884,-2.3678517153150302,0,2021
Narowal,0,-9.444529946542447,-17.86242308874614,-3.6963227510576697,-2.075064698932316,0,2021
Narowal,0,-10.735551733723767,-18.587682637915194,-2.2195327831686598,-1.7348275752056317,0,2021
Narowal,0,-8.605655683821617,-16.55249613055973,-2.8498964102636464,-1.4869082173117043,0,2021
Narowal,0,-11.977094350884117,-19.652620851782153,-0.978671966516572,-0.9581983855471385,0,2021
Narowal,0,-9.847586185901903,-15.656489305316564,-0.49447988899316364,-0.514330097762512,0,2021
Narowal,0,-8.938046397510016,-15.714399812679478,-2.8014643857907036,-1.52472129057821,0,2021
Narowal,0,-10.652449567203501,-17.818415467178674,-0.4712211318410393,-0.40714197809464636,0,2021
Narowal,0,-11.53254348463922,-17.76705994760481,-2.3293297084504285,-1.3609450406644008,0,2021
Narowal,0,-11.087880670001852,-15.19863955566418,-0.6786279761736331,-1.687959069147304,0,2021
Narowal,0,-9.436455455010089,-18.95394489791756,-5.294424060372313,0.0664527346386663,0,2021
Narowal,0,-8.288436428111321,-17.249343008021228,-5.714267896973977,-1.2222505419853107,0,2021
Narowal,0,-11.164747917456829,-15.533144577590974,-2.3175906875567307,-3.475895086132269,0,2021
Narowal,0,-10.553370963208826,-16.43226117691359,-1.1364868059485733,-0.9162641379819725,0,2021
Narowal,0,-9.03185158885298,-16.758782416217365,-4.149628954407435,-0.10578295867841092,0,2021
Narowal,0,-9.520841866727496,-16.457381977802086,-5.255838388050014,-4.804303663971883,0,2021
Nasirabad,0,-10.065084721475515,-15.545752236253218,-2.5594342150472578,-2.8573202954367254,0,2021
Nasirabad,0,-14.708426677136192,-21.072490333308526,2.5391936783531044,3.238061222588936,0,2021
Nasirabad,0,-11.730153408033832,-16.168663382957227,-1.1410129201947505,-1.1719430749914466,0,2021
Nasirabad,0,-9.52914531445623,-14.508357317643842,-2.430271291267344,-3.5807549876064115,0,2021
Nasirabad,0,-11.70105999488494,-25.595017322446864,-0.17045728060816145,6.8913191663904385,2,2021
Nasirabad,0,-10.937320228337931,-19.788438819222534,-1.6315390309057385,0.6223602959596022,0,2021
Nasirabad,0,-12.840283837651167,-23.642785695202168,0.5063885922601052,5.096804536014361,0,2021
Nasirabad,0,-15.57803517156421,-25.90135970328386,3.120725498880967,2.9369996167625985,0,2021
Nasirabad,0,-16.090476765434772,-25.63490756742542,-3.1289833902010855,-1.0428189588764063,0,2021
Nasirabad,0,-9.76602164811287,-17.33389768401804,-0.8604771294046376,0.5502862357274232,0,2021
Nasirabad,0,-11.360140145687259,-20.94956010029765,-0.851634959083702,3.7845435076529803,1,2021
Nasirabad,0,-6.594610753257318,-20.716637091826826,-1.7233682222226223,5.307139981445159,0,2021
Nasirabad,0,-9.541035219548997,-20.676074141917645,-0.4242243120508302,3.3727498722293987,0,2021
Nasirabad,0,-17.087814259368216,-27.685122677658256,-0.8209226134782917,0.7939777766106957,0,2021
Nasirabad,0,-7.345847480037035,-19.61137673734245,-6.13834766025616,-0.7577209753366105,0,2021
Naushehro Feroze,0,-10.094762366217683,-14.954492606146829,-0.4402051841573389,-5.118181950500741,0,2021
Naushehro Feroze,0,-8.23304291738689,-17.36058400583419,-3.0497257844908,-2.2564173070461386,0,2021
Naushehro Feroze,0,-9.23543234071759,-15.431228820722955,-4.168351873113494,-4.85749274157738,0,2021
Naushehro Feroze,0,-10.002355395581764,-16.903947238618215,-0.9593901446551065,0.7024995881953053,0,2021
Naushehro Feroze,0,-18.218911586616485,-27.750536475723415,-0.32868292849121516,0.3524483282433266,0,2021
Naushehro Feroze,0,-7.678070685152104,-16.13592860865767,-4.9470747834551325,-4.121958518782826,0,2021
Naushehro Feroze,0,-10.426128460495061,-16.928060732900327,0.10511446777483435,0.9337280272092325,0,2021
Naushehro Feroze,0,-10.730590972392175,-19.03653445334717,-1.5202073364358082,-1.734621927665419,0,2021
Naushehro Feroze,0,-9.785939684079066,-14.856708489997262,-0.48924307874312234,-2.9604906332402,0,2021
Naushehro Feroze,0,-9.743385857801165,-16.651516473870217,-1.4534710889662605,0.16864889944973882,0,2021
Naushehro Feroze,0,-14.7795002451861,-25.157206098420662,1.9211835360344747,5.025333021850361,0,2021
Naushehro Feroze,0,-8.837711387944012,-14.422868811574553,-1.9596134918066976,-4.59060816810408,0,2021
Naushehro Feroze,0,-8.645528705501265,-16.454716568649893,-4.414715291719686,-3.800937936049369,0,2021
Naushehro Feroze,0,-12.369230446951889,-19.554057462846746,-0.531879782513327,0.375554335223633,5,2021
Naushehro Feroze,0,-9.84433519033378,-14.39032449220607,-1.1126471017762114,-3.1229281966358897,0,2021
Nawabshah,0,-8.671685426309981,-18.02439911098209,1.6719686547337265,1.4813531850684463,5,2021
Nawabshah,0,-5.34145950380999,-16.11212359328858,-7.695384567439826,-1.970464623989212,0,2021
Nawabshah,0,-9.746071842282443,-15.895306219731413,-1.6109337796756371,-3.0338905813651458,0,2021
Nawabshah,0,-9.665632376203618,-22.491260020988285,-2.5446517247477605,-3.4938092022513345,0,2021
Nawabshah,0,-14.057987674383963,-23.497094415800383,4.733081863929318,6.36361850682621,6,2021
Nawabshah,0,-11.543775385331067,-15.329769305932208,0.2570076435778432,-1.6742759121734583,0,2021
Nawabshah,0,-7.278378612928909,-16.544538355944344,-4.817720127087833,-2.197801782475242,0,2021
Nawabshah,0,-16.52827949698805,-25.16265971868534,-1.7299829750589062,-0.976840452933498,0,2021
Nawabshah,0,-9.21402797136872,-16.26511701694635,-2.0716419948109444,-2.922346520197582,0,2021
Nawabshah,0,-12.63806785552557,-19.840830974092842,1.954861395714623,-2.6359828284408238,0,2021
Nawabshah,0,-15.63055043370419,-23.164102796491086,1.0509379582082996,-0.4203418722698302,0,2021
Nawabshah,0,-12.973826135313594,-22.322465520813264,-0.2130648124930996,1.7435850819529612,0,2021
Nawabshah,0,-8.4221281479226,-15.815617958194014,-3.0865401961692047,-3.686159735619224,1,2021
Nawabshah,0,-12.391405625079868,-24.74964333885768,1.413472542055656,4.579361846926236,0,2021
Nawabshah,0,-9.994506233942143,-19.040741796300175,-2.1497907067228823,-2.861899478701069,0,2021
North Waziristan,0,-2.4503049410273254,-12.54677289843025,0.275843787165055,1.7534736783214537,0,2021
North Waziristan,0,-5.420310426633945,-15.844107976286006,-0.5482393376296262,0.11252040836346033,0,2021
North Waziristan,0,-12.467547577329427,-16.98865275757433,1.8565904126326256,-2.2779910765396565,0,2021
North Waziristan,0,-10.732366530291866,-18.801815903020348,-0.16168756756731106,0.7972334178752654,0,2021
North Waziristan,0,-6.452083328464666,-13.2398500186268,-2.3232253798930502,-1.3652471616188855,0,2021
North Waziristan,0,-8.187767270605844,-17.29260075392866,-1.0194583890395723,0.4762278512815712,0,2021
North Waziristan,0,-6.567514761123772,-16.08990751137438,0.2568549366011954,1.5062097179696075,0,2021
North Waziristan,0,-7.845628696350261,-17.598431264802546,-2.2095010276028404,-0.283003374325407,0,2021
North Waziristan,0,-9.988056731638004,-17.74807322941029,0.5691419615956974,-1.1460746558552053,0,2021
North Waziristan,0,-2.5677790628735635,-13.298429410778944,-1.1388429862682146,0.5774388825208501,0,2021
North Waziristan,0,-5.713567201449116,-9.284690444368819,-0.1845002987207014,-1.1189416386231752,0,2021
North Waziristan,0,-7.15637032583939,-13.031164906524802,2.9746947614356607,-1.8996754828055202,0,2021
North Waziristan,0,-14.080337695983197,-19.030440297502885,0.8510048574882916,-1.0220333766050516,0,2021
North Waziristan,0,-10.443613741139195,-16.101938532420746,2.642019492357665,0.3015564162753055,0,2021
North Waziristan,0,-10.387760345463729,-19.182666870724255,1.0840035963906747,2.147177994480291,0,2021
Nowshera,0,-9.154640236606625,-15.42923907382195,-0.7637854330954035,-1.0723746371414755,0,2021
Nowshera,0,-10.162254628730249,-16.92515699764394,-0.6903955180508738,-0.07374555452055631,0,2021
Nowshera,0,-11.019946862351503,-18.58074261920584,-0.44158691910254966,2.152005139011056,0,2021
Nowshera,0,-10.855581333582531,-16.411948715323142,1.9009114568968712,1.003933781725845,0,2021
Nowshera,0,-10.713232240849113,-16.656177154995454,1.187129061061123,-0.9912632067852911,0,2021
Nowshera,0,-10.731102340433525,-15.078008570578689,1.3128057393008579,-0.6201534985859283,0,2021
Nowshera,0,-10.906723165842187,-17.68233303620559,1.1888737326074867,1.3842195888134157,0,2021
Nowshera,0,-11.494632074704194,-18.90790805394704,0.19782941813963006,0.14227316205953144,0,2021
Nowshera,0,-12.594843132298383,-17.112018502830736,1.7194181643228212,-0.9273067695474531,0,2021
Nowshera,0,-7.465060783559169,-13.35751301918447,-1.2102710956676983,0.3337598572718701,0,2021
Nowshera,0,-10.488975464127552,-16.405563331335486,0.9456711710499466,0.08471449848521928,0,2021
Nowshera,0,-10.142712456664118,-17.331499300180234,-1.8253448687579894,-0.8407597082326603,0,2021
Nowshera,0,-10.580660207720644,-19.30521040544543,-1.5672150372519642,2.531807751535389,0,2021
Nowshera,0,-9.475814686363005,-15.70022705787534,-2.1075910377414804,-0.5172278474449126,0,2021
Nowshera,0,-8.455711080801713,-13.912835179077833,0.33574216220706354,-0.5171699675742669,0,2021
Nushki,0,-11.873112525820337,-19.10293260185621,-3.426428071077213,-2.034123072448967,0,2021
Nushki,0,-16.511056353548774,-25.927249547016558,-0.310984487756258,1.0181913470956054,0,2021
Nushki,0,-22.17359977827245,-27.8061286015827,1.1679831502173883,0.4588211322597715,0,2021
Nushki,0,-10.31626915672182,-18.093147876154852,2.0045638390929845,0.7223393784257546,0,2021
Nushki,0,-10.684021834460438,-18.566746096910087,1.8053331047575778,0.7205833591247277,0,2021
Nushki,0,-11.080135285053219,-19.472541005510852,-0.3275714132302454,-2.9419659925880133,0,2021
Nushki,0,-21.942058881549727,-27.10382302539908,-1.8924675255839745,0.16993606470575173,0,2021
Nushki,0,-10.336761343651602,-21.143350665836913,-0.9617887180319613,-1.2446180545621068,0,2021
Nushki,0,-12.028201761282391,-19.076656923889644,0.9090851326930416,-2.73233843410458,0,2021
Nushki,0,-18.504544998982702,-27.295750594120914,-0.14962381103764955,1.5999491191865296,0,2021
Nushki,0,-14.252930137899211,-19.11703407146352,-1.297658178036711,-3.0727961807656214,0,2021
Nushki,0,-13.036862572267868,-25.242924326967895,1.0564029932468824,4.358452545576924,0,2021
Nushki,0,-22.000615082725055,-28.679419235104547,-1.4893704614476704,0.5827728740021314,0,2021
Nushki,0,-7.667256154886086,-18.791660859504987,-2.411685606217876,-1.471398362056668,0,2021
Nushki,0,-24.41014831434693,-27.811120674125128,1.7636968156039536,0.14901560734166708,0,2021
Okara,0,-11.512831953245488,-17.67849440373125,5.692772447309884,1.8167436382001405,0,2021
Okara,0,-6.708104047366983,-16.530644790100183,-1.040842192535547,-2.3349277536528845,0,2021
Okara,0,-8.977937245709727,-16.94472149684094,-1.6503493496440598,-1.2979346158820277,0,2021
Okara,0,-10.807695821851741,-16.467278872105,0.2607265747067391,0.8558872717211035,0,2021
Okara,0,-10.509080073122647,-16.965222439015513,-0.6776759474006155,-0.2179617434037553,0,2021
Okara,0,-12.154408527491427,-17.355526048784192,6.939172527325825,-1.1544737358505337,0,2021
Okara,0,-11.737021704594635,-17.277026025259566,6.206057070101416,-4.622145887778366,0,2021
Okara,0,-11.713579564699037,-16.64451023910187,0.5882238694174315,0.247337031360928,0,2021
Okara,0,-8.720848375575471,-15.022830134126101,-1.9630977479263976,-0.3357870446723119,0,2021
Okara,0,-11.595311976529041,-17.883951819555907,-0.5548710378877839,-0.19547029315426911,0,2021
Okara,0,-10.75316170366622,-18.472468770227714,-0.25091911027099734,1.6087909717275473,0,2021
Okara,0,-12.120008190253255,-16.207354970152675,-0.6431042108557765,-2.140987244848649,0,2021
Okara,0,-8.521645841309311,-18.987765753960694,2.240030804118348,2.795250941282273,0,2021
Okara,0,-8.891545382092993,-14.068647216085902,4.718045461699209,-4.944368284443657,0,2021
Okara,0,-13.342673416037567,-17.823653629201186,1.4217471707647675,-1.1543228405461257,0,2021
Orakzai,0,-10.402597956249839,-16.79717340896807,0.582940639340972,-0.33834723733615135,0,2021
Orakzai,0,-11.223319033548462,-15.892642987493225,-0.11457112256465685,-0.576839186638388,0,2021
Orakzai,0,-5.511408504378852,-13.10996089547073,4.026188543808995,1.512673748404298,0,2021
Orakzai,0,-10.640407965542396,-15.829214251520916,-0.785496959617749,0.01016386759618193,0,2021
Orakzai,0,-8.52982396837539,-14.22980903501464,-4.25034071526974,-4.5358317375915504,0,2021
Orakzai,0,-9.221758775040987,-16.937817885740273,-1.1147724042601883,0.34204952311187853,0,2021
Orakzai,0,-8.050713584207735,-12.565098389148456,-0.9268098564254945,-2.338669151967469,0,2021
Orakzai,0,-3.9314511161949808,-11.39430027225971,1.082193966747134,-0.5051247511733763,0,2021
Orakzai,0,-9.176580485679912,-13.996449585926777,0.5313713692146269,-0.27159281357988974,0,2021
Orakzai,0,-8.923561815020898,-12.943875499755721,-1.358094218322723,-2.092147459827551,0,2021
Orakzai,0,-10.015211901507755,-16.828526218375192,1.4069912691040525,-0.6346475122384554,0,2021
Orakzai,0,-5.767524889008852,-10.20469576636241,1.391222020615471,-0.30414933215458184,0,2021
Orakzai,0,-7.637737064941584,-14.608170679340676,-0.46799969797801566,-1.6073279634675242,0,2021
Orakzai,0,-8.966268918352377,-15.431233154092547,-0.5918816272708263,0.2433434912581447,0,2021
Orakzai,0,-5.542421836367377,-11.530360130039343,-1.249165112644734,-0.641115404514947,0,2021
Pakpattan,0,-6.641686957102673,-17.420691724470664,-5.5014437957655655,-0.7862508748056527,0,2021
Pakpattan,0,-10.669520250992633,-18.891367649811787,-1.1030661816487495,1.5173508759909708,0,2021
Pakpattan,0,-9.41780616988942,-16.257516943420494,-1.0949575268959286,-0.9828778503633089,0,2021
Pakpattan,0,-10.118839650477682,-17.0898766789028,-0.5925469599271089,2.1340587318849433,0,2021
Pakpattan,0,-10.165651515040587,-16.530401369239247,-3.3365466239488253,-2.178005980242471,0,2021
Pakpattan,0,-11.488567719591508,-17.167179212007678,1.4000510539508397,-2.9413987376283153,0,2021
Pakpattan,0,-14.059536156281208,-20.714919636709524,3.4807754097353136,0.7720805588690105,0,2021
Pakpattan,0,-7.0966622601130505,-12.690403518453063,-0.6211382030287167,0.46774736285518514,0,2021
Pakpattan,0,-13.107881512509287,-17.317857715044898,0.37330227505196056,-2.240176500487248,0,2021
Pakpattan,0,-3.439456205138038,-19.19901744577657,-4.009512275170186,0.01690175000272731,0,2021
Pakpattan,0,-7.820426618513443,-18.775899034235803,-1.0557948617673496,1.9572817640365585,0,2021
Pakpattan,0,-10.487634700536066,-17.749262077478424,-0.18738819775697202,2.550666169760575,0,2021
Pakpattan,0,-10.349048951595861,-16.759032657463187,-0.5434645788940493,1.460222133440702,0,2021
Pakpattan,0,-10.534568637792036,-18.278966988069374,4.508212013246024,-1.327467338245821,0,2021
Pakpattan,0,-6.565560862579909,-16.46332282944289,-4.926362824855319,-1.2355465814816924,0,2021
Panjgur,0,-12.132168617415491,-22.44241103199396,0.15246149289922606,1.3305870658330612,0,2021
Panjgur,0,-9.962105314078151,-18.37317574223722,0.9963556405154108,0.38626774493688387,0,2021
Panjgur,0,-15.365905688304682,-25.896937794564437,0.44767927962778487,0.9183494706476552,0,2021
Panjgur,0,-8.61042968580675,-14.75345519786882,0.42903554592119875,0.21584947021527157,0,2021
Panjgur,0,-8.258928212019859,-15.33814253174548,-1.208814411879212,1.8436410431497343,0,2021
Panjgur,0,-12.562088210661209,-23.346417792604356,0.3010196483664984,0.1853238043563934,0,2021
Panjgur,0,-12.432707291868113,-19.59765020171453,1.8565331074881222,0.6099134388404472,0,2021
Panjgur,0,-9.218139767333984,-17.225001839338116,-2.4620826432230114,-3.285675647813953,0,2021
Panjgur,0,-11.717524159006462,-22.99861937344998,1.657009976613848,3.155435357984434,0,2021
Panjgur,0,-12.491275216740352,-20.368442848898837,-0.5347844450246626,1.2575606370738903,0,2021
Panjgur,0,-6.763071086701347,-14.630511722267677,1.0921330044439568,-0.21641261234340448,0,2021
Panjgur,0,-10.774492027927431,-17.517212008264742,0.315291760210604,1.1689019820263624,0,2021
Panjgur,0,-14.314578774430498,-27.83564361429696,-0.5690218054873384,0.25635944388667653,0,2021
Panjgur,0,-12.87434455360247,-20.093133043283526,1.143472907473022,-0.18344010941951439,0,2021
Panjgur,0,-10.647567844076914,-16.707528240450145,-0.3785906721288175,-0.9851669752713335,0,2021
Peshawar,0,-12.186758141808088,-17.701624153021918,-1.460960391396025,-0.2557551309388728,0,2021
Peshawar,0,-9.855247671245312,-20.078914634034312,-0.052516198298288685,3.6870994979038088,0,2021
Peshawar,0,-14.879127734613071,-20.26953936553012,-0.01875095524706616,2.1716949417385933,0,2021
Peshawar,0,-10.912738563263801,-16.066162793892687,0.3013872116192555,-0.3344435649541069,0,2021
Peshawar,0,-5.669557188312263,-16.05072530034356,0.26535766236223246,1.2707492787062264,0,2021
Peshawar,0,-8.601709786866532,-13.698524957847537,-1.8359234045560058,-4.560132245770186,0,2021
Peshawar,0,-8.478724603633285,-14.312872306356988,-5.6711548071731634,-4.056572273889925,0,2021
Peshawar,0,-8.108251259013064,-15.009058295891627,-2.453369741261426,-1.7238094504790276,0,2021
Peshawar,0,-12.081145149896617,-19.248304021764632,0.4146752334676922,0.6854820460733251,0,2021
Peshawar,0,-10.427543181469346,-16.729651082707555,-2.225561211397684,-0.6572989345041975,0,2021
Peshawar,0,-10.645681215957254,-18.891148012684678,0.9919450409267725,-1.0698899711714205,0,2021
Peshawar,0,-9.517303820863122,-15.155456322848616,-0.10799052681707799,0.5850674203538464,0,2021
Peshawar,0,-6.575156873508531,-12.359289274635966,-3.5664694850437595,-3.184493534574221,0,2021
Peshawar,0,-10.415431215285134,-16.418141471868893,0.07269364235330578,-1.4145587138014264,0,2021
Peshawar,0,-11.296470422023802,-16.936993565796804,0.43913661664575443,-0.7253792192430453,0,2021
Pishin,0,-8.463155811027383,-16.786406533055235,-1.3728312651116692,-3.4021709268719853,0,2021
Pishin,0,-12.04153454502799,-21.001858693985852,0.07483454327714156,-1.4264591219099252,0,2021
Pishin,0,-12.049385672538587,-21.55775337150422,0.9894254588822626,2.218940750249505,0,2021
Pishin,0,-11.160460004025603,-19.073023654068233,-1.802079403918773,-1.95239245595236,0,2021
Pishin,0,-7.137876449578979,-15.006175227080941,-0.7334082468109013,-0.7566202090454173,0,2021
Pishin,0,-8.666471081169783,-16.739900728184484,-0.13784022911009508,-0.4603597434026412,0,2021
Pishin,0,-10.769122599692757,-18.431985878008334,-0.5969705179091829,-2.143283332684234,0,2021
Pishin,0,-14.106720083393666,-25.154388683315414,-1.9605077122835137,-0.24538551322264723,0,2021
Pishin,0,-10.12762588605639,-16.85793857059625,-0.5303610302304023,-0.8952326904421675,0,2021
Pishin,0,-11.778145307554407,-18.736615430670994,0.7555121926210742,-2.8268993781593608,0,2021
Pishin,0,-11.372183405006567,-18.67260676026393,-0.1683938485036549,-2.3095447175711534,0,2021
Pishin,0,-11.718880229856696,-22.498166641438484,-2.6168617740760194,-0.7010425206315851,0,2021
Pishin,0,-9.00037343382478,-20.69948542508697,-0.028186651010614128,1.4491115858189332,0,2021
Pishin,0,-5.892713297672704,-13.360929488015469,-1.9304002109477931,-3.0210039147950454,0,2021
Pishin,0,-4.026785915007865,-8.993143594780395,-1.168153959615129,-2.33428880859557,0,2021
Qambar Shahdadkot,0,-12.010797652538635,-22.558686629968697,-1.2419569642557562,3.3588235281787853,0,2021
Qambar Shahdadkot,0,-16.473922964004647,-25.21561597931561,2.6201364867433163,5.609921550956955,5,2021
Qambar Shahdadkot,0,-13.694757063244701,-22.3965967537806,2.908028696618695,3.4463463924928774,71,2021
Qambar Shahdadkot,0,-9.064641068471023,-18.460721877919404,-2.861329427960378,-0.4509272358362253,0,2021
Qambar Shahdadkot,0,-5.425989727850917,-15.098402802630098,-2.2526830078635953,2.2525591549843575,0,2021
Qambar Shahdadkot,0,-13.433950872540898,-22.698017543006337,0.07451815708906828,2.3057983432813387,2,2021
Qambar Shahdadkot,0,-8.996781728925026,-14.523620840554731,-0.9160268678851615,-0.46071486760500235,1,2021
Qambar Shahdadkot,0,-7.332191656578059,-18.426247552524128,-7.050049393975666,-2.6708211673649735,0,2021
Qambar Shahdadkot,0,-9.63674545029033,-18.54729496763762,-3.736433525390428,-2.592233460899074,0,2021
Qambar Shahdadkot,0,-10.314736834133782,-21.89618640156703,-1.928202700056902,1.6687744040513124,0,2021
Qambar Shahdadkot,0,-11.609689990336204,-24.226672096375097,-0.63274899663271,5.535696588036785,0,2021
Qambar Shahdadkot,0,-10.81642271806568,-19.001364940269223,-0.767516055707123,0.5644496361247633,0,2021
Qambar Shahdadkot,0,-13.110701928653272,-19.159958524719162,0.7542348626386399,-0.1616143174545357,19,2021
Qambar Shahdadkot,0,-7.52518001228116,-17.209736741797993,1.2285251673217523,3.3348719939767015,0,2021
Qambar Shahdadkot,0,-7.919372635902537,-16.38906656769403,-1.2552306628925063,-1.4636709442794427,0,2021
Qilla Abdullah,0,-10.490600331057141,-17.10805785401925,-2.3665054279065103,-3.0619453138046673,0,2021
Qilla Abdullah,0,-10.921603641220816,-18.516098099607085,1.1637125446867849,3.1513922195039132,0,2021
Qilla Abdullah,0,-10.869652303389838,-17.39058056540646,-2.605450943087167,-3.3831807671693,0,2021
Qilla Abdullah,0,-9.275934579754132,-16.176692295571865,-1.1696307813086868,-1.717358845673406,0,2021
Qilla Abdullah,0,-11.295080246605187,-18.27073720407504,-0.0449938760381805,-0.7066683985924982,0,2021
Qilla Abdullah,0,-18.664998065826673,-25.669394853218947,0.4541402884514376,-1.1757919170375786,0,2021
Qilla Abdullah,0,-12.870779786762217,-24.655973671461716,1.3920652294592006,0.4205487363124405,0,2021
Qilla Abdullah,0,-18.122632167443008,-28.227516179066974,-1.721596726198893,-0.5150208425529499,0,2021
Qilla Abdullah,0,-10.263056484465496,-19.962923456571346,-2.098348917336624,-0.2681811059393304,0,2021
Qilla Abdullah,0,-18.211801671215234,-26.647059695949082,1.4010009176422962,0.1596507568483574,0,2021
Qilla Abdullah,0,-14.23126459558096,-26.53654442742513,-0.8626567964573457,5.192198856104579,0,2021
Qilla Abdullah,0,-11.936818652302584,-17.71447135943199,-3.3317387109301286,-2.6246792989569556,0,2021
Qilla Abdullah,0,-12.608223435053233,-20.230814819211957,-1.3345043741724893,-2.4925039775032687,0,2021
Qilla Abdullah,0,-11.264504561549895,-20.841791524139413,-1.3415718914487034,-0.16068967814305424,0,2021
Qilla Abdullah,0,-11.637372612422316,-19.60063709524811,0.013592973799253727,-1.9746776125322967,0,2021
Qilla Saifullah,0,-8.288031065664676,-17.81624202758351,-3.238097341426414,-1.441207613393459,0,2021
Qilla Saifullah,0,-19.779009134431533,-28.44141383990197,0.5204943853605641,-0.8249237644905456,0,2021
Qilla Saifullah,0,-8.670781537361368,-13.70497722066779,0.8379447199480552,-1.6564313675475315,0,2021
Qilla Saifullah,0,-14.105418711590872,-22.358059765191598,7.503732380236923,3.441404167101137,0,2021
Qilla Saifullah,0,-8.025118212985976,-17.050972732095694,0.5984605292759451,-2.324764228300552,0,2021
Qilla Saifullah,0,-15.701067074581836,-23.080942920784466,-0.7132584968772981,-2.463476714739933,0,2021
Qilla Saifullah,0,-7.6322909768218725,-16.839358701777034,-4.441950041282668,-7.995880009415782,0,2021
Qilla Saifullah,0,-20.69515751787822,-27.710643058110964,-1.6783818014634626,-0.7075116991333275,0,2021
Qilla Saifullah,0,-12.588175461289406,-24.60263468127659,-0.593055446440431,-1.466513928218184,0,2021
Qilla Saifullah,0,-22.229110315950447,-28.96642654835047,-0.6192032986381903,-0.1444520096798385,0,2021
Qilla Saifullah,0,-10.326220787326683,-19.9873380887425,-0.5665248298522201,1.3200712029126365,0,2021
Qilla Saifullah,0,-10.041858653790133,-19.20791887575089,-1.971400366278159,-2.9056852137473648,0,2021
Qilla Saifullah,0,-13.152774233524108,-22.600944041321913,1.1114346204862908,4.113355120332237,0,2021
Qilla Saifullah,0,-14.832267770870772,-21.96978054806427,-0.5006097712505682,-0.7395848636562832,0,2021
Qilla Saifullah,0,-7.26388455151716,-18.086972103108504,-2.6006448102186237,2.025350155649768,0,2021
Quetta,0,-8.33240781805059,-15.49841032933022,-0.06699232599491367,-1.2831110031114967,0,2021
Quetta,0,-8.54602282880857,-16.113814268517658,0.4384130865464222,-1.8701110001013959,0,2021
Quetta,0,-18.971216679137587,-29.680274182801753,1.7618049986012423,1.852416002317792,0,2021
Quetta,0,-9.687496127763598,-15.211664221486648,-1.0291720667066482,-2.293971479424288,0,2021
Quetta,0,-7.417161673548717,-12.347926378362676,3.20205030732666,0.8524829573374433,0,2021
Quetta,0,-7.585957330032844,-11.550759374417277,-0.8002217409736563,-2.560783139341405,0,2021
Quetta,0,-16.695580116992648,-27.07824476503962,0.3496819369520203,-0.020958124898321273,0,2021
Quetta,0,-3.76489110739943,-12.02544452264339,2.0528496091375805,3.2899838902512517,0,2021
Quetta,0,-12.58099912350134,-20.79663635075427,-1.1952626083685054,-0.8347615348193926,0,2021
Quetta,0,-15.338312816039458,-23.575981473269866,-1.550977692614687,-0.5452558972490031,0,2021
Quetta,0,-9.48836845631366,-18.32335746551329,0.2247401436270291,1.2791920875891982,0,2021
Quetta,0,-9.561904246863623,-17.31759758996668,-0.47085433741820104,-0.3607451414647329,0,2021
Quetta,0,-7.700496292472065,-12.669976889159718,-0.27087158139296186,-1.9145030538599102,0,2021
Quetta,0,-10.77866690149991,-16.851544717799648,0.32126365961368997,-3.0054775682697183,0,2021
Quetta,0,-10.139210166170503,-15.43780262450359,-0.9681005374906224,-2.542635605827158,0,2021
Rahim Yar Khan,0,-9.644414927987466,-17.50285594134335,0.1579115673229019,0.6051439230540545,2,2021
Rahim Yar Khan,0,-9.640682543626985,-14.183626139105705,0.573831982214541,-1.4168651601194657,0,2021
Rahim Yar Khan,0,-16.62308497011627,-25.41119816296015,0.1856244091305932,0.2843467855882267,0,2021
Rahim Yar Khan,0,-14.100170495259185,-21.415584258403513,-1.2791416456738336,-2.323026075925007,0,2021
Rahim Yar Khan,0,-14.842158622517832,-25.243859973712475,-3.489209490255643,-1.627192512545136,0,2021
Rahim Yar Khan,0,-10.092767247625723,-20.73520659311423,-1.405294547064921,2.4251528044467854,0,2021
Rahim Yar Khan,0,-8.916193823310927,-14.93071963669017,-3.6429002369133627,-1.978033250176484,0,2021
Rahim Yar Khan,0,-8.428099531466884,-13.938061580282916,-4.249551801442131,-4.565197985390743,0,2021
Rahim Yar Khan,0,-12.678630571517177,-18.838658401142848,0.7298263414358654,1.1989572251635003,0,2021
Rahim Yar Khan,0,-8.255480789359304,-13.580799415434175,-2.6994372809290077,-6.103148495720184,0,2021
Rahim Yar Khan,0,-8.871165062060683,-17.244313514092227,-2.9028529268959886,-1.593495981454275,0,2021
Rahim Yar Khan,0,-8.161732326295773,-14.167724649886056,-3.982130653961594,-3.2897241106945057,0,2021
Rahim Yar Khan,0,-15.820899613051868,-25.590217661218865,-0.19125849376129267,0.18997483817823024,0,2021
Rahim Yar Khan,0,-16.51395728270526,-24.092775744723056,-1.12381667380577,-2.0301602764945095,0,2021
Rahim Yar Khan,0,-15.647959077308808,-21.645138367908668,-0.0031519498699239534,-2.7893829923353515,0,2021
Rajanpur,0,-15.252876925277242,-25.59082641006603,2.1760185368439053,-0.10250282508806308,0,2021
Rajanpur,0,-14.684823406895156,-25.287262350355533,0.8529267484301677,2.088883199652855,0,2021
Rajanpur,0,-9.499221536067768,-16.90826060065921,-0.9398638277514344,-0.7088724574797993,0,2021
Rajanpur,0,-12.307720654261262,-18.63656908892169,1.030837485641241,-1.3405386456767125,0,2021
Rajanpur,0,-18.195005188538968,-27.466613962346322,0.30050597851125005,-2.1362739340133885,0,2021
Rajanpur,0,-9.21657544355988,-17.187801068154275,-2.2847906992775666,-3.010378419575421,0,2021
Rajanpur,0,-21.094733467555344,-26.875293401004377,2.833239771665653,-0.3005968384296196,0,2021
Rajanpur,0,-8.753199689062212,-26.536177674476935,0.2677050360708595,5.702984996877319,0,2021
Rajanpur,0,-12.057150506073377,-20.380292517690442,-0.7178893801191784,1.5414049450923706,18,2021
Rajanpur,0,-18.71970593129334,-24.10991321309609,2.808457425897293,-0.4664228391336884,0,2021
Rajanpur,0,-10.578045665253772,-20.075458720941203,-1.1358621490506344,-0.8329485790161364,0,2021
Rajanpur,0,-12.958267045790906,-24.901777704013153,-1.398724112166125,0.45154142279746523,0,2021
Rajanpur,0,-11.046439443305175,-16.13197446732578,-0.25278525574633903,-2.5018034733013508,0,2021
Rajanpur,0,-10.421904769673764,-16.31977424423179,1.5516524366029998,-0.9969974540944939,0,2021
Rajanpur,0,-9.699655054571842,-16.585285687882394,-2.5770844240960855,-3.0884583657920253,2,2021
Rawalpindi,0,-13.01069240565081,-19.616173712427816,-1.0599390849578931,0.27509648187990976,0,2021
Rawalpindi,0,-11.501236285702012,-16.80293551375018,-2.0934038288158874,-2.9609717773479822,0,2021
Rawalpindi,0,-10.019519487611293,-14.823640158826276,1.7834676137223955,0.5377070312168417,0,2021
Rawalpindi,0,-9.00383288404517,-14.448964077113988,0.006830592161698235,0.3157442109030768,0,2021
Rawalpindi,0,-8.713895376571639,-15.54562452570072,-3.7107032203776225,-1.7755060318265734,0,2021
Rawalpindi,0,-9.580409016750554,-17.225020354328837,-1.37179389211005,0.8686221219318284,0,2021
Rawalpindi,0,-10.592408975024066,-16.10217558737348,-2.1406048204002914,-1.4980442051045522,0,2021
Rawalpindi,0,-10.965007319686315,-19.177597693722305,-3.198843537225951,0.3419709433867091,0,2021
Rawalpindi,0,-13.088080679698628,-23.44363607134719,0.8548952133757801,2.708459180890298,0,2021
Rawalpindi,0,-13.548926768787755,-24.176679677493944,0.10205047914405085,6.767647568779633,0,2021
Rawalpindi,0,-8.873585336670125,-14.672970411367,0.7303403012656489,-1.4354246590391888,0,2021
Rawalpindi,0,-10.96290576630331,-17.907482079821637,-0.9587522399613402,-1.5682741896819614,0,2021
Rawalpindi,0,-12.111653077819376,-17.435615151565653,-1.586299656068734,-2.179088524099292,0,2021
Rawalpindi,0,-12.335542740105783,-18.096109330981648,4.5121645909139385,1.021890202681071,0,2021
Rawalpindi,0,-12.520208887927387,-16.975998573003107,-1.1402119040395,-2.349737319066236,0,2021
Sahiwal,0,-6.885398583642481,-16.972188849544285,-4.607023772243113,-1.4154215590300616,0,2021
Sahiwal,0,-13.3164790892215,-18.61898996825373,5.602971197029662,-1.55045452684136,0,2021
Sahiwal,0,-9.014145180106063,-17.511778670251456,-1.7874023766932545,-0.19988111692672206,0,2021
Sahiwal,0,-8.070858086223012,-16.517832705522267,-0.43535928641874655,-3.2995372008640658,0,2021
Sahiwal,0,-10.834711282324252,-20.7937764522628,-0.059347209332758055,4.740172125243095,0,2021
Sahiwal,0,-9.54954416368166,-19.31177734610692,1.029870381189113,1.8889583798583018,0,2021
Sahiwal,0,-9.012195142615337,-13.598582799016018,0.6417311183037029,-0.7288638339922979,0,2021
Sahiwal,0,-9.44189185628611,-17.45781442524605,-0.042826017127563176,1.691034057509281,0,2021
Sahiwal,0,-11.615606462666602,-17.08859127597555,0.8326826836647481,-0.03568277582061441,0,2021
Sahiwal,0,-7.906677024452199,-15.524127377111881,-3.5920458931295496,-2.151037616081389,0,2021
Sahiwal,0,-8.818879867259444,-17.791410856219848,-0.7146361053131631,1.5626869796880385,0,2021
Sahiwal,0,-9.26829854220372,-17.632143817046597,-2.2898665596625065,0.1288049957645363,0,2021
Sahiwal,0,-7.460149098995964,-15.350180516038376,-1.041011081975932,-0.4459183637387252,0,2021
Sahiwal,0,-11.762761501064736,-18.860942870243072,2.6831071602050063,0.43440311567890433,4,2021
Sahiwal,0,-10.559202939364209,-21.653762011382543,0.15957500248914158,-1.0634632503635437,0,2021
Sanghar,0,-16.13274650549334,-21.76336755057077,-0.2797221828796026,0.6453949091402365,0,2021
Sanghar,0,-13.271137715748218,-24.5308416679557,-4.902171587089747,-3.0067862522649733,2,2021
Sanghar,0,-13.573272134306533,-20.8131919677973,-0.48652359022886493,-0.5544041342992472,0,2021
Sanghar,0,-13.174018726364428,-20.01804931881044,-1.312171323210281,-2.7473035481837336,0,2021
Sanghar,0,-10.077599657879649,-21.474378627894122,2.774523105825205,0.7406123797142357,0,2021
Sanghar,0,-13.781085438949505,-19.10669789045424,-0.22728900279803632,-1.8803093190862121,0,2021
Sanghar,0,-9.218194778766316,-14.843353041690124,-2.9729820742758566,-6.4542971528442425,0,2021
Sanghar,0,-14.385613824464517,-19.929179495403048,0.5946540230840256,-1.1770286062764264,0,2021
Sanghar,0,-9.061844560181411,-15.902316897478077,-2.959845926879632,-2.533534314371419,0,2021
Sanghar,0,-11.442170604551386,-21.732915738450572,-2.464063442476938,-0.3120575714239031,2,2021
Sanghar,0,-14.901194733520681,-21.003245580152146,-3.4026077747777155,-0.7739899273939841,0,2021
Sanghar,0,-2.2793160673750923,-16.94321854847784,-10.691982677248406,-3.913455494155592,0,2021
Sanghar,0,-15.457083696067444,-19.183117146943644,0.33362050679641797,-3.5702919221366294,0,2021
Sanghar,0,-12.443857904536355,-18.164786783713204,0.7092056066583723,-0.03416317297251226,0,2021
Sanghar,0,-12.678283777493714,-18.33231557986499,-3.6420908417953974,-4.254556693675639,0,2021
Sargodha,0,-9.898201790582798,-16.52456179665822,-1.0933107243544828,-1.165813616558271,0,2021
Sargodha,0,-11.765858590395782,-15.872882722070855,-0.9210050366947442,-4.730758862907141,0,2021
Sargodha,0,-9.326021078039886,-16.14241819804964,-1.1757762789504191,-0.5564875360611019,0,2021
Sargodha,0,-9.695778495659487,-15.192522411361738,-2.3804012318971406,-2.504162683059901,0,2021
Sargodha,0,-9.345100173333027,-18.23423329890448,-1.6858069398737232,0.4962757055260809,0,2021
Sargodha,0,-9.231500821395567,-13.706694949582097,0.9056769107387499,-1.310082854658143,0,2021
Sargodha,0,-15.951707473567103,-25.644232164154687,0.306569793048979,-1.50725687404789,0,2021
Sargodha,0,-13.221140438163797,-22.227384080374186,1.4392920850584296,1.648285968657639,0,2021
Sargodha,0,-10.581676446939671,-15.619783801072256,-2.768393195171031,-0.5202547285245203,0,2021
Sargodha,0,-12.742446257568862,-16.822050180947038,1.171647822867067,-0.14122369534308632,0,2021
Sargodha,0,-8.857103280127998,-16.4011919431637,-1.670792118980211,0.6988616325074002,0,2021
Sargodha,0,-4.448637713153713,-12.338673411300249,-0.3069408322609686,-2.0780787733265935,0,2021
Sargodha,0,-10.638675500152546,-15.793305438183898,0.5167010895547008,0.28672934949165274,0,2021
Sargodha,0,-11.297301859664499,-17.24101059632156,0.08764423352962147,-0.46377026004159916,0,2021
Sargodha,0,-10.423608535902094,-16.270875008093267,-1.1939674699743463,0.1395763092182989,0,2021
Shangla,0,-10.286603235184302,-16.5474508548282,-1.6043309536856558,-1.7045648843349852,0,2021
Shangla,0,-12.899796703816731,-18.932007936560733,-1.7170285144954338,-0.6506330241728051,0,2021
Shangla,0,-6.4404267886169855,-13.840133321537369,9.749405856640863,4.739550995236627,0,2021
Shangla,0,-8.637696112189332,-12.907205884241204,-5.559423228518783,-4.047198161450275,0,2021
Shangla,0,-8.93372421942611,-15.004622268375883,2.070960839088701,1.0730682448779003,0,2021
Shangla,0,-10.738390058129635,-17.97245207326945,-1.8862088183827552,-1.5432245307095442,0,2021
Shangla,0,-8.417062589266305,-15.460884149297211,-1.0375660350244669,-1.5119642005145302,0,2021
Shangla,0,-10.48388476533059,-14.680524344860096,-0.4524905804644561,-1.4237711350906466,0,2021
Shangla,0,-8.542438794419716,-16.649621111796705,5.209039460313493,5.462712421833487,0,2021
Shangla,0,-9.266643186473184,-15.38335819397587,-4.132068853077646,-4.030115315658303,0,2021
Shangla,0,-8.942017823741098,-13.165907799289613,-0.23797249954948896,-0.28677183574714427,0,2021
Shangla,0,-13.038910148009117,-16.39473051115674,1.1958247376671007,-1.9511588792207775,0,2021
Shangla,0,-8.438507176381176,-15.677657997451112,1.9779515470786313,0.20262237858695542,0,2021
Shangla,0,-9.173536509744947,-15.556396177139066,2.007904939653714,1.1014019078867037,0,2021
Shangla,0,-7.241893198075953,-13.046682633089766,0.048626746709014235,-2.1936694872451916,0,2021
Sheikhpura,0,-10.769108307867493,-18.31687625825042,-0.5405967809343952,2.3174661348768772,0,2021
Sheikhpura,0,-10.690563250456197,-14.599692734603611,-0.25946858290605057,-2.8923247184501797,0,2021
Sheikhpura,0,-7.781279940017364,-16.23438042960018,-4.125528795722562,-0.6056308005560531,0,2021
Sheikhpura,0,-12.120222318364549,-14.903358643520725,0.1426529029746444,-2.86199883995814,0,2021
Sheikhpura,0,-10.365785987319915,-16.649047680196045,-2.943138135591516,-1.9174573531977082,0,2021
Sheikhpura,0,-12.061137074419317,-17.352115802252666,-0.3872473591181489,0.08534309391275485,3,2021
Sheikhpura,0,-11.726081120584617,-16.842421746212963,-0.34453734501473754,-0.006118090776013219,0,2021
Sheikhpura,0,-11.137205160639994,-17.794180245545835,0.04380361958105894,-0.44558655112977164,0,2021
Sheikhpura,0,-10.762566433431504,-16.326850571729544,-1.960627046842447,-3.0713484812005625,0,2021
Sheikhpura,0,-10.469768306206387,-15.8040990276847,-2.0623250115993343,-1.9294213219840088,0,2021
Sheikhpura,0,-9.413686244620793,-16.905266758042945,-2.983923815380832,-1.4440046466838332,0,2021
Sheikhpura,0,-9.769453893109972,-16.342950566940537,-2.7333331186663017,-2.39119848598596,0,2021
Sheikhpura,0,-11.83378687594405,-19.087149997407135,-0.725312611123055,1.3381658928935352,0,2021
Sheikhpura,0,-9.310347239236421,-13.646419448718971,-2.2257503932957263,-4.783385151963772,0,2021
Sheikhpura,0,-11.686646064290706,-21.27653158045173,-1.6159972381832741,2.465970889363696,0,2021
Shigar,0,8.070822363569665,-2.547433973658362,2.3225731949318646,5.174317056422218,0,2021
Shigar,0,-18.871407210295857,-25.856651297268552,13.918186970984344,17.623442520867307,0,2021
Shigar,0,-13.146303185575025,-16.986629289905938,3.509489471511431,2.6303369782530197,0,2021
Shigar,0,-3.3997781701637084,-14.66215061590667,-2.0696859568617363,1.659270575478331,0,2021
Shigar,0,-16.42414761120699,-22.626928366931697,0.6121747359785559,-3.6537840802369708,0,2021
Shigar,0,-20.94013718788847,-22.90681706088865,3.1254267594851406,2.953408027644052,0,2021
Shigar,0,-13.482335558101415,-22.399005727405044,-1.619547628281932,3.167914892840738,0,2021
Shigar,0,-5.533968355360695,-15.107333895961062,1.3672946208153434,7.497008052880748,0,2021
Shigar,0,-0.9423045273075582,-6.485429924565457,2.676151501620647,2.7290249168878695,0,2021
Shigar,0,-20.395426393731633,-27.232457604701455,17.22101849243777,17.545819611832776,0,2021
Shigar,0,-1.0659464277526778,-14.249369189876296,-2.3935388152669956,3.5960475043770916,0,2021
Shigar,0,-5.012680414395248,-14.118604953818252,-2.1832115734588173,-0.8486819327525197,0,2021
Shigar,0,-16.713956981591615,-22.68077450624616,7.248262867065094,8.52282997353439,0,2021
Shigar,0,-19.33398679751388,-25.521165197388072,15.039110110414063,17.178305908867223,0,2021
Shigar,0,-11.946790855415726,-17.8758718580641,5.0087189817284745,4.399707943322259,0,2021
Shikarpur,0,-12.961984595719034,-25.810016885404643,-5.299260021311227,-0.5480625701327284,15,2021
Shikarpur,0,-6.888122462163112,-15.98313568036785,-1.8538198495549416,-0.6502606820661203,0,2021
Shikarpur,0,-8.601755604400305,-18.007941767748758,-3.9595513205048984,-0.1949298027291455,0,2021
Shikarpur,0,-9.476374254375177,-19.3350274754772,-2.8480146626003364,1.9307054300283397,0,2021
Shikarpur,0,-23.757452454495954,-26.769833506230185,0.7078557889076897,0.2891671602048831,26,2021
Shikarpur,0,-9.705568004223263,-20.19727789771373,-3.453536498432074,-0.9070828980979186,1,2021
Shikarpur,0,-9.20280480478107,-22.362088746148267,-2.6800480854067406,-0.8911578284660706,0,2021
Shikarpur,0,-16.263294429057687,-22.682516103530016,-0.9005136888724259,-1.0106650219762123,15,2021
Shikarpur,0,-14.20724215340597,-23.215502673170608,0.048601340979837815,4.095174917374877,1,2021
Shikarpur,0,-7.855390738001669,-15.407537146405165,-2.4051136621046227,-3.5611718587681587,0,2021
Shikarpur,0,-12.405378488989072,-22.389328057240583,1.7243437081619817,6.248327217999691,0,2021
Shikarpur,0,-11.823915252319567,-19.63207193775903,1.075059415445283,1.677016237523489,0,2021
Shikarpur,0,-10.716426630099141,-18.782683544261566,-3.5669285836841116,-1.6261983696713784,0,2021
Shikarpur,0,-10.614162650919809,-19.522797327509053,-1.6088252299183292,3.2848344299590195,0,2021
Shikarpur,0,-8.40131205607425,-17.44487370784838,-4.568730118393894,-1.4985858086710877,0,2021
Sialkot,0,-0.540597514510256,-14.947895372601304,-1.7569068617894763,0.20234524779206176,0,2021
Sialkot,0,-8.289895871675544,-14.885903277212511,-2.460128520146462,-1.6028118288550761,0,2021
Sialkot,0,-9.286169379324443,-17.615904847275306,-4.92132341877034,-3.7459881447666596,0,2021
Sialkot,0,-8.16833150549391,-14.781702486654577,-6.302563490925202,-4.543709591673814,0,2021
Sialkot,0,-8.866172075456195,-16.90647997718366,-4.909859229387138,-1.9619479835595222,0,2021
Sialkot,0,-11.06208406561767,-18.50465479902565,-2.6361343695304775,-1.8583003044610678,0,2021
Sialkot,0,-10.68139438066857,-18.563041135199555,-1.301240596481776,0.2725842030471952,0,2021
Sialkot,0,-11.467220846890724,-16.45364733506508,0.39040680992285104,-0.9930393468015453,0,2021
Sialkot,0,-8.174638051558322,-15.023543030360496,-2.1907952376668725,-0.980851411449251,0,2021
Sialkot,0,-8.980346914049177,-19.3123524759842,-1.505108945967729,2.2300209606626282,0,2021
Sialkot,0,-10.229374379739188,-15.367252041647337,-3.6679414067723233,-3.104008773154078,0,2021
Sialkot,0,-10.066459424929599,-16.46382842006866,0.29840114792271244,-1.783540240227179,0,2021
Sialkot,0,-13.741985613450948,-20.511463236111442,1.3164199000896009,1.9363160674807247,0,2021
Sialkot,0,-8.13174893364425,-15.476397648425715,-6.054035824160476,-2.7758490606630577,0,2021
Sialkot,0,-9.464202556042924,-17.97253211646663,-1.1034197193678157,1.8505916725625582,0,2021
Sibi,0,-10.919528251452352,-19.007587135206734,1.080741555630956,1.5614870673069206,0,2021
Sibi,0,-8.417718308310665,-16.52578985842339,1.4640383581093124,4.095778012550106,0,2021
Sibi,0,-8.698664931715347,-15.311412720350129,0.18963223061948398,-0.862196632993113,0,2021
Sibi,0,-8.100770715857035,-18.489872289276658,-3.5153558635601136,0.26468942093007186,0,2021
Sibi,0,-15.2004999550533,-23.83016184883239,-3.862857417929373,-1.8017703361370927,0,2021
Sibi,0,-14.63969741839504,-22.75740589302795,1.2169085444645926,-2.6947158857757074,0,2021
Sibi,0,-10.996798583829882,-16.44911156681803,2.547190162652699,3.0273796372870727,0,2021
Sibi,0,-14.2690767741867,-23.223798079071702,-0.42857624878893397,0.014493013106228858,0,2021
Sibi,0,-4.97447757130522,-14.584886315395524,-4.7315297390832125,-0.7935038464195809,0,2021
Sibi,0,-13.881591115011156,-22.561331654446942,0.5891587237614484,3.282195688417495,0,2021
Sibi,0,-7.072691722608393,-14.180066271371835,-3.340268245655576,-4.397438266378487,0,2021
Sibi,0,-6.610817928234916,-15.87281641875396,-1.9517186465939114,-0.0020455480694252515,0,2021
Sibi,0,-8.38470966913149,-14.236440029775606,3.649646573335831,2.523697251184485,0,2021
Sibi,0,-7.783134562627757,-12.590674308039196,0.03808322343885617,1.490235039797156,0,2021
Sibi,0,-9.59199862770458,-18.543154455875854,0.05192276130243911,-0.03176896989181088,0,2021
Skardu,0,-16.788387782167412,-22.113041840352036,1.3747735169951092,-3.9971387368646383,0,2021
Skardu,0,-3.0681687644712596,-11.850841745586125,0.8156523315034776,2.77742390505858,0,2021
Skardu,0,-13.925349887513722,-23.953514863981166,-1.2708314038988675,1.4278044344826775,0,2021
Skardu,0,-19.68997985387928,-29.696133460246802,1.1904435411454877,2.7448717802445124,0,2021
Skardu,0,-6.728851503776254,-14.925320988170853,-3.675440501505931,-4.137241414814234,0,2021
Skardu,0,-11.551672316360817,-17.119716890605677,-1.2904156782093192,4.1825897908810035,0,2021
Skardu,0,-9.923298077013214,-19.753174375209927,-0.21828130793578282,3.1209245908445773,0,2021
Skardu,0,-9.638418456606614,-17.532570592520386,0.30924350856627214,2.5445088748546603,0,2021
Skardu,0,-11.441870232703376,-20.84324408517263,-2.6100661550600464,-2.5174096912236976,0,2021
Skardu,0,2.663837783644067,-2.570674301778722,4.9400546244792345,0.447318250359487,0,2021
Skardu,0,-15.711544502232357,-21.551264266790938,0.02148720838993512,-3.950989388273719,0,2021
Skardu,0,-9.09246230879159,-18.33711805686519,-0.7597498245474359,1.258966084970453,0,2021
Skardu,0,2.383911071138611,-5.133573506069025,6.015368361936854,4.3100689522270805,0,2021
Skardu,0,-8.740748444893438,-18.17416671920188,-1.2149535866168613,3.4328050337279468,0,2021
Skardu,0,-8.392084127122024,-12.931567410916433,0.3329233137434855,-2.9712406733367285,0,2021
South Waziristan,0,-7.979301735621719,-18.556105662549868,-1.8691618244883044,1.9583565395887064,0,2021
South Waziristan,0,-8.908772302809098,-14.896954663409907,1.6688206881614551,0.6165693362446785,0,2021
South Waziristan,0,-9.818924690957891,-21.233643928342715,-2.179576331296948,1.5406129586902466,0,2021
South Waziristan,0,-6.644050896769205,-17.796167200658672,1.8287260024135072,-1.5263411459932215,0,2021
South Waziristan,0,-13.947059078897922,-18.577400661270858,-0.25437966682555313,-0.07293899003500215,0,2021
South Waziristan,0,-13.086560663546116,-18.097395011763414,-0.012585620422640886,-1.3403379080233009,0,2021
South Waziristan,0,-11.734487027250928,-18.936744710102353,0.9217245049320546,-0.1559927574799893,0,2021
South Waziristan,0,-7.721231946185501,-14.430603455686114,-2.0972161202295965,-1.5628809417436553,0,2021
South Waziristan,0,-10.031443983454931,-14.954563325879107,1.1781244407635096,-0.35567112023878344,0,2021
South Waziristan,0,-8.110751851441112,-14.576606937737655,0.6095933000170088,0.3742679167448202,0,2021
South Waziristan,0,-2.031447447971198,-8.066175367098822,2.2804913364470374,-1.409083537607355,0,2021
South Waziristan,0,-10.735360409582125,-18.718579886288868,0.6321148779000652,1.5077875842471755,0,2021
South Waziristan,0,-8.773284493733557,-18.148006349730462,-1.5365295652767994,-1.6930913696020582,0,2021
South Waziristan,0,-11.7813674852373,-21.29171241887051,-2.468775783130152,0.7906246750734951,0,2021
South Waziristan,0,-9.25703082617947,-16.698397797090152,1.0766934034052724,1.4759060555630672,0,2021
Sukkur,0,-20.06603412788757,-24.830118860225287,-0.26966482249388335,-0.4819963000695964,0,2021
Sukkur,0,-19.101976153341354,-24.62515097697873,1.6795647276123233,-1.0460283354734372,0,2021
Sukkur,0,-19.90759167915631,-23.346401058771345,1.2934763314494546,-2.7827021573762103,0,2021
Sukkur,0,-17.321122444631186,-24.20889078771709,-0.449510009951787,0.05897511550655565,0,2021
Sukkur,0,-17.816461223824888,-24.794283863531255,0.04224702199379493,1.2184871620312663,0,2021
Sukkur,0,-14.201673607076433,-20.661159239733998,0.5170658444328993,0.9256659038915167,0,2021
Sukkur,0,-18.07229109948821,-24.463624170892686,0.7928539693646357,0.36384489610613713,0,2021
Sukkur,0,-8.95043055727606,-16.81476074032122,-3.210928749579363,-2.4331020788168587,0,2021
Sukkur,0,-6.573981033111862,-15.308229728730776,-8.460599546827844,-5.629581776675831,0,2021
Sukkur,0,-13.800071573479713,-19.227435314592434,2.345075922046316,1.9820168461517866,0,2021
Sukkur,0,-19.730970733856488,-24.55333311668884,1.1808429613253892,0.669247706867985,0,2021
Sukkur,0,-18.013512741326636,-24.908796683073426,1.0274181517787682,0.2759265438364551,0,2021
Sukkur,0,-9.783901319348775,-16.0182777765947,-3.209536871207778,-5.162606033970299,0,2021
Sukkur,0,-8.028047121308077,-14.99391637392375,-4.154457185583041,-3.116318212735578,0,2021
Sukkur,0,-17.724904088250682,-27.84900237168307,-0.673913358650637,-0.5898393176285452,0,2021
Swabi,0,-10.717338654732481,-18.355672911651915,0.2113744051640829,0.17976693419116074,0,2021
Swabi,0,-16.199328871003026,-22.66743676750525,1.6718816029998305,5.724000754145287,0,2021
Swabi,0,-8.162061450073292,-14.726020935889203,-0.06811764482808691,-2.0111971787633998,0,2021
Swabi,0,-8.8889557741017,-16.12426626145766,-6.399190066393922,-5.214348003602371,0,2021
Swabi,0,-10.791279487873695,-19.37571180284378,-2.302489420052055,2.55150713032009,0,2021
Swabi,0,-8.699560495515527,-16.076643571793642,-0.588485708563864,-3.9639724610517817,0,2021
Swabi,0,-7.251883224792249,-18.10936897203821,-0.4029707396833171,0.13855334247649864,0,2021
Swabi,0,-9.003230856635842,-17.749947122749635,-2.1642469525467405,-1.6257783671187163,0,2021
Swabi,0,-11.004096272648253,-21.68315080689292,-2.06741943253226,1.648861186064174,0,2021
Swabi,0,-14.37367027305264,-22.622149823814063,0.13408014837155058,-0.5845629632937204,0,2021
Swabi,0,-9.209786363179521,-15.380559950280668,-0.598902904931002,-1.2725118523821468,0,2021
Swabi,0,-12.696975000697766,-23.888430070420927,0.9567411933131176,3.919197031159989,0,2021
Swabi,0,-8.112689967579492,-15.888371054172996,-1.8961246662168225,-2.9504044518328705,0,2021
Swabi,0,-8.515011826643075,-16.33399380291325,-1.9375047869340438,-1.345865889933286,0,2021
Swabi,0,-11.658019488832753,-17.604573036726716,3.7688462722148257,-0.8333713354531795,0,2021
Swat,0,-8.966234675960798,-15.990403670400191,-1.4758150468172069,0.03630023130229354,0,2021
Swat,0,-12.395624616253006,-14.906236354933053,6.361692660085806,1.6480069258988284,0,2021
Swat,0,-10.885971988372788,-18.26802013293117,-3.071246062434394,-4.362377056816129,0,2021
Swat,0,-8.183867150992889,-15.245557113148251,-2.4209058589150203,-2.709224804638005,0,2021
Swat,0,-9.313734230359774,-17.805937577335115,-3.0563058752528907,0.8352663662790434,0,2021
Swat,0,-13.527919892994078,-20.673947170371875,0.020443018866991736,1.1989289402093846,0,2021
Swat,0,-8.513211651318759,-13.04259199726625,2.9397118451514377,2.508650200355749,0,2021
Swat,0,-6.437105908608503,-14.342852319734654,-7.806693058306285,-3.4039187527120305,0,2021
Swat,0,-8.900416613194508,-16.28893426735246,-6.325204565438334,-2.2548151158595857,0,2021
Swat,0,-7.360094027149374,-12.865133939654935,-0.33479587520711895,-1.7260108466019286,0,2021
Swat,0,-8.90025859857705,-15.486479779562472,0.08725144140477958,-0.7664455534205423,0,2021
Swat,0,-15.363194125783151,-20.090750161226282,1.537229062338037,0.4672785036921532,0,2021
Swat,0,-10.415358737287693,-18.474085251066207,-2.044148838902032,1.1729468255741828,0,2021
Swat,0,-14.522680466086978,-21.274768387140732,0.6265976583893007,1.1359427230880819,0,2021
Swat,0,-11.735125145891695,-20.437981735695665,-1.327136575899324,3.8423168815359396,0,2021
Tando Allahyar,0,-15.38381831755952,-25.004610233042918,-0.5764383025922086,0.21302433533341514,0,2021
Tando Allahyar,0,-11.166831167818739,-21.443090829848394,-1.5433913823517376,1.4643250923150077,0,2021
Tando Allahyar,0,-10.088231298847145,-16.566074951110046,1.8724967469409801,0.21459051790867179,0,2021
Tando Allahyar,0,-10.913037585388548,-14.76909732677028,-0.12159674897903194,-4.410086757949271,0,2021
Tando Allahyar,0,-11.131013253073277,-16.04424205490499,-1.0193672515410643,-3.107405064957913,0,2021
Tando Allahyar,0,-8.600432199488544,-14.774673864821528,-2.839561441932119,-2.9432897951303527,0,2021
Tando Allahyar,0,-8.55111503695313,-16.874264154369964,-1.087303717379159,-0.9157682663636955,0,2021
Tando Allahyar,0,-5.830181812551205,-12.964119585142079,-0.11173871893474452,-0.3928630504801234,0,2021
Tando Allahyar,0,-8.668816107694912,-16.596004512990156,-1.1712059324596815,-0.5411926701582068,0,2021
Tando Allahyar,0,-12.075076613495593,-16.898429238491904,1.2201003572131413,0.2480624191145573,0,2021
Tando Allahyar,0,-8.352924356144637,-16.675254376585663,1.2445273243870218,-1.3007061516472511,0,2021
Tando Allahyar,0,-6.418055518399262,-16.274797360852737,-4.289943855840747,-0.07199089997854458,0,2021
Tando Allahyar,0,-7.270406564475849,-16.043106471222174,-4.608126050380047,-4.3186709349468195,0,2021
Tando Allahyar,0,-7.344319915358122,-14.928483982863089,-4.918834166210347,-4.45746095885411,0,2021
Tando Allahyar,0,-9.69552927082902,-15.525593253493113,-2.5262330532107438,-1.52416065156347,0,2021
Tando Muhammad Khan,0,-6.967009152533664,-18.03511990896497,-3.5599856384495423,-0.9052649014649212,0,2021
Tando Muhammad Khan,0,-8.69607255768817,-16.466188382525115,-3.361615792871378,-3.3796492877679434,0,2021
Tando Muhammad Khan,0,-12.370650246868035,-19.45308744023059,0.22178785002816426,-0.936331719811605,0,2021
Tando Muhammad Khan,0,-11.056518235253577,-20.30908729617236,2.346998117103384,2.391926784388861,0,2021
Tando Muhammad Khan,0,-10.931235643270195,-20.042491615751054,3.7483424876429687,5.269395682540356,0,2021
Tando Muhammad Khan,0,-7.811765133299489,-13.652967361783647,-2.2273402416500003,-1.2658653485760745,0,2021
Tando Muhammad Khan,0,-11.12518211449186,-17.466948473626005,-0.6626315800784859,-5.04621012034054,0,2021
Tando Muhammad Khan,0,-12.840870399076698,-23.056033793544785,1.6749037652566425,5.1555256699624294,0,2021
Tando Muhammad Khan,0,-11.21049176655563,-21.122925357231722,-1.420839189021132,0.18878962500500052,0,2021
Tando Muhammad Khan,0,-10.597704439333409,-18.19261342212625,-0.26952841878220823,-0.41836233609069495,0,2021
Tando Muhammad Khan,0,-12.827573531551852,-18.77665977144608,2.8889898582607447,1.530090146126259,0,2021
Tando Muhammad Khan,0,-10.583087662383708,-17.143804786576354,-0.33118617611468615,-1.034084944195456,0,2021
Tando Muhammad Khan,0,-12.238592176603673,-19.946208662237872,-0.12350102891464587,-1.4950590971920548,0,2021
Tando Muhammad Khan,0,-9.79240430144894,-14.424682058011799,0.7683143473636598,-0.8279430096692302,0,2021
Tando Muhammad Khan,0,-11.1632415554135,-19.26417582413326,-0.7336049870281336,-1.6741185897281738,0,2021
Tharparkar,0,-12.874266605624204,-18.779835860329015,-2.922005272267377,-3.286398078188263,0,2021
Tharparkar,0,-11.63682654545432,-18.40872188752285,-4.670959341016243,-3.2254982222042443,0,2021
Tharparkar,0,-11.859485221273488,-18.756091775950885,-3.4997969034603535,-1.5092851290626363,0,2021
Tharparkar,0,-11.716180427731322,-20.224964463781046,-4.387738356006571,-3.8082441549933996,0,2021
Tharparkar,0,-13.200318667611207,-20.671037816161085,-1.4149326518083178,-3.3995532330112717,0,2021
Tharparkar,0,-12.27753372222794,-17.954477847546553,-0.46667679533509165,-0.4716972222301479,0,2021
Tharparkar,0,-13.406337127257904,-18.22731552050481,-1.1914589614973128,-0.3746329089719289,0,2021
Tharparkar,0,-12.93906218224944,-18.180103086359928,-1.8283611155129087,-0.18502390562600723,0,2021
Tharparkar,0,-12.816867973069533,-18.11354517107027,-4.3226446424103795,-6.105076667114922,0,2021
Tharparkar,0,-10.506907051599246,-20.335857574379776,-6.498185540009384,-5.321832994791091,0,2021
Tharparkar,0,-18.846374408953462,-25.643308740827,3.4782435225676593,0.5035594031274222,0,2021
Tharparkar,0,-14.44033986072238,-19.76001209397688,-1.0072226159133564,-3.1796953791911413,0,2021
Tharparkar,0,-16.373249474059676,-22.09688028748313,0.11435993637319442,-1.0568533664972222,0,2021
Tharparkar,0,-14.24032324224039,-27.435059862024286,-8.230820487976981,-2.664899876316287,24,2021
Tharparkar,0,-10.877632255320417,-23.471631487097145,-4.081995268882697,-1.4388614167772573,0,2021
Thatta,0,-14.061866645922374,-23.662259814716524,0.908521390456281,-0.7167775348635281,0,2021
Thatta,0,-7.484938479431099,-19.023376097923222,-4.438574950516012,-0.8305847252680927,0,2021
Thatta,0,-12.404779211480099,-24.86153986842762,3.507979522306952,1.4390933954349947,25,2021
Thatta,0,-18.77480477347925,-30.14089272651616,1.7303587728593648,1.1317161440412598,4,2021
Thatta,0,-18.915915536162778,-29.8123948773755,2.194483984790871,1.8851335335797188,38,2021
Thatta,0,-15.456269065498578,-24.88541996656874,5.610491666773633,0.9779752172899734,2,2021
Thatta,0,-12.951649232393127,-21.492796109612957,0.9786663995723615,3.8655458954171777,0,2021
Thatta,0,-11.46308304140732,-20.590072600604987,4.402040125064737,0.28248327487457914,0,2021
Thatta,0,-7.520736427160635,-16.202207054049328,-1.0454123529831794,0.7627986128537216,0,2021
Thatta,0,-16.52454798793506,-25.12967253604199,6.188006614953334,6.38589718931085,0,2021
Thatta,0,-9.408627719512396,-19.329008357176804,-3.3881537298873283,-1.6751576195439597,0,2021
Thatta,0,-10.795332048209065,-18.10044026706117,-0.25118100469854276,0.05648257506963006,0,2021
Thatta,0,-10.56597720698903,-22.184700853409925,-0.48102201039654524,-1.7945649928680574,14,2021
Thatta,0,-8.049784577634801,-17.470514131658547,-1.3081798133206668,-2.1054768965441717,45,2021
Thatta,0,-12.757882141321499,-25.41839720324258,-0.6112861512850074,-2.089367534601994,49,2021
Toba Tek Singh,0,-9.38442014298558,-16.426474379466804,-2.391371696458844,2.067655822848481,0,2021
Toba Tek Singh,0,-10.186619295095552,-17.123330453252276,-1.7780563874068083,0.48425740082070945,0,2021
Toba Tek Singh,0,-10.432591987389797,-21.056328091488787,-2.818927633990141,3.7597460186371876,0,2021
Toba Tek Singh,0,-12.749191507274588,-17.34976992156072,0.6160704537188106,-0.4711563486884529,0,2021
Toba Tek Singh,0,-8.726009342336955,-17.600750980923834,-4.705521862624597,-2.352556814962483,0,2021
Toba Tek Singh,0,-12.502556419837749,-20.140188527121047,1.3918280011454982,3.5350889071083706,0,2021
Toba Tek Singh,0,-9.53383595736885,-14.61635964287476,-4.300663261560933,-3.271424652166269,0,2021
Toba Tek Singh,0,-10.950654849183907,-17.015082151515465,1.0084349346155044,0.8869296570702652,0,2021
Toba Tek Singh,0,-11.763132005696473,-17.57085341365617,-0.6870197547956316,-1.168662157318142,0,2021
Toba Tek Singh,0,-10.466290865914935,-20.760120924426072,-2.267945541275525,1.954806011689012,0,2021
Toba Tek Singh,0,-10.67038709645221,-16.084952437947006,-0.7047490630953046,-1.6041902669891108,0,2021
Toba Tek Singh,0,-12.457925361054407,-17.72596983792854,0.2405402083692323,1.29299158680816,0,2021
Toba Tek Singh,0,-9.80253013823474,-18.053631084924454,-0.8788600784757996,0.07991198995475912,0,2021
Toba Tek Singh,0,-19.371508711059235,-25.338874855640256,4.284106198779519,0.7280577670982424,6,2021
Toba Tek Singh,0,-15.920327681618065,-21.997426605974383,-0.42951516640100706,-2.2918815792178933,0,2021
Umerkot,0,-14.21405168317916,-20.741397754836917,0.2563664119489051,0.3476297256341212,0,2021
Umerkot,0,-13.019412517626929,-20.621772390667417,-2.8972321718763396,-2.9262065883073944,0,2021
Umerkot,0,-15.280043016380741,-26.73133961182625,2.2353925319349557,4.121502211621202,2,2021
Umerkot,0,-11.619644003004456,-22.18939046396608,-0.40460567802383274,-0.19721689240470752,1,2021
Umerkot,0,-15.018343669552861,-22.188804923507057,-3.0982378030751345,-3.1692805943262385,0,2021
Umerkot,0,-13.431784613503574,-22.394076111507367,-3.2057064227821357,-5.213712320120706,1,2021
Umerkot,0,-8.119217872522734,-14.639260216327024,-2.8350572302675676,-0.9246239345364771,0,2021
Umerkot,0,-14.814508658511276,-20.16990889405377,-1.327975812664306,-3.2248973688414395,0,2021
Umerkot,0,-14.511073618816667,-19.22563420365819,-1.0507642264769288,-3.5324418100986357,0,2021
Umerkot,0,-13.03246224612346,-20.000885563600875,-2.3355723951141822,0.6625088431140753,0,2021
Umerkot,0,-14.916439724086445,-21.078553246080425,-2.302752302993426,-1.8980212716471314,0,2021
Umerkot,0,-12.65474466643843,-18.37351126153328,-2.7636592971005385,-2.234830409922864,0,2021
Umerkot,0,-12.378242484443344,-19.23261109304078,-1.3295051614162432,1.0856024711279098,0,2021
Umerkot,0,-14.994380577602284,-20.125037698868166,-1.507602393511105,-2.678960363098568,0,2021
Umerkot,0,-6.522337229334006,-13.880861049754497,-5.580066137939882,-6.078082013167148,0,2021
Upper Dir,0,-5.436024330840752,-14.08027350479326,-1.047703956342513,3.8656494452392245,0,2021
Upper Dir,0,-7.681692910285607,-15.192849790363791,-2.351165689006267,-1.0095463186172005,0,2021
Upper Dir,0,-9.628624081344235,-15.38950726780335,-0.0048457526690519614,-1.6184539467533092,0,2021
Upper Dir,0,-7.473587600484981,-13.260664486927915,4.192443500528093,-0.23511599315917664,0,2021
Upper Dir,0,-8.259130574605443,-16.88534190724282,0.7874440632868716,0.09885866358986917,0,2021
Upper Dir,0,-14.895569249191443,-23.485534940694002,1.3341512955561008,-0.10637454513790345,0,2021
Upper Dir,0,-6.805802287853673,-14.351572520349489,-1.5041886386119323,-1.2570440097951874,0,2021
Upper Dir,0,-13.185623845160034,-19.455808876964053,-0.3070315452023049,1.025850669549154,0,2021
Upper Dir,0,-7.657947082349953,-14.307268002033531,0.6642888960522031,0.3315956894353107,0,2021
Upper Dir,0,-10.631853273435318,-16.351267068007104,1.781884888753753,-3.398441769349681,0,2021
Upper Dir,0,-10.3959692542778,-18.0844795551503,-1.9398425717640997,-2.83735653643922,0,2021
Upper Dir,0,-7.641032416769405,-18.634753688264222,-0.27866440062767683,0.8647922538898882,0,2021
Upper Dir,0,-9.046123865260993,-18.91586595749616,-0.9620883196364947,4.738142565295782,0,2021
Upper Dir,0,-8.4331165045845,-13.051905060575468,-1.1979902618042821,-2.792348582087749,0,2021
Upper Dir,0,-12.63175793761568,-19.972380870039053,-1.9192442981405922,-2.4392176324507204,0,2021
Vihari,0,-7.3480685114980036,-16.719498089628964,-1.1015524409508162,-0.8459871655039031,0,2021
Vihari,0,-9.50010490780617,-19.02584010554383,-2.892317349469918,-0.47114817473077863,0,2021
Vihari,0,-9.534544309117585,-17.269323613846336,-0.11288045144697456,0.730952216099471,0,2021
Vihari,0,-11.024027077581069,-16.49622550485212,-0.676311828706087,-0.6981714072405651,0,2021
Vihari,0,-4.908224641974855,-17.21004480659986,-0.016793956637846108,0.7452591505208908,0,2021
Vihari,0,-10.223776056532044,-18.041950250395715,-3.5066391895121765,-0.2109388576776503,0,2021
Vihari,0,-5.866249276734116,-16.86858710954856,-7.736592426469294,-1.1260072637226521,0,2021
Vihari,0,-13.887184555206913,-17.629570499523822,0.8010302370548192,0.021002935589748972,0,2021
Vihari,0,-7.977992569754633,-21.903296359937894,-0.49917488727699677,2.926930015744901,0,2021
Vihari,0,-8.740930530751777,-16.546455784651858,-0.9247368276293706,1.8905277731452728,0,2021
Vihari,0,-7.192098061124326,-15.549339842520533,-4.769824009225247,-1.732972652199761,0,2021
Vihari,0,-7.0955374732041285,-15.106395026520545,-6.945741393721846,-1.9034152506648319,0,2021
Vihari,0,-7.971976782802707,-15.255711347834604,1.0042458964869443,0.474387855925837,0,2021
Vihari,0,-9.506507049268219,-19.662862739035628,-2.2345460989953807,3.8339104222706215,0,2021
Vihari,0,-5.007197269382368,-19.2024757859118,-8.00791392876619,0.13389287443861164,0,2021
Zhob,0,-8.083332588214688,-19.434745492234285,-3.7190871321263383,2.9612044779904423,0,2021
Zhob,0,-13.761418168473984,-21.243876202470666,0.486676001805483,-0.8239478267913398,0,2021
Zhob,0,-9.761109902700433,-16.95991336517679,0.46228044594394824,0.5437216871339245,0,2021
Zhob,0,-10.08506672649669,-19.517703803814577,0.05813550575580173,1.3111361758895796,0,2021
Zhob,0,-16.824674892341132,-28.12581689760814,-1.2295483428838985,1.2910798062951905,0,2021
Zhob,0,-13.226797786781837,-18.958869464380125,1.9009376351327134,0.5763418966249674,0,2021
Zhob,0,-9.982962894973607,-20.397420901881684,-0.5931870693429531,-0.06583529116254283,0,2021
Zhob,0,-3.779161679987817,-12.782279616037094,-7.035272191499253,-9.929571623546732,0,2021
Zhob,0,-4.379239112177283,-9.736216858386067,-0.7360883045985043,-3.9571112658973355,0,2021
Zhob,0,-14.316459879000757,-23.322848047369547,-0.4550436685863346,-1.2763930158696688,0,2021
Zhob,0,-10.575918307340624,-18.122432570171082,1.8996724902740993,2.3646527844452656,0,2021
Zhob,0,-14.440064031640027,-22.739323819133503,0.3556791959088521,-1.3986904832417508,0,2021
Zhob,0,-2.855139645127647,-15.942778174450382,1.1514470943456139,1.1154044662124143,0,2021
Zhob,0,-18.30519441242223,-26.986229914109664,0.9665923822025704,0.0328399608300316,0,2021
Zhob,0,-11.56152743811559,-19.022596674194013,1.170088643919481,0.11219534259276287,0,2021
Ziarat,0,-7.1230938766034155,-15.238267839985554,-1.8361857185517172,0.4164825940197332,0,2021
Ziarat,0,-7.088181814753709,-14.17372121622096,-2.155943614016083,-0.6829685658330007,0,2021
Ziarat,0,-9.03063395978987,-15.693402802107858,-1.567651629582647,0.8165600432343059,0,2021
Ziarat,0,-9.92039335091069,-16.342232356730875,-1.3265659861886476,-0.7016643498289667,0,2021
Ziarat,0,-9.20882052278354,-13.409954907689677,-2.082645159588724,-2.8305788220596355,0,2021
Ziarat,0,-10.756628269096764,-17.702063594408166,1.1256710124137541,-0.08323049710294939,0,2021
Ziarat,0,-6.993816503587176,-11.332933173954643,0.4523755701240191,-1.9873182547589803,0,2021
Ziarat,0,-2.6312265168285123,-10.665919937473753,-8.261484127589906,-3.0869551196430454,0,2021
Ziarat,0,-9.818808617560538,-15.72515783418326,2.5479418165142746,-2.0564680193161493,0,2021
Ziarat,0,-5.642283281259316,-13.744438339968337,-1.3893780035385843,0.652421920822734,0,2021
Ziarat,0,-7.415910250748956,-14.613211995187086,-1.8896146271703067,-1.6392596999608173,0,2021
Ziarat,0,-10.343789165710678,-18.183993665077892,-1.801395612824125,-1.0619779906494706,0,2021
Ziarat,0,-7.603363641685674,-17.514458827325864,-0.5818713351728872,2.2255349452301374,0,2021
Ziarat,0,0.7654872122625626,-4.386662597239913,2.0468501194237048,0.9078583414976191,0,2021
Ziarat,0,-0.17826245378841032,-5.030945446136618,-0.7832938774415894,-2.5984310264059864,0,2021
